S34508002000a039002031210008f1190108e11f0108eb1f0108f51f0108ff1f010800000000000000000000000000000000b11a0108f319010800000000b11a0108e31901080a
S34508002040d9190108d9190108d9190108d9190108d9190108d9190108d9190108d9190108d9190108d9190108d9190108d9190108d9190108d9190108d9190108d9190108a2
S34508002080d9190108d9190108d919010853d30008dbd20008d9190108d9190108d9190108d9190108d9190108d9190108d9190108d9190108d9190108d9190108d919010875
S345080020c0d9190108d9190108d9190108d9190108d9190108d9190108d9190108d9190108d9190108d9190108d9190108d9190108d9190108d9190108d9190108d919010822
S34508002100d9190108d9190108d9190108d9190108d9190108d9190108d9190108d9190108d9190108d9190108d9190108d91901080249d1f800d010f031bd000000200008d3
S34508002140ffffffffffffffffffffffffffffffffcc325aa500200008ae2e01087feddd993030303030313939004465744374726c3200322e30312e30302e323430310000ba
S345080022000000c8420000c8420000c8420000c8420000c8420000c8420000c8420000c8420000c8420000c8420000c8420000c8420000c8420000c8420000c8420000c842f0
S345080022400000c8420000c8420000c8420000c8420000c8420000c8420000c8420000c8420000c8420000c8420000c8420000c8420000c8420000c8420000c8420000c842b0
S345080022800000c8420000c8420000c8420000c8420000c8420000c8420000c8420000c8420000c8420000c8420000c8420000c8420000c8420000c8420000c8420000c84270
S345080022c00000c8420000c8420000c8420000c8420000c8420000c8420000c8420000c8420000c8420000c8420000c8420000c8420000c8420000c8420000c8420000c84230
S345080023000000c8420000c8420000c8420000c8420000c8420000c8420000c8420000c8420000c8420000c8420000c8420000c8420000c8420000c8420000c8420000c842ef
S345080023400000c8420000c8420000c8420000c8420000c8420000c8420000c8420000c8420000c8420000c8420000c8420000c8420000c8420000c8420000c8420000c842af
S345080023800000c8420000c8420000c8420000c8420000c8420000c8420000c8420000c8420000c8420000c8420000c8420000c8420000c8420000c8420000c8420000c8426f
S345080023c00000c8420000c8420000c8420000c8420000c8420000c8420000c8420000c8420000c8420000c8420000c8420000c8420000c8420000c8420000c8420000c8422f
S345080024000000c8420000c8420000c8420000c8420000c8420000c8420000c8420000c8420000c8420000c8420000c8420000c8420000c8420000c8420000c8420000c842ee
S345080024400000c8420000c8420000c8420000c8420000c8420000c8420000c8420000c8420000c8420000c8420000c8420000c8420000c8420000c8420000c8420000c842ae
S345080024800000c8420000c8420000c8420000c8420000c8420000c8420000c8420000c8420000c8420000c8420000c8420000c8420000c8420000c8420000c8420000c8426e
S345080024c00000c8420000c8420000c8420000c8420000c8420000c8420000c8420000c8420000c8420000c8420000c8420000c8420000c8420000c8420000c8420000c8422e
S345080025000000c8420000c8420000c8420000c8420000c8420000c8420000c8420000c8420000c8420000c8420000c8420000c8420000c8420000c8420000c8420000c842ed
S345080025400000c8420000c8420000c8420000c8420000c8420000c8420000c8420000c8420000c8420000c8420000c8420000c8420000c8420000c8420000c8420000c842ad
S345080025800000c8420000c8420000c8420000c8420000c8420000c8420000c8420000c8420000c8420000c8420000c8420000c8420000c8420000c8420000c8420000c8426d
S345080025c00000c8420000c8420000c8420000c8420000c8420000c8420000c8420000c8420000c8420000c8420000c8420000c8420000c8420000c8420000c8420000c8422d
S345080026000000c8420000c8420000c8420000c8420000c8420000c8420000c8420000c8420000c8420000c8420000c8420000c8420000c8420000c8420000c8420000c842ec
S345080026400000c8420000c8420000c8420000c8420000c8420000c8420000c8420000c8420000c8420000c8420000c8420000c8420000c8420000c8420000c8420000c842ac
S345080026800000c8420000c8420000c8420000c8420000c8420000c8420000c8420000c8420000c8420000c8420000c8420000c8420000c8420000c8420000c8420000c8426c
S345080026c00000c8420000c8420000c8420000c8420000c8420000c8420000c8420000c8420000c8420000c8420000c8420000c8420000c8420000c8420000c8420000c8422c
S345080027000000c8420000c8420000c8420000c8420000c8420000c8420000c8420000c8420000c8420000c8420000c8420000c8420000c8420000c8420000c8420000c842eb
S345080027400000c8420000c8420000c8420000c8420000c8420000c8420000c8420000c8420000c8420000c8420000c8420000c8420000c8420000c8420000c8420000c842ab
S345080027800000c8420000c8420000c8420000c8420000c8420000c8420000c8420000c8420000c8420000c8420000c8420000c8420000c8420000c8420000c8420000c8426b
S345080027c00000c8420000c8420000c8420000c8420000c8420000c8420000c8420000c8420000c8420000c8420000c8420000c8420000c8420000c8420000c8420000c8422b
S345080028000000c8420000c8420000c8420000c8420000c8420000c8420000c8420000c8420000c8420000c8420000c8420000c8420000c8420000c8420000c8420000c842ea
S345080028400000c8420000c8420000c8420000c8420000c8420000c8420000c8420000c8420000c8420000c8420000c8420000c8420000c8420000c8420000c8420000c842aa
S345080028800000c8420000c8420000c8420000c8420000c8420000c8420000c8420000c8420000c8420000c8420000c8420000c8420000c8420000c8420000c8420000c8426a
S345080028c00000c8420000c8420000c8420000c8420000c8420000c8420000c8420000c8420000c8420000c8420000c8420000c8420000c8420000c8420000c8420000c8422a
S345080029000000c8420000c8420000c8420000c8420000c8420000c8420000c8420000c8420000c8420000c8420000c8420000c8420000c8420000c8420000c8420000c842e9
S345080029400000c8420000c8420000c8420000c8420000c8420000c8420000c8420000c8420000c8420000c8420000c8420000c8420000c8420000c8420000c8420000c842a9
S345080029800000c8420000c8420000c8420000c8420000c8420000c8420000c8420000c8420000c8420000c8420000c8420000c8420000c8420000c8420000c8420000c84269
S345080029c00000c8420000c8420000c8420000c8420000c8420000c8420000c8420000c8420000c8420000c8420000c8420000c8420000c8420000c8420000c8420000c84229
S34508002a000000c8420000c8420000c8420000c8420000c8420000c8420000c8420000c8420000c8420000c8420000c8420000c8420000c8420000c8420000c8420000c842e8
S34508002a400000c8420000c8420000c8420000c8420000c8420000c8420000c8420000c8420000c8420000c8420000c8420000c8420000c8420000c8420000c8420000c842a8
S34508002a800000c8420000c8420000c8420000c8420000c8420000c8420000c8420000c8420000c8420000c8420000c8420000c8420000c8420000c8420000c8420000c84268
S34508002ac00000c8420000c8420000c8420000c8420000c8420000c8420000c8420000c8420000c8420000c8420000c8420000c8420000c8420000c8420000c8420000c84228
S34508002b000000c8420000c8420000c8420000c8420000c8420000c8420000c8420000c8420000c8420000c8420000c8420000c8420000c8420000c8420000c8420000c842e7
S34508002b400000c8420000c8420000c8420000c8420000c8420000c8420000c8420000c8420000c8420000c8420000c8420000c8420000c8420000c8420000c8420000c842a7
S34508002b800000c8420000c8420000c8420000c8420000c8420000c8420000c8420000c8420000c8420000c8420000c8420000c8420000c8420000c8420000c8420000c84267
S34508002bc00000c8420000c8420000c8420000c8420000c8420000c8420000c8420000c8420000c8420000c8420000c8420000c8420000c8420000c8420000c8420000c84227
S34508002c000000c8420000c8420000c8420000c8420000c8420000c8420000c8420000c8420000c8420000c8420000c8420000c8420000c8420000c8420000c8420000c842e6
S34508002c400000c8420000c8420000c8420000c8420000c8420000c8420000c8420000c8420000c8420000c8420000c8420000c8420000c8420000c8420000c8420000c842a6
S34508002c800000c8420000c8420000c8420000c8420000c8420000c8420000c8420000c8420000c8420000c8420000c8420000c8420000c8420000c8420000c8420000c84266
S34508002cc00000c8420000c8420000c8420000c8420000c8420000c8420000c8420000c8420000c8420000c8420000c8420000c8420000c8420000c8420000c8420000c84226
S34508002d000000c8420000c8420000c8420000c8420000c8420000c8420000c8420000c8420000c8420000c8420000c8420000c8420000c8420000c8420000c8420000c842e5
S34508002d400000c8420000c8420000c8420000c8420000c8420000c8420000c8420000c8420000c8420000c8420000c8420000c8420000c8420000c8420000c8420000c842a5
S34508002d800000c8420000c8420000c8420000c8420000c8420000c8420000c8420000c8420000c8420000c8420000c8420000c8420000c8420000c8420000c8420000c84265
S34508002dc00000c8420000c8420000c8420000c8420000c8420000c8420000c8420000c8420000c8420000c8420000c8420000c8420000c8420000c8420000c8420000c84225
S34508002e000000c8420000c8420000c8420000c8420000c8420000c8420000c8420000c8420000c8420000c8420000c8420000c8420000c8420000c8420000c8420000c842e4
S34508002e400000c8420000c8420000c8420000c8420000c8420000c8420000c8420000c8420000c8420000c8420000c8420000c8420000c8420000c8420000c8420000c842a4
S34508002e800000c8420000c8420000c8420000c8420000c8420000c8420000c8420000c8420000c8420000c8420000c8420000c8420000c8420000c8420000c8420000c84264
S34508002ec00000c8420000c8420000c8420000c8420000c8420000c8420000c8420000c8420000c8420000c8420000c8420000c8420000c8420000c8420000c8420000c84224
S34508002f000000c8420000c8420000c8420000c8420000c8420000c8420000c8420000c8420000c8420000c8420000c8420000c8420000c8420000c8420000c8420000c842e3
S34508002f400000c8420000c8420000c8420000c8420000c8420000c8420000c8420000c8420000c8420000c8420000c8420000c8420000c8420000c8420000c8420000c842a3
S34508002f800000c8420000c8420000c8420000c8420000c8420000c8420000c8420000c8420000c8420000c8420000c8420000c8420000c8420000c8420000c8420000c84263
S34508002fc00000c8420000c8420000c8420000c8420000c8420000c8420000c8420000c8420000c8420000c8420000c8420000c8420000c8420000c8420000c8420000c84223
S345080030000000c8420000c8420000c8420000c8420000c8420000c8420000c8420000c8420000c8420000c8420000c8420000c8420000c8420000c8420000c8420000c842e2
S345080030400000c8420000c8420000c8420000c8420000c8420000c8420000c8420000c8420000c8420000c8420000c8420000c8420000c8420000c8420000c8420000c842a2
S345080030800000c8420000c8420000c8420000c8420000c8420000c8420000c8420000c8420000c8420000c8420000c8420000c8420000c8420000c8420000c8420000c84262
S345080030c00000c8420000c8420000c8420000c8420000c8420000c8420000c8420000c8420000c8420000c8420000c8420000c8420000c8420000c8420000c8420000c84222
S345080031000000c8420000c8420000c8420000c8420000c8420000c8420000c8420000c8420000c8420000c8420000c8420000c8420000c8420000c8420000c8420000c842e1
S345080031400000c8420000c8420000c8420000c8420000c8420000c8420000c8420000c8420000c8420000c8420000c8420000c8420000c8420000c8420000c8420000c842a1
S345080031800000c8420000c8420000c8420000c8420000c8420000c8420000c8420000c8420000c8420000c8420000c8420000c8420000c8420000c8420000c8420000c84261
S345080031c00000c8420000c8420000c8420000c8420000c8420000c8420000c8420000c8420000c8420000c8420000c8420000c8420000c8420000c8420000c8420000c84221
S345080032000000c8420000c8420000c8420000c8420000c8420000c8420000c8420000c8420000c8420000c8420000c8420000c8420000c8420000c8420000c8420000c842e0
S345080032400000c8420000c8420000c8420000c8420000c8420000c8420000c8420000c8420000c8420000c8420000c8420000c8420000c8420000c8420000c8420000c842a0
S345080032800000c8420000c8420000c8420000c8420000c8420000c8420000c8420000c8420000c8420000c8420000c8420000c8420000c8420000c8420000c8420000c84260
S345080032c00000c8420000c8420000c8420000c8420000c8420000c8420000c8420000c8420000c8420000c8420000c8420000c8420000c8420000c8420000c8420000c84220
S345080033000000c8420000c8420000c8420000c8420000c8420000c8420000c8420000c8420000c8420000c8420000c8420000c8420000c8420000c8420000c8420000c842df
S345080033400000c8420000c8420000c8420000c8420000c8420000c8420000c8420000c8420000c8420000c8420000c8420000c8420000c8420000c8420000c8420000c8429f
S345080033800000c8420000c8420000c8420000c8420000c8420000c8420000c8420000c8420000c8420000c8420000c8420000c8420000c8420000c8420000c8420000c8425f
S345080033c00000c8420000c8420000c8420000c8420000c8420000c8420000c8420000c8420000c8420000c8420000c8420000c8420000c8420000c8420000c8420000c8421f
S345080034000000c8420000c8420000c8420000c8420000c8420000c8420000c8420000c8420000c8420000c8420000c8420000c8420000c8420000c8420000c8420000c842de
S345080034400000c8420000c8420000c8420000c8420000c8420000c8420000c8420000c8420000c8420000c8420000c8420000c8420000c8420000c8420000c8420000c8429e
S345080034800000c8420000c8420000c8420000c8420000c8420000c8420000c8420000c8420000c8420000c8420000c8420000c8420000c8420000c8420000c8420000c8425e
S345080034c00000c8420000c8420000c8420000c8420000c8420000c8420000c8420000c8420000c8420000c8420000c8420000c8420000c8420000c8420000c8420000c8421e
S345080035000000c8420000c8420000c8420000c8420000c8420000c8420000c8420000c8420000c8420000c8420000c8420000c8420000c8420000c8420000c8420000c842dd
S345080035400000c8420000c8420000c8420000c8420000c8420000c8420000c8420000c8420000c8420000c8420000c8420000c8420000c8420000c8420000c8420000c8429d
S345080035800000c8420000c8420000c8420000c8420000c8420000c8420000c8420000c8420000c8420000c8420000c8420000c8420000c8420000c8420000c8420000c8425d
S345080035c00000c8420000c8420000c8420000c8420000c8420000c8420000c8420000c8420000c8420000c8420000c8420000c8420000c8420000c8420000c8420000c8421d
S345080036000000c8420000c8420000c8420000c8420000c8420000c8420000c8420000c8420000c8420000c8420000c8420000c8420000c8420000c8420000c8420000c842dc
S345080036400000c8420000c8420000c8420000c8420000c8420000c8420000c8420000c8420000c8420000c8420000c8420000c8420000c8420000c8420000c8420000c8429c
S345080036800000c8420000c8420000c8420000c8420000c8420000c8420000c8420000c8420000c8420000c8420000c8420000c8420000c8420000c8420000c8420000c8425c
S345080036c00000c8420000c8420000c8420000c8420000c8420000c8420000c8420000c8420000c8420000c8420000c8420000c8420000c8420000c8420000c8420000c8421c
S345080037000000c8420000c8420000c8420000c8420000c8420000c8420000c8420000c8426afac742c1e8c7421ad7c74275c5c742d3b3c74234a2c7429790c742fd7ec742ad
S34508003740656dc742cf5bc7423c4ac742ac38c7421e27c7429315c7420a04c74283f2c642ffe0c6427dcfc642febdc64282acc642079bc6429089c6421a78c642a766c64270
S345080037803755c642c843c6425d32c642f320c6428d0fc64228fec542c6ecc54266dbc54209cac542aeb8c54255a7c542ff95c542ab84c5425a73c5420b62c542be50c54258
S345080037c0743fc5422c2ec542e61cc542a30bc54262fac44223e9c442e7d7c442adc6c44275b5c4423fa4c4420c93c442db81c442ad70c442815fc442574ec4422f3dc442eb
S345080038000a2cc442e71ac442c609c442a7f8c3428be7c34271d6c34259c5c34244b4c34230a3c3421f92c3421081c3420470c342f95ec342f14dc342eb3cc342e82bc3425b
S34508003840e61ac342e709c342eaf8c242efe7c242f6d6c24200c6c2420bb5c24219a4c2422993c2423c82c2425071c2426760c2427f4fc2429a3ec242b72dc242d61cc242c3
S34508003880f80bc2421bfbc14241eac14269d9c14292c8c142beb7c142eda6c1421d96c1424f85c1428474c142ba63c142f352c1422e42c1426a31c142a920c142ea0fc14233
S345080038c02effc04273eec042baddc04203cdc0424fbcc0429cabc042ec9ac0423d8ac0429179c042e768c0423e58c0429847c042f436c0425226c042b115c0421305c042b8
S3450800390077f4bf42dde3bf4245d3bf42afc2bf421bb2bf4289a1bf42f990bf426a80bf42de6fbf42545fbf42cc4ebf42463ebf42c22dbf423f1dbf42bf0cbf4241fcbe425b
S34508003940c5ebbe424adbbe42d2cabe425bbabe42e7a9be427499be420389be429578be422868be42bd57be425447be42ed36be428826be422516be42c305be4264f5bd4212
S3450800398006e5bd42abd4bd4251c4bd42f9b3bd42a3a3bd424f93bd42fd82bd42ad72bd425e62bd421252bd42c741bd427e31bd423721bd42f210bd42af00bd426df0bc42d8
S345080039c02ee0bc42f0cfbc42b4bfbc427aafbc42429fbc420b8fbc42d77ebc42a46ebc42735ebc42444ebc42163ebc42eb2dbc42c11dbc42990dbc4273fdbb424fedbb4291
S34508003a002cddbb420bcdbb42ecbcbb42cfacbb42b49cbb429a8cbb42827cbb426c6cbb42575cbb42454cbb42343cbb42252cbb42171cbb420c0cbb4202fcba42faebba4227
S34508003a40f3dbba42eecbba42ebbbba42eaabba42eb9bba42ed8bba42f17bba42f66bba42fe5bba42074cba42113cba421e2cba422c1cba423c0cba424dfcb94260ecb94285
S34508003a8075dcb9428cccb942a4bcb942beacb942da9cb942f78cb942167db942366db942585db9427c4db942a23db942c92db942f21db9421c0eb94248feb84276eeb84272
S34508003ac0a5deb842d6ceb84209bfb8423dafb842739fb842aa8fb842e37fb8421e70b8425a60b8429850b842d840b8421931b8425c21b842a011b842e601b8422df2b742cb
S34508003b0076e2b742c1d2b7420dc3b7425bb3b742aaa3b742fb93b7424d84b742a174b742f764b7424e55b742a745b7420136b7425d26b742ba16b7421907b74279f7b6425a
S34508003b40dbe7b6423ed8b642a3c8b6420ab9b64272a9b642db99b642468ab642b37ab642216bb642915bb642024cb642743cb642e82cb6425e1db642d50db6424efeb542f3
S34508003b80c8eeb54243dfb542c0cfb5423fc0b542bfb0b54240a1b542c391b5424782b542cd72b5425563b542dd53b5426744b542f334b5428025b5420f16b5429f06b5424c
S34508003bc030f7b442c3e7b44257d8b442edc8b44284b9b4421daab442b79ab442528bb442ef7bb4428e6cb4422d5db442ce4db442713eb442152fb442ba1fb4426110b4422a
S34508003c000901b442b2f1b3425de2b3420ad3b342b7c3b34266b4b34217a5b342c995b3427c86b3423077b342e667b3429d58b3425649b342103ab342cc2ab342881bb34241
S34508003c40460cb34206fdb242c7edb24289deb2424ccfb24211c0b242d7b0b2429ea1b2426792b2423183b242fd73b242ca64b2429855b2426746b2423837b2420a28b2424d
S34508003c80dd18b242b209b24288fab1425febb14238dcb14212cdb142edbdb142c9aeb142a79fb1428690b1426681b1424872b1422b63b1420f54b142f444b142db35b142fe
S34508003cc0c326b142ac17b1429708b14282f9b0426feab0425edbb0424dccb0423ebdb04230aeb042239fb0421890b0420d81b0420472b042fd62b042f653b042f144b042fe
S34508003d00ed35b042ea26b042e817b042e808b042e8f9af42eaeaaf42eedbaf42f2ccaf42f8bdaf42ffaeaf4207a0af421091af421a82af422673af423364af424155af42f8
S34508003d405046af426037af427228af428519af42990aaf42aefbae42c4ecae42dbddae42f4ceae420ec0ae4229b1ae4245a2ae426293ae428184ae42a075ae42c166ae4290
S34508003d80e357ae420649ae422a3aae424f2bae42761cae429d0dae42c6fead42f0efad421be1ad4247d2ad4274c3ad42a3b4ad42d2a5ad420397ad423488ad426779ad4269
S34508003dc09b6aad42d05bad42064dad423e3ead42762fad42af20ad42ea11ad422603ad4262f4ac42a0e5ac42dfd6ac421fc8ac4260b9ac42a2aaac42e59bac422a8dac4223
S34508003e006f7eac42b66fac42fd60ac424652ac428f43ac42da34ac422626ac427317ac42c108ac4210faab4260ebab42b1dcab4203ceab4256bfab42aab0ab42ffa1ab4253
S34508003e405593ab42ad84ab420576ab425e67ab42b958ab42144aab42713bab42ce2cab422c1eab428c0fab42ec00ab424ef2aa42b0e3aa4214d5aa4278c6aa42deb7aa429b
S34508003e8044a9aa42ac9aaa42158caa427e7daa42e96eaa425460aa42c151aa422e43aa429c34aa420c26aa427c17aa42ee08aa4260faa942d3eba94248dda942bdcea94288
S34508003ec033c0a942aab1a94222a3a9429c94a9421686a9429177a9420d69a9428a5aa942074ca942863da942062fa9428720a9420812a9428b03a9420ff5a84293e6a842ae
S34508003f0018d8a8429fc9a84226bba842aeaca842379ea842c18fa8424c81a842d872a8426564a842f255a8428147a8421039a842a12aa842321ca842c40da84257ffa742a4
S34508003f40ebf0a74280e2a74216d4a742adc5a74244b7a742dda8a742769aa742108ca742ab7da742476fa742e460a7428252a7422044a742c035a7426027a7420119a742ee
S34508003f80a30aa74246fca642eaeda6428fdfa64234d1a642dac2a64281b4a64229a6a642d297a6427c89a642277ba642d26ca6427e5ea6422b50a642d941a6428833a6421f
S34508003fc03825a642e816a6429908a6424bfaa542feeba542b2dda54266cfa5421cc1a542d2b2a54289a4a5424096a542f987a542b279a5426c6ba542275da542e34ea542b7
S34508004000a040a5425d32a5421b24a542da15a5429a07a5425bf9a4421ceba442dedca442a1cea44264c0a44229b2a442eea3a442b495a4427b87a4424279a4420b6ba4423f
S34508004040d45ca4429e4ea4426840a4423332a4420024a442cc15a4429a07a44268f9a34237eba34207dda342d8cea342a9c0a3427bb2a3424ea4a3422296a342f687a34242
S34508004080cb79a342a16ba342775da3424f4fa3422641a342ff32a342d924a342b316a3428d08a34269faa24245eca24222dea24200d0a242dec1a242bdb3a2429da5a2423f
S345080040c07e97a2425f89a242417ba242236da242075fa242eb50a242cf42a242b534a2429b26a2428218a242690aa24251fca1423aeea14223e0a1420ed2a142f8c3a142b2
S34508004100e4b5a142d0a7a142bd99a142aa8ba142997da142876fa1427761a1426753a1425845a1424937a1423b29a1422e1ba142210da14216ffa0420af1a04200e3a04220
S34508004140f6d4a042ecc6a042e3b8a042dbaaa042d49ca042cd8ea042c780a042c172a042bc64a042b856a042b448a042b13aa042af2ca042ad1ea042ac10a042ab02a0420c
S34508004180abf49f42ace69f42add89f42afca9f42b1bc9f42b4ae9f42b8a09f42bc929f42c1849f42c6769f42cc689f42d35a9f42da4c9f42e23e9f42ea309f42f3229f42e6
S345080041c0fc149f4207079f4211f99e421ceb9e4228dd9e4235cf9e4242c19e424fb39e425da59e426c979e427b899e428b7b9e429b6d9e42ac5f9e42be519e42d0439e422e
S34508004200e2359e42f5279e42091a9e421d0c9e4232fe9d4247f09d425de29d4274d49d428bc69d42a2b89d42baaa9d42d39c9d42ec8e9d4205819d421f739d423a659d4260
S3450800424055579d4271499d428d3b9d42aa2d9d42c71f9d42e5119d4203049d4222f69c4241e89c4261da9c4281cc9c42a2be9c42c3b09c42e5a29c4208959c422a879c42f0
S345080042804e799c42716b9c42965d9c42bb4f9c42e0419c4206349c422c269c4252189c427a0a9c42a1fc9b42c9ee9b42f2e09b421bd39b4245c59b426fb79b4299a99b4256
S345080042c0c49b9b42f08d9b421c809b4248729b4275649b42a2569b42d0489b42fe3a9b422c2d9b425c1f9b428b119b42bb039b42ebf59a421ce89a424eda9a427fcc9a420c
S34508004300b2be9a42e4b09a4217a39a424b959a427f879a42b3799a42e86b9a421d5e9a4252509a4288429a42bf349a42f6269a422d199a42650b9a429dfd9942d5ef994284
S345080043400ee2994248d4994281c69942bcb89942f6aa9942319d99426c8f9942a8819942e4739942216699425e5899429b4a9942d93c9942172f9942552199429413994235
S34508004380d405994213f8984253ea984293dc9842d4ce984215c1984257b3984299a59842db9798421e8a9842607c9842a46e9842e76098422c53984270459842b53798428f
S345080043c0fa2998423f1c9842850e9842cb00984212f3974259e59742a0d79742e7c997422fbc974277ae9742c0a0974209939742528597429b779742e56997422f5c974207
S345080044007a4e9742c5409742103397425b259742a7179742f309974240fc96428dee9642dae0964227d3964275c59642c3b7964211aa9642609c9642ae8e9642fe8096420e
S345080044404d7396429d659642ed5796423d4a96428e3c9642df2e96423021964282139642d405964226f8954278ea9542cbdc95421ecf954271c19542c4b3954218a6954217
S345080044806c989542c08a9542157d95426a6f9542bf619542145495426a469542c0389542162b95426c1d9542c30f95421a02954271f49442c8e6944220d9944278cb944292
S345080044c0d0bd944228b0944281a29442d9949442328794428c799442e56b94423f5e944299509442f34294424e359442a8279442031a94425e0c9442bafe934215f19342fb
S3450800450071e39342cdd5934229c8934286ba9342e2ac93423f9f93429c919342f983934257769342b4689342125b9342704d9342ce3f93422d3293428b249342ea169342b3
S3450800454049099342a8fb924208ee924267e09242c7d2924227c5924287b79242e7a99242479c9242a88e9242098192426a739242cb6592422c5892428d4a9242ef3c924231
S34508004580512f9242b32192421514924277069242d9f891423ceb91429edd914201d0914264c29142c7b491422ba791428e999142f18b9142557e9142b97091421d639142e9
S345080045c081559142e54791424a3a9142ae2c9142131f914277119142dc03914241f69042a6e890420bdb904271cd9042d6bf90423cb29042a1a49042079790426d89904248
S34508004600d37b9042396e90429f609042055390426c459042d2379042392a9042a01c9042060f90426d019042d4f38f423be68f42a2d88f4209cb8f4271bd8f42d8af8f42bf
S345080046403fa28f42a7948f420e878f4276798f42de6b8f42465e8f42ad508f4215438f427d358f42e5278f424e1a8f42b60c8f421eff8e4286f18e42efe38e4257d68e42c3
S34508004680bfc88e4228bb8e4290ad8e42f99f8e4262928e42ca848e4233778e429c698e42055c8e426d4e8e42d6408e423f338e42a8258e4211188e427a0a8e42e3fc8d42c0
S345080046c04cef8d42b5e18d421ed48d4287c68d42f0b88d4259ab8d42c29d8d422b908d4295828d42fe748d4267678d42d0598d42394c8d42a23e8d420c318d4275238d422c
S34508004700de158d4247088d42b0fa8c4219ed8c4282df8c42ebd18c4254c48c42bdb68c4227a98c42909b8c42f98d8c4261808c42ca728c4233658c429c578c42054a8c4277
S345080047406e3c8c42d72e8c423f218c42a8138c4211068c4279f88b42e2ea8b424bdd8b42b3cf8b421cc28b4284b48b42eca68b4255998b42bd8b8b42257e8b428d708b4210
S34508004780f5628b425d558b42c5478b422d3a8b42952c8b42fc1e8b4264118b42cc038b4233f68a429be88a4202db8a4269cd8a42d0bf8a4237b28a429ea48a4205978a4273
S345080047c06c898a42d37b8a423a6e8a42a0608a4207538a426d458a42d3378a42392a8a429f1c8a42050f8a426b018a42d1f3894237e689429cd8894202cb894267bd89420b
S34508004800ccaf894231a2894296948942fb8689425f798942c46b8942285e89428d508942f142894255358942b92789421c1a8942800c8942e4fe884247f18842aae3884254
S345080048400dd6884270c88842d3ba884235ad8842989f8842fa9188425c848842be76884220698842815b8842e34d884244408842a53288420625884267178842c8098842c0
S3450800488028fc874288ee8742e9e0874248d38742a8c5874208b8874267aa8742c69c8742258f874284818742e2738742416687429f588742fd4a87425b3d8742b82f8742ca
S345080048c01622874273148742d00687422df9864289eb8642e6dd864242d086429ec28642f9b4864255a78642b09986420b8c8642667e8642c07086421b63864275558642de
S34508004900ce478642283a8642812c8642db1e8642331186428c038642e5f585423de8854295da8542eccc854244bf85429bb18542f2a38542489685429f888542f57a854285
S345080049404b6d8542a05f8542f55185424a4485429f368542f4288542481b85429c0d8542f0ff844243f2844296e48442e9d684423bc984428ebb8442dfad844231a0844232
S3450800498082928442d48484422477844275698442c55b8442154e844264408442b432844202258442511784429f098442edfb83423bee834288e08342d5d2834222c583425e
S345080049c06eb78342baa98342069c8342528e83429d808342e7728342326583427c578342c54983420f3c8342582e8342a0208342e91283423105834278f78242c0e9824289
S34508004a0006dc82424dce824293c08242d9b282421ea5824264978242a8898242ed7b8242316e824274608242b7528242fa4482423d3782427f298242c01b8242020e824235
S34508004a404300824283f28142c3e4814203d7814242c9814281bb8142c0ad8142fe9f81423c92814279848142b6768142f36881422f5b81426a4d8142a63f8142e1318142e3
S34508004a801b248142551681428f088142c8fa804201ed804239df804271d18042a8c38042dfb5804216a880424c9a8042828c8042b77e8042ec70804220638042545580420c
S34508004ac087478042ba398042ed2b80421f1e8042501080428202804265e97f42c5cd7f4224b27f4283967f42e17a7f423d5f7f4299437f42f4277f424d0c7f42a6f07e42ed
S34508004b00fed47e4255b97e42ab9d7e4200827e4253667e42a64a7e42f82e7e4249137e4299f77d42e8db7d4236c07d4283a47d42ce887d42196d7d4263517d42ac357d42b9
S34508004b40f3197d423afe7c4280e27c42c4c67c4208ab7c424a8f7c428c737c42cc577c420b3c7c4249207c4286047c42c2e87b42fdcc7b4237b17b4270957b42a7797b42b3
S34508004b80de5d7b4213427b4247267b427a0a7b42acee7a42ddd27a420db77a423c9b7a42697f7a4295637a42c1477a42eb2b7a4213107a423bf4794262d8794287bc7942f4
S34508004bc0aba07942ce847942f0687942104d7942303179424e1579426bf9784287dd7842a1c17842bba57842d3897842ea6d7842ff51784214367842271a784239fe77429d
S34508004c004ae2774259c6774267aa7742748e7742807277428a567742933a77429b1e7742a2027742a7e67642abca7642adae7642af927642af767642ad5a7642ab3e7642d0
S34508004c40a7227642a20676429bea754293ce75428ab275427f967542737a7542665e75425742754247267542360a754223ee74420fd27442f9b57442e3997442ca7d7442b7
S34508004c80b161744295457442792974425b0d74423cf173421bd57342f9b87342d59c7342b08073428964734261487342382c73420d107342e1f37242b3d7724284bb72427c
S34508004cc0539f724221837242ed667242b84a7242812e72424912724210f67142d4d9714298bd71425aa171421a857142d9687142964c7142513071420c147142c4f770425b
S34508004d007bdb704231bf7042e5a2704297867042486a7042f74d7042a531704251157042fbf86f42a4dc6f424bc06f42f1a36f4295876f42376b6f42d84e6f4277326f4292
S34508004d4015166f42b1f96e424bdd6e42e4c06e427ba46e4210886e42a36b6e42354f6e42c6326e4254166e42e1f96d426ddd6d42f6c06d427ea46d4204886d42896b6d4262
S34508004d800b4f6d428c326d420c166d4289f96c4205dd6c427fc06c42f8a36c426e876c42e36a6c42564e6c42c7316c4237156c42a5f86b4211dc6b427bbf6b42e3a26b421b
S34508004dc04a866b42af696b42124d6b4273306b42d2136b4230f76a428cda6a42e5bd6a423da16a4294846a42e8676a423a4b6a428b2e6a42da116a4227f5694272d8694210
S34508004e00bbbb6942029f6942478269428b656942cc4869420c2c69424a0f694286f26842bfd56842f7b868422d9c6842617f684293626842c4456842f22868421e0c6842a2
S34508004e4048ef674270d2674297b56742bb986742dd7b6742fe5e67421c42674238256742520867426beb664281ce664295b16642a7946642b7776642c55a6642d13d664239
S34508004e80db206642e3036642e9e66542ecc96542eeac6542ed8f6542eb726542e6556542df386542d61b6542cbfe6442bee16442afc464429da764428a8a6442746d644249
S34508004ec05c506442423364422616644207f96342e7db6342c4be63429fa16342788463424e676342234a6342f52c6342c50f634293f262425ed5624227b86242ee9a624242
S34508004f00b37d62427660624236436242f4256242af08624269eb614220ce6142d5b061428793614237766142e5586142913b61423a1e6142e100614286e3604228c66042ba
S34508004f40c8a86042658b6042006e6042995060422f336042c315604255f85f42e4da5f4271bd5f42fb9f5f4283825f4209655f428c475f420c2a5f428b0c5f4206ef5e4242
S34508004f8080d15e42f7b35e426b965e42dd785e424c5b5e42b93d5e4224205e428c025e42f1e45d4254c75d42b4a95d42128c5d426e6e5d42c6505d421d335d4270155d4279
S34508004fc0c1f75c4210da5c425cbc5c42a59e5c42ec805c4230635c4272455c42b1275c42ed095c4227ec5b425ece5b4293b05b42c4925b42f4745b4220575b424a395b420f
S34508005000711b5b4296fd5a42b7df5a42d7c15a42f3a35a420d865a4224685a42384a5a424a2c5a42580e5a4264f059426ed2594274b459427896594279785942775a5942bb
S34508005040733c59426c1e59426200594255e2584245c4584232a658421d885842056a5842ea4b5842cc2d5842ab0f584287f1574261d3574237b557420b975742dc78574247
S34508005080aa5a5742753c57423d1e574202005742c4e1564283c3564240a55642f9865642b0685642634a5642132c5642c10d56426bef554213d15542b7b25542599455429b
S345080050c0f7755542935755422b395542c01a554253fc5442e2dd54426ebf5442f7a054427d8254420064544280455442fc26544276085442ece953425fcb5342d0ac534298
S345080051003d8e5342a66f53420d51534270325342d11353422ef5524288d65242deb7524232995242827a5242cf5b5242193d5242601e5242a3ff5142e3e0514220c2514239
S3450800514059a351428f845142c2655142f24651421e285142470951426cea50428fcb5042aeac5042c98d5042e16e5042f64f5042083150421612504220f34f4227d44f4296
S345080051802bb54f422c964f4229774f4222584f4218394f420b1a4f42fafa4e42e5db4e42cebc4e42b29d4e42937e4e42715f4e424b404e4222214e42f5014e42c4e24d42d2
S345080051c090c34d4259a44d421d854d42df654d429c464d4256274d420d084d42bfe84c426fc94c421aaa4c42c28a4c42666b4c42074c4c42a32c4c423d0d4c42d2ed4b4226
S3450800520064ce4b42f2ae4b427c8f4b4203704b4286504b4205314b4280114b42f8f14a426bd24a42dbb24a4248934a42b0734a4214544a4275344a42d2144a422bf54942e5
S3450800524080d54942d2b549421f96494269764942ae564942f03649422e17494268f748429ed74842d0b74842fe974842287848424e584842703848428e184842a8f8474277
S34508005280bed84742d0b84742de984742e8784742ee584742f0384742ee184742e8f84642ddd84642cfb84642bc984642a57846428a5846426b3846424818464221f8454267
S345080052c0f5d74542c5b7454291974542597745421d574542dc364542971645424ef6444200d64442aeb5444258954442fe7444429f5444423c344442d51344426af3434243
S34508005300f9d2434285b243420c9243428f7143420e51434288304342fd0f43426eef4242dbce424243ae4242a78d4242066d4242614c4242b72b4242090b424257ea4142d4
S345080053409fc94142e3a84142238841425e67414294464142c6254142f40441421ce4404240c340425fa240427a81404290604042a13f4042ae1e4042b6fd3f42b9dc3f42f7
S34508005380b8bb3f42b19a3f42a6793f4296583f4282373f4269163f424af53e4227d43e4200b33e42d3913e42a1703e426b4f3e42302e3e42f00c3e42abeb3d4261ca3d42a1
S345080053c012a93d42be873d4265663d4207453d42a5233d423d023d42d0e03c425ebf3c42e89d3c426c7c3c42eb5a3c4265393c42da173c424af63b42b4d43b421ab33b42fb
S345080054007a913b42d66f3b422c4e3b427d2c3b42c90a3b420fe93a4251c73a428da53a42c4833a42f5613a4222403a42491e3a426afc394287da39429eb83942b09639424c
S34508005440bc743942c3523942c5303942c10e3942b8ec3842a9ca384295a838427c8638425d643842384238420e203842dffd3742aadb37426fb937422f973742ea7437420a
S345080054809e5237424e303742f70d37429beb364239c93642d2a6364265843642f26136427a3f3642fb1c364277fa3542eed735425eb53542c99235422e7035428d4d3542c7
S345080054c0e62a35423a08354287e53442cfc2344211a034424d7d3442835a3442b3373442dd14344201f233421fcf334237ac33424a893342566633425c4333425c20334253
S3450800550055fd324249da324237b732421e94324200713242db4d3242b02a32427f07324247e431420ac13142c69d31427c7a31422b573142d43331427710314214ed3042b8
S34508005540aac930423aa63042c4823042475f3042c33b304239183042a9f42f4212d12f4275ad2f42d2892f4227662f4276422f42bf1e2f4201fb2e423dd72e4271b32e4229
S34508005580a08f2e42c76b2e42e8472e4202242e4215002e4222dc2d4228b82d4227942d4220702d42114c2d42fc272d42e0032d42bddf2c4293bb2c4263972c422b732c4213
S345080055c0ec4e2c42a72a2c425a062c4207e22b42acbd2b424b992b42e2742b4272502b42fc2b2b427e072b42f9e22a426cbe2a42d9992a423f752a429d502a42f42b2a4234
S3450800560043072a428ce22942cdbd29420799294239742942654f2942882a2942a5052942bae02842c7bb2842cd962842cc712842c34c2842b22728429a0228427add27427e
S3450800564053b8274224932742ee6d2742b04827426a2327421dfe2642c7d826426ab32642068e26429968264225432642a81d264224f8254298d2254205ad25426987254238
S34508005680c5612542193c254266162542aaf02442e6ca24421aa52442467f24426a592442863324429a0d2442a5e72342a9c12342a49b234296752342814f234263292342fb
S345080056c03d0323420fdd2242d8b6224298902242516a224201442242a81d224247f72142ddd021426baa2142f08321426d5d2142e03621424c102142aee9204208c32042ae
S34508005700599c2042a2752042e14e204218282042460120426bda1f4287b31f429b8c1f42a5651f42a63e1f429f171f428ef01e4274c91e4251a21e42257b1e42f0531e42ae
S34508005740b22c1e426b051e421ade1d42c0b61d425d8f1d42f0671d427b401d42fb181d4273f11c42e1c91c4245a21c42a07a1c42f2521c423a2b1c4278031c42addb1b42aa
S34508005780d8b31b42fa8b1b4212641b42203c1b4224141b421fec1a4210c41a42f79b1a42d4731a42a74b1a4270231a4230fb1942e5d2194290aa194232821942c9591942d2
S345080057c056311942d908194251e01842c0b71842248f18427e661842ce3d1842131518424eec17427ec31742a49a1742c0711742d1481742d71f1742d3f61642c5cd1642d5
S34508005800aba41642877b1642595216421f291642dbff15428cd6154232ad1542cd8315425d5a1542e33015425d071542ccdd144230b41442898a1442d76014421a371442e6
S34508005840520d14427ee313429fb91342b58f1342bf651342be3b1342b111134299e7124276bd1242479312420c691242c63e12427414124216ea1142adbf114238951142d3
S34508005880b76a11422a40114291151142ecea10423cc010427f951042b66a1042e13f10420015104213ea0f421abf0f4214940f4202690f42e43d0f42b9120f4282e70e4215
S345080058c03ebc0e42ee900e4291650e42273a0e42b10e0e422fe30d429fb70d42038c0d425a600d42a4340d42e1080d4211dd0c4234b10c424a850c4253590c424f2d0c42e0
S345080059003e010c421fd50b42f4a80b42ba7c0b4274500b4220240b42bef70a424fcb0a42d39e0a4249720a42b1450a420b190a4258ec094297bf0942c8920942eb65094230
S3450800594000390942080c094201df0842ecb10842c984084297570842582a08420afd0742adcf074243a20742ca74074242470742ac19074207ec064253be064291900642e3
S34508005980c0620642e0340642f1060642f3d80542e6aa0542ca7c05429f4e0542652005421cf20442c3c304425b950442e46604425d380442c609044220db03426bac0342ec
S345080059c0a57d0342d04e0342eb1f0342f7f00242f2c10242dd920242b8630242833402423e050242e9d5014283a601420d77014287470142f017014249e8004291b800423d
S34508005a00c8880042ee5800420429004212f2ff41f991ff41bf31ff4163d1fe41e470fe414310fe417faffd41994efd418fedfc41638cfc41142bfc41a1c9fb410b68fb41b2
S34508005a405206fb4175a4fa417442fa414fe0f941067ef941991bf94107b9f8415156f84176f3f7417690f741512df74108caf6419966f6410403f6414a9ff5416a3bf54145
S34508005a8064d7f4413873f441e60ef4416eaaf341cf45f3410ae1f2411d7cf2410a17f241cfb1f1416d4cf141e4e6f0413281f0415a1bf04159b5ef41304fef41dee8ee4189
S34508005ac06482ee41c21bee41f6b4ed41024eed41e4e6ec419d7fec412c18ec4192b0eb41ce48eb41dfe0ea41c778ea418410ea4116a8e9417e3fe941bad6e841cc6de841c3
S34508005b00b204e8416c9be741fa31e7415dc8e641945ee6419ef4e5417b8ae5412c20e541b0b5e441074be44131e0e3412d75e341fb09e3419b9ee2410d33e24151c7e1411f
S34508005b40665be1414cefe0410483e0418c16e041e5a9df410e3ddf4107d0de41d162de416af5dd41d287dd410a1add4110acdc41e63ddc418acfdb41fc60db413df2da4186
S34508005b804b83da412714da41d1a4d9414835d9418bc5d8419c55d84178e5d7412175d7419604d741d793d641e322d641bab1d5415d40d541caced441015dd44103ebd34137
S34508005bc0ce78d3416406d341c293d241ea20d241dbadd141943ad14115c7d0415f53d04170dfcf41496bcf41e9f6ce415082ce417e0dce417298cd412c23cd41abadcc41aa
S34508005c00f137cc41fbc1cb41cb4bcb415ed5ca41b75eca41d3e7c941b370c94156f9c841bc81c841e609c841d191c7417f19c741eea0c6411f28c64111afc541c435c541a0
S34508005c4037bcc4416a42c4415ec8c341104ec34182d3c241b358c241a2ddc1414f62c141bae6c041e26ac041c7eebf416972bf41c7f5be41e278be41b7fbbd41487ebd4141
S34508005c809400bd419a82bc415a04bc41d485bb410707bb41f387ba419708ba41f488b9410809b941d388b8415508b8418e87b7417d06b7412185b6417b03b6418981b5419d
S34508005cc04cffb441c37cb441edf9b341ca76b34159f3b2419b6fb2418febb1413367b14189e2b0418f5db04144d8af41a952af41bdccae417f46ae41efbfad410d39ad41b4
S34508005d00d7b1ac414e2aac4171a2ab413f1aab41b891aa41dc08aa41a97fa94120f6a8413f6ca84107e2a7417657a7418dcca6414a41a641aeb5a541b729a541649da44162
S34508005d40b610a441ac83a34145f6a2418168a2415fdaa141de4ba141febca041be2da0411e9e9f411c0e9f41b97d9e41f4ec9d41cc5b9d4140ca9c4150389c41faa59b419b
S34508005d8040139b411f809a4197ec9941a75899414fc498418e2f9841639a9741ce049741ce6e964161d895418841954142aa94418d129441697a9341d6e19241d2489241d1
S34508005dc05daf9141761591411c7b90414ee08f410c458f4154a98e41260d8e4181708d4164d38c41ce358c41bf978b4135f98a41305a8a41aeba8941af1a8941327a8841c8
S34508005e0036d98741b9378741bc9586413cf385413a508541b4ac8441a808844117648341febe82415e1982413473814180cc804141258041ebfa7e4139aa7d416a587c4175
S34508005e407b057b416bb17941365c7841dc05774158ae7541aa557441cefb7241c1a07141834470410fe76e4164886d417e286c415cc76a41fa646941560168416e9c66418e
S34508005e803d366541c3ce6341fb656241e3fb604178905f41b7235e419db55c4128465b4153d559411d63584181ef56417d7a55410d0454412e8c5241dd12514117984f41c8
S34508005ec0d81b4e411c9e4c41e01e4b41219e4941db1b48410b984641ab124541ba8b4341330342411279404153ed3e41f25f3d41ecd03b413c403a41ddad3841cd19374160
S34508005f000684354184ec3341435332413eb83041711b2f41d67c2d416bdc2b41283a2a410b9628410df026412b4825415e9e2341a1f22141f144204146951e419ce31c417b
S34508005f40ed2f1b41337a19416ac217418a0816418f4c1441738e12412ece1041bb0b0f4115470d4133800b4111b70941a7eb0741ee1d0641e14d0441767b0241a9a6004122
S34508005f80e29efd408eebf9404733f640fe75f240a4b3ee4028ecea407b1fe7408c4de3404a76df40a499db408ab7d740e8cfd340aee2cf40c9efcb4025f7c740b1f8c34005
S34508005fc058f4bf4006eabb40a8d9b74027c3b34071a6af406d83ab40085aa740292aa340bbf39e40a5b69a40d07296402328924085d68d40dd7d8940101e854004b78040f9
S345080060003a9178407fa56f409daa66405ba05d407c865440c25c4b40f0224240c5d83840ff7d2f405c12264095951c406507134082670940476bff3ffae2eb3f7f35d83f98
S345080060403862c43f7f68b03fad479c3f14ff873f071c673f89e73d3f385f143f2403d53e199a803e8500ae3d0000000000000000000000000000000000000000000000003d
S3450800608000000000000000000000000000000000000000000000000000000000000000000000000000000000000000000000000000000000000000000000000000000000d2
S345080060c00000000000000000000000000000000000000000000000000000000000000000000000000000000000000000000000000000000000000000000000000000000092
S345080061000000000000000000000000000000000000000000000000000000000000000000000000000000000000000000000000000000000000000000000000000000000051
S345080061400000000000000000000000000000000000000000000000000000000000000000000000000000000000000000000000000000000000000000000000000000000011
S3450800618000000000000000000000000000000000000000000000000000000000000000000000000000000000000000000000000000000000000000000000000000000000d1
S345080061c00000000000000000000000000000000000000000000000000000000000000000000000000000000000000000000000000000000000000000000000000000000091
S345080062007cb505000c00012002f059fe012002f075ff0df10101012003f081fd0600300080b2002821d02b00dbb20022310089b2200004f0cffc40f6a174dff8285b288890
S34508006240a04204dadff8201b012005f047f92888a04208dab6b23100022005f03ff90021052005f03bf9ff207fe0012002f046ff6946032003f053fd0600300080b20028a2
S3450800628021d02b00dbb20022310089b2200004f0a1fc40f6a174dff8cc5a2888a04204dadff8c41a012005f019f92888a04208dab6b23100022005f011f90021052005f0ea
S345080062c00df9ff2051e0012002f018ff002002f0f6fd21009df8010004f0cdfb21009df8000004f0c8fb40f2e936dff8785a2888b04204dadff8741a012005f0eff828889f
S34508006300b04207da617f022005f0e8f80021052005f0e4f840f2d1742888a04204dadff8501a012005f0daf82888a04208da9df80110022005f0d2f80021052005f0cef882
S345080063402888a04204dadff82c1a012005f0c6f82888a04208da9df80010022005f0bef80021052005f0baf8002076bdf8b505000e00300004f0e3fb04002000c0b2022806
S3450800638021db2b00dbb200224ff48071300004f021fc40f6a174dff8cc592888a04204dadff8d419012005f099f82888a04208da4ff48071022005f091f80021052005f0df
S345080063c08df8ff2031e02000c0b202f078fd40f2e937dff890592888b84204dadff89c19012005f07bf82888b84207da717f022005f074f80021052005f070f840f2d17618
S345080064002888b04204dadff87819012005f066f82888b04208dae4b22100022005f05ef80021052005f05af80020f2bdfeb504000d00012002f043fd012002f05ffedff890
S345080064404409007800282ad102f04af80600300080b2002823d02300dbb20022310089b2280004f0b7fb40f6a174dff8f8582888a04204dadff81019012005f02ff8288894
S34508006480a04208da310089b2022005f027f80021052005f023f8300080b200f061bc01208df8030001208df8020000208df8010000208df800000020029000200190002084
S345080064c00020012002f0e3f80600300080b2002823d02300dbb20022310089b2280004f079fb40f6a174dff87c582888a04204dadff89418012004f0f1ff2888a04208dacd
S34508006500310089b2022004f0e9ff0021052004f0e5ff300080b200f023bc012003f052fc0600300080b2002821d02300dbb20022310089b2280004f04dfb40f6a174dff8ed
S3450800654024582888a04204dadff83c18012004f0c5ff2888a04208dab6b23100022004f0bdff0021052004f0b9ffff20f8e3032003f028fc0600300080b2002821d0230074
S34508006580dbb20022310089b2280004f023fb40f6a174dff8d0572888a04204dadff8e817012004f09bff2888a04208dab6b23100022004f093ff0021052004f08fffff209e
S345080065c0cee303224ff42f51012003f0e6fa0600300080b2002822d02300dbb20022310089b2280004f0f6fa40f6a174dff874572888a04204dadff89017012004f06effd7
S345080066002888a04208da310089b2022004f066ff0021052004f062ff300080b2a0e303224ff42f51032003f0b8fa0600300080b2002822d02300dbb20022310089b22800d9
S3450800664004f0c8fa40f6a174dff818572888a04204dadff83417012004f040ff2888a04208da310089b2022004f038ff0021052004f034ff300080b272e30322dff80c176f
S34508006680dff80c0702f068fd0600300080b2002822d02300dbb20022310089b2280004f099fa40f6a174dff8bc562888a04204dadff8d416012004f011ff2888a04208da1e
S345080066c0310089b2022004f009ff0021052004f005ff300080b243e30df1030202a9012003f074fd0600300080b2002822d02300dbb20022310089b2280004f06bfa40f692
S34508006700a174dff860562888a04204dadff87816012004f0e3fe2888a04208da310089b2022004f0dbfe0021052004f0d7fe300080b215e30df1020201a9032003f046fda1
S345080067400600300080b2002822d02300dbb20022310089b2280004f03dfa40f6a174dff804562888a04204dadff81c16012004f0b5fe2888a04208da310089b2022004f045
S34508006780adfe0021052004f0a9fe300080b2e7e29df80300002822d040f213172300dbb200223900280004f015fa40f6a174dff8b4552888a04204dadff8cc15012004f068
S345080067c08dfe2888a04207da3900022004f086fe0021052004f082fe300080b2c0e29df80200002822d02300dbb200224ff48a71280004f0eff940f6a174dff868552888a8
S34508006800a04204dadff88015012004f067fe2888a04208da4ff48a71022004f05ffe0021052004f05bfe300080b299e2142002f065fc142002f062fcdff8241c0298081a31
S345080068400199b1f51751032201f0beff0600300080b2002822d02300dbb20022310089b2280004f0b7f940f6a174dff8f8542888a04204dadff81015012004f02ffe288837
S34508006880a04208da310089b2022004f027fe0021052004f023fe300080b261e20df10101012003f03cfa0600300080b2002821d02300dbb20022310089b2280004f08af9b7
S345080068c040f6a174dff89c542888a04204dadff8b814012004f002fe2888a04208dab6b23100022004f0fafd0021052004f0f6fdff2035e29df80100012821d02300dbb273
S3450800690000224ff48771280004f064f940f6a174dff850542888a04204dadff86c14012004f0dcfd2888a04208da4ff48771022004f0d4fd0021052004f0d0fdff200fe24b
S345080069406946032003f0ebf90600300080b2002821d02300dbb20022310089b2280004f039f940f6a174dff8fc532888a04204dadff81414012004f0b1fd2888a04208da3c
S34508006980b6b23100022004f0a9fd0021052004f0a5fdff20e4e19df80000012821d02300dbb200224ff48771280004f013f940f6a174dff8b0532888a04204dadff8c81389
S345080069c0012004f08bfd2888a04208da4ff48771022004f083fd0021052004f07ffdff20bee1dff8800a0322010001f0edfe0600300080b2002821d02300dbb2002231004c
S34508006a0089b2280004f0e6f840f6a174dff854532888a04204dadff87013012004f05efd2888a04208dab6b23100022004f056fd0021052004f052fdff2091e1142002f05a
S34508006a405dfb0df10101012003f069f90600300080b200281fd02300dbb20022310089b2280004f0b7f840f6a174be4d2888a04203dac549012004f031fd2888a04208da28
S34508006a80b6b23100022004f029fd0021052004f025fdff2064e19df8010001281fd02300dbb2002240f21311280004f093f840f6a174ac4d2888a04203dab349012004f0f2
S34508006ac00dfd2888a04208dab6b23100022004f005fd0021052004f001fdff2040e16946032003f01cf90600300080b200281fd02300dbb20022310089b2280004f06af8cc
S34508006b0040f6a174974d2888a04203da9e49012004f0e4fc2888a04208dab6b23100022004f0dcfc0021052004f0d8fcff2017e19df8000001281fd02300dbb200224ff4eb
S34508006b408a71280004f046f840f6a174854d2888a04203da8c49012004f0c0fc2888a04208dab6b23100022004f0b8fc0021052004f0b4fcff20f3e003224ff4c8714ff4e9
S34508006b80c87001f021fe0600300080b200281fd02300dbb20022310089b2280004f01af840f6a1746f4d2888a04203da7649012004f094fc2888a04208dab6b2310002208b
S34508006bc004f08cfc0021052004f088fcff20c7e0142002f093fa0df10101012003f09ff80600300080b200281fd02300dbb20022310089b2280003f0edff40f6a174594d74
S34508006c002888a04203da6049012004f067fc2888a04208dab6b23100022004f05ffc0021052004f05bfcff209ae09df8010001281fd02300dbb2002240f21311280003f01d
S34508006c40c9ff40f6a174474d2888a04203da4e49012004f043fc2888a04208dab6b23100022004f03bfc0021052004f037fcff2076e06946032003f052f80600300080b252
S34508006c8000281fd02300dbb20022310089b2280003f0a0ff40f6a174324d2888a04203da3949012004f01afc2888a04208dab6b23100022004f012fc0021052004f00efc5c
S34508006cc0ff204de09df8000001281fd02300dbb200224ff48a71280003f07cff40f6a174204d2888a04203da2749012004f0f6fb2888a04208dab6b23100022004f0eefb3e
S34508006d000021052004f0eafbff2029e0002002f0d6f80020dff8501708700020dff84c1708700020dff8481708700120dff84417087040f2e9360b4c2088b04204dadff8e6
S34508006d403817012004f0cafb2088b04207da697f022004f0c3fb0021052004f0bffb0020febd00007c310020a02a0108b82b0108b02d0108bc2d0108bc2a0108d02b01087f
S34508006d801c2e0108913100206c290108b4300020b03000202de9f84f04000d00280003f0cefe0600280003f0cafe07003000c0b2062803da3800c0b2062821db2300dbb278
S34508006dc000224ff48071280003f004ff40f6a174dff8a8562888a04204dadff8a416012004f07cfb2888a04208da4ff48071022004f074fb0021052004f070fbff202de363
S34508006e00dff8648698f80000ff2821d140f213162300dbb200223100280003f0dbfe40f6a174dff858562888a04204dadff85016012004f053fb2888a04207da31000220e2
S34508006e4004f04cfb0021052004f048fbff2005e3dff8189699f80000ff2821d12300dbb200224ff48a71280003f0b4fe40f6a174dff808562888a04204dadff80416012037
S34508006e8004f02cfb2888a04208da4ff48a71022004f024fb0021052004f020fbff20dde2dff8d0050078012821d040f217162300dbb200223100280003f08cfe40f6a174ff
S34508006ec0dff8b8552888a04204dadff8b415012004f004fb2888a04207da3100022004f0fdfa0021052004f0f9faff20b6e2012001f0e5ff012002f001f998f80000310023
S34508006f00c9b2884252d00df10101012002f007ff8246504680b2002822d02300dbb20022514689b2280003f055fe40f6a174dff84c552888a04204dadff84415012004f08f
S34508006f40cdfa2888a04209da1ffa8afa5146022004f0c4fa0021052004f0c0faff207de29df80100012821d02300dbb200224ff48771280003f02efe40f6a174dff8fc54d7
S34508006f802888a04204dadff8f814012004f0a6fa2888a04208da4ff48771022004f09efa0021052004f09afaff2057e299f800003900c9b2884251d06946032002f0affe97
S34508006fc08246504680b2002822d02300dbb20022514689b2280003f0fdfd40f6a174dff89c542888a04204dadff89414012004f075fa2888a04209da1ffa8afa51460220d0
S3450800700004f06cfa0021052004f068faff2025e29df80000012821d02300dbb200224ff48771280003f0d6fd40f6a174dff84c542888a04204dadff84814012004f04efaba
S345080070402888a04208da4ff48771022004f046fa0021052004f042faff20ffe1dff824a43000c0b23af8100001f051fd3000c0b23af81000dff810140880012002f0a2feac
S345080070808246504680b2002822d02300dbb20022514689b2280003f09dfd40f6a174dff8dc532888a04204dadff8d413012004f015fa2888a04209da1ffa8afa5146022051
S345080070c004f00cfa0021052004f008faff20c5e1032002f077fe8246504680b2002822d02300dbb20022514689b2280003f072fd40f6a174dff884532888a04204dadff8e5
S345080071008013012004f0eaf92888a04209da1ffa8afa5146022004f0e1f90021052004f0ddf9ff209ae15ff0180adff844bc0b2299f800000afb00f058443900c9b250f8e0
S34508007140211098f800000afb00f058443300dbb250f8230001f038fbadf80200bdf8020000281fd02300dbb20022bdf80210280003f030fd40f6a174c04d2888a04203da43
S34508007180bf49012004f0aaf92888a04208dabdf80210022004f0a2f90021052004f09ef9ff205be198f800000afb00f058443100c9b250f82100002824d0dff8b80b006895
S345080071c000281fd140f215162300dbb200223100280003f0fffc40f6a174a84d2888a04203daa749012004f079f92888a04207da3100022004f072f90021052004f06ef907
S34508007200ff202be199f800000afb00fa0beb0a003900c9b250f82100002824d0dff8580b006800281fd12300dbb200224ff48b71280003f0cffc40f6a174904d2888a042e1
S3450800724003da8f49012004f049f92888a04208da4ff48b71022004f041f90021052004f03df9ff20fae00df10101012002f057fd8246504680b2002820d02300dbb20022a7
S34508007280514689b2280003f0a5fc40f6a1747b4d2888a04203da7a49012004f01ff92888a04209da1ffa8afa5146022004f016f90021052004f012f9ff20cfe09df8010049
S345080072c001281fd02300dbb200224ff48771280003f080fc40f6a174684d2888a04203da6749012004f0faf82888a04208da4ff48771022004f0f2f80021052004f0eef8cf
S34508007300ff20abe088f800603000c0b2002803d001205749087002e00020554908706946032002f0fcfc8046404680b2002820d02300dbb20022414689b2280003f04afc80
S3450800734040f6a1744d4d2888a04203da4c49012004f0c4f82888a04209da1ffa88f84146022004f0bbf80021052004f0b7f8ff2074e09df8000001281fd02300dbb200220c
S345080073804ff48771280003f025fc40f6a1743b4d2888a04203da3a49012004f09ff82888a04208da4ff48771022004f097f80021052004f093f8ff2050e089f80070380046
S345080073c0c0b2002803d001202949087002e0002027490870002001f072fd40f2e938274c2088404504dadff8bc1b012004f076f82088404507da697f022004f06ff8002107
S34508007400052004f06bf840f2d1752088a84204dadff8941b012004f061f82088a84208daf6b23100022004f059f80021052004f055f82088a84204dadff8701b012004f0c4
S345080074404df82088a84208daffb23900022004f045f80021052004f041f80020bde8f28f4ad6ffff70feffff8e3100208f3100209031002092310020d82a01087c3100206a
S34508007480202701088c3000207a3100207cb504000d00dff81c0b0078002829d101f020f80600300080b2002822d02300dbb20022310089b2280003f08dfb40f6a174dff85f
S345080074c0f45a2888a04204dadff8ec1a012004f005f82888a04208dab6b23100022003f0fdff0021052003f0f9ffff2000f03fbc012001f0e4fc142001f000fe00208df8be
S34508007500010000208df80000012002f05bfc0600300080b2002822d02300dbb20022310089b2280003f056fb40f6a174dff8845a2888a04204dadff8801a012003f0ceff3f
S345080075402888a04208dab6b23100022003f0c6ff0021052003f0c2ffff2000f008bc032002f030fc0600300080b2002821d02300dbb20022310089b2280003f02bfb40f6d2
S34508007580a174dff8305a2888a04204dadff8281a012003f0a3ff2888a04208dab6b23100022003f09bff0021052003f097ffff20dde39df80000002801d1012100e00021ec
S345080075c09df80100002801d1012000e000200322c9b2c0b200f0befe0600300080b2002821d02300dbb20022310089b2280003f0f1fa40f6a174dff8bc592888a04204daa2
S34508007600dff8b419012003f069ff2888a04208dab6b23100022003f061ff0021052003f05dffff20a3e3142001f068fd9df80000002801d1012100e000219df80100002866
S3450800764001d1012000e00020fc230322c9b25943c0b2584301f0b8f8300080b2002821d02300dbb20022310089b2280003f0b2fa40f6a174dff83c592888a04204dadff882
S345080076803819012003f02aff2888a04208dab6b23100022003f022ff0021052003f01effff2064e3142001f029fd0df10101012002f035fb0600300080b2002821d02300fd
S345080076c0dbb20022310089b2280003f083fa40f6a174dff8e0582888a04204dadff8d818012003f0fbfe2888a04208dab6b23100022003f0f3fe0021052003f0effeff20d3
S3450800770035e36946032002f00afb0600300080b2002821d02300dbb20022310089b2280003f058fa40f6a174dff888582888a04204dadff88418012003f0d0fe2888a042d5
S3450800774008dab6b23100022003f0c8fe0021052003f0c4feff200ae39df8010001287ff428af9df8000001287ff423af03229df800109df8010000f0edfd0600300080b2f0
S34508007780002821d02300dbb20022310089b2280003f020fa40f6a174dff818582888a04204dadff81418012003f098fe2888a04208dab6b23100022003f090fe002105208a
S345080077c003f08cfeff20d2e2142001f097fc03223f213f2000f0f8ff0600300080b2002821d02300dbb20022310089b2280003f0f1f940f6a174dff8bc572888a04204da3f
S34508007800dff8b417012003f069fe2888a04208dab6b23100022003f061fe0021052003f05dfeff20a3e2142001f068fc0df10101012002f074fa0600300080b2002821d0d9
S345080078402300dbb20022310089b2280003f0c2f940f6a174dff85c572888a04204dadff85817012003f03afe2888a04208dab6b23100022003f032fe0021052003f02efe58
S34508007880ff2074e29df80100012821d02300dbb200224ff48771280003f09cf940f6a174dff810572888a04204dadff80c17012003f014fe2888a04208dab6b23100022090
S345080078c003f00cfe0021052003f008feff204ee26946032002f023fa0600300080b2002821d02300dbb20022310089b2280003f071f940f6a174dff8bc562888a04204da26
S34508007900dff8b416012003f0e9fd2888a04208dab6b23100022003f0e1fd0021052003f0ddfdff2023e29df80000012821d02300dbb200224ff48771280003f04bf940f616
S34508007940a174dff870562888a04204dadff86816012003f0c3fd2888a04208dab6b23100022003f0bbfd0021052003f0b7fdff20fde1dff8680b0322010000f025ff060060
S34508007980300080b2002821d02300dbb20022310089b2280003f01ef940f6a174dff814562888a04204dadff81016012003f096fd2888a04208dab6b23100022003f08efd81
S345080079c00021052003f08afdff20d0e1142001f095fb0df10101012002f0a1f90600300080b2002821d02300dbb20022310089b2280003f0eff840f6a174dff8b8552888e7
S34508007a00a04204dadff8b015012003f067fd2888a04208dab6b23100022003f05ffd0021052003f05bfdff20a1e19df80100012821d02300dbb2002240f21311280003f0c1
S34508007a40c9f840f6a174dff86c552888a04204dadff86415012003f041fd2888a04208dab6b23100022003f039fd0021052003f035fdff207be16946032002f050f90600f1
S34508007a80300080b2002821d02300dbb20022310089b2280003f09ef840f6a174dff814552888a04204dadff81015012003f016fd2888a04208dab6b23100022003f00efd03
S34508007ac00021052003f00afdff2050e19df80000012821d02300dbb200224ff48a71280003f078f840f6a174dff8c8542888a04204dadff8c414012003f0f0fc2888a042af
S34508007b0008dab6b23100022003f0e8fc0021052003f0e4fcff202ae103224ff4c8714ff4c87000f051fe0600300080b2002821d02300dbb20022310089b2280003f04af809
S34508007b4040f6a174dff86c542888a04204dadff86814012003f0c2fc2888a04208dab6b23100022003f0bafc0021052003f0b6fcff20fce0142001f0c1fa0df101010120c1
S34508007b8002f0cdf80600300080b2002821d02300dbb20022310089b2280003f01bf840f6a174dff810542888a04204dadff80814012003f093fc2888a04208dab6b231007a
S34508007bc0022003f08bfc0021052003f087fcff20cde09df80100012821d02300dbb2002240f21311280002f0f5ff40f6a174dff8c4532888a04204dadff8bc13012003f00a
S34508007c006dfc2888a04208dab6b23100022003f065fc0021052003f061fcff20a7e06946032002f07cf80600300080b2002821d02300dbb20022310089b2280002f0caff34
S34508007c4040f6a174dff86c532888a04204dadff86813012003f042fc2888a04208dab6b23100022003f03afc0021052003f036fcff207ce09df8000001281fd02300dbb266
S34508007c8000224ff48a71280002f0a4ff40f6a174c84d2888a04203dac749012003f01efc2888a04208dab6b23100022003f016fc0021052003f012fcff2058e003224ff452
S34508007cc0965141f2707000f07ffd0600300080b200281fd02300dbb20022310089b2280002f078ff40f6a174b24d2888a04203dab149012003f0f2fb2888a04208dab6b232
S34508007d003100022003f0eafb0021052003f0e6fbff202ce0142001f0f1f9002001f0cff80020dff8981a08700020dff8941a08700020dff8901a08700020dff89c1b087061
S34508007d4040f2e9369b4c2088b04204dadff8f41b012003f0c3fb2088b04207da697f022003f0bcfb0021052003f0b8fb002076bdc8200108b0300020b43000202de9f041e3
S34508007d8004000d00280002f0dafe06003000c0b2062820db2300dbb200224ff48071280002f018ff40f6a174824d2888a04204dadff8281b012003f091fb2888a04208daf2
S34508007dc04ff48071022003f089fb0021052003f085fbff20e3e0dff8e4793878ff2820d140f213162300dbb200223100280002f0f1fe40f6a1746f4d2888a04204dadff85c
S34508007e00dc1a012003f06afb2888a04207da3100022003f063fb0021052003f05ffbff20bde0dff8b40a0078002820d040f217162300dbb200223100280002f0cbfe40f6bf
S34508007e40a1745c4d2888a04204dadff8901a012003f044fb2888a04207da3100022003f03dfb0021052003f039fbff2097e0012001f025f8022001f041f9012001f0a2ffcf
S34508007e808046404680b2002821d02300dbb20022414689b2280002f09dfe40f6a174454d2888a04204dadff8341a012003f016fb2888a04209da1ffa88f84146022003f093
S34508007ec00dfb0021052003f009fbff2067e0dff8783a0322196897f800c0182000fb0cfc03eb0c003300dbb250f8230000f06cfc8046404680b2002821d02300dbb200222a
S34508007f00414689b2280002f065fe40f6a174294d2888a04204dadff8c419012003f0defa2888a04209da1ffa88f84146022003f0d5fa0021052003f0d1faff202fe03e70ca
S34508007f40002000f0bcff40f2e9371a4c2088b84204dadff8f819012003f0c0fa2088b84207da697f022003f0b9fa0021052003f0b5fa40f2d1752088a84203da0a490120c4
S34508007f8003f0acfa2088a84208daf6b23100022003f0a4fa0021052003f0a0fa0020bde8f0810000e8270108c82d0108d42d0108913100207c310020482701082de9f04183
S34508007fc004000d00280002f0bafd06003000c0b2062821db2300dbb200224ff48071280002f0f8fd40f6a174dff864592888a04204dadff86019012003f070fa2888a042fb
S3450800800008da4ff48071022003f068fa0021052003f064faff20e7e0dff8a4773878ff2821d12300dbb200224ff48a71280002f0d1fd40f6a174dff818592888a04204da72
S34508008040dff89818012003f049fa2888a04208da4ff48a71022003f041fa0021052003f03dfaff20c0e0dff870080078002821d040f217162300dbb200223100280002f087
S34508008080a9fd40f6a174dff8c8582888a04204dadff8c018012003f021fa2888a04207da3100022003f01afa0021052003f016faff2099e0012000f002ff022001f01ef893
S345080080c0032001f07ffe8046404680b2002822d02300dbb20022414689b2280002f07afd40f6a174dff868582888a04204dadff86418012003f0f2f92888a04209da1ffaf2
S3450800810088f84146022003f0e9f90021052003f0e5f9ff2068e0dff83038032239781820414303eb01003100c9b250f82110186800f04afb8046404680b2002822d0230060
S34508008140dbb20022414689b2280002f043fd40f6a174dff8fc572888a04204dadff8f417012003f0bbf92888a04209da1ffa88f84146022003f0b2f90021052003f0aef962
S34508008180ff2031e03e70002000f099fe40f2e937dff8bc472088b84204dadff8bc17012003f09cf92088b84207da697f022003f095f90021052003f091f940f2d17520883c
S345080081c0a84204dadff89417012003f087f92088a84208daf6b23100022003f07ff90021052003f07bf90020bde8f08180b503000800dbb2002240f2011102f0ebfcff20ab
S3450800820002bd2de9f0410f00dff854473900206802f079fbdff84c573900286802f073fb40f2e938dff828673088404504dadff83817012003f052f93088404507da797f70
S34508008240022003f04bf90021052003f047f940f2d1773088b84204dadff81017012003f03df93088b84203da2168032003f036f93088b84204dadff8f816012003f02ef9bf
S345080082803088b84207da2968032003f027f90021052003f023f90020bde8f081f8b505000e00300002f03cfc0400082c21d22b00dbb200224ff48071300002f08bfc40f699
S345080082c0a174dff88c562888a04204dadff8a416012003f003f92888a04208da4ff48071022003f0fbf80021052003f0f7f8ff202be0dff88406046040f2e937dff85056fb
S345080083002888b84204dadff87416012003f0e6f82888b84207da717f022003f0dff80021052003f0dbf840f2d1762888b04204dadff84c16012003f0d1f82888b04203da53
S345080083402100032003f0caf80020f2bddff83406007870472de9f04104000d0016002000c0b2002808d0012001f078fd010089b2002901d080b2afe02800c0b2002808d0cf
S34508008380032001f06bfd010089b2002901d080b2a2e03200d2b22900c9b22000c0b200f094ff010089b2002901d080b294e0142000f0a4fe2000c0b200280bd03200d2b2ed
S345080083c00021012001f09afb010089b200290dd080b281e03200d2b20021012001f0ddfb010089b2002901d080b275e02800c0b200280bd03200d2b20021032001f07efb53
S34508008400010089b200290dd080b265e03200d2b20021032001f0c1fb010089b2002901d080b259e0dff83875dff838853200d2b24146380000f090fe0600300080b2002892
S3450800844002d0300080b247e0e4b2002c0ad0012001f058fd0600300080b2002802d0300080b239e0edb2002d0ad0032001f04afd0600300080b2002802d0300080b22be0e3
S34508008480142000f03bfe40f2d174dff8c4542888a04204dadff8d414012003f01ff82888a04203da3968032003f018f82888a04204dadff8bc14012003f010f82888a04296
S345080084c008dad8f80010032003f008f80021052003f004f8300080b2bde8f08170feffff70b5012000f08eff010089b2002901d080b2cbe0012000f0d8ff010089b200295a
S3450800850001d080b2c2e0012001f027f8010089b2002901d080b2b9e0dff86c44dff86c542b0022000321012001f079f8010089b2002901d080b2a9e0dff8546433005ff042
S3450800854081420b21012001f06af8010089b2002901d080b29ae0012001f0b5f8010089b2002901d080b291e0012001f004f9010089b2002901d080b288e0012001f06ff9b7
S34508008580010089b2002901d080b27fe0012001f0d5f9010089b2002901d080b276e0012001f04cfb010089b2002901d080b26de0032000f07aff010089b2002901d080b246
S345080085c064e0032000f0c9ff010089b2002901d080b25be02b0022000321032001f01ff8010089b2002901d080b24fe033005ff081420b21032001f012f8010089b2002984
S3450800860001d080b242e0032001f05df8010089b2002901d080b239e0032001f0acf8010089b2002901d080b230e0032001f017f9010089b2002901d080b227e0032001f046
S345080086407df9010089b2002901d080b21ee0032001f0f4fa010089b2002901d080b215e0012001f0c1f9010089b2002901d080b20ce0032001f0b8f9010089b2002901d096
S3450800868080b203e00120c3490870002070bd70b50400012001f0eaf9010089b2002901d080b289e0032001f0e1f9010089b2002901d080b280e0b04d2968012001f074fcf0
S345080086c0010089b2002901d080b275e0012600e0761c3000c0b20e280fdaaf483100c9b250f821203100c9b2012001f0c9fc010089b20029ecd080b25ee02968032001f070
S3450800870053fc010089b2002901d080b254e0012500e06d1c2800c0b20e280fda9f482900c9b250f821202900c9b2032001f0a8fc010089b20029ecd080b23de0012001f006
S3450800874053f9010089b2002901d080b234e0032001f04af9010089b2002901d080b22be0e4b2012c13d10121012001f0dbfc010089b2002901d080b21ee00121032001f00b
S34508008780d1fc010089b2002915d080b214e00021012001f0c7fc010089b2002901d080b20ae00021032001f0bdfc010089b2002901d080b200e0002070bd00008e310020c4
S345080087c08f310020903100202de9f04106000d001400012001f042fb010089b2002901d080b277e0032001f039fb010089b2002901d080b26ee02200d2b23100012001f047
S34508008800ccf9010089b2002901d080b262e02200d2b22900032001f0c0f9010089b2002901d080b256e04e4d4e4e2200d2b23100280000f091fc0400200080b2002808d078
S34508008840012001f013f9032001f010f9200080b240e0012001f056fb010089b2002901d080b237e0032001f04dfb0400200080b2002802d0200080b22ce0142000f03efcf3
S3450800888040f2d177dff8c880b8f80000b84203da3649012002f022feb8f80000b84203da2968032002f01afeb8f80000b84203da2f49012002f012feb8f80000b84207dae6
S345080088c03168032002f00afe0021052002f006fe200080b2bde8f081923100203028010880b50020009050232d4a2e49012001f03dfd00f0c8f9002026490870002000f072
S34508008900defaff201f490870274908700020144908600020134908600020244908704620154908600a48008840f2d171884207da1f49012002f0d2fd0021052002f0cefd2a
S3450800894001bd00000c280108c82001088c2901087c31002054280108ac290108d42d0108b0300020b430002078280108e82b0108f42a01089c260108b830002070270108a2
S34508008980c82601088e3100209a99193f000048430000344391310020542501088c250108e82d0020582101088f31002090310020102b010810b504002100c9b2012001f0f5
S345080089c00ffff9e77fb501215ff0005002f0d4fe00215ff0005002f0ebfe02f037ff002000900020019000200290002003906946002002f037ffdff8044601224ff400714a
S34508008a00200002f0d7ffdff8f8550320a8701020e8704ff4007028802900200002f056ff0020e870402028802900200002f04eff0020e870802028802900200002f046ff26
S34508008a400020e870202028802900200002f03eff01214ff4806002f081fedff8a865300002f0b2ffdff8a0150020086000200871002048715ff4602088600020c8600320f7
S34508008a800874300002f0d0ff0121300003f01af80121300003f021f80121300002f0e9ff012003f08af8300002f0f0ff300002f0f2ff0028fad1300002f0f6ff300002f074
S34508008ac0f8ff0028fad14820e8704ff4807028802900200002f0fafe4820e8704ff4806028802900200002f0f1fe4820e8704ff4006028802900200002f0e8fe00224ff46a
S34508008b000071200002f056ff002004b070bd80b580b203f079f8dff8f41403f083f803f00df9dff8ec24dff8ec3403f02bf9dff8e824dff8e83403f0fbf903f021fb01007b
S34508008b4089b2002002f0b8fe0121002002f0a0fe002002bd80b501224ff40071dff89c0402f028ff002002bd80b500224ff40071dff8880402f01eff002002bd38b5dff898
S34508008b8080440020e07001202080dff894542100280002f09bfe0020e070022020802100280002f093fe0020e070042020802100280002f08bfe0320a0701420e0704ff42f
S34508008bc0805020802100280002f080fe01214ff4007002f0c3fd00214ff4007002f0dafddff84044200002f0effedff81c140020086000200871002048715ff46020886004
S34508008c000020c86003200874200002f00dff0121200002f057ff0121200002f05eff0121200002f026ff012002f0c7ff200002f02dff200002f02fff0028fad1200002f051
S34508008c4033ff200002f035ff0028fad1002032bd38b5dff8ac430320a0701420e07001202080dff8c4532100280002f02ffe0320a0701420e070022020802100280002f037
S34508008c8025fe002032bd80b5dff87413032088701020c8704ff400700880dff8840302f015fe002002bdf8b50400002500261ce0dff87073072301220a21380002f01aff74
S34508008cc00121380002f0d5fe0221380002f092ff0028f9d03800c06c80b202f095ff0100280003f069fa0500761c3000c0b20828dedb280003f022f8cc4acd4b03f042f82b
S34508008d000022cc4b03f010fb03f032fc2060241d002500261be0c34f072301220c21380002f0e8fe0121380002f0a3fe0221380002f060ff0028f9d03800c06c80b202f018
S34508008d4063ff0100280003f037fa0500761c3000c0b20828dfdb280002f0f0ffb64ab74b03f010f80022b34b03f0defa03f000fc20600020f2bd80b54ff480719f4802f0a2
S34508008d8005fe02bd70b5002400251ce09d4e072301220621300002f0adfe0121300002f068fe0221300002f025ff0028f9d03000c06c80b2a24980b251f82010200003f012
S34508008dc0fbf904006d1c2800c0b20828dedb20005ff0824102f026ff70bdf8b5002400251be0904e072301220a21300002f082fe0121300002f03dfe0221300002f0fafe46
S34508008e000028f9d03000c06c80b202f0fdfe0100200003f0d1f904006d1c2800c0b20828dfdb200002f08aff804a814b02f0aaff0022804b03f078fa03f09afb04000025fa
S34508008e4000261be0774f072301220521380002f051fe0121380002f00cfe0221380002f0c9fe0028f9d03800c06c80b202f0ccfe0100280003f0a0f90500761c3000c0b276
S34508008e800828dfdb280002f059ff6e4a6e4b02f079ff0022674b03f047fa03f069fb210003f0faf904004ff40071544802f078fd02f0aafe0100200003f08efbf2bd80b531
S34508008ec0c0b2002806d001224ff40071544802f071fd05e000224ff40071514802f06afd002002bd80b5c0b2002806d000224ff480514b4802f05efd05e001224ff48051be
S34508008f00474802f057fd002002bd38b50400464d01220221280002f04dfde4b2012c05d101220121280002f045fd04e000220121280002f03ffd31bd10b54ff47a74012084
S34508008f4002f0b2fb01214ff4807003f0b1fb45f2555003f0bffb002003f0c0fb200080b203f0c0fb002003f0b5fb03f0c4fb002010bd1fb501215ff4003002f0fdfb002113
S34508008f805ff4003002f014fc1d49032088701820c87004200880194802f098fc2b4c200003f0b4fb5ff4e13000900020adf804000020adf806000020adf808000020adf847
S34508008fc00c000820adf80a006946200003f0e6fb0121200003f034fc1fbd38b504001b4d8021280003f03efc0028f8d0e4b2210089b2280003f032fc31bd000000080140eb
S34508009000bc300020002801402430002000007a4483c0caa1455da240f4fdd478e99a75400010014000240140001401407fff417ffc007f3f000020403222ac21cc48583fa5
S34508009040002200082a00c63368e88f3f0044004010b5040003e02078fff7bfff641c20780028f8d110bd1cb50024002805d13020fff7b3ff1ce0373109e0002814d010f0e1
S345080090800f0100090a0092b20a2af4da30316a4623009bb2d154641cefe7641e6846210089b2405cfff799ff200080b20028f4d113bd1fb50024002811d13020fff78dffa4
S345080090c01be00a21b0fbf1f201fb120130316a4623009bb2d154641c0a21b0fbf1f00028efd1200080b2002807d0641e6846210089b2405cfff771fff3e71fbd10b5134924
S345080091000c68002c03d012490968002901d013201ae0002801d1002016e0eff3108172b6042222630122a2630022c4f88420e06408480068401c074a106081f31088200076
S3450800914003f09afbd4f8840010bd00bf00310020dc010020183100202de9fc4104000d001600002003f039fedff8847939687d2003f0cffd39683000c0b203f0cafddff85d
S345080091807489d8f800107d2003f0c3fdd8f800103000c0b203f0bdfd386803f0e8fd0320fff7acffd8f8000003f0e1fd42f21078dff8446900223100404603f0f3fd80b23a
S345080091c0002802d040f20f107de0dff86c7a00223900404603f0e6fd80b2002802d040f20f1070e030688079c0b27d2805d0306803f012fe4ff4897065e038688079c0b2d4
S345080092007d2805d0386803f007fe4ff489705ae03068c07980b2002808d0306803f0fcfd386803f0f9fd40f211104ce03868c07980b2002808d0306803f0eefd386803f0f5
S34508009240ebfd40f211103ee03068407a009000983168897a10eb0120009000983168c97a10eb0140009000983168097b10eb0160009068463968497a416041683a68927ada
S3450800928011eb0221416041683a68d27a11eb0241416041683a68127b11eb026141603168c978012904d1009921604068286003e04068206000982860306803f0adfd38686e
S345080092c003f0aafd0020bde8f681f8b504000d001600002003f081fd2000c0b2002818d0dff80c783968872003f013fd39683000c0b203f00efd3968002003f00afd396840
S34508009300002003f0dbfc386803f031fd0120fff7f5fe2800c0b2002818d0dff8d8773968872003f0f6fc39683000c0b203f0f1fc3968002003f0edfc3968002003f0befc3f
S34508009340386803f014fd0120fff7d8fe42f21077dff8a46700223100380003f023fd80b2002802d040f20f104be030688079c0b2872805d0306803f04ffd4ff4897040e0b1
S345080093803068c07980b2002805d0306803f044fd40f2111035e0e4b2002c2ed0edb2002d2bd0dff8944800222100380003f0fafc80b2002802d040f20f1022e020688079cd
S345080093c0c0b2872808d0306803f026fd206803f023fd4ff4897014e02068c07980b2002808d0306803f018fd206803f015fd40f2111006e0206803f00ffd306803f00cfd79
S345080094000020f2bd10b50400002003f0e6fce4b2012c02d0032c1cd01fe0dff8d40604682100fe2003f075fc2100022003f071fc200003f09cfcdff8c0460022210042f280
S34508009440107003f0affc80b2002808d040f20f102ae0dff8a0060468e2e7ff2024e020688079c0b2fe2805d0206803f0d5fc4ff4897019e02068c07980b2002805d0206877
S3450800948003f0cafc40f211100ee02068007ac0b2012805d0206803f0bffc4ff4887003e0206803f0b9fc002010bd38b50400002003f093fce4b2012c02d0032c2bd02fe060
S345080094c0dff82c060468012521000a2003f021fc2100012003f01dfc21002800c0b203f018fc210041f2883003f003fc2100002003f00ffc200003f03afcdff8fc45002298
S34508009500210042f2107003f04dfc80b2002809d040f20f1020e0dff8dc0504680025d3e7ff2019e020688079c0b20a2805d0206803f072fc4ff489700ee02068c07980b26d
S34508009540002805d0206803f067fc40f2111003e0206803f061fc002032bd38b50400002003f03bfce4b2012c02d0032c36d039e0dff87c05046821000f2003f0cafb2100da
S34508009580dff8d00803f096fbdff8cc582100280003f090fb2100280003f08cfb2100dff85c0903f08bfb21005ff4c81003f086fb2100dff84c0903f07dfb200003f0d7fbb2
S345080095c0dff834450022210042f2107003f0eafb80b2002808d040f20f101fe0dff814050468c8e7ff2019e020688079c0b20f2805d0206803f010fc4ff489700ee0206861
S34508009600c07980b2002805d0206803f005fc40f2111003e0206803f0fffb002032bdf8b504000d0016001f00002003f0d6fbe4b2012c02d0032c25d028e0dff8b4040468eb
S345080096402100112003f065fb21002800c0b203f060fb2100300003f02dfb2100380003f029fb200003f083fbdff88c440022210042f2107003f096fb80b2002808d040f23b
S345080096800f101fe0dff86c040468d9e7ff2019e020688079c0b2112805d0206803f0bcfb4ff489700ee02068c07980b2002805d0206803f0b1fb40f2111003e0206803f0ce
S345080096c0abfb0020f2bd10b50400002003f085fbe4b2012c02d0032c2cd02fe0dff81004046821002d2003f014fb2100dff8b40803f0e0fa2100dff87c0903f0dbfa21000e
S34508009700dff8740903f0d6fa2100dff8700903f0d1fa200003f02bfbdff8dc430022210042f2107003f03efb80b2002808d040f20f101fe0dff8bc030468d2e7ff2019e02e
S3450800974020688079c0b22d2805d0206803f064fb4ff489700ee02068c07980b2002805d0206803f059fb40f2111003e0206803f053fb002010bd10b50400002003f02dfb0b
S34508009780e4b2012c02d0032c48d04be0dff8600304682100282003f0bcfa21005ff07e5003f088fa2100002003f084fa2100002003f080fa2100dff8680903f07bfa2100d7
S345080097c05ff0804003f076fa21004ff4fa4003f075fa2100002003f09cfa2100002003f098fa2100012003f094fa2100002003f090fa2100002003f08cfa200003f0b7fa5a
S34508009800dff8f4420022210042f2107003f0cafa80b2002808d040f20f101fe0dff8d4020468b6e7ff2019e020688079c0b2282805d0206803f0f0fa4ff489700ee02068e0
S34508009840c07980b2002805d0206803f0e5fa40f2111003e0206803f0dffa002010bd10b50400002003f0b9fae4b2012c02d0032c44d046e09e48046821004f2003f049fafc
S3450800988021004ff4c87003f034fa2100dff8240903f010fa2100dff8200903f00bfa2100dff8180903f006fa2100dff8140903f001fa2100dff80c0903f0fcf9210000205d
S345080098c003f0f8f92100002003f0f4f92100002003f0f0f92100002003f0ecf9200003f046fa854c0022210042f2107003f05afa80b2002807d040f20f101ee07d4804680c
S34508009900bae7ff2019e020688079c0b24f2805d0206803f081fa4ff489700ee02068c07980b2002805d0206803f076fa40f2111003e0206803f070fa002010bd10b5040055
S34508009940002003f04afae4b2012c02d0032c2bd02de0674804682100552003f0daf92100002003f0a7f92100002003f0a3f92100002003f09ff92100002003f09bf92100e6
S34508009980dff8440803f096f9200003f0f0f95a4c0022210042f2107003f004fa80b2002807d040f20f101ee052480468d3e7ff2019e020688079c0b2552805d0206803f052
S345080099c02bfa4ff489700ee02068c07980b2002805d0206803f020fa40f2111003e0206803f01afa002010bd10b50400002003f0f4f9e4b2012c02d0032c16d019e03c48e3
S34508009a0004682100662003f084f9200003f0aff9394c0022210042f2107003f0c3f980b2002808d040f20f101fe0dff8b0080468e7e7ff2019e020688079c0b2662805d0f6
S34508009a40206803f0e9f94ff489700ee02068c07980b2002805d0206803f0def940f2111003e0206803f0d8f9002010bd10b50400002003f0b2f9e4b2012c02d0032c16d06f
S34508009a8019e01b4804682100672003f042f9200003f06df9184c0022210042f2107003f081f980b2002808d040f20f101fe0dff82c080468e7e7ff2019e020688079c0b2e7
S34508009ac0672805d0206803f0a7f94ff489700ee02068c07980b2002805d0206803f09cf940f2111003e0206803f096f9002010bdc8300020cc300020d830002070b50400fd
S34508009b000d001600002003f068f9e4b2012c02d0032c21d024e0dff8c807046821006e2003f0f7f821003000c0b203f0f2f82100280003f0c3f8200003f019f9dff8a447a6
S34508009b400022210042f2107003f02cf980b2002808d040f20f101fe0dff880070468dde7ff2019e020688079c0b26e2805d0206803f052f94ff489700ee02068c07980b25f
S34508009b80002805d0206803f047f940f2111003e0206803f041f9002070bd70b504000d001600002003f019f9e4b2012c02d0032c21d024e0dff82807046821006f2003f068
S34508009bc0a8f821003000c0b203f0a3f82100280003f074f8200003f0caf8dff808470022210042f2107003f0ddf880b2002808d040f20f101fe0dff8e4060468dde7ff2072
S34508009c0019e020688079c0b26f2805d0206803f003f94ff489700ee02068c07980b2002805d0206803f0f8f840f2111003e0206803f0f2f8002070bddc30002038b50400bd
S34508009c40002003f0caf8e4b2012c02d0032c36d03ae0dff88c060468032521003c2003f058f82100012003f054f821002800c0b203f04ff82100002003f04bf82100012031
S34508009c8003f047f82100002003f043f82100002003f010f82100002003f00cf8200003f066f8dff840460022210042f2107003f079f880b2002809d040f20f102ee0dff8ef
S34508009cc01c0604680425c8e7ff2027e020688079c0b23c2805d0206803f09ef84ff489701ce02068c07980b2002805d0206803f093f840f2111011e0edb2012d05d12068f0
S34508009d00007adff8e415087004e02068007adff8dc150870206803f07ff8002032bd70b505000c00002003f058f8edb2012d02d0032d20d026e0dff8a8050568dff8a80559
S34508009d40067829008d2002f0e4ff29003000c0b202f0dfff280003f00af8dff888550022290042f2107003f01df880b200280bd040f20f1025e0dff864050568dff86c05b9
S34508009d800678dee7ff201ce028688079c0b28d2805d0286803f040f84ff4897011e02868c07980b2002805d0286803f035f840f2111006e02868007a2070286803f02cf8a8
S34508009dc0002070bd10b50400002003f006f8e4b2012c02d0032c1cd01fe0dff8040504682100682002f095ff2100002002f066ff200002f0bcffdff8ec440022210042f221
S34508009e00107002f0cfff80b2002808d040f20f101fe0dff8c8040468e2e7ff2019e020688079c0b2682805d0206802f0f5ff4ff489700ee02068c07980b2002805d02068fa
S34508009e4002f0eaff40f2111003e0206802f0e4ff002010bd0000a0400000aa4338b50400002002f0baffe4b2012c02d0032c20d026e0dff86c040468dff86c04057821009e
S34508009e80402002f046ff21002800c0b202f041ff200002f06cffdff84c440022210042f2107002f07fff80b200280bd040f20f1022e0dff828040468dff830040578dee781
S34508009ec0ff2019e020688079c0b2402805d0206802f0a2ff4ff489700ee02068c07980b2002805d0206802f097ff40f2111003e0206802f091ff002032bd00000000e7ff92
S34508009f00e608804a38b50400002002f066ffe4b2012c02d0032c20d026e0dff8c4030468dff8c40305782100412002f0f2fe21002800c0b202f0edfe200002f018ffdff818
S34508009f40a4430022210042f2107002f02bff80b200280bd040f20f1022e0dff880030468dff888030578dee7ff2019e020688079c0b2412805d0206802f04eff4ff489709b
S34508009f800ee02068c07980b2002805d0206802f043ff40f2111003e0206802f03dff002032bd00000000af4470b504000d00002002f013ffe4b2012c02d0032c37d03be0cb
S34508009fc0dff81c03046803262100902002f0a1fe21000d2002f09dfe2100280002f06efe21004ff4165002f069fe2100012002f090fe21003000c0b202f08bfe2100ff2081
S3450800a00002f087fe2100002002f083fe200002f0aefedff8d0420022210042f2107002f0c1fe80b2002809d040f20f1020e0dff8ac0204680426c7e7ff2019e020688079b2
S3450800a040c0b2902805d0206802f0e6fe4ff489700ee02068c07980b2002805d0206802f0dbfe40f2111003e0206802f0d5fe002070bd00008000b14900e08a4400002041af
S3450800a08070b504000d001600002002f0a6fee4b2012c02d0032c21d024e0dff8440204682100912002f035fe21002800c0b202f030fe2100300002f001fe200002f057fed3
S3450800a0c0dff820420022210042f2107002f06afe80b2002808d040f20f101fe0dff8fc010468dde7ff2019e020688079c0b2912805d0206802f090fe4ff489700ee02068ef
S3450800a100c07980b2002805d0206802f085fe40f2111003e0206802f07ffe002070bd00000000c04038b504000d00002002f055fee4b2012c02d0032c1bd01de06848046807
S3450800a1402100922002f0e5fd21002800c0b202f0e0fd200002f00bfe624c0022210042f2107002f01ffe80b2002807d040f20f101ee05a480468e3e7ff2019e020688079e0
S3450800a180c0b2922805d0206802f046fe4ff489700ee02068c07980b2002805d0206802f03bfe40f2111003e0206802f035fe002032bd00003333d33f6f12833b3333333f84
S3450800a1c0cdcc4c3e0000c8420000c04170b506000c001500002002f000fef6b2012e02d0032e16d018e03e4806683100972002f090fd300002f0bbfd3a4e0022310042f2cb
S3450800a200107002f0cffd80b2002807d040f20f1030e032480668e8e7ff202be030688079c0b2972805d0306802f0f6fd4ff4897020e03068c07980b2002805d0306802f085
S3450800a240ebfd40f2111015e03068007a3168497a10eb01203168897a10eb01403168c97a10eb016020603068007b2870306802f0d3fd002070bd38b504002000c0b20002af
S3450800a280401c2500edb22d02ed1c194b144a002180b202f0f8fb174b104a0021adb2280002f0f1fb40f2bf75012229002000c0b210f5307080b203f0d7f802222900e4b23c
S3450800a2c014f59864200080b203f0cef800200649087000200549087031bd0000cc300020c8300020d83000209731002098310020d0300020d430002010b400202ce03c21c7
S3450800a300dff8e42a03009bb24b43134400249c7603009bb24b43134400245c6203009bb24b43134400249c6203009bb24b43134400245c6003009bb24b4313440400a4b2ad
S3450800a340640883f8214003009bb201fb03f11144002281f82020401c010089b20a29cedb0020dff8881a088010bc70472de9f24f040015001e0002f0adff0700e4b25feaed
S3450800a3804408d0e04046c0b209fb00f05044406828444146c9b209fb01f14af801006ee05ff03c09dff840aa4046c0b209fb00f05044002101774046c0b209fb00f0504488
S3450800a3c00021c1764046c0b209fb00f05044002101764046c0b209fb00f050443900c9b211f01f013a00d2b2120212f4005211434246d2b2920112f0400211434246d2b2c9
S3450800a400d20112f4407211434246d2b2920012f0200211434246d2b2d20112f4c052114311f5c07181814ff0ff0b4046c0b209fb00f0504480f819b04046c0b209fb00f09f
S3450800a4405044a02181764046c0b209fb00f05044009981604046c0b209fb00f050443100490841604046c0b22100c9b2b0eb410f88d14046c0b209fb00f04af80050404609
S3450800a480c0b209fb00f05044002141624046c0b209fb00f05044042181624046c0b209fb00f050440021c1624046c0b209fb00f05044002101634046c0b209fb00f05044ff
S3450800a4c0002141634046c0b209fb00f05044002141774046c0b209fb00f00aeb0001dff8042c4346dbb21c20434302eb030088630022b8a14046c0b209fb00f05044806bae
S3450800a50003f020f84046c0b209fb00f050440021c1774046c0b209fb00f90aeb090080f81eb018f101084046c0b22100c9b24900891c8842fff634af0022a7a1dff8a83b96
S3450800a5402500edb21c20454303eb050002f0faff0122a2a1dff8940b02f0f4ffdff8900b2c2100222300dbb24b43c2542200d2b24a43024400235370e4b24c432044ff2169
S3450800a5808170bde8f18f80b58a6a0b689854521c4868824200d30022486a824205d100220021042000f0acfb03e08a62486b401c486301bd10b4ca6a002308e00c68a0541c
S3450800a5c0000a521c4c68a24200d300225b1c042bf4d310bc704710b504002100606bfff7e9ff00206063a06ae062a06a002100e0491c04290dd2401c6268904200d300202f
S3450800a600626a9042f4d100220021042000f078fb00e0a06210bd426a016b8a1841688a4201d34168521a426200210163704780b50200100080b2c01110f00f000300dbb24f
S3450800a640db1e082b26d20300dbb2db1e92b2d21012f00c0212eb6302c00706d5d2b20021092000f04dfbff202ee000200870100702d5083a012008701000c0b2052806dbc1
S3450800a680d2b20021052000f03bfbff201ce01000c0b219e00100c9b20c2901d1ff2013e0c0b201280ad14ff4fa70fef727fd00220021092000f024fbff2005e00022002173
S3450800a6c0052000f01dfbff2002bd806800e0083002780b00dbb29a4202d00278002af6d1704738b584b001a802f062fd10f1010f6ad001a802f0a4fb002868d1bdf80400a5
S3450800a700002811d19df8060002280cd19df80800812808d102f0defd9df80910c0b2814201d102f065ff52e06946bdf80400fff77effdff8b4269df8003013eb40033c2147
S3450800a7404b4302eb0304ff2841d09df8061000293dd09df8081011f00f01627e914236d09df8081011f00f016176217f00290ad19df80810090606d40200d2b20021012022
S3450800a78000f0befa23e0012508e0210001a82a00d2b210440079fff7f6fe6d1c28009df80610c0b28842f0d39df80800400608d5002020772000fff70effa06b03f022f896
S3450800a7c005e01020207702e00120fef797fc05b030bd00006161000071630000646c730038b50400dff800262000c0b2c9b211eb40013c20414302eb01055ff0ff31a86bfc
S3450800a80003f036f8a87fff2811d0dff8941c2200d2b22c20424301eb020001784078814205d02100c9b2280000f004f927e0280000f09cf9280000f082f96877697f28001e
S3450800a840fff743ff02005088296b884204d050884ff6ff71884205d129002000c0b25268904706e02300dbb200221c21280000f0b1f92800fff7cffe280000f06ff831bdfe
S3450800a88010b5002410e0dff81c1c220092b23c20424301eb0200807e002804d100220021112000f02dfa641c200080b20528eadb03f078f80020c04600281dd1dff8e44b7e
S3450800a8c02100fe20fff75ffe02f004fd002809d1002200211a2000f013fa21000020fff752fe03e021000120fff74dfe2000fff772fea06b02f086fffff7f3fefce780b555
S3450800a90000f001f801bd38b504000d0029002000c0b200f0b0f829002000000ac0b200f0aaf829002000000cc0b200f0a4f82900240e2000c0b200f09ef831bd38b5040015
S3450800a9400d0029002000c0b200f095f82900a4b2240a2000c0b200f08ef831bd10b50400e07e002809d11020e0760320a073607f60740020a07480202074207c50f04000c5
S3450800a9802074217c207e41182174207e401c10f00f002076e07f00280fd114f10c0002f0a9fb5ff0ff3100b288420ad194f8212000210a2000f0a4f903e014f10c0002f0be
S3450800a9c076fb0020a0730020e076a020a07610bd38b5dff81c470500edb22c235d4304eb05039c78ff2c24d05c781c442171597803eb8101ca605978491c11f007010a002e
S3450800aa001c78d2b2a24206d10200d2b20021262000f076f90de05970dff8881ac0b29a7812eb40023c20424301eb0200806b02f0e9fe31bd38b50400dff8642ac9b22c2059
S3450800aa40414302eb0105fb206077210028782844007900f010f82100287805eb8000c068fff751ff2878401c10f0070028702000fff774ff31bd38b504000d00e87e002884
S3450800aa8009d10320a873687f68740020a8741020e87680202874a87b082823db297c287e41182974287e401c10f00f002876e87f00280fd115f10c0002f01cfb5ff0ff315d
S3450800aac000b288420ad195f8212000210a2000f017f903e015f10c0002f0e9fa0120a87300202874a87b28440474a87b401ca87331bd38b50400200000f021f80500200048
S3450800ab0000f01df815eb0025200000f018f815eb0045200000f013f815eb0065280032bd38b50400200000f00af80500adb2200000f005f815eb0025280080b232bd0100fe
S3450800ab40086b002801d100200fe0086b401e086308684a6a805c4a6a521c4a624a6a4b689a4201d300224a62c0b2704770b50400616a206b41186162606a6168884203d365
S3450800ab80616a6068091a6162606ae16a884201d101201ee0042020630026002506e0360a2000fff7ccff16eb00666d1c2800c0b20428f4db6068b04209d20020e06a6062ff
S3450800abc0012200211b2000f09bf8012001e02663002070bdfeb507000d0014001e0002f079fb8030adf8000008208df80200f87e002835d10320b873787f78743c217a4a14
S3450800ac003000c0b2484310443300dbb24b43134493f820305b1c80f820303000c0b24843104490f8200000280cd13000c0b2484310443300dbb24b43134493f820305b1c20
S3450800ac4080f820303000c0b201fb00f102eb010090f82000b8741020f8768020387405e03200d2b20021032000f04af828008df80400adb22d0a8df80550b6f180008df8e5
S3450800ac8006005949f6b23c20464301eb060090f820008df80700002c0dd004200100c9b2082915da21786a460300dbb21a441171641c401cf2e7042006e000216a46030016
S3450800acc0dbb21a441171401c0100c9b20829f4db684602f00ffa10f1010f10d102f0daf9684602f007fa00208df8040002208df8050080208df80600684602f0fbf9f7bd38
S3450800ad007fb506000c00150002f0e4fa8030adf8000008208df8020096f4004630008df80400b6b2360a8df80560b5f180008df80600002c0dd003200100c9b2082915da42
S3450800ad4021786a460300dbb21a441171641c401cf2e7032006e000216a460300dbb21a441171401c0100c9b20829f4db012002f03ffe1e4c2188082919da26882188491cf2
S3450800ad80218002f035fe00200100c9b2082910da3100c9b204ebc1010200d2b211446a460300dbb21a4412798a70401cece702f01ffe684602f09ef910f1010f11d102f053
S3450800adc069f9684602f096f902208df8040000208df80500b5f180008df80600684602f089f97fbd00000000d40a0020fc2e00202de9f04704000d0000202800006bc046f1
S3450800ae00062808d22300dbb200221c212800fff7e1fe002064e12800fff791fe82462800fff767fe81462800fff789fe80465046c0b2b0280bd05046c0b2b32807d0504656
S3450800ae40c0b2e12803d05046c0b2c02805d1002601212800c177c04600e046462800006bc046f6b2b04208d02300dbb200221c212800fff7affe002032e19c4e4ff4fa61f6
S3450800ae80300002f0f5fc0700380080b2002808d02300dbb200223d212800fff79bfe00201ee15ffa8afabaf1000f20d0baf1a20f4bd0baf1a30f72d0baf1b00f00f0818002
S3450800aec0baf1b20f6fd0baf1b30f00f0bd80baf1b50f00f0e980baf1c00f00f08a80baf1c10f05d0baf1c20f00f0c880e1e0e7e0b9f5805f07d24046c0b210eb090041f2a2
S3450800af000101884201d340271ee009f1006919f5be29002708e02800fff711fedff888153a00d2b288547f1c38004146c0b2c9b28842f0d3dff870255ffa88f8414689b281
S3450800af40484602f03ffc0700bae0002708e02800fff7f5fddff850153a00d2b288547f1c38004146c0b2c9b28842f0d3dff83c05814512d34046c0b210eb0900dff83015c3
S3450800af8088420ad2dff820255ffa88f8414689b2484602f017fc070000e00f2790e0002002f004fb8ce0dff80405814501d20e2703e0484602f034fb0700002002f0f6fa40
S3450800afc07ee029004046c0b2fff755fd5ff0000a08e0290099f80000fff74dfd19f101091af1010a50464146c0b2c9b28842f0d366e0b9f5805f07d24046c0b210eb0900d8
S3450800b00041f20101884201d340271ce009f1006919f5be2929004046c0b2fff72cfd5ff0000a0ae048460078c0462900c0b2fff722fd19f101091af1010a50464146c0b27c
S3450800b040c9b28842eed33be029004046c0b2fff712fd5ff0000a0ae048460078c0462900c0b2fff708fd19f101091af1010a50464146c0b2c9b28842eed321e0484602f056
S3450800b08095fa0700dff8248405e0404602f0c8fa070018f50068380080b2002803d1dff814048045f1d30be0484602f07ffa070006e02300dbb200222e212800fff78afd5d
S3450800b0c0380080b2002807d02300dbb20022390089b22800fff77efd300002f093fb0020bde8f087941f00200c2b00206c2f0020b025002080b503000800dbb2002206211e
S3450800b100fff768fd012002bdf8b507000c002000fff715fd06003000c0b200280dd121000220fff7a8fc21000020fff7a4fc21000c20fff7a0fc00206fe03000c0b2ff2865
S3450800b1400dd102f05bfc050021000220fff793fc2100e86a80b2fff7f1fb00205de03000c0b2072802dadff8505318e03000c0b20c2803dadff84453f61f10e03000c0b202
S3450800b180132802dace4d0c3e09e000253b00dbb2002208212000fff71dfd00e06d1c3000c0b2002812d0761e002728000078c0460028f3d06d1c7f1c380080b23328f4db9b
S3450800b1c021000020fff757fc012026e000263000c0b240190078c04600280ad0761c3000c0b23328f3db21000020fff744fc012013e021003000c0b2fff73dfc08e0280005
S3450800b2000078c0466d1c2100c0b2fff734fc761e3000c0b20028f2d10120f2bd38b505000c002000fff78bfcc0b2002806d0022822d020d3042828d01fd32ee021000020d0
S3450800b240fff719fc21009f480068800b10f0010090f00100c0b2fff70efc21009a480078fff709fc2000fff779fb1420fdf746ff02f0bef918e017e016e04ff4004093496c
S3450800b28008600020904908700ee04ff400409049086001208c49087006e02b00dbb2002207212000fff796fc21000120fff7e3fb210084480068800b10f0010090f001007f
S3450800b2c0c0b2fff7d8fb21007f480078fff7d3fb012032bd38b504000d002800fff72ffcc0b200280ad0012813d17a49e4b21c20444301eb040002f085fa11e05ff0ff311c
S3450800b300744ae4b21c20444302eb040002f0b0fa06e02300dbb2002225212800fff75afc012032bd70b504000d002800fff707fc06003000c0b2ff2809d1ff21584ae4b281
S3450800b3402c20444302eb04008170a97727e03000c0b200281cd10020a87752492200d2b27820424301eb0200a84208d100214c4ae4b22c20444302eb040081700fe00121cb
S3450800b380474ae4b22c20444302eb0400817006e02300dbb2002225212800fff71bfc29003000c0b2fff767fb29000020fff7abfa012070bd2de9f0410c002000fff7bffbf8
S3450800b3c005002800c0b2ff2822d1434d21002888c0b2c000c0b2fff74efb002610e021003000c0b205ebc0003a00d2b210448078fff741fb7f1c3800c0b20828efdb761cac
S3450800b4003000c0b2298880b2884246d20027f2e7002000210ce00a00d2b206ebc202127912f007022b00dbb29a4200d1401c491c294e0a00d2b2338892b29a42ebd32100ac
S3450800b440c0b2c000c0b2fff716fb002711e021003800c0b206ebc0004246d2b210448078fff709fb18f101084046c0b20828eedb7f1c3800c0b2318880b288420dd2380019
S3450800b480c0b206ebc000007910f007002900c9b28842edd15ff00008e6e70120bde8f081b0250020d40a0020b021002000f0050801000608ffff05086001000810020008d6
S3450800b4c060210008081001408631002014100140101001400c2b0020fc2e002070b504000d00414e5ff0ff31300002f0c1f93f4908880a884f2a02d100220a8002e00a88e8
S3450800b500521c0a803a49020092b201f8324080b201ebc0004560300002f074f9354802f071f970bd10b5344c00222100314802f009f8012221002c4802f004f810bd38b565
S3450800b540002400e000245ff0ff312a4802f090f9274d200080b215f83000012807d03cd303280cd022d3052830d027d335e0200080b205ebc0004068fdf76afd2de02000ad
S3450800b58080b205ebc000406800280fd52d20fdf724fd200080b205ebc00041685ff0ff304143200080b205ebc0004160200080b205ebc0004068fdf77cfd0ee0200080b2de
S3450800b5c005ebc0004068fdf74efd06e00a20fdf704fd0d20fdf701fdffe7200080b24f28b0d0641cafe70000a42f00207e31002004080020882f0020c82c0108dff808128a
S3450800b6000a6832f480320a600a6832f480220a60b0f5803f03d0b0f5802f05d009e0086850f48030086004e0086850f4a0200860ffe77047c0b27649086070470022734b02
S3450800b6401a6832f47c121043084318607047c0b270490860704700216c4a1168890889000843106070470021684a116831f0f0010843106070470021644a116831f4e06115
S3450800b6800843106070470021604a116831f4605151eac0011160704700215c4a116831f44041084310607047c0b25c490860704710b40021002100210021544a116811f0de
S3450800b6c00c01002904d0042905d0082906d01ee0534901601de0534901601ae0136813f470139b0c9b1c116811f48031002903d14d494b43036009e01168890303d54b49ca
S3450800b7004b43036002e047494b43036001e044490160116811f0f0010909454b595c0468cc404460116811f4e061090a595c4468cc408460116811f46051c90a595c436875
S3450800b740cb40c360116811f44041890b394a515cc268b2fbf1f1016110bc7047c9b2002904d035490a681043086004e032490a6832ea000008607047c9b2002904d02f490d
S3450800b7800a681043086004e02c490a6832ea000008607047c9b2002904d029490a681043086004e026490a6832ea000008607047c9b2002904d023490a681043086004e03c
S3450800b7c020490a6832ea0000086070470021002100210100c9b24909c9b2012902d10a49096806e0022902d10b49096801e016490968c0b210f01f00c140c80701d5012006
S3450800b80000e00020c0b2704700100240041002400000424260004242201002408004424200127a00001bb70000093d00808d5b00c8010020d8010020181002401c10024081
S3450800b8400c100240101002402410024080b501215ff00050fff7acff00215ff00050fff7a7ff01bd30b400220022164d2b6840f6fe72824093430c684a6814438a681443b1
S3450800b880c9680c4314fa00f01843286030bc7047c9b2002907d00b490a68012313fa00f01043086007e007490a68012313fa00f032ea00000860704789b2034a1018016043
S3450800b8c0704700000074004008740040f0b4002200220022002200220022cb7813f00f03ca78d20601d58a7813430a78120620d0066800241ae0ca78482a16d1a740076103
S3450800b90013e0012717fa04f50a882a40aa420cd1a2000f259540ae4313fa02f232431600ca78282ae7d1a7404761641c082ce8d306600a88b2f5807f26db4668002420e02c
S3450800b940012714f1080517fa05f50a882a40aa4216d1a2000f259540ae4313fa02f232431600ca78282a04d114f1080217fa02f24261ca78482a03d114f108029740076187
S3450800b980641c082cdcd34660f0bc70470022806889b2084201d0012000e00020c0b270470022c06889b2084201d0012000e00020c0b27047d2b2002a02d089b2016101e07b
S3450800b9c089b241617047000080b5dff81012884208d0dff80c1288420fd0dff80812884216d020e001214ff40070fff7d3fe00214ff40070fff7cefe15e001214ff480602a
S3450800ba00fff7c8fe00214ff48060fff7c3fe0ae001214ff40040fff7bdfe00214ff40040fff7b8feffe701bd10b4002200234468dff8b42114400a6814430a7954ea0224a8
S3450800ba4044608468dff8a4211440ca6814438a6814434a7954ea42048460c26a32f47002097c491e0b43dbb252ea0352c26210bc7047c9b2002904d0816851f001018160f3
S3450800ba8003e081684908490081607047816851f008018160704700218068000701d5012000e00020c0b27047816851f004018160704700218068400701d5012000e0002071
S3450800bac0c0b2704700220022426832f46042c9b2491e52ea413242607047c9b2002904d0416851f40061416003e0416831f4006141607047f0b4002400240c00e4b20a2cd9
S3450800bb0011dbc5680727b1f10a060324664317fa06f6b543dbb2b1f10a0603246643b3402b43c3600ee004690726032505fb01f516fa05f5ac43dbb2032505fb01f5ab4061
S3450800bb40234303611300dbb2072b0fda446b1f26551e05235d4316fa05f5ac43c9b2531e0522534399402143416324e01300dbb20d2b0fda046b1f26d51f05235d4316fa3b
S3450800bb8005f5ac43c9b2d31f0522534399402143016310e0c46a1f26b2f10d0505235d4316fa05f5ac43c9b2b2f10d030522534399402143c162f0bc7047c0b2002805d0cd
S3450800bbc00b48016851f40001016004e00848016831f4000101607047000000000024014000280140003c0140fffef0fffdf7f1ff0824014000220068c9b2084201d0012030
S3450800bc0000e00020c0b2704750b1b0fa80f18840c1f19d01c905020672f1004241eb1020704700004ff0ff0c1cead0531dbf1cead1526345624543e09b1a5feacc7280ea7b
S3450800bc40010c42ea01211cea020c42ea0020421a38bf01eb420253f17e034fea1121b2fbf1f001fb102260f3d63c4fea0222b2fbf1f001fb102260f3ce1c4fea0222b2fbc7
S3450800bc80f1f006ddff2b29da5cea500040ebc3507047c3f1020301fb1022192b40ea4c010cf0004c41f0807121dc21fa03f0c3f120039940114371f1004250eb0c0070473d
S3450800bcc063451abf0cead152624512e080ea010c00180cf0004c06d049181ad10cf0004c4cf0ff407047c94208bf6fea020c60467047634506d1b2eb0c02f5d001f00041d9
S3450800bd00484070474a0212bf0846484000f0004070474ab90902b1fa81f2914043b19b18c00140f0004092e7c90141f0004152420002b0fa80f39840d31a88e7c0f3c751a0
S3450800bd4081b1ff2906d0c110400721f0e04101f16051704741020cbf40f4e0016ff000410020704700f0004100020ad0b0fa80fc00fa0cf001f16051a1eb0c5101ebd021b5
S3450800bd804005704730b540f2ff7c1cea11541dbf1cea1355644565453fe0641981ea030c6ff35f530cf0004c43f48013c90241f0004141ea505ec5021100a5fb02020028e9
S3450800bdc04ff00000eefb01204ff00001e3fb052118bf42f00102401800214941e3fb0e01a4f580640d0302d292184041494154f1010470dd450872f1004250f1000051eb90
S3450800be000451a1f5801102d441ea0c0130bd40f2ff7e4cea0e51002030bd0cea1355644518bf654581ea030c0cf0004c41d050ea410e1cbf52ea430e02e06146002030bd4a
S3450800be4024422c441bd15fea050ef6d0090302bf01460020aef1140eb1fa81f5aeeb050401fa05fe0c35c5f1200100fa05f5c8404eea000e6ff35f5343f480139ce733f03c
S3450800be800043b3fa83f504bfb2fa82fe75440b3d641bb5f1200e2fbf02fa0ef3ab40c5f1200e22fa0efe38bf43ea0e03aa40641c7ce750ea410e14bf52ea430e6ff000019c
S3450800bec04ff4001515eb430f8ebf194615eb410f9de7b4d830bdd4f10104b4f120050fdac4f12005520828bf42f0010210fa05fe01fa05f57244e2bfe0402843e1400fe0d0
S3450800bf00352c9adcc5f1200452ea400220fa05f218bf42f0010231fa05f0a1400a43002172f1004250f1000051eb0c0130bd000070b491ea030f4ff0004540f1b7806b40d4
S3450800bf40841a71eb030604d26e40001bb141121973414ff4001c1ceb410f34bf7ceb430683e00c0da4eb1356362e00f37c80012e45eac32341dc43ea525312bfd2029202b4
S3450800bf805b08240545eac12141ea5051d2ebc020994125d407d1b0fa80f610fa06f162d00020203608e0b1fa81f6b140c6f1200220fa02f21143b0404feaf474b4eb4654f9
S3450800bfc034f001064fea74040ad8d6f50016760d04f00044f04061fa06f25040f1404840c00a40ea415021f0004128bf5fea500550f1000044ebd12135e0db0a45eac12144
S3450800c000c90ab6f120050edd42ea0242120cc5f1200603fa06f6eb4042ea06056d42984161f100010de062fa06f5f240554063fa06fc82ea0c02f3405a406d42904161eb4b
S3450800c040030111f4801f05d1641e620502d06d004041494121f48011430875f1004350f1000041eb045170bc70471ceb410f15d223f0004352ea43060bd04fea4c0cbceb96
S3450800c080410f04d80c0d661e342eb7ddebe7801a994150ea410608bf0021e4e708bf1ceb430f28bf6ff00001dde70000841a71eb030603d2001bb141121973414ff4001ceb
S3450800c0c01ceb410f34bf7ceb430442e00c0da4eb1356352e4fdc45eac323db0a45eac121c912b6f120050ddd63fa05f6eb4086ea0305124218bf45f00105c01851f1000161
S3450800c1000cd213e062fa06f5f2405540f3415a40b340f3405a408018594107d349085fea30005fea350528bf45f0010501f58011420875f1004250f1000041eb04514e0070
S3450800c14016f5001f70bc38bf70470020090d090570471ceb410f10d252ea43060bd0bceb410f05d80c0dab43661e342eb6dd02e0ab438018594170bc704770bc70470000fd
S3450800c180c1f30a5340f21e42d31a0cddca0283f3070342ea505242f00042da4002ebe17282eae17070476feae17203f2e13008b182f000407047000090ea010f40f172801b
S3450800c1c081f00041431a4ff000423ebf5340c01ac918d3095fead05c13eb400f34bfb3eb410f40e07cebd1530cd342ea012122d8d1eb402009d3400a28bf5fea500140eb17
S3450800c200cc507047401a15d04002b0fa80f2521c9040400a4fea3c23b3eb026384bf00eb730007e040f400001a16db07c2f10102d04018437047182bfcdc31fa03f202fa80
S3450800c24003f3591a38bf42f00102d2eb40203cbf0018acf1010c5feacc5cc20572f100414ceb5020704713eb400f0fd2c94209d0acebd153022b03db4902172bdddd704731
S3450800c2809143401ac042d5d10020704713eb410fd0d36ff00000704790ea010f7ff592af81f00041421a3cbf801a8918c0f3c752ff2a4ff0004c22d0c1f3c7534bb3d21a0f
S3450800c2c0d2f119032edd4cea01214cfa03f321ea0303d1404cea00226ff3160052180fd353eac2534cea520273eb0c0c50eb1220420012f1807f38bf70476ff31600704794
S3450800c30053ea026322ea0c0273eb0c0c50eb12207047490212bf9a4200eb5120efe7d2f11703d2d570470000f0b540f2ff7581ea030c0cf0004c15ea11541dbf15ea13577e
S3450800c340ac42af42e5e0bc41c1f31301c3f31303801a994143f4801304d2641e0018494180185941c90241ea5051b1fbf3f603fb1611a2fb0675d7ebc020a94102d2761eb3
S3450800c38080185941c90241ea5051b1fbf3fe03fb1e11a2fb0e75d7ebc020a94103d2aef1010e80185941890241ea9051760546ea8e2eb1fbf3f603fb1611a2fb0675d7ebe9
S3450800c3c08020a94102d2761e80185941c90241ea50514eea060eb1fbf3f603fb1611a2fb0675d7ebc020a94102d2761e80185941c90241ea5051b1fbf3f703fb1711a2fb40
S3450800c4000735d3ebc020a94167f100070cbf004247f0010766f3d5274fea1e31b80814f5806412ddbd0775f1004250eb0e5051eb045111f5801f5cbf41ea0c01f0bd4cf08f
S3450800c4407f6141f0e0410020f0bdbd076d0840ea0e5041f48011d4f10104b4f120060adac4f120060200e04001fa06f3e1401843b24015430ee0342c13dcc6f1200445eab1
S3450800c48040056d0820fa06f2154321fa06f0a1400d43002175f1004250f1000051eb0c01f0bd00205fea0c01f0bdcfb992185b41b3fa83f704bfb2fa82f6bf190b3fb7f13f
S3450800c4c020062fbf02fa06f3bb40c7f1200622fa06f638bf3343ba401cb1e419641e33e77f4231f00041b1fa81f404bfb0fa80f6a4190b3cb4f120062fbf00fa06f1a140b2
S3450800c500c4f1200620fa06f638bf3143a0403c1b1ae7ac421abf05ea1357af4212e050ea41061cbf52ea4306bfe750ea4107304661461cbf41ea0551f0bd52ea430c08bfd5
S3450800c540c143f0bd00204ff4001616eb410f98bf16eb430f08bf16eb410f24bfc14305e016eb430f0cbf61464cea0551f0bd000001f000428b1aa3f16051b1f5801f0adb5f
S3450800c580b1f17f6f1fd242eac102c10071f1004142eb507070470b15c3f10903212b10d2890241ea905180020128494141f0004121fa03f0c3f12003994071f100415041b7
S3450800c5c07047100070476ff0000013eb103f5cbf000e42eac0507047ff2212ead05c1dbf12ead153944593422be09c44d30780ea010243ea002043ea01211a40a1fb003000
S3450800c600c04238bf00187cf17f010bdbfe294ada5b0842eac15153ea006373f1004c51eb10207047d1f1080cdcf120012fdb5b0810fa01f10b4320fa0cf073f100415041e2
S3450800c640704794451cbf02ead153934280ea010202f000421dd0400019d0490017d05bb9634514d00902b1fa81f39940bceb030cc00140f00040c1e70002b0fa80fc10fa11
S3450800c6800cf0b3eb0c0cc90141f00041b6e71000704740000ad0490008d010f1807f94bf11f1807f02e042f0ff407047d0437047c9b2002904d006490a681043086004e0df
S3450800c6c003490a6832ea00000860704700000000042004e080b20a4908607047c0b209490860704780b20849086070474af6aa200349086070474cf6cc40014908607047d6
S3450800c70000300040043000400830004080b54749884216d0464988421ed04649884226d0454988422ed04549884236d101214ff48040fff72ff800214ff48040fff72af851
S3450800c7402be001215ff40030fff732f800215ff40030fff72df820e001215ff48020fff727f800215ff48020fff722f815e001215ff40020fff71cf800215ff40020fff7b0
S3450800c78017f80ae001215ff48010fff711f800215ff48010fff70cf8ffe701bd78b585b004000d00002000200020002000202600218a4cf6ff700140e88801432182a18975
S3450800c7c04ef6f3100140a88801432889014368890143a181a18a4ff6ff400140a8890143a1826846fef764ff1448864201d1039900e002991920414328688000b1fbf0f2ed
S3450800c8006420b2fbf0f109010b001b097ff0630000fb0322100132306422b0fbf2f010f00f000143218106b070bd00000044004000480040004c00400050004000380140ae
S3450800c840c9b2002904d0818951f40051818104e082894df6ff710a4082817047c905c90d8180704700220088084201d0012000e00020c0b27047000010b5040048480068be
S3450800c88084420ad1e06c002807d05ff0ff31884203d014f14c0001f0b7f8eff3108072b640490968491e3f4a1160a16b002964d00021a163e16a226aa2421ad0226a636af0
S3450800c8c05362626a236a1362374a52f82120a24253d1354a236a42f82130344909688c424bd133490968304a52f821102f4a116043e02d4a002342f821302e4a12680123fa
S3450800c90013fa01f1c94311402a4a11600021294a1268d3b2002b20d1120ad3b20831002b1bd1120ad3b20831002b16d1120ad3b20831002b11d11e4920220a601b4900229c
S3450800c9400a6080f310881c480068164909680843002823d101f09af820e0184a9a5c5118134a1160114909688c4206d1104909680d4a52f821100d4a116080f310880848f0
S3450800c98000680a490968884208d00b480068054909680843002801d101f078f810bd00bf00310020183100201c2c0020043100201431002010310020dc010020b0240020c1
S3450800c9c00a684b689a4204d1aa2101805ff0ff300be00a68cb6833f812300380521c8868824200d300220a60002070474a68cb6823f81200521c8868824200d30022086818
S3450800ca00904202d15ff0ff3001e04a6000207047c160826000210160002141600020704738b5dff8a0550b22dff89c152800fff7efff0b22dff89415dff89405fff7e8ffd1
S3450800ca400b22dff89015dff89005fff7e1ff00240fe0dff888152200d2b21a20424301eb0200447129002000c0b280b2fff7beff641c2000c0b20a28ebdb0020dff8601518
S3450800ca800880002032bd2de9f04716001f00dff85095b9f80080b9f80020082a0adb002200212320fef72cf9dff83805306038600120fde00c0005002800c0f3042010f58b
S3450800cac0c070dff824a5baf80020d2b240f2bf7180b200f0c9fcbaf80000401caaf80000dff80015404680b24001084430602800c0f3042215f400500243280210f4c0506b
S3450800cb000243e80010f020000243280210f4407010f5c0700243404680b240010a520020424692b252010a4490700020424692b252010a44d0702800c0f3042215f40050f4
S3450800cb400243280210f4c0500243e80010f020000243280210f4407010f500700243404680b24001084482800020424692b252010a4410740020424692b252010a44507451
S3450800cb800020424692b252010a4490740020424692b252010a4450610020424692b252010a4490613822dff844342000c0b2504318441ffa88f85fea48160e44f061b9f85c
S3450800cbc00000401ca9f80000b9f80060300080b24001084438602800c0f3042715f400500743280210f4c0500743e80010f020000743280210f4407010f5c070074357f06b
S3450800cc004007300080b240010f5200203700bfb27f010f44b87000203700bfb27f010f44f8702800c0f3042715f400500743280210f4c0500743e80010f020000743280228
S3450800cc4010f4407010f50070074357f04007300080b240010844878000203500adb26d010d44287400203500adb26d010d44687400203500adb26d010d44a874002035006d
S3450800cc80adb26d010d44686100203500adb26d010d44a861e4b2544303eb0400b6b272011144c861b9f80000401ca9f800000020bde8f08780b500f001f801bd38b50400d4
S3450800ccc00d0029002000c0b200f023f829002000000ac0b200f01df829002000000cc0b200f017f82900240e2000c0b200f011f831bd38b504000d0029002000c0b200f046
S3450800cd0008f82900a4b2240a2000c0b200f001f831bd38b504000d00297c002905d10121a9711021297480212972a979082916db297aa87841182972a878401c10f00f0061
S3450800cd40a870687c002803d1281d00f0d3f902e0281d00f0acf90121a97100212972a97929440c72a979491ca97180b232bd10b50400207c002801d1012012e0207a50f0dd
S3450800cd8040002072217aa07841182172a078401c10f00f00a070201d00f0acf900202074002010bd38b50c001300020069468f4ddbb23820434305eb030000f069fe002878
S3450800cdc007d1864a009b1a214b4302eb0301216001e00021216080b232bd7cb50500012601226946814b2c00e4b23820444303eb040000f04dfe0400002c08d17749009ad7
S3450800ce001a20424301eb020000f006f80026002ce6d0300080b276bd80b500280ed06949407980b2fff7e2fd40b2002806d0002200212220fdf764ff222000e0002002bd32
S3450800ce40feb50400257815f01f052088001210f0200005432e0000f03dfaf6b2864201d100208ae0002732e01020b0742ee070697169098808443900c9b22144097981712c
S3450800ce8070690088401c7169088070690088142809db002200212120fdf732ff70690088401e716908807f1c3800a178c0b28842ddd320794006d7d50020b07470694079c1
S3450800cec00190002201a9f06900f0d6fe7f1c3800c0b24349098880b288424dd241483900c9b24901415a22889142efd1ffb2790100eb0106a07800282ed0b07c002829d125
S3450800cf00207900062ad52f496846fff759fd80b200282ad13149bdf800201a20424301eb020070610020716908802088b0f5c070001210f003002188c91011f004010843ca
S3450800cf407169c870706985702088801210f00100716908710127a7e701200ee0002200210120fdf7cdfe012007e0002200212020fdf7c6fe012000e00120febd7cb50024d8
S3450800cf8016e04ff4807000901949220092b24ff48070424301eb020301221649134d2600b6b23820464305eb060000f00bff641c200080b20228e4dbfff732fd01200a49a4
S3450800cfc0088073bd6c300020dc2f0020f42f00204c3000200c3000205c300020ac20002082310020b0230020843100201c2d00202c0d00203c2e010810b40022dff8b83438
S3450800d0001878aa2800d01a221879552800d01a2258780100c9b2002903d00100c9b2402900db1a220100dc78c9b2a14200d01a229978c9b2c9430300dbb2c9b28b4200d017
S3450800d0401a2292b2002a01d1c0b200e0002010bc70470022dff860140879552800d01a22c879552800d01a2248790300dbb2042b00db1a228979c9b2c9430300dbb2c9b2c5
S3450800d0808b4200d01a2292b2002a01d1c0b200e0002070470120dff8241408700020dff8201408700020dff81c140870704770b50400dff80c54dff80c6431782878081a6d
S3450800d0c00100c9b21f290cdb1e380ae00120fcf715f831782878081a0100c9b21f2900db1e38c0b20b28f1da200000f003f8c0b200b270bdf8b50500012000f079fc0400ae
S3450800d100dff8c0231178491c0800c0b21e2800db0021dff8ac3310781e78b0420ad1dff89c030078002805d1200000f061fc5ff0ff303ce00c20dff890631778474337445f
S3450800d140d5f804c0c7f804c0177847433744d5f808c0c7f808c017784743374495f802c087f802c02d88177800fb07f0355211701578d5f11e0518784519dff8401308786d
S3450800d18000280ed000200870dff84003016851f001010160dff838030068400101d500f0d8f8200000f024fcedb2280000b2f2bd70b5c84c2178002902d05ff0ff3031e097
S3450800d1c00c21c54dc54a2b784b43d35a03802b784b4313449b7883702b784b4313445b6843602b7801fb03f11144896881602e78761c3000c0b20b2800db0026012000f09d
S3450800d200f7fb3100b64a1278c9b2914206d1012121702e7000f0ecfb002003e02e7000f0e7fb012070bd38b54ff40072ad4b1a60ad4c226832f0f00230322260ab4a136826
S3450800d24033f4c04313f58043136000229c4b1a7000229c4b1a700122984b1a7000229e4b1a7000229e4b1a7001229a4b1a70a04a1170a04a012313609f4b1d68ed07fbd5a7
S3450800d2809e4dc0b255f820009d4d2860106850f00400106010684008400010601868c007fcd4c9b2080080b200f096f8022087490860206830f0f000b030206031bd4ff4bb
S3450800d2c00070884908608848016831f0f00130310160704786480078704730b4804a1178491c0800c0b20b2800db002110787a4b1b78984207d177480078002803d120206c
S3450800d3008049086023e00c20744b7f4c2468640d157845435c53147844431c447b4d2d6815f00f05a570147844431c44784d2d686560147800fb04f01844764b1b688360a6
S3450800d3402020704b18600020624b1870117030bc704730b45949087800280ad05b4801684908490001605a48016851f00101016030e0694a0c235248534c05785d43254444
S3450800d3806d68956005785d432544ad68d56005785d432544ad785560057803fb05f3e35a5b055b1c13600278521c1300dbb21e2b00db00221300434c2478dbb2a34208d114
S3450800d3c001230b7041490b685b085b000b60027000e0027030bc7047504901220a60504a0123136013685b085b00136000224d4b1a6000224c4b1a6080b2400110f178702d
S3450800d4004a4a10604a484b4a106001204a4a106000200860704718b42d4b1a6812f0e052b2f1e05ff8d13c4ac0b2444c14eb00649460d160082050602d480078404911ebe0
S3450800d44040511160186810f0e050b0f1e05ff9d10020009002e00098401c00900098b0f57a6ff8d311bc7047f0b4304b1400e4b203ebc404012313fa02f2284d01232b60ef
S3450800d480284e376813009bb21f433760244e376813009bb29f433760274b1e6892b232431a6080b24005206089b249056160002028600020f0bc7047f0ff00208931002086
S3450800d4c08731002088310020c417002014640040086400408c3100208a310020982b00208b310020100c0140040c0140040001408d3100200064004004640040402d010804
S3450800d5001c6400400c640040b0650040b4650040b8650040bc6500408065004000660040046600400c66004014660040406600400000e0ff446600401c660040150080001a
S3450800d5400100001070b504000d0016001c220021200000f07dfc6560a660eff3108072b60f4921600f49096800290bd00d49096889690c4a126894614c61a161094909685d
S3450800d580616103e007490c606461a46106490968491c054a116080f31088002070bd00bf414d45532031002024310020002807d100207049086080206f490860002016e013
S3450800d5c06c4a6e494840106011686d4841406d48814209d16c48116801606c490160002065490860002002e0002010602c20704780b55ff0ff3066490860664908606649b8
S3450800d600086066490860fff75afe654965480860002000e0401c6428fcd36348086001bd54490968002901d1272016e0524902220a605e4a1060086850f0400008605c4940
S3450800d6400800411e002803d05a480068c007f7d4002901d10b2000e000207047ff2056490870564908700020554908600020704710b44f4b0122404c226001801a00531edc
S3450800d680002a03d04b4a1268d207f7d4002b01d1192006e0008889b2814201d1002000e0282010bc704780b5454a1068002809d0414800784149097811eb002189b2106854
S3450800d6c0fff7d6ff002002bd2de9f04104000d00002028490968002901d1272047e0384e316800290ed16108490031603349ff220a70314b1a703268a24201d10d7035e046
S3450800d7001d7033e0306861084900884214d13068a04202d12948057001e027480570264800782649097811eb002189b23068fff79fff0021316019e01f4fdff88080387850
S3450800d74098f8001011eb002189b23068fff790ffff2188f8001039706108490031603168a14202d188f8005000e03d7080b2bde8f0810000e83000201020024055af2350d5
S3450800d7805231c2ab7130a5ee04200240ab89efcd80e100e084e100e080e200e084e200e00ced00e00400fa050100fa051420024040420f000c2002409c3100209d310020a7
S3450800d7c0e4300020f8b506000c001500fff746ff002701e0761c7f1c3800210080b289b288420bd2380080b2295c3000fff76cff010089b20029edd080b202e0fff753ff38
S3450800d8000020f2bd80b50100eff3108272b6c868002806d18868401c886082f31088002023e0036f984202d10023cb600be0036fcb60036fd0f874c0c3f874c0436fd0f8da
S3450800d84070c0c3f870c00b695b1e0b610021816606490968491c054b196082f310880021c0f8841000f0fefa002002bd1831002010b5eff3108272b68368002b06d0816850
S3450800d880491e816082f3108800202fe000292ad0174b1c68174ba366e066c368002b0ad0c3682367c3685b6f6367c3685b6f1c67c3685c6702e0c4602467646703695b1cd3
S3450800d8c00361062020630120a063e1640a480068401c0949086082f310882000fef7ccffd4f8840002e082f310880d2010bd00bf00310020e92201081831002080b572b6c4
S3450800d900244825490860fff7dafc0120fdf792fe2120fdf75bff0028fad00020fdf79bfe5ff48030fdf76afe3120fdf74fff0028fad05ff480115ff48030fdf77ffe01209b
S3450800d940fdf785fe3920fdf741ff0028fad04ff44040fdf7a1fe0020fdf795fe4ff48060fdf789fe0020fdf77efe022000f0f6fa002000f0fcfa102000f003fb0220fdf73c
S3450800d9806afe40f2fd10054908605ff090500449086001bd0020000808ed00e0181002401c10024080b572b64ff4407000f0f6fa14208df8000001208df8010000208df850
S3450800d9c0020001208df80300684600f0ecfa13208df8000001208df8010000208df8020001208df80300684600f0ddfa62b601bdeff3108180f310880846704701480068bc
S3450800da00704700bf00310020eff3108172b60268002a30d002685ff0ff339a422bd08269002a28d10268212a01d31f2201e00268521e134b1b6813eb8202124b1b689a426e
S3450800da4007d3104b1b68d21a92100f4b1b6813eb82021368002b0ad01368036113685b6943614369186113685861826103e0006140618261106081f310880020704700bf9b
S3450800da8064310020603100205c31002000df704710b5eff3108372b6846a002c35d0d4f880c0bcf1000f30d0e26fd0f808c001e0091d121dd2f800e0c1f800e0bcf1010c52
S3450800dac0bcf1000ff4d1216f8c4202d10021816207e0216f8162216f626f4a67616f226f0a67c16a491ec1620020a0665f480068401c5e49086083f310880020c4f8840061
S3450800db00200000f0aff90020aee0d0f810c0bcf1000f71d0026ad0f808c001e0091d121dd2f800e0c1f800e0bcf1010cbcf1000ff4d18168026a12eb81010162016ac2695f
S3450800db40914201d381690162002c09d14169491c41610169491e016183f31088002083e042490968491c414a116083f31088eff3108372b63d490968491e3c4a1160e26f7a
S3450800db80416ad0f808c001e0091d121dd2f800e0c1f800e0bcf1010cbcf1000ff4d18168426a12eb81014162416ac269914201d381694162216f8c4202d10021816207e08b
S3450800dbc0216f8162216f626f4a67616f226f0a67c16a491ec1620020a06624480068401c2249086083f310880020c4f88400200000f038f9002037e0002a32d0dff870c0c9
S3450800dc00dcf80040dff86cc0c4f868c0e066e1670021c4f88010816a00290ad0816a2167816a496f6167816a496f0c67816a4c6702e0846224676467c16a491cc16205206a
S3450800dc4020630120a063e26408480068401c0749086083f310882000fef70efed4f8840002e083f310880a2010bd00bf1831002000310020e121010810b5eff3108372b691
S3450800dc80d0f814c0bcf1000f5cd0826a002a23d14269521e42610269521c0261426ad0f808c001e0121d091dd1f800e0c2f800e0bcf1010cbcf1000ff4d18168426a12eb4c
S3450800dcc081014162416ac269914201d38169416283f3108800206de0846a226f944202d1002282620be0226f8262226fd4f874c0c2f874c0626fd4f870c0c2f870c0c26a7c
S3450800dd00521ec2620022a2662b4a1268521cdff8a8c0ccf8002083f31088e26fd0f808c001e0121d091d08681060bcf1010cbcf1000ff6d10020c4f88400200000f092f85b
S3450800dd40002037e0002a32d0dff870c0dcf80040dff86cc0c4f868c0e066e1670021c4f88010816a00290ad0816a2167816a496f6167816a496f0c67816a4c6702e08462ed
S3450800dd8024676467c16a491cc162052020630120a063e26408480068401c0749086083f310882000fef768fdd4f8840002e083f310880b2010bd00bf183100200031002035
S3450800ddc0e12101082de9f04105000e0017001c00ddf8188038220021280000f039f86e60af60b800b8fbf0f000fb07f1ac6114eb8101e9612c626c626861e860eff310807a
S3450800de0072b6104929601049096800290bd00e490968496b0c4a126855630d6369630a490968296303e008490d602d636d6307490968491c054a116080f310880020bde8b5
S3450800de40f08100bf55455551283100202c31002010b5040010000a000100200000f0def8200010bd10b50400606e002804d014f14c0000f007f901e00020e064eff31080ec
S3450800de8072b62f490968491e2d4a1160a16b00290ad0216b012940d0216b02293dd00021a1630021216338e0216b002935d0616b002904d000216163032121632de000213b
S3450800dec02163e16a1f4a52f82120002a05d0516a0c625462616222621fe01a4a42f8214024626462184a126801238b401a43164b1a60164a1268002a04d1144a1460144ad6
S3450800df0011600ae0124b1b68994206d2104b1960d26b914201d20d490c6080f310880d4800680a490968884208d00b480068044909680843002801d1fff7a8fd10bd00bf59
S3450800df40183100201c2c002010310020043100201431002000310020dc0100200021dff83820116811f03801084310607047dff828100a6832f008020a600a6810430860a0
S3450800df807047dff814100a6832f010020a600a681043086070470000002002401a4908431a4908607047002100210f23c17800291ed01649096811f4e061d1f5e061090a27
S3450800dfc0d1f10402cb40417811fa02f281780b401a4312010e490378ca540121027812f01f0291400b4a0078401142f8201009e00121027812f01f029140074a0078401139
S3450800e00042f82010704700000000fa050ced00e000e400e000e100e080e100e062f30f2262f31f42401810f0030308d0c91a1fd3db0748bf00f8012d28bf20f8022d13007c
S3450800e04030b414461546103928bf20e93c00fad8490728bf20e90c0048bf40f8042d890028bf20f8022d48bf00f8012d30bc7047c91818bf00f8012dcb0728bf00f8012db2
S3450800e08070470000eff3108172b68269002a1ed00269904209d182691268824202d18269002313600022826111e002694369536142690369136182691268824205d10269b3
S3450800e0c0836993618269036913600022826181f310880020704700002de9f84307000c002000fcf72cfd80462000fcf719fd81462000fcf724fd0500dff8706c4346dbb228
S3450800e1004a4692b22900c9b2300000f0e5ff002809d03b00dbb200224ff496712000fcf759fdff201de021004046c0b2fcf7a3fc21002800c0b2fcf79efc01212000c1772e
S3450800e140c046002706e021003800c0b2305cfcf792fc7f1c38002900c0b2c9b28842f2d30020bde8f2832de9f84304000d002800006bc046042808d22300dbb200221c21e4
S3450800e1802800fcf727fdff2050e02800fcf7d7fc06002800fcf7c4fc07002800fcf7cffc8046c1465ffa89f92800006bc046814508d02300dbb200221c212800fcf70afdf7
S3450800e1c0ff2033e05ff0000909e02800fcf7b7fcdff8981b4a46d2b2885419f1010948464146c0b2c9b28842efd33300dbb23a0092b24146c9b2dff8740b00f0c3ff002844
S3450800e2000ed02300dbb200224ff496712800fcf7e1fc29003000c0b2fcf72dfcff2005e029003000c0b2fcf726fc0020bde8f2833eb504000d000020029000200190002151
S3450800e24002a801f0a1f8002809d02300dbb200224ff496712800fcf7bdfcff2035e0002101a801f0f4f8002809d02300dbb200224ff496712800fcf7adfcff2025e00198f2
S3450800e2800299884209d02300dbb200224ff497712800fcf79ffcff2017e000208df80000684600f000fd002809d02300dbb200224ff496712800fcf78dfcff2005e02900fb
S3450800e2c09df80000fcf7d7fb00203ebd70b504000d00200001f0eef8060029003000c0b2fcf7c9fb05e029002078fcf7c4fb641c761e3000c0b20028f5d170bd10b588b0c0
S3450800e3000c0001234ff498722021684600f0e4fe00208df81f0021006846fff7d7ff210002a0fff7d3ff002008b010bd6e2f61003eb504000d00002001900020009000217e
S3450800e340684601f084f8002809d02300dbb200224ff496712800fcf73dfcff2018e0002101a801f011f8002809d02300dbb200224ff496712800fcf72dfcff2008e0290097
S3450800e3800198fcf7c0fa29000098fcf7bcfa00203ebd2de9f84388b007000d002800fcf7cefb06003000c0b206281fdb29004ff6ff70fcf7c3fa2900ff20fcf75cfb2900eb
S3450800e3c0ff20fcf758fb29005ff0ff30fcf79bfa002405e029005ff0ff30fcf794fa641c2000c0b20628f5dbff20fae1dff880090078012821d040f22d143b00dbb20022f1
S3450800e40021002800fcf7e6fb40f6a175dff864693088a84204dadff860190120fdf75ef83088a84207da21000220fdf757f800210520fdf753f8ff20d3e1dff8400900788d
S3450800e440012821d03b00dbb200224ff497712800fcf7c0fb40f6a174dff818592888a04204dadff814190120fdf738f82888a04208da4ff497710220fdf730f800210520da
S3450800e480fdf72cf8ff20ace15ff028083200d2b208fb02f22032002392b20221684600f01bfe04000520faf729fea4b2002c21d03b00dbb200224ff496712800fcf78afb43
S3450800e4c040f6a174dff8ac582888a04204dadff8a8180120fdf702f82888a04208da4ff496710220fcf7faff00210520fcf7f6ffff2076e13200d2b208fb02f22032002340
S3450800e500921c92b201210df1020000f0e5fd04000520faf7f3fda4b2002c21d03b00dbb200224ff496712800fcf754fb40f6a174dff840582888a04204dadff83c18012056
S3450800e540fcf7ccff2888a04208da4ff496710220fcf7c4ff00210520fcf7c0ffff2040e13200d2b208fb02f220320023d21c92b201210df1030000f0affd04000520faf7d4
S3450800e580bdfda4b2002c21d03b00dbb200224ff496712800fcf71efb40f6a174dff8d4572888a04204dadff8d0170120fcf796ff2888a04208da4ff496710220fcf78eff34
S3450800e5c000210520fcf78affff200ae1b1465ffa89f908fb09f919f12009002319f1040292b2042101a800f077fd04000520faf785fda4b2002c21d03b00dbb200224ff452
S3450800e60096712800fcf7e6fa40f6a174dff864572888a04204dadff860170120fcf75eff2888a04208da4ff496710220fcf756ff00210520fcf752ffff20d2e05ff00008e4
S3450800e64001e018f101084046c0b2062839da4046c0b280b219eb80020832002392b2042168464446e4b200eb8400083000f034fd04000520faf742fda4b2002ce1d03b008d
S3450800e680dbb200224ff496712800fcf7a3fa40f6a174dff8e0562888a04204dadff8d8160120fcf71bff2888a04208da4ff496710220fcf713ff00210520fcf70fffff2095
S3450800e6c08fe000276c4629003800c0b2225c4ff480736846bc465ffa8cfc6044407803fb0202100080b2fcf729f9290068463a00d2b210448078fcf7bef9290068463a005b
S3450800e700d2b21044c078fcf7b6f968463900c9b20844c07969463a00d2b21144897910eb012069463a00d2b21144497910eb01406946ffb23944097910eb01602900fcf7bb
S3450800e740e2f808271be068463900c9b20844c07869463a00d2b21144897810eb012069463a00d2b21144497810eb01403900c9b2615c10eb01602900fcf7c5f83f1d3800c9
S3450800e780c0b22028dfdb40f2e937dff8e8452088b84204dadff8e8150120fcf79ffe2088b84207da697f0220fcf798fe00210520fcf794fe40f2d1752088a84204dadff8dc
S3450800e7c0c4150120fcf78afe2088a84208daf6b231000220fcf782fe00210520fcf77efe002009b0bde8f083f8b588b005000c002000fcf7a4f906003000c0b206281fdb98
S3450800e80021004ff6ff70fcf799f82100ff20fcf732f92100ff20fcf72ef921005ff0ff30fcf771f8002505e021005ff0ff30fcf76af86d1c2800c0b20628f5dbff2003e19c
S3450800e840dff82c050078012809d02b00dbb2002240f22d112000fcf7bdf9ff20f4e0dff81c050078012809d02b00dbb200224ff497712000fcf7aef9ff20e5e0282732004c
S3450800e880d2b27a4312f58872002392b20221684600f022fc002809d02b00dbb200224ff496712000fcf796f9ff20cde03200d2b27a4312f58972002392b201210df1020031
S3450800e8c000f00afc002809d02b00dbb200224ff496712000fcf77ef9ff20b5e03200d2b27a4302f21312002392b201210df1030000f0f2fb002809d02b00dbb200224ff4a0
S3450800e90096712000fcf766f9ff209de0f6b27e4316f588760023321d92b2042101a800f0dbfb002809d02b00dbb200224ff496712000fcf74ff9ff2086e0002700e07f1c51
S3450800e9403800c0b206281dda3800c0b280b216eb80020832002392b204216846bc465ffa8cfc00eb8c00083000f0b6fb0028e6d02b00dbb200224ff496712000fcf72af97c
S3450800e980ff2061e000266d4621003000c0b22a5c4ff4807368463700ffb23844407803fb0202100080b2fbf7c9ff210068463200d2b210448078fcf75ef8210068463200ae
S3450800e9c0d2b21044c078fcf756f868463100c9b20844c07969463200d2b21144897910eb012069463200d2b21144497910eb01406946f6b23144097910eb01602100fbf78c
S3450800ea0082ff08261be068463100c9b20844c07869463200d2b21144897810eb012069463200d2b21144497810eb01403100c9b2695c10eb01602100fbf765ff361d3000eb
S3450800ea40c0b22028dfdb002009b0f0bd38b504000d0000208df8010000208df80000c4480078012809d02300dbb2002240f22d112800fcf7aff8ff203de0c04800780128d6
S3450800ea8009d02300dbb200224ff497712800fcf7a1f8ff202fe00023022201210df1010000f01afb002809d02300dbb200224ff496712800fcf78ef8ff201ce000230322e2
S3450800eac00121684600f008fb002809d02300dbb200224ff496712800fcf77cf8ff200ae029009df80100fbf7c6ff29009df80000fbf7c1ff002032bd38b586b005000c0067
S3450800eb009b480078012809d02b00dbb2002240f22d112000fcf75ef8ff204ae097480078012809d02b00dbb200224ff497712000fcf750f8ff203ce0002304220c21684636
S3450800eb4000f0cafa002809d02b00dbb200224ff496712000fcf73ef8ff202ae0002114e068460a0092b210f812204ff4807368460d00adb200eb4500407803fb020203a80c
S3450800eb800b009bb220f81320491c080080b20628e6db002508e0210003a82a0092b230f81200fbf7cbfe6d1c280080b20628f2db002007b030bd38b505000c006c4800780e
S3450800ebc0012809d02b00dbb2002240f22d112000fcf700f8ff2031e068480078012809d02b00dbb200224ff497712000fbf7f2ffff2023e000231c220421684600f06cfa82
S3450800ec00002809d02b00dbb200224ff496712000fbf7e0ffff2011e09df8000000069df8011010eb01409df8021010eb01209df8031008182100fbf766fe002032bd2de9fc
S3450800ec40f0410c000526761c3500edb23000c0b2454301212000c177c04621002800c0b2fbf709ff00275ff0000812e021000020fbf745fe7f1e0ae0380080b20028f5d194
S3450800ec8021005ff07e50fbf73afe3700ffb218f101084046c0b2290080b289b28842ebd30020bde8f08180b500230122012100f013fa02bd80b5002000904ff44873324ae0
S3450800ecc032490420fbf752fb01bd7cb5284d002028702a4c002020702d4e3000fff7e3ff002806d0042200214ff49670fcf708f83ae03078052806db0422002140f22d105c
S3450800ed00fbf7feff30e0012028700120019000200090002101a800f037fb002806d0042200214ff49670fbf7ebff1de00021684600f08dfb002806d0042200214ff4967083
S3450800ed40fbf7deff10e00198009988420ad0009810f1010f06d0042200214ff49770fbf7cfff01e00120207073bd0000b02200209a3100207c310020982701089b31002000
S3450800ed8008290108802d0108e0010020082001089931002010b50400002c03d1fff795ff00f094ff2100c9b20420fbf719fdf9e770b501214ff48040fcf7defc00214ff440
S3450800edc08040fcf7f5fcdff8385501224ff480612800fcf7effddff82c450220a0701020e0704ff48060208021002800fcf76efd01224ff400712800fcf7dcfd0220a0704e
S3450800ee001020e0704ff40076268021002800fcf75dfd01224ff480712800fcf7cbfd0220a0701020e0704ff48070208021002800fcf74cfd0120a0701820e0704ff40050bf
S3450800ee402080dff8c45421002800fcf73ffd0120a0704820e0704ff48040208021002800fcf734fd0120a0701820e0704ff40040208021002800fcf729fddff8904420007b
S3450800ee8001f006f8dff88814002008804ff482704880002088800020c880002008814e81202088810020c88107200882200001f021f80121200001f03cf870bd2de9f843c3
S3450800eec004000e00002020600020dff8345401224ff480712800fcf76dfd0220faf70ef900270ce0380080b2002807d02168404680b241182160a6f80080b61c7f1c380083
S3450800ef0080b240f27d1188424dda00224ff480712800fcf74ffddff8f493002148468181c0468021484601f012f80028f9d148468089c04680465fea8838002148468181d5
S3450800ef40c0468021484601f002f80028f9d148468089c046800110f47f5010eb0808002148468181c0468021484600f0f0ff0028f9d148468089c046c0f3850010eb0808de
S3450800ef8001224ff480712800fcf714fd40464ff6ff7180b28842a5d1380080b20028a1d14ff4917000e00020bde8f28381b0dff8640300888df8000001b07047dff854138f
S3450800efc0c0b2088000bf00bf00bf00bf00bf00bfdff8440300880006fad400bf0888c0b2704770b50400dff8300300880006fad40a2503e00120faf781f86d1e280000b20c
S3450800f000012838db2000c0b2002807d100224ff40071dff8ec02fcf7cdfc0ae02000c0b2012806d100224ff48061dff8d402fcf7c1fc0520fff7c2ff0020fff7bfff0600c8
S3450800f0402000c0b2002807d101224ff40071dff8b002fcf7affc0ae02000c0b2012806d101224ff48061dff89802fcf7a3fcf007c0d4002000e00a2070bd10b50400200061
S3450800f080c0b2002806d100224ff400719c48fcf791fc09e02000c0b2012805d100224ff480619748fcf786fc0620fff787ff2000c0b2002806d101224ff400719048fcf7ae
S3450800f0c079fc08e0e4b2012c05d101224ff480618b48fcf76ffc10bdf8b504000d0017001e00fff763ff3000c0b2fff77aff002802d04ff4967044e03000c0b2002806d163
S3450800f10000224ff400717e48fcf754fc09e03000c0b2012805d100224ff480617848fcf749fc0320fff74aff380080b2000ac0b2fff744ff3800c0b2fff740ff002705e0ae
S3450800f1400020fff73bff2070641c7f1c38002900c0b2c9b28842f3d33000c0b2002806d101224ff400716648fcf724fc08e0f6b2012e05d101224ff480616148fcf71afce1
S3450800f1800020f2bd2de9f84304000f0015001e00ffb2fff70bff25e03000c0b201281dd101224ff480615648fcf704fc16e02078fff704ff641c19f101094846c0b24146f2
S3450800f1c080b289b28842f2d33000c0b20028e3d101224ff400714a48fcf7ecfbb7eb080718eb0505380080b2002846d00120f9f785ff3000c0b2fff7f4fe00282fd1300067
S3450800f200c0b2fff73aff15f110084ff6f07010ea0808b8eb05083800414680b289b2884200d2b8460120f9f769ff3000c0b2002818d100224ff400713148fcf7bbfb022096
S3450800f240fff7bcfe280080b2000ac0b2fff7b6fe2800c0b2fff7b2fe5ff00009ade74ff496700be03000c0b20128e8d100224ff480612348fcf79efbe1e70020bde8f2832d
S3450800f28080b502000b0000200090dbb292b204216846fff721ff010089b2002905d01f49088016a06ff0004003e0009800ba0090009802bd80b502000b000020adf80000f2
S3450800f2c0dbb292b202216846fff706ff010089b2002903d011490880002006e0bdf8000040baadf80000bdf8000002bd0b49088800220a8080b270470000000030000000d2
S3450800f30000140140c0300020000c014000380040383000200c380040083800407831002030b402000020002309e0d40705d5012411f1ff05ed1aac40204352085b1c1c000b
S3450800f3400d00a4b2adb2ac42efd330bc704738b50c0025680821c0b2fff7e2ff95ea0065082108e06d0005e0002dfbd52800054d95ea4005491e0800c0b20028f4d125609d
S3450800f38031bd0000b71dc104f0b585b004000d005ff0ff30009000260ce0694601a83a00d2b2805cfff7d3ff7f1c3800c0b21028f3db761c300080b220283bdab6b23701b7
S3450800f3c02b00dbb23a0092b2102101a8fff784fe002809d1380080b2102814d12800c0b2002810d1042701e0ff202ee03800c0b21028deda694601a83a00d2b2805cfff790
S3450800f400a6ff7f1cf2e7bfb2002f11d12800c0b201280dd104273800c0b21028c9da694601a83a00d2b2805cfff791ff7f1cf2e70027bae720210098fff772ff00900099b5
S3450800f4405ff0ff3041402160002005b0f0bd1cb504000b001800c0b2002801d1102204e01800c0b2012800d10022dbb292b204216846fff731fe002801d0ff2019e0002062
S3450800f480206020689df8001010eb0160206020689df8011010eb0140206020689df8021010eb0120206021689df8030041182160002016bd00f10103810704d010f8011b9d
S3450800f4c0820781b1fad10268a2f10131914311f0803104bf50f8042ff6e709bab1fa81f100ebd100401cc01a70470000f8b506000d002800fbf723fb04002000c0b2022867
S3450800f50021db3300dbb200224ff480712800fbf761fb40f6a174dff808592888a04204dadff800190120fbf7d9ff2888a04208da4ff480710220fbf7d1ff00210520fbf7a3
S3450800f540cdffff205de02000c0b2012806d1f9f701fb0120dff8d018087005e0f9f704fb0020dff8c418087040f2e937dff8b0683088b84204dadff8b4180120fbf7aeff2c
S3450800f5803088b84207da697f0220fbf7a7ff00210520fbf7a3ff40f2d1753088a84204dadff88c180120fbf799ff3088a84208da2100c9b20220fbf791ff00210520fbf714
S3450800f5c08dff3088a84204dadff868180120fbf785ff3088a84208dae4b221000220fbf77dff00210520fbf779ff3088002807d165a10120fbf772ff00210520fbf76effa1
S3450800f6000020f2bdf8b50d000024dff81c683078002801d054f00104f9f7adfb002804d13078002801d054f00204dff80c08806800f096fc3178002904d0c0b2082801dad2
S3450800f64054f0040429002000c0b2fbf714fa40f2e936dff8cc773888b04204dadff8dc170120fbf73bff3888b04207da697f0220fbf734ff00210520fbf730ff40f2d175c2
S3450800f6803888a84204dadff8a8170120fbf726ff3888a84208dae4b221000220fbf71eff00210520fbf71aff0020f2bdf8b505000c002000fbf734fa0600300080b2323882
S3450800f6c040f24751884221d32b00dbb200224ff480712000fbf77efa40f6a174dff840572888a04204dadff858170120fbf7f6fe2888a04208da4ff480710220fbf7eefebe
S3450800f70000210520fbf7eafeff203be0300080b2f9f7fdf9dff82c572e80dff82c07068046808680c6800681468140f2e937dff8f0663088b84204dadff810170120fbf701
S3450800f740cdfe3088b84207da617f0220fbf7c6fe00210520fbf7c2fe40f2d1743088a04204dadff8cc160120fbf7b8fe3088a04207da29880220fbf7b1fe00210520fbf7d5
S3450800f780adfe0020f2bd0000200000002de9f04106000c00dff8a00645792800c0b2792846db002278210220fbf712f940f2e938dff86c763888404504dadff89416012006
S3450800f7c0fbf78cfe3888404507da617f0220fbf785fe00210520fbf781fe40f2d1783888404504dadff848160120fbf777fe3888404508da2900c9b20220fbf76ffe002163
S3450800f8000520fbf76bfe40f6b9383888404504dadff840160120fbf761fe3888404507da78210220fbf75afe00210520fbf756fe2800c0b27e2852db3300dbb200224ff408
S3450800f8408c712000fbf7c6f940f2e937dff8d0653088b84204dadff8f8150120fbf73efe3088b84207da617f0220fbf737fe00210520fbf733fe40f2d1743088a04204da77
S3450800f880dff8ac150120fbf729fe3088a04208daedb229000220fbf721fe00210520fbf71dfe40f6a1743088a04204dadff8a8150120fbf713fe3088a04208da4ff48c7167
S3450800f8c00220fbf70bfe00210520fbf707fe0020dff854150870f9f747f9ff2032e021002800c0b2fbf7c7f840f2e936dff830753888b04204dadff858150120fbf7eefd5c
S3450800f9003888b04207da617f0220fbf7e7fd00210520fbf7e3fd40f2d1743888a04204dadff80c150120fbf7d9fd3888a04208daedb229000220fbf7d1fd00210520fbf7f8
S3450800f940cdfd0020bde8f0812de970430600f9f719fa0400200000f003fbc0b2002804d10020307040f2191035e0200000f0f8fac0b2642804d1002030704ff48d702ae017
S3450800f980f9f72bfa05002000fcf7d8f9804689462800fcf7d3f95ff06632dff8c034fcf7f1f904000d00dff89c04008800f0ecfa22002b00fcf7e6f90022dff8a434fcf767
S3450800f9c0b3fc42464b46fcf7b3fafcf7d1fd00f0c7fa30700020bde870837cb505000c00dff880040078012821d02b00dbb200224ff48f712000fbf7edf840f6a174dff862
S3450800fa0020542888a04204dadff85c140120fbf765fd2888a04208da4ff48f710220fbf75dfd00210520fbf759fdff2069e00422012392b201216846fff74efb80b2002806
S3450800fa4021d040f21d162b00dbb2002231002000fbf7c0f840f6a174dff8c4532888a04204dadff804140120fbf738fd2888a04207da31000220fbf731fd00210520fbf74f
S3450800fa802dfdff203de021009df80000faf7f3ff40f2e936dff888532888b04204dadff8cc130120fbf71afd2888b04207da617f0220fbf713fd00210520fbf70ffd40f2d9
S3450800fac0d1742888a04204dadff8a4130120fbf705fd2888a04208da9df800100220fbf7fdfc00210520fbf7f9fc2888002807d175a10120fbf7f2fc00210520fbf7eefc64
S3450800fb00002076bd3eb505000c00d6480078012809d02b00dbb200224ff48f712000fbf759f8ff206fe0d3480078012809d02b00dbb2002240f21f112000fbf74bf8ff2095
S3450800fb4061e001234ff488720c216846fff7c4fa002809d02b00dbb2002240f21d112000fbf738f8ff204ee021009df800204ff480739df8010003fb0202100080b2faf7a5
S3450800fb80ddfe21009df802204ff480739df8030003fb0202100080b2faf7d0fe21009df804204ff480739df8050003fb0202100080b2faf7c3fe21009df806204ff4807301
S3450800fbc09df8070003fb0202100080b2faf7b6fe21009df808204ff480739df8090003fb0202100080b2faf7a9fe21009df80a204ff480739df80b0003fb0202100080b2ea
S3450800fc00faf79cfe00203ebd3eb504000d000020019001200090012101a8fff718fc002809d02300dbb2002240f21d112800faf7d1ffff2018e001216846fff7a5fb002814
S3450800fc4009d02300dbb2002240f21d112800faf7c1ffff2008e029000098faf754fe29000198faf750fe00203ebd38b504000d0000208df8000001234ff48472012168469b
S3450800fc80fff72afa002809d02300dbb2002240f21d112800faf79effff2005e029009df80000faf7e8fe002032bd80b5002000905023714a71490220faf758fbf8f782fee9
S3450800fcc0fff776f801bd000020000000f8b586b0f8f74aff0020544908704ff42f70f8f716ff4ff42f7057490880574c20806080a080e080208160815a4f002038705d4d34
S3450800fd0000202870ff268df8006001234ff4847201216846fff7e0f9002806d00222002140f21d10faf7ecff78e09df80000ff2874d00120387000200190012002900121d2
S3450800fd4001a8fff784fb002806d00222002140f21d10faf7d5ff61e0012102a8fff714fb002806d00222002140f21d10faf7c8ff54e00298019988420ad0019810f1010fce
S3450800fd8006d00222002140f21f10faf7b9ff45e001202870002004e003a9020092b28e54401c010089b20c29f6db01234ff488720c2103a8fff790f9002806d002220021c1
S3450800fdc040f21d10faf79cff28e0002522e0280080b2022290fbf2f024f8101019e003a8290089b2415c4ff4807203a82b009bb21844407802fb0101080080b2323840f2ce
S3450800fe0047529042e3d3022200214ff48070faf777ffad1c280080b20c28e0db07b0f0bd7c3100202c2b010893310020002c0108242e0108482b010898300020642b0108a1
S3450800fe409c2801087a3100208c300020cc290108c0280108a02c0108b42c01086666124000408f4094310020e4280108ec290108502d010895310020442e0020682201087d
S3450800fe8010b504002100c9b20220faf7a9fcf9e780b51549884210d01449884218d01449884220d101214ff48050fbf773fc00214ff48050fbf76efc15e001214ff4804093
S3450800fec0fbf776fc00214ff48040fbf771fc0ae001214ff40040fbf76bfc00214ff40040fbf766fcffe701bd00380040003c00400030014010b40022038813f441530c8884
S3450800ff004a8814438a881443ca8814430a8914434a8914438a891443ca89144323430380838b4ff2ff7213408383098a018210bc7047c9b2002904d0018851f040010180b1
S3450800ff4004e002884ff6bf710a400280704700220089084201d0012000e00020c0b27047c0f3c751d1f19e0108dd020242f00042ca4002ebe07282eae07070477feae070ff
S3450800ff8080f000407047000050b1b0fa80f18840c91cc1f58461090501ebd0214005704701467047feb504000d002800faf7c7fd0100c9b2022921db2300dbb200224ff42a
S3450800ffc080712800faf706fe40f6a174dff8a0562888a04204dadff89c160120fbf77efa2888a04208da4ff480710220fbf776fa00210520fbf772faff20a8e1c0b2012836
S3450801000029d102a800f060fb0600300080b2002823d02300dbb20022310089b22800faf7d9fd40f6a174dff848562888a04204dadff840160120fbf751fa2888a04208dae3
S34508010040b6b231000220fbf749fa00210520fbf745faff207be1002002900120f8f755ff0120f9f74bf80020f8f74fffdff8087639006846fef722ff0600300080b20028e6
S3450801008021d02300dbb20022310089b22800faf7a1fd40f6a174dff8d8552888a04204dadff8d0150120fbf719fa2888a04208dab6b231000220fbf711fa00210520fbf746
S345080100c00dfaff2043e10098dff8b015884243d2f8f73cf900283fd0f8f738f9ff283bd0dff89c050078012836d140f223162300dbb2002231002800faf76cfd40f6a1748c
S34508010100dff86c552888a04204dadff868150120fbf7e4f92888a04207da31000220fbf7ddf900210520fbf7d9f940f2d1742888a04204dadff84c150120fbf7cff9288822
S34508010140a04207da00990220fbf7c8f900210520fbf7c4f9ff20fae0009840f2f921884243d3f8f7f3f8002808d0f8f7eff8ff283bd1dff80c050078002836d12300dbb26b
S3450801018000224ff492712800faf724fd40f6a174dff8dc542888a04204dadff8d8140120fbf79cf92888a04208da4ff492710220fbf794f900210520fbf790f940f2d174ce
S345080101c02888a04204dadff8bc140120fbf786f92888a04207da00990220fbf77ff900210520fbf77bf9ff20b1e04ff4be72390001a800f00afa4ff4be7239000df106005a
S3450801020000f0eef929004ff4be70faf797fb29000098faf778fb29000298faf770fb40f2e936dff84c442088b04204dadff858140120fbf753f92088b04207da697f022020
S34508010240fbf74cf900210520fbf748f940f2d1752088a84204dadff834140120fbf73ef92088a84208da4ff4be710220fbf736f900210520fbf732f92088a84204dadff89b
S3450801028010140120fbf72af92088a84207da00990220fbf723f900210520fbf71ff92088a84204dadff8ec130120fbf717f92088a8420bda0298fff753fe80b20100022033
S345080102c0fbf70cf900210520fbf708f92088a84204dadff8c4130120fbf700f92088a8420cda00984ff4be71b0fbf1f189b20220fbf7f4f800210520fbf7f0f82088a84299
S3450801030004dadff898130120fbf7e8f82088a84208dabdf804100220fbf7e0f800210520fbf7dcf82088a84204dadff874130120fbf7d4f82088a84208dabdf80610022018
S34508010340fbf7ccf800210520fbf7c8f80020febdfeb506000c00dff8207339006846fef7adfd0500280080b200281fd03300dbb20022290089b22000faf72cfc40f6a174f0
S34508010380bb4e3088a04203dac6490120fbf7a6f83088a04208daadb229000220fbf79ef800210520fbf79af8ff2018e10098b34988423fd2f7f7caff00283bd0f7f7c6ff52
S345080103c0ff2837d0ae480078012833d140f223173300dbb2002239002000faf7fbfb40f6a174a34d2888a04203daae490120fbf775f82888a04207da39000220fbf76ef850
S3450801040000210520fbf76af840f2d1742888a04203da9c490120fbf761f82888a04207da00990220fbf75af800210520fbf756f8ff20d4e0009840f2f92188423fd3f7f763
S3450801044085ff002807d0f7f781ffff2837d18c480078002833d13300dbb200224ff492712000faf7b7fb40f6a174814d2888a04203da8c490120fbf731f82888a04208dadd
S345080104804ff492710220fbf729f800210520fbf725f840f2d1742888a04203da79490120fbf71cf82888a04207da00990220fbf715f800210520fbf711f8ff208fe04ff44f
S345080104c0be72390001a800f0a0f84ff4be7239000df1060000f084f821004ff4be70faf72dfa21000098faf70efa40f2e936604d2888b04203da6c490120faf7efff2888f9
S34508010500b04207da617f0220faf7e8ff00210520faf7e4ff40f2d1742888a04203da5b490120faf7dbff2888a04208da4ff4be710220faf7d3ff00210520faf7cfff2888ef
S34508010540a04203da52490120faf7c8ff2888a04207da00990220faf7c1ff00210520faf7bdff2888a04203da4b490120faf7b6ff2888a0420cda00984ff4be71b0fbf1f18e
S3450801058089b20220faf7aaff00210520faf7a6ff2888a04203da41490120faf79fff2888a04208dabdf804100220faf797ff00210520faf793ff2888a04203da38490120f0
S345080105c0faf78cff2888a04208dabdf806100220faf784ff00210520faf780ff0020febd70b40024002307e025000e88adb2b54200d20c88891c5b1c1d001600adb2b6b22b
S34508010600b542f1d3048070bc704770b44ff6ff74002307e00d882600b6b2b54200d20c88891c5b1c1d001600adb2b6b2b542f1d3048070bc704780b50020009050231b4a2e
S345080106401b490320f9f792fef8f702fb0020f8f75cfc0748008840f2d171884207da15490120faf73bff00210520faf737ff01bd7c3100206c2601080c050020847a0100ae
S3450801068093310020042e0108f4260108902d0108a02d0108102e0108042d0108182d01082c2d01080c2a0108802b0108a02e0020dc230108602c010810b504002100c9b239
S345080106c00320faf78df8f9e738b504000120fcf784fb2a4d29681420fcf71bfb2868fcf746fb274d012229004ff4e160fcf75afb002802d04ff49b7027e028688079c0b20f
S34508010700142805d02868fcf787fb40f237101ce02868c079002805d02868fcf77dfb4ff49c7012e02868007a2968497a10eb01202968897a10eb01402968c97a10eb0160a3
S3450801074020602868fcf768fb002032bd10b504002000c0b20002001d0a4b084a012180b2fcf791f9032240f2bf71e4b214f5d074200080b2fcf778fe10bd0000ec300020d5
S34508010780f4300020f030002070b586b00020019041f2100400232200042101a8fef79cfc010089b2002901d080b237e05ff0ff3500954ff4805606e0694602a8721b805c5b
S345080107c0fef7c5fd761cb6f5005f14d2b0088000a042f7d0701b1028eed3350000232a0092b2102102a8fef777fc010089b20029e2d080b212e020210098fef791fd00901c
S3450801080000995ff0ff30414000910098019909ba884201d1002001e040f22f1006b070bd38b500208df8000001234ff4847201216846fef751fc010089b2002901d080b231
S3450801084040e09df80000022810da002008e05ff07e51dff8e82403009bb242f82310401c010089b20629f2db00202be0012400e0641c200080b2062823dadff8c05401210c
S34508010880200080b2800010f58c7080b2fef7f8fc210089b245f82100200080b255f82000dff89c1400f068fa08d3200080b255f82000dff8901400f073fad9d84ff4907083
S345080108c000e0002032bd2de9fc41dff87c04dff87c140a68824203d1dff874040088f7e008600020adf80200dff8644400234ff4805202210df10200fef7eefb2080208802
S34508010900002801d02088e3e0bdf8020042f2ff2188426ad1fff738ff002801d080b2d7e000252ee00021a80010f5825080b2fef7a7fcdff8201441f82500002141f270005b
S3450801094010eb850080b2fef79bfcdff80c1441f825000021a80010f5855080b2fef790fcdff8f81341f82500002141f2d00010eb850080b2fef784fcdff8e41341f82500c8
S345080109806d1c062dced3242500260be00021b00010f5a05080b2fef773fcdff8c81341f82600761cae42f1d3002512e0dff8b87316ebc508002116ebc500800010f5a85073
S345080109c080b2fef75dfc47f82800761c082eedd36d1c062d01d20026f8e7fef787fc2080208800283ad0208872e0002513e000216800001d80b2fef75dfc80b2fbf704f99a
S34508010a00dff8541351f82510fbf70cf9dff8441341f825006d1c062de9d3002512e0dff844735ff0060808fb0568dff84003ca4951f82610fbf7f6f847f82800761c062ec5
S34508010a40edd36d1c062d01d20026f8e7fef74efc20802088002801d0208839e000208df8010000208df800000123042201210df10100fef731fb20802088002801d0208812
S34508010a8026e001234ff4847201216846fef724fb20802088002801d0208819e09df80100222814d19df80000022810d100240ae00121a00010f58e7080b2fef7e1fb9f49db
S34508010ac041f82400641c062cf2d3002000e02088bde8f68138b504000d00fff7f4fe010089b2002909d02300dbb20022010089b22800faf76ff800201ee029000620f9f740
S34508010b00baff002406e02900934850f82400f9f7f6fe641c062cf6d329000620f9f7abff002406e029008b4850f82400f9f7e7fe641c062cf6d3002032bd70b504000d0024
S34508010b40fff7c1fe010089b2002909d02300dbb20022010089b22800faf73cf800201be029000820f9f787ff302401212800c177c04629002000c0b2f9f77dff002606e027
S34508010b802900794850f82600f9f7b9fe761c200080b28642f4d3002070bd70b504000d00fff791fe010089b2002909d02300dbb20022010089b22800faf70cf800202de016
S34508010bc000242800006bc04601280cd12800f9f7b6ff0400e4b2002c0cd029000020f9f74aff00201ae02800006bc0460028f1d01c2013e0242429002000c0b2f9f73bff3a
S34508010c00002606e02900574850f82600f9f777fe761c2000c0b28642f4d3002070bd38b505000c005248007800280fd121000620f9f721ff002505e021005ff07e50f9f757
S34508010c405efe6d1c062df7d300202de049480078002809d12b00dbb2002240f21f112000f9f7b8ff00201fe0fff7dafd010089b2002909d02b00dbb20022010089b22000e8
S34508010c80f9f7a8ff00200fe021000620f9f7f3fe002506e02100294850f82500f9f72ffe6d1c062df6d3002032bd38b504000d00fff709fe010089b2002909d02300dbb2b3
S34508010cc00022010089b22800f9f784ff00200fe029000620f9f7cffe002406e029001f4850f82400f9f70bfe641c062cf6d3002032bd38b504000d00fff7e5fd010089b236
S34508010d00002909d02300dbb20022010089b22800f9f760ff00200fe029000620f9f7abfe002406e029000e4850f82400f9f7e7fd641c062cf6d3002032bd00003000002083
S34508010d40adc527370150c347ddccbbaae03000208031002000000020180000204800002060000020780000200801002000409c46943100209531002040ea010c1ceb0c0fe3
S34508010d804ff0807c07d305d01ceb400f9cbf1ceb410f814270471ceb410f98bf8842704740ea010c1ceb0c0f4ff0807c07d305d01ceb400f9cbf1ceb410f884270471cebb6
S34508010dc0400f98bf8142704780b5dff86404006800f04afa5ff0ff31dff85804fcf748fd00f060f900f003f8fbf780fcf2e72de9f0410024f7f7bfff00283ed1dff83804ee
S34508010e000078002839d0dff834542878022830db2878022835d140f21b14022200212000f9f76eff40f6a176dff814743888b04204dadff810140120faf750fb3888b0428d
S34508010e4007da21000220faf749fb00210520faf745fb3888b04207da91a10120faf73efb00210520faf73afb2878401c2870012407e02878401c287003e00020dff8bc133a
S34508010e800870dff8b853f7f7a8ffa860dff8a863307800283dd0a868fff762f8c0b2082837da6878022830db6878022833d1022200214ff48e70f9f723ff40f6a174dff87d
S34508010ec080733888a04204dadff878130120faf705fb3888a04208da4ff48e710220faf7fdfa00210520faf7f9fa3888a04207da6ba10120faf7f2fa00210520faf7eefa56
S34508010f006878401c6870012405e06878401c687001e00020687000206871681dfef714fd0700380080b200283cd03078002839d0a878022832dba878022835d102220021a9
S34508010f40380080b2f9f7dcfe40f6a174dff8f082b8f80000a04203daba490120faf7befab8f80000a04208dabfb239000220faf7b5fa00210520faf7b1fab8f80000a0420a
S34508010f8007da47a10120faf7a9fa00210520faf7a5faa878401ca870012405e0a878401ca87001e00020a870687979286ddb68797e2835dbe87802282edbe878022866d1ce
S34508010fc0022200214ff48c70f9f79afe40f6a1749b4f3888a04203da9a490120faf77efa3888a04208da4ff48c710220faf776fa00210520faf772fa3888a04207da28a17f
S345080110000120faf76bfa00210520faf767fae878401ce87001243ae0e878401ce87036e02879c8282bdb2879c8282bd1002278210220f9f7cdfc40f6b938814f388840451f
S3450801104003da81490120faf749fa3888404507da78210220faf742fa00210520faf73efa3888404507da0ea10120faf737fa00210520faf733fa2879401c287102e0287953
S34508011080401c28710020e87001e000202871e4b2002c03d0f7f768fd00203070bde8f08120000000feb56846f7f7fdfd674c0098206001986060002220686549fff770fe13
S345080110c004d920686349fff757fe35d2207a05282edb207a052831d1022200214ff48270f9f70efe40f6a175554e3088a84203da54490120faf7f2f93088a84208da4ff4a0
S3450801110082710220faf7eaf900210520faf7e6f93088a84207da45a10120faf7dff900210520faf7dbf9207a401c2072012205e0207a401c207201e0002020726068464941
S34508011140fff72efe04d960684449fff715fe35d2607a05282edb607a052831d140f20517022200213800f9f7cbfd40f6a175344e3088a84203da33490120faf7aff9308825
S34508011180a84207da39000220faf7a8f900210520faf7a4f93088a84207da24a10120faf79df900210520faf799f9607a401c6072012205e0607a401c607201e000206072f0
S345080111c0d2b2002a04d0f7f7cffc00201a490870f7bd80b51748fcf715fb01bd10b50400f7f7aafe1948002141720021017213480021017000214170002181700021017115
S345080112000b480460002216490a48fcf79bf90c48008840f2d171884207da12490120faf75df900210520faf759f910bd20000000c4300020c02f002093310020983000206b
S345080112407c310020182c0108302c0108a43000200100e0410000a0410100a84000009840f02c0108482c010880b5016a002902d18168002901d1172003e00830fcf7c4fb02
S34508011280002002bd70b5fcf739fbf9f735f8ad4cfbf7b2fe2070fbf7dcfe2178c0b2fbf7c2fffaf73ff9f7f764fe40f2d175a64e3088a84207daa5490120faf70ff9002191
S345080112c00520faf70bf93088a84207daa0490120faf704f900210520faf700f93088a84207da9c490120faf7f9f800210520faf7f5f83088a84207da97490120faf7eef830
S3450801130000210520faf7eaf83088a84207da90490120faf7e3f800210520faf7dff83088a84207da89490120faf7d8f800210520faf7d4f88948fff751fff7f7d1fafef72f
S34508011340b4fcfdf7b7fcfff776f900f0f8f9fbf715fe2078401cc0b2f8f78dff2078801cc0b2fff7f3f93088002807d173a10120faf7b4f800210520faf7b0f80120f7f7db
S34508011380b1fd00f01bfa002070bdf8b586b001200590002004900120039009200290dc2001906f48009000236e4a65a16e4800f027fa00248be0a425dc26012005900020b6
S345080113c00490012003900a200290dc20019067482100c9b27143084400902300dbb2644a644965482700ffb26f43384400f008fa0120059000200490012003900a200290e8
S34508011400dc2001905d482100c9b27143084400902300dbb25a4a5b495b482700ffb26f43384400f0edf90120059000200490012003900a200290dc20019054482100c9b229
S345080114407143084400902300dbb2514a514952482700ffb26f43384400f0d2f90120059000200490012003900a200290dc2001904a482100c9b27143084400902300dbb2b8
S34508011480474a484948482700ffb26f43384400f0b7f90120059000200490012003900a200290dc20019041482100c9b206fb01f6304400902300dbb23d4a3e493e482600d3
S345080114c0f6b205fb06f5284400f09af9641c2000c0b20228fff66faf0120059000200490012003900b200290dc200190334800900023334a3349344800f082f901200590d0
S3450801150000200490012003900b200290dc2001902e48009000232e4a2e492f4800f070f900200290142001901420009000232b4a2b490a4800f0ecf907b0f0bd2000000010
S3450801154063647000963100207c31002064240108a0240108dc24010818250108402f00208c26002081a80008202900202c0f0020ad170108e02d01082c190020e410002012
S34508011580b5890008602d0108741a00209c12002081fe00082c2e0108bc1b002054140020b9060108ec2d0108041d00200c16002095ed0008dc2c01084c1e0020442800203d
S345080115c03fb50008342e0108682a002068270020c90d0108f82d0108c4290020d3110108702d01082de9f04103000c0061480568466828006049fff7d3fb04d928005f490b
S34508011600fff7bafb1ed2dbb200224ff482712000f9f7e0fa40f6a174594d2888a04203da58490120f9f75aff2888a04208da4ff482710220f9f752ff00210520f9f74eff36
S34508011640ff207ae030005049fff7aafb04d930004e49fff791fb1ed240f20516dbb2002231002000f9f7b6fa40f6a174444d2888a04203da43490120f9f730ff2888a042d2
S3450801168007da31000220f9f729ff00210520f9f725ffff2051e021002800f9f730f921003000f9f72cf940f2e938354f3888404503da37490120f9f711ff3888404507da9d
S345080116c0617f0220f9f70aff00210520f9f706ff40f2d1743888a04203da2e490120f9f7fdfe3888a0420eda2b482900faf774fffef736fc80b201000220f9f7effe002128
S345080117000520f9f7ebfe3888a04203da23490120f9f7e4fe3888a0420eda1f483100faf75bfffef71dfc80b201000220f9f7d6fe00210520f9f7d2fe0020bde8f08180b5b9
S34508011740002000905023164a16490020f8f70efef7f714fa0a48008840f2d171884207da11490120f9f7bafe00210520f9f7b6fe01bd0000a43000200100e0410000a041a6
S345080117807c3100204c2901080100a84000009840682a0108782c010800007a448c2c01088c2d002024240108842a010810b504002100c9b20020f9f713f8f9e780b50d487c
S345080117c000680d49884207d00a485ff0f031016000f0e4f800f01cf906485ff0f031016006480068fff7d1fd02480021016000f051f901bddc010020f1f0f0f0f830002024
S345080118002de9fb4f040093460c9d0d9e0e9fddf83ca0ddf84090ddf844803200ef212800fcf716fbb0088000061fa42200212000fcf70efb0198a062c4f844b00298a064b5
S34508011840e56066617019401e2061e762c4f89470c4f81890c4f81c90574502d00020e06300e0e7630320206323486065a4652349200000f05df9eff3108072b620492160e0
S3450801188020490968002910d01e490968d1f88c101c4a1268c2f88c40c1f88840c4f88c1018490968c4f8881005e016490c60c4f88840c4f88c4014490968491c124a1160d8
S345080118c012490968491c114a116080f31088b8f1000f03d02000fcf7c5fa09e0eff3108072b60a490968491e084a116080f310880020bde8fe8f00bffd250108c5250108c9
S3450801190044524854083100200c310020183100202de9f0470400894615009a46089e099fddf828802c2200212000fcf791fac4f80490a660e7602561c4f814a0eff3108055
S3450801194072b6134921601349096800290bd011490968896a0f4a126894624c62a1620d490968616203e00b490c606462a4620a490968491c084a116080f31088b8f1000fa2
S3450801198003d014f10800fcf73ff80020bde8f0874d4954416c310020703100201548164a10604ff0e0201549c0f8081d14481349096801604ff0e020124941614ff0070175
S345080119c001610021c0f8181d0f49c0f81c1d0f49c0f8201d7047fee700b500f0c9f800f0d3b800b500f0c4f800f0f0f800f0ccb8fee7fee77c300020f830002000200008a2
S34508011a00fc3000203f190100000000ff0000ff4080b500f027f900f073f91248002101601148002101601148002101601048002101601048002101600f48002101600f489d
S34508011a40002101600e48002101600e48002101600d48002101600d48002101600c480021016001bd2031002024310020283100202c31002030310020343100204031002070
S34508011a8044310020483100204c310020383100203c31002072b64ff0e0204ff001010160016941f00101016162b600dfefbe70471c4801681c4a79b1eff3098c2ce9f00feb
S34508011ac0c1f808c0dff864c0dcf8005025b18d614ff00005ccf80050136893b103605c6804f101045c60dff844c09d69ccf80050d3f808c0bce8f00f8cf309886ff0020ed5
S34508011b00704772b61368036023b962b630bfbff36f8ff6e74ff000644ff0e025c5f8044d62b6dce70031002004310020543100200269a2f1400222f003024ff00003136042
S34508011b4053609360d36013615361c36893614ff00003d361136253629362d36213634ff0ff33536391634ff08073d363826070470448016801f1010101604df804ad4ff09b
S34508011b80000a7047dc0100200c480168a1f101010160bde800440a48006800281dbf094909688142704708480068002802bf4ff080504ff0e021c1f8040d7047dc01002054
S34508011bc00431002000310020183100201e49086800f1010008601d4b1a68002a08d0a2f101021a60002a03d1194b4ff001001860184908680268002a04d0174b4ff00102a3
S34508011c001a6008e000f10400144b1a68904201d1134b186808600e4b1a68002a03d10e49086800280fd04df804ed0b490868002801d000f0a7f8064b1a68002a01d000f08c
S34508011c4039f95df804eb70475031002054310020583100206431002068310020603100205c31002080b51b48002101601a4800210160042200211948fcf7eaf81848202151
S34508011c800160184800210170174b012008e05208491c94461cf0010ff9d019705b1c401cff2802d802000021f3e7802200210f48fcf7cef80e48002101600e4800210160fc
S34508011cc00d48002101600d48006850f0c5700b49086001bd00310020043100201031002014310020b0240020b12400201c2c0020083100200c310020183100201c31002009
S34508011d0080b5144800210160134800210160134800210160124800210160802200211148fcf796f810480f49016010480d4901600f48104901600e480068001d0c49086085
S34508011d400d48002101600d48002101600c480021016001bd503100205431002058310020683100209c2c00205c3100206431002060310020182d0020743100206c31002088
S34508011d807031002030b583b0002400200190eff3108072b642490968002903d141490968002902d180f3108878e03d4901220a603d490968096800910099002902d0009940
S34508011dc000aa8a613849096800220a6036490968091d354a116034490968344a1268914203d13149324a12680a602e4900220a6080f31088eff3108072b619e00022aa6186
S34508011e0080f310880800002801d020008847eff3108072b6a96901aa914209d10021a96180f310882800fbf7effdeff3108072b60099002928d0009d009909698d4202d1ba
S34508011e40002100910ae029696a694a6169692a690a61296900aa8a61296900912968212907d3296820392960002101aaaa612d61c6e7a968ec686a682a602a68002abdd049
S34508011e8001aaaa612d61bbe70649096800297ff481af034900220a6080f3108837bd00bf743100206831002064310020603100205c31002014480168eff3108072b6134abe
S34508011ec00023136000291bd00a6b002a18d1ca698a610a6a8a4210d0ca6acb6b9a420cd1ca6a0b4b096a43f822100a490968084a52f82110084a116002e08969074a1160ec
S34508011f0080f31088704700bf00310020583100201c2c002014310020043100205431002080b522490968c0b2fbf775fa20480168a020fbf770fa1f480168a120fbf76bfa97
S34508011f401d480168a220fbf766fa1c480168a320fbf761fa1a480168a420fbf75cfa002000900be06846009950f8211000982038c0b2fbf750fa0098401c0090009813286c
S34508011f80f0d35ff0ff300f4908600f4908600f4908600f4908600f490f480860002000e0401c6428fcd30d48086001bd24ed00e028ed00e02ced00e030ed00e034ed00e0ab
S34508011fc038ed00e080e100e084e100e080e200e084e200e00ced00e00400fa050100fa0580b50320fff79cff01bd80b50420fff797ff01bd80b50520fff792ff01bd80b5c5
S345080120000620fff78dff01bd4101010093e3000843010100e9e70008450100004dea000847010000f9ea000849010000b7eb00084b01000031e200084c01000031e30008d1
S3450801204050010400d9e000085101ffff67e1000855010000fde2000856010000d50a01085901ffff9b0b0108600100003fec0008610100003b0b0108800100001f0c01081e
S3450801208081010000ab0c010882010000f30c0108fa000100b5b30008fb00010025b30008fc000100d5b20008fd00fffff1ad0008fe0001001db20008ff00010009b1000838
S345080120c00000fffff5b0000800000000c0f9ffff80f3ffffc0120000800c0000400600004006000000000000c0f9ffff80f3ffffc0120000800c0000800c000040060000bc
S3450801210000000000c0f9ffff80f3ffffc0120000c0120000800c00004006000000000000c0f9ffff80f3ffff80f3ffffc0120000800c00004006000000000000c0f9fffffe
S34508012140c0f9ffff80f3ffffc0120000800c00004006000000000000100100002d64000811010200956d0008120100008d740008130101007d7d000814010100bd7f00082f
S3450801218015010000ed810008160101006d63000817010000016200081801000003820008190102009d820008fa000100b5b30008fb00010025b30008fc000100d5b2000855
S345080121c0fd00fffff1ad0008fe0001001db20008ff00010009b100080000fffff5b0000880b5c16eeff3108272b6836e002b34d0002932d00b68dff868c063452dd1002366
S345080122008366036f984202d100238b620be0036f8b62036fd0f874c0c3f874c0436fd0f870c0c3f870c0cb6a5b1ecb62036b052b13d10969002903d00b21c0f8841002e016
S345080122400a21c0f8841007490968491c054b196082f31088fbf706fe01e082f3108801bd554555511831002020010100edf400082101000005f6000822010200adf6000891
S34508012280230100008df7000825010000dbf900082601000005fb00082701000009fc0008290100006bfc0008800100001f0c0108fa000100b5b30008fb00010025b3000864
S345080122c0fc000100d5b20008fd00fffff1ad0008fe0001001db20008ff00010009b100080000fffff5b0000880b5c16eeff3108272b6836e002b2dd000292bd00b68dff8d8
S345080123005cc0634526d100238366036f984202d10023cb600be0036fcb60036fd0f874c0c3f874c0436fd0f870c0c3f870c00b695b1e0b61016b06290cd10d21c0f8841095
S3450801234007490968491c064b196082f31088fbf789fd01e082f3108801bd00bf414d455318310020f0b40246106895681318506803eb5004c0071cd54d441ae013f8017b8f
S3450801238005f8017b491ef9d198b113f8011bc6f38106032e08bf13f8016b01eb06214942801c294405d011f8016b05f8016b401ef9d1a3420ed013f8016b16f0030104bfbc
S345080123c013f8011bc91c30090f28dbd113f8010b0f30d7e7f0bc02f10c00704730010100a5ff00083101000051030108fa000100b5b30008fb00010025b30008fc0001007f
S34508012400d5b20008fd00fffff1ad0008fe0001001db20008ff00010009b100080000fffff5b0000801010000e5150108fa000100b5b30008fb00010025b30008fc000100d1
S34508012440d5b20008fd00fffff1ad0008fe0001001db20008ff00010009b100080000fffff5b00008202020202020202020202020202020202020202020202020202020205a
S3450801248020202020202020202020202020202020202020202020202020202020000000002a2a2a2a2a2a2a2a2a2a2a2a2a2a2a2a2a2a2a2a2a2a2a2a2a2a2a2a2a2a2a2a4d
S345080124c02a2a2a2a2a2a2a2a2a2a2a2a2a2a2a2a2a2a2a2a2a2a2a2a000000002a2a2a204465744374726c2032204669726d7761726520666f72204e657747656e2041436f
S3450801250079636c65722020202020202020202020202a2a2a000000002a2a2a20434f505952494748542028632920323031302d3230313220425920524f4348452044494135
S34508012540474e4f535449435320414720202a2a2a0000000000000000f603000074040000380a0000b60a000077100000f5100000b616000034170000f81c0000761d0000bf
S3450801258037230000b52300008724000000000000f6030000ef040000c10500003f060000030c0000810c000042120000c012000081180000ff180000c31e0000411f000085
S345080125c00225000010b50b480468a06c616c8847eff3108072b6012121630121a16306490968491c044a116080f310882000faf743f910bd003100201831002080b5eff339
S34508012600108172b6026b042a09d1094a1268521c074b1a6081f31088fbf724fc06e0826e81f310881100002900d0904701bd00bf1831002030b4002512e050f8042bd30743
S3450801264044bf4a44521e091f042942f8045bfad213468c0744bf15809b1cc90748bf1d7050f8041b0029e8d130bc704747657452656656616c75655769746843616d547258
S345080126806967676572206661696c656421204572726f72204e6f3a2000000000536574537465704572726f725468726573686f6c64206661696c656421204572726f722087
S345080126c04e6f3a2000000000537465707065722045646765206572726f72207468726573686f6c64205b755f73746570735d3a200000000047657452656656616c7565573f
S3450801270069746843616d5472696767657220646f6e652120436d64204e6f3a20000000004d6f76654558454d546f506f736974696f6e206661696c656421204572726f7260
S34508012740204e6f3a20000000496e697446696c74657253657276696365206661696c656421204572726f72204e6f3a2000000000536574537465704572726f7254687265dc
S3450801278073686f6c6420646f6e652120436d64204e6f3a2000000000476574457846696c746572506172616d65746572206661696c656421204572726f72204e6f3a2000b3
S345080127c010b5074979441831064c7c44163404e00a68081d114488470146a142f8d110bd4c010000680100004d6f76654558454d546f506f736974696f6e20646f6e652179
S3450801280020436d64204e6f3a20000000496e697446696c7465725365727669636520646f6e652120436d64204e6f3a20000000004d6f766545585365727669636520666115
S34508012840696c656421204572726f72204e6f3a20000000004d6f7665454d53657276696365206661696c656421204572726f72204e6f3a20000000004765744d6f74696f00
S345080128806e4465627567496e666f20646f6e652120436d64204e6f3a200000005365744c454443757272656e74206661696c656421204572726f72204e6f3a2000000000eb
S345080128c04765744c454454656d706572617475726520646f6e652120436d64204e6f3a20000000004765744c454456657273696f6e206661696c656421204572726f722029
S345080129004e6f3a2000000000476574457846696c746572506172616d6574657220646f6e652120436d64204e6f3a200009fdffffc02f0000e00100200000000029faffff26
S3450801294004050000d600000000000020476574566f6c7461676573206661696c656421204572726f72204e6f3a200000496e697446696c746572206661696c6564212045d8
S3450801298072726f72204e6f3a200000004d6f766545585365727669636520646f6e652120436d64204e6f3a20000000004d6f7665454d5365727669636520646f6e652120b4
S345080129c0436d64204e6f3a20000000005365744c454443757272656e7420646f6e652120436d64204e6f3a20000000004765744c454456657273696f6e20646f6e65212065
S34508012a00436d64204e6f3a200000000047657452656656616c7565206661696c656421204572726f72204e6f3a2000000120c046002801d0fff7c4feaff300800020aff33f
S34508012a400080fef71ffc00f000f800f001b800000746384600f002f8fbe700002021090326311820abbef9e7476574566f6c746167657320646f6e652120436d64204e6f0d
S34508012a803a200000436f6e74726f6c6c657220496e6974205061737365642120000000004765744c42206661696c656421204572726f72204e6f3a20000000005365744ce7
S34508012ac042206661696c656421204572726f72204e6f3a2000000000496e697446696c74657220646f6e652120436d64204e6f3a200000002020466c616720506f732045c1
S34508012b006d205b755f73746570735d3a2000000046696c746572776865656c7320496e697420506173736564212000005365744c4544206661696c656421204572726f72b0
S34508012b40204e6f3a20000000466c61672c2031203d204f4e2c2030203d204f46463a2020000000004765744c454453746174757320646f6e652120436d64204e6f3a2000e5
S34508012b8047657452656656616c756520646f6e652120436d64204e6f3a2000000548014603b4684680f30988aff30080aff30080fff73cffa5edf5fe4765744c4220646fe2
S34508012bc06e652120436d64204e6f3a20000000005365744c4220646f6e652120436d64204e6f3a2000000000466c616720506f73204578205b755f73746570735d3a20007d
S34508012c005365744c454420646f6e652120436d64204e6f3a200000004c4544204572726f7221204572726f72204e6f3a200000004c4544204576656e7421204576656e7477
S34508012c40204e6f3a200000004d6f6e69746f7220496e69742050617373656421200000005265664368616e20496e69742050617373656421200000003234205620506f7773
S34508012c806572205b6d565d3a20000000352056204c6f676963205b6d565d3a20000000004576656e7421204576656e74204e6f3a200000004572726f7221204572726f72ba
S34508012cc0204e6f3a200000004c6f674275665f53656d6170686f72650000000050686f746f6d65746572454550524f4d5f0000004d6f6e69746f725f53656d6170686f7278
S34508012d0065000000506172616d5265664368616e204d65616e3a2000506172616d5265664368616e204d696e3a200000506172616d5265664368616e204d61783a2000004e
S34508012d4002001801050018010b001801170018014c454420547970652049443a2000000046696c746572776865656c735f0000006d6f6e69746f725f74696d657200000044
S34508012d80506172616d46696c74657249443a2000506172616d53616d706c65733a200000506172616d5265664368616e3a2000004c42457853746174653a20004c42456dde
S34508012dc053746174653a2000506172616d45783a20000000506172616d456d3a20000000436f6e74726f6c6c65725f005265664368616e5f000000004d6f6e69746f725fa4
S34508012e00000000005265664368616e3a20000000426c6f636b54656d703a2000506172616d3a2000506172616d3a20004c45445f000000004c6f676765725f006c6f6d7175
S34508012e4000000000f002090000803f0410072643000083430080a508f0040de44300400c4430f1ab04f10d01200617b7513917b7d13804400252499d39104114213c411468
S34508012e80412080026f12033a24f10b204110e1201104e23920f10580812021012002010203040410070607080902040608f001ffffffffffffffffffffffffffffffffffee
