S32500420000A55AA5CC004200100043603ADB8E961F0030003000300030003000310039003849
S3250042002000440061007400610052006500640075006300740069006F006E0032000000001F
S32500420040000000000000000000000000000000000000000000000000000000000000000058
S325004200600031002E00300031002E00300030002E0031003300340030FFFFFFFFFFFFFFFFFC
S32500420080FFFFFFFFFFFFFFFFFFFFFFFFFFFFFFFFFFFFFFFFFFFFFFFFFFFFFFFFFFFFFFFF38
S325004200A0FFFFFFFFFFFFFFFFFFFFFFFFFFFFFFFFFFFFFFFFFFFFFFFFFFFFFFFFFFFFFFFF18
S325004200C0FFFFFFFFFFFFFFFFFFFFFFFFFFFFFFFFFFFFFFFFFFFFFFFFFFFFFFFFFFFFFFFFF8
S325004200E0FFFFFFFFFFFFFFFFFFFFFFFFFFFFFFFFFFFFFFFFFFFFFFFFFFFFFFFFFFFFFFFFD8
S3250042010000029E150000001107FD00011C002CB008000000080002000803131E0804031A5D
S325004201200806133F0807A34B08093000080C3000080F312208130241081400030810060090
S325004201400800022008120000FFFF00060000030A0000E58C002A002A002A0020005400534C
S32500420160004B0020006C006F0063006B0020004E004F0054002000430041004C004C004591
S32500420180004400200049004E002000540053004B00200043004F004E0054004500580054C5
S325004201A000000000002A002A002A0020004D0045004D0020006C006F0063006B0020004E43
S325004201C0004F0054002000430041004C004C0045004400200049004E002000540053004BA6
S325004201E000200043004F004E00540045005800540000000000530059005300200061006290
S32500420200006F00720074002000630061006C006C00650064002000770069007400680020C0
S32500420220006D006500730073006100670065002000270025007300270000000000530059DF
S325004202400053005F006500720072006F0072002000630061006C006C00650064003A00209B
S32500420260006500720072006F00720020006900640020003D0020003000780025007800005D
S3250042028000000000000000000000000000012000000000003F230000000000000000000093
S325004202A000000000000000000000000000000000000000000000000000C0004000010040B5
S325004202C000010164200F000000000000000000000000000000000000000000000000000041
S325004202E0000000000000000000000000000000000000000000000000000120000000000095
S325004203003F2300000000000000000000000000000000000000000000000000000000000033
S3250042032000000000000000003F80000040490FDB3FC90FDB3EA2F983470000003F0000006F
S32500420340404900003A7DAA22BFC90FDBBF800000000000003FC90FDB3EA2F9834700000003
S325004203603F000000404900003A7DAA22BFC90FDB3F800000BF8000002449807100280000F4
S325004203800004019C00040000000000000000000000000000FFFD0000000000000000000074
S325004203A04B800000338000007F7FFFFFFF7FFFFF00000000BF92A0024021CFFF3F3504F372
S325004203C03F000000000000E300CC00BA00AA009B009200883F000000000000003E800000D1
S325004203E0447A0000000000004B800000FF7FFFFF7F7FFFFF000000003F0000003F800000B6
S32500420400BF0000000000000000000000000000003F800000000000003FC90FDB0000000024
S3250042042040490FDB3FC90FDBC700000047000000000000000020FF000020FF800000000043
S3250042044000000000C700000047000000000300020000000000000000000000000000000041
S32500420460178E00D420280069006E007400650072006E0061006C0020007400720069006740
S3250042048000670065007200650064003A00200069006D0061006700650020004900440020E3
S325004204A00000004500720072006F0072003A0020005400720069006700670065007200209C
S325004204C00049006D00610067006500210000004500720072006F0072003A002000530065B4
S325004204E000740020004500780070006F0073007500720065002000540069006D00650021F5
S32500420500000000630061006C00630075006C00610074006500640020004D00610072006BD6
S32500420520006500720043006F006F007200640069006E006100740065007300200000003AC7
S325004205400020000000000020002F00200000004E006F0020006D00610072006B0065007265
S3250042056000200066006F0075006E00640020006F007200200074006F0020006D007500638E
S3250042058000680020006C0069006700680074002C0020007500730069006E00670020006E73
S325004205A00065007700200069006E0074006500670072006100740069006F006E00200054DF
S325004205C00069006D006500200028007800310030006D00730029003A0020000000000045CF
S325004205E000720072006F0072003A0020006500780070006F00730075007200650020007485
S325004206000069006D006500200066006F007200200063006F007600650072006D0061007271
S32500420620006B0065007200200064006500740065006300740069006F006E0020007200655A
S32500420640006100630068006500640020006D0069006E0069006D0061006C0020006C006961
S32500420660006D00690074002100000054006F0070004C0065006600740043006F006F007276
S3250042068000640020007500730069006E0067002000720061006400690075007300200000A0
S325004206A00000002F0000002C002000000000000A00000048005000200063006F006F007202
S325004206C00064003A002000000000000A004E006F006600200048005000200066006F0075C5
S325004206E0006E0064003A0020000000740073006B0041006C0067006F002E006300000042DE
S32500420700006900610073002000760061006C00750065003A00200000000000570065006C95
S32500420720006C00560061006C0075006500730020006200690061007300200063006F007272
S32500420740007200650063007400650064003A00200000007C00770065006C006C0020006FC1
S325004207600076006500720066006C006F0077002000640065007400650063007400650064CA
S325004207800020002800770065006C006C0020000000000029007C00000000002C00000074B0
S325004207A00073006B0041006C0067006F00200073007400610072007400650064002E002E1D
S325004207C0002E0000000000200020004E0075006D0062006500720020006F00660020007372
S325004207E00061007400750072006100740065006400200070006900780065006C0073002082
S325004208000074006F002000740072006900670067006500720020005300610074007500726A
S32500420820006100740069006F006E0046006C00610067003A002000000000002000200049F8
S32500420840006E0074006500670072006100740069006F006E002000740069006D0065002026
S325004208600066006F00720020006400610072006B00200069006D006100670065003A0020AA
S32500420880000000300020006D007300000000002000200049006E00740065006700720061D6
S325004208A000740069006F006E002000740069006D006500200066006F007200200068006F09
S325004208C000740070006900780065006C00200064006500740065006300740069006F006E5B
S325004208E0003A00200000002000200053007400610072007400200069006E007400650067D1
S325004209000072006100740069006F006E002000740069006D006500200066006F00720020AC
S325004209200063006F007600650072006D00610072006B00650072002000640065007400650C
S32500420940006300740069006F006E003A002000000000002E002E002E002000660069006EF1
S325004209600069007300680065006400000000004500720072006F0072003A0020006E006FE1
S3250042098000200068006F00740050006900780020006F00720020006400610072006B00565A
S325004209A00061006C002C00200049006D0067002000490044003A0020000000570065006C8A
S325004209C0006C002000630061006C00630075006C006100740069006F006E002000730074AD
S325004209E000610072007400650064002E002E002E0000004500720072006F0072003A0020B1
S32500420A00006E006F00200068006F00740050006900780020006F0072002000770065006CAC
S32500420A20006C0050006F0073002C00200049006D0067002000490044003A0020000000441C
S32500420A4000610072006B002000630061006C00630075006C006100740069006F006E002041
S32500420A600073007400610072007400650064002E002E002E0000004500720072006F0072A3
S32500420A80002000720065006100640069006E00670020004300430044002000740065006DC4
S32500420AA0007000650072006100740075007200650000004500720072006F0072003A002022
S32500420AC0004300430044002000740065006D007000200074006F002000680069006700686B
S32500420AE000200064007500720069006E006700200068006F007400700069007800200064C5
S32500420B00006500740065006300740069006F006E0000004500720072006F0072003A0020CE
S32500420B200074006F0020006D0061006E007900200068006F0074005000690078002C0020CD
S32500420B400049006D0067002000490044003A00200000004E0075006D0062006500720020A0
S32500420B60006F006600200068006F0074005000690078003A0020000000000049006D006745
S32500420B80002000490044003A0020000000000020002F002000730065006C00650063007417
S32500420BA0006500640020007400680072006500730068006F006C0064003A0020000000439A
S32500420BC000430044002000540065006D0070003A0020000000000048006F00740070006932
S32500420BE000780065006C002000730065006100720063006800200073007400610072007480
S32500420C0000650064002E002E002E00000000004500720072006F0072003A00200063006F03
S32500420C200075006C00640020006E006F0074002000640065007400650063007400200043BA
S32500420C40006F007600650072006D00610072006B006500720073002C00200049006D006732
S32500420C60002000490044003A0020000000000043006F006F007200640020007300680069CA
S32500420C800066007400200070006100720061006D0065007400650072002000630061006C01
S32500420CA000630075006C0061007400650064002E0020004E0075006D006200650072002033
S32500420CC0006F006600200069007400650072006100740069006F006E0073003A002000003B
S32500420CE000000064006F006E0074002700740020006B006E006F007700200068006F00770F
S32500420D0000200074006F002000680061006E0064006C00650020006D006F00720065002009
S32500420D20007400680061006E002000740077006F0020006D00610072006B00650072007331
S32500420D40002100000000004500720072006F0072003A00200070006C006100740065002090
S32500420D6000740079007000650020006E006F007400200064006500660069006E0065006409
S32500420D80002C00200049006D0067002000490044003A00200000004D00610072006B0065AB
S32500420DA00072002000730065006100720063006800200073007400610072007400650064CC
S32500420DC0002E002E002E0000000000480065006C0070002100200044006500660061007592
S32500420DE0006C00740020006300610073006500200069006E002000740073006B0041006CF9
S32500420E000067006F005F00660078006E0000005200610064006900750073002000730065A9
S32500420E20007400200074006F0020000000000049006E00760061006C006900640020005795
S32500420E400065006C006C0072006100640069007500730021000000740073006B0046006963
S32500420E6000720065005700690072006500200073007400610072007400650064002E002E49
S32500420E80002E0000000000500063006F00430061006D004400720076002E00630000007379
S32500420EA00062006900490073006F004C0069007300740065006E0020006600610069006CC9
S32500420EC0006500640020007700690074006800200063006F006400650020003000780000A2
S32500420EE000000049006E0069007400490073006F0052006500630065006900760065002008
S32500420F0000630061006C006C006500640020007700680069006C0065002000690073006F80
S32500420F200020007400720061006E0073006600650072002000610063007400690076006548
S32500420F4000210000000000730062006900530065006E006400570072006900740065005203
S32500420F600065007100750065007300740020006600610069006C006500640020007700690D
S32500420F800074006800200073007400610074006500200030007800000000004500720072FB
S32500420FA0006F0072003A002000500063006F00430061006D00440072007600530063006831
S32500420FC0006500640075006C00650044006D00610046006F007200490073006F005200659F
S32500420FE000630065006900760065002000740069006D0065006F0075007400000000005026
S325004210000063006F00430061006D0044007200760052006500630065006900760065005363
S3250042102000620069004D00730067003A0020006E006F00200072006500730070006F006E88
S32500421040007300650020006D006500730073006100670065000000500063006F00430061A5
S32500421060006D0044007200760052006500630065006900760065005300620069004D0073EE
S325004210800067003A00200063006800650063006B00730075006D0020006500720072006F1C
S325004210A00072002E000000500063006F00430061006D00440072007600520065006300656A
S325004210C0006900760065005300620069004D00730067003A0020006D0065007300730061CC
S325004210E0006700650020006C0065006E0067007400680020006500720072006F00720000F0
S32500421100000000500063006F00430061006D004400720076005200650063006500690076CA
S325004211200065005300620069004D00730067003A0020007700610072006E0069006E00676D
S32500421140002F006500720072006F0072002000720065006300650069007600650064003A4D
S32500421160002000300078000000000073006200690041006C006C006F0063006100740065FC
S32500421180004100640064007200650073007300520061006E0067006500280046005000474F
S325004211A0004100290020006600610069006C00650064002000770069007400680020006399
S325004211C0006F0064006500200030007800000073006200690041006C006C006F006300613D
S325004211E000740065004100640064007200650073007300520061006E0067006500280050A3
S32500421200006100720061006D00530065007400290020006600610069006C006500640020EB
S32500421220007700690074006800200063006F006400650020003000780000007300620069E9
S325004212400049006E0069007400690061006C0069007A00650020006600610069006C006513
S3250042126000640020007700690074006800200063006F006400650020003000780000004320
S325004212800061006D00200069006E00690074002000740069006D0065006F0075007400201D
S325004212A0007700680069006C0065002000770061006900740069006E006700200066006FC5
S325004212C00072002000620075007300200072006500730065007400210000004E006F0020A9
S325004212E000430061006D0065007200610020006400650074006500630074006500640021DA
S32500421300000000430061006D00650072006100200066006F0075006E00640021000000736C
S32500421320006200690041006C006C006F006300610074006500410064006400720065007322
S32500421340007300520061006E00670065002800430061006D006500720061002900200066C5
S3250042136000610069006C006500640020007700690074006800200063006F0064006500206F
S32500421380003000780000004500720072006F0072003A00200041006C006C006F00630061AD
S325004213A00074006500430061006D006500720061004D0065006D006F0072007900200066C4
S325004213C000610069006C0065006400210000004500720072006F00720020004F0070006557
S325004213E0006E00430061006D00650072006100480061006E0064006C0065002000660061BB
S325004214000069006C0065006400210000000000490073006F0020007400720061006E007352
S325004214200066006500720020006500720072006F0072003A00200030007800000000004992
S32500421440006E00760061006C0069006400200043006F006D006D0061006E0064003A00208D
S325004214600030007800000043006F006D006D0061006E00640020006E006F007400200041EB
S32500421480006C006C006F007700650064003A002000300078000000200020006D0065006DFC
S325004214A0006F00720079005300650067006D0065006E007400490044003A002000000020B0
S325004214C00020006D00610078004E006F00660049006D0061006700650073003A002000008B
S325004214E0000000200020006E006F00660049006D0061006700650073003A0020000000432E
S325004215000061006D002000740065006D007000650072006100740075007200650020007453
S32500421520006F00200068006900670068003A00200000005300650074002000650078007041
S32500421540006F0073007500720065002000740069006D00650020005B00750073005D003A4C
S3250042156000200000000000740073006B00500063006F00430061006D002000730074006116
S325004215800072007400650064002E002E002E0000000000200020004D0061007800200061E3
S325004215A0006C006C006F0077006500640020004300430044002000740065006D0070006537
S325004215C00072006100740075007200650020005B002F003100300064006500670020004392
S325004215E0005D003A00200000000000520065007400720079003A0020000000450072007253
S32500421600006F0072003A002000500063006F00430061006D0041007000690049006E0069DA
S32500421620007400430061006D0065007200610020007700690074006800200063006F006473
S3250042164000650020003000780000004500720072006F0072003A00200030007800000065A4
S3250042166000720072006F0072002000610072006D0069006E0067002000630061006D00006E
S32500421680000000430061006D006500720061002000610072006D00650064002100000074FB
S325004216A00073006B00500063006F00430061006D00200043004D0044002000300078000015
S325004216C0000000740073006B00500063006F00430061006D002E006300000047006500748C
S325004216E000200052006500730075006C00740073000000730065006E00640069006E0067A8
S3250042170000200072006500730075006C0074007300200063006F006D0070006C006500743B
S3250042172000650064000000470065007400200052006500730075006C0074007300200074D2
S325004217400069006D006500640020006F0075007400210000000000740073006B0041006C0A
S325004217600067006F004300740072006C00200073007400610072007400650064002E002E43
S32500421780002E0000000000430061006C00630048006F00740050006900780065006C0073C0
S325004217A0002000740069006D006500640020006F007500740021000000000043006D006401
S325004217C0002000430061006C00630048006F00740050006900780065006C00730000004D41
S325004217E0006500610073007500720065004400610072006B00760061006C0075006500730A
S32500421800002000740069006D006500640020006F007500740021000000000043006D0064A0
S325004218200020004D006500610073007500720065004400610072006B00760061006C007534
S325004218400065007300000053006500610072006300680043006F007600650072006D006145
S325004218600072006B00650072002000740069006D006500640020006F0075007400210000A0
S3250042188000000043006D006400200053006500610072006300680043006F00760065007277
S325004218A0006D00610072006B00650072000000740073006B0041006C0067006F00430074D2
S325004218C00072006C00200043004D00440020003000780000000000740073006B0041006C27
S325004218E00067006F004300740072006C002E006300000061006C0067006F00460069006EE4
S32500421900006400570065006C006C0073002E00630000004D00610072006B00650072002001
S325004219200066006F0075006E006400210020006C006F00630061006C00200063006F006F96
S32500421940007200640069006E0061007400650073003A002000000020002F002000000064B8
S325004219600058003A002000000000002C002000640059003A002000000000002C002000635B
S32500421980006F0073005000680069003A002000000000002C002000730069006E0050006854
S325004219A00069003A002000000000002C0020007300630061006C0065003A00200000004925
S325004219C0006E0069007400690061006C0069007A0069006E0067002000630061006D006567
S325004219E0007200610020006400720069007600650072002E002E002E0000002E002E002E0C
S32500421A0000200049006E0069007400690061006C0069007A0069006E00670020006300618F
S32500421A20006D006500720061002000640065007600690063006500200064006F006E006563
S32500421A40002100000000005300650074004900660050006100720061006D00730020006658
S32500421A6000610069006C00650064002E002E002E000000740073006B004300740072006CAE
S32500421A80002E0063000000740073006B004300740072006C00200073007400610072007438
S32500421AA000650064002E002E002E000000000049006E00760061006C006900640020004361
S32500421AC0006F006D006D0061006E0064003A00200030007800000041007300730065007242
S32500421AE000740069006F006E0020006600610069006C0065006400200069006E0020002721
S32500421B00000000270020006100740020006C0069006E0065002000000000002A002A002AFB
S32500421B20002A002A002A002A002A002A002A002A002A002A002A002A002A002A002A002ABD
S32500421B40002A002A002A002A002A002A002A002A002A002A002A002A000A000000000062D9
S32500421B6000750066004D0061006E0061006700650072002E00630000000000680061006CC1
S32500421B80005F006D0063006200730070002E006300000061006C0067006F004D0061007433
S32500421BA00068002E0063000000000064006100740061006C0069006E006B002E006300000B
S32500421BC00000006E006500740077006F0072006B002E006300000065006300630066002E63
S32500421BE0006300000000006D007300630066002E00630000000004000000D67800000000AE
S32500421C0000000000000000000000000000000000000000000000000000000000000000007C
S32500421C2000000000000000000000000000000000000000000000000000000000000000005C
S32500421C4000000000000000000000000000000000000000000000000000000000000000003C
S32500421C6000000000000000000000000000000000000000000000000000000000000000001C
S32500421C800000000000000000000000000000000000000000000000000000000000000000FC
S32500421CA00000000000000000000000000000000000000000000000000000000000000000DC
S32500421CC00000000000000000000000000000000000000000000000000000000000000000BC
S32500421CE000000000000000000000000000000000000000000000000000000000000000009C
S32500421D0000000000000000000000000000000000000000000000000000000000000000007B
S32500421D2000000000000000000000000000000000000000000000000000000000000000005B
S32500421D4000000000000000000000000000000000000000000000000000000000000000003B
S32500421D6000000000000000000000000000000000000000000000000000000000000000001B
S32500421D800000000000000000000000000000000000000000000000000000000000000000FB
S32500421DA00000000000000000000000000000000000000000000000000000000000000000DB
S32500421DC00000000000000000000000000000000000000000000000000000000000000000BB
S32500421DE000000000000000000000000000000000000000000000000000000000000000009B
S32500421E0000000000000000000000000000000000000000000000000000000000000000007A
S32500421E2000000000000000000000000000000000000000000000000000000000000000005A
S32500421E4000000000000000000000000000000000000000000000000000000000000000003A
S32500421E6000000000000000000000000000000000000000000000000000000000000000001A
S32500421E800000000000000000000000000000000000000000000000000000000000000000FA
S32500421EA00000000000000000000000000000000000000000000000000000000000000000DA
S32500421EC00000000000000000000000000000000000000000000000000000000000000000BA
S32500421EE000000000000000000000000000000000000000000000000000000000000000009A
S32500421F00000000000000000000000000000000000000000000000000000000000000000079
S32500421F20000000000000000000000000000000000000000000000000000000000000000059
S32500421F40000000000000000000000000000000000000000000000000000000000000000039
S32500421F60000000000000000000000000000000000000000000000000000000000000000019
S32500421F800000000000000000000000000000000000000000000000000000000000000000F9
S32500421FA00000000000000000000000000000000000000000000000000000000000000000D9
S32500421FC00000000000000000000000000000000000000000000000000000000000000000B9
S32500421FE0000000000000000000000000000000000000000000000000000000000000001089
S325004220000000F61C000000000000000000000000000000000000F40000010000506650D596
S325004220204EFBEC01DEEC049E6C01E8E32246041679EC009EECA18E6C01E8A822460416411E
S325004220407607D0A8A93100553A12A4946764EC31BE6A101490B06C01BE413D147607D0A86A
S32500422060A93100553A12A494046411DF00056C01BE413D343C546C01BE413D000600503D5F
S3250042208004760BB8A8A93100553A12A494046416EC31BE6A103290B06C01BE413D143C54CE
S325004220A06C01BE413D004A272364760BB8A8A93100553A12A494046416EC31BE6A104890F8
S325004220C0B06C01BE413D143C546C01BE413D0022644E0550D4506248045066507650D55026
S325004220E0E550F54EF4EB0095EB1085EB0CA5A9310103266D0901C37603E8A876054068CA5C
S32500422100043C076D090130EC31BE010000EC31EE6A1E34EB14B5A9D37DFFFF17ED1408C952
S3250042212006ED00BF76002888760028585110A9C12510900F760540488C08B9140490B17DC4
S32500422140FFFF09ECE1DEB4AF031BB1062510ECA19E1157006C011C10571863D47603014884
S325004221600601A93C191240906D6400D0A908D6A199C9A1ECE1BE7607D0A8B46F031CA906F3
S32500422180D66199C961A93100553A12A4946764EC31BE6A106290B06C01BE413D147607D07E
S325004221A0A8A93100553A12A49465647DFFFF076C01BE413D247607D0A8A93100553A12A450
S325004221C0946764EC31BE6A108090B06C01BE413D147607D0A8A93100553A12A49464E4DFB7
S325004221E0A1056C01BE413D247607D0A8A93100553A12A4946764EC31BE6A108490B06C012B
S32500422200BE413D147607D0A8A93100553A12A494046413DFED05031C6C01BE413D243C54B6
S325004222206C01BE413D004017A9310103261274941402E46D64FEDF62870600773C07A9043A
S325004222407603E8A85191C904A93100553A12A4946764EC31BE6A108890B06C01BE413D1426
S325004222607603E8A8A93100553A12A494046414A9047DFFFF096C01BE413D243C546C01BE25
S32500422280413D00760032A8A9041294A404645DED108FED009F6C01D66FA404ED0C8F08FD6D
S325004222A07B041468ED108FEC009E6C01D618A9310103261274946D64FE473C4A1298A4045E
S325004222C06426269A421A52AEEC31BE0100004A967DFFFF1990B050102410900AE64D00031C
S325004222E01BE64D00031C40194A203D04760FA0A8A93100553A12A4946764EC31BE6A10D0B5
S3250042230090B06C01BE413D14760301484E0C50F450E450D45072506248045066507650D55F
S3250042232050E550F5EC31FE010000ECE1AEECE18EA431010332ED319F010318B44F0257B4F5
S325004223400F03286C0121CC7603E8A8A93100553A12A4946764EC31BE6A111690B06C01BE43
S32500422360413D147603E8A8A93100553A12A4946664DF31050103336C01BE413D347603E873
S32500422380A8A93100553A12A4946764EC31BE6A108090B06C01BE413D14A9310103326D0977
S325004223A0009F7603E8783C067603E8E87DFFFF1690F050102410900BEC61DEB4AF0257A00B
S325004223C0A1DF310F010333C0A17603E8A8A93100553A12A494A06D0258DF310F010333C024
S325004223E0B364E4DFA1056C01BE413D347603E8A8A93100553A12A4946764EC31BE6A113229
S3250042240090B06C01BE413D14A93100553A12E49464E4DFB3056C01BE413D34A93100553A5F
S325004224201274946764EC31BE6A113490B06C01BE413D144016A9310103321264946D64FFA8
S325004224406B7603E8A8A93100553A12A4946764EC31BE6A113890B06C01BE413D14E631019F
S3250042246001025650F450E450D45072506248045066507650D550E550F54EFAEB040823479B
S325004224807603E8A8A93100553A12A494E631000100026764EC31BE6A113A90B06C01BE4117
S325004224A03D14EC31DE0100003C2976053EE87600C8F8C900B00010070079054000EB080802
S325004224C03C267DFFFF06ED0800ED0400900BA9611278946D6400BEDF311501000290D050C1
S325004224E0102410900BC67790D0DF311501000250102410900BA9007603E8A8C979A93100F3
S32500422500553A12A494046417DF311501000290D050102410900BDF77056C01BE413D3476B6
S3250042252003E8A8A93100553A12A4946764EC31BE6A113290B06C01BE413D147603E8A8A90B
S325004225403100553A12A494046417DF311501000290D050102410900BDF79056C01BE413DED
S32500422560347603E8A8A93100553A12A4946764EC31BE6A113490B06C01BE413D14F73100A9
S3250042258001010002A93101000212F894760306489EF404745B40161264E46D64FF24F700AD
S325004225A000017603FEA8A9001294A46D64FF057603E8A8A93100553A12A4946764EC31BE89
S325004225C06A114690B06C01BE413D147603E8A8A93100553A12A494046414DF3105010002A5
S325004225E06C01BE413D343C546C01BE413D003C044E0650F450E450D45072506248045066D7
S32500422600507650D550E550F54EFAEB0408A9310100026D09009BEC31DE01000076054068C1
S325004226203C077603FFF87DFFFF1790D050102410900BAE77A979C900671EEC318E6A11566D
S325004226407600D9486C01DD4BA9006719EC318E6A11567600DA486C01DD4B76053F9812E4EC
S32500422660946764EC318E6A11567600DB486C01DD4BA9001294F46764EC318E6A1156760009
S32500422680DC486C01DD4BB0001047007DFFFF0E5618ED0400EB0808ED08086C01A6CFED087B
S325004226A0BFC4614017A9310100021274946D64FF754E0650F450E450D4507250624804505B
S325004226C066507650D550E550F54EF6EC01FEEB08081605F9EC31EE012A56A031010333EC29
S325004226E0C1BE5100C0024B85E66D0000C0B4633C00EB3108012B76A931012A453C0604096B
S3250042270047EC31DE0100007DFFFF0610450290D02410900B76054048ED0808A56D2A46A8FD
S325004227206D2A47A96D2A48AA6D2A496C01A464ED3100012B76EB3108012B764016A9310135
S325004227402A451264940464BFED3108012B767DFFFF196C01F16E7603E8A8A93100553A12E5
S32500422760A494EB3108012B766764EC31BE6A116090B06C01BE413D147603E8A8A93100555D
S325004227803A12A494046414ED3108012B766C01BE413D243C546C01BE413D00EC31DE010027
S325004227A0007DFFFF1690D050102410900BA9027DFFFF19B46F025790B0EB0C0876053F08F5
S325004227C0DF611527101214046764EC318E6A1156760119486C01DD4BED0CBFA9027603FF6C
S325004227E0087DFFFF19DF731527101214046764EC318E6A115676011A486C01DD4B760060A2
S32500422800A8A9310103321290A0046413EC318E6A115676011C486C01DD4BA9310103327689
S325004228200060A812A8906764EC318E6A115676011D486C01DD4B7603E8A8A93100553A12C2
S32500422840A4946764EC31BE6A116E90B06C01BE413D14ECA1BEB46F0335EB04B53C06760367
S32500422860E8787DFFFF06ED048FAA02EC00BE4550A531010334EB1008ED10087B025710903A
S32500422880D07605404825109009ED08086C01A548EB0C08760032A8A90012A8940464629058
S325004228A0E17DFFFF062410900B7603E8A8A93100553A12A494B46F00C0F56100016764ECF2
S325004228C031BE6A118A90B06C01BE413D147603E8A8A93100553A12A49465647DFFFF066C4D
S325004228E001BE413D347603E8A8A93100553A12A4946764EC31BE6A11AA90B06C01BE413DAF
S325004229001490F0ED1000900BA93100553A7603E8A8ED0C0813A494ED3102012B76EB61086F
S3250042292064E4ED61086C01BE413D34A93100553A1274946764EC31BE6A11AE90B06C01BE17
S32500422940413D144016A9310103321264946D64FF117603E8A8A93100553A12A4946764ECD9
S3250042296031BE6A113890B06C01BE413D144E0A50F450E450D45072506248045066507650F0
S32500422980D550F550E54EB4EC00EEEB28A5EB2C957607D0A8A93100553A12A494EB30850414
S325004229A06416EC31BE6A11B090B06C01BE413D143C546C01BE413D007607D0A8A9310055F5
S325004229C03A12A4946764EC31BE6A11C490B06C01BE413D147607D0A8A93100553A12A494A1
S325004229E0046412760032086C01BE413D243C546C01BE413D007607D0A8A93100553A12A44B
S32500422A00946764EC31BE6A11FE90B06C01BE413D147607D0A8A93100553A12A494656476D7
S32500422A2001F4086C01BE413D247607D0A8A93100553A12A494046416EC31BE6A122290B0A5
S32500422A406C01BE413D143C546C01BE413D007607D0A8A93100553A12A4946764EC31BE6A80
S32500422A60122890B06C01BE413D147607D0A8A93100553A12A49465647603E8086C01BE4191
S32500422A803D247607D0A8A93100553AEC31BE6A122212A494EB4CB5046411ED4C086C01BE9B
S32500422AA0413D143C546C01BE413D007607D0A8A93100553A12A4946764EC31BE6A12549055
S32500422AC0B06C01BE413D147607D0A8A93100553A12A49465647603E8086C01BE413D247624
S32500422AE007D0A8A93100553A12A494046411ED4C086C01BE413D143C546C01BE413D00EDBF
S32500422B00308F6C01D5B4ED2C8F6C01D5B4E63100010000E63100010002E63100010001E6E9
S32500422B203100010193E63100010256E6310001031AE63100010333E63100010334E631042A
S32500422B40012A45EC31BE010000FB6D00BE2A46FB6D02582A48E66D002A47E66D1E2A49FB74
S32500422B606D02DA2A4AFB6D04742A4CE66D002A4BE66D1E2A4DFB6D00BE2A4EFB6D02582AC0
S32500422B8050FB6D03E02A4FFB6D03FE2A51FB6D02DA2A52FB6D04742A54FB6D03E02A53EB24
S32500422BA034B5FB6D03FE2A55E63160010332E63102010326EC31BE6A1D74EB31B501031849
S32500422BC0EC31BE6A1D70EB31B5010324ED34BFB46F0328EB38B5ED34BFB46F031BEB3CB5DF
S32500422BE0ED34BFB46F0196EB40B5EC31BE012A56EB48B5EC61AEEC31BE6A12DAEB58B5ECBF
S32500422C0031BE6A1300EB5CB5EC31BE6A131CEB60B5EC31BE6A133AEB64B5EC31BE6A136A38
S32500422C20EB68B5EC31BE6A138AEB6CB5EC31BE6A139EEB70B5EC31BE6A13A8EB74B5EC311F
S32500422C40BE6A13C0EB78B5EC31BE6A13CCEB7CB5EC31BE6A13E8EB80B5EC31BE6A1418EB1D
S32500422C6084B5B44F0120EB44A5EC31BE6A1452EB88B5EC31AE6A128AEB4CA5EC31BE6A1402
S32500422C8084EB8CB5EC31AE6A1298EB50A5EC31BE6A14ACEB90B5EC31AE6A12BEEB54A5EC73
S32500422CA031BE6A14C6EB94B5ED308FEC049E6C01D618EC089EED2C8F6C01D6AEEC31DE1595
S32500422CC00006ED04BF90D090B12410900D7603E8187601F408EDA1006C01EA1E2206ED047C
S32500422CE0BF90B1EC31BE15000490B02410900BA961ED08BFC96D00C47600C64880A1F0A993
S32500422D00310100006D0905F13C1A1290A06D6404EE3C2A1290A06D6402333C3A1290A00408
S32500422D206431761388A8A93100553A12A494046411ED94086C01BE413D143C546C01BE418F
S32500422D403D00EC318E6A1156760379486C01DD4B0607467607D0A8A93100553A12A49404A4
S32500422D606411ED90086C01BE413D143C546C01BE413D00A931010332041949ED08BF760F6C
S32500422D80A0A8A93100553A12A494FB6D030500C864E4ED8C086C01BE413D14760FA0A8A9BC
S32500422DA03100553A12A4946D6406EEED08BFDF6D0500C46C01BE413D243C546C01BE413D2D
S32500422DC0000606D5ED308FED049FED28AF08F309ED08BFC46D00C8A96D00C86D19012EF096
S32500422DE0310002010326046430761388A8A93100553A12A494046411ED88086C01BE413D8B
S32500422E00143C546C01BE413D00EC318E6A115676027E486C01DD4B4A22ED3C9FED38AFEDD9
S32500422E20318F0103246C0122B7EC0CAEED319F010324ED388F6C0121CC3D247607D0A8A984
S32500422E403100553A12A49464E4ED84086C01BE413D147607D0A8A93100553A12A494046492
S32500422E60103C246C01BE413D103C546C01BE413D00A931010333648908F49FE631010102F4
S32500422E8056E63100010000E63100010193E6310101031A3C09170019EC0CCE0F006A7DFF6A
S32500422EA0FF09ED34AFED08BF10450190A02410900A90B27DFFFF092420900BA54D031BC570
S32500422EC0797B0001B97DFFFF2BED08BF90B02420900BAA4D031CCA797B0004B990C024106E
S32500422EE07DFFFF1B900AED08BF90B02410900BA541C5797B0005B97DFFFF1BED08BF90B0B0
S32500422F002410900BAA53CA79402906058C760FA0A8A93100553A12A49464E4ED80086C01B0
S32500422F20BE413D14760FA0A8A93100553A12A4946D640565ED08BFDF6D0500C46C01BE4109
S32500422F403D243C546C01BE413D0006054C7607D0A8A93100553A12A494046411ED7C086C3A
S32500422F6001BE413D143C546C01BE413D00E63100010000E63100010193ED288FEC009E6C21
S32500422F8001E92AED08BFC46D00C8A96D00C86D1902517601C2A8A90012A4946D6402217633
S32500422FA007D0A8A93100553A12A49464E4ED78086C01BE413D147607D0A8A93100553A12B5
S32500422FC0A49464E4DF00056C01BE413D247607D0A8A93100553A12A49464E4ED74086C01B2
S32500422FE0BE413D14760118A8A90012A8946D6400C676015EA8A90012A8946D640080760138
S3250042300090A8A90012A89404643A7607D0A8A93100553A12A494046412764650086C01BE36
S32500423020413D243C546C01BE413D00ED04BF764650481404B490B008F435ED08BFC46D0047
S32500423040C80600AA7607D0A8A93100553A12A4940464127636B0086C01BE413D243C546C61
S3250042306001BE413D00ED04BF7636B0481404B490B008F3FBED08BFC46D00C80600707607D5
S32500423080D0A8A93100553A12A494046412761F40086C01BE413D243C546C01BE413D00ED73
S325004230A004BF761F40481404B490B008F3C1ED08BFC46D00C84A377607D0A8A93100553A94
S325004230C012A494046412761964086C01BE413D243C546C01BE413D00ED04BF7619644814E4
S325004230E004B490B008F388ED08BFC46D00C8ED08BFA931010002C979A96D00C86D190080A9
S325004231007607D0A8A93100553A12A494E6310101000164E4ED70086C01BE413D147607D0EE
S32500423120A8A93100553A12A494046416ED08BFDF6D0500C46C01BE413D243C546C01BE41DC
S325004231403D007607D0A8A93100553A12A49464E4ED6C086C01BE413D147607D0A8A931000D
S32500423160553A12A4946D640330DF31050100026C01BE413D243C546C01BE413D00060319EA
S32500423180760FA0A8A93100553A12A49464E4ED68086C01BE413D14760FA0A8A93100553ACF
S325004231A012A4946D6402F2ED08BFDF6D0500C46C01BE413D243C546C01BE413D000602D908
S325004231C0760FA0A8A93100553A12A49464E4ED64086C01BE413D14ED08BFFB6D030300C8DF
S325004231E00602B6760FA0A8A93100553A12A4946D6402A6ED60086C01BE413D1406029A76A6
S3250042320007D0A8A93100553A12A494046411ED5C086C01BE413D143C546C01BE413D00E68E
S325004232203100010000A9310100016409A931010256041949ED08BF760FA0A8A93100553A48
S3250042324012A494FB6D030500C864E4ED58086C01BE413D14760FA0A8A93100553A12A494D2
S325004232606D640235ED08BFDF6D0500C46C01BE413D243C546C01BE413D0006021CED04BF5B
S325004232801404B490B008F376ED04BFED408F1404B490B008F429E63101010193C631010126
S325004232A094ED089FED448FB42F00C56C01A3CF3D14ED08BF7607D0A8A93100553A12A494AA
S325004232C0E66D0000C864E4ED70086C01BE413D147607D0A8A93100553A12A4946D6401B9EE
S325004232E0ED08BFDF6D0500C46C01BE413D243C546C01BE413D000601A0ED31BF005534A00A
S325004233006110070A220B7607D0A8A93100553A12A494B46F2812F56100209A046411ED54E7
S32500423320086C01BE413D143C546C01BE413D00A9310100016409A931010193041949ED0834
S32500423340BF760FA0A8A93100553A12A494FB6D030500C864E4ED50086C01BE413D14760FDF
S32500423360A0A8A93100553A12A4946D64012BED08BFDF6D0500C46C01BE413D243C546C017A
S32500423380BE413D00060112ED04BF1404B490B008F26CED04BFED488F1404B490B008F31FD4
S325004233A0C624A931010332C926040951ED34FFED48DFA7310101942296B4EF0196EDE30812
S325004233C0EC1C8E7DFFFF176C01F2BAA924ED20187DFFFF096C01F3667DFFFF176C01F16ECA
S325004233E0A924ED1C181B00207DFFFF096C01F366EDA1042620EBA30842160416C0ED089FDE
S32500423400ED488F8A26941C046C01A3CFED089FED448FB42F00C56C01A3CF3D14ED08BFE697
S325004234206D0000C8ED48BF1605F94A973D09ED08AF7DFFFF0990A12410900AAC6D00C0CC14
S325004234404D00644019B4637607D0A8A93100553A12A49464E4ED70086C01BE413D14760774
S32500423460D0A8A93100553A12A494046416ED08BFDF6D0500C46C01BE413D243C546C01BE0A
S32500423480413D00ED31BF005534A06110070A220BB46F2812F461FFDF9A7607D0A8A93100B8
S325004234A0553A12A494046411ED4C086C01BE413D143C546C01BE413D00ED2C8FED089F6C93
S325004234C001D573ED308FED049F6C01D66F06F7D84EFFE631030100007603E84808EB3D4E09
S325004234E00148044EFFE631010100007601F44808EB2A4E0148044EFFE63102010000760386
S32500423500E84808EB174E0148045066507650D550E550F57600329823461298646764EC31D4
S325004235208E6A11567601AA486C01DD4B6716EC318E6A11567601AB486C01DD4B76270F98AA
S32500423540529EEC31BE010000EC61AE4B85E64D000335B443E63100010334226050002209DE
S325004235605260540822076D0600BBAE310103347C0001A652AE3C0C7C0001F653901E640044
S3250042358052FD0E00972308226A26CA421A52A054C852C01E641023C522803D0479FF9C0655
S325004235A07C0064D00E0075226A264A421A52A244251A00035624220A1274A404645E7DFFAC
S325004235C0FF047DFFFF21240290B02420900AE64D010335229A264A7C00015A7DFFFF217D38
S325004235E0FFFF05240290B02420900AE64D0103357DFFFF047DFFFF2D240290B02420900A65
S32500423600E64D0103357DFFFF2D7DFFFF05240290B02420900AE64D010335404E4014401CE0
S32500423620CE3101033450F450E450D450725062480450662246760032A87C0001961298A4E0
S3250042364004646BA931010333129C643C049EF46D740084C63101033308FEAC2364A93101B3
S32500423660031A648908ECB3E631010102567607D0A8A93100553A12A4946764EC31BE6A1414
S32500423680E890B06C01BE413D147607D0A8A93100553A12A4940464127DFFFF066C01BE41EE
S325004236A03D243C546C01BE413D003C044A29760BB8A8A93100553A12A494046416EC31BE88
S325004236C06A14F890B06C01BE413D143C546C01BE413D00760100485062480450665076506D
S325004236E0D550E550F54EFE225D2287EB000853D0580C239E76FFFF98230F12F494224667DD
S3250042370064EC318E6A1A5A760071486C01DD4B3C000407317C0001A752AE3C097C0001ADA5
S3250042372052AD4A9F040D1C529158D83C0C7DFFFF234B8E7DFFFF1C2421ED0050901BDF6156
S325004237400D401C40197DFFFF1F6C01EA1E10451052E01087007AFFFF445426100736220E6F
S325004237607C0001C73C043C191298C40464737C0002AC7C0001FD52AEEC31BE0000607C0084
S32500423780028F528D0E00583C1A12A8F4046450529058C823D5529058840E003F3D157DFF7C
S325004237A0FF137DFFFF052410ED0000900AAA4112A4E4046416225A242A90B07DFFFF1A24AE
S325004237C010900AFB4100F04A124114225A242A90B07DFFFF1A2410900AFB4100FF401540DD
S325004237E01904073AEC31BE0000607C0001A752AE3C094AA423D5529058047DFFFF1090B090
S325004238002410900AFB4100FF40195290580442107DFFFF1090B02410900AFB4100FF040D89
S3250042382031EC31BE00006022D552C0EC61AE59847C0001CD52CE4A963D09FB4300FF229C68
S32500423840242C90B07DFFFF1C2410900CFB8100FF40194E0250F450E450D4507250624804A9
S325004238605066507650D550E550F5760100E8760100F8EC01DE23564A0C23477DFFFF1C90EC
S32500423880D02410900BA761127C646764EC318E6A1A5A7600B2486C01DD4B1274F46764ECBD
S325004238A0318E6A1A5A7600B3486C01DD4B1274E46764EC318E6A1A5A7600B4486C01DD4B58
S325004238C0127464046418226C90D07DFFFF1C2410900BA961129CC4227604649F4A14227CCB
S325004238E090D07DFFFF1C2410900BA961129CC40464897DFFFF1690D02410900AA941129002
S32500423900C46D64008012906404645C1294C404642B7DFFFF1990D02410900BCC613C05173B
S325004239200FF94A937DFFFF1590D02410900BAA6112AC94CC619EF440150600497DFFFF1C44
S3250042394090D02410900BC9613C05170FF94A947DFFFF1590D02410900BA961129CC480418C
S32500423960849E7440154A1ECC413C0A170FF94A937DFFFF1A90D02410900BA961129C64CCB1
S32500423980619EF4401A50F450E450D45072506248045066507650D550F550E5F79AFEF49800
S325004239A0EC00EEEC00BEC4CD0101C5CD0100160FF94A823D09C963401922597C0001A93C83
S325004239C009C9CD01023C191298A46D64014C22494219C9CD01037C00019AC9CD0104EC310D
S325004239E0DE0000603C19C9CD01053C1AA9CD010312A8946D64010FA9CD0105B0CD01057CD6
S32500423A00000159D3CD000101A9CD0103C0CD01064219C9CD0108D3CD050101C0CD01073CE2
S32500423A2019C9CD0109A9CD0109D6CD99010690D07DFFFF192410900FAAE1CACD010A421973
S32500423A4090D07DFFFF192410900BA661A9CD0109D6CD99010790D07DFFFF192410900B7657
S32500423A6000F098126C94A7616764EC318E6A1A5A760114486C01DD4B7600F098127C946719
S32500423A8064EC318E6A1A5A760115486C01DD4B7600FFA8A9CD010A1290A404645512607401
S32500423AA00464257600FF981270940464171260946764C6E1EC008E236408FDA223754A325B
S32500423AC0C7E14A2EC6E14A2A7600FF98126C9404641EA9CD0102C9E1F7CD0001010276015C
S32500423AE00098AACD010212A49463E406009C3F14C6E1F7CD00010109F7CDFFFF0108A9CD2F
S32500423B0001086D19FF1FF7CDFFFF0104A9CD0104F7CD000101056D19FED03C04A9CD010296
S32500423B20040930EC00AE4319529E160FFA4A9E3D0CA941129CC4046416EC00BEC4414B8B6B
S32500423B40A9615F80129CC4C4619EF4B4634014B443411CB0CD0100D3CD00010122090409F4
S32500423B602B7C000190529EEC00AEEC31BE0000607600FF984B94AC6112C09466E47DFFFFDC
S32500423B801C90A02410900C808184B463F79A010C9850E450F450D45072506248045066508D
S32500423BA07650D54EFEEC61DE3C063C01EB00180409534219529E3C0C7C000175527D0E0067
S32500423BC04204053F52C158D44AB53D095E80239B243B90817DFFFF2B2421901BAB6112BC13
S32500423BE0A404641D52C158507DFFFF217DFFFF1924212401901BED0028DF619DEB0018401F
S32500423C00164019401C6716EC318E6A1A5A7601A4486C01DD4BED00087DFFFF166C01EA1E98
S32500423C20C0A14E0250D45072506248045066507650D550E550F54EF0761932A8EB140823BB
S32500423C4086C508D30806EC21DE23091294A4C40A6764EC318E6A1A5A7602E1486C01DD4B2F
S32500423C60760154E876FDFFF876040078A40AA508ED1408236808FA6123797B02007712F801
S32500423C80743E149EF46D74019012E4440464DDA40808FCFB236562D406017C3F343C0E6D7D
S32500423CA00400EDC40C7C000196C90EA9084219C9103D073C00EB1808EB1C083C0F040659E4
S32500423CC0AA0E52AEEC31BE0000600E00483D09AA08040A435290D30820AA1052AD4AB43D39
S32500423CE00C5E8023CA242A90B07DFFFF1A2410900AAA4112AC7404641C7DFFFF1CED18086F
S32500423D002410EB1808229AED1C087DFFFF1A2410EB1C08401F401C4019671FEC318E6A1AAE
S32500423D205A760179486C01DD4B7600BE981298F004645112E8F404644B22FEED18087DFFAB
S32500423D40FF1E6C01EA1EC0A1ED1C087DFFFF1E6C01EA1EC0B3EC31FE000060A40AA508EDD3
S32500423D601408EC00BEECE18E236908FE2E237AA508A0A1D4B3047DFFFF1090F02410900F26
S32500423D80FBE100A0F70CFFFFA90C40176D19FF233E249E8E6D0E0081769C40A8A90012A8C3
S32500423DA0943C149EF40474717603E8A8A93100553A12A4946764EC31BE6A1A6A90B06C015F
S32500423DC0BE413D147603E8A8A93100553A12A49464E4DFA1056C01BE413D247603E8A8A943
S32500423DE03100553A12A4946764EC31BE6A1A8C90B06C01BE413D147603E8A8A93100553A4C
S32500423E0012A494046411DFB3056C01BE413D243C546C01BE413D003C044E1050F450E45094
S32500423E20D45072506248045066507650D550F550E54ED8EC00EEEC01DEEB2895EB24A5A9BB
S32500423E40B5AAA112A4946764EC318E6A1A5A760267486C01DD4BA9B3AAB712A4946764EC02
S32500423E60318E6A1A5A760268486C01DD4BA9BDAAB912A4946764EC318E6A1A5A7602694810
S32500423E806C01DD4BECA1FE1405F4A6F5A7E1127464046412EC318E6A1A5A76026A486C0106
S32500423EA0DD4BA6F5A7E1A0B3ED28BFDFB70FC020A0B5DFA10FA073230FDF770FA0752309F4
S32500423EC0DF610F1005101047007AFFFF0454161A0010529010870052907AFFFF0454266C02
S32500423EE001F0C82510EB2C0853F010470052F07AFFFF045416B0201B0010B0201187007ACE
S32500423F00FFFF0454266C01F0C82510ED2C081B00106C01AE7DEB2C08ED2C086C01DFB0EB78
S32500423F202C08ED28BFA0BDDFB90F2776A07F2307DF7B0FA07D2309DF790F100510104700B2
S32500423F407AFFFF0454161A0010529010870052907AFFFF0454266C01F0C82510EB300853E8
S32500423F607010470052707AFFFF0454161A0010526010870052607AFFFF0454266C01F0C84A
S32500423F802510ED30081B00106C01AE7D6C01DFB01A0010ED2C086C01C90DED311800740682
S32500423FA06C01DBFFEB3408A9B7D8B3496C01F3AAA9A1EB2C08D8B5496C01F3AAED2C081B88
S32500423FC000106C01E965EB3008ED28BFA977D873496C01F3AAED28BFEB2C08A961D8754986
S32500423FE06C01F3AAED2C081B00106C01E965EB38086C01F3AA2364EB2C08A9B9D8BD496CE1
S3250042400001F3AAED2C081B00106C01E965EB2C08ED28BFA97BD87F496C01F3AAED28BFEB33
S325004240203C08A979D87D496C01F3AAED3C081B00106C01E965EB3C08ED3018ED38086C0115
S32500424040F352EB3008ED2C18ED3C086C01F352ED30081B00106C01C90DED31180074066CED
S3250042406001DBFFEB2C08ED2C086C01CB66EB3C08ED2C086C01CF82EB3808ED38086C01F379
S325004240808BEC10BEEB2CB5EB4008EC00BEEB30B51600393D060E00727DFFFF1690D05010B7
S325004240A02410900FA4F36C01F3AAEB4408A4E16C01F3AAEB4808ED3C18ED48086C01DBFF7E
S325004240C0EB4C08ED3818ED44086C01DBFFED4C081B00106C01C90DED30BFEB6308EB30B5EB
S325004240E0ED4008ED48186C01DBFFEB4808ED3C18ED44086C01DBFFED48081B00106C01C915
S325004241000DED2CBFEB6308EB2CB54016EC00FEEC10BEEB2CB5ED3108007408EB3008ED30A8
S3250042412008EB40083C061700390E00697DFFFF16ED28DF501090D02410900DA4A16C01F338
S32500424140AAEB4408ED3418EDE3086C01DBFFED44081B00106C01F352ED30081B00106C010B
S32500424160C90DEB3008A4B36C01F3AAED2CBFEB4408ED3418ED6308EB2CB56C01DBFFED44B9
S32500424180081B00106C01F352ED40081B00106C01C90DEB40084016ED3008ED311800740AED
S325004241A06C01DBFFEB3008ED311800740AED40086C01DBFFEB4008ED24BFED3008EB6108A1
S325004241C0ED4008EB7508ED3C08EB7908ED3808EB7D08ED3408EB6D0800084E2850E450F441
S325004241E050D45072506248045066507650D550E550F54EF0EC01DEEC21EEEB00A56D040073
S32500424200C422473C06EDBD08EB04087DFFFF064450EB080890E0ED0800900FA4E16C01F345
S32500424220AAEB0C08EDB908A4F3EB10086C01F3AAEB1408ED1018EDAD080008EB1808ED1469
S32500424240086C01DBFFEB1C08ED0418ED0C086C01DBFFED1C081B00106C01F352ED18186CF0
S3250042426001DBFFEDB5186C01C90DEB1C08ED00FFED041890F0ED0800900FED14086C01DBB5
S32500424280FFEB0408ED1018ED0C086C01DBFFED04081B00106C01C90DED18186C01DBFFEDCB
S325004242A0A1186C01C90D6C01F00A6C01F337C4E1ED1C086C01F00A6C01F337C4F3421740B8
S325004242C0166D17FF404E1050F450E450D45072506248045066507650D550E550F54EEAECC4
S325004242E021FEEC01DEEC41EEA9B5AAA112A4946764EC318E6A1A5A7601F5486C01DD4BA63B
S32500424300B7A7B3126474046412EC318E6A1A5A7601F6486C01DD4BA7B3A6B7A0B5DFA10F72
S325004243202379C0022769C900A0F3DFF70FA0F52309DFE10F1005101047007AFFFF04541614
S325004243401A0010529010870052907AFFFF0454266C01F0C82510EB0408B002B0021147008D
S325004243607AFFFF045416B0001B0010B0001187007AFFFF0454266C01F0C82510ED04081B88
S3250042438000106C01AE7D6C01DFB0EB080822746C01F3AA2764EB0408A9A1D8B5496C01F394
S325004243A0AAED04081B00106C01E965EB0408A9F7D8F3496C01F3AAA9E1EB0C08D8F5496C6C
S325004243C001F3AAED0C081B00106C01E965ED04186C01F352EB0C08ED0C086C01CB66EB04C8
S325004243E008ED0C086C01CF82EB0C086C01F3AA2364EB1008A4B56C01F3AAEB14086C01F351
S32500424400AA2374EB1808A4A16C01F3AAEB1C08A4E16C01F3AAEB2008ED1C08ED04186C0181
S32500424420DBFFEB2408ED0C18ED18086C01DBFFED24081B00106C01C90DED08186C01DBFF03
S32500424440ED20081B00106C01F352A4F5EB28086C01F3AAEB2008ED0418ED14086C01DBFFF8
S32500424460EB2408ED0C18ED10086C01DBFFED24081B00106C01C90DED08186C01DBFFED2098
S32500424480081B00106C01F352ED28081B00106C01C90DED31180074066C01DBFFEB2408ED69
S325004244A00C086C01F38BEB2008A4F36C01F3AAEB2808ED1C18ED20086C01DBFFEB1C08ED6D
S325004244C00418ED18086C01DBFFED1C081B00106C01C90DED08186C01DBFFED28081B001009
S325004244E06C01F352EB1C08A4F76C01F3AAEB1808ED1418ED20086C01DBFFEB1408ED04187E
S32500424500ED10086C01DBFFED14081B00106C01C90DED08186C01DBFFED18081B00106C0197
S32500424520F352ED1C081B00106C01C90DED31180074066C01DBFFEB1008ED2408EBC108EDBB
S325004245401008EBD508ED0408EBD908ED0C08EBDD087603E8A8A93100553AED080813A494E3
S32500424560EBCD0800086764EC31BE6A1A9090B06C01BE413D147603E8A8A93100553A12A44C
S3250042458094046417ED2408ED311800740C6C01DBFF6C01EBB96C01BE413D247603E8A8A91A
S325004245A03100553A12A4946764EC31BE6A1A9690B06C01BE413D147603E8A8A93100553A7A
S325004245C012A494046417ED1008ED311800740C6C01DBFF6C01EBB96C01BE413D247603E889
S325004245E0A8A93100553A12A4946764EC31BE6A1A9E90B06C01BE413D147603E8A8A9310070
S32500424600553A12A494046417ED0408ED311800740C6C01DBFF6C01EBB96C01BE413D2476B0
S3250042462003E8A8A93100553A12A4946764EC31BE6A1AAA90B06C01BE413D147603E8A8A969
S325004246403100553A12A494046417ED0C08ED311800740C6C01DBFF6C01EBB96C01BE413DD1
S32500424660247603E8A8A93100553A12A4946764EC31BE6A1AB690B06C01BE413D147603E8D4
S32500424680A8A93100553A12A49404641FED0808ED311800740C6C01DBFF6C01EBB96C01BEBA
S325004246A0413D243C546C01BE413D004E1650F450E450D4507250624804506650D550E550B7
S325004246C0F54EFF7607D0A8A93100553A12A494046416EC31BE6A150C90B06C01BE413D14C7
S325004246E03C546C01BE413D006C01C8ECEC31EE0053BCEC31DE007AD4EC31FE00747E3C0666
S32500424700ECC18E760014486C0273D522697B000169181F9962196C01E4B4ECA18E76FFFF3F
S32500424720486C02734C6C01C6B2ECA18E6C02732CA9310048870409C8ECE18E6C0270D1E641
S32500424740310000488706FFB84EFBEC318E015088EC009E6C026AF43D046D0400F8ED31BFAA
S3250042476000442890B06700EC318E6A152476022C486C01DD4BED31BF00442690B06710EC25
S32500424780318E6A152476022D486C01DD4BED318F004426EC319E0044286C01D6AE6704EC67
S325004247A0318E6A1524760231486C01DD4BED31BF00442890B06710EC318E6A1524760232D1
S325004247C0486C01DD4BED31BF00442890B1EC31BE15000890B02410900BE66100ED31BF00FF
S325004247E044281404B490B1EC31BE14FFFF90B02410104701ED31BF00499C760C0648A0739A
S32500424800100705220BC16B9AED31BF00499C760C0748A073100705220BBD6B9AED31BF00B3
S32500424820499C760C0348A073100705220BA96B99B46F0C01F56100809AED31BF004428ECA0
S3250042484031AE15000490B190A02410900AEC00BE4D018065104E054804506650D54EFFA97C
S3250042486031004991A631004990E631020200C0C9310200C6E631040200C8E631000200C0DA
S32500424880F53100040200C076FFFF48EC31DE007AD4ECA18E6C02734C3C0C3C0B3C0A3C0581
S325004248A03C093C046C01F1C423682246ECA18E6C02732C3C049E8604063F760FA0A8A9319A
S325004248C000553A12A4946764EC31BE6A153090B06C01BE413D14760FA0A8A93100553A121D
S325004248E0A4940464103C446C01BE4123603C546C01BE413D00760302484E0150D4506248E8
S32500424900045066507650D56C027810224DED31AF00499CA053100705220BB46F0C01F461D2
S32500424920FF7F9A760C0348A053100705220BA96B99A14176001071180F513C105C0522063B
S325004249406C01F39B9687C6310000019697C6310000466C01F3D16C02782423D4ED319F00A6
S325004249604428ED318F0044266C01D66F08FEEA040425760BB8A8A93100553A12A4940464A1
S3250042498016EC31BE6A155290B06C01BE413D143C546C01BE413D0050D450725062480450A3
S325004249A06650764EEDEC31BE0073D8EC00AE4D088065105041C416C5183C106C01E5873D94
S325004249C004EB318500499CEC009E6C01E1DDED31BF00499C7A00000A7E718000DF611550F6
S325004249E010A5612510900B3C115C55EB6118ED31BF00499CA16176001071180F513C105C4C
S32500424A000522066C01F39B9607A9310000009617A9310000452A969687C6310000009697E2
S32500424A20C6310000456C01F3D14E135072506248045066507650D550F54EFF2257908023C1
S32500424A4046900D619004071261006717EC318E6A1524760121486C01DD4B227050007B001E
S32500424A600570EC31FE004888C6F3C7E1226010053819FFA618FF9024A918FFA7249A23701D
S32500424A8076FF009024A93C2B7C00010776FFFEA012B8A43C26046442423A52AE0E0039ECD5
S32500424AA000680464147B0001A690F07DFFFF1A2410900BA2A1C2614A127C0001A690F07DE2
S32500424AC0FFFF1A2410900BA2A1C26118FFA2249A76FF009224A9B4A3401618FF99EC006845
S32500424AE00464217B0001A690F07DFFFF1A2410900BC9617DFFFF1690F02410900BE661008E
S32500424B0023A64A107C0001A690F07DFFFF1A2410900BC9614016EC006804741590F17DFFC5
S32500424B20FF062410900BE663004016EC00680464F5EC31DE007AD476FFFF48ECA18E6C027B
S32500424B40734CED31BF00448476FFFF58ECE1AE23601047013D047AFA000AED618F6C018CF2
S32500424B601023192246ECA18E6C02732C3C049E8604063F760FA0A8A93100553A12A494677D
S32500424B8064EC31BE6A158490B06C01BE413D14760FA0A8A93100553A12A4940464103C4416
S32500424BA06C01BE4123603C546C01BE413D0076030A484E0150F450D45072506248044EFFF6
S32500424BC0EC019EEC318E0150886C026B7C3D0404142B760FA0A8A93100553A12A4940464BD
S32500424BE016EC31BE6A15AE90B06C01BE413D143C546C01BE413D00761000484A16ED31BF0E
S32500424C0000442890B06510EC318E007A8E6C0257233C044E0148045066507650D550E5508F
S32500424C20F54EFEEC01FE234EA73100490D76FFFF98127C94A63100490C6764EC318E6A1512
S32500424C402476017C486C01DD4BEC31DE00490CFBB3FFFFEC0E7804642C760FA0A8A931006F
S32500424C60553A12A494046416EC31BE6A15E090B06C01BE413D143C546C01BE413D007601AE
S32500424C80004806016DEC0C786D64011922E05000236926093D5A129CA46D6400DCEC0068BE
S32500424CA06764EC318E6A152476019C486C01DD4B18FFA7237076FF009024A918FFA6249A05
S32500424CC0236076FF009024A93C2C7C00010676FFFEB012C8B43C2A04643E423B52BE0E00F4
S32500424CE035EC00A80464127B0001BA90D07DFFFF1B2410900BA0614A107C0001BA90D07DBF
S32500424D00FFFF1B2410900BA061C0E318FFB0249B76FF009024B9401A18FF99EC00A8046451
S32500424D2010401A90D07DFFFF1A2410900BAA614A0E421A90D07DFFFF1A2410900BAA611857
S32500424D40FFAA129CA43C049EF46D7400A5760FA0A8A93100553A12A494046416EC31BE6A75
S32500424D60160C90B06C01BE413D143C546C01BE413D0076030A48060079760FA0A8A93100A2
S32500424D80553A12A494046416EC31BE6A163490B06C01BE413D143C546C01BE413D00760138
S32500424DA0004806004DA9B7760FA0A85390A93100553ADF310D00490E12A494EB000867641B
S32500424DC0EC31BE6A166290B06C01BE413D14760FA0A8A93100553A12A494046411ED0008E3
S32500424DE06C01BE413D443C546C01BE413D0076030A484E0250F450E450D4507250624804CE
S32500424E00506650D550F5ED310823FFFEEC31FE00442AECE1BE4D0FE66300EC31BE00523CC2
S32500424E20EB31B500442AE6310100442CEB310800442E7A00010A7E347600EB310800443088
S32500424E407A00010A7E347400EB3108004432EC31DE007AD476FFFF48ECA18E6C02734CEC8C
S32500424E60E18E6C0185142246ECA18E6C02732C6D16013FEC31BE004486EB31B500443AFB33
S32500424E8031080000443CFB31FFFF00443E7AF0010AEB3108004440E6310100443DE6310098
S32500424EA00044423C00EB3108004444ECA18E76FFFF486C02734CEC318E00443A6C017E9490
S32500424EC02246ECA18E6C02732C6D1600A4EC31BE020000EB31B5004450FB311000004452BF
S32500424EE0FB31FFFF0044547AF0010A7E400000EB3108004456E63101004453E631000044AD
S32500424F00583C00EB310800445AECA18E76FFFF486C02734CEC318E0044506C017E942246C9
S32500424F20ECA18E6C02732C3C049E866D0600C2760FA0A8A93100553A12A4946764EC31BE42
S32500424F406A169690B06C01BE413D14760FA0A8A93100553A12A4940464103C446C01BE4112
S32500424F6023603C546C01BE413D0076030748060080760FA0A8A93100553A12A4946764ECA8
S32500424F8031BE6A16C890B06C01BE413D14760FA0A8A93100553A12A4940464103C446C01B0
S32500424FA0BE4123603C546C01BE413D00760307484A3F760FA0A8A93100553A12A494676452
S32500424FC0EC31BE6A16FE90B06C01BE413D14760FA0A8A93100553A12A4940464103C446C4F
S32500424FE001BE4123603C546C01BE413D007603074850F450D4506248045066507650D5508E
S32500425000E550F54EFEEB3185004426E63100004886EC31FE0053BCECE18E6C0273D53D2446
S3250042502008FDDD63847603074806030BEC31DE007AD476FFFF48ECA18E6C02734C6C018940
S325004250403CECA18E6C02732C6C0278707B03E800EB0008F0310001004886046442ECE18E00
S325004250606C0273D53DA46C027870ED00181218040464E0760FA0A8A93100553A12A49404FC
S325004250806416EC31BE6A172090B06C01BE413D143C546C01BE413D0076030748060298ED47
S325004250A031080200021801006790ED3108020002EC0A00EB3108020002E63100004886EC42
S325004250C0A18E76FFFF486C02734C6C0140382246ECA18E6C02732C76001448ECE18E6C0260
S325004250E073D50406DAA9310044383C0704396DEC31EE00447E3C06041762AA310044391203
S3250042510060A004644FECA18E76FFFF486C02734C6C0141902364EB00857DFFFF071045017F
S3250042512010430290E02410900F6C0141CCEBE108ED008F6C014228C4F5ED008F6C014238D2
S32500425140EBF908ECA18E6C02732C40171406E4A931004438401612649004649B04172C762C
S325004251600FA0A8A93100553A12A494046416EC31BE6A174E90B06C01BE413D143C546C01BB
S32500425180BE413D00760300480601AC7607D0B8AA3100553A12B4A404641BEC31BE6A1762FD
S325004251A090B06C01BE413D143C546C01BE413D00A9310044386D3901553C06AA3100443985
S325004251C01260A06D64013EECA18E76FFFF486C02734C6C0141902364EC01FE6C0141CCED4A
S325004251E0311800447E121C046D64010DECE18E6C014228A931004480129C446D6400FAECD2
S32500425200E18E6C014238ED3118004482121C046D6400E6EC31BE00447CEB31B5004484EBEC
S3250042522031F500447CECA18E6C02732CEC31BE00490CE66140EB31B5004466FB31010800B1
S325004252404468FB31FFFF00446A7AF8000AEB310800446CE63102004469E6310200446E7A27
S3250042526000010A7E335B00EB310800447076FFFF48ECA18E6C02734CEC318E0044666C0131
S325004252807E942246ECA18E6C02732C631608F5C90600A4760FA0A8A93100553A12A4946754
S325004252A064EC31BE6A177090B06C01BE413D14760FA0A8A93100553A12A4940464103C4401
S325004252C06C01BE4123603C546C01BE413D00760FA0A8A93100553A12A494046416EC31BE85
S325004252E06A17A490B06C01BE413D143C546C01BE413D00760307484A3EECA18E6C02732C93
S32500425300A93100443840161264906D64FEAD760FA0A8A93100553A12A494046416EC31BE3E
S325004253206A17C890B06C01BE413D143C546C01BE413D00760307484E0250F450E450D450A2
S3250042534072506248044EFF3C40EB31080071846C01F39BA9310000001A0499C9310000002D
S325004253606C01F3D14E014804A4310044394804EC318E0049904804E6310100488748045028
S325004253806650764EFFED31BF005534A06110070A220BB46F2812F56100089AED31BF00491C
S325004253A09C760C0348A073100705220BA66B99A93100499E041910E6310100499EEC318E9E
S325004253C000755A6C0270D1A9310200C918707904075C760FA0A8A93100553A12A4946764AF
S325004253E0EC31BE6A17E890B06C01BE413D14760FA0A8A93100553A12A4940464127DFFFFAF
S32500425400076C01BE413D443C546C01BE413D00F53100700200C9ED31BF00442890B1EC310F
S32500425420BE15000890B02410900BFB610302EC06689664F53100040200C9EC0A6804743288
S32500425440ED318F004426ED319F0044286C01D5733C00EB3108004428E6310000499EEC3128
S325004254608E0075706C0270D1EC318E007A8E6C025723ED31BF005534A06110070A220BB4BE
S325004254806F2812F461FFF79A4E015072506248044804E63101004886480448044EF9EB002B
S325004254A008080B187AFE001A7A01FF3AED00282901EB04187EF000337AFE001A2821EB0876
S325004254C0187A01FF1A7EF00011ED002829037D0FFF00ED002829217D0FFF22760C002827B0
S325004254E0201204240464277AFFFF2A7EF40022120824046415760FFF281224047B04000025
S325004255009EF47C0800009EE44A047C04000024037A01F41A27131A00031204140464437A87
S32500425520FE0C1A12081404642F7A01FF1A7EF000111214049674EC31BE0C000090B19EF439
S32500425540202024109EF49664EC31BE18000090B19EE426109EE44A0AEC31BE0C000090B119
S325004255602610ED04182401ED08521A00014E0748045E8021EC31BE0200067A20000A51663F
S325004255804EFEEB61082340EC31BE020012100718EC3E00EB6108080A23EB00084A143D065B
S325004255A0041625ED000808FEF3762000181204143C169EF4EC31BE0200067A20000AED61E5
S325004255C01828100400DA6706F73100010054D8760112480802B24E025062EC31BE02001215
S325004255E0ED610818FF4048042250224110110822055250EC3C00EC31BE020012EB610848F0
S32500425600045E80213C004EFFEB31850054DAE631000054D9E631000054D8EB31080054D612
S325004256206C0173FC7AD6710AEC31BE0200047E030000EB6108EC31BE0200023C00EB610856
S32500425640EC31BE02000CEB61087A80040AEC31BE020018EB61087A03030AEC31BE020026E7
S32500425660EB6108E631000054D4E631000054D56C0175344E014804203C00EC31BE0200081D
S32500425680EB6108EC31BE020004EB6108EC31BE020002EB61084804203876ED31BF0054DAE1
S325004256A0ED3108005340EB6D080008ED31BF0054DA4EFDED3108005342EB6D08000A0808F6
S325004256C0FBEC31BE02001AEB0008A661EC1E683C0704642204171FED000808FDBF7A019059
S325004256E01AEC31BE02001AA6611318043C179EF4EC1E680474DE0808C3ED31BF0054DAEBA5
S325004257006D08000C041741EC31BE020004ED6108ED31BF0054DA18F000C06D000FED31BF01
S325004257200054DAA96D000F9609ED31BF0054DA9609E66D00000E9619ED31BF0054DA9619BB
S32500425740FB6D0101000E4A0CED31BF0054DAFB6D0107000EEC31BE020004ED61087E0100F4
S3250042576000EB6108ED31BF0054DA183F96C96D0012ED31BF0054DA226076FF0090183F095B
S32500425780EB6D080014ED31BF0054DA226076008090C96D0016ED31BF0054DA76004090C9D4
S325004257A06D0017EC31BE02001BA661ED31BF0054DA183F96C96D0010ED31BF0054DA226053
S325004257C076FFC090C96D0011F031000100533604645EED31BF0054DAED6108610092007A36
S325004257E080000AEC31BE020018EB6108EC31BE020004ED6108EC3400EB6108F031000100C1
S3250042580054D565F4EC31BE7C000090B0080155ED31BF0054DA3C11ED6D080014120C146465
S32500425820E476003F5808FDBE3D14E631000054D44E033A7648045E80A9310054D44EFF045E
S32500425840092CEC31BE020018ED6108ED31BF0054DC7D7C0000100736EB6108ED31BF0054A8
S32500425860DAED750861009200E631000054D44E0148045E80ED31BF0054DAED79084EFF61CA
S325004258800092004E01480420ED31BF0054DAED7D084EFF610092004E0148042064343C4BDC
S325004258A012B8402163E4760102480600B4F03100010054D4760115489EE46D6400A3EC3182
S325004258C0BE0200187A40000AED61182810760103489E806D00008AEB31A50054DCEC31BEA3
S325004258E0020028ED0308EB61083D2B12B840213C0A046419ED0308EC31BE02002AEB61083D
S32500425900411A7C0002B412A4B0210464E70405403C2A1244A02164E4EC31BE02002A800146
S32500425920803C2B1254B0213C0A046419ED2308EC31BE02002AEB6108411A7C0001B512A484
S32500425940B0210464E7EC31BE02002C8021804A09EC31BE02002C8001803C04E631010054AC
S32500425960D4480420EC31BE0200187A3FF01AED61287A20802A2921121024760103489EF449
S325004259804EFD04744F1AE010EC31BE020028EB61183700EC31BE02002CEB610808061DEB90
S325004259A00008EC31BE020006ED6118EC31BE04000090B028103C049E90041018ED00080860
S325004259C0FADAEC31BE10000090B11218040464D2760103484E034804387650D5ED31BF0008
S325004259E054DA7600FF68E631000054D5ED31180054D6ED6D0800081218043D0D4EFE6D64B5
S32500425A000110EC31BE020018ED6118EC31BE01000090B028106D1000F93C097D800001962F
S32500425A2000EC31BE020030ED61289E807EFFFF229E809610EC31BE020030ED61289E90EC7E
S32500425A4031BE020018ED6118EC31BE01000090B028106D1000C67AFFC00A7EE0FC00282013
S32500425A600410B83C1A1290A0216D6400A53CA9452A1298A03D073C05E600009E74442CEC6C
S32500425A8031BE020030ED6128EC31BE020018ED6118EC31BE01000090B028103D093C199E3F
S32500425AA0907AC0000A7A80001A2920120C14046449225450407600FFB81260B421401511AA
S32500425AC02730EB0B28193FA0666412A064219674E631010054D51250C02122A661E4040968
S32500425AE09E3C1912709021046410ED31080054D64010EB31080054D63C1DED31BF0054DA6E
S32500425B00ED31180054D6ED6D0800081214046D64FEF03C1912DC902165E44A2D3C1912D09F
S32500425B2090210464247AAAAA0A7EAAAA00EB0108ED31BF0054DAED31180054D6ED6D080075
S32500425B40081214040464284A3D225450407AAAAA0A7EAAAA00EB0B08ED31BF0054DAED31DD
S32500425B60180054D6ED6D080008121804046417ED31BF0054DA76010848ED6D080008EB312C
S32500425B80080054D64A023C044E0250D43A764804E62100EC31CE020018ED81183D05EC319E
S32500425BA0CE01000090C02810760108489E906D10009F7D80000104103FF73100010054D98E
S32500425BC0EC31CE020030808000EC31CE020018ED81187D8000016690EC31CE01000090C0A5
S32500425BE028100400DBEC31CE01000090C02810760108489E90041059EC31CE020030ED81E5
S32500425C000810473C180311C1411147381007307D3FFFA0181F11C1611358A0CA2104641663
S32500425C20225450404015EC31BE0200301254A0218060700464EAEC31BE020018ED6118ECA4
S32500425C4031BE01000090B028103C04760109489E804804204EFF08F9193D3418E004100519
S32500425C603B22044E01480420387650D52050E54EFDEC01DE08F8FB3D047A80400A18FC14DA
S32500425C80101116EB000808F8E93D14ED0018193F04104110EB001808F8D83D34ED0018192C
S32500425CA06004104109EB001808F8C73D44180704184014ED0008114103101105EB00080899
S32500425CC0F8B03D24180FE43C7408F91A3D0508F8A13D84EC0448046414ED00083D19EC0C02
S32500425CE0001394E4EB000804641C060088181804ED00181107032A103D191A80001398E4BF
S32500425D00EB000804646F3C7408F8DB3D1508F8623D84EC0448046414ED00083D29EC08006E
S32500425D201394E4EB000804641B060049181804ED001851002A103D291A20001398E4EB00ED
S32500425D40080464313C7408F89D3D2508F8243D84EC0448ED00089EF4EC04009EF4EB000892
S32500425D609E74047410181804ED001851012A101A0800EB000808F7FA3D14184004ED0018BC
S32500425D8011073B2A013D39EB00181398E4ED00089EF4EC00009EF4EB00089E74ED00081323
S32500425DA098E4EBA3086D6400AC7A00C00A7B0004AEED00183D891298A42B01EB00183D17FF
S32500425DC06D640089ED00087AFFC01A7C00019728017DFFFF091041141A0001EB00083C0663
S32500425DE03C7408F801236508F7883D84226950903DD526951808045C444116ED00083DF560
S32500425E002A0127951804045C043D892A10136894EB000804641A7DFFFF0710050322092466
S32500425E20692290220A7B00059E12A494210464B0ED000841177B0004AEEBA3087DFFFF07A0
S32500425E4010050322091294A4216D64FF773C391294E42162644A0C3D143CB91298E4213C98
S32500425E60343C249EE44E0350E450D43A764804204EFF08F6FD3D14183F444E0148045E8052
S32500425E80ED31080054D2EC31BE020000EB010880608048044EFF08F6D93D54EC31BE04005D
S32500425EA00090B020224518C355EC31BE020018EC0C50EB610808F72E3D544E0148045E80DB
S32500425EC0A0310054D84EFDEB000808F6A53D14A1310054D8ED0008120C14224504642776BA
S32500425EE0003CA8183F5523501258A421760080900464157B0003A57DFFFC5A3C1A1290A098
S32500425F00210464104A113C093C1A129CA02176003C5861E4EC0E50EC31BE04000090B02063
S32500425F2020EC0C50EC31BE020018EB610808F6B63D144E0348045E804EFF08F6353D447D6A
S32500425F40FFFF041A405008F69D3D447AFFFB1AEC31BE0200047EFFFF11ED61082810EC2695
S32500425F60004E01EB610848044EFF08F6053D447DFFFF042205EC0C5208F66B3D447AFFF3D3
S32500425F801AEC31BE0200047EFFFF11ED610828104E01EB6108480420EC31BE02001AED614F
S32500425FA00810073A7D03FF0048045E80100706EC31BE02001AEB610848045E807AFFFF2A63
S32500425FC0EC31BE02000A7AFFFF1A7EF00022ED61387EF00011ED610829322801122C14043B
S32500425FE064DA4804ED31080053324804EB310800533248047608144848045E80EC31BE0202
S325004260000004ED6108EC16009E849604EC31BE020004EB61089E047E0808009E949614ECF3
S3250042602031BE020004EB61089E144804EC31BE0200047AFFFF1AED61087EFFF7117AFFFF0B
S325004260401A29107EF7FF11EB61082910EB61084804202020F03100030032943C143C049E7B
S32500426060F4480420A4310032944804207A88880A7E8888003C0976003FC8E63101003294AF
S32500426080EB3185003296EB3108003B42E63101003B367A88880A7E888800EB3108003B4064
S325004260A07A88880A7E888800EB3108003B3A7A88880A7E888800EB3108003B3C7A88880A8C
S325004260C07E888800EB3108003B3E7A88880A7E888800EB3108003B44E631010032955290C7
S325004260E01E1A00220A22945040EC31BE00329814A0B0EC31AE0038FE3C00EB4BB5EC31AEB2
S325004261000039FAEB4B082394EC31AE003A78E64B00EC31AE00397CFB4B0601EC31AE003990
S32500426120BBE64B00FB610601EB79084119EB7D081394C0EB6D080008E66D00000AEB6D0806
S32500426140000C046499E63100003AB748045E802190811A00013C149E8004003E3C093C0A30
S3250042616022945040EC31BE0038FEED6BBF90B01A002076003FB8122C1441193C1A9EF412DC
S3250042618098B02162E4040AD84A02660A900BF06106023C149EE461643C0448049080961099
S325004261A0A40D000E760800489E804804F031000300329450409EE49674EC318E0000009661
S325004261C064EC31BE0039FA9664ED6B8F48045E809080A4019E903C049E804804EC31BE0092
S325004261E03A78A46B48045E8090806380ED0D0800084A023C00480420F03100030032943C55
S32500426200549EF4667490809610A40D00123C549E8048042090809610A40D00103C049E800E
S3250042622048045E8090809610A40D0011760320489E80480490809610A40D000F3C049E8055
S3250042624048045E8090809610A40D000A3C049E8048045E8090806380ED0D08000C4A023C4A
S325004262600048042090806400A9157EFFC0994A047EFFC09452904804F03100030032949695
S3250042628074EC31BE32000090B09EF44EFF04743F90806510EC31BE32000090B04A3108FF0B
S325004262A0737DFFFF1408FF7CEC31BE32000010570D7DFFFF04240190B02010570C121804EB
S325004262C09674EC31BE32000090B19EF41A00014E01480420A431003B375040ED3108003B7E
S325004262E06EEC31BE003AB8EB6B08A431003B37A931003B6AEC31BE003A78C96BE63101001E
S32500426300329548044EFFE63101003B366C013FA04E01EB3108003B3C48045E80F0310003C8
S325004263200032944EFF6D6401B8F03100020032946D6401AD3C09E63100003AB7E6310200AA
S325004263403294229A50A022A4EC31BE0039FA3C00EB6B082394EC31BE003A78E66B0023A4B9
S32500426360EC31BE0038FEED6BBF760603C8AA6112A0C021046462760602C812A0C0210464BD
S32500426380362294FB610601EC31AE00397CE67500FB4B0601E67300EC31AE0039BBE64B00F5
S325004263A0EB7908EB7D08EB6D080008E66D00000AEB6D08000C4A3B2294FB610603EC31AE1D
S325004263C000397CE67500FB4B0603E67300EC31BE0039BBE66B004A1A2294F7730001AB73FA
S325004263E0EC31AE0039BBCB4BEC31BE00397CFB6B060376003FA840191294A0216D64FF4252
S32500426400ED31BF0032963C10ED6D1800141210046D6400BDED31BF00329676003F18ED6D3D
S32500426420080014120814046413ED31BF003296A96D00154219C931003B384A0DE6313E000B
S325004264403B38FB310222003AB7ED31BF003296AA31003B38A96D0010C931003B394019124E
S32500426460A89421C931003B379674E63100003B37F0310002003294047467080383F73100FA
S3250042648001003B37AA31003B38A931003B3712A894219674E63100003B37AA31003B39A9AD
S325004264A031003B371290A4216664F03100020032940464C64A0A6C013FA0EB3108003B4466
S325004264C0F03100020032949664E631030032944A10E631030032946C013FA0EB3108003BCC
S325004264E0444E0148045E8021F03100020032949674E631010032949664E631040032944882
S32500426500045E8021F031060100397C76003FA83C094EFF04641840191298A021046419227D
S3250042652094EC31BE00397CF06B06010474E876003FA81294A02162E408059522492294EC74
S3250042654031BE00397CFB6B06045140EC31BE0038FEED6BBFA431003B37EC31AE003A78F072
S325004265604B0224FB6106049E74FB6106059E64AA31003B37CA75A431003B375040EC31AE53
S325004265800039FAEB4BB523943C004E01EC31AE0039BBE67300E64B00EB7908EB7D08EB6DD6
S325004265A0080008E66D00000AEB6D08000CE66D000010FB6D03200011E66D050012E66D00FE
S325004265C0000F48047A31330AEC31BE003B867E3934005166ED7518121C044EFC6D64020524
S325004265E0ED7D08100738EB0008ED3108003B8C18FF60ED6D080008EB04083D0C3C0922C466
S32500426600EC31AE00397CF04B06030474325040EC31BE0038FEED6BBFED0008ED6D1800089D
S32500426620121C04046419AA6D000A12AC642167E4ED0408ED6D18000C121C043C199EF476AA
S32500426640003FA8401C12C8A02161E40409B0421C6D190152F031060100397C76003F983C75
S325004266600C046418401C12C8902104641922C4EC31BE00397CF06B06010474E876003F9859
S3250042668012C4902162E4080447224C22C45040EC31BE0038FEED6BBF22C4EC31AE00397C20
S325004266A0FB610602FB4B0602EC31AE0039BBE67300E64B00A931003B37C975A431003B37C6
S325004266C05040EC31AE0039FAEC31CE320000EB4BB5EC31AE003B86ED5D08EB7908ED4D0850
S325004266E00008EB7D08ED0008EB6D080008C66D000AED0408EB6D08000CA94D0011C96D009E
S325004267000FED4D08000A180700C06D0010ED4D08000C10072DC06D0011ED4D08000E180F33
S3250042672000C06D001290C0EB6D080014ED3108003B8A100734180F90ED59180409193CA9B8
S32500426740180F50129450213C209EF45C059EF49674C06D000E62F4E66D00000EE66D000033
S32500426760167A10000AE66D000018E66D0000192810E66D0000179610E66D0100167A200004
S325004267800A28109610E66D0100187A40000A28109610E66D0100197A80000A28109610E686
S325004267A06D0100174A33A931003B37C975A431003B375040EC31AE0039FAEB4BB523C4FB63
S325004267C0610602EC31AE00397CFB4B0602E67300EC31BE0039BBE66B006C013FA0EB310851
S325004267E0003B3E4A12A431003B37EC31BE003A78FB6B022108FD0D4E04506248045E8021BE
S32500426800387650D5A431003B376C015598EC31BE40000090B128013C06041112A431003BBE
S3250042682037EC31BE003A78FB6B02240601763C993C072274504040173C00EC31BE003B86D6
S3250042684012749021EB6B080464E8A931003B37EB3108003B46FB310900003B69C931003B0C
S32500426860487A00010AFB31FFFF003B4BE63101003B497E42B800E63101003B4AEB3108007E
S325004268803B64E63100003B4E7A00010AE63100003B4F7E42E800E63104003B50EB310800D9
S325004268A03B6608010B6D0400FBA031003B4EEB3108003B963C172279A046987A0FFF1A51C1
S325004268C090EC318E003B861005027EFC0011A0109814908008012F27106D0400C73C5940EA
S325004268E017127490210464CEEC31DE003B867AF0000AECA18E1A1800140A8408010A041482
S325004269002CF03100020032946D74009BED31BF003B523C008E61DB14080CF03100020032B1
S3250042692094EB31D5003B5204644706007A041637ECA18E7AF0000A140C841A1C000800C844
S32500426940040424041614ECA18E7AF0000A140E847E0210000800B1041445F0310002003265
S3250042696094046430060040F0310002003294047436ED31BF003B527A19000AEB6108F0314A
S325004269800002003294EC31BE003B94EB31B5003B52047413ED31BF003B523C50EB61080802
S325004269A0FC224A0308FB5D50D43A7648045E80214EFD6C013C38C431003B4EA931003B4E98
S325004269C004293DF031000200329404743390487AF0000A7E04000008002E6684ED00083D51
S325004269E014EB3108003B864A19F03100020032943C049EF46674F731FFFF003B4E0404BBEC
S32500426A003C044E0348045E805066FB310900003B69EB3185003B52E63100003295E63100C1
S32500426A20003B36EB3108003B4CEC318E003B466C0185B0A931003295224604191A6C01C6B1
S32500426A40B2F03100020032943C049EF404747AA9310032950409E63C049E9604166BF031E1
S32500426A600906003B693C049EE404645DA931003B3604191A6C01C6B2F03100020032943C08
S32500426A80049EF4047443A931003B360409E6F0310908003B69046416A431003B37A93100AA
S32500426AA03B6AEC31BE003A78C96B3C044A1BA931003B68040911A431003B37EC31BE003A8C
S32500426AC078FB6B02234A633C14506248045E8021F031060300397C3C0A3C0904641B76000E
S32500426AE03FB840191298B02167E42294EC31BE00397CF06B06030474E576003FB81298B06A
S32500426B002104643B229A40191298B0210464302294EC31BE00397CF06B0603047414EC31EE
S32500426B20BE0039BBAC6B23A4AB6B12B8C421229A9EF476003FB840191294B0210464D022D3
S32500426B40A44804205066ED0D18000A1057303D2B7D0FFFC112C4B03D0A3C1904643322954C
S32500426B605050EC01BE1450B0140AB4ED611810572876008D582316126C5021D673A99EF4A0
S32500426B804019405A9EF41298C02162E4040ACF4A03040A2C50A014A080ED01181057303DF5
S32500426BA0297D0FFFA112AC9021046414EC01BE1402B4ED611819FF242A12EB6128EB19087A
S32500426BC0506248045066EB3195005022E6310100501C4EFE3C09ED01BFEB31B500501E761F
S32500426BE0008EA82294504040193C00EC31BE004F001294A021EB6B080464E8EB6108EB7549
S32500426C0008EB79083C50EB6D08010876003F08EB6D08010E76133308EB6D0801107AFFFFEA
S32500426C200A7EFFFF00EB6D0801127AFFFF0A7EFFFF00EB6D0801143C00EB6D08000C7A1965
S32500426C40000AEB6D08000E3C00EB6D080118ED31BF00501EED610810073018FF0022094055
S32500426C6019C03100501DED31BF00501EA02298100502C031005020A9151406B4ED6118192D
S32500426C80FF092A10EB6108ED31BF00501EED1908EB6D080008A415ED1908ED318F00501E73
S32500426CA008FEA1ED31BF00501EED61081007283C492306126090219674E6310000501C7631
S32500426CC00231489EF46D7400F7ED31BF00501E226950901490B0A93100501D50908E00BB0D
S32500426CE014B502ED31BF00501E8E00BD18089090B11208146D640091ED00BFA93100501D77
S32500426D005090ED6108ED31BF00501E1490B0450690B0ED00BFED611844195090ED00BF14BC
S32500426D2090B090B11204146564ED00BFED6108440963C976023148060080ED008F1402848F
S32500426D400806CF2364ED00BFED6118ED00BF7AFFFF0A2369281051907DFFFF142A01EB619C
S32500426D6018ED00BF1490B0A93100501D50908E00BB14B502ED31BF00501E8E00BD18189022
S32500426D8090B01214046D64FF6FED318F00501EA43100501D14028408067AED31BF00501E38
S32500426DA07AFFFF1AED6108ED31BF00501E28017DFFFF043C042A10EB6108E6310000501C5F
S32500426DC04E02506248045E8076133308EC31BE004F00EB6D0801107AFFFF0A7EFFFF00EBF7
S32500426DE06D0801127AFFFF0A7EFFFF00EB6D08011476003F08EB6D08010EED31BF005022D5
S32500426E00A96D00164EFF040937ED31BF0050223C10ED6D180014121004046424ED31080074
S32500426E204F007D01000004103EED3108004F00EC1000EB3108004F006C013FE03D144A27B9
S32500426E40ED3108004F007D01000004001A7AFFFF0AED3118004F007EFEFF002810EB3108FB
S32500426E60004F006C0140104E014804205066A93100501C4EFE3C449E996D19020A22597681
S32500426E800238A825491294A021E6310100501C04644F760400A81244A02104643FAA3100FD
S32500426EA050207B0400AA12A890216D6401CF761000A81244A021046423761108A81294A098
S32500426EC0216D6401B8762000A81244A02166E4762FC8A81298A02161E40601A106019E3DD1
S32500426EE0763C49129450216D6401923C89124090216D64015776020498124090216D6401FA
S32500426F004276023098124090216D64012B041477ED0108EB0008ED01087FFFFF0018019013
S32500426F206D090159ED01087D8000003C066500ED00087D7FFF00EB0008ED00087D01000049
S32500426F40040010ED3108004F007D01000062006C014010ED00081803000400107AFFFF0A1D
S32500426F60ED00187EFFFC002801EB0018ED0008EC31BE004F00ED611837002801EB6118EDE9
S32500426F8075180600A829013C49124C90216D6400ECED0108EB0008ED01187AFFFF0A7EFE06
S32500426FA0BC0028106D1000D5ED01087D0100003C06040030ED31BF005022F06D0001001696
S32500426FC004641B7AFFFF1AED00087EFEFF112810EB0008ED01081840000410114A1F6C015F
S32500426FE03FE03D14ED00081840000400107AFFFF1AED00087EFFBF112810EB0008ED000884
S325004270001803000400107AFFFF1AED00087EFFFC112810EB0008EC31BE004F00ED0008EDB1
S3250042702061182A01EB6118ED0008ED75182A01EB3118004F02060047ED0108EB310800502A
S32500427040184A36ED01086C013FD04A2DED31BF005022ED01187AFFC00AA96D00102810521F
S32500427060912A10EB0008ED000810072A6C013F90ED0008EB3108004F044A023D063C6622D9
S3250042708064E6310000501C4E02506248045E8021387650D520224750E5EC01DE235650F55A
S325004270A0A93100501C3C449E996D190237226E18039EE6310100501C628918039E2496227F
S325004270C069760238A825791294A0216D64012B760400A81274A02104643BAA310050207BD3
S325004270E00400AA12A890216D6400C9761000A81274A02104641F761108A81294A021046493
S3250042710066762000A81274A0216564762FC8A81294A02162E40601C43D747C2000776C01B5
S325004271207FC83C056D36014EA1469822595090111722241010053E5000ECA1BE230A149076
S32500427140B0259A7B000396A1229822A01017222304241010053E4115220912549021801D1B
S32500427160800464C406010F7C1000776C017FD03C056D360101A14698225950901117222418
S325004271801010053E5000ECA1BE230A1490B0259A7B000396A1229822A01017222304241094
S325004271A010053E4115220912549021801D800464C40600C27C040097A12298ED31BF0050EC
S325004271C01E101722241010053E500022091490B03D056D3600A07B0003962254A1229850F0
S325004271E040111722241010053E4115220912549021807EF00464DF06007CED31BF00502298
S32500427200DF6D150011ED31BF005022EC31FE004F00DF6D050010101106100710EBF9086CF4
S32500427220013FA0EBED0801006C013FC83C05EBED0801020436402270104722240110153EA0
S32500427240235C500051C0220924C97B0003962390EC31BE004F00A1229810172223042410FE
S3250042726010053E4115ECA1AE230914C0A0135490807D000464C018039E0409603C1A18038F
S325004272809E1290A0210464393C2A1290A02104642A3C3A129CA0210464427AFFFF0A7EFF1B
S325004272A000007B00039E4449EC00921490D01402D6EDA1182810EBA1084A217AFFFF0A4A56
S325004272C0617B00039E4449EC00927AFF001A1490D01402D6EDA1082801EBA1183C04E63131
S325004272E00000501C50F450E450D43A7648045E80387650D550E550F52020EC01DEEC41FEE1
S3250042730023464EFCAA3100501CEB04B523573C449E9A6D1A00F13C2A129CA021E6310100F0
S32500427320501C6D6400D990486C01EB4023946D0400CD760220981260902104643176021C0A
S325004273409812609021046426760224981260902104641B7602289812609021046410760277
S325004273603098126090213C749EF46D7400933C891270902104645476022498126C90210409
S32500427380647D2260104722240110153E50002209EC31EE004F00ECA18E1490E0ECA19EECB6
S325004273A0C1AE8A00941C040800CE641480C380EDD5084A09EDB908EBE108EDBD08EBF5088E
S325004273C0ED04BFA900C9614A363D042261101722241010053E50002209EC31EE004F00EC0D
S325004273E0A18E1490E0ECA19EECC1AE8A00941C02080085629480C3804A4680A3804A413C90
S3250042740064E6310000501C4E0450F450E450D43A76480420387650D520203C092346EC0185
S32500427420DE3D0704361722745040EDAB08080016239440171274602122490464E9229450D6
S32500427440D43A7648045E802176001C98A24098349510A5345C45A248982C21180F11109572
S32500427460072C1250202C42A2489810A5042C12434922240459D648043C4B1240B0210464C5
S3250042748025ED4108ED0118121C04046429ED5518ED1508120C1404641D802100ED3508EBAF
S325004274A055083C144A12ED4108ED0118121C0462E48021004A6C3C0448045E8076FFFF98FA
S325004274C0124C942104644F7AF0001A1204140464457E07FC111218040464377AF0001A7EDE
S325004274E010001112041404642D7AF0001A7E13FC1112180404641B7AF0001A7E200011124C
S3250042750004140464117AF0001A7E2FFC1112140462643C144A023C04480420207A00010A77
S32500427520EB3185003FA4EB3195003FA67E55E400EB21087A00010A7E5B2800EB35087A00F6
S32500427540010A7E593800EB39087A00010A7E5DD400EB3D083C00EB2D080008EB2D08000AAB
S32500427560E62D00000EE62D00000FE62D3F0010FB2D03FF0011E62D3F0012EB2D080014E665
S325004275802D000016E62D0000173C09EB0D08000C760205A822947AAAAA0A51404019EC312B
S325004275A0BE003B9A7EAAAA001294A021EB6B080464E24804224010C718EC3E303C09229A17
S325004275C050A0EC31BE003B9A7AFF001A14A0B0ED61282821121034ED610866E4760205A8F2
S325004275E040191294A0210464D5760205A81298A0213C009EE4480420EC318E003B9A4804C0
S32500427600ED31BF003FA4FB6D0700000AED31AF003FA6ED31BF003FA41408A44EFD140CB498
S325004276208041806C017FA06C014DAC6C0144CCF03100010053366D6402346C01C14C6C01B9
S32500427640A940F03100010053366D640221EC318E003B9A6C0139BC6684ED31BF003FA6EDDF
S325004276607D0861009200ED31BF003FA6A96D000EED31BF003FA4C96D000BED31BF003FA6A1
S32500427680A96D0015ED31BF003FA4C96D000EED31BF003FA6A96D0010ED31BF003FA47A0051
S325004276A0010A7EA08000C96D000F6C01C735F03100010053366D6401B57A00010A7EABC883
S325004276C0006C01C735F03100010053366D64019E7A00010A7EBFA0006C01C735F0310001F1
S325004276E00053366D6401877A00010A7E5D2C006C01C735F03100010053366D6401707A0004
S32500427700010A7EA9A4006C01C735F03100010053366D6401597A00010A7E5938006C01C744
S3250042772035F03100010053366D6401427A00010A7E5928006C01C735F03100010053366D08
S3250042774064012BF0310001003B987A00010A9664E63100003B98F0310001003B997EA0805F
S32500427760009664E63100003B996C01C88662046C01C8DC7A00010A7EABC8006C01C8866217
S32500427780046C01C8DCF03100010053366D6400DEED31BF003FA6A96D000E6D190097ED3111
S325004277A0BF003FA4904876040848FB6D0701000A6C0150743D450414417A90000AED00189E
S325004277C07A90001A291012001404641BED00187A80000A281004003EF03100010053366DC0
S325004277E064008B4A0C3D04F031000100533604647D3C146C015E2006005EF0310001005317
S325004278003604646AED31BF003FA6ED7D08610092003C00EB0008F031000100533604644E61
S325004278207A00010A7E4300006C01C8860404296C01C8DC4A23ED31BF003FA4FB6D0702001F
S325004278400AED31BF003FA6ED7D086600ED31BF003FA6A46D000E9200F031000100533666B8
S32500427860E4ED31BF003FA4ED7D08610092004E0348045E80A431003FDAE63100003B984E16
S32500427880FF040410ED31080044006400ED310800440092004E014804E63100003FA97A00AB
S325004278A0011AFB310908003FD9E63100003FAA760205A83C09EB3108004400E63100003FE8
S325004278C0ABE63100003B997E585811E63100003FACE63100003FADEB3118003FD4E6310028
S325004278E0003FAEE63100003FAF3C01E63100003FB0E63100003FB1EB3118003FD6E63100A4
S32500427900003FB2E63100003FB3E63100003FB4E63100003FB5E63100003B9822947ABBBB80
S325004279200A51404019EC31BE003FF67EBBBB001294A021EB6B080464E2480420A431003F78
S32500427940A84804204EFFE63100003B990800054E01480420A931003B98F7310001003FB006
S325004279604EFD040936A931003B99F7310001003FB56D19016E7A00010AF7310001003FB1D3
S325004279807E5928006C01C8869604E63101003B996D04014F6C01C8DC060148E63101003BEB
S325004279A098904B904A9049EC318E003FF6B46F0002B4436C013B74C431003FA8F03101142F
S325004279C0003FA89664F7310001003FAFF0310114003FA80464CB760108A8A931003FA8121D
S325004279E090A0216D6400EF760110A81290A0216D6400DAAA003D3B12A4B0216D6400C5763C
S32500427A000109A81290A0210464159619F7310001003FB49619E63100003B986D1900C4ECF2
S32500427A20318E003FF6F7310001003FAAA01310053C180F40EC31BE004402A96B040939EC26
S32500427A4031BE004412A96B040928A902C931003FBEF7310001003FB3EC319E003FB66C0176
S32500427A609F043C19124C90219674E63100003B984A136C01A8584A07F7310001003FADE6AD
S32500427A803100003B98F0310109003FA8047454A931003B99F7310001003FA90419457A0021
S32500427AA0010A7E5928006C01C8869604E63101003B999604F7310001003FB20404256C01E5
S32500427AC0C8DC4A19F7310001003FAE4A10F7310001003FAB4A07F7310001003FACE6310058
S32500427AE0003B984E034804203C00E63100004424EB31080044224804ED31BF00442290B09A
S32500427B004EFF04003AED31BF004422A977041927ED31BF004422FB6D09060023ED31BF0031
S32500427B204422FB6D02070024ED31BF004422ED6D080020610092003C00EB31080044224E36
S32500427B4001480420ED31BF00442290B04EFF6D0001C6ED31BF004422F06D090200236D74BD
S32500427B60019DED31BF0044223C20ED6D1800281210046D64016EED31BF0044223C11ED6D96
S32500427B800800281200146D64010DED31BF0044223C41ED6D080028120014046457ED31BF5C
S32500427BA00044223C51ED6D080028120014046444ED31BF0044223C61ED6D0800281200149E
S32500427BC0046431ED31BF004422FB6D02060024ED31BF004422FB6D09060023ED31BF0044EF
S32500427BE022A9776D090118ED318F0044226C01A7A806010BED31BF004422A9776509ED319C
S32500427C008F0044226C01A7A8ED31BF004422A96D003DED31BF004422AA6D003C12A89421D0
S32500427C200464596C013FA0ED31BF0044221007347D1FFF00C06D003FED31BF004422FB6DAF
S32500427C4009010023ED318F0044226C01BF2C6D0400BCED31BF004422FB6D02040024ED3124
S32500427C60BF004422FB6D09060023ED31BF004422ED6D08001E6D000095060090ED31BF00C5
S32500427C804422FB6D02050024ED31BF004422FB6D09060023060068ED31BF004422FB6D09A4
S32500427CA00800236C013FA0ED31BF004422EB6D08002CED31BF004422A977040942ED318FD7
S32500427CC00044226C01A7A8ED31BF004422E66D000022ED31BF004422ED6D08002004001F9A
S32500427CE092004A1BED31BF004422FB6D090300236C013FA0ED31BF004422EB6D08002CED63
S32500427D0031BF004422ED6D08001E610092003C00EB31080044224A07F73100010044244E5C
S32500427D20014804209080EB31850044224EFF0400127A00010A7E5D2C006C01C88662046CFB
S32500427D4001C8DC4E01480420ED31BF00442290B04EFF6D000085ED31BF004422ED6D080014
S32500427D602A6C018A48EC31BE10000090B11214040464167A00010A7E5D2C006C01C8860433
S32500427D8004596C01C8DC060052ED31BF004422FB6D09060023ED31BF004422FB6D02090042
S32500427DA0246C013FA0ED31BF004422EB6D08002CED31BF004422A9776509ED318F00442258
S32500427DC06C01A7A8ED31BF004422ED6D08001E610092003C00EB31080044224E0148042068
S32500427DE0ED31BF00442290B03C043C149E804804ED31BF003FA4ED6D0800084EFF61009254
S32500427E00004E0148042020204EFFEB3185005492EB3108005496E6310000548DE63100002E
S32500427E20548EE6310000548FE63100005490E631000054916C017F584E0148043C09F031E2
S32500427E4000010054913C199E844EFFC931005490046478F031000100548F0464547A000136
S32500427E600AC43100548EE6310100548FE631000054947E6138006C01C886041428A43100F8
S32500427E80547CEC31BE00547D7B000194C93100547CE66B53F431000F00547CA43100547CF7
S32500427EA0E66B004A266C01C8DCE6310000548F4A1A7A00010A7E5EB4006C01C8869604E6FA
S32500427EC0310100549162046C01C8DC4E01480420F031000100548F4EFF0464653C09AA31D2
S32500427EE00054907A00010AE6310100548FE63100005494E631000054913C199E8AC9310064
S32500427F00548E7E6138006C01C886041428A43100547CEC31BE00547D7B000194C931005476
S32500427F207CE66B73F431000F00547CA43100547CE66B004A246C01C8DCE6310000548F4AFC
S32500427F40187A00010A7E5EB4006C01C88665046C01C8DCE631000054914E0148045E8021E1
S32500427F60506650D5ED31BF00549276003F084EF1EB1008A96D0010ED31BF0054927DFFFFB8
S32500427F8009EB1408AA6D001212A094216D6400DF6C013FA0EB1808904BB46F000AEB00B54A
S32500427FA0904BB46F0006EB04B5ED31BF0054927AF0000AEC318E000000A46D0012904B3CB5
S32500427FC04A3C2976FFFF587E021C00B46F00086C018DC83D4C22466D0600B7ED18086C01C0
S32500427FE034807A01381A7E8000111208146D64009EA43100547CEC31DE00547D7B0001948B
S32500428000C93100547CC6ABED1808F431000F00547C6C013480A43100547C1007307B000143
S3250042802094C93100547CC0ABF431000F00547C6C013FA0A43100547C7B000194C9310054DC
S325004280407CBCABF431000F00547CA43100547CED18087B000194C93100547CBCABF43100D9
S325004280600F00547CA43100547CE6AB0006FF28904B904A90483C8576021C48B46F0004B471
S325004280804F0006B40F00086C0152D43D29224604167DED1008ED0C18121C04046419A431E2
S325004280A000547CEC31BE00547D7B000194C93100547CE66B574A2BED31BF005492ED0C0841
S325004280C0DF6D150010120C1404642BA43100547CEC31BE00547D7B000194C93100547CE611
S325004280E06B77F431000F00547CA43100547CE66B000600533D14A43100547CEC31BE0054DE
S325004281007D7B000194C93100547CE66B4C4A29ED31080054966500ED310800549622649213
S3250042812000A43100547CEC31BE00547D7B000194C93100547CE66B45F431000F00547CA48E
S325004281403100547CE66B003C044E0F50D4506248045E80215066F03100010053364EFE6DAD
S325004281606404183C1AA93100549412A894216D64034D3C7B7C0002A912B8A4210474174251
S32500428180297A00000A51907EFFB20022912410900BED61089100ED3108005496E631050045
S325004281A054946D00036FED310800549676028148920006036008044476003F9812449421BC
S325004281C06664ED310800549604007B06006CED31BF0054927DFFFF04ED6D1200147AFFFF52
S325004281E00A7EFFFF001210040464417DFFFF04100518EC2E006C0139480414146C013E5403
S3250042820076003C1823401208146D6401A7060194ED310800549604002DED310800549692C4
S3250042822000ED310800549604001C4A0E080359041414ED31080054966600ED310800549658
S325004282407602804892006C0155DCED31BF005492A46D00156C017FD8040410ED3108005427
S32500428260966400ED310800549692006C013E546C017FB8234676003C981298402163E41260
S3250042828064902104641C1294402104644F1264402167E47B0003A43E4928A9129860210474
S325004282A0643A76003C98124890217B0003949EF43E449EF4289476003C489EE45240EC2CE9
S325004282C0006C013948040410ED31080054966400ED310800549692006C013E78E6310100FF
S325004282E0548D06028A08FC783C19124090219674E631090054949664E631080054940602D4
S3250042830014ED31BF005492ED6D08000A6C018A48EC31BE3E800090B11204149674E6310767
S325004283200054940601EF904876021C486C0150743D4576003F08ED00181210049674E631A7
S32500428340050054949664E631040054940802AD76003F981244942166E4ED31080054966D15
S3250042836000009C06008DED31BF0054927DFFFF04ED6D1200147AFFFF0A7EFFFF00121004A0
S325004283800464627DFFFF04100518EC2E006C0139480414356C013E5476003C182340120884
S325004283A0140464107B0003107AFFFF0A7EFFFC004A04291076003C08100710EC2C006C0173
S325004283C039486C013E780601A6ED310800549604002DED31080054969200ED310800549611
S325004283E004001C4A0E0801A0041414ED31080054966600ED31080054967602804892006C24
S325004284000155DCED31BF005492A46D00156C017FD8040410ED31080054966400ED31080083
S32500428420549692006C013E546C017FB8234676003C981298402163E41264902104641F1210
S325004284409440216D640128126440210464107B0003A43E4928A9129860216D640111760098
S325004284603C98124890217B0003949EF43E449EF4289476003C489EE45240EC2C006C013995
S32500428480486D04FF3DED31080054966D00FF33ED3108005496920006FF28ED31BF0054925E
S325004284A0ED6D08000A6C018A487A01381A7E8000111204149674E63103005494060056ED6E
S325004284C031BF005492F06D0101000E046467A93100548E04192AED31BF005492AA6D001055
S325004284E0ED31BF005492A96D00121290A4219674E631050054949664E631020054944A157A
S32500428500A93100548D9609E631060054949619E63107005494F031000100548F0474567AB2
S3250042852000010A7E6138006C01C8860404536C01C8DC0600466C013E5476003C1823401220
S3250042854008140464107B0003107AFFFF0A7EFFFC004A04291076003C08100710EC2C006CCA
S325004285600139486C013E784A12E6310000548DE6310000548F6C0143004A06E63100005455
S325004285808F4E0250624804205066ED31BF005492760100084EFEEB0008F06D000100163CAF
S325004285A01604642EED31BF0054927AF0000A904AEC318E00000076FFFF58A96D00151A04F6
S325004285C0007C0001496C018C103D490404233C044A2190483C446C014E503D45040412ED3C
S325004285E031080054966400ED310800549692003C0622644E02506248045E80215066ED3121
S32500428600BF005492A66D00154EFEED31BF0054924216A96D00101260942104642D7AF00092
S325004286200A904AEC318E00000076FFFF587E04080023646C018A6C3D4904143DED00187AC9
S3250042864040000A281004101D4A2F9048760408486C0150743D45041410ED00187A40000A60
S32500428660281004001422644A17ED31080054966400ED3108005496920004468E76003F4890
S325004286804E025062480450D5760BB8A8A93100553A12A494EC01DE6764EC31BE6A18009008
S325004286A0B06C01BE413D14760BB8A8A93100553A12A494046410A0A16C01BE413D443C543B
S325004286C06C01BE413D00ECA18E6C01C203FBB3010150D4480450D5760FA0A8A93100553AE1
S325004286E012A494EC01DE6764EC31BE6A181490B06C01BE413D14760FA0A8A93100553A129C
S32500428700A494046410A0A16C01BE413D443C546C01BE413D00ECA18E6C01C203FBB30102FC
S3250042872050D4480450D54EF8EC01DE6C01C203E60001EC008E6C019B8FC4B36D1400D276E1
S3250042874003E8A8A93100553A12A4946764EC31BE6A182C90B06C01BE413D147603E8A8A988
S325004287603100553A12A494046411DF00056C01BE413D443C546C01BE413D00A9087603E812
S32500428780A85390A93100553ADF060D13A494EB0C086764EC31BE6A184090B06C01BE413D10
S325004287A0147603E8A8A93100553A12A494046411ED0C086C01BE413D243C546C01BE413D21
S325004287C000A9047603E8A85390A93100553ADF020D13A494EB0C086764EC31BE6A1852900D
S325004287E0B06C01BE413D147603E8A8A93100553A12A494046411ED0C086C01BE413D243C85
S32500428800546C01BE413D00ED0C08ECA18E6C01C2C44E0850D4480450D54EFCEC01DE6C0197
S32500428820C203EC008E6C019B4BC4B304145FA400ECA18E6C01C2ABECA18EA4026C01C2AB3C
S325004288407601C2A8A9001298A061E404493F760BB8A8A93100553A12A4946764EC31BE6A87
S32500428860186090B06C01BE413D14760BB8A8A93100553A12A494046410A0006C01BE413DE6
S32500428880243C546C01BE413D00FBB303034E0450D4480450D54EFCEC01DE6C01C203EC0065
S325004288A08E6C019BB1C4B36714A906ECA18E5390DF040D6C01C2C44E0450D4480450D54E72
S325004288C0FAEC01DE6C01C1B43D047DFFFF04EB0808ECA18E6C01C20376177018ED0808424D
S325004288E010120814046475E60000E60200ED0808762710186C01F366EB0808A90AC90476CE
S3250042890007D0A8A93100553AED080813A494BC066764EC31BE6A187A90B06C01BE413D147E
S325004289207607D0A8A93100553A12A494046411ED08086C01BE413D243C546C01BE413D00CB
S32500428940EC008E6C0199A4C4B3041414A906ECA18E5390DF040D6C01C2C44A04FBB301007B
S325004289604E0650D448044EFDEC008E6C019B4B0414157601C2A8A90012A49063643C049E31
S32500428980D96259760303484E0348045066507650D550E550F54EEA7607D0A8EC21FEA9316D
S325004289A000553A12A494EC01DE046416EC31BE6A189490B06C01BE413D143C546C01BE4163
S325004289C03D007607D0A8A93100553A12A4946764EC31BE6A18AA90B06C01BE413D1476071E
S325004289E0D0A8A93100553A12A4940464127601C2086C01BE413D243C546C01BE413D00EC57
S32500428A0031BE6A18D6EB1CB5EC31BE6A18DEEB20B57607D0E83C56ECE18E6C019A0422477A
S32500428A200407737607D0A8A93100553A12A49464E4ED20086C01BE413D147607D0A8A931DF
S32500428A4000553A12A4940464103C446C01BE4123703C546C01BE413D007607D0A8A93100F6
S32500428A60553A12A49464E4ED1C086C01BE413D14A93100553A12E4940464127DFFFF066C65
S32500428A8001BE413D243C546C01BE413D0042160416854A023D363C16EC31BE6A1906EB1C81
S32500428AA0B5EC31BE6A1910EB20B5EC31BE6A1922EB24B5760FA078760FA0F8760FA0E8EC94
S32500428AC031BE6A1930EB28B5EDAD8F000876FFFF486C0273D5F0B700026764EC318E6A199F
S32500428AE042760144486C01DD4B7603E8A8A93100553A12A49464E4ED28086C01BE413D1476
S32500428B007603E8A8A93100553A12A494046410A0A16C01BE413D443C546C01BE413D006D05
S32500428B2006012A3C191260906D6401233C291260900464453C391260906D740261A9A13D1A
S32500428B409B7C0010A912B8A40464257600FCA81290A064E4ECA18E08FB2C060241ECA18EB0
S32500428B606C01C203ECA18E6C01C218236406022EECA18E08FB5F060225A9A13D9B7C001004
S32500428B80A912B8A466E47600FCA81290A00464650600597C0010997A00000A51907EFF8E0F
S32500428BA00022912410900BED61089100ECA18E6C01C203EC008E6C01991AC4B36D1401E341
S32500428BC0A400ECA18E6C01C2AB0601D2ECA18E6C01C203EC028E6C0198DCC4B36D1401C375
S32500428BE0A402ECA18E6C01C2AB0601B2ECA18E08FA940601A9ECA18E6C01C203ECA18E6CA4
S32500428C0001C2182364060196ECA18E08FB1606018DECA18E08FABE060184ECA18E08FBF7CA
S32500428C2006017BECA18E08FC6A060172ECA18E08FC8B060169ECA18E6C01C203E60400EC2B
S32500428C40048E6C019960C4B33D160601513C16A9A13D1B7C0010A912B8A46D6401223C7B70
S32500428C607C0012A912B8A467647600FCA81290A06D6400FA0600EF7C0012997A00000A5124
S32500428C80907EFFA20022912410900BED61089100ECA18E6C01C203EC068E6C019B6DC4B3BB
S32500428CA06D1400FFA406ECA18E6C01C2AB0600EEECA18E6C01C203EC088E6C019BE7C4B324
S32500428CC06D1400DFA90EECA18E5390DF0C0D6C01C2C4A912ECA18E5390DF100D6C01C2C4A4
S32500428CE0A916ECA18E5390DF140D6C01C2C40600ADECA18E6C01C20308FC6BC4B36D140015
S32500428D00A26C019C2BC4B3041437E61A01EC1A8E6C019960C4B30414287607D0A8A93100EE
S32500428D20553A12A494046435ED24086C01BE413D143C546C01BE413D00A9B30409240600D3
S32500428D4062A93100553A12F494046411ED20086C01BE413D143C546C01BE413D00A9B30482
S32500428D60193C4A383D26ECA18E08F91A4A30ECA18E6C01C203ECA18E6C01C21823644A1E23
S32500428D80ECA18E08F94F4A16ECA18E08FA894A0EECA18E08FAFD4A06ECA18E08FB1FA9B3BF
S32500428DA004092EA93100553A12E49464E4ED1C086C01BE413D14A93100553A12749404643C
S32500428DC010A0B36C01BE413D443C546C01BE413D00ECA18E6C0170F506FCED50D54EFAEB8E
S32500428DE00495EB0085ED00BFF07700026D64012CE60800ED048F6C01B53B6D040081ED0065
S32500428E00BFA9776389E67700FB080140ED00BFE67DFFED048F6C01B55F63847601414806A2
S32500428E2000FEED00BFE67901ED048F6C01B529ED00BF7C000194AA6D000A12A4940464384D
S32500428E40ED048F6C01B5A3ED00BFC461ED00BFE67701ED048F6C01B529ED00BF3C05ED0401
S32500428E608F7C0001A4ED6D9F000C6C01B5CA3D14ED00BFC475060084760142480600A1EDB4
S32500428E8000BFF07700016564E677007601404806008EED048F6C01B529ED00BFAA6D000A12
S32500428EA0D6759412A49404644AED048F6C01B55FED00BFA979129C4404642FA979401918A4
S32500428EC00F09C079ED00DFED048F6C01B529ED00BFED048FA575234AED6D9F000C6C01B588
S32500428EE0CA3D04D6B594C9B54A12E67700760141484A2DE67700760142484A24ED048F6C9A
S32500428F0001B54D040412ED00BFE67702ED00BFED6D8F00086C0270D1A4084A047601434899
S32500428F204E0650D448044EFBEB0495EB00856C027867ED00BFA977040913ED04BFFB730190
S32500428F40436C0256F0ED04BFA47306007AE677026C0256F0ED04BFE67300ED00AFED04BF23
S32500428F60806104ED04BFA973ED00BFC973ED04BFA975ED00BFC975ED04BFA975ED00BFAA34
S32500428F806D000A12A8946764EC318E6A1BC27600C3486C01DD4BED00BFED6D8F000CED045F
S32500428FA0BFED6D9F000CA4756C01F23DED04BFA97BED00BFC97DED00BFED6D8F00086C021F
S32500428FC070D1ED04BFA4734E0548044EFF6C0194594E0148044EFF6C0194864E0148044EA3
S32500428FE0FBEC318E007ABC6C02760FEC31BE007ABC908090B1120014EB00086D64010EFB04
S32500429000060144E60400A931007442AA0412A8946D640094ED008F1404846C01B582A9314C
S32500429020003293129C4404646DED008F1404846C01B5917A00010ADF04157E505C0050108A
S325004290402410900BED61BFA97B129C44046447ED008F1404846C01B5707A00010ADF041500
S325004290607E505C0050102410900BED61BFA97F129C400464217A00010ADF0415ED009F7E1C
S32500429080505C0050102410900B140494ED618F08FD49C4064A12F7040001A931007442AA7A
S325004290A00412A4946D64FF6CA90604093BED008F1404846C01B6DA3D14ED008F1404846CFD
S325004290C001B6773D14ED008F1404846C01B6963D14ED008F8A06841C046C01B7B33D05EDF1
S325004290E0008F6C0197914A07ED008F6C0197FDEC318E007ABC6C02760FEC31BE007ABC90C1
S325004291008090B1120C14EB00086D64FEF24E054804506650764EF9EB0085ED00BFF07DFF76
S32500429120FF6D74012DE604003CC73CE6E6060076FFFF486C0197BBEB0885ED08BF90B06790
S3250042914010EC318E6A1BC2760117486C01DD4BED088F1404846C01B5F0ED088F8A04841C76
S32500429160046C01B6B5ED088FA4310032931404846C01B6FDED088FED00BF8A7B841C046CAC
S3250042918001B720ED088FED00BF8A7F841C046C01B6DAA904041939ED00BFA9751278946288
S325004291A0644A023DC9A975C906ED088F1404846C01B6773D14ED00BFED088FAA06A5738A37
S325004291C061841C04ED6D9F000C6C01B816060045ED00BFA075DF060F220912689462644AB9
S325004291E0053DE0A075DF060FC00CED088FED00BF3C048A06851C04ED6D9F000C6C01B85C05
S32500429200230AED088F8A0C841C046C01B60CA90CD60699C906ED00BFAA06A97512AC9466C1
S3250042922064ED088F1404846C01B6963D14ED088F6C019791F7040001ED00BFAA06A97512B7
S32500429240A4946D64FEE9A9736589ED008F0800134A0308012FED00BFE677004E0750725040
S325004292606248044EFBEB008576FFFF486C0197BBEB0485ED04BF90B06710EC318E6A1BC2F7
S3250042928076014E486C01DD4BED048F1404846C01B5F0ED048FA4310032931404846C01B6DD
S325004292A0FDED048FED00BF8A7B841C046C01B720ED048F1404846C01B6DA3D14ED048F1452
S325004292C004846C01B6773D14ED048F1404846C01B6963D14ED00BFED048FA4738A7B851CC4
S325004292E0046C01B7B3ED048F6C0197914E0548044EF9C506C404EB0085FB0A0144E6080015
S32500429300A931007442AA0812A8940464527A00010ADF08157E505C0050102410900BED6193
S32500429320BFA904AA7B12AC90046423ED00BFC97D7A00010ADF08157E505C005010241090BA
S325004293400BED009FED618F08FBDCC40A4A11F7080001A931007442AA0812A4940464AEA9FE
S325004293600A04191AED00BFA406ED6D8F00086C0273D562043C044A08761000484A0222949F
S325004293804E0748044EFDEB0085E60400A931007443AA0412A89404644E7A00010ADF04157F
S325004293A07E507E0050102410900BED61BFA97BED00BFAA7D129CA004641C7A00010ADF04AC
S325004293C0157E507E0050102410900BED009FED618F08FB524A11F7040001A931007443AA65
S325004293E00412A4940464B24E03480420E63100005337E63100005338E63100005339E63103
S3250042940000005336E6310000533AE6310000533CE6310000533D48043C00EC31BE0200081D
S32500429420E63100005336E63100005339E63100005337E63100005338E6310000533BE631A2
S325004294400100533EE6310000533FEB310800535AEB3108005346EB3108005340EB31080020
S325004294605348EB3108005344EB310800534AEB3108005354EB3108005352EB31080053562C
S32500429480EB3108005358EB3108005350EB310800534EEB310800534CEB310800535CEB3177
S325004294A008005332EB310800535EEB3108005360EB61087AFFFF0A7EFFFF00EC31BE0200FC
S325004294C006EB610848045E80A93100533EE631010053394EFF04091A7A00010A7E74DC00EA
S325004294E06C01C8869604E6310000533E62046C01C8DC4E0148045E80A93100533AE63101B8
S3250042950000533E4EFF6509E6310000533A6C01381CA9310053366509E631000053366C0174
S32500429520367CA9310053396509E631000053396C013858A93100533B6789A43100533FE618
S32500429540310000533B6C01386C4E0148045E80217A9AE90A7EF80000EB31080053347A9A1D
S32500429560E90A7EF80000EC31BE020008EB610848045E80215007B514985017B51A985027B9
S32500429580B54C985037B5549838545085509550A550B550C5B56298B53298B56098B508983D
S325004295A0B53498B57A98B57898B57E98B57C98B57498B57298B58298B58098B58698B5849A
S325004295C098B57698B588985075B51E98B57098B56498B56698B56898B56A98B56C984489D0
S325004295E0F49AFFFE985096F406F91F98F50641009846F5460446144624463446444654466F
S325004296006446744684EC31BE020006ED6118ED31080053342810EB3108005364ED310800EB
S3250042962053644EFFEB6108ED3108005346ED31180053644010EB31080053467A10000A2815
S3250042964010040023ED3108005340EC31BE02000AE631010053364010EB3108005340ED61F5
S3250042966008EB3108005342ED31080053646710ED310800534E4010EB310800534EED31187B
S325004296800053647A02000A2810040014ED31080053484010EB3108005348E6310100533981
S325004296A0ED31080053647D200000040014ED310800534A4010EB310800534AE63101005391
S325004296C03AEC31BE400000ED311800536490B028106700ED31080053524010EB310800538F
S325004296E052ED31180053647A00800A28106700ED31080053544010EB3108005354ED310832
S325004297000053647D400000040035ED3108005356EC31BE0200024010EB3108005356ED613B
S3250042972008EB3108005366ED3108005366EC0A00EB3108005366ED3108005366EB6108ED2A
S3250042974031080053647D0800006700ED31080053324010EB3108005332ED31180053647ADA
S3250042976008000A2810040014ED31080053504010EB3108005350E6310100533CEC31BE20BD
S325004297800000ED311800536490B02810040014ED31080053584010EB3108005358E63101FC
S325004297A000533DED31080053647D020000040014ED31080053444010EB3108005344E6317E
S325004297C001005337EC31BE3B9000ED311800536490B028106D00012DED310800534CEC312E
S325004297E0BE080000ED31180053644010EB310800534C90B02810E6310100533B040031ED1B
S32500429800310800535AEC31BE020018FB31010400533F4010EB310800535A7A80000AEB61F1
S3250042982008EC31BE020004ED6108EC2A00EB6108EC31BE010000ED311800536490B02810F6
S32500429840040015ED31080053604010EB3108005360FB31011100533FED31080053647D80FD
S325004298600000040031ED310800535CEC31BE020018FB31010500533F4010EB310800535CBA
S325004298807A80000AEB6108EC31BE020004ED6108EC2A00EB6108ED31080053647D1000001D
S325004298A0040015ED310800535E4010EB310800535EFB31010600533FEC31BE20000090B04B
S325004298C020ED31180053642810EC31BE0200009610FB31010100533F90B020ED31180053CF
S325004298E0642810EC31BE1000009610FB31011600533FED311800536490B028109610FB31E7
S32500429900011700533FA93100533E04091E7A00010A461746567E74DC006C01C8459604E679
S32500429920310000533E62046C01C8DCEC31BE020006ED3118005334ED61082801EB31180053
S325004299405364ED3108005364EB6108ED31080053646D10FCD24E01BB9A98BB6C98BB6A98F7
S32500429960BB6898BB6698BB6498BB7098BB1E985074BB8898BB7698BB8498BB8698BB809855
S32500429980BB8298BB7298BB7498BB7C98BB7E98BB7898BB7A98BB3498BB0898BB6098BB3264
S325004299A098BB629850C450B450A4509450843A54BB54985033BB4C985023BB1A985013BBF9
S325004299C0149850032020202020204805760010A83C092294504040193C00EC31BE0053684F
S325004299E01294A021EB6B080464E84804ED31BF005368760010A890B03C0904001B401912E9
S32500429A0098A02104641222945040EC31BE005368ED6BBF90B00410E5760010A81298A02166
S32500429A2004641122945040EC31BE005368EB6B853C044A047602104848045E80EC01BE3D3E
S32500429A400C4EF722C45040EC31AE005368ED4B8F90806D000082A97BED7D387DFFFF09EB76
S32500429A600008A06D000AED7D00EB0408AA19ED1D08EB0808DF1505ED1D00EB0C08ED7D28BA
S32500429A80ED04081208247DFFFF099EF47DFFFF1A40109EF4EB00089E74ED1D28ED0C081270
S32500429AA0082440119EF4129CA4216464ED080812380463E412A8942104641DED0008120C7B
S32500429AC0146664ED0C08ED042812082404641DED000812081404741476001098401C12C484
S32500429AE090216D64FF5DEC318E0000004E094804AA39AB0112A4B421046425ED3D08ED1517
S32500429B0018121404047419AA21AB1912B4A42167E4ED3518ED1D081218043C149EF4617494
S32500429B203C0448043C054EFF22545040EC31BE005368ED6BCF90C0040039A999C9310053E4
S32500429B4088ED9D08EB310800538AC93100538CDF9505ED9D00EB310800538EED3118005338
S32500429B608AED310800538E1214049674F731000100538CEC319E00538808FF74EC818E9E26
S32500429B801404141376001098401512549021046497EC318E0000004E01480420506650D574
S32500429BA02050F520EC01DEDCB710EC21FE23463C449EF46D740103DFBF0FC0AD000EC6AD64
S32500429BC0000FE6AD020010DCAD40000864F4EDAD08000A610092007B000396A02298A9ADFD
S32500429BE0000EEDA1BF403950917D7FFE9910053E220A1803C61490B0190396421A9E993CA0
S32500429C0009043A102294504040191294A02180FDF00464F03C1A12C0A02104645D3C2A12B4
S32500429C20C0A02104642A3C3A12CCA02104647950901490F08EE1BD180890ED61181BFF0003
S32500429C402810EB61087AFFFF0A7EFF000006004B50901490F08EE1BD181890ED61087EFFAD
S32500429C60FF112801EB6118EDE1087AFFFF1AED610829012A01EB61184A2E50907A00FF0AAD
S32500429C801490F07EFFFF008EE1BD181890ED61182B102810EB61087AFF000AEDE118ED619C
S32500429CA01829102A10EB6108DCAD10000864F4EDAD08000A610092003C0450F450D450628B
S32500429CC048045E80506650D52050F520EC01DEDCB700EC21FE23463C449EF46D7400C0DF4E
S32500429CE0BF0FC0AD000EC6AD000FE6AD010010DCAD30000864F4EDAD08000A6100920022D3
S32500429D006C18039C628918039C24967B000396A02298EDA1BFA9AD000E403950917D7FFE09
S32500429D209910053E1490B03D0904361222945040220A40191294A021807FF00464EE180377
S32500429D409C0409493C1A18039C1290A0210464223C2A1290A0210464133C3A129CA02104A2
S32500429D60642B7AFFFF0A7EFF00004A0A7AFFFF0A4A047AFF000A7B00039C4449EC0092142D
S32500429D8090F01402F6EDE1182810EBE108DCAD00000864F4EDAD08000A610092003C0450E5
S32500429DA0F450D45062480420506650D52050E550F5EC01DE4EF7EC41EEEB04B5EB0808ECFA
S32500429DC021FE2346DCB7203C449EF46D7400D33C29125090213C649EF46D7400C5904822F0
S32500429DE0546C01EB40236562940600B43D643C8912609021ECE1BE9E741404B49E74EB0CFC
S32500429E00B59E742020A00AECE1BE9E641402B49E64EB0CB59E64DFBF0FC0AD000EA900C9A8
S32500429E20AD000FE6AD040010DCAD50000864F4EDAD08000A61009200EDA1BFA9AD000E509E
S32500429E40917D7FFE49807F00ED04BF76001098126C9021E6610404641CEDA1BFA9AD000E6A
S32500429E6050917D7FFE991490B0ED7508EBD508ED04BFE66108EDA1AFA9AD000E5090ECE153
S32500429E808E8A00A41890ED0C9F6C01545C040410DCAD20000864F4EDAD08000A61009200A1
S32500429EA03C044E0950F450E450D4506248045E8050D5202020EC01DEA9B9C931005392EDCD
S32500429EC0BD08EB3108005394C931005396DFB505EDBD00EB3108005398ED3118005394ED2B
S32500429EE0310800539812140404641DF731000100539676FFFF98AA3100539612A894217680
S32500429F000214489EF404742CA4B9EDBD086C0154A06304760212484A1BEC318E00539208BF
S32500429F20FC029080760212489E906410ECA18E08FABA3C0450D448043C099081229A50A0CE
S32500429F40EC31BE00536814A0B0ED61AF90A0121C043C049EF43C009EF4EB61089E740474E2
S32500429F6011760010A840191294A0210464CE7602114848047603F2A83C0922945040401950
S32500429F803C00EC31BE001A161294A021EB6B080464E8760042A83C09EB3108001A1822946C
S32500429FA050404019EC31BE0019921294A021EB6B080464EAEB310800199448043C00E63163
S32500429FC000002213EB3108001A16EB310800199248045E80A431002213EC31BE0021FAA413
S32500429FE06B480420EC318E001A164804EC318E0019924804506608031F22466196080448E6
S3250042A0005062236448045E803C391244902104642B3CB91244902104641E7600139812448D
S3250042A020902176001A989EF426499EF4760012989EE426499EE44A084A023DA93C29264981
S3250042A0404019509034955C0418034048045E8021387650D550E550F5ED1908ED19084506FC
S3250042A060ED190819FF70EC01AE45091406A43D0C04392522C4EC31BE002256401CE66B00CA
S3250042A080EC31BE002216E66BFF13C460EC31BE002296E66B000464DB3C0DE6310000221520
S3250042A0A0E631000022146D3700C822D45040ED4B18101728183FF022F4EC31BE002296107A
S3250042A0C01732180300C06B411D3C0C1A000108FF3523C43C29124094210464213C39124009
S3250042A0E0942104741F22F9EC31BE0022561490B0F7610001F73100010022154A07F73100D8
S3250042A100010022143C39401C12C490210464BC18010104005522D45040ED4B18411D7B0022
S3250042A12008EC1A000108FEDE23C43C29124094210464213C391240942104741F22F9EC31BD
S3250042A140BE0022561490B0F7610001F73100010022154A07F7310001002214401C12C4E0B2
S3250042A160210464BE1801910419AB12D470216D64FF383C29126490213C1C04643E22C4EC03
S3250042A18031BE002256A96B0409283C1A04392322C426A4EC31BE002216F06BFFFF40199EFE
S3250042A1A0F4637422C426A4CC6B401A1298A0210464DD401C12C460210464C250F450E450F6
S3250042A1C0D43A7648045E80212249129050213C0A04641722A4C90B2394EC31BE002216A918
S3250042A1E06B129C5021401A0464E922A4C50B480422493976EC31BE00229650D5225650E581
S3250042A200F79AFF7F98A76B139C60904E22749EF422853D0C6D7400F063072264AA6B629A66
S3250042A2200600E33D04904808FF9C23949048224DB40F004008FF8F236476004058224A3D5C
S3250042A24009042D3D3C0C042A25904B22C4B46F0040A66B2394904BAB6B12B0602165E440FB
S3250042A2601C12A8C0210464E14A04904BA56B760040B8125CB02164E4401912D8902104640C
S3250042A280C3249CA9310022131298C0210464157600189812C49021CC310022139674E631DC
S3250042A2A0180022133C0904072A3E1A1250A0210464212294904BA46BEC31BE002296AA6B43
S3250042A2C012A8742122A79EF440196387124C50210464DF3C0904072E3E1A1250A0210464D2
S3250042A2E025904B2294B46F0040A46BEC31BE002296AA6B12A8742122A79EF4401963871247
S3250042A3004C50210464DB2274F79A00819850E450D43A7648045E8021387650D5202050E51A
S3250042A320EC01DE50F54EFEC4006C018A2C3C07A9003D36224F3D0E6D3900A5227450407A8C
S3250042A340C0001AEDAB087A80002A2901121C2440170464E712FCE02166E4104728183F9135
S3250042A360129CF42104643B76020598127890210464687AAAAA1A7EAAAA111200140464377F
S3250042A38022645040760042984016EC31BE00199212689421EB6B0804641D18019004199BC0
S3250042A3A04A1522695090EC318E0019921490806C013C4C2446421776020598127890210405
S3250042A3C0641876004298126894216764A900411E12E490216D64FF634A067B00019EC9005A
S3250042A3E0EC318E001992EC01DE1402D4EDA1084010EBA1087C00039653902291EB19082BAE
S3250042A40001EB311800199608FC46AA31002215A93100221412AC902104641D4216ECA18E3D
S3250042A4206C0153F8236452607DFFFF142A10EB31080019924A043D04760260484E0250F408
S3250042A44050E450D43A764804387650D5ED31080019966C018A3C45063C02760FBD982347B8
S3250042A460EC31DE001A1A22244012EC31BE0022D6222A12A49021E66B000464EA3C0204362C
S3250042A480431A001222191298602104642C2215222408FD5A23782249222422401013062236
S3250042A4A004C9AB2314224010230622044011C9AB2319129460210464D440122229129460DD
S3250042A4C0210464BDEC318E001A187603F148ED01084010EB01086C0153F87DFFFF04EB31D2
S3250042A4E008001A16ED3118001A167A03F10A2A103D04EB3108001A1650D43A7648042020CF
S3250042A500ED31080053F44EFFEB0108EC218EEC419E6C013E644E0148045E8021A931005408
S3250042A520184019183F49C93100541848045E8021506650D5202020EC01DE50F5EB31D500D5
S3250042A540540EFBAD0700000A6C015ACCEDAD0800086C01587CEC31FE0053F6ECE19EECA1BE
S3250042A5608E6C015500EDAD0800086C019C446C01A760ECA18EECE19E6C014BA8ECE18E6C2B
S3250042A58001405023466C01BEA06C0179B0ECA18E6C01A058ECA18E6C01AAE8EDAD080008D4
S3250042A5A0ECE18E6C015DECECA18E6C018A54ECE18E6C0135E850F450D450622364480420EA
S3250042A5C04EFF6C01365C4E0148045E8050D520203C00EC01DEFBAD09000023EBAD08002866
S3250042A5E0E6AD08003EE6AD05003DEDA18FE6AD00003CE6AD00003F6C014134669476020152
S3250042A60048FBAD090500230600D2A9B70419553C7AA9AD00251290A021E6B90004641A3C36
S3250042A6206A1290A021760203489EF46D7400ADECA18E6C01B2E4060096A9AD0022041915BE
S3250042A640760804A8A9AD000A12A890219674E6AD0600224A05E6AD000009ECA18E6C01B2D3
S3250042A6606C06006B76080098AAAD000A1298A021760202489EF404746308FEA0C4AD002667
S3250042A680EDAD080020E6B901760203489E809600FBAD09050023040043EDA18F6C01425C51
S3250042A6A03C4AA9AD000A12A49021EBAD08002E0464161290A021760203489EF404741DEC80
S3250042A6C0A18E6C01B21C4A07ECA18E6C01B1C8FBAD09010023ECA18E6C01BF2C50D44804BE
S3250042A6E050D520203C00EC01DEFBAD09000023EBAD080028E6AD08003EE6AD05003DEDA1CE
S3250042A7008FE6AD00003CE6AD00003F6C014134669476020148FBAD0905002306008BA9B75A
S3250042A72004097208FDF6A9B9C4AD0026040916EDAD080020760203489E809600FBAD09054C
S3250042A7400023040064EDA18F6C01425C3C4AA9AD000A12A49021EBAD08002E0464161290C3
S3250042A760A021760203489EF404743EECA18E6C01B3B04A28EDA18F6C014180A9AD000912AC
S3250042A780489021760202489EF404741DECA18E6C01B35C4A07ECA18E6C01B408FBAD0901B1
S3250042A7A00023ECA18E6C01BF2C50D448045E802150D520203C00EC01DEFBAD09000023EB21
S3250042A7C0AD080028E6AD08003EE6AD05003DEDA18FE6AD00003CE6AD00003F6C01413463A3
S3250042A7E0947602014806006EA9B76D090105EDA18F6C01425CF0AD0004000FEBAD08002EC6
S3250042A8006574F0AD000400106D640099A9AD000F041920F0AD000400109664EDAD080016F7
S3250042A8209664EB31080054109664E6AD04000A6D64008CF0AD0008000F64F4F0AD000800A5
S3250042A84010046433A9AD000F6419F0AD0008001066E476020348FBAD090500230600BBECDB
S3250042A860A1BEEC31AE0054101416B4806100ED7508EB5508060043ECA1AEEC31BE005410CE
S3250042A8801412A4804180ED5508ECA1AE8E75AB140816ED4108EB7908ED5508EB7D08E6AD11
S3250042A8A010000A4A1A76001248EC31BE00541080BD80EDAD080016EB7508E6AD08000AEC55
S3250042A8C031BE005410EBADB5000C08FC4FC4AD0026EDAD080020E6B901760203489E8096C1
S3250042A8E000FBAD09050023040030ECA18E6C01B45C4A1AECA1BEA9AD000FECA18E141AB45A
S3250042A900C9AD000AEBADB5000C6C01B4B8FBAD09010023ECA18E6C01BF2C50D448045E80A7
S3250042A92050663D0022509E941007189E94EC2E009E946708187F191057102A01EC2C101A88
S3250042A94000016C013948224622649E9663166C013E7822645062480450664EFE90483C0068
S3250042A96076040848EB00086C0150743D452246041615ED00187A90000A281063106C013F18
S3250042A9804C4A046C013F1C6C013E5476003C1823401208140464107B0003107AFFFF0A7EAD
S3250042A9A0FFFC004A04291076003C08100710EC2C006C013948ED31BF00540EFB6D07000038
S3250042A9C00A6C013E784E025062236448045E802150664EFE90483C0076040848EB00086CEF
S3250042A9E00150743D452246041615ED00187A90000A281063106C013F4C4A046C013F1C6CF3
S3250042AA00013E5476003C1823401208140464107B0003107AFFFF0A7EFFFC004A0429107602
S3250042AA20003C08100710EC2C006C013948ED31BF00540EFB6D0700000A6C013EA44E0250B6
S3250042AA4062236448045E8021A431005406480420A431005408480420A93100540B7C00018C
S3250042AA60494804204EFF6C0134804E0148042020EB318500532E4804E6310100533048043B
S3250042AA80E631010053314804387650D550E550F54EFAED31BF00532EEC01DEEB0008C5040C
S3250042AAA0C406ED6D08000CEB080890D0EC41FE239704101C6C014190EC01DE90D004101019
S3250042AAC0EC318E0000006C014180224E4A2223E66C014180EC318E0000006C014180234600
S3250042AAE0224E12E8602122E69EF41278642122769EF4A906EB31D50052EEC9310052F0EC48
S3250042AB00A18EA904C9310052F3E631010052F1E631010052F26C0142183C0E7A00010AC4C1
S3250042AB20310052F67E8A5C00EB310800530CE631000052F77A00010A7E8A6400EB310800F8
S3250042AB40530E6D0700D2226924E91278942122E9ECE1BE454922769EF4EC009223E1E63148
S3250042AB6000005331E63100005330EC318E0052EE26E69EF48E00BD185090EB31180052F429
S3250042AB80EB31B50052FAC6310052F86C0185B0256E6D140088A9310053300419266C01C6FE
S3250042ABA0B2ED31BF00532EED0808ED6D18000C120014760207489EF4047462A9310053300C
S3250042ABC00409DA76090698A431005311124C902104744AA9310053310419266C01C6B2EDAC
S3250042ABE031BF00532EED0808ED6D18000C120014760207489EF4047424A93100533104099B
S3250042AC00DA76090898A4310053111240902166F412E474216D64FF2EA4310053104E0650F8
S3250042AC20F450E450D43A7648045E8021387650D550E550F54EFAED31BF00532EEC01DEEBDC
S3250042AC400008C504C406ED6D08000CEB080890D0EC41FE23970410176C014190EC01DE909F
S3250042AC60D066106C013FD87C0010E44A1E23E66C0141806C013FD823467C0010E412E864F8
S3250042AC802122E69EF41278642122769EF4A906EB31D50052EEC9310052F0ECA18EA904C9CB
S3250042ACA0310052F3E631010052F1E631010052F26C0142183C0E7A00010AC4310052F67ECE
S3250042ACC08A5C00EB310800530CE631000052F77A00010A7E8A6400EB310800530E6D070079
S3250042ACE0F022E9246990F0E6310000533112789421E63100005330EC318E0052EE7DFFFF2A
S3250042AD001E23E922769EF4ED00505191EB31180052F426E69EF47D7FFE192410EB310800F5
S3250042AD2052FAC6310052F86C0186C4256E6D1400A5A9310053300419266C01C6B2ED31BF6C
S3250042AD4000532EED0808ED6D18000C120014760207489EF404747FA9310053300409DAF005
S3250042AD603109060053119664A431005312046466A9310053310419266C01C6B2ED31BF0082
S3250042AD80532EED0808ED6D18000C120014760207489EF4047440A9310053310409DA3C2196
S3250042ADA0ED310800531612001467643C11120014760206489EF404741DF0310908005311D5
S3250042ADC09674A43100531266F412E474216D64FF10A4310053104E0650F450E450D43A764A
S3250042ADE048045E8022A6516650D550F5ED31AF00532E4EFEED4D18000CEB31850052EEED32
S3250042AE0010DFC4310052F0ED0CFFC5310052F3EB31080052F4EB0018C9310052FCC63100E5
S3250042AE2052FD0406357AFACE0AEC31AE0053003C85EC319E0053087EFACE00806100136C55
S3250042AE4050EB2108046413ED6D080008EB55087AFACE0A7EFACE00EB35083C89CC3100524B
S3250042AE60FEEC31BE00530480E18013CC90EC318E0052EE9674EDED080008EB75089E74E6CB
S3250042AE8031010052F17A00010AE631010052F2E63100005330E631000053317E8A5C00E695
S3250042AEA031000052F6EB310800530CE631000052F77A00010A7E8A6400EB310800530E6C0C
S3250042AEC00187946D14009EA9310053300419266C01C6B2ED31BF00532EED0008ED6D1800A5
S3250042AEE00C120014760207489EF4047478A9310053300409DAF03109060053119664A431E8
S3250042AF0000531204645FA9310053310419266C01C6B2ED31BF00532EED0008ED6D18000C66
S3250042AF20120014760207489EF4047439A9310053310409DAF03109080053119674A43100DF
S3250042AF4053120474200406183C89EC31BE005308806280136C90ED75089EF4EBA1089E747C
S3250042AF60A4310053104E0250F450D4506248045066507650D550F54EFDEC01DEEC21FE6C28
S3250042AF8001C2037607D0A8A93100553A12A494046416EC31BE6A194E90B06C01BE413D14D4
S3250042AFA03C546C01BE413D00EC009EECE18E6C01D618C4B36D1400ADED00BFA96D00C8C9D8
S3250042AFC0B3ECA18EA46D00C46C01C2ABA9B3041963ED00BFECA18EED6D0800C66C01C2C4EE
S3250042AFE0ED00BFECA18EA46D00C56C01C2AB760060783C06ED00BF7DFFFF0690B1241090D0
S3250042B0000BECA18EA4796C01C2AB40161264740464E23C06ED00BF7DFFFF0690B1241090CD
S3250042B0200BECA18EA46D00646C01C21840161264740464E07607D0A8A93100553A12A494B6
S3250042B040046416EC31BE6A195A90B06C01BE413D143C546C01BE413D00ED009FECE18E6CE9
S3250042B06001D66F4A25760FA0A8A93100553A12A494046416EC31BE6A197490B06C01BE4157
S3250042B0803D143C546C01BE413D004E0350F450D45072506248045066507650D550E550F54A
S3250042B0A04EECEC41EEEC21FE7607D0A8A93100553A12A494EC01DE046416EC31BE6A198C0D
S3250042B0C090B06C01BE413D143C546C01BE413D00EC31BE6A19A4EB0CB5EC31BE6A19BEEB3D
S3250042B0E010B5EC31BE6A19D0EB14B5EC31BE6A19EEEB18B5EC31BE6A1A04EB1CB5EC31BE63
S3250042B1006A1A22EB20B5760FA078EC31BE6A1A38EB24B5EDAD8F000876FFFF486C0273D5E6
S3250042B120F0B700026764EC318E6A1A4C7600CA486C01DD4B7603E8A8A93100553A12A494FF
S3250042B14064E4ED24086C01BE413D147603E8A8A93100553A12A494046410A0A16C01BE41A8
S3250042B1603D443C546C01BE413D00760043A8A9A112A49004642A1290A004643D760040A805
S3250042B1801290A06D64024C760041A81290A06D640164760042A81290A06D6400B30601F60C
S3250042B1A0760044A81290A06D64020C7600FCA81290A06D6401EE0601DD7607D0A8A93100F5
S3250042B1C0553A12A494046411ED20086C01BE413D143C546C01BE413D00ECA18E6C01C2037D
S3250042B1E0ECC18E6C0114B4ECE18EEC049E6C01D618C4B3A9B3041934ED04BFA96D00C8C9D8
S3250042B200B3ECA18EA46D00C46C01C2ABA9B36799ED04BFECA18EED6D0800C66C01C2C4ED3A
S3250042B220049FECE18E6C01D66F0601DC760FA0A8A93100553A12A4946D6401CCED1C086C98
S3250042B24001BE413D143C546C01BE413D000601B87607D0A8A93100553A12A494046411ED4F
S3250042B26018086C01BE413D143C546C01BE413D00ECA18E6C01C203ECC18E6C0114C7ECE1D3
S3250042B2808EEC009E6C01D618C4B3A9B3041943ED00BFA96D00C8C9B3ECA18EA46D00C46C5E
S3250042B2A001C2ABA9B304191DED00BFECA18EED6D0800C66C01C2C4ED00BFECA18EA46D0088
S3250042B2C0C56C01C2ABED009FECE18E6C01D66F060136760FA0A8A93100553A12A4946D6460
S3250042B2E00126ED14086C01BE413D143C546C01BE413D000601127607D0A8A93100553A1257
S3250042B300A494046411ED10086C01BE413D143C546C01BE413D00ECA18E6C01C203ECC18EB1
S3250042B3206C0114DAECE18EEC089E6C01D618C4B3A9B3041941ED08BFA96D00C8C9B3ECA156
S3250042B3408EA46D00C46C01C2ABA9B304191BED08BFECA18EED6D0800C66C01C2C4ED08BF36
S3250042B360ECA18EA4796C01C218ED089FECE18E6C01D66F060092A93100553A1274946D6479
S3250042B3800086ED0C086C01BE413D143C546C01BE413D00060072ECA18E6C01C203FBB30174
S3250042B3A001060064ECA18E6C01C203ECA18E6C01C2183D14060051ECA18E6C01C17B3D047E
S3250042B3C02246ECA18E6C01C2036C0116152364C4B34A35ED31BF005534A06110070A220BA6
S3250042B3E0B46F2812F56100029AECE19EECA18E08FB7DED31BF005534A06110070A220BB447
S3250042B4006F2812F461FFFD9AECA18E6C0170F506FD014EF9EB0085ED00BFED61BFEB04B54B
S3250042B420ED61BFEB08B5ED00AFEB41B5ED08BFED00AFEB75A5ED048F4E0748044EF9EB04E6
S3250042B44095EB0085ED00BFED75BFEB08B5ED04AFED00BFEB41B5ED04BFED08AFEB75A5EDB7
S3250042B46008AFED04BFEB41B5ED00BFED04AFEB75A54E0748044EF96C01D35EEC318E007B3F
S3250042B48002EC009E6C027734ED0408EB31080054EAA908C9310074B23C146C01D4724E073B
S3250042B4A048044EFF3C046C01D4724E0148044EFF6C01D4ECC40006013976BEEFA823491256
S3250042B4C09CA46D640172E631010054EC060169F0001001047433E631040054F00802F63D90
S3250042B4E004EB31850054EEED31BF0054EE90B06480E631020054EC06013E6C01D4723D0448
S3250042B500E631030054EC06012FE631000054EC060126EC318E6A1BB6760087486C01DD4B0F
S3250042B52006011576BEEFA82349129CA464E4E631040054EC060101ED31080054EADF3115EA
S3250042B5400054F01218046D6400DFA9310054F0ED31BF0054EE7B0001A97DFFFF0990B12436
S3250042B56010900BCA310054F02249C9610600C976BEEFA82349129CA404643EED310800548C
S3250042B580EADF31150054F01218046D64009BA9310054F0ED31BF0054EE7B0001A97DFFFF99
S3250042B5A00990B12410900BCA310054F0FB61BEEFE631020054EC06007FF000011004746922
S3250042B5C0ED319F0054EEEC318E007ABC08FE6DE631000054ECED318F0054EE1404846C0181
S3250042B5E0B54D040453EC318E007A666C0257230600463C2AA9310054EC12A4900464161291
S3250042B60090A06D64FF1D6D09FEAF3C1A1290A06D64FEBC4A233C3A1290A06D64FEF43C4A11
S3250042B6201290A06D64FF484A0FE631000054ECED318F0054EE0801E14E0148044EFF0601F0
S3250042B64043E631000054EDEC31BE007AC090B0ED31BF007AC090B1121C0464E46C01D3F8A8
S3250042B6603D0406014476BEEF486C01D4FCE631020054ED6C01D3F83D1406012D76BEEF48CC
S3250042B6806C01D4FCE631020054ED06011C761001486C01D4FCE631030054EDEC318E007A1C
S3250042B6A0C008FD6EEB31850054F2E631040054F11404846C01B529224076FFFE904039C93A
S3250042B6C0310054F40600E2A9310054F1ED31BF0054F27B0001A97DFFFF0990B12410900BC6
S3250042B6E0CA310054F1A961C9006C01D4FC2394F731FFFF0054F476BEEFA8A900129CA46463
S3250042B700E4E631040054ED06009FA9310054F46D190096E631050054ED06008D76BEEF4863
S3250042B7206C01D4FCA9310054F46499E631050054ED060075E631030054ED06006C76BEEF9D
S3250042B740486C01D4FCED318F0054F20800CBE631060054ED060052760110486C01D4FCECA8
S3250042B76031BE007AC090B0ED31BF007AC090B1121C046464E631070054ED4A2DE6310100D8
S3250042B78054ED4A25A0310054ED22093D7A12A8940474164450A110987A00000A7EFFC20041
S3250042B7A02410900BED610891004E0148044EFDEB00856C027810C404ED009FEC318E007AC6
S3250042B7C0C008FC78A9310054ED61199511A4046C0278244E0348044EFBC400EC318E00742F
S3250042B7E0AA6C0273D5040427EC318E007B026C027654EB0485ED04BF90B06710EC318E6A22
S3250042B8001BB6760124486C01DD4BED048F4A06EC318E0000004E0548044EFDEB0085F031A1
S3250042B82000030054EC047417ED00BFEB31B50054EEE631020054EC6C01D4723D144A17ED84
S3250042B840009FEC318E007B026C027278EC318E0074AA6C0276904E034804506650D54EFF7F
S3250042B860EC01DE2396EC318E000000ECA18E9E156C012A15041427EC318E00747E7603E89A
S3250042B880486C0273D56314761000484A11EC318E000000ECA18E9E166C012BFB23644E01DF
S3250042B8A050D4506248044EFBED310800552EEB0408A9310055307B0001A9C900CA31005598
S3250042B8C030C901EC008E6C012BA2041427EC318E00757076EE48486C0273D56314761000FC
S3250042B8E0484A11EC318E0000003C093C057606154808FF664E0548044EFF08FFA904143200
S3250042B900EC008E3D057605124808FF4C3D196214A9006319760308484A18EC318E00755A65
S3250042B92076EE48486C0273D56314760309484A023C044E0148044EFF08FF6B041418EC31A1
S3250042B9408E00755A76EE48486C0273D56314760309484A023C044E0148044EFF3C193C153D
S3250042B9607604124808FEF34E0148044EFF3C493C457603114808FEE24E0148044EFF3C19CD
S3250042B9803C157606144808FED14E0148044EFF3C293C257607114808FEC04E0148044EFF2D
S3250042B9A03C493C457602164808FEAF4E0148044EFF3C193C157604164808FE9E4E01480409
S3250042B9C050D5EC01DE3C457602124808FE8A3D496694A9B75290DFB50DEB310800552E50F2
S3250042B9E0D448044EFF3C293C257605114808FE6A4E0148044EFF3C193C157608144808FE1A
S3250042BA00594E0148044EFF3C493C057605104808FE484E0148044EFF6C0133294E0148046A
S3250042BA20506650D54EF5EC01DE7603E8A8A93100553A12A4943D00EB310800552E046416B7
S3250042BA40EC31BE6A1AC090B06C01BE413D143C546C01BE413D00ECA18E6C012FDD6D140034
S3250042BA60FE6C013353EC01DE6C01334CC400A9A1C902A9B3C904A9B5C9067601F448EC31D7
S3250042BA808E0053BC6C0273D576021648EC008E3D4908FDC43D4522466D16009CE60801EC88
S3250042BAA0088E3D157604164808FDAD3D196D1400AEEC318E0000003C057603104808FD98ED
S3250042BAC03D096D140099E60A00E60C00FB0E03E8E61000EC0A8E08FEE76D140082E6120284
S3250042BAE0EC128E3D157604124808FD6C3D1904146EE61400EC148E3D157608144808FD58EE
S3250042BB003D192246041658A4B3A5B56C0129837603E8A8A93100553A12A494046416EC318C
S3250042BB20BE6A1ADE90B06C01BE413D143C546C01BE413D004A2723647603E8A8A931005537
S3250042BB403A12A494046416EC31BE6A1B0490B06C01BE413D143C546C01BE413D0022644E2D
S3250042BB600B50D4506248044EFF3C393C057606104808FCE64E0148044EFF3C493C05760269
S3250042BB80114808FCD54E0148044EFF3C193C057605144808FCC44E0148044EFF3C293C0580
S3250042BBA07606114808FCB34E0148044EFF3C593C157602154808FCA24E0148044EFF3C69DB
S3250042BBC03C057602104808FC914E01480450D5EC01DE3C057601124808FC7D3D496694A930
S3250042BBE0B75290DFB50DEB310800552E50D448044EFF76004A983C057601114808FC5B4E49
S3250042BC000148044EFF3C993C057601104808FC4A4E0148044EFF3C193C057606124808FCB7
S3250042BC20394E0148044EFF3C293C057604114808FC284E0148044EFF3C193C05760714489F
S3250042BC4008FC174E0148044EFFEC318E0000003C093C05760A144808FC004E0148042020AD
S3250042BC60EB31080049A2480450D5202050F5EC21DE4EFFE6AD000009EC01FEE6AD020025FE
S3250042BC80E6AD04000AA4BBEDBD086C0154A004142CECA18E6C017A2090809600E6AD0700A3
S3250042BCA02204002DA9B5C90D0014ECE19EA4AD000A8EF99D1C08066C017B804A10ECE18E70
S3250042BCC0A5AD000A8AFB841C066C014E50C4AD00224E0150F450D448045E802150D550F58B
S3250042BCE02020EC21DEEC01FEE6AD020025E6AD0000094EFFEDFD08BCAD000AA4BBEDBD08CD
S3250042BD006C0154A004142CECA18E6C017A2090809600E6AD07002204002DA9B5C90D001439
S3250042BD20ECE19EA4AD000A8EF99D1C08086C017B804A10ECE18EA5AD000A8AFB841C086C93
S3250042BD40014E50C4AD00224E0150F450D448042050D520EC31BE0049A450F5EC21DEEB31ED
S3250042BD60B50049A64EFFE6AD000009E6AD060025EC01FEE6AD04000AED31BF0049A6EBAD40
S3250042BD80B5000CA4BBEDBD086C0154A004142CECA18E6C017A2090809600E6AD070022045C
S3250042BDA0002DA9B5C90D0014EDF908A4AD000AED319F0049A66C017CA84A10A4FBA5AD00F5
S3250042BDC00AED318F0049A66C015074C4AD00224E0150F450D448042050D550F520EC31BE29
S3250042BDE00049A8EC21DEEC01FEE6AD070025E6AD00000976080498EDFD08BCAD000AEBADC2
S3250042BE00B5000CE6AD000009AAAD000A1294A0214EFF04644CA4BBEDBD086C0154A004142A
S3250042BE202FECA18E6C017A2090809600E6AD070022040032A9B5C90D0014EDF908A4AD004A
S3250042BE400AEDAD9F000C6C017CA8C4AD00224A16A4FBEDAD8F000CA5AD000A6C0150744A1C
S3250042BE6069E6AD0600224E0150F450D448045E8050D550F52020EC21DEEC01FEE6AD0B0057
S3250042BE8025E6AD0000094EFFA9FFC9AD000EEDFD08BCAD000AA4BBEDBD086C0154A0041431
S3250042BEA047ECA18E6C017A209080040034A9B5ECA1BEECA1AEC90D0014140FB4141AA4A46E
S3250042BEC0AD000AECE19EA5AD000E8EF99D1C08086C017D8CC4AD0022A9AD00220419334A2D
S3250042BEE036E6AD0700224A2AECA1BEECA1AEECE18EA5AD000AA9AD000E140FB4141AA48AC0
S3250042BF00FB841C086C0152D4C4AD0022A9AD00226289E6AD00000A4E0150F450D4480420ED
S3250042BF20506650D520203C00EC21DEE6B700EBAD080020E6B9004EFFED0108100730ED15EF
S3250042BF4008193F60100730183F00C0B53C00EBA108A917C9BBED1908EBBD08ED01081007E7
S3250042BF6036183F00C0AD0026E6AD000024041426ECA19E08FCF276003F98126C90213C1477
S3250042BF809EF46D7400CDECA18E6C0186C422466D16009F0600BB3C19124090210464723C8E
S3250042BFA0491240902104644F3C591240902104642C3C99124090219674F73100010049A016
S3250042BFC03C149EF46D74008BECA19E08FEA2ECA18E6C0187942246041658060074E6AD0767
S3250042BFE00025ECA19E08FDF0ECA18E6C0185B0224604163E06005AE6AD060025ECA19E08E6
S3250042C000FD4EECA18E6C0185B02246041624060040ECA19E08FCC576003F98126C90213C38
S3250042C020149EF404742DECA18E6C0186C4224604061FC6AD0024EDAD08001E61009200EDD3
S3250042C04031080049A26500ED31080049A2226492003C044E0150D450624804204EF79048F8
S3250042C0606C013C4CED00081007321803004E0948045E8021760040A83C09EB3185004DB245
S3250042C0802294504040193C00EC31BE004DB41294A021EB6B080464E848045E803C06516669
S3250042C0A022695090EC31BE004DB41490B0ED61086400ED61080800FC6794760040984016EA
S3250042C0C0126490210464D94A0FED31BF004DB2ED6D080008610092005062480450D52020BB
S3250042C0E020EC01DE4EFEEDA108EB0008EDA1081803000400127AFFFF0AEDA1187EFFFC00D0
S3250042C10028104040EB0008ED000840C0EB000808FF4AEDB5181208149674EDBDBFEB610844
S3250042C1209E749664EDBDBFEDB5089EE4EB61089E64EDBDBFA473ED0008EC31BE004EB4A1CD
S3250042C1406B11073E6C01F366EB0008ED0008080063041459ED3108004DB4760040A83C0982
S3250042C16004001940191298A02104641022945040EC31BE004DB4ED6B080410E7760040A843
S3250042C1801298A02104642222945040ED0008EC31BE004DB4EB6B08EDBDAFEC31BE004E3437
S3250042C1A08041F0C9B93D044A04760240484E0250D448042050664EF4EB14086C018A2C6C07
S3250042C1C0018A3423461260402164E4ED140808006B0600629048760220486C0150743D4585
S3250042C1E0041453ED0018ED1408121804760243489EF4047441ED0008904B904A9048760208
S3250042C2002048EB0C08B46F0004ED1408B44F0002B40F0006ED0004EB10083D856C0152D428
S3250042C2203D29041411ED0408ED0018121004760242483C049EE44E0C506248044EF3EB14A7
S3250042C240086C018A34904A76FFFF587AF0000AEC318E000000B44F00047E0220006C018A00
S3250042C2606C3D49041467ED0818ED1408121804760243489EF4047455ED1408ED0804EB1062
S3250042C280086C018A34904BB46F0008EB00B5904B7AF0000A3C4AB46F0006EB04B5904B3CC4
S3250042C2A02976FFFF58EC318E0000007E022000B46F00046C018DC83D4C041411ED0C08ED6D
S3250042C2C00818121004760242483C049EE44E0D48045E8021506650D520204EEFEC01DE6CD7
S3250042C2E0018A346C018A2C2346124060210464246C018A34904A76FFFF587AF0000AEC31EA
S3250042C3008E000000B44F00047E0220006C018A6C3D494A10904876022048B40F00046C0171
S3250042C32050743D456D1400BBA9B95090EC31BE004DB48E08BD180890ED6100EB10083C0085
S3250042C340EB6108ED101876133308120814760244489EF46D74008C6C018A346C018A2C23C6
S3250042C360461240602104643D6C018A34904BB46F0008EB00B5904B7AF0000A3C4AB46F00EE
S3250042C3800AEB04B5904B3C2976FFFF58EC318E0000007E022000B46F00046C018DC83D4CDE
S3250042C3A00414404A2DED0808904B904A904876022048EB1808B46F0006B44F000AB40F00F8
S3250042C3C00CED1008EB1C083D856C0152D43D29041411ED1418ED0808120014760242483C97
S3250042C3E0049EE44E1150D45062480404042F3C0A7DFFFF1A908050102410900BED61081037
S3250042C400453210572F240110953190907DFFFF1A2410900BC261401A42140414D348044EF0
S3250042C420FBEC31BE010000EB0018EB040890B1ED00081218046764EC318E6A1BAA7601362D
S3250042C440486C01DD4BED0018A9061057306C01F3662390B102105700D30611A5041197306E
S3250042C460ED00182502B002115730100700235956846C01F366239010071024204E0548040E
S3250042C4805066507650D550E550F54EF8229F225E228722AD12E4F4EB0C0823466764EC3100
S3250042C4A08E6A1BAA7600FC486C01DD4B1274D46764EC318E6A1BAA7600FD486C01DD4B22B7
S3250042C4C0F553D04409267926E552905804763264A8230912A894C0086764EC318E6A1BAA2C
S3250042C4E0760100486C01DD4B763264A8A90812A8946764EC318E6A1BAA760101486C01DD3E
S3250042C5004B267D7C00019D529E4AA43D0022E922FA269A421A52AD527158D87DFFFF234B92
S3250042C5208E7DFFFF192421ED0C50901BDF610D40194017A908EC008E7DFFFF196C01F2BA83
S3250042C540A908DF06057DFFFF1910050E6C01EA1EDF021510130E4E0850F450E450D45072F1
S3250042C560506248045066507650D550E550F54EF6EC01DEEC61FEAE21EB0C08C508A9332366
S3250042C580A7C90A23466717EC318E6A1BAA7600A7486C01DD4B760064981298746764EC31A6
S3250042C5A08E6A1BAA7600A8486C01DD4BED0C086710EC318E6A1BAA7600A9486C01DD4B121B
S3250042C5C068746764EC318E6A1BAA7600AA486C01DD4B762710A8A90812A8946764EC318ECB
S3250042C5E06A1BAA7600AB486C01DD4B7DFFFF06EB10083C027C0001A752AE3C0976FFDCC882
S3250042C60023964217527D0E004E229BD60ABB5390ED10181F64007DFFFF0B230A6C01F36649
S3250042C6204AB13D045E80234B24EB7DFFFF1B2401ED0C50901BA561234B24AB90D17DFFFF4D
S3250042C6403B2431901BD361157DFFFF11241212C85440169EF440144019A908EC008E1B0043
S3250042C660027DFFFF196C01F2BAC6E1A908DF06057DFFFF1910050E6C01EA1EDF021510133C
S3250042C6800E4E0A50F450E450D45072506248043C191298440464527C0002A452AE0E00471C
S3250042C6A07DFFFF1990802410900BAA61229C040C2A7C0001BC52BD0E001F7DFFFF1C9080A0
S3250042C6C042112410900BA5611254A467647DFFFF1C90802410900BC561421C7DFFFF1C90F4
S3250042C6E0802410900BCA61401948045066507650D54EF6EB1008ED10086710EC318E6A1B3F
S3250042C700AA760065486C01DD4BED10087C054100EB10083C06760540583C173C143C091751
S3250042C720002916002AEC00BE4BB14AAB3D0D129C4421636412D07404641F52901047007DF6
S3250042C740FFFF0D5614ED1000900A7DFFFF2690B12421901C8042044016401D4019EC008E66
S3250042C76008FF2A3D84A90AD60609401076FFFE404E0A50D450725062480420203C093C6C7B
S3250042C780A02298100502220AEC31BE00545E14A0B041193C00EB61081394C0FB7500FF04FF
S3250042C7A064DEE63100005476E63100005477E63100005478E63100005479E6310000547A80
S3250042C7C048045E803C093C6A9081A022981005022204EC31BE00545EED6BBF90B01200144A
S3250042C7E065E440191294A0210464DF4A2C3C6A1298A021046423A022981005022209EC31D6
S3250042C800BE00545E1490B03C00EB6108FB7500FFF731FFFF0054764A07F7310001005479D6
S3250042C82048045E80ED01083D09100736183FA0A022981005022204EC31BE005460AB6B12B8
S3250042C840B0A02165E43C6B40191294B0210464DF3C6A1298A021046413A0229810050222F9
S3250042C86004EC31BE00545EED6B8F4A06EC318E000000480450D5EC01CE08FFA8EC01DE90C7
S3250042C880D06D0000CAF7310001005477FBAD09080023ED9508100734180F90C9AD00226DE8
S3250042C8A0190096ED810810073C3D2A180F901290A0216D6400833C6A1290A02104646FED16
S3250042C8C09D08440A403AA024983C7A1290A02110053E0464313CBA129CA02104645B3C845A
S3250042C8E02209ECA1BE3D2A141AB4139CA0809D80046446ED8D08000AEB7508EDAD080020E1
S3250042C90004103D060041220A3C09043A2C22945040EDADAF000CEC81BEB4671408B4411951
S3250042C920806170230A1294A0210464E14A0BEDADBF000CED9D08EB6108EDAD08002063803C
S3250042C940EDAD0800209200ECA18E08FE774A07F731000100547850D448045E803C06516616
S3250042C960A044981005022209EC31AE00545E1490A0ED41BF3C00FB5500FFEB410890B00400
S3250042C9800026FB6D02070024FB6D09060023F06D0902002364E4ED6D08002065804A07ED82
S3250042C9A06D08001E610092003C694016126490210464ADE63100005476506248045E802194
S3250042C9C0387650D5A9310054763C176D0900863C06A044981005022204EC31BE00545EEDD4
S3250042C9E06BDF90D004003AEDAD08002C6C018A48EDAD18002E1218043C070464246C013F71
S3250042CA00A0EBAD080030FBAD09060023FBAD02080024EDAD08002061009200ECA18E08FDD9
S3250042CA20A33C694016126490210464A53C19127C90217A00010A9674F731000100547A962C
S3250042CA4074E631000054767EA9A4006C01C88662046C01C8DC50D43A76480420ED31BF001F
S3250042CA60545E3C6A3C0990B04EFF04001F1298A0210464534019A022981005022204EC31EE
S3250042CA80BE00545EED6BBF90B00410E13C6A1298A021046432A022981005022209EC31BE70
S3250042CAA000545E1490B0EB6185A90D00267A00010AC9757EA9A400F73100010054766C018D
S3250042CAC0C8860404384A32FB0D09060023E60D000024F00D09020023046411ED0D080020ED
S3250042CAE004001A6C01C8860404134A0DED0D08001E65006C01C88662046C01C8DC4E014855
S3250042CB00042020203C0476004098EB31850052E6EC31BE0052A6E66B00401412449021047F
S3250042CB2064EE4804387650D5202020EC01DE6C018A3423466C018A2C2347124070210464A5
S3250042CB40246C018A3476FFFF587AF0000A2361ECA1AE3D49EC318E0000006C018A6C2B1070
S3250042CB600414114A0DECA18E23646C0150743D4561143C0450D43A7648045E8050D5202080
S3250042CB804EFEEC01DE90487602244808FF9604144CED00083C0904101C9048760228480847
S3250042CBA0FF82041438ED000876002098760248489E80040028ED00287A80001A28217A807B
S3250042CBC0000A04111440195101760248489E806600ED001828010401EC3C04C9A14E02503A
S3250042CBE0D4480420EC31BE0052E85066EB31B50052EC203C062264EC31BE0052A6F06B00BD
S3250042CC0001047413ED31BF0052ECC661ED318F0052EC08002767947600409840161264903F
S3250042CC20210464D14A0FED31BF0052E6ED6D08000861009200506248045E8021387650D5B7
S3250042CC40202020EC01DE4EECA9A13F1A129CA021C90866E49048B40F000408FF1F6D1401B3
S3250042CC600EA9086529760040A81294A02163E4760245480600F9760020A87A80000A129427
S3250042CC80A021EB240866E47600209876022868D708594A067602246834959048ED24085C52
S3250042CCA004EB2408B40F000608FE7723646D1400BEED2418ED0C082810760247489E806D11
S3250042CCC00000ACED2408ED0C0837012810EB10086C018A346C018A2C2347124070210464D0
S3250042CCE03D6C018A34904BB46F0008EB00B5904B3C4C7AF0000AB46F000CEB04B5904B3C1D
S3250042CD004A3C2976FFFF582361EC318E000000B46F00066C018DC82B100414534A2B904B40
S3250042CD20904A9048ED0C08EB1C08B46F000AB44F000CB40F000EED10082364EB20083D857B
S3250042CD406C0152D43D29041426ED1808ED0C18121004760246489EF4047414EDB5BFA908DA
S3250042CD60C961A408EC31BE0052A6E66B013C044E1450D43A764804202246397650D54EEE16
S3250042CD806526760040981264902163E4760245480600DC760020987A80000A12649021EBD9
S3250042CDA02008666476002058760228784A0627657602247834659048ED20085C04EB20084A
S3250042CDC0B40F000408FD5B23746D1400A2ED2018ED08082A10EB0C086C018A346C018A2C81
S3250042CDE0234D1240D02104643D6C018A34904BB46F0006EB00B5904B3C4C7AF0000AB46FCA
S3250042CE00000AEB04B5904B3C4A3C2976FFFF582371EC318E000000B46F00046C018DC82B37
S3250042CE201004144B4A2B904B904A9048ED0808EB1808B46F0008B44F000AB40F000CED0C2D
S3250042CE40082374EB1C083D856C0152D43D2904141EED1408ED0818121004760246489EF417
S3250042CE6066F42264EC31BE0052A6E66B003C044E1250D43A76480450664EFEEB0008202071
S3250042CE8020ED0008ED00186C01D3063C063C169E9422644E0250624804387650D54EF2EB52
S3250042CEA00808EB0418ED080808FFCC6D1400CCED040808FFC26D1400C2ED08087600FFA8D7
S3250042CEC0104530767F8091129CA02104641C100709041016ED0408104530767F8091129C10
S3250042CEE0A0216364100709040053ED0808ED31180074446C01D306040433ED0408ED311850
S3250042CF000074446C01D306041458ED0808EB0008A900187FA97DFF80992AA97E7F8099C93B
S3250042CF20007AFF800AED00180602A82910ED0408ED31180074446C01D306041425A9002283
S3250042CF4060187F1910410F7E7F80917AFFC00AC900ED00182810EB0008ED0008EC2C0006BC
S3250042CF600273ED08087600FFA8104530767F8091129CA02165E41007096310ED08080602FF
S3250042CF805AED0408104530767F8091129CA021046446100709041040ED3108007444EB0011
S3250042CFA008A000767F80907C007F99ED0008ED0808114708EB0008A9002392187FA97D8008
S3250042CFC000992AA91127077B3F80A0EC1EA2EC3E102B9ACA000601DFED0808EB0008A00099
S3250042CFE0767F80907C007F99768000607AFFFF1A2390EB0808ED0008100708EC3E00EB0C85
S3250042D00008ED0408EB0008A000768000D0767F80907C007F997EFF81112290EB0408ED0030
S3250042D02008100708EC3E00EB1008ED0808120C14046412F400007F23D0A1002D6010410FB7
S3250042D040C10006FEDC7A80001A7A00000AED10507E73FE001057242410900BDF610510055F
S3250042D06017EB1408ED140863907A80000AEB14083C57ED1008ED14186C01E7211A001010E3
S3250042D080170136007B000110ED14086C01E721EB1408ED140850004317EB14080417D3ED54
S3250042D0A00C08ED14186C01E721EB1408ED0808ED0402EB1808ED14087A80001A5100EB1417
S3250042D0C008ED1408120814046410ED14085000EB1408ED18084210EB1808ED14087B0040C3
S3250042D0E000EB1408ED140812081467E4ED18084010EB18087A80000AEB14087AFFFF1AED6D
S3250042D10014087EFF80112810EB1408ED140818800004005FED1008ED14186C01E7217A80CD
S3250042D120002AED1818ED082813042450009EE4ED045040119EF4121420046412ED08281223
S3250042D1402C1404642EED0C18120814046425ED14087A80001A7B008000EB1408ED140812AB
S3250042D160081467E4ED18084010EB18087A80000AEB1408ED18087600802823D3122400ED49
S3250042D18014182D6304641476FF82281208200464107AFFFF0A7EFF81004A04760080083C36
S3250042D1A001A900100707187F297B3F8090EC1E9211B10F2A29C900ED00287AFF800AEC3117
S3250042D1C0BE7FFFFF2820EB000811573890B0ED001829102A10EB0008ED00084E0E50D43A97
S3250042D1E07648042050D5202050F5EC01DEE6AD050025A1AD0008A0AD00264EFFECA1FE1121
S3250042D20011061434F411070A7E015000EBE108A4B5EDA18F6C014248DABB00EBF508EDBD1A
S3250042D22008EBF9084E01B0AD000AEBFD08E6AD04003250F450D4480450D5202050F5EC01F8
S3250042D240DEE6AD040025A1AD0008A0AD00264EFFECA1FE1111061434F411070A7E01400006
S3250042D260EBE108A4B5EDA18F6C014248DABB00EBF508EDBD08EBF9084E01E6AD03003250A3
S3250042D280F450D448045E802150D5202050F5EC01DEE6AD070025A1AD0008A0AD00264EFF99
S3250042D2A0ECA1FE1111061434F411070A7E017000EBE108A4B5EDA18F6C014248A1AD002275
S3250042D2C010570C2A01EBF5183C00EBF908A9AD00229609B0AD000AEBFD089E090409113CD9
S3250042D2E000E6AD00000AEBAD08000CEBAD08003A4E01E6AD04003250F450D448045E8021F8
S3250042D30050D550F5202020EC01FEE6ED0600254EFFA1ED0008A0ED0026ECE1DE1111061495
S3250042D32034D411070A7E016000EBA108A4F5EDE18F6C014248A1ED002210570C2A01EBB52D
S3250042D340183C00EBB908A9ED00229609EDEDBF000CED61089E894E01202020EBBD089E0906
S3250042D3603C009E999619EBED08003AE6ED04003250F450D448045E8050D5202050F5EC01F7
S3250042D380DEE6AD010025A1AD0008A0AD00264EFFECA1FE1111061434F411070A7E011000F8
S3250042D3A0EBE108A4B5EDA18F6C014248DABB00EBF508EDBD08EBF9084E01B0AD000AEBFD2B
S3250042D3C008E6AD04003250F450D4480450D550F5202020EC01FEE6ED0000254EFFA1ED00F8
S3250042D3E008A0ED0026ECE1DE1111061434D411070AEC1000EBA108A4F5EDE18F6C0142489C
S3250042D400DAFB00EBB508EDFD08EBB908EDEDBF000C4E01ED6108EBBD08E6ED04003250F462
S3250042D42050D4480450D5202050F5EC01DEE6AD020025A1AD0008A0AD00264EFFECA1FE1153
S3250042D44011061434F411070A7E012000EBE108A4B5EDA18F6C014248A1AD002210570C2A22
S3250042D46001EBF5183C00EBF908E6AD0300324E0150F450D448045E8050D5202050F5EC0103
S3250042D480DEE6AD090025A1AD0008A0AD00264EFFECA1FE1111061434F411070A7E0190006F
S3250042D4A0EBE108A4B5EDA18F6C014248DABB00EBF508EDBD08EBF9084E01A1AD000EB0ADC0
S3250042D4C0000A2A10EBFD08E6AD04003250F450D448045E8050D5202050F5EC01DEE6AD0B62
S3250042D4E00025A1AD0008A0AD00264EFFECA1FE1111061434F411070A7E01B000EBE108A4F1
S3250042D500B5EDA18F6C014248A1AD002210570C2A01EBF5183C00EBF908A9AD00226799A1B3
S3250042D520AD000EB0AD000A2A10EBFD084A0AE6AD00000AEBAD08003A4E01E6AD0400325024
S3250042D540F450D448044EFDEB0085ED00BFA06176FF00404E0348044EFDEB0085ED00BFA05E
S3250042D56061760080404E0348044EFDEB0085ED00BFA061760040404E0348044EFDEB008579
S3250042D580ED00BFA961180F494E0348044EFDEB0085ED00BFA07376FF00404E0348044EFD69
S3250042D5A0EB0085ED00BFDF73434E0348044EFDEB0085ED00BFA07576FF00404E0348044EB9
S3250042D5C0FBEB0085E60402E60600ED00BFDF040590B12410900BA9063495DF61055C0518E6
S3250042D5E0FF404E0548044EF7CA0EC50CEB0895C404EB0085A904A40CAA0EED088F7B00053E
S3250042D60059ED009F6C01D8DA4E0948044EFDEB0085ED00BFE66100ED00BFE67300ED00BFBC
S3250042D620F47500FF4E0348044EFBC404EB0085ED00BFDF6193C906A1042390101108C00687
S3250042D640ED00BF2209C9614E0548044EFBC404EB0085ED00BFDF619118FF09C008A904D679
S3250042D6600899C9087600FFA812A8946764EC318E6A1BCC760092486C01DD4BED00BFDF61ED
S3250042D68093C906ED00BFA1082390101108C0614E0548044EFDC404EB0085A9046489ED00E5
S3250042D6A0BFF56100804A07ED00BFF461FF7F4E0348044EFDC404EB0085A9046489ED00BF57
S3250042D6C0F56100404A07ED00BFF461FFBF4E0348044EFBC404EB0085ED00BFA9617DFFF01C
S3250042D6E009C006A904180F99DA0699C906ED00BFC9614E0548044EFBC404EB0085ED00BFBC
S3250042D700DF7393C906A1042390101108C006ED00BF2209C9734E0548044EFBC404EB008593
S3250042D720ED00BFA9737DFF0009C006DF0493DA0699C906ED00BFC9734E0548044EFBC40438
S3250042D740EB0085ED00BFDF7593C906A1042390101108C006ED00BF2209C9754E0548044E66
S3250042D760FBC506C404EB0085A9043DEA1294A46764EC318E6A1BCC7600DF486C01DD4BF755
S3250042D780040005DC040004641AA9045091ED00BF7DFFFF0990B12410900BA106105708C131
S3250042D7A0614A28A9045091ED00BF7DFFFF0990B12410900BA9617DFF0099DA06A9A90450DB
S3250042D7C0917DFFFF092410900BCA614E0548044EFBC506C404EB0085A50408FF803D04DFB7
S3250042D7E00451ED008F08FF753D14A506ED008F08FF6B3D243C34ED008F08FF613D153C4423
S3250042D800ED008F08FF573D253C54ED008F08FF4D3D353C64ED008F08FF433D453C74ED002D
S3250042D8208F08FF393D553C84ED008F08FDFA4E0548044EF9CA0CEB0895C506C404EB0085BD
S3250042D840A50408FF183D04A90662194A023D053C15ED008F08FF063D14AA0C3D24ED089FE9
S3250042D860ED008F0800103D05A90CED008F7B00024908FDB44E0748044EF7CA0EC50CEB0858
S3250042D88095C404EB0085A904A50CAA0E7B000549ED089F6C01D8DA4E094804EC318E20FF74
S3250042D8A08048045066507650D5EC01DE6D3400CF3C491294406D6400C63C073E167A99A527
S3250042D8C00AED311820FF807E5AA500121C046D640094524E0E008E247640162269EC006802
S3250042D8E0047428226076FFFEA0EC31BE20FF807DFFFF1A90B02410900BDF6DA300083C0753
S3250042D9009E8A040A6040193C174A023C07EC31BE20FF80509190B07DFFFF192410900BF2FE
S3250042D9206DFF00000804743D4017EC31BE20FF80229A90B07DFFFF1A2410900B7B00019A2F
S3250042D940DF6DA30008040A1D4017EC31BE20FF807DFFFF1990B02410900BF26DFF00000883
S3250042D9600464C54A00206C01C2182374EC319E20FF88ECA18E23756C01C2E023644A04FBF6
S3250042D980B3010050D4507250624804506650D550F5EC01FE7AA55A0A7EA5EE00ED311820B2
S3250042D9A0FF00121C046D6400D23C791240906D6400903C8912409004644A3C99124090FB48
S3250042D9C0F301009EF46D7400CCEC31DE20FF28EC31AE20FF27ECA1BE76FFFF98AC4F000126
S3250042D9E04019041CF73CCA1294A43CC69EF46D740091B46576FFFF68A96F00014016041998
S3250042DA00F706007FEC31DE20FF08EC31AE20FF07ECA1BE76FFFF98AC4F00014019041CF76C
S3250042DA20760020A81294A4760020689EF4047453B46576FFFF68A96F000140160419F7063D
S3250042DA400041EC31DE20FF34EC31AE20FF33ECA1BE76FFFF98AC4F00014019041CF73CBA19
S3250042DA601294A43CB69EF4047419B46576FFFF68A96F000140160419F74A08EC31DE00003A
S3250042DA80003C066C01C2182364ECA19EECE18E6C01C32E236450F450D45062480450665057
S3250042DAA0D550F5EC01FE3CC91240906D64009B3CD91240900464503CE9124090FBF3010021
S3250042DAC09EF46D7400D3EC31BE210000EC61DE1430D4ECA19E142FB476FFFFA8AC6F00011F
S3250042DAE0401A041CF73CCB12A4B43CC69EF46D740095EC21BEB46576FFFF68A96F000140D9
S3250042DB00160419F7060080EC31BE210000EC61DE1410D4ECA19E140FB476FFFFA8AC6F00B5
S3250042DB2001401A041CF7760020B812A4B4760020689EF4047451EC21BEB46576FFFF68A9B1
S3250042DB406F000140160419F74A3DEC31BE210000EC61DE1408D4ECA19E1407B476FFFFA8EF
S3250042DB60AC6F0001401A041CF73C8B12A4B43C869EF4047412EC21BEB46576FFFF68A96FE9
S3250042DB80000140160419F76C01C2182364ECA19EECE18E6C01C32E236450F450D450624837
S3250042DBA004EC31BE210000EB01B53C044804DC310002005164E4DC31000200510474F7C4B5
S3250042DBC0310200504804A90104091DDC310002005164E4DC31000200510474F7C9310200E7
S3250042DBE050A90F00010419E34804A9010409267C0001A452AE0E001CDC310002005164E4B8
S3250042DC00DC31000200510474F7C931020050A90F000160892048045066507650D550E5506D
S3250042DC20F54EEAEC008E6C01BB85E63104020051EC318E6A1B6E08FF8DED008F760020484E
S3250042DC4014108408FFA4DC310002005164E4DC31000200510474F7ED008FE6310A020050C3
S3250042DC6014308408FF823DC4DC310002005164E4DC31000200510474F7E6310A020050EC34
S3250042DC80318E6A1B6E08FF3EEC31FE0075023C067603FF787DFFFF061045027A006A0A7E3D
S3250042DCA00014002410900D4A051404D44116ECE18E76FFFF486C0273D5A9A13D3A12A490D1
S3250042DCC004641C1290A06D6400C93C1A1290A06D6401783C2A1290A06D6400DC0601723CB0
S3250042DCE04A1290A00464233C5A1290A06D740161DC310002005164E4DC310002005104742A
S3250042DD00F7E6310A020050060147EDB50804101ADC310002005164E4DC31000200510474AB
S3250042DD20F7E631300200500601273C0C04002D2209180F9910073C3CAA1294A47B003799AB
S3250042DD409EF47B0030999EE4EC04BE7DFFFF2C90B12421901BC961411C0410D36D0C00F1C5
S3250042DD607C00019C529EEC04BE0F001F421C90B07DFFFF1C2410900AA941DC310002005129
S3250042DD8064E4DC31000200510474F7C9310200500600BEEDB50804501FDC31000200516433
S3250042DDA0E4DC31000200510474F7EDB508E6312D0200503400EBB508EDB508EB2808ED2872
S3250042DDC00804101ADC310002005164E4DC31000200510474F7E631300200500600733C0EF2
S3250042DDE0ED2808040030ED28086C01ED1B3DA1EC14BE7B0030907DFFFF1E90B02410900B79
S3250042DE00C961411EED28086C01EA1E3DA1EB2808ED28080410D0040E387C00019E529EEC64
S3250042DE2014BE0F001F421E90B07DFFFF1E2410900AA941DC310002005164E4DC31000200F2
S3250042DE40510474F7C9310200504A06EDB58F08FD75126C746D64FE513C0606FE37506650DE
S3250042DE60764EFDEB000823476C0278107603FF98A63100553B1260947B00019696F4C93133
S3250042DE8000553B96E4E6310000553B6C0278247DFFFF061045027A006A0A7E0014002410F3
S3250042DEA0900BC761ED0008EB7508EC318E0075026C0270D14E035072506248043C09C931D9
S3250042DEC00054A9C9310054A83C8A2294504040193C00EC31BE0054981294A021EB6B0804D6
S3250042DEE064E8480450666C013FA023461007347D1FFF401244642126649EF426649EE4505E
S3250042DF00627B1F40449EE448045E8021A9310054A85090EC31BE0054981490B0ED618F902E
S3250042DF208004001F3C00EB61083D8AA9310054A840191294A021C9310054A89674E63100F2
S3250042DF400054A848045E8021A9310054A95090EC31BE0054981490B0ED61AF90A0760204B7
S3250042DF60489E904EFF04104DAA310054A8AC310054A9EB61853C093C8B13CCA0AA310054F9
S3250042DF80A93C199EF4401A12A4B021CA310054A99674E631000054A93C1A129CA021046485
S3250042DFA0127A00010A7EBFA0006C01C88662046C01C8DC3C044E0148045E8021506650D5BE
S3250042DFC050F56C015DC40414177A00010A7EBFA0006C01C8866D0401846C01C8DC06017D4F
S3250042DFE008FF29EC01DE90D06D000171A9310054A8AA310054A912A090210464127A000199
S3250042E0000A7EBFA0006C01C88662046C01C8DC3C40EDAD18002812100404642B3C51EDAD69
S3250042E02008002812001404641E3C61EDAD080028120014046411F0AD00010025E6AD000060
S3250042E0403C047456060082A4AD003F08FE96A9AD003E1248942104642BF73100010054AC5B
S3250042E060ECA18E08FEE26D0400F3FBAD02040024FBAD09060023EDAD08001E6D0000DE92A8
S3250042E080000600D9F7AD0001003CF73100010054ABF0AD0001002504642F3C7AA9AD0025C5
S3250042E0A01290A0210464223C9A1290A0210464193CBA1290A0213C099EF49674EC31FE001C
S3250042E0C0000022969EF4047413A9AD000A4039A0229810053E2206EDADFF000C3C00FBADEC
S3250042E0E009020023ECA18EEBAD08002C6C015D08A9B76389ECA18E6C01AA40F7310001000A
S3250042E10054AAECA1AEECA18EECE19EA4AD00321428A41434846C0138802365C4AD00246C1B
S3250042E120013FA0EBAD08002AEDAD08002AEBAD08002CA9AD0024040924FBAD09060023ECE4
S3250042E140318E0000006C015D08EDAD08001E61009200A9B76389ECA18E6C01A7A850F4507C
S3250042E160D4506248045E80214EFF6C015ADC08FD9B908004001DFB0D02070024FB0D090679
S3250042E1800023ED0D08001E6100920008FD7E90800410E34E0148044EFBC404EB0085A904AE
S3250042E1A05091C906DC040062644A023D893C09C908ED00BFED6DBF000CDF060590B1241069
S3250042E1C0900B3495DF61055C0518FF404E0548044EFBC404EB0085A9047B00014908FFB746
S3250042E1E0C406A404ED008F08FFADC408A006100708D608404E0548044EFBC404EB0085A9BD
S3250042E200047B00024908FFC8C406A404ED008F08FFBEC408A9065290DF080D4E0548044E2C
S3250042E220FDEB0085ED00BFE67500ED00BFE673004E0348044EFBC404EB0085ED00BFA97535
S3250042E240C906ED00BFAA75401AA96D000A1298A46764EC318E6A1BD476004F486C01DD4BA3
S3250042E260DC060004641FED00BFA9065091ED6DBF000C7DFFFF0990B12410900BA1041057EC
S3250042E28008C1614A37ED00BFA9065091ED6DBF000C7DFFFF0990B12410900BA961ED00BFE0
S3250042E2A07DFF0099DA04A9A9065091ED6DBF000C7DFFFF0990B12410900BCA61ED00BFF763
S3250042E2C07500014E0548044EFDC404EB0085A40408FF61DF0441ED008F08FF584E034804B2
S3250042E2E04EFBEB0408EB0085A40608FFDAED0408ED008F440408FFCF4E0548044EF9C50A53
S3250042E300C408EB0495EB0085ED00BFA90AAA6D000AD6759912A8946764EC318E6A1BD476FE
S3250042E3200079486C01DD4BED00BFED049FA508AA0AED6D8F000CA4756C01D8DAED00BFA920
S3250042E3400AD67599C9754E0748044EF7C408EB0495EB0085A9086D0900F7E60A00ED00BFE9
S3250042E360A975C90CED00BFA908AA6D000AD6759912A8946764EC318E6A1BD4760088486C31
S3250042E38001DD4BED00BFA908D67599C975A90C3D1A180199129CA4046449ED00BFA90C501B
S3250042E3A091ED6DBF000C7DFFFF0990B12410900BA961ED04BFAA61ED00BF7DFF009918FF2E
S3250042E3C0AAA90C2B9A5091ED6DBF000C7DFFFF0990B12410900BCA61F70C0001E60A01F720
S3250042E3E008FFFFA908180199D60899C908040961A90AED04BF7DFFFF0990B12410900B7B44
S3250042E4000001A9CA0AF9610808C00EA90AED04BF7DFFFF0990B12410900B7B0001A9CA0A0E
S3250042E420A96118FF99DA0E99C90EF708FFFEED00BFA90C5091ED6DBF000C7DFFFF0990B15A
S3250042E4402410900BA90EC961F70C0002A90804199F4E094804387650D54EFEEB00856C01B3
S3250042E460F39BEC31BE7FFFFFED000890B112001422466D64022CED00BFAB7BE661009AED0B
S3250042E48000BFAB7DE661009AED00BFAB7FE661009AED00BFAB6D0008E661009AED00BFABB1
S3250042E4A06D0009E661009AED00BFAB6D000AE661009AED00BFAB6D000BE661019AED00BFB1
S3250042E4C0AB6D000CFB6120009AED00BFAB6D000DE661009AED00BFAB6D000EE661009AED68
S3250042E4E000BFAB6D000FE661009AED00BFAB6D0010E661009AED00BFAB6D0011E661009AA2
S3250042E500ED00BFAB6D0012E661009AED00BFAB6D0013E661009AED00BFAB6D0014E6610025
S3250042E5209AED00BFAB6D0015E661009AED00BFAB6D0016E661009AED00BFAB6D0017E66162
S3250042E540009AED00BFAB6D0018E661009AED00BFAB6D0019E661009AED00BFAB6D001AE69A
S3250042E56061009AED00BFAB6D001BE661009AED00BFAB6D001CE661009AED00BFAB6D001DF6
S3250042E580E661009AED00BFAB6D001EE661009AED00BFAB6D001FE661009AED00BFA16D0011
S3250042E5A020180F513C105C0576001071220D6C01F39B3C009E87900B9E87760045089E9794
S3250042E5C0A9619E87900B9E97A9619E976417EC31BE0000004A06EC31BE00004536D9D961A6
S3250042E5E009C0616C01F3D1ED00BFA16D0021180F513C105C0576001071220D6C01F39B3C1B
S3250042E600009E87900B9E87760045089E97A9619E87900B9E97A9619E976417EC31BE000041
S3250042E620004A06EC31BE00004536D9D96109C0616C01F3D1ED00BFA16D0020180F513C10E0
S3250042E6405C05760010D122076C01F39B3C109E8D900B9E8D760046089E9DC7619E0D900BEC
S3250042E6609E9DC7619E1D6C01F3D1ED00BFA16D0021180F513C105C05760010D122076C0116
S3250042E680F39B3C109E8D900B9E8D760046089E9DC7619E0D900B9E9DC7619E1D6C01F3D1AB
S3250042E6A04A1EEC31DE00723EECA18E08FDA7ECA18E14228408FD9EECA18E14448408FD952F
S3250042E6C022646C01F3D14E0250D43A7648044EFD6C0278107A00000AA1310050ED7E502405
S3250042E6E00050102410900BED6108EB0008ED0008041031A9310050ECAA310050ED12A090B0
S3250042E70004641BA9310050ED4019C9310050ED760064A81294A096F4E631000050ED6C0273
S3250042E72078244A293C00EB6108A9310050ED4019C9310050ED760064A81294A096F4E631E2
S3250042E740000050ED6C027824ED000892004E0348044EF7EB00086C027810EC31BE00502489
S3250042E760A0310050ED10450190B02410EB0408ED04AFEB08A590B3A0310050EC5000240383
S3250042E78090B024101A00101210346D6400BB900AED41086D0000B2ED0018120C1404643AE9
S3250042E7A0EC61AEB44F00C890A2ED04AF3C00EB4308EB04A5ED0408120424EB04B59EF4ED1D
S3250042E7C004081200346D640080ED04AFED41086480ED00181200140464CFED0418121034D3
S3250042E7E0046466040063EC61AEB44F00C8EB0CA5ED0818ED04281220146764ED08AFEB4133
S3250042E80008ED04AF3C00EB4108ED04AFED0C088E04AB14A502ED0418121404EB04B59EF496
S3250042E820ED08AFED0C088E08AB14A502ED0818121404EB08B59EF4ED04081200346564ED89
S3250042E84004AFED41086D10FF4E90B1ED08BF90B026104440C0310050EC6C0278244E0948F8
S3250042E860047A00001AA2310050EC7E50241150202421901BED6118761000489E91041120AE
S3250042E880EB6108A9310050EC4019C9310050EC760064A81294A096F4E631000050EC3C0452
S3250042E8A048044EFDEB00086C027810A1310050EC7A00000A51107E5024002410900BED618E
S3250042E8C00865006C027824761000484A27ED0008EB6108A9310050EC4019C9310050EC76D6
S3250042E8E00064A81294A096F4E631000050EC6C0278243C044E034804ED31080050EE401006
S3250042E900EB31080050EE4804E631000050ECE631000050EDEC31BE0050243C004C63EB63D2
S3250042E92008EB31080050EE48044EF3EB0408EB0018ED0408EB0808ED0008EB0C08ED0808B9
S3250042E940EC3E02ED08181B0020EB1018041215ED0C081A0010EC3E126D110222ED0818287F
S3250042E9601006021AED0C18EC3E121A0021EB1428ED0C286D0102047A7F803A1208306D640B
S3250042E98001C61214306D7401C710C529223A6D0A01BEEC31BE7FFFFF10552990B3221C7AF8
S3250042E9A000800A290324306D0C01D090B1ED0C3813A4C07A00803A2931241362E4ED1028A2
S3250042E9C04A0F22A91B00101A000323CA1A0031239C7A80001A760019B8ED08282921EB04DB
S3250042E9E01823A9ED0C1827C97A80002A2D2128121398B034339E9204646E349512A0C01B20
S3250042EA0000135C55241004644F7600205826951B00133C1B7A80001A5D9528211390B0EB44
S3250042EA200C180464297600215826951B00133C2B7A80001A5D9528211390B0EB1418656418
S3250042EA407600225826954A2C5D754A283D013C011A0021EB14284A1E3C011A0021EB142825
S3250042EA60ED1428EB0C284A0E3C01EB0C18ED0C18EB1418ED1418044014ED0C2867926D0042
S3250042EA8000FCED0428EC3E26EB042835007A01002A1208200464457A00802A12042065E44E
S3250042EAA0ED1428ED0C282B210600453C1B3C0950006599ED0C283D033C139E922A30129C5B
S3250042EAC0B02164643C011A0021EB14287A00802A120420431A40190464D54A17ED0C28EDFA
S3250042EAE014182B122A121A00121801204440411AEB1428ED1428678222097FFFFF99180152
S3250042EB00996109610140107A01001A120410401A9EF444409EF4043A147600FF9812A49096
S3250042EB20213C009EF47600FFA89EF44A043C0A3C00EC31BE7FFFFF90B1280122A010431731
S3250042EB40ED04501A00014A36ED141812081062E4ED00084A297A7F801A120C1004641CED6E
S3250042EB600C08ED08187A80001A2D10120C147A7F800A9EF41A01009EF461F4ED04084E0D3E
S3250042EB8048045000516650D54EF5ED31180073AEEB0408ED04085001EB0408ED0408EB08F7
S3250042EBA008ED08086C01D3069604ED31080073B06D0401DEED0808ED31180073B26C01D3F7
S3250042EBC0066D24012FED0808ED31180073B46C01C90DEB0C08ED31180073B6ED0C086C01BD
S3250042EBE0DBFFEB1008ED31180073B8ED0C086C01D306045427ED1008ED31180073BA6C01F4
S3250042EC00C90D6C01F2F222466C01F3DDEB1008ED08086C01F2F26C01F3DD4A34ED10086C63
S3250042EC2001F00AED31180073BAEB1008ED10086C01DBFF90486C01E7E9ED31180073AE6C07
S3250042EC4001D3063C063C169E94ED04086C01F1FCEB0808ED31180073BAED10086C01F35264
S3250042EC60EB1008ED31180073BCED10086C01DBFFED08081B00106C01F352EB0C08ED0818B2
S3250042EC80ED04086C01F352ED0C081B00106C01C90DEB0808ED31180073BEED10086C01DB63
S3250042ECA0FFED08081B00106C01F352EB0408ED31180073B4ED0408500050016C01D30604FB
S3250042ECC03423ED0408ED31180073AE6C01D306ED31080073C0EB04089E34ED31080073B490
S3250042ECE0EB04089E44EC0068047419ED04086C01F38B4A0DED0418ED31080073B46C01F31D
S3250042ED0052EB0408ED0408ED04186C01DBFFEC31DE0054FEEB1008EDA108ED10186C01DBD6
S3250042ED20FF1402D4160029EB08080F0011EDA318ED08086C01C90DED10186C01DBFFEB0811
S3250042ED4008ED0408ED08186C01DBFFED04081B00106C01C90DEB0808ED31180073B0ED0866
S3250042ED6008500050016C01D306043423ED0808ED31180073B06C01D306ED31080073C2EB1F
S3250042ED8008089E34ED31080073B0EB08089E44ED08084E0B50D450624804506650D54EFF83
S3250042EDA0EC01DEF0B500016D7400806C01C17B3D042246ECA18E6C01C2030406273C197C98
S3250042EDC00001A61298A463E4FBB30101060064ECA18E6C01C2183D14ECA18E6C01C2AB3DB0
S3250042EDE00406004FECA18E6C01C2183D34ECA18E6C01C2AB3D04ECA18E6C0170F56C016FA0
S3250042EE00B9EC318E0053BC6C0273D53D24EC318E200000ED31080055389200EC318E6A1BE0
S3250042EE201A760074486C01DD4B4A086C01C203FBB301004E0150D450624804506650765039
S3250042EE40D550E550F54EFE7607D0A8A93100553A12A494EC01DE046416EC31BE6A1B2490CA
S3250042EE60B06C01BE413D143C546C01BE413D00ECA18E6C01C203E6B702FBA100FEE6BDFF7C
S3250042EE80ECA18E6C01C2183D24ECA18E08FF0BECA18E6C0170F5760FA0F83C7EEC31BE6A31
S3250042EEA01B38EB00B53DC7EDAD8F000876FFFF486C0273D5F0B700026764EC318E6A1B1AB2
S3250042EEC07600A9486C01DD4B7600FCA8A9A11290A06D6400AF7600FEA81290A06D64009CFD
S3250042EEE07600FFA81290A0046440760FA0A8A93100553A12A49464E4ED00086C01BE413D5D
S3250042EF0014A93100553A12F494046410A0A16C01BE413D443C546C01BE413D00ECA18E6C2C
S3250042EF2001C203FBB3010106006AF0B5000104743EECA18E6C01C17B3D042246ECA18E6C53
S3250042EF4001C2031264E004641B12647065E4ECA18E6C01BA8123644A3BECA18E6C01B96F1C
S3250042EF6023644A30ECA18E6C01B88723644A25ECA18E6C01C203FBB301004A18ECA18E080A
S3250042EF80FE184A10ECA18E6C01C203ECA18E6C01C2183D14ECA18E6C0170F506FF09387610
S3250042EFA0ED31180073C450D54EF6EB0408ED04086C01D306ED04083D073C179EA4ED3118F5
S3250042EFC00073C65000EB0808ED08085001EB0808ED0408EB0C08ED0808EB0408ED04086CCB
S3250042EFE001D3066D340113ED0408ED31180073C86C01DBFFEB0C08ED31180073CAED04081E
S3250042F0006C01D306045427ED0C08ED31180073CC6C01C90D6C01F2F222466C01F3DDEB0C3D
S3250042F02008ED04086C01F2F26C01F3DD4A34ED0C086C01F00AED31180073CCEB0C08ED0CA6
S3250042F040086C01DBFF90486C01E7E9ED31180073C46C01D3063C063C169E94ED08086C0121
S3250042F060F1FCEB0408ED31180073CEED0C086C01DBFFED04081B00106C01F352EB1008EDDF
S3250042F0800418ED08086C01F352ED10081B00106C01C90DEB0408ED31180073D0ED0C086C0D
S3250042F0A001DBFFED04081B00106C01F352EB0C08ED31180073C6ED0C08500050016C01D307
S3250042F0C006043423ED0C08ED31180073C46C01D306ED31080073D2EB0C089E34ED31080071
S3250042F0E073C6EB0C089E44180196129070216564ED0C086C01F38BEB0C08ED0C08ED0C1806
S3250042F1006C01DBFFEC31DE005506EB0808EDA108ED08186C01DBFF1402D4160029EB040805
S3250042F1200F0011EDA318ED04086C01C90DED08186C01DBFFEB0408ED0C08ED04186C01DBE6
S3250042F140FFED0C081B00106C01C90DEB0408ED31180073D4ED0408500050016C01D30604A1
S3250042F1603423ED0408ED31180073D46C01D306ED31080073D6EB04089E34ED31080073D48F
S3250042F180EB04089E44ED04084E0A50D43A7648041A00201A00011A00122C0165D17A8000FF
S3250042F1A00A2B021220044A141220003C149EF40474107A7F800AEC3E221208243C043C1403
S3250042F1C09EF448041A00201A00017A7F803A1A0012EC3E121238140474261A0010EC3E1237
S3250042F1E012381404741A1A00122C016421260234229EA04A0F7A80001A2B20120C1462648D
S3250042F2003C044A063C043C149EA248041A00201A00017A7F803A1A0012EC3E1212381465C7
S3250042F220F41A0010EC3E1212381462643C044A271A00122C016421260234229EA04A127AE7
S3250042F24080001A2B20120C143C149EF464F4EC00203C043C149EB248041A00201A00017A0E
S3250042F2607F803A1A0012EC3E121238140474261A0010EC3E1212381404741A1A00122C01FA
S3250042F2806421260234229EA04A127A80001A2B20120C1462643C044A09EC00203C043C1403
S3250042F2A09EC248041A00201A00017A7F803A1A0012EC3E1212381465F41A0010EC3E1212BB
S3250042F2C0381462643C044A241A00122C016421260234229EA04A0F7A80001A2B20120C14A2
S3250042F2E03C149EF463743C043C149ED248041A00201A00011A00122C0165D17A80000A2BAE
S3250042F30002122C044A141220003C049EF40474107A7F800AEC3E221204243C043C149EF44C
S3250042F32048041A00201A00017A7F803A1A0012EC3E1212381465F41A0010EC3E121238144E
S3250042F3406364768000484A301A00122C01042111260234229EA00422193C043C149EC24A22
S3250042F360177A80001A2B20120C143C049EF4647462523E144A023C1448044EC9EC31BE0013
S3250042F3807377EC02AE4D1A806514EC31BE007392EC38AE4D1A8065143C046C01E0C83D108B
S3250042F3A0EB3185005522EC029E6C01DE803C146C01E0C83D10EB3185005524EC389E6C019B
S3250042F3C0DE80ED318F005522760300086C01EABF3DC43C34ED318F0055226C01EABF3D00E4
S3250042F3E0ED31BF005522A96D0021C9006C01F31C2394A4006C01EFA8ED31BF005522A96D2C
S3250042F4000020C9006C01F31C2394A4006C01EFA84E3748044EFDC400ED31BF005522A96D96
S3250042F4200020C902F000000104742F6C01EFA82394ED31BF00552476281248A06110070AD6
S3250042F440220BA96B99ED31BF005524A06110070A220BEC0292C96B9A4A306C01ED8D23947F
S3250042F460ED31BF00552476281248A06110070A220BA96B99ED31BF005524A06110070A2260
S3250042F4800BEC0292EC0290C96B9A4E0348044EFDC400ED31BF005522A96D0021C902F0005B
S3250042F4A0000104742F6C01EFA82394ED31BF00552476281248A06110070A220BA96B99ED6A
S3250042F4C031BF005524A06110070A220BEC0092C96B9A4A306C01ED8D2394ED31BF00552472
S3250042F4E076281248A06110070A220BA96B99ED31BF005524A06110070A220BEC0092EC00C1
S3250042F50090C96B9A4E0348044EFFED318F0055226C01F3F04E0148044EFFC40008002067AC
S3250042F52014EC318E6A1B9E76006B486C01DD4BA400ED318F0055226C01F3F74E014804ED3C
S3250042F54031BF00552276280448A06110070A220BA96B9918020976FFFE4048049091A91911
S3250042F5600409264219ED0DBF000A529E3C040E00167DFFFF2490B050202420900AED41AF94
S3250042F58090A0120C146374401476FFFF48480450D550F54EFFEC21FE08FFC176FFFF9812E6
S3250042F5A04C94EC01DE6764EC318E6A1B90760060486C01DD4BEDAD8F0008ECE19E6C02769A
S3250042F5C02EEDA18F6C0270D14E0150F450D44804506650D54EFFEC01DEA9B93D1A12A494F0
S3250042F5E0046410EC318E6A1B9076002C486C01DD4BA9B90409273C067DFFFF16EDADBF004A
S3250042F6000A501090B02410900BEDBD8FED619F6C02762EA9B941161264940464DBEDA1BF9E
S3250042F620E66D000008EDB5BFC96D00084E0150D45062480450D550F54EFFEC01DEEC21FE8A
S3250042F64076FFFF48EDA18F6C0273D53C19124094761000489EF404742AEDAD8F00086C02F7
S3250042F660760F9080EBE108EDADBF000890B1120C146764EC318E6A1B9076003E486C01DD34
S3250042F6804B3C044E0150F450D4480450D550F54EFFEC21FE08FEC576FFFF98124C94EC011C
S3250042F6A0DE6764EC318E6A1B90760047486C01DD4BEDBD8FECE19E6C02762EEDB58F6C02AA
S3250042F6C070D14E0150F450D4480450D550F54EFFEC01DEEC21FEA9310078706599A9310077
S3250042F6E078623C049E99621976FFFF48EDB58F6C0273D53C19124094761000489EF4047440
S3250042F70026EDBD8F6C02760F9080EBE108EDBDBF90B1120C146764EC318E6A1B9076005737
S3250042F720486C01DD4B3C044E0150F450D44804387650D54EFEEB00856C01F39BEC31BE7F7D
S3250042F740FFFFED000890B112001422476D640182ED00BF760C0048A073100705220BE66B27
S3250042F760009AED00BF760C0148A073100705220BE66B009AED00BF760C0248A07310070542
S3250042F780220BFB6B01839AED00BF760C0448A073100705220BE66B009AED00BF760C054834
S3250042F7A0A073100705220BE66B009AED00BF760C0648A073100705220BE66B009AED00BF4B
S3250042F7C0760C0748A073100705220BE66B009AED00BF760C0848A073100705220BE66B009E
S3250042F7E09AED00BF760C0948A073100705220BE66B009AED00BF760C0A48A0731007052290
S3250042F8000BE66B009AED00BF760C0B48A073100705220BE66B009AED00BF760C0F48A0734A
S3250042F820100705220BE66B009AED00BF760C0E48A073100705220BE66B009AED00BFA073C2
S3250042F8401007057B0C01B0A961997DFFBF09C0619AED00BFA161180F513C105C0576001011
S3250042F860D122066C01F39B3C009E8D900B9E8D760045089E9DA9619E8D900B9E9DA9619E6E
S3250042F8809D641DEC31BE0000004A06EC31BE0000453669D96109C0616C01F3D1ED00BFA136
S3250042F8A061180F513C105C05760010D122066C01F39B3C109E8D900B9E8D760046089E9DC4
S3250042F8C0C6619E0D900B9E9DC6619E1D6C01F3D14A163C66EC31DE0071C0ECA18E08FE4F87
S3250042F8E042161415D40416F222746C01F3D14E0250D43A7648044EF5CA0EC50CEB0895C4F0
S3250042F90004EB0085A90EC910A90E629922940601A7A904AA0C1901991801AA12AC946D6489
S3250042F9200093A90C3D1A180199129CA4046453A9045091ED00BF7DFFFF0990B12410900B53
S3250042F940A9617DFF0009C012A90C5091ED08BF7DFFFF0990B12410900BDF6193DA1299C9FF
S3250042F96012A9045091ED00BF7DFFFF0990B12410900BA912C961F70C0001F7040001F70E75
S3250042F980FFFFA9045091ED00BF7DFFFF0990B1A90CED08BF24105191900890B17DFFFF0946
S3250042F9A0A10E25109009411176FFFE416C01F23DA410060103DC0C006D64008EA90450914D
S3250042F9C0ED00BF7DFFFF0990B12410900BA9617DFF0009C012A90E40195091C90EA9045079
S3250042F9E091C904A90C5091C90CA90E040947ED08BFDF0C0590B12410900BA06176FF009031
S3250042FA00ED00BFDF040590B12410900BDA1299C961ED08BFDF0C0590B12410900BA0611086
S3250042FA200708C012F70EFFFFF70C0001F7040001A90E0419B9ED00BFDF040590B124109074
S3250042FA400BA912C961A41006006EA90E40195091C90EA9045091C904A90C5091C90CA90E01
S3250042FA60040953ED08BFDF0C0590B12410900BA061ED00BFDF040511870890B12410900BE5
S3250042FA80C261F70C0001ED08AFED00BFDF040590B12410900B90A1DF0C052410900AA041DF
S3250042FAA076FF0090DA6199C961F70EFFFFF7040001A90E0419ADA4104E0B4804183F24ECBB
S3250042FAC031BE0200023C0110A5087DFFFF225166EB6118190F182A12EC31BE02001C7DFF48
S3250042FAE0FF1510550E7DFFFF112A2152922A121AA012EB311800551AEB6118239140311038
S3250042FB00573E6C01EA1E23A61803161055087DFFFF11104114EB310800551C1A3001EC313E
S3250042FB20BE020002EB310800551AEB610850623C04480420506650D53C263C00124060212A
S3250042FB40EC31DE0200044EFFEDA11804643D0414132290183F28EC041010071E10211804E6
S3250042FB60152D4A2E3C16124C602104642018030B183F2A1007161A0611102110183F2810F5
S3250042FB802118229210211E63154A073C806185EC00007DFFFF2CEC31BE02000C10A50CEC4D
S3250042FBA02A1076FF00924E017DFFFF292A20EB6108EC31BE020004EB6118ED310800551A51
S3250042FBC0EC08003D04EC31BE020002EB310800551A76002508EB610850D4506248045E803F
S3250042FBE07AFFFF1AEC31BE0200027EFFDE11ED61082810EB61087AFFFF1AEC31BE0200048B
S3250042FC007EFFF911ED61082810EB61083D043C00EC31BE02000CEB6108480450664EF8EB46
S3250042FC200408EB0018ED0408EB0808ED0838ED0008EC3E32EB0C08ED0C18ED08087A8000F4
S3250042FC401A2D10EB0808ED08082810EB08087A7F800AED0C18133804EC3E126D6400DB12FD
S3250042FC6018046D6400CA10372922093C006D0900EDEC31BE7FFFFF90B22823041322ED0C34
S3250042FC8018105729221C18FFAC6D0A00D190B1ED0C0819FF6C7A00800A290106005B2510A1
S3250042FCA010972922266D0600B57A00800A240390B028010401427A00800A259624011A00E3
S3250042FCC0036C01EC307A04001A120414656418011010073F2A1041163C21180720122014D3
S3250042FCE040209EF47A01001A10073E12041450019EF440169EF44A051A000324967C007FCA
S3250042FD00660436147600FF98126490213C009EF47600FF689EF44A043C063C00EC31BE7F50
S3250042FD20FFFF90B1280122601043171A00014A2E12081466F404031F4A241A00031208142D
S3250042FD4062E4ED00084A1A7A7F802A122804ED04089EF4667463917A7F800A1A0100ED08EF
S3250042FD60004E0850624804506650D54EFFEC01DE2346761388A8A93100553A12A494E60039
S3250042FD80016764EC31BE6A1B4C90B06C01BE413D14761388A8A93100553A12A494646490E2
S3250042FDA0D06C01BE413D14761388A8A93100553A12A4946764EC31BE6A1B6290B06C01BE0A
S3250042FDC0413D14761388A8A93100553A12A4940464103C246C01BE4123603C546C01BE411A
S3250042FDE03D00A900040916EC31DE0053BCECA18E7603E8486C0273D5A9000419F04E0150D9
S3250042FE00D4506248044EE5EC31BE00735CEC00AE4D1A8065143C246C01E0C83D10EB31858E
S3250042FE20005534EC009E6C01DE80ED31BF005534A06110070A220BB46F2812F461FFFD9A9F
S3250042FE40ED31BF005534A06110070A220BB46F2812F461FFFE9AED31BF005534A0611007DE
S3250042FE600A220BB46F2812F461FFF79AED31BF005534A06110070A220BB46F2812F461FF5B
S3250042FE80FB9AED31BF005534A06110070A220BB46F2812F461FFDF9A4E1B480450D550F587
S3250042FEA0204EFFEC21DEEC01FE6C01F39BABFBA9A1C9619AABFDA9B3C9619AABFFA9B5C96F
S3250042FEC0619AABED0008A9B7C9619AABED0009A9B9C9619AABED000AA9BBC9619AABED00F2
S3250042FEE00BA9BDC9619AABED000CA9BFC9619AABED000DA9AD0008C9619AABED000EA9ADF2
S3250042FF000009C9619AABED000FA9AD000BC9619AABED0010A9AD000CC9619AABED0011A9E0
S3250042FF20AD000DC9619AABED0012A9AD000EC9619AABED0013A9AD000FC9619AABED0014A9
S3250042FF40A9AD0010C9619AABED0015A9AD0011C9619AABED0016A9AD0012C9619AABED00E5
S3250042FF6017A9AD0013C9619AABED0018A9AD0014C9619AABED0019A9AD0015C9619AABED9F
S3250042FF80001AA9AD0016C9619AABED001BA9AD0017C9619AABED001CA9AD0018C9619AAB5A
S3250042FFA0ED001DA9AD0019C9619AABED001EA9AD001AC9619AABED001FA9AD000AC9619AF7
S3250042FFC06C01F3D14E0150F450D448044EF9EB04087600FFA8ED0408104530767F809112B4
S3250042FFE09CA02165E41007096310ED04080600F0ED0408ED31180073F46C01D3066D340014
S32500430000C49048ED04086C01E655ED31180073F66C01DBFFED31180073F86C01C90DF70099
S32500430020FFFFDC00006774F700FFFFED31180073FA6C01DBFFA900444936946C01E2DE16A0
S325004300400019EB08080F0039ED0808ED04186C01DBFFED31180073FC6C01DBFFED08186C49
S3250043006001DBFF1A0010ED31080073FC6C01F352ED08186C01DBFFED08081B00106C01C939
S325004300800DEB0808ED0808ED04186C01DBFFEB0408ED31180073FCED04086C01DBFFED08F1
S325004300A0186C01DBFF1A0010ED31080073FC6C01F352ED04186C01DBFFED04081B00106C47
S325004300C001C90D4A1BED0408ED31180073F46C01D306ED31080073F49614E6310100442507
S325004300E04E074804387622473F1950D54EFC12749021EB0008237664643C3912749021649D
S32500430100E4EC318E7FFFFF0600E76C01F39B3E19EC31BE7FFFFF12709021EB04B5234D04A8
S32500430120643A22753C105C05D931900072B604195D52701E22002209EC31BE00723E1490FC
S32500430140B090B0202020EC31BE7FFFFF90B19009130C14EB049504644006008CAA31007296
S32500430160B63C061700290E00083D115C1928A02209620940164A177DFFFF061045011043E6
S32500430180057A00000A7E723E002410EB040890B1ED040812001404644F3C105C09DA3190D1
S325004301A00072B6C9310072B604062E7C0001563C10766C00B85D05DA31900072B7C931009B
S325004301C072B73C191260942176FFCF9876FFF3989EE4D9610999C0619AED000818010063CB
S325004301E080ED048F6C01C43922D46C01F3D1ED048F4E0450D43A76480450D550F5204EFF5C
S32500430200EC21DEEC01FE6C01F39B760C00482349A0F3100705220BAAA1CA6B9A760C0148CD
S32500430220A0F3100705220BAAB3CA6B9A760C0248A0F3100705220BAAB5CA6B9A760C0448C9
S32500430240A0F3100705220BAABBCA6B9A760C0548A0F3100705220BAABDCA6B9A760C064894
S32500430260A0F3100705220BAAAD0009CA6B9A760C0748A0F3100705220BAAAD000ACA6B9A4D
S32500430280760C0848A0F3100705220BAAAD000BCA6B9A760C0948A0F3100705220BAAAD0030
S325004302A00CCA6B9A760C0A48A0F3100705220BAAAD000DCA6B9A760C0B48A0F31007052291
S325004302C00BAAAD000ECA6B9A760C0F48A0F3100705220BAAAD000FCA6B9A760C0E48A0F341
S325004302E0100705220BAAAD0010CA6B9A22946C01F3D14E0150F450D4480450664EFCEB045D
S3250043030008ED0408EB0008AB0022B0100539234618FFA018FF90041A30ED0008ED31180095
S3250043032073EA6C01D30604042AED0008ED31180073EC6C01DBFFEB0008AB0022B010053910
S3250043034018FF907C0018994A107600FFA8129CA0216364ED040806008D7600FEA8269A1259
S32500430360A460210464543C1A269A1264A02104641222607D807F9B25901005072A90C000A8
S3250043038006006076FFEAA8269A1268A0219674ED31080073EA04744E22607D807FAB2590FB
S325004303A01005077B0C00902AA9C900ED31180073EEED00086C01DBFF4A2CED0408E63102CA
S325004303C0004425ED31180073EA6C01D306ED31080073F0EB00089E54ED31080073F2EB00AE
S325004303E0089E24ED00084E0450624804506650D54EF7ED3118007424EB0008ED000850007F
S32500430400EB0408ED04085001EB0408ED0408EB0808ED08086C01D3063C069EB4043416ED55
S325004304200818ED31080074246C01AE7D6C01F38BEB04083D26ED0408ED04186C01DBFFEC83
S3250043044031DE0054C2EB0C08EDA108ED0C186C01DBFF1402D4160069EB08080F0011EDA32D
S3250043046018ED08086C01C90DED0C186C01DBFFEB0808ED0408ED08186C01DBFFED04081B27
S3250043048000106C01C90DEB080823646C01F3DDED31180074266C01D306040410ED0808EDE9
S325004304A031180074286C01C90DEB0808ED0008ED31180074266C01D3066554ED08086C01A2
S325004304C0F38BEB0808ED08084E0950D450624804F63100400200404804F431FFBF020040CA
S325004304E0F53100400200404804F431FFBF020040202020A931020040C93102004048044E48
S32500430500FFF55100103401F55100103400F451FFEF3401E60000202020A9003DAA1298A0F6
S3250043052067E4F7000001202020A9001294A00464F1F55100103401764E1F98529E764E1FAE
S32500430540180E000C3D12FB3100FF040000121024616442114CC720209081901BA973C9311F
S32500430560040000ED612810A738C231040000ED6128BE31040000ED612810A728C23104001D
S3250043058000402142400410D2160C794A87FB3100FF04000020A9513401A95134013C044EA2
S325004305A001480438764EFBEB000823466C01F39B3E19EC31BE7FFFFF12609021EB04B523BE
S325004305C04704643A22653C105C05D931900072AF04195E52601E15002209EC31BE0071C063
S325004305E01490B090B0202020EC31BE7FFFFF90B19009130C14EB0495046447060064A931E2
S325004306000072AF3C061700590E000A3D1122655C152890220A620A40164A1652601E150075
S325004306202209EC31BE0071C01490B0EB04B5202020EC31BE7FFFFFED040890B11200140426
S32500430640642022653C105C05DA31900072AFED0008180100C9310072AF6380ED048F6C01E4
S32500430660D71322746C01F3D1ED048F4E053A764804387650D54EFCEB0408ED0408EB0008B1
S32500430680A600226010053918FF90EC01DE19FF7004193CED0008ED311800740E6C01D30655
S325004306A0E6A1009E04ED04089E846D040087ED0408ED31180074106C01DBFFEB0008A60022
S325004306C0226010053918FF907C0018790600537600FF98127C9021046448ED0008ED3118CD
S325004306E00074126C01D306042429ED0008ED31180074146C01D306044411E63101004425C1
S32500430700ED310800740EE6A1004A2AED31080074144A06ED3108007412EB0008E631010038
S3250043072044257C007E777D807F96C7A17E3F0099C900ED00084E0450D43A7648044EF3EB6A
S325004307400818ED08081B00207DFFFF00EB0C08ED0C181127306C01F366EB1008ED0818111E
S3250043076027301057306C01F3667DFFFF32EB1408ED08081B00131007306C01F3661A002056
S32500430780ED0C181B00036C01F3661A00321047301A000224107A80001A2513123814EB0063
S325004307A0083D00636428213C109E91ED1018ED0050EB0418ED04287A80001A1228140464E4
S325004307C014ED00282821041122ED10187A80002A2812041216ED00287A80001A282166812F
S325004307E0ED10187A80002A281261024010ED04181097301047102421ED1450EB0418ED04B5
S32500430800084E0D480450D54EFCED3118007430EB0408EC01DEED04086C01D306042410ED71
S325004308200408ED31180074326C01D306042471ED0408EB0008AB0022B010053918FF907CCE
S32500430840007E9967C9ED3108007434EBA108ED040806006A760018A81294A02167E4ED0464
S3250043086008EBA108ED31080074340600513C8A12A890210464157600185826953C105C0572
S3250043088042103609D90209C0024A233C8526953C105C0542103609E6020029B9C9004A0EC6
S325004308A0ED04086C01F2F26C01F3DDEB0008ED0008ED0018EBA108ED04086C01F3524E04EA
S325004308C050D4480450D550F54EFFEC01DEEC21FE6C01C203E6A11076FDE858ECA18E6C01CE
S325004308E072D43D14041410ECA18E6C01C1B43D04C4E1E6B700A4B34E0150F450D4480450C6
S325004309006650D550F5EC01DEEC21FE23466C01C203E6A114ECA18E6C01C2AB236476FDE8DB
S3250043092058ECA18E6C0172D43D14041411ECA18E6C01C1DC3D04EBE108E6B700A4B350F45C
S3250043094050D45062480450D550F54EFFEC01DEEC21FE6C01C203E6A11776FDE858ECA18E01
S325004309606C0172D43D14041410ECA18E6C01C1B43D04C4E1E6B700A4B34E0150F450D4482C
S32500430980044EF7EB0418EB0808ED311800742AED04086C01D3060404589048ED08086C010E
S325004309A0E6559048ED0408B4036C01E65576007EA8A902D8009912A49021046454ED0808AB
S325004309C0ED04186C01AE7D500050016C01E3D0EB0C08ED311800742AED04086C01D3060456
S325004309E05438ED0C18ED310800742C6C01F3524A26ED0808ED311800742A6C01D306960478
S32500430A00ED310800742A9604E63101004425040425ED310800742EEB0C08ED0808ED311887
S32500430A2000742A6C01D3066554ED0C086C01F38BEB0C08ED0C084E0948041208141087007C
S32500430A403C039EF4102820516610970010281021266504747F3C039E800400787AFFFF3A50
S32500430A609E817EFFFF339E810401693E195D94126C903D013C119EF41208245CD450319ED2
S32500430A80F404011512042426209EF450219EF450219EE426209EE44A0240150435207C00B9
S32500430AA00195529E4A951204243D093C199EF4120424229126209EF41041011A00010405E6
S32500430AC01376002098265922955C0434555C042A301A003050621A000348044EFDEC0448CB
S32500430AE0EB0008047425A00110070A7B2804B0A96199EC0C90C9619AED00086700ED0008C4
S32500430B004210EB0008ED00080410F2EC0048047412A00110070A7B2805B0A96199EC009055
S32500430B20C9619AEC0248047412A00110070A7B2804B0A96199EC0090C9619AEC064804743A
S32500430B4012A00110070A7B2804B0A96199EC0E90C9619A3C144E0348042020203C491254F8
S32500430B609021656476001098129850216364E6010006005D3C491250902104643F3C891252
S32500430B8050902104641A76001098125C90213C143C049EE4E601089E74E601009E644A33D3
S32500430BA03C391240902164643C49124C902162E4E601004A03E601043C144A173C3912403B
S32500430BC09021E601000464F03C49124C90210474E73C0448041A002010672918FF913C009F
S32500430BE09E8904096518FFA176009E9826A9042940760020A81294A0213C009EF404744A3E
S32500430C00EC31BE7FFFFF90B128211097087A80001A24211A00207A80000A359528205C54A1
S32500430C206500622134114A047A80001A1A00014A191A00207A80000A282063007A80000A71
S32500430C404A087AFFFF0A7EFFFF00480410D706223A1147064EFB52A010070023191A002040
S32500430C6052907AFFFF0454267AFFFFE4EB000853A0104700451B10F70052B07AFFFF045481
S32500430C8016EB04085390100700ED00085586104730ED045052B024211057307AFFFF0454BE
S32500430CA036ED04082501ED00282B202A201801211081103D033C139E9210173F2A304E053F
S32500430CC04804ED31BF00553690B04EFF040045ED31BF005536ED61AFEB31A5005536ED752E
S32500430CE0AF90A01A001004011BEC31AE0050F01A002090A112201465E49008ED79083D2416
S32500430D0092004A05ED79089200ED31BF00553690B00410BB4E0148047A00010AED31BF0035
S32500430D2055367EECA600EB3185005536EB01B5EB310800552C4804108700120814102820F4
S32500430D40516610970010281021266504745762903C000600503C009E810401493E19126C27
S32500430D6090215C5404641512041426109EF450119EF450119EE426109EE44A0240150435F2
S32500430D80207C000195529E4A951204143D093C199EF4120414229226109EF41081011A0060
S32500430DA00234555C04506248042247397650D550E5180F672370760010E03C105C094EFF0A
S32500430DC0220D6C01F39BEC08783C009EF4900B9EF4760045089EE4AA619EF4900B9EE42218
S32500430DE0D9AA619EE428A934657DFFFF095C052206641EEC31BE0000004A06EC31BE000045
S32500430E004536D9D96109C0616C01F3D14E0150E4226450D43A76480450664EFEEB0008ED95
S32500430E2031080055269200760020A8A9310050F11294A0213C169EF404743CA9310050F1B0
S32500430E407B0001A923901045011043027A00000A7E50F20024109008EC31BE0050F0CA31A0
S32500430E600050F1EB15B53D00EB0108ED0008EB19086C01ECFC3C06ED310800552892002213
S32500430E80644E02506248041A002010672918FF913C009E8904095D18FFA176009E9826A9D5
S32500430EA0043938760020A81294A0213C009EF4047442EC31BE7FFFFF90B17A00802A292140
S32500430EC024121067081A00207A80000A359528205C5434119E901A00014A191A00207A80EF
S32500430EE0000A282065107A7FFF0A7EFFFF004A047A80000A48044EFF46676C01347E6C0140
S32500430F00F3B83D046C01DDE9EC318E23000EED310823000A6C01E4E36C0199FA6C016FAF7B
S32500430F20FB3103E800553A4E01480490831A0010909010973F0402233C01903BDF619140A2
S32500430F4013903BAA617DFF00AA24A94013900BC961401040111214240464DF48041A0010AC
S32500430F609601ED3108007446040157EC31BE01000034109EB190B212042476009D98760049
S32500430F808D989EE47A01002A1007109EE41208247A80002A1007089EF442899EF412082465
S32500430FA06564421950001204240464F61007392292401010A7175001242063517A80001A5D
S32500430FC0241048042246397650D5180F562360760010D03C105C0522076C01F39BEC086889
S32500430FE03C009EF4900B9EF4760045089EE4A9619EF4900B9EE43C009E8DA9619EE4900B21
S325004310009E8D22762A97760045089E9DC7619E0D900B9E9DC7619E1D28966C01F3D1226404
S3250043102050D43A7648044EFB90486C01E7E9ED3118007416EB0408ED04086C01D3060424CB
S325004310401FED0408ED31180074186C01D30604241EED0008ED311800741A6C01C90D4A217A
S32500431060ED0408ED311800741C6C01D30662B4ED00084A0DED0008ED311800741A6C01F3A7
S32500431080524E054804202020A9310078704EFD04192EA931007862041926EC31BE00520E2C
S325004310A090B0ED31BF00522690B1121004046410EC318E0053E076FFFF486C02734C4A0D55
S325004310C0EC31BE0072EEEB00B56C0278444E0348045E80214EFFEC318E0053E06C02732CEE
S325004310E04E0148041A00206490ED310800744806004BEC31BE01000090B112041476009D51
S32500431100981027109EE476008D989EE47A01001A1208147A80001A1007089EF442899EF423
S325004311201208146564421950001204140464F6100739229140101057175001241048044E4C
S32500431140FDEB00087A7FFF0A9E817EFFFF009E810401337A80002AED0008120020ED000822
S325004311609EF432007A80000A9EE412102032117A80001A9EE46C01ED1BED00181B002034D8
S32500431180001A00029ED14E0348041A002151662C023D067A7FFF0A9E813C169EA27EFFFF4C
S325004311A0009E810401287A80002A12002032007A80000A9EE412102032117A80001A9EE471
S325004311C06C01EA1E1A001034001A00019E865062480420204EFF6C01DAA03C044E01480467
S325004311E050660404183C161240602166643C26124C60213C249EF44A064A023D143C046C15
S3250043120001DB1850623C0448045E80214EFF6C01DBC43C044E0148044EFBEB0408ED3118AA
S3250043122000743EED04086C01D30604241CED0408ED31180074406C01D30666D4ED04086C68
S3250043124001F2F26C01F3DD4A0C9048ED04086C01E7E9ED00084E054804DF400598EC01AED4
S325004312606F051824228B2A9B1801BB041B1A5001190150421064A0DC100398480080251061
S3250043128002050080210448040200004310DC100398480080251448045066ED31080055268D
S325004312A022469200ED310800552C6500ED310800552C22649200ED310800552A6400ED31F9
S325004312C00800552A9200ED310800552892006C01F3E95062480450D54EF8EB0C08EB0818BB
S325004312E0EC01DEED0C08ED08186C01F16EEB0008ED0818ED0C086C01F123904BEB0408901C
S32500431300D062804C038066944E0850D448044EFF6C01EE6B3C017E800011120410767FFFCA
S32500431320089EF466F476800018120810768000089EF422044E0148047A00000A7DFFFF14D4
S325004313407E71400050102410900B3C115C51EB611848044EFF6C01EBB93C017EFFFF111202
S32500431360180476FFFF089EF422044E0148044EFDEB0018F6008000ED00186C01C90D4E03DC
S32500431380480450162304D300005842D3000C1013104F014804EB31080055284804EB3108FF
S325004313A0005526480448044EFDEB0008F6008000ED00084E0348043C30900BA06176080005
S325004313C0402046B348044EFF7DFFFF046C01F0C84E014804DA31940072AEC9310072AE4872
S325004313E0044EFF3C046C01F3B84E01480462942046B24A032046B348044EFF22406C01EF95
S32500431400414E014804202016000C4A7EAB13A461994804AB17C4619A48042020000021A403
S32500431420000256F046B3202020202020F0310000007820A93100781FA43100781EF731FFA6
S32500431440FF00782062742649625946B24804E6310000782006008BA43100FFED7DC00144E5
S325004314607FC001446E0402F4B5069846B3202020202020A901E60300040959F73100010009
S32500431480782046B2A43100FFED7DC020447FC020441401846E04031646B320202020202091
S325004314A0EC319E00781FED03BFA431007820A521AA03140184ED61CFEB6185EB81852A5A06
S325004314C0CA21D731AA00781E61C4045A13F731FFFF00782050A2DC24B198967546B24804B2
S325004314E050A250D5904DF49AFFFE98ED318F00786890819040260166A1ED318F00786C90CF
S3250043150081260104311DEB3145007864EB31550078662020202020ED314F007868ED315F92
S3250043152000786A080044ED3108007864040033ED318F007868908190402610041024ED3101
S325004315404F007864ED315F007866E63100007864E63100007865E63100007866E6310000C9
S32500431560786790D450D446B2480446B25085509550A550B550C53845B514985005B51A981C
S325004315805015B54C985025B554985035B57498B57298B51E98B58898B53298B53498B54EA6
S325004315A098B55698EC319E00002E4C0AB723B59E980800A2BB9E98EC319E0000424C0AB8FD
S325004315C025BB5698BB4E98BB3498BB3298BB8898BB1E98BB7298BB74985034BB54985024D0
S325004315E0BB4C985014BB1A985004BB14983A4550C450B450A45094508446B320202020209B
S3250043160020A83100781FD7318800781E04283FED318F00786890819040260166A1ED318F17
S3250043162000786C908126010431215004EB3145007864EB31550078662020202020ED314F02
S32500431640007868ED315F00786A500506FF1CE631FF007820480446B3202020202020DF31C9
S325004316601500781F1018107C001E55325544554455ED319F0078242459ED21AFB5310078A4
S325004316801EB731007822B531007821ED41BFE64300E64500AC4FFFFEEB21B590B104111082
S325004316A0DB31CC00781FEB2D950002CC3100781FAC41E64FFFFFFCF7310001007862E631F9
S325004316C0FF007820A44F0009AB4DFFFF445C90A8CC3100781EC431007821CB4146B27B00C0
S325004316E0018AEB3185007822A43100FFED7DC001447FC001446E04007B50D5904DED03082D
S32500431700F49AFFFE98908C1801DDED839FED838F9200630D448A401A52A850D4E6310000DE
S325004317207820F731FFFF007862A43100FFED7DC001447FC001446E040052A43100FFED7DFF
S32500431740C020447FC020446E040083BB31007821B831007822BB3100781E48049081EC3180
S32500431760BE000002908AED318F0078046C027384901848049081EC31BE000003908AED319D
S325004317808F0078046C02738490184804ED319F007822A92DFFF6ED318F007804ED31AF0084
S325004317A07822EC31BE0000046C0273844804908AED0F0800100400129008E34D04000E6434
S325004317C0F46C0277F0EB0D08FFFE90A84804ED319F007822140894ED218F90806110480405
S325004317E050956C0277F050947BFFFE996C02746CA82DFFF0C821480448043C14F00D1010F1
S32500431800000061643C0448047DFFFF041008107C001E552D0032551B01005C05A4109848D3
S325004318200404042BED318F00787CED319F00787E7DFFFF041008007C001E443244D3010C09
S32500431840140284D6108898129480216164480446B34A7CEC318E0078A2A40D0003040447C0
S3250043186008FFA5DC06B09846B3504636454C0320D90D450003C40D0003D90D450002C40DD0
S325004318800002967446B2504208FF969089140494ED0D8F0002A42D0001C40D001E14208403
S325004318A06C02692606FFACEC318E0078A2B50D00045042040471224908FF4D364528595090
S325004318C096504608FF5B9089140484ED2D9F0002A421ED2D9F001C904B905CF49AFFFE983D
S325004318E0F498FFFE9850B550C5FB12000298FB105E4298ED3118007884920150C450B4900D
S32500431900C590B422455042EC318E0078A20405A13645D90D550004C50D0004DA0D44000250
S32500431920C40D000206FF8AEC318E0078A2B50D000550426D040087224908FECC36452859AD
S325004319405096504608FEDA508514048408FEAB661450845042EC318E0078A24A5450849019
S3250043196089140484ED2D9F00025095A42D0006ED2D9F0004904B905CF49AFFFE98F498FF50
S32500431980FE9850B550C5ED3118007886920150C450B490C590B450845052040418EC319E85
S325004319A00078A23655D92D550005C52D00051408846C026926EC318E0078A206FF73EC31EB
S325004319C08E0078A29089A40D0004DA2D4400023644D90D440000504650426D0400C422498F
S325004319E008FE255046509608FE3714048408FE0A04141950925042DC06B09846B3364528A3
S32500431A00594C0320967446B250964A4C50925042DC06B09846B3364528594C0320D90DA5AA
S32500431A200000CA0D0000967446B25096504608FDF05085ED0D8F00021424846C0268D05001
S32500431A40849089140484ED2D9F0002A421ED2D9F001C904B905CF49AFFFE98F498FFFE98A4
S32500431A6050B550C5FB12000298FB105E4298ED3118007884920150C450B490C590B422453C
S32500431A805042EC318E0078A26605DA0D540002C50D000206FF42DA0D540004C50D000406C8
S32500431AA0FF36EC318E0078A2A40D00053644D90D440001504650426D0400B9224908FD487E
S32500431AC0DC06B09846B3364528594C0320D90DA50001CA0D0001967446B25096504608FD48
S32500431AE0405085ED0D8F0002140C846C0268D05084508514048408FD0104141650845042D4
S32500431B00EC318E0078A2DA0D440005C40D000506FFA350849089140484ED2D9F00025095E0
S32500431B20A42D0006ED2D9F0004904B905CF49AFFFE98F498FFFE9850B550C5ED31180078F5
S32500431B4086920150C450B490C590B4508450520404101408846C026926EC318E0078A2067C
S32500431B60FF53EC318E0078A2DA0D550005C50D000506FF414804DC06B09846B320202020B8
S32500431B802020A40DFFFCEC319E0078A2DA2D440003C42D0003967446B24804B50898F4065C
S32500431BA079009846F546E34617468346564606F496FA00985085509550A550B550C53845F7
S32500431BC0B514985005B51A985015B54C985025B554985035B57498B57298B51E98B5889846
S32500431BE0B53298B53498B54E98B55698EC319E00002E4C0AB723B59E9850D5904DF49AFFCB
S32500431C00FE98ED318F00786890819040260166A1ED318F00786C90812601043118EB3145D2
S32500431C20007864EB3155007866ED314F007868ED315F00786AF7310001007820F73100019A
S32500431C40007870F86E0600982209EC318E0078AA2498A00098A18A98A90D00023699D90040
S32500431C609998C90098A90D00033699D98A9998C98A9846B2A90D00023890A90D0003389188
S32500431C80ED0D080000ED0D8F000492003A8946B32020202020202898DA8A8898C88A983AF6
S32500431CA0892898DA008898C80098F731FFFF007820F731FFFF007870F031FFFF0078206D48
S32500431CC07400A7A83100781FD7318800781E6D280098E6310000782046B2ED310800781A7E
S32500431CE0920046B3202020202020A83100781FD7318800781E04582AED318F007868908196
S32500431D009040261004105DED314F007864ED315F007866EB3108007864EB31080078660657
S32500431D200042202020202046A2ED318F00786890819040260166A1ED318F00786C9081262C
S32500431D400104311DEB3145007864EB31550078662020202020ED314F007868ED315F007879
S32500431D606A06FF74E631FF007820ED3108007864040027ED318F00786890819040261004B4
S32500431D801018ED314F007864ED315F007866EB3108007864EB310800786690D49048A00D43
S32500431DA0002F7D0F2B00A908987DF0D4992A09C90D002FA00D00317DCFFF00A906987D307C
S32500431DC000992A09C90D003150D4BB9E98EC319E0000424C0AB825BB5698BB4E98BB3498D1
S32500431DE0BB3298BB8898BB1E98BB7298BB74985034BB54985024BB4C985014BB1A985004DA
S32500431E00BB14983A4550C450B450A450945084BB08982020202020204805E66E009806FD78
S32500431E207A5E805F8006FD73E66E029806FD6CE66E039806FD65E66E049806FD5EE66E054E
S32500431E409806FD57E66E069806FD50E66E079806FD49E66E089806FD42E66E099806FD3B57
S32500431E60E66E0A9806FD34E66E0B9806FD2DE66E0C9806FD26E66E0D9806FD1FE66E0E988F
S32500431E8006FD18E66E0F9806FD11E66E109806FD0AE66E119806FD03E66E129806FCFCE6E1
S32500431EA06E139806FCF5E66E149806FCEEE66E159806FCE7E66E169806FCE0E66E17980602
S32500431EC0FCD9E66E189806FCD2E66E199806FCCBE66E1A9806FCC4E66E1B9806FCBDE66E54
S32500431EE01C9806FCB6E66E1D9806FCAFE66E1E9806FCA8E66E1F9806FCA14804506650D5EA
S32500431F00ED31AF00522CA93100FFED4EFF140AA42346EC01DE379C7DC0019CEB31A500783E
S32500431F202204191DED318F007804EC31BE000003EC319E0000006C027384A93100FFED36D9
S32500431F409CED31BF0052267DC0089CE66D000016041919ED318F007804ED31AF005226EC6D
S32500431F6031BE00000AECA19E6C027384ED31BF00522E90B0ED61BF900AED61BF9009EB4179
S32500431F80B5EB7595ED31BF005226E66D020013900BED61BF90B1121C04046417ED31BF001A
S32500431FA05226A96D000F3699D931090051B3C0310051B33C00EB310800522E6C02702F2251
S32500431FC040ED31BF00520C10450290B0ED31BF005226EDADCF000CECA1AE76FFFF988E61A6
S32500431FE0AB14A50AEB75C5136094EB81B52510EB3108005230EBADB5000C046474ED31BFF0
S32500432000005226D6319600522AC96D0012ED31BF005206ED61BF90B0ED31BF0052061A00CD
S325004320202090B112201404642A900BA16D000EDF315F00522A2219126494046416ED61BFAC
S3250043204090B0ED31BF0052061A002090B1122C140464D6900AED31BF005226ED55AF90093E
S325004320601404B4EB6195EB75A5EB41B5900AEB55B56C0271FCED31BF005226A46D00164E50
S325004320800150D450624804205066228651D5A9310051B24EFF0419140600A8ED31080052AF
S325004320A03A9200A9310051B26D090097E631000051B2202020ED31BF00520490B0ED31BF57
S325004320C0005204ED61BF90B1121004046475DC06B19846B32020203C09129393ED31AF0042
S325004320E05204ED41DFEDA1BFEB41B5EB75A546B29E89EDBD08ECA18E9200DC06B19846B35F
S325004321002020203C09129393F7B9FFFFAAB9040A15ED31BF005204ED75AFEBA1B5EBB5A59B
S32500432120EB41D5EB75D546B29E89ED31BF00520490B0ED31BF005204ED61BF90B1121C04DB
S3250043214004648BA9310051B36D09FF4FED31BF00522E90B0ED31BF00523090B11208146DC9
S325004321606400A2ED31BF005226EB31B5005228ED31BF005230EB31B500522EED31BF005291
S3250043218030A93100FFED36997DC00899ED61BFEB31B500522604191CED318F007804ED317D
S325004321A0AF005226EC31BE00000CEC319E0000006C0273846616ED310800786462006C025A
S325004321C06A93ED3108005232040014ED3108005232ED318F005228ED319F0052269200ED72
S325004321E0319F005226ED318F005228A631007862E631000078621410941410846C0269E668
S32500432200C6310078624E0150D450624804A531007819D7319500780DC93100780CC5310036
S32500432220780DED319F007812AA31007814C93100780ADC23F062E4B4250600C7A521D731FD
S325004322405500780C043512C525AB2D000226B56D3500B0CB2F00013C05B4232250A523D6FD
S325004322602155C525A5252405C525F9210108DB2150C521A43100FFED7DC002447FC00244BA
S3250043228004142750A55095909AED318F007804EC31BE000000202020EC319E000000A92DBD
S325004322A000036C027384509450A4509590987B00048950A550D5904DED0308F49AFFFE986E
S325004322C0908C1801DDED839FED838F9200630D448A401A52A850D450A45094A43100FFEDB4
S325004322E07DC040447FC04044041418DF3105007819DF2D0F00037DFFFF00ED2D8F000A6C83
S3250043230002748E1401A6632A140C9406FF1FA43100FFED7DC002447FC0024461044804EDE9
S32500432320318F007804EC31BE0000016A027384ED31080078184010EB3108007818A431004A
S32500432340FFED7DC002447FC00244041426ED318F007804EC31AE000000EC319E0000002231
S325004323600AEC31BE00000544096C027384ED3108007818D9310000780E6690ED318F007817
S325004323801090806910025723ED3108007816910050D550F5ED31BF0052064EFFED61BF9011
S325004323A0B0ED31BF0052061A002090B1122014F731000100522A6D640101900BA9310052EF
S325004323C02AAA6D000E12AC946D6400EFED31AF005206ED41DFEDA1BFEB41B58E75DB16A55A
S325004323E004EDB5AF80A100EDA1BFEDB5AFEB75A5EDADBF000CED75AFEBA1B5EBB5A5EB4153
S32500432400D5EB75D5A9AD000FEDADBF000CDA31990051B390B0C9310051B3ED31BF0052305A
S32500432420A93100FFED1A002090B112182437997DC008A9E6AD0100132096F4EB310800523F
S3250043244030041A20ED318F007804EC31BE00000DECA1AEEC319E0000006C027384A931007F
S32500432460FFED36997DC20099041914EDADFF001490F065806C0277F0ECE18E6C027880EDBA
S3250043248031080052386580ED3108005238ECA18E9200ECA1BE8EBDBB14B504EBB9B5ED3159
S325004324A0BF005206ED61BF90B0ED31BF0052061A002090B1122C146D64FEFF4E0150F450BC
S325004324C0D44804204EFFEC318E0054F66C0277004E0148044214524E3C040E001FDC06B0BC
S325004324E09846B3ED31AF0078904C0420908B4C078004944C07804594967446B24084480479
S325004325004214524E3C040E0022DC06B09846B3140284ED31AF00789A4C0320908B4C058015
S3250043252004944C05804594967446B24064480422454214524C480080049440144804C401FE
S325004325404804DC06B09846B34214524E4C03204A83800094804414967446B24804ED318FAA
S3250043256000788EF00D000000246D640095ED318F00788CF00D0000000C6D6400855085148C
S325004325800C846C0268D05084ED0D8F0004B50D00005085F00D00000000046416ED318F009C
S325004325A0788E50851424846C0268D05094ED2D9F001C205084A40D0005ED0D080002ED0D34
S325004325C08F0006904A905BF49AFFFE98F498FFFE9850A550B5920050B450A490B590A450C7
S325004325E082040811ED318F00788EC40D001E1420846C026926ED318F00788C1408846C02DD
S32500432600692648043E24F701FFFFF007000004642A5085ED018F50D5904DED0308F49AFFDC
S32500432620FE98908C1801DDED839FED838F9200630D448A401A52A850D45084908990807BDB
S32500432640FFFA00900990807BFFFE009008ED018F80049080008448044804ED019F90807B3A
S32500432660FFFC009008800490800084ED2DAF0002EB0FA50002ED0F9F0008F7210001F00F3F
S325004326800000000804641CA43100FFED7DC080447FC0804466945085ED018F3C006C027436
S325004326A08E50847BFFFA8850D5904DED0308F49AFFFE98908C1801DDED839FED838F9200A4
S325004326C0630D448A401A52A850D44804A931007808614948047B00228850855095AB0D00C8
S325004326E002040B26ED018F50D5904DED0308F49AFFFE98908C1801DDED839FED838F92000E
S32500432700630D448A401A52A850D4509450841401967B0032880449C14804EB1004985005DC
S3250043272050D550E550F55065EB106C985005A00698500520449A50A646B3EB01454C042087
S32500432740ED214F50A252A95004DC10B198967546B25004ED106E9820506450F450E450D493
S325004327605004ED1006984804500492005004501420449450139018501390195013901A50CB
S3250043278013901B5013901CD79844982020209604F798000A989200F79A000798F798000755
S325004327A09850049200480490489059F49AFFFE98F498FFFE98508550956C026790509450AE
S325004327C0849095908448049048ED319F007868421926983484ED318F007864421804344600
S325004327E0524C48008028244018905AED319F00786A4219269A34A4ED31AF007866421A52B1
S325004328004C480080292446B320202020401AEC319E000000528890A5EB3195007864EB31C8
S325004328209500786646B24804506650D550E5EC01DE14088451F54EFFEC21EE6C0273D504D5
S32500432840045DDC06B19846B32020203C06126363EDA1FFEDE1BFEBA1B5EB75D546B29E8684
S32500432860ECE19EA4AD0029ECC18E1404946C01F23D46B32020202020EDBDAFECA1BEEBF58A
S32500432880A58EE1BB14B504EB41F5EBBDF546B29E86ECA18E1418846C0270D14A023D143C26
S325004328A0044E0150F450E450D4506248045E8021506650D550E5EC01DE14188451F54EFFC5
S325004328C0EC21EE6C0273D504045DDC06B19846B32020203C06126363ECA1BE1404B4ED6196
S325004328E0FFEDE1AFEB61A5EB55B546B29E86ECE18EA4AD0029ECC19E1404846C01F23D4673
S32500432900B32020202020EDB5BFEBE1D5EBF5B5EB61F5EBB5F546B29E86ECA18E1408846C6B
S325004329200270D14A023D143C044E0150F450E450D450624804202020EC01BE140AB451D542
S3250043294090B051F54EFFED0DBF000A1A002090B11210246D6400D7900BED61DF900AEDA13F
S32500432960BFEB41B5EB7508EDBDAFEDB9BFEB41B5EDB9BFEDBDAFEB75A5ECA1BE8EBDBB143F
S32500432980B504EBB9B5EDADBF000CED75AFEBA1B5EBB5A5EB41D5EB75D5A9AD000FEDADBFEC
S325004329A0000CDA31990051B390B0C9310051B3ED31BF005230A93100FFED1A002090B1122A
S325004329C01824379A7DC0089AE6AD0100132096F4EB3108005230041920ED318F007804EC79
S325004329E031BE00000DECA1AEEC319E0000006C027384A93100FFED369A7DC2009A04191497
S32500432A00EDADFF001490F065806C0277F0ECE18E6C027880ED31080052386580ED3108000A
S32500432A205238ECA18E9200E6AD0100164A06F70D000100084E0150F450D44804ED31BF002F
S32500432A4053BA4EFFED6D08000892006C0271BCED31BF005226A96D0025040918A93100535A
S32500432A609C4219C93100539C65196C0271FC3C046C0274B4ED31BF00522E90B0ED61BF90C4
S32500432A800AED61BF9009EB41B5EB7595ED31BF005226E66D020013900BED61BF90B1121C93
S32500432AA004046417ED31BF005226A96D000F3699D931090051B3C0310051B33C00EB310895
S32500432AC000522E6C02702F2240ED31BF00520C10450290B0ED31BF005226ED31AF00520A6E
S32500432AE0E66D030013ED31BF005226ED55CFA93100FFEDEB61A5EB75C537997DC00899EB49
S32500432B0081B52510EB3108005230EB55B504191CED318F007804ED31AF005226EC31BE00E4
S32500432B20000BEC319E0000006C0273846C0271FC4E01480450D5EC31BE0054224EFCED619D
S32500432B40AFEB04B5EB00A5ED0408ED00181210046D6400D0ED00DFED31080052341406D41E
S32500432B60ECA18E9200EDADBF000CED75AFEBA1B5EBB5A5EB41D5EB75D5A9AD000FEDADBF6F
S32500432B80000CDA31990051B390B0C9310051B3ED31BF005230A93100FFED1A002090B11248
S32500432BA01824379A7DC0089AE6AD0100132096F4EB3108005230041920ED318F007804EC97
S32500432BC031BE00000DECA1AEEC319E0000006C027384A93100FFED369A7DC2009A6799EDF9
S32500432BE0AD8F0014908063003C006C027880ED31080052386580ED3108005238ECA18E9235
S32500432C0000ED00BFED0408A9AD0025ED61BFEB00B5ED0018121C049619F731000100539CA0
S32500432C206D64FF304E0450D448042020A9310078704EFD04192EA931007862041926EC31DD
S32500432C40BE00520E90B0ED31BF00522690B1121004046410EC318E0053CC76FFFF486C02A5
S32500432C60734C4A0DEC31BE0072C6EB00B56C0278444E0348045E80214EFFEC318E0053CC65
S32500432C806C02732C4E0148044EFF6C0271BC7A00020A7E6EF8006C01F3817A00020A7E6F9D
S32500432CA044006C01F3797A00010A7EF06C00EB31080078767A00010A7EF0B800EB3108006E
S32500432CC078786C02702F2240ED31BF00520C10450290B02410EB31080052303C00EB310840
S32500432CE000522E6C0271FC4E014804DC06B09846B3202020202020A4310051B2041421E6BB
S32500432D00310100781EA43100FFED7DC001447FC001446514A2049808000CDC48D0983C0444
S32500432D20967446B24804ED319F0078223E19ED318F007804ED31AF007822EC31BE000004DF
S32500432D406C0273844804DC06B09846B3202020202020A8310051B262187A00000C9674466A
S32500432D60B248043C04DF31050051B364801008007C001E44324448045005B514985046EDDE
S32500432D8031080077FA4010EB31080077FAA43100FFED7DC004447FC0044404145BB50898C6
S32500432DA0F406790098F50641009846A446844674466446544644463446244614460446F5EC
S32500432DC0F408FFDE9846175085509550A550B550C5ED318F007804A9310077FAAA3100774D
S32500432DE0FBEC31BE0000066C02738450C450B450A450945084BB0898ED31080077F4504207
S32500432E00BB14989100A43100FFED7DC008447FC0084404044FA431007820685402721C3C50
S32500432E2029AA3100781E12A89421686402721CDC06B09846B3202020202020ED0D9F000A5E
S32500432E40ED211890901200116675F70D00010008967446B24804E6310200781E967446B2D9
S32500432E606A0274245085EC319E000000A90D0008908AEC31BE00000EED318F0078046C021D
S32500432E807384508406FF8EA5511000DC024098A25110007580001176FFFF482651D3310C83
S32500432EA00077FBDF310D0077FB241061644804125424616424404804A9511000DC3140002D
S32500432EC00001A1511000A4511001401422452695D3312C0077FAD3310C0077FB10231024A0
S32500432EE050616448041294146164244048042020A93100FFEDED31AF00522C3699E63102C0
S32500432F0000781E4EFF7DC00199140AA4EB31A5007822041916ED318F007804EC31BE00005A
S32500432F2003EC319E0000006C0273844E014804204EFFEC318E0000016C0263546C026FB7B8
S32500432F400414EF3C004E01EB3108007822480420DC06B19846B320203C094EFF129393AA94
S32500432F60193D1B401A12ACB0CA19046430ED31BF005204ED75AFEB01B5EB15A5EB4185EB2E
S32500432F80758546B29E89ED31BF00522C90B0040010ED318F00522C6C0257234A0446B29E29
S32500432FA0894E01E631010051B24804204EFFED01BF909290B31A00121A000312140404642F
S32500432FC03EED1908DF0D1500086C01F36624031A0002120834046427DC06B19846B3202009
S32500432FE0203C09129393902BED1DAFEB61A5F70D00010009EB1D2846B29E893C144A023C51
S32500433000044E014804E351401002FB51FFFF1001F451FFF01002E651001003E351501002C1
S32500433020E351A01002E351A41002E351441002AA51100050A550B550B450A4D751AA10000E
S32500433040AB51100050A550B5920050B450A4D751BB100026AB22B0E35140100248042020EF
S325004330604EFFA90D00104219C90D001065993C00EB0D0800126C0270D14E0148045E80211E
S3250043308050D5ED31BF005226EC01DE90B0EDADBF001290B112100464646C0273D562144A52
S325004330A0133C14F7AD00010010ED31BF005226EBADB5001250D44804DC06B09846B3202028
S325004330C020202020140284F1030000047535F7010002DF0305ED03CFE68301C083EB83959B
S325004330E0EB83A5ED0D9FFFFAEB83B51290C1219665E60D01FFFCD903CC140284DA01CCCC9C
S325004331000DFFFC967446B24804DC06B09846B3202020202020AA0D0008670AF70DFFFF00FB
S3250043312008967446B23C144904040423A53100782004551B3C19A53100781E12945521674E
S3250043314065E6310200781E967446B26A0261C8967446B23C0449042050D5ED31AF00522C5C
S32500433160A93100FFED36997DC00199140AA4EC01DEEB31A5007822041916ED318F00780456
S32500433180EC31BE000003EC319E0000006C027384EDBD08ECA18E92006C0271FC50D448043E
S325004331A02201ED0F02FFFEEB03183C11ED0150EB0318ED0110EB0318ED01182E01EB0318D2
S325004331C048043C11ED0150EB0318ED0110EB0318ED01182E01EB031848044C03E60300FB0B
S325004331E0038000E6010048047A00001A39767E54AE1151D5ED31BF0054BEED31DF0054BED8
S3250043320090B026104440220B1402D62347673B22B6EDA5082374920042160416F4ED31BF68
S3250043322000787AED79082374920050D43A7648044EFFDC06B19846B32020202020204662C3
S3250043324046826C027184967546B2ED318F0078A8468334006C02746C4E014804ED3108001E
S3250043326078009200ED318F0078A82C00EB0D08FFFE6C0274A648043C10FB31FFFF0077F252
S3250043328050057A00020A7E776200ED318F0077FE50D5904DF49AFFFE986C0272D190D45007
S325004332A0D4220B4682D731000077F262C0CB310077F2468350040200003C004A43DC06B08A
S325004332C09846B336444C0420D90144C401967446B24804DC06B09846B3202020202020DA3C
S325004332E00144C401967446B24804DC06B09846B322944C0420DA0144C401967446B24804B2
S32500433300ED31080077ECED31180077EEC0511001180F11C1511003E351501002E351A01047
S3250043332002E351A41002FB02001098F500001098E3514410024804E351401002F400FFEFD8
S32500433340984804DC06B09846B390894C0420ED218F800080ED21AFEB4D950002967446B269
S325004333604804DC06B09846B3202020202020EB2385ED0FAF0002EB25A5EB4195EB01959608
S325004333807446B24804202020DC06B19846B32020203C09EC01BE139393ED7D8F9080040012
S325004333A016ED01AFEB7DA5FB15CAFEF76DFFFF000946B29E894A0A46B29E89EC318E000084
S325004333C00048042050D5A93100FFED36997DC00899EC01DE041919A0AD0008ED318F007825
S325004333E004EC31BE00000EECA1AE90096C027384ECA18E6C02721C50D4480420ED31BF00DA
S32500433400550EC461ED31BF00550EB46390B0ED31BF00551290B11204149674ED31BF005559
S3250043342010EB310800550E2096F4EB31B500550E4804202050D5A931007820EC01DE045983
S325004334401F3C1AA93100781E12A4940464126C0271BCEDBD08ECA18E92006C0271FC4A0457
S325004334606C02721C50D44804DC06B19846B32020203C0A12A3A3ED1908EB2108ED1508EB5E
S325004334803508AB0D0008CB39AB0D0009CB3B46B29E8A48044804ED0308040015508550D558
S325004334A0904DF49AFFFE98920090D450D450844A6548043C0048044A7E904890592020ED9C
S325004334C0314F007880ED315F007882508550956C0275435094508490959084480420202037
S325004334E0EC019E4EFFEC31BE000009EC31AE007316ED318F0078046C0273846C0278784E39
S325004335000148042022404EFFED318F007804EC31BE000009EC31AE00733A90096C027384C3
S325004335204E014804DC06B19846B3ED31180077F82020202020466246829201468396754621
S32500433540B2480420DC06B19846B32020203C04124343480446B2480446B29E84480450045E
S32500433560FB6E0004986A025E67ED318F0077F66C0277624804202020ED31BF00787A4EFFA3
S32500433580EC069EED048FED610892004E014804ED318F0078026C0277624A74F731000100FA
S325004335A078204804ED31080077FA48044EFF6C0278104A7EEB0D08FFFE480476520548484A
S325004335C00420202048042020000002E000029C089048F49AFFFE989059F498FFFE98508550
S325004335E050956C0278877C5205440414FDA05138047C8050006510762CB098C9511C004AAC
S325004336002EA9511C00E3224498C9511C00A9511C00DC2200980464F5762CB098E322409836
S32500433620C9511C00A9511C00DC2200980474F5A83100FFECC83100FFED2020202020EC318C
S325004336409E00FF3CAA23040A17421A52ACF9239008DF23152A10900BAA234800CA634A646C
S325004336602020202020EC319E000060E6310100FFEE6C029E846C027528FB9203FF98FB94F0
S3250043368003FF98FB02FFFF98FB8CFFFF986C025AC46C029D206C026E0050945084908490A8
S325004336A09548049048F49AFFFE989059F498FFFE98508550956C0276036C0275CCE631FF75
S325004336C0007814E63102007808ED318F0078066C02699846B26C0256F06C026F54509450D1
S325004336E08490849095480420ED31BF0053BAA973ED31BF0053BAC93100539EA961ED31BF96
S325004337000053BAC9310053A4A975ED31BF0053BAC9310053A2A977ED31BF0053BAC9310067
S3250043372053A3ED6D08000AED31BF0053BAEB3108005232ED7908ED31BF0053BAEB310800D0
S325004337405234ED7D08ED31BF0053BAEB3108005236ED6D08000CEB31080052387A00020AF0
S325004337607E701200EB310800523A48044EFFEC318E013C4A368F040F29AA03040A24F903A9
S325004337808808431ADF031553AC10113818FF11900E639148008007144A5F48008007149AE1
S325004337A04A57EC318E000060908E6C029C08EC31EE00FFE236EF040F1AEDC308040014CE08
S325004337C000EC31EE0000609200EC31EE00FFE2AE004A66EC31EE0000604E01480446B3E674
S325004337E0000098E68A0098EC314E005A3C78563C02F406F91F98F506410098F496FA009839
S32500433800F5968000984656461746066C0261C66C027890EC318E0000609089908A908B9083
S325004338208C908D908E908F908790866C029DA4EC31AE007B0EA4431401A4ED438FED439FFB
S325004338406C01EEDA6C029CDB6A02785BEC31BE005432ED61AF90B190A31A000312001404AD
S325004338606447903A903BA94D000EED7DBF3C1A12A89404641B903A4229529EED4D28000ADA
S325004338804A8B90B0FB75BEEF2520EB6108ED61BF3C00FB75BEEFEB6108903BED61BF90B33F
S325004338A01A0003120C140464B948042048042020000000A20001FE7803F80000563CBEEF04
S325004338C000F80000553CFEEB000800007B16FFFF004000007A26FFFF02E200005A3CBEEF91
S325004338E001E200005D3CFEEB00E20000693CBEEF00E200006A3CFEEB00E200006D3CBEEF3D
S3250043390000E200006E3CFEEB01E200005F3CBEEF01E20000613CFEEB01E20000633CBEEF26
S3250043392000E20000653CFEEB01E20000663CBEEF00E20000683CFEEB00E200006F3CBEEFF7
S3250043394000E20000703CFEEB0040006A1E40FFFF2000006A2000FFFF000000000088000170
S32500433960FF1C00016BB000016B9000016D8200016C1900016C1000016C0700016BF5000102
S325004339806BFE00016BF500016BEC00016CD500016D8200016D7C00016D7400016C940001BC
S325004339A06D6C00016C7400016D640001647E0001630A0001633000016553000162E500014B
S325004339C062C9000161990001654D0001962B0001966000019671000196AB00019700000129
S325004339E097210001973B000196250000000C0001FFC400029A4B0002961B000000000000CD
S32500433A0000060001FFD8DBEFDBEF000000001A3000027894000200552000447A000000025C
S32500433A2000551E00447A00000002005532000000C35000020077D800000076B4000200777C
S32500433A40DA00000077B50008007B2E00000277AC000277D000027878000276C8000100784D
S32500433A60880000000012007AFC000000543200005432ABC6DEAD0000FA0000000086000065
S32500433A8000860000FA00000A000AFFFFDEAD000200FFE800000265FB0001007AA200000C4C
S32500433AA0000C007AA4000001DEAD0000796A101000000000DEAD0000000000000000003247
S32500433AC000796A000008DEAD00000000000000000008DEAD000054DE000079940000DEADCA
S32500433AE0000000000000798E000275B600000001000078A20000000000000000000000002E
S32500433B000008DEAD000054DE0000797C0001DEAD000000000000797600027890000000001D
S32500433B20000000000000000000060054DE0000007B160008DEAD000054DE000C007AB00078
S32500433B400002DEAD0000799C1010DEAD000000000000000000000000003200799C00004048
S32500433B60DEAD00000000000000000040DEAD000054E4000079C60000DEAD000000000000A4
S32500433B8079C00002789000000000000000000000000000000000000000000040DEAD0000CE
S32500433BA054E4000079AE0001DEAD00000000000079A8000275B600000002000078A3000066
S32500433BC0000000060054E40000007A260040DEAD000054E400060078C200000278350010BC
S32500433BE000000000FFE800060078C800000194920000000000000000000600791000000198
S32500433C009620000000020000000000060079160000013363000000040000000000060079F4
S32500433C2040000002972A0000020000000000000600794600000299E60000040000000000EC
S32500433C400014007A6600FFFFDEAD0000783C0020DEAD000000000000000000016FC300000C
S32500433C60000000000000FFFFDEAD000079D000080079CE00000000000000000000000000DA
S32500433C80800000000014007A7A00FFFFDEAD000078280001DEAD000000000000000000029C
S32500433CA063540000000000000000FFFFDEAD000079D800080079D6000000000000000000D3
S32500433CC000000000800000000014007A8E00FFFFDEAD0000782C0002DEAD00000000000045
S32500433CE000000001272C0000000000000000FFFFDEAD000079E000080079DE0000000000E6
S32500433D00000000000000000080000000002C00758000000075AC00005422ABC2DEAD00002A
S32500433D207586000075860000758A0000758A0000758E0000758E000051D000030008000014
S32500433D405D1E00000000000079E80000DEAD00005A3C00005D3C03000200FFFFDEAD0000F6
S32500433D600000000000000000000100080079E6000000000000000000000000008000000012
S32500433D80001E005D1E005F1F41000000000000000000000000026A3471FC095FDEAD000082
S32500433DA0544200005452000150620000000000000000000000000000000000000000DEAD40
S32500433DC06D08001E005F1E0000000000000000000000000000006A34000200020001DEAD5C
S32500433DE000000000000000000000000000000000000000000000000000000000000000007A
S32500433E00DEAD0002002C0075AC00000075D800007580ABC2DEAD000075B2000075B20000F7
S32500433E2075B6000075B6000075BA000075BA000051C40000000100006A1E000000000000E7
S32500433E4079F00000DEAD0000693C00006A3C01000100FFFFDEAD000000000000000000004F
S32500433E60000100080079EE0000000000000000000000000080000000001E006A1E006B1FD9
S32500433E8041000000000000000000000000026A3471FC785BDEAD000000000000000000002D
S32500433EA000000000000000000000000000000000000000000000DEAD6D08001E006B1E0012
S32500433EC000000000000000000000000000006A34000200020002DEAD00000000000000006A
S32500433EE0000000000000000000000000000000000000000000000000DEAD0002002C00754B
S32500433F00D80000007604000075ACABC2DEAD000075DE000075DE000075E2000075E2000099
S32500433F2075E6000075E6000051D40004001000006E1E00000000000079F80000DEAD0000C1
S32500433F406D3C00006E3C01000100FFFFDEAD00000000000000000000000100080079F600C2
S32500433F6000000000000000000000000080000000001E006E1E006F1F4100000000000000FF
S32500433F800000000000026A3471FCCE1FDEAD000150320000000000000000000000000000D0
S32500433FA00000000000000000000000000000DEAD6D08001E006F1E0000000000000000000D
S32500433FC00000000000006A34000200020001DEAD000000000000000000000000000000006A
S32500433FE000000000000000000000000000000000DEAD0002002C007604000000763000009F
S3250043400075D8ABC2DEAD0000760A0000760A0000760E0000760E00007612000076120000FA
S3250043402051F8000D20000000611E0000000000007A000000DEAD00005F3C0000613C020003
S325004340400200FFFFDEAD00000000000000000000000100080079FE0000000000000000000C
S325004340600000000080000000001E00611E00631F41000000000000000000000000026A3477
S3250043408071FC269DDEAD00000000000000000000000000000000000000000000000000001C
S325004340A0000000000000DEAD6D08001E00631E0000000000000000000000000000006A347A
S325004340C0000200020001DEAD00000000000000000000000000000000000000000000000007
S325004340E00000000000000000DEAD0002002C007630000000765C00007604ABC2DEAD0000D4
S325004341007636000076360000763A0000763A0000763E0000763E000051D4000400100000FD
S32500434120651E0000000000007A080000DEAD0000633C0000653C02000100FFFFDEAD0000DA
S32500434140000000000000000000010008007A0600000000000000000000000000800000000D
S32500434160001E00651E00661F41000000000000000000000000026A3471FC907ADEAD0001EC
S32500434180504E00005452000150700000000000000000000000000000000000000000DEAD46
S325004341A06D08001E00661E0000000000000000000000000000006A34000200020001DEAD71
S325004341C0000000000000000000000000000000000000000000000000000000000000000096
S325004341E0DEAD0002002C00765C000000768800007630ABC2DEAD000076620000766200009F
S325004342007666000076660000766A0000766A000051D4000400100000681E0000000000001E
S325004342207A100000DEAD0000663C0000683C02000100FFFFDEAD000000000000000000004E
S3250043424000010008007A0E0000000000000000000000000080000000001E00681E00691FD8
S3250043426041000000000000000000000000026A3471FC696FDEAD000150400000544200001D
S3250043428000000000000000000000000000000000000000000000DEAD6D08001E00691E0030
S325004342A000000000000000000000000000006A34000200020001DEAD000000000000000087
S325004342C0000000000000000000000000000000000000000000000000DEAD0002002C007666
S325004342E08800000054220000765CABC2DEAD0000768E0000768E0000769200007692000095
S32500434300769600007696000051C8000100020000701E0000000000007A180000DEAD000075
S325004343206F3C0000703C01000100FFFFDEAD0000000000000000000000010008007A1600B9
S3250043434000000000000000000000000080000000001E00701E00711F410000000000000017
S325004343600000000000026A3471FCBBFBDEAD006A20000000200000000000000000000000FC
S325004343800000000000000000000000000000DEAD6D08001E00711E00000000000000000027
S325004343A00000000000006A34000200020001DEAD0000000000000000000000000000000086
S325004343C000000000000000000000000000000000DEAD00020002007B2600000274FC0002F0
S325004343E0007B1E00000274FC0002007B280000025B1F0002007B200000025B1F0002007BB2
S325004344002A00000268290002007B220000026829000A007AE8000000000000000000006A8E
S325004344201E40003FDEAD006A1E40000A007AF200006A400000000000006A20001FFFDEADF0
S32500434440006A2000001600744C00000074620000541AABC0DEAD0000000000000000000079
S32500434460DEAD00026C040000DEAD0000745C0000745C0000000000160074620000007478F3
S325004344800000744CABC0DEAD00000000000000000000DEAD00026C040000DEAD00007472AF
S325004344A000007472000000000016007478000000748E00007462ABC0DEAD000000000000FD
S325004344C000000000DEAD00026C040000DEAD000074880000748800000000001600748E00FB
S325004344E0000074A400007478ABC0DEAD00000000000000000000DEAD00026C040000DEADF1
S325004345000000749E0000749E0000000000160074A400000074BA0000748EABC0DEAD0000DA
S325004345200000000000000000DEAD00026C040000DEAD000074B4000074B400000000001644
S325004345400074BA00000074D0000074A4ABC0DEAD00000000000000000000DEAD00026C0495
S325004345600000DEAD000074CA000074CA0000000000160074D000000074E6000074BAABC09E
S32500434580DEAD00000000000000000000DEAD00026C040000DEAD000074E0000074E0000017
S325004345A0000000160074E600000074FC000074D0ABC0DEAD00000000000000000000DEAD0D
S325004345C000026C040000DEAD000074F6000074F60000000000160074FC00000075120000B4
S325004345E074E6ABC0DEAD00000000000000000000DEAD00026C040000DEAD0000750C000019
S32500434600750C0000000000160075120000007528000074FCABC0DEAD000000000000000030
S325004346200000DEAD00026C040000DEAD0000752200007522000000000016007528000000C8
S32500434640753E00007512ABC0DEAD00000000000000000000DEAD00026C040000DEAD000059
S3250043466075380000753800000000001600753E000000755400007528ABC0DEAD0000000072
S32500434680000000000000DEAD00026C040000DEAD0000754E0000754E000000000016007538
S325004346A054000000756A0000753EABC0DEAD00000000000000000000DEAD00026C040000D8
S325004346C0DEAD000075640000756400000000001600756A000000541A00007554ABC0DEAD32
S325004346E000000000000000000000DEAD00026C040001DEAD0000757A0000757A000000000A
S325004347000034015082000000542600005426ABC3DEAD00015088000150880000FFD20000D9
S32500434720FFDA00000000000000000000DEAD00026C040000DEAD0001509A0001509A0000F9
S32500434740000000000000000000000000DEAD00026C040002DEAD000150AA000150AA000090
S325004347600000FFFF00040002DEAD00000000000200FFD4000001508C000200FFD2000000DC
S32500434780FFDA000200FFDC000000FFD2000200FFDA000001508C0004007ABC0000007ABC21
S325004347A000007ABC0004007AC00000007AC000007AC00004007AC40000007AC400007AC40A
S325004347C00004007AC80000007AC800007AC80004007ACC0000007ACC00007ACC0004007A72
S325004347E0D00000007AD000007AD00014007AD40000000000000000000000DEAD00026C04AD
S325004348000001DEAD00007ADE00007ADE0000000000000000000000000008007A1E00000073
S325004348200000000000000000000080000000001C00541A000000744C0000756A0000541E14
S325004348400000541E000075800000768800015082000150820000542A0000542A0000542E86
S325004348600000542E00007AFC00007AFC000200FFEA000000000000100053AC00FFFF000188
S32500434880020001000002789000027890000278900000000000000000000053AC0002007B32
S325004348A02C00000000000002007B240000000000000100788A00000000AC0077DC000000E0
S325004348C0DEAD00003E8000030D4000000001000000040000000100030D400000DEAD000015
S325004348E0C34F000000030000C3500000DEAD0002782A0000FFE8000271840000000000003A
S32500434900DEAD00007B260002778500007B1E00007AE80000796A0002DEAD0000FFFF0000BB
S3250043492000003FFFDEAD0000000000000060FFFFDEAD00026A73000000000002592200021E
S32500434940583600010000000000000000DEAD000078260000000000007826000000000000B8
S32500434960782A000000000000782E000000000000783200000000000078360000000000004E
S32500434980783A000000000000783E00000000000078420000000000007846000000000000EE
S325004349A0784A000000000000784E000000000000785200000000000078560000000000008E
S325004349C0785A000000000000785E0000DEAD000000000000000000005A3C0000563C000033
S325004349E0563C0000553C000000000000000000000000000278900002789000007B2E00008E
S32500434A007AA200007ABC00006A1E00006B1E00029B8A00029BCA00010051B2000000005008
S32500434A200051B400000051B4000051B4000051B8000051B8000051BC000051BC000051C0E1
S32500434A40000051C0000051C4000051C4000051C8000051C8000051CC000051CC000051D045
S32500434A60000051D0000051D4000051D4000051D8000051D8000051DC000051DC000051E0A5
S32500434A80000051E0000051E4000051E4000051E8000051E8000051EC000051EC000051F005
S32500434AA0000051F0000051F4000051F4000051F8000051F8000051FC000051FC0000520064
S32500434AC000005200000200520400000051B4000200520600000051B800020052080000001F
S32500434AE051BC000200520A00000051C0000200520C00000051C400010051B3000000000275
S32500434B00005226000000520E00020052280000000000000100522A000000000200522E00F9
S32500434B20000052040002005230000000000000020052320000000000000200523400000044
S32500434B4000000002005236000000000000020052380000000000008000713C0000000000C9
S32500434B600000000300000000000000010000000200000003000000040000000500000006D4
S32500434B800000000700000008000000090000000A0000000B0000000C0000000F0000001074
S32500434BA0000000110000001200000013000000140000001500000016000000170000001808
S32500434BC0000000190000001A0000001B0000001C0000001D0000001E0000001F00000000C8
S32500434BE000000001000000020000000400000008000000100000002000000040000000806D
S32500434C0000000100000002000000040000000800000010000000200000004000000080004C
S32500434C2000010000000200000004000000080000001000000020000000400000008000002C
S32500434C4001000000020000000400000008000000100000002000000040000000007E00719D
S32500434C60C000001200000E000E030E020C000C010C020C030C040C050C060C070C080C0945
S32500434C800C0A0C0B0C0F0C0E0C0C0C0D000900010E000E030E020C200C210C220C230C2419
S32500434CA00C250C260C270C280C290C2A0C2B0C2F0C2E0C2C0C2D001400020E000E030E0214
S32500434CC00C400C410C420C430C440C450C460C470C480C490C4A0C4B0C4F0C4E0C4C0C4D53
S32500434CE0001500030E000E030E020C600C610C620C630C640C650C660C670C680C690C6A49
S32500434D000C6B0C6F0C6E0C6C0C6D000E00040E000E030E020C800C810C820C830C840C8555
S32500434D200C860C870C880C890C8A0C8B0C8F0C8E0C8C0C8D000F00050E000E030E020CA05A
S32500434D400CA10CA20CA30CA40CA50CA60CA70CA80CA90CAA0CAB0CAF0CAE0CAC0CAD006A14
S32500434D6000523C000434000031333934F064A00200B02A0000000000000900000300B02A9D
S32500434D8081000012170000018100001504000001810000190C0083C0D8000002D1000003ED
S32500434DA000010000D1000001000700001200B02A1300000081000015210000018100001A7E
S32500434DC017000002810000110004000000000000000000004F7273797300000000050000B6
S32500434DE00000000000000000554331333934612D310000000004000000000000000000003E
S32500434E0030312E30302E3030000600000000000000000000554331333934612067656E653D
S32500434E207269630000040000000000000000000030312E30302E3030006600723E00000054
S32500434E402801280028032802280528042807280628092808280B280A280D280C280E280F11
S32500434E602813281428172818281B281C28102811281528162819281A281D281E2812001127
S32500434E80000500012C012C002C032C022C052C042C072C062C092C082C0B2C0A2C0D2C0C00
S32500434EA02C0E2C0F2C132C142C172C182C1B2C1C2C102C112C152C162C192C1A2C1D2C1E85
S32500434EC02C120007000600023001300030033002300530043007300630093008300B300ABA
S32500434EE0300D300C300E300F3013301430173018301B301C30103011301530163019301A27
S32500434F00301D301E3012000D000C000E01503200000000000000000000000000FFFF0002C1
S32500434F20000074520021000000014F74000E01504000000000000000000000000001FFFFDF
S32500434F400002000074680010000000014F85000E01504E0000000000000000000000000296
S32500434F60FFFF0002000074C00128000000014F8D000601505C0000015032000150400001E6
S32500434F80504E000E0150620000000000000000000000FFFEFFFF0002000074940010000054
S32500434FA000015021000E0150700000000000000000000000FFFDFFFF0002000075440010A2
S32500434FC0000000015029000401507E00000150620001507000140053CC0000000000000094
S32500434FE000000000000000026C0400010000000053D6000053D600000000000000000000A3
S32500435000000000140053E00000000000000000000000000000026C0400010000000053EA50
S32500435020000053EA000000000000000000000000000100539C000000000100539D00000009
S32500435040000E00539E0000000000000000000000000000000000000000000000744A000149
S32500435060000100100053BC0000000000000000000000000000026C0400000000000053C63C
S32500435080000053C600000000000400543E00004000000055000A000C00544200000074D68D
S325004350A0000074EC0002000000007AC800007AC40000543E000400544E00006A1BDC006AC2
S325004350C01CA6000C00545200000075180000752E0002000000007AD000007ACC0000544EAF
S325004350E0001000440200000100010001000000010001000100010000000100000001000008
S325004351000000000000000010004412000001000100000000000100010000000000000001DB
S3250043512000000000000000000000000000220072A4000000000000000000000000000000EE
S32500435140000000000000000000000000000000000000000000000000000000000000000006
S3250043516000000000000000000000000000000000000000000000000200442600000000007A
S32500435180000200442800000000000001004887000000000C0049900000050700060005404C
S325004351A004000001000105400400000000989680000100499E00000000190021FA00003F4E
S325004351C0000500070008000A000D0010001200150018001A001D0020002300250028002B1A
S325004351E0002E0030003300360039003B003E003F0001002213000000000100547C000000A7
S32500435200001000547D00000000000000000000000000000000000000000000000000000064
S325004352200000000000000001005494000000001600788C000000796A0000799C0000789220
S32500435240FFFFFFFFFFFFFFFFFFFFFFFFFFFFFFFF0000789C00000000000000008000000081
S3250043526000020077CE000000000000020055140000000000000200551600000000000001C5
S32500435280005518000000000100551900000000010054EC00000000020054EE000000000064
S325004352A000010054ED00000000010054F000000000020054F2000000000000100054C200B0
S325004352C03B3BD74ABC846E023D2FC1FEBD9A31743DDA3D83BE117FC73E4CBBE5BEAAAA6C83
S325004352E0000200550E0000006B3C00020055100000006B3C00020055120000006D3B000832
S325004353000054F6000000000000000000000000000002665C00080054FE00362E9C5BB94F79
S32500435320B2223C08873EBE2AAAA4000800550600362E9C5BB94FB2223C08873EBE2AAAA438
S32500435340000700543600000000000000000000000000000000020054BE00000054AE00025B
S325004353600054C000000054BE0002005526000001F3890002005528000001F3890002005571
S325004353802A0000000000000200552C000000000000020053F4001804122100010054180012
S325004353A0000000020054D2001804122100010054D800000000060078A200000000000000E0
S325004353C000000000000000010050F000123400010050F1000000000100553A00000000012A
S325004353E000553B0000000003004EB40000100008000400020078A80000007A2000020052A3
S325004354002C0000007A7A000200553600000000000002005538000041FD0000010049A000DF
S32500435420000000010032940000000001005530000000000100329300008000010044250026
S325004354400000000000000942000292C450D550F54EF7ED310800743C6C029B60ED31BF0095
S3250043546077CAEB04B5ED04BFA9310077D4ED75BFEB08B541197DFFFE99ED04BF7DFFFF19AF
S3250043548090B22421ED31BF0077C8EB041890B2ED0418121C24046423ED31BF0077DAEB31A7
S325004354A0B50077CAED31BF0077D8EB31B50077C8EC31BE000000EB04B54A3BED31BF007719
S325004354C0DAED041890B212102463E4ED04BFA9616499ED31BF0077D8EB04B5ED04BFEB317E
S325004354E0B50077CAED04BFA9619629EC31BE000000EB04B59EA9ED04BFED31DF0055163CDA
S3250043550001EB31B50077CEED31BF005514EB3118005516EB0CB5EB31180055146C029BAC48
S3250043552090D0040023EDB908EB0008EDBDFFECA18E3D00EBB908EBBD08ED00083D44920095
S32500435540ECE1DE90D00410DDED0CBF90B0040048ED0CBFED7508ED0CBFEB0008ED79DFEDC3
S325004355600CBF3C00EB7508ED0CBFEB7908ED0C18ED0808121C049674EC31BE000000ED0C31
S325004355808FED00083D44EB08B59EF49200EB0CD5ED0CBF90B00410B8ED08BF90B004004029
S325004355A0ED08083D1112001404643CED08BFED7508040023ED08BFED7508ED08BFEB000883
S325004355C03D00EB7508ED08BFEB7908ED088FED00083D2492004A10F73100010055194A070F
S325004355E0F7310001005518ED04BF90B0040030ED04BFEB31B50077D2ED04BF7A00020AECBC
S32500435600318E0077D07E92C400A961C9310077D4EB31080077D66C02995E618408FE2D4EDC
S325004356200950F450D44804506650D54EF5EB0C08C408EB0495EB0085E614006C029B25A9B6
S32500435640081248943E349EF46D74014FED00BF90B03D11120014046419ED00BFED75083EA1
S32500435660249E906D100134ED00BFED0C08EB75084A22ED04BFED61BFEB10B5ED10BFED79CD
S3250043568008040010ED10BFED7DBF90B03E249E906D100107F73100010077CCA9087B0004CF
S325004356A0697B0001967DFFFE496C029816EC01DE90D0040018ED00BF90B0EBB508ED049FDC
S325004356C08A08841C046C01F23DC6A14A3FED0C08040039ED00BF90B03D11120014046417A2
S325004356E0ED00BFED31AF005514EB79A5ED00BFEB31B50055144A15ED10BFED31AF0055163D
S32500435700EB7DA5ED10BFEB31B5005516ED31BF0077CE90B004106DF03100010077CC04747B
S3250043572063ED31BF0077DA90B0ED31BF0077CA90B112100404644DED31BF0077CAEB31B526
S325004357400077CEED31BF0077CAEB31B50077D2ED31BF0077CA7A00020A7E92C400EC318E60
S325004357600077D0A961C9310077D4EB31080077D66C02995E2249C41465096C0292C4EC31E2
S32500435780DE000000A914F731FFFF0077CC3E349E99641990D03C143C049E804E0B50D450BB
S325004357A0624804EC31BE0077B690B04EFB1A0020EC31BE0077C890B1122814760400A80458
S325004357C06418900BE6630090B0EC31BE0077C81A002090B11224140464E8E631FE0077BA6B
S325004357E06C029BE63C3C3C1B7A00000A7E77B600EB0008A902C904ED0008440918FF997E98
S32500435800A00099C906A904C95D9AA906C95F9A6C029C01A94199182099129CB496F4E631F7
S32500435820010077C664F422C97C0001C90419B976004E48E64B019A6C029C0176004F48F0A2
S325004358404B50029904744B7A00000A7E77BC0076004A485100EB0008E60400ED00087DFF2A
S32500435860FF00C006ED00081007307D01FF00C008A906C94B9A76004B48A908EC1C90C94BD6
S325004358809A76004E48FB0428D6A904C94B9A6C029C016C029BFDFB8C06009846C4F58A06FC
S325004358A000987A00020A7E9AE9006C01EDFC4E05480450D54EFEED310800741E6C029B60F9
S325004358C0760400D876003E48EB0008A9AB993C3A180399129CA46D6400B7A9310077C30435
S325004358E0097FA9310077C2040949F731FFFF0077C26C029BE676003848ED31080077C4C009
S32500435900AB9A76003948ED31080077C4440918FF09C0AB9A76003E4876040008ED31000093
S3250043592077C4EB31080077C4FBAB36629A6C029BFD4A2EE631000077C3202020ED318F00D0
S3250043594077BEED01BF90B0EB31B50077BE64103C00EB31080077C0ED1D086280ED1D089233
S3250043596000A9310077C3041928A9310077BA040920ED31BF0077BE90B0040015ED31BF0005
S3250043598077BEED758FED31BF0077BEA4796C0298CBED00086C029BAC4E0250D448042249C3
S325004359A05166401951D54EFF7DFFFE69C400ED310800743A6C029B60ED31BF0077C890B3D8
S325004359C0ED31BF0077CA1A002390B1121824EC31DE000000046422ED31BF0077DA90B1267A
S325004359E021221B12B464047425630B903BE6610020ED31BF0077D890B3ED31BF0077CA1AF2
S32500435A00002390B12621221B12B464046436903BE661FF20ED31BF0077DA90B1ED31BF0010
S32500435A2077CA90B2122C1490399EF4903D1B00137DFFFF3696F4EB31950077CA2413EB3172
S32500435A40380077C86C029BAC4E01ECA18E50D4506248049080760400A8234C4EFF6D0000EA
S32500435A608176003E483C2BA94B99180399129CB404746F6C029BE6E64B019A6C029C017633
S32500435A80003F48F04B7001990474537B00019C908051911045017C0001297600384818FF13
S32500435AA002401010070276FF00927DFFFF002410EB31080077C4C9310077C2C14B9A4419E7
S32500435AC07600394818FF093621101108C04B9A76003E48FB4B36629AE631010077C36C020D
S32500435AE09BFD4E01480450D5EC01DE90D0040017A9B904091276FFFFA8A9B912A49463E42F
S32500435B00EDB5BF90B062903E1406005EED31080074226C029B601A00303C00EBA10820EDA7
S32500435B2031BF0077C090B09610ED31BF0077C0EB61D59E90EB31D50077C0202020ED31BF47
S32500435B400077BE90B0041019EB31D50077BE202020A9310077BA6489EDB58FA4B96C029848
S32500435B60CB1A00036C029BAC3C0450D448044EFDED31080074206C029B60ED31180077B6BE
S32500435B80EB0008040112ED31080077B83C02EB31280077B690089201A9310077C30419282A
S32500435BA0A9310077BA040920ED31BF0077BE90B0040015ED31BF0077BEED758FED31BF0019
S32500435BC077BEA4796C0298CBED00086C029BAC4E034804EC31BE0077C890B01A0020EC3161
S32500435BE0BE0077CE90B1122814046418900BE6630090B0EC31BE0077CE1A002090B1122455
S32500435C00140464E8ED31BF0077D8EB31B50077C8ED31BF0077DAEB31B50077CA3C00EB3103
S32500435C20080077CE48044EEDEB1018EB0C08C408EB0495EB0085ED00BFA908C973ED00BF30
S32500435C4090B0EB1408ED04BF90B0EB1808DF0805EB1C08EC318E000001ED0C08EC149EEB88
S32500435C602008ED10083D846C02949FC4244E134804ED31BF0077BE4EFF90B0760400A86591
S32500435C8080ED31BF0077BE90B00410F56C029BE676003E48E64B009A76004E48E64B009A53
S32500435CA06C029BFDF48AF9FF984E014804ED31BF0077D84EFB90B13D007EFFFB00ED31BFA4
S32500435CC00077DAEB000890B026104240EB0408ED0418ED0008120810ED00089E74ED040820
S32500435CE09E6422044E054804B5069846B3DC00B02020202020B50098B58A985023282050ED
S32500435D0007BB8A98BB00985E00967446B2BB069848044EF7EB0C08C408EB0495EB0085A456
S32500435D2008ED008FED049FED0C083D016C029A9E4E094804B5069846B3DC00B02020202026
S32500435D40205007BB8A98BB0098967446B2BB069848044EFBC408EB0495EB0085A4083D00BA
S32500435D60ED008FED049F6C02949F4E0548043CA9460876004B08900BF261080062E44219FB
S32500435D800419ED4804460948042020480420000001000003FF00CAFF80005E805F80EA0228
S32500435DA077835E805F80EA0175585E805F80EA0277835E805F80EA0270445E805F80EA0282
S32500435DC061095E805F80EA0277835E805F80EA0277835E805F80EA0277835E805F80EA027E
S32500435DE077835E805F80EA0277835E805F80EA0277835E805F80EA0277835E805F80EA02CE
S32500435E0077835E805F80EA0277835E805F80EA0277835E805F80EA0277835E805F80EA02AD
S32500435E20615D5E805F80EA0261645E805F80EA0277835E805F80EA0277835E805F80EA02FE
S32500435E4077835E805F80EA0277835E805F80EA0277835E805F80EA0277835E805F80EA026D
S32500435E6061955E805F80EA02619C5E805F80EA0277835E805F80EA0277835E805F80EA024E
S32500435E8077835E805F80EA0277835E805F80EA0277835E805F800000019800D43AE0003401
S32500435EA00397044B00000000005D0069005D00D1005D013A005D01A3005D020B005D0274E6
S32500435EC0005D02DD005D0345005D03AE005D0417005D047F005D000000C6006900C600D10F
S32500435EE000C6013A00C601A300C6020B00C6027400C602DD00C6034500C603AE00C60417D4
S32500435F0000C6047F00C60000012E0069012E00D1012E013A012E01A3012E020B012E027473
S32500435F20012E02DD012E0345012E03AE012E0417012E047F012E000001970069019700D11E
S32500435F400197013A019701A30197020B01970274019702DD01970345019703AE01970417E3
S32500435F600197047F0197000002000069020000D10200013A020001A30200020B020002747D
S32500435F80020002DD02000345020003AE020004170200047F0200000002680069026800D128
S32500435FA00268013A026801A30268020B02680274026802DD02680345026803AE02680417F3
S32500435FC00268047F0268000002D1006902D100D102D1013A02D101A302D1020B02D1027493
S32500435FE002D102DD02D1034502D103AE02D1041702D1047F02D10000033A0069033A00D13C
S32500436000033A013A033A01A3033A020B033A0274033A02DD033A0345033A03AE033A0417FA
S31F00436020033A047F033A008203B60497002300820023049703B6000000002E
