S34508002000c84300203121000889df0008d9e70008e3e70008ede70008f7e700080000000000000000000000000000000049e000088bdf00080000000049e000087bdf00080b
S3450800204071df000871df000871df000871df000871df000871df000871df000871df000871df000871df000871df000871df000871df000871df000871df000871df0008d2
S3450800208071df000871df000871df0008937700081b77000871df000871df000871df000871df000871df000871df000871df000871df000871df000871df000871df000896
S345080020c071df000871df000871df000871df000871df000871df000871df000871df000871df000871df000871df000871df000871df000871df000871df000871df000852
S3450800210071df000871df000871df000871df000871df000871df000871df00084785000871df000871df000871df000871df00080249d1f800d00cf079bd000000200008b7
S34508002140ffffffffffffffffffffffffffffffffcc325aa500200008f3ec0008e9ad5c36303030303036373000446574656374696f6e436f6e74726f6c3300312e30312eff
S3450800218030342e303034340000ffffffffffffffffffffffffffffffffffffffffffffffffffffffffffffffffffffffffffffffffffffffffffffffffffffffffffffffee
S345080022000000c8420000c8420000c8420000c8420000c8420000c8420000c8420000c8420000c8420000c8420000c8420000c8420000c8420000c8420000c8420000c842f0
S345080022400000c8420000c8420000c8420000c8420000c8420000c8420000c8420000c8420000c8420000c8420000c8420000c8420000c8420000c8420000c8420000c842b0
S345080022800000c8420000c8420000c8420000c8420000c8420000c8420000c8420000c8420000c8420000c8420000c8420000c8420000c8420000c8420000c8420000c84270
S345080022c00000c8420000c8420000c8420000c8420000c8420000c8420000c8420000c8420000c8420000c8420000c8420000c8420000c8420000c8420000c8420000c84230
S345080023000000c8420000c8420000c8420000c8420000c8420000c8420000c8420000c8420000c8420000c8420000c8420000c8420000c8420000c8420000c8420000c842ef
S345080023400000c8420000c8420000c8420000c8420000c8420000c8420000c8420000c8420000c8420000c8420000c8420000c8420000c8420000c8420000c8420000c842af
S345080023800000c8420000c8420000c8420000c8420000c8420000c8420000c8420000c8420000c8420000c8420000c8420000c8420000c8420000c8420000c8420000c8426f
S345080023c00000c8420000c8420000c8420000c8420000c8420000c8420000c8420000c8420000c8420000c8420000c8420000c8420000c8420000c8420000c8420000c8422f
S345080024000000c8420000c8420000c8420000c8420000c8420000c8420000c8420000c8420000c8420000c8420000c8420000c8420000c8420000c8420000c8420000c842ee
S345080024400000c8420000c8420000c8420000c8420000c8420000c8420000c8420000c8420000c8420000c8420000c8420000c8420000c8420000c8420000c8420000c842ae
S345080024800000c8420000c8420000c8420000c8420000c8420000c8420000c8420000c8420000c8420000c8420000c8420000c8420000c8420000c8420000c8420000c8426e
S345080024c00000c8420000c8420000c8420000c8420000c8420000c8420000c8420000c8420000c8420000c8420000c8420000c8420000c8420000c8420000c8420000c8422e
S345080025000000c8420000c8420000c8420000c8420000c8420000c8420000c8420000c8420000c8420000c8420000c8420000c8420000c8420000c8420000c8420000c842ed
S345080025400000c8420000c8420000c8420000c8420000c8420000c8420000c8420000c8420000c8420000c8420000c8420000c8420000c8420000c8420000c8420000c842ad
S345080025800000c8420000c8420000c8420000c8420000c8420000c8420000c8420000c8420000c8420000c8420000c8420000c8420000c8420000c8420000c8420000c8426d
S345080025c00000c8420000c8420000c8420000c8420000c8420000c8420000c8420000c8420000c8420000c8420000c8420000c8420000c8420000c8420000c8420000c8422d
S345080026000000c8420000c8420000c8420000c8420000c8420000c8420000c8420000c8420000c8420000c8420000c8420000c8420000c8420000c8420000c8420000c842ec
S345080026400000c8420000c8420000c8420000c8420000c8420000c8420000c8420000c8420000c8420000c8420000c8420000c8420000c8420000c8420000c8420000c842ac
S345080026800000c8420000c8420000c8420000c8420000c8420000c8420000c8420000c8420000c8420000c8420000c8420000c8420000c8420000c8420000c8420000c8426c
S345080026c00000c8420000c8420000c8420000c8420000c8420000c8420000c8420000c8420000c8420000c8420000c8420000c8420000c8420000c8420000c8420000c8422c
S345080027000000c8420000c8420000c8420000c8420000c8420000c8420000c8420000c8420000c8420000c8420000c8420000c8420000c8420000c8420000c8420000c842eb
S345080027400000c8420000c8420000c8420000c8420000c8420000c8420000c8420000c8420000c8420000c8420000c8420000c8420000c8420000c8420000c8420000c842ab
S345080027800000c8420000c8420000c8420000c8420000c8420000c8420000c8420000c8420000c8420000c8420000c8420000c8420000c8420000c8420000c8420000c8426b
S345080027c00000c8420000c8420000c8420000c8420000c8420000c8420000c8420000c8420000c8420000c8420000c8420000c8420000c8420000c8420000c8420000c8422b
S345080028000000c8420000c8420000c8420000c8420000c8420000c8420000c8420000c8420000c8420000c8420000c8420000c8420000c8420000c8420000c8420000c842ea
S345080028400000c8420000c8420000c8420000c8420000c8420000c8420000c8420000c8420000c8420000c8420000c8420000c8420000c8420000c8420000c8420000c842aa
S345080028800000c8420000c8420000c8420000c8420000c8420000c8420000c8420000c8420000c8420000c8420000c8420000c8420000c8420000c8420000c8420000c8426a
S345080028c00000c8420000c8420000c8420000c8420000c8420000c8420000c8420000c8420000c8420000c8420000c8420000c8420000c8420000c8420000c8420000c8422a
S345080029000000c8420000c8420000c8420000c8420000c8420000c8420000c8420000c8420000c8420000c8420000c8420000c8420000c8420000c8420000c8420000c842e9
S345080029400000c8420000c8420000c8420000c8420000c8420000c8420000c8420000c8420000c8420000c8420000c8420000c8420000c8420000c8420000c8420000c842a9
S345080029800000c8420000c8420000c8420000c8420000c8420000c8420000c8420000c8420000c8420000c8420000c8420000c8420000c8420000c8420000c8420000c84269
S345080029c00000c8420000c8420000c8420000c8420000c8420000c8420000c8420000c8420000c8420000c8420000c8420000c8420000c8420000c8420000c8420000c84229
S34508002a000000c8420000c8420000c8420000c8420000c8420000c8420000c8420000c8420000c8420000c8420000c8420000c8420000c8420000c8420000c8420000c842e8
S34508002a400000c8420000c8420000c8420000c8420000c8420000c8420000c8420000c8420000c8420000c8420000c8420000c8420000c8420000c8420000c8420000c842a8
S34508002a800000c8420000c8420000c8420000c8420000c8420000c8420000c8420000c8420000c8420000c8420000c8420000c8420000c8420000c8420000c8420000c84268
S34508002ac00000c8420000c8420000c8420000c8420000c8420000c8420000c8420000c8420000c8420000c8420000c8420000c8420000c8420000c8420000c8420000c84228
S34508002b000000c8420000c8420000c8420000c8420000c8420000c8420000c8420000c8420000c8420000c8420000c8420000c8420000c8420000c8420000c8420000c842e7
S34508002b400000c8420000c8420000c8420000c8420000c8420000c8420000c8420000c8420000c8420000c8420000c8420000c8420000c8420000c8420000c8420000c842a7
S34508002b800000c8420000c8420000c8420000c8420000c8420000c8420000c8420000c8420000c8420000c8420000c8420000c8420000c8420000c8420000c8420000c84267
S34508002bc00000c8420000c8420000c8420000c8420000c8420000c8420000c8420000c8420000c8420000c8420000c8420000c8420000c8420000c8420000c8420000c84227
S34508002c000000c8420000c8420000c8420000c8420000c8420000c8420000c8420000c8420000c8420000c8420000c8420000c8420000c8420000c8420000c8420000c842e6
S34508002c400000c8420000c8420000c8420000c8420000c8420000c8420000c8420000c8420000c8420000c8420000c8420000c8420000c8420000c8420000c8420000c842a6
S34508002c800000c8420000c8420000c8420000c8420000c8420000c8420000c8420000c8420000c8420000c8420000c8420000c8420000c8420000c8420000c8420000c84266
S34508002cc00000c8420000c8420000c8420000c8420000c8420000c8420000c8420000c8420000c8420000c8420000c8420000c8420000c8420000c8420000c8420000c84226
S34508002d000000c8420000c8420000c8420000c8420000c8420000c8420000c8420000c8420000c8420000c8420000c8420000c8420000c8420000c8420000c8420000c842e5
S34508002d400000c8420000c8420000c8420000c8420000c8420000c8420000c8420000c8420000c8420000c8420000c8420000c8420000c8420000c8420000c8420000c842a5
S34508002d800000c8420000c8420000c8420000c8420000c8420000c8420000c8420000c8420000c8420000c8420000c8420000c8420000c8420000c8420000c8420000c84265
S34508002dc00000c8420000c8420000c8420000c8420000c8420000c8420000c8420000c8420000c8420000c8420000c8420000c8420000c8420000c8420000c8420000c84225
S34508002e000000c8420000c8420000c8420000c8420000c8420000c8420000c8420000c8420000c8420000c8420000c8420000c8420000c8420000c8420000c8420000c842e4
S34508002e400000c8420000c8420000c8420000c8420000c8420000c8420000c8420000c8420000c8420000c8420000c8420000c8420000c8420000c8420000c8420000c842a4
S34508002e800000c8420000c8420000c8420000c8420000c8420000c8420000c8420000c8420000c8420000c8420000c8420000c8420000c8420000c8420000c8420000c84264
S34508002ec00000c8420000c8420000c8420000c8420000c8420000c8420000c8420000c8420000c8420000c8420000c8420000c8420000c8420000c8420000c8420000c84224
S34508002f000000c8420000c8420000c8420000c8420000c8420000c8420000c8420000c8420000c8420000c8420000c8420000c8420000c8420000c8420000c8420000c842e3
S34508002f400000c8420000c8420000c8420000c8420000c8420000c8420000c8420000c8420000c8420000c8420000c8420000c8420000c8420000c8420000c8420000c842a3
S34508002f800000c8420000c8420000c8420000c8420000c8420000c8420000c8420000c8420000c8420000c8420000c8420000c8420000c8420000c8420000c8420000c84263
S34508002fc00000c8420000c8420000c8420000c8420000c8420000c8420000c8420000c8420000c8420000c8420000c8420000c8420000c8420000c8420000c8420000c84223
S345080030000000c8420000c8420000c8420000c8420000c8420000c8420000c8420000c8420000c8420000c8420000c8420000c8420000c8420000c8420000c8420000c842e2
S345080030400000c8420000c8420000c8420000c8420000c8420000c8420000c8420000c8420000c8420000c8420000c8420000c8420000c8420000c8420000c8420000c842a2
S345080030800000c8420000c8420000c8420000c8420000c8420000c8420000c8420000c8420000c8420000c8420000c8420000c8420000c8420000c8420000c8420000c84262
S345080030c00000c8420000c8420000c8420000c8420000c8420000c8420000c8420000c8420000c8420000c8420000c8420000c8420000c8420000c8420000c8420000c84222
S345080031000000c8420000c8420000c8420000c8420000c8420000c8420000c8420000c8420000c8420000c8420000c8420000c8420000c8420000c8420000c8420000c842e1
S345080031400000c8420000c8420000c8420000c8420000c8420000c8420000c8420000c8420000c8420000c8420000c8420000c8420000c8420000c8420000c8420000c842a1
S345080031800000c8420000c8420000c8420000c8420000c8420000c8420000c8420000c8420000c8420000c8420000c8420000c8420000c8420000c8420000c8420000c84261
S345080031c00000c8420000c8420000c8420000c8420000c8420000c8420000c8420000c8420000c8420000c8420000c8420000c8420000c8420000c8420000c8420000c84221
S345080032000000c8420000c8420000c8420000c8420000c8420000c8420000c8420000c8420000c8420000c8420000c8420000c8420000c8420000c8420000c8420000c842e0
S345080032400000c8420000c8420000c8420000c8420000c8420000c8420000c8420000c8420000c8420000c8420000c8420000c8420000c8420000c8420000c8420000c842a0
S345080032800000c8420000c8420000c8420000c8420000c8420000c8420000c8420000c8420000c8420000c8420000c8420000c8420000c8420000c8420000c8420000c84260
S345080032c00000c8420000c8420000c8420000c8420000c8420000c8420000c8420000c8420000c8420000c8420000c8420000c8420000c8420000c8420000c8420000c84220
S345080033000000c8420000c8420000c8420000c8420000c8420000c8420000c8420000c8420000c8420000c8420000c8420000c8420000c8420000c8420000c8420000c842df
S345080033400000c8420000c8420000c8420000c8420000c8420000c8420000c8420000c8420000c8420000c8420000c8420000c8420000c8420000c8420000c8420000c8429f
S345080033800000c8420000c8420000c8420000c8420000c8420000c8420000c8420000c8420000c8420000c8420000c8420000c8420000c8420000c8420000c8420000c8425f
S345080033c00000c8420000c8420000c8420000c8420000c8420000c8420000c8420000c8420000c8420000c8420000c8420000c8420000c8420000c8420000c8420000c8421f
S345080034000000c8420000c8420000c8420000c8420000c8420000c8420000c8420000c8420000c8420000c8420000c8420000c8420000c8420000c8420000c8420000c842de
S345080034400000c8420000c8420000c8420000c8420000c8420000c8420000c8420000c8420000c8420000c8420000c8420000c8420000c8420000c8420000c8420000c8429e
S345080034800000c8420000c8420000c8420000c8420000c8420000c8420000c8420000c8420000c8420000c8420000c8420000c8420000c8420000c8420000c8420000c8425e
S345080034c00000c8420000c8420000c8420000c8420000c8420000c8420000c8420000c8420000c8420000c8420000c8420000c8420000c8420000c8420000c8420000c8421e
S345080035000000c8420000c8420000c8420000c8420000c8420000c8420000c8420000c8420000c8420000c8420000c8420000c8420000c8420000c8420000c8420000c842dd
S345080035400000c8420000c8420000c8420000c8420000c8420000c8420000c8420000c8420000c8420000c8420000c8420000c8420000c8420000c8420000c8420000c8429d
S345080035800000c8420000c8420000c8420000c8420000c8420000c8420000c8420000c8420000c8420000c8420000c8420000c8420000c8420000c8420000c8420000c8425d
S345080035c00000c8420000c8420000c8420000c8420000c8420000c8420000c8420000c8420000c8420000c8420000c8420000c8420000c8420000c8420000c8420000c8421d
S345080036000000c8420000c8420000c8420000c8420000c8420000c8420000c8420000c8420000c8420000c8420000c8420000c8420000c8420000c8420000c8420000c842dc
S345080036400000c8420000c8420000c8420000c8420000c8420000c8420000c8420000c8420000c8420000c8420000c8420000c8420000c8420000c8420000c8420000c8429c
S345080036800000c8420000c8420000c8420000c8420000c8420000c8420000c8420000c8420000c8420000c8420000c8420000c8420000c8420000c8420000c8420000c8425c
S345080036c00000c8420000c8420000c8420000c8420000c8420000c8420000c8420000c8420000c8420000c8420000c8420000c8420000c8420000c8420000c8420000c8421c
S345080037000000c8420000c8420000c8420000c8420000c8420000c8420000c8420000c8426afac742c1e8c7421ad7c74275c5c742d3b3c74234a2c7429790c742fd7ec742ad
S34508003740656dc742cf5bc7423c4ac742ac38c7421e27c7429315c7420a04c74283f2c642ffe0c6427dcfc642febdc64282acc642079bc6429089c6421a78c642a766c64270
S345080037803755c642c843c6425d32c642f320c6428d0fc64228fec542c6ecc54266dbc54209cac542aeb8c54255a7c542ff95c542ab84c5425a73c5420b62c542be50c54258
S345080037c0743fc5422c2ec542e61cc542a30bc54262fac44223e9c442e7d7c442adc6c44275b5c4423fa4c4420c93c442db81c442ad70c442815fc442574ec4422f3dc442eb
S345080038000a2cc442e71ac442c609c442a7f8c3428be7c34271d6c34259c5c34244b4c34230a3c3421f92c3421081c3420470c342f95ec342f14dc342eb3cc342e82bc3425b
S34508003840e61ac342e709c342eaf8c242efe7c242f6d6c24200c6c2420bb5c24219a4c2422993c2423c82c2425071c2426760c2427f4fc2429a3ec242b72dc242d61cc242c3
S34508003880f80bc2421bfbc14241eac14269d9c14292c8c142beb7c142eda6c1421d96c1424f85c1428474c142ba63c142f352c1422e42c1426a31c142a920c142ea0fc14233
S345080038c02effc04273eec042baddc04203cdc0424fbcc0429cabc042ec9ac0423d8ac0429179c042e768c0423e58c0429847c042f436c0425226c042b115c0421305c042b8
S3450800390077f4bf42dde3bf4245d3bf42afc2bf421bb2bf4289a1bf42f990bf426a80bf42de6fbf42545fbf42cc4ebf42463ebf42c22dbf423f1dbf42bf0cbf4241fcbe425b
S34508003940c5ebbe424adbbe42d2cabe425bbabe42e7a9be427499be420389be429578be422868be42bd57be425447be42ed36be428826be422516be42c305be4264f5bd4212
S3450800398006e5bd42abd4bd4251c4bd42f9b3bd42a3a3bd424f93bd42fd82bd42ad72bd425e62bd421252bd42c741bd427e31bd423721bd42f210bd42af00bd426df0bc42d8
S345080039c02ee0bc42f0cfbc42b4bfbc427aafbc42429fbc420b8fbc42d77ebc42a46ebc42735ebc42444ebc42163ebc42eb2dbc42c11dbc42990dbc4273fdbb424fedbb4291
S34508003a002cddbb420bcdbb42ecbcbb42cfacbb42b49cbb429a8cbb42827cbb426c6cbb42575cbb42454cbb42343cbb42252cbb42171cbb420c0cbb4202fcba42faebba4227
S34508003a40f3dbba42eecbba42ebbbba42eaabba42eb9bba42ed8bba42f17bba42f66bba42fe5bba42074cba42113cba421e2cba422c1cba423c0cba424dfcb94260ecb94285
S34508003a8075dcb9428cccb942a4bcb942beacb942da9cb942f78cb942167db942366db942585db9427c4db942a23db942c92db942f21db9421c0eb94248feb84276eeb84272
S34508003ac0a5deb842d6ceb84209bfb8423dafb842739fb842aa8fb842e37fb8421e70b8425a60b8429850b842d840b8421931b8425c21b842a011b842e601b8422df2b742cb
S34508003b0076e2b742c1d2b7420dc3b7425bb3b742aaa3b742fb93b7424d84b742a174b742f764b7424e55b742a745b7420136b7425d26b742ba16b7421907b74279f7b6425a
S34508003b40dbe7b6423ed8b642a3c8b6420ab9b64272a9b642db99b642468ab642b37ab642216bb642915bb642024cb642743cb642e82cb6425e1db642d50db6424efeb542f3
S34508003b80c8eeb54243dfb542c0cfb5423fc0b542bfb0b54240a1b542c391b5424782b542cd72b5425563b542dd53b5426744b542f334b5428025b5420f16b5429f06b5424c
S34508003bc030f7b442c3e7b44257d8b442edc8b44284b9b4421daab442b79ab442528bb442ef7bb4428e6cb4422d5db442ce4db442713eb442152fb442ba1fb4426110b4422a
S34508003c000901b442b2f1b3425de2b3420ad3b342b7c3b34266b4b34217a5b342c995b3427c86b3423077b342e667b3429d58b3425649b342103ab342cc2ab342881bb34241
S34508003c40460cb34206fdb242c7edb24289deb2424ccfb24211c0b242d7b0b2429ea1b2426792b2423183b242fd73b242ca64b2429855b2426746b2423837b2420a28b2424d
S34508003c80dd18b242b209b24288fab1425febb14238dcb14212cdb142edbdb142c9aeb142a79fb1428690b1426681b1424872b1422b63b1420f54b142f444b142db35b142fe
S34508003cc0c326b142ac17b1429708b14282f9b0426feab0425edbb0424dccb0423ebdb04230aeb042239fb0421890b0420d81b0420472b042fd62b042f653b042f144b042fe
S34508003d00ed35b042ea26b042e817b042e808b042e8f9af42eaeaaf42eedbaf42f2ccaf42f8bdaf42ffaeaf4207a0af421091af421a82af422673af423364af424155af42f8
S34508003d405046af426037af427228af428519af42990aaf42aefbae42c4ecae42dbddae42f4ceae420ec0ae4229b1ae4245a2ae426293ae428184ae42a075ae42c166ae4290
S34508003d80e357ae420649ae422a3aae424f2bae42761cae429d0dae42c6fead42f0efad421be1ad4247d2ad4274c3ad42a3b4ad42d2a5ad420397ad423488ad426779ad4269
S34508003dc09b6aad42d05bad42064dad423e3ead42762fad42af20ad42ea11ad422603ad4262f4ac42a0e5ac42dfd6ac421fc8ac4260b9ac42a2aaac42e59bac422a8dac4223
S34508003e006f7eac42b66fac42fd60ac424652ac428f43ac42da34ac422626ac427317ac42c108ac4210faab4260ebab42b1dcab4203ceab4256bfab42aab0ab42ffa1ab4253
S34508003e405593ab42ad84ab420576ab425e67ab42b958ab42144aab42713bab42ce2cab422c1eab428c0fab42ec00ab424ef2aa42b0e3aa4214d5aa4278c6aa42deb7aa429b
S34508003e8044a9aa42ac9aaa42158caa427e7daa42e96eaa425460aa42c151aa422e43aa429c34aa420c26aa427c17aa42ee08aa4260faa942d3eba94248dda942bdcea94288
S34508003ec033c0a942aab1a94222a3a9429c94a9421686a9429177a9420d69a9428a5aa942074ca942863da942062fa9428720a9420812a9428b03a9420ff5a84293e6a842ae
S34508003f0018d8a8429fc9a84226bba842aeaca842379ea842c18fa8424c81a842d872a8426564a842f255a8428147a8421039a842a12aa842321ca842c40da84257ffa742a4
S34508003f40ebf0a74280e2a74216d4a742adc5a74244b7a742dda8a742769aa742108ca742ab7da742476fa742e460a7428252a7422044a742c035a7426027a7420119a742ee
S34508003f80a30aa74246fca642eaeda6428fdfa64234d1a642dac2a64281b4a64229a6a642d297a6427c89a642277ba642d26ca6427e5ea6422b50a642d941a6428833a6421f
S34508003fc03825a642e816a6429908a6424bfaa542feeba542b2dda54266cfa5421cc1a542d2b2a54289a4a5424096a542f987a542b279a5426c6ba542275da542e34ea542b7
S34508004000a040a5425d32a5421b24a542da15a5429a07a5425bf9a4421ceba442dedca442a1cea44264c0a44229b2a442eea3a442b495a4427b87a4424279a4420b6ba4423f
S34508004040d45ca4429e4ea4426840a4423332a4420024a442cc15a4429a07a44268f9a34237eba34207dda342d8cea342a9c0a3427bb2a3424ea4a3422296a342f687a34242
S34508004080cb79a342a16ba342775da3424f4fa3422641a342ff32a342d924a342b316a3428d08a34269faa24245eca24222dea24200d0a242dec1a242bdb3a2429da5a2423f
S345080040c07e97a2425f89a242417ba242236da242075fa242eb50a242cf42a242b534a2429b26a2428218a242690aa24251fca1423aeea14223e0a1420ed2a142f8c3a142b2
S34508004100e4b5a142d0a7a142bd99a142aa8ba142997da142876fa1427761a1426753a1425845a1424937a1423b29a1422e1ba142210da14216ffa0420af1a04200e3a04220
S34508004140f6d4a042ecc6a042e3b8a042dbaaa042d49ca042cd8ea042c780a042c172a042bc64a042b856a042b448a042b13aa042af2ca042ad1ea042ac10a042ab02a0420c
S34508004180abf49f42ace69f42add89f42afca9f42b1bc9f42b4ae9f42b8a09f42bc929f42c1849f42c6769f42cc689f42d35a9f42da4c9f42e23e9f42ea309f42f3229f42e6
S345080041c0fc149f4207079f4211f99e421ceb9e4228dd9e4235cf9e4242c19e424fb39e425da59e426c979e427b899e428b7b9e429b6d9e42ac5f9e42be519e42d0439e422e
S34508004200e2359e42f5279e42091a9e421d0c9e4232fe9d4247f09d425de29d4274d49d428bc69d42a2b89d42baaa9d42d39c9d42ec8e9d4205819d421f739d423a659d4260
S3450800424055579d4271499d428d3b9d42aa2d9d42c71f9d42e5119d4203049d4222f69c4241e89c4261da9c4281cc9c42a2be9c42c3b09c42e5a29c4208959c422a879c42f0
S345080042804e799c42716b9c42965d9c42bb4f9c42e0419c4206349c422c269c4252189c427a0a9c42a1fc9b42c9ee9b42f2e09b421bd39b4245c59b426fb79b4299a99b4256
S345080042c0c49b9b42f08d9b421c809b4248729b4275649b42a2569b42d0489b42fe3a9b422c2d9b425c1f9b428b119b42bb039b42ebf59a421ce89a424eda9a427fcc9a420c
S34508004300b2be9a42e4b09a4217a39a424b959a427f879a42b3799a42e86b9a421d5e9a4252509a4288429a42bf349a42f6269a422d199a42650b9a429dfd9942d5ef994284
S345080043400ee2994248d4994281c69942bcb89942f6aa9942319d99426c8f9942a8819942e4739942216699425e5899429b4a9942d93c9942172f9942552199429413994235
S34508004380d405994213f8984253ea984293dc9842d4ce984215c1984257b3984299a59842db9798421e8a9842607c9842a46e9842e76098422c53984270459842b53798428f
S345080043c0fa2998423f1c9842850e9842cb00984212f3974259e59742a0d79742e7c997422fbc974277ae9742c0a0974209939742528597429b779742e56997422f5c974207
S345080044007a4e9742c5409742103397425b259742a7179742f309974240fc96428dee9642dae0964227d3964275c59642c3b7964211aa9642609c9642ae8e9642fe8096420e
S345080044404d7396429d659642ed5796423d4a96428e3c9642df2e96423021964282139642d405964226f8954278ea9542cbdc95421ecf954271c19542c4b3954218a6954217
S345080044806c989542c08a9542157d95426a6f9542bf619542145495426a469542c0389542162b95426c1d9542c30f95421a02954271f49442c8e6944220d9944278cb944292
S345080044c0d0bd944228b0944281a29442d9949442328794428c799442e56b94423f5e944299509442f34294424e359442a8279442031a94425e0c9442bafe934215f19342fb
S3450800450071e39342cdd5934229c8934286ba9342e2ac93423f9f93429c919342f983934257769342b4689342125b9342704d9342ce3f93422d3293428b249342ea169342b3
S3450800454049099342a8fb924208ee924267e09242c7d2924227c5924287b79242e7a99242479c9242a88e9242098192426a739242cb6592422c5892428d4a9242ef3c924231
S34508004580512f9242b32192421514924277069242d9f891423ceb91429edd914201d0914264c29142c7b491422ba791428e999142f18b9142557e9142b97091421d639142e9
S345080045c081559142e54791424a3a9142ae2c9142131f914277119142dc03914241f69042a6e890420bdb904271cd9042d6bf90423cb29042a1a49042079790426d89904248
S34508004600d37b9042396e90429f609042055390426c459042d2379042392a9042a01c9042060f90426d019042d4f38f423be68f42a2d88f4209cb8f4271bd8f42d8af8f42bf
S345080046403fa28f42a7948f420e878f4276798f42de6b8f42465e8f42ad508f4215438f427d358f42e5278f424e1a8f42b60c8f421eff8e4286f18e42efe38e4257d68e42c3
S34508004680bfc88e4228bb8e4290ad8e42f99f8e4262928e42ca848e4233778e429c698e42055c8e426d4e8e42d6408e423f338e42a8258e4211188e427a0a8e42e3fc8d42c0
S345080046c04cef8d42b5e18d421ed48d4287c68d42f0b88d4259ab8d42c29d8d422b908d4295828d42fe748d4267678d42d0598d42394c8d42a23e8d420c318d4275238d422c
S34508004700de158d4247088d42b0fa8c4219ed8c4282df8c42ebd18c4254c48c42bdb68c4227a98c42909b8c42f98d8c4261808c42ca728c4233658c429c578c42054a8c4277
S345080047406e3c8c42d72e8c423f218c42a8138c4211068c4279f88b42e2ea8b424bdd8b42b3cf8b421cc28b4284b48b42eca68b4255998b42bd8b8b42257e8b428d708b4210
S34508004780f5628b425d558b42c5478b422d3a8b42952c8b42fc1e8b4264118b42cc038b4233f68a429be88a4202db8a4269cd8a42d0bf8a4237b28a429ea48a4205978a4273
S345080047c06c898a42d37b8a423a6e8a42a0608a4207538a426d458a42d3378a42392a8a429f1c8a42050f8a426b018a42d1f3894237e689429cd8894202cb894267bd89420b
S34508004800ccaf894231a2894296948942fb8689425f798942c46b8942285e89428d508942f142894255358942b92789421c1a8942800c8942e4fe884247f18842aae3884254
S345080048400dd6884270c88842d3ba884235ad8842989f8842fa9188425c848842be76884220698842815b8842e34d884244408842a53288420625884267178842c8098842c0
S3450800488028fc874288ee8742e9e0874248d38742a8c5874208b8874267aa8742c69c8742258f874284818742e2738742416687429f588742fd4a87425b3d8742b82f8742ca
S345080048c01622874273148742d00687422df9864289eb8642e6dd864242d086429ec28642f9b4864255a78642b09986420b8c8642667e8642c07086421b63864275558642de
S34508004900ce478642283a8642812c8642db1e8642331186428c038642e5f585423de8854295da8542eccc854244bf85429bb18542f2a38542489685429f888542f57a854285
S345080049404b6d8542a05f8542f55185424a4485429f368542f4288542481b85429c0d8542f0ff844243f2844296e48442e9d684423bc984428ebb8442dfad844231a0844232
S3450800498082928442d48484422477844275698442c55b8442154e844264408442b432844202258442511784429f098442edfb83423bee834288e08342d5d2834222c583425e
S345080049c06eb78342baa98342069c8342528e83429d808342e7728342326583427c578342c54983420f3c8342582e8342a0208342e91283423105834278f78242c0e9824289
S34508004a0006dc82424dce824293c08242d9b282421ea5824264978242a8898242ed7b8242316e824274608242b7528242fa4482423d3782427f298242c01b8242020e824235
S34508004a404300824283f28142c3e4814203d7814242c9814281bb8142c0ad8142fe9f81423c92814279848142b6768142f36881422f5b81426a4d8142a63f8142e1318142e3
S34508004a801b248142551681428f088142c8fa804201ed804239df804271d18042a8c38042dfb5804216a880424c9a8042828c8042b77e8042ec70804220638042545580420c
S34508004ac087478042ba398042ed2b80421f1e8042501080428202804265e97f42c5cd7f4224b27f4283967f42e17a7f423d5f7f4299437f42f4277f424d0c7f42a6f07e42ed
S34508004b00fed47e4255b97e42ab9d7e4200827e4253667e42a64a7e42f82e7e4249137e4299f77d42e8db7d4236c07d4283a47d42ce887d42196d7d4263517d42ac357d42b9
S34508004b40f3197d423afe7c4280e27c42c4c67c4208ab7c424a8f7c428c737c42cc577c420b3c7c4249207c4286047c42c2e87b42fdcc7b4237b17b4270957b42a7797b42b3
S34508004b80de5d7b4213427b4247267b427a0a7b42acee7a42ddd27a420db77a423c9b7a42697f7a4295637a42c1477a42eb2b7a4213107a423bf4794262d8794287bc7942f4
S34508004bc0aba07942ce847942f0687942104d7942303179424e1579426bf9784287dd7842a1c17842bba57842d3897842ea6d7842ff51784214367842271a784239fe77429d
S34508004c004ae2774259c6774267aa7742748e7742807277428a567742933a77429b1e7742a2027742a7e67642abca7642adae7642af927642af767642ad5a7642ab3e7642d0
S34508004c40a7227642a20676429bea754293ce75428ab275427f967542737a7542665e75425742754247267542360a754223ee74420fd27442f9b57442e3997442ca7d7442b7
S34508004c80b161744295457442792974425b0d74423cf173421bd57342f9b87342d59c7342b08073428964734261487342382c73420d107342e1f37242b3d7724284bb72427c
S34508004cc0539f724221837242ed667242b84a7242812e72424912724210f67142d4d9714298bd71425aa171421a857142d9687142964c7142513071420c147142c4f770425b
S34508004d007bdb704231bf7042e5a2704297867042486a7042f74d7042a531704251157042fbf86f42a4dc6f424bc06f42f1a36f4295876f42376b6f42d84e6f4277326f4292
S34508004d4015166f42b1f96e424bdd6e42e4c06e427ba46e4210886e42a36b6e42354f6e42c6326e4254166e42e1f96d426ddd6d42f6c06d427ea46d4204886d42896b6d4262
S34508004d800b4f6d428c326d420c166d4289f96c4205dd6c427fc06c42f8a36c426e876c42e36a6c42564e6c42c7316c4237156c42a5f86b4211dc6b427bbf6b42e3a26b421b
S34508004dc04a866b42af696b42124d6b4273306b42d2136b4230f76a428cda6a42e5bd6a423da16a4294846a42e8676a423a4b6a428b2e6a42da116a4227f5694272d8694210
S34508004e00bbbb6942029f6942478269428b656942cc4869420c2c69424a0f694286f26842bfd56842f7b868422d9c6842617f684293626842c4456842f22868421e0c6842a2
S34508004e4048ef674270d2674297b56742bb986742dd7b6742fe5e67421c42674238256742520867426beb664281ce664295b16642a7946642b7776642c55a6642d13d664239
S34508004e80db206642e3036642e9e66542ecc96542eeac6542ed8f6542eb726542e6556542df386542d61b6542cbfe6442bee16442afc464429da764428a8a6442746d644249
S34508004ec05c506442423364422616644207f96342e7db6342c4be63429fa16342788463424e676342234a6342f52c6342c50f634293f262425ed5624227b86242ee9a624242
S34508004f00b37d62427660624236436242f4256242af08624269eb614220ce6142d5b061428793614237766142e5586142913b61423a1e6142e100614286e3604228c66042ba
S34508004f40c8a86042658b6042006e6042995060422f336042c315604255f85f42e4da5f4271bd5f42fb9f5f4283825f4209655f428c475f420c2a5f428b0c5f4206ef5e4242
S34508004f8080d15e42f7b35e426b965e42dd785e424c5b5e42b93d5e4224205e428c025e42f1e45d4254c75d42b4a95d42128c5d426e6e5d42c6505d421d335d4270155d4279
S34508004fc0c1f75c4210da5c425cbc5c42a59e5c42ec805c4230635c4272455c42b1275c42ed095c4227ec5b425ece5b4293b05b42c4925b42f4745b4220575b424a395b420f
S34508005000711b5b4296fd5a42b7df5a42d7c15a42f3a35a420d865a4224685a42384a5a424a2c5a42580e5a4264f059426ed2594274b459427896594279785942775a5942bb
S34508005040733c59426c1e59426200594255e2584245c4584232a658421d885842056a5842ea4b5842cc2d5842ab0f584287f1574261d3574237b557420b975742dc78574247
S34508005080aa5a5742753c57423d1e574202005742c4e1564283c3564240a55642f9865642b0685642634a5642132c5642c10d56426bef554213d15542b7b25542599455429b
S345080050c0f7755542935755422b395542c01a554253fc5442e2dd54426ebf5442f7a054427d8254420064544280455442fc26544276085442ece953425fcb5342d0ac534298
S345080051003d8e5342a66f53420d51534270325342d11353422ef5524288d65242deb7524232995242827a5242cf5b5242193d5242601e5242a3ff5142e3e0514220c2514239
S3450800514059a351428f845142c2655142f24651421e285142470951426cea50428fcb5042aeac5042c98d5042e16e5042f64f5042083150421612504220f34f4227d44f4296
S345080051802bb54f422c964f4229774f4222584f4218394f420b1a4f42fafa4e42e5db4e42cebc4e42b29d4e42937e4e42715f4e424b404e4222214e42f5014e42c4e24d42d2
S345080051c090c34d4259a44d421d854d42df654d429c464d4256274d420d084d42bfe84c426fc94c421aaa4c42c28a4c42666b4c42074c4c42a32c4c423d0d4c42d2ed4b4226
S3450800520064ce4b42f2ae4b427c8f4b4203704b4286504b4205314b4280114b42f8f14a426bd24a42dbb24a4248934a42b0734a4214544a4275344a42d2144a422bf54942e5
S3450800524080d54942d2b549421f96494269764942ae564942f03649422e17494268f748429ed74842d0b74842fe974842287848424e584842703848428e184842a8f8474277
S34508005280bed84742d0b84742de984742e8784742ee584742f0384742ee184742e8f84642ddd84642cfb84642bc984642a57846428a5846426b3846424818464221f8454267
S345080052c0f5d74542c5b7454291974542597745421d574542dc364542971645424ef6444200d64442aeb5444258954442fe7444429f5444423c344442d51344426af3434243
S34508005300f9d2434285b243420c9243428f7143420e51434288304342fd0f43426eef4242dbce424243ae4242a78d4242066d4242614c4242b72b4242090b424257ea4142d4
S345080053409fc94142e3a84142238841425e67414294464142c6254142f40441421ce4404240c340425fa240427a81404290604042a13f4042ae1e4042b6fd3f42b9dc3f42f7
S34508005380b8bb3f42b19a3f42a6793f4296583f4282373f4269163f424af53e4227d43e4200b33e42d3913e42a1703e426b4f3e42302e3e42f00c3e42abeb3d4261ca3d42a1
S345080053c012a93d42be873d4265663d4207453d42a5233d423d023d42d0e03c425ebf3c42e89d3c426c7c3c42eb5a3c4265393c42da173c424af63b42b4d43b421ab33b42fb
S345080054007a913b42d66f3b422c4e3b427d2c3b42c90a3b420fe93a4251c73a428da53a42c4833a42f5613a4222403a42491e3a426afc394287da39429eb83942b09639424c
S34508005440bc743942c3523942c5303942c10e3942b8ec3842a9ca384295a838427c8638425d643842384238420e203842dffd3742aadb37426fb937422f973742ea7437420a
S345080054809e5237424e303742f70d37429beb364239c93642d2a6364265843642f26136427a3f3642fb1c364277fa3542eed735425eb53542c99235422e7035428d4d3542c7
S345080054c0e62a35423a08354287e53442cfc2344211a034424d7d3442835a3442b3373442dd14344201f233421fcf334237ac33424a893342566633425c4333425c20334253
S3450800550055fd324249da324237b732421e94324200713242db4d3242b02a32427f07324247e431420ac13142c69d31427c7a31422b573142d43331427710314214ed3042b8
S34508005540aac930423aa63042c4823042475f3042c33b304239183042a9f42f4212d12f4275ad2f42d2892f4227662f4276422f42bf1e2f4201fb2e423dd72e4271b32e4229
S34508005580a08f2e42c76b2e42e8472e4202242e4215002e4222dc2d4228b82d4227942d4220702d42114c2d42fc272d42e0032d42bddf2c4293bb2c4263972c422b732c4213
S345080055c0ec4e2c42a72a2c425a062c4207e22b42acbd2b424b992b42e2742b4272502b42fc2b2b427e072b42f9e22a426cbe2a42d9992a423f752a429d502a42f42b2a4234
S3450800560043072a428ce22942cdbd29420799294239742942654f2942882a2942a5052942bae02842c7bb2842cd962842cc712842c34c2842b22728429a0228427add27427e
S3450800564053b8274224932742ee6d2742b04827426a2327421dfe2642c7d826426ab32642068e26429968264225432642a81d264224f8254298d2254205ad25426987254238
S34508005680c5612542193c254266162542aaf02442e6ca24421aa52442467f24426a592442863324429a0d2442a5e72342a9c12342a49b234296752342814f234263292342fb
S345080056c03d0323420fdd2242d8b6224298902242516a224201442242a81d224247f72142ddd021426baa2142f08321426d5d2142e03621424c102142aee9204208c32042ae
S34508005700599c2042a2752042e14e204218282042460120426bda1f4287b31f429b8c1f42a5651f42a63e1f429f171f428ef01e4274c91e4251a21e42257b1e42f0531e42ae
S34508005740b22c1e426b051e421ade1d42c0b61d425d8f1d42f0671d427b401d42fb181d4273f11c42e1c91c4245a21c42a07a1c42f2521c423a2b1c4278031c42addb1b42aa
S34508005780d8b31b42fa8b1b4212641b42203c1b4224141b421fec1a4210c41a42f79b1a42d4731a42a74b1a4270231a4230fb1942e5d2194290aa194232821942c9591942d2
S345080057c056311942d908194251e01842c0b71842248f18427e661842ce3d1842131518424eec17427ec31742a49a1742c0711742d1481742d71f1742d3f61642c5cd1642d5
S34508005800aba41642877b1642595216421f291642dbff15428cd6154232ad1542cd8315425d5a1542e33015425d071542ccdd144230b41442898a1442d76014421a371442e6
S34508005840520d14427ee313429fb91342b58f1342bf651342be3b1342b111134299e7124276bd1242479312420c691242c63e12427414124216ea1142adbf114238951142d3
S34508005880b76a11422a40114291151142ecea10423cc010427f951042b66a1042e13f10420015104213ea0f421abf0f4214940f4202690f42e43d0f42b9120f4282e70e4215
S345080058c03ebc0e42ee900e4291650e42273a0e42b10e0e422fe30d429fb70d42038c0d425a600d42a4340d42e1080d4211dd0c4234b10c424a850c4253590c424f2d0c42e0
S345080059003e010c421fd50b42f4a80b42ba7c0b4274500b4220240b42bef70a424fcb0a42d39e0a4249720a42b1450a420b190a4258ec094297bf0942c8920942eb65094230
S3450800594000390942080c094201df0842ecb10842c984084297570842582a08420afd0742adcf074243a20742ca74074242470742ac19074207ec064253be064291900642e3
S34508005980c0620642e0340642f1060642f3d80542e6aa0542ca7c05429f4e0542652005421cf20442c3c304425b950442e46604425d380442c609044220db03426bac0342ec
S345080059c0a57d0342d04e0342eb1f0342f7f00242f2c10242dd920242b8630242833402423e050242e9d5014283a601420d77014287470142f017014249e8004291b800423d
S34508005a00c8880042ee5800420429004212f2ff41f991ff41bf31ff4163d1fe41e470fe414310fe417faffd41994efd418fedfc41638cfc41142bfc41a1c9fb410b68fb41b2
S34508005a405206fb4175a4fa417442fa414fe0f941067ef941991bf94107b9f8415156f84176f3f7417690f741512df74108caf6419966f6410403f6414a9ff5416a3bf54145
S34508005a8064d7f4413873f441e60ef4416eaaf341cf45f3410ae1f2411d7cf2410a17f241cfb1f1416d4cf141e4e6f0413281f0415a1bf04159b5ef41304fef41dee8ee4189
S34508005ac06482ee41c21bee41f6b4ed41024eed41e4e6ec419d7fec412c18ec4192b0eb41ce48eb41dfe0ea41c778ea418410ea4116a8e9417e3fe941bad6e841cc6de841c3
S34508005b00b204e8416c9be741fa31e7415dc8e641945ee6419ef4e5417b8ae5412c20e541b0b5e441074be44131e0e3412d75e341fb09e3419b9ee2410d33e24151c7e1411f
S34508005b40665be1414cefe0410483e0418c16e041e5a9df410e3ddf4107d0de41d162de416af5dd41d287dd410a1add4110acdc41e63ddc418acfdb41fc60db413df2da4186
S34508005b804b83da412714da41d1a4d9414835d9418bc5d8419c55d84178e5d7412175d7419604d741d793d641e322d641bab1d5415d40d541caced441015dd44103ebd34137
S34508005bc0ce78d3416406d341c293d241ea20d241dbadd141943ad14115c7d0415f53d04170dfcf41496bcf41e9f6ce415082ce417e0dce417298cd412c23cd41abadcc41aa
S34508005c00f137cc41fbc1cb41cb4bcb415ed5ca41b75eca41d3e7c941b370c94156f9c841bc81c841e609c841d191c7417f19c741eea0c6411f28c64111afc541c435c541a0
S34508005c4037bcc4416a42c4415ec8c341104ec34182d3c241b358c241a2ddc1414f62c141bae6c041e26ac041c7eebf416972bf41c7f5be41e278be41b7fbbd41487ebd4141
S34508005c809400bd419a82bc415a04bc41d485bb410707bb41f387ba419708ba41f488b9410809b941d388b8415508b8418e87b7417d06b7412185b6417b03b6418981b5419d
S34508005cc04cffb441c37cb441edf9b341ca76b34159f3b2419b6fb2418febb1413367b14189e2b0418f5db04144d8af41a952af41bdccae417f46ae41efbfad410d39ad41b4
S34508005d00d7b1ac414e2aac4171a2ab413f1aab41b891aa41dc08aa41a97fa94120f6a8413f6ca84107e2a7417657a7418dcca6414a41a641aeb5a541b729a541649da44162
S34508005d40b610a441ac83a34145f6a2418168a2415fdaa141de4ba141febca041be2da0411e9e9f411c0e9f41b97d9e41f4ec9d41cc5b9d4140ca9c4150389c41faa59b419b
S34508005d8040139b411f809a4197ec9941a75899414fc498418e2f9841639a9741ce049741ce6e964161d895418841954142aa94418d129441697a9341d6e19241d2489241d1
S34508005dc05daf9141761591411c7b90414ee08f410c458f4154a98e41260d8e4181708d4164d38c41ce358c41bf978b4135f98a41305a8a41aeba8941af1a8941327a8841c8
S34508005e0036d98741b9378741bc9586413cf385413a508541b4ac8441a808844117648341febe82415e1982413473814180cc804141258041ebfa7e4139aa7d416a587c4175
S34508005e407b057b416bb17941365c7841dc05774158ae7541aa557441cefb7241c1a07141834470410fe76e4164886d417e286c415cc76a41fa646941560168416e9c66418e
S34508005e803d366541c3ce6341fb656241e3fb604178905f41b7235e419db55c4128465b4153d559411d63584181ef56417d7a55410d0454412e8c5241dd12514117984f41c8
S34508005ec0d81b4e411c9e4c41e01e4b41219e4941db1b48410b984641ab124541ba8b4341330342411279404153ed3e41f25f3d41ecd03b413c403a41ddad3841cd19374160
S34508005f000684354184ec3341435332413eb83041711b2f41d67c2d416bdc2b41283a2a410b9628410df026412b4825415e9e2341a1f22141f144204146951e419ce31c417b
S34508005f40ed2f1b41337a19416ac217418a0816418f4c1441738e12412ece1041bb0b0f4115470d4133800b4111b70941a7eb0741ee1d0641e14d0441767b0241a9a6004122
S34508005f80e29efd408eebf9404733f640fe75f240a4b3ee4028ecea407b1fe7408c4de3404a76df40a499db408ab7d740e8cfd340aee2cf40c9efcb4025f7c740b1f8c34005
S34508005fc058f4bf4006eabb40a8d9b74027c3b34071a6af406d83ab40085aa740292aa340bbf39e40a5b69a40d07296402328924085d68d40dd7d8940101e854004b78040f9
S345080060003a9178407fa56f409daa66405ba05d407c865440c25c4b40f0224240c5d83840ff7d2f405c12264095951c406507134082670940476bff3ffae2eb3f7f35d83f98
S345080060403862c43f7f68b03fad479c3f14ff873f071c673f89e73d3f385f143f2403d53e199a803e8500ae3d0000000000000000000000000000000000000000000000003d
S3450800608000000000000000000000000000000000000000000000000000000000000000000000000000000000000000000000000000000000000000000000000000000000d2
S345080060c00000000000000000000000000000000000000000000000000000000000000000000000000000000000000000000000000000000000000000000000000000000092
S345080061000000000000000000000000000000000000000000000000000000000000000000000000000000000000000000000000000000000000000000000000000000000051
S345080061400000000000000000000000000000000000000000000000000000000000000000000000000000000000000000000000000000000000000000000000000000000011
S3450800618000000000000000000000000000000000000000000000000000000000000000000000000000000000000000000000000000000000000000000000000000000000d1
S345080061c00000000000000000000000000000000000000000000000000000000000000000000000000000000000000000000000000000000000000000000000000000000091
S3450800620010b400202ce03c21dff8042b03009bb24b43134400249c7603009bb24b43134400245c6203009bb24b43134400249c6203009bb24b43134400245c6003009bb2bf
S345080062404b4313440400a4b2640883f8214003009bb201fb03f11144002281f82020401c010089b20c29cedb0020dff8a81a088010bc70472de9f24f040015001e0001f060
S3450800628049fa0700e4b25fea4408d0e04046c0b209fb00f05044406828444146c9b209fb01f14af801006ee05ff03c09dff860aa4046c0b209fb00f050440021017740467a
S345080062c0c0b209fb00f050440021c1764046c0b209fb00f05044002101764046c0b209fb00f050443900c9b211f01f013a00d2b2120212f4005211434246d2b2920112f0b2
S34508006300400211434246d2b2d20112f4407211434246d2b2920012f0200211434246d2b2d20112f4c052114311f5c07181814ff0ff0b4046c0b209fb00f0504480f819b02a
S345080063404046c0b209fb00f05044a02181764046c0b209fb00f05044009981604046c0b209fb00f050443100490841604046c0b22100c9b2b0eb410f88d14046c0b209fb66
S3450800638000f04af800504046c0b209fb00f05044002141624046c0b209fb00f05044042181624046c0b209fb00f050440021c1624046c0b209fb00f0504400210163404632
S345080063c0c0b209fb00f05044002141634046c0b209fb00f05044002141774046c0b209fb00f00aeb0001dff8242c4346dbb21c20434302eb030088630022baa14046c0b246
S3450800640009fb00f05044806b01f0bcfa4046c0b209fb00f050440021c1774046c0b209fb00f90aeb090080f81eb018f101084046c0b22100c9b24900891c8842fff634afec
S345080064400022a9a1dff8c83b2500edb21c20454303eb050001f096fa0122a4a1dff8b40b01f090fadff8b00b2c2100222300dbb24b43c2542200d2b24a430244002353709f
S34508006480e4b24c432044ff218170bde8f18f80b58a6a0b689854521c4868824200d30022486a824205d100220021042000f0befb03e08a62486b401c486301bd10b4ca6a15
S345080064c0002308e00c68a054000a521c4c68a24200d300225b1c042bf4d310bc704710b504002100606bfff7e9ff00206063a06ae062a06a002100e0491c04290dd2401c8c
S345080065006268904200d30020626a9042f4d100220021042000f08afb00e0a06210bd426a016b8a1841688a4201d34168521a426200210163704780b50200100080b2c0118e
S3450800654010f00f000300dbb2db1e082b26d20300dbb2db1e92b2d21012f00c0212eb6302c00706d5d2b20021092000f05ffbff202ee000200870100702d5083a01200870e1
S345080065801000c0b2062806dbd2b20021052000f04dfbff201ce01000c0b219e00100c9b20c2901d1ff2013e0c0b201280ad14ff4fa7001f01bfa00220021092000f036fb59
S345080065c0ff2005e000220021052000f02ffbff2002bd806800e0083002780b00dbb29a4202d00278002af6d1704738b584b001a800f0feff10f1010f6fd001a801f06efc3c
S3450800660000286dd1bdf80400002813d19df8060002280ed19df8080081280ad101f07af89df80910c0b2814203d102f0cff902f00bfa55e000208df800006946bdf804004f
S34508006640fff779ffff284bd0dff8c4269df8003013eb40033c214b4302eb03049df8061000293dd09df8081011f00f01627e914236d09df8081011f00f016176217f002900
S345080066800ad19df80810090606d40200d2b20021012000f0cbfa23e0012508e0210001a82a00d2b210440079fff7f1fe6d1c28009df80610c0b28842f0d39df80800400665
S345080066c008d5002020772000fff709ffa06b02f0c9fa05e01020207702e0012001f086f905b030bd6161000071630000646c7300f8b504000d00dff820192200d2b22c20c0
S34508006700424301eb0206dff808162000c0b22a00d2b212eb40023c20424301eb02075ff0ff31b86b02f0d4fab87fff280dd0b078edb2a84209d130787178884205d021000f
S34508006740c9b2380000f00bf92ee0380000f0a3f9380000f089f97877797f3800fff739ff020000205088396b884204d050884ff6ff71884205d139002000c0b252689047d6
S3450800678000e01c20010089b2002907d02300dbb20022010089b2380000f0b2f93800fff7befe380000f06ff8f1bd10b5002410e0dff8381c220092b23c20424301eb020032
S345080067c0807e002804d100220021112000f02efa641c200080b20628eadb02f013fb0020c04600281dd1dff8044c2100fe20fff74efe00f08fff002809d1002200211a205e
S3450800680000f014fa21000020fff741fe03e021000120fff73cfe2000fff761fea06b02f021fafff7e2fefce780b500f001f801bd38b504000d0029002000c0b200f0b0f80e
S3450800684029002000000ac0b200f0aaf829002000000cc0b200f0a4f82900240e2000c0b200f09ef831bd38b504000d0029002000c0b200f095f82900a4b2240a2000c0b28a
S3450800688000f08ef831bd10b50400e07e002809d11020e0760320a073607f60740020a07480202074207c50f040002074217c207e41182174207e401c10f00f002076e07f8f
S345080068c000280fd114f10c0000f034fe5ff0ff3100b288420ad194f8212000210a2000f0a5f903e014f10c0000f001fe0020a0730020e076a020a07610bd38b5dff8184781
S345080069000500edb22c235d4304eb05039c78ff2c24d05c781c442171597803eb8101ca605978491c11f007010a001c78d2b2a24206d10200d2b20021262000f077f90de005
S345080069405970dff8a81ac0b29a7812eb40023c20424301eb0200806b02f084f931bd38b50400dff8b426c9b22c20414302eb0105fb206077210028782844007900f010f85d
S345080069802100287805eb8000c068fff751ff2878401c10f0070028702000fff774ff31bd38b504000d00e87e002809d10320a873687f68740020a8741020e87680202874ab
S345080069c0a87b082823db297c287e41182974287e401c10f00f002876e87f00280fd115f10c0000f0a7fd5ff0ff3100b288420ad195f8212000210a2000f018f903e015f15a
S34508006a000c0000f074fd0120a87300202874a87b28440474a87b401ca87331bd38b50400200000f021f80500200000f01df815eb0025200000f018f815eb0045200000f076
S34508006a4013f815eb0065280032bd38b50400200000f00af80500adb2200000f005f815eb0025280080b232bd0100086b002801d100200fe0086b401e086308684a6a805ce6
S34508006a804a6a521c4a624a6a4b689a4201d300224a62c0b2704770b50400616a206b41186162606a6168884203d3616a6068091a6162606ae16a884201d101201fe00420b0
S34508006ac020630025002606e02d0a2000fff7ccff15eb0065761c3000c0b20428f4db6068a8420ad200202063e06a6062012200211b2000f09bf8012001e02563002070bd12
S34508006b00feb507000d0014001e0000f003fe8030adf8000008208df80200f87e002835d10320b873787f78743c21794a3000c0b2484310443300dbb24b43134493f8203063
S34508006b405b1c80f820303000c0b24843104490f8200000280cd13000c0b2484310443300dbb24b43134493f820305b1c80f820303000c0b201fb00f102eb010090f8200035
S34508006b80b8741020f8768020387405e03200d2b20021032000f04af828008df80400adb22d0a8df80550b6f180008df806005849f6b23c20464301eb060090f820008df880
S34508006bc00700002c0dd004200100c9b2082915da21786a460300dbb21a441171641c401cf2e7042006e000216a460300dbb21a441171401c0100c9b20829f4db684600f088
S34508006c0099fc10f1010f10d100f064fc684600f091fc00208df8040002208df8050080208df80600684600f085fcf7bd7fb506000c00150000f06efd8030adf800000820be
S34508006c408df8020096f4004630008df80400b6b2360a8df80560b5f180008df80600002c0dd003200100c9b2082915da21786a460300dbb21a441171641c401cf2e703205a
S34508006c8006e000216a460300dbb21a441171401c0100c9b20829f4db012002f0d9f81d4c2188082919da26882188491c218002f0cff800200100c9b2082910da310089b274
S34508006cc004ebc1010200d2b211446a460300dbb21a4412798a70401cece702f0b9f8684600f028fc10f1010f11d100f0f3fb684600f020fc02208df8040000208df8050063
S34508006d00b5f180008df80600684600f013fc7fbdf41b0020583900202de9f04704000d002800006bc046062808d22300dbb200221c212800fff7e4fe002064e12800fff73a
S34508006d4093fe82462800fff769fe81462800fff78bfe804600265046c0b2b0280bd05046c0b2b32807d05046c0b2e12803d05046c0b2c02804d101212800c177c04600e047
S34508006d8046462800006bc046f6b2b04208d02300dbb200221c212800fff7b2fe002032e19c4e4ff4fa61300001f092ff0700380080b2002808d02300dbb200223d2128001b
S34508006dc0fff79efe00201ee15ffa8afabaf1000f20d0baf1a20f4bd0baf1a30f72d0baf1b00f00f08180baf1b20f6fd0baf1b30f00f0bd80baf1b50f00f0e980baf1c00f55
S34508006e0000f08a80baf1c10f05d0baf1c20f00f0c880e1e0e7e0b9f5805f07d24046c0b210eb090041f20101884201d340271ee009f1006919f5be29002708e02800fff79f
S34508006e4013fedff8ac153a00d2b288547f1c38004146c0b2c9b28842f0d3dff894255ffa88f8414689b2484601f0dcfe0700bae0002708e02800fff7f7fddff874153a000d
S34508006e80d2b288547f1c38004146c0b2c9b28842f0d3dff86005814512d34046c0b210eb0900dff8541588420ad2dff844255ffa88f8414689b2484601f0b4fe070000e0d4
S34508006ec00f2790e0002001f09dfd8ce0dff82405814501d20e2703e0484601f0d1fd0700002001f08ffd7ee029004046c0b2fff757fd5ff0000a08e0290099f80000fff76b
S34508006f004ffd19f101091af1010a50464146c0b2c9b28842f0d366e0b9f5805f07d24046c0b210eb090041f20101884201d340271ce009f1006919f5be2929004046c0b2df
S34508006f40fff72efd5ff0000a0ae048460078c0462900c0b2fff724fd19f101091af1010a50464146c0b2c9b28842eed33be029004046c0b2fff714fd5ff0000a0ae048460e
S34508006f800078c0462900c0b2fff70afd19f101091af1010a50464146c0b2c9b28842eed321e0484601f02efd0700dff8488405e0404601f065fd070018f50068380080b2f5
S34508006fc0002803d1dff834048045f1d30be0484601f018fd070006e02300dbb200222e212800fff78dfd380080b2002807d02300dbb20022390089b22800fff781fd30003f
S3450800700001f030fe0020bde8f0870000e421002020340020c8390020e42a002006207047f8b507000c0000202000fff71dfd06003000c0b200280dd121000220fff7b0fc7f
S3450800704021000020fff7acfc21001120fff7a8fc002070e03000c0b2ff280dd101f0fefe050021000220fff79bfc2100e86a80b2fff7f9fb00205ee03000c0b2072802dac4
S34508007080dff87c5319e03000c0b20c2803dadff87453f61f11e03000c0b2132803dadff868530c3e09e000253b00dbb2002208212000fff725fd00e06d1c3000c0b20028aa
S345080070c012d0761e002728000078c0460028f3d06d1c7f1c380080b23328f4db21000020fff75efc002026e000263000c0b240190078c04600280ad0761c3000c0b23328b5
S34508007100f3db21000020fff74bfc002013e021003000c0b2fff744fc08e028000078c0466d1c2100c0b2fff73bfc761e3000c0b20028f2d10020f2bd38b505000c00200004
S34508007140fff792fcc0b2002806d0022824d022d304282ad021d330e021000020fff720fc2100aa480068800b10f0010090f00100c0b2fff715fc2100a5480078fff710fcf4
S345080071802000fff780fb142000f030fc01f01efc01f05afc18e017e016e04ff400409d49086000209a4908700ee04ff400409a49086001209649087006e02b00dbb2002269
S345080071c007212000fff79cfc21000120fff7e8fb21008e480068800b10f0010090f00100c0b2fff7ddfb210089480078fff7d8fb002032bd38b504000d002800006bc0460b
S34508007200002801d1432011e02800fff72dfcc0b200280cd0022815d021d28049e4b21c20444301eb040001f01dfd002032bd5ff0ff317a4ae4b21c20444302eb040001f089
S3450800724047fdf2e72800006bc046042801d04320ece72800fff7e2fb00f0c8fbe5e74320e4e770b506000c002000fff7fdfb05003000c0b2062801db25203fe02800c0b27b
S34508007280ff2809d1ff21664af6b22c20464302eb06008170a17727e02800c0b200281cd10020a07751493200d2b27820424301eb0200a04208d10021594af6b22c20464332
S345080072c002eb060081700fe00121554af6b22c20464302eb0600817006e03300dbb2002225212000fff70cfc21002800c0b2fff757fb21000020fff79bfa002070bd2de92d
S34508007300f0410c002000fff7affb05002800c0b2ff2822d1434d21002888c0b2c000c0b2fff73efb002610e021003000c0b205ebc0003a00d2b210448078fff731fb7f1c05
S345080073403800c0b20828efdb761c3000c0b2298880b2884246d20027f2e7002000210ce00a00d2b206ebc202127912f007022b00dbb29a4200d1401c491c2a4e0a00d2b230
S34508007380338892b29a42ebd32100c0b2c000c0b2fff706fb002711e021003800c0b206ebc0004246d2b210448078fff7f9fa18f101084046c0b20828eedb7f1c3800c0b24d
S345080073c0318880b288420dd23800c0b206ebc000007910f007002900c9b28842edd15ff00008e6e70020bde8f0810000f41b0020f02c002000f0050801000608ffff050808
S3450800740060010008100200086021000808100140ae3b0020141001401010014020340020e42a00205839002080b50800fff7f6fa00f0dcfa002002bd10b40022dff8b83446
S345080074401878aa2800d01a221879552800d01a2258780100c9b2002903d00100c9b2402900db1a220100dc78c9b2a14200d01a229978c9b2c9430300dbb2c9b28b4200d033
S345080074801a2292b2002a01d1c0b200e0002010bc70470022dff860140879552800d01a22c879552800d01a2248790300dbb2042b00db1a228979c9b2c9430300dbb2c9b2e1
S345080074c08b4200d01a2292b2002a01d1c0b200e0002070470120dff8241408700020dff8201408700020dff81c140870704770b50400dff80c54dff80c6431782878081a89
S345080075000100c9b215290cdb14380ae0012000f06dfa31782878081a0100c9b2152900db1438c0b20b28f1da200000f003f8c0b200b270bdf8b50500012001f089fc040089
S34508007540dff8c0231178491c0800c0b2142800db0021dff8ac3310781e78b0420ad1dff89c030078002805d1200001f071fc5ff0ff303ce00c20dff8906317784743374474
S34508007580d5f804c0c7f804c0177847433744d5f808c0c7f808c017784743374495f802c087f802c02d88177800fb07f0355211701578d5f1140518784519dff84013087893
S345080075c000280ed000200870dff84003016851f001010160dff838030068400101d500f0d8f8200001f034fcedb2280000b2f2bd70b5c84c2178002902d05ff0ff3031e0a2
S345080076000c21c54dc54a2b784b43d35a03802b784b4313449b7883702b784b4313445b6843602b7801fb03f11144896881602e78761c3000c0b20b2800db0026012001f0b7
S3450800764007fc3100b64a1278c9b2914206d1012121702e7001f0fcfb002003e02e7001f0f7fb012070bd38b54ff40072ad4b1a60ad4c226832f0f00230322260ab4a13680f
S3450800768033f4c04313f58043136000229c4b1a7000229c4b1a700122984b1a7000229e4b1a7000229e4b1a7001229a4b1a70a04a1170a04a012313609f4b1d68ed07fbd5c3
S345080076c09e4dc0b255f820009d4d2860106850f00400106010684008400010601868c007fcd4c9b2080080b200f096f8022087490860206830f0f000b030206031bd4ff4d7
S345080077000070884908608848016831f0f00130310160704786480078704730b4804a1178491c0800c0b20b2800db002110787a4b1b78984207d177480078002803d1202087
S345080077408049086023e00c20744b7f4c2468640d157845435c53147844431c447b4d2d6815f00f05a570147844431c44784d2d686560147800fb04f01844764b1b688360c2
S345080077802020704b18600020624b1870117030bc704730b45949087800280ad05b4801684908490001605a48016851f00101016030e0694a0c235248534c05785d43254460
S345080077c06d68956005785d432544ad68d56005785d432544ad785560057803fb05f3e35a5b055b1c13600278521c1300dbb2142b00db00221300434c2478dbb2a34208d13a
S3450800780001230b7041490b685b085b000b60027000e0027030bc7047504901220a60504a0123136013685b085b00136000224d4b1a6000224c4b1a6080b2400110f1787048
S345080078404a4a10604a484b4a106001204a4a106000200860704718b42d4b1a6812f0e052b2f1e05ff8d13c4ac0b2444c14eb00649460d160082050602d480078404911ebfc
S3450800788040511160186810f0e050b0f1e05ff9d10020009002e00098401c00900098b0f57a6ff8d311bc7047f0b4304b1400e4b203ebc404012313fa02f2284d01232b600b
S345080078c0284e376813009bb21f433760244e376813009bb29f433760274b1e6892b232431a6080b24005206089b249056160002028600020f0bc7047f0ff0020b13b002070
S34508007900af3b0020b03b0020f03000201464004008640040b43b0020b23b0020b8360020b33b0020100c0140040c014004000140b53b0020006400400464004078ec00088d
S345080079401c6400400c640040b0650040b4650040b8650040bc6500408065004000660040046600400c66004014660040406600400000e0ff446600401c6600401500800036
S345080079800100001070b504000d0016001c220021200001f069fa6560a660eff3108072b60f4921600f49096800290bd00d49096889690c4a126894614c61a161094909688e
S345080079c0616103e007490c606461a46106490968491c054a116080f31088002070bd00bf414d4553483b00204c3b002010b513490c68002c03d012490968002901d0132055
S34508007a001ae0002801d1002016e0eff3108172b6042222630122a2630022c4f88420e06408480068401c074a106081f31088200001f024fad4f8840010bd00bf283b00208b
S34508007a4014000020403b00200a684b689a4204d1aa2101805ff0ff300be00a68cb6833f812300380521c8868824200d300220a60002070474a68cb6823f81200521c886841
S34508007a80824200d300220868904202d15ff0ff3001e04a6000207047c160826000210160002141600020704738b5dff8d0450b22dff8cc152000fff7efff0b22dff8c4154d
S34508007ac0dff8c405fff7e8ff0b22dff8c015dff8c005fff7e1ff00250fe0dff8b8152a00d2b21a20424301eb0200457121002800c0b280b2fff7beff6d1c2800c0b20a28f2
S34508007b00ebdb0020dff890150880002032bd2de9f04716001f00dff88095b9f80080b9f80020082a0adb002200212320fff77ef8dff8680530603860012005e10c00050041
S34508007b402800c0f30420290211f440710818e90011f02001081810f5c070dff844a5baf80020d2b240f2bf7180b2fff79dfebaf80000401caaf80000dff82015404680b2e8
S34508007b804001084430602800c0f3042215f400500243280210f4c0500243e80010f020000243280210f4407010f5c0700243404680b240010a520020424692b252010a44f1
S34508007bc090700020424692b252010a44d0702800c0f3042215f400500243280210f4c0500243e80010f020000243280210f4407010f500700243404680b24001084482805c
S34508007c000020424692b252010a4410740020424692b252010a4450740020424692b252010a4490740020424692b252010a4450610020424692b252010a4490613822dff856
S34508007c4064342000c0b2504318441ffa88f85fea48160e44f061b9f80000401ca9f80000b9f80060300080b24001084438602800c0f3042715f400500743280210f4c050cd
S34508007c800743e80010f020000743280210f4407010f5c070074357f04007300080b240010f5200203700bfb27f010f44b87000203700bfb27f010f44f8702800c0f304275f
S34508007cc015f400500743280210f4c0500743e80010f020000743280210f4407010f50070074357f04007300080b240010844878000203500adb26d010d4428740020350074
S34508007d00adb26d010d44687400203500adb26d010d44a87400203500adb26d010d44686100203500adb26d010d44a861e4b2544303eb0400b6b272011144c861b9f80000cb
S34508007d40401ca9f800000020bde8f08738b504000d0029002000c0b200f023f829002000000ac0b200f01df829002000000cc0b200f017f82900240e2000c0b200f011f882
S34508007d8031bd38b504000d0029002000c0b200f008f82900a4b2240a2000c0b200f001f831bd38b504000d000020297c002905d10121a9711021297480212972a9790829ad
S34508007dc016db297aa87841182972a878401c10f00f00a870687c002803d1281dfff7aafb02e0281dfff783fb0121a97100212972a97929440c72a979491ca97180b232bd08
S34508007e0010b50400207c002801d1012012e0207a50f040002072217aa07841182172a078401c10f00f00a070201dfff783fb00202074002010bd38b50c00130000210091d4
S34508007e4002006946974ddbb23820434305eb030001f0b8f8002807d18e4a009b1a214b4302eb0301216001e00021216080b232bd7cb505000020012600200090012269460f
S34508007e80884b2c00e4b23820444303eb040001f099f80400002c08d17e49009a1a20424301eb020000f006f80026002ce4d0300080b276bd80b500280ed07049407980b24d
S34508007ec0fff7d8fd40b2002806d0002200212220fef7acfe222000e0002002bd2de9fc410400257815f01f052088001210f0200005432e00fff70efcf6b2864201d10020c5
S34508007f0096e02800c0b2002801d1002090e0002633e01020b8742fe078697969098808444146c9b221440979817178690088401c7969088078690088142809db002200217f
S34508007f402120fef773fe78690088401e7969088018f101084046a178c0b28842dcd320794006d6d50020b874786940790190002201a9f86901f01af9761c3000c0b246498a
S34508007f80098880b2884252d244483100c9b24901415a22889142efd13100c9b2490100eb0107a078002832d0b87c00282cd1207900062ed50020adf8000030496846fff7a0
S34508007fc043fd80b200282bd13249bdf800201a20424301eb020078610020796908802088b0f5c070001210f003002188c91011f0040108437969c8707869857020888012ee
S3450800800010f00100796908715ff00108a2e701200ee0002200210120fef708fe012007e0002200212020fef701fe012000e00120bde8f6817cb5002416e04ff480700090bc
S345080080401949220092b24ff48070424301eb020301221649134d2600b6b23820464305eb060001f049f9641c200080b20328e4dbfff71afd01200a49088073bdb43a002004
S34508008080003a0020183a0020943a0020303a0020a43a0020ec2b0020aa3b0020f02e0020ac3b0020c8340020fc150020e4ec00087fb501215ff0005001f022fa00215ff058
S345080080c0005001f039fa01f085fa002000900020019000200290002003906946002001f085fadff8444801224ff40071200001f025fbdff838580320a8701020e8704ff4b1
S34508008100007028802900200001f0a4fa0020e870402028802900200001f09cfa0020e870802028802900200001f094fa0020e870202028802900200001f08cfa01214ff4e4
S34508008140806001f0cff9dff8e867300001f000fbdff8e0170020086000200871002048715ff4602088600020c86003200874300001f01efb0121300001f068fb012130007a
S3450800818001f06ffb0121300001f037fb012001f0d8fb300001f03efb300001f040fb0028fad1300001f044fb300001f046fb0028fad14820e8704ff48070288029002000ba
S345080081c001f048fa4820e8704ff4806028802900200001f03ffa4820e8704ff4006028802900200001f036fa00224ff40071200001f0a4fa7fbd80b580b201f0c9fbdff817
S34508008200381701f0d3fb01f05dfcdff83027dff8303701f07bfcdff82c27dff82c3701f04bfd01f071fe010089b2002001f008fa0121002001f0f0f901bd80b501224ff443
S345080082400071dff8e40601f079fa01bd80b500224ff40071dff8d00601f070fa01bd80b5dff8c8161820c8704ff400700880dff8dc0601f0eff90121022001f041f9dff85e
S34508008280d006016831f4406111f540610160dff8c4060121018041f21111dff8bc2611804ff4e041dff8b42611804ff47a71dff8b02611801021dff8ac26118040f2e731f9
S345080082c0dff8a42611800121018001bdc0b2dff89016098889b248436421b0fbf1f0dff888160880704770b5dff840460020e07001202080dff854562100280001f0aaf9c1
S345080083000020e070042020802100280001f0a2f90020e070082020802100280001f09af901214ff4007001f0ddf800214ff4007001f0f4f8dff83466300001f009fadff869
S34508008340f4150020086000200871002048715ff4602088600020c86003200874300001f027fa0121300001f071fa0121300001f078fa0121300001f040fa012001f0e1fa3b
S34508008380300001f047fa300001f049fa0028fad1300001f04dfa300001f04ffa0028fad10320a0704820e070102020802100280001f050f9202020802100280001f04af996
S345080083c0402020802100280001f044f9802020802100280001f03ef90320a0701420e0704ff4806020802100280001f033f90320a0701020e0704ff4006020802100280028
S3450800840001f028f90320a0701020e0704ff4004020802100280001f01df970bd38b5dff80c450220a0701020e07001202080dff840552100280001f00df90220a070102033
S34508008440e070022020802100280001f003f90220dff8201508600420e070042020802100280001f0f7f80420e070082020802100280001f0eff831bd80b5dff8b014032071
S3450800848088701020c8704ff400700880dff8bc0401f0e0f80121202001f032f80020dff8d814088041f61f40dff8d01408801320dff8cc1408800020dff8c8140880012004
S345080084c0dff8c41408800120dff8c01408800020dff8bc14088072b637208df8000001208df8010000208df8020001208df80300684601f02afd62b601bdc0b200280ed085
S34508008500dff87404002101800021dff8782411800221dff8802411700121018007e00020dff8541408800020dff8581408807047c0b2002803d1dff86004006802e0dff81b
S345080085405c040068704780b50020dff844140880dff840140878002817d00878401e08700020dff8341408600020dff830140860002000f0c3f9dff828140870012000f0a0
S34508008580bdf9dff8201408701fe0002000f0b6f9dff80c140a780300dbb29a4205d0dff8f82313685b1c13600870012000f0a6f9dff8f0130a780300dbb29a4205d0dff809
S345080085c0dc2313685b1c1360087001bdf8b50400002500261ce0dff89473072301220a21380001f04bf90121380001f006f90221380001f0c3f90028f9d03800c06c80b23f
S3450800860001f0c6f90100280001f0dafc0500761c3000c0b20828dedb280001f053fadff88823dff8883301f071fa0022dff8803301f07efd01f0a0fe2060241d00250026e1
S345080086401be0ca4f072301220c21380001f016f90121380001f0d1f80221380001f08ef90028f9d03800c06c80b201f091f90100280001f0a5fc0500761c3000c0b2082819
S34508008680dfdb280001f01efaca4acb4b01f03efa0022c74b01f04cfd01f06efe2060f1bd80b54ff48071a04801f034f802bd70b5002400251ce09e4e07230122062130004e
S345080086c001f0dcf80121300001f097f80221300001f054f90028f9d03000c06c80b2b74980b251f82010200001f06afc04006d1c2800c0b20828dedb20005ff0824101f070
S3450800870055f970bdf8b5002400251be0974e072301220a21300001f0b1f80121300001f06cf80221300001f029f90028f9d03000c06c80b201f02cf90100200001f040fca8
S3450800874004006d1c2800c0b20828dfdb200001f0b9f9954a954b01f0d9f90022944b01f0e7fc01f009fe0400002500271be07f4e072301220521300001f080f80121300052
S3450800878001f03bf80221300001f0f8f80028f9d03000c06c80b201f0fbf80100280001f00ffc05007f1c3800c0b20828dfdb280001f088f9824a834b01f0a8f900227c4be8
S345080087c001f0b6fc01f0d8fd210001f069fc04004ff40071544800f0a7ff01f0d9f80100200001f0fdfdf2bd80b5c0b2002806d001224ff40061554800f0a0ff05e0002285
S345080088004ff40061514800f099ff01bd80b5c0b2002806d000224ff480614c4800f08eff05e001224ff48061484800f087ff01bd80b504214e4800f06dff02bd80b5c0b209
S34508008840012805d101220121494800f077ff04e000220121464800f071ff01bd10b549f64044012000f0e4fd01214ff4807001f023fe45f2555001f031fe002001f032febd
S34508008880200080b201f032fe002001f027fe01f036fe10bd1fb501215ff4003000f030fe00215ff4003000f047fe2049032088701820c870042008801b4800f0cbfe424c55
S345080088c0200001f027fe5ff4e13000900020adf804000020adf806000020adf808000020adf80c000820adf80a006946200001f059fe0121200001f0a7fe1fbd80b5010036
S34508008900c9b2042901dbff200ce0102111fa00f0010089b20d4800f0fdfe002801d1012000e0002002bd000000080140e03a002000280140483a002000007a4483c0caa11e
S34508008940455da240f4fdd478e99a7540001001400400014000040040200400401c0400402c04004028040040400400400024014000140140141401400014004028140040ff
S345080089802c14004024140040141400400c14004010140040b93b0020e43a0020e83a0020b73b0020b83b00207fff417ffc007f3f000020403222ac21cc48583f002200087e
S345080089c02a00c63368e88f3f0044004080b50020fff71cfffff73afc01bd0ee002684368024408305feac37c44bf4b445b1e52f804cb43f804cb091ff9d150f8041b00299b
S34508008a00ecd17047002807d1002072490860802071490860002016e06e4a70494840106011686f4841406f48814209d16e48116801606e490160002067490860002002e049
S34508008a40002010602c20704780b55ff0ff3068490860684908606849086068490860fef74efe6748674901600021009102e00099491c009100996429f9d36349016001bd5d
S34508008a8054490968002901d1272016e0524902220a605e4a1060086850f0400008605c490800411e002803d05a480068c007f7d4002901d10b2000e000207047ff2056498b
S34508008ac00870564908700020554908600020704710b44f4b0122404c226001801a00531e002a03d04b4a1268d207f7d4002b01d1192006e0008889b2814201d1002000e01d
S34508008b00282010bc704780b5454a1068002809d0414800784149097811eb002189b21068fff7d6ff002002bd2de9f04104000d00002028490968002901d1272047e0384e50
S34508008b40316800290ed16108490031603349ff220a70314b1a703268a24201d10d7035e01d7033e0306861084900884214d13068a04202d12948057001e027480570264805
S34508008b8000782649097811eb002189b23068fff79fff0021316019e01f4fdff88080387898f8001011eb002189b23068fff790ffff2188f8001039706108490031603168d1
S34508008bc0a14202d188f8005000e03d7080b2bde8f0810000103b00201020024055af23505231c2ab7130a5ee04200240ab89efcd80e100e084e100e080e200e084e200e030
S34508008c000ced00e00400fa050100fa051420024040420f000c200240c03b0020c13b00200c3b0020f8b506000c001500fff746ff002701e0761c7f1c3800210080b289b22d
S34508008c4088420bd2380080b2295c3000fff76cff010089b20029edd080b202e0fff753ff0020f2bd80b50100eff3108272b6c868002806d18868401c886082f31088002010
S34508008c8023e0036f984202d10023cb600be0036fcb60036fd0f874c0c3f874c0436fd0f870c0c3f870c00b695b1e0b610021816606490968491c054b196082f3108800213f
S34508008cc0c0f8841001f0cefc002002bd403b002010b5eff3108272b68368002b06d08168491e816082f3108800202fe000292ad0174b1c68174ba366e066c368002b0ad041
S34508008d00c3682367c3685b6f6367c3685b6f1c67c3685c6702e0c4602467646703695b1c0361062020630120a063e1640a480068401c0949086082f31088200000f09ef813
S34508008d40d4f8840002e082f310880d2010bd00bf283b0020d9e90008403b002080b572b6244825490860fef7cafc012000f026fb212000f0effb0028fad0002000f02ffb32
S34508008d805ff4803000f0fefa312000f0e3fb0028fad05ff480115ff4803000f013fb012000f019fb392000f0d5fb0028fad04ff4404000f035fb002000f029fb4ff480605a
S34508008dc000f01dfb002000f012fb022001f0c6fc002001f0ccfc102001f0d3fc022000f0fefa40f2fd10054908605ff090500449086001bd0020000808ed00e0181002409a
S34508008e001c10024080b572b64ff4407001f098f814208df8000001208df8010000208df8020001208df80300684601f08ef813208df8000001208df8010000208df802000a
S34508008e4001208df80300684601f07ff862b601bdeff3108180f310880846704701480068704700bf283b002010b5040010000a000100200001f092fc200010bd10b50400e9
S34508008e804848006884420ad1e06c002807d05ff0ff31884203d014f14c0001f0b3fceff3108072b640490968491e3f4a1160a16b002964d00021a163e16a226aa2421ad08b
S34508008ec0226a636a5362626a236a1362374a52f82120a24253d1354a236a42f82130344909688c424bd133490968304a52f821102f4a116043e02d4a002342f821302e4a79
S34508008f001268012313fa01f1c94311402a4a11600021294a1268d3b2002b20d1120ad3b20831002b1bd1120ad3b20831002b16d1120ad3b20831002b11d11e4920220a60be
S34508008f401b4900220a6080f310881c480068164909680843002823d101f096fc20e0184a9a5c5118134a1160114909688c4206d1104909680d4a52f821100d4a116080f38c
S34508008f801088084800680a490968884208d00b480068054909680843002801d101f074fc10bd00bf283b0020403b00203c3700202c3b00203c3b0020383b002014000020ab
S34508008fc0f02f002010b5eff3108372b6846a002c35d0d4f880c0bcf1000f30d0e26fd0f808c001e0091d121dd2f800e0c1f800e0bcf1010cbcf1000ff4d1216f8c4202d115
S345080090000021816207e0216f8162216f626f4a67616f226f0a67c16a491ec1620020a0665f480068401c5e49086083f310880020c4f88400200001f015fb0020aee0d0f886
S3450800904010c0bcf1000f71d0026ad0f808c001e0091d121dd2f800e0c1f800e0bcf1010cbcf1000ff4d18168026a12eb81010162016ac269914201d381690162002c09d19e
S345080090804169491c41610169491e016183f31088002083e042490968491c414a116083f31088eff3108372b63d490968491e3c4a1160e26f416ad0f808c001e0091d121d0e
S345080090c0d2f800e0c1f800e0bcf1010cbcf1000ff4d18168426a12eb81014162416ac269914201d381694162216f8c4202d10021816207e0216f8162216f626f4a67616fb2
S34508009100226f0a67c16a491ec1620020a06624480068401c2249086083f310880020c4f88400200001f09efa002037e0002a32d0dff870c0dcf80040dff86cc0c4f868c0c5
S34508009140e066e1670021c4f88010816a00290ad0816a2167816a496f6167816a496f0c67816a4c6702e0846224676467c16a491cc162052020630120a063e26408480068cb
S34508009180401c0749086083f310882000fff776fed4f8840002e083f310880a2010bd00bf403b0020283b002051e9000810b5eff3108372b6d0f814c0bcf1000f5cd0826acd
S345080091c0002a23d14269521e42610269521c0261426ad0f808c001e0121d091dd1f800e0c2f800e0bcf1010cbcf1000ff4d18168426a12eb81014162416ac269914201d325
S345080092008169416283f3108800206de0846a226f944202d1002282620be0226f8262226fd4f874c0c2f874c0626fd4f870c0c2f870c0c26a521ec2620022a2662b4a12687b
S34508009240521cdff8a8c0ccf8002083f31088e26fd0f808c001e0121d091d08681060bcf1010cbcf1000ff6d10020c4f88400200001f0f8f9002037e0002a32d0dff870c041
S34508009280dcf80040dff86cc0c4f868c0e066e1670021c4f88010816a00290ad0816a2167816a496f6167816a496f0c67816a4c6702e0846224676467c16a491cc162052034
S345080092c020630120a063e26408480068401c0749086083f310882000fff7d0fdd4f8840002e083f310880b2010bd00bf403b0020283b002051e900082de9f04105000e0005
S3450800930017001c00ddf81880382200212800fff7abfd6e60af60b800b8fbf0f000fb07f1ac6114eb8101e9612c626c626861e860eff3108072b6104929601049096800296f
S345080093400bd00e490968496b0c4a126855630d6369630a490968296303e008490d602d636d6307490968491c054a116080f310880020bde8f08100bf55455551503b0020a2
S34508009380543b0020dff808120a6832f480320a600a6832f480220a60b0f5803f03d0b0f5802f05d009e0086850f48030086004e0086850f4a0200860ffe77047c0b2764904
S345080093c0086070470022734b1a6832f47c121043084318607047c0b270490860704700216c4a1168890889000843106070470021684a116831f0f001084310607047002146
S34508009400644a116831f4e0610843106070470021604a116831f4605151eac0011160704700215c4a116831f44041084310607047c0b25c490860704710b40021002100212c
S345080094400021544a116811f00c01002904d0042905d0082906d01ee0534901601de0534901601ae0136813f470139b0c9b1c116811f48031002903d14d494b43036009e0a4
S345080094801168890303d54b494b43036002e047494b43036001e044490160116811f0f0010909454b595c0468cc404460116811f4e061090a595c4468cc408460116811f48b
S345080094c06051c90a595c4368cb40c360116811f44041890b394a515cc268b2fbf1f1016110bc7047c9b2002904d035490a681043086004e032490a6832ea000008607047bc
S34508009500c9b2002904d02f490a681043086004e02c490a6832ea000008607047c9b2002904d029490a681043086004e026490a6832ea000008607047c9b2002904d02349ff
S345080095400a681043086004e020490a6832ea0000086070470021002100210100c9b24909c9b2012902d10a49096806e0022902d10b49096801e016490968c0b210f01f005e
S34508009580c140c80701d5012000e00020c0b2704700100240041002400000424260004242201002408004424200127a00001bb70000093d00808d5b000000002010000020c7
S345080095c0181002401c1002400c100240101002402410024080b501215ff00050fff7acff00215ff00050fff7a7ff01bd30b400220022164d2b6840f6fe72824093430c68ce
S345080096004a6814438a681443c9680c4314fa00f01843286030bc7047c9b2002907d00b490a68012313fa00f01043086007e007490a68012313fa00f032ea000008607047a4
S3450800964089b2034a10180160704700000074004008740040f0b4002200220022002200220022cb7813f00f03ca78d20601d58a7813430a78120620d0066800241ae0ca783c
S34508009680482a16d1a740076113e0012717fa04f50a882a40aa420cd1a2000f259540ae4313fa02f232431600ca78282ae7d1a7404761641c082ce8d306600a88b2f5807ffa
S345080096c026db4668002420e0012714f1080517fa05f50a882a40aa4216d1a2000f259540ae4313fa02f232431600ca78282a04d114f1080217fa02f24261ca78482a03d1a5
S3450800970014f1080297400761641c082cdcd34660f0bc70470022806889b2084201d0012000e00020c0b270470022c06889b2084201d0012000e00020c0b27047d2b2002a1f
S3450800974002d089b2016101e089b241617047304080b5dff81012884208d0dff80c1288420fd0dff80812884216d020e001214ff40070fff7d3fe00214ff40070fff7cefe46
S3450800978015e001214ff48060fff7c8fe00214ff48060fff7c3fe0ae001214ff40040fff7bdfe00214ff40040fff7b8feffe701bd10b4002200234468dff8b42114400a684f
S345080097c014430a7954ea022444608468dff8a4211440ca6814438a6814434a7954ea42048460c26a32f47002097c491e0b43dbb252ea0352c26210bc7047c9b2002904d065
S34508009800816851f00101816003e081684908490081607047816851f008018160704700218068000701d5012000e00020c0b27047816851f0040181607047002180684007fd
S3450800984001d5012000e00020c0b2704700220022426832f46042c9b2491e52ea413242607047c9b2002904d0416851f40061416003e0416831f4006141607047f0b4002480
S3450800988000240c00e4b20a2c11dbc5680727b1f10a060324664317fa06f6b543dbb2b1f10a0603246643b3402b43c3600ee004690726032505fb01f516fa05f5ac43dbb211
S345080098c0032505fb01f5ab40234303611300dbb2072b0fda446b1f26551e05235d4316fa05f5ac43c9b2531e0522534399402143416324e01300dbb20d2b0fda046b1f26a1
S34508009900d51f05235d4316fa05f5ac43c9b2d31f0522534399402143016310e0c46a1f26b2f10d0505235d4316fa05f5ac43c9b2b2f10d030522534399402143c162f0bcc9
S345080099407047c0b2002805d00b48016851f40001016004e00848016831f4000101607047000000000024014000280140003c0140fffef0fffdf7f1ff082401400022006863
S34508009980c9b2084201d0012000e00020c0b2704750b1b0fa80f18840c1f19d01c905020672f1004241eb1020704741504ff0ff0c1cead0531dbf1cead1526345624543e07c
S345080099c09b1a5feacc7280ea010c42ea01211cea020c42ea0020421a38bf01eb420253f17e034fea1121b2fbf1f001fb102260f3d63c4fea0222b2fbf1f001fb102260f3b8
S34508009a00ce1c4fea0222b2fbf1f006ddff2b29da5cea500040ebc3507047c3f1020301fb1022192b40ea4c010cf0004c41f0807121dc21fa03f0c3f120039940114371f12b
S34508009a40004250eb0c00704763451abf0cead152624512e080ea010c00180cf0004c06d049181ad10cf0004c4cf0ff407047c94208bf6fea020c60467047634506d1b2eb40
S34508009a800c02f5d001f00041484070474a0212bf0846484000f0004070474ab90902b1fa81f2914043b19b18c00140f0004092e7c90141f0004152420002b0fa80f3984065
S34508009ac0d31a88e7c0f3c75181b1ff2906d0c110400721f0e04101f16051704741020cbf40f4e0016ff000410020704700f0004100020ad0b0fa80fc00fa0cf001f16051f7
S34508009b00a1eb0c5101ebd0214005704730b540f2ff7c1cea11541dbf1cea1355644565453fe0641981ea030c6ff35f530cf0004c43f48013c90241f0004141ea505ec502a2
S34508009b401100a5fb020200284ff00000eefb01204ff00001e3fb052118bf42f00102401800214941e3fb0e01a4f580640d0302d292184041494154f1010470dd450872f114
S34508009b80004250f1000051eb0451a1f5801102d441ea0c0130bd40f2ff7e4cea0e51002030bd0cea1355644518bf654581ea030c0cf0004c41d050ea410e1cbf52ea430ec4
S34508009bc002e06146002030bd24422c441bd15fea050ef6d0090302bf01460020aef1140eb1fa81f5aeeb050401fa05fe0c35c5f1200100fa05f5c8404eea000e6ff35f53b9
S34508009c0043f480139ce733f00043b3fa83f504bfb2fa82fe75440b3d641bb5f1200e2fbf02fa0ef3ab40c5f1200e22fa0efe38bf43ea0e03aa40641c7ce750ea410e14bfbb
S34508009c4052ea430e6ff000014ff4001515eb430f8ebf194615eb410f9de7b4d830bdd4f10104b4f120050fdac4f12005520828bf42f0010210fa05fe01fa05f57244e2bf20
S34508009c80e0402843e1400fe0352c9adcc5f1200452ea400220fa05f218bf42f0010231fa05f0a1400a43002172f1004250f1000051eb0c0130bd515570b491ea030f4ff08e
S34508009cc0004540f1b7806b40841a71eb030604d26e40001bb141121973414ff4001c1ceb410f34bf7ceb430683e00c0da4eb1356362e00f37c80012e45eac32341dc43eadd
S34508009d00525312bfd20292025b08240545eac12141ea5051d2ebc020994125d407d1b0fa80f610fa06f162d00020203608e0b1fa81f6b140c6f1200220fa02f21143b04097
S34508009d404feaf474b4eb465434f001064fea74040ad8d6f50016760d04f00044f04061fa06f25040f1404840c00a40ea415021f0004128bf5fea500550f1000044ebd12117
S34508009d8035e0db0a45eac121c90ab6f120050edd42ea0242120cc5f1200603fa06f6eb4042ea06056d42984161f100010de062fa06f5f240554063fa06fc82ea0c02f34049
S34508009dc05a406d42904161eb030111f4801f05d1641e620502d06d004041494121f48011430875f1004350f1000041eb045170bc70471ceb410f15d223f0004352ea4306e6
S34508009e000bd04fea4c0cbceb410f04d80c0d661e342eb7ddebe7801a994150ea410608bf0021e4e708bf1ceb430f28bf6ff00001dde70000841a71eb030603d2001bb141b8
S34508009e40121973414ff4001c1ceb410f34bf7ceb430442e00c0da4eb1356352e4fdc45eac323db0a45eac121c912b6f120050ddd63fa05f6eb4086ea0305124218bf45f0e6
S34508009e800105c01851f100010cd213e062fa06f5f2405540f3415a40b340f3405a408018594107d349085fea30005fea350528bf45f0010501f58011420875f1004250f1c1
S34508009ec0000041eb04514e0016f5001f70bc38bf70470020090d090570471ceb410f10d252ea43060bd0bceb410f05d80c0dab43661e342eb6dd02e0ab438018594170bc6b
S34508009f00704770bc70475b00c1f30a5340f21e42d31a0cddca0283f3070342ea505242f00042da4002ebe17282eae17070476feae17203f2e13008b182f000407047000075
S34508009f401a4908431a4908607047002100210f23c17800291ed01649096811f4e061d1f5e061090ad1f10402cb40417811fa02f281780b401a4312010e490378ca5401215e
S34508009f80027812f01f0291400b4a0078401142f8201009e00121027812f01f029140074a0078401142f82010704700000000fa050ced00e000e400e000e100e080e100e04b
S34508009fc090ea010f40f1728081f00041431a4ff000423ebf5340c01ac918d3095fead05c13eb400f34bfb3eb410f40e07cebd1530cd342ea012122d8d1eb402009d3400a38
S3450800a00028bf5fea500140ebcc507047401a15d04002b0fa80f2521c9040400a4fea3c23b3eb026384bf00eb730007e040f400001a16db07c2f10102d04018437047182bea
S3450800a040fcdc31fa03f202fa03f3591a38bf42f00102d2eb40203cbf0018acf1010c5feacc5cc20572f100414ceb5020704713eb400f0fd2c94209d0acebd153022b03db5d
S3450800a0804902172bdddd70479143401ac042d5d10020704713eb410fd0d36ff00000704790ea010f7ff592af81f00041421a3cbf801a8918c0f3c752ff2a4ff0004c22d0eb
S3450800a0c0c1f3c7534bb3d21ad2f119032edd4cea01214cfa03f321ea0303d1404cea00226ff3160052180fd353eac2534cea520273eb0c0c50eb1220420012f1807f38bfe4
S3450800a10070476ff31600704753ea026322ea0c0273eb0c0c50eb12207047490212bf9a4200eb5120efe7d2f11703d2d570470000f0b540f2ff7581ea030c0cf0004c15ea64
S3450800a14011541dbf15ea1357ac42af42e5e0bc41c1f31301c3f31303801a994143f4801304d2641e0018494180185941c90241ea5051b1fbf3f603fb1611a2fb0675d7eb5d
S3450800a180c020a94102d2761e80185941c90241ea5051b1fbf3fe03fb1e11a2fb0e75d7ebc020a94103d2aef1010e80185941890241ea9051760546ea8e2eb1fbf3f603fbda
S3450800a1c01611a2fb0675d7eb8020a94102d2761e80185941c90241ea50514eea060eb1fbf3f603fb1611a2fb0675d7ebc020a94102d2761e80185941c90241ea5051b1fb0e
S3450800a200f3f703fb1711a2fb0735d3ebc020a94167f100070cbf004247f0010766f3d5274fea1e31b80814f5806412ddbd0775f1004250eb0e5051eb045111f5801f5cbf25
S3450800a24041ea0c01f0bd4cf07f6141f0e0410020f0bdbd076d0840ea0e5041f48011d4f10104b4f120060adac4f120060200e04001fa06f3e1401843b24015430ee0342cab
S3450800a28013dcc6f1200445ea40056d0820fa06f2154321fa06f0a1400d43002175f1004250f1000051eb0c01f0bd00205fea0c01f0bdcfb992185b41b3fa83f704bfb2faaa
S3450800a2c082f6bf190b3fb7f120062fbf02fa06f3bb40c7f1200622fa06f638bf3343ba401cb1e419641e33e77f4231f00041b1fa81f404bfb0fa80f6a4190b3cb4f1200652
S3450800a3002fbf00fa06f1a140c4f1200620fa06f638bf3143a0403c1b1ae7ac421abf05ea1357af4212e050ea41061cbf52ea4306bfe750ea4107304661461cbf41ea055136
S3450800a340f0bd52ea430c08bfc143f0bd00204ff4001616eb410f98bf16eb430f08bf16eb410f24bfc14305e016eb430f0cbf61464cea0551f0bd000001f000428b1aa3f15d
S3450800a3806051b1f5801f0adbb1f17f6f1fd242eac102c10071f1004142eb507070470b15c3f10903212b10d2890241ea905180020128494141f0004121fa03f0c3f120030b
S3450800a3c0994071f1004150417047100070476ff0000013eb103f5cbf000e42eac0507047ff2212ead05c1dbf12ead153944593422be09c44d30780ea010243ea002043ea5d
S3450800a40001211a40a1fb0030c04238bf00187cf17f010bdbfe294ada5b0842eac15153ea006373f1004c51eb10207047d1f1080cdcf120012fdb5b0810fa01f10b4320faee
S3450800a4400cf073f100415041704794451cbf02ead153934280ea010202f000421dd0400019d0490017d05bb9634514d00902b1fa81f39940bceb030cc00140f00040c1e733
S3450800a4800002b0fa80fc10fa0cf0b3eb0c0cc90141f00041b6e71000704740000ad0490008d010f1807f94bf11f1807f02e042f0ff407047d0437047c9b2002904d00649e0
S3450800a4c00a681043086004e003490a6832ea00000860704700000000042004e080b20a4908607047c0b209490860704780b20849086070474af6aa200349086070474cf65c
S3450800a500cc4001490860704700300040043000400830004080b54749884216d0464988421ed04649884226d0454988422ed04549884236d101214ff48040fef7efff002153
S3450800a5404ff48040fef7eaff2be001215ff40030fef7f2ff00215ff40030fef7edff20e001215ff48020fef7e7ff00215ff48020fef7e2ff15e001215ff40020fef7dcff9d
S3450800a58000215ff40020fef7d7ff0ae001215ff48010fef7d1ff00215ff48010fef7ccffffe701bd78b585b004000d00002000200020002000202600218a4cf6ff7001403c
S3450800a5c0e88801432182a1894ef6f3100140a88801432889014368890143a181a18a4ff6ff400140a8890143a1826846fef724ff1448864201d1039900e00299192041436c
S3450800a60028688000b1fbf0f26420b2fbf0f109010b001b097ff0630000fb0322100132306422b0fbf2f010f00f000143218106b070bd00000044004000480040004c00403b
S3450800a6400050004000380140c9b2002904d0818951f40051818104e082894df6ff710a408281704710b50400606e002804d014f14c0000f00bf901e00020e064eff3108074
S3450800a68072b62f490968491e2d4a1160a16b00290ad0216b012940d0216b02293dd00021a1630021216338e0216b002935d0616b002904d000216163032121632de0002173
S3450800a6c02163e16a1f4a52f82120002a05d0516a0c625462616222621fe01a4a42f8214024626462184a126801238b401a43164b1a60164a1268002a04d1144a1460144a0e
S3450800a70011600ae0124b1b68994206d2104b1960d26b914201d20d490c6080f310880d4800680a490968884208d00b480068044909680843002801d100f0a6f810bd00bf9e
S3450800a740403b00203c370020383b00202c3b00203c3b0020283b0020140000200021dff83820116811f03801084310607047dff828100a6832f008020a600a68104308607c
S3450800a7807047dff814100a6832f010020a600a6810430860704700000020024062f30f2262f31f42401810f0030308d0c91a1fd3db0748bf00f8012d28bf20f8022d1300ec
S3450800a7c030b414461546103928bf20e93c00fad8490728bf20e90c0048bf40f8042d890028bf20f8022d48bf00f8012d30bc7047c91818bf00f8012dcb0728bf00f8012d6b
S3450800a80070470000eff3108172b60268002a30d002685ff0ff339a422bd08269002a28d10268212a01d31f2201e00268521e134b1b6813eb8202124b1b689a4207d3104b7b
S3450800a8401b68d21a92100f4b1b6813eb82021368002b0ad01368036113685b6943614369186113685861826103e0006140618261106081f310880020704700bf8c3b00201b
S3450800a880883b0020843b002000df7047eff3108172b68269002a1ed00269904209d182691268824202d18269002313600022826111e00269436953614269036913618269c9
S3450800a8c01268824205d10269836993618269036913600022826181f31088002070470000dff84c2b1188002900d1108070470020dff83c1b088070472de9f84307000c0020
S3450800a9002000fcf7b1f880462000fcf79ef881462000fcf7a9f80500dff8186b4346dbb24a4692b22900c9b2300000f060ff00280ad03b00dbb200224ff4c8712000fcf77c
S3450800a940dff842f211701de021004046c0b2fcf727f821002800c0b2fcf722f801212000c177c046002706e021003800c0b2305cfcf716f87f1c38002900c0b2c9b28842b5
S3450800a980f2d30020bde8f2832de9f84304000d002800006bc046042809d22300dbb200221c212800fcf7acf842f2117056e02800fcf75af806002800fcf747f807002800d3
S3450800a9c0fcf752f88046c1465ffa89f92800006bc046814509d02300dbb200221c212800fcf78ef842f2117038e05ff0000909e02800fcf739f8dff83c1a4a46d2b2885405
S3450800aa0019f1010948464146c0b2c9b28842efd33300dbb23a0092b25ffa88f8414689b2dff8100a00f07aff00280fd02300dbb200224ff4c8712800fcf762f82900300010
S3450800aa40c0b2fbf7adff42f2117007e029003000c0b2fbf7a5fffff74aff0020bde8f2837cb504000d0000200190002000900020002101a801f076f8010089b2002907d01a
S3450800aa802300dbb20022010089b22800fcf738f80021684601f0e0f8010089b2002907d02300dbb20022010089b22800fcf728f801980099884201d1012600e000260020f7
S3450800aac0019001200090012101a801f04bf8010089b2002907d02300dbb20022010089b22800fcf70df80121684601f0b5f8010089b2002907d02300dbb20022010089b2e5
S3450800ab002800fbf7fdff01980099884201d1012400e0002429003000c0b2fbf741ff29002000c0b2fbf73cff002076bdf8b50c00032001f0c7f8010089b2002901d080b2ce
S3450800ab402be05ff0ff3500204ff4107637006d1c0121380080b200f0b0ff3f1d290009b2102902da10f1010ff1d121002800c0b2fbf716ff002709e00121300080b200f0f7
S3450800ab808bff2100fbf750fe361d7f1c3800290000b209b28842efdb0020f2bd3eb504000d000020019000200090002101a801f053f8002810d0002101a801f04df82300e7
S3450800abc0dbb20022010089b22800fbf799ff002101a801f041f81fe00021684600f0c2ff002810d00021684600f0bcff2300dbb20022010089b22800fbf782ff002168463d
S3450800ac0000f0b0ff08e029000098fbf711fe29000198fbf70dfe00203ebdf0b589b006000c00607f412801d1002708e0607f432801d1012703e02000fbf716ff471e2000f7
S3450800ac40fbf712ff05002800c0b2092803da3800c0b202280adb3300dbb200224ff480712000fbf74dff42f2117093e0dff8c0170888002801d008888ce0ffb2002f05d1d8
S3450800ac80edb22420454315f5807504e0edb22420454315f5207500232a0092b22421684600f0a5fd002816d000232a0092b22421684600f09cfd3300dbb20022010089b2df
S3450800acc02000fbf71dff00232a0092b22421684600f08dfd5ee00021280080b200f0c9fe210080b2fbf7bffd0021a81c80b200f0affe2100c0b2fbf753fe0021e81c80b2c8
S3450800ad0000f0a6fe2100c0b2fbf74afe0021281d80b200f0d2fe2100fbf78afd607f532803d121000620fbf73bfe0021280080b21c3080b200f0c1fe002803d0dff8f8168a
S3450800ad40884211d1002504e021000020fbf76cfd6d1c2800c0b20528f6db21005ff07e50fbf762fd002015e000260ee00021280080b208303200d2b210eb820080b200f093
S3450800ad808bfe2100fbf750fd761c3000c0b20628ecdb002009b0f0bd38b504000d00dff890160888002801d0088847e00023022201210df1010000f01afd002816d0002392
S3450800adc0022201210df1010000f011fd01002300dbb2002289b22800fbf792fe0023022201210df1010000f002fd27e0002303220121684600f0fbfc002814d00023032299
S3450800ae000121684600f0f3fc01002300dbb2002289b22800fbf774fe002303220121684600f0e5fc0ae029009df80100fbf7b8fd29009df80000fbf7b3fd002032bd2de9fd
S3450800ae40f0410c00dff8e8150888002801d008884fe000262000006bc046012813d12000fbf702fe06004ff48065f6b2012e01d14ff4a065402701212000c177c046002669
S3450800ae805ff0000809e02000006bc0460028ead01c202ee0761c18f1010840463900c0b2c9b288420ad200214046c0b215eb800080b200f002fe10f1010febd121003000b8
S3450800aec0c0b2fbf76dfd00270be000213800c0b215eb800080b200f0dffd2100fbf7a4fc7f1c38003100c0b2c9b28842edd300f0a9fdbde8f08170b50c0001212000c17796
S3450800af00c046dff82c150888002801d0088852e000214ff4006000f0d0fd10f1010f35d0042000f0cffe010089b200292cd10025002601e06d1c761c402e09d20021b0005f
S3450800af4010f5106080b200f0b8fd10f1010ff1d121000820fbf724fd21002800c0b2fbf71ffd00260ae00021b00010f5106080b200f092fd2100fbf757fc761c280080b226
S3450800af808642f0d3002016e080b214e021000820fbf706fd21003020fbf702fd002507e02100dff8980450f82500fbf73dfc6d1c302df5d3002070bdf8b50c00dff87014d5
S3450800afc00888002801d0088859e000208df80000684600f0e0f9010089b2002901d080b24de09df80000401c8df800009df800509df80000454301212000c177c046210027
S3450800b0002800c0b2fbf7ccfc00214ff4c06000f054fd10f1010f15d000263000c0b2290080b289b2884229d200213000c0b2800010f5c06080b200f02ffd2100fbf7f4fb18
S3450800b040761ceae70026002711e021000020fbf7ebfb761e0ae0300080b20028f5d121005ff07e50fbf7e0fb9df800607f1c3800c0b2290080b289b28842ecd30020f2bd07
S3450800b08010b50c000021012000f0e2fc2100c0b2fbf786fc002000f015fe010089b2002901d080b201e000f0cdfc10bd80b500230122012100f09bfb02bd1cb50220019042
S3450800b0c001200090dff878432000fff7efff80b2fff706fc2078002804d140f29110fff7fffb15e00021684600f03cfd80b2fff7f7fb002101a800f0affd80b2fff7f0fbf9
S3450800b10000980199884203d04ff4c970fff7e8fb13bd70b504000d00200000f0f9fd060029003000c0b2fbf73bfc05e029002078fbf736fc641c761e3000c0b20028f5d169
S3450800b14070bd70b588b004000d0001234ff498722021684600f04bfb002816d001234ff498722021684600f042fb2300dbb20022010089b22800fbf7c3fc01234ff498729d
S3450800b1802021684600f033fb2ae06e460020f07729006846fff7bdff002320222021684600f025fb002814d0002320222021684600f01dfb2300dbb20022010089b22800a4
S3450800b1c0fbf79efc002320222021684600f00ffb06e00020f07729006846fff79aff002008b070bd70b50c0091490888002801d008885be00025002601e06d1c761c3000b9
S3450800b200c0b208280ada00213000c0b28000703080b200f052fc10f1010feed121002800c0b2fbf7bdfb00260be000213000c0b28000703080b200f02ffc2100fbf7f4fab0
S3450800b240761c30002900c0b2c9b28842edd30025002601e06d1c761c3000c0b208280ada00213000c0b28000403080b200f025fc10f1010feed121002800c0b2fbf790fb63
S3450800b28000260be000213000c0b28000403080b200f002fc2100fbf7c7fa761c30002900c0b2c9b28842edd300f0ccfb70bd70b50c005f490888002801d008882ee000255d
S3450800b2c0002601e06d1c761c3000c0b208280ada00213000c0b28000a03080b200f0edfb10f1010feed121002800c0b2fbf758fb00260be000213000c0b28000a03080b225
S3450800b30000f0cafb2100fbf78ffa761c30002900c0b2c9b28842edd300f094fb70bd70b50c0043490888002801d0088832e00025002601e06d1c761c3000c0b208280adabb
S3450800b34000213000c0b28000d03080b200f0b5fb10f1010feed121002800c0b2fbf720fb01212000c177c04600260be000213000c0b28000d03080b200f08efb2100fbf780
S3450800b38053fa761c30002900c0b2c9b28842edd300f058fb70bdf8b50500254c2088002801d0208824e00026012701e0761c7f1c3800c0b2082814da00213a00d2b22420a9
S3450800b3c0424312f58072100080b200f052fb0100080080b2002804d089b24ff6ff708142e4d12e702088002801d0208800e00020f2bd1cb50c000e490888002801d00888c1
S3450800b40015e000208df800006846fff7c4ff010089b2002901d080b209e021009df80000fbf7befa21000820fbf7bafa002016bda83b0020f02d002000e1f50500e800085f
S3450800b440bf3b002070b501214ff48040fef758f800214ff48040fef76ff8dff8805601224ff480612800fef769f9dff874460220a0701020e0704ff48060208021002800d3
S3450800b480fef7e8f801224ff400712800fef756f90220a0701020e0704ff40076268021002800fef7d7f801224ff480712800fef745f90220a0701020e0704ff48070208011
S3450800b4c021002800fef7c6f80120a0701820e0704ff400502080dff80c5621002800fef7b9f80120a0700420e0704ff48040208021002800fef7aef80120a0701820e07049
S3450800b5004ff40040208021002800fef7a3f8dff8d845200000f018fcdff8d015002008804ff482704880002088800020c880002008814e81202088810020c881072008821d
S3450800b540200000f033fc0121200000f04efc70bd10b5dff894450021200000f046fcdff88c15002008804ff4827048804ff4006088800020c880002008814ff40070488198
S3450800b580202088810020c88107200882200000f00dfc0121200000f028fc10bd10b5dff848450021200000f020fcdff84015002008804ff482704880002088800020c88007
S3450800b5c0002008814ff400704881202088810020c88107200882200000f0e8fb0121200000f003fc20008089c04610bd2de9f84304000e0000202060dff8e05401224ff421
S3450800b60080712800fef79af80220fcf7eff900270ce0380080b2002807d02168404680b241182160a6f80080b61c7f1c380080b240f27d1188424dda00224ff480712800a4
S3450800b640fef77cf8dff8a094002148468181c0468021484600f0d7fb0028f9d148468089c04680465fea8838002148468181c0468021484600f0c7fb0028f9d14846808921
S3450800b680c046800110f47f5010eb0808002148468181c0468021484600f0b5fb0028f9d148468089c046c0f3850010eb080801224ff480712800fef741f840464ff6ff71d7
S3450800b6c080b28842a5d1380080b20028a1d14ff4c37000e00020bde8f28370b5dff8fc4300224ff480712000fef728f8dff8000400210180dff8fc130a889207fad50022f1
S3450800b70002800a88d207fcd505880a881206fcd4068801224ff480712000fef70ff8adb2b6b2b60ab6b216eb8516300080b270bddff8bc13c0b2088000bf00bf00bf00bf7f
S3450800b74000bf00bfdff8ac0300880006fad400bf0888c0b2704770b50400dff8980300880006fad4322503e00120fcf73ff96d1e280000b2012838db2000c0b2002807d133
S3450800b78000224ff40071dff85403fdf7d7ff0ae02000c0b2012806d100224ff48061dff83c03fdf7cbff0520fff7c2ff0020fff7bfff06002000c0b2002807d101224ff469
S3450800b7c00071dff81803fdf7b9ff0ae02000c0b2012806d101224ff48061dff80003fdf7adfff007c0d4002000e0322070bdf8b505000e0017001c00fff7d0fe2000c0b29c
S3450800b800fff7a9ff00280cd02000c0b2002802d0e4b2042c02d140f293104be04ff4ca7048e02000c0b2002807d100224ff40071dff8a802fdf782ff0ae02000c0b201288b
S3450800b84006d100224ff48061dff89002fdf776ff0320fff76dff380080b2000ac0b2fff767ff3800c0b2fff763ff002705e00020fff75eff28706d1c7f1c38003100c0b2ec
S3450800b880c9b28842f3d32000c0b2002807d101224ff40071dff84402fdf750ff09e0e4b2012c06d101224ff48061dff83002fdf745ff0020f2bd10b504002000c0b2002849
S3450800b8c007d100224ff40071dff81002fdf736ff0ae02000c0b2012806d100224ff48061dff8f801fdf72aff0620fff721ff2000c0b2002807d101224ff40071dff8dc0172
S3450800b900fdf71cff09e0e4b2012c06d101224ff48061dff8c801fdf711ff10bd2de9f84304000f0015001e00fff738fe25e03000c0b201281dd101224ff480616748fdf744
S3450800b940fdfe16e02078fff7f3fe641c19f101094846c0b2414680b289b28842f2d33000c0b20028e3d101224ff400715b48fdf7e5feb7eb080718eb0505380080b2002813
S3450800b98046d00120fcf732f83000c0b2fff7e3fe00282fd13000c0b2fff78dff15f110084ff6f07010ea0808b8eb05083800414680b289b2884200d2b8460120fcf716f8fb
S3450800b9c03000c0b2002818d100224ff400714348fdf7b4fe0220fff7abfe280080b2000ac0b2fff7a5fe2800c0b2fff7a1fe5ff00009ade74ff4c8700be03000c0b2012803
S3450800ba00e8d100224ff480613448fdf797fee1e70020bde8f283010089b280b2000a80b210eb012080b270470100080210f47f0010eb01600a00120a12f47f42101810eb49
S3450800ba40116070472c49088800220a8080b2704780b502000b0000208df80000dbb292b201216846fff7c3fe234908809df8000002bd80b502000b000020adf80000dbb2db
S3450800ba8092b202216846fff7b2fe1b490880bdf80000fff7c0ff02bd80b502000b00dbb292b204216846fff7a2fe134908800098fff7baff0090009802bd80b502000b00d8
S3450800bac000200090dbb292b204216846fff78ffe094908800098fff7a7ff02bd00140140ec3a0020000c0140003800405c3a00200c38004008380040a43b002030b4020095
S3450800bb000020002309e0d40705d5012411f1ff05ed1aac40204352085b1c1c000d00a4b2adb2ac42efd330bc704738b50c0025680821c0b2fff7e2ff95ea0065082108e0a6
S3450800bb406d0005e0002dfbd52800054d95ea4005491e0800c0b20028f4d1256031bd0000b71dc1042de9f04385b004000f003800c0b2002805d110255ff0000840f2ff76e4
S3450800bb801ae03800c0b2012805d100255ff0040840f2ff1610e0ffb2042f06d14ff40068454641f6ff76002706e04ff400754ff4017840f2ff3601275ff0ff30009023e05f
S3450800bbc0290089b2424692b24846c0b282184ff6fc70024091420fd0310089b2424692b24846c0b28218914206db694601a84a46d2b2805cfff799ff19f101094846c0b258
S3450800bc001028dddb18f110084046310080b289b2884213d23b00dbb2424692b2102101a8fff7e5fd010089b2002905d10120fbf7ddfe5ff00009e1e780b20ae0202100988e
S3450800bc40fff75cff009000995ff0ff3041402160002005b0bde8f08310b504000800c0b2002807d100211020fff727ff2060fff7e9fe26e00800c0b2012807d101210020ff
S3450800bc80fff71bff2060fff7ddfe1ae00800c0b2042808d100214ff40060fff70eff2060fff7d0fe0de0c9b2032908d101214ff40070fff702ff2060fff7c4fe01e042f20b
S3450800bcc0117010bd1cb50400002001900020009000202100c9b201a8fff744ff010089b2002901d080b212e02100c9b26846fff7b3ff010089b2002901d080b207e00198e0
S3450800bd000099884202d040f2851000e0002016bd00f10103810704d010f8011b820781b1fad10268a2f10131914311f0803104bf50f8042ff6e709bab1fa81f100ebd100bf
S3450800bd40401cc01a7047000080b51549884210d01449884218d01449884220d101214ff48050fdf7dbfb00214ff48050fdf7d6fb15e001214ff48040fdf7defb00214ff421
S3450800bd808040fdf7d9fb0ae001214ff40040fdf7d3fb00214ff40040fdf7cefbffe701bd00380040003c00400030014010b40022038813f441530c884a8814438a88144300
S3450800bdc0ca8814430a8914434a8914438a891443ca89144323430380838b4ff2ff7213408383098a018210bc7047c9b2002904d0018851f04001018004e002884ff6bf71e2
S3450800be000a400280704700220089084201d0012000e00020c0b27047c0b2002803d1dff8cc06006802e0dff8c806006870470a88022a02da4ff48f700de08a79c0b282423a
S3450800be4002d040f21d1006e0c879002802d040f2111000e0002070472de9fc4104000d000020fff7d9ff07000120fff7d5ff80460120fbf7fdffdff87c6639003078fbf7b3
S3450800be8090ff39000020fbf78cff39002000fbf75dff3800fbf7b4ff41463078fbf781ff41460120fbf77dff41462800fbf74eff4046fbf7a5ffdff8404601226946206813
S3450800bec0fbf7b9ff002802d040f20f1022e000993078fff7acff05000098fbf7ebff012269462068fbf7a7ff002802d040f20f1010e000993078fff79aff04000098fbf757
S3450800bf00d9ff280080b2002802d0280080b201e0200080b2bde8f681f8b504000d002000c0b2fff779ff07000120fbf7a1ffdff8cc6539003078fbf734ff39002000c0b2cd
S3450800bf40fbf72fff39002800fbf700ff3800fbf757ff01226946dff8a0050068fbf76bff002802d040f20f1009e000993078fff75eff04000098fbf79dff200080b2f2bdbc
S3450800bf80f8b504000d002000c0b2fff745ff07000120fbf76dffdff85c6539003078fbf700ff39002000c0b2fbf7fbfe39002800fbf7ccfe3800fbf723ff01226946dff831
S3450800bfc038050068fbf737ff002802d040f20f1009e000993078fff72aff04000098fbf769ff200080b2f2bd7cb504002000c0b2fff712ff06000120fbf73affdff800558f
S3450800c00031002878fbf7cdfe31002000c0b2fbf7c8fe31004ff4fa60fbf798fe3000fbf7effe01226946dff8d0040068fbf703ff002802d040f20f1009e000992878fff748
S3450800c040f6fe04000098fbf735ff200080b276bdf8b505002800c0b2fff7defe04000120fbf706ff2100dff89c040078fbf799fe0626dff8947421002800c0b27043385c97
S3450800c080fbf78ffe21002800c0b2704338444078fbf787fe21002800c0b2704338448078fbf77ffe21002800c0b270433844c078fbf777fe21002800c0b27043384400799d
S3450800c0c0fbf76ffe2100edb2754307eb05004079fbf767fe2000fbf793fe01226946dff818040068fbf7a7fe002802d040f20f101de000988079dff814140978884205d0f5
S3450800c1000098fbf7d7fe4ff4897010e00098c079002805d00098fbf7cdfe40f2111006e00098fbf7c7fe0a20fbf760fc0020f2bd7cb5002403e00098fbf7bcfe641c200058
S3450800c140c0b2042830da2000c0b24008fff764fe05000120fbf78cfe2900dff8a8030078fbf71ffe29002000c0b2fbf71afe29000020fbf716fe002604e02900ff20fbf7ab
S3450800c18010fe761c3000c0b20428f6db2800fbf737fe01226946d8480068fbf74cfe0028c9d040f20f1003e00a20fbf71ffc002076bd38b5002403e00098fbf77bfe641c57
S3450800c1c02000c0b2042856da2000c0b24008fff723fe05000120fbf74bfe2900cc480078fbf7dffd29002000c0b2fbf7dafd29000020fbf7d6fd29000020fbf7d2fd2900a9
S3450800c2000120fbf7befd29004ff47a70fbf7b9fd29000020fbf7c5fd29000020fbf7c1fd29000520fbf7adfd29006420fbf7a9fd29004ff49660fbf7a4fd29000020fbf7cf
S3450800c240b0fd29000020fbf7acfd29000020fbf798fd29000020fbf779fd2800fbf7d0fd01226946a4480068fbf7e5fd0028a3d040f20f1003e00a20fbf7b8fb002032bd10
S3450800c2807cb50400002503e00098fbf713fe6d1c2800c0b2042825da2800c0b24008fff7bbfd06000120fbf7e3fd310099480078fbf777fd31002800c0b2fbf772fd310074
S3450800c2c02000c0b2fbf76dfd3000fbf799fd0122694689480068fbf7aefd0028d4d040f20f1003e00a20fbf781fb002076bd7cb504002000c0b2fff7abfe2000c0b2fff709
S3450800c3008bfd06000120fbf7b3fd804d31002878fbf747fd31002000c0b2fbf742fd31000120fbf73efd31000120fbf73afd31000020fbf736fd31000120fbf732fd3100c2
S3450800c3400020fbf72efd31000020fbf72afd310042f21070fbf715fd31000020fbf721fd31000520fbf70dfd31006420fbf709fd310040f21450fbf704fd31000120fbf7c1
S3450800c38010fd31003c20fbf70cfd31004ff47a70fbf7f7fc31000020fbf7d8fc31000020fbf7fffc31000020fbf7ebfc31005a48fbf7ccfc31005948fbf7c8fc31000720ab
S3450800c3c0fbf7effc31000120fbf7ebfc31004ff4fa70fbf7d6fc31004ff49670fbf7d1fc31004ff4fa60fbf7b1fc31004ff4fa60fbf7acfc31004ff44860fbf7c2fc31007a
S3450800c4004ff49670fbf7bdfc454c31002000fbf79dfc31002000fbf799fc3000fbf7f0fc0a20fbf7e3fa0122694633480068fbf702fd002802d040f20f101be00098807931
S3450800c4402978884205d00098fbf734fd4ff4897010e00098c079002805d00098fbf72afd40f2111006e00098fbf724fd0a20fbf7bdfa002076bd80b50020fff738ff01007b
S3450800c48089b2002901d080b202e00120fff72fff02bd38b504002000c0b20002401c2500edb22d02ed1c1f4b104a012180b2fbf72efb1d4b0e4a0121adb22800fbf727fb94
S3450800c4c040f2bf75012229002000c0b210f5307080b2fbf7e9f902222900e4b214f59864200080b2fbf7e0f931bd0000fc3a0020003b0020b79c0008f0ec0008069f0008af
S3450800c500b69c00084e970008c0ec0008ab9900084f970008aa990008a08601006079feff70110100043b0020083b0020dff89c2600b2116810ebc1004ff41661484308213e
S3450800c54090fbf1f01268dff8881601fb0200704710b50c000020fcf7d1f92100c0b2faf71ffa0120fcf7caf92100c0b2faf718fa0220fcf7c3f92100c0b2faf711fa032062
S3450800c580fcf7bcf92100c0b2faf70afafcf750f92100c0b2faf704fa002010bd38b504000d002800faf760fa0100c9b202290adb2300dbb200224ff480712800faf7a0fadc
S3450800c5c042f2117003e0c0b2fcf70ef9002032bd80b540f29e710800fff73efc010089b2002901d080b22ae00020fcf787f9012802d040f21f1022e00120fcf77ff9012854
S3450800c60002d04ff490701ae000210020fff724fc010089b2002901d080b210e00020fcf76df9012802d040f21f1008e00120fcf765f9012802d04ff4907000e0002002bd02
S3450800c640f8b504000d00002000272000c0b2fff7cbfc28802888002825d112212000c0b2fff78efc2880288800281ed100212000c0b2fff751fc28802888002817d12000b0
S3450800c680c0b2fcf73bf906003200d2b2aa210020faf733f97f1c3800c0b2042809daf6b2012ed2d10ae0a220c0e0a620bee0a720bce04ff487702880ad20b7e0dff81415e8
S3450800c6c02000c0b2fff75cfc28802888002801d0b220abe02000c0b2fcf710f906003200d2b201210020faf708f9f6b2002e33d17ff0df012000c0b2fff742fc28802888d9
S3450800c700002801d0bb2091e02000c0b2fff76cfc28802888002801d0be2087e012212000c0b2fff72dfc28802888002801d0c1207ce04ff4e1612000c0b2fff7edfb288011
S3450800c7402888002801d0c22070e00c2202210020faf7d3f8002069e00d2203210020faf7ccf8002600273800c0b200b2fff7defe963001002000c0b2fff702fc28802888f2
S3450800c780002808d12000c0b2fcf7b8f8c0b2012814d1ff2617e0d32048e0ffb2380000b2fff7c4fe4a3801002000c0b2fff7e8fb28802888002810d0e22037e03800c0b21a
S3450800c7c0082805da7f1c3000c0b20028cbd0e4e74ff48d702880dc2028e02000c0b2fff703fc28802888002801d0e5201ee012212000c0b2fff7c4fb28802888002801d0bf
S3450800c800e82013e04ff4e1612000c0b2fff784fb28802888002801d0e92007e0122204210020faf76af8002028800020f2bd7fb504000d000120fbf7d7ff0120fbf7d6f8b0
S3450800c840dff894633078002814d1fff714feadf80000bdf8000000280ad02300dbb20022bdf800102800faf74bf9bdf8000054e0ff203070d94e002030800020d849088067
S3450800c880002069460020fff7dbfe0100080080b2002811d0adf8041001a8bdf800104180002181802300dbb201aa4ff48c712800faf726f9002030e069460120fff7c0fed7
S3450800c8c00100080080b2002811d0adf8041001a8bdf800104180002181802300dbb201aa40f219112800faf70bf9002015e0fff76ffe010089b2002907d02300dbb2002282
S3450800c900010089b22800faf7fbf83088c0b200f08cf90020fbf768ff002004b070bd2de9f84f04000d0000202800faf79df806002800faf799f80700300000b2082803daa6
S3450800c940380000b208280adb2300dbb200224ff480712800faf7d4f84ff48070e0e03000c0b200f062f99d48b0f900809c48b0f900900120fbf738ff0120fbf7befd31006b
S3450800c98009b211f54971404600b2081a082110eb080290fbf1f001fb1021b1f1040a390009b211f54971484600b2081a082110eb090290fbf1f001fb1021b1f1040b5046f8
S3450800c9c000b2fff7b3fd0090584600b2fff7aefd01000098fff740fa010089b2002907d02300dbb20022010089b22800faf788f80020fbf79dfd7b4936b2720111440ffa7b
S3450800ca0088f851f82810814207d02300dbb2002240f221112800faf773f80120fbf788fd70493fb27a0111440ffa89f951f82910814207d02300dbb200224ff4917128009b
S3450800ca40faf75ef80020fbf773fd06000120fbf76ffd4ff4807101fb00663200ed210020f9f74bff0020fbf748fd0ffa8afa1af1100a08219afbf1f001fb10a00ffa8bfb47
S3450800ca801bf1100b08219bfbf1f601fb16b65349088053490e8000b2fff748fd01000020fff73afa010089b2002907d02300dbb20022010089b22800faf722f8300000b2ee
S3450800cac0fff734fd01000120fff726fa010089b2002907d02300dbb20022010089b22800faf70ef80020fbf709ff002807d12300dbb2002240f21b112800faf701f80120e3
S3450800cb00fbf7fcfe002807d12300dbb200224ff48e712800f9f7f4ff0020fbf765fe0020bde8f28f70b504000d002800f9f776ff06002800f9f772ff002101003000fff787
S3450800cb408bf9010089b2002907d02300dbb20022010089b22800f9f7d3ff002070bd38b50c002000f9f771ff41f25a51884202d04ff4fa7012e0184d2878002807d1fff715
S3450800cb80d7fafff716fbfff714fbff2028702000f9f76affc0b2fff773fb002032bd0020704780b50020009050230f4a0f490120f9f760fbfbf760fc0020fbf715feff2097
S3450800cbc0064908800649088001bd0000ecec0008a0f6ffffd4feffffb63b0020a03b0020a23b002018e60008fc380020c0e8000810b504002100c9b20120f9f779fdf9e798
S3450800cc0080b5dff824044ff461710180dff81c140a78082a05dadff81824097832f8111001800088fbf7e7fa01bd80b5dff8fc130870fff7e5ff01bd80b50800f9f714ff9e
S3450800cc400100c9b2022902db4ff480701fe0c0b2012808d1fff7d4fffbf7effa0120dff8d413087007e0fbf7f1fa0020dff8c413087000f066fadff8c0130878002805d000
S3450800cc80002008700120fff71df800e0002002bd70b50c000025dff89c633078002801d055f00105fbf7fcfc002804d13078002801d055f00205dff88403806800f072fa55
S3450800ccc03178002904d0c0b2082801da55f0040521002800c0b2f9f763fe002070bd80b50800f9f7b2fe010089b2323940f24752914202d34ff4807010e0cb490880002185
S3450800cd0005e0cb4a0b009bb222f81300491c0a0092b2082af5dbfff773ff002002bd38b50c002100c0480088f9f79dfd21004ff46170f9f798fd21000820f9f731fe0025ef
S3450800cd4008e02100ba482a00d2b230f81200f9f78afd6d1c2800c0b20828f2dbfef772fe32bd80b5b5480079f9f71afe002002bd2de970430600fbf79afc04002000b049c1
S3450800cd8000f024fa04d20020307040f27d1031e02000ac4900f02efa04d8002030704ff4bf7027e0fbf7aefc05002000fcf78afe804689462800fcf785fe5ff03332a24b9f
S3450800cdc0fcf7a4fe04000d009748008800f026fa22002b00fcf79afe00229c4bfdf7a8f942464b46fcf768fffdf7c6fa00f0daf930700020bde8708310b50c000121042039
S3450800ce00fef726fe2100c0b2f9f7cafd0120fef759ff010089b2002901d080b201e0fef711fe10bd80b500f089f802bd1cb50c000020019000200090012101a8fef70cff8b
S3450800ce40010089b2002901d080b212e001216846fef788fe010089b2002901d080b208e021000098f9f7e4fc21000198f9f7e0fc002016bd10b50c0001214ff4e870fef72a
S3450800ce80e7fd2100c0b2f9f78bfd0120fef71aff010089b2002901d080b201e0fef7d2fd10bd38b50c000120fef70cff010089b2002901d080b240e001214ff4e870fef718
S3450800cec0c7fdff2812d121000620f9f769fd002505e021005ff07e50f9f7a6fc6d1c2800c0b20628f5dbfef7adfd26e021000620f9f756fd00251ae021005ff07e50f9f742
S3450800cf0093fc13e02800c0b20028f5d02800c0b20628f1da01212800c0b2800010f5f07080b2fef7b9fd2100f9f77efc6d1c2800c0b20628e6dbfef785fd32bd10b50020e1
S3450800cf4007e04ff461713a4a0300dbb222f81310401c0100c9b20829f3db0120fef7b2fe010089b2002901d080b234e001214ff4e870fef76dfdff2803d1fff741fe0020d1
S3450800cf8029e0002415e001212000c0b2400010f5e97080b2fef76dfd010089b2323940f24752914204d222492200d2b221f81200641c2000c0b20628e5dbfef743fd0400ce
S3450800cfc0200080b2002802d0200080b203e0fff717fe200080b210bd1cb51d4c00200090b4231c4a21000220f9f744f900200090b423194a21000320f9f73cf900200090de
S3450800d000b423164a21000420f9f734f9fbf750f8fef718fafbf71af90020064908704ff46170fbf7e8f813bda63b0020bb3b0020843a0020ba3b002018000020703a00205a
S3450800d040cdcccc3dcdccc74233330b4000408f40b8e40008e0310020a03200206033002010b50400002c05d100f088f8fef725f8fff764ff14f00f0120000009801cc0b233
S3450800d080f9f736fbf6e738b50c00002504e021000520f9f7e8fb6d1c280080b20628f6db002032bd80b50120f9f7c2fb002002bd2de9fe4305000e0000275ff00008ff246b
S3450800d0c05ff0000910e0684600994268914209d1406810f1010f05d000240098874201d2009fc84619f10109b9f1100f0fd201235feac90212f5805292b208216846fef7ca
S3450800d10076fb010089b20029ddd080b209e0e4b2002c02d04ff4c27003e02f60c6f800800020bde8fe8310b50c0000f047f91b4a11684018106021001068f9f779fb002080
S3450800d14010bd1cb500f03af9144c21684018206013480168491c11f00f010160216800912168019101230068c20012f5805292b208216846fef7d2fb206816bd38b5074cb0
S3450800d18000202060064d29002000fff791ff002803d00a2020600020286031bdf03a0020f43a0020c0f3c751d1f19e0108dd020242f00042ca4002ebe07282eae070704787
S3450800d1c07feae07080f000407047000040ea010c1ceb0c0f4ff0807c07d305d01ceb400f9cbf1ceb410f814270471ceb410f98bf8842704740ea010c1ceb0c0f4ff0807c79
S3450800d20007d305d01ceb400f9cbf1ceb410f884270471ceb400f98bf8142704750b1b0fa80f18840c91cc1f58461090501ebd021400570470146704780b5a148006800f0c2
S3450800d24057f95ff0ff319f48fbf742fd00f0c2f800f053f8fdf74ef9f3e780b51300002814d00878062802da0878401c0870087805280dd102220021180080b2f9f7d6fcb1
S3450800d280faf7e4ff00209049087001e00020087001bd10b50100c9b2782906db8b490a78142a02da0a78521c0a70c0b2782806da86490878002802d00878401e0870844ce6
S3450800d2c0207800280ad181480078142806d101202070012234210220f9f70ffb207801280ad17a480078002806d100202070002234210220f9f701fb10bd38b5fbf7d0f96d
S3450800d300002805d170480078002801d0012000e00020704c40f27f122100c0b2fff79dfffbf7f0f9a060684d2878002807d0a068fff738ffc0b2082801da012000e00020f1
S3450800d3404ff4c072611cc0b2fff787ff00202071201dfff70dfd0200100080b2002804d02878002801d0012000e0002092b2a11cc0b2fff772ff20797e2801db012000e0e1
S3450800d38000204ff4be72e11cc0b2fff766ff2079fff77fff287800280fd00120fbf758fd2169491c21612169322904d3e168491ce16000212161fbf74bfd31bd10b5012019
S3450800d3c0fbf746fd4349cc680022ca60fbf740fd200010bd1cb56846fbf7f8f83e4c0098206001986060002220683c49fff702ff04d920683a49fff7e9fe14d2207a1428bf
S3450800d4000ddb207a142810d1022200214ff48270f9f70cfc207a401c2072012205e0207a401c207201e00020207260682d49fff7e1fe04d960682c49fff7c8fe14d2607a79
S3450800d44014280ddb607a142810d10222002140f20510f9f7ebfb607a401c6072012205e0607a401c607201e000206072d2b2002a04d0faf7ebfe00201349087013bd80b5e1
S3450800d4801048fbf7effb01bd10b50400fbf7e6f9114800214172002101720e480021017000214170002181700021c160002101610348046000220d490248faf763fa10bdf4
S3450800d4c0f83a0020e4390020ba3b0020bd3b0020be3b0020703a0020d43a00200100e0410000a0410100a8400000984064ec000880b5016a002902d18168002901d117207e
S3450800d50003e00830fdf77ef9002002bd38b50c0001212000c177c04621004ff4be70f9f7a2f9002508e02100bb482a0092b230f81200f9f798f96d1c280080b2b0f5be7fc3
S3450800d540f1db002032bdf8b506000c0000250020fdf7feff002706e0010089b24d19ae4921f817007f1cb7f5be7f0fd2fef7b5f801004ff6ff7289b29142edd13300dbb2ad
S3450800d58000224ff4c3712000f9f7bafafef706f8a14e4ff4be723100684600f056f94ff4be7231000df1020000f03af92800fcf7eff99a49fcf7faf9050021002800c046a6
S3450800d5c0c04621002800f9f72ff90020f2bd2de9f84f04000d008fa06ff0004000902800f9f742fa07002800f9f718fa060000223a212000c0b2f9f780f903e0761e012080
S3450800d600faf7f4f9fbf714f901280bd1002ef5d52300dbb2002240f289112800f9f770fa00206ee0ffb2002f11d0684600f02af9010089b200290ad02300dbb200220100e0
S3450800d64089b22800f9f75cfa42f2117059e0fdf77fff00275ff0000800205ff000094ff4be7a5ff0000b04e080b210eb09091bf1010bd34512d2fef730f801004ff6ff72bd
S3450800d68089b29142f0d12300dbb200224ff4c3712800f9f735fa4ff4c37032e0b9fbfaf0c71918f10108002e08d4b61e0120faf79df9fbf7bdf80128ced107e02300dbb259
S3450800d6c000224ff4c5712800f9f71afa3800fcf75ff904004046fcf75bf901002000fcf765f9040029002000c046c04629002000f9f79af829000098f9f796f8fdf74effeb
S3450800d7000020bde8f28f7fb504000d00002001902800f9f7a9f9002811d001a800f0b2f8010089b200290ad02300dbb20022010089b22800f9f7e4f942f2117037e001206a
S3450800d740fbf77cf80120faf751f90020fbf776f8314e310002a8fdf749ff010089b200290ad02300dbb20022010089b22800f9f7c7f942f211701ae04ff4be72310068469d
S3450800d78000f063f84ff4be7231000df1020000f047f829004ff4be70f9f765f829000298f9f746f829000198f9f73ef8002004b070bd7cb504000d00174e310001a8fdf707
S3450800d7c015ff010089b200290ad02300dbb20022010089b22800f9f793f942f2117016e04ff4be723100684600f02ff84ff4be7231000df1020000f013f829004ff4be70c9
S3450800d800f9f731f829000198f9f712f8002076bd0000000030000000fc1800200000be4370b40024002307e025000e88adb2b54200d20c88891c5b1c1d001600adb2b6b26e
S3450800d840b542f1d3048070bc704770b44ff6ff74002307e00d882600b6b2b54200d20c88891c5b1c1d001600adb2b6b2b542f1d3048070bc704780b5faf7d0fd0020faf7d6
S3450800d880ddff01bd38b504000220faf7f1fa2a4d29681420faf785fa2868faf7b1fa274d022229004ff4e160faf7c5fa002802d04ff4cd7027e028688079c0b2142805d077
S3450800d8c02868faf7f7fa40f29b101ce02868c079002805d02868faf7edfa4ff4ce7012e02868007a2968497a10eb01202968897a10eb01402968c97a10eb016020602868a4
S3450800d900faf7d8fa002032bd10b504002000c0b20002001d0a4b084a022180b2faf7f7f8032240f2bf71e4b214f5d074200080b2f9f7baff10bd0000143b00201c3b002099
S3450800d940183b002010b5fbf709faf8f759fc924cf9f772fd2070f9f79cfd2178c0b2f9f782fefaf797ff8d48fff78efdfff719f9fff781fffff730fb00f086f900f0d2f9b1
S3450800d980faf758fb2078401cc0b2fef782fd2078801cc0b2fff7b8ff0120faf737ff00f0d9f9002010bdf8b586b0012005900020049001200390092002904ff4c870019029
S3450800d9c0774800900023774a71a1774800f0e4f90024b7e0a4254ff4c8760120059000200490012003900a2002904ff4c87001906e482100c9b27143084400902300dbb2cb
S3450800da006b4a6c496c482700ffb26f43384400f0c3f90120059000200490012003900a2002904ff4c870019064482100c9b206fb01f6304400902300dbb2614a614962482f
S3450800da402600f6b26e43304400f0a6f95f4e4ff4fa770120059000200490012003900a2002904ff4fa70019059482100c9b27943084400902300dbb2320056495648a446bf
S3450800da805ffa8cfc05fb0cfc604400f085f90120059000200490012003900a2002904ff4fa7001904d482100c9b27943084400902300dbb21033320049494a48a4465ffaf0
S3450800dac08cfc05fb0cfc604400f066f90120059000200490012003900a2002904ff4fa70019041482100c9b27943084400902300dbb2203332003d493d482600f6b26e4301
S3450800db00304400f049f90120059000200490012003900a2002904ff4fa70019035482100c9b207fb01f7384400902300dbb2324a18a132482600f6b205fb06f5284400f076
S3450800db402bf9641c2000c0b20228fff643af0120059000200490012003900b2002904ff4c8700190264800900023264a2649274800f012f9002002901420019014200090c4
S3450800db800023234a2349054800f08ef907b0f0bd63647000736d7300bc3b00209c390020c41e0020ab67000870350020bc0f0020bddc0008a8ec000834230020dc1200200f
S3450800dbc0f1cb000888ec00087c24002061d000081c000020ccec0008c425002004040020d4ec00080c270020ec070020dcec000854280020d40b002045dd00089c29002009
S3450800dc005420002039d20008b4ec0008143600207fd4000898ec000838b503000c0020480268456810001f49fff7e4fa04d910001d49fff7cbfa09d2dbb200224ff48271a1
S3450800dc402000f8f75dff42f211701ce028001749fff7d0fa04d928001549fff7b7fa09d2dbb2002240f205112000f8f749ff42f2117008e021001000f8f7d6fd2100280026
S3450800dc80f8f7d2fd002032bd80b5002000905023084a09490020f8f7edfafaf724fb01bdd43a00200100e0410000a0410100a84000009840a0380020b4ea000810b5040070
S3450800dcc02100c9b20020f8f713fdf9e70020704710b50c002000f8f7c7fe2000f8f7c4fec0b2faf7f3fa002010bdf8b504000d000220faf703fe06002800f8f7b5fe070048
S3450800dd0029002000c0b2f8f74bfe29003800c0b2f8f746fe290016f001063000f8f740fe0020f2bd80b5002000906223034a04490520f8f79ffafaf792fa01bd3c380020fa
S3450800dd4054ea000810b504002100c9b20520f8f7cffcf9e780b50d4800680d49884207d00a485ff0f031016000f0e4f800f01cf906485ff0f031016006480068fff713fe72
S3450800dd8002480021016000f051f901bd14000020f1f0f0f0203b00202de9fb4f040093460c9d0d9e0e9fddf83ca0ddf84090ddf844803200ef212800fbf756f8b008800012
S3450800ddc0061fa42200212000fbf74ef80198a062c4f844b00298a064e56066617019401e2061e762c4f89470c4f81890c4f81c90574502d00020e06300e0e76303202063de
S3450800de0023486065a4652349200000f05df9eff3108072b62049216020490968002910d01e490968d1f88c101c4a1268c2f88c40c1f88840c4f88c1018490968c4f88810c0
S3450800de4005e016490c60c4f88840c4f88c4014490968491c124a116012490968491c114a116080f31088b8f1000f03d02000fcf7f9fb09e0eff3108072b60a490968491e90
S3450800de80084a116080f310880020bde8fe8f00bf35eb0008fdea000844524854303b0020343b0020403b00202de9f0470400894615009a46089e099fddf828802c22002128
S3450800dec02000faf7d1ffc4f80490a660e7602561c4f814a0eff3108072b6134921601349096800290bd011490968896a0f4a126894624c62a1620d490968616203e00b495f
S3450800df000c606462a4620a490968491c084a116080f31088b8f1000f03d014f10800fcf771fc0020bde8f0874d495441943b0020983b00201548164a10604ff0e020154999
S3450800df40c0f8081d14481349096801604ff0e020124941614ff0070101610021c0f8181d0f49c0f81c1d0f49c0f8201d7047fee700b500f0c9f800f0d3b800b500f0c4f8c5
S3450800df8000f0f0f800f0ccb8fee7fee7c43a0020203b002000200008243b00203f190100000000ff0000ff4080b500f027f900f073f91248002101601148002101601148b5
S3450800dfc0002101601048002101601048002101600f48002101600f48002101600e48002101600e48002101600d48002101600d48002101600c480021016001bd483b002096
S3450800e0004c3b0020503b0020543b0020583b00205c3b0020683b00206c3b0020703b0020743b0020603b0020643b002072b64ff0e0204ff001010160016941f001010161c1
S3450800e04062b600dfefbe70471c4801681c4a79b1eff3098c2ce9f00fc1f808c0dff864c0dcf8005025b18d614ff00005ccf80050136893b103605c6804f101045c60dff820
S3450800e08044c09d69ccf80050d3f808c0bce8f00f8cf309886ff0020e704772b61368036023b962b630bfbff36f8ff6e74ff000644ff0e025c5f8044d62b6dce7283b0020ff
S3450800e0c02c3b00207c3b00200269a2f1400222f003024ff00003136053609360d36013615361c36893614ff00003d361136253629362d36213634ff0ff33536391634ff0ee
S3450800e1008073d363826070470448016801f1010101604df804ad4ff0000a7047140000200c480168a1f101010160bde800440a48006800281dbf09490968814270470848f5
S3450800e1400068002802bf4ff080504ff0e021c1f8040d7047140000202c3b0020283b0020403b00201e49086800f1010008601d4b1a68002a08d0a2f101021a60002a03d16c
S3450800e180194b4ff001001860184908680268002a04d0174b4ff001021a6008e000f10400144b1a68904201d1134b186808600e4b1a68002a03d10e49086800280fd04df84a
S3450800e1c004ed0b490868002801d000f0a7f8064b1a68002a01d000f039f95df804eb7047783b00207c3b0020803b00208c3b0020903b0020883b0020843b002080b51b4838
S3450800e200002101601a4800210160042200211948faf72afe184820210160184800210170174b012008e05208491c94461cf0010ff9d019705b1c401cff2802d8020000214c
S3450800e240f3e7802200210f48faf70efe0e48002101600e48002101600d48002101600d48006850f0c5700b49086001bd283b00202c3b0020383b00203c3b0020f02f0020f9
S3450800e280f12f00203c370020303b0020343b0020403b0020443b002080b5144800210160134800210160134800210160124800210160802200211148faf7d6fd10480f49f0
S3450800e2c0016010480d4901600f48104901600e480068001d0c4908600d48002101600d48002101600c480021016001bd783b00207c3b0020803b0020903b0020bc37002032
S3450800e300843b00208c3b0020883b0020383800209c3b0020943b0020983b002030b583b0002400200190eff3108072b642490968002903d141490968002902d180f310883b
S3450800e34078e03d4901220a603d490968096800910099002902d0009900aa8a613849096800220a6036490968091d354a116034490968344a1268914203d13149324a1268e8
S3450800e3800a602e4900220a6080f31088eff3108072b619e00022aa6180f310880800002801d020008847eff3108072b6a96901aa914209d10021a96180f310882800fcf7c7
S3450800e3c021faeff3108072b60099002928d0009d009909698d4202d1002100910ae029696a694a6169692a690a61296900aa8a61296900912968212907d329682039296068
S3450800e400002101aaaa612d61c6e7a968ec686a682a602a68002abdd001aaaa612d61bbe70649096800297ff481af034900220a6080f3108837bd00bf9c3b0020903b0020c8
S3450800e4408c3b0020883b0020843b002014480168eff3108072b6134a0023136000291bd00a6b002a18d1ca698a610a6a8a4210d0ca6acb6b9a420cd1ca6a0b4b096a43f85e
S3450800e48022100a490968084a52f82110084a116002e08969074a116080f31088704700bf283b0020803b00203c3700203c3b00202c3b00207c3b00202001010039cc00089c
S3450800e4c02101000091cc000822010200dfcc00082301000063cd00082401000025ce000825010000f9cd0008260100001fcd0008270100002dce00082901000075ce000884
S3450800e5003001010007d7000831010000b3d7000832010500cfd500083301000047d50008340100000dd5000840010000f3b30008410101001bac0008430101001bac000881
S3450800e5404501000099ad00084701000087d0000849010000a5d000084b01000081b000084c0100009dab000850010400f9a800085101ffff89a900085201000061aa00087b
S3450800e580530102001bac00085401000027d100085501000043b1000856010000e5b100085801000099ad00085901ffff3fae00086001ffffb9af000861010000f7ae0008ba
S3450800e5c080010000a3ce000881010000afb20008820100001fb30008830100002dab0008fa000100ff720008fb00010063720008fc00fffff5710008fd00ffff196d000829
S3450800e600fe00010039710008ff000100217000080000ffff1d70000800000000020000000400000006000000080000000800000006000000020000000200000000000000c9
S3450800e6400200000004000000060000000800000008000000040000000400000002000000000000000200000004000000060000000800000006000000060000000400000042
S3450800e68002000000000000000200000004000000060000000a0000000a00000006000000040000000200000000000000020000000400000008000000080000000a000000fe
S3450800e6c006000000040000000200000000000000020000000600000006000000080000000a00000006000000040000000200000000000000040000000200000004000000ca
S3450800e70006000000080000000800000006000000040000000000000080b522490968c0b2f9f799f820480168a020f9f794f81f480168a120f9f78ff81d480168a220f9f712
S3450800e7408af81c480168a320f9f785f81a480168a420f9f780f8002000900be06846009950f8211000982038c0b2f9f774f80098401c009000981328f0d35ff0ff300f490c
S3450800e78008600f4908600f4908600f4908600f490f480860002000e0401c6428fcd30d48086001bd24ed00e028ed00e02ced00e030ed00e034ed00e038ed00e080e100e037
S3450800e7c084e100e080e200e084e200e00ced00e00400fa050100fa0580b50320fff79cff01bd80b50420fff797ff01bd80b50520fff792ff01bd80b50620fff78dff01bdde
S3450800e800000000000000000000000000000000000000000000000000000000000000000017b7513917b7d13817b7d13852499d3917b7513917b7513917b7d13800000000cc
S3450800e84052499d3917b7d13817b7d1383480373a17b7d13917b7513917b7d1380000000052499d3917b7d13817b7d1386f12033a52499d3917b7d13817b7d1380000000043
S3450800e88052499d3917b7d13817b7d13817b7d13952499d3917b7d13817b7d1380000000017b7513917b7d13817b7d13852499d3917b7513917b7d13817b7d13800000000b7
S3450800e8c00101000019dc0008100100002fc80008110102001fc90008120100002fc80008130101001fc90008140101001fc90008160101009dc500081701000051c5000822
S3450800e900180100009fcb00081a01080025cb00081b0103005fcb0008fa000100ff720008fb00010063720008fc00fffff5710008fd00ffff196d0008fe00010039710008e3
S3450800e940ff000100217000080000ffff1d70000880b5c16eeff3108272b6836e002b34d0002932d00b68dff868c063452dd100238366036f984202d100238b620be0036f62
S3450800e9808b62036fd0f874c0c3f874c0436fd0f870c0c3f870c0cb6a5b1ecb62036b052b13d10969002903d00b21c0f8841002e00a21c0f8841007490968491c054b1960df
S3450800e9c082f31088fbf74efe01e082f3108801bd55455551403b002080b5c16eeff3108272b6836e002b2dd000292bd00b68dff85cc0634526d100238366036f984202d1ca
S3450800ea000023cb600be0036fcb60036fd0f874c0c3f874c0436fd0f870c0c3f870c00b695b1e0b61016b06290cd10d21c0f8841007490968491c064b196082f31088fbf7c6
S3450800ea4011fe01e082f3108801bd00bf414d4553403b00203401ffffcddc00083d010100ebdc00083d01ffffcddc00083e010900d1dc0008f900040029740008fa000100d4
S3450800ea80ff720008fb00010063720008fc00fffff5710008fd00ffff196d0008fe00010039710008ff000100217000080000ffff1d7000080101000019dc0008f90004002c
S3450800eac029740008fa000100ff720008fb00010063720008fc00fffff5710008fd00ffff196d0008fe00010039710008ff000100217000080000ffff1d70000810b50b4830
S3450800eb000468a06c616c8847eff3108072b6012121630121a16306490968491c044a116080f310882000faf7a9f910bd283b0020403b002080b5eff3108172b6026b042a55
S3450800eb4009d1094a1268521c074b1a6081f31088fbf788fd06e0826e81f310881100002900d0904701bd00bf403b002030b4002512e050f8042bd30744bf4a44521e091fd3
S3450800eb80042942f8045bfad213468c0744bf15809b1cc90748bf1d7050f8041b0029e8d130bc704710b5074979441831064c7c44163404e00a68081d114488470146a142ea
S3450800ebc0f8d110bd0800000028000000a1ffffffa83b00001c00002000000000ff9dffff1c0000006400000000000020000000000120c046002801d0fff7d4ffaff300803f
S3450800ec000020aff30080fef79dfe00f000f800f001b800000746384600f002f8fbe700002021090326311820abbef9e70548014603b4684680f30988aff30080aff3008066
S3450800ec40fff7d6ffa5edf5fe0000000001020304010203040607080902040608f0f0f0f0010000004d6f6e69746f725f53656d6170686f726500000002001801050018010b
S3450800ec800b0018011700180146696c746572776865656c735f0000006d6f6e69746f725f74696d6572000000436f6e74726f6c6c65725f004d6f6e69746f725f0000000053
S3450800ecc00003000102060203010203064c45445f310000004c45445f320000004c45445f330000006c6f6d710000000064000000401f0000ffffffffffffffffffffffff47
