S34508002000e84f0020312100087db4010881bd010885bd010889bd01088dbd01080000000000000000000000000000000069b501087fb401080000000069b501086fb40108bd
S3450800204065b4010865b4010865b4010865b4010865b4010865b4010865b4010865b4010865b4010865b4010865b4010865b4010865b4010865b401089db4010865b40108fa
S3450800208065b4010865b4010865b4010817b90008c7b8000865b4010865b4010865b4010865b4010865b4010865b4010865b4010881b401088fb4010865b4010865b4010891
S345080020c065b4010865b4010865b4010865b4010865b4010865b4010865b4010865b4010865b4010865b4010865b4010865b4010865b4010865b4010865b4010865b40108b2
S3450800210065b4010865b4010865b4010865b4010865b4010865b4010865b4010865b4010865b4010865b4010865b4010865b401080249d1f800d01af011b900000020000819
S34508002140ffffffffffffffffffffffffffffffffcc325aa5002000080cc4010873c40a26303030303031373100534d537461676500322e30362e30322e323230320000ff96
S345080022002de9f84300240ff21c184ff4fa654ff47a79ff2702f01ff8002237707270b270f27032717271b27164213181b2720521b1816420f08130827082b082f08232766f
S3450800224032207076c821718306f13000f2620121017064236ff06301816042804ff4fa71016143604ff4967102734161c0f81890c0f82890c56101624562c56202634263fb
S3450800228006f1680006f1900102700a7686f8c02042608260c26042618261c2610262426206f596700a704a708a708a808a710a818a720123027042708270027343734146db
S345080022c006f5087002f0c0fe7022dff8fc0962430021104486f84c11642207708170c1708180c18001818172c1728181c18102828174c17481820b22dff8d00900eb041070
S3450800230001704170817041608160c1606243dff8c0091044641c022c41700171fff67aafbde8f183534d434d7574657800000000f8b505460026dff89c4929464ff416722e
S34508002340dff894095143182342187343134403f1a807387898b1787870b1f0b203f09ef97978491e03f016faf0b203f097f9797854f82000491e016000217960b960761c82
S34508002380062edadbf1bd70b501f086fa00f168042378012b0ed100f5aa75ee686968304603f0b0fa616803f039fb0146304603f011fc286070bd2de9f84f4ff41674dff82e
S345080023c0285d60432c188846606f164603f04afc0546304603f046fc06462846314603f091fa074603f04cfc02460b4603f06cfc82468b46404603f03dfd4ff0804103f0d1
S345080024000dfb314603f07efa03f03afc52465b4603f042fd03f070fe03f0e8fe8146394603f0d8fb314603f0f9fa294603f062fb804687f00040494603f0ccfb314603f07e
S34508002440edfa294603f056fb002103f003ff28bf404603f013ff2067206f03f003fcc4f85801bde8f18f2de9f04f054629464ff41674dff86408614300eb010909f16801cf
S3450800248085b0886803f0eefb044609f1680709f16800fe69c16809f168024ff000081161dff83428c16804914ff416704543501900f5ac71029102980168039167e0029982
S345080024c0486803f0ddfb02460b46dff8a80cdff8a81c03f0dffe04460d46404603f0d0fb22462b4603f0f0fb04f0ecf9044603980d4603f0c5fbcde90001f86803f0b2fbb1
S345080025000146039803f066fb03f0bafb82468b462046294622462b4603f0d6fb52465b4603f0d2fb02460b46dde9000103f072fd03f05cfe029989680446404603f08afec5
S3450800254024d81fe04ff07e50214603f0dbf9414603f0d0fa804638780028b0d1786903f081fb414603f05afa01460298006803f031fb0446f86803f075fb0146204604f080
S34508002580a3f903d2049803f06dfb0446761e012ed8da049803f066fb214604f095f906d209f1680520466c6003f068fe286102f02abd2de9f14f02468a4600f0cefa424336
S345080025c08e1884b0306f716f401a03f04bfb0746f06f03f047fb8046d6f8800003f042fb039006f5a875306f03f03cfba860baf1000f48bfcaf1000a384603f041fbf26fac
S34508002600044689464ff0804b12b322464b4603f05bfbcde900014046594603f0fff903f02ffb00f0caf8cde9010100f0cdf80090414600f0cdf8009903f0f0f903f020fb10
S34508002640dde9012303f028fc03f0d0fd804601e04ff00008d6f8800048b322464b461046194603f031fb044689460398594603f0d5f903f005fb02460b462046494603f0ff
S3450800268009fe0446706f894603f0ecfa8346039900f09ef8594603f0c1f903f0f1fa22464b4603f0f9fb03f0a1fd074600e000274046394603f01efa8146504603f0d2fa2e
S345080026c0494604f001f906f184042bd2607b022828d0f76fd6f880108f4208d14fea5a09cb46c7b9d6f8802022b3594615e0504604f0fef8cde900014846414603f002f92a
S3450800270003f0befa00f059f804f000f98146002faaeb090be6d03a4649469df81000fff74afe07e0404603f0a9fd8146384603f0a5fd8346aaeb0900c4f80090c4f808b064
S34508002740a0eb0b006060002028606860306f03f089fa00f038f80146384603f03bfa0746f06f03f07ffa00f032f8e860306f03f079fa00f028f80146384603f02bfa0746aa
S34508002780d6f8800003f06efa00f021f8b9f1000f286104d14046002103f05cfd01d2706f00e0306f03f05efaf0669df81000fff75afe0020a07502f026bc02460b46dde922
S345080027c0000103f067bd0746706f03f04bba0146384603f097b830b54ff41673dff80849584320446424c58a694391fbf4f14a436420b2fbf0f080b230bd10b57023dff8d0
S34508002800c8144343cc18c0b2228ae17cd2b2fff7e2ff01462078bde8104004f0a3b810b500f067f804f1180004f0eaf92178ff292ed0a07860bba08804f042fae078d0b928
S3450800284021780329c8bf012119dc218a207804f089f8a17a207804f0c3faa07c012814d104f1440004f0ccf900f049f804f1440005f0a4f909e02078032804dd002160782d
S3450800288002f088ff01e004f0f1fae08804f018fa0120a07010bd10b500f02bf8e07801281ad12278032ac8bf012119dc218a104604f058f8a17a207804f092faa07c0128ff
S345080028c014d104f1440004f09bf900f018f804f1440005f073f909e02078032804dd0021607802f057ff01e004f0c0fa0020a07010bd7021dff8d023484314187047a18a3c
S34508002900002204f1440005f067b970214843dff8b8130a5cff2a00d1704710b50c1804f1180004f06df92189002204f1180005f053f904f11800bde8104005f03fb92de9d5
S34508002940fe4305460c4600f008f9684390460e18002206f19007adf800203c70ba709946b2620b23dff868236b431344002119712846fff7ddfc307f012803d1022c1cbf63
S34508002980708af082b9f1010f03d0b9f1020f07d00fe0706c316c70673167b06cb16d05e0306df16c70673167706df16df067c6f88010012c11d018d3032c0ed015d2022030
S345080029c0787000212846fff7f4fd706eb8f1000f0cbf401c401e706607e001207870716e306e091a2846fff7e4fd06f5b27004f007f9dff8500a007808bb6a460df1010178
S34508002a00284604f0e3f89df8012064212846fff7e2fe01466800c0b203f0a4ff9df8002064212846fff7d7fe01466800421cd0b203f098fff18a284604f097f80ae001280a
S34508002a4008d101223146284605f07efd3146284605f0aafd2846fff7e2fe15b1012d0bd016e0002005f09eff01464ff080408185c0464ff0804009e0012005f093ffdff802
S34508002a80c859014628468185c046284606f024fa022c07d04ff0ff3201a906f5f47006f021fa01e0002001900198bde8fe8310b50346881a5418002a06dd00290edd002c5b
S34508002ac007d4b3b9204610bdfbd500290add0028f7d51900f5d16ff0004010bdf1d50028efdd02e0edd5002cebdd012be9d1dff8d40c10bd38b500210446adf8001000f076
S34508002b002cf8dff8402960430d181078e8b96a460df10101e0b204f059f89df80120697ee0b2fff758fe01466000c0b203f01aff9df80020697ee0b2fff74dfe64000146f1
S34508002b40641ce0b203f00eff31bd012804d100222946e0b205f0f8fc31bd4ff41670dff88815704738b500f068fc4843141804f508750021284606f0a9fa50b9032084f81d
S34508002b809100012184f838112846bde8324006f02bbb002084f8380131bd38b5040002d0012c09d017e001f065ff01f052ff01f05dff002101200ce0dff88c58002128464f
S34508002bc08185c046284606f087f901f04bff0021032003f0c7fee0b2bde8324003f0ebbfdff860180a78012a0dd10b21dff85c38484318444278012a04bf0079012802d1e5
S34508002c0040f201307047002070473eb5044601f024ff24d12046fff7e3ff40f20135a84201d128463ebd6946204605f022f9b0b99df80400002804bf9df80300002808d0da
S34508002c4000f0fbfb4c431119887a10b140f205203ebd9df8060010b14ff440703ebd00203ebd4ff41671dff880244843104490f83931012b1cbf002101660020704704f0bd
S34508002c80cdbff8b5044625464ff41670124b0f4f68430a461e183146204605f0bafa2b01f95c79b13246f918204605f08efb0b20dff898174543324629442046bde8f84064
S34508002cc005f0cebbf2bd000080430020cc460020ec4600208ca00108202a00202de9f14f90b0884600218df80c1001f063fc01f064fc8df8080001f05dfc0b9001f05afc13
S34508002d008df8070001f056fc8df8060001f052fc8df8050001f04efc01f047fcadf81e0001f048fc8df8040001f040fc099001f03dfc089001f03afcadf80a0001f03afced
S34508002d408df8030001f036fc8df8020001f02efcadf81c0000f037fe00f06ffa8df8010001f024fcadf80e0000f02dfe00f02afe049001f01ffc01f01cfc8df8000001f01d
S34508002d8015fc069001f012fc059000f01cfe0e9000f019fe0d9001f009fc824601f006fc834600f010fe0c9000f00dfe022d23da0c22dff8041c6a4311444b78ff2b08bf68
S34508002dc040f2012000f080819df840200b789a4218bf4ff4887040f077814a78032a18bf40f2032077d19df80820022abfbf0b9a022a9df80720022a6bda9df80620032a43
S34508002e0067dc9df80520022a63da0a9a022adcbf9df80420022a5cdc099b40f28b229342bcbf089e964254dadff8902b32f81530bdf80a2093424cd39df80330022bbcbfd3
S34508002e409df80220652a44dab7f1004f41d09df80120022a3ddab9f1004f1cbf049ab2f1004f36d0dff8583b1a780f2a18bf0e2a01d1042c02e00d2a02d1022c29dc05e02b
S34508002e800c2a18bf0b2a01d10e2c22dc9df80020022a1eda069b47f6f7420a3b93423ebf059b0a3b934214d20e9edff8243c9e423cbf0d9e9e420cd2aaf10a0696423cbf6c
S34508002ec0abf10a06964204d20c9a9a4238bf984202d34ff48070f7e0069a059b9a42a1bfda45089a099b9a4202da40f20620ebe0049a9742acbfb94540f22720f7db91f9c7
S34508002f00022012f1010f02bf0b9a012a4ff40a70edd091f9031011f1010f02bf0a9901294ff40c70e3d04ff416726f499df808306a438e1873700b99b1709df80720f2702b
S34508002f409df8061031719df8052072710a99b171bdf81e2032819df80410b172099ab2810899f181bdf80a203282bdf80a10f1829df8032032769df802107176bdf81c2085
S34508002f80f762728306f130079df801103970bdf80e207a80c7f804900499b9603c7306f168049df800102170069a3a61059979610e9aba610d99b962c7f81ca0c7f820b0c9
S34508002fc00c997962f862397b01b10121617006f2391a049850ea0900014618bf01219af813008af8001000284bd10421009106f59e7301220ff2d07106f5f47006f014fa21
S345080030000020029001902b46728b0ff2c871009206f5b270dff8542b06f04cfa00200290019000902b46dff8482b0ff2c07106f5c87006f03ffa7021dff8380b694300ebf2
S3450800304001090022029201924fea0503b9f81400dff81c2c25a1009009f1440006f02afa0020029001902b46b9f8082026a1009209f11800dff8fc2b06f01cfa01208af877
S345080030801300dff8c0130878012826d13178ff2918bf8df80c009df80c2001f0b7ff2b01dff8d47bf95c69b13246f918284605f08cf90b21dff89403694301443246284661
S345080030c005f0cef9010004d09df84030014601f081fd002011b0bde8f08f6278397b284603f0b6fcf5e70000202a00204272616b6543757272656e74526564756374696f83
S345080031006e54696d657200004272616b655469676874656e00000000f8b501f0f9fd01f03efe012ec8bf4ff480711fdc01f0b0fa08bf40f2012119d0515c8c4218bf4ff480
S34508003140887113d1032f18bf40f203210ed1bd490a78012a08d04ff41671dff8883c4e43991981f8690003e040f20a2101f098fa0020f2bdea2e4454fb21f93f2de9f14f25
S3450800318000f025fc064601f015fa00f056f801f014fa00f017fc044600f015fc824600f012fc012e83462ddc0c207043dff808180a185378ff2b07d140f201219df8003074
S345080031c001f008fd00f081bc9df80030085c834218bf4ff48871f1d15078032818bf40f20321ebd19749087820b9012fc8bf40f20a21e3dc062f05da022dd8bfb9f1020f5e
S3450800320000dc14b94ff48071d8e7012fd8bf02f06ffa4ff41670dff8cc2b4643182190194f43c11901f19c000460c0f804a0c0f808b0057380f80d90c4e70746404606f095
S345080032408abc2de9f14f8a4684b000f0eff8019000f0ecf88df8000000f0ecf8adf80a0000f0e8f8adf8080000f0e4f8adf8020000f0dcf800f0d9f800f0dbf8834600f06b
S34508003280d9f8804600f0d6f8814600f0cff8044600f0ccf8074600f0cdf8019901293adc0a460c214a43dff81037991891f801c0bcf1ff0f09d140f201219df81030002250
S345080032c0504606f082fc01f09dbe9df810c09a5c944518bf4ff48871efd14978032918bf40f20321e9d19df800100129dcbf012d012e10dc40f28b218b45b8bf88450ada06
S34508003300dff8b816019a31f81210494503d3012c01dc652f02db4ff48071cee7019bdff8c42a4ff416714b43d118bdf802204b8b9a4205d3097e012908bf4ff40271bcd06f
S34508003340019bdff8302870214b4313449df80020da70bdf80a109980bdf80820da80bdf8021019819d72de72a3f80cb0a3f80e80a3f810909c74df749882d878012804bfac
S34508003380d87a012805d100f03ffa10b140f2092193e70198fff77ffa95e72de9f04781468a4600f043f800f040f800f042f8074600f040f88046504606f0affb04465046b8
S345080033c006f0abfb012d22dc0c21694300f0fdfc09d140f201214b460022504606f0f5fb0020bde8f087515c894518bf4ff48871f1d1dff8c81531f81510b94228bf4145e2
S3450800340005d3012e03dc002c58bf002802d54ff48071e0e700f011f84d4351190e774f82a1f814800c624862dae70546504606f092bb0646504606f081bb4ff41671dff833
S34508003440a42970475247002000040040ec4600202de9f34f89b0084606f07dfb81460a9806f05bfb069000f0f1fe01fb09f100274418b9f1010fb846bb4604f1920a20dc35
S345080034800c2000fb09f00790dff82c5507982818049004994878ff2808bf40f2012712d09df824000a78904218bf4ff488770ad14978032918bf40f2032704d10698002839
S345080034c002d54ff4807711e1a17a4fea49064fea4900761c8df80c0011b3dff80c291078f0b9022905d14846fff757fb322003f0e7fb2078ff282dd1e289a1899df80c0081
S3450800350003f072fd5fea000b07d1e289a189f0b203f06afd5fea000b1cd040f20527e5e0702101fb09f1dff84c2653181878ff2810d0d87a012804bf987800280ad1d21cea
S34508003540505c38b900f060f95fea000b18bf40f20927e4d194f84c0130bb0421009104f59e7301220ff2602104f5f47005f05cff029701974b46628b0ff25821009204f58b
S34508003580b270dff8e82505f095ff0297019700974b46dff8dc250ff2542104f5c87005f089ff012184f84c1104f5f47006f0e6fd208ae0828af80870e81c0799405c06f0ac
S345080035c027fe8af80400aaf8067004f130052178ff2936d101f041fa04d12146484604f0f6fd2ee094f86920297b484603f030fa6a460df10101484603f0e8fa207e9df873
S345080036000120012809d1617e4846fff7e4f800f00ef99df80020617e08e064214846fff7daf800f004f99df8002064214846fff7d2f80146f0b203f095f9e18a484603f000
S3450800364094faa0782770012848d104f59676b77004998878307006f0dbfdaaf802002179032965d8dfe801f002303855012818bf03202bd14ff001080320707060790128fc
S3450800368056d1e078411e8941c90f8df800102f63069a9df800000021fff709fa00f0c0f89df8002000f0acf805904846fff7adfa059a9af8001042452dd0012932d060bb49
S345080036c000f0a7f8b84633e010b1022070702fe04ff001080220d0e7012829d1e06a2863e16a696301202070380008d00020207000229df824300a98394606f066fa0a9984
S34508003700584606f0d0f900208af800000bb0bde8f08f68b9e2e7012904d0002040f225272070e3e7010018bf0746d7d14ff002089af80000012840d02079707000212963b6
S34508003740069ae078fff7b3f900f06af8e27800f057f806464846fff758fa9af80010464523d001292cd0010021d100f052f8286b861b2e63297801290ed1e06a68636888ad
S3450800378003f09efa01230022012100f03af84846fff73bfa074601e0286b68639af8001001299fd1002121709ee7012908d001000cbf40f22527074698e7b8f1010f8dd000
S345080037c027709ce7010000804d6f7665517565756500000043757272656e74526564756374696f6e54696d6572000000456e646c6573734d6f766554696d6572000000008d
S3450800380003214846fff79bb8da899989187803f0ebbb4ff0ff3205a904f5f47005f062bb8046c5f834800120b0800123704701469df80c0003f096b870b50d46dff8242a1b
S3450800384001210446117601f065fa012805dd4ff4807100f025ff002070bd00f058f808bf40f20121f5d0515c8c4218bf4ff48871efd1032e18bf40f20321ead100f00cf8dc
S3450800388010f8903f022b08bf40f23121e1d00121042281704270dee74ff41671dff84425484310447047f8b501f032fa012805dd4ff4807100f0f4fe0020f2bd00f027f8e1
S345080038c008bf40f20121f5d0515c8c4218bf4ff48871efd1032e18bf40f20321ead14ff416764643dff8fc74b95d022914bf032940f22221ded0dff8f0241178ff2419b908
S34508003900fff74bf9bc55d7e704f03ffcfae70c214143294a53185e78ff2e70472de9f04100f054f8064600f04ef80746012ec8bf4ff4807030dc00f038f808bf40f2012096
S345080039402ad0085c844218bf4ff4887024d1032b18bf40f203201fd100f0fff814bfff2840f2212018d0012818bf40f2222013d139463046fff775f9012808bf4ff409702b
S345080039800ad000f00cf8286e3f1800f024f83046fff73bf9010001d001f01af9dae0288ae88205f5f47006f0e9bb0c20704302490a185378ff2b7047e445002054470020f2
S345080039c0504700208146404606f0a7b804468846404606f0c0b86f660223002201213046fef7adbf2de9f14f00f04cf900f046f9064600f065fa00f049f9804600f03ff9ca
S34508003a00814600f03cf9012d824631dc00f0b0ff08bf40f2012053d09df80030085c834218bf4ff488704bd15078032818bf40f2032045d100f0cbfd44182078002814bfb5
S34508003a40ff2840f221203bd0012818bf40f2222036d11f48814538bf824509d247f6f740a7f10a0181423cbfa8f10a02824202d34ff4807024e04745b8bf40f206201fdbb3
S34508003a8031462846fff7edf8012808bf4ff4097016d0208ae082c4f874802767c4f87c90c4f880a004f5f47006f068fb206e3618666600f086fd2846fff7a7f8010004d00f
S34508003ac09df80030014600f0e5f80020bde8f28f19fce7032de9f041fff778ff0646fff772ff012e07461fdcfff75fff08bf40f201202dd0085c844218bf4ff4887027d11d
S34508003b00032b18bf40f2032022d100f026f814bfff2840f221201bd0012818bf40f2222016d1b7f1004f02d14ff4807010e0686bb842a6bfa96b8f424ff4097008dbfff7d0
S34508003b402efffff748ff3046fff75ff8010001d001f03ef80020bde8f0814ff41671a148714345182878002870470000f52a0008652b0008804300202de9f84f804600f0e3
S34508003b8081f8064600f07bf800f080f8044600f097f9814600f073f8824600f070f8012e01463bdc0c207043dff8182c13185b78ff2b08bf40f2012054d0105c804518bf66
S34508003bc04ff488704ed1032b18bf40f2032049d14ff416728348724385182878002814bfff2840f221203dd0012818bf40f2222038d1b7f1004f11d0dff8cc0b824538bffe
S34508003c0081420bd20a2c09dba9f10a0047f6f742904203d247f601539c4202db4ff4807020e04c45b8bf40f206201bdb686bb842a6bfaa6b97424ff4097013db288ae88240
S34508003c40c5f874902c67c5f88010c5f87ca0fff7a8fe6f660323fff7c0fe3046fef7d5ff010003d00146434600f014f82de70000fb27000897280008cc4600200546584672
S34508003c8005f04bbf8b46584605f065bf0746584605f054bf0022584605f097bf2de9f84380468946484605f056ff0746484605f052ff0546484605f030ff012f044622dc1d
S34508003cc00c207843fff773fe07d140f2012143460022484605f079ff67e1085c804518bf4ff48871f3d1032b18bf40f20321eed100f071f83078002814bfff2840f221219d
S34508003d00e5d0012d02dd4ff48071e0e701280ad1308af082002186f8381102232a4602213846fef70cfe002cd6d006f5c875284602f066ff00222146284603f04dff2846f8
S34508003d4003f03cffc8e72de9fc4100f0e1ff074600f041f806f508780021404605f0b6f9012f09dd4ff4807100f09afc404605f03bfa0020bde8f6810c21794300f025f847
S34508003d8008bf40f20121efd0515c8c4218bf4ff48871e9d1032b18bf40f20321e4d1002802bf06f1900420780228dfd106f5c87002f026ff06f5f475284606f0dff9384675
S34508003dc0fef7e1fa00f0e9f8d0e7dff8f82953185b78ff2b70474ff4167102487943461870470000202a0020524700202de9f84f0446fff747ff00f066f8fff747ff80460b
S34508003e0000f05ef8814600f05bf8012e82461cdcfff7cbfd05d140f201212346fff73aff53e6085c844218bf4ff48871f5d1032b18bf40f20321f0d1fff78ffe14bfff28e0
S34508003e4040f22121e9d0012f02dd4ff48071e4e7288a4845acbfc14540f20621dddb28780128ddd1a9eb080002f004f80446504601f0f8fe0146204601f044fd04464046c1
S34508003e8001f0f0fe834606f03ffae88202233a4602213046fef753fd09e0214601f02afe834606f031fae882012002f009ff484601f0d8fe0146584602f006fdedd3afe7d3
S34508003ec0584605f03bbe0646584605f044be2de9f84304460f46384605f03dfe0546384605f02cfe0646384605f028fe012d814607dd4ff4807123460022384605f065fe6e
S34508003f0053e000f035fd08bf40f20121f3d0085c844218bf4ff48871edd1032b18bf40f20321e8d1fef719fe45434d19ea8ab242b8bf40f20621dedb05f1900420780228fa
S34508003f40ded11746b81b01f095ff8046484601f089fe0146404601f0d5fc8046384601f081fe81460ae04846414601f033fe814606f0caf9e882012002f0a2fe304601f0d4
S34508003f8071fe494602f0a0fcedd305f5f475284606f0f4f800f001f8b2e7032060704ff0ff326946284604f09dbf0020bde8f2832de9f14f8b4688b0fff786ff0446fff74e
S34508003fc083ff8df80000fe27fff77eff06904ff00008fff775ffadf81000fff775fffff772ff8246fff76cffadf80200fff747fe8146fff769fffff741fe711ec9b2022caa
S34508004000059002912bda0c20604300f0c0fa08bf40f2012825d09df82020085c824218bf4ff488781dd15978032918bf40f2032817d19df800000228bcbf069802280edaad
S34508004040029804280bdcbaf1070f08dab9f1000f05d4022d03da0598b0f1004f02d14ff48078d6e00298042800d009db0b21dff8ec0c6143425c012a18bf40f20628f0d119
S3450800408000f08cfa08bf4ff40a78ead000f0e3f83078002814bfff2840f22128e1d0012818bf40f22228dcd1012d17d106f59670407b01280fd1316e726b914203db9df8af
S345080040c00010002908d0b16b326e914203db9df80010012900d0002800f09580308af08206f5f47006f04af806f59670c0f80890039902980844817886f82c1106f596701d
S3450800410006f5967180f801a08d700db9c6f8608096f82c0106f07cf806f19201b9f1000f488004d1baf1020f0ed1012811d0059a316e9df80000fef7bafc012d814610d1f7
S34508004140706b484509da0be0baf1030f08bf0028edd1306e019070666be0b06b814500da814600f073f8c6f86490614300f009fabaf1040fa4bfbdf8021081809df800207d
S34508004180022303212046fef7dafb01902046fef73cfd96f89210012902d1306e019028e040f20131884203d1306e0190042720e0019848451bd0029f4ff0ff3207a906f5c6
S345080041c0f47004f08ffe0698012812d1bdf8100002f076fd019870660223002201212046fef7adfb2046fef710fd804601e040f22928012d0ad1306e716b8842bebfb06ba6
S34508004200316e884202db4ff4097802e0b8f1000f0fd09df8203000224146584605f0d5fc40f2292188451cbfb8f5097fb8f1000f08d10198594605f09bfb7f1c5946f8b26a
S3450800424005f031fc002009b0bde8f08f4ff41671dff8c40b70474ff41671dff8bc0b614346187047ec4600202de9f14f88468eb000f0a0f900f0a1f98df80000fe2600f069
S3450800428099f90b904ff0000b00f090f9adf8180000f090f9fef7d1ff814600f087f9adf80200fff790fb059000f084f90446fff78afb00f07af9824600f078f90490fff7c9
S345080042c082fb0990fff77ffb089000f073f9791ec9b2022d0790029143da0c20684300f056f908bf40f2012b3dd09df83820085c824218bf4ff4887b35d15978032918bf5a
S3450800430040f2032b2fd19df800000228bcbf0b98022826da0298042823dcb9f1070f20da059800281dd4022c1bda0a98b0f1004f17d00999dff8900481423cbf089a824206
S345080043400fd2baf10a0f0cdb04980a3847f6f741884206d247f601508245bcbf0799022902db4ff4807beae00298042800d006db0b21dff8e8096943425c012a17d100f076
S345080043800df908bf4ff40a7bedd000f020f947183878002814bfff2840f2212b09d0012818bf40f2222b04d10498824502da40f2062bc4e0ccb107f59670407b01280fd12f
S345080043c0396e7a6b914203db9df8001000290ad0b96b3a6e914203db9df80010012902d0012c08bf002800f0a480388af88204997967c7f870a00998f86707f5f4700899f3
S34508004400c7f880108df801b005f0b8fe059807f596718860039802990144887887f82c0107f5967107f5967081f8019084700cb9c7f860b097f82c0105f0eafe07f19202d3
S3450800444001465180059820b9b9f1020f0ed1012911d00a9a396e9df80000fef728fb012c824610d1786b504509da0be0b9f1030f08bf0029edd1386e019078666fe0b86bf6
S34508004480824500da8246fff7e1fec7f864a0694300f077f8b9f1040fa4bfbdf8021081809df80020032303212846fef748fa01902846fef7aafb97f89210012902d1386ee9
S345080044c001902ce040f20132904203d1386e0190042624e0010018d10198504517d0029e4ff0ff320ca907f5f47004f0fbfc0b98012814d1bdf8180002f0e2fb01987866ce
S3450800450000f05ff82846fef780fb834607e0079901208df80100012908bf40f2292b012c0ad1386e796b8842bebfb86b396e884202db4ff4097b02e05fea0b000fd09df81f
S34508004540383000225946404605f03ffb40f229218b451cbfbbf5097fbbf1000f0dd10198414605f005fa761c4146f0b205f09bfa9df80100414605f096fa00200fb0bde8d8
S34508004580f08f014401f596700122828070478d490a180392039b5a78ff2a70470299194491f9020010f1010f70470a90404605f0c5ba0446404605f0ceba0546404605f081
S345080045c0caba0323002201212846fef7b8b94ff41671dff844086943704770b500f0d4f90546012d05dd4ff4807100f03bf9002070bd00f0bdf908bf40f20121f5d0085ccf
S34508004600864218bf4ff48871efd1032b18bf40f20321ead100f0b4f900f0cbf8286e05f0a7f9686e00f017f9287800f018f9dee7f8b500f06dfb064600f093fb012e21dc09
S3450800464000f026f805d140f2012100f029f80020f2bd515c8c4218bf4ff48871f5d1032f18bf40f20321f0d1fef7e7fe4e43911991f83931012b08d14a6b8242a4bf8b6bc1
S34508004680984202da4ff48071dfe708664866dee70c2171434b4a53185f78ff2f7047014623460022284605f090ba70b500f06cf90546012d05dd4ff4807100f0d3f800205b
S345080046c070bd0c203f4968434a1c135cff2b08bf40f20121f1d00b5c9e4218bf4ff48871ebd1491c085c032818bf40f20321e4d100f046f900f05df8687805f0d4f9a87823
S3450800470000f0adf800f0aaf8287900f0a8f8687900f0a5f8a87900f0a2f800f0f4f8a87a00f09df8a88900f0eff8e88900f0ecf8288a00f0e9f8287e00f091f8687e00f0b2
S345080047408ef8688b00f0e0f8e86a214605f1300605f00ef9307800f082f8708800f0d4f8706800f078f8b06800f075f8307b00f076f815f8680f00f072f8687800f06ff878
S34508004780306900f076fa706900f073fab06900f062f8b06a00f05ff8f06900f06afa306a00f067fa706a00f056f8f06a00f053f885e74ff41670dff8601645430d442146f1
S345080047c070470000e445002019fce703f8b500f0dbf80746204605f0bef90546012fd8bf012d05dd4ff4807100f03cf80020f2bd0c207843fff7dbf808bf40f20121f3d006
S34508004800085c864218bf4ff48871edd1032b18bf40f20321e8d12146384605f044f900f0aff8fef70afe4f431820d1194543481900f19c052146287b05f035f9687b00f07f
S345080048400ef8286800f007f8686800f004f8a86800f001f8cae7214605f08ab8e878214605f021b933460022204605f0aeb970b505460c46204605f06ef9012806dd4ff4db
S3450800488080712b46fff7efff002070bdfff73ff808bf40f20121f4d0515c8d4218bf4ff48871eed1032e18bf40f20321e9d17021dff86c27484315182146287805f0f3f84b
S345080048c0fff7ccffa88800f01ff8e88800f01cf800f019f8a87afff7c2ffe87afff7bfffa88900f011f8e88900f00ef8288a00f00bf8a87cfff7b3ffe87cfff7b0ffa88a11
S3450800490000f002f8c0e72889214605f041b870b500f03af80546012d05dd4ff48071fff7a1ff002070bd00f023f808bf40f20121f5d0085c864218bf4ff48871efd1032b01
S3450800494018bf40f20321ead100f01af8fff731ff287f05f0a8f8688afff7d6ffa88afff7d3ff286afff777ff686afff774ffd8e70c206843dff8ac160a185378ff2b7047f0
S345080049802146284605f08fb806460c46204605f0e2b8f8b5fff7f8ff0546012d05dd4ff48071fff75fff0020f2bdfff7e1ff08bf40f20121f5d0085c864218bf4ff4887104
S345080049c0efd1032b18bf40f20321ead100f045f808bf40f20a21e4d015b1012d09d017e000f048f800f035f800f040f8002101200ce0dff83466002130468185c0463046dd
S34508004a0004f06afa00f02ef80021032001f0aaff284602f0d0f800f0fdfaff2232706800f289b189c0b202f0dffa07466800f289b189401cc0b202f0d7fa0646fff7a0ff14
S34508004a402146384605f02ff82146304605f02bf8a9e74ff0804004f03fbadff8d0050178012970470021022001f07cbf0021002001f078bf00214ff0804004f02bba2de9c9
S34508004a80f14f884686b0fff795fd0190fff792fd8df80200fff78efd0746fff787fd0490fff784fd0390fff781fd0290fff782fd8df80100fff77efd8df80000fff77afd35
S34508004ac046b2fff777fdfff774fdfff776fd8146fff770fd8246fff76dfd8346fff76afd01990229bcbf9df8021002291cda022fbfbf9df8011002299df80010022913dab9
S34508004b0006f14002802a0fd2022c0dda65b1102db8bfb9f1100f07dabaf1030fd8bfbbf1030f01dc022802db4ff4807047e0dff800150a780c2a18bf40f20a203fd1019a48
S34508004b40dff8f01401eb021101230b709df802204a708f70049a4a60039b8b60029adff8d834ca600b22019f57431f449df801307b70002c9df80020ba70fe707c7112bf12
S34508004b80bd710022ba7187f8079087f808a087f809b0b8724ff41670019b9f4a019d4343d4182246e8b203f010fc010005d1019822463946c0b203f053fc010004d09df8f9
S34508004bc01830014600f006f8002007b0bde8f08f014623460022404604f0f7bf70b5fff7d3fe0546022d05db4ff48071fff73afe002070bddff8380401780c2918bf40f26e
S34508004c000a21f3d1fff7bcfedff8280400eb05162146707804f047ffb078fff720fe706800f027f8b06800f024f8f06800f021f80b20dff8041445430d442146687804f05f
S34508004c4032ffa878fff70bfefff708fe6879fff706fea879fff703fee879fff700fe287afff7fdfd687afff7fafda87afff7f7fdbee7214680b204f08bbe7fb500f048f846
S34508004c800128064606dd4ff48070fff708fd002004b070bdfff7e1fe18bf40f20a20f4d16946304603f0e5f80100eed12946304604f0f9fe9df8000000f02ff89df80100cb
S34508004cc000f02bf89df8020000f027f89df8030000f023f89df8040000f01ff89df8050000f01bf89df8060000f017f89df8070000f013f89df8080000f00ff89df80900aa
S34508004d0000f00bf8bdf80a00294604f041febee704460d46284604f01ebf294604f0c3bef8b5fff7f5ff00f03af800f019f80246022ea8bf4ff480700cdabd4801780c2947
S34508004d4018bf40f20a2005d13946304602f0fcff010001d0fff7a3fc0020f2bded4600200746284604f0d9be7cb5fff7d1ff00f016f8022ea8bf4ff480760cdaac490a7849
S34508004d800c2a18bf40f20a2605d100f04cf800f045f8300001d000f04bf8002076bd0646284604f0d8bef8b5fff7b2fffff7f7fffff7d6ff0246022ea8bf4ff480700cda71
S34508004dc09b4801780b2918bf40f20a2005d13946304602f0b9ff010001d0fff760fc0020f2bd7cb5fff794fffff7d9ff022ea8bf4ff480760cda8e490a780b2a18bf40f2a5
S34508004e000a2605d100f00ff800f008f8300001d000f00ef8002076bd202a002006460098294604f0a5bd01466a46304602f0c2bf234600223146284604f0c7be2de9f34ff9
S34508004e4083b0084604f087fe0546049804f083fe4ff000098246012dc8bf4ff4807921dcfff786fd08bf40f2012915d09df80c30085c834218bf4ff4887913d15078032863
S34508004e8018bf40f203290dd100f0c4f83078002814bfff2840f2212900f0ad80012818bf40f2222940f0a780308af082baf11e0fa8bf4ff01e0ab179dff87c818df8011088
S34508004ec006f13c0759493a788df8002086f8069087f8009088f818900a78012a02d100f095f88146fff773fb014401f5f4724ff0000b029231e0514850f82a003c2404fb04
S34508004f000bf40323015bc900b9630bf1010b025bd2007a630022015b39640221005b78642846fdf70cfd454951f82a000019408801f0c6fe029805f021f9032086f8910097
S34508004f404ff0ff32029801a903f0ccff3b4850f82a100919888801f0b3fe394830f81a108b4503da98f818000128c4d100219df8010088f81810b0719df800102b483970b1
S34508004f800278012a14d100f041f82901294b8146585c68b132461944284603f016fa0b20684308eb00013246284603f059fa814615b1012d09d016e0fff75cfdfff749fdad
S34508004fc0fff754fd002101200be0174c002120468185c046204603f07ffffff743fd0021032001f0bffc284601f0e5fdff20b9f1000f307006d09df80c300498002249468f
S3450800500004f0e3fd002005b0bde8f08f3146284603f0ffb84ff416710a4869434618704780430020e4450020000400405247002050470020cc460020ec46002000000020a5
S34508005040ecc10108202a002070b504000d00160038220021200005f06bf965602661eff3108072b60f4921600f49096800290bd00d490968896a0c4a126894624c62a16205
S3450800508009490968616203e007490c606462a46206490968491c054a116080f31088002070bd00bf4554554dc8470020cc470020302800db704730b5dff8602602eb8000bf
S345080050c00229d0f8303302d101251d6006e001290ebf0024d0f8f0532c681c6002eb8101036bca781a60d0f8f0308a781a60d0f8b0314a781a60d0f870020978016030bdcf
S3450800510010b5dff81c26916a506b5369890001ebc0011068926901eb43014118dff80406cbb242700b3b042b40f60f1213d8dfe803f00e0c090603004ff496640ce04ff4c6
S34508005140c86306e04ff4fa6406e0828005e040f21453838001e0002484808488c4800b46c9b20a2940f26e2402d18480c28007e0092908bf828002d0082902d18480c480d1
S345080051800c23037010bd00218184002282850121818102850180704780b5032810d8dfe800f00205080b0a21082007e00a21092004e00a210a2001e00a210b20fff778ffbc
S345080051c0012002bd18b585b003210020fff770ff03210120fff76cff03210220fff768ff032100f069f9082100f063f9082100f05df9082100f057f9082100f051f90a217c
S3450800520000f069f9dff81c4520780d2802d00a2100f05ef90a2100f058f920780d2802d00a2100f04ff908210c20fff741ff00f045f900f031f900f02cf900f07bf800f01c
S3450800524076f809211220fff733ff00f01ff900f01af900f069f800f064f800f05ff800f05af800f055f800f050f809211d20fff71fff092100f002f909211f20fff718ff82
S3450800528000f0fef80020a07000f0ebf8dff89804fff779ff00f0cef8632200f0d4f8206840f400702060dff88444204605f04af84ff46022029200210091adf804100391df
S345080052c001228df810206946204605f064f80121204605f09af80121204605f09ef80121204605f077f8204605f07df8204605f07ff80028fad1204605f07df8204605f094
S345080053007ff80028fad106b010bd09211c20cfe609211b20cce609211a20c9e609211720c6e609211620c3e609211520c0e609211120bde609211020bae610b50221002012
S34508005340fff7b6fe09210120fff7b2fe09210220fff7aefedff8cc436078a0b100f0abf800f0a6f800f0a1f800f09cf8022100f097f800f0aff800f0aaf800f0a5f800f011
S34508005380a0f8022119e0092100f096f8092100f090f8092100f08af8092100f084f800f07ef8022100f097f8092100f091f8022100f08bf800f085f800210c20fff778fe48
S345080053c000f07cf800f068f800f063f8fff7b2fffff7adff02211220fff76afe00f056f800f051f8fff7a0fffff79bfffff796fffff791fffff78cfffff787ff0a211d2092
S34508005400fff756fe00f039f80a211f20fff750fe00f036f80120a07002f025fc00f021f8c148fff7b0fe00f005f84ff4616200f00af810bd2068be4b40f400602060812134
S34508005440bc4801807047828546f66c41018381834ff4004241f2111101841a80012181827047b54c606840f001006060606840f0020060604ff0804085e600211e2017e65b
S3450800548000212d2014e60021142011e6002113200ee600210f200be600210e2008e60021072005e60021062002e600210520ffe500210420fce500210320f9e500210d2042
S345080054c0f6e500210b20f3e500210a20f0e500210920ede500210820eae580b500f017f9026842f0007202609348016841f001010160026842f004020260016841f0080127
S345080055000160026842f010020260016821f020010160026822f040020260016821f480610160026822f480520260016821f480410160426822f480424260416821f40031a9
S345080055404160416821f480214160416821f400114160416821f480014160fff7d1fd714800780f281cbf0e280d2802d1bde8014028e60c2818bf0b2802d1bde80140dce63a
S3450800558001bd80b572b61c2100f005f81d2100f002f862b601bd8df80010002201218df801208df802108df80310684604f095bf80b55c4800780c2818bf0b2805d1002071
S345080055c002f0e3fd012002f0e0fd00210020fff76ffd00210120fff76bfd00210220fff767fdfff768fffff763fffff75efffff759fffff754fffff76dfffff768fffff7a7
S3450800560063fffff75eff00210c20fff751fdfff755fffff741fffff73cff0021fff78bfe0021fff785fe00211220fff741fdfff72dfffff728ff0021fff777fe0021fff7c2
S3450800564071fe0021fff76bfe0021fff765fe0021fff75ffe0021fff759fe00211d20fff727fdfff70aff00211f20fff721fdfff707ff3148016821f400610160426852082d
S3450800568052004260416821f002014160026822f40072026001bd80b52be0000021490a780c2a18bf0b2a07d191f8013028a206214b43d118085c704721a2105c704780b5da
S345080056c0fff7ecffbde804400921f1e410b5154b22a25c780c214c431119085c10bd0000dff8402023a1537801eb8301085c704780b500f00cf80921026842f0806202607b
S34508005700fff7ddfebde8044009210e20d0e40b48016821f0e0610160704700005c9d010800812142504700200004004000240140442c0140002c014018100240040001405c
S345080057400d0e1011121516171a1b1c1d1e1f00000d0e030405060d0e08090a0b0f14132d090b0c07030405060f14132d0304050608090a0b1200080a1200070c544951f80c
S3450800578020000168ca0754bf41f0010121f00101016070470129c8bf01214d4a52f82000016070472de9ff475ff000064ea40ff26d050ff224180ff24d0a00276421454840
S345080057c00297714300eb010901970097334652464146484603f06efe02970197009733462a46214609f12c0003f064fe09f15800761c878007608771c771042e0772dddb2d
S34508005800bde8ff8738b504466420324960430d18284601f0f5f995f85e100de038b5044664222c4962438d1805f12c0001f0e8f9002185f8601000bf2046bde8344000bf81
S3450800584010b500bf2ba454f820004ff461625143642391fbf3f1018010bdc0b2fff79cbc38b564231b4a43435831d41804f158058a88aa800b682b608a79aa71c979e971a2
S34508005880fff7deffa88850b1204601f0b9f9a9880022204602f0a0f9204602f08ff9286878b104f12c0001f0abf92968002204f12c0002f091f904f12c00bde8324002f0c0
S345080058c07db931bd6421034a48431044704700008ca00108003f002050574d526564756374696f6e0000000050574d54696d656f75740000342c0140382c01403c2c01400f
S34508005900402c01404ff0ff0c1cead0531dbf1cead1526345624543e09b1a5feacc7280ea010c42ea01211cea020c42ea0020421a38bf01eb420253f17e034fea1121b2fb01
S34508005940f1f001fb102260f3d63c4fea0222b2fbf1f001fb102260f3ce1c4fea0222b2fbf1f006ddff2b29da5cea500040ebc3507047c3f1020301fb1022192b40ea4c0127
S345080059800cf0004c41f0807121dc21fa03f0c3f120039940114371f1004250eb0c00704763451abf0cead152624512e080ea010c00180cf0004c06d049181ad10cf0004c4a
S345080059c04cf0ff407047c94208bf6fea020c60467047634506d1b2eb0c02f5d001f00041484070474a0212bf0846484000f0004070474ab90902b1fa81f2914043b19b18f3
S34508005a00c00140f0004092e7c90141f0004152420002b0fa80f39840d31a88e7ff2212ead05c1dbf12ead153944593422be09c44d30780ea010243ea002043ea01211a4070
S34508005a40a1fb0030c04238bf00187cf17f010bdbfe294ada5b0842eac15153ea006373f1004c51eb10207047d1f1080cdcf120012fdb5b0810fa01f10b4320fa0cf073f114
S34508005a8000415041704794451cbf02ead153934280ea010202f000421dd0400019d0490017d05bb9634514d00902b1fa81f39940bceb030cc00140f00040c1e70002b0faf1
S34508005ac080fc10fa0cf0b3eb0c0cc90141f00041b6e71000704740000ad0490008d010f1807f94bf11f1807f02e042f0ff407047d043704790ea010f40f1728081f00041fe
S34508005b00431a4ff000423ebf5340c01ac918d3095fead05c13eb400f34bfb3eb410f40e07cebd1530cd342ea012122d8d1eb402009d3400a28bf5fea500140ebcc5070471c
S34508005b40401a15d04002b0fa80f2521c9040400a4fea3c23b3eb026384bf00eb730007e040f400001a16db07c2f10102d04018437047182bfcdc31fa03f202fa03f3591a11
S34508005b8038bf42f00102d2eb40203cbf0018acf1010c5feacc5cc20572f100414ceb5020704713eb400f0fd2c94209d0acebd153022b03db4902172bdddd70479143401a93
S34508005bc0c042d5d10020704713eb410fd0d36ff00000704790ea010f7ff592af81f00041421a3cbf801a8918c0f3c752ff2a4ff0004c22d0c1f3c7534bb3d21ad2f1190385
S34508005c002edd4cea01214cfa03f321ea0303d1404cea00226ff3160052180fd353eac2534cea520273eb0c0c50eb1220420012f1807f38bf70476ff31600704753ea0263f7
S34508005c4022ea0c0273eb0c0c50eb12207047490212bf9a4200eb5120efe7d2f11703d2d57047000050b1b0fa80f18840c1f19d01c905020672f1004241eb1020704700003b
S34508005c80c0f3c75181b1ff2906d0c110400721f0e04101f16051704741020cbf40f4e0016ff000410020704700f0004100020ad0b0fa80fc00fa0cf001f16051a1eb0c51e8
S34508005cc001ebd0214005704730b540f2ff7c1cea11541dbf1cea1355644565453fe0641981ea030c6ff35f530cf0004c43f48013c90241f0004141ea505ec5021100a5fb59
S34508005d00020200284ff00000eefb01204ff00001e3fb052118bf42f00102401800214941e3fb0e01a4f580640d0302d292184041494154f1010470dd450872f1004250f1c0
S34508005d40000051eb0451a1f5801102d441ea0c0130bd40f2ff7e4cea0e51002030bd0cea1355644518bf654581ea030c0cf0004c41d050ea410e1cbf52ea430e02e061463c
S34508005d80002030bd24422c441bd15fea050ef6d0090302bf01460020aef1140eb1fa81f5aeeb050401fa05fe0c35c5f1200100fa05f5c8404eea000e6ff35f5343f48013f6
S34508005dc09ce733f00043b3fa83f504bfb2fa82fe75440b3d641bb5f1200e2fbf02fa0ef3ab40c5f1200e22fa0efe38bf43ea0e03aa40641c7ce750ea410e14bf52ea430e77
S34508005e006ff000014ff4001515eb430f8ebf194615eb410f9de7b4d830bdd4f10104b4f120050fdac4f12005520828bf42f0010210fa05fe01fa05f57244e2bfe0402843a0
S34508005e40e1400fe0352c9adcc5f1200452ea400220fa05f218bf42f0010231fa05f0a1400a43002172f1004250f1000051eb0c0130bd000010f0004c68b148bf4042b0fa95
S34508005e8080f18840d1f19d014ceac15c010671f100414ceb1020704770b491ea030f4ff0004540f1bf806b40841a71eb030604d26e40001bb141121973414ff4001c1cebf7
S34508005ec0410f34bf7ceb430683e00c0da4eb1356362e00f37c80012e45eac32341dc43ea525312bfd20292025b08240545eac12141ea5051d2ebc020994125d407d1b0fa13
S34508005f0080f610fa06f162d00020203608e0b1fa81f6b140c6f1200220fa02f21143b0404feaf474b4eb465434f001064fea74040ad8d6f50016760d04f00044f04061fa4f
S34508005f4006f25040f1404840c00a40ea415021f0004128bf5fea500550f1000044ebd12135e0db0a45eac121c90ab6f120050edd42ea0242120cc5f1200603fa06f6eb40f1
S34508005f8042ea06056d42984161f100010de062fa06f5f240554063fa06fc82ea0c02f3405a406d42904161eb030111f4801f05d1641e620502d06d004041494121f48011ed
S34508005fc0430875f1004350f1000041eb045170bc70471ceb410f15d223f0004352ea43060bd04fea4c0cbceb410f04d80c0d661e342eb7ddebe7801a994150ea410608bf81
S345080060000021e4e708bf1ceb430f28bf6ff00001dde7000070b491ea030f4ff000457ff543af6b40841a71eb030603d2001bb141121973414ff4001c1ceb410f34bf7ceb21
S34508006040430442e00c0da4eb1356352e4fdc45eac323db0a45eac121c912b6f120050ddd63fa05f6eb4086ea0305124218bf45f00105c01851f100010cd213e062fa06f5ca
S34508006080f2405540f3415a40b340f3405a408018594107d349085fea30005fea350528bf45f0010501f58011420875f1004250f1000041eb04514e0016f5001f70bc38bf2c
S345080060c070470020090d090570471ceb410f10d252ea43060bd0bceb410f05d80c0dab43661e342eb6dd02e0ab438018594170bc704770bc7047000040f2ff7c0b0d4dd049
S34508006100634566d230b421ea035141f4801103f2fd3c5fea5c0c01d300184941890041ea907180004ff440140023e202d50ab1f5100107d46d081dd2091b64190018494128
S34508006140491bf7d56d080ad20919641b00184941491befd56d08f7d301e0520817d0c01861419b1aac4100184941801aa941f4d452080ad0c01aa1419b186c4100184941c8
S34508006180801aa941e9d45208f4d15b1c6c4161084fea330001eb0c5130bc704750ea0103fbd030b4b1fa81f311b9b0fa80f41b190b3bb3f120042fbf00fa04f19940c3f1ec
S345080061c0200420fa04f438bf21439840d3f101039de7634514bf50ea410cdee711f5801fdbd8d943aff300807047000001f000428b1aa3f16051b1f5801f0adbb1f17f6ff1
S345080062001fd242eac102c10071f1004142eb507070470b15c3f10903212b10d2890241ea905180020128494141f0004121fa03f0c3f12003994071f1004150417047100063
S3450800624070476ff0000013eb103f5cbf000e42eac050704740ea010c1ceb0c0f4ff0807c07d305d01ceb400f9cbf1ceb410f884270471ceb400f98bf81427047c10dd1f10e
S345080062809e0104d4000240f00040c84070476feae0707047f0b540f2ff7581ea030c0cf0004c15ea11541dbf15ea1357ac42af42e5e0bc41c1f31301c3f31303801a994169
S345080062c043f4801304d2641e0018494180185941c90241ea5051b1fbf3f603fb1611a2fb0675d7ebc020a94102d2761e80185941c90241ea5051b1fbf3fe03fb1e11a2fb0d
S345080063000e75d7ebc020a94103d2aef1010e80185941890241ea9051760546ea8e2eb1fbf3f603fb1611a2fb0675d7eb8020a94102d2761e80185941c90241ea50514eea06
S34508006340060eb1fbf3f603fb1611a2fb0675d7ebc020a94102d2761e80185941c90241ea5051b1fbf3f703fb1711a2fb0735d3ebc020a94167f100070cbf004247f00107a4
S3450800638066f3d5274fea1e31b80814f5806412ddbd0775f1004250eb0e5051eb045111f5801f5cbf41ea0c01f0bd4cf07f6141f0e0410020f0bdbd076d0840ea0e5041f4ea
S345080063c08011d4f10104b4f120060adac4f120060200e04001fa06f3e1401843b24015430ee0342c13dcc6f1200445ea40056d0820fa06f2154321fa06f0a1400d43002100
S3450800640075f1004250f1000051eb0c01f0bd00205fea0c01f0bdcfb992185b41b3fa83f704bfb2fa82f6bf190b3fb7f120062fbf02fa06f3bb40c7f1200622fa06f638bfb5
S345080064403343ba401cb1e419641e33e77f4231f00041b1fa81f404bfb0fa80f6a4190b3cb4f120062fbf00fa06f1a140c4f1200620fa06f638bf3143a0403c1b1ae7ac4201
S345080064801abf05ea1357af4212e050ea41061cbf52ea4306bfe750ea4107304661461cbf41ea0551f0bd52ea430c08bfc143f0bd00204ff4001616eb410f98bf16eb430f13
S345080064c008bf16eb410f24bfc14305e016eb430f0cbf61464cea0551f0bd00002de9fc4d04460d461646dff85003dff8501322462b46fff7e9fb8b462bf00041d04ad14bda
S3450800650004f020f8074658d2cf4b0bf0004700223b435946fff7c0fc04f02ef8070047d004f046f80022c94bfff7cefb82468b464ff0a040c64952465b46fff7c5fb224600
S345080065402b46fff7a9fc04460d464ff0c040c14952465b46fff7b8fb22462b46fff79cfc04460d464ff00050bb4952465b46fff7abfb22462b46fff78ffc04460d460020b6
S34508006580b64952465b46fff79ffb22462b46fff783fc04460d464ff00050b14952465b46fff792fb22462b46fff776fc04460d4607f0030707eb06089ce068004015401c61
S345080065c008d1290340f034814ff0ff306ff00041bde8fc8d24f0000035f0004108bf002804d1002e00f025819e4d22e13846964b0bf00047594600223b43fff74dfc4b000d
S3450800660043ead0734200002b08bf002a17d040f23347a7eb5352352a04db00f0000001f000410ce0202a03dd203ad140914000e001d1002003e0002ac4bfd0409040cde90a
S345080066400001dde9000120f0000231f0004308bf002a47d0dde9002300207c49fff734fb07468b464ff0a04079493a465b46fff72bfb22462b46fff70ffc04460d464ff0e1
S34508006680c04074493a465b46fff71efb22462b46fff702fc04460d464ff000506e493a465b46fff711fb22462b46fff7f5fb04460d46002069493a465b46fff705fb22465f
S345080066c02b46fff7e9fb04460d464ff0005064493a465b46fff7f8fa22462b46fff7dcfb04460d46dde9000103f046ff00f0030000eb060825f00041002905d500224ff077
S345080067000043101b63eb010100225ff0795304d54ff00047921a67eb0303994208f0010a05dabaf1000f7bd000244e4d78e022462b4620462946fff7c7fabaf1000f0646a9
S345080067400f4631d04848494932463b46fff7bcfa474a484bfff7a0fb32463b46fff7b4fa454a464bfff798fb32463b46fff7acfa434a444bfff790fb32463b46fff7a4fa34
S34508006780414a424bfff788fb32463b46fff79cfa6ff051023e4bfff77ffb32463b46fff793fa00222f4b37e032463b4620462946fff78afa82468b463648374932463b4603
S345080067c0fff782fa354a364bfff766fb32463b46fff77afa334a344bfff75efb32463b46fff772fa314a324bfff756fb32463b46fff76afa2f4a304bfff74efb32463b46fb
S34508006800fff762fa2d4a2e4bfff746fb52465b46fff75afa22462b46fff73efb04460d465fea887004d585f000412046bde8fc8d20462946bde8fc8d83c8c96d305fe43f0f
S345080068400000a0ffffffdf410000e03f0000303efb21b9c1b41011c026a651be5c14d3bc9a833bbb0000f03f09260a1039ba213e3ba861c6f97d92be63ac30909f01fa3e67
S34508006880f6fb51166cc156bfb10255555555a53fffffdfbfb08f2fc310d8e53d8f0c73a1e1e55abe4dade44fe31dc73e3ee3b519a0012abffaf010111111813f4255555508
S345080068c05555c5bf002209e640ea010c1ceb0c0f4ff0807c07d305d01ceb400f9cbf1ceb410f814270471ceb410f98bf8842704750b1b0fa80f18840c91cc1f584610905e5
S3450800690001ebd0214005704701467047400d40f21e4c40eac120bceb115c40f0004003d48cf30701c84070476feae17070470000a94aaa49127809880f2a08bfa84a06d0b3
S345080069400e2a08bfa74a02d00d2a03d1a64a92fbf1f100e0002148434ff47a7190fbf1f080b2704710b504460846fff7e1ff032c9e490ad8dfe804f002040608088010bd7f
S34508006980888010bd088110bd888110bdf0b5984c984e00eb400567193c787d78bf780023012f1fd110b101280ed047e0335d705d371906eb050e03eb401397f840709ef8d0
S345080069c0400007eb401022e0335d705d371906eb050e03ebc00397f840709ef8400007ebc00028e010b1012814d027e0301906eb050e90f88030701990f8807003eb471331
S34508006a00371997f8c0009ef8c07000eb471003eb004313e0301906eb050e90f88030701990f8807003ebc703371997f8c0009ef8c07000ebc70003eb00439b02301990f889
S34508006a4000010870701990f8001111701846f0bd674b00eb40001844827019b1491e032905d97047082118230170437070470021102201704270704710b5b8b9042932d8eb
S34508006a80dfe801f00307090d110010201070082128e0082408e00421117000221de00220107000211ee00124147011e004291ad8dfe801f003070b101500102111703822ad
S34508006ac00be00820107038210ce0042414703c20187010bd022111703e221a7010bd012010703f21197010bd1cb504460df101036a460020fff7c0ff00f02cf898184028d3
S34508006b00acbf9df801209a180a5521444a789b18402b00db25e09df8000082184a7013bd1cb504460df101036a460120fff7a4ff00f010f8d01a4cbf9df80120d21a0a55c2
S34508006b4021444a78d31a00d50be09df80000121a4a7013bd04eb440425499df800300a5d70479df80100487013bd7cb50d460021adf8001004466a460df10101fff706fff3
S34508006b8006469df8010068436421b0fbf1f1600089b2c0b2fff7e6fe9df80000454364216400b5fbf1f1641c89b2e0b2fff7dafe1148066073bd002120b1012808bf4ff47a
S34508006bc07c4100e0e7210c4801607047dee60b4850f821100a607047504700205447002000770100b8820100486b0100342c014058470020c0bb0108100c01408ca0010876
S34508006c000830eff3108172b682692a4b1b689a4229d38269284b1b689a4224d28269274b1b689a4206d38269244b1b68d21a9210521c0fe082691f4b1b68d21a92101e4bd9
S34508006c401b68dff878c0dcf800c0b3eb0c039b105b1c9a180368212b04d30368203ad218026000e002608269002a1ed00269904209d182691268824202d1826900231360e7
S34508006c800022826111e002694369536142690369136182691268824205d10269836993618269036913600022826181f310880020704700bf94470020984700209c470020c2
S34508006cc010b513490c68002c03d012490968002901d013201ae0002801d1002016e0eff3108172b6042222630122a2630022c4f88420e06408480068401c074a106081f372
S34508006d001088200003f066fcd4f8840010bd00bf68470020e4000020804700202de9fe430600dff8a04b06d05ff0000224a104f13400fef789f900204ff0ff31ff2506221c
S34508006d4042432244401c0428157055709170d17011715171f3db00270ff274090ff271384c210123dff8840b79430844002283700221330005704270c27002718260c2606b
S34508006d80018209d002923b4664220192009249464246203002f08efb7f1c0c2fe0db0020002204eb4001401c0e280d764a76f8db1eb1bde8f743fef7f5bcbde8f7830000a9
S34508006dc0446574656374696f6e5f4d757465780053616d706c696e6754696d657200000010b504460622dff8dc3a544303281c5d3ad8dfe800f0020f1d2b00290cbf0122a0
S34508006e000022102100f05cf8002200f058f80022122128e000290cbf01220022152100f04ff80022162100f04bf8002217211ae000290cbf012200221a2100f041f80022a9
S34508006e401b2100f03df800221c210ce000290cbf012200221d2100f033f800221e2100f02ff800221f212ee010bd000010b503460621dff8502a4b430328d45c1ed8dfe8e5
S34508006e8000f002080f16012200f019f80122122113e00122162100f013f8012217210ce001221b2100f00cf801221c2105e001221e2100f005f801221f2104e010bd11216f
S34508006ec02046fff784be2046bde81040fff77fbe2de9f843002703288046dff8786b10d8dfe800f00205080cdff86c2b04e0dff86c0b05e0dff8682b326002e0dff8640bd2
S34508006f0030600d0004d100f04df81021316002e0002100f048f80120fff7d2fe1424dff8949b072301224146484603f07ffa0121484603f04ffa02e00120fff7c1fe0221ed
S34508006f40484603f0bdfa0028f6d0d9f84c00c719641ee6d11420b7fbf0f400f023f8dff8580b30602046fff7c3fcdff8502bdff8503bfef7a9fe0022dff8b83bfef7a4fe1a
S34508006f80002d07bf4ff06632dff8ac3bdff8ac2bdff8ac3bfff77ef9fff728f9bde8f24303f0b2b908210420fef782b870b50446dff81069c82106f1340002f087f84ff60e
S34508006fc0ff75c0b270b900212046fff781ff044640f28b208442a8bf2c4606f1340002f003f92546a8b270bd70b50c461546fff7ddff0026a042b8bf022602db8542b8bf40
S345080070000126304670bddff83c1b09780f2918bf0e2904d1001f082806d3002070470d29fbd1801f0628f8d2012070476428a8bf6438dff8101b0978c0b20f2918bf0e2974
S3450800704004d1001f042806d3002070470d29fbd1801f0228f8d201207047f8b504460025dff8e46ae8b2fef731fb07462046fef715fb874205d1e8b24c214843305cff282d
S3450800708004d16d1ce9b20c29ecdb01e00120f2bd0020f2bdf8b504460025dff82868e8b2fef7fcfa07462046fef710fb874205d1e8b206eb4000017eff2904d16d1ce8b289
S345080070c00e28ecdb01e00120f2bd0020f2bd0000f8b505464c21dff8700a6943461800277278012a67d1706908b1401e7061e8b203f08ef80446f078012804bfe44304f044
S3450800710001047069002804f0010450d1b07805283ed8dfe800f003132351616696f91e10a14202da0120707701e0707f08b100f06df800f06ff836d11cbb26e096f91e0064
S34508007140844202da0121717701e0707f08b100f05df800f05ff826d1bcb912e096f91e10707fa14204d000b934770120707700e008b100f04bf800f04df814d1307f8442b8
S3450800718003d1b068401c012770610020b06170774fb11e3530782246e9b202f038fc307908b100217170b0780628a8bfb477b0780628b8bfb477f1bd012c0fd0b761777740
S345080071c000f028f804bf707f0028ecd101217177b061b1687161dce7002cefd100f016f8eee796f91e00a04203d1b169491cb16103e0717fb761c9437177b069f168884243
S34508007200d1d3707f0028ced1ff21e0e7b069401cb0617047f168b069491c884270472de9f24f834682b0084602f095fc044600f0e8f8054600f0e5f840b2019000f0e1f8c9
S3450800724046b200f0def847b200f0dbf8042c4ffa80f801db042d0cdd0b2c0ada062ddcbf0198132805dc132edcbf132fb8f1130f07dd4ff4807102985b46002202f0a5fc10
S34508007280f8e2c0b2fff7bffea8b9f0b2fff7bbfe88b9f8b2fff7b7fe68b95ffa88f0fff7b2fe40b9dff89c0801780d2906d1012c18bf032c02d140f20a21dce7dff80406e0
S345080072c0c1794278437b032d06d1012c18bf032c08d14ff40871cee7042d03d1012c39dc032b39d1ff2a00d08cb3ff2901d0012c2dd0ff2b01d0022c29d090f813c0bcf146
S34508007300ff0f01d0032c22d0042908bf042d00d1ecb1042a04bf042d012c18d0bcf1040f04bf042d022c12d0042b04bf042d032c0dd0dff8189899f80010ff2901d0042c31
S3450800734005da99f87010ff2909d0042c07db4ff4007190e7032accd040f207218be7062161430844042c0090dff8e4a716da00984570032d009981f800b006d10099032041
S34508007380c871009880f806b024e0042d20d1012cd4bf8af8004089f8004071e714bf052cfef7a6f9052d04f1fc0007d189f80040c0b2fef773f989f8010061e7062d07d103
S345080073c08af80040c0b2fef769f98af8010057e7042dfcda019810f1010f1cbf0099887016f1010f1cbf0098c67017f1010f1cbf0098077118f1010f02d0009880f80580d3
S345080074003ee7029802f0a7bb10b50c46002002f0fffe00f0f8f8012002f0fafe00f0f3f8022002f0f5fe00f0eef8032002f0f0fe00f0e9f8042002f0ebfe00f0e4f805209e
S3450800744002f0e6fe00f0dff8062002f0e1fe00f0daf8072002f0dcfe00f0d5f8002010bd2de9fe43804689460621684603f056f900f040f9064600f03df9054600f03af9ff
S34508007480074600f037f90446032ed8bf022c24dc2846fff7cbfd18b93846fff7c7fd10b140f20a211be0642d03db01208df80300643d642f03db01208df80400643f01212a
S345080074c08df800108df801508df802708df805406946304602f0ddfe18b94ff4807100f004f90020bde8fe832de9fc410d4600210446009100f03bfb064600f038fb80462b
S3450800750000f035fb074600f032fb032ed8bf02280ddc01228df803008df800208df801808df802706946304602f0c9fe08b900f09bfa0020bde8f68170b500f067f8002691
S345080075400146042905db4ff4807100f02ef8002070bddff800060278012a08bf40f20a21f3d00622dff85c034a430244507803280fd10129c8bf4ff41676dff8dc05825d8e
S34508007580ff2a0fd10846fff711fd214602f000fadde7ff28f6d0a023dff8c0254b43d05c0028efd04ff40171cfe72b460022204602f00bbb70b500f029f80646032e07dd8b
S345080075c02b4600224ff48071204602f0fefa13e00621bc4800f0c8f800f010f800f012f8a87800f010f8e87800f00df8287900f00af8687900f007f8002070bd21463046ac
S3450800760002f051ba6878214602f04dba05460c46204602f0a0ba2de9f84300f05af90746404602f098fa0c2f814604db4ff4807100f04af961e03846fff7e5fc10b140f2f4
S345080076400a21f5e74c257d43dff8fc64705dff2818bf4ff40071ebd13846fff71bfd10b14ff40371e4e77455701980f80390e1e72de9f8438046894600f03cf805460c2dd0
S3450800768004db4ff4807100f030f836e04c266e43dff8b474bc5dff2c08bf40f20121f2d0fff7b1fc10b140f20a21ece7444518bf4ff48871e7d1284602f0aafd8046b819b2
S345080076c0c078012804bf6fea080000f00108b85d494602f0e8f94946284602f0e4f9494608f0010002f0dff9cfe743460022484602f06bba484602f02eba0020bde8f283c1
S3450800770070b5fff783ff06460c2e05db4ff48071fff74bff002070bdfff775fc10b140f20a21f5e74c21dff8200400f01df8fff765ffe878fff767fffff764ffa878fff724
S3450800774062ff288a214602f023f92879fff75bffa86800f004f8e86800f001f8dae72a8a2146504302f004b9714345182146287802f099b92de9f14f8a4682b0504602f0f3
S34508007780eaf90090504602f0e6f90546504602f0d5f90646504602f0def98346504602f0bcf98046504602f0b8f9814600980c28b8bf062d04da012e02ddbbf1010f08ddc6
S345080077c04ff480719df808300022504602f0fdf950e002464c20dff8701342438c182778ff2f08bf40f20121ecd00098c0b2fff70afc10b140f20a21e4e79df8080087427a
S3450800780018bf4ff48871ddd104f12000fff7f8f90098c0b202f0fcfc0746e078012804bfff4307f0010707f00107a7772682b8fbf6f0a060b9fbf6f1022de16003ddb14578
S345080078403cbf0120e0600021a1616177a57084f804b00120607004f12000228a114600f0bbf904f1200000f0a9f95146384602f01af9ade70020bde8fe8f2de9f04100f0d3
S3450800788028f80c28a8bf4ff4807115da4c264643164fbd5dff2d08bf40f201210cd0fff7b2fb10b140f20a2106e0a54202d1b919487003e04ff4887100f006f80020bde882
S345080078c0f0810000e445002023460022404602f07cb904468846404602f03db980b59948007802f0e0f8002002bd000078320020f8b505460e46304602f02df90446954800
S3450800790097490078002801eb440747d10d2c49dc1cb9087eff2851d104e0012c02d1887eff284bd1a01e032802d24a78fe2a45db621f032a02d2cb79fe2b3fdba4f10803cb
S34508007940032b04d291f80dc0bcf1fe0f36dba4f10b0cbcf1030f04d291f813e0bef1fe0f2cdb97f818e0bef1ff0f27d103283cbffe204870032a3cbffe20c871032b3cbf74
S34508007980fe204873bcf1030f3cbffe20c8742046fff763fba8b140f20b2105e00128f6d1062c08db4ff480712b460022304602f00cf90020f2bd387eff28e8d04ff4007125
S345080079c0f2e73d762046fdf77afe012cf1dcfdf762feeee72de9f0418046fff718fe0746fff716fe0e2f054605db4ff480714346fff7dcfd62e75a4800eb4706307eff289c
S34508007a0008bf40f20121f2d0804518bf4ff48871edd13846fdf742fe2946fdf7bbfe7576e8e770b500f04ef806460e2e02db00f01bf80de04a4800eb46042946207e02f0c7
S34508007a4032f82946fff7dbfd607e294602f02bf8002070bd100801402000d0004000bd0080007000001000e0234600224ff48071284602f0aab838b500f024f8042805db36
S34508007a804ff4807100f06ef8002032bd31490a78012a18bf40f20a21f4d1314901eb40010a7fff2a18bf4ff40071ebd10c77fdf7d4fee9e7002401400000f010688e066580
S34508007ac066664a3f04460d46284602f044b8f0b504460d4699b000f04af80646284616af02f039f8f87100f042f8b871284602f025f8b880284602f010f8042e169006db39
S34508007b004ff4807100f02ef8002019b0f0bd144800eb4601087fff2808bf40f20121f1d0844218bf4ff48871ecd169463046fdf797fee9e700a8864066660a4027302fa081
S34508007b40e0fcba3f504700207832002080430020f043002052470020202a002008360020e445002023460022284602f02eb8284601f0f1bf38b5fff7a5ff042802dbfff73b
S34508007b8073ff13e0fdf79efe00f158042946e07901f089ffa079294601f085ffa088294601f0f6fe2068294601f0e2fe002032bd80b50020fff7b2f8002002bd80b5016a70
S34508007bc0002902d18168002901d1172003e0083002f0a8fd002002bdeff3108372b6d0f820c0bcf1000f01d18160c26083f3108800207047020e4a70030c020a8b70ca70fa
S34508007c0008717047014688784a78000400eb0260ca78097900eb02200818704710b586b0282000900122dff8444a0ff6b02104f5c87304f5dc7001f0f7fb0121059103912b
S34508007c4000200b234ff4c871049002930191009400230ff68d120ff6942104f5f87002f0a3fd06b010bd30b5dff8040adff8044a426d85b0012111608068dff8fc5901600b
S34508007c8002f01afe00f01ff80b220121002002f048fe01220ff66c21284602f01fff01220ff6702105f11c0002f018ff00f08afa06d100f008f80c220121012002f031fe2a
S34508007cc0002005b030bd04a80021039002910091019400237047dff89819002807bf0120096c0120896d08607047dff8841900280ebf096c0020896d08607047dff870190c
S34508007d0000280cbf486cc86d0168ca0702d441f0010101e021f001010160704710b5a1f120041d2c38bf202309d3a1f16a04062c38bf102303d3b1f1100208bf082300b99f
S34508007d4000235918c8b210bd7fb5dff83059044628780b28164603d12046fff7dfff0146a1f180008df8000069463046fff742ff22461c20dff8001942438e18642130460b
S34508007d8002f0e0fe98b928780c2804d1052302aa6946204603e0052302aa6946002002f01cfe0446304602f013ff204600e0382004b070bdf8b5dff8c468054630780b2857
S34508007dc084b0144603d12846fff7a8ff014602a80022c0e900228df808106846052102f09dfc2a461c20dff8901842438f180121384602f0a7fef8b930780c2808d100f04a
S34508007e001ef8284602f0e9fd00f019f8284607e000f015f8002002f0e0fd00f010f8002002f0dbfd05466846fff7ecfe2060384602f0cefe284600e0382005b0f0bd0523ef
S34508007e406a4602a970472de9f04104460d46164698460020002700e07f1c474507d2e95d06eb87022046fff7a5ff0100f4d0bde8f0811cb50c460021217001226170a17028
S34508007e80e17021716171a171e1712272617261816a466f21fff78eff010034d10099002944bf01212170009a510044bf0122627000998a0044bf0121a1700099ca0044bf6f
S34508007ec00121e17000990a0144bf0121217100994a0144bf0121617100998a0144bf0121a1710099ca0144bf0121e171009901f01f01217200990a0444bf01216172009920
S34508007f00c1f30901618116bd087802f0b2b9024643f220001178022918bf03290bd092f83c100a2905da517e002904bf117e012901d143f2240070472de9f04edff84027e4
S34508007f40dff840a732f810000026002440f26e23dff834b7984204bfdff830a7dff830b70d46e88afdf77efedff82817fdf7cafc00f0fcf8fdf784fe52465b46fdf7a4fef5
S34508007f80fef734f9fdf77cfe0746894600f0e8f8fef72cf9dff80017fef796fc0ad238464946dff8f826dff8f836fef773f9fef71df90124fdf764fe02f040fefef7a6fc17
S34508007fc007461f2f88bf1f27297e002938463bd0288afdf747fe0646687efdf743fe3146fdf71cfddff8bc16fdf78cfc00f0bef8fdf746fe52465b46fdf766fefef7f6f8a5
S34508008000fdf73efe002c07bfdff89c26dff89c36dff88826dff88836fef73cf9fef7e6f8fdf72efe02f00afefef770fc1f2888bf1f206a8b42f6e0614a43391ab2fbf1f68d
S34508008040b60c0f2e88bf0f2600eb072000eb0640bde8f08edff82826b1f90e1032f810001f2390fbf3f3b1fbf3f07047408bb0f57a6f88bf4ff47a60c0eb002041f2c25123
S34508008080b0fbf1f0704700002de9f0411646dff8f02591f83c7032f81000dff8e845dff8e85540f26e234ff00058984204bfdff8dc45dff8dc55c88afdf7d4fddff8d4158b
S345080080c0fdf720fc00f052f8fdf7dafd22462b46fdf7fafdfef78af8fdf7d2fd00f040f8fef784f8dff8b015fef7eefb38bfdff8c0854046411d052f05da012e08bf0846fe
S3450800810000f5803014e07a1f052a07d27f1f012e08bf0846dff89c15081809e000f580300a3f4030012e08bfc01c00f180508030ffb2042f12d8dfe807f00306090c0f002a
S3450800814000f100600ae000f1e06007e000f1c06004e000f1a06001e000f18060bde8f081dff84425dff84435fef794b84ff08441fdf754bc0246dff84005517e002902bffa
S34508008180117e0129dff8340570471cb504466a466c21fff70ffe00226c2100f0a9f900222d2100f0a5f900f00df80ad12200dff8c00401d1806e02e0012c02d1406801219e
S345080081c0016013bddff8b40401780c29704710b5dff8a8341b780446dff89404826e0c2b04d123000fd10020106003e00b2b04bf0023136001222046fff746ff0246204615
S34508008200bde810402ae1012cf4d1406800220260f0e7d0b51746dff8642412780446dff850040e46816e0c2a9ab004d1220038d10020086003e00b2a04bf00220a6012a98e
S34508008240204600f057f96846dff87414482202f01ffd3a4631462046fff716ff039031462046fff769fe05903046fff7fffe07903046fff74cfe09903046fff77bff119025
S345080082800026684600ebc60120464a681df83610fff75afd010002d1761c092ef1db1ab0d0bd012ccbd1406800210160c7e738b5dff8c8331b780d46dff8b4138a6e0024aa
S345080082c00c2b90b004d1030004d001282ad101e00b2b00d11460022801d0032800d1012408a9204600f006f968460ff25441202202f0cefc0320039029462046fff7aafe40
S3450800830005900025684600ebc50120464a681df83510fff719fd010002d16d1c042df1db11b030bd022818bf0328d6d149680c60d1e77cb50546002000240090022d14bf96
S34508008340032d0124b1f90e30dff8780390fbf3f35a434ff47a7692fbf6f66a462d212046fff728fd280018bf022d05d10098400a06eb4026009605e000986ff3184000eb32
S34508008380064000902d21009a00f0b2f876bd30b585b004460d4668460ff28831142202f077fc00207cb15df825004ff48071b1fbf0f04443dff81013b1fbf4f0dff80c13dc
S345080083c0884288bf084605b030bd2de9f041804616460027307896f83c400d46ff2818bf01270a2ca8bf641fe0b20428c8bf641f6868e1b2fff7cbff024613214046fff7b0
S34508008400a3fc010015d1a868e1b2fff7c0ff024614214046fff798fc01000ad1e868e1b2fff7b5ff024615214046fff78dfc010001d0bde8f0813a4631464046fff724fe5a
S345080084406978012908bf00f58020a978012908bf00f5002002464046bde8f0416c2173e4f8b504460ff2d0200088adf800000d461df804702f7000266878012817d17f4969
S3450800848008780c2808d11046fff741fd00f5807200f02df8010029d1a878012808bf4ff0807695f90300000400f4fe0086196879012817d1a87ac00300f400408619687aa9
S345080084c0400300f4c0408619e879000200f470608619287a400100f060008619a87900f00f00861932466d2100f002f8f2bd0021204629e4f8b50ff24426376884b00c46d1
S3450800850005460097032300f01af8010015d1fff759fe0cbf04f1100204f1140204212846fff748fc0199c1f31101216001a90a7902f007026260097aa16005b0f0bd01aae9
S345080085406946fff780bc00003eb50023019304460d7e012d04bf4b7e002b19d191f83c100a2915da012a08d101aa0021fff722fc00220192fff7bbff0ae0002001218df8cd
S3450800858000008df802108df80140002200f023f880b23ebd80b501238df801008df802108df80030002212e010b50446fff7c4fc02462046bde810401021fff7c5bb80b573
S345080085c000228df801008df800208df8022000f002f880b202bd69463d4802f065bb000038b53c4c03e0002212b2fff7a2fe4ff0ff326946364800f075fc0028f7d19df801
S34508008600000090b99df801009df8021011b1012908d0ece701464ff4167251432144fff7c3ffe4e7faf72dfbe1e70128dfd19df801000246a02328495a4311449df802200c
S34508008640012a02d0022a08d0cde7b1f90e304a7c5343642593fbf5f2c6e7b1f90e204b7c5a436ff0630592fbf5f2bde7c03800208ca0010800093d009446002050470020e9
S34508008680544700208fc2f51885ebc13fa4703d0ad7a3e03f00007a440000e0400ad7a3703d0ac73f0050c3477b14ae47e17ad43f0000022000000110c8010400c8011400e7
S345080086c088bf010818e40300001bb700ffff0f00783a0020202a0020083600205472696e616d696351756575650000005472696e616d6963457865637574696f6e5468724f
S3450800870065616400544d4353656d6170686f726531000000544d4353656d6170686f7265320000000100000002000000040000000800000010000000010300000001020068
S3450800874000000000040001006c00000000000000100000000000000070000000ff04040010b500f024f8d1184b782278012b05d1012a00d124e091f83c1025e0012a00d104
S3450800878026e091f83c1027e010b500f010f81a442378517829b9012b00d111e092f83c1012e0012b00d113e092f83c1014e003464ff41671dff8f426dff8f4464b4370479e
S345080087c0bde81040fff791babde81040fef7a8b9bde81040fff77fbabde81040fef784b92de9f84300f0d4f800f5a87700f0cbf83968fdf77ff938603078c0b97069fdf738
S3450800880031fa3968fdf70af90446f068fdf72afa2146fdf76ff900f042f87168fef754f802d200f03df870607068b86035e0f868fdf726fa00f09ff800f098f800f092f8e3
S34508008840fef740f8044630690d46fdf70bfa81463069fdf707fa0146b868fdf7bbf980462046294600f07ef8fdf7c0fc4146fdf7d5f84946fdf73ef900f011f87168fef7b0
S3450800888023f802d200f00cf870603868f968fdf7e1fc02d800f004f87060bde8f1837060b068fdf7dfb92de9f84f00f071f800f5aa7700f068f83968fdf71cf938603078fc
S345080088c0a0b9b069fdf7cef93968fdf7a7f801467868fdf77ff90446f0687460fdf7c2f901462046fdf7f0ff3ad235e0f868fdf7c7f900f040f800f039f800f033f8fdf734
S34508008900e1ff7d68044688462846fdf7b9f98246f0688b46fdf7a6f901462846fdf75af9fdf7aef9054689462046414622464346fdf7caf92a464b46fdf7c6f902460b4621
S3450800894050465946fdf766fbfdf750fc7060f9683868fdf77ffc03d8f068fdf783f97060bde8f18f22462b46fdf7aeb9044638680d46fdf785b902460b46dff83805dff820
S345080089803815fdf787bc71684ff07e50fcf7babf4ff41671dff814254843104400f1680670470000f8b5054629464ff41672dff8fc044a43841804f18406777b7f1e032f92
S345080089c05fd8dfe807f03b020e1c206ffdf74af90146e06efdf778ff53d22846fff700ff4fe0606ffdf73ef9e16efdf76dff02d2d4f88000c8b90021616621661ce00b20b0
S34508008a00dff8b824414350180179012903d1206e606600217173606ffdf724f9e16efdf753ff06d2d4f8800018b12846fff73bff27e0206e60660021717322e03068002896
S34508008a4006dd2846fff7ccfe3068401e306018e07068002809dd2846fff7c2fed4f85801e0667168491e71600be0b068002806dd2846fff718ffb068401eb06001e00020c3
S34508008a8070730026e16edff83804fcf73bff054606e04ff07c502946fcf7c0ff0546761c2846dff82014fdf7d5fbf2d9b0b258b1fdf71eff02460b4600204ff0804102f0a7
S34508008ac099f901f059fd461ea4f83a61284601f01bfc401e80b2f2bd4ff41671dff8cc23484370b5161806f596750024287801f08ffb96f89410a6f894006a78062a25d819
S34508008b00dfe802f0080c0406080c1000012807e0002805e0012819d1002901e0b0b9012914d101e0884211d0a86878b9a888401ea88080b250b9002206f1600106f5f470e3
S34508008b4002f0b2f8042086f891000124a8680128a4bf401ea860204670bd2de9fe4304460c25052168466543dff85c6301f0d6fd06eb050999f8030001f04afb4ff4167123
S34508008b80ca4a01fb04f8904408f196073b78834206d099f8030001f03bfb387000217980b7f90200002848bf4042b8f80810814217da3879a8b90121397198f806000128ea
S34508008bc007d1725d04f232246946204601f065f807e0022805d11434705d0022e1b200f016ffbde8f78330b5002103464ff41674ae4a63431825d4184d43621992f8a830ec
S34508008c00012b04bf002482f8a840491c0629ecdb30bd70b50446002521464ff41672a3485143182342186b43134403f19c06307bd0b130693168401c814230610cd0b068f2
S34508008c407169814200d378b9316872697368306903fb0211884207d1e8b2fcf71ffdfcf78dfd7069401c70616d1c062dd4db70bd38b504460b22914962438d186b78012b4f
S34508008c800dd12946fff740f948b1012028714ff41670864a44431019042180f8911031bd03464ff4167110b5804a4b43d1180b7fca8a012b10d14c6e0b6ee31a48bf5b422a
S34508008cc04c6aa342b8bf8b8a05db8b6a0c6aa342b4bf4b8a0b8acb82c98a8a4205d0744a1378012b08bffff76afc002010bd2de9fe4f824688460521684601f00ffd564606
S34508008d004ff41671694a7143571807f59c797c8bb9f8020018b1401ea9f80200bae0786e396e07f19005884204bf6878002849d1387e01280ed104b9012407f5b27b584626
S34508008d40fdf75eff002221465846fef745ff5846fef734ff5046f9f743ff01460c202a78594c4643022a04bf40f20130814203d1a25d694600f091ff5046f9f7c6fd0120e2
S34508008d80387000212970002207f1600107f5f47001f08aff5046fff726ff99f80000012809d1002189f800100af11600c1b2a05d002200f02cfe0020f8660021404681850f
S34508008dc0c04667e0786e884222da032038705046fff7dafc2978032905d1687804281cbf5046fff779fe5046fff742ff2878022805d0386e35498842a4bf401e3866504663
S34508008e00fff707ffb87948b32889411e298122e0022038705046fff7a3fc2978032905d1687804281cbf5046fff756fe5046fff71fff287802281ebf386e6ff00041884280
S34508008e401cbf401c38665046fff7e3feb87928b12889401c28815046fff77ffe5046fff7a1fd014640468185c046b86a401cb862297802291cbf5046fff712ff0c4801782d
S34508008e80012903d15046fef739ff03e0f98a5046fdf76bfe404600f01ff8bde8f78f4ff08041002023e70a49012020e7202a002052470020ea2e4454fb21f93fec460020b4
S34508008ec04054894c01ff7f47e4450020020000800004004081857047028a4ff6fe710a400282704710b5eff3108372b6846a002c35d0d4f880c0bcf1000f30d0e26fd0f842
S34508008f0008c001e0091d121dd2f800e0c1f800e0bcf1010cbcf1000ff4d1216f8c4202d10021816207e0216f8162216f626f4a67616f226f0a67c16a491ec1620020a06659
S34508008f405f480068401c5e49086083f310880020c4f88400200002f079fa0020aee0d0f810c0bcf1000f71d0026ad0f808c001e0091d121dd2f800e0c1f800e0bcf1010c04
S34508008f80bcf1000ff4d18168026a12eb81010162016ac269914201d381690162002c09d14169491c41610169491e016183f31088002083e042490968491c414a116083f313
S34508008fc01088eff3108372b63d490968491e3c4a1160e26f416ad0f808c001e0091d121dd2f800e0c1f800e0bcf1010cbcf1000ff4d18168426a12eb81014162416ac2690c
S34508009000914201d381694162216f8c4202d10021816207e0216f8162216f626f4a67616f226f0a67c16a491ec1620020a06624480068401c2249086083f310880020c4f8b3
S345080090408400200002f002fa002037e0002a32d0dff870c0dcf80040dff86cc0c4f868c0e066e1670021c4f88010816a00290ad0816a2167816a496f6167816a496f0c670e
S34508009080816a4c6702e0846224676467c16a491cc162052020630120a063e26408480068401c0749086083f31088200001f092fad4f8840002e083f310880a2010bd00bfb4
S345080090c0804700206847002091bd010810b5eff3108272b6414b1c688368002b2ed101218160c4600169002926d0002c24d0e16a4161e16b8161d4f8a01000290bd0d4f898
S34508009100a010496bd4f8a030586308634163d4f8a010016309e0c4f8a00000634063e16ac4f89410e16bc4f89810d4f89c10491cc4f89c102021c16200204be0c368a342cd
S3450800914004d18168491c8160002043e0002940d0234ba366e066c369002b0ad0c3692367c3695b6f6367c3695b6f1c67c3695c6702e0c46124676467036a5b1c03620d23bf
S3450800918023630123a363e16416490968491c154b196082f310880169002914d0c168002911d0002c0fd0e16ac26a914201d2e16ac162e16ac268d26a914204d2e26ae16a60
S345080091c0c06802f0bff9200001f004fad4f8840002e01d2082f3108810bd00bf6847002019be0108804700202de9f0410600eff3108072b68a490f68b168002900f00b81f3
S34508009200f168b94240f00781b168491eb160b168002903d080f310880020ffe05ff0000800240025316900293ed0002f3cd0d7f89c10491ec7f89c10d7f89c10002903d1f3
S345080092400021c7f8a0100ce0316b726b4a63716b326b0a63d7f8a010b14202d1316bc7f8a010d7f89440d7f898506e490968491c6c4a116080f31088d7f8a0000ae0c16a6b
S34508009280a14201d2c46a2500006bd7f8a010884200d100200028f2d1eff3108072b661490968491e5f4a1160316a022914d33169002911d05b490968491c5a4a116080f37e
S345080092c01088300002f066f9eff3108072b655490968491e534a1160f169002928d151490968491c4f4a116080f31088306900280bd02020f062002f07d0f86aa04204d0dc
S345080093002a002100f06802f01df9eff3108072b644490968491e434a1160b168002901d10021f16080f3108802f0a4f9002075e0f7693169002926d0d6f80c80f96a71613a
S34508009340f96bb161d7f8a01000290bd0d7f8a010496bd7f8a02056630e637163d7f8a010316309e0c7f8a06036637663f96ac7f89410f96bc7f89810d7f89c10491cc7f8c9
S345080093809c102021f1620121b160f760396f8f4202d10021f16107e0396ff161396f7a6f4a67796f3a6f0a67316a491e31620021b9661c490968491c1a4a116080f3108801
S345080093c00020c7f88400306900281fd0306a002810d0306a022802d3300002f0dbf8eff3108072b6f169002902d0f169c96af16280f31088b8f1000f08d0d8f82c00a042d4
S3450800940004d02a002100404602f09cf8380002f01df8002002e080f310881e20bde8f08168470020804700202de9f04105000e0017001c00ddf8188038220021280000f010
S3450800944077ff6e60af60b800b8fbf0f000fb07f1ac6114eb8101e9612c626c626861e860eff3108072b6104929601049096800290bd00e490968496b0c4a126855630d634a
S3450800948069630a490968296303e008490d602d636d6307490968491c054a116080f310880020bde8f08100bf55455551b8470020bc4700202de9f0470400894615009a4604
S345080094c0089e099fddf828802c220021200000f02fffc4f80490a660e7602561c4f814a0eff3108072b6134921601349096800290bd011490968896a0f4a126894624c62d6
S34508009500a1620d490968616203e00b490c606462a4620a490968491c084a116080f31088b8f1000f03d014f1080001f0fbf80020bde8f0874d495441a4470020a84700202d
S3450800954010b5002000243c22dff8f01b4243114401f124028c76146054604310401c08284c6081f8213081f82040ecdbdff8d01b0c80bde81040fbf7b0bf2de9f84f84b04e
S345080095800446894693461d4602f09af96d080295cdf80c906600f6b2b1a5dff8a8ab8df80040ff274ff01c08814648e03c22dff88c1b72438c1800202077e07620764fea7a
S345080095c0092209f01f0102f40052b301f001114303f04003194300f440721143b20002f02002114300f4c050084300f5c070a0816776a020a0760399a16002986060019959
S345080096008e421dbf029858442060c4f800b0002060620421e062606308fb06f2a162524402f160000021a063216361770022a06b294601f053fa0020e077a777761c9df845
S345080096400000400001900198801c8642aedb9df8004008fb04f30aeb03000022c2a100f5ae7001f03bfa0122c0a10af5a07001f035fa182044430aeb040000210170417052
S34508009680877005b0bde8f08f8a6a0b689854521c4868824228bf0022486a824200d12ee0486b8a62401c4863704710b5cb6a04220c68e054000a4c685b1ca34228bf0023f0
S345080096c0521ef5d110bd10b504462146606bfff7ecff0021a06a6163e0620420a16a6268491c914228bf0021626a914202d0401ef5d102e0bde8104001e0a16210bd00228e
S3450800970000210420c9e2426a016b8a1841688a4228bf521a00214262016370470246c00900f00f0010b5c31e082b14d2d208c41e02f00c02c00702eb640201d5d2b213e0d7
S345080097400020130744bf083a01200870d0b2042813dbd2b20ce00c280ed0012807d14ff4fa70fdf7adfa00220021092002e000220021052000f091faff2010bd806800e077
S34508009780083002788a4218bf002af9d1704738b584b001a802f020f810f1010f5bd0bdf8040090b99df80600022804bf9df80800812853d102f084f89df8091081424dd19a
S345080097c0fbf7f6fe02f059f948e06946fff7a6ffff2843d09df8003003eb40033c22dff85c195343cc189df8061000291fbf9df8081001f00f02637e9a422fd001f00f014d
S345080098006176217f49b99df808100a0605d402460021012000f041fa20e0012506e002a8eab22146805cfff72fff6d1c9df80610e8b28842f3d39df80800410608d500205e
S3450800984020772046fff73fffa06b01f0c1f905e01020207702e00120fdf732fa05b030bd61610000f8b504460f46264607eb46033c20dff8c8284343d5184ff0ff31a86bb5
S3450800988001f060f9a97fff2911d018204643dff8b408811c8a5dba4209d1304403784078834204d021462846bde8f440dbe0284600f061f9284600f04ef9687701462846d7
S345080098c0fff75cff02462b6b508898421cbf4ff6ff71884204d1526829462046904705e0234600221c21284600f06ff92846fff70aff2846bde8f24056e038b50024dff8a1
S345080099003c58a0b23c2148432918887e20b900220021112000f0c1f9641ca1b20429f0dbfbf72ffe02f0b8f90020c046c0b92946fe20fff7a9fe01f0c3ff38b900220021d0
S345080099401a2000f0aaf92946002001e029460120fff79afe2846fff7b6fea86b01f038f9fff715fffce7000071630000646c730038b500f015f820042946000e00f093f827
S3450800998020022946000e00f08ef82946200e04e038b500f005f82946200abde8344082e004460d46c0b27ee010b50446e07e48b91021e1760320617fa07361740020802106
S345080099c0a0742174217c207e41f04001217441182174217ee07f491c01f00f010028217604f10c000bd101f0b4fe10f1010f08d194f8212000210a2000f04ff901e001f0d1
S34508009a0092fe0020a073e076a020a07610bd70b51825dff8304745432c44a678ff2e21d0657825442971617804eb8105aa6061782578491c01f00301a94205d1bde870405a
S34508009a4002460021262028e1a278617002eb40023c20dff8e81642438818806bbde8704001f0b6b870bdf8b50446fb2262770d4618204543dff8cc66725d77193a44214697
S34508009a80107900f010f8725d07eb820021468068fff76eff705d401c00f0030070552046bde8f24080e738b50d460446e87e48b90321a9730021687f6874a974102080219a
S34508009ac0e8762974a87b08281fdb297c287e41182974297ee87f491c01f00f010028297605f10c000bd101f034fe10f1010f08d195f8212000210a2000f0cff801e001f007
S34508009b0012fe01200021a873297405f11000a97b4454a87b401ca87331bd38b5044600f01af800f015f805eb002500f012f805eb004500f00ef805eb006032bd38b50446dd
S34508009b4000f009f800f004f805eb0025a8b232bd05462046ffe70146086b58b1401e08634a6a0868805c4b68521c4a629a4228bf00224a62704770b50546696a286b411835
S34508009b806868814228bf091a69620846e96a884216d004202863002604242846fff7dbff0006641e00eb1626f7d16868b04209d2e86a68620021296301221b2000f06df813
S34508009bc0012070bd2e63002070bd2de9ff4106460d461446984601f073fe082180308df80210adf8000043463c21dff85025f07e4b43d718a8b90321b173707f707497f85f
S34508009c002000401c87f82000c0b210b9012087f82000102197f82000b074f1768020307404e042460021032000f037f88df80450a8f180012d0a8df805508df8061097f854
S34508009c4020008df8070001a8f4b1042114f8012bcbb2491ccdb2c254072df7dd00f070f810f1010f0ed101f057fd00f069f800208df80400022180228df805108df806206f
S34508009c8000f05ef8bde8ff8104210022cbb2491cccb2c254072cf9dde0e7feb5064686f400460c46154601f00bfe8df804608030360a8df805600821803dadf800008df865
S34508009cc002108df8065001aeecb1032014f8011b3154401c0828f9db012001f0f9ffdff8704421880f46082f14da491c218001f0efff002004ebc7010144325c8a70401c50
S34508009d000828f7db08e0032000213154401c0828fbdbe1e701f0dcff00f012f810f1010f0dd101f0f9fc00f00bf802208df8040000218df805108df8065000f001f8f7bdcc
S34508009d40684601f006bdc17770472de9f84f8a460746daf83000062819d300f0e2f805465046fff7dafe064600f0dbf88346b02d18bfb32d03d0e12d18bfc02d03d101216e
S34508009d8000208af81f10daf83010814203d03b4600221c210be04ff4fa61dff8b80300f0d1fe044680b230b13b4600223d215046fff70bff59e0dff8a093002d0beb0608fa
S34508009dc009eb060045d0a22d27d0a32d58d0b02d5ad0b22d4cd0b32d7ad0b52d00f09680c02d5ed0c12d03d0c22d00f07f8091e0b6f5805f5bd2b8f5805f58d806464ff04b
S34508009e000009dff858535ffa89f45c451ada00f088f8285509f10109f5e7dff840030090002404e000f07df800994855641ce5b25d45f7db4e4503d3dff82403804501d379
S34508009e400f2408e0dff814235946304601f0bafe0446a0b228b13b460022a1b25046fff7b4fedff8f00200f0b3fe0020bde8f28f4e4538bf0e2403d3304601f00ffe044644
S34508009e80002001f0ddfde4e700f048f80027f8b25845e6da16f8010b5146fff704fe7f1cf5e7b6f5805f02d2b8f5805f01d94024d1e7064600f032f80027f8b25845d0da02
S34508009ec000f09bf85146fff7eefd761c7f1cf4e700f024f80027f8b25845c2da00f08df85146fff7e0fd761c7f1cf4e7304601f0a7fd0446002cacd19a488145b1d248469d
S34508009f0001f0ccfd044609f58069f3e7304601f097fd9de73b4600222e219fe751465846c1e5504617e680b50346084600220621fff74bfe012002bd2de9f04100f0a7f8df
S34508009f4007000ad141460220fff7adfd00f094f841461120fff7a7fd0de0ff280dd101f0bdfe044641460220fff79dfde06a414680b2fff70dfd00203de00728b8bf7a4e0b
S34508009f8005db0c280eda794eff1ff8b2b8b17f1e332400f032f8751c00282e46f5d0641ef7d116e0132802da714e0c3fede72346002208214046fff708fe0026e7e700241c
S34508009fc0e0b280190078c04630b1641ce0b23328f6db00f051f80de04146e0b2fff763fd05e000f00af800f045f8761c641ee0b20028f6d10120bde8f081304601f03bbdc7
S3450800a000000000002de9f04100f041f80428594e594f4ff400451dd8dfe800f003222214180000f029f800f02af800f022f84046fff7bafc1420fcf743fefbf7b9fa01f023
S3450800a0401cfd0de0f5600020387009e0b5600121397005e02346002207214046fff7b5fd41460120fff71ffd00f009f800f001f86ae03878414616e54146002013e53068d9
S3450800a080800b00f00100414680f001000be50446884640465fe570b504460d4622461c20284942438b1803f5ae762846fff753fd28b1012809d1304600f08afd0be04ff08a
S3450800a0c0ff31304600f03efd05e02346002225212846fff77afd012070bd70b506460c462046fff738fd05463146182215484a43ff2d024403d1ff209070a07713e02800d1
S3450800a1000bd178200d4e414300237018a377a0421abf01209070937005e03346002225212046fff752fd21462846fff7bcfc21460020fff71dfc012070bd0000543b002093
S3450800a14050460020343d00200120bde8f081000050460020743e002000f001089040002001000208ffff010860010008100200086021000808100140e047002038b5002413
S3450800a1800025eff3108172b60269002a15d000220261c26842618269026282694262c26a002a0ad0856ac46a002282620022c26216480068401c154a106081f31088002c65
S3450800a1c021d0eff3108172b60020a8660f480068401c0e4a106081f310880020c5f884002d6f686f01f032f9641e002ce9d1eff3108172b605480068401e044a106081f370
S3450800a200108801f037fa002032bd00bf8047002038b50c2804dafbf759fa00f034f832bd102805dabde832400c38c0b201f05cbd14281cda10383149c0b201eb80042078f6
S3450800a24090b1607801f050fd0546a07801f04cfde17839b1022901d002d305e0454004e0054302e0054000e00025284632bd002032bd80b5042804dafbf732fa00f003f852
S3450800a28002bd002002bd1e4951f820000068c0b2704710b5032810dc4a780d2abcbf8a780d2a0ada4b79022b07dc0622154c5043204400f0edfc012010bd002010bd70b5f7
S3450800a2c00328dcbf4a78032a16dc8c78032cdcbfcb78022b10dc06250a4e6a43b35c002b1ebf6c43325d002a06d0044a02eb80000a680260012070bd002070bd2447002045
S3450800a3004ca101080c470020c0f3c751d1f19e0108dd020242f00042ca4002ebe07282eae07070477feae07080f000407047000010b5040010000a000100200001f014fd3b
S3450800a340200010bd80b55949884206d0584988420cd05849884212d001bd01214ff4007001f07efd00214ff4007010e001214ff4806001f075fd00214ff4806007e001211f
S3450800a3804ff4004001f06cfd00214ff40040bde8044001f065bd30b54468474b0a680d791c40144344ea05244460444a8468cb6814408a681c434b79144344ea4304846083
S3450800a3c0c26a097c4b1e22f47002dbb242ea0352c26230bd0029816812bf41f001014908490081607047816841f00801816070478068c00806e0816841f00401816070473e
S3450800a4008068800800f001007047426822f46042491e42ea4132426070470029416814bf41f4006121f400614160704770b500f023f81f24072a07da521e02eb8202436b18
S3450800a44000f014f8416370bd0c2a07dcd21f02eb8202036b00f00af8016370bd0d3a02eb8202c36a00f002f8c16270bd944023ea040491402143704707240a290bdba1f1cb
S3450800a4800a0505eb4505c668ac4026ea0404ab402343c360704701eb41050669ac4026ea0404ab4023430361704700000024014000280140003c0140fffef0fffdf7f1ffbc
S3450800a4c00246002012680a4218bf0120704700001749184a084310607047f0b50378c1781c460122d9b113490b684578867803f4e063c3f5e0631b0a0f27c3f10401df40e3
S3450800a5008d403e4035430c490c4b2d010d55017801f01f008240490943f82120f0bd03f01f03074802fa03f3640940f82430f0bd0000fa050ced00e000e400e000e100e0ef
S3450800a54080e100e041ea030c50ea4c0c52ea0c0c4ff4001c09d307d01ceb410f9cbf1ceb430f8b4208bf824270471ceb430ffbd8994208bf90427047c1f30a5340f21e4246
S3450800a580d31a0cddca0283f3070342ea505242f00042da4002ebe17282eae17070476feae17203f2e13008b182f000407047000010f0004160b148bf4042b0fa80f29040c0
S3450800a5c0d21cc2f5846241ea025202ebd02140057047000010b504004848006884420ad1e06c002807d05ff0ff31884203d014f14c0000f097f8eff3108072b6404909683c
S3450800a600491e3f4a1160a16b002964d00021a163e16a226aa2421ad0226a636a5362626a236a1362374a52f82120a24253d1354a236a42f82130344909688c424bd133499d
S3450800a6400968304a52f821102f4a116043e02d4a002342f821302e4a1268012313fa01f1c94311402a4a11600021294a1268d3b2002b20d1120ad3b20831002b1bd1120a21
S3450800a680d3b20831002b16d1120ad3b20831002b11d11e4920220a601b4900220a6080f310881c480068164909680843002823d101f0fcfb20e0184a9a5c5118134a11604d
S3450800a6c0114909688c4206d1104909680d4a52f821100d4a116080f31088084800680a490968884208d00b480068054909680843002801d101f0dafb10bd00bf684700206f
S3450800a70080470020e44400206c4700207c47002078470020e400002090410020002201f0c7bb0000eff3108172b60268002a30d002685ff0ff339a422bd08269002a28d1be
S3450800a7400268212a01d31f2201e00268521e134b1b6813eb8202124b1b689a4207d3104b1b68d21a92100f4b1b6813eb82021368002b0ad01368036113685b694361436994
S3450800a780186113685861826103e0006140618261106081f310880020704700bf9c47002098470020944700202de9fb4f040093460c9d0d9e0e9fddf83ca0ddf84090ddf8bb
S3450800a7c044803200ef212800fff7b2fdb0088000061fa42200212000fff7aafd0198a062c4f844b00298a064e56066617019401e2061e762c4f89470c4f81890c4f81c9045
S3450800a800574502d00020e06300e0e7630320206323486065a4652349200001f063fbeff3108072b62049216020490968002910d01e490968d1f88c101c4a1268c2f88c404b
S3450800a840c1f88840c4f88c1018490968c4f8881005e016490c60c4f88840c4f88c4014490968491c124a116012490968491c114a116080f31088b8f1000f03d0200000f06c
S3450800a880e5fd09e0eff3108072b60a490968491e084a116080f310880020bde8fe8f00bf61c2010829c20108445248547047002074470020804700201cb57848784c8168f2
S3450800a8c041f4804181608021026842f0010202609022744801604261032273498160c1618df801200e218df80010012200218df802108df8032007216c48818054230380b7
S3450800a9005ff000026da104f1340000f0e7f801226da104f1500000f0e1f86846fff7ddfd13bdf0b5012804dc1d29614f4ff0000c01d33b20f0bd0c26dff864e1079d059cc7
S3450800a94070430eeb00060eeb8100f5808169574832713160028822f03b02b2601cb1b06840f00200b06006983bb1b16841f00101b16002e00cf1010c7f08b84203d25ffad7
S3450800a9808cf10629f6dd089807604fea0c61b06840ea5150b060012196f90400326881401161032032790f21082a05db33685c6800f009f8486004e033681c6800f003f8f2
S3450800a9c008600020f0bd920002f01c02914024ea010190404018194670472de9f843894617461c460128c8bf3b204ddc0c21dff8b080484308eb0005286808b93f2043e0b6
S3450800aa00642108f1500000f09df808b138203be02648a9680180012682893a708089387029792868103106fa01f10161e888fcf747f92048016c490849000164416d4908bf
S3450800aa4049004165c764c0f86090446484654ff480510160026c42f00b020264416d41f00101416508f13400142100f06bf895f904102a688e40166108b1392004e008f149
S3450800aa80500000f0a5f80020bde8f28305480168090909010160084800f09ab81410024078000020440002400c3800400038004080a8120104000240ac000020736d735f2d
S3450800aac07370695f696e7400736d735f7370695f7265736f757263650000000070b504000d0016001c2200212000fff721fc6560a660eff3108072b60f4921600f490968a8
S3450800ab0000290bd00d49096889690c4a126894614c61a16109490968616103e007490c606461a46106490968491c054a116080f31088002070bd00bf414d4553b0470020af
S3450800ab40b447002010b5eff3108272b68368002b06d08168491e816082f3108800202fe000292ad0174b1c68174ba366e066c368002b0ad0c3682367c3685b6f6367c36869
S3450800ab805b6f1c67c3685c6702e0c4602467646703695b1c0361062020630120a063e1640a480068401c0949086082f310882000fff710fdd4f8840002e082f310880d202b
S3450800abc010bd00bf6847002095be01088047002080b50100eff3108272b6c868002806d18868401c886082f31088002023e0036f984202d10023cb600be0036fcb60036fdd
S3450800ac00d0f874c0c3f874c0436fd0f870c0c3f870c00b695b1e0b610021816606490968491c054b196082f310880021c0f8841000f00cfc002002bd8047002040f2ff7c52
S3450800ac400cea115240f2fe33d21a17dd352a1ddab2f1150308da6fea4c53d34031ea5301c9189943002070476ff00002da4030ea5200801841f100019043704701f00041bb
S3450800ac8004bf41f07c5141f470010020704700004ab1000011f8013b521e00f8013b1cbf11f8013bf8e7704710b5eff3108372b6d0f814c0bcf1000f5cd0826a002a23d1be
S3450800acc04269521e42610269521c0261426ad0f808c001e0121d091dd1f800e0c2f800e0bcf1010cbcf1000ff4d18168426a12eb81014162416ac269914201d3816941629b
S3450800ad0083f3108800206de0846a226f944202d1002282620be0226f8262226fd4f874c0c2f874c0626fd4f870c0c2f870c0c26a521ec2620022a2662b4a1268521cdff8a8
S3450800ad40a8c0ccf8002083f31088e26fd0f808c001e0121d091d08681060bcf1010cbcf1000ff6d10020c4f88400200000f06efb002037e0002a32d0dff870c0dcf80040e0
S3450800ad80dff86cc0c4f868c0e066e1670021c4f88010816a00290ad0816a2167816a496f6167816a496f0c67816a4c6702e0846224676467c16a491cc16205202063012089
S3450800adc0a063e26408480068401c0749086083f310882000fff7fefbd4f8840002e083f310880b2010bd00bf804700206847002091bd01082de9fc4d8ab0dde90a4524f04d
S3450800ae00000635f0004708bf002e00f0d98206460f460020dff8b41532463b4601f082f800f0ce8269004915dde90aab01f10108dff89c15cdf800b001f074f808bfb8f146
S3450800ae40000f02d1280300f0bb825800401510f1010c019700f0ec8137f000430cbf002ab8f1000f00f0e4814fea4b0353eada734fea4a0208bf002a1cd040f23340a0ebcb
S3450800ae805352352a04db0af0000a0bf0004b11e0202a05dd203a2bfa02f000fa02fb00e002d14ff0000a05e0002ac4bf2afa02f000fa02faf80f1cd0002d05d500204ff0df
S3450800aec00041041b61eb050559460029504605d500224ff00043101a63eb01018d4208bf844206d0aff300804ff0ff306ff00041a9e201aa3046394601f024f804460d4601
S3450800af00c80f08bf002243d04fea4b0325f000455046594653eada734fea4a0208bf002a1cd040f23446a6eb5352352a04db0af0000a0bf0004b11e0202a05dd203a2bfa28
S3450800af4002f303fa02fb00e002d14ff0000a05e0002ac4bf2afa02f303fa02fa002905d500224ff00043101a63eb0101bbf1000f06d500224ff00043b2eb0a0a63eb0b0bc4
S3450800af80594508bf504502d10021049101e0012204920198012813d120462946dff83424dff83434fff7cefa0ad2012201f002f84ff000080026dff8147404460d4620e06c
S3450800afc00020dff8181422462b46faf77dfedff8107400223b46faf75ffffff7cdfaa0f120084046fff7e4fa0022dff8f833faf76bfe00223b46faf74fff06460f464fea84
S3450800b00048182046294632463b46fbf703f882468b4632463b4620462946faf73dff02460b4650465946fbf735f9cde90201dde90223faf749fe82468b46204629463246a3
S3450800b0403b46faf7e7ff04460d46dff89c03dff89c1352465b46faf737fedff89423dff89433faf719ff52465b46faf72dfedff88823dff88833faf70fff52465b46faf7ab
S3450800b08023fedff87c23dff87c33faf705ff52465b46faf719fedff87023dff87033faf7fbfe52465b46faf70ffedff86423dff86433faf7f1fe52465b46faf705fedff87a
S3450800b0c05823dff85833faf7e7fe52465b46faf7fbfd22462b46faf79dff0122009282468b460020b94932463b46faf793ff009a00f060ff52465b46faf7cefedde9022351
S3450800b100faf7e2fdb04a7a4402f2be22424403922b462246faf7c0fe044601980d46fff747fa039ed6e90023faf7b6fe06460f46bb48bc4922462b46faf7c6fd32463b463e
S3450800b140faf7aafedde90a23faf7befd0022b64bfff7f8f963d30122b44b00f0c9ff5bd9ca0f1abf0022b24b9d4bfaf795fefff703fa0022954bdff8bca2dff8bcb2cde9d9
S3450800b18001238046dde90a01cdf8008032463b46faf79afd06460f464046fff709fa02460b4630463946faf735ff52465b46faf78bfd06460f46dde90a0122462b46faf73f
S3450800b1c083fd044603988446d0e902230d46dce90401faf761fedde90a23faf775fd52465b46faf771fd22462b46faf755fe32463b46faf751fedde9012300f093ff20f007
S3450800b200000431f0004508bf002c08d04a005215521c06d10b0304d10020884901e000200021049a002a00f0cd8081f000410ae1bcf1000f04d1380302d03046394602e1c7
S3450800b240b8f1000f05d1280318bfdde90a0140f0b9800120b8f1000f7bd02b462246590041ead27b5100bbf1000f08bf002917d040f23341a1eb5b51352904db02f0000236
S3450800b28003f000430ce0202903dd2039cb408b4000e001d1002203e00029c4bfca408a40cde902232b0008d500214ff0004b0a1b6beb0303cde9082301e0cde90843dde937
S3450800b2c00223cde90623002b05d500214ff000448a1a64eb0303cde90423dde908abdde904239b450cbf92450020dde90623590041ead2745100002c08bf002917d040f276
S3450800b3003441a1eb5451352904db02f0000203f000430ce0202903dd2039cb408b4000e001d1002203e00029c4bfca408a4080b1dde904ab002b05d500204ff00041801a92
S3450800b340994101e0104619468b4506bf824500200120bcf1000f06d1390304d1fe0f12d1ec0f2ad023e0b8f1000f13d1290311d16a463046394600f0e5fdec0f009814d18d
S3450800b38000281adc13e0ec0f02d1002816d011e038b957e0002814bffe0f0026ec0f08d12eb100204ff000414de0002805dd002048e016b10020224945e000201f4942e058
S3450800b3c0002002493fe000bf80ee00000000f03f0000f0bfcd3b7f669ea0e63f000050400000e03f0000903ff7de29bfd8f8c23ff4b3fecc1a99c33f62cb68d96f46c73fff
S3450800b400c6c912dac471cc3f4ae98a942449d23ff75f97999999d93fbc5555555555e53ffe822b654715f73f0000e0c00000e0400000e0bfef39fafe422ee63f0000f07ff6
S3450800b4400000f0ff00210cb0bde8f08d10b50400606e002804d014f14c0000f0b9ff01e00020e064eff3108072b62f490968491e2d4a1160a16b00290ad0216b012940d058
S3450800b480216b02293dd00021a1630021216338e0216b002935d0616b002904d000216163032121632de000212163e16a1f4a52f82120002a05d0516a0c62546261622262b2
S3450800b4c01fe01a4a42f8214024626462184a126801238b401a43164b1a60164a1268002a04d1144a1460144a11600ae0124b1b68994206d2104b1960d26b914201d20d49ed
S3450800b5000c6080f310880d4800680a490968884208d00b480068044909680843002801d100f0c4fc10bd00bf80470020e4440020784700206c4700207c47002068470020d6
S3450800b540e400002070b506000c001500eff3108072b6316b002904d0f462f56380f3108814e00b490968891c094a1160032131630121b1630021f16480f310883000fff7ca
S3450800b58029f8f462f5633000fff760ff70bd00bf8047002038b5eff3108172b6026a022a03d281f31088002060e0026a022a0dd1c269126fd26ac369db6a9a4202d2c2694b
S3450800b5c0126fc26181f3108800204fe0c269036ad0f81cc0dcf870e0254c2468641c244d2c60def82c40dcf82c50ac4200d2f44681f31088eff3108172b6c469a24205d14a
S3450800b600046aa34202d1def870e005e0c269036ad0f81cc0dcf870e0c469a645e1d1144a1268521e124b1a60c269944519d0dcf87020dcf874305367dcf87420dcf8703023
S3450800b6401367c269ccf87020c269526fccf87420c269526fc2f870c0c269c2f874c0c0f81cc081f3108800f005f8002032bd00bf8047002080b508480068084909688842d5
S3450800b68008d007480068074909680843002801d100f00cfc01bd00bf684700206c470020e40000208047002010b5dff8482310780021aa2818bf1a211079552818bf1a2139
S3450800b6c05078030001d0402800db1a21d478a04202d09078002010bd9278d243d2b2904208bf0029f6d110bdc24a10790021552818bf1a21d079552818bf1a215079042822
S3450800b70002db9079002070479279d243d2b2904208bf0029f6d17047b74801210022817002704270704738b50446b34d02e00120fbf7c6fa69782878081ac0b21528a8bfa6
S3450800b7401438c0b20b28f2da204600f002f8c0b232bd2de9f0410546012000f0b9faa64a577880467b1cd8b21428a8bf002316789078b74208bf002805d1404600f0a8fa1f
S3450800b7804ff0ff3026e00c214f439c496c6801eb070c891cccf80440ac68ccf80840ac78cc552d88acf8005053705578c5f11405751958b1002090709148c16841f001018a
S3450800b7c0c1600068410148bf00f0a5f8404600f07ffae8b2bde8f08170b5874c617911b14ff0ff3070bde5782b460c21854a4b43d1186d1c0e8806808a7882704b684360de
S3450800b80089688160e8b20b28a8bf0025012000f05ffa2279e9b2914206d101216171e57000f056fa002070bde57000f051fa012070bd000070b5744c744d4ff40072e26034
S3450800b84001262368724a23f0f00330332360136823f4c04303f5804313600023664a137053709670d37013715671917101222a606b68da07fcd500bf6da353f82000e86139
S3450800b8802a6842f004022a6028684008400028606868c207fcd4084600f06df802206861216821f0f001b031216070bd56484ff40071c160026822f0f00230320260704719
S3450800b8c04d488079704770b54b490c79621cd0b20b28a8bf0022cd784e4bac4204bf4879002802d12021196070bd0c20454d44432819494c2668760d0680656805f00f0541
S3450800b9008570a5684560e46884602020186000234b710a7170bd70b5374a3949907840b1c86840084000c8600a6842f001020a6070bd13781d460c20304c45436019374c8a
S3450800b9404568a5605b1c8668e6608578656000884005401c2060dcb2142ca8bf00235478d8b2a04205d101209070cc6864086400cc60137070bd2a4901220a6001234b60bb
S3450800b98000234a68520852004a60cb60002240014a6100f178700864012222484864ca6100200860704718b5154a136803f0e053b3f1e05ff9d1194b1b4c04eb00649c6099
S3450800b9c0d960082058600c498879184901eb40511960106800f0e050b0f1e05ff9d1002001e00098401c00900098b0f57a6ff8d311bd0000f04f0020054700209042002030
S3450800ba000864004060440020040c014000640040040001400c640040b065004080650040006600400000e0ff150080000100001002001801050018010b001801170018016c
S3450800ba4030b5514a514b18b998608021d16030bd4f49504c504d48404440ac4207d1106000244e491160d4609860002030bd002098602c2030bd0078704780b548484ff018
S3450800ba80ff3101604160474801604160fff70eff45484649464a0160026001bd3b4a916809b927207047434a0221516090604249506840f0400050600846411e10b11068ad
S3450800bac0c307f9d409b90b207047002070472f48ff2101704170002141600020704730b5344c354b0122626001801a46531e12b12268d507f9d40bb9192030bd002030bdcb
S3450800bb0080b52249486818b10a78497800f056f8002002bd2de9f0411c4c05468846a068002108b927200de060686e087600ff2750b9ff20ae4214bf474640466070277059
S3450800bb4066600846bde8f0816908b0eb410f0cd1a8420cbf84f8018084f800802278617800f02cf801460026eae72178627802eb012291b2fff7b3ff0146ff20ae4214bf4a
S3450800bb8047464046dae70000042002404447002055af23505231c2ab7130a5eeab89efcd80e100e080e200e00ced00e00400fa050100fa050c20024040420f0001eb02219a
S3450800bbc089b28ce7f8b504460d461646fff77fff002701e0641c7f1cb8b2a84206d2315c2046fff797ff0100f4d0f2bdfff788ff0020f2bd80b572b6244925480860fff74c
S3450800bc0055fe012000f0fef8212000f033f90028fad0002000f004f94ff4803000f0d8f8312000f027f90028fad04ff480114ff4803000f0eaf8012000f0eff8392000f060
S3450800bc4019f90028fad04ff4404000f004f9002000f0f9f84ff4806000f0eef8002000f0e6f8022000f0defb002000f0e3fb102000f0e6fb022000f0d3f8064840f2fd11d5
S3450800bc8001604ff09052426001bd000008ed00e0002000081810024080b572b64ff44070fef716fc142100f005f8132100f002f862b601bd8df80010012200218df8012041
S3450800bcc08df802108df803206846fef706bc0000eff3108180f310880846704701480068704700bf68470020f8b506211c4a48431418207888b3e0781a4f451ead412079aa
S3450800bd00ed0f461eb6416078f60f08280ad0f9f7ddfc57f82010e0780d6818b1edb26d1ead41ed0fa07808280ad0f9f7cffc57f8201020790e6818b1f6b2761eb641f60f59
S3450800bd40617919b1022905d002d306e0354002e0354300e07540e8b2f2bd0020f2bd00bf0c4700204ca1010862f30f2262f31f42401810f0030308d0c91a1fd3db0748bf82
S3450800bd8000f8012d28bf20f8022d130030b414461546103928bf20e93c00fad8490728bf20e90c0048bf40f8042d890028bf20f8022d48bf00f8012d30bc7047c91818bf33
S3450800bdc000f8012dcb0728bf00f8012d7047000031490a6822f480320a60b0f5803f0b6823f480230b6003d0b0f5802f05d07047086840f48030086070470a6842f4a022cf
S3450800be000a607047254908607047254a136823f47c1318430843106070472249086070471f490a68920840ea8200086070471c490a6822f0f00203e019490a6822f4e06236
S3450800be4010430860704716490a6822f4605242eac0020a60704712490a6822f44042efe7114a002919bf11680843136823ea00001060704701464009074a012808bf106847
S3450800be8003d002280cbf106a506a01f01f01c84000f0010070470000001002400000424204100240600042420c10024000df704700b500bf130096469446103928bfa0e8be
S3450800bec00c50fad85fea417c28bf0cc048bf40f8042bc90728bf20f8022b48bf00f8012b00bd00000269a2f1400222f003024ff00003136053609360d36013615361c368c3
S3450800bf0093614ff00003d361136253629362d36213634ff0ff33536391634ff08073d36382607047904205d1994204d041ea030c50ea4c0c70474ff4001c1ceb410f38bf1c
S3450800bf408942704710b5144600f002f8226010bdc1f30a5343b14a0012f5001f28d2a3f2fe32a1eb0251704750ea410c20d001f0004c31ea0c01b1fa81f204bfb0fa80f335
S3450800bf80d2180b3ab2f120032cbf00fa03f1914041ea0c013ebfc2f1200c20fa0cf319439040524240f2fd33d21a01eb0351704700227047124254d440f2ff7c1cea115336
S3450800bfc00fd0634531d09b1863453cbf01eb0251704701f0004141ea0c510020aff30080704750ea410320d001f0004c91ea0c011cd0b1fa81f30b3b9a420dd9d21a9940a1
S3450800c00051ea0c01c3f1200c20fa0cfc61449840531c40f2ff7cd7e7914041ea0c01c2f1200c20fa0cf3194390407047b0fa80f31533202be0d3202aeed3203a203b9a426e
S3450800c04009d9d21a00fa03f141ea0c010020531c40f2ff7cb8e700fa02f141ea0c0100207047524240f2ff7c1cea11530dd06345dbd0b2eb030c3cbfa1eb025170470cf1d2
S3450800c080010221ea035141f4801150ea410cccd001f0004c352a27dc30b481ea0c01b2f1200309dac2f12003044601fa03f5d0402843d1409c400ce0c3f12002450020fae7
S3450800c0c003f418bf44f0010421fa03f091400c43002174f1004550f1000051eb0c01244230bc7ff47baf70476146002076e7000041ea030c50ea4c0c52ea0c0c4ff4001c5f
S3450800c10009d307d01ceb410f9cbf1ceb430f994208bf904270471ceb410ffbd88b4208bf824270472de9ff4d0d4604462b4658004015401c1fd024f0000135f0004208bf24
S3450800c140002918d0dde9021251004915491c12d0dde902ab3bf0004108bfbaf1000f0ad0290048d500264ff00047301b67eb0101cde9000141e020b9190302d02046294691
S3450800c180fce0dde9026251004915491c01d1160316d1dde9026737f0004708bf002e09d170b91b030cd1aff300804ff0ff306ff00041e3e039b9160305d108b91903f2d082
S3450800c1c0dde90201dae024f0000635f0004708bf002e03d1dde902010c9abae048b9190307d1dde90201224604b0bde8f04df9f76bbd00200de0cde900410020614900298b
S3450800c20044bf4ff0004666eb0101dde900ab8b4502da02f00041b1e05b49002944bf4ff0004666eb0101dde90067b94209dc01dbb04206d2aff30080544902f00042114392
S3450800c2409ce0534853492246f9f73efd524b01f0004213430022f9f71ffefef78df98046fef7a6f906460f464ff078404b4932463b46f9f729fd22462b46f9f70dfe0446e7
S3450800c2800d464748474932463b46f9f71dfd22462b46f9f701fe0d4625f000410022424bfef750f9044638bfdde902014fd322462b462946f9f708fd06460f463b483c498b
S3450800c2c032463b46f9f700fd3a4a3b4bf9f7e4fd32463b46f9f7f8fc82468b463748384932463b46f9f7f0fc364a374bf9f7d4fd32463b46f9f7e8fc0022274b334ff9f78e
S3450800c300cbfd22462b46f9f7dffc04460d4622462b4650465946f9f7bffd00223b46f9f7bbfdcde900012246504659462b46f9f771fe00223b46f9f7affd02460b46dde91f
S3450800c3400001f9f7a7ffdde90223f9f7bdfc0c9a4244fff72ffe02460b4622f0000433f0004508bf002c05d048004015401c03d1090301d1aff300801046194604b0bde87b
S3450800c380f08d000000c89cc000c89c400000f07ffe822b654715f73f0000e03f422ee6bff2e4d5bce7e84bbe0000903c112e5781a03f503f5843128c8f71bc3f4be8a54108
S3450800c3c0b752013f0bbdf3dae8708c3f0000f03feff3108172b68269002a1ed00269904209d182691268824202d18269002313600022826111e002694369536142690369f5
S3450800c400136182691268824205d10269836993618269036913600022826181f31088002070470000dff82c100a6802f03802104308607047dff81c100a6822f0080204e0e6
S3450800c440dff810100a6822f010020a600b6818430860704700200240f700cc000a00000000000000000000000000000000000000000000000000000000000000000000009b
S3450800c4800000000000000000000000000000000000000000f7005a000a00000000000000000000000000000000000000000000000000000000000000000000000000000013
S3450800c4c000000000000000000000000000000000f70061000a00000000000000000000000000000000000000000000000000000000000000000000000000000000000000cc
S3450800c500000000000000000000000000f700cf000a00000000000000000000000000000000000000000000000000000000000000000000000000000000000000000000001d
S3450800c5400000000000000000f700cf000a000000000000000000000000000000000000000000000000000000000000000000000000000000000000000000000000000000dd
S3450800c58000000000f700cc000a00000000000000000000000000000000000000000000000000000000000000000000000000000000000000000000000000000000000000a0
S3450800c5c0f7005a000a00000000000000000000000000000000000000000000000000000000000000000000000000000000000000000000000000000000000000f70061007a
S3450800c6000a00000000000000000000000000000000000000000000000000000000000000000000000000000000000000000000000000000000000000f700d3000a0000000e
S3450800c64000000000000000000000000000000000000000000000000000000000000000000000000000000000000000000000000000000000f700cc000a00000000000000df
S3450800c6800000000000000000000000000000000000000000000000000000000000000000000000000000000000000000000000004a019f010a000000000000000000000077
S3450800c6c000000000000000000000000000000000000000000000000000000000000000000000000000000000000000009f01ff040a0000000000000000000000000000007f
S3450800c70000000000000000000000000000000000000000000000000000000000000000000000000000000000f700cc000a000000000000000000000000000000000000001e
S3450800c740000000000000000000000000000000000000000000000000000000000000000000000000f7005a000a000000000000000000000000000000000000000000000050
S3450800c7800000000000000000000000000000000000000000000000000000000000000000f70061000a00000000000000000000000000000000000000000000000000000009
S3450800c7c000000000000000000000000000000000000000000000000000000000f700cf000a000000000000000000000000000000000000000000000000000000000000005b
S3450800c800000000000000000000000000000000000000000000000000f700cf000a00000000000000000000000000000000000000000000000000000000000000000000001a
S3450800c8400000000000000000000000000000000000000000f700cc000a000000000000000000000000000000000000000000000000000000000000000000000000000000dd
S3450800c88000000000000000000000000000000000f7005a000a000000000000000000000000000000000000000000000000000000000000000000000000000000000000000f
S3450800c8c0000000000000000000000000f70061000a0000000000000000000000000000000000000000000000000000000000000000000000000000000000000000000000c8
S3450800c9000000000000000000f700d3000a00000000000000000000000000000000000000000000000000000000000000000000000000000000000000000000000000000015
S3450800c94000000000f700cc000a00000000000000000000000000000000000000000000000000000000000000000000000000000000000000000000000000000000000000dc
S3450800c980f700cc000a00000000000000000000000000000000000000000000000000000000000000000000000000000000000000000000000000000000000000f7005a004b
S3450800c9c00a00000000000000000000000000000000000000000000000000000000000000000000000000000000000000000000000000000000000000f70068000a000000b6
S3450800ca00000000000000000000000000000000000000000000000000000000000000000000000000000000000000000000000000000000001501cc000a00000000000000fc
S3450800ca400000000000000000000000000000000000000000000000000000000000000000000000000000000000000000000000003701cc000a00000000000000000000009a
S3450800ca8000000000000000000000000000000000000000000000000000000000000000000000000000000000000000004a01a4060a00000000000000000000000000000069
S3450800cac0000000000000000000000000000000000000000000000000000000000000000000000000000000004a01cc000a0000000000000000000000000000000000000007
S3450800cb000000000000000000000000000000000000000000000000000000000000000000000000004a015d000a000000000000000000000000000000000000000000000035
S3450800cb4000000000000000000000000000000000000000000000000000000000000000004a0161000a000000000000000000000000000000000000000000000000000000f1
S3450800cb80000000000000000000000000000000000000000000000000000000004a01cc000a0000000000000000000000000000000000000000000000000000000000000046
S3450800cbc00000000000000000000000000000000000000000000000004a01cc000a000000000000000000000000000000000000000000000000000000000000000000000006
S3450800cc0000000000000000000000000000000000000000004a0164000a0000000000000000000000000000000000000000000000000000000000000000000000000000002d
S3450800cc40000000000000000000000000000000004a015d000a00000000000000000000000000000000000000000000000000000000000000000000000000000000000000f4
S3450800cc800000000000000000000000004a0161000a0000000000000000000000000000000000000000000000000000000000000000000000000000000000000000000000b0
S3450800ccc000000000000000004a0164000a0000000000000000000000000000000000000000000000000000000000000000000000000000000000000000000000000000006d
S3450800cd00000000004a01cf000a00000000000000000000000000000000000000000000000000000000000000000000000000000000000000000000000000000000000000c1
S3450800cd404a01cc000a00000000000000000000000000000000000000000000000000000000000000000000000000000000000000000000000000000000000000b8019f012b
S3450800cd800a000000000000000000000000000000000000000000000000000000000000000000000000000000000000000000000000000000000000002a02ff040a00000022
S3450800cdc0000000000000000000000000000000000000000000000000000000000000000000000000000000000000000000000000000000004a0156000a000000000000007a
S3450800ce000000000000000000000000000000000000000000000000000000000000000000000000000000000000000000000000004a01d3000a0000000000000000000000bc
S3450800ce4000000000000000000000000000000000000000000000000000000000000000000000000000000000000000004a0161000a000000000000000000000000000000ee
S3450800ce80000000000000000000000000000000000000000000000000000000000000000000000000000000004a01c8000a0000000000000000000000000000000000000047
S3450800cec00000000000000000000000000000000000000000000000000000000000000000000000004a01de000a0000000000000000000000000000000000000000000000f1
S3450800cf0000000000000000000000000000000000000000000000000000000000000000004a0164000a0000000000000000000000000000000000000000000000000000002a
S3450800cf40000000000000000000000000000000000000000000000000000000004a015a000a00000000000000000000000000000000000000000000000000000000000000f4
S3450800cf800000000000000000000000000000000000000000000000004a015d000a0000000000000000000000000000000000000000000000000000000000000000000000b1
S3450800cfc000000000000000000000000000000000000000004a0168000a00000000000000000000000000000000000000000000000000000000000000000000000000000066
S3450800d000000000000000000000000000000000004a0194010a00000000000000000000000000000000000000000000000000000000000000000000000000000000000000f8
S3450800d0400000000000000000000000004a015d000a0000000000000000000000000000000000000000000000000000000000000000000000000000000000000000000000f0
S3450800d08000000000000000004a01cc000a00000000000000000000000000000000000000000000000000000000000000000000000000000000000000000000000000000041
S3450800d0c0000000004a0161000a000000000000000000000000000000000000000000000000000000000000000000000000000000000000000000000000000000000000006c
S3450800d1007201cf000a000000000000000000000000000000000000000000000000000000000000000000000000000000000000000000000000000000000000009f01cc0029
S3450800d1400a00000000000000000000000000000000000000000000000000000000000000000000000000000000000000000000000000000000000000b801ab060a00000023
S3450800d180000000000000000000000000000000000000000000000000000000000000000000000000000000000000000000000000000000009f01cc000a00000000000000eb
S3450800d1c0000000000000000000000000000000000000000000000000000000000000000000000000000000000000000000000000ee01cc000a00000000000000000000005c
S3450800d20000000000000000000000000000000000000000000000000000000000000000000000000000000000000000004a01a6010a000000000000000000000000000000e4
S3450800d240000000000000000000000000000000000000000000000000000000000000000000000000000000001501cf000a00000000000000000000000000000000000000b1
S3450800d2800000000000000000000000000000000000000000000000000000000000000000000000004a01c1000a00000000000000000000000000000000000000000000004a
S3450800d2c00000000000000000000000000000000000000000000000000000000000000000dc00a6010a00000000000000000000000000000000000000000000000000000093
S3450800d30000000000000000000000000000000000000000000000000000000000f700cf000a000000000000000000000000000000000000000000000000000000000000000f
S3450800d3400000000000000000000000000000000000000000000000004a01c8000a000000000000000000000000000000000000000000000000000000000000000000000082
S3450800d38000000000000000000000000000000000000000009f01cf000a000000000000000000000000000000000000000000000000000000000000000000000000000000e6
S3450800d3c0000000000000000000000000000000004a01c5000a0000000000000000000000000000000000000000000000000000000000000000000000000000000000000005
S3450800d400000000000000000000000000720152030a00000000000000000000000000000000000000000000000000000000000000000000000000000000000000000000000c
S3450800d4400000000000000000f700cc000a000000000000000000000000000000000000000000000000000000000000000000000000000000000000000000000000000000d1
S3450800d48000000000f7005a000a0000000000000000000000000000000000000000000000000000000000000000000000000000000000000000000000000000000000000003
S3450800d4c0f70061000a00000000000000000000000000000000000000000000000000000000000000000000000000000000000000000000000000000000000000f700cf00f6
S3450800d5000a00000000000000000000000000000000000000000000000000000000000000000000000000000000000000000000000000000000000000f700cf000a00000003
S3450800d54000000000000000000000000000000000000000000000000000000000000000000000000000000000000000000000000000000000f700cc000a00000000000000d0
S3450800d580000000000000000000000000000000000000000000000000000000000000000000000000000000000000000000000000f7005a000a000000000000000000000002
S3450800d5c00000000000000000000000000000000000000000000000000000000000000000000000000000000000000000f70061000a000000000000000000000000000000bb
S3450800d60000000000000000000000000000000000000000000000000000000000000000000000000000000000f700d3000a0000000000000000000000000000000000000008
S3450800d640000000000000000000000000000000000000000000000000000000000000000000000000f700cc000a0000000000000000000000000000000000000000000000cf
S3450800d68000000000000000000000000000000000000000000000000000000000000000004a019b010a0000000000000000000000000000000000000000000000000000006b
S3450800d6c0000000000000000000000000000000000000000000000000000000009f0102050a000000000000000000000000000000000000000000000000000000000000006b
S3450800d700000000000000000000000000000000000000000000000000f700cc000a00000000000000000000000000000000000000000000000000000000000000000000000e
S3450800d7400000000000000000000000000000000000000000f7005a000a00000000000000000000000000000000000000000000000000000000000000000000000000000040
S3450800d78000000000000000000000000000000000f70061000a00000000000000000000000000000000000000000000000000000000000000000000000000000000000000f9
S3450800d7c0000000000000000000000000f700cf000a00000000000000000000000000000000000000000000000000000000000000000000000000000000000000000000004b
S3450800d8000000000000000000f700cf000a0000000000000000000000000000000000000000000000000000000000000000000000000000000000000000000000000000000a
S3450800d84000000000f700cc000a00000000000000000000000000000000000000000000000000000000000000000000000000000000000000000000000000000000000000cd
S3450800d880f7005a000a00000000000000000000000000000000000000000000000000000000000000000000000000000000000000000000000000000000000000f7006100a7
S3450800d8c00a00000000000000000000000000000000000000000000000000000000000000000000000000000000000000000000000000000000000000f700a9010a00000065
S3450800d90000000000000000000000000000000000000000000000000000000000000000000000000000000000000000000000000000000000f700cc000a000000000000000c
S3450800d940000000000000000000000000000000000000000000000000000000000000000000000000000000000000000000000000f7005a000a00000000000000000000003e
S3450800d9800000000000000000000000000000000000000000000000000000000000000000000000000000000000000000f70068000a000000000000000000000000000000f0
S3450800d9c0000000000000000000000000000000000000000000000000000000000000000000000000000000001501cc000a000000000000000000000000000000000000002d
S3450800da000000000000000000000000000000000000000000000000000000000000000000000000003701c8000a0000000000000000000000000000000000000000000000ce
S3450800da4000000000000000000000000000000000000000000000000000000000000000004a0157010a000000000000000000000000000000000000000000000000000000eb
S3450800da8000000000000000000000000000000000000000000000000000000000260117020a000000000000000000000000000000000000000000000000000000000000000e
S3450800dac0000000000000000000000000000000000000000000000000260102010a0000000000000000000000000000000000000000000000000000000000000000000000e4
S3450800db00000000000000000000000000000000000000000026010d030a00000000000000000000000000000000000000000000000000000000000000000000000000000096
S3450800db40000000000000000000000000000000008801f6020a000000000000000000000000000000000000000000000000000000000000000000000000000000000000000c
S3450800db80000000000000000000000000880103020a0000000000000000000000000000000000000000000000000000000000000000000000000000000000000000000000bf
S3450800dbc00000000000000000720102010a00000000000000000000000000000000000000000000000000000000000000000000000000000000000000000000000000000097
S3450800dc00000000007201db050a0000000000000000000000000000000000000000000000000000000000000000000000000000000000000000000000000000000000000079
S3450800dc402601f7010a000000000000000000000000000000000000000000000000000000000000000000000000000000000000000000000000000000000000002601ee0058
S3450800dc800a000000000000000000000000000000000000000000000000000000000000000000000000000000000000000000000000000000000000002601e2020a00000037
S3450800dcc000000000000000000000000000000000000000000000000000000000000000000000000000000000000000000000000000000000b801c3020a000000000000008e
S3450800dd00000000000000000000000000000000000000000000000000000000000000000000000000000000000000000000000000b801f1010a000000000000000000000020
S3450800dd4000000000000000000000000000000000000000000000000000000000000000000000000000000000000000008801f4000a0000000000000000000000000000000e
S3450800dd80000000000000000000000000000000000000000000000000000000000000000000000000000000008801c5050a00000000000000000000000000000000000000f8
S3450800ddc0000000000000000000000000000000000000000000000000000000000000000000000000ee0146040a0000000000000000000000000000000000000000000000d2
S3450800de000000000000000000000000000000000000000000000000000000000000000000ee0165010a00000000000000000000000000000000000000000000000000000075
S3450800de4000000000000000000000000000000000000000000000000000000000b80164010a000000000000000000000000000000000000000000000000000000000000006c
S3450800de80000000000000000000000000000000000000000000000000b80160010a000000000000000000000000000000000000000000000000000000000000000000000030
S3450800dec00000000000000000000000000000000000000000b80160040a000000000000000000000000000000000000000000000000000000000000000000000000000000ed
S3450800df0000000000000000000000000000000000880164010a00000000000000000000000000000000000000000000000000000000000000000000000000000000000000db
S3450800df400000000000000000000000007201dd020a000000000000000000000000000000000000000000000000000000000000000000000000000000000000000000000037
S3450800df8000000000000000004a01b7050a00000000000000000000000000000000000000000000000000000000000000000000000000000000000000000000000000000042
S3450800dfc0000000001501e4020a000000000000000000000000000000000000000000000000000000000000000000000000000000000000000000000000000000000000000d
S3450800e00026017d080a000000000000000000000000000000000000000000000000000000000000000000000000000000000000000000000000000000000000007201e501c3
S3450800e0400a000000000000000000000000000000000000000000000000000000000000000000000000000000000000000000000000000000000000007201e6000a00000025
S3450800e080000000000000000000000000000000000000000000000000000000000000000000000000000000000000000000000000000000007201b5020a000000000000001e
S3450800e0c00000000000000000000000000000000000000000000000000000000000000000000000000000000000000000000000007201c7020a0000000000000000000000cc
S3450800e1000000000000000000000000000000000000000000000000000000000000000000000000000000000000000000880125040a00000000000000000000000000000015
S3450800e14000000000000000000000000000000000000000000000000000000000000000000000000000000000720163010a00000000000000000000000000000000000000b0
S3450800e1800000000000000000000000000000000000000000000000000000000000000000000000004a0156010a0000000000000000000000000000000000000000000000a5
S3450800e1c0000000000000000000000000000000000000000000000000000000000000000026015f010a00000000000000000000000000000000000000000000000000000080
S3450800e2000000000000000000000000000000000000000000000000000000000026018a080a000000000000000000000000000000000000000000000000000000000000000d
S3450800e240000000000000000000000000000000000000000000000000260163080a0000000000000000000000000000000000000000000000000000000000000000000000f4
S3450800e28000000000000000000000000000000000000000007201f6010a000000000000000000000000000000000000000000000000000000000000000000000000000000dc
S3450800e2c0000000000000000000000000000000007201df000a00000000000000000000000000000000000000000000000000000000000000000000000000000000000000b4
S3450800e3000000000000000000000000007201cc020a000000000000000000000000000000000000000000000000000000000000000000000000000000000000000000000084
S3450800e34000000000000000007201c7020a00000000000000000000000000000000000000000000000000000000000000000000000000000000000000000000000000000049
S3450800e38000000000880130040a0000000000000000000000000000000000000000000000000000000000000000000000000000000000000000000000000000000000000088
S3450800e3c0b8015e010a00000000000000000000000000000000000000000000000000000000000000000000000000000000000000000000000000000000000000ee01e1021b
S3450800e4000a00000000000000000000000000000000000000000000000000000000000000000000000000000000000000000000000000000000000000b801c3050a00000039
S3450800e440000000000000000000000000000000000000000000000000000000000000000000000000000000000000000000000000000000008801bd020a000000000000003c
S3450800e4800000000000000000000000000000000000000000000000000000000000000000000000000000000000000000000000007201a5080a000000000000000000000024
S3450800e4c000000000000000000000000000000000000000000000000000000000000000000000000000000000000000002601fb010a000000000000000000000000000000e1
S3450800e500000000000000000000000000000000000000000000000000000000000000000000000000000000002601e0000a00000000000000000000000000000000000000bc
S3450800e5400000000000000000000000000000000000000000000000000000000000000000000000002601d4020a000000000000000000000000000000000000000000000086
S3450800e58000000000000000000000000000000000000000000000000000000000000000008801dd020a000000000000000000000000000000000000000000000000000000db
S3450800e5c0000000000000000000000000000000000000000000000000000000005d01f6010a00000000000000000000000000000000000000000000000000000000000000ae
S3450800e6000000000000000000000000000000000000000000000000004a01e9000a00000000000000000000000000000000000000000000000000000000000000000000008e
S3450800e64000000000000000000000000000000000000000004a01dc050a00000000000000000000000000000000000000000000000000000000000000000000000000000056
S3450800e680000000000000000000000000000000004a01f1010a0000000000000000000000000000000000000000000000000000000000000000000000000000000000000005
S3450800e6c00000000000000000000000004a01e7000a0000000000000000000000000000000000000000000000000000000000000000000000000000000000000000000000d0
S3450800e70000000000000000004a01d0020a000000000000000000000000000000000000000000000000000000000000000000000000000000000000000000000000000000a4
S3450800e74000000000b801c9020a00000000000000000000000000000000000000000000000000000000000000000000000000000000000000000000000000000000000000fd
S3450800e7808801e4010a000000000000000000000000000000000000000000000000000000000000000000000000000000000000000000000000000000000000007201eb0075
S3450800e7c00a000000000000000000000000000000000000000000000000000000000000000000000000000000000000000000000000000000000000007201c9050a000000b6
S3450800e80000000000000000000000000000000000000000000000000000000000000000000000000000000000000000000000000000000000ee0164040a0000000000000069
S3450800e840000000000000000000000000000000000000000000000000000000000000000000000000000000000000000000000000ee0165010a00000000000000000000002b
S3450800e88000000000000000000000000000000000000000000000000000000000000000000000000000000000000000000b026b010a000000000000000000000000000000c7
S3450800e8c000000000000000000000000000000000000000000000000000000000000000000000000000000000b80174010a00000000000000000000000000000000000000d2
S3450800e9000000000000000000000000000000000000000000000000000000000000000000000000008801ec050a000000000000000000000000000000000000000000000045
S3450800e94000000000000000000000000000000000000000000000000000000000000000007201e8020a00000000000000000000000000000000000000000000000000000022
S3450800e980000000000000000000000000000000000000000000000000000000008801d9050a00000000000000000000000000000000000000000000000000000000000000d8
S3450800e9c0000000000000000000000000000000000000000000000000b801ea020a00000000000000000000000000000000000000000000000000000000000000000000005a
S3450800ea000000000000000000000000000000000000000000ee0181040a0000000000000000000000000000000000000000000000000000000000000000000000000000004a
S3450800ea4000000000000000000000000000000000ee0169010a0000000000000000000000000000000000000000000000000000000000000000000000000000000000000025
S3450800ea800000000000000000000000000b0275010a0000000000000000000000000000000000000000000000000000000000000000000000000000000000000000000000bb
S3450800eac00000000000000000b80179010a000000000000000000000000000000000000000000000000000000000000000000000000000000000000000000000000000000cb
S3450800eb0000000000880122060a000000000000000000000000000000000000000000000000000000000000000000000000000000000000000000000000000000000000000c
S3450800eb40880104030a0000000000000000000000000000000000000000000000000000000000000000000000000000000000000000000000000000000000000088010f0352
S3450800eb800a00000000000000000000000000000000000000000000000000000000000000000000000000000000000000000000000000000000000000720182010a0000003d
S3450800ebc0000000000000000000000000000000000000000000000000000000000000000000000000000000000000000000000000000000004a0193010a000000000000001e
S3450800ec0000000000000000000000000000000000000000000000000000000000000000000000000000000000000000000000000072013b030a00000000000000000000000b
S3450800ec400000000000000000000000000000000000000000000000000000000000000000000000000000000000000000880198090a00000000000000000000000000000052
S3450800ec8000000000000000000000000000000000000000000000000000000000000000000000000000000000ee014c000a0000000000000000000000000000000000000001
S3450800ecc00000000000000000000000000000000000000000000000000000000000000000000000004b024c000a000000000000000000000000000000000000000000000063
S3450800ed000000000000000000000000000000000000000000000000000000000000000000e4024c000a00000000000000000000000000000000000000000000000000000089
S3450800ed4000000000000000000000000000000000000000000000000000000000dc03fa000a00000000000000000000000000000000000000000000000000000000000000a2
S3450800ed80000000000000000000000000000000000000000000000000dc034c000a000000000000000000000000000000000000000000000000000000000000000000000010
S3450800edc00000000000000000000000000000000000000000e4024c000a000000000000000000000000000000000000000000000000000000000000000000000000000000c9
S3450800ee00000000000000000000000000000000004b024a000a0000000000000000000000000000000000000000000000000000000000000000000000000000000000000023
S3450800ee40000000000000000000000000ee010e050a000000000000000000000000000000000000000000000000000000000000000000000000000000000000000000000078
S3450800ee800000000000000000ee014c000a000000000000000000000000000000000000000000000000000000000000000000000000000000000000000000000000000000ff
S3450800eec0000000004b024c000a0000000000000000000000000000000000000000000000000000000000000000000000000000000000000000000000000000000000000061
S3450800ef00e4024c000a00000000000000000000000000000000000000000000000000000000000000000000000000000000000000000000000000000000000000dc03fa00ae
S3450800ef400a00000000000000000000000000000000000000000000000000000000000000000000000000000000000000000000000000000000000000dc034c000a00000044
S3450800ef8000000000000000000000000000000000000000000000000000000000000000000000000000000000000000000000000000000000e4024c000a0000000000000007
S3450800efc00000000000000000000000000000000000000000000000000000000000000000000000000000000000000000000000004b024c000a000000000000000000000060
S3450800f0000000000000000000000000000000000000000000000000000000000000000000000000000000000000000000ee0178000a00000000000000000000000000000051
S3450800f040000000000000000000000000000000000000000000000000000000000000000000000000000000002a0278000a00000000000000000000000000000000000000d4
S3450800f0800000000000000000000000000000000000000000000000000000000000000000000000004b0278000a000000000000000000000000000000000000000000000073
S3450800f0c00000000000000000000000000000000000000000000000000000000000000000930278000a000000000000000000000000000000000000000000000000000000eb
S3450800f10000000000000000000000000000000000000000000000000000000000e40204030a00000000000000000000000000000000000000000000000000000000000000ca
S3450800f1400000000000000000000000000000000000000000000000004b024c000a0000000000000000000000000000000000000000000000000000000000000000000000de
S3450800f1800000000000000000000000000000000000000000e4024c000a00000000000000000000000000000000000000000000000000000000000000000000000000000005
S3450800f1c00000000000000000000000000000000070034c000a0000000000000000000000000000000000000000000000000000000000000000000000000000000000000038
S3450800f2000000000000000000000000009704fa000a000000000000000000000000000000000000000000000000000000000000000000000000000000000000000000000021
S3450800f240000000000000000097044c000a0000000000000000000000000000000000000000000000000000000000000000000000000000000000000000000000000000008f
S3450800f2800000000055044c000a0000000000000000000000000000000000000000000000000000000000000000000000000000000000000000000000000000000000000091
S3450800f2c070034c000a00000000000000000000000000000000000000000000000000000000000000000000000000000000000000000000000000000000000000e4020e053e
S3450800f3000a000000000000000000000000000000000000000000000000000000000000000000000000000000000000000000000000000000000000002a024c000a00000033
S3450800f34000000000000000000000000000000000000000000000000000000000000000000000000000000000000000000000000000000000e4024c000a0000000000000043
S3450800f38000000000000000000000000000000000000000000000000000000000000000000000000000000000000000000000000070034c000a000000000000000000000076
S3450800f3c000000000000000000000000000000000000000000000000000000000000000000000000000000000000000005504fa000a000000000000000000000000000000a2
S3450800f40000000000000000000000000000000000000000000000000000000000000000000000000000000000dc034c000a0000000000000000000000000000000000000089
S3450800f440000000000000000000000000000000000000000000000000000000000000000000000000e4024c000a000000000000000000000000000000000000000000000042
S3450800f48000000000000000000000000000000000000000000000000000000000000000004b024c000a0000000000000000000000000000000000000000000000000000009b
S3450800f4c000000000000000000000000000000000000000000000000000000000ee010e050a00000000000000000000000000000000000000000000000000000000000000f2
S3450800f500000000000000000000000000000000000000000000000000ee014c000a000000000000000000000000000000000000000000000000000000000000000000000078
S3450800f54000000000000000000000000000000000000000004b024c000a000000000000000000000000000000000000000000000000000000000000000000000000000000da
S3450800f58000000000000000000000000000000000e4024c000a0000000000000000000000000000000000000000000000000000000000000000000000000000000000000001
S3450800f5c0000000000000000000000000dc03fa000a00000000000000000000000000000000000000000000000000000000000000000000000000000000000000000000001a
S3450800f6000000000000000000dc034c000a00000000000000000000000000000000000000000000000000000000000000000000000000000000000000000000000000000087
S3450800f64000000000e4024c000a0000000000000000000000000000000000000000000000000000000000000000000000000000000000000000000000000000000000000040
S3450800f6804b024c000a00000000000000000000000000000000000000000000000000000000000000000000000000000000000000000000000000000000000000ee010e0597
S3450800f6c00a00000000000000000000000000000000000000000000000000000000000000000000000000000000000000000000000000000000000000ee014c000a000000ad
S3450800f700000000000000000000000000000000000000000000000000000000000000000000000000000000000000000000000000000000004b024c000a0000000000000018
S3450800f740000000000000000000000000000000000000000000000000000000000000000000000000000000000000000000000000e4024c000a00000000000000000000003f
S3450800f7800000000000000000000000000000000000000000000000000000000000000000000000000000000000000000dc03fa000a00000000000000000000000000000058
S3450800f7c000000000000000000000000000000000000000000000000000000000000000000000000000000000dc034c000a00000000000000000000000000000000000000c6
S3450800f800000000000000000000000000000000000000000000000000000000000000000000000000e4024c000a00000000000000000000000000000000000000000000007e
S3450800f84000000000000000000000000000000000000000000000000000000000000000004b024c000a000000000000000000000000000000000000000000000000000000d7
S3450800f88000000000000000000000000000000000000000000000000000000000ee0178000a00000000000000000000000000000000000000000000000000000000000000c9
S3450800f8c00000000000000000000000000000000000000000000000002a0278000a00000000000000000000000000000000000000000000000000000000000000000000004c
S3450800f90000000000000000000000000000000000000000004b0278000a000000000000000000000000000000000000000000000000000000000000000000000000000000ea
S3450800f94000000000000000000000000000000000930278000a0000000000000000000000000000000000000000000000000000000000000000000000000000000000000062
S3450800f980000000000000000000000000e40204030a000000000000000000000000000000000000000000000000000000000000000000000000000000000000000000000042
S3450800f9c000000000000000004b024c000a00000000000000000000000000000000000000000000000000000000000000000000000000000000000000000000000000000056
S3450800fa0000000000e4024c000a000000000000000000000000000000000000000000000000000000000000000000000000000000000000000000000000000000000000007c
S3450800fa4070034c000a000000000000000000000000000000000000000000000000000000000000000000000000000000000000000000000000000000000000009704fa001a
S3450800fa800a0000000000000000000000000000000000000000000000000000000000000000000000000000000000000000000000000000000000000097044c000a0000003d
S3450800fac00000000000000000000000000000000000000000000000000000000000000000000000000000000000000000000000000000000055044c000a0000000000000049
S3450800fb0000000000000000000000000000000000000000000000000000000000000000000000000000000000000000000000000070034c000a0000000000000000000000ee
S3450800fb400000000000000000000000000000000000000000000000000000000000000000000000000000000000000000e40207050a0000000000000000000000000000007b
S3450800fb80000000000000000000000000000000000000000000000000000000000000000000000000000000002a024a000a00000000000000000000000000000000000000b7
S3450800fbc0000000000000000000000000000000000000000000000000000000000000000000000000e4024a000a0000000000000000000000000000000000000000000000bd
S3450800fc00000000000000000000000000000000000000000000000000000000000000000070034a000a000000000000000000000000000000000000000000000000000000ef
S3450800fc4000000000000000000000000000000000000000000000000000000000dc03f4000a0000000000000000000000000000000000000000000000000000000000000099
S3450800fc80000000000000000000000000000000000000000000000000dc034a000a000000000000000000000000000000000000000000000000000000000000000000000003
S3450800fcc00000000000000000000000000000000000000000e4024a000a000000000000000000000000000000000000000000000000000000000000000000000000000000bc
S3450800fd00000000000000000000000000000000004b024a000a0000000000000000000000000000000000000000000000000000000000000000000000000000000000000014
S3450800fd40000000000000000000000000ee016a070a00000000000000000000000000000000000000000000000000000000000000000000000000000000000000000000000b
S3450800fd800000000000000000ee016d000a000000000000000000000000000000000000000000000000000000000000000000000000000000000000000000000000000000cf
S3450800fdc0000000002a0270000a000000000000000000000000000000000000000000000000000000000000000000000000000000000000000000000000000000000000004f
S3450800fe006e02da030a000000000000000000000000000000000000000000000000000000000000000000000000000000000000000000000000000000000000006e02f601f6
S3450800fe400a000000000000000000000000000000000000000000000000000000000000000000000000000000000000000000000000000000000000006e02e2000a0000000e
S3450800fe8000000000000000000000000000000000000000000000000000000000000000000000000000000000000000000000000000000000e402ed000a0000000000000057
S3450800fec00000000000000000000000000000000000000000000000000000000000000000000000000000000000000000000000002a02f8000a0000000000000000000000c6
S3450800ff000000000000000000000000000000000000000000000000000000000000000000000000000000000000000000ee01e9000a000000000000000000000000000000d1
S3450800ff40000000000000000000000000000000000000000000000000000000000000000000000000000000002a02d9040a0000000000000000000000000000000000000060
S3450800ff8000000000000000000000000000000000000000000000000000000000000000000000000072016f000a000000000000000000000000000000000000000000000047
S3450800ffc000000000000000000000000000000000000000000000000000000000000000009f0174000a000000000000000000000000000000000000000000000000000000d5
S3450801000000000000000000000000000000000000000000000000000000000000d201f3010a00000000000000000000000000000000000000000000000000000000000000e0
S34508010040000000000000000000000000000000000000000000000000d201de010a0000000000000000000000000000000000000000000000000000000000000000000000b5
S345080100800000000000000000000000000000000000000000ee01e6010a00000000000000000000000000000000000000000000000000000000000000000000000000000051
S345080100c0000000000000000000000000000000009f0101010a0000000000000000000000000000000000000000000000000000000000000000000000000000000000000045
S345080101000000000000000000000000003701e4020a000000000000000000000000000000000000000000000000000000000000000000000000000000000000000000000088
S3450801014000000000000000007201f0000a00000000000000000000000000000000000000000000000000000000000000000000000000000000000000000000000000000003
S34508010180000000001501cc050a000000000000000000000000000000000000000000000000000000000000000000000000000000000000000000000000000000000000003f
S345080101c07201ee000a00000000000000000000000000000000000000000000000000000000000000000000000000000000000000000000000000000000000000d201f800ba
S345080102000a00000000000000000000000000000000000000000000000000000000000000000000000000000000000000000000000000000000000000ee0166000a00000046
S34508010240000000000000000000000000000000000000000000000000000000000000000000000000000000000000000000000000000000002a027c000a00000000000000bd
S345080102800000000000000000000000000000000000000000000000000000000000000000000000000000000000000000000000006e02de010a0000000000000000000000d6
S345080102c000000000000000000000000000000000000000000000000000000000000000000000000000000000000000006e02e0030a00000000000000000000000000000092
S3450801030000000000000000000000000000000000000000000000000000000000000000000000000000000000e402ec000a00000000000000000000000000000000000000d2
S345080103400000000000000000000000000000000000000000000000000000000000000000000000006e02f0000a000000000000000000000000000000000000000000000004
S3450801038000000000000000000000000000000000000000000000000000000000000000002a02e4010a00000000000000000000000000000000000000000000000000000013
S345080103c000000000000000000000000000000000000000000000000000000000ee01f4000a0000000000000000000000000000000000000000000000000000000000000001
S345080104000000000000000000000000000000000000000000000000002a02f7000a000000000000000000000000000000000000000000000000000000000000000000000080
S345080104400000000000000000000000000000000000000000d201e5020a000000000000000000000000000000000000000000000000000000000000000000000000000000a9
S3450801048000000000000000000000000000000000ee0174000a00000000000000000000000000000000000000000000000000000000000000000000000000000000000000c0
S345080104c00000000000000000000000002a0268000a00000000000000000000000000000000000000000000000000000000000000000000000000000000000000000000004f
S3450801050000000000000000006e02da050a00000000000000000000000000000000000000000000000000000000000000000000000000000000000000000000000000000053
S34508010540000000006e024a000a00000000000000000000000000000000000000000000000000000000000000000000000000000000000000000000000000000000000000a8
S345080105803f0341000a00000000000000000000000000000000000000000000000000000000000000000000000000000000000000000000000000000000000000a4034500b3
S345080105c00a00000000000000000000000000000000000000000000000000000000000000000000000000000000000000000000000000000000000000dc03f8020a000000ff
S3450801060000000000000000000000000000000000000000000000000000000000000000000000000000000000000000000000000000000000a403d0030a0000000000000027
S34508010640000000000000000000000000000000000000000000000000000000000000000000000000000000000000000000000000e402f7000a000000000000000000000084
S3450801068000000000000000000000000000000000000000000000000000000000000000000000000000000000000000006e02d9020a000000000000000000000000000000d6
S345080106c00000000000000000000000000000000000000000000000000000000000000000000000000000000093027f000a00000000000000000000000000000000000000cd
S345080107000000000000000000000000000000000000000000000000000000000000000000000000006e0270000a0000000000000000000000000000000000000000000000c0
S3450801074000000000000000000000000000000000000000000000000000000000000000002a02dd020a00000000000000000000000000000000000000000000000000000055
S3450801078000000000000000000000000000000000000000000000000000000000ee0174000a00000000000000000000000000000000000000000000000000000000000000bd
S345080107c00000000000000000000000000000000000000000000000002a0270000a000000000000000000000000000000000000000000000000000000000000000000000044
S3450801080000000000000000000000000000000000000000006e02cd050a0000000000000000000000000000000000000000000000000000000000000000000000000000005d
S34508010840000000000000000000000000000000006e02ed000a0000000000000000000000000000000000000000000000000000000000000000000000000000000000000002
S34508010880000000000000000000000000930200010a000000000000000000000000000000000000000000000000000000000000000000000000000000000000000000000089
S345080108c00000000000000000e402d5030a00000000000000000000000000000000000000000000000000000000000000000000000000000000000000000000000000000021
S34508010900000000002a02e9030a0000000000000000000000000000000000000000000000000000000000000000000000000000000000000000000000000000000000000086
S34508010940ee015e000a000000000000000000000000000000000000000000000000000000000000000000000000000000000000000000000000000000000000002a027c0069
S345080109800a000000000000000000000000000000000000000000000000000000000000000000000000000000000000000000000000000000000000006e02dc030a000000c5
S345080109c0000000000000000000000000000000000000000000000000000000000000000000000000000000000000000000000000000000006e02e2010a000000000000008b
S34508010a000000000000000000000000000000000000000000000000000000000000000000000000000000000000000000000000006e02fb000a000000000000000000000032
S34508010a4000000000000000000000000000000000000000000000000000000000000000000000000000000000000000002a0273000a000000000000000000000000000000be
S34508010a80000000000000000000000000000000000000000000000000000000000000000000000000000000006e0274000a0000000000000000000000000000000000000039
S34508010ac0000000000000000000000000000000000000000000000000000000000000000000000000ba02e2010a00000000000000000000000000000000000000000000003e
S34508010b000000000000000000000000000000000000000000000000000000000000000000ba02f8010a000000000000000000000000000000000000000000000000000000e7
S34508010b4000000000000000000000000000000000000000000000000000000000ba02e4010a00000000000000000000000000000000000000000000000000000000000000bb
S34508010b80000000000000000000000000000000000000000000000000ba02f2000a00000000000000000000000000000000000000000000000000000000000000000000006e
S34508010bc000000000000000000000000000000000000000006e0276000a000000000000000000000000000000000000000000000000000000000000000000000000000000f6
S34508010c0000000000000000000000000000000000ba026c000a0000000000000000000000000000000000000000000000000000000000000000000000000000000000000073
S34508010c400000000000000000000000001003e6020a000000000000000000000000000000000000000000000000000000000000000000000000000000000000000000000060
S34508010c8000000000000000001003df000a00000000000000000000000000000000000000000000000000000000000000000000000000000000000000000000000000000029
S34508010cc0000000001003f7010a00000000000000000000000000000000000000000000000000000000000000000000000000000000000000000000000000000000000000d0
S34508010d001003e8000a0000000000000000000000000000000000000000000000000000000000000000000000000000000000000000000000000000000000000010037f0706
S34508010d400a00000000000000000000000000000000000000000000000000000000000000000000000000000000000000000000000000000000000000b900f0000a000000a7
S34508010d8000000000000000000000000000000000000000000000000000000000000000000000000000000000000000000000000000000000b90073000a00000000000000ee
S34508010dc0000000000000000000000000000000000000000000000000000000000000000000000000000000000000000000000000b90077000a0000000000000000000000aa
S34508010e000000000000000000000000000000000000000000000000000000000000000000000000000000000000000000a50073000a00000000000000000000000000000081
S34508010e4000000000000000000000000000000000000000000000000000000000000000000000000000000000b9006c000a0000000000000000000000000000000000000034
S34508010e80000000000000000000000000000000000000000000000000000000000000000000000000d000f2000a000000000000000000000000000000000000000000000057
S34508010ec00000000000000000000000000000000000000000000000000000000000000000d000ea010a0000000000000000000000000000000000000000000000000000001e
S34508010f0000000000000000000000000000000000000000000000000000000000b90073000a000000000000000000000000000000000000000000000000000000000000006c
S34508010f40000000000000000000000000000000000000000000000000d00073000a000000000000000000000000000000000000000000000000000000000000000000000015
S34508010f800000000000000000000000000000000000000000dc00f0000a0000000000000000000000000000000000000000000000000000000000000000000000000000004c
S34508010fc000000000000000000000000000000000dc00e7010a0000000000000000000000000000000000000000000000000000000000000000000000000000000000000014
S34508011000000000000000000000000000d00075000a000000000000000000000000000000000000000000000000000000000000000000000000000000000000000000000052
S345080110400000000000000000dc0073000a00000000000000000000000000000000000000000000000000000000000000000000000000000000000000000000000000000008
S3450801108000000000d00073000a00000000000000000000000000000000000000000000000000000000000000000000000000000000000000000000000000000000000000d4
S345080110c0d00070000a00000000000000000000000000000000000000000000000000000000000000000000000000000000000000000000000000000000000000a500ea0107
S345080111000a00000000000000000000000000000000000000000000000000000000000000000000000000000000000000000000000000000000000000b900f0010a000000e2
S3450801114000000000000000000000000000000000000000000000000000000000000000000000000000000000000000000000000000000000b900eb000a00000000000000b2
S34508011180000000000000000000000000000000000000000000000000000000000000000000000000000000000000000000000000b90073000a0000000000000000000000ea
S345080111c00000000000000000000000000000000000000000000000000000000000000000000000000000000000000000b90077000a000000000000000000000000000000a6
S3450801120000000000000000000000000000000000000000000000000000000000000000000000000000000000a50073000a000000000000000000000000000000000000007d
S34508011240000000000000000000000000000000000000000000000000000000000000000000000000b90073000a000000000000000000000000000000000000000000000029
S345080112800000000000000000000000000000000000000000000000000000000000000000d000f0000a00000000000000000000000000000000000000000000000000000055
S345080112c000000000000000000000000000000000000000000000000000000000d000e5010a000000000000000000000000000000000000000000000000000000000000001f
S34508011300000000000000000000000000000000000000000000000000b90073000a000000000000000000000000000000000000000000000000000000000000000000000068
S345080113400000000000000000000000000000000000000000d00073000a00000000000000000000000000000000000000000000000000000000000000000000000000000011
S3450801138000000000000000000000000000000000dc00f8000a0000000000000000000000000000000000000000000000000000000000000000000000000000000000000040
S345080113c0000000000000000000000000dc00f9010a0000000000000000000000000000000000000000000000000000000000000000000000000000000000000000000000fe
S345080114000000000000000000d00077000a0000000000000000000000000000000000000000000000000000000000000000000000000000000000000000000000000000004c
S3450801144000000000dc0079000a00000000000000000000000000000000000000000000000000000000000000000000000000000000000000000000000000000000000000fe
S34508011480d00077000a00000000000000000000000000000000000000000000000000000000000000000000000000000000000000000000000000000000000000d000770085
S345080114c00a00000000000000000000000000000000000000000000000000000000000000000000000000000000000000000000000000000000000000a500fb010a00000028
S3450801150000000000000000000000000000000000000000000000000000000000000000000000000000000000000000000000000000000000b900fb010a00000000000000dd
S34508011540000000000000000000000000000000000000000000000000000000000000000000000000000000000000000000000000b900f8000a0000000000000000000000a1
S345080115800000000000000000000000000000000000000000000000000000000000000000000000000000000000000000b90077000a000000000000000000000000000000e2
S345080115c000000000000000000000000000000000000000000000000000000000000000000000000000000000b90077000a00000000000000000000000000000000000000a2
S34508011600000000000000000000000000000000000000000000000000000000000000000000000000a50077000a000000000000000000000000000000000000000000000075
S345080116400000000000000000000000000000000000000000000000000000000000000000b90075000a00000000000000000000000000000000000000000000000000000023
S3450801168000000000000000000000000000000000000000000000000000000000d000fa000a0000000000000000000000000000000000000000000000000000000000000047
S345080116c0000000000000000000000000000000000000000000000000d000f9010a000000000000000000000000000000000000000000000000000000000000000000000007
S345080117000000000000000000000000000000000000000000b90077000a00000000000000000000000000000000000000000000000000000000000000000000000000000060
S3450801174000000000000000000000000000000000d00077000a0000000000000000000000000000000000000000000000000000000000000000000000000000000000000009
S34508011780000000000000000000000000dc00fa000a00000000000000000000000000000000000000000000000000000000000000000000000000000000000000000000003a
S345080117c00000000000000000dc00f9010a000000000000000000000000000000000000000000000000000000000000000000000000000000000000000000000000000000fa
S3450801180000000000d00079000a0000000000000000000000000000000000000000000000000000000000000000000000000000000000000000000000000000000000000046
S34508011840dc0077000a00000000000000000000000000000000000000000000000000000000000000000000000000000000000000000000000000000000000000d000f60036
S345080118800a00000000000000000000000000000000000000000000000000000000000000000000000000000000000000000000000000000000000000a50001020a0000005d
S345080118c000000000000000000000000000000000000000000000000000000000000000000000000000000000000000000000000000000000b900fb010a000000000000001a
S34508011900000000000000000000000000000000000000000000000000000000000000000000000000000000000000000000000000b900f4000a0000000000000000000000e1
S345080119400000000000000000000000000000000000000000000000000000000000000000000000000000000000000000b90077000a0000000000000000000000000000001e
S3450801198000000000000000000000000000000000000000000000000000000000000000000000000000000000b9007b000a00000000000000000000000000000000000000da
S345080119c0000000000000000000000000000000000000000000000000000000000000000000000000a50079000a0000000000000000000000000000000000000000000000b0
S34508011a000000000000000000000000000000000000000000000000000000000000000000b90075000a0000000000000000000000000000000000000000000000000000005f
S34508011a4000000000000000000000000000000000000000000000000000000000d000f8000a0000000000000000000000000000000000000000000000000000000000000085
S34508011a80000000000000000000000000000000000000000000000000d000f6010a000000000000000000000000000000000000000000000000000000000000000000000046
S34508011ac00000000000000000000000000000000000000000b90077000a0000000000000000000000000000000000000000000000000000000000000000000000000000009d
S34508011b0000000000000000000000000000000000d00077000a0000000000000000000000000000000000000000000000000000000000000000000000000000000000000045
S34508011b40000000000000000000000000dc00f8000a000000000000000000000000000000000000000000000000000000000000000000000000000000000000000000000078
S34508011b800000000000000000dc00fb010a00000000000000000000000000000000000000000000000000000000000000000000000000000000000000000000000000000034
S34508011bc000000000d00075000a0000000000000000000000000000000000000000000000000000000000000000000000000000000000000000000000000000000000000087
S34508011c00dc0079000a00000000000000000000000000000000000000000000000000000000000000000000000000000000000000000000000000000000000000d000f8006e
S34508011c400a00000000000000000000000000000000000000000000000000000000000000000000000000000000000000000000000000000000000000a500fb010a000000a0
S34508011c8000000000000000000000000000000000000000000000000000000000000000000000000000000000000000000000000000000000b90077000a00000000000000db
S34508011cc000000000000000000000000000000000000000000000000000000000000000000000000000000000000000000000000088013d000a000000000000000000000005
S34508011d000000000000000000000000000000000000000000000000000000000000000000000000000000000000000000880141000a000000000000000000000000000000c0
S34508011d4000000000000000000000000000000000000000000000000000000000000000000000000000000000880141000a0000000000000000000000000000000000000080
S34508011d80000000000000000000000000000000000000000000000000000000000000000000000000880147000a00000000000000000000000000000000000000000000003a
S34508011dc000000000000000000000000000000000000000000000000000000000000000008801b7000a0000000000000000000000000000000000000000000000000000008a
S34508011e00000000000000000000000000000000000000000000000000000000002601b5000a00000000000000000000000000000000000000000000000000000000000000ad
S34508011e400000000000000000000000000000000000000000000000000b02cd000a00000000000000000000000000000000000000000000000000000000000000000000006f
S34508011e8000000000000000000000000000000000000000004b02be000a000000000000000000000000000000000000000000000000000000000000000000000000000000fe
S34508011ec0000000000000000000000000000000000b02b5000a0000000000000000000000000000000000000000000000000000000000000000000000000000000000000007
S34508011f000000000000000000000000008801cd000a000000000000000000000000000000000000000000000000000000000000000000000000000000000000000000000032
S34508011f4000000000000000008801b5000a0000000000000000000000000000000000000000000000000000000000000000000000000000000000000000000000000000000a
S34508011f80000000002601be000a0000000000000000000000000000000000000000000000000000000000000000000000000000000000000000000000000000000000000023
S34508011fc00b02ca000a000000000000000000000000000000000000000000000000000000000000000000000000000000000000000000000000000000000000004b02be00e6
S345080120000a000000000000000000000000000000000000000000000000000000000000000000000000000000000000000000000000000000000000000b02b1000a000000bf
S34508012040000000000000000000000000000000000000000000000000000000000000000000000000000000000000000000000000000000008801c6000a00000000000000f8
S345080120800000000000000000000000000000000000000000000000000000000000000000000000000000000000000000000000008801be000a0000000000000000000000c0
S345080120c000000000000000000000000000000000000000000000000000000000000000000000000000000000000000002601c1000a000000000000000000000000000000df
S34508012100000000000000000000000000000000000000000000000000000000000000000000000000000000000b02c6000a00000000000000000000000000000000000000b3
S345080121400000000000000000000000000000000000000000000000000000000000000000000000004b02da000a00000000000000000000000000000000000000000000001f
S345080121800000000000000000000000000000000000000000000000000000000000000000880143000a0000000000000000000000000000000000000000000000000000003a
S345080121c000000000000000000000000000000000000000000000000000000000880192000a00000000000000000000000000000000000000000000000000000000000000ab
S345080122000000000000000000000000000000000000000000000000008801ee000a00000000000000000000000000000000000000000000000000000000000000000000000e
S3450801224000000000000000000000000000000000000000002601e2000a0000000000000000000000000000000000000000000000000000000000000000000000000000003c
S34508012280000000000000000000000000000000002601e2000a00000000000000000000000000000000000000000000000000000000000000000000000000000000000000fc
S345080122c0000000000000000000000000260127010a000000000000000000000000000000000000000000000000000000000000000000000000000000000000000000000076
S3450801230000000000000000008801c5040a00000000000000000000000000000000000000000000000000000000000000000000000000000000000000000000000000000032
S34508012340000000004b028d040a0000000000000000000000000000000000000000000000000000000000000000000000000000000000000000000000000000000000000066
S345080123800b02a5000a00000000000000000000000000000000000000000000000000000000000000000000000000000000000000000000000000000000000000ee01be00a5
S345080123c00a00000000000000000000000000000000000000000000000000000000000000000000000000000000000000000000000000000000000000b801dd000a00000024
S3450801240000000000000000000000000000000000000000000000000000000000000000000000000000000000000000000000000000000000100397040a00000000000000d5
S345080124400000000000000000000000000000000000000000000000000000000000000000000000000000000000000000000000004b023d020a0000000000000000000000b7
S3450801248000000000000000000000000000000000000000000000000000000000000000000000000000000000000000000b02a5000a00000000000000000000000000000051
S345080124c000000000000000000000000000000000000000000000000000000000000000000000000000000000ee01c4000a0000000000000000000000000000000000000010
S34508012500000000000000000000000000000000000000000000000000000000000000000000000000b801d7000a0000000000000000000000000000000000000000000000f2
S3450801254000000000000000000000000000000000000000000000000000000000000000001003b2040a00000000000000000000000000000000000000000000000000000079
S34508012580000000000000000000000000000000000000000000000000000000004b025e020a0000000000000000000000000000000000000000000000000000000000000055
S345080125c00000000000000000000000000000000000000000000000000b02a5000a000000000000000000000000000000000000000000000000000000000000000000000010
S345080126000000000000000000000000000000000000000000ee01be000a000000000000000000000000000000000000000000000000000000000000000000000000000000d4
S34508012640000000000000000000000000000000000b02c4000a0000000000000000000000000000000000000000000000000000000000000000000000000000000000000070
S34508012680000000000000000000000000b801c5050a00000000000000000000000000000000000000000000000000000000000000000000000000000000000000000000007e
S345080126c00000000000000000260153000a00000000000000000000000000000000000000000000000000000000000000000000000000000000000000000000000000000047
S345080127000000000026015a000a00000000000000000000000000000000000000000000000000000000000000000000000000000000000000000000000000000000000000ff
S34508012740260169000a000000000000000000000000000000000000000000000000000000000000000000000000000000000000000000000000000000000000008801b20471
S345080127800a000000000000000000000000000000000000000000000000000000000000000000000000000000000000000000000000000000000000004b02a6040a000000ff
S345080127c0000000000000000000000000000000000000000000000000000000000000000000000000000000000000000000000000000000000b02af000a0000000000000004
S34508012800000000000000000000000000000000000000000000000000000000000000000000000000000000000000000000000000ee01ba000a0000000000000000000000d6
S345080128400000000000000000000000000000000000000000000000000000000000000000000000000000000000000000b801d4000a000000000000000000000000000000b2
S34508012880000000000000000000000000000000000000000000000000000000000000000000000000000000001003a6040a0000000000000000000000000000000000000042
S345080128c00000000000000000000000000000000000000000000000000000000000000000000000004b0247020a000000000000000000000000000000000000000000000029
S3450801290000000000000000000000000000000000000000000000000000000000000000000b02be000a000000000000000000000000000000000000000000000000000000b3
S3450801294000000000000000000000000000000000000000000000000000000000ee01ad000a00000000000000000000000000000000000000000000000000000000000000a2
S34508012980000000000000000000000000000000000000000000000000b801ca000a00000000000000000000000000000000000000000000000000000000000000000000007b
S345080129c000000000000000000000000000000000000000001003a6040a00000000000000000000000000000000000000000000000000000000000000000000000000000001
S34508012a00000000000000000000000000000000004b0251020a00000000000000000000000000000000000000000000000000000000000000000000000000000000000000dd
S34508012a400000000000000000000000000b02ba000a000000000000000000000000000000000000000000000000000000000000000000000000000000000000000000000076
S34508012a800000000000000000ee01b7000a00000000000000000000000000000000000000000000000000000000000000000000000000000000000000000000000000000057
S34508012ac0000000000b02c4000a00000000000000000000000000000000000000000000000000000000000000000000000000000000000000000000000000000000000000ec
S34508012b00b80148040a00000000000000000000000000000000000000000000000000000000000000000000000000000000000000000000000000000000000000d000c600e1
S34508012b400a000000000000000000000000000000000000000000000000000000000000000000000000000000000000000000000000000000000000001501c6000a00000056
S34508012b80000000000000000000000000000000000000000000000000000000000000000000000000000000000000000000000000000000007201c6000a00000000000000c3
S34508012bc00000000000000000000000000000000000000000000000000000000000000000000000000000000000000000000000009f01c6000a000000000000000000000056
S34508012c0000000000000000000000000000000000000000000000000000000000000000000000000000000000000000007201c6000a00000000000000000000000000000042
S34508012c4000000000000000000000000000000000000000000000000000000000000000000000000000000000d000c6000a00000000000000000000000000000000000000a5
S34508012c800000000000000000000000000000000000000000000000000000000000000000000000001501c6000a00000000000000000000000000000000000000000000001f
S34508012cc00000000000000000000000000000000000000000000000000000000000000000d00096010a00000000000000000000000000000000000000000000000000000054
S34508012d00000000000000000000000000000000000000000000000000000000001501c6000a000000000000000000000000000000000000000000000000000000000000009e
S34508012d400000000000000000000000000000000000000000000000007201c6000a000000000000000000000000000000000000000000000000000000000000000000000001
S34508012d8000000000000000000000000000000000000000009f01c6000a00000000000000000000000000000000000000000000000000000000000000000000000000000094
S34508012dc0000000000000000000000000000000007201c6000a0000000000000000000000000000000000000000000000000000000000000000000000000000000000000081
S34508012e000000000000000000000000001501c6000a00000000000000000000000000000000000000000000000000000000000000000000000000000000000000000000009d
S34508012e400000000000000000d000c6000a000000000000000000000000000000000000000000000000000000000000000000000000000000000000000000000000000000a3
S34508012e8000000000150196010a000000000000000000000000000000000000000000000000000000000000000000000000000000000000000000000000000000000000004c
S34508012ec01501c6000a000000000000000000000000000000000000000000000000000000000000000000000000000000000000000000000000000000000000007201c600a4
S34508012f000a000000000000000000000000000000000000000000000000000000000000000000000000000000000000000000000000000000000000009f01c6000a00000008
S34508012f40000000000000000000000000000000000000000000000000000000000000000000000000000000000000000000000000000000007201c6000a00000000000000ff
S34508012f80000000000000000000000000000000000000000000000000000000000000000000000000000000000000000000000000d000c6000a000000000000000000000062
S34508012fc000000000000000000000000000000000000000000000000000000000000000000000000000000000000000001501c6000a000000000000000000000000000000dc
S3450801300000000000000000000000000000000000000000000000000000000000000000000000000000000000d00096010a0000000000000000000000000000000000000010
S345080130400000000000000000000000000000000000000000000000000000000000000000000000007201c6000a0000000000000000000000000000000000000000000000fe
S345080130800000000000000000000000000000000000000000000000000000000000000000ee01c6000a00000000000000000000000000000000000000000000000000000042
S345080130c000000000000000000000000000000000000000000000000000000000b801c6000a0000000000000000000000000000000000000000000000000000000000000038
S34508013100000000000000000000000000000000000000000000000000ee01c6000a0000000000000000000000000000000000000000000000000000000000000000000000c1
S345080131400000000000000000000000000000000000000000b801c6000a000000000000000000000000000000000000000000000000000000000000000000000000000000b7
S34508013180000000000000000000000000000000009f01c6000a0000000000000000000000000000000000000000000000000000000000000000000000000000000000000090
S345080131c00000000000000000000000007201c6000a00000000000000000000000000000000000000000000000000000000000000000000000000000000000000000000007d
S345080132000000000000000000d000c6000a000000000000000000000000000000000000000000000000000000000000000000000000000000000000000000000000000000df
S34508013240000000001501c6000a0000000000000000000000000000000000000000000000000000000000000000000000000000000000000000000000000000000000000059
S345080132807201c6000a000000000000000000000000000000000000000000000000000000000000000000000000000000000000000000000000000000000000009f01c60056
S345080132c00a000000000000000000000000000000000000000000000000000000000000000000000000000000000000000000000000000000000000007201c6000a00000072
S3450801330000000000000000000000000000000000000000000000000000000000000000000000000000000000000000000000000000000000d000c6000a00000000000000de
S345080133400000000000000000000000000000000000000000000000000000000000000000000000000000000000000000000000001501c6000a000000000000000000000058
S345080133800000000000000000000000000000000000000000000000000000000000000000000000000000000000000000d00096010a0000000000000000000000000000008d
S345080133c0000000000000000000000000000000000000000000000000000000000000000000000000000000001501c6000a00000000000000000000000000000000000000d8
S345080134000000000000000000000000000000000000000000000000000000000000000000000000007201c6000a00000000000000000000000000000000000000000000003a
S3450801344000000000000000000000000000000000000000000000000000000000000000009f01c6000a000000000000000000000000000000000000000000000000000000cd
S34508013480000000000000000000000000000000000000000000000000000000007201c6000a00000000000000000000000000000000000000000000000000000000000000ba
S345080134c00000000000000000000000000000000000000000000000001501c6000a0000000000000000000000000000000000000000000000000000000000000000000000d7
S345080135000000000000000000000000000000000000000000d000c6000a000000000000000000000000000000000000000000000000000000000000000000000000000000dc
S3450801354000000000000000000000000000000000150196010a0000000000000000000000000000000000000000000000000000000000000000000000000000000000000085
S345080135800000000000000000000000001501c6000a000000000000000000000000000000000000000000000000000000000000000000000000000000000000000000000016
S345080135c000000000000000007201c6000a00000000000000000000000000000000000000000000000000000000000000000000000000000000000000000000000000000079
S34508013600000000009f01c6000a000000000000000000000000000000000000000000000000000000000000000000000000000000000000000000000000000000000000000b
S345080136407201c6000a00000000000000000000000000000000000000000000000000000000000000000000000000000000000000000000000000000000000000d000c60062
S345080136800a000000000000000000000000000000000000000000000000000000000000000000000000000000000000000000000000000000000000001501c6000a0000000b
S345080136c000000000000000000000000000000000000000000000000000000000000000000000000000000000000000000000000000000000d00096010a000000000000004a
S345080137000000000000000000000000000000000000000000000000000000000000000000000000000000000000000000000000007201c6000a000000000000000000000037
S345080137400000000000000000000000000000000000000000000000000000000000000000000000000000000000000000ee01c6000a0000000000000000000000000000007b
S3450801378000000000000000000000000000000000000000000000000000000000000000000000000000000000b801c6000a0000000000000000000000000000000000000071
S345080137c0000000000000000000000000000000000000000000000000000000000000000000000000ee01c6000a0000000000000000000000000000000000000000000000fb
S345080138000000000000000000000000000000000000000000000000000000000000000000b801c6000a000000000000000000000000000000000000000000000000000000f0
S34508013840000000000000000000000000000000000000000000000000000000009f01c6000a00000000000000000000000000000000000000000000000000000000000000c9
S345080138800000000000000000000000000000000000000000000000007201c6000a0000000000000000000000000000000000000000000000000000000000000000000000b6
S345080138c00000000000000000000000000000000000000000930084000a00000000000000000000000000000000000000000000000000000000000000000000000000000098
S3450801390000000000000000000000000000000000a50084000a0000000000000000000000000000000000000000000000000000000000000000000000000000000000000045
S34508013940000000000000000000000000b90084000a0000000000000000000000000000000000000000000000000000000000000000000000000000000000000000000000f1
S345080139800000000000000000c400a2010a00000000000000000000000000000000000000000000000000000000000000000000000000000000000000000000000000000087
S345080139c0000000006e00a2010a000000000000000000000000000000000000000000000000000000000000000000000000000000000000000000000000000000000000009d
S34508013a006e00a2010a00000000000000000000000000000000000000000000000000000000000000000000000000000000000000000000000000000000000000a500840033
S34508013a400a00000000000000000000000000000000000000000000000000000000000000000000000000000000000000000000000000000000000000b90084000a000000e6
S34508013a8000000000000000000000000000000000000000000000000000000000000000000000000000000000000000000000000000000000d00084000a0000000000000099
S34508013ac0000000000000000000000000000000000000000000000000000000000000000000000000000000000000000000000000dc00a2010a00000000000000000000002e
S34508013b0000000000000000000000000000000000000000000000000000000000000000000000000000000000000000006e00a2010a0000000000000000000000000000005b
S34508013b40000000000000000000000000000000000000000000000000000000000000000000000000000000006e00a2010a000000000000000000000000000000000000001b
S34508013b80000000000000000000000000000000000000000000000000000000000000000000000000a50084000a0000000000000000000000000000000000000000000000c3
S34508013bc00000000000000000000000000000000000000000000000000000000000000000b90084000a0000000000000000000000000000000000000000000000000000006f
S34508013c0000000000000000000000000000000000000000000000000000000000d00084000a0000000000000000000000000000000000000000000000000000000000000017
S34508013c40000000000000000000000000000000000000000000000000dc00a2010a0000000000000000000000000000000000000000000000000000000000000000000000ac
S34508013c800000000000000000000000000000000000000000a50084000a000000000000000000000000000000000000000000000000000000000000000000000000000000c2
S34508013cc000000000000000000000000000000000b90084000a000000000000000000000000000000000000000000000000000000000000000000000000000000000000006e
S34508013d00000000000000000000000000d00084000a000000000000000000000000000000000000000000000000000000000000000000000000000000000000000000000016
S34508013d400000000000000000dc00a2010a000000000000000000000000000000000000000000000000000000000000000000000000000000000000000000000000000000ab
S34508013d8000000000930084000a00000000000000000000000000000000000000000000000000000000000000000000000000000000000000000000000000000000000000d3
S34508013dc0a50084000a00000000000000000000000000000000000000000000000000000000000000000000000000000000000000000000000000000000000000b900840044
S34508013e000a00000000000000000000000000000000000000000000000000000000000000000000000000000000000000000000000000000000000000c400a2010a000000f8
S34508013e40000000000000000000000000000000000000000000000000000000000000000000000000000000000000000000000000000000006e00a2010a0000000000000018
S34508013e800000000000000000000000000000000000000000000000000000000000000000000000000000000000000000000000006e00a2010a0000000000000000000000d8
S34508013ec00000000000000000000000000000000000000000000000000000000000000000000000000000000000000000930084000a00000000000000000000000000000092
S34508013f0000000000000000000000000000000000000000000000000000000000000000000000000000000000a50084000a000000000000000000000000000000000000003f
S34508013f40000000000000000000000000000000000000000000000000000000000000000000000000b90084000a0000000000000000000000000000000000000000000000eb
S34508013f800000000000000000000000000000000000000000000000000000000000000000c400a2010a00000000000000000000000000000000000000000000000000000081
S34508013fc0000000000000000000000000000000000000000000000000000000006e00a2010a0000000000000000000000000000000000000000000000000000000000000097
S345080140000000000000000000000000000000000000000000000000006e00a2010a000000000000000000000000000000000000000000000000000000000000000000000056
S345080140400000000000000000000000000000000000000000a50084000a000000000000000000000000000000000000000000000000000000000000000000000000000000fe
S3450801408000000000000000000000000000000000b90084000a00000000000000000000000000000000000000000000000000000000000000000000000000000000000000aa
S345080140c0000000000000000000000000d00084000a000000000000000000000000000000000000000000000000000000000000000000000000000000000000000000000053
S345080141000000000000000000dc00a2010a000000000000000000000000000000000000000000000000000000000000000000000000000000000000000000000000000000e7
S34508014140000000006e00a2010a0000000000000000000000000000000000000000000000000000000000000000000000000000000000000000000000000000000000000015
S345080141806e00a2010a00000000000000000000000000000000000000000000000000000000000000000000000000000000000000000000000000000000000000a5008400ac
S345080141c00a00000000000000000000000000000000000000000000000000000000000000000000000000000000000000000000000000000000000000b90084000a0000005f
S3450801420000000000000000000000000000000000000000000000000000000000000000000000000000000000000000000000000000000000d00084000a0000000000000011
S34508014240000000000000000000000000000000000000000000000000000000000000000000000000000000000000000000000000dc00a2010a0000000000000000000000a6
S345080142800000000000000000000000000000000000000000000000000000000000000000000000000000000000000000a50084000a000000000000000000000000000000bc
S345080142c000000000000000000000000000000000000000000000000000000000000000000000000000000000b90084000a0000000000000000000000000000000000000068
S34508014300000000000000000000000000000000000000000000000000000000000000000000000000d00084000a000000000000000000000000000000000000000000000010
S345080143400000000000000000000000000000000000000000000000000000000000000000dc00a2010a000000000000000000000000000000000000000000000000000000a5
S3450801438000000000000000000000000000000000000000000000000000000000930084000a00000000000000000000000000000000000000000000000000000000000000cd
S345080143c0000000000000000000000000000000000000000000000000a50084000a00000000000000000000000000000000000000000000000000000000000000000000007b
S345080144000000000000000000000000000000000000000000b90084000a00000000000000000000000000000000000000000000000000000000000000000000000000000026
S3450801444000000000000000000000000000000000c400a2010a00000000000000000000000000000000000000000000000000000000000000000000000000000000000000bc
S345080144800000000000000000000000006e00a2010a0000000000000000000000000000000000000000000000000000000000000000000000000000000000000000000000d2
S345080144c000000000000000006e00a2010a00000000000000000000000000000000000000000000000000000000000000000000000000000000000000000000000000000092
S34508014500000000006e025a010a0000000000000000000000000000000000000000000000000000000000000000000000000000000000000000000000000000000000000097
S345080145406e0254000a00000000000000000000000000000000000000000000000000000000000000000000000000000000000000000000000000000000000000d201e000ab
S345080145800a000000000000000000000000000000000000000000000000000000000000000000000000000000000000000000000000000000000000006e025a040a0000000a
S345080145c0000000000000000000000000000000000000000000000000000000000000000000000000000000000000000000000000000000009f01e0000a0000000000000022
S34508014600000000000000000000000000000000000000000000000000000000000000000000000000000000000000000000000000d201d3010a0000000000000000000000ba
S345080146400000000000000000000000000000000000000000000000000000000000000000000000000000000000000000370170030a00000000000000000000000000000076
S3450801468000000000000000000000000000000000000000000000000000000000000000000000000000000000880154000a0000000000000000000000000000000000000004
S345080146c0000000000000000000000000000000000000000000000000000000000000000000000000d20160000a00000000000000000000000000000000000000000000006e
S3450801470000000000000000000000000000000000000000000000000000000000000000006e02dd000a00000000000000000000000000000000000000000000000000000013
S3450801474000000000000000000000000000000000000000000000000000000000d201d5000a0000000000000000000000000000000000000000000000000000000000000078
S34508014780000000000000000000000000000000000000000000000000ba02cd000a000000000000000000000000000000000000000000000000000000000000000000000057
S345080147c000000000000000000000000000000000000000006e0279040a000000000000000000000000000000000000000000000000000000000000000000000000000000b3
S34508014800000000000000000000000000000000002a0269010a00000000000000000000000000000000000000000000000000000000000000000000000000000000000000c9
S345080148400000000000000000000000000b0254000a0000000000000000000000000000000000000000000000000000000000000000000000000000000000000000000000be
S345080148800000000000000000d20154000a000000000000000000000000000000000000000000000000000000000000000000000000000000000000000000000000000000b8
S345080148c0000000009f015d010a00000000000000000000000000000000000000000000000000000000000000000000000000000000000000000000000000000000000000a1
S34508014900d2017b030a000000000000000000000000000000000000000000000000000000000000000000000000000000000000000000000000000000000000006e025a0142
S345080149400a000000000000000000000000000000000000000000000000000000000000000000000000000000000000000000000000000000000000006e0236000a0000006e
S3450801498000000000000000000000000000000000000000000000000000000000000000000000000000000000000000000000000000000000d201ff000a000000000000000c
S345080149c00000000000000000000000000000000000000000000000000000000000000000000000000000000000000000000000006e0271040a0000000000000000000000b9
S34508014a0000000000000000000000000000000000000000000000000000000000000000000000000000000000000000008801dd000a000000000000000000000000000000f7
S34508014a40000000000000000000000000000000000000000000000000000000000000000000000000000000009f01b1010a00000000000000000000000000000000000000cb
S34508014a80000000000000000000000000000000000000000000000000000000000000000000000000d201d9000a000000000000000000000000000000000000000000000031
S34508014ac00000000000000000000000000000000000000000000000000000000000000000370177030a000000000000000000000000000000000000000000000000000000eb
S34508014b000000000000000000000000000000000000000000000000000000000072015d010a000000000000000000000000000000000000000000000000000000000000008b
S34508014b400000000000000000000000000000000000000000000000009f0160000a00000000000000000000000000000000000000000000000000000000000000000000001c
S34508014b800000000000000000000000000000000000000000ee01ec000a00000000000000000000000000000000000000000000000000000000000000000000000000000001
S34508014bc0000000000000000000000000000000002a02710b0a00000000000000000000000000000000000000000000000000000000000000000000000000000000000000f4
S34508014c000000000000000000000000002a02d9000a000000000000000000000000000000000000000000000000000000000000000000000000000000000000000000000056
S34508014c4000000000000000000b02bc010a00000000000000000000000000000000000000000000000000000000000000000000000000000000000000000000000000000051
S34508014c80000000009f01e0000a000000000000000000000000000000000000000000000000000000000000000000000000000000000000000000000000000000000000005b
S34508014cc02a02bc010a000000000000000000000000000000000000000000000000000000000000000000000000000000000000000000000000000000000000000b02c701dd
S34508014d000a0000000000000000000000000000000000000000000000000000000000000000000000000000000000000000000000000000000000000088014e010a00000078
S34508014d40000000000000000000000000000000000000000000000000000000000000000000000000000000000000000000000000000000009f0149000a0000000000000031
S34508014d80000000000000000000000000000000000000000000000000000000000000000000000000000000000000000000000000d201f3000a000000000000000000000014
S34508014dc000000000000000000000000000000000000000000000000000000000000000000000000000000000000000006e0248040a000000000000000000000000000000de
S34508014e0000000000000000000000000000000000000000000000000000000000000000000000000000000000d201d9000a00000000000000000000000000000000000000ad
S34508014e400000000000000000000000000000000000000000000000000000000000000000000000009f01cf010a0000000000000000000000000000000000000000000000a9
S34508014e8000000000000000000000000000000000000000000000000000000000000000005d01cd000a000000000000000000000000000000000000000000000000000000ae
S34508014ec000000000000000000000000000000000000000000000000000000000d201b8010a000000000000000000000000000000000000000000000000000000000000000d
S34508014f000000000000000000000000000000000000000000000000009f01cb010a0000000000000000000000000000000000000000000000000000000000000000000000ec
S34508014f4000000000000000000000000000000000000000009f01cd000a000000000000000000000000000000000000000000000000000000000000000000000000000000ab
S34508014f80000000000000000000000000000000008801d1000a000000000000000000000000000000000000000000000000000000000000000000000000000000000000007e
S34508014fc00000000000000000000000003701d9000a000000000000000000000000000000000000000000000000000000000000000000000000000000000000000000000087
S3450801500000000000000000002601e8000a00000000000000000000000000000000000000000000000000000000000000000000000000000000000000000000000000000048
S34508015040000000003701fe020a00000000000000000000000000000000000000000000000000000000000000000000000000000000000000000000000000000000000000df
S34508015080150148010a0000000000000000000000000000000000000000000000000000000000000000000000000000000000000000000000000000000000000026016600eb
S345080150c00a000000000000000000000000000000000000000000000000000000000000000000000000000000000000000000000000000000000000004a0102010a0000003f
S3450801510000000000000000000000000000000000000000000000000000000000000000000000000000000000000000000000000000000000b80115040a0000000000000084
S34508015140000000000000000000000000000000000000000000000000000000000000000000000000000000000000000000000000f7004c010a0000000000000000000000d2
S345080151800000000000000000000000000000000000000000000000000000000000000000000000000000000000000000150165000a0000000000000000000000000000005b
S345080151c000000000000000000000000000000000000000000000000000000000000000000000000000000000260120050a000000000000000000000000000000000000004a
S345080152000000000000000000000000000000000000000000000000000000000000000000000000004a014c010a0000000000000000000000000000000000000000000000bd
S345080152400000000000000000000000000000000000000000000000000000000000000000720166000a0000000000000000000000000000000000000000000000000000003c
S34508015280000000000000000000000000000000000000000000000000000000009f01f9000a000000000000000000000000000000000000000000000000000000000000003c
S345080152c00000000000000000000000000000000000000000000000004b0220040a000000000000000000000000000000000000000000000000000000000000000000000024
S34508015300000000000000000000000000000000000000000072014a010a00000000000000000000000000000000000000000000000000000000000000000000000000000096
S34508015340000000000000000000000000000000009f0165000a000000000000000000000000000000000000000000000000000000000000000000000000000000000000000f
S34508015380000000000000000000000000b801b2010a000000000000000000000000000000000000000000000000000000000000000000000000000000000000000000000068
S345080153c00000000000000000ee01b2010a000000000000000000000000000000000000000000000000000000000000000000000000000000000000000000000000000000f2
S34508015400000000002a02ae010a0000000000000000000000000000000000000000000000000000000000000000000000000000000000000000000000000000000000000078
S34508015440150143010a00000000000000000000000000000000000000000000000000000000000000000000000000000000000000000000000000000000000000260168002a
S345080154800a000000000000000000000000000000000000000000000000000000000000000000000000000000000000000000000000000000000000004a01f9000a00000085
S345080154c000000000000000000000000000000000000000000000000000000000000000000000000000000000000000000000000000000000b80103040a00000000000000d3
S34508015500000000000000000000000000000000000000000000000000000000000000000000000000000000000000000000000000ee0168010a0000000000000000000000fa
S3450801554000000000000000000000000000000000000000000000000000000000000000000000000000000000000000002a0265000a00000000000000000000000000000081
S34508015580000000000000000000000000000000000000000000000000000000000000000000000000000000004b0208050a0000000000000000000000000000000000000078
S345080155c00000000000000000000000000000000000000000000000000000000000000000000000004a0122000a000000000000000000000000000000000000000000000025
S3450801560000000000000000000000000000000000000000000000000000000000000000004a0127010a000000000000000000000000000000000000000000000000000000de
S34508015640000000000000000000000000000000000000000000000000000000004a0122000a00000000000000000000000000000000000000000000000000000000000000a4
S345080156800000000000000000000000000000000000000000000000004a014b000a00000000000000000000000000000000000000000000000000000000000000000000003b
S345080156c000000000000000000000000000000000000000002a0294010a000000000000000000000000000000000000000000000000000000000000000000000000000000d0
S3450801570000000000000000000000000000000000ee014a010a0000000000000000000000000000000000000000000000000000000000000000000000000000000000000016
S345080157400000000000000000000000004a0122000a0000000000000000000000000000000000000000000000000000000000000000000000000000000000000000000000a3
S3450801578000000000000000004a0150000a00000000000000000000000000000000000000000000000000000000000000000000000000000000000000000000000000000035
S345080157c0000000002a028b010a00000000000000000000000000000000000000000000000000000000000000000000000000000000000000000000000000000000000000d8
S34508015800ee0155010a000000000000000000000000000000000000000000000000000000000000000000000000000000000000000000000000000000000000004a0122009d
S345080158400a000000000000000000000000000000000000000000000000000000000000000000000000000000000000000000000000000000000000004a014b000a0000006f
S34508015880000000000000000000000000000000000000000000000000000000000000000000000000000000000000000000000000000000002a0289010a0000000000000019
S345080158c0000000000000000000000000000000000000000000000000000000000000000000000000000000000000000000000000ee013d010a000000000000000000000062
S3450801590000000000000000000000000000000000000000000000000000000000000000000000000000000000000000004a0122000a000000000000000000000000000000e1
S34508015940000000000000000000000000000000000000000000000000000000000000000000000000000000004a0154000a000000000000000000000000000000000000006f
S345080159800000000000000000000000000000000000000000000000000000000000000000000000002a02d4000a0000000000000000000000000000000000000000000000ce
S345080159c00000000000000000000000000000000000000000000000000000000000000000ee01df000a000000000000000000000000000000000000000000000000000000c0
S34508015a00000000000000000000000000000000000000000000000000000000001501c1000a0000000000000000000000000000000000000000000000000000000000000076
S34508015a4000000000000000000000000000000000000000000000000010b5002000f0cdf94243114401228a80002300220b708b70cb700a724a724ff47a730522cb804a81da
S34508015a80ff24642300224c708b81ca810a744a744a824a61401c01f89c2f03284a708a70dcdd10bd3eb5044605216846f4f736fea021dff8e0286143114491f89e00c8b94f
S34508015ac0c878dff8d458062363430122012881f89e2007d1ea5c04f211246946a0b2f4f7dcf837bd022805d10a34e85c0022e1b2f3f78dff37bd38b5a02304460621dff86c
S34508015b009428dff8940863436143d5180844297a11b1012907d031bd8078f4f779fb697888420ad005e08078f4f772fb6978884203d12046bde83240b4e731bd70b5062669
S34508015b400446a021dff85038dff84808dff84c28664361431e4445181178707880b9012904d10021e0b2f2f715fd06e00021e0b2f0f7f8fee0b2f1f779f90020287070bd90
S34508015b80012905d12978e0b2bde87040f2f702bdb5f90e10687c4143e0b2bde87040642291fbf2f291b2f0f7ddbe38b50446dff8ec07dff8e057017801290bd10021adf87c
S34508015bc00210adf800400022694605f52070f5f76bf806e00021e0b2f0f7c4fee0b2f1f745f9a0216143002068540620dff8a83704f10e0144430022185dc9b2f3f707ff51
S34508015c0031bd3eb5044600f0f8f862438d1895f89c0000283ad100210291019005f118006b8adff87c270ff29c7100932346f3f741fc00214ff47a72029101910092234641
S34508015c40dff860270ff2847105f14400f3f732fc002002902346e988dff84c270191a8880ff27c71009005f17000f3f723fc0020dff8281728700a78012a04d1f2f785fa32
S34508015c800120f2f782fa012085f89c0037bd2de9f84380460d46464600f0aff8dff8fc96dff8f47672438c1804f17000f0f7a8ff0620464399f800001db1022d42d01dd35f
S34508015cc079e0002084f89e0004f14400f0f798ff99f80000012803d1002200f07ff805e0002100f080f84046f1f7c0f80020791c20708a5d012a5ed160705ce000f076f8b0
S34508015d0002d100f06bf805e000f06cf8a1784046f1f766f8207c01281ebf791c885d002809d104f11800f0f76bff00f06af804f11800f1f743ff0120207060706069002899
S34508015d402bd138e000f052f804d1524212b200f045f80be000f046f8a07808b9012102e0012803d100214046f1f73af8207c01281ebf791c885d002809d104f11800f0f7a6
S34508015d803fff00f03ef804f11800f1f717ff0220207000216069617068b104f14400f0f72fff6169002204f14400f1f715ff04f14400f1f703ffe078012818bf02280bd1ef
S34508015dc0e288a18804f17000f1f706ff04f17000bde8f243f1f7f2bebde8f18321464046f2f7a7ba91b24046f0f7bcbd0021b4f90e2084f89e1001287047a022dff8941517
S34508015e007047618a002204f11800f1f7e5be2de9f14f0f4684b000f0c8f8044600f0c5f88df8020000f0c1f8054600f0bbf8adf8060000f0b7f8adf8040000f0b6f88df83d
S34508015e40010000f0b2f88df8000000f0abf8814600f0a8f8834600f0a5f8804600f0a5f8064600f0a2f8824600f09cf8adf808003846f3f752fe032c014651dc0622dff837
S34508015e801805624302445378ff2b0bd140f201219df8103000223846f3f797fe002005b0bde8f08f9df810001378984218bf4ff48871edd15078032808bf40f20321e7d017
S34508015ec09df8020002282bda022d29dcbdf8060030b3bdf80400092822dd9df801000228bcbf9df8000002281ada40f28b208145b8bf834514da022eb8bfbaf1650f0fdaa5
S34508015f00dff8a804002c18bf012c02d10388434506db022c18bf032c05d14088404502da4ff48071b4e7cb45b8bf40f20621afdb3db192f9020010f1010f08bf4ff4047161
S34508015f40a6d0a022dff84c049df8023062438718bb70fd70bdf80600dff84054b880bdf80420fa809df801303b72287810b99df800007872a7f80a90a7f80cb0a7f80e8043
S34508015f803e7487f811a0bdf80800788279612046fff737fe2878012803d139462046f2f786f97be73846f3f7c9bd3846f3f7d3bd2de9f84300f051f9074640460026f3f72e
S34508015fc0cafd032f054640f205293fdc0620784300f0e0f812d140f201252346002229464046f3f7f2fd4d4505d141463846f3f75afd00f036f80020bde8f283085c844266
S3450801600018bf4ff48875e8d11946032908bf40f20325e2d0012917d1012d17dca022dff874037a438318587a012812d11878002818bf00290dd19a8959893846f0f7d4ffd7
S34508016040060006d04d46c8e7022de7dd4ff48075c3e73846fff7d5fd29463846fff717fec3e741463046f3f71ebd2de9f14f884682b000f094f8044600f091f88df800005a
S345080160804ff000094046f3f759fd834600f087f8054600f084f806464046f3f74ffdadf802004046f3f739fd032c824646dc0620604300f06ff817d140f2012b9df8083033
S345080160c0002259464046f3f780fd40f20520834507d141462046f3f7e6fc41464846f3f7e2fc0020bde8fe8f9df80830085c834218bf4ff4887be1d15078032808bf40f253
S34508016100032bdbd09df80010012802d1012915dc01e0022912dc012d10dc652e0edaa349002c18bf012c02d10a885a4506db022c18bf032c05d14988594502da4ff4807b98
S34508016140bce7fff75afe62438f187b7a012b0fd13978002918bf00280ad1ba8979892046f0f742ff5fea000918bf40f2052ba5d12046fff746fda7f80eb03d747e74bdf8f6
S3450801618002007882c7f814a020469df80010fff77efd9ee780490a185378ff2b70474046f3f7d9bc2de9f04100f057f8ff2500260746032f09dd4ff480712346002240464a
S345080161c0f3f703fd0020bde8f08106217248794301444a78ff2a08bf40f20121edd00a78944218bf4ff48871e7d14a78032a08bf40f20321e1d0a020664b78431c1894f8ff
S345080162009c00002804bf022a2070e078012818bf022810d18878f3f7fbff0546207a10b1012804d007e061788d4204d002e061788d4200d1012641463846f3f734fc207886
S345080162404146f3f730fc414600f061f860784146f3f729fcfff705ffb4e7044688464046f3f779bcf8b500f0a8f80546032d05dd4ff4807100f09cf80020f2bd06206843f0
S3450801628045490f187a78ff2a08bf40f20121f1d0085c864218bf4ff48871ebd1032a08bf40f20321e6d000f031f8787800f035f8a020384945430d442146a878f3f7f3fb89
S345080162c0e87800f02af8a88800f024f8e88800f021f8287a00f021f8687a00f01ef8688900f018f8a88900f015f8e88900f012f8287c00f012f8687c00f00ff8688a00f0f0
S3450801630009f868692146f3f733fbb5e721462846f3f7c9bb2146f3f73bbb2146f3f7c3bb70b500f04af80546042d05db4ff4807100f03ef8002070bd06206843fff72affbe
S3450801634008bf40f20121f3d0085c864218bf4ff48871edd1032b08bf40f20321e8d00f480178012908bf40f20a21e1d000212846fff78dfca0200749684308448289418977
S345080163802846f0f731fe0646fff7c0ff2146fff769fecfe708360020e4450020524700203d5b0108ab5b0108f75a010854470020334600222046f3f708bc06460c462046f7
S345080163c0f3f7c9bb545f48420000000054696d65725f4842435f53616665747900000000545f4d6f6e69746f72696e6700000000e40257070a0000000000000000000000c4
S3450801640000000000000000000000000000000000000000000000000000000000000000000000000000000000000000004b02a6030a0000000000000000000000000000004d
S34508016440000000000000000000000000000000000000000000000000000000000000000000000000000000007201a6030a00000000000000000000000000000000000000e7
S3450801648000000000000000000000000000000000000000000000000000000000000000000000000088016b060a0000000000000000000000000000000000000000000000c9
S345080164c00000000000000000000000000000000000000000000000000000000000000000b8016c000a0000000000000000000000000000000000000000000000000000005e
S345080165000000000000000000000000000000000000000000000000000000000088016c000a000000000000000000000000000000000000000000000000000000000000004d
S34508016540000000000000000000000000000000000000000000000000720157070a000000000000000000000000000000000000000000000000000000000000000000000031
S345080165800000000000000000000000000000000000000000e402a6030a00000000000000000000000000000000000000000000000000000000000000000000000000000033
S345080165c0000000000000000000000000000000002a02a6030a00000000000000000000000000000000000000000000000000000000000000000000000000000000000000ad
S34508016600000000000000000000000000d201a6030a0000000000000000000000000000000000000000000000000000000000000000000000000000000000000000000000c5
S3450801664000000000000000007201a6030a000000000000000000000000000000000000000000000000000000000000000000000000000000000000000000000000000000e5
S345080166800000000010036b060a000000000000000000000000000000000000000000000000000000000000000000000000000000000000000000000000000000000000003d
S345080166c070036c000a0000000000000000000000000000000000000000000000000000000000000000000000000000000000000000000000000000000000000010036c0023
S345080167000a00000000000000000000000000000000000000000000000000000000000000000000000000000000000000000000000000000000000000e40257070a000000f2
S3450801674000000000000000000000000000000000000000000000000000000000000000000000000000000000000000000000000000000000e402ce010a000000000000004b
S345080167800000000000000000000000000000000000000000000000000000000000000000000000000000000000000000000000004b02ce010a0000000000000000000000a4
S345080167c00000000000000000000000000000000000000000000000000000000000000000000000000000000000000000ee01ce010a000000000000000000000000000000c2
S34508016800000000000000000000000000000000000000000000000000000000000000000000000000000000007201ce010a00000000000000000000000000000000000000fd
S34508016840000000000000000000000000000000000000000000000000000000000000000000000000ee01ce010a000000000000000000000000000000000000000000000041
S3450801688000000000000000000000000000000000000000000000000000000000000000004b02ce010a000000000000000000000000000000000000000000000000000000a3
S345080168c000000000000000000000000000000000000000000000000000000000e402ce010a00000000000000000000000000000000000000000000000000000000000000ca
S34508016900000000000000000000000000000000000000000000000000ee01ce010a000000000000000000000000000000000000000000000000000000000000000000000080
S34508016940000000000000000000000000000000000000000010036b060a0000000000000000000000000000000000000000000000000000000000000000000000000000007a
S345080169800000000000000000000000000000000070036c000a00000000000000000000000000000000000000000000000000000000000000000000000000000000000000df
S345080169c000000000000000000000000010036c000a0000000000000000000000000000000000000000000000000000000000000000000000000000000000000000000000ff
S34508016a000000000000000000e40257070a000000000000000000000000000000000000000000000000000000000000000000000000000000000000000000000000000000f9
S34508016a4000000000e402ce010a0000000000000000000000000000000000000000000000000000000000000000000000000000000000000000000000000000000000000048
S34508016a802a02ce010a00000000000000000000000000000000000000000000000000000000000000000000000000000000000000000000000000000000000000d201ce0120
S34508016ac00a000000000000000000000000000000000000000000000000000000000000000000000000000000000000000000000000000000000000007201ce010a00000031
S34508016b0000000000000000000000000000000000000000000000000000000000000000000000000000000000000000000000000000000000d201ce010a000000000000009a
S34508016b400000000000000000000000000000000000000000000000000000000000000000000000000000000000000000000000002a02ce010a000000000000000000000001
S34508016b800000000000000000000000000000000000000000000000000000000000000000000000000000000000000000e402ce010a00000000000000000000000000000007
S34508016bc0000000000000000000000000000000000000000000000000000000000000000000000000000000007201ce010a000000000000000000000000000000000000003a
S34508016c0000000000000000000000000000000000000000000000000000000000000000000000000093026b060a000000000000000000000000000000000000000000000035
S34508016c4000000000000000000000000000000000000000000000000000000000000000004b026c000a00000000000000000000000000000000000000000000000000000042
S34508016c80000000000000000000000000000000000000000000000000000000002a026c000a0000000000000000000000000000000000000000000000000000000000000023
S34508016cc00000000000000000000000000000000000000000000000004b0251070a0000000000000000000000000000000000000000000000000000000000000000000000d6
S34508016d000000000000000000000000000000000000000000720147030a0000000000000000000000000000000000000000000000000000000000000000000000000000007d
S34508016d4000000000000000000000000000000000b9002c020a0000000000000000000000000000000000000000000000000000000000000000000000000000000000000013
S34508016d80000000000000000000000000b90047030a0000000000000000000000000000000000000000000000000000000000000000000000000000000000000000000000b7
S34508016dc00000000000000000720147030a000000000000000000000000000000000000000000000000000000000000000000000000000000000000000000000000000000bd
S34508016e0000000000b9002c020a0000000000000000000000000000000000000000000000000000000000000000000000000000000000000000000000000000000000000052
S34508016e40b90047030a00000000000000000000000000000000000000000000000000000000000000000000000000000000000000000000000000000000000000f7002c02d1
S34508016e800a00000000000000000000000000000000000000000000000000000000000000000000000000000000000000000000000000000000000000dc0011010a000000c1
S34508016ec000000000000000000000000000000000000000000000000000000000000000000000000000000000000000000000000000000000f70011010a0000000000000070
S34508016f00000000000000000000000000000000000000000000000000000000000000000000000000000000000000000000000000dc0011010a00000000000000000000004a
S34508016f400000000000000000000000000000000000000000000000000000000000000000000000000000000000000000f70011010a000000000000000000000000000000ef
S34508016f8000000000000000000000000000000000000000000000000000000000000000000000000000000000dc0011010a00000000000000000000000000000000000000ca
S34508016fc0000000000000000000000000000000000000000000000000000000000000000000000000f70011010a00000000000000000000000000000000000000000000006f
S345080170000000000000000000000000000000000000000000000000000000000000000000dc0011010a00000000000000000000000000000000000000000000000000000049
S3450801704000000000000000000000000000000000000000000000000000000000f7002c020a00000000000000000000000000000000000000000000000000000000000000d2
S34508017080000000000000000000000000000000000000000000000000dc0011010a0000000000000000000000000000000000000000000000000000000000000000000000c9
S345080170c00000000000000000000000000000000000000000f70083000a000000000000000000000000000000000000000000000000000000000000000000000000000000fd
S3450801710000000000000000000000000000000000dc0083000a00000000000000000000000000000000000000000000000000000000000000000000000000000000000000d7
S34508017140000000000000000000000000b90047030a0000000000000000000000000000000000000000000000000000000000000000000000000000000000000000000000f3
S345080171800000000000000000720147030a000000000000000000000000000000000000000000000000000000000000000000000000000000000000000000000000000000f9
S345080171c000000000b9002c020a000000000000000000000000000000000000000000000000000000000000000000000000000000000000000000000000000000000000008f
S34508017200b90047030a000000000000000000000000000000000000000000000000000000000000000000000000000000000000000000000000000000000000007201470375
S345080172400a00000000000000000000000000000000000000000000000000000000000000000000000000000000000000000000000000000000000000b9002c020a00000004
S3450801728000000000000000000000000000000000000000000000000000000000000000000000000000000000000000000000000000000000b90047030a00000000000000b2
S345080172c0000000000000000000000000000000000000000000000000000000000000000000000000000000000000000000000000f7002c020a000000000000000000000050
S345080173000000000000000000000000000000000000000000000000000000000000000000000000000000000000000000dc0011010a00000000000000000000000000000046
S3450801734000000000000000000000000000000000000000000000000000000000000000000000000000000000f7002c020a00000000000000000000000000000000000000cf
S34508017380000000000000000000000000000000000000000000000000000000000000000000000000f70011010a0000000000000000000000000000000000000000000000ab
S345080173c00000000000000000000000000000000000000000000000000000000000000000dc0011010a00000000000000000000000000000000000000000000000000000086
S3450801740000000000000000000000000000000000000000000000000000000000f7002c020a000000000000000000000000000000000000000000000000000000000000000e
S34508017440000000000000000000000000000000000000000000000000f70011010a0000000000000000000000000000000000000000000000000000000000000000000000ea
S345080174800000000000000000000000000000000000000000f7002c020a0000000000000000000000000000000000000000000000000000000000000000000000000000008e
S345080174c000000000000000000000000000000000f7002c020a000000000000000000000000000000000000000000000000000000000000000000000000000000000000004e
S34508017500000000000000000000000000f7002c020a00000000000000000000000000000000000000000000000000000000000000000000000000000000000000000000000d
S345080175400000000000000000dc0011010a00000000000000000000000000000000000000000000000000000000000000000000000000000000000000000000000000000004
S3450801758000000000b90032040a00000000000000000000000000000000000000000000000000000000000000000000000000000000000000000000000000000000000000c3
S345080175c0f70063000a00000000000000000000000000000000000000000000000000000000000000000000000000000000000000000000000000000000000000150163009f
S345080176000a00000000000000000000000000000000000000000000000000000000000000000000000000000000000000000000000000000000000000260163000a0000009d
S34508017640000000000000000000000000000000000000000000000000000000000000000000000000000000000000000000000000000000004a0163000a0000000000000043
S345080176800000000000000000000000000000000000000000000000000000000000000000000000000000000000000000000000007201d0000a00000000000000000000006e
S345080176c000000000000000000000000000000000000000000000000000000000000000000000000000000000000000002601d0000a0000000000000000000000000000007a
S34508017700000000000000000000000000000000000000000000000000000000000000000000000000000000005d01d0000a0000000000000000000000000000000000000002
S345080177400000000000000000000000000000000000000000000000000000000000000000000000001501d0000a00000000000000000000000000000000000000000000000a
S3450801778000000000000000000000000000000000000000000000000000000000000000004a01d0000a00000000000000000000000000000000000000000000000000000095
S345080177c0000000000000000000000000000000000000000000000000000000002601d0000a0000000000000000000000000000000000000000000000000000000000000079
S34508017800000000000000000000000000000000000000000000000000f70063000a0000000000000000000000000000000000000000000000000000000000000000000000d5
S345080178400000000000000000000000000000000000000000150163000a00000000000000000000000000000000000000000000000000000000000000000000000000000076
S3450801788000000000000000000000000000000000260163000a0000000000000000000000000000000000000000000000000000000000000000000000000000000000000025
S345080178c00000000000000000000000004a0163000a0000000000000000000000000000000000000000000000000000000000000000000000000000000000000000000000c1
S3450801790000000000000000007201d0000a000000000000000000000000000000000000000000000000000000000000000000000000000000000000000000000000000000eb
S3450801794000000000ee01d0000a000000000000000000000000000000000000000000000000000000000000000000000000000000000000000000000000000000000000002f
S34508017980d20161030a00000000000000000000000000000000000000000000000000000000000000000000000000000000000000000000000000000000000000f70063001d
S345080179c00a00000000000000000000000000000000000000000000000000000000000000000000000000000000000000000000000000000000000000150163000a000000eb
S34508017a0000000000000000000000000000000000000000000000000000000000000000000000000000000000000000000000000000000000260163000a00000000000000a3
S34508017a400000000000000000000000000000000000000000000000000000000000000000000000000000000000000000000000004a0163000a00000000000000000000003f
S34508017a8000000000000000000000000000000000000000000000000000000000000000000000000000000000000000007201d0000a0000000000000000000000000000006a
S34508017ac0000000000000000000000000000000000000000000000000000000000000000000000000000000002601d0000a0000000000000000000000000000000000000076
S34508017b000000000000000000000000000000000000000000000000000000000000000000000000005d01d0000a0000000000000000000000000000000000000000000000fe
S34508017b4000000000000000000000000000000000000000000000000000000000000000001501d0000a00000000000000000000000000000000000000000000000000000006
S34508017b80000000000000000000000000000000000000000000000000000000004a01d0000a0000000000000000000000000000000000000000000000000000000000000091
S34508017bc00000000000000000000000000000000000000000000000002601d0000a000000000000000000000000000000000000000000000000000000000000000000000075
S34508017c000000000000000000000000000000000000000000ee0163000a000000000000000000000000000000000000000000000000000000000000000000000000000000d9
S34508017c4000000000000000000000000000000000d20163000a00000000000000000000000000000000000000000000000000000000000000000000000000000000000000b5
S34508017c80000000000000000000000000b80163000a00000000000000000000000000000000000000000000000000000000000000000000000000000000000000000000008f
S34508017cc000000000000000009f0163000a00000000000000000000000000000000000000000000000000000000000000000000000000000000000000000000000000000068
S34508017d0000000000880186020a0000000000000000000000000000000000000000000000000000000000000000000000000000000000000000000000000000000000000019
S34508017d407201d0000a00000000000000000000000000000000000000000000000000000000000000000000000000000000000000000000000000000000000000ee010a00ae
S34508017d800a00000000000000000000000000000000000000000000000000000000000000000000000000000000000000000000000000000000000000ee0147020a00000068
S34508017dc0000000000000000000000000000000000000000000000000000000000000000000000000000000000000000000000000000000002601ab020a0000000000000096
S34508017e000000000000000000000000000000000000000000000000000000000000000000000000000000000000000000000000000b021a040a0000000000000000000000fe
S34508017e400000000000000000000000000000000000000000000000000000000000000000000000000000000000000000ee0186010a00000000000000000000000000000073
S34508017e8000000000000000000000000000000000000000000000000000000000000000000000000000000000b80107010a00000000000000000000000000000000000000e8
S34508017ec000000000000000000000000000000000000000000000000000000000000000000000000088010a010a0000000000000000000000000000000000000000000000d5
S34508017f0000000000000000000000000000000000000000000000000000000000000000007201df000a000000000000000000000000000000000000000000000000000000d6
S34508017f40000000000000000000000000000000000000000000000000000000005d01fc090a0000000000000000000000000000000000000000000000000000000000000085
S34508017f800000000000000000000000000000000000000000000000003701bb010a0000000000000000000000000000000000000000000000000000000000000000000000b4
S34508017fc000000000000000000000000000000000000000002601f4020a0000000000000000000000000000000000000000000000000000000000000000000000000000004b
S34508018000000000000000000000000000000000004b023e040a0000000000000000000000000000000000000000000000000000000000000000000000000000000000000098
S345080180400000000000000000000000000b0282010a000000000000000000000000000000000000000000000000000000000000000000000000000000000000000000000057
S345080180800000000000000000ee01f0000a000000000000000000000000000000000000000000000000000000000000000000000000000000000000000000000000000000c8
S345080180c000000000b801f3000a00000000000000000000000000000000000000000000000000000000000000000000000000000000000000000000000000000000000000bb
S34508018100880100010a000000000000000000000000000000000000000000000000000000000000000000000000000000000000000000000000000000000000007201fb0925
S345080181400a000000000000000000000000000000000000000000000000000000000000000000000000000000000000000000000000000000000000005d018c010a000000f1
S34508018180000000000000000000000000000000000000000000000000000000000000000000000000000000000000000000000000000000004a010b040a000000000000004c
S345080181c0000000000000000000000000000000000000000000000000000000000000000000000000000000000000000000000000720179010a000000000000000000000079
S345080182000000000000000000000000000000000000000000000000000000000000000000000000000000000000000000880168010a00000000000000000000000000000033
S3450801824000000000000000000000000000000000000000000000000000000000000000000000000000000000b8013b010a00000000000000000000000000000000000000f0
S34508018280000000000000000000000000000000000000000000000000000000000000000000000000ee01e7000a0000000000000000000000000000000000000000000000cf
S345080182c000000000000000000000000000000000000000000000000000000000000000000b02ce000a0000000000000000000000000000000000000000000000000000008a
S3450801830000000000000000000000000000000000000000000000000000000000ee0108010a000000000000000000000000000000000000000000000000000000000000002c
S345080183400000000000000000000000000000000000000000000000004b02c1050a0000000000000000000000000000000000000000000000000000000000000000000000d1
S345080183800000000000000000000000000000000000000000ba0218040a000000000000000000000000000000000000000000000000000000000000000000000000000000cc
S345080183c00000000000000000000000000000000093025f010a000000000000000000000000000000000000000000000000000000000000000000000000000000000000006f
S345080184000000000000000000000000004b02df020a0000000000000000000000000000000000000000000000000000000000000000000000000000000000000000000000f5
S3450801844000000000000000004a01c1050a000000000000000000000000000000000000000000000000000000000000000000000000000000000000000000000000000000d2
S3450801848000000000b801df020a0000000000000000000000000000000000000000000000000000000000000000000000000000000000000000000000000000000000000009
S345080184c08801ab050a000000000000000000000000000000000000000000000000000000000000000000000000000000000000000000000000000000000000001003ab0567
S345080185000a00000000000000000000000000000000000000000000000000000000000000000000000000000000000000000000000000000000000000720123040a0000007e
S34508018540000000000000000000000000000000000000000000000000000000000000000000000000000000000000000000000000000000004a01b4020a00000000000000e1
S345080185800000000000000000000000000000000000000000000000000000000000000000000000000000000000000000000000004a01a9000a0000000000000000000000ae
S345080185c000000000000000000000000000000000000000000000000000000000000000000000000000000000000000004a01ad000a0000000000000000000000000000006a
S34508018600000000000000000000000000000000000000000000000000000000000000000000000000000000007201f4060a00000000000000000000000000000000000000b4
S34508018640000000000000000000000000000000000000000000000000000000000000000000000000ee019e000a000000000000000000000000000000000000000000000054
S3450801868000000000000000000000000000000000000000000000000000000000000000002a02ad000a000000000000000000000000000000000000000000000000000000c8
S345080186c0000000000000000000000000000000000000000000000000000000004b02c7020a000000000000000000000000000000000000000000000000000000000000004b
S345080187000000000000000000000000000000000000000000000000002a02a1000a000000000000000000000000000000000000000000000000000000000000000000000053
S345080187400000000000000000000000000000000000000000ee01a5000a0000000000000000000000000000000000000000000000000000000000000000000000000000004c
S3450801878000000000000000000000000000000000b801be020a0000000000000000000000000000000000000000000000000000000000000000000000000000000000000027
S345080187c0000000000000000000000000ee01b2000a0000000000000000000000000000000000000000000000000000000000000000000000000000000000000000000000bf
S3450801880000000000000000002a02ab000a00000000000000000000000000000000000000000000000000000000000000000000000000000000000000000000000000000048
S3450801884000000000ee0123040a00000000000000000000000000000000000000000000000000000000000000000000000000000000000000000000000000000000000000c9
S34508018880b801b7020a000000000000000000000000000000000000000000000000000000000000000000000000000000000000000000000000000000000000009f015e012e
S345080188c00a00000000000000000000000000000000000000000000000000000000000000000000000000000000000000000000000000000000000000720124040a000000ba
S34508018900000000000000000000000000000000000000000000000000000000000000000000000000000000000000000000000000000000004a01c9020a0000000000000008
S345080189400000000000000000000000000000000000000000000000000000000000000000000000000000000000000000000000001501a2000a000000000000000000000026
S3450801898000000000000000000000000000000000000000000000000000000000000000000000000000000000000000004a01ae000a000000000000000000000000000000a5
S345080189c0000000000000000000000000000000000000000000000000000000000000000000000000000000007201e2060a0000000000000000000000000000000000000003
S34508018a00000000000000000000000000000000000000000000000000000000000000000000000000ee01ab000a000000000000000000000000000000000000000000000083
S34508018a4000000000000000000000000000000000000000000000000000000000000000002a02ad000a00000000000000000000000000000000000000000000000000000004
S34508018a80000000000000000000000000000000000000000000000000000000004b02b9020a0000000000000000000000000000000000000000000000000000000000000095
S34508018ac00000000000000000000000000000000000000000000000002a02a8000a000000000000000000000000000000000000000000000000000000000000000000000089
S34508018b000000000000000000000000000000000000000000ee01b1000a0000000000000000000000000000000000000000000000000000000000000000000000000000007c
S34508018b4000000000000000000000000000000000b801bb020a0000000000000000000000000000000000000000000000000000000000000000000000000000000000000066
S34508018b80000000000000000000000000ee0160010a00000000000000000000000000000000000000000000000000000000000000000000000000000000000000000000004c
S34508018bc000000000000000002a021d040a0000000000000000000000000000000000000000000000000000000000000000000000000000000000000000000000000000000f
S34508018c00000000002a02aa030a0000000000000000000000000000000000000000000000000000000000000000000000000000000000000000000000000000000000000042
S34508018c40a500ea010a00000000000000000000000000000000000000000000000000000000000000000000000000000000000000000000000000000000000000b900ea01a7
S34508018c800a00000000000000000000000000000000000000000000000000000000000000000000000000000000000000000000000000000000000000d000ea010a000000d6
S34508018cc000000000000000000000000000000000000000000000000000000000000000000000000000000000000000000000000000000000dc00ea010a0000000000000094
S34508018d00000000000000000000000000000000000000000000000000000000000000000000000000000000000000000000000000f700de030a000000000000000000000042
S34508018d400000000000000000000000000000000000000000000000000000000000000000000000000000000000000000f70061030a0000000000000000000000000000007f
S34508018d80000000000000000000000000000000000000000000000000000000000000000000000000000000001501ea010a0000000000000000000000000000000000000099
S34508018dc00000000000000000000000000000000000000000000000000000000000000000000000001501ea010a000000000000000000000000000000000000000000000059
S34508018e0000000000000000000000000000000000000000000000000000000000000000001501ea010a00000000000000000000000000000000000000000000000000000018
S34508018e40000000000000000000000000000000000000000000000000000000001501ea010a00000000000000000000000000000000000000000000000000000000000000d8
S34508018e80000000000000000000000000000000000000000000000000f700c6070a0000000000000000000000000000000000000000000000000000000000000000000000d5
S34508018ec000000000000000000000000000000000000000001501ea010a00000000000000000000000000000000000000000000000000000000000000000000000000000058
S34508018f00000000000000000000000000000000001501ea010a0000000000000000000000000000000000000000000000000000000000000000000000000000000000000017
S34508018f400000000000000000000000001501ea010a0000000000000000000000000000000000000000000000000000000000000000000000000000000000000000000000d7
S34508018f8000000000000000001501ea010a00000000000000000000000000000000000000000000000000000000000000000000000000000000000000000000000000000097
S34508018fc000000000f70043080a0000000000000000000000000000000000000000000000000000000000000000000000000000000000000000000000000000000000000016
S34508019000dc00ea010a00000000000000000000000000000000000000000000000000000000000000000000000000000000000000000000000000000000000000dc00ea0189
S345080190400a00000000000000000000000000000000000000000000000000000000000000000000000000000000000000000000000000000000000000dc00ea010a00000006
S3450801908000000000000000000000000000000000000000000000000000000000000000000000000000000000000000000000000000000000dc00ea010a00000000000000d0
S345080190c0000000000000000000000000000000000000000000000000000000000000000000000000000000000000000000000000d00061030a000000000000000000000023
S345080191000000000000000000000000000000000000000000000000000000000000000000000000000000000000000000d000de030a00000000000000000000000000000065
S3450801914000000000000000000000000000000000000000000000000000000000000000000000000000000000b900ea010a0000000000000000000000000000000000000032
S34508019180000000000000000000000000000000000000000000000000000000000000000000000000b900ea010a0000000000000000000000000000000000000000000000f2
S345080191c00000000000000000000000000000000000000000000000000000000000000000b900ea010a000000000000000000000000000000000000000000000000000000b2
S3450801920000000000000000000000000000000000000000000000000000000000b900ea010a0000000000000000000000000000000000000000000000000000000000000071
S34508019240000000000000000000000000000000000000000000000000a500d6070a000000000000000000000000000000000000000000000000000000000000000000000053
S345080192800000000000000000000000000000000000000000f7006d010a00000000000000000000000000000000000000000000000000000000000000000000000000000030
S345080192c000000000000000000000000000000000f70073000a00000000000000000000000000000000000000000000000000000000000000000000000000000000000000eb
S345080193000000000000000000000000001501ea010a000000000000000000000000000000000000000000000000000000000000000000000000000000000000000000000013
S345080193400000000000000000f700ea010a000000000000000000000000000000000000000000000000000000000000000000000000000000000000000000000000000000f2
S34508019380000000004a01ea010a000000000000000000000000000000000000000000000000000000000000000000000000000000000000000000000000000000000000005e
S345080193c03701de030a00000000000000000000000000000000000000000000000000000000000000000000000000000000000000000000000000000000000000f7006d01d6
S345080194000a00000000000000000000000000000000000000000000000000000000000000000000000000000000000000000000000000000000000000f70073000a0000009f
S34508019440000000000000000000000000000000000000000000000000000000000000000000000000000000000000000000000000000000001501ea010a00000000000000d2
S34508019480000000000000000000000000000000000000000000000000000000000000000000000000000000000000000000000000f700ea010a0000000000000000000000b1
S345080194c000000000000000000000000000000000000000000000000000000000000000000000000000000000000000007201ea010a000000000000000000000000000000f5
S34508019500000000000000000000000000000000000000000000000000000000000000000000000000000000004a01de030a00000000000000000000000000000000000000e6
S34508019540000000000000000000000000000000000000000000000000000000000000000000000000f7006d010a00000000000000000000000000000000000000000000006d
S345080195800000000000000000000000000000000000000000000000000000000000000000f70073000a00000000000000000000000000000000000000000000000000000028
S345080195c000000000000000000000000000000000000000000000000000000000ee01ea010a0000000000000000000000000000000000000000000000000000000000000078
S345080196000000000000000000000000000000000000000000000000009f01ea010a000000000000000000000000000000000000000000000000000000000000000000000086
S3450801964000000000000000000000000000000000000000004a016d010a00000000000000000000000000000000000000000000000000000000000000000000000000000018
S34508019680000000000000000000000000000000004a0173000a00000000000000000000000000000000000000000000000000000000000000000000000000000000000000d3
S345080196c00000000000000000000000003701ea010a00000000000000000000000000000000000000000000000000000000000000000000000000000000000000000000002e
S3450801970000000000000000001501ea010a0000000000000000000000000000000000000000000000000000000000000000000000000000000000000000000000000000000f
S3450801974000000000b8016d010a00000000000000000000000000000000000000000000000000000000000000000000000000000000000000000000000000000000000000a9
S34508019780b80173000a000000000000000000000000000000000000000000000000000000000000000000000000000000000000000000000000000000000000009f01ea01d9
S345080197c00a000000000000000000000000000000000000000000000000000000000000000000000000000000000000000000000000000000000000004a01ea010a00000010
S34508019800000000000000000000000000000000000000000000000000000000000000000000000000000000000000000000000000000000007201ea010a00000000000000b1
S345080198400000000000000000000000000000000000000000000000000000000000000000000000000000000000000000000000004a01f1020a000000000000000000000091
S3450801988000000000000000000000000000000000000000000000000000000000000000000000000000000000000000001501ce030a000000000000000000000000000000a8
S345080198c0000000000000000000000000000000000000000000000000000000000000000000000000000000003701ed030a0000000000000000000000000000000000000027
S345080199000000000000000000000000000000000000000000000000000000000000000000000000001501e4020a000000000000000000000000000000000000000000000012
S345080199400000000000000000000000000000000000000000000000000000000000000000f700f0000a000000000000000000000000000000000000000000000000000000e7
S3450801998000000000000000000000000000000000000000000000000000000000e900ea010a00000000000000000000000000000000000000000000000000000000000000ba
S345080199c0000000000000000000000000000000000000000000000000f700ea010a00000000000000000000000000000000000000000000000000000000000000000000006c
S34508019a0000000000000000000000000000000000000000001501de030a00000000000000000000000000000000000000000000000000000000000000000000000000000016
S34508019a40000000000000000000000000000000003701de030a00000000000000000000000000000000000000000000000000000000000000000000000000000000000000b4
S34508019a800000000000000000000000001501e4020a000000000000000000000000000000000000000000000000000000000000000000000000000000000000000000000091
S34508019ac00000000000000000f700f0000a00000000000000000000000000000000000000000000000000000000000000000000000000000000000000000000000000000066
S34508019b0000000000e900ea010a0000000000000000000000000000000000000000000000000000000000000000000000000000000000000000000000000000000000000038
S34508019b40f700ea010a000000000000000000000000000000000000000000000000000000000000000000000000000000000000000000000000000000000000001501de03f3
S34508019b800a000000000000000000000000000000000000000000000000000000000000000000000000000000000000000000000000000000000000001501de030a0000008b
S34508019bc0000000000000000000000000000000000000000000000000000000000000000000000000000000000000000000000000000000003701de030a0000000000000033
S34508019c000000000000000000000000000000000000000000000000000000000000000000000000000000000000000000000000005d01ea010a0000000000000000000000c2
S34508019c4000000000000000000000000000000000000000000000000000000000000000000000000000000000000000007201ea010a0000000000000000000000000000006d
S34508019c80000000000000000000000000000000000000000000000000000000000000000000000000000000005d01de030a000000000000000000000000000000000000004c
S34508019cc00000000000000000000000000000000000000000000000000000000000000000000000003701de030a000000000000000000000000000000000000000000000032
S34508019d0000000000000000000000000000000000000000000000000000000000000000001501ad050a00000000000000000000000000000000000000000000000000000042
S34508019d4000000000000000000000000000000000000000000000000000000000000100000100000001000000000000000001010000010001000101010000010000000001c8
S34508019d8000000101010000010101000100002142100021422000214230002142400021425000214260002142700021428000214290002142a0002142b0002142c0002142a6
S34508019dc0d0002142e0002142f000214200802142108021422080214230802142408021425080214260802142708021428080214290802142a0802142b0802142c080214224
S34508019e00d0802142e0802142f080214200002242100022422000224230002242400022425000224260002242700022428000224290002242a0002242b0002242c0002242d6
S34508019e40d0002242e0002242f000224204002142140021422400214234002142440021425400214264002142740021428400214294002142a4002142b4002142c4002142ec
S34508019e80d4002142e4002142f400214204802142148021422480214234802142448021425480214264802142748021428480214294802142a4802142b4802142c480214223
S34508019ec0d4802142e4802142f480214204002242140022422400224234002242440022425400224264002242740022428400224294002242a4002242b4002242c4002242d6
S34508019f00d4002242e4002242f400224208002142180021422800214238002142480021425800214268002142780021428800214298002142a8002142b8002142c8002142eb
S34508019f40d8002142e8002142f800214208802142188021422880214238802142488021425880214268802142788021428880214298802142a8802142b8802142c880214222
S34508019f80d8802142e8802142f880214208002242180022422800224238002242480022425800224268002242780022428800224298002242a8002242b8002242c8002242d5
S34508019fc0d8002242e8002242f80022420c0021421c0021422c0021423c0021424c0021425c0021426c0021427c0021428c0021429c002142ac002142bc002142cc002142eb
S3450801a000dc002142ec002142fc0021420c8021421c8021422c8021423c8021424c8021425c8021426c8021427c8021428c8021429c802142ac802142bc802142cc80214221
S3450801a040dc802142ec802142fc8021420c0022421c0022422c0022423c0022424c0022425c0022426c0022427c0022428c0022429c002242ac002242bc002242cc002242d4
S3450801a080dc002242ec002242fc0022428001214284012142880121428c0121429001214294012142980121429c012142a0012142a4012142a8012142ac012142b0012142d5
S3450801a0c0b4012142b8012142bc0121428081214284812142888121428c8121429081214294812142988121429c812142a0812142a4812142a8812142ac812142b0812142b1
S3450801a100b4812142b8812142bc8121428001224284012242880122428c0122429001224294012242980122429c012242a0012242a4012242a8012242ac012242b001224263
S3450801a140b4012242b8012242bc0122420001214204012142080121420c0121421001214214012142180121421c0121422001214224012142280121422c012142300121422d
S3450801a18034012142380121423c0121420081214204812142088121420c8121421081214214812142188121421c8121422081214224812142288121422c81214230812142f0
S3450801a1c034812142388121423c8121420001224204012242080122420c0122421001224214012242180122421c0122422001224224012242280122422c01224230012242a3
S3450801a20034012242380122423c012242b80132003200000000000000000000000000000000000000000000000000000000000000000000000000000000000000000000001b
S3450801a2400000000000000000000000000000f0bf000000000000008000000000000000800000000000000000000000c05294eebf00000048204e51be000000f86467bcbccd
S3450801a2800000000000000000000000208133edbf00000080b3db14be000000506706a3bc0000000000000000000000d0e9dcebbf00000008c39259be00000080b0d3b8bce9
S3450801a2c0000000000000000000000070f98feabf000000c0a51028be000000e8bfc0b0bc000000000000000000000070284ce9bf00000060134b42be000000c03d20b8bca5
S3450801a300000000000000000000000050fa10e8bf000000c05ff62bbe000000905c71a7bc000000000000000000000020fcdde6bf000000c0f8f154be00000018e9f6b9bc8a
S3450801a3400000000000000000000000d0c3b2e5bf00000070e43254be00000050db06b4bc000000000000000000000010ef8ee4bf00000020f36252be000000c02a879abc30
S3450801a3800000000000000000000000b02272e3bf000000f0e8e056be00000028352dbdbc0000000000000000000000000a5ce2bf000000b0fa8e41be00000040ae6fbdbcc5
S3450801a3c0000000000000000000000000564ce1bf000000f015cd5fbe00000000141c90bc000000000000000000000040bd42e0bf00000030f93457be000000e06c1e93bc98
S3450801a4000000000000000000000000e0f57ddebf000000b08a535ebe00000080da77aabc0000000000000000000000c09d81dcbf00000000ffa226be0000006057e2b0bc3b
S3450801a440000000000000000000000060f98fdabf000000580a8151be000000f05f60b8bc00000000000000000000000098a8d8bf000000607a7f45be000000d05433a3bc4e
S3450801a4800000000000000000000000600fcbd6bf000000d091cb40be000000406d1ba0bc0000000000000000000000a0fbf6d4bf00000098c5ce52be000000003a397ebc64
S3450801a4c00000000000000000000000e0fe2bd3bf0000004073872bbe00000000926879bc000000000000000000000040c069d1bf00000058f16353be00000080438d7cbc22
S3450801a500000000000000000000000080d85fcfbf000000181f8354be000000b03f42a2bc00000000000000000000008067fccbbf00000060faff53be00000050e00db8bce4
S3450801a54000000000000000000000000098a8c8bf000000607a7f35be000000c0543393bc000000000000000000000000dc63c5bf00000058d6ff54be00000000396490bc38
S3450801a5800000000000000000000000c0ad2dc2bf00000080a45915be000000e0484babbc0000000000000000000000801a0bbebf00000050bf3c5abe000000a0b364b6bc99
S3450801a5c000000000000000000000008004d6b7bf00000040bbcf36be0000008076cea8bc00000000000000000000008032bbb1bf000000402a0043be00000028c60cbdbcdb
S3450801a6000000000000000000000000009473a7bf000000182b3b59be000000c0e55da5bc000000000000000000000000ee4397bf000000a0e6c340be00000020958db5bc25
S3450801a64000000000000000000000000000000080000000000000008000000000000000800000000000000000c400f0000a000000000000000000000000000000000000008d
S3450801a6800000000000000000000000000000000000000000000000000000000000000000000000000601e4020a000000000000000000000000000000000000000000000094
S3450801a6c00000000000000000000000000000000000000000000000000000000000000000c400f0000a0000000000000000000000000000000000000000000000000000008d
S3450801a700000000000000000000000000000000000000000000000000000000008801e4020a0000000000000000000000000000000000000000000000000000000000000091
S3450801a7400000000000000000000000000000000000000000000000000601f0000a0000000000000000000000000000000000000000000000000000000000000000000000c9
S3450801a78000000000000000000000000000000000000000004a01ea010a0000000000000000000000000000000000000000000000000000000000000000000000000000004a
S3450801a7c0000000000000000000000000000000002601f0000a0000000000000000000000000000000000000000000000000000000000000000000000000000000000000029
S3450801a8000000000000000000000000004a01f0000a0000000000000000000000000000000000000000000000000000000000000000000000000000000000000000000000c4
S3450801a84000000000000000000601ea010a000000000000000000000000000000000000000000000000000000000000000000000000000000000000000000000000000000cd
S3450801a88000000000c400ea010a00000000000000000000000000000000000000000000000000000000000000000000000000000000000000000000000000000000000000d0
S3450801a8c00601ea010a00000000000000000000000000000000000000000000000000000000000000000000000000000000000000000000000000000000000000b801ea01a9
S3450801a9000a000000000000000000000000000000000000000000000000000000000000000000000000000000000000000000000000000000000000008801ea010a00000080
S3450801a940000000000000000000000000000000000000000000000000000000000000000000000000000000000000000000000000000000004a01f0000a0000000000000083
S3450801a9800000000000000000000000000000000000000000000000000000000000000000000000000000000000000000000000005d01f0000a000000000000000000000030
S3450801a9c000000000000000000000000000000000000000000000000000000000000000000000000000000000000000008801c8040a000000000000000000000000000000e9
S3450801aa0000000000000000000000000000000000000000000000000000000000000000000000000000000000dc005d020a00000000000000000000000000000000000000c2
S3450801aa4000000000000000000000000000000000000000000000000000000000000000000000000026017a030a000000000000000000000000000000000000000000000019
S3450801aa800000000000000000000000000000000000000000000000000000000000000000260122010a00000000000000000000000000000000000000000000000000000033
S3450801aac00000000000000000000000000000000000000000000000000000000026014e020a00000000000000000000000000000000000000000000000000000000000000c6
S3450801ab000000000000000000000000000000000000000000000000004a014e020a000000000000000000000000000000000000000000000000000000000000000000000061
S3450801ab40000000000000000000000000000000000000000072017a030a000000000000000000000000000000000000000000000000000000000000000000000000000000cc
S3450801ab8000000000000000000000000000000000720122010a00000000000000000000000000000000000000000000000000000000000000000000000000000000000000e6
S3450801abc000000000000000000000000072014e020a000000000000000000000000000000000000000000000000000000000000000000000000000000000000000000000079
S3450801ac00000000000000000072014e020a00000000000000000000000000000000000000000000000000000000000000000000000000000000000000000000000000000038
S3450801ac40000000004a014e020a0000000000000000000000000000000000000000000000000000000000000000000000000000000000000000000000000000000000000020
S3450801ac8072014e020a0000000000000000000000000000000000000000000000000000000000000000000000000000000000000000000000000000000000000088014e02df
S3450801acc00a0000000000000000000000000000000000000000000000000000000000000000000000000000000000000000000000000000000000000015014e020a000000cb
S3450801ad00000000000000000000000000000000000000000000000000000000000000000000000000000000000000000000000000000000004a014e020a000000000000005f
S3450801ad4000000000000000000000000000000000000000000000000000000000000000000000000000000000000000000000000026018b030a000000000000000000000005
S3450801ad80000000000000000000000000000000000000000000000000000000000000000000000000000000000000000038b5c74c4ff46a712046eff7b1fc022250206280f7
S3450801adc0cdf8000004f5a673c8a50122294604f5ce70eef729fb02205021a4f8d601009104f548730122294604f55c70eef71cfb31bdf8b506460f463846eef7acfe0446fd
S3450801ae003846eef7a8fe05463846eef797fe022cb8bffb2802da08b1022d08db4ff48071334600223846eef7d0fe0020f2bda8490a78012a18bf40f20a21f1d14ff4ea7147
S3450801ae404c43a2490a190d555080eee770b505460c462046eef77ffe0646022e08db4ff480712b4600222046eef7affe002070bd00f0aef818bf40f20a21f2d121463046c0
S3450801ae80eef711fe4ff4ea704643904da85d2146eef709fea81921464088eef779fde5e72de9ff41044688464046eef754fe0746022f0adb4ff48071234600224046eef765
S3450801aec084fe002004b0bde8f08100f081f818bf40f20a21f0d14ff4ea717c48794344182278012a0ed141460120eef7dcfd00f080f800f07ef800f078f800f076f84046e3
S3450801af00eef752fd0120002120726172616000f0f3f806464ff416716e487943451828e004eb001101f10c02009200990878e8b96068486000f0e0f80099801b8860e86ea8
S3450801af40eff7e2f90099888100220099bdf80e00c881012000990870694604f5ce70eff7a3fe00f039f8a4bf002060726088ebf7a7fe207a0028a4d001a93846ecf779ff5b
S3450801af8020780028607acbd118b941461420eef78afd60684146eef7ebfc00f0adf84146801beef7e5fce86eeff7aef9414680b2eef7eefcbdf80e004146eef7e9fc00f04d
S3450801afc00bf8d3db002060724046eef7edfccde73f480178012970476068401c6060607a401c6072c0b21428704741460020eef7cfbc41460020eef7bbbc38b500f071f805
S3450801b0000228a8bf4ff480710dda31490a78012a07d14ff4ea712d4a484310440023037203e040f20a2100f057f8002032bd7cb500f057f80646022e05db4ff4807100f04c
S3450801b0404bf8002076bdfff7c3ff18bf40f20a21f5d12846eef777fe29461420eef723fd4ff4ea701949464314240e4472885200694606f5ce70edf735ff0028294616d12d
S3450801b08000984068eef774fc009880682946eef76ffc009880892946eef77afc0098c0892946eef775fc0099002008700ae0fff7a1ff2946fff79eff2946fff797ff29467f
S3450801b0c0fff794ff641ed1d1bbe70000d02e002052470020202a0020234600222846eef774bd04460d462846eef735bd534753517565756530000000eff3108172b60248b9
S3450801b100006881f3108870478847002010b5f0f771fdf0f7c9fa0446f0f7e6fa2146f0f789fbeef70dfa00f015f900f019f900f020f900f029f90120ebf7f0fde7f760f812
S3450801b140faf78afcfff732fe00f04cf9002010bd30bffde7f8b586b001200590039000214ff44870049101900a254b4c4b4a02950094002347a104f54870eff715fb00f098
S3450801b180bef804f5717102930190009163a5444e00233246294604f60420eff705fb012000210590049101220a234ff4487004f2e46100f08af804f6a820eff7f5fa00f0a5
S3450801b1c09ef804f64c3102930190009141f28c1755a5344e00f09cf8002104910120059004f66c6100f081f841f2302500f062f800f065f841f2d42100f06ff841f614170a
S3450801b2004ca5294e00f084f800210491012041f2f451059004eb010100f067f841f6b81500f048f800f04bf841f65c2100f055f842f29c0742a51d4e00f06af800210120f2
S3450801b2400491059041f67c5101220a234ff44870214400f03af804f50550eff7a5fa0120002105900491202042f2e4110f220190214403920292009142f2042000230c4a65
S3450801b28032a12044eff790fa07b0bde8f040e7f7f6bc000063647000e8000020fb980008adb30108bbb30108c9b30108d7b3010851b10108012332466019eff775ba002194
S3450801b2c001200491059003907047039202930190009101233246294670470a234ff4487021440293019000917047009101220a234ff44870039202930190294670470120c3
S3450801b30000210590049103900a234ff448707047002332462946e019eff746ba6465766963655f305f0000006465766963655f315f0000006465766963655f325f0000003b
S3450801b3406465766963655f335f000000736c65657065720080b500f013f80f4a0f4905e080b500f00df80e4a0c490120eef705f901bd80b500f004f80a4a08490220f5e74a
S3450801b38000200090c823704780b5fff7f9ff064a02490320eae700009023002098b9010862240020342500200626002010b50446e1b20020eef756fafae710b50446e1b268
S3450801b3c00120eef74ffafae710b50446e1b20220eef748fafae710b50446e1b20320eef741fafae780b50d4800680d49884207d00a485ff0f031016000f016f800f064f826
S3450801b40006485ff0f031016006480068fff7a2fe02480021016000f099f801bde4000020f1f0f0f0604700202048214a10604ff0e0202049c0f8081d1f481e490968016093
S3450801b4404ff0e0201d4941614ff0070101610021c0f8181d1a49c0f81c1d1a49c0f8201d7047fee700b500f0bff800f0c9b800b500f0baf800f0e6f800f0c2b8fee7fee751
S3450801b48000b500f0b1f8edf70afd00f0b9b800b500f0aaf8edf707fd00f0b2b800b500f0a3f8eff7f3fa00f0abb80000344700206047002000200008644700203f19010046
S3450801b4c0000000ff0000ff4080b500f007f900f053f91248002101601148002101601148002101601048002101601048002101600f48002101600f48002101600e4800212f
S3450801b50001600e48002101600d48002101600d48002101600c480021016001bdb0470020b4470020b8470020bc470020c0470020c4470020d0470020d4470020d84700200a
S3450801b540dc470020c8470020cc47002072b64ff0e0204ff001010160016941f00101016162b600dfefbe70471c4801681c4a79b1eff3098c2ce9f00fc1f808c0dff864c050
S3450801b580dcf8005025b18d614ff00005ccf80050136893b103605c6804f101045c60dff844c09d69ccf80050d3f808c0bce8f00f8cf309886ff0020e704772b61368036039
S3450801b5c023b962b630bfbff36f8ff6e74ff000644ff0e025c5f8044d62b6dce7684700206c4700208c4700200448016801f1010101604df804ad4ff0000a7047e400002063
S3450801b6000c480168a1f101010160bde800440a48006800281dbf094909688142704708480068002802bf4ff080504ff0e021c1f8040d7047e40000206c470020684700204e
S3450801b640804700201e49086800f1010008601d4b1a68002a08d0a2f101021a60002a03d1194b4ff001001860184908680268002a04d0174b4ff001021a6008e000f1040059
S3450801b680144b1a68904201d1134b186808600e4b1a68002a03d10e49086800280fd04df804ed0b490868002801d000f0a7f8064b1a68002a01d000f039f95df804eb70479c
S3450801b6c0884700208c470020904700209c470020a0470020984700209447002080b51b48002101601a4800210160042200211948eef71efe184820210160184800210170c3
S3450801b700174b012008e05208491c94461cf0010ff9d019705b1c401cff2802d802000021f3e7802200210f48eef702fe0e48002101600e48002101600d48002101600d48dc
S3450801b740006850f0c5700b49086001bd684700206c470020784700207c4700209041002091410020e44400207047002074470020804700208447002080b51448002101603d
S3450801b780134800210160134800210160124800210160802200211148eef7cafd10480f49016010480d4901600f48104901600e480068001d0c4908600d48002101600d4827
S3450801b7c0002101600c480021016001bd884700208c47002090470020a047002064450020944700209c47002098470020e0450020ac470020a4470020a847002030b583b0f4
S3450801b800002400200190eff3108072b642490968002903d141490968002902d180f3108878e03d4901220a603d490968096800910099002902d0009900aa8a613849096877
S3450801b84000220a6036490968091d354a116034490968344a1268914203d13149324a12680a602e4900220a6080f31088eff3108072b619e00022aa6180f3108808000028b7
S3450801b88001d020008847eff3108072b6a96901aa914209d10021a96180f310882800eef741ffeff3108072b60099002928d0009d009909698d4202d1002100910ae0296966
S3450801b8c06a694a6169692a690a61296900aa8a61296900912968212907d3296820392960002101aaaa612d61c6e7a968ec686a682a602a68002abdd001aaaa612d61bbe777
S3450801b9000649096800297ff481af034900220a6080f3108837bd00bfac470020a04700209c470020984700209447002014480168eff3108072b6134a0023136000291bd059
S3450801b9400a6b002a18d1ca698a610a6a8a4210d0ca6acb6b9a420cd1ca6a0b4b096a43f822100a490968084a52f82110084a116002e08969074a116080f31088704700bffa
S3450801b9806847002090470020e44400207c4700206c4700208c470020300106001f7200083101000009740008710104006174000872010400e9740008320101003975000821
S3450801b9c033010100b575000834010200177600083501010071760008360101000177000837010d0075770008380101007b78000839010000dd7800083a010100f178000875
S3450801ba003b010200d57900083c010100237a00083d010100777a00083e010900cf7a00083f010100757b000873010000b17b0008400117000f5e010841010200b15f0108a3
S3450801ba4042010c006b60010843010100a56101084401010065620108450101002163010850013d00dd2c00086201020019310008630110007d3100086401140043320008e0
S3450801ba8067010e009b3300085101050051340008520101003938000860010100a7380008530105001d39000854011100e539000855010500d53a000856011100793b000858
S3450801bac0570106009d3c000858010100473d00085e010800ed3d00085f010500cf3e000859011200b13f000861011f00694200085a010100db4500085b0105003146000803
S3450801bb005c010100ab46000865010200cd470008660101006f480008680101000f4900085d01010093490008700102003d4e0008800112007f4a000881010100dd4b0008ca
S3450801bb40820101007b4c000891010600214d000892010200694d000893010600a74d000894010200e34d0008a0010400f3ad0108a10101004dae0108a2010100a1ae0108ac
S3450801bb80a3010100fbaf0108a40101002fb00108fb000100dba00008fc00010097a00008fd00ffff4b9d0008fe00010005a00008ff000100399f00080000ffff279f000892
S3450801bbc007050505050303030301010101010101010101010101010103030303050505050604040404020202020000000000000000000000000000000202020204040404aa
S3450801bc0000020202020404040406060606060606060606060606060604040404020202020103030303050505050707070707070707070707070707070505050503030303c1
S3450801bc400705050505010101010101010101010101010101010101010101010105050505060404040400000000000000000000000000000000000000000000000404040449
S3450801bc800002020202060606060606060606060606060606060606060606060602020202010303030307070707070707070707070707070707070707070707070303030321
S3450801bcc06419324c643f4c58644b535c6464646464646464645c534b64584c3f644c32196419324c643f4c58644b535c6464646464646464645c534b64584c3f644c321975
S3450801bd001cb51a4ca169eff74efee169a020eff74afe216aa120eff746fe616aa220eff742fea16aa320eff73efee16aa420eff73afe00200090009900985df82110203844
S3450801bd40c0b2eff730fe0098401c13280090f2d34ff0ff31064801604160064801604160054806492060216013bd00000ced00e080e100e080e200e00400fa050100fa05cf
S3450801bd800320bde70420bbe70520b9e70620b7e780b5c16eeff3108272b6836e002b34d0002932d00b68dff868c063452dd100238366036f984202d100238b620be0036f63
S3450801bdc08b62036fd0f874c0c3f874c0436fd0f870c0c3f870c0cb6a5b1ecb62036b052b13d10969002903d00b21c0f8841002e00a21c0f8841007490968491c054b1960ca
S3450801be0082f31088eff722fb01e082f3108801bd554555518047002080b5c16eeff3108272b6836e002b2dd000292bd00b68dff85cc0634526d100238366036f984202d1a3
S3450801be400023cb610be0036fcb61036fd0f874c0c3f874c0436fd0f870c0c3f870c00b6a5b1e0b62016b0d290cd11d21c0f8841007490968491c064b196082f31088eff7a2
S3450801be80e5fa01e082f3108801bd00bf4554554d8047002080b5c16eeff3108272b6836e002b2dd000292bd00b68dff85cc0634526d100238366036f984202d10023cb604c
S3450801bec00be0036fcb60036fd0f874c0c3f874c0436fd0f870c0c3f870c00b695b1e0b61016b06290cd10d21c0f8841007490968491c064b196082f31088eff7a7fa01e009
S3450801bf0082f3108801bd00bf414d455380470020f0b40246106895681318506803eb5004c0071cd54d441ae013f8017b05f8017b491ef9d198b113f8011bc6f38106032e80
S3450801bf4008bf13f8016b01eb06214942801c294405d011f8016b05f8016b401ef9d1a3420ed013f8016b16f0030104bf13f8011bc91c30090f28dbd113f8010b0f30d7e7af
S3450801bf80f0bc02f10c0070476c000000000000006c0000000000000010000000000000001100000000000000000000000000000013000000000000001400000000000000f0
S3450801bfc015000000000000007000000000000000b8013200320000000000000000000000000000000000000000000000000000000000000000000000000000000000000090
S3450801c000000000000000000000000000b8013200320000000000000000000000000000000000000000000000000000000000000000000000000000000000000000000000d4
S3450801c0400000000000000000b80132003200000000000000000000000000000000000000000000000000000000000000000000000000000000000000000000000000000094
S3450801c08000000000b8013200320000000000000000000000000000000000000000000000000000000000000000000000000000000000000000000000000000000000000054
S3450801c0c0b80132003200000000000000000000000000000000000000000000000000000000000000000000000000000000000000000000000000000000000000b801320029
S3450801c1003200000000000000000000000000000000000000000000000000000000000000000000000000000000000000000000000000000000000000b801320032000000a1
S3450801c14000000000000000000000000000000000000000000000000000000000000000000000000000000000000000000000000000000000b8013200320000000000000093
S3450801c180000000000000000000000000000000000000000000000000000000000000000000000000000000000000000000000000b801320032000000000000000000000053
S3450801c1c000000000000000000000000000000000000000000000000000000000000000000000000000000000000000001b001a004d0014000f003d00250027004800420078
S3450801c20031003a001e00440034005f0010001f002a002300010001000100010001000100010001000100010010b50b480468a06c616c8847eff3108072b60121216301217b
S3450801c240a16306490968491c044a116080f310882000eef7bff910bd684700208047002080b5eff3108172b6026b042a09d1094a1268521c074b1a6081f31088eff7e6f860
S3450801c28006e0826e81f310881100002900d0904701bd00bf8047002030b4002512e050f8042bd30744bf4a44521e091f042942f8045bfad213468c0744bf15809b1cc90736
S3450801c2c048bf1d7050f8041b0029e8d130bc704710b5074979441831064c7c44163404e00a68081d114488470146a142f8d110bd0800000024000000a1fffffffc460000cd
S3450801c300e80000200000000009fcffff6c0000002a010000000000200120c046002801d0fff7d6ffaff300800020aff30080fef7edfe00f000f800f001b8000007463846a1
S3450801c34000f002f8fbe7000080b5aff30080024a11001820abbefbe7260002000548014603b4684680f30988aff30080aff30080fff7d2ffa5edf5fe1018408c01089492d3
S3450801c38001089cda0008ac98010828aa0108f01c0108146d081037630108a8ec0008780d0108044501083c2b01083885010888fd0008d438010858c4000868a60108f47d6e
S3450801c3c0010880500108c07501080ca20108d0bf081002c00108480412840412c00412fc04100338c10108740412b004f20700011003080140000c041210041214041218e4
S3450801c40004121c04122004f1260112f001ffffffffffffffffffffffffffffffffffffffffffffffffffffffffffffffffffffffffffffffffffffffffffffffffffffff99
