S34508002000582a002031210008f9ff0008010601080b060108150601081f06010800000000000000000000000000000000b9000108fbff000800000000b9000108ebff0008a2
S34508002040e1ff0008e1ff0008e1ff0008e1ff0008e1ff0008e1ff0008e1ff0008e1ff0008e1ff0008e1ff0008e1ff0008e1ff0008e1ff0008e1ff0008e1ff0008e1ff0008d2
S34508002080e1ff0008e1ff0008e1ff00085dde0008d3dd0008e1ff0008e1ff0008e1ff0008e1ff0008e1ff0008e1ff0008e1ff0008e1ff0008e1ff0008e1ff0008e1ff000867
S345080020c0e1ff0008e1ff0008e1ff0008e5a7000899a90008e1ff000869ed0008e1ff0008e1ff0008e1ff0008e1ff0008e1ff0008e1ff0008e1ff0008e1ff0008e1ff0008ce
S34508002100e1ff0008e1ff0008e1ff0008e1ff0008e1ff0008e1ff0008e1ff0008e1ff0008e1ff0008e1ff0008e1ff0008e1ff00080249d1f800d00ef04dbc0000002000089e
S34508002140ffffffffffffffffffffffffffffffffcc325aa5002000082f0a010886d3e01c3030303030313732004e657747656e5f546865726d6f4379636c657200312e3018
S34508002180302e30312e313430320000ffffffffffffffffffffffffffffffffffffffffffffffffffffffffffffffffffffffffffffffffffffffffffffffffffffffffff92
S345080022000000964300009643000096430000964300009643000096430000964300009643000096430000964300009643000096430000964300009643000096430000964300
S3450800224000009643000096430000964300009643000096430000964300009643000096430000964300009643000096430000964300009643000096430000964300009643c0
S345080022800ae19543f2cb9443f8c0934374bf9243cdc6914377d69043f2ed8f43ca0c8f4393328e43ec5e8d4379918c43e6c98b43e7078b43324b8a4386938943a4e0884303
S345080022c0523288435b8887438ce28643b6408643ada28543470885435d718443cbdd83436f4d834327c08243d53582435dae8143a22981438ca7804300288043d3557f4387
S3450800230060607e43806f7d430a837c43d99a7b43c7b67a43b4d679437efa7843052278432d4d7743d87b7643ebad75434ce37443e31b74439657734350967243fbd771435e
S34508002340811c7143cd637043cead6f436ffa6e43a0496e434e9b6d436aef6c43e3456c43aa9e6b43b0f96a43e7566a4340b66943b0176943287b68439de06743034867430d
S345080023804eb16643721c6643668965431ef8644391686443b4da63437f4e6343e8c36243e73a624371b36143812d61430ca960430c26604379a45f434b245f437ba55e43a7
S345080023c002285e43daab5d43fc305d4361b75c43043f5c43dec75b43e9515b4321dd5a437e695a43fcf65943958559434515594306a65843d4375843a9ca5743815e574393
S3450800240058f356432a895643f11f5643aab7554351505543e2e9544358845443b11f5443e8bb5343fa585343e3f65243a09552432d35524388d55143ad765143981851430b
S3450800244047bb5043b85e5043e6025043cfa74f43704d4f43c6f34e43d09a4e438a424e43f1ea4d4303944d43be3d4d431fe84c4324934c43ca3e4c4310eb4b43f3974b436b
S3450800248071454b4387f34a4334a24a4376514a434a014a43afb14943a2624943231449432ec64843c2784843de2b48437fdf4743a59347434c48474374fd46431bb3464304
S345080024c03f694643df1f4643f9d645438c8e45439646454315ff444309b8444370714443492b444392e5434349a043436e5b4343ff164343fcd24243628f4243304c424353
S345080025006609424302c7414303854143684341432f02414358c14043e2804043cb40404312014043b6c13f43b7823f4314443f43ca053f43dac73e43428a3e43024d3e4399
S3450800254018103e4384d33d4345973d43595b3d43c01f3d437ae43c4384a93c43df6e3c438a343c4383fa3b43cbc03b435f873b43404e3b436d153b43e4dc3a43a6a43a43d4
S34508002580b16c3a4305353a43a1fd394384c63943ad8f39431d593943d2223943cbec384309b73843898138434d4c38435217384399e2374321ae3743e8793743f045374310
S345080025c036123743bbde36437eab36437e783643bb45364335133643e9e03543d9ae3543047d3543694b3543071a3543dfe83443efb7344337873443b75634436e26344391
S345080026005bf633437fc63343d8963343676733432b383343230933434eda3243aeab3243407d3243054f3243fd20324326f3314380c531430c983143c86a3143b43d314306
S34508002640d01031431ce4304396b730433f8b3043175f30431c3330434f073043b0db2f433db02f43f6842f43dc592f43ee2e2f432b042f4393d92e4326af2e43e3842e43fb
S34508002680ca5a2e43dc302e4317072e437bdd2d4308b42d43bd8a2d439b612d43a1382d43ce0f2d4323e72c439fbe2c4341962c430b6e2c43fa452c430f1e2c434af62b4353
S345080026c0abce2b4331a72b43db7f2b43aa582b439e312b43b50a2b43f0e32a434fbd2a43d2962a4377702a433f4a2a432a242a4337fe294366d82943b7b229432a8d294327
S34508002700be67294373422943491d294340f8284358d3284390ae2843e88928435f652843f7402843ad1c284383f8274378d427438cb02743be8c27430f6927437e45274340
S345080027400b222743b6fe26437edb264364b826436795264387722643c44f26431e2d2643940a264326e82543d5c525439fa3254385812543875f2543a53d2543dd1b2543ca
S3450800278031fa24439fd8244328b72443cc9524438a74244363532443553224436211244388f02343c8cf234321af2343948e2343206e2343c54d2343822d2343590d23435d
S345080027c048ed22434fcd22436ead2243a68d2243f66d22435d4e2243dc2e2243730f224321f02143e7d02143c3b12143b7922143c1732143e35421431b3621436917214389
S34508002800cef8204348da2043dabb2043819d20433d7f204310612043f8422043f62420430907204331e91f436ecb1f43c1ad1f4328901f43a4721f4335551f43da371f430b
S34508002840941a1f4362fd1e4344e01e433bc31e4345a61e4363891e43956c1e43db4f1e4334331e43a1161e4321fa1d43b4dd1d435bc11d4314a51d43e0881d43c06c1d43db
S34508002880b2501d43b6341d43ce181d43f7fc1c4333e11c4382c51c43e2a91c43548e1c43d9721c436f571c43173c1c43d1201c439d051c437aea1b4368cf1b4368b41b43df
S345080028c079991b439b7e1b43ce631b4312491b43672e1b43cd131b4344f91a43cbde1a4363c41a430baa1a43c48f1a438d751a43665b1a4350411a4349271a43530d1a438f
S345080029006cf3194396d91943cfbf194317a61943708c1943d87219434f591943d63f19436c261943110d1943c6f3184389da18435cc118433da818432e8f18432d76184385
S345080029403b5d184357441843832b1843bc12184305fa17435be11743c0c8174333b01743b5971743447f1743e26617438d4e1743473617430e1e1743e3051743c6ed1643db
S34508002980b6d51643b5bd1643c0a51643da8d164300761643345e164375461643c42e16432017164389ff1543ffe7154382d0154311b91543aea11543588a15430e7315438f
S345080029c0d15b1543a14415437e2d1543671615435cff14435ee814436cd1144387ba1443aea31443e18c1443207614436c5f1443c348144327321443961b144311051443b3
S34508002a0099ee13432cd81343cbc1134375ab13432b951343ed7e1343ba68134393521343783c1343672613436310134369fa12437be4124398ce1243c0b81243f3a21243db
S34508002a40318d12437b771243cf6112432e4c1243993612430e2112438d0b124318f61143ade011434dcb1143f8b51143ada011436d8b1143387611430c611143eb4b11431b
S34508002a80d5361143c9211143c70c1143d0f71043e2e21043ffcd104326b9104357a41043928f1043d77a1043266610437f511043e23c10434f281043c513104346ff0f435d
S34508002ac0d0ea0f4363d60f4301c20f43a8ad0f4358990f4313850f43d6700f43a35c0f437a480f435a340f4343200f43360c0f4332f80e4337e40e4345d00e435dbc0e436b
S34508002b007ea80e43a7940e43da800e43166d0e435b590e43a9450e4300320e43601e0e43c80a0e433af70d43b4e30d4337d00d43c3bc0d4357a90d43f5950d439a820d4328
S34508002b40496f0d43005c0d43bf480d4387350d4358220d43310f0d4312fc0c43fce80c43eed50c43e9c20c43ebaf0c43f69c0c430a8a0c4325770c4349640c4375510c4391
S34508002b80a83e0c43e42b0c4328190c4374060c43c9f30b4325e10b4389ce0b43f4bb0b4368a90b43e4960b4367840b43f2710b43865f0b43204d0b43c33a0b436d280b43ee
S34508002bc01f160b43d8030b4399f10a4362df0a4332cd0a430abb0a43e9a80a43d0960a43be840a43b3720a43b0600a43b54e0a43c03c0a43d32a0a43ee180a430f070a43d0
S34508002c0038f5094368e309439fd10943debf094323ae0943709c0943c48a09431e79094380670943e955094359440943d03209434e210943d20f09435efe0843f1ec084334
S34508002c408adb08432aca0843d1b808437fa7084333960843ef840843b17308437a620843495108431f400843fc2e0843df1d0843c90c0843b9fb0743b0ea0743aed907438c
S34508002c80b2c80743bcb70743cda60743e595074302850743277407435163074382520743b9410743f73007433b200743850f0743d5fe06432cee064388dd0643ebcc0643cd
S34508002cc054bc0643c4ab0643399b0643b58a0643367a0643be6906434c590643e04806437938064319280643bf1706436a0706431cf70543d4e6054391d6054354c605437d
S34508002d001eb60543eda50543c19505439c8505437d750543636505434f55054340450543383505433525054338150543400505434ef5044362e504437bd504439ac50443b7
S34508002d40bfb50443e9a50443189604434d86044388760443c86604430e57044359470443a9370443ff2704435a180443bb08044321f903438ce90343fdd9034373ca034348
S34508002d80efba03436fab0343f59b0343808c0343117d0343a76d0343415e0343e14e0343873f034331300343e1200343951103434f0203430ef30243d2e302439bd4024395
S34508002dc069c502433db6024315a70243f2970243d4880243bb790243a86a0243995b02438f4c02438a3d02438a2e02438e1f024398100243a7010243baf20143d2e30143c3
S34508002e00efd4014311c6014338b7014363a8014394990143c98a0143027c0143416d0143845e0143cc4f0143184101436a320143bf2301431a15014379060143ddf70043af
S34508002e4045e90043b2da004324cc00439abd004315af004394a0004318920043a08300432d750043be66004354580043ee4900438d3b0043302d0043d71e004383100043f8
S34508002e8033020043d0e7ff4243cbff42beaeff424192ff42ce75ff426259ff42003dff42a620ff425504ff420de8fe42cccbfe4295affe426693fe423f77fe42215bfe426a
S34508002ec00b3ffe42fe22fe42f906fe42fceafd4208cffd421cb3fd423897fd425d7bfd428a5ffd42bf43fd42fc27fd42410cfd428ff0fc42e4d4fc4242b9fc42a89dfc4267
S34508002f001682fc428c66fc420a4bfc42902ffc421e14fc42b4f8fb4251ddfb42f7c1fb42a5a6fb425a8bfb421770fb42dd54fb42a939fb427e1efb425b03fb423fe8fa4262
S34508002f402bcdfa421eb2fa421a97fa421d7cfa422761fa423946fa42532bfa427510fa429ef5f942cedaf94206c0f94246a5f9428d8af942db6ff9423155f9428e3af942d4
S34508002f80f31ff9425f05f942d3eaf8424dd0f842cfb5f842599bf842ea80f8428266f842214cf842c731f8427517f8422afdf742e6e2f742a9c8f74273aef7424594f74201
S34508002fc01d7af742fd5ff742e345f742d12bf742c611f742c2f7f642c4ddf642cec3f642dfa9f642f68ff6421576f6423a5cf6426642f6429a28f642d40ef64214f5f542e3
S345080030005cdbf542abc1f54200a8f5425c8ef542be74f542285bf5429841f5420f28f5428c0ef54211f5f4429bdbf4422dc2f442c5a8f442648ff4420976f442b55cf4422a
S345080030406743f442202af442df10f442a5f7f34272def34244c5f3421eacf342fd92f342e379f342d060f342c347f342bc2ef342bc15f342c2fcf242cee3f242e0caf24257
S34508003080f9b1f2421899f2423e80f2426967f2429b4ef242d335f242111df2425604f242a1ebf142f1d2f14248baf142a5a1f1420889f1427170f142e157f142563ff14292
S345080030c0d126f142530ef142daf5f04268ddf042fbc4f04295acf0423494f042d97bf0428463f042364bf042ed32f042aa1af0426c02f04235eaef4204d2ef42d8b9ef42dc
S34508003100b2a1ef429289ef427871ef426359ef425541ef424c29ef424811ef424bf9ee4253e1ee4261c9ee4275b1ee428e99ee42ad81ee42d169ee42fb51ee422b3aee42fb
S345080031406122ee429c0aee42dcf2ed4222dbed426ec3ed42bfabed421694ed42727ced42d464ed423b4ded42a735ed42191eed429106ed420eefec4290d7ec4218c0ec4285
S34508003180a5a8ec423891ec42d079ec426d62ec42104bec42b833ec42651cec421805ec42cfedeb428dd6eb424fbfeb4217a8eb42e490eb42b679eb428d62eb426a4beb42e4
S345080031c04c34eb42331deb421f06eb4210efea4206d8ea4202c1ea4203aaea420993ea42137cea422465ea42394eea425337ea427220ea429609ea42c0f2e942eedbe9424d
S3450800320021c5e94259aee9429797e942d980e942206ae9426c53e942be3ce9421426e9426f0fe942cff8e84233e2e8429dcbe8420cb5e8427f9ee842f787e8427471e842e3
S34508003240f65ae8427d44e842092ee8429917e8422e01e842c8eae74267d4e7420abee742b2a7e7425f91e742117be742c764e742824ee7424238e7420622e742cf0be74283
S345080032809df5e64270dfe64247c9e64222b3e642039de642e886e642d170e642bf5ae642b244e642a92ee642a518e642a502e642aaece542b3d6e542c1c0e542d4aae54207
S345080032c0eb94e542067fe5422669e5424a53e542733de542a127e542d211e54208fce44243e6e44282d0e442c5bae4420da5e442598fe442aa79e442ff63e442584ee4420b
S34508003300b538e4421723e4427e0de442e8f7e34257e2e342cacce34242b7e342bda1e3423d8ce342c276e3424a61e342d74be3426836e342fd20e342960be34234f6e24222
S34508003340d6e0e2427ccbe24226b6e242d4a0e242878be2423d76e242f860e242b74be2427a36e2424121e2420c0ce242dcf6e142afe1e14287cce14262b7e14242a2e142bc
S34508003380268de1420d78e142f962e142e94de142dd38e142d523e142d10ee142d0f9e042d4e4e042dccfe042e8bae042f8a5e0420b91e042237ce0423e67e0425e52e04228
S345080033c0813de042a928e042d413e04203ffdf4236eadf426dd5df42a7c0df42e6abdf422997df426f82df42b96ddf420759df425944df42ae2fdf42081bdf426506df429b
S34508003400c6f1de422bddde4293c8de42ffb3de426f9fde42e38ade425b76de42d661de42554dde42d838de425e24de42e80fde4276fbdd4208e7dd429dd2dd4236bedd4245
S34508003440d2a9dd427295dd421681dd42be6cdd426958dd421744dd42ca2fdd42801bdd423907dd42f6f2dc42b7dedc427bcadc4243b6dc420fa2dc42de8ddc42b079dc4222
S345080034808665dc426051dc423d3ddc421e29dc420215dc42ea00dc42d5ecdb42c4d8db42b6c4db42acb0db42a59cdb42a188db42a274db42a560db42ac4cdb42b638db422c
S345080034c0c424db42d610db42eafcda4202e9da421ed5da423dc1da425fadda428599da42ae85da42da71da420a5eda423d4ada427336da42ad22da42ea0eda422bfbd94240
S345080035006ee7d942b5d3d94200c0d9424eacd9429f98d942f384d9424a71d942a55dd942034ad9426536d942c922d942310fd9429cfbd8420ae8d8427cd4d842f1c0d84232
S3450800354069add842e499d8426286d842e472d842695fd842f14bd8427c38d8420a25d8429b11d84230fed742c8ead74263d7d74201c4d742a2b0d742469dd742ee89d742b5
S345080035809876d7424663d742f64fd742aa3cd7426129d7421b16d742d802d74298efd6425cdcd64222c9d642ebb5d642b7a2d642878fd642597cd6422f69d6420756d6427c
S345080035c0e342d642c12fd642a31cd6428709d6426ff6d54259e3d54246d0d54237bdd5422aaad5422197d5421a84d5421671d542155ed542174bd5421c38d5422425d54217
S345080036002f12d5423dffd4424eecd44261d9d44278c6d44291b3d442aea0d442cd8dd442ef7ad4421468d4423c55d4426642d442942fd442c41cd442f709d4422df7d3421c
S3450800364066e4d342a2d1d342e0bed34222acd3426699d342ad86d342f673d3424361d342924ed342e43bd3423929d3429016d342eb03d34248f1d242a8ded2420accd242fd
S3450800368070b9d242d8a6d2424394d242b081d242206fd242935cd242094ad2428237d242fd24d2427a12d242fbffd1427eedd14204dbd1428cc8d14218b6d142a5a3d1422e
S345080036c03691d142c97ed1425f6cd142f759d1429247d1423035d142d022d1427310d14219fed042c1ebd0426cd9d04219c7d042c9b4d0427ca2d0423190d042e97dd0420e
S34508003700a36bd0426059d0421f47d042e134d042a622d0426d10d04237fecf4203eccf42d2d9cf42a3c7cf4277b5cf424da3cf422691cf42017fcf42df6ccf42bf5acf42ee
S34508003740a248cf428736cf426f24cf425a12cf424600cf4236eece4227dcce421ccace4212b8ce420ba6ce420794ce420582ce420570ce42085ece420d4cce42153ace421d
S345080037801f28ce422c16ce423b04ce424cf2cd4260e0cd4276cecd428fbccd42aaaacd42c798cd42e786cd420975cd422d63cd425451cd427d3fcd42a92dcd42d71bcd42dc
S345080037c0070acd423af8cc426ee6cc42a6d4cc42dfc2cc421bb1cc42599fcc429a8dcc42dd7bcc42226acc426a58cc42b346cc42ff34cc424e23cc429e11cc42f1ffcb425c
S3450800380046eecb429edccb42f8cacb4254b9cb42b2a7cb421296cb427584cb42da72cb424161cb42ab4fcb42163ecb42842ccb42f51acb426709cb42dcf7ca4252e6ca42bf
S34508003840cbd4ca4247c3ca42c4b1ca4244a0ca42c58eca42497dca42d06bca42585aca42e248ca426f37ca42fe25ca428f14ca422203ca42b7f1c9424fe0c942e9cec9422c
S3450800388084bdc94222acc942c29ac9426489c9420978c942af66c9425755c9420244c942af32c9425e21c9420f10c942c2fec84277edc8422edcc842e7cac842a3b9c842b5
S345080038c060a8c8422097c842e185c842a574c8426a63c8423252c842fc40c842c82fc842961ec842660dc84238fcc7420cebc742e2d9c742bac8c74294b7c74270a6c7426e
S345080039004e95c7422e84c7421073c742f561c742db50c742c33fc742ad2ec742991dc742870cc74277fbc64269eac6425dd9c64253c8c6424bb7c64245a6c6424195c64258
S345080039403f84c6423e73c6424062c6424451c6424940c642512fc6425a1ec642660dc64273fcc54282ebc54293dac542a6c9c542bbb8c542d2a7c542eb96c5420586c54272
S345080039802275c5424064c5426153c5428342c542a731c542cd20c542f40fc5421effc4424aeec44277ddc442a6ccc442d7bbc4420aabc4423f9ac4427689c442ae78c442b6
S345080039c0e967c4422557c4426346c442a335c442e424c4422814c4426d03c442b4f2c342fde1c34248d1c34294c0c342e2afc342329fc342848ec342d87dc3422d6dc3420d
S34508003a00855cc342de4bc342383bc342952ac342f319c3425309c342b5f8c24219e8c2427ed7c242e5c6c2424eb6c242b8a5c2422595c2429384c2420274c2427463c24261
S34508003a40e752c2425c42c242d331c2424b21c242c510c2424100c242bfefc1423edfc142bfcec14241bec142c6adc1424c9dc142d38cc1425d7cc142e86bc142745bc14298
S34508003a80034bc142933ac142242ac142b819c1424d09c142e3f8c0427ce8c04216d8c042b1c7c0424fb7c042eea6c0428e96c0423086c042d475c0427a65c0422155c0428c
S34508003ac0ca44c0427434c0422024c042cd13c0427c03c0422df3bf42e0e2bf4294d2bf4249c2bf4200b2bf42b9a1bf427391bf422f81bf42ed70bf42ac60bf426c50bf4212
S34508003b002f40bf42f22fbf42b81fbf427f0fbf4247ffbe4211efbe42dddebe42aacebe4279bebe4249aebe421b9ebe42ee8dbe42c37dbe42996dbe42715dbe424a4dbe42f8
S34508003b40253dbe42022dbe42e01cbe42bf0cbe42a0fcbd4283ecbd4267dcbd424cccbd4233bcbd421cacbd42069cbd42f18bbd42de7bbd42cd6bbd42bd5bbd42ae4bbd420e
S34508003b80a13bbd42952bbd428b1bbd42830bbd427bfbbc4276ebbc4271dbbc426ecbbc426dbbbc426dabbc426e9bbc42718bbc42767bbc427c6bbc42835bbc428b4bbc4216
S34508003bc0963bbc42a12bbc42ae1bbc42bc0bbc42ccfbbb42ddebbb42f0dbbb4204ccbb4219bcbb4230acbb42499cbb42628cbb427d7cbb429a6cbb42b75cbb42d74cbb42d3
S34508003c00f73cbb42192dbb423c1dbb42610dbb4287fdba42afedba42d7ddba4202ceba422dbeba425aaeba42889eba42b88eba42e97eba421b6fba424f5fba42844fba42fd
S34508003c40ba3fba42f22fba422b20ba426510ba42a100ba42def0b9421ce1b9425cd1b9429dc1b942dfb1b94223a2b9426792b942ae82b942f572b9423e63b9428853b9424f
S34508003c80d343b9422034b9426e24b942bd14b9420e05b94260f5b842b3e5b84207d6b8425dc6b842b4b6b8420ca7b8426597b842c087b8421c78b8427968b842d858b8427f
S34508003cc03849b8429939b842fb29b8425e1ab842c30ab84229fbb74290ebb742f9dbb74263ccb742cdbcb7423aadb742a79db742168eb742857eb742f66eb742695fb7423c
S34508003d00dc4fb7425140b742c730b7423e21b742b611b7423002b742aaf2b64226e3b642a3d3b64222c4b642a1b4b64222a5b642a395b6422686b642ab76b6423067b6422b
S34508003d40b757b6423e48b642c738b6425129b642dc19b642690ab642f6fab54285ebb54215dcb542a6ccb54238bdb542cbadb5425f9eb542f58eb5428b7fb5422370b542fd
S34508003d80bc60b5425651b542f141b5428e32b5422b23b542ca13b5426904b5420af5b442ace5b4424fd6b442f3c6b44299b7b4423fa8b442e698b4428f89b442387ab44254
S34508003dc0e36ab4428f5bb4423c4cb442ea3cb442992db442491eb442fa0eb442adffb34260f0b34215e1b342cad1b34281c2b34238b3b342f1a3b342ab94b3426685b342cb
S34508003e002276b342de66b3429c57b3425c48b3421c39b342dd29b3429f1ab342620bb34226fcb242ececb242b2ddb24279ceb24242bfb2420bb0b242d6a0b242a191b24204
S34508003e406d82b2423b73b2420964b242d954b242a945b2427b36b2424d27b2422118b242f508b242cbf9b142a2eab14279dbb14252ccb1422bbdb14205aeb142e19eb1429f
S34508003e80bd8fb1429b80b1427971b1425962b1423953b1421a44b142fc34b142e025b142c416b142a907b1428ff8b04276e9b0425edab04247cbb04231bcb0421cadb0422f
S34508003ec0089eb042f58eb042e27fb042d170b042c161b042b152b042a343b0429534b0428825b0427d16b0427207b04268f8af425fe9af4257daaf4250cbaf4249bcaf4248
S34508003f0044adaf42409eaf423c8faf423980af423871af423762af423753af423844af423a35af423c26af424017af424508af424af9ae4250eaae4257dbae425fccae427d
S34508003f4068bdae4272aeae427d9fae428890ae429581ae42a272ae42b063ae42bf54ae42cf45ae42e036ae42f127ae420419ae42170aae422bfbad4240ecad4256ddad4268
S34508003f806ccead4284bfad429cb0ad42b5a1ad42cf92ad42ea83ad420675ad422266ad423f57ad425d48ad427c39ad429c2aad42bd1bad42de0cad4200feac4223efac428d
S34508003fc047e0ac426bd1ac4291c2ac42b7b3ac42dea4ac420696ac422e87ac425878ac428269ac42ad5aac42d94bac42053dac42322eac42611fac428f10ac42bf01ac4279
S34508004000eff2ab4221e4ab4253d5ab4285c6ab42b9b7ab42eda8ab42229aab42588bab428e7cab42c66dab42fe5eab423650ab427041ab42aa32ab42e523ab422115ab42bb
S345080040405e06ab429bf7aa42d9e8aa4218daaa4257cbaa4297bcaa42d8adaa421a9faa425c90aa429f81aa42e372aa422864aa426d55aa42b346aa42f937aa424129aa42d3
S34508004080891aaa42d20baa421bfda94265eea942b0dfa942fcd0a94248c2a94295b3a942e3a4a9423196a9428087a942d078a942216aa942725ba942c34ca942163ea94250
S345080040c0692fa942bd20a9421112a9426703a942bcf4a84213e6a8426ad7a842c2c8a8421abaa84274aba842cd9ca842288ea842837fa842df70a8423b62a8429853a842ad
S34508004100f644a8425436a842b327a8421319a842730aa842d4fba74236eda74298dea742fbcfa7425ec1a742c2b2a74227a4a7428c95a742f286a7425978a742c069a74272
S34508004140285ba742904ca742f93da742622fa742cd20a7423712a742a303a7420ff5a6427ce6a642e9d7a64257c9a642c5baa64234aca642a39da642148fa6428480a6421c
S34508004180f671a6426863a642da54a6424d46a642c137a6423529a642aa1aa6421f0ca64295fda5420befa54283e0a542fad1a54272c3a542ebb4a54264a6a542de97a54234
S345080041c05989a542d37aa5424f6ca542cb5da542484fa542c540a5424232a542c123a5423f15a542bf06a5423ef8a442bfe9a44240dba442c1cca44243bea442c5afa4422d
S3450800420048a1a442cc92a4425084a442d475a4425967a442df58a442654aa442eb3ba442732da442fa1ea4428210a4420b02a44294f3a3421de5a342a8d6a34232c8a3428c
S34508004240bdb9a34249aba342d59ca342618ea342ee7fa3427c71a3420a63a3429854a3422746a342b737a3424629a342d71aa342680ca342f9fda2428befa2421de1a242c9
S34508004280b0d2a24243c4a242d6b5a2426aa7a242ff98a242948aa242297ca242bf6da242555fa242ec50a2428342a2421b34a242b325a2424c17a242e508a2427efaa14262
S345080042c018eca142b2dda1424dcfa142e8c0a14283b2a1421fa4a142bc95a1425987a142f678a142936aa142315ca142d04da1426f3fa1420e31a142ae22a1424e14a142cc
S34508004300ee05a1428ff7a04230e9a042d2daa04274cca04217bea042baafa0425da1a0420193a042a584a0424976a042ee67a0429359a042394ba042df3ca042852ea04285
S345080043402c20a042d311a0427a03a04222f59f42cae69f4273d89f421cca9f42c5bb9f426ead9f42189f9f42c3909f426d829f4218749f42c4659f4270579f421c499f4202
S34508004380c83a9f42752c9f42221e9f42d00f9f427d019f422bf39e42dae49e4289d69e4238c89e42e7b99e4297ab9e42479d9e42f88e9e42a8809e425a729e420b649e42c0
S345080043c0bd559e426f479e4221399e42d42a9e42871c9e423a0e9e42edff9d42a1f19d4255e39d420ad59d42bfc69d4274b89d4229aa9d42df9b9d42958d9d424b7f9d422f
S3450800440002719d42b8629d426f549d4227469d42de379d4296299d424f1b9d42070d9d42c0fe9c4279f09c4232e29c42ecd39c42a6c59c4260b79c421aa99c42d59a9c42c9
S34508004440908c9c424b7e9c4206709c42c2619c427e539c423a459c42f6369c42b3289c42701a9c422d0c9c42eafd9b42a8ef9b4266e19b4224d39b42e2c49b42a1b69b4203
S345080044805fa89b421e9a9b42de8b9b429d7d9b425d6f9b421d619b42dd529b429d449b425e369b421e289b42df199b42a10b9b4262fd9a4224ef9a42e5e09a42a7d29a4258
S345080044c06ac49a422cb69a42efa79a42b1999a42748b9a42387d9a42fb6e9a42bf609a4282529a4246449a420a369a42cf279a4293199a42580b9a421dfd9942e2ee994237
S34508004500a7e099426cd2994232c49942f7b59942bda7994283999942498b9942107d9942d66e99429d609942645299422b449942f2359942b927994281199942480b99421b
S3450800454010fd9842d8ee9842a0e0984268d2984230c49842f9b59842c1a798428a999842538b98421c7d9842e56e9842ae60984277529842404498420a369842d427984273
S345080045809d199842670b984231fd9742fbee9742c6e0974290d297425ac4974225b69742f0a79742ba999742858b9742507d97421b6f9742e6609742b15297427d449742c0
S345080045c04836974214289742df199742ab0b974277fd964242ef96420ee19642dad29642a6c4964272b696423ea896420b9a9642d78b9642a37d9642706f96423c61964266
S3450800460009539642d5449642a23696426f2896423b1a9642080c9642d5fd9542a2ef95426fe195423cd3954209c59542d6b69542a3a89542709a95423d8c95420a7e9542e7
S34508004640d86f9542a5619542725395423f4595420d379542da289542a81a9542750c954242fe944210f09442dde19442abd3944278c5944245b7944213a99442e09a9442ba
S34508004680ae8c94427b7e94424970944216629442e4539442b14594427e3794424c299442191b9442e70c9442b4fe934281f093424fe293421cd49342e9c59342b6b7934251
S345080046c084a99342519b93421e8d9342eb7e9342b870934285629342525493421f469342ec379342b9299342861b9342530d93421fff9242ecf09242b9e2924285d4924225
S3450800470052c692421eb89242eba99242b79b9242838d92424f7f92421b719242e8629242b45492427f4692424b389242172a9242e31b9242ae0d92427aff914245f19142ac
S3450800474011e39142dcd49142a7c6914272b891423daa9142089c9142d38d91429d7f91426871914233639142fd549142c7469142913891425b2a9142251c9142ef0d914261
S34508004780b9ff904282f190424ce3904215d59042dec69042a8b8904271aa9042399c9042028e9042cb7f9042937190425b63904224559042ec469042b33890427b2a9042bc
S345080047c0431c90420a0e9042d2ff8f4299f18f4260e38f4227d58f42edc68f42b4b88f427aaa8f42409c8f42068e8f42cc7f8f4292718f4257638f421d558f42e2468f4233
S34508004800a7388f426c2a8f42301c8f42f50d8f42b9ff8e427df18e4241e38e4205d58e42c8c68e428cb88e424faa8e42129c8e42d48d8e42977f8e4259718e421b638e4247
S34508004840dd548e429f468e4261388e42222a8e42e31b8e42a40d8e4265ff8d4225f18d42e5e28d42a5d48d4265c68d4224b88d42e4a98d42a39b8d42628d8d42207f8d4270
S34508004880df708d429d628d425b548d4218468d42d6378d4293298d42501b8d420c0d8d42c9fe8c4285f08c4241e28c42fcd38c42b8c58c4273b78c422ea98c42e89a8c422c
S345080048c0a38c8c425d7e8c4216708c42d0618c4289538c4242458c42fb368c42b3288c426b1a8c42230c8c42dbfd8b4292ef8b4249e18b42ffd28b42b6c48b426cb68b42fc
S3450800490022a88b42d7998b428c8b8b42417d8b42f66e8b42aa608b425e528b4211448b42c5358b4278278b422a198b42dd0a8b428ffc8a4240ee8a42f2df8a42a3d18a425a
S3450800494053c38a4204b58a42b4a68a4264988a42138a8a42c27b8a42716d8a421f5f8a42cd508a427b428a4228348a42d5258a4281178a422e098a42dafa894285ec8942cc
S3450800498030de8942dbcf894285c189422fb38942d9a48942829689422b888942d47989427c6b8942245d8942cb4e89427240894219328942bf238942651589420a078942d9
S345080049c0aff8884254ea8842f8db88429ccd884240bf8842e3b0884285a2884228948842c98588426b7788420c698842ac5a88424d4c8842ec3d88428c2f88422b218842ff
S34508004a00c91288426704884205f68742a2e787423ed98742dbca874277bc874212ae8742ad9f874247918742e28287427b74874214668742ad57874245498742dd3a8742c3
S34508004a40742c87420b1e8742a20f874237018742cdf2864262e48642f6d586428ac786421eb98642b1aa8642449c8642d68d8642677f8642f87086428962864219548642b6
S34508004a80a945864238378642c7288642551a8642e20b864270fd8542fcee854288e0854214d285429fc385422ab58542b4a685423d988542c68985424f7b8542d76c85425a
S34508004ac05e5e8542e54f85426b418542f132854276248542fb1585427f07854203f9844286ea844208dc84428acd84420cbf84428db084420da284428d9384420c85844243
S34508004b008b7684420968844286598442034b8442803c8442fb2d8442761f8442f11084426b028442e5f383425de58342d6d683424dc88342c4b983423bab8342b19c8342fd
S34508004b40268e83429b7f83420f71834282628342f553834267458342d93683424a288342ba1983422a0b834299fc824208ee824276df8242e3d082424fc28242bbb382421c
S34508004b8027a5824291968242fb87824265798242ce6a8242365c82429d4d8242043f82426a308242d02182423513824299048242fcf581425fe78142c1d8814223ca814234
S34508004bc083bb8142e4ac8142439e8142a28f8142008181425d728142ba6381421655814271468142cc378142262981427f1a8142d80b814230fd804287ee8042dddf8042df
S34508004c0033d1804288c28042dcb380422fa5804282968042d487804226798042766a8042c65b8042154d8042643e8042b12f8042fe2080424b12804296038042c1e97f42e1
S34508004c4055cc7f42e8ae7f4278917f4208747f4296567f4222397f42ad1b7f4236fe7e42bde07e4244c37e42c8a57e424b887e42cd6a7e424c4d7e42cb2f7e4247127e4299
S34508004c80c3f47d423cd77d42b4b97d422a9c7d429f7e7d4212617d4284437d42f4257d4262087d42ceea7c4239cd7c42a3af7c420b927c4271747c42d5567c4238397c42f8
S34508004cc0991b7c42f8fd7b4256e07b42b2c27b420ca57b4265877b42bc697b42114c7b42652e7b42b7107b4207f37a4255d57a42a2b77a42ed997a42367c7a427e5e7a427e
S34508004d00c3407a4207237a4249057a428ae77942c8c9794205ac7942408e79427a707942b1527942e73479421b1779424df978427ddb7842acbd7842d99f7842038278427d
S34508004d402c64784254467842792878429c0a7842beec7742dece7742fbb0774217937742327577424a57774260397742751b774287fd764298df7642a7c17642b3a376424f
S34508004d80be857642c7677642ce497642d32b7642d70d7642d8ef7542d7d17542d4b37542d0957542c9777542c0597542b63b7542a91d75429aff74428ae1744277c3744260
S34508004dc062a574424c87744233697442184b7442fc2c7442dd0e7442bcf0734299d2734274b473424d96734224787342f9597342cc3b73429c1d73426bff724238e1724212
S34508004e0002c37242caa472429086724254687242164a7242d62b7242940d72424fef714208d17142c0b271427594714227767142d857714287397142331b7142ddfc7042e2
S34508004e4085de70422ac07042cea170426f8370420e657042ab46704246287042de09704274eb6f4208cd6f4299ae6f4229906f42b6716f4240536f42c9346f424f166f4255
S34508004e80d3f76e4254d96e42d4ba6e42509c6e42cb7d6e42435f6e42b9406e422d226e429e036e420de56d4279c66d42e4a76d424b896d42b16a6d42144c6d42742d6d42fb
S34508004ec0d30e6d422ff06c4288d16c42dfb26c4233946c4286756c42d5566c4223386c426d196c42b6fa6b42fcdb6b423fbd6b42809e6b42be7f6b42fa606b4234426b4264
S34508004f006b236b429f046b42d1e56a4201c76a422da86a4258896a42806a6a42a54b6a42c82c6a42e80d6a4205ef694220d0694239b169424e926942627369427254694236
S34508004f40803569428c16694294f768429bd868429eb968429f9a68429d7b6842995c6842913d6842881e68427bff67426ce067425ac1674246a267422e836742146467422f
S34508004f80f8446742d8256742b606674291e766426ac866423fa96642128a6642e26a6642af4b66427a2c6642420d664207ee6542c9ce654288af654244906542fe70654202
S34508004fc0b5516542693265421a136542c8f3644274d464421cb56442c29564426476644204576442a13764423b186442d3f8634267d96342f8b96342869a6342127b634283
S345080050009a5b6342203c6342a21c634222fd62429edd624218be62428e9e6242027f6242735f6242e03f62424b206242b200624216e1614278c16142d6a16142318261428f
S345080050408a626142df4261423123614280036142cbe3604214c460425aa460429c846042db646042174560425025604286056042b9e55f42e8c55f4215a65f423e865f4215
S3450800508064665f4286465f42a6265f42c2065f42dbe65e42f1c65e4203a75e4212875e421e675e4227475e422d275e422f075e422ee75d4229c75d4221a75d4216875d4216
S345080050c008675d42f6465d42e1265d42c8065d42ace65c428dc65c426ba65c4244865c421b665c42ee455c42be255c428a055c4253e55b4219c55b42dba45b4299845b42aa
S3450800510054645b420c445b42c0235b4271035b421ee35a42c7c25a426da25a4210825a42af615a424a415a42e2205a4277005a4207e0594294bf59421e9f5942a47e5942ea
S34508005140265e5942a53d5942201d594298fc58420cdc58427cbb5842e89a5842517a5842b65958421839584276185842d0f7574226d7574279b65742c7955742127557421c
S345080051805a5457429d335742dd12574219f2564252d1564286b05642b78f5642e36e56420c4e5642312d5642530c564270eb55428aca55429fa95542b1885542bf6755428e
S345080051c0c9465542cf255542d1045542cfe35442c9c25442c0a15442b2805442a05f54428b3e5442711d544253fc534231db53420cba5342e2985342b477534282565342a8
S345080052004c35534212145342d4f2524292d152424cb05242018f5242b36d5242604c5242092b5242ae0952424fe85142ebc6514284a5514218845142a862514234415142e5
S34508005240bb1f51423ffe5042bedc504238bb5042af995042217850428f565042f93450425e135042bff14f421cd04f4274ae4f42c88c4f42176b4f4262494f42a9274f42ef
S34508005280eb054f4229e44e4263c24e4298a04e42c87e4e42f55c4e421c3b4e423f194e425ef74d4278d54d428eb34d429f914d42ac6f4d42b44d4d42b72b4d42b6094d4277
S345080052c0b0e74c42a6c54c4297a34c4284814c426b5f4c424f3d4c422d1b4c4207f94b42dcd64b42adb44b4278924b423f704b42024e4b42bf2b4b4278094b422ce74a4251
S34508005300dcc44a4286a24a422c804a42cd5d4a42693b4a4200194a4292f6494220d44942a9b149422c8f4942ab6c4942254a49429a2749420a05494276e24842dcbf484276
S345080053403d9d4842997a4842f15748424335484290124842d8ef47421bcd474259aa474292874742c6644742f54147421f1f474243fc464263d946427db646429293464203
S34508005380a2704642ad4d4642b22a4642b3074642aee44542a3c14542949e45427f7b4542655845424635454221124542f8ee4442c8cb444294a844425a8544421a62444231
S345080053c0d63e44428b1b44423cf84342e7d443428cb143422c8e4342c76a43425c474342ec23434276004342fadc424279b94242f295424266724242d54e42423d2b424268
S34508005400a0074242fee3414255c04142a79c4142f47841423a5541427b314142b70d4142ece940421cc6404246a240426a7e4042885a4042a1364042b4124042c1ee3f4236
S34508005440c8ca3f42c9a63f42c4823f42b95e3f42a93a3f4292163f4276f23e4254ce3e422baa3e42fd853e42c8613e428e3d3e424e193e4207f53d42bad03d4268ac3d425c
S345080054800f883d42b0633d424b3f3d42e01a3d426ef63c42f7d13c4279ad3c42f5883c426a643c42da3f3c42431b3c42a6f63b4203d23b4259ad3b42a9883b42f2633b42c0
S345080054c0363f3b42721a3b42a9f53a42d9d03a4202ac3a4225873a4242623a42583d3a4268183a4271f3394273ce39426fa9394265843942535f39423c3a39421d15394288
S34508005500f8ef3842ccca38429aa5384261803842215b3842da3538428d10384239eb3742dec537427ca03742137b3742a45537422d303742b00a37422ce53642a1bf364211
S345080055400f9a364276743642d64e36422f29364281033642ccdd354210b835424d923542836c3542b2463542d9203542fafa344213d5344225af34423089344233633442eb
S345080055802f3d34422417344212f13342f9ca3342d8a43342b07e334280583342493233420b0c3342c5e5324277bf324223993242c6723242624c3242f725324284ff3142f1
S345080055c00ad9314288b23142fe8b31426d653142d43e3142331831428bf13042daca304223a43042637d30429c563042cc2f3042f508304216e22f422fbb2f4241942f423d
S345080056004a6d2f424b462f42451f2f4236f82e4220d12e4201aa2e42da822e42ac5b2e4275342e42360d2e42efe52d429fbe2d4248972d42e86f2d4280482d4210212d423a
S3450800564097f92c4216d22c428daa2c42fc822c42625b2c42bf332c42150c2c4261e42b42a6bc2b42e1942b42146d2b423f452b42611d2b427bf52a428ccd2a4294a52a42aa
S34508005680937d2a428a552a42782d2a425d052a423add29420eb52942d88c29429b642942543c294204142942abeb284249c32842df9a28426b722842ee492842692128429a
S345080056c0daf8274242d02742a1a72742f67e274243562742862d2742c0042742f1db264218b32642368a26424b61264256382642580f264250e625423fbd25422494254286
S34508005700006b2542d34125429b1825425aef244210c62442bc9c24425e732442f64924428420244209f7234284cd2342f5a323425c7a2342ba5023420d27234256fd224253
S3450800574096d32242cba92242f67f2242175622422e2c22423b0222423ed8214236ae214224842142085a2142e22f2142b105214276db204230b12042e0862042855c20424f
S3450800578020322042b107204237dd1f42b2b21f4223881f42895d1f42e4321f4234081f427add1e42b5b21e42e5871e420a5d1e4225321e4234071e4238dc1d4232b11d4254
S345080057c020861d42035b1d42db2f1d42a8041d426ad91c4221ae1c42cc821c426c571c42002c1c428a001c4208d51b427aa91b42e17d1b423d521b428d261b42d1fa1a42c0
S345080058000acf1a4237a31a4258771a426e4b1a42771f1a4275f3194268c719424e9b1942286f1942f7421942b916194270ea18421abe1842b89118424a651842d038184288
S34508005840490c1842b7df174217b317426c861742b4591742f02c17421f00174242d3164258a61642627916425e4c16424f1f164232f2154209c51542d3971542906a15424b
S34508005880403d1542e30f154279e2144202b514427e871442ed5914424f2c1442a3fe1342ead0134224a3134251751342704713428219134286eb12427dbd1242668f124263
S345080058c0426112420f331242d004124282d6114226a81142bd791142464b1142c11c11422eee10428cbf1042dd90104220621042543310427a04104292d50f429ba60f42eb
S3450800590096770f4283480f4261190f4230ea0e42f1ba0e42a38b0e42475c0e42dc2c0e4262fd0d42d9cd0d42419e0d429a6e0d42e43e0d421f0f0d424bdf0c4268af0c42f3
S34508005940767f0c42744f0c42631f0c4242ef0b4212bf0b42d38e0b42845e0b42252e0b42b7fd0a4239cd0a42ab9c0a420d6c0a425f3b0a42a20a0a42d4d90942f6a8094273
S34508005980087809420a470942fc150942dde40842aeb308426e8208421e510842bd1f08424cee0742cabc0742378b074294590742df2707421af6064243c406425c92064288
S345080059c063600642592e06423efc054211ca0542d39705428465054223330542b10005422cce0442969b0442ef680442353604426a0304428cd003429c9d03429a6a034286
S34508005a00863703426004034227d10242dc9d02427f6a02420e3702428b030242f6cf01424d9c014292680142c4340142e2000142eecc0042e7980042cc6400429e3000421c
S34508005a40b8f8ff410e90ff413d27ff4144befe412455fe41ddebfd416d82fd41d618fd4117affc412f45fc411fdbfb41e670fb418506fb41fb9bfa414831fa416bc6f9411b
S34508005a80655bf94136f0f841dc84f8415919f841acadf741d441f741d2d5f641a569f6414efdf541cc90f5411e24f54145b7f441404af44110ddf341b46ff3412c02f341e5
S34508005ac07794f2419626f24189b8f1414e4af141e7dbf041526df04190feef41a08fef418320ef4137b1ee41bd41ee4115d2ed413e62ed4139f2ec410482ec41a011ec414b
S34508005b000da1eb414a30eb4158bfea41354eea41e2dce9415e6be941aaf9e841c587e841ae15e84167a3e741ee30e74143bee641664be64156d8e5411465e541a0f1e441be
S34508005b40f97de4411e0ae4411096e341cf21e34159ade241b038e241d2c3e141c04ee14178d9e041fc63e0414aeedf416378df414602df41f38bde416a15de41aa9edd41e8
S34508005b80b327dd4185b0dc412039dc4183c1db41af49db41a2d1da415d59da41dfe0d9412868d94139efd8410f76d841acfcd7410f83d7413709d741258fd641d814d64152
S34508005bc0509ad5418c1fd5418da4d4415129d441daadd3412532d34134b6d241053ad24199bdd141ef40d14107c4d041e146d0417bc9cf41d74bcf41f3cdce41cf4fce416d
S34508005c006cd1cd41c852cd41e3d3cc41bd54cc4156d5cb41ad55cb41c3d5ca419555ca4125d5c9417254c9417cd3c8414252c841c4d0c741014fc741f9ccc641ac4ac6419f
S34508005c401ac8c5414245c54123c2c441be3ec44112bbc3411e37c341e2b2c2415f2ec24193a9c1417d24c1411f9fc0417619c0418493bf41470dbf41bf86be41ebffbd419e
S34508005c80cc78bd4160f1bc41a869bc41a3e1bb415059bb41b0d0ba41c147ba4183beb941f634b9411aabb841ed20b8416f96b741a10bb7418180b6410ff5b5414b69b54135
S34508005cc034ddb441c950b4410ac4b341f836b34190a9b241d31bb241c08db14157ffb0419670b0417fe1af411052af4148c2ae412732ae41ada1ad41d910ad41aa7fac4108
S34508005d0020eeab413b5cab41f9c9aa415b37aa415fa4a9410611a9414e7da84136e9a741c054a741e9bfa641b12aa6411895a5411dffa441bf68a441fed1a341d93aa3416e
S34508005d4050a3a241610ba2410d73a14152daa0413041a041a6a79f41b40d9f4159739e4194d89d41643d9d41c9a19c41c3059c414f699b416fcc9a41202f9a41639199415f
S34508005d8036f39841995498418bb597410b16974119769641b3d59541d93495418b939441c6f193418b4f9341d9ac9241af0992410c669141efc19041571d904144788f41b0
S34508005dc0b4d28e41a72c8e411c868d4112df8c4187378c417c8f8b41efe68a41e03d8a414c94894134ea8841963f884172948741c6e88641923c8641d38f85418be2844125
S34508005e00b63484415586834166d78241e8278241da7781413bc780410a1680418bc87e41d9637d41fcfd7b41f2967a41b82e79414cc57741ab5a7641d3ee7441c1817341e8
S34508005e4074137241e8a370411b336f410ac16d41b24d6c4112d96a4127636941eceb67416173664182f964414c7e6341bc016241d083604185045f41d7835d41c4015c4152
S34508005e80487e5a4161f958410b73574144eb55410762544152d75241224b514172bd4f41402e4e41899d4c41480b4b417b7749411de247412c4b4641a3b244417e184341a9
S34508005ec0bb7c414155df3f4148403e41909f3c4129fd3a411059394140b33741b50b36416b6234415eb73241880a3141e65b2f4174ab2d412cf92b410b452a410b8f2841f3
S34508005f0028d726415c1d2541a4612341f9a3214158e41f41ba221e411b5f1c4176991a41c5d1184102081741283c1541326e1341199e1141d8cb0f4169f70d41c6200c41b3
S34508005f40e9470a41cc6c0841688f0641b8af0441b3cd024155e900412a05fe40dc32fa40b05bf640997ff240889eee406eb8ea403ccde640e4dce24055e7de4080ecda4016
S34508005f8055ecd640c3e6d240bbdbce402acbca4001b5c6402c99c2409b77be403a50ba40f922b640c2efb14084b6ad402b77a940a231a540d5e5a040af939c401b3b984004
S34508005fc003dc934051768f40ee098b40c4968640bb1c824075377b4055277240e3086940ecdb5f403da056409f554d40dcfb4340bd923a40081a314083912740f3f81d40d4
S345080060001b501440bd960a4098cc0040d9e2ed3fee09da3fe60dc63f36eeb13f4faa9d3f9e41893f1c67693f09ff3f3fc849163f2c8cd83e51e5833e6471ba3d000000002b
S345080060400000000000000000000000000000000000000000000000000000000000000000000000000000000000000000000000000000000000000000000000000000000012
S3450800608000000000000000000000000000000000000000000000000000000000000000000000000000000000000000000000000000000000000000000000000000000000d2
S345080060c00000000000000000000000000000000000000000000000000000000000000000000000000000000000000000000000000000000000000000000000000000000092
S345080061000000000000000000000000000000000000000000000000000000000000000000000000000000000000000000000000000000000000000000000000000000000051
S345080061400000000000000000000000000000000000000000000000000000000000000000000000000000000000000000000000000000000000000000000000000000000011
S3450800618000000000000000000000000000000000000000000000000000000000000000000000000000000000000000000000000000000000000000000000000000000000d1
S345080061c00000000000000000000000000000000000000000000000000000000000000000000000000000000000000000000000000000000000000000000000000000000091
S3450800620080b5002240f22551dff8500e03f002fddff84c0e407e002802d000f00bf801e000f0e1fa012240f22551dff8300e03f0f1fc01bd10b503f059fddff8280e007891
S34508006240002825d0022800f09e803ad3042800f0d380c0f0c580062800f00281c0f0e680082800f05181c0f011810a2800f08581c0f056810c2800f0b181c0f08a810e2869
S3450800628000f0f481c0f0d0810f2800f02d8253e20021002003f0abfe0021012003f0a7fe0021022003f0a3fedff8d80c002180f85410dff8b00d0078401cdff8a81d08709d
S345080062c042e2dff89c0d00210176dff8b80c4069dff8b41c04f068f803d8dff8840d02210176dff8a00c006bdff8a01c04f05cf803d8dff86c0d04210176002419e0dff8b4
S34508006300840c4069e4b2dff87c1c11eb8401c96904f05cf804f0def831f0004101225ff0804304f0fff803d8dff8340d03210176641ce4b2052ce2d3dff8240d007e012891
S3450800634013d3dff8200d00210170dff8140d002141760024e4b2062c14d2e4b2dff8000d002140f82410641cf4e703f02cfe0021092003f03cfedff8ec0c0078401cdff881
S34508006380e41c0870e0e1dff8fc0b90f85400c9281ed2dff8f00b90f854001430dff8e41b81f85400dff8dc0b90f85410002003f01efedff8d00b90f85410012003f017fec6
S345080063c0dff8c00b90f85410022003f010fe06e0dff8900c0078401cdff8881c0870b3e10521002004f0b6f8dff8780c0078401cdff8701c0870a7e10021012003f0c2fcbd
S34508006400dff85c1c08600021022003f0bbfcdff8501c48600621002004f09cf8dff8440c0078401cdff83c1c08708de10021032003f0a8fcdff8281c88600021042003f0ca
S34508006440a1fcdff81c1cc8600721002004f082f8dff8100c0078401cdff8081c087073e10021052003f08efcdff8f41b08610021062003f087fcdff8e81b4861dff8e40bde
S345080064800078401cdff8dc1b08705de1dff8f40a90f8540015281ed3dff8e80a90f854001438dff8e01a81f85400dff8d80a90f85410002003f09bfddff8c80a90f8541023
S345080064c0012003f094fddff8bc0a90f85410022003f08dfd17e00021002003f088fd0021012003f084fd0021022003f080fddff8940a002180f85410dff8680b0078401c18
S34508006500dff8601b08701fe10721092003f06ffddff8500b0078401cdff8481b087013e1dff8600a90f85400c9281ed2dff8540a90f854001430dff84c1a81f85400dff8f3
S34508006540440a90f85410002003f051fddff8340a90f85410012003f04afddff8280a90f85410022003f043fd06e0dff8f80a0078401cdff8f01a0870e6e00521002003f0e1
S34508006580e9ffdff8e00a0078401cdff8d81a0870dae00721012003f0f5fbdff8c41a096804f0bafcdff8b81a08600721022003f0e9fb0100dff8a80a406804f0adfcdff881
S345080065c0a01a48600621002003f0c4ffdff8940a0078401cdff88c1a0870b5e00721032003f0d0fb0100dff8780a806804f094fcdff86c1a88600721042003f0c3fb010049
S34508006600dff85c0ac06804f087fcdff8541ac8600721002003f09effdff8480a0078401cdff8401a08708fe00721052003f0aafb0100dff82c0a006904f06efcdff8201a4b
S3450800664008610721062003f09dfb0100dff8100a406904f061fcdff8081a4861dff8040a0078401cdff8fc1908706de0dff8140990f8540015281ed3dff8080990f8540010
S345080066801438dff8001981f85400dff8f80890f85410002003f0abfcdff8e80890f85410012003f0a4fcdff8dc0890f85410022003f09dfc17e00021002003f098fc0021aa
S345080066c0012003f094fc0021022003f090fcdff8b408002180f85410dff888090078401cdff8801908702fe000240ee0e4b2dff8700950f824005ff0804104f04ffce4b21a
S34508006700dff85c1941f82400641ce4b2062cedd30021092003f06bfcdff86808002180f8551000f012f8dff83c0900210170dff830090021417607e0dff82409002141765e
S34508006740dff820090021017010bd1cb500a80021002206c0083800240de0dff8040901210176601c8df80000002200a94ff4827005f09af9641ce4b2032c33d2e4b2dff81c
S34508006780e00810ebc4004068002103f00dfee4d2e4b2dff8cc0850f83400e4b26100dff8c02812eb8101496804f0f8fb0100dff8400c006805f050fd06d30800dff8341c47
S345080067c0096805f049fdd5d2dff8940801210176601c8df80000002200a94ff4827005f063f9c7e713bd80b5dff878080078401cdff870180870dff86c080078012813d155
S34508006800dff8f40b007800280ed0dff8f01bdff8e80b407804f05afadff8dc0b00210170dff8400864210170dff838080078401e20d0401e39d0401e68d0401e00f0de805f
S34508006840401e00f01881401e00f04881401e00f07c81401e00f09081401e00f0a481401e00f0ab815a38052840f2b081801f00f0ae81b1e103f03afa0021002003f06afe40
S345080068800021012003f066fedff8000e90f90800002801d000f07cfbdff8e80690f90b00002801d000f05eff9ae1002004f04ef9002804d0012004f049f900281ad100f090
S345080068c059fe00f0cefadff8a40c8079002811d1dff89c0c002101700222dff8941c40f2011005f0e1f8dff8840c8079401cdff87c1c88710121002003f02cfe012101205e
S3450800690003f028fe0d2003f0e8fa69e10121012003f0fcf9dff8a81c096a05f0affcdff8a01c896b04f0f8fadff85816c8610221012003f0ebf9dff8881cc96905f09efcd9
S34508006940dff87c1c496b04f0e7fadff8381648610321012003f0daf9dff8641c496a05f08dfcdff85c1cc96b04f0d6fadff8141608620121002003f0c9f9dff8441c896add
S3450800698005f07cfcdff8381c096c04f0c5fadff8f41548620221002003f0b8f9dff8201cc96a05f06bfcdff8181c496c04f0b4fadff8d01588620321002003f0a7f9dff840
S345080069c0001c096b05f05afcdff8f41b896c04f0a3fadff8b015c8620221012003f0bafd0521002003f0b6fd0d2003f085fadff8d41b08600c2003f070faf1e00121012038
S34508006a0003f084f9dff8841c48610221012003f02efadff8781c08630321012003f042fadff8681c4863dff85c0590f85510012003f0a8f9dff84c154866dff8480590f89d
S34508006a405510022003f09ef9dff8381588660321012003f07ffd0621002003f07bfd0c2003f04afadff85c1b48600b2003f035fa00f0fafab4e00121012003f047f9dff814
S34508006a8004150863dff8fc0490f85510032003f079f9dff8f014c866dff8e80490f85510042003f06ff9dff8dc1408670421012003f050fd0721002003f04cfd0b2003f062
S34508006ac01bfadff8001b88600e2003f006fa00f097fc01f0c1fe00f051ff81e00121012003f0aaf9dff89c1488650221012003f0a3f9dff89014c8650321012003f09cf90f
S34508006b00dff880140866dff87c0490f85510052003f038f9dff86c144867dff8680490f85510062003f02ef9dff8581488670e2003f0e2f9dff88c1ac8600f2003f0cdf9b0
S34508006b4001f066f801f0b4fe4ae00221002003f001fd0f2003f0d0f9dff8681a4861002003f0bbf902f04cf9dff8180490f85410002003f03cfa33e00121002003f0c6f89e
S34508006b80dff8081bc861002003f0b6f9dff8341a086101f0e5fedff8ec0390f85410012003f025fa1ce002f0f5f9dff8d80390f85410022003f01bfa12e001f0f3ff02f030
S34508006bc099fadff8a0040021017009e008e0dff894040021017003e0dff888040021017001bd80b501224ff48071dff8680b05f01afc01224ff40071dff8580b05f013fc89
S34508006c0000224ff48071dff84c0b05f00cfc00224ff40071dff83c0b05f005fc01224ff48071dff8300b05f0fefb01224ff40071dff8200b05f0f7fb03f0c5f900210720cb
S34508006c4003f0d5f90021002003f0d1f90021012003f0cdf90021022003f0c9f90021032003f0c5f90021042003f0c1f90021052003f0bdf90021092003f0b9f9072108203f
S34508006c8003f0b5f9012003f08cf904f07df802f06bfcdff82c0900210175dff8240900214175dff81c0900218175dff84c0700210170dff8d80900210172dff8d009dff8aa
S34508006cc0981ac160dff8c409dff88c1a0161dff8bc09dff8841a4161dff8b00900210162dff8a80900218162dff8a0090021c162dff8980900214187dff89009002180f8af
S34508006d003810dff88809002180f83c10dff87c09002180f84510dff8740900210163dff86c090021416397480021c1729548dff8281ac1609348dff8201a01619148dff834
S34508006d40181a41618f48dff8101a81618d48002141638c480021c1648a48002141648948002101658748002180f855108548002180f8541083480021a0f87e108148002140
S34508006d8080f87c107f48002180f880107d48002180f895107b48002181657a480021c165784800210166002006e0c0b2754911eb800100224a66401cc0b20628f5d37148b1
S34508006dc0002180f89610dff8880b00210170dff8800b00214170dff87c0b1e210170dff8780b64210170dff8740b96210170002002f00efd012002f00bfd022002f008fde9
S34508006e0098480021017001f029fa01f075fa944800210176002005e0c0b29149002241f82020401cc0b20628f6d38d4800214176dff8bc05dff8281b0160dff8b805dff80e
S34508006e40241b01600022dff8201bdff8200b05f0f7fa0022dff8181bdff8a00d05f0f0fa01bd80b5dff82408002180f83c10dff81c08002180f84510dff81008dff8d8183f
S34508006e800161dff80808dff8d018c160dff8fc0700210172dff82807007d00280ad001220021dff81c07806802f0bafadff81007002101750121dff8b40a05f0f5fa01bdfe
S34508006ec030b587b00c000025dff8c01702680a60dff8b81740684860dff8b0070068dff8ac17c96805f01efb3cd0dff8a0070121017203a8019006a8009004ab02aa05a94e
S34508006f00dff8680a05f01cfb0298002804d00121dff8580a05f038fb5ff0ff31dff84c0a05f032fbdff86407408f002803d0dff85c07458f0ae0dff8240801210175dff891
S34508006f401c088068401cdff814188860dff83c0740692060dff83407806a1421b0fbf1f0606005e0dff824074069206000206060dff81807002180f83810280080b207b018
S34508006f8030bd0000a41b0020010096420100204280b5dff8f80600218162dff8f006012180f83c10dff8e406012180f83810dff8dc0600214187dff8d406dff8d016496995
S34508006fc00161012002f024fc022002f021fcdff8bc060068dff8b416c96805f0a3fa2dd0dff8a806dff8a4160968c160dff89c064068dff80c1c03f0d1ffdff890160862e9
S34508007000dff888064069dff88416c96805f024f90ad2dff87806012180f84510dff86c06dff8e01b416213e0dff86006022180f84510dff858060021416209e0dff84c0677
S34508007040072180f845100121dff8200905f02cfadff838060021017201bd000000440040c4200020422200207cb500a80021002206c008380026dff8e8064069dff8881b2d
S3450800708005f0eaf807d3dff8d8064069dff87c1b03f08af938d8dff8c80690f84000052828d3dff8bc0690f84000052831d100208df80000dff8a80690f93800002805d0b2
S345080070c0dff89c0640f20231418705e0012200a940f2023004f0e8fc0126dff8840690f84000401cdff8781681f84000002002f058ff0ee0dff8680690f84000401cdff88e
S34508007100601681f8400004e0dff85406002180f84010dff84c0690f83c00012850d1dff8400690f8450002284ed0dff834060069dff82c16496903f049f903f0cbf931f059
S34508007140004102000b0014001d00dff81406406a03f0c0f922002b0005f05cfa2bd2dff80006c08fb0f5966f1dd300208df80000dff8ec0590f93800002805d0dff8e005f9
S3450800718040f20131418705e0012200a940f2013004f08afc0126dff8c805c08f401cdff8c015c88710e0dff8b805c08f401cdff8b015c88708e0dff8a8050021c18703e0c4
S345080071c0dff89c050021c187dff89405c069dff8381a05f041f807d3dff88405c069dff82c1a03f0e1f838d8dff8740590f84400052828d3dff8680590f84400052831d1d1
S3450800720000208df80000dff8580590f93800002805d0dff84c0540f20631418705e0012200a940f2063004f03ffcdff8340590f84400401cdff8281581f8440001260020b8
S3450800724002f0affe0ee0dff8180590f84400401cdff80c1581f8440004e0dff80405002180f84410dff8f80490f83c00012864d1dff8ec04406903f02df90022dff8503cee
S3450800728005f0e0f905f052fa0400dff8d404406903f020f90022dff83c3c05f0d3f905f045fa0200dff8b804c069210004f0d4ff06d31000dff8a814c96904f0cdff37d2c6
S345080072c0dff89c04b0f84200b0f5966f26d3dff89004b0f84200b0f5966f2ed100208df80000dff87c0490f93800002805d0dff8700440f20731418705e0012200a940f264
S34508007300073004f0d1fbdff85804b0f84200401cdff84c14a1f8420001260ee0dff84004b0f84200401cdff83814a1f8420004e0dff82c040021a0f84210dff82404c06a2a
S34508007340dff84c1c03f030f847d8dff81404006b5ff07c5104f080ff39d2dff8040490f841000a2829d3dff8f803406bdff8581c03f01af802d840f2033001e040f2053068
S3450800738000218df80010dff8d81391f93810002903d0dff8cc13488704e0012200a980b204f082fb0126dff8b80390f84100401cdff8ac1381f8410014e0dff8a40390f879
S345080073c04100401cdff8981381f841000ae0dff89003002180f8411004e0dff88403002180f84110f6b2002e01d0fff73afd73bdac210020b02100208421002086210020ce
S3450800740080b5dff85c0390f83c00012866d1d44890f84500002806d0012805d002282ad0072857d057e056e0cd480169cc48006a03f072fdca490861c9480069c849c9684c
S3450800744002f0b2ff11d8c648c549c9680161c448072180f84510c248dff8701b41620121dff8080505f020f804e0bd48806a401cbb4988622fe0ba48c068b949096902f0e4
S3450800748093ff04d8b648b649c968016107e0b4480069b349096a02f099ffb1490861b048c068af49496902f07fff0dd8ac48072180f84510aa48dff8141b41620121dff87c
S345080074c0ac0404f0f1ff04e0a548806a401ca449886200e0ffe701f059f802e0a0480021c16201bd9e49c96801609d49096941609b49496981609a49c969c1609849c96af5
S3450800750001619749096b41619549496b8161944991f845100177704780b500f02bf88f48407d002810d0022200218c48c06801f077ff8a4800214175dff838040121417666
S34508007540dff83404002101708448807d00280bd0642005f033f9032200218048006901f05fff7e480021817501bd0000982100209021002080b5dff8580a002180f8801049
S34508007580dff84c0a002180f89510dff8440a72490161dff83c0a7049c160dff8340a6e498161dff82c0a0021c1720021072002f01efd0121dff8a00c04f076ff01bd0000e9
S345080075c04c1e00203421002070b588b00c000025dff8fc19ce68dff8f81902680a60dff8f01942684a60dff8e81900890881dff8e00900218172dff8d8090121c17203a868
S34508007600019006a8009004ab02aa05a9dff8ec0504f096ff0298002804d00121dff8dc0504f0b2ff5ff0ff31dff8d00504f0acffdff89c09b0f87e00002804d0dff8900926
S34508007640b0f87e500ee0dff88809c068310004f069ff07d04148012141754048c068401c3e49c860dff8680940692060dff86009c06c1421b0fbf1f06060dff854090021d5
S3450800768080f87c10280080b208b070bd981e002070b588b00c000025dff83419ce68dff8301902680a60dff8281940684860dff8200900210181dff8180901218172dff8d8
S345080076c010090121c17203a8019006a8009004ab02aa05a9dff8240504f032ff0298002804d00121dff8140504f04eff5ff0ff31dff8080504f048ffdff8d408b0f87e0006
S34508007700002804d0dff8c808b0f87e500ee0dff8c008c068310004f005ff07d00f48012181750e480069401c0c490861dff8a00840692060dff89808c06c1421b0fbf1f019
S345080077406060dff88c08002180f87c10280080b208b070bd000801400000c8414c1e0020981e002070b5dff868080021c164dff860080021a0f84810dff854080021a0f8cc
S345080077804a10dff84c0800214164dff8680bdff840184969c0f8d010002002f039f8022002f036f8dff8280890f88000002805d1dff81c08dff8181849690161dff8100816
S345080077c0012180f88010dff80808012180f87c10dff8fc070021a0f87e10dff8f407008914214843dff8e8170864dff8e4070068dff8dc17c96804f095fe00f09f80dff834
S34508007800d007dff8cc170968c160dff8c4074068dff8ec1303f0c2fbdff8b4174863dff8b0070069dff8a817c96804f015fd05d2dff89c07012180f8951004e0dff8900754
S34508007840022180f89510dff8880790f90a00002859d1dff87c074268dff87407c168dff87007006900f0b6fbdff864178861dff860078069dff8001d02f096fd2ed8dff8e0
S345080078805007806902f026fe0022dff8f03c04f0d9fe04f04bff0600dff83407dff8e01c81613000dff82817496b03f077fb02f011fe04000d00300002f00cfedff8c42c05
S345080078c0dff8c43c04f0a8ff22002b0004f0bafe05f0c6f8dff8f816a1f84a00dff8f0060069dff8ec16c96804f0b6fc05d2dff8e006012180f8951025e0dff8d406022102
S3450800790080f895101fe0dff8c806dff8c416c9688161dff8bc060069dff8b416c96804f09bfc05d2dff8a806082180f895100ae0dff89c06092180f8951004e0dff89006b8
S34508007940062180f89510dff888060021c17270bda8210020462200204422002045220020b81e853f8fc2753f88090108e020002098090108c42000204222002030b583b0ae
S3450800798000a80021002206c008380024dff8400640699d4904f060fc06d3dff8340640699a4902f001fd3dd8dff8240690f8850005282dd3dff8180690f88500052836d1bc
S345080079c000208df80000dff8080690f97c00002806d0dff8fc0540f20221a0f87e1005e0002200a940f2022004f05ef8dff8e00590f88500401cdff8d81581f8850001243f
S34508007a00002002f0cefa0021082002f0f0fa0ee0dff8bc0590f88500401cdff8b41581f8850004e0dff8a805002180f88510dff8a00590f88000012856d101f07bffdff800
S34508007a4090054069dff88815096902f0bffc0100dff87c05806b04f0fffb0ed3dff870050069dff86c15496902f0b0fc0100dff86005c06b04f0f0fb30d2dff8540590f8b6
S34508007a808400142820d3dff8480590f97c00002806d0dff83c0540f20121a0f87e1008e001208df80000002200a940f2012003f0fbff0124dff8180590f88400401cdff85b
S34508007ac0101581f8840014e0dff8040590f88400401cdff8fc1481f884000ae0dff8f004002180f8841004e0dff8e404002180f88410dff8dc04006ddff8a81b02f054fc84
S34508007b0067d8002507e0edb2dff8c4042818002180f892106d1cedb2032d69d2edb2dff8b00410eb8500806d5ff07c5104f094fbe9d2edb2dff89804281890f892000a2811
S34508007b4039d3edb2dff88804281890f892000a28e0d10124edb2dff87804281890f89200401cedb2dff86814691881f89200edb2dff85c0410ebc500406edff82c1b02f00d
S34508007b8013fc02d840f2072001e040f20920dff8401491f97c10002904d0dff83414a1f87e00b7e7691c8df80010002200a980b203f07affaee7edb2dff81404281890f8b9
S34508007bc09200401cedb2dff80814691881f89200a0e7dff8fc03002180f89210dff8f003002180f89310dff8e803002180f89410e4b2002c01d0fff7bdfc37bdfc2000205c
S34508007c000000a041000020410000a04001000c4380b5dff8bc0390f88000012840f05481dff8ac0390f89500002814d0022800f08f8011d3042800f0d6806fd3062800f035
S34508007c401a81c0f0f48008283dd0c0f02f81092800f09e8035e134e1dff84c0cdff84c1c09780170dff868030169dff86403406b03f052f9dff858130861dff854030069bb
S34508007c80dff84c13896902f08ffb16d8dff84003b0f84a0001280bd3dff83403032180f89510dff82c03dff828138969016109e0c748042180f8951004e0c548c06c401ca3
S34508007cc0c349c864fde0dff8e00bdff8e01b09780170bf480169be48406b03f01df9bc490861bb480069ba49896902f05dfb0fd8dff8b40bdff85c1c097801700121dff8e0
S34508007d00580504f0d1fbb248072180f8951004e0af48c06c401cae49c864d2e0dff8880bdff8301c09780170a948b0f84800401ca749a1f84800a648b0f84800a449b1f8a0
S34508007d404a10884203d3a248042180f89510b8e0dff8540bdff8001c097801709c4800699b49496b02f032fb99490861984880699749096902f018fb04d89548052180f856
S34508007d80951004e09248c06c401c9149c86498e0dff8140bdff8bc1b097801708c4800698b49496b02f012fb89490861884880698749096902f0f8fa0fd8dff8ec0adff84d
S34508007dc0941b097801700121dff88c0404f06cfb7f48072180f8951004e07d48c06c401c7b49c8646de0dff8c00adff8681b097801707748006902f06dfbdff88827dff8aa
S34508007e005c3b04f01ffc04f091fc714908617048c0686f49096902f0c7fa07d86c486c49c96801616a48062180f8951049e0dff8780adff8201b097801706548006902f0ce
S34508007e4049fbdff84027dff8403704f0fbfb04f06dfc5f4908615e4800695d49c96802f0a3fa07d85a485a49c96801615848062180f8951025e0dff8300adff8d81a09785c
S34508007e8001705348406c401c514948645048406c4f49096c884208d30121dff8bc0304f003fb4b48072180f895100ae04848406cb0f5966f04d24648406c401c444948646d
S34508007ec0ffe700f0f3fb02e041480021016501bd000008c0000008403d49c96801603c49096941603a49496981603949c969c1603749096a01613649496a41613449896abc
S34508007f0081613349c96ac1613149096b01623049096d41622e49896d81622d49c96dc1622b49096e01632a49496e41632849896e81632749c96ec1632549096f0164244992
S34508007f40496f41642249896f8164214991f8951080f84c107047dff82c1c09680160dff8241c49684160dff81c1c89688160dff8141cc968c160dff80c1c09690161dff8ed
S34508007f80041c49694161dff8fc1b097e0176704701007042dff85c1e09680160dff8541e49684160dff84c1e89688160dff8441ec968c160dff83c1e09690161dff8341e5f
S34508007fc049694161704700000100803f00004040a41b00202de9f34f85b01400dff8a8abdff8a80b01905ff000090698dff8a01b02f0daf907d8dff89c0bd0f80880dff892
S34508008000980b856814e00698dff8901b02f0ccf907d8dff8800bd0f80480dff87c0b456806e0dff8700bd0f80080dff86c0b0568069e0698059902f0b7f900f282805ff03f
S345080080404040009001e05ff001094ffa89f9b9f1000f71d13000dff8481b04f0fdf86bd23000059902f0b2f9dff88c1d04f006f905002000414604f001f90100280002f0bf
S345080080808dff02f027fa04f011fd04f04ffb07000698310002f09af9dff85c1d04f0eef805000098414604f0e9f80100280002f075ff02f00ffa04f0f9fc04f037fb8346f3
S345080080c02000414604f0daf805005ff07e50390002f07cf9290004f0d1f8594604f0cef807000098414604f0c9f805005ff07e50594602f06bf9290004f0c0f8390002f012
S345080081000bff0700504602f0e5f931f00041cde90201380002f0def931f0004102000b00dde9020104f076fa8dd30198310002f0f3fe0600ba4688e73000019902f046f985
S3450800814086e05ff080400090dff8ac0c210004f095f8040001e05ff001094ffa89f9b9f1000f71d13000dff8941c02f01df96bd83000059902f02af9dff87c1c04f07ef8f9
S3450800818007002000290004f079f80100380002f005ff02f09ff904f089fc04f0c7fa07000698310002f012f9dff84c1c04f066f880460098290004f061f80100404602f064
S345080081c0edfe02f087f904f071fc04f0affa83462000290004f052f880465ff07e50390002f0f4f8414604f049f8594604f046f807000098290004f041f880465ff07e5067
S34508008200594602f0e3f8414604f038f8390002f083fe0700504602f05df931f00041cde90201380002f056f931f0004102000b00dde9020104f0eef98dd33000019902f0c5
S34508008240c5f80600ba4688e70198310002f064fe07b0bde8f08f0000fc20002010b5dff8280d00210170dff8200d14214170dff8180ddff8181d4160dff80c0ddff8101d9f
S345080082808160dff8040d41685ff0804003f0f6ffdff8f41c896802f03ffe0400dff8e80c41685ff0804003f0e9ff0100200002f075fedff8d41cc860dff8cc0c41685ff0c2
S345080082c0804003f0dbff0100dff8bc0c806802f07df80400dff8b00c41685ff0804003f0cdff0100200002f059fedff89c1c086110bd0000c418002030b5dff8f40d0021dd
S345080083000170dff8ec0d00214170dff8e40d00214160dff8dc0d00218160dff8d40d0021c160dff8cc0d00210161dff8c40d0c210175dff8bc0d23214175dff8b40ddff84f
S345080083404c1c8161dff8a80ddff8441cc161dff8a00d0c2180f82810dff8940d232180f82910dff88c0ddff8241cc162dff8800ddff81c1c0163dff8780d062180f83c102a
S34508008380dff86c0d202180f83d10dff8640ddff8fc1b0164dff8580ddff8f41b4164dff8500d062180f85010dff8440d212180f85110dff83c0ddff8d41b4165dff8300de1
S345080083c0dff8cc1b8165dff8280d062180f86410dff81c0d322180f86510dff8140ddff8ac1b8166dff8080ddff8a41bc166dff8000d002180f87810dff8f40c262180f8ab
S345080084007910dff8ec0cdff8841bc167dff8e00cdff87c1bc0f88010dff8d40c002180f88c10dff8cc0c232180f88d10dff8c00cdff8581bc0f89010dff8b40cdff8501bad
S34508008440c0f89410dff8a80c002180f8a010dff8a00c232180f8a110dff8940cdff82c1bc0f8a410dff8880cdff8241bc0f8a810dff87c0c002180f8b410dff8740c232185
S3450800848080f8b510dff8680cdff8001bc0f8b810dff85c0cdff8f81ac0f8bc10012457e0e4b21420dff8481c00fb041041685ff0804003f0e3fee4b21421dff8342c01fb0e
S345080084c00421896802f028fd0500e4b21420dff8201c00fb041041685ff0804003f0cefe0100280002f05afde4b21421dff8002c01fb0421c860e4b21420dff8f41b00fba5
S34508008500041041685ff0804003f0b8fe0100e4b21420dff8dc2b00fb0420806801f056ff0500e4b21420dff8c81b00fb041041685ff0804003f0a2fe0100280002f02efd99
S34508008540e4b21421dff8a82b01fb04210861641ce4b20a2ca4d3dff8980b0021c0f8c810dff88c0b0021c0f8cc10dff8840b0021c0f8d01030bd00000100cc42008059c029
S345080085800000cc429a9999999999b93ff0b5dff80c0ec46adff8040e0069dff8001e496901f014ff05002800dff8e41b01f0fcfe02d8dff8d85907e02800dff8d81b03f0b3
S345080085c04bfe01d2dff8cc5bdff8bc09407804f097fa0600dff8b009c068290003f04efe0700dff8a4098169dff89c09006903f045fe390002f090fc310003f03ffedff8d5
S345080086008819496902f088fcdff8901dc862dff88c0dc06adff8801b01f0c6fe05d8dff87c0ddff8781bc1620ae0dff8700dc06a002103f011fe03d2dff8600d0021c16242
S34508008640dff844098561dff84009dff8501dc96a4161dff8480dc06a210001f0b7fedff8a81c01f0a1fe08d8dff8a00c210002f053fcdff8281dc86212e02000dff81c1d34
S34508008680c96a01f0a3fedff8801c01f08dfe07d8dff8ac0c210002f03ffcdff8001dc862f0bd00000100484201000040f0b5dff8680d046ddff8600d0069dff85c1d496994
S345080086c001f084fe0500dff8500d90f895001421dff81c2a01fb0020007801281cd3dff8380d90f895001421dff8042a01fb0020007804f005fa0600dff8f409d0f8d00039
S34508008700dff8141d496901f061fe310003f0b6fd290002f001fc0500dff8d409dff8f81c4969c0f8d0102800dff8641a01f03cfe02d8dff8585807e02800dff8581a03f0f0
S345080087408bfd01d2dff84c5adff8cc0c90f895001421dff89c2901fb0020407804f0d0f90600dff8b40c90f895001421dff8802901fb0020c068290003f080fd0700dff8bb
S345080087807009d0f8cc10dff8900c90f895001422dff85c3902fb0030006903f06ffd390002f0bafb310003f069fddff84419d1f8c81002f0b1fbdff8601c0865dff8580c8f
S345080087c0006ddff8d41901f0effd05d8dff8480cdff8c81901650ce0dff83c0c006ddff83c1c03f039fd04d2dff82c0cdff82c1c0165dff8fc08c0f8cc50dff8f408dff8a4
S34508008800181c096dc0f8c810dff80c0c006d210001f0dcfddff8f01a01f0c6fd08d8dff8ec0a210002f078fbdff8ec1b086512e02000dff8e41b096d01f0c8fddff8c81ac9
S3450800884001f0b2fd07d8dff8f80a210002f064fbdff8c41b0865f0bd80b5dff8400b90f83c00012814d1dff8340b4069dff8e41c03f0f2fc0cd2dff8240bc06adff8d81cd7
S3450800888001f092fd04d8dff8140bdff8d01cc162dff8080bc06a04f043f90100c9b2062001f0a5fb01bd0000a82100204622002080b50020dff8601b91f8801001292fd1e2
S345080088c0dff8540b006d002101f06efd14d8dff8480b90f85500002807d10021092001f086fbdff8340b006d1ae0dff82c0b002180f85510002013e0dff81c0b90f8550024
S34508008900072807d10721092001f071fbdff8080b006d05e0dff8000b072180f855100020002103f099fc0dd201f0d4fd0022dff8303c04f017f904f093f8dff8dc1a81f8b9
S34508008940540005e004f0ecf8dff8cc1a81f8540001bd000044220020452200209999b9bf00b583b000a80021002206c0083801f07ffcdff8f01b0870dff8e80b007810f0f8
S34508008980c700dff8e01b0870dff8d80b0078002800f0e380dff8cc0b0078c00736d5dff8780a90f88100032827d3dff86c0a90f8810003282ad1dff8600a90f97c00002882
S345080089c006d0dff8540a4ff40271a0f87e1005e0022200a94ff4027003f066f801208df80000dff8340a90f88100401cdff8281a81f88100fef7befd08e0dff81c0a90f87a
S34508008a008100401cdff8101a81f88100dff8540b0078800736d5dff8000a90f88200032827d3dff8f40990f8820003282ad1dff8e80990f97c00002806d0dff8dc094ff432
S34508008a400271a0f87e1005e0022200a94ff4027003f02af802208df80000dff8bc0990f88200401cdff8b01981f88200fef782fd08e0dff8a40990f88200401cdff89819c1
S34508008a8081f88200dff8dc0a0078400736d5dff8880990f88300032827d3dff87c0990f8830003282ad1dff8700990f97c00002806d0dff864094ff40271a0f87e1005e0a9
S34508008ac0022200a94ff4027002f0eeff03208df80000dff8440990f88300401cdff8381981f88300fef746fd08e0dff82c0990f88300401cdff8201981f88300dff8640acc
S34508008b000078400626d5dff8940890f83d00032809d2dff8880890f83d00401cdff87c1881f83d0016e000208df80000fef799f9dff8680890f93800002805d0dff85c0825
S34508008b404ff44171418705e0012200a94ff4417002f0aaff01f037fa13e0dff84008002180f83d10dff8b008002180f88110dff8a808002180f88210dff89c08002180f851
S34508008b80831007bdc42000200000c842cdcc4c3e0100a642100000201c00002001007c420100f042f0b583b000a80021002206c008380025002607e0f6b2dff8680d3018a1
S34508008bc0002180f88b10761cf6b2052e5fd2f6b2dff8500d10eb8600c069dff82c1c03f03bfb0ad3f6b2dff83c0d10eb8600c069dff8181c01f0d8fbded8f6b2dff8240d43
S34508008c00301890f88b00052833d3f6b2dff8140d301890f88b000528d5d1701c8df80000dff8000d90f97c00002806d0dff8f40c40f20321a0f87e1005e0002200a940f29d
S34508008c40032002f031fff6b2dff8d80c301890f88b00401cf6b2dff8cc1c711881f88b000125002001f09df90021082001f0bff9a9e7f6b2dff8ac0c301890f88b00401c56
S34508008c80f6b2dff8a01c711881f88b009be7dff8940c90f88000012840f0a680dff8840c90f89500401e04281ad8dff8780c406901f010fc0022dff8703c03f0c3fc03f013
S34508008cc035fd0400dff85c0c406901f003fc0022dff8583c03f0b6fc03f028fd070019e0dff8400c406901f0f5fb0022dff8703803f0a8fc03f01afd0400dff8280c406967
S34508008d0001f0e8fb0022dff8283c03f09bfc03f00dfd0700dff80c0c90f89600002863d1002607e0f6b2dff8fc0b3018002180f88610761cf6b2052e56d2f6b2dff8e40bf0
S34508008d4010eb8600c069210003f086fa09d33800f6b2dff8d01b11eb8601c96903f07cfae0d2f6b2dff8bc0b301890f886000a282cd3f6b2dff8ac0b301890f886000a28ce
S34508008d80d7d1f6b2dff89c0b301890f88600401cf6b2dff8901b711881f88600701c8df80000dff8800b90f97c00002806d0dff8740b40f20521a0f87e1005e0002200a979
S34508008dc040f2052002f070fe0125b2e7f6b2dff8540b301890f88600401cf6b2dff8441b711881f88600a4e7edb2002d01d0fef7c1fbf7bd34210020000080bf0000a041d7
S34508008e001cb500a80021002206c008380024dff80806006bdff8f01903f01efa07d3dff8f805006bdff8e41901f0befa3ed8dff8e80590f8910005282ed3dff8dc0590f80c
S34508008e409100052837d100208df80000dff8c80590f97c00002806d0dff8bc054ff40171a0f87e1005e0002200a94ff4017002f01bfedff8a40590f89100401cdff8981577
S34508008e8081f89100dff89005006bdff87c1903f0e3f910d201240ee0dff87c0590f89100401cdff8741581f8910004e0dff86805002180f89110dff8600590f8800001288d
S34508008ec03dd1dff85405006bdff8d81b01f06cfa30d8dff8440590f89000142820d301208df80000dff8300590f97c00002806d0dff8240540f20621a0f87e1005e00022f0
S34508008f0000a940f2062002f0cffd0124dff8080590f89000401cdff8001581f890000ee0dff8f40490f89000401cdff8ec1481f8900004e0dff8e004002180f89010dff832
S34508008f40d80490f88000002818d1dff8cc04006bdff8541b01f028fa04d8dff8500b3c2101700be0dff8b004006b5ff0844103f073f903d2dff8340b00210170e4b2002c14
S34508008f8001d0fef7f7fa13bda820002000002041cdcc4c3d1cb500a80021002206c008380022002405e0e4b2dff8040b00212154641ce4b2042c33d2e4b2dff8f80a50f8b0
S34508008fc02400dff8f41a03f047f9ecd2e4b2dff8e00a205c052819d3e4b2dff8d40a205c0528e5d1601c8df80000022200a940f2051002f059fde4b2dff8b40a205c401c73
S34508009000e4b2dff8ac1a60540122d1e7e4b2dff8a00a205c401ce4b2dff8941a6054c7e7dff8900a0069dff8941a03f015f923d2dff87c0a0079052816d3dff8740a0079e5
S3450800904005281dd101208df80000022200a94ff4837002f029fddff8580a0079401cdff8501a087101220be0dff8440a0079401cdff83c1a087103e0dff8340a0021017105
S34508009080dff8300a4069dff8381a03f0e5f823d2dff81c0a4079052816d3dff8140a407905281dd102208df80000022200a94ff4837002f0f9fcdff8f8094079401cdff810
S345080090c0f019487101220be0dff8e4094079401cdff8dc19487103e0dff8d40900214171d2b2002a03d0fef745fafdf7bafe13bdc418002080b5c848006b5ff0844103f0e6
S34508009100abf80cd2dff8bc091e210170dff8b80964210170dff8b4099621017012e0be48006bdff8841901f03ff90bd8dff894093c210170dff8900996210170dff88c09e1
S34508009140c8210170dff864090078dff86019497888421cd0dff854094078dff850190978884207d2dff844094078801cdff83c19487006e0dff834094078801edff82c19ec
S345080091804870dff828094178072000f030ff01bd01002041000020c101007a4300007a4370b5050000246db22800002803d0401e082842d9a3e0dff8180900210170dff849
S345080091c010094370dff808094260dff8040941685ff0804003f052f8dff8f418896801f09bfe0500dff8e80841685ff0804003f045f80100280001f0d1fedff8d418c8604c
S34508009200dff8cc0841685ff0804003f037f80100dff8bc08806801f0d9f80500dff8b00841685ff0804003f029f80100280001f0b5fedff89c18086162e06db21420584ef9
S3450800924000fb056042606db21420554a00fb052001706db21420524900fb051043706db214204f4900fb051041685ff0804003f005f86db214214a4a01fb0521896801f01b
S345080092804bfe06006db21420454900fb051041685ff0804002f0f2ff0100300001f07efe6db214213e4a01fb0521c8606db214203b4900fb051041685ff0804002f0deff93
S345080092c001006db21420364a00fb0520806801f07df806006db21420314900fb051041685ff0804002f0caff0100300001f056fe6db214212a4a01fb0521086100e00124fa
S34508009300200040b270bd00000100c8410000c8410021c0b2002802d0012806d00be0dff8b407002280f8962006e0dff8a807012280f8962000e00121080040b27047000004
S345080093400000c8c110b50400e4b2200003f0e6fc0022dff8843703f05ffa0022dff8d03503f070f903f0e2f9dff870170860e4b2200003f0d3fc0022dff85c3703f04cfad7
S3450800938002000b000020dff8a81503f0d5fc03f0cdf9dff84c17086010bd0000981e0020c4180020c0b200280ad0012810d0022812d0032814d0042816d00b2804d017e078
S345080093c0dff82007007814e0dff81807406810e0dff8100780680ce0dff80807c06808e0dff80007006904e0dff8f806806900e000207047c9b2002906d0c0b2dff8e41652
S3450800940011eb8000c06905e0c0b2dff8d81611eb8000406b70470000a41b0020000048c303b4dff8c40601210170dff8bc06427000a8dff8b41603784b71401cdff8a816ee
S3450800944003780b71401cdff8a0160378cb70401cdff894160078887001a8dff88c1603784b72401cdff8801603780b72401cdff878160378cb71401cdff86c160078887142
S34508009480d2b2002a06d0022a12d00cd3042a19d013d31ce0dff84c0600990170dff844060199416013e0dff83c06009981600ee0dff830060099c16009e0dff828060099e3
S345080094c0016104e0dff81c0600998161ffe702b0704703b4dff8100601210170dff80806427000a8dff8001603784b71401cdff8f81503780b71401cdff8ec150378cb709a
S34508009500401cdff8e4150078887001a8dff8d81503784b72401cdff8d01503780b72401cdff8c4150378cb71401cdff8bc1500788871d2b2dff8ac0510eb82000099816091
S34508009540d2b2dff8a00510eb82000199016202b0704700000000704201004843000048430000f0bf4322002030b585b002a80021002206c00838002000a9c0b201f02efb9b
S34508009580c0b2002811d001208df80800022202a94ff4817002f088fadff8480500210170dff840050021416027e001208df808009df803309df802209df801109df80000fa
S345080095c000f0c4fedff81c1508709df807309df806209df805109df8040000f0b7fedff804154860dff8fc040078012805d0022202a94ff4817002f057fa012000a9c0b255
S3450800960001f0ecfac0b200280dd002208df80800022202a94ff4817002f046fadff8c404002181600ce09df803309df802209df801109df8000000f089fedff8a8148860b1
S34508009640022000a9c0b201f0c9fac0b200280dd003208df80800022202a94ff4817002f023fadff880040021c1600ce09df803309df802209df801109df8000000f066fe1b
S34508009680dff86014c860032000a9c0b201f0a6fac0b200280dd004208df80800022202a94ff4817002f000fadff83804002101610ce09df803309df802209df801109df807
S345080096c0000000f043fedff81c140861042000a9c0b201f083fac0b200280dd005208df80800022202a94ff4817002f0ddf9dff8f403002181610ce09df803309df80220de
S345080097009df801109df8000000f020fedff8d413886100240ce0e4b2dff8c80310eb8400c561e4b2dff8bc0310eb84004263641ce4b2062c65d2601d00a9c0b201f04efa9e
S34508009740c0b2002818d0601c8df80800022202a940f2031002f0a8f9e4b2dff8880310eb84005ff07e51c161e4b2dff8780310eb840000214163dae79df803309df8022086
S345080097809df801109df8000000f0ebfd05009df807309df806209df805109df8040000f0e0fd02002800dff8441302f055fd11d32800dff83c1300f0f7fd0bd91000dff86f
S345080097c0341302f049fd05d31000dff82c1300f0ebfda0d8601c8df80800022202a940f2031002f061f9e4b2be4810eb84005ff07e51c161e4b2bb4810eb840000214163ed
S3450800980095e705b030bd00000000a04001000c43c0b2002803d002286dd051d381e04148002180f881103f48002180f882103d48002180f883103b48002180f8841039482c
S34508009840002180f885103748002180f886103548002180f887103348002180f888103148002180f889102f48002180f88a102d48002180f88b102b48002180f88c1029488e
S34508009880002180f88d102748002180f88e102548002180f88f102348002180f890102148002180f891101f48002180f892101d48002180f893101b48002180f8941030e0df
S345080098c08e48002180f83d108c480021c1878b48002180f840108948002101638748002180f8411085480021a0f842108348002180f8441015e06e48002101706c480021f4
S3450800990041706b480021817069480021c170684800210171664800214171654800218171ffe77047a41b0020000014c0000014400000f03f00b5674890f89500401e04283e
S3450800994006d9401f01280ad9801e012800f2a88060485a4981635f485849c163a0e05d480069504902f078fc06d25a485349816358485249c16392e05648406c642841d2d2
S34508009980544800695e4902f067fc16d25148406cd0f1640003f0c2f95a4a5b4b03f0e2f800225a4b02f04efe02f0c0fe4949886348484849896bc16371e04648406cd0f1ca
S345080099c0640003f0abf9524a524b03f0cbf80022514b02f037fe02f0a9fe3e4988633d48406cd0f1640003f099f9464a464b03f0b9f80022454b02f025fe02f097fe354913
S34508009a00c8634ce03348406cb0f5966f41d2314800693b4902f020fc16d22e48406cd0f5966003f07bf93d4a3d4b03f09bf83d4a3d4b02f007fe02f079fe26498863254872
S34508009a402449896bc1632ae02248406cd0f5966003f064f9354a364b03f084f8314a324b02f0f0fd02f062fe1a4988631948406cd0f5966003f052f9284a294b03f072f8f9
S34508009a80284a294b02f0defd02f050fe1149c86305e01048274981630e482649c163ffe700bd00000100484201000c42a821002098210020342100200000a04100002041b0
S34508009ac000009040462200204422002045220020a8200020a41b002000408f40ac210020b02100204c1e002084210020cdcc4c3f9a99993f0000a0c00100a040981e0020aa
S34508009b000000aa420ad7a3703d0ab73f0000f03f52b81e85eb51b83f0000e03f477f1e59afd8453f9a9999999999c93ffca9f1d24d62303fcdcc4c3e2de9f04385b00400ba
S34508009b400d000020002600275ff000085ff00009a146218a08004cf6ff710840e98808432082a0894ef6f3110840a9882a8911436a8911430843a081a08a4ff6ff41084021
S34508009b80a9890843a08200a803f00bfa1048814501d1039e00e0029e192000fb06f029688900b0fbf1f76420b7fbf0f000010109642202fb11785fea081132316422b1fb4c
S34508009bc0f2f111f00f010843208105b0bde8f0830038014010b40022038a1a004ff2ff031a400b884c8823438c882343c98819430a43028210bc7047c9b2002904d081893d
S34508009c0051f40051818104e081894df6ff7211408181704770b4002400250026002303000800c0b24009c0b2040089b211f01f0005000120a8400600012c01d10c3304e04f
S34508009c40022c01d1103300e01433d2b2002a03d018683043186002e01868b043186070bc7047c905c90d818070478088c005c00d704770b40a000024002300250021160052
S34508009c80f6b27609f6b2350092b212f01f063300012616fa03f3012d02d181890b4006e0022d02d1018a0b4001e0818a0b4092b2140aa4b2012111fa04f400880440002ba8
S34508009cc003d0002c01d0012100e000210800c0b270bc70470a4980b2086070470949c0b208607047084980b20860704704484af6aa210160704702484cf6cc4101607047bd
S34508009d0000300040043000400830004070b582b000aac9b2c0b200f031ffc0b200282fd1bdf80000102190fbf1f080b2dff8d81551f8204040f6ff7180b2884206d280b274
S34508009d40dff8c41511eb8001496800e02100bdf8002080b2b2eb0015200000f037fb0600edb2280002f0ccfe310002f087fa5ff0834101f013f90100200000f027fb00e0ab
S34508009d80002076bd38b50c00c0b2012809d024d3032806d013d3052803d010d306280ed01be00df102020121002000f0e7fe050000aa0221002000f0e1fe05000ee00df142
S34508009dc002020221002000f0d9fe050000aa0321002000f0d3fe050000e00125edb2002d28d1e4b2002c12d1bdf80000bdf80210401a102190fbf1f002f086ffdff80c252c
S34508009e00dff80c3502f0aefe02f090fc13e0bdf80200bdf80010401a102190fbf1f002f073ffdff8e824dff8e83402f09bfe02f07dfc00e0002032bd80b500aac9b2c0b28f
S34508009e4000f09cfec0b200280fd1bdf80000102190fbf1f002f058ffdff8b824dff8b83402f080fe02f062fc00e0002002bd80b500aac9b2c0b200f081fec0b200280fd18b
S34508009e80bdf80000102190fbf1f002f03dffdff88c24dff88c3402f065fe02f047fc00e0002002bd80b500aac9b2c0b200f066fec0b200280fd1bdf80000102190fbf1f0c1
S34508009ec002f022ffdff84424dff8443402f04afe02f02cfc00e0002002bd80b5072301220100c9b2dff83c0403f0ddf90121dff8340403f091f901bd10b504000221dff893
S34508009f00240403f03ffa0028f8d0e4b2002c23d00b3c032c02d9241f0fd02ce0dff8040403f023fa02f0fafedff8fc23dff8fc3302f018fe02f0fafb1ee0dff8e80303f024
S34508009f4014fa02f0ebfedff8e823dff8e83302f009fe02f0ebfb0fe0dff8c80303f005fa02f0dcfedff8d023dff8d03302f0fafd02f0dcfb00e0002010bd80b5c0b2012803
S34508009f8007d100224ff48051dff8b40302f04bfa06e001224ff48051dff8a40302f043fa01bd80b5c0b2012806d101220421dff8940302f038fa05e000220421dff884032d
S34508009fc002f031fa01bd80b500220221dff8740302f029fa01220221dff8680302f023fa00220221dff85c0302f01dfa01bd10b50c00c0b2002813d0022843d029d304280f
S3450800a00072d058d3062800f0a180c0f08680082800f0ce80c0f0b380092800f0e280f9e001224ff48071c74802f0fdf900224ff40071c44802f0f7f900224ff48061c148a2
S3450800a04002f0f1f900224ff40061be4802f0ebf9f8e000224ff48071ba4802f0e4f901224ff40071b74802f0def900224ff48061b44802f0d8f900224ff40061b14802f000
S3450800a080d2f9dfe001224ff48071ae4802f0cbf901224ff40071ab4802f0c5f900224ff48061a84802f0bff900224ff40061a54802f0b9f9c6e000224ff48071a14802f07d
S3450800a0c0b2f900224ff400719e4802f0acf901224ff480619b4802f0a6f900224ff40061984802f0a0f9ade001224ff48071954802f099f900224ff40071924802f093f9f5
S3450800a10001224ff480618f4802f08df900224ff400618c4802f087f994e000224ff48071884802f080f901224ff40071854802f07af901224ff48061824802f074f90022cf
S3450800a1404ff400617f4802f06ef97be001224ff480717c4802f067f901224ff40071794802f061f901224ff48061764802f05bf900224ff40061734802f055f962e00022f1
S3450800a1804ff480716f4802f04ef900224ff400716c4802f048f900224ff48061694802f042f901224ff40061664802f03cf949e001224ff48071634802f035f900224ff440
S3450800a1c00071604802f02ff900224ff480615d4802f029f901224ff400615a4802f023f930e000224ff48071564802f01cf901224ff40071534802f016f900224ff48061e4
S3450800a200504802f010f901224ff400614d4802f00af917e000224ff480714a4802f003f900224ff40071474802f0fdf800224ff48061444802f0f7f800224ff40061414811
S3450800a24002f0f1f8e4b2210089b23f4802f0f4f8012201213b4802f0e6f800220121394802f0e1f801220121364802f0dcf810bd10b582b001224ff48071324802f0d3f89b
S3450800a28001224ff400712f4802f0cdf800224ff480612c4802f0c7f801224ff40061294802f0c1f803208df8020048208df803004ff6ff70adf8000000a9234802f04af802
S3450800a2c0012201211f4802f0aef8002201211d4802f0a9f81c4802f0a3f8040001220121184802f0a0f803208df8020010208df803004ff6ff70adf8000000a9124802f0fc
S3450800a30029f82000c0b216bd002200088335cea623807b3fa5bf97c28366773f81ed60c43e01543f00240140cd0182397afc7e3f7a37161406655a3f3d601e32e543703f52
S3450800a340001001400014014000180140c0b20006c9b210eb0140d2b210eb0220dbb21818704718b400ac2370641c2270641c2170641c2070009812bc704710b450f8041b06
S3450800a38081b102681218001d50f8043bdc0744bfa9f10104e31852f8044b43f8044b091ff9d1ebe710bc70474ff0807c1ceb400f94bf1ceb410f05e040ea010c5fea4c0c43
S3450800a3c001d28142704718bf8842704790ea010f44bf81f0004100f0a7bd00bf431a4ff000423ebf5340c01ac91800bfd3095fead05c13eb400f34bfb3eb410f40e07ceb6a
S3450800a400d1530cd342ea012122d8d1eb402009d3400a28bf5fea500140ebcc507047401a15d04002b0fa80f2521c9040400a4fea3c23b3eb026384bf00eb730007e040f486
S3450800a44000001a16db07c2f10102d04018437047182bfcdc31fa03f202fa03f3591a38bf42f00102d2eb40203cbf4000acf1010c5feacc5cc20572f100414ceb50207047dc
S3450800a48013eb400f0fd24b0009d0acebd153022b03db4902172bdddd70479143401a4300d5d10020704713eb410fd0d36ff00000704750f8041b61b150f8042bd30744bfb6
S3450800a4c0a9f101039a18002342f8043b091ffad1efe770475ff0ff0c1cead05114bf614506e0c110400721f0e04101f16051704779b900f0004100020ad0b0fa80fc00faff
S3450800a5000cf001f16051a1eb0c5101ebd0214005704741020cbf40f4e0016ff000010020704700004ff4001c1ceb410f94bf1ceb430f09e041ea030c50ea4c0c52ea0c0ce7
S3450800a54003d28b4208bf8242704714bf994290427047000010b50c00c0b2002803d0012800f0af803de100224ff48071dff8940901f059ffdff8900900218173dff888090e
S3450800a58001210174dff880090021c173e4b2002c0ad0012c12d0022c2ad0052c42d0062c5ad0072c72d08be0dff85c0900214173aa21dff8580902f067ff81e0dff84809fa
S3450800a5c002214173dff8400901210170dff8380902214170dff8300903218170dff828090321c1705521dff8240902f04dff67e0dff8140902214173dff80c090421017009
S3450800a600dff8040904214170dff8fc0804218170dff8f4080421c1705521dff8f00802f033ff4de0dff8e00802214173dff8d80806210170dff8d00807214170dff8c8088e
S3450800a64008218170dff8c0080821c1705521dff8bc0802f019ff33e0dff8ac0802214173dff8a40809210170dff89c080a214170dff894080b218170dff88c080b21c1705c
S3450800a6805521dff8880802f0fffe19e0dff8780802214173dff870080c210170dff868080d214170dff860080e218170dff858080e21c1705521dff8540802f0e5feffe72c
S3450800a6c08fe000224ff40071dff8380801f0abfedff83c0800218173dff8340801210174dff82c080021c173e4b2002c06d0022c28d00dd3042c59d03ed371e0dff81008d4
S3450800a70000214173aa21dff80c0802f0bdfe67e0dff8fc0702214173dff8f40701210170dff8ec0702214170dff8e40703218170dff8dc070321c1705521dff8d80702f0d4
S3450800a740a3fe4de0dff8c80702214173dff8c00704210170dff8b80706214170dff8b0070a218170dff8a8070a21c1705521dff8a40702f089fe33e0dff894070221417385
S3450800a780dff88c0705210170dff8840705214170dff87c0705218170dff874070521c1705521dff8700702f06ffe19e0dff8600702214173dff8580707210170dff8500709
S3450800a7c008214170dff8480709218170dff840070921c1705521dff83c0702f055feffe7ffe710bd80b50121dff8200702f050fe002800f0d080dff8140702f047fedff84c
S3450800a80008170873dff80007407b00280cd0022826d013d3042871d02cd306287bd06dd3072800f09680afe00021dff8e00602f02bfedff8d40601214173ace0dff8c80633
S3450800a840dff8c416097b0171dff8bc060021017401224ff48071dff8ac0601f0e4fd9ae00021dff8a80602f00ffedff89c060321417390e0dff89006007b022809d1552100
S3450800a880dff8880602f000fedff87c060221417333e0dff87406007b012827d1dff86806807b042816d2dff86006807bdff85816415c89b2dff8540602f0e6fddff8480631
S3450800a8c0807b401cdff840168873dff83c060421417312e0dff830060021017401224ff48071dff8200601f09efd06e001224ff48071dff8100601f096fd4ce00021dff892
S3450800a9000c0602f0c1fddff80006407b401cdff8f81548733fe0dff8f005c07bdff8e8154018dff8e415097b0171dff8dc05c07b401cdff8d415c8730021dff8d00502f093
S3450800a940a3fddff8c405407b401cdff8bc15487321e0dff8b405c07bdff8ac154018dff8a815097b0171dff8a005c07b401cdff89815c8735521dff8940502f085fddff8c6
S3450800a98088050221417306e001224ff48071dff8740501f048fd01bd80b50121dff8740502f076fd002800f0d080dff8680502f06dfddff85c150873dff85405407b0028ba
S3450800a9c00cd0022826d013d3042871d02cd306287bd06dd3072800f09680afe00021dff8340502f051fddff8280501214173ace0dff81c05dff81815097b0171dff81005c9
S3450800aa000021017401224ff40071dff8f80401f00afd9ae00021dff8fc0402f035fddff8f0040321417390e0dff8e404007b022809d15521dff8dc0402f026fddff8d004fc
S3450800aa400221417333e0dff8c804007b012827d1dff8bc04807b042816d2dff8b404807bdff8ac14415c89b2dff8a80402f00cfddff89c04807b401cdff894148873dff863
S3450800aa8090040421417312e0dff884040021017401224ff40071dff86c0401f0c4fc06e001224ff40071dff85c0401f0bcfc4ce00021dff8600402f0e7fcdff85404407b81
S3450800aac0401cdff84c1448733fe0dff84404c07bdff83c144018dff83814097b0171dff83004c07b401cdff82814c8730021dff8240402f0c9fcdff81804407b401cdff841
S3450800ab001014487321e0dff80804c07bdff800144018dff8fc13097b0171dff8f403c07b401cdff8ec13c8735521dff8e80302f0abfcdff8dc030221417306e001224ff4ca
S3450800ab400071dff8c00301f06efc01bd0021c0b2002802d0012807d00de0dff8ac030079552800d1012106e0dff8a4030079552800d10121ffe70800c0b27047c0b20028bc
S3450800ab8002d0012813d025e0c9b2dff87c0310eb410000790002c9b2dff86c3313eb4101497908181080dff86003007c15e0c9b2dff85c0310eb410000790002c9b2dff814
S3450800abc0503313eb4101497908181080dff84003007c02e000201080012070472de9f04104000d005ff00008002600226021c74802f034fc00224ff48071c24801f013fc09
S3450800ac00ab21c24802f040fc8021c04802f040fc0028f9d1bd4802f039fc0700e4b2210089b2ba4802f030fc8021b84802f030fc0028f9d1b54802f029fc0700002406e01e
S3450800ac4000224ff48071af4801f0edfb641ce4b2192cf5d3002413e0e4b2210089b2ab4802f012fc8021a94802f012fc0028f9d1a64802f00bfc07007e40e4b26755641c7f
S3450800ac80e4b2082ce8d30021a04802f0fdfb80219e4802f0fdfb0028f9d19c4802f0f6fb0700f6b2ffb2be4201d05ff0010801224ff48071934801f0b6fb01226021934808
S3450800acc002f0ccfb4046c0b2bde8f08170b504000d000026002260218c4802f0bffb00224ff48071874801f09efbac21874802f0cbfb8021854802f0cbfb0028f9d183481a
S3450800ad0002f0c4fbe4b2210089b2804802f0bcfb80217e4802f0bcfb0028f9d17b4802f0b5fb002412e0e4b2615d89b2774802f0abfbe4b2605d46408021744802f0a8fbc3
S3450800ad400028f9d1714802f0a1fb641ce4b2082ce9d3f6b2310089b26c4802f095fb80216a4802f095fb0028f9d1684802f08efb01224ff48071634801f055fb0122602163
S3450800ad80624802f06bfb70bd10b5002260215f4802f064fb00224ff480715a4801f043fbab215a4802f070fb8021584802f070fb0028f9d1554802f069fb0021534802f0d3
S3450800adc063fb8021514802f063fb0028f9d14f4802f05cfb002406e000224ff48071494801f021fb641ce4b2192cf5d300240fe0e4b2210089b2454802f046fb8021434879
S3450800ae0002f046fb0028f9d1404802f03ffb641ce4b2082cecd300213c4802f035fb80213a4802f035fb0028f9d1384802f02efb01224ff48071334801f0f5fa0122602133
S3450800ae40324802f00bfb00226021324802f006fb00224ff400712b4801f0e5faab212d4802f012fb80212b4802f012fb0028f9d1284802f00bfb0021264802f005fb80215a
S3450800ae80244802f005fb0028f9d1224802f0fefa002406e000224ff400711a4801f0c3fa641ce4b2192cf5d300240fe0e4b2210089b2184802f0e8fa8021164802f0e8fac1
S3450800aec00028f9d1134802f0e1fa641ce4b2082cecd300210f4802f0d7fa80210d4802f0d7fa0028f9d10b4802f0d0fa01224ff40071044801f097fa01226021054802f0a4
S3450800af00adfa10bd000801404c21002000300140602100200038004090ea010f44bf81f00041fff75bba00bf421a3cbf801a89184ff0004cc0f3c752ff2a24d0c1f3c75352
S3450800af4013b3d21ad2f1190327dd4cea01214cfa03f321ea0303d140c20d4cea0020401834bf20ea0c004cea5000d20553ea006373eb0c0c52eb1020420012f1807f38bfd7
S3450800af807047c00dc0057047490212bf9a4200eb5120f8e7d2f11703d9d5704710b5ff2313ead0541dbf13ead1529c429a4239e0a41ada0780ea0103134042ea012142ea5d
S3450800afc00020421a3cbf641e01eb4202090ab2fbf1fe01fb1e221202b2fbf1f001fb10226ef30f201202b2fbf1fe4eea00207f3406ddfe2c24da53ea500050ebc45010bd60
S3450800b000d4f1020401fb1e2240f08071192c1ddc21fa04f0c4f12004a140114371f10042584110bd9c421abf03ead1529a420fe080ea010e0ef00043400004d0490016d1e5
S3450800b04043f0ff4010bd490008bfd343180010bd9c4205d1d21af7d001f00041484010bd4a0212bf0846484000f0004010bd4ab90902b1fa81f2914044b1a418c00140f0fb
S3450800b08000409ee7c90141f0004152420002b0fa80f4a040141b94e780b5002033e080b23c21dff8e82a01fb002100228a7680b23c21dff8d82a01fb002100224a6280b29f
S3450800b0c03c21dff8c82a01fb002100228a6280b23c21dff8b82a01fb002100224a6080b23c21dff8a82a01fb002180b2420881f8212080b23c21dff8942a01fb00210022d2
S3450800b10081f82020401c80b20a28c8d3dff87c0d0021018002f0c6f901bd2de9f84304000d0016001f0002f051fe8046e4b25fea440975e05ffa89f93c20dff8501a00fbea
S3450800b1400910406880195ffa89f93c21dff83c2a01fb092108605ffa89f93c20dff82c1a00fb0910002141625ffa89f93c20dff81c1a00fb0910042181625ffa89f93c20a1
S3450800b180dff8081a00fb09100021c1625ffa89f93c20dff8f81900fb0910002101635ffa89f93c20dff8e41900fb0910002141635ffa89f93c20dff8d41900fb0910002164
S3450800b1c041775ffa89f93c20dff8c01900fb09105ffa89f91c21dff8b82c01fb09218163002267a15ffa89f93c20dff8a03900fb0930806b01f024f95ffa89f93c20dff865
S3450800b2008c1900fb09100021c1775ffa89f93c20dff8781900fb0910ff21817719f101095ffa89f9e4b26000801c814579da5ffa89f93c20dff8541900fb09100021017761
S3450800b2405ffa89f93c20dff8441900fb09100021c1765ffa89f93c20dff8301900fb0910002101765ffa88f818f01f005ffa88f818f0200150ea01205ffa89f919f00101a3
S3450800b28050ea81105ffa89f919f0060150eac1105ffa89f919f0080150ea81005ffa89f919f0300150eac11000f280105ffa89f93c21dff8d82801fb092188815ffa89f95c
S3450800b2c03c20dff8c81800fb0910ff2141765ffa89f93c20dff8b41800fb0910a02181765ffa89f93c20dff8a41800fb091085605ffa89f93c20dff8941800fb091079088a
S3450800b30041605ffa89f9e4b2b9eb440f7ff412af5ffa89f93c20dff8741800fb0910066019e70022caa1e4b21c20dff87c3c00fb043001f085f80122c6a1dff8700c01f055
S3450800b3407ff8a1465ffa89f92c20dff8201d00fb0910002101705ffa89f92c20dff80c1d00fb0910002141705ffa89f92c20dff8fc1c00fb0910ff218170bde8f18300001f
S3450800b3806161000080b58a6a0b68d054521c4868824200d30022486a824205d100220021042000f081fb03e08a62486b401c486301bd10b4ca6a002308e00c681055000ada
S3450800b3c0521c4c68a24200d300225b1c042bf4d310bc704710b504002100606bfff7e9ff00206063a06ae062a06a002100e0491c04290dd2401c6268904200d30020626a5f
S3450800b4009042f4d100220021042000f04dfb00e0a06210bd416a026b51184268914201d34268891a416200210163704780b580b2c21112f00f02d31edbb2082b25d2d2b2a2
S3450800b440d31e80b2c01010f00c0010eb6300d20707d50200d2b20021092000f025fbff202ce000220a70020702d5083801220a70c0b2052807d30200d2b20021052000f013
S3450800b48013fbff201ae0c0b218e0d2b20c2a01d1ff2013e0d2b2012a0ad14ff4fa7001f08df900220021092000f0fefaff2005e000220021052000f0f7faff2002bd80683a
S3450800b4c000e008300278c9b28a4202d00278002af7d1704730b585b000a802f0c2fb10f1010f64d0bdf80000002813d19df8020002280ed19df8040081280ad102f066fce8
S3450800b5009df80510c0b2814203d102f082fa02f0adfd4fe003a9bdf80000fff787ff02009df80c0010eb42003c21dff8f03c01fb0034ff2a3ed09df8020000283ad09df82f
S3450800b540040010f00f00617e884233d09df8040010f00f006076207f002809d19df80400000605d4d2b20021012000f09dfa21e0012507e02100edb200a828180079fff7f5
S3450800b58001ff6d1c9df80200edb28542f2d39df80400400608d5002020772000fff71affa06b02f07ffe05e01020207702e0012001f004f905b030bd38b50400e4b2c9b2d5
S3450800b5c011eb44003c21dff8542c01fb00255ff0ff31a86b00f0d8ffa87fff280fd0e4b22c20dff83c1c00fb041001784078814205d02100c9b2280000f0ecf827e02800f2
S3450800b60000f085f9280000f06bf96877697f2800fff755ff02005088296b884204d050884ff6ff71884205d129002000c0b25268904706e02300dbb200221c21280000f047
S3450800b64099f92800fff7e6fe280000f089f831bd71630000646c730010b500240ee0a4b23c20dff8b81b00fb0410807e002804d100220021112000f017fa641ca4b2052cd1
S3450800b680edd302f073f902f097fe02f0e8fa002821d1dff8881bfe20fff774fe02f096fb00280ad1002200211a2000f0fdf9dff86c1b0020fff766fe04e0dff8601b0120d1
S3450800b6c0fff760fedff8540bfff784fedff84c0b806b02f0e7fdfff7fdfefce780b500f018f801bd38b50400200000f0d3f80090009d280002f086fe022808d194f821300d
S3450800b70000aa2f21200000f035f9ee20a076280032bd38b504000d0029002000c0b200f079f82900200ac0b200f074f82900200cc0b200f06ff82900200ec0b200f06af814
S3450800b74031bd38b504000d0029002000c0b200f061f82900a4b2200ac0b200f05bf831bd10b50400e07e002809d11020e0760320a073607f60740020a07480202074207ce3
S3450800b78050f040002074207c217e08182074207e401c10f00f002076e07f00280fd114f10c0002f0e8f95ff0ff3100b288420ad194f8212000210a2000f076f903e014f159
S3450800b7c00c0002f0b3f90020a0730020e076a020a07610bd38b50400c9b22c20dff8402a00fb0125fb206077210028784019007900f010f82100287815eb8000c068fff74f
S3450800b80088ff2878401c10f0070028702000fff7a7ff31bd38b504000d00e87e002809d10320a873687f68740020a8741020e87680202874a87b082823d3287c297e08180d
S3450800b8402874287e401c10f00f002876e87f00280fd115f10c0002f08ef95ff0ff3100b288420ad195f8212000210a2000f01cf903e015f10c0002f059f90120a8730020ec
S3450800b8802874a87b40190474a87b401ca87331bd006b704738b50400200000f021f80500200000f01df815eb0025200000f018f815eb0045200000f013f815eb00652800ca
S3450800b8c032bd38b50400200000f00af80500adb2200000f005f815eb0025280080b232bd016b002901d1002010e0016b491e0163416a0268895c426a521c4262426a4368ac
S3450800b9009a4201d3002242620800c0b2704770b50400606a216b08186062606a6168884203d3606a6168401a6062606ae16a884201d101201de0042020630026002506e068
S3450800b940360a2000fff7ccff16eb00666d1cedb2042df5d36068b04209d20026e06a6062012200211b2000f09ff8012001e02663002070bdfeb507000e0014001d0002f080
S3450800b98025fa8030adf8000008208df80200f87e00283dd10320b873787f7874edb23c20dff8781800fb051090f82000401cedb23c21dff8682801fb052181f82000edb246
S3450800b9c03c20dff8581800fb051090f82000002810d1edb23c20dff8441800fb051090f82000401cedb23c21dff8302801fb052181f82000edb23c20dff8201800fb051093
S3450800ba0090f82000b8741020f8768020387405e02a00d2b20021032000f046f830008df80400b6b2300a8df80500b5f180008df80600edb23c20dff8e41700fb051090f83a
S3450800ba4020008df80700002c0bd00420c0b2082812d2c0b200a9411822780a71641c401cf4e7042005e0c0b200a9411800220a71401cc0b20828f6d300a802f07cf810f12b
S3450800ba80010f10d102f045f800a802f074f800208df8040002208df8050080208df8060000a802f068f8f7bd70b584b006000d00140002f08bf98030adf8000008208df82c
S3450800bac0020096f4004630008df80400b6b2300a8df80500b4f180008df80600002d0bd00320c0b2082812d2c0b200a941182a780a716d1c401cf4e7032005e0c0b200a9ac
S3450800bb00411800220a71401cc0b20828f6d3012002f08efcdff874130988082919d2db490d88da490988491cd84a118002f080fc0020c0b208280ed2c0b2edb2d34911ebd4
S3450800bb40c5014118c0b200aa821812798a70401cefe702f06dfc00a802f00df810f1010f11d101f0d6ff00a802f005f802208df8040000208df80500b4f180008df80600dc
S3450800bb8000a801f0f8ff7fbd0000000070060020c17770472de9f84304000d005ff000092800fff775fe062808d22300dbb200221c212800fff7defe002064e12800fff747
S3450800bbc08ffe80462800fff765fe06002800fff787fe07005ffa88f8b8f1b00f0ed05ffa88f8b8f1b30f09d05ffa88f8b8f1e10f04d05ffa88f8b8f1c00f06d15ff00009b1
S3450800bc0001212800fff7c4ff00e0b9462800fff73ffe5ffa89f9484508d02300dbb200221c212800fff7a6fe00202ce14ff4fa61dff8780300f0a8fc81461ffa89f9b9f1eb
S3450800bc40000f08d02300dbb200223d212800fff791fe002017e15ffa88f8b8f1000f20d0b8f1a20f4ad0b8f1a30f71d0b8f1b00f00f08180b8f1b20f6ed0b8f1b30f00f0ed
S3450800bc80b680b8f1b50f00f0e180b8f1c00f00f08780b8f1c10f05d0b8f1c20f00f0bf80d9e0dfe0b6f5805f04d2ffb2b819b0f5805f02d95ff040091fe006f1006616f564
S3450800bcc0be265ff000080ae02800fff709fe5ffa88f8dff8501508f8010018f101085ffa88f8ffb2b845efd3dff83825ffb2390089b2300002f0bafa8146b3e05ff000089b
S3450800bd000ae02800fff7ecfd5ffa88f8dff8141508f8010018f101085ffa88f8ffb2b845efd3dff8040586420fd3ffb2b819dff8fc14884209d2dff8ec24ffb2390089b22b
S3450800bd40300002f093fa814601e05ff00f0989e0002002f063f985e0dff8cc04864202d25ff00e0903e0300002f09ff98146002002f054f976e029003800c0b2fff74afde9
S3450800bd805ff0000806e029003078fff743fd761c18f101085ffa88f8ffb2b845f3d361e0b6f5805f04d2ffb2b819b0f5805f02d95ff040091ae006f1006616f5be262900b7
S3450800bdc03800c0b2fff726fd5ff0000809e0300002f04af92900c0b2fff71cfd761c18f101085ffa88f8ffb2b845f0d33ae029003800c0b2fff70efd5ff0000809e03000d7
S3450800be0002f032f92900c0b2fff704fd761c18f101085ffa88f8ffb2b845f0d322e0300002f0fcf88146dff8006405e0300002f03cf9814616f500661ffa89f9b9f1000f75
S3450800be4003d1dff8ec038642f0d30be0300002f0e5f8814606e02300dbb200222e212800fff788fd1ffa89f9b9f1000f07d02300dbb20022494689b22800fff77bfd4b4844
S3450800be8002f010fa0020bde8f2830000e01e0020e013002010b50c000300dbb2002206212000fff767fd012010bdf8b504000d002800fff715fd0700ffb2002f0dd129001f
S3450800bec00220fff7a7fc29000020fff7a3fc29000c20fff79ffc002064e0ffb2ff2f0dd102f0acfa040029000220fff793fc2900e06a80b2fff725fc002053e0ffb2072f32
S3450800bf0001d2cc4e15e0ffb20c2f02d2ca4eff1f0fe0ffb2132f02d2c84e0c3f09e000262300dbb2002208212800fff723fd00e0761cffb2002f11d07f1e0024300002f0a6
S3450800bf4093f80028f4d0761c641ca4b2332cf5d329000020fff75efc012023e00024e4b2a01902f081f8002809d0641ce4b2332cf5d329000020fff74dfc012012e0290010
S3450800bf802000c0b2fff746fc08e0300002f06cf8761c2900c0b2fff73dfc641ee4b2002cf3d10120f2bd00003c1c00201821002038b505000c002000fff792fcc0b20028fa
S3450800bfc006d0022824d022d304282ad021d330e021000020fff71efc210099480068800b10f0010090f00100c0b2fff713fc210094480078fff70efc2000fff7b1fb142076
S3450800c00000f0dcfb01f005fd02f030f818e017e016e08d484ff4004101608a48002101700ee08a484ff40041016086480121017006e02b00dbb2002207212000fff79afc81
S3450800c04021000120fff7e6fb21007d480068800b10f0010090f00100c0b2fff7dbfb210078480078fff7d6fb012032bde817002038b504000d002800fff732fcc0b20028cd
S3450800c08009d0012811d1e4b21c20714900fb041002f008f910e05ff0ff31e4b21c206c4a00fb042000f070fa06e02300dbb2002225212800fff75efc012032bd70b50600df
S3450800c0c00c002000fff70cfc0500edb2ff2d09d1f6b22c20524900fb0610ff218170ff20a07722e0edb2002d18d10020a077f6b278204a4900fb0610a04207d1f6b22c20f7
S3450800c100474900fb0610002181700ee0f6b22c20434900fb06100121817006e03300dbb2002225212000fff725fc21002800c0b2fff770fb21000020fff7ebfa012070bde1
S3450800c140f8b50c002000fff7cbfb0700ffb2ff2f21d121003f480088c0b2c000c0b2fff759fb00250ee02100f6b2edb2394810ebc50030188078fff74dfb761cf6b2082e7c
S3450800c180f1d36d1c2800c0b23249098880b2884241d20026f2e7002600250be0edb22d4810ebc500007910f00700ffb2b84200d1761c6d1c2800c0b22649098880b28842b9
S3450800c1c0ecd32100f6b2f000c0b2fff723fb00250ee02100f6b2edb21e4810ebc50030188078fff717fb761cf6b2082ef1d36d1c2800c0b21749098880b288420bd2edb28a
S3450800c200144810ebc500007910f00700ffb2b842edd10026e8e70120f2bd000070060020e8170020f814002000f0050801000608ffff050860010008100200086021000822
S3450800c240081001404722002014100140101001403c1c0020e01e00204ff0807c1ceb400f94bf1ceb410f05e040ea010c5fea4c0c01d28842704718bf81427047ff2212eab8
S3450800c280d05c1dbf12ead153944593422be09c44d30780ea01021a4043ea002043ea0121a1fb0030410038bf40007cf17f010bdbfe294ada5b0842eac15153ea006373f16b
S3450800c2c0004c51eb10207047d1f1080cdcf120012fdb5b0810fa01f10b4373f1004120fa0cf05041704794451cbf02ead153934280ea010202f000421dd0400019d04900aa
S3450800c30017d05bb9634514d00902b1fa81f39940bceb030cc00140f00040c1e70002b0fa80fc10fa0cf0b3eb0c0cc90141f00041b6e71000704740000ad0490008d010f116
S3450800c340807f94bf11f1807f02e042f0ff407047d0437047f0b400220026002400250023002791f803c01cf00f0c624691f803c05feacc6c01d58b781a430b781b0621d056
S3450800c3800368002406e0cd78482d02d10125a5400561641c082c14d20125a5400e882e40ae42f6d1a5000f2616fa05f7bb4312fa05f52b43cd78282de5d10125a540456143
S3450800c3c0e7e703600b884ff48074a34226d34368002420e0012514f10806b5400e882e40ae4217d1a5000f2616fa05f7bb4312fa05f52b43cd78282d04d1012514f108067d
S3450800c400b5404561cd78482d04d1012514f10806b5400561641c082cdcd34360f0bc7047806880b27047d2b2002a02d089b2016101e089b24161704789b2c1607047000051
S3450800c44070b504000d0016001c220021200001f0fbff6560a660eff3108072b60f4921600f49096800290bd00d49096889690c4a126894614c61a16109490968616103e058
S3450800c48007490c606461a46106490968491c054a116080f31088002070bd00bf414d45530c2200201022002080b50a00eff3108372b6c16800290dd18168914203d383f312
S3450800c4c0108821202be08168491c816083f31088002024e00a6f914202d10022c2600be00a6fc2600a6fd1f874c0c2f874c04a6fd1f870c0c2f870c00269521e02610020a2
S3450800c500886607480068401c054a106083f310880020c1f88400080001f0a0ff002002bddc21002040ea010c5fea4c0c07d0884205d14fea400c1cf1807f98bf804270477e
S3450800c54038b5ddf810c0ddf814e0eff3108472b6002901d045680d60002a01d081681160002b01d0c1681960bcf1000f02d00169ccf80010bef1000f02d04069cef80000e2
S3450800c58084f31088002032bd10b5eff3108272b68368002b06d08168491e816082f3108800202fe000292ad0174b1c68174ba366e066c368002b0ad0c3682367c3685b6f01
S3450800c5c06367c3685b6f1c67c3685c6702e0c4602467646703695b1c0361062020630120a063e1640a480068401c0949086082f31088200001f0aeffd4f8840002e082f306
S3450800c60010880d2010bd00bfc4210020a9060108dc2100204ff4001c1ceb410f94bf1ceb430f09e041ea030c50ea4c0c52ea0c0c03d2994208bf9042704714bf8b428242f2
S3450800c6407047000070b44ff0004591ea030c44bf6b4000f07bbb00bf841a71eb030603d2001bb141121973414ff4001c1ceb410f34bf7ceb430443e00c0da4eb1356352e7e
S3450800c68050dc45eac323db0a45eac121c912b6f120050ddd63fa05f6eb4086ea0305124218bf45f00105c01851f100010cd213e062fa06f5f2405540f3415a40b340f34045
S3450800c6c05a408018594107d349085fea30005fea350528bf45f0010501f58011420875f1004250f1000041eb045170bc4ff4001c1ceb410f38bf70470020090d0905704751
S3450800c7001ceb410f10d252ea43060bd0bceb410f05d80c0dab43661e342eb5dd02e0ab438018594170bc704770bc70474feaf17cbcf1e04c2cbfbcf5001f11e05fea4c0c6b
S3450800c74034bfbcf17f5f2ee05fea9c0c4fea0c1c4fea3c0cc10071f100414ceb50707047c90241ea5051c00218bf41f0010141f000414fea6c50c0f10900212810d240ea61
S3450800c780cc7cccf1200c11fa0cf070f10040ccf1200c21fa0cf00cf0004c40eb0c0070474feacc707047490011f5001f04d84feacc10ff30c0057047c817704710b513496f
S3450800c7c00c68002c03d012490968002901d013201ae0002801d1002016e0eff3108172b6042222630122a2630022c4f88420e06408480068401c074a106081f31088200080
S3450800c80001f0a8fed4f8840010bd00bfc42100202c000020dc210020f0b540f2ff7581ea030c0cf0004c15ea11541dbf15ea1357ac42af42e5e0bc41c1f31301c3f313031e
S3450800c840801a994143f4801304d2641e4000494180185941c90241ea5051b1fbf3f603fb1611a2fb0675d7ebc020a94102d2761e80185941c90241ea5051b1fbf3fe03fb57
S3450800c8801e11a2fb0e75d7ebc020a94103d2aef1010e80185941890241ea9051760546ea8e2eb1fbf3f603fb1611a2fb0675d7eb8020a94102d2761e80185941c90241ea2e
S3450800c8c050514eea060eb1fbf3f603fb1611a2fb0675d7ebc020a94102d2761e80185941c90241ea5051b1fbf3f703fb1711a2fb0735d3ebc020a94167f100070cbf004225
S3450800c90047f0010766f3d5274fea1e31b80814f5806412ddbd0775f1004250eb0e5051eb045111f5801f5cbf41ea0c01f0bd4cf07f6141f0e0410020f0bdbd076d0840ea58
S3450800c9400e5041f48011d4f10104b4f120060adac4f120060200e04001fa06f3e1401843b24015430ee0342c13dcc6f1200445ea40056d0820fa06f2154321fa06f0a140f8
S3450800c9800d43002175f1004250f1000051eb0c01f0bd00205fea0c01f0bdcfb992185b41b3fa83f704bfb2fa82f6bf190b3fb7f120062fbf02fa06f3bb40c7f1200622fa52
S3450800c9c006f638bf3343ba401cb1e419641e33e77f4231f00041b1fa81f404bfb0fa80f6a4190b3cb4f120062fbf00fa06f1a140c4f1200620fa06f638bf3143a0403c1b18
S3450800ca001ae7ac421abf05ea1357af4212e050ea41061cbf52ea4306bfe750ea4107304661461cbf41ea0551f0bd52ea430c08bfc143f0bd00204ff4001616eb410f98bf91
S3450800ca4016eb430f08bf16eb410f24bfc14305e016eb430f0cbf61464cea0551f0bd0000f446400d40eac120490006d200f00ef8004248bf6ff00040604700f007f84ff00d
S3450800ca80004188428cbf08464042604740f00040490da1f58061491c05d4d1f11f0154bfc840c01770474ff00000704713b582b0dde90201c1f30a5240f2ff74a24208d06b
S3450800cac0002a04bf090350ea11300cd100200b4912e0090350ea11300cd10398002809d50020002108e0002000900022034b02a801f0d4fddde9020104b010bd0000f03f3e
S3450800cb00002800bf0ad0b0fa80f18840d1f19d01c905020672f1004241eb1020704700004100090e7f3915d4d1f11f0114d4400007d2c00140f00040c84048bf6ff000409a
S3450800cb407047c00140f00040c8404cbf4ff00040404270470020704700424ff0004058bfc0437047b0b581ea030c0cf0004c40f2ff7515ea11541dbf15ea1357ac42af4236
S3450800cb8039e0e41923ea455343f48013c90241f0004141ea505ec7021100a7fb020200284ff00000eefb01204ff00001e3fb072118bf42f00102401800214941e3fb0e0199
S3450800cbc0a4f580640f0302d252004041494154f101046cdd470872f1004250f1000051eb0451a1f580115cbf41ea0c01b0bd4cea05510020b0bd05ea1357ac4214bfaf4203
S3450800cc0041e050ea410e1cbf52ea430e02e061460020b0bd24423c441bd15fea070ef6d0090302bf01460020aef1140eb1fa81f7aeeb070401fa07fe0c37c7f1200100faf6
S3450800cc4007f7c8404eea000e23ea455343f48013a2e733f00043b3fa83f704bfb2fa82fe77440b3fe41bb7f1200e2fbf02fa0ef3bb40c7f1200e22fa0efe38bf43ea0e03e3
S3450800cc80ba40641c82e750ea410e14bf52ea430e6ff000014ff4001717eb430f8abf194617eb410fb5e74cea05510020b0bdd4f10104b4f120070fdac4f12007520828bf41
S3450800ccc042f0010210fa07f501fa07f7e1bf2a43e0403843e1400fe0352c98dcc7f1200452ea400220fa07f218bf42f0010231fa07f0a1400a43002172f1004250f1000095
S3450800cd0051eb0c01b0bd0000010040f10980f446404200f005f851f000416047010000bf09d0b0fa80f18840c91cc1f58461090501ebd0214005704770b44ff0004591ea9c
S3450800cd40030f44bf6b40fff787bc00bf841a71eb030604d26e40001bb141121973414ff4001c1ceb410f34bf7ceb430684e00c0da4eb1356362e7ddc012e43dc45eac3238c
S3450800cd8043ea525312bfd20292025b08240545eac12141ea5051d2ebc020994125d407d1b0fa80f610fa06f164d00020203608e0b1fa81f6b140c6f1200220fa02f21143a8
S3450800cdc0b0404feaf474b4eb465434f001064fea74040ad8d6f50016760d04f00044f04061fa06f25040f1404840c00a40ea415021f0004128bf5fea500550f1000044eb69
S3450800ce00d12137e045eac323db0a45eac121c90ab6f120050edd42ea0242120cc5f1200603fa06f6eb4042ea06056d42984161f100010de062fa06f5f240554063fa06fc3c
S3450800ce4082ea0c02f3405a406d42904161eb030111f4801f05d1641e620502d06d004041494121f48011430875f1004350f1000041eb045170bc70471ceb410f15d223f050
S3450800ce80004352ea43060bd04fea4c0cbceb410f04d80c0d661e342eb7ddebe7801a994150ea410608bf0021e4e708bf1ceb430f28bf6ff00001dde7dff86c12096831f43a
S3450800cec08031dff864221160dff85c12096831f48021dff854221160b0f5803f03d0b0f5802f09d011e0dff84002006850f48030dff83412086008e0dff82c02006850f483
S3450800cf00a020dff824120860ffe77047dff82012c0b2086070470022844b1b681a0032f47c12084302438148026070478149c0b20860704700217d4a1268110089088900db
S3450800cf4001437a48016070470021784a1268110031f0f00101437548016070470021734a1268110031f4e061014370480160704700216e4a1268110031f4605151eac001d3
S3450800cf806a48016070470021684a1268110031f4404101436548016070476849c0b20860704730b400220021002300245f4d2d6815f00c052a00002a04d0042a05d0082a28
S3450800cfc006d021e05e49016020e05e4901601de05649096811f47011890c891c534a126812f48033002b03d1574a514301600ae04e4a1268920303d5544a5143016002e02c
S3450800d000504a5143016001e04d4901604749096811f0f00212094e49545c0168e14041604249096811f4e062120a4949545c4168e14081603d49096811f46052d20a444997
S3450800d040545c4168e140c1603849096811f44042920b4049545cc168b1fbf4f1016130bc7047c9b2002905d03b49096808433a49086005e03849096831ea0000364908607c
S3450800d0807047c9b2002905d03449096808433349086005e03149096831ea00002f4908607047c9b2002905d02d49096808432c49086005e02a49096831ea0000284908604e
S3450800d0c07047c9b2002905d02649096808432549086005e02349096831ea000021490860704710b4002200230021c0b24409e4b22200012a02d10c490b6806e0022a02d13f
S3450800d1000d490b6801e018490b68c0b210f01f0201209040034201d0012100e000210800c0b210bc704700000010024004100240000042426000424220100240800442421f
S3450800d14000127a00001bb70000093d00808d5b000000002028000020181002401c1002400c100240101002402410024080b5dff80012884208d0dff8fc1188420fd0dff8fb
S3450800d180f811884216d020e001214ff40070fff788ff00214ff40070fff783ff15e001214ff48060fff77dff00214ff48060fff778ff0ae001214ff40040fff772ff002196
S3450800d1c04ff40040fff76dffffe701bd30b40023002244682300dff8a44123400c680d7954ea0524234343608368dff894412340cc688d682c434d7954ea450423438360ef
S3450800d200c36a33f47003097c491e0a43d2b253ea0253c36230bc7047c9b2002904d0816851f00101816003e081684908490081607047816851f008018160704700218068ab
S3450800d240000701d5012100e000210800c0b27047816851f004018160704700218068400701d5012100e000210800c0b2704710b4002200234468220032f46042c9b2491ead
S3450800d2800b0052ea4332426010bc7047c9b2002904d0416851f40061416003e0416831f4006141607047f0b400240025c9b20a2911d3c4680725b1f10a0603277e43b54044
S3450800d2c0ac43dbb2b1f10a050326754313fa05f52c43c4600ee004690725032606fb01f6b540ac43dbb2032505fb01f513fa05f52c430461d2b2072a10d2446b1f23551e6b
S3450800d3000526754313fa05f5ac43c9b2521e05235a4311fa02f52c43446324e0d2b20d2a10d2046b1f23d51f0526754313fa05f5ac43c9b2d21f05235a4311fa02f52c437d
S3450800d340046310e0c46a1f23b2f10d050526754313fa05f5ac43c9b20d3a05235a4311fa02f52c43c462f0bc7047c06c80b270470024014000280140003c0140fffef0ff7d
S3450800d380fdf7f1ff00220068c0b2084201d0012200e000221000c0b27047000080b51549884210d01449884218d01449884220d101214ff48050fff774fe00214ff48050d1
S3450800d3c0fff76ffe15e001214ff48040fff779fe00214ff48040fff774fe0ae001214ff40040fff76efe00214ff40040fff769feffe701bd00380040003c004000300140ae
S3450800d40010b4002203881a0012f441520b884c8823438c882343cc8823430c8923434c8923438c892343cc8923431a430280828b4ff2ff731a408283098a018210bc7047b6
S3450800d440c9b2002904d0018851f04001018004e001884ff6bf7211400180704710b400230024c9b20909c9b20b00012199400c00d2b2002a03d081882143818002e081882f
S3450800d480a143818010bc7047818170478089704700220089084201d0012200e000221000c0b2704700b591b0012141f27d20fff7d8fd002141f26d20fff7f3fd01215ff46a
S3450800d4c01230fff7defd00215ff41230fff7f9fd03208df8020014208df803004ff48050adf8000000a9dff85c04fef733ff03208df8020010208df803000420adf8000019
S3450800d50000a9dff84404fef725ff00208df803000120adf8000000a9dff82804fef71aff00208df803000220adf8000000a9dff81404fef70fff00208df803000420adf859
S3450800d540000000a9dff8fc03fef704ff00208df803000820adf8000000a9dff8e803fef7f9fe00208df803001020adf8000000a9dff8d003fef7eefe00208df803002020c1
S3450800d580adf8000000a9dff8bc03fef7e3fe00208df803000120adf8000000a9dff8ac03fef7d8fedff8a803fff7e0fd00200c9000208df8340000208df835005ff46020a4
S3450800d5c00e9000200f9001208df840000ca9e048fff7fcfd0121de48fff749fe0121dc48fff754fe0121da48fff716fed848fff720fed748fff722fe0028fad1d448fff73f
S3450800d60027fed348fff729fe0028fad103208df8020010208df803000220adf8000000a9c948fef797fe03208df8020010208df803000120adf8000000a9c348fef78afec6
S3450800d64003208df8020010208df803004ff48070adf8000000a9bc48fef77cfe03208df8020010208df803004ff40070adf8000000a9b548fef76efe03208df802001020ab
S3450800d6808df803004ff48060adf8000000a9ae48fef760fe03208df8020010208df803004ff40060adf8000000a9a748fef752fe03208df8020010208df803004ff6ff707d
S3450800d6c0adf8000000a9a348fef744fe03208df8020010208df803004ff48070adf8000000a99a48fef736fe03208df8020018208df803002020adf8000000a99348fef7f6
S3450800d70029fe48208df803004020adf8000000a98e48fef71ffe03208df8020018208df803008020adf8000000a98848fef712fe8948fff733fe0020adf804004ff482700b
S3450800d740adf806000020adf808000020adf80a000020adf80c004ff40070adf80e003820adf810000020adf812000720adf8140001a97948fff744fe01217748fff760fe81
S3450800d780002271217448fff769fe012260217248fff764fe01224ff400716c48fef743fe03208df8020010208df803004ff40070adf8000000a96548fef7ccfd03208df8a1
S3450800d7c0020018208df803004ff40050adf8000000a96248fef7befd48208df803004ff48040adf8000000a95c48fef7b3fd03208df8020018208df803004ff40040adf802
S3450800d800000000a95548fef7a5fd5548fff7c6fd0020adf804004ff48270adf806000020adf808000020adf80a000020adf80c004ff40070adf80e003020adf81000002006
S3450800d840adf812000720adf8140001a94448fff7d7fd01214248fff7f3fd002271214048fff7fcfd012260213d48fff7f7fd01215ff40030fff705fc00215ff40030fff7fd
S3450800d88020fc03208df8020018208df803000420adf8000000a92d48fef75cfd4ff4614008900020adf824000020adf826000020adf828000020adf82c000c20adf82a0076
S3450800d8c008a92848fcf738f9274840f2712101800020adf818004ff48060adf81a000020adf81c004ff48070adf81e0006a91d48fcf770f9012240f225511a48fcf78af978
S3450800d900002240f227711748fcf784f901211548fcf772f90120fff740fb01214ff4807001f036f845f25550fcf7d4f90020fcf7d5f940f6ff70fcf7d5f9fcf7dcf911b00f
S3450800d94000bd0000001001400014014000080140002401400018014000300140000c014000380040004400400844004080b572b64ff4407001f020f814208df800000120b6
S3450800d9808df8010000208df8020001208df8030000a801f016f813208df8000001208df8010000208df8020001208df8030000a801f007f826208df8000001208df8010023
S3450800d9c000208df8020001208df8030000a800f0f8ff23208df8000001208df8010000208df8020001208df8030000a800f0e9ff24208df8000001208df8010000208df8e6
S3450800da00020001208df8030000a800f0daff62b601bd80b50020fcf7b0fa00210020fcf7e6fa00210120fcf7e2fa00210220fcf7defa00210320fcf7dafa00210420fcf77e
S3450800da40d6fa00210520fcf7d2fa00210620fcf7cefa00210720fcf7cafa00210820fcf7c6fa0020fcf79dfa01bd00000022dff828050078c0b2aa2800d01a22dff818057c
S3450800da800079552800d01a22dff80c054078411ec9b23f2900d31a22dff8fc14c978c0b2884200d01a22dff8f0148978c9b2c943c0b2c9b2884200d01a2292b2002a01d18f
S3450800dac0c0b200e0002070470022dff8cc040079552800d01a22dff8c004c079552800d01a22dff8b4044079c0b2042800d31a22dff8a4148979c9b2c943c0b2c9b2884203
S3450800db0000d01a2292b2002a01d1c0b200e000207047dff8880401210170dff8840400210170dff8800400210170704710b50400dff870040078dff868140978401ac0b2ab
S3450800db4015280fd314380de00120fef737fedff854040078dff848140978401ac0b2152800d31438c0b20b28eed2200000f003f8c0b200b210bd70b50400012000f058fc82
S3450800db800500dff820040078461cf6b2142e00d30026dff810040078dff80414097888420ad1dff8f8030078002805d1280000f03ffc5ff0ff3051e0dff8e80300780c2171
S3450800dbc0dff8e42301fb002061684160dff8d40300780c21dff8d02301fb0020a1688160dff8c00300780c21dff8bc2301fb0020a1788170dff8ac0300780c21dff8a823a8
S3450800dc0001fb002021880180dff898030670dff894030078d0f11400dff8841309780e18dff878030078002812d0dff8700300210170dff87803006850f00100dff86c13d7
S3450800dc400860dff86c030068400101d500f006f9280000f0edfbf6b2300000b270bd0020704710b5dff84c130978002902d05ff0ff3049e0dff8401309780c22dff83c33af
S3450800dc8002fb013109880180dff82c1309780c22dff8283302fb013189788170dff8181309780c22dff8143302fb013149684160dff8041309780c22dff8003302fb0131d7
S3450800dcc089688160dff8f0020078441ce4b20b2c00d30024012000f0abfbdff8e4120978e4b28c420ad1dff8cc1201220a70dff8c8120c7000f09cfb002005e0dff8b812ef
S3450800dd000c7000f095fb012010bd80b5ad4a4ff400731360ac4a126832f0f0023032aa4b1a60aa4a126832f4c04212f58042a74b1a609b4a002313709a4a00231370974a80
S3450800dd40012313709c4a002313709d4a00231370984a012313709e4a11709e4a012313609d4a1268d207fbd5c0b29c4a52f820009b4a10609748006850f00400954a106069
S3450800dd809448006840084000924a106092480068c007fbd4c9b2080080b200f0aef88348022101608848006830f0f000b0308649086001bd83484ff400710160824800689c
S3450800ddc030f0f00030308049086070478048007870477b480078401cc0b20b2800d3002077490978744a1278914207d171490978002903d17b48202101602ee0704909787e
S3450800de000c226e4b02fb0131774a1268520d0a806b4909780c22694b02fb0131734a126812f00f028a70664909780c22634b02fb01316f4a12684a60614909780c225f4bf5
S3450800de4002fb01316b4a12688a60664920220a60584900220a705a49087070474f48007800280cd051480068400840004f4908604f48006850f001004d4908603ce05e4846
S3450800de80474909780c22484b02fb013149688160434909780c22444b02fb01318968c1603f4909780c22404b02fb0131897841603b4909780c223c4b02fb0131098849055b
S3450800dec0491c016036480078401cc0b2142800d3002034490978c0b288420bd12f4901220a703249096849084900304a11602c49087001e02a4908707047404901220a6039
S3450800df003f4901220a603e490968490849003c4a11603c4900220a603b4900220a6080b2400110f1787039490860394839490860394801210160314800210160704781b07c
S3450800df401b4a126812f0e052b2f1e05ff8d12a4ac0b2000600f5000015309060d160082050601b480078400500f18050401c10600f48006810f0e050b0f1e05ff8d1002051
S3450800df80009002e00098401c00900098b0f57a6ff8d301b070470000f0ff00204a2200204822002049220020f816002014640040086400404d2200204b220020c81c0020a2
S3450800dfc04c220020100c0140040c0140040001404e2200200064004004640040a80901081c6400400c640040b0650040b4650040b8650040bc650040806500400066004055
S3450800e000046600400c66004014660040406600400000e0ff446600401c660040002807d17e48002101607e488021016000201ae07c49484079490860784800687a49484037
S3450800e0407a4988420bd17a48744909680160784878490160724800210160002003e06f48002101602c2070470078704780b572485ff0ff31016071485ff0ff31016070482c
S3450800e0805ff0ff3101606f485ff0ff310160fff791fe6d486d490160002000e0401c6428fcd369486a49016001bd5c490968002901d1272018e05a4902220a6065490860b9
S3450800e0c05748006850f040005549086062480100481e002903d061490968c907f7d4002801d10b2000e0002070475d48ff2101705c48ff2101705c4800210160002070477e
S3450800e10010b4554a464b01241c60018013005a1e002b03d0514b1b68db07f7d4002a01d1192006e0008889b2814201d1002000e0282010bc704780b54b48006800280ad0f6
S3450800e140474800784749097811eb002189b246480068fff7d5ff002002bd38b504000d0000202e490968002901d1272054e03e490968002913d1610849003b4a11603949d7
S3450800e180ff220a703649ff220a7037490968a14202d134490d703ee031490d703be03248006861084900884217d12f480068a04202d12c48057001e0294805702848007859
S3450800e1c02849097811eb002189b227480068fff797ff254900220a601de0214800782149097811eb002189b21f480068fff788ff1c49ff220a701a49ff220a70610849004d
S3450800e200194a116018490968a14202d115490d7001e013490d7080b232bd0000b82100201020024055af23505231c2ab7130a5ee04200240ab89efcd80e100e084e100e0dc
S3450800e24080e200e084e200e00ced00e00400fa050100fa051420024040420f000c2002404f22002050220020b4210020f8b504000d001600fff739ff002701e0641c7f1c7a
S3450800e280bfb2adb2af4209d2bfb2b95d2000fff764ff80b20028f1d080b202e0fff74bff0020f2bd80b50100eff3108272b6c868002806d18868401c886082f31088002014
S3450800e2c023e0036f984202d10023cb600be0036fcb60036fd0f874c0c3f874c0436fd0f870c0c3f870c00b695b1e0b610021816606490968491c054b196082f310880021a9
S3450800e300c0f8841000f0aaf8002002bddc21002080b572b6244825490160fff74bfd0120fef7f4fd2120fef7dcfe0028fad00020fef700fe5ff48030fef7befd3120fef70a
S3450800e340d0fe0028fad05ff480115ff48030fef7e2fd0120fef7eafd3920fef7c2fe0028fad04ff44040fef70efe0020fef700fe4ff48060fef7f2fd0020fef7e5fd022020
S3450800e38000f05cfb002000f065fb102000f072fb0220fef7cffd064840f2fd11016005485ff09051016001bd08ed00e000200008181002401c10024080b572b64ff4407078
S3450800e3c000f0fafa14208df8000001208df8010000208df8020001208df8030000a800f0f0fa13208df8000001208df8010000208df8020001208df8030000a800f0e1fad7
S3450800e40062b601bdc10dcab2ff2a0bd0c9b211b14ff0ff307047400202d06ff00100704700207047400201d00220704701207047eff3108180f3108808467047014800684e
S3450800e440704700bfc421002010b5040010000a000100200000f020fb200010bd10b50400606e002804d014f14c0000f049fb01e00020e064eff3108072b62f490968491ed0
S3450800e4802d4a1160a16b00290ad0216b012940d0216b02293dd00021a1630021216338e0216b002935d0616b002904d000216163032121632de000212163e16a1f4a52f82b
S3450800e4c02120002a05d0516a0c625462616222621fe01a4a42f8214024626462184a126801238b401a43164b1a60164a1268002a04d1144a1460144a11600ae0124b1b6817
S3450800e500994206d2104b1960d26b914201d20d490c6080f310880d4800680a490968884208d00b480068044909680843002801d100f010fb10bd00bfdc2100204c1d002088
S3450800e540d4210020c8210020d8210020c42100202c00002010b504004848006884420ad1e06c002807d05ff0ff31884203d014f14c0000f0f1faeff3108072b6404909687c
S3450800e580491e3f4a1160a16b002964d00021a163e16a226aa2421ad0226a636a5362626a236a1362374a52f82120a24253d1354a236a42f82130344909688c424bd13349de
S3450800e5c00968304a52f821102f4a116043e02d4a002342f821302e4a1268012313fa01f1c94311402a4a11600021294a1268d3b2002b20d1120ad3b20831002b1bd1120a62
S3450800e600d3b20831002b16d1120ad3b20831002b11d11e4920220a601b4900220a6080f310881c480068164909680843002823d100f090fa20e0184a9a5c5118134a1160fb
S3450800e640114909688c4206d1104909680d4a52f821100d4a116080f31088084800680a490968884208d00b480068054909680843002801d100f06efa10bd00bfc4210020e7
S3450800e680dc2100204c1d0020c8210020d8210020d42100202c000020f81500202de9f04d84b0064614461d46d6e90001cde90001dde90001c1f30a5340f2ff721f4693423a
S3450800e6c00ad013b14ff0ff370ce0090350ea113008d06ff0010705e0090350ea113014bf022701272046c5f30a5393420bd013b14ff0ff300de0290350ea11300cbf0020db
S3450800e7006ff0010005e0290350ea113014bf02200120002f06d5002840d4022806d1c6e9004506e1022ff8d1022002e150b9dde900010022804b00f051fa0fd0c6e90045dd
S3450800e7400020f6e0012815d1dde9000100227b4b00f044fa18bfc6e9004542d100f04efa212101604ff0ff306ff00041c6e900010220dee01fb9c6e900450c99c7e0dde974
S3450800e780000100226c4b00f029fa0ed120462946fef7e8f9c6e900010120cae0dde900010022674bfdf736ff08d2002320462946fef7d8f9c6e900010020bae0dde90001cc
S3450800e7c00122604bfbf7aefe0dd800225a4b20462946fef7c7f9c6e9000100f00ffa222101600120a5e0dde90001574a574bfef7b9f900220023fdf70dff34bf544b554b4e
S3450800e800fdf720fffef72cf90290fef77dfa82468b464ff07842504bfef7a4f902460b46dde90001fef788fa07468846504659464a4a4b4bfef796f902460b46384641466d
S3450800e840fef77afa82468b466ff00102454bfbf769fe07d80022444bfdf7dcfe3cbf204629464fd352465b46fef77cf9074688463e4a3f4bfef776f93e4a3f4bfdf7e2fed3
S3450800e8803a464346fef76ef9cde900013b4a3c4b38464146fef766f93a4a3b4bfdf7d2fe3a464346fef75ef900222a4bfdf7cafe52465b46fef756f982468b46dde9000176
S3450800e8c052465b46fdf7befe02460b4600202f49fdf7b8fe07468846dde9000152465b46fef72afa0022294bfdf7acfe02460b4638464146fdf790ff02460b46204629464f
S3450800e900fef730f9c6e9000102980c990918304600f07af9070002d0012805d008e000f06df92221016003e000f068f922210160384604b0bde8f08d0000f07f0000f0ff7f
S3450800e94000c89cc000c89c40fe822b654715f73f0000e0bf0000e03f422ee63ff2e4d5bce7e84b3effff8fbc0000903c112e5781a03f503f5843128c8f71bc3f4be8a54126
S3450800e980b752013f0bbdf3dae8708c3f0000f03fc9b2002905d00749096808430549086005e00449096831ea000002490860704700000000042004e01b4908431b49086033
S3450800e9c0704710b4002100220f23c478002c1ed01649096811f4e061d1f5e061090ad1f10402cb404178914082781a401143090102780f4bd154017849110e4a01230078c4
S3450800ea0010f01f0013fa00f042f821000ae001784911094a0123007810f01f0013fa00f042f8210010bc70470000fa050ced00e000e400e000e100e080e100e00021dff815
S3450800ea4054201268110011f038010143dff8440001607047dff83c10096831f00801dff834201160dff82c1009680843dff8241008607047dff81c10096831f01001dff808
S3450800ea8014201160dff80c1009680843dff80410086070470020024062f30f2262f31f42401810f0030308d0c91a1fd3db0748bf00f8012d28bf20f8022d130030b41446b3
S3450800eac01546103928bf20e93c00fad8490728bf20e90c0048bf40f8042d890028bf20f8022d48bf00f8012d30bc7047c91818bf00f8012dcb0728bf00f8012d70470000af
S3450800eb00eff3108172b68269002a1ed00269904209d182691268824202d18269002313600022826111e002694369536142690369136182691268824205d1026983699361ff
S3450800eb408269036913600022826181f3108800207047000000df7047eff3108172b60268002a30d002685ff0ff339a422bd08269002a28d10268212a01d31f2201e002682b
S3450800eb80521e134b1b6813eb8202124b1b689a4207d3104b1b68d21a92100f4b1b6813eb82021368002b0ad01368036113685b6943614369186113685861826103e0006151
S3450800ebc040618261106081f310880020704700bff8210020f4210020f021002090420cd141ea030c50ea4c0c07d0994205d14ff4001c1ceb410f38bf89427047014800f067
S3450800ec0090b800003c22002070b504460d466068c0f30a5040f2ff72904207d16068000304bf2068002818d0022070bd010004d1204600f077f8012867da012d0fdb40f258
S3450800ec40ff71091a8d420ad36068002847bf00202f4900202f49c4e90001012070bd4142a942616806da2c4a1140401941ea0050606053e001f0004162681203120b42f41c
S3450800ec8080126260401e451905f13500352803d361600020206070bd002215f11f0f05da203522686068206000206060684213d0521e9241d243c0f1200325689d4055eaac
S3450800ecc0d2722568c540666806fa03f32b432360636823fa00f06060606808436060b2f1004f03d80bd12078c00708d52068401c2060206818b96068401c60600ee06068d4
S3450800ed00884204bf20680028f8d1002070bd00000000f0ff0000f07fffff0f804ff0ff3070bd704730b4416801f00042012143681b031b0b436004bf0368002b0ed003681f
S3450800ed404468dd0f45ea440444605b000360491ee302f4d543681b031b0b436043681a434260084630bc704780b540f22771dff8b403faf77effc0b2002842d0dff8a803a9
S3450800ed800078dff8a813415c89b2dff89803faf768ffdff894030078401cdff88c130870dff884030078dff888130978884274d3dff874030078dff878130978884205d146
S3450800edc00a21dff86003faf74cff66e0dff858030078dff85c130978491c88425dd10d21dff84003faf73dff002240f22771cd48faf710ff012240f22551ca48faf70aff03
S3450800ee004be040f22551c748faf733ffc0b2002843d0c448faf729ff010089b20800422819d0432808d0562824d0622813d0632802d076281ed02ce000f030f8012240f2d2
S3450800ee402771b848faf7e6fe002240f22551b548faf7e0fe21e000f05df8012240f22771b048faf7d7fe002240f22551ad48faf7d1fe12e000f0c6f8012240f22771a94893
S3450800ee80faf7c8fe002240f22551a648faf7c2fe03e089b2a348faf7e4fe01bd30b589b000a8f8f71ffb0022a049009800f0d5f801229e49019800f0d0f802229b4902985e
S3450800eec000f0cbf803229949039800f0c6f804229649049800f0c1f805229449059800f0bcf806229149069800f0b7f807228f490c0015009df81c00fdf702fe2a00210021
S3450800ef0000f0abf88a484021017087480021017009b030bd30b595b000a8f8f7ddff00228249009800f099f801228049019800f094f802227d49029800f08ff803227b49fd
S3450800ef40039800f08af804227849049800f085f805227649059800f080f806227349069800f07bf807227149079800f076f808226e49089800f071f809226c49099800f08b
S3450800ef806cf80a2269490a9800f067f80b2267490b9800f062f80c2264490c9800f05df80d2262490d9800f058f80e225f490e9800f053f80f225d490f9800f04ef8102224
S3450800efc05a49109800f049f811225849119800f044f812225549129800f03ff8132253490c0015009df84c00fdf78afd2a00210000f033f84e48a02101704b48002101709a
S3450800f00015b030bd00b587b000a8f8f7c3ff00224649009800f021f801224449019800f01cf802224149029800f017f803223f49039800f012f804223c49049800f00df867
S3450800f04005223a49059800f008f839483021017035480021017007b000bdf0b506000c00d2b2d50030000021fdf7f6f80dd2edb22d2028553000fbf72dfa00222d4bfdf723
S3450800f08071fdfdf753fb060002e0edb2202028553000fdf745fdc0b2642190fbf1f1edb22a1911f130035370c0b2c9b2642202fb11020a2192fbf1f1edb22b1911f1300771
S3450800f0c09f70c9b20a2303fb1122edb229193032ca70edb229192e220a71c0b2fdf710fd01003000fbf772f91349fdf7c7f8fdf717fdc0b20a2190fbf1f1edb22a1911f1eb
S3450800f10030035371c0b2c9b20a2202fb1102edb2281912f130018171edb228193b21c171f0bd00000044004040220020041b0020412200200000f0bf0000c84210b586b004
S3450800f1400c0000a8f8f726ff21000098fcf7c6fa21000198fcf7c2fa21000298fcf7befa21000398fcf7bafa21000498fcf7b6fa21000598fcf7b2fa002006b010bd30b5d6
S3450800f18083b005000c0000a80021002206c008382000fcf7a5fb011ec9b203290fd301208df800002b00dbb200aa4ff480712000fcf7e0fb21000020fcf7abfa1fe040b2bd
S3450800f1c0002803d002280fd007d314e00120faf7e9f82100fcf79dfa11e00220faf7e2f82100fcf796fa0ae00320faf7dbf82100fcf78ffa03e021000020fcf78afa0020e6
S3450800f2003ebd38b50c002000fcf76afb05002000fcf740fb6db2002d03d0022d0bd005d30ee001220021faf7fbf809e002220021faf7f6f804e003220021faf7f1f8ffe7f3
S3450800f240002032bd10b50c000b20faf7abf82100fcf75ffa0020faf7a5f82100fcf759fa002010bd38b50c002000fcf713fb05002000fcf70ffb00222900faf7d1f8002011
S3450800f28032bd7cb505000c0000a80021002206c008382000fcf724fb0600f6b2062e0fd301208df800002b00dbb200aa4ff480712000fcf75ffb21000020fcf72afa3be00c
S3450800f2c001213000c0b2faf795f87d4908607c4d21002878fcf79efa6d1c21002878fcf799fa6d1c21002878fcf794fa6d1c21002878fcf78ffa00213000c0b2faf77af8f4
S3450800f3006f4908606e4d21002878fcf783fa6d1c21002878fcf77efa6d1c21002878fcf779fa6d1c21002878fcf774fa0420faf739f82100fcf7edf9002076bd2de9f043c7
S3450800f34083b004000d0000a80021002206c008382800fcf7c5fa06002800fcf7c3f907002800fcf7bff980462800fcf793fa8146f6b2062e0fd301208df800002300dbb270
S3450800f38000aa4ff480712800fcf7f4fa29000020fcf7bff937e0f6b2002e08d0022e12d00bd3042e1bd014d3052e1ed023e0052241463800faf78df81de006224146380047
S3450800f3c0faf787f817e0072241463800faf781f811e0082241463800faf77bf80be0092241463800faf775f805e00a2241463800faf76ff8ffe76420fdf7e0f9042200212f
S3450800f4004846faf70df80020bde8fe832de9f04383b004000d00002600a80021002206c008382800fcf75cfa07002800fcf758fa80462800fcf756f981462800fcf750fa0f
S3450800f4400300dbb24a464146c9b2380040b2f9f7a7fe0600f6b2002e07d02300dbb200aa4ff480712800fcf785fa0020bde8fe837cb504000d00002600a80021002206c063
S3450800f48008382800fcf72cfac0b2f9f741ff0600f6b2002e07d02300dbb200aa4ff480712800fcf767fa002076bd80b5002000903c23044a04490220fbf72ffe01bd00002d
S3450800f4c0a02100209c1f00202806010810b504002100c9b20220fcf76ff8f9e780b5f8f71bf8002002bd70b588b004000d00002600a80021002206c008382800fcf7f2f8aa
S3450800f50003902800fcf7eef802902800fcf7d9f9adf810000298b249fcf79efe04d30298b049faf741ff0cd8012602208df800002300dbb200aa4ff480712800fcf71afac7
S3450800f54010e00398a849fcf787fe0bd2012601208df800002300dbb200aa4ff480712800fcf708fab6b2002e12d105a902a8f8f72bf80600b6b2002e0ad001208df8000035
S3450800f5802300dbb200aa310089b22800fcf7f2f929000598fcf7a2f82900069880b2fcf7d0f8002008b070bd70b588b004000d00002600a80021002206c008382800fcf7c5
S3450800f5c091f803902800fcf78df802900020adf8100002988249fcf73ffe04d302988149faf7e2fe0cd8012602208df800002300dbb200aa4ff480712800fcf7bbf910e03a
S3450800f60003987949fcf728fe0bd2012601208df800002300dbb200aa4ff480712800fcf7a9f9b6b2002e12d105a902a8f8f730f80600b6b2002e0ad001208df8000023002a
S3450800f640dbb200aa310089b22800fcf793f929000598fcf743f82900069880b2fcf771f8002008b070bd10b594b00c0000a8f8f733fc21000298fcf731f821000398fcf783
S3450800f6802df821000498fcf729f821000598fcf725f821000698fcf721f821000798fcf71df821000098fcf719f821000898fcf715f8002014b010bd10b594b00c0000a8f9
S3450800f6c0f8f70afc21000098fcf708f821000198fcf704f821000298fcf700f821000398fbf7fcff21000498fbf7f8ff21000598fbf7f4ff21000698fbf7f0ff21000798ba
S3450800f700fbf7ecff21000898fbf7e8ff21000998fbf7e4ff21000a98fbf7e0ff21000b98fbf7dcff21000c98fbf7d8ff21000d98fbf7d4ff21000e98fbf7d0ff21000f981f
S3450800f740fbf7ccff21001098fbf7c8ff21001198fbf7c4ff21001298fbf7c0ff21009df84c00fcf757f8002014b010bd10b588b00c0000a8f8f7effb21000098fbf7aeff6a
S3450800f78021000198fbf7aaff21000298fbf7a6ff21000398fbf7a2ff21000498fbf79eff21000598fbf79aff21009df81800fcf731f8002008b010bd80b50800fcf790f869
S3450800f7c0c0b2f9f7bffd002002bd80b5002000903c23064a06490020fbf79ffc01bd00000000a0410100f0420bd7a33b241f00202407010810b504002100c9b20020fbf7ce
S3450800f800dbfef9e710b5fef783fdfbf745fcfef72df90400fef758f92100c9b2c0b2fef774fafff7d2ff00f097f9fff73efe00f0eef900f034faf7f7d4f900f047fa002044
S3450800f84010bd30b587b00120059000200490012003900a200290c8200190554800900023544a52a1544800f053fa00248be00120059000200490012003900a200290c82033
S3450800f8800190e4b2c8204d4900fb04100090e4b223004b4a4b49e4b2a4204b4d00fb045000f036fa0120059000200490012003900a2002904ff4c8700190e4b24ff4c870bc
S3450800f8c0424900fb04100090e4b22300404a4149e4b2a420404d00fb045000f019fa0120059000200490012003900a2002904ff4c8700190e4b24ff4c870384900fb041043
S3450800f9000090e4b22300364a3649e4b2a420364d00fb045000f0fcf90120059000200490012003900a200290c8200190e4b2c8202e4900fb04100090e4b223002c4a2d49d4
S3450800f940e4b2a4202c4d00fb045000f0e1f90120059000200490012003900a200290c8200190e4b2c820254900fb04100090e4b22300234a2349e4b2a420234d00fb045004
S3450800f98000f0c6f9641ce4b2022cfff470af01200290052001900520009000231b4a1c491c4800f03dfa07b030bd0000636470009819002059b60008601a0020c808002051
S3450800f9c0cdf40008e00901080810002030000020f5f70008e8090108780d00205003002081fb0008f0090108c00e0020580a00203ffc0008f809010850110020e80b0020d9
S3450800fa00bdfc0008b80901089812002001620008c80901087c20002080b5f7f722fa002002bd70b586b004000d00002600a80021002206c008382800fbf754fe039028009a
S3450800fa40fbf750fe029002984849fcf705fc04d302984749faf7a8fc0cd8012602208df800002300dbb200aa4ff480712800fbf781ff10e003983f49fcf7eefb0bd2012624
S3450800fa8001208df800002300dbb200aa4ff480712800fbf76fffb6b2002e12d104a902a8f7f70efa0600b6b2002e0ad001208df800002300dbb200aa310089b22800fbf7ba
S3450800fac059ff29000498fbf709fe2900059880b2fbf737fe002006b070bd10b588b00c0000a8f7f7fffc21000298fbf7f7fd21000398fbf7f3fd21000098fbf7effd002030
S3450800fb0008b010bd10b588b00c0000a8f7f7eafc21000098fbf7e2fd21000198fbf7defd21000298fbf7dafd21000398fbf7d6fd21000498fbf7d2fd21000598fbf7cefd9e
S3450800fb4021000698fbf7cafd21009df81c00fbf761fe002008b010bd80b5002000903c23054a06490120fbf7d8fa01bd000020420100f0420bd7a33b601f0020940701081a
S3450800fb8010b504002100c9b20120fbf715fdf9e7f0b597b004000d00002600a80021002206c00838324805602800fbf78afe0700bfb2642f0bd2012601208df80000230060
S3450800fbc0dbb200aa4ff480712800fbf7d3fef6b2002e0fd102a8f8f77ff9264800f066f9bfb23a00bfb23900224800f0bff9214800f0caf929000498fbf770fd002017b08f
S3450800fc00f0bd80b51b4800f051f9002002bde0b5002000903c23184a18490320fbf77dfa00200290642001906420009041f234230ff21d0212490f4800f0f2f807bd10b5cb
S3450800fc4004002100c9b20320fbf7b6fcf9e7000000b595b000a8f8f73ff9054801680298fbf73cfd02480068fbf77afd15b000bda421002050200020d81f0020ec070108c6
S3450800fc807409010810b594b00c0000a8f8f724f921000298fbf722fd002014b010bd80b5002000903c23034a03490420fbf735fa01bd0000142000203408010810b5040028
S3450800fcc02100c9b20420fbf777fcf9e780b50d4800680d49884207d00a485ff0f031016000f060f900f098f906485ff0f031016006480068fff7a5fd02480021016000f0f2
S3450800fd00cdf901bd2c000020f1f0f0f0bc2100202de9fb4f040093460c9d0d9e0e9fddf83ca0ddf84090ddf844803200ef212800fef78afbb0088000061fa42200212000b2
S3450800fd40fef782fb0198a062c4f844b00298a064e56066617019401e2061e762c4f89470c4f81890c4f81c90574502d00020e06300e0e7630320206323486065a46523498b
S3450800fd80200000f0d9f9eff3108072b62049216020490968002910d01e490968d1f88c101c4a1268c2f88c40c1f88840c4f88c1018490968c4f8881005e016490c60c4f8de
S3450800fdc08840c4f88c4014490968491c124a116012490968491c114a116080f31088b8f1000f03d02000fef739fb09e0eff3108072b60a490968491e084a116080f310884d
S3450800fe000020bde8fe8f00bfad0801087508010844524854cc210020d0210020dc2100202de9f0470400894615009a46089e099fddf828802c2200212000fef705fbc4f8d2
S3450800fe400490a660e7602561c4f814a0eff3108072b6134921601349096800290bd011490968896a0f4a126894624c62a1620d490968616203e00b490c606462a4620a49d1
S3450800fe800968491c084a116080f31088b8f1000f03d014f10800fef75ffe0020bde8f0874d49544100220020042200200830eff3108172b682692a4b1b689a4229d382693e
S3450800fec0284b1b689a4224d28269274b1b689a4206d38269244b1b68d21a9210521c0fe082691f4b1b68d21a92101e4b1b68dff878c0dcf800c0b3eb0c039b105b1c9a1859
S3450800ff000368212b04d30368203ad218026000e002608269002a1ed00269904209d182691268824202d18269002313600022826111e0026943695361426903691361826904
S3450800ff401268824205d10269836993618269036913600022826181f310880020704700bff0210020f4210020f8210020eff3108372b6d0f820c0bcf1000f01d18160c2602e
S3450800ff8083f310880020704780b5016a002902d18168002901d1172003e00830fef7dcfd002002bd1548164a10604ff0e0201549c0f8081d14481349096801604ff0e0205f
S3450800ffc0124941614ff0070101610021c0f8181d0f49c0f81c1d0f49c0f8201d7047fee700b500f0c9f800f0d3b800b500f0c4f800f0f0f800f0ccb8fee7fee77421002000
S34508010000bc21002000200008c02100203f190100000000ff0000ff4080b500f027f900f073f91248002101601148002101601148002101601048002101601048002101600d
S345080100400f48002101600f48002101600e48002101600e48002101600d48002101600d48002101600c480021016001bd0c2200201022002014220020182200201c2200201f
S34508010080202200202c220020302200203422002038220020242200202822002072b64ff0e0204ff001010160016941f00101016162b600dfefbe70471c4801681c4a79b16f
S345080100c0eff3098c2ce9f00fc1f808c0dff864c0dcf8005025b18d614ff00005ccf80050136893b103605c6804f101045c60dff844c09d69ccf80050d3f808c0bce8f00fe3
S345080101008cf309886ff0020e704772b61368036023b962b630bfbff36f8ff6e74ff000644ff0e025c5f8044d62b6dce7c4210020c8210020e82100200269a2f1400222f0ab
S3450801014003024ff00003136053609360d36013615361c36893614ff00003d361136253629362d36213634ff0ff33536391634ff08073d363826070470448016801f1010191
S3450801018001604df804ad4ff0000a70472c0000200c480168a1f101010160bde800440a48006800281dbf094909688142704708480068002802bf4ff080504ff0e021c1f84e
S345080101c0040d70472c000020c8210020c4210020dc2100201e49086800f1010008601d4b1a68002a08d0a2f101021a60002a03d1194b4ff001001860184908680268002a05
S3450801020004d0174b4ff001021a6008e000f10400144b1a68904201d1134b186808600e4b1a68002a03d10e49086800280fd04df804ed0b490868002801d000f0a7f8064b9b
S345080102401a68002a01d000f039f95df804eb7047e4210020e8210020ec210020f8210020fc210020f4210020f021002080b51b48002101601a4800210160042200211948d8
S34508010280fef7e2f8184820210160184800210170174b012008e05208491c94461cf0010ff9d019705b1c401cff2802d802000021f3e7802200210f48fef7c6f80e480021e5
S345080102c001600e48002101600d48002101600d48006850f0c5700b49086001bdc4210020c8210020d4210020d8210020f8150020f91500204c1d0020cc210020d0210020f5
S34508010300dc210020e021002080b5144800210160134800210160134800210160124800210160802200211148fef78ef810480f49016010480d4901600f48104901600e48a9
S345080103400068001d0c4908600d48002101600d48002101600c480021016001bde4210020e8210020ec210020fc210020cc1d0020f0210020f8210020f4210020481e002004
S3450801038008220020002200200422002030b583b0002400200190eff3108072b642490968002903d141490968002902d180f3108878e03d4901220a603d4909680968009176
S345080103c00099002902d0009900aa8a613849096800220a6036490968091d354a116034490968344a1268914203d13149324a12680a602e4900220a6080f31088eff31080c1
S3450801040072b619e00022aa6180f310880800002801d020008847eff3108072b6a96901aa914209d10021a96180f310882800fef793fbeff3108072b60099002928d0009d8e
S34508010440009909698d4202d1002100910ae029696a694a6169692a690a61296900aa8a61296900912968212907d3296820392960002101aaaa612d61c6e7a968ec686a6889
S345080104802a602a68002abdd001aaaa612d61bbe70649096800297ff481af034900220a6080f3108837bd00bf08220020fc210020f8210020f4210020f02100201448016867
S345080104c0eff3108072b6134a0023136000291bd00a6b002a18d1ca698a610a6a8a4210d0ca6acb6b9a420cd1ca6a0b4b096a43f822100a490968084a52f82110084a1160a5
S3450801050002e08969074a116080f31088704700bfc4210020ec2100204c1d0020d8210020c8210020e821002080b528490968c0b2fdf705fd26480168a020fdf700fd25481b
S345080105400168a120fdf7fbfc23480168a220fdf7f6fc22480168a320fdf7f1fc20480168a420fdf7ecfc002000900be0009800a951f8201000982038c0b2fdf7e0fc0098d4
S34508010580401c009000981328f0d316485ff0ff31016015485ff0ff31016014485ff0ff31016013485ff0ff3101601248124901600020009002e00098401c00900098642868
S345080105c0f9d30c480d49016001bd000024ed00e028ed00e02ced00e030ed00e034ed00e038ed00e080e100e084e100e080e200e084e200e00ced00e00400fa050100fa058b
S3450801060080b50320fff790ff01bd80b50420fff78bff01bd80b50520fff786ff01bd80b50620fff781ff01bd0a0000003df100080d0001007ff100080e01050003f2000880
S345080106400f00000045f200081001080065f200081100010083f2000812010d003df30008130107000df400081700010071f40008fa00010041c10008fb000100bdc000088f
S34508010680fc00010071c00008fd00ffff95bb0008fe000100b1bf0008ff000100abbe00080000ffff95be000880b5c16eeff3108272b6836e002b2dd000292bd00b68dff8da
S345080106c05cc0634526d100238366036f984202d10023cb600be0036fcb60036fd0f874c0c3f874c0436fd0f870c0c3f870c00b695b1e0b61016b06290cd10d21c0f88410f2
S3450801070007490968491c064b196082f31088fdf7a5fe01e082f3108801bd00bf414d4553dc21002001000000ddf4000803010b00e7f4000805010800a9f5000806000000e2
S3450801074067f600080b000000b9f60008150000006df7000816000100b9f70008fa00010041c10008fb000100bdc00008fc00010071c00008fd00ffff95bb0008fe000100e5
S34508010780b1bf0008ff000100abbe00080000ffff95be00080200000019fa00080401080023fa000807000000dbfa00080c00000005fb0008fa00010041c10008fb000100a0
S345080107c0bdc00008fc00010071c00008fd00ffff95bb0008fe000100b1bf0008ff000100abbe00080000ffff95be00080801020091fb00080900000003fc0008fa000100f1
S3450801080041c10008fb000100bdc00008fc00010071c00008fd00ffff95bb0008fe000100b1bf0008ff000100abbe00080000ffff95be00081401000085fc0008fa000100bb
S3450801084041c10008fb000100bdc00008fc00010071c00008fd00ffff95bb0008fe000100b1bf0008ff000100abbe00080000ffff95be000810b50b480468a06c616c8847e8
S34508010880eff3108072b6012121630121a16306490968491c044a116080f310882000fdf759fe10bdc4210020dc21002080b5eff3108172b6026b042a09d1094a1268521cfa
S345080108c0074b1a6081f31088fdf7c8fd06e0826e81f310881100002900d0904701bd00bfdc21002010b5084979441c31074c7c441a34a14206d0081d0a68511888470146ab
S34508010900a142f8d110bd00bf0800000028000000a39bffff2422000030000020000000005b9affff30000000d8000000000000200000000000f009f8002801d0fff7d2ffa2
S345080109400020fef75fff00f002f80120704700f001b800000746384600f002f8fbe7000080b5c046c046024a11001820abbefbe7260002006c6f676765725f74696d6572aa
S345080109805f6e616d65000000436f7665725f53656d6170686f726500426c6f636b5f53656d6170686f72650002001801050018010b00180117001801736c617665746f733a
S345080109c06c6176655f000000526567656c5f54696d657200c046c046c046c046fff7aaff6379636c65725f00626c6f636b5f0000636f7665725f00006c6f676765725f0033
S34508010a00000000000102030401020304060708090000a0400000a0400000b040cdcc4c40cdcc4c40cdcc4c4002040608f0f0f0f0ffffffffffffffffffffffffffffffff92
