S345080020006066002041200108e51c0108ebeb0008b3eb000843eb00087beb00080000000000000000000000000000000049200108e71c010800000000a1120108cf110108ed
S345080020404d2001085120010855200108592001085d2001086120010865200108692001086d2001087120010875200108e91c0108f31c0108fd1c0108071d0108792001084d
S345080020807d2001088120010885200108892001088d2001081de4000889e300089120010895200108992001089d200108a1200108a5200108a9200108ad200108b120010815
S345080020c0b5200108b9200108bd200108c1200108c5200108c9200108cd200108d1200108d5200108d9200108dd200108e1200108e5200108e9200108ed200108f120010812
S34508002100f5200108f9200108fd200108012101080521010809210108111d01080d2101081121010815210108192101081d2101082121010825210108292101082d210108e8
S345080021403121010835210108392101083d2101084121010845210108492101084d210108ffffffffffffffffffffffffffffffffffffffffffffffffffffffffffffffff29
S34508002200cc045aa500200008c321010803edbbc9303030303036383700546865726d6f4379636c65724e657747656e3200312e30302e30322e323332370000ffffffffff16
S3450800230080b502f0bbfa0a2002f0f2fa00f039fc00f00efd00f04cfd00f042fe00f046ff01f072f801f0defc01f086ff01f044fe01f06afe01f090fe01f0b8fe01f010fca2
S3450800234001f058fc01f0b2fd02f046fa00209fed730a00f0cdf901209fed700a00f0c8f902209fed6e0a00f0c3f904209fed6b0a00f0bef94df2c83304220021dff8fc0b84
S3450800238002f01efb4df2c83304220021dff8f00b02f016fbdff8ec0b02f013fedff8e80b02f00ffedff8e40b02f00bfedff8e00b02f007fedff8dc0b0068d0f8080430f47c
S345080023c08070dff8d01b0968c1f80804dff8c40b0068d0f8080430f08070dff8b81b0968c1f80804dff8ac0b0068d0f80c0440084000dff8a01b0968c1f80c04dff8940b7d
S345080024000068d0f8080430f48030dff8881b0968c1f8080401220221dff8780b03f05cf901220421dff86c0b03f056f901220821dff8600b03f050f901221021dff8540bba
S3450800244003f04af95521dff84c0b03f04dfb5ff4f811dff8400b03f062fb012220215ff0904003f0c5fe01224021dff81c0d03f0bffe002000f0b1f9012000f0aef902206a
S3450800248000f0abf9042000f0a8f9dff80c0b006850f08060dff8001b0860dff8fc0a006850f40060dff8f01a0860dff8e00c006850f48050dff8d41c086001bd80b5002042
S345080024c09fed160a00f014f901209fed140a00f00ff902209fed110a00f00af904209fed0f0a00f005f9002220215ff0904003f07ffe00224021dff8900c03f079fe02207b
S3450800250000f00ef89fed050a00f026f901bd80b5dff87c0c03f0c3fe01bd00000000000080b5c0b2002804d0022800f096804ad3dde001220421dff8640a03f059fe002283
S345080025401021dff8580a03f053fe00222021dff84c0a03f04dfe01224021dff8400a03f047fe01228021dff8340a03f041fe00224ff40041dff8240a03f03afe00220121cf
S34508002580dff8040c03f034fe01220221dff8f80b03f02efe01220421dff8ec0b03f028fe00220821dff8e00b03f022fe00221021dff8d40b03f01cfe01222021dff8c80b4f
S345080025c003f016fe93e000220421dff8d00903f00ffe01221021dff8c40903f009fe01222021dff8b80903f003fe00224021dff8ac0903f0fdfd00228021dff8a00903f048
S34508002600f7fd01224ff40041dff8900903f0f0fd01220121dff8700b03f0eafd00220221dff8640b03f0e4fd00220421dff8580b03f0defd01220821dff84c0b03f0d8fd40
S3450800264001221021dff8400b03f0d2fd00222021dff8340b03f0ccfd49e000220421dff83c0903f0c5fd00221021dff8300903f0bffd00222021dff8240903f0b9fd00225a
S345080026804021dff8180903f0b3fd00228021dff80c0903f0adfd00224ff40041dff8fc0803f0a6fd00220121dff8dc0a03f0a0fd00220221dff8d00a03f09afd0022042155
S345080026c0dff8c40a03f094fd00220821dff8b80a03f08efd00221021dff8ac0a03f088fd00222021dff8a00a03f082fdffe701bd10b50400dfed9b0a80ee200a10ee100a05
S3450800270003f0e8fd0022dff88c3a03f007fe0022dff8843a03f0d8fe03f0faffe4b2002c06d0012c09d0022c0cd0042c0fd012e080b2dff8681a08600de080b2dff8601a84
S34508002740086008e080b2dff85c1a086003e080b2dff87c1c086010bd80b5dfed8c0a20ee200a10ee100a03f0b5fd0022dff8383a03f0aafe03f0ccff80b2dff8581c086026
S3450800278001bdc0b2002806d001280cd0022812d0042818d01fe0dff8400c0068c00810f00100c0b218e0dff8300c0068000910f00100c0b210e0dff8200c0068400810f061
S345080027c00100c0b208e0dff8100c0068800810f00100c0b200e001207047c0b2002806d001280dd0022814d004281bd022e00820dff8e81b08600120dff8b41d086019e031
S345080028001020dff8d81b08600420dff8a41d086010e00220dff8c41b08601020dff8901d086007e00420dff8b41b08604020dff8801d0860704738b52ded028b80b203f0f3
S3450800284083ff0022dff8983b03f068fd0022dff8943b03f039fe41ec180b53ec182b0020dff8841b03f05afd04000d000020dff8701b53ec182b04f033f802000b0020009f
S34508002880290003f021fe41ec100b04f09ef8b0ee408af0ee608a53ec182bdff8500bdff8501b03f03bfddff84c2bdff84c3b03f059ff04000d0053ec182bdff8400bdff829
S345080028c0401b03f02bfd53ec182b03f027fd53ec182b03f023fd22002b0003f043ff02000b000020dff81c1b03f0eefd04f07af803f0f0fc5ff06632dff8b83c03f032ff70
S3450800290004f070f800ee100abdec028b31bd80b5dff8a41cc0b231f81000fff78cff01bd80b5dff8981cc0b231f81000fff783ff01bd80b5dff8800c8088fff77cff01bddb
S3450800294080b5dff8740c008903f0fefedff8702cdff8703c03f0e2fc04f044f800ee100a01bd000000007f4380b5dff84c0cc08803f0eafedff8502cdff8503c03f0cefccc
S3450800298004f030f800ee100a01bd00000040034780b5c0b2002803d0022821d010d32fe0dff8140c408903f0cffedff8242cdff8243c03f0b3fc04f015f800ee100a21e064
S345080029c0dff8f40b808903f0bffedff8042cdff8043c03f0a3fc04f005f800ee100a11e0dff8d40bc08903f0affedff8e42bdff8e43b03f093fc03f0f5ff00ee100a01e0d3
S34508002a009fedca0a01bd000080b5c0b2002808d0022832d01bd304285bd044d305286ed083e0dff8b40b0088dff8ac1b4988401a04f00cf8dff8902bdff8903b03f06efcfd
S34508002a4031f0004103f0ceff00ee100a6fe0dff8880b4088dff8801b8988401a03f0f6ffdff8642bdff8643b03f058fc31f0004103f0b8ff00ee100a59e0dff85c0bc088e2
S34508002a80dff8541b0989401a03f0e0ffdff8382bdff8383b03f042fc31f0004103f0a2ff00ee100a43e0dff8300b0089dff8281b4989401a03f0caffdff80c2bdff80c3b65
S34508002ac003f02cfc31f0004103f08cff00ee100a2de0dff8040b8089dff8fc1ac989401a03f0b4ffdff8e02adff8e03a03f016fc31f0004103f076ff00ee100a17e0dff813
S34508002b00d80ac089dff8d01a098a401a03f09effdff8b42adff8b43a03f000fc31f0004103f060ff00ee100a01e09fed800a01bd80b50100c9b2042911dadff8a01ac0b278
S34508002b4031f8100003f000fedff8942adff8943a03f0e4fb03f046ff00ee100a10e0dff87c1ac0b231f8100003f0eefddff8782adff8783a03f0d2fb03f034ff00ee100afb
S34508002b8001bd10b586b0142100226c46200003f06fffdff85c0a006850f01000dff8501a0860dff84c0a006810f0100005900598dff83c0a006850f00200dff8341a0860fb
S34508002bc0dff82c0a006810f0020005900598dff8200a006850f00800dff8141a0860dff8100a006810f0080005900598dff8000a006850f00400dff8f8190860dff8f009c0
S34508002c00006810f0040005900598dff8e409006850f00100dff8d8190860dff8d409006810f0010005900598dff8c409006850f02000dff8bc190860dff8b409006810f080
S34508002c4020000590059800227f21dff83c0503f0cffa002248f2f401d04803f0c9fa01224ff490515ff0904003f0c2fa01224ff40051dff8800903f0bbfa002220215ff0b9
S34508002c80904003f0b5fa7f2000900120019000200290002003906946dff8ec0403f0c0f948f2f40000900120019000200290002003906946b94803f0b3f94ff49050009055
S34508002cc001200190012002900020039069465ff0904003f0a5f94ff4005000900120019001200290002003906946dff8080903f097f92020009001200190002002900020a6
S34508002d00039069465ff0904003f08af94ff4806000900120019001200290002003906946dff8240e03f07cf906b010bd0000000080b5dff8180e006850f00400dff80c1e61
S34508002d400860dff8080e006810f0040000900098dff8f80d006850f00100dff8f01d0860dff8e80d006810f0010000900098002200210b2003f007ff0b2003f014ff002274
S34508002d8000210c2003f0fffe0c2003f00cff002200210d2003f0f7fe0d2003f004ff002200210e2003f0effe0e2003f0fcfe01bd18b58bb00c21002208ac200003f058fe85
S34508002dc0202100226c46200003f052fe5ff0a040dff8141e08605ff41010dff80c1e48600020dff8041e88600020dff8fc1dc8600020dff8f41d08610120dff8ec1d48613d
S34508002e000420dff8e41d88610020dff8dc1d08770120dff8d41d48770620dff8cc1d08620020dff8c41d81f824000020dff8b81dc8620020dff8b01d08630120dff8a81de1
S34508002e4081f838000020dff8a01dc8630120dff8981d81f840001420dff88c1d48644020dff8841d88640020dff87c1dc8640120dff8741d0865dff8700d03f081ff002889
S34508002e8001d001f0f9fc0020089008a9dff8580d04f0fafc002801d001f0eefcdff8b00c009006200190032002907f20039004200490002005906946dff82c0d04f058f9b8
S34508002ec0002801d001f0d8fcdff8880c00900c2001906946dff8100d04f04af9002801d001f0cafcdff8700c0090122001906946dff8f40c04f03cf9002801d001f0bcfccd
S34508002f00dff8580c0090182001906946dff8d80c04f02ef9002801d001f0aefcdff8cc0c00904ff4807001906946dff8bc0c04f01ff9002801d001f09ffcdff8b40c0090cd
S34508002f404ff4837001906946dff89c0c04f010f9002801d001f090fc7f21dff88c0c04f046fc002801d001f087fc0622dff84c16dff8740c04f052f80cb010bdfc5c002032
S34508002f80105d0020885b0020ac5b0020d05b0020f45b0020704d0020102004e0000c004810b588b0202100226c46200003f060fddff8c80cdff8501e08605ff41010dff829
S34508002fc0481e48600020dff8401e88600020dff8381ec8600020dff8301e08610120dff8281e48610420dff8201e88610020dff8181e08770120dff8101e48770820dff8bc
S34508003000081e08620020dff8001e81f824000020dff8f41dc8620020dff8ec1d08630120dff8e41d81f838000020dff8dc1dc8630120dff8d41d81f840001420dff8c81d4c
S3450800304048644020dff8c01d88640020dff8b81dc8640120dff8b01d0865dff8ac0d03f08ffe002801d001f007fcdff8f00a009006200190022002907f20039004200490b9
S34508003080002005906946dff8800d04f071f8002801d001f0f1fbdff8400c00900c2001906946dff8640d04f063f8002801d001f0e3fbdff8a40a0090122001906946dff82b
S345080030c0480d04f055f8002801d001f0d5fbdff80c0c0090182001906946dff82c0d04f047f8002801d001f0c7fbdff8f40b00904ff4807001906946dff80c0d04f038f89f
S34508003100002801d001f0b8fbdff8000d00904ff4837001906946dff8f00c04f029f8002801d001f0a9fbdff8e80c00904ff4867001906946dff8d00c04f01af8002801d0fe
S3450800314001f09afbdff8fc0c00904ff4897001906946dff8b40c04f00bf8002801d001f08bfb7f21dff8a00c04f041fb002801d001f082fb0822dff84014dff88c0c03f061
S345080031804dff08b010bd000000100048082004e0345d0020f406a441006af8409c6801401c6901409c69014000e06f4018b58bb00c21002208ac200003f05afc20210022e3
S345080031c06c46200003f054fcdff8dc0cdff8e01d08605ff41010dff8d81d48600020dff8d01d88600020dff8c81dc8600020dff8c01d08610120dff8b81d48610420dff84c
S34508003200b01d88610020dff8a81d08770120dff8a01d48770920dff8981d08620020dff8901d81f824000020dff8841dc8620020dff87c1d08630120dff8741d81f83800c4
S345080032400020dff86c1dc8630120dff8641d81f840001420dff8581d48644020dff8501d88640020dff8481dc8640120dff8401d0865dff83c0d03f083fd002801d001f0e0
S34508003280fbfa0020089008a9dff8240d04f0fcfa002801d001f0f0fadff8740b009006200190022002907f20039004200490002005906946dff8f80c03f05aff002801d01d
S345080032c001f0dafadff8e40c00900c2001906946dff8dc0c03f04cff002801d001f0ccfadff80c090090122001906946dff8c00c03f03eff002801d001f0befadff80c0b3a
S345080033000090182001906946dff8a40c03f030ff002801d001f0b0fadff8980c00904ff4807001906946dff8880c03f021ff002801d001f0a1fadff8240800904ff48370f0
S3450800334001906946dff8680c03f012ff002801d001f092fadff8940800904ff4867001906946dff84c0c03f003ff002801d001f083fadff8e40700904ff489700190694665
S34508003380dff82c0c03f0f4fe002801d001f074fadff8b00a00904ff48c7001906946dff8100c03f0e5fe002801d001f065fa7f21dff8fc0b04f01bfa002801d001f05cfa3a
S345080033c009228549dff8e80b03f028fe0cb010bd1c6a0140342c0140886b01408c6b0140000004400000f0400088c340dc46ce853b5e2b3f6eae91511b1d4b3f67462b7502
S345080034003da2753e0000f03f10b588b0202100226c46200003f02cfbdff88c0cdff8dc1c08605ff41010dff8d41c48600020dff8cc1c88600020dff8c41cc8600020dff82c
S34508003440bc1c08610120dff8b41c48610420dff8ac1c88610020dff8a41c08770120dff89c1c48770620dff8941c08620020dff88c1c81f824000020dff8801cc86200200b
S34508003480dff8781c08630120dff8701c81f838000020dff8681cc8630120dff8601c81f840001420dff8541c48644020dff84c1c88640020dff8441cc8640120dff83c1c9b
S345080034c00865dff8380c03f05bfc002801d001f0d3f9dff80408009006200190022002907f20039004200490002005906946dff80c0c03f03dfe002801d001f0bdf9dff876
S34508003500000c00900c2001906946dff8f00b03f02ffe002801d001f0aff9dff8e80b0090122001906946dff8d40b03f021fe002801d001f0a1f9dff8a807009018200190fa
S345080035406946dff8b80b03f013fe002801d001f093f9dff8b40b00904ff4807001906946dff8980b03f004fe002801d001f084f9dff8e00500904ff4837001906946dff872
S345080035807c0b03f0f5fd002801d001f075f97f21dff8680b04f02bf9002801d001f06cf906220e49dff8540b03f038fd08b010bd946b0140661271c0245d0020645d00201b
S345080035c016df3553291a183f3565b64a01803b3fbd30cc1bbda0393fe85c0020705d002052533f2d0e803b3faabd469a91a4283f4c1002400008004830b59bb004001421c4
S3450800360000226d46280003f033fa5421002206ad280003f02dfa2068b0f1a04f40f092804ff4004006905ff00050179006a804f003fa002801d001f01ff9dff8c80b006867
S34508003640401cdff8c01b0860dff8b80b006801280ed1dff8b40b006850f40050dff8a81b0860dff8a40b006810f4005005900598dff8940b006850f00400dff88c1b0860ac
S34508003680dff8840b006810f0040005900598dff8780b006850f00100dff86c1b0860dff8680b006810f00100059005980520009003200190002002906946dff8500b02f05c
S345080036c0affc0f200090032001900020029069465ff0904002f0a4fcdff8340bdff8341b08600520dff82c1b48600020dff8241b88600020dff81c1bc8608020dff8141be3
S3450800370008614ff48070dff80c1b48614ff48060dff8001b88612020dff8f81ac8610020dff8f01a0862dff8ec0a04f079fb002801d001f0a1f8dff8dc0a6065dff8d40a8e
S345080037408462fee12068dff83415884240f0ac804ff4004006905ff00050179006a804f06bf9002801d001f087f8dff8980a0068401cdff8901a0860dff8880a00680128ba
S345080037800ed1dff8840a006850f40050dff8781a0860dff8740a006810f4005005900598dff8640a006850f00400dff85c1a0860dff8540a006810f0040005900598dff857
S345080037c0480a006850f00100dff83c1a0860dff8380a006810f0010005900598dff8280a006850f00200dff8201a0860dff8180a006810f0020005900598382000900320ab
S345080038000190002002906946dff8000a02f008fcd0200090032001900020029069465ff0904002f0fdfb48f20400009003200190002002906946c44802f0f2fbdff8d8098d
S34508003840dff8d81908602420dff8d01948600020dff8c81988600020dff8c019c8608020dff8b81908614ff48070dff8b01948614ff48060dff8a41988612020dff89c190d
S34508003880c8610020dff894190862dff8900904f0c7fa002801d000f0efffdff880096065dff8780984624ce12068dff8fc15884240f0ae805ff4803006905ff000401890cf
S345080038c006a804f0b9f8002801d000f0d5ffdff850090068401cdff848190860dff84009006801280ed1dff82009006850f48040dff814190860dff81009006810f4804092
S3450800390005900598dff80009006850f00800dff8f8180860dff8f008006810f0080005900598dff8e408006850f01000dff8d8180860dff8d408006810f0100005900598f0
S34508003940dff8c408006850f00200dff8bc180860dff8b408006810f00200059005984ff4f840009003200190002002906946dff8b40802f055fb4ff40650009003200190d8
S34508003980002002906946dff8a00802f049fb4ff400500090032001900020029069466a4802f03efbdff88408dff8841808602520dff87c1848600020dff8741888600020ad
S345080039c0dff86c18c8608020dff8641808614ff48070dff85c1848614ff48060dff8501888612020dff84818c8610020dff840180862dff83c0804f013fa002801d000f00a
S34508003a003bffdff82c086065dff82408846298e02068dff89416884240f093805ff4803006905ff00040189006a804f005f8002801d000f021ffdff8e8070068401cdff81e
S34508003a40e0170860dff8d807006801280ed1dff8b807006850f48040dff8ac170860dff8a807006810f4804005900598dff89807006850f01000dff890170860dff8880751
S34508003a80006810f0100005900598dff87c07006850f00800dff870170860dff86c07006810f00800059005984ff4b840009003200190002002906946dff86c0702f0b0facc
S34508003ac04ff44070009003200190002002906946dff8500702f0a4fadff8640cdff8f41c08602620dff8ec1c48600020dff8e41c88600020dff8dc1cc8608020dff8d41ca2
S34508003b0008614ff48070dff8cc1c48614ff48060dff8c01c88612020dff8b81cc8610020dff8b01c0862dff8ac0c04f079f9002801d000f0a1fedff89c0c6065dff8940c3b
S34508003b4084621bb030bd0000000400484810024004006008020030040800900c1000c01010b58cb0302100226c46200002f080ffdff8d00bdff8a01c0860dff89c0c00f0ba
S34508003b80cbfe002801d000f077fe0220009000208df8040000208df8050000200290002003900020049002200590022006900020079000226946dff8600c00f01eff002843
S34508003bc001d000f059fe00226946dff84c0c04f0bffa002801d000f04ffe0021dff8380c00f0b0fe0cb010bd74540020400020190001802110b58cb0302100226c46200010
S34508003c0002f036ffdff8140cdff8141c0860dff8100c00f081fe002801d000f02dfe0220009000208df8040000208df805000020029000200390002004900220059002207c
S34508003c4006900020079000226946dff8d40b00f0d4fe002801d000f00ffe00226946dff8c00b04f075fa002801d000f005fe0021dff8ac0b00f066fe0cb010bd000100500b
S34508003c8081b00168dff8bc2a91420fd1dff8940b006850f48030dff88c1b0860dff8840b006810f480300090009813e00068dff86c1b88420ed1dff86c0b006850f40030fe
S34508003cc0dff8601b0860dff85c0b006810f400300090009801b0704700106032000052470080f03e18b597b00c2100226c46200002f0befe1c21002210ac200002f0b8fee3
S34508003d003421002203ac200002f0b2fedff8180bdff8181b08600020dff8101b48600020dff8081b886048f23f30dff8001bc8600020dff8f81a08610020dff8f01a486176
S34508003d400020dff8e81a8861dff8e00a04f064fb002801d000f090fd0020009000200190002002906946dff8c40a05f035f8002801d000f081fd60201090002011900220d6
S34508003d80129000201390002014900020159000201690002210a9dff8940a04f04bfd002801d000f069fd00200390002004900020059000200690002007904ff400500890b2
S34508003dc00020099000200a9000200b905ff000700c9000200d9000200e9000200f9003a9dff8480a05f059f8002801d000f044fd0021dff8380a04f04cfbdff8300a00f037
S34508003e0023f818b010bd0000e05400200002b0252000f01481b00068dff80c1a88420ed1dff80c0a006850f40060dff8041a0860dff8fc09006810f400600090009801b05f
S34508003e40704700000008302e38b586b004001421002201ad280002f00bfe2068dff8c81988421ed1dff8a003006850f01000dff898130860dff89003006810f01000009041
S34508003e8000984ff4007001900220029000200390012004900220059001a9dff88c0302f0bff807b030bd00000004005080b5dff88409dff8841908604ff48270dff8781982
S34508003ec048600020dff8701988604ff4e060dff86819c8600220dff8601908610120dff8581948614ff40070dff84c1988613820dff84419c8610020dff83c190862002051
S34508003f00dff8341948620020dff82c1988620720dff82419c8620020dff81c1908630020dff814194863dff8100905f033f8002801d000f0a1fc01bd38b586b00400142104
S34508003f40002201ad280002f093fd2068dff8e418884229d1dff8e408006850f40040dff8dc180860dff8d408006810f4004000900098a548006850f00400a3490860a2485a
S34508003f80006810f00400009000984ff4e05001900220029001200390002004900620059001a99a4802f03cf807b030bd8000501d4c5500200004002a80b5dff88408dff8e3
S34508003fc0841808604ff48070dff8781848605020dff8701888600020dff8681808610020dff86018c8600020dff8581848610020dff850188861dff84c0800f0a3fe002803
S3450800400001d000f039fc01bd80b5dff83c08dff83c1808604ff48070dff8301848605020dff8281888600020dff8201808610020dff81818c8600020dff8101848610020a3
S34508004040dff808188861dff8040800f07bfe002801d000f011fc01bd80b5dff8f407dff8f41708600020dff8ec1748605020dff8e41788600020dff8dc1708610020dff8eb
S34508004080d417c8600020dff8cc1748610020dff8c4178861dff8bc0700f054fe002801d000f0eafb01bd00000005005080b5dff8a807dff8a81708600020dff8a0174860d5
S345080040c05020dff8981788600020dff8901708610020dff88817c8600020dff8801748610020dff878178861dff8700700f02afe002801d000f0c0fb01bd0000b855002074
S34508004100002090360040c03a0000214338b586b00400142100226d46280002f0a9fc2068dff81c17884216d13748006850f00200354908603448006810f002000590059893
S345080041400220009003200190002002906946394801f066ff53e02068dff8ec16884216d12948006850f00400274908602648006810f00400059005980220009003200190e7
S34508004180002002906946214801f04aff37e02068dff8bc16884216d11b48006850f00200194908601848006810f002000590059801200090032001900020029069461d48f6
S345080041c001f02eff1be02068dff88c16884216d10d48006850f002000b4908600a48006810f00200059005984ff400600090032001900020029069460e4801f011ff07b0e7
S3450800420030bd0000a05d00204c1002400008004808000240ec560020440002404c570020a45d0020000c0048001000481c000240ac5700200004004818b5b5b00c21002268
S345080042406c46200002f014fc102100220aac200002f00efc1021002206ac200002f008fc6021002216ac200002f002fc0c21002203ac200002f0fcfb1c2100222eac200047
S3450800428002f0f6fb202100220eac200002f0f0fbdff8cc05dff8cc1508600020dff8c41548600020dff8bc158860dff8b80500f0dffe002801d000f0dffa0c21dff8a40533
S345080042c000f06aff002801d000f0d6fa0a21dff8940500f09fff002801d000f0cdfa0021dff8800501f0bff8002801d000f0c4fa0020009000200190012002906a46022112
S34508004300dff8600501f05bf9002801d000f0b4fa6a460221dff84c0501f0caf8002801d000f0aafa01200a9002200b9000200c9000200d900aaa0221dff8280500f0aaffb7
S34508004340002801d000f098fa01220221dff8140501f0c2f9002002906a460421dff8040501f02df9002801d000f086fa6a460421dff8f00401f09cf8002801d000f07cfa67
S345080043800aaa0421dff8dc0400f084ff002801d000f072fa01220421dff8c80401f09cf9012002906a460821dff8b80401f007f9002801d000f060fa6a460821dff8a4047b
S345080043c001f076f8002801d000f056fa0aaa0821dff8900400f05eff002801d000f04cfa01220821dff87c0401f076f96a461021dff8700401f0e3f8002801d000f03cfa39
S345080044006a461021dff85c0401f052f8002801d000f032fa0aaa1021dff8480400f03aff002801d000f028fa01221021dff8340401f052f94ff4d260069000200790052044
S3450800444008900820099006aa0621dff8180400f003ff002801d000f00ffa0020169000201790002018900020199001201a9000201b9000201c9000201d9000201e900020ec
S345080044801f905ff00060209000202190002022905ff00050239000202d9016aa0621dff8c40301f05ef9002801d000f0e5f94ff40c70039003ab01220621dff8a80301f0bd
S345080044c0dbf9002801d000f0d7f94ff48c60039003ab02220621dff88c0301f0cdf9002801d000f0c9f94ff45270039003ab04220621dff8700301f0bff9002801d000f02f
S34508004500bbf91020099006aa0021dff8580300f0a3fe002801d000f0aff900202e9000203190002034902eaa0021dff8380301f07cf9002801d000f09ff900201690002050
S34508004540179000202490082025900020269000202790002028905ff080702a9010202b9000202c9016aa0021be4801f0faf8002801d000f081f91020259020202b9016aac3
S345080045800121b84801f0edf8002801d000f074f90220259040202b9016aa0221b14801f0e0f8002801d000f067f9042025900020289080202b9016aa0321aa4801f0d1f823
S345080045c0002801d000f058f903ab01220021a54801f052f9002801d000f04ef900200e9080200f900820109000201190002012902020139000201490002015900eab012298
S345080046000021984801f051fa002801d000f034f94ff480700f900eab04220121914801f044fa002801d000f027f94ff400700f900eab102202218b4801f037fa002801d0e7
S3450800464000f01af94ff480600f900eab40220321844801f02afa002801d000f00df90020079006aa01217f4800f0f6fd002801d000f002f92eaa01217a4801f0d6f800289e
S3450800468001d000f0f9f803ab01220121754801f0f3f8002801d000f0eff806aa0221714800f0dafd002801d000f0e6f82eaa02216c4801f0baf8002801d000f0ddf803ab06
S345080046c001220221674801f0d7f8002801d000f0d3f806aa0321634800f0befd002801d000f0caf82eaa03215e4801f09ef8002801d000f0c1f80020039003ab01220321fb
S34508004700584801f0b9f8002801d000f0b5f8554800f01af836b010bd81b00068504988420bd14348006850f08060414908604048006810f080600090009801b07047000004
S34508004740300002400008005038b586b00400142100226d46280002f08bf920684049884236d13048006850f001002e4908602d48006810f00100059005982a48006850f086
S345080047800200284908602748006810f00200059005984ff4a06000900220019001200290012003900d20049069465ff0904001f037fc4ff4a040009002200190012002904c
S345080047c0012003900d2004906946274801f028fc07b030bd0c58002080b524482449086000202349486040f6ff702149c86040f6ff701f4988601e4801f01afd002801d09e
S3450800480000f03af801bd80b500681a49884201d104f0a6ff01bd0000fc5c0020000c0050105d00204c100240002c0140c858002060100240003c0040245600205810024079
S3450800484000020140885b002008020140ac5b00200c020140d05b002014020140f45b002000680140704d00200004004800300040345d00200010004072b6fee710b50024d9
S34508004880032002f07cf90f2004f076ff002801d0012401e004f0c8ff2000c0b210bd1349096831f0300108431049086070470f49096831f0020108430c490860704710b55c
S345080048c00a48006850f001000849086004f0d4ff040006480068000706d404f0cdff001b0b28f6d3032000e0002010bd3000014038b5040004f0c0ff050014f1010f02d0cc
S3450800490004480068041904f0b7ff401ba042fad331bd00bf5000002010b50400002c01d101200ee02079002804d1002060712000fff7a6f9022020710020206101202071af
S34508004940002010bd38b505000c006879012801d1022034e0012068710220287128680168012214f0100082401143286801600120fff7beff002c0cd12868006810f03e002d
S34508004980022817d12868406850f001002968486010e02868006810f47810022114f0100411fa04f4a04205d12868406850f00200296848600120287100206871002032bd46
S345080049c078b4002400940468e56b4ff4807611f01004a640354200680090002904d1009812180832009203e0009812181432009200980360002072bc70472de9f04107000f
S34508004a000d001400e8690128a86804287879012801d1022000e10120787102203871a868042850d104f028ff0600002c17d13868406b00040cd504f01fff801b0228f6d36b
S34508004a40386950f008003861032038710320e3e00120fff74dff686a3968086416e03868406b00280cd504f007ff801b0228f6d3386950f008003861032038710320cbe0c4
S34508004a800120fff735ff686a396848643868816c40f2ff3214f0100082409143aa6a14f0100082401143386881643868c16cff2214f0100082409143ea6a14f0100082405f
S34508004ac011433868c164e86901280dd13868816b1f2214f01000824091432a6a14f0100082401143386881633868c66b072114f0100081408e43a869012801d100210ae0c8
S34508004b00a869022801d1012105e06869002801d1012100e00021d5f80880686950ea080851ea08084ff4807114f0100081408e432879012802d14ff4807000e0002050eac6
S34508004b4008084ff4007114f0100081408e436879012802d14ff4007000e0002050ea080836f44046286802280ed104f08bfe2b49884202d356f4004608e02949884202d381
S34508004b8056f4804602e001e02868064314f0100018fa00f858ea06063868c663386801684ff4804214f0100082409143386801603868016840f6fe7214f0100082409143f4
S34508004bc0ea6814f01000824011433868016038680168c02214f010008240914338680160e868c0f383012869800110f4706001433868026e40f60f7314f0100083409a4367
S34508004c0014f0100411fa04f414433868046601203871002078710020bde8f0810168890901b4c404dff8f41309680843dff8ec1308607047dff8e81309680843dff8e01382
S34508004c4008607047dff8d413096831ea0000dff8cc1308607047dff8c813096831ea0000dff8bc1308607047dff8b81309680843dff8b01308607047dff8ac13096808437c
S34508004c80dff8a41308607047dff89813096831ea0000dff8901308607047dff88c13096831ea0000dff8801308607047dff87c1309680843dff8741308607047dff870130e
S34508004cc009680843dff8681308607047dff85c13096831ea0000dff8541308607047dff85013096831ea0000dff8441308607047dff8401309680843dff838130860704710
S34508004d00dff8341309680843dff82c1308607047dff82013096831ea0000dff8181308607047dff81413096831ea0000dff8081308607047dff8041308607047dff800130d
S34508004d40086070477cb50400002000900025002c01d1012532e120680068002801d501252ce1607f002806d100202077002020622000fff7cbf92068006810f40000a26895
S34508004d8061680a4361690a43e1680a4321690a4321680b68dff8ac120b401a4321680a6021680968090213d5002811d1dff898020068dff89812b0fbf1f1491c1420414324
S34508004dc0009102e00098401e009000980028f9d12068dff87c12884202d15ff4001627e02068dff87012884202d15ff480061fe02068dff86412884202d15ff0005617e0c4
S34508004e002068dff85812884202d15ff080460fe02068dff84c12884202d15ff0004607e02068dff84012884201d1012600e00226207e10f0030f00f09e80207ec00611d5a0
S34508004e402068dff82012884204d02068dff81812884203d13000fff731ff14e03000fff725ff10e02068dff8fc11884204d02068dff8f411884203d13000fff730ff02e007
S34508004e803000fff723ff207e800611d52068dff8d411884204d02068dff8cc11884203d13000fff72dff12e03000fff721ff0ee020686c49884203d020686b49884203d1aa
S34508004ec03000fff72eff02e03000fff721ff20686449884203d020686349884203d13000fff72cff02e03000fff724ff207e80070fd520685b49884203d020685a49884242
S34508004f0003d13000fff7b8fe12e03000fff7acfe0ee020685349884203d020685249884203d13000fff7b9fe02e03000fff7acfe207ec0070fd520684a49884203d0206869
S34508004f404949884203d13000fff774fe31e03000fff768fe2de020684249884203d020684149884203d13000fff775fe21e03000fff768fe1de020683a49884203d02068fe
S34508004f803949884203d13000fff787fe02e03000fff77afe20683349884203d020683249884203d13000fff756fe02e03000fff749fe607f002801d1012060772800c0b222
S34508004fc076bd81b00100002000900020002901d1012020e00a681268002a01d501201ae04a7f012a16d10a68126852f001020b681a6002224a77144909681c4ab1fbf2f2a9
S3450800500005214a4300920099002904d00099491e0091f8e70120c0b201b070470004014020040140040401402404014008040140280401400c0401402c04014014040140eb
S34508005040340401400f7e00ff54000020400d03000002014004020140080201400c02014010020140140201401802014080841e001cb50400002c01d101208ce0022084f810
S34508005080dd000020c4f8e0000020c4f8e4000020c4f8e8000020c4f8ec000020c4f8f0000020c4f8f4000020c4f8f800207ac00723d52068dff8d41188420ed1dff8d0019f
S345080050c0006850f08060dff8c8110860dff8c001006810f08060009000982068006830f44040216911f44041084330f44050616911f440510843216808602000fff70cfb9e
S34508005100207a800709d52068006830f44070e16811f44071084321680860012084f8dd00002084f8dc00002130e000220b00dbb21c20434304eb0300826100220b00dbb235
S345080051401c20434304eb0300c26100220b00dbb21c20434304eb0300026200220b00dbb21c20434304eb0300426200220b00dbb21c20434304eb0300826200220b00dbb25a
S345080051801c20434304eb03000263491c0800c0b20728cad3002016bd90f8dc20012a01d1022036e0012280f8dc20022280f8dd2011f1010f10d10168d1f8cc1331f0020119
S345080051c00268c2f8cc130168d1f8cc1351f001010268c2f8cc1318e00268d2f8cc2352f002020368c3f8cc230268d2f8cc2332f00c0211430268c2f8cc130168d1f8cc1316
S3450800520051f001010268c2f8cc13012180f8dd100020704770b505000c0004f02dfb06002868d0f88803c0030ed414f1010ff7d004f022fb801b844201d3002cf0d10720a6
S3450800524085f8dd00032006e0012085f8dd00002085f8dc00002070bd10b5040094f8dd00022801d1022010e0022084f8dd00062904d11100200000f06bfc02e0200000f043
S345080052807afc012084f8dd00002010bd006801406010024070b490f8dd30022b01d10220dfe090f8dc30012b01d10220d9e0012380f8dc30022380f8dd300368d3f8d04307
S345080052c00368d3f8d433157815f001051668c6f3400601290ad002291dd0042933d0082949d010295fd0202972d089e034f0fe04117911f002010c4354ea850433f48033b8
S3450800530053ea0643117a11f078010c43117b11f080010c437ae034f47e445168090211f400710c4354ea852433f4003353ea46439168090211f4f0410c43d168090211f482
S3450800534000410c4362e034f47e045168090411f400310c4354ea854433f4802353ea86439168090411f4f0010c43d168090411f400010c434ae024f07e445168090611f0d2
S3450800538000710c4354ea856433f4002353eac6439168090611f0f0410c43d168090611f000410c4332e033f0fe03117911f002010b4353ea850333f4801353ea0653117a54
S345080053c011f078010b43117b11f080010b431de033f47e435168090211f400710b4353ea852333f4001353ea46539168090211f4f0410b43d168090211f400410b4305e0d4
S34508005400072180f8dd10002180f8dc1090f8dd10072901d1012024e034f080310268c2f8d013dff8501419400268c2f8d4130168d1f8d01334f07f340c430168c1f8d043c5
S345080054400168d1f8d42348f280010b4013430168c1f8d433012180f8dd10002180f8dc10002070bc704790f8dd20022a01d102201de090f8dc20012a01d1022017e0012202
S3450800548080f8dc20022280f8dd200268d2f8d42332f0407211f0407111430268c2f8d413012180f8dd10002180f8dc100020704790f8dd30022b01d102207fe090f8dc3035
S345080054c0012b01d1022079e0012380f8dc30022380f8dd3001290ad0022916d0042922d008292ed010293ad0202946d053e00168d1f8081489088900926851ea420151f07a
S3450800550001010268c2f808144be00168d1f8081431f44071926851ea422151f480710268c2f808143de00168d1f8081431f44031926851ea424151f480310268c2f80814cf
S345080055402fe00168d1f8081431f04071926851ea426151f080710268c2f8081421e00168d1f80c1489088900926851ea420151f001010268c2f80c1413e00168d1f80c14f3
S3450800558031f44071926851ea422151f480710268c2f80c1405e0072180f8dd10002180f8dc1090f8dd10072901d1012006e0012180f8dd10002180f8dc100020704790f815
S345080055c0dd30022b01d1022085e090f8dc30012b01d102207fe0012380f8dc30022380f8dd3001290ad0022917d0042924d0082931d010293ed020294bd059e00168d1f826
S34508005600081431f0bc01136851ea8301526851eac2110268c2f8081450e00168d1f8081431f43c41136851ea8321526851eac2310268c2f8081441e00168d1f8081431f4ea
S345080056403c01136851ea8341526851eac2510268c2f8081432e00168d1f8081431f03c41136851ea8361526851eac2710268c2f8081423e00168d1f80c1431f0bc0113686f
S3450800568051ea8301526851eac2110268c2f80c1414e00168d1f80c1431f43c41136851ea8321526851eac2310268c2f80c1405e0072180f8dd10002180f8dc1090f8dd1037
S345080056c0072901d1012006e0012180f8dd10002180f8dc100020704710b4cb070ad50368d3f8d0436408640012f001031c430368c3f8d0438b0707d50368d3f8d03362f388
S3450800570008230468c4f8d0334b0707d50368d3f8d03362f310430468c4f8d0330b0707d50368d3f8d03362f318630468c4f8d033cb060ad50368d3f8d4436408640012f0da
S3450800574001031c430368c3f8d443890607d50168d1f8d41362f308210068c0f8d41310bc704770b504000d00160094f8dd00022801d1022058e094f8dc00012801d102205f
S3450800578052e0012084f8dc00022084f8dd00062d04d13100200000f017fa04e032002900200000f060fa30681c2101fb05f12144086270681c2101fb05f121444862b068ee
S345080057c01c2101fb05f121448862f0681c2101fb05f12144c86230691c2101fb05f1214408632900200000f0cffb062d15d0f06a002812d12068802101fb05f10844d0f8c0
S34508005800801031f40071f06d51ea402122688020454302eb0500c0f88010012084f8dd00002084f8dc00002070bd38b504000d0094f8dd00022801d102201ae094f8dc0029
S34508005840012801d1022014e0012084f8dc00022084f8dd002900200000f0eefa2900200000f092fb012084f8dd00002084f8dc00002032bd7f7fffff30b40c0090f8dd10cc
S34508005880022901d102200ee190f8dc10012901d1022008e1012180f8dc10022180f8dd10062c25d1012a06d0022a08d0042a0ad0082a0cd00fe019680268d16111e0196882
S345080058c0026851620de019680268916209e019680268d16205e0072180f8dd10002180f8dc1090f8dd10072940f0d6800120dae0012a06d0022a0dd0042a61d0082a68d0db
S34508005900bee01a68036880214c4303eb0401c1f89c20bbe019680268802505fb04f52a44c2f8a4105968002939d00168802202fb04f21144d1f8801031f4405102688025d2
S3450800594005fb04f52a44c2f880100168802202fb04f21144d1f8802059680a430168802505fb04f52944c1f880205968b1f5005f08d19a68036880214c4303eb0401c1f8e9
S345080059809c201ce05968b1f5405f18d19a68036880214c4303eb0401c1f8a8200fe00168802202fb04f21144d1f8802032f44052036880214c4303eb0401c1f8802065e092
S345080059c01a68036880214c4303eb0401c1f8a8205ce019680268802505fb04f52a44c2f8ac10596800293ad00168802202fb04f21144d1f8801031f440410268802505fb0a
S34508005a0004f52a44c2f880100168802202fb04f21144d1f880105a6851ea82010268802505fb04f52a44c2f880105968b1f5005f08d19a68036880214c4303eb0401c1f8d3
S34508005a409c201ce05968b1f5405f18d19a68036880214c4303eb0401c1f8a8200fe00168802202fb04f21144d1f8802032f44042036880214c4303eb0401c1f8802005e041
S34508005a80072180f8dd10002180f8dc1090f8dd10072901d1012006e0012180f8dd10002180f8dc10002030bc704710b5040094f8dd00022801d1022015e094f8dc000128a3
S34508005ac001d102200fe0012084f8dc00022084f8dd00200000f0e1f9012084f8dd00002084f8dc00002010bd90f8dc20012a01d1022013e0012280f8dc20022280f8dd2032
S34508005b000268d2f8942311430268c2f89413012180f8dd10002180f8dc100020704790f8dc20012a01d1022011e0012280f8dc20022280f8dd200268126811430268116093
S34508005b40012180f8dd10002180f8dc100020704702681368db08db008a68134333f01803ca681343026813600a6803685a61496800688161704730b40368802404fb01f475
S34508005b802344d3f88040e408e40093681c4334f01804d3681c430368802505fb01f52b44c3f8804013680468802505fb01f52c44c4f89430526803688020414303eb010047
S34508005bc0c0f8982030bc704710b4026813680268d2f8a04333f020034a69134333f0c0034a69202a02d08a69022a04d133f0c00353f0200313e08a69032a04d153f0400312
S34508005c0033f080030be08a69042a04d153f0800333f0400303e033f0200333f0c00333f40063ca69134333f480630a6a134333f0c0634a6a134333f000638a6a134323f07a
S34508005c404043ca6a53ea820333f000534a6b134334f48034096b0c4301680b600068c0f8a04310bc7047f0b40368802404fb01f42344d3f8803023f070430468802505fbc3
S34508005c8001f52c44c4f880300368802404fb01f42344d3f880700368802404fb01f42344d3f8e8400368802505fb01f52b44d3f8e4500368d3f8a06337f0200753691f4369
S34508005cc05369202b02d09369022b04d137f4c07757f0200713e09369032b04d157f0800737f480770be09369042b04d157f4807737f0800703e037f0200737f4c07737f474
S34508005d000067d3691f4337f48067136a1f4337f0c067536a1f4337f00067936a1f4327f07047d36a1f4337f40037536bb3f1005f01d157f4003737f04007936b1f4337f428
S34508005d408027936d1f433b4b1f40136d1f43a409a40192f83c3013f03f031c4324f00044136c1c4335f48075536c1d43936cb3f5606f03d0936cb3f5f05f02d1936b402b6b
S34508005d8003d135f4f055936c1d4335f48045d36c1d43536d002908d0022912d00bd304291bd014d305291ed023e036f40036126b56ea42061de036f48026126b56ea820666
S34508005dc017e036f40026126b56eac20611e036f48016126b56ea02160be036f40016126b56ea421605e036f48006126b56ea8216ffe702685ff0800c0cfb01fc6244c2f88a
S34508005e0080700268802707fb01f73a44c2f8e8400268802404fb01f42244c2f8e4500468802251432144c1f8d4300068c0f8a063f0bc7047ffff06fe10b40368802404fb85
S34508005e4001f42344d3f8ec4034f01004136854ea031434f4801453681c4334f48034d3681c4334f4003493681c439369012b0bd134f0040413691c4334f0020453691c4367
S34508005e80640864009269144302688020414302eb0100c0f8ec4010bc7047f0b400240568802606fb01f63544d5f8e4500668802707fb01f73e44d6f8b860012a1ad0022aca
S34508005ec02bd0042a16d0082a27d0102a12d0202a23d0402a0ed0802a1fd0b2f5807f09d0b2f5007f19d0b2f5806f03d0b2f5006f13d024e05a6807685ff0800c0cfb01fc1e
S34508005f006744c7f8bc209a6807685ff0800c0cfb01fc6744c7f8c02011e05a680468802707fb01f73c44c4f8c4209a680468802707fb01f73c44c4f8c8201024ffe7fe2226
S34508005f40a24095431a68a2401543da68a24015431a69a24015435a69a24015439a69a24015431a69082a06d116f0022f03d1da6912fa04f4254302688020414302eb010068
S34508005f80c0f8e450f0bc7047002912d0022922d018d3042931d027d3062901d036d33ee00168d1f8841351f001010068c0f8841335e00168d1f8841351f002010068c0f81d
S34508005fc084132ce00168d1f8841351f004010068c0f8841323e00168d1f8841351f008010068c0f884131ae00168d1f8841351f010010068c0f8841311e00168d1f88413d7
S3450800600051f020010068c0f8841308e00168d1f8841351f040010068c0f88413ffe7704778b4020000243ee0062604e0dff8d4319a42f9d1052614f00303dbb29b009e4075
S345080060403543dff8c4312600b60843f82650dff8bc311b6883434d68ed0200d50343dff8ac512b60dff8a8311b6883434d68ad0200d50343dff898512b60dff898311b6828
S3450800608083434d68ad0300d50343dff888512b60614b1b6883434d68ed0301d5184303005d480360641c0868e040002800f09e8008680123a34018400028f3d00b7913f0f4
S345080060c00303012b04d00b7913f00303022b17d1956803262300dbb25b009e40b543ce682300dbb25b009e403543956053680125a540ab434d68c5f30015a5402b4353601b
S345080061000b7913f00303032b0dd0d56803262300dbb25b009e40b5438e682300dbb25b009e403543d5600b7913f00303022b17d12300db0802eb83031d6a0f2614f0070301
S34508006140dbb29b009e40b5430e6914f00703dbb29b009e4035432300db0802eb83031d62156803262300dbb25b009e40b5430e7916f003062300dbb25b009e403543156025
S345080061804b6813f4403f8dd0244b1b6853f00103224d2b60214b1b6813f001030093009b194b2500ad0853f825500f2614f00303dbb29b009e40b543b2f1904f01d100262f
S345080061c039e7174b9a4201d1012634e7154b9a4201d102262fe7144b9a4201d103262ae7124b9a427ff422af042624e771bc7047d2b2002a02d089b2816101e089b281625a
S34508006200704700000014004808000140080401400c0401400404014000040140601002400004004800080048000c00480010004838b50400002c01d101202fe04cf6cc4061
S345080062402168086045f2555021680860606821684860a0682168886003f00efb05002068c06810f0070f0bd003f006fb401b3228f5d32068c06810f0070ff0d003200de037
S3450800628020680069e168884203d0e0682168086103e04af6aa2021680860002032bd4af6aa2100680160002070470ee002684368024408305feac37c44bf4b445b1e52f8c9
S345080062c004cb43f804cb091ff9d150f8041b0029ecd17047c0f3c75181b1ff2906d0c110400721f0e04101f16051704741020cbf40f4e0016ff000410020704700f0004157
S3450800630000020ad0b0fa80fc00fa0cf001f16051a1eb0c5101ebd0214005704730b540f2ff7c1cea11541dbf1cea1355644565453fe0641981ea030c6ff35f530cf0004ce6
S3450800634043f48013c90241f0004141ea505ec5021100a5fb020200284ff00000eefb01204ff00001e3fb052118bf42f00102401800214941e3fb0e01a4f580640d0302d2a1
S3450800638092184041494154f1010470dd450872f1004250f1000051eb0451a1f5801102d441ea0c0130bd40f2ff7e4cea0e51002030bd0cea1355644518bf654581ea030c4a
S345080063c00cf0004c41d050ea410e1cbf52ea430e02e06146002030bd24422c441bd15fea050ef6d0090302bf01460020aef1140eb1fa81f5aeeb050401fa05fe0c35c5f11e
S34508006400200100fa05f5c8404eea000e6ff35f5343f480139ce733f00043b3fa83f504bfb2fa82fe75440b3d641bb5f1200e2fbf02fa0ef3ab40c5f1200e22fa0efe38bfe3
S3450800644043ea0e03aa40641c7ce750ea410e14bf52ea430e6ff000014ff4001515eb430f8ebf194615eb410f9de7b4d830bdd4f10104b4f120050fdac4f12005520828bf7f
S3450800648042f0010210fa05fe01fa05f57244e2bfe0402843e1400fe0352c9adcc5f1200452ea400220fa05f218bf42f0010231fa05f0a1400a43002172f1004250f1000004
S345080064c051eb0c0130bd0000f0b540f2ff7581ea030c0cf0004c15ea11541dbf15ea1357ac42af42e5e0bc41c1f31301c3f31303801a994143f4801304d2641e0018494135
S3450800650080185941c90241ea5051b1fbf3f603fb1611a2fb0675d7ebc020a94102d2761e80185941c90241ea5051b1fbf3fe03fb1e11a2fb0e75d7ebc020a94103d2aef10b
S34508006540010e80185941890241ea9051760546ea8e2eb1fbf3f603fb1611a2fb0675d7eb8020a94102d2761e80185941c90241ea50514eea060eb1fbf3f603fb1611a2fbdc
S345080065800675d7ebc020a94102d2761e80185941c90241ea5051b1fbf3f703fb1711a2fb0735d3ebc020a94167f100070cbf004247f0010766f3d5274fea1e31b80814f527
S345080065c0806412ddbd0775f1004250eb0e5051eb045111f5801f5cbf41ea0c01f0bd4cf07f6141f0e0410020f0bdbd076d0840ea0e5041f48011d4f10104b4f120060ada44
S34508006600c4f120060200e04001fa06f3e1401843b24015430ee0342c13dcc6f1200445ea40056d0820fa06f2154321fa06f0a1400d43002175f1004250f1000051eb0c0195
S34508006640f0bd00205fea0c01f0bdcfb992185b41b3fa83f704bfb2fa82f6bf190b3fb7f120062fbf02fa06f3bb40c7f1200622fa06f638bf3343ba401cb1e419641e33e7cf
S345080066807f4231f00041b1fa81f404bfb0fa80f6a4190b3cb4f120062fbf00fa06f1a140c4f1200620fa06f638bf3143a0403c1b1ae7ac421abf05ea1357af4212e050ea46
S345080066c041061cbf52ea4306bfe750ea4107304661461cbf41ea0551f0bd52ea430c08bfc143f0bd00204ff4001616eb410f98bf16eb430f08bf16eb410f24bfc14305e03c
S3450800670016eb430f0cbf61464cea0551f0bd0000c1f30a5340f21e42d31a0cddca0283f3070342ea505242f00042da4002ebe17282eae17070476feae17203f2e13008b10d
S3450800674082f000407047000050b1b0fa80f18840c91cc1f58461090501ebd021400570470146704770b491ea030f4ff0004540f1bf806b40841a71eb030604d26e40001b67
S34508006780b141121973414ff4001c1ceb410f34bf7ceb430683e00c0da4eb1356362e00f37c80012e45eac32341dc43ea525312bfd20292025b08240545eac12141ea505105
S345080067c0d2ebc020994125d407d1b0fa80f610fa06f162d00020203608e0b1fa81f6b140c6f1200220fa02f21143b0404feaf474b4eb465434f001064fea74040ad8d6f5f1
S345080068000016760d04f00044f04061fa06f25040f1404840c00a40ea415021f0004128bf5fea500550f1000044ebd12135e0db0a45eac121c90ab6f120050edd42ea0242ea
S34508006840120cc5f1200603fa06f6eb4042ea06056d42984161f100010de062fa06f5f240554063fa06fc82ea0c02f3405a406d42904161eb030111f4801f05d1641e6205f6
S3450800688002d06d004041494121f48011430875f1004350f1000041eb045170bc70471ceb410f15d223f0004352ea43060bd04fea4c0cbceb410f04d80c0d661e342eb7dd56
S345080068c0ebe7801a994150ea410608bf0021e4e708bf1ceb430f28bf6ff00001dde7000070b491ea030f4ff000457ff543af6b40841a71eb030603d2001bb14112197341db
S345080069004ff4001c1ceb410f34bf7ceb430442e00c0da4eb1356352e4fdc45eac323db0a45eac121c912b6f120050ddd63fa05f6eb4086ea0305124218bf45f00105c0185c
S3450800694051f100010cd213e062fa06f5f2405540f3415a40b340f3405a408018594107d349085fea30005fea350528bf45f0010501f58011420875f1004250f1000041ebe8
S3450800698004514e0016f5001f70bc38bf70470020090d090570471ceb410f10d252ea43060bd0bceb410f05d80c0dab43661e342eb6dd02e0ab438018594170bc704770bc29
S345080069c07047000041ec100b01bd80b551ec100b03f0faf8f6e780b551ec100b03f0f6f8f0e7000001f000428b1aa3f16051b1f5801f0adbb1f17f6f1fd242eac102c100c0
S34508006a0071f1004142eb507070470b15c3f10903212b10d2890241ea905180020128494141f0004121fa03f0c3f12003994071f1004150417047100070476ff0000013ebe8
S34508006a40103f5cbf000e42eac050704710f0004160b148bf4042b0fa80f29040d21cc2f5846241ea025202ebd02140057047000062f30f2262f31f42401810f0030308d080
S34508006a80c91a1fd3db0748bf00f8012d28bf20f8022d130030b414461546103928bf20e93c00fad8490728bf20e90c0048bf40f8042d890028bf20f8022d48bf00f8012d23
S34508006ac030bc7047c91818bf00f8012dcb0728bf00f8012d7047000010f0070034490a684ff6ff010a4052ea0022324802433048026070472e480068c0f3022070470000d4
S34508006b00010049b2002908d4012210f01f018a40294940b2400941f820207047020052b2002a04d40901254a40b2115407e00901234a40b210f00f00104400f8041c704702
S34508006b4010b410f00700d0f10703052b01d3042301e0d0f10703041d072c01d2002000e0c01e012414fa03f35b1e19408140012313fa00f0401e1040084310bc704780b507
S34508006b80fff7aaff01bd70b504000d001600fff7b1ff32002900fff7d3ff0100200040b2fff7bcff70bd80b540b2fff7a9ff01bd0ced00e00000fa0500e100e000e400e084
S34508006bc018ed00e0826832f47c12114381607047826832f0e072114381607047806810f0e070704710b410f1600414eb81042168dff81004014012f0f8420a431a4352f055
S34508006c000042226010bc7047603010eb8100006810f0f8407047603010eb8100016821f000410a4302607047603010eb8100016831f080710a4302607047603010eb810076
S34508006c40016831f000710a4302607047426922f00042114341617047c06810f4406f01d1012000e00020704730b410f130030800800910f00c00c3181c681f2511f01f00fc
S34508006c808540ac43c2f3846011f01f0110fa01f12143196030bc704730b414300b00db0d13f004031818036807240d002d0d15f01f05ac40a343090d11f01f0112fa01f17a
S34508006cc01943016030bc7047dff83c339a4207d1d0f8b0204903490b1143c0f8b01007e0d0f8b0204903490b32ea0101c0f8b0107047806810f01f0070478268dff80c131e
S34508006d000a40826070478068400f10f0010070478268dff8fc120a4052f08052826070478068000f10f0010070478268dff8e0120a4052f00102826070478268dff8d01280
S34508006d400a4052f0020282607047806810f0010070478068400810f0010070478268dff8b0120a4052f00402826070478068800810f0010070478068c00810f00100704716
S34508006d807cb50400002600200090002c01d1012036e16069002802d094f824000128e06d002807d12000fcf727fc00202066002084f858002068fff7a6ff002802d0206826
S34508006dc0fff79bff2068fff7abff002813d12068fff79effdff83c020068dff83c12b0fbf1f0401c4000009002e00098401e009000980028f9d12068fff792ff002808d14a
S34508006e00e06d50f01000e065206e50f00100206601262068fff7aaffe16dc90600f1e980002840f0e680e06d30f4807050f00200e0652068fff789ff00283ed12068b0f13c
S34508006e40a04f04d02068dff80413884202d1dff8000301e0dff8fc02dff8f41288420ad15ff0a040fff771ff0500dff8e002fff76cff05430ee0dff8e002fff766ff050019
S34508006e80dff8d802fff761ff0543dff8d402fff75cff0543002d10d12068b0f1a04f04d02068dff8a812884202d1dff8a40201e0dff8a0026168fff785fe607fe16b51ea00
S34508006ec04031e0680143a068014394f8240051ea004194f82400012803d1a06a401e51ea4041e06a002805d0e06a10f478700143206b01432068c268dff868020240114325
S34508006f002068c1602068016931f04061606b0143206801612068fff729ff05002068fff72aff0543002d4ad1207f94f83810490051ea80312068c268dff82c020240114316
S34508006f402068c1602069002810d02068006950f48030216808612068d0f8c010890b8903206901432068c0f8c0100de02068006930f48030216808612068d0f8c000800b96
S34508006f8080032168c1f8c00094f84000012810d1206801696ff38a01606c0143a06c0143e06c0143206d014351f001012068016105e0206800694008400021680861606982
S34508006fc0012809d12068006b00090001216a491e08432168086305e02068006b0009000121680863e06d30f0020050f00100e06504e0e06d50f01000e06501263000c0b2f8
S3450800700076bd000000f0ff0300007f40c0ffff5fc0ffff7f54000020400d03002de9f04105000e0017002868b0f1a04f03d028684649884201d1464800e04648fff759fed8
S3450800704004002868fff792fe002877d195f85800012801d1022075e0012085f8580028683f49884205d0002c03d0052c01d0092c5ed1280000f0d4fa80464046c0b2002843
S3450800708052d1e96ddff8e400014051f48071e96528682e49884202d15ff0a04006e028682e49884201d12c4800e028682968884201d0002c03d1e86d30f48010e865e86db2
S345080070c0c00404d5286e30f00600286601e000202866dff80c05696dc862dff80805696d0863dff80405696d48631c2029680860002085f858002868406850f0100029685b
S3450800710048602868c06850f001002968c8603b003200286810f14001686d00f0edfe80462868fff71bfe0be0002085f8580007e05ff00108002085f8580001e05ff0020845
S345080071404046c0b2bde8f081000000000001005000030050000700500004005000050050000600500740f0fffdbffffffef1fffff8b506000f00002500200090f868dff84e
S345080071807c148842ffd196f85800012801d1022025e2012086f858003068fff7e7fd002840f013823a6879683068fff75dfd3068fff7dcfd04003068fff7ddfd0443002c86
S345080071c040f0da80b868b0f1004f0ad1002239683068fff761fd5ff000413068fff736fd08e0ba6839683068fff756fd00213068fff72cfd78693168c968c1f3c101c9b20c
S345080072004b0010fa03f33869042815d03a6839693068fff7e7fcba6939693068fff704fd387f012802d15ff0007200e0002239693068fff702fd9fe000213068fff7e4fc87
S34508007240400306d100213068fff7defcc0f3846007e000213068fff7d7fc90faa0f0b0fa80f03968490303d13968c1f3846104e0396891faa1f1b1fa81f1884204d10022ae
S3450800728000213068fff7c7fc01213068fff7bcfc400306d101213068fff7b6fcc0f3846007e001213068fff7affc90faa0f0b0fa80f03968490303d13968c1f3846104e07e
S345080072c0396891faa1f1b1fa81f1884204d1002201213068fff79ffc02213068fff794fc400306d102213068fff78efcc0f3846007e002213068fff787fc90faa0f0b0fa8d
S3450800730080f03968490303d13968c1f3846104e0396891faa1f1b1fa81f1884204d1002202213068fff777fc03213068fff76cfc400306d103213068fff766fcc0f3846051
S3450800734007e003213068fff75ffc90faa0f0b0fa80f03968490303d13968c1f3846104e0396891faa1f1b1fa81f1884204d1002203213068fff74ffc3068fff7e6fc0028c7
S3450800738040f09080fa6839683068fff79dfcf868dff86812884240f085803868400303d13868c0f3846004e0386890faa0f0b0fa80f0401c10f01f000a2836d23868400367
S345080073c003d13868c0f3846104e0386890faa0f0b0fa80f13868400303d13868c0f3846004e0386890faa0f0b0fa80f03a68520303d13a68c2f3846204e03a6892faa2f266
S34508007400b2fa82f2491c890611f0f8410123401c10f01f0013fa00f00143521c12f01f020320424351ea025138e03868400303d13868c0f3846104e0386890faa0f0b0fafa
S3450800744080f13868400303d13868c0f3846004e0386890faa0f0b0fa80f03a68520303d13a68c2f3846204e03a6892faa2f2b2fa82f2491c890611f0f8410123401c10f06b
S345080074801f0013fa00f00143521c12f01f020a3a0320424351ea025151f00071ba683068fff7fafb3868dff85811084200f092803068b0f1a04f04d03068dff8301188425a
S345080074c002d1dff82c0101e0dff82801fff786fb01003868dff82c21904204d03868dff8282190422ed108022cd43068b0f1a04f04d03068dff8142190426bd13068b0f162
S34508007500a04f04d03068dff8e420904202d1dff8e00001e0dff8dc0051f40001fff758fbdff8ec000068dff8ec10b0fbf1f1491c0c2041430091009800284bd00098401e86
S345080075400090f8e73868dff8d02090421ed1c8011cd43068dff89420904204d13068dff89820904236d03068b0f1a04f04d03068dff87820904202d1dff8740001e0dff839
S34508007580740051f08071fff723fb23e03868dff88c2090421ed148021cd43068dff84c20904217d03068b0f1a04f04d03068dff83c20904202d1dff8380001e0dff83400e7
S345080075c051f48001fff704fb04e0f06d50f02000f0650125002086f858002800c0b2f2bd1b7700089d770008a77700080001005000030050000700500005005000007f407c
S3450800760000000880000021c31000c0900006005054000020400d0300000052c7000084cb38b504002068fff790fb002834d1206880686ff39e10002809d0e06d50f01000a9
S34508007640e065206e50f001002066012025e02068fff76bfb02f010f9050020680068c0071ad42068fff771fb002802d12068fff75cfb02f001f9401b0328eed320680068d6
S34508007680c007ead4e06d50f01000e065206e50f001002066012000e0002032bd38b505002868fff756fb04002868fff74efb002831d0002c2fd12868806810f00d00012851
S345080076c01fd12868fff739fb03202968086002f0d3f8040028688068c0071cd502f0ccf8001b0328f6d328688068c007f2d5e86d50f01000e865286e50f001002866012082
S345080077000ae0e86d50f01000e865286e50f001002866012000e0002032bd10b5846ae16d11f0500f2fd1e06d50f40070e06520680068000714d52068fff78efa00281ed047
S345080077402068c06880041ad4e06d30f48070e065e06dc00413d4e06d50f00100e0650ee02068c06880070ad4e06d30f48070e065e06dc00403d4e06d50f00100e0652000e4
S34508007780c046c04609e0e16dc90603d52000c046c04602e0616d496b884710bd80b5806ac046c04601bd80b5806ac16d51f04001c165016e51f004010166c046c04601bde1
S345080077c0806810f0010070478368dff8b420134011f08041194351f00041816070478068c00f70478068800810f0010070477cb504000d000020009094f85800012801d153
S3450800780002203ce0012084f858002000fff746ff06003000c0b2002828d1e06d30f4885050f00200e06529002068fff7cdff2068fff7d5ff002812d00098401c0090009828
S34508007840dff840108842f2d3e06d30f0020050f01000e065002084f8580001200fe0e06d30f0020050f00100e06503e0e06d50f01000e065002084f858003000c0b276bdb9
S34508007880c0ffff3f02de04002de9f8419bb005000f0000263868002895f85800012801d10220b7e0012085f8580000201790002018902868b0f1a04f02d15a48009008e012
S345080078c028685b49884202d15548009001e0002000900098002808d1e86d50f02000e865002085f85800012094e00098fff77aff04002868fff776ff0443002c40f080801d
S345080079002868b0f1a04f03d028684649884202d1dff8148101e0dff80481386800283cd0d8f8081031f460417868014395f8380051ea4031c8f808102868b0f1a04f03d0ff
S3450800794028683849884201d1374800e033483649884209d15ff0a040fff732ff04003148fff72eff04430be03148fff729ff04002b48fff725ff04432c48fff721ff0443e7
S34508007980002c42d1d8f808102a48014038680143b8680143c8f8081037e0d8f8080030f46040c8f808002868b0f1a04f03d028681c49884201d11c4800e018481a498842ef
S345080079c009d15ff0a040fff7fbfe04001548fff7f7fe04430be01648fff7f2fe04001048fff7eefe04431148fff7eafe0443002c0bd1d8f808100f480140c8f8081004e078
S34508007a00e86d50f02000e8650126002085f858003000c0b21cb0bde8f0810000000700500005005000010050000300500006005000040050e0f0ffff2de9fc410400002651
S34508007a4000252068000340f183800027dff8b8030068c0000fd4dff8b003006850f08050dff8a4130860dff8a003006810f08050009000980127dff89403006850f480704c
S34508007a80dff88813086001f0f7fe8046dff87c030068c00506d401f0effeb0eb08000328f4d303263000c0b2002845d1dff86003006810f4407000281ad0216d884217d0b2
S34508007ac0dff84c03006830f44070dff84413096851f48031dff838231160dff83413096831f48031dff828231160dff824130860c00710d501f0c0fe8046dff814030068f9
S34508007b00800708d401f0b8feb0eb080041f289318842f2d303263000c0b200280ad1dff8f002016831f44071206d0143dff8e002016002e0350000e03500ffb2012f07d168
S34508007b40dff8c402006830f08050dff8bc1208602078c00709d5dff8bc0201688908890060680143dff8ac0201602078800709d5dff8a002016831f00c01a0680143dff87e
S34508007b80940201602078400709d5dff88802016831f03001e0680143dff8780201602078000709d5dff86c02016831f0c00120690143dff8600201602078c00609d5dff822
S34508007bc05402016831f4407160690143dff8440201602078800609d5dff83802016831f44061a0690143dff82c0201602078400609d5dff82002016831f44051e069014307
S34508007c00dff8100201602078000609d5dff80402016831f44041206a0143dff8f80101602068c00509d5dff8ec01016831f44031606a0143dff8dc0101602068800309d58b
S34508007c40dff8d401016889088900a06a0143dff8c80101602068800509d5dff8b801016831f44021e06a0143dff8a80101602068400515d5dff89c01016831f44011206b0a
S34508007c800143dff890010160206bb0f5801f07d1dff88801006850f48010dff8801108602068000515d5dff86c01016831f44001606b0143dff85c010160606bb0f5800f69
S34508007cc007d1dff85801006850f48010dff84c1108602068c00415d5dff83801016831f04071a06b0143dff82c010160a06bb0f1807f07d1dff82401006850f48010dff8cf
S34508007d001c1108602068800415d5dff80801016831f04061e06b0143dff8f8000160e06bb0f1006f07d1dff8f400006850f48010dff8e81008602068400415d5dff8d4000e
S34508007d40016831f04061206c0143dff8c8000160206cb0f1006f07d1dff8c000006850f48010dff8b81008602068000415d5dff8a400016831f04051606c0143dff8940025
S34508007d800160606cb0f1805f07d1dff89000006850f48030dff8841008602068c00315d5dff87000016821f04041a06c0143dff864000160a06cb0f1804f07d1dff85c00b0
S34508007dc0006850f48030dff8541008602068400315d5dff84400016831f44011e06c0143dff834000160e06cb0f5001f07d1dff82c00006850f48010dff82010086028000d
S34508007e00c0b2bde8f6810000581002400070004090100240881002409c1002400c10024010b50400002c01d1012064e02068dff8f81288420cd22168dff8f0024118142028
S34508007e40b1fbf0f080006064dff8e40220640be02168dff8e00241181420b1fbf0f080006064dff8d4022064022084f82500206801686ff30e11a0680143e0680143206992
S34508007e80014360690143a0690143e0690143206a014320680160200000f01af9a068b0f5804f01d100206060207900f0ff00a16c0860206de16c4860606800280cd060686e
S34508007ec0052809d2200000f01ff90020616d0860e06da16d486005e0002060650020a0650020e0650020e063012084f82500002084f82400002010bd70b50400002594f8eb
S34508007f002400012801d102204ae0012084f8240094f8250001283dd1022084f825000020e063206800684008400026683060200000f0acf8206b002806d02068006850f0f6
S34508007f400e00216808600be02068006830f00400216808602068006850f00a0021680860a06c0068c00305d5a06c006850f48070a16c0860606d002805d0606d006850f468
S34508007f808070616d08602068006850f001002168086003e0002084f8240002252800c0b270bd10b5016c096802681268042390f8444014f01f04a340194219d0530717d58c
S34508007fc001680968890605d40168096831f0040102681160042190f8442012f01f029140026c5160016b00294fd0016b88474ce0022390f8444014f01f04a34019421fd092
S3450800800093071dd501680968890608d40168096831f00a0102681160012180f82510022190f8442012f01f029140026c5160002180f82410c16a002927d0c16a884724e079
S34508008040082390f8444014f01f04a34019421cd011071ad50168096831f00e0102681160012190f8442012f01f029140026c51600121c163012180f82510002180f824107b
S34508008080416b002901d0416b884710bd30b4046dc56c6c60446d002c02d0c46d856d6c60012490f8445015f01f05ac40056c6c60046863608368102b04d103689a6000684a
S345080080c0c16003e0036899600068c26030bc70470168154a914201d2184900e01849027802f0ff02083a1423b2fbf3f2436c9b0811eb830181641349c164012112f01f02d8
S3450800810011fa02f202657047017901f0ff010e4a12eb810242650d4a82650122491e11f01f018a40c265704708040240f8fffdbf00000240f8fbfdbf000402400008024017
S345080081402008024080080240fc080240400902402de9fc4705000f0016005ff00008002d02d15ff00108b6e02879022802d15ff00108b0e06879012801d10220ade00120f2
S3450800818068712868d0f83c90072116f01000814011ea090928680168012216f0100082409143286801600120fcf7a2fb2868c16b072216f01000824091432868c163286869
S345080081c00090002e03d100980830009002e00098143000904ff4006000990860286801684ff4804216f0100082401143286801605ff0100a082425e014eb0a0a21e0286834
S34508008200816b1f2216f010008240914316f010001afa00f00143286881630120fcf768fb2868416b4ff4804216f01000824011404ff4804216f0100082409142dcd1baeba2
S34508008240040a6408002cdad12868816b1f2216f010008240914316f010001afa00f00143286881630120fcf743fb2868416b4ff4804216f01000824011420fd11af1010ab0
S345080082802868816b1f2216f010008240914316f010001afa00f0014328688163286801684ff4804216f010008240914328680160c7f820a00120f8612868c06b072116f0f8
S345080082c0100611fa06f630ea060659ea06062868c663002068714046c0b2bde8f687000010b50400002c01d1012035e094f83d00002805d1002084f83c002000c046c0464a
S34508008300022084f83d00211d206800f041fb012084f84800012084f83e00012084f83f00012084f84000012084f84100012084f84200012084f84300012084f8440001204a
S3450800834084f84500012084f84600012084f84700012084f83d00002010bd90f83d10012901d0012047e0022180f83d100168c96851f001010268d1600168dff87c20914279
S3450800838021d00168b1f1804f1dd00168dff86c20914218d00168dff86820914213d00168dff8602091420ed00168dff85c20914209d00168dff85420914204d00168dff87e
S345080083c05020914210d101688a68dff848100a40062a0fd0b2f5803f0cd00168096851f001010068016005e00168096851f001010068016000207047002c014000040040ed
S3450800840000080040000c00400034014000400140005001400700010010b50400002c01d1012035e094f83d00002805d1002084f83c002000fbf7eefc022084f83d00211d5a
S34508008440206800f0a5fa012084f84800012084f83e00012084f83f00012084f84000012084f84100012084f84200012084f84300012084f84400012084f84500012084f861
S345080084804600012084f84700012084f83d00002010bd10b50400002902d194f83e0015e0042902d194f83f0010e0082902d194f840000be00c2902d194f8410006e01029cf
S345080084c002d194f8420001e094f84300012801d0012093e0002904d1022084f83e00c0b21fe0042904d1022084f83f00c0b218e0082904d1022084f84000c0b211e00c297f
S3450800850004d1022084f84100c0b20ae0102904d1022084f84200c0b203e0022084f84300c0b20122206800f043fc2068dff8d410884218d02068dff8d010884213d0206844
S34508008540dff8c81088420ed02068dff8d010884209d02068dff8c810884204d02068dff8a010884201d1012000e00020c0b2002805d02068406c50f400402168486420682f
S34508008580dff88010884221d02068b0f1804f1dd02068dff87c10884218d02068dff87410884213d02068dff8701088420ed02068dff85410884209d02068dff85010884203
S345080085c004d02068dff83810884210d120688168dff85000014006290fd0b1f5803f0cd02068006850f001002168086005e02068006850f0010021680860002010bd000009
S3450800860000500140002c014000340140004001400004004000080040000c004000440140004801400700010010b504002068006980071ad52068c068800716d57ff0020087
S3450800864021680861012020772068806910f0030f03d02000c046c04605e02000c046c0462000c046c046002020772068006940071ad52068c068400716d57ff004002168c7
S345080086800861022020772068806910f4407f03d02000c046c04605e02000c046c0462000c046c046002020772068006900071ad52068c068000716d57ff008002168086171
S345080086c0042020772068c06910f0030f03d02000c046c04605e02000c046c0462000c046c0460020207720680069c0061ad52068c068c00616d57ff010002168086108205b
S3450800870020772068c06910f4407f03d02000c046c04605e02000c046c0462000c046c0460020207720680069c0070ad52068c068c00706d57ff00100216808612000fcf7cf
S3450800874062f82068006900060ad52068c068000606d57ff08000216808612000c046c04620680069c0050ad52068c068000606d57ff48070216808612000c046c0462068ee
S34508008780006940060ad52068c068400606d57ff04000216808612000c046c0462068006980060ad52068c068800606d57ff02000216808612000c046c04620680069c002b8
S345080087c00ad52068c068c00206d57ff48010216808612000c046c0462068006980020ad52068c068800206d57ff40010216808612000c046c0462068006940020ad5206884
S34508008800c068400206d57ff48000216808612000c046c0462068006900020ad52068c068000206d57ff40000216808612000c046c04610bd70b504000e00002594f83c00f3
S34508008840012801d10220a2e0012084f83c00002a0ad0042a1fd0082a35d00c2a4ad0102a60d0142a75d08ce03100206800f0f9f82068806950f0080021688861206880693b
S3450800888030f004002168886120688169306901432068816176e03100206800f030f92068806950f40060216888612068806930f480602168886120688069316950ea01205f
S345080088c0216888615ee03100206800f060f92068c06950f008002168c8612068c06930f004002168c8612068c169306901432068c16147e03100206800f090f92068c06943
S3450800890050f400602168c8612068c06930f480602168c8612068c069316950ea01202168c8612fe03100206800f0cef92068006d50f00800216808652068006d30f0040049
S34508008940216808652068016d306901432068016518e03100206800f0e6f92068006d50f40060216808652068006d30f48060216808652068006d316950ea01202168086554
S3450800898000e00125002084f83c002800c0b270bd0368dff81c23904216d0b0f1804f13d0dff8102390420fd0dff8e02390420bd0dff8dc23904207d0dff8fc22904203d01d
S345080089c0dff8c423904203d133f070034a681343dff8dc2290421fd0b0f1804f1cd0dff8d422904218d0dff8a423904214d0dff8a023904210d0dff8c02290420cd0af4aee
S34508008a00904209d0ae4a904206d0ae4a904203d0dff87423904203d133f44073ca68134333f080034a69134303608a68c2620a6882629f4a90420fd09f4a90420cd09f4a32
S34508008a40904209d09e4a904206d09e4a904203d0dff83423904201d10969016301214161704730b4026a520852000262056a43688469dff820231440a408a4000a6814430f
S34508008a8035f002058a681543894a90420fd08a4a90420cd0894a904209d0894a904206d0884a904203d0dff8e022904205d135f00805ca68154335f004057d4a90420ed0da
S34508008ac07d4a90420bd07d4a904208d07c4a904205d07c4a904202d0ab4a904207d133f4807333f400734a6913438a6913434360846149684163056230bc7047000030b43c
S34508008b00026a32f010020262056a43688469dff88822144034f440740a6854ea022435f020058a6855ea0215614a904205d0624a904202d0944a904206d135f08005ca68fe
S34508008b4055ea021535f04005594a90420ed05a4a90420bd0594a904208d0594a904205d0584a904202d0884a904209d133f4806333f400634a6953ea82038a6953ea82036a
S34508008b804360846149688163056230bc704730b4026a32f480720262056a4368c469dff8f4211440a408a4000a68144335f400758a6855ea02253e4a904205d03e4a904295
S34508008bc002d0714a904206d135f40065ca6855ea022535f48065364a90420ed0364a90420bd0364a904208d0354a904205d0354a904202d0644a904209d133f4805333f4b2
S34508008c0000534a6953ea02138a6953ea02134360c4614968c163056230bc704730b4026a32f480520262056a4368c469dff86821144034f440740a6854ea022435f400550b
S34508008c408a6855ea02351a4a904205d01a4a904202d04d4a904206d135f40045ca6855ea023535f48045124a90420ed0124a90420bd0124a904208d0114a904205d0114aaf
S34508008c80904202d0404a904209d133f4804333f400434a6953ea82138a6953ea82134360c46149680164056230bc704700000000002c01400004004000340140004001409f
S34508008cc0004401400048014030b4026a32f480320262046a4568036d2e4a13400a68134334f400348a6854ea02442c4a90420ed02b4a90420bd02b4a904208d02a4a90422f
S34508008d0005d02a4a904202d01f4a904204d135f480354a6955ea02254560036549688164046230bc704730b4026a32f480120262046a4568036d184a13400a6853ea022305
S34508008d4034f400148a6854ea0254144a90420ed0134a90420bd0134a904208d0124a904205d0124a904202d0074a904204d135f480254a6955ea8225456003654968c164bf
S34508008d80046230bc704700000050014000080040000c00408ffffeffff8ffffe002c01400034014000400140004401400048014010b4012411f01f0314fa03f3046a34ea54
S34508008dc003030362036a11f01f0112fa01f11943016210bc7047000030b490f83c20012a01d1022057e0012280f83c20022280f83d2002685468026893680268dff874518d
S34508008e00aa4209d00268dff87051aa4204d00268dff86851aa4203d134f470044a681443dff85c2114400a681443026854600268dff84041a24221d00268b2f1804f1dd04f
S34508008e400268dff84041a24218d00268dff83841a24213d00268dff83441a2420ed00268dff81441a24209d00268dff82441a24204d00268dff80441a24205d133f08003c6
S34508008e8089680b4301688b60012180f83d10002180f83c10002030bc704710b4002390f83c20012a01d1022062e0012280f83c201b0a1b02ca68134333f440738a68134373
S34508008ec033f480634a68134333f400630a68134333f480530a69134333f400534a69134333f480430a6b134333f470238a6953ea024302681f4ca24207d002681e4ca2428e
S34508008f0003d002681d4ca24203d133f08053ca6913430268174ca24207d00268164ca24203d00268154ca2421cd133f470038a6a53ea025333f080730a6a134333f0007309
S34508008f404a6a134302680b4ca24207d002680a4ca24203d00268094ca24203d133f00053c96a0b4301684b64002180f83c10002010bc7047002c0140003401400050014065
S34508008f808ffffffd0004004000080040000c00400040014010b50400002c01d101207ae0606a002806d16068b0f5827f06d00020e06103e000202061002060610020a06289
S34508008fc094f85d00002805d1002084f85c002000faf7b2ff022084f85d002068006830f0400021680860e06840f20171884201d3002001e04ff48050e168b1f5706f05d045
S34508009000e168b1f5e06f01d00021a162616811f48271a26812f404421143227c12f002021143227d12f001021143a26912f400721143227f12f03802114394f8202012f0be
S3450800904080021143a26a12f40052114322681160a169090c11f0040194f8242012f01002114394f8342012f008021143e26812f47062114310f4805008432168486020686e
S34508009080c06930f400602168c86100202066012084f85d00002010bd2de9f84306000d0091461c00002796f85c00012801d10220e4e0012086f85c0000f0defb8046494654
S345080090c096f85d00012801d00227cfe0002d03d0484680b2002801d10127c7e0032086f85d0000203066b563a6f83c90a6f83e90002030640020a6f844000020a6f84600c0
S34508009100002030650020f064b068b0f5004f0bd13068006830f04000326810603068006850f480403268106030680068400605d43068006850f0400032681060f06840f265
S34508009140017290422ed37068002802d089b2012914d1b06b00883168c860b06b801cb063f08f401ef08709e0b06b00883168c860b06b801cb063f08f401ef087f08f0028eb
S345080091805bd0306880688007eed400f075fbb0eb0800a04202d314f1010f01d1002cedd1032763e07068002802d089b2012922d1f08f02280ad3b06b00883168c860b06b86
S345080091c0801cb063f08f801ef08714e0b06b007831680873b06b401cb063f08f401ef08709e0b06b00883168c860b06b801cb063f08f801ef087f08f00281ed030688068e5
S3450800920080070dd5f08f0228ebd2b06b007831680873b06b401cb063f08f401ef087eae700f02afbb0eb0800a04202d314f1010f01d1002cdfd1032718e0424621003000ce
S3450800924000f058fa002801d020203066b068002808d1002000903068c06800903068806800900098306e002800d00127012086f85d00002086f85c003800c0b2bde8f28396
S345080092802de9f04705008a4614005ff00108002695f85c00012801d102204ae19946012085f85c0000f0e8fa070095f85d1068684a464b468c465ffa8cfcbcf1010f0ad0d4
S345080092c0b0f5827f05d1a868002802d1c9b2042901d0022625e15146002906d02000002803d04c46a4b2002c01d1012619e195f85d40042c02d0052485f85d4000242c6655
S345080093002864a5f84690a5f84490a963a5f83e90a5f83c900020e86400202865e86840f20171884202d29bb2022b06d32868406830f480502968486005e02868406850f40b
S3450800934080502968486028680068400605d42868006850f0400029680860089ce86840f2017188424dd36868002802d092b2012a09d1a86b00882968c860a86b801ca863ab
S34508009380e88f401ee887e88f002804d1b5f84600002800f0bc8028688068800711d5e88f00280ed0b8f1010f0bd1a86b00882968c860a86b801ca863e88f401ee8875ff008
S345080093c0000828688068c00711d5b5f8460000280dd02868c068296c0880286c801c2864b5f84600401ea5f846005ff0010800f043fac01ba042c6d314f1010fc3d00326c9
S345080094008fe06868002802d092b2012a17d1e88f02280ad3a86b00882968c860a86b801ca863e88f801ee88709e0a86b007829680873a86b401ca863e88f401ee887e88fc9
S34508009440002803d1b5f84600002860d02868806880071fd5e88f00281cd0b8f1010f19d1e88f02280ad3a86b00882968c860a86b801ca863e88f801ee88709e0a86b0078f2
S3450800948029680873a86b401ca863e88f401ee8875ff0000828688068c0072cd5b5f84600002828d0b5f84600022816d32868c068296c0880286c801c2864b5f84600801e02
S345080094c0a5f84600b5f84600022812d22868406850f48050296848600be02868007b296c0870286c401c2864b5f84600401ea5f846005ff0010800f0bff9c01ba04202d3b0
S3450800950014f1010f01d1002c99d1032609e03a002100280000f0eef8002802d0012620202866012085f85d00002085f85c003000c0b2bde8f0872de9f84305000e00170019
S345080095409846089c00f098f9b8eb0000241800f093f98146664800684001000d00fb04f0009006e00098002800d100240098401e0090286880683040b04201d1012000e007
S3450800958000203900c9b288423ad018f1010ff0d000f072f9b0eb0900a04201d2002ce1d12868406830f0e000296848606868b0f5827f0dd1a868b0f5004f03d0a868b0f539
S345080095c0806f05d12868006830f0400029680860a86ab0f5005f0bd12868006830f40050296808602868006850f4005029680860012085f85d00002085f85c00032000e074
S345080096000020bde8f2832de9fc4706000f00140098460a9d00208df8000000f02df9b8eb00002d1800f028f98146306810f10c0a2f48016823204143090d01fb05f1019170
S3450800964006e00198002800d100250198401e0190306880683840a04245d0b7f5c06f07d1002c05d19af800008df800009df8000018f1010fecd000f0fff8b0eb0900a8421d
S3450800968001d2002dddd13068406830f0e000316848607068b0f5827f0dd1b068b0f5004f03d0b068b0f5806f05d13068006830f0400031680860b06ab0f5005f0bd13068bd
S345080096c0006830f40050316808603068006850f4005031680860012086f85d00002086f85c00032000e00020bde8f68700000000540000207cb504000d00160000962b0022
S3450800970000224ff4c0512000fff77dff002805d0206e50f02000206603201fe000962b00002280212000fff706ff002805d0206e50f020002066032010e000962b0000227a
S345080097404ff4c0612000fff75eff002805d0206e50f020002066032000e0002076bd000003480168034800684118014801607047b45d00205000002030b587b0040000203b
S34508009780002000202348006850f01000214908602048006810f010000090009801a902a800f080f800f071f81b49b0fbf1f0401e1a491b4a116040f2e731194ad160184983
S345080097c048600020164908610020154988601448fef786fd05002800c0b2002815d11048fef7bbfd05002800c0b200280dd13620fdf7d9f9102c07d2002221003620fdf77c
S34508009800c2f90848046000e001252800c0b207b030bd00005810024040420f0000100040145900204c00002080b51148006850f001000f4908600e48006810f0010000909d
S3450800984000980c48006850f080500a4908600948006810f08050009000981020fbf71ff8fbf72df80020fbf722f800f0d1f901bd601002405810024001480068704700bf93
S34508009880b45d002017480068704780b5fff7faff1649134a1268c2f30222895c11f01f01c84002bd0f2202600d4a126812f0030242600b4a126812f0f0028260084a12686d
S345080098c012f4e062c260064a1268d20812f4e06202610548006810f00f00086070470000081002405400002000200240382001082de9f84c41ec100b480040152ded068b43
S34508009900401c82b0144607d1090340f0118151ec100bc80f12d10be16a4651ec100b00f081f941ec180b20f0000631f0004704bf002e834900f0fe80c80f0ad0aff300804f
S3450800994002b04ff0ff30bdec068b6ff00041bde8f48c51ec180b7b4a7b4b00f09bf90bd253ec182b00204ff08041fcf7d7fc41ec180b0098401e009053ec182b00207349d2
S34508009980fcf7f0fe41ec190b53ec182b00207049fcf7e8fe02460b4651ec190bfcf794fd41ec180b53ec182bfcf7b8fc41ec1a0b53ec1a2b67486849fcf7b0fc674a684b03
S345080099c0fcf7d0fe53ec1a2bfcf7a8fc654a664bfcf7c8fe53ec1a2bfcf7a0fc634a644bfcf7c0fe53ec1a2bfcf798fc614a624bfcf7b8fe53ec1a2bfcf790fc5f4a604be1
S34508009a00fcf7b0fe53ec1a2bfcf788fc5d4a5e4bfcf7a8fe53ec1a2bfcf780fc02460b4651ec190bfcf75cff53ec182bfcf776fc41ec180b0098fdf709f8002c41ec1a0b16
S34508009a401bd153ec1a2b51485149fcf767fc53ec182bfcf787fe02460b4651ec190bfcf73fff04460d4653ec1a2b4ff040404949fcf754fc22462b4656e053ec192b34dd62
S34508009a8000204549fcf74afc06460f4653ec192b42484349fcf742fc82468b4653ec182b40483d49fcf73afc04460d4653ec1a2b3d483e49fcf732fc22462b46fcf752fe8a
S34508009ac002460b4650465946fcf70aff32463b46fcf748fe04460d4653ec1a2b00203449fcf71cfc22462b461ee04ff0c0403149fcf714fc06460f4653ec192b2e482f49ee
S34508009b00fcf70cfc04460d4653ec182b2c482d49fcf704fc22462b46fcf724fe32463b46fcf720fe53ec1a2bfcf71cfe41ec100b51ec100b02b0bdec068bbde8f48c0000e6
S34508009b400000f0ffcd3b7f669ea0e63f0000f0bf0000f03ff7de29bfd8f8c23ff4b3fecc1a99c33f62cb68d96f46c73fc6c912dac471cc3f4ae98a942449d23ff75f9799cd
S34508009b809999d93fbc5555555555e53f9ebc9af71c7d7fbe422ee63f7bcbdb3faba6320ee526553e0ee526157cc4bc7fde2774be1344d33f4715f73f44df5df80bae543e41
S34508009bc0fe822b654715f7bf002291e641ec100b480080b54015401c0ad1090351ec100b0ed1c80f18bf9fed080b51ec100b04bd002000900022034b51ec100b00f064f8de
S34508009c0004bd00bf0000f03f00000000000000000348006850f4804001490860704700000870004010b5144600f002f8226010bdc1f30a5343b14a0012f5001f28d2a3f233
S34508009c40fe32a1eb0251704750ea410c20d001f0004c31ea0c01b1fa81f204bfb0fa80f3d2180b3ab2f120032cbf00fa03f1914041ea0c013ebfc2f1200c20fa0cf319430e
S34508009c809040524240f2fd33d21a01eb035170470022704741ea030c50ea4c0c52ea0c0c4ff4001c09d307d01ceb410f9cbf1ceb430f8b4208bf824270471ceb430ffbd89c
S34508009cc0994208bf90427047f8b52ded0a8b41ec1a0b4800401543ec182b109c401c53ec1a2b1ed033f0004308bf002a19d053ec182b1d4668004015401c12d022f00006bc
S34508009d0033f0004708bf002e0bd051ec1a0b0022894bfff7bfff50d29fed880b51ec100b46e048004015401c05d10a0318bf51ec1a0b40f0fd8053ec182b5a005215521c9d
S34508009d401d4601d11b0318d157ec186b37f0004708bf002e0bd180b909030ed1aff30080bdec0a8b4ff0ff306ff00041f4bd3ab92b0305d108b90903f0d051ec180bd7e0b6
S34508009d8053ec1a2b33f0004304bf002a224600f0b88060b909030ad153ec1a2b51ec180bbdec0a8b01b0bde8f040fcf7b7ba0020bdec0a8b05f00041f4bd0122614b00f01e
S34508009dc0ebf80bd8aff300809fed5f0b51ec100b05f00045bdec0a8b2943f4bd53ec1a2b5b485c49fcf79afa41ec100b53ec102b9fed599b03f0004251ec190b0d461543b4
S34508009e0053ec192b51ec100b2b46fcf7abfcfcf77ffc0546fcf71afe41ec1b0b53ec1b2b4ff078404e49fcf779fa53ec1a2bfcf799fc06460f4653ec1b2b4a484a49fcf754
S34508009e406dfa32463b46fcf78dfc41ec1a0b21f000410022454bfff71dff51d353ec1a2b51ec1a0bfcf75afa41ec1b0b53ec1b2b3f484049fcf752fa3f4a404bfcf772fca3
S34508009e8053ec1b2bfcf74afa41ec1c0b53ec1b2b3b483c49fcf742fa3b4a3c4bfcf762fc53ec1b2bfcf73afa53ec192bfcf75afc53ec1a2bfcf732fa41ec190b53ec1c2b79
S34508009ec0fcf750fc9fed32ab53ec1a2bfcf74afc06460f4651ec1c0b53ec192bfcf700fd53ec1a2bfcf73efc02460b4630463946fcf7eafa53ec182bfcf710fa41ec180b92
S34508009f00621951ec180b00f061f820f0000231f0004308bf002a41ec100b05d048004015401c03d1090301d1aff3008051ec100bbdec0a8bf4bd000000c89cc00000000033
S34508009f400000000000c89c40000000000000f07ffe822b654715f73f000000000000e03f422ee6bff2e4d5bce7e84bbe0000903c112e5781a03f503f5843128c8f71bc3f26
S34508009f804be8a541b752013f0bbdf3dae8708c3f000000000000f03f41ea030c50ea4c0c52ea0c0c4ff4001c09d307d01ceb410f9cbf1ceb430f994208bf904270471cebdb
S34508009fc0410ffbd88b4208bf82427047124254d440f2ff7c1cea11530fd0634531d09b1863453cbf01eb0251704701f0004141ea0c510020aff30080704750ea410320d099
S3450800a00001f0004c91ea0c011cd0b1fa81f30b3b9a420dd9d21a994051ea0c01c3f1200c20fa0cfc61449840531c40f2ff7cd7e7914041ea0c01c2f1200c20fa0cf3194377
S3450800a04090407047b0fa80f31533202be0d3202aeed3203a203b9a4209d9d21a00fa03f141ea0c010020531c40f2ff7cb8e700fa02f141ea0c0100207047524240f2ff7c40
S3450800a0801cea11530dd06345dbd0b2eb030c3cbfa1eb025170470cf1010221ea035141f4801150ea410cccd001f0004c352a27dc30b481ea0c01b2f1200309dac2f12003f9
S3450800a0c0044601fa03f5d0402843d1409c400ce0c3f12002450020fa03f418bf44f0010421fa03f091400c43002174f1004550f1000051eb0c01244230bc7ff47baf70475c
S3450800a1006146002076e700003eb500240020dff89c1c0876052100226d462800fcf7a8fc0220dff88c1c08700020f8f756fb0120f8f753fb0220f8f750fbdff8740c90ede8
S3450800a140040adfed9b0ab4ee600af1ee10fa03db0220dff8581c0876dff8540c90ed080adfed940ab4ee600af1ee10fa03db0420dff8381c087601251ee0dff8340c90ed0c
S3450800a180040adff82c0c2900c9b200ebc100d0ed120a30ee600a10ee100afcf79bf831f0004101225ff08043fff7f6fe03d80320dff8f81b08766d1c2800c0b20628dcdb36
S3450800a1c0dff8e80b007e002810d037bd0a34200000b200ee100ab8eec00adff8d40b80ed0f0a00f009fa0a2002f030f8200000b2c828ebdb642002f029f800200ee0dff80e
S3450800a200b01b0200d2b201eb8201d1f88810dff89c2b0300dbb242f82310401c0100c9b20629ecdb200000b210f1c70f10db0a3c200000b200ee100ab8eec00adff8700b10
S3450800a24080ed0f0a00f0d8f90a2001f0ffffe9e7642001f0fbff00201ae0dff8501b0200d2b201eb820191ed000adff8441b0200d2b201eb8201d1ed220a30ee200adff824
S3450800a2802c1b0200d2b201eb820181ed000a401c0100c9b20629e0db200000b2002810d50a34200000b200ee100ab8eec00adff8000b80ed0f0a00f09ff90a2001f0c6ffe3
S3450800a2c0eae7dff8ec0a0021c1630020dff8e01a0870002014e0dff8d41a0200d2b201eb820191ed000af0ee000a80ee200adff8bc1a0200d2b201eb820181ed000a401cb8
S3450800a3000100c9b20629e6db00240de00120dff89c1a0876601c8df80000002269464ff4827002f061fd641c2000c0b20328bff64cafdff8780a2100c9b200ebc10090ed04
S3450800a340010ab5ee400af1ee10fadfdddff85c0a2100c9b200ebc10090ed000adff84c0a2100c9b200ebc100d0ed010a80ee200adff83c0ad0ed5b0af4ee400af1ee10fafd
S3450800a38008d4dff82c0ad0ed5c0ab4ee600af1ee10fac8d50120dff8141a0876601c8df80000002269464ff4827002f01dfdbae701009642010020427cb50020dff8f81924
S3450800a3c008730020dff8e81988700020dff8e01908700020dff8d8194870dff8d409dff8c01c0161dff8c809dff8b41c4160dff8c009dff8ac1c8160dff8b409dff8a01cdc
S3450800a400c160dff8ac0900214161dff8a409dff8901c8161dff89809dff8841cc1610020dff88c1981f828000020dff88419c8620020dff87c1908630020dff87419888620
S3450800a4400020dff86c19c8860020dff864198863dff85c090021c163dff85409002141640020dff84c1981f840000020dff84019a1f8a0000020dff8381981f86a01dff889
S3450800a4803009dff8201cc0f86c11dff82409dff8181cc0f8701100201be0dff814190200d2b201ebc201dff8f82b8a640121dff800290300dbb202ebc30282f84d1000212d
S3450800a4c0dff8ec280300dbb202ebc30282f84c10401c0100c9b20629dfdb0020009000234ff401720521dff8c40b03f079f800200090002340f206221421dff8b40b03f0e6
S3450800a5006ff800200090002340f202220521dff8a40b03f065f800200090002340f201221421dff8940b03f05bf8002424e0002000902300dbb240f203220521dff87058c4
S3450800a5402600f6b20a20464305eb0600ca3003f047f8002000902300dbb240f205220a21dff84c582600f6b20a20464305eb0600fc3003f035f8641c2000c0b20528d6db18
S3450800a580002426e0002000902300dbb240f207220521dff81c582600f6b20a20464305eb060010f5977003f01bf8002000902300dbb24ff402720521dff8f4572600f6b281
S3450800a5c00a20464305eb060010f5a67003f008f8641c2000c0b20328d4db00f0c3f80020f7f79eff20230022dff8d01adff8b80c03f032f873bd000080b52ded028bdff893
S3450800a600b0070078012804d0dff8a4070078022846d1dff89c0790ed0f0ab5ee400af1ee10fa15dddff8880790f84000002807d10020f7f775ffdff8780790ed0f8a1ce0b5
S3450800a6400020dff86c1781f840009fedd18a14e0dff85c0790f84000012807d10120f7f75fffdff84c0790ed0f8a06e00120dff8501a81f840009fedc68ab5ee408af1eee5
S3450800a68010fa0fd518ee100afbf724fe0022dff8203cfbf743fefcf7a5f908ee100a01e09fedbb8a0020b0ee480af8f721f80120b0ee480af8f71cf80220b0ee480af8f762
S3450800a6c017f8bdec028b01bd10b5dff8e00902f098ffdff8dc0902f094ffdff8d80902f090ffdff8d40902f08cff002416e0dff8d0192200d2b20a20424301eb0200ca3079
S3450800a70002f07fffdff8b8192200d2b20a20424301eb0200fc3002f074ff641c2000c0b20528e4db002418e0dff894192200d2b20a20424301eb020010f5977002f061ffe0
S3450800a740dff87c192200d2b20a20424301eb020010f5a67002f055ff641c2000c0b20328e2db10bd80b503f04af9dff8f81cdff8482bc1f8a0200021dff8e82c117000212d
S3450800a780dff8e02c5170dff8dc1c00224a60dff8d41c00228a60dff8cc1c0022ca6090f84c00022840f088800c20dff8b81c08741820dff8b01c4874dff8a80cdff8a81c28
S3450800a7c041610c20dff89c1c81f820002320dff8941c81f82100dff88c0cdff88c1c41620920dff8801c81f830002120dff8741c81f83100dff86c0cdff86c1c4163062051
S3450800a800dff8601c81f840001c20dff8581c81f84100dff8500cdff8501c41640620dff8441c81f850002c20dff8381c81f85100dff8300cdff8301c41650020dff8241c28
S3450800a84081f880002320dff81c1c81f88100dff8140cdff8141cc0f884100020dff8041c81f890002320dff8fc1b81f89100dff8f40bdff8f41bc0f894100020dff8e41bd2
S3450800a88081f860002120dff8dc1b81f86100dff8d40bdff8d41b41660020dff8c81b81f870002120dff8bc1b81f87100dff8b40bdff8b41b416708e00020dff8a81b4874c7
S3450800a8c00020dff8a01b81f8210001204ce0dff8941b0200d2b21201114491ed010af0ee000adff8801b91ed281a00ee201adff8741b0200d2b21201114491ed010af0eeb7
S3450800a900000a20ee200a81ee000adff8581b0200d2b21201114481ed020adff8481b0200d2b21201114491ed010af8ee000adff8341b91ed281a00ee201adff8281b0200d1
S3450800a940d2b21201114491ed010af0ee000a20ee200a81ee000adff80c1b0200d2b21201114481ed030a401c0100c9b20a29aedbdff8f00a0021c0f8a410dff8e80a002178
S3450800a980c0f8a810dff8dc0a0021c0f8ac1001bd0000000080b5002000f009f80121012003f0d5f80121022003f0d1f801bd80b5dff80c17dff8e826ca60dff80417dff8fb
S3450800a9c0e0264a60dff8f816dff8d4268a60dff8f016dff8cc268a61dff8e416dff8c026ca610021dff8d0231173dff8d4160022ca63010089b2002909d10020dff8c01624
S3450800aa0008700020dff8b816a1f8a00007e0ff21dff8ac261170dff8a816a1f8a0000020dff89c1648700121dff87c0c03f06cf901bd30b587b00c000025df4902680a6052
S3450800aa40dd4942684a600189db4a1181817ada4a9172c07ad849c8720120d749087303a8019006a8009004ab02aa05a9dff8380803f05ef90fe00121dff82c0803f06cf942
S3450800aa8003a8019006a8009004ab02aa05a9dff8180803f04df902980028ecd15ff0ff31dff8040803f058f9dff81406b0f8a000002804d0dff80806b0f8a0500ce0be480c
S3450800aac0c07a002804d00021022003f040f803e00021012003f03bf8dff8e40500692060dff8dc05806b1421b0fbf1f060600020dff8cc158870280080b207b030bd0000be
S3450800ab0038b52ded028bac48007b002800f0fe800020dff8ac1588630020dff8a415c8860020dff89c1588860020dff894150863dff83009dff888150969c0f8ac10dff8cb
S3450800ab4080050078012812d0fff7befd02f02bff0020f7f742fe0120f7f73ffe0220f7f73cfedff85c05dff858150969c1600120dff84c1508700120dff8441588700020c5
S3450800ab80dff83c15a1f8a0008b48018914204143dff82c05c162dff82805c06a002809d00720dff81c1581f828000720dff81015086304e00020dff8081581f82800dff8e9
S3450800abc0000590ed010a7c48d0ed000ab4ee600af1ee10fa00f09680dff8e404764909684160754890ed010af3ee040a80ee200adff8cc0480ed050a6f48c07a002864d167
S3450800ac006d4890ed011adff8b804d0ed010adff8b00490ed030a01f007f9dff8a40480ed020adff89c0490ed020adfed620ab4ee600af1ee10fa31dbdff884048068fbf7ee
S3450800ac4049fb0022dff8683afbf78cfdfbf7cafe08ee100adff86804dff8581a8160dff8600490ed050a88ee000a10ee100afbf731fb04000d0018ee100afbf72bfbdff898
S3450800ac80382adff8383afbf71ffc22002b00fbf769fdfbf73dfddff828148886dff8200490ed030adff81804d0ed010ab4ee600af1ee10fa04d50120dff80414487025e001
S3450800acc00220dff8fc13487020e0dff8f403dff8f01349688160dff8e80390ed030adff8e003d0ed010ab4ee600af1ee10fa04d50820dff8cc13487008e00920dff8c0135f
S3450800ad00487003e00620dff8b813487000202a490873bdec028b31bd38b502f070fe0400f7f707fedff8980380ed080a00f068fedff88c0380ed090a002531e02800c0b277
S3450800ad40f7f7eefddff87803d0ed090a30ee200a60ee000a2900c9b20c20414304eb010090ed001a60ee810a2900c9b20c20414304eb010090ed011a40ee010a2900c9b2bd
S3450800ad800c20414304eb010090ed020a30ee800acb482900c9b200ebc10080ed120a6d1c2800c0b20628c9db31bd0000985c0020b44200200100cc42445d00202de9f84f8e
S3450800adc02ded028b8cb0002400250026dfedb18a5ff0000a5ff00109b94890f86a01002804d0b748b649896c016145e100214ee0b3480a00d2b200ebc20090f84c00401c1a
S3450800ae00af4a0b00dbb202ebc30282f84c00ac480a00d2b200ebc20090f84c00052835db0020a74a0b00dbb202ebc30282f84d002ce0a3480a00d2b200ebc20090f84d0092
S3450800ae40002823d09e480a00d2b200ebc20090ed120adfed910ab4ee600af1ee10fac7db97480a00d2b200ebc20090ed120adfed8b0ab4ee600af1ee10fab9d50020904a60
S3450800ae800b00dbb202ebc30282f84c00491c0800c0b20628cddb002110e002ab0f00ffb20620474303eb07001300dbb20027c754521c1000c0b20628efdb491c0800c0b2f3
S3450800aec0062801da0022f4e77d484078062803d07b484078072802d1b7ee008a01e0b0ee008a002748e076484146c9b200ebc10090f84d00002838d018ee100afbf7eaf956
S3450800af0002000b00cde900236d483900c9b200ebc10090ed120a6a484146c9b200ebc100d0ed120a30ee600a10ee100afbf7d2f931f00041dde90023fef7acfe15d202a95d
S3450800af403a00d2b20620424301eb02004146c9b20122425402a94246d2b20620424301eb02003900c9b20122425418f101084046c0b20628b7db7f1c3800c0b206280fdace
S3450800af804f483900c9b200ebc10090f84d000028f1d00120b84050fa84f417f10108e6e7474880f87840002135e00020444a0b00dbb202ebc30282f84d002be002ac0f0099
S3450800afc0ffb20620474304eb07001c00e4b2005d82185b1c1800c0b20628efdb1000c0b20228e2db5519761c35480b00dbb200ebc30090ed120a78ee808a0120304b0c006d
S3450800b000e4b203ebc40383f84d00d2b2032a01db5ff00009491c0800c0b2062802da00220023d7e72800c0b2062807dbedb20c2d14d15ffa89f9b9f1000f0fd020488178e3
S3450800b040dff8500d02f0e2fa8246dff8480dc088c04683461a48002101610de0f6b200ee106ab8ee400a88ee800a154880ed040adff8200d02f0c5fa5ffa8afabaf1000fbf
S3450800b08003d0584680b2fff792fc0cb0bdec028bbde8f18f000000000100a04000000c430000c841b81e853f8fc2753f56430020604300206a43002074430020401f0108e4
S3450800b0c0b442002080b52ded028bdff8280d4078401e042806d9401f012808d9801e012800f2ca80b2ee048ab2ee040ac4e0dff8040d90ed030adfed6d0ab4ee600af1ee97
S3450800b10010fa04d5b2ee048ab2ee040ab3e0dff8e40c006b642850d2dff8d80c90ed030adfed640ab4ee600af1ee10fa18d5dff8c40c006bd0f16400fbf706fbdff8a82b9a
S3450800b140dff8a83bfbf7eaf80022dff8a43bfbf709fbfbf747fc08ee100ab0ee480a8ae0dff8900c006bd0f16400fbf7edfadff82c2cdff82c3cfbf7d1f80022dff8243c68
S3450800b180fbf7f0fafbf72efc08ee100adff8640c006bd0f16400fbf7d7fadff84c2bdff84c3bfbf7bbf80022dff8443bfbf7dafafbf718fc00ee100a5de0dff8380c006b7f
S3450800b1c0b0f5966f53d2dff82c0c90ed030adfed390ab4ee600af1ee10fa19d5dff8140c006bd0f59660fbf7affadff8142cdff8143cfbf793f8dff8c024dff80c3cfbf7a8
S3450800b200b1fafbf7effb08ee100ab0ee480a32e0dff8e00b006bd0f59660fbf795fadff8f02bdff8f03bfbf779f8dff88c24dff8d83bfbf797fafbf7d5fb08ee100adff80a
S3450800b240b40b006bd0f59660fbf77efadff8b02bdff8b03bfbf762f8dff85c24dff8a83bfbf780fafbf7befb00ee100a03e09fed7f8a9fed7e0affe7dff8780bd0ed030aeb
S3450800b28070ee880adff86c0bc0ed060adff8640bd0ed030a30eec00adff8580b80ed070abdec028b01bd0000185c0020010048420000f0bf0000aa42cdcc4c3d70b50024bc
S3450800b2c0dff8300b0078012840f0c480fff7fafedff8200b90ed060adff8180bd0ed040ab4ee600af1ee10fa0cd4dff8080b90ed040adff8000bd0ed070ab4ee600af1eef2
S3450800b30010fa0dd5dff8ec0a8178dff8140b02f07df90400dff8080bc088c046050003e0dff8fc0a02f06df9dff8c80ac06bfaf7d1ff31f000410122dff8e83afef72cfe64
S3450800b34050d800264ae0dff8ac1a3200d2b20a20424301eb020010f5977002f052f93ce0dff8900a3100c9b200eb810090ed1f0af6ee000ab4ee600af1ee10fae3d5dff851
S3450800b380740a8178dff86c2a3300dbb20a20434302eb030010f5977002f038f90400dff8541a3200d2b20a20424301eb020010f59770c088c0460500dff8380a3100c9b24c
S3450800b3c000ebc10090ed220af0ee000ab4ee600af1ee10fa01d540f20925761c3000c0b20328bddb002631e03000c0b2f7f7c9f900282ad0dff8fc098178dff8f829330035
S3450800b400dbb20a20434302eb030010f5a67002f0fdf80400dff8dc193200d2b20a20424301eb020010f5a670c088c0460500dff8c4090021c1633000c0b29fed9a0af7f795
S3450800b44057f93000c0b2f7f7c8f9761c3000c0b20328c9dbe4b2002c03d0280080b2fff7a6fa70bda051002000002041cdcc4c3e70b52ded028b0024dff8780990f86a0198
S3450800b480002800f00581dff86c0990ed040af1ee040ab4ee600af1ee10fa0ad4dff8540990ed040adfed810ab4ee600af1ee10fa0ddbdff840098178dff8740c02f0a6f856
S3450800b4c00400dff86c0cc088c046050003e0dff8600c02f096f8002645e0dff818193200d2b20a20424301eb0200ca3002f089f838e0dff800093100c9b200ebc10090ed12
S3450800b500140af1ee040ab4ee600af1ee10fa0ed4dff8e0083100c9b200ebc10090ed140adfed620ab4ee600af1ee10fad5dbdff8c4088178dff8bc283300dbb20a204343c5
S3450800b54002eb0300ca3002f061f80400dff8a4183200d2b20a20424301eb0200ca30c088c0460500761c3000c0b20528c1dbdff884080078012840f08b80dff87808407806
S3450800b5800028052803d9801f03281dd938e0dff864080069faf79efe0022dff8543cfbf7e1f8fbf71ffa08ee100adff848080069faf790fe0022dff83c3cfbf7d3f8fbf79d
S3450800b5c011fa08ee900a1be0dff828080069faf781fe00225ff04043fbf7c4f8fbf702fa08ee100adff80c080069faf773fe00225ff08043fbf7b6f8fbf7f4f908ee900a2e
S3450800b600002641e0dff8ec173200d2b20a20424301eb0200fc3001f0f4ff34e0dff8d4073100c9b200ebc10090ed140ab4ee480af1ee10fa0cd4dff8bc073100c9b200ebd1
S3450800b640c10090ed140af4ee408af1ee10fad9d5dff8a0078178dff89c273300dbb20a20434302eb0300fc3001f0d0ff0400dff884173200d2b20a20424301eb0200fc30cb
S3450800b680c088c0460500761c3000c0b20528c5dbe4b2002c03d0280080b2fff788f9bdec028b70bd00000000185c002001000c43008059c00000cc429a9999999999b93f45
S3450800b6c080b5dff830070078012840f08f81dff824074078012815d0c0f08581032800f0918057d3052800f0c980c0f09f80072800f06b81c0f0ea80092800f03381c0f065
S3450800b700fe8070e1dff8ec0690f82800002809d0dff8e00690f82800401edff8d81681f8280036e0dff8cc0690ed030adff8c406d0ed050a30ee200adff8b80680ed030a74
S3450800b740dff8b00690ed030adff8a806d0ed020ab4ee600af1ee10fa14dbdff89806808e00280ad00320dff88c164870dff88406dff880168968c1600be00420dff8741649
S3450800b780487006e0dff86c06806b401cdff86416886328e1dff85c0690f82800002809d0dff8500690f82800401edff8481681f8280026e0dff83c0690ed030adff8340653
S3450800b7c0d0ed050a30ee600adff8280680ed030adff8200690ed020adff81806d0ed030ab4ee600af1ee10fa04db0520dff80416487006e0dff8fc05806b401cdff8f4159c
S3450800b8008863f0e0dff8ec05c08e401cdff8e415c886dff8e005c08edff8d815898e884203d30420dff8cc154870dce0dff8c405c068faf74ffddff8c029dff8c039faf754
S3450800b84091fffbf7cff8dff8ac15c860dff8a40590ed010adff89c05d0ed030ab4ee600af1ee10fa09dbdff88c05dff888154968c1600620dff87c154870b4e0dff87405b6
S3450800b880c068faf727fddff87029dff87439faf769fffbf7a7f8dff85c15c860dff8540590ed030adff84c05d0ed010ab4ee600af1ee10fa09dbdff83c05dff8381549687f
S3450800b8c0c1600620dff82c1548708ce0dff82405006b401cdff81c150863dff81805006bdff81015c96a884208d30121dff8140902f00afa0720dff8fc14487073e0dff84e
S3450800b900f40490ed030adff8ec04d0ed050a30ee200adff8e00480ed030adff8d80490ed030adff8d004d0ed020ab4ee600af1ee10fa0fdb0121dff8cc0802f0e5f9dff863
S3450800b940b404dff8b0144968c1600720dff8a414487006e0dff89c04806b401cdff89414886340e0dff88c0490ed030adff88404d0ed050a30ee600adff8780480ed030a87
S3450800b980dff8700490ed020adff86804d0ed030ab4ee600af1ee10fa0fdb0121dff8640802f0b2f9dff84c04dff848144968c1600720dff84014487006e0dff83804806b9d
S3450800b9c0401cdff8301488630de0dff82804006bb0f5966f06d2dff81c04006b401cdff814140863ffe700f037f808e0dff804040078022803d0dff8fc030021c16301bdb8
S3450800ba0080b5dff8f003006afaf764fc02000b000020dff8f417faf763ffdff8f027dff8f037faf77bfcfaf7ddff00ee100adfedab0ab4ee600af1ee10fa02db9feda70a23
S3450800ba4008e0dfeda70ab4ee600af1ee10fa01d59feda20a01bd0000dff89803d0ed0f0adff8900390ed030adff8880390ed041a30ee410adff89c07dff878134978090149
S3450800ba80405c002816d0dff88c0790ed2b1adff86403d0ed041a31ee611adff87807dff8541349780901405c01ee900af8ee611a01ee210adff85c07dff838130969c0f86a
S3450800bac0ac109fed881ab4ee410af1ee10fa02dbb2ee040a08e0baee041ab4ee410af1ee10fa01d5baee040adff82807c149497809010844407801ee100ab8ee411adff81d
S3450800bb001407bc49497809010844d0ed021a60ee211adff8000790ed2a2adff8f806b549497809010844d0ed032a42ee221adff8e40690ed292a01ee212aae4880ed0f2a08
S3450800bb40dff8d00680ed2a0adff8c806a949c96bc0f8a410a74890ed0f0a9fed8f1ab4ee410af1ee10fa04dba248dff8ac16c1630ce0a04890ed0f0a9fed9f1ab4ee410a80
S3450800bb80f1ee10fa02d59b489b49c163994890ed0f0ab5ee400af1ee10fa21dd954890ed0f0a30ee600a9fed951ab4ee410af1ee10fa35dbb3ee090a30ee800a8d4880edc7
S3450800bbc00f0a8c4890ed0f0adfed730ab4ee600af1ee10fa24db8748dff83c16c1631fe0844890ed0f0a30eec00a9fed841ab4ee410af1ee10fa13dbbbee090a30ee800ac0
S3450800bc007c4880ed0f0a7b4890ed0f0adfed7a0ab4ee600af1ee10fa02d576487649c163704774487047000038b50024714890ed080af1ee040ab4ee600af1ee10fa09d454
S3450800bc406c4890ed080adfed710ab4ee600af1ee10fa0cdb67488178dff8c00501f0d6fc0400dff8b805c088c046050003e0dff8ac0501f0c6fc5f4890ed080adfed660ace
S3450800bc80b4ee600af1ee10fa0cdb5a488178dff8900501f0bbfc0400dff88405c088c046050003e0dff8780501f0abfce4b2002c03d0280080b2fef77afe31bd4d49097804
S3450800bcc001290ad002214b4a1170c0b200ee100ab8ee400a474880ed110a70479a99993e999999be010020410ad7a3703d0ab73f0000f03f80b53f480078022844d03d4875
S3450800bd0090ed080adfed450ab4ee600af1ee10fa2ddb3848006afaf7ddfa0022dff80435faf720fdfaf75efe00ee100a10ee100afaf7d0fa0022dff8f034faf7effa00221b
S3450800bd40dff8e834faf70efdfaf74cfe29494864284890ed110adfedc80ab4ee600af1ee10fa11db2348dff8c81441640ce0214890ed080adfedc10ab4ee600af1ee10fab3
S3450800bd8002d51c48002141641a4890ed110af6f7e3fc01bd7e4300200100754352b81e85eb51b83f0000e03f10b50020f6f7f0fd104880ed1f0a0120f6f7eafd0d4880edf3
S3450800bdc0200a0220f6f7e4fd0a4880ed210a00240be02000c0b2f6f717fe06482100c9b200eb810080ed220a641c2000c0b20628efdb10bdb4420020000048c30100c8419d
S3450800be00477f1e59afd8453f9999c93f01000c43fca9f1d24d62303f0100484201001442744300200000494010b52ded0c8b86b0b0ee608af0ee418a03a8dff8f81391e877
S3450800be401c0080e81c006846dff8ec1391e81c0080e81c00dfedcd9a9fedcdaa0024dfedcd0ab4ee608af1ee10fa04dbdded05ca9ded02ca0fe0dfedc80ab4ee608af1ee3f
S3450800be8010fa04dbdded04ca9ded01ca03e0dded03ca9ded00cab0ee409af0ee48aab4ee498af1ee10fa6fdbb8ee00ca00e001242000c0b2002864d19fedb80af4ee40aa62
S3450800bec0f1ee10fa5dd53aeec90affee000a20ee200a68eeac0a80ee200a10ee100afaf7f9f941ec100bfaf776fd51ec100bfaf779fd0bee100a38ee6a0affee000a20ee33
S3450800bf00200a6cee2c0a80ee200a10ee100afaf7e1f941ec100bfaf75efd51ec100bfaf761fd00ee100a68eeac0ab7ee001a31ee4b1a60ee810a60ee800a2cee2c1af7ee36
S3450800bf40001a31eec00a21ee000a30ee80da19ee900afaf7bff931f0004141ec1b0b1dee100afaf7b7f931f0004102000b0051ec1b0bfdf78ffe9ad37aee8aaaf0ee4d9a39
S3450800bf8096e73aeeca0a72e0f0ee00cabfee000a68ee808a00e001242000c0b2002864d1b3ee040af4ee40aaf1ee10fa5ddb3aeec90affee000a20ee200a68ee8c0a80eed5
S3450800bfc0200a10ee100afaf785f941ec100bfaf702fd51ec100bfaf705fd0bee100a38ee6a0affee000a20ee200a6cee8c0a80ee200a10ee100afaf76df941ec100bfaf7f3
S3450800c000eafc51ec100bfaf7edfc00ee100a68ee8c0ab7ee001a31ee4b1a60ee810a60ee800a2cee8c1af7ee001a31eec00a21ee000a30ee80da19ee900afaf74bf931f0c2
S3450800c040004141ec1b0b1dee100afaf743f931f0004102000b0051ec1b0bfdf71bfe9ad37aeecaaaf0ee4d9a96e73aee8a0a06b0bdec0c8b10bd000001007f4300001042ce
S3450800c08010b4644b0400e4b22401234483ed010a604b0400e4b2240119555e490300dbb21b0119444a705b490200d2b21201114491ed010af0ee000a564991ed281a00eecc
S3450800c0c0201a54490200d2b21201114491ed010af0ee000a20ee200a81ee000a4d490200d2b21201114481ed020a4a490200d2b21201114491ed010af8ee000a454991ed47
S3450800c100281a00ee201a43490200d2b21201114491ed010af0ee000a20ee200a81ee000a3c49c0b20001084480ed030a10bc70476a43002001000020c9b2002902d001291c
S3450800c14005d009e000213d4a82f86a1105e001213a4a82f86a1100e00120c0b270473849096801603649496841603549896881603349c968c16032490969016130494969f0
S3450800c18041612f49097e0176704700000000c842cdcc4c3e0100a64201007c420100f04210b504002000c0b2faf7cefa0022254bfaf78af90022244bfaf7d4fafaf712fc31
S3450800c1c01e49c1f86c01e4b22000faf7bdfa00221c4bfaf779f902000b0000201a49faf77ffbfaf7fffb1549c1f8700110bd0000000014c0000014409a9999999999b9bfe8
S3450800c2009999b93f185c0020008042403bdf4f8d976e923fa0510020000075435643002060430020008042c00080314000c0524000007f43801f01088c1f0108b442002026
S3450800c240985c0020000059400000f03f10b5eff3108372b61d490c68002c03d183f31088132031e01a490968eff305821143002903d083f31088132026e016498c4203d171
S3450800c28083f3108813201fe0002803d183f31088002019e0104a1168002903d083f31088132011e0042121630121a1630021c4f88410e0641068401c106083f31088200016
S3450800c2c001f076fdd4f8840010bd00bfc45d002058000020ec500020e05d002010b4002140e00022dff8f03b0c00a4b23c20444303eb040082760022dff8dc3b0c00a4b2b4
S3450800c3003c20444303eb040042620022dff8c83b0c00a4b23c20444303eb040082620022dff8b43b0c00a4b23c20444303eb040042600a0092b25208dff89c3b0c00a4b2e6
S3450800c3403c20444303eb040080f821200022dff8883b0c00a4b23c20444303eb040080f82020491c080080b20a28badb0020dff86c1b088010bc70472de9f84304000d0025
S3450800c38016001f0001f0cdfe8046e4b25fea440905e1dff8441b4a46d2b23c20424301eb0200406806eb0001dff82c2b4b46dbb23c204343d15081e00021dff81c2b4b4673
S3450800c3c0dbb23c20434302eb030001770021dff8082b4b46dbb23c20434302eb0300c1760021dff8f42a4b46dbb23c20434302eb030001764146c9b211f01f014046c0b26e
S3450800c400000210f4005001434846c0b2800110f0400001434846c0b2c00110f4407001434846c0b2800010f0200001434846c0b2c00110f4c050014311f5c071dff8982ac9
S3450800c4404b46dbb23c20434302eb03008181ff21dff8842a4b46dbb23c20434302eb03004176a021dff8702a4b46dbb23c20434302eb03008176dff8601a4a46d2b23c2096
S3450800c480424301eb0200856039004908dff8482a4b46dbb23c20434302eb030041604846c0b22100c9b2b0eb410f7ff472afdff8281a4a46d2b23c2042438e500021dff8b3
S3450800c4c0182a4b46dbb23c20434302eb030041620421dff8042a4b46dbb23c20434302eb030081620021dff8f0294b46dbb23c20434302eb0300c1620021dff8dc294b46aa
S3450800c500dbb23c20434302eb030001630021dff8c8294b46dbb23c20434302eb030041630021dff8b4294b46dbb23c20434302eb03004177dff8a8094946c9b2490101440f
S3450800c540dff894294b46dbb23c20434302eb03008163202300222ea1dff87cc9ce465ffa8efe3c2000fb0efe0ceb0e00806b01f073f80021dff860294b46dbb23c204343cc
S3450800c58002eb0300c177ff21dff84c294b46dbb23c20434302eb0300817719f101094846c0b22100c9b24900891c8842fff604af20230022aba1dff8180c2500edb26d0103
S3450800c5c0284401f049f820230122a7a1dff8040c01f042f80021dff8002c2300dbb22c204343d1540021dff8f02b2300dbb22c20434302eb03004170ff21dff8dc2be4b23a
S3450800c6002c20444302eb04008170bde8f18300006161000080b58a6a0b689854521c4868824200d30022486a824205d100220021042000f0d9fb03e08a62486b401c4863fd
S3450800c64001bd10b4ca6a002308e00c68a054000a521c4c68a24200d300225b1c042bf4d310bc704710b504002100606bfff7e9ff00206063a06ae062a06a002100e0491c5c
S3450800c68004290dd2401c6268904200d30020626a9042f4d100220021042000f0a5fb00e0a06210bd426a016b8a1841688a4201d34168521a426200210163704780b502003d
S3450800c6c0100080b2c00910f00f000300dbb2db1e082b26d20300dbb2db1e92b2d21012f00c0212eb6302c00706d5d2b20021092000f07afbff202ee000200870100702d5b5
S3450800c700083a012008701000c0b2052806dbd2b20021052000f068fbff201ce01000c0b219e00100c9b20c2901d1ff2013e0c0b201280ad14ff4fa70fff788fd0022002157
S3450800c740092000f051fbff2005e000220021052000f04afbff2002bd806800e0083002780b00dbb29a4202d00278002af6d1704738b584b001a801f0e9fc10f1010f6bd0f9
S3450800c780bdf80400002817d19df80600022812d19df8080081280ed101f0c3fc9df80910c0b2814203d001f0bcfc002803d1f5f785fe01f060ff52e06946bdf80400fff77b
S3450800c7c07dffff284bd0dff810279df8003013eb40033c214b4302eb03049df8061000293dd09df8081011f00f01627e914236d09df8081011f00f016176217f00290ad1e9
S3450800c8009df80810090606d40200d2b20021012000f0eafa23e0012508e0210001a82a00d2b210440079fff7f5fe6d1c28009df80610c0b28842f0d39df80800400608d55e
S3450800c840002020772000fff70dffa06b02f01cf805e01020207702e00120fff7f7fc05b030bd000071630000646c7300f8b504000d00dff864192200d2b22c20424301ebfa
S3450800c8800206dff854162000c0b2400050fa85f23c20424301eb02075ff0ff31b86b01f05bfab87fff280dd0b078edb2a84209d130787178884205d02100c9b2380000f016
S3450800c8c01ff945e0380000f0b6f9380000f09cf97877797f3800fff73fff0200dff8d40b0068400405d54ff48040dff8cc1b086004e04ff48040dff8c41b0860002550889d
S3450800c900396b884204d050884ff6ff71884206d139002000c0b252689047050006e02300dbb200221c21380000f0baf9280080b2002807d02300dbb20022290089b2380081
S3450800c94000f0aef93800fff7adfe380000f09ef8f1bd10b5002410e0dff87c15220092b23c20424301eb0200807e002804d100220021112000f038fa641c200080b20528c7
S3450800c980eadb01f0dffb002821d1dff84c15fe20fff740fe01f0c5fb00280ad1002200211a2000f021fadff830150020fff732fe04e0dff824150120fff72cfedff818056e
S3450800c9c0fff750fedff81005806b01f05dfffff7cffefce700b52ded010a0100009800f02af801bd10b52ded028b82b00400200000f0e5f800909ded008ab0ee480a10eeb7
S3450800ca00101a490008000016401c002801d0002100e00902002908d094f821306a462f21200000f03df9ee20a076b0ee480a02b0bdec028b10bd38b504000d0029002000c2
S3450800ca40c0b200f07ef829002000000ac0b200f078f829002000000cc0b200f072f82900240e2000c0b200f06cf831bd38b504000d0029002000c0b200f063f82900a4b2d8
S3450800ca80240a2000c0b200f05cf831bd10b50400e07e002809d11020e0760320a073607f60740020a07480202074207c50f040002074217c207e41182174207e401c10f0a3
S3450800cac00f002076e07f00280fd114f10c0001f098fa5ff0ff3100b288420ad194f8212000210a2000f080f903e014f10c0001f00afb0020a0730020e076a020a07610bdfb
S3450800cb0038b50400dff8d026c9b22c20414302eb0105fb206077210028782844007900f010f82100287805eb8000c068fff783ff2878401c10f0070028702000fff7a6ff34
S3450800cb4031bd38b504000d00e87e002809d10320a873687f68740020a8741020e87680202874a87b082823db297c287e41182974287e401c10f00f002876e87f00280fd19c
S3450800cb8015f10c0001f03dfa5ff0ff3100b288420ad195f8212000210a2000f025f903e015f10c0001f0affa0120a87300202874a87b28440474a87b401ca87331bd38b52d
S3450800cbc00400200000f020f80500200000f01cf815eb0025200000f017f815eb0045200000f012f815eb0065280032bd38b50400200000f009f80500200000f005f800029d
S3450800cc0010fa85f080b232bd0100086b002801d100200fe0086b401e086308684a6a805c4a6a521c4a624a6a4b689a4201d300224a62c0b2704770b50400616a206b4118d9
S3450800cc406162606a6168884203d3616a6068091a6162606ae16a884201d101201fe0042020630026002506e0360a2000fff7ccff16eb00666d1c2800c0b20428f4db606820
S3450800cc80b0420ad200202063e06a6062012200211b2000f0a9f8012001e02663002070bdfeb507000d0014001e0001f03afa8030adf8000008208df80200f87e002843d12d
S3450800ccc00320b873787f787483493200d2b23c20424301eb020090f82010491c7e4a3300dbb23c20434302eb030080f820107a493200d2b23c20424301eb020090f8200095
S3450800cd00002812d174493200d2b23c20424301eb020090f82010491c6f4a3300dbb23c20434302eb030080f820106b493200d2b23c20424301eb020090f82000b87410204b
S3450800cd40f8768020387405e03200d2b20021032000f04af828008df80400adb22d0a8df80550b6f180008df806005b49f6b23c20464301eb060090f820008df80700002c84
S3450800cd800dd004200100c9b2082915da21786a460300dbb21a441171641c401cf2e7042006e000216a460300dbb21a441171401c0100c9b20829f4db684601f022f910f17c
S3450800cdc0010f10d101f0b1f9684601f01af900208df8040002208df8050080208df80600684601f00ef9f7bd7fb506000c00150001f097f98030adf8000008208df802002d
S3450800ce0096f4004630008df80400b6b2360a8df80560b5f180008df80600002c0dd003200100c9b2082915da21786a460300dbb21a441171641c401cf2e7032006e00021b8
S3450800ce406a460300dbb21a441171401c0100c9b20829f4db012001f027fd2049098808291dda1e490c881d490988491c1b4a118001f01afd00200100c9b2082911da1749e7
S3450800ce80220092b201ebc2010200d2b211446a460300dbb21a4412798a70401cebe701f003fd684601f0adf810f1010f11d101f03cf9684601f0a5f802208df804000020ce
S3450800cec08df80500b5f180008df80600684601f098f87fbd000000005c40002060590020304b00202de9f84305000e0000203000006bc046062808d22b00dbb200221c210a
S3450800cf003000fff7cdfe00205fe13000fff77cfe81463000fff753fe04003000fff774fe07004846c0b2b0280bd04846c0b2b32807d04846c0b2e12803d04846c0b2c028e8
S3450800cf4006d15ff0000801213000c177c04600e0b8463000006bc0465ffa88f8404508d02b00dbb200221c213000fff799fe00202be14ff4fa61974800f0eefe804640468b
S3450800cf8080b2002808d02b00dbb200223d213000fff786fe002018e15ffa89f9b9f1000f1fd0b9f1a20f4ad0b9f1a30f71d0b9f1b00f7cd0b9f1b20f6fd0b9f1b30f00f0e6
S3450800cfc0b580b9f1b50f00f0e480b9f1c00f00f08480b9f1c10f05d0b9f1c20f00f0bf80dce0e2e0b4f5805f05d254fa87f041f20101884202d35ff040081fe004f1006461
S3450800d00014f57c345ff0000809e03000fff7fcfddff8a0154246d2b2885418f1010840463900c0b2c9b28842efd3dff88825ffb2390089b2200001f078fb8046b5e05ff035
S3450800d040000809e03000fff7dffddff868154246d2b2885418f1010840463900c0b2c9b28842efd3dff8500584420fd354fa87f0dff84815884209d2dff83825ffb2390099
S3450800d08089b2200001f051fb804601e05ff00f088be0002001f0bdfa87e0dff81c05844201d25ff00e08002001f0b3fa7de031003800c0b2fff745fd5ff0000906e0310090
S3450800d0c02078fff73efd641c19f1010948463900c0b2c9b28842f2d367e0b4f5805f05d254fa87f041f20101884202d35ff040081be004f1006414f57c3431003800c0b2c4
S3450800d100fff71ffd5ff0000909e020000078c0463100c0b2fff715fd641c19f1010948463900c0b2c9b28842efd33ee031003800c0b2fff706fd5ff0000909e020000078a6
S3450800d140c0463100c0b2fff7fcfc641c19f1010948463900c0b2c9b28842efd325e0200001f057fa8046dff8504406e0200001f002fb804601f07cfb0419404680b200287f
S3450800d18003d1dff83c048442f0d3002001f041fa0be0200001f03dfa804606e02b00dbb200222e213000fff77bfd404680b2002807d02b00dbb20022414689b23000fff782
S3450800d1c06ffd044801f060fb0020bde8f283000050520020385c00205c4f002006207047f8b506000c002000fff70efd05002800c0b200280dd121000220fff7a2fc210048
S3450800d2000020fff79efc21001120fff79afc002091e02800c0b2ff280dd101f04bfb050021000220fff78dfc2100e86a80b2fff71dfc00207fe02800c0b2072802dadff875
S3450800d24084733be02800c0b20c2803dadff87873ed1f33e02800c0b2132803dadff86c730c3d2be02800c0b2202804d101f0defc0700002522e02800c0b2212804d101f0ed
S3450800d280e0fc0700002519e02800c0b2222804d101f0f9fc0700002510e02800c0b2232802d10027002509e000273300dbb2002208212000fff7f4fc00e07f1c2800c0b26a
S3450800d2c0002812d06d1e002638000078c0460028f3d07f1c761c300080b23328f4db21000020fff72efc002025e0002557fa85f00078c04600280ad06d1c2800c0b233289c
S3450800d300f4db21000020fff71cfc002013e021002800c0b2fff715fc08e038000078c0467f1c2100c0b2fff70cfc6d1e2800c0b20028f2d10020f2bd38b505000c00200025
S3450800d340fff762fcc0b2002806d002281dd01bd3042823d01ad329e021000020fff7f1fb21000120fff7edfb210099480078fff7e8fb2000fff78afb1420fef767fff5f715
S3450800d3809df801f078f918e017e016e04ff400404a49086000208e4908700ee04ff400404549086001208a49087006e02b00dbb2002207212000fff773fc21000120fff71e
S3450800d3c0c0fb21000120fff7bcfb210080480078fff7b7fb002032bd38b504000d002800fff712fcc0b2002808d001280fd17948e4b26101084401f047fa0fe05ff0ff3113
S3450800d4007448e4b26201104400f0a6fc06e02300dbb2002225212800fff742fc002032bd70b504000d002800fff7eefb06003000c0b2ff280ad1ff21674ae4b22c204443b9
S3450800d44002eb04008170ff20a87727e03000c0b200281cd10020a87755492200d2b27820424301eb0200a84208d100215a4ae4b22c20444302eb040081700fe00121564aae
S3450800d480e4b22c20444302eb0400817006e02300dbb2002225212800fff702fc29003000c0b2fff74efb29000020fff7c4fa002070bd000014080048280800481808004861
S3450800d4c0f8b50c002000fff79ffb05002800c0b2ff2824d1210041480088c0b2c000c0b2fff72ffb002511e021003c482a00d2b200ebc2003200d2b210448078fff721fbda
S3450800d500761c3000c0b20828eedb6d1c2800c0b23249098880b2884248d20026f1e7002000210de02d4a0b00dbb202ebc302127912f007022b00dbb29a4200d1401c491cc2
S3450800d5400a00d2b2254b1b8892b29a42ead32100c0b2c000c0b2fff7f4fa002611e021001e483200d2b200ebc2003a00d2b210448078fff7e6fa7f1c3800c0b20828eedb57
S3450800d580761c3000c0b21549098880b288420dd212483100c9b200ebc100007910f007002900c9b28842ebd10027e5e70020f2bd5c400020704c002000f0030801000408a1
S3450800d5c0ffff030810020008c002000810220008565e0020505200205c4f0020605900202de9f04105000e0017009846069c280000f007f86e80ef8085f808806c72bde8cf
S3450800d600f08100210180002101717047feb504000e000025052100226f463800f9f728fa2079002814d12088401c20802088618888420dd3012020710125f6b2002e07d143
S3450800d640207a8df80000627a6946e088fff7ccfb2800c0b2febd00002de9f04105000e0017000024002d01d10c242ee0202b01d00c242ae0eff3108072b622490a68521c6b
S3450800d6800a6080f310882048d0f80080002002e0d8f81480401c1d4a1268904201d24545f6d1eff3108072b60a68521e0a6080f3108801f02bfb454501d10c2405e01448c9
S3450800d6c000681449884200d11324002c0ed1124a1068eff305810843002807d01168eff305800143b1f1f03f00d21324002c05d13a003100280001f029fb04002000bde883
S3450800d700f08100bfe05d0020ec5d0020f05d0020c45d0020ec5000205800002080b500f093f800f04ff800f03ef901bd2ded010ac9b2084469460a780270491c401c0a78c5
S3450800d7400270491c401c0a780270491c401c0978017001b0704781b0c9b2084400210091694602780a70401c491c02780a70401c491c02780a70401c491c02780a70401c91
S3450800d7809ded000a01b07047010000200878491c0a7810eb0220491c0a7810eb0240491c097810eb016070470870491c0200120a0a70491c0200120c0a70491c000e08703e
S3450800d7c0481c7047e0b504226946202001f05afb002806d16846fff7d7ffdff81815486503e00020dff80c15486504226946402001f048fb002806d16846fff7c5ffdff897
S3450800d800f414886503e00020dff8e814886504226946602001f036fb002806d16846fff7b3ffdff8d014c86503e00020dff8c414c8650020dff8bc1481f860000020dff8f8
S3450800d840b41481f8610007bd18b585b0052100226c462000f9f70cf9052202a9002001f011fb00280cd102a8fff78effdff8841408659df80c00dff87c1481f84c0011e068
S3450800d88001208df80000022269464ff48170fff7abfa0020dff85c140865ff20dff8541481f84c0000245ce0a01c8df800000222694640f20310fff797fadff83814220096
S3450800d8c0d2b20c20424300208850dff828142200d2b20c20424301eb02005ff07e514160dff810142200d2b20c20424301eb02000021816034e00c2202a92000c0b24001d4
S3450800d900803080b201f0befa0028cdd1002102a8fff721ffdff8dc132200d2b20c20424301eb020080ed000a042102a8fff713ffdff8c0132200d2b20c20424301eb02005f
S3450800d94080ed010a082102a8fff705ffdff8a4132200d2b20c20424301eb020080ed020a641c2000c0b20628c5db042202a94ff4a07001f087fa002806d102a8fff704fff0
S3450800d980dff8701388640ce006208df800000222694640f20310fff727fa0020dff85413886406b010bd7cb5002411e0022000902300dbb240f205120521dff83c532600dd
S3450800d9c0f6b20a20464305eb0600fff709fe641c2000c0b20428e9db0220009000234ff483720521c548fff7fbfd0220009001234ff483720521c248fff7f2fd73bdbd4843
S3450800da00704780b5c0b2002803d002280dd006d311e0b8484165202000f00ef80be0b5488165402000f008f805e0b248c165602000f002f8ffe701bd1fb504000800694612
S3450800da40fff7b2fe04226946200080b201f0acf90a20fef7fbfb1fbd1fb504000800a54981f84c40a34908656946fff79dfe8df8044005226946002001f096f90a20fef77a
S3450800da80e5fb1fbd10b59b4b0400e4b20c22544303eb040282ed000a964b0400e4b20c22544303eb0402c2ed010a924b0400e4b20c22544303eb040282ed021a8d4a9164b0
S3450800dac0c0b200f001f810bd3eb5040000216846884b2500edb20c22554303eb050292ed000afff723fe04216846824b2500edb20c22554303eb050292ed010afff716fe85
S3450800db00082168467b4b2500edb20c22554303eb050292ed020afff709fe0c226946e4b26001803080b201f03ff90a20fef78efb69467048806cfff737fe042269464ff416
S3450800db40a07001f031f90a20fef780fb37bd80b5c0b2002803d002282bd00ed345e06548406d401c634a5065c9b2002904d06148416d2020fff760ff37e0c9b200290ed0fc
S3450800db805c4890f86000012812d15a48816d4020fff752ff0020574981f8600008e05548806d401c534988650120524981f860001be0c9b200290ed04e4890f861000128de
S3450800dbc012d14c48c16d6020fff736ff0020494981f8610008e04748c06d401c4549c8650120444981f86100ffe701bd4548704738b50025002424e03f492200d2b20a207e
S3450800dc00424301eb0200fff7fcfc19e03d482100c9b200eb810090ed000af3ee040ab4ee600af1ee10fae7d50021334a2300dbb20a20434302eb0300fff7e8fc40f20515b4
S3450800dc40641c2000c0b20428e0db2e4890ed040af2ee040ab4ee600af1ee10fa06d500212648fff7d3fc4ff4837502e02348fff7c8fc244890ed050af1ee000ab4ee600a5b
S3450800dc80f1ee10fa06d500211d48fff7bffc4ff4837502e01a48fff7b4fc280080b2002807d0280080b2fcf782fe280080b201f014fa31bd10b500240be02000c0b2f4f778
S3450800dcc037ff10482100c9b200eb810080ed000a641c2000c0b20428efdb0420f4f728ff084880ed040a0520f4f722ff054880ed050a10bd885600201c5a0020445a0020e7
S3450800dd004e5a0020d05c002080b5002801d10c200be00268054b9a4201d00c2005e0002901d1222001e001f09dfd02bd414d45533eb5002801d10c200be00468054dac42c5
S3450800dd4001d00c2005e0079c0194069c009401f0cbfd3ebd414d455310b50022002801d10c2216e003680e4ca34201d00c2210e000290ed00b4b1b68eff305842343002bf1
S3450800dd8001d0042205e0084b1b68084ca34200d10422002a02d101f0c7fd0200100010bd414d455358000020c45d0020ec500020f8b5060067480568eff3108472b6ae424a
S3450800ddc00cd1f06c002806d010f1010f03d016f14c0001f0f7fdf0695f4908605f490868401e0860b06b012840f09d800020b063f26a306ab04215d0736a43621862584b4b
S3450800de0053f82270b7424bd143f82200554b1868002845d0012010fa02f2186830ea02021a603de000204e4b43f82200012717fa02f0dff834c1dcf8003033ea0000ccf8e2
S3450800de400000484b1868002805d017fa02f2186830ea02021a600022dcf80000002818d12020424a10600020414a106084f31088086800280cd15ff080503e490860eff395
S3450800de800580002804d1eff3108062b680f310885fe090faa0f0b0fa80f0821833480260334a106886423ed1304b2d4d186855f8200010602b4e3068002821d00868401c3f
S3450800dec0086084f31088eff3108472b60868401e08600020376897faa7f7b7fa87f738181b6855f82070ff6bbb4209d355f820301360012212fa00f0326832ea0000306044
S3450800df0084f31088086800280cd15ff0805019490860eff30580002804d1eff3108062b680f3108815e084f310881148006885420fd0086800280cd15ff080500d490860b0
S3450800df40eff30580002804d1eff3108062b680f31088f1bdc45d0020505e0020e05d002074530020d85d0020d45d0020dc5d0020c85d002004ed00e00020dff860150870a0
S3450800df800020dff85c1508700022dff858050078c0b2aa2800d01a22dff848050079552800d01a22dff83c0540780100c9b2402900db1a220100dff82c35db78c9b2994281
S3450800dfc000d01a22dff81c158978c9b2c9430300dbb2c9b28b4200d01a2292b2002a0fd10100c9b2002904d10121dff8f024117003e00021dff8e4241170dff8e414087092
S3450800e000704770b50600012000f04efc0400dff8d80405786d1c2800c0b2142800db0025dff8c4040078dff8c414097888420ad1dff8bc040078002805d1200000f034fcc9
S3450800e0405ff0ff305ee0dff8a804007800280ed0300000f079f9002804d1200000f024fc00204fe04ff40070dff8881408607168dff88424dff8700403780c20434302eb7c
S3450800e08003004160b168dff87024dff85c0403780c20434302eb03008160b178dff85824dff8440403780c20434302eb030081703188dff84424dff8300403780c2043431c
S3450800e0c0d152dff824040570dff81c040178d1f11401dff8180400784118dff81404007800280bd00020dff808140870dff80c04006850f40070dff804140860200000f011
S3450800e100d3fb002070bd10b5040002e00320fef79df82000fff775ff10f1010ff6d0002010bddff8bc03007870470120dff8c01308700020dff8b41308700020dff8a81320
S3450800e14008707047dff894030078704710b504005ff0ff31dff8a803fff7fefddff8a4030078002802d05ff0ff304de0dff89813dff8980302780c204243885a2080dff8f7
S3450800e1808813dff8880302780c20424301eb02008078a070dff87013dff8700302780c20424301eb020040686060dff85c13dff85c0302780c20424301eb02008068a06091
S3450800e1c0dff848030478641c2000c0b20b2800db0024012000f068fb2100dff834231278c9b291420ad10121dff818231170dff81c130c7000f058fb002005e0dff80c1344
S3450800e2000c7000f051fb012010bd52ea014252f00842c04941f82020401cbf490968c1f30341814203d200043f30bb490860704780b5fff7a1fe0020ac4908700020aa4938
S3450800e24008700120aa4908700020b04908700020af4908700120ab49087020230022af49a748fff7f9f9ae48006830f01000ac490860ab4800680007fbd4a948006850f0f5
S3450800e2800100a7490860a6480068c007fbd5a448006850f00200a24908600620a14908609f48006830f450709d4908609c48006850f4a0409a4908609948006830f0a40060
S3450800e2c0974908609848006830f010009649086040f603009549086095480068944908600120864908600820924908600320924908608120914908705ff40011904a116035
S3450800e300904908705ff480008d49086040f2ff7200210020fff779ff71480078002806d01f226f4801780120fff76fff05e040f2ff7200210120fff768ff7948006840085e
S3450800e34040007749086001bd7f490968890202d55ff0ff3017e07c490968c1f3014248237a4903fb0213018889041960817809045960416899608068d860012010fa02f2bc
S3450800e380734802600020704710b45948007800280ad05a48006830f40070584908604ff400705449086037e067480068c0f301414822664802fb01024f4b4c4804780c200c
S3450800e3c0444303eb040003889b04136083781b045360436893608068d060012010fa01f15b48016041480078401c0100c9b2142900db002001003c4a1278c9b2914205d10f
S3450800e40001213b4a11703949087001e0374908704ff400703749086010bc704770b53c480178491c0800c0b20b2800db00214948006810f00f0f03d101202e4908604ce06e
S3450800e44044480068c0f30122314800782f4b1b78984209d12b480078002805d13e48026001202449086038e048233c4803fb02031c68a40c6405640d234d254806780c20ac
S3450800e4804643ac535c68240c14f00f041e4d204806780c20464305eb060084709c681a4d1b4806780c20464305eb06004460db68154c174805780c20454304eb0500836025
S3450800e4c02548026000200f4a1070114801700120084908600a4800f0d7f970bd5e5e00205d5e0020f0ff0120585e0020575e0020595e0020506400406c4e00205464004054
S3450800e500785c00205c5e0020f05200205a5e00205b5e002000a4004080640040701f01081864004000650040106400401c640040c0640040586400405c64004015e400e03e
S3450800e54000e100e016e400e0c464004078a60040cc6400409064004094640040b0a40040dff8cc02006810f48000704781b0dff8c4020090dff8c0020068c00307d50098de
S3450800e580401e009000980028f4d1192000e0002001b07047a9490818b0f5805f01d2012000e00020704780b5a5480068fff7f2ff002801d140202be0a248006850f001008f
S3450800e5c0a0490860a04800689d4909680860bff36f8f9d4840689a490968091d08609b48009095480068c00307d50098401e009000980028f5d128200ae08f48006810f0ba
S3450800e600e800002801d1002002e08b490860282002bd002810d100208d4908608948006840084000874908608648006850f000408449086000201de082490968002901d403
S3450800e640002017e0834948408149086080480168814841408148814208d17d4800688049086080487e490860002003e00020784908602c207047bff34f8f7b48016811f4aa
S3450800e680e0617a48014378480160bff34f8ffee710b50821ff226c4c2000f8f7e9f95ff0ff3067490860002010bd80b56448006810f1010f01d1002008e0fff774ff6149ed
S3450800e6c00968490849005f4a116080b202bd70b504000d002000fff75dff002801d1402022e0002656480068c008c000e108c900884213d052480068fff74cff002802d0a2
S3450800e700fff751ff06005ff0ff305ff0ff314e4ac2e90001e008c000494908604a4814f007040555300080b270bdf8b504000d00160047480068002801d127201ae0fff716
S3450800e740a7ff002701e0641c7f1c3800290080b289b288420bd2380080b2315c2000fff7b6ff010089b20029edd080b202e0fff79cff0020f2bd10b504003548006800281f
S3450800e78001d1272051e0fff7f1fe002801d019204be02c48006850f002002a4908602948006830f40060274908600020fff7d8fe002803d114f17844240b0be014f178440d
S3450800e7c0e40a802c06d31f48006850f400601d490860803c802c07d31a48006830f00200184908600e2020e01648006830f47e7010ebc400134908601248006850f4803021
S3450800e80010490860fff7b2fe002807d00d48006830f002000b490860192006e00948006830f0020007490860002010bd000000002020024000e1f505102002400010fcf758
S3450800e840b85d002014200240985d0020a0860100bc5d002055af23505231c2ab7130a5ee08200240ab89efcd0ced00e00400fa0580b5fff775fe002802d14ff4805001e00c
S3450800e8804ff4006002bd000080b5002801d10c2007e00168034a914201d00c2001e001f0c3f802bd414d4553eff3108180f3108808467047eff3108172b60248006881f36a
S3450800e8c010887047c45d0020e0b5dff8d803006850f47000dff8cc130860dff8cc03dff8cc130860dff8c80300680009000150f00500dff8bc130860dff8b803006830f4b0
S3450800e9008070dff8b0130860dff8ac03006840f4803050f48070dff8a0130860dff8980300684005fad5dff89403006880088000401cdff888130860dff88003006810f01b
S3450800e9400c000428f8d1dff87003006830f08070dff864130860dff8600300688001fad4dff85c03dff85c130860dff85803006850f08070dff84c130860cf48006850f014
S3450800e9808070cd490860cc4800688001fbd5cb48006830f0f00050f08000c8490860c748006880088000c01cc44908605ff00070c54908600020009002e00098401c00902f
S3450800e9c00098c828f9d3bd48006830f0f000bb490860be48006850f00070bc4908600f20bb4908600720bb4908600020b94908600020009002e00098401c00900098b0f536
S3450800ea00fa6ff8d3fff714fcb348006850f4e020b1490860b148006850f01000af49086009220021ae4800f05af809220121ac4800f055f8002001900020009000230222ca
S3450800ea400021a74800f027f80020019000200090002302220121a24800f01df80020019000200090002301220e219e4800f013f80020019000200090002301220f21994841
S3450800ea8000f009f84ff48040974908604ff400409549086007bdf0b4049c059d4e000327b740ff43d0f800c017ea0c0cb24052ea0c02026082683a40b44014438460c268ec
S3450800eac01740b5403d43c56001228a40d2434468224013fa01f111434160f0bc704730b40b00db0811f0070189000f248c4000eb83052d6a35ea04048a40224300eb83007f
S3450800eb00026230bc70477fb506000d001400fff708fb8030adf8000008208df802008df8046000208df8050080208df806008df8075002946846fff707fc10f1010ff9d0b7
S3450800eb407fbd38b5eff30984002507e054f825202900c9b21820fff7d6ff6d1c082df5d36248026864211820fff7cdff5a48026865211820fff7c7fffee738b5eff30984cb
S3450800eb80002507e054f825202900c9b21720fff7baff6d1c082df5d35448026864211720fff7b1ff4c48026865211720fff7abfffee738b5eff30984002507e054f82520f9
S3450800ebc02900c9b21620fff79eff6d1c082df5d34648026864211620fff795ff3e48026865211620fff78ffffee738b5eff30984002507e054f825202900c9b21520fff7fa
S3450800ec0082ff6d1c082df5d33848026864211520fff779ff3048026865211520fff773fffee73348007810f01f00704780b5fff7f8ff132803d22f4951f8200000e02e4891
S3450800ec4002bd30202d49087078202c4948702c48018889b24ff48060414300200ce0d0f10702d2b292000b00d34013f00f033033224a02449370401c0828f0d300201f49d7
S3450800ec8088721e48704730201e49087000201d4948701d480068400202d53120194908701848704788ed00e00020000808ed00e0002002408070004000100240081002400a
S3450800ecc0133800110c10024088100240581002404c1002402c10024024ed00e014ed00e0000c0048000800481808004828ed00e00075ff1f00000020bc1f0108885d00203d
S3450800ed00e075ff1f545e0020202002400b480068002812d10a4800680a49096888420cd05ff0805008490860eff30580002804d1eff3108062b680f310887047e05d00202f
S3450800ed40c45d0020c85d002004ed00e0f8b504000d0016002021002227003800f7f788fe6560a660eff3108172b60c4820600c4b1868002804d10b4804606461a46106e0af
S3450800ed8008480068826984615461a26160611868401c186081f310880020f2bd414d4553f05d0020ec5d00207fb506000d00140000224ff400516248f7f71afa06208df8b1
S3450800edc000006423012269465e48faf765f901224ff400515a48f7f70bfa02208df80000300080b2000a8df801008df80260002608e03000c0b2285c69463200d2b21144fd
S3450800ee00c870761c30002100c0b2c9b28842f0d32200d2b229004c4800f040fe0100090e6a463300dbb21a44d170761c0100090c6a463300dbb21a44d170761c0100090a1a
S3450800ee406a463300dbb21a44d170761c69463200d2b21144c870761c00224ff400513848f7f7c6f96423e4b2e41d220092b269463448faf711f901224ff400513048f7f7b5
S3450800ee80b7f97fbd78b587b00c00150003218df81010010089b2090a8df811108df8120000224ff400512648f7f7a2f9642000902b00dbb2db1d9bb201aa04a92148faf70e
S3450800eec0dff901224ff400511d48f7f791f9002608e001a83100c9b20844c0783100c9b26054761c30002900c0b2c9b28842f0d3edb22a002100144800f0d0fd01a932000d
S3450800ef00d2b21144c97801aa3300dbb21a441279120412eb016201a93300dbb21944497912eb012201a9f6b23144897952fa81f1884201d1002000e0012008b070bd00000d
S3450800ef400008004824560020645b002080b50020dff8c81808720020dff8c41881f82c000020dff8bc1881f858000020dff8b01881f85900dff8a808dff8a8188160dff8b9
S3450800ef80a008dff8a018c160dff89408dff894180160dff88c08dff88c184160dff8800800210161dff87808dff878184161dff87008dff8701881610020dff86418c8619f
S3450800efc001200090002340f201324ff49661dff85808fef705fb01200090002340f202320521dff84808fef7fbfa01200090002340f203320a21dff83808fef7f1fa012075
S3450800f000009000234ff441720521dff82808fef7e7fa00f009f820230022dff81c18dff81c08fef719fb01bd0020dff8141808701420dff80c184870dff80408dff804189b
S3450800f0404160dff8fc07dff800188160dff8f00790ed010af0ee000adff8e40790ed021a00ee201adff8d80790ed010af0ee000a20ee200a81ee000adff8c40780ed030a83
S3450800f080dff8bc0790ed010af8ee000adff8b00790ed021a00ee201adff8a40790ed010af0ee000a20ee200a81ee000adff8900780ed040a704780b5dff86c07fef7a1fa8f
S3450800f0c0dff86807fef79dfadff86407fef799fadff86007fef795fa01bd80b5dff84017dff840270a60dff83817dff838274a60dff82c17dff82c274a61dff82417dff8fd
S3450800f10024278a61dff8181700220a620021dff8102782f82c10010089b2002909d10020dff8fc1681f858000020dff8f416c88507e0ff21dff8e82682f85810dff8e01610
S3450800f140c8850020dff8d81681f859000121dff8ec06fef7d9fd01bddff8c406704730b587b00c000025dff8b41602680a60dff8ac1640684860dff8a40690ed000adff827
S3450800f180a006d0ed000ab4ee600af1ee10fa41d00120dff88816087203a8019006a8009004ab02aa05a9dff89406fef7c1fd0fe00121dff88806fef7cffd03a8019006a8f6
S3450800f1c0009004ab02aa05a9dff87006fef7b0fd02980028ecd15ff0ff31dff86006fef7bbfddff83c06c08d002803d0dff83006c58d03e001210020fef7a9fcdff8200615
S3450800f20080682060dff81806c0691421b0fbf1f0606005e0dff8080680682060002060600020dff8fc1581f82c00280080b207b030bd80b5dff8e405007a00286ed0002007
S3450800f240dff8dc15c8610120dff8d41581f858000120dff8cc1581f82c000020dff8c015c885dff8bc05dff8b81589684160fff722fffef798fb0420f3f7affadff89c05aa
S3450800f28090ed000adff89805d0ed000ab4ee600af1ee10fa34d0dff88805dff8801509680160dff8780590ed010af3ee040a80ee200adff86c0580ed040adff86405dff8a6
S3450800f2c08c154161dff85805dff884158161dff8500590ed020adff84805d0ed000ab4ee600af1ee10fa05d50120dff8341581f859000fe00220dff8281581f8590009e0d5
S3450800f3000720dff81c1581f859000121dff82c05fef7fafc0020dff80415087201bd000038b50024dff8f80490f85800012840f0c080dff8ec0490ed020af1ee040ab4ee25
S3450800f340600af1ee10fa20d4dff8d40490ed020adfed5c0ab4ee600af1ee10fa15dadff8c00490ed020adff8b804d0ed030a30ee600a10ee100af6f7adff31f000410122ab
S3450800f380dff8d034faf708fe0ed8dff8940490f82c10dff89804fef739f90400dff88c04c088c046050003e0dff88004fef729f9dff86c0490f85900012805d0dff8600446
S3450800f3c090f8590007282cd1dff8540490ed050adff84c04d0ed020ab4ee600af1ee10fa0cd4dff83c0490ed020adff83404d0ed060ab4ee600af1ee10fa0ed5dff8200423
S3450800f40090f82c10dff82004fef700f90400dff81804c088c046050003e0dff80c04fef7f0f8dff8fc0390ed080adfed940ab4ee600af1ee10fa1ddbdff8e40390ed090a16
S3450800f440f6ee000ab4ee600af1ee10fa0ed5dff8d00390f82c10dff8d803fef7d7f80400dff8cc03c088c046050003e0dff8c003fef7c7f80420f3f784f9002819d0dff833
S3450800f480a00390f82c10dff8ac03fef7bff80400dff8a003c088c0460500dff884030021016204209fedb80af3f722f90420f3f794f9e4b2002c03d0280080b2fff70dfef0
S3450800f4c031bd000001000c4380b5dff8540390f85800012840f0c680dff8440390f85900002807d0012806d0022853d0072800f09d80b4e0b3e0dff8280390ed000adff8d1
S3450800f5002003d0ed010ab4ee600af1ee10fa0adbc34890ed010ac248d0ed040a30ee200abf4880ed010abe484068f6f7d3fe0022dff82433f7f716f9f7f754fab84948612a
S3450800f540b7484068f6f7c6fe0022c44bf7f70af9f7f748fab2498861b14890ed010ab048d0ed000ab4ee600af1ee10fa0cdbac48ab49096841600720a94981f859000121cc
S3450800f580ae48fef7c1fb04e0a548c069401ca449c86164e0a24890ed010aa148d0ed000ab4ee600af1ee10fa0adb9d4890ed010a9b48d0ed040a30ee600a994880ed010aee
S3450800f5c097488068f6f786fe0022a34bf7f7caf8f7f708fa9249486191488068f6f77afe00229e4bf7f7bef8f7f7fcf98c4988618b4890ed000a8a48d0ed020ab4ee600a1a
S3450800f600f1ee10fa0cdb86488549096841600720834981f8590001218848fef775fb04e07f48c069401c7e49c86118e07c480068f6f750fe0022874bf7f794f8f7f7d2f97c
S3450800f6407749486176480068f6f744fe0022844bf7f788f8f7f7c6f971498861ffe700f00ff802e06e480021016201bd80b504206b4991ed080af3f73bf801bd0100484255
S3450800f680674890ed010a6648d0ed020a30ee600a6348d0ed080a9fed5d1ab4ee410af1ee10fa02dbb2ee040a08e0baee041ab4ee410af1ee10fa01d5baee040a60484078b8
S3450800f6c001ee100ab8ee411a5d48d0ed031a60ee211a5b4890ed062a5948d0ed042a42ee221a574890ed052a01ee212a4c4880ed082a4b4890ed081adfed451ab4ee611a70
S3450800f700f1ee10fa12d5464890ed081a31ee601adfed401ab4ee611af1ee10fa06dbb3ee091a70ee810a3e48c0ed080a3c48d0ed080a9fed391af4ee410af1ee10fa02db01
S3450800f7403748334901623648d0ed080af5ee400af1ee10fa02d5324800210162384880ed060a37482e49096a4161704780b50020f3f7cdf82a4880ed020a0120f3f7c7f86d
S3450800f780274880ed030a01bd0000000080b5f3f7d7f8234880ed090af3f7e6f8204880ed0a0a01bd264a107025484170244880ed010a234890ed010af0ee000a204890ed9a
S3450800f7c0021a00ee201a1e4890ed010af0ee000a20ee200a81ee000a194880ed030a184890ed010af8ee000a154890ed021a00ee201a134890ed010af0ee000a20ee200a5c
S3450800f80081ee000a0e4880ed040a704701002041000075430100c841010075437c5d00206c5800200000c8419c580020a6580020b0580020ba580020501f0108585c00201e
S3450800f840b45c002000002041cdcc4c3d0000f0420000a0410000084000001440000014c0000008c070b504000025eff3108272b62069002813d1a068884203d382f3108848
S3450800f88021252de0a068401ca060e16982f310880800002801d020008847002520e0e168401e002802d10023e36004e00b6fe3604e6f5e6733672061002088660020c1f8ea
S3450800f8c08400e669074803685b1c036082f31088080000f06ff93000002801d02000b047280070bde05d002030b4eff3108472b6002901d045680d60002a01d08168116049
S3450800f900002b01d0c16819600299002901d002690a600399002901d04069086084f31088002030bc7047000070b50023eff3108572b68268002a05d08168491e816085f3bf
S3450800f940108836e0002931d01b4b1a68002a03d085f310880d232ce0184a1468184aa266e066d4f8b020521cc4f8b0200269002a03d1c4602467646705e0c2682267566f0c
S3450800f9806667346754670269521c0261062020630120a063e1641868401c186085f310882000fef705fad4f8843002e085f310880d23180070bd00bfe05d0020c45d00200c
S3450800f9c0a91a01080268002a27d012f1010f24d08169002921d1212a01d31f2200e0521e0e49096801eb82020d490b689a4206d30968521a92100b49096801eb8202116803
S3450800fa00002903d100614061106005e011684b69186148610161436182617047305e00202c5e0020285e002038b50400eff3108272b6206900280bd1a068401ca060e169af
S3450800fa4082f310880800002823d02000884720e0e168401e002802d10023e36004e00b6fe3604d6f5d672b67206100208866e5690020c1f88400084803685b1c036082f35a
S3450800fa801088080000f096f82800002801d02000a847002032bd00bfe05d002038b5040000200223637723689b6853f001032568ab60236a012b10d017d3032b01d010d3dd
S3450800fac013e0002004e051f8203025682b60401c9042f8d32068006807e0200000f008f803e0200000f04cf8ffe70121617732bd30b4002413e011f8243001eb84056d78b8
S3450800fb002d0455ea036501eb84039b7855ea032501eb8403db781d4303681d60641cb4eb920fe8d312f0030f26d012f00303012b03d111f8243005682b7012f00303022bbd
S3450800fb4008d111f8245001eb84035b7853ea052305682b8012f00302032a0dd111f8243001eb8402527852ea032203681a8001eb84018978026811700068006830bc70477d
S3450800fb8030b4002309e031f8234001eb83056d8855ea0445046825605b1cb3eb520ff2d3d20703d5026831f8231011800068006830bc7047f8b50400eff3108572b6606e05
S3450800fbc0002804d014f14c0000f096f801e00020e06441490868401e0860a06b002850d1206b00285fd0606b002845d100202063e26a3a4b53f82200002837d143f822403a
S3450800fc0024626462012313fa02f0354e37683843306034480668b24245d20260324e3068002801d134603ee0c76bba423bd2c26bc76aba4206d0c06a13fa00f02b4a13687d
S3450800fc4018431060346085f31088086800280cd15ff0805026490860eff30580002804d1eff3108062b680f3108834e0426a146244626262206216e0002060630320206302
S3450800fc8011e0206b01280ed0206b02280bd0606b002804d10020a0630020206303e000206063032020631348006885f310880e4a126890420fd0086800280cd15ff080503f
S3450800fcc00b490860eff30580002804d1eff3108062b680f31088f1bde05d002074530020d45d0020dc5d0020c85d0020d85d002004ed00e0c45d00208169002912d0026999
S3450800fd00904205d10a6882420ad100220a6007e0436953611a610b68834201d191610a60002181617047000038b50c00fdf75eff0500200095ed000afcf74cfe200095edb4
S3450800fd40010afcf747fe200095ed020afcf742fe200095ed030afcf73dfe200095ed040afcf738fe200095ed050afcf733fe002032bd7cb504000d00052100226e46300049
S3450800fd80f6f776fe2800fcf73fff0600032e0fdb01208df800002300dbb26a464ff480712800fcf77dff29000020fcf744fe1ae0fdf725fe002e03d0022e0bd005d30ee028
S3450800fdc02900406dfcf737fe0de02900806dfcf732fe08e02900c06dfcf72dfe03e029000020fcf728fe29000020fcf724fe002076bd7cb505000c00052100226e46300011
S3450800fe00f6f736fe2000fcf7fffe06002000fcf7d6fe3100c9b203290fdb01208df800002b00dbb26a464ff480712000fcf738ff21000020fcf7fffd04e001003000c0b291
S3450800fe40fdf7dffd002076bd38b50c00fdf7d7fd05002100286dfcf7eefd210095f84c00fcf7e9fd002032bd38b50c002000fcf7a6fe05002000fcf7c7fe2900c0b2fdf7f9
S3450800fe80ebfd002032bdfeb507000c00052100226d462800f6f7ecfdfdf7b1fd05002000fcf7b2fe06003000c0b2062841da3100c9b20c20414305eb01004068dff88c14b7
S3450800fec00860dff8887421003878fcf73afe7f1c21003878fcf735fe7f1c21003878fcf730fe781c21000078fcf72bfef6b20c20464305eb06008068dff850140860dff8a0
S3450800ff004c6421003078fcf71cfe761c21003078fcf717fe761c21003078fcf712fe701c21000078fcf70dfe2100a86cfcf783fd0ee001208df800003b00dbb26a464ff452
S3450800ff4080712000fcf7acfe21000020fcf773fd0020febdfeb507000c00052100226d462800f6f785fdfdf74afd05002000fcf74bfe06003000c0b206285ada3100c9b29c
S3450800ff800c2041436858dff8c8130860dff8c07321003878fcf7d5fd7f1c21003878fcf7d0fd7f1c21003878fcf7cbfd781c21000078fcf7c6fd3100c9b20c20414305eb87
S3450800ffc001004068e2490860e14f21003878fcf7b8fd7f1c21003878fcf7b3fd7f1c21003878fcf7aefd781c21000078fcf7a9fdf6b20c20464305eb06008068d44908606f
S34508010000d34e21003078fcf79cfd761c21003078fcf797fd761c21003078fcf792fd701c21000078fcf78dfd2100a86cfcf703fd0ee001208df800003b00dbb26a464ff463
S3450801004080712000fcf72cfe21000020fcf7f3fc0020febd2de9f8432ded048b82b005000e00052100226c462000f6f701fd3000fcf7cafd07009fedb29a3000fcf7b2fc67
S34508010080b0ee408a3000fcf7adfcf0ee408a3000fcf795fd040018ee100af6f71bf90022ac4bf6f73bf98046894618ee900af6f711f942464b46f6f755fbf6f793fc00ee55
S345080100c0100adfeda00ab4ee600af1ee10fa06d4dfed9d0ab4ee600af1ee10fa0fdb02208df800002b00dbb26a464ff480713000fcf7d6fd31000020fcf79dfc1ee03800f4
S34508010100c0b207280fdb01208df800002b00dbb26a464ff480713000fcf7c2fd31000020fcf789fc0ae021003800c0b2b0ee681af0ee480ab0ee490afdf7a4fc002002b0dc
S34508010140bdec048bbde8f2832de9f8432ded048b82b005000e00052100226c462000f6f787fc3000fcf750fd07003000fcf73afcb0ee409a3000fcf735fcb0ee408a300021
S34508010180fcf730fcf0ee408a3000fcf718fd040019ee100af6f79ef800226f4bf6f7bef88046894618ee100af6f794f80022694bf6f7b4f842464b46f6f7d4fa8046894604
S345080101c018ee900af6f786f842464b46f6f7cafaf6f708fc00ee100adfed5a0ab4ee600af1ee10fa06d4dfed580ab4ee600af1ee10fa0fdb02208df800002b00dbb26a4607
S345080102004ff480713000fcf74bfd31000020fcf712fc1ee03800c0b207280fdb01208df800002b00dbb26a464ff480713000fcf737fd31000020fcf7fefb0ae021003800e4
S34508010240c0b2b0ee681af0ee480ab0ee490afdf719fc002002b0bdec048bbde8f283f8b52ded028b82b004000d00052100226e463000f6f7fdfb2800fcf7c6fc06002800dc
S34508010280fcf7c2fc07002800fcf7acfbb0ee408a2800fcf7b9fc3100c9b2002908d10100c9b2b0ee480a3800c0b2fff77bfa1ae03100c9b200290ed03100c9b208290adae0
S345080102c00200d2b2b0ee480a3900c9b23000c0b2fbf7d6fe07e02300dbb26a464ff480712800fcf7ddfc002002b0bdec028bf2bd7cb504000d000020052100226e463000a9
S34508010300f6f7b6fb2800fcf77ffcc0b2fbf712ffc0b2002807d02300dbb26a464ff480712800fcf7bdfc002076bd80b5002000903c230a4a0a490220fcf71ef801bd000005
S34508010340000000000000a0420100c842a85d0020ac5d00200080564000a4bf40585a0020181a010810b504002100c9b20220fcf77dfaf9e780b5faf70dfbf9f7c5fe00209b
S3450801038002bd0000f0b587b004000d000026052100226f463800f6f76bfb2800fcf722fb8ded030a2800fcf71dfb8ded020a2800fcf71cfcadf8100032208df8120000206b
S345080103c08df813009ded020af3ee040ab4ee600af1ee10fa08d49ded020adfed5f0ab4ee600af1ee10fa0cdb012602208df800002300dbb26a464ff480712800fcf750fc90
S3450801040014e09ded030adfede60ab4ee600af1ee10fa0bd5012601208df800002300dbb26a464ff480712800fcf73afcb6b2002e12d105a902a8faf7fcfa010089b20029c2
S345080104400ad001218df800102300dbb26a46010089b22800fcf724fc28009ded050afcf7b9fa2900069880b2fcf700fb002007b0f0bd0000f0b587b004000d0000260521fa
S3450801048000226f463800f6f7f3fa2800fcf7aafa8ded030a2800fcf7a5fa8ded020a0020adf8100001208df813009ded020af3ee040ab4ee600af1ee10fa08d49ded020a44
S345080104c0dfed250ab4ee600af1ee10fa0cdb012602208df800002300dbb26a464ff480712800fcf7ddfb14e09ded030adfedac0ab4ee600af1ee10fa0bd5012601208df812
S3450801050000002300dbb26a464ff480712800fcf7c7fbb6b2002e12d105a902a8faf789fa010089b200290ad001218df800102300dbb26a46010089b22800fcf7b1fb280075
S345080105409ded050afcf746fa2900069880b2fcf78dfa002007b0f0bd0100f04238b50c00fbf75ffb0500200095ed040afcf732fa200095ed140afcf72dfa200095ed160ac1
S34508010580fcf728fa200095ed180afcf723fa200095ed1a0afcf71efa200095ed1c0afcf719fa200095ed010afcf714fa200095ed080afcf70ffa002032bd38b50c00fbf74c
S345080105c030fb0500200095ed010afcf703fa200095ed030afcf7fef9200095ed040afcf7f9f9200095ed140afcf7f4f9200095ed160afcf7eff9200095ed180afcf7eaf91a
S34508010600200095ed1a0afcf7e5f9200095ed1c0afcf7e0f9200095ed080afcf7dbf9200095ed0f0afcf7d6f9200095ed1f0afcf7d1f9200095ed200afcf7ccf9200095edda
S34508010640210afcf7c7f9200095ed220afcf7c2f9200095ed230afcf7bdf9200095ed240afcf7b8f9200095ed250afcf7b3f9200095ed260afcf7aef9200095ed270afcf783
S34508010680a9f921006878fcf75cfa002032bd000038b50c00fbf7c5fa0500200095ed010afcf798f9200095ed030afcf793f9200095ed040afcf78ef9200095ed140afcf745
S345080106c089f9200095ed160afcf784f9200095ed180afcf77ff9200095ed1a0afcf77af9200095ed1c0afcf775f9200095ed060afcf770f9200095ed070afcf76bf921007a
S3450801070095f87800fcf71dfa200095ed080afcf761f9200095ed0f0afcf75cf9200095ed110afcf757f920009fed520afcf752f9200095ed1f0afcf74df9200095ed200a81
S34508010740fcf748f9200095ed210afcf743f9200095ed220afcf73ef9200095ed230afcf739f9200095ed240afcf734f9200095ed250afcf72ff9200095ed260afcf72af98a
S34508010780200095ed270afcf725f921002878fcf7d8f921006878fcf7d4f9002032bd00000bd7a33b18b587b00c006846fbf7d7fc20009ded000afcf70df920009ded010a4c
S345080107c0fcf708f920009ded020afcf703f920009ded030afcf7fef820009ded040afcf7f9f820009ded050afcf7f4f821009df81800fcf7a6f9002008b010bd80b508003b
S34508010800fcf702fac0b2fbf7cbfc002002bd7cb504000d00052100226e463000f6f728f92800fcf7f1f90100c9b2652908db2300dbb26a464ff480712800fcf731fa0ce07c
S34508010840c0b2f5f781ff5ff066320b4bf5f766fdf5f75effc0b2fbf731fa002076bd80b5002000903c23054a05490020fbf784fd01bd00000000000066660440a459002075
S34508010880301b010810b504002100c9b20020fbf7edfff9e780b5fef717f8fbf71ffdf1f72ffdfff7dcff00f0fef9fff73efd00f056fa00f09dfa00f0b1fa00f0dffa002003
S345080108c002bd78b587b0b4200690012005900020049001200390052002904ff480600190684800900023684a65a1684800f0eafa0024afe0b42006900120059000200490ad
S34508010900012003900a2002904ff40060019060492200d2b24ff40060424301eb020000902300dbb25b4a5c495c4d2600f6b2b420464305eb060000f0c5fab4200690012011
S34508010940059000200490012003900a2002904ff40060019052492200d2b24ff40060424301eb020000902300dbb24e4a4e494f4d2600f6b2b420464305eb060000f0a2fa6c
S34508010980b42006900120059000200490012003900a2002904ff48060019045492200d2b24ff48060424301eb020000902300dbb2404a4149414d2600f6b2b420464305eb69
S345080109c0060000f07ffab42006900120059000200490012003900a2002904ff48060019037492200d2b24ff48060424301eb020000902300dbb2334a3349344d2600f6b23d
S34508010a00b420464305eb060000f05cfab42006900120059000200490012003900a2002904ff4806001902a492200d2b24ff48060424301eb020000902300dbb2254a264949
S34508010a40264d2600f6b2b420464305eb060000f039fa641c2000c0b20228fff64baf2c20039001200290322001903220009000231b4a1c491c4800f0d3fa08b070bd00003b
S34508010a80636470005c38002053c90008385000205c0000208508010818200108284400205c100020c90c010820200108904500205c2000206503010828200108f84600202d
S34508010ac05c280020950d010830200108604800205c3000200d0e0108601f0108c84900202d0e0108181f0108385b002080b50020fef7f3fa002002bd70b586b004000d0035
S34508010b000020052100226e463000f5f7b1ff2800fbf768ff8ded030a2800fbf763ff8ded020a9ded020af3ee040ab4ee600af1ee10fa08d49ded020adfed600ab4ee600a86
S34508010b40f1ee10fa0cdb012002208df800002300dbb26a464ff480712800fcf7a1f812e004a902a8fef7fbfa010089b200290ad001218df800102300dbb26a46010089b2c1
S34508010b802800fcf78df828009ded040afbf722ff2900059880b2fbf769ff002006b070bd38b50c00fef7d8fa0500200095ed020afbf710ff200095ed030afbf70bff20001f
S34508010bc095ed000afbf706ff002032bd38b50c00fef7c2fa0500200095ed000afbf7fafe200095ed010afbf7f5fe200095ed020afbf7f0fe200095ed030afbf7ebfe200045
S34508010c0095ed080afbf7e6fe200095ed090afbf7e1fe200095ed0a0afbf7dcfe210095f85900fbf78eff002032bd38b50c00fef793fa0500200095ed000afbf7cbfe200097
S34508010c4095ed010afbf7c6fe200095ed020afbf7c1fe200095ed030afbf7bcfe200095ed050afbf7b7fe200095ed060afbf7b2fe200095ed080afbf7adfe200095ed090ab6
S34508010c80fbf7a8fe200095ed0a0afbf7a3fe210095f85800fbf755ff210095f85900fbf750ff002032bd80b5002000903c23044a04490120fbf760fb01bd00000100f04263
S34508010cc0e0590020281c010810b504002100c9b20120fbf7cbfdf9e72de9fc4104000d000026052100226f463800f5f7c1fe354805602800fbf77aff8046404680b2642836
S34508010d000bda012601208df800002300dbb26a464ff480712800fbf7c3fff6b2002e10d1faf77fff0700284800f0eef9424692b21ffa88f84146244800f0f6f9224800f07d
S34508010d4013fa280097ed040afbf744fe0020bde8f68180b51c4800f0d7f9002002bdf8b5002000903c23194a19490320fbf704fb2c200390002002906420019064200090a6
S34508010d8041f234230ff21d0212490f4800f048f905b000bd10b504002100c9b20320fbf765fdf9e780b5faf73cff01000548006891ed040afbf70efe02480068fbf766fec0
S34508010dc001bd0000b05d00200c5b0020945a0020301d0108041f010810b50c00faf721ff0100200091ed040afbf7f4fd002010bd80b5002000903c23024a03490420fbf791
S34508010e00bbfa01bdd05a0020781d010810b504002100c9b20420fbf729fdf9e780b5fcf77dfcfef793f8f9f7c7fa01bd80b5f1f76efbfef7fef9fef799fcfef771fafef7e6
S34508010e40a5fcfef741fbfef711fcf9f759fef9f763fff9f7b3fffaf70bfbfaf72ffafaf7a3fffaf72dfcf9f7c7fbfcf723fffcf7bffefaf7d9fefaf73dff01bd10b50e4c4d
S34508010e80206810f10f3f0ad05ff0f030206000f07bf900f0b3f909480168491c01605ff0f030206006480068fff70bfd0020206000f0e6f910bd00bf58000020e05d002090
S34508010ec01c5e00202de9f44f86b004000f009a46109dddf84480ddf848900026002c01d10e2678e01698b42801d00e2673e0eff3108172b644480268521c026081f31088d5
S34508010f000021424ad2f800b02a004244521e002316e0dbf80cc0654505d3dbf810c0654501d200250121dbf80cc0624505d3dbf810c0624501d200250121dbf888b05b1cb6
S34508010f40dff8ccc0dcf800c0634504d25c4500d101210129ddd1eff3108172b60268521e026081f31088fdf7d1fe5c4501d10e2631e0002d01d103262de00698002801d156
S34508010f80032628e0b8f1c80f01d2052623e0b9f1200f01d30f261ee01398814501d2182619e01598022801d3102614e0194800681949884200d11326184a1068eff30581ff
S34508010fc00843002807d01168eff305800143b1f1f03f00d21326002e11d153463900159805901498049013980390cdf80890cdf804800095069a200000f092f9060030004a
S3450801100007b0bde8f08f00bfe05d0020cc5d0020d05d0020c45d0020ec500020580000202de9fe4f0500884691469a460c9e0e9f0024002d01d1152432e00f982c2801d081
S3450801104015242de0eff3108172b629480268521c026081f310882749d1f800b0002102e0dbf824b0491c244a1268914201d25d45f6d1eff3108172b60268521e026081f38f
S345080110801088fdf743fe5d4501d1152408e0002e01d1162404e0012f02d0002f00d01724002c14d1154800681549884200d11324144a1068eff305810843002807d011685e
S345080110c0eff305800143b1f1f03f00d21324002c0ad153464a46414602970d9801900096280000f0c1f904002000bde8fe8f00bfe05d0020385e00203c5e0020c45d00204b
S34508011100ec5000205800002080b5002801d1152007e00168034a914201d0152001e000f0e5f902bd4d49544110b5002801d1152015e003680a4ca34201d015200fe00029ac
S3450801114001d116200be0074b1c68eff305831c43b4f1f03f01d3132001e000f029fa10bd4d4954415800002080b5002801d1152007e00168034a914201d0152001e000f0e4
S3450801118025fa02bd4d49544172b61448144a10601448016841f0010101604ff0e0201249c0f8081d11481049096801604ff0e0200f4941614ff0070101610021c0f8181d81
S345080111c00c49c0f81c1d0c49c0f8201d704701b500f012fabde8014070470000545d00201c5e0020001000e000200008c05d00203f900200000000ff0000ff4080b500f056
S3450801120057fa00f099fa00201149086000201149086000201049086000201049086000200f49086000200f49086000200e49086000200e49086000200d49086000200d4973
S34508011240086000200c49086000200c49086001bdec5d0020f05d0020f45d0020f85d0020fc5d0020005e00200c5e0020105e0020145e0020185e0020045e0020085e002084
S345080112804ff00000224a106062b64ff080504ff0e021c1f8040dbff34f8fbff36f8ffee71c481d4a4ff00003016869b10360eff3098c2ce9f00f194c4cf804ed2568c1f850
S345080112c008c00db18d61236072b6116889b1016062b64f68114c8d6907f101074f602560d1f808c05cf804ebbce8f00f8cf30988704772b61168016009b962b6f9e74ff01d
S3450801130000674ff0e028c8f8047d62b6e1e70000e05d0020c45d0020c85d0020505e00202de9f24f82b0050014001f00ddf83080ddf83890ddf83ca0ddf840b000260d98fa
S345080113400190ef22cdf8008001990098f5f790fb0098b421002200950098f5f789fb00980298a8626c64af64c5f80c800d986861c5f82c90c5f89490c5f818b0c5f81cb064
S345080113802020c5f89c000d984044401e2861c5f83ca0c5f898a0032028632b486865ad652a49280000f038faeff3108172b628482860284b1868002806d127480560c5f814
S345080113c08850c5f88c500be023480068d0f88c20c0f88c50c2f88850c5f88c20c5f8880011981a68521c1a601c4a13685b1c1360012819d11a480268eff305800243b2f15b
S34508011400f03f07d317480468002c04d0e66be06ae06300e0002481f310882800fef7cafb002c0dd0e6630be081f31088eff3108072b61168491e116080f31088fdf766fc64
S345080114400020bde8fe8f00bfb91d0108b11b010844524854d05d0020cc5d0020e05d002058000020c85d00202de9f04704000d0016001f00ddf82080ddf824902c210022b6
S34508011480a2465046f5f7f4fa6560c4f80880c4f80c9026616761eff3108572b610482060104a1068002804d10f4804606462a46206e00d480068816a84624c62a162606261
S345080114c00a981168491c1160012803d114f10800fef778fa85f310880020bde8f08700bf4d4954413c5e0020385e002030b410f10802eff3108372b6906900284bd00021ec
S34508011500274c2568a84204d3264d2d68a84200d2012101291cd124490d68a84204d30c68041ba410641c09e02468041ba4101d4d2d6809686d1aad106d1c2c1911682129e7
S3450801154004d31168203c6418146011e014600fe016490968914209d01168212903d311682039116004e05168116001e05168116011698a4205d1016891420ad10021016046
S3450801158007e054694c6121610468944201d1886101600020906183f31088002030bc7047285e00202c5e0020305e0020405e002010b4eff3108472b6036a002b01d18160a0
S345080115c0c26084f31088002010bc704710b5eff3108472b6016a002901d0172008e08168002901d1172003e00830fef7ebf9002084f3108810bd00002149086800f101004a
S345080116000860204b1a683ab1a2f101021a601ab91d4b4ff0010018601c490868026822b11b4b4ff001021a6008e000f10400194b1a68904201d1184b18680860124b1a6893
S3450801164012b913490868c0b101b51149086808b100f004f90c4b1a686ab100f011f90f48016841b90e4801680e4a13680e480f4a994200d00260bde80140bff34f8f70470a
S34508011680205e0020505e0020245e0020305e0020345e00202c5e0020285e0020e05d0020c45d0020c85d002004ed00e00000001010b50020154908600020154908600421e3
S345080116c00022144c2000f5f7d3f904210022124c2000f5f7cdf9202010490860802100220f4c2000f5f7c4f900200e49086000200d49086000200d49086000200c490860aa
S345080117000c48016851f08071016010bdc45d0020c85d0020d45d0020d85d0020dc5d002074530020cc5d0020d05d0020e05d0020e45d0020e85d002070b586b00020234971
S34508011740086000202249086000202249086000202149086000202149086080210022204c25002800f5f784f91e4804601e4804601e4814f17c0101600168091d01601c4c0e
S345080117801c4820601c4d4ff4806028601b4e00203060002005900020049030680390306802902868019020680090154b154a16491648fff7b5fd0028ebd100201449086025
S345080117c000201449086006b070bd00bf205e0020505e0020245e0020345e0020405e0020f4530020285e0020305e00202c5e0020445e00205c3c0020485e00204c5e002066
S345080118004d495441e91801082c1f0108ec500020385e00203c5e0020026922f00702a2f144020d4b13604ff0000353609360d360136153619361d361136253629362d3625b
S34508011840136353634ff0ff339363d1634ff080731364826070470000fdffffff80b5eff3108072b604490a68521c0a6080f310880248fef79ff901bde05d0020ec50002097
S3450801188013480168eff3108272b60020114b1860002919d0086b002816d1c869886188690d4b1860086a88420ed0c86acb6b98420ad10a480b6ac96a40f8213008490968da
S345080118c050f821000749086082f31088704700bfc45d0020245e0020505e002074530020dc5d0020c85d00202de9fc410024424988420ed0bde8f381404803220263012207
S3450801190082633f4a13685b1c136081f31088fcf74ffaeff3108172b63a4a1068006800900098002802d06846009b98610020136818601068001d10601068334b1b689842af
S3450801194002d1324800681060314d0020286081f31088eff3108172b628e00020b0610ae0b268f4687068306030680028f5d001a8b06136610196274f3e6081f310881000c8
S34508011980002801d020009047eff3108872b6002038600198b04204d10020b0613000fef711f888f31088eff3108172b6009800281bd0009e0098006900220192864202d1c7
S345080119c00020009005e07269426110616a468261009030682128c3d3306820383060002201a8b06136610196c5e72868002883d081f310888de700bf4d495441ec500020b3
S34508011a00e05d0020305e00202c5e0020285e0020345e0020405e00200a00000029fd00080d00010073fd00080e010500f3fd00080f00000049fe00081001080069fe00081c
S34508011a401100010087fe000812010d00550001081e00010055ff00081f01110049010108130007005f02010817000100f1020108fa000100c1d40008fb00010021d4000812
S34508011a80fc000100d9d30008fd00ffffe5ce0008fe00010039d30008ff000100e1d100080000ffffddd1000810b5eff3108372b6826e1c4ca24231d1d0f8b02091422dd126
S34508011ac0c26e002a2ad01168174ca14226d11169002923d0002181661169491e11611169002902d10021d16007e0016f446f4c672167d468844200d1d160016b06290dd152
S34508011b000d21c0f8841009490a68521c0a6083f31088fef74ff8eff3108372b683f3108810bd00bfa91a0108414d4553e05d0020010000007503010803010b00850301088e
S34508011b400501080075040108060000005d0501080b000000bb050108210000009106010815010000a507010816000100fd0701081c0101000f080108fa000100c1d40008fb
S34508011b80fb00010021d40008fc000100d9d30008fd00ffffe5ce0008fe00010039d30008ff000100e1d100080000ffffddd1000810b51a480468eff3108072b6d4f8ac2070
S34508011bc080f310881000002802d0002120009047a06c616c884712490868002802d0200009688847eff3108072b6d4f8ac20012121630121a1630021e1640a490b685b1c3b
S34508011c000b6080f310881000002802d00121200090472000fcf7ccf810bd00bfc45d0020e45d0020e05d002002000000ed0a010804010800f90a010807000000a10b0108c3
S34508011c400c000000cd0b0108140000002b0c0108fa000100c1d40008fb00010021d40008fc000100d9d30008fd00ffffe5ce0008fe00010039d30008ff000100e1d100084f
S34508011c800000ffffddd10008c81f0108d01f0108d81f0108c6640008c6640008e01f0108c6640008f01e0108981f0108e81f0108a41f0108f01f0108f81f010800200108c7
S34508011cc0b01f0108c6640008c6640008082001081020010810000000010000000024f400f0f0f0f0fee7704780b50c48f6f759f901bd80b50a48f6f754f901bd80b509481f
S34508011d00f6f74ff901bd80b50748f6f74af901bd80b50648f6f788fc01bd0000ec560020ac5700200c5800204c5700201459002008010200d90c010809000000530d0108b9
S34508011d40fa000100c1d40008fb00010021d40008fc000100d9d30008fd00ffffe5ce0008fe00010039d30008ff000100e1d100080000ffffddd1000814000000d90d0108d8
S34508011d80fa000100c1d40008fb00010021d40008fc000100d9d30008fd00ffffe5ce0008fe00010039d30008ff000100e1d100080000ffffddd1000880b5eff3108272b6ca
S34508011dc0016b042908d109490b685b1c0b6082f31088fdf7effe08e0836ed0f8b01082f310881a00002a00d0984701bde05d002030b4002512e050f8042bd30744bf4a4474
S34508011e00521e091f042942f8045bfad213468c0744bf15809b1cc90748bf1d7050f8041b0029e8d130bc704710b5074979441831064c7c44163404e00a68081d11448847c8
S34508011e400146a142f8d110bd2c0000004c0000004ef68851cef20001086840f470000860bff34f8fbff36f8f4ff00070e1ee100a704700007dffffff045e00005c000020da
S34508011e80000000002744ffff5c000000fcfdffff00000020000000000120c046002801d0fff7c2ffaff300800020aff30080fef7f1fc00f000f800f001b8000007463846be
S34508011ec000f002f8fbe700002021090326311820abbef9e70548014603b4684680f30988aff30080fff7b4fffff7d6ffa5edf5fe4c5146503132382f5546424741313231d4
S34508011f00000000006c6f676765725f74696d65725f6e616d65000000436f6e74726f6c4c6f6f705f54696d657200000053797374656d2054696d6572205468726561640099
S34508011f40426c6f636b5f53656d6170686f726500436f7665725f53656d6170686f726500736c617665746f736c6176655f00000043414e5f4952515f6e6f746966790000d5
S34508011f800000a0400000a0400000b040cdcc4c40cdcc4c40cdcc4c4055465146504e33320000000055465146504e343800000000544642474131303000000000756e6465e1
S34508011fc066696e65640000004c51465036340000574c4353503634004c51465031303000574c4353503831004c514650333200004c51465034380000574c43535034390059
S3450801200055464247413634004c514650383000000078464600000000626c6f636b5f0000636f7665725f00006379636c65725f006c6f676765725f00000000000102030471
S3450801204000480047d51e0108fff7febffff7febffff7febffff7febffff7febffff7febffff7febffff7febffff7febffff7febffff7febffff7febffff7febffff7febffc
S34508012080fff7febffff7febffff7febffff7febffff7febffff7febffff7febffff7febffff7febffff7febffff7febffff7febffff7febffff7febffff7febffff7febfe1
S345080120c0fff7febffff7febffff7febffff7febffff7febffff7febffff7febffff7febffff7febffff7febffff7febffff7febffff7febffff7febffff7febffff7febfa1
S34508012100fff7febffff7febffff7febffff7febffff7febffff7febffff7febffff7febffff7febffff7febffff7febffff7febffff7febffff7febffff7febffff7febf60
S34508012140fff7febffff7febffff7febffff7febffff7febffff7febffff7febffff7febffff7febffff7febffff7febffff7febffff7febffff7febffff7febffff7febf20
S34508012180fff7febffff7febffff7febffff7febffff7febffff7febffff7febffff7febffff7febffff7febffff7febffff7febffff7febffff7febffff7febffff7febfe0
S345080121c0fff7febfffffffffffffffffffffffffffffffffffffffffffffffffffffffffffffffffffffffffffffffffffffffffffffffffffffffffffffffffffffffff59
