:020000040000FA
:0415000027EF53F08E
:081508000000000000000000DB
:101510000000000000000000046ED8CF05F0E0CF0E
:1015200006F00001E9CF0CF0EACF07F0E1CF08F0B8
:10153000E2CF09F0D9CF0AF0DACF0BF0F3CF12F0F7
:10154000F4CF13F0FACF14F0F5CF15F0F6CF16F074
:10155000F7CF17F000C00EF001C00FF002C010F07E
:1015600003C011F00E01C2A1B9EF0AF0CAB1F9EF40
:1015700012F0C2A3BFEF0AF0CAB30DEF13F0C4AF6D
:10158000C5EF0AF0CCBF21EF13F0C5A9CBEF0AF0ED
:10159000CDB98FEF0FF0C5ABD1EF0AF0CDBB2CEF7B
:1015A0000EF0C5ADD7EF0AF0CDBD84EF11F0C5AF99
:1015B000DDEF0AF0CDBF00EF11F00EC000F00FC05C
:1015C00001F010C002F011C003F00CC0E9FF07C029
:1015D000EAFF078E08C0E1FF09C0E2FF0AC0D9FF99
:1015E0000BC0DAFF12C0F3FF13C0F4FF14C0FAFF00
:1015F00015C0F5FF16C0F6FF17C0F7FF045006C070
:10160000E0FF05C0D8FF1000F76A180FF66E160E3F
:10161000F7220900F5501200302E31302E30322ED4
:1016200030303030F76A340FF66E160EF7220900AC
:10163000F550120005000A00460069008C00AF005A
:10164000D200F50018015401000000000000000065
:10165000000000000000000000000000000000008A
:10166000000000000000000000000000000000007A
:1016700000300000003000000030000000300000AA
:10168000003000000030000000300000003000009A
:10169000003000000030000005000A00460069002C
:1016A0008C00AF00D200F5001801540100000000CA
:1016B000000000000000000000000000000000002A
:1016C000000000000000000000000000000000001A
:1016D000000000000030000000300000003000007A
:1016E000003000000030000000300000003000003A
:1016F000003000000030000000300000F76A0C0FDE
:10170000F66E170EF7220900F550120005001900B9
:10171000AA00FF005401A901A302BC02D502DA020B
:1017200000000000000000000000000000000000B9
:1017300000000000000000000000000000000000A9
:101740000000000000000000003000000030000039
:1017500000300000003000000030000000300000C9
:1017600000300000003000000030000000300000B9
:1017700005001900AA00FF005401A901A302BC0240
:10178000D502DA02000000000000000000000000A6
:101790000000000000000000000000000000000049
:1017A0000000000000000000000000000030000009
:1017B0000030000000300000003000000030000069
:1017C0000030000000300000003000000030000059
:1017D00000300000F76AE40FF66E170EF7220900DA
:1017E000F550120005000F00140032006400AF0035
:1017F000D200180140015401000000000000000068
:1018000071FDFFFF93FFFFFF2D00000000000000AF
:1018100000000000F7FFFFFFAFFFFFFF9EFFFFFF8D
:10182000004000000040000067660000BB3B000075
:10183000701D00005C2F00005C2F00000C370000C2
:1018400060860000F09A000005000F003200690079
:101850008C00AF00D20018014F01540100000000BD
:1018600000000000000000005F0000000000000019
:10187000000000000000000000000000B3FFFFFFB8
:10188000470100008F2200008F2200008F220000FD
:10189000F00F00000A3700000A3700000A37000086
:1018A0000A370000C18B0000B479FEFFF76ABC0F55
:1018B000F66E180EF7220900F55012000500190007
:1018C000AA00FF005401A901A302A802C602DA027D
:1018D000000000008EFFFFFF0F000000000000006E
:1018E0000000000000000000FFFFFFFF3CFFFFFFC3
:1018F000D5FFFFFFCFFFFFFF142E00005130000087
:1019000092230000142E0000142E0000142E00005C
:10191000413000002D330200F29C000027AC000093
:10192000050019003200FF005401A901C20158024C
:10193000D502DA0200000000000000009D00000057
:10194000000000000000000003000000E6FFFFFFB1
:1019500000000000F6FFFFFFC400000000200000B0
:1019600000200000A41000005C2F00005C2F00008D
:10197000402A0000225C0000142E0000A84600004F
:101980002EFCFDFFF76A940FF66E190EF722090080
:10199000F5501200000048018F02D7031F056606AC
:1019A000AE07F6083E0A860BCD0C150E5D0FA5108E
:1019B000ED113313F76AC40FF66E190EF722090002
:1019C000F5501200140023002C0063009200B000B8
:1019D000D20018013B0154015802F401F401F40152
:1019E000F401F401F401F401F401F4010000000039
:1019F00000000000000000000000000000000000E7
:101A000005000F0055007600A000AD00CE00F400E8
:101A10004C015401F401F401F401F401F401F40166
:101A2000F401F401F401580200000000000000007D
:101A3000000000000000000000000000F76A4C0FEA
:101A4000F66E1A0EF7220900F55012000E00320051
:101A5000460069008C00AF00D200F5009E02DA0259
:101A60005802F401F401F401F401F401F401F40169
:101A7000F401F4010000000000000000000000007C
:101A80000000000000000000140032004600690061
:101A90008C00AF00D200F500C602DA02F401F401B6
:101AA000F401F401F401F401F401F401F401580229
:101AB0000000000000000000000000000000000026
:101AC00000000000F76AD40FF66E1A0EF722090024
:101AD000F5501200140023002C0063009200B000A7
:101AE000D20018013B01540199017B0052004A00C9
:101AF0004A003D003D003D003D003900FA003C0039
:101B00003C003C003C003C003C003C003C007800B9
:101B100005000F0055007600A000AD00CE00F400D7
:101B20004C015401930029002100390041004E006E
:101B300062006A00770099015000280023003C00F1
:101B40003C003C003C003C003C00FA00F76A5C0FA3
:101B5000F66E1B0EF7220900F55012000E0032003F
:101B6000460069008C00AF00D200F5009E02DA0248
:101B70002D013300380046004F005A006200620019
:101B8000620062002C01320032003200320032006A
:101B90003200320032007800140032004600690042
:101BA0008C00AF00D200F500C602DA0273003D00DF
:101BB00041004F00520052006200620062002D019D
:101BC0001E001E001E001E001E001E001E0019002A
:101BD0003200FA00F76AE40FF66E1B0EF7220900D6
:101BE000F5501200C40900000000281E1400010274
:101BF00000000000F76A040FF66E1C0EF7220900C1
:101C0000F5501200D00705003200281E1400010212
:101C1000000000000A018E519003F3CF01F0F4CFD1
:101C200000F09103F35000268F519003F3500020F1
:101C3000026E000112000901ECC901F0EDC902F0C9
:101C40000001120009010DBF03D00D51020801E38C
:101C50000D2B00017EEF0FF000010E01CDABFED782
:101C600099CFA4F707010201B351000A00010DE06A
:101C7000010A32E0030A51E0010A70E0070AD8B411
:101C8000B0D00F0AD8B4F8D03ED10A018F6BB1C2E0
:101C90008EFA916BD00E906F0001BCDF01C08CFA00
:101CA000010E0A010124016E000E0220036E015094
:101CB000400FE96E000E0320EA6EA4C7EFFF020199
:101CC000B32BA4C7B2F20001B6DF02C0B5F201C067
:101CD000B4F20701A56B18D10A018F6BB1C28EFA5D
:101CE000916BD00E906F000195DF01C08CFA020E4F
:101CF0000A010124016E000E0220036E0150400F04
:101D0000E96E000E0320EA6EA4C7EFFF0701A4519D
:101D10000201B21BB32B0701F7D00A018F6BB1C2CE
:101D20008EFA916BD00E906F000174DF01C08CFAB7
:101D3000030E0A010124016E000E0220036E015001
:101D4000400FE96E000E0320EA6EA4C7EFFF070103
:101D5000A4510201B21BB32B0701D6D00A018F6B2D
:101D6000B1C28EFA916BD00E906F000153DF01C0AB
:101D70008CFA040E0A010124016E000E0220036E8B
:101D80000150400FE96E000E0320EA6EA4C7EFFF7A
:101D90000701A4510201B21B0A018F6BB1C28EFA76
:101DA000916BD00E906F000135DF02C08DFA01C03B
:101DB0008CFA010E0A010124016E000E0220036E4E
:101DC0000150400FE96E000E0320EA6EEF5205E16C
:101DD0000B0E0201B36F03D00A010201B32B0701FE
:101DE00093D00A018F6BB1C28EFA916BD00E906FB7
:101DF000000110DF02C08DFA01C08CFA050E0A0145
:101E00008C27000E8D230701A5510A018C25016E38
:101E1000000E8D21036E0150400FE96E000E03206D
:101E2000EA6EA4C7EFFF0701A4510201B21B07012C
:101E3000A52B0A018F6BB1C28EFA916BD00E906FF9
:101E40000001E8DE02C08DFA01C08CFA010E0A0121
:101E50000124016E000E0220036E0150400FE96E56
:101E6000000E0320EA6E0701A551EF5C04E10B0EA2
:101E70000201B36F070148D00701A4510201B25D0E
:101E80001BE10A018F6BB1C28EFA916BD00E906F7D
:101E90000001C0DE01C08CFACF0E0A010124016EE0
:101EA000000E0220036E0150400FE96E000E032069
:101EB000EA6EEF801AD002010A018F6BB1C28EFA6E
:101EC000916BD00E906F0001A5DE01C08CFACF0E91
:101ED0000A010124016E000E0220036E0150400F22
:101EE000E96E000E0320EA6EEF90010E0201B127A9
:101EF000B151020801E2B16B0001A4D60201B36B3B
:101F0000070102D0000107010E01CD9B0001DDEFAA
:101F10000AF00E01CDA9FED79A6E00011200000151
:101F20000E01C5990501FD51000A000111E0010AE9
:101F300034E0030A56E0010AD8B477D0070AD8B4CF
:101F4000BAD00F0AD8B407D1070AD8B40BD143D1FD
:101F50000701A76B0A018F6BFAC58EFA916BD00E41
:101F6000906F000157DE01C08CFA010E0A010124B6
:101F7000016E000E0220036E01508A0FE96E030EFF
:101F80000320EA6EEFCFA6F70701A6510001C1DFDB
:101F9000A6C7FCF50501FD2B1FD10A018F6BFAC501
:101FA0008EFA916BD00E906F000134DE01C08CFA76
:101FB000020E0A010124016E000E0220036E015080
:101FC0008A0FE96E030E0320EA6EEFCFA6F7070132
:101FD000A65100019EDF0701A6510501FC1BFD2B48
:101FE000FBD00A018F6BFAC58EFA916BD00E906F01
:101FF000000110DE01C08CFA030E0A010124016EFB
:10200000000E0220036E01508A0FE96E030E0320BA
:10201000EA6EEFCFA6F70701A65100017ADF0701AC
:10202000A6510501FC1BFD2BD7D00A018F6BFAC509
:102030008EFA916BD00E906F0001ECDD01C08CFA2E
:10204000040E0A010124016E000E0220036E0150ED
:102050008A0FE96E030E0320EA6EEFCFA6F70701A1
:10206000A651000156DF0701A6510501FC1B0A011C
:102070008F6BFAC58EFA916BD00E906F0001CADD9E
:1020800002C08DFA01C08CFA010E0A010124016E12
:10209000000E0220036E01508A0FE96E030E03202A
:1020A000EA6EEF5205E10B0E0501FD6F03D00A0148
:1020B0000501FD2B91D00A018F6BFAC58EFA916B49
:1020C000D00E906F0001A6DD02C08DFA01C08CFA1F
:1020D000050E0A018C27000E8D230701A7510A0166
:1020E0008C25016E000E8D21036E01508A0FE96E62
:1020F000030E0320EA6EEFCFA6F70701A6510001F9
:1021000008DF0701A6510501FC1B0701A72B0A01E7
:102110008F6BFAC58EFA916BD00E906F00017ADD4D
:1021200002C08DFA01C08CFA010E0A010124016E71
:10213000000E0220036E01508A0FE96E030E032089
:10214000EA6E0701A751EF5C04E10B0E0501FD6F7C
:102150000701050141D00501FC510001DADE05014E
:10216000FD2B3AD00A018F6BFAC58EFA916BD00E17
:10217000906F00014FDD8A0E0A010124E96E030E03
:102180000220EA6EEF90010E0501FA27FA510208CB
:1021900001E2FA6BFC6BFD6B0A018F6BFAC58EFADC
:1021A000916BD00E906F000135DD02C08DFA01C039
:1021B0008CFA8A0E0A010124016E030E0220036EBE
:1021C00001C0E9FFEA6EEFB003D00501FE6B0A0122
:1021D000050102D000010501FE5303E00E01C5898F
:1021E00005010E01CD990001DDEF0AF00A018C53C3
:1021F00005E138AE03D009010E2B0A0100011200DF
:1022000000010E01CDAFFED799CEABF70701030158
:102210008751000A00010BE0010A18E0030A1FE0E1
:10222000010A26E0070A36E00F0A4DE061D0ABC78D
:10223000B7F2ABC786F30301872B0001FCDC02C0B9
:1022400089F301C088F30701AC6B53D0ABC7B8F278
:102250000701AB510301861B872B07014AD0ABC78F
:10226000B9F20701AB510301861B872B070141D04F
:10227000ABC7BAF20701AB510301861B0201B7538A
:1022800005E10B0E0301876F03D002010301872BC9
:1022900007012FD0036A0701AC51BB0FE96E020E94
:1022A0000320EA6EABC7EFFFAB510301861B0701AA
:1022B000AC2BAC510201B75D04E10B0E0301876F3B
:1022C0000201070116D00701AB510301865D06E14B
:1022D0000A018C6B00018ADF06D00301010E0A019E
:1022E0008C6F000183DF0301876B070102D00001BF
:1022F00007010E01CD9F0001DDEF0AF00E01CDAD0B
:10230000FED79A6F0001120000010E01C59D070162
:10231000A151000A000111E0010A35E0030A58E06A
:10232000010AD8B47AD0070AD8B4C2D00F0AD8B4F8
:1023300010D1070AD8B414D151D1000E38B2010E11
:102340000A018D6F8F6B8E6F916BD00E906F0001B5
:1023500061DC01C08CFA010E0A010124016E000E3D
:102360000220036E01C0E9FF060E0324EA6EEFCFE0
:10237000ADF70701AE6BAD510001C0DFADC7A0F7EF
:102380000701A12B2CD1000E38B2010E0A018D6F6E
:102390008F6B8E6F916BD00E906F00013BDC01C094
:1023A0008CFA020E0A010124016E000E0220036E57
:1023B00001C0E9FF060E0324EA6EEFCFADF7070177
:1023C000AD5100019BDF0701AD51A01BA12B07D12F
:1023D000000E38B2010E0A018D6F8F6B8E6F916BFC
:1023E000D00E906F000116DC01C08CFA030E0A01BA
:1023F0000124016E000E0220036E01C0E9FF060EEB
:102400000324EA6EEFCFADF70701AD51000176DF8F
:102410000701AD51A01BA12BE2D0000E38B2010E76
:102420000A018D6F8F6B8E6F916BD00E906F0001D4
:102430000AEC0EF001C08CFA040E0A010124016EB0
:10244000000E0220036E01C0E9FF060E0324EA6EAF
:10245000EFCFADF70701AD51000150DF0701AD51DE
:10246000A01B000E38B2010E0A018D6F8F6B8E6FAC
:10247000916BD00E906F00010AEC0EF002C08DFA45
:1024800001C08CFA010E0A010124016E000E022027
:10249000036E01C0E9FF060E0324EA6EEF5205E168
:1024A0000B0E0701A16F03D00A010701A12B97D0E2
:1024B000000E38B2010E0A018D6F8F6B8E6F916B1B
:1024C000D00E906F00010AEC0EF002C08DFA01C030
:1024D0008CFA050E0A018C27000E8D230701AE51E0
:1024E0000A018C25016E000E8D21036E01C0E9FFEB
:1024F000060E0324EA6EEFCFADF70701AD510001E0
:10250000FDDE0701AD51A01BAE2B000E38B2010E4F
:102510000A018D6F8F6B8E6F916BD00E906F0001E3
:102520000AEC0EF002C08DFA01C08CFA010E0A010D
:102530000124016E000E0220036E01C0E9FF060EA9
:102540000324EA6E0701AE51EF5C02E10B0EA16FAE
:1025500046D00701A0510001D1DE0701A12B3FD0D9
:10256000000E38B2010E0A018D6F8F6B8E6F916B6A
:10257000D00E906F00010AEC0EF00A0101C0E9FFD5
:10258000060E0224EA6EEF90000E38B2010E010F23
:102590003892E8B03882000E38B2010E8D6F8F6B22
:1025A0008E6F916BD00E906F00010AEC0EF002C09E
:1025B0008DFA01C08CFA0A0101C001F0060E022456
:1025C000036E01C0E9FFEA6EEFB003D00701A26B12
:1025D0000A010701A06BA16B02D000010701A25301
:1025E00003E00E01C58D07010E01CD9D0001DDEF59
:1025F0000AF000018EB207D00701B151D8B4B2077A
:10260000B10705D000010701B12BD8B4B22B0E01E0
:10261000CA91CA910001DDEF0AF000018EB607D021
:102620000701B551D8B4B607B50705D000010701B9
:10263000B52BD8B4B62B0E01CA93CA930001DDEFB7
:102640000AF00001316A090E326E0E01CC9F0001C2
:10265000DDEF0AF00E01D2910F01106B186B256BA4
:102660002D6B970E8A6E5F0E896E1F0E886E990E07
:102670008B6E8C908C928C948C96856A200E836ED7
:10268000846A866A8C908C928C948C96876AC06AD5
:10269000BE6A010EBF6EC70EBC6E900EBD6EBA6AEA
:1026A000B86A010EB96EC70EB66E900EB76E010E07
:1026B000C66E270EC36EC46AC56A810E316F080EDE
:1026C0005A6F5B6B3F0E576F100E5C6F666A840E1D
:1026D000606E000E586F130E116F000E196F216F90
:1026E000190E266F000E2E6F030E586F0E01CA9141
:1026F000CA93C281F280C283F282080E0F01306F4A
:10270000810E2F6FC00EF212000174EF54F0F2CF61
:1027100072FAF29E71CA7FFF70CA7EFF819C819E11
:1027200081808050819C818E0A0172BFF28E016E81
:1027300000011200D2CE69FA04001200F250006EBD
:10274000F29E8ACA7FFF89CA7EFF8BCA80FF819C66
:10275000819E81840F01550E826EAA0E826E818247
:102760000050F21281B2FED78194819C818E0001CB
:1027700012007DCA57FA7BCA8AFA7ACA89FA57CAFE
:102780008BFADCDF0A017CCA57FA010E7A257E6FCC
:10279000000E7B217F6F8A6F7ECA89FA57CA8BFA37
:1027A0000001CCDF12000A0183CA57FA030E81250B
:1027B000876F000E8221886F8A6F87CA89FA57CA8D
:1027C0008BFA0001BBDF84CA83FA85CA84FA86CA01
:1027D00085FA0A01866B83CA57FA020E8125876F34
:1027E000000E8221886F8A6F87CA89FA57CA8BFACE
:1027F0000001A4DF84CA83FA85CA84FA86CA85FAEE
:102800000A01866B83CA57FA010E8125876F000E75
:102810008221886F8A6F87CA89FA57CA8BFA0001AA
:102820008DDF84CA83FA85CA84FA86CA85FA0A01CA
:10283000866B83CA57FA82CA8AFA81CA89FA57CA4A
:102840008BFA00017BDF12000A0180BF12D0805397
:1028500007E17F5305E17E5303E17D51000809E262
:1028600080CA5EFA7FCA5DFA7ECA5CFA7DCA5BFAEC
:1028700012D0FF0E7D25006EFF0E7E21016EFF0E31
:102880007F21026EFF0E80215E6F02C05DFA01C0E3
:102890005CFA00C05BFA7CCA82FA7BCA81FA5ECA23
:1028A00086FA5DCA85FA5CCA84FA5BCA83FA0001BB
:1028B0007ADF12000A01586B58510908D8A001D1DB
:1028C000000138DFD8900A015835270F766F036A68
:1028D00058CA02F0D8900236033602507425E96EC9
:1028E00075510320EA6EECCF7DFAED52EFCF7CFA02
:1028F0007B6B76CA7AFA00013CDF0A015851040D5D
:10290000F3503B0F766F196AF2BE198EF29E8F6BF1
:1029100058CA8EFA916B040E906F00010AEC0EF00B
:1029200019BEF28E02C003F00150140F016E000EAA
:10293000032201500A017425E96E75510320EA6EE5
:10294000EFCF7DFAECCF7EFAECCF7FFAECCF80FAB6
:102950007C6B76CA7BFA000177DF0A015851040DBF
:10296000F350630F766F196AF2BE198EF29E8F6B69
:1029700058CA8EFA916B040E906F00010AEC0EF0AB
:1029800019BEF28E02C003F001503C0F016E000E22
:10299000032201500A017425E96E75510320EA6E85
:1029A000EFCF7DFAECCF7EFAECCF7FFAECCF80FA56
:1029B0007C6B76CA7BFA000147DFBCDED8900A0147
:1029C00058358B0F766F036A58CA02F0D8900236DA
:1029D00003360250640F016E000E0322015074256D
:1029E000E96E75510320EA6EECCF7DFAED52EFCF20
:1029F0007CFA7B6B76CA7AFA0001BBDE0A01585179
:102A0000040DF3509F0F766F196AF2BE198EF29E75
:102A10008F6B58CA8EFA916B040E906F00010AEC0E
:102A20000EF019BEF28E02C003F00150780F016E55
:102A3000000E032201500A017425E96E755103202E
:102A4000EA6EEFCF7DFAECCF7EFAECCF7FFAECCFD7
:102A500080FA7C6B76CA7BFA0001F6DE0A015851D7
:102A6000040DF350C70F766F196AF2BE198EF29EED
:102A70008F6B58CA8EFA916B040E906F00010AECAE
:102A80000EF019BEF28E02C003F00150A00F016ECD
:102A9000000E032201500A017425E96E75510320CE
:102AA000EA6EEFCF7DFAECCF7EFAECCF7FFAECCF77
:102AB00080FA7C6B76CA7BFA0001C6DE0A01582BCD
:102AC000FBD6000137DE12000A01722D2AD0732DC9
:102AD00013D0070EEA6EBD0EE96EC80E016EF76ADE
:102AE000000E0001EAEC0BF00A000900F5CFEEFF42
:102AF000012EFBD715D00A017351020812E1070E0F
:102B0000EA6EBD0EE96EC80E016EF76A000E000196
:102B100056EC0CF00A000900F5CFEEFF012EFBD7B2
:102B20000A01070E756FBD0E746F0001C3DE12003F
:102B30000A01586B58510908D8A0DAD00001FADD13
:102B4000D8900A015835F00F766F036A58CA02F020
:102B5000D8900236033602507425E96E7551032071
:102B6000EA6EECCF7DFAED52EFCF7CFA7B6B76CA42
:102B70007AFA0001FEDDD8900A015835040F766F0D
:102B8000010E776FD8B0772B036A58CA02F0D8903D
:102B9000023603360250140F016E000E032201505C
:102BA0007425E96E75510320EA6EECCF7DFAED5283
:102BB000EFCF7CFA77CA7BFA76CA7AFA0001D9DDC0
:102BC000D8900A015835180F766F010E776FD8B07C
:102BD000772B036A58CA02F0D890023603360250A7
:102BE000280F016E000E032201507425E96E755105
:102BF0000320EA6EECCF7DFAED52EFCF7CFA77CA74
:102C00007BFA76CA7AFA0001B4DD94DDD8900A0125
:102C100058352C0F766F010E776FD8B0772B036A7B
:102C200058CA02F0D8900236033602503C0F016EAB
:102C3000000E032201507425E96E75510320EA6EDF
:102C4000ECCF7DFAED52EFCF7CFA77CA7BFA76CAE9
:102C50007AFA00018EDDD8900A015835400F766F60
:102C6000010E776FD8B0772B036A58CA02F0D8905C
:102C7000023603360250500F016E000E032201503F
:102C80007425E96E75510320EA6EECCF7DFAED52A2
:102C9000EFCF7CFA77CA7BFA76CA7AFA000169DD4F
:102CA000D8900A015835540F766F010E776FD8B05F
:102CB000772B036A58CA02F0D890023603360250C6
:102CC000640F016E000E032201507425E96E7551E8
:102CD0000320EA6EECCF7DFAED52EFCF7CFA77CA93
:102CE0007BFA76CA7AFA000144DD0A01582B22D712
:102CF000000120DD12000A01722D2AD0732D13D09D
:102D0000080EEA6E850EE96E780E016EF76A000E07
:102D1000000162EC0DF00A000900F5CFEEFF012E74
:102D2000FBD715D00A017351020812E1080EEA6EB2
:102D3000850EE96E780E016EF76A000E0001A6ECB2
:102D40000DF00A000900F5CFEEFF012EFBD70A01B6
:102D5000080E756F850E746F0001EADE12000A011D
:102D600074CAE9FF75CAEAFFECCF7DFAED52EFCFE6
:102D70007CFA7B6B170E7A6F0001FBDC020E0A01F6
:102D80007425E96E000E7521EA6EECCF7DFAED52E6
:102D9000EFCF7CFA7B6B190E7A6F0001EADC040E30
:102DA0000A017425E96E000E7521EA6EECCF7DFAFA
:102DB000ED52EFCF7CFA7B6B1B0E7A6F0001D9DCF2
:102DC000B9DC060E0A017425E96E000E7521EA6E63
:102DD000EFCF8BFA8A6B1D0E896F0001AFDC070EF7
:102DE0000A017425E96E000E7521EA6EEFCF8BFAA9
:102DF0008A6B1E0E896F0001A1DC080E0A01742582
:102E0000E96E000E7521EA6EECCF7DFAED52EFCF40
:102E10007CFA7B6B1F0E7A6F0001ABDC0A0E0A0195
:102E20007425E96E000E7521EA6EEFCF8BFA8A6B7E
:102E3000210E896F000182DC7DDC0B0E0A017425F6
:102E4000E96E000E7521EA6EEFCF83FAECCF84FABB
:102E5000ECCF85FAECCF86FA826B220E816F0001EF
:102E6000A2DC0F0E0A017425E96E000E7521EA6ED0
:102E7000EFCF8BFA8A6B260E896F00015FDC5ADC7C
:102E800012000A01722D2AD0732D13D0080EEA6E9B
:102E9000FD0EE96E100E016EF76A000E0001EAECFD
:102EA0000DF00A000900F5CFEEFF012EFBD715D07B
:102EB0000A017351020812E1080EEA6EFD0EE96E76
:102EC000100E016EF76A000E0001FAEC0DF00A0018
:102ED0000900F5CFEEFF012EFBD70A01080E756F32
:102EE000FD0E746F00013BDF1200120E0A016A250D
:102EF000016E000E6B21036E01C06CFA6D6F716B79
:102F0000120E706F000103DC6DCAEAFF6CCAE9FFA4
:102F100001C0EFFF5BEF1CF00A01586B58510A0823
:102F20001BE3070E58256A25016E000E6B21036E08
:102F300001C06CFA6D6F070E58256E6F716B706F64
:102F4000000187EC13F06DCAEAFF6CCAE9FF01C00B
:102F5000EFFF0A01582BE2D7000162EF1CF00A01D3
:102F6000836B846B010E856FDA6AD96A0A0E886FEB
:102F70007B0E876F0A0EEA6E7F0EE96E88CAE2FF4B
:102F800087CAE1FF85CA86FAD890E550EE02F35071
:102F90008323F4508423862FF7D783CADEFF84CAA5
:102FA00083FA846BD8B0842B872BD8B4882B852BDD
:102FB00085510508DFE100011200F2CF73FAF29E9D
:102FC00072CA7FFF71CA7EFF819C819E8180805082
:102FD000819C818E0A0173BFF28E756F7E6B7D6B53
:102FE0007C6B75CA7BFA010E826F816B806B7F6B85
:102FF0000001B5DF03C077FA02C076FA01C075FAA6
:1030000000C074FA010E0A017125786F000E72215A
:10301000796FF2CF7AFAF29E79CA7FFF78CA7EFF83
:10302000819C819E81808050819C818E7ABFF28EAE
:10303000796F7E6B7D6B7C6B79CA7BFA826B010E3C
:10304000816F806B7F6B00018ADF00500A0174275B
:10305000015075230250762303507723020E712509
:10306000786F000E7221796FF2CF7BFAF29E79CAE7
:103070007FFF78CA7EFF819C819E81808050819CE9
:10308000818E7BBFF28E796F196AF2BE198EF29E25
:103090008F6B79CA8EFA010E916F906B00010AEC6A
:1030A0000EF019BEF28E02C003F001500A0174271F
:1030B00003507523000E7623000E7723030E71252F
:1030C000786F000E7221796FF2CF7CFAF29E79CA86
:1030D0007FFF78CA7EFF819C819E81808050819C89
:1030E000818E7CBFF28E7425006E000E7521016EFC
:1030F000000E7621026E000E7721036E03C05EFA89
:1031000002C05DFA01C05CFA00C05BFA5BCA00F065
:103110005CCA01F05DCA02F05ECA03F00001120051
:10312000130E0A016A25016E000E6B21036E01C0A9
:103130006CFA6D6F726B130E716F00013EDF6DCA1A
:10314000EAFF6CCAE9FF00C0EFFF01C0ECFF02C05C
:10315000ECFF03C0ECFF68EF1CF00A01586B5851FC
:10316000060820E358516A25016E000E6B21036E9C
:1031700001C06CFA6D6F900E58256E6F010E6F6F67
:10318000D8B06F2B6FCA71FA6ECA70FA000187EC63
:1031900013F06DCAEAFF6CCAE9FF01C0EFFF0A0134
:1031A000582BDDD700016EEF1CF0F2CF72FAF29EC1
:1031B00071CA7FFF70CA7EFF819C819E8180805092
:1031C000819C818E0A0172BFF28E746F196AF2BE01
:1031D000198EF29E8F6B74CA8EFA010E916F906BEE
:1031E00000010AEC0EF019BEF28E02C074FA01C0A2
:1031F00073FA010E0A017025756F000E7121766F4A
:10320000F2CF77FAF29E76CA7FFF75CA7EFF819C65
:10321000819E81808050819C818E77BFF28E732544
:10322000596F000E74215A6F59CA01F05ACA02F040
:10323000000112000A01586B58510908D8A0FFD0AC
:10324000036A58CA02F0D8900236033602506A2543
:10325000016E6B51032201C06CFA03C06DFAD89065
:103260005835F00F6E6F716B706F00019EDF6DCA85
:10327000EAFF6CCAE9FF02C0ECFFED5201C0EFFFAC
:10328000036A0A0158CA02F0D89002360336025087
:10329000140F016E000E032201506A25016E6B515E
:1032A000032201C06CFA03C06DFAD8905835040FA0
:1032B0006E6F010E6F6FD8B06F2B6FCA71FA6ECA46
:1032C00070FA000172DF6DCAEAFF6CCAE9FF02C042
:1032D000ECFFED5201C0EFFF036A0A0158CA02F089
:1032E000D890023603360250280F016E000E0322DA
:1032F00001506A25016E6B51032201C06CFA03C0B4
:103300006DFAD8905835180F6E6F010E6F6FD8B0E8
:103310006F2B6FCA71FA6ECA70FA000146DF6DCA70
:10332000EAFF6CCAE9FF02C0ECFFED5201C0EFFFFB
:10333000036A0A0158CA02F0D890023603360250D6
:103340003C0F016E000E032201506A25016E6B5185
:10335000032201C06CFA03C06DFAD89058352C0FC7
:103360006E6F010E6F6FD8B06F2B6FCA71FA6ECA95
:1033700070FA00011ADF6DCAEAFF6CCAE9FF02C0E9
:10338000ECFFED5201C0EFFF036A0A0158CA02F0D8
:10339000D890023603360250500F016E000E032201
:1033A00001506A25016E6B51032201C06CFA03C003
:1033B0006DFAD8905835400F6E6F010E6F6FD8B010
:1033C0006F2B6FCA71FA6ECA70FA0001EEDE6DCA19
:1033D000EAFF6CCAE9FF02C0ECFFED5201C0EFFF4B
:1033E000036A0A0158CA02F0D89002360336025026
:1033F000640F016E000E032201506A25016E6B51AD
:10340000032201C06CFA03C06DFAD8905835540FEE
:103410006E6F010E6F6FD8B06F2B6FCA71FA6ECAE4
:1034200070FA0001C2DE6DCAEAFF6CCAE9FF02C091
:10343000ECFFED5201C0EFFF0A01582BFDD6000151
:1034400075EF1CF00A016ACA01F06BCA6DFA01C07F
:103450006CFA716B170E706F0001A7DE6DCAEAFF80
:103460006CCAE9FF02C0ECFFED5201C0EFFF020E93
:103470000A016A25016E000E6B21036E01C06CFA11
:103480006D6F716B190E706F00018FDE6DCAEAFFF0
:103490006CCAE9FF02C0ECFFED5201C0EFFF040E61
:1034A0000A016A25016E000E6B21036E01C06CFAE1
:1034B0006D6F716B1B0E706F000177DE6DCAEAFFD6
:1034C0006CCAE9FF02C0ECFFED5201C0EFFF060E2F
:1034D0000A016A25016E000E6B21036E01C06CFAB1
:1034E0006D6F716B1D0E706F000187EC13F06DCA6C
:1034F000EAFF6CCAE9FF01C0EFFF070E0A016A2567
:10350000016E000E6B21036E01C06CFA6D6F716B62
:103510001E0E706F000187EC13F06DCAEAFF6CCAD3
:10352000E9FF01C0EFFF080E0A016A25016E000ED7
:103530006B21036E01C06CFA6D6F716B1F0E706FA3
:10354000000133DE6DCAEAFF6CCAE9FF02C0ECFF7E
:10355000ED5201C0EFFF0A0E0A016A25016E000E4E
:103560006B21036E01C06CFA6D6F716B210E706F71
:10357000000187EC13F06DCAEAFF6CCAE9FF01C0D5
:10358000EFFF0B0E0A016A25016E000E6B21036E20
:1035900001C06CFA6D6F726B220E716F00010DDD50
:1035A0006DCAEAFF6CCAE9FF00C0EFFF01C0ECFF83
:1035B00002C0ECFF03C0ECFF0F0E0A016A25016E8A
:1035C000000E6B21036E01C06CFA6D6F716B260EDD
:1035D000706F000187EC13F06DCAEAFF6CCAE9FF57
:1035E00001C0EFFF7CEF1CF070CA72FA6FCA71FA6B
:1035F000E4DC03C05EFA02C05DFA01C05CFA00C000
:103600005BFA0A015E517F0809E35ECA62FA5DCA8D
:1036100061FA5CCA60FA5BCA5FFA12D0FF0E5B5DAA
:10362000006EFF0E5C59016EFF0E5D59026EFF0EBB
:103630005E59626F02C061FA01C060FA00C05FFAB1
:103640005FCA00F060CA01F061CA02F062CA03F00A
:10365000000112000A01586B58510908D8A021D165
:10366000036A58CA02F0D8900236033602506A251F
:10367000016E6B51032201C06CFA03C06DFAD89041
:103680005835270F6E6F716B706F00018EDD6DCA3C
:10369000EAFF6CCAE9FF02C0ECFFED5201C0EFFF88
:1036A000196AF2BE198EF29E0A018F6B58CA8EFA01
:1036B000916B040E906F00010AEC0EF019BEF28EB1
:1036C00002C003F00150140F016E000E03220150DE
:1036D0000A016A25016E6B51032201C06CFA03C016
:1036E0006DFA5851040DF3503B0F6E6F706B6F6F96
:1036F00000017ADF6DCAEAFF6CCAE9FF00C0EFFF84
:1037000001C0ECFF02C0ECFF03C0ECFF196AF2BE7F
:10371000198EF29E0A018F6B58CA8EFA916B040EB5
:10372000906F00010AEC0EF019BEF28E02C003F099
:1037300001503C0F016E000E032201500A016A2560
:10374000016E6B51032201C06CFA03C06DFA58512F
:10375000040DF350630F6E6F706B6F6F000144DFE9
:103760006DCAEAFF6CCAE9FF00C0EFFF01C0ECFFC1
:1037700002C0ECFF03C0ECFF036A0A0158CA02F062
:10378000D890023603360250640F016E000E0322F9
:1037900001506A25016E6B51032201C06CFA03C00F
:1037A0006DFAD89058358B0F6E6F716B706F00018A
:1037B000FCDC6DCAEAFF6CCAE9FF02C0ECFFED5207
:1037C00001C0EFFF196AF2BE198EF29E0A018F6BDB
:1037D00058CA8EFA916B040E906F00010AEC0EF03D
:1037E00019BEF28E02C003F00150780F016E000E78
:1037F000032201500A016A25016E6B51032201C0A8
:103800006CFA03C06DFA5851040DF3509F0F6E6FA0
:10381000706B6F6F0001E8DE6DCAEAFF6CCAE9FFEA
:1038200000C0EFFF01C0ECFF02C0ECFF03C0ECFFE3
:10383000196AF2BE198EF29E0A018F6B58CA8EFA6F
:10384000916B040E906F00010AEC0EF019BEF28E1F
:1038500002C003F00150A00F016E000E03220150C0
:103860000A016A25016E6B51032201C06CFA03C084
:103870006DFA5851040DF350C70F6E6F706B6F6F78
:103880000001B2DE6DCAEAFF6CCAE9FF00C0EFFFBB
:1038900001C0ECFF02C0ECFF03C0ECFF0A01582B93
:1038A000DBD6000183EF1CF00A016B6B1A0E6A6F06
:1038B000000175EF17F00A016B6B1A0E6A6F0001B9
:1038C0008CEF17F00A016B6B1A0E6A6F000128D497
:1038D0000A016B6B1A0E6A6F00013FD4080E0A01D1
:1038E0006B6F850E6A6F0001A5D4080E0A016B6F1D
:1038F000FD0E6A6F0001A6D5070E0A016B6FBD0EA3
:103900006A6F0001A7D6D5EF1CF0010E0A01716F96
:10391000750E706F000187EC13F00150AA0844E0A7
:10392000306A2F6A2E6A2D6A0A01586B58510A08AC
:103930000BE3036A5851210FE96E000E0320EA6E73
:10394000300EEF6E582BF2D7586B585106080BE328
:10395000036A58511A0FE96E000E0320EA6E300E0A
:10396000EF6E582BF2D7410E2C6E010E726F736FF3
:10397000000164EC15F0010E0A01726F736F000113
:103980007BEC16F0010E0A01726F736F000141ECBF
:1039900017F0010E0A018A6F750E896FAA0E8B6FE0
:1039A00000019EEC13F001D07FD776EF54F00A0EA1
:1039B000EA6E700EE96EEF500DE00A0E016E006ABD
:1039C000002EFED7012EFBD75F0E006E002EFED715
:1039D000EF2EF3D712001B0E0F015F6F0A01306B41
:1039E0002F6B336B335103080FE3190E706F000117
:1039F000DEDF6080000060B0FED763500A012F2731
:103A000064503023332BEED730332F3330332F3302
:103A10003F0E30171C0E0F015F6F0A01326B316BC6
:103A2000336B335103080FE3190E706F0001BFDFD2
:103A30006080000060B0FED763500A0131276450F7
:103A40003223332BEED732333133323331333F0E1F
:103A50003217000178EF54F00E01C5AB02D0010E11
:103A600001D0000E016E000138EF1DF03896F4D73A
:103A7000015204E00E01C59B38860001000E0E01C4
:103A8000CDBB010E010803E1CDABFED79950000E6E
:103A9000CDBB010E010803E1CDABFED79950000E5E
:103AA000CDBB010E010803E1CDABFED799509DA21D
:103AB00002D09D989D880201B36B38A603D00E01F9
:103AC000C58B0201010E016E000181EF1DF007019F
:103AD000AA6B0501FF530BE10E01C5990501FA6BB5
:103AE000FB6BFD6BFE6B010E0701AA6F0501070161
:103AF000AAC701F0000182EF1DF00501FF6B000174
:103B0000B5D7E5D7010E016E90EF54F00E01C58BCD
:103B1000000192EF54F00701B26BB16BB66BB56B5D
:103B2000B46BB36BB86BB76B00011200016A026A29
:103B3000006A036A0A016D5102E16C5118E0100E2F
:103B40006E6FD8906A376B37003603366D51035C61
:103B500002E16C51005C07E36C51005ED8A00306E3
:103B60006D51035ED880013602366E2FEAD7000110
:103B70001200020E0A016D5F0CE30A0EEA6E6D0E72
:103B8000E96EEF5006E003D000D000D00000EF2E29
:103B9000FBD7000112000A01366B00018CEF1EF00A
:103BA0000A017D51016A7C5D03E27CCA00F00CD001
:103BB000006A080E7E6F7C3700367D51005CD8B0FD
:103BC000006E01367E2FF7D7000112000901FC912B
:103BD000FC93FC95FD51000A000105E0010A06E096
:103BE000030A07E00AD00901FC8308D00901FC811F
:103BF00005D00901FC8502D000010901010EFD2557
:103C00000A016B6F7C6F030E7D6F0001C9DF00C07E
:103C1000FDF9BFEF1EF0C1500901EA27C250EB23A6
:103C2000C26AC16AEBC96BFAEAC96AFA070E0A01ED
:103C30006D6FD00E6C6F000179DF01C0FEF90901D4
:103C4000FE5331E1D00ED880EA550A016A6F070EA3
:103C50000901EB550A016B6FD8906B336A336BCA5D
:103C60006CFA6C2B6C07D8B405D06D69000181DF4C
:103C70000A01F8D76ACA6DFA00017BDFC150090159
:103C8000EA27C250EB23C26AC16AEBC96BFAEAC9E0
:103C90006AFA070E0A016D6FD00E6C6F000146DFE5
:103CA00001C0FEF90901196AF2BE198EF29E0A01DD
:103CB0008F6BFEC98EFA070E916FD00E906F0001C8
:103CC0000AEC0EF019BEF28E01500901EA5F0250B3
:103CD000EB5BFE51EE27000EEF23FE51F027000EA6
:103CE000F123F223F323FE51FA27000EFB23FE51AA
:103CF000EC27000EED23F3530DE1F251080811E219
:103D0000FF0A08E1F15126080CE2FF0A03E1F05135
:103D1000BF0807E200013FD70901F36BF26BF16BBB
:103D2000F06BFCA718D0FE51F427000EF523F551D7
:103D3000020811E2FF0A03E1F451E7080CE2E80E81
:103D4000F45F030EF55B010E2D26D8B02E2AD8B4F1
:103D50002F2AD8B4302AEF5102080FE2FF0A03E1FC
:103D6000EE51E7080AE2010EF627000EF723F823CA
:103D7000F923E80EEE5F030EEF5B000127D79EEFFD
:103D800054F08FB405D08FB803D0050E016E02D069
:103D9000020E016E12000A016F51715D23E303E10F
:103DA00070516E5D1FE2000ED8807055726F000E6C
:103DB0007155736F010ED8A0E806746F000ED8A07D
:103DC000E806756F6E517225006E6F517321016E9A
:103DD000000E7421026E000E7521036E01C003F007
:103DE000005007D070516E5D006E71516F59036EB7
:103DF0000050016E03C002F0000112008FB005D028
:103E00008FB203D0050E016E02D0020E016E1200B9
:103E1000B8DF0150050820E13DB01DD03DB205D00E
:103E20006DCA3FF06CCA3EF03D826DCA6FFA6CCA33
:103E30006EFA3FC071FA3EC070FAADDF02C06FFA91
:103E400001C06EFA0A016F5303E16E51190802E2D4
:103E50003D803D92000102D03D903D92CFDF015068
:103E6000050820E13AB01DD03AB205D06DCA3CF049
:103E70006CCA3BF03A826DCA6FFA6CCA6EFA3CC0EB
:103E800071FA3BC070FA87DF02C06FFA01C06EFAA8
:103E90000A016F5303E16E51190802E23A803A9227
:103EA000000102D03A903A92B0EF54F00301872D0E
:103EB0001FD000011BEC0EF002C06DFA01C06CFABD
:103EC00002C06FFA01C06EFA89C371FA88C370FA32
:103ED00062DF02C06DFA01C06CFA0A0102500008EC
:103EE00008E2FF0A03E16C515E0803E20301876BFD
:103EF0000A010201B32D1FD000011BEC0EF002C01D
:103F00006DFA01C06CFA02C06FFA01C06EFAB5C258
:103F100071FAB4C270FA3FDF02C06DFA01C06CFAE8
:103F20000A010250000808E2FF0A03E16C515E0832
:103F300003E20201B36B0A0100014EEF35F0010EFE
:103F40000201B0250A016D6F7C6F030E7D6F0001C9
:103F500027DE00C0B0F2196AF2BE198EF29E0A0185
:103F60008F6BB0C28EFA916BD00E906F00010AEC8D
:103F70000EF019BEF28E02C003F00150400F016E28
:103F8000000E032203C002F055EF35F035520FE169
:103F9000040E0A017825E96E000E7921EA6EEF50D1
:103FA0007D08D8A402D0000102D0A2D10001010EE8
:103FB0000701A96F0501FF5303E00701A96B050184
:103FC0000701A92D11D003018AB102D007010CD03D
:103FD00004015AB102D0070107D005012AB102D06D
:103FE000070102D00701A96BA92D81D1196AF2BE80
:103FF000198EF29E0A018F6BFAC58EFA916BD00E64
:10400000906F00010AEC0EF019BEF28E02C07BFA2E
:1040100001C07AFA8A0E0A010124016E030E022001
:10402000036E01C0E9FFEA6EEFB003D0FAC5FBF5FD
:1040300045D0010E0501FA250A017B6F7C6F030E46
:104040007D6F0001ADDD196AF2BE198EF29E0A0184
:104050008F6B00C08EFA916BD00E906F00010AEC4E
:104060000EF019BEF28E02C07BFA01C07AFA8A0EF7
:104070000A010124016E030E0220036E01C0E9FF54
:10408000EA6EEFB00ED0010E0501FA250A017B6F32
:104090007C6F030E7D6F000183DD00C0FBF50DD04A
:1040A0000A01020E0501FA250A017B6F7C6F030EDF
:1040B0007D6F000175DD00C0FBF50A01010E0501F1
:1040C000FF6F196AF2BE198EF29E0A018F6BFBC553
:1040D0008EFA916BD00E906F00010AEC0EF019BEB3
:1040E000F28E01C07AFA010E0A010124016E000E5F
:1040F0000220036E01508A0F016E030E0322010E8F
:104100007825E96E000E7921EA6EEFCF7CFA03C0C4
:10411000EAFF01C0E9FF7CCAEFFF196AF2BE198EFF
:10412000F29E8F6BFBC58EFA916BD00E906F0001E3
:104130000AEC0EF019BEF28E01C07AFA020E0A01E4
:104140000124016E000E0220036E01508A0F016EE1
:10415000030E0322020E7825E96E000E7921EA6E25
:10416000EFCF7CFA03C0EAFF01C0E9FF7CCAEFFF92
:10417000196AF2BE198EF29E8F6BFBC58EFA916B97
:10418000D00E906F00010AEC0EF019BEF28E01C045
:104190007AFA030E0A010124016E000E0220036E5A
:1041A00001508A0F016E030E0322030E7825E96E7B
:1041B000000E7921EA6EEFCF7CFA03C0EAFF01C05E
:1041C000E9FF7CCAEFFF196AF2BE198EF29E8F6B6F
:1041D000FBC58EFA916BD00E906F00010AEC0EF0C9
:1041E00019BEF28E01C07AFA040E0A010124016E92
:1041F000000E0220036E01508A0F016E030E03228F
:10420000040E7825E96E000E7921EA6EEFCF7CFA74
:1042100003C0EAFF01C0E9FF7CCAEFFF0701A96BF9
:10422000010E0A017825E96E000E7921EA6EEF5041
:104230000701A95D3AE2196AF2BE198EF29E0A01DF
:104240008F6BFBC58EFA916BD00E906F00010AEC5C
:104250000EF019BEF28E02C07BFA01C07AFA050E8A
:104260000A017A27000E7B230701A9510A017A254A
:10427000016E000E7B21036E01508A0F016E030E4A
:104280000322050E0701A9250A017825E96E000E13
:104290007921EA6EEFCF7CFA03C0EAFF01C0E9FFA3
:1042A0007CCAEFFF0701A92BBBD7196AF2BE198E92
:1042B000F29E0A018F6BFBC58EFA916BD00E906F48
:1042C00000010AEC0EF019BEF28E8A0E0A010124DA
:1042D000E96E030E0220EA6EEF800501FE5305E150
:1042E000010EFE6F0E01C5890501FF6B07010A0172
:1042F0000001120075CA1BF935C01CF9020E090134
:104300001A6F7F0E1D6F76CA1EF977CA1FF9090E44
:104310000A01796F190E786F000138DE120073CA36
:1043200075FA74CA76FA220E0A01776F0001E2DF8D
:104330001200355201E164D1010E0701AF6FA353A2
:1043400001E0AF6BAF2D0BD0060100B102D0070129
:1043500006D0D0B102D0070102D00701AF6BAF2D5C
:104360004FD1000E38B2010E0A016F6F196AF2BE0A
:10437000198EF29E8F6B8E6F916BD00E906F000135
:104380000AEC0EF019BEF28E02C06FFA01C06EFA8E
:104390000A0101C001F0060E0224036E01C0E9FF0C
:1043A000EA6EEFB004D0389438B2388407D0000EEB
:1043B00038B2010E010F3894E8B03884010E0701BD
:1043C000A36F000E38B4010E0A016F6F196AF2BEB6
:1043D000198EF29E8F6B8E6F916BD00E906F0001D5
:1043E0000AEC0EF019BEF28E01C06EFA010E0A013F
:1043F0000124016E000E0220036E0150060E0326FA
:10440000010E6C25E96E000E6D21EA6EEFCF70FA99
:1044100003C0EAFF01C0E9FF70CAEFFF000E38B425
:10442000010E6F6F196AF2BE198EF29E8F6B8E6F3E
:10443000916BD00E906F00010AEC0EF019BEF28E57
:1044400001C06EFA020E0A010124016E000E022064
:10445000036E0150060E0326020E6C25E96E000E57
:104460006D21EA6EEFCF70FA03C0EAFF01C0E9FFE9
:1044700070CAEFFF000E38B4010E6F6F196AF2BEFA
:10448000198EF29E8F6B8E6F916BD00E906F000124
:104490000AEC0EF019BEF28E01C06EFA030E0A018C
:1044A0000124016E000E0220036E0150060E032649
:1044B000030E6C25E96E000E6D21EA6EEFCF70FAE7
:1044C00003C0EAFF01C0E9FF70CAEFFF000E38B475
:1044D000010E6F6F196AF2BE198EF29E8F6B8E6F8E
:1044E000916BD00E906F00010AEC0EF019BEF28EA7
:1044F00001C06EFA040E0A010124016E000E0220B2
:10450000036E0150060E0326040E6C25E96E000EA4
:104510006D21EA6EEFCF70FA03C0EAFF01C0E9FF38
:1045200070CAEFFF0701AF6B010E0A016C25E96E3F
:10453000000E6D21EA6EEF500701AF5D3BE2000E09
:1045400038B4010E0A016F6F196AF2BE198EF29E1D
:104550008F6B8E6F916BD00E906F00010AEC0EF096
:1045600019BEF28E02C06FFA01C06EFA050E0A0182
:104570006E27000E6F230701AF510A016E25016EF1
:10458000000E6F21036E0150060E0326050E070173
:10459000AF250A016C25E96E000E6D21EA6EEFCFA2
:1045A00070FA03C0EAFF01C0E9FF70CAEFFF07011C
:1045B000AF2BBAD7000E38B4010E0A016F6F196A1B
:1045C000F2BE198EF29E8F6B8E6F916BD00E906F34
:1045D00000010AEC0EF019BEF28E0A0101C0E9FFDB
:1045E000060E0224EA6EEF800701A25308E138921A
:1045F00038B43882010EA26F0E01C58D0701A36B7E
:10460000000185EF35F0030E0F01586F0A0170515C
:104610003F0B0F015F6F0A01336B335102082DE32B
:10462000350E006E002EFED76080000060B0FED711
:1046300063CF34FA64CF35FA712D0BD035510208AF
:1046400007E303E13451800803E3050E016E17D040
:1046500012D0355101080FE2FF0A03E134518008FE
:104660000AE23551030807E303E13451810803E30B
:10467000050E016E04D0332BD0D7020E016E00015F
:1046800012000A016551050801E11ED0050E656F93
:10469000666B6651310809E3857A010E706F00017F
:1046A000D7EC1CF00A01662BF4D7830E0F01316F93
:1046B000010E0A01706F716B0001A5DF0150050842
:1046C00004E0020E0A01656F00011200000E0F01E6
:1046D000586F180E5F6F350E006E002EFED70A0160
:1046E000702D01D0376B6080000060B0FED763CFC3
:1046F00034FA64CF35FA3551030806E303E1345147
:10470000320802E3372B01D0376B702D22D0336B88
:104710003351010818E3350E006E002EFED760807D
:10472000000060B0FED763CF34FA64CF35FA35515C
:10473000030806E303E13451320802E3372B01D0CA
:10474000376B332BE5D73751020803E2020E016EB7
:1047500008D03751040803E2020E016E02D0050EA4
:10476000016E00011200839A030E0A01706F0001AE
:10477000D7EC1CF0050E0A01646F010E706F00018A
:10478000A5DF0150050805E0020E0A01646F838A67
:1047900000011200830E0F01316F0A01706B716B03
:1047A000000131DF0150050809E1010E0A01706FB7
:1047B000716F000128DF0150050801E002D061DFC0
:1047C000D2DF44EF24F00E01C5AF02D0010E01D0BC
:1047D000000E016E0001EFEF23F03898F4D701527C
:1047E00004E00E01C59F38880001000E0E01CDBF08
:1047F000010E010803E1CDAFFED79951000ECDBFE8
:10480000010E010803E1CDAFFED79951000ECDBFD7
:10481000010E010803E1CDAFFED799519DA302D04F
:104820009D999D890301876B38A803D00E01C58F20
:104830000301010E016E000134EF24F00701B06B9B
:10484000A35309E10E01C59D389238940701A16B6D
:10485000A26B010EB06FB0C701F0000135EF24F07C
:104860000701A36B0001B9D7E9D7010E016E45EF2F
:1048700024F00E01C58F000146EF24F0355217E1F8
:104880006ECA35F0388E86D7EBD7F3D76FCA1BF9CF
:1048900035C01CF909011A6BC10E1D6F090E0A0102
:1048A000796F190E786F0001C6EC1FF007D06FCA40
:1048B00073FA810E0A01746F000131DD57EF37F092
:1048C000020E0A01646F838A00011200020E0A01BF
:1048D000656F859A0001F4DF70EF24F0389EF6D7FB
:1048E00009011A6BC20E1D6F090E0A01796F190EAC
:1048F000786F0001C6EC1FF0356A57EF37F073CAC6
:1049000075FA74CA76FA120E0A01776F0001F2DCAA
:104910001200010E09011A6F500E1D6F050E0A01DB
:104920006C25E96E000E6D21EA6EEFCF1EF9050EC3
:104930006C25E96E000E6D21EA6EEF50000A000151
:1049400007E0020A0FE0070A49E0640A52E05CD07F
:10495000376A090E0A01796F190E786F0001C6ECEB
:104960001FF05FD0090E0A01796F190E786F0001F0
:10497000C6EC1FF0F250006EF29E010E7F6E720EBA
:104980007E6E030E806E819C819E81840F01550E88
:10499000826EAA0E826E81820050F21281B2FED720
:1049A0008194819C818EF2CF00F0F29E010E7F6E89
:1049B000760E7E6E35C080FF819C819E8184550E6F
:1049C000826EAA0E826E81820050F21281B2FED7F0
:1049D0008194819C818EFF00000123D0050E376EEB
:1049E000090E0A01796F190E786F0001C6EC1FF0ED
:1049F00018D0610E376E090E0A01796F190E786FA3
:104A00000001C6EC1FF00DD0030E0A016C25E96E03
:104A1000000E6D21EA6EEFCF73FA100E746F000175
:104A20006EDF57EF37F06ECA75FA6FCA76FA110E5D
:104A30000A01776F00015EDC120009011A6B7D0E1E
:104A40001D6F090E0A01796F190E786F0001C6EC0F
:104A50001FF057EF37F00A012BCA01F02CCA02F001
:104A6000000112000A012DCA01F02ECA02F0000155
:104A70001200620E09011D6F0A01715109011E6FBA
:104A800070CA1FF90A017051006E7151036E035014
:104A900004E10052000134E00A01010E035C05E16B
:104AA00000520001D8B4A6D00A01030E035C05E150
:104AB00000520001D8B4D0D00A01100E035C05E109
:104AC00000520001D8B4DDD00A01200E035C05E1DC
:104AD00000520001D8B41CD10A01210E035C05E18B
:104AE00000520001D8B44CD10A01220E035C06E149
:104AF00000520001D8B48BEF29F00A012FEF2BF000
:104B0000220E09011A6F020E106F0F6B0F510A0867
:104B10001EE3036A10511E0F016E090E03220A01E3
:104B200003C073FA036A09010F51210FE96E000EE9
:104B30000320EA6EEFCF74FA0A0173CAEAFF01C0DC
:104B4000E9FF74CAEFFF0901102B0F2BDFD70F6BA2
:104B50000F510B0811E3036A10511E0FE96E090E85
:104B60000320EA6E036A0F51000104EC0BF0EF6EB4
:104B70000901102B0F2BECD70F6B0F5106081EE30A
:104B8000036A10511E0F016E090E03220A0103C0B1
:104B900073FA036A09010F511A0FE96E000E032020
:104BA000EA6EEFCF74FA0A0173CAEAFF01C0E9FFA7
:104BB00074CAEFFF0901102B0F2BDFD7036A1051C6
:104BC0001E0FE96E090E0320EA6E2CC0EFFF102BBA
:104BD000036A10511E0FE96E090E0320EA6EEF6A98
:104BE000090E0A01796F190E786F0001C6EC1FF0EB
:104BF00036EF2BF03880FEEC1EF00150050805E181
:104C0000010E09010F6F03D0000109010F6B0001B4
:104C1000C1EC1EF00150050805E1010E0901106FFD
:104C200003D000010901106B060E1A6F365202E123
:104C3000206B02D031C020F932C021F90FC922F90E
:104C400010C923F9090E0A01796F190E786F000156
:104C5000C6EC1FF036EF2BF0060E09011A6F30C0BC
:104C600020F92FC021F92EC022F92DC023F9090EF9
:104C70000A01796F190E786F0001C6EC1FF036EF4C
:104C80002BF0E9DE02C012F901C011F9EBDE02C01F
:104C900014F901C013F90C0E09011A6F0701B45180
:104CA0000901206FB3C721F90701B8510901226F2B
:104CB000B7C723F90701BA31036EB931026E033267
:104CC0000232033202321F0E031602C024F9090118
:104CD0000701BC31036EBB31026E03320232033274
:104CE00002321F0E031602C025F909011251266F68
:104CF00011C927F91451286F13C929F9090E0A019E
:104D0000796F190E786F0001C6EC1FF036EF2BF0AB
:104D1000120E09011A6F0801FE510901206FFDC82A
:104D200021F90051226FFFC823F90251246F01C9F4
:104D300025F903C926F904C927F90651286F05C9C1
:104D400029F907C92AF90BC92BF9036A0AC92CF9F1
:104D50000BC901F0036A09C92DF90AC901F00BC991
:104D600002F0036A08C92EF90CC92FF9090E0A01CD
:104D7000796F190E786F0001C6EC1FF036EF2BF03B
:104D8000CA0E09011A6F210E1E6F1F6B020E106FE3
:104D90000F6B0F5109083FE3036A10511E0F016E9C
:104DA000090E03220A0103C073FAD89009010F35D6
:104DB000036ABD0FE96E070E0320EA6EECCF75FAA9
:104DC000ED52EFCF74FA0A01755173CAEAFF01C0C0
:104DD000E9FFEF6E0901102B036A10511E0F016EDF
:104DE000090E03220A0103C073FAD89009010F3596
:104DF000036ABD0FE96E070E0320EA6EEFCF74FA67
:104E00000A0173CAEAFF01C0E9FF74CAEFFF090192
:104E1000102B0F2BBED70F6B0F510908D8A088D0CD
:104E2000036A10511E0F016E090E032201C072FAAF
:104E300003C073FA09010F51040DF350036AD10F37
:104E4000E96E070E0320EA6EEFCF74FAECCF75FA25
:104E5000ECCF76FAECCF00F073CAEAFF72CAE9FF32
:104E600000C0EFFF102B036A10511E0F016E090ED8
:104E7000032201C072FA03C073FA09010F51040D35
:104E8000F350036AD10FE96E070E0320EA6EEFCFED
:104E900074FAECCF75FAECCF00F0ECCF01F073CAE6
:104EA000EAFF72CAE9FF00C0EFFF102B036A10513E
:104EB0001E0F016E090E032201C072FA03C073FABD
:104EC00009010F51040DF350036AD10FE96E070E6B
:104ED0000320EA6EEFCF74FAECCF00F0ECCF01F0D4
:104EE000ECCF02F073CAEAFF72CAE9FF00C0EFFF1D
:104EF000102B036A10511E0F016E090E032203C00E
:104F000073FA09010F51040DF350036AD10FE96ED2
:104F1000070E0320EA6EEFCF74FA0A0173CAEAFFA4
:104F200001C0E9FF74CAEFFF0901102B0F2B74D7E2
:104F30000F6B0F510908D8A088D0036A10511E0FBB
:104F4000016E090E032201C072FA03C073FA09014F
:104F50000F51040DF350036AF90FE96E070E032099
:104F6000EA6EEFCF74FAECCF75FAECCF76FAECCFAD
:104F700000F073CAEAFF72CAE9FF00C0EFFF102B0E
:104F8000036A10511E0F016E090E032201C072FA4E
:104F900003C073FA09010F51040DF350036AF90FAE
:104FA000E96E070E0320EA6EEFCF74FAECCF75FAC4
:104FB000ECCF00F0ECCF01F073CAEAFF72CAE9FF50
:104FC00000C0EFFF102B036A10511E0F016E090E77
:104FD000032201C072FA03C073FA09010F51040DD4
:104FE000F350036AF90FE96E070E0320EA6EEFCF64
:104FF00074FAECCF00F0ECCF01F0ECCF02F073CA02
:10500000EAFF72CAE9FF00C0EFFF102B036A1051DC
:105010001E0F016E090E032203C073FA09010F511E
:10502000040DF350036AF90FE96E070E0320EA6ED0
:10503000EFCF74FA0A0173CAEAFF01C0E9FF74CA2C
:10504000EFFF0901102B0F2B74D70F6B0F510908BD
:105050003FE3036A10511E0F016E090E03220A017D
:1050600003C073FAD89009010F35036A210FE96E66
:10507000080E0320EA6EECCF75FAED52EFCF74FA0A
:105080000A01755173CAEAFF01C0E9FFEF6E090119
:10509000102B036A10511E0F016E090E03220A0124
:1050A00003C073FAD89009010F35036A210FE96E26
:1050B000080E0320EA6EEFCF74FA0A0173CAEAFF02
:1050C00001C0E9FF74CAEFFF0901102B0F2BBED7F7
:1050D0000F6B0F510908D8A088D0036A10511E0F1A
:1050E000016E090E032201C072FA03C073FA0901AE
:1050F0000F51040DF350036A350FE96E080E0320BB
:10510000EA6EEFCF74FAECCF75FAECCF76FAECCF0B
:1051100000F073CAEAFF72CAE9FF00C0EFFF102B6C
:10512000036A10511E0F016E090E032201C072FAAC
:1051300003C073FA09010F51040DF350036A350FD0
:10514000E96E080E0320EA6EEFCF74FAECCF75FA21
:10515000ECCF00F0ECCF01F073CAEAFF72CAE9FFAE
:1051600000C0EFFF102B036A10511E0F016E090ED5
:10517000032201C072FA03C073FA09010F51040D32
:10518000F350036A350FE96E080E0320EA6EEFCF85
:1051900074FAECCF00F0ECCF01F0ECCF02F073CA60
:1051A000EAFF72CAE9FF00C0EFFF102B036A10513B
:1051B0001E0F016E090E032203C073FA09010F517D
:1051C000040DF350036A350FE96E080E0320EA6EF2
:1051D000EFCF74FA0A0173CAEAFF01C0E9FF74CA8B
:1051E000EFFF0901102B0F2B74D70F6B0F5109081C
:1051F000D8A088D0036A10511E0F016E090E032239
:1052000001C072FA03C073FA09010F51040DF35083
:10521000036A5D0FE96E080E0320EA6EEFCF74FAA1
:10522000ECCF75FAECCF76FAECCF00F073CAEAFF58
:1052300072CAE9FF00C0EFFF102B036A10511E0F66
:10524000016E090E032201C072FA03C073FA09014C
:105250000F51040DF350036A5D0FE96E080E032031
:10526000EA6EEFCF74FAECCF75FAECCF00F0ECCF2A
:1052700001F073CAEAFF72CAE9FF00C0EFFF102B0A
:10528000036A10511E0F016E090E032201C072FA4B
:1052900003C073FA09010F51040DF350036A5D0F47
:1052A000E96E080E0320EA6EEFCF74FAECCF00F03F
:1052B000ECCF01F0ECCF02F073CAEAFF72CAE9FF4B
:1052C00000C0EFFF102B036A10511E0F016E090E74
:1052D000032203C073FA09010F51040DF350036A4E
:1052E0005D0FE96E080E0320EA6EEFCF74FA0A0133
:1052F00073CAEAFF01C0E9FF74CAEFFF0901102B6E
:105300000F2B74D7090E0A01796F190E786F0001FF
:10531000C6EC1FF0ABD17A0E09011A6F220E1E6F78
:105320001F6B020E106F0F6B0F5109083FE3036AEA
:1053300010511E0F016E090E03220A0103C073FAF9
:10534000D89009010F35036A850FE96E080E032016
:10535000EA6EECCF75FAED52EFCF74FA0A0175518F
:1053600073CAEAFF01C0E9FFEF6E0901102B036A5F
:1053700010511E0F016E090E03220A0103C073FAB9
:10538000D89009010F35036A850FE96E080E0320D6
:10539000EA6EEFCF74FA0A0173CAEAFF01C0E9FFAF
:1053A00074CAEFFF0901102B0F2BBED70F6B0F51E3
:1053B00009083FE3036A10511E0F016E090E032214
:1053C0000A0103C073FAD89009010F35036A990FD7
:1053D000E96E080E0320EA6EECCF75FAED52EFCFBE
:1053E00074FA0A01755173CAEAFF01C0E9FFEF6E52
:1053F0000901102B036A10511E0F016E090E0322C2
:105400000A0103C073FAD89009010F35036A990F96
:10541000E96E080E0320EA6EEFCF74FA0A0173CA30
:10542000EAFF01C0E9FF74CAEFFF0901102B0F2B3F
:10543000BED70F6B0F5109083FE3036A10511E0FCF
:10544000016E090E03220A0103C073FAD890090104
:105450000F35036AAD0FE96E080E0320EA6EECCF3C
:1054600075FAED52EFCF74FA0A01755173CAEAFF6B
:1054700001C0E9FFEF6E0901102B036A10511E0FE6
:10548000016E090E03220A0103C073FAD8900901C4
:105490000F35036AAD0FE96E080E0320EA6EEFCFF9
:1054A00074FA0A0173CAEAFF01C0E9FF74CAEFFF88
:1054B0000901102B0F2BBED70F6B0F5109083FE3CB
:1054C000036A10511E0F016E090E03220A0103C068
:1054D00073FAD89009010F35036AC10FE96E080EFF
:1054E0000320EA6EECCF75FAED52EFCF74FA0A01A1
:1054F000755173CAEAFF01C0E9FFEF6E0901102B75
:10550000036A10511E0F016E090E03220A0103C027
:1055100073FAD89009010F35036AC10FE96E080EBE
:105520000320EA6EEFCF74FA0A0173CAEAFF01C0E2
:10553000E9FF74CAEFFF0901102B0F2BBED70F6BC9
:105540000F5109083FE3036A10511E0F016E090E47
:1055500003220A0103C073FAD89009010F35036AC8
:10556000D50FE96E080E0320EA6EECCF75FAED5206
:10557000EFCF74FA0A01755173CAEAFF01C0E9FF5F
:10558000EF6E0901102B036A10511E0F016E090EF8
:1055900003220A0103C073FAD89009010F35036A88
:1055A000D50FE96E080E0320EA6EEFCF74FA0A01F8
:1055B00073CAEAFF01C0E9FF74CAEFFF0901102BAB
:1055C0000F2BBED70F6B0F5109083FE3036A105131
:1055D0001E0F016E090E03220A0103C073FAD89050
:1055E00009010F35036AE90FE96E080E0320EA6E20
:1055F000ECCF75FAED52EFCF74FA0A01755173CA08
:10560000EAFF01C0E9FFEF6E0901102B036A105198
:105610001E0F016E090E03220A0103C073FAD8900F
:1056200009010F35036AE90FE96E080E0320EA6EDF
:10563000EFCF74FA0A0173CAEAFF01C0E9FF74CA26
:10564000EFFF0901102B0F2BBED7090E0A01796F4E
:10565000190E786F0001C6EC1FF008D00A016FCA5E
:1056600073FA220E746F00017FEC24F057EF37F0CD
:105670009AEC13F00A01586B5851060819E3900E82
:105680005825746F010E756FD8B0752B585172255F
:10569000E96E000E7321EA6EEFCF8BFA75CA8AFAB3
:1056A00074CA89FA00019EEC13F00A01582BE4D762
:1056B00000019AEC13F030EF2CF09AEC13F00A0191
:1056C000586B58510A0815E3070E5825746F070EDA
:1056D00058257225E96E000E7321EA6EEFCF8BFA22
:1056E0008A6B74CA89FA00019EEC13F00A01582BE8
:1056F000E8D700019AEC13F098EF2CF09AEC13F035
:10570000130E0A017225E96E000E7321EA6EEFCFC7
:1057100083FAECCF84FAECCF85FAECCF86FA826B71
:10572000130E816F0001D3EC13F09AEC13F012000A
:10573000120E0A017225E96E000E7321EA6EEFCF98
:105740008BFA8A6B120E896F00019EEC13F0120027
:10575000020E09011A6F6E0E1D6F0A016F510901C9
:105760001E6F6ECA1FF90A016E51006E6F51036EF3
:10577000035004E10052000135E00A01035006E144
:10578000010E005C0001D8B475D00A01030E035C61
:1057900005E100520001D8B4D5D00A01030E035C24
:1057A00006E1010E005C0001D8B42CD10A01200EE4
:1057B000035C05E100520001D8B4B3D10A01210E07
:1057C000035C05E100520001D8B4F4D20A01220EB4
:1057D000035C06E100520001D8B494EF32F00A01F4
:1057E00047EF34F0070E0A017025E96E000E7121B3
:1057F000EA6EEFCF1AF0080E7025E96E000E7121E7
:10580000EA6EEFCF1BF0090E7025E96E000E7121D4
:10581000EA6EEFCF1CF00A0E7025E96E000E7121C2
:10582000EA6EEFCF1DF00B0E7025E96E000E7121B0
:10583000EA6EEFCF1EF00C0E7025E96E000E71219E
:10584000EA6EEFCF1FF00D0E7025E96E000E71218C
:10585000EA6EEFCF20F0736B1A0E726F000108D75B
:10586000090E0A01796F190E786F0001C6EC1FF05E
:1058700054EF34F0070E0A017025E96E000E712115
:10588000EA6EEFCF21F0080E7025E96E000E71214F
:10589000EA6EEFCF22F0090E7025E96E000E71213D
:1058A000EA6EEFCF23F00A0E7025E96E000E71212B
:1058B000EA6EEFCF24F00B0E7025E96E000E712119
:1058C000EA6EEFCF25F00C0E7025E96E000E712107
:1058D000EA6EEFCF26F00D0E7025E96E000E7121F5
:1058E000EA6EEFCF27F00E0E7025E96E000E7121E3
:1058F000EA6EEFCF28F00F0E7025E96E000E7121D1
:10590000EA6EEFCF29F0100E7025E96E000E7121BE
:10591000EA6EEFCF2AF0110E7025E96E000E7121AC
:10592000EA6EEFCF2BF0736B1A0E726F0001C5D6C3
:10593000090E0A01796F190E786F0001C6EC1FF08D
:1059400054EF34F0070E0A017025E96E000E712144
:10595000EA6EEFCF72FA000E756B2D6A2E6A2F6A0F
:1059600075CA30F0080E7025E96E000E7121EA6EDE
:10597000EFCF72FA000E746B006A016A74CA02F00B
:10598000036A00502D2601502E2202502F22035070
:105990003022090E7025E96E000E7121EA6EEFCFFC
:1059A00072FA000E736B006A73CA01F0026A036A2E
:1059B00000502D2601502E2202502F22035030225B
:1059C000080E7025E96E000E7121EA6EEF50006E30
:1059D000016A026A036A00502D2601502E220250ED
:1059E0002F2203503022736B1A0E726F000186DE75
:1059F000090E0A01796F190E786F0001C6EC1FF0CD
:105A000054EF34F03652D8A47CD0070E0A0170252A
:105A1000E96E000E7121EA6EEF5041082CE1010E93
:105A2000366E2C5041081DE0410E2C6E736B1A0E21
:105A3000726F00017DDE010E0A01726F736F00014B
:105A400064EC15F0010E0A01726F736F00017BECBC
:105A500016F0010E0A01726F736F000141EC17F02E
:105A60000A01316A090E796F190E786F0001C6ECD0
:105A70001FF046D00A01070E7025E96E000E712155
:105A8000EA6EEF5042082FE1020E366E2C504208AB
:105A900020E0420E2C6E736B1A0E726F000148DE0E
:105AA000010E0A01726F020E736F000164EC15F0B3
:105AB000010E0A01726F020E736F00017BEC16F08B
:105AC000010E0A01726F020E736F000141EC17F0B4
:105AD0000A01316A090E796F190E786F0001C6EC60
:105AE0001FF00ED00A01030E7025E96E000E712121
:105AF000EA6EEFCF73FA2E0E746F00017FEC24F084
:105B00000ED0030E0A017025E96E000E7121EA6EB7
:105B1000EFCF73FA2E0E746F00018FEC21F054EF6B
:105B200034F0070E0A017025E96E000E7121EA6E4D
:105B3000196AF2BE198EF29E8F6BEFCF8EFA010EAC
:105B4000916F906B00010AEC0EF019BEF28E080EF8
:105B50000A017025E96E000E7121EA6EEF500124F2
:105B60000801FD6F000E0A0102200801FE6F090EF8
:105B70000A017025E96E000E7121EA6E196AF2BE03
:105B8000198EF29E8F6BEFCF8EFA010E916F906B94
:105B900000010AEC0EF019BEF28E0A0E0A01702501
:105BA000E96E000E7121EA6EEF5001240801FF6FCB
:105BB000000E0A0102200901006F0B0E0A01702578
:105BC000E96E000E7121EA6E196AF2BE198EF29E1C
:105BD0008F6BEFCF8EFA010E916F906B00010AEC84
:105BE0000EF019BEF28E0C0E0A017025E96E000E41
:105BF0007121EA6EEF5001240901016F000E0A01C4
:105C000002200901026F0D0E0A017025E96E000ED7
:105C10007121EA6EEFCF03F90E0E7025E96E000ECA
:105C20007121EA6EEFCF04F90F0E7025E96E000EB8
:105C30007121EA6E196AF2BE198EF29E8F6BEFCF58
:105C40008EFA010E916F906B00010AEC0EF019BEF6
:105C5000F28E100E0A017025E96E000E7121EA6EB7
:105C6000EF5001240901056F000E0A01022009010D
:105C7000066F110E0A017025E96E000E7121EA6EA1
:105C8000EFCF07F9120E7025E96E000E7121EA6E52
:105C9000EACF74FAE9CF73FA7E6B7D6B7C6BEFCF42
:105CA0007BFA010E826F816B806B7F6B0001AFEC22
:105CB00017F074CAEAFF73CAE9FF03C075FA02C09D
:105CC00074FA01C073FA00C072FA130E0A0170254B
:105CD000E96E000E7121EA6EEACF78FAE9CF77FA21
:105CE0007E6B7D6B7C6BEFCF7BFA826B010E816FDD
:105CF000806B7F6B0001AFEC17F078CAEAFF77CAC0
:105D0000E9FF00500A0172270150732302507423E7
:105D100003507523140E7025E96E000E7121EA6E92
:105D2000196AF2BE198EF29E8F6BEFCF8EFA010EBA
:105D3000916F906B00010AEC0EF019BEF28E0150CB
:105D40000A01722702507323000E74237523150E67
:105D50007025E96E000E7121EA6EEF50722509017F
:105D6000086F000E0A0173210901096F000E0A0174
:105D7000742109010A6F000E0A01752109010B6FD8
:105D8000160E0A017025E96E000E7121EA6EEFCF42
:105D90000CF9080E756FFD0E746F0001AFEC16F074
:105DA000090E0A01796F190E786F0001C6EC1FF019
:105DB00054EF34F0020E0901106F0F6B0F510908F8
:105DC00041E3D8900F35036ABD0F016E070E032221
:105DD00001C072FA03C073FA050E090110250A0109
:105DE0007025E96E000E7121EA6E196AF2BE198EF5
:105DF000F29E8F6BEFCF8EFA010E916F906B0001C8
:105E00000AEC0EF019BEF28E01C074FA010E0901FF
:105E10001025050F0A017025E96E000E7121EA6E4A
:105E2000EF500124016E000E022073CAEAFF72CA0D
:105E3000E9FFEC6EED5201C0EFFF020E09011027E1
:105E40000F2BBCD70F6B0F510908D8A0C2D0050E7D
:105E500010250A017025E96E000E7121EA6EEACF65
:105E600074FAE9CF73FA7E6B7D6B7C6BEFCF7BFAB4
:105E7000010E826F816B806B7F6B0001AFEC17F0BE
:105E800074CAEAFF73CAE9FF03C075FA02C074FA64
:105E900001C073FA00C072FA010E09011025050F46
:105EA0000A017025E96E000E7121EA6EEACF78FAD8
:105EB000E9CF77FA7E6B7D6B7C6BEFCF7BFA826BE1
:105EC000010E816F806B7F6B0001AFEC17F078CA19
:105ED000EAFF77CAE9FF00500A01722701507323D5
:105EE0000250742303507523020E09011025050F7B
:105EF0000A017025E96E000E7121EA6E196AF2BE80
:105F0000198EF29E8F6BEFCF8EFA010E916F906B10
:105F100000010AEC0EF019BEF28E02C003F001502F
:105F20000A01722702507323000E74237523030E97
:105F300009011025050F0A017025E96E000E712177
:105F4000EA6EEF507225006E000E7321016E000E96
:105F50007421026E000E7521E8CF18F902C017F9FE
:105F600001C016F900C015F9090118517F0812E3A4
:105F70000F51040DF350036AD10FE96E070E032091
:105F8000EA6E15C9EFFF16C9ECFF17C9ECFF18C977
:105F9000ECFF1BD00F51040DF350036AD10FE96ED3
:105FA000070E0320EA6E15C900F016C901F0026A57
:105FB000036A01AE02D00206030600C0EFFF01C073
:105FC000ECFF02C0ECFF03C0ECFF040E10270F2B08
:105FD0003AD70F6B0F510908D8A0C2D0050E102573
:105FE0000A017025E96E000E7121EA6EEACF74FA9B
:105FF000E9CF73FA7E6B7D6B7C6BEFCF7BFA010E82
:10600000826F816B806B7F6B0001AFEC17F074CAFD
:10601000EAFF73CAE9FF03C075FA02C074FA01C04F
:1060200073FA00C072FA010E09011025050F0A016A
:106030007025E96E000E7121EA6EEACF78FAE9CF99
:1060400077FA7E6B7D6B7C6BEFCF7BFA826B010EF8
:10605000816F806B7F6B0001AFEC17F078CAEAFFAD
:1060600077CAE9FF00500A017227015073230250DA
:10607000742303507523020E09011025050F0A0130
:106080007025E96E000E7121EA6E196AF2BE198E52
:10609000F29E8F6BEFCF8EFA010E916F906B000125
:1060A0000AEC0EF019BEF28E02C003F001500A0194
:1060B000722702507323000E74237523030E090107
:1060C0001025050F0A017025E96E000E7121EA6E98
:1060D000EF507225006E000E7321016E000E7421C8
:1060E000026E000E7521E8CF18F902C017F901C041
:1060F00016F900C015F9090118517F0812E30F5174
:10610000040DF350036AF90FE96E070E0320EA6EDF
:1061100015C9EFFF16C9ECFF17C9ECFF18C9ECFF52
:106120001BD00F51040DF350036AF90FE96E070EEF
:106130000320EA6E15C900F016C901F0026A036A6D
:1061400001AE02D00206030600C0EFFF01C0ECFF63
:1061500002C0ECFF03C0ECFF040E10270F2B3AD750
:106160000F6B0F51090841E3D8900F35036A210FD7
:10617000016E080E032201C072FA03C073FA050E05
:10618000090110250A017025E96E000E7121EA6EE1
:10619000196AF2BE198EF29E8F6BEFCF8EFA010E46
:1061A000916F906B00010AEC0EF019BEF28E01C0E7
:1061B00074FA010E09011025050F0A017025E96E18
:1061C000000E7121EA6EEF500124016E000E0220D4
:1061D00073CAEAFF72CAE9FFEC6EED5201C0EFFF2D
:1061E000020E090110270F2BBCD70F6B0F510908A6
:1061F000D8A0C2D0050E10250A017025E96E000E48
:106200007121EA6EEACF74FAE9CF73FA7E6B7D6B87
:106210007C6BEFCF7BFA010E826F816B806B7F6BA3
:106220000001AFEC17F074CAEAFF73CAE9FF03C0BC
:1062300075FA02C074FA01C073FA00C072FA010E56
:1062400009011025050F0A017025E96E000E712164
:10625000EA6EEACF78FAE9CF77FA7E6B7D6B7C6BDA
:10626000EFCF7BFA826B010E816F806B7F6B000139
:10627000AFEC17F078CAEAFF77CAE9FF00500A01CD
:106280007227015073230250742303507523020EAA
:1062900009011025050F0A017025E96E000E712114
:1062A000EA6E196AF2BE198EF29E8F6BEFCF8EFAEC
:1062B000010E916F906B00010AEC0EF019BEF28E88
:1062C00002C003F001500A01722702507323000E2E
:1062D00074237523030E09011025050F0A0170258B
:1062E000E96E000E7121EA6EEF507225006E000E0D
:1062F0007321016E000E7421026E000E7521E8CF2D
:1063000018F902C017F901C016F900C015F9090102
:1063100018517F0812E30F51040DF350036A350F33
:10632000E96E080E0320EA6E15C9EFFF16C9ECFFEF
:1063300017C9ECFF18C9ECFF1BD00F51040DF35027
:10634000036A350FE96E080E0320EA6E15C900F0E6
:1063500016C901F0026A036A01AE02D00206030602
:1063600000C0EFFF01C0ECFF02C0ECFF03C0ECFF78
:10637000040E10270F2B3AD70F6B0F510908D8A026
:10638000C2D0050E10250A017025E96E000E71219C
:10639000EA6EEACF74FAE9CF73FA7E6B7D6B7C6BA1
:1063A000EFCF7BFA010E826F816B806B7F6B0001F8
:1063B000AFEC17F074CAEAFF73CAE9FF03C075FABD
:1063C00002C074FA01C073FA00C072FA010E09012A
:1063D0001025050F0A017025E96E000E7121EA6E85
:1063E000EACF78FAE9CF77FA7E6B7D6B7C6BEFCFE3
:1063F0007BFA826B010E816F806B7F6B0001AFECCB
:1064000017F078CAEAFF77CAE9FF00500A0172273D
:10641000015073230250742303507523020E0901A7
:106420001025050F0A017025E96E000E7121EA6E34
:10643000196AF2BE198EF29E8F6BEFCF8EFA010EA3
:10644000916F906B00010AEC0EF019BEF28E02C043
:1064500003F001500A01722702507323000E7423C7
:106460007523030E09011025050F0A017025E96E39
:10647000000E7121EA6EEF507225006E000E73213E
:10648000016E000E7421026E000E7521E8CF18F91E
:1064900002C017F901C016F900C015F90901185119
:1064A0007F0812E30F51040DF350036A5D0FE96E8C
:1064B000080E0320EA6E15C9EFFF16C9ECFF17C9D5
:1064C000ECFF18C9ECFF1BD00F51040DF350036A09
:1064D0005D0FE96E080E0320EA6E15C900F016C9BB
:1064E00001F0026A036A01AE02D00206030600C090
:1064F000EFFF01C0ECFF02C0ECFF03C0ECFF040E95
:1065000010270F2B3AD7070E0A01756FBD0E746F57
:1065100000015AEC14F0090E0A01796F190E786F18
:106520000001C6EC1FF0C0D1020E0901106F0F6B05
:106530000F51090841E3D8900F35036A850F016EAA
:10654000080E032201C072FA03C073FA050E090196
:1065500010250A017025E96E000E7121EA6E196A94
:10656000F2BE198EF29E8F6BEFCF8EFA010E916FF5
:10657000906B00010AEC0EF019BEF28E01C074FAA5
:10658000010E09011025050F0A017025E96E000EA4
:106590007121EA6EEF500124016E000E022073CAD1
:1065A000EAFF72CAE9FFEC6EED5201C0EFFF020E86
:1065B000090110270F2BBCD70F6B0F51090841E3BE
:1065C000D8900F35036A990F016E080E032201C09F
:1065D00072FA03C073FA050E090110250A0170252D
:1065E000E96E000E7121EA6E196AF2BE198EF29EF2
:1065F0008F6BEFCF8EFA010E916F906B00010AEC5A
:106600000EF019BEF28E01C074FA010E09011025B8
:10661000050F0A017025E96E000E7121EA6EEF5038
:106620000124016E000E022073CAEAFF72CAE9FF5C
:10663000EC6EED5201C0EFFF020E090110270F2B87
:10664000BCD70F6B0F51090841E3D8900F35036A8F
:10665000AD0F016E080E032201C072FA03C073FA77
:10666000050E090110250A017025E96E000E712141
:10667000EA6E196AF2BE198EF29E8F6BEFCF8EFA18
:10668000010E916F906B00010AEC0EF019BEF28EB4
:1066900001C074FA010E09011025050F0A017025C9
:1066A000E96E000E7121EA6EEF500124016E000EBA
:1066B000022073CAEAFF72CAE9FFEC6EED5201C014
:1066C000EFFF020E090110270F2BBCD70F6B0F51E4
:1066D000090841E3D8900F35036AC10F016E080E17
:1066E000032201C072FA03C073FA050E09011025D6
:1066F0000A017025E96E000E7121EA6E196AF2BE78
:10670000198EF29E8F6BEFCF8EFA010E916F906B08
:1067100000010AEC0EF019BEF28E01C074FA010EEF
:1067200009011025050F0A017025E96E000E71217F
:10673000EA6EEF500124016E000E022073CAEAFFD8
:1067400072CAE9FFEC6EED5201C0EFFF020E0901C3
:1067500010270F2BBCD70F6B0F51090841E3D890BE
:106760000F35036AD50F016E080E032201C072FABD
:1067700003C073FA050E090110250A017025E96EA0
:10678000000E7121EA6E196AF2BE198EF29E8F6BAD
:10679000EFCF8EFA010E916F906B00010AEC0EF0B4
:1067A00019BEF28E01C074FA010E09011025050F01
:1067B0000A017025E96E000E7121EA6EEF50012486
:1067C000016E000E022073CAEAFF72CAE9FFEC6E86
:1067D000ED5201C0EFFF020E090110270F2BBCD7AD
:1067E0000F6B0F51090841E3D8900F35036AE90F89
:1067F000016E080E032201C072FA03C073FA050E7F
:10680000090110250A017025E96E000E7121EA6E5A
:10681000196AF2BE198EF29E8F6BEFCF8EFA010EBF
:10682000916F906B00010AEC0EF019BEF28E01C060
:1068300074FA010E09011025050F0A017025E96E91
:10684000000E7121EA6EEF500124016E000E02204D
:1068500073CAEAFF72CAE9FFEC6EED5201C0EFFFA6
:10686000020E090110270F2BBCD7080E0A01756F05
:10687000850E746F000198EC15F0090E0A01796F0E
:10688000190E786F0001C6EC1FF00ED00A01030E3E
:106890007025E96E000E7121EA6EEFCF73FA2E0EAD
:1068A000746F00017FEC24F07AEF36F06DCA75FA50
:1068B0006ECA76FA210E0A01776F00017AEC21F098
:1068C0008BEF36F0010E09011A6F710E1D6F6ECA43
:1068D0001EF9090E0A01796F190E786F0001C6ECD6
:1068E0001FF0660E396E0901E96B00011200660E99
:1068F000396E0A016D51000A000117E0010A23E018
:10690000030A30E0060A31E0010A3EE0020A4BE0E9
:10691000010AD8B466D0AC0AD8B482D0FF0AD8B481
:106920008ED0330AD8B49AD099D0362C01D009D061
:10693000E9C973FA310E0A01746F00017FEC24F08B
:1069400095D0396A93D0362C01D009D0E9C973FAB1
:10695000310E0A01746F00017FEC24F087D0010E24
:10696000396E84D0020E396E81D03650020809E0AB
:10697000E9C973FA310E0A01746F00017FEC24F04B
:1069800075D0040E396E72D03650020809E0E9C99C
:1069900073FA310E0A01746F00017FEC24F066D0A7
:1069A000050E396E63D0315212E0315006080FE007
:1069B000312C01D00CD0E9C973FA310E0A01746F81
:1069C00000018FEC21F00901E96B09D00001020EF2
:1069D000346E070E0A016E6F000174DF09010001B9
:1069E00045D0315212E0315006080FE0312C01D071
:1069F0000CD0E9C973FA310E0A01746F00018FECF3
:106A000021F00901E96B0AD00001010E346E060E77
:106A10000A016E6F000156DF0901E96B000126D003
:106A20003750610809E0E9C973FA310E0A01746F41
:106A300000017FEC24F01AD0AA0E396E17D037501F
:106A4000610809E0E9C973FA310E0A01746F0001A7
:106A50007FEC24F00BD0550E396E08D0E9C973FADB
:106A6000310E0A01746F00017FEC24F09FEF36F0C5
:106A7000315003080BE03150040808E03150090898
:106A800005E031500A0802E0312C03D0010E016EFE
:106A900002D0000E016E120056EF1FF009010D53D7
:106AA00001E108D200019FEF1FF002C06BFA01C0A4
:106AB0006AFACF0E0A016A25016E000E6B21036E81
:106AC00001C0E9FFEA6EEFB017D0030E6A25E96E48
:106AD000000E6B21EA6EEFCF73FA040E6A25E96EA1
:106AE000000E6B21EA6EEFCF74FA00018FEC21F0FB
:106AF00009010D07DFD10A0138AE08D06BCA6DFA63
:106B00006ACA6CFA000199EF21F00A01030E6A25A6
:106B1000E96E000E6B21EA6EEFCF1BF9020E6A25BB
:106B2000E96E000E6B21EA6EEFCF1CF9020E6A25AA
:106B3000E96E000E6B21EA6E3550EF5C0AE0020E42
:106B40006A25E96E000E6B21EA6EEF50FE08D8A4AC
:106B5000AFD1040E6A25E96E000E6B21EA6EEF508C
:106B6000810A000114E0030A27E0920A28E0010AE2
:106B70002DE02C0A41E01F0A42E00C0AD8B476D07E
:106B80001F0AD8B4B8D0230AD8B4DAD07CD1050E05
:106B90000A016A25E96E000E6B21EA6EEFCF6EFAEC
:106BA000030E6A25E96E000E6B21EA6EEFCF6FFAD5
:106BB00000013EEF24F07BD16EEF24F078D16BCA58
:106BC0006DFA6ACA6CFA89EF24F071D13750AA08BD
:106BD00002E037520FE1030E0A016A25E96E000E4A
:106BE0006B21EA6EEFCF6EFA110E6F6F000113EC9E
:106BF00025F001D0FF005BD11DEF25F058D1030E29
:106C00000A016A25E96E000E6B21EA6EEFCF6CFA7D
:106C1000050E6A25E96E000E6B21EA6E196AF2BE56
:106C2000198EF29E8F6BEFCF8EFA010E916F906BE3
:106C300000010AEC0EF019BEF28E02C06EFA01C01D
:106C40006DFA060E0A016A25E96E000E6B21EA6EE6
:106C5000EF506D27000E6E236CCA6FFA6ECA71FA80
:106C60006DCA70FA000139EF25F021D13750AA081A
:106C700002E037520FE1030E0A016A25E96E000EA9
:106C80006B21EA6EEFCF6EFA2E0E6F6F000113ECE0
:106C900025F030D0050E0A016A25E96E000E6B2141
:106CA000EA6E196AF2BE198EF29E8F6BEFCF8EFAE2
:106CB000010E916F906B00010AEC0EF019BEF28E7E
:106CC00002C06DFA01C06CFA060E0A016A25E96E6F
:106CD000000E6B21EA6EEF506C27000E6D236DCA1B
:106CE0006FFA6CCA6EFA6BCA71FA6ACA70FA00015E
:106CF000A8EF2BF0DCD0395066080EE0030E0A0135
:106D00006A25E96E000E6B21EA6EEFCF6DFA310E47
:106D10006E6F0001CBD513D0030E0A016A25E96E10
:106D2000000E6B21EA6EEFCFE9F9050E6A25E96ED8
:106D3000000E6B21EA6EEFCF6DFA0001D8D5B7D007
:106D40003750AA0802E037520FE1030E0A016A2504
:106D5000E96E000E6B21EA6EEFCF6EFA120E6F6FC6
:106D6000000113EC25F08ED083DE012C0FD0030E32
:106D70000A016A25E96E000E6B21EA6EEFCF73FA05
:106D8000120E746F00018FEC21F07CD0306A2F6AF4
:106D90002E6A2D6A0A01736B1A0E726F00017EEC67
:106DA0002BF0362C16D0010E0A01726F736F0001A2
:106DB00064EC15F0010E0A01726F736F00017BEC39
:106DC00016F0010E0A01726F736F000141EC17F0AB
:106DD0004DD03650020819E1010E0A01726F020E01
:106DE000736F000164EC15F0010E0A01726F020E60
:106DF000736F00017BEC16F0010E0A01726F020E38
:106E0000736F000141EC17F031D02C50410816E1AE
:106E1000010E0A01726F736F000164EC15F0010E30
:106E20000A01726F736F00017BEC16F0010E0A010C
:106E3000726F736F000141EC17F018D0010E0A0158
:106E4000726F020E736F000164EC15F0010E0A01FF
:106E5000726F020E736F00017BEC16F0010E0A01D7
:106E6000726F020E736F000141EC17F009011A6B8B
:106E7000520E1D6F090E0A01796F190E786F00010D
:106E8000C6EC1FF014D0030E0A016A25E96E000E4D
:106E90006B21EA6EEFCF6EFA040E6A25E96E000EE2
:106EA0006B21EA6EEFCF6FFA000113EC25F00A01B7
:106EB00009010D070001BAEF54F0355201E173D119
:106EC000010E0701A86F0501FF5303E00701A86B3E
:106ED00005010701A82D11D003018AB102D00701D5
:106EE0000CD004015AB102D0070107D005012AB124
:106EF00002D0070102D00701A86BA82D54D1196A4E
:106F0000F2BE198EF29E0A018F6BFAC58EFA916B52
:106F1000D00E906F00010AEC0EF019BEF28E02C086
:106F20006BFA01C06AFA8A0E0A010124016E030E8F
:106F30000220036E01C0E9FFEA6EEFB003D0FAC58C
:106F4000FBF548D0010E0501FA250A016B6F7C6F35
:106F5000030E7D6F0001D0EC1DF0196AF2BE198E90
:106F6000F29E0A018F6B00C08EFA916BD00E906F6B
:106F700000010AEC0EF019BEF28E02C06BFA01C0DD
:106F80006AFA8A0E0A010124016E030E0220036EC2
:106F900001C0E9FFEA6EEFB00FD0010E0501FA253E
:106FA0000A016B6F7C6F030E7D6F0001D0EC1DF04A
:106FB00000C0FBF50ED00A01020E0501FA250A01F8
:106FC0006B6F7C6F030E7D6F0001D0EC1DF000C075
:106FD000FBF50A01010E0501FF6F196AF2BE198E59
:106FE000F29E0A018F6BFBC58EFA916BD00E906FEB
:106FF00000010AEC0EF019BEF28E01C06AFA010E11
:107000000A010124016E000E0220036E01508A0F56
:10701000E96E030E0320EA6EB7C2EFFF196AF2BEF3
:10702000198EF29E8F6BFBC58EFA916BD00E906F0E
:1070300000010AEC0EF019BEF28E01C06AFA020ECF
:107040000A010124016E000E0220036E01508A0F16
:10705000E96E030E0320EA6EB8C2EFFF196AF2BEB2
:10706000198EF29E8F6BFBC58EFA916BD00E906FCE
:1070700000010AEC0EF019BEF28E01C06AFA030E8E
:107080000A010124016E000E0220036E01508A0FD6
:10709000E96E030E0320EA6EB9C2EFFF196AF2BE71
:1070A000198EF29E8F6BFBC58EFA916BD00E906F8E
:1070B00000010AEC0EF019BEF28E01C06AFA040E4D
:1070C0000A010124016E000E0220036E01508A0F96
:1070D000E96E030E0320EA6EBAC2EFFF0701A86B48
:1070E0000201B7510701A85D3CE2196AF2BE198E90
:1070F000F29E0A018F6BFBC58EFA916BD00E906FDA
:1071000000010AEC0EF019BEF28E02C06BFA01C04B
:107110006AFA050E0A016A27000E6B230701A851BF
:107120000A016A25016E000E6B21036E01508A0F61
:10713000016E030E032203C06BFA036A0701A85114
:10714000BB0FE96E020E0320EA6EEFCF6CFA0A0164
:107150006BCAEAFF01C0E9FF6CCAEFFF0701A82B69
:10716000BFD7196AF2BE198EF29E0A018F6BFBC55A
:107170008EFA916BD00E906F00010AEC0EF019BEE2
:10718000F28E8A0E0A010124E96E030E0220EA6ED5
:10719000EF800501FE5305E1010EFE6F0E01C5896A
:1071A0000501FF6B07010001DEEF38F009010EBF9A
:1071B00007D00E51000804E200017FD609010E6BD2
:1071C0000001BCEF54F0000E0901FCB5010E016E88
:1071D0000001DFEF46F0F6C900F0F7C901F0F8C989
:1071E00002F0F9C903F012000901FCAB20D0000144
:1071F000F2DF03C06DFA02C06CFA01C06BFA00C086
:107200006AFA0A016D530AE16C5308E16B510008F8
:107210000DE2FF0A03E16A512B0808E20901FC9B19
:107220000A01366B3650020801E1848A0901000127
:107230001200830E0F01316F0A016451020804E14C
:107240000001B3EC23F00A016551050810E1010EBD
:10725000706F716B000103EC23F001500508D8A496
:1072600002D00A0104D0020E0A01656F859A810ED0
:107270000F01316F030E0A01706F0001D7EC1CF093
:107280000A016451050806E16551050803E1050E90
:10729000016E02D0020E016E000112000901EF6BB7
:1072A000EE6BF96BF86BF76BF66B000112000901DE
:1072B000FCBB16D00A016A5301E0362B3651140884
:1072C0000DE236070901FC8B0001E8DF36500208A9
:1072D00001E1849A020E016E0BD00A0106D0090169
:1072E000020E016E000104D00A01050E016E0001BC
:1072F00012008E0E006E6CCA01F06BCA02F0036AB7
:10730000015209E102C001F0026A080E005E01525A
:1073100002E1006A08D0D89001BE04D002360136DE
:107320000006F9D7019E12000A016B51D8B471D042
:10733000006E6F51D8B46DD0002604E3810E002694
:1073400068E204D07F0E005E64E363E06CCA73FA07
:107350007051731B6C8F708F6E517203F4CF75FA7E
:107360006D517103F4CF03F0F3CF74FA7203F3504D
:107370007527F4507423000E03226E517103F350ED
:107380007527F4507423000E026A032202226C5106
:107390007203F3507427F4500322000E02226C5142
:1073A0007103F3500326F4500222000E016A0122F9
:1073B0006E517003F3507427F4500322000E022222
:1073C00001226D517003F3500326F4500222000E87
:1073D00001226C517003F3500226F4500122002A5E
:1073E00001BE05D074370336023601360006000EA2
:1073F00074AF0AD0032A02220122015005E1025093
:1074000003E1035001E1002A73BF018E73AF019EB7
:1074100004D0006A016A026A036A000112008E0E3B
:10742000006E0A016B51005E6CCA02F06DCA01F079
:10743000028E005209E0D890025202E1015204E0AB
:1074400002320132002EF7D76CAF05D0011E021EAA
:10745000012AD8B4022A00011200000E0901FCB36F
:10746000010E016E000136EF3AF0F7D7012C2AD059
:10747000030E0F01586F1B0E5F6F350E006E002E4E
:10748000FED76080000060B0FED70A012F51635C18
:107490002B6F305164582C6F3650020812E11C0ECD
:1074A0000F015F6F350E006E002EFED7608000006A
:1074B00060B0FED70A013151635C2D6F32516458C0
:1074C0002E6F000112000A016A2D36D0F40E506FA3
:1074D000B4C752FAB3C751FAB8C754FAB7C753FA88
:1074E000FEC86CFAFDC86BFA000103DFCD0E0A017D
:1074F0006E6FCC0E6D6F4C0E6C6F7B0E6B6F03C09E
:1075000072FA02C071FA01C070FA00C06FFA00018D
:107510000BDF03C06EFA02C06DFA01C06CFA00C046
:107520006BFA7DDF02C056FA01C055FA389A389CD2
:10753000020E016E66D00A01000197DF0A01505366
:1075400011E00701B3510A01515D6B6F0701B4519E
:107550000A0152596C6FE8BE07D06C5303E16B51BE
:10756000040802E2506B17D03650020813E10701FD
:10757000B7510A01535D6B6F0701B8510A015459A5
:107580006C6FE8BE07D06C5303E16B51040802E254
:10759000506B01D05007505328E1506B00012BEC89
:1075A00025F002C06CFA01C06BFA0A015651025C68
:1075B0000CE303E155516B5D08E3388A362C05D0A6
:1075C000050E016E00011DD00A01000132EC25F00C
:1075D00002C06CFA01C06BFA0A015651025C05E365
:1075E00003E155516B5D01E3388C38AA07D038AC04
:1075F00005D0050E016E000104D00A01020E016ED5
:10760000000112000A011951020802E1010E01D025
:10761000000E016E00011200000E0901FCB1010E06
:10762000016E00016FEF3BF00901FAC901F0FBC9DF
:1076300002F000011200000E0F01586F040E5F6F80
:10764000350E006E002EFED76080000060B0FED7C1
:1076500064CF35FA0A0163CF34FA3150040805E0EB
:107660003150090802E0312C0CD03551010808E2F4
:10767000FF0A03E13451000803E2050E016E09D050
:1076800006D03551010803E3050E016E02D0020E4B
:10769000016E000183EF3BF08FA005D08FA203D0D5
:1076A000050E016E02D0020E016E1200ABDF015218
:1076B00015E1200E0A013E6F386B396B3B6B3A6B5C
:1076C0003D6B3C6BB4C740FAB3C73FFAB8C742FA48
:1076D000B7C741FA050E016EA8D100019DD7012C54
:1076E00025D0A2DF02C06BFA01C06AFA0A0102507B
:1076F000000812E2FF0A03E16A51F4080DE23EAB12
:107700000BD0000198D70150050804E10A013E6B37
:1077100003D000010A013E2B3E51030B020805E293
:107720000E0E326E020E016E80D100010701B4BF51
:1077300008D0B451020805E2FF0A0CE1B351E80891
:1077400009E3B4AF0BD0B451FC0808E303E1B35133
:10775000170804E30A01382B47D00701315003080A
:1077600003E031500A081DE10A0140AF04D00701CF
:10777000B4AF0FD003D00701B4BF0FD00A014051FE
:107780000701B45D0AE305E10A013F510701B35D5A
:1077900004E30A01386B03D007010A01382B24D017
:1077A00007013150040805E03150090802E0312C8E
:1077B00019D0B4AF04D00A0140AF0FD003D00A01F2
:1077C00040BF0DD00701B4510A01405D08E305E157
:1077D0000701B3510A013F5D02E3386B01D0382B3A
:1077E00003D007010A01382B3851050807E2386B2E
:1077F000396B080E326E020E016E17D13350050838
:107800004BE03650020823E1312C21D0000144DF47
:10781000015219E0C1EC1EF0015215E00A013F517E
:107820000701B35D0BE10A0140510701B45D06E1B8
:107830000A013A2BD8B43B2B04D007010A013B6B59
:107840003A6B04D000010A013B6B3A6B12D03F51F6
:107850000701B35D0BE10A0140510701B45D06E188
:107860000A013A2BD8B43B2B04D007010A013B6B29
:107870003A6B362C11D03B5101080EE2FF0A03E1AE
:107880003A51580809E23B6B3A6B3D6B3C6B0A0E70
:10789000326E020E016EC9D0B4C740FAB3C73FFAC8
:1078A0003650020803E0050E016EBFD00701B8BFD5
:1078B00008D0B851020805E2FF0A0CE1B751E80808
:1078C00009E3B8AF0BD0B851FC0808E303E1B751A6
:1078D000170804E30A01392B47D007013150030888
:1078E00003E031500A081DE10A0142AF04D007014C
:1078F000B8AF0FD003D00701B8BF0FD00A01425173
:107900000701B85D0AE305E10A0141510701B75DCE
:1079100004E30A01396B03D007010A01392B24D093
:1079200007013150040805E03150090802E0312C0C
:1079300019D0B8AF04D00A0142AF0FD003D00A016A
:1079400042BF0DD00701B8510A01425D08E305E1CD
:107950000701B7510A01415D02E3396B01D0392BB0
:1079600003D007010A01392B3951050807E2386BAA
:10797000396B080E326E020E016E57D03350050877
:107980004EE0312C21D0000187DE015219E0C1EC1C
:107990001EF0015215E00A0141510701B75D0BE1EC
:1079A0000A0142510701B85D06E10A013C2BD8B437
:1079B0003D2B04D007010A013D6B3C6B04D0000154
:1079C0000A013D6B3C6B12D041510701B75D0BE1E1
:1079D0000A0142510701B85D06E10A013C2BD8B407
:1079E0003D2B04D007010A013D6B3C6B3D51010862
:1079F00016E2FF0A03E13C51580811E23B5101082D
:107A00000EE2FF0A03E13A51580809E23B6B3A6B78
:107A10003D6B3C6B0A0E326E020E016E06D0B8C78B
:107A200042FAB7C741FA050E016E000112008FA499
:107A300005D08FA803D0050E016E02D0020E016E94
:107A40001200FEEC1EF00150050813E1362C03D0A5
:107A5000050E016E1FD0365002080AE1E8DF015022
:107A6000050806E1312C01D003D0050E016E12D0BD
:107A70000FD0365002080CE1C1EC1EF00150050891
:107A800007E10ADE0150050803E1050E016E02D090
:107A9000020E016E1200FFC901F00A0100CA02F0D5
:107AA000000112000A0101CA01F002CA02F000013D
:107AB0001200A8DD015203E1020E016EDFD0315049
:107AC000030A09E0070A36E00D0AD8B462D0030AB7
:107AD000D8B48CD0BBD0DFDF02C003F0015002AEBF
:107AE00004D00701B4AF0BD003D00701B4BF08D056
:107AF0000350B45D05E303E10150B35D01E3388A4F
:107B00003650020816E10001CDDF02C003F001503B
:107B100002AE04D00701B8AF0BD003D00701B8BF45
:107B200008D00350B85D05E303E10150B75D01E300
:107B3000388C8FD03650020817E10701B4AF08D057
:107B4000B451FF0805E303E1B351EC0801E3388ABF
:107B5000B8AF08D0B851FF0805E303E1B751EC080E
:107B600001E3388C15D0000196DF02C003F001500C
:107B70000701B4AF03D003AE0AD002D003BE08D0D1
:107B8000B451035C05E303E1B351015C01E3388ABE
:107B900060D081DF02C003F001500701B4AF03D011
:107BA00003AE0AD002D003BE08D0B451035C05E393
:107BB00003E1B351015C01E3388A3650020815E154
:107BC000000170DF02C003F001500701B8AF03D01D
:107BD00003AE0AD002D003BE08D0B851035C05E35F
:107BE00003E1B751015C01E3388C33D054DF02C0AC
:107BF00003F0015002AE04D00701B4AF0BD003D0A4
:107C00000701B4BF08D00350B45D05E303E10150A0
:107C1000B35D01E3388A3650020816E1000142DF05
:107C200002C003F0015002AE04D00701B8AF0BD080
:107C300003D00701B8BF08D00350B85D05E303E1E6
:107C40000150B75D01E3388C04D00001388A388CCC
:107C50000701362C07D038AA05D0050E016E0001A9
:107C60000DD0070138AA07D038AC05D0050E016E3B
:107C7000000104D00701020E016E0001120035EC74
:107C80003AF0C0DC01520FE1B4C749FAB3C748FA71
:107C9000B8C74BFAB7C74AFA0A01466B476B050EDD
:107CA000016EA7D2000131500408D8A48DD007017D
:107CB000B3510A01485D4C6F0701B4510A0149599B
:107CC0004D6F0801D151D35D006ED251D459036E6E
:107CD00000C001F00A014DAF03D003AE0AD002D0BC
:107CE00003BE0AD04D51035C07E303E101504C5D34
:107CF00003E2090E456F4AD00801D2AF04D0070154
:107D0000B4AF12D003D00701B4BF13D00801D251D1
:107D10000701B45D0EE308E1B3510801D15DD8A0BD
:107D200002D0070106D00701090E0A01456F2ED0C7
:107D300007010A01456B4551080828E3D8904535ED
:107D4000036AC10FE96E080E0320EA6EECCF03F060
:107D5000ED52EFCF01F003AE04D00701B4AF13D062
:107D600005D00701B4AF02D00A0110D00350B45DB2
:107D7000D8B002D00A010AD006E1B351015CD8A004
:107D800002D00A0103D00A01452BD5D7D89045353A
:107D9000036AD50FE96E080E0320EA6EECCF4FFAA6
:107DA000ED52EFCF4EFAD8904535036AE90FE96EF0
:107DB000080E0320EA6EECCF03F0ED52EF504E2791
:107DC00003504F238CD000010A0148510701B35DD5
:107DD0000A014C6F49510701B4590A014D6F4DAF6B
:107DE00004D0080186AF12D003D0080186BF12D09C
:107DF0000A014D510801865D0DE308E185510A0134
:107E00004C5DD8A002D0080105D008010A01456BDD
:107E10004AD0080196AF04D00701B4AF12D003D006
:107E20000701B4BF13D0080196510701B45D0EE3FA
:107E300008E1B3510801955DD8A002D0070106D032
:107E40000701090E0A01456F2ED007010A01456B93
:107E50004551080828E3D8904535036A850FE96E37
:107E6000080E0320EA6EECCF03F0ED52EFCF01F0E5
:107E700003AE04D00701B4AF13D005D00701B4AFEF
:107E800002D00A0110D00350B45DD8B002D00A016C
:107E90000AD006E1B351015CD8A002D00A0103D098
:107EA0000A01452BD5D7D8904535036A990FE96E5D
:107EB000080E0320EA6EECCF4FFAED52EFCF4EFAE8
:107EC000D8904535036AAD0FE96E080E0320EA6EBF
:107ED000ECCF03F0ED52EF504E2703504F234FCA23
:107EE0006CFA4ECA6BFA000179EC39F0E60E0A0121
:107EF0006E6F3F0E6D6F1C0E6C6F7F0E6B6F03C04D
:107F000072FA02C071FA01C070FA00C06FFA000183
:107F100094EC39F003C06EFA02C06DFA01C06CFA3D
:107F200000C06BFA0FEC3AF002C04FFA01C04EFAF3
:107F30002BEC25F002C003F001500A014F51025C06
:107F400006E303E14E51015C02E3462B01D0466B90
:107F5000362C0CD04651050806E2466B476B020EE4
:107F6000016E47D103D0050E016E43D1465114086E
:107F700005E2466B476B020E016E3BD1365002089C
:107F800003E0020E016E35D131500408D8A48CD024
:107F90000701B7510A014A5D4C6F0701B8510A0148
:107FA0004B594D6F0801D151D35D006ED251D45958
:107FB000036E00C001F00A014DAF03D003AE0AD03A
:107FC00002D003BE0AD04D51035C07E303E1015028
:107FD0004C5D03E2090E456F4AD00801D2AF04D0D0
:107FE0000701B8AF12D003D00701B8BF13D0080102
:107FF000D2510701B85D0EE308E1B7510801D15D28
:10800000D8A002D0070106D00701090E0A01456F6A
:108010002ED007010A01456B4551080828E3D89086
:108020004535036AC10FE96E080E0320EA6EECCFF6
:1080300003F0ED52EFCF01F003AE04D00701B8AF6B
:1080400013D005D00701B8AF02D00A0110D00350F9
:10805000B85DD8B002D00A010AD006E1B751015C80
:10806000D8A002D00A0103D00A01452BD5D7D89059
:108070004535036AD50FE96E080E0320EA6EECCF92
:108080004FFAED52EFCF4EFAD8904535036AE90F1B
:10809000E96E080E0320EA6EECCF03F0ED52EF50CC
:1080A0004E2703504F238AD04A510701B75D0A017A
:1080B0004C6F4B510701B8590A014D6F4DAF04D0B9
:1080C000080186AF12D003D0080186BF12D00A0182
:1080D0004D510801865D0DE308E185510A014C5DB3
:1080E000D8A002D0080105D008010A01456B4AD08A
:1080F000080196AF04D00701B8AF12D003D0070132
:10810000B8BF13D0080196510701B85D0EE308E12E
:10811000B7510801955DD8A002D0070106D007012C
:10812000090E0A01456F2ED007010A01456B455122
:10813000080828E3D8904535036A850FE96E080ED4
:108140000320EA6EECCF03F0ED52EFCF01F003AE67
:1081500004D00701B8AF13D005D00701B8AF02D0E3
:108160000A0110D00350B85DD8B002D00A010AD07D
:1081700006E1B751015CD8A002D00A0103D00A0180
:10818000452BD5D7D8904535036A990FE96E080E6F
:108190000320EA6EECCF4FFAED52EFCF4EFAD890B3
:1081A0004535036AAD0FE96E080E0320EA6EECCF89
:1081B00003F0ED52EF504E2703504F23000132ECF5
:1081C00025F002C003F001500A014F51025C06E3A2
:1081D00003E101504E5D02E2472B01D0476B47514E
:1081E000140805E2466B476B020E016E02D0050EC5
:1081F000016E0001120031500308D8A47DD006C9D9
:1082000044FA05C943FA0A0144AF04D00701B4AFE8
:1082100011D003D00701B4BF6CD00A01445107014B
:10822000B45DD8A066D006E10A0143510701B35DF1
:10823000D8A05FD0362C03D0050E016EAAD03650E0
:1082400002081BE1B8AF06D00A0144BF02D0070103
:1082500014D003D00A0144BF14D00701B8510A0159
:10826000445D0FE3D8B402D0070107D043510701A2
:10827000B75DD8A002D00A0104D0020E016E89D0E9
:108280000A010A0E0701CF5D006E000ED05900C032
:1082900043FA0A01446F0701B4AF04D00A0144AFA6
:1082A0000FD003D00A0144BF25D00701B4510A0101
:1082B000445D20E305E10701B3510A01435D1AE380
:1082C0000701B8AF04D00A0144AF0FD003D00A01B0
:1082D00044BF10D00701B8510A01445D0BE305E12A
:1082E0000701B7510A01435D05E3050E016E070161
:1082F00050D00A014AD000013150040847E1090179
:1083000005510701CF5D006E090106510701D059E3
:1083100000C043FA0A01446F0701B4AF04D00A0158
:1083200044AF0FD003D00A0144BF2FD00701B4518E
:108330000A01445D2AE305E10701B3510A01435DE7
:1083400024E3362C05D0050E016E070122D00A0168
:10835000365002081AE10701B8AF04D00A0144AF51
:108360000FD003D00A0144BF10D00701B8510A0151
:10837000445D0BE305E10701B7510A01435D05E3E5
:10838000050E016E070105D00A010001020E016E03
:1083900007010001120031500B0A20E00B0A24E013
:1083A000020A3DE0070AD8B48AD0030AD8B490D0B4
:1083B000070AD8B4AAD0020AD8B4E7D0070AD8B4BA
:1083C0003BD10E0AD8B4A8D1030AD8B4BCD10E0A46
:1083D000D8B4D0D10F0AD8B4DED119D2040E326E7F
:1083E0000B0E0A01636F14D2342C09D08BEC1DF0F4
:1083F000326A020E316E346A8C9287820DD034500C
:1084000002080AE1326A810E0F01316F010E316EEE
:10841000346A8C92878200010A01636BF9D10901E9
:10842000FCAD09D00A01736B1A0E726F00017EEC6D
:108430002BF00901FC9D0001F4EC38F039521CE1ED
:108440000A016E6B000162EC34F019EC39F0015056
:1084500005080EE10A016A6B000157EC39F0015082
:10846000050803E1030E316E02D00F0E326E04D008
:108470000E0E326E070E316E392C1DD0010E0A0120
:108480006E6F000162EC34F019EC39F00150050810
:108490000EE10A016A6B000157EC39F00150050842
:1084A00003E1040E316E02D00F0E326E04D00E0EB8
:1084B000326E070E316E020E0A01636FA9D1020EF1
:1084C000316E050E0A01636F0901FC8D0A01A0D10E
:1084D000342C0BD0070E326E8BEC1DF0020E316E79
:1084E000346A0901FC8D0DD000013450020808E106
:1084F000326A810E0F01316F010E316E346A000154
:108500000901060E0A01636F83D10A01632D01D0B0
:1085100006D0010E6A6F000163EC3AF00A01342CB8
:1085200009D0326A00018BEC1DF0020E316E346A04
:1085300028D00A013450020805E1316A090E326E72
:10854000346A20D03250040801E11CD0000156ECFE
:108550003BF00150050802E0316A13D021EC3DF0F8
:108560000150050801E00DD00A016A6B000163ECBF
:108570003AF00150020803E0040E326E02D0090105
:10858000FC9F0A01010E636F43D1326A56EC3BF047
:108590000150050803E0070E316E4AD021EC3DF092
:1085A0000150050805E00B0E326E080E316E40D00A
:1085B00059EC3DF00150050805E1060E326E050E3E
:1085C000316E36D0395002080AE10C0E326E020EBE
:1085D000316E0A016E6F000162EC34F029D03FEC7D
:1085E0003EF0015005080CE0090E326E04DE015029
:1085F000050803E1090E316E02D0020E316E18D06B
:108600000A016351030811E0010E6A6F000157EC83
:1086100039F001500508D8A402D00A0106D00F0E87
:10862000326E020E316E04D00A010901FC9F000176
:10863000030E0A01636FECD0326A56EC3BF0015036
:1086400005081CE032500A0814E10701B4BF0BD042
:10865000B453D8B402D000010CD0B3510508D8B03F
:1086600002D0000106D0040E326E060E316E04D028
:108670000001070E316E07014BD0000121EC3DF0E7
:108680000150050805E00B0E326E080E316E3FD02A
:1086900059EC3DF00150050805E1040E326E060E5E
:1086A000316E35D0395002080AE10C0E326E020EDE
:1086B000316E0A016E6F000162EC34F028D03FEC9D
:1086C0003EF0015005080CE0090E326E94DD0150B9
:1086D000050803E10A0E316E02D0020E316E17D08A
:1086E0000A016351040811E0010E6A6F000157ECA2
:1086F00039F001500508D8A402D00A0106D00F0EA7
:10870000326E020E316E03D00A010901FC9F07018F
:10871000040E0A01636F7CD056EC3BF00150050853
:1087200003E0070E316E0BD059EC3DF0015002080A
:1087300003E0020E316E03D00901FC9F00010A0E16
:108740000A01636F65D056EC3BF00150050803E069
:10875000070E316E0BD059EC3DF00150020803E0DA
:10876000020E316E03D00901FC9F0001090E0A01BF
:10877000636F4ED00A016351070801E0389038A0BA
:1087800007D0326A020E316E000141EC23F00A017B
:10879000070E636F3DD00A016351080806E063CA03
:1087A00068FA00014EEC39F00A010001EBEC38F0F8
:1087B00003C06DFA02C06CFA01C06BFA00C06AFA1D
:1087C00009010B510A01035C17E311E109010A5188
:1087D0000A016C5D11E30BE1090109510A016B5DAE
:1087E0000BE305E1090108510A016A5D05E3020E88
:1087F000316E0B0E326E07D03AA005D00901FC9FF6
:1088000068CA31F00A01080E636F02D000010A0144
:108810000001FEEF46F03650020804E138BA02D0FB
:1088200038AC03D0020E016E50D00701B8AF03D0B0
:10883000B4AF0AD002D0B4BF27D0B851B45D24E39E
:1088400003E1B351B75D20E2B751B35D0A01736F25
:108850000701B851B4590A01746FE8BE13D0090179
:1088600002510A01745D0EE308E173510901015DD3
:10887000D8A002D00A0106D00A01050E016E00013F
:1088800024D00A011FD00701B351B75D0A01736FED
:108890000701B451B8590A01746FE8BE13D0090139
:1088A00002510A01745D0EE308E173510901015D93
:1088B000D8A002D00A0106D00A01050E016E0001FF
:1088C00004D00A01020E016E0001120031500B0AA1
:1088D0001FE00B0A23E0020A40E0010A5BE0070AFE
:1088E000D8B4A5D0010AD8B410D1030AD8B415D190
:1088F000010AD8B41AD10F0AD8B43FD1010AD8B4AA
:1089000098D1030AD8B4CED10B0AD8B404D24ED22F
:10891000040E326E0B0E0A01636F49D2342C0BD059
:108920008BEC1DF0326A020E316E346A8C928782B3
:108930008C9087800FD0345002080CE1326A810E8F
:108940000F01316F010E316E346A8C9287828C90E8
:10895000878000010A01636B2AD20901FCAD09D0AE
:108960000A01736B1A0E726F00017EEC2BF0090185
:10897000FC9D395004080AE1040E0A016E6F0001E3
:1089800062EC34F0848A080E316E0901020E0A018D
:10899000636F0DD2326A56EC3BF00150050803E0DC
:1089A000070E316E40D021EC3DF00150050805E086
:1089B0000B0E326E080E316E36D059EC3DF0015080
:1089C000050805E1060E326E050E316E2CD03950C9
:1089D00002080BE10C0E326E080E316E020E0A0117
:1089E0006E6F000162EC34F01ED03FEC3EF001509F
:1089F00005080DE0090E326EFBEC40F00150050851
:108A000003E1090E316E02D0080E316E0CD003DF87
:108A10000150020805E00D0E326E070E316E03D0D4
:108A20000901FC9F0001030E0A01636FC0D1326A85
:108A300056EC3BF00150050822E032500A081AE1DA
:108A40000701B4BF05D0B4530AE1B351050807E3E9
:108A5000B8BF08D0B85303E1B751050803E2070EC9
:108A6000316E06D0060E316E00018BEC1DF0070151
:108A700004D00001070E316E070143D0000121EC44
:108A80003DF00150050805E00B0E326E080E316E08
:108A900037D059EC3DF00150050807E1070E326E62
:108AA000060E316E8BEC1DF02BD0395002080BE115
:108AB0000C0E326E080E316E020E0A016E6F00014E
:108AC00062EC34F01DD03FEC3EF0015005080DE0A3
:108AD000090E326EFBEC40F00150050803E10A0E6E
:108AE000316E02D0080E316E0BD095DE01500208B7
:108AF00005E00D0E326E070E316E02D00901FC9FAB
:108B00000701040E0A01636F52D1060E326E080E81
:108B1000316E050E0A01636F4AD1070E326E080EE0
:108B2000316E060E0A01636F42D10A0163510708D4
:108B300005E000014EEC39F0849A0A010001EBECEB
:108B400038F003C06DFA02C06CFA01C06BFA00C0C5
:108B50006AFA0A016D5307E16C5305E16B5303E1B7
:108B60006A51040807E2080E316E848A000141EC64
:108B700023F00A01070E636F1AD1F4EC38F0395074
:108B800005080DE1050E0A016E6F000162EC34F07C
:108B9000849A020E316E0901FC8D47D000013AA083
:108BA00021D017EC3DF0015005081CE119EC39F01B
:108BB0000150050812E1325006080EE0010E0A01CC
:108BC0006A6F000157EC39F00150050803E1030E0C
:108BD000316E02D00F0E326E04D0070E316E0E0EC3
:108BE000326E22D03DA020D04CEC3BF00150050865
:108BF0001BE119EC39F00150050812E13250070869
:108C00000EE0010E0A016A6F000157EC39F00150C5
:108C1000050803E1040E316E02D00F0E326E04D04F
:108C2000070E316E0E0E326E0901080E0A01636FD7
:108C3000BED00A0167A11AD00001EBEC38F003C0E6
:108C40006DFA02C06CFA01C06BFA00C06AFA0A0140
:108C50006D5307E16C5305E16B5303E16A5104085E
:108C600004E26791080E316E848A17D0000156EC39
:108C70003BF00150050803E0070E316E0FD059ECB0
:108C80003DF00150020807E04EEC39F0849A0A01E9
:108C9000678103D000010901FC9F0001090E0A0150
:108CA000636F85D00A0167A11AD00001EBEC38F0A0
:108CB00003C06DFA02C06CFA01C06BFA00C06AFA18
:108CC0000A016D5307E16C5305E16B5303E16A51EF
:108CD000040804E26791080E316E848A17D00001FF
:108CE00056EC3BF00150050803E0070E316E0FD043
:108CF00059EC3DF00150020807E04EEC39F0849A3F
:108D00000A01678103D000010901FC9F00010A0EDE
:108D10000A01636F4CD00A01632D01D006D0010E09
:108D20006A6F000163EC3AF00A013450020805E171
:108D3000090E326E316A346A35D0342C09D0000104
:108D40008BEC1DF0326A020E316E346A2AD00A01B1
:108D50003250040801E126D0000156EC3BF00150EE
:108D6000050802E0316A1DD021EC3DF001500508F4
:108D700003E00B0E326E15D00A016A6B000163EC42
:108D80003AF00150020803E0040E326E0AD043DDCF
:108D90000150020804E00D0E326E316A02D0090162
:108DA000FC9F0A01010E636F02D000010A0100015D
:108DB00003EF47F00901FC8F0001E3EF38F0012CCD
:108DC00019D00A0164510208D8A402D0000112D0BF
:108DD000706B000166EC23F0015002080BE160ECBF
:108DE00024F03150070806E031C063FA070E316EF7
:108DF0000E0E326E362C03D0CBEF41F007D036503A
:108E0000020802E163D502D00B0E316EBEEF54F0C2
:108E1000E9C973FA310E0A01746F00018FEC21F079
:108E2000660E396E0901E96B000115EF48F0395003
:108E3000AA084CE1362C21D0070EEA6EBD0EE96E71
:108E4000C80E016EF76A000E12EC0BF00A00090062
:108E5000F5CFEEFF012EFBD7080EEA6E850EE96E08
:108E6000780E016EF76A000EDAEC0CF00A000900C9
:108E7000F5CFEEFF012EFBD720D0070EEA6EBD0E18
:108E8000E96EC80E016EF76A000E7EEC0BF00A0068
:108E90000900F5CFEEFF012EFBD7080EEA6E850E16
:108EA000E96E780E016EF76A000E1EEC0DF00A00F6
:108EB0000900F5CFEEFF012EFBD7050E336EAA0E8B
:108EC0000A016E6F000162EC34F0AFD039505508E2
:108ED0004CE1362C21D0070EEA6EBD0EE96EC80EAD
:108EE000016EF76A000EEAEC0BF00A000900F5CFFC
:108EF000EEFF012EFBD7080EEA6E850EE96E780EA6
:108F0000016EF76A000E62EC0DF00A000900F5CF61
:108F1000EEFF012EFBD720D0070EEA6EBD0EE96EE4
:108F2000C80E016EF76A000E56EC0CF00A0009003C
:108F3000F5CFEEFF012EFBD7080EEA6E850EE96E27
:108F4000780E016EF76A000EA6EC0DF00A0009001B
:108F5000F5CFEEFF012EFBD7020E336E550E0A0140
:108F60006E6F000162EC34F060D0395202E0392CAF
:108F700013D00A016351020809E0E9C973FA310EFE
:108F8000746F00018FEC21F006D00A0139C06EFA2F
:108F9000000162EC34F049D03950020816E10A01B0
:108FA000635104080CE06351030809E0E9C973FA4E
:108FB000310E746F00018FEC21F006D00A0139C028
:108FC0006EFA000162EC34F030D03950040813E13D
:108FD0000A016351020809E0E9C973FA310E746F9E
:108FE00000018FEC21F006D00A0139C06EFA0001B1
:108FF00062EC34F01AD03950050813E10A016351CC
:10900000080809E0E9C973FA310E746F00018FECAA
:1090100021F006D00A0139C06EFA000162EC34F08A
:1090200004D03950660801E0F3D6660E396E0901A6
:10903000E96B0001C0EF54F00901FB6BFA6B000112
:1090400012000901FC97000142EF48F0020E0A01EC
:109050002A6F295302E06F2D19D090B408D0A16A6D
:10906000A06A3650020802E1A46AA36A09D0C80EB9
:10907000A16EA06A3650020803E1C80EA46EA36A6E
:109080000001DFD7010E0A01296F0DD0292D03D071
:10909000020E296F08D02951020805E16E513208ED
:1090A00002E2050E2A6F2ACA01F0000112003150B7
:1090B00003082EE1D0C700FACFC7FFF900CA02FAB1
:1090C000FFC901FAB4C704FAB3C703FAB8C708FA6C
:1090D000B7C707FA0901FF510A0103256C6F005158
:1090E00004216D6FD8906D31036E6C31056F03C034
:1090F00006FA015107256C6F025108216D6FD89057
:109100006D31036E6C31096F03C00AFA73D0000130
:10911000315004082FE10A01006B0901FF6B0A01BD
:10912000026B016BD8900701B431036EB3310A01B1
:10913000056F03C006FAD8900701B831036EB73146
:109140000A01096F03C00AFA0701B351CF5D0A0192
:10915000036F0701B451D0590A01046F0701B751D9
:10916000CF5D0A01076F0701B851D0590A01086F96
:1091700041D00001315009081EE1B4C704FAB3C759
:1091800003FA090105510A01035D0901FF6F065148
:109190000A010459006FB8C708FAB7C707FA0901EE
:1091A00005510A01075D016F090106510A010859BD
:1091B000026F20D0000131500A081CE1B4C704FA44
:1091C000B3C703FA090105510A0103250901FF6F1D
:1091D00006510A010421006FB8C708FAB7C707FA99
:1091E000090105510A010725016F090106510A010C
:1091F0000821026F0001D2EF52F03150040805E05F
:109200003150090802E0312C02D0868401D08694C6
:109210007CEF52F00A011B6B1A6B1C6B0701B4AF99
:1092200004D00A0100AF14D003D00A0100BFDDD082
:109230000701B4510A01005DD8A0D7D009E10901A6
:10924000FF510701B35DD8A002D00A01CED00A01B8
:1092500006AF04D00701B4AF12D003D00701B4BFEA
:1092600013D00A0106510701B45D0EE308E1B351C2
:109270000A01055DD8A002D0070106D00701B4C7D6
:109280001BFAB3C71AFA0CD00A0103510701B35DE8
:109290000A011A6F04510701B4590A011B6F070133
:1092A000CEAF04D00A011BAF12D003D00A011BBFFE
:1092B00011D00701CE510A011B5D0CE308E11A51E0
:1092C0000701CD5DD8A002D00A0104D00A01090E21
:1092D0001C6F1DD0D8901C35036ABD0FE96E070EB8
:1092E0000320EA6EECCF03F0ED52EFCF01F003AEB6
:1092F00003D01BAF0AD002D01BBF09D003501B5DA7
:1093000006E303E11A51015C02E21C2BE3D71C5176
:10931000040DF350036AD10FE96E070E0320EA6EC5
:10932000EFCF72FAECCF73FAECCF74FAECCF75FA98
:109330001ACA00F01BCA01F0026A036A01AE02D029
:109340000206030603C077FA02C076FA01C075FA76
:1093500000C074FAEACF79FAE9CF78FA03C07EFA4E
:1093600002C07DFA01C07CFA00C07BFA01C082FA1B
:1093700000C081FA73CA80FA72CA7FFA0001AFECAA
:1093800017F079CAEAFF78CAE9FF03C075FA02C08C
:1093900074FA01C073FA00C072FA0A011C51040D7C
:1093A000F350036AF90FE96E070E0320EA6EEFCF60
:1093B00000F0ECCF01F0ECCF02F0ECCF03F0005066
:1093C00072270150732302507423035075230F51E9
:1093D0007225006E10517321016E115174211251CA
:1093E000752101C0BAF700C0B9F736500208D8A4F9
:1093F000E6D00701B8AF04D00A0102AF13D003D002
:109400000A0102BFDCD00701B8510A01025DD8A0F1
:10941000D6D008E101510701B75DD8A002D00A01FA
:10942000CED00A010AAF04D00701B8AF12D003D0E2
:109430000701B8BF13D00A010A510701B85D0EE356
:1094400008E1B7510A01095DD8A002D0070106D092
:109450000701B8C71BFAB7C71AFA0CD00A0107519F
:109460000701B75D0A011A6F08510701B8590A01CF
:109470001B6F0701CEAF04D00A011BAF12D003D07F
:109480000A011BBF11D00701CE510A011B5D0CE37D
:1094900008E11A510701CD5DD8A002D00A0104D01D
:1094A0000A01090E1C6F1DD0D8901C35036ABD0F30
:1094B000E96E070E0320EA6EECCF03F0ED52EFCF1A
:1094C00001F003AE03D01BAF0AD002D01BBF09D0FE
:1094D00003501B5D06E303E11A51015C02E21C2B01
:1094E000E3D71C51040DF350036AD10FE96E070E48
:1094F0000320EA6EEFCF72FAECCF73FAECCF74FA76
:10950000ECCF75FA1ACA00F01BCA01F0026A036AAE
:1095100001AE02D00206030603C077FA02C076FA53
:1095200001C075FA00C074FAEACF79FAE9CF78FA87
:1095300003C07EFA02C07DFA01C07CFA00C07BFA4B
:1095400001C082FA00C081FA73CA80FA72CA7FFA37
:109550000001AFEC17F079CAEAFF78CAE9FF03C04F
:1095600075FA02C074FA01C073FA00C072FA0A01F7
:109570001C51040DF350036AF90FE96E070E032026
:10958000EA6EEFCF00F0ECCF01F0ECCF02F0ECCFC1
:1095900003F00050722701507323025074230350CC
:1095A000752313517225006E14517321016E1551EC
:1095B00074211651752101C0BCF700C0BBF7000132
:1095C000F6EF51F0050E0801FF25016E000E0901AE
:1095D0000021036E01500A017551035C27E303E18A
:1095E0007451015C23E3735303E17251010815E2E6
:1095F000020E0801FF25016E000E09010021036E15
:1096000001500A017551035C08E303E17451015CE8
:1096100004E3736B010E726F08D0735306E172514D
:10962000010803E3736B010E726F81D00A0E08010B
:10963000FF25016E000E09010021036E01500A0191
:109640007551035C27E303E17451015C23E3735319
:1096500003E17251020815E2070E0801FF25016EB1
:10966000000E09010021036E01500A017551035CCF
:1096700008E303E17451015C04E3736B020E726F43
:1096800008D0735306E17251020803E3736B020EB4
:10969000726F4DD00F0E0801FF25016E000E0901FB
:1096A0000021036E01500A017551035C27E303E1B9
:1096B0007451015C23E3735303E17251030815E213
:1096C0000C0E0801FF25016E000E09010021036E3A
:1096D00001500A017551035C08E303E17451015C18
:1096E00004E3736B030E726F08D0735306E172517B
:1096F000030803E3736B030E726F19D07751755D26
:109700000DE303E17451765D09E2735306E1725192
:109710000E0803E3722BD8B4732B09D0735303E103
:109720007251030804E27251D8B47307720772CA07
:1097300001F073CA02F0000112000BEC44F001507A
:10974000020814E00A010C6B0B6B0E6B0D6B126BB5
:10975000116B106B0F6B166B156B146B136B070192
:10976000BA6BB96BBC6BBB6B22D1000136500208DF
:1097700003E007011CD1000138AA04D00701BA6B2D
:10978000B96B000138AC04D00701BC6BBB6B0001A6
:1097900038BA02D038AC03D0070109D10001070163
:1097A000B4AF03D0B8AF0CD002D0B8BF83D0B4519F
:1097B000B85DD8A07FD004E1B351B75DD8A07AD00E
:1097C000B351B75D006EB451B85900C017FA0A0121
:1097D000186F090100BF10D00A0118510901005D7E
:1097E0000BE309E10A0117510801FF5DD8B002D06F
:1097F000090102D009015CD0315003082DE10CCAE7
:1098000073FA0BCA72FA18CA75FA17CA74FA27CA19
:1098100077FA26CA76FA0001D5DE02C00CFA01C03A
:109820000BFAD8900A010B35026E0C35036E02500C
:109830000001C2EC0CF00900F5CF03F00A010F6F34
:1098400003C010FA116B126B0E6B0D6B166B156B60
:10985000146B136B2CD009010ECA73FA0DCA72FA7D
:1098600018CA75FA17CA74FA27CA77FA26CA76FA96
:109870000001A8DE02C00EFA01C00DFAD8900A015C
:109880000D35026E0E35036E02500001C2EC0CF075
:109890000900F5CF03F00A01136F03C014FA156B2A
:1098A000166B0C6B0B6B126B116B106B0F6B090152
:1098B00079D00701B751B35D006EB851B45900C0FB
:1098C00017FA0A01186F090100BF10D00A011851D8
:1098D0000901005D0BE309E10A0117510801FF5D71
:1098E000D8B002D0090102D009015CD03150030880
:1098F0002DE10ECA73FA0DCA72FA18CA75FA17CAA0
:1099000074FA27CA77FA26CA76FA00015BDE02C02B
:109910000EFA01C00DFAD8900A010D35026E0E350F
:10992000036E02500001C2EC0CF00900F5CF03F009
:109930000A01136F03C014FA156B166B0C6B0B6BDB
:10994000126B116B106B0F6B2CD009010CCA73FAE0
:109950000BCA72FA18CA75FA17CA74FA27CA77FAC4
:1099600026CA76FA00012EDE02C00CFA01C00BFAFC
:10997000D8900A010B35026E0C35036E02500001BF
:10998000C2EC0CF00900F5CF03F00A010F6F03C021
:1099900010FA116B126B0E6B0D6B166B156B146B53
:1099A000136B090118CA27FA17CA26FA0701000122
:1099B00012000A01236B226B74CA21FA73CA20FABF
:1099C00023CA7EFA22CA7DFA21CA7CFA20CA7BFA0F
:1099D000826B816B030E806F200E7F6F0001AFECF6
:1099E00017F003C023FA02C022FA01C021FA00C016
:1099F00020FA0A0121CA20FA22CA21FA23CA22FA2D
:109A0000236B233322332133203323332233213377
:109A100020332333223321332033233322332133A2
:109A20002033233322332133203323332233213392
:109A300020332333223321332033010E23173150B7
:109A4000040802E0312C1FD0200ED8802055736FFF
:109A5000030E2155746F7451020809E2FF0A03E1F5
:109A60007351200804E2030E746F200E736F74515B
:109A7000010808E303E173518F0804E3010E746FDA
:109A8000900E736F13D03150030810E121CA74FA9D
:109A900020CA73FA7451000809E2FF0A03E1735106
:109AA000900804E2010E746F900E736F73CA01F098
:109AB00074CA02F0000112000A011E6B1D6B1F6BBD
:109AC00000AF04D00701B4AF13D003D00701B4BF77
:109AD000E0D00A0100510701B45DD8A0DAD008E156
:109AE000B3510901FF5DD8A002D00701D2D0070110
:109AF0000A0106AF04D00701B4AF12D003D00701AA
:109B0000B4BF1BD00A0106510701B45D16E308E19A
:109B1000B3510A01055DD8A002D007010ED007019C
:109B20000A0103510701B3250A011D6F0451070102
:109B3000B4210A011E6F06D00701B4C71EFAB3C7CD
:109B40001DFA0A01080132AF04D00A011EAF12D07B
:109B500003D00A011EBF11D0080132510A011E5D57
:109B60000CE308E11D510801315DD8A002D00A01C3
:109B700004D00A01090E1F6F1DD0D8901F35036A4B
:109B8000210FE96E080E0320EA6EECCF03F0ED52D0
:109B9000EFCF01F003AE03D01EAF0AD002D01EBF3C
:109BA00009D003501E5D06E303E11D51015C02E292
:109BB0001F2BE3D71F51040DF350036A350FE96ED5
:109BC000080E0320EA6EEFCF72FAECCF73FAECCFF7
:109BD00074FAECCF75FA1DCA00F01ECA01F0026AD1
:109BE000036A01AE02D00206030603C077FA02C080
:109BF00076FA01C075FA00C074FAEACF79FAE9CFB3
:109C000078FA03C07EFA02C07DFA01C07CFA00C077
:109C10007BFA01C082FA00C081FA73CA80FA72CA64
:109C20007FFA0001AFEC17F079CAEAFF78CAE9FFC2
:109C300003C075FA02C074FA01C073FA00C072FA68
:109C40000A011F51040DF350036A5D0FE96E080EFF
:109C50000320EA6EEFCF00F0ECCF01F0ECCF02F082
:109C6000ECCF03F00050722701507323025074238D
:109C7000035075230F517225006E10517321016E30
:109C8000115174211251752101C0BAF700C0B9F702
:109C9000070136500208D8A4EBD00A011F6B02AFAF
:109CA00004D00701B8AF13D003D00701B8BFE0D08C
:109CB0000A0102510701B85DD8A0DAD008E1B75116
:109CC0000A01015DD8A002D00701D2D007010A0124
:109CD0000AAF04D00701B8AF12D003D00701B8BF54
:109CE0001BD00A010A510701B85D16E308E1B7511C
:109CF0000A01095DD8A002D007010ED007010A01B0
:109D000007510701B7250A011D6F08510701B82146
:109D10000A011E6F06D00701B8C71EFAB7C71DFAA1
:109D20000A01080132AF04D00A011EAF12D003D0DD
:109D30000A011EBF11D0080132510A011E5D0CE359
:109D400008E11D510801315DD8A002D00A0104D0FC
:109D50000A01090E1F6F1DD0D8901F35036A210F0D
:109D6000E96E080E0320EA6EECCF03F0ED52EFCF60
:109D700001F003AE03D01EAF0AD002D01EBF09D03F
:109D800003501E5D06E303E11D51015C02E21F2B3F
:109D9000E3D71F51040DF350036A350FE96E080E27
:109DA0000320EA6EEFCF72FAECCF73FAECCF74FABD
:109DB000ECCF75FA1DCA00F01ECA01F0026A036AF0
:109DC00001AE02D00206030603C077FA02C076FA9B
:109DD00001C075FA00C074FAEACF79FAE9CF78FACF
:109DE00003C07EFA02C07DFA01C07CFA00C07BFA93
:109DF00001C082FA00C081FA73CA80FA72CA7FFA7F
:109E00000001AFEC17F079CAEAFF78CAE9FF03C096
:109E100075FA02C074FA01C073FA00C072FA0A013E
:109E20001F51040DF350036A5D0FE96E080E032005
:109E3000EA6EEFCF00F0ECCF01F0ECCF02F0ECCF08
:109E400003F0005072270150732302507423035013
:109E5000752313517225006E14517321016E155133
:109E600074211651752101C0BCF700C0BBF7070172
:109E7000000110EF52F0D8B204D00A0EEA6E7F0E45
:109E8000E96E006A016A026A036A0A017F6B806BED
:109E9000816B826B7E517D117C117B112CE0200E39
:109EA000836FD8907737783779377A377F3780372D
:109EB000813782377E51825D08E17D51815D05E108
:109EC0007C51805D02E17B517F5D0FE37B517F5FC1
:109ED0007C51D8A07C3D805F7D51D8A07D3D815FC5
:109EE0007E51D8A07E3D825FD88000360136023692
:109EF0000336832FD6D77FCAEFFF80CAECFF81CA13
:109F0000ECFF82CAECFF000112003650020842E06A
:109F10000A01766B756B746B03C973FA75CA76FAAE
:109F200074CA75FA73CA74FA736B743775377637F7
:109F300074377537763774377537763774377537C2
:109F400076377437753776377437753776377437B1
:109F500075377637800E7417D89276CA7AFA75CA32
:109F600079FA74CA78FA73CA77FA7E6B7D6B7C6B68
:109F7000640E7B6F00017FDF01C0BAF700C0B9F744
:109F8000BAC774FAB9C773FA14DD02C0BAF701C0D0
:109F9000B9F7F2D10BEC44F00150020807E00701D9
:109FA000BA6BB96BBC6BBB6B0001E6D10A01722DB9
:109FB00007D00C6B0B6B0E6B0D6B0001DDD10A0132
:109FC0000701B8AF03D0B4AF0CD002D0B4BFE3D018
:109FD000B851B45DD8A0DFD004E1B351B75DD8B0BB
:109FE000DAD0B751B35D006EB851B45900C017FA5A
:109FF0000A01186F18510901005D53E309E10A01D4
:10A0000017510801FF5DD8B002D009014AD00901FB
:10A010000A010E6B0D6B766B756B746B03C973FA6B
:10A0200075CA76FA74CA75FA73CA74FA736B7437A0
:10A0300075377637743775377637743775377637BF
:10A0400074377537763774377537763774377537B1
:10A050007637743775377637800E7417D89276CA8C
:10A060007AFA75CA79FA74CA78FA73CA77FA7E6B83
:10A070007D6B7C6B640E7B6F0001FDDE01C0BAF767
:10A0800000C0B9F7BAC774FAB9C773FA92DC02C054
:10A09000BAF701C0B9F7BAC7BCF7B9C7BBF776D0F2
:10A0A00009010A01766B756B746B03C973FA75CA83
:10A0B00076FA74CA75FA73CA74FA736B74377537A3
:10A0C0007637743775377637743775377637743730
:10A0D000753776377437753776377437753776371F
:10A0E000743775377637800E7417D89276CA7AFA35
:10A0F00075CA79FA74CA78FA73CA77FA7E6B7D6B7F
:10A100007C6B640E7B6F0001B6DE01C0BCF700C043
:10A11000BBF7196AF2BE198EF29E0A018F6B07C94E
:10A120008EFA0ECA91FA0DCA90FA00010AEC0EF0EE
:10A1300019BEF28E02C025FA01C024FA0701BC51F3
:10A140000A01255D0DE308E124510701BB5DD8A09C
:10A1500002D00A0105D00A01BCC725FABBC724FA00
:10A1600024510701BB5F0A0125510701BC5BBCC735
:10A1700074FABBC773FA00011CDC02C0BCF701C053
:10A18000BBF70A010D2BD8B40E2B00010A010C6B92
:10A190000B6BDBD00701B351B75D006EB451B859FA
:10A1A00000C017FA0A01186F18510901005D54E345
:10A1B00009E10A0117510801FF5DD8B002D0090179
:10A1C0004BD009010A010C6B0B6B766B756B746BD2
:10A1D00003C973FA75CA76FA74CA75FA73CA74FA3F
:10A1E000736B7437753776377437753776377437DE
:10A1F00075377637743775377637743775377637FE
:10A20000743775377637743775377637800E74172D
:10A21000D89276CA7AFA75CA79FA74CA78FA73CA81
:10A2200077FA7E6B7D6B7C6B640E7B6F000123DEA7
:10A2300001C0BAF700C0B9F7BAC774FAB9C773FA60
:10A24000D9EC4CF002C0BAF701C0B9F7BAC7BCF7F5
:10A25000B9C7BBF777D009010A01766B756B746BD0
:10A2600003C973FA75CA76FA74CA75FA73CA74FAAE
:10A27000736B74377537763774377537763774374D
:10A28000753776377437753776377437753776376D
:10A29000743775377637743775377637800E74179D
:10A2A000D89276CA7AFA75CA79FA74CA78FA73CAF1
:10A2B00077FA7E6B7D6B7C6B640E7B6F0001DBDD60
:10A2C00001C0BAF700C0B9F7196AF2BE198EF29E42
:10A2D0000A018F6B07C98EFA0CCA91FA0BCA90FA61
:10A2E00000010AEC0EF019BEF28E02C025FA01C080
:10A2F00024FA0701BA510A01255D0DE308E1245152
:10A300000701B95DD8A002D00A0105D00A01BAC779
:10A3100025FAB9C724FA24510701B95F0A0125516A
:10A320000701BA5BBAC774FAB9C773FA0001D9EC6E
:10A330004CF002C0BAF701C0B9F70A010B2BD8B430
:10A340000C2B00010A010E6B0D6B38AA0AD0746B3E
:10A35000736B0001D9EC4CF002C0BAF701C0B9F739
:10A360000A0138AC0AD0746B736B0001D9EC4CF065
:10A3700002C0BCF701C0BBF70A0100012BEF52F08D
:10A3800031500A0A09E0030A13E00A0A2DE0070A1D
:10A3900045E0050A5DE062D009010451080DF35063
:10A3A0000701BA6BB96FBAC7BCF7B9C7BBF757D0CB
:10A3B00009010451080DF350FF0A210F0701B96F7D
:10A3C000030ED8A0E806BA6FBA51010808E303E10A
:10A3D000B9518F0804E3010EBA6F900EB96FBAC776
:10A3E000BCF7B9C7BBF73BD00AEF49F09DEC4BF087
:10A3F000BAC774FAB9C773FAD9EC4CF002C0BAF70D
:10A4000001C0B9F7BCC774FABBC773FAD9EC4CF0FA
:10A4100002C0BCF701C0BBF7070121D05CEF4DF0D3
:10A420009DEC4BF0BAC774FAB9C773FAD9EC4CF08B
:10A4300002C0BAF701C0B9F7BCC774FABBC773FA58
:10A44000D9EC4CF002C0BCF701C0BBF7070107D044
:10A4500071CA72FA5AD5070102D000010701BAC7C2
:10A4600002F0B9C701F00136023601360236013674
:10A47000023601360236013602360136023602C095
:10A48000A1FF01C0A0FF3650020814E1BCC702F0D2
:10A49000BBC701F0013602360136023601360236FC
:10A4A00001360236013602360136023602C0A4FFFA
:10A4B00001C0A3FF000112000901FC87000194EF15
:10A4C00052F00901FC990A01702D0AD08C928792F2
:10A4D0003650020802E18C908790010E286F27D039
:10A4E000282D11D06F5303E16E5113080CE2020EB8
:10A4F000286F0001FDEF48F0010E0A01716F0001A5
:10A500003FDF16D00A012851020811E16F5303E121
:10A510006E514F080CE28C9287823650020802E19D
:10A520008C9087800001C8D70901FC890A010001CD
:10A53000000E0901FCB9010E016E00011200020EAD
:10A540000A01196F0001FBEF52F00A0119510208CC
:10A5500016E16B2D14D0030E196F00011CEC48F0AE
:10A5600014EC3BF002C06DFA01C06CFA01C06EFA47
:10A57000010E0A016F6F000126EC48F00A01195123
:10A58000000A00010DE0010A25E0030A35E0010A96
:10A5900038E0070A4BE0010A56E0030A55E055D0BF
:10A5A00057EF48F0389A389C010E0A01196F0001E4
:10A5B0001CEC48F014EC3BF002C06DFA01C06CFAE0
:10A5C00002C06FFA01C06EFA010E0A01706F00013D
:10A5D00078DF3BD014EC3BF002C06DFA01C06CFA9E
:10A5E00002C06FFA01C06EFA0A01706B000169DFE8
:10A5F000012C01D0A4D729D00A01716B0001C0DE63
:10A6000024D014EC3BF002C06DFA01C06CFA01C01A
:10A610006EFA0A016F6B000126EC48F00150050844
:10A6200004E1040E0A01196F00010FD038EC35F077
:10A63000012C08D00A016B53D8B402D0000102D01B
:10A64000196B000102D001D000D0C9EF54F0818E07
:10A65000819CF86A0E01BA91BA93BC9FBD99BD9BCB
:10A66000BD9DBD9FF28A078E550EA06FAA0EA06FEA
:10A67000A091080EA16F0A0EA26F170EB56F1F0EE4
:10A680008D6F080EFA6F090EFD6F070E0F01006F38
:10A690000B0E056F550E0E01A06FAA0EA06FA081C4
:10A6A000DD6BDA6BDC6BDE6B200ED86F9F86A00E45
:10A6B0009B6E010E9C6EA60E9E6E900E9D6E9F87E9
:10A6C000A00E9B6F010E9C6FA60E9E6F900E9D6F4D
:10A6D0000201B06B010EB16FB36B0301876B38964B
:10A6E0000701A46BA56BA66BA76BA86FA96FAA6BDC
:10A6F0003898AB6BAC6BAD6BAE6BAF6FB06B366A53
:10A70000356A376A3890389E09010D6B0E6B0F6BF6
:10A71000106B126B116B146B136B186B176B166B42
:10A72000156B660E396EE96BEB6BEA6BED6BEC6BE0
:10A73000EF6BEE6BF36BF26BF16BF06BF56BF46B35
:10A74000F96BF86BF76BF66BFB6BFA6BFC91FC9398
:10A75000FC95FC97FD6BFE6B0701BA6BB96BBC6B8C
:10A76000BB6B0A010C6B0B6B0E6B0D6B126B116BE1
:10A77000106B0F6B166B156B146B136B186B176BE1
:10A78000040E196F1B6B1A6B1C6B1E6B1D6B1F6B02
:10A79000236B226B216B206B256B246B276B266B45
:10A7A0000901FC990A01286B296B020E2A6F389A5D
:10A7B000389C2C6B2B6B2E6B2D6B306B2F6B326B95
:10A7C000316B336B356B346B366B0901FC9B0A01C3
:10A7D000376B386B396B3B6B3A6B3D6B3C6B3E6B4D
:10A7E000446B436B456B466B476B496B486B4B6BDC
:10A7F0004A6B4D6B4C6B4F6B4E6BF40E506F526B44
:10A80000516B546B536B566B556B576B586B5A6B44
:10A81000596B5E6B5D6B5C6B5B6B626B616B606BF2
:10A820005F6B0B0E316E636F040E326E0901FC9D7F
:10A83000020E336E346A0A01646F656F0901FC8F82
:10A840000A01666B67910B0E686F696B0F01116BE4
:10A85000196B216B266B2E6B3A6B3B6B3C6B396B28
:10A86000366B376B386B356B389238941BD0FF40A2
:10A870003A00FFC00078C0000102B200D342B40029
:10A88000FF438800FFC000FFC000FFC00020C000E1
:10A890000847B100D04919000C49FF00040A3F00E5
:10A8A00000000000000EF86EA80EF76E6E0EF66E39
:10A8B0000900F550006E000A13E00900F550016E22
:10A8C000E8BE05D00F0BEA6E0900F5CFE9FF01BC29
:10A8D000090001AC0900F5CFEEFF004EE9D7F9D72A
:10A8E000F86A00012AEF13F085EF1CF0EBEF1CF083
:10A8F000A16AA06AA46AA36AAE503F0B4009AE6E7B
:10A90000800EA26EAE50CF0B2009AE6E800EA56EEB
:10A91000320E0A01706F0001D7EC1CF07DEF1DF0C4
:10A9200086EF1DF0070E0E01D36F0F0ED26FC26AB5
:10A93000C16A00018BEC1DF00BEF1EF00A0165519E
:10A94000050801E1857A00011BEC0EF002C06BFAEC
:10A9500001C06AFA02C06DFA01C06CFA08EF1FF07C
:10A96000B2C7B4F7B1C7B3F7B6C7B8F7B5C7B7F74B
:10A970004CEF35F0D6EF38F0DAEF46F017EF47F04E
:10A98000000E0901FCBF010E0A016A6F6B6F000126
:08A99000DCD50400D1D703005F
:020000040031C9
:0301F0000100010A
:05017000FC5001A997FD
:00000001FF
