S0440000443A5C50726F6A656B74655C536F667477617265656E747769636B6C756E675C496E666F5C5331394D65726765725C4F75747075742F4B5347536F66742E73313940
S2187E00003F3F797B3F3F3F3F3F3F3F3F3F3F3F3F3F3F3F3F07
S2187E00143F3F3F3F3F3F3F3F3F3F3F3F3F3F3F3F3F3F3F3F69
S2187E00283F3F3F3F3F3F3F3F3F3F3F3F3F3F3F3F3F3F3F3F55
S2187E003C3F3F3F3F3F3F3F3F3F3F3F3F3F3F3F3F3F3F3F3F41
S2187E00503F3F3F3F3F3F3F3F3F3F3F3F3F3F3F3F3F3F3F3F2D
S2187E00643F3F3F3F3F3F3F3F3F3F3F3F3F3F3F3F3F3F3F3F19
S2187E00783F3F3F3F3F3F3F3F3F3F3F3F3F3F3F3F3F3F3F3F05
S2187E008C3F3F3F3F3F3F3F3F3F3F3F3F3F3F3F3F3F3F3F3FF1
S2187E00A03F3F3F3F3F3F3F3F3F3F3F3F3F3F3F3F3F3F3F3FDD
S2187E00B43F3F3F3F3F3F3F3F3F3F3F3F3F3F3F3F3F3F3F3FC9
S2187E00C83F3F3F3F3F3F3F3F3F3F3F3F3F3F3F3F3F3F3F3FB5
S2187E00DC3F3F3F3F3F3F3F3F3F3F3F3F3F3F3F3F3F3F3F3FA1
S2187E00F03F3F3F3F3F3F3F3F3F3F3F3F3F3F3F3F3F3F3F3F8D
S2187E01043F3F3F3F3F3F3F3F3F3F3F3F3F3F3F3F3F3F3F3F78
S2187E01183F3F3F3F3F3F3F3F3F3F3F3F3F3F3F3F3F3F3F3F64
S2187E012C3F3F3F3F3F3F3F3F3F3F3F3F3F3F3F3F3F3F3F3F50
S2187E01403F3F3F3F3F3F3F3F3F3F3F3F3F3F3F3F3F3F3F3F3C
S2187E01543F3F3F3F3F3F3F3F3F3F3F3F3F3F3F3F3F3F3F3F28
S2187E01683F3F3F3F3F3F3F3F3F3F3F3F3F3F3F3F3F3F3F3F14
S2187E017C3F3F3F3F3F3F3F3F3F3F3F3F3F3F3F3F3F3F3F3F00
S2187E01903F3F3F3F3F3F3F3F3F3F3F3F3F3F3F3F3F3F3F3FEC
S2187E01A43F3F3F3F3F3F3F3F3F3F3F3F3F3F3F3F3F3F3F3FD8
S2187E01B83F3F3F3F3F3F3F3F3F3F3F3F3F3F3F3F3F3F3F3FC4
S2187E01CC3F3F3F3F3F3F3F3F3F3F3F3F3F3F3F3F3F3F3F3FB0
S2187E01E03F3F3F3F3F3F3F3F3F3F3F3F3F3F3F3F3F3F3F3F9C
S2187E01F43F3F3F3F3F3F3F3F3F3F3F3F3F3F3F3F3F3F3F3F88
S2187E02083F3F3F3F3F3F3F3F3F3F3F3F3F3F3F3F3F3F3F3F73
S2187E021C3F3F3F3F3F3F3F3F3F3F3F3F3F3F3F3F3F3F3F3F5F
S2187E02303F3F3F3F3F3F3F3F3F3F3F3F3F3F3F3F3F3F3F3F4B
S2187E02443F3F3F3F3F3F3F3F3F3F3F3F3F3F3F3F3F3F3F3F37
S2187E02583F3F3F3F3F3F3F3F3F3F3F3F3F3F3F3F3F3F3F3F23
S2187E026C3F3F3F3F3F3F3F3F3F3F3F3F3F3F3F3F3F3F3F3F0F
S2187E02803F3F3F3F3F3F3F3F3F3F3F3F3F3F3F3F3F3F3F3FFB
S2187E02943F3F3F3F3F3F3F3F3F3F3F3F3F3F3F3F3F3F3F3FE7
S2187E02A83F3F3F3F3F3F3F3F3F3F3F3F3F3F3F3F3F3F3F3FD3
S2187E02BC3F3F3F3F3F3F3F3F3F3F3F3F3F3F3F3F3F3F3F3FBF
S2187E02D03F3F3F3F3F3F3F3F3F3F3F3F3F3F3F3F3F3F3F3FAB
S2187E02E43F3F3F3F3F3F3F3F3F3F3F3F3F3F3F3F3F3F3F3F97
S2187E02F83F3F3F3F3F3F3F3F3F3F3F3F3F3F3F3F3F3F3F3F83
S2187E030C3F3F3F3F3F3F3F3F3F3F3F3F3F3F3F3F3F3F3F3F6E
S2187E03203F3F3F3F3F3F3F3F3F3F3F3F3F3F3F3F3F3F3F3F5A
S2187E03343F3F3F3F3F3F3F3F3F3F3F3F3F3F3F3F3F3F3F3F46
S2187E03483F3F3F3F3F3F3F3F3F3F3F3F3F3F3F3F3F3F3F3F32
S2187E035C3F3F3F3F3F3F3F3F3F3F3F3F3F3F3F3F3F3F3F3F1E
S2187E03703F3F3F3F3F3F3F3F3F3F3F3F3F3F3F3F3F3F3F3F0A
S2187E03843F3F3F3F3F3F3F3F3F3F3F3F3F3F3F3F3F3F3F3FF6
S2187E03983F3F3F3F3F3F3F3F3F3F3F3F3F3F3F3F3F3F3F3FE2
S2187E03AC3F3F3F3F3F3F3F3F3F3F3F3F3F3F3F3F3F3F3F3FCE
S2187E03C03F3F3F3F3F3F3F3F3F3F3F3F3F3F3F3F3F3F3F3FBA
S2187E03D43F3F3F3F3F3F3F3F3F3F3F3F3F3F3F3F3F3F3F3FA6
S2187E03E83F3F3F3F3F3F3F3F3F3F3F3F3F3F3F3F3F3F3F3F92
S2187E03FC3F3F3F3F3F3F3F3F3F3F3F3F3F3F3F3F3F3F3F3F7E
S2187E04103F3F3F3F3F3F3F3F3F3F3F3F3F3F3F3F3F3F3F3F69
S2187E04243F3F3F3F3F3F3F3F3F3F3F3F3F3F3F3F3F3F3F3F55
S2187E04383F3F3F3F3F3F3F3F3F3F3F3F3F3F3F3F3F3F3F3F41
S2187E044C3F3F3F3F3F3F3F3F3F3F3F3F3F3F3F3F3F3F3F3F2D
S2187E04603F3F3F3F3F3F3F3F3F3F3F3F3F3F3F3F3F3F3F3F19
S2187E04743F3F3F3F3F3F3F3F3F3F3F3F3F3F3F3F3F3F3F3F05
S2187E04883F3F3F3F3F3F3F3F3F3F3F3F3F3F3F3F3F3F3F3FF1
S2187E049C3F3F3F3F3F3F3F3F3F3F3F3F3F3F3F3F3F3F3F3FDD
S2187E04B03F3F3F3F3F3F3F3F3F3F3F3F3F3F3F3F3F3F3F3FC9
S2187E04C43F3F3F3F3F3F3F3F3F3F3F3F3F3F3F3F3F3F3F3FB5
S2187E04D83F3F3F3F3F3F3F3F3F3F3F3F3F3F3F3F3F3F3F3FA1
S2187E04EC3F3F3F3F3F3F3F3F3F3F3F3F3F3F3F3F3F3F3F3F8D
S2187E05003F3F3F3F3F3F3F3F3F3F3F3F3F3F3F3F3F3F3F3F78
S2187E05143F3F3F3F3F3F3F3F3F3F3F3F3F3F3F3F3F3F3F3F64
S2187E05283F3F3F3F3F3F3F3F3F3F3F3F3F3F3F3F3F3F3F3F50
S2187E053C3F3F3F3F3F3F3F3F3F3F3F3F3F3F3F3F3F3F3F3F3C
S2187E05503F3F3F3F3F3F3F3F3F3F3F3F3F3F3F3F3F3F3F3F28
S2187E05643F3F3F3F3F3F3F3F3F3F3F3F3F3F3F3F3F3F3F3F14
S2187E05783F3F3F3F3F3F3F3F3F3F3F3F3F3F3F3F3F3F3F3F00
S2187E058C3F3F3F3F3F3F3F3F3F3F3F3F3F3F3F3F3F3F3F3FEC
S2187E05A03F3F3F3F3F3F3F3F3F3F3F3F3F3F3F3F3F3F3F3FD8
S2187E05B43F3F3F3F3F3F3F3F3F3F3F3F3F3F3F3F3F3F3F3FC4
S2187E05C83F3F3F3F3F3F3F3F3F3F3F3F3F3F3F3F3F3F3F3FB0
S2187E05DC3F3F3F3F3F3F3F3F3F3F3F3F3F3F3F3F3F3F3F3F9C
S2187E05F03F3F3F3F3F3F3F3F3F3F3F3F3F3F3F3F3F3F3F3F88
S2187E06043F3F3F3F3F3F3F3F3F3F3F3F3F3F3F3F3F3F3F3F73
S2187E06183F3F3F3F3F3F3F3F3F3F3F3F3F3F3F3F3F3F3F3F5F
S2187E062C3F3F3F3F3F3F3F3F3F3F3F3F3F3F3F3F3F3F3F3F4B
S2187E06403F3F3F3F3F3F3F3F3F3F3F3F3F3F3F3F3F3F3F3F37
S2187E06543F3F3F3F3F3F3F3F3F3F3F3F3F3F3F3F3F3F3F3F23
S2187E06683F3F3F3F3F3F3F3F3F3F3F3F3F3F3F3F3F3F3F3F0F
S2187E067C3F3F3F3F3F3F3F3F3F3F3F3F3F3F3F3F3F3F3F3FFB
S2187E06903F3F3F3F3F3F3F3F3F3F3F3F3F3F3F3F3F3F3F3FE7
S2187E06A43F3F3F3F3F3F3F3F3F3F3F3F3F3F3F3F3F3F3F3FD3
S2187E06B83F3F3F3F3F3F3F3F3F3F3F3F3F3F3F3F3F3F3F3FBF
S2187E06CC3F3F3F3F3F3F3F3F3F3F3F3F3F3F3F3F3F3F3F3FAB
S2187E06E03F3F3F3F3F3F3F3F3F3F3F3F3F3F3F3F3F3F3F3F97
S2187E06F43F3F3F3F3F3F3F3F3F3F3F3F3F3F3F3F3F3F3F3F83
S2187E07083F3F3F3F3F3F3F3F3F3F3F3F3F3F3F3F3F3F3F3F6E
S2187E071C3F3F3F3F3F3F3F3F3F3F3F3F3F3F3F3F3F3F3F3F5A
S2187E07303F3F3F3F3F3F3F3F3F3F3F3F3F3F3F3F3F3F3F3F46
S2187E07443F3F3F3F3F3F3F3F3F3F3F3F3F3F3F3F3F3F3F3F32
S2187E07583F3F3F3F3F3F3F3F3F3F3F3F3F3F3F3F3F3F3F3F1E
S2187E076C3F3F3F3F3F3F3F3F3F3F3F3F3F3F3F3F3F3F3F3F0A
S2187E07803F3F3F3F3F3F3F3F3F3F3F3F3F3F3F3F3F3F3F3FF6
S2187E07943F3F3F3F3F3F3F3F3F3F3F3F3F3F3F3F3F3F3F3FE2
S2187E07A83F3F3F3F3F3F3F3F3F3F3F3F3F3F3F3F3F3F3F3FCE
S2187E07BC3F3F3F3F3F3F3F3F3F3F3F3F3F3F3F3F3F3F3F3FBA
S2187E07D03F3F3F3F3F3F3F3F3F3F3F3F3F3F3F3F3F3F3F3FA6
S2187E07E43F3F3F3F3F3F3F3F3F3F3F3F3F3F3F3F3F3F3F3F92
S2187E07F83F3F3F3F3F3F3F3F3F3F3F3F3F3F3F3F3F3F3F3F7E
S2187E080C3F3F3F3F3F3F3F3F3F3F3F3F3F3F3F3F3F3F3F3F69
S2187E08203F3F3F3F3F3F3F3F3F3F3F3F3F3F3F3F3F3F3F3F55
S2187E08343F3F3F3F3F3F3F3F3F3F3F3F3F3F3F3F3F3F3F3F41
S2187E08483F3F3F3F3F3F3F3F3F3F3F3F3F3F3F3F3F3F3F3F2D
S2187E085C3F3F3F3F3F3F3F3F3F3F3F3F3F3F3F3F3F3F3F3F19
S2187E08703F3F3F3F3F3F3F3F3F3F3F3F3F3F3F3F3F3F3F3F05
S2187E08843F3F3F3F3F3F3F3F3F3F3F3F3F3F3F3F3F3F3F3FF1
S2187E08983F3F3F3F3F3F3F3F3F3F3F3F3F3F3F3F3F3F3F3FDD
S2187E08AC3F3F3F3F3F3F3F3F3F3F3F3F3F3F3F3F3F3F3F3FC9
S2187E08C03F3F3F3F3F3F3F3F3F3F3F3F3F3F3F3F3F3F3F3FB5
S2187E08D43F3F3F3F3F3F3F3F3F3F3F3F3F3F3F3F3F3F3F3FA1
S2187E08E83F3F3F3F3F3F3F3F3F3F3F3F3F3F3F3F3F3F3F3F8D
S2187E08FC3F3F3F3F3F3F3F3F3F3F3F3F3F3F3F3F3F3F3F3F79
S2187E09103F3F3F3F3F3F3F3F3F3F3F3F3F3F3F3F3F3F3F3F64
S2187E09243F3F3F3F3F3F3F3F3F3F3F3F3F3F3F3F3F3F3F3F50
S2187E09383F3F3F3F3F3F3F3F3F3F3F3F3F3F3F3F3F3F3F3F3C
S2187E094C3F3F3F3F3F3F3F3F3F3F3F3F3F3F3F3F3F3F3F3F28
S2187E09603F3F3F3F3F3F3F3F3F3F3F3F3F3F3F3F3F3F3F3F14
S2187E09743F3F3F3F3F3F3F3F3F3F3F3F3F3F3F3F3F3F3F3F00
S2187E09883F3F3F3F3F3F3F3F3F3F3F3F3F3F3F3F3F3F3F3FEC
S2187E099C3F3F3F3F3F3F3F3F3F3F3F3F3F3F3F3F3F3F3F3FD8
S2187E09B03F3F3F3F3F3F3F3F3F3F3F3F3F3F3F3F3F3F3F3FC4
S2187E09C43F3F3F3F3F3F3F3F3F3F3F3F3F3F3F3F3F3F3F3FB0
S2187E09D83F3F3F3F3F3F3F3F3F3F3F3F3F3F3F3F3F3F3F3F9C
S2187E09EC3F3F3F3F3F3F3F3F3F3F3F3F3F3F3F3F3F3F3F3F88
S2187E0A003F3F3F3F3F3F3F3F3F3F3F3F3F3F3F3F3F3F3F3F73
S2187E0A143F3F3F3F3F3F3F3F3F3F3F3F3F3F3F3F3F3F3F3F5F
S2187E0A283F3F3F3F3F3F3F3F3F3F3F3F3F3F3F3F3F3F3F3F4B
S2187E0A3C3F3F3F3F3F3F3F3F3F3F3F3F3F3F3F3F3F3F3F3F37
S2187E0A503F3F3F3F3F3F3F3F3F3F3F3F3F3F3F3F3F3F3F3F23
S2187E0A643F3F3F3F3F3F3F3F3F3F3F3F3F3F3F3F3F3F3F3F0F
S2187E0A783F3F3F3F3F3F3F3F3F3F3F3F3F3F3F3F3F3F3F3FFB
S2187E0A8C3F3F3F3F3F3F3F3F3F3F3F3F3F3F3F3F3F3F3F3FE7
S2187E0AA03F3F3F3F3F3F3F3F3F3F3F3F3F3F3F3F3F3F3F3FD3
S2187E0AB43F3F3F3F3F3F3F3F3F3F3F3F3F3F3F3F3F3F3F3FBF
S2187E0AC83F3F3F3F3F3F3F3F3F3F3F3F3F3F3F3F3F3F3F3FAB
S2187E0ADC3F3F3F3F3F3F3F3F3F3F3F3F3F3F3F3F3F3F3F3F97
S2187E0AF03F3F3F3F3F3F3F3F3F3F3F3F3F3F3F3F3F3F3F3F83
S2187E0B043F3F3F3F3F3F3F3F3F3F3F3F3F3F3F3F3F3F3F3F6E
S2187E0B183F3F3F3F3F3F3F3F3F3F3F3F3F3F3F3F3F3F3F3F5A
S2187E0B2C3F3F3F3F3F3F3F3F3F3F3F3F3F3F3F3F3F3F3F3F46
S2187E0B403F3F3F3F3F3F3F3F3F3F3F3F3F3F3F3F3F3F3F3F32
S2187E0B543F3F3F3F3F3F3F3F3F3F3F3F3F3F3F3F3F3F3F3F1E
S2187E0B683F3F3F3F3F3F3F3F3F3F3F3F3F3F3F3F3F3F3F3F0A
S2187E0B7C3F3F3F3F3F3F3F3F3F3F3F3F3F3F3F3F3F3F3F3FF6
S2187E0B903F3F3F3F3F3F3F3F3F3F3F3F3F3F3F3F3F3F3F3FE2
S2187E0BA43F3F3F3F3F3F3F3F3F3F3F3F3F3F3F3F3F3F3F3FCE
S2187E0BB83F3F3F3F3F3F3F3F3F3F3F3F3F3F3F3F3F3F3F3FBA
S2187E0BCC3F3F3F3F3F3F3F3F3F3F3F3F3F3F3F3F3F3F3F3FA6
S2187E0BE03F3F3F3F3F3F3F3F3F3F3F3F3F3F3F3F3F3F3F3F92
S2187E0BF43F3F3F3F3F3F3F3F3F3F3F3F3F3F3F3F3F3F3F3F7E
S2187E0C083F3F3F3F3F3F3F3F3F3F3F3F3F3F3F3F3F3F3F3F69
S2187E0C1C3F3F3F3F3F3F3F3F3F3F3F3F3F3F3F3F3F3F3F3F55
S2187E0C303F3F3F3F3F3F3F3F3F3F3F3F3F3F3F3F3F3F3F3F41
S2187E0C443F3F3F3F3F3F3F3F3F3F3F3F3F3F3F3F3F3F3F3F2D
S2187E0C583F3F3F3F3F3F3F3F3F3F3F3F3F3F3F3F3F3F3F3F19
S2187E0C6C3F3F3F3F3F3F3F3F3F3F3F3F3F3F3F3F3F3F3F3F05
S2187E0C803F3F3F3F3F3F3F3F3F3F3F3F3F3F3F3F3F3F3F3FF1
S2187E0C943F3F3F3F3F3F3F3F3F3F3F3F3F3F3F3F3F3F3F3FDD
S2187E0CA83F3F3F3F3F3F3F3F3F3F3F3F3F3F3F3F3F3F3F3FC9
S2187E0CBC3F3F3F3F3F3F3F3F3F3F3F3F3F3F3F3F3F3F3F3FB5
S2187E0CD03F3F3F3F3F3F3F3F3F3F3F3F3F3F3F3F3F3F3F3FA1
S2187E0CE43F3F3F3F3F3F3F3F3F3F3F3F3F3F3F3F3F3F3F3F8D
S2187E0CF83F3F3F3F3F3F3F3F3F3F3F3F3F3F3F3F3F3F3F3F79
S2187E0D0C3F3F3F3F3F3F3F3F3F3F3F3F3F3F3F3F3F3F3F3F64
S2187E0D203F3F3F3F3F3F3F3F3F3F3F3F3F3F3F3F3F3F3F3F50
S2187E0D343F3F3F3F3F3F3F3F3F3F3F3F3F3F3F3F3F3F3F3F3C
S2187E0D483F3F3F3F3F3F3F3F3F3F3F3F3F3F3F3F3F3F3F3F28
S2187E0D5C3F3F3F3F3F3F3F3F3F3F3F3F3F3F3F3F3F3F3F3F14
S2187E0D703F3F3F3F3F3F3F3F3F3F3F3F3F3F3F3F3F3F3F3F00
S2187E0D843F3F3F3F3F3F3F3F3F3F3F3F3F3F3F3F3F3F3F3FEC
S2187E0D983F3F3F3F3F3F3F3F3F3F3F3F3F3F3F3F3F3F3F3FD8
S2187E0DAC3F3F3F3F3F3F3F3F3F3F3F3F3F3F3F3F3F3F3F3FC4
S2187E0DC03F3F3F3F3F3F3F3F3F3F3F3F3F3F3F3F3F3F3F3FB0
S2187E0DD43F3F3F3F3F3F3F3F3F3F3F3F3F3F3F3F3F3F3F3F9C
S2187E0DE83F3F3F3F3F3F3F3F3F3F3F3F3F3F3F3F3F3F3F3F88
S2187E0DFC3F3F3F3F3F3F3F3F3F3F3F3F3F3F3F3F3F3F3F3F74
S2187E0E103F3F3F3F3F3F3F3F3F3F3F3F3F3F3F3F3F3F3F3F5F
S2187E0E243F3F3F3F3F3F3F3F3F3F3F3F3F3F3F3F3F3F3F3F4B
S2187E0E383F3F3F3F3F3F3F3F3F3F3F3F3F3F3F3F3F3F3F3F37
S2187E0E4C3F3F3F3F3F3F3F3F3F3F3F3F3F3F3F3F3F3F3F3F23
S2187E0E603F3F3F3F3F3F3F3F3F3F3F3F3F3F3F3F3F3F3F3F0F
S2187E0E743F3F3F3F3F3F3F3F3F3F3F3F3F3F3F3F3F3F3F3FFB
S2187E0E883F3F3F3F3F3F3F3F3F3F3F3F3F3F3F3F3F3F3F3FE7
S2187E0E9C3F3F3F3F3F3F3F3F3F3F3F3F3F3F3F3F3F3F3F3FD3
S2187E0EB03F3F3F3F3F3F3F3F3F3F3F3F3F3F3F3F3F3F3F3FBF
S2187E0EC43F3F3F3F3F3F3F3F3F3F3F3F3F3F3F3F3F3F3F3FAB
S2187E0ED83F3F3F3F3F3F3F3F3F3F3F3F3F3F3F3F3F3F3F3F97
S2187E0EEC3F3F3F3F3F3F3F3F3F3F3F3F3F3F3F3F3F3F3F3F83
S2187E0F003F3F3F3F3F3F3F3F3F3F3F3F3F3F3F3F3F3F3F3F6E
S2187E0F143F3F3F3F3F3F3F3F3F3F3F3F3F3F3F3F3F3F3F3F5A
S2187E0F283F3F3F3F3F3F3F3F3F3F3F3F3F3F3F3F3F3F3F3F46
S2187E0F3C3F3F3F3F3F3F3F3F3F3F3F3F3F3F3F3F3F3F3F3F32
S2187E0F503F3F3F3F3F3F3F3F3F3F3F3F3F3F3F3F3F3F3F3F1E
S2187E0F643F3F3F3F3F3F3F3F3F3F3F3F3F3F3F3F3F3F3F3F0A
S2187E0F783F3F3F3F3F3F3F3F3F3F3F3F3F3F3F3F3F3F3F3FF6
S2187E0F8C3F3F3F3F3F3F3F3F3F3F3F3F3F3F3F3F3F3F3F3FE2
S2187E0FA03F3F3F3F3F3F3F3F3F3F3F3F3F3F3F3F3F3F3F3FCE
S2187E0FB43F3F3F3F3F3F3F3F3F3F3F3F3F3F3F3F3F3F3F3FBA
S2187E0FC83F3F3F3F3F3F3F3F3F3F3F3F3F3F3F3F3F3F3F3FA6
S2187E0FDC3F3F3F3F3F3F3F3F3F3F3F3F3F3F3F3F3F3F3F3F92
S2187E0FF03F3F3F3F3F3F3F3F3F3F3F3F3F3F3F3F3F3F3F3F7E
S2187E10043F3F3F3F3F3F3F3F3F3F3F3F3F3F3F3F3F3F3F3F69
S2187E10183F3F3F3F3F3F3F3F3F3F3F3F3F3F3F3F3F3F3F3F55
S2187E102C3F3F3F3F3F3F3F3F3F3F3F3F3F3F3F3F3F3F3F3F41
S2187E10403F3F3F3F3F3F3F3F3F3F3F3F3F3F3F3F3F3F3F3F2D
S2187E10543F3F3F3F3F3F3F3F3F3F3F3F3F3F3F3F3F3F3F3F19
S2187E10683F3F3F3F3F3F3F3F3F3F3F3F3F3F3F3F3F3F3F3F05
S2187E107C3F3F3F3F3F3F3F3F3F3F3F3F3F3F3F3F3F3F3F3FF1
S2187E10903F3F3F3F3F3F3F3F3F3F3F3F3F3F3F3F3F3F3F3FDD
S2187E10A43F3F3F3F3F3F3F3F3F3F3F3F3F3F3F3F3F3F3F3FC9
S2187E10B83F3F3F3F3F3F3F3F3F3F3F3F3F3F3F3F3F3F3F3FB5
S2187E10CC3F3F3F3F3F3F3F3F3F3F3F3F3F3F3F3F3F3F3F3FA1
S2187E10E03F3F3F3F3F3F3F3F3F3F3F3F3F3F3F3F3F3F3F3F8D
S2187E10F43F3F3F3F3F3F3F3F3F3F3F3F3F3F3F3F3F3F3F3F79
S2187E11083F3F3F3F3F3F3F3F3F3F3F3F3F3F3F3F3F3F3F3F64
S2187E111C3F3F3F3F3F3F3F3F3F3F3F3F3F3F3F3F3F3F3F3F50
S2187E11303F3F3F3F3F3F3F3F3F3F3F3F3F3F3F3F3F3F3F3F3C
S2187E11443F3F3F3F3F3F3F3F3F3F3F3F3F3F3F3F3F3F3F3F28
S2187E11583F3F3F3F3F3F3F3F3F3F3F3F3F3F3F3F3F3F3F3F14
S2187E116C3F3F3F3F3F3F3F3F3F3F3F3F3F3F3F3F3F3F3F3F00
S2187E11803F3F3F3F3F3F3F3F3F3F3F3F3F3F3F3F3F3F3F3FEC
S2187E11943F3F3F3F3F3F3F3F3F3F3F3F3F3F3F3F3F3F3F3FD8
S2187E11A83F3F3F3F3F3F3F3F3F3F3F3F3F3F3F3F3F3F3F3FC4
S2187E11BC3F3F3F3F3F3F3F3F3F3F3F3F3F3F3F3F3F3F3F3FB0
S2187E11D03F3F3F3F3F3F3F3F3F3F3F3F3F3F3F3F3F3F3F3F9C
S2187E11E43F3F3F3F3F3F3F3F3F3F3F3F3F3F3F3F3F3F3F3F88
S2187E11F83F3F3F3F3F3F3F3F3F3F3F3F3F3F3F3F3F3F3F3F74
S2187E120C3F3F3F3F3F3F3F3F3F3F3F3F3F3F3F3F3F3F3F3F5F
S2187E12203F3F3F3F3F3F3F3F3F3F3F3F3F3F3F3F3F3F3F3F4B
S2187E12343F3F3F3F3F3F3F3F3F3F3F3F3F3F3F3F3F3F3F3F37
S2187E12483F3F3F3F3F3F3F3F3F3F3F3F3F3F3F3F3F3F3F3F23
S2187E125C3F3F3F3F3F3F3F3F3F3F3F3F3F3F3F3F3F3F3F3F0F
S2187E12703F3F3F3F3F3F3F3F3F3F3F3F3F3F3F3F3F3F3F3FFB
S2187E12843F3F3F3F3F3F3F3F3F3F3F3F3F3F3F3F3F3F3F3FE7
S2187E12983F3F3F3F3F3F3F3F3F3F3F3F3F3F3F3F3F3F3F3FD3
S2187E12AC3F3F3F3F3F3F3F3F3F3F3F3F3F3F3F3F3F3F3F3FBF
S2187E12C03F3F3F3F3F3F3F3F3F3F3F3F3F3F3F3F3F3F3F3FAB
S2187E12D43F3F3F3F3F3F3F3F3F3F3F3F3F3F3F3F3F3F3F3F97
S2187E12E83F3F3F3F3F3F3F3F3F3F3F3F3F3F3F3F3F3F3F3F83
S2187E12FC3F3F3F3F3F3F3F3F3F3F3F3F3F3F3F3F3F3F3F3F6F
S2187E13103F3F3F3F3F3F3F3F3F3F3F3F3F3F3F3F3F3F3F3F5A
S2187E13243F3F3F3F3F3F3F3F3F3F3F3F3F3F3F3F3F3F3F3F46
S2187E13383F3F3F3F3F3F3F3F3F3F3F3F3F3F3F3F3F3F3F3F32
S2187E134C3F3F3F3F3F3F3F3F3F3F3F3F3F3F3F3F3F3F3F3F1E
S2187E13603F3F3F3F3F3F3F3F3F3F3F3F3F3F3F3F3F3F3F3F0A
S2187E13743F3F3F3F3F3F3F3F3F3F3F3F3F3F3F3F3F3F3F3FF6
S2187E13883F3F3F3F3F3F3F3F3F3F3F3F3F3F3F3F3F3F3F3FE2
S2187E139C3F3F3F3F3F3F3F3F3F3F3F3F3F3F3F3F3F3F3F3FCE
S2187E13B03F3F3F3F3F3F3F3F3F3F3F3F3F3F3F3F3F3F3F3FBA
S2187E13C43F3F3F3F3F3F3F3F3F3F3F3F3F3F3F3F3F3F3F3FA6
S2187E13D83F3F3F3F3F3F3F3F3F3F3F3F3F3F3F3F3F3F3F3F92
S2187E13EC3F3F3F3F3F3F3F3F3F3F3F3F3F3F3F3F3F3F3F3F7E
S2187E14003F3F3F3F3F3F3F3F3F3F3F3F3F3F3F3F3F3F3F3F69
S2187E14143F3F3F3F3F3F3F3F3F3F3F3F3F3F3F3F3F3F3F3F55
S2187E14283F3F3F3F3F3F3F3F3F3F3F3F3F3F3F3F3F3F3F3F41
S2187E143C3F3F3F3F3F3F3F3F3F3F3F3F3F3F3F3F3F3F3F3F2D
S2187E14503F3F3F3F3F3F3F3F3F3F3F3F3F3F3F3F3F3F3F3F19
S2187E14643F3F3F3F3F3F3F3F3F3F3F3F3F3F3F3F3F3F3F3F05
S2187E14783F3F3F3F3F3F3F3F3F3F3F3F3F3F3F3F3F3F3F3FF1
S2187E148C3F3F3F3F3F3F3F3F3F3F3F3F3F3F3F3F3F3F3F3FDD
S2187E14A03F3F3F3F3F3F3F3F3F3F3F3F3F3F3F3F3F3F3F3FC9
S2187E14B43F3F3F3F3F3F3F3F3F3F3F3F3F3F3F3F3F3F3F3FB5
S2187E14C83F3F3F3F3F3F3F3F3F3F3F3F3F3F3F3F3F3F3F3FA1
S2187E14DC3F3F3F3F3F3F3F3F3F3F3F3F3F3F3F3F3F3F3F3F8D
S2187E14F03F3F3F3F3F3F3F3F3F3F3F3F3F3F3F3F3F3F3F3F79
S2187E15043F3F3F3F3F3F3F3F3F3F3F3F3F3F3F3F3F3F3F3F64
S2187E15183F3F3F3F3F3F3F3F3F3F3F3F3F3F3F3F3F3F3F3F50
S2187E152C3F3F3F3F3F3F3F3F3F3F3F3F3F3F3F3F3F3F3F3F3C
S2187E15403F3F3F3F3F3F3F3F3F3F3F3F3F3F3F3F3F3F3F3F28
S2187E15543F3F3F3F3F3F3F3F3F3F3F3F3F3F3F3F3F3F3F3F14
S2187E15683F3F3F3F3F3F3F3F3F3F3F3F3F3F3F3F3F3F3F3F00
S2187E157C3F3F3F3F3F3F3F3F3F3F3F3F3F3F3F3F3F3F3F3FEC
S2187E15903F3F3F3F3F3F3F3F3F3F3F3F3F3F3F3F3F3F3F3FD8
S2187E15A43F3F3F3F3F3F3F3F3F3F3F3F3F3F3F3F3F3F3F3FC4
S2187E15B83F3F3F3F3F3F3F3F3F3F3F3F3F3F3F3F3F3F3F3FB0
S2187E15CC3F3F3F3F3F3F3F3F3F3F3F3F3F3F3F3F3F3F3F3F9C
S2187E15E03F3F3F3F3F3F3F3F3F3F3F3F3F3F3F3F3F3F3F3F88
S2187E15F43F3F3F3F3F3F3F3F3F3F3F3F3F3F3F3F3F3F3F3F74
S2187E16083F3F3F3F3F3F3F3F3F3F3F3F3F3F3F3F3F3F3F3F5F
S2187E161C3F3F3F3F3F3F3F3F3F3F3F3F3F3F3F3F3F3F3F3F4B
S2187E16303F3F3F3F3F3F3F3F3F3F3F3F3F3F3F3F3F3F3F3F37
S2187E16443F3F3F3F3F3F3F3F3F3F3F3F3F3F3F3F3F3F3F3F23
S2187E16583F3F3F3F3F3F3F3F3F3F3F3F3F3F3F3F3F3F3F3F0F
S2187E166C3F3F3F3F3F3F3F3F3F3F3F3F3F3F3F3F3F3F3F3FFB
S2187E16803F3F3F3F3F3F3F3F3F3F3F3F3F3F3F3F3F3F3F3FE7
S2187E16943F3F3F3F3F3F3F3F3F3F3F3F3F3F3F3F3F3F3F3FD3
S2187E16A83F3F3F3F3F3F3F3F3F3F3F3F3F3F3F3F3F3F3F3FBF
S2187E16BC3F3F3F3F3F3F3F3F3F3F3F3F3F3F3F3F3F3F3F3FAB
S2187E16D03F3F3F3F3F3F3F3F3F3F3F3F3F3F3F3F3F3F3F3F97
S2187E16E43F3F3F3F3F3F3F3F3F3F3F3F3F3F3F3F3F3F3F3F83
S2187E16F83F3F3F3F3F3F3F3F3F3F3F3F3F3F3F3F3F3F3F3F6F
S2187E170C3F3F3F3F3F3F3F3F3F3F3F3F3F3F3F3F3F3F3F3F5A
S2187E17203F3F3F3F3F3F3F3F3F3F3F3F3F3F3F3F3F3F3F3F46
S2187E17343F3F3F3F3F3F3F3F3F3F3F3F3F3F3F3F3F3F3F3F32
S2187E17483F3F3F3F3F3F3F3F3F3F3F3F3F3F3F3F3F3F3F3F1E
S2187E175C3F3F3F3F3F3F3F3F3F3F3F3F3F3F3F3F3F3F3F3F0A
S2187E17703F3F3F3F3F3F3F3F3F3F3F3F3F3F3F3F3F3F3F3FF6
S2187E17843F3F3F3F3F3F3F3F3F3F3F3F3F3F3F3F3F3F3F3FE2
S2187E17983F3F3F3F3F3F3F3F3F3F3F3F3F3F3F3F3F3F3F3FCE
S2187E17AC3F3F3F3F3F3F3F3F3F3F3F3F3F3F3F3F3F3F3F3FBA
S2187E17C03F3F3F3F3F3F3F3F3F3F3F3F3F3F3F3F3F3F3F3FA6
S2187E17D43F3F3F3F3F3F3F3F3F3F3F3F3F3F3F3F3F3F3F3F92
S2187E17E83F3F3F3F3F3F3F3F3F3F3F3F3F3F3F3F3F3F3F3F7E
S2187E17FC3F3F3F3F3F3F3F3F3F3F3F3F3F3F3F3F3F3F3F3F6A
S2187E18103F3F3F3F3F3F3F3F3F3F3F3F3F3F3F3F3F3F3F3F55
S2187E18243F3F3F3F3F3F3F3F3F3F3F3F3F3F3F3F3F3F3F3F41
S2187E18383F3F3F3F3F3F3F3F3F3F3F3F3F3F3F3F3F3F3F3F2D
S2187E184C3F3F3F3F3F3F3F3F3F3F3F3F3F3F3F3F3F3F3F3F19
S2187E18603F3F3F3F3F3F3F3F3F3F3F3F3F3F3F3F3F3F3F3F05
S2187E18743F3F3F3F3F3F3F3F3F3F3F3F3F3F3F3F3F3F3F3FF1
S2187E18883F3F3F3F3F3F3F3F3F3F3F3F3F3F3F3F3F3F3F3FDD
S2187E189C3F3F3F3F3F3F3F3F3F3F3F3F3F3F3F3F3F3F3F3FC9
S2187E18B03F3F3F3F3F3F3F3F3F3F3F3F3F3F3F3F3F3F3F3FB5
S2187E18C43F3F3F3F3F3F3F3F3F3F3F3F3F3F3F3F3F3F3F3FA1
S2187E18D83F3F3F3F3F3F3F3F3F3F3F3F3F3F3F3F3F3F3F3F8D
S2187E18EC3F3F3F3F3F3F3F3F3F3F3F3F3F3F3F3F3F3F3F3F79
S2187E19003F3F3F3F3F3F3F3F3F3F3F3F3F3F3F3F3F3F3F3F64
S2187E19143F3F3F3F3F3F3F3F3F3F3F3F3F3F3F3F3F3F3F3F50
S2187E19283F3F3F3F3F3F3F3F3F3F3F3F3F3F3F3F3F3F3F3F3C
S2187E193C3F3F3F3F3F3F3F3F3F3F3F3F3F3F3F3F3F3F3F3F28
S2187E19503F3F3F3F3F3F3F3F3F3F3F3F3F3F3F3F3F3F3F3F14
S2187E19643F3F3F3F3F3F3F3F3F3F3F3F3F3F3F3F3F3F3F3F00
S2187E19783F3F3F3F3F3F3F3F3F3F3F3F3F3F3F3F3F3F3F3FEC
S2187E198C3F3F3F3F3F3F3F3F3F3F3F3F3F3F3F3F3F3F3F3FD8
S2187E19A03F3F3F3F3F3F3F3F3F3F3F3F3F3F3F3F3F3F3F3FC4
S2187E19B43F3F3F3F3F3F3F3F3F3F3F3F3F3F3F3F3F3F3F3FB0
S2187E19C83F3F3F3F3F3F3F3F3F3F3F3F3F3F3F3F3F3F3F3F9C
S2187E19DC3F3F3F3F3F3F3F3F3F3F3F3F3F3F3F3F3F3F3F3F88
S2187E19F03F3F3F3F3F3F3F3F3F3F3F3F3F3F3F3F3F3F3F3F74
S2187E1A043F3F3F3F3F3F3F3F3F3F3F3F3F3F3F3F3F3F3F3F5F
S2187E1A183F3F3F3F3F3F3F3F3F3F3F3F3F3F3F3F3F3F3F3F4B
S2187E1A2C3F3F3F3F3F3F3F3F3F3F3F3F3F3F3F3F3F3F3F3F37
S2187E1A403F3F3F3F3F3F3F3F3F3F3F3F3F3F3F3F3F3F3F3F23
S2187E1A543F3F3F3F3F3F3F3F3F3F3F3F3F3F3F3F3F3F3F3F0F
S2187E1A683F3F3F3F3F3F3F3F3F3F3F3F3F3F3F3F3F3F3F3FFB
S2187E1A7C3F3F3F3F3F3F3F3F3F3F3F3F3F3F3F3F3F3F3F3FE7
S2187E1A903F3F3F3F3F3F3F3F3F3F3F3F3F3F3F3F3F3F3F3FD3
S2187E1AA43F3F3F3F3F3F3F3F3F3F3F3F3F3F3F3F3F3F3F3FBF
S2187E1AB83F3F3F3F3F3F3F3F3F3F3F3F3F3F3F3F3F3F3F3FAB
S2187E1ACC3F3F3F3F3F3F3F3F3F3F3F3F3F3F3F3F3F3F3F3F97
S2187E1AE03F3F3F3F3F3F3F3F3F3F3F3F3F3F3F3F3F3F3F3F83
S2187E1AF43F3F3F3F3F3F3F3F3F3F3F3F3F3F3F3F3F3F3F3F6F
S2187E1B083F3F3F3F3F3F3F3F3F3F3F3F3F3F3F3F3F3F3F3F5A
S2187E1B1C3F3F3F3F3F3F3F3F3F3F3F3F3F3F3F3F3F3F3F3F46
S2187E1B303F3F3F3F3F3F3F3F3F3F3F3F3F3F3F3F3F3F3F3F32
S2187E1B443F3F3F3F3F3F3F3F3F3F3F3F3F3F3F3F3F3F3F3F1E
S2187E1B583F3F3F3F3F3F3F3F3F3F3F3F3F3F3F3F3F3F3F3F0A
S2187E1B6C3F3F3F3F3F3F3F3F3F3F3F3F3F3F3F3F3F3F3F3FF6
S2187E1B803F3F3F3F3F3F3F3F3F3F3F3F3F3F3F3F3F3F3F3FE2
S2187E1B943F3F3F3F3F3F3F3F3F3F3F3F3F3F3F3F3F3F3F3FCE
S2187E1BA83F3F3F3F3F3F3F3F3F3F3F3F3F3F3F3F3F3F3F3FBA
S2187E1BBC3F3F3F3F3F3F3F3F3F3F3F3F3F3F3F3F3F3F3F3FA6
S2187E1BD03F3F3F3F3F3F3F3F3F3F3F3F3F3F3F3F3F3F3F3F92
S2187E1BE43F3F3F3F3F3F3F3F3F3F3F3F3F3F3F3F3F3F3F3F7E
S2187E1BF83F3F3F3F3F3F3F3F3F3F3F3F3F3F3F3F3F3F3F3F6A
S2187E1C0C3F3F3F3F3F3F3F3F3F3F3F3F3F3F3F3F3F3F3F3F55
S2187E1C203F3F3F3F3F3F3F3F3F3F3F3F3F3F3F3F3F3F3F3F41
S2187E1C343F3F3F3F3F3F3F3F3F3F3F3F3F3F3F3F3F3F3F3F2D
S2187E1C483F3F3F3F3F3F3F3F3F3F3F3F3F3F3F3F3F3F3F3F19
S2187E1C5C3F3F3F3F3F3F3F3F3F3F3F3F3F3F3F3F3F3F3F3F05
S2187E1C703F3F3F3F3F3F3F3F3F3F3F3F3F3F3F3F3F3F3F3FF1
S2187E1C843F3F3F3F3F3F3F3F3F3F3F3F3F3F3F3F3F3F3F3FDD
S2187E1C983F3F3F3F3F3F3F3F3F3F3F3F3F3F3F3F3F3F3F3FC9
S2187E1CAC3F3F3F3F3F3F3F3F3F3F3F3F3F3F3F3F3F3F3F3FB5
S2187E1CC03F3F3F3F3F3F3F3F3F3F3F3F3F3F3F3F3F3F3F3FA1
S2187E1CD43F3F3F3F3F3F3F3F3F3F3F3F3F3F3F3F3F3F3F3F8D
S2187E1CE83F3F3F3F3F3F3F3F3F3F3F3F3F3F3F3F3F3F3F3F79
S2187E1CFC3F3F3F3F3F3F3F3F3F3F3F3F3F3F3F3F3F3F3F3F65
S2187E1D103F3F3F3F3F3F3F3F3F3F3F3F3F3F3F3F3F3F3F3F50
S2187E1D243F3F3F3F3F3F3F3F3F3F3F3F3F3F3F3F3F3F3F3F3C
S2187E1D383F3F3F3F3F3F3F3F3F3F3F3F3F3F3F3F3F3F3F3F28
S2187E1D4C3F3F3F3F3F3F3F3F3F3F3F3F3F3F3F3F3F3F3F3F14
S2187E1D603F3F3F3F3F3F3F3F3F3F3F3F3F3F3F3F3F3F3F3F00
S2187E1D743F3F3F3F3F3F3F3F3F3F3F3F3F3F3F3F3F3F3F3FEC
S2187E1D883F3F3F3F3F3F3F3F3F3F3F3F3F3F3F3F3F3F3F3FD8
S2187E1D9C3F3F3F3F3F3F3F3F3F3F3F3F3F3F3F3F3F3F3F3FC4
S2187E1DB03F3F3F3F3F3F3F3F3F3F3F3F3F3F3F3F3F3F3F3FB0
S2187E1DC43F3F3F3F3F3F3F3F3F3F3F3F3F3F3F3F3F3F3F3F9C
S2187E1DD83F3F3F3F3F3F3F3F3F3F3F3F3F3F3F3F3F3F3F3F88
S2187E1DEC3F3F3F3F3F3F3F3F3F3F3F3F3F3F3F3F3F3F3F3F74
S2187E1E003F3F3F3F3F3F3F3F3F3F3F3F3F3F3F3F3F3F3F3F5F
S2187E1E143F3F3F3F3F3F3F3F3F3F3F3F3F3F3F3F3F3F3F3F4B
S2187E1E283F3F3F3F3F3F3F3F3F3F3F3F3F3F3F3F3F3F3F3F37
S2187E1E3C3F3F3F3F3F3F3F3F3F3F3F3F3F3F3F3F3F3F3F3F23
S2187E1E503F3F3F3F3F3F3F3F3F3F3F3F3F3F3F3F3F3F3F3F0F
S2187E1E643F3F3F3F3F3F3F3F3F3F3F3F3F3F3F3F3F3F3F3FFB
S2187E1E783F3F3F3F3F3F3F3F3F3F3F3F3F3F3F3F3F3F3F3FE7
S2187E1E8C3F3F3F3F3F3F3F3F3F3F3F3F3F3F3F3F3F3F3F3FD3
S2187E1EA03F3F3F3F3F3F3F3F3F3F3F3F3F3F3F3F3F3F3F3FBF
S2187E1EB43F3F3F3F3F3F3F3F3F3F3F3F3F3F3F3F3F3F3F3FAB
S2187E1EC83F3F3F3F3F3F3F3F3F3F3F3F3F3F3F3F3F3F3F3F97
S2187E1EDC3F3F3F3F3F3F3F3F3F3F3F3F3F3F3F3F3F3F3F3F83
S2187E1EF03F3F3F3F3F3F3F3F3F3F3F3F3F3F3F3F3F3F3F3F6F
S2187E1F043F3F3F3F3F3F3F3F3F3F3F3F3F3F3F3F3F3F3F3F5A
S2187E1F183F3F3F3F3F3F3F3F3F3F3F3F3F3F3F3F3F3F3F3F46
S2187E1F2C3F3F3F3F3F3F3F3F3F3F3F3F3F3F3F3F3F3F3F3F32
S2187E1F403F3F3F3F3F3F3F3F3F3F3F3F3F3F3F3F3F3F3F3F1E
S2187E1F543F3F3F3F3F3F3F3F3F3F3F3F3F3F3F3F3F3F3F3F0A
S2187E1F683F3F3F3F3F3F3F3F3F3F3F3F3F3F3F3F3F3F3F3FF6
S2187E1F7C3F3F3F3F3F3F3F3F3F3F3F3F3F3F3F3F3F3F3F3FE2
S2187E1F903F3F3F3F3F3F3F3F3F3F3F3F3F3F3F3F3F3F3F3FCE
S2187E1FA43F3F3F3F3F3F3F3F3F3F3F3F3F3F3F3F3F3F3F3FBA
S2187E1FB83F3F3F3F3F3F3F3F3F3F3F3F3F3F3F3F3F3F3F3FA6
S2187E1FCC3F3F3F3F3F3F3F3F3F3F3F3F3F3F3F3F3F3F3F3F92
S2187E1FE03F3F3F3F3F3F3F3F3F3F3F3F3F3F3F3F3F3F3F3F7E
S2187E1FF43F3F3F3F3F3F3F3F3F3F3F3F3F3F3F3F3F3F3F3F6A
S2187E20083F3F3F3F3F3F3F3F3F3F3F3F3F3F3F3F3F3F3F3F55
S2187E201C3F3F3F3F3F3F3F3F3F3F3F3F3F3F3F3F3F3F3F3F41
S2187E20303F3F3F3F3F3F3F3F3F3F3F3F3F3F3F3F3F3F3F3F2D
S2187E20443F3F3F3F3F3F3F3F3F3F3F3F3F3F3F3F3F3F3F3F19
S2187E20583F3F3F3F3F3F3F3F3F3F3F3F3F3F3F3F3F3F3F3F05
S2187E206C3F3F3F3F3F3F3F3F3F3F3F3F3F3F3F3F3F3F3F3FF1
S2187E20803F3F3F3F3F3F3F3F3F3F3F3F3F3F3F3F3F3F3F3FDD
S2187E20943F3F3F3F3F3F3F3F3F3F3F3F3F3F3F3F3F3F3F3FC9
S2187E20A83F3F3F3F3F3F3F3F3F3F3F3F3F3F3F3F3F3F3F3FB5
S2187E20BC3F3F3F3F3F3F3F3F3F3F3F3F3F3F3F3F3F3F3F3FA1
S2187E20D03F3F3F3F3F3F3F3F3F3F3F3F3F3F3F3F3F3F3F3F8D
S2187E20E43F3F3F3F3F3F3F3F3F3F3F3F3F3F3F3F3F3F3F3F79
S2187E20F83F3F3F3F3F3F3F3F3F3F3F3F3F3F3F3F3F3F3F3F65
S2187E210C3F3F3F3F3F3F3F3F3F3F3F3F3F3F3F3F3F3F3F3F50
S2187E21203F3F3F3F3F3F3F3F3F3F3F3F3F3F3F3F3F3F3F3F3C
S2187E21343F3F3F3F3F3F3F3F3F3F3F3F3F3F3F3F3F3F3F3F28
S2187E21483F3F3F3F3F3F3F3F3F3F3F3F3F3F3F3F3F3F3F3F14
S2187E215C3F3F3F3F3F3F3F3F3F3F3F3F3F3F3F3F3F3F3F3F00
S2187E21703F3F3F3F3F3F3F3F3F3F3F3F3F3F3F3F3F3F3F3FEC
S2187E21843F3F3F3F3F3F3F3F3F3F3F3F3F3F3F3F3F3F3F3FD8
S2187E21983F3F3F3F3F3F3F3F3F3F3F3F3F3F3F3F3F3F3F3FC4
S2187E21AC3F3F3F3F3F3F3F3F3F3F3F3F3F3F3F3F3F3F3F3FB0
S2187E21C03F3F3F3F3F3F3F3F3F3F3F3F3F3F3F3F3F3F3F3F9C
S2187E21D43F3F3F3F3F3F3F3F3F3F3F3F3F3F3F3F3F3F3F3F88
S2187E21E83F3F3F3F3F3F3F3F3F3F3F3F3F3F3F3F3F3F3F3F74
S2187E21FC3F3F3F3F3F3F3F3F3F3F3F3F3F3F3F3F3F3F3F3F60
S2187E22103F3F3F3F3F3F3F3F3F3F3F3F3F3F3F3F3F3F3F3F4B
S2187E22243F3F3F3F3F3F3F3F3F3F3F3F3F3F3F3F3F3F3F3F37
S2187E22383F3F3F3F3F3F3F3F3F3F3F3F3F3F3F3F3F3F3F3F23
S2187E224C3F3F3F3F3F3F3F3F3F3F3F3F3F3F3F3F3F3F3F3F0F
S2187E22603F3F3F3F3F3F3F3F3F3F3F3F3F3F3F3F3F3F3F3FFB
S2187E22743F3F3F3F3F3F3F3F3F3F3F3F3F3F3F3F3F3F3F3FE7
S2187E22883F3F3F3F3F3F3F3F3F3F3F3F3F3F3F3F3F3F3F3FD3
S2187E229C3F3F3F3F3F3F3F3F3F3F3F3F3F3F3F3F3F3F3F3FBF
S2187E22B03F3F3F3F3F3F3F3F3F3F3F3F3F3F3F3F3F3F3F3FAB
S2187E22C43F3F3F3F3F3F3F3F3F3F3F3F3F3F3F3F3F3F3F3F97
S2187E22D83F3F3F3F3F3F3F3F3F3F3F3F3F3F3F3F3F3F3F3F83
S2187E22EC3F3F3F3F3F3F3F3F3F3F3F3F3F3F3F3F3F3F3F3F6F
S2187E23003F3F3F3F3F3F3F3F3F3F3F3F3F3F3F3F3F3F3F3F5A
S2187E23143F3F3F3F3F3F3F3F3F3F3F3F3F3F3F3F3F3F3F3F46
S2187E23283F3F3F3F3F3F3F3F3F3F3F3F3F3F3F3F3F3F3F3F32
S2187E233C3F3F3F3F3F3F3F3F3F3F3F3F3F3F3F3F3F3F3F3F1E
S2187E23503F3F3F3F3F3F3F3F3F3F3F3F3F3F3F3F3F3F3F3F0A
S2187E23643F3F3F3F3F3F3F3F3F3F3F3F3F3F3F3F3F3F3F3FF6
S2187E23783F3F3F3F3F3F3F3F3F3F3F3F3F3F3F3F3F3F3F3FE2
S2187E238C3F3F3F3F3F3F3F3F3F3F3F3F3F3F3F3F3F3F3F3FCE
S2187E23A03F3F3F3F3F3F3F3F3F3F3F3F3F3F3F3F3F3F3F3FBA
S2187E23B43F3F3F3F3F3F3F3F3F3F3F3F3F3F3F3F3F3F3F3FA6
S2187E23C83F3F3F3F3F3F3F3F3F3F3F3F3F3F3F3F3F3F3F3F92
S2187E23DC3F3F3F3F3F3F3F3F3F3F3F3F3F3F3F3F3F3F3F3F7E
S2187E23F03F3F3F3F3F3F3F3F3F3F3F3F3F3F3F3F3F3F3F3F6A
S2187E24043F3F3F3F3F3F3F3F3F3F3F3F3F3F3F3F3F3F3F3F55
S2187E24183F3F3F3F3F3F3F3F3F3F3F3F3F3F3F3F3F3F3F3F41
S2187E242C3F3F3F3F3F3F3F3F3F3F3F3F3F3F3F3F3F3F3F3F2D
S2187E24403F3F3F3F3F3F3F3F3F3F3F3F3F3F3F3F3F3F3F3F19
S2187E24543F3F3F3F3F3F3F3F3F3F3F3F3F3F3F3F3F3F3F3F05
S2187E24683F3F3F3F3F3F3F3F3F3F3F3F3F3F3F3F3F3F3F3FF1
S2187E247C3F3F3F3F3F3F3F3F3F3F3F3F3F3F3F3F3F3F3F3FDD
S2187E24903F3F3F3F3F3F3F3F3F3F3F3F3F3F3F3F3F3F3F3FC9
S2187E24A43F3F3F3F3F3F3F3F3F3F3F3F3F3F3F3F3F3F3F3FB5
S2187E24B83F3F3F3F3F3F3F3F3F3F3F3F3F3F3F3F3F3F3F3FA1
S2187E24CC3F3F3F3F3F3F3F3F3F3F3F3F3F3F3F3F3F3F3F3F8D
S2187E24E03F3F3F3F3F3F3F3F3F3F3F3F3F3F3F3F3F3F3F3F79
S2187E24F43F3F3F3F3F3F3F3F3F3F3F3F3F3F3F3F3F3F3F3F65
S2187E25083F3F3F3F3F3F3F3F3F3F3F3F3F3F3F3F3F3F3F3F50
S2187E251C3F3F3F3F3F3F3F3F3F3F3F3F3F3F3F3F3F3F3F3F3C
S2187E25303F3F3F3F3F3F3F3F3F3F3F3F3F3F3F3F3F3F3F3F28
S2187E25443F3F3F3F3F3F3F3F3F3F3F3F3F3F3F3F3F3F3F3F14
S2187E25583F3F3F3F3F3F3F3F3F3F3F3F3F3F3F3F3F3F3F3F00
S2187E256C3F3F3F3F3F3F3F3F3F3F3F3F3F3F3F3F3F3F3F3FEC
S2187E25803F3F3F3F3F3F3F3F3F3F3F3F3F3F3F3F3F3F3F3FD8
S2187E25943F3F3F3F3F3F3F3F3F3F3F3F3F3F3F3F3F3F3F3FC4
S2187E25A83F3F3F3F3F3F3F3F3F3F3F3F3F3F3F3F3F3F3F3FB0
S2187E25BC3F3F3F3F3F3F3F3F3F3F3F3F3F3F3F3F3F3F3F3F9C
S2187E25D03F3F3F3F3F3F3F3F3F3F3F3F3F3F3F3F3F3F3F3F88
S2187E25E43F3F3F3F3F3F3F3F3F3F3F3F3F3F3F3F3F3F3F3F74
S2187E25F83F3F3F3F3F3F3F3F3F3F3F3F3F3F3F3F3F3F3F3F60
S2187E260C3F3F3F3F3F3F3F3F3F3F3F3F3F3F3F3F3F3F3F3F4B
S2187E26203F3F3F3F3F3F3F3F3F3F3F3F3F3F3F3F3F3F3F3F37
S2187E26343F3F3F3F3F3F3F3F3F3F3F3F3F3F3F3F3F3F3F3F23
S2187E26483F3F3F3F3F3F3F3F3F3F3F3F3F3F3F3F3F3F3F3F0F
S2187E265C3F3F3F3F3F3F3F3F3F3F3F3F3F3F3F3F3F3F3F3FFB
S2187E26703F3F3F3F3F3F3F3F3F3F3F3F3F3F3F3F3F3F3F3FE7
S2187E26843F3F3F3F3F3F3F3F3F3F3F3F3F3F3F3F3F3F3F3FD3
S2187E26983F3F3F3F3F3F3F3F3F3F3F3F3F3F3F3F3F3F3F3FBF
S2187E26AC3F3F3F3F3F3F3F3F3F3F3F3F3F3F3F3F3F3F3F3FAB
S2187E26C03F3F3F3F3F3F3F3F3F3F3F3F3F3F3F3F3F3F3F3F97
S2187E26D43F3F3F3F3F3F3F3F3F3F3F3F3F3F3F3F3F3F3F3F83
S2187E26E83F3F3F3F3F3F3F3F3F3F3F3F3F3F3F3F3F3F3F3F6F
S2187E26FC3F3F3F3F3F3F3F3F3F3F3F3F3F3F3F3F3F3F3F3F5B
S2187E27103F3F3F3F3F3F3F3F3F3F3F3F3F3F3F3F3F3F3F3F46
S2187E27243F3F3F3F3F3F3F3F3F3F3F3F3F3F3F3F3F3F3F3F32
S2187E27383F3F3F3F3F3F3F3F3F3F3F3F3F3F3F3F3F3F3F3F1E
S2187E274C3F3F3F3F3F3F3F3F3F3F3F3F3F3F3F3F3F3F3F3F0A
S2187E27603F3F3F3F3F3F3F3F3F3F3F3F3F3F3F3F3F3F3F3FF6
S2187E27743F3F3F3F3F3F3F3F3F3F3F3F3F3F3F3F3F3F3F3FE2
S2187E27883F3F3F3F3F3F3F3F3F3F3F3F3F3F3F3F3F3F3F3FCE
S2187E279C3F3F3F3F3F3F3F3F3F3F3F3F3F3F3F3F3F3F3F3FBA
S2187E27B03F3F3F3F3F3F3F3F3F3F3F3F3F3F3F3F3F3F3F3FA6
S2187E27C43F3F3F3F3F3F3F3F3F3F3F3F3F3F3F3F3F3F3F3F92
S2187E27D83F3F3F3F3F3F3F3F3F3F3F3F3F3F3F3F3F3F3F3F7E
S2187E27EC3F3F3F3F3F3F3F3F3F3F3F3F3F3F3F3F3F3F3F3F6A
S2187E28003F3F3F3F3F3F3F3F3F3F3F3F3F3F3F3F3F3F3F3F55
S2187E28143F3F3F3F3F3F3F3F3F3F3F3F3F3F3F3F3F3F3F3F41
S2187E28283F3F3F3F3F3F3F3F3F3F3F3F3F3F3F3F3F3F3F3F2D
S2187E283C3F3F3F3F3F3F3F3F3F3F3F3F3F3F3F3F3F3F3F3F19
S2187E28503F3F3F3F3F3F3F3F3F3F3F3F3F3F3F3F3F3F3F3F05
S2187E28643F3F3F3F3F3F3F3F3F3F3F3F3F3F3F3F3F3F3F3FF1
S2187E28783F3F3F3F3F3F3F3F3F3F3F3F3F3F3F3F3F3F3F3FDD
S2187E288C3F3F3F3F3F3F3F3F3F3F3F3F3F3F3F3F3F3F3F3FC9
S2187E28A03F3F3F3F3F3F3F3F3F3F3F3F3F3F3F3F3F3F3F3FB5
S2187E28B43F3F3F3F3F3F3F3F3F3F3F3F3F3F3F3F3F3F3F3FA1
S2187E28C83F3F3F3F3F3F3F3F3F3F3F3F3F3F3F3F3F3F3F3F8D
S2187E28DC3F3F3F3F3F3F3F3F3F3F3F3F3F3F3F3F3F3F3F3F79
S2187E28F03F3F3F3F3F3F3F3F3F3F3F3F3F3F3F3F3F3F3F3F65
S2187E29043F3F3F3F3F3F3F3F3F3F3F3F3F3F3F3F3F3F3F3F50
S2187E29183F3F3F3F3F3F3F3F3F3F3F3F3F3F3F3F3F3F3F3F3C
S2187E292C3F3F3F3F3F3F3F3F3F3F3F3F3F3F3F3F3F3F3F3F28
S2187E29403F3F3F3F3F3F3F3F3F3F3F3F3F3F3F3F3F3F3F3F14
S2187E29543F3F3F3F3F3F3F3F3F3F3F3F3F3F3F3F3F3F3F3F00
S2187E29683F3F3F3F3F3F3F3F3F3F3F3F3F3F3F3F3F3F3F3FEC
S2187E297C3F3F3F3F3F3F3F3F3F3F3F3F3F3F3F3F3F3F3F3FD8
S2187E29903F3F3F3F3F3F3F3F3F3F3F3F3F3F3F3F3F3F3F3FC4
S2187E29A43F3F3F3F3F3F3F3F3F3F3F3F3F3F3F3F3F3F3F3FB0
S2187E29B83F3F3F3F3F3F3F3F3F3F3F3F3F3F3F3F3F3F3F3F9C
S2187E29CC3F3F3F3F3F3F3F3F3F3F3F3F3F3F3F3F3F3F3F3F88
S2187E29E03F3F3F3F3F3F3F3F3F3F3F3F3F3F3F3F3F3F3F3F74
S2187E29F43F3F3F3F3F3F3F3F3F3F3F3F3F3F3F3F3F3F3F3F60
S2187E2A083F3F3F3F3F3F3F3F3F3F3F3F3F3F3F3F3F3F3F3F4B
S2187E2A1C3F3F3F3F3F3F3F3F3F3F3F3F3F3F3F3F3F3F3F3F37
S2187E2A303F3F3F3F3F3F3F3F3F3F3F3F3F3F3F3F3F3F3F3F23
S2187E2A443F3F3F3F3F3F3F3F3F3F3F3F3F3F3F3F3F3F3F3F0F
S2187E2A583F3F3F3F3F3F3F3F3F3F3F3F3F3F3F3F3F3F3F3FFB
S2187E2A6C3F3F3F3F3F3F3F3F3F3F3F3F3F3F3F3F3F3F3F3FE7
S2187E2A803F3F3F3F3F3F3F3F3F3F3F3F3F3F3F3F3F3F3F3FD3
S2187E2A943F3F3F3F3F3F3F3F3F3F3F3F3F3F3F3F3F3F3F3FBF
S2187E2AA83F3F3F3F3F3F3F3F3F3F3F3F3F3F3F3F3F3F3F3FAB
S2187E2ABC3F3F3F3F3F3F3F3F3F3F3F3F3F3F3F3F3F3F3F3F97
S2187E2AD03F3F3F3F3F3F3F3F3F3F3F3F3F3F3F3F3F3F3F3F83
S2187E2AE43F3F3F3F3F3F3F3F3F3F3F3F3F3F3F3F3F3F3F3F6F
S2187E2AF83F3F3F3F3F3F3F3F3F3F3F3F3F3F3F3F3F3F3F3F5B
S2187E2B0C3F3F3F3F3F3F3F3F3F3F3F3F3F3F3F3F3F3F3F3F46
S2187E2B203F3F3F3F3F3F3F3F3F3F3F3F3F3F3F3F3F3F3F3F32
S2187E2B343F3F3F3F3F3F3F3F3F3F3F3F3F3F3F3F3F3F3F3F1E
S2187E2B483F3F3F3F3F3F3F3F3F3F3F3F3F3F3F3F3F3F3F3F0A
S2187E2B5C3F3F3F3F3F3F3F3F3F3F3F3F3F3F3F3F3F3F3F3FF6
S2187E2B703F3F3F3F3F3F3F3F3F3F3F3F3F3F3F3F3F3F3F3FE2
S2187E2B843F3F3F3F3F3F3F3F3F3F3F3F3F3F3F3F3F3F3F3FCE
S2187E2B983F3F3F3F3F3F3F3F3F3F3F3F3F3F3F3F3F3F3F3FBA
S2187E2BAC3F3F3F3F3F3F3F3F3F3F3F3F3F3F3F3F3F3F3F3FA6
S2187E2BC03F3F3F3F3F3F3F3F3F3F3F3F3F3F3F3F3F3F3F3F92
S2187E2BD43F3F3F3F3F3F3F3F3F3F3F3F3F3F3F3F3F3F3F3F7E
S2187E2BE83F3F3F3F3F3F3F3F3F3F3F3F3F3F3F3F3F3F3F3F6A
S2187E2BFC3F3F3F3F3F3F3F3F3F3F3F3F3F3F3F3F3F3F3F3F56
S2187E2C103F3F3F3F3F3F3F3F3F3F3F3F3F3F3F3F3F3F3F3F41
S2187E2C243F3F3F3F3F3F3F3F3F3F3F3F3F3F3F3F3F3F3F3F2D
S2187E2C383F3F3F3F3F3F3F3F3F3F3F3F3F3F3F3F3F3F3F3F19
S2187E2C4C3F3F3F3F3F3F3F3F3F3F3F3F3F3F3F3F3F3F3F3F05
S2187E2C603F3F3F3F3F3F3F3F3F3F3F3F3F3F3F3F3F3F3F3FF1
S2187E2C743F3F3F3F3F3F3F3F3F3F3F3F3F3F3F3F3F3F3F3FDD
S2187E2C883F3F3F3F3F3F3F3F3F3F3F3F3F3F3F3F3F3F3F3FC9
S2187E2C9C3F3F3F3F3F3F3F3F3F3F3F3F3F3F3F3F3F3F3F3FB5
S2187E2CB03F3F3F3F3F3F3F3F3F3F3F3F3F3F3F3F3F3F3F3FA1
S2187E2CC43F3F3F3F3F3F3F3F3F3F3F3F3F3F3F3F3F3F3F3F8D
S2187E2CD83F3F3F3F3F3F3F3F3F3F3F3F3F3F3F3F3F3F3F3F79
S2187E2CEC3F3F3F3F3F3F3F3F3F3F3F3F3F3F3F3F3F3F3F3F65
S2187E2D003F3F3F3F3F3F3F3F3F3F3F3F3F3F3F3F3F3F3F3F50
S2187E2D143F3F3F3F3F3F3F3F3F3F3F3F3F3F3F3F3F3F3F3F3C
S2187E2D283F3F3F3F3F3F3F3F3F3F3F3F3F3F3F3F3F3F3F3F28
S2187E2D3C3F3F3F3F3F3F3F3F3F3F3F3F3F3F3F3F3F3F3F3F14
S2187E2D503F3F3F3F3F3F3F3F3F3F3F3F3F3F3F3F3F3F3F3F00
S2187E2D643F3F3F3F3F3F3F3F3F3F3F3F3F3F3F3F3F3F3F3FEC
S2187E2D783F3F3F3F3F3F3F3F3F3F3F3F3F3F3F3F3F3F3F3FD8
S2187E2D8C3F3F3F3F3F3F3F3F3F3F3F3F3F3F3F3F3F3F3F3FC4
S2187E2DA03F3F3F3F3F3F3F3F3F3F3F3F3F3F3F3F3F3F3F3FB0
S2187E2DB43F3F3F3F3F3F3F3F3F3F3F3F3F3F3F3F3F3F3F3F9C
S2187E2DC83F3F3F3F3F3F3F3F3F3F3F3F3F3F3F3F3F3F3F3F88
S2187E2DDC3F3F3F3F3F3F3F3F3F3F3F3F3F3F3F3F3F3F3F3F74
S2187E2DF03F3F3F3F3F3F3F3F3F3F3F3F3F3F3F3F3F3F3F3F60
S2187E2E043F3F3F3F3F3F3F3F3F3F3F3F3F3F3F3F3F3F3F3F4B
S2187E2E183F3F3F3F3F3F3F3F3F3F3F3F3F3F3F3F3F3F3F3F37
S2187E2E2C3F3F3F3F3F3F3F3F3F3F3F3F3F3F3F3F3F3F3F3F23
S2187E2E403F3F3F3F3F3F3F3F3F3F3F3F3F3F3F3F3F3F3F3F0F
S2187E2E543F3F3F3F3F3F3F3F3F3F3F3F3F3F3F3F3F3F3F3FFB
S2187E2E683F3F3F3F3F3F3F3F3F3F3F3F3F3F3F3F3F3F3F3FE7
S2187E2E7C3F3F3F3F3F3F3F3F3F3F3F3F3F3F3F3F3F3F3F3FD3
S2187E2E903F3F3F3F3F3F3F3F3F3F3F3F3F3F3F3F3F3F3F3FBF
S2187E2EA43F3F3F3F3F3F3F3F3F3F3F3F3F3F3F3F3F3F3F3FAB
S2187E2EB83F3F3F3F3F3F3F3F3F3F3F3F3F3F3F3F3F3F3F3F97
S2187E2ECC3F3F3F3F3F3F3F3F3F3F3F3F3F3F3F3F3F3F3F3F83
S2187E2EE03F3F3F3F3F3F3F3F3F3F3F3F3F3F3F3F3F3F3F3F6F
S2187E2EF43F3F3F3F3F3F3F3F3F3F3F3F3F3F3F3F3F3F3F3F5B
S2187E2F083F3F3F3F3F3F3F3F3F3F3F3F3F3F3F3F3F3F3F3F46
S2187E2F1C3F3F3F3F3F3F3F3F3F3F3F3F3F3F3F3F3F3F3F3F32
S2187E2F303F3F3F3F3F3F3F3F3F3F3F3F3F3F3F3F3F3F3F3F1E
S2187E2F443F3F3F3F3F3F3F3F3F3F3F3F3F3F3F3F3F3F3F3F0A
S2187E2F583F3F3F3F3F3F3F3F3F3F3F3F3F3F3F3F3F3F3F3FF6
S2187E2F6C3F3F3F3F3F3F3F3F3F3F3F3F3F3F3F3F3F3F3F3FE2
S2187E2F803F3F3F3F3F3F3F3F3F3F3F3F3F3F3F3F3F3F3F3FCE
S2187E2F943F3F3F3F3F3F3F3F3F3F3F3F3F3F3F3F3F3F3F3FBA
S2187E2FA83F3F3F3F3F3F3F3F3F3F3F3F3F3F3F3F3F3F3F3FA6
S2187E2FBC3F3F3F3F3F3F3F3F3F3F3F3F3F3F3F3F3F3F3F3F92
S2187E2FD03F3F3F3F3F3F3F3F3F3F3F3F3F3F3F3F3F3F3F3F7E
S2187E2FE43F3F3F3F3F3F3F3F3F3F3F3F3F3F3F3F3F3F3F3F6A
S2187E2FF83F3F3F3F3F3F3F3F3F3F3F3F3F3F3F3F3F3F3F3F56
S2187E300C3F3F3F3F3F3F3F3F3F3F3F3F3F3F3F3F3F3F3F3F41
S2187E30203F3F3F3F3F3F3F3F3F3F3F3F3F3F3F3F3F3F3F3F2D
S2187E30343F3F3F3F3F3F3F3F3F3F3F3F3F3F3F3F3F3F3F3F19
S2187E30483F3F3F3F3F3F3F3F3F3F3F3F3F3F3F3F3F3F3F3F05
S2187E305C3F3F3F3F3F3F3F3F3F3F3F3F3F3F3F3F3F3F3F3FF1
S2187E30703F3F3F3F3F3F3F3F3F3F3F3F3F3F3F3F3F3F3F3FDD
S2187E30843F3F3F3F3F3F3F3F3F3F3F3F3F3F3F3F3F3F3F3FC9
S2187E30983F3F3F3F3F3F3F3F3F3F3F3F3F3F3F3F3F3F3F3FB5
S2187E30AC3F3F3F3F3F3F3F3F3F3F3F3F3F3F3F3F3F3F3F3FA1
S2187E30C03F3F3F3F3F3F3F3F3F3F3F3F3F3F3F3F3F3F3F3F8D
S2187E30D43F3F3F3F3F3F3F3F3F3F3F3F3F3F3F3F3F3F3F3F79
S2187E30E83F3F3F3F3F3F3F3F3F3F3F3F3F3F3F3F3F3F3F3F65
S2187E30FC3F3F3F3F3F3F3F3F3F3F3F3F3F3F3F3F3F3F3F3F51
S2187E31103F3F3F3F3F3F3F3F3F3F3F3F3F3F3F3F3F3F3F3F3C
S2187E31243F3F3F3F3F3F3F3F3F3F3F3F3F3F3F3F3F3F3F3F28
S2187E31383F3F3F3F3F3F3F3F3F3F3F3F3F3F3F3F3F3F3F3F14
S2187E314C3F3F3F3F3F3F3F3F3F3F3F3F3F3F3F3F3F3F3F3F00
S2187E31603F3F3F3F3F3F3F3F3F3F3F3F3F3F3F3F3F3F3F3FEC
S2187E31743F3F3F3F3F3F3F3F3F3F3F3F3F3F3F3F3F3F3F3FD8
S2187E31883F3F3F3F3F3F3F3F3F3F3F3F3F3F3F3F3F3F3F3FC4
S2187E319C3F3F3F3F3F3F3F3F3F3F3F3F3F3F3F3F3F3F3F3FB0
S2187E31B03F3F3F3F3F3F3F3F3F3F3F3F3F3F3F3F3F3F3F3F9C
S2187E31C43F3F3F3F3F3F3F3F3F3F3F3F3F3F3F3F3F3F3F3F88
S2187E31D83F3F3F3F3F3F3F3F3F3F3F3F3F3F3F3F3F3F3F3F74
S2187E31EC3F3F3F3F3F3F3F3F3F3F3F3F3F3F3F3F3F3F3F3F60
S2187E32003F3F3F3F3F3F3F3F3F3F3F3F3F3F3F3F3F3F3F3F4B
S2187E32143F3F3F3F3F3F3F3F3F3F3F3F3F3F3F3F3F3F3F3F37
S2187E32283F3F3F3F3F3F3F3F3F3F3F3F3F3F3F3F3F3F3F3F23
S2187E323C3F3F3F3F3F3F3F3F3F3F3F3F3F3F3F3F3F3F3F3F0F
S2187E32503F3F3F3F3F3F3F3F3F3F3F3F3F3F3F3F3F3F3F3FFB
S2187E32643F3F3F3F3F3F3F3F3F3F3F3F3F3F3F3F3F3F3F3FE7
S2187E32783F3F3F3F3F3F3F3F3F3F3F3F3F3F3F3F3F3F3F3FD3
S2187E328C3F3F3F3F3F3F3F3F3F3F3F3F3F3F3F3F3F3F3F3FBF
S2187E32A03F3F3F3F3F3F3F3F3F3F3F3F3F3F3F3F3F3F3F3FAB
S2187E32B43F3F3F3F3F3F3F3F3F3F3F3F3F3F3F3F3F3F3F3F97
S2187E32C83F3F3F3F3F3F3F3F3F3F3F3F3F3F3F3F3F3F3F3F83
S2187E32DC3F3F3F3F3F3F3F3F3F3F3F3F3F3F3F3F3F3F3F3F6F
S2187E32F03F3F3F3F3F3F3F3F3F3F3F3F3F3F3F3F3F3F3F3F5B
S2187E33043F3F3F3F3F3F3F3F3F3F3F3F3F3F3F3F3F3F3F3F46
S2187E33183F3F3F3F3F3F3F3F3F3F3F3F3F3F3F3F3F3F3F3F32
S2187E332C3F3F3F3F3F3F3F3F3F3F3F3F3F3F3F3F3F3F3F3F1E
S2187E33403F3F3F3F3F3F3F3F3F3F3F3F3F3F3F3F3F3F3F3F0A
S2187E33543F3F3F3F3F3F3F3F3F3F3F3F3F3F3F3F3F3F3F3FF6
S2187E33683F3F3F3F3F3F3F3F3F3F3F3F3F3F3F3F3F3F3F3FE2
S2187E337C3F3F3F3F3F3F3F3F3F3F3F3F3F3F3F3F3F3F3F3FCE
S2187E33903F3F3F3F3F3F3F3F3F3F3F3F3F3F3F3F3F3F3F3FBA
S2187E33A43F3F3F3F3F3F3F3F3F3F3F3F3F3F3F3F3F3F3F3FA6
S2187E33B83F3F3F3F3F3F3F3F3F3F3F3F3F3F3F3F3F3F3F3F92
S2187E33CC3F3F3F3F3F3F3F3F3F3F3F3F3F3F3F3F3F3F3F3F7E
S2187E33E03F3F3F3F3F3F3F3F3F3F3F3F3F3F3F3F3F3F3F3F6A
S2187E33F43F3F3F3F3F3F3F3F3F3F3F3F3F3F3F3F3F3F3F3F56
S2187E34083F3F3F3F3F3F3F3F3F3F3F3F3F3F3F3F3F3F3F3F41
S2187E341C3F3F3F3F3F3F3F3F3F3F3F3F3F3F3F3F3F3F3F3F2D
S2187E34303F3F3F3F3F3F3F3F3F3F3F3F3F3F3F3F3F3F3F3F19
S2187E34443F3F3F3F3F3F3F3F3F3F3F3F3F3F3F3F3F3F3F3F05
S2187E34583F3F3F3F3F3F3F3F3F3F3F3F3F3F3F3F3F3F3F3FF1
S2187E346C3F3F3F3F3F3F3F3F3F3F3F3F3F3F3F3F3F3F3F3FDD
S2187E34803F3F3F3F3F3F3F3F3F3F3F3F3F3F3F3F3F3F3F3FC9
S2187E34943F3F3F3F3F3F3F3F3F3F3F3F3F3F3F3F3F3F3F3FB5
S2187E34A83F3F3F3F3F3F3F3F3F3F3F3F3F3F3F3F3F3F3F3FA1
S2187E34BC3F3F3F3F3F3F3F3F3F3F3F3F3F3F3F3F3F3F3F3F8D
S2187E34D03F3F3F3F3F3F3F3F3F3F3F3F3F3F3F3F3F3F3F3F79
S2187E34E43F3F3F3F3F3F3F3F3F3F3F3F3F3F3F3F3F3F3F3F65
S2187E34F83F3F3F3F3F3F3F3F3F3F3F3F3F3F3F3F3F3F3F3F51
S2187E350C3F3F3F3F3F3F3F3F3F3F3F3F3F3F3F3F3F3F3F3F3C
S2187E35203F3F3F3F3F3F3F3F3F3F3F3F3F3F3F3F3F3F3F3F28
S2187E35343F3F3F3F3F3F3F3F3F3F3F3F3F3F3F3F3F3F3F3F14
S2187E35483F3F3F3F3F3F3F3F3F3F3F3F3F3F3F3F3F3F3F3F00
S2187E355C3F3F3F3F3F3F3F3F3F3F3F3F3F3F3F3F3F3F3F3FEC
S2187E35703F3F3F3F3F3F3F3F3F3F3F3F3F3F3F3F3F3F3F3FD8
S2187E35843F3F3F3F3F3F3F3F3F3F3F3F3F3F3F3F3F3F3F3FC4
S2187E35983F3F3F3F3F3F3F3F3F3F3F3F3F3F3F3F3F3F3F3FB0
S2187E35AC3F3F3F3F3F3F3F3F3F3F3F3F3F3F3F3F3F3F3F3F9C
S2187E35C03F3F3F3F3F3F3F3F3F3F3F3F3F3F3F3F3F3F3F3F88
S2187E35D43F3F3F3F3F3F3F3F3F3F3F3F3F3F3F3F3F3F3F3F74
S2187E35E83F3F3F3F3F3F3F3F3F3F3F3F3F3F3F3F3F3F3F3F60
S2187E35FC3F3F3F3F3F3F3F3F3F3F3F3F3F3F3F3F3F3F3F3F4C
S2187E36103F3F3F3F3F3F3F3F3F3F3F3F3F3F3F3F3F3F3F3F37
S2187E36243F3F3F3F3F3F3F3F3F3F3F3F3F3F3F3F3F3F3F3F23
S2187E36383F3F3F3F3F3F3F3F3F3F3F3F3F3F3F3F3F3F3F3F0F
S2187E364C3F3F3F3F3F3F3F3F3F3F3F3F3F3F3F3F3F3F3F3FFB
S2187E36603F3F3F3F3F3F3F3F3F3F3F3F3F3F3F3F3F3F3F3FE7
S2187E36743F3F3F3F3F3F3F3F3F3F3F3F3F3F3F3F3F3F3F3FD3
S2187E36883F3F3F3F3F3F3F3F3F3F3F3F3F3F3F3F3F3F3F3FBF
S2187E369C3F3F3F3F3F3F3F3F3F3F3F3F3F3F3F3F3F3F3F3FAB
S2187E36B03F3F3F3F3F3F3F3F3F3F3F3F3F3F3F3F3F3F3F3F97
S2187E36C43F3F3F3F3F3F3F3F3F3F3F3F3F3F3F3F3F3F3F3F83
S2187E36D83F3F3F3F3F3F3F3F3F3F3F3F3F3F3F3F3F3F3F3F6F
S2187E36EC3F3F3F3F3F3F3F3F3F3F3F3F3F3F3F3F3F3F3F3F5B
S2187E37003F3F3F3F3F3F3F3F3F3F3F3F3F3F3F3F3F3F3F3F46
S2187E37143F3F3F3F3F3F3F3F3F3F3F3F3F3F3F3F3F3F3F3F32
S2187E37283F3F3F3F3F3F3F3F3F3F3F3F3F3F3F3F3F3F3F3F1E
S2187E373C3F3F3F3F3F3F3F3F3F3F3F3F3F3F3F3F3F3F3F3F0A
S2187E37503F3F3F3F3F3F3F3F3F3F3F3F3F3F3F3F3F3F3F3FF6
S2187E37643F3F3F3F3F3F3F3F3F3F3F3F3F3F3F3F3F3F3F3FE2
S2187E37783F3F3F3F3F3F3F3F3F3F3F3F3F3F3F3F3F3F3F3FCE
S2187E378C3F3F3F3F3F3F3F3F3F3F3F3F3F3F3F3F3F3F3F3FBA
S2187E37A03F3F3F3F3F3F3F3F3F3F3F3F3F3F3F3F3F3F3F3FA6
S2187E37B43F3F3F3F3F3F3F3F3F3F3F3F3F3F3F3F3F3F3F3F92
S2187E37C83F3F3F3F3F3F3F3F3F3F3F3F3F3F3F3F3F3F3F3F7E
S2187E37DC3F3F3F3F3F3F3F3F3F3F3F3F3F3F3F3F3F3F3F3F6A
S2187E37F03F3F3F3F3F3F3F3F3F3F3F3F3F3F3F3F3F3F3F3F56
S2187E38043F3F3F3F3F3F3F3F3F3F3F3F3F3F3F3F3F3F3F3F41
S2187E38183F3F3F3F3F3F3F3F3F3F3F3F3F3F3F3F3F3F3F3F2D
S2187E382C3F3F3F3F3F3F3F3F3F3F3F3F3F3F3F3F3F3F3F3F19
S2187E38403F3F3F3F3F3F3F3F3F3F3F3F3F3F3F3F3F3F3F3F05
S2187E38543F3F3F3F3F3F3F3F3F3F3F3F3F3F3F3F3F3F3F3FF1
S2187E38683F3F3F3F3F3F3F3F3F3F3F3F3F3F3F3F3F3F3F3FDD
S2187E387C3F3F3F3F3F3F3F3F3F3F3F3F3F3F3F3F3F3F3F3FC9
S2187E38903F3F3F3F3F3F3F3F3F3F3F3F3F3F3F3F3F3F3F3FB5
S2187E38A43F3F3F3F3F3F3F3F3F3F3F3F3F3F3F3F3F3F3F3FA1
S2187E38B83F3F3F3F3F3F3F3F3F3F3F3F3F3F3F3F3F3F3F3F8D
S2187E38CC3F3F3F3F3F3F3F3F3F3F3F3F3F3F3F3F3F3F3F3F79
S2187E38E03F3F3F3F3F3F3F3F3F3F3F3F3F3F3F3F3F3F3F3F65
S2187E38F43F3F3F3F3F3F3F3F3F3F3F3F3F3F3F3F3F3F3F3F51
S2187E39083F3F3F3F3F3F3F3F3F3F3F3F3F3F3F3F3F3F3F3F3C
S2187E391C3F3F3F3F3F3F3F3F3F3F3F3F3F3F3F3F3F3F3F3F28
S2187E39303F3F3F3F3F3F3F3F3F3F3F3F3F3F3F3F3F3F3F3F14
S2187E39443F3F3F3F3F3F3F3F3F3F3F3F3F3F3F3F3F3F3F3F00
S2187E39583F3F3F3F3F3F3F3F3F3F3F3F3F3F3F3F3F3F3F3FEC
S2187E396C3F3F3F3F3F3F3F3F3F3F3F3F3F3F3F3F3F3F3F3FD8
S2187E39803F3F3F3F3F3F3F3F3F3F3F3F3F3F3F3F3F3F3F3FC4
S2187E39943F3F3F3F3F3F3F3F3F3F3F3F3F3F3F3F3F3F3F3FB0
S2187E39A83F3F3F3F3F3F3F3F3F3F3F3F3F3F3F3F3F3F3F3F9C
S2187E39BC3F3F3F3F3F3F3F3F3F3F3F3F3F3F3F3F3F3F3F3F88
S2187E39D03F3F3F3F3F3F3F3F3F3F3F3F3F3F3F3F3F3F3F3F74
S2187E39E43F3F3F3F3F3F3F3F3F3F3F3F3F3F3F3F3F3F3F3F60
S2187E39F83F3F3F3F3F3F3F3F3F3F3F3F3F3F3F3F3F3F3F3F4C
S2187E3A0C3F3F3F3F3F3F3F3F3F3F3F3F3F3F3F3F3F3F3F3F37
S2187E3A203F3F3F3F3F3F3F3F3F3F3F3F3F3F3F3F3F3F3F3F23
S2187E3A343F3F3F3F3F3F3F3F3F3F3F3F3F3F3F3F3F3F3F3F0F
S2187E3A483F3F3F3F3F3F3F3F3F3F3F3F3F3F3F3F3F3F3F3FFB
S2187E3A5C3F3F3F3F3F3F3F3F3F3F3F3F3F3F3F3F3F3F3F3FE7
S2187E3A703F3F3F3F3F3F3F3F3F3F3F3F3F3F3F3F3F3F3F3FD3
S2187E3A843F3F3F3F3F3F3F3F3F3F3F3F3F3F3F3F3F3F3F3FBF
S2187E3A983F3F3F3F3F3F3F3F3F3F3F3F3F3F3F3F3F3F3F3FAB
S2187E3AAC3F3F3F3F3F3F3F3F3F3F3F3F3F3F3F3F3F3F3F3F97
S2187E3AC03F3F3F3F3F3F3F3F3F3F3F3F3F3F3F3F3F3F3F3F83
S2187E3AD43F3F3F3F3F3F3F3F3F3F3F3F3F3F3F3F3F3F3F3F6F
S2187E3AE83F3F3F3F3F3F3F3F3F3F3F3F3F3F3F3F3F3F3F3F5B
S2187E3AFC3F3F3F3F3F3F3F3F3F3F3F3F3F3F3F3F3F3F3F3F47
S2187E3B103F3F3F3F3F3F3F3F3F3F3F3F3F3F3F3F3F3F3F3F32
S2187E3B243F3F3F3F3F3F3F3F3F3F3F3F3F3F3F3F3F3F3F3F1E
S2187E3B383F3F3F3F3F3F3F3F3F3F3F3F3F3F3F3F3F3F3F3F0A
S2187E3B4C3F3F3F3F3F3F3F3F3F3F3F3F3F3F3F3F3F3F3F3FF6
S2187E3B603F3F3F3F3F3F3F3F3F3F3F3F3F3F3F3F3F3F3F3FE2
S2187E3B743F3F3F3F3F3F3F3F3F3F3F3F3F3F3F3F3F3F3F3FCE
S2187E3B883F3F3F3F3F3F3F3F3F3F3F3F3F3F3F3F3F3F3F3FBA
S2187E3B9C3F3F3F3F3F3F3F3F3F3F3F3F3F3F3F3F3F3F3F3FA6
S2187E3BB03F3F3F3F3F3F3F3F3F3F3F3F3F3F3F3F3F3F3F3F92
S2187E3BC43F3F3F3F3F3F3F3F3F3F3F3F3F3F3F3F3F3F3F3F7E
S2187E3BD83F3F3F3F3F3F3F3F3F3F3F3F3F3F3F3F3F3F3F3F6A
S2187E3BEC3F3F3F3F3F3F3F3F3F3F3F3F3F3F3F3F3F3F3F3F56
S2187E3C003F3F3F3F3F3F3F3F3F3F3F3F3F3F3F3F3F3F3F3F41
S2187E3C143F3F3F3F3F3F3F3F3F3F3F3F3F3F3F3F3F3F3F3F2D
S2187E3C283F3F3F3F3F3F3F3F3F3F3F3F3F3F3F3F3F3F3F3F19
S2187E3C3C3F3F3F3F3F3F3F3F3F3F3F3F3F3F3F3F3F3F3F3F05
S2187E3C503F3F3F3F3F3F3F3F3F3F3F3F3F3F3F3F3F3F3F3FF1
S2187E3C643F3F3F3F3F3F3F3F3F3F3F3F3F3F3F3F3F3F3F3FDD
S2187E3C783F3F3F3F3F3F3F3F3F3F3F3F3F3F3F3F3F3F3F3FC9
S2187E3C8C3F3F3F3F3F3F3F3F3F3F3F3F3F3F3F3F3F3F3F3FB5
S2187E3CA03F3F3F3F3F3F3F3F3F3F3F3F3F3F3F3F3F3F3F3FA1
S2187E3CB43F3F3F3F3F3F3F3F3F3F3F3F3F3F3F3F3F3F3F3F8D
S2187E3CC83F3F3F3F3F3F3F3F3F3F3F3F3F3F3F3F3F3F3F3F79
S2187E3CDC3F3F3F3F3F3F3F3F3F3F3F3F3F3F3F3F3F3F3F3F65
S2187E3CF03F3F3F3F3F3F3F3F3F3F3F3F3F3F3F3F3F3F3F3F51
S2187E3D043F3F3F3F3F3F3F3F3F3F3F3F3F3F3F3F3F3F3F3F3C
S2187E3D183F3F3F3F3F3F3F3F3F3F3F3F3F3F3F3F3F3F3F3F28
S2187E3D2C3F3F3F3F3F3F3F3F3F3F3F3F3F3F3F3F3F3F3F3F14
S2187E3D403F3F3F3F3F3F3F3F3F3F3F3F3F3F3F3F3F3F3F3F00
S2187E3D543F3F3F3F3F3F3F3F3F3F3F3F3F3F3F3F3F3F3F3FEC
S2187E3D683F3F3F3F3F3F3F3F3F3F3F3F3F3F3F3F3F3F3F3FD8
S2187E3D7C3F3F3F3F3F3F3F3F3F3F3F3F3F3F3F3F3F3F3F3FC4
S2187E3D903F3F3F3F3F3F3F3F3F3F3F3F3F3F3F3F3F3F3F3FB0
S2187E3DA43F3F3F3F3F3F3F3F3F3F3F3F3F3F3F3F3F3F3F3F9C
S2187E3DB83F3F3F3F3F3F3F3F3F3F3F3F3F3F3F3F3F3F3F3F88
S2187E3DCC3F3F3F3F3F3F3F3F3F3F3F3F3F3F3F3F3F3F3F3F74
S2187E3DE03F3F3F3F3F3F3F3F3F3F3F3F3F3F3F3F3F3F3F3F60
S2187E3DF43F3F3F3F3F3F3F3F3F3F3F3F3F3F3F3F3F3F3F3F4C
S2187E3E083F3F3F3F3F3F3F3F3F3F3F3F3F3F3F3F3F3F3F3F37
S2187E3E1C3F3F3F3F3F3F3F3F3F3F3F3F3F3F3F3F3F3F3F3F23
S2187E3E303F3F3F3F3F3F3F3F3F3F3F3F3F3F3F3F3F3F3F3F0F
S2187E3E443F3F3F3F3F3F3F3F3F3F3F3F3F3F3F3F3F3F3F3FFB
S2187E3E583F3F3F3F3F3F3F3F3F3F3F3F3F3F3F3F3F3F3F3FE7
S2187E3E6C3F3F3F3F3F3F3F3F3F3F3F3F3F3F3F3F3F3F3F3FD3
S2187E3E803F3F3F3F3F3F3F3F3F3F3F3F3F3F3F3F3F3F3F3FBF
S2187E3E943F3F3F3F3F3F3F3F3F3F3F3F3F3F3F3F3F3F3F3FAB
S2187E3EA83F3F3F3F3F3F3F3F3F3F3F3F3F3F3F3F3F3F3F3F97
S2187E3EBC3F3F3F3F3F3F3F3F3F3F3F3F3F3F3F3F3F3F3F3F83
S2187E3ED03F3F3F3F3F3F3F3F3F3F3F3F3F3F3F3F3F3F3F3F6F
S2187E3EE43F3F3F3F3F3F3F3F3F3F3F3F3F3F3F3F3F3F3F3F5B
S2187E3EF83F3F3F3F3F3F3F3F3F3F3F3F3F3F3F3F3F3F3F3F47
S2187E3F0C3F3F3F3F3F3F3F3F3F3F3F3F3F3F3F3F3F3F3F3F32
S2187E3F203F3F3F3F3F3F3F3F3F3F3F3F3F3F3F3F3F3F3F3F1E
S2187E3F343F3F3F3F3F3F3F3F3F3F3F3F3F3F3F3F3F3F3F3F0A
S2187E3F483F3F3F3F3F3F3F3F3F3F3F3F3F3F3F3F3F3F3F3FF6
S2187E3F5C3F3F3F3F3F3F3F3F3F3F3F3F3F3F3F3F3F3F3F3FE2
S2187E3F703F3F3F3F3F3F3F3F3F3F3F3F3F3F3F3F3F3F3F3FCE
S2187E3F843F3F3F3F3F3F3F3F3F3F3F3F3F3F3F3F3F3F3F3FBA
S2187E3F983F3F3F3F3F3F3F3F3F3F3F3F3F3F3F3F3F3F3F3FA6
S2187E3FAC3F3F3F3F3F3F3F3F3F3F3F3F3F3F3F3F3F3F3F3F92
S2187E3FC03F3F3F3F3F3F3F3F3F3F3F3F3F3F3F3F3F3F3F3F7E
S2187E3FD43F3F3F3F3F3F3F3F3F3F3F3F3F3F3F3F3F3F3F3F6A
S2187E3FE83F3F3F3F3F3F3F3F3F3F3F3F3F3F3F3F3F3F3F3F56
S2187E3FFC3F3F3F3F3F3F3F3F3F3F3F3F3F3F3F3F3F3F3F3F42
S2187E40103F3F3F3F3F3F3F3F3F3F3F3F3F3F3F3F3F3F3F3F2D
S2187E40243F3F3F3F3F3F3F3F3F3F3F3F3F3F3F3F3F3F3F3F19
S2187E40383F3F3F3F3F3F3F3F3F3F3F3F3F3F3F3F3F3F3F3F05
S2187E404C3F3F3F3F3F3F3F3F3F3F3F3F3F3F3F3F3F3F3F3FF1
S2187E40603F3F3F3F3F3F3F3F3F3F3F3F3F3F3F3F3F3F3F3FDD
S2187E40743F3F3F3F3F3F3F3F3F3F3F3F3F3F3F3F3F3F3F3FC9
S2187E40883F3F3F3F3F3F3F3F3F3F3F3F3F3F3F3F3F3F3F3FB5
S2187E409C3F3F3F3F3F3F3F3F3F3F3F3F3F3F3F3F3F3F3F3FA1
S2187E40B03F3F3F3F3F3F3F3F3F3F3F3F3F3F3F3F3F3F3F3F8D
S2187E40C43F3F3F3F3F3F3F3F3F3F3F3F3F3F3F3F3F3F3F3F79
S2187E40D83F3F3F3F3F3F3F3F3F3F3F3F3F3F3F3F3F3F3F3F65
S2187E40EC3F3F3F3F3F3F3F3F3F3F3F3F3F3F3F3F3F3F3F3F51
S2187E41003F3F3F3F3F3F3F3F3F3F3F3F3F3F3F3F3F3F3F3F3C
S2187E41143F3F3F3F3F3F3F3F3F3F3F3F3F3F3F3F3F3F3F3F28
S2187E41283F3F3F3F3F3F3F3F3F3F3F3F3F3F3F3F3F3F3F3F14
S2187E413C3F3F3F3F3F3F3F3F3F3F3F3F3F3F3F3F3F3F3F3F00
S2187E41503F3F3F3F3F3F3F3F3F3F3F3F3F3F3F3F3F3F3F3FEC
S2187E41643F3F3F3F3F3F3F3F3F3F3F3F3F3F3F3F3F3F3F3FD8
S2187E41783F3F3F3F3F3F3F3F3F3F3F3F3F3F3F3F3F3F3F3FC4
S2187E418C3F3F3F3F3F3F3F3F3F3F3F3F3F3F3F3F3F3F3F3FB0
S2187E41A03F3F3F3F3F3F3F3F3F3F3F3F3F3F3F3F3F3F3F3F9C
S2187E41B43F3F3F3F3F3F3F3F3F3F3F3F3F3F3F3F3F3F3F3F88
S2187E41C83F3F3F3F3F3F3F3F3F3F3F3F3F3F3F3F3F3F3F3F74
S2187E41DC3F3F3F3F3F3F3F3F3F3F3F3F3F3F3F3F3F3F3F3F60
S2187E41F03F3F3F3F3F3F3F3F3F3F3F3F3F3F3F3F3F3F3F3F4C
S2187E42043F3F3F3F3F3F3F3F3F3F3F3F3F3F3F3F3F3F3F3F37
S2187E42183F3F3F3F3F3F3F3F3F3F3F3F3F3F3F3F3F3F3F3F23
S2187E422C3F3F3F3F3F3F3F3F3F3F3F3F3F3F3F3F3F3F3F3F0F
S2187E42403F3F3F3F3F3F3F3F3F3F3F3F3F3F3F3F3F3F3F3FFB
S2187E42543F3F3F3F3F3F3F3F3F3F3F3F3F3F3F3F3F3F3F3FE7
S2187E42683F3F3F3F3F3F3F3F3F3F3F3F3F3F3F3F3F3F3F3FD3
S2187E427C3F3F3F3F3F3F3F3F3F3F3F3F3F3F3F3F3F3F3F3FBF
S2187E42903F3F3F3F3F3F3F3F3F3F3F3F3F3F3F3F3F3F3F3FAB
S2187E42A43F3F3F3F3F3F3F3F3F3F3F3F3F3F3F3F3F3F3F3F97
S2187E42B83F3F3F3F3F3F3F3F3F3F3F3F3F3F3F3F3F3F3F3F83
S2187E42CC3F3F3F3F3F3F3F3F3F3F3F3F3F3F3F3F3F3F3F3F6F
S2187E42E03F3F3F3F3F3F3F3F3F3F3F3F3F3F3F3F3F3F3F3F5B
S2187E42F43F3F3F3F3F3F3F3F3F3F3F3F3F3F3F3F3F3F3F3F47
S2187E43083F3F3F3F3F3F3F3F3F3F3F3F3F3F3F3F3F3F3F3F32
S2187E431C3F3F3F3F3F3F3F3F3F3F3F3F3F3F3F3F3F3F3F3F1E
S2187E43303F3F3F3F3F3F3F3F3F3F3F3F3F3F3F3F3F3F3F3F0A
S2187E43443F3F3F3F3F3F3F3F3F3F3F3F3F3F3F3F3F3F3F3FF6
S2187E43583F3F3F3F3F3F3F3F3F3F3F3F3F3F3F3F3F3F3F3FE2
S2187E436C3F3F3F3F3F3F3F3F3F3F3F3F3F3F3F3F3F3F3F3FCE
S2187E43803F3F3F3F3F3F3F3F3F3F3F3F3F3F3F3F3F3F3F3FBA
S2187E43943F3F3F3F3F3F3F3F3F3F3F3F3F3F3F3F3F3F3F3FA6
S2187E43A83F3F3F3F3F3F3F3F3F3F3F3F3F3F3F3F3F3F3F3F92
S2187E43BC3F3F3F3F3F3F3F3F3F3F3F3F3F3F3F3F3F3F3F3F7E
S2187E43D03F3F3F3F3F3F3F3F3F3F3F3F3F3F3F3F3F3F3F3F6A
S2187E43E43F3F3F3F3F3F3F3F3F3F3F3F3F3F3F3F3F3F3F3F56
S2187E43F83F3F3F3F3F3F3F3F3F3F3F3F3F3F3F3F3F3F3F3F42
S2187E440C3F3F3F3F3F3F3F3F3F3F3F3F3F3F3F3F3F3F3F3F2D
S2187E44203F3F3F3F3F3F3F3F3F3F3F3F3F3F3F3F3F3F3F3F19
S2187E44343F3F3F3F3F3F3F3F3F3F3F3F3F3F3F3F3F3F3F3F05
S2187E44483F3F3F3F3F3F3F3F3F3F3F3F3F3F3F3F3F3F3F3FF1
S2187E445C3F3F3F3F3F3F3F3F3F3F3F3F3F3F3F3F3F3F3F3FDD
S2187E44703F3F3F3F3F3F3F3F3F3F3F3F3F3F3F3F3F3F3F3FC9
S2187E44843F3F3F3F3F3F3F3F3F3F3F3F3F3F3F3F3F3F3F3FB5
S2187E44983F3F3F3F3F3F3F3F3F3F3F3F3F3F3F3F3F3F3F3FA1
S2187E44AC3F3F3F3F3F3F3F3F3F3F3F3F3F3F3F3F3F3F3F3F8D
S2187E44C03F3F3F3F3F3F3F3F3F3F3F3F3F3F3F3F3F3F3F3F79
S2187E44D43F3F3F3F3F3F3F3F3F3F3F3F3F3F3F3F3F3F3F3F65
S2187E44E83F3F3F3F3F3F3F3F3F3F3F3F3F3F3F3F3F3F3F3F51
S2187E44FC3F3F3F3F3F3F3F3F3F3F3F3F3F3F3F3F3F3F3F3F3D
S2187E45103F3F3F3F3F3F3F3F3F3F3F3F3F3F3F3F3F3F3F3F28
S2187E45243F3F3F3F3F3F3F3F3F3F3F3F3F3F3F3F3F3F3F3F14
S2187E45383F3F3F3F3F3F3F3F3F3F3F3F3F3F3F3F3F3F3F3F00
S2187E454C3F3F3F3F3F3F3F3F3F3F3F3F3F3F3F3F3F3F3F3FEC
S2187E45603F3F3F3F3F3F3F3F3F3F3F3F3F3F3F3F3F3F3F3FD8
S2187E45743F3F3F3F3F3F3F3F3F3F3F3F3F3F3F3F3F3F3F3FC4
S2187E45883F3F3F3F3F3F3F3F3F3F3F3F3F3F3F3F3F3F3F3FB0
S2187E459C3F3F3F3F3F3F3F3F3F3F3F3F3F3F3F3F3F3F3F3F9C
S2187E45B03F3F3F3F3F3F3F3F3F3F3F3F3F3F3F3F3F3F3F3F88
S2187E45C43F3F3F3F3F3F3F3F3F3F3F3F3F3F3F3F3F3F3F3F74
S2187E45D83F3F3F3F3F3F3F3F3F3F3F3F3F3F3F3F3F3F3F3F60
S2187E45EC3F3F3F3F3F3F3F3F3F3F3F3F3F3F3F3F3F3F3F3F4C
S2187E46003F3F3F3F3F3F3F3F3F3F3F3F3F3F3F3F3F3F3F3F37
S2187E46143F3F3F3F3F3F3F3F3F3F3F3F3F3F3F3F3F3F3F3F23
S2187E46283F3F3F3F3F3F3F3F3F3F3F3F3F3F3F3F3F3F3F3F0F
S2187E463C3F3F3F3F3F3F3F3F3F3F3F3F3F3F3F3F3F3F3F3FFB
S2187E46503F3F3F3F3F3F3F3F3F3F3F3F3F3F3F3F3F3F3F3FE7
S2187E46643F3F3F3F3F3F3F3F3F3F3F3F3F3F3F3F3F3F3F3FD3
S2187E46783F3F3F3F3F3F3F3F3F3F3F3F3F3F3F3F3F3F3F3FBF
S2187E468C3F3F3F3F3F3F3F3F3F3F3F3F3F3F3F3F3F3F3F3FAB
S2187E46A03F3F3F3F3F3F3F3F3F3F3F3F3F3F3F3F3F3F3F3F97
S2187E46B43F3F3F3F3F3F3F3F3F3F3F3F3F3F3F3F3F3F3F3F83
S2187E46C83F3F3F3F3F3F3F3F3F3F3F3F3F3F3F3F3F3F3F3F6F
S2187E46DC3F3F3F3F3F3F3F3F3F3F3F3F3F3F3F3F3F3F3F3F5B
S2187E46F03F3F3F3F3F3F3F3F3F3F3F3F3F3F3F3F3F3F3F3F47
S2187E47043F3F3F3F3F3F3F3F3F3F3F3F3F3F3F3F3F3F3F3F32
S2187E47183F3F3F3F3F3F3F3F3F3F3F3F3F3F3F3F3F3F3F3F1E
S2187E472C3F3F3F3F3F3F3F3F3F3F3F3F3F3F3F3F3F3F3F3F0A
S2187E47403F3F3F3F3F3F3F3F3F3F3F3F3F3F3F3F3F3F3F3FF6
S2187E47543F3F3F3F3F3F3F3F3F3F3F3F3F3F3F3F3F3F3F3FE2
S2187E47683F3F3F3F3F3F3F3F3F3F3F3F3F3F3F3F3F3F3F3FCE
S2187E477C3F3F3F3F3F3F3F3F3F3F3F3F3F3F3F3F3F3F3F3FBA
S2187E47903F3F3F3F3F3F3F3F3F3F3F3F3F3F3F3F3F3F3F3FA6
S2187E47A43F3F3F3F3F3F3F3F3F3F3F3F3F3F3F3F3F3F3F3F92
S2187E47B83F3F3F3F3F3F3F3F3F3F3F3F3F3F3F3F3F3F3F3F7E
S2187E47CC3F3F3F3F3F3F3F3F3F3F3F3F3F3F3F3F3F3F3F3F6A
S2187E47E03F3F3F3F3F3F3F3F3F3F3F3F3F3F3F3F3F3F3F3F56
S2187E47F43F3F3F3F3F3F3F3F3F3F3F3F3F3F3F3F3F3F3F3F42
S2187E48083F3F3F3F3F3F3F3F3F3F3F3F3F3F3F3F3F3F3F3F2D
S2187E481C3F3F3F3F3F3F3F3F3F3F3F3F3F3F3F3F3F3F3F3F19
S2187E48303F3F3F3F3F3F3F3F3F3F3F3F3F3F3F3F3F3F3F3F05
S2187E48443F3F3F3F3F3F3F3F3F3F3F3F3F3F3F3F3F3F3F3FF1
S2187E48583F3F3F3F3F3F3F3F3F3F3F3F3F3F3F3F3F3F3F3FDD
S2187E486C3F3F3F3F3F3F3F3F3F3F3F3F3F3F3F3F3F3F3F3FC9
S2187E48803F3F3F3F3F3F3F3F3F3F3F3F3F3F3F3F3F3F3F3FB5
S2187E48943F3F3F3F3F3F3F3F3F3F3F3F3F3F3F3F3F3F3F3FA1
S2187E48A83F3F3F3F3F3F3F3F3F3F3F3F3F3F3F3F3F3F3F3F8D
S2187E48BC3F3F3F3F3F3F3F3F3F3F3F3F3F3F3F3F3F3F3F3F79
S2187E48D03F3F3F3F3F3F3F3F3F3F3F3F3F3F3F3F3F3F3F3F65
S2187E48E43F3F3F3F3F3F3F3F3F3F3F3F3F3F3F3F3F3F3F3F51
S2187E48F83F3F3F3F3F3F3F3F3F3F3F3F3F3F3F3F3F3F3F3F3D
S2187E490C3F3F3F3F3F3F3F3F3F3F3F3F3F3F3F3F3F3F3F3F28
S2187E49203F3F3F3F3F3F3F3F3F3F3F3F3F3F3F3F3F3F3F3F14
S2187E49343F3F3F3F3F3F3F3F3F3F3F3F3F3F3F3F3F3F3F3F00
S2187E49483F3F3F3F3F3F3F3F3F3F3F3F3F3F3F3F3F3F3F3FEC
S2187E495C3F3F3F3F3F3F3F3F3F3F3F3F3F3F3F3F3F3F3F3FD8
S2187E49703F3F3F3F3F3F3F3F3F3F3F3F3F3F3F3F3F3F3F3FC4
S2187E49843F3F3F3F3F3F3F3F3F3F3F3F3F3F3F3F3F3F3F3FB0
S2187E49983F3F3F3F3F3F3F3F3F3F3F3F3F3F3F3F3F3F3F3F9C
S2187E49AC3F3F3F3F3F3F3F3F3F3F3F3F3F3F3F3F3F3F3F3F88
S2187E49C03F3F3F3F3F3F3F3F3F3F3F3F3F3F3F3F3F3F3F3F74
S2187E49D43F3F3F3F3F3F3F3F3F3F3F3F3F3F3F3F3F3F3F3F60
S2187E49E83F3F3F3F3F3F3F3F3F3F3F3F3F3F3F3F3F3F3F3F4C
S2187E49FC3F3F3F3F3F3F3F3F3F3F3F3F3F3F3F3F3F3F3F3F38
S2187E4A103F3F3F3F3F3F3F3F3F3F3F3F3F3F3F3F3F3F3F3F23
S2187E4A243F3F3F3F3F3F3F3F3F3F3F3F3F3F3F3F3F3F3F3F0F
S2187E4A383F3F3F3F3F3F3F3F3F3F3F3F3F3F3F3F3F3F3F3FFB
S2187E4A4C3F3F3F3F3F3F3F3F3F3F3F3F3F3F3F3F3F3F3F3FE7
S2187E4A603F3F3F3F3F3F3F3F3F3F3F3F3F3F3F3F3F3F3F3FD3
S2187E4A743F3F3F3F3F3F3F3F3F3F3F3F3F3F3F3F3F3F3F3FBF
S2187E4A883F3F3F3F3F3F3F3F3F3F3F3F3F3F3F3F3F3F3F3FAB
S2187E4A9C3F3F3F3F3F3F3F3F3F3F3F3F3F3F3F3F3F3F3F3F97
S2187E4AB03F3F3F3F3F3F3F3F3F3F3F3F3F3F3F3F3F3F3F3F83
S2187E4AC43F3F3F3F3F3F3F3F3F3F3F3F3F3F3F3F3F3F3F3F6F
S2187E4AD83F3F3F3F3F3F3F3F3F3F3F3F3F3F3F3F3F3F3F3F5B
S2187E4AEC3F3F3F3F3F3F3F3F3F3F3F3F3F3F3F3F3F3F3F3F47
S2187E4B003F3F3F3F3F3F3F3F3F3F3F3F3F3F3F3F3F3F3F3F32
S2187E4B143F3F3F3F3F3F3F3F3F3F3F3F3F3F3F3F3F3F3F3F1E
S2187E4B283F3F3F3F3F3F3F3F3F3F3F3F3F3F3F3F3F3F3F3F0A
S2187E4B3C3F3F3F3F3F3F3F3F3F3F3F3F3F3F3F3F3F3F3F3FF6
S2187E4B503F3F3F3F3F3F3F3F3F3F3F3F3F3F3F3F3F3F3F3FE2
S2187E4B643F3F3F3F3F3F3F3F3F3F3F3F3F3F3F3F3F3F3F3FCE
S2187E4B783F3F3F3F3F3F3F3F3F3F3F3F3F3F3F3F3F3F3F3FBA
S2187E4B8C3F3F3F3F3F3F3F3F3F3F3F3F3F3F3F3F3F3F3F3FA6
S2187E4BA03F3F3F3F3F3F3F3F3F3F3F3F3F3F3F3F3F3F3F3F92
S2187E4BB43F3F3F3F3F3F3F3F3F3F3F3F3F3F3F3F3F3F3F3F7E
S2187E4BC83F3F3F3F3F3F3F3F3F3F3F3F3F3F3F3F3F3F3F3F6A
S2187E4BDC3F3F3F3F3F3F3F3F3F3F3F3F3F3F3F3F3F3F3F3F56
S2187E4BF03F3F3F3F3F3F3F3F3F3F3F3F3F3F3F3F3F3F3F3F42
S2187E4C043F3F3F3F3F3F3F3F3F3F3F3F3F3F3F3F3F3F3F3F2D
S2187E4C183F3F3F3F3F3F3F3F3F3F3F3F3F3F3F3F3F3F3F3F19
S2187E4C2C3F3F3F3F3F3F3F3F3F3F3F3F3F3F3F3F3F3F3F3F05
S2187E4C403F3F3F3F3F3F3F3F3F3F3F3F3F3F3F3F3F3F3F3FF1
S2187E4C543F3F3F3F3F3F3F3F3F3F3F3F3F3F3F3F3F3F3F3FDD
S2187E4C683F3F3F3F3F3F3F3F3F3F3F3F3F3F3F3F3F3F3F3FC9
S2187E4C7C3F3F3F3F3F3F3F3F3F3F3F3F3F3F3F3F3F3F3F3FB5
S2187E4C903F3F3F3F3F3F3F3F3F3F3F3F3F3F3F3F3F3F3F3FA1
S2187E4CA43F3F3F3F3F3F3F3F3F3F3F3F3F3F3F3F3F3F3F3F8D
S2187E4CB83F3F3F3F3F3F3F3F3F3F3F3F3F3F3F3F3F3F3F3F79
S2187E4CCC3F3F3F3F3F3F3F3F3F3F3F3F3F3F3F3F3F3F3F3F65
S2187E4CE03F3F3F3F3F3F3F3F3F3F3F3F3F3F3F3F3F3F3F3F51
S2187E4CF43F3F3F3F3F3F3F3F3F3F3F3F3F3F3F3F3F3F3F3F3D
S2187E4D083F3F3F3F3F3F3F3F3F3F3F3F3F3F3F3F3F3F3F3F28
S2187E4D1C3F3F3F3F3F3F3F3F3F3F3F3F3F3F3F3F3F3F3F3F14
S2187E4D303F3F3F3F3F3F3F3F3F3F3F3F3F3F3F3F3F3F3F3F00
S2187E4D443F3F3F3F3F3F3F3F3F3F3F3F3F3F3F3F3F3F3F3FEC
S2187E4D583F3F3F3F3F3F3F3F3F3F3F3F3F3F3F3F3F3F3F3FD8
S2187E4D6C3F3F3F3F3F3F3F3F3F3F3F3F3F3F3F3F3F3F3F3FC4
S2187E4D803F3F3F3F3F3F3F3F3F3F3F3F3F3F3F3F3F3F3F3FB0
S2187E4D943F3F3F3F3F3F3F3F3F3F3F3F3F3F3F3F3F3F3F3F9C
S2187E4DA83F3F3F3F3F3F3F3F3F3F3F3F3F3F3F3F3F3F3F3F88
S2187E4DBC3F3F3F3F3F3F3F3F3F3F3F3F3F3F3F3F3F3F3F3F74
S2187E4DD03F3F3F3F3F3F3F3F3F3F3F3F3F3F3F3F3F3F3F3F60
S2187E4DE43F3F3F3F3F3F3F3F3F3F3F3F3F3F3F3F3F3F3F3F4C
S2187E4DF83F3F3F3F3F3F3F3F3F3F3F3F3F3F3F3F3F3F3F3F38
S2187E4E0C3F3F3F3F3F3F3F3F3F3F3F3F3F3F3F3F3F3F3F3F23
S2187E4E203F3F3F3F3F3F3F3F3F3F3F3F3F3F3F3F3F3F3F3F0F
S2187E4E343F3F3F3F3F3F3F3F3F3F3F3F3F3F3F3F3F3F3F3FFB
S2187E4E483F3F3F3F3F3F3F3F3F3F3F3F3F3F3F3F3F3F3F3FE7
S2187E4E5C3F3F3F3F3F3F3F3F3F3F3F3F3F3F3F3F3F3F3F3FD3
S2187E4E703F3F3F3F3F3F3F3F3F3F3F3F3F3F3F3F3F3F3F3FBF
S2187E4E843F3F3F3F3F3F3F3F3F3F3F3F3F3F3F3F3F3F3F3FAB
S2187E4E983F3F3F3F3F3F3F3F3F3F3F3F3F3F3F3F3F3F3F3F97
S2187E4EAC3F3F3F3F3F3F3F3F3F3F3F3F3F3F3F3F3F3F3F3F83
S2187E4EC03F3F3F3F3F3F3F3F3F3F3F3F3F3F3F3F3F3F3F3F6F
S2187E4ED43F3F3F3F3F3F3F3F3F3F3F3F3F3F3F3F3F3F3F3F5B
S2187E4EE83F3F3F3F3F3F3F3F3F3F3F3F3F3F3F3F3F3F3F3F47
S2187E4EFC3F3F3F3F3F3F3F3F3F3F3F3F3F3F3F3F3F3F3F3F33
S2187E4F103F3F3F3F3F3F3F3F3F3F3F3F3F3F3F3F3F3F3F3F1E
S2187E4F243F3F3F3F3F3F3F3F3F3F3F3F3F3F3F3F3F3F3F3F0A
S2187E4F383F3F3F3F3F3F3F3F3F3F3F3F3F3F3F3F3F3F3F3FF6
S2187E4F4C3F3F3F3F3F3F3F3F3F3F3F3F3F3F3F3F3F3F3F3FE2
S2187E4F603F3F3F3F3F3F3F3F3F3F3F3F3F3F3F3F3F3F3F3FCE
S2187E4F743F3F3F3F3F3F3F3F3F3F3F3F3F3F3F3F3F3F3F3FBA
S2187E4F883F3F3F3F3F3F3F3F3F3F3F3F3F3F3F3F3F3F3F3FA6
S2187E4F9C3F3F3F3F3F3F3F3F3F3F3F3F3F3F3F3F3F3F3F3F92
S2187E4FB03F3F3F3F3F3F3F3F3F3F3F3F3F3F3F3F3F3F3F3F7E
S2187E4FC43F3F3F3F3F3F3F3F3F3F3F3F3F3F3F3F3F3F3F3F6A
S2187E4FD83F3F3F3F3F3F3F3F3F3F3F3F3F3F3F3F3F3F3F3F56
S2187E4FEC3F3F3F3F3F3F3F3F3F3F3F3F3F3F3F3F3F3F3F3F42
S2187E50003F3F3F3F3F3F3F3F3F3F3F3F3F3F3F3F3F3F3F3F2D
S2187E50143F3F3F3F3F3F3F3F3F3F3F3F3F3F3F3F3F3F3F3F19
S2187E50283F3F3F3F3F3F3F3F3F3F3F3F3F3F3F3F3F3F3F3F05
S2187E503C3F3F3F3F3F3F3F3F3F3F3F3F3F3F3F3F3F3F3F3FF1
S2187E50503F3F3F3F3F3F3F3F3F3F3F3F3F3F3F3F3F3F3F3FDD
S2187E50643F3F3F3F3F3F3F3F3F3F3F3F3F3F3F3F3F3F3F3FC9
S2187E50783F3F3F3F3F3F3F3F3F3F3F3F3F3F3F3F3F3F3F3FB5
S2187E508C3F3F3F3F3F3F3F3F3F3F3F3F3F3F3F3F3F3F3F3FA1
S2187E50A03F3F3F3F3F3F3F3F3F3F3F3F3F3F3F3F3F3F3F3F8D
S2187E50B43F3F3F3F3F3F3F3F3F3F3F3F3F3F3F3F3F3F3F3F79
S2187E50C83F3F3F3F3F3F3F3F3F3F3F3F3F3F3F3F3F3F3F3F65
S2187E50DC3F3F3F3F3F3F3F3F3F3F3F3F3F3F3F3F3F3F3F3F51
S2187E50F03F3F3F3F3F3F3F3F3F3F3F3F3F3F3F3F3F3F3F3F3D
S2187E51043F3F3F3F3F3F3F3F3F3F3F3F3F3F3F3F3F3F3F3F28
S2187E51183F3F3F3F3F3F3F3F3F3F3F3F3F3F3F3F3F3F3F3F14
S2187E512C3F3F3F3F3F3F3F3F3F3F3F3F3F3F3F3F3F3F3F3F00
S2187E51403F3F3F3F3F3F3F3F3F3F3F3F3F3F3F3F3F3F3F3FEC
S2187E51543F3F3F3F3F3F3F3F3F3F3F3F3F3F3F3F3F3F3F3FD8
S2187E51683F3F3F3F3F3F3F3F3F3F3F3F3F3F3F3F3F3F3F3FC4
S2187E517C3F3F3F3F3F3F3F3F3F3F3F3F3F3F3F3F3F3F3F3FB0
S2187E51903F3F3F3F3F3F3F3F3F3F3F3F3F3F3F3F3F3F3F3F9C
S2187E51A43F3F3F3F3F3F3F3F3F3F3F3F3F3F3F3F3F3F3F3F88
S2187E51B83F3F3F3F3F3F3F3F3F3F3F3F3F3F3F3F3F3F3F3F74
S2187E51CC3F3F3F3F3F3F3F3F3F3F3F3F3F3F3F3F3F3F3F3F60
S2187E51E03F3F3F3F3F3F3F3F3F3F3F3F3F3F3F3F3F3F3F3F4C
S2187E51F43F3F3F3F3F3F3F3F3F3F3F3F3F3F3F3F3F3F3F3F38
S2187E52083F3F3F3F3F3F3F3F3F3F3F3F3F3F3F3F3F3F3F3F23
S2187E521C3F3F3F3F3F3F3F3F3F3F3F3F3F3F3F3F3F3F3F3F0F
S2187E52303F3F3F3F3F3F3F3F3F3F3F3F3F3F3F3F3F3F3F3FFB
S2187E52443F3F3F3F3F3F3F3F3F3F3F3F3F3F3F3F3F3F3F3FE7
S2187E52583F3F3F3F3F3F3F3F3F3F3F3F3F3F3F3F3F3F3F3FD3
S2187E526C3F3F3F3F3F3F3F3F3F3F3F3F3F3F3F3F3F3F3F3FBF
S2187E52803F3F3F3F3F3F3F3F3F3F3F3F3F3F3F3F3F3F3F3FAB
S2187E52943F3F3F3F3F3F3F3F3F3F3F3F3F3F3F3F3F3F3F3F97
S2187E52A83F3F3F3F3F3F3F3F3F3F3F3F3F3F3F3F3F3F3F3F83
S2187E52BC3F3F3F3F3F3F3F3F3F3F3F3F3F3F3F3F3F3F3F3F6F
S2187E52D03F3F3F3F3F3F3F3F3F3F3F3F3F3F3F3F3F3F3F3F5B
S2187E52E43F3F3F3F3F3F3F3F3F3F3F3F3F3F3F3F3F3F3F3F47
S2187E52F83F3F3F3F3F3F3F3F3F3F3F3F3F3F3F3F3F3F3F3F33
S2187E530C3F3F3F3F3F3F3F3F3F3F3F3F3F3F3F3F3F3F3F3F1E
S2187E53203F3F3F3F3F3F3F3F3F3F3F3F3F3F3F3F3F3F3F3F0A
S2187E53343F3F3F3F3F3F3F3F3F3F3F3F3F3F3F3F3F3F3F3FF6
S2187E53483F3F3F3F3F3F3F3F3F3F3F3F3F3F3F3F3F3F3F3FE2
S2187E535C3F3F3F3F3F3F3F3F3F3F3F3F3F3F3F3F3F3F3F3FCE
S2187E53703F3F3F3F3F3F3F3F3F3F3F3F3F3F3F3F3F3F3F3FBA
S2187E53843F3F3F3F3F3F3F3F3F3F3F3F3F3F3F3F3F3F3F3FA6
S2187E53983F3F3F3F3F3F3F3F3F3F3F3F3F3F3F3F3F3F3F3F92
S2187E53AC3F3F3F3F3F3F3F3F3F3F3F3F3F3F3F3F3F3F3F3F7E
S2187E53C03F3F3F3F3F3F3F3F3F3F3F3F3F3F3F3F3F3F3F3F6A
S2187E53D43F3F3F3F3F3F3F3F3F3F3F3F3F3F3F3F3F3F3F3F56
S2187E53E83F3F3F3F3F3F3F3F3F3F3F3F3F3F3F3F3F3F3F3F42
S2187E53FC3F3F3F3F3F3F3F3F3F3F3F3F3F3F3F3F3F3F3F3F2E
S2187E54103F3F3F3F3F3F3F3F3F3F3F3F3F3F3F3F3F3F3F3F19
S2187E54243F3F3F3F3F3F3F3F3F3F3F3F3F3F3F3F3F3F3F3F05
S2187E54383F3F3F3F3F3F3F3F3F3F3F3F3F3F3F3F3F3F3F3FF1
S2187E544C3F3F3F3F3F3F3F3F3F3F3F3F3F3F3F3F3F3F3F3FDD
S2187E54603F3F3F3F3F3F3F3F3F3F3F3F3F3F3F3F3F3F3F3FC9
S2187E54743F3F3F3F3F3F3F3F3F3F3F3F3F3F3F3F3F3F3F3FB5
S2187E54883F3F3F3F3F3F3F3F3F3F3F3F3F3F3F3F3F3F3F3FA1
S2187E549C3F3F3F3F3F3F3F3F3F3F3F3F3F3F3F3F3F3F3F3F8D
S2187E54B03F3F3F3F3F3F3F3F3F3F3F3F3F3F3F3F3F3F3F3F79
S2187E54C43F3F3F3F3F3F3F3F3F3F3F3F3F3F3F3F3F3F3F3F65
S2187E54D83F3F3F3F3F3F3F3F3F3F3F3F3F3F3F3F3F3F3F3F51
S2187E54EC3F3F3F3F3F3F3F3F3F3F3F3F3F3F3F3F3F3F3F3F3D
S2187E55003F3F3F3F3F3F3F3F3F3F3F3F3F3F3F3F3F3F3F3F28
S2187E55143F3F3F3F3F3F3F3F3F3F3F3F3F3F3F3F3F3F3F3F14
S2187E55283F3F3F3F3F3F3F3F3F3F3F3F3F3F3F3F3F3F3F3F00
S2187E553C3F3F3F3F3F3F3F3F3F3F3F3F3F3F3F3F3F3F3F3FEC
S2187E55503F3F3F3F3F3F3F3F3F3F3F3F3F3F3F3F3F3F3F3FD8
S2187E55643F3F3F3F3F3F3F3F3F3F3F3F3F3F3F3F3F3F3F3FC4
S2187E55783F3F3F3F3F3F3F3F3F3F3F3F3F3F3F3F3F3F3F3FB0
S2187E558C3F3F3F3F3F3F3F3F3F3F3F3F3F3F3F3F3F3F3F3F9C
S2187E55A03F3F3F3F3F3F3F3F3F3F3F3F3F3F3F3F3F3F3F3F88
S2187E55B43F3F3F3F3F3F3F3F3F3F3F3F3F3F3F3F3F3F3F3F74
S2187E55C83F3F3F3F3F3F3F3F3F3F3F3F3F3F3F3F3F3F3F3F60
S2187E55DC3F3F3F3F3F3F3F3F3F3F3F3F3F3F3F3F3F3F3F3F4C
S2187E55F03F3F3F3F3F3F3F3F3F3F3F3F3F3F3F3F3F3F3F3F38
S2187E56043F3F3F3F3F3F3F3F3F3F3F3F3F3F3F3F3F3F3F3F23
S2187E56183F3F3F3F3F3F3F3F3F3F3F3F3F3F3F3F3F3F3F3F0F
S2187E562C3F3F3F3F3F3F3F3F3F3F3F3F3F3F3F3F3F3F3F3FFB
S2187E56403F3F3F3F3F3F3F3F3F3F3F3F3F3F3F3F3F3F3F3FE7
S2187E56543F3F3F3F3F3F3F3F3F3F3F3F3F3F3F3F3F3F3F3FD3
S2187E56683F3F3F3F3F3F3F3F3F3F3F3F3F3F3F3F3F3F3F3FBF
S2187E567C3F3F3F3F3F3F3F3F3F3F3F3F3F3F3F3F3F3F3F3FAB
S2187E56903F3F3F3F3F3F3F3F3F3F3F3F3F3F3F3F3F3F3F3F97
S2187E56A43F3F3F3F3F3F3F3F3F3F3F3F3F3F3F3F3F3F3F3F83
S2187E56B83F3F3F3F3F3F3F3F3F3F3F3F3F3F3F3F3F3F3F3F6F
S2187E56CC3F3F3F3F3F3F3F3F3F3F3F3F3F3F3F3F3F3F3F3F5B
S2187E56E03F3F3F3F3F3F3F3F3F3F3F3F3F3F3F3F3F3F3F3F47
S2187E56F43F3F3F3F3F3F3F3F3F3F3F3F3F3F3F3F3F3F3F3F33
S2187E57083F3F3F3F3F3F3F3F3F3F3F3F3F3F3F3F3F3F3F3F1E
S2187E571C3F3F3F3F3F3F3F3F3F3F3F3F3F3F3F3F3F3F3F3F0A
S2187E57303F3F3F3F3F3F3F3F3F3F3F3F3F3F3F3F3F3F3F3FF6
S2187E57443F3F3F3F3F3F3F3F3F3F3F3F3F3F3F3F3F3F3F3FE2
S2187E57583F3F3F3F3F3F3F3F3F3F3F3F3F3F3F3F3F3F3F3FCE
S2187E576C3F3F3F3F3F3F3F3F3F3F3F3F3F3F3F3F3F3F3F3FBA
S2187E57803F3F3F3F3F3F3F3F3F3F3F3F3F3F3F3F3F3F3F3FA6
S2187E57943F3F3F3F3F3F3F3F3F3F3F3F3F3F3F3F3F3F3F3F92
S2187E57A83F3F3F3F3F3F3F3F3F3F3F3F3F3F3F3F3F3F3F3F7E
S2187E57BC3F3F3F3F3F3F3F3F3F3F3F3F3F3F3F3F3F3F3F3F6A
S2187E57D03F3F3F3F3F3F3F3F3F3F3F3F3F3F3F3F3F3F3F3F56
S2187E57E43F3F3F3F3F3F3F3F3F3F3F3F3F3F3F3F3F3F3F3F42
S2187E57F83F3F3F3F3F3F3F3F3F3F3F3F3F3F3F3F3F3F3F3F2E
S2187E580C3F3F3F3F3F3F3F3F3F3F3F3F3F3F3F3F3F3F3F3F19
S2187E58203F3F3F3F3F3F3F3F3F3F3F3F3F3F3F3F3F3F3F3F05
S2187E58343F3F3F3F3F3F3F3F3F3F3F3F3F3F3F3F3F3F3F3FF1
S2187E58483F3F3F3F3F3F3F3F3F3F3F3F3F3F3F3F3F3F3F3FDD
S2187E585C3F3F3F3F3F3F3F3F3F3F3F3F3F3F3F3F3F3F3F3FC9
S2187E58703F3F3F3F3F3F3F3F3F3F3F3F3F3F3F3F3F3F3F3FB5
S2187E58843F3F3F3F3F3F3F3F3F3F3F3F3F3F3F3F3F3F3F3FA1
S2187E58983F3F3F3F3F3F3F3F3F3F3F3F3F3F3F3F3F3F3F3F8D
S2187E58AC3F3F3F3F3F3F3F3F3F3F3F3F3F3F3F3F3F3F3F3F79
S2187E58C03F3F3F3F3F3F3F3F3F3F3F3F3F3F3F3F3F3F3F3F65
S2187E58D43F3F3F3F3F3F3F3F3F3F3F3F3F3F3F3F3F3F3F3F51
S2187E58E83F3F3F3F3F3F3F3F3F3F3F3F3F3F3F3F3F3F3F3F3D
S2187E58FC3F3F3F3F3F3F3F3F3F3F3F3F3F3F3F3F3F3F3F3F29
S2187E59103F3F3F3F3F3F3F3F3F3F3F3F3F3F3F3F3F3F3F3F14
S2187E59243F3F3F3F3F3F3F3F3F3F3F3F3F3F3F3F3F3F3F3F00
S2187E59383F3F3F3F3F3F3F3F3F3F3F3F3F3F3F3F3F3F3F3FEC
S2187E594C3F3F3F3F3F3F3F3F3F3F3F3F3F3F3F3F3F3F3F3FD8
S2187E59603F3F3F3F3F3F3F3F3F3F3F3F3F3F3F3F3F3F3F3FC4
S2187E59743F3F3F3F3F3F3F3F3F3F3F3F3F3F3F3F3F3F3F3FB0
S2187E59883F3F3F3F3F3F3F3F3F3F3F3F3F3F3F3F3F3F3F3F9C
S2187E599C3F3F3F3F3F3F3F3F3F3F3F3F3F3F3F3F3F3F3F3F88
S2187E59B03F3F3F3F3F3F3F3F3F3F3F3F3F3F3F3F3F3F3F3F74
S2187E59C43F3F3F3F3F3F3F3F3F3F3F3F3F3F3F3F3F3F3F3F60
S2187E59D83F3F3F3F3F3F3F3F3F3F3F3F3F3F3F3F3F3F3F3F4C
S2187E59EC3F3F3F3F3F3F3F3F3F3F3F3F3F3F3F3F3F3F3F3F38
S2187E5A003F3F3F3F3F3F3F3F3F3F3F3F3F3F3F3F3F3F3F3F23
S2187E5A143F3F3F3F3F3F3F3F3F3F3F3F3F3F3F3F3F3F3F3F0F
S2187E5A283F3F3F3F3F3F3F3F3F3F3F3F3F3F3F3F3F3F3F3FFB
S2187E5A3C3F3F3F3F3F3F3F3F3F3F3F3F3F3F3F3F3F3F3F3FE7
S2187E5A503F3F3F3F3F3F3F3F3F3F3F3F3F3F3F3F3F3F3F3FD3
S2187E5A643F3F3F3F3F3F3F3F3F3F3F3F3F3F3F3F3F3F3F3FBF
S2187E5A783F3F3F3F3F3F3F3F3F3F3F3F3F3F3F3F3F3F3F3FAB
S2187E5A8C3F3F3F3F3F3F3F3F3F3F3F3F3F3F3F3F3F3F3F3F97
S2187E5AA03F3F3F3F3F3F3F3F3F3F3F3F3F3F3F3F3F3F3F3F83
S2187E5AB43F3F3F3F3F3F3F3F3F3F3F3F3F3F3F3F3F3F3F3F6F
S2187E5AC83F3F3F3F3F3F3F3F3F3F3F3F3F3F3F3F3F3F3F3F5B
S2187E5ADC3F3F3F3F3F3F3F3F3F3F3F3F3F3F3F3F3F3F3F3F47
S2187E5AF03F3F3F3F3F3F3F3F3F3F3F3F3F3F3F3F3F3F3F3F33
S2187E5B043F3F3F3F3F3F3F3F3F3F3F3F3F3F3F3F3F3F3F3F1E
S2187E5B183F3F3F3F3F3F3F3F3F3F3F3F3F3F3F3F3F3F3F3F0A
S2187E5B2C3F3F3F3F3F3F3F3F3F3F3F3F3F3F3F3F3F3F3F3FF6
S2187E5B403F3F3F3F3F3F3F3F3F3F3F3F3F3F3F3F3F3F3F3FE2
S2187E5B543F3F3F3F3F3F3F3F3F3F3F3F3F3F3F3F3F3F3F3FCE
S2187E5B683F3F3F3F3F3F3F3F3F3F3F3F3F3F3F3F3F3F3F3FBA
S2187E5B7C3F3F3F3F3F3F3F3F3F3F3F3F3F3F3F3F3F3F3F3FA6
S2187E5B903F3F3F3F3F3F3F3F3F3F3F3F3F3F3F3F3F3F3F3F92
S2187E5BA43F3F3F3F3F3F3F3F3F3F3F3F3F3F3F3F3F3F3F3F7E
S2187E5BB83F3F3F3F3F3F3F3F3F3F3F3F3F3F3F3F3F3F3F3F6A
S2187E5BCC3F3F3F3F3F3F3F3F3F3F3F3F3F3F3F3F3F3F3F3F56
S2187E5BE03F3F3F3F3F3F3F3F3F3F3F3F3F3F3F3F3F3F3F3F42
S2187E5BF43F3F3F3F3F3F3F3F3F3F3F3F3F3F3F3F3F3F3F3F2E
S2187E5C083F3F3F3F3F3F3F3F3F3F3F3F3F3F3F3F3F3F3F3F19
S2187E5C1C3F3F3F3F3F3F3F3F3F3F3F3F3F3F3F3F3F3F3F3F05
S2187E5C303F3F3F3F3F3F3F3F3F3F3F3F3F3F3F3F3F3F3F3FF1
S2187E5C443F3F3F3F3F3F3F3F3F3F3F3F3F3F3F3F3F3F3F3FDD
S2187E5C583F3F3F3F3F3F3F3F3F3F3F3F3F3F3F3F3F3F3F3FC9
S2187E5C6C3F3F3F3F3F3F3F3F3F3F3F3F3F3F3F3F3F3F3F3FB5
S2187E5C803F3F3F3F3F3F3F3F3F3F3F3F3F3F3F3F3F3F3F3FA1
S2187E5C943F3F3F3F3F3F3F3F3F3F3F3F3F3F3F3F3F3F3F3F8D
S2187E5CA83F3F3F3F3F3F3F3F3F3F3F3F3F3F3F3F3F3F3F3F79
S2187E5CBC3F3F3F3F3F3F3F3F3F3F3F3F3F3F3F3F3F3F3F3F65
S2187E5CD03F3F3F3F3F3F3F3F3F3F3F3F3F3F3F3F3F3F3F3F51
S2187E5CE43F3F3F3F3F3F3F3F3F3F3F3F3F3F3F3F3F3F3F3F3D
S2187E5CF83F3F3F3F3F3F3F3F3F3F3F3F3F3F3F3F3F3F3F3F29
S2187E5D0C3F3F3F3F3F3F3F3F3F3F3F3F3F3F3F3F3F3F3F3F14
S2187E5D203F3F3F3F3F3F3F3F3F3F3F3F3F3F3F3F3F3F3F3F00
S2187E5D343F3F3F3F3F3F3F3F3F3F3F3F3F3F3F3F3F3F3F3FEC
S2187E5D483F3F3F3F3F3F3F3F3F3F3F3F3F3F3F3F3F3F3F3FD8
S2187E5D5C3F3F3F3F3F3F3F3F3F3F3F3F3F3F3F3F3F3F3F3FC4
S2187E5D703F3F3F3F3F3F3F3F3F3F3F3F3F3F3F3F3F3F3F3FB0
S2187E5D843F3F3F3F3F3F3F3F3F3F3F3F3F3F3F3F3F3F3F3F9C
S2187E5D983F3F3F3F3F3F3F3F3F3F3F3F3F3F3F3F3F3F3F3F88
S2187E5DAC3F3F3F3F3F3F3F3F3F3F3F3F3F3F3F3F3F3F3F3F74
S2187E5DC03F3F3F3F3F3F3F3F3F3F3F3F3F3F3F3F3F3F3F3F60
S2187E5DD43F3F3F3F3F3F3F3F3F3F3F3F3F3F3F3F3F3F3F3F4C
S2187E5DE83F3F3F3F3F3F3F3F3F3F3F3F3F3F3F3F3F3F3F3F38
S2187E5DFC3F3F3F3F3F3F3F3F3F3F3F3F3F3F3F3F3F3F3F3F24
S2187E5E103F3F3F3F3F3F3F3F3F3F3F3F3F3F3F3F3F3F3F3F0F
S2187E5E243F3F3F3F3F3F3F3F3F3F3F3F3F3F3F3F3F3F3F3FFB
S2187E5E383F3F3F3F3F3F3F3F3F3F3F3F3F3F3F3F3F3F3F3FE7
S2187E5E4C3F3F3F3F3F3F3F3F3F3F3F3F3F3F3F3F3F3F3F3FD3
S2187E5E603F3F3F3F3F3F3F3F3F3F3F3F3F3F3F3F3F3F3F3FBF
S2187E5E743F3F3F3F3F3F3F3F3F3F3F3F3F3F3F3F3F3F3F3FAB
S2187E5E883F3F3F3F3F3F3F3F3F3F3F3F3F3F3F3F3F3F3F3F97
S2187E5E9C3F3F3F3F3F3F3F3F3F3F3F3F3F3F3F3F3F3F3F3F83
S2187E5EB03F3F3F3F3F3F3F3F3F3F3F3F3F3F3F3F3F3F3F3F6F
S2187E5EC43F3F3F3F3F3F3F3F3F3F3F3F3F3F3F3F3F3F3F3F5B
S2187E5ED83F3F3F3F3F3F3F3F3F3F3F3F3F3F3F3F3F3F3F3F47
S2187E5EEC3F3F3F3F3F3F3F3F3F3F3F3F3F3F3F3F3F3F3F3F33
S2187E5F003F3F3F3F3F3F3F3F3F3F3F3F3F3F3F3F3F3F3F3F1E
S2187E5F143F3F3F3F3F3F3F3F3F3F3F3F3F3F3F3F3F3F3F3F0A
S2187E5F283F3F3F3F3F3F3F3F3F3F3F3F3F3F3F3F3F3F3F3FF6
S2187E5F3C3F3F3F3F3F3F3F3F3F3F3F3F3F3F3F3F3F3F3F3FE2
S2187E5F503F3F3F3F3F3F3F3F3F3F3F3F3F3F3F3F3F3F3F3FCE
S2187E5F643F3F3F3F3F3F3F3F3F3F3F3F3F3F3F3F3F3F3F3FBA
S2187E5F783F3F3F3F3F3F3F3F3F3F3F3F3F3F3F3F3F3F3F3FA6
S2187E5F8C3F3F3F3F3F3F3F3F3F3F3F3F3F3F3F3F3F3F3F3F92
S2187E5FA03F3F3F3F3F3F3F3F3F3F3F3F3F3F3F3F3F3F3F3F7E
S2187E5FB43F3F3F3F3F3F3F3F3F3F3F3F3F3F3F3F3F3F3F3F6A
S2187E5FC83F3F3F3F3F3F3F3F3F3F3F3F3F3F3F3F3F3F3F3F56
S2187E5FDC3F3F3F3F3F3F3F3F3F3F3F3F3F3F3F3F3F3F3F3F42
S2187E5FF03F3F3F3F3F3F3F3F3F3F3F3F3F3F3F3F3F3F3F3F2E
S2187E60043F3F3F3F3F3F3F3F3F3F3F3F3F3F3F3F3F3F3F3F19
S2187E60183F3F3F3F3F3F3F3F3F3F3F3F3F3F3F3F3F3F3F3F05
S2187E602C3F3F3F3F3F3F3F3F3F3F3F3F3F3F3F3F3F3F3F3FF1
S2187E60403F3F3F3F3F3F3F3F3F3F3F3F3F3F3F3F3F3F3F3FDD
S2187E60543F3F3F3F3F3F3F3F3F3F3F3F3F3F3F3F3F3F3F3FC9
S2187E60683F3F3F3F3F3F3F3F3F3F3F3F3F3F3F3F3F3F3F3FB5
S2187E607C3F3F3F3F3F3F3F3F3F3F3F3F3F3F3F3F3F3F3F3FA1
S2187E60903F3F3F3F3F3F3F3F3F3F3F3F3F3F3F3F3F3F3F3F8D
S2187E60A43F3F3F3F3F3F3F3F3F3F3F3F3F3F3F3F3F3F3F3F79
S2187E60B83F3F3F3F3F3F3F3F3F3F3F3F3F3F3F3F3F3F3F3F65
S2187E60CC3F3F3F3F3F3F3F3F3F3F3F3F3F3F3F3F3F3F3F3F51
S2187E60E03F3F3F3F3F3F3F3F3F3F3F3F3F3F3F3F3F3F3F3F3D
S2187E60F43F3F3F3F3F3F3F3F3F3F3F3F3F3F3F3F3F3F3F3F29
S2187E61083F3F3F3F3F3F3F3F3F3F3F3F3F3F3F3F3F3F3F3F14
S2187E611C3F3F3F3F3F3F3F3F3F3F3F3F3F3F3F3F3F3F3F3F00
S2187E61303F3F3F3F3F3F3F3F3F3F3F3F3F3F3F3F3F3F3F3FEC
S2187E61443F3F3F3F3F3F3F3F3F3F3F3F3F3F3F3F3F3F3F3FD8
S2187E61583F3F3F3F3F3F3F3F3F3F3F3F3F3F3F3F3F3F3F3FC4
S2187E616C3F3F3F3F3F3F3F3F3F3F3F3F3F3F3F3F3F3F3F3FB0
S2187E61803F3F3F3F3F3F3F3F3F3F3F3F3F3F3F3F3F3F3F3F9C
S2187E61943F3F3F3F3F3F3F3F3F3F3F3F3F3F3F3F3F3F3F3F88
S2187E61A83F3F3F3F3F3F3F3F3F3F3F3F3F3F3F3F3F3F3F3F74
S2187E61BC3F3F3F3F3F3F3F3F3F3F3F3F3F3F3F3F3F3F3F3F60
S2187E61D03F3F3F3F3F3F3F3F3F3F3F3F3F3F3F3F3F3F3F3F4C
S2187E61E43F3F3F3F3F3F3F3F3F3F3F3F3F3F3F3F3F3F3F3F38
S2187E61F83F3F3F3F3F3F3F3F3F3F3F3F3F3F3F3F3F3F3F3F24
S2187E620C3F3F3F3F3F3F3F3F3F3F3F3F3F3F3F3F3F3F3F3F0F
S2187E62203F3F3F3F3F3F3F3F3F3F3F3F3F3F3F3F3F3F3F3FFB
S2187E62343F3F3F3F3F3F3F3F3F3F3F3F3F3F3F3F3F3F3F3FE7
S2187E62483F3F3F3F3F3F3F3F3F3F3F3F3F3F3F3F3F3F3F3FD3
S2187E625C3F3F3F3F3F3F3F3F3F3F3F3F3F3F3F3F3F3F3F3FBF
S2187E62703F3F3F3F3F3F3F3F3F3F3F3F3F3F3F3F3F3F3F3FAB
S2187E62843F3F3F3F3F3F3F3F3F3F3F3F3F3F3F3F3F3F3F3F97
S2187E62983F3F3F3F3F3F3F3F3F3F3F3F3F3F3F3F3F3F3F3F83
S2187E62AC3F3F3F3F3F3F3F3F3F3F3F3F3F3F3F3F3F3F3F3F6F
S2187E62C03F3F3F3F3F3F3F3F3F3F3F3F3F3F3F3F3F3F3F3F5B
S2187E62D43F3F3F3F3F3F3F3F3F3F3F3F3F3F3F3F3F3F3F3F47
S2187E62E83F3F3F3F3F3F3F3F3F3F3F3F3F3F3F3F3F3F3F3F33
S2187E62FC3F3F3F3F3F3F3F3F3F3F3F3F3F3F3F3F3F3F3F3F1F
S2187E63103F3F3F3F3F3F3F3F3F3F3F3F3F3F3F3F3F3F3F3F0A
S2187E63243F3F3F3F3F3F3F3F3F3F3F3F3F3F3F3F3F3F3F3FF6
S2187E63383F3F3F3F3F3F3F3F3F3F3F3F3F3F3F3F3F3F3F3FE2
S2187E634C3F3F3F3F3F3F3F3F3F3F3F3F3F3F3F3F3F3F3F3FCE
S2187E63603F3F3F3F3F3F3F3F3F3F3F3F3F3F3F3F3F3F3F3FBA
S2187E63743F3F3F3F3F3F3F3F3F3F3F3F3F3F3F3F3F3F3F3FA6
S2187E63883F3F3F3F3F3F3F3F3F3F3F3F3F3F3F3F3F3F3F3F92
S2187E639C3F3F3F3F3F3F3F3F3F3F3F3F3F3F3F3F3F3F3F3F7E
S2187E63B03F3F3F3F3F3F3F3F3F3F3F3F3F3F3F3F3F3F3F3F6A
S2187E63C43F3F3F3F3F3F3F3F3F3F3F3F3F3F3F3F3F3F3F3F56
S2187E63D83F3F3F3F3F3F3F3F3F3F3F3F3F3F3F3F3F3F3F3F42
S2187E63EC3F3F3F3F3F3F3F3F3F3F3F3F3F3F3F3F3F3F3F3F2E
S2187E64003F3F3F3F3F3F3F3F3F3F3F3F3F3F3F3F3F3F3F3F19
S2187E64143F3F3F3F3F3F3F3F3F3F3F3F3F3F3F3F3F3F3F3F05
S2187E64283F3F3F3F3F3F3F3F3F3F3F3F3F3F3F3F3F3F3F3FF1
S2187E643C3F3F3F3F3F3F3F3F3F3F3F3F3F3F3F3F3F3F3F3FDD
S2187E64503F3F3F3F3F3F3F3F3F3F3F3F3F3F3F3F3F3F3F3FC9
S2187E64643F3F3F3F3F3F3F3F3F3F3F3F3F3F3F3F3F3F3F3FB5
S2187E64783F3F3F3F3F3F3F3F3F3F3F3F3F3F3F3F3F3F3F3FA1
S2187E648C3F3F3F3F3F3F3F3F3F3F3F3F3F3F3F3F3F3F3F3F8D
S2187E64A03F3F3F3F3F3F3F3F3F3F3F3F3F3F3F3F3F3F3F3F79
S2187E64B43F3F3F3F3F3F3F3F3F3F3F3F3F3F3F3F3F3F3F3F65
S2187E64C83F3F3F3F3F3F3F3F3F3F3F3F3F3F3F3F3F3F3F3F51
S2187E64DC3F3F3F3F3F3F3F3F3F3F3F3F3F3F3F3F3F3F3F3F3D
S2187E64F03F3F3F3F3F3F3F3F3F3F3F3F3F3F3F3F3F3F3F3F29
S2187E65043F3F3F3F3F3F3F3F3F3F3F3F3F3F3F3F3F3F3F3F14
S2187E65183F3F3F3F3F3F3F3F3F3F3F3F3F3F3F3F3F3F3F3F00
S2187E652C3F3F3F3F3F3F3F3F3F3F3F3F3F3F3F3F3F3F3F3FEC
S2187E65403F3F3F3F3F3F3F3F3F3F3F3F3F3F3F3F3F3F3F3FD8
S2187E65543F3F3F3F3F3F3F3F3F3F3F3F3F3F3F3F3F3F3F3FC4
S2187E65683F3F3F3F3F3F3F3F3F3F3F3F3F3F3F3F3F3F3F3FB0
S2187E657C3F3F3F3F3F3F3F3F3F3F3F3F3F3F3F3F3F3F3F3F9C
S2187E65903F3F3F3F3F3F3F3F3F3F3F3F3F3F3F3F3F3F3F3F88
S2187E65A43F3F3F3F3F3F3F3F3F3F3F3F3F3F3F3F3F3F3F3F74
S2187E65B83F3F3F3F3F3F3F3F3F3F3F3F3F3F3F3F3F3F3F3F60
S2187E65CC3F3F3F3F3F3F3F3F3F3F3F3F3F3F3F3F3F3F3F3F4C
S2187E65E03F3F3F3F3F3F3F3F3F3F3F3F3F3F3F3F3F3F3F3F38
S2187E65F43F3F3F3F3F3F3F3F3F3F3F3F3F3F3F3F3F3F3F3F24
S2187E66083F3F3F3F3F3F3F3F3F3F3F3F3F3F3F3F3F3F3F3F0F
S2187E661C3F3F3F3F3F3F3F3F3F3F3F3F3F3F3F3F3F3F3F3FFB
S2187E66303F3F3F3F3F3F3F3F3F3F3F3F3F3F3F3F3F3F3F3FE7
S2187E66443F3F3F3F3F3F3F3F3F3F3F3F3F3F3F3F3F3F3F3FD3
S2187E66583F3F3F3F3F3F3F3F3F3F3F3F3F3F3F3F3F3F3F3FBF
S2187E666C3F3F3F3F3F3F3F3F3F3F3F3F3F3F3F3F3F3F3F3FAB
S2187E66803F3F3F3F3F3F3F3F3F3F3F3F3F3F3F3F3F3F3F3F97
S2187E66943F3F3F3F3F3F3F3F3F3F3F3F3F3F3F3F3F3F3F3F83
S2187E66A83F3F3F3F3F3F3F3F3F3F3F3F3F3F3F3F3F3F3F3F6F
S2187E66BC3F3F3F3F3F3F3F3F3F3F3F3F3F3F3F3F3F3F3F3F5B
S2187E66D03F3F3F3F3F3F3F3F3F3F3F3F3F3F3F3F3F3F3F3F47
S2187E66E43F3F3F3F3F3F3F3F3F3F3F3F3F3F3F3F3F3F3F3F33
S2187E66F83F3F3F3F3F3F3F3F3F3F3F3F3F3F3F3F3F3F3F3F1F
S2187E670C3F3F3F3F3F3F3F3F3F3F3F3F3F3F3F3F3F3F3F3F0A
S2187E67203F3F3F3F3F3F3F3F3F3F3F3F3F3F3F3F3F3F3F3FF6
S2187E67343F3F3F3F3F3F3F3F3F3F3F3F3F3F3F3F3F3F3F3FE2
S2187E67483F3F3F3F3F3F3F3F3F3F3F3F3F3F3F3F3F3F3F3FCE
S2187E675C3F3F3F3F3F3F3F3F3F3F3F3F3F3F3F3F3F3F3F3FBA
S2187E67703F3F3F3F3F3F3F3F3F3F3F3F3F3F3F3F3F3F3F3FA6
S2187E67843F3F3F3F3F3F3F3F3F3F3F3F3F3F3F3F3F3F3F3F92
S2187E67983F3F3F3F3F3F3F3F3F3F3F3F3F3F3F3F3F3F3F3F7E
S2187E67AC3F3F3F3F3F3F3F3F3F3F3F3F3F3F3F3F3F3F3F3F6A
S2187E67C03F3F3F3F3F3F3F3F3F3F3F3F3F3F3F3F3F3F3F3F56
S2187E67D43F3F3F3F3F3F3F3F3F3F3F3F3F3F3F3F3F3F3F3F42
S2187E67E83F3F3F3F3F3F3F3F3F3F3F3F3F3F3F3F3F3F3F3F2E
S2187E67FC3F3F3F3F3F3F3F3F3F3F3F3F3F3F3F3F3F3F3F3F1A
S2187E68103F3F3F3F3F3F3F3F3F3F3F3F3F3F3F3F3F3F3F3F05
S2187E68243F3F3F3F3F3F3F3F3F3F3F3F3F3F3F3F3F3F3F3FF1
S2187E68383F3F3F3F3F3F3F3F3F3F3F3F3F3F3F3F3F3F3F3FDD
S2187E684C3F3F3F3F3F3F3F3F3F3F3F3F3F3F3F3F3F3F3F3FC9
S2187E68603F3F3F3F3F3F3F3F3F3F3F3F3F3F3F3F3F3F3F3FB5
S2187E68743F3F3F3F3F3F3F3F3F3F3F3F3F3F3F3F3F3F3F3FA1
S2187E68883F3F3F3F3F3F3F3F3F3F3F3F3F3F3F3F3F3F3F3F8D
S2187E689C3F3F3F3F3F3F3F3F3F3F3F3F3F3F3F3F3F3F3F3F79
S2187E68B03F3F3F3F3F3F3F3F3F3F3F3F3F3F3F3F3F3F3F3F65
S2187E68C43F3F3F3F3F3F3F3F3F3F3F3F3F3F3F3F3F3F3F3F51
S2187E68D83F3F3F3F3F3F3F3F3F3F3F3F3F3F3F3F3F3F3F3F3D
S2187E68EC3F3F3F3F3F3F3F3F3F3F3F3F3F3F3F3F3F3F3F3F29
S2187E69003F3F3F3F3F3F3F3F3F3F3F3F3F3F3F3F3F3F3F3F14
S2187E69143F3F3F3F3F3F3F3F3F3F3F3F3F3F3F3F3F3F3F3F00
S2187E69283F3F3F3F3F3F3F3F3F3F3F3F3F3F3F3F3F3F3F3FEC
S2187E693C3F3F3F3F3F3F3F3F3F3F3F3F3F3F3F3F3F3F3F3FD8
S2187E69503F3F3F3F3F3F3F3F3F3F3F3F3F3F3F3F3F3F3F3FC4
S2187E69643F3F3F3F3F3F3F3F3F3F3F3F3F3F3F3F3F3F3F3FB0
S2187E69783F3F3F3F3F3F3F3F3F3F3F3F3F3F3F3F3F3F3F3F9C
S2187E698C3F3F3F3F3F3F3F3F3F3F3F3F3F3F3F3F3F3F3F3F88
S2187E69A03F3F3F3F3F3F3F3F3F3F3F3F3F3F3F3F3F3F3F3F74
S2187E69B43F3F3F3F3F3F3F3F3F3F3F3F3F3F3F3F3F3F3F3F60
S2187E69C83F3F3F3F3F3F3F3F3F3F3F3F3F3F3F3F3F3F3F3F4C
S2187E69DC3F3F3F3F3F3F3F3F3F3F3F3F3F3F3F3F3F3F3F3F38
S2187E69F03F3F3F3F3F3F3F3F3F3F3F3F3F3F3F3F3F3F3F3F24
S2187E6A043F3F3F3F3F3F3F3F3F3F3F3F3F3F3F3F3F3F3F3F0F
S2187E6A183F3F3F3F3F3F3F3F3F3F3F3F3F3F3F3F3F3F3F3FFB
S2187E6A2C3F3F3F3F3F3F3F3F3F3F3F3F3F3F3F3F3F3F3F3FE7
S2187E6A403F3F3F3F3F3F3F3F3F3F3F3F3F3F3F3F3F3F3F3FD3
S2187E6A543F3F3F3F3F3F3F3F3F3F3F3F3F3F3F3F3F3F3F3FBF
S2187E6A683F3F3F3F3F3F3F3F3F3F3F3F3F3F3F3F3F3F3F3FAB
S2187E6A7C3F3F3F3F3F3F3F3F3F3F3F3F3F3F3F3F3F3F3F3F97
S2187E6A903F3F3F3F3F3F3F3F3F3F3F3F3F3F3F3F3F3F3F3F83
S2187E6AA43F3F3F3F3F3F3F3F3F3F3F3F3F3F3F3F3F3F3F3F6F
S2187E6AB83F3F3F3F3F3F3F3F3F3F3F3F3F3F3F3F3F3F3F3F5B
S2187E6ACC3F3F3F3F3F3F3F3F3F3F3F3F3F3F3F3F3F3F3F3F47
S2187E6AE03F3F3F3F3F3F3F3F3F3F3F3F3F3F3F3F3F3F3F3F33
S2187E6AF43F3F3F3F3F3F3F3F3F3F3F3F3F3F3F3F3F3F3F3F1F
S2187E6B083F3F3F3F3F3F3F3F3F3F3F3F3F3F3F3F3F3F3F3F0A
S2187E6B1C3F3F3F3F3F3F3F3F3F3F3F3F3F3F3F3F3F3F3F3FF6
S2187E6B303F3F3F3F3F3F3F3F3F3F3F3F3F3F3F3F3F3F3F3FE2
S2187E6B443F3F3F3F3F3F3F3F3F3F3F3F3F3F3F3F3F3F3F3FCE
S2187E6B583F3F3F3F3F3F3F3F3F3F3F3F3F3F3F3F3F3F3F3FBA
S2187E6B6C3F3F3F3F3F3F3F3F3F3F3F3F3F3F3F3F3F3F3F3FA6
S2187E6B803F3F3F3F3F3F3F3F3F3F3F3F3F3F3F3F3F3F3F3F92
S2187E6B943F3F3F3F3F3F3F3F3F3F3F3F3F3F3F3F3F3F3F3F7E
S2187E6BA83F3F3F3F3F3F3F3F3F3F3F3F3F3F3F3F3F3F3F3F6A
S2187E6BBC3F3F3F3F3F3F3F3F3F3F3F3F3F3F3F3F3F3F3F3F56
S2187E6BD03F3F3F3F3F3F3F3F3F3F3F3F3F3F3F3F3F3F3F3F42
S2187E6BE43F3F3F3F3F3F3F3F3F3F3F3F3F3F3F3F3F3F3F3F2E
S2187E6BF83F3F3F3F3F3F3F3F3F3F3F3F3F3F3F3F3F3F3F3F1A
S2187E6C0C3F3F3F3F3F3F3F3F3F3F3F3F3F3F3F3F3F3F3F3F05
S2187E6C203F3F3F3F3F3F3F3F3F3F3F3F3F3F3F3F3F3F3F3FF1
S2187E6C343F3F3F3F3F3F3F3F3F3F3F3F3F3F3F3F3F3F3F3FDD
S2187E6C483F3F3F3F3F3F3F3F3F3F3F3F3F3F3F3F3F3F3F3FC9
S2187E6C5C3F3F3F3F3F3F3F3F3F3F3F3F3F3F3F3F3F3F3F3FB5
S2187E6C703F3F3F3F3F3F3F3F3F3F3F3F3F3F3F3F3F3F3F3FA1
S2187E6C843F3F3F3F3F3F3F3F3F3F3F3F3F3F3F3F3F3F3F3F8D
S2187E6C983F3F3F3F3F3F3F3F3F3F3F3F3F3F3F3F3F3F3F3F79
S2187E6CAC3F3F3F3F3F3F3F3F3F3F3F3F3F3F3F3F3F3F3F3F65
S2187E6CC03F3F3F3F3F3F3F3F3F3F3F3F3F3F3F3F3F3F3F3F51
S2187E6CD43F3F3F3F3F3F3F3F3F3F3F3F3F3F3F3F3F3F3F3F3D
S2187E6CE83F3F3F3F3F3F3F3F3F3F3F3F3F3F3F3F3F3F3F3F29
S2187E6CFC3F3F3F3F3F3F3F3F3F3F3F3F3F3F3F3F3F3F3F3F15
S2187E6D103F3F3F3F3F3F3F3F3F3F3F3F3F3F3F3F3F3F3F3F00
S2187E6D243F3F3F3F3F3F3F3F3F3F3F3F3F3F3F3F3F3F3F3FEC
S2187E6D383F3F3F3F3F3F3F3F3F3F3F3F3F3F3F3F3F3F3F3FD8
S2187E6D4C3F3F3F3F3F3F3F3F3F3F3F3F3F3F3F3F3F3F3F3FC4
S2187E6D603F3F3F3F3F3F3F3F3F3F3F3F3F3F3F3F3F3F3F3FB0
S2187E6D743F3F3F3F3F3F3F3F3F3F3F3F3F3F3F3F3F3F3F3F9C
S2187E6D883F3F3F3F3F3F3F3F3F3F3F3F3F3F3F3F3F3F3F3F88
S2187E6D9C3F3F3F3F3F3F3F3F3F3F3F3F3F3F3F3F3F3F3F3F74
S2187E6DB03F3F3F3F3F3F3F3F3F3F3F3F3F3F3F3F3F3F3F3F60
S2187E6DC43F3F3F3F3F3F3F3F3F3F3F3F3F3F3F3F3F3F3F3F4C
S2187E6DD83F3F3F3F3F3F3F3F3F3F3F3F3F3F3F3F3F3F3F3F38
S2187E6DEC3F3F3F3F3F3F3F3F3F3F3F3F3F3F3F3F3F3F3F3F24
S2187E6E003F3F3F3F3F3F3F3F3F3F3F3F3F3F3F3F3F3F3F3F0F
S2187E6E143F3F3F3F3F3F3F3F3F3F3F3F3F3F3F3F3F3F3F3FFB
S2187E6E283F3F3F3F3F3F3F3F3F3F3F3F3F3F3F3F3F3F3F3FE7
S2187E6E3C3F3F3F3F3F3F3F3F3F3F3F3F3F3F3F3F3F3F3F3FD3
S2187E6E503F3F3F3F3F3F3F3F3F3F3F3F3F3F3F3F3F3F3F3FBF
S2187E6E643F3F3F3F3F3F3F3F3F3F3F3F3F3F3F3F3F3F3F3FAB
S2187E6E783F3F3F3F3F3F3F3F3F3F3F3F3F3F3F3F3F3F3F3F97
S2187E6E8C3F3F3F3F3F3F3F3F3F3F3F3F3F3F3F3F3F3F3F3F83
S2187E6EA03F3F3F3F3F3F3F3F3F3F3F3F3F3F3F3F3F3F3F3F6F
S2187E6EB43F3F3F3F3F3F3F3F3F3F3F3F3F3F3F3F3F3F3F3F5B
S2187E6EC83F3F3F3F3F3F3F3F3F3F3F3F3F3F3F3F3F3F3F3F47
S2187E6EDC3F3F3F3F3F3F3F3F3F3F3F3F3F3F3F3F3F3F3F3F33
S2187E6EF03F3F3F3F3F3F3F3F3F3F3F3F3F3F3F3F3F3F3F3F1F
S2187E6F043F3F3F3F3F3F3F3F3F3F3F3F3F3F3F3F3F3F3F3F0A
S2187E6F183F3F3F3F3F3F3F3F3F3F3F3F3F3F3F3F3F3F3F3FF6
S2187E6F2C3F3F3F3F3F3F3F3F3F3F3F3F3F3F3F3F3F3F3F3FE2
S2187E6F403F3F3F3F3F3F3F3F3F3F3F3F3F3F3F3F3F3F3F3FCE
S2187E6F543F3F3F3F3F3F3F3F3F3F3F3F3F3F3F3F3F3F3F3FBA
S2187E6F683F3F3F3F3F3F3F3F3F3F3F3F3F3F3F3F3F3F3F3FA6
S2187E6F7C3F3F3F3F3F3F3F3F3F3F3F3F3F3F3F3F3F3F3F3F92
S2187E6F903F3F3F3F3F3F3F3F3F3F3F3F3F3F3F3F3F3F3F3F7E
S2187E6FA43F3F3F3F3F3F3F3F3F3F3F3F3F3F3F3F3F3F3F3F6A
S2187E6FB83F3F3F3F3F3F3F3F3F3F3F3F3F3F3F3F3F3F3F3F56
S2187E6FCC3F3F3F3F3F3F3F3F3F3F3F3F3F3F3F3F3F3F3F3F42
S2187E6FE03F3F3F3F3F3F3F3F3F3F3F3F3F3F3F3F3F3F3F3F2E
S2187E6FF43F3F3F3F3F3F3F3F3F3F3F3F3F3F3F3F3F3F3F3F1A
S2187E70083F3F3F3F3F3F3F3F3F3F3F3F3F3F3F3F3F3F3F3F05
S2187E701C3F3F3F3F3F3F3F3F3F3F3F3F3F3F3F3F3F3F3F3FF1
S2187E70303F3F3F3F3F3F3F3F3F3F3F3F3F3F3F3F3F3F3F3FDD
S2187E70443F3F3F3F3F3F3F3F3F3F3F3F3F3F3F3F3F3F3F3FC9
S2187E70583F3F3F3F3F3F3F3F3F3F3F3F3F3F3F3F3F3F3F3FB5
S2187E706C3F3F3F3F3F3F3F3F3F3F3F3F3F3F3F3F3F3F3F3FA1
S2187E70803F3F3F3F3F3F3F3F3F3F3F3F3F3F3F3F3F3F3F3F8D
S2187E70943F3F3F3F3F3F3F3F3F3F3F3F3F3F3F3F3F3F3F3F79
S2187E70A83F3F3F3F3F3F3F3F3F3F3F3F3F3F3F3F3F3F3F3F65
S2187E70BC3F3F3F3F3F3F3F3F3F3F3F3F3F3F3F3F3F3F3F3F51
S2187E70D03F3F3F3F3F3F3F3F3F3F3F3F3F3F3F3F3F3F3F3F3D
S2187E70E43F3F3F3F3F3F3F3F3F3F3F3F3F3F3F3F3F3F3F3F29
S2187E70F83F3F3F3F3F3F3F3F3F3F3F3F3F3F3F3F3F3F3F3F15
S2187E710C3F3F3F3F3F3F3F3F3F3F3F3F3F3F3F3F3F3F3F3F00
S2187E71203F3F3F3F3F3F3F3F3F3F3F3F3F3F3F3F3F3F3F3FEC
S2187E71343F3F3F3F3F3F3F3F3F3F3F3F3F3F3F3F3F3F3F3FD8
S2187E71483F3F3F3F3F3F3F3F3F3F3F3F3F3F3F3F3F3F3F3FC4
S2187E715C3F3F3F3F3F3F3F3F3F3F3F3F3F3F3F3F3F3F3F3FB0
S2187E71703F3F3F3F3F3F3F3F3F3F3F3F3F3F3F3F3F3F3F3F9C
S2187E71843F3F3F3F3F3F3F3F3F3F3F3F3F3F3F3F3F3F3F3F88
S2187E71983F3F3F3F3F3F3F3F3F3F3F3F3F3F3F3F3F3F3F3F74
S2187E71AC3F3F3F3F3F3F3F3F3F3F3F3F3F3F3F3F3F3F3F3F60
S2187E71C03F3F3F3F3F3F3F3F3F3F3F3F3F3F3F3F3F3F3F3F4C
S2187E71D43F3F3F3F3F3F3F3F3F3F3F3F3F3F3F3F3F3F3F3F38
S2187E71E83F3F3F3F3F3F3F3F3F3F3F3F3F3F3F3F3F3F3F3F24
S2187E71FC3F3F3F3F3F3F3F3F3F3F3F3F3F3F3F3F3F3F3F3F10
S2187E72103F3F3F3F3F3F3F3F3F3F3F3F3F3F3F3F3F3F3F3FFB
S2187E72243F3F3F3F3F3F3F3F3F3F3F3F3F3F3F3F3F3F3F3FE7
S2187E72383F3F3F3F3F3F3F3F3F3F3F3F3F3F3F3F3F3F3F3FD3
S2187E724C3F3F3F3F3F3F3F3F3F3F3F3F3F3F3F3F3F3F3F3FBF
S2187E72603F3F3F3F3F3F3F3F3F3F3F3F3F3F3F3F3F3F3F3FAB
S2187E72743F3F3F3F3F3F3F3F3F3F3F3F3F3F3F3F3F3F3F3F97
S2187E72883F3F3F3F3F3F3F3F3F3F3F3F3F3F3F3F3F3F3F3F83
S2187E729C3F3F3F3F3F3F3F3F3F3F3F3F3F3F3F3F3F3F3F3F6F
S2187E72B03F3F3F3F3F3F3F3F3F3F3F3F3F3F3F3F3F3F3F3F5B
S2187E72C43F3F3F3F3F3F3F3F3F3F3F3F3F3F3F3F3F3F3F3F47
S2187E72D83F3F3F3F3F3F3F3F3F3F3F3F3F3F3F3F3F3F3F3F33
S2187E72EC3F3F3F3F3F3F3F3F3F3F3F3F3F3F3F3F3F3F3F3F1F
S2187E73003F3F3F3F3F3F3F3F3F3F3F3F3F3F3F3F3F3F3F3F0A
S2187E73143F3F3F3F3F3F3F3F3F3F3F3F3F3F3F3F3F3F3F3FF6
S2187E73283F3F3F3F3F3F3F3F3F3F3F3F3F3F3F3F3F3F3F3FE2
S2187E733C3F3F3F3F3F3F3F3F3F3F3F3F3F3F3F3F3F3F3F3FCE
S2187E73503F3F3F3F3F3F3F3F3F3F3F3F3F3F3F3F3F3F3F3FBA
S2187E73643F3F3F3F3F3F3F3F3F3F3F3F3F3F3F3F3F3F3F3FA6
S2187E73783F3F3F3F3F3F3F3F3F3F3F3F3F3F3F3F3F3F3F3F92
S2187E738C3F3F3F3F3F3F3F3F3F3F3F3F3F3F3F3F3F3F3F3F7E
S2187E73A03F3F3F3F3F3F3F3F3F3F3F3F3F3F3F3F3F3F3F3F6A
S2187E73B43F3F3F3F3F3F3F3F3F3F3F3F3F3F3F3F3F3F3F3F56
S2187E73C83F3F3F3F3F3F3F3F3F3F3F3F3F3F3F3F3F3F3F3F42
S2187E73DC3F3F3F3F3F3F3F3F3F3F3F3F3F3F3F3F3F3F3F3F2E
S2187E73F03F3F3F3F3F3F3F3F3F3F3F3F3F3F3F3F3F3F3F3F1A
S2187E74043F3F3F3F3F3F3F3F3F3F3F3F3F3F3F3F3F3F3F3F05
S2187E74183F3F3F3F3F3F3F3F3F3F3F3F3F3F3F3F3F3F3F3FF1
S2187E742C3F3F3F3F3F3F3F3F3F3F3F3F3F3F3F3F3F3F3F3FDD
S2187E74403F3F3F3F3F3F3F3F3F3F3F3F3F3F3F3F3F3F3F3FC9
S2187E74543F3F3F3F3F3F3F3F3F3F3F3F3F3F3F3F3F3F3F3FB5
S2187E74683F3F3F3F3F3F3F3F3F3F3F3F3F3F3F3F3F3F3F3FA1
S2187E747C3F3F3F3F3F3F3F3F3F3F3F3F3F3F3F3F3F3F3F3F8D
S2187E74903F3F3F3F3F3F3F3F3F3F3F3F3F3F3F3F3F3F3F3F79
S2187E74A43F3F3F3F3F3F3F3F3F3F3F3F3F3F3F3F3F3F3F3F65
S2187E74B83F3F3F3F3F3F3F3F3F3F3F3F3F3F3F3F3F3F3F3F51
S2187E74CC3F3F3F3F3F3F3F3F3F3F3F3F3F3F3F3F3F3F3F3F3D
S2187E74E03F3F3F3F3F3F3F3F3F3F3F3F3F3F3F3F3F3F3F3F29
S2187E74F43F3F3F3F3F3F3F3F3F3F3F3F3F3F3F3F3F3F3F3F15
S2187E75083F3F3F3F3F3F3F3F3F3F3F3F3F3F3F3F3F3F3F3F00
S2187E751C3F3F3F3F3F3F3F3F3F3F3F3F3F3F3F3F3F3F3F3FEC
S2187E75303F3F3F3F3F3F3F3F3F3F3F3F3F3F3F3F3F3F3F3FD8
S2187E75443F3F3F3F3F3F3F3F3F3F3F3F3F3F3F3F3F3F3F3FC4
S2187E75583F3F3F3F3F3F3F3F3F3F3F3F3F3F3F3F3F3F3F3FB0
S2187E756C3F3F3F3F3F3F3F3F3F3F3F3F3F3F3F3F3F3F3F3F9C
S2187E75803F3F3F3F3F3F3F3F3F3F3F3F3F3F3F3F3F3F3F3F88
S2187E75943F3F3F3F3F3F3F3F3F3F3F3F3F3F3F3F3F3F3F3F74
S2187E75A83F3F3F3F3F3F3F3F3F3F3F3F3F3F3F3F3F3F3F3F60
S2187E75BC3F3F3F3F3F3F3F3F3F3F3F3F3F3F3F3F3F3F3F3F4C
S2187E75D03F3F3F3F3F3F3F3F3F3F3F3F3F3F3F3F3F3F3F3F38
S2187E75E43F3F3F3F3F3F3F3F3F3F3F3F3F3F3F3F3F3F3F3F24
S2187E75F83F3F3F3F3F3F3F3F3F3F3F3F3F3F3F3F3F3F3F3F10
S2187E760C3F3F3F3F3F3F3F3F3F3F3F3F3F3F3F3F3F3F3F3FFB
S2187E76203F3F3F3F3F3F3F3F3F3F3F3F3F3F3F3F3F3F3F3FE7
S2187E76343F3F3F3F3F3F3F3F3F3F3F3F3F3F3F3F3F3F3F3FD3
S2187E76483F3F3F3F3F3F3F3F3F3F3F3F3F3F3F3F3F3F3F3FBF
S2187E765C3F3F3F3F3F3F3F3F3F3F3F3F3F3F3F3F3F3F3F3FAB
S2187E76703F3F3F3F3F3F3F3F3F3F3F3F3F3F3F3F3F3F3F3F97
S2187E76843F3F3F3F3F3F3F3F3F3F3F3F3F3F3F3F3F3F3F3F83
S2187E76983F3F3F3F3F3F3F3F3F3F3F3F3F3F3F3F3F3F3F3F6F
S2187E76AC3F3F3F3F3F3F3F3F3F3F3F3F3F3F3F3F3F3F3F3F5B
S2187E76C03F3F3F3F3F3F3F3F3F3F3F3F3F3F3F3F3F3F3F3F47
S2187E76D43F3F3F3F3F3F3F3F3F3F3F3F3F3F3F3F3F3F3F3F33
S2187E76E83F3F3F3F3F3F3F3F3F3F3F3F3F3F3F3F3F3F3F3F1F
S2187E76FC3F3F3F3F3F3F3F3F3F3F3F3F3F3F3F3F3F3F3F3F0B
S2187E77103F3F3F3F3F3F3F3F3F3F3F3F3F3F3F3F3F3F3F3FF6
S2187E77243F3F3F3F3F3F3F3F3F3F3F3F3F3F3F3F3F3F3F3FE2
S2187E77383F3F3F3F3F3F3F3F3F3F3F3F3F3F3F3F3F3F3F3FCE
S2187E774C3F3F3F3F3F3F3F3F3F3F3F3F3F3F3F3F3F3F3F3FBA
S2187E77603F3F3F3F3F3F3F3F3F3F3F3F3F3F3F3F3F3F3F3FA6
S2187E77743F3F3F3F3F3F3F3F3F3F3F3F3F3F3F3F3F3F3F3F92
S2187E77883F3F3F3F3F3F3F3F3F3F3F3F3F3F3F3F3F3F3F3F7E
S2187E779C3F3F3F3F3F3F3F3F3F3F3F3F3F3F3F3F3F3F3F3F6A
S2187E77B03F3F3F3F3F3F3F3F3F3F3F3F3F3F3F3F3F3F3F3F56
S2187E77C43F3F3F3F3F3F3F3F3F3F3F3F3F3F3F3F3F3F3F3F42
S2187E77D83F3F3F3F3F3F3F3F3F3F3F3F3F3F3F3F3F3F3F3F2E
S2187E77EC3F3F3F3F3F3F3F3F3F3F3F3F3F3F3F3F3F3F3F3F1A
S2187E78003F3F3F3F3F3F3F3F3F3F3F3F3F3F3F3F3F3F3F3F05
S2187E78143F3F3F3F3F3F3F3F3F3F3F3F3F3F3F3F3F3F3F3FF1
S2187E78283F3F3F3F3F3F3F3F3F3F3F3F3F3F3F3F3F3F3F3FDD
S2187E783C3F3F3F3F3F3F3F3F3F3F3F3F3F3F3F3F3F3F3F3FC9
S2187E78503F3F3F3F3F3F3F3F3F3F3F3F3F3F3F3F3F3F3F3FB5
S2187E78643F3F3F3F3F3F3F3F3F3F3F3F3F3F3F3F3F3F3F3FA1
S2187E78783F3F3F3F3F3F3F3F3F3F3F3F3F3F3F3F3F3F3F3F8D
S2187E788C3F3F3F3F3F3F3F3F3F3F3F3F3F3F3F3F3F3F3F3F79
S2187E78A03F3F3F3F3F3F3F3F3F3F3F3F3F3F3F3F3F3F3F3F65
S2187E78B43F3F3F3F3F3F3F3F3F3F3F3F3F3F3F3F3F3F3F3F51
S2187E78C83F3F3F3F3F3F3F3F3F3F3F3F3F3F3F3F3F3F3F3F3D
S2187E78DC3F3F3F3F3F3F3F3F3F3F3F3F3F3F3F3F3F3F3F3F29
S2187E78F03F3F3F3F3F3F3F3F3F3F3F3F3F3F3F3F3F3F3F3F15
S2187E79043F3F3F3F3F3F3F3F3F3F3F3F3F3F3F3F3F3F3F3F00
S2187E79183F3F3F3F3F3F3F3F3F3F3F3F3F3F3F3F3F3F3F3FEC
S2187E792C3F3F3F3F3F3F3F3F3F3F3F3F3F3F3F3F3F3F3F3FD8
S2187E79403F3F3F3F3F3F3F3F3F3F3F3F3F3F3F3F3F3F3F3FC4
S2187E79543F3F3F3F3F3F3F3F3F3F3F3F3F3F3F3F3F3F3F3FB0
S2187E79683F3F3F3F3F3F3F3F3F3F3F3F3F3F3F3F3F3F3F3F9C
S2187E797C3F3F3F3F3F3F3F3F3F3F3F3F3F3F3F3F3F3F3F3F88
S2187E79903F3F3F3F3F3F3F3F3F3F3F3F3F3F3F3F3F3F3F3F74
S2187E79A43F3F3F3F3F3F3F3F3F3F3F3F3F3F3F3F3F3F3F3F60
S2187E79B83F3F3F3F3F3F3F3F3F3F3F3F3F3F3F3F3F3F3F3F4C
S2187E79CC3F3F3F3F3F3F3F3F3F3F3F3F3F3F3F3F3F3F3F3F38
S2187E79E03F3F3F3F3F3F3F3F3F3F3F3F3F3F3F3F3F3F3F3F24
S2187E79F43F3F3F3F3F3F3F3F3F3F3F3F3F3F3F3F3F3F3F3F10
S2187E7A083F3F3F3F3F3F3F3F3F3F3F3F3F3F3F3F3F3F3F3FFB
S2187E7A1C3F3F3F3F3F3F3F3F3F3F3F3F3F3F3F3F3F3F3F3FE7
S2187E7A303F3F3F3F3F3F3F3F3F3F3F3F3F3F3F3F3F3F3F3FD3
S2187E7A443F3F3F3F3F3F3F3F3F3F3F3F3F3F3F3F3F3F3F3FBF
S2187E7A583F3F3F3F3F3F3F3F3F3F3F3F3F3F3F3F3F3F3F3FAB
S2187E7A6C3F3F3F3F3F3F3F3F3F3F3F3F3F3F3F3F3F3F3F3F97
S2187E7A803F3F3F3F3F3F3F3F3F3F3F3F3F3F3F3F3F3F3F3F83
S2187E7A943F3F3F3F3F3F3F3F3F3F3F3F3F3F3F3F3F3F3F3F6F
S2187E7AA83F3F3F3F3F3F3F3F3F3F3F3F3F3F3F3F3F3F3F3F5B
S2187E7ABC3F3F3F3F3F3F3F3F3F3F3F3F3F3F3F3F3F3F3F3F47
S2187E7AD03F3F3F3F3F3F3F3F3F3F3F3F3F3F3F3F3F3F3F3F33
S2187E7AE43F3F3F3F3F3F3F3F3F3F3F3F3F3F3F3F3F3F3F3F1F
S2187E7AF83F3F3F3F3F3F3F3F3F3F3F3F3F3F3F3F3F3F3F3F0B
S2187E7B0C3F3F3F3F3F3F3F3F3F3F3F3F3F3F3F3F3F3F3F3FF6
S2187E7B203F3F3F3F3F3F3F3F3F3F3F3F3F3F3F3F3F3F3F3FE2
S2187E7B343F3F3F3F3F3F3F3F3F3F3F3F3F3F3F3F3F3F3F3FCE
S2187E7B483F3F3F3F3F3F3F3F3F3F3F3F3F3F3F3F3F3F3F3FBA
S2187E7B5C3F3F3F3F3F3F3F3F3F3F3F3F3F3F3F3F3F3F3F3FA6
S2187E7B703F3F3F3F3F3F3F3F3F3F3F3F3F3F3F3F3F3F3F3F92
S2187E7B843F3F3F3F3F3F3F3F3F3F3F3F3F3F3F3F3F3F3F3F7E
S2187E7B983F3F3F3F3F3F3F3F3F3F3F3F3F3F3F3F3F3F3F3F6A
S2187E7BAC3F3F3F3F3F3F3F3F3F3F3F3F3F3F3F3F3F3F3F3F56
S2187E7BC03F3F3F3F3F3F3F3F3F3F3F3F3F3F3F3F3F3F3F3F42
S2187E7BD43F3F3F3F3F3F3F3F3F3F3F3F3F3F3F3F3F3F3F3F2E
S2187E7BE83F3F3F3F3F3F3F3F3F3F3F3F3F3F3F3F3F3F3F3F1A
S2187E7BFC3F3F3F3F3F3F3F3F3F3F3F3F3F3F3F3F3F3F3F3F06
S2187E7C103F3F3F3F3F3F3F3F3F3F3F3F3F3F3F3F3F3F3F3FF1
S2187E7C243F3F3F3F3F3F3F3F3F3F3F3F3F3F3F3F3F3F3F3FDD
S2187E7C383F3F3F3F3F3F3F3F3F3F3F3F3F3F3F3F3F3F3F3FC9
S2187E7C4C3F3F3F3F3F3F3F3F3F3F3F3F3F3F3F3F3F3F3F3FB5
S2187E7C603F3F3F3F3F3F3F3F3F3F3F3F3F3F3F3F3F3F3F3FA1
S2187E7C743F3F3F3F3F3F3F3F3F3F3F3F3F3F3F3F3F3F3F3F8D
S2187E7C883F3F3F3F3F3F3F3F3F3F3F3F3F3F3F3F3F3F3F3F79
S2187E7C9C3F3F3F3F3F3F3F3F3F3F3F3F3F3F3F3F3F3F3F3F65
S2187E7CB03F3F3F3F3F3F3F3F3F3F3F3F3F3F3F3F3F3F3F3F51
S2187E7CC43F3F3F3F3F3F3F3F3F3F3F3F3F3F3F3F3F3F3F3F3D
S2187E7CD83F3F3F3F3F3F3F3F3F3F3F3F3F3F3F3F3F3F3F3F29
S2187E7CEC3F3F3F3F3F3F3F3F3F3F3F3F3F3F3F3F3F3F3F3F15
S2187E7D003F3F3F3F3F3F3F3F3F3F3F3F3F3F3F3F3F3F3F3F00
S2187E7D143F3F3F3F3F3F3F3F3F3F3F3F3F3F3F3F3F3F3F3FEC
S2187E7D283F3F3F3F3F3F3F3F3F3F3F3F3F3F3F3F3F3F3F3FD8
S2187E7D3C3F3F3F3F3F3F3F3F3F3F3F3F3F3F3F3F3F3F3F3FC4
S2187E7D503F3F3F3F3F3F3F3F3F3F3F3F3F3F3F3F3F3F3F3FB0
S2187E7D643F3F3F3F3F3F3F3F3F3F3F3F3F3F3F3F3F3F3F3F9C
S2187E7D783F3F3F3F3F3F3F3F3F3F3F3F3F3F3F3F3F3F3F3F88
S2187E7D8C3F3F3F3F3F3F3F3F3F3F3F3F3F3F3F3F3F3F3F3F74
S2187E7DA03F3F3F3F3F3F3F3F3F3F3F3F3F3F3F3F3F3F3F3F60
S2187E7DB43F3F3F3F3F3F3F3F3F3F3F3F3F3F3F3F3F3F3F3F4C
S2187E7DC83F3F3F3F3F3F3F3F3F3F3F3F3F3F3F3F3F3F3F3F38
S2187E7DDC3F3F3F3F3F3F3F3F3F3F3F3F3F3F3F3F3F3F3F3F24
S2187E7DF03F3F3F3F3F3F3F3F3F3F3F3F3F3F3F3F3F3F3F3F10
S2187E7E043F3F3F3F3F3F3F3F3F3F3F3F3F3F3F3F3F3F3F3FFB
S2187E7E183F3F3F3F3F3F3F3F3F3F3F3F3F3F3F3F3F3F3F3FE7
S2187E7E2C3F3F3F3F3F3F3F3F3F3F3F3F3F3F3F3F3F3F3F3FD3
S2187E7E403F3F3F3F3F3F3F3F3F3F3F3F3F3F3F3F3F3F3F3FBF
S2187E7E543F3F3F3F3F3F3F3F3F3F3F3F3F3F3F3F3F3F3F3FAB
S2187E7E683F3F3F3F3F3F3F3F3F3F3F3F3F3F3F3F3F3F3F3F97
S2187E7E7C3F3F3F3F3F3F3F3F3F3F3F3F3F3F3F3F3F3F3F3F83
S2187E7E903F3F3F3F3F3F3F3F3F3F3F3F3F3F3F3F3F3F3F3F6F
S2187E7EA43F3F3F3F3F3F3F3F3F3F3F3F3F3F3F3F3F3F3F3F5B
S2187E7EB83F3F3F3F3F3F3F3F3F3F3F3F3F3F3F3F3F3F3F3F47
S2187E7ECC3F3F3F3F3F3F3F3F3F3F3F3F3F3F3F3F3F3F3F3F33
S2187E7EE03F3F3F3F3F3F3F3F3F3F3F3F3F3F3F3F3F3F3F3F1F
S2187E7EF43F3F3F3F3F3F3F3F3F3F3F3F3F3F3F3F3F3F3F3F0B
S2187E7F083F3F3F3F3F3F3F3F3F3F3F3F3F3F3F3F3F3F3F3FF6
S2187E7F1C3F3F3F3F3F3F3F3F3F3F3F3F3F3F3F3F3F3F3F3FE2
S2187E7F303F3F3F3F3F3F3F3F3F3F3F3F3F3F3F3F3F3F3F3FCE
S2187E7F443F3F3F3F3F3F3F3F3F3F3F3F3F3F3F3F3F3F3F3FBA
S2187E7F583F3F3F3F3F3F3F3F3F3F3F3F3F3F3F3F3F3F3F3FA6
S2187E7F6C3F3F3F3F3F3F3F3F3F3F3F3F3F3F3F3F3F3F3F3F92
S2187E7F803F3F3F3F3F3F3F3F3F3F3F3F3F3F3F3F3F3F3F3F7E
S2187E7F943F3F3F3F3F3F3F3F3F3F3F3F3F3F3F3F3F3F3F3F6A
S2187E7FA83F3F3F3F3F3F3F3F3F3F3F3F3F3F3F3F3F3F3F3F56
S2187E7FBC3F3F3F3F3F3F3F3F3F3F3F3F3F3F3F3F3F3F3F3F42
S2187E7FD03F3F3F3F3F3F3F3F3F3F3F3F3F3F3F3F3F3F3F3F2E
S2187E7FE43F3F3F3F3F3F3F3F3F3F3F3F3F3F3F3F3F3F3F3F1A
S2187E7FF83F3F3F3F3F3F3F3F3F3F3F3F3F3F3F3F3F3F3F3F06
S2187E800C3F3F3F3F3F3F3F3F3F3F3F3F3F3F3F3F3F3F3F3FF1
S2187E80203F3F3F3F3F3F3F3F3F3F3F3F3F3F3F3F3F3F3F3FDD
S2187E80343F3F3F3F3F3F3F3F3F3F3F3F3F3F3F3F3F3F3F3FC9
S2187E80483F3F3F3F3F3F3F3F3F3F3F3F3F3F3F3F3F3F3F3FB5
S2187E805C3F3F3F3F3F3F3F3F3F3F3F3F3F3F3F3F3F3F3F3FA1
S2187E80703F3F3F3F3F3F3F3F3F3F3F3F3F3F3F3F3F3F3F3F8D
S2187E80843F3F3F3F3F3F3F3F3F3F3F3F3F3F3F3F3F3F3F3F79
S2187E80983F3F3F3F3F3F3F3F3F3F3F3F3F3F3F3F3F3F3F3F65
S2187E80AC3F3F3F3F3F3F3F3F3F3F3F3F3F3F3F3F3F3F3F3F51
S2187E80C03F3F3F3F3F3F3F3F3F3F3F3F3F3F3F3F3F3F3F3F3D
S2187E80D43F3F3F3F3F3F3F3F3F3F3F3F3F3F3F3F3F3F3F3F29
S2187E80E83F3F3F3F3F3F3F3F3F3F3F3F3F3F3F3F3F3F3F3F15
S2187E80FC3F3F3F3F3F3F3F3F3F3F3F3F3F3F3F3F3F3F3F3F01
S2187E81103F3F3F3F3F3F3F3F3F3F3F3F3F3F3F3F3F3F3F3FEC
S2187E81243F3F3F3F3F3F3F3F3F3F3F3F3F3F3F3F3F3F3F3FD8
S2187E81383F3F3F3F3F3F3F3F3F3F3F3F3F3F3F3F3F3F3F3FC4
S2187E814C3F3F3F3F3F3F3F3F3F3F3F3F3F3F3F3F3F3F3F3FB0
S2187E81603F3F3F3F3F3F3F3F3F3F3F3F3F3F3F3F3F3F3F3F9C
S2187E81743F3F3F3F3F3F3F3F3F3F3F3F3F3F3F3F3F3F3F3F88
S2187E81883F3F3F3F3F3F3F3F3F3F3F3F3F3F3F3F3F3F3F3F74
S2187E819C3F3F3F3F3F3F3F3F3F3F3F3F3F3F3F3F3F3F3F3F60
S2187E81B03F3F3F3F3F3F3F3F3F3F3F3F3F3F3F3F3F3F3F3F4C
S2187E81C43F3F3F3F3F3F3F3F3F3F3F3F3F3F3F3F3F3F3F3F38
S2187E81D83F3F3F3F3F3F3F3F3F3F3F3F3F3F3F3F3F3F3F3F24
S2187E81EC3F3F3F3F3F3F3F3F3F3F3F3F3F3F3F3F3F3F3F3F10
S2187E82003F3F3F3F3F3F3F3F3F3F3F3F3F3F3F3F3F3F3F3FFB
S2187E82143F3F3F3F3F3F3F3F3F3F3F3F3F3F3F3F3F3F3F3FE7
S2187E82283F3F3F3F3F3F3F3F3F3F3F3F3F3F3F3F3F3F3F3FD3
S2187E823C3F3F3F3F3F3F3F3F3F3F3F3F3F3F3F3F3F3F3F3FBF
S2187E82503F3F3F3F3F3F3F3F3F3F3F3F3F3F3F3F3F3F3F3FAB
S2187E82643F3F3F3F3F3F3F3F3F3F3F3F3F3F3F3F3F3F3F3F97
S2187E82783F3F3F3F3F3F3F3F3F3F3F3F3F3F3F3F3F3F3F3F83
S2187E828C3F3F3F3F3F3F3F3F3F3F3F3F3F3F3F3F3F3F3F3F6F
S2187E82A03F3F3F3F3F3F3F3F3F3F3F3F3F3F3F3F3F3F3F3F5B
S2187E82B43F3F3F3F3F3F3F3F3F3F3F3F3F3F3F3F3F3F3F3F47
S2187E82C83F3F3F3F3F3F3F3F3F3F3F3F3F3F3F3F3F3F3F3F33
S2187E82DC3F3F3F3F3F3F3F3F3F3F3F3F3F3F3F3F3F3F3F3F1F
S2187E82F03F3F3F3F3F3F3F3F3F3F3F3F3F3F3F3F3F3F3F3F0B
S2187E83043F3F3F3F3F3F3F3F3F3F3F3F3F3F3F3F3F3F3F3FF6
S2187E83183F3F3F3F3F3F3F3F3F3F3F3F3F3F3F3F3F3F3F3FE2
S2187E832C3F3F3F3F3F3F3F3F3F3F3F3F3F3F3F3F3F3F3F3FCE
S2187E83403F3F3F3F3F3F3F3F3F3F3F3F3F3F3F3F3F3F3F3FBA
S2187E83543F3F3F3F3F3F3F3F3F3F3F3F3F3F3F3F3F3F3F3FA6
S2187E83683F3F3F3F3F3F3F3F3F3F3F3F3F3F3F3F3F3F3F3F92
S2187E837C3F3F3F3F3F3F3F3F3F3F3F3F3F3F3F3F3F3F3F3F7E
S2187E83903F3F3F3F3F3F3F3F3F3F3F3F3F3F3F3F3F3F3F3F6A
S2187E83A43F3F3F3F3F3F3F3F3F3F3F3F3F3F3F3F3F3F3F3F56
S2187E83B83F3F3F3F3F3F3F3F3F3F3F3F3F3F3F3F3F3F3F3F42
S2187E83CC3F3F3F3F3F3F3F3F3F3F3F3F3F3F3F3F3F3F3F3F2E
S2187E83E03F3F3F3F3F3F3F3F3F3F3F3F3F3F3F3F3F3F3F3F1A
S2187E83F43F3F3F3F3F3F3F3F3F3F3F3F3F3F3F3F3F3F3F3F06
S2187E84083F3F3F3F3F3F3F3F3F3F3F3F3F3F3F3F3F3F3F3FF1
S2187E841C3F3F3F3F3F3F3F3F3F3F3F3F3F3F3F3F3F3F3F3FDD
S2187E84303F3F3F3F3F3F3F3F3F3F3F3F3F3F3F3F3F3F3F3FC9
S2187E84443F3F3F3F3F3F3F3F3F3F3F3F3F3F3F3F3F3F3F3FB5
S2187E84583F3F3F3F3F3F3F3F3F3F3F3F3F3F3F3F3F3F3F3FA1
S2187E846C3F3F3F3F3F3F3F3F3F3F3F3F3F3F3F3F3F3F3F3F8D
S2187E84803F3F3F3F3F3F3F3F3F3F3F3F3F3F3F3F3F3F3F3F79
S2187E84943F3F3F3F3F3F3F3F3F3F3F3F3F3F3F3F3F3F3F3F65
S2187E84A83F3F3F3F3F3F3F3F3F3F3F3F3F3F3F3F3F3F3F3F51
S2187E84BC3F3F3F3F3F3F3F3F3F3F3F3F3F3F3F3F3F3F3F3F3D
S2187E84D03F3F3F3F3F3F3F3F3F3F3F3F3F3F3F3F3F3F3F3F29
S2187E84E43F3F3F3F3F3F3F3F3F3F3F3F3F3F3F3F3F3F3F3F15
S2187E84F83F3F3F3F3F3F3F3F3F3F3F3F3F3F3F3F3F3F3F3F01
S2187E850C3F3F3F3F3F3F3F3F3F3F3F3F3F3F3F3F3F3F3F3FEC
S2187E85203F3F3F3F3F3F3F3F3F3F3F3F3F3F3F3F3F3F3F3FD8
S2187E85343F3F3F3F3F3F3F3F3F3F3F3F3F3F3F3F3F3F3F3FC4
S2187E85483F3F3F3F3F3F3F3F3F3F3F3F3F3F3F3F3F3F3F3FB0
S2187E855C3F3F3F3F3F3F3F3F3F3F3F3F3F3F3F3F3F3F3F3F9C
S2187E85703F3F3F3F3F3F3F3F3F3F3F3F3F3F3F3F3F3F3F3F88
S2187E85843F3F3F3F3F3F3F3F3F3F3F3F3F3F3F3F3F3F3F3F74
S2187E85983F3F3F3F3F3F3F3F3F3F3F3F3F3F3F3F3F3F3F3F60
S2187E85AC3F3F3F3F3F3F3F3F3F3F3F3F3F3F3F3F3F3F3F3F4C
S2187E85C03F3F3F3F3F3F3F3F3F3F3F3F3F3F3F3F3F3F3F3F38
S2187E85D43F3F3F3F3F3F3F3F3F3F3F3F3F3F3F3F3F3F3F3F24
S2187E85E83F3F3F3F3F3F3F3F3F3F3F3F3F3F3F3F3F3F3F3F10
S2187E85FC3F3F3F3F3F3F3F3F3F3F3F3F3F3F3F3F3F3F3F3FFC
S2187E86103F3F3F3F3F3F3F3F3F3F3F3F3F3F3F3F3F3F3F3FE7
S2187E86243F3F3F3F3F3F3F3F3F3F3F3F3F3F3F3F3F3F3F3FD3
S2187E86383F3F3F3F3F3F3F3F3F3F3F3F3F3F3F3F3F3F3F3FBF
S2187E864C3F3F3F3F3F3F3F3F3F3F3F3F3F3F3F3F3F3F3F3FAB
S2187E86603F3F3F3F3F3F3F3F3F3F3F3F3F3F3F3F3F3F3F3F97
S2187E86743F3F3F3F3F3F3F3F3F3F3F3F3F3F3F3F3F3F3F3F83
S2187E86883F3F3F3F3F3F3F3F3F3F3F3F3F3F3F3F3F3F3F3F6F
S2187E869C3F3F3F3F3F3F3F3F3F3F3F3F3F3F3F3F3F3F3F3F5B
S2187E86B03F3F3F3F3F3F3F3F3F3F3F3F3F3F3F3F3F3F3F3F47
S2187E86C43F3F3F3F3F3F3F3F3F3F3F3F3F3F3F3F3F3F3F3F33
S2187E86D83F3F3F3F3F3F3F3F3F3F3F3F3F3F3F3F3F3F3F3F1F
S2187E86EC3F3F3F3F3F3F3F3F3F3F3F3F3F3F3F3F3F3F3F3F0B
S2187E87003F3F3F3F3F3F3F3F3F3F3F3F3F3F3F3F3F3F3F3FF6
S2187E87143F3F3F3F3F3F3F3F3F3F3F3F3F3F3F3F3F3F3F3FE2
S2187E87283F3F3F3F3F3F3F3F3F3F3F3F3F3F3F3F3F3F3F3FCE
S2187E873C3F3F3F3F3F3F3F3F3F3F3F3F3F3F3F3F3F3F3F3FBA
S2187E87503F3F3F3F3F3F3F3F3F3F3F3F3F3F3F3F3F3F3F3FA6
S2187E87643F3F3F3F3F3F3F3F3F3F3F3F3F3F3F3F3F3F3F3F92
S2187E87783F3F3F3F3F3F3F3F3F3F3F3F3F3F3F3F3F3F3F3F7E
S2187E878C3F3F3F3F3F3F3F3F3F3F3F3F3F3F3F3F3F3F3F3F6A
S2187E87A03F3F3F3F3F3F3F3F3F3F3F3F3F3F3F3F3F3F3F3F56
S2187E87B43F3F3F3F3F3F3F3F3F3F3F3F3F3F3F3F3F3F3F3F42
S2187E87C83F3F3F3F3F3F3F3F3F3F3F3F3F3F3F3F3F3F3F3F2E
S2187E87DC3F3F3F3F3F3F3F3F3F3F3F3F3F3F3F3F3F3F3F3F1A
S2187E87F03F3F3F3F3F3F3F3F3F3F3F3F3F3F3F3F3F3F3F3F06
S2187E88043F3F3F3F3F3F3F3F3F3F3F3F3F3F3F3F3F3F3F3FF1
S2187E88183F3F3F3F3F3F3F3F3F3F3F3F3F3F3F3F3F3F3F3FDD
S2187E882C3F3F3F3F3F3F3F3F3F3F3F3F3F3F3F3F3F3F3F3FC9
S2187E88403F3F3F3F3F3F3F3F3F3F3F3F3F3F3F3F3F3F3F3FB5
S2187E88543F3F3F3F3F3F3F3F3F3F3F3F3F3F3F3F3F3F3F3FA1
S2187E88683F3F3F3F3F3F3F3F3F3F3F3F3F3F3F3F3F3F3F3F8D
S2187E887C3F3F3F3F3F3F3F3F3F3F3F3F3F3F3F3F3F3F3F3F79
S2187E88903F3F3F3F3F3F3F3F3F3F3F3F3F3F3F3F3F3F3F3F65
S2187E88A43F3F3F3F3F3F3F3F3F3F3F3F3F3F3F3F3F3F3F3F51
S2187E88B83F3F3F3F3F3F3F3F3F3F3F3F3F3F3F3F3F3F3F3F3D
S2187E88CC3F3F3F3F3F3F3F3F3F3F3F3F3F3F3F3F3F3F3F3F29
S2187E88E03F3F3F3F3F3F3F3F3F3F3F3F3F3F3F3F3F3F3F3F15
S2187E88F43F3F3F3F3F3F3F3F3F3F3F3F3F3F3F3F3F3F3F3F01
S2187E89083F3F3F3F3F3F3F3F3F3F3F3F3F3F3F3F3F3F3F3FEC
S2187E891C3F3F3F3F3F3F3F3F3F3F3F3F3F3F3F3F3F3F3F3FD8
S2187E89303F3F3F3F3F3F3F3F3F3F3F3F3F3F3F3F3F3F3F3FC4
S2187E89443F3F3F3F3F3F3F3F3F3F3F3F3F3F3F3F3F3F3F3FB0
S2187E89583F3F3F3F3F3F3F3F3F3F3F3F3F3F3F3F3F3F3F3F9C
S2187E896C3F3F3F3F3F3F3F3F3F3F3F3F3F3F3F3F3F3F3F3F88
S2187E89803F3F3F3F3F3F3F3F3F3F3F3F3F3F3F3F3F3F3F3F74
S2187E89943F3F3F3F3F3F3F3F3F3F3F3F3F3F3F3F3F3F3F3F60
S2187E89A83F3F3F3F3F3F3F3F3F3F3F3F3F3F3F3F3F3F3F3F4C
S2187E89BC3F3F3F3F3F3F3F3F3F3F3F3F3F3F3F3F3F3F3F3F38
S2187E89D03F3F3F3F3F3F3F3F3F3F3F3F3F3F3F3F3F3F3F3F24
S2187E89E43F3F3F3F3F3F3F3F3F3F3F3F3F3F3F3F3F3F3F3F10
S2187E89F83F3F3F3F3F3F3F3F3F3F3F3F3F3F3F3F3F3F3F3FFC
S2187E8A0C3F3F3F3F3F3F3F3F3F3F3F3F3F3F3F3F3F3F3F3FE7
S2187E8A203F3F3F3F3F3F3F3F3F3F3F3F3F3F3F3F3F3F3F3FD3
S2187E8A343F3F3F3F3F3F3F3F3F3F3F3F3F3F3F3F3F3F3F3FBF
S2187E8A483F3F3F3F3F3F3F3F3F3F3F3F3F3F3F3F3F3F3F3FAB
S2187E8A5C3F3F3F3F3F3F3F3F3F3F3F3F3F3F3F3F3F3F3F3F97
S2187E8A703F3F3F3F3F3F3F3F3F3F3F3F3F3F3F3F3F3F3F3F83
S2187E8A843F3F3F3F3F3F3F3F3F3F3F3F3F3F3F3F3F3F3F3F6F
S2187E8A983F3F3F3F3F3F3F3F3F3F3F3F3F3F3F3F3F3F3F3F5B
S2187E8AAC3F3F3F3F3F3F3F3F3F3F3F3F3F3F3F3F3F3F3F3F47
S2187E8AC03F3F3F3F3F3F3F3F3F3F3F3F3F3F3F3F3F3F3F3F33
S2187E8AD43F3F3F3F3F3F3F3F3F3F3F3F3F3F3F3F3F3F3F3F1F
S2187E8AE83F3F3F3F3F3F3F3F3F3F3F3F3F3F3F3F3F3F3F3F0B
S2187E8AFC3F3F3F3F3F3F3F3F3F3F3F3F3F3F3F3F3F3F3F3FF7
S2187E8B103F3F3F3F3F3F3F3F3F3F3F3F3F3F3F3F3F3F3F3FE2
S2187E8B243F3F3F3F3F3F3F3F3F3F3F3F3F3F3F3F3F3F3F3FCE
S2187E8B383F3F3F3F3F3F3F3F3F3F3F3F3F3F3F3F3F3F3F3FBA
S2187E8B4C3F3F3F3F3F3F3F3F3F3F3F3F3F3F3F3F3F3F3F3FA6
S2187E8B603F3F3F3F3F3F3F3F3F3F3F3F3F3F3F3F3F3F3F3F92
S2187E8B743F3F3F3F3F3F3F3F3F3F3F3F3F3F3F3F3F3F3F3F7E
S2187E8B883F3F3F3F3F3F3F3F3F3F3F3F3F3F3F3F3F3F3F3F6A
S2187E8B9C3F3F3F3F3F3F3F3F3F3F3F3F3F3F3F3F3F3F3F3F56
S2187E8BB03F3F3F3F3F3F3F3F3F3F3F3F3F3F3F3F3F3F3F3F42
S2187E8BC43F3F3F3F3F3F3F3F3F3F3F3F3F3F3F3F3F3F3F3F2E
S2187E8BD83F3F3F3F3F3F3F3F3F3F3F3F3F3F3F3F3F3F3F3F1A
S2187E8BEC3F3F3F3F3F3F3F3F3F3F3F3F3F3F3F3F3F3F3F3F06
S2187E8C003F3F3F3F3F3F3F3F3F3F3F3F3F3F3F3F3F3F3F3FF1
S2187E8C143F3F3F3F3F3F3F3F3F3F3F3F3F3F3F3F3F3F3F3FDD
S2187E8C283F3F3F3F3F3F3F3F3F3F3F3F3F3F3F3F3F3F3F3FC9
S2187E8C3C3F3F3F3F3F3F3F3F3F3F3F3F3F3F3F3F3F3F3F3FB5
S2187E8C503F3F3F3F3F3F3F3F3F3F3F3F3F3F3F3F3F3F3F3FA1
S2187E8C643F3F3F3F3F3F3F3F3F3F3F3F3F3F3F3F3F3F3F3F8D
S2187E8C783F3F3F3F3F3F3F3F3F3F3F3F3F3F3F3F3F3F3F3F79
S2187E8C8C3F3F3F3F3F3F3F3F3F3F3F3F3F3F3F3F3F3F3F3F65
S2187E8CA03F3F3F3F3F3F3F3F3F3F3F3F3F3F3F3F3F3F3F3F51
S2187E8CB43F3F3F3F3F3F3F3F3F3F3F3F3F3F3F3F3F3F3F3F3D
S2187E8CC83F3F3F3F3F3F3F3F3F3F3F3F3F3F3F3F3F3F3F3F29
S2187E8CDC3F3F3F3F3F3F3F3F3F3F3F3F3F3F3F3F3F3F3F3F15
S2187E8CF03F3F3F3F3F3F3F3F3F3F3F3F3F3F3F3F3F3F3F3F01
S2187E8D043F3F3F3F3F3F3F3F3F3F3F3F3F3F3F3F3F3F3F3FEC
S2187E8D183F3F3F3F3F3F3F3F3F3F3F3F3F3F3F3F3F3F3F3FD8
S2187E8D2C3F3F3F3F3F3F3F3F3F3F3F3F3F3F3F3F3F3F3F3FC4
S2187E8D403F3F3F3F3F3F3F3F3F3F3F3F3F3F3F3F3F3F3F3FB0
S2187E8D543F3F3F3F3F3F3F3F3F3F3F3F3F3F3F3F3F3F3F3F9C
S2187E8D683F3F3F3F3F3F3F3F3F3F3F3F3F3F3F3F3F3F3F3F88
S2187E8D7C3F3F3F3F3F3F3F3F3F3F3F3F3F3F3F3F3F3F3F3F74
S2187E8D903F3F3F3F3F3F3F3F3F3F3F3F3F3F3F3F3F3F3F3F60
S2187E8DA43F3F3F3F3F3F3F3F3F3F3F3F3F3F3F3F3F3F3F3F4C
S2187E8DB83F3F3F3F3F3F3F3F3F3F3F3F3F3F3F3F3F3F3F3F38
S2187E8DCC3F3F3F3F3F3F3F3F3F3F3F3F3F3F3F3F3F3F3F3F24
S2187E8DE03F3F3F3F3F3F3F3F3F3F3F3F3F3F3F3F3F3F3F3F10
S2187E8DF43F3F3F3F3F3F3F3F3F3F3F3F3F3F3F3F3F3F3F3FFC
S2187E8E083F3F3F3F3F3F3F3F3F3F3F3F3F3F3F3F3F3F3F3FE7
S2187E8E1C3F3F3F3F3F3F3F3F3F3F3F3F3F3F3F3F3F3F3F3FD3
S2187E8E303F3F3F3F3F3F3F3F3F3F3F3F3F3F3F3F3F3F3F3FBF
S2187E8E443F3F3F3F3F3F3F3F3F3F3F3F3F3F3F3F3F3F3F3FAB
S2187E8E583F3F3F3F3F3F3F3F3F3F3F3F3F3F3F3F3F3F3F3F97
S2187E8E6C3F3F3F3F3F3F3F3F3F3F3F3F3F3F3F3F3F3F3F3F83
S2187E8E803F3F3F3F3F3F3F3F3F3F3F3F3F3F3F3F3F3F3F3F6F
S2187E8E943F3F3F3F3F3F3F3F3F3F3F3F3F3F3F3F3F3F3F3F5B
S2187E8EA83F3F3F3F3F3F3F3F3F3F3F3F3F3F3F3F3F3F3F3F47
S2187E8EBC3F3F3F3F3F3F3F3F3F3F3F3F3F3F3F3F3F3F3F3F33
S2187E8ED03F3F3F3F3F3F3F3F3F3F3F3F3F3F3F3F3F3F3F3F1F
S2187E8EE43F3F3F3F3F3F3F3F3F3F3F3F3F3F3F3F3F3F3F3F0B
S2187E8EF83F3F3F3F3F3F3F3F3F3F3F3F3F3F3F3F3F3F3F3FF7
S2187E8F0C3F3F3F3F3F3F3F3F3F3F3F3F3F3F3F3F3F3F3F3FE2
S2187E8F203F3F3F3F3F3F3F3F3F3F3F3F3F3F3F3F3F3F3F3FCE
S2187E8F343F3F3F3F3F3F3F3F3F3F3F3F3F3F3F3F3F3F3F3FBA
S2187E8F483F3F3F3F3F3F3F3F3F3F3F3F3F3F3F3F3F3F3F3FA6
S2187E8F5C3F3F3F3F3F3F3F3F3F3F3F3F3F3F3F3F3F3F3F3F92
S2187E8F703F3F3F3F3F3F3F3F3F3F3F3F3F3F3F3F3F3F3F3F7E
S2187E8F843F3F3F3F3F3F3F3F3F3F3F3F3F3F3F3F3F3F3F3F6A
S2187E8F983F3F3F3F3F3F3F3F3F3F3F3F3F3F3F3F3F3F3F3F56
S2187E8FAC3F3F3F3F3F3F3F3F3F3F3F3F3F3F3F3F3F3F3F3F42
S2187E8FC03F3F3F3F3F3F3F3F3F3F3F3F3F3F3F3F3F3F3F3F2E
S2187E8FD43F3F3F3F3F3F3F3F3F3F3F3F3F3F3F3F3F3F3F3F1A
S2187E8FE83F3F3F3F3F3F3F3F3F3F3F3F3F3F3F3F3F3F3F3F06
S2187E8FFC3F3F3F3F3F3F3F3F3F3F3F3F3F3F3F3F3F3F3F3FF2
S2187E90103F3F3F3F3F3F3F3F3F3F3F3F3F3F3F3F3F3F3F3FDD
S2187E90243F3F3F3F3F3F3F3F3F3F3F3F3F3F3F3F3F3F3F3FC9
S2187E90383F3F3F3F3F3F3F3F3F3F3F3F3F3F3F3F3F3F3F3FB5
S2187E904C3F3F3F3F3F3F3F3F3F3F3F3F3F3F3F3F3F3F3F3FA1
S2187E90603F3F3F3F3F3F3F3F3F3F3F3F3F3F3F3F3F3F3F3F8D
S2187E90743F3F3F3F3F3F3F3F3F3F3F3F3F3F3F3F3F3F3F3F79
S2187E90883F3F3F3F3F3F3F3F3F3F3F3F3F3F3F3F3F3F3F3F65
S2187E909C3F3F3F3F3F3F3F3F3F3F3F3F3F3F3F3F3F3F3F3F51
S2187E90B03F3F3F3F3F3F3F3F3F3F3F3F3F3F3F3F3F3F3F3F3D
S2187E90C43F3F3F3F3F3F3F3F3F3F3F3F3F3F3F3F3F3F3F3F29
S2187E90D83F3F3F3F3F3F3F3F3F3F3F3F3F3F3F3F3F3F3F3F15
S2187E90EC3F3F3F3F3F3F3F3F3F3F3F3F3F3F3F3F3F3F3F3F01
S2187E91003F3F3F3F3F3F3F3F3F3F3F3F3F3F3F3F3F3F3F3FEC
S2187E91143F3F3F3F3F3F3F3F3F3F3F3F3F3F3F3F3F3F3F3FD8
S2187E91283F3F3F3F3F3F3F3F3F3F3F3F3F3F3F3F3F3F3F3FC4
S2187E913C3F3F3F3F3F3F3F3F3F3F3F3F3F3F3F3F3F3F3F3FB0
S2187E91503F3F3F3F3F3F3F3F3F3F3F3F3F3F3F3F3F3F3F3F9C
S2187E91643F3F3F3F3F3F3F3F3F3F3F3F3F3F3F3F3F3F3F3F88
S2187E91783F3F3F3F3F3F3F3F3F3F3F3F3F3F3F3F3F3F3F3F74
S2187E918C3F3F3F3F3F3F3F3F3F3F3F3F3F3F3F3F3F3F3F3F60
S2187E91A03F3F3F3F3F3F3F3F3F3F3F3F3F3F3F3F3F3F3F3F4C
S2187E91B43F3F3F3F3F3F3F3F3F3F3F3F3F3F3F3F3F3F3F3F38
S2187E91C83F3F3F3F3F3F3F3F3F3F3F3F3F3F3F3F3F3F3F3F24
S2187E91DC3F3F3F3F3F3F3F3F3F3F3F3F3F3F3F3F3F3F3F3F10
S2187E91F03F3F3F3F3F3F3F3F3F3F3F3F3F3F3F3F3F3F3F3FFC
S2187E92043F3F3F3F3F3F3F3F3F3F3F3F3F3F3F3F3F3F3F3FE7
S2187E92183F3F3F3F3F3F3F3F3F3F3F3F3F3F3F3F3F3F3F3FD3
S2187E922C3F3F3F3F3F3F3F3F3F3F3F3F3F3F3F3F3F3F3F3FBF
S2187E92403F3F3F3F3F3F3F3F3F3F3F3F3F3F3F3F3F3F3F3FAB
S2187E92543F3F3F3F3F3F3F3F3F3F3F3F3F3F3F3F3F3F3F3F97
S2187E92683F3F3F3F3F3F3F3F3F3F3F3F3F3F3F3F3F3F3F3F83
S2187E927C3F3F3F3F3F3F3F3F3F3F3F3F3F3F3F3F3F3F3F3F6F
S2187E92903F3F3F3F3F3F3F3F3F3F3F3F3F3F3F3F3F3F3F3F5B
S2187E92A43F3F3F3F3F3F3F3F3F3F3F3F3F3F3F3F3F3F3F3F47
S2187E92B83F3F3F3F3F3F3F3F3F3F3F3F3F3F3F3F3F3F3F3F33
S2187E92CC3F3F3F3F3F3F3F3F3F3F3F3F3F3F3F3F3F3F3F3F1F
S2187E92E03F3F3F3F3F3F3F3F3F3F3F3F3F3F3F3F3F3F3F3F0B
S2187E92F43F3F3F3F3F3F3F3F3F3F3F3F3F3F3F3F3F3F3F3FF7
S2187E93083F3F3F3F3F3F3F3F3F3F3F3F3F3F3F3F3F3F3F3FE2
S2187E931C3F3F3F3F3F3F3F3F3F3F3F3F3F3F3F3F3F3F3F3FCE
S2187E93303F3F3F3F3F3F3F3F3F3F3F3F3F3F3F3F3F3F3F3FBA
S2187E93443F3F3F3F3F3F3F3F3F3F3F3F3F3F3F3F3F3F3F3FA6
S2187E93583F3F3F3F3F3F3F3F3F3F3F3F3F3F3F3F3F3F3F3F92
S2187E936C3F3F3F3F3F3F3F3F3F3F3F3F3F3F3F3F3F3F3F3F7E
S2187E93803F3F3F3F3F3F3F3F3F3F3F3F3F3F3F3F3F3F3F3F6A
S2187E93943F3F3F3F3F3F3F3F3F3F3F3F3F3F3F3F3F3F3F3F56
S2187E93A83F3F3F3F3F3F3F3F3F3F3F3F3F3F3F3F3F3F3F3F42
S2187E93BC3F3F3F3F3F3F3F3F3F3F3F3F3F3F3F3F3F3F3F3F2E
S2187E93D03F3F3F3F3F3F3F3F3F3F3F3F3F3F3F3F3F3F3F3F1A
S2187E93E43F3F3F3F3F3F3F3F3F3F3F3F3F3F3F3F3F3F3F3F06
S2187E93F83F3F3F3F3F3F3F3F3F3F3F3F3F3F3F3F3F3F3F3FF2
S2187E940C3F3F3F3F3F3F3F3F3F3F3F3F3F3F3F3F3F3F3F3FDD
S2187E94203F3F3F3F3F3F3F3F3F3F3F3F3F3F3F3F3F3F3F3FC9
S2187E94343F3F3F3F3F3F3F3F3F3F3F3F3F3F3F3F3F3F3F3FB5
S2187E94483F3F3F3F3F3F3F3F3F3F3F3F3F3F3F3F3F3F3F3FA1
S2187E945C3F3F3F3F3F3F3F3F3F3F3F3F3F3F3F3F3F3F3F3F8D
S2187E94703F3F3F3F3F3F3F3F3F3F3F3F3F3F3F3F3F3F3F3F79
S2187E94843F3F3F3F3F3F3F3F3F3F3F3F3F3F3F3F3F3F3F3F65
S2187E94983F3F3F3F3F3F3F3F3F3F3F3F3F3F3F3F3F3F3F3F51
S2187E94AC3F3F3F3F3F3F3F3F3F3F3F3F3F3F3F3F3F3F3F3F3D
S2187E94C03F3F3F3F3F3F3F3F3F3F3F3F3F3F3F3F3F3F3F3F29
S2187E94D43F3F3F3F3F3F3F3F3F3F3F3F3F3F3F3F3F3F3F3F15
S2187E94E83F3F3F3F3F3F3F3F3F3F3F3F3F3F3F3F3F3F3F3F01
S2187E94FC3F3F3F3F3F3F3F3F3F3F3F3F3F3F3F3F3F3F3F3FED
S2187E95103F3F3F3F3F3F3F3F3F3F3F3F3F3F3F3F3F3F3F3FD8
S2187E95243F3F3F3F3F3F3F3F3F3F3F3F3F3F3F3F3F3F3F3FC4
S2187E95383F3F3F3F3F3F3F3F3F3F3F3F3F3F3F3F3F3F3F3FB0
S2187E954C3F3F3F3F3F3F3F3F3F3F3F3F3F3F3F3F3F3F3F3F9C
S2187E95603F3F3F3F3F3F3F3F3F3F3F3F3F3F3F3F3F3F3F3F88
S2187E95743F3F3F3F3F3F3F3F3F3F3F3F3F3F3F3F3F3F3F3F74
S2187E95883F3F3F3F3F3F3F3F3F3F3F3F3F3F3F3F3F3F3F3F60
S2187E959C3F3F3F3F3F3F3F3F3F3F3F3F3F3F3F3F3F3F3F3F4C
S2187E95B03F3F3F3F3F3F3F3F3F3F3F3F3F3F3F3F3F3F3F3F38
S2187E95C43F3F3F3F3F3F3F3F3F3F3F3F3F3F3F3F3F3F3F3F24
S2187E95D83F3F3F3F3F3F3F3F3F3F3F3F3F3F3F3F3F3F3F3F10
S2187E95EC3F3F3F3F3F3F3F3F3F3F3F3F3F3F3F3F3F3F3F3FFC
S2187E96003F3F3F3F3F3F3F3F3F3F3F3F3F3F3F3F3F3F3F3FE7
S2187E96143F3F3F3F3F3F3F3F3F3F3F3F3F3F3F3F3F3F3F3FD3
S2187E96283F3F3F3F3F3F3F3F3F3F3F3F3F3F3F3F3F3F3F3FBF
S2187E963C3F3F3F3F3F3F3F3F3F3F3F3F3F3F3F3F3F3F3F3FAB
S2187E96503F3F3F3F3F3F3F3F3F3F3F3F3F3F3F3F3F3F3F3F97
S2187E96643F3F3F3F3F3F3F3F3F3F3F3F3F3F3F3F3F3F3F3F83
S2187E96783F3F3F3F3F3F3F3F3F3F3F3F3F3F3F3F3F3F3F3F6F
S2187E968C3F3F3F3F3F3F3F3F3F3F3F3F3F3F3F3F3F3F3F3F5B
S2187E96A03F3F3F3F3F3F3F3F3F3F3F3F3F3F3F3F3F3F3F3F47
S2187E96B43F3F3F3F3F3F3F3F3F3F3F3F3F3F3F3F3F3F3F3F33
S2187E96C83F3F3F3F3F3F3F3F3F3F3F3F3F3F3F3F3F3F3F3F1F
S2187E96DC3F3F3F3F3F3F3F3F3F3F3F3F3F3F3F3F3F3F3F3F0B
S2187E96F03F3F3F3F3F3F3F3F3F3F3F3F3F3F3F3F3F3F3F3FF7
S2187E97043F3F3F3F3F3F3F3F3F3F3F3F3F3F3F3F3F3F3F3FE2
S2187E97183F3F3F3F3F3F3F3F3F3F3F3F3F3F3F3F3F3F3F3FCE
S2187E972C3F3F3F3F3F3F3F3F3F3F3F3F3F3F3F3F3F3F3F3FBA
S2187E97403F3F3F3F3F3F3F3F3F3F3F3F3F3F3F3F3F3F3F3FA6
S2187E97543F3F3F3F3F3F3F3F3F3F3F3F3F3F3F3F3F3F3F3F92
S2187E97683F3F3F3F3F3F3F3F3F3F3F3F3F3F3F3F3F3F3F3F7E
S2187E977C3F3F3F3F3F3F3F3F3F3F3F3F3F3F3F3F3F3F3F3F6A
S2187E97903F3F3F3F3F3F3F3F3F3F3F3F3F3F3F3F3F3F3F3F56
S2187E97A43F3F3F3F3F3F3F3F3F3F3F3F3F3F3F3F3F3F3F3F42
S2187E97B83F3F3F3F3F3F3F3F3F3F3F3F3F3F3F3F3F3F3F3F2E
S2187E97CC3F3F3F3F3F3F3F3F3F3F3F3F3F3F3F3F3F3F3F3F1A
S2187E97E03F3F3F3F3F3F3F3F3F3F3F3F3F3F3F3F3F3F3F3F06
S2187E97F43F3F3F3F3F3F3F3F3F3F3F3F3F3F3F3F3F3F3F3FF2
S2187E98083F3F3F3F3F3F3F3F3F3F3F3F3F3F3F3F3F3F3F3FDD
S2187E981C3F3F3F3F3F3F3F3F3F3F3F3F3F3F3F3F3F3F3F3FC9
S2187E98303F3F3F3F3F3F3F3F3F3F3F3F3F3F3F3F3F3F3F3FB5
S2187E98443F3F3F3F3F3F3F3F3F3F3F3F3F3F3F3F3F3F3F3FA1
S2187E98583F3F3F3F3F3F3F3F3F3F3F3F3F3F3F3F3F3F3F3F8D
S2187E986C3F3F3F3F3F3F3F3F3F3F3F3F3F3F3F3F3F3F3F3F79
S2187E98803F3F3F3F3F3F3F3F3F3F3F3F3F3F3F3F3F3F3F3F65
S2187E98943F3F3F3F3F3F3F3F3F3F3F3F3F3F3F3F3F3F3F3F51
S2187E98A83F3F3F3F3F3F3F3F3F3F3F3F3F3F3F3F3F3F3F3F3D
S2187E98BC3F3F3F3F3F3F3F3F3F3F3F3F3F3F3F3F3F3F3F3F29
S2187E98D03F3F3F3F3F3F3F3F3F3F3F3F3F3F3F3F3F3F3F3F15
S2187E98E43F3F3F3F3F3F3F3F3F3F3F3F3F3F3F3F3F3F3F3F01
S2187E98F83F3F3F3F3F3F3F3F3F3F3F3F3F3F3F3F3F3F3F3FED
S2187E990C3F3F3F3F3F3F3F3F3F3F3F3F3F3F3F3F3F3F3F3FD8
S2187E99203F3F3F3F3F3F3F3F3F3F3F3F3F3F3F3F3F3F3F3FC4
S2187E99343F3F3F3F3F3F3F3F3F3F3F3F3F3F3F3F3F3F3F3FB0
S2187E99483F3F3F3F3F3F3F3F3F3F3F3F3F3F3F3F3F3F3F3F9C
S2187E995C3F3F3F3F3F3F3F3F3F3F3F3F3F3F3F3F3F3F3F3F88
S2187E99703F3F3F3F3F3F3F3F3F3F3F3F3F3F3F3F3F3F3F3F74
S2187E99843F3F3F3F3F3F3F3F3F3F3F3F3F3F3F3F3F3F3F3F60
S2187E99983F3F3F3F3F3F3F3F3F3F3F3F3F3F3F3F3F3F3F3F4C
S2187E99AC3F3F3F3F3F3F3F3F3F3F3F3F3F3F3F3F3F3F3F3F38
S2187E99C03F3F3F3F3F3F3F3F3F3F3F3F3F3F3F3F3F3F3F3F24
S2187E99D43F3F3F3F3F3F3F3F3F3F3F3F3F3F3F3F3F3F3F3F10
S2187E99E83F3F3F3F3F3F3F3F3F3F3F3F3F3F3F3F3F3F3F3FFC
S2187E99FC3F3F3F3F3F3F3F3F3F3F3F3F3F3F3F3F3F3F3F3FE8
S2187E9A103F3F3F3F3F3F3F3F3F3F3F3F3F3F3F3F3F3F3F3FD3
S2187E9A243F3F3F3F3F3F3F3F3F3F3F3F3F3F3F3F3F3F3F3FBF
S2187E9A383F3F3F3F3F3F3F3F3F3F3F3F3F3F3F3F3F3F3F3FAB
S2187E9A4C3F3F3F3F3F3F3F3F3F3F3F3F3F3F3F3F3F3F3F3F97
S2187E9A603F3F3F3F3F3F3F3F3F3F3F3F3F3F3F3F3F3F3F3F83
S2187E9A743F3F3F3F3F3F3F3F3F3F3F3F3F3F3F3F3F3F3F3F6F
S2187E9A883F3F3F3F3F3F3F3F3F3F3F3F3F3F3F3F3F3F3F3F5B
S2187E9A9C3F3F3F3F3F3F3F3F3F3F3F3F3F3F3F3F3F3F3F3F47
S2187E9AB03F3F3F3F3F3F3F3F3F3F3F3F3F3F3F3F3F3F3F3F33
S2187E9AC43F3F3F3F3F3F3F3F3F3F3F3F3F3F3F3F3F3F3F3F1F
S2187E9AD83F3F3F3F3F3F3F3F3F3F3F3F3F3F3F3F3F3F3F3F0B
S2187E9AEC3F3F3F3F3F3F3F3F3F3F3F3F3F3F3F3F3F3F3F3FF7
S2187E9B003F3F3F3F3F3F3F3F3F3F3F3F3F3F3F3F3F3F3F3FE2
S2187E9B143F3F3F3F3F3F3F3F3F3F3F3F3F3F3F3F3F3F3F3FCE
S2187E9B283F3F3F3F3F3F3F3F3F3F3F3F3F3F3F3F3F3F3F3FBA
S2187E9B3C3F3F3F3F3F3F3F3F3F3F3F3F3F3F3F3F3F3F3F3FA6
S2187E9B503F3F3F3F3F3F3F3F3F3F3F3F3F3F3F3F3F3F3F3F92
S2187E9B643F3F3F3F3F3F3F3F3F3F3F3F3F3F3F3F3F3F3F3F7E
S2187E9B783F3F3F3F3F3F3F3F3F3F3F3F3F3F3F3F3F3F3F3F6A
S2187E9B8C3F3F3F3F3F3F3F3F3F3F3F3F3F3F3F3F3F3F3F3F56
S2187E9BA03F3F3F3F3F3F3F3F3F3F3F3F3F3F3F3F3F3F3F3F42
S2187E9BB43F3F3F3F3F3F3F3F3F3F3F3F3F3F3F3F3F3F3F3F2E
S2187E9BC83F3F3F3F3F3F3F3F3F3F3F3F3F3F3F3F3F3F3F3F1A
S2187E9BDC3F3F3F3F3F3F3F3F3F3F3F3F3F3F3F3F3F3F3F3F06
S2187E9BF03F3F3F3F3F3F3F3F3F3F3F3F3F3F3F3F3F3F3F3FF2
S2187E9C043F3F3F3F3F3F3F3F3F3F3F3F3F3F3F3F3F3F3F3FDD
S2187E9C183F3F3F3F3F3F3F3F3F3F3F3F3F3F3F3F3F3F3F3FC9
S2187E9C2C3F3F3F3F3F3F3F3F3F3F3F3F3F3F3F3F3F3F3F3FB5
S2187E9C403F3F3F3F3F3F3F3F3F3F3F3F3F3F3F3F3F3F3F3FA1
S2187E9C543F3F3F3F3F3F3F3F3F3F3F3F3F3F3F3F3F3F3F3F8D
S2187E9C683F3F3F3F3F3F3F3F3F3F3F3F3F3F3F3F3F3F3F3F79
S2187E9C7C3F3F3F3F3F3F3F3F3F3F3F3F3F3F3F3F3F3F3F3F65
S2187E9C903F3F3F3F3F3F3F3F3F3F3F3F3F3F3F3F3F3F3F3F51
S2187E9CA43F3F3F3F3F3F3F3F3F3F3F3F3F3F3F3F3F3F3F3F3D
S2187E9CB83F3F3F3F3F3F3F3F3F3F3F3F3F3F3F3F3F3F3F3F29
S2187E9CCC3F3F3F3F3F3F3F3F3F3F3F3F3F3F3F3F3F3F3F3F15
S2187E9CE03F3F3F3F3F3F3F3F3F3F3F3F3F3F3F3F3F3F3F3F01
S2187E9CF43F3F3F3F3F3F3F3F3F3F3F3F3F3F3F3F3F3F3F3FED
S2187E9D083F3F3F3F3F3F3F3F3F3F3F3F3F3F3F3F3F3F3F3FD8
S2187E9D1C3F3F3F3F3F3F3F3F3F3F3F3F3F3F3F3F3F3F3F3FC4
S2187E9D303F3F3F3F3F3F3F3F3F3F3F3F3F3F3F3F3F3F3F3FB0
S2187E9D443F3F3F3F3F3F3F3F3F3F3F3F3F3F3F3F3F3F3F3F9C
S2187E9D583F3F3F3F3F3F3F3F3F3F3F3F3F3F3F3F3F3F3F3F88
S2187E9D6C3F3F3F3F3F3F3F3F3F3F3F3F3F3F3F3F3F3F3F3F74
S2187E9D803F3F3F3F3F3F3F3F3F3F3F3F3F3F3F3F3F3F3F3F60
S2187E9D943F3F3F3F3F3F3F3F3F3F3F3F3F3F3F3F3F3F3F3F4C
S2187E9DA83F3F3F3F3F3F3F3F3F3F3F3F3F3F3F3F3F3F3F3F38
S2187E9DBC3F3F3F3F3F3F3F3F3F3F3F3F3F3F3F3F3F3F3F3F24
S2187E9DD03F3F3F3F3F3F3F3F3F3F3F3F3F3F3F3F3F3F3F3F10
S2187E9DE43F3F3F3F3F3F3F3F3F3F3F3F3F3F3F3F3F3F3F3FFC
S2187E9DF83F3F3F3F3F3F3F3F3F3F3F3F3F3F3F3F3F3F3F3FE8
S2187E9E0C3F3F3F3F3F3F3F3F3F3F3F3F3F3F3F3F3F3F3F3FD3
S2187E9E203F3F3F3F3F3F3F3F3F3F3F3F3F3F3F3F3F3F3F3FBF
S2187E9E343F3F3F3F3F3F3F3F3F3F3F3F3F3F3F3F3F3F3F3FAB
S2187E9E483F3F3F3F3F3F3F3F3F3F3F3F3F3F3F3F3F3F3F3F97
S2187E9E5C3F3F3F3F3F3F3F3F3F3F3F3F3F3F3F3F3F3F3F3F83
S2187E9E703F3F3F3F3F3F3F3F3F3F3F3F3F3F3F3F3F3F3F3F6F
S2187E9E843F3F3F3F3F3F3F3F3F3F3F3F3F3F3F3F3F3F3F3F5B
S2187E9E983F3F3F3F3F3F3F3F3F3F3F3F3F3F3F3F3F3F3F3F47
S2187E9EAC3F3F3F3F3F3F3F3F3F3F3F3F3F3F3F3F3F3F3F3F33
S2187E9EC03F3F3F3F3F3F3F3F3F3F3F3F3F3F3F3F3F3F3F3F1F
S2187E9ED43F3F3F3F3F3F3F3F3F3F3F3F3F3F3F3F3F3F3F3F0B
S2187E9EE83F3F3F3F3F3F3F3F3F3F3F3F3F3F3F3F3F3F3F3FF7
S2187E9EFC3F3F3F3F3F3F3F3F3F3F3F3F3F3F3F3F3F3F3F3FE3
S2187E9F103F3F3F3F3F3F3F3F3F3F3F3F3F3F3F3F3F3F3F3FCE
S2187E9F243F3F3F3F3F3F3F3F3F3F3F3F3F3F3F3F3F3F3F3FBA
S2187E9F383F3F3F3F3F3F3F3F3F3F3F3F3F3F3F3F3F3F3F3FA6
S2187E9F4C3F3F3F3F3F3F3F3F3F3F3F3F3F3F3F3F3F3F3F3F92
S2187E9F603F3F3F3F3F3F3F3F3F3F3F3F3F3F3F3F3F3F3F3F7E
S2187E9F743F3F3F3F3F3F3F3F3F3F3F3F3F3F3F3F3F3F3F3F6A
S2187E9F883F3F3F3F3F3F3F3F3F3F3F3F3F3F3F3F3F3F3F3F56
S2187E9F9C3F3F3F3F3F3F3F3F3F3F3F3F3F3F3F3F3F3F3F3F42
S2187E9FB03F3F3F3F3F3F3F3F3F3F3F3F3F3F3F3F3F3F3F3F2E
S2187E9FC43F3F3F3F3F3F3F3F3F3F3F3F3F3F3F3F3F3F3F3F1A
S2187E9FD83F3F3F3F3F3F3F3F3F3F3F3F3F3F3F3F3F3F3F3F06
S2187E9FEC3F3F3F3F3F3F3F3F3F3F3F3F3F3F3F3F3F3F3F3FF2
S2187EA0003F3F3F3F3F3F3F3F3F3F3F3F3F3F3F3F3F3F3F3FDD
S2187EA0143F3F3F3F3F3F3F3F3F3F3F3F3F3F3F3F3F3F3F3FC9
S2187EA0283F3F3F3F3F3F3F3F3F3F3F3F3F3F3F3F3F3F3F3FB5
S2187EA03C3F3F3F3F3F3F3F3F3F3F3F3F3F3F3F3F3F3F3F3FA1
S2187EA0503F3F3F3F3F3F3F3F3F3F3F3F3F3F3F3F3F3F3F3F8D
S2187EA0643F3F3F3F3F3F3F3F3F3F3F3F3F3F3F3F3F3F3F3F79
S2187EA0783F3F3F3F3F3F3F3F3F3F3F3F3F3F3F3F3F3F3F3F65
S2187EA08C3F3F3F3F3F3F3F3F3F3F3F3F3F3F3F3F3F3F3F3F51
S2187EA0A03F3F3F3F3F3F3F3F3F3F3F3F3F3F3F3F3F3F3F3F3D
S2187EA0B43F3F3F3F3F3F3F3F3F3F3F3F3F3F3F3F3F3F3F3F29
S2187EA0C83F3F3F3F3F3F3F3F3F3F3F3F3F3F3F3F3F3F3F3F15
S2187EA0DC3F3F3F3F3F3F3F3F3F3F3F3F3F3F3F3F3F3F3F3F01
S2187EA0F03F3F3F3F3F3F3F3F3F3F3F3F3F3F3F3F3F3F3F3FED
S2187EA1043F3F3F3F3F3F3F3F3F3F3F3F3F3F3F3F3F3F3F3FD8
S2187EA1183F3F3F3F3F3F3F3F3F3F3F3F3F3F3F3F3F3F3F3FC4
S2187EA12C3F3F3F3F3F3F3F3F3F3F3F3F3F3F3F3F3F3F3F3FB0
S2187EA1403F3F3F3F3F3F3F3F3F3F3F3F3F3F3F3F3F3F3F3F9C
S2187EA1543F3F3F3F3F3F3F3F3F3F3F3F3F3F3F3F3F3F3F3F88
S2187EA1683F3F3F3F3F3F3F3F3F3F3F3F3F3F3F3F3F3F3F3F74
S2187EA17C3F3F3F3F3F3F3F3F3F3F3F3F3F3F3F3F3F3F3F3F60
S2187EA1903F3F3F3F3F3F3F3F3F3F3F3F3F3F3F3F3F3F3F3F4C
S2187EA1A43F3F3F3F3F3F3F3F3F3F3F3F3F3F3F3F3F3F3F3F38
S2187EA1B83F3F3F3F3F3F3F3F3F3F3F3F3F3F3F3F3F3F3F3F24
S2187EA1CC3F3F3F3F3F3F3F3F3F3F3F3F3F3F3F3F3F3F3F3F10
S2187EA1E03F3F3F3F3F3F3F3F3F3F3F3F3F3F3F3F3F3F3F3FFC
S2187EA1F43F3F3F3F3F3F3F3F3F3F3F3F3F3F3F3F3F3F3F3FE8
S2187EA2083F3F3F3F3F3F3F3F3F3F3F3F3F3F3F3F3F3F3F3FD3
S2187EA21C3F3F3F3F3F3F3F3F3F3F3F3F3F3F3F3F3F3F3F3FBF
S2187EA2303F3F3F3F3F3F3F3F3F3F3F3F3F3F3F3F3F3F3F3FAB
S2187EA2443F3F3F3F3F3F3F3F3F3F3F3F3F3F3F3F3F3F3F3F97
S2187EA2583F3F3F3F3F3F3F3F3F3F3F3F3F3F3F3F3F3F3F3F83
S2187EA26C3F3F3F3F3F3F3F3F3F3F3F3F3F3F3F3F3F3F3F3F6F
S2187EA2803F3F3F3F3F3F3F3F3F3F3F3F3F3F3F3F3F3F3F3F5B
S2187EA2943F3F3F3F3F3F3F3F3F3F3F3F3F3F3F3F3F3F3F3F47
S2187EA2A83F3F3F3F3F3F3F3F3F3F3F3F3F3F3F3F3F3F3F3F33
S2187EA2BC3F3F3F3F3F3F3F3F3F3F3F3F3F3F3F3F3F3F3F3F1F
S2187EA2D03F3F3F3F3F3F3F3F3F3F3F3F3F3F3F3F3F3F3F3F0B
S2187EA2E43F3F3F3F3F3F3F3F3F3F3F3F3F3F3F3F3F3F3F3FF7
S2187EA2F83F3F3F3F3F3F3F3F3F3F3F3F3F3F3F3F3F3F3F3FE3
S2187EA30C3F3F3F3F3F3F3F3F3F3F3F3F3F3F3F3F3F3F3F3FCE
S2187EA3203F3F3F3F3F3F3F3F3F3F3F3F3F3F3F3F3F3F3F3FBA
S2187EA3343F3F3F3F3F3F3F3F3F3F3F3F3F3F3F3F3F3F3F3FA6
S2187EA3483F3F3F3F3F3F3F3F3F3F3F3F3F3F3F3F3F3F3F3F92
S2187EA35C3F3F3F3F3F3F3F3F3F3F3F3F3F3F3F3F3F3F3F3F7E
S2187EA3703F3F3F3F3F3F3F3F3F3F3F3F3F3F3F3F3F3F3F3F6A
S2187EA3843F3F3F3F3F3F3F3F3F3F3F3F3F3F3F3F3F3F3F3F56
S2187EA3983F3F3F3F3F3F3F3F3F3F3F3F3F3F3F3F3F3F3F3F42
S2187EA3AC3F3F3F3F3F3F3F3F3F3F3F3F3F3F3F3F3F3F3F3F2E
S2187EA3C03F3F3F3F3F3F3F3F3F3F3F3F3F3F3F3F3F3F3F3F1A
S2187EA3D43F3F3F3F3F3F3F3F3F3F3F3F3F3F3F3F3F3F3F3F06
S2187EA3E83F3F3F3F3F3F3F3F3F3F3F3F3F3F3F3F3F3F3F3FF2
S2187EA3FC3F3F3F3F3F3F3F3F3F3F3F3F3F3F3F3F3F3F3F3FDE
S2187EA4103F3F3F3F3F3F3F3F3F3F3F3F3F3F3F3F3F3F3F3FC9
S2187EA4243F3F3F3F3F3F3F3F3F3F3F3F3F3F3F3F3F3F3F3FB5
S2187EA4383F3F3F3F3F3F3F3F3F3F3F3F3F3F3F3F3F3F3F3FA1
S2187EA44C3F3F3F3F3F3F3F3F3F3F3F3F3F3F3F3F3F3F3F3F8D
S2187EA4603F3F3F3F3F3F3F3F3F3F3F3F3F3F3F3F3F3F3F3F79
S2187EA4743F3F3F3F3F3F3F3F3F3F3F3F3F3F3F3F3F3F3F3F65
S2187EA4883F3F3F3F3F3F3F3F3F3F3F3F3F3F3F3F3F3F3F3F51
S2187EA49C3F3F3F3F3F3F3F3F3F3F3F3F3F3F3F3F3F3F3F3F3D
S2187EA4B03F3F3F3F3F3F3F3F3F3F3F3F3F3F3F3F3F3F3F3F29
S2187EA4C43F3F3F3F3F3F3F3F3F3F3F3F3F3F3F3F3F3F3F3F15
S2187EA4D83F3F3F3F3F3F3F3F3F3F3F3F3F3F3F3F3F3F3F3F01
S2187EA4EC3F3F3F3F3F3F3F3F3F3F3F3F3F3F3F3F3F3F3F3FED
S2187EA5003F3F3F3F3F3F3F3F3F3F3F3F3F3F3F3F3F3F3F3FD8
S2187EA5143F3F3F3F3F3F3F3F3F3F3F3F3F3F3F3F3F3F3F3FC4
S2187EA5283F3F3F3F3F3F3F3F3F3F3F3F3F3F3F3F3F3F3F3FB0
S2187EA53C3F3F3F3F3F3F3F3F3F3F3F3F3F3F3F3F3F3F3F3F9C
S2187EA5503F3F3F3F3F3F3F3F3F3F3F3F3F3F3F3F3F3F3F3F88
S2187EA5643F3F3F3F3F3F3F3F3F3F3F3F3F3F3F3F3F3F3F3F74
S2187EA5783F3F3F3F3F3F3F3F3F3F3F3F3F3F3F3F3F3F3F3F60
S2187EA58C3F3F3F3F3F3F3F3F3F3F3F3F3F3F3F3F3F3F3F3F4C
S2187EA5A03F3F3F3F3F3F3F3F3F3F3F3F3F3F3F3F3F3F3F3F38
S2187EA5B43F3F3F3F3F3F3F3F3F3F3F3F3F3F3F3F3F3F3F3F24
S2187EA5C83F3F3F3F3F3F3F3F3F3F3F3F3F3F3F3F3F3F3F3F10
S2187EA5DC3F3F3F3F3F3F3F3F3F3F3F3F3F3F3F3F3F3F3F3FFC
S2187EA5F03F3F3F3F3F3F3F3F3F3F3F3F3F3F3F3F3F3F3F3FE8
S2187EA6043F3F3F3F3F3F3F3F3F3F3F3F3F3F3F3F3F3F3F3FD3
S2187EA6183F3F3F3F3F3F3F3F3F3F3F3F3F3F3F3F3F3F3F3FBF
S2187EA62C3F3F3F3F3F3F3F3F3F3F3F3F3F3F3F3F3F3F3F3FAB
S2187EA6403F3F3F3F3F3F3F3F3F3F3F3F3F3F3F3F3F3F3F3F97
S2187EA6543F3F3F3F3F3F3F3F3F3F3F3F3F3F3F3F3F3F3F3F83
S2187EA6683F3F3F3F3F3F3F3F3F3F3F3F3F3F3F3F3F3F3F3F6F
S2187EA67C3F3F3F3F3F3F3F3F3F3F3F3F3F3F3F3F3F3F3F3F5B
S2187EA6903F3F3F3F3F3F3F3F3F3F3F3F3F3F3F3F3F3F3F3F47
S2187EA6A43F3F3F3F3F3F3F3F3F3F3F3F3F3F3F3F3F3F3F3F33
S2187EA6B83F3F3F3F3F3F3F3F3F3F3F3F3F3F3F3F3F3F3F3F1F
S2187EA6CC3F3F3F3F3F3F3F3F3F3F3F3F3F3F3F3F3F3F3F3F0B
S2187EA6E03F3F3F3F3F3F3F3F3F3F3F3F3F3F3F3F3F3F3F3FF7
S2187EA6F43F3F3F3F3F3F3F3F3F3F3F3F3F3F3F3F3F3F3F3FE3
S2187EA7083F3F3F3F3F3F3F3F3F3F3F3F3F3F3F3F3F3F3F3FCE
S2187EA71C3F3F3F3F3F3F3F3F3F3F3F3F3F3F3F3F3F3F3F3FBA
S2187EA7303F3F3F3F3F3F3F3F3F3F3F3F3F3F3F3F3F3F3F3FA6
S2187EA7443F3F3F3F3F3F3F3F3F3F3F3F3F3F3F3F3F3F3F3F92
S2187EA7583F3F3F3F3F3F3F3F3F3F3F3F3F3F3F3F3F3F3F3F7E
S2187EA76C3F3F3F3F3F3F3F3F3F3F3F3F3F3F3F3F3F3F3F3F6A
S2187EA7803F3F3F3F3F3F3F3F3F3F3F3F3F3F3F3F3F3F3F3F56
S2187EA7943F3F3F3F3F3F3F3F3F3F3F3F3F3F3F3F3F3F3F3F42
S2187EA7A83F3F3F3F3F3F3F3F3F3F3F3F3F3F3F3F3F3F3F3F2E
S2187EA7BC3F3F3F3F3F3F3F3F3F3F3F3F3F3F3F3F3F3F3F3F1A
S2187EA7D03F3F3F3F3F3F3F3F3F3F3F3F3F3F3F3F3F3F3F3F06
S2187EA7E43F3F3F3F3F3F3F3F3F3F3F3F3F3F3F3F3F3F3F3FF2
S2187EA7F83F3F3F3F3F3F3F3F3F3F3F3F3F3F3F3F3F3F3F3FDE
S2187EA80C3F3F3F3F3F3F3F3F3F3F3F3F3F3F3F3F3F3F3F3FC9
S2187EA8203F3F3F3F3F3F3F3F3F3F3F3F3F3F3F3F3F3F3F3FB5
S2187EA8343F3F3F3F3F3F3F3F3F3F3F3F3F3F3F3F3F3F3F3FA1
S2187EA8483F3F3F3F3F3F3F3F3F3F3F3F3F3F3F3F3F3F3F3F8D
S2187EA85C3F3F3F3F3F3F3F3F3F3F3F3F3F3F3F3F3F3F3F3F79
S2187EA8703F3F3F3F3F3F3F3F3F3F3F3F3F3F3F3F3F3F3F3F65
S2187EA8843F3F3F3F3F3F3F3F3F3F3F3F3F3F3F3F3F3F3F3F51
S2187EA8983F3F3F3F3F3F3F3F3F3F3F3F3F3F3F3F3F3F3F3F3D
S2187EA8AC3F3F3F3F3F3F3F3F3F3F3F3F3F3F3F3F3F3F3F3F29
S2187EA8C03F3F3F3F3F3F3F3F3F3F3F3F3F3F3F3F3F3F3F3F15
S2187EA8D43F3F3F3F3F3F3F3F3F3F3F3F3F3F3F3F3F3F3F3F01
S2187EA8E83F3F3F3F3F3F3F3F3F3F3F3F3F3F3F3F3F3F3F3FED
S2187EA8FC3F3F3F3F3F3F3F3F3F3F3F3F3F3F3F3F3F3F3F3FD9
S2187EA9103F3F3F3F3F3F3F3F3F3F3F3F3F3F3F3F3F3F3F3FC4
S2187EA9243F3F3F3F3F3F3F3F3F3F3F3F3F3F3F3F3F3F3F3FB0
S2187EA9383F3F3F3F3F3F3F3F3F3F3F3F3F3F3F3F3F3F3F3F9C
S2187EA94C3F3F3F3F3F3F3F3F3F3F3F3F3F3F3F3F3F3F3F3F88
S2187EA9603F3F3F3F3F3F3F3F3F3F3F3F3F3F3F3F3F3F3F3F74
S2187EA9743F3F3F3F3F3F3F3F3F3F3F3F3F3F3F3F3F3F3F3F60
S2187EA9883F3F3F3F3F3F3F3F3F3F3F3F3F3F3F3F3F3F3F3F4C
S2187EA99C3F3F3F3F3F3F3F3F3F3F3F3F3F3F3F3F3F3F3F3F38
S2187EA9B03F3F3F3F3F3F3F3F3F3F3F3F3F3F3F3F3F3F3F3F24
S2187EA9C43F3F3F3F3F3F3F3F3F3F3F3F3F3F3F3F3F3F3F3F10
S2187EA9D83F3F3F3F3F3F3F3F3F3F3F3F3F3F3F3F3F3F3F3FFC
S2187EA9EC3F3F3F3F3F3F3F3F3F3F3F3F3F3F3F3F3F3F3F3FE8
S2187EAA003F3F3F3F3F3F3F3F3F3F3F3F3F3F3F3F3F3F3F3FD3
S2187EAA143F3F3F3F3F3F3F3F3F3F3F3F3F3F3F3F3F3F3F3FBF
S2187EAA283F3F3F3F3F3F3F3F3F3F3F3F3F3F3F3F3F3F3F3FAB
S2187EAA3C3F3F3F3F3F3F3F3F3F3F3F3F3F3F3F3F3F3F3F3F97
S2187EAA503F3F3F3F3F3F3F3F3F3F3F3F3F3F3F3F3F3F3F3F83
S2187EAA643F3F3F3F3F3F3F3F3F3F3F3F3F3F3F3F3F3F3F3F6F
S2187EAA783F3F3F3F3F3F3F3F3F3F3F3F3F3F3F3F3F3F3F3F5B
S2187EAA8C3F3F3F3F3F3F3F3F3F3F3F3F3F3F3F3F3F3F3F3F47
S2187EAAA03F3F3F3F3F3F3F3F3F3F3F3F3F3F3F3F3F3F3F3F33
S2187EAAB43F3F3F3F3F3F3F3F3F3F3F3F3F3F3F3F3F3F3F3F1F
S2187EAAC83F3F3F3F3F3F3F3F3F3F3F3F3F3F3F3F3F3F3F3F0B
S2187EAADC3F3F3F3F3F3F3F3F3F3F3F3F3F3F3F3F3F3F3F3FF7
S2187EAAF03F3F3F3F3F3F3F3F3F3F3F3F3F3F3F3F3F3F3F3FE3
S2187EAB043F3F3F3F3F3F3F3F3F3F3F3F3F3F3F3F3F3F3F3FCE
S2187EAB183F3F3F3F3F3F3F3F3F3F3F3F3F3F3F3F3F3F3F3FBA
S2187EAB2C3F3F3F3F3F3F3F3F3F3F3F3F3F3F3F3F3F3F3F3FA6
S2187EAB403F3F3F3F3F3F3F3F3F3F3F3F3F3F3F3F3F3F3F3F92
S2187EAB543F3F3F3F3F3F3F3F3F3F3F3F3F3F3F3F3F3F3F3F7E
S2187EAB683F3F3F3F3F3F3F3F3F3F3F3F3F3F3F3F3F3F3F3F6A
S2187EAB7C3F3F3F3F3F3F3F3F3F3F3F3F3F3F3F3F3F3F3F3F56
S2187EAB903F3F3F3F3F3F3F3F3F3F3F3F3F3F3F3F3F3F3F3F42
S2187EABA43F3F3F3F3F3F3F3F3F3F3F3F3F3F3F3F3F3F3F3F2E
S2187EABB83F3F3F3F3F3F3F3F3F3F3F3F3F3F3F3F3F3F3F3F1A
S2187EABCC3F3F3F3F3F3F3F3F3F3F3F3F3F3F3F3F3F3F3F3F06
S2187EABE03F3F3F3F3F3F3F3F3F3F3F3F3F3F3F3F3F3F3F3FF2
S2187EABF43F3F3F3F3F3F3F3F3F3F3F3F3F3F3F3F3F3F3F3FDE
S2187EAC083F3F3F3F3F3F3F3F3F3F3F3F3F3F3F3F3F3F3F3FC9
S2187EAC1C3F3F3F3F3F3F3F3F3F3F3F3F3F3F3F3F3F3F3F3FB5
S2187EAC303F3F3F3F3F3F3F3F3F3F3F3F3F3F3F3F3F3F3F3FA1
S2187EAC443F3F3F3F3F3F3F3F3F3F3F3F3F3F3F3F3F3F3F3F8D
S2187EAC583F3F3F3F3F3F3F3F3F3F3F3F3F3F3F3F3F3F3F3F79
S2187EAC6C3F3F3F3F3F3F3F3F3F3F3F3F3F3F3F3F3F3F3F3F65
S2187EAC803F3F3F3F3F3F3F3F3F3F3F3F3F3F3F3F3F3F3F3F51
S2187EAC943F3F3F3F3F3F3F3F3F3F3F3F3F3F3F3F3F3F3F3F3D
S2187EACA83F3F3F3F3F3F3F3F3F3F3F3F3F3F3F3F3F3F3F3F29
S2187EACBC3F3F3F3F3F3F3F3F3F3F3F3F3F3F3F3F3F3F3F3F15
S2187EACD03F3F3F3F3F3F3F3F3F3F3F3F3F3F3F3F3F3F3F3F01
S2187EACE43F3F3F3F3F3F3F3F3F3F3F3F3F3F3F3F3F3F3F3FED
S2187EACF83F3F3F3F3F3F3F3F3F3F3F3F3F3F3F3F3F3F3F3FD9
S2187EAD0C3F3F3F3F3F3F3F3F3F3F3F3F3F3F3F3F3F3F3F3FC4
S2187EAD203F3F3F3F3F3F3F3F3F3F3F3F3F3F3F3F3F3F3F3FB0
S2187EAD343F3F3F3F3F3F3F3F3F3F3F3F3F3F3F3F3F3F3F3F9C
S2187EAD483F3F3F3F3F3F3F3F3F3F3F3F3F3F3F3F3F3F3F3F88
S2187EAD5C3F3F3F3F3F3F3F3F3F3F3F3F3F3F3F3F3F3F3F3F74
S2187EAD703F3F3F3F3F3F3F3F3F3F3F3F3F3F3F3F3F3F3F3F60
S2187EAD843F3F3F3F3F3F3F3F3F3F3F3F3F3F3F3F3F3F3F3F4C
S2187EAD983F3F3F3F3F3F3F3F3F3F3F3F3F3F3F3F3F3F3F3F38
S2187EADAC3F3F3F3F3F3F3F3F3F3F3F3F3F3F3F3F3F3F3F3F24
S2187EADC03F3F3F3F3F3F3F3F3F3F3F3F3F3F3F3F3F3F3F3F10
S2187EADD43F3F3F3F3F3F3F3F3F3F3F3F3F3F3F3F3F3F3F3FFC
S2187EADE83F3F3F3F3F3F3F3F3F3F3F3F3F3F3F3F3F3F3F3FE8
S2187EADFC3F3F3F3F3F3F3F3F3F3F3F3F3F3F3F3F3F3F3F3FD4
S2187EAE103F3F3F3F3F3F3F3F3F3F3F3F3F3F3F3F3F3F3F3FBF
S2187EAE243F3F3F3F3F3F3F3F3F3F3F3F3F3F3F3F3F3F3F3FAB
S2187EAE383F3F3F3F3F3F3F3F3F3F3F3F3F3F3F3F3F3F3F3F97
S2187EAE4C3F3F3F3F3F3F3F3F3F3F3F3F3F3F3F3F3F3F3F3F83
S2187EAE603F3F3F3F3F3F3F3F3F3F3F3F3F3F3F3F3F3F3F3F6F
S2187EAE743F3F3F3F3F3F3F3F3F3F3F3F3F3F3F3F3F3F3F3F5B
S2187EAE883F3F3F3F3F3F3F3F3F3F3F3F3F3F3F3F3F3F3F3F47
S2187EAE9C3F3F3F3F3F3F3F3F3F3F3F3F3F3F3F3F3F3F3F3F33
S2187EAEB03F3F3F3F3F3F3F3F3F3F3F3F3F3F3F3F3F3F3F3F1F
S2187EAEC43F3F3F3F3F3F3F3F3F3F3F3F3F3F3F3F3F3F3F3F0B
S2187EAED83F3F3F3F3F3F3F3F3F3F3F3F3F3F3F3F3F3F3F3FF7
S2187EAEEC3F3F3F3F3F3F3F3F3F3F3F3F3F3F3F3F3F3F3F3FE3
S2187EAF003F3F3F3F3F3F3F3F3F3F3F3F3F3F3F3F3F3F3F3FCE
S2187EAF143F3F3F3F3F3F3F3F3F3F3F3F3F3F3F3F3F3F3F3FBA
S2187EAF283F3F3F3F3F3F3F3F3F3F3F3F3F3F3F3F3F3F3F3FA6
S2187EAF3C3F3F3F3F3F3F3F3F3F3F3F3F3F3F3F3F3F3F3F3F92
S2187EAF503F3F3F3F3F3F3F3F3F3F3F3F3F3F3F3F3F3F3F3F7E
S2187EAF643F3F3F3F3F3F3F3F3F3F3F3F3F3F3F3F3F3F3F3F6A
S2187EAF783F3F3F3F3F3F3F3F3F3F3F3F3F3F3F3F3F3F3F3F56
S2187EAF8C3F3F3F3F3F3F3F3F3F3F3F3F3F3F3F3F3F3F3F3F42
S2187EAFA03F3F3F3F3F3F3F3F3F3F3F3F3F3F3F3F3F3F3F3F2E
S2187EAFB43F3F3F3F3F3F3F3F3F3F3F3F3F3F3F3F3F3F3F3F1A
S2187EAFC83F3F3F3F3F3F3F3F3F3F3F3F3F3F3F3F3F3F3F3F06
S2187EAFDC3F3F3F3F3F3F3F3F3F3F3F3F3F3F3F3F3F3F3F3FF2
S2187EAFF03F3F3F3F3F3F3F3F3F3F3F3F3F3F3F3F3F3F3F3FDE
S2187EB0043F3F3F3F3F3F3F3F3F3F3F3F3F3F3F3F3F3F3F3FC9
S2187EB0183F3F3F3F3F3F3F3F3F3F3F3F3F3F3F3F3F3F3F3FB5
S2187EB02C3F3F3F3F3F3F3F3F3F3F3F3F3F3F3F3F3F3F3F3FA1
S2187EB0403F3F3F3F3F3F3F3F3F3F3F3F3F3F3F3F3F3F3F3F8D
S2187EB0543F3F3F3F3F3F3F3F3F3F3F3F3F3F3F3F3F3F3F3F79
S2187EB0683F3F3F3F3F3F3F3F3F3F3F3F3F3F3F3F3F3F3F3F65
S2187EB07C3F3F3F3F3F3F3F3F3F3F3F3F3F3F3F3F3F3F3F3F51
S2187EB0903F3F3F3F3F3F3F3F3F3F3F3F3F3F3F3F3F3F3F3F3D
S2187EB0A43F3F3F3F3F3F3F3F3F3F3F3F3F3F3F3F3F3F3F3F29
S2187EB0B83F3F3F3F3F3F3F3F3F3F3F3F3F3F3F3F3F3F3F3F15
S2187EB0CC3F3F3F3F3F3F3F3F3F3F3F3F3F3F3F3F3F3F3F3F01
S2187EB0E03F3F3F3F3F3F3F3F3F3F3F3F3F3F3F3F3F3F3F3FED
S2187EB0F43F3F3F3F3F3F3F3F3F3F3F3F3F3F3F3F3F3F3F3FD9
S2187EB1083F3F3F3F3F3F3F3F3F3F3F3F3F3F3F3F3F3F3F3FC4
S2187EB11C3F3F3F3F3F3F3F3F3F3F3F3F3F3F3F3F3F3F3F3FB0
S2187EB1303F3F3F3F3F3F3F3F3F3F3F3F3F3F3F3F3F3F3F3F9C
S2187EB1443F3F3F3F3F3F3F3F3F3F3F3F3F3F3F3F3F3F3F3F88
S2187EB1583F3F3F3F3F3F3F3F3F3F3F3F3F3F3F3F3F3F3F3F74
S2187EB16C3F3F3F3F3F3F3F3F3F3F3F3F3F3F3F3F3F3F3F3F60
S2187EB1803F3F3F3F3F3F3F3F3F3F3F3F3F3F3F3F3F3F3F3F4C
S2187EB1943F3F3F3F3F3F3F3F3F3F3F3F3F3F3F3F3F3F3F3F38
S2187EB1A83F3F3F3F3F3F3F3F3F3F3F3F3F3F3F3F3F3F3F3F24
S2187EB1BC3F3F3F3F3F3F3F3F3F3F3F3F3F3F3F3F3F3F3F3F10
S2187EB1D03F3F3F3F3F3F3F3F3F3F3F3F3F3F3F3F3F3F3F3FFC
S2187EB1E43F3F3F3F3F3F3F3F3F3F3F3F3F3F3F3F3F3F3F3FE8
S2187EB1F83F3F3F3F3F3F3F3F3F3F3F3F3F3F3F3F3F3F3F3FD4
S2187EB20C3F3F3F3F3F3F3F3F3F3F3F3F3F3F3F3F3F3F3F3FBF
S2187EB2203F3F3F3F3F3F3F3F3F3F3F3F3F3F3F3F3F3F3F3FAB
S2187EB2343F3F3F3F3F3F3F3F3F3F3F3F3F3F3F3F3F3F3F3F97
S2187EB2483F3F3F3F3F3F3F3F3F3F3F3F3F3F3F3F3F3F3F3F83
S2187EB25C3F3F3F3F3F3F3F3F3F3F3F3F3F3F3F3F3F3F3F3F6F
S2187EB2703F3F3F3F3F3F3F3F3F3F3F3F3F3F3F3F3F3F3F3F5B
S2187EB2843F3F3F3F3F3F3F3F3F3F3F3F3F3F3F3F3F3F3F3F47
S2187EB2983F3F3F3F3F3F3F3F3F3F3F3F3F3F3F3F3F3F3F3F33
S2187EB2AC3F3F3F3F3F3F3F3F3F3F3F3F3F3F3F3F3F3F3F3F1F
S2187EB2C03F3F3F3F3F3F3F3F3F3F3F3F3F3F3F3F3F3F3F3F0B
S2187EB2D43F3F3F3F3F3F3F3F3F3F3F3F3F3F3F3F3F3F3F3FF7
S2187EB2E83F3F3F3F3F3F3F3F3F3F3F3F3F3F3F3F3F3F3F3FE3
S2187EB2FC3F3F3F3F3F3F3F3F3F3F3F3F3F3F3F3F3F3F3F3FCF
S2187EB3103F3F3F3F3F3F3F3F3F3F3F3F3F3F3F3F3F3F3F3FBA
S2187EB3243F3F3F3F3F3F3F3F3F3F3F3F3F3F3F3F3F3F3F3FA6
S2187EB3383F3F3F3F3F3F3F3F3F3F3F3F3F3F3F3F3F3F3F3F92
S2187EB34C3F3F3F3F3F3F3F3F3F3F3F3F3F3F3F3F3F3F3F3F7E
S2187EB3603F3F3F3F3F3F3F3F3F3F3F3F3F3F3F3F3F3F3F3F6A
S2187EB3743F3F3F3F3F3F3F3F3F3F3F3F3F3F3F3F3F3F3F3F56
S2187EB3883F3F3F3F3F3F3F3F3F3F3F3F3F3F3F3F3F3F3F3F42
S2187EB39C3F3F3F3F3F3F3F3F3F3F3F3F3F3F3F3F3F3F3F3F2E
S2187EB3B03F3F3F3F3F3F3F3F3F3F3F3F3F3F3F3F3F3F3F3F1A
S2187EB3C43F3F3F3F3F3F3F3F3F3F3F3F3F3F3F3F3F3F3F3F06
S2187EB3D83F3F3F3F3F3F3F3F3F3F3F3F3F3F3F3F3F3F3F3FF2
S2187EB3EC3F3F3F3F3F3F3F3F3F3F3F3F3F3F3F3F3F3F3F3FDE
S2187EB4003F3F3F3F3F3F3F3F3F3F3F3F3F3F3F3F3F3F3F3FC9
S2187EB4143F3F3F3F3F3F3F3F3F3F3F3F3F3F3F3F3F3F3F3FB5
S2187EB4283F3F3F3F3F3F3F3F3F3F3F3F3F3F3F3F3F3F3F3FA1
S2187EB43C3F3F3F3F3F3F3F3F3F3F3F3F3F3F3F3F3F3F3F3F8D
S2187EB4503F3F3F3F3F3F3F3F3F3F3F3F3F3F3F3F3F3F3F3F79
S2187EB4643F3F3F3F3F3F3F3F3F3F3F3F3F3F3F3F3F3F3F3F65
S2187EB4783F3F3F3F3F3F3F3F3F3F3F3F3F3F3F3F3F3F3F3F51
S2187EB48C3F3F3F3F3F3F3F3F3F3F3F3F3F3F3F3F3F3F3F3F3D
S2187EB4A03F3F3F3F3F3F3F3F3F3F3F3F3F3F3F3F3F3F3F3F29
S2187EB4B43F3F3F3F3F3F3F3F3F3F3F3F3F3F3F3F3F3F3F3F15
S2187EB4C83F3F3F3F3F3F3F3F3F3F3F3F3F3F3F3F3F3F3F3F01
S2187EB4DC3F3F3F3F3F3F3F3F3F3F3F3F3F3F3F3F3F3F3F3FED
S2187EB4F03F3F3F3F3F3F3F3F3F3F3F3F3F3F3F3F3F3F3F3FD9
S2187EB5043F3F3F3F3F3F3F3F3F3F3F3F3F3F3F3F3F3F3F3FC4
S2187EB5183F3F3F3F3F3F3F3F3F3F3F3F3F3F3F3F3F3F3F3FB0
S2187EB52C3F3F3F3F3F3F3F3F3F3F3F3F3F3F3F3F3F3F3F3F9C
S2187EB5403F3F3F3F3F3F3F3F3F3F3F3F3F3F3F3F3F3F3F3F88
S2187EB5543F3F3F3F3F3F3F3F3F3F3F3F3F3F3F3F3F3F3F3F74
S2187EB5683F3F3F3F3F3F3F3F3F3F3F3F3F3F3F3F3F3F3F3F60
S2187EB57C3F3F3F3F3F3F3F3F3F3F3F3F3F3F3F3F3F3F3F3F4C
S2187EB5903F3F3F3F3F3F3F3F3F3F3F3F3F3F3F3F3F3F3F3F38
S2187EB5A43F3F3F3F3F3F3F3F3F3F3F3F3F3F3F3F3F3F3F3F24
S2187EB5B83F3F3F3F3F3F3F3F3F3F3F3F3F3F3F3F3F3F3F3F10
S2187EB5CC3F3F3F3F3F3F3F3F3F3F3F3F3F3F3F3F3F3F3F3FFC
S2187EB5E03F3F3F3F3F3F3F3F3F3F3F3F3F3F3F3F3F3F3F3FE8
S2187EB5F43F3F3F3F3F3F3F3F3F3F3F3F3F3F3F3F3F3F3F3FD4
S2187EB6083F3F3F3F3F3F3F3F3F3F3F3F3F3F3F3F3F3F3F3FBF
S2187EB61C3F3F3F3F3F3F3F3F3F3F3F3F3F3F3F3F3F3F3F3FAB
S2187EB6303F3F3F3F3F3F3F3F3F3F3F3F3F3F3F3F3F3F3F3F97
S2187EB6443F3F3F3F3F3F3F3F3F3F3F3F3F3F3F3F3F3F3F3F83
S2187EB6583F3F3F3F3F3F3F3F3F3F3F3F3F3F3F3F3F3F3F3F6F
S2187EB66C3F3F3F3F3F3F3F3F3F3F3F3F3F3F3F3F3F3F3F3F5B
S2187EB6803F3F3F3F3F3F3F3F3F3F3F3F3F3F3F3F3F3F3F3F47
S2187EB6943F3F3F3F3F3F3F3F3F3F3F3F3F3F3F3F3F3F3F3F33
S2187EB6A83F3F3F3F3F3F3F3F3F3F3F3F3F3F3F3F3F3F3F3F1F
S2187EB6BC3F3F3F3F3F3F3F3F3F3F3F3F3F3F3F3F3F3F3F3F0B
S2187EB6D03F3F3F3F3F3F3F3F3F3F3F3F3F3F3F3F3F3F3F3FF7
S2187EB6E43F3F3F3F3F3F3F3F3F3F3F3F3F3F3F3F3F3F3F3FE3
S2187EB6F83F3F3F3F3F3F3F3F3F3F3F3F3F3F3F3F3F3F3F3FCF
S2187EB70C3F3F3F3F3F3F3F3F3F3F3F3F3F3F3F3F3F3F3F3FBA
S2187EB7203F3F3F3F3F3F3F3F3F3F3F3F3F3F3F3F3F3F3F3FA6
S2187EB7343F3F3F3F3F3F3F3F3F3F3F3F3F3F3F3F3F3F3F3F92
S2187EB7483F3F3F3F3F3F3F3F3F3F3F3F3F3F3F3F3F3F3F3F7E
S2187EB75C3F3F3F3F3F3F3F3F3F3F3F3F3F3F3F3F3F3F3F3F6A
S2187EB7703F3F3F3F3F3F3F3F3F3F3F3F3F3F3F3F3F3F3F3F56
S2187EB7843F3F3F3F3F3F3F3F3F3F3F3F3F3F3F3F3F3F3F3F42
S2187EB7983F3F3F3F3F3F3F3F3F3F3F3F3F3F3F3F3F3F3F3F2E
S2187EB7AC3F3F3F3F3F3F3F3F3F3F3F3F3F3F3F3F3F3F3F3F1A
S2187EB7C03F3F3F3F3F3F3F3F3F3F3F3F3F3F3F3F3F3F3F3F06
S2187EB7D43F3F3F3F3F3F3F3F3F3F3F3F3F3F3F3F3F3F3F3FF2
S2187EB7E83F3F3F3F3F3F3F3F3F3F3F3F3F3F3F3F3F3F3F3FDE
S2187EB7FC3F3F3F3F3F3F3F3F3F3F3F3F3F3F3F3F3F3F3F3FCA
S2187EB8103F3F3F3F3F3F3F3F3F3F3F3F3F3F3F3F3F3F3F3FB5
S2187EB8243F3F3F3F3F3F3F3F3F3F3F3F3F3F3F3F3F3F3F3FA1
S2187EB8383F3F3F3F3F3F3F3F3F3F3F3F3F3F3F3F3F3F3F3F8D
S2187EB84C3F3F3F3F3F3F3F3F3F3F3F3F3F3F3F3F3F3F3F3F79
S2187EB8603F3F3F3F3F3F3F3F3F3F3F3F3F3F3F3F3F3F3F3F65
S2187EB8743F3F3F3F3F3F3F3F3F3F3F3F3F3F3F3F3F3F3F3F51
S2187EB8883F3F3F3F3F3F3F3F3F3F3F3F3F3F3F3F3F3F3F3F3D
S2187EB89C3F3F3F3F3F3F3F3F3F3F3F3F3F3F3F3F3F3F3F3F29
S2187EB8B03F3F3F3F3F3F3F3F3F3F3F3F3F3F3F3F3F3F3F3F15
S2187EB8C43F3F3F3F3F3F3F3F3F3F3F3F3F3F3F3F3F3F3F3F01
S2187EB8D83F3F3F3F3F3F3F3F3F3F3F3F3F3F3F3F3F3F3F3FED
S2187EB8EC3F3F3F3F3F3F3F3F3F3F3F3F3F3F3F3F3F3F3F3FD9
S2187EB9003F3F3F3F3F3F3F3F3F3F3F3F3F3F3F3F3F3F3F3FC4
S2187EB9143F3F3F3F3F3F3F3F3F3F3F3F3F3F3F3F3F3F3F3FB0
S2187EB9283F3F3F3F3F3F3F3F3F3F3F3F3F3F3F3F3F3F3F3F9C
S2187EB93C3F3F3F3F3F3F3F3F3F3F3F3F3F3F3F3F3F3F3F3F88
S2187EB9503F3F3F3F3F3F3F3F3F3F3F3F3F3F3F3F3F3F3F3F74
S2187EB9643F3F3F3F3F3F3F3F3F3F3F3F3F3F3F3F3F3F3F3F60
S2187EB9783F3F3F3F3F3F3F3F3F3F3F3F3F3F3F3F3F3F3F3F4C
S2187EB98C3F3F3F3F3F3F3F3F3F3F3F3F3F3F3F3F3F3F3F3F38
S2187EB9A03F3F3F3F3F3F3F3F3F3F3F3F3F3F3F3F3F3F3F3F24
S2187EB9B43F3F3F3F3F3F3F3F3F3F3F3F3F3F3F3F3F3F3F3F10
S2187EB9C83F3F3F3F3F3F3F3F3F3F3F3F3F3F3F3F3F3F3F3FFC
S2187EB9DC3F3F3F3F3F3F3F3F3F3F3F3F3F3F3F3F3F3F3F3FE8
S2187EB9F03F3F3F3F3F3F3F3F3F3F3F3F3F3F3F3F3F3F3F3FD4
S2187EBA043F3F3F3F3F3F3F3F3F3F3F3F3F3F3F3F3F3F3F3FBF
S2187EBA183F3F3F3F3F3F3F3F3F3F3F3F3F3F3F3F3F3F3F3FAB
S2187EBA2C3F3F3F3F3F3F3F3F3F3F3F3F3F3F3F3F3F3F3F3F97
S2187EBA403F3F3F3F3F3F3F3F3F3F3F3F3F3F3F3F3F3F3F3F83
S2187EBA543F3F3F3F3F3F3F3F3F3F3F3F3F3F3F3F3F3F3F3F6F
S2187EBA683F3F3F3F3F3F3F3F3F3F3F3F3F3F3F3F3F3F3F3F5B
S2187EBA7C3F3F3F3F3F3F3F3F3F3F3F3F3F3F3F3F3F3F3F3F47
S2187EBA903F3F3F3F3F3F3F3F3F3F3F3F3F3F3F3F3F3F3F3F33
S2187EBAA43F3F3F3F3F3F3F3F3F3F3F3F3F3F3F3F3F3F3F3F1F
S2187EBAB83F3F3F3F3F3F3F3F3F3F3F3F3F3F3F3F3F3F3F3F0B
S2187EBACC3F3F3F3F3F3F3F3F3F3F3F3F3F3F3F3F3F3F3F3FF7
S2187EBAE03F3F3F3F3F3F3F3F3F3F3F3F3F3F3F3F3F3F3F3FE3
S2187EBAF43F3F3F3F3F3F3F3F3F3F3F3F3F3F3F3F3F3F3F3FCF
S2187EBB083F3F3F3F3F3F3F3F3F3F3F3F3F3F3F3F3F3F3F3FBA
S2187EBB1C3F3F3F3F3F3F3F3F3F3F3F3F3F3F3F3F3F3F3F3FA6
S2187EBB303F3F3F3F3F3F3F3F3F3F3F3F3F3F3F3F3F3F3F3F92
S2187EBB443F3F3F3F3F3F3F3F3F3F3F3F3F3F3F3F3F3F3F3F7E
S2187EBB583F3F3F3F3F3F3F3F3F3F3F3F3F3F3F3F3F3F3F3F6A
S2187EBB6C3F3F3F3F3F3F3F3F3F3F3F3F3F3F3F3F3F3F3F3F56
S2187EBB803F3F3F3F3F3F3F3F3F3F3F3F3F3F3F3F3F3F3F3F42
S2187EBB943F3F3F3F3F3F3F3F3F3F3F3F3F3F3F3F3F3F3F3F2E
S2187EBBA83F3F3F3F3F3F3F3F3F3F3F3F3F3F3F3F3F3F3F3F1A
S2187EBBBC3F3F3F3F3F3F3F3F3F3F3F3F3F3F3F3F3F3F3F3F06
S2187EBBD03F3F3F3F3F3F3F3F3F3F3F3F3F3F3F3F3F3F3F3FF2
S2187EBBE43F3F3F3F3F3F3F3F3F3F3F3F3F3F3F3F3F3F3F3FDE
S2187EBBF83F3F3F3F3F3F3F3F3F3F3F3F3F3F3F3F3F3F3F3FCA
S2187EBC0C3F3F3F3F3F3F3F3F3F3F3F3F3F3F3F3F3F3F3F3FB5
S2187EBC203F3F3F3F3F3F3F3F3F3F3F3F3F3F3F3F3F3F3F3FA1
S2187EBC343F3F3F3F3F3F3F3F3F3F3F3F3F3F3F3F3F3F3F3F8D
S2187EBC483F3F3F3F3F3F3F3F3F3F3F3F3F3F3F3F3F3F3F3F79
S2187EBC5C3F3F3F3F3F3F3F3F3F3F3F3F3F3F3F3F3F3F3F3F65
S2187EBC703F3F3F3F3F3F3F3F3F3F3F3F3F3F3F3F3F3F3F3F51
S2187EBC843F3F3F3F3F3F3F3F3F3F3F3F3F3F3F3F3F3F3F3F3D
S2187EBC983F3F3F3F3F3F3F3F3F3F3F3F3F3F3F3F3F3F3F3F29
S2187EBCAC3F3F3F3F3F3F3F3F3F3F3F3F3F3F3F3F3F3F3F3F15
S2187EBCC03F3F3F3F3F3F3F3F3F3F3F3F3F3F3F3F3F3F3F3F01
S2187EBCD43F3F3F3F3F3F3F3F3F3F3F3F3F3F3F3F3F3F3F3FED
S2187EBCE83F3F3F3F3F3F3F3F3F3F3F3F3F3F3F3F3F3F3F3FD9
S2187EBCFC3F3F3F3F3F3F3F3F3F3F3F3F3F3F3F3F3F3F3F3FC5
S2187EBD103F3F3F3F3F3F3F3F3F3F3F3F3F3F3F3F3F3F3F3FB0
S2187EBD243F3F3F3F3F3F3F3F3F3F3F3F3F3F3F3F3F3F3F3F9C
S2187EBD383F3F3F3F3F3F3F3F3F3F3F3F3F3F3F3F3F3F3F3F88
S2187EBD4C3F3F3F3F3F3F3F3F3F3F3F3F3F3F3F3F3F3F3F3F74
S2187EBD603F3F3F3F3F3F3F3F3F3F3F3F3F3F3F3F3F3F3F3F60
S2187EBD743F3F3F3F3F3F3F3F3F3F3F3F3F3F3F3F3F3F3F3F4C
S2187EBD883F3F3F3F3F3F3F3F3F3F3F3F3F3F3F3F3F3F3F3F38
S2187EBD9C3F3F3F3F3F3F3F3F3F3F3F3F3F3F3F3F3F3F3F3F24
S2187EBDB03F3F3F3F3F3F3F3F3F3F3F3F3F3F3F3F3F3F3F3F10
S2187EBDC43F3F3F3F3F3F3F3F3F3F3F3F3F3F3F3F3F3F3F3FFC
S2187EBDD83F3F3F3F3F3F3F3F3F3F3F3F3F3F3F3F3F3F3F3FE8
S2187EBDEC3F3F3F3F3F3F3F3F3F3F3F3F3F3F3F3F3F3F3F3FD4
S2187EBE003F3F3F3F3F3F3F3F3F3F3F3F3F3F3F3F3F3F3F3FBF
S2187EBE143F3F3F3F3F3F3F3F3F3F3F3F3F3F3F3F3F3F3F3FAB
S2187EBE283F3F3F3F3F3F3F3F3F3F3F3F3F3F3F3F3F3F3F3F97
S2187EBE3C3F3F3F3F3F3F3F3F3F3F3F3F3F3F3F3F3F3F3F3F83
S2187EBE503F3F3F3F3F3F3F3F3F3F3F3F3F3F3F3F3F3F3F3F6F
S2187EBE643F3F3F3F3F3F3F3F3F3F3F3F3F3F3F3F3F3F3F3F5B
S2187EBE783F3F3F3F3F3F3F3F3F3F3F3F3F3F3F3F3F3F3F3F47
S2187EBE8C3F3F3F3F3F3F3F3F3F3F3F3F3F3F3F3F3F3F3F3F33
S2187EBEA03F3F3F3F3F3F3F3F3F3F3F3F3F3F3F3F3F3F3F3F1F
S2187EBEB43F3F3F3F3F3F3F3F3F3F3F3F3F3F3F3F3F3F3F3F0B
S2187EBEC83F3F3F3F3F3F3F3F3F3F3F3F3F3F3F3F3F3F3F3FF7
S2187EBEDC3F3F3F3F3F3F3F3F3F3F3F3F3F3F3F3F3F3F3F3FE3
S2187EBEF03F3F3F3F3F3F3F3F3F3F3F3F3F3F3F3F3F3F3F3FCF
S2187EBF043F3F3F3F3F3F3F3F3F3F3F3F3F3F3F3F3F3F3F3FBA
S2187EBF183F3F3F3F3F3F3F3F3F3F3F3F3F3F3F3F3F3F3F3FA6
S2187EBF2C3F3F3F3F3F3F3F3F3F3F3F3F3F3F3F3F3F3F3F3F92
S2187EBF403F3F3F3F3F3F3F3F3F3F3F3F3F3F3F3F3F3F3F3F7E
S2187EBF543F3F3F3F3F3F3F3F3F3F3F3F3F3F3F3F3F3F3F3F6A
S2187EBF683F3F3F3F3F3F3F3F3F3F3F3F3F3F3F3F3F3F3F3F56
S2187EBF7C3F3F3F3F3F3F3F3F3F3F3F3F3F3F3F3F3F3F3F3F42
S2187EBF903F3F3F3F3F3F3F3F3F3F3F3F3F3F3F3F3F3F3F3F2E
S2187EBFA43F3F3F3F3F3F3F3F3F3F3F3F3F3F3F3F3F3F3F3F1A
S2187EBFB83F3F3F3F3F3F3F3F3F3F3F3F3F3F3F3F3F3F3F3F06
S2187EBFCC3F3F3F3F3F3F3F3F3F3F3F3F3F3F3F3F3F3F3F3FF2
S2187EBFE03F3F3F3F3F3F3F3F3F3F3F3F3F3F3F3F3F3F3F3FDE
S2187EBFF43F3F3F3F3F3F3F3F3F3F3F3F1B98C7876C846C82E3
S2187EC0084AABC9FC6C86BC2B862C47FC2B8CAC862C07FC2BD6
S2187EC01C8AE3862005EC86B32B886C80FC2AADAC802C0AC6B6
S2187EC03009876C84200F186284EE841848EC80ACE22A9D2E0B
S2187EC044F1EC845959B745ECE22AB3ED8013E3E22ADB6C8273
S2187EC0582008C7877C2B6E7C2B6CFC2B6E2614FC2B6C260F1C
S2187EC06CC74A8726FC4A82EEFC18792B6A2019EC828C400034
S2187EC08023058640C76C82C737EC834A86ECFC324A82E8FC7F
S2187EC094FC2B6E04240CFC2B6C2607C60187B70520041887BF
S2187EC0A8B7541B880A1B92C7876C846C8C6C8A4AABC9FC6C4A
S2187EC0BC88BC2B862C35FC2B8CAC882C07FC2B8AE38820053C
S2187EC0D0EC88B32B886C82FC2AADAC822C0AC609876C842074
S2187EC0E4081862841684062EF81683DCF32B906C8C2008C7EF
S2187EC0F8877C2B6E7C2B6C1869844AABCDFC6C86BC2B952CA5
S2187EC10C35FC2B9BAC862C07FC2B99E3862005EC86B32B970B
S2187EC1206C82FC2AADAC822C0AC609876C84200818628416E1
S2187EC13484062EF81683DCF32B9F6C8A2008C7877C2B767C8D
S2187EC1482B74FC2B6E2605FC2B6C2708FC2B762607FC2B74DA
S2187EC15C18270186EC88AC86182C00C2792B69C7877C2B9F39
S2187EC1707C2B9D7B2BA1EC86A3886C80BC2E412F061683C863
S2187EC18406821BFE2E3FAE80182C008BC6017B2B681905AD79
S2187EC198802D1BB62B928101230B1A02AE802D057B2B922051
S2187EC1AC6E810122037B2B922065190AAD802D1DB62B92819C
S2187EC1C002230C1A07AE802D06587B2B92204C810222045838
S2187EC1D47B2B922042190FAD802D1FB62B928103230D1A0C4C
S2187EC1E8AE802D0786037A2B9220288103220586037A2B92EB
S2187EC1FC201DFC2B66AC802C0CF62B92C10F240F722B922079
S2187EC2100AF62B92C1032303732B92F62B921683FB7C2B9042
S2187EC2247E2B8E0682E1792B68792B91792B90792B8F792B97
S2187EC2388E792B92A3866C80BC2E412F051683C8202BFE2E5F
S2187EC24C3FAE802C24C6017B2B691905AD802D1BB62BA18132
S2187EC26001230B1A02AE802D057B2BA12067810122037B2B81
S2187EC274A1205E190AAD802D1DB62BA18102230C1A07AE80F7
S2187EC2882D06587B2BA1204581022204587B2BA1203B190F1D
S2187EC29CAD802D18B62BA1810323061A0CAE802C0481032240
S2187EC2B02486037A2BA1201DFC2B66AC802C0CF62BA1C10F44
S2187EC2C4240F722BA1200AF62BA1C1032303732BA1F62BA19B
S2187EC2D81683FB7C2B9F7E2B9DEC807C2B66FC2B6E2605FC7A
S2187EC2EC2B6C270DFC2B6E8C0002260BFC2B6C2606C716837D
S2187EC300EE2019EC8C8C400023058640C76C8CC737EC8D4ACD
S2187EC31486ECFC324A82E8FCFC2B762605FC2B74270DFC2B84
S2187EC328768C0002260CFC2B742607C6041683EE201AEC8A7F
S2187EC33C8C400023058640C76C8AC60437EC8B4A86ECFC3291
S2187EC3504A82E8FCFC2B6E8C00022605FC2B6C271AFC2B72EB
S2187EC3648C00022605FC2B70270DFC2B768C00022623FC2B23
S2187EC37874261E792B68792B69C7877C2B907C2B8E7C2B9F5D
S2187EC38C7C2B9D7B2B927B2BA1C6022024FC2B6E042405FC8D
S2187EC3A02B6C2716FC2B72042405FC2B70270BFC2B760424DE
S2187EC3B40CFC2B742607C60187B70520041887B7541B8E0A93
S2187EC3C8C602877C2B6EC77C2B6CC6027C2B76C77C2B743D9C
S2187EC3DCEC865959B745ECE22AB3ED8413E3E22ADB3D4A87A3
S2187EC3F026FC4A82EEFC18792B6A3D8759B745ECE2591AB7A7
S2187EC4044D3DEE861848EC84ACE22A9D3DC7876CA86C864AA3
S2187EC418ABC9FC6C84BC2B862F58FC2B8CAC842C07FC2B8874
S2187EC42CE3842005EC84B32B8A6C82FC2B11AC822C0AC609BC
S2187EC440876C80200F186280EE801848EC82ACE22B012EF1B4
S2187EC454EC805959B745ECE22B17ED8213E3E22B3F6C86EE96
S2187EC468808E000927058C4000230F8640C76C862008C78707
S2187EC47C7C2B6E7C2B6CFC2B6E2614FC2B6C260FC74A8726AC
S2187EC490FC4A82EEFC18792B6A200DC737EC874A86ECFC32B5
S2187EC4A44A82E8FCFC2B6E04240CFC2B6C2607C60187B705BE
S2187EC4B820041887B7541B880A1B92C7876C826C8C6C8A4A51
S2187EC4CCABC9FC6C888C00022C044AABF6FCFC2B86AC882CC3
S2187EC4E046FC2B8CAC882C07FC2B88E3882005EC88B32B8A4A
S2187EC4F46C84FC2B11AC842C0AC609876C82200818628216A5
S2187EC50888262EF81687FCF32B906C8CEE828E000927058CCA
S2187EC51C4000230F8640C76C8C2008C7877C2B6E7C2B6C18DB
S2187EC53069824AABCDFC6C868C00022C044AAC04FCFC2B9569
S2187EC544AC862C46FC2B9BAC862C07FC2B97E3862005EC86D7
S2187EC558B32B996C84FC2B11AC842C0AC609876C82200818C3
S2187EC56C62821688262EF81687FCF32B9F6C8AEE828E000917
S2187EC58027058C4000230F8640C76C8A2008C7877C2B767C68
S2187EC5942B74FC2B6E2605FC2B6C2708FC2B762607FC2B748A
S2187EC5A818270177EC88AC86182F00BA792B69792BA0792BA9
S2187EC5BC9F792B9E792B9D792BA1A3866C80BC2E412F0516F7
S2187EC5D087E8202BFE2E3FAE802C24C6017B2B681905AD8011
S2187EC5E42D1BB62B928101230B1A02AE802D057B2B9220671A
S2187EC5F8810122037B2B92205E190AAD802D1DB62B928102BF
S2187EC60C230C1A07AE802D06587B2B92204581022204587B75
S2187EC6202B92203B190FAD802D18B62B92810323061A0CAEDD
S2187EC634802C048103222486037A2B92201DFC2B66AC802C13
S2187EC6480CF62B92C10F240F722B92200AF62B92C1032303A3
S2187EC65C732B92F62B9216881B7C2B907E2B8E06871E792BEE
S2187EC670681688317B2B92EC86A3886C80BC2E412F0516873F
S2187EC684E8202BFE2E3FAE802C24C6017B2B691905AD802DB5
S2187EC6981BB62BA18101230B1A02AE802D057B2BA1206781F3
S2187EC6AC0122037B2BA1205E190AAD802D1DB62BA18102234A
S2187EC6C00C1A07AE802D06587B2BA1204581022204587B2BAA
S2187EC6D4A1203B190FAD802D18B62BA1810323061A0CAE80B6
S2187EC6E82C048103222486037A2BA1201DFC2B66AC802C0CC4
S2187EC6FCF62BA1C10F240F722BA1200AF62BA1C1032303735B
S2187EC7102BA1F62BA116881B7C2B9F7E2B9DEC807C2B66FC4A
S2187EC7242B6E2605FC2B6C270DFC2B6E8C0002260BFC2B6C0C
S2187EC7382606C716880E200DC737EC8D4A86ECFC324A82E889
S2187EC74CFCFC2B762605FC2B74270DFC2B768C0002260CFC6A
S2187EC7602B742607C60416880E200EC60437EC8B4A86ECFCA2
S2187EC774324A82E8FCFC2B6E8C00022605FC2B6C271AFC2B03
S2187EC788728C00022605FC2B70270DFC2B768C0002261EFCB9
S2187EC79C2B742619792B68792B691688317C2B9F7C2B9D7B3B
S2187EC7B02B927B2BA1C6022024FC2B6E042405FC2B6C271650
S2187EC7C4FC2B72042405FC2B70270BFC2B7604240CFC2B74E3
S2187EC7D82607C60187B70520041887B7541B8E0AC602877C47
S2187EC7EC2B6EC77C2B6CC6027C2B76C77C2B743DEC8459591D
S2187EC800B745ECE22B17ED8613E3E22B3F3D4A8726FC4A82E4
S2187EC814EEFC18792B6A3D8759B745ECE2591AB74D3DEE8470
S2187EC8281848EC86ACE22B013DC7877C2B907C2B8E3DFC2B92
S2187EC83C7A2655FC2B782650C66B37C6014A84C1FC324AAB7A
S2187EC850C9FC7C2B84FC2B01F32E453BFE2B84AEB12D4D18FA
S2187EC864B02E457E2B86F62E4487B705B746C60F16595FCDD3
S2187EC87800643518C735165A51B745C737B7544A86ECFC32CC
S2187EC88C4A82E8FCC60120144AABC9FCBC2B862E13C74A876A
S2187EC8A026FC4A82EEFCC602877C2B7AC77C2B78FC2B7A042E
S2187EC8B4240AFC2B782605C60187200AC7877C2B7A7C2B78EF
S2187EC8C8C602B7050AFC2B7A262FFC2B78262AC66B1689C6D0
S2187EC8DC4AABC9FC7C2B84FC2B01F32E453BFE2B84AEB12DDE
S2187EC8F02518B02E457E2B8616899DC71689B7200D4AABC9DE
S2187EC904FCBC2B862E0CC71689D0877C2B7AC77C2B78FC2B0E
S2187EC91882262EFC2B802629C61B1689C64AABCDFC7C2B937E
S2187EC92CFC2B01F32E453BFE2B93AEB12D2418B02E457E2B5B
S2187EC94095075AC6040770200D4AABCDFCBC2B952E0CC604BE
S2187EC954077A877C2B82C77C2B80FC2B7A042405FC2B782799
S2187EC96816FC2B7E042405FC2B7C270BFC2B8204240AFC2B79
S2187EC97C802605C601872016C7877C2B7A7C2B787C2B7E7CC6
S2187EC9902B7C7C2B827C2B80C602B7050AF62E4487B705B729
S2187EC9A446C60F16595FCD00643518C735165A51B7453D3768
S2187EC9B8B7544A86ECFC324A82E8FCC6013D37C6014A84C1B2
S2187EC9CCFC1B813D4A8726FC4A82EEFCC6023DFC2B7A264545
S2187EC9E0FC2B782640C66B37C74A84C1FC324AABC9FC7C2B6E
S2187EC9F484F32E457C2B86F62E4487B705B746C60F16595F4A
S2187ECA08CD00643518C735165A51B745C737B7544A86ECFC9F
S2187ECA1C324A82E8FCC60120144AABC9FCBC2B862D13C74A2E
S2187ECA308726FC4A82EEFCC602877C2B7AC77C2B78FC2B7A19
S2187ECA4404240AFC2B782605C60187200AC7877C2B7A7C2BD1
S2187ECA5878C602B7050AFC2B7A2620FC2B78261BC66B168BA8
S2187ECA6C444AABC9FC7C2B84F32E457C2B86168B10C7168B5E
S2187ECA802A200D4AABC9FCBC2B862D0CC7168B39877C2B7A1F
S2187ECA94C77C2B78FC2B82261FFC2B80261AC61B168B444A40
S2187ECAA8ABCDFC7C2B93F32E457C2B95075AC6040770200DD8
S2187ECABC4AABCDFCBC2B952D0CC6040770877C2B82C77C2B11
S2187ECAD080FC2B7A042405FC2B782716FC2B7E042405FC2BAC
S2187ECAE47C270BFC2B8204240AFC2B802605C601872016C715
S2187ECAF8877C2B7A7C2B787C2B7E7C2B7C7C2B827C2B80C682
S2187ECB0C02B7050AF62E4487B705B746C60F16595FCD00644E
S2187ECB203518C735165A51B7453D37B7544A86ECFC324A8243
S2187ECB34E8FCC6013D4A8726FC4A82EEFCC6023D37C74A8408
S2187ECB48C1FC1B813DF62B650A792B650AFC2AAF0A3F3F3F81
S2187ECB5C3F3F3F3F3F3F3F3F3F3F3F3F3F3F3F3F3F3F3F3F56
S2187ECB703F3F3F3F3F3F3F3F3F3F3F3F3F3F3F3F3F3F3F3F42
S2187ECB843F3F3F3F3F3F3F3F3F3F3F3F3F3F3F3F3F3F3F3F2E
S2187ECB983F3F3F3F3F3F3F3F3F3F3F3F3F3F3F3F3F3F3F3F1A
S2187ECBAC3F3F3F3F3F3F3F3F3F3F3F3F3F3F3F3F3F3F3F3F06
S2187ECBC03F3F3F3F3F3F3F3F3F3F3F3F3F3F3F3F3F3F3F3FF2
S2187ECBD43F3F3F3F3F3F3F3F3F3F3F3F3F3F3F3F3F3F3F3FDE
S2187ECBE83F3F3F3F3F3F3F3F3F3F3F3F3F3F3F3F3F3F3F3FCA
S2187ECBFC3F3F3F3F3F3F3F3F3F3F3F3F3F3F3F3F3F3F3F3FB6
S2187ECC103F3F3F3F3F3F3F3F3F3F3F3F3F3F3F3F3F3F3F3FA1
S2187ECC243F3F3F3F3F3F3F3F3F3F3F3F3F3F3F3F3F3F3F3F8D
S2187ECC383F3F3F3F3F3F3F3F3F3F3F3F3F3F3F3F3F3F3F3F79
S2187ECC4C3F3F3F3F3F3F3F3F3F3F3F3F3F3F3F3F3F3F3F3F65
S2187ECC603F3F3F3F3F3F3F3F3F3F3F3F3F3F3F3F3F3F3F3F51
S2187ECC743F3F3F3F3F3F3F3F3F3F3F3F3F3F3F3F3F3F3F3F3D
S2187ECC883F3F3F3F3F3F3F3F3F3F3F3F3F3F3F3F3F3F3F3F29
S2187ECC9C3F3F3F3F3F3F3F3F3F3F3F3F3F3F3F3F3F3F3F3F15
S2187ECCB03F3F3F3F3F3F3F3F3F3F3F3F3F3F3F3F3F3F3F3F01
S2187ECCC43F3F3F3F3F3F3F3F3F3F3F3F3F3F3F3F3F3F3F3FED
S2187ECCD83F3F3F3F3F3F3F3F3F3F3F3F3F3F3F3F3F3F3F3FD9
S2187ECCEC3F3F3F3F3F3F3F3F3F3F3F3F3F3F3F3F3F3F3F3FC5
S2187ECD003F3F3F3F3F3F3F3F3F3F3F3F3F3F3F3F3F3F3F3FB0
S2187ECD143F3F3F3F3F3F3F3F3F3F3F3F3F3F3F3F3F3F3F3F9C
S2187ECD283F3F3F3F3F3F3F3F3F3F3F3F3F3F3F3F3F3F3F3F88
S2187ECD3C3F3F3F3F3F3F3F3F3F3F3F3F3F3F3F3F3F3F3F3F74
S2187ECD503F3F3F3F3F3F3F3F3F3F3F3F3F3F3F3F3F3F3F3F60
S2187ECD643F3F3F3F3F3F3F3F3F3F3F3F3F3F3F3F3F3F3F3F4C
S2187ECD783F3F3F3F3F3F3F3F3F3F3F3F3F3F3F3F3F3F3F3F38
S2187ECD8C3F3F3F3F3F3F3F3F3F3F3F3F3F3F3F3F3F3F3F3F24
S2187ECDA03F3F3F3F3F3F3F3F3F3F3F3F3F3F3F3F3F3F3F3F10
S2187ECDB43F3F3F3F3F3F3F3F3F3F3F3F3F3F3F3F3F3F3F3FFC
S2187ECDC83F3F3F3F3F3F3F3F3F3F3F3F3F3F3F3F3F3F3F3FE8
S2187ECDDC3F3F3F3F3F3F3F3F3F3F3F3F3F3F3F3F3F3F3F3FD4
S2187ECDF03F3F3F3F3F3F3F3F3F3F3F3F3F3F3F3F3F3F3F3FC0
S2187ECE043F3F3F3F3F3F3F3F3F3F3F3F3F3F3F3F3F3F3F3FAB
S2187ECE183F3F3F3F3F3F3F3F3F3F3F3F3F3F3F3F3F3F3F3F97
S2187ECE2C3F3F3F3F3F3F3F3F3F3F3F3F3F3F3F3F3F3F3F3F83
S2187ECE403F3F3F3F3F3F3F3F3F3F3F3F3F3F3F3F3F3F3F3F6F
S2187ECE543F3F3F3F3F3F3F3F3F3F3F3F3F3F3F3F3F3F3F3F5B
S2187ECE683F3F3F3F3F3F3F3F3F3F3F3F3F3F3F3F3F3F3F3F47
S2187ECE7C3F3F3F3F3F3F3F3F3F3F3F3F3F3F3F3F3F3F3F3F33
S2187ECE903F3F3F3F3F3F3F3F3F3F3F3F3F3F3F3F3F3F3F3F1F
S2187ECEA43F3F3F3F3F3F3F3F3F3F3F3F3F3F3F3F3F3F3F3F0B
S2187ECEB83F3F3F3F3F3F3F3F3F3F3F3F3F3F3F3F3F3F3F3FF7
S2187ECECC3F3F3F3F3F3F3F3F3F3F3F3F3F3F3F3F3F3F3F3FE3
S2187ECEE03F3F3F3F3F3F3F3F3F3F3F3F3F3F3F3F3F3F3F3FCF
S2187ECEF43F3F3F3F3F3F3F3F3F3F3F3F3F3F3F3F3F3F3F3FBB
S2187ECF083F3F3F3F3F3F3F3F3F3F3F3F3F3F3F3F3F3F3F3FA6
S2187ECF1C3F3F3F3F3F3F3F3F3F3F3F3F3F3F3F3F3F3F3F3F92
S2187ECF303F3F3F3F3F3F3F3F3F3F3F3F3F3F3F3F3F3F3F3F7E
S2187ECF443F3F3F3F3F3F3F3F3F3F3F3F3F3F3F3F3F3F3F3F6A
S2187ECF583F3F3F3F3F3F3F3F3F3F3F3F3F3F3F3F3F3F3F3F56
S2187ECF6C3F3F3F3F3F3F3F3F3F3F3F3F3F3F3F3F3F3F3F3F42
S2187ECF803F3F3F3F3F3F3F3F3F3F3F3F3F3F3F3F3F3F3F3F2E
S2187ECF943F3F3F3F3F3F3F3F3F3F3F3F3F3F3F3F3F3F3F3F1A
S2187ECFA83F3F3F3F3F3F3F3F3F3F3F3F3F3F3F3F3F3F3F3F06
S2187ECFBC3F3F3F3F3F3F3F3F3F3F3F3F3F3F3F3F3F3F3F3FF2
S2187ECFD03F3F3F3F3F3F3F3F3F3F3F3F3F3F3F3F3F3F3F3FDE
S2187ECFE43F3F3F3F3F3F3F3F3F3F3F3F3F3F3F3F3F3F3F3FCA
S2187ECFF83F3F3F3F3F3F3F3F3F3F3F3F3F3F3F3F3F3F3F3FB6
S2187ED00C3F3F3F3F3F3F3F3F3F3F3F3F3F3F3F3F3F3F3F3FA1
S2187ED0203F3F3F3F3F3F3F3F3F3F3F3F3F3F3F3F3F3F3F3F8D
S2187ED0343F3F3F3F3F3F3F3F3F3F3F3F3F3F3F3F3F3F3F3F79
S2187ED0483F3F3F3F3F3F3F3F3F3F3F3F3F3F3F3F3F3F3F3F65
S2187ED05C3F3F3F3F3F3F3F3F3F3F3F3F3F3F3F3F3F3F3F3F51
S2187ED0703F3F3F3F3F3F3F3F3F3F3F3F3F3F3F3F3F3F3F3F3D
S2187ED0843F3F3F3F3F3F3F3F3F3F3F3F3F3F3F3F3F3F3F3F29
S2187ED0983F3F3F3F3F3F3F3F3F3F3F3F3F3F3F3F3F3F3F3F15
S2187ED0AC3F3F3F3F3F3F3F3F3F3F3F3F3F3F3F3F3F3F3F3F01
S2187ED0C03F3F3F3F3F3F3F3F3F3F3F3F3F3F3F3F3F3F3F3FED
S2187ED0D43F3F3F3F3F3F3F3F3F3F3F3F3F3F3F3F3F3F3F3FD9
S2187ED0E83F3F3F3F3F3F3F3F3F3F3F3F3F3F3F3F3F3F3F3FC5
S2187ED0FC3F3F3F3F3F3F3F3F3F3F3F3F3F3F3F3F3F3F3F3FB1
S2187ED1103F3F3F3F3F3F3F3F3F3F3F3F3F3F3F3F3F3F3F3F9C
S2187ED1243F3F3F3F3F3F3F3F3F3F3F3F3F3F3F3F3F3F3F3F88
S2187ED1383F3F3F3F3F3F3F3F3F3F3F3F3F3F3F3F3F3F3F3F74
S2187ED14C3F3F3F3F3F3F3F3F3F3F3F3F3F3F3F3F3F3F3F3F60
S2187ED1603F3F3F3F3F3F3F3F3F3F3F3F3F3F3F3F3F3F3F3F4C
S2187ED1743F3F3F3F3F3F3F3F3F3F3F3F3F3F3F3F3F3F3F3F38
S2187ED1883F3F3F3F3F3F3F3F3F3F3F3F3F3F3F3F3F3F3F3F24
S2187ED19C3F3F3F3F3F3F3F3F3F3F3F3F3F3F3F3F3F3F3F3F10
S2187ED1B03F3F3F3F3F3F3F3F3F3F3F3F3F3F3F3F3F3F3F3FFC
S2187ED1C43F3F3F3F3F3F3F3F3F3F3F3F3F3F3F3F3F3F3F3FE8
S2187ED1D83F3F3F3F3F3F3F3F3F3F3F3F3F3F3F3F3F3F3F3FD4
S2187ED1EC3F3F3F3F3F3F3F3F3F3F3F3F3F3F3F3F3F3F3F3FC0
S2187ED2003F3F3F3F3F3F3F3F3F3F3F3F3F3F3F3F3F3F3F3FAB
S2187ED2143F3F3F3F3F3F3F3F3F3F3F3F3F3F3F3F3F3F3F3F97
S2187ED2283F3F3F3F3F3F3F3F3F3F3F3F3F3F3F3F3F3F3F3F83
S2187ED23C3F3F3F3F3F3F3F3F3F3F3F3F3F3F3F3F3F3F3F3F6F
S2187ED2503F3F3F3F3F3F3F3F3F3F3F3F3F3F3F3F3F3F3F3F5B
S2187ED2643F3F3F3F3F3F3F3F3F3F3F3F3F3F3F3F3F3F3F3F47
S2187ED2783F3F3F3F3F3F3F3F3F3F3F3F3F3F3F3F3F3F3F3F33
S2187ED28C3F3F3F3F3F3F3F3F3F3F3F3F3F3F3F3F3F3F3F3F1F
S2187ED2A03F3F3F3F3F3F3F3F3F3F3F3F3F3F3F3F3F3F3F3F0B
S2187ED2B43F3F3F3F3F3F3F3F3F3F3F3F3F3F3F3F3F3F3F3FF7
S2187ED2C83F3F3F3F3F3F3F3F3F3F3F3F3F3F3F3F3F3F3F3FE3
S2187ED2DC3F3F3F3F3F3F3F3F3F3F3F3F3F3F3F3F3F3F3F3FCF
S2187ED2F03F3F3F3F3F3F3F3F3F3F3F3F3F3F3F3F3F3F3F3FBB
S2187ED3043F3F3F3F3F3F3F3F3F3F3F3F3F3F3F3F3F3F3F3FA6
S2187ED3183F3F3F3F3F3F3F3F3F3F3F3F3F3F3F3F3F3F3F3F92
S2187ED32C3F3F3F3F3F3F3F3F3F3F3F3F3F3F3F3F3F3F3F3F7E
S2187ED3403F3F3F3F3F3F3F3F3F3F3F3F3F3F3F3F3F3F3F3F6A
S2187ED3543F3F3F3F3F3F3F3F3F3F3F3F3F3F3F3F3F3F3F3F56
S2187ED3683F3F3F3F3F3F3F3F3F3F3F3F3F3F3F3F3F3F3F3F42
S2187ED37C3F3F3F3F3F3F3F3F3F3F3F3F3F3F3F3F3F3F3F3F2E
S2187ED3903F3F3F3F3F3F3F3F3F3F3F3F3F3F3F3F3F3F3F3F1A
S2187ED3A43F3F3F3F3F3F3F3F3F3F3F3F3F3F3F3F3F3F3F3F06
S2187ED3B83F3F3F3F3F3F3F3F3F3F3F3F3F3F3F3F3F3F3F3FF2
S2187ED3CC3F3F3F3F3F3F3F3F3F3F3F3F3F3F3F3F3F3F3F3FDE
S2187ED3E03F3F3F3F3F3F3F3F3F3F3F3F3F3F3F3F3F3F3F3FCA
S2187ED3F43F3F3F3F3F3F3F3F3F3F3F3F3F3F3F3F3F3F3F3FB6
S2187ED4083F3F3F3F3F3F3F3F3F3F3F3F3F3F3F3F3F3F3F3FA1
S2187ED41C3F3F3F3F3F3F3F3F3F3F3F3F3F3F3F3F3F3F3F3F8D
S2187ED4303F3F3F3F3F3F3F3F3F3F3F3F3F3F3F3F3F3F3F3F79
S2187ED4443F3F3F3F3F3F3F3F3F3F3F3F3F3F3F3F3F3F3F3F65
S2187ED4583F3F3F3F3F3F3F3F3F3F3F3F3F3F3F3F3F3F3F3F51
S2187ED46C3F3F3F3F3F3F3F3F3F3F3F3F3F3F3F3F3F3F3F3F3D
S2187ED4803F3F3F3F3F3F3F3F3F3F3F3F3F3F3F3F3F3F3F3F29
S2187ED4943F3F3F3F3F3F3F3F3F3F3F3F3F3F3F3F3F3F3F3F15
S2187ED4A83F3F3F3F3F3F3F3F3F3F3F3F3F3F3F3F3F3F3F3F01
S2187ED4BC3F3F3F3F3F3F3F3F3F3F3F3F3F3F3F3F3F3F3F3FED
S2187ED4D03F3F3F3F3F3F3F3F3F3F3F3F3F3F3F3F3F3F3F3FD9
S2187ED4E43F3F3F3F3F3F3F3F3F3F3F3F3F3F3F3F3F3F3F3FC5
S2187ED4F83F3F3F3F3F3F3F3F3F3F3F3F3F3F3F3F3F3F3F3FB1
S2187ED50C3F3F3F3F3F3F3F3F3F3F3F3F3F3F3F3F3F3F3F3F9C
S2187ED5203F3F3F3F3F3F3F3F3F3F3F3F3F3F3F3F3F3F3F3F88
S2187ED5343F3F3F3F3F3F3F3F3F3F3F3F3F3F3F3F3F3F3F3F74
S2187ED5483F3F3F3F3F3F3F3F3F3F3F3F3F3F3F3F3F3F3F3F60
S2187ED55C3F3F3F3F3F3F3F3F3F3F3F3F3F3F3F3F3F3F3F3F4C
S2187ED5703F3F3F3F3F3F3F3F3F3F3F3F3F3F3F3F3F3F3F3F38
S2187ED5843F3F3F3F3F3F3F3F3F3F3F3F3F3F3F3F3F3F3F3F24
S2187ED5983F3F3F3F3F3F3F3F3F3F3F3F3F3F3F3F3F3F3F3F10
S2187ED5AC3F3F3F3F3F3F3F3F3F3F3F3F3F3F3F3F3F3F3F3FFC
S2187ED5C03F3F3F3F3F3F3F3F3F3F3F3F3F3F3F3F3F3F3F3FE8
S2187ED5D43F3F3F3F3F3F3F3F3F3F3F3F3F3F3F3F3F3F3F3FD4
S2187ED5E83F3F3F3F3F3F3F3F3F3F3F3F3F3F3F3F3F3F3F3FC0
S2187ED5FC3F3F3F3F3F3F3F3F3F3F3F3F3F3F3F3F3F3F3F3FAC
S2187ED6103F3F3F3F3F3F3F3F3F3F3F3F3F3F3F3F3F3F3F3F97
S2187ED6243F3F3F3F3F3F3F3F3F3F3F3F3F3F3F3F3F3F3F3F83
S2187ED6383F3F3F3F3F3F3F3F3F3F3F3F3F3F3F3F3F3F3F3F6F
S2187ED64C3F3F3F3F3F3F3F3F3F3F3F3F3F3F3F3F3F3F3F3F5B
S2187ED6603F3F3F3F3F3F3F3F3F3F3F3F3F3F3F3F3F3F3F3F47
S2187ED6743F3F3F3F3F3F3F3F3F3F3F3F3F3F3F3F3F3F3F3F33
S2187ED6883F3F3F3F3F3F3F3F3F3F3F3F3F3F3F3F3F3F3F3F1F
S2187ED69C3F3F3F3F3F3F3F3F3F3F3F3F3F3F3F3F3F3F3F3F0B
S2187ED6B03F3F3F3F3F3F3F3F3F3F3F3F3F3F3F3F3F3F3F3FF7
S2187ED6C43F3F3F3F3F3F3F3F3F3F3F3F3F3F3F3F3F3F3F3FE3
S2187ED6D83F3F3F3F3F3F3F3F3F3F3F3F3F3F3F3F3F3F3F3FCF
S2187ED6EC3F3F3F3F3F3F3F3F3F3F3F3F3F3F3F3F3F3F3F3FBB
S2187ED7003F3F3F3F3F3F3F3F3F3F3F3F3F3F3F3F3F3F3F3FA6
S2187ED7143F3F3F3F3F3F3F3F3F3F3F3F3F3F3F3F3F3F3F3F92
S2187ED7283F3F3F3F3F3F3F3F3F3F3F3F3F3F3F3F3F3F3F3F7E
S2187ED73C3F3F3F3F3F3F3F3F3F3F3F3F3F3F3F3F3F3F3F3F6A
S2187ED7503F3F3F3F3F3F3F3F3F3F3F3F3F3F3F3F3F3F3F3F56
S2187ED7643F3F3F3F3F3F3F3F3F3F3F3F3F3F3F3F3F3F3F3F42
S2187ED7783F3F3F3F3F3F3F3F3F3F3F3F3F3F3F3F3F3F3F3F2E
S2187ED78C3F3F3F3F3F3F3F3F3F3F3F3F3F3F3F3F3F3F3F3F1A
S2187ED7A03F3F3F3F3F3F3F3F3F3F3F3F3F3F3F3F3F3F3F3F06
S2187ED7B43F3F3F3F3F3F3F3F3F3F3F3F3F3F3F3F3F3F3F3FF2
S2187ED7C83F3F3F3F3F3F3F3F3F3F3F3F3F3F3F3F3F3F3F3FDE
S2187ED7DC3F3F3F3F3F3F3F3F3F3F3F3F3F3F3F3F3F3F3F3FCA
S2187ED7F03F3F3F3F3F3F3F3F3F3F3F3F3F3F3F3F3F3F3F3FB6
S2187ED8043F3F3F3F3F3F3F3F3F3F3F3F3F3F3F3F3F3F3F3FA1
S2187ED8183F3F3F3F3F3F3F3F3F3F3F3F3F3F3F3F3F3F3F3F8D
S2187ED82C3F3F3F3F3F3F3F3F3F3F3F3F3F3F3F3F3F3F3F3F79
S2187ED8403F3F3F3F3F3F3F3F3F3F3F3F3F3F3F3F3F3F3F3F65
S2187ED8543F3F3F3F3F3F3F3F3F3F3F3F3F3F3F3F3F3F3F3F51
S2187ED8683F3F3F3F3F3F3F3F3F3F3F3F3F3F3F3F3F3F3F3F3D
S2187ED87C3F3F3F3F3F3F3F3F3F3F3F3F3F3F3F3F3F3F3F3F29
S2187ED8903F3F3F3F3F3F3F3F3F3F3F3F3F3F3F3F3F3F3F3F15
S2187ED8A43F3F3F3F3F3F3F3F3F3F3F3F3F3F3F3F3F3F3F3F01
S2187ED8B83F3F3F3F3F3F3F3F3F3F3F3F3F3F3F3F3F3F3F3FED
S2187ED8CC3F3F3F3F3F3F3F3F3F3F3F3F3F3F3F3F3F3F3F3FD9
S2187ED8E03F3F3F3F3F3F3F3F3F3F3F3F3F3F3F3F3F3F3F3FC5
S2187ED8F43F3F3F3F3F3F3F3F3F3F3F3F3F3F3F3F3F3F3F3FB1
S2187ED9083F3F3F3F3F3F3F3F3F3F3F3F3F3F3F3F3F3F3F3F9C
S2187ED91C3F3F3F3F3F3F3F3F3F3F3F3F3F3F3F3F3F3F3F3F88
S2187ED9303F3F3F3F3F3F3F3F3F3F3F3F3F3F3F3F3F3F3F3F74
S2187ED9443F3F3F3F3F3F3F3F3F3F3F3F3F3F3F3F3F3F3F3F60
S2187ED9583F3F3F3F3F3F3F3F3F3F3F3F3F3F3F3F3F3F3F3F4C
S2187ED96C3F3F3F3F3F3F3F3F3F3F3F3F3F3F3F3F3F3F3F3F38
S2187ED9803F3F3F3F3F3F3F3F3F3F3F3F3F3F3F3F3F3F3F3F24
S2187ED9943F3F3F3F3F3F3F3F3F3F3F3F3F3F3F3F3F3F3F3F10
S2187ED9A83F3F3F3F3F3F3F3F3F3F3F3F3F3F3F3F3F3F3F3FFC
S2187ED9BC3F3F3F3F3F3F3F3F3F3F3F3F3F3F3F3F3F3F3F3FE8
S2187ED9D03F3F3F3F3F3F3F3F3F3F3F3F3F3F3F3F3F3F3F3FD4
S2187ED9E43F3F3F3F3F3F3F3F3F3F3F3F3F3F3F3F3F3F3F3FC0
S2187ED9F83F3F3F3F3F3F3F3F3F3F3F3F3F3F3F3F3F3F3F3FAC
S2187EDA0C3F3F3F3F3F3F3F3F3F3F3F3F3F3F3F3F3F3F3F3F97
S2187EDA203F3F3F3F3F3F3F3F3F3F3F3F3F3F3F3F3F3F3F3F83
S2187EDA343F3F3F3F3F3F3F3F3F3F3F3F3F3F3F3F3F3F3F3F6F
S2187EDA483F3F3F3F3F3F3F3F3F3F3F3F3F3F3F3F3F3F3F3F5B
S2187EDA5C3F3F3F3F3F3F3F3F3F3F3F3F3F3F3F3F3F3F3F3F47
S2187EDA703F3F3F3F3F3F3F3F3F3F3F3F3F3F3F3F3F3F3F3F33
S2187EDA843F3F3F3F3F3F3F3F3F3F3F3F3F3F3F3F3F3F3F3F1F
S2187EDA983F3F3F3F3F3F3F3F3F3F3F3F3F3F3F3F3F3F3F3F0B
S2187EDAAC3F3F3F3F3F3F3F3F3F3F3F3F3F3F3F3F3F3F3F3FF7
S2187EDAC03F3F3F3F3F3F3F3F3F3F3F3F3F3F3F3F3F3F3F3FE3
S2187EDAD43F3F3F3F3F3F3F3F3F3F3F3F3F3F3F3F3F3F3F3FCF
S2187EDAE83F3F3F3F3F3F3F3F3F3F3F3F3F3F3F3F3F3F3F3FBB
S2187EDAFC3F3F3F3F3F3F3F3F3F3F3F3F3F3F3F3F3F3F3F3FA7
S2187EDB103F3F3F3F3F3F3F3F3F3F3F3F3F3F3F3F3F3F3F3F92
S2187EDB243F3F3F3F3F3F3F3F3F3F3F3F3F3F3F3F3F3F3F3F7E
S2187EDB383F3F3F3F3F3F3F3F3F3F3F3F3F3F3F3F3F3F3F3F6A
S2187EDB4C3F3F3F3F3F3F3F3F3F3F3F3F3F3F3F3F3F3F3F3F56
S2187EDB603F3F3F3F3F3F3F3F3F3F3F3F3F3F3F3F3F3F3F3F42
S2187EDB743F3F3F3F3F3F3F3F3F3F3F3F3F3F3F3F3F3F3F3F2E
S2187EDB883F3F3F3F3F3F3F3F3F3F3F3F3F3F3F3F3F3F3F3F1A
S2187EDB9C3F3F3F3F3F3F3F3F3F3F3F3F3F3F3F3F3F3F3F3F06
S2187EDBB03F3F3F3F3F3F3F3F3F3F3F3F3F3F3F3F3F3F3F3FF2
S2187EDBC43F3F3F3F3F3F3F3F3F3F3F3F3F3F3F3F3F3F3F3FDE
S2187EDBD83F3F3F3F3F3F3F3F3F3F3F3F3F3F3F3F3F3F3F3FCA
S2187EDBEC3F3F3F3F3F3F3F3F3F3F3F3F3F3F3F3F3F3F3F3FB6
S2187EDC003F3F3F3F3F3F3F3F3F3F3F3F3F3F3F3F3F3F3F3FA1
S2187EDC143F3F3F3F3F3F3F3F3F3F3F3F3F3F3F3F3F3F3F3F8D
S2187EDC283F3F3F3F3F3F3F3F3F3F3F3F3F3F3F3F3F3F3F3F79
S2187EDC3C3F3F3F3F3F3F3F3F3F3F3F3F3F3F3F3F3F3F3F3F65
S2187EDC503F3F3F3F3F3F3F3F3F3F3F3F3F3F3F3F3F3F3F3F51
S2187EDC643F3F3F3F3F3F3F3F3F3F3F3F3F3F3F3F3F3F3F3F3D
S2187EDC783F3F3F3F3F3F3F3F3F3F3F3F3F3F3F3F3F3F3F3F29
S2187EDC8C3F3F3F3F3F3F3F3F3F3F3F3F3F3F3F3F3F3F3F3F15
S2187EDCA03F3F3F3F3F3F3F3F3F3F3F3F3F3F3F3F3F3F3F3F01
S2187EDCB43F3F3F3F3F3F3F3F3F3F3F3F3F3F3F3F3F3F3F3FED
S2187EDCC83F3F3F3F3F3F3F3F3F3F3F3F3F3F3F3F3F3F3F3FD9
S2187EDCDC3F3F3F3F3F3F3F3F3F3F3F3F3F3F3F3F3F3F3F3FC5
S2187EDCF03F3F3F3F3F3F3F3F3F3F3F3F3F3F3F3F3F3F3F3FB1
S2187EDD043F3F3F3F3F3F3F3F3F3F3F3F3F3F3F3F3F3F3F3F9C
S2187EDD183F3F3F3F3F3F3F3F3F3F3F3F3F3F3F3F3F3F3F3F88
S2187EDD2C3F3F3F3F3F3F3F3F3F3F3F3F3F3F3F3F3F3F3F3F74
S2187EDD403F3F3F3F3F3F3F3F3F3F3F3F3F3F3F3F3F3F3F3F60
S2187EDD543F3F3F3F3F3F3F3F3F3F3F3F3F3F3F3F3F3F3F3F4C
S2187EDD683F3F3F3F3F3F3F3F3F3F3F3F3F3F3F3F3F3F3F3F38
S2187EDD7C3F3F3F3F3F3F3F3F3F3F3F3F3F3F3F3F3F3F3F3F24
S2187EDD903F3F3F3F3F3F3F3F3F3F3F3F3F3F3F3F3F3F3F3F10
S2187EDDA43F3F3F3F3F3F3F3F3F3F3F3F3F3F3F3F3F3F3F3FFC
S2187EDDB83F3F3F3F3F3F3F3F3F3F3F3F3F3F3F3F3F3F3F3FE8
S2187EDDCC3F3F3F3F3F3F3F3F3F3F3F3F3F3F3F3F3F3F3F3FD4
S2187EDDE03F3F3F3F3F3F3F3F3F3F3F3F3F3F3F3F3F3F3F3FC0
S2187EDDF43F3F3F3F3F3F3F3F3F3F3F3F3F3F3F3F3F3F3F3FAC
S2187EDE083F3F3F3F3F3F3F3F3F3F3F3F3F3F3F3F3F3F3F3F97
S2187EDE1C3F3F3F3F3F3F3F3F3F3F3F3F3F3F3F3F3F3F3F3F83
S2187EDE303F3F3F3F3F3F3F3F3F3F3F3F3F3F3F3F3F3F3F3F6F
S2187EDE443F3F3F3F3F3F3F3F3F3F3F3F3F3F3F3F3F3F3F3F5B
S2187EDE583F3F3F3F3F3F3F3F3F3F3F3F3F3F3F3F3F3F3F3F47
S2187EDE6C3F3F3F3F3F3F3F3F3F3F3F3F3F3F3F3F3F3F3F3F33
S2187EDE803F3F3F3F3F3F3F3F3F3F3F3F3F3F3F3F3F3F3F3F1F
S2187EDE943F3F3F3F3F3F3F3F3F3F3F3F3F3F3F3F3F3F3F3F0B
S2187EDEA83F3F3F3F3F3F3F3F3F3F3F3F3F3F3F3F3F3F3F3FF7
S2187EDEBC3F3F3F3F3F3F3F3F3F3F3F3F3F3F3F3F3F3F3F3FE3
S2187EDED03F3F3F3F3F3F3F3F3F3F3F3F3F3F3F3F3F3F3F3FCF
S2187EDEE43F3F3F3F3F3F3F3F3F3F3F3F3F3F3F3F3F3F3F3FBB
S2187EDEF83F3F3F3F3F3F3F3F3F3F3F3F3F3F3F3F3F3F3F3FA7
S2187EDF0C3F3F3F3F3F3F3F3F3F3F3F3F3F3F3F3F3F3F3F3F92
S2187EDF203F3F3F3F3F3F3F3F3F3F3F3F3F3F3F3F3F3F3F3F7E
S2187EDF343F3F3F3F3F3F3F3F3F3F3F3F3F3F3F3F3F3F3F3F6A
S2187EDF483F3F3F3F3F3F3F3F3F3F3F3F3F3F3F3F3F3F3F3F56
S2187EDF5C3F3F3F3F3F3F3F3F3F3F3F3F3F3F3F3F3F3F3F3F42
S2187EDF703F3F3F3F3F3F3F3F3F3F3F3F3F3F3F3F3F3F3F3F2E
S2187EDF843F3F3F3F3F3F3F3F3F3F3F3F3F3F3F3F3F3F3F3F1A
S2187EDF983F3F3F3F3F3F3F3F3F3F3F3F3F3F3F3F3F3F3F3F06
S2187EDFAC3F3F3F3F3F3F3F3F3F3F3F3F3F3F3F3F3F3F3F3FF2
S2187EDFC03F3F3F3F3F3F3F3F3F3F3F3F3F3F3F3F3F3F3F3FDE
S2187EDFD43F3F3F3F3F3F3F3F3F3F3F3F3F3F3F3F3F3F3F3FCA
S2187EDFE83F3F3F3F3F3F3F3F3F3F3F3F3F3F3F3F3F3F3F3FB6
S2187EDFFC3F3F3F3F3F3F3F3F3F3F3F3F3F3F3F3F3F3F3F3FA2
S2187EE0103F3F3F3F3F3F3F3F3F3F3F3F3F3F3F3F3F3F3F3F8D
S2187EE0243F3F3F3F3F3F3F3F3F3F3F3F3F3F3F3F3F3F3F3F79
S2187EE0383F3F3F3F3F3F3F3F3F3F3F3F3F3F3F3F3F3F3F3F65
S2187EE04C3F3F3F3F3F3F3F3F3F3F3F3F3F3F3F3F3F3F3F3F51
S2187EE0603F3F3F3F3F3F3F3F3F3F3F3F3F3F3F3F3F3F3F3F3D
S2187EE0743F3F3F3F3F3F3F3F3F3F3F3F3F3F3F3F3F3F3F3F29
S2187EE0883F3F3F3F3F3F3F3F3F3F3F3F3F3F3F3F3F3F3F3F15
S2187EE09C3F3F3F3F3F3F3F3F3F3F3F3F3F3F3F3F3F3F3F3F01
S2187EE0B03F3F3F3F3F3F3F3F3F3F3F3F3F3F3F3F3F3F3F3FED
S2187EE0C43F3F3F3F3F3F3F3F3F3F3F3F3F3F3F3F3F3F3F3FD9
S2187EE0D83F3F3F3F3F3F3F3F3F3F3F3F3F3F3F3F3F3F3F3FC5
S2187EE0EC3F3F3F3F3F3F3F3F3F3F3F3F3F3F3F3F3F3F3F3FB1
S2187EE1003F3F3F3F3F3F3F3F3F3F3F3F3F3F3F3F3F3F3F3F9C
S2187EE1143F3F3F3F3F3F3F3F3F3F3F3F3F3F3F3F3F3F3F3F88
S2187EE1283F3F3F3F3F3F3F3F3F3F3F3F3F3F3F3F3F3F3F3F74
S2187EE13C3F3F3F3F3F3F3F3F3F3F3F3F3F3F3F3F3F3F3F3F60
S2187EE1503F3F3F3F3F3F3F3F3F3F3F3F3F3F3F3F3F3F3F3F4C
S2187EE1643F3F3F3F3F3F3F3F3F3F3F3F3F3F3F3F3F3F3F3F38
S2187EE1783F3F3F3F3F3F3F3F3F3F3F3F3F3F3F3F3F3F3F3F24
S2187EE18C3F3F3F3F3F3F3F3F3F3F3F3F3F3F3F3F3F3F3F3F10
S2187EE1A03F3F3F3F3F3F3F3F3F3F3F3F3F3F3F3F3F3F3F3FFC
S2187EE1B43F3F3F3F3F3F3F3F3F3F3F3F3F3F3F3F3F3F3F3FE8
S2187EE1C83F3F3F3F3F3F3F3F3F3F3F3F3F3F3F3F3F3F3F3FD4
S2187EE1DC3F3F3F3F3F3F3F3F3F3F3F3F3F3F3F3F3F3F3F3FC0
S2187EE1F03F3F3F3F3F3F3F3F3F3F3F3F3F3F3F3F3F3F3F3FAC
S2187EE2043F3F3F3F3F3F3F3F3F3F3F3F3F3F3F3F3F3F3F3F97
S2187EE2183F3F3F3F3F3F3F3F3F3F3F3F3F3F3F3F3F3F3F3F83
S2187EE22C3F3F3F3F3F3F3F3F3F3F3F3F3F3F3F3F3F3F3F3F6F
S2187EE2403F3F3F3F3F3F3F3F3F3F3F3F3F3F3F3F3F3F3F3F5B
S2187EE2543F3F3F3F3F3F3F3F3F3F3F3F3F3F3F3F3F3F3F3F47
S2187EE2683F3F3F3F3F3F3F3F3F3F3F3F3F3F3F3F3F3F3F3F33
S2187EE27C3F3F3F3F3F3F3F3F3F3F3F3F3F3F3F3F3F3F3F3F1F
S2187EE2903F3F3F3F3F3F3F3F3F3F3F3F3F3F3F3F3F3F3F3F0B
S2187EE2A43F3F3F3F3F3F3F3F3F3F3F3F3F3F3F3F3F3F3F3FF7
S2187EE2B83F3F3F3F3F3F3F3F3F3F3F3F3F3F3F3F3F3F3F3FE3
S2187EE2CC3F3F3F3F3F3F3F3F3F3F3F3F3F3F3F3F3F3F3F3FCF
S2187EE2E03F3F3F3F3F3F3F3F3F3F3F3F3F3F3F3F3F3F3F3FBB
S2187EE2F43F3F3F3F3F3F3F3F3F3F3F3F3F3F3F3F3F3F3F3FA7
S2187EE3083F3F3F3F3F3F3F3F3F3F3F3F3F3F3F3F3F3F3F3F92
S2187EE31C3F3F3F3F3F3F3F3F3F3F3F3F3F3F3F3F3F3F3F3F7E
S2187EE3303F3F3F3F3F3F3F3F3F3F3F3F3F3F3F3F3F3F3F3F6A
S2187EE3443F3F3F3F3F3F3F3F3F3F3F3F3F3F3F3F3F3F3F3F56
S2187EE3583F3F3F3F3F3F3F3F3F3F3F3F3F3F3F3F3F3F3F3F42
S2187EE36C3F3F3F3F3F3F3F3F3F3F3F3F3F3F3F3F3F3F3F3F2E
S2187EE3803F3F3F3F3F3F3F3F3F3F3F3F3F3F3F3F3F3F3F3F1A
S2187EE3943F3F3F3F3F3F3F3F3F3F3F3F3F3F3F3F3F3F3F3F06
S2187EE3A83F3F3F3F3F3F3F3F3F3F3F3F3F3F3F3F3F3F3F3FF2
S2187EE3BC3F3F3F3F3F3F3F3F3F3F3F3F3F3F3F3F3F3F3F3FDE
S2187EE3D03F3F3F3F3F3F3F3F3F3F3F3F3F3F3F3F3F3F3F3FCA
S2187EE3E43F3F3F3F3F3F3F3F3F3F3F3F3F3F3F3F3F3F3F3FB6
S2187EE3F83F3F3F3F3F3F3F3F3F3F3F3F3F3F3F3F3F3F3F3FA2
S2187EE40C3F3F3F3F3F3F3F3F3F3F3F3F3F3F3F3F3F3F3F3F8D
S2187EE4203F3F3F3F3F3F3F3F3F3F3F3F3F3F3F3F3F3F3F3F79
S2187EE4343F3F3F3F3F3F3F3F3F3F3F3F3F3F3F3F3F3F3F3F65
S2187EE4483F3F3F3F3F3F3F3F3F3F3F3F3F3F3F3F3F3F3F3F51
S2187EE45C3F3F3F3F3F3F3F3F3F3F3F3F3F3F3F3F3F3F3F3F3D
S2187EE4703F3F3F3F3F3F3F3F3F3F3F3F3F3F3F3F3F3F3F3F29
S2187EE4843F3F3F3F3F3F3F3F3F3F3F3F3F3F3F3F3F3F3F3F15
S2187EE4983F3F3F3F3F3F3F3F3F3F3F3F3F3F3F3F3F3F3F3F01
S2187EE4AC3F3F3F3F3F3F3F3F3F3F3F3F3F3F3F3F3F3F3F3FED
S2187EE4C03F3F3F3F3F3F3F3F3F3F3F3F3F3F3F3F3F3F3F3FD9
S2187EE4D43F3F3F3F3F3F3F3F3F3F3F3F3F3F3F3F3F3F3F3FC5
S2187EE4E83F3F3F3F3F3F3F3F3F3F3F3F3F3F3F3F3F3F3F3FB1
S2187EE4FC3F3F3F3F3F3F3F3F3F3F3F3F3F3F3F3F3F3F3F3F9D
S2187EE5103F3F3F3F3F3F3F3F3F3F3F3F3F3F3F3F3F3F3F3F88
S2187EE5243F3F3F3F3F3F3F3F3F3F3F3F3F3F3F3F3F3F3F3F74
S2187EE5383F3F3F3F3F3F3F3F3F3F3F3F3F3F3F3F3F3F3F3F60
S2187EE54C3F3F3F3F3F3F3F3F3F3F3F3F3F3F3F3F3F3F3F3F4C
S2187EE5603F3F3F3F3F3F3F3F3F3F3F3F3F3F3F3F3F3F3F3F38
S2187EE5743F3F3F3F3F3F3F3F3F3F3F3F3F3F3F3F3F3F3F3F24
S2187EE5883F3F3F3F3F3F3F3F3F3F3F3F3F3F3F3F3F3F3F3F10
S2187EE59C3F3F3F3F3F3F3F3F3F3F3F3F3F3F3F3F3F3F3F3FFC
S2187EE5B03F3F3F3F3F3F3F3F3F3F3F3F3F3F3F3F3F3F3F3FE8
S2187EE5C43F3F3F3F3F3F3F3F3F3F3F3F3F3F3F3F3F3F3F3FD4
S2187EE5D83F3F3F3F3F3F3F3F3F3F3F3F3F3F3F3F3F3F3F3FC0
S2187EE5EC3F3F3F3F3F3F3F3F3F3F3F3F3F3F3F3F3F3F3F3FAC
S2187EE6003F3F3F3F3F3F3F3F3F3F3F3F3F3F3F3F3F3F3F3F97
S2187EE6143F3F3F3F3F3F3F3F3F3F3F3F3F3F3F3F3F3F3F3F83
S2187EE6283F3F3F3F3F3F3F3F3F3F3F3F3F3F3F3F3F3F3F3F6F
S2187EE63C3F3F3F3F3F3F3F3F3F3F3F3F3F3F3F3F3F3F3F3F5B
S2187EE6503F3F3F3F3F3F3F3F3F3F3F3F3F3F3F3F3F3F3F3F47
S2187EE6643F3F3F3F3F3F3F3F3F3F3F3F3F3F3F3F3F3F3F3F33
S2187EE6783F3F3F3F3F3F3F3F3F3F3F3F3F3F3F3F3F3F3F3F1F
S2187EE68C3F3F3F3F3F3F3F3F3F3F3F3F3F3F3F3F3F3F3F3F0B
S2187EE6A03F3F3F3F3F3F3F3F3F3F3F3F3F3F3F3F3F3F3F3FF7
S2187EE6B43F3F3F3F3F3F3F3F3F3F3F3F3F3F3F3F3F3F3F3FE3
S2187EE6C83F3F3F3F3F3F3F3F3F3F3F3F3F3F3F3F3F3F3F3FCF
S2187EE6DC3F3F3F3F3F3F3F3F3F3F3F3F3F3F3F3F3F3F3F3FBB
S2187EE6F03F3F3F3F3F3F3F3F3F3F3F3F3F3F3F3F3F3F3F3FA7
S2187EE7043F3F3F3F3F3F3F3F3F3F3F3F3F3F3F3F3F3F3F3F92
S2187EE7183F3F3F3F3F3F3F3F3F3F3F3F3F3F3F3F3F3F3F3F7E
S2187EE72C3F3F3F3F3F3F3F3F3F3F3F3F3F3F3F3F3F3F3F3F6A
S2187EE7403F3F3F3F3F3F3F3F3F3F3F3F3F3F3F3F3F3F3F3F56
S2187EE7543F3F3F3F3F3F3F3F3F3F3F3F3F3F3F3F3F3F3F3F42
S2187EE7683F3F3F3F3F3F3F3F3F3F3F3F3F3F3F3F3F3F3F3F2E
S2187EE77C3F3F3F3F3F3F3F3F3F3F3F3F3F3F3F3F3F3F3F3F1A
S2187EE7903F3F3F3F3F3F3F3F3F3F3F3F3F3F3F3F3F3F3F3F06
S2187EE7A43F3F3F3F3F3F3F3F3F3F3F3F3F3F3F3F3F3F3F3FF2
S2187EE7B83F3F3F3F3F3F3F3F3F3F3F3F3F3F3F3F3F3F3F3FDE
S2187EE7CC3F3F3F3F3F3F3F3F3F3F3F3F3F3F3F3F3F3F3F3FCA
S2187EE7E03F3F3F3F3F3F3F3F3F3F3F3F3F3F3F3F3F3F3F3FB6
S2187EE7F43F3F3F3F3F3F3F3F3F3F3F3F3F3F3F3F3F3F3F3FA2
S2187EE8083F3F3F3F3F3F3F3F3F3F3F3F3F3F3F3F3F3F3F3F8D
S2187EE81C3F3F3F3F3F3F3F3F3F3F3F3F3F3F3F3F3F3F3F3F79
S2187EE8303F3F3F3F3F3F3F3F3F3F3F3F3F3F3F3F3F3F3F3F65
S2187EE8443F3F3F3F3F3F3F3F3F3F3F3F3F3F3F3F3F3F3F3F51
S2187EE8583F3F3F3F3F3F3F3F3F3F3F3F3F3F3F3F3F3F3F3F3D
S2187EE86C3F3F3F3F3F3F3F3F3F3F3F3F3F3F3F3F3F3F3F3F29
S2187EE8803F3F3F3F3F3F3F3F3F3F3F3F3F3F3F3F3F3F3F3F15
S2187EE8943F3F3F3F3F3F3F3F3F3F3F3F3F3F3F3F3F3F3F3F01
S2187EE8A83F3F3F3F3F3F3F3F3F3F3F3F3F3F3F3F3F3F3F3FED
S2187EE8BC3F3F3F3F3F3F3F3F3F3F3F3F3F3F3F3F3F3F3F3FD9
S2187EE8D03F3F3F3F3F3F3F3F3F3F3F3F3F3F3F3F3F3F3F3FC5
S2187EE8E43F3F3F3F3F3F3F3F3F3F3F3F3F3F3F3F3F3F3F3FB1
S2187EE8F83F3F3F3F3F3F3F3F3F3F3F3F3F3F3F3F3F3F3F3F9D
S2187EE90C3F3F3F3F3F3F3F3F3F3F3F3F3F3F3F3F3F3F3F3F88
S2187EE9203F3F3F3F3F3F3F3F3F3F3F3F3F3F3F3F3F3F3F3F74
S2187EE9343F3F3F3F3F3F3F3F3F3F3F3F3F3F3F3F3F3F3F3F60
S2187EE9483F3F3F3F3F3F3F3F3F3F3F3F3F3F3F3F3F3F3F3F4C
S2187EE95C3F3F3F3F3F3F3F3F3F3F3F3F3F3F3F3F3F3F3F3F38
S2187EE9703F3F3F3F3F3F3F3F3F3F3F3F3F3F3F3F3F3F3F3F24
S2187EE9843F3F3F3F3F3F3F3F3F3F3F3F3F3F3F3F3F3F3F3F10
S2187EE9983F3F3F3F3F3F3F3F3F3F3F3F3F3F3F3F3F3F3F3FFC
S2187EE9AC3F3F3F3F3F3F3F3F3F3F3F3F3F3F3F3F3F3F3F3FE8
S2187EE9C03F3F3F3F3F3F3F3F3F3F3F3F3F3F3F3F3F3F3F3FD4
S2187EE9D43F3F3F3F3F3F3F3F3F3F3F3F3F3F3F3F3F3F3F3FC0
S2187EE9E83F3F3F3F3F3F3F3F3F3F3F3F3F3F3F3F3F3F3F3FAC
S2187EE9FC3F3F3F3F3F3F3F3F3F3F3F3F3F3F3F3F3F3F3F3F98
S2187EEA103F3F3F3F3F3F3F3F3F3F3F3F3F3F3F3F3F3F3F3F83
S2187EEA243F3F3F3F3F3F3F3F3F3F3F3F3F3F3F3F3F3F3F3F6F
S2187EEA383F3F3F3F3F3F3F3F3F3F3F3F3F3F3F3F3F3F3F3F5B
S2187EEA4C3F3F3F3F3F3F3F3F3F3F3F3F3F3F3F3F3F3F3F3F47
S2187EEA603F3F3F3F3F3F3F3F3F3F3F3F3F3F3F3F3F3F3F3F33
S2187EEA743F3F3F3F3F3F3F3F3F3F3F3F3F3F3F3F3F3F3F3F1F
S2187EEA883F3F3F3F3F3F3F3F3F3F3F3F3F3F3F3F3F3F3F3F0B
S2187EEA9C3F3F3F3F3F3F3F3F3F3F3F3F3F3F3F3F3F3F3F3FF7
S2187EEAB03F3F3F3F3F3F3F3F3F3F3F3F3F3F3F3F3F3F3F3FE3
S2187EEAC43F3F3F3F3F3F3F3F3F3F3F3F3F3F3F3F3F3F3F3FCF
S2187EEAD83F3F3F3F3F3F3F3F3F3F3F3F3F3F3F3F3F3F3F3FBB
S2187EEAEC3F3F3F3F3F3F3F3F3F3F3F3F3F3F3F3F3F3F3F3FA7
S2187EEB003F3F3F3F3F3F3F3F3F3F3F3F3F3F3F3F3F3F3F3F92
S2187EEB143F3F3F3F3F3F3F3F3F3F3F3F3F3F3F3F3F3F3F3F7E
S2187EEB283F3F3F3F3F3F3F3F3F3F3F3F3F3F3F3F3F3F3F3F6A
S2187EEB3C3F3F3F3F3F3F3F3F3F3F3F3F3F3F3F3F3F3F3F3F56
S2187EEB503F3F3F3F3F3F3F3F3F3F3F3F3F3F3F3F3F3F3F3F42
S2187EEB643F3F3F3F3F3F3F3F3F3F3F3F3F3F3F3F3F3F3F3F2E
S2187EEB783F3F3F3F3F3F3F3F3F3F3F3F3F3F3F3F3F3F3F3F1A
S2187EEB8C3F3F3F3F3F3F3F3F3F3F3F3F3F3F3F3F3F3F3F3F06
S2187EEBA03F3F3F3F3F3F3F3F3F3F3F3F3F3F3F3F3F3F3F3FF2
S2187EEBB43F3F3F3F3F3F3F3F3F3F3F3F3F3F3F3F3F3F3F3FDE
S2187EEBC83F3F3F3F3F3F3F3F3F3F3F3F3F3F3F3F3F3F3F3FCA
S2187EEBDC3F3F3F3F3F3F3F3F3F3F3F3F3F3F3F3F3F3F3F3FB6
S2187EEBF03F3F3F3F3F3F3F3F3F3F3F3F3F3F3F3F3F3F3F3FA2
S2187EEC043F3F3F3F3F3F3F3F3F3F3F3F3F3F3F3F3F3F3F3F8D
S2187EEC183F3F3F3F3F3F3F3F3F3F3F3F3F3F3F3F3F3F3F3F79
S2187EEC2C3F3F3F3F3F3F3F3F3F3F3F3F3F3F3F3F3F3F3F3F65
S2187EEC403F3F3F3F3F3F3F3F3F3F3F3F3F3F3F3F3F3F3F3F51
S2187EEC543F3F3F3F3F3F3F3F3F3F3F3F3F3F3F3F3F3F3F3F3D
S2187EEC683F3F3F3F3F3F3F3F3F3F3F3F3F3F3F3F3F3F3F3F29
S2187EEC7C3F3F3F3F3F3F3F3F3F3F3F3F3F3F3F3F3F3F3F3F15
S2187EEC903F3F3F3F3F3F3F3F3F3F3F3F3F3F3F3F3F3F3F3F01
S2187EECA43F3F3F3F3F3F3F3F3F3F3F3F3F3F3F3F3F3F3F3FED
S2187EECB83F3F3F3F3F3F3F3F3F3F3F3F3F3F3F3F3F3F3F3FD9
S2187EECCC3F3F3F3F3F3F3F3F3F3F3F3F3F3F3F3F3F3F3F3FC5
S2187EECE03F3F3F3F3F3F3F3F3F3F3F3F3F3F3F3F3F3F3F3FB1
S2187EECF43F3F3F3F3F3F3F3F3F3F3F3F3F3F3F3F3F3F3F3F9D
S2187EED083F3F3F3F3F3F3F3F3F3F3F3F3F3F3F3F3F3F3F3F88
S2187EED1C3F3F3F3F3F3F3F3F3F3F3F3F3F3F3F3F3F3F3F3F74
S2187EED303F3F3F3F3F3F3F3F3F3F3F3F3F3F3F3F3F3F3F3F60
S2187EED443F3F3F3F3F3F3F3F3F3F3F3F3F3F3F3F3F3F3F3F4C
S2187EED583F3F3F3F3F3F3F3F3F3F3F3F3F3F3F3F3F3F3F3F38
S2187EED6C3F3F3F3F3F3F3F3F3F3F3F3F3F3F3F3F3F3F3F3F24
S2187EED803F3F3F3F3F3F3F3F3F3F3F3F3F3F3F3F3F3F3F3F10
S2187EED943F3F3F3F3F3F3F3F3F3F3F3F3F3F3F3F3F3F3F3FFC
S2187EEDA83F3F3F3F3F3F3F3F3F3F3F3F3F3F3F3F3F3F3F3FE8
S2187EEDBC3F3F3F3F3F3F3F3F3F3F3F3F3F3F3F3F3F3F3F3FD4
S2187EEDD03F3F3F3F3F3F3F3F3F3F3F3F3F3F3F3F3F3F3F3FC0
S2187EEDE43F3F3F3F3F3F3F3F3F3F3F3F3F3F3F3F3F3F3F3FAC
S2187EEDF83F3F3F3F3F3F3F3F3F3F3F3F3F3F3F3F3F3F3F3F98
S2187EEE0C3F3F3F3F3F3F3F3F3F3F3F3F3F3F3F3F3F3F3F3F83
S2187EEE203F3F3F3F3F3F3F3F3F3F3F3F3F3F3F3F3F3F3F3F6F
S2187EEE343F3F3F3F3F3F3F3F3F3F3F3F3F3F3F3F3F3F3F3F5B
S2187EEE483F3F3F3F3F3F3F3F3F3F3F3F3F3F3F3F3F3F3F3F47
S2187EEE5C3F3F3F3F3F3F3F3F3F3F3F3F3F3F3F3F3F3F3F3F33
S2187EEE703F3F3F3F3F3F3F3F3F3F3F3F3F3F3F3F3F3F3F3F1F
S2187EEE843F3F3F3F3F3F3F3F3F3F3F3F3F3F3F3F3F3F3F3F0B
S2187EEE983F3F3F3F3F3F3F3F3F3F3F3F3F3F3F3F3F3F3F3FF7
S2187EEEAC3F3F3F3F3F3F3F3F3F3F3F3F3F3F3F3F3F3F3F3FE3
S2187EEEC03F3F3F3F3F3F3F3F3F3F3F3F3F3F3F3F3F3F3F3FCF
S2187EEED43F3F3F3F3F3F3F3F3F3F3F3F3F3F3F3F3F3F3F3FBB
S2187EEEE83F3F3F3F3F3F3F3F3F3F3F3F3F3F3F3F3F3F3F3FA7
S2187EEEFC3F3F3F3F3F3F3F3F3F3F3F3F3F3F3F3F3F3F3F3F93
S2187EEF103F3F3F3F3F3F3F3F3F3F3F3F3F3F3F3F3F3F3F3F7E
S2187EEF243F3F3F3F3F3F3F3F3F3F3F3F3F3F3F3F3F3F3F3F6A
S2187EEF383F3F3F3F3F3F3F3F3F3F3F3F3F3F3F3F3F3F3F3F56
S2187EEF4C3F3F3F3F3F3F3F3F3F3F3F3F3F3F3F3F3F3F3F3F42
S2187EEF603F3F3F3F3F3F3F3F3F3F3F3F3F3F3F3F3F3F3F3F2E
S2187EEF743F3F3F3F3F3F3F3F3F3F3F3F3F3F3F3F3F3F3F3F1A
S2187EEF883F3F3F3F3F3F3F3F3F3F3F3F3F3F3F3F3F3F3F3F06
S2187EEF9C3F3F3F3F3F3F3F3F3F3F3F3F3F3F3F3F3F3F3F3FF2
S2187EEFB03F3F3F3F3F3F3F3F3F3F3F3F3F3F3F3F3F3F3F3FDE
S2187EEFC43F3F3F3F3F3F3F3F3F3F3F3F3F3F3F3F3F3F3F3FCA
S2187EEFD83F3F3F3F3F3F3F3F3F3F3F3F3F3F3F3F3F3F3F3FB6
S2187EEFEC3F3F3F3F3F3F3F3F3F3F3F3F3F3F3F3F3F3F3F3FA2
S2187EF0003F3F3F3F3F3F3F3F3F3F3F3F3F3F3F3F3F3F3F3F8D
S2187EF0143F3F3F3F3F3F3F3F3F3F3F3F3F3F3F3F3F3F3F3F79
S2187EF0283F3F3F3F3F3F3F3F3F3F3F3F3F3F3F3F3F3F3F3F65
S2187EF03C3F3F3F3F3F3F3F3F3F3F3F3F3F3F3F3F3F3F3F3F51
S2187EF0503F3F3F3F3F3F3F3F3F3F3F3F3F3F3F3F3F3F3F3F3D
S2187EF0643F3F3F3F3F3F3F3F3F3F3F3F3F3F3F3F3F3F3F3F29
S2187EF0783F3F3F3F3F3F3F3F3F3F3F3F3F3F3F3F3F3F3F3F15
S2187EF08C3F3F3F3F3F3F3F3F3F3F3F3F3F3F3F3F3F3F3F3F01
S2187EF0A03F3F3F3F3F3F3F3F3F3F3F3F3F3F3F3F3F3F3F3FED
S2187EF0B43F3F3F3F3F3F3F3F3F3F3F3F3F3F3F3F3F3F3F3FD9
S2187EF0C83F3F3F3F3F3F3F3F3F3F3F3F3F3F3F3F3F3F3F3FC5
S2187EF0DC3F3F3F3F3F3F3F3F3F3F3F3F3F3F3F3F3F3F3F3FB1
S2187EF0F03F3F3F3F3F3F3F3F3F3F3F3F3F3F3F3F3F3F3F3F9D
S2187EF1043F3F3F3F3F3F3F3F3F3F3F3F3F3F3F3F3F3F3F3F88
S2187EF1183F3F3F3F3F3F3F3F3F3F3F3F3F3F3F3F3F3F3F3F74
S2187EF12C3F3F3F3F3F3F3F3F3F3F3F3F3F3F3F3F3F3F3F3F60
S2187EF1403F3F3F3F3F3F3F3F3F3F3F3F3F3F3F3F3F3F3F3F4C
S2187EF1543F3F3F3F3F3F3F3F3F3F3F3F3F3F3F3F3F3F3F3F38
S2187EF1683F3F3F3F3F3F3F3F3F3F3F3F3F3F3F3F3F3F3F3F24
S2187EF17C3F3F3F3F3F3F3F3F3F3F3F3F3F3F3F3F3F3F3F3F10
S2187EF1903F3F3F3F3F3F3F3F3F3F3F3F3F3F3F3F3F3F3F3FFC
S2187EF1A43F3F3F3F3F3F3F3F3F3F3F3F3F3F3F3F3F3F3F3FE8
S2187EF1B83F3F3F3F3F3F3F3F3F3F3F3F3F3F3F3F3F3F3F3FD4
S2187EF1CC3F3F3F3F3F3F3F3F3F3F3F3F3F3F3F3F3F3F3F3FC0
S2187EF1E03F3F3F3F3F3F3F3F3F3F3F3F3F3F3F3F3F3F3F3FAC
S2187EF1F43F3F3F3F3F3F3F3F3F3F3F3F3F3F3F3F3F3F3F3F98
S2187EF2083F3F3F3F3F3F3F3F3F3F3F3F3F3F3F3F3F3F3F3F83
S2187EF21C3F3F3F3F3F3F3F3F3F3F3F3F3F3F3F3F3F3F3F3F6F
S2187EF2303F3F3F3F3F3F3F3F3F3F3F3F3F3F3F3F3F3F3F3F5B
S2187EF2443F3F3F3F3F3F3F3F3F3F3F3F3F3F3F3F3F3F3F3F47
S2187EF2583F3F3F3F3F3F3F3F3F3F3F3F3F3F3F3F3F3F3F3F33
S2187EF26C3F3F3F3F3F3F3F3F3F3F3F3F3F3F3F3F3F3F3F3F1F
S2187EF2803F3F3F3F3F3F3F3F3F3F3F3F3F3F3F3F3F3F3F3F0B
S2187EF2943F3F3F3F3F3F3F3F3F3F3F3F3F3F3F3F3F3F3F3FF7
S2187EF2A83F3F3F3F3F3F3F3F3F3F3F3F3F3F3F3F3F3F3F3FE3
S2187EF2BC3F3F3F3F3F3F3F3F3F3F3F3F3F3F3F3F3F3F3F3FCF
S2187EF2D03F3F3F3F3F3F3F3F3F3F3F3F3F3F3F3F3F3F3F3FBB
S2187EF2E43F3F3F3F3F3F3F3F3F3F3F3F3F3F3F3F3F3F3F3FA7
S2187EF2F83F3F3F3F3F3F3F3F3F3F3F3F3F3F3F3F3F3F3F3F93
S2187EF30C3F3F3F3F3F3F3F3F3F3F3F3F3F3F3F3F3F3F3F3F7E
S2187EF3203F3F3F3F3F3F3F3F3F3F3F3F3F3F3F3F3F3F3F3F6A
S2187EF3343F3F3F3F3F3F3F3F3F3F3F3F3F3F3F3F3F3F3F3F56
S2187EF3483F3F3F3F3F3F3F3F3F3F3F3F3F3F3F3F3F3F3F3F42
S2187EF35C3F3F3F3F3F3F3F3F3F3F3F3F3F3F3F3F3F3F3F3F2E
S2187EF3703F3F3F3F3F3F3F3F3F3F3F3F3F3F3F3F3F3F3F3F1A
S2187EF3843F3F3F3F3F3F3F3F3F3F3F3F3F3F3F3F3F3F3F3F06
S2187EF3983F3F3F3F3F3F3F3F3F3F3F3F3F3F3F3F3F3F3F3FF2
S2187EF3AC3F3F3F3F3F3F3F3F3F3F3F3F3F3F3F3F3F3F3F3FDE
S2187EF3C03F3F3F3F3F3F3F3F3F3F3F3F3F3F3F3F3F3F3F3FCA
S2187EF3D43F3F3F3F3F3F3F3F3F3F3F3F3F3F3F3F3F3F3F3FB6
S2187EF3E83F3F3F3F3F3F3F3F3F3F3F3F3F3F3F3F3F3F3F3FA2
S2187EF3FC3F3F3F3F3F3F3F3F3F3F3F3F3F3F3F3F3F3F3F3F8E
S2187EF4103F3F3F3F3F3F3F3F3F3F3F3F3F3F3F3F3F3F3F3F79
S2187EF4243F3F3F3F3F3F3F3F3F3F3F3F3F3F3F3F3F3F3F3F65
S2187EF4383F3F3F3F3F3F3F3F3F3F3F3F3F3F3F3F3F3F3F3F51
S2187EF44C3F3F3F3F3F3F3F3F3F3F3F3F3F3F3F3F3F3F3F3F3D
S2187EF4603F3F3F3F3F3F3F3F3F3F3F3F3F3F3F3F3F3F3F3F29
S2187EF4743F3F3F3F3F3F3F3F3F3F3F3F3F3F3F3F3F3F3F3F15
S2187EF4883F3F3F3F3F3F3F3F3F3F3F3F3F3F3F3F3F3F3F3F01
S2187EF49C3F3F3F3F3F3F3F3F3F3F3F3F3F3F3F3F3F3F3F3FED
S2187EF4B03F3F3F3F3F3F3F3F3F3F3F3F3F3F3F3F3F3F3F3FD9
S2187EF4C43F3F3F3F3F3F3F3F3F3F3F3F3F3F3F3F3F3F3F3FC5
S2187EF4D83F3F3F3F3F3F3F3F3F3F3F3F3F3F3F3F3F3F3F3FB1
S2187EF4EC3F3F3F3F3F3F3F3F3F3F3F3F3F3F3F3F3F3F3F3F9D
S2187EF5003F3F3F3F3F3F3F3F3F3F3F3F3F3F3F3F3F3F3F3F88
S2187EF5143F3F3F3F3F3F3F3F3F3F3F3F3F3F3F3F3F3F3F3F74
S2187EF5283F3F3F3F3F3F3F3F3F3F3F3F3F3F3F3F3F3F3F3F60
S2187EF53C3F3F3F3F3F3F3F3F3F3F3F3F3F3F3F3F3F3F3F3F4C
S2187EF5503F3F3F3F3F3F3F3F3F3F3F3F3F3F3F3F3F3F3F3F38
S2187EF5643F3F3F3F3F3F3F3F3F3F3F3F3F3F3F3F3F3F3F3F24
S2187EF5783F3F3F3F3F3F3F3F3F3F3F3F3F3F3F3F3F3F3F3F10
S2187EF58C3F3F3F3F3F3F3F3F3F3F3F3F3F3F3F3F3F3F3F3FFC
S2187EF5A03F3F3F3F3F3F3F3F3F3F3F3F3F3F3F3F3F3F3F3FE8
S2187EF5B43F3F3F3F3F3F3F3F3F3F3F3F3F3F3F3F3F3F3F3FD4
S2187EF5C83F3F3F3F3F3F3F3F3F3F3F3F3F3F3F3F3F3F3F3FC0
S2187EF5DC3F3F3F3F3F3F3F3F3F3F3F3F3F3F3F3F3F3F3F3FAC
S2187EF5F03F3F3F3F3F3F3F3F3F3F3F3F3F3F3F3F3F3F3F3F98
S2187EF6043F3F3F3F3F3F3F3F3F3F3F3F3F3F3F3F3F3F3F3F83
S2187EF6183F3F3F3F3F3F3F3F3F3F3F3F3F3F3F3F3F3F3F3F6F
S2187EF62C3F3F3F3F3F3F3F3F3F3F3F3F3F3F3F3F3F3F3F3F5B
S2187EF6403F3F3F3F3F3F3F3F3F3F3F3F3F3F3F3F3F3F3F3F47
S2187EF6543F3F3F3F3F3F3F3F3F3F3F3F3F3F3F3F3F3F3F3F33
S2187EF6683F3F3F3F3F3F3F3F3F3F3F3F3F3F3F3F3F3F3F3F1F
S2187EF67C3F3F3F3F3F3F3F3F3F3F3F3F3F3F3F3F3F3F3F3F0B
S2187EF6903F3F3F3F3F3F3F3F3F3F3F3F3F3F3F3F3F3F3F3FF7
S2187EF6A43F3F3F3F3F3F3F3F3F3F3F3F3F3F3F3F3F3F3F3FE3
S2187EF6B83F3F3F3F3F3F3F3F3F3F3F3F3F3F3F3F3F3F3F3FCF
S2187EF6CC3F3F3F3F3F3F3F3F3F3F3F3F3F3F3F3F3F3F3F3FBB
S2187EF6E03F3F3F3F3F3F3F3F3F3F3F3F3F3F3F3F3F3F3F3FA7
S2187EF6F43F3F3F3F3F3F3F3F3F3F3F3F3F3F3F3F3F3F3F3F93
S2187EF7083F3F3F3F3F3F3F3F3F3F3F3F3F3F3F3F3F3F3F3F7E
S2187EF71C3F3F3F3F3F3F3F3F3F3F3F3F3F3F3F3F3F3F3F3F6A
S2187EF7303F3F3F3F3F3F3F3F3F3F3F3F3F3F3F3F3F3F3F3F56
S2187EF7443F3F3F3F3F3F3F3F3F3F3F3F3F3F3F3F3F3F3F3F42
S2187EF7583F3F3F3F3F3F3F3F3F3F3F3F3F3F3F3F3F3F3F3F2E
S2187EF76C3F3F3F3F3F3F3F3F3F3F3F3F3F3F3F3F3F3F3F3F1A
S2187EF7803F3F3F3F3F3F3F3F3F3F3F3F3F3F3F3F3F3F3F3F06
S2187EF7943F3F3F3F3F3F3F3F3F3F3F3F3F3F3F3F3F3F3F3FF2
S2187EF7A83F3F3F3F3F3F3F3F3F3F3F3F3F3F3F3F3F3F3F3FDE
S2187EF7BC3F3F3F3F3F3F3F3F3F3F3F3F3F3F3F3F3F3F3F3FCA
S2187EF7D03F3F3F3F3F3F3F3F3F3F3F3F3F3F3F3F3F3F3F3FB6
S2187EF7E43F3F3F3F3F3F3F3F3F3F3F3F3F3F3F3F3F3F3F3FA2
S2187EF7F83F3F3F3F3F3F3F3F3F3F3F3F3F3F3F3F3F3F3F3F8E
S2187EF80C3F3F3F3F3F3F3F3F3F3F3F3F3F3F3F3F3F3F3F3F79
S2187EF8203F3F3F3F3F3F3F3F3F3F3F3F3F3F3F3F3F3F3F3F65
S2187EF8343F3F3F3F3F3F3F3F3F3F3F3F3F3F3F3F3F3F3F3F51
S2187EF8483F3F3F3F3F3F3F3F3F3F3F3F3F3F3F3F3F3F3F3F3D
S2187EF85C3F3F3F3F3F3F3F3F3F3F3F3F3F3F3F3F3F3F3F3F29
S2187EF8703F3F3F3F3F3F3F3F3F3F3F3F3F3F3F3F3F3F3F3F15
S2187EF8843F3F3F3F3F3F3F3F3F3F3F3F3F3F3F3F3F3F3F3F01
S2187EF8983F3F3F3F3F3F3F3F3F3F3F3F3F3F3F3F3F3F3F3FED
S2187EF8AC3F3F3F3F3F3F3F3F3F3F3F3F3F3F3F3F3F3F3F3FD9
S2187EF8C03F3F3F3F3F3F3F3F3F3F3F3F3F3F3F3F3F3F3F3FC5
S2187EF8D43F3F3F3F3F3F3F3F3F3F3F3F3F3F3F3F3F3F3F3FB1
S2187EF8E83F3F3F3F3F3F3F3F3F3F3F3F3F3F3F3F3F3F3F3F9D
S2187EF8FC3F3F3F3F3F3F3F3F3F3F3F3F3F3F3F3F3F3F3F3F89
S2187EF9103F3F3F3F3F3F3F3F3F3F3F3F3F3F3F3F3F3F3F3F74
S2187EF9243F3F3F3F3F3F3F3F3F3F3F3F3F3F3F3F3F3F3F3F60
S2187EF9383F3F3F3F3F3F3F3F3F3F3F3F3F3F3F3F3F3F3F3F4C
S2187EF94C3F3F3F3F3F3F3F3F3F3F3F3F3F3F3F3F3F3F3F3F38
S2187EF9603F3F3F3F3F3F3F3F3F3F3F3F3F3F3F3F3F3F3F3F24
S2187EF9743F3F3F3F3F3F3F3F3F3F3F3F3F3F3F3F3F3F3F3F10
S2187EF9883F3F3F3F3F3F3F3F3F3F3F3F3F3F3F3F3F3F3F3FFC
S2187EF99C3F3F3F3F3F3F3F3F3F3F3F3F3F3F3F3F3F3F3F3FE8
S2187EF9B03F3F3F3F3F3F3F3F3F3F3F3F3F3F3F3F3F3F3F3FD4
S2187EF9C43F3F3F3F3F3F3F3F3F3F3F3F3F3F3F3F3F3F3F3FC0
S2187EF9D83F3F3F3F3F3F3F3F3F3F3F3F3F3F3F3F3F3F3F3FAC
S2187EF9EC3F3F3F3F3F3F3F3F3F3F3F3F3F3F3F3F3F3F3F3F98
S2187EFA003F3F3F3F3F3F3F3F3F3F3F3F3F3F3F3F3F3F3F3F83
S2187EFA143F3F3F3F3F3F3F3F3F3F3F3F3F3F3F3F3F3F3F3F6F
S2187EFA283F3F3F3F3F3F3F3F3F3F3F3F3F3F3F3F3F3F3F3F5B
S2187EFA3C3F3F3F3F3F3F3F3F3F3F3F3F3F3F3F3F3F3F3F3F47
S2187EFA503F3F3F3F3F3F3F3F3F3F3F3F3F3F3F3F3F3F3F3F33
S2187EFA643F3F3F3F3F3F3F3F3F3F3F3F3F3F3F3F3F3F3F3F1F
S2187EFA783F3F3F3F3F3F3F3F3F3F3F3F3F3F3F3F3F3F3F3F0B
S2187EFA8C3F3F3F3F3F3F3F3F3F3F3F3F3F3F3F3F3F3F3F3FF7
S2187EFAA03F3F3F3F3F3F3F3F3F3F3F3F3F3F3F3F3F3F3F3FE3
S2187EFAB43F3F3F3F3F3F3F3F3F3F3F3F3F3F3F3F3F3F3F3FCF
S2187EFAC83F3F3F3F3F3F3F3F3F3F3F3F3F3F3F3F3F3F3F3FBB
S2187EFADC3F3F3F3F3F3F3F3F3F3F3F3F3F3F3F3F3F3F3F3FA7
S2187EFAF03F3F3F3F3F3F3F3F3F3F3F3F3F3F3F3F3F3F3F3F93
S2187EFB043F3F3F3F3F3F3F3F3F3F3F3F3F3F3F3F3F3F3F3F7E
S2187EFB183F3F3F3F3F3F3F3F3F3F3F3F3F3F3F3F3F3F3F3F6A
S2187EFB2C3F3F3F3F3F3F3F3F3F3F3F3F3F3F3F3F3F3F3F3F56
S2187EFB403F3F3F3F3F3F3F3F3F3F3F3F3F3F3F3F3F3F3F3F42
S2187EFB543F3F3F3F3F3F3F3F3F3F3F3F3F3F3F3F3F3F3F3F2E
S2187EFB683F3F3F3F3F3F3F3F3F3F3F3F3F3F3F3F3F3F3F3F1A
S2187EFB7C3F3F3F3F3F3F3F3F3F3F3F3F3F3F3F3F3F3F3F3F06
S2187EFB903F3F3F3F3F3F3F3F3F3F3F3F3F3F3F3F3F3F3F3FF2
S2187EFBA43F3F3F3F3F3F3F3F3F3F3F3F3F3F3F3F3F3F3F3FDE
S2187EFBB83F3F3F3F3F3F3F3F3F3F3F3F3F3F3F3F3F3F3F3FCA
S2187EFBCC3F3F3F3F3F3F3F3F3F3F3F3F3F3F3F3F3F3F3F3FB6
S2187EFBE03F3F3F3F3F3F3F3F3F3F3F3F3F3F3F3F3F3F3F3FA2
S2187EFBF43F3F3F3F3F3F3F3F3F3F3F3F3F3F3F3F3F3F3F3F8E
S2187EFC083F3F3F3F3F3F3F3F3F3F3F3F3F3F3F3F3F3F3F3F79
S2187EFC1C3F3F3F3F3F3F3F3F3F3F3F3F3F3F3F3F3F3F3F3F65
S2187EFC303F3F3F3F3F3F3F3F3F3F3F3F3F3F3F3F3F3F3F3F51
S2187EFC443F3F3F3F3F3F3F3F3F3F3F3F3F3F3F3F3F3F3F3F3D
S2187EFC583F3F3F3F3F3F3F3F3F3F3F3F3F3F3F3F3F3F3F3F29
S2187EFC6C3F3F3F3F3F3F3F3F3F3F3F3F3F3F3F3F3F3F3F3F15
S2187EFC803F3F3F3F3F3F3F3F3F3F3F3F3F3F3F3F3F3F3F3F01
S2187EFC943F3F3F3F3F3F3F3F3F3F3F3F3F3F3F3F3F3F3F3FED
S2187EFCA83F3F3F3F3F3F3F3F3F3F3F3F3F3F3F3F3F3F3F3FD9
S2187EFCBC3F3F3F3F3F3F3F3F3F3F3F3F3F3F3F3F3F3F3F3FC5
S2187EFCD03F3F3F3F3F3F3F3F3F3F3F3F3F3F3F3F3F3F3F3FB1
S2187EFCE43F3F3F3F3F3F3F3F3F3F3F3F3F3F3F3F3F3F3F3F9D
S2187EFCF83F3F3F3F3F3F3F3F3F3F3F3F3F3F3F3F3F3F3F3F89
S2187EFD0C3F3F3F3F3F3F3F3F3F3F3F3F3F3F3F3F3F3F3F3F74
S2187EFD203F3F3F3F3F3F3F3F3F3F3F3F3F3F3F3F3F3F3F3F60
S2187EFD343F3F3F3F3F3F3F3F3F3F3F3F3F3F3F3F3F3F3F3F4C
S2187EFD483F3F3F3F3F3F3F3F3F3F3F3F3F3F3F3F3F3F3F3F38
S2187EFD5C3F3F3F3F3F3F3F3F3F3F3F3F3F3F3F3F3F3F3F3F24
S2187EFD703F3F3F3F3F3F3F3F3F3F3F3F3F3F3F3F3F3F3F3F10
S2187EFD843F3F3F3F3F3F3F3F3F3F3F3F3F3F3F3F3F3F3F3FFC
S2187EFD983F3F3F3F3F3F3F3F3F3F3F3F3F3F3F3F3F3F3F3FE8
S2187EFDAC3F3F3F3F3F3F3F3F3F3F3F3F3F3F3F3F3F3F3F3FD4
S2187EFDC03F3F3F3F3F3F3F3F3F3F3F3F3F3F3F3F3F3F3F3FC0
S2187EFDD43F3F3F3F3F3F3F3F3F3F3F3F3F3F3F3F3F3F3F3FAC
S2187EFDE83F3F3F3F3F3F3F3F3F3F3F3F3F3F3F3F3F3F3F3F98
S2187EFDFC3F3F3F3F3F3F3F3F3F3F3F3F3F3F3F3F3F3F3F3F84
S2187EFE103F3F3F3F3F3F3F3F3F3F3F3F3F3F3F3F3F3F3F3F6F
S2187EFE243F3F3F3F3F3F3F3F3F3F3F3F3F3F3F3F3F3F3F3F5B
S2187EFE383F3F3F3F3F3F3F3F3F3F3F3F3F3F3F3F3F3F3F3F47
S2187EFE4C3F3F3F3F3F3F3F3F3F3F3F3F3F3F3F3F3F3F3F3F33
S2187EFE603F3F3F3F3F3F3F3F3F3F3F3F3F3F3F3F3F3F3F3F1F
S2187EFE743F3F3F3F3F3F3F3F3F3F3F3F3F3F3F3F3F3F3F3F0B
S2187EFE883F3F3F3F3F3F3F3F3F3F3F3F3F3F3F3F3F3F3F3FF7
S2187EFE9C3F3F3F3F3F3F3F3F3F3F3F3F3F3F3F3F3F3F3F3FE3
S2187EFEB03F3F3F3F3F3F3F3F3F3F3F3F3F3F3F3F3F3F3F3FCF
S2187EFEC43F3F3F3F3F3F3F3F3F3F3F3F3F3F3F3F3F3F3F3FBB
S2187EFED83F3F3F3F3F3F3F3F3F3F3F3F3F3F3F3F3F3F3F3FA7
S2187EFEEC3F3F3F3F3F3F3F3F3F3F3F3F3F3F3F3F3F3F3F3F93
S2187EFF003F3F3F3F3F3F3F3F3F3F3F3F3F3F3F3F3F3F3F3F7E
S2187EFF143F3F3F3F3F3F3F3F3F3F3F3F3F3F3F3F3F3F3F3F6A
S2187EFF283F3F3F3F3F3F3F3F3F3F3F3F3F3F3F3F3F3F3F3F56
S2187EFF3C3F3F3F3F3F3F3F3F3F3F3F3F3F3F3F3F3F3F3F3F42
S2187EFF503F3F3F3F3F3F3F3F3F3F3F3F3F3F3F3F3F3F3F3F2E
S2187EFF643F3F3F3F3F3F3F3F3F3F3F3F3F3F3F3F3F3F3F3F1A
S2187EFF783F3F3F3F3F3F3F3F3F3F3F3F3F3F3F3F3F3F3F3F06
S2187EFF8C3F3F3F3F3F3F3F3F3F3F3F3F3F3F3F3F3F3F3F3FF2
S2187EFFA03F3F3F3F3F3F3F3F3F3F3F3F3F3F3F3F3F3F3F3FDE
S2187EFFB43F3F3F3F3F3F3F3F3F3F3F3F3F3F3F3F3F3F3F3FCA
S2187EFFC83F3F3F3F3F3F3F3F3F3F3F3F3F3F3F3F3F3F3F3FB6
S2187EFFDC3F3F3F3F3F3F3F3F3F3F3F3F3F3F3F3F3F3F3F3FA2
S2187EFFF03F3F3F3F3F3F3F3F3F3F3F3F3F3F3F3FFE400DFD42
S2187F0004400B270E35ED31EC3169700434FB310326F2FE40DE
S2187F00180FEC31270BED31180A30700434F920F10ACC018079
S2187F002C7B01277A012EC6707B0127480744C6D00733C6E00E
S2187F00407B01277A012F7B01277A012E7B0127072D7B012715
S2187F00547A012B7B01277A012A0712C6D07B0127487A012AE7
S2187F0068C6807B01277A012D0A7B01277A01297B01277A0100
S2187F007C283D7A012D7B01277A012C3DC737C606A68012B79F
S2187F00904518C76DE22BA569E22BA769E22BA46DE22BA2330F
S2187F00A452C11425E0792C1A0A37F62C1AC1142424C606B6BD
S2187F00B82C1A12B745E684876CE22BA5E6806BE22BA7E6855D
S2187F00CC6BE22BA4EC866CE22BA2722C1A320A1B9CC7876C8E
S2187F00E0816B836B80C6117C264AC77C264814104A8088FC48
S2187F00F4CC50664A8D1EFCC6014A8D6CFC4A8DF4FCCD000166
S2187F010835033516597A270BEE8119016D818E01F425E6ECE6
S2187F011C818C01F424064A8E01FC20044A8E08FCCC4F6D4A78
S2187F0130833DFCCC525B4A9A41FCCC4FC84A8523FCCC5104EF
S2187F01444A8E14FCCC53734A9BE5FCCC50004A888EFC4A958C
S2187F01582DFC4A8029FC10EF4AA0CDFC4AA28EFC20044A8AD7
S2187F016C94FC4AA2F5FCCD000516823C26F016824827EBC61A
S2187F01800D37C74A84C1FC32C74A8726FCC6044A8726FCC6E2
S2187F01946A16826AC61A16826AC66637C6014A84C1FC33C6D7
S2187F01A81C168260C6671682604A9BA8FC20044A97E1FC4AD1
S2187F01BC9525FC0451F54A951DFC6B8320091682574A9521AD
S2187F01D0FC6B80E680C1412704C14226ED4A8927FCCD000242
S2187F01E4075627E2E683E180272BCC50144A888EFC4AA2FC8D
S2187F01F8FC20044A8A94FC4AA352FCCD0005073426F1073C49
S2187F020C27ED4AA359FCCC50004A888EFC4AB1EDFCE680C181
S2187F02204126084AB207FC072E20F8C142260B4AB5ADFC07A8
S2187F02342220F818698120FB35B746C7873BB76416597A3DDF
S2187F02484A8927FCCD00023518C73516597A3D4A8A94FC4A3C
S2187F025C97E1FC3D37C6014A84C1FC1B813D37C74A84C1FC6E
S2187F02701B813D4A80DBFC0AC7877C264C7C26507C264E7CD8
S2187F028426547C26527C26587C26567C265A7C265C7B265E89
S2187F02987B265F7B26604A82B3FC4A82C4FC790346C6F97BCA
S2187F02AC03471C0340800A1D034301187903481C0341011CCA
S2187F02C00344010A1C034302CC9C3F7C034C1C0341021C03FD
S2187F02D444020A1C0342020A1D0342020A7C26507E264E0A79
S2187F02E8C6017B265E0A79265E0AFC2650FE264E0AFC2E4A45
S2187F02FC7C2658FC2E487C2656FD2658FE2656C60216595F7B
S2187F03107C26587E2656C6017B265F0AC614877C2658C77CF2
S2187F03242656527B265F0A79265FC7877C26547C26520AC663
S2187F0338017B26600A1BF1E70464071879266106849B7C26E0
S2187F034C61ECFBA3106C82698016849FE6006B81C4F85454D8
S2187F0360546B848759B74634EEEA403134EE82E606A6858429
S2187F03740737C6013616593A51EE8237E40037E683A6821653
S2187F0388593AEA806B00EEEA404FED86EC426CF01DEC446C58
S2187F039CF01FE681E4006B81E6F020A68216593AEA816B00E6
S2187F03B0E68CC1031B882742C104273EC105273AC1062736FE
S2187F03C4C1072732C10A272E59B745EDE2406DE680861F1272
S2187F03D8E382B745EC0F6CF011ECE0116CF013A6818407C600
S2187F03EC01361684B337E6F0161684A91B82E684C103273766
S2187F0400C1042733C105272FC106272BC1072727C10A2723E5
S2187F041459B745EDE2408B16849FECE0136C8DECE0156C8F74
S2187F04281684BA361684B337E6F01207741B82E684C10826D5
S2187F043C27C1092623C10C261F59B745EDE240A90751ECE0AB
S2187F0450176C89ECE0196C8B076036075637E68E07471B829C
S2187F0464E684C1082627C1092623C10C261F59B745EDE240F7
S2187F0478C70724ECE01B6C85ECE01D6C87073336072937E689
S2187F048C8A071A1B826280E680C1781825FEBA1BF0190AC626
S2187F04A01FA68212E384B7453DA68316593AEA826B403D168F
S2187F04B4593A51E4403DA6838407C6013D37E684C170242A93
S2187F04C8C4F85454548759B745EDE24F6FE684C40737C60148
S2187F04DCA68016593A51E44037E682A68116593AEA806B40C0
S2187F04F01B82320A6BAEC170250469812021C4F854545487BE
S2187F050459B745EDE24F6FE680C40737C601A68016593AE49B
S2187F051840321659426B81E681300A1B9B69847C2663C6FF2E
S2187F052C6BFBCAA6EEFBA12FA60084076AFBCA9CEEFBA123FF
S2187F0540A6028407C61012EAFBCA8D6BFBCA89EEFBA110E693
S2187F0554016BFBCA79EEFBA106E6036BFBCA71FE2663ED02D5
S2187F0568EC422610EC40260CE643C4015851E4FBCA64200B6A
S2187F057CED02E643C40158EAFBCA576BFBCA53FE2663ED02B3
S2187F0590EC462612EC44260EE647C40186101251E4FBCA3A37
S2187F05A4200DED02E647C401861012EAFBCA2B6BFBCA27FEDA
S2187F05B82663ED02EC4A042412EC48260EFE4FDE0C0040C61E
S2187F05CC01877C267B200AFE4FDE0D00401879267B18792667
S2187F05E079FE4FDE0C00016983E68387B745C615B75012FD09
S2187F05F42663E3446C81B746E6446B8018481848EC476CE27F
S2187F06082665EC496CE22667EC406CE2266DEC426CE2266FA1
S2187F061CECE813260FECE811260A1686E251E4FBC9A02007D7
S2187F06301686E2EAFBC9976BFBC993EE81EC0F260EEC0D26F0
S2187F06440A1686DB51E4FBC98320071686DBEAFBC97A6BFBF5
S2187F0658C976EE81E60CC101260BA68016593AEAFBC96F206B
S2187F066C07076C51E4FBC9666BFBC962E68059B745EDE24FB3
S2187F0680E0EE813BE60B6B40EE83ED051887C60416595FB76B
S2187F069446C60F16596CED833BE64B87B7463A165989B74649
S2187F06A8C60416596C30EDE24FF06B40C601A68016593AEAAC
S2187F06BC846B846283E683C1021825FF20E6846BFBC90DC65A
S2187F06D0017C2677C77C26751B850AC601A68206593AA68240
S2187F06E4448B04C60106593A3BC601A68516593AEAFBC8E4E4
S2187F06F86BFBC8E0FE4FDE0C0020E68559B745EDE24FE0E661
S2187F070C4087ED80133BC60FB7D635ED8216596C30EDE24FA4
S2187F0720F06B401B840A6BAD69826981C615A68112FE266375
S2187F0734E304B745E604E1802604C6016B826281E681C10214
S2187F07482404E68227DEE68227420743FA025A7B025AE681D5
S2187F075CB7465959B745EEE226632619B7645959B745EEE229
S2187F07702661260DA680C60116593A51F4025820050714FAC8
S2187F078402587B0258070C51E4FBC84C6BFBC8481B830AC673
S2187F079801A68206593A6CABC6016B84EEFB9EF109AE88255E
S2187F07AC54EC88E3808300016C8234ACB12246EC802742EE5C
S2187F07C088188403FFFD269918AB427E268D1D268E03EC8841
S2187F07D4B701874949CBFC7B2691EC828403E3427C268FEC8C
S2187F07E882B701874949CBFC7B2692EC807C2693F626916B73
S2187F07FCFB9EA66984E6841B850A6CABC6016B84FE26A10F84
S2187F08100080F90F0030022047EE80E6006B826983E6010714
S2187F0824466C00E68D6BFB9E76EC8C8C00602622EC8A261E37
S2187F0838C6806BFB9E63EE80A6026A826983E6030721188ADA
S2187F084C00026C00C6206BFB9E4DC6806BFB9E4569842006CD
S2187F0860C6306BFB9E3BE6841B850A87EA85AA846C84EE8A2B
S2187F08743DFC268D8C0C0025108608C77C268D722691F6266A
S2187F0888916BFB9E180A6CACCC03E86C82EE8027617E269931
S2187F089CCD01107D269B1803011626A318030113269D5187E3
S2187F08B07C26A518030114269F1803011526A1EC047C268565
S2187F08C4EC067C268704240EFC26852609E60B7B26A9E60D47
S2187F08D82007E60A7B26A9E60C7B26AAC60B6BFB9DB1FE2641
S2187F08EC9B0E008004EC8226F5186382EC822718C7877C2624
S2187F0900837C2681527C267FC77C267D7C268B7C26892010D8
S2187F0914C65A873B4236C737C6104A80ADFC1B841B840AFC66
S2187F0928267FFE267D0A6CADC6016B82EE88AEFB9D5F230BD1
S2187F093CCE005A34375837C6112058EE80270AECFB9D4AA3A2
S2187F095088AC80240CC65A873B42364836C613203EEC862684
S2187F09640CC65A873B42364836C612202EFC267F042405FC27
S2187F0978267D2729FC267F8C00022611FC267D260CC65A8716
S2187F098C3B42364836C621200AC65A873B42364836C6204A89
S2187F09A080ADFC1B840F81030220370F8903022031EC883B6E
S2187F09B4EC824A879EFC1B82046123EC867C2697C602877C37
S2187F09C82683C77C2681C6027C267FC77C267DC6057C268B3D
S2187F09DCC77C26896B82E6821B830A6CADC6016B82EE88AEA3
S2187F09F0FB9CA6230BCE005A34375837C6112058EE80270AF4
S2187F0A04ECFB9C91A388AC80240CC65A873B42364836C6130E
S2187F0A18203EEC86260CC65A873B42364836C612202EFC2624
S2187F0A2C7F042405FC267D2729FC267F8C00022611FC267D92
S2187F0A40260CC65A873B42364836C621200AC65A873B4236A9
S2187F0A544836C6204A80ADFC1B84EC883BEC824A879EFC1BF1
S2187F0A6882046123EC867C2695C602877C2683C77C2681C61F
S2187F0A7C027C267FC77C267DC6047C268BC77C26896B82E61D
S2187F0A90821B830A1B9BFC26838C00022603FC26812654FE77
S2187F0AA42689C7873B3BFC268B16597A2745CD00013503350A
S2187F0AB816597A273CCD0002168CD0275ECD0003168CD0183A
S2187F0ACC2700A3CD0004168CD0182700AACD0005168CD01840
S2187F0AE02700E4CD0006168CD018270118CD0007168CD01878
S2187F0AF427015C2061C640873BC73BFE268D344A8806FC1BC7
S2187F0B0886046108187926A7C602204B168CBB168D18265340
S2187F0B1CE6E0112739204CFC26A78C03E82237FE26A10E0032
S2187F0B304003068C39FC268DBC268F2508F62691F126922458
S2187F0B4418C601877C268BC77C2689FE268D1A047E268D167E
S2187F0B588CFF068CB8C603068C1B168CBB168D182605E6E0B1
S2187F0B6C112710068C4B168CC87C26A7168D102648E60E27DD
S2187F0B8042207BF626A987BC26932503FC26936C83EE8320E2
S2187F0B941CFD268DE6406BFB9AF7187326931872268D1872D5
S2187F0BA82695344A8875FC30090475E1FC269326A1168CC80A
S2187F0BBC168D102670E60E2737206AFE268D8E0C002507E61F
S2187F0BD0FB9AD204812AC660873BC73B34FC26974A8806FCCC
S2187F0BE41B86046108FE268D168CD8202A168CBB190EEC4145
S2187F0BF82604E60E27532031168CD82016FC26A78C03E8226A
S2187F0C0C32FE26A10F004025FC2693270CC605877C268BC7B7
S2187F0C207C2689202C168CC8168D102604E60E2720B7564BEB
S2187F0C34E3000E2018187226A72079077A168D182605E6E0E2
S2187F0C4811276DB7564BE300112065FC26936C8169802021D2
S2187F0C5CFE268DE600E1FB9A322705C6016B808F69801863F0
S2187F0C70811872268D187226974A8875FCEC812705E68004A1
S2187F0C8431D6E6802613168D102604E60E2706B7564BE300F9
S2187F0C980E075B2015FE269907762605E6E0112706B7564B5E
S2187F0CACE300110745527C2683C707321B850A0739527C261B
S2187F0CC083C70726FE26993D072C7C2683071B3D3518C7352B
S2187F0CD416597A3D1A047E268DFE26971A047E26970718C61A
S2187F0CE8063D7C2681527C267FC77C267D3DC7877C268B7C81
S2187F0CFC26893DFE26931A1C7E26934A8875FC187926A73D72
S2187F0D10FE2699190EEC413D19E011EC413D3BC63F877C2C1A
S2187F0D242BC6397C2C23C63C7C2C29C6377C2C1F527C2C2190
S2187F0D38C63A7C2C25527C2C27C6357C2C1D537C2C1BEE80F1
S2187F0D4C7E26ABE6FB9ED2C47FA60337C68012EA806BFB9E86
S2187F0D60C4C4FECA016BFB9EBC1B830A1B9637FE26ABEC0897
S2187F0D746C89C60CA68012E3896C89B745ED026D81EC046C52
S2187F0D8883E6FB9E94C47F868037E68512EA806BFB9E86EC60
S2187F0D9C848300011B812630EC81262CEC066C85EC086C873C
S2187F0DB0E60AA60B37E689C40136868012A68184076B81C6ED
S2187F0DC41012EA8132840F37AAB06AFB9E551B81E600C43FD7
S2187F0DD86BFB9E3FE601C43F6BFB9E39E6FB9E3DC4BFCA40D0
S2187F0DEC6BFB9E35C71B8B0AE6FB9E27C40854545487B7050E
S2187F0E000AC6806BFB9E1C0AC6016BFB9E1B69FB9E1920FEC1
S2187F0E141B9C7C26D579004079004DC6805B4679004A790076
S2187F0E284A6981068EBDC618A68112E3FB989E6C82B745E6B2
S2187F0E3C00586B80A60081032304C0086B80EC072604EC05C9
S2187F0E502709EC07042422EC05261EE600C103230DE604A6FE
S2187F0E648016593ADA4A5B4A200BE604A68016593ADA4B5BA0
S2187F0E784BE600CD0001165954B74EFA26DABA26D97C26D9ED
S2187F0E8C18FA26D77D26D7A600C60116593A3751F42C2D7BDF
S2187F0EA02C2DE6005959ED05B7456DE226B5ED83EC476CE2C0
S2187F0EB426B733DA4C5B4C6281E681FE26D5E1021825FF6601
S2187F0EC8C7877C26B37C26B1527C26AFC77C26AD1B840A3703
S2187F0EDC87B7465959B745EEE226B7042515B7645959B74598
S2187F0EF0EEE226B52609C601A68016593A5B4EC601A680164E
S2187F0F04593AFA2C2D7B2C2D320A7926F37926F47926F5C7DF
S2187F0F18873BCE26DB34C6144A89E7FC1B840AC650873BCE9D
S2187F0F2C26EF34C6044A89E7FC1B84FC26F1FE26EF4A82E1F2
S2187F0F40FC0AC7877C26F17C26EFC6503BCE26EF34C6044A25
S2187F0F54892EFC1B840441041C2C3E100A4A82F2FC7C26F17D
S2187F0F687E26EFC650873BCE26EF34C6044A892EFC1B840405
S2187F0F7C41041C2C3E100A4ABCA5FC0441041C2C3E100A4A1E
S2187F0F90B0F6FC0441041C2C3E100A4AA780FC0441041C2C40
S2187F0FA43E100AC6014AA0AAFC046118C6024AA0AAFC0461CC
S2187F0FB80FEE83E6004A9937FCC6017B26F420041C2C3E0817
S2187F0FCCC70AC6014AA0BBFC04610FC6024AA0BBFC0461060C
S2187F0FE04A993FFC20041C2C3E08C70AC70AEE83E600C1618E
S2187F0FF4223087165A80612C0008020A05186119C601201568
S2187F1008793F004A993BFC7B3F014A8E08FC2012C6028FC698
S2187F101C0487B7054A9943FC20041C2C3E02C6010A4A8E0876
S2187F1030FCC70A1B97EE8CE600B710C73BE60187EA81AAB14C
S2187F1044165A6C2200920500009067010091190300916710D2
S2187F1058009181200091E0210091EB220091F6EE8CF626E29F
S2187F106C6B02F626E36B03F626E46B04F626E56B05F626E630
S2187F10806B06F626E76B07F626E86B08F626E96B09F626EAFC
S2187F10946B0AF626EB6B0BF626EC6B0CF651076B0DF651083E
S2187F10A86B0EF651096B0FF6510A6BE010F6510B6BE011F61D
S2187F10BC510C6BE012F6510D6BE013F6510E6BE014F6510F26
S2187F10D06BE015F651106BE016F651116BE017F651126BE012
S2187F10E418F626DB6BE019F626DC6BE01AF626DD6BE01BF64F
S2187F10F826DE6BE01CF626DF6BE01DF626E06BE01EF626E130
S2187F110C6BE01FF626ED6BE020C62220664ABA4FFCEE8C6BCB
S2187F1120024ABA56FCEE8C6B03C62C4A84F4FC37C62E4A844E
S2187F1134F4FC6B89C62D4A84F4FC6B88C62F4A84F4FC6B87F6
S2187F114833EA882608EE8CC6016B042004EE8C6904E687EA2A
S2187F115C862604C601201869052016EE8CF626EF6B02F6269A
S2187F1170F06B03F626F16B04F626F26B05C606205D4AA194C7
S2187F1184FC6C82F6031C374AABD9FC6C81EE8DE6836B02E6AF
S2187F1198846B03336B06E6806B08E6816B09F626F3C142263D
S2187F11AC114AA270FC6C82F603206B854AABDDFC2006C78709
S2187F11C06C826B856C80EE8CE6826B04E6836B05E6856B07C6
S2187F11D4E6806B0AE6816B0BC60C2021EC8CC300024AB1D4AC
S2187F11E8FC2014EC8CC300024ABD37FC2009EC8CC300024A18
S2187F11FCA814FCCB026B8420041C2C3E02E6841B890A1B9870
S2187F121037EE8CE600B710C73BE60187EA81AA806986698506
S2187F122469846983698A69891869871B82165A6C220093A19D
S2187F1238000092540001928A030092D30301933720009361D1
S2187F124C21009375220093891693B92634EE8CE6027B26DB09
S2187F1260E6037B26DCE6047B26DDE6057B26DEE6067B26DF52
S2187F1274E6077B26E0E6087B26E1C71693AA0461030693A544
S2187F128820471693B9182600CAEE8CE6027B26E2E6037B268E
S2187F129CE3E6047B26E4E6057B26E5E6067B26E6E6077B26F6
S2187F12B0E7E6087B26E8E6097B26E9E60A7B26EAE60B7B26C2
S2187F12C4EBE60C7B26ECC71693AA0441D42062EE8CE602878A
S2187F12D8B705B781C7B7566D836C8118EA87EA86AA85EE8C37
S2187F12EC3BE603876C83C76C856D893AEA82AA816C85E60476
S2187F1300B710C76C83C7876C8118EA836D87E605876C83C7FC
S2187F13146C8118EA836D87EE857D26F17E26EFC6503BCE26FC
S2187F1328EF34C6044A892EFC1B840441702064F626F3261F17
S2187F133CEE8CE602C1412704C1422659E6027B26EDC7075A6A
S2187F1350046148F626ED7B26F3204A1C2C3E082044EE8C1ACB
S2187F13640234E682C0024AB191FC1B820441322026EE8C1A1B
S2187F13780234E682C0024ABCF5FC1B8204411E2012EE8C1AC0
S2187F138C0234E682C0024AA7D1FC1B8204410A1C2C3E102009
S2187F13A0041C2C3E02C6021B890A873BCE26DB34C6144A8941
S2187F13B42EFC1B843D4A994AFCCD000435B746C7873BB764CB
S2187F13C816597A3D36EE84E600C1AA2221D76B802510C1076C
S2187F13DC220C87165A6717293AA244556670E680C1551827A7
S2187F13F00081C1AA276A069484F626F3C14126104ABA62FC21
S2187F140416948C270F204FF626F3C14126194ABAA4FC077406
S2187F14182708203E4ABAE7FC076A270F2034F626F3C1422695
S2187F142C574ABB20FC075927532023F626F3C14226464ABB10
S2187F144060FC0748274220124ABBA5FC073E273820084ABB57
S2187F1454F2FC0734272E1C2C3E082028073426204ABC6BFCBE
S2187F14684AA746FCC6AA7B26F520150721260D4ABC88FC4A4F
S2187F147CA763FC7926F520041C2C3E02C601320ACD0001358C
S2187F1490033516597A3D4A994AFCCD000435B746C7873BB7FA
S2187F14A46416597A3D1B9C4ABA4FFC6C826E808C0003261B74
S2187F14B80465188C000426130465108C0009260B0465088C16
S2187F14CC000A2603044542CC50144A888EFC4AA2FCFC200436
S2187F14E04A8A94FC4AA352FCCD000535B746C7873BB7641617
S2187F14F4597A26E84A8927FCCD00023518C73516597A27D889
S2187F15084AA359FCCC50004A888EFC20041C2C3E08C71B8479
S2187F151C0AF626ED0AF626F30AF626F40AF626F50AFC26F8B2
S2187F1530042414FC26F6260FC6FF873B503736C74A80ADFC1C
S2187F15441B840A180326FE280E79281318792811CC13887C90
S2187F15582818CE00017E2816097E28147E28007E27FE7E287E
S2187F156C047E28027E28087E28067E280C7E280A087E26F8DB
S2187F1580097E26F679281A0A3BFE27FEC7873B3BFC2800160F
S2187F1594597A2738CD000135033516597A2742CD0002169685
S2187F15A88E2744CD000316968E274BCD000416968E2756CDE1
S2187F15BC000516968E18270081C7877C28007C27FE06968CDD
S2187F15D0FC280C042405FC280A27691696967B26FAC60120A4
S2187F15E4291696967B26FBC60220081696967B26FCC6038749
S2187F15F87C28000696821696967B26FDF626FA2703C6048F20
S2187F160CC60587202CF626FA87BC2811230D077AFE28116BC3
S2187F1620E226FE18722811F626FABC28112608C77C2811C6EE
S2187F1634052006244DC77C28117C2800C77C27FE2040074E45
S2187F16487B27FDF62813F126FB2707F626FBC1FE2624CC26E8
S2187F165CFA3B4A9881FC1B82F127FD260CC601877C2808C7BD
S2187F16707C280620091C2C3E08C74A98A9FC187928001879E9
S2187F168427FECC13887C28183A0A3518C73516597A3DEE8263
S2187F1698E6003DFE2802C7873B3BFC280416597A2730CD0076
S2187F16AC0135033516597A2744CD00021697D92750CD000348
S2187F16C01697D9275CCD00041697D918270092CD00051697E2
S2187F16D4D9182700C40AFC280C0424CFFC280A2676F626FB90
S2187F16E81697B6046107C6011697D02066C6012056F626FC7C
S2187F16FC1697B6046107C6021697D02052C6022042F626FD8D
S2187F17101697B6046107C6031697D0203EC603202EF626FAA1
S2187F1724C1012614F626FE1697B6046107C6051697D0207769
S2187F1738C604206F2313F626FE0773046107C6041697D02023
S2187F174C62C605205AF627FD076004610407662052C60620A9
S2187F17604AF626FA87830001BC28112316FE2811E6E226FF34
S2187F17740740046106187228112030C6072028261018792814
S2187F178811F627FD0728044108C60820161879281107262007
S2187F179C12F627FD0714046104071A2006C6094A9951FCCCF3
S2187F17B013887C28180A873BC6014BFBB9551B823DC7877CBF
S2187F17C428047C28027C280C7C280A3D877C2804C77C280284
S2187F17D83D3518C73516597A3D3B6981FC28182616CC1388C9
S2187F17EC7C2818C7877C28047C28027C28007C27FE2004188C
S2187F1800732818FC2808042476FC280626718F6281E681C178
S2187F181409240D8759B745F626FDE1E2513126EBE681C10986
S2187F18282444873B6B823A5959B745FC2816E4E25146A4E20C
S2187F183C5145B756FE281418A4EA5143B746C7873B3BB76421
S2187F185016597A2719FC280E3BC603A68212B746F626FA4B09
S2187F1864EB51161B827B281020051C2C3E01C74A98A9FCC789
S2187F1878877C28087C28063A0A6CAD6982C7200BEE80A6307D
S2187F188C6E80A8826A825287EE8637B746E600C300043BADAA
S2187F18A0B1332DE4E6821B830A37F626FBC1FE18270082F6E7
S2187F18B42C3E27421F2C3E0104C61120221F2C3E0204C612BB
S2187F18C820191F2C3E0404C62120101F2C3E0804C622200703
S2187F18DC1F2C3E1005C6877B26FFF626FD7B26FECC027F7B69
S2187F18F026FD7A26FA792C3E200DF626FDCB407B26FDE6806B
S2187F19047B26FAF626FC7B26FBF628137B26FCCC26FA3B4ABD
S2187F19189881FC7B27FDC601877C280CC77C280AF626FA6C8E
S2187F192C80C6014BFBB7E01B82320A7B28130AF628130A79B2
S2187F194028130A7C28167E28140AFC2816FE28140A7B281A11
S2187F19540A1B96373B169A39E6E228426B8A69838759B746F5
S2187F1968ECEA26006C886E80EEEA26046E8BECEA26086C841A
S2187F197CECEA260C6C86ED80E6EA2833C1012309169A2CC6B1
S2187F1990106B83200AE6EA2831169A2C0D8310169A39EEE239
S2187F19A42836260FB745EEE228342607EE840D00802005EEB1
S2187F19B8840C0080077BE6E2283B862012EE84A600849F37B0
S2187F19CCAAB06A00EE880C0002C626A68212B745EEE22823FE
S2187F19E0260DB745EEE2282126050D832020030C83200C83EB
S2187F19F480E68A0421050719C0088F0714C40FA68384F03708
S2187F1A08AAB06A83EE86E6836B001B8D0AC626A68412B745E1
S2187F1A1CE6E2283237C6093212B745E6E2286D3D585858A682
S2187F1A3000848737AAB06A003DC626A68412B7453D3B7C289B
S2187F1A441BEEFB8DD2E601C41FFE2608169B4CFD26006A0027
S2187F1A580C4080EEFB8DBCE603C41FFE260A169B4CFD2602DC
S2187F1A6C6A000C40806980C61EA68012FE281BE302B745C6BF
S2187F1A8026A68012ED0034B7456DE2281D31EC426CE2281FCB
S2187F1A94EC446CE22821EC466CE22823E6486BE22825EC492B
S2187F1AA86CE22826EC4B6CE22828E6E8106BE22831E6E811D2
S2187F1ABC6BE22832E6E8126BE22833ECE8136CE22834ECE8FE
S2187F1AD0156CE22836ECE8176CE22838ECE8196CE2283AC7C0
S2187F1AE4876CE2283E6CE2283CECE81B6CE22840E6E81D6B82
S2187F1AF8E228426280E680C1021825FF6E6981C609A6811263
S2187F1B0CFE281BB746E304B745E6006BEA2869EC016CEA28E9
S2187F1B206AEC036CEA286CEC056CEA286EEC076CEA287062CA
S2187F1B3481E681C11425CCCCFFFF7C291D50877C2921C77CFF
S2187F1B48291F3A0AA60084E037AAB03D3BC626A68512EE80CF
S2187F1B5CB7466EEA2840C7300A37E680862612B745E6E228EC
S2187F1B7042CD00016DE2283E036DE2283CCE291DA6806AE5D9
S2187F1B84B7014A9955FC320A6BABC626A68012B745ECE22875
S2187F1B983E6C83ECE2283C6C81EC83EE811B850AC60437C719
S2187F1BAC4A84C1FCC6056B80C6014A84C1FC33C606071CC626
S2187F1BC00837C74A84C1FC33C609070FC60A070BC601877C38
S2187F1BD42925C77C29230A37C6014A84C1FC1B813D6CAB79A0
S2187F1BE8292B79292C6982E682CE293A69E5CE294069E5CE1E
S2187F1BFC294C69E56282E682C10625E7EC807C292D69820640
S2187F1C109E00C689169E23EEE01B042510B745EEE019260944
S2187F1C24B745169E72C605200AC689169E23169E72C60416E5
S2187F1C38595F3B34865AC7CE0262165A516C83C689169E233E
S2187F1C4C169E5D169E7BE6E81C868012169E1A169E7BE6E8F3
S2187F1C6020862012169E56169E23169E2DEEEA5376EC8384BE
S2187F1C741FAA006A00C689169E23169E2DEEEA53786900C6CC
S2187F1C8889169E23169E2DEEEA5378E600EA846B00C68916BC
S2187F1C9C9E23169E3FB7E4169E26E6E828868012169E1A1695
S2187F1CB09E26E6E82C864012169E1A169E26E6E830862012A8
S2187F1CC4169E1A169E26E6E834861012169E1A169E26E6E8C0
S2187F1CD838585858169E1A169E26E6E83C5858169E1A169E50
S2187F1CEC26E6E84058169E1A34EEEA537AE60031EAE8446B95
S2187F1D0000C689169E23169E2DEEEA53860C0080C689169E04
S2187F1D1423169E3FB746169E4FE6E848868012EA006B00C6D8
S2187F1D2889169E23169E5D169E4FE6E84C58169E1A169E4F6C
S2187F1D3CE6E85058169E1A34EEEA538031E6E85458169E1A73
S2187F1D5034EEEA5380E60031EAE8586B00C689169E23169E96
S2187F1D642DEEEA53820D0080C689169E23169E3FB7E4169E18
S2187F1D7838E6E860864012169E1A169E38E6E86486201216DB
S2187F1D8C9E1A169E38E6E868861012169E1A169E38E6E86C49
S2187F1DA05858580775169E38E6E8705858076B169E48E6E811
S2187F1DB4748610120760169E48E6E8785858580755169E4872
S2187F1DC8E6E87C5858169E560751076BB7460770E6E880589B
S2187F1DDC07780743A603C60116593AFA292C7B292CE6034342
S2187F1DF0CD29346AEDE603CE294CA6826AE56282E682E1FB0F
S2187F1E048B271825FE0879293318792927C601877C29291B64
S2187F1E18850A073A0749071FB7E43D07423D34EEEA537A3184
S2187F1E2C3DE603CE0016B75012B7463D34EEEA5382313DE68C
S2187F1E4003CD0016B760123D34EEEA5386313D34EEEA537E8E
S2187F1E54313DEA006B00C6893DE60337C6163212B7463DA687
S2187F1E688612FE292DE301B7453DEEE021B746EDE8233D3484
S2187F1E7CEEEA5376313D6BAEC601A6BF16593A6B80F4292B9E
S2187F1E902705426A82203CE680FA292B7B292BC616A681126C
S2187F1EA4B745EDE253860D4080C616A68112B745EDE2537A88
S2187F1EB80F401006EDE253886940C616A68112B745EDE253A7
S2187F1ECC8AE6876B406982E68187B745A6E2294C6B8036C623
S2187F1EE0893212FE292DE301B745EEE05B042515B745EEE038
S2187F1EF459260EC616A68012B745EDE253820C4080E6821BC6
S2187F1F08830A6CAB34C7876C846B8616A014EDE253860D407B
S2187F1F1C80C616A68312B745EDE2537A0F40100CEDE25388E9
S2187F1F30E640C48087596C8416A014EDE2538AE64087EA854D
S2187F1F44AA846C84EDE253840F400F600F4008030C84021681
S2187F1F58A014EDE253840F4004030C840416A014EDE253843D
S2187F1F6C0F4002030C840816A014EDE253840F4002030C849D
S2187F1F801016A014EDE253860C4080C616A68312B745EDE299
S2187F1F94537C0F4002060C84200C40020772EDE2537C0F402B
S2187F1FA801060C84400C4001E6856B86EC82EE807E292F7CF3
S2187F1FBC2931E6830742B745E6E0182714C601A68316593AD3
S2187F1FD0F4293327081A86B7544AA01CFCE6830723B746C3FA
S2187F1FE40084B745EE012605E6E88427101A86B7543BE685F1
S2187F1FF8070AB7463A4BEB00841B870ACE294CA6E536C68950
S2187F200C3212FE292DE3013DC616A68512B7453D1B973BFC48
S2187F2020292FFE29316E896C876986205D07658759591AE67D
S2187F2034E607876C84C76C82EE80E6003BE6874A9E82FC1B7E
S2187F20488204213CCE294CE685E6E5868912FE292DE301CE7D
S2187F205C2940B746E685E6E5E685E6E587E3E887ED803BE6B3
S2187F207040316B40E68562E5E6E586FF16594AA6856BE4CEB9
S2187F2084293463E462860708E1E018259C1B8B0AE68CCE2976
S2187F20984CA6E536C6893212FE292DE301B745E6883D37C634
S2187F20AC01A68016593AFA29337B2933C7320A37C601A68078
S2187F20C016593A51F429337B2933C7320AC7877C29547C2978
S2187F20D452527C2958C77C29567C295C7C295A7C295E7C2969
S2187F20E8627C2960527C2966C77C29647C296A7C29687C290B
S2187F20FC6C7C29707C296E527C2974C77C29727C29787C29AD
S2187F2110767C297A4A8EDBFCC6014A8EDBFCC6044A8EDBFC04
S2187F2124C6054A8EDBFC0A37C6214A84F4FC877C2958C77CFC
S2187F21382956FE29542614FE2952260FE680260BC6017C292A
S2187F214C54C77C29522035FC295404242FFC2952262AE68097
S2187F2160042125FC2958042412FC2956260DC7877C295C07E2
S2187F2174151873295E200DC601877C295CC707061872295E4B
S2187F2188320A7C295A7C29547C29523DFC295E0A37C6234A60
S2187F219C84F4FC877C2966C77C2964FE29622616FE29602663
S2187F21B011E680C102260BC6017C2962C77C29602036FC2917
S2187F21C462042430FC2960262BE680C1032625FC29660424CB
S2187F21D812FC2964260DC7877C296A07151873296C200DC615
S2187F21EC01877C296AC707061872296C320A7C29687C296281
S2187F22007C29603D37C6254A84F4FC877C2974C77C2972FEA8
S2187F221429702616FE296E2611E680C104260BC6017C297059
S2187F2228C77C296E2036FC2970042430FC296E262BE680C1F6
S2187F223C052625FC2974042412FC2972260DC7877C297807AB
S2187F2250151873297A200DC601877C2978C707061872297A1A
S2187F2264320A7C29767C29707C296E3DFC297A0AC7877C298A
S2187F22785E7C296C7C297A0AC605877C295E0AC605877C29E0
S2187F228C7A0AFE297CC7873B3BFC297E16597A2721CD00012D
S2187F22A035033516597A271ECD00020740271FCD000307399F
S2187F22B42720CD0004073227210A4A8F0EFCC601201E4A8F2E
S2187F22C827FCC60220164ABC5AFCC603200E4AB0E4FCC60466
S2187F22DC20064AA734FCC605877C297EC77C297C0A3518C7A8
S2187F22F03516597A3DFC297EFE297C0AFC2646FE2644CD000E
S2187F23040135033516597A2716CD000207382717CD0003078A
S2187F2318312718CD0004072A27190A4A8F42FCC60220164A12
S2187F232C8F83FCC603200E4A8F8FFCC60420064A8F9BFCC68A
S2187F234005877C2646C77C26440A3518C73516597A3DFC2649
S2187F235446FE26440AC602877C2646C77C26440A1B996986A8
S2187F2368C7876C826C804ABA4FFC6C826E804AA194FC6C841F
S2187F237C8C03E82E058CFC182C05722A692053EC828C0003D9
S2187F23902604EC80270BEC828C000A260BEC802607FC2A6E8B
S2187F23A4AC842F26EC828C00042604EC802714EC828C00094A
S2187F23B82604EC802709EC82042413EC80260FFC2A6EAC84B9
S2187F23CC2D087C2A6C792A692003722A69EC847C2A6EF62A5A
S2187F23E069C1052307C6016B86792A69E6861B870A1B996913
S2187F23F486C7876C826C804ABA4FFC6C826E804AA194FC6C91
S2187F2408848C03E82E058CFC182C05722A692053EC828C00CB
S2187F241C032604EC80270BEC828C000A260BEC802607FC2A69
S2187F24306EAC842F26EC828C00042604EC802714EC828C0058
S2187F2444092604EC802709EC82042413EC80260FFC2A6EACA7
S2187F2458842D087C2A6C792A692003722A69EC847C2A6EF673
S2187F246C2A69C1052304C6016B864AA270FC6C848C03E82EB3
S2187F2480058CFC182C05722A6B2053EC828C00032604EC80E1
S2187F2494270BEC828C000A260BEC802607FC2A74AC842F2691
S2187F24A8EC828C00042604EC802714EC828C00092604EC8034
S2187F24BC2709EC82042413EC80260FFC2A74AC842D087C2A69
S2187F24D072792A6B2003722A6BEC847C2A74F62A6BC10523CC
S2187F24E406C6016B862005E686042109792A69792A6A792A27
S2187F24F86BE6861B870A1B956988C7876C806C846C824ABA0C
S2187F250C4FFC6C846E82FE2A026E898C00042644EC8226401D
S2187F2520FC2A70B32A6CB745FC29CEB329CC3BAEB12D08FCE2
S2187F25342A6CBC29CC2F0AC609876C802010186280EE80189D
S2187F254848FC2A6CACE229BC2EF0EE801848ECE229D0E3E236
S2187F255C29E4203BFC2A6CB32A70BC29802C05186980201FCA
S2187F2570FC2A6CBC29902F0AC609876C802010186280EE80B9
S2187F25841848FC2A6CACE229802EF0EE801848ECE22994E33C
S2187F2598E229A86C86EC89AC86230E722A66F62A66C10523BD
S2187F25AC07C6016B88792A66E6881B8B0A1B95698AC7876C52
S2187F25C0806C846C824ABA4FFC6C846E82FE2A026E888C004A
S2187F25D4042631EC82262DFC2A70B32A6C16A7082D08FC2A54
S2187F25E86CBC29CC2F0816A72E2010186280EE801848FC2AFE
S2187F25FC6CACE229BC2EF016A7142030FC2A6CB32A70BC2965
S2187F2610802C05186980201DFC2A6CBC29902F0816A72E20FA
S2187F262410186280EE801848FC2A6CACE229802EF016A72181
S2187F26386C86EC88AC86231DF62A668759B745ED886DE22AE2
S2187F264C0C722A66F62A66C1142309C6016B8A2003792A6679
S2187F2660186980FC2A0A6C88EC848C00042630EC82262CFCAB
S2187F26742A76B32A7216A7082D08FC2A72BC29CC2F0816A7A8
S2187F26882E2010186280EE801848FC2A72ACE229BC2EF00764
S2187F269C77202EFC2A72B32A76BC29802C05186980201CFC27
S2187F26B02A72BC29902F0707752010186280EE801848FC2AB1
S2187F26C472ACE229802EF007546C86EC88AC86231DF62A68FC
S2187F26D88759B745ED886DE22A36722A68F62A68C1142309DD
S2187F26ECC6016B8A2008792A68E68A042109792A66792A67B6
S2187F2700792A68E68A1B8B0AB745FC29CEB329CC3BAEB13DA8
S2187F2714EE821848ECE229D0E3E229E43DEE821848ECE229C0
S2187F272894E3E229A83DC609876C823DCC01403BCE2980343E
S2187F273CC678874A89E7FC1B840A4A9521FCC1412608CD29BF
S2187F275080CE53FA2006CD2980CE5472C67887165A5F0A4A3E
S2187F27649521FCC1412608CD2980CE54EA2006CD2980CE55BA
S2187F277862C67887165A5F0A3B4A9521FC6B81C1412704C1B8
S2187F278C422608C1412614200A20104A951DFCC1412608CDBA
S2187F27A02980CE54EA2006CD2980CE5562C67887165A5FCE69
S2187F27B4014034CD298035C6784A892EFC1B84044105C60182
S2187F27C86B808F6980E680300A6BACCC29806C82E680C1785D
S2187F27DC262DEE82C7200C8737E388B746E6406B303352E162
S2187F27F08025F0CC01403BCE298034C678874A892EFC1B8468
S2187F280404610469812004C6016B81E6811B840ACE29803457
S2187F2818B745C7ED80A6406A3018628052C17825F2C678306E
S2187F282C0AC7877C2A607C2A627C2A647B2A667B2A677B2AE8
S2187F2840687B2A697B2A6A7B2A6B7C2A6C7C2A707C2A6E7CB3
S2187F28542A727C2A767C2A7437CC29F84A9B54FCC6016B800F
S2187F2868CC2A004A9B54FC320A1B97C7876C866C846C826C35
S2187F287C804A9B65FCC716A9A626FAC6014A9B65FCC60116C8
S2187F2890A9A626F94ABA4FFC6C826E808C000326030445090D
S2187F28A48C0004261DEC8026194A8B4DFBC1142311C60F160D
S2187F28B8A9B94A8B51FB4ABC38FC4A8337FCEC828C000326A8
S2187F28CC04EC80272AEC828C00042604EC80271FEC828C00DF
S2187F28E0092604EC802714EC828C000A2604EC802709EC824E
S2187F28F4042435EC8026314AA364FC042105C60816A9B94A25
S2187F29089529FCC1AA271DFC2A6CBC2A6E261118722A60FCA1
S2187F291C2A608C02582309C60A16A9B918792A60EC828C002A
S2187F2930032604EC80270BEC828C0004260FEC80260B4AA486
S2187F2944FEFC042104C609076CEC828C00032604EC80270BD1
S2187F2958EC828C0004260FEC80260B4ABBA1FC042104C60C7A
S2187F296C074BC62C4A84F4FC6B88C62E4A84F4FCEA8827048F
S2187F2980C60B0735EC862604EC842713C74A8726FC4AA19433
S2187F2994FC7C2A6C7C2A704A82EEFCEC86EE841B890A4A9B5A
S2187F29A88CFCCD000335B746C7873BB76416597A3D876C88C8
S2187F29BCC76C863D1B94C7876C866C84526B8B6B8AC76C82BC
S2187F29D06C804A9B65FCC716AB9C26FAC6014A9B65FCC60125
S2187F29E416AB9C26F94ABA4FFC6C826E808C000326030445B3
S2187F29F8098C0004261DEC8026194A8B4DFBC1142311C60FC5
S2187F2A0C16ABAF4A8B51FB4ABC38FC4A8337FCEC828C00036A
S2187F2A202604EC80272AEC828C00042604EC80271FEC828C63
S2187F2A3400092604EC802714EC828C000A2604EC802709EC7A
S2187F2A4882042499EC8026464AA3F1FC042105C60816ABAF99
S2187F2A5CEC82042437EC80263316ABB604216EE68A04216948
S2187F2A70E6892665E6882661FC2A6CBC2A6E260618722A60B9
S2187F2A84200418792A60FC2A72BC2A74264F18722A64204D8F
S2187F2A984A9529FCC1AA2724FC2A6CBC2A6E260618722A60C6
S2187F2AAC200418792A60FC2A72BC2A74260618722A642004F9
S2187F2AC018792A64FC2A608C02582319FC2A648C0258231113
S2187F2AD4C60A16ABAFC7877C2A607C2A6218792A64EC828CB5
S2187F2AE800032604EC80270BEC828C00042610EC80260C4A6F
S2187F2AFCA5B9FC042105C60916ABAFEC828C00032604EC80EC
S2187F2B10270BEC828C00042610EC80260C4ABBA1FC0421055D
S2187F2B24C60C16ABAFC62C4A84F4FC6B8BC62E4A84F4FC6B14
S2187F2B388A077BEA8A2615E689042110E68804210BEC820496
S2187F2B4C241CEC8026182012E68B04210DE68A042108E68926
S2187F2B602604E6882704C60B0745EC862604EC842723C74A96
S2187F2B748726FC4AA194FC7C2A6C7C2A70C6044A8726FC4A76
S2187F2B88A270FC7C2A727C2A764A82EEFCEC86EE841B8C0A28
S2187F2B9C4A9B8CFCCD000335B746C7873BB76416597A3D87E1
S2187F2BB06C88C76C863DC62D4A84F4FC6B8BC62F4A84F4FC49
S2187F2BC46B8AE68D3DFC2A6C0AFC2A720AFC2A700AFC2A765A
S2187F2BD80AFC2A020AFC2A0A0AC7877C2A6C7C2A707C2A6E65
S2187F2BEC7C2A727C2A767C2A740A4AA280FCC605877C2A6C2D
S2187F2C007C2A6E0A4AA287FCC605877C2A727C2A740A4AA136
S2187F2C1494FC7C2A6C7C2A704AA270FC7C2A727C2A760AC713
S2187F2C28877C2A7A7C2A78C6047C2A7EC77C2A7C7B2A807BD8
S2187F2C3C2A817B2A827B2A837B2A847B2A857B2A867B2A875C
S2187F2C507C2A8A7C2A887C2A8E7C2A8C7B2A907B2A917B2A18
S2187F2C6492527B2A937A2A9CFD2E3D7D2A96CC0FFC13CEC35C
S2187F2C785034B745C7873BB754B765165A517C2A967E2A945B
S2187F2C8CC7877C2A987C2A9A0AFC2A8A042416FC2A88261107
S2187F2CA0073BC6027C2A7AC77C2A784A82D7FC201BFC2A8A03
S2187F2CB48C00022623FC2A88261E071D527C2A7AC77C2A7844
S2187F2CC8C60C0724C7877C2A8A7C2A88C66A0718C61A071481
S2187F2CDC0AC60D37C6014A84C1FC32C7877C2A7E7C2A7C3DF7
S2187F2CF037C6014A84C1FC1B813D1B96C7876C826C804AAB1C
S2187F2D04C9FC6C884AABD1FC6C864AA871FC6C826E80F62A6F
S2187F2D1880042155EC82262E04652B4AABD9FC6C84EC86A304
S2187F2D2C888C00052C0BFC2A9A270618732A9A206FFC2A9638
S2187F2D40AC84226816AE32C60416AE43201A16AE32EC827C60
S2187F2D542A7EEE807E2A7C8C000B2603044505C78716AE3C51
S2187F2D68792A8018792A9A2057FC2A7E8C00042651FC2A7C97
S2187F2D7C264CFC2A8A04242AFC2A882625C7877C2A7E7C2A3A
S2187F2D907CC6027C2A7AC77C2A787C2A8A7C2A884A82D7FC65
S2187F2DA44AA274FC4AABE1FC201AFC2A8A8C00022603FC2AA2
S2187F2DB8882674C60916AE43077A7C2A8A7C2A882065EC82B9
S2187F2DCC26440465414AAC12FCC66B37C6014A84C1FC32F675
S2187F2DE02E4387B705B746C60F16595FCD00643518C7351677
S2187F2DF45A51B745C737B7544A86ECFC324A82E8FCC6017BBB
S2187F2E082A80CC01F47C2A9A201D8C000B2604EC80271407DB
S2187F2E1C1518792A9AEC827C2A7EEC807C2A7CC787070D1B17
S2187F2E308A0AC74A8726FC4A82EEFC3D7C2A7A7C2A783D87C7
S2187F2E447C2A7EC77C2A7C3D1BF1EAC7876C846C82F62E4323
S2187F2E58B705B746C60F16595FCD00643518C735165A516CDF
S2187F2E6C8016B0CC4AABD1FC6CF0144AABD5FC6CF0124AA963
S2187F2E80C0FC6C846E82F62A8004010306AFBAEC8418260158
S2187F2E94020465FF4AABD9FC6CF0104AABDDFC6C8EECF0144E
S2187F2EA8A3888C00052D0AECF012A38C8C00052C0BFC2A9AFA
S2187F2EBC270618732A9A2027FC2A96ACF0102209C6017B2ABC
S2187F2ED081C716B0C3C6017B2A82FC2A96AC8E220AC6017B47
S2187F2EE42A83C60416B0C3F62A812609F62A82042179F62A26
S2187F2EF883267416B0CCAC882C2CEC88A38C6C8ABC2E412320
S2187F2F0C0516B076205DFC2E3FAC8A244916B0AB2504EC805D
S2187F2F206C86EC80A386B745C60420272034A3886C8ABC2E26
S2187F2F3441230516B0762033FC2E3FAC8A241F16B0AB250491
S2187F2F48EC806C86EC80A386B745C737B7544A86ECFC1B81A5
S2187F2F5C18722A98200D18792A98C716B0A1C60416B0A1F6BC
S2187F2F702A810421FDF62A820421F7F62A830421F1C60416A5
S2187F2F84B0BA16B0D9792A80792A81792A82792A83201D16C7
S2187F2F98B097EC847C2A7EEE827E2A7C8C000B260304450524
S2187F2FACC78716B08E792A8018792A9A205EFC2A7E8C0004C1
S2187F2FC02658FC2A7C2653FC2A8A04242DFC2A882628C78791
S2187F2FD47C2A7E7C2A7CC6027C2A7AC77C2A787B2A877C2A80
S2187F2FE88A7C2A884A82D7FC4AA274FC4AABE1FC2078FC2A0E
S2187F2FFC8A8C00022603FC2A88266BC60916B0BA7C2A7A7CD2
S2187F30102A787C2A8A7C2A882058EC8426370465344AAC123E
S2187F3024FCC66B37C6014A84C1FC33C7076F4A82E8FCC61B5D
S2187F303837C6014A84C1FC33C604075D4A82E8FCC6017B2AFA
S2187F304C80CC01F47C2A9A201D8C000B2604EC822714073786
S2187F306018792A9AEC847C2A7EEC827C2A7CC787071C1BF0E3
S2187F3074160A4A82DCFC071BC60D073A070C792A80C7877CCA
S2187F30882A9A7C2A983D7C2A7A7C2A7807433DC74A8726FCF2
S2187F309CC60407233D37EC834A86ECFC1B813DF62E4787B78B
S2187F30B046FC2A98136C88AC823D877C2A7EC77C2A7C3D4AF7
S2187F30C48726FC4A82EEFC3D4AABC9FC6C8A4AABCDFC6C8E70
S2187F30D83DC60C37C74A84C1FC1B813DCC01C03BCE2E3D34BA
S2187F30ECC610874A89E7FC1B840A3B4A9521FC6B81C1412744
S2187F310004C1422606C141263920084A951DFCC141262FFC30
S2187F311455E87C2E4BFC55E67C2E49FC55E47C2E47FC55E26E
S2187F31287C2E45FC55E07C2E43FC55DE7C2E41FC55DC7C2E11
S2187F313C3FFC55DA202DFC55F87C2E4BFC55F67C2E49FC557B
S2187F3150F47C2E47FC55F27C2E45FC55F07C2E43FC55EE7CE7
S2187F31642E41FC55EC7C2E3FFC55EA7C2E3DCC01C03BCE2E58
S2187F31783D34C610874A892EFC1B84044105C6016B808F6961
S2187F318C80E680300A6BACCC2E3D6C82E680C110262DEE8255
S2187F31A0C7200C8737E388B746E6406B303352E18025F0CCF6
S2187F31B401C03BCE2E3D34C610874A892EFC1B84046104694F
S2187F31C8812004C6016B81E6811B840ACE2E3D34B745C7EDEA
S2187F31DC80A6406A3018628052C11025F2C610300AC60C370E
S2187F31F0C74A84C1FC324AAC27FC4AA82DFC4ABD50FC4A8270
S2187F320478FC0A1B91C7876C806C826C866C84FE2A78C78710
S2187F32183B3BFC2A7A16597A2763CD000135033516597A274A
S2187F322C5ECD000216B563275CCD000316B5632762CD0004D4
S2187F324016B56318270104CD000516B563182701CECD0006A3
S2187F325416B563182701D2CD000716B56318270207CD000883
S2187F326816B58E18270231CD000916B56318270278CD000A6F
S2187F327C16B58E182702A320554AAC95FC204F4AACFAFC2006
S2187F329049F62A9326444A8F61FCC60106B42816B58716B544
S2187F32A47A16B5A52733CD000816B563274DCD000916B563D3
S2187F32B82749CD000A16B563275FCD000B16B5632761CD0028
S2187F32CC0C16B5632766CD000F16B563276406B560F62A9241
S2187F32E026074ABDB6FC06B3974A8000FB6C8A6E880474E611
S2187F32F426E4C60616B56BC605204AC60820204AABC9FCFE3B
S2187F33082E4534ACB12C09C60916B56BC6022007C60916B566
S2187F331C6BC6092028C60A16B5A016B599201EC60B16B56BB3
S2187F3330C60816B57206B405792A84C60C8FC60F16B5A0C7AC
S2187F33447C2A7CC602206716B58716B57A16B5A52738CD004D
S2187F33580816B5632756CD000916B5632757CD000A16B563A3
S2187F336C2772CD000B16B56318270083CD000C16B563182722
S2187F33800089CD000F16B56318270085207BF62A92260B4A96
S2187F3394BE95FCC6017B2A92206B4A8411FB6C8A6E8804649B
S2187F33A860265EC60416B56BC6062068C60816B56BC6072064
S2187F33BC5F4AABC9FC6C8D4A8B55FBB32E45AC8D2C09C609DF
S2187F33D016B56BC6022007C60916B56BC60A203C4AABC9FC55
S2187F33E48C00052F09C60A16B56BC6072007C60416B56BC6C8
S2187F33F8062021C60B16B56BC60816B5724A82F9FC20777913
S2187F340C2A84C60C8FC60F16B5A0C77C2A7CC60206B559799B
S2187F34202A92C6028716B5727B2A932071792A92FC2A8A041A
S2187F3434241AFC2A882615C60716B56BC60216B5727B2A9399
S2187F34487C2A8A7C2A88204EFC2A8A8C00022603FC2A8826E5
S2187F345C4116B5875216B5727C2A8A7C2A882032792A92F6DB
S2187F34702A862610F62A85042103792A85C6017B2A86206B6C
S2187F3484F62A85042165F62A902660C6028716B5727C2A7E9B
S2187F34987C2A7C7B2A86204F792A92F62A91042115C74A8728
S2187F34AC26FCC60B16B56BC60216B5724A82EEFC202AC62C68
S2187F34C04A84F4FC6B8CC62E4A84F4FCEA8C261FFC2A8E049A
S2187F34D42408FC2A8C2603C6038FC6048716B5724AAC12FC6F
S2187F34E84A832BFC792A91206F792A9216B57ACD00080767D8
S2187F34FC2709CD000A07602705200DC6088FC60A16B5A016C3
S2187F3510B59920454A883AFB6C866E848C0002263F04653CED
S2187F35242030792A92074FCD000807332709CD000A072C27C4
S2187F353805200BC6088FC60A075E075520134A89DBFB6C860F
S2187F354C6E848C0002260D04650AC602877C2A7AC77C2A786D
S2187F35601B8F0A3518C73516597A3D0733C77C2A7C3D7C2AAA
S2187F35747AC77C2A783D4AA871FC6E826C84EE82EC843DC700
S2187F358807167C2A7C3D35C7873BFC2A7A16597A3DC77C2A3E
S2187F359C7CC6073D877C2A7E3D18C7353516597A3D1BF1E8C6
S2187F35B069886987698A6989698E698D18698BFE2A78C787D6
S2187F35C43B3BFC2A7A16597A2763CD000135033516597A279B
S2187F35D85ECD000216B9C7275CCD000316B9C72764CD000453
S2187F35EC16B9C718270156CD000516B9C71827025ECD000641
S2187F360016B9C71827025BCD000716B9C718270261CD00081F
S2187F361416BA091827027BCD000916B9C718270306CD000AFE
S2187F362816BA091827034720734AAC95FC206D4AAE4CFC20A1
S2187F363C67F62A93267C4A8F61FCC6017B2A932071C716BADD
S2187F3650147C2A7C16B9F116BA3D273ACD000816B9C727717B
S2187F3664CD000916B9C7276DCD000A16B9C7182700AACD00AB
S2187F36780B16B9C7182700ACCD000C16B9C7182700A6CD000D
S2187F368C0F16B9C7182700A22079F62A92260B4ABE01FCC6D9
S2187F36A0017B2A9220784A80ADFB6CF0116E8F04640E260C3E
S2187F36B4C60616B9D7C60516B9CF205E8C00022602EC8F26CE
S2187F36C87EC60D16B9D7C60716B9CF2072C608204916B9FE72
S2187F36DC6CF014FC2E456CF0164A8B55FB83000A6C85EC83F3
S2187F36F0ACF0162D10EEF014AEF0162D08AC852E04AE852FB3
S2187F37040CC60916B9D7C60816B9CF2036C60916B9D7C609A6
S2187F371816B9CF16BA192070C60A16BA1416BA38C607201445
S2187F372CC60B2008792A84C60C8FC60F16BA1416BA38C608F5
S2187F37407C2A7AC77C2A782071C716BA147C2A7C16B9F116B8
S2187F3754BA3D273ACD000816B9C72771CD000916B9C727727D
S2187F3768CD000A16B9C71827009DCD000B16B9C7182700C211
S2187F377CCD000C16B9C7182700BCCD000F16B9C7182700B8E2
S2187F3790207BF62A92260B4ABED6FCC6017B2A92206B4A84F2
S2187F37A4C1FB6CF0116E8F04640E260CC60716B9D7C606166A
S2187F37B8B9CF206C8C00022602EC8F2677C60D16B9D7C60751
S2187F37CC16B9CF206BC60816B9D7C607207816B9FE6CF01426
S2187F37E04A8B55FBB32E456C85AC832D07ECF014AC852F0C56
S2187F37F4C60916B9D7C60816B9CF2059C60916B9D7C60A1688
S2187F3808B9CF16BA19207116B9FEEE838E00052E058C000591
S2187F381C2F0CC60A16B9D7C60716B9CF206AC60A16B9D7C632
S2187F38300616B9CF4AA274FC4AABE1FC2056C60B2008792A1C
S2187F384484C60C8FC60F16BA1416BA38C6087C2A7AC77C2AEB
S2187F3858782039792A92C6062005792A92C60716BA1416BA2B
S2187F386C38C60806B9A716BA24260BC6088716B9CF16B9DC95
S2187F3880207AF62A9C267516BA45860C36C74A84C1FC1B81F4
S2187F38942066792A92F62A90265EC62C4A84F4FC6BF013C6C9
S2187F38A82E4A84F4FC6B82C62D4A84F4FC6B81C62F4A84F45B
S2187F38BCFC6B80E6F01304210FE68204210AE681042105E662
S2187F38D0800411C0E6F013EA822623E68104211EE680042138
S2187F38E419FC2A7E8C00062605FC2A7C270CC6038716B9CF0F
S2187F38F85216BA2C2064E6F0130421BFE6820421BAE68126C5
S2187F390C02E6802671FC2A7E8C00072605FC2A7C2764C604CB
S2187F39208716B9CFC60216BA2C205716BA24260BC60887161F
S2187F3934B9CF16B9DC2047F62A9C264216B9F1CD0008077F22
S2187F39482709CD000A077827052011C6088FC60A16BA1416DD
S2187F395CBA38C607076D205F4A88CDFB6C8D6E8B8C000226E1
S2187F39705204654F204A16BA242609C60887074F075A203FBD
S2187F3984F62A9C263A0766CD000807372709CD000A073027AA
S2187F3998052015C6088FC60A077216BA38C6077C2A7AC77C7F
S2187F39AC2A7820134A8A5EFB6C8D6E8B8C0002260604650369
S2187F39C016BA451BF0180A3518C73516597A3D7C2A7AC77C5B
S2187F39D42A783D073B075D3DC60C37C6014A84C1FC324A833F
S2187F39E82BFC792A91792A9C3D4AA9C0FC6E896C8BEE89EC70
S2187F39FC8B3D4AABC9FC6C854AABCDFC3D35C7873BFC2A7A67
S2187F3A1016597A3D877C2A7E3DC60C37C74A84C1FC1B813DDC
S2187F3A24792A92F62A91533D7C2A8EC77C2A8C4AAC12FC3D26
S2187F3A38C77C2A7C3D18C7353516597A3D4A831CFCC6017B3A
S2187F3A4C2A9C3DFC2A7AFE2A780AC6017B2A85FC2A7EFE2AD8
S2187F3A607C0A1B9CFC2A7A8C00022629FC2A782624C60187DE
S2187F3A746C82C76C80F62A90261FC6037C2A7AC77C2A785204
S2187F3A887C2A8EC77C2A8C4AAC12FC2008C602876C82C76CDD
S2187F3A9C80EC82EE801B840A1B9CFC2A7A8C0002262AFC2A32
S2187F3AB0782625C601876C82C76C80F62A902620C6047C2A66
S2187F3AC47AC77C2A78C6027C2A8EC77C2A8C4AAC12FC2008EA
S2187F3AD8C602876C82C76C80EC82EE801B840A1B9CFC2A7A8A
S2187F3AEC8C00032605FC2A78270DFC2A7A8C00042613FC2A27
S2187F3B0078260EC601876C82C76C80527B2A842008C60287A0
S2187F3B146C82C76C80EC82EE801B840A1B9CFC2A7A8C00020E
S2187F3B282627FC2A782622C601876C82C76C80527B2A87C69F
S2187F3B3C0C37C6014A84C1FC32C608877C2A7AC77C2A7820B0
S2187F3B5008C602876C82C76C80EC82EE801B840A1B9CFC2A83
S2187F3B647A8C00082628FC2A782623C601876C82C76C807B1C
S2187F3B782A87C60C37C74A84C1FC32C602877C2A7AC77C2A9B
S2187F3B8C787B2A932008C602876C82C76C80EC82EE801B845E
S2187F3BA00AF62A840A1B9CFC2A7A2605FC2A782718FC2A7AD6
S2187F3BB48C00062605FC2A78270BFC2A7A04241FFC2A782641
S2187F3BC81AC601876C82C76C80527C2A8AC77C2A884AA27485
S2187F3BDCFC4AABE1FC2008C602876C82C76C80EC82EE801B74
S2187F3BF0840A1B9CFC2A7A2605FC2A782718FC2A7A8C00061E
S2187F3C042605FC2A78270BFC2A7A042418FC2A782613C601AF
S2187F3C18876C82C76C80C6027C2A8AC77C2A882008C6028788
S2187F3C2C6C82C76C80EC82EE801B840ACC0C017B2A9036C7CF
S2187F3C404A84C1FC320A792A90C60C37C6014A84C1FC320A5B
S2187F3C54C6017B2A910AC660873BCE2A9D34C6C84A89E7FCDC
S2187F3C681B840A4A9521FCC1412608CD2A9DCE55FA2006CD4B
S2187F3C7C2A9DCE56C2C6C887165A5F0A4A9521FCC1412608E9
S2187F3C90CD2A9DCE578A2006CD2A9DCE5852C6C887165A5F43
S2187F3CA40A3B4A9521FC6B81C1412704C1422608C1412614C1
S2187F3CB8200A20104A951DFCC1412608CD2A9DCE578A200689
S2187F3CCCCD2A9DCE5852C6C887165A5FC6603BCE2A9D34C680
S2187F3CE0C84A892EFC1B84044105C6016B808F6980E68030DE
S2187F3CF40A6BACCC2A9D6C82E680C1C8262CEE82C7200C876B
S2187F3D0837E388B746E6406B303352E18025F0C660873BCE12
S2187F3D1C2A9D34C6C84A892EFC1B8404610469812004C601AC
S2187F3D306B81E6811B840ACE2A9D34B745C7ED80A6406A3086
S2187F3D4418628052C1C825F2C6C8300A792B65C7877C2B66CF
S2187F3D587B2B687B2B697C2B6A7C2B6E7C2B6C7C2B727C2BBD
S2187F3D6C707C2B767C2B747C2B7A7C2B787C2B7E7C2B7C7C13
S2187F3D802B827C2B807C2B847C2B867C2B887C2B8A7C2B8CEC
S2187F3D947C2B907C2B8E7B2B927C2B937C2B957C2B977C2B98
S2187F3DA8997C2B9B7C2B9F7C2B9D7B2BA10AC7877C2B6E7CEE
S2187F3DBC2B6CC66B6BADC74A84C1FC324AABC9FC7C2B84FC2A
S2187F3DD02AAF6C807C2B863BFE2B84AEB12C2018AB80184734
S2187F3DE47E2B8CFE2B847E2B88A3807C2B8AC601877C2B6E7D
S2187F3DF8C77C2B6C722B653A0AC7877C2B6E7C2B6C7C2B7284
S2187F3E0C7C2B707C2B767C2B74C66B6BADC74A84C1FC324AB8
S2187F3E20ABC9FC7C2B84FC2AAF6C807C2B863BFE2B84AEB13A
S2187F3E342C2018AB8018477E2B8CFE2B847E2B88A3807C2B2B
S2187F3E488AC601877C2B6EC77C2B6C722B65C61B37C74A846C
S2187F3E5CC1FC324AABCDFC7C2B93FC2AAF6C807C2B953BFEB1
S2187F3E702B93AEB12C1D18AB8018477E2B9BFE2B937E2B9772
S2187F3E84A3807C2B99C601877C2B76C77C2B743A0AC7877CE8
S2187F3E982B6E7C2B6CC66B6BADC6014A84C1FC324AABC9FC5F
S2187F3EAC6C807C2B8418792B868C00002F1A47567C2B8CFC84
S2187F3EC02B13A3807C2B88C601877C2B6EC77C2B6C722B659B
S2187F3ED43A0A3BC7877C2B6E7C2B6C7C2B727C2B707C2B7614
S2187F3EE87C2B74C66B075B4AABC9FC6C807C2B8418792B8681
S2187F3EFC8C00002F1A47567C2B8CFC2B13A3807C2B88C60136
S2187F3F10877C2B6EC77C2B6C722B65C61B072B4AABCDFC6C64
S2187F3F24807C2B9318792B958C00002F1747567C2B9BFC2B22
S2187F3F3813A3807C2B97C601877C2B76C77C2B743A0A37C6EF
S2187F3F4C014A84C1FC1B813D3F3F3F3F3F3F3F3F3F3F3F3F84
S2187F3F603F3F3F3F3F3F3F3F3F3F3F3F3F3F3F3F3F3F3F3FDD
S2187F3F743F3F3F3F3F3F3F3F3F3F3F3F3F3F3F3F3F3F3F3FC9
S2187F3F883F3F3F3F3F3F3F3F3F3F3F3F3F3F3F3F3F3F3F3FB5
S2187F3F9C3F3F3F3F3F3F3F3F3F3F3F3F3F3F3F3F3F3F3F3FA1
S2187F3FB03F3F3F3F3F3F3F3F3F3F3F3F3F3F3F3F3F3F3F3F8D
S2187F3FC43F3F3F3F3F3F3F3F3F3F3F3F3F3F3F3F3F3F3F3F79
S2187F3FD83F3F3F3F3F3F3F3F3F3F3F3F3F3F3F3F3F3F3F3F65
S2187F3FEC3F3F3F3F3F3F3F3F3F3F3F3F3F3F3F3F3F3F3F3F51
S2187F4000CF26004A8000FC4A8273FC0001401160FB26000857
S2187F40144D00000000000000000000000000000000000000C7
S2187F4028000000000000000000027102780279000000010097
S2187F403C0400050008026002680032025002580248024002A3
S2187F405073027A027B000200030006000700090262026A0081
S2187F4064330252025A024A02420277027E027F0270027002F1
S2187F407870027002700264026C02700254025C024C024402CC
S2187F408C75027C027D027002700270027002700263026B021C
S2187F40A0700253025B024B0243027002700270027002700298
S2187F40B470027002700266026E02700270025E02700270021E
S2187F40C87002700270027002700270027002700265026D02FA
S2187F40DC700270025D02700270000500000000000000000022
S2187F40F0000000000000000000000000000000000000000038
S2187F410401050000000000000000000000000000000000001D
S2187F4118000000000000000000000002050000000000000008
S2187F412C0000000000000000000000000000000000000000FB
S2187F41400000030500000000000000000000000000000000DF
S2187F41540000000000000000000000000004050000000000CA
S2187F41680000000000000000000000000000000000000000BF
S2187F417C0000000005050000000000000000000000000000A1
S2187F419000000000000000000000000000000006050000008C
S2187F41A4000000000000000000000000000000000000000083
S2187F41B8000000000000070500000000000000000000000063
S2187F41CC00000000000000000000000000000000000805004E
S2187F41E0000000000000000000000000000000000000000047
S2187F41F4000000000000000009050000000000000000000025
S2187F4208000000000000000000000000000000000000000A14
S2187F421C050000000000000000000000000000000000000005
S2187F4230000000000000000000000B050000000000000000E6
S2187F42440000000000000000000000000000000000000000E2
S2187F4258000C050000000000000000000000000000000000BD
S2187F426C0000000000000000000000000D05000000000000A8
S2187F42800000000000000000000000000000000000000000A6
S2187F42940000000E050000000000000000000000000000007F
S2187F42A800000000000000000000000000000F05000000006A
S2187F42BC00000000000000000000000000000000000000006A
S2187F42D0000000000010050000000000000000000000000041
S2187F42E400000000000000000000000000000000110500002C
S2187F42F800000000000000000000000000000000000000002E
S2187F430C000000000000001205000000000000000000000002
S2187F43200000000000000000000000000000000000001305ED
S2187F43340000000000000000000000000000000000000000F1
S2187F43480000000000000000001405000000000000000000C4
S2187F435C0000000000000000000000000000000000000000C9
S2187F437015050000000000000000000000000000000000009B
S2187F4384000000000000000000000016050000000000000086
S2187F439800000000000000000000000000000000000000008D
S2187F43AC00001705000000000000000000000000000000005D
S2187F43C000000000000000000000000000180000000001014B
S2187F43D4000000000000000100000000000000000000000050
S2187F43E8000000001900000000010000000000000000010022
S2187F43FC0000000000000000000000000000001A000000000F
S2187F4410000000000000000000000000000000000000000014
S2187F44240000000000001B00000000010000000000000000E4
S2187F443801000000000000000000000000000000001C0000CF
S2187F444C0000010100000000000000010000000000000000D5
S2187F446000000000000000001D0000000001000000000000A6
S2187F4474000001000000000000000000000000000000001E91
S2187F448800000000010000000000000000010000000000009A
S2187F449C000000000000000000001F00000000000000000069
S2187F44B0000000000000000000000000000000000000000074
S2187F44C400200000000001010000000000000001000000003D
S2187F44D800000000000000000000000021000000000100002A
S2187F44EC000000000000010000000000000000000000000037
S2187F45000000002200000000010000000000000000010000FF
S2187F45140000000000000000000000000000230000000000EC
S2187F45280000000000000000000000000000000000000000FB
S2187F453C0000000000240000000001000000000000000001C1
S2187F45500000000000000000000000000000000025000000AE
S2187F45640001000000000000000001000000000000000000BD
S2187F4578000000000000002600000000000000000000000085
S2187F458C000000000000000000000000000000000000270070
S2187F45A0000000000000000000000000000000000000000083
S2187F45B4000000000000000000280000000001000000000046
S2187F45C800000001000000000000000000000000000000005A
S2187F45DC29000000000100000000000000000100000000001C
S2187F45F000000000000000000000002A000000000100000008
S2187F460400000000000100000000000000000000000000001D
S2187F461800002B0000000000000000000000000000000000DF
S2187F462C000000000000000000000000002C000000000000CA
S2187F46400000000000000000000000000000000000000000E2
S2187F4654000000002D000000000000000000000000000000A1
S2187F46680000000000000000000000000000002E000000008C
S2187F467C0100000000000000000100000000000000000000A4
S2187F46900000000000002F0000000001000000000000000062
S2187F46A401000000000000000000000000000000003000004D
S2187F46B800000000000000000000000000000000000000006A
S2187F46CC000000000000000031000000000000000000000025
S2187F46E0000000000000000000000000000000000000003210
S2187F46F400000000010000000000000000010000000000002C
S2187F47080000000000000000000033000000000100000000E5
S2187F471C000000000100000000000000000000000000000004
S2187F47300034000000000000000000000000000000000000BD
S2187F47440000000000000000000000003500000000000000A8
S2187F47580000000000000000000000000000000000000000C9
S2187F476C00000036000000000100000000000000000100007D
S2187F4780000000000000000000000000000037000000000169
S2187F479400000000000000000100000000000000000000008C
S2187F47A8000000000038000000000000000000000000000041
S2187F47BC00000000000000000000000000000000390000002C
S2187F47D0000000000000000000000000000000000000000051
S2187F47E4000000000000003A00000000000000000000000003
S2187F47F80000000000000000000000000000000000003B00EE
S2187F480C000000000000000000000000000000000000000014
S2187F48200000000000000000003C00000000000000000000C4
S2187F48340000000000000000000000000000000000000000EC
S2187F48483D000000000000000000000000000000000000009B
S2187F485C00000000000000000000003E000000000000000086
S2187F48700000000000000000000000000000000000000000B0
S2187F488400003F00000000000000000000000000000000005D
S2187F4898000000000000000000000000004000000000000048
S2187F48AC000000000000000000000000000000000000000074
S2187F48C000000000410000000000000000000000000000001F
S2187F48D400000000000000000000000000000042000000000A
S2187F48E8000000000000000000000000000000000000000038
S2187F48FC0000000000004300000000000000000000000000E1
S2187F49100000000000000000000000000000000000440000CB
S2187F49240000000000000000000000000000000000000000FB
S2187F49380000000000000000450000000000000000000000A2
S2187F494C00000000000000000000000000000000000000468D
S2187F49600000000000000000000000000000000000000000BF
S2187F4974000000000000000000004700000000000000000064
S2187F4988000000000000000000000000000000000000000097
S2187F499C004804000000000100000000000000000000000036
S2187F49B0000000000000000000000000490400000001010020
S2187F49C400000000000001000000000000000000000000005A
S2187F49D80000004A00000000000000000000000000000000FD
S2187F49EC00000000000000000000000000004B0000000000E8
S2187F4A0000000000000000000000000000000000000000001E
S2187F4A1400000000004C0000000000000000000000000000BE
S2187F4A28000000000000000000000000000000004D000000A9
S2187F4A3C0000000000000000000000000000000000000000E2
S2187F4A50000000000000004E00000000000000000000000080
S2187F4A640000000000000000000000000000000000004F006B
S2187F4A780000000000000000000000000000000000000000A6
S2187F4A8C000000000000000000500000000000000000000042
S2187F4AA000000000000000000000000000000000000000007E
S2187F4AB4510000000000000000000000000000000000000019
S2187F4AC8000000000000000000000052000000000100000003
S2187F4ADC000000000001000000000000000000000000000041
S2187F4AF00000530000000001000000000000000001000000D9
S2187F4B040000000000000000000000000054000000000100C4
S2187F4B18000000000000000100000000000000000000000004
S2187F4B2C00000000550000000001000000000000000001009A
S2187F4B40000000000000000000000000000000560000000087
S2187F4B540100000000000000000000000000000000000000C8
S2187F4B6800000000000057000000000000000000000000005E
S2187F4B7C000000000000000000000000000000000058060043
S2187F4B9000000000000000000000000000000000000000008D
S2187F4BA4000000000000000059060000000100000000000019
S2187F4BB8000001000000000000000000000000000000005A0A
S2187F4BCC000000000000000000000000000000000000000051
S2187F4BE0000000000000000000005B000000000000000000E2
S2187F4BF4000000000000000000000000000000000000000029
S2187F4C08005C000000000000000000000000000000000000B8
S2187F4C1C0000000000000000000000005D00000000000000A3
S2187F4C300000000000000000000000000000000000000000EC
S2187F4C440000005E000000000000000000000000000000007A
S2187F4C5800000000000000000000000000005F000000000065
S2187F4C6C0000000000000000000000000000000000000000B0
S2187F4C80000000000060030000000100000000000000000137
S2187F4C94000000000000000000000000000000006103000024
S2187F4CA8000100000000000000000100000000000000000072
S2187F4CBC0000000000000062000000000000000000000000FE
S2187F4CD00000000000000000000000000000000000006300E9
S2187F4CE4000000010000000000000000000000000000000037
S2187F4CF80000000000000000006403000000010000000000BC
S2187F4D0C00000001000000000000000000000000000000000E
S2187F4D20650000000000000000000000000000000000000096
S2187F4D34000000000000000000000066000000000000000081
S2187F4D480000000000000000000000000000000000000000D3
S2187F4D5C000067000000000000000000000000000000000058
S2187F4D7000000000000000000000000000680700000000003C
S2187F4D84000000000000000000000000000000000000000097
S2187F4D98000000006907000000010000000000000000010011
S2187F4DAC0000000000000000000000000000006A0400000001
S2187F4DC000010000000000000000000000000000000000005A
S2187F4DD40000000000006B04000000010100000000000000D6
S2187F4DE801000000000000000000000000000000006C0000C6
S2187F4DFC00000000000000000000000000000000000000001F
S2187F4E1000000000000000006D00000000000000000000009D
S2187F4E24000000000000000000000000000000000000006E88
S2187F4E380000000000000000000000000000000000000000E2
S2187F4E4C000000000000000000006F0000000000000000005F
S2187F4E600000000000000000000000000000000000000000BA
S2187F4E7400700800000000000000000000000000000000002E
S2187F4E88000000000000000000000000710800000000000019
S2187F4E9C00000000000000000000000000000000000000007E
S2187F4EB00000007208000000000000000000000000000000F0
S2187F4EC40000000000000000000000000000730800000000DB
S2187F4ED8000000000000000000000000000000000000000042
S2187F4EEC0000000000740800000000000000000000000000B2
S2187F4F0000000000000000000000000000000000750800009C
S2187F4F14000000000000000000000000000000000000000005
S2187F4F2800000000000000760000000000000000000000007B
S2187F4F3C000000000000000000000000000000000000770066
S2187F4F500000000000000000000000000000000000000000C9
S2187F4F6400000000000000000040E500000001000800320253
S2187F4F784002480250025802600268027802790004000500A1
S2187F4F8C0A000A000000010000000000000000000000000078
S2187F4FA0000100000000000000640100000000000000000013
S2187F4FB40000010400000000000064010000000000000000FB
S2187F4FC84F8B4F8F4F9E030503040308030903020303030177
S2187F4FDC03000324031403150316031703180319031A031B3F
S2187F4FF0031C031D031E031F032003210322032310000800FD
S2187F500400000000000104100410A28EFC00000010000800A7
S2187F501800000000000104100410A2FCFC0000000403000036
S2187F502C0000000000010101130300000000000000010100D1
S2187F5040000000000000000100000002FFFF20002000FFFF99
S2187F505420002000000000010003000250285040504C0000DA
S2187F50680001000300025028504050520000000001000000FF
S2187F507C0000A12BFC000000000000000000000001000000D3
S2187F5090030000000000A12BFC0000000000000000000000BD
S2187F50A402000000010000000000A198FC000000000000003C
S2187F50B80000000003000000030000000000A198FC00000025
S2187F50CC000000000000000004000000010000000000A204A1
S2187F50E0FC0000000000000000000000050000000300000034
S2187F50F40000A204FC00000000000000000000005074063088
S2187F51082E30392E30352E303030309E82FC8FA7FC8FCEFC50
S2187F511C8FEEFC902DFC8FECFC9033FC920EFC93CCFC94A95F
S2187F5130FC81008201100211033D0422052E063107120800D3
S2187F51440000070000000700000007000000060000000700B1
S2187F51580000070000000600000007000000060000000000A5
S2187F516C00FF0000010000000100FF0000020000000200FFA8
S2187F51800000030000000300FF0000040000000800FF000087
S2187F5194050000000900FF0000060000000A00FF0000070060
S2187F51A800000B00FF0000080000000C00FF00000900000049
S2187F51BC0D00FF00000A0000000E00FF00000B0000000F001E
S2187F51D0FF00000C0000001000FF00000D0000001100FF0010
S2187F51E4000E0000001200FF00000F0000001300FF000010E3
S2187F51F80000001400FF0000110000001500FF0000120000D5
S2187F520C001600FF0000130000001700FF00000000000000CC
S2187F52200000000000000000000000010004000000000000F1
S2187F52340003000000000000000000000001000000000000DE
S2187F5248000104060000000000000003000001001F011F522E
S2187F525C57521B51670000000100000002000000000000003B
S2187F52700000000000000000000100000000000000000000A5
S2187F52844B0000000000000000000000000000000000000047
S2187F529800000000000000000000000000010000000000007D
S2187F52AC000000000000000000000000000000000001000069
S2187F52C0000000000001000000000000000100000001000053
S2187F52D40000000000000000000000000000969BFC9588FCFC
S2187F52E82C3F000000020000000100000000000000000000C0
S2187F52FC00000000000001000000000000000000004B0000CE
S2187F5310000000000000000000000000000000000000000005
S2187F53240000000000000000000001000000000000000000F0
S2187F53380000000000000000000000000000010000000000DC
S2187F534C0000010000000000000001000000010000000000C6
S2187F536000000000000000000000000000000000002D3E0248
S2187F5374526100C800C900CA00C800C900CA00CB00CC00CDD4
S2187F538800CE00CF00D000D100D200D000D100D200D300D463
S2187F539C00D500D600D700B800B900BA00B800B900BA00BBE6
S2187F53B000BC00BD00BE00BF00C000C100C200C000C100C2E9
S2187F53C400C300C400C500C600C7013001310132013001317F
S2187F53D801320133013401350136013701380139013A013815
S2187F53EC0139013A013B013C013D013E013F00140023002C1B
S2187F54000063009200B000D20118013B0154025801F401F4AF
S2187F541401F401F401F401F401F401F401F40000000000004D
S2187F542800000000000000000000000000000005000F005583
S2187F543C007600A000AD00CE00F4014C015401F401F401F4D2
S2187F545001F401F401F401F401F401F40258000000000000AC
S2187F54640000000000000000000000000000000E003200462A
S2187F54780069008C00AF00D200F5029E02DA025801F401F471
S2187F548C01F401F401F401F401F401F401F4000000000000D5
S2187F54A00000000000000000000000000000001400320046E8
S2187F54B40069008C00AF00D200F502C602DA01F401F401F472
S2187F54C801F401F401F401F401F401F4025800000000000034
S2187F54DC000000000000000000000000000000140023002CD5
S2187F54F00063009200B000D20118013B01540199007B00529C
S2187F5504004A004A003D003D003D003D003900FA003C003CDC
S2187F5518003C003C003C003C003C003C00780005000F0055B2
S2187F552C007600A000AD00CE00F4014C0154009300290021E3
S2187F554000390041004E0062006A0077019900500028002393
S2187F5554003C003C003C003C003C003C00FA000E00320046D7
S2187F55680069008C00AF00D200F5029E02DA012D003300382B
S2187F557C0046004F005A0062006200620062012C003200328F
S2187F5590003200320032003200320032007800140032004653
S2187F55A40069008C00AF00D200F502C602DA0073003D00416F
S2187F55B8004F00520052006200620062012D001E001E001EBA
S2187F55CC001E001E001E001E0019003200FA09C400000000BD
S2187F55E0281E001401000000020007D000050032281E00146E
S2187F55F40100000002000005000A00460069008C00AF00D251
S2187F560800F5011801540000000000000000000000000000A7
S2187F561C0000000000000000000000000000000000000000F6
S2187F5630000000000000000030000000300000003000000052
S2187F56443000000030000000300000003000000030000000DE
S2187F56583000000030000005000A00460069008C00AF00D28F
S2187F566C00F501180154000000000000000000000000000043
S2187F5680000000000000000000000000000000000000000092
S2187F56940000000000000000300000003000000030000000EE
S2187F56A830000000300000003000000030000000300000007A
S2187F56BC3000000030000005001900AA00FF015401A902A38B
S2187F56D002BC02D502DA0000000000000000000000000000D1
S2187F56E400000000000000000000000000000000000000002E
S2187F56F800000000000000003000000030000000300000008A
S2187F570C300000003000000030000000300000003000000015
S2187F57203000000030000005001900AA00FF015401A902A326
S2187F573402BC02D502DA00000000000000000000000000006C
S2187F57480000000000000000000000000000000000000000C9
S2187F575C000000000000000030000000300000003000000025
S2187F57703000000030000000300000003000000030000000B1
S2187F57843000000030000005000F00140032006400AF00D2EE
S2187F57980118014001540000000000000000FFFFFD71FFFF60
S2187F57ACFF930000002D0000000000000000FFFFFFF7FFFFB4
S2187F57C0FFAFFFFFFF9E0000400000004000000066670000BB
S2187F57D43BBB00001D7000002F5C00002F5C0000370C000061
S2187F57E8866000009AF00005000F00320069008C00AF00D2FD
S2187F57FC0118014F0154000000000000000000000000000057
S2187F5810005F00000000000000000000000000000000FFFFA3
S2187F5824FFB3000001470000228F0000228F0000228F0000DF
S2187F58380FF00000370A0000370A0000370A0000370A0000D5
S2187F584C8BC1FFFE79B40005001900AA00FF015401A902A3E3
S2187F586002A802C602DA00000000FFFFFF8E0000000F0000C8
S2187F587400000000000000000000FFFFFFFFFFFFFF3CFFFF69
S2187F5888FFD5FFFFFFCF00002E140000305100002392000070
S2187F589C2E1400002E1400002E14000030410002332D0000DB
S2187F58B09CF20000AC2700050019003200FF015401A901C2EE
S2187F58C4025802D502DA00000000000000000000009D0000A2
S2187F58D800000000000000000003FFFFFFE600000000FFFF54
S2187F58ECFFF6000000C40000200000002000000010A4000077
S2187F59002F5C00002F5C00002A4000005C2200002E140000CF
S2187F591446A8FFFDFC2E00000148028F03D7051F066607AEEE
S2187F592808F60A3E0B860CCD0E150F5D10A511ED13339727F1
S2187F593C04580430FC3D972704540430FC3D34B78587181068
S2187F5950B750303D87D7B7C62704590436FC3D87D7B7C62777
S2187F5964065918450436FA3D87D7B7C6270718444656043643
S2187F5978F93DAC8418AE82311B84054004A401083D35B7C535
S2187F598C13B7D43113B7E41AE6B7E43D186982EC8C261DEE82
S2187F59A08EED86EC8811280CEC8618C7116D82B746EC8811E2
S2187F59B46D846C881869863D972709EE86B7C5CD0000200886
S2187F59C8EE8DE686ED87B7C61135ECF010133B35ECF012EDDF
S2187F59DC8413E3B130B7C5CD0000356581A38CB7C518A38A84
S2187F59F0310446113669AF3137323433EEF01011B7653220D7
S2187F5A041F252A046403044539E78E2706EE8E87C7200BB761
S2187F5A18C5363469AFEEF013313A1810083A34A3B1B7462044
S2187F5A2CA4310220A04151B7C5415104A40108AE8E22EE2589
S2187F5A4005ACF01024E7316D841869826C886E863D3B341B3E
S2187F5A549C16599830ECB5EDB50540180A30700434F93D30FF
S2187F5A68E6E605E5EE80AC002208AC2322FC2702EE801B828B
S2187F5A7CEE020500EE8097260CE1002208E12122FC2702EE24
S2187F5A908037E6011AE5E6B2050096103600325A100B96101B
S2187F5AA436C6027B0345B6265E042021FC264C8C00042315F4
S2187F5AB8FC2650FE264E1659847C26507E264E1879264C2078
S2187F5ACC041872264CF6265F042127FC2654FE26521659849C
S2187F5AE07C26547E2652BC265818BE2656230F4ABC54FC79B5
S2187F5AF4265FC7877C26547C26521872265AFC265A8C0960E2
S2187F5B0823084A8B51FB1879265AF626600421171872265CE4
S2187F5B1CFC265C8C04B0230B4ABC46FC7926601879265C3279
S2187F5B305A100B961036FC267B04240EFC26792609FE266368
S2187F5B44ED024BEB000CFE4FDE0C0080325A100B961036FE60
S2187F5B5826B5C7873B3BFC26B716597A270DCD0001350335E5
S2187F5B6C16597A270D202F1F2C2D012A1D26DA01201B1D26F6
S2187F5B80DA0118722C2E1F2C2D0117EEFBCB46190AEC4126CE
S2187F5B9404E60A2709C7EDFBCB374BEB000AC6015B4E325A68
S2187F5BA8100B961036FE26B9C7873B3BFC26BB16597A270DD3
S2187F5BBCCD000135033516597A2711203EF62C2DC40254042A
S2187F5BD021351D26DA0220221D26DA0218722C30F62C2DC46E
S2187F5BE4025404211EEEFBCAE81AE018190AEC412604E60A79
S2187F5BF8270DC601EDFBCAD519E8184BEB000AC6025B4E3297
S2187F5C0C5A100B961036FE26BDC7873B3BFC26BF16597A2719
S2187F5C200DCD000135033516597A270C2034073A26301D265A
S2187F5C34DA04201D1D26DA0418722C320728261EEEFBCA8D01
S2187F5C481AE030190AEC412604E60A270DC602EDFBCA7A19EF
S2187F5C5CE8304BEB000AC6045B4E325A100BF62C2DC40454D3
S2187F5C7054533D961036FE26C1C7873B3BFC26C316597A273E
S2187F5C840DCD000135033516597A270C2034073A26301D26F6
S2187F5C98DA08201D1D26DA0818722C340728261EEEFBCA29F7
S2187F5CAC1AE048190AEC412604E60A270DC603EDFBCA1619D6
S2187F5CC0E8484BEB000AC6085B4E325A100BF62C2DC408544F
S2187F5CD45454533D961036FE26C5C7873B3BFC26C716597AA5
S2187F5CE8270DCD000135033516597A270C2034073A26301D91
S2187F5CFC26DA10201D1D26DA1018722C360728261EEEFBC985
S2187F5D10C41AE060190AEC412604E60A270DC604EDFBC9B113
S2187F5D2419E8604BEB000AC6105B4E325A100BF62C2DC410FD
S2187F5D3854545454533D961036FE26C9C7873B3BFC26CB1663
S2187F5D4C597A270DCD000135033516597A270E2036073C26A0
S2187F5D60321D26DA20C605201F1D26DA2018722C38072826B2
S2187F5D741EEEFBC95C1AE078190AEC412604E60A270DC60491
S2187F5D88EDFBC94919E8784BEB000AC6205B4E325A100BF6A4
S2187F5D9C2C2DC4205454545454533D961036FE26CDC7873BA8
S2187F5DB03BFC26CF16597A270DCD000135033516597A270CBB
S2187F5DC42034073A26301D26DA40201D1D26DA4018722C3A75
S2187F5DD80728261EEEFBC8F51AE090190AEC412604E60A27FF
S2187F5DEC0DC606EDFBC8E219E8904BEB000AC6405B4E325AA8
S2187F5E00100BF62C2DC4408606165942533D961036FE26D1FE
S2187F5E14C7873B3BFC26D316597A270DCD0001350335165976
S2187F5E287A270C2034073A26301D26DA80201D1D26DA8018BB
S2187F5E3C722C3C0728261EEEFBC88E1AE0A8190AEC41260426
S2187F5E50E60A270DC607EDFBC87B19E8A84BEB000AC6805B14
S2187F5E644E325A100BF62C2DC4808607165942533D96103674
S2187F5E78F6291D6BABFE26106E83C626A68012B745E6E2280B
S2187F5E8C33C101232569812017165F248759B746E3E228407D
S2187F5EA0EEEA2614B746EC006C4062810776E1E2283325E13F
S2187F5EB4203FE6E228316B82C7202737C626A68112B745E69D
S2187F5EC8838759830002E3E228403BE6828759B745EDE226B9
S2187F5EDC14EC40306C006383335237C626A68112B74533E17B
S2187F5EF0E2283125CAC626A68012CE0003B7466EEA283E1828
S2187F5F0469EA283CEEEA2823260BEEEA28212605C6FF7B2945
S2187F5F181DEE830C00801B85325A100BC626A68212B745E688
S2187F5F2C833D961036F6291E6BABFE26126E83C626A68012A3
S2187F5F40B745E6E22833C101232569812017165FDD8759B796
S2187F5F5446E3E22840EEEA2624B746EC006C4062810776E14A
S2187F5F68E2283325E1203FE6E228316B82C7202737C626A61A
S2187F5F7C8112B745E6838759830002E3E228403BE682875980
S2187F5F90B745EDE22624EC40306C006383335237C626A681E7
S2187F5FA412B74533E1E2283125CAC626A68012CE0003B74627
S2187F5FB86EEA283E1869EA283CEEEA2823260BEEEA28212629
S2187F5FCC05C6FF7B291EEE830C00801B85325A100BC626A6DB
S2187F5FE08212B745E6833D9610361F292B022EFE539A0F007A
S2187F5FF480271D292B02FE53980D00807329470760B746C37B
S2187F60080081B745EE012605E6E8812708074EB7464BEB0063
S2187F601C81F6293504812E0740B745F6293BF6293B87E3E023
S2187F603087B745E600873BC6014A9E82FC1B8204610FF62950
S2187F60443B5286FF16594A7B293B722935FE539A0F00200927
S2187F6058C60187B7054A9F0AFC325A100BC689B6294D12FE85
S2187F606C292DE3013D9610361F292B042EFE53B00F008027ED
S2187F60801D292B04732948FE53AE0D00800760B746C30081FB
S2187F6094B745EE012605E6E8812708074EB7464BEB0081F6E1
S2187F60A8293604812E0740B745F6293CF6293C87E3E087B7CD
S2187F60BC45E600873BC6024A9E82FC1B8204610FF6293C5273
S2187F60D086FF16594A7B293C722936FE53B00F002009C60248
S2187F60E487B7054A9F0AFC325A100BC689B6294E12FE292D69
S2187F60F8E3013D0048260002C2008202C3008302C4008402A7
S2187F610CC5008502C6008602D002D202D402D602D802DA0257
S2187F6120DC02DE00900092009400960098009A009C009E0073
S2187F6134A000A200A400A600A800AA00AC00AE000000020099
S2187F6148003F3F3F3F3F3F3F3F3F3F3F3F3F3F3F3F3F3F3F12
S2187F615C3F3F3F3F3F3F3F3F3F3F3F3F3F3F3F3F3F3F3F3FBF
S2187F61703F3F3F3F3F3F3F3F3F3F3F3F3F3F3F3F3F3F3F3FAB
S2187F61843F3F3F3F3F3F3F3F3F3F3F3F3F3F3F3F3F3F3F3F97
S2187F61983F3F3F3F3F3F3F3F3F3F3F3F3F3F3F3F3F3F3F3F83
S2187F61AC3F3F3F3F3F3F3F3F3F3F3F3F3F3F3F3F3F3F3F3F6F
S2187F61C03F3F3F3F3F3F3F3F3F3F3F3F3F3F3F3F3F3F3F3F5B
S2187F61D43F3F3F3F3F3F3F3F3F3F3F3F3F3F3F3F3F3F3F3F47
S2187F61E83F3F3F3F3F3F3F3F3F3F3F3F3F3F3F3F3F3F3F3F33
S2187F61FC3F3F3F3F3F3F3F3F3F3F3F3F3F3F3F3F3F3F3F3F1F
S2187F62103F3F3F3F3F3F3F3F3F3F3F3F3F3F3F3F3F3F3F3F0A
S2187F62243F3F3F3F3F3F3F3F3F3F3F3F3F3F3F3F3F3F3F3FF6
S2187F62383F3F3F3F3F3F3F3F3F3F3F3F3F3F3F3F3F3F3F3FE2
S2187F624C3F3F3F3F3F3F3F3F3F3F3F3F3F3F3F3F3F3F3F3FCE
S2187F62603F3F3F3F3F3F3F3F3F3F3F3F3F3F3F3F3F3F3F3FBA
S2187F62743F3F3F3F3F3F3F3F3F3F3F3F3F3F3F3F3F3F3F3FA6
S2187F62883F3F3F3F3F3F3F3F3F3F3F3F3F3F3F3F3F3F3F3F92
S2187F629C3F3F3F3F3F3F3F3F3F3F3F3F3F3F3F3F3F3F3F3F7E
S2187F62B03F3F3F3F3F3F3F3F3F3F3F3F3F3F3F3F3F3F3F3F6A
S2187F62C43F3F3F3F3F3F3F3F3F3F3F3F3F3F3F3F3F3F3F3F56
S2187F62D83F3F3F3F3F3F3F3F3F3F3F3F3F3F3F3F3F3F3F3F42
S2187F62EC3F3F3F3F3F3F3F3F3F3F3F3F3F3F3F3F3F3F3F3F2E
S2187F63003F3F3F3F3F3F3F3F3F3F3F3F3F3F3F3F3F3F3F3F19
S2187F63143F3F3F3F3F3F3F3F3F3F3F3F3F3F3F3F3F3F3F3F05
S2187F63283F3F3F3F3F3F3F3F3F3F3F3F3F3F3F3F3F3F3F3FF1
S2187F633C3F3F3F3F3F3F3F3F3F3F3F3F3F3F3F3F3F3F3F3FDD
S2187F63503F3F3F3F3F3F3F3F3F3F3F3F3F3F3F3F3F3F3F3FC9
S2187F63643F3F3F3F3F3F3F3F3F3F3F3F3F3F3F3F3F3F3F3FB5
S2187F63783F3F3F3F3F3F3F3F3F3F3F3F3F3F3F3F3F3F3F3FA1
S2187F638C3F3F3F3F3F3F3F3F3F3F3F3F3F3F3F3F3F3F3F3F8D
S2187F63A03F3F3F3F3F3F3F3F3F3F3F3F3F3F3F3F3F3F3F3F79
S2187F63B43F3F3F3F3F3F3F3F3F3F3F3F3F3F3F3F3F3F3F3F65
S2187F63C83F3F3F3F3F3F3F3F3F3F3F3F3F3F3F3F3F3F3F3F51
S2187F63DC3F3F3F3F3F3F3F3F3F3F3F3F3F3F3F3F3F3F3F3F3D
S2187F63F03F3F3F3F3F3F3F3F3F3F3F3F3F3F3F3F3F3F3F3F29
S2187F64043F3F3F3F3F3F3F3F3F3F3F3F3F3F3F3F3F3F3F3F14
S2187F64183F3F3F3F3F3F3F3F3F3F3F3F3F3F3F3F3F3F3F3F00
S2187F642C3F3F3F3F3F3F3F3F3F3F3F3F3F3F3F3F3F3F3F3FEC
S2187F64403F3F3F3F3F3F3F3F3F3F3F3F3F3F3F3F3F3F3F3FD8
S2187F64543F3F3F3F3F3F3F3F3F3F3F3F3F3F3F3F3F3F3F3FC4
S2187F64683F3F3F3F3F3F3F3F3F3F3F3F3F3F3F3F3F3F3F3FB0
S2187F647C3F3F3F3F3F3F3F3F3F3F3F3F3F3F3F3F3F3F3F3F9C
S2187F64903F3F3F3F3F3F3F3F3F3F3F3F3F3F3F3F3F3F3F3F88
S2187F64A43F3F3F3F3F3F3F3F3F3F3F3F3F3F3F3F3F3F3F3F74
S2187F64B83F3F3F3F3F3F3F3F3F3F3F3F3F3F3F3F3F3F3F3F60
S2187F64CC3F3F3F3F3F3F3F3F3F3F3F3F3F3F3F3F3F3F3F3F4C
S2187F64E03F3F3F3F3F3F3F3F3F3F3F3F3F3F3F3F3F3F3F3F38
S2187F64F43F3F3F3F3F3F3F3F3F3F3F3F3F3F3F3F3F3F3F3F24
S2187F65083F3F3F3F3F3F3F3F3F3F3F3F3F3F3F3F3F3F3F3F0F
S2187F651C3F3F3F3F3F3F3F3F3F3F3F3F3F3F3F3F3F3F3F3FFB
S2187F65303F3F3F3F3F3F3F3F3F3F3F3F3F3F3F3F3F3F3F3FE7
S2187F65443F3F3F3F3F3F3F3F3F3F3F3F3F3F3F3F3F3F3F3FD3
S2187F65583F3F3F3F3F3F3F3F3F3F3F3F3F3F3F3F3F3F3F3FBF
S2187F656C3F3F3F3F3F3F3F3F3F3F3F3F3F3F3F3F3F3F3F3FAB
S2187F65803F3F3F3F3F3F3F3F3F3F3F3F3F3F3F3F3F3F3F3F97
S2187F65943F3F3F3F3F3F3F3F3F3F3F3F3F3F3F3F3F3F3F3F83
S2187F65A83F3F3F3F3F3F3F3F3F3F3F3F3F3F3F3F3F3F3F3F6F
S2187F65BC3F3F3F3F3F3F3F3F3F3F3F3F3F3F3F3F3F3F3F3F5B
S2187F65D03F3F3F3F3F3F3F3F3F3F3F3F3F3F3F3F3F3F3F3F47
S2187F65E43F3F3F3F3F3F3F3F3F3F3F3F3F3F3F3F3F3F3F3F33
S2187F65F83F3F3F3F3F3F3F3F3F3F3F3F3F3F3F3F3F3F3F3F1F
S2187F660C3F3F3F3F3F3F3F3F3F3F3F3F3F3F3F3F3F3F3F3F0A
S2187F66203F3F3F3F3F3F3F3F3F3F3F3F3F3F3F3F3F3F3F3FF6
S2187F66343F3F3F3F3F3F3F3F3F3F3F3F3F3F3F3F3F3F3F3FE2
S2187F66483F3F3F3F3F3F3F3F3F3F3F3F3F3F3F3F3F3F3F3FCE
S2187F665C3F3F3F3F3F3F3F3F3F3F3F3F3F3F3F3F3F3F3F3FBA
S2187F66703F3F3F3F3F3F3F3F3F3F3F3F3F3F3F3F3F3F3F3FA6
S2187F66843F3F3F3F3F3F3F3F3F3F3F3F3F3F3F3F3F3F3F3F92
S2187F66983F3F3F3F3F3F3F3F3F3F3F3F3F3F3F3F3F3F3F3F7E
S2187F66AC3F3F3F3F3F3F3F3F3F3F3F3F3F3F3F3F3F3F3F3F6A
S2187F66C03F3F3F3F3F3F3F3F3F3F3F3F3F3F3F3F3F3F3F3F56
S2187F66D43F3F3F3F3F3F3F3F3F3F3F3F3F3F3F3F3F3F3F3F42
S2187F66E83F3F3F3F3F3F3F3F3F3F3F3F3F3F3F3F3F3F3F3F2E
S2187F66FC3F3F3F3F3F3F3F3F3F3F3F3F3F3F3F3F3F3F3F3F1A
S2187F67103F3F3F3F3F3F3F3F3F3F3F3F3F3F3F3F3F3F3F3F05
S2187F67243F3F3F3F3F3F3F3F3F3F3F3F3F3F3F3F3F3F3F3FF1
S2187F67383F3F3F3F3F3F3F3F3F3F3F3F3F3F3F3F3F3F3F3FDD
S2187F674C3F3F3F3F3F3F3F3F3F3F3F3F3F3F3F3F3F3F3F3FC9
S2187F67603F3F3F3F3F3F3F3F3F3F3F3F3F3F3F3F3F3F3F3FB5
S2187F67743F3F3F3F3F3F3F3F3F3F3F3F3F3F3F3F3F3F3F3FA1
S2187F67883F3F3F3F3F3F3F3F3F3F3F3F3F3F3F3F3F3F3F3F8D
S2187F679C3F3F3F3F3F3F3F3F3F3F3F3F3F3F3F3F3F3F3F3F79
S2187F67B03F3F3F3F3F3F3F3F3F3F3F3F3F3F3F3F3F3F3F3F65
S2187F67C43F3F3F3F3F3F3F3F3F3F3F3F3F3F3F3F3F3F3F3F51
S2187F67D83F3F3F3F3F3F3F3F3F3F3F3F3F3F3F3F3F3F3F3F3D
S2187F67EC3F3F3F3F3F3F3F3F3F3F3F3F3F3F3F3F3F3F3F3F29
S2187F68003F3F3F3F3F3F3F3F3F3F3F3F3F3F3F3F3F3F3F3F14
S2187F68143F3F3F3F3F3F3F3F3F3F3F3F3F3F3F3F3F3F3F3F00
S2187F68283F3F3F3F3F3F3F3F3F3F3F3F3F3F3F3F3F3F3F3FEC
S2187F683C3F3F3F3F3F3F3F3F3F3F3F3F3F3F3F3F3F3F3F3FD8
S2187F68503F3F3F3F3F3F3F3F3F3F3F3F3F3F3F3F3F3F3F3FC4
S2187F68643F3F3F3F3F3F3F3F3F3F3F3F3F3F3F3F3F3F3F3FB0
S2187F68783F3F3F3F3F3F3F3F3F3F3F3F3F3F3F3F3F3F3F3F9C
S2187F688C3F3F3F3F3F3F3F3F3F3F3F3F3F3F3F3F3F3F3F3F88
S2187F68A03F3F3F3F3F3F3F3F3F3F3F3F3F3F3F3F3F3F3F3F74
S2187F68B43F3F3F3F3F3F3F3F3F3F3F3F3F3F3F3F3F3F3F3F60
S2187F68C83F3F3F3F3F3F3F3F3F3F3F3F3F3F3F3F3F3F3F3F4C
S2187F68DC3F3F3F3F3F3F3F3F3F3F3F3F3F3F3F3F3F3F3F3F38
S2187F68F03F3F3F3F3F3F3F3F3F3F3F3F3F3F3F3F3F3F3F3F24
S2187F69043F3F3F3F3F3F3F3F3F3F3F3F3F3F3F3F3F3F3F3F0F
S2187F69183F3F3F3F3F3F3F3F3F3F3F3F3F3F3F3F3F3F3F3FFB
S2187F692C3F3F3F3F3F3F3F3F3F3F3F3F3F3F3F3F3F3F3F3FE7
S2187F69403F3F3F3F3F3F3F3F3F3F3F3F3F3F3F3F3F3F3F3FD3
S2187F69543F3F3F3F3F3F3F3F3F3F3F3F3F3F3F3F3F3F3F3FBF
S2187F69683F3F3F3F3F3F3F3F3F3F3F3F3F3F3F3F3F3F3F3FAB
S2187F697C3F3F3F3F3F3F3F3F3F3F3F3F3F3F3F3F3F3F3F3F97
S2187F69903F3F3F3F3F3F3F3F3F3F3F3F3F3F3F3F3F3F3F3F83
S2187F69A43F3F3F3F3F3F3F3F3F3F3F3F3F3F3F3F3F3F3F3F6F
S2187F69B83F3F3F3F3F3F3F3F3F3F3F3F3F3F3F3F3F3F3F3F5B
S2187F69CC3F3F3F3F3F3F3F3F3F3F3F3F3F3F3F3F3F3F3F3F47
S2187F69E03F3F3F3F3F3F3F3F3F3F3F3F3F3F3F3F3F3F3F3F33
S2187F69F43F3F3F3F3F3F3F3F3F3F3F3F3F3F3F3F3F3F3F3F1F
S2187F6A083F3F3F3F3F3F3F3F3F3F3F3F3F3F3F3F3F3F3F3F0A
S2187F6A1C3F3F3F3F3F3F3F3F3F3F3F3F3F3F3F3F3F3F3F3FF6
S2187F6A303F3F3F3F3F3F3F3F3F3F3F3F3F3F3F3F3F3F3F3FE2
S2187F6A443F3F3F3F3F3F3F3F3F3F3F3F3F3F3F3F3F3F3F3FCE
S2187F6A583F3F3F3F3F3F3F3F3F3F3F3F3F3F3F3F3F3F3F3FBA
S2187F6A6C3F3F3F3F3F3F3F3F3F3F3F3F3F3F3F3F3F3F3F3FA6
S2187F6A803F3F3F3F3F3F3F3F3F3F3F3F3F3F3F3F3F3F3F3F92
S2187F6A943F3F3F3F3F3F3F3F3F3F3F3F3F3F3F3F3F3F3F3F7E
S2187F6AA83F3F3F3F3F3F3F3F3F3F3F3F3F3F3F3F3F3F3F3F6A
S2187F6ABC3F3F3F3F3F3F3F3F3F3F3F3F3F3F3F3F3F3F3F3F56
S2187F6AD03F3F3F3F3F3F3F3F3F3F3F3F3F3F3F3F3F3F3F3F42
S2187F6AE43F3F3F3F3F3F3F3F3F3F3F3F3F3F3F3F3F3F3F3F2E
S2187F6AF83F3F3F3F3F3F3F3F3F3F3F3F3F3F3F3F3F3F3F3F1A
S2187F6B0C3F3F3F3F3F3F3F3F3F3F3F3F3F3F3F3F3F3F3F3F05
S2187F6B203F3F3F3F3F3F3F3F3F3F3F3F3F3F3F3F3F3F3F3FF1
S2187F6B343F3F3F3F3F3F3F3F3F3F3F3F3F3F3F3F3F3F3F3FDD
S2187F6B483F3F3F3F3F3F3F3F3F3F3F3F3F3F3F3F3F3F3F3FC9
S2187F6B5C3F3F3F3F3F3F3F3F3F3F3F3F3F3F3F3F3F3F3F3FB5
S2187F6B703F3F3F3F3F3F3F3F3F3F3F3F3F3F3F3F3F3F3F3FA1
S2187F6B843F3F3F3F3F3F3F3F3F3F3F3F3F3F3F3F3F3F3F3F8D
S2187F6B983F3F3F3F3F3F3F3F3F3F3F3F3F3F3F3F3F3F3F3F79
S2187F6BAC3F3F3F3F3F3F3F3F3F3F3F3F3F3F3F3F3F3F3F3F65
S2187F6BC03F3F3F3F3F3F3F3F3F3F3F3F3F3F3F3F3F3F3F3F51
S2187F6BD43F3F3F3F3F3F3F3F3F3F3F3F3F3F3F3F3F3F3F3F3D
S2187F6BE83F3F3F3F3F3F3F3F3F3F3F3F3F3F3F3F3F3F3F3F29
S2187F6BFC3F3F3F3F3F3F3F3F3F3F3F3F3F3F3F3F3F3F3F3F15
S2187F6C103F3F3F3F3F3F3F3F3F3F3F3F3F3F3F3F3F3F3F3F00
S2187F6C243F3F3F3F3F3F3F3F3F3F3F3F3F3F3F3F3F3F3F3FEC
S2187F6C383F3F3F3F3F3F3F3F3F3F3F3F3F3F3F3F3F3F3F3FD8
S2187F6C4C3F3F3F3F3F3F3F3F3F3F3F3F3F3F3F3F3F3F3F3FC4
S2187F6C603F3F3F3F3F3F3F3F3F3F3F3F3F3F3F3F3F3F3F3FB0
S2187F6C743F3F3F3F3F3F3F3F3F3F3F3F3F3F3F3F3F3F3F3F9C
S2187F6C883F3F3F3F3F3F3F3F3F3F3F3F3F3F3F3F3F3F3F3F88
S2187F6C9C3F3F3F3F3F3F3F3F3F3F3F3F3F3F3F3F3F3F3F3F74
S2187F6CB03F3F3F3F3F3F3F3F3F3F3F3F3F3F3F3F3F3F3F3F60
S2187F6CC43F3F3F3F3F3F3F3F3F3F3F3F3F3F3F3F3F3F3F3F4C
S2187F6CD83F3F3F3F3F3F3F3F3F3F3F3F3F3F3F3F3F3F3F3F38
S2187F6CEC3F3F3F3F3F3F3F3F3F3F3F3F3F3F3F3F3F3F3F3F24
S2187F6D003F3F3F3F3F3F3F3F3F3F3F3F3F3F3F3F3F3F3F3F0F
S2187F6D143F3F3F3F3F3F3F3F3F3F3F3F3F3F3F3F3F3F3F3FFB
S2187F6D283F3F3F3F3F3F3F3F3F3F3F3F3F3F3F3F3F3F3F3FE7
S2187F6D3C3F3F3F3F3F3F3F3F3F3F3F3F3F3F3F3F3F3F3F3FD3
S2187F6D503F3F3F3F3F3F3F3F3F3F3F3F3F3F3F3F3F3F3F3FBF
S2187F6D643F3F3F3F3F3F3F3F3F3F3F3F3F3F3F3F3F3F3F3FAB
S2187F6D783F3F3F3F3F3F3F3F3F3F3F3F3F3F3F3F3F3F3F3F97
S2187F6D8C3F3F3F3F3F3F3F3F3F3F3F3F3F3F3F3F3F3F3F3F83
S2187F6DA03F3F3F3F3F3F3F3F3F3F3F3F3F3F3F3F3F3F3F3F6F
S2187F6DB43F3F3F3F3F3F3F3F3F3F3F3F3F3F3F3F3F3F3F3F5B
S2187F6DC83F3F3F3F3F3F3F3F3F3F3F3F3F3F3F3F3F3F3F3F47
S2187F6DDC3F3F3F3F3F3F3F3F3F3F3F3F3F3F3F3F3F3F3F3F33
S2187F6DF03F3F3F3F3F3F3F3F3F3F3F3F3F3F3F3F3F3F3F3F1F
S2187F6E043F3F3F3F3F3F3F3F3F3F3F3F3F3F3F3F3F3F3F3F0A
S2187F6E183F3F3F3F3F3F3F3F3F3F3F3F3F3F3F3F3F3F3F3FF6
S2187F6E2C3F3F3F3F3F3F3F3F3F3F3F3F3F3F3F3F3F3F3F3FE2
S2187F6E403F3F3F3F3F3F3F3F3F3F3F3F3F3F3F3F3F3F3F3FCE
S2187F6E543F3F3F3F3F3F3F3F3F3F3F3F3F3F3F3F3F3F3F3FBA
S2187F6E683F3F3F3F3F3F3F3F3F3F3F3F3F3F3F3F3F3F3F3FA6
S2187F6E7C3F3F3F3F3F3F3F3F3F3F3F3F3F3F3F3F3F3F3F3F92
S2187F6E903F3F3F3F3F3F3F3F3F3F3F3F3F3F3F3F3F3F3F3F7E
S2187F6EA43F3F3F3F3F3F3F3F3F3F3F3F3F3F3F3F3F3F3F3F6A
S2187F6EB83F3F3F3F3F3F3F3F3F3F3F3F3F3F3F3F3F3F3F3F56
S2187F6ECC3F3F3F3F3F3F3F3F3F3F3F3F3F3F3F3F3F3F3F3F42
S2187F6EE03F3F3F3F3F3F3F3F3F3F3F3F3F3F3F3F3F3F3F3F2E
S2187F6EF43F3F3F3F3F3F3F3F3F3F3F3F3F3F3F3F3F3F3F3F1A
S2187F6F083F3F3F3F3F3F3F3F3F3F3F3F3F3F3F3F3F3F3F3F05
S2187F6F1C3F3F3F3F3F3F3F3F3F3F3F3F3F3F3F3F3F3F3F3FF1
S2187F6F303F3F3F3F3F3F3F3F3F3F3F3F3F3F3F3F3F3F3F3FDD
S2187F6F443F3F3F3F3F3F3F3F3F3F3F3F3F3F3F3F3F3F3F3FC9
S2187F6F583F3F3F3F3F3F3F3F3F3F3F3F3F3F3F3F3F3F3F3FB5
S2187F6F6C3F3F3F3F3F3F3F3F3F3F3F3F3F3F3F3F3F3F3F3FA1
S2187F6F803F3F3F3F3F3F3F3F3F3F3F3F3F3F3F3F3F3F3F3F8D
S2187F6F943F3F3F3F3F3F3F3F3F3F3F3F3F3F3F3F3F3F3F3F79
S2187F6FA83F3F3F3F3F3F3F3F3F3F3F3F3F3F3F3F3F3F3F3F65
S2187F6FBC3F3F3F3F3F3F3F3F3F3F3F3F3F3F3F3F3F3F3F3F51
S2187F6FD03F3F3F3F3F3F3F3F3F3F3F3F3F3F3F3F3F3F3F3F3D
S2187F6FE43F3F3F3F3F3F3F3F3F3F3F3F3F3F3F3F3F3F3F3F29
S2187F6FF83F3F3F3F3F3F3F3F3F3F3F3F3F3F3F3F3F3F3F3F15
S2187F700C3F3F3F3F3F3F3F3F3F3F3F3F3F3F3F3F3F3F3F3F00
S2187F70203F3F3F3F3F3F3F3F3F3F3F3F3F3F3F3F3F3F3F3FEC
S2187F70343F3F3F3F3F3F3F3F3F3F3F3F3F3F3F3F3F3F3F3FD8
S2187F70483F3F3F3F3F3F3F3F3F3F3F3F3F3F3F3F3F3F3F3FC4
S2187F705C3F3F3F3F3F3F3F3F3F3F3F3F3F3F3F3F3F3F3F3FB0
S2187F70703F3F3F3F3F3F3F3F3F3F3F3F3F3F3F3F3F3F3F3F9C
S2187F70843F3F3F3F3F3F3F3F3F3F3F3F3F3F3F3F3F3F3F3F88
S2187F70983F3F3F3F3F3F3F3F3F3F3F3F3F3F3F3F3F3F3F3F74
S2187F70AC3F3F3F3F3F3F3F3F3F3F3F3F3F3F3F3F3F3F3F3F60
S2187F70C03F3F3F3F3F3F3F3F3F3F3F3F3F3F3F3F3F3F3F3F4C
S2187F70D43F3F3F3F3F3F3F3F3F3F3F3F3F3F3F3F3F3F3F3F38
S2187F70E83F3F3F3F3F3F3F3F3F3F3F3F3F3F3F3F3F3F3F3F24
S2187F70FC3F3F3F3F3F3F3F3F3F3F3F3F3F3F3F3F3F3F3F3F10
S2187F71103F3F3F3F3F3F3F3F3F3F3F3F3F3F3F3F3F3F3F3FFB
S2187F71243F3F3F3F3F3F3F3F3F3F3F3F3F3F3F3F3F3F3F3FE7
S2187F71383F3F3F3F3F3F3F3F3F3F3F3F3F3F3F3F3F3F3F3FD3
S2187F714C3F3F3F3F3F3F3F3F3F3F3F3F3F3F3F3F3F3F3F3FBF
S2187F71603F3F3F3F3F3F3F3F3F3F3F3F3F3F3F3F3F3F3F3FAB
S2187F71743F3F3F3F3F3F3F3F3F3F3F3F3F3F3F3F3F3F3F3F97
S2187F71883F3F3F3F3F3F3F3F3F3F3F3F3F3F3F3F3F3F3F3F83
S2187F719C3F3F3F3F3F3F3F3F3F3F3F3F3F3F3F3F3F3F3F3F6F
S2187F71B03F3F3F3F3F3F3F3F3F3F3F3F3F3F3F3F3F3F3F3F5B
S2187F71C43F3F3F3F3F3F3F3F3F3F3F3F3F3F3F3F3F3F3F3F47
S2187F71D83F3F3F3F3F3F3F3F3F3F3F3F3F3F3F3F3F3F3F3F33
S2187F71EC3F3F3F3F3F3F3F3F3F3F3F3F3F3F3F3F3F3F3F3F1F
S2187F72003F3F3F3F3F3F3F3F3F3F3F3F3F3F3F3F3F3F3F3F0A
S2187F72143F3F3F3F3F3F3F3F3F3F3F3F3F3F3F3F3F3F3F3FF6
S2187F72283F3F3F3F3F3F3F3F3F3F3F3F3F3F3F3F3F3F3F3FE2
S2187F723C3F3F3F3F3F3F3F3F3F3F3F3F3F3F3F3F3F3F3F3FCE
S2187F72503F3F3F3F3F3F3F3F3F3F3F3F3F3F3F3F3F3F3F3FBA
S2187F72643F3F3F3F3F3F3F3F3F3F3F3F3F3F3F3F3F3F3F3FA6
S2187F72783F3F3F3F3F3F3F3F3F3F3F3F3F3F3F3F3F3F3F3F92
S2187F728C3F3F3F3F3F3F3F3F3F3F3F3F3F3F3F3F3F3F3F3F7E
S2187F72A03F3F3F3F3F3F3F3F3F3F3F3F3F3F3F3F3F3F3F3F6A
S2187F72B43F3F3F3F3F3F3F3F3F3F3F3F3F3F3F3F3F3F3F3F56
S2187F72C83F3F3F3F3F3F3F3F3F3F3F3F3F3F3F3F3F3F3F3F42
S2187F72DC3F3F3F3F3F3F3F3F3F3F3F3F3F3F3F3F3F3F3F3F2E
S2187F72F03F3F3F3F3F3F3F3F3F3F3F3F3F3F3F3F3F3F3F3F1A
S2187F73043F3F3F3F3F3F3F3F3F3F3F3F3F3F3F3F3F3F3F3F05
S2187F73183F3F3F3F3F3F3F3F3F3F3F3F3F3F3F3F3F3F3F3FF1
S2187F732C3F3F3F3F3F3F3F3F3F3F3F3F3F3F3F3F3F3F3F3FDD
S2187F73403F3F3F3F3F3F3F3F3F3F3F3F3F3F3F3F3F3F3F3FC9
S2187F73543F3F3F3F3F3F3F3F3F3F3F3F3F3F3F3F3F3F3F3FB5
S2187F73683F3F3F3F3F3F3F3F3F3F3F3F3F3F3F3F3F3F3F3FA1
S2187F737C3F3F3F3F3F3F3F3F3F3F3F3F3F3F3F3F3F3F3F3F8D
S2187F73903F3F3F3F3F3F3F3F3F3F3F3F3F3F3F3F3F3F3F3F79
S2187F73A43F3F3F3F3F3F3F3F3F3F3F3F3F3F3F3F3F3F3F3F65
S2187F73B83F3F3F3F3F3F3F3F3F3F3F3F3F3F3F3F3F3F3F3F51
S2187F73CC3F3F3F3F3F3F3F3F3F3F3F3F3F3F3F3F3F3F3F3F3D
S2187F73E03F3F3F3F3F3F3F3F3F3F3F3F3F3F3F3F3F3F3F3F29
S2187F73F43F3F3F3F3F3F3F3F3F3F3F3F3F3F3F3F3F3F3F3F15
S2187F74083F3F3F3F3F3F3F3F3F3F3F3F3F3F3F3F3F3F3F3F00
S2187F741C3F3F3F3F3F3F3F3F3F3F3F3F3F3F3F3F3F3F3F3FEC
S2187F74303F3F3F3F3F3F3F3F3F3F3F3F3F3F3F3F3F3F3F3FD8
S2187F74443F3F3F3F3F3F3F3F3F3F3F3F3F3F3F3F3F3F3F3FC4
S2187F74583F3F3F3F3F3F3F3F3F3F3F3F3F3F3F3F3F3F3F3FB0
S2187F746C3F3F3F3F3F3F3F3F3F3F3F3F3F3F3F3F3F3F3F3F9C
S2187F74803F3F3F3F3F3F3F3F3F3F3F3F3F3F3F3F3F3F3F3F88
S2187F74943F3F3F3F3F3F3F3F3F3F3F3F3F3F3F3F3F3F3F3F74
S2187F74A83F3F3F3F3F3F3F3F3F3F3F3F3F3F3F3F3F3F3F3F60
S2187F74BC3F3F3F3F3F3F3F3F3F3F3F3F3F3F3F3F3F3F3F3F4C
S2187F74D03F3F3F3F3F3F3F3F3F3F3F3F3F3F3F3F3F3F3F3F38
S2187F74E43F3F3F3F3F3F3F3F3F3F3F3F3F3F3F3F3F3F3F3F24
S2187F74F83F3F3F3F3F3F3F3F3F3F3F3F3F3F3F3F3F3F3F3F10
S2187F750C3F3F3F3F3F3F3F3F3F3F3F3F3F3F3F3F3F3F3F3FFB
S2187F75203F3F3F3F3F3F3F3F3F3F3F3F3F3F3F3F3F3F3F3FE7
S2187F75343F3F3F3F3F3F3F3F3F3F3F3F3F3F3F3F3F3F3F3FD3
S2187F75483F3F3F3F3F3F3F3F3F3F3F3F3F3F3F3F3F3F3F3FBF
S2187F755C3F3F3F3F3F3F3F3F3F3F3F3F3F3F3F3F3F3F3F3FAB
S2187F75703F3F3F3F3F3F3F3F3F3F3F3F3F3F3F3F3F3F3F3F97
S2187F75843F3F3F3F3F3F3F3F3F3F3F3F3F3F3F3F3F3F3F3F83
S2187F75983F3F3F3F3F3F3F3F3F3F3F3F3F3F3F3F3F3F3F3F6F
S2187F75AC3F3F3F3F3F3F3F3F3F3F3F3F3F3F3F3F3F3F3F3F5B
S2187F75C03F3F3F3F3F3F3F3F3F3F3F3F3F3F3F3F3F3F3F3F47
S2187F75D43F3F3F3F3F3F3F3F3F3F3F3F3F3F3F3F3F3F3F3F33
S2187F75E83F3F3F3F3F3F3F3F3F3F3F3F3F3F3F3F3F3F3F3F1F
S2187F75FC3F3F3F3F3F3F3F3F3F3F3F3F3F3F3F3F3F3F3F3F0B
S2187F76103F3F3F3F3F3F3F3F3F3F3F3F3F3F3F3F3F3F3F3FF6
S2187F76243F3F3F3F3F3F3F3F3F3F3F3F3F3F3F3F3F3F3F3FE2
S2187F76383F3F3F3F3F3F3F3F3F3F3F3F3F3F3F3F3F3F3F3FCE
S2187F764C3F3F3F3F3F3F3F3F3F3F3F3F3F3F3F3F3F3F3F3FBA
S2187F76603F3F3F3F3F3F3F3F3F3F3F3F3F3F3F3F3F3F3F3FA6
S2187F76743F3F3F3F3F3F3F3F3F3F3F3F3F3F3F3F3F3F3F3F92
S2187F76883F3F3F3F3F3F3F3F3F3F3F3F3F3F3F3F3F3F3F3F7E
S2187F769C3F3F3F3F3F3F3F3F3F3F3F3F3F3F3F3F3F3F3F3F6A
S2187F76B03F3F3F3F3F3F3F3F3F3F3F3F3F3F3F3F3F3F3F3F56
S2187F76C43F3F3F3F3F3F3F3F3F3F3F3F3F3F3F3F3F3F3F3F42
S2187F76D83F3F3F3F3F3F3F3F3F3F3F3F3F3F3F3F3F3F3F3F2E
S2187F76EC3F3F3F3F3F3F3F3F3F3F3F3F3F3F3F3F3F3F3F3F1A
S2187F77003F3F3F3F3F3F3F3F3F3F3F3F3F3F3F3F3F3F3F3F05
S2187F77143F3F3F3F3F3F3F3F3F3F3F3F3F3F3F3F3F3F3F3FF1
S2187F77283F3F3F3F3F3F3F3F3F3F3F3F3F3F3F3F3F3F3F3FDD
S2187F773C3F3F3F3F3F3F3F3F3F3F3F3F3F3F3F3F3F3F3F3FC9
S2187F77503F3F3F3F3F3F3F3F3F3F3F3F3F3F3F3F3F3F3F3FB5
S2187F77643F3F3F3F3F3F3F3F3F3F3F3F3F3F3F3F3F3F3F3FA1
S2187F77783F3F3F3F3F3F3F3F3F3F3F3F3F3F3F3F3F3F3F3F8D
S2187F778C3F3F3F3F3F3F3F3F3F3F3F3F3F3F3F3F3F3F3F3F79
S2187F77A03F3F3F3F3F3F3F3F3F3F3F3F3F3F3F3F3F3F3F3F65
S2187F77B43F3F3F3F3F3F3F3F3F3F3F3F3F3F3F3F3F3F3F3F51
S2187F77C83F3F3F3F3F3F3F3F3F3F3F3F3F3F3F3F3F3F3F3F3D
S2187F77DC3F3F3F3F3F3F3F3F3F3F3F3F3F3F3F3F3F3F3F3F29
S2187F77F03F3F3F3F3F3F3F3F3F3F3F3F3F3F3F3F3F3F3F3F15
S2187F78043F3F3F3F3F3F3F3F3F3F3F3F3F3F3F3F3F3F3F3F00
S2187F78183F3F3F3F3F3F3F3F3F3F3F3F3F3F3F3F3F3F3F3FEC
S2187F782C3F3F3F3F3F3F3F3F3F3F3F3F3F3F3F3F3F3F3F3FD8
S2187F78403F3F3F3F3F3F3F3F3F3F3F3F3F3F3F3F3F3F3F3FC4
S2187F78543F3F3F3F3F3F3F3F3F3F3F3F3F3F3F3F3F3F3F3FB0
S2187F78683F3F3F3F3F3F3F3F3F3F3F3F3F3F3F3F3F3F3F3F9C
S2187F787C3F3F3F3F3F3F3F3F3F3F3F3F3F3F3F3F3F3F3F3F88
S2187F78903F3F3F3F3F3F3F3F3F3F3F3F3F3F3F3F3F3F3F3F74
S2187F78A43F3F3F3F3F3F3F3F3F3F3F3F3F3F3F3F3F3F3F3F60
S2187F78B83F3F3F3F3F3F3F3F3F3F3F3F3F3F3F3F3F3F3F3F4C
S2187F78CC3F3F3F3F3F3F3F3F3F3F3F3F3F3F3F3F3F3F3F3F38
S2187F78E03F3F3F3F3F3F3F3F3F3F3F3F3F3F3F3F3F3F3F3F24
S2187F78F43F3F3F3F3F3F3F3F3F3F3F3F3F3F3F3F3F3F3F3F10
S2187F79083F3F3F3F3F3F3F3F3F3F3F3F3F3F3F3F3F3F3F3FFB
S2187F791C3F3F3F3F3F3F3F3F3F3F3F3F3F3F3F3F3F3F3F3FE7
S2187F79303F3F3F3F3F3F3F3F3F3F3F3F3F3F3F3F3F3F3F3FD3
S2187F79443F3F3F3F3F3F3F3F3F3F3F3F3F3F3F3F3F3F3F3FBF
S2187F79583F3F3F3F3F3F3F3F3F3F3F3F3F3F3F3F3F3F3F3FAB
S2187F796C3F3F3F3F3F3F3F3F3F3F3F3F3F3F3F3F3F3F3F3F97
S2187F79803F3F3F3F3F3F3F3F3F3F3F3F3F3F3F3F3F3F3F3F83
S2187F79943F3F3F3F3F3F3F3F3F3F3F3F3F3F3F3F3F3F3F3F6F
S2187F79A83F3F3F3F3F3F3F3F3F3F3F3F3F3F3F3F3F3F3F3F5B
S2187F79BC3F3F3F3F3F3F3F3F3F3F3F3F3F3F3F3F3F3F3F3F47
S2187F79D03F3F3F3F3F3F3F3F3F3F3F3F3F3F3F3F3F3F3F3F33
S2187F79E43F3F3F3F3F3F3F3F3F3F3F3F3F3F3F3F3F3F3F3F1F
S2187F79F83F3F3F3F3F3F3F3F3F3F3F3F3F3F3F3F3F3F3F3F0B
S2187F7A0C3F3F3F3F3F3F3F3F3F3F3F3F3F3F3F3F3F3F3F3FF6
S2187F7A203F3F3F3F3F3F3F3F3F3F3F3F3F3F3F3F3F3F3F3FE2
S2187F7A343F3F3F3F3F3F3F3F3F3F3F3F3F3F3F3F3F3F3F3FCE
S2187F7A483F3F3F3F3F3F3F3F3F3F3F3F3F3F3F3F3F3F3F3FBA
S2187F7A5C3F3F3F3F3F3F3F3F3F3F3F3F3F3F3F3F3F3F3F3FA6
S2187F7A703F3F3F3F3F3F3F3F3F3F3F3F3F3F3F3F3F3F3F3F92
S2187F7A843F3F3F3F3F3F3F3F3F3F3F3F3F3F3F3F3F3F3F3F7E
S2187F7A983F3F3F3F3F3F3F3F3F3F3F3F3F3F3F3F3F3F3F3F6A
S2187F7AAC3F3F3F3F3F3F3F3F3F3F3F3F3F3F3F3F3F3F3F3F56
S2187F7AC03F3F3F3F3F3F3F3F3F3F3F3F3F3F3F3F3F3F3F3F42
S2187F7AD43F3F3F3F3F3F3F3F3F3F3F3F3F3F3F3F3F3F3F3F2E
S2187F7AE83F3F3F3F3F3F3F3F3F3F3F3F3F3F3F3F3F3F3F3F1A
S2187F7AFC3F3F3F3F3F3F3F3F3F3F3F3F3F3F3F3F3F3F3F3F06
S2187F7B103F3F3F3F3F3F3F3F3F3F3F3F3F3F3F3F3F3F3F3FF1
S2187F7B243F3F3F3F3F3F3F3F3F3F3F3F3F3F3F3F3F3F3F3FDD
S2187F7B383F3F3F3F3F3F3F3F3F3F3F3F3F3F3F3F3F3F3F3FC9
S2187F7B4C3F3F3F3F3F3F3F3F3F3F3F3F3F3F3F3F3F3F3F3FB5
S2187F7B603F3F3F3F3F3F3F3F3F3F3F3F3F3F3F3F3F3F3F3FA1
S2187F7B743F3F3F3F3F3F3F3F3F3F3F3F3F3F3F3F3F3F3F3F8D
S2187F7B883F3F3F3F3F3F3F3F3F3F3F3F3F3F3F3F3F3F3F3F79
S2187F7B9C3F3F3F3F3F3F3F3F3F3F3F3F3F3F3F3F3F3F3F3F65
S2187F7BB03F3F3F3F3F3F3F3F3F3F3F3F3F3F3F3F3F3F3F3F51
S2187F7BC43F3F3F3F3F3F3F3F3F3F3F3F3F3F3F3F3F3F3F3F3D
S2187F7BD83F3F3F3F3F3F3F3F3F3F3F3F3F3F3F3F3F3F3F3F29
S2187F7BEC3F3F3F3F3F3F3F3F3F3F3F3F3F3F3F3F3F3F3F3F15
S2187F7C003F3F3F3F3F3F3F3F3F3F3F3F3F3F3F3F3F3F3F3F00
S2187F7C143F3F3F3F3F3F3F3F3F3F3F3F3F3F3F3F3F3F3F3FEC
S2187F7C283F3F3F3F3F3F3F3F3F3F3F3F3F3F3F3F3F3F3F3FD8
S2187F7C3C3F3F3F3F3F3F3F3F3F3F3F3F3F3F3F3F3F3F3F3FC4
S2187F7C503F3F3F3F3F3F3F3F3F3F3F3F3F3F3F3F3F3F3F3FB0
S2187F7C643F3F3F3F3F3F3F3F3F3F3F3F3F3F3F3F3F3F3F3F9C
S2187F7C783F3F3F3F3F3F3F3F3F3F3F3F3F3F3F3F3F3F3F3F88
S2187F7C8C3F3F3F3F3F3F3F3F3F3F3F3F3F3F3F3F3F3F3F3F74
S2187F7CA03F3F3F3F3F3F3F3F3F3F3F3F3F3F3F3F3F3F3F3F60
S2187F7CB43F3F3F3F3F3F3F3F3F3F3F3F3F3F3F3F3F3F3F3F4C
S2187F7CC83F3F3F3F3F3F3F3F3F3F3F3F3F3F3F3F3F3F3F3F38
S2187F7CDC3F3F3F3F3F3F3F3F3F3F3F3F3F3F3F3F3F3F3F3F24
S2187F7CF03F3F3F3F3F3F3F3F3F3F3F3F3F3F3F3F3F3F3F3F10
S2187F7D043F3F3F3F3F3F3F3F3F3F3F3F3F3F3F3F3F3F3F3FFB
S2187F7D183F3F3F3F3F3F3F3F3F3F3F3F3F3F3F3F3F3F3F3FE7
S2187F7D2C3F3F3F3F3F3F3F3F3F3F3F3F3F3F3F3F3F3F3F3FD3
S2187F7D403F3F3F3F3F3F3F3F3F3F3F3F3F3F3F3F3F3F3F3FBF
S2187F7D543F3F3F3F3F3F3F3F3F3F3F3F3F3F3F3F3F3F3F3FAB
S2187F7D683F3F3F3F3F3F3F3F3F3F3F3F3F3F3F3F3F3F3F3F97
S2187F7D7C3F3F3F3F3F3F3F3F3F3F3F3F3F3F3F3F3F3F3F3F83
S2187F7D903F3F3F3F3F3F3F3F3F3F3F3F3F3F3F3F3F3F3F3F6F
S2187F7DA43F3F3F3F3F3F3F3F3F3F3F3F3F3F3F3F3F3F3F3F5B
S2187F7DB83F3F3F3F3F3F3F3F3F3F3F3F3F3F3F3F3F3F3F3F47
S2187F7DCC3F3F3F3F3F3F3F3F3F3F3F3F3F3F3F3F3F3F3F3F33
S2187F7DE03F3F3F3F3F3F3F3F3F3F3F3F3F3F3F3F3F3F3F3F1F
S2187F7DF43F3F3F3F3F3F3F3F3F3F3F3F3F3F3F3F3F3F3F3F0B
S2187F7E083F3F3F3F3F3F3F3F3F3F3F3F3F3F3F3F3F3F3F3FF6
S2187F7E1C3F3F3F3F3F3F3F3F3F3F3F3F3F3F3F3F3F3F3F3FE2
S2187F7E303F3F3F3F3F3F3F3F3F3F3F3F3F3F3F3F3F3F3F3FCE
S2187F7E443F3F3F3F3F3F3F3F3F3F3F3F3F3F3F3F3F3F3F3FBA
S2187F7E583F3F3F3F3F3F3F3F3F3F3F3F3F3F3F3F3F3F3F3FA6
S2187F7E6C3F3F3F3F3F3F3F3F3F3F3F3F3F3F3F3F3F3F3F3F92
S2187F7E803F3F3F3F3F3F3F3F3F3F3F3F3F3F3F3F3F3F3F3F7E
S2187F7E943F3F3F3F3F3F3F3F3F3F3F3F3F3F3F3F3F3F3F3F6A
S2187F7EA83F3F3F3F3F3F3F3F3F3F3F3F3F3F3F3F3F3F3F3F56
S2187F7EBC3F3F3F3F3F3F3F3F3F3F3F3F3F3F3F3F3F3F3F3F42
S2187F7ED03F3F3F3F3F3F3F3F3F3F3F3F3F3F3F3F3F3F3F3F2E
S2187F7EE43F3F3F3F3F3F3F3F3F3F3F3F3F3F3F3F3F3F3F3F1A
S2187F7EF83F3F3F3F3F3F3F3F3F3F3F3F3F3F3F3F3F3F3F3F06
S2187F7F0C3F3F3F3F5A9A5A9A5A9A5A9A5A9A5A9A5A9A5A9A41
S2187F7F205A9A5A9A5A9A5A9A5A9A5A9A5A9A5A9A5A9A5A9A41
S2187F7F345A9A5A9A5A9A5A9A5A9A5A9A5A9A5A9A5A9A5A9A2D
S2187F7F485A9A5A9A5A9A5A9A5A9A5A9A5A9A5A9A5A9A5A9A19
S2187F7F5C5A9A5A9A5A9A5A9A5A9A5A9A5A9A5A9A5A9A5A9A05
S2187F7F705A9A5A9A5A9A5A9A5AA25A9A5A9A5A9A5A9A5A9AE9
S2187F7F845A9A5A9A5A9A60715B335A9A5A9A5A9A5A9A5A9A66
S2187F7F985A9A5A9A5A9A5A9A5A9A5A9A5A9A5A9A5A9A5A9AC9
S2187F7FAC5A9A5A9A5A9A5A9A5A9A5A9A5A9A5A9A5A9A5A9AB5
S2187F7FC05A9A5A9A5A9A5A9A5A9A5A9A5A9A5A9A5F2E5E7529
S2187F7FD45FE75A9A5A9A5A9A5A9A5A9A5E0E5DA75D3E5CD8CC
S2187F7FE85C735C0F5BAA5B545A9A5A9A5A9A5A9A5A9A3F3FD1
S2087F7FFC3F3F3F3F01
S804000000FB
