S3450800200028f400203121000811e90008d5fb0008dffb0008e9fb0008f3fb00080000000000000000000000000000000035ea000813e900080000000035ea000803e9000818
S34508002040f9e80008f9e80008f9e80008f9e80008f9e80008f9e80008f9e80008f9e80008f9e80008f9e80008f9e80008f9e80008f9e80008f9e8000835020108f9e800086b
S34508002080f9e80008f9e80008f9e80008b35c00083b5c0008f9e80008f9e80008f9e80008f9e80008f9e80008f9e80008f9e80008f9e8000869e90008f9e80008f9e800082d
S345080020c0f9e800084de900085be90008f9e80008f9e8000815e9000823e9000831e90008f9e80008f9e80008f9e80008f9e80008f9e80008f9e80008f9e80008f9e8000809
S34508002100f9e80008f9e80008f9e80008f9e800083fe90008f9e80008f9e80008f9e80008f9e80008f9e80008f9e80008f9e800080249d1f800d00df0c1bf000000200008d5
S34508002140ffffffffffffffffffffffffffffffffcc325aa5002000089b030108aa0fc20430303030303235380046757365626f61726400312e30332e30342e3233303000a5
S3450800218000ffffffffffffffffffffffffffffffffffffffffffffffffffffffffffffffffffffffffffffffffffffffffffffffffffffffffffffffffffffffffffffff50
S345080022000a8bcb8a9a4203d13f21017000200ee0ca8a0a4492f822200270c88a401c020092b2b2f5a06f00db0020c8820120704710b401000020ca8a06e0521c13009bb283
S34508002240b3f5a06f00db002213000c8b9bb2a3420ad0401c0b7b1400a4b20c4494f82240a342ead100b201e05ff0ff3010bc70478a8b0a4482f82205888b401c020092b26f
S34508002280b2f5a06f00db002002004b8b92b29a4201d1002001e08883012070470100c88a098b081a010089b240f20152914201db10f5a06080b270470100488b898b081a40
S345080022c0010089b240f20152914201db10f5a06080b270472de9f04104000d0016003000006bc04607005ff0000801e018f10108b84511d2300001f0f2fe2100c0b2fff798
S34508002300b7ffc0b20028f1d12b00dbb2002240f20721300001f02fffd4f8240ac06850f08000d4f8241ac86042f2107104f6442002f0c4fb0020bde8f0812de9fc479846b5
S345080023404ff6ff71884502d15ff0ff3802e00a2101fb08f80b9d0a9e1700814601213800c177c046a9f8206089f81250002089f814002800c0b2002804d04846fff758ff7b
S34508002380824601e05ff0ff3a4846fff787ff0024310080b289b2884215d2504600b2002811d5414609f6282002f088fb0400002c09d1edb2002d04d04846fff739ff82469a
S345080023c001e05ff0ff3a4ff4a060a9f82000002089f812004846fff761ff050099f81400002804d03900022001f015fe15e0002c0fd1504600b2002804d53900002001f032
S345080024000afe0ae03900032001f005fe5546adb203e03900012001f0fefd3000290080b289b2884200d32e003900300080b201f055fd002409e049466846fff7e1fe390062
S345080024409df8000001f0e7fd641c2000310080b289b28842efd30020bde8f6872de9fc4104000d000026042100226f46380002f06bfb0020280001f032fe0700280001f039
S345080024802efe80463800c0b2042802db4ff480760fe04046c0b2022802db4ff4807608e002f09afb002804d100213800c0b202f04ffd40f67c20dff8541c3a00d2b2424338
S345080024c08a5612f1010f01d04ff49076320092b2002a24d13a00d2b242430a449278012a27d05ffa88f8b8f1000f03d1ffb24743cc551ee05ff0ff323b00dbb24343ca54c4
S345080025003a00d2b242430a4401239370ffb2474301eb070010f5266003f0b4f909e08df803702300dbb26a46310089b2280001f022fe0020bde8f6812de9f14f84b00c00c4
S3450800254000250421002203ae300002f0fdfadff8c00c0026200001f0c2fd0700200001f098fd0290200001f0bafd8046200001f0b6fd8146200001f0b2fd8df8040040f6a7
S345080025807c2adff888bb3800c0b20afb00f058440090200001f0a3fd009948733800c0b20afb00f058440090200001f098fd009988733800c0b20afb00f05844009020008d
S345080025c001f08dfd0099c8733800c0b20afb00f058440090200001f073fd009908823800c0b20afb00f058440090200001f077fd0099c8743800c0b20afb00f0584400901f
S34508002600200001f06cfd0099c8723800c0b20afb00f058440090200001f061fd009908733800c0b2042802db4ff4807541e00298b0f51670dff8a81c884202d340f201258e
S3450800264037e04046c0b2c01f032802d340f202252fe04846c0b2032802db40f2032528e09df80400032802db40f2062521e03800c0b20afb00f01bf9000010f1010f0ad1ee
S345080026803800c0b20afb00f058448078012802d040f221150de03800c0b20afb00f01bf900009df8101000b209b2884201d04ff48875280080b2002840f009813800c0b2f3
S345080026c00afb00f05844029941603800c0b20afb00f0584480f808803800c0b20afb00f0584480f809903800c0b20afb00f058449df8041081723800c0b2002802d0dff826
S34508002700100b01e0dff8dc0b0299b0fbf1f03900c9b20afb01f15944d1f8241a88604046c0b2072825d13800c0b20afb00f05844d0f8240a3900c9b20afb01f15944d1f814
S34508002740241ac96831f48051c1603800c0b20afb00f05844d0f8240a02213a00d2b20afb02f25a44d2f8242ad26861f34a22c2604be04046c0b2082816d14846c0b2002886
S3450800278012d13800c0b20afb00f05844d0f8240a3900c9b20afb01f15944d1f8241ac96831f48051c16030e04046c0b2082816d14846c0b2002812d03800c0b20afb00f098
S345080027c05844d0f8240a3900c9b20afb01f15944d1f8241ac96851f48051c16015e04046c0b2092811d13800c0b20afb00f05844d0f8240a3900c9b20afb01f15944d1f840
S34508002800241ac96851f48051c1605ffa89f9b9f1000f04d0b9f1020f2dd018d33ee05ffa88f8b8f1070f11d03800c0b20afb00f05844d0f8240a3900c9b20afb01f15944c9
S34508002840d1f8241ac96831f4c061c16026e03800c0b20afb00f05844d0f8240a02213a00d2b20afb02f25a44d2f8242ad26861f34a22c26012e03800c0b20afb00f058449b
S34508002880d0f8240a3900c9b20afb01f15944d1f8241ac96851f4c061c160ffe79df80400002803d0022806d002d307e0002605e04ff4405602e04ff40056ffe7ffb20afbdc
S345080028c007f70beb0700d0f8240a066109e08df80f709df8103003aa290089b2200001f04afc002005b0bde8f08ff8b506000c000027042100226d46280002f025f9200017
S3450800290001f0edfb05002800c0b2042802db4ff4807714e040f67c20dff8cc192a00d2b242438a5612f1010f09d12a00d2b200fb02f008448078012801d040f221173800d1
S3450800294080b2002871d140f67c26dff89c7921002800c0b27043385cc0b201f05cfb21002800c0b201f057fb21002800c0b270433844807801f04ffb21002800c0b27043a4
S345080029803844406801f08ffa21002800c0b270433844007a01f03ffb21002800c0b270433844407a01f037fb21002800c0b270433844807a01f02ffb21002800c0b27043a8
S345080029c03844407b01f027fb21002800c0b270433844807b01f01ffb21002800c0b270433844c07b01f017fb21002800c0b270433844008a01f072fa21002800c0b2704328
S34508002a003844c07c01f007fb21002800c0b270433844c07a01f0fffa2100edb2754307eb0500007b01f0f7fa09e08df803503300dbb26a46390089b2200001f09cfb002096
S34508002a40f2bd2de9ff4104000d005ff000080421002202ae300002f077f8280001f03ffb0600280001f02cfb0700280001f028fb01003000c0b2042802db4ff4807823e08d
S34508002a80080080b240f20152904202db4ff480781ae040f67c20dff850283300dbb24343d35613f1010f02d140f221180ce03300dbb200fb03f010562200d2b200b212b267
S34508002ac0904201d04ff48878404680b2002812d1dff81428f6b240f67c20464302eb06000022019289b200913b002a002100c9b2fff723fc09e08df80b602300dbb202aa4a
S34508002b00414689b2280001f036fb002004b0bde8f081f8b504000d000026042100226f46380002f011f8280001f0d9fa0100c9b2042902db4ff480761ae040f67c21dff82f
S34508002b40ec2c0300dbb24b43d35613f1010f02d140f221160ce00300dbb201fb03f151562200d2b209b212b2914201d04ff48876310089b200290cd1dff8b02cc0b240f6ae
S34508002b807c21484310442a002100c9b2fff7a2fb09e08df803002300dbb26a46310089b2280001f0e8fa0020f2bd2de9fe4304000d005ff000090421002202ae300001f053
S34508002bc0c3ff280001f08bfa8046280001f078fa0600280001f074fa07004046c0b2042802db4ff4807923e0380080b240f20151884202db4ff480791ae040f67c20dff8ce
S34508002c002c1c4246d2b242438a5612f1010f02d140f221190ce04246d2b200fb02f008562100c9b200b209b2884201d04ff48879484680b200281ad1dff8f01b5ffa88f8c2
S34508002c4040f67c2000fb08f888442a002100c9b24046fff73ffb00200190bfb2009733002a002100c9b24046fff767fb09e08df80b802300dbb202aa494689b2280001f069
S34508002c807afa0020bde8fe832de9ff4104000d005ff000080421002202ae300001f054ff280001f01cfa0600280001f009fa0700280001f005fa01003000c0b2042802db07
S34508002cc04ff4807823e0080080b240f20152904202db4ff480781ae040f67c20dff84c2b3300dbb24343d35613f1010f02d140f221180ce03300dbb200fb03f010562200e2
S34508002d00d2b200b212b2904201d04ff48878404680b2002812d1dff8142bf6b240f67c20464302eb06000122019289b200913b002a002100c9b2fff700fb09e08df80b6089
S34508002d402300dbb202aa414689b2280001f013fa002004b0bde8f0812de9fe4304000d005ff000090421002202ae300001f0ecfe280001f0b4f98046280001f0a1f9060010
S34508002d80280001f09df907004046c0b2042802db4ff4807923e0380080b240f20151884202db4ff480791ae040f67c20dff87c1a4246d2b242438a5612f1010f02d140f27c
S34508002dc021190ce04246d2b200fb02f008562100c9b200b209b2884201d04ff48879484680b200281ad1dff8441a5ffa88f840f67c2000fb08f888442a002100c9b240469a
S34508002e00fff768fa01200190bfb2009733002a002100c9b24046fff790fa09e08df80b802300dbb202aa494689b2280001f0a3f90020bde8fe832de9fe4304000d005ff0a2
S34508002e4000090421002202ae300001f07dfe280001f045f98046280001f032f90600280001f02ef907004046c0b2042802db4ff4807923e0380080b240f20151884202db25
S34508002e804ff480791ae040f67c20dff8a0194246d2b242438a5612f1010f02d140f221190ce04246d2b200fb02f008562100c9b200b209b2884201d04ff48879484680b2be
S34508002ec000281fd1dff864195ffa88f840f67c2000fb08f88844002088f8140098f81400002819d101200190380080b2009033002a002100c9b24046fff71ffa280000f02a
S34508002f00fdffebe78df80b802300dbb202aa494689b2280001f02ff90020bde8fe83f8b504000d000026042100226f46380001f00bfe280001f0d3f80100c9b2042902db7c
S34508002f404ff480761ae040f67c21dff8e0280300dbb24b43d35613f1010f02d140f221160ce00300dbb201fb03f151562200d2b209b212b2914201d04ff48876310089b23e
S34508002f80002911d140f67c21dff8a0280300dbb24b43134401241c75c0b24843104400f6282002f06ffc09e08df803002300dbb26a46310089b2280001f0ddf80020f2bd75
S34508002fc0f8b504000d000026042100226f46380001f0bafd280001f082f80100c9b2042902db4ff480761ae040f67c21dff83c280300dbb24b43d35613f1010f02d140f249
S3450800300021160ce00300dbb201fb03f151562200d2b209b212b2914201d04ff48876310089b200290dd140f67c21dff800280300dbb24b431344c0b248431044008bd8823e
S3450800304009e08df803002300dbb26a46310089b2280001f090f80020f2bdf8b506000c000027042100226d46280001f06dfd200001f035f805002800c0b2042802db4ff409
S3450800308080771ae040f67c20dff8a0172a00d2b242438a5612f1010f02d140f221170ce02a00d2b200fb02f008563100c9b200b209b2884201d04ff48877380080b20028e1
S345080030c018d140f67c26dff864772800c0b270433844fff7e3f8210080b200f0fffeedb2754307eb0500fff7e7f8210080b200f0f5fe09e08df803503300dbb26a463900b2
S3450800310089b2200001f037f80020f2bd240000202de9f84304000d000026042100226f46380001f011fd280000f0d9ff0700280000f0c6ff3900c9b2042902db4ff480766d
S3450800314017e040f67c21dff8e4263b00dbb24b4313449b78012b0cd03b00dbb201fb03f1515611f1010f02d140f2211601e040f22316310089b2002938d14ff6ff718842b8
S3450800318002d15ff0ff3001e00a21484340f67c28dff898963900c9b208fb01f119f901102200d2b209b212b291421bd001003800c0b208fb00f0484410f5266001f07efc6b
S345080031c000280ad13800c0b208fb00f809f808402900002000f01fff08e02900012000f01aff03e02900022000f015ff300080b2002809d08df803702300dbb26a46310020
S3450800320089b2280000f0b7ff0020bde8f2830000005125022de9f84304000d000026042100226f46380001f08ffc280000f057ff07003800c0b2042802db4ff4807624e028
S3450800324040f67c20dff8e4153a00d2b242438a562300dbb212b21bb29a4202d04ff4887613e03a00d2b242430a449278012a0cd03a00d2b200fb02f0085610f1010f02d1c9
S3450800328040f2211601e040f22316300080b2002814d140f67c28dff894953800c0b208fb00f0484410f5266002f0ecfa5ff0ff303900c9b208fb01f809f80800300080b2dd
S345080032c0002809d08df803702300dbb26a46310089b2280000f04fff0020bde8f2830000a9bf010000a24a0424000020f8b504002000c0b2002805d0022843d022d3032821
S3450800330060d07fe040f67c20dff820152200d2b242430a44dff81835c2f8243a2200d2b242430a44d2f8242a40f2712393602200d2b200fb02f00844d0f8240a42f20c01fd
S34508003340c1605fe040f67c20dff8e0142200d2b242430a44dff8dc34c2f8243a2200d2b242430a44d2f8242a4ff49c7393602200d2b200fb02f00844d0f8240a42f20c01de
S34508003380c1603fe040f67c20dff8a0142200d2b242430a44dff8a034c2f8243a2200d2b242430a44d2f8242a4ff49c7393602200d2b200fb02f00844d0f8240a42f20c013a
S345080033c0c1601fe040f67c20dff860142200d2b242430a44dff86434c2f8243a2200d2b242430a44d2f8242a4ff49c7393602200d2b200fb02f00844d0f8240a42f20c0196
S34508003400c160ffe740f67c25dff820645ff0ff302100c9b2694370542000c0b26843304444702000c0b268433044002181702000c0b2684330445ff4e13141602000c0b24a
S3450800344068433044082101722000c0b268433044002141722000c0b268433044002181722000c0b2684330440221c1722000c0b268433044032101732000c0b26843304438
S34508003480002141732000c0b268433044002181732000c0b2684330440021c1732000c0b268433044002101822000c0b2684330440021c1822000c0b268433044002101839d
S345080034c02000c0b268433044002141832000c0b268433044002181832000c0b268433044002181742000c0b2684330440021c1832000c0b2684330444ff4a0610184dff824
S345080035004073002239002000c0b26843304400f6282002f0edf9002239002000c0b26843304400f6442002f0e3f90022c5492000c0b26843304410f5266002f0d9f9e4b2ae
S345080035406c4306eb0400d0f8240a42f22c01c160f1bd70b5b54cd4f8245a2e6830061dd5a08b618b884219d0608b204490f822056860608b401c6083608bb0f5a06f01db10
S3450800358000206083a08b618b884207d1e86830f08000e86004f6442002f074f9b00632d56d68208b204480f82250208b401c2083208bb0f5a06f01db00202083208be18a03
S345080035c0884206d14ff40170e08304f6282002f059f9218be08a081a010089b240f20152914201db10f5a060218c80b2884206d2a07c002807d0207bedb2854203d104f667
S34508003600282002f03ff970bd70b58f4cd4f8245a2e6830061dd5a08b618b884219d0608b204490f822056860608b401c6083608bb0f5a06f01db00206083a08b618b8842bc
S3450800364007d1e86830f08000e86004f6442002f019f9b00632d56d68208b204480f82250208b401c2083208bb0f5a06f01db00202083208be18a884206d14ff40170e083c9
S3450800368004f6282002f0fef8218be08a081a010089b240f20152914201db10f5a060218c80b2884206d2a07c002807d0207bedb2854203d104f6282002f0e4f870bd70b552
S345080036c0624cd4f8245a2e6830061dd5a08b618b884219d0608b204490f822056860608b401c6083608bb0f5a06f01db00206083a08b618b884207d1e86830f08000e860dd
S3450800370004f6442002f0bef8b00632d56d68208b204480f82250208b401c2083208bb0f5a06f01db00202083208be18a884206d14ff40170e08304f6282002f0a3f8218bf9
S34508003740e08a081a010089b240f20152914201db10f5a060218c80b2884206d2a07c002807d0207bedb2854203d104f6282002f089f870bd70b5364cd4f8245a2e6830062a
S345080037801dd5a08b618b884219d0608b204490f822056860608b401c6083608bb0f5a06f01db00206083a08b618b884207d1e86830f08000e86004f6442002f063f8b0067f
S345080037c032d56d68208b204480f82250208b401c2083208bb0f5a06f01db00202083208be18a884206d14ff40170e08304f6282002f048f8218be08a081a010089b240f256
S345080038000152914201db10f5a060218c80b2884206d2a07c002807d0207bedb2854203d104f6282002f02ef870bd000024000020003801400044004000480040004c004026
S3450800384090030108bc020108a00a00201c150020981f002010b500202ce03c21dff8282b03009bb24b43134400249c7603009bb24b43134400245c6203009bb24b431344b6
S3450800388000249c6203009bb24b43134400245c6003009bb24b4313440400a4b2640883f8214003009bb201fb03f11144002281f82020401c010089b21029cedb0020dff80b
S345080038c0cc1a088001f0f0fb10bd2de9f24f040015001e0002f0aef90700e4b25fea4408d0e04046c0b209fb00f05044406828444146c9b209fb01f14af801006ee05ff02e
S345080039003c09dff884aa4046c0b209fb00f05044002101774046c0b209fb00f050440021c1764046c0b209fb00f05044002101764046c0b209fb00f050443900c9b211f0f1
S345080039401f013a00d2b2120212f4005211434246d2b2920112f0400211434246d2b2d20112f4407211434246d2b2920012f0200211434246d2b2d20112f4c052114311f512
S34508003980c07181814ff0ff0b4046c0b209fb00f0504480f819b04046c0b209fb00f05044a02181764046c0b209fb00f05044009981604046c0b209fb00f050443100490888
S345080039c041604046c0b22100c9b2b0eb410f88d14046c0b209fb00f04af800504046c0b209fb00f05044002141624046c0b209fb00f05044042181624046c0b209fb00f00a
S34508003a0050440021c1624046c0b209fb00f05044002101634046c0b209fb00f05044002141634046c0b209fb00f05044002141774046c0b209fb00f00aeb0001dff85029cb
S34508003a404346dbb21c20434302eb030088630022b6a14046c0b209fb00f05044806b01f047ff4046c0b209fb00f050440021c1774046c0b209fb00f90aeb090080f81eb058
S34508003a8018f101084046c0b22100c9b24900891c8842fff634af0022a5a1dff8f8382500edb21c20454303eb050001f021ff0122a0a1dff8e40801f01bffa420dff8f41cea
S34508003ac000222300dbb24343ca542200d2b242430a4400235370e4b2444301eb0400ff218170bde8f18f80b58a6a0b689854521c4868824200d30022486a824205d10022d3
S34508003b000021042000f0cdfb03e08a62486b401c486301bd10b4ca6a002308e00c68a054000a521c4c68a24200d300225b1c042bf4d310bc704710b504002100606bfff728
S34508003b40e9ff00206063a06ae062a06a002100e0491c04290dd2401c6268904200d30020626a9042f4d100220021042000f099fb00e0a06210bd426a016b8a1841688a428d
S34508003b8001d34168521a426200210163704780b50200100080b2c01110f00f000300dbb2db1e082b26d20300dbb2db1e92b2d21012f00c0212eb6302c00706d5d2b20021b9
S34508003bc0092000f06efbff202ee000200870100702d5083a012008701000c0b2082806dbd2b20021052000f05cfbff201ce01000c0b219e00100c9b20c2901d1ff2013e0d8
S34508003c00c0b201280ad14ff4fa7002f023f900220021092000f045fbff2005e000220021052000f03efbff2002bd806800e0083002780b00dbb29a4202d00278002af6d10b
S34508003c40704738b584b001a801f062ff10f1010f67d0bdf80400002813d19df8060002280ed19df8080081280ad101f0e3ff9df80910c0b2814203d101f03bfa02f03af9bc
S34508003c8052e06946bdf80400fff781ffff284bd0dff8f4269df8003013eb40033c214b4302eb03049df8061000293dd09df8081011f00f01627e914236d09df8081011f0c8
S34508003cc00f016176217f00290ad19df80810090606d40200d2b20021012000f0e2fa23e0012508e0210001a82a00d2b210440079fff7f9fe6d1c28009df80610c0b2884226
S34508003d00f0d39df80800400608d5002020772000fff711ffa06b01f0b5fd05e01020207702e0012002f096f805b030bd6161000071630000646c730038b50400dff8482687
S34508003d402000c0b2c9b211eb40013c20414302eb01055ff0ff31a86b00f0b0fea87fff2811d0dff8501a2200d2b2a420424301eb020001784078814205d02100c9b228000e
S34508003d8000f028f927e0280000f0c0f9280000f0a6f96877697f2800fff747ff02005088296b884204d050884ff6ff71884205d129002000c0b25268904706e02300dbb20f
S34508003dc000221c21280000f0d6f92800fff7d3fe280000f093f831bd10b5002410e0dff8a815220092b23c20424301eb0200807e002804d100220021112000f052fa641c22
S34508003e00200080b20828eadb01f0c0f902f0d0f902f0f4f902f0e5fb0020c04600281dd1dff864452100fe20fff75dfe01f002ff002809d1002200211a2000f032fa21001d
S34508003e400020fff750fe03e021000120fff74bfe2000fff770fea06b01f014fdfff7f1fefce780b500f01ff801bd38b50400200000f00ff90090009d290049000800001653
S34508003e80401c002801d0002100e00902002908d094f821306a462f21200000f06cf9ee20a076280032bd38b504000d0029002000c0b200f0b0f829002000000ac0b200f0ff
S34508003ec0aaf829002000000cc0b200f0a4f82900240e2000c0b200f09ef831bd38b504000d0029002000c0b200f095f82900a4b2240a2000c0b200f08ef831bd10b50400bc
S34508003f00e07e002809d11020e0760320a073607f60740020a07480202074207c50f040002074217c207e41182174207e401c10f00f002076e07f00280fd114f10c0001f05b
S34508003f4089fd5ff0ff3100b288420ad194f8212000210a2000f0a5f903e014f10c0001f056fd0020a0730020e076a020a07610bd38b5dff840480500edb2a4235d4304eb67
S34508003f8005039c78ff2c24d05c781c442171597803eb81014a625978491c11f01f010a001c78d2b2a24206d10200d2b20021262000f077f90de05970dff8c41ac0b29a7895
S34508003fc012eb40023c20424301eb0200806b01f059fc31bd38b50400dff8d827c9b2a420414302eb0105fb206077210028782844007900f010f82100287805eb8000406a9e
S34508004000fff751ff2878401c10f01f0028702000fff774ff31bd38b504000d00e87e002809d10320a873687f68740020a8741020e87680202874a87b082823db297c287ef9
S3450800404041182974287e401c10f00f002876e87f00280fd115f10c0001f0fcfc5ff0ff3100b288420ad195f8212000210a2000f018f903e015f10c0001f0c9fc0120a8734c
S3450800408000202874a87b28440474a87b401ca87331bd38b50400200000f021f80500200000f01df815eb0025200000f018f815eb0045200000f013f815eb0065280032bd42
S345080040c038b50400200000f00af80500adb2200000f005f815eb0025280080b232bd0100086b002801d100200fe0086b401e086308684a6a805c4a6a521c4a624a6a4b68e2
S345080041009a4201d300224a62c0b2704770b50400616a206b41186162606a6168884203d3616a6068091a6162606ae16a884201d101201fe0042020630026002506e0360a9a
S345080041402000fff7ccff16eb00666d1c2800c0b20428f4db6068b0420ad200202063e06a6062012200211b2000f09bf8012001e02663002070bdfeb507000d0014001e00b3
S3450800418001f058fd8030adf8000008208df80200f87e002835d10320b873787f78743c21794a3000c0b2484310443300dbb24b43134493f820305b1c80f820303000c0b2d0
S345080041c04843104490f8200000280cd13000c0b2484310443300dbb24b43134493f820305b1c80f820303000c0b201fb00f102eb010090f82000b8741020f87680203874aa
S3450800420005e03200d2b20021032000f04af828008df80400adb22d0a8df80550b6f180008df806005849f6b23c20464301eb060090f820008df80700002c0dd0042001000a
S34508004240c9b2082915da21786a460300dbb21a441171641c401cf2e7042006e000216a460300dbb21a441171401c0100c9b20829f4db684601f0eefb10f1010f10d101f099
S34508004280b9fb684601f0e6fb00208df8040002208df8050080208df80600684601f0dafbf7bd7fb506000c00150001f0c3fc8030adf8000008208df8020096f40046300005
S345080042c08df80400b6b2360a8df80560b5f180008df80600002c0dd003200100c9b2082915da21786a460300dbb21a441171641c401cf2e7032006e000216a460300dbb244
S345080043001a441171401c0100c9b20829f4db012002f012fb1d4c2188082919da26882188491c218002f008fb00200100c9b2082910da310089b204ebc1010200d2b2114460
S345080043406a460300dbb21a4412798a70401cece702f0f2fa684601f07dfb10f1010f11d101f048fb684601f075fb02208df8040000208df80500b5f180008df806006846fe
S3450800438001f068fb7fbd000060c1002074e80020e4d20020d0e20020d4ea00202de9ff4704000d0000202800006bc046062808d22300dbb200221c212800fff7dcfe0020c7
S345080043c0f5e12800fff78bfe82462800fff761fe81462800fff783fe80465046c0b2b0280bd05046c0b2b32807d05046c0b2e12803d05046c0b2c02805d100260121280032
S34508004400c177c04600e046462800006bc046f6b2b04208d02300dbb200221c212800fff7aafe0020c3e1dff85c664ff4fa61300000f044fb0700380080b2002808d02300f6
S34508004440dbb200223d212800fff795fe0020aee15ffa8afabaf1000f32d0baf1a20f5dd0baf1a30f00f08480baf1b00f00f09280baf1b20f00f08080baf1b30f00f0cd80dc
S34508004480baf1b50f00f0f980baf1c00f00f09a80baf1c10f15d0baf1c20f00f0d880baf1e10f00f0ef80baf1e20f00f01181baf1e30f00f02981baf1e40f00f03f815fe191
S345080044c065e1b9f5805f07d24046c0b210eb090041f20101884201d340271ee009f1006919f5be29002708e02800fff7f8fddff898153a00d2b288547f1c38004146c0b26a
S34508004500c9b28842f0d3dff880255ffa88f8414689b2484601f0d8fd070038e1002708e02800fff7dcfddff860153a00d2b288547f1c38004146c0b2c9b28842f0d3dff843
S345080045404c05814512d34046c0b210eb0900dff8401588420ad2dff830255ffa88f8414689b2484601f0b0fd070000e00f270ee1002001f09dfc0ae1dff81005814501d24a
S345080045800e2703e0484601f0cdfc0700002001f08ffcfce029004046c0b2fff73cfd5ff0000a08e0290099f80000fff734fd19f101091af1010a50464146c0b2c9b288429e
S345080045c0f0d3e4e0b9f5805f07d24046c0b210eb090041f20101884201d340271ce009f1006919f5be2929004046c0b2fff713fd5ff0000a0ae048460078c0462900c0b225
S34508004600fff709fd19f101091af1010a50464146c0b2c9b28842eed3b9e029004046c0b2fff7f9fc5ff0000a0ae048460078c0462900c0b2fff7effc19f101091af1010a17
S3450800464050464146c0b2c9b28842eed39fe0484601f02efc0700dff8348405e0404601f061fc070018f50068380080b2002803d1dff820048045f1d389e0484601f018fcbe
S34508004680070084e0dff800a452464146c9b289b2484602f04cf80700380080b2002816d129004046c0b2fff7b6fc5ff0000908e029004846c0b21af80000fff7acfc19f101
S345080046c0010948464146c0b2c9b28842f0d35ee0002708e02800fff702fddff8ac133a00d2b288547f1c38004146c0b2c9b28842f0d3dff894235ffa88f8414689b24846ee
S3450800470002f068f8070042e002ab6a4601a90df1010001f0adff29000198fff7c4fb29009df80100fff777fc29009df80000fff772fc29000298fff7b6fb28e02800fff7fc
S34508004740a8fc01902800fff7cafc8df801002800fff7c5fc8df800002800fff79afc0290029b9df8002001999df8010001f08fff0700380080b2002801d001f032ff06e06f
S345080047802300dbb200222e212800fff7f4fc380080b2002807d02300dbb20022390089b22800fff7e8fc300001f06cf8002004b0bde8f087d481002080b503000800dbb254
S345080047c000220621fff7d7fc012002bdf8b507000c002000fff783fc06003000c0b200280dd121000220fff716fc21000020fff712fc21000f20fff70efc002070e0300036
S34508004800c0b2ff280dd102f09df8050021000220fff701fc2100e86a80b2fff75ffb00205ee03000c0b2072802dadff86c5219e03000c0b20c2803dadff86052f61f11e061
S345080048403000c0b2132803dadff854520c3e09e000253b00dbb2002208212000fff78bfc00e06d1c3000c0b2002812d0761e002728000078c0460028f3d06d1c7f1c38002e
S3450800488080b23328f4db21000020fff7c4fb012026e000263000c0b240190078c04600280ad0761c3000c0b23328f3db21000020fff7b1fb012013e021003000c0b2fff7c3
S345080048c0aafb08e028000078c0466d1c2100c0b2fff7a1fb761e3000c0b20028f2d10120f2bd38b505000c002000fff7f8fbc0b2002806d0022824d022d304282ad021d334
S3450800490030e021000020fff786fb210065480068800b10f0010090f00100c0b2fff77bfb210061480078fff776fb2000fff7e6fa142001f08ffa00f0dcfb01f0dbfa18e0ae
S3450800494017e016e04ff40040584908600020564908700ee04ff400405549086001205249087006e02b00dbb2002207212000fff702fc21000120fff74efb21004948006837
S34508004980800b10f0010090f00100c0b2fff743fb210045480078fff73efb012032bd38b504000d002800fff79afbc0b200280ad0012813d13f49e4b21c20444301eb0400ce
S345080049c000f060ff11e05ff0ff313a4ae4b21c20444302eb040000f071f806e02300dbb2002225212800fff7c6fb012032bd70b504000d002800fff772fb06003000c0b26d
S34508004a00ff2809d1ff212c4ae4b2a420444302eb04008170a97727e03000c0b200281cd10020a87716492200d2b27820424301eb0200a84208d100211f4ae4b2a4204443b3
S34508004a4002eb040081700fe001211b4ae4b2a420444302eb0400817006e02300dbb2002225212800fff787fb29003000c0b2fff7d2fa29000020fff716fa012070bd000045
S34508004a8060c10020d4ea0020e4de002000f0050801000608ffff0508600100081002000860210008081001401aec00201410014010100140d0e20020d481002010b5eff391
S34508004ac0108272b68368002b06d08168491e816082f3108800202fe000292ad0174b1c68174ba366e066c368002b0ad0c3682367c3685b6f6367c3685b6f1c67c3685c67d1
S34508004b0002e0c4602467646703695b1c0361062020630120a063e1640a480068401c0949086082f31088200001f012ffd4f8840002e082f310880d2010bd00bf84eb00202c
S34508004b407dfe00089ceb002062f30f2262f31f42401810f0030308d0c91a1fd3db0748bf00f8012d28bf20f8022d130030b414461546103928bf20e93c00fad8490728bf4f
S34508004b8020e90c0048bf40f8042d890028bf20f8022d48bf00f8012d30bc7047c91818bf00f8012dcb0728bf00f8012d70470ee002684368024408305feac37c44bf4b44cc
S34508004bc05b1e52f804cb43f804cb091ff9d150f8041b0029ecd17047dff8c80b0078704710b504002000c0b2fef780fb0120dff8b81be4b2085510bd80b50021002001f07f
S34508004c004bff02f006fa02f0fffd03f052ff03f090ff04f0b2ff05f015fe06f013f906f0a8fb01bddff8d81ad1f83c010068002804d10120d1f83c11086003e00020d1f8d1
S34508004c403c110860704730b4020092b2502a56da0a00d2b2022a08d10122dff8a43a0400a4b253f824301a601ae00a00d2b2012a08d10022dff8883a0400a4b253f82430c8
S34508004c801a600de0dff87c2a03009bb252f823201268dff86c3a0400a4b253f824301a60dff8082b0b00dbb202eb8303db78dff8004b0500adb254f8254023600b00dbb201
S34508004cc002eb83039b78dff8ec4a0500adb254f8254023600b00dbb202eb83035b78dff8d84a0500adb254f825402360c9b212f82110dff8c82a80b252f82000016030bca4
S34508004d0070470200d2b2042a44dadff8b40a026852f400620260dff8ac0a0a00d2b230f81200dff8a42a1080dff8a00a0a00d2b250f82200dff8982a1080dff8980a0a0024
S34508004d40d2b230f81200dff8902a1080dff88c0a0a00d2b230f81200dff8842a1080dff8840a0a00d2b230f81200dff87c2a1080dff8780a0a00d2b230f81200dff8702a30
S34508004d801080dff8700ac9b230f81100dff8681a08809be00200d2b2121f042a44d2dff8200a026852f400520260dff8180a0a00d2b230f81200dff8442a1080dff80c0a11
S34508004dc00a00d2b250f82200dff8342a1080dff8040a0a00d2b230f81200dff8282a1080dff8f8090a00d2b230f81200dff8182a1080dff8f0090a00d2b230f81200dff8ca
S34508004e000c2a1080dff8e4090a00d2b230f81200dff8fc291080dff8dc09c9b230f81100dff8f019088051e0c0b2083804284dd2dff8e409026852f4805202600068dff899
S34508004e40dc291060dff8d809026852f004020260dff870090a00d2b230f81200dff8c4291080dff868090a00d2b250f82200dff8b8291080dff85c090a00d2b230f81200eb
S34508004e80dff8a8291080dff854090a00d2b230f81200dff89c291080dff848090a00d2b230f81200dff88c291080dff840090a00d2b230f81200dff880291080dff834096c
S34508004ec0c9b230f81100dff8741908807047dff84809016851f4006101600068dff83c190860dff83c09016851f002010160dff85009018851f0010101804ff6ff70dff887
S34508004f004419088040f2cf20dff83c190880dff83c190a884ff2ff3002400a8008880005000d0880088850f4807008800a884ff6ff5002400a80dff81809018851f0100174
S34508004f400180dff81009018851f004010180704770b504000d00dff8c8180a68dff8f8082300dbb250f8230002430a60dff850180a68dff8e8082300dbb250f823000243d3
S34508004f800a60dff894180a68dff8d4082300dbb250f8230002430a600868dff880180860dff8c0680a212000c0b2305c80b2fff74afe00212000c0b2305c401c80b2fff745
S34508004fc042fedff8a468601c2100c9b206f82100601c2100c9b206eb81014870edb2012d1cd1dff8885800212000c0b2285c80b2fff729fe0a212000c0b2285c401c80b240
S34508005000fff721fe601c2100c9b206eb81018870601c2100c9b206eb8101c870dff888072100c9b2405c002803d12000c0b2fff7d7fd70bd70b5040021000420fef7ebff97
S3450800504000251ee021002800c0b2fef7e4ffdff81868210016f82500fef7ddff210006eb85004078fef7d7ff210006eb85008078fef7d1ff210006eb8500c078fef7cbfff4
S345080050806d1c042ddedb70bd80b5dff8e40706f0b1f901bddff86806d0f838110968c943d0f8380101607047e0b509214e20fff7cafd09214f20fff7c6fddff84406002183
S345080050c0d0f8382111600021d0f83c010160002002904ff4fa7001904ff4fa7000900023dff89027dff89017dff8840706f090f907bd10b5fff780fddff8740706f0cef941
S34508005100002406e000212000c0b280b2fff79bfd641c2000c0b25028f4dbdff8a406016831f400610160016831f400510160dff8f006016831f00401016010bddff8dc0637
S34508005140006830f0e060dff8d01608607047dff8c806016831f0e06101600068dff8bc1608600020dff8141708707047dff8a8060221026861f31a6202600068dff89c16ad
S3450800518008600120dff8f4160870704780b572b621208df8000001208df8010000208df8020001208df80300684606f0acf922208df8000001208df8010000208df80200d0
S345080051c001208df80300684606f09df925208df8000001208df8010000208df8020001208df80300684606f08ef926208df8000001208df8010000208df8020001208df813
S345080052000300684606f07ff927208df8000001208df8010000208df8020001208df80300684606f070f934208df8000001208df8010000208df8020001208df803006846f3
S3450800524006f061f91d208df8000001208df8010000208df8020001208df80300684606f052f962b601bd2de9f04f95b004000d0000265ff000085ff0000900208df800002d
S3450800528000272800fef72bff0100c9b2522906d00100c9b22a2902d04ff404763ce00100c9b2522916d15ff0000807e02800fef716ff01a901f8080018f10108b8f1500f18
S345080052c0f4db2800fef70bff80462800fef707ff814621e0c0b22a281ed15ff0000810e02800fef7fcfe0100c9b2090901aa02f8181010f00f0001a901eb4801487018f1de
S345080053000108b8f1280febdb2800fef7e8fe80462800fef7e4fe8146300080b2002840f03581fff769fcdff858a59df81100504490f8d000192802d1fff709ff01e0fff707
S3450800534015ff5ff0000b3ae001a85fea0b11514410f80b20895c0a00d2b2032a22d00a00d2b2122a1ed00a00d2b2042a1ad00a00d2b2052a16d00a00d2b2062a12d00a0084
S34508005380d2b2072a0ed00a00d2b2082a0ad00a00d2b2092a06d00a00d2b20a2a02d0c9b213290ad16a465fea0b11514410f80b00095c584680b202f008fb1bf1010bbbf14a
S345080053c0500fc1db5ff0000b07e004e00121584680b2fff738fc1bf1010bbbf1500f80f2b08001a85fea0b11514410f80b20895c002924d0012935d0022925d00b2936d03d
S345080054000c293fd00d294dd00e2950d00f2953d0102958d011291cd014293ed0172900f08280192900f084801a2900f08280fd2900f08180fe297dd0ff29c7d0c5e7584612
S3450800544080b203f0befbc6e7584680b203f0f3fbc1e758460100c9b23800c0b202f030fd7f1cb8e7584680b201f0f6fdb3e75fea0b11514410f80b00095c584680b204f099
S345080054800dfca8e75fea0b11514410f80b00095c584680b204f002fc9de7584680b204f0befc98e7584680b205f027fa93e7584680b202f012fd8ee7bbf11a0f02d1002023
S345080054c006f05cf887e7bbf10b0f04d101210020fff73efd26e0bbf1160f04d100210020fff736fd1ee0bbf1330f04d101210120fff72efd16e0bbf1350f04d100210120a0
S34508005500fff726fd0ee0bbf1380f04d100210220fff71efd06e0bbf12a0f03d100210320fff716fd57e7584680b205f09efc52e751e750e74fe70121584680b2fff783fb6d
S3450800554049e74046c0b2002815d0022095490870c74f380006f04efbfa22fa21380006f0a9fb380005f046ff4946c9b24046c0b201f092fa0ae001208a490870bc4806f099
S3450800558039fb00205e49d1f838110860300080b2002807d02300dbb20022310089b22800fef7e9fd002015b0bde8f08f2de9f841a1b004000d0000262800fef790fd794f74
S345080055c03978022902d040f211264de00100c9b2802906d00100c9b2202902d04ff4047642e00100c9b280290fd15ff00008404680b2802838da2800fef771fd01a942465d
S3450800560092b2885418f10108f1e7c0b220282bd15ff0000824e02800fef761fdc0f3011101aa43469bb202f823100100c9b2890901aa43469bb202eb8302517010f003018d
S3450800564001aa43469bb202eb83029170c0f3810001a9424692b201eb8201c87018f10108404680b22028d6db300080b2002836d15ff0000807e004e018f1500080b203f0e3
S34508005680dafa18f10108404680b2802818da01a8414689b2405c002805d002280ad003d30328e9d0e7e7ece718f1500080b201f0d3fce6e718f1500080b203f082fae0e768
S345080056c001a80090684601f00ffa03203870684806f090fa00200a49d1f838110860300080b2002807d02300dbb20022310089b22800fef740fd002022b0bde8f0810000d2
S3450800570064ee0008a4f1000870b504000d00002601212800c177c046290022480078fef77afc290055480078fef775fc01f039fc2900c0b2fef76ffc01f037fc2900c0b286
S34508005740fef769fc01f035fc2900c0b2fef763fc280001f032fc280001f0bbfe280003f0f2f8280003f026f9280003f095ff280004f0b6fe280006f0ebf82800fff75afc64
S34508005780280005f0b9fb300080b2002807d02300dbb20022310089b22800fef7ecfc002070bd000006ec002064eb0020e0ff0008e4f4000824f6000864f70008a4f80008a8
S345080057c01810024028030108002c0140500201082c2c014030030108182c0140380301081c2c014040030108202c014048030108442c014050030108142c014000340140de
S345080058002c340140183401401c34014020340140443401401434014068eb0020040001401c100240000800402c080040180800401c080040200800404408004014080040ce
S34508005840000400402c0400402804004018040040200400400c0400405401010864010108740101089803010828eb00205ac2000860e90020955000084402010807ec0020ed
S3450800588070de000880b50100eff3108272b6c868002806d18868401c886082f31088002023e0036f984202d10023cb600be0036fcb60036fd0f874c0c3f874c0436fd0f853
S345080058c070c0c3f870c00b695b1e0b610021816606490968491c054b196082f310880021c0f8841006f0f4f9002002bd9ceb002070b504000d0016001c220021200006f08c
S3450800590063fa6560a660eff3108072b60f4921600f49096800290bd00d49096889690c4a126894614c61a16109490968616103e007490c606461a46106490968491c054a62
S34508005940116080f31088002070bd00bf414d4553cceb0020d0eb002010b40022dff868341878aa2800d01a221879552800d01a2258780100c9b2002903d00100c9b24029ab
S3450800598000db1a220100dc78c9b2a14200d01a229978c9b2c9430300dbb2c9b28b4200d01a2292b2002a01d1c0b200e0002010bc70470022dff810140879552800d01a222b
S345080059c0c879552800d01a2248790300dbb2042b00db1a228979c9b2c9430300dbb2c9b28b4200d01a2292b2002a01d1c0b200e0002070470120dff8d41308700020dff814
S34508005a00d01308700020dff8cc130870704770b50400dff8bc53dff8bc6331782878081a0100c9b215290cdb14380ae0012000f011fa31782878081a0100c9b2152900db95
S34508005a401438c0b20b28f1da200000f003f8c0b200b270bdf8b50500012000f06dff0400dff870231178491c0800c0b2142800db0021dff85c3310781e78b0420ad1dff89b
S34508005a804c030078002805d1200000f055ff5ff0ff303ce00c20dff84063177847433744d5f804c0c7f804c0177847433744d5f808c0c7f808c017784743374495f802c034
S34508005ac087f802c02d88177800fb07f0355211701578d5f1140518784519dff8f012087800280ed000200870dff8f002016851f001010160dff8e8020068400101d500f0c2
S34508005b00d8f8200000f018ffedb2280000b2f2bd70b5b44c2178002902d05ff0ff3031e00c21b14db14a2b784b43d35a03802b784b4313449b7883702b784b4313445b6810
S34508005b4043602b7801fb03f11144896881602e78761c3000c0b20b2800db0026012000f0ebfe3100a24a1278c9b2914206d1012121702e7000f0e0fe002003e02e7000f036
S34508005b80dbfe012070bd38b54ff40072994b1a60994c226832f0f00230322260974a136833f4c04313f5804313600022884b1a700022884b1a700122844b1a7000228a4b14
S34508005bc01a7000228a4b1a700122864b1a708c4a11708c4a012313608b4b1d68ed07fbd58a4dc0b255f82000894d2860106850f00400106010684008400010601868c00734
S34508005c00fcd4c9b2080080b200f096f8022073490860206830f0f000b030206031bd4ff40070744908607448016831f0f00130310160704772480078704730b46c4a117893
S34508005c40491c0800c0b20b2800db00211078664b1b78984207d163480078002803d120206c49086023e00c20604b6b4c2468640d157845435c53147844431c44674d2d6800
S34508005c8015f00f05a570147844431c44644d2d686560147800fb04f01844624b1b68836020205c4b186000204e4b1870117030bc704730b44549087800280ad04748016890
S34508005cc04908490001604648016851f00101016030e0554a0c233e483f4c05785d4325446d68956005785d432544ad68d56005785d432544ad785560057803fb05f3e35ae1
S34508005d005b055b1c13600278521c1300dbb2142b00db002213002f4c2478dbb2a34208d101230b702d490b685b085b000b60027000e0027030bc70473c4901220a603c4a22
S34508005d400123136013685b085b0013600022394b1a600022384b1a6080b2400110f17870364a10603648374a10600120364a106000200860704718b4194b1a6812f0e052a2
S34508005d80b2f1e05ff8d1284ac0b2304c14eb00649460d16008205060194800782c4911eb40511160186810f0e050b0f1e05ff9d10020009002e00098401c00900098b0f571
S34508005dc07a6ff8d311bc7047f0ff00201eec00201cec00201dec0020e0e10020146400400864004021ec00201fec00208ce5002020ec0020100c0140040c01400400014086
S34508005e0022ec00200064004004640040140201081c6400400c640040b0650040b4650040b8650040bc6500408065004000660040046600400c660040146600404066004018
S34508005e400000e0ff446600401c660040150080000100001010b513490c68002c03d012490968002901d013201ae0002801d1002016e0eff3108172b6042222630122a263de
S34508005e800022c4f88420e06408480068401c074a106081f31088200000f05afdd4f8840010bd00bf84eb00201c0000209ceb0020002807d100207049086080206f49086077
S34508005ec0002016e06c4a6e494840106011686d4841406d48814209d16c48116801606c490160002065490860002002e0002010602c20704780b55ff0ff3066490860664930
S34508005f0008606649086066490860fff788fe654965480860002000e0401c6428fcd36348086001bd54490968002901d1272016e0524902220a605e4a1060086850f040007f
S34508005f4008605c490800411e002803d05a480068c007f7d4002901d10b2000e000207047ff2056490870564908700020554908600020704710b44f4b0122404c22600180d1
S34508005f801a00531e002a03d04b4a1268d207f7d4002b01d1192006e0008889b2814201d1002000e0282010bc704780b5454a1068002809d0414800784149097811eb0021f3
S34508005fc089b21068fff7d6ff002002bd2de9f04104000d00002028490968002901d1272047e0384e316800290ed16108490031603349ff220a70314b1a703268a24201d19c
S345080060000d7035e01d7033e0306861084900884214d13068a04202d12948057001e027480570264800782649097811eb002189b23068fff79fff0021316019e01f4fdff8e5
S345080060408080387898f8001011eb002189b23068fff790ffff2188f8001039706108490031603168a14202d188f8005000e03d7080b2bde8f081000078eb002010200240c8
S3450800608055af23505231c2ab7130a5ee04200240ab89efcd80e100e084e100e080e200e084e200e00ced00e00400fa050100fa051420024040420f000c20024023ec002053
S345080060c024ec002074eb0020f8b506000c001500fff746ff002701e0761c7f1c3800210080b289b288420bd2380080b2295c3000fff76cff010089b20029edd080b202e07c
S34508006100fff753ff0020f2bd80b572b6244825490860fff784fd012005f07cfe212005f0c1fe0028fad0002005f085fe5ff4803005f054fe312005f0b5fe0028fad05ff48d
S3450800614080115ff4803005f069fe012005f06ffe392005f0a7fe0028fad04ff4404005f08bfe002005f07ffe4ff4806005f073fe002005f068fe022005f0c0fe002005f0f8
S34508006180c6fe102005f0cdfe022005f054fe40f2fd10054908605ff090500449086001bd0020000808ed00e0181002401c10024080b572b64ff4407005f0a0f914208df8b1
S345080061c0000001208df8010000208df8020001208df80300684605f096f913208df8000001208df8010000208df8020001208df80300684605f087f962b601bd80b5d14872
S34508006200016851f480410160cf48016831f4700111f530010160016821f0704111f130410160ca48016851f0010101608020c84908609020c7490860c748c8490860c849da
S3450800624008600e208df8000003208df8010000208df8020001208df803000720c14908805420c14908800022c049c148fff740fb0122c049c048fff73bfb684605f043f999
S3450800628001bd2de9f04104002000c0b2152801db3b20c5e0dff8e4e25ff0000c0800c0b21d2801d33b20bbe0089d06980c26b44fa0465ffa88f806fb08f8b844a8f8065071
S345080062c0b04dc9b255f821102500edb2754379512100c9b2714339440a712100c9b271433944a14a128892b232f03b028a60c0b200280bd02000c0b2704338442100c9b25b
S3450800630071433944896851f0020181600798dbb2002b10d02100c9b2714339442200d2b272433a44926852f001028a6003e01cf1010c5fea5e0e704503d26146c9b2072974
S34508006340f5db0998c0f800e02000c0b2704338442100c9b27143394489685ffa8cfc5feacc0c1ffa8cfc5cea010cc0f808c02000c0b27043395801222000c0b27043384457
S3450800638090f9040082400a612000c0b2704338440079082822db2000c0b2704339582000c0b27043385842680f232000c0b270433844007910f00700c0b2800083409a4354
S345080063c00323e4b2744307eb0400007910f00700c0b2800083409a184a6020e02000c0b27043385801680f222000c0b270433844007910f00700c0b2800082409143032238
S345080064002000c0b270433844007910f00700c0b2800082405118e4b27443385901600020bde8f0812de9f84f0400884691469a462000c0b2152801db3b2076e00c25504e6a
S345080064402000c0b268433058002801d13f206ce0494f64213800fef731fb002801d0382063e0c3462000c0b26843304480683e4908803948018889f80010008889f8000045
S345080064805ff001082000c0b2684330582100c9b2694331440979103118fa01f101612000c0b268433044c088fff7d4fc2848016849084900016027490a68520852000a6040
S345080064c0314ac2f80090314ac2f800b05246d2b22f4b1a605ffa8afa2e4ac2f800a04ff480522d4b1a60026852f00b020260086850f00100086014211d48fef7dffa210061
S34508006500c9b269437258e4b26c4306eb040191f9041018fa01f8c2f81080002801d0392003e03800fff7aef90020bde8f28f80b5074801680909090101600d48fff7a2f98e
S3450800654001bd00001c100240040c01401410024044000240580002400c3800404c00024060000240043800400038004088030108f0ea0020240201080ceb002080a8120153
S34508006580e4e00020000000205000024064000240480002405c0002400400024010b4dff88c43a378002b0bd0c0b230f0080013005b0913f00803184308704a70881c0ee05a
S345080065c00870637804e01800c0b20a54120a5b1e1800c0b20028f6d160780844401c10bc704778b585b00020dff844130878002801d000203ae001200870ce4c23000822fa
S345080066004ff40051012000f042f804a803900020029001940020009000230c2201210020fff72ffe010089b2002901d080b21de0be4c0620a07214f14e0514f10a06012349
S345080066402a0031000020fff7edfe010089b2002901d080b20ae00120a0720020e07201232a0031000020fff7ddfe80b206b070bd30b4ae4c2578057060680860e07810703c
S3450800668021894ff47a704143196030bc704730b585b00400a54d69602c701000c0b2412800db40221000c0b2002801d0ea7001e00820e870b1f5007f04d10120a87001202e
S345080066c0687019e0002203e0686840086860521c2879c00702d468680028f5d10120904068606868884201d036201ee00020a870d2b2d208521c6a70e4b2022c01d1402020
S34508006700e87004a803900020029001930020009000230c2201210020fff7b3fd04984ff47a71b0fbf1f02881002005b030bd2de9f84306000d0014007d480078002801d115
S345080067403e2045e0794f7868290089b28919884201d235203ce05ff040080fe00a782270491c641c401c0200434692b29bb29a42f4d3b5eb0805404680b28619280080b2d4
S34508006780002824d017f10a09320049460320fff705ff2800414680b289b2884200d2a8467b7813eb08035b1cdbb217f14e0249460020fff737fe010089b2002905d17878b3
S345080067c0384410f14f010020cde780b200e00020bde8f2832de9f047554b1b78002b01d13e20a1e08146514c60680b009bb213eb0903984201d2352096e094f803a088463f
S34508006800170001e094f803a0404680b2002800f08a800620a07214f14e0514f10a0601232a0031000020fff7fdfd4a4631000220fff7b4fee178491e19ea010f13d141464c
S34508006840524689b292b2914200d2c24600210a00534692b29bb29a4224d23a7802707f1c401c491cf3e794f803a01aeb090ae178491ec94311ea0a0abaeb090a41465246cc
S3450800688089b292b2914200d2c246002104e03a7802707f1c401c491c0a00534692b29bb29a42f4d3637813eb0a035b1cdbb22a0031000020fff7b6fdb8eb0a081ffa8afae2
S345080068c01aeb09095ff00a0a207801289ad1baf1010a0120fff7befa0520a07202232a0031000020fff79efd0100080080b200280cd194f84f00c0070bd50120c0b200287a
S3450800690009d0504680b20028e1d104e0080080b20ae00020f2e71ffa8afabaf1000f7ff471af342000e00020bde8f087f8e400201bec002080841e00eff3108180f31088b0
S345080069400846704701480068704700bf84eb002010b504004848006884420ad1e06c002807d05ff0ff31884203d014f14c0005f0e5faeff3108072b640490968491e3f4adc
S345080069801160a16b002964d00021a163e16a226aa2421ad0226a636a5362626a236a1362374a52f82120a24253d1354a236a42f82130344909688c424bd133490968304a5f
S345080069c052f821102f4a116043e02d4a002342f821302e4a1268012313fa01f1c94311402a4a11600021294a1268d3b2002b20d1120ad3b20831002b1bd1120ad3b208310b
S34508006a00002b16d1120ad3b20831002b11d11e4920220a601b4900220a6080f310881c480068164909680843002823d105f0c8fa20e0184a9a5c5118134a1160114909682d
S34508006a408c4206d1104909680d4a52f821100d4a116080f31088084800680a490968884208d00b480068054909680843002801d105f0a6fa10bd00bf84eb00209ceb0020c0
S34508006a8010e7002088eb002098eb002094eb00201c000020e4df002070b504000d00dff8e0633078012805d1dff8d80305f08afa0020307000200ce00021dff8cc230300e5
S34508006ac0dbb2d1540021dff8c4230300dbb2d154401c0100c9b28029eedbdff8b4030570dff8b003047070bd2de9f04f8bb00700dff8a043dff8a053207805ebc000867869
S34508006b005ff000095ff0000b5ff0000a102100220df11c084046fef717f839685ff0000800221be01af1010a17e007ab5846c0b21f5cdff86803d4465ffa8cfc10f80c008d
S34508006b4007405846c0b21f54491c5046c0b20728e8db5ff0000a1bf1010b521ccc4f1300dbb297f800c03000c0b200fb0cfcb3ebcc0f2fda00200b78002b05d0022b0dd021
S34508006b8007d3032b0fd013e0207805ebc00080790ee0207805ebc000807909e0207805ebc000807904e0207805ebc000c079ffe7c0b20128b9d107ab5846c0b21f5cb848a6
S34508006bc0d4465ffa8cfc10f80c0007435846c0b21f54b9e75ff0000a23e007aa4346dbb2d25c04ab8c465ffa8cfc63445a7018f10108491c0a003300d2b2dbb29a42ecd387
S34508006c00012102910121019100210091002303aa711cc9b2c0b204f030fe19f101091af1010a50463978c0b2884214d204a80390207815f830004a46d2b2217805ebc101b9
S34508006c40497801fb0200217805ebc10149798df810100021cee78a4c2078002815d10120059000200490012003900a2002904ff47a7001908b48009000230ff2e5128a495a
S34508006c80804805f0d7f9012020700bb0bde8f08f2de9f84189b007a9844ad2e90034c1e9003400240568002601e0641c761c300077490978c0b288424ad2764fdff8d8816e
S34508006cc0387808ebc000c0788df80c0003a8069005a80490012002900120019004a80090042306aa0121387818f830c0a6465ffa8efe387808ebc000407800fb0ecc604627
S34508006d00c0b204f0bafd002000e0401c01003a7808ebc2029278c9b29142c6d2002102e001222a7011e00a00d2b2082aedda05aa0300dbb2d25c07ab8c465ffa8cfc13f85d
S34508006d400c301a42ecd100222a706d1c491ceae70ab0bde8f081f0b58db00ba9544ad2e90034c1e9003400240568002644e008a9002200235ff0000c81e80c10017807eb48
S34508006d80c10109798df8201008a99df818204a7006aa53788b709378cb70d3780b7113794b7153798b719379cb71d2790a7208a9059103a90491012102910121019104a954
S34508006dc00091002305aa017807ebc1018978491cc9b290f800c017f83cc0a6465ffa8efe007807ebc000407800fb0ecc6046c0b204f043fd641c761c300025490978c0b24a
S34508006e0088422bd20821002206af3800fdf79cfe002117e0287801280dd106aa0800c0b2175c0ba89c465ffa8cfc10f80c0007430800c0b217546d1c5b1c1800c0b20828e8
S34508006e40e8db491c1348144f0a00037807ebc3039b78d2b29a428ad20023eee70db0f0bde0b5094801900948009001a8fff710ff6846fff770ff6420fef7ecfff5e7000057
S34508006e8019ec0020b0e3002010e6002090e6002017ec002018ec0020f8fe00088003010878030108789a0020b00201086803010870030108f8b50024012769e03800c0b222
S34508006ec016f8200055f820000068c0b2002852d13800c0b216f8200055f8200000683900c9b206eb8101c978c0b2884243d03a00d2b21221dff844050078fdf739f8641c32
S34508006f0039e0dff83c653800c0b206eb8000407801283cd13800c0b206eb8000807801f064f8012833d12000c0b206282fdadff814553800c0b216f8200055f82000006866
S34508006f40c0b20128bad13800c0b216f8200055f8200000683900c9b206eb8101c978c0b28842abd03a00d2b20321dff8d0040078fcf7feff641c3800c0b216f8200055f877
S34508006f80200000683900c9b206eb8101c8707f1cdff8b40400883900c9b289b28842b0d2f1bddff8a80400787047dff8900400787047dff89c0400787047f8b50400dff8c7
S34508006fc0886421003088c0b2fdf725f801251ce021002800c0b2fdf71ef8dff86474210007eb85004078fdf716f8210007eb85008078fdf710f8210017f82500fdf70bf87b
S3450800700021000020fdf707f86d1c3088a842dfdaf1bd10b5dff83c442078012805d1dff8380404f03bfa002020700020dff81814088001200de0dff80814002201f82020d6
S34508007040002201eb80035a70ff2201eb80018a70401cc828efdb10bddff8ec13dff8e0230b8802eb8303187100200b8802eb830250710888401c088070472de9fe43040091
S345080070800d0000262800fdf72af880462800fdf726f88146fdf7a0fd002802d140f212265be0fdf799fd022802d140f2122654e04046c0b2042802db4ff480764de048463f
S345080070c0c0b2022802db4ff4807646e04846c0b2012802d140f215263fe0300080b200283bd1dff8687387f80080dff8640380f80090dff848030470dff8588398f80000bd
S34508007100002815d1dff8540301210291397830f811100191397830f8110000900023d04ad049cd4804f074f9012088f8000014e0012088f80000dff82083404604f05afdfd
S34508007140c648397830f81120397830f81110404604f0b0fd404604f04df9300080b2002807d02300dbb20022310089b22800fdf702f80020bde8fe832de9f84f04000d009f
S345080071805ff000082800fcf7aaff060000271ce0404680b2002817d1a9485946c9b200eb810181f801905ffa8bfb00eb8b0080f802a009e05046c0b21028e9db5046c0b2cf
S345080071c0ff28e5d04ff480787f1c38003100c0b2c9b288422ed22800fcf781ff83462800fcf77dff81462800fcf779ff8246fdf7f3fc002802d140f21228e5e7fdf7ecfca0
S34508007200022802d140f21228dee75846c0b2002806d08d4800885946c9b289b2884202d24ff48078d0e74846c0b20228c2db4ff48078c9e7404680b2002807d02300dbb2a9
S345080072400022414689b22800fcf795ff0020bde8f28f2de9f04104000d0000262800fcf73eff0700fdf7b8fc002802d140f2122640e0fdf7b1fc022802d140f2122639e0fc
S345080072803800c0b2002806d06f4800883900c9b289b2884202d24ff480762be0300080b2002827d129003800c0b2fcf7b4fedff890813800c0b208eb8000807800f095fe8e
S345080072c001280cd129005f483a00d2b218f8222050f822000068c0b2fcf79dfe03e029000020fcf798fe2900ffb208eb87008078fcf791fe300080b2002807d02300dbb234
S345080073000022310089b22800fcf735ff0020bde8f0812de9f047b2b004000d0000262800fcf7ddfe07005ff000091ae0e8462800fcf7d5fe4946c9b208f801004846c0b2d0
S3450800734018f80000002808d03f4800884946c9b218f8011089b2884201d24ff4807619f1010948463900c0b2c9b28842ded3fdf733fc002811d140f21226300080b2002840
S3450800738007d02300dbb20022310089b22800fcf7f2fe002032b0bde8f087fdf71dfc022802d140f21226e8e7300080b20028e4d101212800c177c04629003800c0b2fcf7b1
S345080073c02afe5ff000080fe029000020fcf723fe29004046c0b21af8000009eb80008078fcf719fe18f1010840463900c0b2c9b28842c2d2ea4629004046c0b21af800008c
S34508007400fcf709fedff838904046c0b21af8000009eb8000807800f0e8fd0128d4d1290008484246d2b21af8022019f8222050f822000068c0b2fcf7eefdc9e70bec002097
S3450800744040c80020a4f10008fceb002008ec002009ec00200aec00208ce9002058030108b56e0008840101080100ff221000c9b2032917d0042919d0052919d0062919d03c
S34508007480072919d0082919d0092919d00a2919d00e291bd0122907d0132915d0ff2916d1100014e0012012e0022010e003200ee004200ce005200ae0062008e0072006e07c
S345080074c0082004e0092002e00a2000e00b20c0b27047f8b5040021001020fcf79cfd00254fe02100dff8240b07fb05f232449278805cfcf790fd0de021000320fcf78bfd7f
S3450800750007fb05f030448078ff28ead12100ff20fcf781fd21000720fcf77dfd210007fb05f03044007bfcf776fd210007fb05f030440069fcf795fc210007fb05f0304420
S345080075404069fcf78efc210007fb05f030440079fcf761fd210007fb05f03044006afcf780fc210007fb05f03044c069fcf779fc210007fb05f706eb07008069fcf771fc9f
S345080075806d1c102d2ada21002800c0b2fcf743fd2827dff8086d210007fb05f03044c078fcf739fd07fb05f0305cfff75dff2100c0b2fcf730fd210007fb05f030444078b1
S345080075c0fcf729fd07fb05f0305cfff74dffff2892d121000020fcf71efd91e7f1bd2de9f04106000f002824dff8b05c380080b2390089b2484304f0a5fd3100c9b26143c6
S345080076002944096a04f0b0fd8046bfb2380004f017fe3100c9b261432944c96904f0a4fd414604f01bfef6b2664305eb0601896904f014febde8f0812de9f84300249ce0e4
S34508007640380004f0bdfe02000b00904699462000c0b268433044006904f0b2fedff8a42adff8a43a04f0d0fe42464b4604f0a2ff18d32000c0b268433044406904f0a0fef4
S34508007680dff8882adff8883a04f0befe02000b0090469946380004f093fe42464b4604f089ff69d22000c0b26843304490f8250032281fd12000c0b268433044007b01289e
S345080076c011d12000c0b26843304490f82400002809d12200d2b213212000c0b268433044c078fcf745fc2000c0b268433044012180f824102000c0b2684330442100c9b278
S3450800770005fb01f506eb050191f82510491c80f8251031e038002100c9b269433144096904f062ff8cd22000c0b268433044007b012811d12000c0b26843304490f82400bf
S34508007740012809d12200d2b201212000c0b268433044c078fcf70cfc2000c0b268433044002180f824102000c0b205fb00f506eb0500002180f82510641c2000c0b2102839
S3450800778040dadff81c0b2100c9b230f811102000c0b2fff724ff07002825dff8006b2000c0b2684330444069390004f01dffb1d22000c0b268433044007b012811d1200000
S345080077c0c0b26843304490f82400012809d12200d2b202212000c0b268433044c078fcf7c7fb2000c0b268433044002180f824102000c0b205fb00f506eb0500002180f840
S345080078002510b9e7bde8f1833eb5dff8984a2078012807d1dff8900a03f040fedff8500c04f0f6fedff8840a016851f400710160dff87c5a280004f063ff0121280004f0fc
S345080078408fff280004f099ff280004f09bff0028fad1280004f09fff280004f0a1ff0028fad1002044e02821dff8302aff2301fb00f515446b7001fb00f51544eb7001fb00
S3450800788000f51544ab70002301fb00f515442b71002301fb00f51544ab60002301fb00f515442b73002301fb00f515442b61002301fb00f515446b61002301fb00f5154426
S345080078c0ab61002301fb00f51544eb61002301fb00f515442b62002301fb00f5154485f82430002301fb00f1114481f82530401c1028b8dbdff87c1b00200860dff8782bb3
S3450800790000201060dff8740b036853f001030360dff86c0bdff86c3b1860dff88409dff8683b18601020dff8643b1860106850f480501060136840f2a2700343136010689a
S3450800794050f0010010604ff49070dff8442b10604ff481700860dff83c0bdff83c2b1060dff8380bdff8382b1060dff8380bdff8382b1060dff8340bdff8342b1060dff8cc
S34508007980340bdff8342b1060086850f001000860086850f001000860012002900a2001900a2000900023dff8142bdff8141bdff8f80803f02dfd0022dff8081bdff8b00a9a
S345080079c004f0fefe0120207037bdf8b504000f0015001026200080b200281ed001281ed002281ed003281ed004281ed005281ed006281ed007281ed010281ed011281ed06e
S34508007a0020281ed021281ed022281ed023281ed024281ed025281ed01fe000261de001261be0022619e0032617e0042615e0052613e0062611e007260fe008260de00926a0
S34508007a400be00a2609e00b2607e00c2605e00d2603e00e2601e00f26ffe73000c0b2102880f22d820321200080b2fdf7ecf82820dff828183200d2b242430a4454703a0050
S34508007a80d2b2032a1ad0042a00f08b80052a00f0ba80062a00f0e980072a00f01781082a00f04581092a00f074810a2a00f0a581122a3bd0132a00f0d38100e23200d2b2af
S34508007ac042430a44042313713200d2b242430a44dff82c3c13613200d2b242430a44dff8243c53613200d2b242430a44002393613200d2b242430a440023d3613200d2b214
S34508007b0042430a44002313623200d2b242430a44dff8f43b93603200d2b242438f54f6b2464301eb0600ff218170c8e13200d2b242430a44042313713200d2b242430a4492
S34508007b40dff8bc3b13613200d2b242430a44dff8b43b53613200d2b242430a44002393613200d2b242430a440023d3613200d2b242430a44002313623200d2b242430a4488
S34508007b80dff8843b93603200d2b242438f54f6b2464301eb0600297881702878401c28708de13200d2b242430a44022313713200d2b242430a44dff8183c13613200d2b249
S34508007bc042430a44dff80c3c53613200d2b242430a44002393613200d2b242430a44dff8f83bd3613200d2b242430a44002313623200d2b242438f54f6b2464301eb060008
S34508007c00ff2181705be13200d2b242430a44022313713200d2b242430a44dff8c03b13613200d2b242430a44dff8b43b53613200d2b242430a44002393613200d2b242430a
S34508007c400a44dff8a03bd3613200d2b242430a44002313623200d2b242438f54f6b2464301eb0600ff21817029e13200d2b242430a44022313713200d2b242430a44002367
S34508007c8013613200d2b242430a44dff85c3b53613200d2b242430a44002393613200d2b242430a44dff8443bd3613200d2b242430a44002313623200d2b242438f54f6b2fd
S34508007cc0464301eb0600ff218170f8e03200d2b242430a44022313713200d2b242430a44002313613200d2b242430a44dff8003b53613200d2b242430a440023936132009f
S34508007d00d2b242430a44dff8ec3ad3613200d2b242430a44002313623200d2b242438f54f6b2464301eb0600ff218170c7e03200d2b242430a44032313713200d2b2424325
S34508007d400a44dff8b43a13613200d2b242430a44dff8a83a53613200d2b242430a44002393613200d2b242430a44dff8943ad3613200d2b242430a44002313623200d2b29f
S34508007d8042438f54f6b2464301eb0600ff21817095e03200d2b242430a44072313713200d2b242430a44dff85c3a13613200d2b242430a44dff8503a53613200d2b242432a
S34508007dc00a44002393613200d2b242430a440023d3613200d2b242430a44002313623200d2b242438f54f6b2464301eb0600297881702878401c287061e03200d2b242432c
S34508007e000a44032313713200d2b242430a44002313613200d2b242430a44dff8f03953613200d2b242430a44002393613200d2b242430a440023d3613200d2b242430a44d6
S34508007e40002313623200d2b242438f54f6b2464301eb0600297881702878401c28702ee03200d2b242430a44022313713200d2b242430a44002313613200d2b242430a440c
S34508007e80dff8643953613200d2b242430a44002393613200d2b242430a44dff85039d3613200d2b242430a44002313623200d2b200fb02f00f54dff858090670ffe7f1bd66
S34508007ec080b50a00dff84c19c0b20a540721d2b2100080b2fcf7b7fe01bd10b50400200080b2042828d1dff83009016851f0005101600321200080b2fcf7a5fedff81c0921
S34508007f00016851f0010101600020dff8141908602820dff81019220092b242430a4454700e2223009bb24343ca54a4b2444301eb0400022101712be0200080b2052827d12d
S34508007f40dff8d408016851f0005101600321200080b2fcf778fedff8c408016851f4803101600020dff8c01808602820dff8b418220092b242430a4454700e2223009bb2e3
S34508007f804343ca54a4b2444301eb04000221017110bd80b5002104f013fadff89028dff8903804f031fa0022dff8883804f03cfc04f06afd80b2dff86818086001bd80b518
S34508007fc0002104f0fdf9dff86428dff8643804f01bfa0022dff85c3804f026fc04f054fd80b2dff84418086001bd0100c9b2112901db012007e0dff82c28c0b2282148430b
S34508008000104490f82400c0b27047000038eb0020f8b5050000200024a1482900c9b230f81160dff8ec271178ff2919d0117830f811101078fff7d3fa0700300004f000f9e5
S34508008040964aedb228214d4302eb0501896804f037fd0100380004f087f804f0bdfd0600dff8d457b5f90000864202d3dff8cc073ae0b5f9da00b04203d3dff8c40733e018
S34508008080641c2000c0b235f910008642f8d3641e2000c0b235f91000861b300004f0d0f806002000c0b235f910002100c9b205eb4101b1f90210401a04f044f801003000d5
S345080080c004f0fefc0500e4b2200004f0b9f80100280004f0c3f804f073f90022dff8643704f0a2fb04f084fddff85c1704f0b4fd04d9dff80c1604f077fa01d2dff84c072b
S34508008100f2bd0000295c8fc2f528f03fae47e17a14aeef3f2de9f14f84b00c0000252000fbf7ddff8df80100002657e0280080b2002852d13800c0b2504318449df81010a1
S34508008140c1703800c0b2504318449df8001001733800c0b250431844029901613800c0b250431844019941615ffa88f8b8f1010f33d14846c0b2002805d03800c0b25043d3
S34508008180184480f804903800c0b250431844039901623800c0b250431844c0f81ca0ffb2574303eb0700c0f818b016e09df80000022810da0298019904f04efd0bd9484660
S345080081c0c0b20c2807da4046c0b2022803da3800c0b21028aadb4ff48075761c30009df80110c0b2884248d22000fbf778ff07002000fbf774ff8df800002000fbf735feaf
S3450800820002902000fbf731fe01902000fbf767ff80462000fbf763ff81462000fbf725fe03902000fbf721fe82462000fbf71dfe8346fcf7d1fc002802d140f21225cce7c5
S34508008240fcf7cafc022802d140f21225c5e72822dff8d0353800c0b2504318444078ff2802d140f22115b8e73800c0b25043185c0e289bd140f22315afe7280080b20028d8
S3450800828007d09df810300022290089b22000fbf772ff002005b0bde8f08f000070ce0020b4ea00200cec0020b8e9002018100240002401402de9f84f04000d000026280082
S345080082c0fbf70dff0700fcf787fc002802d140f21226bde0fcf780fc022802d140f21226b6e0300080b2002840f0b280dff880814ff47a71404604f0c3fcc0b2002840f092
S3450800830099805ff02809dff81ca53800c0b209fb00f050448078ff2816d03800c0b209fb00f01af800000a280ed0dff82405dff8e4143a00d2b209fb02f252449278895cfd
S3450800834050f82100012101603800c0b209fb00f050448068002104f07ffc0ad23800c0b209fb00f050448068fff713fec820fdf771fd3800c0b209fb00f01af80000032837
S3450800838007d03800c0b209fb00f01af80000122805d13800c0b2fff73bfe834615e03800c0b209fb00f01af800000e2802d1dff89cb40ae0dff89c043900c9b230f8111043
S345080083c03800c0b2fff70bf9834629003800c0b2fbf721fe29005846fbf743fd29003800c0b209fb00f050440079fbf714fe3800c0b209fb00f050448078ff2816d03800de
S34508008400c0b209fb00f01af800000a280ed0dff84004dff80014ffb209fb07f70aeb07029278895c50f8210000210160404604f0b5fc0de029003800c0b2fbf7ecfd290026
S34508008440dff8c403fbf70dfd29000020fbf7e3fd300080b2002807d02300dbb20022310089b22800fbf787fe0020bde8f28f0000b8e80020082401400800024014100240d8
S345080084804c24014010000240140002400c00024004240140922449000c2401409224491210240140acb9f7002c240140e6a0a416302401402088410a3424014039760008a3
S345080084c094010108a40101082de9f14f86b00c0000252000fbf703fe8df80000002607e02000fbf7fcfd01a93200d2b28854761c30009df80010c0b28842f1d3fcf76cfbb8
S34508008500002802d140f2122505e0fcf765fb022801d140f21225280080b2002840f0de8021009df80000fbf776fd00265be0210001a83200d2b2805cfbf76dfd2100b248cd
S34508008540fbf78ffc21000020fbf765fd4ae0c1483100c9b21af8011030f811103000c0b21af80000fff73bf8834621003000c0b21af80000fbf74ffd21005846fbf771fcb9
S3450800858021003000c0b21af8000008fb00f048440079fbf740fd3000c0b21af8000008fb00f048448078ff2819d03000c0b21af8000008fb00f019f800000a280fd0a448c1
S345080085c094493200d2b21af8022008fb02f809eb08029278895c50f8210000210160380004f0dcfb761c30009df80010c0b2884274d2994f4ff47a71380004f041fbc0b2f5
S34508008600002894d15ff02808dff818920df1040a3000c0b21af8000008fb00f048448078ff2818d03000c0b21af8000008fb00f019f800000a280ed0854876493200d2b24f
S345080086401af8022008fb02f24a449278895c50f82100012101603000c0b21af8000008fb00f048448068002104f0f6fa0cd23000c0b21af8000008fb00f048448068fff749
S3450800868088fcc820fdf7e6fb3000c0b21af8000008fb00f019f80000032809d03000c0b21af8000008fb00f019f80000122807d13000c0b21af80000fff7aafc834654e791
S345080086c03000c0b21af8000008fb00f019f800000e287ff43cafdff874b146e7280080b2002808d09df81830dbb20022290089b22000fbf740fd002007b0bde8f08f000063
S34508008700000010c1cdccc742000040402de9f04104000d0000262800fbf7e1fc07002800fbf7a3fb8046fcf757fa002802d140f212262fe0fcf750fa022802d140f21226e2
S3450800874028e03800c0b2012804d1364890f8a0000e2808d13800c0b2022807d1314890f8c8000e2802d040f2211613e03800c0b203280dda3800c0b2002809d04046374940
S3450800878004f06afa04d94046002103f02dff01d24ff48076300080b2002809d1ffb2012f03d14046fff7f5fb02e04046fff707fc300080b2002807d02300dbb2002231005a
S345080087c089b22800fbf7d7fc0020bde8f0810000cdccac413333d3414350093c33331742cdcc38427742743c333353406740533a000020410596523c6f12833b0ad7a33c44
S34508008800820dc4360000a04000401c469a9949402000002038eb00201c100240007400400874004070ce0020147400408c2ebae8a26393400000e03ffcfb00080000c8c200
S345080088400000c842000022c00100c6425cff794464ee0008b4ea0020b8e8002034335340f8b5dff8840b0088adf80000002661e03000c0b2604328440021417125e00624b1
S34508008880dff8685b3000c0b260432844407800284fd0dff85c7b3000c0b26043285c57f8200000683100c9b2614329440979c0b28842ddd03000c0b2604328443100c9b28d
S345080088c0614329444979491c4171dff8280b3100c9b261432944497830f811003100c9b261432944497989b2884222d23200d2b268463100c9b2614329440979415c3000d7
S34508008900c0b260432844c078fbf732fb3000c0b260432844002141713000c0b2604328443100c9b204fb01f4295d57f8211009680171761c3000c0b2dff8bc1a098880b2ef
S3450800894088429cd3f1bd2de9f0410400dff8a85a21002888c0b2fbf75efb002625e021003000c0b2fbf757fb0627dff8808a210007fb06f018f80000fbf74dfb210007fb8a
S3450800898006f04044c078fbf746fb210007fb06f040444078fbf73ffb210007fb06f708eb07008078fbf737fb761c28888642d6dbbde8f081f8b50400dff8406a2100308831
S345080089c0c0b2fbf728fb002512e021002800c0b2fbf721fbdff8807c210017f82500fbf71afb210007eb85004078fbf714fb6d1c30888542e9dbf1bd10b400202fe0030012
S34508008a00dbb211f8233052f823300400e4b211f8241052f82110096831f0010119601de0d2b2012a1ad1dff8042c0300dbb211f8233052f823301b78db07e0d40300dbb263
S34508008a4011f8233052f823300400e4b211f8241052f82110096851f001011960401c0100c9b2dff89829128889b2914215d20022dff8e41b0300dbb201eb83039b78022b37
S34508008a8002d0032b02d0cbe70122c9e7dff8cc3b1b78012b00d10122c2e7dff8c00b0178491c01700178022901db0021017010bc70471fb50020dff84019088000201be0ca
S34508008ac00621dff82829002301fb00f41355002301fb00f414446370002301fb00f41444a370ff2301fb00f41444e370002301fb00f111444b71401cc628e1dbdff8604b7c
S34508008b002078012803d1dff85c0b02f0c7fc0120029064200190642000900023dff8482bdff8481bdff83c0b02f072fc012020701fbd7fb50020dff8c4180880002421e05d
S34508008b40142c11da3025dff8286b05fb04f0305c012805d105fb04f03044001d02f09efc002005fb04f57055dff8ec0a002100f82410002100eb84029170072100eb84004b
S34508008b804170641cc52cdbdbdff8e84a2078012803d1dff8e40a02f081fc012002904ff4fa7001904ff4fa7000900023dff8cc2adff8cc1adff8c00a02f02afc01202070b8
S34508008bc07fbd10b50621dff83048dff8202823884b43d054238801fb03f11144897880b2fcf731f82088401c208010bddff8681adff8382a11f8203052f823301b78db07c7
S34508008c000cd411f8203052f8233011f8200052f82000006850f0010018600be011f8203052f8233011f8200052f82000006830f00100186070477fb5dff8c047dff8181a55
S34508008c40228801f82200228801eb8201497880b2fbf7f9ff2088142818da3025dff8106a0120029000200190002000902388dff8142adff8141a208868433044001d02f000
S34508008c80c7fb0120218805fb01f570552088401c20807fbdfeb5040015000800c0b2022814dbdff8b409dff884292300dbb210f8233052f8232012682300dbb200eb8303d5
S34508008cc0da70e4b200eb8400817073e0dff8880900222300dbb200eb83039a70c9b2012912d1dff848192200d2b210f8222051f822202300dbb210f8230051f82000006837
S34508008d0050f00100106011e0dff820192200d2b210f8222051f822202300dbb210f8230051f82000006830f001001060280080b200283fd02000c0b214283bda3026dff81a
S34508008d4030792000c0b27043385c00281ad10120029000200190adb24ff47a70454300952300dbb2dff81c29dff81c192000c0b270433844001d02f04bfb0120e4b27443e7
S34508008d80385517e02000c0b270433844001d02f031ff0022adb229002000c0b270433844001d02f087ffe4b2744307eb0400001d02f020fbf7bd70b50c004ff47a75060097
S34508008dc0854210da2078002806d12800fdf742f8761bb542f6db00e007e0012e05db3000fdf738f801e0fdf735f870bd70b504000d00e66804e02900a068fff7dcff761e17
S34508008e00012e14db2878002811d1002201212078fff740ff29006068fff7cdff002200212078fff737ff28780028e4d0ffe770bd2de9f04105000e001700ec685ff00008e6
S34508008e40002c0dd15ff001080ae03900287800013044fff7cbff3900a868fff7acff641e012c03da4046c0b201280ad13878002807d139006868fff79eff38780028e4d040
S34508008e80ffe7bde8f0812de9f14f82b00d0000262800fbf724f98df80000002753e0300080b200284ed1dff844955ff0060a4046c0b20afb00f0484444704046c0b20afbf5
S34508008ec000f048449df80810c1705846c0b2002816d04046c0b20afb00f04844bbf1010181704046c0b20afb00f0484481784046c0b20afb00f019f8000080b2fbf7a3fe9f
S34508008f00e4b2002c1ed04046c0b20afb00f04844002141714046c0b20afb00f04844dff8d0145ffa88f80afb08fa19f80a2051f822100968017105e05846c0b20428aedbd0
S34508008f404ff480767f1c38009df80010c0b288422bd22800fbf7c3f880462800fbf7bff804002800fbf7bbf88346fbf735fe002802d140f21226e5e7fbf72efe022802d182
S34508008f8040f21226dee74046c0b2dff86c14098880b2884202d34ff48076d3e72000c0b20628c9db4ff48076cce7300080b2002807d09df808300022310089b22800fbf7aa
S34508008fc0daf80020bde8fe8ff8b504000d0000262800fbf784f80700fbf7fefd002802d140f2122629e0fbf7f7fd022802d140f2122622e03800c0b2dff8fc13098880b2c1
S34508009000884202d34ff4807617e0300080b2002813d129003800c0b2faf7fdff2900dff8d023dff8c833ffb206204743d85d52f820000068c0b2faf7eeff300080b200281e
S3450800904007d02300dbb20022310089b22800fbf792f80020f2bd2de9f84384b004000d0000262800fbf73bf807003800c0b2112802db4ff480761ee05ff0000815e0e946d8
S345080090802800fbf72cf84146c9b209f801004046c0b219f80000dff86013098880b2884201d34ff4807618f1010840463900c0b2c9b28842e3d3fbf78ffd002802d140f28a
S345080090c0122638e0fbf788fd022802d140f2122631e0300080b200282dd101212800c177c04629003800c0b2faf795ff5ff000081be0e94629004046c0b219f80000faf717
S345080091008aff2900ba4ab94b4046c0b219f800c0062000fb0cfc13f80c0052f820000068c0b2faf778ff18f1010840463900c0b2c9b28842ddd3300080b2002807d02300f6
S34508009140dbb20022310089b22800fbf714f8002005b0bde8f0832de9f04704000d0000262800faf7bcff07005ff000082de0300080b2002827d15046c0b2002823d0dff874
S34508009180d8041af1030a4946c9b200eb810181f801a04946c9b200eb810149785ffa89f910f8290080b2fbf74efd0ce04846c0b29249098880b2884203d25046c0b2072809
S345080091c0d5db4ff4807618f1010840463900c0b2c9b2884215d22800faf781ff81462800faf77dff8246fbf7f7fc002802d140f21226e8e7fbf7f0fc0228d7d140f2122619
S34508009200e1e7300080b2002807d02300dbb20022310089b22800faf7aeff0020bde8f0872de9f84305000e0000273000faf757ff80463000faf753ff81463000faf729ff6c
S345080092400400fbf7c9fc002802d140f2122729e0fbf7c2fc022802d140f2122722e04046c0b26649098880b2884203d24846c0b2042802db4ff4807714e04046c0b2142828
S3450800928004db002c02d04ff405770be0380080b2002807d1220092b24946c9b24046c0b2fff7f8fc380080b2002807d02b00dbb20022390089b23000faf75dff0020bde864
S345080092c0f2832de9f84f98b004000d0000262800faf705ff0700fbf77ffc002808d140f21226300080b200286ed15ff0000865e0fbf772fc022802d140f21226f1e73800d7
S34508009300c0b2112802db4ff48076eae75ff000080ee04046c0b21af80000142839db4046c0b259f82000002833d04ff4057630e040463900c0b2c9b28842d2d20df1100a5a
S345080093402800faf7ccfe4146c9b20af80100eb462800faf7c4fe4146c9b20bf801000df120092800faf795fe4146c9b249f821004046c0b21af800002049098880b28842ae
S3450800938005d24046c0b21bf800000428c1db4ff4807618f10108cbe708a84146c9b250f8212092b268464146c9b2415c04a84346dbb2c05cfff76efc18f10108404639001d
S345080093c0c0b2c9b28842e7d3300080b2002807d02300dbb20022310089b22800faf7cbfe002019b0bde8f08fbec30008d4950020a4f1000868020108feeb002000ec002029
S345080094002de9f84f04000d0000262800faf767fe07005ff0000854e04ff4a079dff86ca22000c0b209fb00f00aeb000b4046c0b2000100902800faf752fe00990bf8010024
S345080094402000c0b209fb00f050444146c9b2090100eb010b2800faf71cfecbf804002000c0b209fb00f050444146c9b2090100eb010b2800faf70dfecbf808002000c0b229
S3450800948009fb00f050444146c9b2090100eb010b2800faf7fefdcbf80c002000c0b209fb00f90aeb09004146c9b20901405cc52803da3800c0b2142801db4ff4807618f12d
S345080094c0010840463900c0b2c9b28842a4d32800faf705fe07005ff0000850e0dff8b0914ff4a07a2000c0b20afb00f009eb000b4046c0b2000100902800faf7f0fd00999b
S345080095000bf801002000c0b20afb00f048444146c9b2090100eb010b2800faf7bafdcbf804002000c0b20afb00f048444146c9b2090100eb010b2800faf7abfdcbf80800ca
S345080095402000c0b20afb00f048444146c9b2090100eb010b2800faf79cfdcbf80c002000c0b20afb00fa09eb0a004146c9b20901405c142801db4ff4807618f10108404626
S345080095803900c0b2c9b28842a8d3fbf725fb002802d140f2122605e0fbf71efb022801d140f21226300080b200282fd1dff8e480002095f8211008f801005ff0000919e070
S345080095c04ff4a07095f8211008eb01022f492300dbb2434319442e4ba4465ffa8cfc00fb0cf018444b46dbb21b011844fff720fc19f1010948463900c0b2c9b2884205d2a3
S3450800960095f8210018f800000028d9d0300080b2002807d02300dbb20022310089b22800faf7a9fd0020bde8f28f000064ee000838b50300080000210122164c90f82150f8
S3450800964062550a0092b2002a04d0dbb2002289b2faf791fd002032bd5ccb00200fec00200dec002010ea00206188000840010108a0bd00200eec0020e4e90020f989000883
S34508009680b4010108ed8b00085c020108f4860020f48b00206ceb00202de9f0410400dff8405c21002878faf7b6fc002641e021003000c0b2faf7affc9827dff8c48c210078
S345080096c007fb06f040448078faf7a5fc210007fb06f018f80000faf79efc210007fb06f040444078faf797fc210007fb06f040448088faf7f3fb210007fb06f040448079af
S34508009700faf789fc210007fb06f04044c079faf782fc210007fb06f040440089faf7defb210007fb06f708eb07004089faf7d6fb761c28788642badbbde8f08138b58cb0fd
S3450800974004000d006846dff83c1c302203f046fc6946dff82c2de4b298204443105d51f82010edb2482045430d800db030bd2de9f84305000e0017001c003000c0b20128a4
S345080097806ed15ff09808dff8f89c2800c0b208fb00f04844808800282cd02800c0b208fb00f04844c078002824d164212800c0b2fff7c4ff2800c0b208fb00f0484414301a
S345080097c002f018fa00222800c0b208fb00f0484481882800c0b208fb00f04844143002f069fa2800c0b208fb00f04844143001f001fe0de02800c0b208fb00f048441430ca
S3450800980002f0f8f93900c9b22800c0b2fff796ff2800c0b208fb00f04844002101732800c0b208fb00f048446c3002f0e3f900222800c0b208fb00f0484441892800c0b28e
S3450800984008fb00f048446c3002f034fa2800c0b208fb00f809eb08006c3001f0cbfd23e09827dff81c8c2800c0b278434044143002f0c0f92800c0b2784340446c3002f049
S34508009880b9f92800c0b278434044002101732800c0b207fb00f708eb07000021417300212800c0b2fff74aff9827dff8d48b2800c0b278434044c670200080b2002817d0b9
S345080098c02800c0b278434044403002f093f90022a4b221002800c0b278434044403002f0e9f9edb27d4308eb0500403001f082fdbde8f18380b5dff8881b982202fb00f235
S345080099001144497bc0b2fff719ff01bd10b50400dff86c0b982101fb04f10844143002f069f900212000c0b2fff708ff10bd30b4dff8500b0088c0b2400717d5dff8481b23
S34508009940dff8482bdff8483b1c881088241adff8440b0d7820f81540188810800878401c08700878322801db3120087030bc70479821dff80c2b01fb00f31344db78012b71
S3450800998003d1012348431044037370472de9f84f84b06846dff8001b102203f01ffb002400219825dff8f46adff8d4793078684338444078ff2811d0dff8e40a32786a431f
S345080099c03a44527850f8222033786b433b445b7850f82300006830f001001060022207e0dff8b00a1300dbb230f813004118521cdff8948a100098f80030c0b29842efd367
S34508009a00012934db98f80000801e91fbf0f03178694307eb010902f095fb02f0d1fcdff8842adff8843a02f0effc02000b000020dff8781a03f016fb82468b466846317832
S34508009a4069433944897950f8210002f0b9fc02000b005046594603f005fb0022dff8503a02f0d2fc03f010f8a9f80e0004e03078684338440021c181307868433844c0785e
S34508009a8001281dd1307868433844007b012817d1307868433844c089317869433944098988420dd20023002200213078fff75ffe327804213078684338448078faf758fac7
S34508009ac03078401c307020e03078684338444078ff2811d0dff8c809317869433944497850f8211032786a433a44527850f82200006830f001000860641c3078401c307053
S34508009b0030780c2801db00203070307868433844c079002803d12000c0b20c28d4db002088f80000002007e00021dff868290300dbb222f81310401c0100c9b23229f3db28
S34508009b403078684338444078ff2813d0dff85009317869433944497850f82110327805fb02f507eb0502527850f82200006850f00100086005b0bde8f08f70b5dff83449d9
S34508009b802078012803d1dff8300901f087fc002020700020dff848170870002463e09825dff8dc672000c0b268433044007c012814d12000c0b268433044143001f06efc37
S34508009bc02000c0b268433044403001f067fc2000c0b2684330446c3001f060fcff202100c9b2694370542100c9b26943314448702100c9b26943314488702000c0b26843b6
S34508009c0030440021c1712000c0b2684330444ff4fa7101812000c0b26843304441f2883141812000c0b268433044002101732000c0b2684330444ff47a7181802000c0b257
S34508009c4068433044002141732000c0b2684330440021c1702000c0b205fb00f506eb050000210174641c2000c0b20c2897db002007e00021dff81c280300dbb222f8131004
S34508009c80401c0100c9b23229f3db0020dff8f81708700020dff80418087070bd2de9ff410400200080b2082816d0092816d00a2816d00b2816d0262816d0272816d028289c
S34508009cc016d0292816d03c2816d03d2816d03e2816d03f2816d016e0002514e0012512e0022510e003250ee004250ce005250ae0062508e0072506e0082504e0092502e048
S34508009d000a2500e00b25c9b20c2928d19826dff8d005dff86c7601787143394415f140024a700721007870433844407880b2faf78affdff86807dff86817027872433a44e2
S34508009d40527851f82220007806fb00f607eb0600407851f82000006830f0010010609826dff87c75dff818863878704308f800500a21200080b2faf766ff012138787043f9
S34508009d8018f80000faf7bdff387870434044007c00283fd10020029000200190387870434044808800903b78dff81027dff81017387870434044143001f02afb00200290a9
S34508009dc000200190002000903b78dff8f826dff8f816387870434044403001f019fb0020029000200190387870434044408900903b78dff8d826dff8d81638787043404434
S34508009e006c3001f005fb387806fb00f608eb0600012101743878401c3870bde8ff811fb5002180b2faf70ffffbf751f8dff88446207800280ed101200290fa200190fa205e
S34508009e4000900023dff88c26dff88c16dff8680601f0defa012020701fbd2de9f84f9eb005000c0000262000faf739f907005ff000094be00df124082000faf730f94946e2
S34508009e80c9b208f801002000faf71af918a94a46d2b221f812000df1180a2000faf71ff94946c9b20af801000df10c0b2000faf716f94946c9b20bf801002000faf700f951
S34508009ec012a94a46d2b221f812002000faf7f8f80ca94a46d2b221f812004846c0b218f80000dff8fc13097888420bd24846c0b21bf80000022805da4846c0b21af8000019
S34508009f00042801db4ff4807619f1010948463900c0b2c9b28842add3faf75efe002802d140f21226cee0faf757fe022802d140f21226c7e0300080b2002840f0c3805ff0c0
S34508009f400008b8e05ff09809dff834a40df1240b4046c0b21bf8000009fb00f0504485704046c0b21bf8000009fb00f0504418a94246d2b231f8121081804046c0b21bf828
S34508009f80000009fb00f0504406a94246d2b2895c81714046c0b21bf8000009fb00f0504403a94246d2b2895cc1714046c0b21bf8000009fb00f0504412a94246d2b231f894
S34508009fc0121001814046c0b21bf8000009fb00f050440ca94246d2b231f8121041814046c0b21bf8000009fb00f05044007c00285fd100200290002001904046c0b21bf879
S3450800a000000009fb00f05044808800904046c0b21bf80030dff8a424dff8a4144046c0b21bf8000009fb00f05044143001f0f0f90020029000200190002000904046c0b2cd
S3450800a0401bf80030dff87c24dff87c144046c0b21bf8000009fb00f05044403001f0d8f900200290002001904046c0b21bf8000009fb00f05044408900904046c0b21bf892
S3450800a0800030dff84824dff848144046c0b21bf8000009fb00f050446c3001f0b9f94046c0b21bf8000009fb00f90aeb09000121017418f1010840463900c0b2c9b28842f5
S3450800a0c0fff440af300080b2002807d02b00dbb20022310089b22000faf74df800201fb0bde8f08f2de9f04704000d0000262800f9f7f5ff07002800f9f7f1ff80462800d3
S3450800a100f9f7edff81462800f9f7c3ff8246faf763fd002802d140f2122634e0faf75cfd022802d140f212262de038006c490978c0b288420fd24046c0b202280bda484624
S3450800a140c0b2652807da9820cd493a00d2b242438a5cff2a02d14ff4807614e0320092b2002a10d13a00d2b200fb02f0084480f80d9053469bb24a46d2b24146c9b2380010
S3450800a180c0b2fff7f4fa300080b2002807d02300dbb20022310089b22800f9f7ecff0020bde8f0872de9f04f95b004000d0000262800f9f794ff07005ff0000939e00df16b
S3450800a1c018082800f9f78bff4946c9b208f801000df10c0a2800f9f782ff4946c9b20af80100eb462800f9f77aff4946c9b20bf801002800f9f74dff09a94a46d2b241f897
S3450800a20022004846c0b218f800003549097888420bd24846c0b21af80000022805da4846c0b21bf80000652801db4ff4807619f1010948463900c0b2c9b28842bfd3faf753
S3450800a240cbfc002802d140f2122638e0faf7c4fc022802d140f2122631e0300080b200282dd15ff0000824e069460df1180c844a4046c0b21cf800309820434302eb030077
S3450800a2804246d2b28a5c427309a84246d2b250f822309bb24046c0b20a5c03a84146c9b2415c4046c0b21cf80000fff760fa18f1010840463900c0b2c9b28842d4d33000e2
S3450800a2c080b2002807d02300dbb20022310089b22800f9f750ff002015b0bde8f08f000010ec00202de9f84304000d0000262800f9f7f5fe0700faf76ffc002802d140f232
S3450800a30012262ee0faf768fc022802d140f2122627e0380071490978c0b2884202d34ff480761ee0300080b200281ad129003800c0b2f9f770fe5ff09808dff844912900e1
S3450800a3403800c0b208fb00f04844407bf9f763fe2900ffb208fb07f709eb0700c089f9f7bdfd300080b2002807d02300dbb20022310089b22800f9f7fefe0020bde8f283e4
S3450800a380b47a0020100001082de9fe4f04000d00002600202800f9f7a2fe07005ff0000813e0e9462800f9f79afe4146c9b209f801004046c0b219f800004849097888429d
S3450800a3c001d34ff4807618f1010840463900c0b2c9b28842e5d3faf7fffb002802d140f212263de0faf7f8fb022802d140f2122636e0300080b2002832d129003800c0b2d4
S3450800a400f9f709fe5ff0000924e0e84629004846c0b218f80000f9f7fefd5ff0980adff860b029004846c0b218f800000afb00f05844407bf9f7effd29004846c0b218f8f7
S3450800a44000000afb00fa0beb0a00c089f9f746fd19f1010948463900c0b2c9b28842d4d3300080b2002807d02300dbb20022310089b22800f9f77ffe0020bde8fe8f000094
S3450800a480b47a00201004004012ec002002ec00203804004010e80020f401010811ec002064ee0008f168e388b5f8e43e0000f03f00004e4013ec00203cea0020f59800086d
S3450800a4c0c40101080d9900086003010871990008d40101088d990008e401010810ec00202de9f0410400dff8285921002878f9f792fd002625e021003000c0b2f9f78bfdf5
S3450800a5006827dff81089210007fb06f018f80000f9f781fd210007fb06f040440089f9f7ddfc210007fb06f04044807af9f773fd210007fb06f708eb07004078f9f76bfd67
S3450800a540761c28788642d6dbbde8f08138b58cb004000d006846dff8c018302202f03efdadb2242045430a2095fbf0f06946e4b251f8241008800db030bd70b50400682587
S3450800a580dff8906805fb04f03044103001f032fb00216c43305dfff7d9ff70bd2de9f84304006825dff86c6805fb04f03044807b012840f09e8005fb04f03044407905fb18
S3450800a5c004f13144898980b2884209d205fb04f030448089401e05fb04f13144888113e005fb04f03044808905fb04f13144497989b2884208d205fb04f030448089401c7c
S3450800a60005fb04f13144888105fb04f03044808905fb04f13144497989b288420ad1002005fb04f13144887305fb04f03044103001f0e0fa05fb04f03044807a002806d1c3
S3450800a64005fb04f0304487890a2047434ae005fb04f03044807a01280cd105fb04f03044818905fb04f03044808941430a2091fbf0f737e005fb04f03044807a022831d165
S3450800a68005fb04f03044808901f0dafd01f098fe0022dff8883702f0e5fc02f007fe80468946dff87c07dff87c1702f0fffd02000b004046494602f0d5fc02f099fa010098
S3450800a6c0dff8640701f050fd8046404602f084fa07004046dff8541702f0befa02d80a2f00d20a27390089b26c43305dfff72eff0ae005fb04f0304401790a20414389b2f9
S3450800a7006c43305dfff722ffbde8f1832de9f0410500884614006826dff8f8762800c0b270433844103001f065fa2800c0b2704338443c3001f05efa2800c0b270433844fe
S3450800a7400089002835d02800c0b270433844807aff282ed02800c0b2704338442900c9b271433944897981812800c0b270433844012181732800c0b27043384400896421d5
S3450800a78090fbf1f22800c0b2704338440089642190fbf1f12800c0b270433844103001f089fa2800c0b270433844103000f022fe12e02800c0b270433844002181735ffa1a
S3450800a7c088f80a2000fb08f8414689b22800c0b27043385cfff7bafe2800c0b270433844408800281ad02800c0b2704338440089002813d100222800c0b2704338444188a0
S3450800a8002800c0b270433844103001f053fa2800c0b270433844103000f0ecfd002c0fd0002221002800c0b2704338443c3001f041faedb2754307eb05003c3000f0dafdb1
S3450800a840bde8f08170b50020dff8c415087000244ee06825dff8bc652000c0b268433044c07b01280dd12000c0b268433044103000f014fe2000c0b2684330443c3000f07d
S3450800a8800dfeff202100c9b2694370542100c9b26943314400224a802100c9b26943314400220a712100c9b26943314400224a712100c9b26943314400228a812100c9b231
S3450800a8c0694331440022ca712100c9b2694331440022ca732100c9b26943314488722000c0b205fb00f506eb050000210181641c2000c0b20c28acdb70bdfeb50024010007
S3450800a90089b2082916d0092916d00a2916d00b2916d0262916d0272916d0282916d0292916d03c2916d03d2916d03e2916d03f2916d016e0002414e0012412e0022410e025
S3450800a94003240ee004240ce005240ae0062408e0072406e0082404e0092402e00a2400e00b246825dff8a864dff8a874317869437c540a2180b2faf766f93078684338440a
S3450800a9800a21417002212000c0b2faf7baf9307868433844c07b002828d10020029000200190002000903378dff88424dff88414307868433844103000f02afd00200290a5
S3450800a9c000200190002000903378dff86c24dff86c143078684338443c3000f019fd307805fb00f507eb05000121c1733078401c3070f7bd2de9f84f92b004000d00002626
S3450800aa002800f9f76cfb07006846dff8341491e80c1080e80c105ff000093be00df124082800f9f75cfb4946c9b208f801002800f9f746fb0ca94a46d2b221f812000df13a
S3450800aa400c0a2800f9f74bfb4946c9b20af801000df1180b2800f9f742fb4946c9b20bf801004846c0b21bf8000003280eda4846c0b218f80000dff898130978884205d2e9
S3450800aa804846c0b21af80000042801db4ff4807619f1010948463900c0b2c9b28842bdd3faf79af8002802d140f2122660e0faf793f8022802d140f2122659e0300080b26d
S3450800aac0002855d15ff000084ce06822d14b0df1240c4046c0b21cf80000504318440ca9c6465ffa8efe31f81e10018103a94046c0b2085c00280cd04046c0b21cf8000011
S3450800ab0050431844c6465ffa8efe11f80e10491e817206a94046c0b2085c002820d04046c0b21cf8000050431844c6465ffa8efe11f80e10093141704046c0b21cf8000079
S3450800ab405043184441786846c6465ffa8efe1cf80ec002fb0cf29a5c805c80b2faf773f818f1010840463900c0b2c9b28842acd3300080b2002807d02300dbb200223100d8
S3450800ab8089b22800f9f7f7fa002013b0bde8f08f2de9f84f04000d0000262800f9f79ffa07002800f9f79bfa80462800f9f797fa81462800f9f784fa82462800f9f769fa34
S3450800abc08346faf709f8002802d140f2122641e0faf702f8022802d140f212263ae038008b490978c0b2884207d24046c0b2652803da4846c0b2652802db4ff4807629e0ea
S3450800ac00300080b2002825d1682082493a00d2b242430a44a2f802a03a00d2b242430a4482f804903a00d2b242430a443b00dbb243430b445b7993713a00d2b200fb02f016
S3450800ac40084480f805805a464146c9b23800c0b2fff75cfd300080b2002807d02300dbb20022310089b22800f9f785fa0020bde8f28f2de9f04f9bb004000d000026280067
S3450800ac80f9f72dfa07005ff0000945e00df118082800f9f724fa4946c9b208f801000df10c0a2800f9f71bfa4946c9b20af80100eb462800f9f713fa4946c9b20bf80100da
S3450800acc02800f9f7fdf909a94a46d2b221f812002800f9f7def90fa94a46d2b241f822004846c0b218f8000049490978884201d34ff480764846c0b21af80000652801dbbc
S3450800ad004ff480764846c0b21bf80000652801db4ff4807619f1010948463900c0b2c9b28842b3d3f9f758ff002802d140f212265ee0f9f751ff022802d140f2122657e037
S3450800ad40300080b2002853d15ff000084ae06821304a06a84346dbb2c35c4b4313440df1240cc6465ffa8efe3cf81ec0a3f802c04346dbb2c35c4b431344ec46c6465ffa8c
S3450800ad808efe1cf80ec083f804c04346dbb2c35c4b431344c4465ffa8cfc10f80cc001fb0cfc94449cf805c083f806c003abc4465ffa8cfc10f80cc001fb0cf11144424646
S3450800adc0d2b29a5c4a710fa94246d2b251f822204146c9b2595c4346dbb2c05cfff796fc18f1010840463900c0b2c9b28842aed3300080b2002807d02300dbb200223100e3
S3450800ae0089b22800f9f7b7f900201bb0bde8f08f14ec0020f49000204000010800003e40abaaaaaaaaaa0a4000007a446f12833a9da50008040201087ba500087402010824
S3450800ae40800201080020dff898150880002009e0ff21dff890254ff4047303fb00f31a441173401c1328f3db70472de9f843dff87045218814293dda4ff40475dff8646579
S3450800ae802188694331440873218869433144020092b2102392fbf3f24a732188694306eb010780b201f0ccf901f08afa0022dff8383502f0d7f880468946208805fb00f5c9
S3450800aec006eb0500407b02f005fa02000b004046494601f067fd01f08bfe01f071fa0022dff8043501f090fa01f0cefdb8732088401c2080bde8f1832de9f0410400dff8e2
S3450800af00e05421002888c0b2f9f785f800262de021003000c0b2f9f77ef84ff40477dff8c484210007fb06f04044007bf9f773f8210007fb06f040444068f8f7b4ff21006b
S3450800af4007fb06f04044007af9f765f8210007fb06f04044407af9f75ef8210007fb06f708eb07004089f8f7b9ff761c28888642cedbbde8f0812de9f04f85b004000d00f5
S3450800af8000260421002204af3800f9f7ddfd2800f9f7a5f807002800f9f77bf880462800f9f79df881462800f9f799f882462800f9f786f88346f9f70ffe002802d140f2e6
S3450800afc012264be0f9f708fe022802d140f2122644e03800c0b2142802db4ff480763de03800c0b2dff8f813098880b2884202d340f2211632e0dff8f403804502d34ff432
S3450800b00080762be04846c0b2022802db4ff4807624e05046c0b2022802db4ff480761de04ff40470dff8bc133a00d2b242438a5612f1010f05d13a00d2b200fb02f00c5404
S3450800b0400ce03a00d2b200fb02f008562100c9b200b209b2884201d04ff48876300080b2002837d14ff40470dff878133a00d2b242430a4482f808903a00d2b242430a4409
S3450800b08082f809a03a00d2b242430a44a2f80ab03a00d2b242430a44121d03921ffa8bfbcdf808b0cdf804805ffa89f9cdf800905346dbb23a00d2b242430a44927b3e008e
S3450800b0c0f6b200fb06f00844417b781cc0b2fbf7d8f80600300080b2002809d08df813702300dbb204aa310089b22800f9f743f8002005b0bde8f08ff8b505000c0000266e
S3450800b100042100226f463800f9f71efd2000f8f7e6ff0700f9f760fd002802d140f2122616e0f9f759fd022802d140f212260fe03800c0b2142802db4ff4807608e0380067
S3450800b140c0b2a749098880b2884201d340f22116300080b2002830d14ff40475a14e21003800c0b26843305cc0b2f8f754ff21003800c0b2f8f74fff21003800c0b268432b
S3450800b18030444068f8f78ffe21003800c0b268433044007af8f73fff21003800c0b268433044407af8f737ff2100ffb26f4306eb07004089f8f792fe09e08df803702b00bf
S3450800b1c0dbb26a46310089b22000f8f7d4ff0020f2bd2de9f84f04000d000026042100226f463800f9f7b0fc5ff000092800f8f776ff07002800f8f772ff80462800f8f733
S3450800b2006eff82462800006bc0468346f9f7e4fc002802d140f212262de0f9f7ddfc022802d140f2122626e03800c0b2142802db4ff480761fe0bbf5807f02d34ff4807639
S3450800b24019e04ff4047067493a00d2b242438a5612f1010f02d140f221160ce03a00d2b200fb02f008562100c9b200b209b2884201d04ff48876300080b200284ad112e07d
S3450800b28058493a00d2b24ff40470424301eb02004946c9b200eb01062800f8f720ff86f80e0119f101094846c0b25845e8d34046c0b2834518d20ee04a493a00d2b24ff4a0
S3450800b2c00470424301eb02004946c9b2084480f80ea119f1010948464146c0b2c9b28842ead3c3465ffa8bfb4ff404703d495b46dbb23a00d2b242430a440f323e00f6b234
S3450800b30000fb06f0084410f58771781cc0b2fbf789f80600300080b200280ad08df803702300dbb26a46310089b22800f8f723ff1ce029004046c0b2f8f76dfe0121280024
S3450800b340c177c04600240de02900264a3b00dbb24ff40470434302eb03002044c07bf8f75afe641c4046c0b28442eddb0020bde8f28f10b400202de04ff40471194a5ff055
S3450800b380ff330400e4b24c4313550300dbb24b431344174c5c600300dbb24b43134400241c720300dbb24b43134400245c720300dbb24b43134400245c81ff230400e4b268
S3450800b3c04c43144463730400e4b201fb04f111448b73401c0100c9b21429cddb10bc704704ec0020142a00200000304021aa440020aa440080b5016a002902d181680029bb
S3450800b40001d1172003e0083000f098fd002002bd2de9f0470400894615009a46089e099fddf828802c220021200000f0cdfcc4f80490a660e7602561c4f814a0eff3108049
S3450800b44072b6134921601349096800290bd011490968896a0f4a126894624c62a1620d490968616203e00b490c606462a4620a490968491c084a116080f31088b8f1000f08
S3450800b48003d014f1080000f059fd0020bde8f0874d495441c0eb0020c4eb002010b50400206a002803d014f1080001f021ffeff3108072b60f490968491e0e4a1160002137
S3450800b4c02160616a8c4203d10b4900220a600ce0616aa26a8a62a16a626a4a6206490968a14202d1616a044a116080f31088002010bd00bfc4eb0020c0eb00201a4908433f
S3450800b5001a4908607047002100210f23c17800291ed01649096811f4e061d1f5e061090ad1f10402cb40417811fa02f281780b401a4312010e490378ca540121027812f0ba
S3450800b5401f0291400b4a0078401142f8201009e00121027812f01f029140074a0078401142f82010704700000000fa050ced00e000e400e000e100e080e100e038b5040000
S3450800b580dff81c56287801280bd1dff8180601f03ff8dff8140601f0d5fedff8100601f027ff0022dff80816dff8f80501f008f904200090dff8fc350122dff8fc15dff83e
S3450800b5c0e80501f06bffdff8f415dff8e00501f0abff012028700b211a20f9f734fb0b211b20f9f730fbe4b2012c03d100213120f9f729fbdff8c805016851f480010160ad
S3450800b6000120faf727fcdff8bc05018851f40041018001884904490c018040f21e70dff8a81508804ff48040dff8a015088031bdf8b500208df80000dff89445dff8945550
S3450800b640dff894653078217805f82100207805eb8000b178c170207805eb8000f1788170307800280fd002284bd022d3042800f0808070d3062800f0bb80c0f0a680072823
S3450800b68000f0cb80d0e0dff85405008880b2c0070ed5b078002804d07078dff84415088004e07078401cdff83815088001203070bae0dff82805008880b2800720d5dff8f9
S3450800b6c024050088b078002802d00220307017e0f07800280cd004203070f07801280fd1dff8e0140a884ff6ff3002400a8007e0dff8d004018851f400710180052030705b
S3450800b70092e0b078002811d0dff8d004008880b200061fd570680078dff8c4140880b078401eb0707068401c706013e0f078002808d0dff89004018851f48071018003209f
S3450800b740307007e0dff87c04018851f4007101800520307068e0dff88404008880b2c00706d57078401cdff878140880012030705ae0f07800281fd0dff86004008880b2b7
S3450800b780400721d5f078032806dadff838140a884ff6ff3002400a80dff84404008880b2b1680870f07800280ed0b068401cb060f078401ef07007e0dff80804018851f4bc
S3450800b7c000710180052030702ee00720307000208df8000000226946dff8cc0301f0d6fedff8e0130a884ff6fe7002400a801be0dff8d073388850f40070388002208df80b
S3450800b800000000226946dff8a00301f0bffe39884ff6fe700140398006e0207805eb8000dff8b81309888170207805eb8000317841702078401c2070f1bd80b50620dff8bb
S3450800b84098130870dff894130a884ff6ff3002400a80dff87013088850f4007008800a884ff6fe7002400a8002208df8000000226946cd4801f08afe01bd2de9fc410500f4
S3450800b8800e0017009846c74c4ff47a71200001f0f7f9c0b2002854d109980899ce4a002313705570967082f803803b68536009689160c0b2012807d14cf20400ca490880a6
S3450800b8c00120ca49088005e0b420c74908800120c64908800a98bb490a8852f001020a80c0b2012804d1088850f48060088004e00a884ff6ff3002400a800020b44a10706e
S3450800b90000200ce0b34a00230500edb202f8253000230500edb202eb85025370401c0200d2b2c82aeedb088850f4807008804ff47a7269469c4801f0cffe200001f02efa3a
S3450800b94002e01d208df800009df80000bde8f68170b5040092480078012820d121000a20f8f759fb00250a2d1dda21002800c0b2f8f751fb9e4e210036f82500c0b2f8f737
S3450800b9804afb210006eb85008078f8f744fb210006eb8500c078f8f73efb6d1ce3e721000020f8f738fb70bd2de9f04704000d0000262800f8f793fb82462800f8f78ffb0b
S3450800b9c007002800f8f78bfb80462800f8f787fb8146f9f701f9002802d140f2122630e0f9f7faf8022802d140f2122629e05046c0b20a2802db4ff4807622e04046c0b274
S3450800ba00022802db4ff480761be04846c0b2022802db4ff4807614e0300080b2002810d173485146c9b220f821705146c9b200eb810181f802805ffa8afa00eb8a0080f864
S3450800ba400390300080b2002807d02300dbb20022310089b22800f8f78efb0020bde8f0872de9f0438db004000d0000262800f8f736fb80462800f8f732fb81464846c0b2d4
S3450800ba80112802db4ff4807613e0002707e02800f8f725fb09a93a00d2b288547f1c38004946c0b2c9b28842f1d32800f8f717fb0700f9f791f8002802d140f212265fe07b
S3450800bac0f9f78af8022802d140f2122658e03800c0b2112802db4ff4807651e04046c0b20a2802db4ff480764ae0300080b2002846d109a8049005a803903d484146c9b2e6
S3450800bb0000eb8101c97802914146c9b200eb81018978019103a900913b00dbb204aa4946c9b25ffa88f830f82800c0b2fff7a5fe0100c9b21d2902d14ff4407620e0010034
S3450800bb40c9b2022902d140f2013619e0c0b2002816d129003800c0b2f8f75dfa5ff0000808e0290005a84246d2b2805cf8f753fa18f1010840463900c0b2c9b28842f0d3be
S3450800bb80300080b2002807d02300dbb20022310089b22800f8f7effa00200db0bde8f08315ec0020f0e8002028e9002090ea00208c02010870eb002098020108a40201089b
S3450800bbc01c10024000580040045800400858004016ec002020c5002058eb00201458004010580040185800401c5800402058004068ea00200830eff3108172b682692a4b56
S3450800bc001b689a4229d38269284b1b689a4224d28269274b1b689a4206d38269244b1b68d21a9210521c0fe082691f4b1b68d21a92101e4b1b68dff878c0dcf800c0b3ebf8
S3450800bc400c039b105b1c9a180368212b04d30368203ad218026000e002608269002a1ed00269904209d182691268824202d18269002313600022826111e00269436953619a
S3450800bc8042690369136182691268824205d10269836993618269036913600022826181f310880020704700bfb0eb0020b4eb0020b8eb0020eff3108372b6d0f820c0bcf101
S3450800bcc0000f01d18160c26083f310880020704710b50400606e002804d014f14c0001f007fb01e00020e064eff3108072b62f490968491e2d4a1160a16b00290ad0216be4
S3450800bd00012940d0216b02293dd00021a1630021216338e0216b002935d0616b002904d000216163032121632de000212163e16a1f4a52f82120002a05d0516a0c62546236
S3450800bd40616222621fe01a4a42f8214024626462184a126801238b401a43164b1a60164a1268002a04d1144a1460144a11600ae0124b1b68994206d2104b1960d26b914246
S3450800bd8001d20d490c6080f310880d4800680a490968884208d00b480068044909680843002801d100f00cf910bd00bf9ceb002010e7002094eb002088eb002098eb0020e0
S3450800bdc084eb00201c00002010b5040010000a0001002000f8f7b8fe200010bddff800110a6832f480320a600a6832f480220a60b0f5803f03d0b0f5802f05d009e00868db
S3450800be0050f48030086004e0086850f4a0200860ffe77047c0b23449086070470022314b1a6832f47c121043084318607047c0b22e490860704700212a4a1168890889005c
S3450800be400843106070470021264a116831f0f0010843106070470021224a116831f4e06108431060704700211e4a116831f4605151eac0011160704700211a4a116831f4b7
S3450800be804041084310607047c9b2002904d019490a681043086004e016490a6832ea0000086070470021002100210100c9b24909c9b2012902d10a49096806e0022902d139
S3450800bec00b49096801e00c490968c0b210f01f00c140c80701d5012000e00020c0b2704700100240041002400000424260004242201002400c100240241002400021dff8f9
S3450800bf003820116811f03801084310607047dff828100a6832f008020a600a68104308607047dff814100a6832f010020a600a68104308607047000000200240eff31081b7
S3450800bf4072b60268002a30d002685ff0ff339a422bd08269002a28d10268212a01d31f2201e00268521e134b1b6813eb8202124b1b689a4207d3104b1b68d21a92100f4be3
S3450800bf801b6813eb82021368002b0ad01368036113685b6943614369186113685861826103e0006140618261106081f310880020704700bfb8eb0020b4eb0020b0eb0020d9
S3450800bfc000df7047010000200a6b012a02d00a6b022a28d1eff3108272b600230b60d1f88830994203d1114900230b6013e0d1f88830d1f88cc0c3f88cc0d1f88c30d1f850
S3450800c00088c0c3f888c0094b1b688b4203d1d1f88810064b196006490968491e044b196082f3108800e01120704700bf8ceb002090eb00202de9fb4f040093460c9d0d9ebe
S3450800c0400e9fddf83ca0ddf84090ddf844803200ef212800fff7b8feb0088000061fa42200212000fff7b0fe0198a062c4f844b00298a064e56066617019401e2061e76252
S3450800c080c4f89470c4f81890c4f81c90574502d00020e06300e0e7630320206323486065a4652349200001f00bfceff3108072b62049216020490968002910d01e49096849
S3450800c0c0d1f88c101c4a1268c2f88c40c1f88840c4f88c1018490968c4f8881005e016490c60c4f88840c4f88c4014490968491c124a116012490968491c114a116080f33c
S3450800c1001088b8f1000f03d02000fff7e1fd09e0eff3108072b60a490968491e084a116080f310880020bde8fe8f00bf71ff000839ff0008445248548ceb002090eb002031
S3450800c1409ceb002010f0004c68b148bf4042b0fa80f18840d1f19d014ceac15c010671f100414ceb10207047ff2212ead05c1dbf12ead153944593422be09c44d30780ea9c
S3450800c180010243ea002043ea01211a40a1fb0030c04238bf00187cf17f010bdbfe294ada5b0842eac15153ea006373f1004c51eb10207047d1f1080cdcf120012fdb5b0838
S3450800c1c010fa01f10b4320fa0cf073f100415041704794451cbf02ead153934280ea010202f000421dd0400019d0490017d05bb9634514d00902b1fa81f39940bceb030c0b
S3450800c200c00140f00040c1e70002b0fa80fc10fa0cf0b3eb0c0cc90141f00041b6e71000704740000ad0490008d010f1807f94bf11f1807f02e042f0ff407047d043704730
S3450800c24050b1b0fa80f18840c1f19d01c905020672f1004241eb102070470b3390ea010f40f16c8081f00041431a4ff000423ebf5340c01ac918d3095fead05c13eb400f90
S3450800c28034bfb3eb410f40e07cebd1530cd342ea012122d8d1eb402009d3400a28bf5fea500140ebcc507047401a15d04002b0fa80f2521c9040400a4fea3c23b3eb02633c
S3450800c2c084bf00eb730007e040f400001a16db07c2f10102d04018437047182bfcdc31fa03f202fa03f3591a38bf42f00102d2eb40203cbf0018acf1010c5feacc5cc205ac
S3450800c30072f100414ceb5020704713eb400f0fd2c94209d0acebd153022b03db4902172bdddd70479143401ac042d5d10020704713eb410fd0d36ff000007047421a3cbf0c
S3450800c340801a8918c0f3c752ff2a4ff0004c22d0c1f3c7534bb3d21ad2f119032edd4cea01214cfa03f321ea0303d1404cea00226ff3160052180fd353eac2534cea5202b2
S3450800c38073eb0c0c50eb1220420012f1807f38bf70476ff31600704753ea026322ea0c0273eb0c0c50eb12207047490212bf9a4200eb5120efe7d2f11703d2d5704710118f
S3450800c3c0c0f3c75181b1ff2906d0c110400721f0e04101f16051704741020cbf40f4e0016ff000410020704700f0004100020ad0b0fa80fc00fa0cf001f16051a1eb0c5141
S3450800c40001ebd0214005704730b540f2ff7c1cea11541dbf1cea1355644565453fe0641981ea030c6ff35f530cf0004c43f48013c90241f0004141ea505ec5021100a5fbb1
S3450800c440020200284ff00000eefb01204ff00001e3fb052118bf42f00102401800214941e3fb0e01a4f580640d0302d292184041494154f1010470dd450872f1004250f119
S3450800c480000051eb0451a1f5801102d441ea0c0130bd40f2ff7e4cea0e51002030bd0cea1355644518bf654581ea030c0cf0004c41d050ea410e1cbf52ea430e02e0614695
S3450800c4c0002030bd24422c441bd15fea050ef6d0090302bf01460020aef1140eb1fa81f5aeeb050401fa05fe0c35c5f1200100fa05f5c8404eea000e6ff35f5343f480134f
S3450800c5009ce733f00043b3fa83f504bfb2fa82fe75440b3d641bb5f1200e2fbf02fa0ef3ab40c5f1200e22fa0efe38bf43ea0e03aa40641c7ce750ea410e14bf52ea430ecf
S3450800c5406ff000014ff4001515eb430f8ebf194615eb410f9de7b4d830bdd4f10104b4f120050fdac4f12005520828bf42f0010210fa05fe01fa05f57244e2bfe0402843f9
S3450800c580e1400fe0352c9adcc5f1200452ea400220fa05f218bf42f0010231fa05f0a1400a43002172f1004250f1000051eb0c0130bd000041ea030c50ea4c0c52ea0c0c66
S3450800c5c04ff4001c09d307d01ceb410f9cbf1ceb430f8b4208bf824270471ceb430ffbd8994208bf9042704740ea010c1ceb0c0f4ff0807c07d305d01ceb400f9cbf1cebaf
S3450800c600410f814270471ceb410f98bf8842704738b50400eff3108072b636490968491e344a116000212160616a8c4203d1324900220a600ce0616aa26a8a62a16a626a86
S3450800c6404a622d490968a14202d1616a2a4a1160e568216900291bd0002d19d0d5f89c10491ec5f89c10d5f89c10002903d10021c5f8a0100ce0216b626b4a63616b226b1a
S3450800c6800a63d5f8a010a14202d1216bc5f8a0100021e16019490968491c184a116080f31088e56915e0eff3108072b60021a96612490968491c114a116080f31088012025
S3450800c6c0c5f884002d6f686ffff702fb206a401e2062206a0028e6d1eff3108072b607490968491e054a116080f3108801f008f9002032bde8eb0020e4eb00209ceb00209b
S3450800c70080b5dff8b010884208d0dff8ac1088420fd0dff8a810884216d020e001214ff40070fff7b1fb00214ff40070fff7acfb15e001214ff48060fff7a6fb00214ff4e5
S3450800c7408060fff7a1fb0ae001214ff40040fff79bfb00214ff40040fff796fbffe701bdc9b2002904d0816851f00101816003e081684908490081607047816851f0080199
S3450800c7808160704700218068000701d5012000e00020c0b27047816851f004018160704700218068400701d5012000e00020c0b2704700000024014000280140003c014021
S3450800c7c070b504000d001600382200212000fff7fbfa65602661eff3108072b60f4921600f49096800290bd00d490968896a0c4a126894624c62a16209490968616203e033
S3450800c80007490c606462a46206490968491c054a116080f31088002070bd00bf4554554de4eb0020e8eb002070b491ea030f4ff0004540f1bf806b40841a71eb030604d220
S3450800c8406e40001bb141121973414ff4001c1ceb410f34bf7ceb430683e00c0da4eb1356362e00f37c80012e45eac32341dc43ea525312bfd20292025b08240545eac121e7
S3450800c88041ea5051d2ebc020994125d407d1b0fa80f610fa06f162d00020203608e0b1fa81f6b140c6f1200220fa02f21143b0404feaf474b4eb465434f001064fea7404b1
S3450800c8c00ad8d6f50016760d04f00044f04061fa06f25040f1404840c00a40ea415021f0004128bf5fea500550f1000044ebd12135e0db0a45eac121c90ab6f120050edd8d
S3450800c90042ea0242120cc5f1200603fa06f6eb4042ea06056d42984161f100010de062fa06f5f240554063fa06fc82ea0c02f3405a406d42904161eb030111f4801f05d14e
S3450800c940641e620502d06d004041494121f48011430875f1004350f1000041eb045170bc70471ceb410f15d223f0004352ea43060bd04fea4c0cbceb410f04d80c0d661e42
S3450800c980342eb7ddebe7801a994150ea410608bf0021e4e708bf1ceb430f28bf6ff00001dde7000070b491ea030f4ff000457ff543af6b40841a71eb030603d2001bb141a3
S3450800c9c0121973414ff4001c1ceb410f34bf7ceb430442e00c0da4eb1356352e4fdc45eac323db0a45eac121c912b6f120050ddd63fa05f6eb4086ea0305124218bf45f03b
S3450800ca000105c01851f100010cd213e062fa06f5f2405540f3415a40b340f3405a408018594107d349085fea30005fea350528bf45f0010501f58011420875f1004250f115
S3450800ca40000041eb04514e0016f5001f70bc38bf70470020090d090570471ceb410f10d252ea43060bd0bceb410f05d80c0dab43661e342eb6dd02e0ab438018594170bcbf
S3450800ca80704770bc70470000c1f30a5340f21e42d31a0cddca0283f3070342ea505242f00042da4002ebe17282eae17070476feae17203f2e13008b182f000407047000025
S3450800cac04ff0ff0c1cead0531dbf1cead1526345624543e09b1a5feacc7280ea010c42ea01211cea020c42ea0020421a38bf01eb420253f17e034fea1121b2fbf1f001fba0
S3450800cb00102260f3d63c4fea0222b2fbf1f001fb102260f3ce1c4fea0222b2fbf1f006ddff2b29da5cea500040ebc3507047c3f1020301fb1022192b40ea4c010cf0004c8a
S3450800cb4041f0807121dc21fa03f0c3f120039940114371f1004250eb0c00704763451abf0cead152624512e080ea010c00180cf0004c06d049181ad10cf0004c4cf0ff40e5
S3450800cb807047c94208bf6fea020c60467047634506d1b2eb0c02f5d001f00041484070474a0212bf0846484000f0004070474ab90902b1fa81f2914043b19b18c00140f04b
S3450800cbc0004092e7c90141f0004152420002b0fa80f39840d31a88e7c10dd1f19e0104d4000240f00040c84070476feae070704701f000428b1aa3f16051b1f5801f0adb6c
S3450800cc00b1f17f6f1fd242eac102c10071f1004142eb507070470b15c3f10903212b10d2890241ea905180020128494141f0004121fa03f0c3f12003994071f10041504130
S3450800cc407047100070476ff0000013eb103f5cbf000e42eac050704740ea010c1ceb0c0f4ff0807c07d305d01ceb400f9cbf1ceb410f884270471ceb400f98bf814270476d
S3450800cc8010b5eff3108272b6414b1c688368002b2ed101218160c4600169002926d0002c24d0e16a4161e16b8161d4f8a01000290bd0d4f8a010496bd4f8a0305863086383
S3450800ccc04163d4f8a010016309e0c4f8a00000634063e16ac4f89410e16bc4f89810d4f89c10491cc4f89c102021c16200204be0c368a34204d18168491c8160002043e0b1
S3450800cd00002940d0234ba366e066c369002b0ad0c3692367c3695b6f6367c3695b6f1c67c3695c6702e0c46124676467036a5b1c03620d2323630123a363e1641649096845
S3450800cd40491c154b196082f310880169002914d0c168002911d0002c0fd0e16ac26a914201d2e16ac162e16ac268d26a914204d2e26ae16ac06800f0ddfd2000f9f7e8fd42
S3450800cd80d4f8840002e01d2082f3108810bd00bf84eb002001fe00089ceb00202de9f0410600eff3108072b68a490f68b168002900f00b81f168b94240f00781b168491ea5
S3450800cdc0b160b168002903d080f310880020ffe05ff0000800240025316900293ed0002f3cd0d7f89c10491ec7f89c10d7f89c10002903d10021c7f8a0100ce0316b726b8f
S3450800ce004a63716b326b0a63d7f8a010b14202d1316bc7f8a010d7f89440d7f898506e490968491c6c4a116080f31088d7f8a0000ae0c16aa14201d2c46a2500006bd7f821
S3450800ce40a010884200d100200028f2d1eff3108072b661490968491e5f4a1160316a022914d33169002911d05b490968491c5a4a116080f31088300000f084fdeff310801a
S3450800ce8072b655490968491e534a1160f169002928d151490968491c4f4a116080f31088306900280bd02020f062002f07d0f86aa04204d02a002100f06800f03bfdeff3be
S3450800cec0108072b644490968491e434a1160b168002901d10021f16080f3108800f010fd002075e0f7693169002926d0d6f80c80f96a7161f96bb161d7f8a01000290bd065
S3450800cf00d7f8a010496bd7f8a02056630e637163d7f8a010316309e0c7f8a06036637663f96ac7f89410f96bc7f89810d7f89c10491cc7f89c102021f1620121b160f760fc
S3450800cf40396f8f4202d10021f16107e0396ff161396f7a6f4a67796f3a6f0a67316a491e31620021b9661c490968491c1a4a116080f310880020c7f88400306900281fd0bc
S3450800cf80306a002810d0306a022802d3300000f0f9fceff3108072b6f169002902d0f169c96af16280f31088b8f1000f08d0d8f82c00a04204d02a002100404600f0bafc80
S3450800cfc03800fef785fe002002e080f310881e20bde8f08184eb00209ceb0020103a07d330b4b1e83810103aa0e83810f9d230bc530724bfb1e80810a0e8081044bf51f848
S3450800d000043b40f8043bd20724bf31f8022b20f8022b44bf0b7803707047121f17d35b0009d151f8043b20f8023b1b0c121f20f8023bf6d20be051f8043b00f8013b1b0ab7
S3450800d04020f8023b1b0c121f00f8013bf3d238bf121d521e24bf11f8013b00f8013bf8d870470000f0b540f2ff7581ea030c0cf0004c15ea11541dbf15ea1357ac42af42ee
S3450800d080e5e0bc41c1f31301c3f31303801a994143f4801304d2641e0018494180185941c90241ea5051b1fbf3f603fb1611a2fb0675d7ebc020a94102d2761e8018594113
S3450800d0c0c90241ea5051b1fbf3fe03fb1e11a2fb0e75d7ebc020a94103d2aef1010e80185941890241ea9051760546ea8e2eb1fbf3f603fb1611a2fb0675d7eb8020a94144
S3450800d10002d2761e80185941c90241ea50514eea060eb1fbf3f603fb1611a2fb0675d7ebc020a94102d2761e80185941c90241ea5051b1fbf3f703fb1711a2fb0735d3eb82
S3450800d140c020a94167f100070cbf004247f0010766f3d5274fea1e31b80814f5806412ddbd0775f1004250eb0e5051eb045111f5801f5cbf41ea0c01f0bd4cf07f6141f02b
S3450800d180e0410020f0bdbd076d0840ea0e5041f48011d4f10104b4f120060adac4f120060200e04001fa06f3e1401843b24015430ee0342c13dcc6f1200445ea40056d08bb
S3450800d1c020fa06f2154321fa06f0a1400d43002175f1004250f1000051eb0c01f0bd00205fea0c01f0bdcfb992185b41b3fa83f704bfb2fa82f6bf190b3fb7f120062fbf98
S3450800d20002fa06f3bb40c7f1200622fa06f638bf3343ba401cb1e419641e33e77f4231f00041b1fa81f404bfb0fa80f6a4190b3cb4f120062fbf00fa06f1a140c4f120069d
S3450800d24020fa06f638bf3143a0403c1b1ae7ac421abf05ea1357af4212e050ea41061cbf52ea4306bfe750ea4107304661461cbf41ea0551f0bd52ea430c08bfc143f0bdb2
S3450800d28000204ff4001616eb410f98bf16eb430f08bf16eb410f24bfc14305e016eb430f0cbf61464cea0551f0bd00004a0080b55215521c06d10b0309d1ca0f07d0002027
S3450800d2c0002104bd00220092014b00f0cbfb04bd0000f03f50b1b0fa80f18840c91cc1f58461090501ebd0214005704701467047eff3108172b68269002a1ed00269904274
S3450800d30009d182691268824202d18269002313600022826111e002694369536142690369136182691268824205d10269836993618269036913600022826181f310880020f7
S3450800d3407047000038b50400eff3108072b625490968491e234a116000212160216b8c4203d1214900220a600ce0216b626b4a63616b226b0a631c490968a14202d1216ba3
S3450800d380194a116019490968491c184a116080f31088a56a15e0eff3108072b60021a96612490968491c114a116080f310880120c5f884002d6f686ffef78afce06a401ea7
S3450800d3c0e062e06a0028e6d1eff3108072b607490968491e054a116080f3108800f090fa002032bdd8eb0020d4eb00209ceb002038b50400eff3108072b625490968491e64
S3450800d400234a116000212160a1698c4203d1214900220a600ce0a169e269ca61e169a2698a611c490968a14202d1a169194a116019490968491c184a116080f31088256902
S3450800d44015e0eff3108072b60021a96612490968491c114a116080f310880120c5f884002d6f686ffef734fc6069401e606160690028e6d1eff3108072b607490968491e8b
S3450800d480054a116080f3108800f03afa002032bde0eb0020dceb00209ceb00202de9f04105000e0017001c00ddf81880382200212800fef789fc6e60af60b800b8fbf0f0a8
S3450800d4c000fb07f1ac6114eb8101e9612c626c626861e860eff3108072b6104929601049096800290bd00e490968496b0c4a126855630d6369630a490968296303e00849d8
S3450800d5000d602d636d6307490968491c054a116080f310880020bde8f08100bf55455551d4eb0020d8eb002038b504000d00242200212000fef748fc6560eff3108072b60b
S3450800d5400f4921600f49096800290bd00d490968c9690c4a1268d4618c61e16109490968a16103e007490c60a461e46106490968491c054a116080f31088002032bd00bf5e
S3450800d5804e445644dceb0020e0eb002010b5eff3108372b6d0f814c0bcf1000f5cd0826a002a23d14269521e42610269521c0261426ad0f808c001e0121d091dd1f800e05a
S3450800d5c0c2f800e0bcf1010cbcf1000ff4d18168426a12eb81014162416ac269914201d38169416283f3108800206de0846a226f944202d1002282620be0226f8262226fed
S3450800d600d4f874c0c2f874c0626fd4f870c0c2f870c0c26a521ec2620022a2662b4a1268521cdff8a8c0ccf8002083f31088e26fd0f808c001e0121d091d08681060bcf11b
S3450800d640010cbcf1000ff6d10020c4f884002000fef73efb002037e0002a32d0dff870c0dcf80040dff86cc0c4f868c0e066e1670021c4f88010816a00290ad0816a21679d
S3450800d680816a496f6167816a496f0c67816a4c6702e0846224676467c16a491cc162052020630120a063e26408480068401c0749086083f310882000f9f74af9d4f88400dd
S3450800d6c002e083f310880b2010bd00bf9ceb002084eb002079fd000810b5eff3108372b6846a002c35d0d4f880c0bcf1000f30d0e26fd0f808c001e0091d121dd2f800e0b7
S3450800d700c1f800e0bcf1010cbcf1000ff4d1216f8c4202d10021816207e0216f8162216f626f4a67616f226f0a67c16a491ec1620020a0665f480068401c5e49086083f3c9
S3450800d74010880020c4f884002000fef7c1fa0020aee0d0f810c0bcf1000f71d0026ad0f808c001e0091d121dd2f800e0c1f800e0bcf1010cbcf1000ff4d18168026a12eb8e
S3450800d78081010162016ac269914201d381690162002c09d14169491c41610169491e016183f31088002083e042490968491c414a116083f31088eff3108372b63d49096872
S3450800d7c0491e3c4a1160e26f416ad0f808c001e0091d121dd2f800e0c1f800e0bcf1010cbcf1000ff4d18168426a12eb81014162416ac269914201d381694162216f8c425e
S3450800d80002d10021816207e0216f8162216f626f4a67616f226f0a67c16a491ec1620020a06624480068401c2249086083f310880020c4f884002000fef74afa002037e0e9
S3450800d840002a32d0dff870c0dcf80040dff86cc0c4f868c0e066e1670021c4f88010816a00290ad0816a2167816a496f6167816a496f0c67816a4c6702e0846224676467d3
S3450800d880c16a491cc162052020630120a063e26408480068401c0749086083f310882000f9f756f8d4f8840002e083f310880a2010bd00bf9ceb002084eb002079fd0008b3
S3450800d8c00269a2f1400222f003024ff00003136053609360d36013615361c36893614ff00003d361136253629362d36213634ff0ff33536391634ff08073d3638260704792
S3450800d90080b50848006808490968884208d007480068074909680843002801d1fef750fb01bd00bf84eb002088eb00201c0000209ceb002070b506000c001500eff310804b
S3450800d94072b6316b002904d0f462f56380f3108814e00b490968891c094a1160032131630121b1630021f16480f310883000f8f7effff462f5633000fef7aaf970bd00bf1f
S3450800d9809ceb002038b5eff3108172b6026a022a03d281f31088002060e0026a022a0dd1c269126fd26ac369db6a9a4202d2c269126fc26181f3108800204fe0c269036a10
S3450800d9c0d0f81cc0dcf870e0254c2468641c244d2c60def82c40dcf82c50ac4200d2f44681f31088eff3108172b6c469a24205d1046aa34202d1def870e005e0c269036af4
S3450800da00d0f81cc0dcf870e0c469a645e1d1144a1268521e124b1a60c269944519d0dcf87020dcf874305367dcf87420dcf870301367c269ccf87020c269526fccf874208b
S3450800da40c269526fc2f870c0c269c2f874c0c0f81cc081f31088fff753ff002032bd00bf9ceb00202de9ff4d0d4604462b4658004015401c1fd024f0000135f0004208bfa1
S3450800da80002918d0dde9021251004915491c12d0dde902ab3bf0004108bfbaf1000f0ad0290048d500264ff00047301b67eb0101cde9000141e020b9190302d02046294638
S3450800dac0fce0dde9026251004915491c01d1160316d1dde9026737f0004708bf002e09d170b91b030cd1aff300804ff0ff306ff00041e3e039b9160305d108b91903f2d029
S3450800db00dde90201dae024f0000635f0004708bf002e03d1dde902010c9abae048b9190307d1dde90201224604b0bde8f04dfef76bbc00200de0cde900410020614900292d
S3450800db4044bf4ff0004666eb0101dde900ab8b4502da02f00041b1e05b49002944bf4ff0004666eb0101dde90067b94209dc01dbb04206d2aff30080544902f00042114339
S3450800db809ce0534853492246fef73efc524b01f0004213430022fef747fefef775ff804600f0b6f806460f464ff078404b4932463b46fef729fc22462b46fef735fe044634
S3450800dbc00d464748474932463b46fef71dfc22462b46fef729fe0d4625f000410022424bfef7e8fc044638bfdde902014fd322462b462946fef708fc06460f463b483c4962
S3450800dc0032463b46fef700fc3a4a3b4bfef70cfe32463b46fef7f8fb82468b463748384932463b46fef7f0fb364a374bfef7fcfd32463b46fef7e8fb0022274b334ffef7c4
S3450800dc40f3fd22462b46fef7dffb04460d4622462b4650465946fef7e7fd00223b46fef7e3fdcde900012246504659462b46fef799fe00223b46fef7d7fd02460b46dde9e6
S3450800dc800001fff7eff9dde90223fef7bdfb0c9a424400f04ff802460b4622f0000433f0004508bf002c05d048004015401c03d1090301d1aff300801046194604b0bde8c2
S3450800dcc0f08d000000c89cc000c89c400000f07ffe822b654715f73f0000e03f422ee6bff2e4d5bce7e84bbe0000903c112e5781a03f503f5843128c8f71bc3f4be8a541af
S3450800dd00b752013f0bbdf3dae8708c3f0000f03f10f0004160b148bf4042b0fa80f29040d21cc2f5846241ea025202ebd021400570470000124254d440f2ff7c1cea115367
S3450800dd400fd0634531d09b1863453cbf01eb0251704701f0004141ea0c510020aff30080704750ea410320d001f0004c91ea0c011cd0b1fa81f30b3b9a420dd9d21a994003
S3450800dd8051ea0c01c3f1200c20fa0cfc61449840531c40f2ff7cd7e7914041ea0c01c2f1200c20fa0cf3194390407047b0fa80f31533202be0d3202aeed3203a203b9a42d1
S3450800ddc009d9d21a00fa03f141ea0c010020531c40f2ff7cb8e700fa02f141ea0c0100207047524240f2ff7c1cea11530dd06345dbd0b2eb030c3cbfa1eb025170470cf135
S3450800de00010221ea035141f4801150ea410cccd001f0004c352a27dc30b481ea0c01b2f1200309dac2f12003044601fa03f5d0402843d1409c400ce0c3f12002450020fa49
S3450800de4003f418bf44f0010421fa03f091400c43002174f1004550f1000051eb0c01244230bc7ff47baf70476146002076e70000000102030405060708090a121113fdffd7
S3450800de80000102030405060708090a121113fdff000102030405060708090a121113fdff000102030405060708090a121113fdff000102fe0405060708fe0e0afdfdfdffee
S3450800dec0000102030405060708090e0a121113ff000102030405060708090a121113fdff000102030405060708090a121113fdff0001020b0c0d1117fdfdfdfdfdfdfdff8f
S3450800df000001020b0c0d1117fdfdfdfdfdfdfdff0001020b0c0d1117fdfdfdfdfdfdfdff0001020b0c0d101117fdfdfdfdfdfdff000102101117fdfdfdfdfdfdfdfdfdfff6
S3450800df40191a0000000000000000000000000000191a0000000000000000000000000000000102fe1117fdfdfdfdfdfdfdfdfdff000102030405060708090a121113fdffb7
S3450800df80000102030405060708090a121113fdff0001021711fdfdfdfdfdfdfdfdfdfdff000102fe1117fdfdfdfdfdfdfdfdfdff000102fe1117fdfdfdfdfdfdfdfdfdffc4
S3450800dfc0000102141117fdfdfdfdfdfdfdfdfdff000102101117fdfdfdfdfdfdfdfdfdff000102101117fdfdfdfdfdfdfdfdfdfffe000000000000000000000000000000b4
S3450800e000fe0000000000000000000000000000000001020f1117fdfdfdfdfdfdfdfdfdff0001020f1117fdfdfdfdfdfdfdfdfdff000102181117fdfdfdfdfdfdfdfdfdff71
S3450800e040000102fe11fdfdfdfdfdfdfdfdfdfdff000102fe11fdfdfdfdfdfdfdfdfdfdff000102fe11fdfdfdfdfdfdfdfdfdfdff000102030405060708090a12111317ff36
S3450800e080000102030405060708090a12111317ff000102030405060708090a12111317ff000102030405060708090a12111317ff000102030405060708090a12111317ff46
S3450800e0c0000102030405060708090a12111317ff0001020b0c0d1117fdfdfdfdfdfdfdff0001020b0c0d1117fdfdfdfdfdfdfdff0001020b0c0d1117fdfdfdfdfdfdfdffe4
S3450800e1000001020b0c0d1117fdfdfdfdfdfdfdff000102101117fdfdfdfdfdfdfdfdfdff000102101117fdfdfdfdfdfdfdfdfdff0001021711fdfdfdfdfdfdfdfdfdfdff4e
S3450800e1400001fdfdfdfdfdfdfdfdfdfdfdfdfdfffe000000000000000000000000000000fe0000000000000000000000000000000001021711fdfdfdfdfdfdfdfdfdfdffb0
S3450800e1800001021b1117fdfdfdfdfdfdfdfdfdff0001021711fdfdfdfdfdfdfdfdfdfdff000102101117fdfdfdfdfdfdfdfdfdff000102101117fdfdfdfdfdfdfdfdfdffdd
S3450800e1c0000102101117fdfdfdfdfdfdfdfdfdff000102101117fdfdfdfdfdfdfdfdfdff0001021711fdfdfdfdfdfdfdfdfdfdff000102101117fdfdfdfdfdfdfdfdfdffa8
S3450800e200000102101117fdfdfdfdfdfdfdfdfdff0001021117fdfdfdfdfdfdfdfdfdfdff0001021117fdfdfdfdfdfdfdfdfdfdff0001020b0c0d1117fdfdfdfdfdfdfdff60
S3450800e2400001020b0c0d1117fdfdfdfdfdfdfdff0001020b0c0d1117fdfdfdfdfdfdfdff0001020b0c0d1117fdfdfdfdfdfdfdff000102fe1117fdfdfdfdfdfdfdfdfdffd8
S3450800e280000102fe1117fdfdfdfdfdfdfdfdfdff000102fe1117fdfdfdfdfdfdfdfdfdff000102fe1117fdfdfdfdfdfdfdfdfdff000102fe1117fdfdfdfdfdfdfdfdfdff1c
S3450800e2c0000102fe1117fdfdfdfdfdfdfdfdfdff000102fe1117fdfdfdfdfdfdfdfdfdff000102fe1117fdfdfdfdfdfdfdfdfdff000102fe1117fdfdfdfdfdfdfdfdfdffdc
S3450800e300000102fe1117fdfdfdfdfdfdfdfdfdff000102fe1117fdfdfdfdfdfdfdfdfdff000102fe1117fdfdfdfdfdfdfdfdfdff000102fd1117fdfdfdfdfdfdfdfdfdff9c
S3450800e340000102fd1117fdfdfdfdfdfdfdfdfdff000102151117fdfdfdfdfdfdfdfdfdff000102161117fdfdfdfdfdfdfdfdfdff10b5f7f7c9fef5f76dfaf7f7edfa040094
S3450800e380f7f717fb2100c9b2c0b2f7f7fcfbf6f7d5fe00f0b3f900f0bcf900f0c5f900f0cef900f0d7f900f0e0f900f0e9f900f0f2f9f7f7fdfe00f05ffa002010bd70b57c
S3450800e3c086b00120059000200490012003900a2002904ff4fa700190a54800900023a54aa2a1a548fdf726fe002421e00120059000200490012003900a2002904ff4fa703e
S3450800e40001909e492200d2b24ff4fa70424301eb020000902300dbb2994a9a499a4d2600f6b2a420464305eb0600fdf703fe641c2000c0b20228d9db002421e001200590d2
S3450800e44000200490012003900a2002904ff4fa7001908e492200d2b24ff4fa70424301eb020000902300dbb2894a8a498a4d2600f6b2a420464305eb0600fdf7dbfd641c75
S3450800e4802000c0b20228d9db002421e00120059000200490012003900a2002904ff4fa7001907e492200d2b24ff4fa70424301eb020000902300dbb2794a7a497a4d260061
S3450800e4c0f6b2a420464305eb0600fdf7b3fd641c2000c0b20228d9db002421e00120059000200490012003900a2002904ff4fa7001906e492200d2b24ff4fa70424301ebd7
S3450800e500020000902300dbb2694a6a496a4d2600f6b2a420464305eb0600fdf78bfd641c2000c0b20228d9db002421e00120059000200490012003900a2002904ff4fa7045
S3450800e54001905e492200d2b24ff4fa70424301eb020000902300dbb2594a5a495a4d2600f6b2a420464305eb0600fdf763fd641c2000c0b20228d9db002421e00120059032
S3450800e58000200490012003900a2002904ff4fa7001904e492200d2b24ff4fa70424301eb020000902300dbb2494a4a494a4d2600f6b2a420464305eb0600fdf73bfd641cd4
S3450800e5c02000c0b20228d9db002421e00120059000200490012003900a2002904ff4fa7001903e492200d2b24ff4fa70424301eb020000902300dbb2394a3a493a4d260020
S3450800e600f6b2a420464305eb0600fdf713fd641c2000c0b20228d9db002421e00120059000200490012003900a2002904ff4fa7001902e492200d2b24ff4fa70424301eb75
S3450800e640020000902300dbb2294a2a492a4d2600f6b2a420464305eb0600fdf7ebfc641c2000c0b20228d9db06b070bd63647000f0d00020d93d000854e40020609e002083
S3450800e680d5e70008c8020108a4d4002048a20020ede70008d4020108ecd5002030a6002001e80008e002010834d7002018aa002015e80008ec0201087cd8002000ae00205a
S3450800e6c029e80008f8020108c4d90020e8b100203de80008040301080cdb0020d0b5002051e800081003010854dc0020b8b9002065e800081c0301089cdd002080b50020e8
S3450800e70000904ff4fa63294a29490020f5f7ddf801bd80b5002000904ff4fa63254a24490120f5f7d2f801bd80b5002000904ff4fa63214a1e490220f5f7c7f801bd80b50a
S3450800e740002000904ff4fa631c4a19490320f5f7bcf801bd80b5002000904ff4fa73184a18490420f5f7b1f801bd80b5002000904ff4fa73144a13490520f5f7a6f801bd67
S3450800e78080b5002000904ff4fa73104a0d490620f5f79bf801bd80b5002000904ff4fa730b4a08490720f5f790f801bd54530020e4f900082e5b002008630020e26a0020c3
S3450800e7c0bc720020d8fc0008ba740020b8760020b678002010b50400f6f756fc2100c9b20020f5f7a9faf6f71dfaf7e710b504002100c9b20120f5f79ffaf6f713faf7e7df
S3450800e80010b504002100c9b20220f5f795faf6f709faf7e710b504002100c9b20320f5f78bfaf6f7fff9f7e710b504002100c9b20420f5f781faf6f7f5f9f7e710b50400cc
S3450800e8402100c9b20520f5f777faf6f7ebf9f7e710b504002100c9b20620f5f76dfaf6f7e1f9f7e710b504002100c9b20720f5f763faf6f7d7f9f7e780b50d4800680d4982
S3450800e880884207d00a485ff0f031016000f016f800f080f806485ff0f031016006480068fff78dfd02480021016000f0b5f801bd1c000020f1f0f0f07ceb00202e482f4a31
S3450800e8c010604ff0e0202e49c0f8081d2d482c49096801604ff0e0202b4941614ff0070101610021c0f8181d2849c0f81c1d2849c0f8201d7047fee700b500f0dbf800f073
S3450800e900e5b800b500f0d6f800f002f900f0deb8fee7fee700b500f0cdf8f4f71afe00f0d5b800b500f0c6f8f4f76efe00f0ceb800b500f0bff8f4f7c2fe00f0c7b800b539
S3450800e94000f0b8f8f4f716ff00f0c0b800b500f0b1f8fcf76dfe00f0b9b800b500f0aaf8fcf76bff00f0b2b800b500f0a3f8faf7deff00f0abb8000048eb00207ceb00203b
S3450800e9800020000880eb00203f190100000000ff0000ff4080b500f007f900f053f91248002101601148002101601148002101601048002101601048002101600f480021e0
S3450800e9c001600f48002101600e48002101600e48002101600d48002101600d48002101600c480021016001bdcceb0020d0eb0020d4eb0020d8eb0020dceb0020e0eb002097
S3450800ea00eceb0020f0eb0020f4eb0020f8eb0020e4eb0020e8eb002072b64ff0e0204ff001010160016941f00101016162b600dfefbe70471c4801681c4a79b1eff3098cbb
S3450800ea402ce9f00fc1f808c0dff864c0dcf8005025b18d614ff00005ccf80050136893b103605c6804f101045c60dff844c09d69ccf80050d3f808c0bce8f00f8cf30988e1
S3450800ea806ff0020e704772b61368036023b962b630bfbff36f8ff6e74ff000644ff0e025c5f8044d62b6dce784eb002088eb0020a8eb00200448016801f1010101604df8b8
S3450800eac004ad4ff0000a70471c0000200c480168a1f101010160bde800440a48006800281dbf094909688142704708480068002802bf4ff080504ff0e021c1f8040d704714
S3450800eb001c00002088eb002084eb00209ceb00201e49086800f1010008601d4b1a68002a08d0a2f101021a60002a03d1194b4ff001001860184908680268002a04d0174be0
S3450800eb404ff001021a6008e000f10400144b1a68904201d1134b186808600e4b1a68002a03d10e49086800280fd04df804ed0b490868002801d000f0a7f8064b1a68002afd
S3450800eb8001d000f039f95df804eb7047a4eb0020a8eb0020aceb0020b8eb0020bceb0020b4eb0020b0eb002080b51b48002101601a4800210160042200211948fdf704f9a5
S3450800ebc0184820210160184800210170174b012008e05208491c94461cf0010ff9d019705b1c401cff2802d802000021f3e7802200210f48fdf7e8f80e48002101600e48b4
S3450800ec00002101600d48002101600d48006850f0c5700b49086001bd84eb002088eb002094eb002098eb0020e4df0020e5df002010e700208ceb002090eb00209ceb0020a6
S3450800ec40a0eb002080b5144800210160134800210160134800210160124800210160802200211148fdf7b0f810480f49016010480d4901600f48104901600e480068001d6e
S3450800ec800c4908600d48002101600d48002101600c480021016001bda4eb0020a8eb0020aceb0020bceb002090e70020b0eb0020b8eb0020b4eb00200ce80020c8eb0020ac
S3450800ecc0c0eb0020c4eb002030b583b0002400200190eff3108072b642490968002903d141490968002902d180f3108878e03d4901220a603d4909680968009100990029c4
S3450800ed0002d0009900aa8a613849096800220a6036490968091d354a116034490968344a1268914203d13149324a12680a602e4900220a6080f31088eff3108072b619e039
S3450800ed400022aa6180f310880800002801d020008847eff3108072b6a96901aa914209d10021a96180f310882800fdf7e7f8eff3108072b60099002928d0009d009909692c
S3450800ed808d4202d1002100910ae029696a694a6169692a690a61296900aa8a61296900912968212907d3296820392960002101aaaa612d61c6e7a968ec686a682a602a6850
S3450800edc0002abdd001aaaa612d61bbe70649096800297ff481af034900220a6080f3108837bd00bfc8eb0020bceb0020b8eb0020b4eb0020b0eb002014480168eff3108038
S3450800ee0072b6134a0023136000291bd00a6b002a18d1ca698a610a6a8a4210d0ca6acb6b9a420cd1ca6a0b4b096a43f822100a490968084a52f82110084a116002e089691a
S3450800ee40074a116080f31088704700bf84eb0020aceb002010e7002098eb002088eb0020a8eb00208001214284012142880121428c0121429001214294012142980121426b
S3450800ee809c012142a0012142a4012142a8012142ac012142b0012142b4012142b8012142bc0121428081214284812142888121428c812142908121429481214298812142a4
S3450800eec09c812142a0812142a4812142a8812142ac812142b0812142b4812142b8812142bc8121428001224284012242880122428c0122429001224294012242980122425d
S3450800ef009c012242a0012242a4012242a8012242ac012242b0012242b4012242b8012242bc0122428081224284812242888122428c81224290812242948122429881224213
S3450800ef409c812242a0812242a4812242a8812242ac812242b0812242b4812242b8812242bc8122428001234284012342880123428c012342900123429401234298012342cc
S3450800ef809c012342a0012342a4012342a8012342ac012342b0012342b4012342b8012342bc01234290e6002091e6002092e6002093e6002094e6002095e6002096e6002072
S3450800efc097e6002098e6002099e600209ae600209be600209ce600209de600209ee600209fe60020a0e60020a1e60020a2e60020a3e60020a4e60020a5e60020a6e60020bb
S3450800f000a7e60020a8e60020a9e60020aae60020abe60020ace60020ade60020aee60020afe60020b0e60020b1e60020b2e60020b3e60020b4e60020b5e60020b6e600207a
S3450800f040b7e60020b8e60020b9e60020bae60020bbe60020bce60020bde60020bee60020bfe60020c0e60020c1e60020c2e60020c3e60020c4e60020c5e60020c6e600203a
S3450800f080c7e60020c8e60020c9e60020cae60020cbe60020cce60020cde60020cee60020cfe60020d0e60020d1e60020d2e60020d3e60020d4e60020d5e60020d6e60020fa
S3450800f0c0d7e60020d8e60020d9e60020dae60020dbe60020dce60020dde60020dee60020dfe60020e0e60020e1e60020e2e60020e3e60020e4e60020e5e60020e6e60020ba
S3450800f100e7e60020e8e60020e9e60020eae60020ebe60020ece60020ede60020eee60020efe60020f0e60020f1e60020f2e60020f3e60020f4e60020f5e60020f6e6002079
S3450800f140f7e60020f8e60020f9e60020fae60020fbe60020fce60020fde60020fee60020ffe6002000e7002001e7002002e7002003e7002004e7002005e7002006e7002032
S3450800f18007e7002008e7002009e700200ae700200be700200ce700200de700200ee700200fe700200001214204012142080121420c0121421001214214012142180121428f
S3450800f1c01c0121422001214224012142280121422c0121423001214234012142380121423c0121420081214204812142088121420c81214210812142148121421881214261
S3450800f2001c8121422081214224812142288121422c8121423081214234812142388121423c8121420001224204012242080122420c01224210012242140122421801224219
S3450800f2401c0122422001224224012242280122422c0122423001224234012242380122423c0122420081224204812242088122420c812242108122421481224218812242d0
S3450800f2801c8122422081224224812242288122422c8122423081224234812242388122423c8122420001234204012342080123420c01234210012342140123421801234289
S3450800f2c01c0123422001234224012342280123422c0123423001234234012342380123423c01234210e6002011e6002012e6002013e6002014e6002015e6002016e600202f
S3450800f30017e6002018e6002019e600201ae600201be600201ce600201de600201ee600201fe6002020e6002021e6002022e6002023e6002024e6002025e6002026e6002077
S3450800f34027e6002028e6002029e600202ae600202be600202ce600202de600202ee600202fe6002030e6002031e6002032e6002033e6002034e6002035e6002036e6002037
S3450800f38037e6002038e6002039e600203ae600203be600203ce600203de600203ee600203fe6002040e6002041e6002042e6002043e6002044e6002045e6002046e60020f7
S3450800f3c047e6002048e6002049e600204ae600204be600204ce600204de600204ee600204fe6002050e6002051e6002052e6002053e6002054e6002055e6002056e60020b7
S3450800f40057e6002058e6002059e600205ae600205be600205ce600205de600205ee600205fe6002060e6002061e6002062e6002063e6002064e6002065e6002066e6002076
S3450800f44067e6002068e6002069e600206ae600206be600206ce600206de600206ee600206fe6002070e6002071e6002072e6002073e6002074e6002075e6002076e6002036
S3450800f48077e6002078e6002079e600207ae600207be600207ce600207de600207ee600207fe6002080e6002081e6002082e6002083e6002084e6002085e6002086e60020f6
S3450800f4c087e6002088e6002089e600208ae600208be600208ce600208de600208ee600208fe6002000002142100021422000214230002142400021425000214260002142e0
S3450800f500700021428000214290002142a0002142b0002142c0002142d0002142e0002142f0002142008021421080214220802142308021424080214250802142608021428d
S3450800f540708021428080214290802142a0802142b0802142c0802142d0802142e0802142f08021420000224210002242200022423000224240002242500022426000224246
S3450800f580700022428000224290002242a0002242b0002242c0002242d0002242e0002242f000224200802242108022422080224230802242408022425080224260802242fd
S3450800f5c0708022428080224290802242a0802242b0802242c0802242d0802242e0802242f080224200002342100023422000234230002342400023425000234260002342b6
S3450800f600700023428000234290002342a0002342b0002342c0002342d0002342e0002342f000234204002142140021422400214234002142440021425400214264002142de
S3450800f640740021428400214294002142a4002142b4002142c4002142d4002142e4002142f4002142048021421480214224802142348021424480214254802142648021420c
S3450800f680748021428480214294802142a4802142b4802142c4802142d4802142e4802142f480214204002242140022422400224234002242440022425400224264002242c5
S3450800f6c0740022428400224294002242a4002242b4002242c4002242d4002242e4002242f4002242048022421480224224802242348022424480224254802242648022427c
S3450800f700748022428480224294802242a4802242b4802242c4802242d4802242e4802242f48022420400234214002342240023423400234244002342540023426400234234
S3450800f740740023428400234294002342a4002342b4002342c4002342d4002342e4002342f4002342080021421800214228002142380021424800214258002142680021425d
S3450800f780780021428800214298002142a8002142b8002142c8002142d8002142e8002142f8002142088021421880214228802142388021424880214258802142688021428b
S3450800f7c0788021428880214298802142a8802142b8802142c8802142d8802142e8802142f88021420800224218002242280022423800224248002242580022426800224244
S3450800f800780022428800224298002242a8002242b8002242c8002242d8002242e8002242f800224208802242188022422880224238802242488022425880224268802242fa
S3450800f840788022428880224298802242a8802242b8802242c8802242d8802242e8802242f880224208002342180023422800234238002342480023425800234268002342b3
S3450800f880780023428800234298002342a8002342b8002342c8002342d8002342e8002342f80023420c0021421c0021422c0021423c0021424c0021425c0021426c002142dc
S3450800f8c07c0021428c0021429c002142ac002142bc002142cc002142dc002142ec002142fc0021420c8021421c8021422c8021423c8021424c8021425c8021426c8021420a
S3450800f9007c8021428c8021429c802142ac802142bc802142cc802142dc802142ec802142fc8021420c0022421c0022422c0022423c0022424c0022425c0022426c002242c2
S3450800f9407c0022428c0022429c002242ac002242bc002242cc002242dc002242ec002242fc0022420c8022421c8022422c8022423c8022424c8022425c8022426c80224279
S3450800f9807c8022428c8022429c802242ac802242bc802242cc802242dc802242ec802242fc8022420c0023421c0023422c0023423c0023424c0023425c0023426c00234232
S3450800f9c07c0023428c0023429c002342ac002342bc002342cc002342dc002342ec002342fc0023422100090077af000822000100f9b000082300ffffd3b100083001ffffc8
S3450800fa00675200083101ffffad5500083201ffff09570008400102007b7000084101ffff7971000842010100537200084301ffff137300085001ffff15810008510101009b
S3450800fa40b58200085201ffffc9840008530105000d8700086001ffff878e000861010100c98f00086201ffff579000087001ffff5791000871010600219200087201ffff0c
S3450800fa80c39200087301ffff0194000874010000319600088001ffff5b9e000881010700e5a000088201ffffa5a1000883010100e5a200088401ffff89a300089001ffffc9
S3450800fac0f5a900089101090091ab00089201ffff73ac0008a0010400a9b90008a101ffff61ba0008fb000100ef490008fc0001009f490008fe000100e3480008fd00ffff93
S3450800fb009d430008ff000100cd4700080000ffffb947000880b522490968c0b2f6f72bf920480168a020f6f726f91f480168a120f6f721f91d480168a220f6f71cf91c48ee
S3450800fb400168a320f6f717f91a480168a420f6f712f9002000900be06846009950f8211000982038c0b2f6f706f90098401c009000981328f0d35ff0ff300f4908600f496e
S3450800fb8008600f4908600f4908600f490f480860002000e0401c6428fcd30d48086001bd24ed00e028ed00e02ced00e030ed00e034ed00e038ed00e080e100e084e100e09e
S3450800fbc080e200e084e200e00ced00e00400fa050100fa0580b50320fff79cff01bd80b50420fff797ff01bd80b50520fff792ff01bd80b50620fff78dff01bd660c4b0c46
S3450800fc002f0c120cf40bd50bb60b950b740b520b2e0b0b0be60ac00a9a0a730a4c0a230afb09d109a8097d0953092809fc08d108a50879084d082108f507c9079d07710781
S3450800fc4045071a07ef06c4069a06700646061d06f505cd05a6057f05590533050e05ea04c704a40482046104400420040104e303c503a8038c03700356033c0322030a0343
S3450800fc80f202da02c402ae029802840270025c0249023702250214020302f301e401d401c601b801aa019d019001830177016c01600155014b01410137012d0124011b01dd
S3450800fcc012010a010201fa00f300eb00e400dd00d700d000ca00c400100002005d240008110010003925000812000100eb28000814010500432a00081501ffff132b0008ce
S3450800fd001601ffffab2b000817010500892c00081801ffff592d000819010500372e00081a0001001f2f00081c000100c12f00081d0001005b3000081e0003001131000815
S3450800fd401f00010015320008fb000100ef490008fc0001009f490008fe000100e3480008fd00ffff9d430008ff000100cd4700080000ffffb947000880b5c16eeff31082ce
S3450800fd8072b6836e002b34d0002932d00b68dff868c063452dd100238366036f984202d100238b620be0036f8b62036fd0f874c0c3f874c0436fd0f870c0c3f870c0cb6afe
S3450800fdc05b1ecb62036b052b13d10969002903d00b21c0f8841002e00a21c0f8841007490968491c054b196082f31088fbf770ff01e082f3108801bd554555519ceb00209e
S3450800fe0080b5c16eeff3108272b6836e002b2dd000292bd00b68dff85cc0634526d100238366036f984202d10023cb610be0036fcb61036fd0f874c0c3f874c0436fd0f898
S3450800fe4070c0c3f870c00b6a5b1e0b62016b0d290cd11d21c0f8841007490968491c064b196082f31088fbf733ff01e082f3108801bd00bf4554554d9ceb002080b5c16e23
S3450800fe80eff3108272b6836e002b2dd000292bd00b68dff85cc0634526d100238366036f984202d10023cb600be0036fcb60036fd0f874c0c3f874c0436fd0f870c0c3f893
S3450800fec070c00b695b1e0b61016b06290cd10d21c0f8841007490968491c064b196082f31088fbf7f5fe01e082f3108801bd00bf414d45539ceb002000000000000000005f
S3450800ff002001010001030100200102000206010022010300040c0100400202000206010040020200020601000101010101010101010101010101010110b50b480468a06cef
S3450800ff40616c8847eff3108072b6012121630121a16306490968491c044a116080f310882000f6f7f5fc10bd84eb00209ceb002080b5eff3108172b6026b042a09d1094ae9
S3450800ff801268521c074b1a6081f31088fbf7a0fe06e0826e81f310881100002900d0904701bd00bf9ceb002030b4002512e050f8042bd30744bf4a44521e091f042942f820
S3450800ffc0045bfad213468c0744bf15809b1cc90748bf1d7050f8041b0029e8d130bc7047000100000100000001000000000000000001010000010001000101010000010032
S3450801000000000001000001010100000101010001342c0140382c01403c2c0140402c014034340140383401403c3401404034014034080040380800403c0800404008004049
S34508010040342c0140382c01403c2c0140402c014034340140383401403c3401404034014034080040380800403c0800404008004010b5074979441831064c7c44163404e0b6
S345080100800a68081d114488470146a142f8d110bd8c000000ac00000000080140000c0140001001400014014000180140001c014000200140f0f0f0f0ff00000005480146d8
S345080100c003b4684680f30988aff30080aff3008000f002f8a5edf5fe0120c046002801d0fff7c6ffaff300800020aff30080fef73ff900f000f800f001b80000074638460d
S3450801010000f002f8fbe7000080b5aff30080024a11001820abbefbe7260002008dfeffff04ec00002400002000000000834affff2400000064ffffff000000200000000058
S3450801014044494e5f506f6c6c696e6754696d6572000000000000000000000200000004000000080000400000000000000000000000000000040000000800000030000000d6
S3450801018000000000545f467573654f627365727665720000416e616c6f674f627365727665720000416e616c6f675f6d7574657800000000444f55545f426c696e6b5469dc
S345080101c06d6572005374617274757054696d6572000000004f6273657276657254696d656f7574004f6273657276657254696d657200000000000040000040400000c04080
S345080102000000904150574d526564756374696f6e0000000002001801050018010b001801170018017370695f7265736f757263650000000000b5fef73dfcf6f778f9fef767
S3450801024045bc000053746174655f4c454400000000000000201c0000100e0000444f555454696d6572000000000001000a0014003200640050574d54696d657200000000f8
S3450801028008090a0b262728293c3d3e3f4932435f727873656d6100004932435f74787175657565004932435f74786576656e7400494f457870616e64657200006d756c74de
S345080102c069706c65780000006465766963655f305f0000006465766963655f315f0000006465766963655f325f0000006465766963655f335f0000006465766963655f344c
S345080103005f0000006465766963655f355f0000006465766963655f365f0000006465766963655f375f000000000081008100000000006c6c6c6c000000006c6c6c6c0000c1
S3450801034000003333111100000000008000800000000001000100000000006400e803102754696d656f7574000102040810204080010204081020408001020408102040807a
S34508010380fefdfbf7efdfbf7f7370695f696e740075617274000000001635382afffffffffffffffffffffffffffffffffffffffffffffffffffffffffffffffffffffffffa
