[2026-09-22T07:25:57.109920Z][APM_I.barcodereader][I][2330115][135]CRTArgumentParserBase.cpp:SetupLogFacility():200|System Logger Setup Done.[EOL]
[2026-09-22T07:25:57.110126Z][APM_I.barcodereader][I][1350078][135]CArgumentParserBase.cpp:ParseArguments():86|CSM version: 2.81.0.1340453_[EOL]
[2026-09-22T07:25:57.503696Z][APM_I.barcodereader][I][2330346][135]CRTSystemLogger.cpp:Activate():64|Realtime Logger created.[EOL]
[2026-09-22T07:25:57.503866Z][APM_I.barcodereader][N][2330110][135]CTLSF.cpp:TraceStatistics():105|TLSF Statistics: Initial pool size: 256000 Bytes, pool increased: 0 times, high watermark: 36240 bytes, currently used size: 36192 bytes.[EOL]
[2026-09-22T07:25:57.505229Z][APM_I.barcodereader][I][2330349][135]CRTEventSystemConfigurationDefault.cpp:TraceSetupDone():284|Realtime Context Setup Done. Sched Policy: SCHED_FIFO, Prio: 46, Timer Prio: 75, Middleware Prio: 76, CPU assigned by OS[EOL]
[2026-09-22T07:25:57.574549Z][APM_I.barcodereader][N][2330477][135]CConnectionHandler.cpp:RegisterConnection():104|Socket added to epoll with identifier 0x0 (0), file descriptor 11.[EOL]
[2026-09-22T07:25:57.601127Z][APM_I.barcodereader][N][2330477][135]CConnectionHandler.cpp:RegisterConnection():104|Socket added to epoll with identifier 0x0 (0), file descriptor 13.[EOL]
[2026-09-22T07:25:57.601160Z][APM_I.barcodereader][N][2330467][135]CDefaultStreamHandler.cpp:OnConnectionAccepted():405|New connection established. file descriptor 13[EOL]
[2026-09-22T07:25:57.601287Z][APM_I.barcodereader][N][2330470][135]CDefaultStreamHandler.cpp:OnClosing():424|Socket with file descriptor 13 has been disconnected[EOL]
[2026-09-22T07:25:57.601304Z][APM_I.barcodereader][N][2330478][135]CConnectionHandler.cpp:UnregisterConnection():127|Socket removed from epoll with identifier 0x0 (0), file descriptor 13.[EOL]
[2026-09-22T07:25:59.550682Z][APM_I.barcodereader][W][2330306][135]CRTCyclicEvent.cpp:TimeMissed():101|Cycle miss in event CCSICombinedCmdManager Cyclic Event. Time Overrun is 12556 us[EOL]
[2026-09-22T07:25:59.551374Z][APM_I.barcodereader][W][2330306][135]CRTCyclicEvent.cpp:TimeMissed():101|Cycle miss in event CCSICombinedRepManager. Time Overrun is 12556 us[EOL]
[2026-09-22T07:26:00.121078Z][APM_I.barcodereader][W][2330306][135]CRTCyclicEvent.cpp:TimeMissed():101|Cycle miss in event CCSICombinedCmdManager Cyclic Event. Time Overrun is 5402 us[EOL]
[2026-09-22T07:26:00.121118Z][APM_I.barcodereader][W][2330306][135]CRTCyclicEvent.cpp:TimeMissed():101|Cycle miss in event CCSICombinedRepManager. Time Overrun is 5402 us[EOL]
[2026-09-22T07:26:00.604923Z][APM_I.barcodereader][W][2330306][135]CRTCyclicEvent.cpp:TimeMissed():101|Cycle miss in event CCSICombinedCmdManager Cyclic Event. Time Overrun is 9354 us[EOL]
[2026-09-22T07:26:00.605003Z][APM_I.barcodereader][W][2330306][135]CRTCyclicEvent.cpp:TimeMissed():101|Cycle miss in event CCSICombinedRepManager. Time Overrun is 9354 us[EOL]
[2026-09-22T07:26:00.913625Z][APM_I.barcodereader][W][2330306][135]CRTCyclicEvent.cpp:TimeMissed():101|Cycle miss in event CCSICombinedCmdManager Cyclic Event. Time Overrun is 68074 us[EOL]
[2026-09-22T07:26:00.913665Z][APM_I.barcodereader][W][2330306][135]CRTCyclicEvent.cpp:TimeMissed():101|Cycle miss in event CCSICombinedRepManager. Time Overrun is 68074 us[EOL]
[2026-09-22T07:26:01.652175Z][APM_I.barcodereader][W][2330306][135]CRTCyclicEvent.cpp:TimeMissed():101|Cycle miss in event CCSICombinedCmdManager Cyclic Event. Time Overrun is 6633 us[EOL]
[2026-09-22T07:26:01.652266Z][APM_I.barcodereader][W][2330306][135]CRTCyclicEvent.cpp:TimeMissed():101|Cycle miss in event CCSICombinedRepManager. Time Overrun is 6633 us[EOL]
[2026-09-22T07:26:01.765956Z][APM_I.barcodereader][W][2330306][135]CRTCyclicEvent.cpp:TimeMissed():101|Cycle miss in event CCSICombinedCmdManager Cyclic Event. Time Overrun is 414 us[EOL]
[2026-09-22T07:26:01.766074Z][APM_I.barcodereader][W][2330306][135]CRTCyclicEvent.cpp:TimeMissed():101|Cycle miss in event CCSICombinedRepManager. Time Overrun is 414 us[EOL]
[2026-09-22T07:26:02.741973Z][APM_I.newgen-amplificationplatemagazine][I][2330115][144]CRTArgumentParserBase.cpp:SetupLogFacility():200|System Logger Setup Done.[EOL]
[2026-09-22T07:26:02.773636Z][APM_I.newgen-amplificationplatemagazine][I][1350078][144]CArgumentParserBase.cpp:ParseArguments():86|CSM version: 2.2.0.1340542_[EOL]
[2026-09-22T07:26:02.803631Z][APM_I.barcodereader][W][2330306][135]CRTCyclicEvent.cpp:TimeMissed():101|Cycle miss in event CCSICombinedCmdManager Cyclic Event. Time Overrun is 8066 us[EOL]
[2026-09-22T07:26:02.803756Z][APM_I.barcodereader][W][2330306][135]CRTCyclicEvent.cpp:TimeMissed():101|Cycle miss in event CCSICombinedRepManager. Time Overrun is 8066 us[EOL]
[2026-09-22T07:26:02.960168Z][APM_I.barcodereader][W][2330306][135]CRTCyclicEvent.cpp:TimeMissed():101|Cycle miss in event CCSICombinedCmdManager Cyclic Event. Time Overrun is 14628 us[EOL]
[2026-09-22T07:26:02.960223Z][APM_I.barcodereader][W][2330306][135]CRTCyclicEvent.cpp:TimeMissed():101|Cycle miss in event CCSICombinedRepManager. Time Overrun is 14628 us[EOL]
[2026-09-22T07:26:03.110687Z][APM_I.barcodereader][W][2330306][135]CRTCyclicEvent.cpp:TimeMissed():101|Cycle miss in event CCSICombinedCmdManager Cyclic Event. Time Overrun is 35143 us[EOL]
[2026-09-22T07:26:03.110728Z][APM_I.barcodereader][W][2330306][135]CRTCyclicEvent.cpp:TimeMissed():101|Cycle miss in event CCSICombinedRepManager. Time Overrun is 35143 us[EOL]
[2026-09-22T07:26:03.233645Z][APM_I.newgen-amplificationplatemagazine][I][2330346][144]CRTSystemLogger.cpp:Activate():64|Realtime Logger created.[EOL]
[2026-09-22T07:26:03.233694Z][APM_I.newgen-amplificationplatemagazine][N][2330110][144]CTLSF.cpp:TraceStatistics():105|TLSF Statistics: Initial pool size: 4194304 Bytes, pool increased: 0 times, high watermark: 170816 bytes, currently used size: 165104 bytes.[EOL]
[2026-09-22T07:26:03.233709Z][APM_I.newgen-amplificationplatemagazine][I][2330349][144]CRTEventSystemConfigurationDefault.cpp:TraceSetupDone():284|Realtime Context Setup Done. Sched Policy: SCHED_FIFO, Prio: 45, Timer Prio: 75, Middleware Prio: 76, CPU assigned by OS[EOL]
[2026-09-22T07:26:04.084507Z][APM_I.barcodereader][W][2330306][135]CRTCyclicEvent.cpp:TimeMissed():101|Cycle miss in event CCSICombinedCmdManager Cyclic Event. Time Overrun is 318963 us[EOL]
[2026-09-22T07:26:04.084775Z][APM_I.barcodereader][W][2330306][135]CRTCyclicEvent.cpp:TimeMissed():101|Cycle miss in event CCSICombinedRepManager. Time Overrun is 318963 us[EOL]
[2026-09-22T07:26:04.176637Z][APM_I.barcodereader][W][2330306][135]CRTCyclicEvent.cpp:TimeMissed():101|Cycle miss in event CCSICyclicRepManager. Time Overrun is 168833 us[EOL]
[2026-09-22T07:26:06.231556Z][APM_I.barcodereader][W][2330306][135]CRTCyclicEvent.cpp:TimeMissed():101|Cycle miss in event CCSICombinedCmdManager Cyclic Event. Time Overrun is 1955921 us[EOL]
[2026-09-22T07:26:06.231809Z][APM_I.barcodereader][W][2330306][135]CRTCyclicEvent.cpp:TimeMissed():101|Cycle miss in event CCSICombinedRepManager. Time Overrun is 1955921 us[EOL]
[2026-09-22T07:26:06.432241Z][APM_I.barcodereader][W][2330306][135]CRTCyclicEvent.cpp:TimeMissed():101|Cycle miss in event CCSICombinedCmdManager Cyclic Event. Time Overrun is 46698 us[EOL]
[2026-09-22T07:26:06.432281Z][APM_I.barcodereader][W][2330306][135]CRTCyclicEvent.cpp:TimeMissed():101|Cycle miss in event CCSICombinedRepManager. Time Overrun is 46698 us[EOL]
[2026-09-22T07:26:06.563015Z][APM_I.barcodereader][W][2330306][135]CRTCyclicEvent.cpp:TimeMissed():101|Cycle miss in event CCSICombinedCmdManager Cyclic Event. Time Overrun is 17476 us[EOL]
[2026-09-22T07:26:06.563076Z][APM_I.barcodereader][W][2330306][135]CRTCyclicEvent.cpp:TimeMissed():101|Cycle miss in event CCSICombinedRepManager. Time Overrun is 17476 us[EOL]
[2026-09-22T07:26:06.741361Z][APM_I.barcodereader][W][2330306][135]CRTCyclicEvent.cpp:TimeMissed():101|Cycle miss in event CCSICombinedCmdManager Cyclic Event. Time Overrun is 25817 us[EOL]
[2026-09-22T07:26:06.741422Z][APM_I.barcodereader][W][2330306][135]CRTCyclicEvent.cpp:TimeMissed():101|Cycle miss in event CCSICombinedRepManager. Time Overrun is 25817 us[EOL]
[2026-09-22T07:26:06.867510Z][APM_I.newgen-amplificationplatemagazine][I][1000053][144]CMotorLLCS.cpp:DoConfigure():192|Create BCI device with CDI: 0x114C01[EOL]
[2026-09-22T07:26:06.932396Z][APM_I.newgen-amplificationplatemagazine][I][6820011][144]CCSMApplication.cpp:RegisterDeviceController():217|Motion Event Handler registered![EOL]
[2026-09-22T07:26:06.949402Z][APM_I.newgen-amplificationplatemagazine][I][6820011][144]CCSMApplication.cpp:UserLevelApplicationInit():321|State machine instantiation done[EOL]
[2026-09-22T07:26:06.967856Z][APM_I.newgen-amplificationplatemagazine][I][6820011][144]CCSMApplication.cpp:UserLevelApplicationInit():327|XML path is: /opt/roche/config//settings/config/amplificationplatemagazine-parampool.xml[EOL]
[2026-09-22T07:26:07.049113Z][APM_I.newgen-amplificationplatemagazine][I][6820011][144]CCSMApplication.cpp:UserLevelApplicationInit():337|Parameter pool configuration done[EOL]
[2026-09-22T07:26:07.065200Z][APM_I.newgen-amplificationplatemagazine][I][6820011][144]CCSMApplication.cpp:UserLevelApplicationInit():359|Module configuration done[EOL]
[2026-09-22T07:26:07.070860Z][APM_I.newgen-amplificationplatemagazine][I][0][144]CCSMApplication.cpp:UserLevelApplicationInit():382|Loading ECC /opt/roche/config//settings/startup/ecc.xml, Config ID: AmplificationPlateMagazine_I[EOL]
[2026-09-22T07:26:07.561614Z][APM_I.newgen-amplificationplatemagazine][I][0][144]CCSMApplication.cpp:UserLevelApplicationInit():384|Parsing Device List[EOL]
[2026-09-22T07:26:07.665638Z][APM_I.newgen-amplificationplatemagazine][I][6820011][144]CCSMApplication.cpp:UserLevelApplicationInit():408|Default- & AS- Errorhandling instantiated![EOL]
[2026-09-22T07:26:07.731370Z][APM_I.newgen-amplificationplatemagazine][N][2330477][144]CConnectionHandler.cpp:RegisterConnection():104|Socket added to epoll with identifier 0x0 (0), file descriptor 20.[EOL]
[2026-09-22T07:26:07.751004Z][APM_I.newgen-amplificationplatemagazine][N][2330477][144]CConnectionHandler.cpp:RegisterConnection():104|Socket added to epoll with identifier 0x0 (0), file descriptor 21.[EOL]
[2026-09-22T07:26:07.751050Z][APM_I.newgen-amplificationplatemagazine][N][2330467][144]CDefaultStreamHandler.cpp:OnConnectionAccepted():405|New connection established. file descriptor 21[EOL]
[2026-09-22T07:26:07.751096Z][APM_I.newgen-amplificationplatemagazine][N][2330470][144]CDefaultStreamHandler.cpp:OnClosing():424|Socket with file descriptor 21 has been disconnected[EOL]
[2026-09-22T07:26:07.751101Z][APM_I.newgen-amplificationplatemagazine][N][2330478][144]CConnectionHandler.cpp:UnregisterConnection():127|Socket removed from epoll with identifier 0x0 (0), file descriptor 21.[EOL]
[2026-09-22T07:26:07.790498Z][APM_I.newgen-amplificationplatemagazine][N][844444405][144]RabbitMqConnector.cpp:Connect():840|Connecting as '6800_2AC.10001.AmplificationPlateMagazine.I' to RabbitMQ on amqp://USERNAME:PASSWORD@rabbitmq-server/[EOL]
[2026-09-22T07:26:07.816931Z][APM_I.newgen-amplificationplatemagazine][N][2330477][144]CConnectionHandler.cpp:RegisterConnection():104|Socket added to epoll with identifier 0x15 (21), file descriptor 21.[EOL]
[2026-09-22T07:26:07.904934Z][APM_I.newgen-amplificationplatemagazine][N][2330477][144]CConnectionHandler.cpp:RegisterConnection():104|Socket added to epoll with identifier 0x17 (23), file descriptor 23.[EOL]
[2026-09-22T07:26:07.904987Z][APM_I.newgen-amplificationplatemagazine][N][2330478][144]CConnectionHandler.cpp:UnregisterConnection():127|Socket removed from epoll with identifier 0x15 (21), file descriptor 21.[EOL]
[2026-09-22T07:26:10.507645Z][APM_I.barcodereader][W][2330306][135]CRTCyclicEvent.cpp:TimeMissed():101|Cycle miss in event CCSICombinedCmdManager Cyclic Event. Time Overrun is 2712104 us[EOL]
[2026-09-22T07:26:10.507793Z][APM_I.barcodereader][W][2330306][135]CRTCyclicEvent.cpp:TimeMissed():101|Cycle miss in event CCSICombinedRepManager. Time Overrun is 2712104 us[EOL]
[2026-09-22T07:26:10.652704Z][APM_I.barcodereader][W][2330306][135]CRTCyclicEvent.cpp:TimeMissed():101|Cycle miss in event CCSICyclicRepManager. Time Overrun is 2047692 us[EOL]
[2026-09-22T07:26:08.460146Z][APM_I.newgen-amplificationplatemagazine][W][2330306][144]CRTCyclicEvent.cpp:TimeMissed():101|Cycle miss in event CCSICyclicRepManager. Time Overrun is 289268 us[EOL]
[2026-09-22T07:26:08.711956Z][APM_I.newgen-amplificationplatemagazine][W][2330306][144]CRTCyclicEvent.cpp:TimeMissed():101|Cycle miss in event CCSICombinedCmdManager Cyclic Event. Time Overrun is 5427 us[EOL]
[2026-09-22T07:26:08.711983Z][APM_I.newgen-amplificationplatemagazine][W][2330306][144]CRTCyclicEvent.cpp:TimeMissed():101|Cycle miss in event CCSICombinedRepManager. Time Overrun is 5427 us[EOL]
[2026-09-22T07:26:08.862324Z][APM_I.newgen-amplificationplatemagazine][W][2330306][144]CRTCyclicEvent.cpp:TimeMissed():101|Cycle miss in event CCSICombinedCmdManager Cyclic Event. Time Overrun is 36790 us[EOL]
[2026-09-22T07:26:08.862344Z][APM_I.newgen-amplificationplatemagazine][W][2330306][144]CRTCyclicEvent.cpp:TimeMissed():101|Cycle miss in event CCSICombinedRepManager. Time Overrun is 36790 us[EOL]
[2026-09-22T07:26:10.075615Z][APM_I.newgen-amplificationplatemagazine][W][2330306][144]CRTCyclicEvent.cpp:TimeMissed():101|Cycle miss in event CCSICombinedCmdManager Cyclic Event. Time Overrun is 64 us[EOL]
[2026-09-22T07:26:10.075708Z][APM_I.newgen-amplificationplatemagazine][W][2330306][144]CRTCyclicEvent.cpp:TimeMissed():101|Cycle miss in event CCSICombinedRepManager. Time Overrun is 64 us[EOL]
[2026-09-22T07:26:10.616678Z][APM_I.newgen-amplificationplatemagazine][W][2330306][144]CRTCyclicEvent.cpp:TimeMissed():101|Cycle miss in event CCSICombinedCmdManager Cyclic Event. Time Overrun is 1142 us[EOL]
[2026-09-22T07:26:10.616706Z][APM_I.newgen-amplificationplatemagazine][W][2330306][144]CRTCyclicEvent.cpp:TimeMissed():101|Cycle miss in event CCSICombinedRepManager. Time Overrun is 1142 us[EOL]
[2026-09-22T07:26:10.750166Z][APM_I.barcodereader][W][2330306][135]CRTCyclicEvent.cpp:TimeMissed():101|Cycle miss in event CCSICombinedCmdManager Cyclic Event. Time Overrun is 14628 us[EOL]
[2026-09-22T07:26:10.750191Z][APM_I.barcodereader][W][2330306][135]CRTCyclicEvent.cpp:TimeMissed():101|Cycle miss in event CCSICombinedRepManager. Time Overrun is 14628 us[EOL]
[2026-09-22T07:26:10.686328Z][APM_I.newgen-amplificationplatemagazine][I][844444409][144]RabbitMqConnector.cpp:onProperties():1356|Exchange of properties: amqp_conn=0x7fb8b6079290 amqp_conn_fd=23#012  Properties sent by server:#012    table(capabilities:table(authentication_failure_close:booleanset(1,0,0,0,0,0,0,0),basic.nack:booleanset(1,0,0,0,0,0,0,0),connection.blocked:booleanset(1,0,0,0,0,0,0,0),consumer_cancel_notify:booleanset(1,0,0,0,0,0,0,0),consumer_priorities:booleanset(1,0,0,0,0,0,0,0),direct_reply_to:booleanset(1,0,0,0,0,0,0,0),exchange_exchange_bindings:booleanset(1,0,0,0,0,0,0,0),per_consumer_qos:booleanset(1,0,0,0,0,0,0,0),publisher_confirms:booleanset(1,0,0,0,0,0,0,0)),cluster_name:string(rabbit@x800-instrument),copyright:string(Copyright (c) 2007-2024 Broadcom Inc and/or its subsidiaries),information:string(Licensed under the MPL 2.0. Website: https://rabbitmq.com),platform:string(Erlang/OTP 26.2.5.3),product:string(RabbitMQ),version:string(3.13.7))#012  Properties sent back by us:#012    table(connection_name:string(6800_2AC.10001.AmplificationPlateMagazine.I))#012  Note that additional properties will be set internally by the AMQP-CPP library.[EOL]
[2026-09-22T07:26:10.753611Z][APM_I.newgen-amplificationplatemagazine][W][2330306][144]CRTCyclicEvent.cpp:TimeMissed():101|Cycle miss in event CCSICombinedCmdManager Cyclic Event. Time Overrun is 8010 us[EOL]
[2026-09-22T07:26:10.753642Z][APM_I.newgen-amplificationplatemagazine][W][2330306][144]CRTCyclicEvent.cpp:TimeMissed():101|Cycle miss in event CCSICombinedRepManager. Time Overrun is 8010 us[EOL]
[2026-09-22T07:26:10.880884Z][APM_I.barcodereader][W][2330306][135]CRTCyclicEvent.cpp:TimeMissed():101|Cycle miss in event CCSICombinedCmdManager Cyclic Event. Time Overrun is 5346 us[EOL]
[2026-09-22T07:26:10.880991Z][APM_I.barcodereader][W][2330306][135]CRTCyclicEvent.cpp:TimeMissed():101|Cycle miss in event CCSICombinedRepManager. Time Overrun is 5346 us[EOL]
[2026-09-22T07:26:10.881239Z][APM_I.newgen-amplificationplatemagazine][W][2330306][144]CRTCyclicEvent.cpp:TimeMissed():101|Cycle miss in event CCSICombinedCmdManager Cyclic Event. Time Overrun is 5705 us[EOL]
[2026-09-22T07:26:10.881289Z][APM_I.newgen-amplificationplatemagazine][W][2330306][144]CRTCyclicEvent.cpp:TimeMissed():101|Cycle miss in event CCSICombinedRepManager. Time Overrun is 5705 us[EOL]
[2026-09-22T07:26:11.660159Z][APM_I.barcodereader][W][2330306][135]CRTCyclicEvent.cpp:TimeMissed():101|Cycle miss in event CCSICombinedCmdManager Cyclic Event. Time Overrun is 14569 us[EOL]
[2026-09-22T07:26:11.670083Z][APM_I.newgen-amplificationplatemagazine][W][2330306][144]CRTCyclicEvent.cpp:TimeMissed():101|Cycle miss in event CCSICombinedCmdManager Cyclic Event. Time Overrun is 14463 us[EOL]
[2026-09-22T07:26:11.660346Z][APM_I.barcodereader][W][2330306][135]CRTCyclicEvent.cpp:TimeMissed():101|Cycle miss in event CCSICombinedRepManager. Time Overrun is 14569 us[EOL]
[2026-09-22T07:26:11.670334Z][APM_I.newgen-amplificationplatemagazine][W][2330306][144]CRTCyclicEvent.cpp:TimeMissed():101|Cycle miss in event CCSICombinedRepManager. Time Overrun is 14463 us[EOL]
[2026-09-22T07:26:11.800473Z][APM_I.newgen-amplificationplatemagazine][W][2330306][144]CRTCyclicEvent.cpp:TimeMissed():101|Cycle miss in event CCSICombinedCmdManager Cyclic Event. Time Overrun is 4938 us[EOL]
[2026-09-22T07:26:11.800528Z][APM_I.newgen-amplificationplatemagazine][W][2330306][144]CRTCyclicEvent.cpp:TimeMissed():101|Cycle miss in event CCSICombinedRepManager. Time Overrun is 4938 us[EOL]
[2026-09-22T07:26:12.522957Z][APM_I.newgen-amplificationplatemagazine][I][844444410][144]RabbitMqConnector.cpp:onNegotiate():1364|Setting heartbeat frequency: amqp_conn=0x7fb8b6079290 amqp_conn_fd=23 interval=60[EOL]
[2026-09-22T07:26:13.213470Z][APM_I.barcodereader][W][2330306][135]CRTCyclicEvent.cpp:TimeMissed():101|Cycle miss in event CCSICombinedCmdManager Cyclic Event. Time Overrun is 7932 us[EOL]
[2026-09-22T07:26:13.213500Z][APM_I.barcodereader][W][2330306][135]CRTCyclicEvent.cpp:TimeMissed():101|Cycle miss in event CCSICombinedRepManager. Time Overrun is 7932 us[EOL]
[2026-09-22T07:26:13.365886Z][APM_I.barcodereader][W][2330306][135]CRTCyclicEvent.cpp:TimeMissed():101|Cycle miss in event CCSICombinedCmdManager Cyclic Event. Time Overrun is 346 us[EOL]
[2026-09-22T07:26:13.365935Z][APM_I.barcodereader][W][2330306][135]CRTCyclicEvent.cpp:TimeMissed():101|Cycle miss in event CCSICombinedRepManager. Time Overrun is 346 us[EOL]
[2026-09-22T07:26:13.795810Z][APM_I.newgen-amplificationplatemagazine][W][2330306][144]CRTCyclicEvent.cpp:TimeMissed():101|Cycle miss in event CCSICombinedCmdManager Cyclic Event. Time Overrun is 10224 us[EOL]
[2026-09-22T07:26:13.795865Z][APM_I.newgen-amplificationplatemagazine][W][2330306][144]CRTCyclicEvent.cpp:TimeMissed():101|Cycle miss in event CCSICombinedRepManager. Time Overrun is 10224 us[EOL]
[2026-09-22T07:26:13.965014Z][APM_I.newgen-amplificationplatemagazine][I][844444411][144]RabbitMqConnector.cpp:onReady():1373|Handshake with rabbitmq completed: amqp_conn=0x7fb8b6079290 amqp_conn_fd=23[EOL]
[2026-09-22T07:26:14.248007Z][APM_I.newgen-amplificationplatemagazine][W][2330306][144]CRTCyclicEvent.cpp:TimeMissed():101|Cycle miss in event CCSICombinedCmdManager Cyclic Event. Time Overrun is 2470 us[EOL]
[2026-09-22T07:26:14.248224Z][APM_I.newgen-amplificationplatemagazine][W][2330306][144]CRTCyclicEvent.cpp:TimeMissed():101|Cycle miss in event CCSICombinedRepManager. Time Overrun is 2470 us[EOL]
[2026-09-22T07:26:14.881756Z][APM_I.newgen-amplificationplatemagazine][I][844444453][144]RabbitMqConnector.cpp:operator()():631|Sucessfully consumed: queue_name: roche.newgen.amplificationplatemagazine.i.q[EOL]
[2026-09-22T07:26:14.885119Z][APM_I.newgen-amplificationplatemagazine][I][844444436][144]UnitCommunicator.cpp:SendEvent():424|Publishing event: type=Roche.c68_8800.AmplificationPlateMagazine.I.UnitStateChanged correlation_id=(n/a)[EOL]
[2026-09-22T07:26:14.885840Z][APM_I.newgen-amplificationplatemagazine][I][2560017][144]MessageSender.h:SendEvent():105|Sent RabbitMqEvent Roche.c68_8800.AmplificationPlateMagazine.I.UnitStateChanged. Content: {"Timestamp":"2026-09-22T07:26:14.884588Z","TraceContext":"00-52f8b64533259f889ac10297aedbe9bf-4fe02ca2aedfa2a1-01","MagazineId":"I","OldState":"PoweredOff","NewState":"StartingUp"}[EOL]
[2026-09-22T07:26:15.031635Z][APM_I.barcodereader][W][2330306][135]CRTCyclicEvent.cpp:TimeMissed():101|Cycle miss in event CCSICombinedCmdManager Cyclic Event. Time Overrun is 16002 us[EOL]
[2026-09-22T07:26:15.031906Z][APM_I.barcodereader][W][2330306][135]CRTCyclicEvent.cpp:TimeMissed():101|Cycle miss in event CCSICombinedRepManager. Time Overrun is 16002 us[EOL]
[2026-09-22T07:26:15.098385Z][APM_I.newgen-amplificationplatemagazine][W][2330306][144]CRTCyclicEvent.cpp:TimeMissed():101|Cycle miss in event CCSICombinedCmdManager Cyclic Event. Time Overrun is 82849 us[EOL]
[2026-09-22T07:26:15.098452Z][APM_I.newgen-amplificationplatemagazine][W][2330306][144]CRTCyclicEvent.cpp:TimeMissed():101|Cycle miss in event CCSICombinedRepManager. Time Overrun is 82849 us[EOL]
[2026-09-22T07:26:16.166400Z][APM_I.barcodereader][W][2330306][135]CRTCyclicEvent.cpp:TimeMissed():101|Cycle miss in event CCSICombinedCmdManager Cyclic Event. Time Overrun is 10533 us[EOL]
[2026-09-22T07:26:16.166886Z][APM_I.barcodereader][W][2330306][135]CRTCyclicEvent.cpp:TimeMissed():101|Cycle miss in event CCSICombinedRepManager. Time Overrun is 10533 us[EOL]
[2026-09-22T07:26:16.791463Z][APM_I.barcodereader][W][2330306][135]CRTCyclicEvent.cpp:TimeMissed():101|Cycle miss in event CCSICombinedCmdManager Cyclic Event. Time Overrun is 5918 us[EOL]
[2026-09-22T07:26:16.791495Z][APM_I.barcodereader][W][2330306][135]CRTCyclicEvent.cpp:TimeMissed():101|Cycle miss in event CCSICombinedRepManager. Time Overrun is 5918 us[EOL]
[2026-09-22T07:26:16.975695Z][APM_I.newgen-amplificationplatemagazine][W][2330306][144]CRTCyclicEvent.cpp:TimeMissed():101|Cycle miss in event CCSICombinedCmdManager Cyclic Event. Time Overrun is 9925 us[EOL]
[2026-09-22T07:26:16.976327Z][APM_I.newgen-amplificationplatemagazine][W][2330306][144]CRTCyclicEvent.cpp:TimeMissed():101|Cycle miss in event CCSICombinedRepManager. Time Overrun is 9925 us[EOL]
[2026-09-22T07:26:17.242303Z][APM_I.newgen-amplificationplatemagazine][W][2330306][144]CRTCyclicEvent.cpp:TimeMissed():101|Cycle miss in event CCSICombinedCmdManager Cyclic Event. Time Overrun is 6752 us[EOL]
[2026-09-22T07:26:17.242426Z][APM_I.newgen-amplificationplatemagazine][W][2330306][144]CRTCyclicEvent.cpp:TimeMissed():101|Cycle miss in event CCSICombinedRepManager. Time Overrun is 6752 us[EOL]
[2026-09-22T07:26:17.597300Z][APM_I.newgen-amplificationplatemagazine][W][2330306][144]CRTCyclicEvent.cpp:TimeMissed():101|Cycle miss in event CCSICombinedCmdManager Cyclic Event. Time Overrun is 1763 us[EOL]
[2026-09-22T07:26:17.597341Z][APM_I.newgen-amplificationplatemagazine][W][2330306][144]CRTCyclicEvent.cpp:TimeMissed():101|Cycle miss in event CCSICombinedRepManager. Time Overrun is 1763 us[EOL]
[2026-09-22T07:26:17.900809Z][APM_I.barcodereader][W][2330306][135]CRTCyclicEvent.cpp:TimeMissed():101|Cycle miss in event CCSICombinedCmdManager Cyclic Event. Time Overrun is 5271 us[EOL]
[2026-09-22T07:26:17.900871Z][APM_I.barcodereader][W][2330306][135]CRTCyclicEvent.cpp:TimeMissed():101|Cycle miss in event CCSICombinedRepManager. Time Overrun is 5271 us[EOL]
[2026-09-22T07:26:18.163785Z][APM_I.barcodereader][W][2330306][135]CRTCyclicEvent.cpp:TimeMissed():101|Cycle miss in event CCSICombinedCmdManager Cyclic Event. Time Overrun is 18174 us[EOL]
[2026-09-22T07:26:18.163868Z][APM_I.barcodereader][W][2330306][135]CRTCyclicEvent.cpp:TimeMissed():101|Cycle miss in event CCSICombinedRepManager. Time Overrun is 18174 us[EOL]
[2026-09-22T07:26:18.940370Z][APM_I.newgen-amplificationplatemagazine][W][2330306][144]CRTCyclicEvent.cpp:TimeMissed():101|Cycle miss in event CCSICombinedCmdManager Cyclic Event. Time Overrun is 4826 us[EOL]
[2026-09-22T07:26:18.940638Z][APM_I.newgen-amplificationplatemagazine][W][2330306][144]CRTCyclicEvent.cpp:TimeMissed():101|Cycle miss in event CCSICombinedRepManager. Time Overrun is 4826 us[EOL]
[2026-09-22T07:26:19.174887Z][APM_I.barcodereader][W][2330306][135]CRTCyclicEvent.cpp:TimeMissed():101|Cycle miss in event CCSICombinedCmdManager Cyclic Event. Time Overrun is 69081 us[EOL]
[2026-09-22T07:26:19.206243Z][APM_I.newgen-amplificationplatemagazine][W][2330306][144]CRTCyclicEvent.cpp:TimeMissed():101|Cycle miss in event CCSICombinedCmdManager Cyclic Event. Time Overrun is 707 us[EOL]
[2026-09-22T07:26:19.175130Z][APM_I.barcodereader][W][2330306][135]CRTCyclicEvent.cpp:TimeMissed():101|Cycle miss in event CCSICombinedRepManager. Time Overrun is 69081 us[EOL]
[2026-09-22T07:26:19.206331Z][APM_I.newgen-amplificationplatemagazine][W][2330306][144]CRTCyclicEvent.cpp:TimeMissed():101|Cycle miss in event CCSICombinedRepManager. Time Overrun is 707 us[EOL]
[2026-09-22T07:26:19.346163Z][APM_I.newgen-amplificationplatemagazine][W][2330306][144]CRTCyclicEvent.cpp:TimeMissed():101|Cycle miss in event CCSICombinedCmdManager Cyclic Event. Time Overrun is 20628 us[EOL]
[2026-09-22T07:26:19.346201Z][APM_I.newgen-amplificationplatemagazine][W][2330306][144]CRTCyclicEvent.cpp:TimeMissed():101|Cycle miss in event CCSICombinedRepManager. Time Overrun is 20628 us[EOL]
[2026-09-22T07:26:19.346786Z][APM_I.barcodereader][W][2330306][135]CRTCyclicEvent.cpp:TimeMissed():101|Cycle miss in event CCSICombinedCmdManager Cyclic Event. Time Overrun is 31248 us[EOL]
[2026-09-22T07:26:19.346815Z][APM_I.barcodereader][W][2330306][135]CRTCyclicEvent.cpp:TimeMissed():101|Cycle miss in event CCSICombinedRepManager. Time Overrun is 31248 us[EOL]
[2026-09-22T07:26:19.576211Z][APM_I.barcodereader][W][2330306][135]CRTCyclicEvent.cpp:TimeMissed():101|Cycle miss in event CCSICombinedCmdManager Cyclic Event. Time Overrun is 669 us[EOL]
[2026-09-22T07:26:19.576251Z][APM_I.barcodereader][W][2330306][135]CRTCyclicEvent.cpp:TimeMissed():101|Cycle miss in event CCSICombinedRepManager. Time Overrun is 669 us[EOL]
[2026-09-22T07:26:19.927104Z][APM_I.barcodereader][W][2330306][135]CRTCyclicEvent.cpp:TimeMissed():101|Cycle miss in event CCSICombinedCmdManager Cyclic Event. Time Overrun is 1563 us[EOL]
[2026-09-22T07:26:19.927131Z][APM_I.barcodereader][W][2330306][135]CRTCyclicEvent.cpp:TimeMissed():101|Cycle miss in event CCSICombinedRepManager. Time Overrun is 1563 us[EOL]
[2026-09-22T07:26:20.313606Z][APM_I.barcodereader][W][2330306][135]CRTCyclicEvent.cpp:TimeMissed():101|Cycle miss in event CCSICombinedCmdManager Cyclic Event. Time Overrun is 178065 us[EOL]
[2026-09-22T07:26:20.313651Z][APM_I.barcodereader][W][2330306][135]CRTCyclicEvent.cpp:TimeMissed():101|Cycle miss in event CCSICombinedRepManager. Time Overrun is 178065 us[EOL]
[2026-09-22T07:26:21.392011Z][APM_I.barcodereader][W][2330306][135]CRTCyclicEvent.cpp:TimeMissed():101|Cycle miss in event CCSICombinedCmdManager Cyclic Event. Time Overrun is 6469 us[EOL]
[2026-09-22T07:26:21.392056Z][APM_I.barcodereader][W][2330306][135]CRTCyclicEvent.cpp:TimeMissed():101|Cycle miss in event CCSICombinedRepManager. Time Overrun is 6469 us[EOL]
[2026-09-22T07:26:22.489998Z][APM_I.barcodereader][W][2330306][135]CRTCyclicEvent.cpp:TimeMissed():101|Cycle miss in event CCSICombinedCmdManager Cyclic Event. Time Overrun is 4458 us[EOL]
[2026-09-22T07:26:22.490034Z][APM_I.barcodereader][W][2330306][135]CRTCyclicEvent.cpp:TimeMissed():101|Cycle miss in event CCSICombinedRepManager. Time Overrun is 4458 us[EOL]
[2026-09-22T07:26:23.187100Z][APM_I.barcodereader][W][2330306][135]CRTCyclicEvent.cpp:TimeMissed():101|Cycle miss in event CCSICombinedCmdManager Cyclic Event. Time Overrun is 1562 us[EOL]
[2026-09-22T07:26:23.187125Z][APM_I.barcodereader][W][2330306][135]CRTCyclicEvent.cpp:TimeMissed():101|Cycle miss in event CCSICombinedRepManager. Time Overrun is 1562 us[EOL]
[2026-09-22T07:26:23.189999Z][APM_I.newgen-amplificationplatemagazine][W][2330306][144]CRTCyclicEvent.cpp:TimeMissed():101|Cycle miss in event CCSICombinedCmdManager Cyclic Event. Time Overrun is 4257 us[EOL]
[2026-09-22T07:26:23.190514Z][APM_I.newgen-amplificationplatemagazine][W][2330306][144]CRTCyclicEvent.cpp:TimeMissed():101|Cycle miss in event CCSICombinedRepManager. Time Overrun is 4257 us[EOL]
[2026-09-22T07:26:23.375798Z][APM_I.barcodereader][W][2330306][135]CRTCyclicEvent.cpp:TimeMissed():101|Cycle miss in event CCSICombinedCmdManager Cyclic Event. Time Overrun is 247 us[EOL]
[2026-09-22T07:26:23.375857Z][APM_I.barcodereader][W][2330306][135]CRTCyclicEvent.cpp:TimeMissed():101|Cycle miss in event CCSICombinedRepManager. Time Overrun is 247 us[EOL]
[2026-09-22T07:26:23.532741Z][APM_I.newgen-amplificationplatemagazine][W][2330306][144]CRTCyclicEvent.cpp:TimeMissed():101|Cycle miss in event CCSICombinedCmdManager Cyclic Event. Time Overrun is 7205 us[EOL]
[2026-09-22T07:26:23.532778Z][APM_I.newgen-amplificationplatemagazine][W][2330306][144]CRTCyclicEvent.cpp:TimeMissed():101|Cycle miss in event CCSICombinedRepManager. Time Overrun is 7205 us[EOL]
[2026-09-22T07:26:23.600780Z][APM_I.barcodereader][W][2330306][135]CRTCyclicEvent.cpp:TimeMissed():101|Cycle miss in event CCSICombinedCmdManager Cyclic Event. Time Overrun is 15240 us[EOL]
[2026-09-22T07:26:23.600810Z][APM_I.barcodereader][W][2330306][135]CRTCyclicEvent.cpp:TimeMissed():101|Cycle miss in event CCSICombinedRepManager. Time Overrun is 15240 us[EOL]
[2026-09-22T07:26:23.776733Z][APM_I.newgen-amplificationplatemagazine][W][2330306][144]CRTCyclicEvent.cpp:TimeMissed():101|Cycle miss in event CCSICombinedCmdManager Cyclic Event. Time Overrun is 21196 us[EOL]
[2026-09-22T07:26:23.776775Z][APM_I.newgen-amplificationplatemagazine][W][2330306][144]CRTCyclicEvent.cpp:TimeMissed():101|Cycle miss in event CCSICombinedRepManager. Time Overrun is 21196 us[EOL]
[2026-09-22T07:26:24.597893Z][APM_I.newgen-amplificationplatemagazine][W][2330306][144]CRTCyclicEvent.cpp:TimeMissed():101|Cycle miss in event CCSICombinedCmdManager Cyclic Event. Time Overrun is 2351 us[EOL]
[2026-09-22T07:26:24.597958Z][APM_I.newgen-amplificationplatemagazine][W][2330306][144]CRTCyclicEvent.cpp:TimeMissed():101|Cycle miss in event CCSICombinedRepManager. Time Overrun is 2351 us[EOL]
[2026-09-22T07:26:26.060139Z][APM_I.newgen-amplificationplatemagazine][W][2330306][144]CRTCyclicEvent.cpp:TimeMissed():101|Cycle miss in event CCSICombinedCmdManager Cyclic Event. Time Overrun is 114604 us[EOL]
[2026-09-22T07:26:26.060175Z][APM_I.newgen-amplificationplatemagazine][W][2330306][144]CRTCyclicEvent.cpp:TimeMissed():101|Cycle miss in event CCSICombinedRepManager. Time Overrun is 114604 us[EOL]
[2026-09-22T07:26:26.072558Z][APM_I.barcodereader][W][2330306][135]CRTCyclicEvent.cpp:TimeMissed():101|Cycle miss in event CCSICombinedCmdManager Cyclic Event. Time Overrun is 117019 us[EOL]
[2026-09-22T07:26:26.072626Z][APM_I.barcodereader][W][2330306][135]CRTCyclicEvent.cpp:TimeMissed():101|Cycle miss in event CCSICombinedRepManager. Time Overrun is 117019 us[EOL]
[2026-09-22T07:26:26.269378Z][APM_I.newgen-amplificationplatemagazine][W][2330306][144]CRTCyclicEvent.cpp:TimeMissed():101|Cycle miss in event CCSICombinedCmdManager Cyclic Event. Time Overrun is 23843 us[EOL]
[2026-09-22T07:26:26.269452Z][APM_I.newgen-amplificationplatemagazine][W][2330306][144]CRTCyclicEvent.cpp:TimeMissed():101|Cycle miss in event CCSICombinedRepManager. Time Overrun is 23843 us[EOL]
[2026-09-22T07:26:26.276351Z][APM_I.barcodereader][W][2330306][135]CRTCyclicEvent.cpp:TimeMissed():101|Cycle miss in event CCSICombinedCmdManager Cyclic Event. Time Overrun is 20808 us[EOL]
[2026-09-22T07:26:26.276407Z][APM_I.barcodereader][W][2330306][135]CRTCyclicEvent.cpp:TimeMissed():101|Cycle miss in event CCSICombinedRepManager. Time Overrun is 20808 us[EOL]
[2026-09-22T07:26:27.778066Z][APM_I.barcodereader][W][2330306][135]CRTCyclicEvent.cpp:TimeMissed():101|Cycle miss in event CCSICombinedCmdManager Cyclic Event. Time Overrun is 2462 us[EOL]
[2026-09-22T07:26:27.778359Z][APM_I.barcodereader][W][2330306][135]CRTCyclicEvent.cpp:TimeMissed():101|Cycle miss in event CCSICombinedRepManager. Time Overrun is 2462 us[EOL]
[2026-09-22T07:26:32.649397Z][APM_I.barcodereader][W][2330306][135]CRTCyclicEvent.cpp:TimeMissed():101|Cycle miss in event CCSICombinedCmdManager Cyclic Event. Time Overrun is 13853 us[EOL]
[2026-09-22T07:26:32.649476Z][APM_I.barcodereader][W][2330306][135]CRTCyclicEvent.cpp:TimeMissed():101|Cycle miss in event CCSICombinedRepManager. Time Overrun is 13853 us[EOL]
[2026-09-22T07:26:33.290068Z][APM_I.barcodereader][W][2330306][135]CRTCyclicEvent.cpp:TimeMissed():101|Cycle miss in event CCSICombinedCmdManager Cyclic Event. Time Overrun is 4529 us[EOL]
[2026-09-22T07:26:33.290098Z][APM_I.barcodereader][W][2330306][135]CRTCyclicEvent.cpp:TimeMissed():101|Cycle miss in event CCSICombinedRepManager. Time Overrun is 4529 us[EOL]
[2026-09-22T07:26:33.748214Z][APM_I.barcodereader][W][2330306][135]CRTCyclicEvent.cpp:TimeMissed():101|Cycle miss in event CCSICombinedCmdManager Cyclic Event. Time Overrun is 2672 us[EOL]
[2026-09-22T07:26:33.748257Z][APM_I.barcodereader][W][2330306][135]CRTCyclicEvent.cpp:TimeMissed():101|Cycle miss in event CCSICombinedRepManager. Time Overrun is 2672 us[EOL]
[2026-09-22T07:26:33.898855Z][APM_I.newgen-amplificationplatemagazine][W][2330306][144]CRTCyclicEvent.cpp:TimeMissed():101|Cycle miss in event CCSICombinedCmdManager Cyclic Event. Time Overrun is 23315 us[EOL]
[2026-09-22T07:26:33.898951Z][APM_I.newgen-amplificationplatemagazine][W][2330306][144]CRTCyclicEvent.cpp:TimeMissed():101|Cycle miss in event CCSICombinedRepManager. Time Overrun is 23315 us[EOL]
[2026-09-22T07:26:34.181202Z][APM_I.barcodereader][W][2330306][135]CRTCyclicEvent.cpp:TimeMissed():101|Cycle miss in event CCSICombinedCmdManager Cyclic Event. Time Overrun is 5663 us[EOL]
[2026-09-22T07:26:34.181533Z][APM_I.barcodereader][W][2330306][135]CRTCyclicEvent.cpp:TimeMissed():101|Cycle miss in event CCSICombinedRepManager. Time Overrun is 5663 us[EOL]
[2026-09-22T07:26:34.621520Z][APM_I.newgen-amplificationplatemagazine][W][2330306][144]CRTCyclicEvent.cpp:TimeMissed():101|Cycle miss in event CCSICombinedCmdManager Cyclic Event. Time Overrun is 5982 us[EOL]
[2026-09-22T07:26:34.621557Z][APM_I.newgen-amplificationplatemagazine][W][2330306][144]CRTCyclicEvent.cpp:TimeMissed():101|Cycle miss in event CCSICombinedRepManager. Time Overrun is 5982 us[EOL]
[2026-09-22T07:26:40.566914Z][APM_I.barcodereader][W][2330306][135]CRTCyclicEvent.cpp:TimeMissed():101|Cycle miss in event CCSICombinedCmdManager Cyclic Event. Time Overrun is 1371 us[EOL]
[2026-09-22T07:26:40.566958Z][APM_I.barcodereader][W][2330306][135]CRTCyclicEvent.cpp:TimeMissed():101|Cycle miss in event CCSICombinedRepManager. Time Overrun is 1371 us[EOL]
[2026-09-22T07:26:41.007089Z][APM_I.newgen-amplificationplatemagazine][W][2330306][144]CRTCyclicEvent.cpp:TimeMissed():101|Cycle miss in event CCSICombinedCmdManager Cyclic Event. Time Overrun is 1548 us[EOL]
[2026-09-22T07:26:41.007466Z][APM_I.newgen-amplificationplatemagazine][W][2330306][144]CRTCyclicEvent.cpp:TimeMissed():101|Cycle miss in event CCSICombinedRepManager. Time Overrun is 1548 us[EOL]
[2026-09-22T07:26:42.116122Z][APM_I.newgen-amplificationplatemagazine][W][2330306][144]CRTCyclicEvent.cpp:TimeMissed():101|Cycle miss in event CCSICombinedCmdManager Cyclic Event. Time Overrun is 584 us[EOL]
[2026-09-22T07:26:42.116203Z][APM_I.newgen-amplificationplatemagazine][W][2330306][144]CRTCyclicEvent.cpp:TimeMissed():101|Cycle miss in event CCSICombinedRepManager. Time Overrun is 584 us[EOL]
[2026-09-22T07:26:42.277030Z][APM_I.newgen-amplificationplatemagazine][W][2330306][144]CRTCyclicEvent.cpp:TimeMissed():101|Cycle miss in event CCSICombinedCmdManager Cyclic Event. Time Overrun is 11487 us[EOL]
[2026-09-22T07:26:42.277072Z][APM_I.newgen-amplificationplatemagazine][W][2330306][144]CRTCyclicEvent.cpp:TimeMissed():101|Cycle miss in event CCSICombinedRepManager. Time Overrun is 11487 us[EOL]
[2026-09-22T07:26:42.615396Z][APM_I.barcodereader][W][2330306][135]CRTCyclicEvent.cpp:TimeMissed():101|Cycle miss in event CCSICombinedCmdManager Cyclic Event. Time Overrun is 129854 us[EOL]
[2026-09-22T07:26:42.615467Z][APM_I.barcodereader][W][2330306][135]CRTCyclicEvent.cpp:TimeMissed():101|Cycle miss in event CCSICombinedRepManager. Time Overrun is 129854 us[EOL]
[2026-09-22T07:26:42.954090Z][APM_I.barcodereader][W][2330306][135]CRTCyclicEvent.cpp:TimeMissed():101|Cycle miss in event CCSICyclicRepManager. Time Overrun is 148900 us[EOL]
[2026-09-22T07:26:42.956042Z][APM_I.barcodereader][W][2330306][135]CRTCyclicEvent.cpp:TimeMissed():101|Cycle miss in event CCSICombinedCmdManager Cyclic Event. Time Overrun is 240501 us[EOL]
[2026-09-22T07:26:42.748977Z][APM_I.newgen-amplificationplatemagazine][W][2330306][144]CRTCyclicEvent.cpp:TimeMissed():101|Cycle miss in event CCSICombinedCmdManager Cyclic Event. Time Overrun is 93442 us[EOL]
[2026-09-22T07:26:42.956064Z][APM_I.barcodereader][W][2330306][135]CRTCyclicEvent.cpp:TimeMissed():101|Cycle miss in event CCSICombinedRepManager. Time Overrun is 240501 us[EOL]
[2026-09-22T07:26:43.365041Z][APM_I.barcodereader][W][2330306][135]CRTCyclicEvent.cpp:TimeMissed():101|Cycle miss in event CCSICombinedCmdManager Cyclic Event. Time Overrun is 289500 us[EOL]
[2026-09-22T07:26:42.749013Z][APM_I.newgen-amplificationplatemagazine][W][2330306][144]CRTCyclicEvent.cpp:TimeMissed():101|Cycle miss in event CCSICombinedRepManager. Time Overrun is 93442 us[EOL]
[2026-09-22T07:26:43.365072Z][APM_I.barcodereader][W][2330306][135]CRTCyclicEvent.cpp:TimeMissed():101|Cycle miss in event CCSICombinedRepManager. Time Overrun is 289500 us[EOL]
[2026-09-22T07:26:42.946861Z][APM_I.newgen-amplificationplatemagazine][W][2330306][144]CRTCyclicEvent.cpp:TimeMissed():101|Cycle miss in event CCSICombinedCmdManager Cyclic Event. Time Overrun is 81179 us[EOL]
[2026-09-22T07:26:42.946903Z][APM_I.newgen-amplificationplatemagazine][W][2330306][144]CRTCyclicEvent.cpp:TimeMissed():101|Cycle miss in event CCSICombinedRepManager. Time Overrun is 81179 us[EOL]
[2026-09-22T07:26:43.231197Z][APM_I.newgen-amplificationplatemagazine][W][2330306][144]CRTCyclicEvent.cpp:TimeMissed():101|Cycle miss in event CCSICyclicRepManager. Time Overrun is 61735 us[EOL]
[2026-09-22T07:26:43.328813Z][APM_I.newgen-amplificationplatemagazine][W][2330306][144]CRTCyclicEvent.cpp:TimeMissed():101|Cycle miss in event CCSICombinedCmdManager Cyclic Event. Time Overrun is 263181 us[EOL]
[2026-09-22T07:26:43.328852Z][APM_I.newgen-amplificationplatemagazine][W][2330306][144]CRTCyclicEvent.cpp:TimeMissed():101|Cycle miss in event CCSICombinedRepManager. Time Overrun is 263181 us[EOL]
[2026-09-22T07:26:43.537220Z][APM_I.newgen-amplificationplatemagazine][W][2330306][144]CRTCyclicEvent.cpp:TimeMissed():101|Cycle miss in event CCSICombinedCmdManager Cyclic Event. Time Overrun is 11684 us[EOL]
[2026-09-22T07:26:43.537025Z][APM_I.barcodereader][W][2330306][135]CRTCyclicEvent.cpp:TimeMissed():101|Cycle miss in event CCSICombinedCmdManager Cyclic Event. Time Overrun is 21481 us[EOL]
[2026-09-22T07:26:43.537073Z][APM_I.barcodereader][W][2330306][135]CRTCyclicEvent.cpp:TimeMissed():101|Cycle miss in event CCSICombinedRepManager. Time Overrun is 21481 us[EOL]
[2026-09-22T07:26:43.537267Z][APM_I.newgen-amplificationplatemagazine][W][2330306][144]CRTCyclicEvent.cpp:TimeMissed():101|Cycle miss in event CCSICombinedRepManager. Time Overrun is 11684 us[EOL]
[2026-09-22T07:26:43.662951Z][APM_I.barcodereader][W][2330306][135]CRTCyclicEvent.cpp:TimeMissed():101|Cycle miss in event CCSICombinedCmdManager Cyclic Event. Time Overrun is 7408 us[EOL]
[2026-09-22T07:26:43.663003Z][APM_I.barcodereader][W][2330306][135]CRTCyclicEvent.cpp:TimeMissed():101|Cycle miss in event CCSICombinedRepManager. Time Overrun is 7408 us[EOL]
[2026-09-22T07:26:43.692559Z][APM_I.newgen-amplificationplatemagazine][W][2330306][144]CRTCyclicEvent.cpp:TimeMissed():101|Cycle miss in event CCSICombinedCmdManager Cyclic Event. Time Overrun is 7015 us[EOL]
[2026-09-22T07:26:43.692618Z][APM_I.newgen-amplificationplatemagazine][W][2330306][144]CRTCyclicEvent.cpp:TimeMissed():101|Cycle miss in event CCSICombinedRepManager. Time Overrun is 7015 us[EOL]
[2026-09-22T07:26:43.776857Z][APM_I.barcodereader][W][2330306][135]CRTCyclicEvent.cpp:TimeMissed():101|Cycle miss in event CCSICombinedCmdManager Cyclic Event. Time Overrun is 1317 us[EOL]
[2026-09-22T07:26:43.776984Z][APM_I.barcodereader][W][2330306][135]CRTCyclicEvent.cpp:TimeMissed():101|Cycle miss in event CCSICombinedRepManager. Time Overrun is 1317 us[EOL]
[2026-09-22T07:26:43.841525Z][APM_I.newgen-amplificationplatemagazine][W][2330306][144]CRTCyclicEvent.cpp:TimeMissed():101|Cycle miss in event CCSICombinedCmdManager Cyclic Event. Time Overrun is 15984 us[EOL]
[2026-09-22T07:26:43.896076Z][APM_I.barcodereader][W][2330306][135]CRTCyclicEvent.cpp:TimeMissed():101|Cycle miss in event CCSICombinedCmdManager Cyclic Event. Time Overrun is 536 us[EOL]
[2026-09-22T07:26:43.841656Z][APM_I.newgen-amplificationplatemagazine][W][2330306][144]CRTCyclicEvent.cpp:TimeMissed():101|Cycle miss in event CCSICombinedRepManager. Time Overrun is 15984 us[EOL]
[2026-09-22T07:26:43.896127Z][APM_I.barcodereader][W][2330306][135]CRTCyclicEvent.cpp:TimeMissed():101|Cycle miss in event CCSICombinedRepManager. Time Overrun is 536 us[EOL]
[2026-09-22T07:26:44.008860Z][APM_I.newgen-amplificationplatemagazine][W][2330306][144]CRTCyclicEvent.cpp:TimeMissed():101|Cycle miss in event CCSICombinedCmdManager Cyclic Event. Time Overrun is 3320 us[EOL]
[2026-09-22T07:26:44.008921Z][APM_I.newgen-amplificationplatemagazine][W][2330306][144]CRTCyclicEvent.cpp:TimeMissed():101|Cycle miss in event CCSICombinedRepManager. Time Overrun is 3320 us[EOL]
[2026-09-22T07:26:44.058409Z][APM_I.barcodereader][W][2330306][135]CRTCyclicEvent.cpp:TimeMissed():101|Cycle miss in event CCSICombinedCmdManager Cyclic Event. Time Overrun is 32869 us[EOL]
[2026-09-22T07:26:44.058459Z][APM_I.barcodereader][W][2330306][135]CRTCyclicEvent.cpp:TimeMissed():101|Cycle miss in event CCSICombinedRepManager. Time Overrun is 32869 us[EOL]
[2026-09-22T07:26:44.262590Z][APM_I.newgen-amplificationplatemagazine][W][2330306][144]CRTCyclicEvent.cpp:TimeMissed():101|Cycle miss in event CCSICombinedCmdManager Cyclic Event. Time Overrun is 97045 us[EOL]
[2026-09-22T07:26:44.262646Z][APM_I.newgen-amplificationplatemagazine][W][2330306][144]CRTCyclicEvent.cpp:TimeMissed():101|Cycle miss in event CCSICombinedRepManager. Time Overrun is 97045 us[EOL]
[2026-09-22T07:26:44.263363Z][APM_I.barcodereader][W][2330306][135]CRTCyclicEvent.cpp:TimeMissed():101|Cycle miss in event CCSICombinedCmdManager Cyclic Event. Time Overrun is 87823 us[EOL]
[2026-09-22T07:26:44.263397Z][APM_I.barcodereader][W][2330306][135]CRTCyclicEvent.cpp:TimeMissed():101|Cycle miss in event CCSICombinedRepManager. Time Overrun is 87823 us[EOL]
[2026-09-22T07:26:44.494414Z][APM_I.barcodereader][W][2330306][135]CRTCyclicEvent.cpp:TimeMissed():101|Cycle miss in event CCSICombinedCmdManager Cyclic Event. Time Overrun is 28875 us[EOL]
[2026-09-22T07:26:44.494459Z][APM_I.barcodereader][W][2330306][135]CRTCyclicEvent.cpp:TimeMissed():101|Cycle miss in event CCSICombinedRepManager. Time Overrun is 28875 us[EOL]
[2026-09-22T07:26:44.685787Z][APM_I.barcodereader][W][2330306][135]CRTCyclicEvent.cpp:TimeMissed():101|Cycle miss in event CCSICyclicRepManager. Time Overrun is 80819 us[EOL]
[2026-09-22T07:26:44.706001Z][APM_I.barcodereader][W][2330306][135]CRTCyclicEvent.cpp:TimeMissed():101|Cycle miss in event CCSICombinedCmdManager Cyclic Event. Time Overrun is 100460 us[EOL]
[2026-09-22T07:26:44.706035Z][APM_I.barcodereader][W][2330306][135]CRTCyclicEvent.cpp:TimeMissed():101|Cycle miss in event CCSICombinedRepManager. Time Overrun is 100460 us[EOL]
[2026-09-22T07:26:44.494296Z][APM_I.newgen-amplificationplatemagazine][W][2330306][144]CRTCyclicEvent.cpp:TimeMissed():101|Cycle miss in event CCSICombinedCmdManager Cyclic Event. Time Overrun is 28759 us[EOL]
[2026-09-22T07:26:44.494356Z][APM_I.newgen-amplificationplatemagazine][W][2330306][144]CRTCyclicEvent.cpp:TimeMissed():101|Cycle miss in event CCSICombinedRepManager. Time Overrun is 28759 us[EOL]
[2026-09-22T07:26:44.685559Z][APM_I.newgen-amplificationplatemagazine][W][2330306][144]CRTCyclicEvent.cpp:TimeMissed():101|Cycle miss in event CCSICombinedCmdManager Cyclic Event. Time Overrun is 79927 us[EOL]
[2026-09-22T07:26:44.685599Z][APM_I.newgen-amplificationplatemagazine][W][2330306][144]CRTCyclicEvent.cpp:TimeMissed():101|Cycle miss in event CCSICombinedRepManager. Time Overrun is 79927 us[EOL]
[2026-09-22T07:26:44.687105Z][APM_I.newgen-amplificationplatemagazine][W][2330306][144]CRTCyclicEvent.cpp:TimeMissed():101|Cycle miss in event CCSICyclicRepManager. Time Overrun is 17765 us[EOL]
[2026-09-22T07:26:44.958955Z][APM_I.barcodereader][W][2330306][135]CRTCyclicEvent.cpp:TimeMissed():101|Cycle miss in event CCSICombinedCmdManager Cyclic Event. Time Overrun is 133408 us[EOL]
[2026-09-22T07:26:44.958988Z][APM_I.barcodereader][W][2330306][135]CRTCyclicEvent.cpp:TimeMissed():101|Cycle miss in event CCSICombinedRepManager. Time Overrun is 133408 us[EOL]
[2026-09-22T07:26:45.089310Z][APM_I.barcodereader][W][2330306][135]CRTCyclicEvent.cpp:TimeMissed():101|Cycle miss in event CCSICombinedCmdManager Cyclic Event. Time Overrun is 13766 us[EOL]
[2026-09-22T07:26:45.089348Z][APM_I.barcodereader][W][2330306][135]CRTCyclicEvent.cpp:TimeMissed():101|Cycle miss in event CCSICombinedRepManager. Time Overrun is 13766 us[EOL]
[2026-09-22T07:26:44.806301Z][APM_I.newgen-amplificationplatemagazine][W][2330306][144]CRTCyclicEvent.cpp:TimeMissed():101|Cycle miss in event CCSICombinedCmdManager Cyclic Event. Time Overrun is 10761 us[EOL]
[2026-09-22T07:26:44.806374Z][APM_I.newgen-amplificationplatemagazine][W][2330306][144]CRTCyclicEvent.cpp:TimeMissed():101|Cycle miss in event CCSICombinedRepManager. Time Overrun is 10761 us[EOL]
[2026-09-22T07:26:44.959981Z][APM_I.newgen-amplificationplatemagazine][W][2330306][144]CRTCyclicEvent.cpp:TimeMissed():101|Cycle miss in event CCSICombinedCmdManager Cyclic Event. Time Overrun is 34444 us[EOL]
[2026-09-22T07:26:44.960013Z][APM_I.newgen-amplificationplatemagazine][W][2330306][144]CRTCyclicEvent.cpp:TimeMissed():101|Cycle miss in event CCSICombinedRepManager. Time Overrun is 34444 us[EOL]
[2026-09-22T07:26:45.084255Z][APM_I.newgen-amplificationplatemagazine][W][2330306][144]CRTCyclicEvent.cpp:TimeMissed():101|Cycle miss in event CCSICombinedCmdManager Cyclic Event. Time Overrun is 8717 us[EOL]
[2026-09-22T07:26:45.084292Z][APM_I.newgen-amplificationplatemagazine][W][2330306][144]CRTCyclicEvent.cpp:TimeMissed():101|Cycle miss in event CCSICombinedRepManager. Time Overrun is 8717 us[EOL]
[2026-09-22T07:26:45.229839Z][APM_I.barcodereader][W][2330306][135]CRTCyclicEvent.cpp:TimeMissed():101|Cycle miss in event CCSICombinedCmdManager Cyclic Event. Time Overrun is 24300 us[EOL]
[2026-09-22T07:26:45.229878Z][APM_I.barcodereader][W][2330306][135]CRTCyclicEvent.cpp:TimeMissed():101|Cycle miss in event CCSICombinedRepManager. Time Overrun is 24300 us[EOL]
[2026-09-22T07:26:45.229669Z][APM_I.newgen-amplificationplatemagazine][W][2330306][144]CRTCyclicEvent.cpp:TimeMissed():101|Cycle miss in event CCSICombinedCmdManager Cyclic Event. Time Overrun is 34053 us[EOL]
[2026-09-22T07:26:45.229826Z][APM_I.newgen-amplificationplatemagazine][W][2330306][144]CRTCyclicEvent.cpp:TimeMissed():101|Cycle miss in event CCSICombinedRepManager. Time Overrun is 34053 us[EOL]
[2026-09-22T07:26:45.346062Z][APM_I.barcodereader][W][2330306][135]CRTCyclicEvent.cpp:TimeMissed():101|Cycle miss in event CCSICombinedCmdManager Cyclic Event. Time Overrun is 526 us[EOL]
[2026-09-22T07:26:45.346081Z][APM_I.barcodereader][W][2330306][135]CRTCyclicEvent.cpp:TimeMissed():101|Cycle miss in event CCSICombinedRepManager. Time Overrun is 526 us[EOL]
[2026-09-22T07:26:45.363848Z][APM_I.newgen-amplificationplatemagazine][W][2330306][144]CRTCyclicEvent.cpp:TimeMissed():101|Cycle miss in event CCSICombinedCmdManager Cyclic Event. Time Overrun is 18315 us[EOL]
[2026-09-22T07:26:45.363870Z][APM_I.newgen-amplificationplatemagazine][W][2330306][144]CRTCyclicEvent.cpp:TimeMissed():101|Cycle miss in event CCSICombinedRepManager. Time Overrun is 18315 us[EOL]
[2026-09-22T07:26:45.478766Z][APM_I.newgen-amplificationplatemagazine][W][2330306][144]CRTCyclicEvent.cpp:TimeMissed():101|Cycle miss in event CCSICombinedCmdManager Cyclic Event. Time Overrun is 3226 us[EOL]
[2026-09-22T07:26:45.478811Z][APM_I.newgen-amplificationplatemagazine][W][2330306][144]CRTCyclicEvent.cpp:TimeMissed():101|Cycle miss in event CCSICombinedRepManager. Time Overrun is 3226 us[EOL]
[2026-09-22T07:26:45.480487Z][APM_I.barcodereader][W][2330306][135]CRTCyclicEvent.cpp:TimeMissed():101|Cycle miss in event CCSICombinedCmdManager Cyclic Event. Time Overrun is 14945 us[EOL]
[2026-09-22T07:26:45.480570Z][APM_I.barcodereader][W][2330306][135]CRTCyclicEvent.cpp:TimeMissed():101|Cycle miss in event CCSICombinedRepManager. Time Overrun is 14945 us[EOL]
[2026-09-22T07:26:45.603489Z][APM_I.barcodereader][W][2330306][135]CRTCyclicEvent.cpp:TimeMissed():101|Cycle miss in event CCSICombinedCmdManager Cyclic Event. Time Overrun is 7921 us[EOL]
[2026-09-22T07:26:45.603669Z][APM_I.barcodereader][W][2330306][135]CRTCyclicEvent.cpp:TimeMissed():101|Cycle miss in event CCSICombinedRepManager. Time Overrun is 7921 us[EOL]
[2026-09-22T07:26:45.753241Z][APM_I.barcodereader][W][2330306][135]CRTCyclicEvent.cpp:TimeMissed():101|Cycle miss in event CCSICombinedCmdManager Cyclic Event. Time Overrun is 37698 us[EOL]
[2026-09-22T07:26:45.753297Z][APM_I.barcodereader][W][2330306][135]CRTCyclicEvent.cpp:TimeMissed():101|Cycle miss in event CCSICombinedRepManager. Time Overrun is 37698 us[EOL]
[2026-09-22T07:26:45.601748Z][APM_I.newgen-amplificationplatemagazine][W][2330306][144]CRTCyclicEvent.cpp:TimeMissed():101|Cycle miss in event CCSICombinedCmdManager Cyclic Event. Time Overrun is 6210 us[EOL]
[2026-09-22T07:26:45.601805Z][APM_I.newgen-amplificationplatemagazine][W][2330306][144]CRTCyclicEvent.cpp:TimeMissed():101|Cycle miss in event CCSICombinedRepManager. Time Overrun is 6210 us[EOL]
[2026-09-22T07:26:45.751668Z][APM_I.newgen-amplificationplatemagazine][W][2330306][144]CRTCyclicEvent.cpp:TimeMissed():101|Cycle miss in event CCSICombinedCmdManager Cyclic Event. Time Overrun is 36127 us[EOL]
[2026-09-22T07:26:45.751719Z][APM_I.newgen-amplificationplatemagazine][W][2330306][144]CRTCyclicEvent.cpp:TimeMissed():101|Cycle miss in event CCSICombinedRepManager. Time Overrun is 36127 us[EOL]
[2026-09-22T07:26:45.897437Z][APM_I.newgen-amplificationplatemagazine][W][2330306][144]CRTCyclicEvent.cpp:TimeMissed():101|Cycle miss in event CCSICombinedCmdManager Cyclic Event. Time Overrun is 31830 us[EOL]
[2026-09-22T07:26:45.897518Z][APM_I.newgen-amplificationplatemagazine][W][2330306][144]CRTCyclicEvent.cpp:TimeMissed():101|Cycle miss in event CCSICombinedRepManager. Time Overrun is 31830 us[EOL]
[2026-09-22T07:26:45.916210Z][APM_I.barcodereader][W][2330306][135]CRTCyclicEvent.cpp:TimeMissed():101|Cycle miss in event CCSICyclicRepManager. Time Overrun is 11241 us[EOL]
[2026-09-22T07:26:45.917025Z][APM_I.barcodereader][W][2330306][135]CRTCyclicEvent.cpp:TimeMissed():101|Cycle miss in event CCSICombinedCmdManager Cyclic Event. Time Overrun is 51487 us[EOL]
[2026-09-22T07:26:45.917046Z][APM_I.barcodereader][W][2330306][135]CRTCyclicEvent.cpp:TimeMissed():101|Cycle miss in event CCSICombinedRepManager. Time Overrun is 51487 us[EOL]
[2026-09-22T07:26:46.085182Z][APM_I.barcodereader][W][2330306][135]CRTCyclicEvent.cpp:TimeMissed():101|Cycle miss in event CCSICombinedCmdManager Cyclic Event. Time Overrun is 49641 us[EOL]
[2026-09-22T07:26:46.085215Z][APM_I.barcodereader][W][2330306][135]CRTCyclicEvent.cpp:TimeMissed():101|Cycle miss in event CCSICombinedRepManager. Time Overrun is 49641 us[EOL]
[2026-09-22T07:26:46.229821Z][APM_I.barcodereader][W][2330306][135]CRTCyclicEvent.cpp:TimeMissed():101|Cycle miss in event CCSICombinedCmdManager Cyclic Event. Time Overrun is 34279 us[EOL]
[2026-09-22T07:26:46.229848Z][APM_I.barcodereader][W][2330306][135]CRTCyclicEvent.cpp:TimeMissed():101|Cycle miss in event CCSICombinedRepManager. Time Overrun is 34279 us[EOL]
[2026-09-22T07:26:46.385676Z][APM_I.barcodereader][W][2330306][135]CRTCyclicEvent.cpp:TimeMissed():101|Cycle miss in event CCSICombinedCmdManager Cyclic Event. Time Overrun is 30135 us[EOL]
[2026-09-22T07:26:46.385748Z][APM_I.barcodereader][W][2330306][135]CRTCyclicEvent.cpp:TimeMissed():101|Cycle miss in event CCSICombinedRepManager. Time Overrun is 30135 us[EOL]
[2026-09-22T07:26:45.915792Z][APM_I.newgen-amplificationplatemagazine][W][2330306][144]CRTCyclicEvent.cpp:TimeMissed():101|Cycle miss in event CCSICyclicRepManager. Time Overrun is 46450 us[EOL]
[2026-09-22T07:26:46.084422Z][APM_I.newgen-amplificationplatemagazine][W][2330306][144]CRTCyclicEvent.cpp:TimeMissed():101|Cycle miss in event CCSICombinedCmdManager Cyclic Event. Time Overrun is 68884 us[EOL]
[2026-09-22T07:26:46.084459Z][APM_I.newgen-amplificationplatemagazine][W][2330306][144]CRTCyclicEvent.cpp:TimeMissed():101|Cycle miss in event CCSICombinedRepManager. Time Overrun is 68884 us[EOL]
[2026-09-22T07:26:46.228398Z][APM_I.newgen-amplificationplatemagazine][W][2330306][144]CRTCyclicEvent.cpp:TimeMissed():101|Cycle miss in event CCSICombinedCmdManager Cyclic Event. Time Overrun is 32860 us[EOL]
[2026-09-22T07:26:46.228432Z][APM_I.newgen-amplificationplatemagazine][W][2330306][144]CRTCyclicEvent.cpp:TimeMissed():101|Cycle miss in event CCSICombinedRepManager. Time Overrun is 32860 us[EOL]
[2026-09-22T07:26:46.386776Z][APM_I.newgen-amplificationplatemagazine][W][2330306][144]CRTCyclicEvent.cpp:TimeMissed():101|Cycle miss in event CCSICombinedCmdManager Cyclic Event. Time Overrun is 1239 us[EOL]
[2026-09-22T07:26:46.386806Z][APM_I.newgen-amplificationplatemagazine][W][2330306][144]CRTCyclicEvent.cpp:TimeMissed():101|Cycle miss in event CCSICombinedRepManager. Time Overrun is 1239 us[EOL]
[2026-09-22T07:26:46.557768Z][APM_I.barcodereader][W][2330306][135]CRTCyclicEvent.cpp:TimeMissed():101|Cycle miss in event CCSICombinedCmdManager Cyclic Event. Time Overrun is 22229 us[EOL]
[2026-09-22T07:26:46.557796Z][APM_I.barcodereader][W][2330306][135]CRTCyclicEvent.cpp:TimeMissed():101|Cycle miss in event CCSICombinedRepManager. Time Overrun is 22229 us[EOL]
[2026-09-22T07:26:46.557878Z][APM_I.newgen-amplificationplatemagazine][W][2330306][144]CRTCyclicEvent.cpp:TimeMissed():101|Cycle miss in event CCSICombinedCmdManager Cyclic Event. Time Overrun is 22338 us[EOL]
[2026-09-22T07:26:46.557929Z][APM_I.newgen-amplificationplatemagazine][W][2330306][144]CRTCyclicEvent.cpp:TimeMissed():101|Cycle miss in event CCSICombinedRepManager. Time Overrun is 22338 us[EOL]
[2026-09-22T07:26:46.683173Z][APM_I.newgen-amplificationplatemagazine][W][2330306][144]CRTCyclicEvent.cpp:TimeMissed():101|Cycle miss in event CCSICombinedCmdManager Cyclic Event. Time Overrun is 7634 us[EOL]
[2026-09-22T07:26:46.683239Z][APM_I.newgen-amplificationplatemagazine][W][2330306][144]CRTCyclicEvent.cpp:TimeMissed():101|Cycle miss in event CCSICombinedRepManager. Time Overrun is 7634 us[EOL]
[2026-09-22T07:26:46.747729Z][APM_I.barcodereader][W][2330306][135]CRTCyclicEvent.cpp:TimeMissed():101|Cycle miss in event CCSICombinedCmdManager Cyclic Event. Time Overrun is 22188 us[EOL]
[2026-09-22T07:26:46.747783Z][APM_I.barcodereader][W][2330306][135]CRTCyclicEvent.cpp:TimeMissed():101|Cycle miss in event CCSICombinedRepManager. Time Overrun is 22188 us[EOL]
[2026-09-22T07:26:46.799562Z][APM_I.newgen-amplificationplatemagazine][W][2330306][144]CRTCyclicEvent.cpp:TimeMissed():101|Cycle miss in event CCSICombinedCmdManager Cyclic Event. Time Overrun is 4027 us[EOL]
[2026-09-22T07:26:46.799595Z][APM_I.newgen-amplificationplatemagazine][W][2330306][144]CRTCyclicEvent.cpp:TimeMissed():101|Cycle miss in event CCSICombinedRepManager. Time Overrun is 4027 us[EOL]
[2026-09-22T07:26:46.932436Z][APM_I.barcodereader][W][2330306][135]CRTCyclicEvent.cpp:TimeMissed():101|Cycle miss in event CCSICombinedCmdManager Cyclic Event. Time Overrun is 56894 us[EOL]
[2026-09-22T07:26:46.932473Z][APM_I.barcodereader][W][2330306][135]CRTCyclicEvent.cpp:TimeMissed():101|Cycle miss in event CCSICombinedRepManager. Time Overrun is 56894 us[EOL]
[2026-09-22T07:26:46.932652Z][APM_I.newgen-amplificationplatemagazine][W][2330306][144]CRTCyclicEvent.cpp:TimeMissed():101|Cycle miss in event CCSICombinedCmdManager Cyclic Event. Time Overrun is 17114 us[EOL]
[2026-09-22T07:26:46.932753Z][APM_I.newgen-amplificationplatemagazine][W][2330306][144]CRTCyclicEvent.cpp:TimeMissed():101|Cycle miss in event CCSICombinedRepManager. Time Overrun is 17114 us[EOL]
[2026-09-22T07:26:47.075641Z][APM_I.barcodereader][W][2330306][135]CRTCyclicEvent.cpp:TimeMissed():101|Cycle miss in event CCSICombinedCmdManager Cyclic Event. Time Overrun is 30103 us[EOL]
[2026-09-22T07:26:47.075666Z][APM_I.barcodereader][W][2330306][135]CRTCyclicEvent.cpp:TimeMissed():101|Cycle miss in event CCSICombinedRepManager. Time Overrun is 30103 us[EOL]
[2026-09-22T07:26:47.075515Z][APM_I.newgen-amplificationplatemagazine][W][2330306][144]CRTCyclicEvent.cpp:TimeMissed():101|Cycle miss in event CCSICombinedCmdManager Cyclic Event. Time Overrun is 29980 us[EOL]
[2026-09-22T07:26:47.075549Z][APM_I.newgen-amplificationplatemagazine][W][2330306][144]CRTCyclicEvent.cpp:TimeMissed():101|Cycle miss in event CCSICombinedRepManager. Time Overrun is 29980 us[EOL]
[2026-09-22T07:26:47.215423Z][APM_I.barcodereader][W][2330306][135]CRTCyclicEvent.cpp:TimeMissed():101|Cycle miss in event CCSICombinedCmdManager Cyclic Event. Time Overrun is 19881 us[EOL]
[2026-09-22T07:26:47.215266Z][APM_I.newgen-amplificationplatemagazine][W][2330306][144]CRTCyclicEvent.cpp:TimeMissed():101|Cycle miss in event CCSICombinedCmdManager Cyclic Event. Time Overrun is 29732 us[EOL]
[2026-09-22T07:26:47.215464Z][APM_I.barcodereader][W][2330306][135]CRTCyclicEvent.cpp:TimeMissed():101|Cycle miss in event CCSICombinedRepManager. Time Overrun is 19881 us[EOL]
[2026-09-22T07:26:47.215310Z][APM_I.newgen-amplificationplatemagazine][W][2330306][144]CRTCyclicEvent.cpp:TimeMissed():101|Cycle miss in event CCSICombinedRepManager. Time Overrun is 29732 us[EOL]
[2026-09-22T07:26:47.368036Z][APM_I.barcodereader][W][2330306][135]CRTCyclicEvent.cpp:TimeMissed():101|Cycle miss in event CCSICombinedCmdManager Cyclic Event. Time Overrun is 42492 us[EOL]
[2026-09-22T07:26:47.368062Z][APM_I.barcodereader][W][2330306][135]CRTCyclicEvent.cpp:TimeMissed():101|Cycle miss in event CCSICombinedRepManager. Time Overrun is 42492 us[EOL]
[2026-09-22T07:26:47.502318Z][APM_I.barcodereader][W][2330306][135]CRTCyclicEvent.cpp:TimeMissed():101|Cycle miss in event CCSICombinedCmdManager Cyclic Event. Time Overrun is 6776 us[EOL]
[2026-09-22T07:26:47.502361Z][APM_I.barcodereader][W][2330306][135]CRTCyclicEvent.cpp:TimeMissed():101|Cycle miss in event CCSICombinedRepManager. Time Overrun is 6776 us[EOL]
[2026-09-22T07:26:47.635847Z][APM_I.barcodereader][W][2330306][135]CRTCyclicEvent.cpp:TimeMissed():101|Cycle miss in event CCSICombinedCmdManager Cyclic Event. Time Overrun is 20306 us[EOL]
[2026-09-22T07:26:47.633611Z][APM_I.newgen-amplificationplatemagazine][W][2330306][144]CRTCyclicEvent.cpp:TimeMissed():101|Cycle miss in event CCSICombinedCmdManager Cyclic Event. Time Overrun is 8068 us[EOL]
[2026-09-22T07:26:47.635890Z][APM_I.barcodereader][W][2330306][135]CRTCyclicEvent.cpp:TimeMissed():101|Cycle miss in event CCSICombinedRepManager. Time Overrun is 20306 us[EOL]
[2026-09-22T07:26:47.633752Z][APM_I.newgen-amplificationplatemagazine][W][2330306][144]CRTCyclicEvent.cpp:TimeMissed():101|Cycle miss in event CCSICombinedRepManager. Time Overrun is 8068 us[EOL]
[2026-09-22T07:26:47.767627Z][APM_I.barcodereader][W][2330306][135]CRTCyclicEvent.cpp:TimeMissed():101|Cycle miss in event CCSICombinedCmdManager Cyclic Event. Time Overrun is 12087 us[EOL]
[2026-09-22T07:26:47.767655Z][APM_I.barcodereader][W][2330306][135]CRTCyclicEvent.cpp:TimeMissed():101|Cycle miss in event CCSICombinedRepManager. Time Overrun is 12087 us[EOL]
[2026-09-22T07:26:47.767839Z][APM_I.newgen-amplificationplatemagazine][W][2330306][144]CRTCyclicEvent.cpp:TimeMissed():101|Cycle miss in event CCSICombinedCmdManager Cyclic Event. Time Overrun is 22305 us[EOL]
[2026-09-22T07:26:47.767869Z][APM_I.newgen-amplificationplatemagazine][W][2330306][144]CRTCyclicEvent.cpp:TimeMissed():101|Cycle miss in event CCSICombinedRepManager. Time Overrun is 22305 us[EOL]
[2026-09-22T07:26:47.941703Z][APM_I.barcodereader][W][2330306][135]CRTCyclicEvent.cpp:TimeMissed():101|Cycle miss in event CCSICombinedCmdManager Cyclic Event. Time Overrun is 56164 us[EOL]
[2026-09-22T07:26:47.941733Z][APM_I.barcodereader][W][2330306][135]CRTCyclicEvent.cpp:TimeMissed():101|Cycle miss in event CCSICombinedRepManager. Time Overrun is 56164 us[EOL]
[2026-09-22T07:26:47.941612Z][APM_I.newgen-amplificationplatemagazine][W][2330306][144]CRTCyclicEvent.cpp:TimeMissed():101|Cycle miss in event CCSICombinedCmdManager Cyclic Event. Time Overrun is 56075 us[EOL]
[2026-09-22T07:26:47.941650Z][APM_I.newgen-amplificationplatemagazine][W][2330306][144]CRTCyclicEvent.cpp:TimeMissed():101|Cycle miss in event CCSICombinedRepManager. Time Overrun is 56075 us[EOL]
[2026-09-22T07:26:48.082751Z][APM_I.barcodereader][W][2330306][135]CRTCyclicEvent.cpp:TimeMissed():101|Cycle miss in event CCSICombinedCmdManager Cyclic Event. Time Overrun is 27210 us[EOL]
[2026-09-22T07:26:48.082788Z][APM_I.barcodereader][W][2330306][135]CRTCyclicEvent.cpp:TimeMissed():101|Cycle miss in event CCSICombinedRepManager. Time Overrun is 27210 us[EOL]
[2026-09-22T07:26:48.082616Z][APM_I.newgen-amplificationplatemagazine][W][2330306][144]CRTCyclicEvent.cpp:TimeMissed():101|Cycle miss in event CCSICombinedCmdManager Cyclic Event. Time Overrun is 27076 us[EOL]
[2026-09-22T07:26:48.082662Z][APM_I.newgen-amplificationplatemagazine][W][2330306][144]CRTCyclicEvent.cpp:TimeMissed():101|Cycle miss in event CCSICombinedRepManager. Time Overrun is 27076 us[EOL]
[2026-09-22T07:26:48.210289Z][APM_I.barcodereader][W][2330306][135]CRTCyclicEvent.cpp:TimeMissed():101|Cycle miss in event CCSICombinedCmdManager Cyclic Event. Time Overrun is 14751 us[EOL]
[2026-09-22T07:26:48.210299Z][APM_I.newgen-amplificationplatemagazine][W][2330306][144]CRTCyclicEvent.cpp:TimeMissed():101|Cycle miss in event CCSICombinedCmdManager Cyclic Event. Time Overrun is 14763 us[EOL]
[2026-09-22T07:26:48.210323Z][APM_I.barcodereader][W][2330306][135]CRTCyclicEvent.cpp:TimeMissed():101|Cycle miss in event CCSICombinedRepManager. Time Overrun is 14751 us[EOL]
[2026-09-22T07:26:48.210368Z][APM_I.newgen-amplificationplatemagazine][W][2330306][144]CRTCyclicEvent.cpp:TimeMissed():101|Cycle miss in event CCSICombinedRepManager. Time Overrun is 14763 us[EOL]
[2026-09-22T07:26:48.333719Z][APM_I.barcodereader][W][2330306][135]CRTCyclicEvent.cpp:TimeMissed():101|Cycle miss in event CCSICombinedCmdManager Cyclic Event. Time Overrun is 8177 us[EOL]
[2026-09-22T07:26:48.333761Z][APM_I.barcodereader][W][2330306][135]CRTCyclicEvent.cpp:TimeMissed():101|Cycle miss in event CCSICombinedRepManager. Time Overrun is 8177 us[EOL]
[2026-09-22T07:26:48.333608Z][APM_I.newgen-amplificationplatemagazine][W][2330306][144]CRTCyclicEvent.cpp:TimeMissed():101|Cycle miss in event CCSICombinedCmdManager Cyclic Event. Time Overrun is 8068 us[EOL]
[2026-09-22T07:26:48.333659Z][APM_I.newgen-amplificationplatemagazine][W][2330306][144]CRTCyclicEvent.cpp:TimeMissed():101|Cycle miss in event CCSICombinedRepManager. Time Overrun is 8068 us[EOL]
[2026-09-22T07:26:48.470436Z][APM_I.barcodereader][W][2330306][135]CRTCyclicEvent.cpp:TimeMissed():101|Cycle miss in event CCSICombinedCmdManager Cyclic Event. Time Overrun is 24894 us[EOL]
[2026-09-22T07:26:48.470485Z][APM_I.barcodereader][W][2330306][135]CRTCyclicEvent.cpp:TimeMissed():101|Cycle miss in event CCSICombinedRepManager. Time Overrun is 24894 us[EOL]
[2026-09-22T07:26:48.470322Z][APM_I.newgen-amplificationplatemagazine][W][2330306][144]CRTCyclicEvent.cpp:TimeMissed():101|Cycle miss in event CCSICombinedCmdManager Cyclic Event. Time Overrun is 24785 us[EOL]
[2026-09-22T07:26:48.470370Z][APM_I.newgen-amplificationplatemagazine][W][2330306][144]CRTCyclicEvent.cpp:TimeMissed():101|Cycle miss in event CCSICombinedRepManager. Time Overrun is 24785 us[EOL]
[2026-09-22T07:26:48.591616Z][APM_I.barcodereader][W][2330306][135]CRTCyclicEvent.cpp:TimeMissed():101|Cycle miss in event CCSICombinedCmdManager Cyclic Event. Time Overrun is 6056 us[EOL]
[2026-09-22T07:26:48.591684Z][APM_I.barcodereader][W][2330306][135]CRTCyclicEvent.cpp:TimeMissed():101|Cycle miss in event CCSICombinedRepManager. Time Overrun is 6056 us[EOL]
[2026-09-22T07:26:48.712011Z][APM_I.barcodereader][W][2330306][135]CRTCyclicEvent.cpp:TimeMissed():101|Cycle miss in event CCSICombinedCmdManager Cyclic Event. Time Overrun is 6468 us[EOL]
[2026-09-22T07:26:48.712042Z][APM_I.barcodereader][W][2330306][135]CRTCyclicEvent.cpp:TimeMissed():101|Cycle miss in event CCSICombinedRepManager. Time Overrun is 6468 us[EOL]
[2026-09-22T07:26:48.772386Z][APM_I.newgen-amplificationplatemagazine][W][2330306][144]CRTCyclicEvent.cpp:TimeMissed():101|Cycle miss in event CCSICombinedCmdManager Cyclic Event. Time Overrun is 6849 us[EOL]
[2026-09-22T07:26:48.772426Z][APM_I.newgen-amplificationplatemagazine][W][2330306][144]CRTCyclicEvent.cpp:TimeMissed():101|Cycle miss in event CCSICombinedRepManager. Time Overrun is 6849 us[EOL]
[2026-09-22T07:26:48.891924Z][APM_I.barcodereader][W][2330306][135]CRTCyclicEvent.cpp:TimeMissed():101|Cycle miss in event CCSICombinedCmdManager Cyclic Event. Time Overrun is 66386 us[EOL]
[2026-09-22T07:26:48.889314Z][APM_I.newgen-amplificationplatemagazine][W][2330306][144]CRTCyclicEvent.cpp:TimeMissed():101|Cycle miss in event CCSICombinedCmdManager Cyclic Event. Time Overrun is 3777 us[EOL]
[2026-09-22T07:26:48.891951Z][APM_I.barcodereader][W][2330306][135]CRTCyclicEvent.cpp:TimeMissed():101|Cycle miss in event CCSICombinedRepManager. Time Overrun is 66386 us[EOL]
[2026-09-22T07:26:48.889354Z][APM_I.newgen-amplificationplatemagazine][W][2330306][144]CRTCyclicEvent.cpp:TimeMissed():101|Cycle miss in event CCSICombinedRepManager. Time Overrun is 3777 us[EOL]
[2026-09-22T07:26:49.028345Z][APM_I.barcodereader][W][2330306][135]CRTCyclicEvent.cpp:TimeMissed():101|Cycle miss in event CCSICombinedCmdManager Cyclic Event. Time Overrun is 22806 us[EOL]
[2026-09-22T07:26:49.028374Z][APM_I.barcodereader][W][2330306][135]CRTCyclicEvent.cpp:TimeMissed():101|Cycle miss in event CCSICombinedRepManager. Time Overrun is 22806 us[EOL]
[2026-09-22T07:26:49.155733Z][APM_I.barcodereader][W][2330306][135]CRTCyclicEvent.cpp:TimeMissed():101|Cycle miss in event CCSICombinedCmdManager Cyclic Event. Time Overrun is 194 us[EOL]
[2026-09-22T07:26:49.155767Z][APM_I.barcodereader][W][2330306][135]CRTCyclicEvent.cpp:TimeMissed():101|Cycle miss in event CCSICombinedRepManager. Time Overrun is 194 us[EOL]
[2026-09-22T07:26:49.380177Z][APM_I.barcodereader][W][2330306][135]CRTCyclicEvent.cpp:TimeMissed():101|Cycle miss in event CCSICombinedCmdManager Cyclic Event. Time Overrun is 64634 us[EOL]
[2026-09-22T07:26:49.380232Z][APM_I.barcodereader][W][2330306][135]CRTCyclicEvent.cpp:TimeMissed():101|Cycle miss in event CCSICombinedRepManager. Time Overrun is 64634 us[EOL]
[2026-09-22T07:26:49.569704Z][APM_I.barcodereader][W][2330306][135]CRTCyclicEvent.cpp:TimeMissed():101|Cycle miss in event CCSICombinedCmdManager Cyclic Event. Time Overrun is 74167 us[EOL]
[2026-09-22T07:26:49.569723Z][APM_I.barcodereader][W][2330306][135]CRTCyclicEvent.cpp:TimeMissed():101|Cycle miss in event CCSICombinedRepManager. Time Overrun is 74167 us[EOL]
[2026-09-22T07:26:49.696211Z][APM_I.barcodereader][W][2330306][135]CRTCyclicEvent.cpp:TimeMissed():101|Cycle miss in event CCSICombinedCmdManager Cyclic Event. Time Overrun is 672 us[EOL]
[2026-09-22T07:26:49.696308Z][APM_I.barcodereader][W][2330306][135]CRTCyclicEvent.cpp:TimeMissed():101|Cycle miss in event CCSICombinedRepManager. Time Overrun is 672 us[EOL]
[2026-09-22T07:26:49.887552Z][APM_I.barcodereader][W][2330306][135]CRTCyclicEvent.cpp:TimeMissed():101|Cycle miss in event CCSICombinedCmdManager Cyclic Event. Time Overrun is 52010 us[EOL]
[2026-09-22T07:26:49.887578Z][APM_I.barcodereader][W][2330306][135]CRTCyclicEvent.cpp:TimeMissed():101|Cycle miss in event CCSICombinedRepManager. Time Overrun is 52010 us[EOL]
[2026-09-22T07:26:50.018456Z][APM_I.barcodereader][W][2330306][135]CRTCyclicEvent.cpp:TimeMissed():101|Cycle miss in event CCSICombinedCmdManager Cyclic Event. Time Overrun is 2914 us[EOL]
[2026-09-22T07:26:50.018493Z][APM_I.barcodereader][W][2330306][135]CRTCyclicEvent.cpp:TimeMissed():101|Cycle miss in event CCSICombinedRepManager. Time Overrun is 2914 us[EOL]
[2026-09-22T07:26:50.138116Z][APM_I.barcodereader][W][2330306][135]CRTCyclicEvent.cpp:TimeMissed():101|Cycle miss in event CCSICombinedCmdManager Cyclic Event. Time Overrun is 2578 us[EOL]
[2026-09-22T07:26:50.138143Z][APM_I.barcodereader][W][2330306][135]CRTCyclicEvent.cpp:TimeMissed():101|Cycle miss in event CCSICombinedRepManager. Time Overrun is 2578 us[EOL]
[2026-09-22T07:26:50.410713Z][APM_I.barcodereader][W][2330306][135]CRTCyclicEvent.cpp:TimeMissed():101|Cycle miss in event CCSICombinedCmdManager Cyclic Event. Time Overrun is 35171 us[EOL]
[2026-09-22T07:26:50.410754Z][APM_I.barcodereader][W][2330306][135]CRTCyclicEvent.cpp:TimeMissed():101|Cycle miss in event CCSICombinedRepManager. Time Overrun is 35171 us[EOL]
[2026-09-22T07:26:50.558557Z][APM_I.barcodereader][W][2330306][135]CRTCyclicEvent.cpp:TimeMissed():101|Cycle miss in event CCSICombinedCmdManager Cyclic Event. Time Overrun is 33017 us[EOL]
[2026-09-22T07:26:50.558592Z][APM_I.barcodereader][W][2330306][135]CRTCyclicEvent.cpp:TimeMissed():101|Cycle miss in event CCSICombinedRepManager. Time Overrun is 33017 us[EOL]
[2026-09-22T07:26:50.726208Z][APM_I.barcodereader][W][2330306][135]CRTCyclicEvent.cpp:TimeMissed():101|Cycle miss in event CCSICombinedCmdManager Cyclic Event. Time Overrun is 663 us[EOL]
[2026-09-22T07:26:50.726248Z][APM_I.barcodereader][W][2330306][135]CRTCyclicEvent.cpp:TimeMissed():101|Cycle miss in event CCSICombinedRepManager. Time Overrun is 663 us[EOL]
[2026-09-22T07:26:50.750301Z][APM_I.newgen-amplificationplatemagazine][W][2330306][144]CRTCyclicEvent.cpp:TimeMissed():101|Cycle miss in event CCSICombinedCmdManager Cyclic Event. Time Overrun is 1704766 us[EOL]
[2026-09-22T07:26:50.750334Z][APM_I.newgen-amplificationplatemagazine][W][2330306][144]CRTCyclicEvent.cpp:TimeMissed():101|Cycle miss in event CCSICombinedRepManager. Time Overrun is 1704766 us[EOL]
[2026-09-22T07:26:50.750503Z][APM_I.newgen-amplificationplatemagazine][W][2330306][144]CRTCyclicEvent.cpp:TimeMissed():101|Cycle miss in event CCSICyclicRepManager. Time Overrun is 1581167 us[EOL]
[2026-09-22T07:26:50.953507Z][APM_I.newgen-amplificationplatemagazine][W][2330306][144]CRTCyclicEvent.cpp:TimeMissed():101|Cycle miss in event CCSICombinedCmdManager Cyclic Event. Time Overrun is 87973 us[EOL]
[2026-09-22T07:26:50.953537Z][APM_I.newgen-amplificationplatemagazine][W][2330306][144]CRTCyclicEvent.cpp:TimeMissed():101|Cycle miss in event CCSICombinedRepManager. Time Overrun is 87973 us[EOL]
[2026-09-22T07:26:50.979403Z][APM_I.barcodereader][W][2330306][135]CRTCyclicEvent.cpp:TimeMissed():101|Cycle miss in event CCSICombinedCmdManager Cyclic Event. Time Overrun is 3832 us[EOL]
[2026-09-22T07:26:50.979440Z][APM_I.barcodereader][W][2330306][135]CRTCyclicEvent.cpp:TimeMissed():101|Cycle miss in event CCSICombinedRepManager. Time Overrun is 3832 us[EOL]
[2026-09-22T07:26:51.100245Z][APM_I.newgen-amplificationplatemagazine][W][2330306][144]CRTCyclicEvent.cpp:TimeMissed():101|Cycle miss in event CCSICombinedCmdManager Cyclic Event. Time Overrun is 34710 us[EOL]
[2026-09-22T07:26:51.100274Z][APM_I.newgen-amplificationplatemagazine][W][2330306][144]CRTCyclicEvent.cpp:TimeMissed():101|Cycle miss in event CCSICombinedRepManager. Time Overrun is 34710 us[EOL]
[2026-09-22T07:26:51.279610Z][APM_I.newgen-amplificationplatemagazine][W][2330306][144]CRTCyclicEvent.cpp:TimeMissed():101|Cycle miss in event CCSICombinedCmdManager Cyclic Event. Time Overrun is 4075 us[EOL]
[2026-09-22T07:26:51.279641Z][APM_I.newgen-amplificationplatemagazine][W][2330306][144]CRTCyclicEvent.cpp:TimeMissed():101|Cycle miss in event CCSICombinedRepManager. Time Overrun is 4075 us[EOL]
[2026-09-22T07:26:51.410520Z][APM_I.barcodereader][W][2330306][135]CRTCyclicEvent.cpp:TimeMissed():101|Cycle miss in event CCSICombinedCmdManager Cyclic Event. Time Overrun is 84978 us[EOL]
[2026-09-22T07:26:51.410567Z][APM_I.barcodereader][W][2330306][135]CRTCyclicEvent.cpp:TimeMissed():101|Cycle miss in event CCSICombinedRepManager. Time Overrun is 84978 us[EOL]
[2026-09-22T07:26:51.545981Z][APM_I.newgen-amplificationplatemagazine][W][2330306][144]CRTCyclicEvent.cpp:TimeMissed():101|Cycle miss in event CCSICombinedCmdManager Cyclic Event. Time Overrun is 444 us[EOL]
[2026-09-22T07:26:51.546028Z][APM_I.newgen-amplificationplatemagazine][W][2330306][144]CRTCyclicEvent.cpp:TimeMissed():101|Cycle miss in event CCSICombinedRepManager. Time Overrun is 444 us[EOL]
[2026-09-22T07:26:51.636210Z][APM_I.barcodereader][W][2330306][135]CRTCyclicEvent.cpp:TimeMissed():101|Cycle miss in event CCSICombinedCmdManager Cyclic Event. Time Overrun is 10670 us[EOL]
[2026-09-22T07:26:51.636256Z][APM_I.barcodereader][W][2330306][135]CRTCyclicEvent.cpp:TimeMissed():101|Cycle miss in event CCSICombinedRepManager. Time Overrun is 10670 us[EOL]
[2026-09-22T07:26:51.690021Z][APM_I.newgen-amplificationplatemagazine][W][2330306][144]CRTCyclicEvent.cpp:TimeMissed():101|Cycle miss in event CCSICombinedCmdManager Cyclic Event. Time Overrun is 14484 us[EOL]
[2026-09-22T07:26:51.690055Z][APM_I.newgen-amplificationplatemagazine][W][2330306][144]CRTCyclicEvent.cpp:TimeMissed():101|Cycle miss in event CCSICombinedRepManager. Time Overrun is 14484 us[EOL]
[2026-09-22T07:26:51.759890Z][APM_I.barcodereader][W][2330306][135]CRTCyclicEvent.cpp:TimeMissed():101|Cycle miss in event CCSICombinedCmdManager Cyclic Event. Time Overrun is 4352 us[EOL]
[2026-09-22T07:26:51.759912Z][APM_I.barcodereader][W][2330306][135]CRTCyclicEvent.cpp:TimeMissed():101|Cycle miss in event CCSICombinedRepManager. Time Overrun is 4352 us[EOL]
[2026-09-22T07:26:51.812900Z][APM_I.newgen-amplificationplatemagazine][W][2330306][144]CRTCyclicEvent.cpp:TimeMissed():101|Cycle miss in event CCSICombinedCmdManager Cyclic Event. Time Overrun is 7361 us[EOL]
[2026-09-22T07:26:51.812949Z][APM_I.newgen-amplificationplatemagazine][W][2330306][144]CRTCyclicEvent.cpp:TimeMissed():101|Cycle miss in event CCSICombinedRepManager. Time Overrun is 7361 us[EOL]
[2026-09-22T07:26:51.922033Z][APM_I.barcodereader][W][2330306][135]CRTCyclicEvent.cpp:TimeMissed():101|Cycle miss in event CCSICombinedCmdManager Cyclic Event. Time Overrun is 36494 us[EOL]
[2026-09-22T07:26:51.951686Z][APM_I.newgen-amplificationplatemagazine][W][2330306][144]CRTCyclicEvent.cpp:TimeMissed():101|Cycle miss in event CCSICombinedCmdManager Cyclic Event. Time Overrun is 16150 us[EOL]
[2026-09-22T07:26:51.951875Z][APM_I.newgen-amplificationplatemagazine][W][2330306][144]CRTCyclicEvent.cpp:TimeMissed():101|Cycle miss in event CCSICombinedRepManager. Time Overrun is 16150 us[EOL]
[2026-09-22T07:26:51.922067Z][APM_I.barcodereader][W][2330306][135]CRTCyclicEvent.cpp:TimeMissed():101|Cycle miss in event CCSICombinedRepManager. Time Overrun is 36494 us[EOL]
[2026-09-22T07:26:52.038932Z][APM_I.barcodereader][W][2330306][135]CRTCyclicEvent.cpp:TimeMissed():101|Cycle miss in event CCSICombinedCmdManager Cyclic Event. Time Overrun is 3383 us[EOL]
[2026-09-22T07:26:52.039031Z][APM_I.barcodereader][W][2330306][135]CRTCyclicEvent.cpp:TimeMissed():101|Cycle miss in event CCSICombinedRepManager. Time Overrun is 3383 us[EOL]
[2026-09-22T07:26:52.110322Z][APM_I.newgen-amplificationplatemagazine][W][2330306][144]CRTCyclicEvent.cpp:TimeMissed():101|Cycle miss in event CCSICombinedCmdManager Cyclic Event. Time Overrun is 14728 us[EOL]
[2026-09-22T07:26:52.110364Z][APM_I.newgen-amplificationplatemagazine][W][2330306][144]CRTCyclicEvent.cpp:TimeMissed():101|Cycle miss in event CCSICombinedRepManager. Time Overrun is 14728 us[EOL]
[2026-09-22T07:26:52.316085Z][APM_I.barcodereader][W][2330306][135]CRTCyclicEvent.cpp:TimeMissed():101|Cycle miss in event CCSICombinedCmdManager Cyclic Event. Time Overrun is 60546 us[EOL]
[2026-09-22T07:26:52.316112Z][APM_I.barcodereader][W][2330306][135]CRTCyclicEvent.cpp:TimeMissed():101|Cycle miss in event CCSICombinedRepManager. Time Overrun is 60546 us[EOL]
[2026-09-22T07:26:52.476880Z][APM_I.barcodereader][W][2330306][135]CRTCyclicEvent.cpp:TimeMissed():101|Cycle miss in event CCSICombinedCmdManager Cyclic Event. Time Overrun is 41338 us[EOL]
[2026-09-22T07:26:52.476922Z][APM_I.barcodereader][W][2330306][135]CRTCyclicEvent.cpp:TimeMissed():101|Cycle miss in event CCSICombinedRepManager. Time Overrun is 41338 us[EOL]
[2026-09-22T07:26:52.697734Z][APM_I.barcodereader][W][2330306][135]CRTCyclicEvent.cpp:TimeMissed():101|Cycle miss in event CCSICombinedCmdManager Cyclic Event. Time Overrun is 42192 us[EOL]
[2026-09-22T07:26:52.697769Z][APM_I.barcodereader][W][2330306][135]CRTCyclicEvent.cpp:TimeMissed():101|Cycle miss in event CCSICombinedRepManager. Time Overrun is 42192 us[EOL]
[2026-09-22T07:26:53.896708Z][APM_I.newgen-amplificationplatemagazine][W][2330306][144]CRTCyclicEvent.cpp:TimeMissed():101|Cycle miss in event CCSICombinedCmdManager Cyclic Event. Time Overrun is 1371175 us[EOL]
[2026-09-22T07:26:53.897319Z][APM_I.barcodereader][W][2330306][135]CRTCyclicEvent.cpp:TimeMissed():101|Cycle miss in event CCSICyclicRepManager. Time Overrun is 1192351 us[EOL]
[2026-09-22T07:26:53.896736Z][APM_I.newgen-amplificationplatemagazine][W][2330306][144]CRTCyclicEvent.cpp:TimeMissed():101|Cycle miss in event CCSICombinedRepManager. Time Overrun is 1371175 us[EOL]
[2026-09-22T07:26:54.054038Z][APM_I.newgen-amplificationplatemagazine][W][2330306][144]CRTCyclicEvent.cpp:TimeMissed():101|Cycle miss in event CCSICombinedCmdManager Cyclic Event. Time Overrun is 28504 us[EOL]
[2026-09-22T07:26:54.054065Z][APM_I.newgen-amplificationplatemagazine][W][2330306][144]CRTCyclicEvent.cpp:TimeMissed():101|Cycle miss in event CCSICombinedRepManager. Time Overrun is 28504 us[EOL]
[2026-09-22T07:26:54.182873Z][APM_I.newgen-amplificationplatemagazine][W][2330306][144]CRTCyclicEvent.cpp:TimeMissed():101|Cycle miss in event CCSICombinedCmdManager Cyclic Event. Time Overrun is 17340 us[EOL]
[2026-09-22T07:26:54.182927Z][APM_I.newgen-amplificationplatemagazine][W][2330306][144]CRTCyclicEvent.cpp:TimeMissed():101|Cycle miss in event CCSICombinedRepManager. Time Overrun is 17340 us[EOL]
[2026-09-22T07:26:54.215670Z][APM_I.barcodereader][W][2330306][135]CRTCyclicEvent.cpp:TimeMissed():101|Cycle miss in event CCSICombinedCmdManager Cyclic Event. Time Overrun is 1400133 us[EOL]
[2026-09-22T07:26:54.215694Z][APM_I.barcodereader][W][2330306][135]CRTCyclicEvent.cpp:TimeMissed():101|Cycle miss in event CCSICombinedRepManager. Time Overrun is 1400133 us[EOL]
[2026-09-22T07:26:54.215926Z][APM_I.newgen-amplificationplatemagazine][W][2330306][144]CRTCyclicEvent.cpp:TimeMissed():101|Cycle miss in event CCSICyclicRepManager. Time Overrun is 1246589 us[EOL]
[2026-09-22T07:26:54.311014Z][APM_I.newgen-amplificationplatemagazine][W][2330306][144]CRTCyclicEvent.cpp:TimeMissed():101|Cycle miss in event CCSICombinedCmdManager Cyclic Event. Time Overrun is 5472 us[EOL]
[2026-09-22T07:26:54.311086Z][APM_I.newgen-amplificationplatemagazine][W][2330306][144]CRTCyclicEvent.cpp:TimeMissed():101|Cycle miss in event CCSICombinedRepManager. Time Overrun is 5472 us[EOL]
[2026-09-22T07:26:54.462403Z][APM_I.barcodereader][W][2330306][135]CRTCyclicEvent.cpp:TimeMissed():101|Cycle miss in event CCSICombinedCmdManager Cyclic Event. Time Overrun is 66853 us[EOL]
[2026-09-22T07:26:54.462444Z][APM_I.barcodereader][W][2330306][135]CRTCyclicEvent.cpp:TimeMissed():101|Cycle miss in event CCSICombinedRepManager. Time Overrun is 66853 us[EOL]
[2026-09-22T07:26:54.463122Z][APM_I.newgen-amplificationplatemagazine][W][2330306][144]CRTCyclicEvent.cpp:TimeMissed():101|Cycle miss in event CCSICombinedCmdManager Cyclic Event. Time Overrun is 37585 us[EOL]
[2026-09-22T07:26:54.463167Z][APM_I.newgen-amplificationplatemagazine][W][2330306][144]CRTCyclicEvent.cpp:TimeMissed():101|Cycle miss in event CCSICombinedRepManager. Time Overrun is 37585 us[EOL]
[2026-09-22T07:26:54.581883Z][APM_I.barcodereader][W][2330306][135]CRTCyclicEvent.cpp:TimeMissed():101|Cycle miss in event CCSICombinedCmdManager Cyclic Event. Time Overrun is 6344 us[EOL]
[2026-09-22T07:26:54.581915Z][APM_I.barcodereader][W][2330306][135]CRTCyclicEvent.cpp:TimeMissed():101|Cycle miss in event CCSICombinedRepManager. Time Overrun is 6344 us[EOL]
[2026-09-22T07:26:54.630702Z][APM_I.newgen-amplificationplatemagazine][W][2330306][144]CRTCyclicEvent.cpp:TimeMissed():101|Cycle miss in event CCSICombinedCmdManager Cyclic Event. Time Overrun is 5161 us[EOL]
[2026-09-22T07:26:54.630756Z][APM_I.newgen-amplificationplatemagazine][W][2330306][144]CRTCyclicEvent.cpp:TimeMissed():101|Cycle miss in event CCSICombinedRepManager. Time Overrun is 5161 us[EOL]
[2026-09-22T07:26:54.707298Z][APM_I.barcodereader][W][2330306][135]CRTCyclicEvent.cpp:TimeMissed():101|Cycle miss in event CCSICombinedCmdManager Cyclic Event. Time Overrun is 1750 us[EOL]
[2026-09-22T07:26:54.707347Z][APM_I.barcodereader][W][2330306][135]CRTCyclicEvent.cpp:TimeMissed():101|Cycle miss in event CCSICombinedRepManager. Time Overrun is 1750 us[EOL]
[2026-09-22T07:26:54.764412Z][APM_I.newgen-amplificationplatemagazine][W][2330306][144]CRTCyclicEvent.cpp:TimeMissed():101|Cycle miss in event CCSICombinedCmdManager Cyclic Event. Time Overrun is 18878 us[EOL]
[2026-09-22T07:26:54.764441Z][APM_I.newgen-amplificationplatemagazine][W][2330306][144]CRTCyclicEvent.cpp:TimeMissed():101|Cycle miss in event CCSICombinedRepManager. Time Overrun is 18878 us[EOL]
[2026-09-22T07:26:54.832942Z][APM_I.barcodereader][W][2330306][135]CRTCyclicEvent.cpp:TimeMissed():101|Cycle miss in event CCSICombinedCmdManager Cyclic Event. Time Overrun is 7402 us[EOL]
[2026-09-22T07:26:54.832983Z][APM_I.barcodereader][W][2330306][135]CRTCyclicEvent.cpp:TimeMissed():101|Cycle miss in event CCSICombinedRepManager. Time Overrun is 7402 us[EOL]
[2026-09-22T07:26:54.934503Z][APM_I.newgen-amplificationplatemagazine][W][2330306][144]CRTCyclicEvent.cpp:TimeMissed():101|Cycle miss in event CCSICombinedCmdManager Cyclic Event. Time Overrun is 58968 us[EOL]
[2026-09-22T07:26:54.934535Z][APM_I.newgen-amplificationplatemagazine][W][2330306][144]CRTCyclicEvent.cpp:TimeMissed():101|Cycle miss in event CCSICombinedRepManager. Time Overrun is 58968 us[EOL]
[2026-09-22T07:26:55.023978Z][APM_I.barcodereader][W][2330306][135]CRTCyclicEvent.cpp:TimeMissed():101|Cycle miss in event CCSICombinedCmdManager Cyclic Event. Time Overrun is 38432 us[EOL]
[2026-09-22T07:26:55.024034Z][APM_I.barcodereader][W][2330306][135]CRTCyclicEvent.cpp:TimeMissed():101|Cycle miss in event CCSICombinedRepManager. Time Overrun is 38432 us[EOL]
[2026-09-22T07:26:55.099602Z][APM_I.newgen-amplificationplatemagazine][W][2330306][144]CRTCyclicEvent.cpp:TimeMissed():101|Cycle miss in event CCSICombinedCmdManager Cyclic Event. Time Overrun is 54064 us[EOL]
[2026-09-22T07:26:55.099645Z][APM_I.newgen-amplificationplatemagazine][W][2330306][144]CRTCyclicEvent.cpp:TimeMissed():101|Cycle miss in event CCSICombinedRepManager. Time Overrun is 54064 us[EOL]
[2026-09-22T07:26:55.168830Z][APM_I.barcodereader][W][2330306][135]CRTCyclicEvent.cpp:TimeMissed():101|Cycle miss in event CCSICombinedCmdManager Cyclic Event. Time Overrun is 33289 us[EOL]
[2026-09-22T07:26:55.168868Z][APM_I.barcodereader][W][2330306][135]CRTCyclicEvent.cpp:TimeMissed():101|Cycle miss in event CCSICombinedRepManager. Time Overrun is 33289 us[EOL]
[2026-09-22T07:26:55.232985Z][APM_I.newgen-amplificationplatemagazine][W][2330306][144]CRTCyclicEvent.cpp:TimeMissed():101|Cycle miss in event CCSICombinedCmdManager Cyclic Event. Time Overrun is 17450 us[EOL]
[2026-09-22T07:26:55.233018Z][APM_I.newgen-amplificationplatemagazine][W][2330306][144]CRTCyclicEvent.cpp:TimeMissed():101|Cycle miss in event CCSICombinedRepManager. Time Overrun is 17450 us[EOL]
[2026-09-22T07:26:55.287635Z][APM_I.barcodereader][W][2330306][135]CRTCyclicEvent.cpp:TimeMissed():101|Cycle miss in event CCSICombinedCmdManager Cyclic Event. Time Overrun is 2089 us[EOL]
[2026-09-22T07:26:55.287671Z][APM_I.barcodereader][W][2330306][135]CRTCyclicEvent.cpp:TimeMissed():101|Cycle miss in event CCSICombinedRepManager. Time Overrun is 2089 us[EOL]
[2026-09-22T07:26:55.355604Z][APM_I.newgen-amplificationplatemagazine][W][2330306][144]CRTCyclicEvent.cpp:TimeMissed():101|Cycle miss in event CCSICombinedCmdManager Cyclic Event. Time Overrun is 10068 us[EOL]
[2026-09-22T07:26:55.355726Z][APM_I.newgen-amplificationplatemagazine][W][2330306][144]CRTCyclicEvent.cpp:TimeMissed():101|Cycle miss in event CCSICombinedRepManager. Time Overrun is 10068 us[EOL]
[2026-09-22T07:26:55.414325Z][APM_I.barcodereader][W][2330306][135]CRTCyclicEvent.cpp:TimeMissed():101|Cycle miss in event CCSICombinedCmdManager Cyclic Event. Time Overrun is 8782 us[EOL]
[2026-09-22T07:26:55.414367Z][APM_I.barcodereader][W][2330306][135]CRTCyclicEvent.cpp:TimeMissed():101|Cycle miss in event CCSICombinedRepManager. Time Overrun is 8782 us[EOL]
[2026-09-22T07:26:55.489560Z][APM_I.newgen-amplificationplatemagazine][W][2330306][144]CRTCyclicEvent.cpp:TimeMissed():101|Cycle miss in event CCSICombinedCmdManager Cyclic Event. Time Overrun is 14026 us[EOL]
[2026-09-22T07:26:55.489588Z][APM_I.newgen-amplificationplatemagazine][W][2330306][144]CRTCyclicEvent.cpp:TimeMissed():101|Cycle miss in event CCSICombinedRepManager. Time Overrun is 14026 us[EOL]
[2026-09-22T07:26:55.566449Z][APM_I.barcodereader][W][2330306][135]CRTCyclicEvent.cpp:TimeMissed():101|Cycle miss in event CCSICombinedCmdManager Cyclic Event. Time Overrun is 40908 us[EOL]
[2026-09-22T07:26:55.566492Z][APM_I.barcodereader][W][2330306][135]CRTCyclicEvent.cpp:TimeMissed():101|Cycle miss in event CCSICombinedRepManager. Time Overrun is 40908 us[EOL]
[2026-09-22T07:26:55.617269Z][APM_I.newgen-amplificationplatemagazine][W][2330306][144]CRTCyclicEvent.cpp:TimeMissed():101|Cycle miss in event CCSICombinedCmdManager Cyclic Event. Time Overrun is 1731 us[EOL]
[2026-09-22T07:26:55.617312Z][APM_I.newgen-amplificationplatemagazine][W][2330306][144]CRTCyclicEvent.cpp:TimeMissed():101|Cycle miss in event CCSICombinedRepManager. Time Overrun is 1731 us[EOL]
[2026-09-22T07:26:55.739308Z][APM_I.barcodereader][W][2330306][135]CRTCyclicEvent.cpp:TimeMissed():101|Cycle miss in event CCSICombinedCmdManager Cyclic Event. Time Overrun is 13770 us[EOL]
[2026-09-22T07:26:55.739329Z][APM_I.barcodereader][W][2330306][135]CRTCyclicEvent.cpp:TimeMissed():101|Cycle miss in event CCSICombinedRepManager. Time Overrun is 13770 us[EOL]
[2026-09-22T07:26:55.754109Z][APM_I.newgen-amplificationplatemagazine][W][2330306][144]CRTCyclicEvent.cpp:TimeMissed():101|Cycle miss in event CCSICombinedCmdManager Cyclic Event. Time Overrun is 18571 us[EOL]
[2026-09-22T07:26:55.754160Z][APM_I.newgen-amplificationplatemagazine][W][2330306][144]CRTCyclicEvent.cpp:TimeMissed():101|Cycle miss in event CCSICombinedRepManager. Time Overrun is 18571 us[EOL]
[2026-09-22T07:26:55.855890Z][APM_I.barcodereader][W][2330306][135]CRTCyclicEvent.cpp:TimeMissed():101|Cycle miss in event CCSICombinedCmdManager Cyclic Event. Time Overrun is 351 us[EOL]
[2026-09-22T07:26:55.855919Z][APM_I.barcodereader][W][2330306][135]CRTCyclicEvent.cpp:TimeMissed():101|Cycle miss in event CCSICombinedRepManager. Time Overrun is 351 us[EOL]
[2026-09-22T07:26:55.891233Z][APM_I.newgen-amplificationplatemagazine][W][2330306][144]CRTCyclicEvent.cpp:TimeMissed():101|Cycle miss in event CCSICombinedCmdManager Cyclic Event. Time Overrun is 15698 us[EOL]
[2026-09-22T07:26:55.891270Z][APM_I.newgen-amplificationplatemagazine][W][2330306][144]CRTCyclicEvent.cpp:TimeMissed():101|Cycle miss in event CCSICombinedRepManager. Time Overrun is 15698 us[EOL]
[2026-09-22T07:26:55.978345Z][APM_I.barcodereader][W][2330306][135]CRTCyclicEvent.cpp:TimeMissed():101|Cycle miss in event CCSICombinedCmdManager Cyclic Event. Time Overrun is 2805 us[EOL]
[2026-09-22T07:26:55.978381Z][APM_I.barcodereader][W][2330306][135]CRTCyclicEvent.cpp:TimeMissed():101|Cycle miss in event CCSICombinedRepManager. Time Overrun is 2805 us[EOL]
[2026-09-22T07:26:56.057543Z][APM_I.newgen-amplificationplatemagazine][W][2330306][144]CRTCyclicEvent.cpp:TimeMissed():101|Cycle miss in event CCSICombinedCmdManager Cyclic Event. Time Overrun is 52006 us[EOL]
[2026-09-22T07:26:56.057585Z][APM_I.newgen-amplificationplatemagazine][W][2330306][144]CRTCyclicEvent.cpp:TimeMissed():101|Cycle miss in event CCSICombinedRepManager. Time Overrun is 52006 us[EOL]
[2026-09-22T07:26:56.230075Z][APM_I.barcodereader][W][2330306][135]CRTCyclicEvent.cpp:TimeMissed():101|Cycle miss in event CCSICyclicRepManager. Time Overrun is 25101 us[EOL]
[2026-09-22T07:26:56.230291Z][APM_I.barcodereader][W][2330306][135]CRTCyclicEvent.cpp:TimeMissed():101|Cycle miss in event CCSICombinedCmdManager Cyclic Event. Time Overrun is 134749 us[EOL]
[2026-09-22T07:26:56.230317Z][APM_I.barcodereader][W][2330306][135]CRTCyclicEvent.cpp:TimeMissed():101|Cycle miss in event CCSICombinedRepManager. Time Overrun is 134749 us[EOL]
[2026-09-22T07:26:56.229965Z][APM_I.newgen-amplificationplatemagazine][W][2330306][144]CRTCyclicEvent.cpp:TimeMissed():101|Cycle miss in event CCSICyclicRepManager. Time Overrun is 60602 us[EOL]
[2026-09-22T07:26:56.231592Z][APM_I.newgen-amplificationplatemagazine][W][2330306][144]CRTCyclicEvent.cpp:TimeMissed():101|Cycle miss in event CCSICombinedCmdManager Cyclic Event. Time Overrun is 56054 us[EOL]
[2026-09-22T07:26:56.231625Z][APM_I.newgen-amplificationplatemagazine][W][2330306][144]CRTCyclicEvent.cpp:TimeMissed():101|Cycle miss in event CCSICombinedRepManager. Time Overrun is 56054 us[EOL]
[2026-09-22T07:26:56.440890Z][APM_I.barcodereader][W][2330306][135]CRTCyclicEvent.cpp:TimeMissed():101|Cycle miss in event CCSICombinedCmdManager Cyclic Event. Time Overrun is 95352 us[EOL]
[2026-09-22T07:26:56.439194Z][APM_I.newgen-amplificationplatemagazine][W][2330306][144]CRTCyclicEvent.cpp:TimeMissed():101|Cycle miss in event CCSICombinedCmdManager Cyclic Event. Time Overrun is 23576 us[EOL]
[2026-09-22T07:26:56.440932Z][APM_I.barcodereader][W][2330306][135]CRTCyclicEvent.cpp:TimeMissed():101|Cycle miss in event CCSICombinedRepManager. Time Overrun is 95352 us[EOL]
[2026-09-22T07:26:56.567242Z][APM_I.barcodereader][W][2330306][135]CRTCyclicEvent.cpp:TimeMissed():101|Cycle miss in event CCSICombinedCmdManager Cyclic Event. Time Overrun is 11700 us[EOL]
[2026-09-22T07:26:56.439269Z][APM_I.newgen-amplificationplatemagazine][W][2330306][144]CRTCyclicEvent.cpp:TimeMissed():101|Cycle miss in event CCSICombinedRepManager. Time Overrun is 23576 us[EOL]
[2026-09-22T07:26:56.567334Z][APM_I.barcodereader][W][2330306][135]CRTCyclicEvent.cpp:TimeMissed():101|Cycle miss in event CCSICombinedRepManager. Time Overrun is 11700 us[EOL]
[2026-09-22T07:26:56.704752Z][APM_I.barcodereader][W][2330306][135]CRTCyclicEvent.cpp:TimeMissed():101|Cycle miss in event CCSICombinedCmdManager Cyclic Event. Time Overrun is 19207 us[EOL]
[2026-09-22T07:26:56.566891Z][APM_I.newgen-amplificationplatemagazine][W][2330306][144]CRTCyclicEvent.cpp:TimeMissed():101|Cycle miss in event CCSICombinedCmdManager Cyclic Event. Time Overrun is 11355 us[EOL]
[2026-09-22T07:26:56.566919Z][APM_I.newgen-amplificationplatemagazine][W][2330306][144]CRTCyclicEvent.cpp:TimeMissed():101|Cycle miss in event CCSICombinedRepManager. Time Overrun is 11355 us[EOL]
[2026-09-22T07:26:56.705273Z][APM_I.newgen-amplificationplatemagazine][W][2330306][144]CRTCyclicEvent.cpp:TimeMissed():101|Cycle miss in event CCSICombinedCmdManager Cyclic Event. Time Overrun is 19731 us[EOL]
[2026-09-22T07:26:56.705327Z][APM_I.newgen-amplificationplatemagazine][W][2330306][144]CRTCyclicEvent.cpp:TimeMissed():101|Cycle miss in event CCSICombinedRepManager. Time Overrun is 19731 us[EOL]
[2026-09-22T07:26:56.704797Z][APM_I.barcodereader][W][2330306][135]CRTCyclicEvent.cpp:TimeMissed():101|Cycle miss in event CCSICombinedRepManager. Time Overrun is 19207 us[EOL]
[2026-09-22T07:26:56.827135Z][APM_I.newgen-amplificationplatemagazine][W][2330306][144]CRTCyclicEvent.cpp:TimeMissed():101|Cycle miss in event CCSICombinedCmdManager Cyclic Event. Time Overrun is 11583 us[EOL]
[2026-09-22T07:26:56.827336Z][APM_I.newgen-amplificationplatemagazine][W][2330306][144]CRTCyclicEvent.cpp:TimeMissed():101|Cycle miss in event CCSICombinedRepManager. Time Overrun is 11583 us[EOL]
[2026-09-22T07:26:56.970501Z][APM_I.newgen-amplificationplatemagazine][W][2330306][144]CRTCyclicEvent.cpp:TimeMissed():101|Cycle miss in event CCSICombinedCmdManager Cyclic Event. Time Overrun is 24956 us[EOL]
[2026-09-22T07:26:56.970543Z][APM_I.newgen-amplificationplatemagazine][W][2330306][144]CRTCyclicEvent.cpp:TimeMissed():101|Cycle miss in event CCSICombinedRepManager. Time Overrun is 24956 us[EOL]
[2026-09-22T07:26:57.137799Z][APM_I.newgen-amplificationplatemagazine][W][2330306][144]CRTCyclicEvent.cpp:TimeMissed():101|Cycle miss in event CCSICombinedCmdManager Cyclic Event. Time Overrun is 22264 us[EOL]
[2026-09-22T07:26:57.137826Z][APM_I.newgen-amplificationplatemagazine][W][2330306][144]CRTCyclicEvent.cpp:TimeMissed():101|Cycle miss in event CCSICombinedRepManager. Time Overrun is 22264 us[EOL]
[2026-09-22T07:26:57.403568Z][APM_I.newgen-amplificationplatemagazine][W][2330306][144]CRTCyclicEvent.cpp:TimeMissed():101|Cycle miss in event CCSICombinedCmdManager Cyclic Event. Time Overrun is 18027 us[EOL]
[2026-09-22T07:26:57.403728Z][APM_I.newgen-amplificationplatemagazine][W][2330306][144]CRTCyclicEvent.cpp:TimeMissed():101|Cycle miss in event CCSICombinedRepManager. Time Overrun is 18027 us[EOL]
[2026-09-22T07:26:57.599914Z][APM_I.newgen-amplificationplatemagazine][W][2330306][144]CRTCyclicEvent.cpp:TimeMissed():101|Cycle miss in event CCSICombinedCmdManager Cyclic Event. Time Overrun is 84377 us[EOL]
[2026-09-22T07:26:57.599957Z][APM_I.newgen-amplificationplatemagazine][W][2330306][144]CRTCyclicEvent.cpp:TimeMissed():101|Cycle miss in event CCSICombinedRepManager. Time Overrun is 84377 us[EOL]
[2026-09-22T07:26:57.628149Z][APM_I.barcodereader][W][2330306][135]CRTCyclicEvent.cpp:TimeMissed():101|Cycle miss in event CCSICyclicRepManager. Time Overrun is 23186 us[EOL]
[2026-09-22T07:26:57.830323Z][APM_I.newgen-amplificationplatemagazine][W][2330306][144]CRTCyclicEvent.cpp:TimeMissed():101|Cycle miss in event CCSICombinedCmdManager Cyclic Event. Time Overrun is 114787 us[EOL]
[2026-09-22T07:26:57.830365Z][APM_I.newgen-amplificationplatemagazine][W][2330306][144]CRTCyclicEvent.cpp:TimeMissed():101|Cycle miss in event CCSICombinedRepManager. Time Overrun is 114787 us[EOL]
[2026-09-22T07:26:57.955924Z][APM_I.newgen-amplificationplatemagazine][W][2330306][144]CRTCyclicEvent.cpp:TimeMissed():101|Cycle miss in event CCSICombinedCmdManager Cyclic Event. Time Overrun is 10390 us[EOL]
[2026-09-22T07:26:57.955954Z][APM_I.newgen-amplificationplatemagazine][W][2330306][144]CRTCyclicEvent.cpp:TimeMissed():101|Cycle miss in event CCSICombinedRepManager. Time Overrun is 10390 us[EOL]
[2026-09-22T07:26:58.211385Z][APM_I.newgen-amplificationplatemagazine][W][2330306][144]CRTCyclicEvent.cpp:TimeMissed():101|Cycle miss in event CCSICombinedCmdManager Cyclic Event. Time Overrun is 135846 us[EOL]
[2026-09-22T07:26:58.211464Z][APM_I.newgen-amplificationplatemagazine][W][2330306][144]CRTCyclicEvent.cpp:TimeMissed():101|Cycle miss in event CCSICombinedRepManager. Time Overrun is 135846 us[EOL]
[2026-09-22T07:26:58.328135Z][APM_I.newgen-amplificationplatemagazine][W][2330306][144]CRTCyclicEvent.cpp:TimeMissed():101|Cycle miss in event CCSICombinedCmdManager Cyclic Event. Time Overrun is 2600 us[EOL]
[2026-09-22T07:26:58.328159Z][APM_I.newgen-amplificationplatemagazine][W][2330306][144]CRTCyclicEvent.cpp:TimeMissed():101|Cycle miss in event CCSICombinedRepManager. Time Overrun is 2600 us[EOL]
[2026-09-22T07:26:58.487971Z][APM_I.newgen-amplificationplatemagazine][W][2330306][144]CRTCyclicEvent.cpp:TimeMissed():101|Cycle miss in event CCSICombinedCmdManager Cyclic Event. Time Overrun is 42435 us[EOL]
[2026-09-22T07:26:58.488006Z][APM_I.newgen-amplificationplatemagazine][W][2330306][144]CRTCyclicEvent.cpp:TimeMissed():101|Cycle miss in event CCSICombinedRepManager. Time Overrun is 42435 us[EOL]
[2026-09-22T07:26:59.095699Z][APM_I.newgen-amplificationplatemagazine][W][2330306][144]CRTCyclicEvent.cpp:TimeMissed():101|Cycle miss in event CCSICombinedCmdManager Cyclic Event. Time Overrun is 60163 us[EOL]
[2026-09-22T07:26:59.095797Z][APM_I.newgen-amplificationplatemagazine][W][2330306][144]CRTCyclicEvent.cpp:TimeMissed():101|Cycle miss in event CCSICombinedRepManager. Time Overrun is 60163 us[EOL]
[2026-09-22T07:26:59.269815Z][APM_I.newgen-amplificationplatemagazine][W][2330306][144]CRTCyclicEvent.cpp:TimeMissed():101|Cycle miss in event CCSICombinedCmdManager Cyclic Event. Time Overrun is 54276 us[EOL]
[2026-09-22T07:26:59.269866Z][APM_I.newgen-amplificationplatemagazine][W][2330306][144]CRTCyclicEvent.cpp:TimeMissed():101|Cycle miss in event CCSICombinedRepManager. Time Overrun is 54276 us[EOL]
[2026-09-22T07:26:59.416385Z][APM_I.newgen-amplificationplatemagazine][W][2330306][144]CRTCyclicEvent.cpp:TimeMissed():101|Cycle miss in event CCSICombinedCmdManager Cyclic Event. Time Overrun is 30847 us[EOL]
[2026-09-22T07:26:59.416442Z][APM_I.newgen-amplificationplatemagazine][W][2330306][144]CRTCyclicEvent.cpp:TimeMissed():101|Cycle miss in event CCSICombinedRepManager. Time Overrun is 30847 us[EOL]
[2026-09-22T07:26:59.591330Z][APM_I.newgen-amplificationplatemagazine][W][2330306][144]CRTCyclicEvent.cpp:TimeMissed():101|Cycle miss in event CCSICyclicRepManager. Time Overrun is 21991 us[EOL]
[2026-09-22T07:26:59.592234Z][APM_I.newgen-amplificationplatemagazine][W][2330306][144]CRTCyclicEvent.cpp:TimeMissed():101|Cycle miss in event CCSICombinedCmdManager Cyclic Event. Time Overrun is 56697 us[EOL]
[2026-09-22T07:26:59.592260Z][APM_I.newgen-amplificationplatemagazine][W][2330306][144]CRTCyclicEvent.cpp:TimeMissed():101|Cycle miss in event CCSICombinedRepManager. Time Overrun is 56697 us[EOL]
[2026-09-22T07:26:59.782968Z][APM_I.newgen-amplificationplatemagazine][W][2330306][144]CRTCyclicEvent.cpp:TimeMissed():101|Cycle miss in event CCSICombinedCmdManager Cyclic Event. Time Overrun is 57433 us[EOL]
[2026-09-22T07:26:59.783008Z][APM_I.newgen-amplificationplatemagazine][W][2330306][144]CRTCyclicEvent.cpp:TimeMissed():101|Cycle miss in event CCSICombinedRepManager. Time Overrun is 57433 us[EOL]
[2026-09-22T07:26:59.902075Z][APM_I.newgen-amplificationplatemagazine][W][2330306][144]CRTCyclicEvent.cpp:TimeMissed():101|Cycle miss in event CCSICombinedCmdManager Cyclic Event. Time Overrun is 6537 us[EOL]
[2026-09-22T07:26:59.902115Z][APM_I.newgen-amplificationplatemagazine][W][2330306][144]CRTCyclicEvent.cpp:TimeMissed():101|Cycle miss in event CCSICombinedRepManager. Time Overrun is 6537 us[EOL]
[2026-09-22T07:27:00.018700Z][APM_I.newgen-amplificationplatemagazine][W][2330306][144]CRTCyclicEvent.cpp:TimeMissed():101|Cycle miss in event CCSICombinedCmdManager Cyclic Event. Time Overrun is 3163 us[EOL]
[2026-09-22T07:27:00.018739Z][APM_I.newgen-amplificationplatemagazine][W][2330306][144]CRTCyclicEvent.cpp:TimeMissed():101|Cycle miss in event CCSICombinedRepManager. Time Overrun is 3163 us[EOL]
[2026-09-22T07:27:00.170686Z][APM_I.newgen-amplificationplatemagazine][W][2330306][144]CRTCyclicEvent.cpp:TimeMissed():101|Cycle miss in event CCSICombinedCmdManager Cyclic Event. Time Overrun is 25148 us[EOL]
[2026-09-22T07:27:00.170830Z][APM_I.newgen-amplificationplatemagazine][W][2330306][144]CRTCyclicEvent.cpp:TimeMissed():101|Cycle miss in event CCSICombinedRepManager. Time Overrun is 25148 us[EOL]
[2026-09-22T07:27:00.403402Z][APM_I.newgen-amplificationplatemagazine][W][2330306][144]CRTCyclicEvent.cpp:TimeMissed():101|Cycle miss in event CCSICombinedCmdManager Cyclic Event. Time Overrun is 117864 us[EOL]
[2026-09-22T07:27:00.403446Z][APM_I.newgen-amplificationplatemagazine][W][2330306][144]CRTCyclicEvent.cpp:TimeMissed():101|Cycle miss in event CCSICombinedRepManager. Time Overrun is 117864 us[EOL]
[2026-09-22T07:27:00.403195Z][APM_I.barcodereader][W][2330306][135]CRTCyclicEvent.cpp:TimeMissed():101|Cycle miss in event CCSICombinedCmdManager Cyclic Event. Time Overrun is 3587653 us[EOL]
[2026-09-22T07:27:00.403233Z][APM_I.barcodereader][W][2330306][135]CRTCyclicEvent.cpp:TimeMissed():101|Cycle miss in event CCSICombinedRepManager. Time Overrun is 3587653 us[EOL]
[2026-09-22T07:27:00.583226Z][APM_I.barcodereader][W][2330306][135]CRTCyclicEvent.cpp:TimeMissed():101|Cycle miss in event CCSICombinedCmdManager Cyclic Event. Time Overrun is 67684 us[EOL]
[2026-09-22T07:27:00.583584Z][APM_I.newgen-amplificationplatemagazine][W][2330306][144]CRTCyclicEvent.cpp:TimeMissed():101|Cycle miss in event CCSICombinedCmdManager Cyclic Event. Time Overrun is 68033 us[EOL]
[2026-09-22T07:27:00.583269Z][APM_I.barcodereader][W][2330306][135]CRTCyclicEvent.cpp:TimeMissed():101|Cycle miss in event CCSICombinedRepManager. Time Overrun is 67684 us[EOL]
[2026-09-22T07:27:00.583645Z][APM_I.newgen-amplificationplatemagazine][W][2330306][144]CRTCyclicEvent.cpp:TimeMissed():101|Cycle miss in event CCSICombinedRepManager. Time Overrun is 68033 us[EOL]
[2026-09-22T07:27:00.801678Z][APM_I.newgen-amplificationplatemagazine][W][2330306][144]CRTCyclicEvent.cpp:TimeMissed():101|Cycle miss in event CCSICombinedCmdManager Cyclic Event. Time Overrun is 106138 us[EOL]
[2026-09-22T07:27:00.801718Z][APM_I.newgen-amplificationplatemagazine][W][2330306][144]CRTCyclicEvent.cpp:TimeMissed():101|Cycle miss in event CCSICombinedRepManager. Time Overrun is 106138 us[EOL]
[2026-09-22T07:27:00.802082Z][APM_I.barcodereader][W][2330306][135]CRTCyclicEvent.cpp:TimeMissed():101|Cycle miss in event CCSICombinedCmdManager Cyclic Event. Time Overrun is 106539 us[EOL]
[2026-09-22T07:27:00.802111Z][APM_I.barcodereader][W][2330306][135]CRTCyclicEvent.cpp:TimeMissed():101|Cycle miss in event CCSICombinedRepManager. Time Overrun is 106539 us[EOL]
[2026-09-22T07:27:00.979634Z][APM_I.newgen-amplificationplatemagazine][W][2330306][144]CRTCyclicEvent.cpp:TimeMissed():101|Cycle miss in event CCSICombinedCmdManager Cyclic Event. Time Overrun is 64096 us[EOL]
[2026-09-22T07:27:00.979686Z][APM_I.newgen-amplificationplatemagazine][W][2330306][144]CRTCyclicEvent.cpp:TimeMissed():101|Cycle miss in event CCSICombinedRepManager. Time Overrun is 64096 us[EOL]
[2026-09-22T07:27:01.168434Z][APM_I.newgen-amplificationplatemagazine][W][2330306][144]CRTCyclicEvent.cpp:TimeMissed():101|Cycle miss in event CCSICombinedCmdManager Cyclic Event. Time Overrun is 72896 us[EOL]
[2026-09-22T07:27:01.168475Z][APM_I.newgen-amplificationplatemagazine][W][2330306][144]CRTCyclicEvent.cpp:TimeMissed():101|Cycle miss in event CCSICombinedRepManager. Time Overrun is 72896 us[EOL]
[2026-09-22T07:27:01.348774Z][APM_I.newgen-amplificationplatemagazine][W][2330306][144]CRTCyclicEvent.cpp:TimeMissed():101|Cycle miss in event CCSICombinedCmdManager Cyclic Event. Time Overrun is 63237 us[EOL]
[2026-09-22T07:27:01.348808Z][APM_I.newgen-amplificationplatemagazine][W][2330306][144]CRTCyclicEvent.cpp:TimeMissed():101|Cycle miss in event CCSICombinedRepManager. Time Overrun is 63237 us[EOL]
[2026-09-22T07:27:01.499178Z][APM_I.newgen-amplificationplatemagazine][W][2330306][144]CRTCyclicEvent.cpp:TimeMissed():101|Cycle miss in event CCSICombinedCmdManager Cyclic Event. Time Overrun is 23640 us[EOL]
[2026-09-22T07:27:01.499211Z][APM_I.newgen-amplificationplatemagazine][W][2330306][144]CRTCyclicEvent.cpp:TimeMissed():101|Cycle miss in event CCSICombinedRepManager. Time Overrun is 23640 us[EOL]
[2026-09-22T07:27:00.977454Z][APM_I.barcodereader][W][2330306][135]CRTCyclicEvent.cpp:TimeMissed():101|Cycle miss in event CCSICombinedCmdManager Cyclic Event. Time Overrun is 61912 us[EOL]
[2026-09-22T07:27:01.665147Z][APM_I.newgen-amplificationplatemagazine][W][2330306][144]CRTCyclicEvent.cpp:TimeMissed():101|Cycle miss in event CCSICombinedCmdManager Cyclic Event. Time Overrun is 49607 us[EOL]
[2026-09-22T07:27:00.977490Z][APM_I.barcodereader][W][2330306][135]CRTCyclicEvent.cpp:TimeMissed():101|Cycle miss in event CCSICombinedRepManager. Time Overrun is 61912 us[EOL]
[2026-09-22T07:27:01.168989Z][APM_I.barcodereader][W][2330306][135]CRTCyclicEvent.cpp:TimeMissed():101|Cycle miss in event CCSICombinedCmdManager Cyclic Event. Time Overrun is 73446 us[EOL]
[2026-09-22T07:27:01.665200Z][APM_I.newgen-amplificationplatemagazine][W][2330306][144]CRTCyclicEvent.cpp:TimeMissed():101|Cycle miss in event CCSICombinedRepManager. Time Overrun is 49607 us[EOL]
[2026-09-22T07:27:01.823999Z][APM_I.newgen-amplificationplatemagazine][W][2330306][144]CRTCyclicEvent.cpp:TimeMissed():101|Cycle miss in event CCSICombinedCmdManager Cyclic Event. Time Overrun is 48461 us[EOL]
[2026-09-22T07:27:01.824050Z][APM_I.newgen-amplificationplatemagazine][W][2330306][144]CRTCyclicEvent.cpp:TimeMissed():101|Cycle miss in event CCSICombinedRepManager. Time Overrun is 48461 us[EOL]
[2026-09-22T07:27:01.169023Z][APM_I.barcodereader][W][2330306][135]CRTCyclicEvent.cpp:TimeMissed():101|Cycle miss in event CCSICombinedRepManager. Time Overrun is 73446 us[EOL]
[2026-09-22T07:27:01.348709Z][APM_I.barcodereader][W][2330306][135]CRTCyclicEvent.cpp:TimeMissed():101|Cycle miss in event CCSICombinedCmdManager Cyclic Event. Time Overrun is 63167 us[EOL]
[2026-09-22T07:27:01.348739Z][APM_I.barcodereader][W][2330306][135]CRTCyclicEvent.cpp:TimeMissed():101|Cycle miss in event CCSICombinedRepManager. Time Overrun is 63167 us[EOL]
[2026-09-22T07:27:01.499480Z][APM_I.barcodereader][W][2330306][135]CRTCyclicEvent.cpp:TimeMissed():101|Cycle miss in event CCSICombinedCmdManager Cyclic Event. Time Overrun is 23938 us[EOL]
[2026-09-22T07:27:01.499514Z][APM_I.barcodereader][W][2330306][135]CRTCyclicEvent.cpp:TimeMissed():101|Cycle miss in event CCSICombinedRepManager. Time Overrun is 23938 us[EOL]
[2026-09-22T07:27:01.539532Z][APM_I.barcodereader][W][2330306][135]CRTCyclicEvent.cpp:TimeMissed():101|Cycle miss in event CCSICyclicRepManager. Time Overrun is 534562 us[EOL]
[2026-09-22T07:27:01.824010Z][APM_I.barcodereader][W][2330306][135]CRTCyclicEvent.cpp:TimeMissed():101|Cycle miss in event CCSICombinedCmdManager Cyclic Event. Time Overrun is 118469 us[EOL]
[2026-09-22T07:27:01.824042Z][APM_I.barcodereader][W][2330306][135]CRTCyclicEvent.cpp:TimeMissed():101|Cycle miss in event CCSICombinedRepManager. Time Overrun is 118469 us[EOL]
[2026-09-22T07:27:01.957767Z][APM_I.barcodereader][W][2330306][135]CRTCyclicEvent.cpp:TimeMissed():101|Cycle miss in event CCSICombinedCmdManager Cyclic Event. Time Overrun is 22228 us[EOL]
[2026-09-22T07:27:01.957806Z][APM_I.barcodereader][W][2330306][135]CRTCyclicEvent.cpp:TimeMissed():101|Cycle miss in event CCSICombinedRepManager. Time Overrun is 22228 us[EOL]
[2026-09-22T07:27:01.957933Z][APM_I.newgen-amplificationplatemagazine][W][2330306][144]CRTCyclicEvent.cpp:TimeMissed():101|Cycle miss in event CCSICombinedCmdManager Cyclic Event. Time Overrun is 22399 us[EOL]
[2026-09-22T07:27:01.957967Z][APM_I.newgen-amplificationplatemagazine][W][2330306][144]CRTCyclicEvent.cpp:TimeMissed():101|Cycle miss in event CCSICombinedRepManager. Time Overrun is 22399 us[EOL]
[2026-09-22T07:27:02.173366Z][APM_I.newgen-amplificationplatemagazine][W][2330306][144]CRTCyclicEvent.cpp:TimeMissed():101|Cycle miss in event CCSICyclicRepManager. Time Overrun is 104028 us[EOL]
[2026-09-22T07:27:02.174076Z][APM_I.newgen-amplificationplatemagazine][W][2330306][144]CRTCyclicEvent.cpp:TimeMissed():101|Cycle miss in event CCSICombinedCmdManager Cyclic Event. Time Overrun is 98542 us[EOL]
[2026-09-22T07:27:02.174101Z][APM_I.newgen-amplificationplatemagazine][W][2330306][144]CRTCyclicEvent.cpp:TimeMissed():101|Cycle miss in event CCSICombinedRepManager. Time Overrun is 98542 us[EOL]
[2026-09-22T07:27:02.331955Z][APM_I.newgen-amplificationplatemagazine][W][2330306][144]CRTCyclicEvent.cpp:TimeMissed():101|Cycle miss in event CCSICombinedCmdManager Cyclic Event. Time Overrun is 26416 us[EOL]
[2026-09-22T07:27:02.332032Z][APM_I.newgen-amplificationplatemagazine][W][2330306][144]CRTCyclicEvent.cpp:TimeMissed():101|Cycle miss in event CCSICombinedRepManager. Time Overrun is 26416 us[EOL]
[2026-09-22T07:27:02.456198Z][APM_I.newgen-amplificationplatemagazine][W][2330306][144]CRTCyclicEvent.cpp:TimeMissed():101|Cycle miss in event CCSICombinedCmdManager Cyclic Event. Time Overrun is 10662 us[EOL]
[2026-09-22T07:27:02.456227Z][APM_I.newgen-amplificationplatemagazine][W][2330306][144]CRTCyclicEvent.cpp:TimeMissed():101|Cycle miss in event CCSICombinedRepManager. Time Overrun is 10662 us[EOL]
[2026-09-22T07:27:02.174189Z][APM_I.barcodereader][W][2330306][135]CRTCyclicEvent.cpp:TimeMissed():101|Cycle miss in event CCSICombinedCmdManager Cyclic Event. Time Overrun is 98646 us[EOL]
[2026-09-22T07:27:02.174238Z][APM_I.barcodereader][W][2330306][135]CRTCyclicEvent.cpp:TimeMissed():101|Cycle miss in event CCSICombinedRepManager. Time Overrun is 98646 us[EOL]
[2026-09-22T07:27:02.291203Z][APM_I.barcodereader][W][2330306][135]CRTCyclicEvent.cpp:TimeMissed():101|Cycle miss in event CCSICombinedCmdManager Cyclic Event. Time Overrun is 5661 us[EOL]
[2026-09-22T07:27:02.291239Z][APM_I.barcodereader][W][2330306][135]CRTCyclicEvent.cpp:TimeMissed():101|Cycle miss in event CCSICombinedRepManager. Time Overrun is 5661 us[EOL]
[2026-09-22T07:27:02.408318Z][APM_I.barcodereader][W][2330306][135]CRTCyclicEvent.cpp:TimeMissed():101|Cycle miss in event CCSICombinedCmdManager Cyclic Event. Time Overrun is 2775 us[EOL]
[2026-09-22T07:27:02.408350Z][APM_I.barcodereader][W][2330306][135]CRTCyclicEvent.cpp:TimeMissed():101|Cycle miss in event CCSICombinedRepManager. Time Overrun is 2775 us[EOL]
[2026-09-22T07:27:02.558404Z][APM_I.barcodereader][W][2330306][135]CRTCyclicEvent.cpp:TimeMissed():101|Cycle miss in event CCSICombinedCmdManager Cyclic Event. Time Overrun is 32861 us[EOL]
[2026-09-22T07:27:02.558436Z][APM_I.barcodereader][W][2330306][135]CRTCyclicEvent.cpp:TimeMissed():101|Cycle miss in event CCSICombinedRepManager. Time Overrun is 32861 us[EOL]
[2026-09-22T07:27:03.362109Z][APM_I.newgen-amplificationplatemagazine][W][2330306][144]CRTCyclicEvent.cpp:TimeMissed():101|Cycle miss in event CCSICombinedCmdManager Cyclic Event. Time Overrun is 106569 us[EOL]
[2026-09-22T07:27:03.362170Z][APM_I.newgen-amplificationplatemagazine][W][2330306][144]CRTCyclicEvent.cpp:TimeMissed():101|Cycle miss in event CCSICombinedRepManager. Time Overrun is 106569 us[EOL]
[2026-09-22T07:27:03.609358Z][APM_I.newgen-amplificationplatemagazine][W][2330306][144]CRTCyclicEvent.cpp:TimeMissed():101|Cycle miss in event CCSICombinedCmdManager Cyclic Event. Time Overrun is 123816 us[EOL]
[2026-09-22T07:27:03.609419Z][APM_I.newgen-amplificationplatemagazine][W][2330306][144]CRTCyclicEvent.cpp:TimeMissed():101|Cycle miss in event CCSICombinedRepManager. Time Overrun is 123816 us[EOL]
[2026-09-22T07:27:03.645038Z][APM_I.barcodereader][W][2330306][135]CRTCyclicEvent.cpp:TimeMissed():101|Cycle miss in event CCSICombinedCmdManager Cyclic Event. Time Overrun is 9438 us[EOL]
[2026-09-22T07:27:03.645082Z][APM_I.barcodereader][W][2330306][135]CRTCyclicEvent.cpp:TimeMissed():101|Cycle miss in event CCSICombinedRepManager. Time Overrun is 9438 us[EOL]
[2026-09-22T07:27:03.886744Z][APM_I.newgen-amplificationplatemagazine][W][2330306][144]CRTCyclicEvent.cpp:TimeMissed():101|Cycle miss in event CCSICombinedCmdManager Cyclic Event. Time Overrun is 11208 us[EOL]
[2026-09-22T07:27:03.886779Z][APM_I.newgen-amplificationplatemagazine][W][2330306][144]CRTCyclicEvent.cpp:TimeMissed():101|Cycle miss in event CCSICombinedRepManager. Time Overrun is 11208 us[EOL]
[2026-09-22T07:27:04.079771Z][APM_I.newgen-amplificationplatemagazine][W][2330306][144]CRTCyclicEvent.cpp:TimeMissed():101|Cycle miss in event CCSICombinedCmdManager Cyclic Event. Time Overrun is 64234 us[EOL]
[2026-09-22T07:27:04.079809Z][APM_I.newgen-amplificationplatemagazine][W][2330306][144]CRTCyclicEvent.cpp:TimeMissed():101|Cycle miss in event CCSICombinedRepManager. Time Overrun is 64234 us[EOL]
[2026-09-22T07:27:04.382244Z][APM_I.newgen-amplificationplatemagazine][W][2330306][144]CRTCyclicEvent.cpp:TimeMissed():101|Cycle miss in event CCSICombinedCmdManager Cyclic Event. Time Overrun is 106702 us[EOL]
[2026-09-22T07:27:04.382336Z][APM_I.newgen-amplificationplatemagazine][W][2330306][144]CRTCyclicEvent.cpp:TimeMissed():101|Cycle miss in event CCSICombinedRepManager. Time Overrun is 106702 us[EOL]
[2026-09-22T07:27:04.392703Z][APM_I.newgen-amplificationplatemagazine][W][2330306][144]CRTCyclicEvent.cpp:TimeMissed():101|Cycle miss in event CCSICyclicRepManager. Time Overrun is 23360 us[EOL]
[2026-09-22T07:27:04.429979Z][APM_I.barcodereader][W][2330306][135]CRTCyclicEvent.cpp:TimeMissed():101|Cycle miss in event CCSICombinedCmdManager Cyclic Event. Time Overrun is 144439 us[EOL]
[2026-09-22T07:27:04.430016Z][APM_I.barcodereader][W][2330306][135]CRTCyclicEvent.cpp:TimeMissed():101|Cycle miss in event CCSICombinedRepManager. Time Overrun is 144439 us[EOL]
[2026-09-22T07:27:04.539968Z][APM_I.newgen-amplificationplatemagazine][W][2330306][144]CRTCyclicEvent.cpp:TimeMissed():101|Cycle miss in event CCSICombinedCmdManager Cyclic Event. Time Overrun is 44432 us[EOL]
[2026-09-22T07:27:04.540006Z][APM_I.newgen-amplificationplatemagazine][W][2330306][144]CRTCyclicEvent.cpp:TimeMissed():101|Cycle miss in event CCSICombinedRepManager. Time Overrun is 44432 us[EOL]
[2026-09-22T07:27:04.686405Z][APM_I.newgen-amplificationplatemagazine][W][2330306][144]CRTCyclicEvent.cpp:TimeMissed():101|Cycle miss in event CCSICombinedCmdManager Cyclic Event. Time Overrun is 30867 us[EOL]
[2026-09-22T07:27:04.686462Z][APM_I.newgen-amplificationplatemagazine][W][2330306][144]CRTCyclicEvent.cpp:TimeMissed():101|Cycle miss in event CCSICombinedRepManager. Time Overrun is 30867 us[EOL]
[2026-09-22T07:27:04.722866Z][APM_I.barcodereader][W][2330306][135]CRTCyclicEvent.cpp:TimeMissed():101|Cycle miss in event CCSICombinedCmdManager Cyclic Event. Time Overrun is 157326 us[EOL]
[2026-09-22T07:27:04.722900Z][APM_I.barcodereader][W][2330306][135]CRTCyclicEvent.cpp:TimeMissed():101|Cycle miss in event CCSICombinedRepManager. Time Overrun is 157326 us[EOL]
[2026-09-22T07:27:04.723069Z][APM_I.barcodereader][W][2330306][135]CRTCyclicEvent.cpp:TimeMissed():101|Cycle miss in event CCSICyclicRepManager. Time Overrun is 18108 us[EOL]
[2026-09-22T07:27:04.873530Z][APM_I.newgen-amplificationplatemagazine][W][2330306][144]CRTCyclicEvent.cpp:TimeMissed():101|Cycle miss in event CCSICombinedCmdManager Cyclic Event. Time Overrun is 57992 us[EOL]
[2026-09-22T07:27:04.873579Z][APM_I.newgen-amplificationplatemagazine][W][2330306][144]CRTCyclicEvent.cpp:TimeMissed():101|Cycle miss in event CCSICombinedRepManager. Time Overrun is 57992 us[EOL]
[2026-09-22T07:27:04.873361Z][APM_I.barcodereader][W][2330306][135]CRTCyclicEvent.cpp:TimeMissed():101|Cycle miss in event CCSICombinedCmdManager Cyclic Event. Time Overrun is 37819 us[EOL]
[2026-09-22T07:27:04.873434Z][APM_I.barcodereader][W][2330306][135]CRTCyclicEvent.cpp:TimeMissed():101|Cycle miss in event CCSICombinedRepManager. Time Overrun is 37819 us[EOL]
[2026-09-22T07:27:08.917595Z][APM_I.newgen-amplificationplatemagazine][W][2330306][144]CRTCyclicEvent.cpp:TimeMissed():101|Cycle miss in event CCSICombinedCmdManager Cyclic Event. Time Overrun is 3932062 us[EOL]
[2026-09-22T07:27:08.917667Z][APM_I.newgen-amplificationplatemagazine][W][2330306][144]CRTCyclicEvent.cpp:TimeMissed():101|Cycle miss in event CCSICombinedRepManager. Time Overrun is 3932062 us[EOL]
[2026-09-22T07:27:08.918296Z][APM_I.newgen-amplificationplatemagazine][W][2330306][144]CRTCyclicEvent.cpp:TimeMissed():101|Cycle miss in event CCSICyclicRepManager. Time Overrun is 3348961 us[EOL]
[2026-09-22T07:27:08.516236Z][APM_I.barcodereader][W][2330306][135]CRTCyclicEvent.cpp:TimeMissed():101|Cycle miss in event CCSICyclicRepManager. Time Overrun is 1411268 us[EOL]
[2026-09-22T07:27:08.917721Z][APM_I.barcodereader][W][2330306][135]CRTCyclicEvent.cpp:TimeMissed():101|Cycle miss in event CCSICombinedCmdManager Cyclic Event. Time Overrun is 3932181 us[EOL]
[2026-09-22T07:27:08.917748Z][APM_I.barcodereader][W][2330306][135]CRTCyclicEvent.cpp:TimeMissed():101|Cycle miss in event CCSICombinedRepManager. Time Overrun is 3932181 us[EOL]
[2026-09-22T07:27:09.367133Z][APM_I.newgen-amplificationplatemagazine][W][2330306][144]CRTCyclicEvent.cpp:TimeMissed():101|Cycle miss in event CCSICombinedCmdManager Cyclic Event. Time Overrun is 51561 us[EOL]
[2026-09-22T07:27:09.367248Z][APM_I.newgen-amplificationplatemagazine][W][2330306][144]CRTCyclicEvent.cpp:TimeMissed():101|Cycle miss in event CCSICombinedRepManager. Time Overrun is 51561 us[EOL]
[2026-09-22T07:27:09.564141Z][APM_I.barcodereader][W][2330306][135]CRTCyclicEvent.cpp:TimeMissed():101|Cycle miss in event CCSICombinedCmdManager Cyclic Event. Time Overrun is 128594 us[EOL]
[2026-09-22T07:27:09.564225Z][APM_I.barcodereader][W][2330306][135]CRTCyclicEvent.cpp:TimeMissed():101|Cycle miss in event CCSICombinedRepManager. Time Overrun is 128594 us[EOL]
[2026-09-22T07:27:09.563705Z][APM_I.newgen-amplificationplatemagazine][W][2330306][144]CRTCyclicEvent.cpp:TimeMissed():101|Cycle miss in event CCSICombinedCmdManager Cyclic Event. Time Overrun is 78164 us[EOL]
[2026-09-22T07:27:09.563756Z][APM_I.newgen-amplificationplatemagazine][W][2330306][144]CRTCyclicEvent.cpp:TimeMissed():101|Cycle miss in event CCSICombinedRepManager. Time Overrun is 78164 us[EOL]
[2026-09-22T07:27:12.342646Z][APM_I.newgen-amplificationplatemagazine][W][2330306][144]CRTCyclicEvent.cpp:TimeMissed():101|Cycle miss in event CCSICombinedCmdManager Cyclic Event. Time Overrun is 2667109 us[EOL]
[2026-09-22T07:27:12.342677Z][APM_I.newgen-amplificationplatemagazine][W][2330306][144]CRTCyclicEvent.cpp:TimeMissed():101|Cycle miss in event CCSICombinedRepManager. Time Overrun is 2667109 us[EOL]
[2026-09-22T07:27:14.126987Z][APM_I.barcodereader][W][2330306][135]CRTCyclicEvent.cpp:TimeMissed():101|Cycle miss in event CCSICyclicRepManager. Time Overrun is 4422022 us[EOL]
[2026-09-22T07:27:14.132339Z][APM_I.newgen-amplificationplatemagazine][W][2330306][144]CRTCyclicEvent.cpp:TimeMissed():101|Cycle miss in event CCSICombinedCmdManager Cyclic Event. Time Overrun is 106805 us[EOL]
[2026-09-22T07:27:14.132362Z][APM_I.barcodereader][W][2330306][135]CRTCyclicEvent.cpp:TimeMissed():101|Cycle miss in event CCSICombinedCmdManager Cyclic Event. Time Overrun is 106820 us[EOL]
[2026-09-22T07:27:14.132367Z][APM_I.newgen-amplificationplatemagazine][W][2330306][144]CRTCyclicEvent.cpp:TimeMissed():101|Cycle miss in event CCSICombinedRepManager. Time Overrun is 106805 us[EOL]
[2026-09-22T07:27:14.132394Z][APM_I.barcodereader][W][2330306][135]CRTCyclicEvent.cpp:TimeMissed():101|Cycle miss in event CCSICombinedRepManager. Time Overrun is 106820 us[EOL]
[2026-09-22T07:27:14.263270Z][APM_I.barcodereader][W][2330306][135]CRTCyclicEvent.cpp:TimeMissed():101|Cycle miss in event CCSICombinedCmdManager Cyclic Event. Time Overrun is 17729 us[EOL]
[2026-09-22T07:27:14.263306Z][APM_I.barcodereader][W][2330306][135]CRTCyclicEvent.cpp:TimeMissed():101|Cycle miss in event CCSICombinedRepManager. Time Overrun is 17729 us[EOL]
[2026-09-22T07:27:14.468069Z][APM_I.barcodereader][W][2330306][135]CRTCyclicEvent.cpp:TimeMissed():101|Cycle miss in event CCSICombinedCmdManager Cyclic Event. Time Overrun is 92525 us[EOL]
[2026-09-22T07:27:14.468114Z][APM_I.barcodereader][W][2330306][135]CRTCyclicEvent.cpp:TimeMissed():101|Cycle miss in event CCSICombinedRepManager. Time Overrun is 92525 us[EOL]
[2026-09-22T07:27:14.621071Z][APM_I.barcodereader][W][2330306][135]CRTCyclicEvent.cpp:TimeMissed():101|Cycle miss in event CCSICombinedCmdManager Cyclic Event. Time Overrun is 35534 us[EOL]
[2026-09-22T07:27:14.621090Z][APM_I.barcodereader][W][2330306][135]CRTCyclicEvent.cpp:TimeMissed():101|Cycle miss in event CCSICombinedRepManager. Time Overrun is 35534 us[EOL]
[2026-09-22T07:27:14.856505Z][APM_I.barcodereader][W][2330306][135]CRTCyclicEvent.cpp:TimeMissed():101|Cycle miss in event CCSICombinedCmdManager Cyclic Event. Time Overrun is 120967 us[EOL]
[2026-09-22T07:27:14.856526Z][APM_I.barcodereader][W][2330306][135]CRTCyclicEvent.cpp:TimeMissed():101|Cycle miss in event CCSICombinedRepManager. Time Overrun is 120967 us[EOL]
[2026-09-22T07:27:14.856117Z][APM_I.newgen-amplificationplatemagazine][W][2330306][144]CRTCyclicEvent.cpp:TimeMissed():101|Cycle miss in event CCSICombinedCmdManager Cyclic Event. Time Overrun is 120581 us[EOL]
[2026-09-22T07:27:14.856168Z][APM_I.newgen-amplificationplatemagazine][W][2330306][144]CRTCyclicEvent.cpp:TimeMissed():101|Cycle miss in event CCSICombinedRepManager. Time Overrun is 120581 us[EOL]
[2026-09-22T07:27:14.986421Z][APM_I.newgen-amplificationplatemagazine][W][2330306][144]CRTCyclicEvent.cpp:TimeMissed():101|Cycle miss in event CCSICombinedCmdManager Cyclic Event. Time Overrun is 10884 us[EOL]
[2026-09-22T07:27:15.010535Z][APM_I.barcodereader][W][2330306][135]CRTCyclicEvent.cpp:TimeMissed():101|Cycle miss in event CCSICombinedCmdManager Cyclic Event. Time Overrun is 34986 us[EOL]
[2026-09-22T07:27:15.010592Z][APM_I.barcodereader][W][2330306][135]CRTCyclicEvent.cpp:TimeMissed():101|Cycle miss in event CCSICombinedRepManager. Time Overrun is 34986 us[EOL]
[2026-09-22T07:27:14.986465Z][APM_I.newgen-amplificationplatemagazine][W][2330306][144]CRTCyclicEvent.cpp:TimeMissed():101|Cycle miss in event CCSICombinedRepManager. Time Overrun is 10884 us[EOL]
[2026-09-22T07:27:15.203994Z][APM_I.newgen-amplificationplatemagazine][W][2330306][144]CRTCyclicEvent.cpp:TimeMissed():101|Cycle miss in event CCSICombinedCmdManager Cyclic Event. Time Overrun is 98456 us[EOL]
[2026-09-22T07:27:15.204050Z][APM_I.newgen-amplificationplatemagazine][W][2330306][144]CRTCyclicEvent.cpp:TimeMissed():101|Cycle miss in event CCSICombinedRepManager. Time Overrun is 98456 us[EOL]
[2026-09-22T07:27:15.201619Z][APM_I.barcodereader][W][2330306][135]CRTCyclicEvent.cpp:TimeMissed():101|Cycle miss in event CCSICombinedCmdManager Cyclic Event. Time Overrun is 76080 us[EOL]
[2026-09-22T07:27:15.201666Z][APM_I.barcodereader][W][2330306][135]CRTCyclicEvent.cpp:TimeMissed():101|Cycle miss in event CCSICombinedRepManager. Time Overrun is 76080 us[EOL]
[2026-09-22T07:27:15.453190Z][APM_I.newgen-amplificationplatemagazine][W][2330306][144]CRTCyclicEvent.cpp:TimeMissed():101|Cycle miss in event CCSICombinedCmdManager Cyclic Event. Time Overrun is 117654 us[EOL]
[2026-09-22T07:27:15.453268Z][APM_I.newgen-amplificationplatemagazine][W][2330306][144]CRTCyclicEvent.cpp:TimeMissed():101|Cycle miss in event CCSICombinedRepManager. Time Overrun is 117654 us[EOL]
[2026-09-22T07:27:15.453466Z][APM_I.barcodereader][W][2330306][135]CRTCyclicEvent.cpp:TimeMissed():101|Cycle miss in event CCSICombinedCmdManager Cyclic Event. Time Overrun is 117926 us[EOL]
[2026-09-22T07:27:15.453499Z][APM_I.barcodereader][W][2330306][135]CRTCyclicEvent.cpp:TimeMissed():101|Cycle miss in event CCSICombinedRepManager. Time Overrun is 117926 us[EOL]
[2026-09-22T07:27:15.618177Z][APM_I.newgen-amplificationplatemagazine][W][2330306][144]CRTCyclicEvent.cpp:TimeMissed():101|Cycle miss in event CCSICombinedCmdManager Cyclic Event. Time Overrun is 2641 us[EOL]
[2026-09-22T07:27:15.618208Z][APM_I.newgen-amplificationplatemagazine][W][2330306][144]CRTCyclicEvent.cpp:TimeMissed():101|Cycle miss in event CCSICombinedRepManager. Time Overrun is 2641 us[EOL]
[2026-09-22T07:27:15.618146Z][APM_I.barcodereader][W][2330306][135]CRTCyclicEvent.cpp:TimeMissed():101|Cycle miss in event CCSICombinedCmdManager Cyclic Event. Time Overrun is 2609 us[EOL]
[2026-09-22T07:27:15.618167Z][APM_I.barcodereader][W][2330306][135]CRTCyclicEvent.cpp:TimeMissed():101|Cycle miss in event CCSICombinedRepManager. Time Overrun is 2609 us[EOL]
[2026-09-22T07:27:15.791272Z][APM_I.newgen-amplificationplatemagazine][W][2330306][144]CRTCyclicEvent.cpp:TimeMissed():101|Cycle miss in event CCSICombinedCmdManager Cyclic Event. Time Overrun is 55735 us[EOL]
[2026-09-22T07:27:15.791304Z][APM_I.newgen-amplificationplatemagazine][W][2330306][144]CRTCyclicEvent.cpp:TimeMissed():101|Cycle miss in event CCSICombinedRepManager. Time Overrun is 55735 us[EOL]
[2026-09-22T07:27:15.896534Z][APM_I.barcodereader][W][2330306][135]CRTCyclicEvent.cpp:TimeMissed():101|Cycle miss in event CCSICombinedCmdManager Cyclic Event. Time Overrun is 997 us[EOL]
[2026-09-22T07:27:15.896558Z][APM_I.barcodereader][W][2330306][135]CRTCyclicEvent.cpp:TimeMissed():101|Cycle miss in event CCSICombinedRepManager. Time Overrun is 997 us[EOL]
[2026-09-22T07:27:15.953402Z][APM_I.newgen-amplificationplatemagazine][W][2330306][144]CRTCyclicEvent.cpp:TimeMissed():101|Cycle miss in event CCSICombinedCmdManager Cyclic Event. Time Overrun is 37868 us[EOL]
[2026-09-22T07:27:15.953435Z][APM_I.newgen-amplificationplatemagazine][W][2330306][144]CRTCyclicEvent.cpp:TimeMissed():101|Cycle miss in event CCSICombinedRepManager. Time Overrun is 37868 us[EOL]
[2026-09-22T07:27:16.053834Z][APM_I.barcodereader][W][2330306][135]CRTCyclicEvent.cpp:TimeMissed():101|Cycle miss in event CCSICombinedCmdManager Cyclic Event. Time Overrun is 28295 us[EOL]
[2026-09-22T07:27:16.053873Z][APM_I.barcodereader][W][2330306][135]CRTCyclicEvent.cpp:TimeMissed():101|Cycle miss in event CCSICombinedRepManager. Time Overrun is 28295 us[EOL]
[2026-09-22T07:27:16.128061Z][APM_I.newgen-amplificationplatemagazine][W][2330306][144]CRTCyclicEvent.cpp:TimeMissed():101|Cycle miss in event CCSICombinedCmdManager Cyclic Event. Time Overrun is 52526 us[EOL]
[2026-09-22T07:27:16.128099Z][APM_I.newgen-amplificationplatemagazine][W][2330306][144]CRTCyclicEvent.cpp:TimeMissed():101|Cycle miss in event CCSICombinedRepManager. Time Overrun is 52526 us[EOL]
[2026-09-22T07:27:16.258973Z][APM_I.newgen-amplificationplatemagazine][W][2330306][144]CRTCyclicEvent.cpp:TimeMissed():101|Cycle miss in event CCSICombinedCmdManager Cyclic Event. Time Overrun is 13437 us[EOL]
[2026-09-22T07:27:16.656986Z][APM_I.barcodereader][W][2330306][135]CRTCyclicEvent.cpp:TimeMissed():101|Cycle miss in event CCSICombinedCmdManager Cyclic Event. Time Overrun is 481443 us[EOL]
[2026-09-22T07:27:16.259005Z][APM_I.newgen-amplificationplatemagazine][W][2330306][144]CRTCyclicEvent.cpp:TimeMissed():101|Cycle miss in event CCSICombinedRepManager. Time Overrun is 13437 us[EOL]
[2026-09-22T07:27:16.657031Z][APM_I.barcodereader][W][2330306][135]CRTCyclicEvent.cpp:TimeMissed():101|Cycle miss in event CCSICombinedRepManager. Time Overrun is 481443 us[EOL]
[2026-09-22T07:27:17.240970Z][APM_I.barcodereader][W][2330306][135]CRTCyclicEvent.cpp:TimeMissed():101|Cycle miss in event CCSICombinedCmdManager Cyclic Event. Time Overrun is 465431 us[EOL]
[2026-09-22T07:27:17.243445Z][APM_I.newgen-amplificationplatemagazine][W][2330306][144]CRTCyclicEvent.cpp:TimeMissed():101|Cycle miss in event CCSICombinedCmdManager Cyclic Event. Time Overrun is 557899 us[EOL]
[2026-09-22T07:27:17.241000Z][APM_I.barcodereader][W][2330306][135]CRTCyclicEvent.cpp:TimeMissed():101|Cycle miss in event CCSICombinedRepManager. Time Overrun is 465431 us[EOL]
[2026-09-22T07:27:17.243498Z][APM_I.newgen-amplificationplatemagazine][W][2330306][144]CRTCyclicEvent.cpp:TimeMissed():101|Cycle miss in event CCSICombinedRepManager. Time Overrun is 557899 us[EOL]
[2026-09-22T07:27:17.243639Z][APM_I.barcodereader][W][2330306][135]CRTCyclicEvent.cpp:TimeMissed():101|Cycle miss in event CCSICyclicRepManager. Time Overrun is 438655 us[EOL]
[2026-09-22T07:27:17.372787Z][APM_I.barcodereader][W][2330306][135]CRTCyclicEvent.cpp:TimeMissed():101|Cycle miss in event CCSICombinedCmdManager Cyclic Event. Time Overrun is 17225 us[EOL]
[2026-09-22T07:27:17.244080Z][APM_I.newgen-amplificationplatemagazine][W][2330306][144]CRTCyclicEvent.cpp:TimeMissed():101|Cycle miss in event CCSICyclicRepManager. Time Overrun is 374730 us[EOL]
[2026-09-22T07:27:17.372826Z][APM_I.barcodereader][W][2330306][135]CRTCyclicEvent.cpp:TimeMissed():101|Cycle miss in event CCSICombinedRepManager. Time Overrun is 17225 us[EOL]
[2026-09-22T07:27:17.372724Z][APM_I.newgen-amplificationplatemagazine][W][2330306][144]CRTCyclicEvent.cpp:TimeMissed():101|Cycle miss in event CCSICombinedCmdManager Cyclic Event. Time Overrun is 17185 us[EOL]
[2026-09-22T07:27:17.372765Z][APM_I.newgen-amplificationplatemagazine][W][2330306][144]CRTCyclicEvent.cpp:TimeMissed():101|Cycle miss in event CCSICombinedRepManager. Time Overrun is 17185 us[EOL]
[2026-09-22T07:27:17.509621Z][APM_I.newgen-amplificationplatemagazine][W][2330306][144]CRTCyclicEvent.cpp:TimeMissed():101|Cycle miss in event CCSICombinedCmdManager Cyclic Event. Time Overrun is 24087 us[EOL]
[2026-09-22T07:27:17.759264Z][APM_I.barcodereader][W][2330306][135]CRTCyclicEvent.cpp:TimeMissed():101|Cycle miss in event CCSICombinedCmdManager Cyclic Event. Time Overrun is 73725 us[EOL]
[2026-09-22T07:27:17.759417Z][APM_I.barcodereader][W][2330306][135]CRTCyclicEvent.cpp:TimeMissed():101|Cycle miss in event CCSICombinedRepManager. Time Overrun is 73725 us[EOL]
[2026-09-22T07:27:17.509644Z][APM_I.newgen-amplificationplatemagazine][W][2330306][144]CRTCyclicEvent.cpp:TimeMissed():101|Cycle miss in event CCSICombinedRepManager. Time Overrun is 24087 us[EOL]
[2026-09-22T07:27:17.954327Z][APM_I.barcodereader][W][2330306][135]CRTCyclicEvent.cpp:TimeMissed():101|Cycle miss in event CCSICombinedCmdManager Cyclic Event. Time Overrun is 78777 us[EOL]
[2026-09-22T07:27:17.954373Z][APM_I.barcodereader][W][2330306][135]CRTCyclicEvent.cpp:TimeMissed():101|Cycle miss in event CCSICombinedRepManager. Time Overrun is 78777 us[EOL]
[2026-09-22T07:27:17.823690Z][APM_I.newgen-amplificationplatemagazine][W][2330306][144]CRTCyclicEvent.cpp:TimeMissed():101|Cycle miss in event CCSICombinedCmdManager Cyclic Event. Time Overrun is 8157 us[EOL]
[2026-09-22T07:27:17.823717Z][APM_I.newgen-amplificationplatemagazine][W][2330306][144]CRTCyclicEvent.cpp:TimeMissed():101|Cycle miss in event CCSICombinedRepManager. Time Overrun is 8157 us[EOL]
[2026-09-22T07:27:18.100357Z][APM_I.barcodereader][W][2330306][135]CRTCyclicEvent.cpp:TimeMissed():101|Cycle miss in event CCSICombinedCmdManager Cyclic Event. Time Overrun is 34819 us[EOL]
[2026-09-22T07:27:18.223401Z][APM_I.newgen-amplificationplatemagazine][W][2330306][144]CRTCyclicEvent.cpp:TimeMissed():101|Cycle miss in event CCSICombinedCmdManager Cyclic Event. Time Overrun is 107860 us[EOL]
[2026-09-22T07:27:18.223472Z][APM_I.newgen-amplificationplatemagazine][W][2330306][144]CRTCyclicEvent.cpp:TimeMissed():101|Cycle miss in event CCSICombinedRepManager. Time Overrun is 107860 us[EOL]
[2026-09-22T07:27:18.100381Z][APM_I.barcodereader][W][2330306][135]CRTCyclicEvent.cpp:TimeMissed():101|Cycle miss in event CCSICombinedRepManager. Time Overrun is 34819 us[EOL]
[2026-09-22T07:27:18.222945Z][APM_I.barcodereader][W][2330306][135]CRTCyclicEvent.cpp:TimeMissed():101|Cycle miss in event CCSICombinedCmdManager Cyclic Event. Time Overrun is 7402 us[EOL]
[2026-09-22T07:27:18.222982Z][APM_I.barcodereader][W][2330306][135]CRTCyclicEvent.cpp:TimeMissed():101|Cycle miss in event CCSICombinedRepManager. Time Overrun is 7402 us[EOL]
[2026-09-22T07:27:18.351028Z][APM_I.newgen-amplificationplatemagazine][W][2330306][144]CRTCyclicEvent.cpp:TimeMissed():101|Cycle miss in event CCSICombinedCmdManager Cyclic Event. Time Overrun is 15493 us[EOL]
[2026-09-22T07:27:18.351083Z][APM_I.barcodereader][W][2330306][135]CRTCyclicEvent.cpp:TimeMissed():101|Cycle miss in event CCSICombinedCmdManager Cyclic Event. Time Overrun is 15543 us[EOL]
[2026-09-22T07:27:18.351062Z][APM_I.newgen-amplificationplatemagazine][W][2330306][144]CRTCyclicEvent.cpp:TimeMissed():101|Cycle miss in event CCSICombinedRepManager. Time Overrun is 15493 us[EOL]
[2026-09-22T07:27:18.351124Z][APM_I.barcodereader][W][2330306][135]CRTCyclicEvent.cpp:TimeMissed():101|Cycle miss in event CCSICombinedRepManager. Time Overrun is 15543 us[EOL]
[2026-09-22T07:27:18.481938Z][APM_I.barcodereader][W][2330306][135]CRTCyclicEvent.cpp:TimeMissed():101|Cycle miss in event CCSICombinedCmdManager Cyclic Event. Time Overrun is 6398 us[EOL]
[2026-09-22T07:27:18.482026Z][APM_I.barcodereader][W][2330306][135]CRTCyclicEvent.cpp:TimeMissed():101|Cycle miss in event CCSICombinedRepManager. Time Overrun is 6398 us[EOL]
[2026-09-22T07:27:18.481864Z][APM_I.newgen-amplificationplatemagazine][W][2330306][144]CRTCyclicEvent.cpp:TimeMissed():101|Cycle miss in event CCSICombinedCmdManager Cyclic Event. Time Overrun is 6330 us[EOL]
[2026-09-22T07:27:18.481898Z][APM_I.newgen-amplificationplatemagazine][W][2330306][144]CRTCyclicEvent.cpp:TimeMissed():101|Cycle miss in event CCSICombinedRepManager. Time Overrun is 6330 us[EOL]
[2026-09-22T07:27:18.691267Z][APM_I.barcodereader][W][2330306][135]CRTCyclicEvent.cpp:TimeMissed():101|Cycle miss in event CCSICombinedCmdManager Cyclic Event. Time Overrun is 65728 us[EOL]
[2026-09-22T07:27:18.691193Z][APM_I.newgen-amplificationplatemagazine][W][2330306][144]CRTCyclicEvent.cpp:TimeMissed():101|Cycle miss in event CCSICombinedCmdManager Cyclic Event. Time Overrun is 65657 us[EOL]
[2026-09-22T07:27:18.691226Z][APM_I.newgen-amplificationplatemagazine][W][2330306][144]CRTCyclicEvent.cpp:TimeMissed():101|Cycle miss in event CCSICombinedRepManager. Time Overrun is 65657 us[EOL]
[2026-09-22T07:27:18.691299Z][APM_I.barcodereader][W][2330306][135]CRTCyclicEvent.cpp:TimeMissed():101|Cycle miss in event CCSICombinedRepManager. Time Overrun is 65728 us[EOL]
[2026-09-22T07:27:18.827860Z][APM_I.barcodereader][W][2330306][135]CRTCyclicEvent.cpp:TimeMissed():101|Cycle miss in event CCSICombinedCmdManager Cyclic Event. Time Overrun is 2321 us[EOL]
[2026-09-22T07:27:18.827885Z][APM_I.barcodereader][W][2330306][135]CRTCyclicEvent.cpp:TimeMissed():101|Cycle miss in event CCSICombinedRepManager. Time Overrun is 2321 us[EOL]
[2026-09-22T07:27:19.025466Z][APM_I.newgen-amplificationplatemagazine][W][2330306][144]CRTCyclicEvent.cpp:TimeMissed():101|Cycle miss in event CCSICombinedCmdManager Cyclic Event. Time Overrun is 199927 us[EOL]
[2026-09-22T07:27:19.025516Z][APM_I.newgen-amplificationplatemagazine][W][2330306][144]CRTCyclicEvent.cpp:TimeMissed():101|Cycle miss in event CCSICombinedRepManager. Time Overrun is 199927 us[EOL]
[2026-09-22T07:27:19.032053Z][APM_I.barcodereader][W][2330306][135]CRTCyclicEvent.cpp:TimeMissed():101|Cycle miss in event CCSICombinedCmdManager Cyclic Event. Time Overrun is 86512 us[EOL]
[2026-09-22T07:27:19.032085Z][APM_I.barcodereader][W][2330306][135]CRTCyclicEvent.cpp:TimeMissed():101|Cycle miss in event CCSICombinedRepManager. Time Overrun is 86512 us[EOL]
[2026-09-22T07:27:19.209249Z][APM_I.barcodereader][W][2330306][135]CRTCyclicEvent.cpp:TimeMissed():101|Cycle miss in event CCSICyclicRepManager. Time Overrun is 4284 us[EOL]
[2026-09-22T08:29:28.312476Z][APM_I.barcodereader][I][2330115][134]CRTArgumentParserBase.cpp:SetupLogFacility():200|System Logger Setup Done.[EOL]
[2026-09-22T08:29:28.324252Z][APM_I.barcodereader][I][1350078][134]CArgumentParserBase.cpp:ParseArguments():86|CSM version: 2.81.0.1340453_[EOL]
[2026-09-22T08:29:28.453677Z][APM_I.barcodereader][I][2330346][134]CRTSystemLogger.cpp:Activate():64|Realtime Logger created.[EOL]
[2026-09-22T08:29:28.453772Z][APM_I.barcodereader][N][2330110][134]CTLSF.cpp:TraceStatistics():105|TLSF Statistics: Initial pool size: 256000 Bytes, pool increased: 0 times, high watermark: 36240 bytes, currently used size: 36192 bytes.[EOL]
[2026-09-22T08:29:28.453795Z][APM_I.barcodereader][I][2330349][134]CRTEventSystemConfigurationDefault.cpp:TraceSetupDone():284|Realtime Context Setup Done. Sched Policy: SCHED_FIFO, Prio: 46, Timer Prio: 75, Middleware Prio: 76, CPU assigned by OS[EOL]
[2026-09-22T08:29:28.471389Z][APM_I.barcodereader][N][2330477][134]CConnectionHandler.cpp:RegisterConnection():104|Socket added to epoll with identifier 0x0 (0), file descriptor 11.[EOL]
[2026-09-22T08:29:28.518407Z][APM_I.barcodereader][N][2330477][134]CConnectionHandler.cpp:RegisterConnection():104|Socket added to epoll with identifier 0x0 (0), file descriptor 13.[EOL]
[2026-09-22T08:29:28.518468Z][APM_I.barcodereader][N][2330467][134]CDefaultStreamHandler.cpp:OnConnectionAccepted():405|New connection established. file descriptor 13[EOL]
[2026-09-22T08:29:28.518550Z][APM_I.barcodereader][N][2330470][134]CDefaultStreamHandler.cpp:OnClosing():424|Socket with file descriptor 13 has been disconnected[EOL]
[2026-09-22T08:29:28.518558Z][APM_I.barcodereader][N][2330478][134]CConnectionHandler.cpp:UnregisterConnection():127|Socket removed from epoll with identifier 0x0 (0), file descriptor 13.[EOL]
[2026-09-22T08:29:31.757734Z][APM_I.barcodereader][W][2330306][134]CRTCyclicEvent.cpp:TimeMissed():101|Cycle miss in event CCSICombinedCmdManager Cyclic Event. Time Overrun is 2296 us[EOL]
[2026-09-22T08:29:31.757852Z][APM_I.barcodereader][W][2330306][134]CRTCyclicEvent.cpp:TimeMissed():101|Cycle miss in event CCSICombinedRepManager. Time Overrun is 2296 us[EOL]
[2026-09-22T08:29:32.491959Z][APM_I.barcodereader][W][2330306][134]CRTCyclicEvent.cpp:TimeMissed():101|Cycle miss in event CCSICombinedCmdManager Cyclic Event. Time Overrun is 17599 us[EOL]
[2026-09-22T08:29:32.492041Z][APM_I.barcodereader][W][2330306][134]CRTCyclicEvent.cpp:TimeMissed():101|Cycle miss in event CCSICombinedRepManager. Time Overrun is 17599 us[EOL]
[2026-09-22T08:29:32.996155Z][APM_I.barcodereader][W][2330306][134]CRTCyclicEvent.cpp:TimeMissed():101|Cycle miss in event CCSICombinedCmdManager Cyclic Event. Time Overrun is 1807 us[EOL]
[2026-09-22T08:29:32.996209Z][APM_I.barcodereader][W][2330306][134]CRTCyclicEvent.cpp:TimeMissed():101|Cycle miss in event CCSICombinedRepManager. Time Overrun is 1807 us[EOL]
[2026-09-22T08:29:34.529710Z][APM_I.barcodereader][W][2330306][134]CRTCyclicEvent.cpp:TimeMissed():101|Cycle miss in event CCSICombinedCmdManager Cyclic Event. Time Overrun is 5370 us[EOL]
[2026-09-22T08:29:34.529780Z][APM_I.barcodereader][W][2330306][134]CRTCyclicEvent.cpp:TimeMissed():101|Cycle miss in event CCSICombinedRepManager. Time Overrun is 5370 us[EOL]
[2026-09-22T08:29:35.733224Z][APM_I.barcodereader][W][2330306][134]CRTCyclicEvent.cpp:TimeMissed():101|Cycle miss in event CCSICombinedCmdManager Cyclic Event. Time Overrun is 8885 us[EOL]
[2026-09-22T08:29:35.733266Z][APM_I.barcodereader][W][2330306][134]CRTCyclicEvent.cpp:TimeMissed():101|Cycle miss in event CCSICombinedRepManager. Time Overrun is 8885 us[EOL]
[2026-09-22T08:29:36.098114Z][APM_I.barcodereader][W][2330306][134]CRTCyclicEvent.cpp:TimeMissed():101|Cycle miss in event CCSICombinedCmdManager Cyclic Event. Time Overrun is 3774 us[EOL]
[2026-09-22T08:29:36.098229Z][APM_I.barcodereader][W][2330306][134]CRTCyclicEvent.cpp:TimeMissed():101|Cycle miss in event CCSICombinedRepManager. Time Overrun is 3774 us[EOL]
[2026-09-22T08:29:36.696869Z][APM_I.barcodereader][W][2330306][134]CRTCyclicEvent.cpp:TimeMissed():101|Cycle miss in event CCSICombinedCmdManager Cyclic Event. Time Overrun is 2524 us[EOL]
[2026-09-22T08:29:36.696918Z][APM_I.barcodereader][W][2330306][134]CRTCyclicEvent.cpp:TimeMissed():101|Cycle miss in event CCSICombinedRepManager. Time Overrun is 2524 us[EOL]
[2026-09-22T08:29:36.853023Z][APM_I.newgen-amplificationplatemagazine][I][2330115][140]CRTArgumentParserBase.cpp:SetupLogFacility():200|System Logger Setup Done.[EOL]
[2026-09-22T08:29:36.853469Z][APM_I.newgen-amplificationplatemagazine][I][1350078][140]CArgumentParserBase.cpp:ParseArguments():86|CSM version: 2.2.0.1340542_[EOL]
[2026-09-22T08:29:37.633287Z][APM_I.newgen-amplificationplatemagazine][I][2330346][140]CRTSystemLogger.cpp:Activate():64|Realtime Logger created.[EOL]
[2026-09-22T08:29:37.633340Z][APM_I.newgen-amplificationplatemagazine][N][2330110][140]CTLSF.cpp:TraceStatistics():105|TLSF Statistics: Initial pool size: 4194304 Bytes, pool increased: 0 times, high watermark: 170816 bytes, currently used size: 165104 bytes.[EOL]
[2026-09-22T08:29:37.633357Z][APM_I.newgen-amplificationplatemagazine][I][2330349][140]CRTEventSystemConfigurationDefault.cpp:TraceSetupDone():284|Realtime Context Setup Done. Sched Policy: SCHED_FIFO, Prio: 45, Timer Prio: 75, Middleware Prio: 76, CPU assigned by OS[EOL]
[2026-09-22T08:29:37.910309Z][APM_I.newgen-amplificationplatemagazine][I][1000053][140]CMotorLLCS.cpp:DoConfigure():192|Create BCI device with CDI: 0x114C01[EOL]
[2026-09-22T08:29:37.942963Z][APM_I.newgen-amplificationplatemagazine][I][6820011][140]CCSMApplication.cpp:RegisterDeviceController():217|Motion Event Handler registered![EOL]
[2026-09-22T08:29:38.004035Z][APM_I.newgen-amplificationplatemagazine][I][6820011][140]CCSMApplication.cpp:UserLevelApplicationInit():321|State machine instantiation done[EOL]
[2026-09-22T08:29:38.004084Z][APM_I.newgen-amplificationplatemagazine][I][6820011][140]CCSMApplication.cpp:UserLevelApplicationInit():327|XML path is: /opt/roche/config//settings/config/amplificationplatemagazine-parampool.xml[EOL]
[2026-09-22T08:29:38.075664Z][APM_I.newgen-amplificationplatemagazine][I][6820011][140]CCSMApplication.cpp:UserLevelApplicationInit():337|Parameter pool configuration done[EOL]
[2026-09-22T08:29:38.075729Z][APM_I.newgen-amplificationplatemagazine][I][6820011][140]CCSMApplication.cpp:UserLevelApplicationInit():359|Module configuration done[EOL]
[2026-09-22T08:29:38.110486Z][APM_I.newgen-amplificationplatemagazine][I][0][140]CCSMApplication.cpp:UserLevelApplicationInit():382|Loading ECC /opt/roche/config//settings/startup/ecc.xml, Config ID: AmplificationPlateMagazine_I[EOL]
[2026-09-22T08:29:38.132304Z][APM_I.barcodereader][W][2330306][134]CRTCyclicEvent.cpp:TimeMissed():101|Cycle miss in event CCSICombinedCmdManager Cyclic Event. Time Overrun is 7960 us[EOL]
[2026-09-22T08:29:38.132351Z][APM_I.barcodereader][W][2330306][134]CRTCyclicEvent.cpp:TimeMissed():101|Cycle miss in event CCSICombinedRepManager. Time Overrun is 7960 us[EOL]
[2026-09-22T08:29:38.832060Z][APM_I.newgen-amplificationplatemagazine][I][0][140]CCSMApplication.cpp:UserLevelApplicationInit():384|Parsing Device List[EOL]
[2026-09-22T08:29:39.039874Z][APM_I.newgen-amplificationplatemagazine][I][6820011][140]CCSMApplication.cpp:UserLevelApplicationInit():408|Default- & AS- Errorhandling instantiated![EOL]
[2026-09-22T08:29:39.070501Z][APM_I.newgen-amplificationplatemagazine][N][2330477][140]CConnectionHandler.cpp:RegisterConnection():104|Socket added to epoll with identifier 0x0 (0), file descriptor 20.[EOL]
[2026-09-22T08:29:39.078446Z][APM_I.newgen-amplificationplatemagazine][N][2330477][140]CConnectionHandler.cpp:RegisterConnection():104|Socket added to epoll with identifier 0x0 (0), file descriptor 21.[EOL]
[2026-09-22T08:29:39.078489Z][APM_I.newgen-amplificationplatemagazine][N][2330467][140]CDefaultStreamHandler.cpp:OnConnectionAccepted():405|New connection established. file descriptor 21[EOL]
[2026-09-22T08:29:39.078522Z][APM_I.newgen-amplificationplatemagazine][N][2330470][140]CDefaultStreamHandler.cpp:OnClosing():424|Socket with file descriptor 21 has been disconnected[EOL]
[2026-09-22T08:29:39.078527Z][APM_I.newgen-amplificationplatemagazine][N][2330478][140]CConnectionHandler.cpp:UnregisterConnection():127|Socket removed from epoll with identifier 0x0 (0), file descriptor 21.[EOL]
[2026-09-22T08:29:39.148843Z][APM_I.newgen-amplificationplatemagazine][N][844444405][140]RabbitMqConnector.cpp:Connect():840|Connecting as '6800_2AC.10001.AmplificationPlateMagazine.I' to RabbitMQ on amqp://USERNAME:PASSWORD@rabbitmq-server/[EOL]
[2026-09-22T08:29:39.159770Z][APM_I.newgen-amplificationplatemagazine][N][2330477][140]CConnectionHandler.cpp:RegisterConnection():104|Socket added to epoll with identifier 0x15 (21), file descriptor 21.[EOL]
[2026-09-22T08:29:39.234064Z][APM_I.newgen-amplificationplatemagazine][N][2330477][140]CConnectionHandler.cpp:RegisterConnection():104|Socket added to epoll with identifier 0x17 (23), file descriptor 23.[EOL]
[2026-09-22T08:29:39.234120Z][APM_I.newgen-amplificationplatemagazine][N][2330478][140]CConnectionHandler.cpp:UnregisterConnection():127|Socket removed from epoll with identifier 0x15 (21), file descriptor 21.[EOL]
[2026-09-22T08:29:39.382096Z][APM_I.barcodereader][W][2330306][134]CRTCyclicEvent.cpp:TimeMissed():101|Cycle miss in event CCSICombinedCmdManager Cyclic Event. Time Overrun is 7751 us[EOL]
[2026-09-22T08:29:39.382155Z][APM_I.barcodereader][W][2330306][134]CRTCyclicEvent.cpp:TimeMissed():101|Cycle miss in event CCSICombinedRepManager. Time Overrun is 7751 us[EOL]
[2026-09-22T08:29:39.401790Z][APM_I.newgen-amplificationplatemagazine][W][2330306][140]CRTCyclicEvent.cpp:TimeMissed():101|Cycle miss in event CCSICombinedCmdManager Cyclic Event. Time Overrun is 1100 us[EOL]
[2026-09-22T08:29:39.401867Z][APM_I.newgen-amplificationplatemagazine][W][2330306][140]CRTCyclicEvent.cpp:TimeMissed():101|Cycle miss in event CCSICombinedRepManager. Time Overrun is 1100 us[EOL]
[2026-09-22T08:29:39.729100Z][APM_I.newgen-amplificationplatemagazine][W][2330306][140]CRTCyclicEvent.cpp:TimeMissed():101|Cycle miss in event CCSICombinedCmdManager Cyclic Event. Time Overrun is 11220 us[EOL]
[2026-09-22T08:29:39.729138Z][APM_I.newgen-amplificationplatemagazine][W][2330306][140]CRTCyclicEvent.cpp:TimeMissed():101|Cycle miss in event CCSICombinedRepManager. Time Overrun is 11220 us[EOL]
[2026-09-22T08:29:40.000674Z][APM_I.newgen-amplificationplatemagazine][I][844444409][140]RabbitMqConnector.cpp:onProperties():1356|Exchange of properties: amqp_conn=0x7f485ef6eb50 amqp_conn_fd=23#012  Properties sent by server:#012    table(capabilities:table(authentication_failure_close:booleanset(1,0,0,0,0,0,0,0),basic.nack:booleanset(1,0,0,0,0,0,0,0),connection.blocked:booleanset(1,0,0,0,0,0,0,0),consumer_cancel_notify:booleanset(1,0,0,0,0,0,0,0),consumer_priorities:booleanset(1,0,0,0,0,0,0,0),direct_reply_to:booleanset(1,0,0,0,0,0,0,0),exchange_exchange_bindings:booleanset(1,0,0,0,0,0,0,0),per_consumer_qos:booleanset(1,0,0,0,0,0,0,0),publisher_confirms:booleanset(1,0,0,0,0,0,0,0)),cluster_name:string(rabbit@x800-instrument),copyright:string(Copyright (c) 2007-2024 Broadcom Inc and/or its subsidiaries),information:string(Licensed under the MPL 2.0. Website: https://rabbitmq.com),platform:string(Erlang/OTP 26.2.5.3),product:string(RabbitMQ),version:string(3.13.7))#012  Properties sent back by us:#012    table(connection_name:string(6800_2AC.10001.AmplificationPlateMagazine.I))#012  Note that additional properties will be set internally by the AMQP-CPP library.[EOL]
[2026-09-22T08:29:40.123483Z][APM_I.newgen-amplificationplatemagazine][I][844444410][140]RabbitMqConnector.cpp:onNegotiate():1364|Setting heartbeat frequency: amqp_conn=0x7f485ef6eb50 amqp_conn_fd=23 interval=60[EOL]
[2026-09-22T08:29:40.131077Z][APM_I.newgen-amplificationplatemagazine][I][844444411][140]RabbitMqConnector.cpp:onReady():1373|Handshake with rabbitmq completed: amqp_conn=0x7f485ef6eb50 amqp_conn_fd=23[EOL]
[2026-09-22T08:29:40.227098Z][APM_I.newgen-amplificationplatemagazine][I][844444453][140]RabbitMqConnector.cpp:operator()():631|Sucessfully consumed: queue_name: roche.newgen.amplificationplatemagazine.i.q[EOL]
[2026-09-22T08:29:40.227431Z][APM_I.newgen-amplificationplatemagazine][I][844444436][140]UnitCommunicator.cpp:SendEvent():424|Publishing event: type=Roche.c68_8800.AmplificationPlateMagazine.I.UnitStateChanged correlation_id=(n/a)[EOL]
[2026-09-22T08:29:40.227943Z][APM_I.newgen-amplificationplatemagazine][I][2560017][140]MessageSender.h:SendEvent():105|Sent RabbitMqEvent Roche.c68_8800.AmplificationPlateMagazine.I.UnitStateChanged. Content: {"Timestamp":"2026-09-22T08:29:40.227388Z","TraceContext":"00-ad8b0bcf7b651ac0049386c8a1368e49-8b4bbe511ad13269-01","MagazineId":"I","OldState":"PoweredOff","NewState":"StartingUp"}[EOL]
[2026-09-22T08:29:40.724825Z][APM_I.newgen-amplificationplatemagazine][W][2330306][140]CRTCyclicEvent.cpp:TimeMissed():101|Cycle miss in event CCSICombinedCmdManager Cyclic Event. Time Overrun is 6950 us[EOL]
[2026-09-22T08:29:40.724872Z][APM_I.newgen-amplificationplatemagazine][W][2330306][140]CRTCyclicEvent.cpp:TimeMissed():101|Cycle miss in event CCSICombinedRepManager. Time Overrun is 6950 us[EOL]
[2026-09-22T08:29:41.528932Z][APM_I.newgen-amplificationplatemagazine][W][2330306][140]CRTCyclicEvent.cpp:TimeMissed():101|Cycle miss in event CCSICombinedCmdManager Cyclic Event. Time Overrun is 11050 us[EOL]
[2026-09-22T08:29:41.528987Z][APM_I.newgen-amplificationplatemagazine][W][2330306][140]CRTCyclicEvent.cpp:TimeMissed():101|Cycle miss in event CCSICombinedRepManager. Time Overrun is 11050 us[EOL]
[2026-09-22T08:29:43.391554Z][APM_I.newgen-amplificationplatemagazine][W][2330306][140]CRTCyclicEvent.cpp:TimeMissed():101|Cycle miss in event CCSICombinedCmdManager Cyclic Event. Time Overrun is 3676 us[EOL]
[2026-09-22T08:29:43.391615Z][APM_I.newgen-amplificationplatemagazine][W][2330306][140]CRTCyclicEvent.cpp:TimeMissed():101|Cycle miss in event CCSICombinedRepManager. Time Overrun is 3676 us[EOL]
[2026-09-22T08:29:44.327138Z][APM_I.barcodereader][W][2330306][134]CRTCyclicEvent.cpp:TimeMissed():101|Cycle miss in event CCSICombinedCmdManager Cyclic Event. Time Overrun is 12799 us[EOL]
[2026-09-22T08:29:44.327176Z][APM_I.barcodereader][W][2330306][134]CRTCyclicEvent.cpp:TimeMissed():101|Cycle miss in event CCSICombinedRepManager. Time Overrun is 12799 us[EOL]
[2026-09-22T08:29:44.351814Z][APM_I.newgen-amplificationplatemagazine][W][2330306][140]CRTCyclicEvent.cpp:TimeMissed():101|Cycle miss in event CCSICombinedCmdManager Cyclic Event. Time Overrun is 63938 us[EOL]
[2026-09-22T08:29:44.351859Z][APM_I.newgen-amplificationplatemagazine][W][2330306][140]CRTCyclicEvent.cpp:TimeMissed():101|Cycle miss in event CCSICombinedRepManager. Time Overrun is 63938 us[EOL]
[2026-09-22T08:29:44.790981Z][APM_I.barcodereader][W][2330306][134]CRTCyclicEvent.cpp:TimeMissed():101|Cycle miss in event CCSICombinedCmdManager Cyclic Event. Time Overrun is 6641 us[EOL]
[2026-09-22T08:29:44.791046Z][APM_I.barcodereader][W][2330306][134]CRTCyclicEvent.cpp:TimeMissed():101|Cycle miss in event CCSICombinedRepManager. Time Overrun is 6641 us[EOL]
[2026-09-22T08:29:45.178034Z][APM_I.newgen-amplificationplatemagazine][W][2330306][140]CRTCyclicEvent.cpp:TimeMissed():101|Cycle miss in event CCSICombinedCmdManager Cyclic Event. Time Overrun is 10162 us[EOL]
[2026-09-22T08:29:45.178074Z][APM_I.newgen-amplificationplatemagazine][W][2330306][140]CRTCyclicEvent.cpp:TimeMissed():101|Cycle miss in event CCSICombinedRepManager. Time Overrun is 10162 us[EOL]
[2026-09-22T08:29:45.585365Z][APM_I.newgen-amplificationplatemagazine][W][2330306][140]CRTCyclicEvent.cpp:TimeMissed():101|Cycle miss in event CCSICombinedCmdManager Cyclic Event. Time Overrun is 7496 us[EOL]
[2026-09-22T08:29:45.585407Z][APM_I.newgen-amplificationplatemagazine][W][2330306][140]CRTCyclicEvent.cpp:TimeMissed():101|Cycle miss in event CCSICombinedRepManager. Time Overrun is 7496 us[EOL]
[2026-09-22T08:29:45.710276Z][APM_I.barcodereader][W][2330306][134]CRTCyclicEvent.cpp:TimeMissed():101|Cycle miss in event CCSICombinedCmdManager Cyclic Event. Time Overrun is 5937 us[EOL]
[2026-09-22T08:29:45.710313Z][APM_I.barcodereader][W][2330306][134]CRTCyclicEvent.cpp:TimeMissed():101|Cycle miss in event CCSICombinedRepManager. Time Overrun is 5937 us[EOL]
[2026-09-22T08:29:45.876060Z][APM_I.newgen-amplificationplatemagazine][W][2330306][140]CRTCyclicEvent.cpp:TimeMissed():101|Cycle miss in event CCSICombinedCmdManager Cyclic Event. Time Overrun is 8190 us[EOL]
[2026-09-22T08:29:45.876113Z][APM_I.newgen-amplificationplatemagazine][W][2330306][140]CRTCyclicEvent.cpp:TimeMissed():101|Cycle miss in event CCSICombinedRepManager. Time Overrun is 8190 us[EOL]
[2026-09-22T08:29:46.649150Z][APM_I.barcodereader][W][2330306][134]CRTCyclicEvent.cpp:TimeMissed():101|Cycle miss in event CCSICombinedCmdManager Cyclic Event. Time Overrun is 14810 us[EOL]
[2026-09-22T08:29:46.634490Z][APM_I.newgen-amplificationplatemagazine][W][2330306][140]CRTCyclicEvent.cpp:TimeMissed():101|Cycle miss in event CCSICombinedCmdManager Cyclic Event. Time Overrun is 6621 us[EOL]
[2026-09-22T08:29:46.634538Z][APM_I.newgen-amplificationplatemagazine][W][2330306][140]CRTCyclicEvent.cpp:TimeMissed():101|Cycle miss in event CCSICombinedRepManager. Time Overrun is 6621 us[EOL]
[2026-09-22T08:29:46.649184Z][APM_I.barcodereader][W][2330306][134]CRTCyclicEvent.cpp:TimeMissed():101|Cycle miss in event CCSICombinedRepManager. Time Overrun is 14810 us[EOL]
[2026-09-22T08:29:47.575347Z][APM_I.newgen-amplificationplatemagazine][W][2330306][140]CRTCyclicEvent.cpp:TimeMissed():101|Cycle miss in event CCSICombinedCmdManager Cyclic Event. Time Overrun is 7473 us[EOL]
[2026-09-22T08:29:47.575392Z][APM_I.newgen-amplificationplatemagazine][W][2330306][140]CRTCyclicEvent.cpp:TimeMissed():101|Cycle miss in event CCSICombinedRepManager. Time Overrun is 7473 us[EOL]
[2026-09-22T08:29:47.735052Z][APM_I.newgen-amplificationplatemagazine][W][2330306][140]CRTCyclicEvent.cpp:TimeMissed():101|Cycle miss in event CCSICombinedCmdManager Cyclic Event. Time Overrun is 7177 us[EOL]
[2026-09-22T08:29:47.735137Z][APM_I.newgen-amplificationplatemagazine][W][2330306][140]CRTCyclicEvent.cpp:TimeMissed():101|Cycle miss in event CCSICombinedRepManager. Time Overrun is 7177 us[EOL]
[2026-09-22T08:29:48.385356Z][APM_I.barcodereader][W][2330306][134]CRTCyclicEvent.cpp:TimeMissed():101|Cycle miss in event CCSICombinedCmdManager Cyclic Event. Time Overrun is 1016 us[EOL]
[2026-09-22T08:29:48.385400Z][APM_I.barcodereader][W][2330306][134]CRTCyclicEvent.cpp:TimeMissed():101|Cycle miss in event CCSICombinedRepManager. Time Overrun is 1016 us[EOL]
[2026-09-22T08:29:50.068677Z][APM_I.newgen-amplificationplatemagazine][W][2330306][140]CRTCyclicEvent.cpp:TimeMissed():101|Cycle miss in event CCSICombinedCmdManager Cyclic Event. Time Overrun is 807 us[EOL]
[2026-09-22T08:29:50.068720Z][APM_I.newgen-amplificationplatemagazine][W][2330306][140]CRTCyclicEvent.cpp:TimeMissed():101|Cycle miss in event CCSICombinedRepManager. Time Overrun is 807 us[EOL]
[2026-09-22T08:29:50.279630Z][APM_I.newgen-amplificationplatemagazine][W][2330306][140]CRTCyclicEvent.cpp:TimeMissed():101|Cycle miss in event CCSICombinedCmdManager Cyclic Event. Time Overrun is 1756 us[EOL]
[2026-09-22T08:29:50.279733Z][APM_I.newgen-amplificationplatemagazine][W][2330306][140]CRTCyclicEvent.cpp:TimeMissed():101|Cycle miss in event CCSICombinedRepManager. Time Overrun is 1756 us[EOL]
[2026-09-22T08:29:50.738387Z][APM_I.newgen-amplificationplatemagazine][W][2330306][140]CRTCyclicEvent.cpp:TimeMissed():101|Cycle miss in event CCSICombinedCmdManager Cyclic Event. Time Overrun is 517 us[EOL]
[2026-09-22T08:29:50.738450Z][APM_I.newgen-amplificationplatemagazine][W][2330306][140]CRTCyclicEvent.cpp:TimeMissed():101|Cycle miss in event CCSICombinedRepManager. Time Overrun is 517 us[EOL]
[2026-09-22T08:29:51.142631Z][APM_I.barcodereader][W][2330306][134]CRTCyclicEvent.cpp:TimeMissed():101|Cycle miss in event CCSICombinedCmdManager Cyclic Event. Time Overrun is 358293 us[EOL]
[2026-09-22T08:29:51.142772Z][APM_I.barcodereader][W][2330306][134]CRTCyclicEvent.cpp:TimeMissed():101|Cycle miss in event CCSICombinedRepManager. Time Overrun is 358293 us[EOL]
[2026-09-22T08:29:51.924343Z][APM_I.newgen-amplificationplatemagazine][W][2330306][140]CRTCyclicEvent.cpp:TimeMissed():101|Cycle miss in event CCSICombinedCmdManager Cyclic Event. Time Overrun is 136466 us[EOL]
[2026-09-22T08:29:51.924398Z][APM_I.newgen-amplificationplatemagazine][W][2330306][140]CRTCyclicEvent.cpp:TimeMissed():101|Cycle miss in event CCSICombinedRepManager. Time Overrun is 136466 us[EOL]
[2026-09-22T08:29:52.527138Z][APM_I.barcodereader][W][2330306][134]CRTCyclicEvent.cpp:TimeMissed():101|Cycle miss in event CCSICombinedCmdManager Cyclic Event. Time Overrun is 2796 us[EOL]
[2026-09-22T08:29:52.527645Z][APM_I.barcodereader][W][2330306][134]CRTCyclicEvent.cpp:TimeMissed():101|Cycle miss in event CCSICombinedRepManager. Time Overrun is 2796 us[EOL]
[2026-09-22T08:29:52.860888Z][APM_I.newgen-amplificationplatemagazine][W][2330306][140]CRTCyclicEvent.cpp:TimeMissed():101|Cycle miss in event CCSICombinedCmdManager Cyclic Event. Time Overrun is 3018 us[EOL]
[2026-09-22T08:29:52.860928Z][APM_I.newgen-amplificationplatemagazine][W][2330306][140]CRTCyclicEvent.cpp:TimeMissed():101|Cycle miss in event CCSICombinedRepManager. Time Overrun is 3018 us[EOL]
[2026-09-22T08:29:53.163314Z][APM_I.newgen-amplificationplatemagazine][W][2330306][140]CRTCyclicEvent.cpp:TimeMissed():101|Cycle miss in event CCSICombinedCmdManager Cyclic Event. Time Overrun is 5448 us[EOL]
[2026-09-22T08:29:53.163342Z][APM_I.newgen-amplificationplatemagazine][W][2330306][140]CRTCyclicEvent.cpp:TimeMissed():101|Cycle miss in event CCSICombinedRepManager. Time Overrun is 5448 us[EOL]
[2026-09-22T08:29:53.689441Z][APM_I.newgen-amplificationplatemagazine][W][2330306][140]CRTCyclicEvent.cpp:TimeMissed():101|Cycle miss in event CCSICombinedCmdManager Cyclic Event. Time Overrun is 1573 us[EOL]
[2026-09-22T08:29:53.689477Z][APM_I.newgen-amplificationplatemagazine][W][2330306][140]CRTCyclicEvent.cpp:TimeMissed():101|Cycle miss in event CCSICombinedRepManager. Time Overrun is 1573 us[EOL]
[2026-09-22T08:29:53.823607Z][APM_I.newgen-amplificationplatemagazine][W][2330306][140]CRTCyclicEvent.cpp:TimeMissed():101|Cycle miss in event CCSICombinedCmdManager Cyclic Event. Time Overrun is 5738 us[EOL]
[2026-09-22T08:29:53.823690Z][APM_I.newgen-amplificationplatemagazine][W][2330306][140]CRTCyclicEvent.cpp:TimeMissed():101|Cycle miss in event CCSICombinedRepManager. Time Overrun is 5738 us[EOL]
[2026-09-22T08:29:55.005758Z][APM_I.barcodereader][W][2330306][134]CRTCyclicEvent.cpp:TimeMissed():101|Cycle miss in event CCSICombinedCmdManager Cyclic Event. Time Overrun is 1421 us[EOL]
[2026-09-22T08:29:55.005421Z][APM_I.newgen-amplificationplatemagazine][W][2330306][140]CRTCyclicEvent.cpp:TimeMissed():101|Cycle miss in event CCSICombinedCmdManager Cyclic Event. Time Overrun is 7552 us[EOL]
[2026-09-22T08:29:55.005786Z][APM_I.barcodereader][W][2330306][134]CRTCyclicEvent.cpp:TimeMissed():101|Cycle miss in event CCSICombinedRepManager. Time Overrun is 1421 us[EOL]
[2026-09-22T08:29:55.005461Z][APM_I.newgen-amplificationplatemagazine][W][2330306][140]CRTCyclicEvent.cpp:TimeMissed():101|Cycle miss in event CCSICombinedRepManager. Time Overrun is 7552 us[EOL]
[2026-09-22T08:29:55.369500Z][APM_I.newgen-amplificationplatemagazine][W][2330306][140]CRTCyclicEvent.cpp:TimeMissed():101|Cycle miss in event CCSICombinedCmdManager Cyclic Event. Time Overrun is 1629 us[EOL]
[2026-09-22T08:29:55.369550Z][APM_I.newgen-amplificationplatemagazine][W][2330306][140]CRTCyclicEvent.cpp:TimeMissed():101|Cycle miss in event CCSICombinedRepManager. Time Overrun is 1629 us[EOL]
[2026-09-22T08:29:55.699693Z][APM_I.newgen-amplificationplatemagazine][W][2330306][140]CRTCyclicEvent.cpp:TimeMissed():101|Cycle miss in event CCSICombinedCmdManager Cyclic Event. Time Overrun is 1821 us[EOL]
[2026-09-22T08:29:55.699752Z][APM_I.newgen-amplificationplatemagazine][W][2330306][140]CRTCyclicEvent.cpp:TimeMissed():101|Cycle miss in event CCSICombinedRepManager. Time Overrun is 1821 us[EOL]
[2026-09-22T08:29:56.380830Z][APM_I.barcodereader][W][2330306][134]CRTCyclicEvent.cpp:TimeMissed():101|Cycle miss in event CCSICombinedCmdManager Cyclic Event. Time Overrun is 6490 us[EOL]
[2026-09-22T08:29:56.380874Z][APM_I.barcodereader][W][2330306][134]CRTCyclicEvent.cpp:TimeMissed():101|Cycle miss in event CCSICombinedRepManager. Time Overrun is 6490 us[EOL]
[2026-09-22T08:29:56.451046Z][APM_I.barcodereader][W][2330306][134]CRTCyclicEvent.cpp:TimeMissed():101|Cycle miss in event CCSICyclicRepManager. Time Overrun is 426525 us[EOL]
[2026-09-22T08:29:57.977099Z][APM_I.barcodereader][W][2330306][134]CRTCyclicEvent.cpp:TimeMissed():101|Cycle miss in event CCSICyclicRepManager. Time Overrun is 354330 us[EOL]
[2026-09-22T08:29:58.133431Z][APM_I.barcodereader][W][2330306][134]CRTCyclicEvent.cpp:TimeMissed():101|Cycle miss in event CCSICombinedCmdManager Cyclic Event. Time Overrun is 9092 us[EOL]
[2026-09-22T08:29:58.133466Z][APM_I.barcodereader][W][2330306][134]CRTCyclicEvent.cpp:TimeMissed():101|Cycle miss in event CCSICombinedRepManager. Time Overrun is 9092 us[EOL]
[2026-09-22T08:29:59.491928Z][APM_I.barcodereader][W][2330306][134]CRTCyclicEvent.cpp:TimeMissed():101|Cycle miss in event CCSICombinedCmdManager Cyclic Event. Time Overrun is 7590 us[EOL]
[2026-09-22T08:29:59.491964Z][APM_I.barcodereader][W][2330306][134]CRTCyclicEvent.cpp:TimeMissed():101|Cycle miss in event CCSICombinedRepManager. Time Overrun is 7590 us[EOL]
[2026-09-22T08:30:00.255931Z][APM_I.barcodereader][W][2330306][134]CRTCyclicEvent.cpp:TimeMissed():101|Cycle miss in event CCSICombinedCmdManager Cyclic Event. Time Overrun is 1586 us[EOL]
[2026-09-22T08:30:00.255988Z][APM_I.barcodereader][W][2330306][134]CRTCyclicEvent.cpp:TimeMissed():101|Cycle miss in event CCSICombinedRepManager. Time Overrun is 1586 us[EOL]
[2026-09-22T08:30:00.418882Z][APM_I.barcodereader][W][2330306][134]CRTCyclicEvent.cpp:TimeMissed():101|Cycle miss in event CCSICombinedCmdManager Cyclic Event. Time Overrun is 4537 us[EOL]
[2026-09-22T08:30:00.418930Z][APM_I.barcodereader][W][2330306][134]CRTCyclicEvent.cpp:TimeMissed():101|Cycle miss in event CCSICombinedRepManager. Time Overrun is 4537 us[EOL]
[2026-09-22T08:30:00.481468Z][APM_I.newgen-amplificationplatemagazine][W][2330306][140]CRTCyclicEvent.cpp:TimeMissed():101|Cycle miss in event CCSICombinedCmdManager Cyclic Event. Time Overrun is 3575 us[EOL]
[2026-09-22T08:30:00.481581Z][APM_I.newgen-amplificationplatemagazine][W][2330306][140]CRTCyclicEvent.cpp:TimeMissed():101|Cycle miss in event CCSICombinedRepManager. Time Overrun is 3575 us[EOL]
[2026-09-22T08:30:00.668997Z][APM_I.newgen-amplificationplatemagazine][W][2330306][140]CRTCyclicEvent.cpp:TimeMissed():101|Cycle miss in event CCSICombinedCmdManager Cyclic Event. Time Overrun is 1123 us[EOL]
[2026-09-22T08:30:00.669055Z][APM_I.newgen-amplificationplatemagazine][W][2330306][140]CRTCyclicEvent.cpp:TimeMissed():101|Cycle miss in event CCSICombinedRepManager. Time Overrun is 1123 us[EOL]
[2026-09-22T08:30:01.105083Z][APM_I.barcodereader][W][2330306][134]CRTCyclicEvent.cpp:TimeMissed():101|Cycle miss in event CCSICombinedCmdManager Cyclic Event. Time Overrun is 746 us[EOL]
[2026-09-22T08:30:01.105121Z][APM_I.barcodereader][W][2330306][134]CRTCyclicEvent.cpp:TimeMissed():101|Cycle miss in event CCSICombinedRepManager. Time Overrun is 746 us[EOL]
[2026-09-22T08:30:01.244731Z][APM_I.newgen-amplificationplatemagazine][W][2330306][140]CRTCyclicEvent.cpp:TimeMissed():101|Cycle miss in event CCSICombinedCmdManager Cyclic Event. Time Overrun is 6859 us[EOL]
[2026-09-22T08:30:01.244781Z][APM_I.newgen-amplificationplatemagazine][W][2330306][140]CRTCyclicEvent.cpp:TimeMissed():101|Cycle miss in event CCSICombinedRepManager. Time Overrun is 6859 us[EOL]
[2026-09-22T08:30:01.390981Z][APM_I.newgen-amplificationplatemagazine][W][2330306][140]CRTCyclicEvent.cpp:TimeMissed():101|Cycle miss in event CCSICombinedCmdManager Cyclic Event. Time Overrun is 13115 us[EOL]
[2026-09-22T08:30:01.391013Z][APM_I.newgen-amplificationplatemagazine][W][2330306][140]CRTCyclicEvent.cpp:TimeMissed():101|Cycle miss in event CCSICombinedRepManager. Time Overrun is 13115 us[EOL]
[2026-09-22T08:30:01.557220Z][APM_I.barcodereader][W][2330306][134]CRTCyclicEvent.cpp:TimeMissed():101|Cycle miss in event CCSICombinedCmdManager Cyclic Event. Time Overrun is 42881 us[EOL]
[2026-09-22T08:30:01.557263Z][APM_I.barcodereader][W][2330306][134]CRTCyclicEvent.cpp:TimeMissed():101|Cycle miss in event CCSICombinedRepManager. Time Overrun is 42881 us[EOL]
[2026-09-22T08:30:01.556624Z][APM_I.newgen-amplificationplatemagazine][W][2330306][140]CRTCyclicEvent.cpp:TimeMissed():101|Cycle miss in event CCSICombinedCmdManager Cyclic Event. Time Overrun is 38756 us[EOL]
[2026-09-22T08:30:01.556659Z][APM_I.newgen-amplificationplatemagazine][W][2330306][140]CRTCyclicEvent.cpp:TimeMissed():101|Cycle miss in event CCSICombinedRepManager. Time Overrun is 38756 us[EOL]
[2026-09-22T08:30:02.627740Z][APM_I.barcodereader][W][2330306][134]CRTCyclicEvent.cpp:TimeMissed():101|Cycle miss in event CCSICyclicRepManager. Time Overrun is 905034 us[EOL]
[2026-09-22T08:30:02.876036Z][APM_I.newgen-amplificationplatemagazine][W][2330306][140]CRTCyclicEvent.cpp:TimeMissed():101|Cycle miss in event CCSICombinedCmdManager Cyclic Event. Time Overrun is 1208164 us[EOL]
[2026-09-22T08:30:02.742479Z][APM_I.barcodereader][W][2330306][134]CRTCyclicEvent.cpp:TimeMissed():101|Cycle miss in event CCSICombinedCmdManager Cyclic Event. Time Overrun is 1058138 us[EOL]
[2026-09-22T08:30:02.876107Z][APM_I.newgen-amplificationplatemagazine][W][2330306][140]CRTCyclicEvent.cpp:TimeMissed():101|Cycle miss in event CCSICombinedRepManager. Time Overrun is 1208164 us[EOL]
[2026-09-22T08:30:02.742513Z][APM_I.barcodereader][W][2330306][134]CRTCyclicEvent.cpp:TimeMissed():101|Cycle miss in event CCSICombinedRepManager. Time Overrun is 1058138 us[EOL]
[2026-09-22T08:30:03.057473Z][APM_I.newgen-amplificationplatemagazine][W][2330306][140]CRTCyclicEvent.cpp:TimeMissed():101|Cycle miss in event CCSICombinedCmdManager Cyclic Event. Time Overrun is 69607 us[EOL]
[2026-09-22T08:30:02.877472Z][APM_I.barcodereader][W][2330306][134]CRTCyclicEvent.cpp:TimeMissed():101|Cycle miss in event CCSICombinedCmdManager Cyclic Event. Time Overrun is 23131 us[EOL]
[2026-09-22T08:30:03.057521Z][APM_I.newgen-amplificationplatemagazine][W][2330306][140]CRTCyclicEvent.cpp:TimeMissed():101|Cycle miss in event CCSICombinedRepManager. Time Overrun is 69607 us[EOL]
[2026-09-22T08:30:02.877521Z][APM_I.barcodereader][W][2330306][134]CRTCyclicEvent.cpp:TimeMissed():101|Cycle miss in event CCSICombinedRepManager. Time Overrun is 23131 us[EOL]
[2026-09-22T08:30:03.348950Z][APM_I.newgen-amplificationplatemagazine][W][2330306][140]CRTCyclicEvent.cpp:TimeMissed():101|Cycle miss in event CCSICyclicRepManager. Time Overrun is 1611599 us[EOL]
[2026-09-22T08:30:03.058177Z][APM_I.barcodereader][W][2330306][134]CRTCyclicEvent.cpp:TimeMissed():101|Cycle miss in event CCSICombinedCmdManager Cyclic Event. Time Overrun is 63837 us[EOL]
[2026-09-22T08:30:03.351908Z][APM_I.newgen-amplificationplatemagazine][W][2330306][140]CRTCyclicEvent.cpp:TimeMissed():101|Cycle miss in event CCSICombinedCmdManager Cyclic Event. Time Overrun is 174036 us[EOL]
[2026-09-22T08:30:03.058213Z][APM_I.barcodereader][W][2330306][134]CRTCyclicEvent.cpp:TimeMissed():101|Cycle miss in event CCSICombinedRepManager. Time Overrun is 63837 us[EOL]
[2026-09-22T08:30:03.351948Z][APM_I.newgen-amplificationplatemagazine][W][2330306][140]CRTCyclicEvent.cpp:TimeMissed():101|Cycle miss in event CCSICombinedRepManager. Time Overrun is 174036 us[EOL]
[2026-09-22T08:30:03.351358Z][APM_I.barcodereader][W][2330306][134]CRTCyclicEvent.cpp:TimeMissed():101|Cycle miss in event CCSICombinedCmdManager Cyclic Event. Time Overrun is 177017 us[EOL]
[2026-09-22T08:30:03.351467Z][APM_I.barcodereader][W][2330306][134]CRTCyclicEvent.cpp:TimeMissed():101|Cycle miss in event CCSICombinedRepManager. Time Overrun is 177017 us[EOL]
[2026-09-22T08:30:03.739426Z][APM_I.newgen-amplificationplatemagazine][W][2330306][140]CRTCyclicEvent.cpp:TimeMissed():101|Cycle miss in event CCSICombinedCmdManager Cyclic Event. Time Overrun is 1558 us[EOL]
[2026-09-22T08:30:03.739459Z][APM_I.newgen-amplificationplatemagazine][W][2330306][140]CRTCyclicEvent.cpp:TimeMissed():101|Cycle miss in event CCSICombinedRepManager. Time Overrun is 1558 us[EOL]
[2026-09-22T08:30:03.966119Z][APM_I.newgen-amplificationplatemagazine][W][2330306][140]CRTCyclicEvent.cpp:TimeMissed():101|Cycle miss in event CCSICombinedCmdManager Cyclic Event. Time Overrun is 8245 us[EOL]
[2026-09-22T08:30:03.966163Z][APM_I.newgen-amplificationplatemagazine][W][2330306][140]CRTCyclicEvent.cpp:TimeMissed():101|Cycle miss in event CCSICombinedRepManager. Time Overrun is 8245 us[EOL]
[2026-09-22T08:30:04.091183Z][APM_I.newgen-amplificationplatemagazine][W][2330306][140]CRTCyclicEvent.cpp:TimeMissed():101|Cycle miss in event CCSICombinedCmdManager Cyclic Event. Time Overrun is 3303 us[EOL]
[2026-09-22T08:30:04.091274Z][APM_I.newgen-amplificationplatemagazine][W][2330306][140]CRTCyclicEvent.cpp:TimeMissed():101|Cycle miss in event CCSICombinedRepManager. Time Overrun is 3303 us[EOL]
[2026-09-22T08:30:04.227448Z][APM_I.barcodereader][W][2330306][134]CRTCyclicEvent.cpp:TimeMissed():101|Cycle miss in event CCSICombinedCmdManager Cyclic Event. Time Overrun is 3093 us[EOL]
[2026-09-22T08:30:04.227518Z][APM_I.barcodereader][W][2330306][134]CRTCyclicEvent.cpp:TimeMissed():101|Cycle miss in event CCSICombinedRepManager. Time Overrun is 3093 us[EOL]
[2026-09-22T08:30:04.379940Z][APM_I.newgen-amplificationplatemagazine][W][2330306][140]CRTCyclicEvent.cpp:TimeMissed():101|Cycle miss in event CCSICombinedCmdManager Cyclic Event. Time Overrun is 2068 us[EOL]
[2026-09-22T08:30:04.380104Z][APM_I.newgen-amplificationplatemagazine][W][2330306][140]CRTCyclicEvent.cpp:TimeMissed():101|Cycle miss in event CCSICombinedRepManager. Time Overrun is 2068 us[EOL]
[2026-09-22T08:30:04.712333Z][APM_I.newgen-amplificationplatemagazine][W][2330306][140]CRTCyclicEvent.cpp:TimeMissed():101|Cycle miss in event CCSICombinedCmdManager Cyclic Event. Time Overrun is 4460 us[EOL]
[2026-09-22T08:30:04.712382Z][APM_I.newgen-amplificationplatemagazine][W][2330306][140]CRTCyclicEvent.cpp:TimeMissed():101|Cycle miss in event CCSICombinedRepManager. Time Overrun is 4460 us[EOL]
[2026-09-22T08:30:04.771821Z][APM_I.barcodereader][W][2330306][134]CRTCyclicEvent.cpp:TimeMissed():101|Cycle miss in event CCSICombinedCmdManager Cyclic Event. Time Overrun is 17485 us[EOL]
[2026-09-22T08:30:04.771842Z][APM_I.barcodereader][W][2330306][134]CRTCyclicEvent.cpp:TimeMissed():101|Cycle miss in event CCSICombinedRepManager. Time Overrun is 17485 us[EOL]
[2026-09-22T08:30:04.829005Z][APM_I.newgen-amplificationplatemagazine][W][2330306][140]CRTCyclicEvent.cpp:TimeMissed():101|Cycle miss in event CCSICombinedCmdManager Cyclic Event. Time Overrun is 1140 us[EOL]
[2026-09-22T08:30:04.829034Z][APM_I.newgen-amplificationplatemagazine][W][2330306][140]CRTCyclicEvent.cpp:TimeMissed():101|Cycle miss in event CCSICombinedRepManager. Time Overrun is 1140 us[EOL]
[2026-09-22T08:30:04.897967Z][APM_I.barcodereader][W][2330306][134]CRTCyclicEvent.cpp:TimeMissed():101|Cycle miss in event CCSICombinedCmdManager Cyclic Event. Time Overrun is 3630 us[EOL]
[2026-09-22T08:30:04.897989Z][APM_I.barcodereader][W][2330306][134]CRTCyclicEvent.cpp:TimeMissed():101|Cycle miss in event CCSICombinedRepManager. Time Overrun is 3630 us[EOL]
[2026-09-22T08:30:04.977915Z][APM_I.newgen-amplificationplatemagazine][W][2330306][140]CRTCyclicEvent.cpp:TimeMissed():101|Cycle miss in event CCSICombinedCmdManager Cyclic Event. Time Overrun is 49 us[EOL]
[2026-09-22T08:30:04.977944Z][APM_I.newgen-amplificationplatemagazine][W][2330306][140]CRTCyclicEvent.cpp:TimeMissed():101|Cycle miss in event CCSICombinedRepManager. Time Overrun is 49 us[EOL]
[2026-09-22T08:30:06.668969Z][APM_I.newgen-amplificationplatemagazine][W][2330306][140]CRTCyclicEvent.cpp:TimeMissed():101|Cycle miss in event CCSICombinedCmdManager Cyclic Event. Time Overrun is 1097 us[EOL]
[2026-09-22T08:30:06.669016Z][APM_I.newgen-amplificationplatemagazine][W][2330306][140]CRTCyclicEvent.cpp:TimeMissed():101|Cycle miss in event CCSICombinedRepManager. Time Overrun is 1097 us[EOL]
[2026-09-22T08:30:06.705390Z][APM_I.barcodereader][W][2330306][134]CRTCyclicEvent.cpp:TimeMissed():101|Cycle miss in event CCSICombinedCmdManager Cyclic Event. Time Overrun is 1055 us[EOL]
[2026-09-22T08:30:06.705409Z][APM_I.barcodereader][W][2330306][134]CRTCyclicEvent.cpp:TimeMissed():101|Cycle miss in event CCSICombinedRepManager. Time Overrun is 1055 us[EOL]
[2026-09-22T08:30:06.818348Z][APM_I.newgen-amplificationplatemagazine][W][2330306][140]CRTCyclicEvent.cpp:TimeMissed():101|Cycle miss in event CCSICombinedCmdManager Cyclic Event. Time Overrun is 474 us[EOL]
[2026-09-22T08:30:06.818386Z][APM_I.newgen-amplificationplatemagazine][W][2330306][140]CRTCyclicEvent.cpp:TimeMissed():101|Cycle miss in event CCSICombinedRepManager. Time Overrun is 474 us[EOL]
[2026-09-22T08:30:06.944348Z][APM_I.barcodereader][W][2330306][134]CRTCyclicEvent.cpp:TimeMissed():101|Cycle miss in event CCSICombinedCmdManager Cyclic Event. Time Overrun is 9 us[EOL]
[2026-09-22T08:30:06.944380Z][APM_I.barcodereader][W][2330306][134]CRTCyclicEvent.cpp:TimeMissed():101|Cycle miss in event CCSICombinedRepManager. Time Overrun is 9 us[EOL]
[2026-09-22T08:30:07.014487Z][APM_I.newgen-amplificationplatemagazine][W][2330306][140]CRTCyclicEvent.cpp:TimeMissed():101|Cycle miss in event CCSICombinedCmdManager Cyclic Event. Time Overrun is 6613 us[EOL]
[2026-09-22T08:30:07.014536Z][APM_I.newgen-amplificationplatemagazine][W][2330306][140]CRTCyclicEvent.cpp:TimeMissed():101|Cycle miss in event CCSICombinedRepManager. Time Overrun is 6613 us[EOL]
[2026-09-22T08:30:07.132468Z][APM_I.newgen-amplificationplatemagazine][W][2330306][140]CRTCyclicEvent.cpp:TimeMissed():101|Cycle miss in event CCSICombinedCmdManager Cyclic Event. Time Overrun is 4595 us[EOL]
[2026-09-22T08:30:07.132503Z][APM_I.newgen-amplificationplatemagazine][W][2330306][140]CRTCyclicEvent.cpp:TimeMissed():101|Cycle miss in event CCSICombinedRepManager. Time Overrun is 4595 us[EOL]
[2026-09-22T08:30:07.336319Z][APM_I.barcodereader][W][2330306][134]CRTCyclicEvent.cpp:TimeMissed():101|Cycle miss in event CCSICombinedCmdManager Cyclic Event. Time Overrun is 1975 us[EOL]
[2026-09-22T08:30:07.336367Z][APM_I.barcodereader][W][2330306][134]CRTCyclicEvent.cpp:TimeMissed():101|Cycle miss in event CCSICombinedRepManager. Time Overrun is 1975 us[EOL]
[2026-09-22T08:30:07.601757Z][APM_I.barcodereader][W][2330306][134]CRTCyclicEvent.cpp:TimeMissed():101|Cycle miss in event CCSICombinedCmdManager Cyclic Event. Time Overrun is 7286 us[EOL]
[2026-09-22T08:30:07.601987Z][APM_I.barcodereader][W][2330306][134]CRTCyclicEvent.cpp:TimeMissed():101|Cycle miss in event CCSICombinedRepManager. Time Overrun is 7286 us[EOL]
[2026-09-22T08:30:07.602197Z][APM_I.newgen-amplificationplatemagazine][W][2330306][140]CRTCyclicEvent.cpp:TimeMissed():101|Cycle miss in event CCSICombinedCmdManager Cyclic Event. Time Overrun is 4329 us[EOL]
[2026-09-22T08:30:07.602321Z][APM_I.newgen-amplificationplatemagazine][W][2330306][140]CRTCyclicEvent.cpp:TimeMissed():101|Cycle miss in event CCSICombinedRepManager. Time Overrun is 4329 us[EOL]
[2026-09-22T08:30:07.726273Z][APM_I.newgen-amplificationplatemagazine][W][2330306][140]CRTCyclicEvent.cpp:TimeMissed():101|Cycle miss in event CCSICombinedCmdManager Cyclic Event. Time Overrun is 8402 us[EOL]
[2026-09-22T08:30:07.727378Z][APM_I.barcodereader][W][2330306][134]CRTCyclicEvent.cpp:TimeMissed():101|Cycle miss in event CCSICombinedCmdManager Cyclic Event. Time Overrun is 13039 us[EOL]
[2026-09-22T08:30:07.726319Z][APM_I.newgen-amplificationplatemagazine][W][2330306][140]CRTCyclicEvent.cpp:TimeMissed():101|Cycle miss in event CCSICombinedRepManager. Time Overrun is 8402 us[EOL]
[2026-09-22T08:30:07.727495Z][APM_I.barcodereader][W][2330306][134]CRTCyclicEvent.cpp:TimeMissed():101|Cycle miss in event CCSICombinedRepManager. Time Overrun is 13039 us[EOL]
[2026-09-22T08:30:08.778963Z][APM_I.newgen-amplificationplatemagazine][W][2330306][140]CRTCyclicEvent.cpp:TimeMissed():101|Cycle miss in event CCSICombinedCmdManager Cyclic Event. Time Overrun is 1092 us[EOL]
[2026-09-22T08:30:08.779042Z][APM_I.newgen-amplificationplatemagazine][W][2330306][140]CRTCyclicEvent.cpp:TimeMissed():101|Cycle miss in event CCSICombinedRepManager. Time Overrun is 1092 us[EOL]
[2026-09-22T08:30:08.865903Z][APM_I.barcodereader][W][2330306][134]CRTCyclicEvent.cpp:TimeMissed():101|Cycle miss in event CCSICombinedCmdManager Cyclic Event. Time Overrun is 1565 us[EOL]
[2026-09-22T08:30:08.865971Z][APM_I.barcodereader][W][2330306][134]CRTCyclicEvent.cpp:TimeMissed():101|Cycle miss in event CCSICombinedRepManager. Time Overrun is 1565 us[EOL]
[2026-09-22T08:30:09.313240Z][APM_I.newgen-amplificationplatemagazine][W][2330306][140]CRTCyclicEvent.cpp:TimeMissed():101|Cycle miss in event CCSICombinedCmdManager Cyclic Event. Time Overrun is 415369 us[EOL]
[2026-09-22T08:30:09.313287Z][APM_I.newgen-amplificationplatemagazine][W][2330306][140]CRTCyclicEvent.cpp:TimeMissed():101|Cycle miss in event CCSICombinedRepManager. Time Overrun is 415369 us[EOL]
[2026-09-22T08:30:09.313814Z][APM_I.newgen-amplificationplatemagazine][W][2330306][140]CRTCyclicEvent.cpp:TimeMissed():101|Cycle miss in event CCSICyclicRepManager. Time Overrun is 276488 us[EOL]
[2026-09-22T08:30:09.313867Z][APM_I.barcodereader][W][2330306][134]CRTCyclicEvent.cpp:TimeMissed():101|Cycle miss in event CCSICombinedCmdManager Cyclic Event. Time Overrun is 329532 us[EOL]
[2026-09-22T08:30:09.313894Z][APM_I.barcodereader][W][2330306][134]CRTCyclicEvent.cpp:TimeMissed():101|Cycle miss in event CCSICombinedRepManager. Time Overrun is 329532 us[EOL]
[2026-09-22T08:30:09.449772Z][APM_I.barcodereader][W][2330306][134]CRTCyclicEvent.cpp:TimeMissed():101|Cycle miss in event CCSICyclicRepManager. Time Overrun is 327069 us[EOL]
[2026-09-22T08:30:09.627962Z][APM_I.newgen-amplificationplatemagazine][W][2330306][140]CRTCyclicEvent.cpp:TimeMissed():101|Cycle miss in event CCSICombinedCmdManager Cyclic Event. Time Overrun is 87 us[EOL]
[2026-09-22T08:30:09.628021Z][APM_I.newgen-amplificationplatemagazine][W][2330306][140]CRTCyclicEvent.cpp:TimeMissed():101|Cycle miss in event CCSICombinedRepManager. Time Overrun is 87 us[EOL]
[2026-09-22T08:30:09.828170Z][APM_I.newgen-amplificationplatemagazine][W][2330306][140]CRTCyclicEvent.cpp:TimeMissed():101|Cycle miss in event CCSICombinedCmdManager Cyclic Event. Time Overrun is 297 us[EOL]
[2026-09-22T08:30:09.828220Z][APM_I.newgen-amplificationplatemagazine][W][2330306][140]CRTCyclicEvent.cpp:TimeMissed():101|Cycle miss in event CCSICombinedRepManager. Time Overrun is 297 us[EOL]
[2026-09-22T08:30:10.128436Z][APM_I.newgen-amplificationplatemagazine][W][2330306][140]CRTCyclicEvent.cpp:TimeMissed():101|Cycle miss in event CCSICombinedCmdManager Cyclic Event. Time Overrun is 568 us[EOL]
[2026-09-22T08:30:10.128477Z][APM_I.newgen-amplificationplatemagazine][W][2330306][140]CRTCyclicEvent.cpp:TimeMissed():101|Cycle miss in event CCSICombinedRepManager. Time Overrun is 568 us[EOL]
[2026-09-22T08:30:10.155317Z][APM_I.barcodereader][W][2330306][134]CRTCyclicEvent.cpp:TimeMissed():101|Cycle miss in event CCSICombinedCmdManager Cyclic Event. Time Overrun is 981 us[EOL]
[2026-09-22T08:30:10.155338Z][APM_I.barcodereader][W][2330306][134]CRTCyclicEvent.cpp:TimeMissed():101|Cycle miss in event CCSICombinedRepManager. Time Overrun is 981 us[EOL]
[2026-09-22T08:30:10.414499Z][APM_I.barcodereader][W][2330306][134]CRTCyclicEvent.cpp:TimeMissed():101|Cycle miss in event CCSICombinedCmdManager Cyclic Event. Time Overrun is 153 us[EOL]
[2026-09-22T08:30:10.414553Z][APM_I.barcodereader][W][2330306][134]CRTCyclicEvent.cpp:TimeMissed():101|Cycle miss in event CCSICombinedRepManager. Time Overrun is 153 us[EOL]
[2026-09-22T08:30:10.466656Z][APM_I.newgen-amplificationplatemagazine][W][2330306][140]CRTCyclicEvent.cpp:TimeMissed():101|Cycle miss in event CCSICyclicRepManager. Time Overrun is 29327 us[EOL]
[2026-09-22T08:30:10.749903Z][APM_I.newgen-amplificationplatemagazine][W][2330306][140]CRTCyclicEvent.cpp:TimeMissed():101|Cycle miss in event CCSICombinedCmdManager Cyclic Event. Time Overrun is 2031 us[EOL]
[2026-09-22T08:30:10.749943Z][APM_I.newgen-amplificationplatemagazine][W][2330306][140]CRTCyclicEvent.cpp:TimeMissed():101|Cycle miss in event CCSICombinedRepManager. Time Overrun is 2031 us[EOL]
[2026-09-22T08:30:11.222474Z][APM_I.barcodereader][W][2330306][134]CRTCyclicEvent.cpp:TimeMissed():101|Cycle miss in event CCSICombinedCmdManager Cyclic Event. Time Overrun is 428137 us[EOL]
[2026-09-22T08:30:11.222508Z][APM_I.barcodereader][W][2330306][134]CRTCyclicEvent.cpp:TimeMissed():101|Cycle miss in event CCSICombinedRepManager. Time Overrun is 428137 us[EOL]
[2026-09-22T08:30:11.588787Z][APM_I.barcodereader][W][2330306][134]CRTCyclicEvent.cpp:TimeMissed():101|Cycle miss in event CCSICombinedCmdManager Cyclic Event. Time Overrun is 14447 us[EOL]
[2026-09-22T08:30:11.588859Z][APM_I.barcodereader][W][2330306][134]CRTCyclicEvent.cpp:TimeMissed():101|Cycle miss in event CCSICombinedRepManager. Time Overrun is 14447 us[EOL]
[2026-09-22T08:30:11.589594Z][APM_I.newgen-amplificationplatemagazine][W][2330306][140]CRTCyclicEvent.cpp:TimeMissed():101|Cycle miss in event CCSICombinedCmdManager Cyclic Event. Time Overrun is 11725 us[EOL]
[2026-09-22T08:30:11.589628Z][APM_I.newgen-amplificationplatemagazine][W][2330306][140]CRTCyclicEvent.cpp:TimeMissed():101|Cycle miss in event CCSICombinedRepManager. Time Overrun is 11725 us[EOL]
[2026-09-22T08:30:11.654020Z][APM_I.newgen-amplificationplatemagazine][W][2330306][140]CRTCyclicEvent.cpp:TimeMissed():101|Cycle miss in event CCSICyclicRepManager. Time Overrun is 16688 us[EOL]
[2026-09-22T08:30:11.761118Z][APM_I.barcodereader][W][2330306][134]CRTCyclicEvent.cpp:TimeMissed():101|Cycle miss in event CCSICyclicRepManager. Time Overrun is 238406 us[EOL]
[2026-09-22T08:30:11.935068Z][APM_I.barcodereader][W][2330306][134]CRTCyclicEvent.cpp:TimeMissed():101|Cycle miss in event CCSICombinedCmdManager Cyclic Event. Time Overrun is 731 us[EOL]
[2026-09-22T08:30:11.935097Z][APM_I.barcodereader][W][2330306][134]CRTCyclicEvent.cpp:TimeMissed():101|Cycle miss in event CCSICombinedRepManager. Time Overrun is 731 us[EOL]
[2026-09-22T08:30:12.079023Z][APM_I.newgen-amplificationplatemagazine][W][2330306][140]CRTCyclicEvent.cpp:TimeMissed():101|Cycle miss in event CCSICombinedCmdManager Cyclic Event. Time Overrun is 1128 us[EOL]
[2026-09-22T08:30:12.079053Z][APM_I.newgen-amplificationplatemagazine][W][2330306][140]CRTCyclicEvent.cpp:TimeMissed():101|Cycle miss in event CCSICombinedRepManager. Time Overrun is 1128 us[EOL]
[2026-09-22T08:30:12.187518Z][APM_I.barcodereader][W][2330306][134]CRTCyclicEvent.cpp:TimeMissed():101|Cycle miss in event CCSICombinedCmdManager Cyclic Event. Time Overrun is 3181 us[EOL]
[2026-09-22T08:30:12.187554Z][APM_I.barcodereader][W][2330306][134]CRTCyclicEvent.cpp:TimeMissed():101|Cycle miss in event CCSICombinedRepManager. Time Overrun is 3181 us[EOL]
[2026-09-22T08:30:12.618526Z][APM_I.newgen-amplificationplatemagazine][W][2330306][140]CRTCyclicEvent.cpp:TimeMissed():101|Cycle miss in event CCSICombinedCmdManager Cyclic Event. Time Overrun is 654 us[EOL]
[2026-09-22T08:30:12.618579Z][APM_I.newgen-amplificationplatemagazine][W][2330306][140]CRTCyclicEvent.cpp:TimeMissed():101|Cycle miss in event CCSICombinedRepManager. Time Overrun is 654 us[EOL]
[2026-09-22T08:30:12.901801Z][APM_I.newgen-amplificationplatemagazine][W][2330306][140]CRTCyclicEvent.cpp:TimeMissed():101|Cycle miss in event CCSICyclicRepManager. Time Overrun is 64470 us[EOL]
[2026-09-22T08:30:12.967678Z][APM_I.newgen-amplificationplatemagazine][W][2330306][140]CRTCyclicEvent.cpp:TimeMissed():101|Cycle miss in event CCSICombinedCmdManager Cyclic Event. Time Overrun is 9801 us[EOL]
[2026-09-22T08:30:12.967763Z][APM_I.newgen-amplificationplatemagazine][W][2330306][140]CRTCyclicEvent.cpp:TimeMissed():101|Cycle miss in event CCSICombinedRepManager. Time Overrun is 9801 us[EOL]
[2026-09-22T08:30:13.270126Z][APM_I.newgen-amplificationplatemagazine][W][2330306][140]CRTCyclicEvent.cpp:TimeMissed():101|Cycle miss in event CCSICombinedCmdManager Cyclic Event. Time Overrun is 2259 us[EOL]
[2026-09-22T08:30:13.270160Z][APM_I.newgen-amplificationplatemagazine][W][2330306][140]CRTCyclicEvent.cpp:TimeMissed():101|Cycle miss in event CCSICombinedRepManager. Time Overrun is 2259 us[EOL]
[2026-09-22T08:30:13.295546Z][APM_I.barcodereader][W][2330306][134]CRTCyclicEvent.cpp:TimeMissed():101|Cycle miss in event CCSICombinedCmdManager Cyclic Event. Time Overrun is 1208 us[EOL]
[2026-09-22T08:30:13.295578Z][APM_I.barcodereader][W][2330306][134]CRTCyclicEvent.cpp:TimeMissed():101|Cycle miss in event CCSICombinedRepManager. Time Overrun is 1208 us[EOL]
[2026-09-22T08:30:13.459220Z][APM_I.newgen-amplificationplatemagazine][W][2330306][140]CRTCyclicEvent.cpp:TimeMissed():101|Cycle miss in event CCSICombinedCmdManager Cyclic Event. Time Overrun is 1350 us[EOL]
[2026-09-22T08:30:13.459260Z][APM_I.newgen-amplificationplatemagazine][W][2330306][140]CRTCyclicEvent.cpp:TimeMissed():101|Cycle miss in event CCSICombinedRepManager. Time Overrun is 1350 us[EOL]
[2026-09-22T08:30:13.738452Z][APM_I.barcodereader][W][2330306][134]CRTCyclicEvent.cpp:TimeMissed():101|Cycle miss in event CCSICombinedCmdManager Cyclic Event. Time Overrun is 4116 us[EOL]
[2026-09-22T08:30:13.738489Z][APM_I.barcodereader][W][2330306][134]CRTCyclicEvent.cpp:TimeMissed():101|Cycle miss in event CCSICombinedRepManager. Time Overrun is 4116 us[EOL]
[2026-09-22T08:30:13.768328Z][APM_I.newgen-amplificationplatemagazine][W][2330306][140]CRTCyclicEvent.cpp:TimeMissed():101|Cycle miss in event CCSICombinedCmdManager Cyclic Event. Time Overrun is 446 us[EOL]
[2026-09-22T08:30:13.768378Z][APM_I.newgen-amplificationplatemagazine][W][2330306][140]CRTCyclicEvent.cpp:TimeMissed():101|Cycle miss in event CCSICombinedRepManager. Time Overrun is 446 us[EOL]
[2026-09-22T08:30:15.007590Z][APM_I.newgen-amplificationplatemagazine][W][2330306][140]CRTCyclicEvent.cpp:TimeMissed():101|Cycle miss in event CCSICombinedCmdManager Cyclic Event. Time Overrun is 899710 us[EOL]
[2026-09-22T08:30:15.007659Z][APM_I.newgen-amplificationplatemagazine][W][2330306][140]CRTCyclicEvent.cpp:TimeMissed():101|Cycle miss in event CCSICombinedRepManager. Time Overrun is 899710 us[EOL]
[2026-09-22T08:30:15.007823Z][APM_I.barcodereader][W][2330306][134]CRTCyclicEvent.cpp:TimeMissed():101|Cycle miss in event CCSICombinedCmdManager Cyclic Event. Time Overrun is 893473 us[EOL]
[2026-09-22T08:30:15.007875Z][APM_I.barcodereader][W][2330306][134]CRTCyclicEvent.cpp:TimeMissed():101|Cycle miss in event CCSICombinedRepManager. Time Overrun is 893473 us[EOL]
[2026-09-22T08:30:15.007891Z][APM_I.barcodereader][W][2330306][134]CRTCyclicEvent.cpp:TimeMissed():101|Cycle miss in event CCSICyclicRepManager. Time Overrun is 785188 us[EOL]
[2026-09-22T08:30:15.148243Z][APM_I.barcodereader][W][2330306][134]CRTCyclicEvent.cpp:TimeMissed():101|Cycle miss in event CCSICombinedCmdManager Cyclic Event. Time Overrun is 3905 us[EOL]
[2026-09-22T08:30:15.148275Z][APM_I.barcodereader][W][2330306][134]CRTCyclicEvent.cpp:TimeMissed():101|Cycle miss in event CCSICombinedRepManager. Time Overrun is 3905 us[EOL]
[2026-09-22T08:30:16.120295Z][APM_I.newgen-amplificationplatemagazine][W][2330306][140]CRTCyclicEvent.cpp:TimeMissed():101|Cycle miss in event CCSICombinedCmdManager Cyclic Event. Time Overrun is 2419 us[EOL]
[2026-09-22T08:30:16.120351Z][APM_I.newgen-amplificationplatemagazine][W][2330306][140]CRTCyclicEvent.cpp:TimeMissed():101|Cycle miss in event CCSICombinedRepManager. Time Overrun is 2419 us[EOL]
[2026-09-22T08:30:16.282389Z][APM_I.newgen-amplificationplatemagazine][W][2330306][140]CRTCyclicEvent.cpp:TimeMissed():101|Cycle miss in event CCSICombinedCmdManager Cyclic Event. Time Overrun is 4516 us[EOL]
[2026-09-22T08:30:16.282445Z][APM_I.newgen-amplificationplatemagazine][W][2330306][140]CRTCyclicEvent.cpp:TimeMissed():101|Cycle miss in event CCSICombinedRepManager. Time Overrun is 4516 us[EOL]
[2026-09-22T08:30:16.394990Z][APM_I.barcodereader][W][2330306][134]CRTCyclicEvent.cpp:TimeMissed():101|Cycle miss in event CCSICombinedCmdManager Cyclic Event. Time Overrun is 646 us[EOL]
[2026-09-22T08:30:16.395067Z][APM_I.barcodereader][W][2330306][134]CRTCyclicEvent.cpp:TimeMissed():101|Cycle miss in event CCSICombinedRepManager. Time Overrun is 646 us[EOL]
[2026-09-22T08:30:16.751316Z][APM_I.barcodereader][W][2330306][134]CRTCyclicEvent.cpp:TimeMissed():101|Cycle miss in event CCSICyclicRepManager. Time Overrun is 228615 us[EOL]
[2026-09-22T08:30:18.193753Z][APM_I.newgen-amplificationplatemagazine][W][2330306][140]CRTCyclicEvent.cpp:TimeMissed():101|Cycle miss in event CCSICombinedCmdManager Cyclic Event. Time Overrun is 5884 us[EOL]
[2026-09-22T08:30:18.193791Z][APM_I.newgen-amplificationplatemagazine][W][2330306][140]CRTCyclicEvent.cpp:TimeMissed():101|Cycle miss in event CCSICombinedRepManager. Time Overrun is 5884 us[EOL]
[2026-09-22T08:30:18.869428Z][APM_I.newgen-amplificationplatemagazine][W][2330306][140]CRTCyclicEvent.cpp:TimeMissed():101|Cycle miss in event CCSICombinedCmdManager Cyclic Event. Time Overrun is 11553 us[EOL]
[2026-09-22T08:30:18.869477Z][APM_I.newgen-amplificationplatemagazine][W][2330306][140]CRTCyclicEvent.cpp:TimeMissed():101|Cycle miss in event CCSICombinedRepManager. Time Overrun is 11553 us[EOL]
[2026-09-22T08:30:18.894853Z][APM_I.barcodereader][W][2330306][134]CRTCyclicEvent.cpp:TimeMissed():101|Cycle miss in event CCSICombinedCmdManager Cyclic Event. Time Overrun is 515 us[EOL]
[2026-09-22T08:30:18.894909Z][APM_I.barcodereader][W][2330306][134]CRTCyclicEvent.cpp:TimeMissed():101|Cycle miss in event CCSICombinedRepManager. Time Overrun is 515 us[EOL]
[2026-09-22T08:30:19.037196Z][APM_I.barcodereader][W][2330306][134]CRTCyclicEvent.cpp:TimeMissed():101|Cycle miss in event CCSICombinedCmdManager Cyclic Event. Time Overrun is 2860 us[EOL]
[2026-09-22T08:30:19.037223Z][APM_I.barcodereader][W][2330306][134]CRTCyclicEvent.cpp:TimeMissed():101|Cycle miss in event CCSICombinedRepManager. Time Overrun is 2860 us[EOL]
[2026-09-22T08:30:19.037521Z][APM_I.newgen-amplificationplatemagazine][W][2330306][140]CRTCyclicEvent.cpp:TimeMissed():101|Cycle miss in event CCSICombinedCmdManager Cyclic Event. Time Overrun is 9653 us[EOL]
[2026-09-22T08:30:19.037560Z][APM_I.newgen-amplificationplatemagazine][W][2330306][140]CRTCyclicEvent.cpp:TimeMissed():101|Cycle miss in event CCSICombinedRepManager. Time Overrun is 9653 us[EOL]
[2026-09-22T08:30:19.307101Z][APM_I.barcodereader][W][2330306][134]CRTCyclicEvent.cpp:TimeMissed():101|Cycle miss in event CCSICombinedCmdManager Cyclic Event. Time Overrun is 12765 us[EOL]
[2026-09-22T08:30:19.307123Z][APM_I.barcodereader][W][2330306][134]CRTCyclicEvent.cpp:TimeMissed():101|Cycle miss in event CCSICombinedRepManager. Time Overrun is 12765 us[EOL]
[2026-09-22T08:30:19.344309Z][APM_I.newgen-amplificationplatemagazine][W][2330306][140]CRTCyclicEvent.cpp:TimeMissed():101|Cycle miss in event CCSICombinedCmdManager Cyclic Event. Time Overrun is 6441 us[EOL]
[2026-09-22T08:30:19.344344Z][APM_I.newgen-amplificationplatemagazine][W][2330306][140]CRTCyclicEvent.cpp:TimeMissed():101|Cycle miss in event CCSICombinedRepManager. Time Overrun is 6441 us[EOL]
[2026-09-22T08:30:19.469782Z][APM_I.newgen-amplificationplatemagazine][W][2330306][140]CRTCyclicEvent.cpp:TimeMissed():101|Cycle miss in event CCSICombinedCmdManager Cyclic Event. Time Overrun is 1900 us[EOL]
[2026-09-22T08:30:19.469875Z][APM_I.newgen-amplificationplatemagazine][W][2330306][140]CRTCyclicEvent.cpp:TimeMissed():101|Cycle miss in event CCSICombinedRepManager. Time Overrun is 1900 us[EOL]
[2026-09-22T08:30:20.896010Z][APM_I.barcodereader][W][2330306][134]CRTCyclicEvent.cpp:TimeMissed():101|Cycle miss in event CCSICombinedCmdManager Cyclic Event. Time Overrun is 1669 us[EOL]
[2026-09-22T08:30:20.896052Z][APM_I.barcodereader][W][2330306][134]CRTCyclicEvent.cpp:TimeMissed():101|Cycle miss in event CCSICombinedRepManager. Time Overrun is 1669 us[EOL]
[2026-09-22T08:30:21.159653Z][APM_I.newgen-amplificationplatemagazine][W][2330306][140]CRTCyclicEvent.cpp:TimeMissed():101|Cycle miss in event CCSICombinedCmdManager Cyclic Event. Time Overrun is 91780 us[EOL]
[2026-09-22T08:30:21.159702Z][APM_I.newgen-amplificationplatemagazine][W][2330306][140]CRTCyclicEvent.cpp:TimeMissed():101|Cycle miss in event CCSICombinedRepManager. Time Overrun is 91780 us[EOL]
[2026-09-22T08:30:22.308434Z][APM_I.barcodereader][W][2330306][134]CRTCyclicEvent.cpp:TimeMissed():101|Cycle miss in event CCSICombinedCmdManager Cyclic Event. Time Overrun is 3997 us[EOL]
[2026-09-22T08:30:22.308646Z][APM_I.barcodereader][W][2330306][134]CRTCyclicEvent.cpp:TimeMissed():101|Cycle miss in event CCSICombinedRepManager. Time Overrun is 3997 us[EOL]
[2026-09-22T08:30:22.308664Z][APM_I.newgen-amplificationplatemagazine][W][2330306][140]CRTCyclicEvent.cpp:TimeMissed():101|Cycle miss in event CCSICombinedCmdManager Cyclic Event. Time Overrun is 795 us[EOL]
[2026-09-22T08:30:22.308700Z][APM_I.newgen-amplificationplatemagazine][W][2330306][140]CRTCyclicEvent.cpp:TimeMissed():101|Cycle miss in event CCSICombinedRepManager. Time Overrun is 795 us[EOL]
[2026-09-22T08:30:22.686227Z][APM_I.barcodereader][W][2330306][134]CRTCyclicEvent.cpp:TimeMissed():101|Cycle miss in event CCSICombinedCmdManager Cyclic Event. Time Overrun is 1891 us[EOL]
[2026-09-22T08:30:22.686257Z][APM_I.barcodereader][W][2330306][134]CRTCyclicEvent.cpp:TimeMissed():101|Cycle miss in event CCSICombinedRepManager. Time Overrun is 1891 us[EOL]
[2026-09-22T08:30:24.140595Z][APM_I.barcodereader][W][2330306][134]CRTCyclicEvent.cpp:TimeMissed():101|Cycle miss in event CCSICombinedCmdManager Cyclic Event. Time Overrun is 6257 us[EOL]
[2026-09-22T08:30:24.140628Z][APM_I.barcodereader][W][2330306][134]CRTCyclicEvent.cpp:TimeMissed():101|Cycle miss in event CCSICombinedRepManager. Time Overrun is 6257 us[EOL]
[2026-09-22T08:30:24.423450Z][APM_I.newgen-amplificationplatemagazine][W][2330306][140]CRTCyclicEvent.cpp:TimeMissed():101|Cycle miss in event CCSICombinedCmdManager Cyclic Event. Time Overrun is 5581 us[EOL]
[2026-09-22T08:30:24.423483Z][APM_I.newgen-amplificationplatemagazine][W][2330306][140]CRTCyclicEvent.cpp:TimeMissed():101|Cycle miss in event CCSICombinedRepManager. Time Overrun is 5581 us[EOL]
[2026-09-22T08:30:26.563961Z][APM_I.newgen-amplificationplatemagazine][W][2330306][140]CRTCyclicEvent.cpp:TimeMissed():101|Cycle miss in event CCSICombinedCmdManager Cyclic Event. Time Overrun is 116093 us[EOL]
[2026-09-22T08:30:26.563997Z][APM_I.newgen-amplificationplatemagazine][W][2330306][140]CRTCyclicEvent.cpp:TimeMissed():101|Cycle miss in event CCSICombinedRepManager. Time Overrun is 116093 us[EOL]
[2026-09-22T08:30:26.563941Z][APM_I.barcodereader][W][2330306][134]CRTCyclicEvent.cpp:TimeMissed():101|Cycle miss in event CCSICombinedCmdManager Cyclic Event. Time Overrun is 119604 us[EOL]
[2026-09-22T08:30:26.563987Z][APM_I.barcodereader][W][2330306][134]CRTCyclicEvent.cpp:TimeMissed():101|Cycle miss in event CCSICombinedRepManager. Time Overrun is 119604 us[EOL]
[2026-09-22T08:30:26.759494Z][APM_I.barcodereader][W][2330306][134]CRTCyclicEvent.cpp:TimeMissed():101|Cycle miss in event CCSICyclicRepManager. Time Overrun is 136791 us[EOL]
[2026-09-22T08:30:27.759108Z][APM_I.newgen-amplificationplatemagazine][W][2330306][140]CRTCyclicEvent.cpp:TimeMissed():101|Cycle miss in event CCSICombinedCmdManager Cyclic Event. Time Overrun is 1230 us[EOL]
[2026-09-22T08:30:27.759175Z][APM_I.newgen-amplificationplatemagazine][W][2330306][140]CRTCyclicEvent.cpp:TimeMissed():101|Cycle miss in event CCSICombinedRepManager. Time Overrun is 1230 us[EOL]
[2026-09-22T08:30:27.927623Z][APM_I.newgen-amplificationplatemagazine][W][2330306][140]CRTCyclicEvent.cpp:TimeMissed():101|Cycle miss in event CCSICombinedCmdManager Cyclic Event. Time Overrun is 19753 us[EOL]
[2026-09-22T08:30:27.927672Z][APM_I.newgen-amplificationplatemagazine][W][2330306][140]CRTCyclicEvent.cpp:TimeMissed():101|Cycle miss in event CCSICombinedRepManager. Time Overrun is 19753 us[EOL]
[2026-09-22T08:30:28.547088Z][APM_I.barcodereader][W][2330306][134]CRTCyclicEvent.cpp:TimeMissed():101|Cycle miss in event CCSICombinedCmdManager Cyclic Event. Time Overrun is 2744 us[EOL]
[2026-09-22T08:30:28.547154Z][APM_I.barcodereader][W][2330306][134]CRTCyclicEvent.cpp:TimeMissed():101|Cycle miss in event CCSICombinedRepManager. Time Overrun is 2744 us[EOL]
[2026-09-22T08:30:28.747593Z][APM_I.newgen-amplificationplatemagazine][I][2560016][140]IMessageHandler.h:operator()():40|Received RabbitMqMessage Roche.MolLab.InstrumentState.Ping. Content: {"Timestamp":"2026-09-22T08:30:28.7035206Z","PingId":"IS1"}[EOL]
[2026-09-22T08:30:28.747648Z][APM_I.newgen-amplificationplatemagazine][I][844444436][140]UnitCommunicator.cpp:SendEvent():424|Publishing event: type=Roche.c68_8800.AmplificationPlateMagazine.I.Echo correlation_id=(n/a)[EOL]
[2026-09-22T08:30:28.747688Z][APM_I.newgen-amplificationplatemagazine][I][2560017][140]MessageSender.h:SendEvent():105|Sent RabbitMqEvent Roche.c68_8800.AmplificationPlateMagazine.I.Echo. Content: {"Timestamp":"2026-09-22T08:30:28.747642Z","MagazineId":"I","PingId":"IS1"}[EOL]
[2026-09-22T08:30:28.793580Z][APM_I.barcodereader][W][2330306][134]CRTCyclicEvent.cpp:TimeMissed():101|Cycle miss in event CCSICombinedCmdManager Cyclic Event. Time Overrun is 9244 us[EOL]
[2026-09-22T08:30:28.793604Z][APM_I.barcodereader][W][2330306][134]CRTCyclicEvent.cpp:TimeMissed():101|Cycle miss in event CCSICombinedRepManager. Time Overrun is 9244 us[EOL]
[2026-09-22T08:30:28.850055Z][APM_I.newgen-amplificationplatemagazine][W][2330306][140]CRTCyclicEvent.cpp:TimeMissed():101|Cycle miss in event CCSICombinedCmdManager Cyclic Event. Time Overrun is 2186 us[EOL]
[2026-09-22T08:30:28.850099Z][APM_I.newgen-amplificationplatemagazine][W][2330306][140]CRTCyclicEvent.cpp:TimeMissed():101|Cycle miss in event CCSICombinedRepManager. Time Overrun is 2186 us[EOL]
[2026-09-22T08:30:28.911899Z][APM_I.barcodereader][W][2330306][134]CRTCyclicEvent.cpp:TimeMissed():101|Cycle miss in event CCSICombinedCmdManager Cyclic Event. Time Overrun is 7556 us[EOL]
[2026-09-22T08:30:28.911938Z][APM_I.barcodereader][W][2330306][134]CRTCyclicEvent.cpp:TimeMissed():101|Cycle miss in event CCSICombinedRepManager. Time Overrun is 7556 us[EOL]
[2026-09-22T08:30:29.010898Z][APM_I.newgen-amplificationplatemagazine][W][2330306][140]CRTCyclicEvent.cpp:TimeMissed():101|Cycle miss in event CCSICombinedCmdManager Cyclic Event. Time Overrun is 3018 us[EOL]
[2026-09-22T08:30:29.010944Z][APM_I.newgen-amplificationplatemagazine][W][2330306][140]CRTCyclicEvent.cpp:TimeMissed():101|Cycle miss in event CCSICombinedRepManager. Time Overrun is 3018 us[EOL]
[2026-09-22T08:30:29.232237Z][APM_I.newgen-amplificationplatemagazine][W][2330306][140]CRTCyclicEvent.cpp:TimeMissed():101|Cycle miss in event CCSICombinedCmdManager Cyclic Event. Time Overrun is 4364 us[EOL]
[2026-09-22T08:30:29.232327Z][APM_I.newgen-amplificationplatemagazine][W][2330306][140]CRTCyclicEvent.cpp:TimeMissed():101|Cycle miss in event CCSICombinedRepManager. Time Overrun is 4364 us[EOL]
[2026-09-22T08:30:29.299566Z][APM_I.barcodereader][W][2330306][134]CRTCyclicEvent.cpp:TimeMissed():101|Cycle miss in event CCSICombinedCmdManager Cyclic Event. Time Overrun is 5228 us[EOL]
[2026-09-22T08:30:29.299597Z][APM_I.barcodereader][W][2330306][134]CRTCyclicEvent.cpp:TimeMissed():101|Cycle miss in event CCSICombinedRepManager. Time Overrun is 5228 us[EOL]
[2026-09-22T08:30:29.367922Z][APM_I.newgen-amplificationplatemagazine][W][2330306][140]CRTCyclicEvent.cpp:TimeMissed():101|Cycle miss in event CCSICombinedCmdManager Cyclic Event. Time Overrun is 54 us[EOL]
[2026-09-22T08:30:29.367966Z][APM_I.newgen-amplificationplatemagazine][W][2330306][140]CRTCyclicEvent.cpp:TimeMissed():101|Cycle miss in event CCSICombinedRepManager. Time Overrun is 54 us[EOL]
[2026-09-22T08:30:30.321739Z][APM_I.barcodereader][W][2330306][134]CRTCyclicEvent.cpp:TimeMissed():101|Cycle miss in event CCSICombinedCmdManager Cyclic Event. Time Overrun is 57398 us[EOL]
[2026-09-22T08:30:30.321779Z][APM_I.barcodereader][W][2330306][134]CRTCyclicEvent.cpp:TimeMissed():101|Cycle miss in event CCSICombinedRepManager. Time Overrun is 57398 us[EOL]
[2026-09-22T08:30:30.521064Z][APM_I.barcodereader][W][2330306][134]CRTCyclicEvent.cpp:TimeMissed():101|Cycle miss in event CCSICombinedCmdManager Cyclic Event. Time Overrun is 76724 us[EOL]
[2026-09-22T08:30:30.521102Z][APM_I.barcodereader][W][2330306][134]CRTCyclicEvent.cpp:TimeMissed():101|Cycle miss in event CCSICombinedRepManager. Time Overrun is 76724 us[EOL]
[2026-09-22T08:30:30.731509Z][APM_I.barcodereader][W][2330306][134]CRTCyclicEvent.cpp:TimeMissed():101|Cycle miss in event CCSICombinedCmdManager Cyclic Event. Time Overrun is 97168 us[EOL]
[2026-09-22T08:30:30.731558Z][APM_I.barcodereader][W][2330306][134]CRTCyclicEvent.cpp:TimeMissed():101|Cycle miss in event CCSICombinedRepManager. Time Overrun is 97168 us[EOL]
[2026-09-22T08:30:30.920940Z][APM_I.barcodereader][W][2330306][134]CRTCyclicEvent.cpp:TimeMissed():101|Cycle miss in event CCSICombinedCmdManager Cyclic Event. Time Overrun is 66600 us[EOL]
[2026-09-22T08:30:30.920974Z][APM_I.barcodereader][W][2330306][134]CRTCyclicEvent.cpp:TimeMissed():101|Cycle miss in event CCSICombinedRepManager. Time Overrun is 66600 us[EOL]
[2026-09-22T08:30:31.036878Z][APM_I.barcodereader][W][2330306][134]CRTCyclicEvent.cpp:TimeMissed():101|Cycle miss in event CCSICombinedCmdManager Cyclic Event. Time Overrun is 2414 us[EOL]
[2026-09-22T08:30:31.037056Z][APM_I.barcodereader][W][2330306][134]CRTCyclicEvent.cpp:TimeMissed():101|Cycle miss in event CCSICombinedRepManager. Time Overrun is 2414 us[EOL]
[2026-09-22T08:30:31.243049Z][APM_I.barcodereader][W][2330306][134]CRTCyclicEvent.cpp:TimeMissed():101|Cycle miss in event CCSICombinedCmdManager Cyclic Event. Time Overrun is 78709 us[EOL]
[2026-09-22T08:30:31.243131Z][APM_I.barcodereader][W][2330306][134]CRTCyclicEvent.cpp:TimeMissed():101|Cycle miss in event CCSICombinedRepManager. Time Overrun is 78709 us[EOL]
[2026-09-22T08:30:31.441646Z][APM_I.barcodereader][W][2330306][134]CRTCyclicEvent.cpp:TimeMissed():101|Cycle miss in event CCSICombinedCmdManager Cyclic Event. Time Overrun is 67303 us[EOL]
[2026-09-22T08:30:31.441701Z][APM_I.barcodereader][W][2330306][134]CRTCyclicEvent.cpp:TimeMissed():101|Cycle miss in event CCSICombinedRepManager. Time Overrun is 67303 us[EOL]
[2026-09-22T08:30:31.572045Z][APM_I.barcodereader][W][2330306][134]CRTCyclicEvent.cpp:TimeMissed():101|Cycle miss in event CCSICombinedCmdManager Cyclic Event. Time Overrun is 17704 us[EOL]
[2026-09-22T08:30:31.572079Z][APM_I.barcodereader][W][2330306][134]CRTCyclicEvent.cpp:TimeMissed():101|Cycle miss in event CCSICombinedRepManager. Time Overrun is 17704 us[EOL]
[2026-09-22T08:30:31.953959Z][APM_I.newgen-amplificationplatemagazine][W][2330306][140]CRTCyclicEvent.cpp:TimeMissed():101|Cycle miss in event CCSICyclicRepManager. Time Overrun is 16624 us[EOL]
[2026-09-22T08:30:32.078028Z][APM_I.barcodereader][W][2330306][134]CRTCyclicEvent.cpp:TimeMissed():101|Cycle miss in event CCSICombinedCmdManager Cyclic Event. Time Overrun is 103691 us[EOL]
[2026-09-22T08:30:32.078053Z][APM_I.barcodereader][W][2330306][134]CRTCyclicEvent.cpp:TimeMissed():101|Cycle miss in event CCSICombinedRepManager. Time Overrun is 103691 us[EOL]
[2026-09-22T08:30:32.217874Z][APM_I.barcodereader][W][2330306][134]CRTCyclicEvent.cpp:TimeMissed():101|Cycle miss in event CCSICombinedCmdManager Cyclic Event. Time Overrun is 23534 us[EOL]
[2026-09-22T08:30:32.217930Z][APM_I.barcodereader][W][2330306][134]CRTCyclicEvent.cpp:TimeMissed():101|Cycle miss in event CCSICombinedRepManager. Time Overrun is 23534 us[EOL]
[2026-09-22T08:30:32.278812Z][APM_I.newgen-amplificationplatemagazine][W][2330306][140]CRTCyclicEvent.cpp:TimeMissed():101|Cycle miss in event CCSICombinedCmdManager Cyclic Event. Time Overrun is 2750930 us[EOL]
[2026-09-22T08:30:32.278859Z][APM_I.newgen-amplificationplatemagazine][W][2330306][140]CRTCyclicEvent.cpp:TimeMissed():101|Cycle miss in event CCSICombinedRepManager. Time Overrun is 2750930 us[EOL]
[2026-09-22T08:30:32.336439Z][APM_I.barcodereader][W][2330306][134]CRTCyclicEvent.cpp:TimeMissed():101|Cycle miss in event CCSICombinedCmdManager Cyclic Event. Time Overrun is 2104 us[EOL]
[2026-09-22T08:30:32.336461Z][APM_I.barcodereader][W][2330306][134]CRTCyclicEvent.cpp:TimeMissed():101|Cycle miss in event CCSICombinedRepManager. Time Overrun is 2104 us[EOL]
[2026-09-22T08:30:32.674610Z][APM_I.barcodereader][W][2330306][134]CRTCyclicEvent.cpp:TimeMissed():101|Cycle miss in event CCSICombinedCmdManager Cyclic Event. Time Overrun is 263 us[EOL]
[2026-09-22T08:30:32.674683Z][APM_I.barcodereader][W][2330306][134]CRTCyclicEvent.cpp:TimeMissed():101|Cycle miss in event CCSICombinedRepManager. Time Overrun is 263 us[EOL]
[2026-09-22T08:30:33.118924Z][APM_I.newgen-amplificationplatemagazine][W][2330306][140]CRTCyclicEvent.cpp:TimeMissed():101|Cycle miss in event CCSICombinedCmdManager Cyclic Event. Time Overrun is 1048 us[EOL]
[2026-09-22T08:30:33.118972Z][APM_I.newgen-amplificationplatemagazine][W][2330306][140]CRTCyclicEvent.cpp:TimeMissed():101|Cycle miss in event CCSICombinedRepManager. Time Overrun is 1048 us[EOL]
[2026-09-22T08:30:33.326464Z][APM_I.newgen-amplificationplatemagazine][I][2560016][140]IMessageHandler.h:operator()():53|Received RabbitMqMessage Roche.c68_8800.InstrumentState.InstrumentStateChanged. Content: {"Timestamp":"2026-09-22T08:30:29.4305208Z","TraceContext":"00-819380aeb3d0d060e0455e221ce4a92c-894abe7a711e0278-01","OldState":"PoweredOff","NewState":"StartingUp"}[EOL]
[2026-09-22T08:30:33.326499Z][APM_I.newgen-amplificationplatemagazine][I][2560016][140]IMessageHandler.h:operator()():40|Received RabbitMqMessage Roche.c68_8800.InstrumentState.InstrumentStateChanged. Content: {"Timestamp":"2026-09-22T08:30:29.4305208Z","TraceContext":"00-819380aeb3d0d060e0455e221ce4a92c-894abe7a711e0278-01","OldState":"PoweredOff","NewState":"StartingUp"}[EOL]
[2026-09-22T08:30:33.457276Z][APM_I.barcodereader][W][2330306][134]CRTCyclicEvent.cpp:TimeMissed():101|Cycle miss in event CCSICombinedCmdManager Cyclic Event. Time Overrun is 2934 us[EOL]
[2026-09-22T08:30:33.457325Z][APM_I.barcodereader][W][2330306][134]CRTCyclicEvent.cpp:TimeMissed():101|Cycle miss in event CCSICombinedRepManager. Time Overrun is 2934 us[EOL]
[2026-09-22T08:30:33.455748Z][APM_I.newgen-amplificationplatemagazine][W][2330306][140]CRTCyclicEvent.cpp:TimeMissed():101|Cycle miss in event CCSICombinedCmdManager Cyclic Event. Time Overrun is 7874 us[EOL]
[2026-09-22T08:30:33.455827Z][APM_I.newgen-amplificationplatemagazine][W][2330306][140]CRTCyclicEvent.cpp:TimeMissed():101|Cycle miss in event CCSICombinedRepManager. Time Overrun is 7874 us[EOL]
[2026-09-22T08:30:33.877665Z][APM_I.newgen-amplificationplatemagazine][W][2330306][140]CRTCyclicEvent.cpp:TimeMissed():101|Cycle miss in event CCSICombinedCmdManager Cyclic Event. Time Overrun is 59799 us[EOL]
[2026-09-22T08:30:33.877964Z][APM_I.barcodereader][W][2330306][134]CRTCyclicEvent.cpp:TimeMissed():101|Cycle miss in event CCSICombinedCmdManager Cyclic Event. Time Overrun is 53627 us[EOL]
[2026-09-22T08:30:33.877992Z][APM_I.barcodereader][W][2330306][134]CRTCyclicEvent.cpp:TimeMissed():101|Cycle miss in event CCSICombinedRepManager. Time Overrun is 53627 us[EOL]
[2026-09-22T08:30:33.877694Z][APM_I.newgen-amplificationplatemagazine][W][2330306][140]CRTCyclicEvent.cpp:TimeMissed():101|Cycle miss in event CCSICombinedRepManager. Time Overrun is 59799 us[EOL]
[2026-09-22T08:30:34.073781Z][APM_I.barcodereader][W][2330306][134]CRTCyclicEvent.cpp:TimeMissed():101|Cycle miss in event CCSICombinedCmdManager Cyclic Event. Time Overrun is 19438 us[EOL]
[2026-09-22T08:30:34.073489Z][APM_I.newgen-amplificationplatemagazine][W][2330306][140]CRTCyclicEvent.cpp:TimeMissed():101|Cycle miss in event CCSICombinedCmdManager Cyclic Event. Time Overrun is 35619 us[EOL]
[2026-09-22T08:30:34.073531Z][APM_I.newgen-amplificationplatemagazine][W][2330306][140]CRTCyclicEvent.cpp:TimeMissed():101|Cycle miss in event CCSICombinedRepManager. Time Overrun is 35619 us[EOL]
[2026-09-22T08:30:34.073821Z][APM_I.barcodereader][W][2330306][134]CRTCyclicEvent.cpp:TimeMissed():101|Cycle miss in event CCSICombinedRepManager. Time Overrun is 19438 us[EOL]
[2026-09-22T08:30:34.190317Z][APM_I.newgen-amplificationplatemagazine][W][2330306][140]CRTCyclicEvent.cpp:TimeMissed():101|Cycle miss in event CCSICombinedCmdManager Cyclic Event. Time Overrun is 2446 us[EOL]
[2026-09-22T08:30:34.190376Z][APM_I.newgen-amplificationplatemagazine][W][2330306][140]CRTCyclicEvent.cpp:TimeMissed():101|Cycle miss in event CCSICombinedRepManager. Time Overrun is 2446 us[EOL]
[2026-09-22T08:30:34.372698Z][APM_I.barcodereader][W][2330306][134]CRTCyclicEvent.cpp:TimeMissed():101|Cycle miss in event CCSICombinedCmdManager Cyclic Event. Time Overrun is 58361 us[EOL]
[2026-09-22T08:30:34.372726Z][APM_I.barcodereader][W][2330306][134]CRTCyclicEvent.cpp:TimeMissed():101|Cycle miss in event CCSICombinedRepManager. Time Overrun is 58361 us[EOL]
[2026-09-22T08:30:34.386375Z][APM_I.newgen-amplificationplatemagazine][W][2330306][140]CRTCyclicEvent.cpp:TimeMissed():101|Cycle miss in event CCSICombinedCmdManager Cyclic Event. Time Overrun is 8507 us[EOL]
[2026-09-22T08:30:34.386405Z][APM_I.newgen-amplificationplatemagazine][W][2330306][140]CRTCyclicEvent.cpp:TimeMissed():101|Cycle miss in event CCSICombinedRepManager. Time Overrun is 8507 us[EOL]
[2026-09-22T08:30:34.538632Z][APM_I.barcodereader][W][2330306][134]CRTCyclicEvent.cpp:TimeMissed():101|Cycle miss in event CCSICombinedCmdManager Cyclic Event. Time Overrun is 4295 us[EOL]
[2026-09-22T08:30:34.538891Z][APM_I.newgen-amplificationplatemagazine][W][2330306][140]CRTCyclicEvent.cpp:TimeMissed():101|Cycle miss in event CCSICombinedCmdManager Cyclic Event. Time Overrun is 1020 us[EOL]
[2026-09-22T08:30:34.538667Z][APM_I.barcodereader][W][2330306][134]CRTCyclicEvent.cpp:TimeMissed():101|Cycle miss in event CCSICombinedRepManager. Time Overrun is 4295 us[EOL]
[2026-09-22T08:30:34.538932Z][APM_I.newgen-amplificationplatemagazine][W][2330306][140]CRTCyclicEvent.cpp:TimeMissed():101|Cycle miss in event CCSICombinedRepManager. Time Overrun is 1020 us[EOL]
[2026-09-22T08:30:34.724418Z][APM_I.barcodereader][W][2330306][134]CRTCyclicEvent.cpp:TimeMissed():101|Cycle miss in event CCSICombinedCmdManager Cyclic Event. Time Overrun is 78 us[EOL]
[2026-09-22T08:30:34.724553Z][APM_I.barcodereader][W][2330306][134]CRTCyclicEvent.cpp:TimeMissed():101|Cycle miss in event CCSICombinedRepManager. Time Overrun is 78 us[EOL]
[2026-09-22T08:30:34.845364Z][APM_I.newgen-amplificationplatemagazine][W][2330306][140]CRTCyclicEvent.cpp:TimeMissed():101|Cycle miss in event CCSICombinedCmdManager Cyclic Event. Time Overrun is 7491 us[EOL]
[2026-09-22T08:30:34.845418Z][APM_I.newgen-amplificationplatemagazine][W][2330306][140]CRTCyclicEvent.cpp:TimeMissed():101|Cycle miss in event CCSICombinedRepManager. Time Overrun is 7491 us[EOL]
[2026-09-22T08:30:34.879316Z][APM_I.barcodereader][W][2330306][134]CRTCyclicEvent.cpp:TimeMissed():101|Cycle miss in event CCSICombinedCmdManager Cyclic Event. Time Overrun is 4978 us[EOL]
[2026-09-22T08:30:34.879366Z][APM_I.barcodereader][W][2330306][134]CRTCyclicEvent.cpp:TimeMissed():101|Cycle miss in event CCSICombinedRepManager. Time Overrun is 4978 us[EOL]
[2026-09-22T08:30:35.038503Z][APM_I.newgen-amplificationplatemagazine][W][2330306][140]CRTCyclicEvent.cpp:TimeMissed():101|Cycle miss in event CCSICombinedCmdManager Cyclic Event. Time Overrun is 635 us[EOL]
[2026-09-22T08:30:35.038536Z][APM_I.newgen-amplificationplatemagazine][W][2330306][140]CRTCyclicEvent.cpp:TimeMissed():101|Cycle miss in event CCSICombinedRepManager. Time Overrun is 635 us[EOL]
[2026-09-22T08:30:35.107452Z][APM_I.barcodereader][W][2330306][134]CRTCyclicEvent.cpp:TimeMissed():101|Cycle miss in event CCSICombinedCmdManager Cyclic Event. Time Overrun is 3113 us[EOL]
[2026-09-22T08:30:35.107489Z][APM_I.barcodereader][W][2330306][134]CRTCyclicEvent.cpp:TimeMissed():101|Cycle miss in event CCSICombinedRepManager. Time Overrun is 3113 us[EOL]
[2026-09-22T08:30:35.164274Z][APM_I.newgen-amplificationplatemagazine][W][2330306][140]CRTCyclicEvent.cpp:TimeMissed():101|Cycle miss in event CCSICombinedCmdManager Cyclic Event. Time Overrun is 6384 us[EOL]
[2026-09-22T08:30:35.164325Z][APM_I.newgen-amplificationplatemagazine][W][2330306][140]CRTCyclicEvent.cpp:TimeMissed():101|Cycle miss in event CCSICombinedRepManager. Time Overrun is 6384 us[EOL]
[2026-09-22T08:30:35.287905Z][APM_I.barcodereader][W][2330306][134]CRTCyclicEvent.cpp:TimeMissed():101|Cycle miss in event CCSICombinedCmdManager Cyclic Event. Time Overrun is 3565 us[EOL]
[2026-09-22T08:30:35.287938Z][APM_I.barcodereader][W][2330306][134]CRTCyclicEvent.cpp:TimeMissed():101|Cycle miss in event CCSICombinedRepManager. Time Overrun is 3565 us[EOL]
[2026-09-22T08:30:35.372300Z][APM_I.newgen-amplificationplatemagazine][W][2330306][140]CRTCyclicEvent.cpp:TimeMissed():101|Cycle miss in event CCSICombinedCmdManager Cyclic Event. Time Overrun is 4431 us[EOL]
[2026-09-22T08:30:35.372334Z][APM_I.newgen-amplificationplatemagazine][W][2330306][140]CRTCyclicEvent.cpp:TimeMissed():101|Cycle miss in event CCSICombinedRepManager. Time Overrun is 4431 us[EOL]
[2026-09-22T08:30:36.198865Z][APM_I.newgen-amplificationplatemagazine][W][2330306][140]CRTCyclicEvent.cpp:TimeMissed():101|Cycle miss in event CCSICombinedCmdManager Cyclic Event. Time Overrun is 999 us[EOL]
[2026-09-22T08:30:36.198897Z][APM_I.newgen-amplificationplatemagazine][W][2330306][140]CRTCyclicEvent.cpp:TimeMissed():101|Cycle miss in event CCSICombinedRepManager. Time Overrun is 999 us[EOL]
[2026-09-22T08:30:36.295840Z][APM_I.barcodereader][W][2330306][134]CRTCyclicEvent.cpp:TimeMissed():101|Cycle miss in event CCSICombinedCmdManager Cyclic Event. Time Overrun is 1499 us[EOL]
[2026-09-22T08:30:36.295884Z][APM_I.barcodereader][W][2330306][134]CRTCyclicEvent.cpp:TimeMissed():101|Cycle miss in event CCSICombinedRepManager. Time Overrun is 1499 us[EOL]
[2026-09-22T08:30:37.087437Z][APM_I.newgen-amplificationplatemagazine][W][2330306][140]CRTCyclicEvent.cpp:TimeMissed():101|Cycle miss in event CCSICombinedCmdManager Cyclic Event. Time Overrun is 39565 us[EOL]
[2026-09-22T08:30:37.087485Z][APM_I.newgen-amplificationplatemagazine][W][2330306][140]CRTCyclicEvent.cpp:TimeMissed():101|Cycle miss in event CCSICombinedRepManager. Time Overrun is 39565 us[EOL]
[2026-09-22T08:30:37.335632Z][APM_I.barcodereader][W][2330306][134]CRTCyclicEvent.cpp:TimeMissed():101|Cycle miss in event CCSICombinedCmdManager Cyclic Event. Time Overrun is 31294 us[EOL]
[2026-09-22T08:30:37.335663Z][APM_I.barcodereader][W][2330306][134]CRTCyclicEvent.cpp:TimeMissed():101|Cycle miss in event CCSICombinedRepManager. Time Overrun is 31294 us[EOL]
[2026-09-22T08:30:38.028575Z][APM_I.barcodereader][W][2330306][134]CRTCyclicEvent.cpp:TimeMissed():101|Cycle miss in event CCSICombinedCmdManager Cyclic Event. Time Overrun is 4235 us[EOL]
[2026-09-22T08:30:38.028609Z][APM_I.barcodereader][W][2330306][134]CRTCyclicEvent.cpp:TimeMissed():101|Cycle miss in event CCSICombinedRepManager. Time Overrun is 4235 us[EOL]
[2026-09-22T08:30:38.078951Z][APM_I.newgen-amplificationplatemagazine][W][2330306][140]CRTCyclicEvent.cpp:TimeMissed():101|Cycle miss in event CCSICombinedCmdManager Cyclic Event. Time Overrun is 1053 us[EOL]
[2026-09-22T08:30:38.078991Z][APM_I.newgen-amplificationplatemagazine][W][2330306][140]CRTCyclicEvent.cpp:TimeMissed():101|Cycle miss in event CCSICombinedRepManager. Time Overrun is 1053 us[EOL]
[2026-09-22T08:30:39.205522Z][APM_I.barcodereader][W][2330306][134]CRTCyclicEvent.cpp:TimeMissed():101|Cycle miss in event CCSICombinedCmdManager Cyclic Event. Time Overrun is 1173 us[EOL]
[2026-09-22T08:30:39.205649Z][APM_I.barcodereader][W][2330306][134]CRTCyclicEvent.cpp:TimeMissed():101|Cycle miss in event CCSICombinedRepManager. Time Overrun is 1173 us[EOL]
[2026-09-22T08:30:39.398309Z][APM_I.newgen-amplificationplatemagazine][W][2330306][140]CRTCyclicEvent.cpp:TimeMissed():101|Cycle miss in event CCSICombinedCmdManager Cyclic Event. Time Overrun is 440 us[EOL]
[2026-09-22T08:30:39.398348Z][APM_I.newgen-amplificationplatemagazine][W][2330306][140]CRTCyclicEvent.cpp:TimeMissed():101|Cycle miss in event CCSICombinedRepManager. Time Overrun is 440 us[EOL]
[2026-09-22T08:30:40.081567Z][APM_I.newgen-amplificationplatemagazine][W][2330306][140]CRTCyclicEvent.cpp:TimeMissed():101|Cycle miss in event CCSICombinedCmdManager Cyclic Event. Time Overrun is 3697 us[EOL]
[2026-09-22T08:30:40.081611Z][APM_I.newgen-amplificationplatemagazine][W][2330306][140]CRTCyclicEvent.cpp:TimeMissed():101|Cycle miss in event CCSICombinedRepManager. Time Overrun is 3697 us[EOL]
[2026-09-22T08:30:40.125088Z][APM_I.barcodereader][W][2330306][134]CRTCyclicEvent.cpp:TimeMissed():101|Cycle miss in event CCSICombinedCmdManager Cyclic Event. Time Overrun is 750 us[EOL]
[2026-09-22T08:30:40.125131Z][APM_I.barcodereader][W][2330306][134]CRTCyclicEvent.cpp:TimeMissed():101|Cycle miss in event CCSICombinedRepManager. Time Overrun is 750 us[EOL]
[2026-09-22T08:30:42.995231Z][APM_I.newgen-amplificationplatemagazine][I][2560016][140]IMessageHandler.h:operator()():53|Received RabbitMqMessage Roche.MolLab.PersistentMemory.MamConfigured. Content: {"Timestamp":"2026-09-22T08:30:42.954048Z","TraceContext":"00-819380aeb3d0d060e0455e221ce4a92c-9638ad2b6235bbf5-01"}[EOL]
[2026-09-22T08:30:43.003929Z][APM_I.barcodereader][N][2330477][134]CConnectionHandler.cpp:RegisterConnection():104|Socket added to epoll with identifier 0x0 (0), file descriptor 13.[EOL]
[2026-09-22T08:30:43.003971Z][APM_I.barcodereader][N][2330467][134]CDefaultStreamHandler.cpp:OnConnectionAccepted():405|New connection established. file descriptor 13[EOL]
[2026-09-22T08:30:43.059187Z][APM_I.barcodereader][N][2330473][134]CClientSocketChannel.cpp:Connect():196|Connecting to socket with identifier 0x114a01 (1133057).[EOL]
[2026-09-22T08:30:42.997403Z][APM_I.newgen-amplificationplatemagazine][I][1009001][140]CConfigureOneMotorDeviceIntProcedure.cpp:SetParameter():147|MotionDevice 0[EOL]
[2026-09-22T08:30:43.059596Z][APM_I.barcodereader][N][2330473][134]CClientSocketChannel.cpp:Connect():207|Registering socket connection with identifier 0x114a01 (1133057), file descriptor 14.[EOL]
[2026-09-22T08:30:43.059658Z][APM_I.barcodereader][N][2330477][134]CConnectionHandler.cpp:RegisterConnection():104|Socket added to epoll with identifier 0x114a01 (1133057), file descriptor 14.[EOL]
[2026-09-22T08:30:42.997519Z][APM_I.newgen-amplificationplatemagazine][I][6820021][140]CASStateMachine.cpp:ReportStateChange():119|Module state has changed. New State: ModuleState_Preparing (1)[EOL]
[2026-09-22T08:30:43.059678Z][APM_I.barcodereader][N][2330476][134]CClientSocketChannel.cpp:InitializeConnection():401|Initialized socket buffer with identifier 0x114a01 (1133057), file descriptor 14.[EOL]
[2026-09-22T08:30:43.059731Z][APM_I.barcodereader][N][2330473][134]CClientSocketChannel.cpp:Connect():196|Connecting to socket with identifier 0x40114a01 (1074874881).[EOL]
[2026-09-22T08:30:43.059808Z][APM_I.barcodereader][N][2330473][134]CClientSocketChannel.cpp:Connect():207|Registering socket connection with identifier 0x40114a01 (1074874881), file descriptor 15.[EOL]
[2026-09-22T08:30:42.997771Z][APM_I.newgen-amplificationplatemagazine][N][0][140]CExecuteConnectCommandStep.cpp:DoStep():58|Sending SS_ConnectCommand[EOL]
[2026-09-22T08:30:43.059826Z][APM_I.barcodereader][N][2330477][134]CConnectionHandler.cpp:RegisterConnection():104|Socket added to epoll with identifier 0x40114a01 (1074874881), file descriptor 15.[EOL]
[2026-09-22T08:30:42.997855Z][APM_I.newgen-amplificationplatemagazine][N][2330473][140]CClientSocketChannel.cpp:Connect():196|Connecting to socket with identifier 0x114c01 (1133569).[EOL]
[2026-09-22T08:30:43.059837Z][APM_I.barcodereader][N][2330476][134]CClientSocketChannel.cpp:InitializeConnection():401|Initialized socket buffer with identifier 0x40114a01 (1074874881), file descriptor 15.[EOL]
[2026-09-22T08:30:42.997914Z][APM_I.newgen-amplificationplatemagazine][N][2330473][140]CClientSocketChannel.cpp:Connect():207|Registering socket connection with identifier 0x114c01 (1133569), file descriptor 22.[EOL]
[2026-09-22T08:30:43.059844Z][APM_I.barcodereader][N][2330473][134]CClientSocketChannel.cpp:Connect():196|Connecting to socket with identifier 0x80114a01 (2148616705).[EOL]
[2026-09-22T08:30:42.997926Z][APM_I.newgen-amplificationplatemagazine][N][2330477][140]CConnectionHandler.cpp:RegisterConnection():104|Socket added to epoll with identifier 0x114c01 (1133569), file descriptor 22.[EOL]
[2026-09-22T08:30:43.059863Z][APM_I.barcodereader][N][2330473][134]CClientSocketChannel.cpp:Connect():207|Registering socket connection with identifier 0x80114a01 (2148616705), file descriptor 16.[EOL]
[2026-09-22T08:30:42.997938Z][APM_I.newgen-amplificationplatemagazine][N][2330476][140]CClientSocketChannel.cpp:InitializeConnection():401|Initialized socket buffer with identifier 0x114c01 (1133569), file descriptor 22.[EOL]
[2026-09-22T08:30:43.059870Z][APM_I.barcodereader][N][2330477][134]CConnectionHandler.cpp:RegisterConnection():104|Socket added to epoll with identifier 0x80114a01 (2148616705), file descriptor 16.[EOL]
[2026-09-22T08:30:42.997949Z][APM_I.newgen-amplificationplatemagazine][N][2330473][140]CClientSocketChannel.cpp:Connect():196|Connecting to socket with identifier 0x40114c01 (1074875393).[EOL]
[2026-09-22T08:30:43.059919Z][APM_I.barcodereader][N][2330476][134]CClientSocketChannel.cpp:InitializeConnection():401|Initialized socket buffer with identifier 0x80114a01 (2148616705), file descriptor 16.[EOL]
[2026-09-22T08:30:42.997980Z][APM_I.newgen-amplificationplatemagazine][N][2330473][140]CClientSocketChannel.cpp:Connect():207|Registering socket connection with identifier 0x40114c01 (1074875393), file descriptor 24.[EOL]
[2026-09-22T08:30:43.081221Z][APM_I.barcodereader][I][1390024][134]CPrepareProcedure.cpp:SetParameter():85|Prepare procedure loaded. Parameters: [EOL]
[2026-09-22T08:30:43.081924Z][APM_I.barcodereader][N][2330072][134]CMessageBrokerEventHelper.cpp:SendModuleStateChangedEvent():34|Raise ModuleStateChanged Event: OriginatorId 0, ModuleState ModuleState_Preparing (1), OldModuleState ModuleState_InitialValue (0)[EOL]
[2026-09-22T08:30:42.997987Z][APM_I.newgen-amplificationplatemagazine][N][2330477][140]CConnectionHandler.cpp:RegisterConnection():104|Socket added to epoll with identifier 0x40114c01 (1074875393), file descriptor 24.[EOL]
[2026-09-22T08:30:42.997995Z][APM_I.newgen-amplificationplatemagazine][N][2330476][140]CClientSocketChannel.cpp:InitializeConnection():401|Initialized socket buffer with identifier 0x40114c01 (1074875393), file descriptor 24.[EOL]
[2026-09-22T08:30:42.998000Z][APM_I.newgen-amplificationplatemagazine][N][2330473][140]CClientSocketChannel.cpp:Connect():196|Connecting to socket with identifier 0x80114c01 (2148617217).[EOL]
[2026-09-22T08:30:42.998015Z][APM_I.newgen-amplificationplatemagazine][N][2330473][140]CClientSocketChannel.cpp:Connect():207|Registering socket connection with identifier 0x80114c01 (2148617217), file descriptor 25.[EOL]
[2026-09-22T08:30:42.998021Z][APM_I.newgen-amplificationplatemagazine][N][2330477][140]CConnectionHandler.cpp:RegisterConnection():104|Socket added to epoll with identifier 0x80114c01 (2148617217), file descriptor 25.[EOL]
[2026-09-22T08:30:42.998027Z][APM_I.newgen-amplificationplatemagazine][N][2330476][140]CClientSocketChannel.cpp:InitializeConnection():401|Initialized socket buffer with identifier 0x80114c01 (2148617217), file descriptor 25.[EOL]
[2026-09-22T08:30:42.998048Z][APM_I.newgen-amplificationplatemagazine][N][2330473][140]CClientSocketChannel.cpp:Connect():196|Connecting to socket with identifier 0xcd (205).[EOL]
[2026-09-22T08:30:42.998155Z][APM_I.newgen-amplificationplatemagazine][N][2330473][140]CClientSocketChannel.cpp:Connect():207|Registering socket connection with identifier 0xcd (205), file descriptor 26.[EOL]
[2026-09-22T08:30:42.998172Z][APM_I.newgen-amplificationplatemagazine][N][2330477][140]CConnectionHandler.cpp:RegisterConnection():104|Socket added to epoll with identifier 0xcd (205), file descriptor 26.[EOL]
[2026-09-22T08:30:42.998239Z][APM_I.newgen-amplificationplatemagazine][N][2330476][140]CClientSocketChannel.cpp:InitializeConnection():401|Initialized socket buffer with identifier 0xcd (205), file descriptor 26.[EOL]
[2026-09-22T08:30:42.998259Z][APM_I.newgen-amplificationplatemagazine][N][2330473][140]CClientSocketChannel.cpp:Connect():196|Connecting to socket with identifier 0xcc (204).[EOL]
[2026-09-22T08:30:42.998294Z][APM_I.newgen-amplificationplatemagazine][N][2330473][140]CClientSocketChannel.cpp:Connect():207|Registering socket connection with identifier 0xcc (204), file descriptor 27.[EOL]
[2026-09-22T08:30:42.998301Z][APM_I.newgen-amplificationplatemagazine][N][2330477][140]CConnectionHandler.cpp:RegisterConnection():104|Socket added to epoll with identifier 0xcc (204), file descriptor 27.[EOL]
[2026-09-22T08:30:42.998308Z][APM_I.newgen-amplificationplatemagazine][N][2330476][140]CClientSocketChannel.cpp:InitializeConnection():401|Initialized socket buffer with identifier 0xcc (204), file descriptor 27.[EOL]
[2026-09-22T08:30:43.067073Z][APM_I.newgen-amplificationplatemagazine][N][0][140]CExecuteConnectCommandStep.cpp:HandleObservedReport():37|CConnectCommand was successful: Client connections established.[EOL]
[2026-09-22T08:30:43.067105Z][APM_I.newgen-amplificationplatemagazine][I][2330779][140]CMAMRetrieveDataStep.cpp:OnGetAllDataItems():62|Getting persistent Data Pool[EOL]
[2026-09-22T08:30:43.067108Z][APM_I.newgen-amplificationplatemagazine][I][2330780][140]CMAMRetrieveDataStep.cpp:OnGetAllDataItems():75|Getting persistent Parameter Pool[EOL]
[2026-09-22T08:30:43.067507Z][APM_I.newgen-amplificationplatemagazine][I][2330781][140]CMAMRetrieveDataStep.cpp:OnGetAllDataItems():89|Retrieved all MAM data[EOL]
[2026-09-22T08:30:43.558683Z][APM_I.newgen-amplificationplatemagazine][W][2330306][140]CRTCyclicEvent.cpp:TimeMissed():101|Cycle miss in event CCSICombinedCmdManager Cyclic Event. Time Overrun is 814 us[EOL]
[2026-09-22T08:30:43.558721Z][APM_I.newgen-amplificationplatemagazine][W][2330306][140]CRTCyclicEvent.cpp:TimeMissed():101|Cycle miss in event CCSICombinedRepManager. Time Overrun is 814 us[EOL]
[2026-09-22T08:30:43.665823Z][APM_I.barcodereader][W][2330306][134]CRTCyclicEvent.cpp:TimeMissed():101|Cycle miss in event CCSICombinedCmdManager Cyclic Event. Time Overrun is 1486 us[EOL]
[2026-09-22T08:30:43.665867Z][APM_I.barcodereader][W][2330306][134]CRTCyclicEvent.cpp:TimeMissed():101|Cycle miss in event CCSICombinedRepManager. Time Overrun is 1486 us[EOL]
[2026-09-22T08:30:43.826197Z][APM_I.barcodereader][W][2330306][134]CRTCyclicEvent.cpp:TimeMissed():101|Cycle miss in event CCSICombinedCmdManager Cyclic Event. Time Overrun is 21860 us[EOL]
[2026-09-22T08:30:43.826232Z][APM_I.barcodereader][W][2330306][134]CRTCyclicEvent.cpp:TimeMissed():101|Cycle miss in event CCSICombinedRepManager. Time Overrun is 21860 us[EOL]
[2026-09-22T08:30:43.826420Z][APM_I.newgen-amplificationplatemagazine][W][2330306][140]CRTCyclicEvent.cpp:TimeMissed():101|Cycle miss in event CCSICombinedCmdManager Cyclic Event. Time Overrun is 18552 us[EOL]
[2026-09-22T08:30:43.826457Z][APM_I.newgen-amplificationplatemagazine][W][2330306][140]CRTCyclicEvent.cpp:TimeMissed():101|Cycle miss in event CCSICombinedRepManager. Time Overrun is 18552 us[EOL]
[2026-09-22T08:30:43.994207Z][APM_I.barcodereader][I][1390024][134]CCLP510PrepareProcedure.cpp:SetParameter():101|CLP510Prepare procedure loaded. Parameters: [EOL]
[2026-09-22T08:30:44.304625Z][APM_I.barcodereader][W][2330306][134]CRTCyclicEvent.cpp:TimeMissed():101|Cycle miss in event CCSICombinedCmdManager Cyclic Event. Time Overrun is 287 us[EOL]
[2026-09-22T08:30:44.304652Z][APM_I.barcodereader][W][2330306][134]CRTCyclicEvent.cpp:TimeMissed():101|Cycle miss in event CCSICombinedRepManager. Time Overrun is 287 us[EOL]
[2026-09-22T08:30:44.706478Z][APM_I.barcodereader][W][2330306][134]CRTCyclicEvent.cpp:TimeMissed():101|Cycle miss in event CCSICombinedCmdManager Cyclic Event. Time Overrun is 2138 us[EOL]
[2026-09-22T08:30:44.706509Z][APM_I.barcodereader][W][2330306][134]CRTCyclicEvent.cpp:TimeMissed():101|Cycle miss in event CCSICombinedRepManager. Time Overrun is 2138 us[EOL]
[2026-09-22T08:30:44.824628Z][APM_I.barcodereader][W][2330306][134]CRTCyclicEvent.cpp:TimeMissed():101|Cycle miss in event CCSICombinedCmdManager Cyclic Event. Time Overrun is 291 us[EOL]
[2026-09-22T08:30:44.824656Z][APM_I.barcodereader][W][2330306][134]CRTCyclicEvent.cpp:TimeMissed():101|Cycle miss in event CCSICombinedRepManager. Time Overrun is 291 us[EOL]
[2026-09-22T08:30:44.886545Z][APM_I.barcodereader][N][1390036][134]CHandleVersionStep.cpp:ReadReport():93|The firmware version of the reader is: DA11J11#015[EOL]
[2026-09-22T08:30:44.960002Z][APM_I.barcodereader][I][1390024][134]CCLP510SetDefaultConfigurationProcedure.cpp:SetParameter():215|CLP510SetDefaultConfiguration procedure loaded. Parameters: StorePersistent: 0[EOL]
[2026-09-22T08:30:44.986744Z][APM_I.barcodereader][I][1390034][134]CCheckCommandResponseStep.cpp:ReadReport():98|CCheckCommandResponseStep of cmd: 0x1b 0x57 0x43 0x0d with response: 0x06[EOL]
[2026-09-22T08:30:45.027994Z][APM_I.barcodereader][I][1390034][134]CCheckCommandResponseStep.cpp:ReadReport():98|CCheckCommandResponseStep of cmd: 0x1b 0x53 0x30 0x0d with response: 0x06[EOL]
[2026-09-22T08:30:45.068876Z][APM_I.barcodereader][I][1390034][134]CCheckCommandResponseStep.cpp:ReadReport():98|CCheckCommandResponseStep of cmd: 0x1b 0x53 0x38 0x0d with response: 0x06[EOL]
[2026-09-22T08:30:45.105359Z][APM_I.barcodereader][I][1390034][134]CCheckCommandResponseStep.cpp:ReadReport():98|CCheckCommandResponseStep of cmd: 0x1b 0x59 0x4d 0x0d with response: 0x06[EOL]
[2026-09-22T08:30:45.124340Z][APM_I.barcodereader][I][1390034][134]CCheckCommandResponseStep.cpp:ReadReport():98|CCheckCommandResponseStep of cmd: 0x1b 0x57 0x30 0x0d with response: 0x06[EOL]
[2026-09-22T08:30:45.154659Z][APM_I.barcodereader][W][2330306][134]CRTCyclicEvent.cpp:TimeMissed():101|Cycle miss in event CCSICombinedCmdManager Cyclic Event. Time Overrun is 321 us[EOL]
[2026-09-22T08:30:45.154688Z][APM_I.barcodereader][W][2330306][134]CRTCyclicEvent.cpp:TimeMissed():101|Cycle miss in event CCSICombinedRepManager. Time Overrun is 321 us[EOL]
[2026-09-22T08:30:45.155815Z][APM_I.barcodereader][I][1390034][134]CCheckCommandResponseStep.cpp:ReadReport():98|CCheckCommandResponseStep of cmd: 0x1b 0x58 0x31 0x0d with response: 0x06[EOL]
[2026-09-22T08:30:45.202680Z][APM_I.barcodereader][I][1390034][134]CCheckCommandResponseStep.cpp:ReadReport():98|CCheckCommandResponseStep of cmd: 0x1b 0x4d 0x34 0x51 0x33 0x0d with response: 0x06[EOL]
[2026-09-22T08:30:45.200619Z][APM_I.newgen-amplificationplatemagazine][W][2330306][140]CRTCyclicEvent.cpp:TimeMissed():101|Cycle miss in event CCSICombinedCmdManager Cyclic Event. Time Overrun is 2749 us[EOL]
[2026-09-22T08:30:45.200659Z][APM_I.newgen-amplificationplatemagazine][W][2330306][140]CRTCyclicEvent.cpp:TimeMissed():101|Cycle miss in event CCSICombinedRepManager. Time Overrun is 2749 us[EOL]
[2026-09-22T08:30:45.229380Z][APM_I.barcodereader][I][1390034][134]CCheckCommandResponseStep.cpp:ReadReport():98|CCheckCommandResponseStep of cmd: 0x1b 0x4d 0x37 0x51 0x35 0x0d with response: 0x06[EOL]
[2026-09-22T08:30:45.276618Z][APM_I.barcodereader][W][2330306][134]CRTCyclicEvent.cpp:TimeMissed():101|Cycle miss in event CCSICombinedCmdManager Cyclic Event. Time Overrun is 2279 us[EOL]
[2026-09-22T08:30:45.276652Z][APM_I.barcodereader][W][2330306][134]CRTCyclicEvent.cpp:TimeMissed():101|Cycle miss in event CCSICombinedRepManager. Time Overrun is 2279 us[EOL]
[2026-09-22T08:30:45.278677Z][APM_I.barcodereader][I][1390034][134]CCheckCommandResponseStep.cpp:ReadReport():98|CCheckCommandResponseStep of cmd: 0x1b 0x4d 0x39 0x51 0x34 0x0d with response: 0x06[EOL]
[2026-09-22T08:30:45.324682Z][APM_I.barcodereader][I][1390034][134]CCheckCommandResponseStep.cpp:ReadReport():98|CCheckCommandResponseStep of cmd: 0x1b 0x4d 0x35 0x51 0x32 0x0d with response: 0x06[EOL]
[2026-09-22T08:30:45.369135Z][APM_I.barcodereader][I][1390034][134]CCheckCommandResponseStep.cpp:ReadReport():98|CCheckCommandResponseStep of cmd: 0x1b 0x4d 0x38 0x51 0x36 0x0d with response: 0x06[EOL]
[2026-09-22T08:30:45.389860Z][APM_I.barcodereader][I][1390034][134]CCheckCommandResponseStep.cpp:ReadReport():98|CCheckCommandResponseStep of cmd: 0x1b 0x4e 0x34 0x51 0x38 0x0d with response: 0x06[EOL]
[2026-09-22T08:30:45.437868Z][APM_I.barcodereader][I][1390034][134]CCheckCommandResponseStep.cpp:ReadReport():98|CCheckCommandResponseStep of cmd: 0x1b 0x4e 0x33 0x51 0x37 0x0d with response: 0x06[EOL]
[2026-09-22T08:30:45.438854Z][APM_I.barcodereader][I][1390024][134]CEnableStarterKitProcedure.cpp:SetParameter():72|EnableStarterKit procedure loaded. Parameters: [EOL]
[2026-09-22T08:30:45.438942Z][APM_I.barcodereader][I][1390024][134]CResetBarcodeTypeConfigurationProcedure.cpp:SetParameter():51|ResetBarcodeTypeConfiguration procedure loaded. Parameters: [EOL]
[2026-09-22T08:30:45.438980Z][APM_I.barcodereader][I][1390024][134]CCLP510ResetBarcodeTypeConfigurationProcedure.cpp:SetParameter():49|CLP510ResetBarcodeTypeConfiguration procedure loaded. Parameters: [EOL]
[2026-09-22T08:30:45.459297Z][APM_I.barcodereader][I][1390034][134]CCheckCommandResponseStep.cpp:ReadReport():98|CCheckCommandResponseStep of cmd: 0x1b 0x42 0x30 0x0d with response: 0x06[EOL]
[2026-09-22T08:30:45.459839Z][APM_I.barcodereader][I][1390024][134]CBarcodeTypeConfigurationProcedure.cpp:SetParameter():69|BarcodeTypeConfiguration procedure loaded. Parameters: BarcodeType: (BarcodeType_Code128 (4)) Code128, EnableBarcodeType: 1, ControlCheckSum: 1, TransmitCheckSum: 0, BarcodeMinLength: 1, BarcodeMaxLength: 23, TransmitStartStopBit: TransmitionStartStopBit_Disable (1)[EOL]
[2026-09-22T08:30:45.459887Z][APM_I.barcodereader][I][1390034][134]CCLP510BarcodeTypeConfigurationProcedure.cpp:SetParameter():83|MaxLength can not be set.[EOL]
[2026-09-22T08:30:45.459896Z][APM_I.barcodereader][I][1390034][134]CCLP510BarcodeTypeConfigurationProcedure.cpp:SetParameter():84|MinLength can not be set.[EOL]
[2026-09-22T08:30:45.459902Z][APM_I.barcodereader][I][1390024][134]CCLP510BarcodeTypeConfigurationProcedure.cpp:SetParameter():115|CLP510BarcodeTypeConfiguration procedure loaded. Parameters: [EOL]
[2026-09-22T08:30:45.477579Z][APM_I.barcodereader][I][1390034][134]CCheckCommandResponseStep.cpp:ReadReport():98|CCheckCommandResponseStep of cmd: 0x1b 0x42 0x36 0x0d with response: 0x06[EOL]
[2026-09-22T08:30:45.477883Z][APM_I.barcodereader][I][1390024][134]CBarcodeTypeConfigurationProcedure.cpp:SetParameter():69|BarcodeTypeConfiguration procedure loaded. Parameters: BarcodeType: (BarcodeType_Code39 (3)) Code39, EnableBarcodeType: 1, ControlCheckSum: 1, TransmitCheckSum: 0, BarcodeMinLength: 1, BarcodeMaxLength: 23, TransmitStartStopBit: TransmitionStartStopBit_Disable (1)[EOL]
[2026-09-22T08:30:45.477913Z][APM_I.barcodereader][I][1390034][134]CCLP510BarcodeTypeConfigurationProcedure.cpp:SetParameter():83|MaxLength can not be set.[EOL]
[2026-09-22T08:30:45.477917Z][APM_I.barcodereader][I][1390034][134]CCLP510BarcodeTypeConfigurationProcedure.cpp:SetParameter():84|MinLength can not be set.[EOL]
[2026-09-22T08:30:45.478007Z][APM_I.barcodereader][I][1390024][134]CCLP510BarcodeTypeConfigurationProcedure.cpp:SetParameter():115|CLP510BarcodeTypeConfiguration procedure loaded. Parameters: [EOL]
[2026-09-22T08:30:45.533828Z][APM_I.barcodereader][I][1390034][134]CCheckCommandResponseStep.cpp:ReadReport():98|CCheckCommandResponseStep of cmd: 0x1b 0x42 0x32 0x0d with response: 0x06[EOL]
[2026-09-22T08:30:45.568408Z][APM_I.barcodereader][I][1390034][134]CCheckCommandResponseStep.cpp:ReadReport():98|CCheckCommandResponseStep of cmd: 0x1b 0x43 0x30 0x0d with response: 0x06[EOL]
[2026-09-22T08:30:45.585144Z][APM_I.barcodereader][W][2330306][134]CRTCyclicEvent.cpp:TimeMissed():101|Cycle miss in event CCSICombinedCmdManager Cyclic Event. Time Overrun is 808 us[EOL]
[2026-09-22T08:30:45.585164Z][APM_I.barcodereader][W][2330306][134]CRTCyclicEvent.cpp:TimeMissed():101|Cycle miss in event CCSICombinedRepManager. Time Overrun is 808 us[EOL]
[2026-09-22T08:30:45.604584Z][APM_I.barcodereader][I][1390034][134]CCheckCommandResponseStep.cpp:ReadReport():98|CCheckCommandResponseStep of cmd: 0x1b 0x44 0x38 0x0d with response: 0x06[EOL]
[2026-09-22T08:30:45.628774Z][APM_I.newgen-amplificationplatemagazine][W][2330306][140]CRTCyclicEvent.cpp:TimeMissed():101|Cycle miss in event CCSICombinedCmdManager Cyclic Event. Time Overrun is 908 us[EOL]
[2026-09-22T08:30:45.628801Z][APM_I.newgen-amplificationplatemagazine][W][2330306][140]CRTCyclicEvent.cpp:TimeMissed():101|Cycle miss in event CCSICombinedRepManager. Time Overrun is 908 us[EOL]
[2026-09-22T08:30:45.663221Z][APM_I.barcodereader][I][1390034][134]CCheckCommandResponseStep.cpp:ReadReport():98|CCheckCommandResponseStep of cmd: 0x1b 0x44 0x31 0x0d with response: 0x06[EOL]
[2026-09-22T08:30:45.663600Z][APM_I.barcodereader][N][2330072][134]CMessageBrokerEventHelper.cpp:SendModuleStateChangedEvent():34|Raise ModuleStateChanged Event: OriginatorId 0, ModuleState ModuleState_Prepared (2), OldModuleState ModuleState_Preparing (1)[EOL]
[2026-09-22T08:30:46.005996Z][APM_I.newgen-amplificationplatemagazine][I][1009050][140]CGetSingleBitInputStateStep.cpp:ReportReceived():117|The received signal level is SignalLevel_H_L_Enum_High (1)[EOL]
[2026-09-22T08:30:46.040086Z][APM_I.newgen-amplificationplatemagazine][I][1009050][140]CGetSingleBitInputStateStep.cpp:ReportReceived():117|The received signal level is SignalLevel_H_L_Enum_Low (0)[EOL]
[2026-09-22T08:30:46.058915Z][APM_I.newgen-amplificationplatemagazine][I][1009050][140]CGetSingleBitInputStateStep.cpp:ReportReceived():117|The received signal level is SignalLevel_H_L_Enum_Low (0)[EOL]
[2026-09-22T08:30:46.061116Z][APM_I.newgen-amplificationplatemagazine][I][1009050][140]CGetSingleBitInputStateStep.cpp:ReportReceived():117|The received signal level is SignalLevel_H_L_Enum_Low (0)[EOL]
[2026-09-22T08:30:46.064760Z][APM_I.newgen-amplificationplatemagazine][I][1009050][140]CGetSingleBitInputStateStep.cpp:ReportReceived():117|The received signal level is SignalLevel_H_L_Enum_Low (0)[EOL]
[2026-09-22T08:30:46.074674Z][APM_I.newgen-amplificationplatemagazine][I][1009050][140]CGetSingleBitInputStateStep.cpp:ReportReceived():117|The received signal level is SignalLevel_H_L_Enum_Low (0)[EOL]
[2026-09-22T08:30:46.079742Z][APM_I.newgen-amplificationplatemagazine][I][1009050][140]CGetSingleBitInputStateStep.cpp:ReportReceived():117|The received signal level is SignalLevel_H_L_Enum_Low (0)[EOL]
[2026-09-22T08:30:46.102421Z][APM_I.newgen-amplificationplatemagazine][I][6820021][140]CASStateMachine.cpp:ReportStateChange():119|Module state has changed. New State: ModuleState_Prepared (2)[EOL]
[2026-09-22T08:30:46.102600Z][APM_I.newgen-amplificationplatemagazine][I][844444436][140]UnitCommunicator.cpp:SendEvent():424|Publishing event: type=Roche.c68_8800.AmplificationPlateMagazine.I.UnitStateChanged correlation_id=(n/a)[EOL]
[2026-09-22T08:30:46.102643Z][APM_I.newgen-amplificationplatemagazine][I][2560017][140]MessageSender.h:SendEvent():105|Sent RabbitMqEvent Roche.c68_8800.AmplificationPlateMagazine.I.UnitStateChanged. Content: {"Timestamp":"2026-09-22T08:30:46.102586Z","TraceContext":"00-b54dc7f7a6070c7ae7b0aa970007de40-f0ae80edea5cb7cf-01","MagazineId":"I","OldState":"StartingUp","NewState":"StartedUp"}[EOL]
[2026-09-22T08:30:50.044795Z][APM_I.barcodereader][W][2330306][134]CRTCyclicEvent.cpp:TimeMissed():101|Cycle miss in event CCSICombinedCmdManager Cyclic Event. Time Overrun is 60456 us[EOL]
[2026-09-22T08:30:50.044833Z][APM_I.barcodereader][W][2330306][134]CRTCyclicEvent.cpp:TimeMissed():101|Cycle miss in event CCSICombinedRepManager. Time Overrun is 60456 us[EOL]
[2026-09-22T08:30:50.458230Z][APM_I.barcodereader][W][2330306][134]CRTCyclicEvent.cpp:TimeMissed():101|Cycle miss in event CCSICombinedCmdManager Cyclic Event. Time Overrun is 73891 us[EOL]
[2026-09-22T08:30:50.458274Z][APM_I.barcodereader][W][2330306][134]CRTCyclicEvent.cpp:TimeMissed():101|Cycle miss in event CCSICombinedRepManager. Time Overrun is 73891 us[EOL]
[2026-09-22T08:30:50.545414Z][APM_I.newgen-amplificationplatemagazine][W][2330306][140]CRTCyclicEvent.cpp:TimeMissed():101|Cycle miss in event CCSICombinedCmdManager Cyclic Event. Time Overrun is 7542 us[EOL]
[2026-09-22T08:30:50.545460Z][APM_I.newgen-amplificationplatemagazine][W][2330306][140]CRTCyclicEvent.cpp:TimeMissed():101|Cycle miss in event CCSICombinedRepManager. Time Overrun is 7542 us[EOL]
[2026-09-22T08:30:50.660094Z][APM_I.newgen-amplificationplatemagazine][W][2330306][140]CRTCyclicEvent.cpp:TimeMissed():101|Cycle miss in event CCSICombinedCmdManager Cyclic Event. Time Overrun is 2227 us[EOL]
[2026-09-22T08:30:50.660125Z][APM_I.newgen-amplificationplatemagazine][W][2330306][140]CRTCyclicEvent.cpp:TimeMissed():101|Cycle miss in event CCSICombinedRepManager. Time Overrun is 2227 us[EOL]
[2026-09-22T08:30:51.075607Z][APM_I.barcodereader][W][2330306][134]CRTCyclicEvent.cpp:TimeMissed():101|Cycle miss in event CCSICombinedCmdManager Cyclic Event. Time Overrun is 171268 us[EOL]
[2026-09-22T08:30:51.075646Z][APM_I.barcodereader][W][2330306][134]CRTCyclicEvent.cpp:TimeMissed():101|Cycle miss in event CCSICombinedRepManager. Time Overrun is 171268 us[EOL]
[2026-09-22T08:30:51.075792Z][APM_I.newgen-amplificationplatemagazine][W][2330306][140]CRTCyclicEvent.cpp:TimeMissed():101|Cycle miss in event CCSICombinedCmdManager Cyclic Event. Time Overrun is 167923 us[EOL]
[2026-09-22T08:30:51.075831Z][APM_I.newgen-amplificationplatemagazine][W][2330306][140]CRTCyclicEvent.cpp:TimeMissed():101|Cycle miss in event CCSICombinedRepManager. Time Overrun is 167923 us[EOL]
[2026-09-22T08:30:51.195487Z][APM_I.barcodereader][W][2330306][134]CRTCyclicEvent.cpp:TimeMissed():101|Cycle miss in event CCSICombinedCmdManager Cyclic Event. Time Overrun is 1132 us[EOL]
[2026-09-22T08:30:51.195529Z][APM_I.barcodereader][W][2330306][134]CRTCyclicEvent.cpp:TimeMissed():101|Cycle miss in event CCSICombinedRepManager. Time Overrun is 1132 us[EOL]
[2026-09-22T08:30:51.302407Z][APM_I.newgen-amplificationplatemagazine][W][2330306][140]CRTCyclicEvent.cpp:TimeMissed():101|Cycle miss in event CCSICombinedCmdManager Cyclic Event. Time Overrun is 44538 us[EOL]
[2026-09-22T08:30:51.302471Z][APM_I.newgen-amplificationplatemagazine][W][2330306][140]CRTCyclicEvent.cpp:TimeMissed():101|Cycle miss in event CCSICombinedRepManager. Time Overrun is 44538 us[EOL]
[2026-09-22T08:30:51.509722Z][APM_I.newgen-amplificationplatemagazine][W][2330306][140]CRTCyclicEvent.cpp:TimeMissed():101|Cycle miss in event CCSICombinedCmdManager Cyclic Event. Time Overrun is 21849 us[EOL]
[2026-09-22T08:30:51.509776Z][APM_I.newgen-amplificationplatemagazine][W][2330306][140]CRTCyclicEvent.cpp:TimeMissed():101|Cycle miss in event CCSICombinedRepManager. Time Overrun is 21849 us[EOL]
[2026-09-22T08:30:51.844519Z][APM_I.barcodereader][W][2330306][134]CRTCyclicEvent.cpp:TimeMissed():101|Cycle miss in event CCSICyclicRepManager. Time Overrun is 21813 us[EOL]
[2026-09-22T08:30:51.845409Z][APM_I.newgen-amplificationplatemagazine][W][2330306][140]CRTCyclicEvent.cpp:TimeMissed():101|Cycle miss in event CCSICyclicRepManager. Time Overrun is 8080 us[EOL]
[2026-09-22T08:30:52.062258Z][APM_I.barcodereader][W][2330306][134]CRTCyclicEvent.cpp:TimeMissed():101|Cycle miss in event CCSICombinedCmdManager Cyclic Event. Time Overrun is 147919 us[EOL]
[2026-09-22T08:30:52.062300Z][APM_I.barcodereader][W][2330306][134]CRTCyclicEvent.cpp:TimeMissed():101|Cycle miss in event CCSICombinedRepManager. Time Overrun is 147919 us[EOL]
[2026-09-22T08:30:52.134025Z][APM_I.newgen-amplificationplatemagazine][W][2330306][140]CRTCyclicEvent.cpp:TimeMissed():101|Cycle miss in event CCSICombinedCmdManager Cyclic Event. Time Overrun is 146157 us[EOL]
[2026-09-22T08:30:52.134059Z][APM_I.newgen-amplificationplatemagazine][W][2330306][140]CRTCyclicEvent.cpp:TimeMissed():101|Cycle miss in event CCSICombinedRepManager. Time Overrun is 146157 us[EOL]
[2026-09-22T08:30:54.103213Z][APM_I.newgen-amplificationplatemagazine][I][2560016][140]IMessageHandler.h:operator()():53|Received RabbitMqMessage Roche.c68_8800.InstrumentState.InstrumentStateChanged. Content: {"Timestamp":"2026-09-22T08:30:54.0984578Z","TraceContext":"00-dd82d13ed26ec30b58a7827c44aa343a-014e6ef3e222c3c6-01","OldState":"StartingUp","NewState":"Initializing"}[EOL]
[2026-09-22T08:30:54.103665Z][APM_I.newgen-amplificationplatemagazine][I][2560016][140]IMessageHandler.h:operator()():40|Received RabbitMqMessage Roche.c68_8800.InstrumentState.InstrumentStateChanged. Content: {"Timestamp":"2026-09-22T08:30:54.0984578Z","TraceContext":"00-dd82d13ed26ec30b58a7827c44aa343a-014e6ef3e222c3c6-01","OldState":"StartingUp","NewState":"Initializing"}[EOL]
[2026-09-22T08:30:54.170423Z][APM_I.newgen-amplificationplatemagazine][I][2560016][140]IMessageHandler.h:operator()():53|Received RabbitMqMessage Roche.c68_8800.SafetyInterlock.SafetyInterlockStateChanged. Content: {"Timestamp":"2026-09-22T08:30:54.117692Z","TraceContext":"00-e0a11a4e0143fb0bf821828b479eb84c-a12b0da5a3395285-01","OldState":"NotReady","NewState":"Initializing"}[EOL]
[2026-09-22T08:30:54.354952Z][APM_I.barcodereader][W][2330306][134]CRTCyclicEvent.cpp:TimeMissed():101|Cycle miss in event CCSICombinedCmdManager Cyclic Event. Time Overrun is 607 us[EOL]
[2026-09-22T08:30:54.354999Z][APM_I.barcodereader][W][2330306][134]CRTCyclicEvent.cpp:TimeMissed():101|Cycle miss in event CCSICombinedRepManager. Time Overrun is 607 us[EOL]
[2026-09-22T08:30:54.282879Z][APM_I.newgen-amplificationplatemagazine][I][2560016][140]IMessageHandler.h:operator()():53|Received RabbitMqMessage Roche.MolLab.PersistentMemory.PersistentMemoryStateChanged. Content: {"Timestamp":"2026-09-22T08:30:54.169350Z","TraceContext":"00-0649ea3f1708a5ce69837ced40982ff8-306d3b7fcfba3552-01","OldState":"NotReady","NewState":"Initializing"}[EOL]
[2026-09-22T08:30:54.282948Z][APM_I.newgen-amplificationplatemagazine][I][2560016][140]IMessageHandler.h:operator()():53|Received RabbitMqMessage Roche.MolLab.PersistentMemory.PersistentMemoryStateChanged. Content: {"Timestamp":"2026-09-22T08:30:54.169638Z","TraceContext":"00-95b4b24afc2e8d3ff2a69b639b191547-e18e9a5eb757cb13-01","OldState":"Initializing","NewState":"Ready"}[EOL]
[2026-09-22T08:30:54.638565Z][APM_I.newgen-amplificationplatemagazine][W][2330306][140]CRTCyclicEvent.cpp:TimeMissed():101|Cycle miss in event CCSICombinedCmdManager Cyclic Event. Time Overrun is 697 us[EOL]
[2026-09-22T08:30:54.638603Z][APM_I.newgen-amplificationplatemagazine][W][2330306][140]CRTCyclicEvent.cpp:TimeMissed():101|Cycle miss in event CCSICombinedRepManager. Time Overrun is 697 us[EOL]
[2026-09-22T08:30:54.715786Z][APM_I.barcodereader][W][2330306][134]CRTCyclicEvent.cpp:TimeMissed():101|Cycle miss in event CCSICombinedCmdManager Cyclic Event. Time Overrun is 1448 us[EOL]
[2026-09-22T08:30:54.715820Z][APM_I.barcodereader][W][2330306][134]CRTCyclicEvent.cpp:TimeMissed():101|Cycle miss in event CCSICombinedRepManager. Time Overrun is 1448 us[EOL]
[2026-09-22T08:30:54.899370Z][APM_I.newgen-amplificationplatemagazine][W][2330306][140]CRTCyclicEvent.cpp:TimeMissed():101|Cycle miss in event CCSICombinedCmdManager Cyclic Event. Time Overrun is 1501 us[EOL]
[2026-09-22T08:30:54.899523Z][APM_I.newgen-amplificationplatemagazine][W][2330306][140]CRTCyclicEvent.cpp:TimeMissed():101|Cycle miss in event CCSICombinedRepManager. Time Overrun is 1501 us[EOL]
[2026-09-22T08:30:55.446934Z][APM_I.barcodereader][W][2330306][134]CRTCyclicEvent.cpp:TimeMissed():101|Cycle miss in event CCSICombinedCmdManager Cyclic Event. Time Overrun is 2596 us[EOL]
[2026-09-22T08:30:55.447036Z][APM_I.barcodereader][W][2330306][134]CRTCyclicEvent.cpp:TimeMissed():101|Cycle miss in event CCSICombinedRepManager. Time Overrun is 2596 us[EOL]
[2026-09-22T08:30:55.543985Z][APM_I.newgen-amplificationplatemagazine][W][2330306][140]CRTCyclicEvent.cpp:TimeMissed():101|Cycle miss in event CCSICombinedCmdManager Cyclic Event. Time Overrun is 6112 us[EOL]
[2026-09-22T08:30:55.544022Z][APM_I.newgen-amplificationplatemagazine][W][2330306][140]CRTCyclicEvent.cpp:TimeMissed():101|Cycle miss in event CCSICombinedRepManager. Time Overrun is 6112 us[EOL]
[2026-09-22T08:30:55.575310Z][APM_I.barcodereader][W][2330306][134]CRTCyclicEvent.cpp:TimeMissed():101|Cycle miss in event CCSICombinedCmdManager Cyclic Event. Time Overrun is 10970 us[EOL]
[2026-09-22T08:30:55.575346Z][APM_I.barcodereader][W][2330306][134]CRTCyclicEvent.cpp:TimeMissed():101|Cycle miss in event CCSICombinedRepManager. Time Overrun is 10970 us[EOL]
[2026-09-22T08:30:55.735536Z][APM_I.barcodereader][W][2330306][134]CRTCyclicEvent.cpp:TimeMissed():101|Cycle miss in event CCSICyclicRepManager. Time Overrun is 12830 us[EOL]
[2026-09-22T08:30:55.809251Z][APM_I.barcodereader][W][2330306][134]CRTCyclicEvent.cpp:TimeMissed():101|Cycle miss in event CCSICombinedCmdManager Cyclic Event. Time Overrun is 114910 us[EOL]
[2026-09-22T08:30:55.809285Z][APM_I.barcodereader][W][2330306][134]CRTCyclicEvent.cpp:TimeMissed():101|Cycle miss in event CCSICombinedRepManager. Time Overrun is 114910 us[EOL]
[2026-09-22T08:30:55.995949Z][APM_I.barcodereader][W][2330306][134]CRTCyclicEvent.cpp:TimeMissed():101|Cycle miss in event CCSICombinedCmdManager Cyclic Event. Time Overrun is 71613 us[EOL]
[2026-09-22T08:30:55.995966Z][APM_I.barcodereader][W][2330306][134]CRTCyclicEvent.cpp:TimeMissed():101|Cycle miss in event CCSICombinedRepManager. Time Overrun is 71613 us[EOL]
[2026-09-22T08:30:56.209468Z][APM_I.barcodereader][W][2330306][134]CRTCyclicEvent.cpp:TimeMissed():101|Cycle miss in event CCSICombinedCmdManager Cyclic Event. Time Overrun is 95129 us[EOL]
[2026-09-22T08:30:56.209505Z][APM_I.barcodereader][W][2330306][134]CRTCyclicEvent.cpp:TimeMissed():101|Cycle miss in event CCSICombinedRepManager. Time Overrun is 95129 us[EOL]
[2026-09-22T08:30:56.330351Z][APM_I.barcodereader][W][2330306][134]CRTCyclicEvent.cpp:TimeMissed():101|Cycle miss in event CCSICombinedCmdManager Cyclic Event. Time Overrun is 6014 us[EOL]
[2026-09-22T08:30:56.330378Z][APM_I.barcodereader][W][2330306][134]CRTCyclicEvent.cpp:TimeMissed():101|Cycle miss in event CCSICombinedRepManager. Time Overrun is 6014 us[EOL]
[2026-09-22T08:30:55.735748Z][APM_I.newgen-amplificationplatemagazine][W][2330306][140]CRTCyclicEvent.cpp:TimeMissed():101|Cycle miss in event CCSICombinedCmdManager Cyclic Event. Time Overrun is 77877 us[EOL]
[2026-09-22T08:30:55.735789Z][APM_I.newgen-amplificationplatemagazine][W][2330306][140]CRTCyclicEvent.cpp:TimeMissed():101|Cycle miss in event CCSICombinedRepManager. Time Overrun is 77877 us[EOL]
[2026-09-22T08:30:55.808556Z][APM_I.newgen-amplificationplatemagazine][W][2330306][140]CRTCyclicEvent.cpp:TimeMissed():101|Cycle miss in event CCSICyclicRepManager. Time Overrun is 71223 us[EOL]
[2026-09-22T08:30:55.994726Z][APM_I.newgen-amplificationplatemagazine][W][2330306][140]CRTCyclicEvent.cpp:TimeMissed():101|Cycle miss in event CCSICombinedCmdManager Cyclic Event. Time Overrun is 146856 us[EOL]
[2026-09-22T08:30:55.994764Z][APM_I.newgen-amplificationplatemagazine][W][2330306][140]CRTCyclicEvent.cpp:TimeMissed():101|Cycle miss in event CCSICombinedRepManager. Time Overrun is 146856 us[EOL]
[2026-09-22T08:30:56.111162Z][APM_I.newgen-amplificationplatemagazine][W][2330306][140]CRTCyclicEvent.cpp:TimeMissed():101|Cycle miss in event CCSICombinedCmdManager Cyclic Event. Time Overrun is 3296 us[EOL]
[2026-09-22T08:30:56.111183Z][APM_I.newgen-amplificationplatemagazine][W][2330306][140]CRTCyclicEvent.cpp:TimeMissed():101|Cycle miss in event CCSICombinedRepManager. Time Overrun is 3296 us[EOL]
[2026-09-22T08:30:56.299883Z][APM_I.newgen-amplificationplatemagazine][W][2330306][140]CRTCyclicEvent.cpp:TimeMissed():101|Cycle miss in event CCSICombinedCmdManager Cyclic Event. Time Overrun is 72015 us[EOL]
[2026-09-22T08:30:56.299910Z][APM_I.newgen-amplificationplatemagazine][W][2330306][140]CRTCyclicEvent.cpp:TimeMissed():101|Cycle miss in event CCSICombinedRepManager. Time Overrun is 72015 us[EOL]
[2026-09-22T08:30:56.442717Z][APM_I.newgen-amplificationplatemagazine][W][2330306][140]CRTCyclicEvent.cpp:TimeMissed():101|Cycle miss in event CCSICombinedCmdManager Cyclic Event. Time Overrun is 14849 us[EOL]
[2026-09-22T08:30:56.442755Z][APM_I.newgen-amplificationplatemagazine][W][2330306][140]CRTCyclicEvent.cpp:TimeMissed():101|Cycle miss in event CCSICombinedRepManager. Time Overrun is 14849 us[EOL]
[2026-09-22T08:30:56.499475Z][APM_I.barcodereader][W][2330306][134]CRTCyclicEvent.cpp:TimeMissed():101|Cycle miss in event CCSICombinedCmdManager Cyclic Event. Time Overrun is 15137 us[EOL]
[2026-09-22T08:30:56.499496Z][APM_I.barcodereader][W][2330306][134]CRTCyclicEvent.cpp:TimeMissed():101|Cycle miss in event CCSICombinedRepManager. Time Overrun is 15137 us[EOL]
[2026-09-22T08:30:56.623324Z][APM_I.newgen-amplificationplatemagazine][W][2330306][140]CRTCyclicEvent.cpp:TimeMissed():101|Cycle miss in event CCSICombinedCmdManager Cyclic Event. Time Overrun is 5456 us[EOL]
[2026-09-22T08:30:56.623358Z][APM_I.newgen-amplificationplatemagazine][W][2330306][140]CRTCyclicEvent.cpp:TimeMissed():101|Cycle miss in event CCSICombinedRepManager. Time Overrun is 5456 us[EOL]
[2026-09-22T08:30:56.621071Z][APM_I.barcodereader][W][2330306][134]CRTCyclicEvent.cpp:TimeMissed():101|Cycle miss in event CCSICombinedCmdManager Cyclic Event. Time Overrun is 6733 us[EOL]
[2026-09-22T08:30:56.621109Z][APM_I.barcodereader][W][2330306][134]CRTCyclicEvent.cpp:TimeMissed():101|Cycle miss in event CCSICombinedRepManager. Time Overrun is 6733 us[EOL]
[2026-09-22T08:30:56.736881Z][APM_I.barcodereader][W][2330306][134]CRTCyclicEvent.cpp:TimeMissed():101|Cycle miss in event CCSICombinedCmdManager Cyclic Event. Time Overrun is 2541 us[EOL]
[2026-09-22T08:30:56.736921Z][APM_I.barcodereader][W][2330306][134]CRTCyclicEvent.cpp:TimeMissed():101|Cycle miss in event CCSICombinedRepManager. Time Overrun is 2541 us[EOL]
[2026-09-22T08:30:56.758110Z][APM_I.newgen-amplificationplatemagazine][W][2330306][140]CRTCyclicEvent.cpp:TimeMissed():101|Cycle miss in event CCSICombinedCmdManager Cyclic Event. Time Overrun is 236 us[EOL]
[2026-09-22T08:30:56.758191Z][APM_I.newgen-amplificationplatemagazine][W][2330306][140]CRTCyclicEvent.cpp:TimeMissed():101|Cycle miss in event CCSICombinedRepManager. Time Overrun is 236 us[EOL]
[2026-09-22T08:30:56.882756Z][APM_I.newgen-amplificationplatemagazine][W][2330306][140]CRTCyclicEvent.cpp:TimeMissed():101|Cycle miss in event CCSICombinedCmdManager Cyclic Event. Time Overrun is 4889 us[EOL]
[2026-09-22T08:30:56.882795Z][APM_I.newgen-amplificationplatemagazine][W][2330306][140]CRTCyclicEvent.cpp:TimeMissed():101|Cycle miss in event CCSICombinedRepManager. Time Overrun is 4889 us[EOL]
[2026-09-22T08:30:56.882878Z][APM_I.barcodereader][W][2330306][134]CRTCyclicEvent.cpp:TimeMissed():101|Cycle miss in event CCSICombinedCmdManager Cyclic Event. Time Overrun is 8525 us[EOL]
[2026-09-22T08:30:56.882926Z][APM_I.barcodereader][W][2330306][134]CRTCyclicEvent.cpp:TimeMissed():101|Cycle miss in event CCSICombinedRepManager. Time Overrun is 8525 us[EOL]
[2026-09-22T08:30:57.046164Z][APM_I.barcodereader][W][2330306][134]CRTCyclicEvent.cpp:TimeMissed():101|Cycle miss in event CCSICombinedCmdManager Cyclic Event. Time Overrun is 1827 us[EOL]
[2026-09-22T08:30:57.046191Z][APM_I.barcodereader][W][2330306][134]CRTCyclicEvent.cpp:TimeMissed():101|Cycle miss in event CCSICombinedRepManager. Time Overrun is 1827 us[EOL]
[2026-09-22T08:30:57.107021Z][APM_I.newgen-amplificationplatemagazine][W][2330306][140]CRTCyclicEvent.cpp:TimeMissed():101|Cycle miss in event CCSICombinedCmdManager Cyclic Event. Time Overrun is 9141 us[EOL]
[2026-09-22T08:30:57.107061Z][APM_I.newgen-amplificationplatemagazine][W][2330306][140]CRTCyclicEvent.cpp:TimeMissed():101|Cycle miss in event CCSICombinedRepManager. Time Overrun is 9141 us[EOL]
[2026-09-22T08:30:57.236426Z][APM_I.barcodereader][W][2330306][134]CRTCyclicEvent.cpp:TimeMissed():101|Cycle miss in event CCSICombinedCmdManager Cyclic Event. Time Overrun is 2043 us[EOL]
[2026-09-22T08:30:57.236205Z][APM_I.newgen-amplificationplatemagazine][W][2330306][140]CRTCyclicEvent.cpp:TimeMissed():101|Cycle miss in event CCSICombinedCmdManager Cyclic Event. Time Overrun is 8333 us[EOL]
[2026-09-22T08:30:57.236467Z][APM_I.barcodereader][W][2330306][134]CRTCyclicEvent.cpp:TimeMissed():101|Cycle miss in event CCSICombinedRepManager. Time Overrun is 2043 us[EOL]
[2026-09-22T08:30:57.236253Z][APM_I.newgen-amplificationplatemagazine][W][2330306][140]CRTCyclicEvent.cpp:TimeMissed():101|Cycle miss in event CCSICombinedRepManager. Time Overrun is 8333 us[EOL]
[2026-09-22T08:30:57.366716Z][APM_I.barcodereader][W][2330306][134]CRTCyclicEvent.cpp:TimeMissed():101|Cycle miss in event CCSICombinedCmdManager Cyclic Event. Time Overrun is 12378 us[EOL]
[2026-09-22T08:30:57.364926Z][APM_I.newgen-amplificationplatemagazine][W][2330306][140]CRTCyclicEvent.cpp:TimeMissed():101|Cycle miss in event CCSICombinedCmdManager Cyclic Event. Time Overrun is 7058 us[EOL]
[2026-09-22T08:30:57.366748Z][APM_I.barcodereader][W][2330306][134]CRTCyclicEvent.cpp:TimeMissed():101|Cycle miss in event CCSICombinedRepManager. Time Overrun is 12378 us[EOL]
[2026-09-22T08:30:57.364999Z][APM_I.newgen-amplificationplatemagazine][W][2330306][140]CRTCyclicEvent.cpp:TimeMissed():101|Cycle miss in event CCSICombinedRepManager. Time Overrun is 7058 us[EOL]
[2026-09-22T08:30:58.686343Z][APM_I.newgen-amplificationplatemagazine][I][2560016][140]IMessageHandler.h:operator()():40|Received RabbitMqMessage Roche.MolLab.InstrumentState.Ping. Content: {"Timestamp":"2026-09-22T08:30:58.6811354Z","PingId":"IS2"}[EOL]
[2026-09-22T08:30:58.686479Z][APM_I.newgen-amplificationplatemagazine][I][844444436][140]UnitCommunicator.cpp:SendEvent():424|Publishing event: type=Roche.c68_8800.AmplificationPlateMagazine.I.Echo correlation_id=(n/a)[EOL]
[2026-09-22T08:30:58.686520Z][APM_I.newgen-amplificationplatemagazine][I][2560017][140]MessageSender.h:SendEvent():105|Sent RabbitMqEvent Roche.c68_8800.AmplificationPlateMagazine.I.Echo. Content: {"Timestamp":"2026-09-22T08:30:58.686407Z","MagazineId":"I","PingId":"IS2"}[EOL]
[2026-09-22T08:30:59.171891Z][APM_I.newgen-amplificationplatemagazine][I][2560016][140]IMessageHandler.h:operator()():53|Received RabbitMqMessage Roche.c68_8800.SafetyInterlock.SafetyInterlockStateChanged. Content: {"Timestamp":"2026-09-22T08:30:58.905001Z","TraceContext":"00-bc37f880e04003a1a9d2180ec07e3c86-8c2b9e506f621d23-01","OldState":"Initializing","NewState":"Ready"}[EOL]
[2026-09-22T08:31:01.608338Z][APM_I.barcodereader][W][2330306][134]CRTCyclicEvent.cpp:TimeMissed():101|Cycle miss in event CCSICombinedCmdManager Cyclic Event. Time Overrun is 4000 us[EOL]
[2026-09-22T08:31:01.608413Z][APM_I.newgen-amplificationplatemagazine][W][2330306][140]CRTCyclicEvent.cpp:TimeMissed():101|Cycle miss in event CCSICombinedCmdManager Cyclic Event. Time Overrun is 540 us[EOL]
[2026-09-22T08:31:01.608453Z][APM_I.newgen-amplificationplatemagazine][W][2330306][140]CRTCyclicEvent.cpp:TimeMissed():101|Cycle miss in event CCSICombinedRepManager. Time Overrun is 540 us[EOL]
[2026-09-22T08:31:01.618347Z][APM_I.newgen-amplificationplatemagazine][I][2560016][140]IMessageHandler.h:operator()():53|Received RabbitMqMessage Roche.c68_8800.SafetyInterlock.HardwareMovementsAllowed. Content: {"Timestamp":"2026-09-22T08:31:01.581503Z","TraceContext":"00-7f29cc5779731666087e988d0abe72fb-b296aa185f30be7a-01","IsEnabled":true}[EOL]
[2026-09-22T08:31:01.608386Z][APM_I.barcodereader][W][2330306][134]CRTCyclicEvent.cpp:TimeMissed():101|Cycle miss in event CCSICombinedRepManager. Time Overrun is 4000 us[EOL]
[2026-09-22T08:31:01.623304Z][APM_I.newgen-amplificationplatemagazine][I][2560016][140]IMessageHandler.h:operator()():53|Received RabbitMqMessage Roche.c68_8800.MainHandler.MainHandlerStateChanged. Content: {"Timestamp":"2026-09-22T08:31:01.587064Z","TraceContext":"00-6a7673f1852bc71ba2b8717ecb0ebbeb-169f782686c8076d-01","OldState":"NotReady","NewState":"Initializing"}[EOL]
[2026-09-22T08:31:03.640573Z][APM_I.newgen-amplificationplatemagazine][W][2330306][140]CRTCyclicEvent.cpp:TimeMissed():101|Cycle miss in event CCSICombinedCmdManager Cyclic Event. Time Overrun is 22699 us[EOL]
[2026-09-22T08:31:03.640628Z][APM_I.newgen-amplificationplatemagazine][W][2330306][140]CRTCyclicEvent.cpp:TimeMissed():101|Cycle miss in event CCSICombinedRepManager. Time Overrun is 22699 us[EOL]
[2026-09-22T08:31:08.387671Z][APM_I.barcodereader][I][1390024][134]CInitProcedure.cpp:SetParameter():91|Init procedure loaded. Parameters: [EOL]
[2026-09-22T08:31:08.388132Z][APM_I.barcodereader][N][2330072][134]CMessageBrokerEventHelper.cpp:SendModuleStateChangedEvent():34|Raise ModuleStateChanged Event: OriginatorId 0, ModuleState ModuleState_Initializing (3), OldModuleState ModuleState_Prepared (2)[EOL]
[2026-09-22T08:31:08.392187Z][APM_I.barcodereader][I][1390024][134]CCLP510InitProcedure.cpp:SetParameter():49|CLP510Init procedure loaded. Parameters: [EOL]
[2026-09-22T08:31:08.385008Z][APM_I.newgen-amplificationplatemagazine][I][2560016][140]IMessageHandler.h:operator()():53|Received RabbitMqMessage Roche.c68_8800.MainHandler.MainHandlerZAxisInitialized. Content: {"Timestamp":"2026-09-22T08:31:08.379026Z","TraceContext":"00-dd82d13ed26ec30b58a7827c44aa343a-803d58b452b0f6e9-01"}[EOL]
[2026-09-22T08:31:08.385820Z][APM_I.newgen-amplificationplatemagazine][N][6820070][140]CInitProcedure.cpp:SetParameter():62|Procedure ProcTypeId_Init (6820003) called from internal with instanceId (65535) and parameters: {}[EOL]
[2026-09-22T08:31:08.397128Z][APM_I.barcodereader][I][1390034][134]CCheckCommandResponseStep.cpp:ReadReport():98|CCheckCommandResponseStep of cmd: 0x1b 0x59 0x0d with response: 0x06[EOL]
[2026-09-22T08:31:08.397375Z][APM_I.barcodereader][N][2330072][134]CMessageBrokerEventHelper.cpp:SendModuleStateChangedEvent():34|Raise ModuleStateChanged Event: OriginatorId 0, ModuleState ModuleState_Ready (4), OldModuleState ModuleState_Initializing (3)[EOL]
[2026-09-22T08:31:08.386036Z][APM_I.newgen-amplificationplatemagazine][I][6820021][140]CASStateMachine.cpp:ReportStateChange():119|Module state has changed. New State: ModuleState_Initializing (3)[EOL]
[2026-09-22T08:31:08.387067Z][APM_I.newgen-amplificationplatemagazine][I][844444436][140]UnitCommunicator.cpp:SendEvent():424|Publishing event: type=Roche.c68_8800.AmplificationPlateMagazine.I.AmplificationPlateMagazineStateChanged correlation_id=(n/a)[EOL]
[2026-09-22T08:31:08.387115Z][APM_I.newgen-amplificationplatemagazine][I][2560017][140]MessageSender.h:SendEvent():105|Sent RabbitMqEvent Roche.c68_8800.AmplificationPlateMagazine.I.AmplificationPlateMagazineStateChanged. Content: {"Timestamp":"2026-09-22T08:31:08.387036Z","TraceContext":"00-8b5b3da95bdf20d3db81bcdb4abb9b47-2d29635606cc999e-01","MagazineId":"I","OldState":"NotReady","NewState":"Initializing"}[EOL]
[2026-09-22T08:31:08.387206Z][APM_I.newgen-amplificationplatemagazine][I][844444436][140]UnitCommunicator.cpp:SendEvent():424|Publishing event: type=Roche.c68_8800.AmplificationPlateMagazine.I.UnitStateChanged correlation_id=(n/a)[EOL]
[2026-09-22T08:31:08.387285Z][APM_I.newgen-amplificationplatemagazine][I][2560017][140]MessageSender.h:SendEvent():105|Sent RabbitMqEvent Roche.c68_8800.AmplificationPlateMagazine.I.UnitStateChanged. Content: {"Timestamp":"2026-09-22T08:31:08.387200Z","TraceContext":"00-6fd0e14fc2f3d9eba2cc0436bc72b2fd-351de7c874fe46c8-01","MagazineId":"I","OldState":"StartedUp","NewState":"Initializing"}[EOL]
[2026-09-22T08:31:08.404406Z][APM_I.newgen-amplificationplatemagazine][I][1009003][140]CInitOneAxisIntProcedure.cpp:SetParameter():127|MotionDevice 0, TimingClassification 11, InitStructureID 0[EOL]
[2026-09-22T08:31:08.404500Z][APM_I.newgen-amplificationplatemagazine][I][1009005][140]CEnableOneMotorDeviceIntProcedure.cpp:SetParameter():82|MotionDevice 0[EOL]
[2026-09-22T08:31:08.632266Z][APM_I.newgen-amplificationplatemagazine][I][1009050][140]CGetSingleBitInputStateStep.cpp:ReportReceived():117|The received signal level is SignalLevel_H_L_Enum_Low (0)[EOL]
[2026-09-22T08:31:08.632347Z][APM_I.newgen-amplificationplatemagazine][I][6820047][140]CCheckLBIfStep.cpp:EvalCondition():44|No AD Cassette is loaded[EOL]
[2026-09-22T08:31:08.632444Z][APM_I.newgen-amplificationplatemagazine][I][0][140]MagazineManager.cpp:ResetNofConsumables():231|RabbitMqMessage RESET consumable, Current NofConsumables: 0[EOL]
[2026-09-22T08:31:08.632452Z][APM_I.newgen-amplificationplatemagazine][I][6820048][140]CChangeNumberOfConsumablesStep.cpp:DoStep():59|Number of Consumables updated to: 0[EOL]
[2026-09-22T08:31:08.693955Z][APM_I.newgen-amplificationplatemagazine][I][844444436][140]UnitCommunicator.cpp:SendEvent():424|Publishing event: type=Roche.c68_8800.AmplificationPlateMagazine.I.AmplificationPlateMagazineContentChanged correlation_id=(n/a)[EOL]
[2026-09-22T08:31:08.694286Z][APM_I.newgen-amplificationplatemagazine][I][2560017][140]MessageSender.h:SendEvent():105|Sent RabbitMqEvent Roche.c68_8800.AmplificationPlateMagazine.I.AmplificationPlateMagazineContentChanged. Content: {"Timestamp":"2026-09-22T08:31:08.693916Z","TraceContext":"00-e4be1d2054434353d02d3886e243a6ff-2f797a1cf37410f3-01","MagazineId":"I","AmplificationPlateCassettePresent":false,"NumberOfAmplificationPlates":0,"Barcode":null,"BarcodeData":null}[EOL]
[2026-09-22T08:31:08.694754Z][APM_I.newgen-amplificationplatemagazine][I][6820029][140]CAmplificationPlateMagazineEventHelper.cpp:SendUpdateStackerFillingStateEvent():87|Send UpdateStackerFillingStateEvent. Reason: SendEventReason_UpdateReason (2), Read status: ReadStatus_BCRNoRead (2), number of consumables: 0, Stacker capacity state: StackerCapacityState_Empty (2), Hex-Dump of data (of length 0): [EOL]
[2026-09-22T08:31:08.700224Z][APM_I.newgen-amplificationplatemagazine][I][1009050][140]CGetSingleBitInputStateStep.cpp:ReportReceived():117|The received signal level is SignalLevel_H_L_Enum_Low (0)[EOL]
[2026-09-22T08:31:08.702599Z][APM_I.newgen-amplificationplatemagazine][I][844444436][140]UnitCommunicator.cpp:SendEvent():424|Publishing event: type=Roche.c68_8800.AmplificationPlateMagazine.I.AmplificationPlateCassettePresenceSensorStateChanged correlation_id=(n/a)[EOL]
[2026-09-22T08:31:08.702719Z][APM_I.newgen-amplificationplatemagazine][I][2560017][140]MessageSender.h:SendEvent():105|Sent RabbitMqEvent Roche.c68_8800.AmplificationPlateMagazine.I.AmplificationPlateCassettePresenceSensorStateChanged. Content: {"Timestamp":"2026-09-22T08:31:08.702535Z","TraceContext":"00-dd82d13ed26ec30b58a7827c44aa343a-0b8bcb01aafd7bb2-01","MagazineId":"I","IsPresent":false}[EOL]
[2026-09-22T08:31:08.756375Z][APM_I.newgen-amplificationplatemagazine][I][6820021][140]CASStateMachine.cpp:ReportStateChange():119|Module state has changed. New State: ModuleState_Ready (4)[EOL]
[2026-09-22T08:31:08.757209Z][APM_I.newgen-amplificationplatemagazine][I][844444436][140]UnitCommunicator.cpp:SendEvent():424|Publishing event: type=Roche.c68_8800.AmplificationPlateMagazine.I.AmplificationPlateMagazineStateChanged correlation_id=(n/a)[EOL]
[2026-09-22T08:31:08.757577Z][APM_I.newgen-amplificationplatemagazine][I][2560017][140]MessageSender.h:SendEvent():105|Sent RabbitMqEvent Roche.c68_8800.AmplificationPlateMagazine.I.AmplificationPlateMagazineStateChanged. Content: {"Timestamp":"2026-09-22T08:31:08.757193Z","TraceContext":"00-f4943b528921a811ca4a81335ee6307c-13707c28aa109302-01","MagazineId":"I","OldState":"Initializing","NewState":"Ready"}[EOL]
[2026-09-22T08:31:08.757679Z][APM_I.newgen-amplificationplatemagazine][I][844444436][140]UnitCommunicator.cpp:SendEvent():424|Publishing event: type=Roche.c68_8800.AmplificationPlateMagazine.I.UnitStateChanged correlation_id=(n/a)[EOL]
[2026-09-22T08:31:08.757742Z][APM_I.newgen-amplificationplatemagazine][I][2560017][140]MessageSender.h:SendEvent():105|Sent RabbitMqEvent Roche.c68_8800.AmplificationPlateMagazine.I.UnitStateChanged. Content: {"Timestamp":"2026-09-22T08:31:08.757666Z","TraceContext":"00-98044b804f5617a7ab3754b3b3ad0d83-53f9abf88b201e6e-01","MagazineId":"I","OldState":"Initializing","NewState":"Operational"}[EOL]
[2026-09-22T08:31:09.064898Z][APM_I.newgen-amplificationplatemagazine][W][2330306][140]CRTCyclicEvent.cpp:TimeMissed():101|Cycle miss in event CCSICombinedCmdManager Cyclic Event. Time Overrun is 7007 us[EOL]
[2026-09-22T08:31:09.064937Z][APM_I.newgen-amplificationplatemagazine][W][2330306][140]CRTCyclicEvent.cpp:TimeMissed():101|Cycle miss in event CCSICombinedRepManager. Time Overrun is 7007 us[EOL]
[2026-09-22T08:31:09.174148Z][APM_I.newgen-amplificationplatemagazine][I][2560016][140]IMessageHandler.h:operator()():53|Received RabbitMqMessage Roche.c68_8800.MainHandler.MainHandlerStateChanged. Content: {"Timestamp":"2026-09-22T08:31:09.161511Z","TraceContext":"00-3cad325d6e59a7116d4f58266a89d09a-d30a545c7043e64e-01","OldState":"Initializing","NewState":"Ready"}[EOL]
[2026-09-22T08:31:10.394280Z][APM_I.barcodereader][W][2330306][134]CRTCyclicEvent.cpp:TimeMissed():101|Cycle miss in event CCSICombinedCmdManager Cyclic Event. Time Overrun is 9940 us[EOL]
[2026-09-22T08:31:10.394325Z][APM_I.barcodereader][W][2330306][134]CRTCyclicEvent.cpp:TimeMissed():101|Cycle miss in event CCSICombinedRepManager. Time Overrun is 9940 us[EOL]
[2026-09-22T08:31:10.428741Z][APM_I.newgen-amplificationplatemagazine][W][2330306][140]CRTCyclicEvent.cpp:TimeMissed():101|Cycle miss in event CCSICombinedCmdManager Cyclic Event. Time Overrun is 865 us[EOL]
[2026-09-22T08:31:10.428787Z][APM_I.newgen-amplificationplatemagazine][W][2330306][140]CRTCyclicEvent.cpp:TimeMissed():101|Cycle miss in event CCSICombinedRepManager. Time Overrun is 865 us[EOL]
[2026-09-22T08:31:10.770194Z][APM_I.newgen-amplificationplatemagazine][W][2330306][140]CRTCyclicEvent.cpp:TimeMissed():101|Cycle miss in event CCSICombinedCmdManager Cyclic Event. Time Overrun is 2322 us[EOL]
[2026-09-22T08:31:10.770246Z][APM_I.newgen-amplificationplatemagazine][W][2330306][140]CRTCyclicEvent.cpp:TimeMissed():101|Cycle miss in event CCSICombinedRepManager. Time Overrun is 2322 us[EOL]
[2026-09-22T08:31:12.148913Z][APM_I.newgen-amplificationplatemagazine][I][2560016][140]IMessageHandler.h:operator()():53|Received RabbitMqMessage Roche.c68_8800.InstrumentState.InstrumentStateChanged. Content: {"Timestamp":"2026-09-22T08:31:12.1379686Z","TraceContext":"00-096a14d08ddfa8652d114d8f390ec520-0d37330fa2f71cf3-01","OldState":"Initializing","NewState":"Standby"}[EOL]
[2026-09-22T08:31:12.148962Z][APM_I.newgen-amplificationplatemagazine][I][2560016][140]IMessageHandler.h:operator()():40|Received RabbitMqMessage Roche.c68_8800.InstrumentState.InstrumentStateChanged. Content: {"Timestamp":"2026-09-22T08:31:12.1379686Z","TraceContext":"00-096a14d08ddfa8652d114d8f390ec520-0d37330fa2f71cf3-01","OldState":"Initializing","NewState":"Standby"}[EOL]
[2026-09-22T08:31:17.675806Z][APM_I.barcodereader][W][2330306][134]CRTCyclicEvent.cpp:TimeMissed():101|Cycle miss in event CCSICombinedCmdManager Cyclic Event. Time Overrun is 11470 us[EOL]
[2026-09-22T08:31:17.675831Z][APM_I.barcodereader][W][2330306][134]CRTCyclicEvent.cpp:TimeMissed():101|Cycle miss in event CCSICombinedRepManager. Time Overrun is 11470 us[EOL]
[2026-09-22T08:31:21.278080Z][APM_I.barcodereader][W][2330306][134]CRTCyclicEvent.cpp:TimeMissed():101|Cycle miss in event CCSICombinedCmdManager Cyclic Event. Time Overrun is 13742 us[EOL]
[2026-09-22T08:31:21.278109Z][APM_I.barcodereader][W][2330306][134]CRTCyclicEvent.cpp:TimeMissed():101|Cycle miss in event CCSICombinedRepManager. Time Overrun is 13742 us[EOL]
[2026-09-22T08:31:25.104388Z][APM_I.barcodereader][W][2330306][134]CRTCyclicEvent.cpp:TimeMissed():101|Cycle miss in event CCSICombinedCmdManager Cyclic Event. Time Overrun is 49 us[EOL]
[2026-09-22T08:31:25.104487Z][APM_I.barcodereader][W][2330306][134]CRTCyclicEvent.cpp:TimeMissed():101|Cycle miss in event CCSICombinedRepManager. Time Overrun is 49 us[EOL]
[2026-09-22T08:31:26.094632Z][APM_I.barcodereader][W][2330306][134]CRTCyclicEvent.cpp:TimeMissed():101|Cycle miss in event CCSICombinedCmdManager Cyclic Event. Time Overrun is 295 us[EOL]
[2026-09-22T08:31:26.094693Z][APM_I.barcodereader][W][2330306][134]CRTCyclicEvent.cpp:TimeMissed():101|Cycle miss in event CCSICombinedRepManager. Time Overrun is 295 us[EOL]
[2026-09-22T08:31:26.313442Z][APM_I.newgen-amplificationplatemagazine][W][2330306][140]CRTCyclicEvent.cpp:TimeMissed():101|Cycle miss in event CCSICombinedCmdManager Cyclic Event. Time Overrun is 5576 us[EOL]
[2026-09-22T08:31:26.313468Z][APM_I.newgen-amplificationplatemagazine][W][2330306][140]CRTCyclicEvent.cpp:TimeMissed():101|Cycle miss in event CCSICombinedRepManager. Time Overrun is 5576 us[EOL]
[2026-09-22T08:31:26.446839Z][APM_I.barcodereader][W][2330306][134]CRTCyclicEvent.cpp:TimeMissed():101|Cycle miss in event CCSICombinedCmdManager Cyclic Event. Time Overrun is 12503 us[EOL]
[2026-09-22T08:31:26.446860Z][APM_I.barcodereader][W][2330306][134]CRTCyclicEvent.cpp:TimeMissed():101|Cycle miss in event CCSICombinedRepManager. Time Overrun is 12503 us[EOL]
[2026-09-22T08:31:26.473125Z][APM_I.newgen-amplificationplatemagazine][W][2330306][140]CRTCyclicEvent.cpp:TimeMissed():101|Cycle miss in event CCSICombinedCmdManager Cyclic Event. Time Overrun is 35258 us[EOL]
[2026-09-22T08:31:26.473155Z][APM_I.newgen-amplificationplatemagazine][W][2330306][140]CRTCyclicEvent.cpp:TimeMissed():101|Cycle miss in event CCSICombinedRepManager. Time Overrun is 35258 us[EOL]
[2026-09-22T08:31:27.004542Z][APM_I.barcodereader][W][2330306][134]CRTCyclicEvent.cpp:TimeMissed():101|Cycle miss in event CCSICombinedCmdManager Cyclic Event. Time Overrun is 207 us[EOL]
[2026-09-22T08:31:27.004567Z][APM_I.barcodereader][W][2330306][134]CRTCyclicEvent.cpp:TimeMissed():101|Cycle miss in event CCSICombinedRepManager. Time Overrun is 207 us[EOL]
[2026-09-22T08:31:28.348819Z][APM_I.barcodereader][W][2330306][134]CRTCyclicEvent.cpp:TimeMissed():101|Cycle miss in event CCSICombinedCmdManager Cyclic Event. Time Overrun is 14481 us[EOL]
[2026-09-22T08:31:28.348885Z][APM_I.barcodereader][W][2330306][134]CRTCyclicEvent.cpp:TimeMissed():101|Cycle miss in event CCSICombinedRepManager. Time Overrun is 14481 us[EOL]
[2026-09-22T08:31:28.789380Z][APM_I.newgen-amplificationplatemagazine][I][2560016][140]IMessageHandler.h:operator()():40|Received RabbitMqMessage Roche.MolLab.InstrumentState.Ping. Content: {"Timestamp":"2026-09-22T08:31:28.6741468Z","PingId":"IS3"}[EOL]
[2026-09-22T08:31:28.789425Z][APM_I.newgen-amplificationplatemagazine][I][844444436][140]UnitCommunicator.cpp:SendEvent():424|Publishing event: type=Roche.c68_8800.AmplificationPlateMagazine.I.Echo correlation_id=(n/a)[EOL]
[2026-09-22T08:31:28.789783Z][APM_I.newgen-amplificationplatemagazine][W][2330306][140]CRTCyclicEvent.cpp:TimeMissed():101|Cycle miss in event CCSICombinedCmdManager Cyclic Event. Time Overrun is 11917 us[EOL]
[2026-09-22T08:31:28.789798Z][APM_I.newgen-amplificationplatemagazine][W][2330306][140]CRTCyclicEvent.cpp:TimeMissed():101|Cycle miss in event CCSICombinedRepManager. Time Overrun is 11917 us[EOL]
[2026-09-22T08:31:28.789588Z][APM_I.newgen-amplificationplatemagazine][I][2560017][140]MessageSender.h:SendEvent():105|Sent RabbitMqEvent Roche.c68_8800.AmplificationPlateMagazine.I.Echo. Content: {"Timestamp":"2026-09-22T08:31:28.789419Z","MagazineId":"I","PingId":"IS3"}[EOL]
[2026-09-22T08:31:28.871207Z][APM_I.barcodereader][W][2330306][134]CRTCyclicEvent.cpp:TimeMissed():101|Cycle miss in event CCSICombinedCmdManager Cyclic Event. Time Overrun is 16868 us[EOL]
[2026-09-22T08:31:28.871240Z][APM_I.barcodereader][W][2330306][134]CRTCyclicEvent.cpp:TimeMissed():101|Cycle miss in event CCSICombinedRepManager. Time Overrun is 16868 us[EOL]
[2026-09-22T08:31:29.587187Z][APM_I.barcodereader][W][2330306][134]CRTCyclicEvent.cpp:TimeMissed():101|Cycle miss in event CCSICombinedCmdManager Cyclic Event. Time Overrun is 12844 us[EOL]
[2026-09-22T08:31:29.587243Z][APM_I.barcodereader][W][2330306][134]CRTCyclicEvent.cpp:TimeMissed():101|Cycle miss in event CCSICombinedRepManager. Time Overrun is 12844 us[EOL]
[2026-09-22T08:31:29.586564Z][APM_I.newgen-amplificationplatemagazine][W][2330306][140]CRTCyclicEvent.cpp:TimeMissed():101|Cycle miss in event CCSICombinedCmdManager Cyclic Event. Time Overrun is 18691 us[EOL]
[2026-09-22T08:31:29.586617Z][APM_I.newgen-amplificationplatemagazine][W][2330306][140]CRTCyclicEvent.cpp:TimeMissed():101|Cycle miss in event CCSICombinedRepManager. Time Overrun is 18691 us[EOL]
[2026-09-22T08:31:29.741693Z][APM_I.newgen-amplificationplatemagazine][W][2330306][140]CRTCyclicEvent.cpp:TimeMissed():101|Cycle miss in event CCSICombinedCmdManager Cyclic Event. Time Overrun is 33827 us[EOL]
[2026-09-22T08:31:29.741806Z][APM_I.barcodereader][W][2330306][134]CRTCyclicEvent.cpp:TimeMissed():101|Cycle miss in event CCSICombinedCmdManager Cyclic Event. Time Overrun is 27469 us[EOL]
[2026-09-22T08:31:29.741718Z][APM_I.newgen-amplificationplatemagazine][W][2330306][140]CRTCyclicEvent.cpp:TimeMissed():101|Cycle miss in event CCSICombinedRepManager. Time Overrun is 33827 us[EOL]
[2026-09-22T08:31:29.741834Z][APM_I.barcodereader][W][2330306][134]CRTCyclicEvent.cpp:TimeMissed():101|Cycle miss in event CCSICombinedRepManager. Time Overrun is 27469 us[EOL]
[2026-09-22T08:31:31.416245Z][APM_I.newgen-amplificationplatemagazine][W][2330306][140]CRTCyclicEvent.cpp:TimeMissed():101|Cycle miss in event CCSICombinedCmdManager Cyclic Event. Time Overrun is 8376 us[EOL]
[2026-09-22T08:31:31.416318Z][APM_I.newgen-amplificationplatemagazine][W][2330306][140]CRTCyclicEvent.cpp:TimeMissed():101|Cycle miss in event CCSICombinedRepManager. Time Overrun is 8376 us[EOL]
[2026-09-22T08:31:32.374840Z][APM_I.barcodereader][W][2330306][134]CRTCyclicEvent.cpp:TimeMissed():101|Cycle miss in event CCSICombinedCmdManager Cyclic Event. Time Overrun is 10504 us[EOL]
[2026-09-22T08:31:32.374983Z][APM_I.newgen-amplificationplatemagazine][W][2330306][140]CRTCyclicEvent.cpp:TimeMissed():101|Cycle miss in event CCSICombinedCmdManager Cyclic Event. Time Overrun is 7117 us[EOL]
[2026-09-22T08:31:32.374863Z][APM_I.barcodereader][W][2330306][134]CRTCyclicEvent.cpp:TimeMissed():101|Cycle miss in event CCSICombinedRepManager. Time Overrun is 10504 us[EOL]
[2026-09-22T08:31:32.375023Z][APM_I.newgen-amplificationplatemagazine][W][2330306][140]CRTCyclicEvent.cpp:TimeMissed():101|Cycle miss in event CCSICombinedRepManager. Time Overrun is 7117 us[EOL]
[2026-09-22T08:31:33.730813Z][APM_I.barcodereader][W][2330306][134]CRTCyclicEvent.cpp:TimeMissed():101|Cycle miss in event CCSICombinedCmdManager Cyclic Event. Time Overrun is 6476 us[EOL]
[2026-09-22T08:31:33.730854Z][APM_I.barcodereader][W][2330306][134]CRTCyclicEvent.cpp:TimeMissed():101|Cycle miss in event CCSICombinedRepManager. Time Overrun is 6476 us[EOL]
[2026-09-22T08:31:36.169776Z][APM_I.barcodereader][W][2330306][134]CRTCyclicEvent.cpp:TimeMissed():101|Cycle miss in event CCSICombinedCmdManager Cyclic Event. Time Overrun is 15439 us[EOL]
[2026-09-22T08:31:36.169802Z][APM_I.barcodereader][W][2330306][134]CRTCyclicEvent.cpp:TimeMissed():101|Cycle miss in event CCSICombinedRepManager. Time Overrun is 15439 us[EOL]
[2026-09-22T08:31:36.304240Z][APM_I.barcodereader][W][2330306][134]CRTCyclicEvent.cpp:TimeMissed():101|Cycle miss in event CCSICombinedCmdManager Cyclic Event. Time Overrun is 19900 us[EOL]
[2026-09-22T08:31:36.304303Z][APM_I.barcodereader][W][2330306][134]CRTCyclicEvent.cpp:TimeMissed():101|Cycle miss in event CCSICombinedRepManager. Time Overrun is 19900 us[EOL]
[2026-09-22T08:31:36.416989Z][APM_I.barcodereader][W][2330306][134]CRTCyclicEvent.cpp:TimeMissed():101|Cycle miss in event CCSICombinedCmdManager Cyclic Event. Time Overrun is 2650 us[EOL]
[2026-09-22T08:31:36.417040Z][APM_I.barcodereader][W][2330306][134]CRTCyclicEvent.cpp:TimeMissed():101|Cycle miss in event CCSICombinedRepManager. Time Overrun is 2650 us[EOL]
[2026-09-22T08:31:36.560825Z][APM_I.barcodereader][W][2330306][134]CRTCyclicEvent.cpp:TimeMissed():101|Cycle miss in event CCSICombinedCmdManager Cyclic Event. Time Overrun is 26484 us[EOL]
[2026-09-22T08:31:36.560888Z][APM_I.barcodereader][W][2330306][134]CRTCyclicEvent.cpp:TimeMissed():101|Cycle miss in event CCSICombinedRepManager. Time Overrun is 26484 us[EOL]
[2026-09-22T08:31:36.865172Z][APM_I.barcodereader][W][2330306][134]CRTCyclicEvent.cpp:TimeMissed():101|Cycle miss in event CCSICombinedCmdManager Cyclic Event. Time Overrun is 10834 us[EOL]
[2026-09-22T08:31:36.865319Z][APM_I.newgen-amplificationplatemagazine][W][2330306][140]CRTCyclicEvent.cpp:TimeMissed():101|Cycle miss in event CCSICombinedCmdManager Cyclic Event. Time Overrun is 7431 us[EOL]
[2026-09-22T08:31:36.865209Z][APM_I.barcodereader][W][2330306][134]CRTCyclicEvent.cpp:TimeMissed():101|Cycle miss in event CCSICombinedRepManager. Time Overrun is 10834 us[EOL]
[2026-09-22T08:31:36.865352Z][APM_I.newgen-amplificationplatemagazine][W][2330306][140]CRTCyclicEvent.cpp:TimeMissed():101|Cycle miss in event CCSICombinedRepManager. Time Overrun is 7431 us[EOL]
[2026-09-22T08:31:37.740527Z][APM_I.newgen-amplificationplatemagazine][W][2330306][140]CRTCyclicEvent.cpp:TimeMissed():101|Cycle miss in event CCSICombinedCmdManager Cyclic Event. Time Overrun is 2659 us[EOL]
[2026-09-22T08:31:37.740567Z][APM_I.newgen-amplificationplatemagazine][W][2330306][140]CRTCyclicEvent.cpp:TimeMissed():101|Cycle miss in event CCSICombinedRepManager. Time Overrun is 2659 us[EOL]
[2026-09-22T08:31:37.846218Z][APM_I.barcodereader][W][2330306][134]CRTCyclicEvent.cpp:TimeMissed():101|Cycle miss in event CCSICombinedCmdManager Cyclic Event. Time Overrun is 31880 us[EOL]
[2026-09-22T08:31:37.846312Z][APM_I.barcodereader][W][2330306][134]CRTCyclicEvent.cpp:TimeMissed():101|Cycle miss in event CCSICombinedRepManager. Time Overrun is 31880 us[EOL]
[2026-09-22T08:31:38.058103Z][APM_I.newgen-amplificationplatemagazine][W][2330306][140]CRTCyclicEvent.cpp:TimeMissed():101|Cycle miss in event CCSICombinedCmdManager Cyclic Event. Time Overrun is 30227 us[EOL]
[2026-09-22T08:31:38.058143Z][APM_I.newgen-amplificationplatemagazine][W][2330306][140]CRTCyclicEvent.cpp:TimeMissed():101|Cycle miss in event CCSICombinedRepManager. Time Overrun is 30227 us[EOL]
[2026-09-22T08:31:38.207371Z][APM_I.barcodereader][W][2330306][134]CRTCyclicEvent.cpp:TimeMissed():101|Cycle miss in event CCSICombinedCmdManager Cyclic Event. Time Overrun is 13031 us[EOL]
[2026-09-22T08:31:38.207431Z][APM_I.barcodereader][W][2330306][134]CRTCyclicEvent.cpp:TimeMissed():101|Cycle miss in event CCSICombinedRepManager. Time Overrun is 13031 us[EOL]
[2026-09-22T08:31:49.682563Z][APM_I.newgen-amplificationplatemagazine][W][2330306][140]CRTCyclicEvent.cpp:TimeMissed():101|Cycle miss in event CCSICombinedCmdManager Cyclic Event. Time Overrun is 4692 us[EOL]
[2026-09-22T08:31:49.682597Z][APM_I.newgen-amplificationplatemagazine][W][2330306][140]CRTCyclicEvent.cpp:TimeMissed():101|Cycle miss in event CCSICombinedRepManager. Time Overrun is 4692 us[EOL]
[2026-09-22T08:31:58.710272Z][APM_I.newgen-amplificationplatemagazine][I][2560016][140]IMessageHandler.h:operator()():40|Received RabbitMqMessage Roche.MolLab.InstrumentState.Ping. Content: {"Timestamp":"2026-09-22T08:31:58.6768148Z","PingId":"IS4"}[EOL]
[2026-09-22T08:31:58.710354Z][APM_I.newgen-amplificationplatemagazine][I][844444436][140]UnitCommunicator.cpp:SendEvent():424|Publishing event: type=Roche.c68_8800.AmplificationPlateMagazine.I.Echo correlation_id=(n/a)[EOL]
[2026-09-22T08:31:58.710394Z][APM_I.newgen-amplificationplatemagazine][I][2560017][140]MessageSender.h:SendEvent():105|Sent RabbitMqEvent Roche.c68_8800.AmplificationPlateMagazine.I.Echo. Content: {"Timestamp":"2026-09-22T08:31:58.710336Z","MagazineId":"I","PingId":"IS4"}[EOL]
[2026-09-22T08:31:58.730826Z][APM_I.newgen-amplificationplatemagazine][W][2330306][140]CRTCyclicEvent.cpp:TimeMissed():101|Cycle miss in event CCSICombinedCmdManager Cyclic Event. Time Overrun is 12959 us[EOL]
[2026-09-22T08:31:58.730869Z][APM_I.newgen-amplificationplatemagazine][W][2330306][140]CRTCyclicEvent.cpp:TimeMissed():101|Cycle miss in event CCSICombinedRepManager. Time Overrun is 12959 us[EOL]
[2026-09-22T08:31:58.731003Z][APM_I.barcodereader][W][2330306][134]CRTCyclicEvent.cpp:TimeMissed():101|Cycle miss in event CCSICombinedCmdManager Cyclic Event. Time Overrun is 6661 us[EOL]
[2026-09-22T08:31:58.731033Z][APM_I.barcodereader][W][2330306][134]CRTCyclicEvent.cpp:TimeMissed():101|Cycle miss in event CCSICombinedRepManager. Time Overrun is 6661 us[EOL]
[2026-09-22T08:32:04.025722Z][APM_I.barcodereader][W][2330306][134]CRTCyclicEvent.cpp:TimeMissed():101|Cycle miss in event CCSICombinedCmdManager Cyclic Event. Time Overrun is 11386 us[EOL]
[2026-09-22T08:32:04.025747Z][APM_I.barcodereader][W][2330306][134]CRTCyclicEvent.cpp:TimeMissed():101|Cycle miss in event CCSICombinedRepManager. Time Overrun is 11386 us[EOL]
[2026-09-22T08:32:04.027890Z][APM_I.newgen-amplificationplatemagazine][W][2330306][140]CRTCyclicEvent.cpp:TimeMissed():101|Cycle miss in event CCSICombinedCmdManager Cyclic Event. Time Overrun is 10024 us[EOL]
[2026-09-22T08:32:04.027913Z][APM_I.newgen-amplificationplatemagazine][W][2330306][140]CRTCyclicEvent.cpp:TimeMissed():101|Cycle miss in event CCSICombinedRepManager. Time Overrun is 10024 us[EOL]
[2026-09-22T08:32:04.269065Z][APM_I.barcodereader][W][2330306][134]CRTCyclicEvent.cpp:TimeMissed():101|Cycle miss in event CCSICombinedCmdManager Cyclic Event. Time Overrun is 14724 us[EOL]
[2026-09-22T08:32:04.269102Z][APM_I.barcodereader][W][2330306][134]CRTCyclicEvent.cpp:TimeMissed():101|Cycle miss in event CCSICombinedRepManager. Time Overrun is 14724 us[EOL]
[2026-09-22T08:32:04.271555Z][APM_I.newgen-amplificationplatemagazine][W][2330306][140]CRTCyclicEvent.cpp:TimeMissed():101|Cycle miss in event CCSICombinedCmdManager Cyclic Event. Time Overrun is 13687 us[EOL]
[2026-09-22T08:32:04.271590Z][APM_I.newgen-amplificationplatemagazine][W][2330306][140]CRTCyclicEvent.cpp:TimeMissed():101|Cycle miss in event CCSICombinedRepManager. Time Overrun is 13687 us[EOL]
[2026-09-22T08:32:12.470554Z][APM_I.newgen-amplificationplatemagazine][W][2330306][140]CRTCyclicEvent.cpp:TimeMissed():101|Cycle miss in event CCSICombinedCmdManager Cyclic Event. Time Overrun is 2681 us[EOL]
[2026-09-22T08:32:12.470581Z][APM_I.newgen-amplificationplatemagazine][W][2330306][140]CRTCyclicEvent.cpp:TimeMissed():101|Cycle miss in event CCSICombinedRepManager. Time Overrun is 2681 us[EOL]
[2026-09-22T08:32:14.723771Z][APM_I.newgen-amplificationplatemagazine][W][2330306][140]CRTCyclicEvent.cpp:TimeMissed():101|Cycle miss in event CCSICombinedCmdManager Cyclic Event. Time Overrun is 5904 us[EOL]
[2026-09-22T08:32:14.723800Z][APM_I.newgen-amplificationplatemagazine][W][2330306][140]CRTCyclicEvent.cpp:TimeMissed():101|Cycle miss in event CCSICombinedRepManager. Time Overrun is 5904 us[EOL]
[2026-09-22T08:32:19.955640Z][APM_I.barcodereader][W][2330306][134]CRTCyclicEvent.cpp:TimeMissed():101|Cycle miss in event CCSICombinedCmdManager Cyclic Event. Time Overrun is 1282 us[EOL]
[2026-09-22T08:32:19.955666Z][APM_I.barcodereader][W][2330306][134]CRTCyclicEvent.cpp:TimeMissed():101|Cycle miss in event CCSICombinedRepManager. Time Overrun is 1282 us[EOL]
[2026-09-22T08:32:28.148630Z][APM_I.newgen-amplificationplatemagazine][W][2330306][140]CRTCyclicEvent.cpp:TimeMissed():101|Cycle miss in event CCSICombinedCmdManager Cyclic Event. Time Overrun is 761 us[EOL]
[2026-09-22T08:32:28.148666Z][APM_I.newgen-amplificationplatemagazine][W][2330306][140]CRTCyclicEvent.cpp:TimeMissed():101|Cycle miss in event CCSICombinedRepManager. Time Overrun is 761 us[EOL]
[2026-09-22T08:32:28.680935Z][APM_I.newgen-amplificationplatemagazine][I][2560016][140]IMessageHandler.h:operator()():40|Received RabbitMqMessage Roche.MolLab.InstrumentState.Ping. Content: {"Timestamp":"2026-09-22T08:32:28.6747648Z","PingId":"IS5"}[EOL]
[2026-09-22T08:32:28.681128Z][APM_I.newgen-amplificationplatemagazine][I][844444436][140]UnitCommunicator.cpp:SendEvent():424|Publishing event: type=Roche.c68_8800.AmplificationPlateMagazine.I.Echo correlation_id=(n/a)[EOL]
[2026-09-22T08:32:28.681177Z][APM_I.newgen-amplificationplatemagazine][I][2560017][140]MessageSender.h:SendEvent():105|Sent RabbitMqEvent Roche.c68_8800.AmplificationPlateMagazine.I.Echo. Content: {"Timestamp":"2026-09-22T08:32:28.681116Z","MagazineId":"I","PingId":"IS5"}[EOL]
[2026-09-22T08:32:29.275607Z][APM_I.newgen-amplificationplatemagazine][W][2330306][140]CRTCyclicEvent.cpp:TimeMissed():101|Cycle miss in event CCSICombinedCmdManager Cyclic Event. Time Overrun is 7739 us[EOL]
[2026-09-22T08:32:29.274533Z][APM_I.barcodereader][W][2330306][134]CRTCyclicEvent.cpp:TimeMissed():101|Cycle miss in event CCSICombinedCmdManager Cyclic Event. Time Overrun is 10196 us[EOL]
[2026-09-22T08:32:29.274556Z][APM_I.barcodereader][W][2330306][134]CRTCyclicEvent.cpp:TimeMissed():101|Cycle miss in event CCSICombinedRepManager. Time Overrun is 10196 us[EOL]
[2026-09-22T08:32:29.275639Z][APM_I.newgen-amplificationplatemagazine][W][2330306][140]CRTCyclicEvent.cpp:TimeMissed():101|Cycle miss in event CCSICombinedRepManager. Time Overrun is 7739 us[EOL]
[2026-09-22T08:32:32.454764Z][APM_I.newgen-amplificationplatemagazine][W][2330306][140]CRTCyclicEvent.cpp:TimeMissed():101|Cycle miss in event CCSICombinedCmdManager Cyclic Event. Time Overrun is 6892 us[EOL]
[2026-09-22T08:32:32.454807Z][APM_I.newgen-amplificationplatemagazine][W][2330306][140]CRTCyclicEvent.cpp:TimeMissed():101|Cycle miss in event CCSICombinedRepManager. Time Overrun is 6892 us[EOL]
[2026-09-22T08:32:32.457514Z][APM_I.barcodereader][W][2330306][134]CRTCyclicEvent.cpp:TimeMissed():101|Cycle miss in event CCSICombinedCmdManager Cyclic Event. Time Overrun is 3179 us[EOL]
[2026-09-22T08:32:32.457537Z][APM_I.barcodereader][W][2330306][134]CRTCyclicEvent.cpp:TimeMissed():101|Cycle miss in event CCSICombinedRepManager. Time Overrun is 3179 us[EOL]
[2026-09-22T08:32:33.060447Z][APM_I.newgen-amplificationplatemagazine][W][2330306][140]CRTCyclicEvent.cpp:TimeMissed():101|Cycle miss in event CCSICombinedCmdManager Cyclic Event. Time Overrun is 2579 us[EOL]
[2026-09-22T08:32:33.060484Z][APM_I.newgen-amplificationplatemagazine][W][2330306][140]CRTCyclicEvent.cpp:TimeMissed():101|Cycle miss in event CCSICombinedRepManager. Time Overrun is 2579 us[EOL]
[2026-09-22T08:32:33.408352Z][APM_I.barcodereader][W][2330306][134]CRTCyclicEvent.cpp:TimeMissed():101|Cycle miss in event CCSICombinedCmdManager Cyclic Event. Time Overrun is 4016 us[EOL]
[2026-09-22T08:32:33.408390Z][APM_I.barcodereader][W][2330306][134]CRTCyclicEvent.cpp:TimeMissed():101|Cycle miss in event CCSICombinedRepManager. Time Overrun is 4016 us[EOL]
[2026-09-22T08:32:33.408147Z][APM_I.newgen-amplificationplatemagazine][W][2330306][140]CRTCyclicEvent.cpp:TimeMissed():101|Cycle miss in event CCSICombinedCmdManager Cyclic Event. Time Overrun is 281 us[EOL]
[2026-09-22T08:32:33.408173Z][APM_I.newgen-amplificationplatemagazine][W][2330306][140]CRTCyclicEvent.cpp:TimeMissed():101|Cycle miss in event CCSICombinedRepManager. Time Overrun is 281 us[EOL]
[2026-09-22T08:32:36.035130Z][APM_I.barcodereader][W][2330306][134]CRTCyclicEvent.cpp:TimeMissed():101|Cycle miss in event CCSICombinedCmdManager Cyclic Event. Time Overrun is 792 us[EOL]
[2026-09-22T08:32:36.035150Z][APM_I.barcodereader][W][2330306][134]CRTCyclicEvent.cpp:TimeMissed():101|Cycle miss in event CCSICombinedRepManager. Time Overrun is 792 us[EOL]
[2026-09-22T08:32:36.032849Z][APM_I.newgen-amplificationplatemagazine][W][2330306][140]CRTCyclicEvent.cpp:TimeMissed():101|Cycle miss in event CCSICombinedCmdManager Cyclic Event. Time Overrun is 4980 us[EOL]
[2026-09-22T08:32:36.032890Z][APM_I.newgen-amplificationplatemagazine][W][2330306][140]CRTCyclicEvent.cpp:TimeMissed():101|Cycle miss in event CCSICombinedRepManager. Time Overrun is 4980 us[EOL]
[2026-09-22T08:32:36.161630Z][APM_I.newgen-amplificationplatemagazine][W][2330306][140]CRTCyclicEvent.cpp:TimeMissed():101|Cycle miss in event CCSICombinedCmdManager Cyclic Event. Time Overrun is 3762 us[EOL]
[2026-09-22T08:32:36.161664Z][APM_I.newgen-amplificationplatemagazine][W][2330306][140]CRTCyclicEvent.cpp:TimeMissed():101|Cycle miss in event CCSICombinedRepManager. Time Overrun is 3762 us[EOL]
[2026-09-22T08:32:36.407584Z][APM_I.barcodereader][W][2330306][134]CRTCyclicEvent.cpp:TimeMissed():101|Cycle miss in event CCSICombinedCmdManager Cyclic Event. Time Overrun is 3248 us[EOL]
[2026-09-22T08:32:36.407612Z][APM_I.barcodereader][W][2330306][134]CRTCyclicEvent.cpp:TimeMissed():101|Cycle miss in event CCSICombinedRepManager. Time Overrun is 3248 us[EOL]
[2026-09-22T08:32:37.538986Z][APM_I.newgen-amplificationplatemagazine][W][2330306][140]CRTCyclicEvent.cpp:TimeMissed():101|Cycle miss in event CCSICombinedCmdManager Cyclic Event. Time Overrun is 21121 us[EOL]
[2026-09-22T08:32:37.540799Z][APM_I.barcodereader][W][2330306][134]CRTCyclicEvent.cpp:TimeMissed():101|Cycle miss in event CCSICombinedCmdManager Cyclic Event. Time Overrun is 16447 us[EOL]
[2026-09-22T08:32:37.539012Z][APM_I.newgen-amplificationplatemagazine][W][2330306][140]CRTCyclicEvent.cpp:TimeMissed():101|Cycle miss in event CCSICombinedRepManager. Time Overrun is 21121 us[EOL]
[2026-09-22T08:32:37.540860Z][APM_I.barcodereader][W][2330306][134]CRTCyclicEvent.cpp:TimeMissed():101|Cycle miss in event CCSICombinedRepManager. Time Overrun is 16447 us[EOL]
[2026-09-22T08:32:40.495582Z][APM_I.barcodereader][W][2330306][134]CRTCyclicEvent.cpp:TimeMissed():101|Cycle miss in event CCSICombinedCmdManager Cyclic Event. Time Overrun is 21245 us[EOL]
[2026-09-22T08:32:40.495610Z][APM_I.barcodereader][W][2330306][134]CRTCyclicEvent.cpp:TimeMissed():101|Cycle miss in event CCSICombinedRepManager. Time Overrun is 21245 us[EOL]
[2026-09-22T08:32:40.496059Z][APM_I.newgen-amplificationplatemagazine][W][2330306][140]CRTCyclicEvent.cpp:TimeMissed():101|Cycle miss in event CCSICombinedCmdManager Cyclic Event. Time Overrun is 18192 us[EOL]
[2026-09-22T08:32:40.496086Z][APM_I.newgen-amplificationplatemagazine][W][2330306][140]CRTCyclicEvent.cpp:TimeMissed():101|Cycle miss in event CCSICombinedRepManager. Time Overrun is 18192 us[EOL]
[2026-09-22T08:32:40.733675Z][APM_I.newgen-amplificationplatemagazine][W][2330306][140]CRTCyclicEvent.cpp:TimeMissed():101|Cycle miss in event CCSICombinedCmdManager Cyclic Event. Time Overrun is 5808 us[EOL]
[2026-09-22T08:32:40.733803Z][APM_I.newgen-amplificationplatemagazine][W][2330306][140]CRTCyclicEvent.cpp:TimeMissed():101|Cycle miss in event CCSICombinedRepManager. Time Overrun is 5808 us[EOL]
[2026-09-22T08:32:41.527229Z][APM_I.barcodereader][W][2330306][134]CRTCyclicEvent.cpp:TimeMissed():101|Cycle miss in event CCSICombinedCmdManager Cyclic Event. Time Overrun is 2885 us[EOL]
[2026-09-22T08:32:41.527263Z][APM_I.barcodereader][W][2330306][134]CRTCyclicEvent.cpp:TimeMissed():101|Cycle miss in event CCSICombinedRepManager. Time Overrun is 2885 us[EOL]
[2026-09-22T08:32:43.671961Z][APM_I.newgen-amplificationplatemagazine][W][2330306][140]CRTCyclicEvent.cpp:TimeMissed():101|Cycle miss in event CCSICombinedCmdManager Cyclic Event. Time Overrun is 14096 us[EOL]
[2026-09-22T08:32:43.671492Z][APM_I.barcodereader][W][2330306][134]CRTCyclicEvent.cpp:TimeMissed():101|Cycle miss in event CCSICombinedCmdManager Cyclic Event. Time Overrun is 7155 us[EOL]
[2026-09-22T08:32:43.671988Z][APM_I.newgen-amplificationplatemagazine][W][2330306][140]CRTCyclicEvent.cpp:TimeMissed():101|Cycle miss in event CCSICombinedRepManager. Time Overrun is 14096 us[EOL]
[2026-09-22T08:32:43.671522Z][APM_I.barcodereader][W][2330306][134]CRTCyclicEvent.cpp:TimeMissed():101|Cycle miss in event CCSICombinedRepManager. Time Overrun is 7155 us[EOL]
[2026-09-22T08:32:46.069473Z][APM_I.barcodereader][W][2330306][134]CRTCyclicEvent.cpp:TimeMissed():101|Cycle miss in event CCSICombinedCmdManager Cyclic Event. Time Overrun is 5138 us[EOL]
[2026-09-22T08:32:46.068652Z][APM_I.newgen-amplificationplatemagazine][W][2330306][140]CRTCyclicEvent.cpp:TimeMissed():101|Cycle miss in event CCSICombinedCmdManager Cyclic Event. Time Overrun is 10785 us[EOL]
[2026-09-22T08:32:46.068686Z][APM_I.newgen-amplificationplatemagazine][W][2330306][140]CRTCyclicEvent.cpp:TimeMissed():101|Cycle miss in event CCSICombinedRepManager. Time Overrun is 10785 us[EOL]
[2026-09-22T08:32:46.069496Z][APM_I.barcodereader][W][2330306][134]CRTCyclicEvent.cpp:TimeMissed():101|Cycle miss in event CCSICombinedRepManager. Time Overrun is 5138 us[EOL]
[2026-09-22T08:32:47.264432Z][APM_I.newgen-amplificationplatemagazine][W][2330306][140]CRTCyclicEvent.cpp:TimeMissed():101|Cycle miss in event CCSICombinedCmdManager Cyclic Event. Time Overrun is 6563 us[EOL]
[2026-09-22T08:32:47.264469Z][APM_I.newgen-amplificationplatemagazine][W][2330306][140]CRTCyclicEvent.cpp:TimeMissed():101|Cycle miss in event CCSICombinedRepManager. Time Overrun is 6563 us[EOL]
[2026-09-22T08:32:51.419690Z][APM_I.barcodereader][W][2330306][134]CRTCyclicEvent.cpp:TimeMissed():101|Cycle miss in event CCSICombinedCmdManager Cyclic Event. Time Overrun is 5355 us[EOL]
[2026-09-22T08:32:51.419709Z][APM_I.barcodereader][W][2330306][134]CRTCyclicEvent.cpp:TimeMissed():101|Cycle miss in event CCSICombinedRepManager. Time Overrun is 5355 us[EOL]
[2026-09-22T08:32:51.421848Z][APM_I.newgen-amplificationplatemagazine][W][2330306][140]CRTCyclicEvent.cpp:TimeMissed():101|Cycle miss in event CCSICombinedCmdManager Cyclic Event. Time Overrun is 3983 us[EOL]
[2026-09-22T08:32:51.421871Z][APM_I.newgen-amplificationplatemagazine][W][2330306][140]CRTCyclicEvent.cpp:TimeMissed():101|Cycle miss in event CCSICombinedRepManager. Time Overrun is 3983 us[EOL]
[2026-09-22T08:32:53.252674Z][APM_I.barcodereader][W][2330306][134]CRTCyclicEvent.cpp:TimeMissed():101|Cycle miss in event CCSICombinedCmdManager Cyclic Event. Time Overrun is 48336 us[EOL]
[2026-09-22T08:32:53.252701Z][APM_I.barcodereader][W][2330306][134]CRTCyclicEvent.cpp:TimeMissed():101|Cycle miss in event CCSICombinedRepManager. Time Overrun is 48336 us[EOL]
[2026-09-22T08:32:53.258349Z][APM_I.newgen-amplificationplatemagazine][W][2330306][140]CRTCyclicEvent.cpp:TimeMissed():101|Cycle miss in event CCSICombinedCmdManager Cyclic Event. Time Overrun is 50481 us[EOL]
[2026-09-22T08:32:53.258380Z][APM_I.newgen-amplificationplatemagazine][W][2330306][140]CRTCyclicEvent.cpp:TimeMissed():101|Cycle miss in event CCSICombinedRepManager. Time Overrun is 50481 us[EOL]
[2026-09-22T08:32:53.374509Z][APM_I.barcodereader][W][2330306][134]CRTCyclicEvent.cpp:TimeMissed():101|Cycle miss in event CCSICombinedCmdManager Cyclic Event. Time Overrun is 169 us[EOL]
[2026-09-22T08:32:53.374528Z][APM_I.barcodereader][W][2330306][134]CRTCyclicEvent.cpp:TimeMissed():101|Cycle miss in event CCSICombinedRepManager. Time Overrun is 169 us[EOL]
[2026-09-22T08:32:56.771575Z][APM_I.newgen-amplificationplatemagazine][W][2330306][140]CRTCyclicEvent.cpp:TimeMissed():101|Cycle miss in event CCSICombinedCmdManager Cyclic Event. Time Overrun is 23707 us[EOL]
[2026-09-22T08:32:56.771638Z][APM_I.newgen-amplificationplatemagazine][W][2330306][140]CRTCyclicEvent.cpp:TimeMissed():101|Cycle miss in event CCSICombinedRepManager. Time Overrun is 23707 us[EOL]
[2026-09-22T08:32:58.680551Z][APM_I.newgen-amplificationplatemagazine][I][2560016][140]IMessageHandler.h:operator()():40|Received RabbitMqMessage Roche.MolLab.InstrumentState.Ping. Content: {"Timestamp":"2026-09-22T08:32:58.6759445Z","PingId":"IS6"}[EOL]
[2026-09-22T08:32:58.680598Z][APM_I.newgen-amplificationplatemagazine][I][844444436][140]UnitCommunicator.cpp:SendEvent():424|Publishing event: type=Roche.c68_8800.AmplificationPlateMagazine.I.Echo correlation_id=(n/a)[EOL]
[2026-09-22T08:32:58.680625Z][APM_I.newgen-amplificationplatemagazine][I][2560017][140]MessageSender.h:SendEvent():105|Sent RabbitMqEvent Roche.c68_8800.AmplificationPlateMagazine.I.Echo. Content: {"Timestamp":"2026-09-22T08:32:58.680591Z","MagazineId":"I","PingId":"IS6"}[EOL]
[2026-09-22T08:32:58.913958Z][APM_I.barcodereader][W][2330306][134]CRTCyclicEvent.cpp:TimeMissed():101|Cycle miss in event CCSICombinedCmdManager Cyclic Event. Time Overrun is 19618 us[EOL]
[2026-09-22T08:32:58.915566Z][APM_I.newgen-amplificationplatemagazine][W][2330306][140]CRTCyclicEvent.cpp:TimeMissed():101|Cycle miss in event CCSICombinedCmdManager Cyclic Event. Time Overrun is 17699 us[EOL]
[2026-09-22T08:32:58.913986Z][APM_I.barcodereader][W][2330306][134]CRTCyclicEvent.cpp:TimeMissed():101|Cycle miss in event CCSICombinedRepManager. Time Overrun is 19618 us[EOL]
[2026-09-22T08:32:58.915596Z][APM_I.newgen-amplificationplatemagazine][W][2330306][140]CRTCyclicEvent.cpp:TimeMissed():101|Cycle miss in event CCSICombinedRepManager. Time Overrun is 17699 us[EOL]
[2026-09-22T08:32:59.785585Z][APM_I.barcodereader][W][2330306][134]CRTCyclicEvent.cpp:TimeMissed():101|Cycle miss in event CCSICombinedCmdManager Cyclic Event. Time Overrun is 21245 us[EOL]
[2026-09-22T08:32:59.785637Z][APM_I.barcodereader][W][2330306][134]CRTCyclicEvent.cpp:TimeMissed():101|Cycle miss in event CCSICombinedRepManager. Time Overrun is 21245 us[EOL]
[2026-09-22T08:32:59.800407Z][APM_I.newgen-amplificationplatemagazine][W][2330306][140]CRTCyclicEvent.cpp:TimeMissed():101|Cycle miss in event CCSICombinedCmdManager Cyclic Event. Time Overrun is 32542 us[EOL]
[2026-09-22T08:32:59.800432Z][APM_I.newgen-amplificationplatemagazine][W][2330306][140]CRTCyclicEvent.cpp:TimeMissed():101|Cycle miss in event CCSICombinedRepManager. Time Overrun is 32542 us[EOL]
[2026-09-22T08:33:01.515301Z][APM_I.barcodereader][W][2330306][134]CRTCyclicEvent.cpp:TimeMissed():101|Cycle miss in event CCSICombinedCmdManager Cyclic Event. Time Overrun is 30966 us[EOL]
[2026-09-22T08:33:01.515782Z][APM_I.newgen-amplificationplatemagazine][W][2330306][140]CRTCyclicEvent.cpp:TimeMissed():101|Cycle miss in event CCSICombinedCmdManager Cyclic Event. Time Overrun is 27914 us[EOL]
[2026-09-22T08:33:01.515320Z][APM_I.barcodereader][W][2330306][134]CRTCyclicEvent.cpp:TimeMissed():101|Cycle miss in event CCSICombinedRepManager. Time Overrun is 30966 us[EOL]
[2026-09-22T08:33:01.515815Z][APM_I.newgen-amplificationplatemagazine][W][2330306][140]CRTCyclicEvent.cpp:TimeMissed():101|Cycle miss in event CCSICombinedRepManager. Time Overrun is 27914 us[EOL]
[2026-09-22T08:33:01.926463Z][APM_I.newgen-amplificationplatemagazine][W][2330306][140]CRTCyclicEvent.cpp:TimeMissed():101|Cycle miss in event CCSICombinedCmdManager Cyclic Event. Time Overrun is 8595 us[EOL]
[2026-09-22T08:33:01.924436Z][APM_I.barcodereader][W][2330306][134]CRTCyclicEvent.cpp:TimeMissed():101|Cycle miss in event CCSICombinedCmdManager Cyclic Event. Time Overrun is 10100 us[EOL]
[2026-09-22T08:33:01.926487Z][APM_I.newgen-amplificationplatemagazine][W][2330306][140]CRTCyclicEvent.cpp:TimeMissed():101|Cycle miss in event CCSICombinedRepManager. Time Overrun is 8595 us[EOL]
[2026-09-22T08:33:01.924455Z][APM_I.barcodereader][W][2330306][134]CRTCyclicEvent.cpp:TimeMissed():101|Cycle miss in event CCSICombinedRepManager. Time Overrun is 10100 us[EOL]
[2026-09-22T08:33:06.993157Z][APM_I.barcodereader][W][2330306][134]CRTCyclicEvent.cpp:TimeMissed():101|Cycle miss in event CCSICombinedCmdManager Cyclic Event. Time Overrun is 8820 us[EOL]
[2026-09-22T08:33:06.993196Z][APM_I.barcodereader][W][2330306][134]CRTCyclicEvent.cpp:TimeMissed():101|Cycle miss in event CCSICombinedRepManager. Time Overrun is 8820 us[EOL]
[2026-09-22T08:33:11.009409Z][APM_I.newgen-amplificationplatemagazine][W][2330306][140]CRTCyclicEvent.cpp:TimeMissed():101|Cycle miss in event CCSICombinedCmdManager Cyclic Event. Time Overrun is 1537 us[EOL]
[2026-09-22T08:33:11.009451Z][APM_I.newgen-amplificationplatemagazine][W][2330306][140]CRTCyclicEvent.cpp:TimeMissed():101|Cycle miss in event CCSICombinedRepManager. Time Overrun is 1537 us[EOL]
[2026-09-22T08:33:13.170698Z][APM_I.newgen-amplificationplatemagazine][W][2330306][140]CRTCyclicEvent.cpp:TimeMissed():101|Cycle miss in event CCSICombinedCmdManager Cyclic Event. Time Overrun is 12830 us[EOL]
[2026-09-22T08:33:13.170727Z][APM_I.newgen-amplificationplatemagazine][W][2330306][140]CRTCyclicEvent.cpp:TimeMissed():101|Cycle miss in event CCSICombinedRepManager. Time Overrun is 12830 us[EOL]
[2026-09-22T08:33:13.173627Z][APM_I.barcodereader][W][2330306][134]CRTCyclicEvent.cpp:TimeMissed():101|Cycle miss in event CCSICombinedCmdManager Cyclic Event. Time Overrun is 19292 us[EOL]
[2026-09-22T08:33:13.173646Z][APM_I.barcodereader][W][2330306][134]CRTCyclicEvent.cpp:TimeMissed():101|Cycle miss in event CCSICombinedRepManager. Time Overrun is 19292 us[EOL]
[2026-09-22T08:33:14.449857Z][APM_I.newgen-amplificationplatemagazine][W][2330306][140]CRTCyclicEvent.cpp:TimeMissed():101|Cycle miss in event CCSICombinedCmdManager Cyclic Event. Time Overrun is 1989 us[EOL]
[2026-09-22T08:33:14.449954Z][APM_I.barcodereader][W][2330306][134]CRTCyclicEvent.cpp:TimeMissed():101|Cycle miss in event CCSICombinedCmdManager Cyclic Event. Time Overrun is 5616 us[EOL]
[2026-09-22T08:33:14.449890Z][APM_I.newgen-amplificationplatemagazine][W][2330306][140]CRTCyclicEvent.cpp:TimeMissed():101|Cycle miss in event CCSICombinedRepManager. Time Overrun is 1989 us[EOL]
[2026-09-22T08:33:14.449986Z][APM_I.barcodereader][W][2330306][134]CRTCyclicEvent.cpp:TimeMissed():101|Cycle miss in event CCSICombinedRepManager. Time Overrun is 5616 us[EOL]
[2026-09-22T08:33:20.069686Z][APM_I.newgen-amplificationplatemagazine][W][2330306][140]CRTCyclicEvent.cpp:TimeMissed():101|Cycle miss in event CCSICombinedCmdManager Cyclic Event. Time Overrun is 1820 us[EOL]
[2026-09-22T08:33:20.069715Z][APM_I.newgen-amplificationplatemagazine][W][2330306][140]CRTCyclicEvent.cpp:TimeMissed():101|Cycle miss in event CCSICombinedRepManager. Time Overrun is 1820 us[EOL]
[2026-09-22T08:33:20.069399Z][APM_I.barcodereader][W][2330306][134]CRTCyclicEvent.cpp:TimeMissed():101|Cycle miss in event CCSICombinedCmdManager Cyclic Event. Time Overrun is 5064 us[EOL]
[2026-09-22T08:33:20.069424Z][APM_I.barcodereader][W][2330306][134]CRTCyclicEvent.cpp:TimeMissed():101|Cycle miss in event CCSICombinedRepManager. Time Overrun is 5064 us[EOL]
[2026-09-22T08:33:20.559493Z][APM_I.newgen-amplificationplatemagazine][W][2330306][140]CRTCyclicEvent.cpp:TimeMissed():101|Cycle miss in event CCSICombinedCmdManager Cyclic Event. Time Overrun is 1624 us[EOL]
[2026-09-22T08:33:20.559541Z][APM_I.newgen-amplificationplatemagazine][W][2330306][140]CRTCyclicEvent.cpp:TimeMissed():101|Cycle miss in event CCSICombinedRepManager. Time Overrun is 1624 us[EOL]
[2026-09-22T08:33:22.957195Z][APM_I.newgen-amplificationplatemagazine][W][2330306][140]CRTCyclicEvent.cpp:TimeMissed():101|Cycle miss in event CCSICombinedCmdManager Cyclic Event. Time Overrun is 29327 us[EOL]
[2026-09-22T08:33:22.956672Z][APM_I.barcodereader][W][2330306][134]CRTCyclicEvent.cpp:TimeMissed():101|Cycle miss in event CCSICombinedCmdManager Cyclic Event. Time Overrun is 32308 us[EOL]
[2026-09-22T08:33:22.957226Z][APM_I.newgen-amplificationplatemagazine][W][2330306][140]CRTCyclicEvent.cpp:TimeMissed():101|Cycle miss in event CCSICombinedRepManager. Time Overrun is 29327 us[EOL]
[2026-09-22T08:33:22.956712Z][APM_I.barcodereader][W][2330306][134]CRTCyclicEvent.cpp:TimeMissed():101|Cycle miss in event CCSICombinedRepManager. Time Overrun is 32308 us[EOL]
[2026-09-22T08:33:23.903702Z][APM_I.newgen-amplificationplatemagazine][W][2330306][140]CRTCyclicEvent.cpp:TimeMissed():101|Cycle miss in event CCSICombinedCmdManager Cyclic Event. Time Overrun is 5837 us[EOL]
[2026-09-22T08:33:23.903727Z][APM_I.newgen-amplificationplatemagazine][W][2330306][140]CRTCyclicEvent.cpp:TimeMissed():101|Cycle miss in event CCSICombinedRepManager. Time Overrun is 5837 us[EOL]
[2026-09-22T08:33:23.903309Z][APM_I.barcodereader][W][2330306][134]CRTCyclicEvent.cpp:TimeMissed():101|Cycle miss in event CCSICombinedCmdManager Cyclic Event. Time Overrun is 8972 us[EOL]
[2026-09-22T08:33:23.903333Z][APM_I.barcodereader][W][2330306][134]CRTCyclicEvent.cpp:TimeMissed():101|Cycle miss in event CCSICombinedRepManager. Time Overrun is 8972 us[EOL]
[2026-09-22T08:33:24.305352Z][APM_I.newgen-amplificationplatemagazine][W][2330306][140]CRTCyclicEvent.cpp:TimeMissed():101|Cycle miss in event CCSICombinedCmdManager Cyclic Event. Time Overrun is 7487 us[EOL]
[2026-09-22T08:33:24.305376Z][APM_I.newgen-amplificationplatemagazine][W][2330306][140]CRTCyclicEvent.cpp:TimeMissed():101|Cycle miss in event CCSICombinedRepManager. Time Overrun is 7487 us[EOL]
[2026-09-22T08:33:26.869306Z][APM_I.newgen-amplificationplatemagazine][W][2330306][140]CRTCyclicEvent.cpp:TimeMissed():101|Cycle miss in event CCSICombinedCmdManager Cyclic Event. Time Overrun is 1435 us[EOL]
[2026-09-22T08:33:26.869342Z][APM_I.newgen-amplificationplatemagazine][W][2330306][140]CRTCyclicEvent.cpp:TimeMissed():101|Cycle miss in event CCSICombinedRepManager. Time Overrun is 1435 us[EOL]
[2026-09-22T08:33:27.474513Z][APM_I.barcodereader][W][2330306][134]CRTCyclicEvent.cpp:TimeMissed():101|Cycle miss in event CCSICombinedCmdManager Cyclic Event. Time Overrun is 10176 us[EOL]
[2026-09-22T08:33:27.474544Z][APM_I.barcodereader][W][2330306][134]CRTCyclicEvent.cpp:TimeMissed():101|Cycle miss in event CCSICombinedRepManager. Time Overrun is 10176 us[EOL]
[2026-09-22T08:33:28.027338Z][APM_I.barcodereader][W][2330306][134]CRTCyclicEvent.cpp:TimeMissed():101|Cycle miss in event CCSICombinedCmdManager Cyclic Event. Time Overrun is 3001 us[EOL]
[2026-09-22T08:33:28.027134Z][APM_I.newgen-amplificationplatemagazine][W][2330306][140]CRTCyclicEvent.cpp:TimeMissed():101|Cycle miss in event CCSICombinedCmdManager Cyclic Event. Time Overrun is 9207 us[EOL]
[2026-09-22T08:33:28.027159Z][APM_I.newgen-amplificationplatemagazine][W][2330306][140]CRTCyclicEvent.cpp:TimeMissed():101|Cycle miss in event CCSICombinedRepManager. Time Overrun is 9207 us[EOL]
[2026-09-22T08:33:28.027364Z][APM_I.barcodereader][W][2330306][134]CRTCyclicEvent.cpp:TimeMissed():101|Cycle miss in event CCSICombinedRepManager. Time Overrun is 3001 us[EOL]
[2026-09-22T08:33:28.248718Z][APM_I.newgen-amplificationplatemagazine][W][2330306][140]CRTCyclicEvent.cpp:TimeMissed():101|Cycle miss in event CCSICombinedCmdManager Cyclic Event. Time Overrun is 846 us[EOL]
[2026-09-22T08:33:28.248782Z][APM_I.newgen-amplificationplatemagazine][W][2330306][140]CRTCyclicEvent.cpp:TimeMissed():101|Cycle miss in event CCSICombinedRepManager. Time Overrun is 846 us[EOL]
[2026-09-22T08:33:28.693944Z][APM_I.newgen-amplificationplatemagazine][I][2560016][140]IMessageHandler.h:operator()():40|Received RabbitMqMessage Roche.MolLab.InstrumentState.Ping. Content: {"Timestamp":"2026-09-22T08:33:28.6757553Z","PingId":"IS7"}[EOL]
[2026-09-22T08:33:28.694002Z][APM_I.newgen-amplificationplatemagazine][I][844444436][140]UnitCommunicator.cpp:SendEvent():424|Publishing event: type=Roche.c68_8800.AmplificationPlateMagazine.I.Echo correlation_id=(n/a)[EOL]
[2026-09-22T08:33:28.694026Z][APM_I.newgen-amplificationplatemagazine][I][2560017][140]MessageSender.h:SendEvent():105|Sent RabbitMqEvent Roche.c68_8800.AmplificationPlateMagazine.I.Echo. Content: {"Timestamp":"2026-09-22T08:33:28.693995Z","MagazineId":"I","PingId":"IS7"}[EOL]
[2026-09-22T08:33:29.185945Z][APM_I.barcodereader][W][2330306][134]CRTCyclicEvent.cpp:TimeMissed():101|Cycle miss in event CCSICombinedCmdManager Cyclic Event. Time Overrun is 1610 us[EOL]
[2026-09-22T08:33:29.185964Z][APM_I.barcodereader][W][2330306][134]CRTCyclicEvent.cpp:TimeMissed():101|Cycle miss in event CCSICombinedRepManager. Time Overrun is 1610 us[EOL]
[2026-09-22T08:33:29.266432Z][APM_I.newgen-amplificationplatemagazine][W][2330306][140]CRTCyclicEvent.cpp:TimeMissed():101|Cycle miss in event CCSICombinedCmdManager Cyclic Event. Time Overrun is 18565 us[EOL]
[2026-09-22T08:33:29.266466Z][APM_I.newgen-amplificationplatemagazine][W][2330306][140]CRTCyclicEvent.cpp:TimeMissed():101|Cycle miss in event CCSICombinedRepManager. Time Overrun is 18565 us[EOL]
[2026-09-22T08:33:29.928645Z][APM_I.barcodereader][W][2330306][134]CRTCyclicEvent.cpp:TimeMissed():101|Cycle miss in event CCSICombinedCmdManager Cyclic Event. Time Overrun is 4308 us[EOL]
[2026-09-22T08:33:29.928677Z][APM_I.barcodereader][W][2330306][134]CRTCyclicEvent.cpp:TimeMissed():101|Cycle miss in event CCSICombinedRepManager. Time Overrun is 4308 us[EOL]
[2026-09-22T08:33:30.010499Z][APM_I.newgen-amplificationplatemagazine][W][2330306][140]CRTCyclicEvent.cpp:TimeMissed():101|Cycle miss in event CCSICombinedCmdManager Cyclic Event. Time Overrun is 22634 us[EOL]
[2026-09-22T08:33:30.010524Z][APM_I.newgen-amplificationplatemagazine][W][2330306][140]CRTCyclicEvent.cpp:TimeMissed():101|Cycle miss in event CCSICombinedRepManager. Time Overrun is 22634 us[EOL]
[2026-09-22T08:33:31.194510Z][APM_I.barcodereader][W][2330306][134]CRTCyclicEvent.cpp:TimeMissed():101|Cycle miss in event CCSICombinedCmdManager Cyclic Event. Time Overrun is 166 us[EOL]
[2026-09-22T08:33:31.194552Z][APM_I.barcodereader][W][2330306][134]CRTCyclicEvent.cpp:TimeMissed():101|Cycle miss in event CCSICombinedRepManager. Time Overrun is 166 us[EOL]
[2026-09-22T08:33:33.876291Z][APM_I.barcodereader][W][2330306][134]CRTCyclicEvent.cpp:TimeMissed():101|Cycle miss in event CCSICombinedCmdManager Cyclic Event. Time Overrun is 11956 us[EOL]
[2026-09-22T08:33:33.876320Z][APM_I.barcodereader][W][2330306][134]CRTCyclicEvent.cpp:TimeMissed():101|Cycle miss in event CCSICombinedRepManager. Time Overrun is 11956 us[EOL]
[2026-09-22T08:33:34.501845Z][APM_I.newgen-amplificationplatemagazine][W][2330306][140]CRTCyclicEvent.cpp:TimeMissed():101|Cycle miss in event CCSICombinedCmdManager Cyclic Event. Time Overrun is 13978 us[EOL]
[2026-09-22T08:33:34.501661Z][APM_I.barcodereader][W][2330306][134]CRTCyclicEvent.cpp:TimeMissed():101|Cycle miss in event CCSICombinedCmdManager Cyclic Event. Time Overrun is 17324 us[EOL]
[2026-09-22T08:33:34.501692Z][APM_I.barcodereader][W][2330306][134]CRTCyclicEvent.cpp:TimeMissed():101|Cycle miss in event CCSICombinedRepManager. Time Overrun is 17324 us[EOL]
[2026-09-22T08:33:34.501873Z][APM_I.newgen-amplificationplatemagazine][W][2330306][140]CRTCyclicEvent.cpp:TimeMissed():101|Cycle miss in event CCSICombinedRepManager. Time Overrun is 13978 us[EOL]
[2026-09-22T08:33:35.075006Z][APM_I.barcodereader][W][2330306][134]CRTCyclicEvent.cpp:TimeMissed():101|Cycle miss in event CCSICombinedCmdManager Cyclic Event. Time Overrun is 665 us[EOL]
[2026-09-22T08:33:35.075050Z][APM_I.barcodereader][W][2330306][134]CRTCyclicEvent.cpp:TimeMissed():101|Cycle miss in event CCSICombinedRepManager. Time Overrun is 665 us[EOL]
[2026-09-22T08:33:35.074529Z][APM_I.newgen-amplificationplatemagazine][W][2330306][140]CRTCyclicEvent.cpp:TimeMissed():101|Cycle miss in event CCSICombinedCmdManager Cyclic Event. Time Overrun is 6660 us[EOL]
[2026-09-22T08:33:35.074578Z][APM_I.newgen-amplificationplatemagazine][W][2330306][140]CRTCyclicEvent.cpp:TimeMissed():101|Cycle miss in event CCSICombinedRepManager. Time Overrun is 6660 us[EOL]
[2026-09-22T08:33:56.525393Z][APM_I.newgen-amplificationplatemagazine][W][2330306][140]CRTCyclicEvent.cpp:TimeMissed():101|Cycle miss in event CCSICombinedCmdManager Cyclic Event. Time Overrun is 17522 us[EOL]
[2026-09-22T08:33:56.525485Z][APM_I.barcodereader][W][2330306][134]CRTCyclicEvent.cpp:TimeMissed():101|Cycle miss in event CCSICombinedCmdManager Cyclic Event. Time Overrun is 11148 us[EOL]
[2026-09-22T08:33:56.525512Z][APM_I.barcodereader][W][2330306][134]CRTCyclicEvent.cpp:TimeMissed():101|Cycle miss in event CCSICombinedRepManager. Time Overrun is 11148 us[EOL]
[2026-09-22T08:33:56.525429Z][APM_I.newgen-amplificationplatemagazine][W][2330306][140]CRTCyclicEvent.cpp:TimeMissed():101|Cycle miss in event CCSICombinedRepManager. Time Overrun is 17522 us[EOL]
[2026-09-22T08:33:58.267969Z][APM_I.barcodereader][W][2330306][134]CRTCyclicEvent.cpp:TimeMissed():101|Cycle miss in event CCSICombinedCmdManager Cyclic Event. Time Overrun is 3633 us[EOL]
[2026-09-22T08:33:58.267996Z][APM_I.barcodereader][W][2330306][134]CRTCyclicEvent.cpp:TimeMissed():101|Cycle miss in event CCSICombinedRepManager. Time Overrun is 3633 us[EOL]
[2026-09-22T08:33:58.706913Z][APM_I.newgen-amplificationplatemagazine][I][2560016][140]IMessageHandler.h:operator()():40|Received RabbitMqMessage Roche.MolLab.InstrumentState.Ping. Content: {"Timestamp":"2026-09-22T08:33:58.676068Z","PingId":"IS8"}[EOL]
[2026-09-22T08:33:58.707005Z][APM_I.newgen-amplificationplatemagazine][I][844444436][140]UnitCommunicator.cpp:SendEvent():424|Publishing event: type=Roche.c68_8800.AmplificationPlateMagazine.I.Echo correlation_id=(n/a)[EOL]
[2026-09-22T08:33:58.707035Z][APM_I.newgen-amplificationplatemagazine][I][2560017][140]MessageSender.h:SendEvent():105|Sent RabbitMqEvent Roche.c68_8800.AmplificationPlateMagazine.I.Echo. Content: {"Timestamp":"2026-09-22T08:33:58.706990Z","MagazineId":"I","PingId":"IS8"}[EOL]
[2026-09-22T08:33:59.711588Z][APM_I.barcodereader][W][2330306][134]CRTCyclicEvent.cpp:TimeMissed():101|Cycle miss in event CCSICombinedCmdManager Cyclic Event. Time Overrun is 7244 us[EOL]
[2026-09-22T08:33:59.711893Z][APM_I.newgen-amplificationplatemagazine][W][2330306][140]CRTCyclicEvent.cpp:TimeMissed():101|Cycle miss in event CCSICombinedCmdManager Cyclic Event. Time Overrun is 4025 us[EOL]
[2026-09-22T08:33:59.711924Z][APM_I.newgen-amplificationplatemagazine][W][2330306][140]CRTCyclicEvent.cpp:TimeMissed():101|Cycle miss in event CCSICombinedRepManager. Time Overrun is 4025 us[EOL]
[2026-09-22T08:33:59.711660Z][APM_I.barcodereader][W][2330306][134]CRTCyclicEvent.cpp:TimeMissed():101|Cycle miss in event CCSICombinedRepManager. Time Overrun is 7244 us[EOL]
[2026-09-22T08:34:09.064691Z][APM_I.barcodereader][W][2330306][134]CRTCyclicEvent.cpp:TimeMissed():101|Cycle miss in event CCSICombinedCmdManager Cyclic Event. Time Overrun is 321 us[EOL]
[2026-09-22T08:34:09.074947Z][APM_I.barcodereader][W][2330306][134]CRTCyclicEvent.cpp:TimeMissed():101|Cycle miss in event CCSICombinedRepManager. Time Overrun is 321 us[EOL]
[2026-09-22T08:34:11.289581Z][APM_I.newgen-amplificationplatemagazine][W][2330306][140]CRTCyclicEvent.cpp:TimeMissed():101|Cycle miss in event CCSICombinedCmdManager Cyclic Event. Time Overrun is 1712 us[EOL]
[2026-09-22T08:34:11.289624Z][APM_I.newgen-amplificationplatemagazine][W][2330306][140]CRTCyclicEvent.cpp:TimeMissed():101|Cycle miss in event CCSICombinedRepManager. Time Overrun is 1712 us[EOL]
[2026-09-22T08:34:14.329043Z][APM_I.barcodereader][W][2330306][134]CRTCyclicEvent.cpp:TimeMissed():101|Cycle miss in event CCSICombinedCmdManager Cyclic Event. Time Overrun is 4705 us[EOL]
[2026-09-22T08:34:14.329073Z][APM_I.barcodereader][W][2330306][134]CRTCyclicEvent.cpp:TimeMissed():101|Cycle miss in event CCSICombinedRepManager. Time Overrun is 4705 us[EOL]
[2026-09-22T08:34:15.221544Z][APM_I.newgen-amplificationplatemagazine][W][2330306][140]CRTCyclicEvent.cpp:TimeMissed():101|Cycle miss in event CCSICombinedCmdManager Cyclic Event. Time Overrun is 3675 us[EOL]
[2026-09-22T08:34:15.221585Z][APM_I.newgen-amplificationplatemagazine][W][2330306][140]CRTCyclicEvent.cpp:TimeMissed():101|Cycle miss in event CCSICombinedRepManager. Time Overrun is 3675 us[EOL]
[2026-09-22T08:34:18.287053Z][APM_I.newgen-amplificationplatemagazine][W][2330306][140]CRTCyclicEvent.cpp:TimeMissed():101|Cycle miss in event CCSICombinedCmdManager Cyclic Event. Time Overrun is 9183 us[EOL]
[2026-09-22T08:34:18.287103Z][APM_I.newgen-amplificationplatemagazine][W][2330306][140]CRTCyclicEvent.cpp:TimeMissed():101|Cycle miss in event CCSICombinedRepManager. Time Overrun is 9183 us[EOL]
[2026-09-22T08:34:18.720831Z][APM_I.barcodereader][W][2330306][134]CRTCyclicEvent.cpp:TimeMissed():101|Cycle miss in event CCSICombinedCmdManager Cyclic Event. Time Overrun is 6489 us[EOL]
[2026-09-22T08:34:18.720873Z][APM_I.barcodereader][W][2330306][134]CRTCyclicEvent.cpp:TimeMissed():101|Cycle miss in event CCSICombinedRepManager. Time Overrun is 6489 us[EOL]
[2026-09-22T08:34:18.854901Z][APM_I.newgen-amplificationplatemagazine][W][2330306][140]CRTCyclicEvent.cpp:TimeMissed():101|Cycle miss in event CCSICombinedCmdManager Cyclic Event. Time Overrun is 7031 us[EOL]
[2026-09-22T08:34:18.854945Z][APM_I.newgen-amplificationplatemagazine][W][2330306][140]CRTCyclicEvent.cpp:TimeMissed():101|Cycle miss in event CCSICombinedRepManager. Time Overrun is 7031 us[EOL]
[2026-09-22T08:34:18.992807Z][APM_I.newgen-amplificationplatemagazine][W][2330306][140]CRTCyclicEvent.cpp:TimeMissed():101|Cycle miss in event CCSICombinedCmdManager Cyclic Event. Time Overrun is 24937 us[EOL]
[2026-09-22T08:34:18.992847Z][APM_I.newgen-amplificationplatemagazine][W][2330306][140]CRTCyclicEvent.cpp:TimeMissed():101|Cycle miss in event CCSICombinedRepManager. Time Overrun is 24937 us[EOL]
[2026-09-22T08:34:19.365909Z][APM_I.newgen-amplificationplatemagazine][W][2330306][140]CRTCyclicEvent.cpp:TimeMissed():101|Cycle miss in event CCSICombinedCmdManager Cyclic Event. Time Overrun is 18043 us[EOL]
[2026-09-22T08:34:19.365940Z][APM_I.newgen-amplificationplatemagazine][W][2330306][140]CRTCyclicEvent.cpp:TimeMissed():101|Cycle miss in event CCSICombinedRepManager. Time Overrun is 18043 us[EOL]
[2026-09-22T08:34:19.365751Z][APM_I.barcodereader][W][2330306][134]CRTCyclicEvent.cpp:TimeMissed():101|Cycle miss in event CCSICombinedCmdManager Cyclic Event. Time Overrun is 21414 us[EOL]
[2026-09-22T08:34:19.365779Z][APM_I.barcodereader][W][2330306][134]CRTCyclicEvent.cpp:TimeMissed():101|Cycle miss in event CCSICombinedRepManager. Time Overrun is 21414 us[EOL]
[2026-09-22T08:34:21.534140Z][APM_I.newgen-amplificationplatemagazine][W][2330306][140]CRTCyclicEvent.cpp:TimeMissed():101|Cycle miss in event CCSICombinedCmdManager Cyclic Event. Time Overrun is 6274 us[EOL]
[2026-09-22T08:34:21.534168Z][APM_I.newgen-amplificationplatemagazine][W][2330306][140]CRTCyclicEvent.cpp:TimeMissed():101|Cycle miss in event CCSICombinedRepManager. Time Overrun is 6274 us[EOL]
[2026-09-22T08:34:28.682690Z][APM_I.newgen-amplificationplatemagazine][I][2560016][140]IMessageHandler.h:operator()():40|Received RabbitMqMessage Roche.MolLab.InstrumentState.Ping. Content: {"Timestamp":"2026-09-22T08:34:28.6753079Z","PingId":"IS9"}[EOL]
[2026-09-22T08:34:28.682741Z][APM_I.newgen-amplificationplatemagazine][I][844444436][140]UnitCommunicator.cpp:SendEvent():424|Publishing event: type=Roche.c68_8800.AmplificationPlateMagazine.I.Echo correlation_id=(n/a)[EOL]
[2026-09-22T08:34:28.682759Z][APM_I.newgen-amplificationplatemagazine][I][2560017][140]MessageSender.h:SendEvent():105|Sent RabbitMqEvent Roche.c68_8800.AmplificationPlateMagazine.I.Echo. Content: {"Timestamp":"2026-09-22T08:34:28.682735Z","MagazineId":"I","PingId":"IS9"}[EOL]
[2026-09-22T08:34:29.456132Z][APM_I.barcodereader][W][2330306][134]CRTCyclicEvent.cpp:TimeMissed():101|Cycle miss in event CCSICombinedCmdManager Cyclic Event. Time Overrun is 31794 us[EOL]
[2026-09-22T08:34:29.456235Z][APM_I.barcodereader][W][2330306][134]CRTCyclicEvent.cpp:TimeMissed():101|Cycle miss in event CCSICombinedRepManager. Time Overrun is 31794 us[EOL]
[2026-09-22T08:34:31.735790Z][APM_I.newgen-amplificationplatemagazine][W][2330306][140]CRTCyclicEvent.cpp:TimeMissed():101|Cycle miss in event CCSICombinedCmdManager Cyclic Event. Time Overrun is 7924 us[EOL]
[2026-09-22T08:34:31.735836Z][APM_I.newgen-amplificationplatemagazine][W][2330306][140]CRTCyclicEvent.cpp:TimeMissed():101|Cycle miss in event CCSICombinedRepManager. Time Overrun is 7924 us[EOL]
[2026-09-22T08:34:33.794795Z][APM_I.newgen-amplificationplatemagazine][W][2330306][140]CRTCyclicEvent.cpp:TimeMissed():101|Cycle miss in event CCSICombinedCmdManager Cyclic Event. Time Overrun is 6923 us[EOL]
[2026-09-22T08:34:33.795461Z][APM_I.newgen-amplificationplatemagazine][W][2330306][140]CRTCyclicEvent.cpp:TimeMissed():101|Cycle miss in event CCSICombinedRepManager. Time Overrun is 6923 us[EOL]
[2026-09-22T08:34:33.796886Z][APM_I.barcodereader][W][2330306][134]CRTCyclicEvent.cpp:TimeMissed():101|Cycle miss in event CCSICombinedCmdManager Cyclic Event. Time Overrun is 2547 us[EOL]
[2026-09-22T08:34:33.796927Z][APM_I.barcodereader][W][2330306][134]CRTCyclicEvent.cpp:TimeMissed():101|Cycle miss in event CCSICombinedRepManager. Time Overrun is 2547 us[EOL]
[2026-09-22T08:34:34.630475Z][APM_I.newgen-amplificationplatemagazine][W][2330306][140]CRTCyclicEvent.cpp:TimeMissed():101|Cycle miss in event CCSICombinedCmdManager Cyclic Event. Time Overrun is 2607 us[EOL]
[2026-09-22T08:34:34.630511Z][APM_I.newgen-amplificationplatemagazine][W][2330306][140]CRTCyclicEvent.cpp:TimeMissed():101|Cycle miss in event CCSICombinedRepManager. Time Overrun is 2607 us[EOL]
[2026-09-22T08:34:39.931177Z][APM_I.barcodereader][W][2330306][134]CRTCyclicEvent.cpp:TimeMissed():101|Cycle miss in event CCSICombinedCmdManager Cyclic Event. Time Overrun is 6840 us[EOL]
[2026-09-22T08:34:39.931220Z][APM_I.barcodereader][W][2330306][134]CRTCyclicEvent.cpp:TimeMissed():101|Cycle miss in event CCSICombinedRepManager. Time Overrun is 6840 us[EOL]
[2026-09-22T08:34:39.931213Z][APM_I.newgen-amplificationplatemagazine][W][2330306][140]CRTCyclicEvent.cpp:TimeMissed():101|Cycle miss in event CCSICombinedCmdManager Cyclic Event. Time Overrun is 3347 us[EOL]
[2026-09-22T08:34:39.931239Z][APM_I.newgen-amplificationplatemagazine][W][2330306][140]CRTCyclicEvent.cpp:TimeMissed():101|Cycle miss in event CCSICombinedRepManager. Time Overrun is 3347 us[EOL]
[2026-09-22T08:34:42.068439Z][APM_I.newgen-amplificationplatemagazine][W][2330306][140]CRTCyclicEvent.cpp:TimeMissed():101|Cycle miss in event CCSICombinedCmdManager Cyclic Event. Time Overrun is 558 us[EOL]
[2026-09-22T08:34:42.068498Z][APM_I.newgen-amplificationplatemagazine][W][2330306][140]CRTCyclicEvent.cpp:TimeMissed():101|Cycle miss in event CCSICombinedRepManager. Time Overrun is 558 us[EOL]
[2026-09-22T08:34:49.045205Z][APM_I.newgen-amplificationplatemagazine][W][2330306][140]CRTCyclicEvent.cpp:TimeMissed():101|Cycle miss in event CCSICombinedCmdManager Cyclic Event. Time Overrun is 7336 us[EOL]
[2026-09-22T08:34:49.045239Z][APM_I.newgen-amplificationplatemagazine][W][2330306][140]CRTCyclicEvent.cpp:TimeMissed():101|Cycle miss in event CCSICombinedRepManager. Time Overrun is 7336 us[EOL]
[2026-09-22T08:34:49.045625Z][APM_I.barcodereader][W][2330306][134]CRTCyclicEvent.cpp:TimeMissed():101|Cycle miss in event CCSICombinedCmdManager Cyclic Event. Time Overrun is 1286 us[EOL]
[2026-09-22T08:34:49.045648Z][APM_I.barcodereader][W][2330306][134]CRTCyclicEvent.cpp:TimeMissed():101|Cycle miss in event CCSICombinedRepManager. Time Overrun is 1286 us[EOL]
[2026-09-22T08:34:50.072505Z][APM_I.newgen-amplificationplatemagazine][W][2330306][140]CRTCyclicEvent.cpp:TimeMissed():101|Cycle miss in event CCSICombinedCmdManager Cyclic Event. Time Overrun is 4637 us[EOL]
[2026-09-22T08:34:50.072550Z][APM_I.newgen-amplificationplatemagazine][W][2330306][140]CRTCyclicEvent.cpp:TimeMissed():101|Cycle miss in event CCSICombinedRepManager. Time Overrun is 4637 us[EOL]
[2026-09-22T08:34:53.197367Z][APM_I.barcodereader][W][2330306][134]CRTCyclicEvent.cpp:TimeMissed():101|Cycle miss in event CCSICombinedCmdManager Cyclic Event. Time Overrun is 3028 us[EOL]
[2026-09-22T08:34:53.197413Z][APM_I.barcodereader][W][2330306][134]CRTCyclicEvent.cpp:TimeMissed():101|Cycle miss in event CCSICombinedRepManager. Time Overrun is 3028 us[EOL]
[2026-09-22T08:34:58.683479Z][APM_I.newgen-amplificationplatemagazine][I][2560016][140]IMessageHandler.h:operator()():40|Received RabbitMqMessage Roche.MolLab.InstrumentState.Ping. Content: {"Timestamp":"2026-09-22T08:34:58.6775151Z","PingId":"IS10"}[EOL]
[2026-09-22T08:34:58.683510Z][APM_I.newgen-amplificationplatemagazine][I][844444436][140]UnitCommunicator.cpp:SendEvent():424|Publishing event: type=Roche.c68_8800.AmplificationPlateMagazine.I.Echo correlation_id=(n/a)[EOL]
[2026-09-22T08:34:58.683599Z][APM_I.newgen-amplificationplatemagazine][I][2560017][140]MessageSender.h:SendEvent():105|Sent RabbitMqEvent Roche.c68_8800.AmplificationPlateMagazine.I.Echo. Content: {"Timestamp":"2026-09-22T08:34:58.683507Z","MagazineId":"I","PingId":"IS10"}[EOL]
[2026-09-22T08:35:10.585075Z][APM_I.barcodereader][W][2330306][134]CRTCyclicEvent.cpp:TimeMissed():101|Cycle miss in event CCSICombinedCmdManager Cyclic Event. Time Overrun is 737 us[EOL]
[2026-09-22T08:35:10.585101Z][APM_I.barcodereader][W][2330306][134]CRTCyclicEvent.cpp:TimeMissed():101|Cycle miss in event CCSICombinedRepManager. Time Overrun is 737 us[EOL]
[2026-09-22T08:35:10.662988Z][APM_I.newgen-amplificationplatemagazine][W][2330306][140]CRTCyclicEvent.cpp:TimeMissed():101|Cycle miss in event CCSICombinedCmdManager Cyclic Event. Time Overrun is 5117 us[EOL]
[2026-09-22T08:35:10.663032Z][APM_I.newgen-amplificationplatemagazine][W][2330306][140]CRTCyclicEvent.cpp:TimeMissed():101|Cycle miss in event CCSICombinedRepManager. Time Overrun is 5117 us[EOL]
[2026-09-22T08:35:20.884866Z][APM_I.barcodereader][W][2330306][134]CRTCyclicEvent.cpp:TimeMissed():101|Cycle miss in event CCSICombinedCmdManager Cyclic Event. Time Overrun is 530 us[EOL]
[2026-09-22T08:35:20.884894Z][APM_I.barcodereader][W][2330306][134]CRTCyclicEvent.cpp:TimeMissed():101|Cycle miss in event CCSICombinedRepManager. Time Overrun is 530 us[EOL]
[2026-09-22T08:35:23.774844Z][APM_I.barcodereader][W][2330306][134]CRTCyclicEvent.cpp:TimeMissed():101|Cycle miss in event CCSICombinedCmdManager Cyclic Event. Time Overrun is 501 us[EOL]
[2026-09-22T08:35:23.774881Z][APM_I.barcodereader][W][2330306][134]CRTCyclicEvent.cpp:TimeMissed():101|Cycle miss in event CCSICombinedRepManager. Time Overrun is 501 us[EOL]
[2026-09-22T08:35:24.350842Z][APM_I.barcodereader][W][2330306][134]CRTCyclicEvent.cpp:TimeMissed():101|Cycle miss in event CCSICombinedCmdManager Cyclic Event. Time Overrun is 6480 us[EOL]
[2026-09-22T08:35:24.351107Z][APM_I.newgen-amplificationplatemagazine][W][2330306][140]CRTCyclicEvent.cpp:TimeMissed():101|Cycle miss in event CCSICombinedCmdManager Cyclic Event. Time Overrun is 3240 us[EOL]
[2026-09-22T08:35:24.350868Z][APM_I.barcodereader][W][2330306][134]CRTCyclicEvent.cpp:TimeMissed():101|Cycle miss in event CCSICombinedRepManager. Time Overrun is 6480 us[EOL]
[2026-09-22T08:35:24.351140Z][APM_I.newgen-amplificationplatemagazine][W][2330306][140]CRTCyclicEvent.cpp:TimeMissed():101|Cycle miss in event CCSICombinedRepManager. Time Overrun is 3240 us[EOL]
[2026-09-22T08:35:26.518662Z][APM_I.newgen-amplificationplatemagazine][W][2330306][140]CRTCyclicEvent.cpp:TimeMissed():101|Cycle miss in event CCSICombinedCmdManager Cyclic Event. Time Overrun is 20796 us[EOL]
[2026-09-22T08:35:26.518293Z][APM_I.barcodereader][W][2330306][134]CRTCyclicEvent.cpp:TimeMissed():101|Cycle miss in event CCSICombinedCmdManager Cyclic Event. Time Overrun is 23956 us[EOL]
[2026-09-22T08:35:26.518692Z][APM_I.newgen-amplificationplatemagazine][W][2330306][140]CRTCyclicEvent.cpp:TimeMissed():101|Cycle miss in event CCSICombinedRepManager. Time Overrun is 20796 us[EOL]
[2026-09-22T08:35:26.518320Z][APM_I.barcodereader][W][2330306][134]CRTCyclicEvent.cpp:TimeMissed():101|Cycle miss in event CCSICombinedRepManager. Time Overrun is 23956 us[EOL]
[2026-09-22T08:35:27.824601Z][APM_I.barcodereader][W][2330306][134]CRTCyclicEvent.cpp:TimeMissed():101|Cycle miss in event CCSICombinedCmdManager Cyclic Event. Time Overrun is 263 us[EOL]
[2026-09-22T08:35:27.824639Z][APM_I.barcodereader][W][2330306][134]CRTCyclicEvent.cpp:TimeMissed():101|Cycle miss in event CCSICombinedRepManager. Time Overrun is 263 us[EOL]
[2026-09-22T08:35:28.680912Z][APM_I.newgen-amplificationplatemagazine][I][2560016][140]IMessageHandler.h:operator()():40|Received RabbitMqMessage Roche.MolLab.InstrumentState.Ping. Content: {"Timestamp":"2026-09-22T08:35:28.6744327Z","PingId":"IS11"}[EOL]
[2026-09-22T08:35:28.680956Z][APM_I.newgen-amplificationplatemagazine][I][844444436][140]UnitCommunicator.cpp:SendEvent():424|Publishing event: type=Roche.c68_8800.AmplificationPlateMagazine.I.Echo correlation_id=(n/a)[EOL]
[2026-09-22T08:35:28.681041Z][APM_I.newgen-amplificationplatemagazine][I][2560017][140]MessageSender.h:SendEvent():105|Sent RabbitMqEvent Roche.c68_8800.AmplificationPlateMagazine.I.Echo. Content: {"Timestamp":"2026-09-22T08:35:28.680949Z","MagazineId":"I","PingId":"IS11"}[EOL]
[2026-09-22T08:35:29.407310Z][APM_I.barcodereader][W][2330306][134]CRTCyclicEvent.cpp:TimeMissed():101|Cycle miss in event CCSICombinedCmdManager Cyclic Event. Time Overrun is 12973 us[EOL]
[2026-09-22T08:35:29.407332Z][APM_I.barcodereader][W][2330306][134]CRTCyclicEvent.cpp:TimeMissed():101|Cycle miss in event CCSICombinedRepManager. Time Overrun is 12973 us[EOL]
[2026-09-22T08:35:29.406871Z][APM_I.newgen-amplificationplatemagazine][W][2330306][140]CRTCyclicEvent.cpp:TimeMissed():101|Cycle miss in event CCSICombinedCmdManager Cyclic Event. Time Overrun is 9003 us[EOL]
[2026-09-22T08:35:29.406906Z][APM_I.newgen-amplificationplatemagazine][W][2330306][140]CRTCyclicEvent.cpp:TimeMissed():101|Cycle miss in event CCSICombinedRepManager. Time Overrun is 9003 us[EOL]
[2026-09-22T08:35:29.636408Z][APM_I.barcodereader][W][2330306][134]CRTCyclicEvent.cpp:TimeMissed():101|Cycle miss in event CCSICombinedCmdManager Cyclic Event. Time Overrun is 2073 us[EOL]
[2026-09-22T08:35:29.636429Z][APM_I.barcodereader][W][2330306][134]CRTCyclicEvent.cpp:TimeMissed():101|Cycle miss in event CCSICombinedRepManager. Time Overrun is 2073 us[EOL]
[2026-09-22T08:35:31.825325Z][APM_I.barcodereader][W][2330306][134]CRTCyclicEvent.cpp:TimeMissed():101|Cycle miss in event CCSICombinedCmdManager Cyclic Event. Time Overrun is 989 us[EOL]
[2026-09-22T08:35:31.825353Z][APM_I.barcodereader][W][2330306][134]CRTCyclicEvent.cpp:TimeMissed():101|Cycle miss in event CCSICombinedRepManager. Time Overrun is 989 us[EOL]
[2026-09-22T08:35:31.947217Z][APM_I.newgen-amplificationplatemagazine][W][2330306][140]CRTCyclicEvent.cpp:TimeMissed():101|Cycle miss in event CCSICombinedCmdManager Cyclic Event. Time Overrun is 9345 us[EOL]
[2026-09-22T08:35:31.947135Z][APM_I.barcodereader][W][2330306][134]CRTCyclicEvent.cpp:TimeMissed():101|Cycle miss in event CCSICombinedCmdManager Cyclic Event. Time Overrun is 2797 us[EOL]
[2026-09-22T08:35:31.947159Z][APM_I.barcodereader][W][2330306][134]CRTCyclicEvent.cpp:TimeMissed():101|Cycle miss in event CCSICombinedRepManager. Time Overrun is 2797 us[EOL]
[2026-09-22T08:35:31.947249Z][APM_I.newgen-amplificationplatemagazine][W][2330306][140]CRTCyclicEvent.cpp:TimeMissed():101|Cycle miss in event CCSICombinedRepManager. Time Overrun is 9345 us[EOL]
[2026-09-22T08:35:32.448162Z][APM_I.newgen-amplificationplatemagazine][W][2330306][140]CRTCyclicEvent.cpp:TimeMissed():101|Cycle miss in event CCSICombinedCmdManager Cyclic Event. Time Overrun is 294 us[EOL]
[2026-09-22T08:35:32.448198Z][APM_I.newgen-amplificationplatemagazine][W][2330306][140]CRTCyclicEvent.cpp:TimeMissed():101|Cycle miss in event CCSICombinedRepManager. Time Overrun is 294 us[EOL]
[2026-09-22T08:35:34.825084Z][APM_I.barcodereader][W][2330306][134]CRTCyclicEvent.cpp:TimeMissed():101|Cycle miss in event CCSICombinedCmdManager Cyclic Event. Time Overrun is 749 us[EOL]
[2026-09-22T08:35:34.825181Z][APM_I.barcodereader][W][2330306][134]CRTCyclicEvent.cpp:TimeMissed():101|Cycle miss in event CCSICombinedRepManager. Time Overrun is 749 us[EOL]
[2026-09-22T08:35:39.182595Z][APM_I.barcodereader][W][2330306][134]CRTCyclicEvent.cpp:TimeMissed():101|Cycle miss in event CCSICombinedCmdManager Cyclic Event. Time Overrun is 8258 us[EOL]
[2026-09-22T08:35:39.182643Z][APM_I.barcodereader][W][2330306][134]CRTCyclicEvent.cpp:TimeMissed():101|Cycle miss in event CCSICombinedRepManager. Time Overrun is 8258 us[EOL]
[2026-09-22T08:35:40.923008Z][APM_I.barcodereader][W][2330306][134]CRTCyclicEvent.cpp:TimeMissed():101|Cycle miss in event CCSICombinedCmdManager Cyclic Event. Time Overrun is 8667 us[EOL]
[2026-09-22T08:35:40.923046Z][APM_I.barcodereader][W][2330306][134]CRTCyclicEvent.cpp:TimeMissed():101|Cycle miss in event CCSICombinedRepManager. Time Overrun is 8667 us[EOL]
[2026-09-22T08:35:40.922604Z][APM_I.newgen-amplificationplatemagazine][W][2330306][140]CRTCyclicEvent.cpp:TimeMissed():101|Cycle miss in event CCSICombinedCmdManager Cyclic Event. Time Overrun is 14735 us[EOL]
[2026-09-22T08:35:40.922645Z][APM_I.newgen-amplificationplatemagazine][W][2330306][140]CRTCyclicEvent.cpp:TimeMissed():101|Cycle miss in event CCSICombinedRepManager. Time Overrun is 14735 us[EOL]
[2026-09-22T08:35:51.635712Z][APM_I.barcodereader][W][2330306][134]CRTCyclicEvent.cpp:TimeMissed():101|Cycle miss in event CCSICombinedCmdManager Cyclic Event. Time Overrun is 11376 us[EOL]
[2026-09-22T08:35:51.635743Z][APM_I.barcodereader][W][2330306][134]CRTCyclicEvent.cpp:TimeMissed():101|Cycle miss in event CCSICombinedRepManager. Time Overrun is 11376 us[EOL]
[2026-09-22T08:35:53.353876Z][APM_I.barcodereader][W][2330306][134]CRTCyclicEvent.cpp:TimeMissed():101|Cycle miss in event CCSICombinedCmdManager Cyclic Event. Time Overrun is 19535 us[EOL]
[2026-09-22T08:35:53.353921Z][APM_I.barcodereader][W][2330306][134]CRTCyclicEvent.cpp:TimeMissed():101|Cycle miss in event CCSICombinedRepManager. Time Overrun is 19535 us[EOL]
[2026-09-22T08:35:55.476615Z][APM_I.newgen-amplificationplatemagazine][W][2330306][140]CRTCyclicEvent.cpp:TimeMissed():101|Cycle miss in event CCSICombinedCmdManager Cyclic Event. Time Overrun is 8744 us[EOL]
[2026-09-22T08:35:55.476660Z][APM_I.newgen-amplificationplatemagazine][W][2330306][140]CRTCyclicEvent.cpp:TimeMissed():101|Cycle miss in event CCSICombinedRepManager. Time Overrun is 8744 us[EOL]
[2026-09-22T08:35:55.480477Z][APM_I.barcodereader][W][2330306][134]CRTCyclicEvent.cpp:TimeMissed():101|Cycle miss in event CCSICombinedCmdManager Cyclic Event. Time Overrun is 6141 us[EOL]
[2026-09-22T08:35:55.480504Z][APM_I.barcodereader][W][2330306][134]CRTCyclicEvent.cpp:TimeMissed():101|Cycle miss in event CCSICombinedRepManager. Time Overrun is 6141 us[EOL]
[2026-09-22T08:35:57.828840Z][APM_I.barcodereader][W][2330306][134]CRTCyclicEvent.cpp:TimeMissed():101|Cycle miss in event CCSICombinedCmdManager Cyclic Event. Time Overrun is 4503 us[EOL]
[2026-09-22T08:35:57.828871Z][APM_I.barcodereader][W][2330306][134]CRTCyclicEvent.cpp:TimeMissed():101|Cycle miss in event CCSICombinedRepManager. Time Overrun is 4503 us[EOL]
[2026-09-22T08:35:58.495424Z][APM_I.barcodereader][W][2330306][134]CRTCyclicEvent.cpp:TimeMissed():101|Cycle miss in event CCSICombinedCmdManager Cyclic Event. Time Overrun is 1084 us[EOL]
[2026-09-22T08:35:58.495462Z][APM_I.barcodereader][W][2330306][134]CRTCyclicEvent.cpp:TimeMissed():101|Cycle miss in event CCSICombinedRepManager. Time Overrun is 1084 us[EOL]
[2026-09-22T08:35:58.689932Z][APM_I.newgen-amplificationplatemagazine][I][2560016][140]IMessageHandler.h:operator()():40|Received RabbitMqMessage Roche.MolLab.InstrumentState.Ping. Content: {"Timestamp":"2026-09-22T08:35:58.6770944Z","PingId":"IS12"}[EOL]
[2026-09-22T08:35:58.689975Z][APM_I.newgen-amplificationplatemagazine][I][844444436][140]UnitCommunicator.cpp:SendEvent():424|Publishing event: type=Roche.c68_8800.AmplificationPlateMagazine.I.Echo correlation_id=(n/a)[EOL]
[2026-09-22T08:35:58.690004Z][APM_I.newgen-amplificationplatemagazine][I][2560017][140]MessageSender.h:SendEvent():105|Sent RabbitMqEvent Roche.c68_8800.AmplificationPlateMagazine.I.Echo. Content: {"Timestamp":"2026-09-22T08:35:58.689969Z","MagazineId":"I","PingId":"IS12"}[EOL]
[2026-09-22T08:36:07.138378Z][APM_I.newgen-amplificationplatemagazine][W][2330306][140]CRTCyclicEvent.cpp:TimeMissed():101|Cycle miss in event CCSICombinedCmdManager Cyclic Event. Time Overrun is 481 us[EOL]
[2026-09-22T08:36:07.138449Z][APM_I.newgen-amplificationplatemagazine][W][2330306][140]CRTCyclicEvent.cpp:TimeMissed():101|Cycle miss in event CCSICombinedRepManager. Time Overrun is 481 us[EOL]
[2026-09-22T08:36:28.682486Z][APM_I.newgen-amplificationplatemagazine][I][2560016][140]IMessageHandler.h:operator()():40|Received RabbitMqMessage Roche.MolLab.InstrumentState.Ping. Content: {"Timestamp":"2026-09-22T08:36:28.6764118Z","PingId":"IS13"}[EOL]
[2026-09-22T08:36:28.682527Z][APM_I.newgen-amplificationplatemagazine][I][844444436][140]UnitCommunicator.cpp:SendEvent():424|Publishing event: type=Roche.c68_8800.AmplificationPlateMagazine.I.Echo correlation_id=(n/a)[EOL]
[2026-09-22T08:36:28.682547Z][APM_I.newgen-amplificationplatemagazine][I][2560017][140]MessageSender.h:SendEvent():105|Sent RabbitMqEvent Roche.c68_8800.AmplificationPlateMagazine.I.Echo. Content: {"Timestamp":"2026-09-22T08:36:28.682522Z","MagazineId":"I","PingId":"IS13"}[EOL]
[2026-09-22T08:36:32.134537Z][APM_I.barcodereader][W][2330306][134]CRTCyclicEvent.cpp:TimeMissed():101|Cycle miss in event CCSICombinedCmdManager Cyclic Event. Time Overrun is 195 us[EOL]
[2026-09-22T08:36:32.134586Z][APM_I.barcodereader][W][2330306][134]CRTCyclicEvent.cpp:TimeMissed():101|Cycle miss in event CCSICombinedRepManager. Time Overrun is 195 us[EOL]
[2026-09-22T08:36:36.266316Z][APM_I.barcodereader][W][2330306][134]CRTCyclicEvent.cpp:TimeMissed():101|Cycle miss in event CCSICombinedCmdManager Cyclic Event. Time Overrun is 1981 us[EOL]
[2026-09-22T08:36:36.266341Z][APM_I.barcodereader][W][2330306][134]CRTCyclicEvent.cpp:TimeMissed():101|Cycle miss in event CCSICombinedRepManager. Time Overrun is 1981 us[EOL]
[2026-09-22T08:36:36.266085Z][APM_I.newgen-amplificationplatemagazine][W][2330306][140]CRTCyclicEvent.cpp:TimeMissed():101|Cycle miss in event CCSICombinedCmdManager Cyclic Event. Time Overrun is 8213 us[EOL]
[2026-09-22T08:36:36.266118Z][APM_I.newgen-amplificationplatemagazine][W][2330306][140]CRTCyclicEvent.cpp:TimeMissed():101|Cycle miss in event CCSICombinedRepManager. Time Overrun is 8213 us[EOL]
[2026-09-22T08:36:38.308250Z][APM_I.barcodereader][W][2330306][134]CRTCyclicEvent.cpp:TimeMissed():101|Cycle miss in event CCSICombinedCmdManager Cyclic Event. Time Overrun is 3911 us[EOL]
[2026-09-22T08:36:38.308298Z][APM_I.barcodereader][W][2330306][134]CRTCyclicEvent.cpp:TimeMissed():101|Cycle miss in event CCSICombinedRepManager. Time Overrun is 3911 us[EOL]
[2026-09-22T08:36:41.828721Z][APM_I.newgen-amplificationplatemagazine][W][2330306][140]CRTCyclicEvent.cpp:TimeMissed():101|Cycle miss in event CCSICombinedCmdManager Cyclic Event. Time Overrun is 849 us[EOL]
[2026-09-22T08:36:41.828789Z][APM_I.newgen-amplificationplatemagazine][W][2330306][140]CRTCyclicEvent.cpp:TimeMissed():101|Cycle miss in event CCSICombinedRepManager. Time Overrun is 849 us[EOL]
[2026-09-22T08:36:42.442335Z][APM_I.barcodereader][W][2330306][134]CRTCyclicEvent.cpp:TimeMissed():101|Cycle miss in event CCSICombinedCmdManager Cyclic Event. Time Overrun is 17997 us[EOL]
[2026-09-22T08:36:42.437593Z][APM_I.newgen-amplificationplatemagazine][W][2330306][140]CRTCyclicEvent.cpp:TimeMissed():101|Cycle miss in event CCSICombinedCmdManager Cyclic Event. Time Overrun is 9724 us[EOL]
[2026-09-22T08:36:42.442372Z][APM_I.barcodereader][W][2330306][134]CRTCyclicEvent.cpp:TimeMissed():101|Cycle miss in event CCSICombinedRepManager. Time Overrun is 17997 us[EOL]
[2026-09-22T08:36:42.437765Z][APM_I.newgen-amplificationplatemagazine][W][2330306][140]CRTCyclicEvent.cpp:TimeMissed():101|Cycle miss in event CCSICombinedRepManager. Time Overrun is 9724 us[EOL]
[2026-09-22T08:36:42.990077Z][APM_I.newgen-amplificationplatemagazine][W][2330306][140]CRTCyclicEvent.cpp:TimeMissed():101|Cycle miss in event CCSICombinedCmdManager Cyclic Event. Time Overrun is 2208 us[EOL]
[2026-09-22T08:36:42.990987Z][APM_I.newgen-amplificationplatemagazine][W][2330306][140]CRTCyclicEvent.cpp:TimeMissed():101|Cycle miss in event CCSICombinedRepManager. Time Overrun is 2208 us[EOL]
[2026-09-22T08:36:45.465258Z][APM_I.barcodereader][W][2330306][134]CRTCyclicEvent.cpp:TimeMissed():101|Cycle miss in event CCSICombinedCmdManager Cyclic Event. Time Overrun is 921 us[EOL]
[2026-09-22T08:36:45.465283Z][APM_I.barcodereader][W][2330306][134]CRTCyclicEvent.cpp:TimeMissed():101|Cycle miss in event CCSICombinedRepManager. Time Overrun is 921 us[EOL]
[2026-09-22T08:36:47.575516Z][APM_I.barcodereader][W][2330306][134]CRTCyclicEvent.cpp:TimeMissed():101|Cycle miss in event CCSICombinedCmdManager Cyclic Event. Time Overrun is 1163 us[EOL]
[2026-09-22T08:36:47.575544Z][APM_I.barcodereader][W][2330306][134]CRTCyclicEvent.cpp:TimeMissed():101|Cycle miss in event CCSICombinedRepManager. Time Overrun is 1163 us[EOL]
[2026-09-22T08:36:51.448615Z][APM_I.newgen-amplificationplatemagazine][W][2330306][140]CRTCyclicEvent.cpp:TimeMissed():101|Cycle miss in event CCSICombinedCmdManager Cyclic Event. Time Overrun is 745 us[EOL]
[2026-09-22T08:36:51.448669Z][APM_I.newgen-amplificationplatemagazine][W][2330306][140]CRTCyclicEvent.cpp:TimeMissed():101|Cycle miss in event CCSICombinedRepManager. Time Overrun is 745 us[EOL]
[2026-09-22T08:36:51.672680Z][APM_I.newgen-amplificationplatemagazine][W][2330306][140]CRTCyclicEvent.cpp:TimeMissed():101|Cycle miss in event CCSICombinedCmdManager Cyclic Event. Time Overrun is 4808 us[EOL]
[2026-09-22T08:36:51.672718Z][APM_I.newgen-amplificationplatemagazine][W][2330306][140]CRTCyclicEvent.cpp:TimeMissed():101|Cycle miss in event CCSICombinedRepManager. Time Overrun is 4808 us[EOL]
[2026-09-22T08:36:53.908955Z][APM_I.newgen-amplificationplatemagazine][W][2330306][140]CRTCyclicEvent.cpp:TimeMissed():101|Cycle miss in event CCSICombinedCmdManager Cyclic Event. Time Overrun is 1087 us[EOL]
[2026-09-22T08:36:53.908993Z][APM_I.newgen-amplificationplatemagazine][W][2330306][140]CRTCyclicEvent.cpp:TimeMissed():101|Cycle miss in event CCSICombinedRepManager. Time Overrun is 1087 us[EOL]
[2026-09-22T08:36:58.690855Z][APM_I.newgen-amplificationplatemagazine][I][2560016][140]IMessageHandler.h:operator()():40|Received RabbitMqMessage Roche.MolLab.InstrumentState.Ping. Content: {"Timestamp":"2026-09-22T08:36:58.6759276Z","PingId":"IS14"}[EOL]
[2026-09-22T08:36:58.690947Z][APM_I.newgen-amplificationplatemagazine][I][844444436][140]UnitCommunicator.cpp:SendEvent():424|Publishing event: type=Roche.c68_8800.AmplificationPlateMagazine.I.Echo correlation_id=(n/a)[EOL]
[2026-09-22T08:36:58.691008Z][APM_I.newgen-amplificationplatemagazine][I][2560017][140]MessageSender.h:SendEvent():105|Sent RabbitMqEvent Roche.c68_8800.AmplificationPlateMagazine.I.Echo. Content: {"Timestamp":"2026-09-22T08:36:58.690934Z","MagazineId":"I","PingId":"IS14"}[EOL]
[2026-09-22T08:36:59.805372Z][APM_I.barcodereader][W][2330306][134]CRTCyclicEvent.cpp:TimeMissed():101|Cycle miss in event CCSICombinedCmdManager Cyclic Event. Time Overrun is 31030 us[EOL]
[2026-09-22T08:36:59.805398Z][APM_I.barcodereader][W][2330306][134]CRTCyclicEvent.cpp:TimeMissed():101|Cycle miss in event CCSICombinedRepManager. Time Overrun is 31030 us[EOL]
[2026-09-22T08:36:59.804096Z][APM_I.newgen-amplificationplatemagazine][W][2330306][140]CRTCyclicEvent.cpp:TimeMissed():101|Cycle miss in event CCSICombinedCmdManager Cyclic Event. Time Overrun is 36223 us[EOL]
[2026-09-22T08:36:59.804145Z][APM_I.newgen-amplificationplatemagazine][W][2330306][140]CRTCyclicEvent.cpp:TimeMissed():101|Cycle miss in event CCSICombinedRepManager. Time Overrun is 36223 us[EOL]
[2026-09-22T08:37:14.502909Z][APM_I.newgen-amplificationplatemagazine][W][2330306][140]CRTCyclicEvent.cpp:TimeMissed():101|Cycle miss in event CCSICombinedCmdManager Cyclic Event. Time Overrun is 5036 us[EOL]
[2026-09-22T08:37:14.500033Z][APM_I.barcodereader][W][2330306][134]CRTCyclicEvent.cpp:TimeMissed():101|Cycle miss in event CCSICombinedCmdManager Cyclic Event. Time Overrun is 5698 us[EOL]
[2026-09-22T08:37:14.502964Z][APM_I.newgen-amplificationplatemagazine][W][2330306][140]CRTCyclicEvent.cpp:TimeMissed():101|Cycle miss in event CCSICombinedRepManager. Time Overrun is 5036 us[EOL]
[2026-09-22T08:37:14.500056Z][APM_I.barcodereader][W][2330306][134]CRTCyclicEvent.cpp:TimeMissed():101|Cycle miss in event CCSICombinedRepManager. Time Overrun is 5698 us[EOL]
[2026-09-22T08:37:20.205643Z][APM_I.barcodereader][W][2330306][134]CRTCyclicEvent.cpp:TimeMissed():101|Cycle miss in event CCSICombinedCmdManager Cyclic Event. Time Overrun is 21035 us[EOL]
[2026-09-22T08:37:20.205683Z][APM_I.barcodereader][W][2330306][134]CRTCyclicEvent.cpp:TimeMissed():101|Cycle miss in event CCSICombinedRepManager. Time Overrun is 21035 us[EOL]
[2026-09-22T08:37:25.377009Z][APM_I.barcodereader][W][2330306][134]CRTCyclicEvent.cpp:TimeMissed():101|Cycle miss in event CCSICombinedCmdManager Cyclic Event. Time Overrun is 2673 us[EOL]
[2026-09-22T08:37:25.377040Z][APM_I.barcodereader][W][2330306][134]CRTCyclicEvent.cpp:TimeMissed():101|Cycle miss in event CCSICombinedRepManager. Time Overrun is 2673 us[EOL]
[2026-09-22T08:37:25.778078Z][APM_I.newgen-amplificationplatemagazine][W][2330306][140]CRTCyclicEvent.cpp:TimeMissed():101|Cycle miss in event CCSICombinedCmdManager Cyclic Event. Time Overrun is 213 us[EOL]
[2026-09-22T08:37:25.778108Z][APM_I.newgen-amplificationplatemagazine][W][2330306][140]CRTCyclicEvent.cpp:TimeMissed():101|Cycle miss in event CCSICombinedRepManager. Time Overrun is 213 us[EOL]
[2026-09-22T08:37:28.209637Z][APM_I.barcodereader][W][2330306][134]CRTCyclicEvent.cpp:TimeMissed():101|Cycle miss in event CCSICombinedCmdManager Cyclic Event. Time Overrun is 5300 us[EOL]
[2026-09-22T08:37:28.209662Z][APM_I.barcodereader][W][2330306][134]CRTCyclicEvent.cpp:TimeMissed():101|Cycle miss in event CCSICombinedRepManager. Time Overrun is 5300 us[EOL]
[2026-09-22T08:37:28.210408Z][APM_I.newgen-amplificationplatemagazine][W][2330306][140]CRTCyclicEvent.cpp:TimeMissed():101|Cycle miss in event CCSICombinedCmdManager Cyclic Event. Time Overrun is 2536 us[EOL]
[2026-09-22T08:37:28.210458Z][APM_I.newgen-amplificationplatemagazine][W][2330306][140]CRTCyclicEvent.cpp:TimeMissed():101|Cycle miss in event CCSICombinedRepManager. Time Overrun is 2536 us[EOL]
[2026-09-22T08:37:28.679775Z][APM_I.newgen-amplificationplatemagazine][I][2560016][140]IMessageHandler.h:operator()():40|Received RabbitMqMessage Roche.MolLab.InstrumentState.Ping. Content: {"Timestamp":"2026-09-22T08:37:28.6740962Z","PingId":"IS15"}[EOL]
[2026-09-22T08:37:28.679817Z][APM_I.newgen-amplificationplatemagazine][I][844444436][140]UnitCommunicator.cpp:SendEvent():424|Publishing event: type=Roche.c68_8800.AmplificationPlateMagazine.I.Echo correlation_id=(n/a)[EOL]
[2026-09-22T08:37:28.679843Z][APM_I.newgen-amplificationplatemagazine][I][2560017][140]MessageSender.h:SendEvent():105|Sent RabbitMqEvent Roche.c68_8800.AmplificationPlateMagazine.I.Echo. Content: {"Timestamp":"2026-09-22T08:37:28.679810Z","MagazineId":"I","PingId":"IS15"}[EOL]
[2026-09-22T08:37:37.351603Z][APM_I.newgen-amplificationplatemagazine][W][2330306][140]CRTCyclicEvent.cpp:TimeMissed():101|Cycle miss in event CCSICombinedCmdManager Cyclic Event. Time Overrun is 13738 us[EOL]
[2026-09-22T08:37:37.351627Z][APM_I.newgen-amplificationplatemagazine][W][2330306][140]CRTCyclicEvent.cpp:TimeMissed():101|Cycle miss in event CCSICombinedRepManager. Time Overrun is 13738 us[EOL]
[2026-09-22T08:37:37.353406Z][APM_I.barcodereader][W][2330306][134]CRTCyclicEvent.cpp:TimeMissed():101|Cycle miss in event CCSICombinedCmdManager Cyclic Event. Time Overrun is 9068 us[EOL]
[2026-09-22T08:37:37.353439Z][APM_I.barcodereader][W][2330306][134]CRTCyclicEvent.cpp:TimeMissed():101|Cycle miss in event CCSICombinedRepManager. Time Overrun is 9068 us[EOL]
[2026-09-22T08:37:44.129759Z][APM_I.newgen-amplificationplatemagazine][W][2330306][140]CRTCyclicEvent.cpp:TimeMissed():101|Cycle miss in event CCSICombinedCmdManager Cyclic Event. Time Overrun is 21891 us[EOL]
[2026-09-22T08:37:44.129799Z][APM_I.newgen-amplificationplatemagazine][W][2330306][140]CRTCyclicEvent.cpp:TimeMissed():101|Cycle miss in event CCSICombinedRepManager. Time Overrun is 21891 us[EOL]
[2026-09-22T08:37:44.130386Z][APM_I.barcodereader][W][2330306][134]CRTCyclicEvent.cpp:TimeMissed():101|Cycle miss in event CCSICombinedCmdManager Cyclic Event. Time Overrun is 16045 us[EOL]
[2026-09-22T08:37:44.130431Z][APM_I.barcodereader][W][2330306][134]CRTCyclicEvent.cpp:TimeMissed():101|Cycle miss in event CCSICombinedRepManager. Time Overrun is 16045 us[EOL]
[2026-09-22T08:37:44.251818Z][APM_I.newgen-amplificationplatemagazine][W][2330306][140]CRTCyclicEvent.cpp:TimeMissed():101|Cycle miss in event CCSICombinedCmdManager Cyclic Event. Time Overrun is 3953 us[EOL]
[2026-09-22T08:37:44.251841Z][APM_I.newgen-amplificationplatemagazine][W][2330306][140]CRTCyclicEvent.cpp:TimeMissed():101|Cycle miss in event CCSICombinedRepManager. Time Overrun is 3953 us[EOL]
[2026-09-22T08:37:45.548197Z][APM_I.newgen-amplificationplatemagazine][W][2330306][140]CRTCyclicEvent.cpp:TimeMissed():101|Cycle miss in event CCSICombinedCmdManager Cyclic Event. Time Overrun is 330 us[EOL]
[2026-09-22T08:37:45.548229Z][APM_I.newgen-amplificationplatemagazine][W][2330306][140]CRTCyclicEvent.cpp:TimeMissed():101|Cycle miss in event CCSICombinedRepManager. Time Overrun is 330 us[EOL]
[2026-09-22T08:37:49.536623Z][APM_I.barcodereader][W][2330306][134]CRTCyclicEvent.cpp:TimeMissed():101|Cycle miss in event CCSICombinedCmdManager Cyclic Event. Time Overrun is 2287 us[EOL]
[2026-09-22T08:37:49.536645Z][APM_I.barcodereader][W][2330306][134]CRTCyclicEvent.cpp:TimeMissed():101|Cycle miss in event CCSICombinedRepManager. Time Overrun is 2287 us[EOL]
[2026-09-22T08:37:58.535120Z][APM_I.barcodereader][W][2330306][134]CRTCyclicEvent.cpp:TimeMissed():101|Cycle miss in event CCSICombinedCmdManager Cyclic Event. Time Overrun is 783 us[EOL]
[2026-09-22T08:37:58.535156Z][APM_I.barcodereader][W][2330306][134]CRTCyclicEvent.cpp:TimeMissed():101|Cycle miss in event CCSICombinedRepManager. Time Overrun is 783 us[EOL]
[2026-09-22T08:37:58.693566Z][APM_I.newgen-amplificationplatemagazine][I][2560016][140]IMessageHandler.h:operator()():40|Received RabbitMqMessage Roche.MolLab.InstrumentState.Ping. Content: {"Timestamp":"2026-09-22T08:37:58.6750384Z","PingId":"IS16"}[EOL]
[2026-09-22T08:37:58.693609Z][APM_I.newgen-amplificationplatemagazine][I][844444436][140]UnitCommunicator.cpp:SendEvent():424|Publishing event: type=Roche.c68_8800.AmplificationPlateMagazine.I.Echo correlation_id=(n/a)[EOL]
[2026-09-22T08:37:58.693636Z][APM_I.newgen-amplificationplatemagazine][I][2560017][140]MessageSender.h:SendEvent():105|Sent RabbitMqEvent Roche.c68_8800.AmplificationPlateMagazine.I.Echo. Content: {"Timestamp":"2026-09-22T08:37:58.693602Z","MagazineId":"I","PingId":"IS16"}[EOL]
[2026-09-22T08:38:03.758176Z][APM_I.newgen-amplificationplatemagazine][W][2330306][140]CRTCyclicEvent.cpp:TimeMissed():101|Cycle miss in event CCSICombinedCmdManager Cyclic Event. Time Overrun is 306 us[EOL]
[2026-09-22T08:38:03.758287Z][APM_I.newgen-amplificationplatemagazine][W][2330306][140]CRTCyclicEvent.cpp:TimeMissed():101|Cycle miss in event CCSICombinedRepManager. Time Overrun is 306 us[EOL]
[2026-09-22T08:38:04.735833Z][APM_I.barcodereader][W][2330306][134]CRTCyclicEvent.cpp:TimeMissed():101|Cycle miss in event CCSICombinedCmdManager Cyclic Event. Time Overrun is 1495 us[EOL]
[2026-09-22T08:38:04.735881Z][APM_I.barcodereader][W][2330306][134]CRTCyclicEvent.cpp:TimeMissed():101|Cycle miss in event CCSICombinedRepManager. Time Overrun is 1495 us[EOL]
[2026-09-22T08:38:04.940537Z][APM_I.newgen-amplificationplatemagazine][W][2330306][140]CRTCyclicEvent.cpp:TimeMissed():101|Cycle miss in event CCSICombinedCmdManager Cyclic Event. Time Overrun is 2668 us[EOL]
[2026-09-22T08:38:04.940611Z][APM_I.newgen-amplificationplatemagazine][W][2330306][140]CRTCyclicEvent.cpp:TimeMissed():101|Cycle miss in event CCSICombinedRepManager. Time Overrun is 2668 us[EOL]
[2026-09-22T08:38:08.102443Z][APM_I.barcodereader][W][2330306][134]CRTCyclicEvent.cpp:TimeMissed():101|Cycle miss in event CCSICombinedCmdManager Cyclic Event. Time Overrun is 8105 us[EOL]
[2026-09-22T08:38:08.102484Z][APM_I.barcodereader][W][2330306][134]CRTCyclicEvent.cpp:TimeMissed():101|Cycle miss in event CCSICombinedRepManager. Time Overrun is 8105 us[EOL]
[2026-09-22T08:38:08.102784Z][APM_I.newgen-amplificationplatemagazine][W][2330306][140]CRTCyclicEvent.cpp:TimeMissed():101|Cycle miss in event CCSICombinedCmdManager Cyclic Event. Time Overrun is 4915 us[EOL]
[2026-09-22T08:38:08.102818Z][APM_I.newgen-amplificationplatemagazine][W][2330306][140]CRTCyclicEvent.cpp:TimeMissed():101|Cycle miss in event CCSICombinedRepManager. Time Overrun is 4915 us[EOL]
[2026-09-22T08:38:14.947455Z][APM_I.newgen-amplificationplatemagazine][W][2330306][140]CRTCyclicEvent.cpp:TimeMissed():101|Cycle miss in event CCSICombinedCmdManager Cyclic Event. Time Overrun is 9584 us[EOL]
[2026-09-22T08:38:14.947492Z][APM_I.newgen-amplificationplatemagazine][W][2330306][140]CRTCyclicEvent.cpp:TimeMissed():101|Cycle miss in event CCSICombinedRepManager. Time Overrun is 9584 us[EOL]
[2026-09-22T08:38:14.947592Z][APM_I.barcodereader][W][2330306][134]CRTCyclicEvent.cpp:TimeMissed():101|Cycle miss in event CCSICombinedCmdManager Cyclic Event. Time Overrun is 3253 us[EOL]
[2026-09-22T08:38:14.947624Z][APM_I.barcodereader][W][2330306][134]CRTCyclicEvent.cpp:TimeMissed():101|Cycle miss in event CCSICombinedRepManager. Time Overrun is 3253 us[EOL]
[2026-09-22T08:38:24.449920Z][APM_I.newgen-amplificationplatemagazine][W][2330306][140]CRTCyclicEvent.cpp:TimeMissed():101|Cycle miss in event CCSICombinedCmdManager Cyclic Event. Time Overrun is 2051 us[EOL]
[2026-09-22T08:38:24.449965Z][APM_I.newgen-amplificationplatemagazine][W][2330306][140]CRTCyclicEvent.cpp:TimeMissed():101|Cycle miss in event CCSICombinedRepManager. Time Overrun is 2051 us[EOL]
[2026-09-22T08:38:24.449069Z][APM_I.barcodereader][W][2330306][134]CRTCyclicEvent.cpp:TimeMissed():101|Cycle miss in event CCSICombinedCmdManager Cyclic Event. Time Overrun is 4716 us[EOL]
[2026-09-22T08:38:24.451207Z][APM_I.barcodereader][W][2330306][134]CRTCyclicEvent.cpp:TimeMissed():101|Cycle miss in event CCSICombinedRepManager. Time Overrun is 4716 us[EOL]
[2026-09-22T08:38:28.679531Z][APM_I.newgen-amplificationplatemagazine][I][2560016][140]IMessageHandler.h:operator()():40|Received RabbitMqMessage Roche.MolLab.InstrumentState.Ping. Content: {"Timestamp":"2026-09-22T08:38:28.6759171Z","PingId":"IS17"}[EOL]
[2026-09-22T08:38:28.679780Z][APM_I.newgen-amplificationplatemagazine][I][844444436][140]UnitCommunicator.cpp:SendEvent():424|Publishing event: type=Roche.c68_8800.AmplificationPlateMagazine.I.Echo correlation_id=(n/a)[EOL]
[2026-09-22T08:38:28.679810Z][APM_I.newgen-amplificationplatemagazine][I][2560017][140]MessageSender.h:SendEvent():105|Sent RabbitMqEvent Roche.c68_8800.AmplificationPlateMagazine.I.Echo. Content: {"Timestamp":"2026-09-22T08:38:28.679760Z","MagazineId":"I","PingId":"IS17"}[EOL]
[2026-09-22T08:38:39.645027Z][APM_I.barcodereader][W][2330306][134]CRTCyclicEvent.cpp:TimeMissed():101|Cycle miss in event CCSICombinedCmdManager Cyclic Event. Time Overrun is 688 us[EOL]
[2026-09-22T08:38:39.645069Z][APM_I.barcodereader][W][2330306][134]CRTCyclicEvent.cpp:TimeMissed():101|Cycle miss in event CCSICombinedRepManager. Time Overrun is 688 us[EOL]
[2026-09-22T08:38:43.755393Z][APM_I.newgen-amplificationplatemagazine][W][2330306][140]CRTCyclicEvent.cpp:TimeMissed():101|Cycle miss in event CCSICombinedCmdManager Cyclic Event. Time Overrun is 7525 us[EOL]
[2026-09-22T08:38:43.755426Z][APM_I.newgen-amplificationplatemagazine][W][2330306][140]CRTCyclicEvent.cpp:TimeMissed():101|Cycle miss in event CCSICombinedRepManager. Time Overrun is 7525 us[EOL]
[2026-09-22T08:38:43.755684Z][APM_I.barcodereader][W][2330306][134]CRTCyclicEvent.cpp:TimeMissed():101|Cycle miss in event CCSICombinedCmdManager Cyclic Event. Time Overrun is 1347 us[EOL]
[2026-09-22T08:38:43.755709Z][APM_I.barcodereader][W][2330306][134]CRTCyclicEvent.cpp:TimeMissed():101|Cycle miss in event CCSICombinedRepManager. Time Overrun is 1347 us[EOL]
[2026-09-22T08:38:44.259787Z][APM_I.newgen-amplificationplatemagazine][W][2330306][140]CRTCyclicEvent.cpp:TimeMissed():101|Cycle miss in event CCSICombinedCmdManager Cyclic Event. Time Overrun is 1921 us[EOL]
[2026-09-22T08:38:44.259814Z][APM_I.newgen-amplificationplatemagazine][W][2330306][140]CRTCyclicEvent.cpp:TimeMissed():101|Cycle miss in event CCSICombinedRepManager. Time Overrun is 1921 us[EOL]
[2026-09-22T08:38:53.207486Z][APM_I.barcodereader][W][2330306][134]CRTCyclicEvent.cpp:TimeMissed():101|Cycle miss in event CCSICombinedCmdManager Cyclic Event. Time Overrun is 3145 us[EOL]
[2026-09-22T08:38:53.207535Z][APM_I.barcodereader][W][2330306][134]CRTCyclicEvent.cpp:TimeMissed():101|Cycle miss in event CCSICombinedRepManager. Time Overrun is 3145 us[EOL]
[2026-09-22T08:38:54.075783Z][APM_I.barcodereader][W][2330306][134]CRTCyclicEvent.cpp:TimeMissed():101|Cycle miss in event CCSICombinedCmdManager Cyclic Event. Time Overrun is 11442 us[EOL]
[2026-09-22T08:38:54.075814Z][APM_I.barcodereader][W][2330306][134]CRTCyclicEvent.cpp:TimeMissed():101|Cycle miss in event CCSICombinedRepManager. Time Overrun is 11442 us[EOL]
[2026-09-22T08:38:58.679856Z][APM_I.newgen-amplificationplatemagazine][I][2560016][140]IMessageHandler.h:operator()():40|Received RabbitMqMessage Roche.MolLab.InstrumentState.Ping. Content: {"Timestamp":"2026-09-22T08:38:58.6756067Z","PingId":"IS18"}[EOL]
[2026-09-22T08:38:58.679896Z][APM_I.newgen-amplificationplatemagazine][I][844444436][140]UnitCommunicator.cpp:SendEvent():424|Publishing event: type=Roche.c68_8800.AmplificationPlateMagazine.I.Echo correlation_id=(n/a)[EOL]
[2026-09-22T08:38:58.679921Z][APM_I.newgen-amplificationplatemagazine][I][2560017][140]MessageSender.h:SendEvent():105|Sent RabbitMqEvent Roche.c68_8800.AmplificationPlateMagazine.I.Echo. Content: {"Timestamp":"2026-09-22T08:38:58.679890Z","MagazineId":"I","PingId":"IS18"}[EOL]
[2026-09-22T08:39:05.352291Z][APM_I.barcodereader][W][2330306][134]CRTCyclicEvent.cpp:TimeMissed():101|Cycle miss in event CCSICombinedCmdManager Cyclic Event. Time Overrun is 7951 us[EOL]
[2026-09-22T08:39:05.352335Z][APM_I.barcodereader][W][2330306][134]CRTCyclicEvent.cpp:TimeMissed():101|Cycle miss in event CCSICombinedRepManager. Time Overrun is 7951 us[EOL]
[2026-09-22T08:39:05.350892Z][APM_I.newgen-amplificationplatemagazine][W][2330306][140]CRTCyclicEvent.cpp:TimeMissed():101|Cycle miss in event CCSICombinedCmdManager Cyclic Event. Time Overrun is 13022 us[EOL]
[2026-09-22T08:39:05.350934Z][APM_I.newgen-amplificationplatemagazine][W][2330306][140]CRTCyclicEvent.cpp:TimeMissed():101|Cycle miss in event CCSICombinedRepManager. Time Overrun is 13022 us[EOL]
[2026-09-22T08:39:06.079682Z][APM_I.barcodereader][W][2330306][134]CRTCyclicEvent.cpp:TimeMissed():101|Cycle miss in event CCSICombinedCmdManager Cyclic Event. Time Overrun is 5347 us[EOL]
[2026-09-22T08:39:06.080039Z][APM_I.newgen-amplificationplatemagazine][W][2330306][140]CRTCyclicEvent.cpp:TimeMissed():101|Cycle miss in event CCSICombinedCmdManager Cyclic Event. Time Overrun is 2170 us[EOL]
[2026-09-22T08:39:06.080067Z][APM_I.newgen-amplificationplatemagazine][W][2330306][140]CRTCyclicEvent.cpp:TimeMissed():101|Cycle miss in event CCSICombinedRepManager. Time Overrun is 2170 us[EOL]
[2026-09-22T08:39:06.079703Z][APM_I.barcodereader][W][2330306][134]CRTCyclicEvent.cpp:TimeMissed():101|Cycle miss in event CCSICombinedRepManager. Time Overrun is 5347 us[EOL]
[2026-09-22T08:39:06.538585Z][APM_I.barcodereader][W][2330306][134]CRTCyclicEvent.cpp:TimeMissed():101|Cycle miss in event CCSICombinedCmdManager Cyclic Event. Time Overrun is 4250 us[EOL]
[2026-09-22T08:39:06.539696Z][APM_I.newgen-amplificationplatemagazine][W][2330306][140]CRTCyclicEvent.cpp:TimeMissed():101|Cycle miss in event CCSICombinedCmdManager Cyclic Event. Time Overrun is 1809 us[EOL]
[2026-09-22T08:39:06.538609Z][APM_I.barcodereader][W][2330306][134]CRTCyclicEvent.cpp:TimeMissed():101|Cycle miss in event CCSICombinedRepManager. Time Overrun is 4250 us[EOL]
[2026-09-22T08:39:06.539732Z][APM_I.newgen-amplificationplatemagazine][W][2330306][140]CRTCyclicEvent.cpp:TimeMissed():101|Cycle miss in event CCSICombinedRepManager. Time Overrun is 1809 us[EOL]
[2026-09-22T08:39:10.169081Z][APM_I.newgen-amplificationplatemagazine][W][2330306][140]CRTCyclicEvent.cpp:TimeMissed():101|Cycle miss in event CCSICombinedCmdManager Cyclic Event. Time Overrun is 1211 us[EOL]
[2026-09-22T08:39:10.165594Z][APM_I.barcodereader][W][2330306][134]CRTCyclicEvent.cpp:TimeMissed():101|Cycle miss in event CCSICombinedCmdManager Cyclic Event. Time Overrun is 1255 us[EOL]
[2026-09-22T08:39:10.169148Z][APM_I.newgen-amplificationplatemagazine][W][2330306][140]CRTCyclicEvent.cpp:TimeMissed():101|Cycle miss in event CCSICombinedRepManager. Time Overrun is 1211 us[EOL]
[2026-09-22T08:39:10.165681Z][APM_I.barcodereader][W][2330306][134]CRTCyclicEvent.cpp:TimeMissed():101|Cycle miss in event CCSICombinedRepManager. Time Overrun is 1255 us[EOL]
[2026-09-22T08:39:17.846204Z][APM_I.barcodereader][W][2330306][134]CRTCyclicEvent.cpp:TimeMissed():101|Cycle miss in event CCSICombinedCmdManager Cyclic Event. Time Overrun is 1864 us[EOL]
[2026-09-22T08:39:17.846258Z][APM_I.barcodereader][W][2330306][134]CRTCyclicEvent.cpp:TimeMissed():101|Cycle miss in event CCSICombinedRepManager. Time Overrun is 1864 us[EOL]
[2026-09-22T08:39:21.600171Z][APM_I.newgen-amplificationplatemagazine][W][2330306][140]CRTCyclicEvent.cpp:TimeMissed():101|Cycle miss in event CCSICombinedCmdManager Cyclic Event. Time Overrun is 2292 us[EOL]
[2026-09-22T08:39:21.600366Z][APM_I.newgen-amplificationplatemagazine][W][2330306][140]CRTCyclicEvent.cpp:TimeMissed():101|Cycle miss in event CCSICombinedRepManager. Time Overrun is 2292 us[EOL]
[2026-09-22T08:39:25.597518Z][APM_I.barcodereader][W][2330306][134]CRTCyclicEvent.cpp:TimeMissed():101|Cycle miss in event CCSICombinedCmdManager Cyclic Event. Time Overrun is 3181 us[EOL]
[2026-09-22T08:39:25.597550Z][APM_I.barcodereader][W][2330306][134]CRTCyclicEvent.cpp:TimeMissed():101|Cycle miss in event CCSICombinedRepManager. Time Overrun is 3181 us[EOL]
[2026-09-22T08:39:25.732862Z][APM_I.newgen-amplificationplatemagazine][W][2330306][140]CRTCyclicEvent.cpp:TimeMissed():101|Cycle miss in event CCSICombinedCmdManager Cyclic Event. Time Overrun is 4988 us[EOL]
[2026-09-22T08:39:25.733495Z][APM_I.newgen-amplificationplatemagazine][W][2330306][140]CRTCyclicEvent.cpp:TimeMissed():101|Cycle miss in event CCSICombinedRepManager. Time Overrun is 4988 us[EOL]
[2026-09-22T08:39:25.989584Z][APM_I.newgen-amplificationplatemagazine][W][2330306][140]CRTCyclicEvent.cpp:TimeMissed():101|Cycle miss in event CCSICombinedCmdManager Cyclic Event. Time Overrun is 1718 us[EOL]
[2026-09-22T08:39:25.989611Z][APM_I.newgen-amplificationplatemagazine][W][2330306][140]CRTCyclicEvent.cpp:TimeMissed():101|Cycle miss in event CCSICombinedRepManager. Time Overrun is 1718 us[EOL]
[2026-09-22T08:39:26.649573Z][APM_I.barcodereader][W][2330306][134]CRTCyclicEvent.cpp:TimeMissed():101|Cycle miss in event CCSICombinedCmdManager Cyclic Event. Time Overrun is 5237 us[EOL]
[2026-09-22T08:39:26.649595Z][APM_I.barcodereader][W][2330306][134]CRTCyclicEvent.cpp:TimeMissed():101|Cycle miss in event CCSICombinedRepManager. Time Overrun is 5237 us[EOL]
[2026-09-22T08:39:26.651553Z][APM_I.newgen-amplificationplatemagazine][W][2330306][140]CRTCyclicEvent.cpp:TimeMissed():101|Cycle miss in event CCSICombinedCmdManager Cyclic Event. Time Overrun is 3685 us[EOL]
[2026-09-22T08:39:26.651582Z][APM_I.newgen-amplificationplatemagazine][W][2330306][140]CRTCyclicEvent.cpp:TimeMissed():101|Cycle miss in event CCSICombinedRepManager. Time Overrun is 3685 us[EOL]
[2026-09-22T08:39:27.826537Z][APM_I.barcodereader][W][2330306][134]CRTCyclicEvent.cpp:TimeMissed():101|Cycle miss in event CCSICombinedCmdManager Cyclic Event. Time Overrun is 12172 us[EOL]
[2026-09-22T08:39:27.826996Z][APM_I.newgen-amplificationplatemagazine][W][2330306][140]CRTCyclicEvent.cpp:TimeMissed():101|Cycle miss in event CCSICombinedCmdManager Cyclic Event. Time Overrun is 9125 us[EOL]
[2026-09-22T08:39:27.827025Z][APM_I.newgen-amplificationplatemagazine][W][2330306][140]CRTCyclicEvent.cpp:TimeMissed():101|Cycle miss in event CCSICombinedRepManager. Time Overrun is 9125 us[EOL]
[2026-09-22T08:39:27.826561Z][APM_I.barcodereader][W][2330306][134]CRTCyclicEvent.cpp:TimeMissed():101|Cycle miss in event CCSICombinedRepManager. Time Overrun is 12172 us[EOL]
[2026-09-22T08:39:28.680821Z][APM_I.newgen-amplificationplatemagazine][I][2560016][140]IMessageHandler.h:operator()():40|Received RabbitMqMessage Roche.MolLab.InstrumentState.Ping. Content: {"Timestamp":"2026-09-22T08:39:28.6740918Z","PingId":"IS19"}[EOL]
[2026-09-22T08:39:28.680886Z][APM_I.newgen-amplificationplatemagazine][I][844444436][140]UnitCommunicator.cpp:SendEvent():424|Publishing event: type=Roche.c68_8800.AmplificationPlateMagazine.I.Echo correlation_id=(n/a)[EOL]
[2026-09-22T08:39:28.680905Z][APM_I.newgen-amplificationplatemagazine][I][2560017][140]MessageSender.h:SendEvent():105|Sent RabbitMqEvent Roche.c68_8800.AmplificationPlateMagazine.I.Echo. Content: {"Timestamp":"2026-09-22T08:39:28.680875Z","MagazineId":"I","PingId":"IS19"}[EOL]
[2026-09-22T08:39:28.859673Z][APM_I.newgen-amplificationplatemagazine][W][2330306][140]CRTCyclicEvent.cpp:TimeMissed():101|Cycle miss in event CCSICombinedCmdManager Cyclic Event. Time Overrun is 1806 us[EOL]
[2026-09-22T08:39:28.859705Z][APM_I.newgen-amplificationplatemagazine][W][2330306][140]CRTCyclicEvent.cpp:TimeMissed():101|Cycle miss in event CCSICombinedRepManager. Time Overrun is 1806 us[EOL]
[2026-09-22T08:39:31.922983Z][APM_I.newgen-amplificationplatemagazine][W][2330306][140]CRTCyclicEvent.cpp:TimeMissed():101|Cycle miss in event CCSICombinedCmdManager Cyclic Event. Time Overrun is 5101 us[EOL]
[2026-09-22T08:39:31.923241Z][APM_I.newgen-amplificationplatemagazine][W][2330306][140]CRTCyclicEvent.cpp:TimeMissed():101|Cycle miss in event CCSICombinedRepManager. Time Overrun is 5101 us[EOL]
[2026-09-22T08:39:32.885022Z][APM_I.barcodereader][W][2330306][134]CRTCyclicEvent.cpp:TimeMissed():101|Cycle miss in event CCSICombinedCmdManager Cyclic Event. Time Overrun is 672 us[EOL]
[2026-09-22T08:39:32.885067Z][APM_I.barcodereader][W][2330306][134]CRTCyclicEvent.cpp:TimeMissed():101|Cycle miss in event CCSICombinedRepManager. Time Overrun is 672 us[EOL]
[2026-09-22T08:39:39.585251Z][APM_I.barcodereader][W][2330306][134]CRTCyclicEvent.cpp:TimeMissed():101|Cycle miss in event CCSICombinedCmdManager Cyclic Event. Time Overrun is 916 us[EOL]
[2026-09-22T08:39:39.585285Z][APM_I.barcodereader][W][2330306][134]CRTCyclicEvent.cpp:TimeMissed():101|Cycle miss in event CCSICombinedRepManager. Time Overrun is 916 us[EOL]
[2026-09-22T08:39:45.644976Z][APM_I.barcodereader][W][2330306][134]CRTCyclicEvent.cpp:TimeMissed():101|Cycle miss in event CCSICombinedCmdManager Cyclic Event. Time Overrun is 640 us[EOL]
[2026-09-22T08:39:45.645000Z][APM_I.barcodereader][W][2330306][134]CRTCyclicEvent.cpp:TimeMissed():101|Cycle miss in event CCSICombinedRepManager. Time Overrun is 640 us[EOL]
[2026-09-22T08:39:51.649160Z][APM_I.barcodereader][W][2330306][134]CRTCyclicEvent.cpp:TimeMissed():101|Cycle miss in event CCSICombinedCmdManager Cyclic Event. Time Overrun is 4825 us[EOL]
[2026-09-22T08:39:51.649228Z][APM_I.barcodereader][W][2330306][134]CRTCyclicEvent.cpp:TimeMissed():101|Cycle miss in event CCSICombinedRepManager. Time Overrun is 4825 us[EOL]
[2026-09-22T08:39:51.649133Z][APM_I.newgen-amplificationplatemagazine][W][2330306][140]CRTCyclicEvent.cpp:TimeMissed():101|Cycle miss in event CCSICombinedCmdManager Cyclic Event. Time Overrun is 1266 us[EOL]
[2026-09-22T08:39:51.649163Z][APM_I.newgen-amplificationplatemagazine][W][2330306][140]CRTCyclicEvent.cpp:TimeMissed():101|Cycle miss in event CCSICombinedRepManager. Time Overrun is 1266 us[EOL]
[2026-09-22T08:39:55.565272Z][APM_I.newgen-amplificationplatemagazine][W][2330306][140]CRTCyclicEvent.cpp:TimeMissed():101|Cycle miss in event CCSICombinedCmdManager Cyclic Event. Time Overrun is 7404 us[EOL]
[2026-09-22T08:39:55.565334Z][APM_I.newgen-amplificationplatemagazine][W][2330306][140]CRTCyclicEvent.cpp:TimeMissed():101|Cycle miss in event CCSICombinedRepManager. Time Overrun is 7404 us[EOL]
[2026-09-22T08:39:58.685793Z][APM_I.newgen-amplificationplatemagazine][I][2560016][140]IMessageHandler.h:operator()():40|Received RabbitMqMessage Roche.MolLab.InstrumentState.Ping. Content: {"Timestamp":"2026-09-22T08:39:58.6732312Z","PingId":"IS20"}[EOL]
[2026-09-22T08:39:58.685875Z][APM_I.newgen-amplificationplatemagazine][I][844444436][140]UnitCommunicator.cpp:SendEvent():424|Publishing event: type=Roche.c68_8800.AmplificationPlateMagazine.I.Echo correlation_id=(n/a)[EOL]
[2026-09-22T08:39:58.685891Z][APM_I.newgen-amplificationplatemagazine][I][2560017][140]MessageSender.h:SendEvent():105|Sent RabbitMqEvent Roche.c68_8800.AmplificationPlateMagazine.I.Echo. Content: {"Timestamp":"2026-09-22T08:39:58.685870Z","MagazineId":"I","PingId":"IS20"}[EOL]
[2026-09-22T08:40:06.939433Z][APM_I.newgen-amplificationplatemagazine][W][2330306][140]CRTCyclicEvent.cpp:TimeMissed():101|Cycle miss in event CCSICombinedCmdManager Cyclic Event. Time Overrun is 1567 us[EOL]
[2026-09-22T08:40:06.939460Z][APM_I.newgen-amplificationplatemagazine][W][2330306][140]CRTCyclicEvent.cpp:TimeMissed():101|Cycle miss in event CCSICombinedRepManager. Time Overrun is 1567 us[EOL]
[2026-09-22T08:40:06.939335Z][APM_I.barcodereader][W][2330306][134]CRTCyclicEvent.cpp:TimeMissed():101|Cycle miss in event CCSICombinedCmdManager Cyclic Event. Time Overrun is 4995 us[EOL]
[2026-09-22T08:40:06.939375Z][APM_I.barcodereader][W][2330306][134]CRTCyclicEvent.cpp:TimeMissed():101|Cycle miss in event CCSICombinedRepManager. Time Overrun is 4995 us[EOL]
[2026-09-22T08:40:12.470110Z][APM_I.barcodereader][W][2330306][134]CRTCyclicEvent.cpp:TimeMissed():101|Cycle miss in event CCSICombinedCmdManager Cyclic Event. Time Overrun is 5775 us[EOL]
[2026-09-22T08:40:12.470196Z][APM_I.barcodereader][W][2330306][134]CRTCyclicEvent.cpp:TimeMissed():101|Cycle miss in event CCSICombinedRepManager. Time Overrun is 5775 us[EOL]
[2026-09-22T08:40:12.471062Z][APM_I.newgen-amplificationplatemagazine][W][2330306][140]CRTCyclicEvent.cpp:TimeMissed():101|Cycle miss in event CCSICombinedCmdManager Cyclic Event. Time Overrun is 3194 us[EOL]
[2026-09-22T08:40:12.471113Z][APM_I.newgen-amplificationplatemagazine][W][2330306][140]CRTCyclicEvent.cpp:TimeMissed():101|Cycle miss in event CCSICombinedRepManager. Time Overrun is 3194 us[EOL]
[2026-09-22T08:40:15.185128Z][APM_I.barcodereader][W][2330306][134]CRTCyclicEvent.cpp:TimeMissed():101|Cycle miss in event CCSICombinedCmdManager Cyclic Event. Time Overrun is 786 us[EOL]
[2026-09-22T08:40:15.185169Z][APM_I.barcodereader][W][2330306][134]CRTCyclicEvent.cpp:TimeMissed():101|Cycle miss in event CCSICombinedRepManager. Time Overrun is 786 us[EOL]
[2026-09-22T08:40:21.528894Z][APM_I.newgen-amplificationplatemagazine][W][2330306][140]CRTCyclicEvent.cpp:TimeMissed():101|Cycle miss in event CCSICombinedCmdManager Cyclic Event. Time Overrun is 1024 us[EOL]
[2026-09-22T08:40:21.528753Z][APM_I.barcodereader][W][2330306][134]CRTCyclicEvent.cpp:TimeMissed():101|Cycle miss in event CCSICombinedCmdManager Cyclic Event. Time Overrun is 4413 us[EOL]
[2026-09-22T08:40:21.528924Z][APM_I.newgen-amplificationplatemagazine][W][2330306][140]CRTCyclicEvent.cpp:TimeMissed():101|Cycle miss in event CCSICombinedRepManager. Time Overrun is 1024 us[EOL]
[2026-09-22T08:40:21.528854Z][APM_I.barcodereader][W][2330306][134]CRTCyclicEvent.cpp:TimeMissed():101|Cycle miss in event CCSICombinedRepManager. Time Overrun is 4413 us[EOL]
[2026-09-22T08:40:25.056218Z][APM_I.barcodereader][W][2330306][134]CRTCyclicEvent.cpp:TimeMissed():101|Cycle miss in event CCSICombinedCmdManager Cyclic Event. Time Overrun is 1879 us[EOL]
[2026-09-22T08:40:25.056260Z][APM_I.barcodereader][W][2330306][134]CRTCyclicEvent.cpp:TimeMissed():101|Cycle miss in event CCSICombinedRepManager. Time Overrun is 1879 us[EOL]
[2026-09-22T08:40:25.211480Z][APM_I.newgen-amplificationplatemagazine][W][2330306][140]CRTCyclicEvent.cpp:TimeMissed():101|Cycle miss in event CCSICombinedCmdManager Cyclic Event. Time Overrun is 3612 us[EOL]
[2026-09-22T08:40:25.211538Z][APM_I.newgen-amplificationplatemagazine][W][2330306][140]CRTCyclicEvent.cpp:TimeMissed():101|Cycle miss in event CCSICombinedRepManager. Time Overrun is 3612 us[EOL]
[2026-09-22T08:40:26.730225Z][APM_I.newgen-amplificationplatemagazine][W][2330306][140]CRTCyclicEvent.cpp:TimeMissed():101|Cycle miss in event CCSICombinedCmdManager Cyclic Event. Time Overrun is 2359 us[EOL]
[2026-09-22T08:40:26.730253Z][APM_I.newgen-amplificationplatemagazine][W][2330306][140]CRTCyclicEvent.cpp:TimeMissed():101|Cycle miss in event CCSICombinedRepManager. Time Overrun is 2359 us[EOL]
[2026-09-22T08:40:28.008705Z][APM_I.newgen-amplificationplatemagazine][W][2330306][140]CRTCyclicEvent.cpp:TimeMissed():101|Cycle miss in event CCSICombinedCmdManager Cyclic Event. Time Overrun is 833 us[EOL]
[2026-09-22T08:40:28.008751Z][APM_I.newgen-amplificationplatemagazine][W][2330306][140]CRTCyclicEvent.cpp:TimeMissed():101|Cycle miss in event CCSICombinedRepManager. Time Overrun is 833 us[EOL]
[2026-09-22T08:40:28.681444Z][APM_I.newgen-amplificationplatemagazine][I][2560016][140]IMessageHandler.h:operator()():40|Received RabbitMqMessage Roche.MolLab.InstrumentState.Ping. Content: {"Timestamp":"2026-09-22T08:40:28.6739066Z","PingId":"IS21"}[EOL]
[2026-09-22T08:40:28.681488Z][APM_I.newgen-amplificationplatemagazine][I][844444436][140]UnitCommunicator.cpp:SendEvent():424|Publishing event: type=Roche.c68_8800.AmplificationPlateMagazine.I.Echo correlation_id=(n/a)[EOL]
[2026-09-22T08:40:28.681544Z][APM_I.newgen-amplificationplatemagazine][I][2560017][140]MessageSender.h:SendEvent():105|Sent RabbitMqEvent Roche.c68_8800.AmplificationPlateMagazine.I.Echo. Content: {"Timestamp":"2026-09-22T08:40:28.681483Z","MagazineId":"I","PingId":"IS21"}[EOL]
[2026-09-22T08:40:42.049373Z][APM_I.newgen-amplificationplatemagazine][W][2330306][140]CRTCyclicEvent.cpp:TimeMissed():101|Cycle miss in event CCSICombinedCmdManager Cyclic Event. Time Overrun is 1501 us[EOL]
[2026-09-22T08:40:42.049429Z][APM_I.newgen-amplificationplatemagazine][W][2330306][140]CRTCyclicEvent.cpp:TimeMissed():101|Cycle miss in event CCSICombinedRepManager. Time Overrun is 1501 us[EOL]
[2026-09-22T08:40:47.847361Z][APM_I.barcodereader][W][2330306][134]CRTCyclicEvent.cpp:TimeMissed():101|Cycle miss in event CCSICombinedCmdManager Cyclic Event. Time Overrun is 3024 us[EOL]
[2026-09-22T08:40:47.847391Z][APM_I.barcodereader][W][2330306][134]CRTCyclicEvent.cpp:TimeMissed():101|Cycle miss in event CCSICombinedRepManager. Time Overrun is 3024 us[EOL]
[2026-09-22T08:40:49.697160Z][APM_I.newgen-amplificationplatemagazine][W][2330306][140]CRTCyclicEvent.cpp:TimeMissed():101|Cycle miss in event CCSICombinedCmdManager Cyclic Event. Time Overrun is 9293 us[EOL]
[2026-09-22T08:40:49.697195Z][APM_I.newgen-amplificationplatemagazine][W][2330306][140]CRTCyclicEvent.cpp:TimeMissed():101|Cycle miss in event CCSICombinedRepManager. Time Overrun is 9293 us[EOL]
[2026-09-22T08:40:49.696316Z][APM_I.barcodereader][W][2330306][134]CRTCyclicEvent.cpp:TimeMissed():101|Cycle miss in event CCSICombinedCmdManager Cyclic Event. Time Overrun is 11980 us[EOL]
[2026-09-22T08:40:49.696346Z][APM_I.barcodereader][W][2330306][134]CRTCyclicEvent.cpp:TimeMissed():101|Cycle miss in event CCSICombinedRepManager. Time Overrun is 11980 us[EOL]
[2026-09-22T08:40:54.260872Z][APM_I.newgen-amplificationplatemagazine][W][2330306][140]CRTCyclicEvent.cpp:TimeMissed():101|Cycle miss in event CCSICombinedCmdManager Cyclic Event. Time Overrun is 3005 us[EOL]
[2026-09-22T08:40:54.260903Z][APM_I.newgen-amplificationplatemagazine][W][2330306][140]CRTCyclicEvent.cpp:TimeMissed():101|Cycle miss in event CCSICombinedRepManager. Time Overrun is 3005 us[EOL]
[2026-09-22T08:40:54.258355Z][APM_I.barcodereader][W][2330306][134]CRTCyclicEvent.cpp:TimeMissed():101|Cycle miss in event CCSICombinedCmdManager Cyclic Event. Time Overrun is 4014 us[EOL]
[2026-09-22T08:40:54.258395Z][APM_I.barcodereader][W][2330306][134]CRTCyclicEvent.cpp:TimeMissed():101|Cycle miss in event CCSICombinedRepManager. Time Overrun is 4014 us[EOL]
[2026-09-22T08:40:58.683927Z][APM_I.newgen-amplificationplatemagazine][I][2560016][140]IMessageHandler.h:operator()():40|Received RabbitMqMessage Roche.MolLab.InstrumentState.Ping. Content: {"Timestamp":"2026-09-22T08:40:58.6734324Z","PingId":"IS22"}[EOL]
[2026-09-22T08:40:58.683984Z][APM_I.newgen-amplificationplatemagazine][I][844444436][140]UnitCommunicator.cpp:SendEvent():424|Publishing event: type=Roche.c68_8800.AmplificationPlateMagazine.I.Echo correlation_id=(n/a)[EOL]
[2026-09-22T08:40:58.684032Z][APM_I.newgen-amplificationplatemagazine][I][2560017][140]MessageSender.h:SendEvent():105|Sent RabbitMqEvent Roche.c68_8800.AmplificationPlateMagazine.I.Echo. Content: {"Timestamp":"2026-09-22T08:40:58.683973Z","MagazineId":"I","PingId":"IS22"}[EOL]
[2026-09-22T08:41:08.817625Z][APM_I.barcodereader][W][2330306][134]CRTCyclicEvent.cpp:TimeMissed():101|Cycle miss in event CCSICombinedCmdManager Cyclic Event. Time Overrun is 3287 us[EOL]
[2026-09-22T08:41:08.817651Z][APM_I.barcodereader][W][2330306][134]CRTCyclicEvent.cpp:TimeMissed():101|Cycle miss in event CCSICombinedRepManager. Time Overrun is 3287 us[EOL]
[2026-09-22T08:41:09.370811Z][APM_I.newgen-amplificationplatemagazine][W][2330306][140]CRTCyclicEvent.cpp:TimeMissed():101|Cycle miss in event CCSICombinedCmdManager Cyclic Event. Time Overrun is 2895 us[EOL]
[2026-09-22T08:41:09.370878Z][APM_I.newgen-amplificationplatemagazine][W][2330306][140]CRTCyclicEvent.cpp:TimeMissed():101|Cycle miss in event CCSICombinedRepManager. Time Overrun is 2895 us[EOL]
[2026-09-22T08:41:12.266122Z][APM_I.barcodereader][W][2330306][134]CRTCyclicEvent.cpp:TimeMissed():101|Cycle miss in event CCSICombinedCmdManager Cyclic Event. Time Overrun is 1786 us[EOL]
[2026-09-22T08:41:12.266144Z][APM_I.barcodereader][W][2330306][134]CRTCyclicEvent.cpp:TimeMissed():101|Cycle miss in event CCSICombinedRepManager. Time Overrun is 1786 us[EOL]
[2026-09-22T08:41:25.179264Z][APM_I.barcodereader][W][2330306][134]CRTCyclicEvent.cpp:TimeMissed():101|Cycle miss in event CCSICombinedCmdManager Cyclic Event. Time Overrun is 24929 us[EOL]
[2026-09-22T08:41:25.179285Z][APM_I.barcodereader][W][2330306][134]CRTCyclicEvent.cpp:TimeMissed():101|Cycle miss in event CCSICombinedRepManager. Time Overrun is 24929 us[EOL]
[2026-09-22T08:41:25.179286Z][APM_I.newgen-amplificationplatemagazine][W][2330306][140]CRTCyclicEvent.cpp:TimeMissed():101|Cycle miss in event CCSICombinedCmdManager Cyclic Event. Time Overrun is 21421 us[EOL]
[2026-09-22T08:41:25.179312Z][APM_I.newgen-amplificationplatemagazine][W][2330306][140]CRTCyclicEvent.cpp:TimeMissed():101|Cycle miss in event CCSICombinedRepManager. Time Overrun is 21421 us[EOL]
[2026-09-22T08:41:27.836163Z][APM_I.barcodereader][W][2330306][134]CRTCyclicEvent.cpp:TimeMissed():101|Cycle miss in event CCSICombinedCmdManager Cyclic Event. Time Overrun is 1784 us[EOL]
[2026-09-22T08:41:27.836226Z][APM_I.barcodereader][W][2330306][134]CRTCyclicEvent.cpp:TimeMissed():101|Cycle miss in event CCSICombinedRepManager. Time Overrun is 1784 us[EOL]
[2026-09-22T08:41:28.687755Z][APM_I.newgen-amplificationplatemagazine][I][2560016][140]IMessageHandler.h:operator()():40|Received RabbitMqMessage Roche.MolLab.InstrumentState.Ping. Content: {"Timestamp":"2026-09-22T08:41:28.6758998Z","PingId":"IS23"}[EOL]
[2026-09-22T08:41:28.687789Z][APM_I.newgen-amplificationplatemagazine][I][844444436][140]UnitCommunicator.cpp:SendEvent():424|Publishing event: type=Roche.c68_8800.AmplificationPlateMagazine.I.Echo correlation_id=(n/a)[EOL]
[2026-09-22T08:41:28.687816Z][APM_I.newgen-amplificationplatemagazine][I][2560017][140]MessageSender.h:SendEvent():105|Sent RabbitMqEvent Roche.c68_8800.AmplificationPlateMagazine.I.Echo. Content: {"Timestamp":"2026-09-22T08:41:28.687783Z","MagazineId":"I","PingId":"IS23"}[EOL]
[2026-09-22T08:41:37.794837Z][APM_I.newgen-amplificationplatemagazine][W][2330306][140]CRTCyclicEvent.cpp:TimeMissed():101|Cycle miss in event CCSICombinedCmdManager Cyclic Event. Time Overrun is 6968 us[EOL]
[2026-09-22T08:41:37.794870Z][APM_I.newgen-amplificationplatemagazine][W][2330306][140]CRTCyclicEvent.cpp:TimeMissed():101|Cycle miss in event CCSICombinedRepManager. Time Overrun is 6968 us[EOL]
[2026-09-22T08:41:38.468177Z][APM_I.newgen-amplificationplatemagazine][W][2330306][140]CRTCyclicEvent.cpp:TimeMissed():101|Cycle miss in event CCSICombinedCmdManager Cyclic Event. Time Overrun is 302 us[EOL]
[2026-09-22T08:41:38.468223Z][APM_I.newgen-amplificationplatemagazine][W][2330306][140]CRTCyclicEvent.cpp:TimeMissed():101|Cycle miss in event CCSICombinedRepManager. Time Overrun is 302 us[EOL]
[2026-09-22T08:41:50.048129Z][APM_I.barcodereader][W][2330306][134]CRTCyclicEvent.cpp:TimeMissed():101|Cycle miss in event CCSICombinedCmdManager Cyclic Event. Time Overrun is 13793 us[EOL]
[2026-09-22T08:41:50.047867Z][APM_I.newgen-amplificationplatemagazine][W][2330306][140]CRTCyclicEvent.cpp:TimeMissed():101|Cycle miss in event CCSICombinedCmdManager Cyclic Event. Time Overrun is 10001 us[EOL]
[2026-09-22T08:41:50.047895Z][APM_I.newgen-amplificationplatemagazine][W][2330306][140]CRTCyclicEvent.cpp:TimeMissed():101|Cycle miss in event CCSICombinedRepManager. Time Overrun is 10001 us[EOL]
[2026-09-22T08:41:50.048158Z][APM_I.barcodereader][W][2330306][134]CRTCyclicEvent.cpp:TimeMissed():101|Cycle miss in event CCSICombinedRepManager. Time Overrun is 13793 us[EOL]
[2026-09-22T08:41:54.698950Z][APM_I.newgen-amplificationplatemagazine][W][2330306][140]CRTCyclicEvent.cpp:TimeMissed():101|Cycle miss in event CCSICombinedCmdManager Cyclic Event. Time Overrun is 1081 us[EOL]
[2026-09-22T08:41:54.698982Z][APM_I.newgen-amplificationplatemagazine][W][2330306][140]CRTCyclicEvent.cpp:TimeMissed():101|Cycle miss in event CCSICombinedRepManager. Time Overrun is 1081 us[EOL]
[2026-09-22T08:41:55.188031Z][APM_I.newgen-amplificationplatemagazine][W][2330306][140]CRTCyclicEvent.cpp:TimeMissed():101|Cycle miss in event CCSICombinedCmdManager Cyclic Event. Time Overrun is 166 us[EOL]
[2026-09-22T08:41:55.188058Z][APM_I.newgen-amplificationplatemagazine][W][2330306][140]CRTCyclicEvent.cpp:TimeMissed():101|Cycle miss in event CCSICombinedRepManager. Time Overrun is 166 us[EOL]
[2026-09-22T08:41:55.220792Z][APM_I.barcodereader][W][2330306][134]CRTCyclicEvent.cpp:TimeMissed():101|Cycle miss in event CCSICombinedCmdManager Cyclic Event. Time Overrun is 6445 us[EOL]
[2026-09-22T08:41:55.220880Z][APM_I.barcodereader][W][2330306][134]CRTCyclicEvent.cpp:TimeMissed():101|Cycle miss in event CCSICombinedRepManager. Time Overrun is 6445 us[EOL]
[2026-09-22T08:41:57.845331Z][APM_I.barcodereader][W][2330306][134]CRTCyclicEvent.cpp:TimeMissed():101|Cycle miss in event CCSICombinedCmdManager Cyclic Event. Time Overrun is 994 us[EOL]
[2026-09-22T08:41:57.845357Z][APM_I.barcodereader][W][2330306][134]CRTCyclicEvent.cpp:TimeMissed():101|Cycle miss in event CCSICombinedRepManager. Time Overrun is 994 us[EOL]
[2026-09-22T08:41:58.680984Z][APM_I.newgen-amplificationplatemagazine][I][2560016][140]IMessageHandler.h:operator()():40|Received RabbitMqMessage Roche.MolLab.InstrumentState.Ping. Content: {"Timestamp":"2026-09-22T08:41:58.6738087Z","PingId":"IS24"}[EOL]
[2026-09-22T08:41:58.681115Z][APM_I.newgen-amplificationplatemagazine][I][844444436][140]UnitCommunicator.cpp:SendEvent():424|Publishing event: type=Roche.c68_8800.AmplificationPlateMagazine.I.Echo correlation_id=(n/a)[EOL]
[2026-09-22T08:41:58.681201Z][APM_I.newgen-amplificationplatemagazine][I][2560017][140]MessageSender.h:SendEvent():105|Sent RabbitMqEvent Roche.c68_8800.AmplificationPlateMagazine.I.Echo. Content: {"Timestamp":"2026-09-22T08:41:58.681075Z","MagazineId":"I","PingId":"IS24"}[EOL]
[2026-09-22T08:42:14.211694Z][APM_I.newgen-amplificationplatemagazine][W][2330306][140]CRTCyclicEvent.cpp:TimeMissed():101|Cycle miss in event CCSICombinedCmdManager Cyclic Event. Time Overrun is 13828 us[EOL]
[2026-09-22T08:42:14.211801Z][APM_I.barcodereader][W][2330306][134]CRTCyclicEvent.cpp:TimeMissed():101|Cycle miss in event CCSICombinedCmdManager Cyclic Event. Time Overrun is 7464 us[EOL]
[2026-09-22T08:42:14.211718Z][APM_I.newgen-amplificationplatemagazine][W][2330306][140]CRTCyclicEvent.cpp:TimeMissed():101|Cycle miss in event CCSICombinedRepManager. Time Overrun is 13828 us[EOL]
[2026-09-22T08:42:14.211824Z][APM_I.barcodereader][W][2330306][134]CRTCyclicEvent.cpp:TimeMissed():101|Cycle miss in event CCSICombinedRepManager. Time Overrun is 7464 us[EOL]
[2026-09-22T08:42:19.815807Z][APM_I.barcodereader][W][2330306][134]CRTCyclicEvent.cpp:TimeMissed():101|Cycle miss in event CCSICombinedCmdManager Cyclic Event. Time Overrun is 1472 us[EOL]
[2026-09-22T08:42:19.815828Z][APM_I.barcodereader][W][2330306][134]CRTCyclicEvent.cpp:TimeMissed():101|Cycle miss in event CCSICombinedRepManager. Time Overrun is 1472 us[EOL]
[2026-09-22T08:42:24.577288Z][APM_I.newgen-amplificationplatemagazine][W][2330306][140]CRTCyclicEvent.cpp:TimeMissed():101|Cycle miss in event CCSICombinedCmdManager Cyclic Event. Time Overrun is 9421 us[EOL]
[2026-09-22T08:42:24.577167Z][APM_I.barcodereader][W][2330306][134]CRTCyclicEvent.cpp:TimeMissed():101|Cycle miss in event CCSICombinedCmdManager Cyclic Event. Time Overrun is 2830 us[EOL]
[2026-09-22T08:42:24.577321Z][APM_I.newgen-amplificationplatemagazine][W][2330306][140]CRTCyclicEvent.cpp:TimeMissed():101|Cycle miss in event CCSICombinedRepManager. Time Overrun is 9421 us[EOL]
[2026-09-22T08:42:24.577197Z][APM_I.barcodereader][W][2330306][134]CRTCyclicEvent.cpp:TimeMissed():101|Cycle miss in event CCSICombinedRepManager. Time Overrun is 2830 us[EOL]
[2026-09-22T08:42:27.287260Z][APM_I.newgen-amplificationplatemagazine][W][2330306][140]CRTCyclicEvent.cpp:TimeMissed():101|Cycle miss in event CCSICombinedCmdManager Cyclic Event. Time Overrun is 19395 us[EOL]
[2026-09-22T08:42:27.287359Z][APM_I.newgen-amplificationplatemagazine][W][2330306][140]CRTCyclicEvent.cpp:TimeMissed():101|Cycle miss in event CCSICombinedRepManager. Time Overrun is 19395 us[EOL]
[2026-09-22T08:42:27.287766Z][APM_I.barcodereader][W][2330306][134]CRTCyclicEvent.cpp:TimeMissed():101|Cycle miss in event CCSICombinedCmdManager Cyclic Event. Time Overrun is 13429 us[EOL]
[2026-09-22T08:42:27.287795Z][APM_I.barcodereader][W][2330306][134]CRTCyclicEvent.cpp:TimeMissed():101|Cycle miss in event CCSICombinedRepManager. Time Overrun is 13429 us[EOL]
[2026-09-22T08:42:27.541729Z][APM_I.barcodereader][W][2330306][134]CRTCyclicEvent.cpp:TimeMissed():101|Cycle miss in event CCSICombinedCmdManager Cyclic Event. Time Overrun is 17393 us[EOL]
[2026-09-22T08:42:27.542103Z][APM_I.newgen-amplificationplatemagazine][W][2330306][140]CRTCyclicEvent.cpp:TimeMissed():101|Cycle miss in event CCSICombinedCmdManager Cyclic Event. Time Overrun is 14238 us[EOL]
[2026-09-22T08:42:27.542128Z][APM_I.newgen-amplificationplatemagazine][W][2330306][140]CRTCyclicEvent.cpp:TimeMissed():101|Cycle miss in event CCSICombinedRepManager. Time Overrun is 14238 us[EOL]
[2026-09-22T08:42:27.541758Z][APM_I.barcodereader][W][2330306][134]CRTCyclicEvent.cpp:TimeMissed():101|Cycle miss in event CCSICombinedRepManager. Time Overrun is 17393 us[EOL]
[2026-09-22T08:42:27.847831Z][APM_I.barcodereader][W][2330306][134]CRTCyclicEvent.cpp:TimeMissed():101|Cycle miss in event CCSICombinedCmdManager Cyclic Event. Time Overrun is 3495 us[EOL]
[2026-09-22T08:42:27.847859Z][APM_I.barcodereader][W][2330306][134]CRTCyclicEvent.cpp:TimeMissed():101|Cycle miss in event CCSICombinedRepManager. Time Overrun is 3495 us[EOL]
[2026-09-22T08:42:28.684476Z][APM_I.newgen-amplificationplatemagazine][I][2560016][140]IMessageHandler.h:operator()():40|Received RabbitMqMessage Roche.MolLab.InstrumentState.Ping. Content: {"Timestamp":"2026-09-22T08:42:28.6758628Z","PingId":"IS25"}[EOL]
[2026-09-22T08:42:28.684519Z][APM_I.newgen-amplificationplatemagazine][I][844444436][140]UnitCommunicator.cpp:SendEvent():424|Publishing event: type=Roche.c68_8800.AmplificationPlateMagazine.I.Echo correlation_id=(n/a)[EOL]
[2026-09-22T08:42:28.684539Z][APM_I.newgen-amplificationplatemagazine][I][2560017][140]MessageSender.h:SendEvent():105|Sent RabbitMqEvent Roche.c68_8800.AmplificationPlateMagazine.I.Echo. Content: {"Timestamp":"2026-09-22T08:42:28.684512Z","MagazineId":"I","PingId":"IS25"}[EOL]
[2026-09-22T08:42:29.425359Z][APM_I.barcodereader][W][2330306][134]CRTCyclicEvent.cpp:TimeMissed():101|Cycle miss in event CCSICombinedCmdManager Cyclic Event. Time Overrun is 11024 us[EOL]
[2026-09-22T08:42:29.425380Z][APM_I.barcodereader][W][2330306][134]CRTCyclicEvent.cpp:TimeMissed():101|Cycle miss in event CCSICombinedRepManager. Time Overrun is 11024 us[EOL]
[2026-09-22T08:42:29.425150Z][APM_I.newgen-amplificationplatemagazine][W][2330306][140]CRTCyclicEvent.cpp:TimeMissed():101|Cycle miss in event CCSICombinedCmdManager Cyclic Event. Time Overrun is 7283 us[EOL]
[2026-09-22T08:42:29.425188Z][APM_I.newgen-amplificationplatemagazine][W][2330306][140]CRTCyclicEvent.cpp:TimeMissed():101|Cycle miss in event CCSICombinedRepManager. Time Overrun is 7283 us[EOL]
[2026-09-22T08:42:39.704654Z][APM_I.barcodereader][W][2330306][134]CRTCyclicEvent.cpp:TimeMissed():101|Cycle miss in event CCSICombinedCmdManager Cyclic Event. Time Overrun is 317 us[EOL]
[2026-09-22T08:42:39.704705Z][APM_I.barcodereader][W][2330306][134]CRTCyclicEvent.cpp:TimeMissed():101|Cycle miss in event CCSICombinedRepManager. Time Overrun is 317 us[EOL]
[2026-09-22T08:42:39.851076Z][APM_I.barcodereader][W][2330306][134]CRTCyclicEvent.cpp:TimeMissed():101|Cycle miss in event CCSICombinedCmdManager Cyclic Event. Time Overrun is 6682 us[EOL]
[2026-09-22T08:42:39.851104Z][APM_I.barcodereader][W][2330306][134]CRTCyclicEvent.cpp:TimeMissed():101|Cycle miss in event CCSICombinedRepManager. Time Overrun is 6682 us[EOL]
[2026-09-22T08:42:39.851204Z][APM_I.newgen-amplificationplatemagazine][W][2330306][140]CRTCyclicEvent.cpp:TimeMissed():101|Cycle miss in event CCSICombinedCmdManager Cyclic Event. Time Overrun is 3337 us[EOL]
[2026-09-22T08:42:39.851241Z][APM_I.newgen-amplificationplatemagazine][W][2330306][140]CRTCyclicEvent.cpp:TimeMissed():101|Cycle miss in event CCSICombinedRepManager. Time Overrun is 3337 us[EOL]
[2026-09-22T08:42:40.235065Z][APM_I.newgen-amplificationplatemagazine][W][2330306][140]CRTCyclicEvent.cpp:TimeMissed():101|Cycle miss in event CCSICombinedCmdManager Cyclic Event. Time Overrun is 7194 us[EOL]
[2026-09-22T08:42:40.235113Z][APM_I.newgen-amplificationplatemagazine][W][2330306][140]CRTCyclicEvent.cpp:TimeMissed():101|Cycle miss in event CCSICombinedRepManager. Time Overrun is 7194 us[EOL]
[2026-09-22T08:42:45.173818Z][APM_I.barcodereader][W][2330306][134]CRTCyclicEvent.cpp:TimeMissed():101|Cycle miss in event CCSICombinedCmdManager Cyclic Event. Time Overrun is 9477 us[EOL]
[2026-09-22T08:42:45.173733Z][APM_I.newgen-amplificationplatemagazine][W][2330306][140]CRTCyclicEvent.cpp:TimeMissed():101|Cycle miss in event CCSICombinedCmdManager Cyclic Event. Time Overrun is 15865 us[EOL]
[2026-09-22T08:42:45.173784Z][APM_I.newgen-amplificationplatemagazine][W][2330306][140]CRTCyclicEvent.cpp:TimeMissed():101|Cycle miss in event CCSICombinedRepManager. Time Overrun is 15865 us[EOL]
[2026-09-22T08:42:45.173851Z][APM_I.barcodereader][W][2330306][134]CRTCyclicEvent.cpp:TimeMissed():101|Cycle miss in event CCSICombinedRepManager. Time Overrun is 9477 us[EOL]
[2026-09-22T08:42:50.320434Z][APM_I.newgen-amplificationplatemagazine][W][2330306][140]CRTCyclicEvent.cpp:TimeMissed():101|Cycle miss in event CCSICombinedCmdManager Cyclic Event. Time Overrun is 2563 us[EOL]
[2026-09-22T08:42:50.320474Z][APM_I.newgen-amplificationplatemagazine][W][2330306][140]CRTCyclicEvent.cpp:TimeMissed():101|Cycle miss in event CCSICombinedRepManager. Time Overrun is 2563 us[EOL]
[2026-09-22T08:42:51.442828Z][APM_I.newgen-amplificationplatemagazine][W][2330306][140]CRTCyclicEvent.cpp:TimeMissed():101|Cycle miss in event CCSICombinedCmdManager Cyclic Event. Time Overrun is 4955 us[EOL]
[2026-09-22T08:42:51.442884Z][APM_I.newgen-amplificationplatemagazine][W][2330306][140]CRTCyclicEvent.cpp:TimeMissed():101|Cycle miss in event CCSICombinedRepManager. Time Overrun is 4955 us[EOL]
[2026-09-22T08:42:55.360005Z][APM_I.newgen-amplificationplatemagazine][W][2330306][140]CRTCyclicEvent.cpp:TimeMissed():101|Cycle miss in event CCSICombinedCmdManager Cyclic Event. Time Overrun is 12132 us[EOL]
[2026-09-22T08:42:55.360161Z][APM_I.newgen-amplificationplatemagazine][W][2330306][140]CRTCyclicEvent.cpp:TimeMissed():101|Cycle miss in event CCSICombinedRepManager. Time Overrun is 12132 us[EOL]
[2026-09-22T08:42:57.859877Z][APM_I.barcodereader][W][2330306][134]CRTCyclicEvent.cpp:TimeMissed():101|Cycle miss in event CCSICombinedCmdManager Cyclic Event. Time Overrun is 5537 us[EOL]
[2026-09-22T08:42:57.859922Z][APM_I.barcodereader][W][2330306][134]CRTCyclicEvent.cpp:TimeMissed():101|Cycle miss in event CCSICombinedRepManager. Time Overrun is 5537 us[EOL]
[2026-09-22T08:42:57.859142Z][APM_I.newgen-amplificationplatemagazine][W][2330306][140]CRTCyclicEvent.cpp:TimeMissed():101|Cycle miss in event CCSICombinedCmdManager Cyclic Event. Time Overrun is 11274 us[EOL]
[2026-09-22T08:42:57.859262Z][APM_I.newgen-amplificationplatemagazine][W][2330306][140]CRTCyclicEvent.cpp:TimeMissed():101|Cycle miss in event CCSICombinedRepManager. Time Overrun is 11274 us[EOL]
[2026-09-22T08:42:58.730781Z][APM_I.newgen-amplificationplatemagazine][I][2560016][140]IMessageHandler.h:operator()():40|Received RabbitMqMessage Roche.MolLab.InstrumentState.Ping. Content: {"Timestamp":"2026-09-22T08:42:58.6760266Z","PingId":"IS26"}[EOL]
[2026-09-22T08:42:58.730886Z][APM_I.newgen-amplificationplatemagazine][I][844444436][140]UnitCommunicator.cpp:SendEvent():424|Publishing event: type=Roche.c68_8800.AmplificationPlateMagazine.I.Echo correlation_id=(n/a)[EOL]
[2026-09-22T08:42:58.730910Z][APM_I.newgen-amplificationplatemagazine][I][2560017][140]MessageSender.h:SendEvent():105|Sent RabbitMqEvent Roche.c68_8800.AmplificationPlateMagazine.I.Echo. Content: {"Timestamp":"2026-09-22T08:42:58.730873Z","MagazineId":"I","PingId":"IS26"}[EOL]
[2026-09-22T08:43:07.858572Z][APM_I.barcodereader][W][2330306][134]CRTCyclicEvent.cpp:TimeMissed():101|Cycle miss in event CCSICombinedCmdManager Cyclic Event. Time Overrun is 4228 us[EOL]
[2026-09-22T08:43:07.858615Z][APM_I.barcodereader][W][2330306][134]CRTCyclicEvent.cpp:TimeMissed():101|Cycle miss in event CCSICombinedRepManager. Time Overrun is 4228 us[EOL]
[2026-09-22T08:43:07.858348Z][APM_I.newgen-amplificationplatemagazine][W][2330306][140]CRTCyclicEvent.cpp:TimeMissed():101|Cycle miss in event CCSICombinedCmdManager Cyclic Event. Time Overrun is 460 us[EOL]
[2026-09-22T08:43:07.858390Z][APM_I.newgen-amplificationplatemagazine][W][2330306][140]CRTCyclicEvent.cpp:TimeMissed():101|Cycle miss in event CCSICombinedRepManager. Time Overrun is 460 us[EOL]
[2026-09-22T08:43:28.679640Z][APM_I.newgen-amplificationplatemagazine][I][2560016][140]IMessageHandler.h:operator()():40|Received RabbitMqMessage Roche.MolLab.InstrumentState.Ping. Content: {"Timestamp":"2026-09-22T08:43:28.6755037Z","PingId":"IS27"}[EOL]
[2026-09-22T08:43:28.679785Z][APM_I.newgen-amplificationplatemagazine][I][844444436][140]UnitCommunicator.cpp:SendEvent():424|Publishing event: type=Roche.c68_8800.AmplificationPlateMagazine.I.Echo correlation_id=(n/a)[EOL]
[2026-09-22T08:43:28.679841Z][APM_I.newgen-amplificationplatemagazine][I][2560017][140]MessageSender.h:SendEvent():105|Sent RabbitMqEvent Roche.c68_8800.AmplificationPlateMagazine.I.Echo. Content: {"Timestamp":"2026-09-22T08:43:28.679773Z","MagazineId":"I","PingId":"IS27"}[EOL]
[2026-09-22T08:43:47.847941Z][APM_I.newgen-amplificationplatemagazine][W][2330306][140]CRTCyclicEvent.cpp:TimeMissed():101|Cycle miss in event CCSICombinedCmdManager Cyclic Event. Time Overrun is 74 us[EOL]
[2026-09-22T08:43:47.845860Z][APM_I.barcodereader][W][2330306][134]CRTCyclicEvent.cpp:TimeMissed():101|Cycle miss in event CCSICombinedCmdManager Cyclic Event. Time Overrun is 1523 us[EOL]
[2026-09-22T08:43:47.845888Z][APM_I.barcodereader][W][2330306][134]CRTCyclicEvent.cpp:TimeMissed():101|Cycle miss in event CCSICombinedRepManager. Time Overrun is 1523 us[EOL]
[2026-09-22T08:43:47.847968Z][APM_I.newgen-amplificationplatemagazine][W][2330306][140]CRTCyclicEvent.cpp:TimeMissed():101|Cycle miss in event CCSICombinedRepManager. Time Overrun is 74 us[EOL]
[2026-09-22T08:43:50.158669Z][APM_I.newgen-amplificationplatemagazine][W][2330306][140]CRTCyclicEvent.cpp:TimeMissed():101|Cycle miss in event CCSICombinedCmdManager Cyclic Event. Time Overrun is 799 us[EOL]
[2026-09-22T08:43:50.158746Z][APM_I.newgen-amplificationplatemagazine][W][2330306][140]CRTCyclicEvent.cpp:TimeMissed():101|Cycle miss in event CCSICombinedRepManager. Time Overrun is 799 us[EOL]
[2026-09-22T08:43:50.458590Z][APM_I.newgen-amplificationplatemagazine][W][2330306][140]CRTCyclicEvent.cpp:TimeMissed():101|Cycle miss in event CCSICombinedCmdManager Cyclic Event. Time Overrun is 722 us[EOL]
[2026-09-22T08:43:50.458623Z][APM_I.newgen-amplificationplatemagazine][W][2330306][140]CRTCyclicEvent.cpp:TimeMissed():101|Cycle miss in event CCSICombinedRepManager. Time Overrun is 722 us[EOL]
[2026-09-22T08:43:57.849182Z][APM_I.newgen-amplificationplatemagazine][W][2330306][140]CRTCyclicEvent.cpp:TimeMissed():101|Cycle miss in event CCSICombinedCmdManager Cyclic Event. Time Overrun is 1314 us[EOL]
[2026-09-22T08:43:57.849217Z][APM_I.newgen-amplificationplatemagazine][W][2330306][140]CRTCyclicEvent.cpp:TimeMissed():101|Cycle miss in event CCSICombinedRepManager. Time Overrun is 1314 us[EOL]
[2026-09-22T08:43:58.681996Z][APM_I.newgen-amplificationplatemagazine][I][2560016][140]IMessageHandler.h:operator()():40|Received RabbitMqMessage Roche.MolLab.InstrumentState.Ping. Content: {"Timestamp":"2026-09-22T08:43:58.6746793Z","PingId":"IS28"}[EOL]
[2026-09-22T08:43:58.682028Z][APM_I.newgen-amplificationplatemagazine][I][844444436][140]UnitCommunicator.cpp:SendEvent():424|Publishing event: type=Roche.c68_8800.AmplificationPlateMagazine.I.Echo correlation_id=(n/a)[EOL]
[2026-09-22T08:43:58.682047Z][APM_I.newgen-amplificationplatemagazine][I][2560017][140]MessageSender.h:SendEvent():105|Sent RabbitMqEvent Roche.c68_8800.AmplificationPlateMagazine.I.Echo. Content: {"Timestamp":"2026-09-22T08:43:58.682023Z","MagazineId":"I","PingId":"IS28"}[EOL]
[2026-09-22T08:44:04.584959Z][APM_I.barcodereader][W][2330306][134]CRTCyclicEvent.cpp:TimeMissed():101|Cycle miss in event CCSICombinedCmdManager Cyclic Event. Time Overrun is 10623 us[EOL]
[2026-09-22T08:44:04.584022Z][APM_I.newgen-amplificationplatemagazine][W][2330306][140]CRTCyclicEvent.cpp:TimeMissed():101|Cycle miss in event CCSICombinedCmdManager Cyclic Event. Time Overrun is 16156 us[EOL]
[2026-09-22T08:44:04.584980Z][APM_I.barcodereader][W][2330306][134]CRTCyclicEvent.cpp:TimeMissed():101|Cycle miss in event CCSICombinedRepManager. Time Overrun is 10623 us[EOL]
[2026-09-22T08:44:04.584047Z][APM_I.newgen-amplificationplatemagazine][W][2330306][140]CRTCyclicEvent.cpp:TimeMissed():101|Cycle miss in event CCSICombinedRepManager. Time Overrun is 16156 us[EOL]
[2026-09-22T08:44:20.388571Z][APM_I.newgen-amplificationplatemagazine][W][2330306][140]CRTCyclicEvent.cpp:TimeMissed():101|Cycle miss in event CCSICombinedCmdManager Cyclic Event. Time Overrun is 703 us[EOL]
[2026-09-22T08:44:20.388613Z][APM_I.newgen-amplificationplatemagazine][W][2330306][140]CRTCyclicEvent.cpp:TimeMissed():101|Cycle miss in event CCSICombinedRepManager. Time Overrun is 703 us[EOL]
[2026-09-22T08:44:20.394487Z][APM_I.barcodereader][W][2330306][134]CRTCyclicEvent.cpp:TimeMissed():101|Cycle miss in event CCSICombinedCmdManager Cyclic Event. Time Overrun is 149 us[EOL]
[2026-09-22T08:44:20.394531Z][APM_I.barcodereader][W][2330306][134]CRTCyclicEvent.cpp:TimeMissed():101|Cycle miss in event CCSICombinedRepManager. Time Overrun is 149 us[EOL]
[2026-09-22T08:44:22.499065Z][APM_I.newgen-amplificationplatemagazine][W][2330306][140]CRTCyclicEvent.cpp:TimeMissed():101|Cycle miss in event CCSICombinedCmdManager Cyclic Event. Time Overrun is 11196 us[EOL]
[2026-09-22T08:44:22.499098Z][APM_I.newgen-amplificationplatemagazine][W][2330306][140]CRTCyclicEvent.cpp:TimeMissed():101|Cycle miss in event CCSICombinedRepManager. Time Overrun is 11196 us[EOL]
[2026-09-22T08:44:22.498516Z][APM_I.barcodereader][W][2330306][134]CRTCyclicEvent.cpp:TimeMissed():101|Cycle miss in event CCSICombinedCmdManager Cyclic Event. Time Overrun is 14179 us[EOL]
[2026-09-22T08:44:22.498541Z][APM_I.barcodereader][W][2330306][134]CRTCyclicEvent.cpp:TimeMissed():101|Cycle miss in event CCSICombinedRepManager. Time Overrun is 14179 us[EOL]
[2026-09-22T08:44:22.845013Z][APM_I.barcodereader][W][2330306][134]CRTCyclicEvent.cpp:TimeMissed():101|Cycle miss in event CCSICombinedCmdManager Cyclic Event. Time Overrun is 666 us[EOL]
[2026-09-22T08:44:22.845064Z][APM_I.barcodereader][W][2330306][134]CRTCyclicEvent.cpp:TimeMissed():101|Cycle miss in event CCSICombinedRepManager. Time Overrun is 666 us[EOL]
[2026-09-22T08:44:23.966507Z][APM_I.newgen-amplificationplatemagazine][W][2330306][140]CRTCyclicEvent.cpp:TimeMissed():101|Cycle miss in event CCSICombinedCmdManager Cyclic Event. Time Overrun is 18638 us[EOL]
[2026-09-22T08:44:23.966193Z][APM_I.barcodereader][W][2330306][134]CRTCyclicEvent.cpp:TimeMissed():101|Cycle miss in event CCSICombinedCmdManager Cyclic Event. Time Overrun is 31855 us[EOL]
[2026-09-22T08:44:23.966229Z][APM_I.barcodereader][W][2330306][134]CRTCyclicEvent.cpp:TimeMissed():101|Cycle miss in event CCSICombinedRepManager. Time Overrun is 31855 us[EOL]
[2026-09-22T08:44:23.966551Z][APM_I.newgen-amplificationplatemagazine][W][2330306][140]CRTCyclicEvent.cpp:TimeMissed():101|Cycle miss in event CCSICombinedRepManager. Time Overrun is 18638 us[EOL]
[2026-09-22T08:44:25.229792Z][APM_I.newgen-amplificationplatemagazine][W][2330306][140]CRTCyclicEvent.cpp:TimeMissed():101|Cycle miss in event CCSICombinedCmdManager Cyclic Event. Time Overrun is 1926 us[EOL]
[2026-09-22T08:44:25.229819Z][APM_I.newgen-amplificationplatemagazine][W][2330306][140]CRTCyclicEvent.cpp:TimeMissed():101|Cycle miss in event CCSICombinedRepManager. Time Overrun is 1926 us[EOL]
[2026-09-22T08:44:28.680984Z][APM_I.newgen-amplificationplatemagazine][I][2560016][140]IMessageHandler.h:operator()():40|Received RabbitMqMessage Roche.MolLab.InstrumentState.Ping. Content: {"Timestamp":"2026-09-22T08:44:28.6765694Z","PingId":"IS29"}[EOL]
[2026-09-22T08:44:28.681075Z][APM_I.newgen-amplificationplatemagazine][I][844444436][140]UnitCommunicator.cpp:SendEvent():424|Publishing event: type=Roche.c68_8800.AmplificationPlateMagazine.I.Echo correlation_id=(n/a)[EOL]
[2026-09-22T08:44:28.681125Z][APM_I.newgen-amplificationplatemagazine][I][2560017][140]MessageSender.h:SendEvent():105|Sent RabbitMqEvent Roche.c68_8800.AmplificationPlateMagazine.I.Echo. Content: {"Timestamp":"2026-09-22T08:44:28.681069Z","MagazineId":"I","PingId":"IS29"}[EOL]
[2026-09-22T08:44:39.280090Z][APM_I.newgen-amplificationplatemagazine][W][2330306][140]CRTCyclicEvent.cpp:TimeMissed():101|Cycle miss in event CCSICombinedCmdManager Cyclic Event. Time Overrun is 2224 us[EOL]
[2026-09-22T08:44:39.280120Z][APM_I.newgen-amplificationplatemagazine][W][2330306][140]CRTCyclicEvent.cpp:TimeMissed():101|Cycle miss in event CCSICombinedRepManager. Time Overrun is 2224 us[EOL]
[2026-09-22T08:44:42.423219Z][APM_I.newgen-amplificationplatemagazine][W][2330306][140]CRTCyclicEvent.cpp:TimeMissed():101|Cycle miss in event CCSICombinedCmdManager Cyclic Event. Time Overrun is 15351 us[EOL]
[2026-09-22T08:44:42.423302Z][APM_I.newgen-amplificationplatemagazine][W][2330306][140]CRTCyclicEvent.cpp:TimeMissed():101|Cycle miss in event CCSICombinedRepManager. Time Overrun is 15351 us[EOL]
[2026-09-22T08:44:42.422774Z][APM_I.barcodereader][W][2330306][134]CRTCyclicEvent.cpp:TimeMissed():101|Cycle miss in event CCSICombinedCmdManager Cyclic Event. Time Overrun is 18437 us[EOL]
[2026-09-22T08:44:42.422805Z][APM_I.barcodereader][W][2330306][134]CRTCyclicEvent.cpp:TimeMissed():101|Cycle miss in event CCSICombinedRepManager. Time Overrun is 18437 us[EOL]
[2026-09-22T08:44:42.608739Z][APM_I.barcodereader][W][2330306][134]CRTCyclicEvent.cpp:TimeMissed():101|Cycle miss in event CCSICombinedCmdManager Cyclic Event. Time Overrun is 4402 us[EOL]
[2026-09-22T08:44:42.608766Z][APM_I.barcodereader][W][2330306][134]CRTCyclicEvent.cpp:TimeMissed():101|Cycle miss in event CCSICombinedRepManager. Time Overrun is 4402 us[EOL]
[2026-09-22T08:44:42.733902Z][APM_I.newgen-amplificationplatemagazine][W][2330306][140]CRTCyclicEvent.cpp:TimeMissed():101|Cycle miss in event CCSICombinedCmdManager Cyclic Event. Time Overrun is 16036 us[EOL]
[2026-09-22T08:44:42.733922Z][APM_I.newgen-amplificationplatemagazine][W][2330306][140]CRTCyclicEvent.cpp:TimeMissed():101|Cycle miss in event CCSICombinedRepManager. Time Overrun is 16036 us[EOL]
[2026-09-22T08:44:42.734173Z][APM_I.barcodereader][W][2330306][134]CRTCyclicEvent.cpp:TimeMissed():101|Cycle miss in event CCSICombinedCmdManager Cyclic Event. Time Overrun is 9838 us[EOL]
[2026-09-22T08:44:42.734193Z][APM_I.barcodereader][W][2330306][134]CRTCyclicEvent.cpp:TimeMissed():101|Cycle miss in event CCSICombinedRepManager. Time Overrun is 9838 us[EOL]
[2026-09-22T08:44:44.828804Z][APM_I.newgen-amplificationplatemagazine][W][2330306][140]CRTCyclicEvent.cpp:TimeMissed():101|Cycle miss in event CCSICombinedCmdManager Cyclic Event. Time Overrun is 932 us[EOL]
[2026-09-22T08:44:44.828853Z][APM_I.newgen-amplificationplatemagazine][W][2330306][140]CRTCyclicEvent.cpp:TimeMissed():101|Cycle miss in event CCSICombinedRepManager. Time Overrun is 932 us[EOL]
[2026-09-22T08:44:49.320821Z][APM_I.barcodereader][W][2330306][134]CRTCyclicEvent.cpp:TimeMissed():101|Cycle miss in event CCSICombinedCmdManager Cyclic Event. Time Overrun is 6484 us[EOL]
[2026-09-22T08:44:49.320853Z][APM_I.barcodereader][W][2330306][134]CRTCyclicEvent.cpp:TimeMissed():101|Cycle miss in event CCSICombinedRepManager. Time Overrun is 6484 us[EOL]
[2026-09-22T08:44:50.631231Z][APM_I.barcodereader][W][2330306][134]CRTCyclicEvent.cpp:TimeMissed():101|Cycle miss in event CCSICombinedCmdManager Cyclic Event. Time Overrun is 16881 us[EOL]
[2026-09-22T08:44:50.629520Z][APM_I.newgen-amplificationplatemagazine][W][2330306][140]CRTCyclicEvent.cpp:TimeMissed():101|Cycle miss in event CCSICombinedCmdManager Cyclic Event. Time Overrun is 21652 us[EOL]
[2026-09-22T08:44:50.631277Z][APM_I.barcodereader][W][2330306][134]CRTCyclicEvent.cpp:TimeMissed():101|Cycle miss in event CCSICombinedRepManager. Time Overrun is 16881 us[EOL]
[2026-09-22T08:44:50.629557Z][APM_I.newgen-amplificationplatemagazine][W][2330306][140]CRTCyclicEvent.cpp:TimeMissed():101|Cycle miss in event CCSICombinedRepManager. Time Overrun is 21652 us[EOL]
[2026-09-22T08:44:53.521020Z][APM_I.newgen-amplificationplatemagazine][W][2330306][140]CRTCyclicEvent.cpp:TimeMissed():101|Cycle miss in event CCSICombinedCmdManager Cyclic Event. Time Overrun is 13150 us[EOL]
[2026-09-22T08:44:53.521056Z][APM_I.newgen-amplificationplatemagazine][W][2330306][140]CRTCyclicEvent.cpp:TimeMissed():101|Cycle miss in event CCSICombinedRepManager. Time Overrun is 13150 us[EOL]
[2026-09-22T08:44:53.521201Z][APM_I.barcodereader][W][2330306][134]CRTCyclicEvent.cpp:TimeMissed():101|Cycle miss in event CCSICombinedCmdManager Cyclic Event. Time Overrun is 6864 us[EOL]
[2026-09-22T08:44:53.521230Z][APM_I.barcodereader][W][2330306][134]CRTCyclicEvent.cpp:TimeMissed():101|Cycle miss in event CCSICombinedRepManager. Time Overrun is 6864 us[EOL]
[2026-09-22T08:44:53.652186Z][APM_I.barcodereader][W][2330306][134]CRTCyclicEvent.cpp:TimeMissed():101|Cycle miss in event CCSICombinedCmdManager Cyclic Event. Time Overrun is 17849 us[EOL]
[2026-09-22T08:44:53.652210Z][APM_I.barcodereader][W][2330306][134]CRTCyclicEvent.cpp:TimeMissed():101|Cycle miss in event CCSICombinedRepManager. Time Overrun is 17849 us[EOL]
[2026-09-22T08:44:56.563255Z][APM_I.barcodereader][W][2330306][134]CRTCyclicEvent.cpp:TimeMissed():101|Cycle miss in event CCSICombinedCmdManager Cyclic Event. Time Overrun is 38909 us[EOL]
[2026-09-22T08:44:56.563297Z][APM_I.barcodereader][W][2330306][134]CRTCyclicEvent.cpp:TimeMissed():101|Cycle miss in event CCSICombinedRepManager. Time Overrun is 38909 us[EOL]
[2026-09-22T08:44:56.563606Z][APM_I.newgen-amplificationplatemagazine][W][2330306][140]CRTCyclicEvent.cpp:TimeMissed():101|Cycle miss in event CCSICombinedCmdManager Cyclic Event. Time Overrun is 35734 us[EOL]
[2026-09-22T08:44:56.563660Z][APM_I.newgen-amplificationplatemagazine][W][2330306][140]CRTCyclicEvent.cpp:TimeMissed():101|Cycle miss in event CCSICombinedRepManager. Time Overrun is 35734 us[EOL]
[2026-09-22T08:44:56.707795Z][APM_I.barcodereader][W][2330306][134]CRTCyclicEvent.cpp:TimeMissed():101|Cycle miss in event CCSICombinedCmdManager Cyclic Event. Time Overrun is 3438 us[EOL]
[2026-09-22T08:44:56.707854Z][APM_I.barcodereader][W][2330306][134]CRTCyclicEvent.cpp:TimeMissed():101|Cycle miss in event CCSICombinedRepManager. Time Overrun is 3438 us[EOL]
[2026-09-22T08:44:58.694498Z][APM_I.newgen-amplificationplatemagazine][I][2560016][140]IMessageHandler.h:operator()():40|Received RabbitMqMessage Roche.MolLab.InstrumentState.Ping. Content: {"Timestamp":"2026-09-22T08:44:58.6788315Z","PingId":"IS30"}[EOL]
[2026-09-22T08:44:58.694553Z][APM_I.newgen-amplificationplatemagazine][I][844444436][140]UnitCommunicator.cpp:SendEvent():424|Publishing event: type=Roche.c68_8800.AmplificationPlateMagazine.I.Echo correlation_id=(n/a)[EOL]
[2026-09-22T08:44:58.694580Z][APM_I.newgen-amplificationplatemagazine][I][2560017][140]MessageSender.h:SendEvent():105|Sent RabbitMqEvent Roche.c68_8800.AmplificationPlateMagazine.I.Echo. Content: {"Timestamp":"2026-09-22T08:44:58.694544Z","MagazineId":"I","PingId":"IS30"}[EOL]
[2026-09-22T08:44:58.834022Z][APM_I.newgen-amplificationplatemagazine][W][2330306][140]CRTCyclicEvent.cpp:TimeMissed():101|Cycle miss in event CCSICombinedCmdManager Cyclic Event. Time Overrun is 16154 us[EOL]
[2026-09-22T08:44:58.834107Z][APM_I.barcodereader][W][2330306][134]CRTCyclicEvent.cpp:TimeMissed():101|Cycle miss in event CCSICombinedCmdManager Cyclic Event. Time Overrun is 9769 us[EOL]
[2026-09-22T08:44:58.834127Z][APM_I.barcodereader][W][2330306][134]CRTCyclicEvent.cpp:TimeMissed():101|Cycle miss in event CCSICombinedRepManager. Time Overrun is 9769 us[EOL]
[2026-09-22T08:44:58.834056Z][APM_I.newgen-amplificationplatemagazine][W][2330306][140]CRTCyclicEvent.cpp:TimeMissed():101|Cycle miss in event CCSICombinedRepManager. Time Overrun is 16154 us[EOL]
[2026-09-22T08:45:04.270770Z][APM_I.barcodereader][W][2330306][134]CRTCyclicEvent.cpp:TimeMissed():101|Cycle miss in event CCSICombinedCmdManager Cyclic Event. Time Overrun is 16434 us[EOL]
[2026-09-22T08:45:04.270790Z][APM_I.barcodereader][W][2330306][134]CRTCyclicEvent.cpp:TimeMissed():101|Cycle miss in event CCSICombinedRepManager. Time Overrun is 16434 us[EOL]
[2026-09-22T08:45:04.273988Z][APM_I.newgen-amplificationplatemagazine][W][2330306][140]CRTCyclicEvent.cpp:TimeMissed():101|Cycle miss in event CCSICombinedCmdManager Cyclic Event. Time Overrun is 26122 us[EOL]
[2026-09-22T08:45:04.274013Z][APM_I.newgen-amplificationplatemagazine][W][2330306][140]CRTCyclicEvent.cpp:TimeMissed():101|Cycle miss in event CCSICombinedRepManager. Time Overrun is 26122 us[EOL]
[2026-09-22T08:45:07.828415Z][APM_I.barcodereader][W][2330306][134]CRTCyclicEvent.cpp:TimeMissed():101|Cycle miss in event CCSICombinedCmdManager Cyclic Event. Time Overrun is 4079 us[EOL]
[2026-09-22T08:45:07.828446Z][APM_I.barcodereader][W][2330306][134]CRTCyclicEvent.cpp:TimeMissed():101|Cycle miss in event CCSICombinedRepManager. Time Overrun is 4079 us[EOL]
[2026-09-22T08:45:08.658520Z][APM_I.newgen-amplificationplatemagazine][W][2330306][140]CRTCyclicEvent.cpp:TimeMissed():101|Cycle miss in event CCSICombinedCmdManager Cyclic Event. Time Overrun is 654 us[EOL]
[2026-09-22T08:45:08.658547Z][APM_I.newgen-amplificationplatemagazine][W][2330306][140]CRTCyclicEvent.cpp:TimeMissed():101|Cycle miss in event CCSICombinedRepManager. Time Overrun is 654 us[EOL]
[2026-09-22T08:45:08.660316Z][APM_I.barcodereader][W][2330306][134]CRTCyclicEvent.cpp:TimeMissed():101|Cycle miss in event CCSICombinedCmdManager Cyclic Event. Time Overrun is 5981 us[EOL]
[2026-09-22T08:45:08.660336Z][APM_I.barcodereader][W][2330306][134]CRTCyclicEvent.cpp:TimeMissed():101|Cycle miss in event CCSICombinedRepManager. Time Overrun is 5981 us[EOL]
[2026-09-22T08:45:12.410976Z][APM_I.barcodereader][W][2330306][134]CRTCyclicEvent.cpp:TimeMissed():101|Cycle miss in event CCSICombinedCmdManager Cyclic Event. Time Overrun is 6639 us[EOL]
[2026-09-22T08:45:12.411259Z][APM_I.newgen-amplificationplatemagazine][W][2330306][140]CRTCyclicEvent.cpp:TimeMissed():101|Cycle miss in event CCSICombinedCmdManager Cyclic Event. Time Overrun is 3391 us[EOL]
[2026-09-22T08:45:12.411010Z][APM_I.barcodereader][W][2330306][134]CRTCyclicEvent.cpp:TimeMissed():101|Cycle miss in event CCSICombinedRepManager. Time Overrun is 6639 us[EOL]
[2026-09-22T08:45:12.411292Z][APM_I.newgen-amplificationplatemagazine][W][2330306][140]CRTCyclicEvent.cpp:TimeMissed():101|Cycle miss in event CCSICombinedRepManager. Time Overrun is 3391 us[EOL]
[2026-09-22T08:45:12.645818Z][APM_I.newgen-amplificationplatemagazine][W][2330306][140]CRTCyclicEvent.cpp:TimeMissed():101|Cycle miss in event CCSICombinedCmdManager Cyclic Event. Time Overrun is 7949 us[EOL]
[2026-09-22T08:45:12.639150Z][APM_I.barcodereader][W][2330306][134]CRTCyclicEvent.cpp:TimeMissed():101|Cycle miss in event CCSICombinedCmdManager Cyclic Event. Time Overrun is 4812 us[EOL]
[2026-09-22T08:45:12.645877Z][APM_I.newgen-amplificationplatemagazine][W][2330306][140]CRTCyclicEvent.cpp:TimeMissed():101|Cycle miss in event CCSICombinedRepManager. Time Overrun is 7949 us[EOL]
[2026-09-22T08:45:12.639831Z][APM_I.barcodereader][W][2330306][134]CRTCyclicEvent.cpp:TimeMissed():101|Cycle miss in event CCSICombinedRepManager. Time Overrun is 4812 us[EOL]
[2026-09-22T08:45:13.420842Z][APM_I.newgen-amplificationplatemagazine][W][2330306][140]CRTCyclicEvent.cpp:TimeMissed():101|Cycle miss in event CCSICombinedCmdManager Cyclic Event. Time Overrun is 12977 us[EOL]
[2026-09-22T08:45:13.420863Z][APM_I.newgen-amplificationplatemagazine][W][2330306][140]CRTCyclicEvent.cpp:TimeMissed():101|Cycle miss in event CCSICombinedRepManager. Time Overrun is 12977 us[EOL]
[2026-09-22T08:45:13.420187Z][APM_I.barcodereader][W][2330306][134]CRTCyclicEvent.cpp:TimeMissed():101|Cycle miss in event CCSICombinedCmdManager Cyclic Event. Time Overrun is 15852 us[EOL]
[2026-09-22T08:45:13.420206Z][APM_I.barcodereader][W][2330306][134]CRTCyclicEvent.cpp:TimeMissed():101|Cycle miss in event CCSICombinedRepManager. Time Overrun is 15852 us[EOL]
[2026-09-22T08:45:16.795380Z][APM_I.newgen-amplificationplatemagazine][W][2330306][140]CRTCyclicEvent.cpp:TimeMissed():101|Cycle miss in event CCSICombinedCmdManager Cyclic Event. Time Overrun is 7515 us[EOL]
[2026-09-22T08:45:16.795405Z][APM_I.newgen-amplificationplatemagazine][W][2330306][140]CRTCyclicEvent.cpp:TimeMissed():101|Cycle miss in event CCSICombinedRepManager. Time Overrun is 7515 us[EOL]
[2026-09-22T08:45:19.419862Z][APM_I.barcodereader][W][2330306][134]CRTCyclicEvent.cpp:TimeMissed():101|Cycle miss in event CCSICombinedCmdManager Cyclic Event. Time Overrun is 5515 us[EOL]
[2026-09-22T08:45:19.419904Z][APM_I.barcodereader][W][2330306][134]CRTCyclicEvent.cpp:TimeMissed():101|Cycle miss in event CCSICombinedRepManager. Time Overrun is 5515 us[EOL]
[2026-09-22T08:45:19.418828Z][APM_I.newgen-amplificationplatemagazine][W][2330306][140]CRTCyclicEvent.cpp:TimeMissed():101|Cycle miss in event CCSICombinedCmdManager Cyclic Event. Time Overrun is 961 us[EOL]
[2026-09-22T08:45:19.418858Z][APM_I.newgen-amplificationplatemagazine][W][2330306][140]CRTCyclicEvent.cpp:TimeMissed():101|Cycle miss in event CCSICombinedRepManager. Time Overrun is 961 us[EOL]
[2026-09-22T08:45:26.600838Z][APM_I.newgen-amplificationplatemagazine][W][2330306][140]CRTCyclicEvent.cpp:TimeMissed():101|Cycle miss in event CCSICombinedCmdManager Cyclic Event. Time Overrun is 2966 us[EOL]
[2026-09-22T08:45:26.600890Z][APM_I.newgen-amplificationplatemagazine][W][2330306][140]CRTCyclicEvent.cpp:TimeMissed():101|Cycle miss in event CCSICombinedRepManager. Time Overrun is 2966 us[EOL]
[2026-09-22T08:45:27.429887Z][APM_I.barcodereader][W][2330306][134]CRTCyclicEvent.cpp:TimeMissed():101|Cycle miss in event CCSICombinedCmdManager Cyclic Event. Time Overrun is 15551 us[EOL]
[2026-09-22T08:45:27.430319Z][APM_I.newgen-amplificationplatemagazine][W][2330306][140]CRTCyclicEvent.cpp:TimeMissed():101|Cycle miss in event CCSICombinedCmdManager Cyclic Event. Time Overrun is 12453 us[EOL]
[2026-09-22T08:45:27.429907Z][APM_I.barcodereader][W][2330306][134]CRTCyclicEvent.cpp:TimeMissed():101|Cycle miss in event CCSICombinedRepManager. Time Overrun is 15551 us[EOL]
[2026-09-22T08:45:27.430343Z][APM_I.newgen-amplificationplatemagazine][W][2330306][140]CRTCyclicEvent.cpp:TimeMissed():101|Cycle miss in event CCSICombinedRepManager. Time Overrun is 12453 us[EOL]
[2026-09-22T08:45:27.836144Z][APM_I.barcodereader][W][2330306][134]CRTCyclicEvent.cpp:TimeMissed():101|Cycle miss in event CCSICombinedCmdManager Cyclic Event. Time Overrun is 1803 us[EOL]
[2026-09-22T08:45:27.836195Z][APM_I.barcodereader][W][2330306][134]CRTCyclicEvent.cpp:TimeMissed():101|Cycle miss in event CCSICombinedRepManager. Time Overrun is 1803 us[EOL]
[2026-09-22T08:45:27.841780Z][APM_I.newgen-amplificationplatemagazine][W][2330306][140]CRTCyclicEvent.cpp:TimeMissed():101|Cycle miss in event CCSICombinedCmdManager Cyclic Event. Time Overrun is 3911 us[EOL]
[2026-09-22T08:45:27.841826Z][APM_I.newgen-amplificationplatemagazine][W][2330306][140]CRTCyclicEvent.cpp:TimeMissed():101|Cycle miss in event CCSICombinedRepManager. Time Overrun is 3911 us[EOL]
[2026-09-22T08:45:28.686770Z][APM_I.newgen-amplificationplatemagazine][I][2560016][140]IMessageHandler.h:operator()():40|Received RabbitMqMessage Roche.MolLab.InstrumentState.Ping. Content: {"Timestamp":"2026-09-22T08:45:28.6751977Z","PingId":"IS31"}[EOL]
[2026-09-22T08:45:28.686811Z][APM_I.newgen-amplificationplatemagazine][I][844444436][140]UnitCommunicator.cpp:SendEvent():424|Publishing event: type=Roche.c68_8800.AmplificationPlateMagazine.I.Echo correlation_id=(n/a)[EOL]
[2026-09-22T08:45:28.686837Z][APM_I.newgen-amplificationplatemagazine][I][2560017][140]MessageSender.h:SendEvent():105|Sent RabbitMqEvent Roche.c68_8800.AmplificationPlateMagazine.I.Echo. Content: {"Timestamp":"2026-09-22T08:45:28.686806Z","MagazineId":"I","PingId":"IS31"}[EOL]
[2026-09-22T08:45:34.286191Z][APM_I.barcodereader][W][2330306][134]CRTCyclicEvent.cpp:TimeMissed():101|Cycle miss in event CCSICombinedCmdManager Cyclic Event. Time Overrun is 11851 us[EOL]
[2026-09-22T08:45:34.286239Z][APM_I.barcodereader][W][2330306][134]CRTCyclicEvent.cpp:TimeMissed():101|Cycle miss in event CCSICombinedRepManager. Time Overrun is 11851 us[EOL]
[2026-09-22T08:45:34.285694Z][APM_I.newgen-amplificationplatemagazine][W][2330306][140]CRTCyclicEvent.cpp:TimeMissed():101|Cycle miss in event CCSICombinedCmdManager Cyclic Event. Time Overrun is 17827 us[EOL]
[2026-09-22T08:45:34.285728Z][APM_I.newgen-amplificationplatemagazine][W][2330306][140]CRTCyclicEvent.cpp:TimeMissed():101|Cycle miss in event CCSICombinedRepManager. Time Overrun is 17827 us[EOL]
[2026-09-22T08:45:42.403308Z][APM_I.newgen-amplificationplatemagazine][W][2330306][140]CRTCyclicEvent.cpp:TimeMissed():101|Cycle miss in event CCSICombinedCmdManager Cyclic Event. Time Overrun is 15439 us[EOL]
[2026-09-22T08:45:42.405267Z][APM_I.barcodereader][W][2330306][134]CRTCyclicEvent.cpp:TimeMissed():101|Cycle miss in event CCSICombinedCmdManager Cyclic Event. Time Overrun is 20931 us[EOL]
[2026-09-22T08:45:42.403365Z][APM_I.newgen-amplificationplatemagazine][W][2330306][140]CRTCyclicEvent.cpp:TimeMissed():101|Cycle miss in event CCSICombinedRepManager. Time Overrun is 15439 us[EOL]
[2026-09-22T08:45:42.405333Z][APM_I.barcodereader][W][2330306][134]CRTCyclicEvent.cpp:TimeMissed():101|Cycle miss in event CCSICombinedRepManager. Time Overrun is 20931 us[EOL]
[2026-09-22T08:45:45.454823Z][APM_I.barcodereader][W][2330306][134]CRTCyclicEvent.cpp:TimeMissed():101|Cycle miss in event CCSICombinedCmdManager Cyclic Event. Time Overrun is 484 us[EOL]
[2026-09-22T08:45:45.454876Z][APM_I.barcodereader][W][2330306][134]CRTCyclicEvent.cpp:TimeMissed():101|Cycle miss in event CCSICombinedRepManager. Time Overrun is 484 us[EOL]
[2026-09-22T08:45:49.579933Z][APM_I.newgen-amplificationplatemagazine][W][2330306][140]CRTCyclicEvent.cpp:TimeMissed():101|Cycle miss in event CCSICombinedCmdManager Cyclic Event. Time Overrun is 2064 us[EOL]
[2026-09-22T08:45:49.579997Z][APM_I.newgen-amplificationplatemagazine][W][2330306][140]CRTCyclicEvent.cpp:TimeMissed():101|Cycle miss in event CCSICombinedRepManager. Time Overrun is 2064 us[EOL]
[2026-09-22T08:45:50.014798Z][APM_I.barcodereader][W][2330306][134]CRTCyclicEvent.cpp:TimeMissed():101|Cycle miss in event CCSICombinedCmdManager Cyclic Event. Time Overrun is 460 us[EOL]
[2026-09-22T08:45:50.014831Z][APM_I.barcodereader][W][2330306][134]CRTCyclicEvent.cpp:TimeMissed():101|Cycle miss in event CCSICombinedRepManager. Time Overrun is 460 us[EOL]
[2026-09-22T08:45:56.035520Z][APM_I.newgen-amplificationplatemagazine][W][2330306][140]CRTCyclicEvent.cpp:TimeMissed():101|Cycle miss in event CCSICombinedCmdManager Cyclic Event. Time Overrun is 17650 us[EOL]
[2026-09-22T08:45:56.035555Z][APM_I.newgen-amplificationplatemagazine][W][2330306][140]CRTCyclicEvent.cpp:TimeMissed():101|Cycle miss in event CCSICombinedRepManager. Time Overrun is 17650 us[EOL]
[2026-09-22T08:45:58.679057Z][APM_I.newgen-amplificationplatemagazine][I][2560016][140]IMessageHandler.h:operator()():40|Received RabbitMqMessage Roche.MolLab.InstrumentState.Ping. Content: {"Timestamp":"2026-09-22T08:45:58.6752037Z","PingId":"IS32"}[EOL]
[2026-09-22T08:45:58.679099Z][APM_I.newgen-amplificationplatemagazine][I][844444436][140]UnitCommunicator.cpp:SendEvent():424|Publishing event: type=Roche.c68_8800.AmplificationPlateMagazine.I.Echo correlation_id=(n/a)[EOL]
[2026-09-22T08:45:58.679119Z][APM_I.newgen-amplificationplatemagazine][I][2560017][140]MessageSender.h:SendEvent():105|Sent RabbitMqEvent Roche.c68_8800.AmplificationPlateMagazine.I.Echo. Content: {"Timestamp":"2026-09-22T08:45:58.679093Z","MagazineId":"I","PingId":"IS32"}[EOL]
[2026-09-22T08:46:05.382319Z][APM_I.newgen-amplificationplatemagazine][W][2330306][140]CRTCyclicEvent.cpp:TimeMissed():101|Cycle miss in event CCSICombinedCmdManager Cyclic Event. Time Overrun is 4451 us[EOL]
[2026-09-22T08:46:05.382360Z][APM_I.newgen-amplificationplatemagazine][W][2330306][140]CRTCyclicEvent.cpp:TimeMissed():101|Cycle miss in event CCSICombinedRepManager. Time Overrun is 4451 us[EOL]
[2026-09-22T08:46:09.479435Z][APM_I.newgen-amplificationplatemagazine][W][2330306][140]CRTCyclicEvent.cpp:TimeMissed():101|Cycle miss in event CCSICombinedCmdManager Cyclic Event. Time Overrun is 1569 us[EOL]
[2026-09-22T08:46:09.479459Z][APM_I.newgen-amplificationplatemagazine][W][2330306][140]CRTCyclicEvent.cpp:TimeMissed():101|Cycle miss in event CCSICombinedRepManager. Time Overrun is 1569 us[EOL]
[2026-09-22T08:46:11.191860Z][APM_I.barcodereader][W][2330306][134]CRTCyclicEvent.cpp:TimeMissed():101|Cycle miss in event CCSICombinedCmdManager Cyclic Event. Time Overrun is 17506 us[EOL]
[2026-09-22T08:46:11.192012Z][APM_I.newgen-amplificationplatemagazine][W][2330306][140]CRTCyclicEvent.cpp:TimeMissed():101|Cycle miss in event CCSICombinedCmdManager Cyclic Event. Time Overrun is 14140 us[EOL]
[2026-09-22T08:46:11.191915Z][APM_I.barcodereader][W][2330306][134]CRTCyclicEvent.cpp:TimeMissed():101|Cycle miss in event CCSICombinedRepManager. Time Overrun is 17506 us[EOL]
[2026-09-22T08:46:11.192154Z][APM_I.newgen-amplificationplatemagazine][W][2330306][140]CRTCyclicEvent.cpp:TimeMissed():101|Cycle miss in event CCSICombinedRepManager. Time Overrun is 14140 us[EOL]
[2026-09-22T08:46:20.990163Z][APM_I.barcodereader][W][2330306][134]CRTCyclicEvent.cpp:TimeMissed():101|Cycle miss in event CCSICombinedCmdManager Cyclic Event. Time Overrun is 5807 us[EOL]
[2026-09-22T08:46:20.990182Z][APM_I.barcodereader][W][2330306][134]CRTCyclicEvent.cpp:TimeMissed():101|Cycle miss in event CCSICombinedRepManager. Time Overrun is 5807 us[EOL]
[2026-09-22T08:46:20.990157Z][APM_I.newgen-amplificationplatemagazine][W][2330306][140]CRTCyclicEvent.cpp:TimeMissed():101|Cycle miss in event CCSICombinedCmdManager Cyclic Event. Time Overrun is 2291 us[EOL]
[2026-09-22T08:46:20.990186Z][APM_I.newgen-amplificationplatemagazine][W][2330306][140]CRTCyclicEvent.cpp:TimeMissed():101|Cycle miss in event CCSICombinedRepManager. Time Overrun is 2291 us[EOL]
[2026-09-22T08:46:23.925381Z][APM_I.newgen-amplificationplatemagazine][W][2330306][140]CRTCyclicEvent.cpp:TimeMissed():101|Cycle miss in event CCSICombinedCmdManager Cyclic Event. Time Overrun is 7514 us[EOL]
[2026-09-22T08:46:23.925413Z][APM_I.newgen-amplificationplatemagazine][W][2330306][140]CRTCyclicEvent.cpp:TimeMissed():101|Cycle miss in event CCSICombinedRepManager. Time Overrun is 7514 us[EOL]
[2026-09-22T08:46:28.686011Z][APM_I.newgen-amplificationplatemagazine][I][2560016][140]IMessageHandler.h:operator()():40|Received RabbitMqMessage Roche.MolLab.InstrumentState.Ping. Content: {"Timestamp":"2026-09-22T08:46:28.6745784Z","PingId":"IS33"}[EOL]
[2026-09-22T08:46:28.686072Z][APM_I.newgen-amplificationplatemagazine][I][844444436][140]UnitCommunicator.cpp:SendEvent():424|Publishing event: type=Roche.c68_8800.AmplificationPlateMagazine.I.Echo correlation_id=(n/a)[EOL]
[2026-09-22T08:46:28.686093Z][APM_I.newgen-amplificationplatemagazine][I][2560017][140]MessageSender.h:SendEvent():105|Sent RabbitMqEvent Roche.c68_8800.AmplificationPlateMagazine.I.Echo. Content: {"Timestamp":"2026-09-22T08:46:28.686065Z","MagazineId":"I","PingId":"IS33"}[EOL]
[2026-09-22T08:46:42.486995Z][APM_I.barcodereader][W][2330306][134]CRTCyclicEvent.cpp:TimeMissed():101|Cycle miss in event CCSICombinedCmdManager Cyclic Event. Time Overrun is 2657 us[EOL]
[2026-09-22T08:46:42.487024Z][APM_I.barcodereader][W][2330306][134]CRTCyclicEvent.cpp:TimeMissed():101|Cycle miss in event CCSICombinedRepManager. Time Overrun is 2657 us[EOL]
[2026-09-22T08:46:42.838367Z][APM_I.barcodereader][W][2330306][134]CRTCyclicEvent.cpp:TimeMissed():101|Cycle miss in event CCSICombinedCmdManager Cyclic Event. Time Overrun is 4025 us[EOL]
[2026-09-22T08:46:42.838418Z][APM_I.barcodereader][W][2330306][134]CRTCyclicEvent.cpp:TimeMissed():101|Cycle miss in event CCSICombinedRepManager. Time Overrun is 4025 us[EOL]
[2026-09-22T08:46:58.688711Z][APM_I.newgen-amplificationplatemagazine][I][2560016][140]IMessageHandler.h:operator()():40|Received RabbitMqMessage Roche.MolLab.InstrumentState.Ping. Content: {"Timestamp":"2026-09-22T08:46:58.6737672Z","PingId":"IS34"}[EOL]
[2026-09-22T08:46:58.688777Z][APM_I.newgen-amplificationplatemagazine][I][844444436][140]UnitCommunicator.cpp:SendEvent():424|Publishing event: type=Roche.c68_8800.AmplificationPlateMagazine.I.Echo correlation_id=(n/a)[EOL]
[2026-09-22T08:46:58.688797Z][APM_I.newgen-amplificationplatemagazine][I][2560017][140]MessageSender.h:SendEvent():105|Sent RabbitMqEvent Roche.c68_8800.AmplificationPlateMagazine.I.Echo. Content: {"Timestamp":"2026-09-22T08:46:58.688770Z","MagazineId":"I","PingId":"IS34"}[EOL]
[2026-09-22T08:47:18.735310Z][APM_I.barcodereader][W][2330306][134]CRTCyclicEvent.cpp:TimeMissed():101|Cycle miss in event CCSICombinedCmdManager Cyclic Event. Time Overrun is 975 us[EOL]
[2026-09-22T08:47:18.735342Z][APM_I.barcodereader][W][2330306][134]CRTCyclicEvent.cpp:TimeMissed():101|Cycle miss in event CCSICombinedRepManager. Time Overrun is 975 us[EOL]
[2026-09-22T08:47:20.448278Z][APM_I.barcodereader][W][2330306][134]CRTCyclicEvent.cpp:TimeMissed():101|Cycle miss in event CCSICombinedCmdManager Cyclic Event. Time Overrun is 3943 us[EOL]
[2026-09-22T08:47:20.448614Z][APM_I.newgen-amplificationplatemagazine][W][2330306][140]CRTCyclicEvent.cpp:TimeMissed():101|Cycle miss in event CCSICombinedCmdManager Cyclic Event. Time Overrun is 10742 us[EOL]
[2026-09-22T08:47:20.448300Z][APM_I.barcodereader][W][2330306][134]CRTCyclicEvent.cpp:TimeMissed():101|Cycle miss in event CCSICombinedRepManager. Time Overrun is 3943 us[EOL]
[2026-09-22T08:47:20.448671Z][APM_I.newgen-amplificationplatemagazine][W][2330306][140]CRTCyclicEvent.cpp:TimeMissed():101|Cycle miss in event CCSICombinedRepManager. Time Overrun is 10742 us[EOL]
[2026-09-22T08:47:22.845957Z][APM_I.barcodereader][W][2330306][134]CRTCyclicEvent.cpp:TimeMissed():101|Cycle miss in event CCSICombinedCmdManager Cyclic Event. Time Overrun is 1616 us[EOL]
[2026-09-22T08:47:22.846008Z][APM_I.barcodereader][W][2330306][134]CRTCyclicEvent.cpp:TimeMissed():101|Cycle miss in event CCSICombinedRepManager. Time Overrun is 1616 us[EOL]
[2026-09-22T08:47:24.981886Z][APM_I.newgen-amplificationplatemagazine][W][2330306][140]CRTCyclicEvent.cpp:TimeMissed():101|Cycle miss in event CCSICombinedCmdManager Cyclic Event. Time Overrun is 4020 us[EOL]
[2026-09-22T08:47:24.981912Z][APM_I.newgen-amplificationplatemagazine][W][2330306][140]CRTCyclicEvent.cpp:TimeMissed():101|Cycle miss in event CCSICombinedRepManager. Time Overrun is 4020 us[EOL]
[2026-09-22T08:47:25.578362Z][APM_I.newgen-amplificationplatemagazine][W][2330306][140]CRTCyclicEvent.cpp:TimeMissed():101|Cycle miss in event CCSICombinedCmdManager Cyclic Event. Time Overrun is 10494 us[EOL]
[2026-09-22T08:47:25.578392Z][APM_I.newgen-amplificationplatemagazine][W][2330306][140]CRTCyclicEvent.cpp:TimeMissed():101|Cycle miss in event CCSICombinedRepManager. Time Overrun is 10494 us[EOL]
[2026-09-22T08:47:25.577326Z][APM_I.barcodereader][W][2330306][134]CRTCyclicEvent.cpp:TimeMissed():101|Cycle miss in event CCSICombinedCmdManager Cyclic Event. Time Overrun is 2989 us[EOL]
[2026-09-22T08:47:25.577353Z][APM_I.barcodereader][W][2330306][134]CRTCyclicEvent.cpp:TimeMissed():101|Cycle miss in event CCSICombinedRepManager. Time Overrun is 2989 us[EOL]
[2026-09-22T08:47:28.681600Z][APM_I.newgen-amplificationplatemagazine][I][2560016][140]IMessageHandler.h:operator()():40|Received RabbitMqMessage Roche.MolLab.InstrumentState.Ping. Content: {"Timestamp":"2026-09-22T08:47:28.6753086Z","PingId":"IS35"}[EOL]
[2026-09-22T08:47:28.681661Z][APM_I.newgen-amplificationplatemagazine][I][844444436][140]UnitCommunicator.cpp:SendEvent():424|Publishing event: type=Roche.c68_8800.AmplificationPlateMagazine.I.Echo correlation_id=(n/a)[EOL]
[2026-09-22T08:47:28.681687Z][APM_I.newgen-amplificationplatemagazine][I][2560017][140]MessageSender.h:SendEvent():105|Sent RabbitMqEvent Roche.c68_8800.AmplificationPlateMagazine.I.Echo. Content: {"Timestamp":"2026-09-22T08:47:28.681643Z","MagazineId":"I","PingId":"IS35"}[EOL]
[2026-09-22T08:47:34.253982Z][APM_I.newgen-amplificationplatemagazine][W][2330306][140]CRTCyclicEvent.cpp:TimeMissed():101|Cycle miss in event CCSICombinedCmdManager Cyclic Event. Time Overrun is 6115 us[EOL]
[2026-09-22T08:47:34.254015Z][APM_I.newgen-amplificationplatemagazine][W][2330306][140]CRTCyclicEvent.cpp:TimeMissed():101|Cycle miss in event CCSICombinedRepManager. Time Overrun is 6115 us[EOL]
[2026-09-22T08:47:34.368156Z][APM_I.barcodereader][W][2330306][134]CRTCyclicEvent.cpp:TimeMissed():101|Cycle miss in event CCSICombinedCmdManager Cyclic Event. Time Overrun is 3820 us[EOL]
[2026-09-22T08:47:34.368179Z][APM_I.barcodereader][W][2330306][134]CRTCyclicEvent.cpp:TimeMissed():101|Cycle miss in event CCSICombinedRepManager. Time Overrun is 3820 us[EOL]
[2026-09-22T08:47:34.368415Z][APM_I.newgen-amplificationplatemagazine][W][2330306][140]CRTCyclicEvent.cpp:TimeMissed():101|Cycle miss in event CCSICombinedCmdManager Cyclic Event. Time Overrun is 549 us[EOL]
[2026-09-22T08:47:34.368436Z][APM_I.newgen-amplificationplatemagazine][W][2330306][140]CRTCyclicEvent.cpp:TimeMissed():101|Cycle miss in event CCSICombinedRepManager. Time Overrun is 549 us[EOL]
[2026-09-22T08:47:41.588095Z][APM_I.barcodereader][W][2330306][134]CRTCyclicEvent.cpp:TimeMissed():101|Cycle miss in event CCSICombinedCmdManager Cyclic Event. Time Overrun is 3759 us[EOL]
[2026-09-22T08:47:41.588116Z][APM_I.barcodereader][W][2330306][134]CRTCyclicEvent.cpp:TimeMissed():101|Cycle miss in event CCSICombinedRepManager. Time Overrun is 3759 us[EOL]
[2026-09-22T08:47:41.587905Z][APM_I.newgen-amplificationplatemagazine][W][2330306][140]CRTCyclicEvent.cpp:TimeMissed():101|Cycle miss in event CCSICombinedCmdManager Cyclic Event. Time Overrun is 10037 us[EOL]
[2026-09-22T08:47:41.587942Z][APM_I.newgen-amplificationplatemagazine][W][2330306][140]CRTCyclicEvent.cpp:TimeMissed():101|Cycle miss in event CCSICombinedRepManager. Time Overrun is 10037 us[EOL]
[2026-09-22T08:47:58.687705Z][APM_I.newgen-amplificationplatemagazine][I][2560016][140]IMessageHandler.h:operator()():40|Received RabbitMqMessage Roche.MolLab.InstrumentState.Ping. Content: {"Timestamp":"2026-09-22T08:47:58.6744135Z","PingId":"IS36"}[EOL]
[2026-09-22T08:47:58.687739Z][APM_I.newgen-amplificationplatemagazine][I][844444436][140]UnitCommunicator.cpp:SendEvent():424|Publishing event: type=Roche.c68_8800.AmplificationPlateMagazine.I.Echo correlation_id=(n/a)[EOL]
[2026-09-22T08:47:58.687779Z][APM_I.newgen-amplificationplatemagazine][I][2560017][140]MessageSender.h:SendEvent():105|Sent RabbitMqEvent Roche.c68_8800.AmplificationPlateMagazine.I.Echo. Content: {"Timestamp":"2026-09-22T08:47:58.687735Z","MagazineId":"I","PingId":"IS36"}[EOL]
[2026-09-22T08:48:00.847347Z][APM_I.barcodereader][W][2330306][134]CRTCyclicEvent.cpp:TimeMissed():101|Cycle miss in event CCSICombinedCmdManager Cyclic Event. Time Overrun is 3010 us[EOL]
[2026-09-22T08:48:00.847376Z][APM_I.barcodereader][W][2330306][134]CRTCyclicEvent.cpp:TimeMissed():101|Cycle miss in event CCSICombinedRepManager. Time Overrun is 3010 us[EOL]
[2026-09-22T08:48:07.843549Z][APM_I.newgen-amplificationplatemagazine][W][2330306][140]CRTCyclicEvent.cpp:TimeMissed():101|Cycle miss in event CCSICombinedCmdManager Cyclic Event. Time Overrun is 5661 us[EOL]
[2026-09-22T08:48:07.843590Z][APM_I.newgen-amplificationplatemagazine][W][2330306][140]CRTCyclicEvent.cpp:TimeMissed():101|Cycle miss in event CCSICombinedRepManager. Time Overrun is 5661 us[EOL]
[2026-09-22T08:48:09.198854Z][APM_I.barcodereader][W][2330306][134]CRTCyclicEvent.cpp:TimeMissed():101|Cycle miss in event CCSICombinedCmdManager Cyclic Event. Time Overrun is 4517 us[EOL]
[2026-09-22T08:48:09.199480Z][APM_I.newgen-amplificationplatemagazine][W][2330306][140]CRTCyclicEvent.cpp:TimeMissed():101|Cycle miss in event CCSICombinedCmdManager Cyclic Event. Time Overrun is 1610 us[EOL]
[2026-09-22T08:48:09.199509Z][APM_I.newgen-amplificationplatemagazine][W][2330306][140]CRTCyclicEvent.cpp:TimeMissed():101|Cycle miss in event CCSICombinedRepManager. Time Overrun is 1610 us[EOL]
[2026-09-22T08:48:09.198887Z][APM_I.barcodereader][W][2330306][134]CRTCyclicEvent.cpp:TimeMissed():101|Cycle miss in event CCSICombinedRepManager. Time Overrun is 4517 us[EOL]
[2026-09-22T08:48:10.022232Z][APM_I.barcodereader][W][2330306][134]CRTCyclicEvent.cpp:TimeMissed():101|Cycle miss in event CCSICombinedCmdManager Cyclic Event. Time Overrun is 7896 us[EOL]
[2026-09-22T08:48:10.022277Z][APM_I.barcodereader][W][2330306][134]CRTCyclicEvent.cpp:TimeMissed():101|Cycle miss in event CCSICombinedRepManager. Time Overrun is 7896 us[EOL]
[2026-09-22T08:48:10.024579Z][APM_I.newgen-amplificationplatemagazine][W][2330306][140]CRTCyclicEvent.cpp:TimeMissed():101|Cycle miss in event CCSICombinedCmdManager Cyclic Event. Time Overrun is 16712 us[EOL]
[2026-09-22T08:48:10.024612Z][APM_I.newgen-amplificationplatemagazine][W][2330306][140]CRTCyclicEvent.cpp:TimeMissed():101|Cycle miss in event CCSICombinedRepManager. Time Overrun is 16712 us[EOL]
[2026-09-22T08:48:28.682902Z][APM_I.newgen-amplificationplatemagazine][I][2560016][140]IMessageHandler.h:operator()():40|Received RabbitMqMessage Roche.MolLab.InstrumentState.Ping. Content: {"Timestamp":"2026-09-22T08:48:28.6748624Z","PingId":"IS37"}[EOL]
[2026-09-22T08:48:28.682943Z][APM_I.newgen-amplificationplatemagazine][I][844444436][140]UnitCommunicator.cpp:SendEvent():424|Publishing event: type=Roche.c68_8800.AmplificationPlateMagazine.I.Echo correlation_id=(n/a)[EOL]
[2026-09-22T08:48:28.683016Z][APM_I.newgen-amplificationplatemagazine][I][2560017][140]MessageSender.h:SendEvent():105|Sent RabbitMqEvent Roche.c68_8800.AmplificationPlateMagazine.I.Echo. Content: {"Timestamp":"2026-09-22T08:48:28.682937Z","MagazineId":"I","PingId":"IS37"}[EOL]
[2026-09-22T08:48:29.664979Z][APM_I.barcodereader][W][2330306][134]CRTCyclicEvent.cpp:TimeMissed():101|Cycle miss in event CCSICombinedCmdManager Cyclic Event. Time Overrun is 643 us[EOL]
[2026-09-22T08:48:29.665012Z][APM_I.barcodereader][W][2330306][134]CRTCyclicEvent.cpp:TimeMissed():101|Cycle miss in event CCSICombinedRepManager. Time Overrun is 643 us[EOL]
[2026-09-22T08:48:35.025902Z][APM_I.barcodereader][W][2330306][134]CRTCyclicEvent.cpp:TimeMissed():101|Cycle miss in event CCSICombinedCmdManager Cyclic Event. Time Overrun is 1565 us[EOL]
[2026-09-22T08:48:35.025926Z][APM_I.barcodereader][W][2330306][134]CRTCyclicEvent.cpp:TimeMissed():101|Cycle miss in event CCSICombinedRepManager. Time Overrun is 1565 us[EOL]
[2026-09-22T08:48:35.029540Z][APM_I.newgen-amplificationplatemagazine][W][2330306][140]CRTCyclicEvent.cpp:TimeMissed():101|Cycle miss in event CCSICombinedCmdManager Cyclic Event. Time Overrun is 1669 us[EOL]
[2026-09-22T08:48:35.029573Z][APM_I.newgen-amplificationplatemagazine][W][2330306][140]CRTCyclicEvent.cpp:TimeMissed():101|Cycle miss in event CCSICombinedRepManager. Time Overrun is 1669 us[EOL]
[2026-09-22T08:48:35.176354Z][APM_I.barcodereader][W][2330306][134]CRTCyclicEvent.cpp:TimeMissed():101|Cycle miss in event CCSICombinedCmdManager Cyclic Event. Time Overrun is 2018 us[EOL]
[2026-09-22T08:48:35.176374Z][APM_I.barcodereader][W][2330306][134]CRTCyclicEvent.cpp:TimeMissed():101|Cycle miss in event CCSICombinedRepManager. Time Overrun is 2018 us[EOL]
[2026-09-22T08:48:37.836134Z][APM_I.newgen-amplificationplatemagazine][W][2330306][140]CRTCyclicEvent.cpp:TimeMissed():101|Cycle miss in event CCSICombinedCmdManager Cyclic Event. Time Overrun is 8266 us[EOL]
[2026-09-22T08:48:37.840901Z][APM_I.barcodereader][W][2330306][134]CRTCyclicEvent.cpp:TimeMissed():101|Cycle miss in event CCSICombinedCmdManager Cyclic Event. Time Overrun is 6554 us[EOL]
[2026-09-22T08:48:37.841010Z][APM_I.barcodereader][W][2330306][134]CRTCyclicEvent.cpp:TimeMissed():101|Cycle miss in event CCSICombinedRepManager. Time Overrun is 6554 us[EOL]
[2026-09-22T08:48:37.836173Z][APM_I.newgen-amplificationplatemagazine][W][2330306][140]CRTCyclicEvent.cpp:TimeMissed():101|Cycle miss in event CCSICombinedRepManager. Time Overrun is 8266 us[EOL]
[2026-09-22T08:48:42.640453Z][APM_I.barcodereader][W][2330306][134]CRTCyclicEvent.cpp:TimeMissed():101|Cycle miss in event CCSICombinedCmdManager Cyclic Event. Time Overrun is 6116 us[EOL]
[2026-09-22T08:48:42.640486Z][APM_I.barcodereader][W][2330306][134]CRTCyclicEvent.cpp:TimeMissed():101|Cycle miss in event CCSICombinedRepManager. Time Overrun is 6116 us[EOL]
[2026-09-22T08:48:45.562015Z][APM_I.newgen-amplificationplatemagazine][W][2330306][140]CRTCyclicEvent.cpp:TimeMissed():101|Cycle miss in event CCSICombinedCmdManager Cyclic Event. Time Overrun is 4147 us[EOL]
[2026-09-22T08:48:45.562045Z][APM_I.newgen-amplificationplatemagazine][W][2330306][140]CRTCyclicEvent.cpp:TimeMissed():101|Cycle miss in event CCSICombinedRepManager. Time Overrun is 4147 us[EOL]
[2026-09-22T08:48:47.859919Z][APM_I.newgen-amplificationplatemagazine][W][2330306][140]CRTCyclicEvent.cpp:TimeMissed():101|Cycle miss in event CCSICombinedCmdManager Cyclic Event. Time Overrun is 2048 us[EOL]
[2026-09-22T08:48:47.859963Z][APM_I.newgen-amplificationplatemagazine][W][2330306][140]CRTCyclicEvent.cpp:TimeMissed():101|Cycle miss in event CCSICombinedRepManager. Time Overrun is 2048 us[EOL]
[2026-09-22T08:48:49.600827Z][APM_I.barcodereader][W][2330306][134]CRTCyclicEvent.cpp:TimeMissed():101|Cycle miss in event CCSICombinedCmdManager Cyclic Event. Time Overrun is 6489 us[EOL]
[2026-09-22T08:48:49.600858Z][APM_I.barcodereader][W][2330306][134]CRTCyclicEvent.cpp:TimeMissed():101|Cycle miss in event CCSICombinedRepManager. Time Overrun is 6489 us[EOL]
[2026-09-22T08:48:49.604082Z][APM_I.newgen-amplificationplatemagazine][W][2330306][140]CRTCyclicEvent.cpp:TimeMissed():101|Cycle miss in event CCSICombinedCmdManager Cyclic Event. Time Overrun is 6202 us[EOL]
[2026-09-22T08:48:49.604300Z][APM_I.newgen-amplificationplatemagazine][W][2330306][140]CRTCyclicEvent.cpp:TimeMissed():101|Cycle miss in event CCSICombinedRepManager. Time Overrun is 6202 us[EOL]
[2026-09-22T08:48:53.750749Z][APM_I.newgen-amplificationplatemagazine][W][2330306][140]CRTCyclicEvent.cpp:TimeMissed():101|Cycle miss in event CCSICombinedCmdManager Cyclic Event. Time Overrun is 2881 us[EOL]
[2026-09-22T08:48:53.750785Z][APM_I.newgen-amplificationplatemagazine][W][2330306][140]CRTCyclicEvent.cpp:TimeMissed():101|Cycle miss in event CCSICombinedRepManager. Time Overrun is 2881 us[EOL]
[2026-09-22T08:48:58.681727Z][APM_I.newgen-amplificationplatemagazine][I][2560016][140]IMessageHandler.h:operator()():40|Received RabbitMqMessage Roche.MolLab.InstrumentState.Ping. Content: {"Timestamp":"2026-09-22T08:48:58.6735259Z","PingId":"IS38"}[EOL]
[2026-09-22T08:48:58.681793Z][APM_I.newgen-amplificationplatemagazine][I][844444436][140]UnitCommunicator.cpp:SendEvent():424|Publishing event: type=Roche.c68_8800.AmplificationPlateMagazine.I.Echo correlation_id=(n/a)[EOL]
[2026-09-22T08:48:58.681817Z][APM_I.newgen-amplificationplatemagazine][I][2560017][140]MessageSender.h:SendEvent():105|Sent RabbitMqEvent Roche.c68_8800.AmplificationPlateMagazine.I.Echo. Content: {"Timestamp":"2026-09-22T08:48:58.681785Z","MagazineId":"I","PingId":"IS38"}[EOL]
[2026-09-22T08:48:59.808445Z][APM_I.barcodereader][W][2330306][134]CRTCyclicEvent.cpp:TimeMissed():101|Cycle miss in event CCSICombinedCmdManager Cyclic Event. Time Overrun is 34104 us[EOL]
[2026-09-22T08:48:59.808061Z][APM_I.newgen-amplificationplatemagazine][W][2330306][140]CRTCyclicEvent.cpp:TimeMissed():101|Cycle miss in event CCSICombinedCmdManager Cyclic Event. Time Overrun is 30187 us[EOL]
[2026-09-22T08:48:59.808236Z][APM_I.newgen-amplificationplatemagazine][W][2330306][140]CRTCyclicEvent.cpp:TimeMissed():101|Cycle miss in event CCSICombinedRepManager. Time Overrun is 30187 us[EOL]
[2026-09-22T08:48:59.808485Z][APM_I.barcodereader][W][2330306][134]CRTCyclicEvent.cpp:TimeMissed():101|Cycle miss in event CCSICombinedRepManager. Time Overrun is 34104 us[EOL]
[2026-09-22T08:49:03.419564Z][APM_I.newgen-amplificationplatemagazine][W][2330306][140]CRTCyclicEvent.cpp:TimeMissed():101|Cycle miss in event CCSICombinedCmdManager Cyclic Event. Time Overrun is 1698 us[EOL]
[2026-09-22T08:49:03.419589Z][APM_I.newgen-amplificationplatemagazine][W][2330306][140]CRTCyclicEvent.cpp:TimeMissed():101|Cycle miss in event CCSICombinedRepManager. Time Overrun is 1698 us[EOL]
[2026-09-22T08:49:15.082205Z][APM_I.newgen-amplificationplatemagazine][W][2330306][140]CRTCyclicEvent.cpp:TimeMissed():101|Cycle miss in event CCSICombinedCmdManager Cyclic Event. Time Overrun is 4337 us[EOL]
[2026-09-22T08:49:15.082238Z][APM_I.newgen-amplificationplatemagazine][W][2330306][140]CRTCyclicEvent.cpp:TimeMissed():101|Cycle miss in event CCSICombinedRepManager. Time Overrun is 4337 us[EOL]
[2026-09-22T08:49:15.081693Z][APM_I.barcodereader][W][2330306][134]CRTCyclicEvent.cpp:TimeMissed():101|Cycle miss in event CCSICombinedCmdManager Cyclic Event. Time Overrun is 7358 us[EOL]
[2026-09-22T08:49:15.081757Z][APM_I.barcodereader][W][2330306][134]CRTCyclicEvent.cpp:TimeMissed():101|Cycle miss in event CCSICombinedRepManager. Time Overrun is 7358 us[EOL]
[2026-09-22T08:49:19.309668Z][APM_I.newgen-amplificationplatemagazine][W][2330306][140]CRTCyclicEvent.cpp:TimeMissed():101|Cycle miss in event CCSICombinedCmdManager Cyclic Event. Time Overrun is 1801 us[EOL]
[2026-09-22T08:49:19.309700Z][APM_I.newgen-amplificationplatemagazine][W][2330306][140]CRTCyclicEvent.cpp:TimeMissed():101|Cycle miss in event CCSICombinedRepManager. Time Overrun is 1801 us[EOL]
[2026-09-22T08:49:20.829599Z][APM_I.barcodereader][W][2330306][134]CRTCyclicEvent.cpp:TimeMissed():101|Cycle miss in event CCSICombinedCmdManager Cyclic Event. Time Overrun is 15262 us[EOL]
[2026-09-22T08:49:20.829621Z][APM_I.barcodereader][W][2330306][134]CRTCyclicEvent.cpp:TimeMissed():101|Cycle miss in event CCSICombinedRepManager. Time Overrun is 15262 us[EOL]
[2026-09-22T08:49:24.303052Z][APM_I.barcodereader][W][2330306][134]CRTCyclicEvent.cpp:TimeMissed():101|Cycle miss in event CCSICombinedCmdManager Cyclic Event. Time Overrun is 18715 us[EOL]
[2026-09-22T08:49:24.303090Z][APM_I.barcodereader][W][2330306][134]CRTCyclicEvent.cpp:TimeMissed():101|Cycle miss in event CCSICombinedRepManager. Time Overrun is 18715 us[EOL]
[2026-09-22T08:49:24.299100Z][APM_I.newgen-amplificationplatemagazine][W][2330306][140]CRTCyclicEvent.cpp:TimeMissed():101|Cycle miss in event CCSICombinedCmdManager Cyclic Event. Time Overrun is 11234 us[EOL]
[2026-09-22T08:49:24.299121Z][APM_I.newgen-amplificationplatemagazine][W][2330306][140]CRTCyclicEvent.cpp:TimeMissed():101|Cycle miss in event CCSICombinedRepManager. Time Overrun is 11234 us[EOL]
[2026-09-22T08:49:24.418489Z][APM_I.barcodereader][W][2330306][134]CRTCyclicEvent.cpp:TimeMissed():101|Cycle miss in event CCSICombinedCmdManager Cyclic Event. Time Overrun is 4147 us[EOL]
[2026-09-22T08:49:24.420326Z][APM_I.newgen-amplificationplatemagazine][W][2330306][140]CRTCyclicEvent.cpp:TimeMissed():101|Cycle miss in event CCSICombinedCmdManager Cyclic Event. Time Overrun is 2458 us[EOL]
[2026-09-22T08:49:24.418511Z][APM_I.barcodereader][W][2330306][134]CRTCyclicEvent.cpp:TimeMissed():101|Cycle miss in event CCSICombinedRepManager. Time Overrun is 4147 us[EOL]
[2026-09-22T08:49:24.420361Z][APM_I.newgen-amplificationplatemagazine][W][2330306][140]CRTCyclicEvent.cpp:TimeMissed():101|Cycle miss in event CCSICombinedRepManager. Time Overrun is 2458 us[EOL]
[2026-09-22T08:49:26.598560Z][APM_I.newgen-amplificationplatemagazine][W][2330306][140]CRTCyclicEvent.cpp:TimeMissed():101|Cycle miss in event CCSICombinedCmdManager Cyclic Event. Time Overrun is 10694 us[EOL]
[2026-09-22T08:49:26.598586Z][APM_I.newgen-amplificationplatemagazine][W][2330306][140]CRTCyclicEvent.cpp:TimeMissed():101|Cycle miss in event CCSICombinedRepManager. Time Overrun is 10694 us[EOL]
[2026-09-22T08:49:26.598810Z][APM_I.barcodereader][W][2330306][134]CRTCyclicEvent.cpp:TimeMissed():101|Cycle miss in event CCSICombinedCmdManager Cyclic Event. Time Overrun is 14463 us[EOL]
[2026-09-22T08:49:26.598858Z][APM_I.barcodereader][W][2330306][134]CRTCyclicEvent.cpp:TimeMissed():101|Cycle miss in event CCSICombinedRepManager. Time Overrun is 14463 us[EOL]
[2026-09-22T08:49:27.179517Z][APM_I.barcodereader][W][2330306][134]CRTCyclicEvent.cpp:TimeMissed():101|Cycle miss in event CCSICombinedCmdManager Cyclic Event. Time Overrun is 15181 us[EOL]
[2026-09-22T08:49:27.183371Z][APM_I.newgen-amplificationplatemagazine][W][2330306][140]CRTCyclicEvent.cpp:TimeMissed():101|Cycle miss in event CCSICombinedCmdManager Cyclic Event. Time Overrun is 15506 us[EOL]
[2026-09-22T08:49:27.183395Z][APM_I.newgen-amplificationplatemagazine][W][2330306][140]CRTCyclicEvent.cpp:TimeMissed():101|Cycle miss in event CCSICombinedRepManager. Time Overrun is 15506 us[EOL]
[2026-09-22T08:49:27.179537Z][APM_I.barcodereader][W][2330306][134]CRTCyclicEvent.cpp:TimeMissed():101|Cycle miss in event CCSICombinedRepManager. Time Overrun is 15181 us[EOL]
[2026-09-22T08:49:28.368033Z][APM_I.barcodereader][W][2330306][134]CRTCyclicEvent.cpp:TimeMissed():101|Cycle miss in event CCSICombinedCmdManager Cyclic Event. Time Overrun is 13697 us[EOL]
[2026-09-22T08:49:28.368079Z][APM_I.barcodereader][W][2330306][134]CRTCyclicEvent.cpp:TimeMissed():101|Cycle miss in event CCSICombinedRepManager. Time Overrun is 13697 us[EOL]
[2026-09-22T08:49:28.367410Z][APM_I.newgen-amplificationplatemagazine][W][2330306][140]CRTCyclicEvent.cpp:TimeMissed():101|Cycle miss in event CCSICombinedCmdManager Cyclic Event. Time Overrun is 19545 us[EOL]
[2026-09-22T08:49:28.367434Z][APM_I.newgen-amplificationplatemagazine][W][2330306][140]CRTCyclicEvent.cpp:TimeMissed():101|Cycle miss in event CCSICombinedRepManager. Time Overrun is 19545 us[EOL]
[2026-09-22T08:49:28.677983Z][APM_I.newgen-amplificationplatemagazine][I][2560016][140]IMessageHandler.h:operator()():40|Received RabbitMqMessage Roche.MolLab.InstrumentState.Ping. Content: {"Timestamp":"2026-09-22T08:49:28.6746951Z","PingId":"IS39"}[EOL]
[2026-09-22T08:49:28.678035Z][APM_I.newgen-amplificationplatemagazine][I][844444436][140]UnitCommunicator.cpp:SendEvent():424|Publishing event: type=Roche.c68_8800.AmplificationPlateMagazine.I.Echo correlation_id=(n/a)[EOL]
[2026-09-22T08:49:28.678062Z][APM_I.newgen-amplificationplatemagazine][I][2560017][140]MessageSender.h:SendEvent():105|Sent RabbitMqEvent Roche.c68_8800.AmplificationPlateMagazine.I.Echo. Content: {"Timestamp":"2026-09-22T08:49:28.678027Z","MagazineId":"I","PingId":"IS39"}[EOL]
[2026-09-22T08:49:28.798178Z][APM_I.newgen-amplificationplatemagazine][W][2330306][140]CRTCyclicEvent.cpp:TimeMissed():101|Cycle miss in event CCSICombinedCmdManager Cyclic Event. Time Overrun is 300 us[EOL]
[2026-09-22T08:49:28.798258Z][APM_I.newgen-amplificationplatemagazine][W][2330306][140]CRTCyclicEvent.cpp:TimeMissed():101|Cycle miss in event CCSICombinedRepManager. Time Overrun is 300 us[EOL]
[2026-09-22T08:49:31.595673Z][APM_I.barcodereader][W][2330306][134]CRTCyclicEvent.cpp:TimeMissed():101|Cycle miss in event CCSICombinedCmdManager Cyclic Event. Time Overrun is 1336 us[EOL]
[2026-09-22T08:49:31.595712Z][APM_I.barcodereader][W][2330306][134]CRTCyclicEvent.cpp:TimeMissed():101|Cycle miss in event CCSICombinedRepManager. Time Overrun is 1336 us[EOL]
[2026-09-22T08:49:32.031935Z][APM_I.newgen-amplificationplatemagazine][W][2330306][140]CRTCyclicEvent.cpp:TimeMissed():101|Cycle miss in event CCSICombinedCmdManager Cyclic Event. Time Overrun is 14067 us[EOL]
[2026-09-22T08:49:32.007348Z][APM_I.barcodereader][W][2330306][134]CRTCyclicEvent.cpp:TimeMissed():101|Cycle miss in event CCSICombinedCmdManager Cyclic Event. Time Overrun is 3010 us[EOL]
[2026-09-22T08:49:32.031973Z][APM_I.newgen-amplificationplatemagazine][W][2330306][140]CRTCyclicEvent.cpp:TimeMissed():101|Cycle miss in event CCSICombinedRepManager. Time Overrun is 14067 us[EOL]
[2026-09-22T08:49:32.007379Z][APM_I.barcodereader][W][2330306][134]CRTCyclicEvent.cpp:TimeMissed():101|Cycle miss in event CCSICombinedRepManager. Time Overrun is 3010 us[EOL]
[2026-09-22T08:49:33.219574Z][APM_I.newgen-amplificationplatemagazine][W][2330306][140]CRTCyclicEvent.cpp:TimeMissed():101|Cycle miss in event CCSICombinedCmdManager Cyclic Event. Time Overrun is 1706 us[EOL]
[2026-09-22T08:49:33.219618Z][APM_I.newgen-amplificationplatemagazine][W][2330306][140]CRTCyclicEvent.cpp:TimeMissed():101|Cycle miss in event CCSICombinedRepManager. Time Overrun is 1706 us[EOL]
[2026-09-22T08:49:37.949586Z][APM_I.barcodereader][W][2330306][134]CRTCyclicEvent.cpp:TimeMissed():101|Cycle miss in event CCSICombinedCmdManager Cyclic Event. Time Overrun is 25250 us[EOL]
[2026-09-22T08:49:37.949313Z][APM_I.newgen-amplificationplatemagazine][W][2330306][140]CRTCyclicEvent.cpp:TimeMissed():101|Cycle miss in event CCSICombinedCmdManager Cyclic Event. Time Overrun is 21446 us[EOL]
[2026-09-22T08:49:37.949340Z][APM_I.newgen-amplificationplatemagazine][W][2330306][140]CRTCyclicEvent.cpp:TimeMissed():101|Cycle miss in event CCSICombinedRepManager. Time Overrun is 21446 us[EOL]
[2026-09-22T08:49:37.949615Z][APM_I.barcodereader][W][2330306][134]CRTCyclicEvent.cpp:TimeMissed():101|Cycle miss in event CCSICombinedRepManager. Time Overrun is 25250 us[EOL]
[2026-09-22T08:49:43.601643Z][APM_I.newgen-amplificationplatemagazine][W][2330306][140]CRTCyclicEvent.cpp:TimeMissed():101|Cycle miss in event CCSICombinedCmdManager Cyclic Event. Time Overrun is 13773 us[EOL]
[2026-09-22T08:49:43.601965Z][APM_I.newgen-amplificationplatemagazine][W][2330306][140]CRTCyclicEvent.cpp:TimeMissed():101|Cycle miss in event CCSICombinedRepManager. Time Overrun is 13773 us[EOL]
[2026-09-22T08:49:43.602716Z][APM_I.barcodereader][W][2330306][134]CRTCyclicEvent.cpp:TimeMissed():101|Cycle miss in event CCSICombinedCmdManager Cyclic Event. Time Overrun is 18380 us[EOL]
[2026-09-22T08:49:43.602811Z][APM_I.barcodereader][W][2330306][134]CRTCyclicEvent.cpp:TimeMissed():101|Cycle miss in event CCSICombinedRepManager. Time Overrun is 18380 us[EOL]
[2026-09-22T08:49:45.917205Z][APM_I.barcodereader][W][2330306][134]CRTCyclicEvent.cpp:TimeMissed():101|Cycle miss in event CCSICombinedCmdManager Cyclic Event. Time Overrun is 2853 us[EOL]
[2026-09-22T08:49:45.917232Z][APM_I.barcodereader][W][2330306][134]CRTCyclicEvent.cpp:TimeMissed():101|Cycle miss in event CCSICombinedRepManager. Time Overrun is 2853 us[EOL]
[2026-09-22T08:49:46.757437Z][APM_I.barcodereader][W][2330306][134]CRTCyclicEvent.cpp:TimeMissed():101|Cycle miss in event CCSICombinedCmdManager Cyclic Event. Time Overrun is 13099 us[EOL]
[2026-09-22T08:49:46.757471Z][APM_I.barcodereader][W][2330306][134]CRTCyclicEvent.cpp:TimeMissed():101|Cycle miss in event CCSICombinedRepManager. Time Overrun is 13099 us[EOL]
[2026-09-22T08:49:46.760412Z][APM_I.newgen-amplificationplatemagazine][W][2330306][140]CRTCyclicEvent.cpp:TimeMissed():101|Cycle miss in event CCSICombinedCmdManager Cyclic Event. Time Overrun is 12543 us[EOL]
[2026-09-22T08:49:46.760510Z][APM_I.newgen-amplificationplatemagazine][W][2330306][140]CRTCyclicEvent.cpp:TimeMissed():101|Cycle miss in event CCSICombinedRepManager. Time Overrun is 12543 us[EOL]
[2026-09-22T08:49:50.490519Z][APM_I.newgen-amplificationplatemagazine][W][2330306][140]CRTCyclicEvent.cpp:TimeMissed():101|Cycle miss in event CCSICombinedCmdManager Cyclic Event. Time Overrun is 2653 us[EOL]
[2026-09-22T08:49:50.490545Z][APM_I.newgen-amplificationplatemagazine][W][2330306][140]CRTCyclicEvent.cpp:TimeMissed():101|Cycle miss in event CCSICombinedRepManager. Time Overrun is 2653 us[EOL]
[2026-09-22T08:49:50.569022Z][APM_I.barcodereader][W][2330306][134]CRTCyclicEvent.cpp:TimeMissed():101|Cycle miss in event CCSICombinedCmdManager Cyclic Event. Time Overrun is 14686 us[EOL]
[2026-09-22T08:49:50.569042Z][APM_I.barcodereader][W][2330306][134]CRTCyclicEvent.cpp:TimeMissed():101|Cycle miss in event CCSICombinedRepManager. Time Overrun is 14686 us[EOL]
[2026-09-22T08:49:50.998036Z][APM_I.barcodereader][W][2330306][134]CRTCyclicEvent.cpp:TimeMissed():101|Cycle miss in event CCSICombinedCmdManager Cyclic Event. Time Overrun is 13694 us[EOL]
[2026-09-22T08:49:50.998503Z][APM_I.newgen-amplificationplatemagazine][W][2330306][140]CRTCyclicEvent.cpp:TimeMissed():101|Cycle miss in event CCSICombinedCmdManager Cyclic Event. Time Overrun is 10629 us[EOL]
[2026-09-22T08:49:50.998563Z][APM_I.newgen-amplificationplatemagazine][W][2330306][140]CRTCyclicEvent.cpp:TimeMissed():101|Cycle miss in event CCSICombinedRepManager. Time Overrun is 10629 us[EOL]
[2026-09-22T08:49:50.998217Z][APM_I.barcodereader][W][2330306][134]CRTCyclicEvent.cpp:TimeMissed():101|Cycle miss in event CCSICombinedRepManager. Time Overrun is 13694 us[EOL]
[2026-09-22T08:49:54.540812Z][APM_I.newgen-amplificationplatemagazine][W][2330306][140]CRTCyclicEvent.cpp:TimeMissed():101|Cycle miss in event CCSICombinedCmdManager Cyclic Event. Time Overrun is 12942 us[EOL]
[2026-09-22T08:49:54.539785Z][APM_I.barcodereader][W][2330306][134]CRTCyclicEvent.cpp:TimeMissed():101|Cycle miss in event CCSICombinedCmdManager Cyclic Event. Time Overrun is 15443 us[EOL]
[2026-09-22T08:49:54.539817Z][APM_I.barcodereader][W][2330306][134]CRTCyclicEvent.cpp:TimeMissed():101|Cycle miss in event CCSICombinedRepManager. Time Overrun is 15443 us[EOL]
[2026-09-22T08:49:54.541003Z][APM_I.newgen-amplificationplatemagazine][W][2330306][140]CRTCyclicEvent.cpp:TimeMissed():101|Cycle miss in event CCSICombinedRepManager. Time Overrun is 12942 us[EOL]
[2026-09-22T08:49:55.563161Z][APM_I.newgen-amplificationplatemagazine][W][2330306][140]CRTCyclicEvent.cpp:TimeMissed():101|Cycle miss in event CCSICombinedCmdManager Cyclic Event. Time Overrun is 15294 us[EOL]
[2026-09-22T08:49:55.562914Z][APM_I.barcodereader][W][2330306][134]CRTCyclicEvent.cpp:TimeMissed():101|Cycle miss in event CCSICombinedCmdManager Cyclic Event. Time Overrun is 18577 us[EOL]
[2026-09-22T08:49:55.563188Z][APM_I.newgen-amplificationplatemagazine][W][2330306][140]CRTCyclicEvent.cpp:TimeMissed():101|Cycle miss in event CCSICombinedRepManager. Time Overrun is 15294 us[EOL]
[2026-09-22T08:49:55.562940Z][APM_I.barcodereader][W][2330306][134]CRTCyclicEvent.cpp:TimeMissed():101|Cycle miss in event CCSICombinedRepManager. Time Overrun is 18577 us[EOL]
[2026-09-22T08:49:58.681975Z][APM_I.newgen-amplificationplatemagazine][I][2560016][140]IMessageHandler.h:operator()():40|Received RabbitMqMessage Roche.MolLab.InstrumentState.Ping. Content: {"Timestamp":"2026-09-22T08:49:58.6750959Z","PingId":"IS40"}[EOL]
[2026-09-22T08:49:58.682004Z][APM_I.newgen-amplificationplatemagazine][I][844444436][140]UnitCommunicator.cpp:SendEvent():424|Publishing event: type=Roche.c68_8800.AmplificationPlateMagazine.I.Echo correlation_id=(n/a)[EOL]
[2026-09-22T08:49:58.682022Z][APM_I.newgen-amplificationplatemagazine][I][2560017][140]MessageSender.h:SendEvent():105|Sent RabbitMqEvent Roche.c68_8800.AmplificationPlateMagazine.I.Echo. Content: {"Timestamp":"2026-09-22T08:49:58.682000Z","MagazineId":"I","PingId":"IS40"}[EOL]
[2026-09-22T08:50:27.868829Z][APM_I.newgen-amplificationplatemagazine][W][2330306][140]CRTCyclicEvent.cpp:TimeMissed():101|Cycle miss in event CCSICombinedCmdManager Cyclic Event. Time Overrun is 943 us[EOL]
[2026-09-22T08:50:27.868893Z][APM_I.newgen-amplificationplatemagazine][W][2330306][140]CRTCyclicEvent.cpp:TimeMissed():101|Cycle miss in event CCSICombinedRepManager. Time Overrun is 943 us[EOL]
[2026-09-22T08:50:28.692160Z][APM_I.newgen-amplificationplatemagazine][I][2560016][140]IMessageHandler.h:operator()():40|Received RabbitMqMessage Roche.MolLab.InstrumentState.Ping. Content: {"Timestamp":"2026-09-22T08:50:28.6732287Z","PingId":"IS41"}[EOL]
[2026-09-22T08:50:28.692197Z][APM_I.newgen-amplificationplatemagazine][I][844444436][140]UnitCommunicator.cpp:SendEvent():424|Publishing event: type=Roche.c68_8800.AmplificationPlateMagazine.I.Echo correlation_id=(n/a)[EOL]
[2026-09-22T08:50:28.692216Z][APM_I.newgen-amplificationplatemagazine][I][2560017][140]MessageSender.h:SendEvent():105|Sent RabbitMqEvent Roche.c68_8800.AmplificationPlateMagazine.I.Echo. Content: {"Timestamp":"2026-09-22T08:50:28.692192Z","MagazineId":"I","PingId":"IS41"}[EOL]
[2026-09-22T08:50:32.590427Z][APM_I.barcodereader][W][2330306][134]CRTCyclicEvent.cpp:TimeMissed():101|Cycle miss in event CCSICombinedCmdManager Cyclic Event. Time Overrun is 26089 us[EOL]
[2026-09-22T08:50:32.590464Z][APM_I.barcodereader][W][2330306][134]CRTCyclicEvent.cpp:TimeMissed():101|Cycle miss in event CCSICombinedRepManager. Time Overrun is 26089 us[EOL]
[2026-09-22T08:50:37.106354Z][APM_I.barcodereader][W][2330306][134]CRTCyclicEvent.cpp:TimeMissed():101|Cycle miss in event CCSICombinedCmdManager Cyclic Event. Time Overrun is 1974 us[EOL]
[2026-09-22T08:50:37.106399Z][APM_I.barcodereader][W][2330306][134]CRTCyclicEvent.cpp:TimeMissed():101|Cycle miss in event CCSICombinedRepManager. Time Overrun is 1974 us[EOL]
[2026-09-22T08:50:58.679798Z][APM_I.newgen-amplificationplatemagazine][I][2560016][140]IMessageHandler.h:operator()():40|Received RabbitMqMessage Roche.MolLab.InstrumentState.Ping. Content: {"Timestamp":"2026-09-22T08:50:58.6750215Z","PingId":"IS42"}[EOL]
[2026-09-22T08:50:58.679851Z][APM_I.newgen-amplificationplatemagazine][I][844444436][140]UnitCommunicator.cpp:SendEvent():424|Publishing event: type=Roche.c68_8800.AmplificationPlateMagazine.I.Echo correlation_id=(n/a)[EOL]
[2026-09-22T08:50:58.679886Z][APM_I.newgen-amplificationplatemagazine][I][2560017][140]MessageSender.h:SendEvent():105|Sent RabbitMqEvent Roche.c68_8800.AmplificationPlateMagazine.I.Echo. Content: {"Timestamp":"2026-09-22T08:50:58.679843Z","MagazineId":"I","PingId":"IS42"}[EOL]
[2026-09-22T08:50:58.741588Z][APM_I.newgen-amplificationplatemagazine][W][2330306][140]CRTCyclicEvent.cpp:TimeMissed():101|Cycle miss in event CCSICombinedCmdManager Cyclic Event. Time Overrun is 3718 us[EOL]
[2026-09-22T08:50:58.741643Z][APM_I.newgen-amplificationplatemagazine][W][2330306][140]CRTCyclicEvent.cpp:TimeMissed():101|Cycle miss in event CCSICombinedRepManager. Time Overrun is 3718 us[EOL]
[2026-09-22T08:50:58.824811Z][APM_I.barcodereader][W][2330306][134]CRTCyclicEvent.cpp:TimeMissed():101|Cycle miss in event CCSICombinedCmdManager Cyclic Event. Time Overrun is 471 us[EOL]
[2026-09-22T08:50:58.824851Z][APM_I.barcodereader][W][2330306][134]CRTCyclicEvent.cpp:TimeMissed():101|Cycle miss in event CCSICombinedRepManager. Time Overrun is 471 us[EOL]
[2026-09-22T08:50:59.269133Z][APM_I.newgen-amplificationplatemagazine][W][2330306][140]CRTCyclicEvent.cpp:TimeMissed():101|Cycle miss in event CCSICombinedCmdManager Cyclic Event. Time Overrun is 1247 us[EOL]
[2026-09-22T08:50:59.269175Z][APM_I.newgen-amplificationplatemagazine][W][2330306][140]CRTCyclicEvent.cpp:TimeMissed():101|Cycle miss in event CCSICombinedRepManager. Time Overrun is 1247 us[EOL]
[2026-09-22T08:51:01.177368Z][APM_I.barcodereader][W][2330306][134]CRTCyclicEvent.cpp:TimeMissed():101|Cycle miss in event CCSICombinedCmdManager Cyclic Event. Time Overrun is 3030 us[EOL]
[2026-09-22T08:51:01.177462Z][APM_I.barcodereader][W][2330306][134]CRTCyclicEvent.cpp:TimeMissed():101|Cycle miss in event CCSICombinedRepManager. Time Overrun is 3030 us[EOL]
[2026-09-22T08:51:01.771317Z][APM_I.newgen-amplificationplatemagazine][W][2330306][140]CRTCyclicEvent.cpp:TimeMissed():101|Cycle miss in event CCSICombinedCmdManager Cyclic Event. Time Overrun is 3449 us[EOL]
[2026-09-22T08:51:01.771417Z][APM_I.newgen-amplificationplatemagazine][W][2330306][140]CRTCyclicEvent.cpp:TimeMissed():101|Cycle miss in event CCSICombinedRepManager. Time Overrun is 3449 us[EOL]
[2026-09-22T08:51:01.777538Z][APM_I.barcodereader][W][2330306][134]CRTCyclicEvent.cpp:TimeMissed():101|Cycle miss in event CCSICombinedCmdManager Cyclic Event. Time Overrun is 3199 us[EOL]
[2026-09-22T08:51:01.777651Z][APM_I.barcodereader][W][2330306][134]CRTCyclicEvent.cpp:TimeMissed():101|Cycle miss in event CCSICombinedRepManager. Time Overrun is 3199 us[EOL]
[2026-09-22T08:51:02.885013Z][APM_I.barcodereader][W][2330306][134]CRTCyclicEvent.cpp:TimeMissed():101|Cycle miss in event CCSICombinedCmdManager Cyclic Event. Time Overrun is 10648 us[EOL]
[2026-09-22T08:51:02.885058Z][APM_I.barcodereader][W][2330306][134]CRTCyclicEvent.cpp:TimeMissed():101|Cycle miss in event CCSICombinedRepManager. Time Overrun is 10648 us[EOL]
[2026-09-22T08:51:02.893966Z][APM_I.newgen-amplificationplatemagazine][W][2330306][140]CRTCyclicEvent.cpp:TimeMissed():101|Cycle miss in event CCSICombinedCmdManager Cyclic Event. Time Overrun is 16097 us[EOL]
[2026-09-22T08:51:02.894005Z][APM_I.newgen-amplificationplatemagazine][W][2330306][140]CRTCyclicEvent.cpp:TimeMissed():101|Cycle miss in event CCSICombinedRepManager. Time Overrun is 16097 us[EOL]
[2026-09-22T08:51:03.237735Z][APM_I.barcodereader][W][2330306][134]CRTCyclicEvent.cpp:TimeMissed():101|Cycle miss in event CCSICombinedCmdManager Cyclic Event. Time Overrun is 23396 us[EOL]
[2026-09-22T08:51:03.237946Z][APM_I.newgen-amplificationplatemagazine][W][2330306][140]CRTCyclicEvent.cpp:TimeMissed():101|Cycle miss in event CCSICombinedCmdManager Cyclic Event. Time Overrun is 20076 us[EOL]
[2026-09-22T08:51:03.237988Z][APM_I.newgen-amplificationplatemagazine][W][2330306][140]CRTCyclicEvent.cpp:TimeMissed():101|Cycle miss in event CCSICombinedRepManager. Time Overrun is 20076 us[EOL]
[2026-09-22T08:51:03.237781Z][APM_I.barcodereader][W][2330306][134]CRTCyclicEvent.cpp:TimeMissed():101|Cycle miss in event CCSICombinedRepManager. Time Overrun is 23396 us[EOL]
[2026-09-22T08:51:03.424294Z][APM_I.newgen-amplificationplatemagazine][W][2330306][140]CRTCyclicEvent.cpp:TimeMissed():101|Cycle miss in event CCSICombinedCmdManager Cyclic Event. Time Overrun is 6424 us[EOL]
[2026-09-22T08:51:03.424342Z][APM_I.newgen-amplificationplatemagazine][W][2330306][140]CRTCyclicEvent.cpp:TimeMissed():101|Cycle miss in event CCSICombinedRepManager. Time Overrun is 6424 us[EOL]
[2026-09-22T08:51:03.674614Z][APM_I.newgen-amplificationplatemagazine][W][2330306][140]CRTCyclicEvent.cpp:TimeMissed():101|Cycle miss in event CCSICombinedCmdManager Cyclic Event. Time Overrun is 6740 us[EOL]
[2026-09-22T08:51:03.674670Z][APM_I.newgen-amplificationplatemagazine][W][2330306][140]CRTCyclicEvent.cpp:TimeMissed():101|Cycle miss in event CCSICombinedRepManager. Time Overrun is 6740 us[EOL]
[2026-09-22T08:51:03.981193Z][APM_I.barcodereader][W][2330306][134]CRTCyclicEvent.cpp:TimeMissed():101|Cycle miss in event CCSICombinedCmdManager Cyclic Event. Time Overrun is 6854 us[EOL]
[2026-09-22T08:51:03.981233Z][APM_I.barcodereader][W][2330306][134]CRTCyclicEvent.cpp:TimeMissed():101|Cycle miss in event CCSICombinedRepManager. Time Overrun is 6854 us[EOL]
[2026-09-22T08:51:04.646124Z][APM_I.newgen-amplificationplatemagazine][W][2330306][140]CRTCyclicEvent.cpp:TimeMissed():101|Cycle miss in event CCSICombinedCmdManager Cyclic Event. Time Overrun is 8252 us[EOL]
[2026-09-22T08:51:04.646178Z][APM_I.newgen-amplificationplatemagazine][W][2330306][140]CRTCyclicEvent.cpp:TimeMissed():101|Cycle miss in event CCSICombinedRepManager. Time Overrun is 8252 us[EOL]
[2026-09-22T08:51:04.664364Z][APM_I.barcodereader][W][2330306][134]CRTCyclicEvent.cpp:TimeMissed():101|Cycle miss in event CCSICombinedCmdManager Cyclic Event. Time Overrun is 29953 us[EOL]
[2026-09-22T08:51:04.664410Z][APM_I.barcodereader][W][2330306][134]CRTCyclicEvent.cpp:TimeMissed():101|Cycle miss in event CCSICombinedRepManager. Time Overrun is 29953 us[EOL]
[2026-09-22T08:51:05.139859Z][APM_I.barcodereader][W][2330306][134]CRTCyclicEvent.cpp:TimeMissed():101|Cycle miss in event CCSICombinedCmdManager Cyclic Event. Time Overrun is 5521 us[EOL]
[2026-09-22T08:51:05.139894Z][APM_I.barcodereader][W][2330306][134]CRTCyclicEvent.cpp:TimeMissed():101|Cycle miss in event CCSICombinedRepManager. Time Overrun is 5521 us[EOL]
[2026-09-22T08:51:05.140140Z][APM_I.newgen-amplificationplatemagazine][W][2330306][140]CRTCyclicEvent.cpp:TimeMissed():101|Cycle miss in event CCSICombinedCmdManager Cyclic Event. Time Overrun is 2270 us[EOL]
[2026-09-22T08:51:05.140180Z][APM_I.newgen-amplificationplatemagazine][W][2330306][140]CRTCyclicEvent.cpp:TimeMissed():101|Cycle miss in event CCSICombinedRepManager. Time Overrun is 2270 us[EOL]
[2026-09-22T08:51:05.362670Z][APM_I.newgen-amplificationplatemagazine][W][2330306][140]CRTCyclicEvent.cpp:TimeMissed():101|Cycle miss in event CCSICombinedCmdManager Cyclic Event. Time Overrun is 4800 us[EOL]
[2026-09-22T08:51:05.362713Z][APM_I.newgen-amplificationplatemagazine][W][2330306][140]CRTCyclicEvent.cpp:TimeMissed():101|Cycle miss in event CCSICombinedRepManager. Time Overrun is 4800 us[EOL]
[2026-09-22T08:51:10.361629Z][APM_I.newgen-amplificationplatemagazine][W][2330306][140]CRTCyclicEvent.cpp:TimeMissed():101|Cycle miss in event CCSICombinedCmdManager Cyclic Event. Time Overrun is 3759 us[EOL]
[2026-09-22T08:51:10.361670Z][APM_I.newgen-amplificationplatemagazine][W][2330306][140]CRTCyclicEvent.cpp:TimeMissed():101|Cycle miss in event CCSICombinedRepManager. Time Overrun is 3759 us[EOL]
[2026-09-22T08:51:10.383934Z][APM_I.barcodereader][W][2330306][134]CRTCyclicEvent.cpp:TimeMissed():101|Cycle miss in event CCSICombinedCmdManager Cyclic Event. Time Overrun is 29595 us[EOL]
[2026-09-22T08:51:10.383978Z][APM_I.barcodereader][W][2330306][134]CRTCyclicEvent.cpp:TimeMissed():101|Cycle miss in event CCSICombinedRepManager. Time Overrun is 29595 us[EOL]
[2026-09-22T08:51:11.077437Z][APM_I.newgen-amplificationplatemagazine][W][2330306][140]CRTCyclicEvent.cpp:TimeMissed():101|Cycle miss in event CCSICombinedCmdManager Cyclic Event. Time Overrun is 19544 us[EOL]
[2026-09-22T08:51:11.077479Z][APM_I.newgen-amplificationplatemagazine][W][2330306][140]CRTCyclicEvent.cpp:TimeMissed():101|Cycle miss in event CCSICombinedRepManager. Time Overrun is 19544 us[EOL]
[2026-09-22T08:51:11.661904Z][APM_I.newgen-amplificationplatemagazine][W][2330306][140]CRTCyclicEvent.cpp:TimeMissed():101|Cycle miss in event CCSICombinedCmdManager Cyclic Event. Time Overrun is 4035 us[EOL]
[2026-09-22T08:51:11.661938Z][APM_I.newgen-amplificationplatemagazine][W][2330306][140]CRTCyclicEvent.cpp:TimeMissed():101|Cycle miss in event CCSICombinedRepManager. Time Overrun is 4035 us[EOL]
[2026-09-22T08:51:13.110496Z][APM_I.barcodereader][W][2330306][134]CRTCyclicEvent.cpp:TimeMissed():101|Cycle miss in event CCSICombinedCmdManager Cyclic Event. Time Overrun is 16158 us[EOL]
[2026-09-22T08:51:13.101494Z][APM_I.newgen-amplificationplatemagazine][W][2330306][140]CRTCyclicEvent.cpp:TimeMissed():101|Cycle miss in event CCSICombinedCmdManager Cyclic Event. Time Overrun is 3624 us[EOL]
[2026-09-22T08:51:13.102956Z][APM_I.newgen-amplificationplatemagazine][W][2330306][140]CRTCyclicEvent.cpp:TimeMissed():101|Cycle miss in event CCSICombinedRepManager. Time Overrun is 3624 us[EOL]
[2026-09-22T08:51:13.110529Z][APM_I.barcodereader][W][2330306][134]CRTCyclicEvent.cpp:TimeMissed():101|Cycle miss in event CCSICombinedRepManager. Time Overrun is 16158 us[EOL]
[2026-09-22T08:51:13.349167Z][APM_I.barcodereader][W][2330306][134]CRTCyclicEvent.cpp:TimeMissed():101|Cycle miss in event CCSICombinedCmdManager Cyclic Event. Time Overrun is 4827 us[EOL]
[2026-09-22T08:51:13.349206Z][APM_I.barcodereader][W][2330306][134]CRTCyclicEvent.cpp:TimeMissed():101|Cycle miss in event CCSICombinedRepManager. Time Overrun is 4827 us[EOL]
[2026-09-22T08:51:13.348069Z][APM_I.newgen-amplificationplatemagazine][W][2330306][140]CRTCyclicEvent.cpp:TimeMissed():101|Cycle miss in event CCSICombinedCmdManager Cyclic Event. Time Overrun is 198 us[EOL]
[2026-09-22T08:51:13.348109Z][APM_I.newgen-amplificationplatemagazine][W][2330306][140]CRTCyclicEvent.cpp:TimeMissed():101|Cycle miss in event CCSICombinedRepManager. Time Overrun is 198 us[EOL]
[2026-09-22T08:51:24.367412Z][APM_I.barcodereader][W][2330306][134]CRTCyclicEvent.cpp:TimeMissed():101|Cycle miss in event CCSICombinedCmdManager Cyclic Event. Time Overrun is 3075 us[EOL]
[2026-09-22T08:51:24.367436Z][APM_I.barcodereader][W][2330306][134]CRTCyclicEvent.cpp:TimeMissed():101|Cycle miss in event CCSICombinedRepManager. Time Overrun is 3075 us[EOL]
[2026-09-22T08:51:28.683882Z][APM_I.newgen-amplificationplatemagazine][I][2560016][140]IMessageHandler.h:operator()():40|Received RabbitMqMessage Roche.MolLab.InstrumentState.Ping. Content: {"Timestamp":"2026-09-22T08:51:28.673576Z","PingId":"IS43"}[EOL]
[2026-09-22T08:51:28.683916Z][APM_I.newgen-amplificationplatemagazine][I][844444436][140]UnitCommunicator.cpp:SendEvent():424|Publishing event: type=Roche.c68_8800.AmplificationPlateMagazine.I.Echo correlation_id=(n/a)[EOL]
[2026-09-22T08:51:28.683933Z][APM_I.newgen-amplificationplatemagazine][I][2560017][140]MessageSender.h:SendEvent():105|Sent RabbitMqEvent Roche.c68_8800.AmplificationPlateMagazine.I.Echo. Content: {"Timestamp":"2026-09-22T08:51:28.683911Z","MagazineId":"I","PingId":"IS43"}[EOL]
[2026-09-22T08:51:29.433539Z][APM_I.newgen-amplificationplatemagazine][W][2330306][140]CRTCyclicEvent.cpp:TimeMissed():101|Cycle miss in event CCSICombinedCmdManager Cyclic Event. Time Overrun is 5670 us[EOL]
[2026-09-22T08:51:29.433575Z][APM_I.newgen-amplificationplatemagazine][W][2330306][140]CRTCyclicEvent.cpp:TimeMissed():101|Cycle miss in event CCSICombinedRepManager. Time Overrun is 5670 us[EOL]
[2026-09-22T08:51:29.425916Z][APM_I.barcodereader][W][2330306][134]CRTCyclicEvent.cpp:TimeMissed():101|Cycle miss in event CCSICombinedCmdManager Cyclic Event. Time Overrun is 1578 us[EOL]
[2026-09-22T08:51:29.425953Z][APM_I.barcodereader][W][2330306][134]CRTCyclicEvent.cpp:TimeMissed():101|Cycle miss in event CCSICombinedRepManager. Time Overrun is 1578 us[EOL]
[2026-09-22T08:51:30.465721Z][APM_I.newgen-amplificationplatemagazine][W][2330306][140]CRTCyclicEvent.cpp:TimeMissed():101|Cycle miss in event CCSICombinedCmdManager Cyclic Event. Time Overrun is 7853 us[EOL]
[2026-09-22T08:51:30.465769Z][APM_I.newgen-amplificationplatemagazine][W][2330306][140]CRTCyclicEvent.cpp:TimeMissed():101|Cycle miss in event CCSICombinedRepManager. Time Overrun is 7853 us[EOL]
[2026-09-22T08:51:35.485820Z][APM_I.barcodereader][W][2330306][134]CRTCyclicEvent.cpp:TimeMissed():101|Cycle miss in event CCSICombinedCmdManager Cyclic Event. Time Overrun is 1479 us[EOL]
[2026-09-22T08:51:35.485851Z][APM_I.barcodereader][W][2330306][134]CRTCyclicEvent.cpp:TimeMissed():101|Cycle miss in event CCSICombinedRepManager. Time Overrun is 1479 us[EOL]
[2026-09-22T08:51:38.946565Z][APM_I.barcodereader][W][2330306][134]CRTCyclicEvent.cpp:TimeMissed():101|Cycle miss in event CCSICombinedCmdManager Cyclic Event. Time Overrun is 2227 us[EOL]
[2026-09-22T08:51:38.946598Z][APM_I.barcodereader][W][2330306][134]CRTCyclicEvent.cpp:TimeMissed():101|Cycle miss in event CCSICombinedRepManager. Time Overrun is 2227 us[EOL]
[2026-09-22T08:51:39.894676Z][APM_I.barcodereader][W][2330306][134]CRTCyclicEvent.cpp:TimeMissed():101|Cycle miss in event CCSICombinedCmdManager Cyclic Event. Time Overrun is 332 us[EOL]
[2026-09-22T08:51:39.894729Z][APM_I.barcodereader][W][2330306][134]CRTCyclicEvent.cpp:TimeMissed():101|Cycle miss in event CCSICombinedRepManager. Time Overrun is 332 us[EOL]
[2026-09-22T08:51:58.688167Z][APM_I.newgen-amplificationplatemagazine][I][2560016][140]IMessageHandler.h:operator()():40|Received RabbitMqMessage Roche.MolLab.InstrumentState.Ping. Content: {"Timestamp":"2026-09-22T08:51:58.6754465Z","PingId":"IS44"}[EOL]
[2026-09-22T08:51:58.688408Z][APM_I.newgen-amplificationplatemagazine][I][844444436][140]UnitCommunicator.cpp:SendEvent():424|Publishing event: type=Roche.c68_8800.AmplificationPlateMagazine.I.Echo correlation_id=(n/a)[EOL]
[2026-09-22T08:51:58.688459Z][APM_I.newgen-amplificationplatemagazine][I][2560017][140]MessageSender.h:SendEvent():105|Sent RabbitMqEvent Roche.c68_8800.AmplificationPlateMagazine.I.Echo. Content: {"Timestamp":"2026-09-22T08:51:58.688392Z","MagazineId":"I","PingId":"IS44"}[EOL]
[2026-09-22T08:52:02.854470Z][APM_I.barcodereader][W][2330306][134]CRTCyclicEvent.cpp:TimeMissed():101|Cycle miss in event CCSICombinedCmdManager Cyclic Event. Time Overrun is 129 us[EOL]
[2026-09-22T08:52:02.854513Z][APM_I.barcodereader][W][2330306][134]CRTCyclicEvent.cpp:TimeMissed():101|Cycle miss in event CCSICombinedRepManager. Time Overrun is 129 us[EOL]
[2026-09-22T08:52:05.959148Z][APM_I.newgen-amplificationplatemagazine][W][2330306][140]CRTCyclicEvent.cpp:TimeMissed():101|Cycle miss in event CCSICombinedCmdManager Cyclic Event. Time Overrun is 1274 us[EOL]
[2026-09-22T08:52:05.959192Z][APM_I.newgen-amplificationplatemagazine][W][2330306][140]CRTCyclicEvent.cpp:TimeMissed():101|Cycle miss in event CCSICombinedRepManager. Time Overrun is 1274 us[EOL]
[2026-09-22T08:52:07.428320Z][APM_I.barcodereader][W][2330306][134]CRTCyclicEvent.cpp:TimeMissed():101|Cycle miss in event CCSICombinedCmdManager Cyclic Event. Time Overrun is 13982 us[EOL]
[2026-09-22T08:52:07.428348Z][APM_I.barcodereader][W][2330306][134]CRTCyclicEvent.cpp:TimeMissed():101|Cycle miss in event CCSICombinedRepManager. Time Overrun is 13982 us[EOL]
[2026-09-22T08:52:07.428914Z][APM_I.newgen-amplificationplatemagazine][W][2330306][140]CRTCyclicEvent.cpp:TimeMissed():101|Cycle miss in event CCSICombinedCmdManager Cyclic Event. Time Overrun is 11045 us[EOL]
[2026-09-22T08:52:07.428947Z][APM_I.newgen-amplificationplatemagazine][W][2330306][140]CRTCyclicEvent.cpp:TimeMissed():101|Cycle miss in event CCSICombinedRepManager. Time Overrun is 11045 us[EOL]
[2026-09-22T08:52:07.545177Z][APM_I.barcodereader][W][2330306][134]CRTCyclicEvent.cpp:TimeMissed():101|Cycle miss in event CCSICombinedCmdManager Cyclic Event. Time Overrun is 839 us[EOL]
[2026-09-22T08:52:07.545230Z][APM_I.barcodereader][W][2330306][134]CRTCyclicEvent.cpp:TimeMissed():101|Cycle miss in event CCSICombinedRepManager. Time Overrun is 839 us[EOL]
[2026-09-22T08:52:28.687563Z][APM_I.newgen-amplificationplatemagazine][I][2560016][140]IMessageHandler.h:operator()():40|Received RabbitMqMessage Roche.MolLab.InstrumentState.Ping. Content: {"Timestamp":"2026-09-22T08:52:28.6746619Z","PingId":"IS45"}[EOL]
[2026-09-22T08:52:28.687594Z][APM_I.newgen-amplificationplatemagazine][I][844444436][140]UnitCommunicator.cpp:SendEvent():424|Publishing event: type=Roche.c68_8800.AmplificationPlateMagazine.I.Echo correlation_id=(n/a)[EOL]
[2026-09-22T08:52:28.687624Z][APM_I.newgen-amplificationplatemagazine][I][2560017][140]MessageSender.h:SendEvent():105|Sent RabbitMqEvent Roche.c68_8800.AmplificationPlateMagazine.I.Echo. Content: {"Timestamp":"2026-09-22T08:52:28.687589Z","MagazineId":"I","PingId":"IS45"}[EOL]
[2026-09-22T08:52:45.618973Z][APM_I.newgen-amplificationplatemagazine][W][2330306][140]CRTCyclicEvent.cpp:TimeMissed():101|Cycle miss in event CCSICombinedCmdManager Cyclic Event. Time Overrun is 1106 us[EOL]
[2026-09-22T08:52:45.619039Z][APM_I.newgen-amplificationplatemagazine][W][2330306][140]CRTCyclicEvent.cpp:TimeMissed():101|Cycle miss in event CCSICombinedRepManager. Time Overrun is 1106 us[EOL]
[2026-09-22T08:52:54.853750Z][APM_I.newgen-amplificationplatemagazine][W][2330306][140]CRTCyclicEvent.cpp:TimeMissed():101|Cycle miss in event CCSICombinedCmdManager Cyclic Event. Time Overrun is 15879 us[EOL]
[2026-09-22T08:52:54.853787Z][APM_I.newgen-amplificationplatemagazine][W][2330306][140]CRTCyclicEvent.cpp:TimeMissed():101|Cycle miss in event CCSICombinedRepManager. Time Overrun is 15879 us[EOL]
[2026-09-22T08:52:55.825134Z][APM_I.newgen-amplificationplatemagazine][W][2330306][140]CRTCyclicEvent.cpp:TimeMissed():101|Cycle miss in event CCSICombinedCmdManager Cyclic Event. Time Overrun is 7267 us[EOL]
[2026-09-22T08:52:55.825169Z][APM_I.newgen-amplificationplatemagazine][W][2330306][140]CRTCyclicEvent.cpp:TimeMissed():101|Cycle miss in event CCSICombinedRepManager. Time Overrun is 7267 us[EOL]
[2026-09-22T08:52:58.693400Z][APM_I.newgen-amplificationplatemagazine][I][2560016][140]IMessageHandler.h:operator()():40|Received RabbitMqMessage Roche.MolLab.InstrumentState.Ping. Content: {"Timestamp":"2026-09-22T08:52:58.6739846Z","PingId":"IS46"}[EOL]
[2026-09-22T08:52:58.693462Z][APM_I.newgen-amplificationplatemagazine][I][844444436][140]UnitCommunicator.cpp:SendEvent():424|Publishing event: type=Roche.c68_8800.AmplificationPlateMagazine.I.Echo correlation_id=(n/a)[EOL]
[2026-09-22T08:52:58.693493Z][APM_I.newgen-amplificationplatemagazine][I][2560017][140]MessageSender.h:SendEvent():105|Sent RabbitMqEvent Roche.c68_8800.AmplificationPlateMagazine.I.Echo. Content: {"Timestamp":"2026-09-22T08:52:58.693451Z","MagazineId":"I","PingId":"IS46"}[EOL]
[2026-09-22T08:53:01.030650Z][APM_I.barcodereader][W][2330306][134]CRTCyclicEvent.cpp:TimeMissed():101|Cycle miss in event CCSICombinedCmdManager Cyclic Event. Time Overrun is 6312 us[EOL]
[2026-09-22T08:53:01.030684Z][APM_I.barcodereader][W][2330306][134]CRTCyclicEvent.cpp:TimeMissed():101|Cycle miss in event CCSICombinedRepManager. Time Overrun is 6312 us[EOL]
[2026-09-22T08:53:16.253527Z][APM_I.newgen-amplificationplatemagazine][W][2330306][140]CRTCyclicEvent.cpp:TimeMissed():101|Cycle miss in event CCSICombinedCmdManager Cyclic Event. Time Overrun is 5659 us[EOL]
[2026-09-22T08:53:16.253556Z][APM_I.newgen-amplificationplatemagazine][W][2330306][140]CRTCyclicEvent.cpp:TimeMissed():101|Cycle miss in event CCSICombinedRepManager. Time Overrun is 5659 us[EOL]
[2026-09-22T08:53:23.610260Z][APM_I.newgen-amplificationplatemagazine][W][2330306][140]CRTCyclicEvent.cpp:TimeMissed():101|Cycle miss in event CCSICombinedCmdManager Cyclic Event. Time Overrun is 12393 us[EOL]
[2026-09-22T08:53:23.610297Z][APM_I.newgen-amplificationplatemagazine][W][2330306][140]CRTCyclicEvent.cpp:TimeMissed():101|Cycle miss in event CCSICombinedRepManager. Time Overrun is 12393 us[EOL]
[2026-09-22T08:53:23.611758Z][APM_I.barcodereader][W][2330306][134]CRTCyclicEvent.cpp:TimeMissed():101|Cycle miss in event CCSICombinedCmdManager Cyclic Event. Time Overrun is 7419 us[EOL]
[2026-09-22T08:53:23.611787Z][APM_I.barcodereader][W][2330306][134]CRTCyclicEvent.cpp:TimeMissed():101|Cycle miss in event CCSICombinedRepManager. Time Overrun is 7419 us[EOL]
[2026-09-22T08:53:28.688889Z][APM_I.newgen-amplificationplatemagazine][I][2560016][140]IMessageHandler.h:operator()():40|Received RabbitMqMessage Roche.MolLab.InstrumentState.Ping. Content: {"Timestamp":"2026-09-22T08:53:28.6752665Z","PingId":"IS47"}[EOL]
[2026-09-22T08:53:28.688942Z][APM_I.newgen-amplificationplatemagazine][I][844444436][140]UnitCommunicator.cpp:SendEvent():424|Publishing event: type=Roche.c68_8800.AmplificationPlateMagazine.I.Echo correlation_id=(n/a)[EOL]
[2026-09-22T08:53:28.688963Z][APM_I.newgen-amplificationplatemagazine][I][2560017][140]MessageSender.h:SendEvent():105|Sent RabbitMqEvent Roche.c68_8800.AmplificationPlateMagazine.I.Echo. Content: {"Timestamp":"2026-09-22T08:53:28.688931Z","MagazineId":"I","PingId":"IS47"}[EOL]
[2026-09-22T08:53:28.728036Z][APM_I.barcodereader][W][2330306][134]CRTCyclicEvent.cpp:TimeMissed():101|Cycle miss in event CCSICombinedCmdManager Cyclic Event. Time Overrun is 3700 us[EOL]
[2026-09-22T08:53:28.728062Z][APM_I.barcodereader][W][2330306][134]CRTCyclicEvent.cpp:TimeMissed():101|Cycle miss in event CCSICombinedRepManager. Time Overrun is 3700 us[EOL]
[2026-09-22T08:53:28.727787Z][APM_I.newgen-amplificationplatemagazine][W][2330306][140]CRTCyclicEvent.cpp:TimeMissed():101|Cycle miss in event CCSICombinedCmdManager Cyclic Event. Time Overrun is 9919 us[EOL]
[2026-09-22T08:53:28.727815Z][APM_I.newgen-amplificationplatemagazine][W][2330306][140]CRTCyclicEvent.cpp:TimeMissed():101|Cycle miss in event CCSICombinedRepManager. Time Overrun is 9919 us[EOL]
[2026-09-22T08:53:33.879459Z][APM_I.newgen-amplificationplatemagazine][W][2330306][140]CRTCyclicEvent.cpp:TimeMissed():101|Cycle miss in event CCSICombinedCmdManager Cyclic Event. Time Overrun is 1591 us[EOL]
[2026-09-22T08:53:33.879498Z][APM_I.newgen-amplificationplatemagazine][W][2330306][140]CRTCyclicEvent.cpp:TimeMissed():101|Cycle miss in event CCSICombinedRepManager. Time Overrun is 1591 us[EOL]
[2026-09-22T08:53:53.619495Z][APM_I.newgen-amplificationplatemagazine][W][2330306][140]CRTCyclicEvent.cpp:TimeMissed():101|Cycle miss in event CCSICombinedCmdManager Cyclic Event. Time Overrun is 11629 us[EOL]
[2026-09-22T08:53:53.619522Z][APM_I.newgen-amplificationplatemagazine][W][2330306][140]CRTCyclicEvent.cpp:TimeMissed():101|Cycle miss in event CCSICombinedRepManager. Time Overrun is 11629 us[EOL]
[2026-09-22T08:53:53.620024Z][APM_I.barcodereader][W][2330306][134]CRTCyclicEvent.cpp:TimeMissed():101|Cycle miss in event CCSICombinedCmdManager Cyclic Event. Time Overrun is 15686 us[EOL]
[2026-09-22T08:53:53.620056Z][APM_I.barcodereader][W][2330306][134]CRTCyclicEvent.cpp:TimeMissed():101|Cycle miss in event CCSICombinedRepManager. Time Overrun is 15686 us[EOL]
[2026-09-22T08:53:54.910261Z][APM_I.barcodereader][W][2330306][134]CRTCyclicEvent.cpp:TimeMissed():101|Cycle miss in event CCSICombinedCmdManager Cyclic Event. Time Overrun is 5923 us[EOL]
[2026-09-22T08:53:54.910389Z][APM_I.newgen-amplificationplatemagazine][W][2330306][140]CRTCyclicEvent.cpp:TimeMissed():101|Cycle miss in event CCSICombinedCmdManager Cyclic Event. Time Overrun is 2511 us[EOL]
[2026-09-22T08:53:54.910293Z][APM_I.barcodereader][W][2330306][134]CRTCyclicEvent.cpp:TimeMissed():101|Cycle miss in event CCSICombinedRepManager. Time Overrun is 5923 us[EOL]
[2026-09-22T08:53:54.910432Z][APM_I.newgen-amplificationplatemagazine][W][2330306][140]CRTCyclicEvent.cpp:TimeMissed():101|Cycle miss in event CCSICombinedRepManager. Time Overrun is 2511 us[EOL]
[2026-09-22T08:53:57.049755Z][APM_I.newgen-amplificationplatemagazine][W][2330306][140]CRTCyclicEvent.cpp:TimeMissed():101|Cycle miss in event CCSICombinedCmdManager Cyclic Event. Time Overrun is 21888 us[EOL]
[2026-09-22T08:53:57.049788Z][APM_I.newgen-amplificationplatemagazine][W][2330306][140]CRTCyclicEvent.cpp:TimeMissed():101|Cycle miss in event CCSICombinedRepManager. Time Overrun is 21888 us[EOL]
[2026-09-22T08:53:57.050032Z][APM_I.barcodereader][W][2330306][134]CRTCyclicEvent.cpp:TimeMissed():101|Cycle miss in event CCSICombinedCmdManager Cyclic Event. Time Overrun is 15680 us[EOL]
[2026-09-22T08:53:57.050101Z][APM_I.barcodereader][W][2330306][134]CRTCyclicEvent.cpp:TimeMissed():101|Cycle miss in event CCSICombinedRepManager. Time Overrun is 15680 us[EOL]
[2026-09-22T08:53:58.683401Z][APM_I.newgen-amplificationplatemagazine][I][2560016][140]IMessageHandler.h:operator()():40|Received RabbitMqMessage Roche.MolLab.InstrumentState.Ping. Content: {"Timestamp":"2026-09-22T08:53:58.673581Z","PingId":"IS48"}[EOL]
[2026-09-22T08:53:58.683433Z][APM_I.newgen-amplificationplatemagazine][I][844444436][140]UnitCommunicator.cpp:SendEvent():424|Publishing event: type=Roche.c68_8800.AmplificationPlateMagazine.I.Echo correlation_id=(n/a)[EOL]
[2026-09-22T08:53:58.683487Z][APM_I.newgen-amplificationplatemagazine][I][2560017][140]MessageSender.h:SendEvent():105|Sent RabbitMqEvent Roche.c68_8800.AmplificationPlateMagazine.I.Echo. Content: {"Timestamp":"2026-09-22T08:53:58.683428Z","MagazineId":"I","PingId":"IS48"}[EOL]
[2026-09-22T08:54:07.220377Z][APM_I.newgen-amplificationplatemagazine][W][2330306][140]CRTCyclicEvent.cpp:TimeMissed():101|Cycle miss in event CCSICombinedCmdManager Cyclic Event. Time Overrun is 12512 us[EOL]
[2026-09-22T08:54:07.220411Z][APM_I.newgen-amplificationplatemagazine][W][2330306][140]CRTCyclicEvent.cpp:TimeMissed():101|Cycle miss in event CCSICombinedRepManager. Time Overrun is 12512 us[EOL]
[2026-09-22T08:54:07.220782Z][APM_I.barcodereader][W][2330306][134]CRTCyclicEvent.cpp:TimeMissed():101|Cycle miss in event CCSICombinedCmdManager Cyclic Event. Time Overrun is 6446 us[EOL]
[2026-09-22T08:54:07.220808Z][APM_I.barcodereader][W][2330306][134]CRTCyclicEvent.cpp:TimeMissed():101|Cycle miss in event CCSICombinedRepManager. Time Overrun is 6446 us[EOL]
[2026-09-22T08:54:07.880544Z][APM_I.newgen-amplificationplatemagazine][W][2330306][140]CRTCyclicEvent.cpp:TimeMissed():101|Cycle miss in event CCSICombinedCmdManager Cyclic Event. Time Overrun is 2670 us[EOL]
[2026-09-22T08:54:07.880584Z][APM_I.newgen-amplificationplatemagazine][W][2330306][140]CRTCyclicEvent.cpp:TimeMissed():101|Cycle miss in event CCSICombinedRepManager. Time Overrun is 2670 us[EOL]
[2026-09-22T08:54:09.688560Z][APM_I.newgen-amplificationplatemagazine][W][2330306][140]CRTCyclicEvent.cpp:TimeMissed():101|Cycle miss in event CCSICombinedCmdManager Cyclic Event. Time Overrun is 679 us[EOL]
[2026-09-22T08:54:09.688616Z][APM_I.newgen-amplificationplatemagazine][W][2330306][140]CRTCyclicEvent.cpp:TimeMissed():101|Cycle miss in event CCSICombinedRepManager. Time Overrun is 679 us[EOL]
[2026-09-22T08:54:13.369969Z][APM_I.newgen-amplificationplatemagazine][W][2330306][140]CRTCyclicEvent.cpp:TimeMissed():101|Cycle miss in event CCSICombinedCmdManager Cyclic Event. Time Overrun is 2102 us[EOL]
[2026-09-22T08:54:13.370001Z][APM_I.newgen-amplificationplatemagazine][W][2330306][140]CRTCyclicEvent.cpp:TimeMissed():101|Cycle miss in event CCSICombinedRepManager. Time Overrun is 2102 us[EOL]
[2026-09-22T08:54:13.369717Z][APM_I.barcodereader][W][2330306][134]CRTCyclicEvent.cpp:TimeMissed():101|Cycle miss in event CCSICombinedCmdManager Cyclic Event. Time Overrun is 5380 us[EOL]
[2026-09-22T08:54:13.369744Z][APM_I.barcodereader][W][2330306][134]CRTCyclicEvent.cpp:TimeMissed():101|Cycle miss in event CCSICombinedRepManager. Time Overrun is 5380 us[EOL]
[2026-09-22T08:54:16.651922Z][APM_I.newgen-amplificationplatemagazine][W][2330306][140]CRTCyclicEvent.cpp:TimeMissed():101|Cycle miss in event CCSICombinedCmdManager Cyclic Event. Time Overrun is 4056 us[EOL]
[2026-09-22T08:54:16.651946Z][APM_I.newgen-amplificationplatemagazine][W][2330306][140]CRTCyclicEvent.cpp:TimeMissed():101|Cycle miss in event CCSICombinedRepManager. Time Overrun is 4056 us[EOL]
[2026-09-22T08:54:19.477413Z][APM_I.barcodereader][W][2330306][134]CRTCyclicEvent.cpp:TimeMissed():101|Cycle miss in event CCSICombinedCmdManager Cyclic Event. Time Overrun is 33076 us[EOL]
[2026-09-22T08:54:19.477436Z][APM_I.barcodereader][W][2330306][134]CRTCyclicEvent.cpp:TimeMissed():101|Cycle miss in event CCSICombinedRepManager. Time Overrun is 33076 us[EOL]
[2026-09-22T08:54:19.477494Z][APM_I.newgen-amplificationplatemagazine][W][2330306][140]CRTCyclicEvent.cpp:TimeMissed():101|Cycle miss in event CCSICombinedCmdManager Cyclic Event. Time Overrun is 29627 us[EOL]
[2026-09-22T08:54:19.477530Z][APM_I.newgen-amplificationplatemagazine][W][2330306][140]CRTCyclicEvent.cpp:TimeMissed():101|Cycle miss in event CCSICombinedRepManager. Time Overrun is 29627 us[EOL]
[2026-09-22T08:54:20.563772Z][APM_I.newgen-amplificationplatemagazine][W][2330306][140]CRTCyclicEvent.cpp:TimeMissed():101|Cycle miss in event CCSICombinedCmdManager Cyclic Event. Time Overrun is 15906 us[EOL]
[2026-09-22T08:54:20.564470Z][APM_I.barcodereader][W][2330306][134]CRTCyclicEvent.cpp:TimeMissed():101|Cycle miss in event CCSICombinedCmdManager Cyclic Event. Time Overrun is 10132 us[EOL]
[2026-09-22T08:54:20.564489Z][APM_I.barcodereader][W][2330306][134]CRTCyclicEvent.cpp:TimeMissed():101|Cycle miss in event CCSICombinedRepManager. Time Overrun is 10132 us[EOL]
[2026-09-22T08:54:20.563799Z][APM_I.newgen-amplificationplatemagazine][W][2330306][140]CRTCyclicEvent.cpp:TimeMissed():101|Cycle miss in event CCSICombinedRepManager. Time Overrun is 15906 us[EOL]
[2026-09-22T08:54:23.495072Z][APM_I.newgen-amplificationplatemagazine][W][2330306][140]CRTCyclicEvent.cpp:TimeMissed():101|Cycle miss in event CCSICombinedCmdManager Cyclic Event. Time Overrun is 7204 us[EOL]
[2026-09-22T08:54:23.494685Z][APM_I.barcodereader][W][2330306][134]CRTCyclicEvent.cpp:TimeMissed():101|Cycle miss in event CCSICombinedCmdManager Cyclic Event. Time Overrun is 10349 us[EOL]
[2026-09-22T08:54:23.494713Z][APM_I.barcodereader][W][2330306][134]CRTCyclicEvent.cpp:TimeMissed():101|Cycle miss in event CCSICombinedRepManager. Time Overrun is 10349 us[EOL]
[2026-09-22T08:54:23.495101Z][APM_I.newgen-amplificationplatemagazine][W][2330306][140]CRTCyclicEvent.cpp:TimeMissed():101|Cycle miss in event CCSICombinedRepManager. Time Overrun is 7204 us[EOL]
[2026-09-22T08:54:28.685030Z][APM_I.newgen-amplificationplatemagazine][I][2560016][140]IMessageHandler.h:operator()():40|Received RabbitMqMessage Roche.MolLab.InstrumentState.Ping. Content: {"Timestamp":"2026-09-22T08:54:28.6739602Z","PingId":"IS49"}[EOL]
[2026-09-22T08:54:28.685084Z][APM_I.newgen-amplificationplatemagazine][I][844444436][140]UnitCommunicator.cpp:SendEvent():424|Publishing event: type=Roche.c68_8800.AmplificationPlateMagazine.I.Echo correlation_id=(n/a)[EOL]
[2026-09-22T08:54:28.685218Z][APM_I.newgen-amplificationplatemagazine][I][2560017][140]MessageSender.h:SendEvent():105|Sent RabbitMqEvent Roche.c68_8800.AmplificationPlateMagazine.I.Echo. Content: {"Timestamp":"2026-09-22T08:54:28.685074Z","MagazineId":"I","PingId":"IS49"}[EOL]
[2026-09-22T08:54:36.439734Z][APM_I.newgen-amplificationplatemagazine][W][2330306][140]CRTCyclicEvent.cpp:TimeMissed():101|Cycle miss in event CCSICombinedCmdManager Cyclic Event. Time Overrun is 1866 us[EOL]
[2026-09-22T08:54:36.439776Z][APM_I.newgen-amplificationplatemagazine][W][2330306][140]CRTCyclicEvent.cpp:TimeMissed():101|Cycle miss in event CCSICombinedRepManager. Time Overrun is 1866 us[EOL]
[2026-09-22T08:54:38.567780Z][APM_I.barcodereader][W][2330306][134]CRTCyclicEvent.cpp:TimeMissed():101|Cycle miss in event CCSICombinedCmdManager Cyclic Event. Time Overrun is 3443 us[EOL]
[2026-09-22T08:54:38.567817Z][APM_I.barcodereader][W][2330306][134]CRTCyclicEvent.cpp:TimeMissed():101|Cycle miss in event CCSICombinedRepManager. Time Overrun is 3443 us[EOL]
[2026-09-22T08:54:38.567974Z][APM_I.newgen-amplificationplatemagazine][W][2330306][140]CRTCyclicEvent.cpp:TimeMissed():101|Cycle miss in event CCSICombinedCmdManager Cyclic Event. Time Overrun is 105 us[EOL]
[2026-09-22T08:54:38.568008Z][APM_I.newgen-amplificationplatemagazine][W][2330306][140]CRTCyclicEvent.cpp:TimeMissed():101|Cycle miss in event CCSICombinedRepManager. Time Overrun is 105 us[EOL]
[2026-09-22T08:54:42.728078Z][APM_I.barcodereader][W][2330306][134]CRTCyclicEvent.cpp:TimeMissed():101|Cycle miss in event CCSICombinedCmdManager Cyclic Event. Time Overrun is 3741 us[EOL]
[2026-09-22T08:54:42.728110Z][APM_I.barcodereader][W][2330306][134]CRTCyclicEvent.cpp:TimeMissed():101|Cycle miss in event CCSICombinedRepManager. Time Overrun is 3741 us[EOL]
[2026-09-22T08:54:42.728326Z][APM_I.newgen-amplificationplatemagazine][W][2330306][140]CRTCyclicEvent.cpp:TimeMissed():101|Cycle miss in event CCSICombinedCmdManager Cyclic Event. Time Overrun is 459 us[EOL]
[2026-09-22T08:54:42.728354Z][APM_I.newgen-amplificationplatemagazine][W][2330306][140]CRTCyclicEvent.cpp:TimeMissed():101|Cycle miss in event CCSICombinedRepManager. Time Overrun is 459 us[EOL]
[2026-09-22T08:54:58.682250Z][APM_I.newgen-amplificationplatemagazine][I][2560016][140]IMessageHandler.h:operator()():40|Received RabbitMqMessage Roche.MolLab.InstrumentState.Ping. Content: {"Timestamp":"2026-09-22T08:54:58.6734986Z","PingId":"IS50"}[EOL]
[2026-09-22T08:54:58.682289Z][APM_I.newgen-amplificationplatemagazine][I][844444436][140]UnitCommunicator.cpp:SendEvent():424|Publishing event: type=Roche.c68_8800.AmplificationPlateMagazine.I.Echo correlation_id=(n/a)[EOL]
[2026-09-22T08:54:58.682372Z][APM_I.newgen-amplificationplatemagazine][I][2560017][140]MessageSender.h:SendEvent():105|Sent RabbitMqEvent Roche.c68_8800.AmplificationPlateMagazine.I.Echo. Content: {"Timestamp":"2026-09-22T08:54:58.682284Z","MagazineId":"I","PingId":"IS50"}[EOL]
[2026-09-22T08:54:58.726301Z][APM_I.barcodereader][W][2330306][134]CRTCyclicEvent.cpp:TimeMissed():101|Cycle miss in event CCSICombinedCmdManager Cyclic Event. Time Overrun is 1951 us[EOL]
[2026-09-22T08:54:58.726346Z][APM_I.barcodereader][W][2330306][134]CRTCyclicEvent.cpp:TimeMissed():101|Cycle miss in event CCSICombinedRepManager. Time Overrun is 1951 us[EOL]
[2026-09-22T08:55:04.425704Z][APM_I.barcodereader][W][2330306][134]CRTCyclicEvent.cpp:TimeMissed():101|Cycle miss in event CCSICombinedCmdManager Cyclic Event. Time Overrun is 1367 us[EOL]
[2026-09-22T08:55:04.425732Z][APM_I.barcodereader][W][2330306][134]CRTCyclicEvent.cpp:TimeMissed():101|Cycle miss in event CCSICombinedRepManager. Time Overrun is 1367 us[EOL]
[2026-09-22T08:55:19.751320Z][APM_I.barcodereader][W][2330306][134]CRTCyclicEvent.cpp:TimeMissed():101|Cycle miss in event CCSICombinedCmdManager Cyclic Event. Time Overrun is 6985 us[EOL]
[2026-09-22T08:55:19.751357Z][APM_I.newgen-amplificationplatemagazine][W][2330306][140]CRTCyclicEvent.cpp:TimeMissed():101|Cycle miss in event CCSICombinedCmdManager Cyclic Event. Time Overrun is 3489 us[EOL]
[2026-09-22T08:55:19.751340Z][APM_I.barcodereader][W][2330306][134]CRTCyclicEvent.cpp:TimeMissed():101|Cycle miss in event CCSICombinedRepManager. Time Overrun is 6985 us[EOL]
[2026-09-22T08:55:19.751434Z][APM_I.newgen-amplificationplatemagazine][W][2330306][140]CRTCyclicEvent.cpp:TimeMissed():101|Cycle miss in event CCSICombinedRepManager. Time Overrun is 3489 us[EOL]
[2026-09-22T08:55:27.956776Z][APM_I.barcodereader][W][2330306][134]CRTCyclicEvent.cpp:TimeMissed():101|Cycle miss in event CCSICombinedCmdManager Cyclic Event. Time Overrun is 2438 us[EOL]
[2026-09-22T08:55:27.956809Z][APM_I.barcodereader][W][2330306][134]CRTCyclicEvent.cpp:TimeMissed():101|Cycle miss in event CCSICombinedRepManager. Time Overrun is 2438 us[EOL]
[2026-09-22T08:55:27.958253Z][APM_I.newgen-amplificationplatemagazine][W][2330306][140]CRTCyclicEvent.cpp:TimeMissed():101|Cycle miss in event CCSICombinedCmdManager Cyclic Event. Time Overrun is 387 us[EOL]
[2026-09-22T08:55:27.958285Z][APM_I.newgen-amplificationplatemagazine][W][2330306][140]CRTCyclicEvent.cpp:TimeMissed():101|Cycle miss in event CCSICombinedRepManager. Time Overrun is 387 us[EOL]
[2026-09-22T08:55:28.681727Z][APM_I.newgen-amplificationplatemagazine][I][2560016][140]IMessageHandler.h:operator()():40|Received RabbitMqMessage Roche.MolLab.InstrumentState.Ping. Content: {"Timestamp":"2026-09-22T08:55:28.6758861Z","PingId":"IS51"}[EOL]
[2026-09-22T08:55:28.681761Z][APM_I.newgen-amplificationplatemagazine][I][844444436][140]UnitCommunicator.cpp:SendEvent():424|Publishing event: type=Roche.c68_8800.AmplificationPlateMagazine.I.Echo correlation_id=(n/a)[EOL]
[2026-09-22T08:55:28.681779Z][APM_I.newgen-amplificationplatemagazine][I][2560017][140]MessageSender.h:SendEvent():105|Sent RabbitMqEvent Roche.c68_8800.AmplificationPlateMagazine.I.Echo. Content: {"Timestamp":"2026-09-22T08:55:28.681756Z","MagazineId":"I","PingId":"IS51"}[EOL]
[2026-09-22T08:55:31.412450Z][APM_I.barcodereader][W][2330306][134]CRTCyclicEvent.cpp:TimeMissed():101|Cycle miss in event CCSICombinedCmdManager Cyclic Event. Time Overrun is 7918 us[EOL]
[2026-09-22T08:55:31.412514Z][APM_I.barcodereader][W][2330306][134]CRTCyclicEvent.cpp:TimeMissed():101|Cycle miss in event CCSICombinedRepManager. Time Overrun is 7918 us[EOL]
[2026-09-22T08:55:37.860917Z][APM_I.newgen-amplificationplatemagazine][W][2330306][140]CRTCyclicEvent.cpp:TimeMissed():101|Cycle miss in event CCSICombinedCmdManager Cyclic Event. Time Overrun is 3050 us[EOL]
[2026-09-22T08:55:37.860529Z][APM_I.barcodereader][W][2330306][134]CRTCyclicEvent.cpp:TimeMissed():101|Cycle miss in event CCSICombinedCmdManager Cyclic Event. Time Overrun is 5917 us[EOL]
[2026-09-22T08:55:37.860953Z][APM_I.newgen-amplificationplatemagazine][W][2330306][140]CRTCyclicEvent.cpp:TimeMissed():101|Cycle miss in event CCSICombinedRepManager. Time Overrun is 3050 us[EOL]
[2026-09-22T08:55:37.860590Z][APM_I.barcodereader][W][2330306][134]CRTCyclicEvent.cpp:TimeMissed():101|Cycle miss in event CCSICombinedRepManager. Time Overrun is 5917 us[EOL]
[2026-09-22T08:55:40.725498Z][APM_I.barcodereader][W][2330306][134]CRTCyclicEvent.cpp:TimeMissed():101|Cycle miss in event CCSICombinedCmdManager Cyclic Event. Time Overrun is 1158 us[EOL]
[2026-09-22T08:55:40.725525Z][APM_I.barcodereader][W][2330306][134]CRTCyclicEvent.cpp:TimeMissed():101|Cycle miss in event CCSICombinedRepManager. Time Overrun is 1158 us[EOL]
[2026-09-22T08:55:46.522088Z][APM_I.barcodereader][W][2330306][134]CRTCyclicEvent.cpp:TimeMissed():101|Cycle miss in event CCSICombinedCmdManager Cyclic Event. Time Overrun is 7752 us[EOL]
[2026-09-22T08:55:46.521427Z][APM_I.newgen-amplificationplatemagazine][W][2330306][140]CRTCyclicEvent.cpp:TimeMissed():101|Cycle miss in event CCSICombinedCmdManager Cyclic Event. Time Overrun is 13558 us[EOL]
[2026-09-22T08:55:46.522127Z][APM_I.barcodereader][W][2330306][134]CRTCyclicEvent.cpp:TimeMissed():101|Cycle miss in event CCSICombinedRepManager. Time Overrun is 7752 us[EOL]
[2026-09-22T08:55:46.521452Z][APM_I.newgen-amplificationplatemagazine][W][2330306][140]CRTCyclicEvent.cpp:TimeMissed():101|Cycle miss in event CCSICombinedRepManager. Time Overrun is 13558 us[EOL]
[2026-09-22T08:55:54.645934Z][APM_I.newgen-amplificationplatemagazine][W][2330306][140]CRTCyclicEvent.cpp:TimeMissed():101|Cycle miss in event CCSICombinedCmdManager Cyclic Event. Time Overrun is 18068 us[EOL]
[2026-09-22T08:55:54.645965Z][APM_I.newgen-amplificationplatemagazine][W][2330306][140]CRTCyclicEvent.cpp:TimeMissed():101|Cycle miss in event CCSICombinedRepManager. Time Overrun is 18068 us[EOL]
[2026-09-22T08:55:54.647901Z][APM_I.barcodereader][W][2330306][134]CRTCyclicEvent.cpp:TimeMissed():101|Cycle miss in event CCSICombinedCmdManager Cyclic Event. Time Overrun is 13565 us[EOL]
[2026-09-22T08:55:54.647928Z][APM_I.barcodereader][W][2330306][134]CRTCyclicEvent.cpp:TimeMissed():101|Cycle miss in event CCSICombinedRepManager. Time Overrun is 13565 us[EOL]
[2026-09-22T08:55:57.864562Z][APM_I.barcodereader][W][2330306][134]CRTCyclicEvent.cpp:TimeMissed():101|Cycle miss in event CCSICombinedCmdManager Cyclic Event. Time Overrun is 224 us[EOL]
[2026-09-22T08:55:57.864598Z][APM_I.barcodereader][W][2330306][134]CRTCyclicEvent.cpp:TimeMissed():101|Cycle miss in event CCSICombinedRepManager. Time Overrun is 224 us[EOL]
[2026-09-22T08:55:58.700644Z][APM_I.newgen-amplificationplatemagazine][I][2560016][140]IMessageHandler.h:operator()():40|Received RabbitMqMessage Roche.MolLab.InstrumentState.Ping. Content: {"Timestamp":"2026-09-22T08:55:58.6739365Z","PingId":"IS52"}[EOL]
[2026-09-22T08:55:58.700700Z][APM_I.newgen-amplificationplatemagazine][I][844444436][140]UnitCommunicator.cpp:SendEvent():424|Publishing event: type=Roche.c68_8800.AmplificationPlateMagazine.I.Echo correlation_id=(n/a)[EOL]
[2026-09-22T08:55:58.700865Z][APM_I.newgen-amplificationplatemagazine][I][2560017][140]MessageSender.h:SendEvent():105|Sent RabbitMqEvent Roche.c68_8800.AmplificationPlateMagazine.I.Echo. Content: {"Timestamp":"2026-09-22T08:55:58.700691Z","MagazineId":"I","PingId":"IS52"}[EOL]
[2026-09-22T08:56:05.816061Z][APM_I.newgen-amplificationplatemagazine][W][2330306][140]CRTCyclicEvent.cpp:TimeMissed():101|Cycle miss in event CCSICombinedCmdManager Cyclic Event. Time Overrun is 8192 us[EOL]
[2026-09-22T08:56:05.816113Z][APM_I.newgen-amplificationplatemagazine][W][2330306][140]CRTCyclicEvent.cpp:TimeMissed():101|Cycle miss in event CCSICombinedRepManager. Time Overrun is 8192 us[EOL]
[2026-09-22T08:56:09.905714Z][APM_I.barcodereader][W][2330306][134]CRTCyclicEvent.cpp:TimeMissed():101|Cycle miss in event CCSICombinedCmdManager Cyclic Event. Time Overrun is 1374 us[EOL]
[2026-09-22T08:56:09.905752Z][APM_I.barcodereader][W][2330306][134]CRTCyclicEvent.cpp:TimeMissed():101|Cycle miss in event CCSICombinedRepManager. Time Overrun is 1374 us[EOL]
[2026-09-22T08:56:12.906664Z][APM_I.newgen-amplificationplatemagazine][W][2330306][140]CRTCyclicEvent.cpp:TimeMissed():101|Cycle miss in event CCSICombinedCmdManager Cyclic Event. Time Overrun is 8795 us[EOL]
[2026-09-22T08:56:12.906696Z][APM_I.newgen-amplificationplatemagazine][W][2330306][140]CRTCyclicEvent.cpp:TimeMissed():101|Cycle miss in event CCSICombinedRepManager. Time Overrun is 8795 us[EOL]
[2026-09-22T08:56:12.909468Z][APM_I.barcodereader][W][2330306][134]CRTCyclicEvent.cpp:TimeMissed():101|Cycle miss in event CCSICombinedCmdManager Cyclic Event. Time Overrun is 5126 us[EOL]
[2026-09-22T08:56:12.909499Z][APM_I.barcodereader][W][2330306][134]CRTCyclicEvent.cpp:TimeMissed():101|Cycle miss in event CCSICombinedRepManager. Time Overrun is 5126 us[EOL]
[2026-09-22T08:56:13.149387Z][APM_I.barcodereader][W][2330306][134]CRTCyclicEvent.cpp:TimeMissed():101|Cycle miss in event CCSICombinedCmdManager Cyclic Event. Time Overrun is 5051 us[EOL]
[2026-09-22T08:56:13.149414Z][APM_I.barcodereader][W][2330306][134]CRTCyclicEvent.cpp:TimeMissed():101|Cycle miss in event CCSICombinedRepManager. Time Overrun is 5051 us[EOL]
[2026-09-22T08:56:13.151655Z][APM_I.newgen-amplificationplatemagazine][W][2330306][140]CRTCyclicEvent.cpp:TimeMissed():101|Cycle miss in event CCSICombinedCmdManager Cyclic Event. Time Overrun is 3788 us[EOL]
[2026-09-22T08:56:13.151693Z][APM_I.newgen-amplificationplatemagazine][W][2330306][140]CRTCyclicEvent.cpp:TimeMissed():101|Cycle miss in event CCSICombinedRepManager. Time Overrun is 3788 us[EOL]
[2026-09-22T08:56:25.095498Z][APM_I.barcodereader][W][2330306][134]CRTCyclicEvent.cpp:TimeMissed():101|Cycle miss in event CCSICombinedCmdManager Cyclic Event. Time Overrun is 11163 us[EOL]
[2026-09-22T08:56:25.093588Z][APM_I.newgen-amplificationplatemagazine][W][2330306][140]CRTCyclicEvent.cpp:TimeMissed():101|Cycle miss in event CCSICombinedCmdManager Cyclic Event. Time Overrun is 15721 us[EOL]
[2026-09-22T08:56:25.093612Z][APM_I.newgen-amplificationplatemagazine][W][2330306][140]CRTCyclicEvent.cpp:TimeMissed():101|Cycle miss in event CCSICombinedRepManager. Time Overrun is 15721 us[EOL]
[2026-09-22T08:56:25.095520Z][APM_I.barcodereader][W][2330306][134]CRTCyclicEvent.cpp:TimeMissed():101|Cycle miss in event CCSICombinedRepManager. Time Overrun is 11163 us[EOL]
[2026-09-22T08:56:28.696983Z][APM_I.newgen-amplificationplatemagazine][I][2560016][140]IMessageHandler.h:operator()():40|Received RabbitMqMessage Roche.MolLab.InstrumentState.Ping. Content: {"Timestamp":"2026-09-22T08:56:28.6731202Z","PingId":"IS53"}[EOL]
[2026-09-22T08:56:28.697034Z][APM_I.newgen-amplificationplatemagazine][I][844444436][140]UnitCommunicator.cpp:SendEvent():424|Publishing event: type=Roche.c68_8800.AmplificationPlateMagazine.I.Echo correlation_id=(n/a)[EOL]
[2026-09-22T08:56:28.697082Z][APM_I.newgen-amplificationplatemagazine][I][2560017][140]MessageSender.h:SendEvent():105|Sent RabbitMqEvent Roche.c68_8800.AmplificationPlateMagazine.I.Echo. Content: {"Timestamp":"2026-09-22T08:56:28.697027Z","MagazineId":"I","PingId":"IS53"}[EOL]
[2026-09-22T08:56:32.653845Z][APM_I.newgen-amplificationplatemagazine][W][2330306][140]CRTCyclicEvent.cpp:TimeMissed():101|Cycle miss in event CCSICombinedCmdManager Cyclic Event. Time Overrun is 5980 us[EOL]
[2026-09-22T08:56:32.653869Z][APM_I.newgen-amplificationplatemagazine][W][2330306][140]CRTCyclicEvent.cpp:TimeMissed():101|Cycle miss in event CCSICombinedRepManager. Time Overrun is 5980 us[EOL]
[2026-09-22T08:56:32.831293Z][APM_I.barcodereader][W][2330306][134]CRTCyclicEvent.cpp:TimeMissed():101|Cycle miss in event CCSICombinedCmdManager Cyclic Event. Time Overrun is 16955 us[EOL]
[2026-09-22T08:56:32.831321Z][APM_I.barcodereader][W][2330306][134]CRTCyclicEvent.cpp:TimeMissed():101|Cycle miss in event CCSICombinedRepManager. Time Overrun is 16955 us[EOL]
[2026-09-22T08:56:32.831451Z][APM_I.newgen-amplificationplatemagazine][W][2330306][140]CRTCyclicEvent.cpp:TimeMissed():101|Cycle miss in event CCSICombinedCmdManager Cyclic Event. Time Overrun is 13583 us[EOL]
[2026-09-22T08:56:32.831478Z][APM_I.newgen-amplificationplatemagazine][W][2330306][140]CRTCyclicEvent.cpp:TimeMissed():101|Cycle miss in event CCSICombinedRepManager. Time Overrun is 13583 us[EOL]
[2026-09-22T08:56:38.628110Z][APM_I.newgen-amplificationplatemagazine][W][2330306][140]CRTCyclicEvent.cpp:TimeMissed():101|Cycle miss in event CCSICombinedCmdManager Cyclic Event. Time Overrun is 10240 us[EOL]
[2026-09-22T08:56:38.628154Z][APM_I.newgen-amplificationplatemagazine][W][2330306][140]CRTCyclicEvent.cpp:TimeMissed():101|Cycle miss in event CCSICombinedRepManager. Time Overrun is 10240 us[EOL]
[2026-09-22T08:56:40.850628Z][APM_I.newgen-amplificationplatemagazine][W][2330306][140]CRTCyclicEvent.cpp:TimeMissed():101|Cycle miss in event CCSICombinedCmdManager Cyclic Event. Time Overrun is 2758 us[EOL]
[2026-09-22T08:56:40.850687Z][APM_I.newgen-amplificationplatemagazine][W][2330306][140]CRTCyclicEvent.cpp:TimeMissed():101|Cycle miss in event CCSICombinedRepManager. Time Overrun is 2758 us[EOL]
[2026-09-22T08:56:41.210514Z][APM_I.newgen-amplificationplatemagazine][W][2330306][140]CRTCyclicEvent.cpp:TimeMissed():101|Cycle miss in event CCSICombinedCmdManager Cyclic Event. Time Overrun is 2636 us[EOL]
[2026-09-22T08:56:41.210573Z][APM_I.newgen-amplificationplatemagazine][W][2330306][140]CRTCyclicEvent.cpp:TimeMissed():101|Cycle miss in event CCSICombinedRepManager. Time Overrun is 2636 us[EOL]
[2026-09-22T08:56:41.542054Z][APM_I.newgen-amplificationplatemagazine][W][2330306][140]CRTCyclicEvent.cpp:TimeMissed():101|Cycle miss in event CCSICombinedCmdManager Cyclic Event. Time Overrun is 24184 us[EOL]
[2026-09-22T08:56:41.542159Z][APM_I.newgen-amplificationplatemagazine][W][2330306][140]CRTCyclicEvent.cpp:TimeMissed():101|Cycle miss in event CCSICombinedRepManager. Time Overrun is 24184 us[EOL]
[2026-09-22T08:56:44.418752Z][APM_I.newgen-amplificationplatemagazine][W][2330306][140]CRTCyclicEvent.cpp:TimeMissed():101|Cycle miss in event CCSICombinedCmdManager Cyclic Event. Time Overrun is 881 us[EOL]
[2026-09-22T08:56:44.418799Z][APM_I.newgen-amplificationplatemagazine][W][2330306][140]CRTCyclicEvent.cpp:TimeMissed():101|Cycle miss in event CCSICombinedRepManager. Time Overrun is 881 us[EOL]
[2026-09-22T08:56:46.653105Z][APM_I.newgen-amplificationplatemagazine][W][2330306][140]CRTCyclicEvent.cpp:TimeMissed():101|Cycle miss in event CCSICombinedCmdManager Cyclic Event. Time Overrun is 35234 us[EOL]
[2026-09-22T08:56:46.653151Z][APM_I.newgen-amplificationplatemagazine][W][2330306][140]CRTCyclicEvent.cpp:TimeMissed():101|Cycle miss in event CCSICombinedRepManager. Time Overrun is 35234 us[EOL]
[2026-09-22T08:56:46.647887Z][APM_I.barcodereader][W][2330306][134]CRTCyclicEvent.cpp:TimeMissed():101|Cycle miss in event CCSICombinedCmdManager Cyclic Event. Time Overrun is 33549 us[EOL]
[2026-09-22T08:56:46.647927Z][APM_I.barcodereader][W][2330306][134]CRTCyclicEvent.cpp:TimeMissed():101|Cycle miss in event CCSICombinedRepManager. Time Overrun is 33549 us[EOL]
[2026-09-22T08:56:48.048939Z][APM_I.barcodereader][W][2330306][134]CRTCyclicEvent.cpp:TimeMissed():101|Cycle miss in event CCSICombinedCmdManager Cyclic Event. Time Overrun is 4601 us[EOL]
[2026-09-22T08:56:48.048245Z][APM_I.newgen-amplificationplatemagazine][W][2330306][140]CRTCyclicEvent.cpp:TimeMissed():101|Cycle miss in event CCSICombinedCmdManager Cyclic Event. Time Overrun is 377 us[EOL]
[2026-09-22T08:56:48.048975Z][APM_I.barcodereader][W][2330306][134]CRTCyclicEvent.cpp:TimeMissed():101|Cycle miss in event CCSICombinedRepManager. Time Overrun is 4601 us[EOL]
[2026-09-22T08:56:48.048306Z][APM_I.newgen-amplificationplatemagazine][W][2330306][140]CRTCyclicEvent.cpp:TimeMissed():101|Cycle miss in event CCSICombinedRepManager. Time Overrun is 377 us[EOL]
[2026-09-22T08:56:48.329345Z][APM_I.barcodereader][W][2330306][134]CRTCyclicEvent.cpp:TimeMissed():101|Cycle miss in event CCSICombinedCmdManager Cyclic Event. Time Overrun is 5006 us[EOL]
[2026-09-22T08:56:48.329382Z][APM_I.barcodereader][W][2330306][134]CRTCyclicEvent.cpp:TimeMissed():101|Cycle miss in event CCSICombinedRepManager. Time Overrun is 5006 us[EOL]
[2026-09-22T08:56:54.364867Z][APM_I.barcodereader][W][2330306][134]CRTCyclicEvent.cpp:TimeMissed():101|Cycle miss in event CCSICombinedCmdManager Cyclic Event. Time Overrun is 20531 us[EOL]
[2026-09-22T08:56:54.368028Z][APM_I.newgen-amplificationplatemagazine][W][2330306][140]CRTCyclicEvent.cpp:TimeMissed():101|Cycle miss in event CCSICombinedCmdManager Cyclic Event. Time Overrun is 20163 us[EOL]
[2026-09-22T08:56:54.364889Z][APM_I.barcodereader][W][2330306][134]CRTCyclicEvent.cpp:TimeMissed():101|Cycle miss in event CCSICombinedRepManager. Time Overrun is 20531 us[EOL]
[2026-09-22T08:56:54.368055Z][APM_I.newgen-amplificationplatemagazine][W][2330306][140]CRTCyclicEvent.cpp:TimeMissed():101|Cycle miss in event CCSICombinedRepManager. Time Overrun is 20163 us[EOL]
[2026-09-22T08:56:54.622129Z][APM_I.newgen-amplificationplatemagazine][W][2330306][140]CRTCyclicEvent.cpp:TimeMissed():101|Cycle miss in event CCSICombinedCmdManager Cyclic Event. Time Overrun is 14262 us[EOL]
[2026-09-22T08:56:54.622158Z][APM_I.newgen-amplificationplatemagazine][W][2330306][140]CRTCyclicEvent.cpp:TimeMissed():101|Cycle miss in event CCSICombinedRepManager. Time Overrun is 14262 us[EOL]
[2026-09-22T08:56:54.622414Z][APM_I.barcodereader][W][2330306][134]CRTCyclicEvent.cpp:TimeMissed():101|Cycle miss in event CCSICombinedCmdManager Cyclic Event. Time Overrun is 8077 us[EOL]
[2026-09-22T08:56:54.622440Z][APM_I.barcodereader][W][2330306][134]CRTCyclicEvent.cpp:TimeMissed():101|Cycle miss in event CCSICombinedRepManager. Time Overrun is 8077 us[EOL]
[2026-09-22T08:56:58.682886Z][APM_I.newgen-amplificationplatemagazine][I][2560016][140]IMessageHandler.h:operator()():40|Received RabbitMqMessage Roche.MolLab.InstrumentState.Ping. Content: {"Timestamp":"2026-09-22T08:56:58.6752332Z","PingId":"IS54"}[EOL]
[2026-09-22T08:56:58.682931Z][APM_I.newgen-amplificationplatemagazine][I][844444436][140]UnitCommunicator.cpp:SendEvent():424|Publishing event: type=Roche.c68_8800.AmplificationPlateMagazine.I.Echo correlation_id=(n/a)[EOL]
[2026-09-22T08:56:58.682959Z][APM_I.newgen-amplificationplatemagazine][I][2560017][140]MessageSender.h:SendEvent():105|Sent RabbitMqEvent Roche.c68_8800.AmplificationPlateMagazine.I.Echo. Content: {"Timestamp":"2026-09-22T08:56:58.682925Z","MagazineId":"I","PingId":"IS54"}[EOL]
[2026-09-22T08:57:15.958640Z][APM_I.barcodereader][W][2330306][134]CRTCyclicEvent.cpp:TimeMissed():101|Cycle miss in event CCSICombinedCmdManager Cyclic Event. Time Overrun is 14302 us[EOL]
[2026-09-22T08:57:15.958886Z][APM_I.newgen-amplificationplatemagazine][W][2330306][140]CRTCyclicEvent.cpp:TimeMissed():101|Cycle miss in event CCSICombinedCmdManager Cyclic Event. Time Overrun is 11018 us[EOL]
[2026-09-22T08:57:15.958675Z][APM_I.barcodereader][W][2330306][134]CRTCyclicEvent.cpp:TimeMissed():101|Cycle miss in event CCSICombinedRepManager. Time Overrun is 14302 us[EOL]
[2026-09-22T08:57:15.958922Z][APM_I.newgen-amplificationplatemagazine][W][2330306][140]CRTCyclicEvent.cpp:TimeMissed():101|Cycle miss in event CCSICombinedRepManager. Time Overrun is 11018 us[EOL]
[2026-09-22T08:57:27.660092Z][APM_I.newgen-amplificationplatemagazine][W][2330306][140]CRTCyclicEvent.cpp:TimeMissed():101|Cycle miss in event CCSICombinedCmdManager Cyclic Event. Time Overrun is 2210 us[EOL]
[2026-09-22T08:57:27.660184Z][APM_I.newgen-amplificationplatemagazine][W][2330306][140]CRTCyclicEvent.cpp:TimeMissed():101|Cycle miss in event CCSICombinedRepManager. Time Overrun is 2210 us[EOL]
[2026-09-22T08:57:28.689118Z][APM_I.newgen-amplificationplatemagazine][I][2560016][140]IMessageHandler.h:operator()():40|Received RabbitMqMessage Roche.MolLab.InstrumentState.Ping. Content: {"Timestamp":"2026-09-22T08:57:28.6741282Z","PingId":"IS55"}[EOL]
[2026-09-22T08:57:28.689163Z][APM_I.newgen-amplificationplatemagazine][I][844444436][140]UnitCommunicator.cpp:SendEvent():424|Publishing event: type=Roche.c68_8800.AmplificationPlateMagazine.I.Echo correlation_id=(n/a)[EOL]
[2026-09-22T08:57:28.689192Z][APM_I.newgen-amplificationplatemagazine][I][2560017][140]MessageSender.h:SendEvent():105|Sent RabbitMqEvent Roche.c68_8800.AmplificationPlateMagazine.I.Echo. Content: {"Timestamp":"2026-09-22T08:57:28.689156Z","MagazineId":"I","PingId":"IS55"}[EOL]
[2026-09-22T08:57:30.567047Z][APM_I.barcodereader][W][2330306][134]CRTCyclicEvent.cpp:TimeMissed():101|Cycle miss in event CCSICombinedCmdManager Cyclic Event. Time Overrun is 2710 us[EOL]
[2026-09-22T08:57:30.568599Z][APM_I.newgen-amplificationplatemagazine][W][2330306][140]CRTCyclicEvent.cpp:TimeMissed():101|Cycle miss in event CCSICombinedCmdManager Cyclic Event. Time Overrun is 731 us[EOL]
[2026-09-22T08:57:30.567070Z][APM_I.barcodereader][W][2330306][134]CRTCyclicEvent.cpp:TimeMissed():101|Cycle miss in event CCSICombinedRepManager. Time Overrun is 2710 us[EOL]
[2026-09-22T08:57:30.568628Z][APM_I.newgen-amplificationplatemagazine][W][2330306][140]CRTCyclicEvent.cpp:TimeMissed():101|Cycle miss in event CCSICombinedRepManager. Time Overrun is 731 us[EOL]
[2026-09-22T08:57:37.344689Z][APM_I.barcodereader][W][2330306][134]CRTCyclicEvent.cpp:TimeMissed():101|Cycle miss in event CCSICombinedCmdManager Cyclic Event. Time Overrun is 352 us[EOL]
[2026-09-22T08:57:37.344737Z][APM_I.barcodereader][W][2330306][134]CRTCyclicEvent.cpp:TimeMissed():101|Cycle miss in event CCSICombinedRepManager. Time Overrun is 352 us[EOL]
[2026-09-22T08:57:37.443841Z][APM_I.newgen-amplificationplatemagazine][W][2330306][140]CRTCyclicEvent.cpp:TimeMissed():101|Cycle miss in event CCSICombinedCmdManager Cyclic Event. Time Overrun is 15964 us[EOL]
[2026-09-22T08:57:37.444016Z][APM_I.newgen-amplificationplatemagazine][W][2330306][140]CRTCyclicEvent.cpp:TimeMissed():101|Cycle miss in event CCSICombinedRepManager. Time Overrun is 15964 us[EOL]
[2026-09-22T08:57:37.924568Z][APM_I.barcodereader][W][2330306][134]CRTCyclicEvent.cpp:TimeMissed():101|Cycle miss in event CCSICombinedCmdManager Cyclic Event. Time Overrun is 30225 us[EOL]
[2026-09-22T08:57:37.929014Z][APM_I.barcodereader][W][2330306][134]CRTCyclicEvent.cpp:TimeMissed():101|Cycle miss in event CCSICombinedRepManager. Time Overrun is 30225 us[EOL]
[2026-09-22T08:57:37.919183Z][APM_I.newgen-amplificationplatemagazine][W][2330306][140]CRTCyclicEvent.cpp:TimeMissed():101|Cycle miss in event CCSICombinedCmdManager Cyclic Event. Time Overrun is 21314 us[EOL]
[2026-09-22T08:57:37.919244Z][APM_I.newgen-amplificationplatemagazine][W][2330306][140]CRTCyclicEvent.cpp:TimeMissed():101|Cycle miss in event CCSICombinedRepManager. Time Overrun is 21314 us[EOL]
[2026-09-22T08:57:39.008083Z][APM_I.barcodereader][W][2330306][134]CRTCyclicEvent.cpp:TimeMissed():101|Cycle miss in event CCSICombinedCmdManager Cyclic Event. Time Overrun is 13745 us[EOL]
[2026-09-22T08:57:39.008117Z][APM_I.barcodereader][W][2330306][134]CRTCyclicEvent.cpp:TimeMissed():101|Cycle miss in event CCSICombinedRepManager. Time Overrun is 13745 us[EOL]
[2026-09-22T08:57:38.997442Z][APM_I.newgen-amplificationplatemagazine][W][2330306][140]CRTCyclicEvent.cpp:TimeMissed():101|Cycle miss in event CCSICombinedCmdManager Cyclic Event. Time Overrun is 9513 us[EOL]
[2026-09-22T08:57:38.997492Z][APM_I.newgen-amplificationplatemagazine][W][2330306][140]CRTCyclicEvent.cpp:TimeMissed():101|Cycle miss in event CCSICombinedRepManager. Time Overrun is 9513 us[EOL]
[2026-09-22T08:57:39.181502Z][APM_I.newgen-amplificationplatemagazine][W][2330306][140]CRTCyclicEvent.cpp:TimeMissed():101|Cycle miss in event CCSICombinedCmdManager Cyclic Event. Time Overrun is 3626 us[EOL]
[2026-09-22T08:57:39.181691Z][APM_I.newgen-amplificationplatemagazine][W][2330306][140]CRTCyclicEvent.cpp:TimeMissed():101|Cycle miss in event CCSICombinedRepManager. Time Overrun is 3626 us[EOL]
[2026-09-22T08:57:39.778508Z][APM_I.newgen-amplificationplatemagazine][W][2330306][140]CRTCyclicEvent.cpp:TimeMissed():101|Cycle miss in event CCSICombinedCmdManager Cyclic Event. Time Overrun is 637 us[EOL]
[2026-09-22T08:57:39.788362Z][APM_I.newgen-amplificationplatemagazine][W][2330306][140]CRTCyclicEvent.cpp:TimeMissed():101|Cycle miss in event CCSICombinedRepManager. Time Overrun is 637 us[EOL]
[2026-09-22T08:57:39.778921Z][APM_I.barcodereader][W][2330306][134]CRTCyclicEvent.cpp:TimeMissed():101|Cycle miss in event CCSICombinedCmdManager Cyclic Event. Time Overrun is 4582 us[EOL]
[2026-09-22T08:57:39.778976Z][APM_I.barcodereader][W][2330306][134]CRTCyclicEvent.cpp:TimeMissed():101|Cycle miss in event CCSICombinedRepManager. Time Overrun is 4582 us[EOL]
[2026-09-22T08:57:41.356042Z][APM_I.barcodereader][W][2330306][134]CRTCyclicEvent.cpp:TimeMissed():101|Cycle miss in event CCSICombinedCmdManager Cyclic Event. Time Overrun is 1703 us[EOL]
[2026-09-22T08:57:41.356156Z][APM_I.barcodereader][W][2330306][134]CRTCyclicEvent.cpp:TimeMissed():101|Cycle miss in event CCSICombinedRepManager. Time Overrun is 1703 us[EOL]
[2026-09-22T08:57:41.361214Z][APM_I.newgen-amplificationplatemagazine][W][2330306][140]CRTCyclicEvent.cpp:TimeMissed():101|Cycle miss in event CCSICombinedCmdManager Cyclic Event. Time Overrun is 3344 us[EOL]
[2026-09-22T08:57:41.361288Z][APM_I.newgen-amplificationplatemagazine][W][2330306][140]CRTCyclicEvent.cpp:TimeMissed():101|Cycle miss in event CCSICombinedRepManager. Time Overrun is 3344 us[EOL]
[2026-09-22T08:57:44.818866Z][APM_I.newgen-amplificationplatemagazine][W][2330306][140]CRTCyclicEvent.cpp:TimeMissed():101|Cycle miss in event CCSICombinedCmdManager Cyclic Event. Time Overrun is 772 us[EOL]
[2026-09-22T08:57:44.818928Z][APM_I.newgen-amplificationplatemagazine][W][2330306][140]CRTCyclicEvent.cpp:TimeMissed():101|Cycle miss in event CCSICombinedRepManager. Time Overrun is 772 us[EOL]
[2026-09-22T08:57:45.299244Z][APM_I.newgen-amplificationplatemagazine][W][2330306][140]CRTCyclicEvent.cpp:TimeMissed():101|Cycle miss in event CCSICombinedCmdManager Cyclic Event. Time Overrun is 1375 us[EOL]
[2026-09-22T08:57:45.299284Z][APM_I.newgen-amplificationplatemagazine][W][2330306][140]CRTCyclicEvent.cpp:TimeMissed():101|Cycle miss in event CCSICombinedRepManager. Time Overrun is 1375 us[EOL]
[2026-09-22T08:57:57.848353Z][APM_I.newgen-amplificationplatemagazine][W][2330306][140]CRTCyclicEvent.cpp:TimeMissed():101|Cycle miss in event CCSICombinedCmdManager Cyclic Event. Time Overrun is 457 us[EOL]
[2026-09-22T08:57:57.848244Z][APM_I.barcodereader][W][2330306][134]CRTCyclicEvent.cpp:TimeMissed():101|Cycle miss in event CCSICombinedCmdManager Cyclic Event. Time Overrun is 3907 us[EOL]
[2026-09-22T08:57:57.848281Z][APM_I.barcodereader][W][2330306][134]CRTCyclicEvent.cpp:TimeMissed():101|Cycle miss in event CCSICombinedRepManager. Time Overrun is 3907 us[EOL]
[2026-09-22T08:57:57.848394Z][APM_I.newgen-amplificationplatemagazine][W][2330306][140]CRTCyclicEvent.cpp:TimeMissed():101|Cycle miss in event CCSICombinedRepManager. Time Overrun is 457 us[EOL]
[2026-09-22T08:57:58.508521Z][APM_I.barcodereader][W][2330306][134]CRTCyclicEvent.cpp:TimeMissed():101|Cycle miss in event CCSICombinedCmdManager Cyclic Event. Time Overrun is 4184 us[EOL]
[2026-09-22T08:57:58.490802Z][APM_I.newgen-amplificationplatemagazine][W][2330306][140]CRTCyclicEvent.cpp:TimeMissed():101|Cycle miss in event CCSICombinedCmdManager Cyclic Event. Time Overrun is 2846 us[EOL]
[2026-09-22T08:57:58.508552Z][APM_I.barcodereader][W][2330306][134]CRTCyclicEvent.cpp:TimeMissed():101|Cycle miss in event CCSICombinedRepManager. Time Overrun is 4184 us[EOL]
[2026-09-22T08:57:58.490843Z][APM_I.newgen-amplificationplatemagazine][W][2330306][140]CRTCyclicEvent.cpp:TimeMissed():101|Cycle miss in event CCSICombinedRepManager. Time Overrun is 2846 us[EOL]
[2026-09-22T08:57:58.683145Z][APM_I.newgen-amplificationplatemagazine][I][2560016][140]IMessageHandler.h:operator()():40|Received RabbitMqMessage Roche.MolLab.InstrumentState.Ping. Content: {"Timestamp":"2026-09-22T08:57:58.6733836Z","PingId":"IS56"}[EOL]
[2026-09-22T08:57:58.683308Z][APM_I.newgen-amplificationplatemagazine][I][844444436][140]UnitCommunicator.cpp:SendEvent():424|Publishing event: type=Roche.c68_8800.AmplificationPlateMagazine.I.Echo correlation_id=(n/a)[EOL]
[2026-09-22T08:57:58.683429Z][APM_I.newgen-amplificationplatemagazine][I][2560017][140]MessageSender.h:SendEvent():105|Sent RabbitMqEvent Roche.c68_8800.AmplificationPlateMagazine.I.Echo. Content: {"Timestamp":"2026-09-22T08:57:58.683276Z","MagazineId":"I","PingId":"IS56"}[EOL]
[2026-09-22T08:58:02.532523Z][APM_I.newgen-amplificationplatemagazine][W][2330306][140]CRTCyclicEvent.cpp:TimeMissed():101|Cycle miss in event CCSICombinedCmdManager Cyclic Event. Time Overrun is 4653 us[EOL]
[2026-09-22T08:58:02.532670Z][APM_I.newgen-amplificationplatemagazine][W][2330306][140]CRTCyclicEvent.cpp:TimeMissed():101|Cycle miss in event CCSICombinedRepManager. Time Overrun is 4653 us[EOL]
[2026-09-22T08:58:04.667373Z][APM_I.barcodereader][W][2330306][134]CRTCyclicEvent.cpp:TimeMissed():101|Cycle miss in event CCSICombinedCmdManager Cyclic Event. Time Overrun is 3037 us[EOL]
[2026-09-22T08:58:04.667396Z][APM_I.barcodereader][W][2330306][134]CRTCyclicEvent.cpp:TimeMissed():101|Cycle miss in event CCSICombinedRepManager. Time Overrun is 3037 us[EOL]
[2026-09-22T08:58:11.026069Z][APM_I.barcodereader][W][2330306][134]CRTCyclicEvent.cpp:TimeMissed():101|Cycle miss in event CCSICombinedCmdManager Cyclic Event. Time Overrun is 11727 us[EOL]
[2026-09-22T08:58:11.026115Z][APM_I.barcodereader][W][2330306][134]CRTCyclicEvent.cpp:TimeMissed():101|Cycle miss in event CCSICombinedRepManager. Time Overrun is 11727 us[EOL]
[2026-09-22T08:58:11.322609Z][APM_I.newgen-amplificationplatemagazine][W][2330306][140]CRTCyclicEvent.cpp:TimeMissed():101|Cycle miss in event CCSICombinedCmdManager Cyclic Event. Time Overrun is 14740 us[EOL]
[2026-09-22T08:58:11.322648Z][APM_I.newgen-amplificationplatemagazine][W][2330306][140]CRTCyclicEvent.cpp:TimeMissed():101|Cycle miss in event CCSICombinedRepManager. Time Overrun is 14740 us[EOL]
[2026-09-22T08:58:11.325563Z][APM_I.barcodereader][W][2330306][134]CRTCyclicEvent.cpp:TimeMissed():101|Cycle miss in event CCSICombinedCmdManager Cyclic Event. Time Overrun is 11224 us[EOL]
[2026-09-22T08:58:11.325600Z][APM_I.barcodereader][W][2330306][134]CRTCyclicEvent.cpp:TimeMissed():101|Cycle miss in event CCSICombinedRepManager. Time Overrun is 11224 us[EOL]
[2026-09-22T08:58:24.291994Z][APM_I.newgen-amplificationplatemagazine][W][2330306][140]CRTCyclicEvent.cpp:TimeMissed():101|Cycle miss in event CCSICombinedCmdManager Cyclic Event. Time Overrun is 4128 us[EOL]
[2026-09-22T08:58:24.292017Z][APM_I.newgen-amplificationplatemagazine][W][2330306][140]CRTCyclicEvent.cpp:TimeMissed():101|Cycle miss in event CCSICombinedRepManager. Time Overrun is 4128 us[EOL]
[2026-09-22T08:58:24.294122Z][APM_I.barcodereader][W][2330306][134]CRTCyclicEvent.cpp:TimeMissed():101|Cycle miss in event CCSICombinedCmdManager Cyclic Event. Time Overrun is 9783 us[EOL]
[2026-09-22T08:58:24.294207Z][APM_I.barcodereader][W][2330306][134]CRTCyclicEvent.cpp:TimeMissed():101|Cycle miss in event CCSICombinedRepManager. Time Overrun is 9783 us[EOL]
[2026-09-22T08:58:24.420464Z][APM_I.newgen-amplificationplatemagazine][W][2330306][140]CRTCyclicEvent.cpp:TimeMissed():101|Cycle miss in event CCSICombinedCmdManager Cyclic Event. Time Overrun is 2594 us[EOL]
[2026-09-22T08:58:24.420504Z][APM_I.newgen-amplificationplatemagazine][W][2330306][140]CRTCyclicEvent.cpp:TimeMissed():101|Cycle miss in event CCSICombinedRepManager. Time Overrun is 2594 us[EOL]
[2026-09-22T08:58:24.769249Z][APM_I.barcodereader][W][2330306][134]CRTCyclicEvent.cpp:TimeMissed():101|Cycle miss in event CCSICombinedCmdManager Cyclic Event. Time Overrun is 14912 us[EOL]
[2026-09-22T08:58:24.769342Z][APM_I.barcodereader][W][2330306][134]CRTCyclicEvent.cpp:TimeMissed():101|Cycle miss in event CCSICombinedRepManager. Time Overrun is 14912 us[EOL]
[2026-09-22T08:58:24.771551Z][APM_I.newgen-amplificationplatemagazine][W][2330306][140]CRTCyclicEvent.cpp:TimeMissed():101|Cycle miss in event CCSICombinedCmdManager Cyclic Event. Time Overrun is 13685 us[EOL]
[2026-09-22T08:58:24.771573Z][APM_I.newgen-amplificationplatemagazine][W][2330306][140]CRTCyclicEvent.cpp:TimeMissed():101|Cycle miss in event CCSICombinedRepManager. Time Overrun is 13685 us[EOL]
[2026-09-22T08:58:28.489218Z][APM_I.newgen-amplificationplatemagazine][W][2330306][140]CRTCyclicEvent.cpp:TimeMissed():101|Cycle miss in event CCSICombinedCmdManager Cyclic Event. Time Overrun is 1353 us[EOL]
[2026-09-22T08:58:28.489245Z][APM_I.newgen-amplificationplatemagazine][W][2330306][140]CRTCyclicEvent.cpp:TimeMissed():101|Cycle miss in event CCSICombinedRepManager. Time Overrun is 1353 us[EOL]
[2026-09-22T08:58:28.681229Z][APM_I.newgen-amplificationplatemagazine][I][2560016][140]IMessageHandler.h:operator()():40|Received RabbitMqMessage Roche.MolLab.InstrumentState.Ping. Content: {"Timestamp":"2026-09-22T08:58:28.6745984Z","PingId":"IS57"}[EOL]
[2026-09-22T08:58:28.681325Z][APM_I.newgen-amplificationplatemagazine][I][844444436][140]UnitCommunicator.cpp:SendEvent():424|Publishing event: type=Roche.c68_8800.AmplificationPlateMagazine.I.Echo correlation_id=(n/a)[EOL]
[2026-09-22T08:58:28.681360Z][APM_I.newgen-amplificationplatemagazine][I][2560017][140]MessageSender.h:SendEvent():105|Sent RabbitMqEvent Roche.c68_8800.AmplificationPlateMagazine.I.Echo. Content: {"Timestamp":"2026-09-22T08:58:28.681259Z","MagazineId":"I","PingId":"IS57"}[EOL]
[2026-09-22T08:58:28.778110Z][APM_I.newgen-amplificationplatemagazine][W][2330306][140]CRTCyclicEvent.cpp:TimeMissed():101|Cycle miss in event CCSICombinedCmdManager Cyclic Event. Time Overrun is 232 us[EOL]
[2026-09-22T08:58:28.778133Z][APM_I.newgen-amplificationplatemagazine][W][2330306][140]CRTCyclicEvent.cpp:TimeMissed():101|Cycle miss in event CCSICombinedRepManager. Time Overrun is 232 us[EOL]
[2026-09-22T08:58:29.573394Z][APM_I.newgen-amplificationplatemagazine][W][2330306][140]CRTCyclicEvent.cpp:TimeMissed():101|Cycle miss in event CCSICombinedCmdManager Cyclic Event. Time Overrun is 5349 us[EOL]
[2026-09-22T08:58:29.573789Z][APM_I.newgen-amplificationplatemagazine][W][2330306][140]CRTCyclicEvent.cpp:TimeMissed():101|Cycle miss in event CCSICombinedRepManager. Time Overrun is 5349 us[EOL]
[2026-09-22T08:58:37.059747Z][APM_I.newgen-amplificationplatemagazine][W][2330306][140]CRTCyclicEvent.cpp:TimeMissed():101|Cycle miss in event CCSICombinedCmdManager Cyclic Event. Time Overrun is 1875 us[EOL]
[2026-09-22T08:58:37.059785Z][APM_I.newgen-amplificationplatemagazine][W][2330306][140]CRTCyclicEvent.cpp:TimeMissed():101|Cycle miss in event CCSICombinedRepManager. Time Overrun is 1875 us[EOL]
[2026-09-22T08:58:39.900190Z][APM_I.newgen-amplificationplatemagazine][W][2330306][140]CRTCyclicEvent.cpp:TimeMissed():101|Cycle miss in event CCSICombinedCmdManager Cyclic Event. Time Overrun is 2321 us[EOL]
[2026-09-22T08:58:39.900238Z][APM_I.newgen-amplificationplatemagazine][W][2330306][140]CRTCyclicEvent.cpp:TimeMissed():101|Cycle miss in event CCSICombinedRepManager. Time Overrun is 2321 us[EOL]
[2026-09-22T08:58:41.440165Z][APM_I.barcodereader][W][2330306][134]CRTCyclicEvent.cpp:TimeMissed():101|Cycle miss in event CCSICombinedCmdManager Cyclic Event. Time Overrun is 5830 us[EOL]
[2026-09-22T08:58:41.440187Z][APM_I.barcodereader][W][2330306][134]CRTCyclicEvent.cpp:TimeMissed():101|Cycle miss in event CCSICombinedRepManager. Time Overrun is 5830 us[EOL]
[2026-09-22T08:58:41.441678Z][APM_I.newgen-amplificationplatemagazine][W][2330306][140]CRTCyclicEvent.cpp:TimeMissed():101|Cycle miss in event CCSICombinedCmdManager Cyclic Event. Time Overrun is 13809 us[EOL]
[2026-09-22T08:58:41.441712Z][APM_I.newgen-amplificationplatemagazine][W][2330306][140]CRTCyclicEvent.cpp:TimeMissed():101|Cycle miss in event CCSICombinedRepManager. Time Overrun is 13809 us[EOL]
[2026-09-22T08:58:54.371475Z][APM_I.newgen-amplificationplatemagazine][W][2330306][140]CRTCyclicEvent.cpp:TimeMissed():101|Cycle miss in event CCSICombinedCmdManager Cyclic Event. Time Overrun is 3610 us[EOL]
[2026-09-22T08:58:54.371506Z][APM_I.newgen-amplificationplatemagazine][W][2330306][140]CRTCyclicEvent.cpp:TimeMissed():101|Cycle miss in event CCSICombinedRepManager. Time Overrun is 3610 us[EOL]
[2026-09-22T08:58:56.639626Z][APM_I.barcodereader][W][2330306][134]CRTCyclicEvent.cpp:TimeMissed():101|Cycle miss in event CCSICombinedCmdManager Cyclic Event. Time Overrun is 5290 us[EOL]
[2026-09-22T08:58:56.639851Z][APM_I.newgen-amplificationplatemagazine][W][2330306][140]CRTCyclicEvent.cpp:TimeMissed():101|Cycle miss in event CCSICombinedCmdManager Cyclic Event. Time Overrun is 1985 us[EOL]
[2026-09-22T08:58:56.639651Z][APM_I.barcodereader][W][2330306][134]CRTCyclicEvent.cpp:TimeMissed():101|Cycle miss in event CCSICombinedRepManager. Time Overrun is 5290 us[EOL]
[2026-09-22T08:58:56.639877Z][APM_I.newgen-amplificationplatemagazine][W][2330306][140]CRTCyclicEvent.cpp:TimeMissed():101|Cycle miss in event CCSICombinedRepManager. Time Overrun is 1985 us[EOL]
[2026-09-22T08:58:57.831068Z][APM_I.newgen-amplificationplatemagazine][W][2330306][140]CRTCyclicEvent.cpp:TimeMissed():101|Cycle miss in event CCSICombinedCmdManager Cyclic Event. Time Overrun is 3199 us[EOL]
[2026-09-22T08:58:57.831115Z][APM_I.newgen-amplificationplatemagazine][W][2330306][140]CRTCyclicEvent.cpp:TimeMissed():101|Cycle miss in event CCSICombinedRepManager. Time Overrun is 3199 us[EOL]
[2026-09-22T08:58:58.220355Z][APM_I.barcodereader][W][2330306][134]CRTCyclicEvent.cpp:TimeMissed():101|Cycle miss in event CCSICombinedCmdManager Cyclic Event. Time Overrun is 6019 us[EOL]
[2026-09-22T08:58:58.220378Z][APM_I.barcodereader][W][2330306][134]CRTCyclicEvent.cpp:TimeMissed():101|Cycle miss in event CCSICombinedRepManager. Time Overrun is 6019 us[EOL]
[2026-09-22T08:58:58.220179Z][APM_I.newgen-amplificationplatemagazine][W][2330306][140]CRTCyclicEvent.cpp:TimeMissed():101|Cycle miss in event CCSICombinedCmdManager Cyclic Event. Time Overrun is 12312 us[EOL]
[2026-09-22T08:58:58.220216Z][APM_I.newgen-amplificationplatemagazine][W][2330306][140]CRTCyclicEvent.cpp:TimeMissed():101|Cycle miss in event CCSICombinedRepManager. Time Overrun is 12312 us[EOL]
[2026-09-22T08:58:58.682068Z][APM_I.newgen-amplificationplatemagazine][I][2560016][140]IMessageHandler.h:operator()():40|Received RabbitMqMessage Roche.MolLab.InstrumentState.Ping. Content: {"Timestamp":"2026-09-22T08:58:58.6735955Z","PingId":"IS58"}[EOL]
[2026-09-22T08:58:58.682150Z][APM_I.newgen-amplificationplatemagazine][I][844444436][140]UnitCommunicator.cpp:SendEvent():424|Publishing event: type=Roche.c68_8800.AmplificationPlateMagazine.I.Echo correlation_id=(n/a)[EOL]
[2026-09-22T08:58:58.682178Z][APM_I.newgen-amplificationplatemagazine][I][2560017][140]MessageSender.h:SendEvent():105|Sent RabbitMqEvent Roche.c68_8800.AmplificationPlateMagazine.I.Echo. Content: {"Timestamp":"2026-09-22T08:58:58.682137Z","MagazineId":"I","PingId":"IS58"}[EOL]
[2026-09-22T08:59:07.370936Z][APM_I.barcodereader][W][2330306][134]CRTCyclicEvent.cpp:TimeMissed():101|Cycle miss in event CCSICombinedCmdManager Cyclic Event. Time Overrun is 6599 us[EOL]
[2026-09-22T08:59:07.370958Z][APM_I.barcodereader][W][2330306][134]CRTCyclicEvent.cpp:TimeMissed():101|Cycle miss in event CCSICombinedRepManager. Time Overrun is 6599 us[EOL]
[2026-09-22T08:59:07.370760Z][APM_I.newgen-amplificationplatemagazine][W][2330306][140]CRTCyclicEvent.cpp:TimeMissed():101|Cycle miss in event CCSICombinedCmdManager Cyclic Event. Time Overrun is 2892 us[EOL]
[2026-09-22T08:59:07.370790Z][APM_I.newgen-amplificationplatemagazine][W][2330306][140]CRTCyclicEvent.cpp:TimeMissed():101|Cycle miss in event CCSICombinedRepManager. Time Overrun is 2892 us[EOL]
[2026-09-22T08:59:15.492105Z][APM_I.newgen-amplificationplatemagazine][W][2330306][140]CRTCyclicEvent.cpp:TimeMissed():101|Cycle miss in event CCSICombinedCmdManager Cyclic Event. Time Overrun is 4237 us[EOL]
[2026-09-22T08:59:15.492137Z][APM_I.newgen-amplificationplatemagazine][W][2330306][140]CRTCyclicEvent.cpp:TimeMissed():101|Cycle miss in event CCSICombinedRepManager. Time Overrun is 4237 us[EOL]
[2026-09-22T08:59:15.495295Z][APM_I.barcodereader][W][2330306][134]CRTCyclicEvent.cpp:TimeMissed():101|Cycle miss in event CCSICombinedCmdManager Cyclic Event. Time Overrun is 10957 us[EOL]
[2026-09-22T08:59:15.495329Z][APM_I.barcodereader][W][2330306][134]CRTCyclicEvent.cpp:TimeMissed():101|Cycle miss in event CCSICombinedRepManager. Time Overrun is 10957 us[EOL]
[2026-09-22T08:59:26.554118Z][APM_I.barcodereader][W][2330306][134]CRTCyclicEvent.cpp:TimeMissed():101|Cycle miss in event CCSICombinedCmdManager Cyclic Event. Time Overrun is 9780 us[EOL]
[2026-09-22T08:59:26.554158Z][APM_I.barcodereader][W][2330306][134]CRTCyclicEvent.cpp:TimeMissed():101|Cycle miss in event CCSICombinedRepManager. Time Overrun is 9780 us[EOL]
[2026-09-22T08:59:28.679178Z][APM_I.newgen-amplificationplatemagazine][I][2560016][140]IMessageHandler.h:operator()():40|Received RabbitMqMessage Roche.MolLab.InstrumentState.Ping. Content: {"Timestamp":"2026-09-22T08:59:28.6758101Z","PingId":"IS59"}[EOL]
[2026-09-22T08:59:28.681114Z][APM_I.newgen-amplificationplatemagazine][I][844444436][140]UnitCommunicator.cpp:SendEvent():424|Publishing event: type=Roche.c68_8800.AmplificationPlateMagazine.I.Echo correlation_id=(n/a)[EOL]
[2026-09-22T08:59:28.681365Z][APM_I.newgen-amplificationplatemagazine][I][2560017][140]MessageSender.h:SendEvent():105|Sent RabbitMqEvent Roche.c68_8800.AmplificationPlateMagazine.I.Echo. Content: {"Timestamp":"2026-09-22T08:59:28.681081Z","MagazineId":"I","PingId":"IS59"}[EOL]
[2026-09-22T08:59:30.972452Z][APM_I.newgen-amplificationplatemagazine][W][2330306][140]CRTCyclicEvent.cpp:TimeMissed():101|Cycle miss in event CCSICombinedCmdManager Cyclic Event. Time Overrun is 14578 us[EOL]
[2026-09-22T08:59:30.972496Z][APM_I.newgen-amplificationplatemagazine][W][2330306][140]CRTCyclicEvent.cpp:TimeMissed():101|Cycle miss in event CCSICombinedRepManager. Time Overrun is 14578 us[EOL]
[2026-09-22T08:59:30.972229Z][APM_I.barcodereader][W][2330306][134]CRTCyclicEvent.cpp:TimeMissed():101|Cycle miss in event CCSICombinedCmdManager Cyclic Event. Time Overrun is 17890 us[EOL]
[2026-09-22T08:59:30.972293Z][APM_I.barcodereader][W][2330306][134]CRTCyclicEvent.cpp:TimeMissed():101|Cycle miss in event CCSICombinedRepManager. Time Overrun is 17890 us[EOL]
[2026-09-22T08:59:31.329060Z][APM_I.barcodereader][W][2330306][134]CRTCyclicEvent.cpp:TimeMissed():101|Cycle miss in event CCSICombinedCmdManager Cyclic Event. Time Overrun is 4717 us[EOL]
[2026-09-22T08:59:31.328867Z][APM_I.newgen-amplificationplatemagazine][W][2330306][140]CRTCyclicEvent.cpp:TimeMissed():101|Cycle miss in event CCSICombinedCmdManager Cyclic Event. Time Overrun is 1001 us[EOL]
[2026-09-22T08:59:31.328935Z][APM_I.newgen-amplificationplatemagazine][W][2330306][140]CRTCyclicEvent.cpp:TimeMissed():101|Cycle miss in event CCSICombinedRepManager. Time Overrun is 1001 us[EOL]
[2026-09-22T08:59:31.329094Z][APM_I.barcodereader][W][2330306][134]CRTCyclicEvent.cpp:TimeMissed():101|Cycle miss in event CCSICombinedRepManager. Time Overrun is 4717 us[EOL]
[2026-09-22T08:59:36.794191Z][APM_I.barcodereader][W][2330306][134]CRTCyclicEvent.cpp:TimeMissed():101|Cycle miss in event CCSICombinedCmdManager Cyclic Event. Time Overrun is 9855 us[EOL]
[2026-09-22T08:59:36.794214Z][APM_I.barcodereader][W][2330306][134]CRTCyclicEvent.cpp:TimeMissed():101|Cycle miss in event CCSICombinedRepManager. Time Overrun is 9855 us[EOL]
[2026-09-22T08:59:37.929880Z][APM_I.barcodereader][W][2330306][134]CRTCyclicEvent.cpp:TimeMissed():101|Cycle miss in event CCSICombinedCmdManager Cyclic Event. Time Overrun is 5533 us[EOL]
[2026-09-22T08:59:37.929619Z][APM_I.newgen-amplificationplatemagazine][W][2330306][140]CRTCyclicEvent.cpp:TimeMissed():101|Cycle miss in event CCSICombinedCmdManager Cyclic Event. Time Overrun is 1752 us[EOL]
[2026-09-22T08:59:37.929932Z][APM_I.barcodereader][W][2330306][134]CRTCyclicEvent.cpp:TimeMissed():101|Cycle miss in event CCSICombinedRepManager. Time Overrun is 5533 us[EOL]
[2026-09-22T08:59:37.929651Z][APM_I.newgen-amplificationplatemagazine][W][2330306][140]CRTCyclicEvent.cpp:TimeMissed():101|Cycle miss in event CCSICombinedRepManager. Time Overrun is 1752 us[EOL]
[2026-09-22T08:59:48.779467Z][APM_I.newgen-amplificationplatemagazine][W][2330306][140]CRTCyclicEvent.cpp:TimeMissed():101|Cycle miss in event CCSICombinedCmdManager Cyclic Event. Time Overrun is 1600 us[EOL]
[2026-09-22T08:59:48.779496Z][APM_I.newgen-amplificationplatemagazine][W][2330306][140]CRTCyclicEvent.cpp:TimeMissed():101|Cycle miss in event CCSICombinedRepManager. Time Overrun is 1600 us[EOL]
[2026-09-22T08:59:58.695034Z][APM_I.newgen-amplificationplatemagazine][I][2560016][140]IMessageHandler.h:operator()():40|Received RabbitMqMessage Roche.MolLab.InstrumentState.Ping. Content: {"Timestamp":"2026-09-22T08:59:58.6747518Z","PingId":"IS60"}[EOL]
[2026-09-22T08:59:58.695111Z][APM_I.newgen-amplificationplatemagazine][I][844444436][140]UnitCommunicator.cpp:SendEvent():424|Publishing event: type=Roche.c68_8800.AmplificationPlateMagazine.I.Echo correlation_id=(n/a)[EOL]
[2026-09-22T08:59:58.695150Z][APM_I.newgen-amplificationplatemagazine][I][2560017][140]MessageSender.h:SendEvent():105|Sent RabbitMqEvent Roche.c68_8800.AmplificationPlateMagazine.I.Echo. Content: {"Timestamp":"2026-09-22T08:59:58.695103Z","MagazineId":"I","PingId":"IS60"}[EOL]
[2026-09-22T09:00:02.846530Z][APM_I.barcodereader][W][2330306][134]CRTCyclicEvent.cpp:TimeMissed():101|Cycle miss in event CCSICombinedCmdManager Cyclic Event. Time Overrun is 2190 us[EOL]
[2026-09-22T09:00:02.846572Z][APM_I.barcodereader][W][2330306][134]CRTCyclicEvent.cpp:TimeMissed():101|Cycle miss in event CCSICombinedRepManager. Time Overrun is 2190 us[EOL]
[2026-09-22T09:00:04.350877Z][APM_I.newgen-amplificationplatemagazine][W][2330306][140]CRTCyclicEvent.cpp:TimeMissed():101|Cycle miss in event CCSICombinedCmdManager Cyclic Event. Time Overrun is 3009 us[EOL]
[2026-09-22T09:00:04.350914Z][APM_I.newgen-amplificationplatemagazine][W][2330306][140]CRTCyclicEvent.cpp:TimeMissed():101|Cycle miss in event CCSICombinedRepManager. Time Overrun is 3009 us[EOL]
[2026-09-22T09:00:04.354036Z][APM_I.barcodereader][W][2330306][134]CRTCyclicEvent.cpp:TimeMissed():101|Cycle miss in event CCSICombinedCmdManager Cyclic Event. Time Overrun is 9700 us[EOL]
[2026-09-22T09:00:04.354067Z][APM_I.barcodereader][W][2330306][134]CRTCyclicEvent.cpp:TimeMissed():101|Cycle miss in event CCSICombinedRepManager. Time Overrun is 9700 us[EOL]
[2026-09-22T09:00:06.570675Z][APM_I.newgen-amplificationplatemagazine][W][2330306][140]CRTCyclicEvent.cpp:TimeMissed():101|Cycle miss in event CCSICombinedCmdManager Cyclic Event. Time Overrun is 12809 us[EOL]
[2026-09-22T09:00:06.570699Z][APM_I.newgen-amplificationplatemagazine][W][2330306][140]CRTCyclicEvent.cpp:TimeMissed():101|Cycle miss in event CCSICombinedRepManager. Time Overrun is 12809 us[EOL]
[2026-09-22T09:00:10.158333Z][APM_I.barcodereader][W][2330306][134]CRTCyclicEvent.cpp:TimeMissed():101|Cycle miss in event CCSICombinedCmdManager Cyclic Event. Time Overrun is 3998 us[EOL]
[2026-09-22T09:00:10.158356Z][APM_I.barcodereader][W][2330306][134]CRTCyclicEvent.cpp:TimeMissed():101|Cycle miss in event CCSICombinedRepManager. Time Overrun is 3998 us[EOL]
[2026-09-22T09:00:13.531804Z][APM_I.newgen-amplificationplatemagazine][W][2330306][140]CRTCyclicEvent.cpp:TimeMissed():101|Cycle miss in event CCSICombinedCmdManager Cyclic Event. Time Overrun is 3917 us[EOL]
[2026-09-22T09:00:13.531893Z][APM_I.newgen-amplificationplatemagazine][W][2330306][140]CRTCyclicEvent.cpp:TimeMissed():101|Cycle miss in event CCSICombinedRepManager. Time Overrun is 3917 us[EOL]
[2026-09-22T09:00:16.786111Z][APM_I.barcodereader][W][2330306][134]CRTCyclicEvent.cpp:TimeMissed():101|Cycle miss in event CCSICombinedCmdManager Cyclic Event. Time Overrun is 11774 us[EOL]
[2026-09-22T09:00:16.786293Z][APM_I.newgen-amplificationplatemagazine][W][2330306][140]CRTCyclicEvent.cpp:TimeMissed():101|Cycle miss in event CCSICombinedCmdManager Cyclic Event. Time Overrun is 8421 us[EOL]
[2026-09-22T09:00:16.786316Z][APM_I.newgen-amplificationplatemagazine][W][2330306][140]CRTCyclicEvent.cpp:TimeMissed():101|Cycle miss in event CCSICombinedRepManager. Time Overrun is 8421 us[EOL]
[2026-09-22T09:00:16.786137Z][APM_I.barcodereader][W][2330306][134]CRTCyclicEvent.cpp:TimeMissed():101|Cycle miss in event CCSICombinedRepManager. Time Overrun is 11774 us[EOL]
[2026-09-22T09:00:22.839953Z][APM_I.barcodereader][W][2330306][134]CRTCyclicEvent.cpp:TimeMissed():101|Cycle miss in event CCSICombinedCmdManager Cyclic Event. Time Overrun is 25616 us[EOL]
[2026-09-22T09:00:22.839991Z][APM_I.barcodereader][W][2330306][134]CRTCyclicEvent.cpp:TimeMissed():101|Cycle miss in event CCSICombinedRepManager. Time Overrun is 25616 us[EOL]
[2026-09-22T09:00:22.842919Z][APM_I.newgen-amplificationplatemagazine][W][2330306][140]CRTCyclicEvent.cpp:TimeMissed():101|Cycle miss in event CCSICombinedCmdManager Cyclic Event. Time Overrun is 25052 us[EOL]
[2026-09-22T09:00:22.842958Z][APM_I.newgen-amplificationplatemagazine][W][2330306][140]CRTCyclicEvent.cpp:TimeMissed():101|Cycle miss in event CCSICombinedRepManager. Time Overrun is 25052 us[EOL]
[2026-09-22T09:00:28.683257Z][APM_I.newgen-amplificationplatemagazine][I][2560016][140]IMessageHandler.h:operator()():40|Received RabbitMqMessage Roche.MolLab.InstrumentState.Ping. Content: {"Timestamp":"2026-09-22T09:00:28.6746669Z","PingId":"IS61"}[EOL]
[2026-09-22T09:00:28.683299Z][APM_I.newgen-amplificationplatemagazine][I][844444436][140]UnitCommunicator.cpp:SendEvent():424|Publishing event: type=Roche.c68_8800.AmplificationPlateMagazine.I.Echo correlation_id=(n/a)[EOL]
[2026-09-22T09:00:28.683435Z][APM_I.newgen-amplificationplatemagazine][I][2560017][140]MessageSender.h:SendEvent():105|Sent RabbitMqEvent Roche.c68_8800.AmplificationPlateMagazine.I.Echo. Content: {"Timestamp":"2026-09-22T09:00:28.683293Z","MagazineId":"I","PingId":"IS61"}[EOL]
[2026-09-22T09:00:33.987994Z][APM_I.barcodereader][W][2330306][134]CRTCyclicEvent.cpp:TimeMissed():101|Cycle miss in event CCSICombinedCmdManager Cyclic Event. Time Overrun is 3656 us[EOL]
[2026-09-22T09:00:33.988039Z][APM_I.barcodereader][W][2330306][134]CRTCyclicEvent.cpp:TimeMissed():101|Cycle miss in event CCSICombinedRepManager. Time Overrun is 3656 us[EOL]
[2026-09-22T09:00:35.851155Z][APM_I.newgen-amplificationplatemagazine][W][2330306][140]CRTCyclicEvent.cpp:TimeMissed():101|Cycle miss in event CCSICombinedCmdManager Cyclic Event. Time Overrun is 3284 us[EOL]
[2026-09-22T09:00:35.851199Z][APM_I.newgen-amplificationplatemagazine][W][2330306][140]CRTCyclicEvent.cpp:TimeMissed():101|Cycle miss in event CCSICombinedRepManager. Time Overrun is 3284 us[EOL]
[2026-09-22T09:00:36.057350Z][APM_I.barcodereader][W][2330306][134]CRTCyclicEvent.cpp:TimeMissed():101|Cycle miss in event CCSICombinedCmdManager Cyclic Event. Time Overrun is 23009 us[EOL]
[2026-09-22T09:00:36.037979Z][APM_I.newgen-amplificationplatemagazine][W][2330306][140]CRTCyclicEvent.cpp:TimeMissed():101|Cycle miss in event CCSICombinedCmdManager Cyclic Event. Time Overrun is 10109 us[EOL]
[2026-09-22T09:00:36.057399Z][APM_I.barcodereader][W][2330306][134]CRTCyclicEvent.cpp:TimeMissed():101|Cycle miss in event CCSICombinedRepManager. Time Overrun is 23009 us[EOL]
[2026-09-22T09:00:36.038106Z][APM_I.newgen-amplificationplatemagazine][W][2330306][140]CRTCyclicEvent.cpp:TimeMissed():101|Cycle miss in event CCSICombinedRepManager. Time Overrun is 10109 us[EOL]
[2026-09-22T09:00:42.878309Z][APM_I.barcodereader][W][2330306][134]CRTCyclicEvent.cpp:TimeMissed():101|Cycle miss in event CCSICombinedCmdManager Cyclic Event. Time Overrun is 3970 us[EOL]
[2026-09-22T09:00:42.878350Z][APM_I.barcodereader][W][2330306][134]CRTCyclicEvent.cpp:TimeMissed():101|Cycle miss in event CCSICombinedRepManager. Time Overrun is 3970 us[EOL]
[2026-09-22T09:00:42.878168Z][APM_I.newgen-amplificationplatemagazine][W][2330306][140]CRTCyclicEvent.cpp:TimeMissed():101|Cycle miss in event CCSICombinedCmdManager Cyclic Event. Time Overrun is 239 us[EOL]
[2026-09-22T09:00:42.878208Z][APM_I.newgen-amplificationplatemagazine][W][2330306][140]CRTCyclicEvent.cpp:TimeMissed():101|Cycle miss in event CCSICombinedRepManager. Time Overrun is 239 us[EOL]
[2026-09-22T09:00:43.871897Z][APM_I.newgen-amplificationplatemagazine][W][2330306][140]CRTCyclicEvent.cpp:TimeMissed():101|Cycle miss in event CCSICombinedCmdManager Cyclic Event. Time Overrun is 4028 us[EOL]
[2026-09-22T09:00:43.871943Z][APM_I.newgen-amplificationplatemagazine][W][2330306][140]CRTCyclicEvent.cpp:TimeMissed():101|Cycle miss in event CCSICombinedRepManager. Time Overrun is 4028 us[EOL]
[2026-09-22T09:00:47.109486Z][APM_I.barcodereader][W][2330306][134]CRTCyclicEvent.cpp:TimeMissed():101|Cycle miss in event CCSICombinedCmdManager Cyclic Event. Time Overrun is 5146 us[EOL]
[2026-09-22T09:00:47.109533Z][APM_I.barcodereader][W][2330306][134]CRTCyclicEvent.cpp:TimeMissed():101|Cycle miss in event CCSICombinedRepManager. Time Overrun is 5146 us[EOL]
[2026-09-22T09:00:47.824337Z][APM_I.newgen-amplificationplatemagazine][W][2330306][140]CRTCyclicEvent.cpp:TimeMissed():101|Cycle miss in event CCSICombinedCmdManager Cyclic Event. Time Overrun is 6464 us[EOL]
[2026-09-22T09:00:47.824391Z][APM_I.newgen-amplificationplatemagazine][W][2330306][140]CRTCyclicEvent.cpp:TimeMissed():101|Cycle miss in event CCSICombinedRepManager. Time Overrun is 6464 us[EOL]
[2026-09-22T09:00:47.822339Z][APM_I.barcodereader][W][2330306][134]CRTCyclicEvent.cpp:TimeMissed():101|Cycle miss in event CCSICombinedCmdManager Cyclic Event. Time Overrun is 8000 us[EOL]
[2026-09-22T09:00:47.822375Z][APM_I.barcodereader][W][2330306][134]CRTCyclicEvent.cpp:TimeMissed():101|Cycle miss in event CCSICombinedRepManager. Time Overrun is 8000 us[EOL]
[2026-09-22T09:00:47.934808Z][APM_I.barcodereader][W][2330306][134]CRTCyclicEvent.cpp:TimeMissed():101|Cycle miss in event CCSICombinedCmdManager Cyclic Event. Time Overrun is 460 us[EOL]
[2026-09-22T09:00:47.934858Z][APM_I.barcodereader][W][2330306][134]CRTCyclicEvent.cpp:TimeMissed():101|Cycle miss in event CCSICombinedRepManager. Time Overrun is 460 us[EOL]
[2026-09-22T09:00:47.999629Z][APM_I.newgen-amplificationplatemagazine][W][2330306][140]CRTCyclicEvent.cpp:TimeMissed():101|Cycle miss in event CCSICombinedCmdManager Cyclic Event. Time Overrun is 1758 us[EOL]
[2026-09-22T09:00:47.999677Z][APM_I.newgen-amplificationplatemagazine][W][2330306][140]CRTCyclicEvent.cpp:TimeMissed():101|Cycle miss in event CCSICombinedRepManager. Time Overrun is 1758 us[EOL]
[2026-09-22T09:00:48.127276Z][APM_I.barcodereader][W][2330306][134]CRTCyclicEvent.cpp:TimeMissed():101|Cycle miss in event CCSICombinedCmdManager Cyclic Event. Time Overrun is 2925 us[EOL]
[2026-09-22T09:00:48.127336Z][APM_I.barcodereader][W][2330306][134]CRTCyclicEvent.cpp:TimeMissed():101|Cycle miss in event CCSICombinedRepManager. Time Overrun is 2925 us[EOL]
[2026-09-22T09:00:48.139830Z][APM_I.newgen-amplificationplatemagazine][W][2330306][140]CRTCyclicEvent.cpp:TimeMissed():101|Cycle miss in event CCSICombinedCmdManager Cyclic Event. Time Overrun is 1960 us[EOL]
[2026-09-22T09:00:48.139872Z][APM_I.newgen-amplificationplatemagazine][W][2330306][140]CRTCyclicEvent.cpp:TimeMissed():101|Cycle miss in event CCSICombinedRepManager. Time Overrun is 1960 us[EOL]
[2026-09-22T09:00:48.542037Z][APM_I.newgen-amplificationplatemagazine][W][2330306][140]CRTCyclicEvent.cpp:TimeMissed():101|Cycle miss in event CCSICombinedCmdManager Cyclic Event. Time Overrun is 14166 us[EOL]
[2026-09-22T09:00:48.542084Z][APM_I.newgen-amplificationplatemagazine][W][2330306][140]CRTCyclicEvent.cpp:TimeMissed():101|Cycle miss in event CCSICombinedRepManager. Time Overrun is 14166 us[EOL]
[2026-09-22T09:00:49.017939Z][APM_I.newgen-amplificationplatemagazine][W][2330306][140]CRTCyclicEvent.cpp:TimeMissed():101|Cycle miss in event CCSICombinedCmdManager Cyclic Event. Time Overrun is 69 us[EOL]
[2026-09-22T09:00:49.017997Z][APM_I.newgen-amplificationplatemagazine][W][2330306][140]CRTCyclicEvent.cpp:TimeMissed():101|Cycle miss in event CCSICombinedRepManager. Time Overrun is 69 us[EOL]
[2026-09-22T09:00:56.098732Z][APM_I.newgen-amplificationplatemagazine][W][2330306][140]CRTCyclicEvent.cpp:TimeMissed():101|Cycle miss in event CCSICombinedCmdManager Cyclic Event. Time Overrun is 20862 us[EOL]
[2026-09-22T09:00:56.098802Z][APM_I.newgen-amplificationplatemagazine][W][2330306][140]CRTCyclicEvent.cpp:TimeMissed():101|Cycle miss in event CCSICombinedRepManager. Time Overrun is 20862 us[EOL]
[2026-09-22T09:00:56.103827Z][APM_I.barcodereader][W][2330306][134]CRTCyclicEvent.cpp:TimeMissed():101|Cycle miss in event CCSICombinedCmdManager Cyclic Event. Time Overrun is 19487 us[EOL]
[2026-09-22T09:00:56.103877Z][APM_I.barcodereader][W][2330306][134]CRTCyclicEvent.cpp:TimeMissed():101|Cycle miss in event CCSICombinedRepManager. Time Overrun is 19487 us[EOL]
[2026-09-22T09:00:56.994788Z][APM_I.newgen-amplificationplatemagazine][W][2330306][140]CRTCyclicEvent.cpp:TimeMissed():101|Cycle miss in event CCSICombinedCmdManager Cyclic Event. Time Overrun is 6918 us[EOL]
[2026-09-22T09:00:56.992897Z][APM_I.barcodereader][W][2330306][134]CRTCyclicEvent.cpp:TimeMissed():101|Cycle miss in event CCSICombinedCmdManager Cyclic Event. Time Overrun is 8558 us[EOL]
[2026-09-22T09:00:56.992964Z][APM_I.barcodereader][W][2330306][134]CRTCyclicEvent.cpp:TimeMissed():101|Cycle miss in event CCSICombinedRepManager. Time Overrun is 8558 us[EOL]
[2026-09-22T09:00:56.994841Z][APM_I.newgen-amplificationplatemagazine][W][2330306][140]CRTCyclicEvent.cpp:TimeMissed():101|Cycle miss in event CCSICombinedRepManager. Time Overrun is 6918 us[EOL]
[2026-09-22T09:00:57.204584Z][APM_I.barcodereader][W][2330306][134]CRTCyclicEvent.cpp:TimeMissed():101|Cycle miss in event CCSICombinedCmdManager Cyclic Event. Time Overrun is 40245 us[EOL]
[2026-09-22T09:00:57.204630Z][APM_I.barcodereader][W][2330306][134]CRTCyclicEvent.cpp:TimeMissed():101|Cycle miss in event CCSICombinedRepManager. Time Overrun is 40245 us[EOL]
[2026-09-22T09:00:57.847795Z][APM_I.newgen-amplificationplatemagazine][W][2330306][140]CRTCyclicEvent.cpp:TimeMissed():101|Cycle miss in event CCSICombinedCmdManager Cyclic Event. Time Overrun is 9880 us[EOL]
[2026-09-22T09:00:57.847932Z][APM_I.newgen-amplificationplatemagazine][W][2330306][140]CRTCyclicEvent.cpp:TimeMissed():101|Cycle miss in event CCSICombinedRepManager. Time Overrun is 9880 us[EOL]
[2026-09-22T09:00:57.848781Z][APM_I.barcodereader][W][2330306][134]CRTCyclicEvent.cpp:TimeMissed():101|Cycle miss in event CCSICombinedCmdManager Cyclic Event. Time Overrun is 4441 us[EOL]
[2026-09-22T09:00:57.848819Z][APM_I.barcodereader][W][2330306][134]CRTCyclicEvent.cpp:TimeMissed():101|Cycle miss in event CCSICombinedRepManager. Time Overrun is 4441 us[EOL]
[2026-09-22T09:00:58.701449Z][APM_I.newgen-amplificationplatemagazine][I][2560016][140]IMessageHandler.h:operator()():40|Received RabbitMqMessage Roche.MolLab.InstrumentState.Ping. Content: {"Timestamp":"2026-09-22T09:00:58.6773751Z","PingId":"IS62"}[EOL]
[2026-09-22T09:00:58.701504Z][APM_I.newgen-amplificationplatemagazine][I][844444436][140]UnitCommunicator.cpp:SendEvent():424|Publishing event: type=Roche.c68_8800.AmplificationPlateMagazine.I.Echo correlation_id=(n/a)[EOL]
[2026-09-22T09:00:58.701540Z][APM_I.newgen-amplificationplatemagazine][I][2560017][140]MessageSender.h:SendEvent():105|Sent RabbitMqEvent Roche.c68_8800.AmplificationPlateMagazine.I.Echo. Content: {"Timestamp":"2026-09-22T09:00:58.701495Z","MagazineId":"I","PingId":"IS62"}[EOL]
[2026-09-22T09:00:58.760660Z][APM_I.newgen-amplificationplatemagazine][W][2330306][140]CRTCyclicEvent.cpp:TimeMissed():101|Cycle miss in event CCSICombinedCmdManager Cyclic Event. Time Overrun is 12784 us[EOL]
[2026-09-22T09:00:58.760715Z][APM_I.newgen-amplificationplatemagazine][W][2330306][140]CRTCyclicEvent.cpp:TimeMissed():101|Cycle miss in event CCSICombinedRepManager. Time Overrun is 12784 us[EOL]
[2026-09-22T09:00:58.761034Z][APM_I.barcodereader][W][2330306][134]CRTCyclicEvent.cpp:TimeMissed():101|Cycle miss in event CCSICombinedCmdManager Cyclic Event. Time Overrun is 6695 us[EOL]
[2026-09-22T09:00:58.761074Z][APM_I.barcodereader][W][2330306][134]CRTCyclicEvent.cpp:TimeMissed():101|Cycle miss in event CCSICombinedRepManager. Time Overrun is 6695 us[EOL]
[2026-09-22T09:00:59.581413Z][APM_I.barcodereader][W][2330306][134]CRTCyclicEvent.cpp:TimeMissed():101|Cycle miss in event CCSICombinedCmdManager Cyclic Event. Time Overrun is 7074 us[EOL]
[2026-09-22T09:00:59.581454Z][APM_I.barcodereader][W][2330306][134]CRTCyclicEvent.cpp:TimeMissed():101|Cycle miss in event CCSICombinedRepManager. Time Overrun is 7074 us[EOL]
[2026-09-22T09:00:59.588400Z][APM_I.newgen-amplificationplatemagazine][W][2330306][140]CRTCyclicEvent.cpp:TimeMissed():101|Cycle miss in event CCSICombinedCmdManager Cyclic Event. Time Overrun is 10528 us[EOL]
[2026-09-22T09:00:59.588451Z][APM_I.newgen-amplificationplatemagazine][W][2330306][140]CRTCyclicEvent.cpp:TimeMissed():101|Cycle miss in event CCSICombinedRepManager. Time Overrun is 10528 us[EOL]
[2026-09-22T09:01:00.224655Z][APM_I.newgen-amplificationplatemagazine][W][2330306][140]CRTCyclicEvent.cpp:TimeMissed():101|Cycle miss in event CCSICombinedCmdManager Cyclic Event. Time Overrun is 6783 us[EOL]
[2026-09-22T09:01:00.225109Z][APM_I.barcodereader][W][2330306][134]CRTCyclicEvent.cpp:TimeMissed():101|Cycle miss in event CCSICombinedCmdManager Cyclic Event. Time Overrun is 769 us[EOL]
[2026-09-22T09:01:00.224701Z][APM_I.newgen-amplificationplatemagazine][W][2330306][140]CRTCyclicEvent.cpp:TimeMissed():101|Cycle miss in event CCSICombinedRepManager. Time Overrun is 6783 us[EOL]
[2026-09-22T09:01:00.225149Z][APM_I.barcodereader][W][2330306][134]CRTCyclicEvent.cpp:TimeMissed():101|Cycle miss in event CCSICombinedRepManager. Time Overrun is 769 us[EOL]
[2026-09-22T09:01:12.308248Z][APM_I.newgen-amplificationplatemagazine][W][2330306][140]CRTCyclicEvent.cpp:TimeMissed():101|Cycle miss in event CCSICombinedCmdManager Cyclic Event. Time Overrun is 10371 us[EOL]
[2026-09-22T09:01:12.308425Z][APM_I.newgen-amplificationplatemagazine][W][2330306][140]CRTCyclicEvent.cpp:TimeMissed():101|Cycle miss in event CCSICombinedRepManager. Time Overrun is 10371 us[EOL]
[2026-09-22T09:01:28.681121Z][APM_I.newgen-amplificationplatemagazine][I][2560016][140]IMessageHandler.h:operator()():40|Received RabbitMqMessage Roche.MolLab.InstrumentState.Ping. Content: {"Timestamp":"2026-09-22T09:01:28.6740293Z","PingId":"IS63"}[EOL]
[2026-09-22T09:01:28.681201Z][APM_I.newgen-amplificationplatemagazine][I][844444436][140]UnitCommunicator.cpp:SendEvent():424|Publishing event: type=Roche.c68_8800.AmplificationPlateMagazine.I.Echo correlation_id=(n/a)[EOL]
[2026-09-22T09:01:28.681237Z][APM_I.newgen-amplificationplatemagazine][I][2560017][140]MessageSender.h:SendEvent():105|Sent RabbitMqEvent Roche.c68_8800.AmplificationPlateMagazine.I.Echo. Content: {"Timestamp":"2026-09-22T09:01:28.681187Z","MagazineId":"I","PingId":"IS63"}[EOL]
[2026-09-22T09:01:28.771358Z][APM_I.barcodereader][W][2330306][134]CRTCyclicEvent.cpp:TimeMissed():101|Cycle miss in event CCSICombinedCmdManager Cyclic Event. Time Overrun is 17019 us[EOL]
[2026-09-22T09:01:28.771395Z][APM_I.barcodereader][W][2330306][134]CRTCyclicEvent.cpp:TimeMissed():101|Cycle miss in event CCSICombinedRepManager. Time Overrun is 17019 us[EOL]
[2026-09-22T09:01:30.071785Z][APM_I.newgen-amplificationplatemagazine][W][2330306][140]CRTCyclicEvent.cpp:TimeMissed():101|Cycle miss in event CCSICombinedCmdManager Cyclic Event. Time Overrun is 3910 us[EOL]
[2026-09-22T09:01:30.071835Z][APM_I.newgen-amplificationplatemagazine][W][2330306][140]CRTCyclicEvent.cpp:TimeMissed():101|Cycle miss in event CCSICombinedRepManager. Time Overrun is 3910 us[EOL]
[2026-09-22T09:01:48.338299Z][APM_I.barcodereader][W][2330306][134]CRTCyclicEvent.cpp:TimeMissed():101|Cycle miss in event CCSICombinedCmdManager Cyclic Event. Time Overrun is 3956 us[EOL]
[2026-09-22T09:01:48.338332Z][APM_I.barcodereader][W][2330306][134]CRTCyclicEvent.cpp:TimeMissed():101|Cycle miss in event CCSICombinedRepManager. Time Overrun is 3956 us[EOL]
[2026-09-22T09:01:50.071717Z][APM_I.newgen-amplificationplatemagazine][W][2330306][140]CRTCyclicEvent.cpp:TimeMissed():101|Cycle miss in event CCSICombinedCmdManager Cyclic Event. Time Overrun is 23850 us[EOL]
[2026-09-22T09:01:50.071746Z][APM_I.newgen-amplificationplatemagazine][W][2330306][140]CRTCyclicEvent.cpp:TimeMissed():101|Cycle miss in event CCSICombinedRepManager. Time Overrun is 23850 us[EOL]
[2026-09-22T09:01:50.071660Z][APM_I.barcodereader][W][2330306][134]CRTCyclicEvent.cpp:TimeMissed():101|Cycle miss in event CCSICombinedCmdManager Cyclic Event. Time Overrun is 27319 us[EOL]
[2026-09-22T09:01:50.071719Z][APM_I.barcodereader][W][2330306][134]CRTCyclicEvent.cpp:TimeMissed():101|Cycle miss in event CCSICombinedRepManager. Time Overrun is 27319 us[EOL]
[2026-09-22T09:01:53.675325Z][APM_I.barcodereader][W][2330306][134]CRTCyclicEvent.cpp:TimeMissed():101|Cycle miss in event CCSICombinedCmdManager Cyclic Event. Time Overrun is 10989 us[EOL]
[2026-09-22T09:01:53.675346Z][APM_I.barcodereader][W][2330306][134]CRTCyclicEvent.cpp:TimeMissed():101|Cycle miss in event CCSICombinedRepManager. Time Overrun is 10989 us[EOL]
[2026-09-22T09:01:54.266686Z][APM_I.newgen-amplificationplatemagazine][W][2330306][140]CRTCyclicEvent.cpp:TimeMissed():101|Cycle miss in event CCSICombinedCmdManager Cyclic Event. Time Overrun is 18816 us[EOL]
[2026-09-22T09:01:54.267317Z][APM_I.barcodereader][W][2330306][134]CRTCyclicEvent.cpp:TimeMissed():101|Cycle miss in event CCSICombinedCmdManager Cyclic Event. Time Overrun is 12977 us[EOL]
[2026-09-22T09:01:54.267347Z][APM_I.barcodereader][W][2330306][134]CRTCyclicEvent.cpp:TimeMissed():101|Cycle miss in event CCSICombinedRepManager. Time Overrun is 12977 us[EOL]
[2026-09-22T09:01:54.266737Z][APM_I.newgen-amplificationplatemagazine][W][2330306][140]CRTCyclicEvent.cpp:TimeMissed():101|Cycle miss in event CCSICombinedRepManager. Time Overrun is 18816 us[EOL]
[2026-09-22T09:01:58.683914Z][APM_I.newgen-amplificationplatemagazine][I][2560016][140]IMessageHandler.h:operator()():40|Received RabbitMqMessage Roche.MolLab.InstrumentState.Ping. Content: {"Timestamp":"2026-09-22T09:01:58.6740698Z","PingId":"IS64"}[EOL]
[2026-09-22T09:01:58.683948Z][APM_I.newgen-amplificationplatemagazine][I][844444436][140]UnitCommunicator.cpp:SendEvent():424|Publishing event: type=Roche.c68_8800.AmplificationPlateMagazine.I.Echo correlation_id=(n/a)[EOL]
[2026-09-22T09:01:58.683984Z][APM_I.newgen-amplificationplatemagazine][I][2560017][140]MessageSender.h:SendEvent():105|Sent RabbitMqEvent Roche.c68_8800.AmplificationPlateMagazine.I.Echo. Content: {"Timestamp":"2026-09-22T09:01:58.683943Z","MagazineId":"I","PingId":"IS64"}[EOL]
[2026-09-22T09:02:02.473157Z][APM_I.newgen-amplificationplatemagazine][W][2330306][140]CRTCyclicEvent.cpp:TimeMissed():101|Cycle miss in event CCSICombinedCmdManager Cyclic Event. Time Overrun is 5290 us[EOL]
[2026-09-22T09:02:02.473187Z][APM_I.newgen-amplificationplatemagazine][W][2330306][140]CRTCyclicEvent.cpp:TimeMissed():101|Cycle miss in event CCSICombinedRepManager. Time Overrun is 5290 us[EOL]
[2026-09-22T09:02:02.850571Z][APM_I.newgen-amplificationplatemagazine][W][2330306][140]CRTCyclicEvent.cpp:TimeMissed():101|Cycle miss in event CCSICombinedCmdManager Cyclic Event. Time Overrun is 2693 us[EOL]
[2026-09-22T09:02:02.850612Z][APM_I.newgen-amplificationplatemagazine][W][2330306][140]CRTCyclicEvent.cpp:TimeMissed():101|Cycle miss in event CCSICombinedRepManager. Time Overrun is 2693 us[EOL]
[2026-09-22T09:02:06.791594Z][APM_I.newgen-amplificationplatemagazine][W][2330306][140]CRTCyclicEvent.cpp:TimeMissed():101|Cycle miss in event CCSICombinedCmdManager Cyclic Event. Time Overrun is 13716 us[EOL]
[2026-09-22T09:02:06.791622Z][APM_I.newgen-amplificationplatemagazine][W][2330306][140]CRTCyclicEvent.cpp:TimeMissed():101|Cycle miss in event CCSICombinedRepManager. Time Overrun is 13716 us[EOL]
[2026-09-22T09:02:06.791760Z][APM_I.barcodereader][W][2330306][134]CRTCyclicEvent.cpp:TimeMissed():101|Cycle miss in event CCSICombinedCmdManager Cyclic Event. Time Overrun is 7425 us[EOL]
[2026-09-22T09:02:06.791783Z][APM_I.barcodereader][W][2330306][134]CRTCyclicEvent.cpp:TimeMissed():101|Cycle miss in event CCSICombinedRepManager. Time Overrun is 7425 us[EOL]
[2026-09-22T09:02:08.518044Z][APM_I.newgen-amplificationplatemagazine][W][2330306][140]CRTCyclicEvent.cpp:TimeMissed():101|Cycle miss in event CCSICombinedCmdManager Cyclic Event. Time Overrun is 176 us[EOL]
[2026-09-22T09:02:08.518074Z][APM_I.newgen-amplificationplatemagazine][W][2330306][140]CRTCyclicEvent.cpp:TimeMissed():101|Cycle miss in event CCSICombinedRepManager. Time Overrun is 176 us[EOL]
[2026-09-22T09:02:11.323848Z][APM_I.newgen-amplificationplatemagazine][W][2330306][140]CRTCyclicEvent.cpp:TimeMissed():101|Cycle miss in event CCSICombinedCmdManager Cyclic Event. Time Overrun is 5974 us[EOL]
[2026-09-22T09:02:11.323899Z][APM_I.newgen-amplificationplatemagazine][W][2330306][140]CRTCyclicEvent.cpp:TimeMissed():101|Cycle miss in event CCSICombinedRepManager. Time Overrun is 5974 us[EOL]
[2026-09-22T09:02:21.204709Z][APM_I.barcodereader][W][2330306][134]CRTCyclicEvent.cpp:TimeMissed():101|Cycle miss in event CCSICombinedCmdManager Cyclic Event. Time Overrun is 187 us[EOL]
[2026-09-22T09:02:21.204890Z][APM_I.barcodereader][W][2330306][134]CRTCyclicEvent.cpp:TimeMissed():101|Cycle miss in event CCSICombinedRepManager. Time Overrun is 187 us[EOL]
[2026-09-22T09:02:22.272898Z][APM_I.newgen-amplificationplatemagazine][W][2330306][140]CRTCyclicEvent.cpp:TimeMissed():101|Cycle miss in event CCSICombinedCmdManager Cyclic Event. Time Overrun is 15026 us[EOL]
[2026-09-22T09:02:22.272945Z][APM_I.newgen-amplificationplatemagazine][W][2330306][140]CRTCyclicEvent.cpp:TimeMissed():101|Cycle miss in event CCSICombinedRepManager. Time Overrun is 15026 us[EOL]
[2026-09-22T09:02:22.270569Z][APM_I.barcodereader][W][2330306][134]CRTCyclicEvent.cpp:TimeMissed():101|Cycle miss in event CCSICombinedCmdManager Cyclic Event. Time Overrun is 6229 us[EOL]
[2026-09-22T09:02:22.270609Z][APM_I.barcodereader][W][2330306][134]CRTCyclicEvent.cpp:TimeMissed():101|Cycle miss in event CCSICombinedRepManager. Time Overrun is 6229 us[EOL]
[2026-09-22T09:02:28.675906Z][APM_I.newgen-amplificationplatemagazine][I][2560016][140]IMessageHandler.h:operator()():40|Received RabbitMqMessage Roche.MolLab.InstrumentState.Ping. Content: {"Timestamp":"2026-09-22T09:02:28.6735358Z","PingId":"IS65"}[EOL]
[2026-09-22T09:02:28.675955Z][APM_I.newgen-amplificationplatemagazine][I][844444436][140]UnitCommunicator.cpp:SendEvent():424|Publishing event: type=Roche.c68_8800.AmplificationPlateMagazine.I.Echo correlation_id=(n/a)[EOL]
[2026-09-22T09:02:28.675981Z][APM_I.newgen-amplificationplatemagazine][I][2560017][140]MessageSender.h:SendEvent():105|Sent RabbitMqEvent Roche.c68_8800.AmplificationPlateMagazine.I.Echo. Content: {"Timestamp":"2026-09-22T09:02:28.675948Z","MagazineId":"I","PingId":"IS65"}[EOL]
[2026-09-22T09:02:32.470948Z][APM_I.newgen-amplificationplatemagazine][W][2330306][140]CRTCyclicEvent.cpp:TimeMissed():101|Cycle miss in event CCSICombinedCmdManager Cyclic Event. Time Overrun is 3083 us[EOL]
[2026-09-22T09:02:32.469287Z][APM_I.barcodereader][W][2330306][134]CRTCyclicEvent.cpp:TimeMissed():101|Cycle miss in event CCSICombinedCmdManager Cyclic Event. Time Overrun is 4950 us[EOL]
[2026-09-22T09:02:32.469313Z][APM_I.barcodereader][W][2330306][134]CRTCyclicEvent.cpp:TimeMissed():101|Cycle miss in event CCSICombinedRepManager. Time Overrun is 4950 us[EOL]
[2026-09-22T09:02:32.471029Z][APM_I.newgen-amplificationplatemagazine][W][2330306][140]CRTCyclicEvent.cpp:TimeMissed():101|Cycle miss in event CCSICombinedRepManager. Time Overrun is 3083 us[EOL]
[2026-09-22T09:02:35.713469Z][APM_I.newgen-amplificationplatemagazine][W][2330306][140]CRTCyclicEvent.cpp:TimeMissed():101|Cycle miss in event CCSICombinedCmdManager Cyclic Event. Time Overrun is 15603 us[EOL]
[2026-09-22T09:02:35.713495Z][APM_I.newgen-amplificationplatemagazine][W][2330306][140]CRTCyclicEvent.cpp:TimeMissed():101|Cycle miss in event CCSICombinedRepManager. Time Overrun is 15603 us[EOL]
[2026-09-22T09:02:35.713503Z][APM_I.barcodereader][W][2330306][134]CRTCyclicEvent.cpp:TimeMissed():101|Cycle miss in event CCSICombinedCmdManager Cyclic Event. Time Overrun is 9167 us[EOL]
[2026-09-22T09:02:35.713523Z][APM_I.barcodereader][W][2330306][134]CRTCyclicEvent.cpp:TimeMissed():101|Cycle miss in event CCSICombinedRepManager. Time Overrun is 9167 us[EOL]
[2026-09-22T09:02:39.531407Z][APM_I.newgen-amplificationplatemagazine][W][2330306][140]CRTCyclicEvent.cpp:TimeMissed():101|Cycle miss in event CCSICombinedCmdManager Cyclic Event. Time Overrun is 3539 us[EOL]
[2026-09-22T09:02:39.531462Z][APM_I.newgen-amplificationplatemagazine][W][2330306][140]CRTCyclicEvent.cpp:TimeMissed():101|Cycle miss in event CCSICombinedRepManager. Time Overrun is 3539 us[EOL]
[2026-09-22T09:02:40.009288Z][APM_I.barcodereader][W][2330306][134]CRTCyclicEvent.cpp:TimeMissed():101|Cycle miss in event CCSICombinedCmdManager Cyclic Event. Time Overrun is 4951 us[EOL]
[2026-09-22T09:02:40.009318Z][APM_I.barcodereader][W][2330306][134]CRTCyclicEvent.cpp:TimeMissed():101|Cycle miss in event CCSICombinedRepManager. Time Overrun is 4951 us[EOL]
[2026-09-22T09:02:40.008933Z][APM_I.newgen-amplificationplatemagazine][W][2330306][140]CRTCyclicEvent.cpp:TimeMissed():101|Cycle miss in event CCSICombinedCmdManager Cyclic Event. Time Overrun is 11065 us[EOL]
[2026-09-22T09:02:40.009124Z][APM_I.newgen-amplificationplatemagazine][W][2330306][140]CRTCyclicEvent.cpp:TimeMissed():101|Cycle miss in event CCSICombinedRepManager. Time Overrun is 11065 us[EOL]
[2026-09-22T09:02:47.838901Z][APM_I.newgen-amplificationplatemagazine][W][2330306][140]CRTCyclicEvent.cpp:TimeMissed():101|Cycle miss in event CCSICombinedCmdManager Cyclic Event. Time Overrun is 1033 us[EOL]
[2026-09-22T09:02:47.838939Z][APM_I.newgen-amplificationplatemagazine][W][2330306][140]CRTCyclicEvent.cpp:TimeMissed():101|Cycle miss in event CCSICombinedRepManager. Time Overrun is 1033 us[EOL]
[2026-09-22T09:02:49.024687Z][APM_I.barcodereader][W][2330306][134]CRTCyclicEvent.cpp:TimeMissed():101|Cycle miss in event CCSICombinedCmdManager Cyclic Event. Time Overrun is 349 us[EOL]
[2026-09-22T09:02:49.024715Z][APM_I.barcodereader][W][2330306][134]CRTCyclicEvent.cpp:TimeMissed():101|Cycle miss in event CCSICombinedRepManager. Time Overrun is 349 us[EOL]
[2026-09-22T09:02:49.028538Z][APM_I.newgen-amplificationplatemagazine][W][2330306][140]CRTCyclicEvent.cpp:TimeMissed():101|Cycle miss in event CCSICombinedCmdManager Cyclic Event. Time Overrun is 664 us[EOL]
[2026-09-22T09:02:49.028609Z][APM_I.newgen-amplificationplatemagazine][W][2330306][140]CRTCyclicEvent.cpp:TimeMissed():101|Cycle miss in event CCSICombinedRepManager. Time Overrun is 664 us[EOL]
[2026-09-22T09:02:52.179650Z][APM_I.newgen-amplificationplatemagazine][W][2330306][140]CRTCyclicEvent.cpp:TimeMissed():101|Cycle miss in event CCSICombinedCmdManager Cyclic Event. Time Overrun is 21781 us[EOL]
[2026-09-22T09:02:52.179686Z][APM_I.newgen-amplificationplatemagazine][W][2330306][140]CRTCyclicEvent.cpp:TimeMissed():101|Cycle miss in event CCSICombinedRepManager. Time Overrun is 21781 us[EOL]
[2026-09-22T09:02:52.182544Z][APM_I.barcodereader][W][2330306][134]CRTCyclicEvent.cpp:TimeMissed():101|Cycle miss in event CCSICombinedCmdManager Cyclic Event. Time Overrun is 28206 us[EOL]
[2026-09-22T09:02:52.182569Z][APM_I.barcodereader][W][2330306][134]CRTCyclicEvent.cpp:TimeMissed():101|Cycle miss in event CCSICombinedRepManager. Time Overrun is 28206 us[EOL]
[2026-09-22T09:02:58.682093Z][APM_I.newgen-amplificationplatemagazine][I][2560016][140]IMessageHandler.h:operator()():40|Received RabbitMqMessage Roche.MolLab.InstrumentState.Ping. Content: {"Timestamp":"2026-09-22T09:02:58.675747Z","PingId":"IS66"}[EOL]
[2026-09-22T09:02:58.682140Z][APM_I.newgen-amplificationplatemagazine][I][844444436][140]UnitCommunicator.cpp:SendEvent():424|Publishing event: type=Roche.c68_8800.AmplificationPlateMagazine.I.Echo correlation_id=(n/a)[EOL]
[2026-09-22T09:02:58.682167Z][APM_I.newgen-amplificationplatemagazine][I][2560017][140]MessageSender.h:SendEvent():105|Sent RabbitMqEvent Roche.c68_8800.AmplificationPlateMagazine.I.Echo. Content: {"Timestamp":"2026-09-22T09:02:58.682133Z","MagazineId":"I","PingId":"IS66"}[EOL]
[2026-09-22T09:03:12.827884Z][APM_I.newgen-amplificationplatemagazine][W][2330306][140]CRTCyclicEvent.cpp:TimeMissed():101|Cycle miss in event CCSICombinedCmdManager Cyclic Event. Time Overrun is 17 us[EOL]
[2026-09-22T09:03:12.827913Z][APM_I.newgen-amplificationplatemagazine][W][2330306][140]CRTCyclicEvent.cpp:TimeMissed():101|Cycle miss in event CCSICombinedRepManager. Time Overrun is 17 us[EOL]
[2026-09-22T09:03:24.798983Z][APM_I.barcodereader][W][2330306][134]CRTCyclicEvent.cpp:TimeMissed():101|Cycle miss in event CCSICombinedCmdManager Cyclic Event. Time Overrun is 4645 us[EOL]
[2026-09-22T09:03:24.799014Z][APM_I.barcodereader][W][2330306][134]CRTCyclicEvent.cpp:TimeMissed():101|Cycle miss in event CCSICombinedRepManager. Time Overrun is 4645 us[EOL]
[2026-09-22T09:03:28.685162Z][APM_I.newgen-amplificationplatemagazine][I][2560016][140]IMessageHandler.h:operator()():40|Received RabbitMqMessage Roche.MolLab.InstrumentState.Ping. Content: {"Timestamp":"2026-09-22T09:03:28.675132Z","PingId":"IS67"}[EOL]
[2026-09-22T09:03:28.685202Z][APM_I.newgen-amplificationplatemagazine][I][844444436][140]UnitCommunicator.cpp:SendEvent():424|Publishing event: type=Roche.c68_8800.AmplificationPlateMagazine.I.Echo correlation_id=(n/a)[EOL]
[2026-09-22T09:03:28.685227Z][APM_I.newgen-amplificationplatemagazine][I][2560017][140]MessageSender.h:SendEvent():105|Sent RabbitMqEvent Roche.c68_8800.AmplificationPlateMagazine.I.Echo. Content: {"Timestamp":"2026-09-22T09:03:28.685195Z","MagazineId":"I","PingId":"IS67"}[EOL]
[2026-09-22T09:03:28.746451Z][APM_I.barcodereader][W][2330306][134]CRTCyclicEvent.cpp:TimeMissed():101|Cycle miss in event CCSICombinedCmdManager Cyclic Event. Time Overrun is 2115 us[EOL]
[2026-09-22T09:03:28.746470Z][APM_I.barcodereader][W][2330306][134]CRTCyclicEvent.cpp:TimeMissed():101|Cycle miss in event CCSICombinedRepManager. Time Overrun is 2115 us[EOL]
[2026-09-22T09:03:28.745666Z][APM_I.newgen-amplificationplatemagazine][W][2330306][140]CRTCyclicEvent.cpp:TimeMissed():101|Cycle miss in event CCSICombinedCmdManager Cyclic Event. Time Overrun is 7755 us[EOL]
[2026-09-22T09:03:28.745717Z][APM_I.newgen-amplificationplatemagazine][W][2330306][140]CRTCyclicEvent.cpp:TimeMissed():101|Cycle miss in event CCSICombinedRepManager. Time Overrun is 7755 us[EOL]
[2026-09-22T09:03:28.969141Z][APM_I.barcodereader][W][2330306][134]CRTCyclicEvent.cpp:TimeMissed():101|Cycle miss in event CCSICombinedCmdManager Cyclic Event. Time Overrun is 4798 us[EOL]
[2026-09-22T09:03:28.969224Z][APM_I.barcodereader][W][2330306][134]CRTCyclicEvent.cpp:TimeMissed():101|Cycle miss in event CCSICombinedRepManager. Time Overrun is 4798 us[EOL]
[2026-09-22T09:03:28.969705Z][APM_I.newgen-amplificationplatemagazine][W][2330306][140]CRTCyclicEvent.cpp:TimeMissed():101|Cycle miss in event CCSICombinedCmdManager Cyclic Event. Time Overrun is 1835 us[EOL]
[2026-09-22T09:03:28.969783Z][APM_I.newgen-amplificationplatemagazine][W][2330306][140]CRTCyclicEvent.cpp:TimeMissed():101|Cycle miss in event CCSICombinedRepManager. Time Overrun is 1835 us[EOL]
[2026-09-22T09:03:30.738689Z][APM_I.barcodereader][W][2330306][134]CRTCyclicEvent.cpp:TimeMissed():101|Cycle miss in event CCSICombinedCmdManager Cyclic Event. Time Overrun is 4350 us[EOL]
[2026-09-22T09:03:30.738835Z][APM_I.newgen-amplificationplatemagazine][W][2330306][140]CRTCyclicEvent.cpp:TimeMissed():101|Cycle miss in event CCSICombinedCmdManager Cyclic Event. Time Overrun is 953 us[EOL]
[2026-09-22T09:03:30.738715Z][APM_I.barcodereader][W][2330306][134]CRTCyclicEvent.cpp:TimeMissed():101|Cycle miss in event CCSICombinedRepManager. Time Overrun is 4350 us[EOL]
[2026-09-22T09:03:30.738889Z][APM_I.newgen-amplificationplatemagazine][W][2330306][140]CRTCyclicEvent.cpp:TimeMissed():101|Cycle miss in event CCSICombinedRepManager. Time Overrun is 953 us[EOL]
[2026-09-22T09:03:32.450479Z][APM_I.barcodereader][W][2330306][134]CRTCyclicEvent.cpp:TimeMissed():101|Cycle miss in event CCSICombinedCmdManager Cyclic Event. Time Overrun is 6138 us[EOL]
[2026-09-22T09:03:32.450508Z][APM_I.barcodereader][W][2330306][134]CRTCyclicEvent.cpp:TimeMissed():101|Cycle miss in event CCSICombinedRepManager. Time Overrun is 6138 us[EOL]
[2026-09-22T09:03:33.720225Z][APM_I.barcodereader][W][2330306][134]CRTCyclicEvent.cpp:TimeMissed():101|Cycle miss in event CCSICombinedCmdManager Cyclic Event. Time Overrun is 5889 us[EOL]
[2026-09-22T09:03:33.720246Z][APM_I.barcodereader][W][2330306][134]CRTCyclicEvent.cpp:TimeMissed():101|Cycle miss in event CCSICombinedRepManager. Time Overrun is 5889 us[EOL]
[2026-09-22T09:03:33.720680Z][APM_I.newgen-amplificationplatemagazine][W][2330306][140]CRTCyclicEvent.cpp:TimeMissed():101|Cycle miss in event CCSICombinedCmdManager Cyclic Event. Time Overrun is 2812 us[EOL]
[2026-09-22T09:03:33.720709Z][APM_I.newgen-amplificationplatemagazine][W][2330306][140]CRTCyclicEvent.cpp:TimeMissed():101|Cycle miss in event CCSICombinedRepManager. Time Overrun is 2812 us[EOL]
[2026-09-22T09:03:35.704553Z][APM_I.newgen-amplificationplatemagazine][W][2330306][140]CRTCyclicEvent.cpp:TimeMissed():101|Cycle miss in event CCSICombinedCmdManager Cyclic Event. Time Overrun is 16686 us[EOL]
[2026-09-22T09:03:35.704586Z][APM_I.newgen-amplificationplatemagazine][W][2330306][140]CRTCyclicEvent.cpp:TimeMissed():101|Cycle miss in event CCSICombinedRepManager. Time Overrun is 16686 us[EOL]
[2026-09-22T09:03:35.704151Z][APM_I.barcodereader][W][2330306][134]CRTCyclicEvent.cpp:TimeMissed():101|Cycle miss in event CCSICombinedCmdManager Cyclic Event. Time Overrun is 19816 us[EOL]
[2026-09-22T09:03:35.704174Z][APM_I.barcodereader][W][2330306][134]CRTCyclicEvent.cpp:TimeMissed():101|Cycle miss in event CCSICombinedRepManager. Time Overrun is 19816 us[EOL]
[2026-09-22T09:03:40.836216Z][APM_I.barcodereader][W][2330306][134]CRTCyclicEvent.cpp:TimeMissed():101|Cycle miss in event CCSICombinedCmdManager Cyclic Event. Time Overrun is 1877 us[EOL]
[2026-09-22T09:03:40.836239Z][APM_I.barcodereader][W][2330306][134]CRTCyclicEvent.cpp:TimeMissed():101|Cycle miss in event CCSICombinedRepManager. Time Overrun is 1877 us[EOL]
[2026-09-22T09:03:44.687072Z][APM_I.barcodereader][W][2330306][134]CRTCyclicEvent.cpp:TimeMissed():101|Cycle miss in event CCSICombinedCmdManager Cyclic Event. Time Overrun is 2733 us[EOL]
[2026-09-22T09:03:44.687147Z][APM_I.barcodereader][W][2330306][134]CRTCyclicEvent.cpp:TimeMissed():101|Cycle miss in event CCSICombinedRepManager. Time Overrun is 2733 us[EOL]
[2026-09-22T09:03:48.440039Z][APM_I.barcodereader][W][2330306][134]CRTCyclicEvent.cpp:TimeMissed():101|Cycle miss in event CCSICombinedCmdManager Cyclic Event. Time Overrun is 15703 us[EOL]
[2026-09-22T09:03:48.440060Z][APM_I.barcodereader][W][2330306][134]CRTCyclicEvent.cpp:TimeMissed():101|Cycle miss in event CCSICombinedRepManager. Time Overrun is 15703 us[EOL]
[2026-09-22T09:03:48.441867Z][APM_I.newgen-amplificationplatemagazine][W][2330306][140]CRTCyclicEvent.cpp:TimeMissed():101|Cycle miss in event CCSICombinedCmdManager Cyclic Event. Time Overrun is 14000 us[EOL]
[2026-09-22T09:03:48.441895Z][APM_I.newgen-amplificationplatemagazine][W][2330306][140]CRTCyclicEvent.cpp:TimeMissed():101|Cycle miss in event CCSICombinedRepManager. Time Overrun is 14000 us[EOL]
[2026-09-22T09:03:53.960128Z][APM_I.newgen-amplificationplatemagazine][W][2330306][140]CRTCyclicEvent.cpp:TimeMissed():101|Cycle miss in event CCSICombinedCmdManager Cyclic Event. Time Overrun is 2263 us[EOL]
[2026-09-22T09:03:53.960076Z][APM_I.barcodereader][W][2330306][134]CRTCyclicEvent.cpp:TimeMissed():101|Cycle miss in event CCSICombinedCmdManager Cyclic Event. Time Overrun is 5738 us[EOL]
[2026-09-22T09:03:53.960104Z][APM_I.barcodereader][W][2330306][134]CRTCyclicEvent.cpp:TimeMissed():101|Cycle miss in event CCSICombinedRepManager. Time Overrun is 5738 us[EOL]
[2026-09-22T09:03:53.960151Z][APM_I.newgen-amplificationplatemagazine][W][2330306][140]CRTCyclicEvent.cpp:TimeMissed():101|Cycle miss in event CCSICombinedRepManager. Time Overrun is 2263 us[EOL]
[2026-09-22T09:03:55.372573Z][APM_I.newgen-amplificationplatemagazine][W][2330306][140]CRTCyclicEvent.cpp:TimeMissed():101|Cycle miss in event CCSICombinedCmdManager Cyclic Event. Time Overrun is 4704 us[EOL]
[2026-09-22T09:03:55.372649Z][APM_I.newgen-amplificationplatemagazine][W][2330306][140]CRTCyclicEvent.cpp:TimeMissed():101|Cycle miss in event CCSICombinedRepManager. Time Overrun is 4704 us[EOL]
[2026-09-22T09:03:58.680007Z][APM_I.newgen-amplificationplatemagazine][I][2560016][140]IMessageHandler.h:operator()():40|Received RabbitMqMessage Roche.MolLab.InstrumentState.Ping. Content: {"Timestamp":"2026-09-22T09:03:58.6744201Z","PingId":"IS68"}[EOL]
[2026-09-22T09:03:58.680059Z][APM_I.newgen-amplificationplatemagazine][I][844444436][140]UnitCommunicator.cpp:SendEvent():424|Publishing event: type=Roche.c68_8800.AmplificationPlateMagazine.I.Echo correlation_id=(n/a)[EOL]
[2026-09-22T09:03:58.680090Z][APM_I.newgen-amplificationplatemagazine][I][2560017][140]MessageSender.h:SendEvent():105|Sent RabbitMqEvent Roche.c68_8800.AmplificationPlateMagazine.I.Echo. Content: {"Timestamp":"2026-09-22T09:03:58.680051Z","MagazineId":"I","PingId":"IS68"}[EOL]
