[2026-09-22T07:25:56.954727Z][APM_J.barcodereader][I][2330115][135]CRTArgumentParserBase.cpp:SetupLogFacility():200|System Logger Setup Done.[EOL]
[2026-09-22T07:25:56.954889Z][APM_J.barcodereader][I][1350078][135]CArgumentParserBase.cpp:ParseArguments():86|CSM version: 2.81.0.1340453_[EOL]
[2026-09-22T07:25:57.558252Z][APM_J.barcodereader][I][2330346][135]CRTSystemLogger.cpp:Activate():64|Realtime Logger created.[EOL]
[2026-09-22T07:25:57.598008Z][APM_J.barcodereader][N][2330110][135]CTLSF.cpp:TraceStatistics():105|TLSF Statistics: Initial pool size: 256000 Bytes, pool increased: 0 times, high watermark: 36528 bytes, currently used size: 35904 bytes.[EOL]
[2026-09-22T07:25:57.598099Z][APM_J.barcodereader][I][2330349][135]CRTEventSystemConfigurationDefault.cpp:TraceSetupDone():284|Realtime Context Setup Done. Sched Policy: SCHED_FIFO, Prio: 46, Timer Prio: 75, Middleware Prio: 76, CPU assigned by OS[EOL]
[2026-09-22T07:25:57.645250Z][APM_J.barcodereader][N][2330477][135]CConnectionHandler.cpp:RegisterConnection():104|Socket added to epoll with identifier 0x0 (0), file descriptor 11.[EOL]
[2026-09-22T07:25:57.722590Z][APM_J.barcodereader][N][2330477][135]CConnectionHandler.cpp:RegisterConnection():104|Socket added to epoll with identifier 0x0 (0), file descriptor 13.[EOL]
[2026-09-22T07:25:57.722653Z][APM_J.barcodereader][N][2330467][135]CDefaultStreamHandler.cpp:OnConnectionAccepted():405|New connection established. file descriptor 13[EOL]
[2026-09-22T07:25:57.722702Z][APM_J.barcodereader][N][2330470][135]CDefaultStreamHandler.cpp:OnClosing():424|Socket with file descriptor 13 has been disconnected[EOL]
[2026-09-22T07:25:57.722708Z][APM_J.barcodereader][N][2330478][135]CConnectionHandler.cpp:UnregisterConnection():127|Socket removed from epoll with identifier 0x0 (0), file descriptor 13.[EOL]
[2026-09-22T07:26:00.766030Z][APM_J.barcodereader][W][2330306][135]CRTCyclicEvent.cpp:TimeMissed():101|Cycle miss in event CCSICombinedCmdManager Cyclic Event. Time Overrun is 6515 us[EOL]
[2026-09-22T07:26:00.766359Z][APM_J.barcodereader][W][2330306][135]CRTCyclicEvent.cpp:TimeMissed():101|Cycle miss in event CCSICombinedRepManager. Time Overrun is 6515 us[EOL]
[2026-09-22T07:26:00.921957Z][APM_J.barcodereader][W][2330306][135]CRTCyclicEvent.cpp:TimeMissed():101|Cycle miss in event CCSICombinedCmdManager Cyclic Event. Time Overrun is 4315 us[EOL]
[2026-09-22T07:26:00.922012Z][APM_J.barcodereader][W][2330306][135]CRTCyclicEvent.cpp:TimeMissed():101|Cycle miss in event CCSICombinedRepManager. Time Overrun is 4315 us[EOL]
[2026-09-22T07:26:01.125090Z][APM_J.barcodereader][W][2330306][135]CRTCyclicEvent.cpp:TimeMissed():101|Cycle miss in event CCSICombinedCmdManager Cyclic Event. Time Overrun is 7438 us[EOL]
[2026-09-22T07:26:01.125159Z][APM_J.barcodereader][W][2330306][135]CRTCyclicEvent.cpp:TimeMissed():101|Cycle miss in event CCSICombinedRepManager. Time Overrun is 7438 us[EOL]
[2026-09-22T07:26:01.566748Z][APM_J.barcodereader][W][2330306][135]CRTCyclicEvent.cpp:TimeMissed():101|Cycle miss in event CCSICombinedCmdManager Cyclic Event. Time Overrun is 19058 us[EOL]
[2026-09-22T07:26:01.566910Z][APM_J.barcodereader][W][2330306][135]CRTCyclicEvent.cpp:TimeMissed():101|Cycle miss in event CCSICombinedRepManager. Time Overrun is 19058 us[EOL]
[2026-09-22T07:26:01.700164Z][APM_J.barcodereader][W][2330306][135]CRTCyclicEvent.cpp:TimeMissed():101|Cycle miss in event CCSICombinedCmdManager Cyclic Event. Time Overrun is 22521 us[EOL]
[2026-09-22T07:26:01.700218Z][APM_J.barcodereader][W][2330306][135]CRTCyclicEvent.cpp:TimeMissed():101|Cycle miss in event CCSICombinedRepManager. Time Overrun is 22521 us[EOL]
[2026-09-22T07:26:02.424008Z][APM_J.barcodereader][W][2330306][135]CRTCyclicEvent.cpp:TimeMissed():101|Cycle miss in event CCSICombinedCmdManager Cyclic Event. Time Overrun is 6325 us[EOL]
[2026-09-22T07:26:02.424274Z][APM_J.barcodereader][W][2330306][135]CRTCyclicEvent.cpp:TimeMissed():101|Cycle miss in event CCSICombinedRepManager. Time Overrun is 6325 us[EOL]
[2026-09-22T07:26:02.803593Z][APM_J.barcodereader][W][2330306][135]CRTCyclicEvent.cpp:TimeMissed():101|Cycle miss in event CCSICombinedCmdManager Cyclic Event. Time Overrun is 5939 us[EOL]
[2026-09-22T07:26:02.803635Z][APM_J.barcodereader][W][2330306][135]CRTCyclicEvent.cpp:TimeMissed():101|Cycle miss in event CCSICombinedRepManager. Time Overrun is 5939 us[EOL]
[2026-09-22T07:26:02.920915Z][APM_J.newgen-amplificationplatemagazine][I][2330115][144]CRTArgumentParserBase.cpp:SetupLogFacility():200|System Logger Setup Done.[EOL]
[2026-09-22T07:26:02.921131Z][APM_J.newgen-amplificationplatemagazine][I][1350078][144]CArgumentParserBase.cpp:ParseArguments():86|CSM version: 2.2.0.1340542_[EOL]
[2026-09-22T07:26:03.238376Z][APM_J.newgen-amplificationplatemagazine][I][2330346][144]CRTSystemLogger.cpp:Activate():64|Realtime Logger created.[EOL]
[2026-09-22T07:26:03.238505Z][APM_J.newgen-amplificationplatemagazine][N][2330110][144]CTLSF.cpp:TraceStatistics():105|TLSF Statistics: Initial pool size: 4194304 Bytes, pool increased: 0 times, high watermark: 170816 bytes, currently used size: 165104 bytes.[EOL]
[2026-09-22T07:26:03.238520Z][APM_J.newgen-amplificationplatemagazine][I][2330349][144]CRTEventSystemConfigurationDefault.cpp:TraceSetupDone():284|Realtime Context Setup Done. Sched Policy: SCHED_FIFO, Prio: 45, Timer Prio: 75, Middleware Prio: 76, CPU assigned by OS[EOL]
[2026-09-22T07:26:04.085652Z][APM_J.barcodereader][W][2330306][135]CRTCyclicEvent.cpp:TimeMissed():101|Cycle miss in event CCSICombinedCmdManager Cyclic Event. Time Overrun is 467542 us[EOL]
[2026-09-22T07:26:04.086253Z][APM_J.barcodereader][W][2330306][135]CRTCyclicEvent.cpp:TimeMissed():101|Cycle miss in event CCSICombinedRepManager. Time Overrun is 467542 us[EOL]
[2026-09-22T07:26:04.175121Z][APM_J.barcodereader][W][2330306][135]CRTCyclicEvent.cpp:TimeMissed():101|Cycle miss in event CCSICyclicRepManager. Time Overrun is 226167 us[EOL]
[2026-09-22T07:26:06.231901Z][APM_J.barcodereader][W][2330306][135]CRTCyclicEvent.cpp:TimeMissed():101|Cycle miss in event CCSICombinedCmdManager Cyclic Event. Time Overrun is 1084193 us[EOL]
[2026-09-22T07:26:06.232000Z][APM_J.barcodereader][W][2330306][135]CRTCyclicEvent.cpp:TimeMissed():101|Cycle miss in event CCSICombinedRepManager. Time Overrun is 1084193 us[EOL]
[2026-09-22T07:26:06.232905Z][APM_J.barcodereader][W][2330306][135]CRTCyclicEvent.cpp:TimeMissed():101|Cycle miss in event CCSICyclicRepManager. Time Overrun is 886099 us[EOL]
[2026-09-22T07:26:06.437952Z][APM_J.newgen-amplificationplatemagazine][I][1000053][144]CMotorLLCS.cpp:DoConfigure():192|Create BCI device with CDI: 0x114C02[EOL]
[2026-09-22T07:26:06.447120Z][APM_J.newgen-amplificationplatemagazine][I][6820011][144]CCSMApplication.cpp:RegisterDeviceController():217|Motion Event Handler registered![EOL]
[2026-09-22T07:26:06.452602Z][APM_J.newgen-amplificationplatemagazine][I][6820011][144]CCSMApplication.cpp:UserLevelApplicationInit():321|State machine instantiation done[EOL]
[2026-09-22T07:26:06.452660Z][APM_J.newgen-amplificationplatemagazine][I][6820011][144]CCSMApplication.cpp:UserLevelApplicationInit():327|XML path is: /opt/roche/config//settings/config/amplificationplatemagazine-parampool.xml[EOL]
[2026-09-22T07:26:06.522488Z][APM_J.barcodereader][W][2330306][135]CRTCyclicEvent.cpp:TimeMissed():101|Cycle miss in event CCSICombinedCmdManager Cyclic Event. Time Overrun is 24845 us[EOL]
[2026-09-22T07:26:06.522528Z][APM_J.barcodereader][W][2330306][135]CRTCyclicEvent.cpp:TimeMissed():101|Cycle miss in event CCSICombinedRepManager. Time Overrun is 24845 us[EOL]
[2026-09-22T07:26:06.616256Z][APM_J.newgen-amplificationplatemagazine][I][6820011][144]CCSMApplication.cpp:UserLevelApplicationInit():337|Parameter pool configuration done[EOL]
[2026-09-22T07:26:06.616353Z][APM_J.newgen-amplificationplatemagazine][I][6820011][144]CCSMApplication.cpp:UserLevelApplicationInit():359|Module configuration done[EOL]
[2026-09-22T07:26:06.617755Z][APM_J.newgen-amplificationplatemagazine][I][0][144]CCSMApplication.cpp:UserLevelApplicationInit():382|Loading ECC /opt/roche/config//settings/startup/ecc.xml, Config ID: AmplificationPlateMagazine_J[EOL]
[2026-09-22T07:26:07.212195Z][APM_J.newgen-amplificationplatemagazine][I][0][144]CCSMApplication.cpp:UserLevelApplicationInit():384|Parsing Device List[EOL]
[2026-09-22T07:26:07.377721Z][APM_J.newgen-amplificationplatemagazine][I][6820011][144]CCSMApplication.cpp:UserLevelApplicationInit():408|Default- & AS- Errorhandling instantiated![EOL]
[2026-09-22T07:26:07.408373Z][APM_J.newgen-amplificationplatemagazine][N][2330477][144]CConnectionHandler.cpp:RegisterConnection():104|Socket added to epoll with identifier 0x0 (0), file descriptor 20.[EOL]
[2026-09-22T07:26:07.418900Z][APM_J.newgen-amplificationplatemagazine][N][844444405][144]RabbitMqConnector.cpp:Connect():840|Connecting as '6800_2AC.10001.AmplificationPlateMagazine.J' to RabbitMQ on amqp://USERNAME:PASSWORD@rabbitmq-server/[EOL]
[2026-09-22T07:26:07.419251Z][APM_J.newgen-amplificationplatemagazine][N][2330477][144]CConnectionHandler.cpp:RegisterConnection():104|Socket added to epoll with identifier 0x0 (0), file descriptor 21.[EOL]
[2026-09-22T07:26:07.419273Z][APM_J.newgen-amplificationplatemagazine][N][2330467][144]CDefaultStreamHandler.cpp:OnConnectionAccepted():405|New connection established. file descriptor 21[EOL]
[2026-09-22T07:26:07.419304Z][APM_J.newgen-amplificationplatemagazine][N][2330470][144]CDefaultStreamHandler.cpp:OnClosing():424|Socket with file descriptor 21 has been disconnected[EOL]
[2026-09-22T07:26:07.419309Z][APM_J.newgen-amplificationplatemagazine][N][2330478][144]CConnectionHandler.cpp:UnregisterConnection():127|Socket removed from epoll with identifier 0x0 (0), file descriptor 21.[EOL]
[2026-09-22T07:26:07.432686Z][APM_J.newgen-amplificationplatemagazine][N][2330477][144]CConnectionHandler.cpp:RegisterConnection():104|Socket added to epoll with identifier 0x15 (21), file descriptor 21.[EOL]
[2026-09-22T07:26:07.546589Z][APM_J.newgen-amplificationplatemagazine][N][2330477][144]CConnectionHandler.cpp:RegisterConnection():104|Socket added to epoll with identifier 0x17 (23), file descriptor 23.[EOL]
[2026-09-22T07:26:07.546639Z][APM_J.newgen-amplificationplatemagazine][N][2330478][144]CConnectionHandler.cpp:UnregisterConnection():127|Socket removed from epoll with identifier 0x15 (21), file descriptor 21.[EOL]
[2026-09-22T07:26:07.679426Z][APM_J.newgen-amplificationplatemagazine][I][844444409][144]RabbitMqConnector.cpp:onProperties():1356|Exchange of properties: amqp_conn=0x7fed5c9ce200 amqp_conn_fd=23#012  Properties sent by server:#012    table(capabilities:table(authentication_failure_close:booleanset(1,0,0,0,0,0,0,0),basic.nack:booleanset(1,0,0,0,0,0,0,0),connection.blocked:booleanset(1,0,0,0,0,0,0,0),consumer_cancel_notify:booleanset(1,0,0,0,0,0,0,0),consumer_priorities:booleanset(1,0,0,0,0,0,0,0),direct_reply_to:booleanset(1,0,0,0,0,0,0,0),exchange_exchange_bindings:booleanset(1,0,0,0,0,0,0,0),per_consumer_qos:booleanset(1,0,0,0,0,0,0,0),publisher_confirms:booleanset(1,0,0,0,0,0,0,0)),cluster_name:string(rabbit@x800-instrument),copyright:string(Copyright (c) 2007-2024 Broadcom Inc and/or its subsidiaries),information:string(Licensed under the MPL 2.0. Website: https://rabbitmq.com),platform:string(Erlang/OTP 26.2.5.3),product:string(RabbitMQ),version:string(3.13.7))#012  Properties sent back by us:#012    table(connection_name:string(6800_2AC.10001.AmplificationPlateMagazine.J))#012  Note that additional properties will be set internally by the AMQP-CPP library.[EOL]
[2026-09-22T07:26:07.680479Z][APM_J.newgen-amplificationplatemagazine][I][844444410][144]RabbitMqConnector.cpp:onNegotiate():1364|Setting heartbeat frequency: amqp_conn=0x7fed5c9ce200 amqp_conn_fd=23 interval=60[EOL]
[2026-09-22T07:26:07.683342Z][APM_J.newgen-amplificationplatemagazine][I][844444411][144]RabbitMqConnector.cpp:onReady():1373|Handshake with rabbitmq completed: amqp_conn=0x7fed5c9ce200 amqp_conn_fd=23[EOL]
[2026-09-22T07:26:07.792627Z][APM_J.newgen-amplificationplatemagazine][I][844444453][144]RabbitMqConnector.cpp:operator()():631|Sucessfully consumed: queue_name: roche.newgen.amplificationplatemagazine.j.q[EOL]
[2026-09-22T07:26:07.795903Z][APM_J.newgen-amplificationplatemagazine][I][844444436][144]UnitCommunicator.cpp:SendEvent():424|Publishing event: type=Roche.c68_8800.AmplificationPlateMagazine.J.UnitStateChanged correlation_id=(n/a)[EOL]
[2026-09-22T07:26:07.796215Z][APM_J.newgen-amplificationplatemagazine][I][2560017][144]MessageSender.h:SendEvent():105|Sent RabbitMqEvent Roche.c68_8800.AmplificationPlateMagazine.J.UnitStateChanged. Content: {"Timestamp":"2026-09-22T07:26:07.795862Z","TraceContext":"00-88adbcb774f83d52fc2521d40716d287-521527acab912190-01","MagazineId":"J","OldState":"PoweredOff","NewState":"StartingUp"}[EOL]
[2026-09-22T07:26:08.458495Z][APM_J.barcodereader][W][2330306][135]CRTCyclicEvent.cpp:TimeMissed():101|Cycle miss in event CCSICombinedCmdManager Cyclic Event. Time Overrun is 430854 us[EOL]
[2026-09-22T07:26:08.458653Z][APM_J.barcodereader][W][2330306][135]CRTCyclicEvent.cpp:TimeMissed():101|Cycle miss in event CCSICombinedRepManager. Time Overrun is 430854 us[EOL]
[2026-09-22T07:26:08.630874Z][APM_J.newgen-amplificationplatemagazine][W][2330306][144]CRTCyclicEvent.cpp:TimeMissed():101|Cycle miss in event CCSICombinedCmdManager Cyclic Event. Time Overrun is 4440 us[EOL]
[2026-09-22T07:26:08.630903Z][APM_J.newgen-amplificationplatemagazine][W][2330306][144]CRTCyclicEvent.cpp:TimeMissed():101|Cycle miss in event CCSICombinedRepManager. Time Overrun is 4440 us[EOL]
[2026-09-22T07:26:08.710997Z][APM_J.barcodereader][W][2330306][135]CRTCyclicEvent.cpp:TimeMissed():101|Cycle miss in event CCSICombinedCmdManager Cyclic Event. Time Overrun is 3354 us[EOL]
[2026-09-22T07:26:08.711056Z][APM_J.barcodereader][W][2330306][135]CRTCyclicEvent.cpp:TimeMissed():101|Cycle miss in event CCSICombinedRepManager. Time Overrun is 3354 us[EOL]
[2026-09-22T07:26:08.864281Z][APM_J.barcodereader][W][2330306][135]CRTCyclicEvent.cpp:TimeMissed():101|Cycle miss in event CCSICombinedCmdManager Cyclic Event. Time Overrun is 36647 us[EOL]
[2026-09-22T07:26:08.864324Z][APM_J.barcodereader][W][2330306][135]CRTCyclicEvent.cpp:TimeMissed():101|Cycle miss in event CCSICombinedRepManager. Time Overrun is 36647 us[EOL]
[2026-09-22T07:26:08.861398Z][APM_J.newgen-amplificationplatemagazine][W][2330306][144]CRTCyclicEvent.cpp:TimeMissed():101|Cycle miss in event CCSICombinedCmdManager Cyclic Event. Time Overrun is 35509 us[EOL]
[2026-09-22T07:26:08.861554Z][APM_J.newgen-amplificationplatemagazine][W][2330306][144]CRTCyclicEvent.cpp:TimeMissed():101|Cycle miss in event CCSICombinedRepManager. Time Overrun is 35509 us[EOL]
[2026-09-22T07:26:10.510830Z][APM_J.newgen-amplificationplatemagazine][W][2330306][144]CRTCyclicEvent.cpp:TimeMissed():101|Cycle miss in event CCSICyclicRepManager. Time Overrun is 2592298 us[EOL]
[2026-09-22T07:26:10.733998Z][APM_J.newgen-amplificationplatemagazine][W][2330306][144]CRTCyclicEvent.cpp:TimeMissed():101|Cycle miss in event CCSICombinedCmdManager Cyclic Event. Time Overrun is 8181 us[EOL]
[2026-09-22T07:26:10.734046Z][APM_J.newgen-amplificationplatemagazine][W][2330306][144]CRTCyclicEvent.cpp:TimeMissed():101|Cycle miss in event CCSICombinedRepManager. Time Overrun is 8181 us[EOL]
[2026-09-22T07:26:10.749907Z][APM_J.barcodereader][W][2330306][135]CRTCyclicEvent.cpp:TimeMissed():101|Cycle miss in event CCSICombinedCmdManager Cyclic Event. Time Overrun is 22264 us[EOL]
[2026-09-22T07:26:10.749954Z][APM_J.barcodereader][W][2330306][135]CRTCyclicEvent.cpp:TimeMissed():101|Cycle miss in event CCSICombinedRepManager. Time Overrun is 22264 us[EOL]
[2026-09-22T07:26:10.851264Z][APM_J.newgen-amplificationplatemagazine][W][2330306][144]CRTCyclicEvent.cpp:TimeMissed():101|Cycle miss in event CCSICombinedCmdManager Cyclic Event. Time Overrun is 5440 us[EOL]
[2026-09-22T07:26:10.851476Z][APM_J.newgen-amplificationplatemagazine][W][2330306][144]CRTCyclicEvent.cpp:TimeMissed():101|Cycle miss in event CCSICombinedRepManager. Time Overrun is 5440 us[EOL]
[2026-09-22T07:26:10.881218Z][APM_J.barcodereader][W][2330306][135]CRTCyclicEvent.cpp:TimeMissed():101|Cycle miss in event CCSICombinedCmdManager Cyclic Event. Time Overrun is 3508 us[EOL]
[2026-09-22T07:26:10.881470Z][APM_J.barcodereader][W][2330306][135]CRTCyclicEvent.cpp:TimeMissed():101|Cycle miss in event CCSICombinedRepManager. Time Overrun is 3508 us[EOL]
[2026-09-22T07:26:11.661668Z][APM_J.newgen-amplificationplatemagazine][W][2330306][144]CRTCyclicEvent.cpp:TimeMissed():101|Cycle miss in event CCSICombinedCmdManager Cyclic Event. Time Overrun is 15674 us[EOL]
[2026-09-22T07:26:11.662472Z][APM_J.newgen-amplificationplatemagazine][W][2330306][144]CRTCyclicEvent.cpp:TimeMissed():101|Cycle miss in event CCSICombinedRepManager. Time Overrun is 15674 us[EOL]
[2026-09-22T07:26:11.668859Z][APM_J.barcodereader][W][2330306][135]CRTCyclicEvent.cpp:TimeMissed():101|Cycle miss in event CCSICombinedCmdManager Cyclic Event. Time Overrun is 17128 us[EOL]
[2026-09-22T07:26:11.669000Z][APM_J.barcodereader][W][2330306][135]CRTCyclicEvent.cpp:TimeMissed():101|Cycle miss in event CCSICombinedRepManager. Time Overrun is 17128 us[EOL]
[2026-09-22T07:26:13.405135Z][APM_J.barcodereader][W][2330306][135]CRTCyclicEvent.cpp:TimeMissed():101|Cycle miss in event CCSICombinedCmdManager Cyclic Event. Time Overrun is 7486 us[EOL]
[2026-09-22T07:26:13.405170Z][APM_J.barcodereader][W][2330306][135]CRTCyclicEvent.cpp:TimeMissed():101|Cycle miss in event CCSICombinedRepManager. Time Overrun is 7486 us[EOL]
[2026-09-22T07:26:13.714764Z][APM_J.newgen-amplificationplatemagazine][W][2330306][144]CRTCyclicEvent.cpp:TimeMissed():101|Cycle miss in event CCSICombinedCmdManager Cyclic Event. Time Overrun is 8840 us[EOL]
[2026-09-22T07:26:13.714820Z][APM_J.newgen-amplificationplatemagazine][W][2330306][144]CRTCyclicEvent.cpp:TimeMissed():101|Cycle miss in event CCSICombinedRepManager. Time Overrun is 8840 us[EOL]
[2026-09-22T07:26:13.826787Z][APM_J.newgen-amplificationplatemagazine][W][2330306][144]CRTCyclicEvent.cpp:TimeMissed():101|Cycle miss in event CCSICombinedCmdManager Cyclic Event. Time Overrun is 965 us[EOL]
[2026-09-22T07:26:13.826834Z][APM_J.newgen-amplificationplatemagazine][W][2330306][144]CRTCyclicEvent.cpp:TimeMissed():101|Cycle miss in event CCSICombinedRepManager. Time Overrun is 965 us[EOL]
[2026-09-22T07:26:13.947251Z][APM_J.newgen-amplificationplatemagazine][W][2330306][144]CRTCyclicEvent.cpp:TimeMissed():101|Cycle miss in event CCSICombinedCmdManager Cyclic Event. Time Overrun is 1429 us[EOL]
[2026-09-22T07:26:13.947299Z][APM_J.newgen-amplificationplatemagazine][W][2330306][144]CRTCyclicEvent.cpp:TimeMissed():101|Cycle miss in event CCSICombinedRepManager. Time Overrun is 1429 us[EOL]
[2026-09-22T07:26:14.248069Z][APM_J.barcodereader][W][2330306][135]CRTCyclicEvent.cpp:TimeMissed():101|Cycle miss in event CCSICombinedCmdManager Cyclic Event. Time Overrun is 365 us[EOL]
[2026-09-22T07:26:14.248272Z][APM_J.barcodereader][W][2330306][135]CRTCyclicEvent.cpp:TimeMissed():101|Cycle miss in event CCSICombinedRepManager. Time Overrun is 365 us[EOL]
[2026-09-22T07:26:15.019936Z][APM_J.barcodereader][W][2330306][135]CRTCyclicEvent.cpp:TimeMissed():101|Cycle miss in event CCSICombinedCmdManager Cyclic Event. Time Overrun is 2302 us[EOL]
[2026-09-22T07:26:15.020065Z][APM_J.barcodereader][W][2330306][135]CRTCyclicEvent.cpp:TimeMissed():101|Cycle miss in event CCSICombinedRepManager. Time Overrun is 2302 us[EOL]
[2026-09-22T07:26:15.096892Z][APM_J.newgen-amplificationplatemagazine][W][2330306][144]CRTCyclicEvent.cpp:TimeMissed():101|Cycle miss in event CCSICombinedCmdManager Cyclic Event. Time Overrun is 979 us[EOL]
[2026-09-22T07:26:15.097117Z][APM_J.newgen-amplificationplatemagazine][W][2330306][144]CRTCyclicEvent.cpp:TimeMissed():101|Cycle miss in event CCSICombinedRepManager. Time Overrun is 979 us[EOL]
[2026-09-22T07:26:15.847892Z][APM_J.newgen-amplificationplatemagazine][W][2330306][144]CRTCyclicEvent.cpp:TimeMissed():101|Cycle miss in event CCSICombinedCmdManager Cyclic Event. Time Overrun is 2007 us[EOL]
[2026-09-22T07:26:15.848323Z][APM_J.newgen-amplificationplatemagazine][W][2330306][144]CRTCyclicEvent.cpp:TimeMissed():101|Cycle miss in event CCSICombinedRepManager. Time Overrun is 2007 us[EOL]
[2026-09-22T07:26:16.406080Z][APM_J.newgen-amplificationplatemagazine][W][2330306][144]CRTCyclicEvent.cpp:TimeMissed():101|Cycle miss in event CCSICombinedCmdManager Cyclic Event. Time Overrun is 84 us[EOL]
[2026-09-22T07:26:16.406353Z][APM_J.newgen-amplificationplatemagazine][W][2330306][144]CRTCyclicEvent.cpp:TimeMissed():101|Cycle miss in event CCSICombinedRepManager. Time Overrun is 84 us[EOL]
[2026-09-22T07:26:16.671250Z][APM_J.newgen-amplificationplatemagazine][W][2330306][144]CRTCyclicEvent.cpp:TimeMissed():101|Cycle miss in event CCSICombinedCmdManager Cyclic Event. Time Overrun is 5385 us[EOL]
[2026-09-22T07:26:16.671290Z][APM_J.newgen-amplificationplatemagazine][W][2330306][144]CRTCyclicEvent.cpp:TimeMissed():101|Cycle miss in event CCSICombinedRepManager. Time Overrun is 5385 us[EOL]
[2026-09-22T07:26:16.792097Z][APM_J.barcodereader][W][2330306][135]CRTCyclicEvent.cpp:TimeMissed():101|Cycle miss in event CCSICombinedCmdManager Cyclic Event. Time Overrun is 4145 us[EOL]
[2026-09-22T07:26:16.792575Z][APM_J.barcodereader][W][2330306][135]CRTCyclicEvent.cpp:TimeMissed():101|Cycle miss in event CCSICombinedRepManager. Time Overrun is 4145 us[EOL]
[2026-09-22T07:26:16.975490Z][APM_J.barcodereader][W][2330306][135]CRTCyclicEvent.cpp:TimeMissed():101|Cycle miss in event CCSICombinedCmdManager Cyclic Event. Time Overrun is 7854 us[EOL]
[2026-09-22T07:26:16.975522Z][APM_J.barcodereader][W][2330306][135]CRTCyclicEvent.cpp:TimeMissed():101|Cycle miss in event CCSICombinedRepManager. Time Overrun is 7854 us[EOL]
[2026-09-22T07:26:17.189234Z][APM_J.barcodereader][W][2330306][135]CRTCyclicEvent.cpp:TimeMissed():101|Cycle miss in event CCSICombinedCmdManager Cyclic Event. Time Overrun is 1585 us[EOL]
[2026-09-22T07:26:17.189294Z][APM_J.barcodereader][W][2330306][135]CRTCyclicEvent.cpp:TimeMissed():101|Cycle miss in event CCSICombinedRepManager. Time Overrun is 1585 us[EOL]
[2026-09-22T07:26:17.900813Z][APM_J.newgen-amplificationplatemagazine][W][2330306][144]CRTCyclicEvent.cpp:TimeMissed():101|Cycle miss in event CCSICombinedCmdManager Cyclic Event. Time Overrun is 4997 us[EOL]
[2026-09-22T07:26:17.900847Z][APM_J.newgen-amplificationplatemagazine][W][2330306][144]CRTCyclicEvent.cpp:TimeMissed():101|Cycle miss in event CCSICombinedRepManager. Time Overrun is 4997 us[EOL]
[2026-09-22T07:26:18.940430Z][APM_J.newgen-amplificationplatemagazine][W][2330306][144]CRTCyclicEvent.cpp:TimeMissed():101|Cycle miss in event CCSICombinedCmdManager Cyclic Event. Time Overrun is 4596 us[EOL]
[2026-09-22T07:26:18.940519Z][APM_J.newgen-amplificationplatemagazine][W][2330306][144]CRTCyclicEvent.cpp:TimeMissed():101|Cycle miss in event CCSICombinedRepManager. Time Overrun is 4596 us[EOL]
[2026-09-22T07:26:19.154734Z][APM_J.newgen-amplificationplatemagazine][W][2330306][144]CRTCyclicEvent.cpp:TimeMissed():101|Cycle miss in event CCSICombinedCmdManager Cyclic Event. Time Overrun is 28920 us[EOL]
[2026-09-22T07:26:19.175219Z][APM_J.barcodereader][W][2330306][135]CRTCyclicEvent.cpp:TimeMissed():101|Cycle miss in event CCSICombinedCmdManager Cyclic Event. Time Overrun is 67541 us[EOL]
[2026-09-22T07:26:19.175585Z][APM_J.barcodereader][W][2330306][135]CRTCyclicEvent.cpp:TimeMissed():101|Cycle miss in event CCSICombinedRepManager. Time Overrun is 67541 us[EOL]
[2026-09-22T07:26:19.154766Z][APM_J.newgen-amplificationplatemagazine][W][2330306][144]CRTCyclicEvent.cpp:TimeMissed():101|Cycle miss in event CCSICombinedRepManager. Time Overrun is 28920 us[EOL]
[2026-09-22T07:26:19.322340Z][APM_J.barcodereader][W][2330306][135]CRTCyclicEvent.cpp:TimeMissed():101|Cycle miss in event CCSICombinedCmdManager Cyclic Event. Time Overrun is 14706 us[EOL]
[2026-09-22T07:26:19.322367Z][APM_J.barcodereader][W][2330306][135]CRTCyclicEvent.cpp:TimeMissed():101|Cycle miss in event CCSICombinedRepManager. Time Overrun is 14706 us[EOL]
[2026-09-22T07:26:19.346807Z][APM_J.newgen-amplificationplatemagazine][W][2330306][144]CRTCyclicEvent.cpp:TimeMissed():101|Cycle miss in event CCSICombinedCmdManager Cyclic Event. Time Overrun is 40985 us[EOL]
[2026-09-22T07:26:19.346861Z][APM_J.newgen-amplificationplatemagazine][W][2330306][144]CRTCyclicEvent.cpp:TimeMissed():101|Cycle miss in event CCSICombinedRepManager. Time Overrun is 40985 us[EOL]
[2026-09-22T07:26:19.654581Z][APM_J.newgen-amplificationplatemagazine][W][2330306][144]CRTCyclicEvent.cpp:TimeMissed():101|Cycle miss in event CCSICombinedCmdManager Cyclic Event. Time Overrun is 18764 us[EOL]
[2026-09-22T07:26:19.654601Z][APM_J.barcodereader][W][2330306][135]CRTCyclicEvent.cpp:TimeMissed():101|Cycle miss in event CCSICombinedCmdManager Cyclic Event. Time Overrun is 16965 us[EOL]
[2026-09-22T07:26:19.654636Z][APM_J.barcodereader][W][2330306][135]CRTCyclicEvent.cpp:TimeMissed():101|Cycle miss in event CCSICombinedRepManager. Time Overrun is 16965 us[EOL]
[2026-09-22T07:26:19.654623Z][APM_J.newgen-amplificationplatemagazine][W][2330306][144]CRTCyclicEvent.cpp:TimeMissed():101|Cycle miss in event CCSICombinedRepManager. Time Overrun is 18764 us[EOL]
[2026-09-22T07:26:19.769022Z][APM_J.barcodereader][W][2330306][135]CRTCyclicEvent.cpp:TimeMissed():101|Cycle miss in event CCSICombinedCmdManager Cyclic Event. Time Overrun is 1386 us[EOL]
[2026-09-22T07:26:19.769058Z][APM_J.barcodereader][W][2330306][135]CRTCyclicEvent.cpp:TimeMissed():101|Cycle miss in event CCSICombinedRepManager. Time Overrun is 1386 us[EOL]
[2026-09-22T07:26:19.898687Z][APM_J.newgen-amplificationplatemagazine][W][2330306][144]CRTCyclicEvent.cpp:TimeMissed():101|Cycle miss in event CCSICombinedCmdManager Cyclic Event. Time Overrun is 2864 us[EOL]
[2026-09-22T07:26:19.898803Z][APM_J.newgen-amplificationplatemagazine][W][2330306][144]CRTCyclicEvent.cpp:TimeMissed():101|Cycle miss in event CCSICombinedRepManager. Time Overrun is 2864 us[EOL]
[2026-09-22T07:26:20.028397Z][APM_J.barcodereader][W][2330306][135]CRTCyclicEvent.cpp:TimeMissed():101|Cycle miss in event CCSICombinedCmdManager Cyclic Event. Time Overrun is 756 us[EOL]
[2026-09-22T07:26:20.028442Z][APM_J.barcodereader][W][2330306][135]CRTCyclicEvent.cpp:TimeMissed():101|Cycle miss in event CCSICombinedRepManager. Time Overrun is 756 us[EOL]
[2026-09-22T07:26:21.803400Z][APM_J.newgen-amplificationplatemagazine][W][2330306][144]CRTCyclicEvent.cpp:TimeMissed():101|Cycle miss in event CCSICombinedCmdManager Cyclic Event. Time Overrun is 7292 us[EOL]
[2026-09-22T07:26:21.804518Z][APM_J.newgen-amplificationplatemagazine][W][2330306][144]CRTCyclicEvent.cpp:TimeMissed():101|Cycle miss in event CCSICombinedRepManager. Time Overrun is 7292 us[EOL]
[2026-09-22T07:26:23.197756Z][APM_J.newgen-amplificationplatemagazine][W][2330306][144]CRTCyclicEvent.cpp:TimeMissed():101|Cycle miss in event CCSICombinedCmdManager Cyclic Event. Time Overrun is 11940 us[EOL]
[2026-09-22T07:26:23.197789Z][APM_J.newgen-amplificationplatemagazine][W][2330306][144]CRTCyclicEvent.cpp:TimeMissed():101|Cycle miss in event CCSICombinedRepManager. Time Overrun is 11940 us[EOL]
[2026-09-22T07:26:23.197992Z][APM_J.barcodereader][W][2330306][135]CRTCyclicEvent.cpp:TimeMissed():101|Cycle miss in event CCSICombinedCmdManager Cyclic Event. Time Overrun is 10118 us[EOL]
[2026-09-22T07:26:23.198478Z][APM_J.barcodereader][W][2330306][135]CRTCyclicEvent.cpp:TimeMissed():101|Cycle miss in event CCSICombinedRepManager. Time Overrun is 10118 us[EOL]
[2026-09-22T07:26:23.382017Z][APM_J.newgen-amplificationplatemagazine][W][2330306][144]CRTCyclicEvent.cpp:TimeMissed():101|Cycle miss in event CCSICombinedCmdManager Cyclic Event. Time Overrun is 6200 us[EOL]
[2026-09-22T07:26:23.382048Z][APM_J.newgen-amplificationplatemagazine][W][2330306][144]CRTCyclicEvent.cpp:TimeMissed():101|Cycle miss in event CCSICombinedRepManager. Time Overrun is 6200 us[EOL]
[2026-09-22T07:26:23.532829Z][APM_J.newgen-amplificationplatemagazine][W][2330306][144]CRTCyclicEvent.cpp:TimeMissed():101|Cycle miss in event CCSICombinedCmdManager Cyclic Event. Time Overrun is 7013 us[EOL]
[2026-09-22T07:26:23.532861Z][APM_J.newgen-amplificationplatemagazine][W][2330306][144]CRTCyclicEvent.cpp:TimeMissed():101|Cycle miss in event CCSICombinedRepManager. Time Overrun is 7013 us[EOL]
[2026-09-22T07:26:23.565134Z][APM_J.barcodereader][W][2330306][135]CRTCyclicEvent.cpp:TimeMissed():101|Cycle miss in event CCSICombinedCmdManager Cyclic Event. Time Overrun is 7498 us[EOL]
[2026-09-22T07:26:23.565163Z][APM_J.barcodereader][W][2330306][135]CRTCyclicEvent.cpp:TimeMissed():101|Cycle miss in event CCSICombinedRepManager. Time Overrun is 7498 us[EOL]
[2026-09-22T07:26:23.728221Z][APM_J.newgen-amplificationplatemagazine][W][2330306][144]CRTCyclicEvent.cpp:TimeMissed():101|Cycle miss in event CCSICombinedCmdManager Cyclic Event. Time Overrun is 12406 us[EOL]
[2026-09-22T07:26:23.728255Z][APM_J.newgen-amplificationplatemagazine][W][2330306][144]CRTCyclicEvent.cpp:TimeMissed():101|Cycle miss in event CCSICombinedRepManager. Time Overrun is 12406 us[EOL]
[2026-09-22T07:26:23.757764Z][APM_J.barcodereader][W][2330306][135]CRTCyclicEvent.cpp:TimeMissed():101|Cycle miss in event CCSICombinedCmdManager Cyclic Event. Time Overrun is 129 us[EOL]
[2026-09-22T07:26:23.757799Z][APM_J.barcodereader][W][2330306][135]CRTCyclicEvent.cpp:TimeMissed():101|Cycle miss in event CCSICombinedRepManager. Time Overrun is 129 us[EOL]
[2026-09-22T07:26:23.846424Z][APM_J.newgen-amplificationplatemagazine][W][2330306][144]CRTCyclicEvent.cpp:TimeMissed():101|Cycle miss in event CCSICombinedCmdManager Cyclic Event. Time Overrun is 607 us[EOL]
[2026-09-22T07:26:23.846571Z][APM_J.newgen-amplificationplatemagazine][W][2330306][144]CRTCyclicEvent.cpp:TimeMissed():101|Cycle miss in event CCSICombinedRepManager. Time Overrun is 607 us[EOL]
[2026-09-22T07:26:24.598151Z][APM_J.barcodereader][W][2330306][135]CRTCyclicEvent.cpp:TimeMissed():101|Cycle miss in event CCSICombinedCmdManager Cyclic Event. Time Overrun is 515 us[EOL]
[2026-09-22T07:26:24.598183Z][APM_J.barcodereader][W][2330306][135]CRTCyclicEvent.cpp:TimeMissed():101|Cycle miss in event CCSICombinedRepManager. Time Overrun is 515 us[EOL]
[2026-09-22T07:26:26.063816Z][APM_J.newgen-amplificationplatemagazine][W][2330306][144]CRTCyclicEvent.cpp:TimeMissed():101|Cycle miss in event CCSICombinedCmdManager Cyclic Event. Time Overrun is 128002 us[EOL]
[2026-09-22T07:26:26.063844Z][APM_J.newgen-amplificationplatemagazine][W][2330306][144]CRTCyclicEvent.cpp:TimeMissed():101|Cycle miss in event CCSICombinedRepManager. Time Overrun is 128002 us[EOL]
[2026-09-22T07:26:26.055861Z][APM_J.barcodereader][W][2330306][135]CRTCyclicEvent.cpp:TimeMissed():101|Cycle miss in event CCSICyclicRepManager. Time Overrun is 8965 us[EOL]
[2026-09-22T07:26:26.055924Z][APM_J.barcodereader][W][2330306][135]CRTCyclicEvent.cpp:TimeMissed():101|Cycle miss in event CCSICombinedCmdManager Cyclic Event. Time Overrun is 98292 us[EOL]
[2026-09-22T07:26:26.055935Z][APM_J.barcodereader][W][2330306][135]CRTCyclicEvent.cpp:TimeMissed():101|Cycle miss in event CCSICombinedRepManager. Time Overrun is 98292 us[EOL]
[2026-09-22T07:26:26.278936Z][APM_J.barcodereader][W][2330306][135]CRTCyclicEvent.cpp:TimeMissed():101|Cycle miss in event CCSICombinedCmdManager Cyclic Event. Time Overrun is 31252 us[EOL]
[2026-09-22T07:26:26.278985Z][APM_J.barcodereader][W][2330306][135]CRTCyclicEvent.cpp:TimeMissed():101|Cycle miss in event CCSICombinedRepManager. Time Overrun is 31252 us[EOL]
[2026-09-22T07:26:26.278546Z][APM_J.newgen-amplificationplatemagazine][W][2330306][144]CRTCyclicEvent.cpp:TimeMissed():101|Cycle miss in event CCSICombinedCmdManager Cyclic Event. Time Overrun is 32730 us[EOL]
[2026-09-22T07:26:26.278586Z][APM_J.newgen-amplificationplatemagazine][W][2330306][144]CRTCyclicEvent.cpp:TimeMissed():101|Cycle miss in event CCSICombinedRepManager. Time Overrun is 32730 us[EOL]
[2026-09-22T07:26:27.288329Z][APM_J.barcodereader][W][2330306][135]CRTCyclicEvent.cpp:TimeMissed():101|Cycle miss in event CCSICombinedCmdManager Cyclic Event. Time Overrun is 687 us[EOL]
[2026-09-22T07:26:27.288460Z][APM_J.barcodereader][W][2330306][135]CRTCyclicEvent.cpp:TimeMissed():101|Cycle miss in event CCSICombinedRepManager. Time Overrun is 687 us[EOL]
[2026-09-22T07:26:33.750693Z][APM_J.barcodereader][W][2330306][135]CRTCyclicEvent.cpp:TimeMissed():101|Cycle miss in event CCSICombinedCmdManager Cyclic Event. Time Overrun is 3056 us[EOL]
[2026-09-22T07:26:33.750746Z][APM_J.barcodereader][W][2330306][135]CRTCyclicEvent.cpp:TimeMissed():101|Cycle miss in event CCSICombinedRepManager. Time Overrun is 3056 us[EOL]
[2026-09-22T07:26:33.750604Z][APM_J.newgen-amplificationplatemagazine][W][2330306][144]CRTCyclicEvent.cpp:TimeMissed():101|Cycle miss in event CCSICombinedCmdManager Cyclic Event. Time Overrun is 4789 us[EOL]
[2026-09-22T07:26:33.750634Z][APM_J.newgen-amplificationplatemagazine][W][2330306][144]CRTCyclicEvent.cpp:TimeMissed():101|Cycle miss in event CCSICombinedRepManager. Time Overrun is 4789 us[EOL]
[2026-09-22T07:26:33.896208Z][APM_J.barcodereader][W][2330306][135]CRTCyclicEvent.cpp:TimeMissed():101|Cycle miss in event CCSICombinedCmdManager Cyclic Event. Time Overrun is 28569 us[EOL]
[2026-09-22T07:26:33.896262Z][APM_J.barcodereader][W][2330306][135]CRTCyclicEvent.cpp:TimeMissed():101|Cycle miss in event CCSICombinedRepManager. Time Overrun is 28569 us[EOL]
[2026-09-22T07:26:33.895898Z][APM_J.newgen-amplificationplatemagazine][W][2330306][144]CRTCyclicEvent.cpp:TimeMissed():101|Cycle miss in event CCSICombinedCmdManager Cyclic Event. Time Overrun is 30080 us[EOL]
[2026-09-22T07:26:33.895945Z][APM_J.newgen-amplificationplatemagazine][W][2330306][144]CRTCyclicEvent.cpp:TimeMissed():101|Cycle miss in event CCSICombinedRepManager. Time Overrun is 30080 us[EOL]
[2026-09-22T07:26:34.176645Z][APM_J.newgen-amplificationplatemagazine][W][2330306][144]CRTCyclicEvent.cpp:TimeMissed():101|Cycle miss in event CCSICombinedCmdManager Cyclic Event. Time Overrun is 20825 us[EOL]
[2026-09-22T07:26:34.176702Z][APM_J.newgen-amplificationplatemagazine][W][2330306][144]CRTCyclicEvent.cpp:TimeMissed():101|Cycle miss in event CCSICombinedRepManager. Time Overrun is 20825 us[EOL]
[2026-09-22T07:26:34.178733Z][APM_J.barcodereader][W][2330306][135]CRTCyclicEvent.cpp:TimeMissed():101|Cycle miss in event CCSICombinedCmdManager Cyclic Event. Time Overrun is 11057 us[EOL]
[2026-09-22T07:26:34.178845Z][APM_J.barcodereader][W][2330306][135]CRTCyclicEvent.cpp:TimeMissed():101|Cycle miss in event CCSICombinedRepManager. Time Overrun is 11057 us[EOL]
[2026-09-22T07:26:34.621511Z][APM_J.newgen-amplificationplatemagazine][W][2330306][144]CRTCyclicEvent.cpp:TimeMissed():101|Cycle miss in event CCSICombinedCmdManager Cyclic Event. Time Overrun is 5693 us[EOL]
[2026-09-22T07:26:34.621565Z][APM_J.newgen-amplificationplatemagazine][W][2330306][144]CRTCyclicEvent.cpp:TimeMissed():101|Cycle miss in event CCSICombinedRepManager. Time Overrun is 5693 us[EOL]
[2026-09-22T07:26:40.916051Z][APM_J.newgen-amplificationplatemagazine][W][2330306][144]CRTCyclicEvent.cpp:TimeMissed():101|Cycle miss in event CCSICombinedCmdManager Cyclic Event. Time Overrun is 96 us[EOL]
[2026-09-22T07:26:40.916100Z][APM_J.newgen-amplificationplatemagazine][W][2330306][144]CRTCyclicEvent.cpp:TimeMissed():101|Cycle miss in event CCSICombinedRepManager. Time Overrun is 96 us[EOL]
[2026-09-22T07:26:41.378161Z][APM_J.barcodereader][W][2330306][135]CRTCyclicEvent.cpp:TimeMissed():101|Cycle miss in event CCSICombinedCmdManager Cyclic Event. Time Overrun is 527 us[EOL]
[2026-09-22T07:26:41.378184Z][APM_J.barcodereader][W][2330306][135]CRTCyclicEvent.cpp:TimeMissed():101|Cycle miss in event CCSICombinedRepManager. Time Overrun is 527 us[EOL]
[2026-09-22T07:26:41.500138Z][APM_J.barcodereader][W][2330306][135]CRTCyclicEvent.cpp:TimeMissed():101|Cycle miss in event CCSICombinedCmdManager Cyclic Event. Time Overrun is 2499 us[EOL]
[2026-09-22T07:26:41.500253Z][APM_J.barcodereader][W][2330306][135]CRTCyclicEvent.cpp:TimeMissed():101|Cycle miss in event CCSICombinedRepManager. Time Overrun is 2499 us[EOL]
[2026-09-22T07:26:42.116054Z][APM_J.newgen-amplificationplatemagazine][W][2330306][144]CRTCyclicEvent.cpp:TimeMissed():101|Cycle miss in event CCSICombinedCmdManager Cyclic Event. Time Overrun is 230 us[EOL]
[2026-09-22T07:26:42.116149Z][APM_J.newgen-amplificationplatemagazine][W][2330306][144]CRTCyclicEvent.cpp:TimeMissed():101|Cycle miss in event CCSICombinedRepManager. Time Overrun is 230 us[EOL]
[2026-09-22T07:26:42.138417Z][APM_J.barcodereader][W][2330306][135]CRTCyclicEvent.cpp:TimeMissed():101|Cycle miss in event CCSICombinedCmdManager Cyclic Event. Time Overrun is 780 us[EOL]
[2026-09-22T07:26:42.138460Z][APM_J.barcodereader][W][2330306][135]CRTCyclicEvent.cpp:TimeMissed():101|Cycle miss in event CCSICombinedRepManager. Time Overrun is 780 us[EOL]
[2026-09-22T07:26:42.247160Z][APM_J.newgen-amplificationplatemagazine][W][2330306][144]CRTCyclicEvent.cpp:TimeMissed():101|Cycle miss in event CCSICombinedCmdManager Cyclic Event. Time Overrun is 1338 us[EOL]
[2026-09-22T07:26:42.247214Z][APM_J.newgen-amplificationplatemagazine][W][2330306][144]CRTCyclicEvent.cpp:TimeMissed():101|Cycle miss in event CCSICombinedRepManager. Time Overrun is 1338 us[EOL]
[2026-09-22T07:26:42.614922Z][APM_J.newgen-amplificationplatemagazine][W][2330306][144]CRTCyclicEvent.cpp:TimeMissed():101|Cycle miss in event CCSICombinedCmdManager Cyclic Event. Time Overrun is 129105 us[EOL]
[2026-09-22T07:26:42.614956Z][APM_J.newgen-amplificationplatemagazine][W][2330306][144]CRTCyclicEvent.cpp:TimeMissed():101|Cycle miss in event CCSICombinedRepManager. Time Overrun is 129105 us[EOL]
[2026-09-22T07:26:42.615092Z][APM_J.barcodereader][W][2330306][135]CRTCyclicEvent.cpp:TimeMissed():101|Cycle miss in event CCSICombinedCmdManager Cyclic Event. Time Overrun is 127456 us[EOL]
[2026-09-22T07:26:42.951724Z][APM_J.newgen-amplificationplatemagazine][W][2330306][144]CRTCyclicEvent.cpp:TimeMissed():101|Cycle miss in event CCSICombinedCmdManager Cyclic Event. Time Overrun is 235904 us[EOL]
[2026-09-22T07:26:42.615122Z][APM_J.barcodereader][W][2330306][135]CRTCyclicEvent.cpp:TimeMissed():101|Cycle miss in event CCSICombinedRepManager. Time Overrun is 127456 us[EOL]
[2026-09-22T07:26:42.951763Z][APM_J.newgen-amplificationplatemagazine][W][2330306][144]CRTCyclicEvent.cpp:TimeMissed():101|Cycle miss in event CCSICombinedRepManager. Time Overrun is 235904 us[EOL]
[2026-09-22T07:26:42.953374Z][APM_J.newgen-amplificationplatemagazine][W][2330306][144]CRTCyclicEvent.cpp:TimeMissed():101|Cycle miss in event CCSICyclicRepManager. Time Overrun is 336339 us[EOL]
[2026-09-22T07:26:42.948260Z][APM_J.barcodereader][W][2330306][135]CRTCyclicEvent.cpp:TimeMissed():101|Cycle miss in event CCSICyclicRepManager. Time Overrun is 900 us[EOL]
[2026-09-22T07:26:43.328922Z][APM_J.newgen-amplificationplatemagazine][W][2330306][144]CRTCyclicEvent.cpp:TimeMissed():101|Cycle miss in event CCSICombinedCmdManager Cyclic Event. Time Overrun is 263103 us[EOL]
[2026-09-22T07:26:42.951814Z][APM_J.barcodereader][W][2330306][135]CRTCyclicEvent.cpp:TimeMissed():101|Cycle miss in event CCSICombinedCmdManager Cyclic Event. Time Overrun is 234174 us[EOL]
[2026-09-22T07:26:43.328953Z][APM_J.newgen-amplificationplatemagazine][W][2330306][144]CRTCyclicEvent.cpp:TimeMissed():101|Cycle miss in event CCSICombinedRepManager. Time Overrun is 263103 us[EOL]
[2026-09-22T07:26:42.951853Z][APM_J.barcodereader][W][2330306][135]CRTCyclicEvent.cpp:TimeMissed():101|Cycle miss in event CCSICombinedRepManager. Time Overrun is 234174 us[EOL]
[2026-09-22T07:26:43.365015Z][APM_J.barcodereader][W][2330306][135]CRTCyclicEvent.cpp:TimeMissed():101|Cycle miss in event CCSICombinedCmdManager Cyclic Event. Time Overrun is 297377 us[EOL]
[2026-09-22T07:26:43.365047Z][APM_J.barcodereader][W][2330306][135]CRTCyclicEvent.cpp:TimeMissed():101|Cycle miss in event CCSICombinedRepManager. Time Overrun is 297377 us[EOL]
[2026-09-22T07:26:43.659840Z][APM_J.barcodereader][W][2330306][135]CRTCyclicEvent.cpp:TimeMissed():101|Cycle miss in event CCSICombinedCmdManager Cyclic Event. Time Overrun is 92204 us[EOL]
[2026-09-22T07:26:43.659870Z][APM_J.barcodereader][W][2330306][135]CRTCyclicEvent.cpp:TimeMissed():101|Cycle miss in event CCSICombinedRepManager. Time Overrun is 92204 us[EOL]
[2026-09-22T07:26:43.772765Z][APM_J.newgen-amplificationplatemagazine][W][2330306][144]CRTCyclicEvent.cpp:TimeMissed():101|Cycle miss in event CCSICombinedCmdManager Cyclic Event. Time Overrun is 86719 us[EOL]
[2026-09-22T07:26:43.772830Z][APM_J.newgen-amplificationplatemagazine][W][2330306][144]CRTCyclicEvent.cpp:TimeMissed():101|Cycle miss in event CCSICombinedRepManager. Time Overrun is 86719 us[EOL]
[2026-09-22T07:26:43.841536Z][APM_J.barcodereader][W][2330306][135]CRTCyclicEvent.cpp:TimeMissed():101|Cycle miss in event CCSICombinedCmdManager Cyclic Event. Time Overrun is 43885 us[EOL]
[2026-09-22T07:26:43.841597Z][APM_J.barcodereader][W][2330306][135]CRTCyclicEvent.cpp:TimeMissed():101|Cycle miss in event CCSICombinedRepManager. Time Overrun is 43885 us[EOL]
[2026-09-22T07:26:43.896339Z][APM_J.newgen-amplificationplatemagazine][W][2330306][144]CRTCyclicEvent.cpp:TimeMissed():101|Cycle miss in event CCSICombinedCmdManager Cyclic Event. Time Overrun is 10521 us[EOL]
[2026-09-22T07:26:43.896399Z][APM_J.newgen-amplificationplatemagazine][W][2330306][144]CRTCyclicEvent.cpp:TimeMissed():101|Cycle miss in event CCSICombinedRepManager. Time Overrun is 10521 us[EOL]
[2026-09-22T07:26:43.983401Z][APM_J.barcodereader][W][2330306][135]CRTCyclicEvent.cpp:TimeMissed():101|Cycle miss in event CCSICombinedCmdManager Cyclic Event. Time Overrun is 25765 us[EOL]
[2026-09-22T07:26:43.983434Z][APM_J.barcodereader][W][2330306][135]CRTCyclicEvent.cpp:TimeMissed():101|Cycle miss in event CCSICombinedRepManager. Time Overrun is 25765 us[EOL]
[2026-09-22T07:26:44.058760Z][APM_J.newgen-amplificationplatemagazine][W][2330306][144]CRTCyclicEvent.cpp:TimeMissed():101|Cycle miss in event CCSICombinedCmdManager Cyclic Event. Time Overrun is 22945 us[EOL]
[2026-09-22T07:26:44.058795Z][APM_J.newgen-amplificationplatemagazine][W][2330306][144]CRTCyclicEvent.cpp:TimeMissed():101|Cycle miss in event CCSICombinedRepManager. Time Overrun is 22945 us[EOL]
[2026-09-22T07:26:44.143134Z][APM_J.barcodereader][W][2330306][135]CRTCyclicEvent.cpp:TimeMissed():101|Cycle miss in event CCSICombinedCmdManager Cyclic Event. Time Overrun is 35498 us[EOL]
[2026-09-22T07:26:44.143253Z][APM_J.barcodereader][W][2330306][135]CRTCyclicEvent.cpp:TimeMissed():101|Cycle miss in event CCSICombinedRepManager. Time Overrun is 35498 us[EOL]
[2026-09-22T07:26:44.336907Z][APM_J.newgen-amplificationplatemagazine][W][2330306][144]CRTCyclicEvent.cpp:TimeMissed():101|Cycle miss in event CCSICombinedCmdManager Cyclic Event. Time Overrun is 61067 us[EOL]
[2026-09-22T07:26:44.336978Z][APM_J.newgen-amplificationplatemagazine][W][2330306][144]CRTCyclicEvent.cpp:TimeMissed():101|Cycle miss in event CCSICombinedRepManager. Time Overrun is 61067 us[EOL]
[2026-09-22T07:26:44.494399Z][APM_J.newgen-amplificationplatemagazine][W][2330306][144]CRTCyclicEvent.cpp:TimeMissed():101|Cycle miss in event CCSICombinedCmdManager Cyclic Event. Time Overrun is 28577 us[EOL]
[2026-09-22T07:26:44.494455Z][APM_J.newgen-amplificationplatemagazine][W][2330306][144]CRTCyclicEvent.cpp:TimeMissed():101|Cycle miss in event CCSICombinedRepManager. Time Overrun is 28577 us[EOL]
[2026-09-22T07:26:44.622536Z][APM_J.newgen-amplificationplatemagazine][W][2330306][144]CRTCyclicEvent.cpp:TimeMissed():101|Cycle miss in event CCSICombinedCmdManager Cyclic Event. Time Overrun is 16717 us[EOL]
[2026-09-22T07:26:44.622585Z][APM_J.newgen-amplificationplatemagazine][W][2330306][144]CRTCyclicEvent.cpp:TimeMissed():101|Cycle miss in event CCSICombinedRepManager. Time Overrun is 16717 us[EOL]
[2026-09-22T07:26:44.686909Z][APM_J.newgen-amplificationplatemagazine][W][2330306][144]CRTCyclicEvent.cpp:TimeMissed():101|Cycle miss in event CCSICyclicRepManager. Time Overrun is 70094 us[EOL]
[2026-09-22T07:26:44.686094Z][APM_J.barcodereader][W][2330306][135]CRTCyclicEvent.cpp:TimeMissed():101|Cycle miss in event CCSICombinedCmdManager Cyclic Event. Time Overrun is 168455 us[EOL]
[2026-09-22T07:26:44.686142Z][APM_J.barcodereader][W][2330306][135]CRTCyclicEvent.cpp:TimeMissed():101|Cycle miss in event CCSICombinedRepManager. Time Overrun is 168455 us[EOL]
[2026-09-22T07:26:44.806910Z][APM_J.newgen-amplificationplatemagazine][W][2330306][144]CRTCyclicEvent.cpp:TimeMissed():101|Cycle miss in event CCSICombinedCmdManager Cyclic Event. Time Overrun is 71090 us[EOL]
[2026-09-22T07:26:44.806969Z][APM_J.newgen-amplificationplatemagazine][W][2330306][144]CRTCyclicEvent.cpp:TimeMissed():101|Cycle miss in event CCSICombinedRepManager. Time Overrun is 71090 us[EOL]
[2026-09-22T07:26:44.964083Z][APM_J.newgen-amplificationplatemagazine][W][2330306][144]CRTCyclicEvent.cpp:TimeMissed():101|Cycle miss in event CCSICombinedCmdManager Cyclic Event. Time Overrun is 38264 us[EOL]
[2026-09-22T07:26:44.964119Z][APM_J.newgen-amplificationplatemagazine][W][2330306][144]CRTCyclicEvent.cpp:TimeMissed():101|Cycle miss in event CCSICombinedRepManager. Time Overrun is 38264 us[EOL]
[2026-09-22T07:26:44.806494Z][APM_J.barcodereader][W][2330306][135]CRTCyclicEvent.cpp:TimeMissed():101|Cycle miss in event CCSICombinedCmdManager Cyclic Event. Time Overrun is 8859 us[EOL]
[2026-09-22T07:26:44.806526Z][APM_J.barcodereader][W][2330306][135]CRTCyclicEvent.cpp:TimeMissed():101|Cycle miss in event CCSICombinedRepManager. Time Overrun is 8859 us[EOL]
[2026-09-22T07:26:44.959275Z][APM_J.barcodereader][W][2330306][135]CRTCyclicEvent.cpp:TimeMissed():101|Cycle miss in event CCSICombinedCmdManager Cyclic Event. Time Overrun is 41638 us[EOL]
[2026-09-22T07:26:44.959397Z][APM_J.barcodereader][W][2330306][135]CRTCyclicEvent.cpp:TimeMissed():101|Cycle miss in event CCSICombinedRepManager. Time Overrun is 41638 us[EOL]
[2026-09-22T07:26:44.963152Z][APM_J.barcodereader][W][2330306][135]CRTCyclicEvent.cpp:TimeMissed():101|Cycle miss in event CCSICyclicRepManager. Time Overrun is 16373 us[EOL]
[2026-09-22T07:26:45.084312Z][APM_J.newgen-amplificationplatemagazine][W][2330306][144]CRTCyclicEvent.cpp:TimeMissed():101|Cycle miss in event CCSICombinedCmdManager Cyclic Event. Time Overrun is 8495 us[EOL]
[2026-09-22T07:26:45.084352Z][APM_J.newgen-amplificationplatemagazine][W][2330306][144]CRTCyclicEvent.cpp:TimeMissed():101|Cycle miss in event CCSICombinedRepManager. Time Overrun is 8495 us[EOL]
[2026-09-22T07:26:45.228109Z][APM_J.barcodereader][W][2330306][135]CRTCyclicEvent.cpp:TimeMissed():101|Cycle miss in event CCSICombinedCmdManager Cyclic Event. Time Overrun is 471 us[EOL]
[2026-09-22T07:26:45.228160Z][APM_J.barcodereader][W][2330306][135]CRTCyclicEvent.cpp:TimeMissed():101|Cycle miss in event CCSICombinedRepManager. Time Overrun is 471 us[EOL]
[2026-09-22T07:26:45.228292Z][APM_J.newgen-amplificationplatemagazine][W][2330306][144]CRTCyclicEvent.cpp:TimeMissed():101|Cycle miss in event CCSICombinedCmdManager Cyclic Event. Time Overrun is 32473 us[EOL]
[2026-09-22T07:26:45.228344Z][APM_J.newgen-amplificationplatemagazine][W][2330306][144]CRTCyclicEvent.cpp:TimeMissed():101|Cycle miss in event CCSICombinedRepManager. Time Overrun is 32473 us[EOL]
[2026-09-22T07:26:45.365150Z][APM_J.newgen-amplificationplatemagazine][W][2330306][144]CRTCyclicEvent.cpp:TimeMissed():101|Cycle miss in event CCSICombinedCmdManager Cyclic Event. Time Overrun is 19336 us[EOL]
[2026-09-22T07:26:45.367046Z][APM_J.barcodereader][W][2330306][135]CRTCyclicEvent.cpp:TimeMissed():101|Cycle miss in event CCSICombinedCmdManager Cyclic Event. Time Overrun is 19389 us[EOL]
[2026-09-22T07:26:45.367111Z][APM_J.barcodereader][W][2330306][135]CRTCyclicEvent.cpp:TimeMissed():101|Cycle miss in event CCSICombinedRepManager. Time Overrun is 19389 us[EOL]
[2026-09-22T07:26:45.481731Z][APM_J.barcodereader][W][2330306][135]CRTCyclicEvent.cpp:TimeMissed():101|Cycle miss in event CCSICombinedCmdManager Cyclic Event. Time Overrun is 4094 us[EOL]
[2026-09-22T07:26:45.481765Z][APM_J.barcodereader][W][2330306][135]CRTCyclicEvent.cpp:TimeMissed():101|Cycle miss in event CCSICombinedRepManager. Time Overrun is 4094 us[EOL]
[2026-09-22T07:26:45.365175Z][APM_J.newgen-amplificationplatemagazine][W][2330306][144]CRTCyclicEvent.cpp:TimeMissed():101|Cycle miss in event CCSICombinedRepManager. Time Overrun is 19336 us[EOL]
[2026-09-22T07:26:45.478039Z][APM_J.newgen-amplificationplatemagazine][W][2330306][144]CRTCyclicEvent.cpp:TimeMissed():101|Cycle miss in event CCSICombinedCmdManager Cyclic Event. Time Overrun is 2218 us[EOL]
[2026-09-22T07:26:45.478082Z][APM_J.newgen-amplificationplatemagazine][W][2330306][144]CRTCyclicEvent.cpp:TimeMissed():101|Cycle miss in event CCSICombinedRepManager. Time Overrun is 2218 us[EOL]
[2026-09-22T07:26:45.602618Z][APM_J.barcodereader][W][2330306][135]CRTCyclicEvent.cpp:TimeMissed():101|Cycle miss in event CCSICombinedCmdManager Cyclic Event. Time Overrun is 4979 us[EOL]
[2026-09-22T07:26:45.602671Z][APM_J.barcodereader][W][2330306][135]CRTCyclicEvent.cpp:TimeMissed():101|Cycle miss in event CCSICombinedRepManager. Time Overrun is 4979 us[EOL]
[2026-09-22T07:26:45.603589Z][APM_J.newgen-amplificationplatemagazine][W][2330306][144]CRTCyclicEvent.cpp:TimeMissed():101|Cycle miss in event CCSICombinedCmdManager Cyclic Event. Time Overrun is 7769 us[EOL]
[2026-09-22T07:26:45.603625Z][APM_J.newgen-amplificationplatemagazine][W][2330306][144]CRTCyclicEvent.cpp:TimeMissed():101|Cycle miss in event CCSICombinedRepManager. Time Overrun is 7769 us[EOL]
[2026-09-22T07:26:45.753085Z][APM_J.newgen-amplificationplatemagazine][W][2330306][144]CRTCyclicEvent.cpp:TimeMissed():101|Cycle miss in event CCSICombinedCmdManager Cyclic Event. Time Overrun is 37265 us[EOL]
[2026-09-22T07:26:45.753205Z][APM_J.barcodereader][W][2330306][135]CRTCyclicEvent.cpp:TimeMissed():101|Cycle miss in event CCSICombinedCmdManager Cyclic Event. Time Overrun is 35567 us[EOL]
[2026-09-22T07:26:45.753247Z][APM_J.barcodereader][W][2330306][135]CRTCyclicEvent.cpp:TimeMissed():101|Cycle miss in event CCSICombinedRepManager. Time Overrun is 35567 us[EOL]
[2026-09-22T07:26:45.753273Z][APM_J.newgen-amplificationplatemagazine][W][2330306][144]CRTCyclicEvent.cpp:TimeMissed():101|Cycle miss in event CCSICombinedRepManager. Time Overrun is 37265 us[EOL]
[2026-09-22T07:26:45.915533Z][APM_J.newgen-amplificationplatemagazine][W][2330306][144]CRTCyclicEvent.cpp:TimeMissed():101|Cycle miss in event CCSICombinedCmdManager Cyclic Event. Time Overrun is 9711 us[EOL]
[2026-09-22T07:26:45.916476Z][APM_J.barcodereader][W][2330306][135]CRTCyclicEvent.cpp:TimeMissed():101|Cycle miss in event CCSICombinedCmdManager Cyclic Event. Time Overrun is 48841 us[EOL]
[2026-09-22T07:26:45.915615Z][APM_J.newgen-amplificationplatemagazine][W][2330306][144]CRTCyclicEvent.cpp:TimeMissed():101|Cycle miss in event CCSICombinedRepManager. Time Overrun is 9711 us[EOL]
[2026-09-22T07:26:46.082172Z][APM_J.newgen-amplificationplatemagazine][W][2330306][144]CRTCyclicEvent.cpp:TimeMissed():101|Cycle miss in event CCSICombinedCmdManager Cyclic Event. Time Overrun is 56346 us[EOL]
[2026-09-22T07:26:45.916507Z][APM_J.barcodereader][W][2330306][135]CRTCyclicEvent.cpp:TimeMissed():101|Cycle miss in event CCSICombinedRepManager. Time Overrun is 48841 us[EOL]
[2026-09-22T07:26:46.082221Z][APM_J.newgen-amplificationplatemagazine][W][2330306][144]CRTCyclicEvent.cpp:TimeMissed():101|Cycle miss in event CCSICombinedRepManager. Time Overrun is 56346 us[EOL]
[2026-09-22T07:26:46.083659Z][APM_J.barcodereader][W][2330306][135]CRTCyclicEvent.cpp:TimeMissed():101|Cycle miss in event CCSICombinedCmdManager Cyclic Event. Time Overrun is 56020 us[EOL]
[2026-09-22T07:26:46.229236Z][APM_J.newgen-amplificationplatemagazine][W][2330306][144]CRTCyclicEvent.cpp:TimeMissed():101|Cycle miss in event CCSICombinedCmdManager Cyclic Event. Time Overrun is 33370 us[EOL]
[2026-09-22T07:26:46.083692Z][APM_J.barcodereader][W][2330306][135]CRTCyclicEvent.cpp:TimeMissed():101|Cycle miss in event CCSICombinedRepManager. Time Overrun is 56020 us[EOL]
[2026-09-22T07:26:46.229272Z][APM_J.newgen-amplificationplatemagazine][W][2330306][144]CRTCyclicEvent.cpp:TimeMissed():101|Cycle miss in event CCSICombinedRepManager. Time Overrun is 33370 us[EOL]
[2026-09-22T07:26:46.229748Z][APM_J.barcodereader][W][2330306][135]CRTCyclicEvent.cpp:TimeMissed():101|Cycle miss in event CCSICombinedCmdManager Cyclic Event. Time Overrun is 32110 us[EOL]
[2026-09-22T07:26:46.387040Z][APM_J.newgen-amplificationplatemagazine][W][2330306][144]CRTCyclicEvent.cpp:TimeMissed():101|Cycle miss in event CCSICombinedCmdManager Cyclic Event. Time Overrun is 31225 us[EOL]
[2026-09-22T07:26:46.229782Z][APM_J.barcodereader][W][2330306][135]CRTCyclicEvent.cpp:TimeMissed():101|Cycle miss in event CCSICombinedRepManager. Time Overrun is 32110 us[EOL]
[2026-09-22T07:26:46.387063Z][APM_J.newgen-amplificationplatemagazine][W][2330306][144]CRTCyclicEvent.cpp:TimeMissed():101|Cycle miss in event CCSICombinedRepManager. Time Overrun is 31225 us[EOL]
[2026-09-22T07:26:46.472382Z][APM_J.barcodereader][W][2330306][135]CRTCyclicEvent.cpp:TimeMissed():101|Cycle miss in event CCSICombinedCmdManager Cyclic Event. Time Overrun is 14744 us[EOL]
[2026-09-22T07:26:46.472433Z][APM_J.barcodereader][W][2330306][135]CRTCyclicEvent.cpp:TimeMissed():101|Cycle miss in event CCSICombinedRepManager. Time Overrun is 14744 us[EOL]
[2026-09-22T07:26:46.588084Z][APM_J.barcodereader][W][2330306][135]CRTCyclicEvent.cpp:TimeMissed():101|Cycle miss in event CCSICombinedCmdManager Cyclic Event. Time Overrun is 433 us[EOL]
[2026-09-22T07:26:46.588213Z][APM_J.barcodereader][W][2330306][135]CRTCyclicEvent.cpp:TimeMissed():101|Cycle miss in event CCSICombinedRepManager. Time Overrun is 433 us[EOL]
[2026-09-22T07:26:46.627863Z][APM_J.newgen-amplificationplatemagazine][W][2330306][144]CRTCyclicEvent.cpp:TimeMissed():101|Cycle miss in event CCSICombinedCmdManager Cyclic Event. Time Overrun is 12047 us[EOL]
[2026-09-22T07:26:46.627899Z][APM_J.newgen-amplificationplatemagazine][W][2330306][144]CRTCyclicEvent.cpp:TimeMissed():101|Cycle miss in event CCSICombinedRepManager. Time Overrun is 12047 us[EOL]
[2026-09-22T07:26:46.748157Z][APM_J.barcodereader][W][2330306][135]CRTCyclicEvent.cpp:TimeMissed():101|Cycle miss in event CCSICombinedCmdManager Cyclic Event. Time Overrun is 39976 us[EOL]
[2026-09-22T07:26:46.748635Z][APM_J.newgen-amplificationplatemagazine][W][2330306][144]CRTCyclicEvent.cpp:TimeMissed():101|Cycle miss in event CCSICombinedCmdManager Cyclic Event. Time Overrun is 2816 us[EOL]
[2026-09-22T07:26:46.748195Z][APM_J.barcodereader][W][2330306][135]CRTCyclicEvent.cpp:TimeMissed():101|Cycle miss in event CCSICombinedRepManager. Time Overrun is 39976 us[EOL]
[2026-09-22T07:26:46.748683Z][APM_J.newgen-amplificationplatemagazine][W][2330306][144]CRTCyclicEvent.cpp:TimeMissed():101|Cycle miss in event CCSICombinedRepManager. Time Overrun is 2816 us[EOL]
[2026-09-22T07:26:46.903996Z][APM_J.barcodereader][W][2330306][135]CRTCyclicEvent.cpp:TimeMissed():101|Cycle miss in event CCSICombinedCmdManager Cyclic Event. Time Overrun is 36358 us[EOL]
[2026-09-22T07:26:46.904045Z][APM_J.barcodereader][W][2330306][135]CRTCyclicEvent.cpp:TimeMissed():101|Cycle miss in event CCSICombinedRepManager. Time Overrun is 36358 us[EOL]
[2026-09-22T07:26:46.996996Z][APM_J.newgen-amplificationplatemagazine][W][2330306][144]CRTCyclicEvent.cpp:TimeMissed():101|Cycle miss in event CCSICombinedCmdManager Cyclic Event. Time Overrun is 51175 us[EOL]
[2026-09-22T07:26:46.997048Z][APM_J.newgen-amplificationplatemagazine][W][2330306][144]CRTCyclicEvent.cpp:TimeMissed():101|Cycle miss in event CCSICombinedRepManager. Time Overrun is 51175 us[EOL]
[2026-09-22T07:26:47.183771Z][APM_J.newgen-amplificationplatemagazine][W][2330306][144]CRTCyclicEvent.cpp:TimeMissed():101|Cycle miss in event CCSICombinedCmdManager Cyclic Event. Time Overrun is 67950 us[EOL]
[2026-09-22T07:26:47.183826Z][APM_J.newgen-amplificationplatemagazine][W][2330306][144]CRTCyclicEvent.cpp:TimeMissed():101|Cycle miss in event CCSICombinedRepManager. Time Overrun is 67950 us[EOL]
[2026-09-22T07:26:47.368197Z][APM_J.barcodereader][W][2330306][135]CRTCyclicEvent.cpp:TimeMissed():101|Cycle miss in event CCSICombinedCmdManager Cyclic Event. Time Overrun is 40562 us[EOL]
[2026-09-22T07:26:47.368106Z][APM_J.newgen-amplificationplatemagazine][W][2330306][144]CRTCyclicEvent.cpp:TimeMissed():101|Cycle miss in event CCSICombinedCmdManager Cyclic Event. Time Overrun is 42290 us[EOL]
[2026-09-22T07:26:47.368223Z][APM_J.barcodereader][W][2330306][135]CRTCyclicEvent.cpp:TimeMissed():101|Cycle miss in event CCSICombinedRepManager. Time Overrun is 40562 us[EOL]
[2026-09-22T07:26:47.368138Z][APM_J.newgen-amplificationplatemagazine][W][2330306][144]CRTCyclicEvent.cpp:TimeMissed():101|Cycle miss in event CCSICombinedRepManager. Time Overrun is 42290 us[EOL]
[2026-09-22T07:26:47.502490Z][APM_J.barcodereader][W][2330306][135]CRTCyclicEvent.cpp:TimeMissed():101|Cycle miss in event CCSICombinedCmdManager Cyclic Event. Time Overrun is 4855 us[EOL]
[2026-09-22T07:26:47.502448Z][APM_J.newgen-amplificationplatemagazine][W][2330306][144]CRTCyclicEvent.cpp:TimeMissed():101|Cycle miss in event CCSICombinedCmdManager Cyclic Event. Time Overrun is 6569 us[EOL]
[2026-09-22T07:26:47.502521Z][APM_J.barcodereader][W][2330306][135]CRTCyclicEvent.cpp:TimeMissed():101|Cycle miss in event CCSICombinedRepManager. Time Overrun is 4855 us[EOL]
[2026-09-22T07:26:47.502563Z][APM_J.newgen-amplificationplatemagazine][W][2330306][144]CRTCyclicEvent.cpp:TimeMissed():101|Cycle miss in event CCSICombinedRepManager. Time Overrun is 6569 us[EOL]
[2026-09-22T07:26:47.626705Z][APM_J.newgen-amplificationplatemagazine][W][2330306][144]CRTCyclicEvent.cpp:TimeMissed():101|Cycle miss in event CCSICombinedCmdManager Cyclic Event. Time Overrun is 10887 us[EOL]
[2026-09-22T07:26:47.626750Z][APM_J.newgen-amplificationplatemagazine][W][2330306][144]CRTCyclicEvent.cpp:TimeMissed():101|Cycle miss in event CCSICombinedRepManager. Time Overrun is 10887 us[EOL]
[2026-09-22T07:26:47.634608Z][APM_J.barcodereader][W][2330306][135]CRTCyclicEvent.cpp:TimeMissed():101|Cycle miss in event CCSICombinedCmdManager Cyclic Event. Time Overrun is 16973 us[EOL]
[2026-09-22T07:26:47.634634Z][APM_J.barcodereader][W][2330306][135]CRTCyclicEvent.cpp:TimeMissed():101|Cycle miss in event CCSICombinedRepManager. Time Overrun is 16973 us[EOL]
[2026-09-22T07:26:47.846718Z][APM_J.newgen-amplificationplatemagazine][W][2330306][144]CRTCyclicEvent.cpp:TimeMissed():101|Cycle miss in event CCSICombinedCmdManager Cyclic Event. Time Overrun is 50896 us[EOL]
[2026-09-22T07:26:47.846773Z][APM_J.newgen-amplificationplatemagazine][W][2330306][144]CRTCyclicEvent.cpp:TimeMissed():101|Cycle miss in event CCSICombinedRepManager. Time Overrun is 50896 us[EOL]
[2026-09-22T07:26:48.089205Z][APM_J.newgen-amplificationplatemagazine][W][2330306][144]CRTCyclicEvent.cpp:TimeMissed():101|Cycle miss in event CCSICombinedCmdManager Cyclic Event. Time Overrun is 33389 us[EOL]
[2026-09-22T07:26:48.089240Z][APM_J.newgen-amplificationplatemagazine][W][2330306][144]CRTCyclicEvent.cpp:TimeMissed():101|Cycle miss in event CCSICombinedRepManager. Time Overrun is 33389 us[EOL]
[2026-09-22T07:26:48.188016Z][APM_J.barcodereader][W][2330306][135]CRTCyclicEvent.cpp:TimeMissed():101|Cycle miss in event CCSICombinedCmdManager Cyclic Event. Time Overrun is 380 us[EOL]
[2026-09-22T07:26:48.188049Z][APM_J.barcodereader][W][2330306][135]CRTCyclicEvent.cpp:TimeMissed():101|Cycle miss in event CCSICombinedRepManager. Time Overrun is 380 us[EOL]
[2026-09-22T07:26:48.210546Z][APM_J.newgen-amplificationplatemagazine][W][2330306][144]CRTCyclicEvent.cpp:TimeMissed():101|Cycle miss in event CCSICombinedCmdManager Cyclic Event. Time Overrun is 4729 us[EOL]
[2026-09-22T07:26:48.210579Z][APM_J.newgen-amplificationplatemagazine][W][2330306][144]CRTCyclicEvent.cpp:TimeMissed():101|Cycle miss in event CCSICombinedRepManager. Time Overrun is 4729 us[EOL]
[2026-09-22T07:26:48.470126Z][APM_J.barcodereader][W][2330306][135]CRTCyclicEvent.cpp:TimeMissed():101|Cycle miss in event CCSICombinedCmdManager Cyclic Event. Time Overrun is 22491 us[EOL]
[2026-09-22T07:26:48.470163Z][APM_J.barcodereader][W][2330306][135]CRTCyclicEvent.cpp:TimeMissed():101|Cycle miss in event CCSICombinedRepManager. Time Overrun is 22491 us[EOL]
[2026-09-22T07:26:48.591580Z][APM_J.barcodereader][W][2330306][135]CRTCyclicEvent.cpp:TimeMissed():101|Cycle miss in event CCSICombinedCmdManager Cyclic Event. Time Overrun is 3945 us[EOL]
[2026-09-22T07:26:48.591614Z][APM_J.barcodereader][W][2330306][135]CRTCyclicEvent.cpp:TimeMissed():101|Cycle miss in event CCSICombinedRepManager. Time Overrun is 3945 us[EOL]
[2026-09-22T07:26:48.710207Z][APM_J.barcodereader][W][2330306][135]CRTCyclicEvent.cpp:TimeMissed():101|Cycle miss in event CCSICombinedCmdManager Cyclic Event. Time Overrun is 2570 us[EOL]
[2026-09-22T07:26:48.710258Z][APM_J.barcodereader][W][2330306][135]CRTCyclicEvent.cpp:TimeMissed():101|Cycle miss in event CCSICombinedRepManager. Time Overrun is 2570 us[EOL]
[2026-09-22T07:26:48.889014Z][APM_J.barcodereader][W][2330306][135]CRTCyclicEvent.cpp:TimeMissed():101|Cycle miss in event CCSICombinedCmdManager Cyclic Event. Time Overrun is 61377 us[EOL]
[2026-09-22T07:26:48.889060Z][APM_J.barcodereader][W][2330306][135]CRTCyclicEvent.cpp:TimeMissed():101|Cycle miss in event CCSICombinedRepManager. Time Overrun is 61377 us[EOL]
[2026-09-22T07:26:49.028509Z][APM_J.newgen-amplificationplatemagazine][W][2330306][144]CRTCyclicEvent.cpp:TimeMissed():101|Cycle miss in event CCSICombinedCmdManager Cyclic Event. Time Overrun is 22693 us[EOL]
[2026-09-22T07:26:49.028547Z][APM_J.newgen-amplificationplatemagazine][W][2330306][144]CRTCyclicEvent.cpp:TimeMissed():101|Cycle miss in event CCSICombinedRepManager. Time Overrun is 22693 us[EOL]
[2026-09-22T07:26:49.207181Z][APM_J.newgen-amplificationplatemagazine][W][2330306][144]CRTCyclicEvent.cpp:TimeMissed():101|Cycle miss in event CCSICombinedCmdManager Cyclic Event. Time Overrun is 21364 us[EOL]
[2026-09-22T07:26:49.207217Z][APM_J.newgen-amplificationplatemagazine][W][2330306][144]CRTCyclicEvent.cpp:TimeMissed():101|Cycle miss in event CCSICombinedRepManager. Time Overrun is 21364 us[EOL]
[2026-09-22T07:26:49.381060Z][APM_J.newgen-amplificationplatemagazine][W][2330306][144]CRTCyclicEvent.cpp:TimeMissed():101|Cycle miss in event CCSICombinedCmdManager Cyclic Event. Time Overrun is 55240 us[EOL]
[2026-09-22T07:26:49.381108Z][APM_J.newgen-amplificationplatemagazine][W][2330306][144]CRTCyclicEvent.cpp:TimeMissed():101|Cycle miss in event CCSICombinedRepManager. Time Overrun is 55240 us[EOL]
[2026-09-22T07:26:49.536543Z][APM_J.newgen-amplificationplatemagazine][W][2330306][144]CRTCyclicEvent.cpp:TimeMissed():101|Cycle miss in event CCSICombinedCmdManager Cyclic Event. Time Overrun is 40724 us[EOL]
[2026-09-22T07:26:49.536590Z][APM_J.newgen-amplificationplatemagazine][W][2330306][144]CRTCyclicEvent.cpp:TimeMissed():101|Cycle miss in event CCSICombinedRepManager. Time Overrun is 40724 us[EOL]
[2026-09-22T07:26:49.672204Z][APM_J.newgen-amplificationplatemagazine][W][2330306][144]CRTCyclicEvent.cpp:TimeMissed():101|Cycle miss in event CCSICombinedCmdManager Cyclic Event. Time Overrun is 16383 us[EOL]
[2026-09-22T07:26:49.672259Z][APM_J.newgen-amplificationplatemagazine][W][2330306][144]CRTCyclicEvent.cpp:TimeMissed():101|Cycle miss in event CCSICombinedRepManager. Time Overrun is 16383 us[EOL]
[2026-09-22T07:26:49.819932Z][APM_J.newgen-amplificationplatemagazine][W][2330306][144]CRTCyclicEvent.cpp:TimeMissed():101|Cycle miss in event CCSICombinedCmdManager Cyclic Event. Time Overrun is 34115 us[EOL]
[2026-09-22T07:26:49.819963Z][APM_J.newgen-amplificationplatemagazine][W][2330306][144]CRTCyclicEvent.cpp:TimeMissed():101|Cycle miss in event CCSICombinedRepManager. Time Overrun is 34115 us[EOL]
[2026-09-22T07:26:49.955483Z][APM_J.newgen-amplificationplatemagazine][W][2330306][144]CRTCyclicEvent.cpp:TimeMissed():101|Cycle miss in event CCSICombinedCmdManager Cyclic Event. Time Overrun is 19666 us[EOL]
[2026-09-22T07:26:49.955617Z][APM_J.newgen-amplificationplatemagazine][W][2330306][144]CRTCyclicEvent.cpp:TimeMissed():101|Cycle miss in event CCSICombinedRepManager. Time Overrun is 19666 us[EOL]
[2026-09-22T07:26:50.073278Z][APM_J.newgen-amplificationplatemagazine][W][2330306][144]CRTCyclicEvent.cpp:TimeMissed():101|Cycle miss in event CCSICombinedCmdManager Cyclic Event. Time Overrun is 7461 us[EOL]
[2026-09-22T07:26:50.073313Z][APM_J.newgen-amplificationplatemagazine][W][2330306][144]CRTCyclicEvent.cpp:TimeMissed():101|Cycle miss in event CCSICombinedRepManager. Time Overrun is 7461 us[EOL]
[2026-09-22T07:26:50.190194Z][APM_J.newgen-amplificationplatemagazine][W][2330306][144]CRTCyclicEvent.cpp:TimeMissed():101|Cycle miss in event CCSICombinedCmdManager Cyclic Event. Time Overrun is 4375 us[EOL]
[2026-09-22T07:26:50.190252Z][APM_J.newgen-amplificationplatemagazine][W][2330306][144]CRTCyclicEvent.cpp:TimeMissed():101|Cycle miss in event CCSICombinedRepManager. Time Overrun is 4375 us[EOL]
[2026-09-22T07:26:50.410712Z][APM_J.newgen-amplificationplatemagazine][W][2330306][144]CRTCyclicEvent.cpp:TimeMissed():101|Cycle miss in event CCSICombinedCmdManager Cyclic Event. Time Overrun is 34894 us[EOL]
[2026-09-22T07:26:50.410753Z][APM_J.newgen-amplificationplatemagazine][W][2330306][144]CRTCyclicEvent.cpp:TimeMissed():101|Cycle miss in event CCSICombinedRepManager. Time Overrun is 34894 us[EOL]
[2026-09-22T07:26:50.557912Z][APM_J.newgen-amplificationplatemagazine][W][2330306][144]CRTCyclicEvent.cpp:TimeMissed():101|Cycle miss in event CCSICombinedCmdManager Cyclic Event. Time Overrun is 32089 us[EOL]
[2026-09-22T07:26:50.557973Z][APM_J.newgen-amplificationplatemagazine][W][2330306][144]CRTCyclicEvent.cpp:TimeMissed():101|Cycle miss in event CCSICombinedRepManager. Time Overrun is 32089 us[EOL]
[2026-09-22T07:26:50.726366Z][APM_J.newgen-amplificationplatemagazine][W][2330306][144]CRTCyclicEvent.cpp:TimeMissed():101|Cycle miss in event CCSICombinedCmdManager Cyclic Event. Time Overrun is 549 us[EOL]
[2026-09-22T07:26:50.726417Z][APM_J.newgen-amplificationplatemagazine][W][2330306][144]CRTCyclicEvent.cpp:TimeMissed():101|Cycle miss in event CCSICombinedRepManager. Time Overrun is 549 us[EOL]
[2026-09-22T07:26:50.750654Z][APM_J.newgen-amplificationplatemagazine][W][2330306][144]CRTCyclicEvent.cpp:TimeMissed():101|Cycle miss in event CCSICyclicRepManager. Time Overrun is 1533844 us[EOL]
[2026-09-22T07:26:50.750328Z][APM_J.barcodereader][W][2330306][135]CRTCyclicEvent.cpp:TimeMissed():101|Cycle miss in event CCSICombinedCmdManager Cyclic Event. Time Overrun is 1702690 us[EOL]
[2026-09-22T07:26:50.750374Z][APM_J.barcodereader][W][2330306][135]CRTCyclicEvent.cpp:TimeMissed():101|Cycle miss in event CCSICombinedRepManager. Time Overrun is 1702690 us[EOL]
[2026-09-22T07:26:50.750390Z][APM_J.barcodereader][W][2330306][135]CRTCyclicEvent.cpp:TimeMissed():101|Cycle miss in event CCSICyclicRepManager. Time Overrun is 1603614 us[EOL]
[2026-09-22T07:26:50.953277Z][APM_J.barcodereader][W][2330306][135]CRTCyclicEvent.cpp:TimeMissed():101|Cycle miss in event CCSICombinedCmdManager Cyclic Event. Time Overrun is 85640 us[EOL]
[2026-09-22T07:26:50.953316Z][APM_J.barcodereader][W][2330306][135]CRTCyclicEvent.cpp:TimeMissed():101|Cycle miss in event CCSICombinedRepManager. Time Overrun is 85640 us[EOL]
[2026-09-22T07:26:50.955021Z][APM_J.newgen-amplificationplatemagazine][W][2330306][144]CRTCyclicEvent.cpp:TimeMissed():101|Cycle miss in event CCSICombinedCmdManager Cyclic Event. Time Overrun is 89201 us[EOL]
[2026-09-22T07:26:50.955066Z][APM_J.newgen-amplificationplatemagazine][W][2330306][144]CRTCyclicEvent.cpp:TimeMissed():101|Cycle miss in event CCSICombinedRepManager. Time Overrun is 89201 us[EOL]
[2026-09-22T07:26:51.278402Z][APM_J.newgen-amplificationplatemagazine][W][2330306][144]CRTCyclicEvent.cpp:TimeMissed():101|Cycle miss in event CCSICombinedCmdManager Cyclic Event. Time Overrun is 42573 us[EOL]
[2026-09-22T07:26:51.278479Z][APM_J.newgen-amplificationplatemagazine][W][2330306][144]CRTCyclicEvent.cpp:TimeMissed():101|Cycle miss in event CCSICombinedRepManager. Time Overrun is 42573 us[EOL]
[2026-09-22T07:26:51.278990Z][APM_J.barcodereader][W][2330306][135]CRTCyclicEvent.cpp:TimeMissed():101|Cycle miss in event CCSICombinedCmdManager Cyclic Event. Time Overrun is 11355 us[EOL]
[2026-09-22T07:26:51.279020Z][APM_J.barcodereader][W][2330306][135]CRTCyclicEvent.cpp:TimeMissed():101|Cycle miss in event CCSICombinedRepManager. Time Overrun is 11355 us[EOL]
[2026-09-22T07:26:51.400293Z][APM_J.newgen-amplificationplatemagazine][W][2330306][144]CRTCyclicEvent.cpp:TimeMissed():101|Cycle miss in event CCSICombinedCmdManager Cyclic Event. Time Overrun is 4475 us[EOL]
[2026-09-22T07:26:51.400333Z][APM_J.newgen-amplificationplatemagazine][W][2330306][144]CRTCyclicEvent.cpp:TimeMissed():101|Cycle miss in event CCSICombinedRepManager. Time Overrun is 4475 us[EOL]
[2026-09-22T07:26:51.468051Z][APM_J.barcodereader][W][2330306][135]CRTCyclicEvent.cpp:TimeMissed():101|Cycle miss in event CCSICombinedCmdManager Cyclic Event. Time Overrun is 40412 us[EOL]
[2026-09-22T07:26:51.468094Z][APM_J.barcodereader][W][2330306][135]CRTCyclicEvent.cpp:TimeMissed():101|Cycle miss in event CCSICombinedRepManager. Time Overrun is 40412 us[EOL]
[2026-09-22T07:26:51.520720Z][APM_J.newgen-amplificationplatemagazine][W][2330306][144]CRTCyclicEvent.cpp:TimeMissed():101|Cycle miss in event CCSICombinedCmdManager Cyclic Event. Time Overrun is 4904 us[EOL]
[2026-09-22T07:26:51.520770Z][APM_J.newgen-amplificationplatemagazine][W][2330306][144]CRTCyclicEvent.cpp:TimeMissed():101|Cycle miss in event CCSICombinedRepManager. Time Overrun is 4904 us[EOL]
[2026-09-22T07:26:51.590387Z][APM_J.barcodereader][W][2330306][135]CRTCyclicEvent.cpp:TimeMissed():101|Cycle miss in event CCSICombinedCmdManager Cyclic Event. Time Overrun is 2747 us[EOL]
[2026-09-22T07:26:51.590458Z][APM_J.barcodereader][W][2330306][135]CRTCyclicEvent.cpp:TimeMissed():101|Cycle miss in event CCSICombinedRepManager. Time Overrun is 2747 us[EOL]
[2026-09-22T07:26:51.636440Z][APM_J.newgen-amplificationplatemagazine][W][2330306][144]CRTCyclicEvent.cpp:TimeMissed():101|Cycle miss in event CCSICombinedCmdManager Cyclic Event. Time Overrun is 619 us[EOL]
[2026-09-22T07:26:51.636476Z][APM_J.newgen-amplificationplatemagazine][W][2330306][144]CRTCyclicEvent.cpp:TimeMissed():101|Cycle miss in event CCSICombinedRepManager. Time Overrun is 619 us[EOL]
[2026-09-22T07:26:51.759997Z][APM_J.barcodereader][W][2330306][135]CRTCyclicEvent.cpp:TimeMissed():101|Cycle miss in event CCSICombinedCmdManager Cyclic Event. Time Overrun is 2362 us[EOL]
[2026-09-22T07:26:51.760021Z][APM_J.barcodereader][W][2330306][135]CRTCyclicEvent.cpp:TimeMissed():101|Cycle miss in event CCSICombinedRepManager. Time Overrun is 2362 us[EOL]
[2026-09-22T07:26:51.921709Z][APM_J.barcodereader][W][2330306][135]CRTCyclicEvent.cpp:TimeMissed():101|Cycle miss in event CCSICombinedCmdManager Cyclic Event. Time Overrun is 24073 us[EOL]
[2026-09-22T07:26:51.952099Z][APM_J.newgen-amplificationplatemagazine][W][2330306][144]CRTCyclicEvent.cpp:TimeMissed():101|Cycle miss in event CCSICombinedCmdManager Cyclic Event. Time Overrun is 6279 us[EOL]
[2026-09-22T07:26:51.921739Z][APM_J.barcodereader][W][2330306][135]CRTCyclicEvent.cpp:TimeMissed():101|Cycle miss in event CCSICombinedRepManager. Time Overrun is 24073 us[EOL]
[2026-09-22T07:26:51.952149Z][APM_J.newgen-amplificationplatemagazine][W][2330306][144]CRTCyclicEvent.cpp:TimeMissed():101|Cycle miss in event CCSICombinedRepManager. Time Overrun is 6279 us[EOL]
[2026-09-22T07:26:52.110632Z][APM_J.barcodereader][W][2330306][135]CRTCyclicEvent.cpp:TimeMissed():101|Cycle miss in event CCSICombinedCmdManager Cyclic Event. Time Overrun is 12994 us[EOL]
[2026-09-22T07:26:52.110675Z][APM_J.barcodereader][W][2330306][135]CRTCyclicEvent.cpp:TimeMissed():101|Cycle miss in event CCSICombinedRepManager. Time Overrun is 12994 us[EOL]
[2026-09-22T07:26:52.229195Z][APM_J.newgen-amplificationplatemagazine][W][2330306][144]CRTCyclicEvent.cpp:TimeMissed():101|Cycle miss in event CCSICombinedCmdManager Cyclic Event. Time Overrun is 53375 us[EOL]
[2026-09-22T07:26:52.229469Z][APM_J.barcodereader][W][2330306][135]CRTCyclicEvent.cpp:TimeMissed():101|Cycle miss in event CCSICombinedCmdManager Cyclic Event. Time Overrun is 1830 us[EOL]
[2026-09-22T07:26:52.229245Z][APM_J.newgen-amplificationplatemagazine][W][2330306][144]CRTCyclicEvent.cpp:TimeMissed():101|Cycle miss in event CCSICombinedRepManager. Time Overrun is 53375 us[EOL]
[2026-09-22T07:26:52.229511Z][APM_J.barcodereader][W][2330306][135]CRTCyclicEvent.cpp:TimeMissed():101|Cycle miss in event CCSICombinedRepManager. Time Overrun is 1830 us[EOL]
[2026-09-22T07:26:52.380599Z][APM_J.newgen-amplificationplatemagazine][W][2330306][144]CRTCyclicEvent.cpp:TimeMissed():101|Cycle miss in event CCSICombinedCmdManager Cyclic Event. Time Overrun is 34784 us[EOL]
[2026-09-22T07:26:52.380630Z][APM_J.newgen-amplificationplatemagazine][W][2330306][144]CRTCyclicEvent.cpp:TimeMissed():101|Cycle miss in event CCSICombinedRepManager. Time Overrun is 34784 us[EOL]
[2026-09-22T07:26:52.510816Z][APM_J.newgen-amplificationplatemagazine][W][2330306][144]CRTCyclicEvent.cpp:TimeMissed():101|Cycle miss in event CCSICombinedCmdManager Cyclic Event. Time Overrun is 4997 us[EOL]
[2026-09-22T07:26:52.510891Z][APM_J.newgen-amplificationplatemagazine][W][2330306][144]CRTCyclicEvent.cpp:TimeMissed():101|Cycle miss in event CCSICombinedRepManager. Time Overrun is 4997 us[EOL]
[2026-09-22T07:26:52.697827Z][APM_J.newgen-amplificationplatemagazine][W][2330306][144]CRTCyclicEvent.cpp:TimeMissed():101|Cycle miss in event CCSICombinedCmdManager Cyclic Event. Time Overrun is 42009 us[EOL]
[2026-09-22T07:26:52.697878Z][APM_J.newgen-amplificationplatemagazine][W][2330306][144]CRTCyclicEvent.cpp:TimeMissed():101|Cycle miss in event CCSICombinedRepManager. Time Overrun is 42009 us[EOL]
[2026-09-22T07:26:53.279471Z][APM_J.newgen-amplificationplatemagazine][W][2330306][144]CRTCyclicEvent.cpp:TimeMissed():101|Cycle miss in event CCSICombinedCmdManager Cyclic Event. Time Overrun is 3654 us[EOL]
[2026-09-22T07:26:53.279509Z][APM_J.newgen-amplificationplatemagazine][W][2330306][144]CRTCyclicEvent.cpp:TimeMissed():101|Cycle miss in event CCSICombinedRepManager. Time Overrun is 3654 us[EOL]
[2026-09-22T07:26:53.407768Z][APM_J.newgen-amplificationplatemagazine][W][2330306][144]CRTCyclicEvent.cpp:TimeMissed():101|Cycle miss in event CCSICombinedCmdManager Cyclic Event. Time Overrun is 11952 us[EOL]
[2026-09-22T07:26:53.407839Z][APM_J.newgen-amplificationplatemagazine][W][2330306][144]CRTCyclicEvent.cpp:TimeMissed():101|Cycle miss in event CCSICombinedRepManager. Time Overrun is 11952 us[EOL]
[2026-09-22T07:26:53.552458Z][APM_J.newgen-amplificationplatemagazine][W][2330306][144]CRTCyclicEvent.cpp:TimeMissed():101|Cycle miss in event CCSICombinedCmdManager Cyclic Event. Time Overrun is 6641 us[EOL]
[2026-09-22T07:26:53.552497Z][APM_J.newgen-amplificationplatemagazine][W][2330306][144]CRTCyclicEvent.cpp:TimeMissed():101|Cycle miss in event CCSICombinedRepManager. Time Overrun is 6641 us[EOL]
[2026-09-22T07:26:53.669283Z][APM_J.newgen-amplificationplatemagazine][W][2330306][144]CRTCyclicEvent.cpp:TimeMissed():101|Cycle miss in event CCSICombinedCmdManager Cyclic Event. Time Overrun is 3465 us[EOL]
[2026-09-22T07:26:53.669324Z][APM_J.newgen-amplificationplatemagazine][W][2330306][144]CRTCyclicEvent.cpp:TimeMissed():101|Cycle miss in event CCSICombinedRepManager. Time Overrun is 3465 us[EOL]
[2026-09-22T07:26:53.810092Z][APM_J.newgen-amplificationplatemagazine][W][2330306][144]CRTCyclicEvent.cpp:TimeMissed():101|Cycle miss in event CCSICombinedCmdManager Cyclic Event. Time Overrun is 4131 us[EOL]
[2026-09-22T07:26:53.810138Z][APM_J.newgen-amplificationplatemagazine][W][2330306][144]CRTCyclicEvent.cpp:TimeMissed():101|Cycle miss in event CCSICombinedRepManager. Time Overrun is 4131 us[EOL]
[2026-09-22T07:26:53.896873Z][APM_J.barcodereader][W][2330306][135]CRTCyclicEvent.cpp:TimeMissed():101|Cycle miss in event CCSICombinedCmdManager Cyclic Event. Time Overrun is 1369240 us[EOL]
[2026-09-22T07:26:53.896893Z][APM_J.barcodereader][W][2330306][135]CRTCyclicEvent.cpp:TimeMissed():101|Cycle miss in event CCSICombinedRepManager. Time Overrun is 1369240 us[EOL]
[2026-09-22T07:26:53.897073Z][APM_J.barcodereader][W][2330306][135]CRTCyclicEvent.cpp:TimeMissed():101|Cycle miss in event CCSICyclicRepManager. Time Overrun is 1250298 us[EOL]
[2026-09-22T07:26:53.944736Z][APM_J.newgen-amplificationplatemagazine][W][2330306][144]CRTCyclicEvent.cpp:TimeMissed():101|Cycle miss in event CCSICombinedCmdManager Cyclic Event. Time Overrun is 18915 us[EOL]
[2026-09-22T07:26:53.944862Z][APM_J.newgen-amplificationplatemagazine][W][2330306][144]CRTCyclicEvent.cpp:TimeMissed():101|Cycle miss in event CCSICombinedRepManager. Time Overrun is 18915 us[EOL]
[2026-09-22T07:26:54.053528Z][APM_J.barcodereader][W][2330306][135]CRTCyclicEvent.cpp:TimeMissed():101|Cycle miss in event CCSICombinedCmdManager Cyclic Event. Time Overrun is 35892 us[EOL]
[2026-09-22T07:26:54.053615Z][APM_J.barcodereader][W][2330306][135]CRTCyclicEvent.cpp:TimeMissed():101|Cycle miss in event CCSICombinedRepManager. Time Overrun is 35892 us[EOL]
[2026-09-22T07:26:54.089167Z][APM_J.newgen-amplificationplatemagazine][W][2330306][144]CRTCyclicEvent.cpp:TimeMissed():101|Cycle miss in event CCSICombinedCmdManager Cyclic Event. Time Overrun is 13345 us[EOL]
[2026-09-22T07:26:54.089205Z][APM_J.newgen-amplificationplatemagazine][W][2330306][144]CRTCyclicEvent.cpp:TimeMissed():101|Cycle miss in event CCSICombinedRepManager. Time Overrun is 13345 us[EOL]
[2026-09-22T07:26:54.462573Z][APM_J.newgen-amplificationplatemagazine][W][2330306][144]CRTCyclicEvent.cpp:TimeMissed():101|Cycle miss in event CCSICombinedCmdManager Cyclic Event. Time Overrun is 66755 us[EOL]
[2026-09-22T07:26:54.462880Z][APM_J.newgen-amplificationplatemagazine][W][2330306][144]CRTCyclicEvent.cpp:TimeMissed():101|Cycle miss in event CCSICombinedRepManager. Time Overrun is 66755 us[EOL]
[2026-09-22T07:26:54.613311Z][APM_J.newgen-amplificationplatemagazine][W][2330306][144]CRTCyclicEvent.cpp:TimeMissed():101|Cycle miss in event CCSICombinedCmdManager Cyclic Event. Time Overrun is 17494 us[EOL]
[2026-09-22T07:26:54.613355Z][APM_J.newgen-amplificationplatemagazine][W][2330306][144]CRTCyclicEvent.cpp:TimeMissed():101|Cycle miss in event CCSICombinedRepManager. Time Overrun is 17494 us[EOL]
[2026-09-22T07:26:54.764544Z][APM_J.newgen-amplificationplatemagazine][W][2330306][144]CRTCyclicEvent.cpp:TimeMissed():101|Cycle miss in event CCSICombinedCmdManager Cyclic Event. Time Overrun is 28726 us[EOL]
[2026-09-22T07:26:54.764583Z][APM_J.newgen-amplificationplatemagazine][W][2330306][144]CRTCyclicEvent.cpp:TimeMissed():101|Cycle miss in event CCSICombinedRepManager. Time Overrun is 28726 us[EOL]
[2026-09-22T07:26:54.934578Z][APM_J.newgen-amplificationplatemagazine][W][2330306][144]CRTCyclicEvent.cpp:TimeMissed():101|Cycle miss in event CCSICombinedCmdManager Cyclic Event. Time Overrun is 58762 us[EOL]
[2026-09-22T07:26:54.934608Z][APM_J.newgen-amplificationplatemagazine][W][2330306][144]CRTCyclicEvent.cpp:TimeMissed():101|Cycle miss in event CCSICombinedRepManager. Time Overrun is 58762 us[EOL]
[2026-09-22T07:26:55.099168Z][APM_J.newgen-amplificationplatemagazine][W][2330306][144]CRTCyclicEvent.cpp:TimeMissed():101|Cycle miss in event CCSICombinedCmdManager Cyclic Event. Time Overrun is 53352 us[EOL]
[2026-09-22T07:26:55.099235Z][APM_J.newgen-amplificationplatemagazine][W][2330306][144]CRTCyclicEvent.cpp:TimeMissed():101|Cycle miss in event CCSICombinedRepManager. Time Overrun is 53352 us[EOL]
[2026-09-22T07:26:55.233293Z][APM_J.newgen-amplificationplatemagazine][W][2330306][144]CRTCyclicEvent.cpp:TimeMissed():101|Cycle miss in event CCSICombinedCmdManager Cyclic Event. Time Overrun is 17473 us[EOL]
[2026-09-22T07:26:55.233339Z][APM_J.newgen-amplificationplatemagazine][W][2330306][144]CRTCyclicEvent.cpp:TimeMissed():101|Cycle miss in event CCSICombinedRepManager. Time Overrun is 17473 us[EOL]
[2026-09-22T07:26:55.355276Z][APM_J.newgen-amplificationplatemagazine][W][2330306][144]CRTCyclicEvent.cpp:TimeMissed():101|Cycle miss in event CCSICombinedCmdManager Cyclic Event. Time Overrun is 9457 us[EOL]
[2026-09-22T07:26:55.355325Z][APM_J.newgen-amplificationplatemagazine][W][2330306][144]CRTCyclicEvent.cpp:TimeMissed():101|Cycle miss in event CCSICombinedRepManager. Time Overrun is 9457 us[EOL]
[2026-09-22T07:26:55.489661Z][APM_J.newgen-amplificationplatemagazine][W][2330306][144]CRTCyclicEvent.cpp:TimeMissed():101|Cycle miss in event CCSICombinedCmdManager Cyclic Event. Time Overrun is 13840 us[EOL]
[2026-09-22T07:26:55.489715Z][APM_J.newgen-amplificationplatemagazine][W][2330306][144]CRTCyclicEvent.cpp:TimeMissed():101|Cycle miss in event CCSICombinedRepManager. Time Overrun is 13840 us[EOL]
[2026-09-22T07:26:55.617066Z][APM_J.newgen-amplificationplatemagazine][W][2330306][144]CRTCyclicEvent.cpp:TimeMissed():101|Cycle miss in event CCSICombinedCmdManager Cyclic Event. Time Overrun is 1250 us[EOL]
[2026-09-22T07:26:55.617101Z][APM_J.newgen-amplificationplatemagazine][W][2330306][144]CRTCyclicEvent.cpp:TimeMissed():101|Cycle miss in event CCSICombinedRepManager. Time Overrun is 1250 us[EOL]
[2026-09-22T07:26:55.739552Z][APM_J.newgen-amplificationplatemagazine][W][2330306][144]CRTCyclicEvent.cpp:TimeMissed():101|Cycle miss in event CCSICombinedCmdManager Cyclic Event. Time Overrun is 3737 us[EOL]
[2026-09-22T07:26:55.739579Z][APM_J.newgen-amplificationplatemagazine][W][2330306][144]CRTCyclicEvent.cpp:TimeMissed():101|Cycle miss in event CCSICombinedRepManager. Time Overrun is 3737 us[EOL]
[2026-09-22T07:26:55.855907Z][APM_J.newgen-amplificationplatemagazine][W][2330306][144]CRTCyclicEvent.cpp:TimeMissed():101|Cycle miss in event CCSICombinedCmdManager Cyclic Event. Time Overrun is 87 us[EOL]
[2026-09-22T07:26:55.855960Z][APM_J.newgen-amplificationplatemagazine][W][2330306][144]CRTCyclicEvent.cpp:TimeMissed():101|Cycle miss in event CCSICombinedRepManager. Time Overrun is 87 us[EOL]
[2026-09-22T07:26:55.930229Z][APM_J.barcodereader][W][2330306][135]CRTCyclicEvent.cpp:TimeMissed():101|Cycle miss in event CCSICombinedCmdManager Cyclic Event. Time Overrun is 1652593 us[EOL]
[2026-09-22T07:26:55.930259Z][APM_J.barcodereader][W][2330306][135]CRTCyclicEvent.cpp:TimeMissed():101|Cycle miss in event CCSICombinedRepManager. Time Overrun is 1652593 us[EOL]
[2026-09-22T07:26:56.058118Z][APM_J.barcodereader][W][2330306][135]CRTCyclicEvent.cpp:TimeMissed():101|Cycle miss in event CCSICombinedCmdManager Cyclic Event. Time Overrun is 10482 us[EOL]
[2026-09-22T07:26:56.058147Z][APM_J.barcodereader][W][2330306][135]CRTCyclicEvent.cpp:TimeMissed():101|Cycle miss in event CCSICombinedRepManager. Time Overrun is 10482 us[EOL]
[2026-09-22T07:26:55.977979Z][APM_J.newgen-amplificationplatemagazine][W][2330306][144]CRTCyclicEvent.cpp:TimeMissed():101|Cycle miss in event CCSICombinedCmdManager Cyclic Event. Time Overrun is 2158 us[EOL]
[2026-09-22T07:26:55.978043Z][APM_J.newgen-amplificationplatemagazine][W][2330306][144]CRTCyclicEvent.cpp:TimeMissed():101|Cycle miss in event CCSICombinedRepManager. Time Overrun is 2158 us[EOL]
[2026-09-22T07:26:56.229775Z][APM_J.newgen-amplificationplatemagazine][W][2330306][144]CRTCyclicEvent.cpp:TimeMissed():101|Cycle miss in event CCSICombinedCmdManager Cyclic Event. Time Overrun is 133943 us[EOL]
[2026-09-22T07:26:56.229878Z][APM_J.newgen-amplificationplatemagazine][W][2330306][144]CRTCyclicEvent.cpp:TimeMissed():101|Cycle miss in event CCSICombinedRepManager. Time Overrun is 133943 us[EOL]
[2026-09-22T07:26:56.229879Z][APM_J.newgen-amplificationplatemagazine][W][2330306][144]CRTCyclicEvent.cpp:TimeMissed():101|Cycle miss in event CCSICyclicRepManager. Time Overrun is 13042 us[EOL]
[2026-09-22T07:26:56.232158Z][APM_J.barcodereader][W][2330306][135]CRTCyclicEvent.cpp:TimeMissed():101|Cycle miss in event CCSICombinedCmdManager Cyclic Event. Time Overrun is 54521 us[EOL]
[2026-09-22T07:26:56.232193Z][APM_J.barcodereader][W][2330306][135]CRTCyclicEvent.cpp:TimeMissed():101|Cycle miss in event CCSICombinedRepManager. Time Overrun is 54521 us[EOL]
[2026-09-22T07:26:56.439107Z][APM_J.newgen-amplificationplatemagazine][W][2330306][144]CRTCyclicEvent.cpp:TimeMissed():101|Cycle miss in event CCSICombinedCmdManager Cyclic Event. Time Overrun is 23289 us[EOL]
[2026-09-22T07:26:56.439151Z][APM_J.newgen-amplificationplatemagazine][W][2330306][144]CRTCyclicEvent.cpp:TimeMissed():101|Cycle miss in event CCSICombinedRepManager. Time Overrun is 23289 us[EOL]
[2026-09-22T07:26:56.566969Z][APM_J.newgen-amplificationplatemagazine][W][2330306][144]CRTCyclicEvent.cpp:TimeMissed():101|Cycle miss in event CCSICombinedCmdManager Cyclic Event. Time Overrun is 11153 us[EOL]
[2026-09-22T07:26:56.566997Z][APM_J.newgen-amplificationplatemagazine][W][2330306][144]CRTCyclicEvent.cpp:TimeMissed():101|Cycle miss in event CCSICombinedRepManager. Time Overrun is 11153 us[EOL]
[2026-09-22T07:26:56.705272Z][APM_J.newgen-amplificationplatemagazine][W][2330306][144]CRTCyclicEvent.cpp:TimeMissed():101|Cycle miss in event CCSICombinedCmdManager Cyclic Event. Time Overrun is 19450 us[EOL]
[2026-09-22T07:26:56.705334Z][APM_J.newgen-amplificationplatemagazine][W][2330306][144]CRTCyclicEvent.cpp:TimeMissed():101|Cycle miss in event CCSICombinedRepManager. Time Overrun is 19450 us[EOL]
[2026-09-22T07:26:56.438642Z][APM_J.barcodereader][W][2330306][135]CRTCyclicEvent.cpp:TimeMissed():101|Cycle miss in event CCSICombinedCmdManager Cyclic Event. Time Overrun is 70999 us[EOL]
[2026-09-22T07:26:56.438771Z][APM_J.barcodereader][W][2330306][135]CRTCyclicEvent.cpp:TimeMissed():101|Cycle miss in event CCSICombinedRepManager. Time Overrun is 70999 us[EOL]
[2026-09-22T07:26:56.567552Z][APM_J.barcodereader][W][2330306][135]CRTCyclicEvent.cpp:TimeMissed():101|Cycle miss in event CCSICombinedCmdManager Cyclic Event. Time Overrun is 9910 us[EOL]
[2026-09-22T07:26:56.567591Z][APM_J.barcodereader][W][2330306][135]CRTCyclicEvent.cpp:TimeMissed():101|Cycle miss in event CCSICombinedRepManager. Time Overrun is 9910 us[EOL]
[2026-09-22T07:26:56.704008Z][APM_J.barcodereader][W][2330306][135]CRTCyclicEvent.cpp:TimeMissed():101|Cycle miss in event CCSICombinedCmdManager Cyclic Event. Time Overrun is 26366 us[EOL]
[2026-09-22T07:26:56.704119Z][APM_J.barcodereader][W][2330306][135]CRTCyclicEvent.cpp:TimeMissed():101|Cycle miss in event CCSICombinedRepManager. Time Overrun is 26366 us[EOL]
[2026-09-22T07:26:56.970223Z][APM_J.barcodereader][W][2330306][135]CRTCyclicEvent.cpp:TimeMissed():101|Cycle miss in event CCSICombinedCmdManager Cyclic Event. Time Overrun is 122585 us[EOL]
[2026-09-22T07:26:56.969126Z][APM_J.newgen-amplificationplatemagazine][W][2330306][144]CRTCyclicEvent.cpp:TimeMissed():101|Cycle miss in event CCSICombinedCmdManager Cyclic Event. Time Overrun is 123306 us[EOL]
[2026-09-22T07:26:56.969876Z][APM_J.newgen-amplificationplatemagazine][W][2330306][144]CRTCyclicEvent.cpp:TimeMissed():101|Cycle miss in event CCSICombinedRepManager. Time Overrun is 123306 us[EOL]
[2026-09-22T07:26:56.970259Z][APM_J.barcodereader][W][2330306][135]CRTCyclicEvent.cpp:TimeMissed():101|Cycle miss in event CCSICombinedRepManager. Time Overrun is 122585 us[EOL]
[2026-09-22T07:26:57.137827Z][APM_J.barcodereader][W][2330306][135]CRTCyclicEvent.cpp:TimeMissed():101|Cycle miss in event CCSICombinedCmdManager Cyclic Event. Time Overrun is 20192 us[EOL]
[2026-09-22T07:26:57.137849Z][APM_J.barcodereader][W][2330306][135]CRTCyclicEvent.cpp:TimeMissed():101|Cycle miss in event CCSICombinedRepManager. Time Overrun is 20192 us[EOL]
[2026-09-22T07:26:57.298897Z][APM_J.newgen-amplificationplatemagazine][W][2330306][144]CRTCyclicEvent.cpp:TimeMissed():101|Cycle miss in event CCSICombinedCmdManager Cyclic Event. Time Overrun is 93077 us[EOL]
[2026-09-22T07:26:57.298957Z][APM_J.newgen-amplificationplatemagazine][W][2330306][144]CRTCyclicEvent.cpp:TimeMissed():101|Cycle miss in event CCSICombinedRepManager. Time Overrun is 93077 us[EOL]
[2026-09-22T07:26:57.300762Z][APM_J.barcodereader][W][2330306][135]CRTCyclicEvent.cpp:TimeMissed():101|Cycle miss in event CCSICombinedCmdManager Cyclic Event. Time Overrun is 43120 us[EOL]
[2026-09-22T07:26:57.300809Z][APM_J.barcodereader][W][2330306][135]CRTCyclicEvent.cpp:TimeMissed():101|Cycle miss in event CCSICombinedRepManager. Time Overrun is 43120 us[EOL]
[2026-09-22T07:26:57.577760Z][APM_J.barcodereader][W][2330306][135]CRTCyclicEvent.cpp:TimeMissed():101|Cycle miss in event CCSICombinedCmdManager Cyclic Event. Time Overrun is 150122 us[EOL]
[2026-09-22T07:26:57.577337Z][APM_J.newgen-amplificationplatemagazine][W][2330306][144]CRTCyclicEvent.cpp:TimeMissed():101|Cycle miss in event CCSICombinedCmdManager Cyclic Event. Time Overrun is 151519 us[EOL]
[2026-09-22T07:26:57.577794Z][APM_J.barcodereader][W][2330306][135]CRTCyclicEvent.cpp:TimeMissed():101|Cycle miss in event CCSICombinedRepManager. Time Overrun is 150122 us[EOL]
[2026-09-22T07:26:57.577382Z][APM_J.newgen-amplificationplatemagazine][W][2330306][144]CRTCyclicEvent.cpp:TimeMissed():101|Cycle miss in event CCSICombinedRepManager. Time Overrun is 151519 us[EOL]
[2026-09-22T07:26:57.577701Z][APM_J.newgen-amplificationplatemagazine][W][2330306][144]CRTCyclicEvent.cpp:TimeMissed():101|Cycle miss in event CCSICyclicRepManager. Time Overrun is 60891 us[EOL]
[2026-09-22T07:26:57.837195Z][APM_J.barcodereader][W][2330306][135]CRTCyclicEvent.cpp:TimeMissed():101|Cycle miss in event CCSICombinedCmdManager Cyclic Event. Time Overrun is 139557 us[EOL]
[2026-09-22T07:26:57.954651Z][APM_J.newgen-amplificationplatemagazine][W][2330306][144]CRTCyclicEvent.cpp:TimeMissed():101|Cycle miss in event CCSICombinedCmdManager Cyclic Event. Time Overrun is 88534 us[EOL]
[2026-09-22T07:26:57.837238Z][APM_J.barcodereader][W][2330306][135]CRTCyclicEvent.cpp:TimeMissed():101|Cycle miss in event CCSICombinedRepManager. Time Overrun is 139557 us[EOL]
[2026-09-22T07:26:57.954718Z][APM_J.newgen-amplificationplatemagazine][W][2330306][144]CRTCyclicEvent.cpp:TimeMissed():101|Cycle miss in event CCSICombinedRepManager. Time Overrun is 88534 us[EOL]
[2026-09-22T07:26:57.954901Z][APM_J.barcodereader][W][2330306][135]CRTCyclicEvent.cpp:TimeMissed():101|Cycle miss in event CCSICombinedCmdManager Cyclic Event. Time Overrun is 7264 us[EOL]
[2026-09-22T07:26:57.954933Z][APM_J.barcodereader][W][2330306][135]CRTCyclicEvent.cpp:TimeMissed():101|Cycle miss in event CCSICombinedRepManager. Time Overrun is 7264 us[EOL]
[2026-09-22T07:26:58.137354Z][APM_J.newgen-amplificationplatemagazine][W][2330306][144]CRTCyclicEvent.cpp:TimeMissed():101|Cycle miss in event CCSICombinedCmdManager Cyclic Event. Time Overrun is 71537 us[EOL]
[2026-09-22T07:26:58.137455Z][APM_J.barcodereader][W][2330306][135]CRTCyclicEvent.cpp:TimeMissed():101|Cycle miss in event CCSICombinedCmdManager Cyclic Event. Time Overrun is 69818 us[EOL]
[2026-09-22T07:26:58.137490Z][APM_J.barcodereader][W][2330306][135]CRTCyclicEvent.cpp:TimeMissed():101|Cycle miss in event CCSICombinedRepManager. Time Overrun is 69818 us[EOL]
[2026-09-22T07:26:58.137394Z][APM_J.newgen-amplificationplatemagazine][W][2330306][144]CRTCyclicEvent.cpp:TimeMissed():101|Cycle miss in event CCSICombinedRepManager. Time Overrun is 71537 us[EOL]
[2026-09-22T07:26:58.328004Z][APM_J.newgen-amplificationplatemagazine][W][2330306][144]CRTCyclicEvent.cpp:TimeMissed():101|Cycle miss in event CCSICombinedCmdManager Cyclic Event. Time Overrun is 72078 us[EOL]
[2026-09-22T07:26:58.327213Z][APM_J.barcodereader][W][2330306][135]CRTCyclicEvent.cpp:TimeMissed():101|Cycle miss in event CCSICombinedCmdManager Cyclic Event. Time Overrun is 79575 us[EOL]
[2026-09-22T07:26:58.328094Z][APM_J.newgen-amplificationplatemagazine][W][2330306][144]CRTCyclicEvent.cpp:TimeMissed():101|Cycle miss in event CCSICombinedRepManager. Time Overrun is 72078 us[EOL]
[2026-09-22T07:26:58.327250Z][APM_J.barcodereader][W][2330306][135]CRTCyclicEvent.cpp:TimeMissed():101|Cycle miss in event CCSICombinedRepManager. Time Overrun is 79575 us[EOL]
[2026-09-22T07:26:58.761638Z][APM_J.newgen-amplificationplatemagazine][W][2330306][144]CRTCyclicEvent.cpp:TimeMissed():101|Cycle miss in event CCSICombinedCmdManager Cyclic Event. Time Overrun is 65821 us[EOL]
[2026-09-22T07:26:58.761681Z][APM_J.newgen-amplificationplatemagazine][W][2330306][144]CRTCyclicEvent.cpp:TimeMissed():101|Cycle miss in event CCSICombinedRepManager. Time Overrun is 65821 us[EOL]
[2026-09-22T07:26:58.794059Z][APM_J.barcodereader][W][2330306][135]CRTCyclicEvent.cpp:TimeMissed():101|Cycle miss in event CCSICombinedCmdManager Cyclic Event. Time Overrun is 6424 us[EOL]
[2026-09-22T07:26:58.794094Z][APM_J.barcodereader][W][2330306][135]CRTCyclicEvent.cpp:TimeMissed():101|Cycle miss in event CCSICombinedRepManager. Time Overrun is 6424 us[EOL]
[2026-09-22T07:26:58.964537Z][APM_J.newgen-amplificationplatemagazine][W][2330306][144]CRTCyclicEvent.cpp:TimeMissed():101|Cycle miss in event CCSICombinedCmdManager Cyclic Event. Time Overrun is 88721 us[EOL]
[2026-09-22T07:26:58.964573Z][APM_J.newgen-amplificationplatemagazine][W][2330306][144]CRTCyclicEvent.cpp:TimeMissed():101|Cycle miss in event CCSICombinedRepManager. Time Overrun is 88721 us[EOL]
[2026-09-22T07:26:58.965365Z][APM_J.barcodereader][W][2330306][135]CRTCyclicEvent.cpp:TimeMissed():101|Cycle miss in event CCSICombinedCmdManager Cyclic Event. Time Overrun is 57727 us[EOL]
[2026-09-22T07:26:58.965433Z][APM_J.barcodereader][W][2330306][135]CRTCyclicEvent.cpp:TimeMissed():101|Cycle miss in event CCSICombinedRepManager. Time Overrun is 57727 us[EOL]
[2026-09-22T07:26:59.096403Z][APM_J.newgen-amplificationplatemagazine][W][2330306][144]CRTCyclicEvent.cpp:TimeMissed():101|Cycle miss in event CCSICombinedCmdManager Cyclic Event. Time Overrun is 20583 us[EOL]
[2026-09-22T07:26:59.096454Z][APM_J.newgen-amplificationplatemagazine][W][2330306][144]CRTCyclicEvent.cpp:TimeMissed():101|Cycle miss in event CCSICombinedRepManager. Time Overrun is 20583 us[EOL]
[2026-09-22T07:26:59.139080Z][APM_J.barcodereader][W][2330306][135]CRTCyclicEvent.cpp:TimeMissed():101|Cycle miss in event CCSICombinedCmdManager Cyclic Event. Time Overrun is 11444 us[EOL]
[2026-09-22T07:26:59.139121Z][APM_J.barcodereader][W][2330306][135]CRTCyclicEvent.cpp:TimeMissed():101|Cycle miss in event CCSICombinedRepManager. Time Overrun is 11444 us[EOL]
[2026-09-22T07:26:59.269971Z][APM_J.newgen-amplificationplatemagazine][W][2330306][144]CRTCyclicEvent.cpp:TimeMissed():101|Cycle miss in event CCSICombinedCmdManager Cyclic Event. Time Overrun is 54153 us[EOL]
[2026-09-22T07:26:59.270020Z][APM_J.newgen-amplificationplatemagazine][W][2330306][144]CRTCyclicEvent.cpp:TimeMissed():101|Cycle miss in event CCSICombinedRepManager. Time Overrun is 54153 us[EOL]
[2026-09-22T07:26:59.268568Z][APM_J.barcodereader][W][2330306][135]CRTCyclicEvent.cpp:TimeMissed():101|Cycle miss in event CCSICombinedCmdManager Cyclic Event. Time Overrun is 10930 us[EOL]
[2026-09-22T07:26:59.268613Z][APM_J.barcodereader][W][2330306][135]CRTCyclicEvent.cpp:TimeMissed():101|Cycle miss in event CCSICombinedRepManager. Time Overrun is 10930 us[EOL]
[2026-09-22T07:26:59.414974Z][APM_J.barcodereader][W][2330306][135]CRTCyclicEvent.cpp:TimeMissed():101|Cycle miss in event CCSICombinedCmdManager Cyclic Event. Time Overrun is 27283 us[EOL]
[2026-09-22T07:26:59.415183Z][APM_J.barcodereader][W][2330306][135]CRTCyclicEvent.cpp:TimeMissed():101|Cycle miss in event CCSICombinedRepManager. Time Overrun is 27283 us[EOL]
[2026-09-22T07:26:59.590808Z][APM_J.newgen-amplificationplatemagazine][W][2330306][144]CRTCyclicEvent.cpp:TimeMissed():101|Cycle miss in event CCSICombinedCmdManager Cyclic Event. Time Overrun is 134987 us[EOL]
[2026-09-22T07:26:59.590876Z][APM_J.newgen-amplificationplatemagazine][W][2330306][144]CRTCyclicEvent.cpp:TimeMissed():101|Cycle miss in event CCSICombinedRepManager. Time Overrun is 134987 us[EOL]
[2026-09-22T07:26:59.591736Z][APM_J.barcodereader][W][2330306][135]CRTCyclicEvent.cpp:TimeMissed():101|Cycle miss in event CCSICombinedCmdManager Cyclic Event. Time Overrun is 64101 us[EOL]
[2026-09-22T07:26:59.591765Z][APM_J.barcodereader][W][2330306][135]CRTCyclicEvent.cpp:TimeMissed():101|Cycle miss in event CCSICombinedRepManager. Time Overrun is 64101 us[EOL]
[2026-09-22T07:26:59.766364Z][APM_J.newgen-amplificationplatemagazine][W][2330306][144]CRTCyclicEvent.cpp:TimeMissed():101|Cycle miss in event CCSICombinedCmdManager Cyclic Event. Time Overrun is 40548 us[EOL]
[2026-09-22T07:26:59.766395Z][APM_J.newgen-amplificationplatemagazine][W][2330306][144]CRTCyclicEvent.cpp:TimeMissed():101|Cycle miss in event CCSICombinedRepManager. Time Overrun is 40548 us[EOL]
[2026-09-22T07:26:59.899259Z][APM_J.newgen-amplificationplatemagazine][W][2330306][144]CRTCyclicEvent.cpp:TimeMissed():101|Cycle miss in event CCSICombinedCmdManager Cyclic Event. Time Overrun is 13443 us[EOL]
[2026-09-22T07:26:59.899287Z][APM_J.newgen-amplificationplatemagazine][W][2330306][144]CRTCyclicEvent.cpp:TimeMissed():101|Cycle miss in event CCSICombinedRepManager. Time Overrun is 13443 us[EOL]
[2026-09-22T07:26:59.782421Z][APM_J.barcodereader][W][2330306][135]CRTCyclicEvent.cpp:TimeMissed():101|Cycle miss in event CCSICombinedCmdManager Cyclic Event. Time Overrun is 64785 us[EOL]
[2026-09-22T07:26:59.782459Z][APM_J.barcodereader][W][2330306][135]CRTCyclicEvent.cpp:TimeMissed():101|Cycle miss in event CCSICombinedRepManager. Time Overrun is 64785 us[EOL]
[2026-09-22T07:26:59.902071Z][APM_J.barcodereader][W][2330306][135]CRTCyclicEvent.cpp:TimeMissed():101|Cycle miss in event CCSICombinedCmdManager Cyclic Event. Time Overrun is 4434 us[EOL]
[2026-09-22T07:26:59.902098Z][APM_J.barcodereader][W][2330306][135]CRTCyclicEvent.cpp:TimeMissed():101|Cycle miss in event CCSICombinedRepManager. Time Overrun is 4434 us[EOL]
[2026-09-22T07:27:00.136780Z][APM_J.barcodereader][W][2330306][135]CRTCyclicEvent.cpp:TimeMissed():101|Cycle miss in event CCSICombinedCmdManager Cyclic Event. Time Overrun is 119145 us[EOL]
[2026-09-22T07:27:00.136814Z][APM_J.barcodereader][W][2330306][135]CRTCyclicEvent.cpp:TimeMissed():101|Cycle miss in event CCSICombinedRepManager. Time Overrun is 119145 us[EOL]
[2026-09-22T07:27:00.043214Z][APM_J.newgen-amplificationplatemagazine][W][2330306][144]CRTCyclicEvent.cpp:TimeMissed():101|Cycle miss in event CCSICombinedCmdManager Cyclic Event. Time Overrun is 27397 us[EOL]
[2026-09-22T07:27:00.043249Z][APM_J.newgen-amplificationplatemagazine][W][2330306][144]CRTCyclicEvent.cpp:TimeMissed():101|Cycle miss in event CCSICombinedRepManager. Time Overrun is 27397 us[EOL]
[2026-09-22T07:27:00.271002Z][APM_J.newgen-amplificationplatemagazine][W][2330306][144]CRTCyclicEvent.cpp:TimeMissed():101|Cycle miss in event CCSICombinedCmdManager Cyclic Event. Time Overrun is 115184 us[EOL]
[2026-09-22T07:27:00.271036Z][APM_J.newgen-amplificationplatemagazine][W][2330306][144]CRTCyclicEvent.cpp:TimeMissed():101|Cycle miss in event CCSICombinedRepManager. Time Overrun is 115184 us[EOL]
[2026-09-22T07:27:00.403242Z][APM_J.barcodereader][W][2330306][135]CRTCyclicEvent.cpp:TimeMissed():101|Cycle miss in event CCSICombinedCmdManager Cyclic Event. Time Overrun is 155595 us[EOL]
[2026-09-22T07:27:00.403284Z][APM_J.barcodereader][W][2330306][135]CRTCyclicEvent.cpp:TimeMissed():101|Cycle miss in event CCSICombinedRepManager. Time Overrun is 155595 us[EOL]
[2026-09-22T07:27:00.403985Z][APM_J.barcodereader][W][2330306][135]CRTCyclicEvent.cpp:TimeMissed():101|Cycle miss in event CCSICyclicRepManager. Time Overrun is 3457205 us[EOL]
[2026-09-22T07:27:00.405850Z][APM_J.newgen-amplificationplatemagazine][W][2330306][144]CRTCyclicEvent.cpp:TimeMissed():101|Cycle miss in event CCSICombinedCmdManager Cyclic Event. Time Overrun is 20031 us[EOL]
[2026-09-22T07:27:00.405889Z][APM_J.newgen-amplificationplatemagazine][W][2330306][144]CRTCyclicEvent.cpp:TimeMissed():101|Cycle miss in event CCSICombinedRepManager. Time Overrun is 20031 us[EOL]
[2026-09-22T07:27:00.583281Z][APM_J.barcodereader][W][2330306][135]CRTCyclicEvent.cpp:TimeMissed():101|Cycle miss in event CCSICombinedCmdManager Cyclic Event. Time Overrun is 65646 us[EOL]
[2026-09-22T07:27:00.584525Z][APM_J.newgen-amplificationplatemagazine][W][2330306][144]CRTCyclicEvent.cpp:TimeMissed():101|Cycle miss in event CCSICombinedCmdManager Cyclic Event. Time Overrun is 58707 us[EOL]
[2026-09-22T07:27:00.583308Z][APM_J.barcodereader][W][2330306][135]CRTCyclicEvent.cpp:TimeMissed():101|Cycle miss in event CCSICombinedRepManager. Time Overrun is 65646 us[EOL]
[2026-09-22T07:27:00.584563Z][APM_J.newgen-amplificationplatemagazine][W][2330306][144]CRTCyclicEvent.cpp:TimeMissed():101|Cycle miss in event CCSICombinedRepManager. Time Overrun is 58707 us[EOL]
[2026-09-22T07:27:00.802872Z][APM_J.barcodereader][W][2330306][135]CRTCyclicEvent.cpp:TimeMissed():101|Cycle miss in event CCSICombinedCmdManager Cyclic Event. Time Overrun is 95233 us[EOL]
[2026-09-22T07:27:00.801791Z][APM_J.newgen-amplificationplatemagazine][W][2330306][144]CRTCyclicEvent.cpp:TimeMissed():101|Cycle miss in event CCSICombinedCmdManager Cyclic Event. Time Overrun is 105967 us[EOL]
[2026-09-22T07:27:00.802949Z][APM_J.barcodereader][W][2330306][135]CRTCyclicEvent.cpp:TimeMissed():101|Cycle miss in event CCSICombinedRepManager. Time Overrun is 95233 us[EOL]
[2026-09-22T07:27:00.801873Z][APM_J.newgen-amplificationplatemagazine][W][2330306][144]CRTCyclicEvent.cpp:TimeMissed():101|Cycle miss in event CCSICombinedRepManager. Time Overrun is 105967 us[EOL]
[2026-09-22T07:27:00.979651Z][APM_J.newgen-amplificationplatemagazine][W][2330306][144]CRTCyclicEvent.cpp:TimeMissed():101|Cycle miss in event CCSICombinedCmdManager Cyclic Event. Time Overrun is 63824 us[EOL]
[2026-09-22T07:27:00.979693Z][APM_J.newgen-amplificationplatemagazine][W][2330306][144]CRTCyclicEvent.cpp:TimeMissed():101|Cycle miss in event CCSICombinedRepManager. Time Overrun is 63824 us[EOL]
[2026-09-22T07:27:00.979613Z][APM_J.barcodereader][W][2330306][135]CRTCyclicEvent.cpp:TimeMissed():101|Cycle miss in event CCSICombinedCmdManager Cyclic Event. Time Overrun is 61975 us[EOL]
[2026-09-22T07:27:00.979650Z][APM_J.barcodereader][W][2330306][135]CRTCyclicEvent.cpp:TimeMissed():101|Cycle miss in event CCSICombinedRepManager. Time Overrun is 61975 us[EOL]
[2026-09-22T07:27:01.169106Z][APM_J.newgen-amplificationplatemagazine][W][2330306][144]CRTCyclicEvent.cpp:TimeMissed():101|Cycle miss in event CCSICombinedCmdManager Cyclic Event. Time Overrun is 73287 us[EOL]
[2026-09-22T07:27:01.168892Z][APM_J.barcodereader][W][2330306][135]CRTCyclicEvent.cpp:TimeMissed():101|Cycle miss in event CCSICombinedCmdManager Cyclic Event. Time Overrun is 71254 us[EOL]
[2026-09-22T07:27:01.169305Z][APM_J.newgen-amplificationplatemagazine][W][2330306][144]CRTCyclicEvent.cpp:TimeMissed():101|Cycle miss in event CCSICombinedRepManager. Time Overrun is 73287 us[EOL]
[2026-09-22T07:27:01.168929Z][APM_J.barcodereader][W][2330306][135]CRTCyclicEvent.cpp:TimeMissed():101|Cycle miss in event CCSICombinedRepManager. Time Overrun is 71254 us[EOL]
[2026-09-22T07:27:01.347950Z][APM_J.barcodereader][W][2330306][135]CRTCyclicEvent.cpp:TimeMissed():101|Cycle miss in event CCSICombinedCmdManager Cyclic Event. Time Overrun is 60316 us[EOL]
[2026-09-22T07:27:01.348733Z][APM_J.newgen-amplificationplatemagazine][W][2330306][144]CRTCyclicEvent.cpp:TimeMissed():101|Cycle miss in event CCSICombinedCmdManager Cyclic Event. Time Overrun is 62915 us[EOL]
[2026-09-22T07:27:01.347971Z][APM_J.barcodereader][W][2330306][135]CRTCyclicEvent.cpp:TimeMissed():101|Cycle miss in event CCSICombinedRepManager. Time Overrun is 60316 us[EOL]
[2026-09-22T07:27:01.348766Z][APM_J.newgen-amplificationplatemagazine][W][2330306][144]CRTCyclicEvent.cpp:TimeMissed():101|Cycle miss in event CCSICombinedRepManager. Time Overrun is 62915 us[EOL]
[2026-09-22T07:27:01.499251Z][APM_J.newgen-amplificationplatemagazine][W][2330306][144]CRTCyclicEvent.cpp:TimeMissed():101|Cycle miss in event CCSICombinedCmdManager Cyclic Event. Time Overrun is 23433 us[EOL]
[2026-09-22T07:27:01.499285Z][APM_J.newgen-amplificationplatemagazine][W][2330306][144]CRTCyclicEvent.cpp:TimeMissed():101|Cycle miss in event CCSICombinedRepManager. Time Overrun is 23433 us[EOL]
[2026-09-22T07:27:01.665112Z][APM_J.newgen-amplificationplatemagazine][W][2330306][144]CRTCyclicEvent.cpp:TimeMissed():101|Cycle miss in event CCSICombinedCmdManager Cyclic Event. Time Overrun is 49291 us[EOL]
[2026-09-22T07:27:01.665169Z][APM_J.newgen-amplificationplatemagazine][W][2330306][144]CRTCyclicEvent.cpp:TimeMissed():101|Cycle miss in event CCSICombinedRepManager. Time Overrun is 49291 us[EOL]
[2026-09-22T07:27:01.824007Z][APM_J.newgen-amplificationplatemagazine][W][2330306][144]CRTCyclicEvent.cpp:TimeMissed():101|Cycle miss in event CCSICyclicRepManager. Time Overrun is 7195 us[EOL]
[2026-09-22T07:27:01.824320Z][APM_J.newgen-amplificationplatemagazine][W][2330306][144]CRTCyclicEvent.cpp:TimeMissed():101|Cycle miss in event CCSICombinedCmdManager Cyclic Event. Time Overrun is 48505 us[EOL]
[2026-09-22T07:27:01.824345Z][APM_J.newgen-amplificationplatemagazine][W][2330306][144]CRTCyclicEvent.cpp:TimeMissed():101|Cycle miss in event CCSICombinedRepManager. Time Overrun is 48505 us[EOL]
[2026-09-22T07:27:01.957986Z][APM_J.newgen-amplificationplatemagazine][W][2330306][144]CRTCyclicEvent.cpp:TimeMissed():101|Cycle miss in event CCSICombinedCmdManager Cyclic Event. Time Overrun is 22168 us[EOL]
[2026-09-22T07:27:01.958033Z][APM_J.newgen-amplificationplatemagazine][W][2330306][144]CRTCyclicEvent.cpp:TimeMissed():101|Cycle miss in event CCSICombinedRepManager. Time Overrun is 22168 us[EOL]
[2026-09-22T07:27:02.173771Z][APM_J.barcodereader][W][2330306][135]CRTCyclicEvent.cpp:TimeMissed():101|Cycle miss in event CCSICyclicRepManager. Time Overrun is 26992 us[EOL]
[2026-09-22T07:27:02.173755Z][APM_J.newgen-amplificationplatemagazine][W][2330306][144]CRTCyclicEvent.cpp:TimeMissed():101|Cycle miss in event CCSICombinedCmdManager Cyclic Event. Time Overrun is 97940 us[EOL]
[2026-09-22T07:27:02.173792Z][APM_J.newgen-amplificationplatemagazine][W][2330306][144]CRTCyclicEvent.cpp:TimeMissed():101|Cycle miss in event CCSICombinedRepManager. Time Overrun is 97940 us[EOL]
[2026-09-22T07:27:02.291450Z][APM_J.newgen-amplificationplatemagazine][W][2330306][144]CRTCyclicEvent.cpp:TimeMissed():101|Cycle miss in event CCSICombinedCmdManager Cyclic Event. Time Overrun is 5633 us[EOL]
[2026-09-22T07:27:02.291502Z][APM_J.newgen-amplificationplatemagazine][W][2330306][144]CRTCyclicEvent.cpp:TimeMissed():101|Cycle miss in event CCSICombinedRepManager. Time Overrun is 5633 us[EOL]
[2026-09-22T07:27:02.830743Z][APM_J.newgen-amplificationplatemagazine][W][2330306][144]CRTCyclicEvent.cpp:TimeMissed():101|Cycle miss in event CCSICombinedCmdManager Cyclic Event. Time Overrun is 64927 us[EOL]
[2026-09-22T07:27:02.830778Z][APM_J.newgen-amplificationplatemagazine][W][2330306][144]CRTCyclicEvent.cpp:TimeMissed():101|Cycle miss in event CCSICombinedRepManager. Time Overrun is 64927 us[EOL]
[2026-09-22T07:27:03.564982Z][APM_J.newgen-amplificationplatemagazine][W][2330306][144]CRTCyclicEvent.cpp:TimeMissed():101|Cycle miss in event CCSICombinedCmdManager Cyclic Event. Time Overrun is 79166 us[EOL]
[2026-09-22T07:27:03.565021Z][APM_J.newgen-amplificationplatemagazine][W][2330306][144]CRTCyclicEvent.cpp:TimeMissed():101|Cycle miss in event CCSICombinedRepManager. Time Overrun is 79166 us[EOL]
[2026-09-22T07:27:03.787683Z][APM_J.newgen-amplificationplatemagazine][W][2330306][144]CRTCyclicEvent.cpp:TimeMissed():101|Cycle miss in event CCSICombinedCmdManager Cyclic Event. Time Overrun is 111860 us[EOL]
[2026-09-22T07:27:03.787744Z][APM_J.newgen-amplificationplatemagazine][W][2330306][144]CRTCyclicEvent.cpp:TimeMissed():101|Cycle miss in event CCSICombinedRepManager. Time Overrun is 111860 us[EOL]
[2026-09-22T07:27:04.002310Z][APM_J.newgen-amplificationplatemagazine][W][2330306][144]CRTCyclicEvent.cpp:TimeMissed():101|Cycle miss in event CCSICombinedCmdManager Cyclic Event. Time Overrun is 96493 us[EOL]
[2026-09-22T07:27:04.002349Z][APM_J.newgen-amplificationplatemagazine][W][2330306][144]CRTCyclicEvent.cpp:TimeMissed():101|Cycle miss in event CCSICombinedRepManager. Time Overrun is 96493 us[EOL]
[2026-09-22T07:27:04.261327Z][APM_J.barcodereader][W][2330306][135]CRTCyclicEvent.cpp:TimeMissed():101|Cycle miss in event CCSICyclicRepManager. Time Overrun is 14547 us[EOL]
[2026-09-22T07:27:04.261685Z][APM_J.newgen-amplificationplatemagazine][W][2330306][144]CRTCyclicEvent.cpp:TimeMissed():101|Cycle miss in event CCSICombinedCmdManager Cyclic Event. Time Overrun is 85868 us[EOL]
[2026-09-22T07:27:04.261722Z][APM_J.newgen-amplificationplatemagazine][W][2330306][144]CRTCyclicEvent.cpp:TimeMissed():101|Cycle miss in event CCSICombinedRepManager. Time Overrun is 85868 us[EOL]
[2026-09-22T07:27:04.430070Z][APM_J.newgen-amplificationplatemagazine][W][2330306][144]CRTCyclicEvent.cpp:TimeMissed():101|Cycle miss in event CCSICombinedCmdManager Cyclic Event. Time Overrun is 54252 us[EOL]
[2026-09-22T07:27:04.430108Z][APM_J.newgen-amplificationplatemagazine][W][2330306][144]CRTCyclicEvent.cpp:TimeMissed():101|Cycle miss in event CCSICombinedRepManager. Time Overrun is 54252 us[EOL]
[2026-09-22T07:27:04.430320Z][APM_J.newgen-amplificationplatemagazine][W][2330306][144]CRTCyclicEvent.cpp:TimeMissed():101|Cycle miss in event CCSICyclicRepManager. Time Overrun is 13508 us[EOL]
[2026-09-22T07:27:04.722788Z][APM_J.newgen-amplificationplatemagazine][W][2330306][144]CRTCyclicEvent.cpp:TimeMissed():101|Cycle miss in event CCSICombinedCmdManager Cyclic Event. Time Overrun is 146969 us[EOL]
[2026-09-22T07:27:04.722854Z][APM_J.newgen-amplificationplatemagazine][W][2330306][144]CRTCyclicEvent.cpp:TimeMissed():101|Cycle miss in event CCSICombinedRepManager. Time Overrun is 146969 us[EOL]
[2026-09-22T07:27:04.904371Z][APM_J.barcodereader][W][2330306][135]CRTCyclicEvent.cpp:TimeMissed():101|Cycle miss in event CCSICombinedCmdManager Cyclic Event. Time Overrun is 3436734 us[EOL]
[2026-09-22T07:27:04.934696Z][APM_J.newgen-amplificationplatemagazine][W][2330306][144]CRTCyclicEvent.cpp:TimeMissed():101|Cycle miss in event CCSICombinedCmdManager Cyclic Event. Time Overrun is 38877 us[EOL]
[2026-09-22T07:27:04.904407Z][APM_J.barcodereader][W][2330306][135]CRTCyclicEvent.cpp:TimeMissed():101|Cycle miss in event CCSICombinedRepManager. Time Overrun is 3436734 us[EOL]
[2026-09-22T07:27:04.934736Z][APM_J.newgen-amplificationplatemagazine][W][2330306][144]CRTCyclicEvent.cpp:TimeMissed():101|Cycle miss in event CCSICombinedRepManager. Time Overrun is 38877 us[EOL]
[2026-09-22T07:27:05.023620Z][APM_J.barcodereader][W][2330306][135]CRTCyclicEvent.cpp:TimeMissed():101|Cycle miss in event CCSICombinedCmdManager Cyclic Event. Time Overrun is 5973 us[EOL]
[2026-09-22T07:27:05.023668Z][APM_J.barcodereader][W][2330306][135]CRTCyclicEvent.cpp:TimeMissed():101|Cycle miss in event CCSICombinedRepManager. Time Overrun is 5973 us[EOL]
[2026-09-22T07:27:05.092885Z][APM_J.newgen-amplificationplatemagazine][W][2330306][144]CRTCyclicEvent.cpp:TimeMissed():101|Cycle miss in event CCSICombinedCmdManager Cyclic Event. Time Overrun is 7071 us[EOL]
[2026-09-22T07:27:05.092912Z][APM_J.newgen-amplificationplatemagazine][W][2330306][144]CRTCyclicEvent.cpp:TimeMissed():101|Cycle miss in event CCSICombinedRepManager. Time Overrun is 7071 us[EOL]
[2026-09-22T07:27:05.188392Z][APM_J.barcodereader][W][2330306][135]CRTCyclicEvent.cpp:TimeMissed():101|Cycle miss in event CCSICombinedCmdManager Cyclic Event. Time Overrun is 10758 us[EOL]
[2026-09-22T07:27:05.188419Z][APM_J.barcodereader][W][2330306][135]CRTCyclicEvent.cpp:TimeMissed():101|Cycle miss in event CCSICombinedRepManager. Time Overrun is 10758 us[EOL]
[2026-09-22T07:27:05.245421Z][APM_J.newgen-amplificationplatemagazine][W][2330306][144]CRTCyclicEvent.cpp:TimeMissed():101|Cycle miss in event CCSICombinedCmdManager Cyclic Event. Time Overrun is 39591 us[EOL]
[2026-09-22T07:27:05.245459Z][APM_J.newgen-amplificationplatemagazine][W][2330306][144]CRTCyclicEvent.cpp:TimeMissed():101|Cycle miss in event CCSICombinedRepManager. Time Overrun is 39591 us[EOL]
[2026-09-22T07:27:05.452208Z][APM_J.barcodereader][W][2330306][135]CRTCyclicEvent.cpp:TimeMissed():101|Cycle miss in event CCSICombinedCmdManager Cyclic Event. Time Overrun is 4572 us[EOL]
[2026-09-22T07:27:05.452239Z][APM_J.barcodereader][W][2330306][135]CRTCyclicEvent.cpp:TimeMissed():101|Cycle miss in event CCSICombinedRepManager. Time Overrun is 4572 us[EOL]
[2026-09-22T07:27:05.593737Z][APM_J.newgen-amplificationplatemagazine][W][2330306][144]CRTCyclicEvent.cpp:TimeMissed():101|Cycle miss in event CCSICombinedCmdManager Cyclic Event. Time Overrun is 7909 us[EOL]
[2026-09-22T07:27:05.593800Z][APM_J.newgen-amplificationplatemagazine][W][2330306][144]CRTCyclicEvent.cpp:TimeMissed():101|Cycle miss in event CCSICombinedRepManager. Time Overrun is 7909 us[EOL]
[2026-09-22T07:27:05.594288Z][APM_J.barcodereader][W][2330306][135]CRTCyclicEvent.cpp:TimeMissed():101|Cycle miss in event CCSICombinedCmdManager Cyclic Event. Time Overrun is 26651 us[EOL]
[2026-09-22T07:27:05.594339Z][APM_J.barcodereader][W][2330306][135]CRTCyclicEvent.cpp:TimeMissed():101|Cycle miss in event CCSICombinedRepManager. Time Overrun is 26651 us[EOL]
[2026-09-22T07:27:05.802272Z][APM_J.barcodereader][W][2330306][135]CRTCyclicEvent.cpp:TimeMissed():101|Cycle miss in event CCSICombinedCmdManager Cyclic Event. Time Overrun is 94636 us[EOL]
[2026-09-22T07:27:05.802908Z][APM_J.newgen-amplificationplatemagazine][W][2330306][144]CRTCyclicEvent.cpp:TimeMissed():101|Cycle miss in event CCSICombinedCmdManager Cyclic Event. Time Overrun is 87089 us[EOL]
[2026-09-22T07:27:05.802300Z][APM_J.barcodereader][W][2330306][135]CRTCyclicEvent.cpp:TimeMissed():101|Cycle miss in event CCSICombinedRepManager. Time Overrun is 94636 us[EOL]
[2026-09-22T07:27:05.803003Z][APM_J.newgen-amplificationplatemagazine][W][2330306][144]CRTCyclicEvent.cpp:TimeMissed():101|Cycle miss in event CCSICombinedRepManager. Time Overrun is 87089 us[EOL]
[2026-09-22T07:27:05.932929Z][APM_J.barcodereader][W][2330306][135]CRTCyclicEvent.cpp:TimeMissed():101|Cycle miss in event CCSICombinedCmdManager Cyclic Event. Time Overrun is 15290 us[EOL]
[2026-09-22T07:27:05.932132Z][APM_J.newgen-amplificationplatemagazine][W][2330306][144]CRTCyclicEvent.cpp:TimeMissed():101|Cycle miss in event CCSICombinedCmdManager Cyclic Event. Time Overrun is 16271 us[EOL]
[2026-09-22T07:27:05.932974Z][APM_J.barcodereader][W][2330306][135]CRTCyclicEvent.cpp:TimeMissed():101|Cycle miss in event CCSICombinedRepManager. Time Overrun is 15290 us[EOL]
[2026-09-22T07:27:05.932194Z][APM_J.newgen-amplificationplatemagazine][W][2330306][144]CRTCyclicEvent.cpp:TimeMissed():101|Cycle miss in event CCSICombinedRepManager. Time Overrun is 16271 us[EOL]
[2026-09-22T07:27:06.128032Z][APM_J.barcodereader][W][2330306][135]CRTCyclicEvent.cpp:TimeMissed():101|Cycle miss in event CCSICombinedCmdManager Cyclic Event. Time Overrun is 398 us[EOL]
[2026-09-22T07:27:06.128054Z][APM_J.barcodereader][W][2330306][135]CRTCyclicEvent.cpp:TimeMissed():101|Cycle miss in event CCSICombinedRepManager. Time Overrun is 398 us[EOL]
[2026-09-22T07:27:06.197629Z][APM_J.newgen-amplificationplatemagazine][W][2330306][144]CRTCyclicEvent.cpp:TimeMissed():101|Cycle miss in event CCSICombinedCmdManager Cyclic Event. Time Overrun is 11810 us[EOL]
[2026-09-22T07:27:06.197800Z][APM_J.newgen-amplificationplatemagazine][W][2330306][144]CRTCyclicEvent.cpp:TimeMissed():101|Cycle miss in event CCSICombinedRepManager. Time Overrun is 11810 us[EOL]
[2026-09-22T07:27:06.313841Z][APM_J.barcodereader][W][2330306][135]CRTCyclicEvent.cpp:TimeMissed():101|Cycle miss in event CCSICombinedCmdManager Cyclic Event. Time Overrun is 56199 us[EOL]
[2026-09-22T07:27:06.313951Z][APM_J.barcodereader][W][2330306][135]CRTCyclicEvent.cpp:TimeMissed():101|Cycle miss in event CCSICombinedRepManager. Time Overrun is 56199 us[EOL]
[2026-09-22T07:27:06.459179Z][APM_J.barcodereader][W][2330306][135]CRTCyclicEvent.cpp:TimeMissed():101|Cycle miss in event CCSICombinedCmdManager Cyclic Event. Time Overrun is 31544 us[EOL]
[2026-09-22T07:27:06.459207Z][APM_J.barcodereader][W][2330306][135]CRTCyclicEvent.cpp:TimeMissed():101|Cycle miss in event CCSICombinedRepManager. Time Overrun is 31544 us[EOL]
[2026-09-22T07:27:06.458820Z][APM_J.newgen-amplificationplatemagazine][W][2330306][144]CRTCyclicEvent.cpp:TimeMissed():101|Cycle miss in event CCSICombinedCmdManager Cyclic Event. Time Overrun is 73001 us[EOL]
[2026-09-22T07:27:06.458852Z][APM_J.newgen-amplificationplatemagazine][W][2330306][144]CRTCyclicEvent.cpp:TimeMissed():101|Cycle miss in event CCSICombinedRepManager. Time Overrun is 73001 us[EOL]
[2026-09-22T07:27:06.600945Z][APM_J.barcodereader][W][2330306][135]CRTCyclicEvent.cpp:TimeMissed():101|Cycle miss in event CCSICombinedCmdManager Cyclic Event. Time Overrun is 23310 us[EOL]
[2026-09-22T07:27:06.600460Z][APM_J.newgen-amplificationplatemagazine][W][2330306][144]CRTCyclicEvent.cpp:TimeMissed():101|Cycle miss in event CCSICombinedCmdManager Cyclic Event. Time Overrun is 24643 us[EOL]
[2026-09-22T07:27:06.600498Z][APM_J.newgen-amplificationplatemagazine][W][2330306][144]CRTCyclicEvent.cpp:TimeMissed():101|Cycle miss in event CCSICombinedRepManager. Time Overrun is 24643 us[EOL]
[2026-09-22T07:27:06.600985Z][APM_J.barcodereader][W][2330306][135]CRTCyclicEvent.cpp:TimeMissed():101|Cycle miss in event CCSICombinedRepManager. Time Overrun is 23310 us[EOL]
[2026-09-22T07:27:06.779101Z][APM_J.newgen-amplificationplatemagazine][W][2330306][144]CRTCyclicEvent.cpp:TimeMissed():101|Cycle miss in event CCSICombinedCmdManager Cyclic Event. Time Overrun is 53285 us[EOL]
[2026-09-22T07:27:06.783936Z][APM_J.barcodereader][W][2330306][135]CRTCyclicEvent.cpp:TimeMissed():101|Cycle miss in event CCSICombinedCmdManager Cyclic Event. Time Overrun is 56300 us[EOL]
[2026-09-22T07:27:06.779140Z][APM_J.newgen-amplificationplatemagazine][W][2330306][144]CRTCyclicEvent.cpp:TimeMissed():101|Cycle miss in event CCSICombinedRepManager. Time Overrun is 53285 us[EOL]
[2026-09-22T07:27:06.783970Z][APM_J.barcodereader][W][2330306][135]CRTCyclicEvent.cpp:TimeMissed():101|Cycle miss in event CCSICombinedRepManager. Time Overrun is 56300 us[EOL]
[2026-09-22T07:27:06.904753Z][APM_J.barcodereader][W][2330306][135]CRTCyclicEvent.cpp:TimeMissed():101|Cycle miss in event CCSICombinedCmdManager Cyclic Event. Time Overrun is 7118 us[EOL]
[2026-09-22T07:27:06.904369Z][APM_J.newgen-amplificationplatemagazine][W][2330306][144]CRTCyclicEvent.cpp:TimeMissed():101|Cycle miss in event CCSICombinedCmdManager Cyclic Event. Time Overrun is 8554 us[EOL]
[2026-09-22T07:27:06.904819Z][APM_J.barcodereader][W][2330306][135]CRTCyclicEvent.cpp:TimeMissed():101|Cycle miss in event CCSICombinedRepManager. Time Overrun is 7118 us[EOL]
[2026-09-22T07:27:06.904413Z][APM_J.newgen-amplificationplatemagazine][W][2330306][144]CRTCyclicEvent.cpp:TimeMissed():101|Cycle miss in event CCSICombinedRepManager. Time Overrun is 8554 us[EOL]
[2026-09-22T07:27:08.518035Z][APM_J.newgen-amplificationplatemagazine][W][2330306][144]CRTCyclicEvent.cpp:TimeMissed():101|Cycle miss in event CCSICombinedCmdManager Cyclic Event. Time Overrun is 1502217 us[EOL]
[2026-09-22T07:27:08.518096Z][APM_J.newgen-amplificationplatemagazine][W][2330306][144]CRTCyclicEvent.cpp:TimeMissed():101|Cycle miss in event CCSICombinedRepManager. Time Overrun is 1502217 us[EOL]
[2026-09-22T07:27:08.872985Z][APM_J.barcodereader][W][2330306][135]CRTCyclicEvent.cpp:TimeMissed():101|Cycle miss in event CCSICombinedCmdManager Cyclic Event. Time Overrun is 335352 us[EOL]
[2026-09-22T07:27:08.873910Z][APM_J.newgen-amplificationplatemagazine][W][2330306][144]CRTCyclicEvent.cpp:TimeMissed():101|Cycle miss in event CCSICombinedCmdManager Cyclic Event. Time Overrun is 238043 us[EOL]
[2026-09-22T07:27:08.873009Z][APM_J.barcodereader][W][2330306][135]CRTCyclicEvent.cpp:TimeMissed():101|Cycle miss in event CCSICombinedRepManager. Time Overrun is 335352 us[EOL]
[2026-09-22T07:27:08.873980Z][APM_J.newgen-amplificationplatemagazine][W][2330306][144]CRTCyclicEvent.cpp:TimeMissed():101|Cycle miss in event CCSICombinedRepManager. Time Overrun is 238043 us[EOL]
[2026-09-22T07:27:09.362180Z][APM_J.newgen-amplificationplatemagazine][W][2330306][144]CRTCyclicEvent.cpp:TimeMissed():101|Cycle miss in event CCSICombinedCmdManager Cyclic Event. Time Overrun is 376363 us[EOL]
[2026-09-22T07:27:09.367277Z][APM_J.barcodereader][W][2330306][135]CRTCyclicEvent.cpp:TimeMissed():101|Cycle miss in event CCSICombinedCmdManager Cyclic Event. Time Overrun is 49639 us[EOL]
[2026-09-22T07:27:09.362229Z][APM_J.newgen-amplificationplatemagazine][W][2330306][144]CRTCyclicEvent.cpp:TimeMissed():101|Cycle miss in event CCSICombinedRepManager. Time Overrun is 376363 us[EOL]
[2026-09-22T07:27:09.367317Z][APM_J.barcodereader][W][2330306][135]CRTCyclicEvent.cpp:TimeMissed():101|Cycle miss in event CCSICombinedRepManager. Time Overrun is 49639 us[EOL]
[2026-09-22T07:27:09.563102Z][APM_J.barcodereader][W][2330306][135]CRTCyclicEvent.cpp:TimeMissed():101|Cycle miss in event CCSICombinedCmdManager Cyclic Event. Time Overrun is 85453 us[EOL]
[2026-09-22T07:27:09.563172Z][APM_J.barcodereader][W][2330306][135]CRTCyclicEvent.cpp:TimeMissed():101|Cycle miss in event CCSICombinedRepManager. Time Overrun is 85453 us[EOL]
[2026-09-22T07:27:13.939434Z][APM_J.barcodereader][W][2330306][135]CRTCyclicEvent.cpp:TimeMissed():101|Cycle miss in event CCSICombinedCmdManager Cyclic Event. Time Overrun is 1391800 us[EOL]
[2026-09-22T07:27:13.939453Z][APM_J.barcodereader][W][2330306][135]CRTCyclicEvent.cpp:TimeMissed():101|Cycle miss in event CCSICombinedRepManager. Time Overrun is 1391800 us[EOL]
[2026-09-22T07:27:09.562406Z][APM_J.newgen-amplificationplatemagazine][W][2330306][144]CRTCyclicEvent.cpp:TimeMissed():101|Cycle miss in event CCSICombinedCmdManager Cyclic Event. Time Overrun is 86582 us[EOL]
[2026-09-22T07:27:09.562474Z][APM_J.newgen-amplificationplatemagazine][W][2330306][144]CRTCyclicEvent.cpp:TimeMissed():101|Cycle miss in event CCSICombinedRepManager. Time Overrun is 86582 us[EOL]
[2026-09-22T07:27:14.132488Z][APM_J.barcodereader][W][2330306][135]CRTCyclicEvent.cpp:TimeMissed():101|Cycle miss in event CCSICombinedCmdManager Cyclic Event. Time Overrun is 74854 us[EOL]
[2026-09-22T07:27:14.132512Z][APM_J.barcodereader][W][2330306][135]CRTCyclicEvent.cpp:TimeMissed():101|Cycle miss in event CCSICombinedRepManager. Time Overrun is 74854 us[EOL]
[2026-09-22T07:27:13.940219Z][APM_J.newgen-amplificationplatemagazine][W][2330306][144]CRTCyclicEvent.cpp:TimeMissed():101|Cycle miss in event CCSICombinedCmdManager Cyclic Event. Time Overrun is 4264399 us[EOL]
[2026-09-22T07:27:13.940284Z][APM_J.newgen-amplificationplatemagazine][W][2330306][144]CRTCyclicEvent.cpp:TimeMissed():101|Cycle miss in event CCSICombinedRepManager. Time Overrun is 4264399 us[EOL]
[2026-09-22T07:27:14.130246Z][APM_J.newgen-amplificationplatemagazine][W][2330306][144]CRTCyclicEvent.cpp:TimeMissed():101|Cycle miss in event CCSICyclicRepManager. Time Overrun is 13436 us[EOL]
[2026-09-22T07:27:14.132483Z][APM_J.newgen-amplificationplatemagazine][W][2330306][144]CRTCyclicEvent.cpp:TimeMissed():101|Cycle miss in event CCSICombinedCmdManager Cyclic Event. Time Overrun is 76670 us[EOL]
[2026-09-22T07:27:14.132500Z][APM_J.newgen-amplificationplatemagazine][W][2330306][144]CRTCyclicEvent.cpp:TimeMissed():101|Cycle miss in event CCSICombinedRepManager. Time Overrun is 76670 us[EOL]
[2026-09-22T07:27:14.263358Z][APM_J.newgen-amplificationplatemagazine][W][2330306][144]CRTCyclicEvent.cpp:TimeMissed():101|Cycle miss in event CCSICombinedCmdManager Cyclic Event. Time Overrun is 17540 us[EOL]
[2026-09-22T07:27:14.263408Z][APM_J.newgen-amplificationplatemagazine][W][2330306][144]CRTCyclicEvent.cpp:TimeMissed():101|Cycle miss in event CCSICombinedRepManager. Time Overrun is 17540 us[EOL]
[2026-09-22T07:27:14.469315Z][APM_J.newgen-amplificationplatemagazine][W][2330306][144]CRTCyclicEvent.cpp:TimeMissed():101|Cycle miss in event CCSICombinedCmdManager Cyclic Event. Time Overrun is 93494 us[EOL]
[2026-09-22T07:27:14.469396Z][APM_J.newgen-amplificationplatemagazine][W][2330306][144]CRTCyclicEvent.cpp:TimeMissed():101|Cycle miss in event CCSICombinedRepManager. Time Overrun is 93494 us[EOL]
[2026-09-22T07:27:14.587232Z][APM_J.barcodereader][W][2330306][135]CRTCyclicEvent.cpp:TimeMissed():101|Cycle miss in event CCSICombinedCmdManager Cyclic Event. Time Overrun is 229598 us[EOL]
[2026-09-22T07:27:14.587253Z][APM_J.barcodereader][W][2330306][135]CRTCyclicEvent.cpp:TimeMissed():101|Cycle miss in event CCSICombinedRepManager. Time Overrun is 229598 us[EOL]
[2026-09-22T07:27:14.621125Z][APM_J.newgen-amplificationplatemagazine][W][2330306][144]CRTCyclicEvent.cpp:TimeMissed():101|Cycle miss in event CCSICombinedCmdManager Cyclic Event. Time Overrun is 35311 us[EOL]
[2026-09-22T07:27:14.621151Z][APM_J.newgen-amplificationplatemagazine][W][2330306][144]CRTCyclicEvent.cpp:TimeMissed():101|Cycle miss in event CCSICombinedRepManager. Time Overrun is 35311 us[EOL]
[2026-09-22T07:27:14.905048Z][APM_J.newgen-amplificationplatemagazine][W][2330306][144]CRTCyclicEvent.cpp:TimeMissed():101|Cycle miss in event CCSICombinedCmdManager Cyclic Event. Time Overrun is 19226 us[EOL]
[2026-09-22T07:27:14.905104Z][APM_J.newgen-amplificationplatemagazine][W][2330306][144]CRTCyclicEvent.cpp:TimeMissed():101|Cycle miss in event CCSICombinedRepManager. Time Overrun is 19226 us[EOL]
[2026-09-22T07:27:14.905032Z][APM_J.barcodereader][W][2330306][135]CRTCyclicEvent.cpp:TimeMissed():101|Cycle miss in event CCSICombinedCmdManager Cyclic Event. Time Overrun is 17315 us[EOL]
[2026-09-22T07:27:14.905075Z][APM_J.barcodereader][W][2330306][135]CRTCyclicEvent.cpp:TimeMissed():101|Cycle miss in event CCSICombinedRepManager. Time Overrun is 17315 us[EOL]
[2026-09-22T07:27:15.030760Z][APM_J.barcodereader][W][2330306][135]CRTCyclicEvent.cpp:TimeMissed():101|Cycle miss in event CCSICombinedCmdManager Cyclic Event. Time Overrun is 3126 us[EOL]
[2026-09-22T07:27:15.030781Z][APM_J.barcodereader][W][2330306][135]CRTCyclicEvent.cpp:TimeMissed():101|Cycle miss in event CCSICombinedRepManager. Time Overrun is 3126 us[EOL]
[2026-09-22T07:27:15.201854Z][APM_J.barcodereader][W][2330306][135]CRTCyclicEvent.cpp:TimeMissed():101|Cycle miss in event CCSICombinedCmdManager Cyclic Event. Time Overrun is 54218 us[EOL]
[2026-09-22T07:27:15.203860Z][APM_J.newgen-amplificationplatemagazine][W][2330306][144]CRTCyclicEvent.cpp:TimeMissed():101|Cycle miss in event CCSICombinedCmdManager Cyclic Event. Time Overrun is 108041 us[EOL]
[2026-09-22T07:27:15.201883Z][APM_J.barcodereader][W][2330306][135]CRTCyclicEvent.cpp:TimeMissed():101|Cycle miss in event CCSICombinedRepManager. Time Overrun is 54218 us[EOL]
[2026-09-22T07:27:15.203907Z][APM_J.newgen-amplificationplatemagazine][W][2330306][144]CRTCyclicEvent.cpp:TimeMissed():101|Cycle miss in event CCSICombinedRepManager. Time Overrun is 108041 us[EOL]
[2026-09-22T07:27:15.453270Z][APM_J.barcodereader][W][2330306][135]CRTCyclicEvent.cpp:TimeMissed():101|Cycle miss in event CCSICombinedCmdManager Cyclic Event. Time Overrun is 115634 us[EOL]
[2026-09-22T07:27:15.453306Z][APM_J.barcodereader][W][2330306][135]CRTCyclicEvent.cpp:TimeMissed():101|Cycle miss in event CCSICombinedRepManager. Time Overrun is 115634 us[EOL]
[2026-09-22T07:27:15.548095Z][APM_J.newgen-amplificationplatemagazine][W][2330306][144]CRTCyclicEvent.cpp:TimeMissed():101|Cycle miss in event CCSICombinedCmdManager Cyclic Event. Time Overrun is 62279 us[EOL]
[2026-09-22T07:27:15.548131Z][APM_J.newgen-amplificationplatemagazine][W][2330306][144]CRTCyclicEvent.cpp:TimeMissed():101|Cycle miss in event CCSICombinedRepManager. Time Overrun is 62279 us[EOL]
[2026-09-22T07:27:15.618416Z][APM_J.barcodereader][W][2330306][135]CRTCyclicEvent.cpp:TimeMissed():101|Cycle miss in event CCSICombinedCmdManager Cyclic Event. Time Overrun is 781 us[EOL]
[2026-09-22T07:27:15.618439Z][APM_J.barcodereader][W][2330306][135]CRTCyclicEvent.cpp:TimeMissed():101|Cycle miss in event CCSICombinedRepManager. Time Overrun is 781 us[EOL]
[2026-09-22T07:27:15.844091Z][APM_J.barcodereader][W][2330306][135]CRTCyclicEvent.cpp:TimeMissed():101|Cycle miss in event CCSICombinedCmdManager Cyclic Event. Time Overrun is 46455 us[EOL]
[2026-09-22T07:27:15.844124Z][APM_J.barcodereader][W][2330306][135]CRTCyclicEvent.cpp:TimeMissed():101|Cycle miss in event CCSICombinedRepManager. Time Overrun is 46455 us[EOL]
[2026-09-22T07:27:16.003245Z][APM_J.newgen-amplificationplatemagazine][W][2330306][144]CRTCyclicEvent.cpp:TimeMissed():101|Cycle miss in event CCSICombinedCmdManager Cyclic Event. Time Overrun is 37430 us[EOL]
[2026-09-22T07:27:16.003380Z][APM_J.barcodereader][W][2330306][135]CRTCyclicEvent.cpp:TimeMissed():101|Cycle miss in event CCSICombinedCmdManager Cyclic Event. Time Overrun is 35744 us[EOL]
[2026-09-22T07:27:16.003424Z][APM_J.newgen-amplificationplatemagazine][W][2330306][144]CRTCyclicEvent.cpp:TimeMissed():101|Cycle miss in event CCSICombinedRepManager. Time Overrun is 37430 us[EOL]
[2026-09-22T07:27:16.003413Z][APM_J.barcodereader][W][2330306][135]CRTCyclicEvent.cpp:TimeMissed():101|Cycle miss in event CCSICombinedRepManager. Time Overrun is 35744 us[EOL]
[2026-09-22T07:27:16.127660Z][APM_J.newgen-amplificationplatemagazine][W][2330306][144]CRTCyclicEvent.cpp:TimeMissed():101|Cycle miss in event CCSICombinedCmdManager Cyclic Event. Time Overrun is 11816 us[EOL]
[2026-09-22T07:27:16.127696Z][APM_J.newgen-amplificationplatemagazine][W][2330306][144]CRTCyclicEvent.cpp:TimeMissed():101|Cycle miss in event CCSICombinedRepManager. Time Overrun is 11816 us[EOL]
[2026-09-22T07:27:16.259042Z][APM_J.newgen-amplificationplatemagazine][W][2330306][144]CRTCyclicEvent.cpp:TimeMissed():101|Cycle miss in event CCSICombinedCmdManager Cyclic Event. Time Overrun is 13226 us[EOL]
[2026-09-22T07:27:16.260524Z][APM_J.barcodereader][W][2330306][135]CRTCyclicEvent.cpp:TimeMissed():101|Cycle miss in event CCSICombinedCmdManager Cyclic Event. Time Overrun is 12872 us[EOL]
[2026-09-22T07:27:16.259170Z][APM_J.newgen-amplificationplatemagazine][W][2330306][144]CRTCyclicEvent.cpp:TimeMissed():101|Cycle miss in event CCSICombinedRepManager. Time Overrun is 13226 us[EOL]
[2026-09-22T07:27:16.260643Z][APM_J.barcodereader][W][2330306][135]CRTCyclicEvent.cpp:TimeMissed():101|Cycle miss in event CCSICombinedRepManager. Time Overrun is 12872 us[EOL]
[2026-09-22T07:27:16.659312Z][APM_J.newgen-amplificationplatemagazine][W][2330306][144]CRTCyclicEvent.cpp:TimeMissed():101|Cycle miss in event CCSICombinedCmdManager Cyclic Event. Time Overrun is 283494 us[EOL]
[2026-09-22T07:27:16.659390Z][APM_J.newgen-amplificationplatemagazine][W][2330306][144]CRTCyclicEvent.cpp:TimeMissed():101|Cycle miss in event CCSICombinedRepManager. Time Overrun is 283494 us[EOL]
[2026-09-22T07:27:16.657545Z][APM_J.barcodereader][W][2330306][135]CRTCyclicEvent.cpp:TimeMissed():101|Cycle miss in event CCSICyclicRepManager. Time Overrun is 210763 us[EOL]
[2026-09-22T07:27:16.659302Z][APM_J.barcodereader][W][2330306][135]CRTCyclicEvent.cpp:TimeMissed():101|Cycle miss in event CCSICombinedCmdManager Cyclic Event. Time Overrun is 281667 us[EOL]
[2026-09-22T07:27:16.659385Z][APM_J.barcodereader][W][2330306][135]CRTCyclicEvent.cpp:TimeMissed():101|Cycle miss in event CCSICombinedRepManager. Time Overrun is 281667 us[EOL]
[2026-09-22T07:27:17.240384Z][APM_J.newgen-amplificationplatemagazine][W][2330306][144]CRTCyclicEvent.cpp:TimeMissed():101|Cycle miss in event CCSICombinedCmdManager Cyclic Event. Time Overrun is 464568 us[EOL]
[2026-09-22T07:27:17.240433Z][APM_J.newgen-amplificationplatemagazine][W][2330306][144]CRTCyclicEvent.cpp:TimeMissed():101|Cycle miss in event CCSICombinedRepManager. Time Overrun is 464568 us[EOL]
[2026-09-22T07:27:17.243717Z][APM_J.newgen-amplificationplatemagazine][W][2330306][144]CRTCyclicEvent.cpp:TimeMissed():101|Cycle miss in event CCSICyclicRepManager. Time Overrun is 426901 us[EOL]
[2026-09-22T07:27:17.372885Z][APM_J.newgen-amplificationplatemagazine][W][2330306][144]CRTCyclicEvent.cpp:TimeMissed():101|Cycle miss in event CCSICombinedCmdManager Cyclic Event. Time Overrun is 17065 us[EOL]
[2026-09-22T07:27:17.372931Z][APM_J.newgen-amplificationplatemagazine][W][2330306][144]CRTCyclicEvent.cpp:TimeMissed():101|Cycle miss in event CCSICombinedRepManager. Time Overrun is 17065 us[EOL]
[2026-09-22T07:27:17.509636Z][APM_J.newgen-amplificationplatemagazine][W][2330306][144]CRTCyclicEvent.cpp:TimeMissed():101|Cycle miss in event CCSICombinedCmdManager Cyclic Event. Time Overrun is 23820 us[EOL]
[2026-09-22T07:27:17.509665Z][APM_J.newgen-amplificationplatemagazine][W][2330306][144]CRTCyclicEvent.cpp:TimeMissed():101|Cycle miss in event CCSICombinedRepManager. Time Overrun is 23820 us[EOL]
[2026-09-22T07:27:17.630422Z][APM_J.barcodereader][W][2330306][135]CRTCyclicEvent.cpp:TimeMissed():101|Cycle miss in event CCSICombinedCmdManager Cyclic Event. Time Overrun is 52782 us[EOL]
[2026-09-22T07:27:17.630479Z][APM_J.barcodereader][W][2330306][135]CRTCyclicEvent.cpp:TimeMissed():101|Cycle miss in event CCSICombinedRepManager. Time Overrun is 52782 us[EOL]
[2026-09-22T07:27:17.758894Z][APM_J.barcodereader][W][2330306][135]CRTCyclicEvent.cpp:TimeMissed():101|Cycle miss in event CCSICombinedCmdManager Cyclic Event. Time Overrun is 11259 us[EOL]
[2026-09-22T07:27:17.758925Z][APM_J.barcodereader][W][2330306][135]CRTCyclicEvent.cpp:TimeMissed():101|Cycle miss in event CCSICombinedRepManager. Time Overrun is 11259 us[EOL]
[2026-09-22T07:27:17.824836Z][APM_J.newgen-amplificationplatemagazine][W][2330306][144]CRTCyclicEvent.cpp:TimeMissed():101|Cycle miss in event CCSICombinedCmdManager Cyclic Event. Time Overrun is 9023 us[EOL]
[2026-09-22T07:27:17.824876Z][APM_J.newgen-amplificationplatemagazine][W][2330306][144]CRTCyclicEvent.cpp:TimeMissed():101|Cycle miss in event CCSICombinedRepManager. Time Overrun is 9023 us[EOL]
[2026-09-22T07:27:17.954409Z][APM_J.barcodereader][W][2330306][135]CRTCyclicEvent.cpp:TimeMissed():101|Cycle miss in event CCSICombinedCmdManager Cyclic Event. Time Overrun is 76774 us[EOL]
[2026-09-22T07:27:17.954440Z][APM_J.barcodereader][W][2330306][135]CRTCyclicEvent.cpp:TimeMissed():101|Cycle miss in event CCSICombinedRepManager. Time Overrun is 76774 us[EOL]
[2026-09-22T07:27:18.100250Z][APM_J.barcodereader][W][2330306][135]CRTCyclicEvent.cpp:TimeMissed():101|Cycle miss in event CCSICombinedCmdManager Cyclic Event. Time Overrun is 32615 us[EOL]
[2026-09-22T07:27:18.100275Z][APM_J.barcodereader][W][2330306][135]CRTCyclicEvent.cpp:TimeMissed():101|Cycle miss in event CCSICombinedRepManager. Time Overrun is 32615 us[EOL]
[2026-09-22T07:27:18.223020Z][APM_J.newgen-amplificationplatemagazine][W][2330306][144]CRTCyclicEvent.cpp:TimeMissed():101|Cycle miss in event CCSICombinedCmdManager Cyclic Event. Time Overrun is 107201 us[EOL]
[2026-09-22T07:27:18.223086Z][APM_J.newgen-amplificationplatemagazine][W][2330306][144]CRTCyclicEvent.cpp:TimeMissed():101|Cycle miss in event CCSICombinedRepManager. Time Overrun is 107201 us[EOL]
[2026-09-22T07:27:18.223127Z][APM_J.barcodereader][W][2330306][135]CRTCyclicEvent.cpp:TimeMissed():101|Cycle miss in event CCSICombinedCmdManager Cyclic Event. Time Overrun is 5488 us[EOL]
[2026-09-22T07:27:18.223309Z][APM_J.barcodereader][W][2330306][135]CRTCyclicEvent.cpp:TimeMissed():101|Cycle miss in event CCSICombinedRepManager. Time Overrun is 5488 us[EOL]
[2026-09-22T07:27:18.349567Z][APM_J.barcodereader][W][2330306][135]CRTCyclicEvent.cpp:TimeMissed():101|Cycle miss in event CCSICombinedCmdManager Cyclic Event. Time Overrun is 11930 us[EOL]
[2026-09-22T07:27:18.349602Z][APM_J.barcodereader][W][2330306][135]CRTCyclicEvent.cpp:TimeMissed():101|Cycle miss in event CCSICombinedRepManager. Time Overrun is 11930 us[EOL]
[2026-09-22T07:27:18.459795Z][APM_J.newgen-amplificationplatemagazine][W][2330306][144]CRTCyclicEvent.cpp:TimeMissed():101|Cycle miss in event CCSICombinedCmdManager Cyclic Event. Time Overrun is 13977 us[EOL]
[2026-09-22T07:27:18.460161Z][APM_J.newgen-amplificationplatemagazine][W][2330306][144]CRTCyclicEvent.cpp:TimeMissed():101|Cycle miss in event CCSICombinedRepManager. Time Overrun is 13977 us[EOL]
[2026-09-22T07:27:18.515462Z][APM_J.barcodereader][W][2330306][135]CRTCyclicEvent.cpp:TimeMissed():101|Cycle miss in event CCSICombinedCmdManager Cyclic Event. Time Overrun is 7827 us[EOL]
[2026-09-22T07:27:18.515482Z][APM_J.barcodereader][W][2330306][135]CRTCyclicEvent.cpp:TimeMissed():101|Cycle miss in event CCSICombinedRepManager. Time Overrun is 7827 us[EOL]
[2026-09-22T07:27:18.743046Z][APM_J.newgen-amplificationplatemagazine][W][2330306][144]CRTCyclicEvent.cpp:TimeMissed():101|Cycle miss in event CCSICombinedCmdManager Cyclic Event. Time Overrun is 7230 us[EOL]
[2026-09-22T07:27:18.743163Z][APM_J.newgen-amplificationplatemagazine][W][2330306][144]CRTCyclicEvent.cpp:TimeMissed():101|Cycle miss in event CCSICombinedRepManager. Time Overrun is 7230 us[EOL]
[2026-09-22T07:27:18.803472Z][APM_J.barcodereader][W][2330306][135]CRTCyclicEvent.cpp:TimeMissed():101|Cycle miss in event CCSICombinedCmdManager Cyclic Event. Time Overrun is 25827 us[EOL]
[2026-09-22T07:27:18.803512Z][APM_J.barcodereader][W][2330306][135]CRTCyclicEvent.cpp:TimeMissed():101|Cycle miss in event CCSICombinedRepManager. Time Overrun is 25827 us[EOL]
[2026-09-22T07:27:19.102275Z][APM_J.barcodereader][W][2330306][135]CRTCyclicEvent.cpp:TimeMissed():101|Cycle miss in event CCSICombinedCmdManager Cyclic Event. Time Overrun is 94636 us[EOL]
[2026-09-22T07:27:19.102316Z][APM_J.barcodereader][W][2330306][135]CRTCyclicEvent.cpp:TimeMissed():101|Cycle miss in event CCSICombinedRepManager. Time Overrun is 94636 us[EOL]
[2026-09-22T07:27:19.209027Z][APM_J.newgen-amplificationplatemagazine][W][2330306][144]CRTCyclicEvent.cpp:TimeMissed():101|Cycle miss in event CCSICombinedCmdManager Cyclic Event. Time Overrun is 113212 us[EOL]
[2026-09-22T07:27:19.209066Z][APM_J.newgen-amplificationplatemagazine][W][2330306][144]CRTCyclicEvent.cpp:TimeMissed():101|Cycle miss in event CCSICombinedRepManager. Time Overrun is 113212 us[EOL]
[2026-09-22T08:29:28.065668Z][APM_J.barcodereader][I][2330115][134]CRTArgumentParserBase.cpp:SetupLogFacility():200|System Logger Setup Done.[EOL]
[2026-09-22T08:29:28.113156Z][APM_J.barcodereader][I][1350078][134]CArgumentParserBase.cpp:ParseArguments():86|CSM version: 2.81.0.1340453_[EOL]
[2026-09-22T08:29:29.173885Z][APM_J.barcodereader][I][2330346][134]CRTSystemLogger.cpp:Activate():64|Realtime Logger created.[EOL]
[2026-09-22T08:29:29.173972Z][APM_J.barcodereader][N][2330110][134]CTLSF.cpp:TraceStatistics():105|TLSF Statistics: Initial pool size: 256000 Bytes, pool increased: 0 times, high watermark: 36240 bytes, currently used size: 36192 bytes.[EOL]
[2026-09-22T08:29:29.174000Z][APM_J.barcodereader][I][2330349][134]CRTEventSystemConfigurationDefault.cpp:TraceSetupDone():284|Realtime Context Setup Done. Sched Policy: SCHED_FIFO, Prio: 46, Timer Prio: 75, Middleware Prio: 76, CPU assigned by OS[EOL]
[2026-09-22T08:29:29.190492Z][APM_J.barcodereader][N][2330477][134]CConnectionHandler.cpp:RegisterConnection():104|Socket added to epoll with identifier 0x0 (0), file descriptor 11.[EOL]
[2026-09-22T08:29:29.195681Z][APM_J.barcodereader][N][2330477][134]CConnectionHandler.cpp:RegisterConnection():104|Socket added to epoll with identifier 0x0 (0), file descriptor 13.[EOL]
[2026-09-22T08:29:29.195741Z][APM_J.barcodereader][N][2330467][134]CDefaultStreamHandler.cpp:OnConnectionAccepted():405|New connection established. file descriptor 13[EOL]
[2026-09-22T08:29:29.195816Z][APM_J.barcodereader][N][2330470][134]CDefaultStreamHandler.cpp:OnClosing():424|Socket with file descriptor 13 has been disconnected[EOL]
[2026-09-22T08:29:29.195828Z][APM_J.barcodereader][N][2330478][134]CConnectionHandler.cpp:UnregisterConnection():127|Socket removed from epoll with identifier 0x0 (0), file descriptor 13.[EOL]
[2026-09-22T08:29:30.079868Z][APM_J.barcodereader][W][2330306][134]CRTCyclicEvent.cpp:TimeMissed():101|Cycle miss in event CCSICombinedCmdManager Cyclic Event. Time Overrun is 16159 us[EOL]
[2026-09-22T08:29:30.079939Z][APM_J.barcodereader][W][2330306][134]CRTCyclicEvent.cpp:TimeMissed():101|Cycle miss in event CCSICombinedRepManager. Time Overrun is 16159 us[EOL]
[2026-09-22T08:29:31.741469Z][APM_J.barcodereader][W][2330306][134]CRTCyclicEvent.cpp:TimeMissed():101|Cycle miss in event CCSICombinedCmdManager Cyclic Event. Time Overrun is 1375 us[EOL]
[2026-09-22T08:29:31.741526Z][APM_J.barcodereader][W][2330306][134]CRTCyclicEvent.cpp:TimeMissed():101|Cycle miss in event CCSICombinedRepManager. Time Overrun is 1375 us[EOL]
[2026-09-22T08:29:32.722562Z][APM_J.barcodereader][W][2330306][134]CRTCyclicEvent.cpp:TimeMissed():101|Cycle miss in event CCSICombinedCmdManager Cyclic Event. Time Overrun is 2471 us[EOL]
[2026-09-22T08:29:32.722730Z][APM_J.barcodereader][W][2330306][134]CRTCyclicEvent.cpp:TimeMissed():101|Cycle miss in event CCSICombinedRepManager. Time Overrun is 2471 us[EOL]
[2026-09-22T08:29:34.410895Z][APM_J.barcodereader][W][2330306][134]CRTCyclicEvent.cpp:TimeMissed():101|Cycle miss in event CCSICombinedCmdManager Cyclic Event. Time Overrun is 10803 us[EOL]
[2026-09-22T08:29:34.410957Z][APM_J.barcodereader][W][2330306][134]CRTCyclicEvent.cpp:TimeMissed():101|Cycle miss in event CCSICombinedRepManager. Time Overrun is 10803 us[EOL]
[2026-09-22T08:29:34.594196Z][APM_J.barcodereader][W][2330306][134]CRTCyclicEvent.cpp:TimeMissed():101|Cycle miss in event CCSICombinedCmdManager Cyclic Event. Time Overrun is 4073 us[EOL]
[2026-09-22T08:29:34.594264Z][APM_J.barcodereader][W][2330306][134]CRTCyclicEvent.cpp:TimeMissed():101|Cycle miss in event CCSICombinedRepManager. Time Overrun is 4073 us[EOL]
[2026-09-22T08:29:36.098052Z][APM_J.barcodereader][W][2330306][134]CRTCyclicEvent.cpp:TimeMissed():101|Cycle miss in event CCSICombinedCmdManager Cyclic Event. Time Overrun is 7966 us[EOL]
[2026-09-22T08:29:36.098096Z][APM_J.barcodereader][W][2330306][134]CRTCyclicEvent.cpp:TimeMissed():101|Cycle miss in event CCSICombinedRepManager. Time Overrun is 7966 us[EOL]
[2026-09-22T08:29:36.582913Z][APM_J.newgen-amplificationplatemagazine][I][2330115][141]CRTArgumentParserBase.cpp:SetupLogFacility():200|System Logger Setup Done.[EOL]
[2026-09-22T08:29:36.592850Z][APM_J.newgen-amplificationplatemagazine][I][1350078][141]CArgumentParserBase.cpp:ParseArguments():86|CSM version: 2.2.0.1340542_[EOL]
[2026-09-22T08:29:36.665193Z][APM_J.barcodereader][W][2330306][134]CRTCyclicEvent.cpp:TimeMissed():101|Cycle miss in event CCSICombinedCmdManager Cyclic Event. Time Overrun is 15101 us[EOL]
[2026-09-22T08:29:36.665301Z][APM_J.barcodereader][W][2330306][134]CRTCyclicEvent.cpp:TimeMissed():101|Cycle miss in event CCSICombinedRepManager. Time Overrun is 15101 us[EOL]
[2026-09-22T08:29:37.870019Z][APM_J.barcodereader][W][2330306][134]CRTCyclicEvent.cpp:TimeMissed():101|Cycle miss in event CCSICombinedCmdManager Cyclic Event. Time Overrun is 9929 us[EOL]
[2026-09-22T08:29:37.870082Z][APM_J.barcodereader][W][2330306][134]CRTCyclicEvent.cpp:TimeMissed():101|Cycle miss in event CCSICombinedRepManager. Time Overrun is 9929 us[EOL]
[2026-09-22T08:29:37.989142Z][APM_J.newgen-amplificationplatemagazine][I][2330346][141]CRTSystemLogger.cpp:Activate():64|Realtime Logger created.[EOL]
[2026-09-22T08:29:37.989207Z][APM_J.newgen-amplificationplatemagazine][N][2330110][141]CTLSF.cpp:TraceStatistics():105|TLSF Statistics: Initial pool size: 4194304 Bytes, pool increased: 0 times, high watermark: 170816 bytes, currently used size: 165104 bytes.[EOL]
[2026-09-22T08:29:37.989227Z][APM_J.newgen-amplificationplatemagazine][I][2330349][141]CRTEventSystemConfigurationDefault.cpp:TraceSetupDone():284|Realtime Context Setup Done. Sched Policy: SCHED_FIFO, Prio: 45, Timer Prio: 75, Middleware Prio: 76, CPU assigned by OS[EOL]
[2026-09-22T08:29:38.481494Z][APM_J.newgen-amplificationplatemagazine][I][1000053][141]CMotorLLCS.cpp:DoConfigure():192|Create BCI device with CDI: 0x114C02[EOL]
[2026-09-22T08:29:38.484542Z][APM_J.newgen-amplificationplatemagazine][I][6820011][141]CCSMApplication.cpp:RegisterDeviceController():217|Motion Event Handler registered![EOL]
[2026-09-22T08:29:38.487715Z][APM_J.newgen-amplificationplatemagazine][I][6820011][141]CCSMApplication.cpp:UserLevelApplicationInit():321|State machine instantiation done[EOL]
[2026-09-22T08:29:38.490334Z][APM_J.newgen-amplificationplatemagazine][I][6820011][141]CCSMApplication.cpp:UserLevelApplicationInit():327|XML path is: /opt/roche/config//settings/config/amplificationplatemagazine-parampool.xml[EOL]
[2026-09-22T08:29:38.517840Z][APM_J.newgen-amplificationplatemagazine][I][6820011][141]CCSMApplication.cpp:UserLevelApplicationInit():337|Parameter pool configuration done[EOL]
[2026-09-22T08:29:38.545617Z][APM_J.newgen-amplificationplatemagazine][I][6820011][141]CCSMApplication.cpp:UserLevelApplicationInit():359|Module configuration done[EOL]
[2026-09-22T08:29:38.617679Z][APM_J.newgen-amplificationplatemagazine][I][0][141]CCSMApplication.cpp:UserLevelApplicationInit():382|Loading ECC /opt/roche/config//settings/startup/ecc.xml, Config ID: AmplificationPlateMagazine_J[EOL]
[2026-09-22T08:29:39.342420Z][APM_J.newgen-amplificationplatemagazine][I][0][141]CCSMApplication.cpp:UserLevelApplicationInit():384|Parsing Device List[EOL]
[2026-09-22T08:29:39.382254Z][APM_J.barcodereader][W][2330306][134]CRTCyclicEvent.cpp:TimeMissed():101|Cycle miss in event CCSICombinedCmdManager Cyclic Event. Time Overrun is 2151 us[EOL]
[2026-09-22T08:29:39.382339Z][APM_J.barcodereader][W][2330306][134]CRTCyclicEvent.cpp:TimeMissed():101|Cycle miss in event CCSICombinedRepManager. Time Overrun is 2151 us[EOL]
[2026-09-22T08:29:39.432899Z][APM_J.newgen-amplificationplatemagazine][I][6820011][141]CCSMApplication.cpp:UserLevelApplicationInit():408|Default- & AS- Errorhandling instantiated![EOL]
[2026-09-22T08:29:39.493944Z][APM_J.newgen-amplificationplatemagazine][N][2330477][141]CConnectionHandler.cpp:RegisterConnection():104|Socket added to epoll with identifier 0x0 (0), file descriptor 20.[EOL]
[2026-09-22T08:29:39.514284Z][APM_J.newgen-amplificationplatemagazine][N][844444405][141]RabbitMqConnector.cpp:Connect():840|Connecting as '6800_2AC.10001.AmplificationPlateMagazine.J' to RabbitMQ on amqp://USERNAME:PASSWORD@rabbitmq-server/[EOL]
[2026-09-22T08:29:39.530785Z][APM_J.newgen-amplificationplatemagazine][N][2330477][141]CConnectionHandler.cpp:RegisterConnection():104|Socket added to epoll with identifier 0x15 (21), file descriptor 21.[EOL]
[2026-09-22T08:29:39.674193Z][APM_J.newgen-amplificationplatemagazine][W][2330306][141]CRTCyclicEvent.cpp:TimeMissed():101|Cycle miss in event CCSICombinedCmdManager Cyclic Event. Time Overrun is 5298 us[EOL]
[2026-09-22T08:29:39.674258Z][APM_J.newgen-amplificationplatemagazine][W][2330306][141]CRTCyclicEvent.cpp:TimeMissed():101|Cycle miss in event CCSICombinedRepManager. Time Overrun is 5298 us[EOL]
[2026-09-22T08:29:39.676065Z][APM_J.newgen-amplificationplatemagazine][N][2330477][141]CConnectionHandler.cpp:RegisterConnection():104|Socket added to epoll with identifier 0x0 (0), file descriptor 23.[EOL]
[2026-09-22T08:29:39.676124Z][APM_J.newgen-amplificationplatemagazine][N][2330467][141]CDefaultStreamHandler.cpp:OnConnectionAccepted():405|New connection established. file descriptor 23[EOL]
[2026-09-22T08:29:39.676167Z][APM_J.newgen-amplificationplatemagazine][N][2330470][141]CDefaultStreamHandler.cpp:OnClosing():424|Socket with file descriptor 23 has been disconnected[EOL]
[2026-09-22T08:29:39.676172Z][APM_J.newgen-amplificationplatemagazine][N][2330478][141]CConnectionHandler.cpp:UnregisterConnection():127|Socket removed from epoll with identifier 0x0 (0), file descriptor 23.[EOL]
[2026-09-22T08:29:39.729084Z][APM_J.barcodereader][W][2330306][134]CRTCyclicEvent.cpp:TimeMissed():101|Cycle miss in event CCSICombinedCmdManager Cyclic Event. Time Overrun is 8997 us[EOL]
[2026-09-22T08:29:39.748757Z][APM_J.newgen-amplificationplatemagazine][N][2330477][141]CConnectionHandler.cpp:RegisterConnection():104|Socket added to epoll with identifier 0x17 (23), file descriptor 23.[EOL]
[2026-09-22T08:29:39.748822Z][APM_J.newgen-amplificationplatemagazine][N][2330478][141]CConnectionHandler.cpp:UnregisterConnection():127|Socket removed from epoll with identifier 0x15 (21), file descriptor 21.[EOL]
[2026-09-22T08:29:39.729136Z][APM_J.barcodereader][W][2330306][134]CRTCyclicEvent.cpp:TimeMissed():101|Cycle miss in event CCSICombinedRepManager. Time Overrun is 8997 us[EOL]
[2026-09-22T08:29:39.996711Z][APM_J.newgen-amplificationplatemagazine][I][844444409][141]RabbitMqConnector.cpp:onProperties():1356|Exchange of properties: amqp_conn=0x7fd163766280 amqp_conn_fd=23#012  Properties sent by server:#012    table(capabilities:table(authentication_failure_close:booleanset(1,0,0,0,0,0,0,0),basic.nack:booleanset(1,0,0,0,0,0,0,0),connection.blocked:booleanset(1,0,0,0,0,0,0,0),consumer_cancel_notify:booleanset(1,0,0,0,0,0,0,0),consumer_priorities:booleanset(1,0,0,0,0,0,0,0),direct_reply_to:booleanset(1,0,0,0,0,0,0,0),exchange_exchange_bindings:booleanset(1,0,0,0,0,0,0,0),per_consumer_qos:booleanset(1,0,0,0,0,0,0,0),publisher_confirms:booleanset(1,0,0,0,0,0,0,0)),cluster_name:string(rabbit@x800-instrument),copyright:string(Copyright (c) 2007-2024 Broadcom Inc and/or its subsidiaries),information:string(Licensed under the MPL 2.0. Website: https://rabbitmq.com),platform:string(Erlang/OTP 26.2.5.3),product:string(RabbitMQ),version:string(3.13.7))#012  Properties sent back by us:#012    table(connection_name:string(6800_2AC.10001.AmplificationPlateMagazine.J))#012  Note that additional properties will be set internally by the AMQP-CPP library.[EOL]
[2026-09-22T08:29:40.049815Z][APM_J.newgen-amplificationplatemagazine][I][844444410][141]RabbitMqConnector.cpp:onNegotiate():1364|Setting heartbeat frequency: amqp_conn=0x7fd163766280 amqp_conn_fd=23 interval=60[EOL]
[2026-09-22T08:29:40.108474Z][APM_J.newgen-amplificationplatemagazine][W][2330306][141]CRTCyclicEvent.cpp:TimeMissed():101|Cycle miss in event CCSICombinedCmdManager Cyclic Event. Time Overrun is 15509 us[EOL]
[2026-09-22T08:29:40.108516Z][APM_J.newgen-amplificationplatemagazine][W][2330306][141]CRTCyclicEvent.cpp:TimeMissed():101|Cycle miss in event CCSICombinedRepManager. Time Overrun is 15509 us[EOL]
[2026-09-22T08:29:40.131226Z][APM_J.newgen-amplificationplatemagazine][I][844444411][141]RabbitMqConnector.cpp:onReady():1373|Handshake with rabbitmq completed: amqp_conn=0x7fd163766280 amqp_conn_fd=23[EOL]
[2026-09-22T08:29:40.250490Z][APM_J.newgen-amplificationplatemagazine][W][2330306][141]CRTCyclicEvent.cpp:TimeMissed():101|Cycle miss in event CCSICombinedCmdManager Cyclic Event. Time Overrun is 7515 us[EOL]
[2026-09-22T08:29:40.250549Z][APM_J.newgen-amplificationplatemagazine][W][2330306][141]CRTCyclicEvent.cpp:TimeMissed():101|Cycle miss in event CCSICombinedRepManager. Time Overrun is 7515 us[EOL]
[2026-09-22T08:29:40.298377Z][APM_J.newgen-amplificationplatemagazine][I][844444453][141]RabbitMqConnector.cpp:operator()():631|Sucessfully consumed: queue_name: roche.newgen.amplificationplatemagazine.j.q[EOL]
[2026-09-22T08:29:40.298724Z][APM_J.newgen-amplificationplatemagazine][I][844444436][141]UnitCommunicator.cpp:SendEvent():424|Publishing event: type=Roche.c68_8800.AmplificationPlateMagazine.J.UnitStateChanged correlation_id=(n/a)[EOL]
[2026-09-22T08:29:40.298822Z][APM_J.newgen-amplificationplatemagazine][I][2560017][141]MessageSender.h:SendEvent():105|Sent RabbitMqEvent Roche.c68_8800.AmplificationPlateMagazine.J.UnitStateChanged. Content: {"Timestamp":"2026-09-22T08:29:40.298589Z","TraceContext":"00-e75e64aa65707b327ae754abcd7351a0-ff0a7e9baee0d3e8-01","MagazineId":"J","OldState":"PoweredOff","NewState":"StartingUp"}[EOL]
[2026-09-22T08:29:40.651733Z][APM_J.newgen-amplificationplatemagazine][W][2330306][141]CRTCyclicEvent.cpp:TimeMissed():101|Cycle miss in event CCSICombinedCmdManager Cyclic Event. Time Overrun is 8770 us[EOL]
[2026-09-22T08:29:40.651659Z][APM_J.barcodereader][W][2330306][134]CRTCyclicEvent.cpp:TimeMissed():101|Cycle miss in event CCSICombinedCmdManager Cyclic Event. Time Overrun is 11575 us[EOL]
[2026-09-22T08:29:40.651771Z][APM_J.newgen-amplificationplatemagazine][W][2330306][141]CRTCyclicEvent.cpp:TimeMissed():101|Cycle miss in event CCSICombinedRepManager. Time Overrun is 8770 us[EOL]
[2026-09-22T08:29:40.651710Z][APM_J.barcodereader][W][2330306][134]CRTCyclicEvent.cpp:TimeMissed():101|Cycle miss in event CCSICombinedRepManager. Time Overrun is 11575 us[EOL]
[2026-09-22T08:29:41.528947Z][APM_J.newgen-amplificationplatemagazine][W][2330306][141]CRTCyclicEvent.cpp:TimeMissed():101|Cycle miss in event CCSICombinedCmdManager Cyclic Event. Time Overrun is 5984 us[EOL]
[2026-09-22T08:29:41.529065Z][APM_J.newgen-amplificationplatemagazine][W][2330306][141]CRTCyclicEvent.cpp:TimeMissed():101|Cycle miss in event CCSICombinedRepManager. Time Overrun is 5984 us[EOL]
[2026-09-22T08:29:42.474391Z][APM_J.barcodereader][W][2330306][134]CRTCyclicEvent.cpp:TimeMissed():101|Cycle miss in event CCSICombinedCmdManager Cyclic Event. Time Overrun is 4304 us[EOL]
[2026-09-22T08:29:42.474435Z][APM_J.barcodereader][W][2330306][134]CRTCyclicEvent.cpp:TimeMissed():101|Cycle miss in event CCSICombinedRepManager. Time Overrun is 4304 us[EOL]
[2026-09-22T08:29:43.665739Z][APM_J.newgen-amplificationplatemagazine][W][2330306][141]CRTCyclicEvent.cpp:TimeMissed():101|Cycle miss in event CCSICombinedCmdManager Cyclic Event. Time Overrun is 2776 us[EOL]
[2026-09-22T08:29:43.665775Z][APM_J.newgen-amplificationplatemagazine][W][2330306][141]CRTCyclicEvent.cpp:TimeMissed():101|Cycle miss in event CCSICombinedRepManager. Time Overrun is 2776 us[EOL]
[2026-09-22T08:29:43.972935Z][APM_J.barcodereader][W][2330306][134]CRTCyclicEvent.cpp:TimeMissed():101|Cycle miss in event CCSICombinedCmdManager Cyclic Event. Time Overrun is 2847 us[EOL]
[2026-09-22T08:29:43.973011Z][APM_J.barcodereader][W][2330306][134]CRTCyclicEvent.cpp:TimeMissed():101|Cycle miss in event CCSICombinedRepManager. Time Overrun is 2847 us[EOL]
[2026-09-22T08:29:44.836077Z][APM_J.barcodereader][W][2330306][134]CRTCyclicEvent.cpp:TimeMissed():101|Cycle miss in event CCSICombinedCmdManager Cyclic Event. Time Overrun is 5993 us[EOL]
[2026-09-22T08:29:44.836120Z][APM_J.barcodereader][W][2330306][134]CRTCyclicEvent.cpp:TimeMissed():101|Cycle miss in event CCSICombinedRepManager. Time Overrun is 5993 us[EOL]
[2026-09-22T08:29:45.177905Z][APM_J.newgen-amplificationplatemagazine][W][2330306][141]CRTCyclicEvent.cpp:TimeMissed():101|Cycle miss in event CCSICombinedCmdManager Cyclic Event. Time Overrun is 14940 us[EOL]
[2026-09-22T08:29:45.177960Z][APM_J.newgen-amplificationplatemagazine][W][2330306][141]CRTCyclicEvent.cpp:TimeMissed():101|Cycle miss in event CCSICombinedRepManager. Time Overrun is 14940 us[EOL]
[2026-09-22T08:29:46.226000Z][APM_J.newgen-amplificationplatemagazine][W][2330306][141]CRTCyclicEvent.cpp:TimeMissed():101|Cycle miss in event CCSICombinedCmdManager Cyclic Event. Time Overrun is 3039 us[EOL]
[2026-09-22T08:29:46.226056Z][APM_J.newgen-amplificationplatemagazine][W][2330306][141]CRTCyclicEvent.cpp:TimeMissed():101|Cycle miss in event CCSICombinedRepManager. Time Overrun is 3039 us[EOL]
[2026-09-22T08:29:46.230655Z][APM_J.barcodereader][W][2330306][134]CRTCyclicEvent.cpp:TimeMissed():101|Cycle miss in event CCSICombinedCmdManager Cyclic Event. Time Overrun is 10574 us[EOL]
[2026-09-22T08:29:46.230681Z][APM_J.barcodereader][W][2330306][134]CRTCyclicEvent.cpp:TimeMissed():101|Cycle miss in event CCSICombinedRepManager. Time Overrun is 10574 us[EOL]
[2026-09-22T08:29:46.634517Z][APM_J.barcodereader][W][2330306][134]CRTCyclicEvent.cpp:TimeMissed():101|Cycle miss in event CCSICombinedCmdManager Cyclic Event. Time Overrun is 4432 us[EOL]
[2026-09-22T08:29:46.634660Z][APM_J.barcodereader][W][2330306][134]CRTCyclicEvent.cpp:TimeMissed():101|Cycle miss in event CCSICombinedRepManager. Time Overrun is 4432 us[EOL]
[2026-09-22T08:29:48.198923Z][APM_J.newgen-amplificationplatemagazine][W][2330306][141]CRTCyclicEvent.cpp:TimeMissed():101|Cycle miss in event CCSICombinedCmdManager Cyclic Event. Time Overrun is 5961 us[EOL]
[2026-09-22T08:29:48.198963Z][APM_J.newgen-amplificationplatemagazine][W][2330306][141]CRTCyclicEvent.cpp:TimeMissed():101|Cycle miss in event CCSICombinedRepManager. Time Overrun is 5961 us[EOL]
[2026-09-22T08:29:48.443911Z][APM_J.barcodereader][W][2330306][134]CRTCyclicEvent.cpp:TimeMissed():101|Cycle miss in event CCSICombinedCmdManager Cyclic Event. Time Overrun is 3823 us[EOL]
[2026-09-22T08:29:48.443949Z][APM_J.barcodereader][W][2330306][134]CRTCyclicEvent.cpp:TimeMissed():101|Cycle miss in event CCSICombinedRepManager. Time Overrun is 3823 us[EOL]
[2026-09-22T08:29:48.994387Z][APM_J.barcodereader][W][2330306][134]CRTCyclicEvent.cpp:TimeMissed():101|Cycle miss in event CCSICombinedCmdManager Cyclic Event. Time Overrun is 14306 us[EOL]
[2026-09-22T08:29:48.994434Z][APM_J.barcodereader][W][2330306][134]CRTCyclicEvent.cpp:TimeMissed():101|Cycle miss in event CCSICombinedRepManager. Time Overrun is 14306 us[EOL]
[2026-09-22T08:29:48.994451Z][APM_J.newgen-amplificationplatemagazine][W][2330306][141]CRTCyclicEvent.cpp:TimeMissed():101|Cycle miss in event CCSICombinedCmdManager Cyclic Event. Time Overrun is 11492 us[EOL]
[2026-09-22T08:29:48.994481Z][APM_J.newgen-amplificationplatemagazine][W][2330306][141]CRTCyclicEvent.cpp:TimeMissed():101|Cycle miss in event CCSICombinedRepManager. Time Overrun is 11492 us[EOL]
[2026-09-22T08:29:50.105702Z][APM_J.newgen-amplificationplatemagazine][W][2330306][141]CRTCyclicEvent.cpp:TimeMissed():101|Cycle miss in event CCSICombinedCmdManager Cyclic Event. Time Overrun is 2740 us[EOL]
[2026-09-22T08:29:50.105804Z][APM_J.newgen-amplificationplatemagazine][W][2330306][141]CRTCyclicEvent.cpp:TimeMissed():101|Cycle miss in event CCSICombinedRepManager. Time Overrun is 2740 us[EOL]
[2026-09-22T08:29:50.376669Z][APM_J.newgen-amplificationplatemagazine][W][2330306][141]CRTCyclicEvent.cpp:TimeMissed():101|Cycle miss in event CCSICombinedCmdManager Cyclic Event. Time Overrun is 3701 us[EOL]
[2026-09-22T08:29:50.376715Z][APM_J.newgen-amplificationplatemagazine][W][2330306][141]CRTCyclicEvent.cpp:TimeMissed():101|Cycle miss in event CCSICombinedRepManager. Time Overrun is 3701 us[EOL]
[2026-09-22T08:29:50.585630Z][APM_J.newgen-amplificationplatemagazine][W][2330306][141]CRTCyclicEvent.cpp:TimeMissed():101|Cycle miss in event CCSICombinedCmdManager Cyclic Event. Time Overrun is 2667 us[EOL]
[2026-09-22T08:29:50.585678Z][APM_J.newgen-amplificationplatemagazine][W][2330306][141]CRTCyclicEvent.cpp:TimeMissed():101|Cycle miss in event CCSICombinedRepManager. Time Overrun is 2667 us[EOL]
[2026-09-22T08:29:51.142227Z][APM_J.barcodereader][W][2330306][134]CRTCyclicEvent.cpp:TimeMissed():101|Cycle miss in event CCSICombinedCmdManager Cyclic Event. Time Overrun is 362092 us[EOL]
[2026-09-22T08:29:51.142300Z][APM_J.barcodereader][W][2330306][134]CRTCyclicEvent.cpp:TimeMissed():101|Cycle miss in event CCSICombinedRepManager. Time Overrun is 362092 us[EOL]
[2026-09-22T08:29:51.146406Z][APM_J.barcodereader][W][2330306][134]CRTCyclicEvent.cpp:TimeMissed():101|Cycle miss in event CCSICyclicRepManager. Time Overrun is 245737 us[EOL]
[2026-09-22T08:29:51.220595Z][APM_J.newgen-amplificationplatemagazine][W][2330306][141]CRTCyclicEvent.cpp:TimeMissed():101|Cycle miss in event CCSICombinedCmdManager Cyclic Event. Time Overrun is 17633 us[EOL]
[2026-09-22T08:29:51.220679Z][APM_J.newgen-amplificationplatemagazine][W][2330306][141]CRTCyclicEvent.cpp:TimeMissed():101|Cycle miss in event CCSICombinedRepManager. Time Overrun is 17633 us[EOL]
[2026-09-22T08:29:51.398244Z][APM_J.newgen-amplificationplatemagazine][W][2330306][141]CRTCyclicEvent.cpp:TimeMissed():101|Cycle miss in event CCSICombinedCmdManager Cyclic Event. Time Overrun is 5261 us[EOL]
[2026-09-22T08:29:51.398297Z][APM_J.newgen-amplificationplatemagazine][W][2330306][141]CRTCyclicEvent.cpp:TimeMissed():101|Cycle miss in event CCSICombinedRepManager. Time Overrun is 5261 us[EOL]
[2026-09-22T08:29:51.606974Z][APM_J.newgen-amplificationplatemagazine][W][2330306][141]CRTCyclicEvent.cpp:TimeMissed():101|Cycle miss in event CCSICombinedCmdManager Cyclic Event. Time Overrun is 4004 us[EOL]
[2026-09-22T08:29:51.607028Z][APM_J.newgen-amplificationplatemagazine][W][2330306][141]CRTCyclicEvent.cpp:TimeMissed():101|Cycle miss in event CCSICombinedRepManager. Time Overrun is 4004 us[EOL]
[2026-09-22T08:29:51.813170Z][APM_J.barcodereader][W][2330306][134]CRTCyclicEvent.cpp:TimeMissed():101|Cycle miss in event CCSICombinedCmdManager Cyclic Event. Time Overrun is 3083 us[EOL]
[2026-09-22T08:29:51.813224Z][APM_J.barcodereader][W][2330306][134]CRTCyclicEvent.cpp:TimeMissed():101|Cycle miss in event CCSICombinedRepManager. Time Overrun is 3083 us[EOL]
[2026-09-22T08:29:52.012316Z][APM_J.barcodereader][W][2330306][134]CRTCyclicEvent.cpp:TimeMissed():101|Cycle miss in event CCSICombinedCmdManager Cyclic Event. Time Overrun is 12226 us[EOL]
[2026-09-22T08:29:52.012396Z][APM_J.barcodereader][W][2330306][134]CRTCyclicEvent.cpp:TimeMissed():101|Cycle miss in event CCSICombinedRepManager. Time Overrun is 12226 us[EOL]
[2026-09-22T08:29:52.644415Z][APM_J.newgen-amplificationplatemagazine][W][2330306][141]CRTCyclicEvent.cpp:TimeMissed():101|Cycle miss in event CCSICombinedCmdManager Cyclic Event. Time Overrun is 1437 us[EOL]
[2026-09-22T08:29:52.644551Z][APM_J.newgen-amplificationplatemagazine][W][2330306][141]CRTCyclicEvent.cpp:TimeMissed():101|Cycle miss in event CCSICombinedRepManager. Time Overrun is 1437 us[EOL]
[2026-09-22T08:29:53.049452Z][APM_J.barcodereader][W][2330306][134]CRTCyclicEvent.cpp:TimeMissed():101|Cycle miss in event CCSICyclicRepManager. Time Overrun is 252231 us[EOL]
[2026-09-22T08:29:53.049546Z][APM_J.barcodereader][W][2330306][134]CRTCyclicEvent.cpp:TimeMissed():101|Cycle miss in event CCSICombinedCmdManager Cyclic Event. Time Overrun is 339465 us[EOL]
[2026-09-22T08:29:53.049563Z][APM_J.barcodereader][W][2330306][134]CRTCyclicEvent.cpp:TimeMissed():101|Cycle miss in event CCSICombinedRepManager. Time Overrun is 339465 us[EOL]
[2026-09-22T08:29:53.167628Z][APM_J.barcodereader][W][2330306][134]CRTCyclicEvent.cpp:TimeMissed():101|Cycle miss in event CCSICombinedCmdManager Cyclic Event. Time Overrun is 7547 us[EOL]
[2026-09-22T08:29:53.167661Z][APM_J.barcodereader][W][2330306][134]CRTCyclicEvent.cpp:TimeMissed():101|Cycle miss in event CCSICombinedRepManager. Time Overrun is 7547 us[EOL]
[2026-09-22T08:29:53.655155Z][APM_J.newgen-amplificationplatemagazine][W][2330306][141]CRTCyclicEvent.cpp:TimeMissed():101|Cycle miss in event CCSICombinedCmdManager Cyclic Event. Time Overrun is 12192 us[EOL]
[2026-09-22T08:29:53.655199Z][APM_J.newgen-amplificationplatemagazine][W][2330306][141]CRTCyclicEvent.cpp:TimeMissed():101|Cycle miss in event CCSICombinedRepManager. Time Overrun is 12192 us[EOL]
[2026-09-22T08:29:53.983223Z][APM_J.newgen-amplificationplatemagazine][W][2330306][141]CRTCyclicEvent.cpp:TimeMissed():101|Cycle miss in event CCSICombinedCmdManager Cyclic Event. Time Overrun is 261 us[EOL]
[2026-09-22T08:29:53.983266Z][APM_J.newgen-amplificationplatemagazine][W][2330306][141]CRTCyclicEvent.cpp:TimeMissed():101|Cycle miss in event CCSICombinedRepManager. Time Overrun is 261 us[EOL]
[2026-09-22T08:29:54.504809Z][APM_J.newgen-amplificationplatemagazine][W][2330306][141]CRTCyclicEvent.cpp:TimeMissed():101|Cycle miss in event CCSICombinedCmdManager Cyclic Event. Time Overrun is 1846 us[EOL]
[2026-09-22T08:29:54.504849Z][APM_J.newgen-amplificationplatemagazine][W][2330306][141]CRTCyclicEvent.cpp:TimeMissed():101|Cycle miss in event CCSICombinedRepManager. Time Overrun is 1846 us[EOL]
[2026-09-22T08:29:54.676442Z][APM_J.newgen-amplificationplatemagazine][W][2330306][141]CRTCyclicEvent.cpp:TimeMissed():101|Cycle miss in event CCSICombinedCmdManager Cyclic Event. Time Overrun is 3473 us[EOL]
[2026-09-22T08:29:54.676494Z][APM_J.newgen-amplificationplatemagazine][W][2330306][141]CRTCyclicEvent.cpp:TimeMissed():101|Cycle miss in event CCSICombinedRepManager. Time Overrun is 3473 us[EOL]
[2026-09-22T08:29:54.902159Z][APM_J.newgen-amplificationplatemagazine][W][2330306][141]CRTCyclicEvent.cpp:TimeMissed():101|Cycle miss in event CCSICombinedCmdManager Cyclic Event. Time Overrun is 109195 us[EOL]
[2026-09-22T08:29:54.902203Z][APM_J.newgen-amplificationplatemagazine][W][2330306][141]CRTCyclicEvent.cpp:TimeMissed():101|Cycle miss in event CCSICombinedRepManager. Time Overrun is 109195 us[EOL]
[2026-09-22T08:29:55.071708Z][APM_J.barcodereader][W][2330306][134]CRTCyclicEvent.cpp:TimeMissed():101|Cycle miss in event CCSICombinedCmdManager Cyclic Event. Time Overrun is 1626 us[EOL]
[2026-09-22T08:29:55.071738Z][APM_J.barcodereader][W][2330306][134]CRTCyclicEvent.cpp:TimeMissed():101|Cycle miss in event CCSICombinedRepManager. Time Overrun is 1626 us[EOL]
[2026-09-22T08:29:55.286955Z][APM_J.barcodereader][W][2330306][134]CRTCyclicEvent.cpp:TimeMissed():101|Cycle miss in event CCSICombinedCmdManager Cyclic Event. Time Overrun is 6871 us[EOL]
[2026-09-22T08:29:55.287059Z][APM_J.barcodereader][W][2330306][134]CRTCyclicEvent.cpp:TimeMissed():101|Cycle miss in event CCSICombinedRepManager. Time Overrun is 6871 us[EOL]
[2026-09-22T08:29:55.731979Z][APM_J.barcodereader][W][2330306][134]CRTCyclicEvent.cpp:TimeMissed():101|Cycle miss in event CCSICombinedCmdManager Cyclic Event. Time Overrun is 1892 us[EOL]
[2026-09-22T08:29:55.732027Z][APM_J.barcodereader][W][2330306][134]CRTCyclicEvent.cpp:TimeMissed():101|Cycle miss in event CCSICombinedRepManager. Time Overrun is 1892 us[EOL]
[2026-09-22T08:29:56.013271Z][APM_J.newgen-amplificationplatemagazine][W][2330306][141]CRTCyclicEvent.cpp:TimeMissed():101|Cycle miss in event CCSICombinedCmdManager Cyclic Event. Time Overrun is 303 us[EOL]
[2026-09-22T08:29:56.013306Z][APM_J.newgen-amplificationplatemagazine][W][2330306][141]CRTCyclicEvent.cpp:TimeMissed():101|Cycle miss in event CCSICombinedRepManager. Time Overrun is 303 us[EOL]
[2026-09-22T08:29:56.813153Z][APM_J.barcodereader][W][2330306][134]CRTCyclicEvent.cpp:TimeMissed():101|Cycle miss in event CCSICombinedCmdManager Cyclic Event. Time Overrun is 3072 us[EOL]
[2026-09-22T08:29:56.813182Z][APM_J.barcodereader][W][2330306][134]CRTCyclicEvent.cpp:TimeMissed():101|Cycle miss in event CCSICombinedRepManager. Time Overrun is 3072 us[EOL]
[2026-09-22T08:29:58.360913Z][APM_J.newgen-amplificationplatemagazine][W][2330306][141]CRTCyclicEvent.cpp:TimeMissed():101|Cycle miss in event CCSICombinedCmdManager Cyclic Event. Time Overrun is 7952 us[EOL]
[2026-09-22T08:29:58.360969Z][APM_J.newgen-amplificationplatemagazine][W][2330306][141]CRTCyclicEvent.cpp:TimeMissed():101|Cycle miss in event CCSICombinedRepManager. Time Overrun is 7952 us[EOL]
[2026-09-22T08:29:58.881930Z][APM_J.newgen-amplificationplatemagazine][W][2330306][141]CRTCyclicEvent.cpp:TimeMissed():101|Cycle miss in event CCSICombinedCmdManager Cyclic Event. Time Overrun is 8969 us[EOL]
[2026-09-22T08:29:58.881975Z][APM_J.newgen-amplificationplatemagazine][W][2330306][141]CRTCyclicEvent.cpp:TimeMissed():101|Cycle miss in event CCSICombinedRepManager. Time Overrun is 8969 us[EOL]
[2026-09-22T08:30:01.363236Z][APM_J.barcodereader][W][2330306][134]CRTCyclicEvent.cpp:TimeMissed():101|Cycle miss in event CCSICombinedCmdManager Cyclic Event. Time Overrun is 3153 us[EOL]
[2026-09-22T08:30:01.363281Z][APM_J.barcodereader][W][2330306][134]CRTCyclicEvent.cpp:TimeMissed():101|Cycle miss in event CCSICombinedRepManager. Time Overrun is 3153 us[EOL]
[2026-09-22T08:30:01.498270Z][APM_J.barcodereader][W][2330306][134]CRTCyclicEvent.cpp:TimeMissed():101|Cycle miss in event CCSICombinedCmdManager Cyclic Event. Time Overrun is 8188 us[EOL]
[2026-09-22T08:30:01.498218Z][APM_J.newgen-amplificationplatemagazine][W][2330306][141]CRTCyclicEvent.cpp:TimeMissed():101|Cycle miss in event CCSICombinedCmdManager Cyclic Event. Time Overrun is 5256 us[EOL]
[2026-09-22T08:30:01.498310Z][APM_J.barcodereader][W][2330306][134]CRTCyclicEvent.cpp:TimeMissed():101|Cycle miss in event CCSICombinedRepManager. Time Overrun is 8188 us[EOL]
[2026-09-22T08:30:01.498256Z][APM_J.newgen-amplificationplatemagazine][W][2330306][141]CRTCyclicEvent.cpp:TimeMissed():101|Cycle miss in event CCSICombinedRepManager. Time Overrun is 5256 us[EOL]
[2026-09-22T08:30:01.662439Z][APM_J.barcodereader][W][2330306][134]CRTCyclicEvent.cpp:TimeMissed():101|Cycle miss in event CCSICombinedCmdManager Cyclic Event. Time Overrun is 52351 us[EOL]
[2026-09-22T08:30:01.662508Z][APM_J.barcodereader][W][2330306][134]CRTCyclicEvent.cpp:TimeMissed():101|Cycle miss in event CCSICombinedRepManager. Time Overrun is 52351 us[EOL]
[2026-09-22T08:30:02.052238Z][APM_J.barcodereader][W][2330306][134]CRTCyclicEvent.cpp:TimeMissed():101|Cycle miss in event CCSICombinedCmdManager Cyclic Event. Time Overrun is 262154 us[EOL]
[2026-09-22T08:30:02.052353Z][APM_J.barcodereader][W][2330306][134]CRTCyclicEvent.cpp:TimeMissed():101|Cycle miss in event CCSICombinedRepManager. Time Overrun is 262154 us[EOL]
[2026-09-22T08:30:01.662765Z][APM_J.newgen-amplificationplatemagazine][W][2330306][141]CRTCyclicEvent.cpp:TimeMissed():101|Cycle miss in event CCSICombinedCmdManager Cyclic Event. Time Overrun is 49800 us[EOL]
[2026-09-22T08:30:02.627737Z][APM_J.barcodereader][W][2330306][134]CRTCyclicEvent.cpp:TimeMissed():101|Cycle miss in event CCSICyclicRepManager. Time Overrun is 930515 us[EOL]
[2026-09-22T08:30:02.628673Z][APM_J.barcodereader][W][2330306][134]CRTCyclicEvent.cpp:TimeMissed():101|Cycle miss in event CCSICombinedCmdManager Cyclic Event. Time Overrun is 468588 us[EOL]
[2026-09-22T08:30:02.628708Z][APM_J.barcodereader][W][2330306][134]CRTCyclicEvent.cpp:TimeMissed():101|Cycle miss in event CCSICombinedRepManager. Time Overrun is 468588 us[EOL]
[2026-09-22T08:30:01.662816Z][APM_J.newgen-amplificationplatemagazine][W][2330306][141]CRTCyclicEvent.cpp:TimeMissed():101|Cycle miss in event CCSICombinedRepManager. Time Overrun is 49800 us[EOL]
[2026-09-22T08:30:02.052719Z][APM_J.newgen-amplificationplatemagazine][W][2330306][141]CRTCyclicEvent.cpp:TimeMissed():101|Cycle miss in event CCSICombinedCmdManager Cyclic Event. Time Overrun is 259755 us[EOL]
[2026-09-22T08:30:02.741521Z][APM_J.barcodereader][W][2330306][134]CRTCyclicEvent.cpp:TimeMissed():101|Cycle miss in event CCSICombinedCmdManager Cyclic Event. Time Overrun is 1436 us[EOL]
[2026-09-22T08:30:02.052753Z][APM_J.newgen-amplificationplatemagazine][W][2330306][141]CRTCyclicEvent.cpp:TimeMissed():101|Cycle miss in event CCSICombinedRepManager. Time Overrun is 259755 us[EOL]
[2026-09-22T08:30:02.741551Z][APM_J.barcodereader][W][2330306][134]CRTCyclicEvent.cpp:TimeMissed():101|Cycle miss in event CCSICombinedRepManager. Time Overrun is 1436 us[EOL]
[2026-09-22T08:30:02.628253Z][APM_J.newgen-amplificationplatemagazine][W][2330306][141]CRTCyclicEvent.cpp:TimeMissed():101|Cycle miss in event CCSICyclicRepManager. Time Overrun is 924091 us[EOL]
[2026-09-22T08:30:02.877778Z][APM_J.barcodereader][W][2330306][134]CRTCyclicEvent.cpp:TimeMissed():101|Cycle miss in event CCSICombinedCmdManager Cyclic Event. Time Overrun is 17694 us[EOL]
[2026-09-22T08:30:02.877812Z][APM_J.barcodereader][W][2330306][134]CRTCyclicEvent.cpp:TimeMissed():101|Cycle miss in event CCSICombinedRepManager. Time Overrun is 17694 us[EOL]
[2026-09-22T08:30:03.057750Z][APM_J.barcodereader][W][2330306][134]CRTCyclicEvent.cpp:TimeMissed():101|Cycle miss in event CCSICombinedCmdManager Cyclic Event. Time Overrun is 67670 us[EOL]
[2026-09-22T08:30:03.057772Z][APM_J.barcodereader][W][2330306][134]CRTCyclicEvent.cpp:TimeMissed():101|Cycle miss in event CCSICombinedRepManager. Time Overrun is 67670 us[EOL]
[2026-09-22T08:30:02.628893Z][APM_J.newgen-amplificationplatemagazine][W][2330306][141]CRTCyclicEvent.cpp:TimeMissed():101|Cycle miss in event CCSICombinedCmdManager Cyclic Event. Time Overrun is 475929 us[EOL]
[2026-09-22T08:30:03.352541Z][APM_J.barcodereader][W][2330306][134]CRTCyclicEvent.cpp:TimeMissed():101|Cycle miss in event CCSICombinedCmdManager Cyclic Event. Time Overrun is 172456 us[EOL]
[2026-09-22T08:30:02.628926Z][APM_J.newgen-amplificationplatemagazine][W][2330306][141]CRTCyclicEvent.cpp:TimeMissed():101|Cycle miss in event CCSICombinedRepManager. Time Overrun is 475929 us[EOL]
[2026-09-22T08:30:03.352573Z][APM_J.barcodereader][W][2330306][134]CRTCyclicEvent.cpp:TimeMissed():101|Cycle miss in event CCSICombinedRepManager. Time Overrun is 172456 us[EOL]
[2026-09-22T08:30:03.495640Z][APM_J.barcodereader][W][2330306][134]CRTCyclicEvent.cpp:TimeMissed():101|Cycle miss in event CCSICombinedCmdManager Cyclic Event. Time Overrun is 5548 us[EOL]
[2026-09-22T08:30:03.495683Z][APM_J.barcodereader][W][2330306][134]CRTCyclicEvent.cpp:TimeMissed():101|Cycle miss in event CCSICombinedRepManager. Time Overrun is 5548 us[EOL]
[2026-09-22T08:30:02.876508Z][APM_J.newgen-amplificationplatemagazine][W][2330306][141]CRTCyclicEvent.cpp:TimeMissed():101|Cycle miss in event CCSICombinedCmdManager Cyclic Event. Time Overrun is 103545 us[EOL]
[2026-09-22T08:30:02.876541Z][APM_J.newgen-amplificationplatemagazine][W][2330306][141]CRTCyclicEvent.cpp:TimeMissed():101|Cycle miss in event CCSICombinedRepManager. Time Overrun is 103545 us[EOL]
[2026-09-22T08:30:03.058045Z][APM_J.newgen-amplificationplatemagazine][W][2330306][141]CRTCyclicEvent.cpp:TimeMissed():101|Cycle miss in event CCSICombinedCmdManager Cyclic Event. Time Overrun is 65086 us[EOL]
[2026-09-22T08:30:03.058063Z][APM_J.newgen-amplificationplatemagazine][W][2330306][141]CRTCyclicEvent.cpp:TimeMissed():101|Cycle miss in event CCSICombinedRepManager. Time Overrun is 65086 us[EOL]
[2026-09-22T08:30:03.352678Z][APM_J.newgen-amplificationplatemagazine][W][2330306][141]CRTCyclicEvent.cpp:TimeMissed():101|Cycle miss in event CCSICombinedCmdManager Cyclic Event. Time Overrun is 169713 us[EOL]
[2026-09-22T08:30:03.352714Z][APM_J.newgen-amplificationplatemagazine][W][2330306][141]CRTCyclicEvent.cpp:TimeMissed():101|Cycle miss in event CCSICombinedRepManager. Time Overrun is 169713 us[EOL]
[2026-09-22T08:30:03.496171Z][APM_J.newgen-amplificationplatemagazine][W][2330306][141]CRTCyclicEvent.cpp:TimeMissed():101|Cycle miss in event CCSICombinedCmdManager Cyclic Event. Time Overrun is 3209 us[EOL]
[2026-09-22T08:30:03.496212Z][APM_J.newgen-amplificationplatemagazine][W][2330306][141]CRTCyclicEvent.cpp:TimeMissed():101|Cycle miss in event CCSICombinedRepManager. Time Overrun is 3209 us[EOL]
[2026-09-22T08:30:03.644704Z][APM_J.newgen-amplificationplatemagazine][W][2330306][141]CRTCyclicEvent.cpp:TimeMissed():101|Cycle miss in event CCSICombinedCmdManager Cyclic Event. Time Overrun is 1737 us[EOL]
[2026-09-22T08:30:03.644743Z][APM_J.newgen-amplificationplatemagazine][W][2330306][141]CRTCyclicEvent.cpp:TimeMissed():101|Cycle miss in event CCSICombinedRepManager. Time Overrun is 1737 us[EOL]
[2026-09-22T08:30:03.913288Z][APM_J.newgen-amplificationplatemagazine][W][2330306][141]CRTCyclicEvent.cpp:TimeMissed():101|Cycle miss in event CCSICombinedCmdManager Cyclic Event. Time Overrun is 310 us[EOL]
[2026-09-22T08:30:03.913351Z][APM_J.newgen-amplificationplatemagazine][W][2330306][141]CRTCyclicEvent.cpp:TimeMissed():101|Cycle miss in event CCSICombinedRepManager. Time Overrun is 310 us[EOL]
[2026-09-22T08:30:03.899498Z][APM_J.barcodereader][W][2330306][134]CRTCyclicEvent.cpp:TimeMissed():101|Cycle miss in event CCSICombinedCmdManager Cyclic Event. Time Overrun is 289402 us[EOL]
[2026-09-22T08:30:03.899536Z][APM_J.barcodereader][W][2330306][134]CRTCyclicEvent.cpp:TimeMissed():101|Cycle miss in event CCSICombinedRepManager. Time Overrun is 289402 us[EOL]
[2026-09-22T08:30:04.260802Z][APM_J.barcodereader][W][2330306][134]CRTCyclicEvent.cpp:TimeMissed():101|Cycle miss in event CCSICombinedCmdManager Cyclic Event. Time Overrun is 719 us[EOL]
[2026-09-22T08:30:04.260831Z][APM_J.barcodereader][W][2330306][134]CRTCyclicEvent.cpp:TimeMissed():101|Cycle miss in event CCSICombinedRepManager. Time Overrun is 719 us[EOL]
[2026-09-22T08:30:04.295262Z][APM_J.newgen-amplificationplatemagazine][W][2330306][141]CRTCyclicEvent.cpp:TimeMissed():101|Cycle miss in event CCSICombinedCmdManager Cyclic Event. Time Overrun is 2248 us[EOL]
[2026-09-22T08:30:04.295321Z][APM_J.newgen-amplificationplatemagazine][W][2330306][141]CRTCyclicEvent.cpp:TimeMissed():101|Cycle miss in event CCSICombinedRepManager. Time Overrun is 2248 us[EOL]
[2026-09-22T08:30:04.663046Z][APM_J.newgen-amplificationplatemagazine][W][2330306][141]CRTCyclicEvent.cpp:TimeMissed():101|Cycle miss in event CCSICombinedCmdManager Cyclic Event. Time Overrun is 82 us[EOL]
[2026-09-22T08:30:04.663086Z][APM_J.newgen-amplificationplatemagazine][W][2330306][141]CRTCyclicEvent.cpp:TimeMissed():101|Cycle miss in event CCSICombinedRepManager. Time Overrun is 82 us[EOL]
[2026-09-22T08:30:04.793744Z][APM_J.barcodereader][W][2330306][134]CRTCyclicEvent.cpp:TimeMissed():101|Cycle miss in event CCSICombinedCmdManager Cyclic Event. Time Overrun is 3651 us[EOL]
[2026-09-22T08:30:04.793865Z][APM_J.barcodereader][W][2330306][134]CRTCyclicEvent.cpp:TimeMissed():101|Cycle miss in event CCSICombinedRepManager. Time Overrun is 3651 us[EOL]
[2026-09-22T08:30:05.063501Z][APM_J.barcodereader][W][2330306][134]CRTCyclicEvent.cpp:TimeMissed():101|Cycle miss in event CCSICombinedCmdManager Cyclic Event. Time Overrun is 3415 us[EOL]
[2026-09-22T08:30:05.063649Z][APM_J.barcodereader][W][2330306][134]CRTCyclicEvent.cpp:TimeMissed():101|Cycle miss in event CCSICombinedRepManager. Time Overrun is 3415 us[EOL]
[2026-09-22T08:30:05.103157Z][APM_J.newgen-amplificationplatemagazine][W][2330306][141]CRTCyclicEvent.cpp:TimeMissed():101|Cycle miss in event CCSICombinedCmdManager Cyclic Event. Time Overrun is 191 us[EOL]
[2026-09-22T08:30:05.103199Z][APM_J.newgen-amplificationplatemagazine][W][2330306][141]CRTCyclicEvent.cpp:TimeMissed():101|Cycle miss in event CCSICombinedRepManager. Time Overrun is 191 us[EOL]
[2026-09-22T08:30:05.633869Z][APM_J.newgen-amplificationplatemagazine][W][2330306][141]CRTCyclicEvent.cpp:TimeMissed():101|Cycle miss in event CCSICombinedCmdManager Cyclic Event. Time Overrun is 910 us[EOL]
[2026-09-22T08:30:05.633900Z][APM_J.newgen-amplificationplatemagazine][W][2330306][141]CRTCyclicEvent.cpp:TimeMissed():101|Cycle miss in event CCSICombinedRepManager. Time Overrun is 910 us[EOL]
[2026-09-22T08:30:05.710260Z][APM_J.barcodereader][W][2330306][134]CRTCyclicEvent.cpp:TimeMissed():101|Cycle miss in event CCSICombinedCmdManager Cyclic Event. Time Overrun is 176 us[EOL]
[2026-09-22T08:30:05.710312Z][APM_J.barcodereader][W][2330306][134]CRTCyclicEvent.cpp:TimeMissed():101|Cycle miss in event CCSICombinedRepManager. Time Overrun is 176 us[EOL]
[2026-09-22T08:30:06.192118Z][APM_J.barcodereader][W][2330306][134]CRTCyclicEvent.cpp:TimeMissed():101|Cycle miss in event CCSICombinedCmdManager Cyclic Event. Time Overrun is 2026 us[EOL]
[2026-09-22T08:30:06.192369Z][APM_J.barcodereader][W][2330306][134]CRTCyclicEvent.cpp:TimeMissed():101|Cycle miss in event CCSICombinedRepManager. Time Overrun is 2026 us[EOL]
[2026-09-22T08:30:06.223046Z][APM_J.newgen-amplificationplatemagazine][W][2330306][141]CRTCyclicEvent.cpp:TimeMissed():101|Cycle miss in event CCSICombinedCmdManager Cyclic Event. Time Overrun is 86 us[EOL]
[2026-09-22T08:30:06.223074Z][APM_J.newgen-amplificationplatemagazine][W][2330306][141]CRTCyclicEvent.cpp:TimeMissed():101|Cycle miss in event CCSICombinedRepManager. Time Overrun is 86 us[EOL]
[2026-09-22T08:30:06.655304Z][APM_J.newgen-amplificationplatemagazine][W][2330306][141]CRTCyclicEvent.cpp:TimeMissed():101|Cycle miss in event CCSICombinedCmdManager Cyclic Event. Time Overrun is 2333 us[EOL]
[2026-09-22T08:30:06.655358Z][APM_J.newgen-amplificationplatemagazine][W][2330306][141]CRTCyclicEvent.cpp:TimeMissed():101|Cycle miss in event CCSICombinedRepManager. Time Overrun is 2333 us[EOL]
[2026-09-22T08:30:06.712693Z][APM_J.barcodereader][W][2330306][134]CRTCyclicEvent.cpp:TimeMissed():101|Cycle miss in event CCSICombinedCmdManager Cyclic Event. Time Overrun is 12611 us[EOL]
[2026-09-22T08:30:06.712724Z][APM_J.barcodereader][W][2330306][134]CRTCyclicEvent.cpp:TimeMissed():101|Cycle miss in event CCSICombinedRepManager. Time Overrun is 12611 us[EOL]
[2026-09-22T08:30:06.852060Z][APM_J.barcodereader][W][2330306][134]CRTCyclicEvent.cpp:TimeMissed():101|Cycle miss in event CCSICombinedCmdManager Cyclic Event. Time Overrun is 1975 us[EOL]
[2026-09-22T08:30:06.852102Z][APM_J.barcodereader][W][2330306][134]CRTCyclicEvent.cpp:TimeMissed():101|Cycle miss in event CCSICombinedRepManager. Time Overrun is 1975 us[EOL]
[2026-09-22T08:30:07.257839Z][APM_J.newgen-amplificationplatemagazine][W][2330306][141]CRTCyclicEvent.cpp:TimeMissed():101|Cycle miss in event CCSICombinedCmdManager Cyclic Event. Time Overrun is 4873 us[EOL]
[2026-09-22T08:30:07.257891Z][APM_J.newgen-amplificationplatemagazine][W][2330306][141]CRTCyclicEvent.cpp:TimeMissed():101|Cycle miss in event CCSICombinedRepManager. Time Overrun is 4873 us[EOL]
[2026-09-22T08:30:07.641169Z][APM_J.newgen-amplificationplatemagazine][W][2330306][141]CRTCyclicEvent.cpp:TimeMissed():101|Cycle miss in event CCSICombinedCmdManager Cyclic Event. Time Overrun is 18209 us[EOL]
[2026-09-22T08:30:07.641208Z][APM_J.newgen-amplificationplatemagazine][W][2330306][141]CRTCyclicEvent.cpp:TimeMissed():101|Cycle miss in event CCSICombinedRepManager. Time Overrun is 18209 us[EOL]
[2026-09-22T08:30:07.602220Z][APM_J.barcodereader][W][2330306][134]CRTCyclicEvent.cpp:TimeMissed():101|Cycle miss in event CCSICombinedCmdManager Cyclic Event. Time Overrun is 2138 us[EOL]
[2026-09-22T08:30:07.602251Z][APM_J.barcodereader][W][2330306][134]CRTCyclicEvent.cpp:TimeMissed():101|Cycle miss in event CCSICombinedRepManager. Time Overrun is 2138 us[EOL]
[2026-09-22T08:30:07.727810Z][APM_J.barcodereader][W][2330306][134]CRTCyclicEvent.cpp:TimeMissed():101|Cycle miss in event CCSICombinedCmdManager Cyclic Event. Time Overrun is 7710 us[EOL]
[2026-09-22T08:30:07.727895Z][APM_J.barcodereader][W][2330306][134]CRTCyclicEvent.cpp:TimeMissed():101|Cycle miss in event CCSICombinedRepManager. Time Overrun is 7710 us[EOL]
[2026-09-22T08:30:08.000154Z][APM_J.barcodereader][W][2330306][134]CRTCyclicEvent.cpp:TimeMissed():101|Cycle miss in event CCSICombinedCmdManager Cyclic Event. Time Overrun is 69 us[EOL]
[2026-09-22T08:30:08.000195Z][APM_J.barcodereader][W][2330306][134]CRTCyclicEvent.cpp:TimeMissed():101|Cycle miss in event CCSICombinedRepManager. Time Overrun is 69 us[EOL]
[2026-09-22T08:30:08.342791Z][APM_J.barcodereader][W][2330306][134]CRTCyclicEvent.cpp:TimeMissed():101|Cycle miss in event CCSICombinedCmdManager Cyclic Event. Time Overrun is 2705 us[EOL]
[2026-09-22T08:30:08.342830Z][APM_J.barcodereader][W][2330306][134]CRTCyclicEvent.cpp:TimeMissed():101|Cycle miss in event CCSICombinedRepManager. Time Overrun is 2705 us[EOL]
[2026-09-22T08:30:08.413860Z][APM_J.newgen-amplificationplatemagazine][W][2330306][141]CRTCyclicEvent.cpp:TimeMissed():101|Cycle miss in event CCSICombinedCmdManager Cyclic Event. Time Overrun is 896 us[EOL]
[2026-09-22T08:30:08.413908Z][APM_J.newgen-amplificationplatemagazine][W][2330306][141]CRTCyclicEvent.cpp:TimeMissed():101|Cycle miss in event CCSICombinedRepManager. Time Overrun is 896 us[EOL]
[2026-09-22T08:30:08.775522Z][APM_J.newgen-amplificationplatemagazine][W][2330306][141]CRTCyclicEvent.cpp:TimeMissed():101|Cycle miss in event CCSICyclicRepManager. Time Overrun is 271370 us[EOL]
[2026-09-22T08:30:08.775338Z][APM_J.barcodereader][W][2330306][134]CRTCyclicEvent.cpp:TimeMissed():101|Cycle miss in event CCSICyclicRepManager. Time Overrun is 278120 us[EOL]
[2026-09-22T08:30:09.043186Z][APM_J.newgen-amplificationplatemagazine][W][2330306][141]CRTCyclicEvent.cpp:TimeMissed():101|Cycle miss in event CCSICombinedCmdManager Cyclic Event. Time Overrun is 222 us[EOL]
[2026-09-22T08:30:09.043217Z][APM_J.newgen-amplificationplatemagazine][W][2330306][141]CRTCyclicEvent.cpp:TimeMissed():101|Cycle miss in event CCSICombinedRepManager. Time Overrun is 222 us[EOL]
[2026-09-22T08:30:09.214022Z][APM_J.newgen-amplificationplatemagazine][W][2330306][141]CRTCyclicEvent.cpp:TimeMissed():101|Cycle miss in event CCSICombinedCmdManager Cyclic Event. Time Overrun is 1052 us[EOL]
[2026-09-22T08:30:09.214075Z][APM_J.newgen-amplificationplatemagazine][W][2330306][141]CRTCyclicEvent.cpp:TimeMissed():101|Cycle miss in event CCSICombinedRepManager. Time Overrun is 1052 us[EOL]
[2026-09-22T08:30:09.449123Z][APM_J.barcodereader][W][2330306][134]CRTCyclicEvent.cpp:TimeMissed():101|Cycle miss in event CCSICombinedCmdManager Cyclic Event. Time Overrun is 429007 us[EOL]
[2026-09-22T08:30:09.449152Z][APM_J.barcodereader][W][2330306][134]CRTCyclicEvent.cpp:TimeMissed():101|Cycle miss in event CCSICombinedRepManager. Time Overrun is 429007 us[EOL]
[2026-09-22T08:30:09.976598Z][APM_J.newgen-amplificationplatemagazine][W][2330306][141]CRTCyclicEvent.cpp:TimeMissed():101|Cycle miss in event CCSICombinedCmdManager Cyclic Event. Time Overrun is 433634 us[EOL]
[2026-09-22T08:30:09.976661Z][APM_J.newgen-amplificationplatemagazine][W][2330306][141]CRTCyclicEvent.cpp:TimeMissed():101|Cycle miss in event CCSICombinedRepManager. Time Overrun is 433634 us[EOL]
[2026-09-22T08:30:10.128184Z][APM_J.barcodereader][W][2330306][134]CRTCyclicEvent.cpp:TimeMissed():101|Cycle miss in event CCSICombinedCmdManager Cyclic Event. Time Overrun is 8100 us[EOL]
[2026-09-22T08:30:10.128226Z][APM_J.barcodereader][W][2330306][134]CRTCyclicEvent.cpp:TimeMissed():101|Cycle miss in event CCSICombinedRepManager. Time Overrun is 8100 us[EOL]
[2026-09-22T08:30:10.171806Z][APM_J.barcodereader][W][2330306][134]CRTCyclicEvent.cpp:TimeMissed():101|Cycle miss in event CCSICyclicRepManager. Time Overrun is 274585 us[EOL]
[2026-09-22T08:30:10.171851Z][APM_J.newgen-amplificationplatemagazine][W][2330306][141]CRTCyclicEvent.cpp:TimeMissed():101|Cycle miss in event CCSICyclicRepManager. Time Overrun is 267700 us[EOL]
[2026-09-22T08:30:10.263356Z][APM_J.newgen-amplificationplatemagazine][W][2330306][141]CRTCyclicEvent.cpp:TimeMissed():101|Cycle miss in event CCSICombinedCmdManager Cyclic Event. Time Overrun is 391 us[EOL]
[2026-09-22T08:30:10.263402Z][APM_J.newgen-amplificationplatemagazine][W][2330306][141]CRTCyclicEvent.cpp:TimeMissed():101|Cycle miss in event CCSICombinedRepManager. Time Overrun is 391 us[EOL]
[2026-09-22T08:30:10.989157Z][APM_J.barcodereader][W][2330306][134]CRTCyclicEvent.cpp:TimeMissed():101|Cycle miss in event CCSICombinedCmdManager Cyclic Event. Time Overrun is 689077 us[EOL]
[2026-09-22T08:30:10.989176Z][APM_J.barcodereader][W][2330306][134]CRTCyclicEvent.cpp:TimeMissed():101|Cycle miss in event CCSICombinedRepManager. Time Overrun is 689077 us[EOL]
[2026-09-22T08:30:10.989293Z][APM_J.newgen-amplificationplatemagazine][W][2330306][141]CRTCyclicEvent.cpp:TimeMissed():101|Cycle miss in event CCSICombinedCmdManager Cyclic Event. Time Overrun is 606329 us[EOL]
[2026-09-22T08:30:10.989337Z][APM_J.newgen-amplificationplatemagazine][W][2330306][141]CRTCyclicEvent.cpp:TimeMissed():101|Cycle miss in event CCSICombinedRepManager. Time Overrun is 606329 us[EOL]
[2026-09-22T08:30:11.248352Z][APM_J.newgen-amplificationplatemagazine][W][2330306][141]CRTCyclicEvent.cpp:TimeMissed():101|Cycle miss in event CCSICombinedCmdManager Cyclic Event. Time Overrun is 5383 us[EOL]
[2026-09-22T08:30:11.248422Z][APM_J.newgen-amplificationplatemagazine][W][2330306][141]CRTCyclicEvent.cpp:TimeMissed():101|Cycle miss in event CCSICombinedRepManager. Time Overrun is 5383 us[EOL]
[2026-09-22T08:30:11.589468Z][APM_J.barcodereader][W][2330306][134]CRTCyclicEvent.cpp:TimeMissed():101|Cycle miss in event CCSICombinedCmdManager Cyclic Event. Time Overrun is 9383 us[EOL]
[2026-09-22T08:30:11.589573Z][APM_J.barcodereader][W][2330306][134]CRTCyclicEvent.cpp:TimeMissed():101|Cycle miss in event CCSICombinedRepManager. Time Overrun is 9383 us[EOL]
[2026-09-22T08:30:11.588346Z][APM_J.newgen-amplificationplatemagazine][W][2330306][141]CRTCyclicEvent.cpp:TimeMissed():101|Cycle miss in event CCSICombinedCmdManager Cyclic Event. Time Overrun is 25383 us[EOL]
[2026-09-22T08:30:11.588405Z][APM_J.newgen-amplificationplatemagazine][W][2330306][141]CRTCyclicEvent.cpp:TimeMissed():101|Cycle miss in event CCSICombinedRepManager. Time Overrun is 25383 us[EOL]
[2026-09-22T08:30:11.703448Z][APM_J.newgen-amplificationplatemagazine][W][2330306][141]CRTCyclicEvent.cpp:TimeMissed():101|Cycle miss in event CCSICombinedCmdManager Cyclic Event. Time Overrun is 477 us[EOL]
[2026-09-22T08:30:11.703529Z][APM_J.newgen-amplificationplatemagazine][W][2330306][141]CRTCyclicEvent.cpp:TimeMissed():101|Cycle miss in event CCSICombinedRepManager. Time Overrun is 477 us[EOL]
[2026-09-22T08:30:11.880821Z][APM_J.barcodereader][W][2330306][134]CRTCyclicEvent.cpp:TimeMissed():101|Cycle miss in event CCSICombinedCmdManager Cyclic Event. Time Overrun is 737 us[EOL]
[2026-09-22T08:30:11.880854Z][APM_J.barcodereader][W][2330306][134]CRTCyclicEvent.cpp:TimeMissed():101|Cycle miss in event CCSICombinedRepManager. Time Overrun is 737 us[EOL]
[2026-09-22T08:30:11.944378Z][APM_J.newgen-amplificationplatemagazine][W][2330306][141]CRTCyclicEvent.cpp:TimeMissed():101|Cycle miss in event CCSICombinedCmdManager Cyclic Event. Time Overrun is 1418 us[EOL]
[2026-09-22T08:30:11.944415Z][APM_J.newgen-amplificationplatemagazine][W][2330306][141]CRTCyclicEvent.cpp:TimeMissed():101|Cycle miss in event CCSICombinedRepManager. Time Overrun is 1418 us[EOL]
[2026-09-22T08:30:12.633297Z][APM_J.newgen-amplificationplatemagazine][W][2330306][141]CRTCyclicEvent.cpp:TimeMissed():101|Cycle miss in event CCSICombinedCmdManager Cyclic Event. Time Overrun is 335 us[EOL]
[2026-09-22T08:30:12.633344Z][APM_J.newgen-amplificationplatemagazine][W][2330306][141]CRTCyclicEvent.cpp:TimeMissed():101|Cycle miss in event CCSICombinedRepManager. Time Overrun is 335 us[EOL]
[2026-09-22T08:30:12.808897Z][APM_J.newgen-amplificationplatemagazine][W][2330306][141]CRTCyclicEvent.cpp:TimeMissed():101|Cycle miss in event CCSICyclicRepManager. Time Overrun is 304746 us[EOL]
[2026-09-22T08:30:12.860610Z][APM_J.barcodereader][W][2330306][134]CRTCyclicEvent.cpp:TimeMissed():101|Cycle miss in event CCSICombinedCmdManager Cyclic Event. Time Overrun is 524 us[EOL]
[2026-09-22T08:30:12.860647Z][APM_J.barcodereader][W][2330306][134]CRTCyclicEvent.cpp:TimeMissed():101|Cycle miss in event CCSICombinedRepManager. Time Overrun is 524 us[EOL]
[2026-09-22T08:30:12.991448Z][APM_J.barcodereader][W][2330306][134]CRTCyclicEvent.cpp:TimeMissed():101|Cycle miss in event CCSICombinedCmdManager Cyclic Event. Time Overrun is 1360 us[EOL]
[2026-09-22T08:30:12.991512Z][APM_J.barcodereader][W][2330306][134]CRTCyclicEvent.cpp:TimeMissed():101|Cycle miss in event CCSICombinedRepManager. Time Overrun is 1360 us[EOL]
[2026-09-22T08:30:13.270240Z][APM_J.barcodereader][W][2330306][134]CRTCyclicEvent.cpp:TimeMissed():101|Cycle miss in event CCSICombinedCmdManager Cyclic Event. Time Overrun is 157 us[EOL]
[2026-09-22T08:30:13.270283Z][APM_J.barcodereader][W][2330306][134]CRTCyclicEvent.cpp:TimeMissed():101|Cycle miss in event CCSICombinedRepManager. Time Overrun is 157 us[EOL]
[2026-09-22T08:30:13.296048Z][APM_J.newgen-amplificationplatemagazine][W][2330306][141]CRTCyclicEvent.cpp:TimeMissed():101|Cycle miss in event CCSICombinedCmdManager Cyclic Event. Time Overrun is 383087 us[EOL]
[2026-09-22T08:30:13.296086Z][APM_J.newgen-amplificationplatemagazine][W][2330306][141]CRTCyclicEvent.cpp:TimeMissed():101|Cycle miss in event CCSICombinedRepManager. Time Overrun is 383087 us[EOL]
[2026-09-22T08:30:13.501768Z][APM_J.newgen-amplificationplatemagazine][W][2330306][141]CRTCyclicEvent.cpp:TimeMissed():101|Cycle miss in event CCSICombinedCmdManager Cyclic Event. Time Overrun is 8800 us[EOL]
[2026-09-22T08:30:13.501808Z][APM_J.newgen-amplificationplatemagazine][W][2330306][141]CRTCyclicEvent.cpp:TimeMissed():101|Cycle miss in event CCSICombinedRepManager. Time Overrun is 8800 us[EOL]
[2026-09-22T08:30:13.782363Z][APM_J.barcodereader][W][2330306][134]CRTCyclicEvent.cpp:TimeMissed():101|Cycle miss in event CCSICombinedCmdManager Cyclic Event. Time Overrun is 2231 us[EOL]
[2026-09-22T08:30:13.782438Z][APM_J.barcodereader][W][2330306][134]CRTCyclicEvent.cpp:TimeMissed():101|Cycle miss in event CCSICombinedRepManager. Time Overrun is 2231 us[EOL]
[2026-09-22T08:30:13.912067Z][APM_J.barcodereader][W][2330306][134]CRTCyclicEvent.cpp:TimeMissed():101|Cycle miss in event CCSICombinedCmdManager Cyclic Event. Time Overrun is 1978 us[EOL]
[2026-09-22T08:30:13.912196Z][APM_J.barcodereader][W][2330306][134]CRTCyclicEvent.cpp:TimeMissed():101|Cycle miss in event CCSICombinedRepManager. Time Overrun is 1978 us[EOL]
[2026-09-22T08:30:14.043468Z][APM_J.barcodereader][W][2330306][134]CRTCyclicEvent.cpp:TimeMissed():101|Cycle miss in event CCSICombinedCmdManager Cyclic Event. Time Overrun is 3355 us[EOL]
[2026-09-22T08:30:14.043553Z][APM_J.barcodereader][W][2330306][134]CRTCyclicEvent.cpp:TimeMissed():101|Cycle miss in event CCSICombinedRepManager. Time Overrun is 3355 us[EOL]
[2026-09-22T08:30:14.293810Z][APM_J.newgen-amplificationplatemagazine][W][2330306][141]CRTCyclicEvent.cpp:TimeMissed():101|Cycle miss in event CCSICombinedCmdManager Cyclic Event. Time Overrun is 841 us[EOL]
[2026-09-22T08:30:14.293850Z][APM_J.newgen-amplificationplatemagazine][W][2330306][141]CRTCyclicEvent.cpp:TimeMissed():101|Cycle miss in event CCSICombinedRepManager. Time Overrun is 841 us[EOL]
[2026-09-22T08:30:14.553785Z][APM_J.newgen-amplificationplatemagazine][W][2330306][141]CRTCyclicEvent.cpp:TimeMissed():101|Cycle miss in event CCSICombinedCmdManager Cyclic Event. Time Overrun is 797 us[EOL]
[2026-09-22T08:30:14.553928Z][APM_J.newgen-amplificationplatemagazine][W][2330306][141]CRTCyclicEvent.cpp:TimeMissed():101|Cycle miss in event CCSICombinedRepManager. Time Overrun is 797 us[EOL]
[2026-09-22T08:30:14.823176Z][APM_J.newgen-amplificationplatemagazine][W][2330306][141]CRTCyclicEvent.cpp:TimeMissed():101|Cycle miss in event CCSICombinedCmdManager Cyclic Event. Time Overrun is 211 us[EOL]
[2026-09-22T08:30:14.823222Z][APM_J.newgen-amplificationplatemagazine][W][2330306][141]CRTCyclicEvent.cpp:TimeMissed():101|Cycle miss in event CCSICombinedRepManager. Time Overrun is 211 us[EOL]
[2026-09-22T08:30:15.008010Z][APM_J.barcodereader][W][2330306][134]CRTCyclicEvent.cpp:TimeMissed():101|Cycle miss in event CCSICombinedCmdManager Cyclic Event. Time Overrun is 847930 us[EOL]
[2026-09-22T08:30:15.008034Z][APM_J.barcodereader][W][2330306][134]CRTCyclicEvent.cpp:TimeMissed():101|Cycle miss in event CCSICombinedRepManager. Time Overrun is 847930 us[EOL]
[2026-09-22T08:30:15.179075Z][APM_J.newgen-amplificationplatemagazine][W][2330306][141]CRTCyclicEvent.cpp:TimeMissed():101|Cycle miss in event CCSICombinedCmdManager Cyclic Event. Time Overrun is 6111 us[EOL]
[2026-09-22T08:30:15.179116Z][APM_J.newgen-amplificationplatemagazine][W][2330306][141]CRTCyclicEvent.cpp:TimeMissed():101|Cycle miss in event CCSICombinedRepManager. Time Overrun is 6111 us[EOL]
[2026-09-22T08:30:15.281729Z][APM_J.barcodereader][W][2330306][134]CRTCyclicEvent.cpp:TimeMissed():101|Cycle miss in event CCSICombinedCmdManager Cyclic Event. Time Overrun is 1637 us[EOL]
[2026-09-22T08:30:15.281776Z][APM_J.barcodereader][W][2330306][134]CRTCyclicEvent.cpp:TimeMissed():101|Cycle miss in event CCSICombinedRepManager. Time Overrun is 1637 us[EOL]
[2026-09-22T08:30:16.751231Z][APM_J.newgen-amplificationplatemagazine][W][2330306][141]CRTCyclicEvent.cpp:TimeMissed():101|Cycle miss in event CCSICombinedCmdManager Cyclic Event. Time Overrun is 408270 us[EOL]
[2026-09-22T08:30:16.751286Z][APM_J.newgen-amplificationplatemagazine][W][2330306][141]CRTCyclicEvent.cpp:TimeMissed():101|Cycle miss in event CCSICombinedRepManager. Time Overrun is 408270 us[EOL]
[2026-09-22T08:30:19.036997Z][APM_J.newgen-amplificationplatemagazine][W][2330306][141]CRTCyclicEvent.cpp:TimeMissed():101|Cycle miss in event CCSICombinedCmdManager Cyclic Event. Time Overrun is 4027 us[EOL]
[2026-09-22T08:30:19.037047Z][APM_J.newgen-amplificationplatemagazine][W][2330306][141]CRTCyclicEvent.cpp:TimeMissed():101|Cycle miss in event CCSICombinedRepManager. Time Overrun is 4027 us[EOL]
[2026-09-22T08:30:19.370528Z][APM_J.barcodereader][W][2330306][134]CRTCyclicEvent.cpp:TimeMissed():101|Cycle miss in event CCSICombinedCmdManager Cyclic Event. Time Overrun is 442 us[EOL]
[2026-09-22T08:30:19.370568Z][APM_J.barcodereader][W][2330306][134]CRTCyclicEvent.cpp:TimeMissed():101|Cycle miss in event CCSICombinedRepManager. Time Overrun is 442 us[EOL]
[2026-09-22T08:30:19.836191Z][APM_J.newgen-amplificationplatemagazine][W][2330306][141]CRTCyclicEvent.cpp:TimeMissed():101|Cycle miss in event CCSICombinedCmdManager Cyclic Event. Time Overrun is 3228 us[EOL]
[2026-09-22T08:30:19.836222Z][APM_J.newgen-amplificationplatemagazine][W][2330306][141]CRTCyclicEvent.cpp:TimeMissed():101|Cycle miss in event CCSICombinedRepManager. Time Overrun is 3228 us[EOL]
[2026-09-22T08:30:20.189300Z][APM_J.barcodereader][W][2330306][134]CRTCyclicEvent.cpp:TimeMissed():101|Cycle miss in event CCSICombinedCmdManager Cyclic Event. Time Overrun is 89217 us[EOL]
[2026-09-22T08:30:20.189339Z][APM_J.barcodereader][W][2330306][134]CRTCyclicEvent.cpp:TimeMissed():101|Cycle miss in event CCSICombinedRepManager. Time Overrun is 89217 us[EOL]
[2026-09-22T08:30:21.093510Z][APM_J.barcodereader][W][2330306][134]CRTCyclicEvent.cpp:TimeMissed():101|Cycle miss in event CCSICombinedCmdManager Cyclic Event. Time Overrun is 3427 us[EOL]
[2026-09-22T08:30:21.093540Z][APM_J.barcodereader][W][2330306][134]CRTCyclicEvent.cpp:TimeMissed():101|Cycle miss in event CCSICombinedRepManager. Time Overrun is 3427 us[EOL]
[2026-09-22T08:30:21.093230Z][APM_J.newgen-amplificationplatemagazine][W][2330306][141]CRTCyclicEvent.cpp:TimeMissed():101|Cycle miss in event CCSICombinedCmdManager Cyclic Event. Time Overrun is 10267 us[EOL]
[2026-09-22T08:30:21.093258Z][APM_J.newgen-amplificationplatemagazine][W][2330306][141]CRTCyclicEvent.cpp:TimeMissed():101|Cycle miss in event CCSICombinedRepManager. Time Overrun is 10267 us[EOL]
[2026-09-22T08:30:22.374206Z][APM_J.barcodereader][W][2330306][134]CRTCyclicEvent.cpp:TimeMissed():101|Cycle miss in event CCSICombinedCmdManager Cyclic Event. Time Overrun is 4119 us[EOL]
[2026-09-22T08:30:22.374568Z][APM_J.barcodereader][W][2330306][134]CRTCyclicEvent.cpp:TimeMissed():101|Cycle miss in event CCSICombinedRepManager. Time Overrun is 4119 us[EOL]
[2026-09-22T08:30:22.636551Z][APM_J.newgen-amplificationplatemagazine][W][2330306][141]CRTCyclicEvent.cpp:TimeMissed():101|Cycle miss in event CCSICombinedCmdManager Cyclic Event. Time Overrun is 3577 us[EOL]
[2026-09-22T08:30:22.636661Z][APM_J.newgen-amplificationplatemagazine][W][2330306][141]CRTCyclicEvent.cpp:TimeMissed():101|Cycle miss in event CCSICombinedRepManager. Time Overrun is 3577 us[EOL]
[2026-09-22T08:30:23.043207Z][APM_J.newgen-amplificationplatemagazine][W][2330306][141]CRTCyclicEvent.cpp:TimeMissed():101|Cycle miss in event CCSICombinedCmdManager Cyclic Event. Time Overrun is 243 us[EOL]
[2026-09-22T08:30:23.043248Z][APM_J.newgen-amplificationplatemagazine][W][2330306][141]CRTCyclicEvent.cpp:TimeMissed():101|Cycle miss in event CCSICombinedRepManager. Time Overrun is 243 us[EOL]
[2026-09-22T08:30:23.905353Z][APM_J.newgen-amplificationplatemagazine][W][2330306][141]CRTCyclicEvent.cpp:TimeMissed():101|Cycle miss in event CCSICombinedCmdManager Cyclic Event. Time Overrun is 2388 us[EOL]
[2026-09-22T08:30:23.905398Z][APM_J.newgen-amplificationplatemagazine][W][2330306][141]CRTCyclicEvent.cpp:TimeMissed():101|Cycle miss in event CCSICombinedRepManager. Time Overrun is 2388 us[EOL]
[2026-09-22T08:30:24.054200Z][APM_J.newgen-amplificationplatemagazine][W][2330306][141]CRTCyclicEvent.cpp:TimeMissed():101|Cycle miss in event CCSICombinedCmdManager Cyclic Event. Time Overrun is 1238 us[EOL]
[2026-09-22T08:30:24.054247Z][APM_J.newgen-amplificationplatemagazine][W][2330306][141]CRTCyclicEvent.cpp:TimeMissed():101|Cycle miss in event CCSICombinedRepManager. Time Overrun is 1238 us[EOL]
[2026-09-22T08:30:24.123538Z][APM_J.barcodereader][W][2330306][134]CRTCyclicEvent.cpp:TimeMissed():101|Cycle miss in event CCSICombinedCmdManager Cyclic Event. Time Overrun is 3450 us[EOL]
[2026-09-22T08:30:24.123627Z][APM_J.barcodereader][W][2330306][134]CRTCyclicEvent.cpp:TimeMissed():101|Cycle miss in event CCSICombinedRepManager. Time Overrun is 3450 us[EOL]
[2026-09-22T08:30:24.313752Z][APM_J.barcodereader][W][2330306][134]CRTCyclicEvent.cpp:TimeMissed():101|Cycle miss in event CCSICombinedCmdManager Cyclic Event. Time Overrun is 3657 us[EOL]
[2026-09-22T08:30:24.313809Z][APM_J.barcodereader][W][2330306][134]CRTCyclicEvent.cpp:TimeMissed():101|Cycle miss in event CCSICombinedRepManager. Time Overrun is 3657 us[EOL]
[2026-09-22T08:30:24.447501Z][APM_J.barcodereader][W][2330306][134]CRTCyclicEvent.cpp:TimeMissed():101|Cycle miss in event CCSICombinedCmdManager Cyclic Event. Time Overrun is 7418 us[EOL]
[2026-09-22T08:30:24.447538Z][APM_J.barcodereader][W][2330306][134]CRTCyclicEvent.cpp:TimeMissed():101|Cycle miss in event CCSICombinedRepManager. Time Overrun is 7418 us[EOL]
[2026-09-22T08:30:28.452568Z][APM_J.barcodereader][W][2330306][134]CRTCyclicEvent.cpp:TimeMissed():101|Cycle miss in event CCSICombinedCmdManager Cyclic Event. Time Overrun is 2483 us[EOL]
[2026-09-22T08:30:28.452611Z][APM_J.barcodereader][W][2330306][134]CRTCyclicEvent.cpp:TimeMissed():101|Cycle miss in event CCSICombinedRepManager. Time Overrun is 2483 us[EOL]
[2026-09-22T08:30:28.704617Z][APM_J.newgen-amplificationplatemagazine][W][2330306][141]CRTCyclicEvent.cpp:TimeMissed():101|Cycle miss in event CCSICombinedCmdManager Cyclic Event. Time Overrun is 1652 us[EOL]
[2026-09-22T08:30:28.704664Z][APM_J.newgen-amplificationplatemagazine][W][2330306][141]CRTCyclicEvent.cpp:TimeMissed():101|Cycle miss in event CCSICombinedRepManager. Time Overrun is 1652 us[EOL]
[2026-09-22T08:30:28.748284Z][APM_J.newgen-amplificationplatemagazine][I][2560016][141]IMessageHandler.h:operator()():40|Received RabbitMqMessage Roche.MolLab.InstrumentState.Ping. Content: {"Timestamp":"2026-09-22T08:30:28.7035206Z","PingId":"IS1"}[EOL]
[2026-09-22T08:30:28.748434Z][APM_J.newgen-amplificationplatemagazine][I][844444436][141]UnitCommunicator.cpp:SendEvent():424|Publishing event: type=Roche.c68_8800.AmplificationPlateMagazine.J.Echo correlation_id=(n/a)[EOL]
[2026-09-22T08:30:28.748495Z][APM_J.newgen-amplificationplatemagazine][I][2560017][141]MessageSender.h:SendEvent():105|Sent RabbitMqEvent Roche.c68_8800.AmplificationPlateMagazine.J.Echo. Content: {"Timestamp":"2026-09-22T08:30:28.748333Z","MagazineId":"J","PingId":"IS1"}[EOL]
[2026-09-22T08:30:28.893575Z][APM_J.newgen-amplificationplatemagazine][W][2330306][141]CRTCyclicEvent.cpp:TimeMissed():101|Cycle miss in event CCSICombinedCmdManager Cyclic Event. Time Overrun is 599 us[EOL]
[2026-09-22T08:30:28.893623Z][APM_J.newgen-amplificationplatemagazine][W][2330306][141]CRTCyclicEvent.cpp:TimeMissed():101|Cycle miss in event CCSICombinedRepManager. Time Overrun is 599 us[EOL]
[2026-09-22T08:30:29.094757Z][APM_J.barcodereader][W][2330306][134]CRTCyclicEvent.cpp:TimeMissed():101|Cycle miss in event CCSICombinedCmdManager Cyclic Event. Time Overrun is 4671 us[EOL]
[2026-09-22T08:30:29.094794Z][APM_J.barcodereader][W][2330306][134]CRTCyclicEvent.cpp:TimeMissed():101|Cycle miss in event CCSICombinedRepManager. Time Overrun is 4671 us[EOL]
[2026-09-22T08:30:29.515416Z][APM_J.barcodereader][W][2330306][134]CRTCyclicEvent.cpp:TimeMissed():101|Cycle miss in event CCSICyclicRepManager. Time Overrun is 18194 us[EOL]
[2026-09-22T08:30:29.746969Z][APM_J.newgen-amplificationplatemagazine][W][2330306][141]CRTCyclicEvent.cpp:TimeMissed():101|Cycle miss in event CCSICombinedCmdManager Cyclic Event. Time Overrun is 34006 us[EOL]
[2026-09-22T08:30:29.747028Z][APM_J.newgen-amplificationplatemagazine][W][2330306][141]CRTCyclicEvent.cpp:TimeMissed():101|Cycle miss in event CCSICombinedRepManager. Time Overrun is 34006 us[EOL]
[2026-09-22T08:30:29.747237Z][APM_J.barcodereader][W][2330306][134]CRTCyclicEvent.cpp:TimeMissed():101|Cycle miss in event CCSICombinedCmdManager Cyclic Event. Time Overrun is 27151 us[EOL]
[2026-09-22T08:30:29.747280Z][APM_J.barcodereader][W][2330306][134]CRTCyclicEvent.cpp:TimeMissed():101|Cycle miss in event CCSICombinedRepManager. Time Overrun is 27151 us[EOL]
[2026-09-22T08:30:29.892096Z][APM_J.barcodereader][W][2330306][134]CRTCyclicEvent.cpp:TimeMissed():101|Cycle miss in event CCSICombinedCmdManager Cyclic Event. Time Overrun is 32009 us[EOL]
[2026-09-22T08:30:29.892143Z][APM_J.barcodereader][W][2330306][134]CRTCyclicEvent.cpp:TimeMissed():101|Cycle miss in event CCSICombinedRepManager. Time Overrun is 32009 us[EOL]
[2026-09-22T08:30:29.892502Z][APM_J.newgen-amplificationplatemagazine][W][2330306][141]CRTCyclicEvent.cpp:TimeMissed():101|Cycle miss in event CCSICombinedCmdManager Cyclic Event. Time Overrun is 29538 us[EOL]
[2026-09-22T08:30:29.892552Z][APM_J.newgen-amplificationplatemagazine][W][2330306][141]CRTCyclicEvent.cpp:TimeMissed():101|Cycle miss in event CCSICombinedRepManager. Time Overrun is 29538 us[EOL]
[2026-09-22T08:30:30.039877Z][APM_J.newgen-amplificationplatemagazine][W][2330306][141]CRTCyclicEvent.cpp:TimeMissed():101|Cycle miss in event CCSICombinedCmdManager Cyclic Event. Time Overrun is 36914 us[EOL]
[2026-09-22T08:30:30.039921Z][APM_J.newgen-amplificationplatemagazine][W][2330306][141]CRTCyclicEvent.cpp:TimeMissed():101|Cycle miss in event CCSICombinedRepManager. Time Overrun is 36914 us[EOL]
[2026-09-22T08:30:30.040230Z][APM_J.barcodereader][W][2330306][134]CRTCyclicEvent.cpp:TimeMissed():101|Cycle miss in event CCSICombinedCmdManager Cyclic Event. Time Overrun is 30144 us[EOL]
[2026-09-22T08:30:30.040292Z][APM_J.barcodereader][W][2330306][134]CRTCyclicEvent.cpp:TimeMissed():101|Cycle miss in event CCSICombinedRepManager. Time Overrun is 30144 us[EOL]
[2026-09-22T08:30:30.230256Z][APM_J.barcodereader][W][2330306][134]CRTCyclicEvent.cpp:TimeMissed():101|Cycle miss in event CCSICombinedCmdManager Cyclic Event. Time Overrun is 70170 us[EOL]
[2026-09-22T08:30:30.230287Z][APM_J.barcodereader][W][2330306][134]CRTCyclicEvent.cpp:TimeMissed():101|Cycle miss in event CCSICombinedRepManager. Time Overrun is 70170 us[EOL]
[2026-09-22T08:30:30.420538Z][APM_J.barcodereader][W][2330306][134]CRTCyclicEvent.cpp:TimeMissed():101|Cycle miss in event CCSICombinedCmdManager Cyclic Event. Time Overrun is 70453 us[EOL]
[2026-09-22T08:30:30.420577Z][APM_J.barcodereader][W][2330306][134]CRTCyclicEvent.cpp:TimeMissed():101|Cycle miss in event CCSICombinedRepManager. Time Overrun is 70453 us[EOL]
[2026-09-22T08:30:30.230512Z][APM_J.newgen-amplificationplatemagazine][W][2330306][141]CRTCyclicEvent.cpp:TimeMissed():101|Cycle miss in event CCSICombinedCmdManager Cyclic Event. Time Overrun is 67548 us[EOL]
[2026-09-22T08:30:30.230561Z][APM_J.newgen-amplificationplatemagazine][W][2330306][141]CRTCyclicEvent.cpp:TimeMissed():101|Cycle miss in event CCSICombinedRepManager. Time Overrun is 67548 us[EOL]
[2026-09-22T08:30:30.420584Z][APM_J.newgen-amplificationplatemagazine][W][2330306][141]CRTCyclicEvent.cpp:TimeMissed():101|Cycle miss in event CCSICombinedCmdManager Cyclic Event. Time Overrun is 77620 us[EOL]
[2026-09-22T08:30:30.420622Z][APM_J.newgen-amplificationplatemagazine][W][2330306][141]CRTCyclicEvent.cpp:TimeMissed():101|Cycle miss in event CCSICombinedRepManager. Time Overrun is 77620 us[EOL]
[2026-09-22T08:30:30.611186Z][APM_J.barcodereader][W][2330306][134]CRTCyclicEvent.cpp:TimeMissed():101|Cycle miss in event CCSICombinedCmdManager Cyclic Event. Time Overrun is 71100 us[EOL]
[2026-09-22T08:30:30.611313Z][APM_J.barcodereader][W][2330306][134]CRTCyclicEvent.cpp:TimeMissed():101|Cycle miss in event CCSICombinedRepManager. Time Overrun is 71100 us[EOL]
[2026-09-22T08:30:30.612373Z][APM_J.newgen-amplificationplatemagazine][W][2330306][141]CRTCyclicEvent.cpp:TimeMissed():101|Cycle miss in event CCSICombinedCmdManager Cyclic Event. Time Overrun is 69412 us[EOL]
[2026-09-22T08:30:30.612410Z][APM_J.newgen-amplificationplatemagazine][W][2330306][141]CRTCyclicEvent.cpp:TimeMissed():101|Cycle miss in event CCSICombinedRepManager. Time Overrun is 69412 us[EOL]
[2026-09-22T08:30:30.731936Z][APM_J.barcodereader][W][2330306][134]CRTCyclicEvent.cpp:TimeMissed():101|Cycle miss in event CCSICombinedCmdManager Cyclic Event. Time Overrun is 1853 us[EOL]
[2026-09-22T08:30:30.732514Z][APM_J.newgen-amplificationplatemagazine][W][2330306][141]CRTCyclicEvent.cpp:TimeMissed():101|Cycle miss in event CCSICombinedCmdManager Cyclic Event. Time Overrun is 9553 us[EOL]
[2026-09-22T08:30:30.731968Z][APM_J.barcodereader][W][2330306][134]CRTCyclicEvent.cpp:TimeMissed():101|Cycle miss in event CCSICombinedRepManager. Time Overrun is 1853 us[EOL]
[2026-09-22T08:30:30.732544Z][APM_J.newgen-amplificationplatemagazine][W][2330306][141]CRTCyclicEvent.cpp:TimeMissed():101|Cycle miss in event CCSICombinedRepManager. Time Overrun is 9553 us[EOL]
[2026-09-22T08:30:30.921204Z][APM_J.barcodereader][W][2330306][134]CRTCyclicEvent.cpp:TimeMissed():101|Cycle miss in event CCSICombinedCmdManager Cyclic Event. Time Overrun is 61119 us[EOL]
[2026-09-22T08:30:30.920844Z][APM_J.newgen-amplificationplatemagazine][W][2330306][141]CRTCyclicEvent.cpp:TimeMissed():101|Cycle miss in event CCSICombinedCmdManager Cyclic Event. Time Overrun is 67881 us[EOL]
[2026-09-22T08:30:30.921237Z][APM_J.barcodereader][W][2330306][134]CRTCyclicEvent.cpp:TimeMissed():101|Cycle miss in event CCSICombinedRepManager. Time Overrun is 61119 us[EOL]
[2026-09-22T08:30:30.920885Z][APM_J.newgen-amplificationplatemagazine][W][2330306][141]CRTCyclicEvent.cpp:TimeMissed():101|Cycle miss in event CCSICombinedRepManager. Time Overrun is 67881 us[EOL]
[2026-09-22T08:30:31.036483Z][APM_J.newgen-amplificationplatemagazine][W][2330306][141]CRTCyclicEvent.cpp:TimeMissed():101|Cycle miss in event CCSICombinedCmdManager Cyclic Event. Time Overrun is 3519 us[EOL]
[2026-09-22T08:30:31.036534Z][APM_J.newgen-amplificationplatemagazine][W][2330306][141]CRTCyclicEvent.cpp:TimeMissed():101|Cycle miss in event CCSICombinedRepManager. Time Overrun is 3519 us[EOL]
[2026-09-22T08:30:31.134515Z][APM_J.barcodereader][W][2330306][134]CRTCyclicEvent.cpp:TimeMissed():101|Cycle miss in event CCSICombinedCmdManager Cyclic Event. Time Overrun is 74433 us[EOL]
[2026-09-22T08:30:31.134557Z][APM_J.barcodereader][W][2330306][134]CRTCyclicEvent.cpp:TimeMissed():101|Cycle miss in event CCSICombinedRepManager. Time Overrun is 74433 us[EOL]
[2026-09-22T08:30:31.243667Z][APM_J.newgen-amplificationplatemagazine][W][2330306][141]CRTCyclicEvent.cpp:TimeMissed():101|Cycle miss in event CCSICombinedCmdManager Cyclic Event. Time Overrun is 90704 us[EOL]
[2026-09-22T08:30:31.243721Z][APM_J.newgen-amplificationplatemagazine][W][2330306][141]CRTCyclicEvent.cpp:TimeMissed():101|Cycle miss in event CCSICombinedRepManager. Time Overrun is 90704 us[EOL]
[2026-09-22T08:30:31.338170Z][APM_J.barcodereader][W][2330306][134]CRTCyclicEvent.cpp:TimeMissed():101|Cycle miss in event CCSICombinedCmdManager Cyclic Event. Time Overrun is 68060 us[EOL]
[2026-09-22T08:30:31.338218Z][APM_J.barcodereader][W][2330306][134]CRTCyclicEvent.cpp:TimeMissed():101|Cycle miss in event CCSICombinedRepManager. Time Overrun is 68060 us[EOL]
[2026-09-22T08:30:31.441313Z][APM_J.newgen-amplificationplatemagazine][W][2330306][141]CRTCyclicEvent.cpp:TimeMissed():101|Cycle miss in event CCSICombinedCmdManager Cyclic Event. Time Overrun is 68349 us[EOL]
[2026-09-22T08:30:31.441545Z][APM_J.newgen-amplificationplatemagazine][W][2330306][141]CRTCyclicEvent.cpp:TimeMissed():101|Cycle miss in event CCSICombinedRepManager. Time Overrun is 68349 us[EOL]
[2026-09-22T08:30:31.571445Z][APM_J.newgen-amplificationplatemagazine][W][2330306][141]CRTCyclicEvent.cpp:TimeMissed():101|Cycle miss in event CCSICombinedCmdManager Cyclic Event. Time Overrun is 18482 us[EOL]
[2026-09-22T08:30:31.571489Z][APM_J.newgen-amplificationplatemagazine][W][2330306][141]CRTCyclicEvent.cpp:TimeMissed():101|Cycle miss in event CCSICombinedRepManager. Time Overrun is 18482 us[EOL]
[2026-09-22T08:30:31.571650Z][APM_J.barcodereader][W][2330306][134]CRTCyclicEvent.cpp:TimeMissed():101|Cycle miss in event CCSICombinedCmdManager Cyclic Event. Time Overrun is 101565 us[EOL]
[2026-09-22T08:30:31.571707Z][APM_J.barcodereader][W][2330306][134]CRTCyclicEvent.cpp:TimeMissed():101|Cycle miss in event CCSICombinedRepManager. Time Overrun is 101565 us[EOL]
[2026-09-22T08:30:31.683490Z][APM_J.newgen-amplificationplatemagazine][W][2330306][141]CRTCyclicEvent.cpp:TimeMissed():101|Cycle miss in event CCSICombinedCmdManager Cyclic Event. Time Overrun is 525 us[EOL]
[2026-09-22T08:30:31.683547Z][APM_J.newgen-amplificationplatemagazine][W][2330306][141]CRTCyclicEvent.cpp:TimeMissed():101|Cycle miss in event CCSICombinedRepManager. Time Overrun is 525 us[EOL]
[2026-09-22T08:30:31.820877Z][APM_J.barcodereader][W][2330306][134]CRTCyclicEvent.cpp:TimeMissed():101|Cycle miss in event CCSICombinedCmdManager Cyclic Event. Time Overrun is 110796 us[EOL]
[2026-09-22T08:30:31.820903Z][APM_J.barcodereader][W][2330306][134]CRTCyclicEvent.cpp:TimeMissed():101|Cycle miss in event CCSICombinedRepManager. Time Overrun is 110796 us[EOL]
[2026-09-22T08:30:31.822358Z][APM_J.barcodereader][W][2330306][134]CRTCyclicEvent.cpp:TimeMissed():101|Cycle miss in event CCSICyclicRepManager. Time Overrun is 24991 us[EOL]
[2026-09-22T08:30:31.951230Z][APM_J.newgen-amplificationplatemagazine][W][2330306][141]CRTCyclicEvent.cpp:TimeMissed():101|Cycle miss in event CCSICombinedCmdManager Cyclic Event. Time Overrun is 108267 us[EOL]
[2026-09-22T08:30:31.953297Z][APM_J.barcodereader][W][2330306][134]CRTCyclicEvent.cpp:TimeMissed():101|Cycle miss in event CCSICombinedCmdManager Cyclic Event. Time Overrun is 13206 us[EOL]
[2026-09-22T08:30:31.953360Z][APM_J.barcodereader][W][2330306][134]CRTCyclicEvent.cpp:TimeMissed():101|Cycle miss in event CCSICombinedRepManager. Time Overrun is 13206 us[EOL]
[2026-09-22T08:30:32.078811Z][APM_J.barcodereader][W][2330306][134]CRTCyclicEvent.cpp:TimeMissed():101|Cycle miss in event CCSICombinedCmdManager Cyclic Event. Time Overrun is 8709 us[EOL]
[2026-09-22T08:30:32.078854Z][APM_J.barcodereader][W][2330306][134]CRTCyclicEvent.cpp:TimeMissed():101|Cycle miss in event CCSICombinedRepManager. Time Overrun is 8709 us[EOL]
[2026-09-22T08:30:31.951278Z][APM_J.newgen-amplificationplatemagazine][W][2330306][141]CRTCyclicEvent.cpp:TimeMissed():101|Cycle miss in event CCSICombinedRepManager. Time Overrun is 108267 us[EOL]
[2026-09-22T08:30:32.078379Z][APM_J.newgen-amplificationplatemagazine][W][2330306][141]CRTCyclicEvent.cpp:TimeMissed():101|Cycle miss in event CCSICombinedCmdManager Cyclic Event. Time Overrun is 15419 us[EOL]
[2026-09-22T08:30:32.078404Z][APM_J.newgen-amplificationplatemagazine][W][2330306][141]CRTCyclicEvent.cpp:TimeMissed():101|Cycle miss in event CCSICombinedRepManager. Time Overrun is 15419 us[EOL]
[2026-09-22T08:30:32.217468Z][APM_J.newgen-amplificationplatemagazine][W][2330306][141]CRTCyclicEvent.cpp:TimeMissed():101|Cycle miss in event CCSICombinedCmdManager Cyclic Event. Time Overrun is 24492 us[EOL]
[2026-09-22T08:30:32.219038Z][APM_J.barcodereader][W][2330306][134]CRTCyclicEvent.cpp:TimeMissed():101|Cycle miss in event CCSICombinedCmdManager Cyclic Event. Time Overrun is 28955 us[EOL]
[2026-09-22T08:30:32.217884Z][APM_J.newgen-amplificationplatemagazine][W][2330306][141]CRTCyclicEvent.cpp:TimeMissed():101|Cycle miss in event CCSICombinedRepManager. Time Overrun is 24492 us[EOL]
[2026-09-22T08:30:32.219069Z][APM_J.barcodereader][W][2330306][134]CRTCyclicEvent.cpp:TimeMissed():101|Cycle miss in event CCSICombinedRepManager. Time Overrun is 28955 us[EOL]
[2026-09-22T08:30:32.336337Z][APM_J.newgen-amplificationplatemagazine][W][2330306][141]CRTCyclicEvent.cpp:TimeMissed():101|Cycle miss in event CCSICombinedCmdManager Cyclic Event. Time Overrun is 3375 us[EOL]
[2026-09-22T08:30:32.336383Z][APM_J.newgen-amplificationplatemagazine][W][2330306][141]CRTCyclicEvent.cpp:TimeMissed():101|Cycle miss in event CCSICombinedRepManager. Time Overrun is 3375 us[EOL]
[2026-09-22T08:30:32.430626Z][APM_J.barcodereader][W][2330306][134]CRTCyclicEvent.cpp:TimeMissed():101|Cycle miss in event CCSICombinedCmdManager Cyclic Event. Time Overrun is 544 us[EOL]
[2026-09-22T08:30:32.430657Z][APM_J.barcodereader][W][2330306][134]CRTCyclicEvent.cpp:TimeMissed():101|Cycle miss in event CCSICombinedRepManager. Time Overrun is 544 us[EOL]
[2026-09-22T08:30:33.090030Z][APM_J.barcodereader][W][2330306][134]CRTCyclicEvent.cpp:TimeMissed():101|Cycle miss in event CCSICombinedCmdManager Cyclic Event. Time Overrun is 69948 us[EOL]
[2026-09-22T08:30:33.090056Z][APM_J.barcodereader][W][2330306][134]CRTCyclicEvent.cpp:TimeMissed():101|Cycle miss in event CCSICombinedRepManager. Time Overrun is 69948 us[EOL]
[2026-09-22T08:30:33.222545Z][APM_J.newgen-amplificationplatemagazine][I][2560016][141]IMessageHandler.h:operator()():53|Received RabbitMqMessage Roche.c68_8800.InstrumentState.InstrumentStateChanged. Content: {"Timestamp":"2026-09-22T08:30:29.4305208Z","TraceContext":"00-819380aeb3d0d060e0455e221ce4a92c-894abe7a711e0278-01","OldState":"PoweredOff","NewState":"StartingUp"}[EOL]
[2026-09-22T08:30:33.222603Z][APM_J.newgen-amplificationplatemagazine][I][2560016][141]IMessageHandler.h:operator()():40|Received RabbitMqMessage Roche.c68_8800.InstrumentState.InstrumentStateChanged. Content: {"Timestamp":"2026-09-22T08:30:29.4305208Z","TraceContext":"00-819380aeb3d0d060e0455e221ce4a92c-894abe7a711e0278-01","OldState":"PoweredOff","NewState":"StartingUp"}[EOL]
[2026-09-22T08:30:33.315275Z][APM_J.newgen-amplificationplatemagazine][W][2330306][141]CRTCyclicEvent.cpp:TimeMissed():101|Cycle miss in event CCSICombinedCmdManager Cyclic Event. Time Overrun is 2313 us[EOL]
[2026-09-22T08:30:33.315310Z][APM_J.newgen-amplificationplatemagazine][W][2330306][141]CRTCyclicEvent.cpp:TimeMissed():101|Cycle miss in event CCSICombinedRepManager. Time Overrun is 2313 us[EOL]
[2026-09-22T08:30:33.501939Z][APM_J.barcodereader][W][2330306][134]CRTCyclicEvent.cpp:TimeMissed():101|Cycle miss in event CCSICombinedCmdManager Cyclic Event. Time Overrun is 1855 us[EOL]
[2026-09-22T08:30:33.501973Z][APM_J.barcodereader][W][2330306][134]CRTCyclicEvent.cpp:TimeMissed():101|Cycle miss in event CCSICombinedRepManager. Time Overrun is 1855 us[EOL]
[2026-09-22T08:30:33.909598Z][APM_J.newgen-amplificationplatemagazine][W][2330306][141]CRTCyclicEvent.cpp:TimeMissed():101|Cycle miss in event CCSICombinedCmdManager Cyclic Event. Time Overrun is 76636 us[EOL]
[2026-09-22T08:30:33.909636Z][APM_J.newgen-amplificationplatemagazine][W][2330306][141]CRTCyclicEvent.cpp:TimeMissed():101|Cycle miss in event CCSICombinedRepManager. Time Overrun is 76636 us[EOL]
[2026-09-22T08:30:33.863970Z][APM_J.barcodereader][W][2330306][134]CRTCyclicEvent.cpp:TimeMissed():101|Cycle miss in event CCSICombinedCmdManager Cyclic Event. Time Overrun is 53888 us[EOL]
[2026-09-22T08:30:33.864003Z][APM_J.barcodereader][W][2330306][134]CRTCyclicEvent.cpp:TimeMissed():101|Cycle miss in event CCSICombinedRepManager. Time Overrun is 53888 us[EOL]
[2026-09-22T08:30:34.073424Z][APM_J.newgen-amplificationplatemagazine][W][2330306][141]CRTCyclicEvent.cpp:TimeMissed():101|Cycle miss in event CCSICombinedCmdManager Cyclic Event. Time Overrun is 40464 us[EOL]
[2026-09-22T08:30:34.073465Z][APM_J.newgen-amplificationplatemagazine][W][2330306][141]CRTCyclicEvent.cpp:TimeMissed():101|Cycle miss in event CCSICombinedRepManager. Time Overrun is 40464 us[EOL]
[2026-09-22T08:30:34.116661Z][APM_J.barcodereader][W][2330306][134]CRTCyclicEvent.cpp:TimeMissed():101|Cycle miss in event CCSICombinedCmdManager Cyclic Event. Time Overrun is 16581 us[EOL]
[2026-09-22T08:30:34.116686Z][APM_J.barcodereader][W][2330306][134]CRTCyclicEvent.cpp:TimeMissed():101|Cycle miss in event CCSICombinedRepManager. Time Overrun is 16581 us[EOL]
[2026-09-22T08:30:34.213656Z][APM_J.newgen-amplificationplatemagazine][W][2330306][141]CRTCyclicEvent.cpp:TimeMissed():101|Cycle miss in event CCSICombinedCmdManager Cyclic Event. Time Overrun is 10692 us[EOL]
[2026-09-22T08:30:34.213701Z][APM_J.newgen-amplificationplatemagazine][W][2330306][141]CRTCyclicEvent.cpp:TimeMissed():101|Cycle miss in event CCSICombinedRepManager. Time Overrun is 10692 us[EOL]
[2026-09-22T08:30:34.372934Z][APM_J.barcodereader][W][2330306][134]CRTCyclicEvent.cpp:TimeMissed():101|Cycle miss in event CCSICombinedCmdManager Cyclic Event. Time Overrun is 22853 us[EOL]
[2026-09-22T08:30:34.372962Z][APM_J.barcodereader][W][2330306][134]CRTCyclicEvent.cpp:TimeMissed():101|Cycle miss in event CCSICombinedRepManager. Time Overrun is 22853 us[EOL]
[2026-09-22T08:30:34.584747Z][APM_J.newgen-amplificationplatemagazine][W][2330306][141]CRTCyclicEvent.cpp:TimeMissed():101|Cycle miss in event CCSICombinedCmdManager Cyclic Event. Time Overrun is 1786 us[EOL]
[2026-09-22T08:30:34.584780Z][APM_J.newgen-amplificationplatemagazine][W][2330306][141]CRTCyclicEvent.cpp:TimeMissed():101|Cycle miss in event CCSICombinedRepManager. Time Overrun is 1786 us[EOL]
[2026-09-22T08:30:34.702473Z][APM_J.barcodereader][W][2330306][134]CRTCyclicEvent.cpp:TimeMissed():101|Cycle miss in event CCSICombinedCmdManager Cyclic Event. Time Overrun is 2388 us[EOL]
[2026-09-22T08:30:34.702516Z][APM_J.barcodereader][W][2330306][134]CRTCyclicEvent.cpp:TimeMissed():101|Cycle miss in event CCSICombinedRepManager. Time Overrun is 2388 us[EOL]
[2026-09-22T08:30:34.734201Z][APM_J.newgen-amplificationplatemagazine][W][2330306][141]CRTCyclicEvent.cpp:TimeMissed():101|Cycle miss in event CCSICombinedCmdManager Cyclic Event. Time Overrun is 11238 us[EOL]
[2026-09-22T08:30:34.734270Z][APM_J.newgen-amplificationplatemagazine][W][2330306][141]CRTCyclicEvent.cpp:TimeMissed():101|Cycle miss in event CCSICombinedRepManager. Time Overrun is 11238 us[EOL]
[2026-09-22T08:30:34.879069Z][APM_J.barcodereader][W][2330306][134]CRTCyclicEvent.cpp:TimeMissed():101|Cycle miss in event CCSICombinedCmdManager Cyclic Event. Time Overrun is 8976 us[EOL]
[2026-09-22T08:30:34.879114Z][APM_J.barcodereader][W][2330306][134]CRTCyclicEvent.cpp:TimeMissed():101|Cycle miss in event CCSICombinedRepManager. Time Overrun is 8976 us[EOL]
[2026-09-22T08:30:35.013883Z][APM_J.barcodereader][W][2330306][134]CRTCyclicEvent.cpp:TimeMissed():101|Cycle miss in event CCSICombinedCmdManager Cyclic Event. Time Overrun is 3792 us[EOL]
[2026-09-22T08:30:35.013926Z][APM_J.barcodereader][W][2330306][134]CRTCyclicEvent.cpp:TimeMissed():101|Cycle miss in event CCSICombinedRepManager. Time Overrun is 3792 us[EOL]
[2026-09-22T08:30:35.143557Z][APM_J.newgen-amplificationplatemagazine][W][2330306][141]CRTCyclicEvent.cpp:TimeMissed():101|Cycle miss in event CCSICombinedCmdManager Cyclic Event. Time Overrun is 595 us[EOL]
[2026-09-22T08:30:35.143598Z][APM_J.newgen-amplificationplatemagazine][W][2330306][141]CRTCyclicEvent.cpp:TimeMissed():101|Cycle miss in event CCSICombinedRepManager. Time Overrun is 595 us[EOL]
[2026-09-22T08:30:35.263963Z][APM_J.newgen-amplificationplatemagazine][W][2330306][141]CRTCyclicEvent.cpp:TimeMissed():101|Cycle miss in event CCSICombinedCmdManager Cyclic Event. Time Overrun is 998 us[EOL]
[2026-09-22T08:30:35.264020Z][APM_J.newgen-amplificationplatemagazine][W][2330306][141]CRTCyclicEvent.cpp:TimeMissed():101|Cycle miss in event CCSICombinedRepManager. Time Overrun is 998 us[EOL]
[2026-09-22T08:30:35.311086Z][APM_J.barcodereader][W][2330306][134]CRTCyclicEvent.cpp:TimeMissed():101|Cycle miss in event CCSICombinedCmdManager Cyclic Event. Time Overrun is 989 us[EOL]
[2026-09-22T08:30:35.311195Z][APM_J.barcodereader][W][2330306][134]CRTCyclicEvent.cpp:TimeMissed():101|Cycle miss in event CCSICombinedRepManager. Time Overrun is 989 us[EOL]
[2026-09-22T08:30:36.061049Z][APM_J.barcodereader][W][2330306][134]CRTCyclicEvent.cpp:TimeMissed():101|Cycle miss in event CCSICombinedCmdManager Cyclic Event. Time Overrun is 969 us[EOL]
[2026-09-22T08:30:36.061075Z][APM_J.barcodereader][W][2330306][134]CRTCyclicEvent.cpp:TimeMissed():101|Cycle miss in event CCSICombinedRepManager. Time Overrun is 969 us[EOL]
[2026-09-22T08:30:36.143042Z][APM_J.newgen-amplificationplatemagazine][W][2330306][141]CRTCyclicEvent.cpp:TimeMissed():101|Cycle miss in event CCSICombinedCmdManager Cyclic Event. Time Overrun is 33 us[EOL]
[2026-09-22T08:30:36.143086Z][APM_J.newgen-amplificationplatemagazine][W][2330306][141]CRTCyclicEvent.cpp:TimeMissed():101|Cycle miss in event CCSICombinedRepManager. Time Overrun is 33 us[EOL]
[2026-09-22T08:30:37.033065Z][APM_J.newgen-amplificationplatemagazine][W][2330306][141]CRTCyclicEvent.cpp:TimeMissed():101|Cycle miss in event CCSICombinedCmdManager Cyclic Event. Time Overrun is 107 us[EOL]
[2026-09-22T08:30:37.033094Z][APM_J.newgen-amplificationplatemagazine][W][2330306][141]CRTCyclicEvent.cpp:TimeMissed():101|Cycle miss in event CCSICombinedRepManager. Time Overrun is 107 us[EOL]
[2026-09-22T08:30:37.335617Z][APM_J.newgen-amplificationplatemagazine][W][2330306][141]CRTCyclicEvent.cpp:TimeMissed():101|Cycle miss in event CCSICombinedCmdManager Cyclic Event. Time Overrun is 32651 us[EOL]
[2026-09-22T08:30:37.335688Z][APM_J.newgen-amplificationplatemagazine][W][2330306][141]CRTCyclicEvent.cpp:TimeMissed():101|Cycle miss in event CCSICombinedRepManager. Time Overrun is 32651 us[EOL]
[2026-09-22T08:30:37.426632Z][APM_J.barcodereader][W][2330306][134]CRTCyclicEvent.cpp:TimeMissed():101|Cycle miss in event CCSICombinedCmdManager Cyclic Event. Time Overrun is 16550 us[EOL]
[2026-09-22T08:30:37.426658Z][APM_J.barcodereader][W][2330306][134]CRTCyclicEvent.cpp:TimeMissed():101|Cycle miss in event CCSICombinedRepManager. Time Overrun is 16550 us[EOL]
[2026-09-22T08:30:37.651806Z][APM_J.barcodereader][W][2330306][134]CRTCyclicEvent.cpp:TimeMissed():101|Cycle miss in event CCSICombinedCmdManager Cyclic Event. Time Overrun is 11723 us[EOL]
[2026-09-22T08:30:37.651838Z][APM_J.barcodereader][W][2330306][134]CRTCyclicEvent.cpp:TimeMissed():101|Cycle miss in event CCSICombinedRepManager. Time Overrun is 11723 us[EOL]
[2026-09-22T08:30:38.063758Z][APM_J.newgen-amplificationplatemagazine][W][2330306][141]CRTCyclicEvent.cpp:TimeMissed():101|Cycle miss in event CCSICombinedCmdManager Cyclic Event. Time Overrun is 791 us[EOL]
[2026-09-22T08:30:38.061832Z][APM_J.barcodereader][W][2330306][134]CRTCyclicEvent.cpp:TimeMissed():101|Cycle miss in event CCSICombinedCmdManager Cyclic Event. Time Overrun is 1749 us[EOL]
[2026-09-22T08:30:38.061878Z][APM_J.barcodereader][W][2330306][134]CRTCyclicEvent.cpp:TimeMissed():101|Cycle miss in event CCSICombinedRepManager. Time Overrun is 1749 us[EOL]
[2026-09-22T08:30:38.063867Z][APM_J.newgen-amplificationplatemagazine][W][2330306][141]CRTCyclicEvent.cpp:TimeMissed():101|Cycle miss in event CCSICombinedRepManager. Time Overrun is 791 us[EOL]
[2026-09-22T08:30:38.713580Z][APM_J.newgen-amplificationplatemagazine][W][2330306][141]CRTCyclicEvent.cpp:TimeMissed():101|Cycle miss in event CCSICombinedCmdManager Cyclic Event. Time Overrun is 619 us[EOL]
[2026-09-22T08:30:38.713624Z][APM_J.newgen-amplificationplatemagazine][W][2330306][141]CRTCyclicEvent.cpp:TimeMissed():101|Cycle miss in event CCSICombinedRepManager. Time Overrun is 619 us[EOL]
[2026-09-22T08:30:42.985392Z][APM_J.barcodereader][N][2330477][134]CConnectionHandler.cpp:RegisterConnection():104|Socket added to epoll with identifier 0x0 (0), file descriptor 13.[EOL]
[2026-09-22T08:30:42.970391Z][APM_J.newgen-amplificationplatemagazine][I][2560016][141]IMessageHandler.h:operator()():53|Received RabbitMqMessage Roche.MolLab.PersistentMemory.MamConfigured. Content: {"Timestamp":"2026-09-22T08:30:42.954048Z","TraceContext":"00-819380aeb3d0d060e0455e221ce4a92c-9638ad2b6235bbf5-01"}[EOL]
[2026-09-22T08:30:42.981721Z][APM_J.newgen-amplificationplatemagazine][I][1009001][141]CConfigureOneMotorDeviceIntProcedure.cpp:SetParameter():147|MotionDevice 0[EOL]
[2026-09-22T08:30:42.981989Z][APM_J.newgen-amplificationplatemagazine][I][6820021][141]CASStateMachine.cpp:ReportStateChange():119|Module state has changed. New State: ModuleState_Preparing (1)[EOL]
[2026-09-22T08:30:42.982166Z][APM_J.newgen-amplificationplatemagazine][N][0][141]CExecuteConnectCommandStep.cpp:DoStep():58|Sending SS_ConnectCommand[EOL]
[2026-09-22T08:30:42.982281Z][APM_J.newgen-amplificationplatemagazine][N][2330473][141]CClientSocketChannel.cpp:Connect():196|Connecting to socket with identifier 0x114c02 (1133570).[EOL]
[2026-09-22T08:30:42.982356Z][APM_J.newgen-amplificationplatemagazine][N][2330473][141]CClientSocketChannel.cpp:Connect():207|Registering socket connection with identifier 0x114c02 (1133570), file descriptor 22.[EOL]
[2026-09-22T08:30:42.985446Z][APM_J.barcodereader][N][2330467][134]CDefaultStreamHandler.cpp:OnConnectionAccepted():405|New connection established. file descriptor 13[EOL]
[2026-09-22T08:30:42.982371Z][APM_J.newgen-amplificationplatemagazine][N][2330477][141]CConnectionHandler.cpp:RegisterConnection():104|Socket added to epoll with identifier 0x114c02 (1133570), file descriptor 22.[EOL]
[2026-09-22T08:30:42.987079Z][APM_J.barcodereader][N][2330473][134]CClientSocketChannel.cpp:Connect():196|Connecting to socket with identifier 0x114a02 (1133058).[EOL]
[2026-09-22T08:30:42.982382Z][APM_J.newgen-amplificationplatemagazine][N][2330476][141]CClientSocketChannel.cpp:InitializeConnection():401|Initialized socket buffer with identifier 0x114c02 (1133570), file descriptor 22.[EOL]
[2026-09-22T08:30:42.987195Z][APM_J.barcodereader][N][2330473][134]CClientSocketChannel.cpp:Connect():207|Registering socket connection with identifier 0x114a02 (1133058), file descriptor 14.[EOL]
[2026-09-22T08:30:42.982394Z][APM_J.newgen-amplificationplatemagazine][N][2330473][141]CClientSocketChannel.cpp:Connect():196|Connecting to socket with identifier 0x40114c02 (1074875394).[EOL]
[2026-09-22T08:30:42.987206Z][APM_J.barcodereader][N][2330477][134]CConnectionHandler.cpp:RegisterConnection():104|Socket added to epoll with identifier 0x114a02 (1133058), file descriptor 14.[EOL]
[2026-09-22T08:30:42.982411Z][APM_J.newgen-amplificationplatemagazine][N][2330473][141]CClientSocketChannel.cpp:Connect():207|Registering socket connection with identifier 0x40114c02 (1074875394), file descriptor 24.[EOL]
[2026-09-22T08:30:42.987216Z][APM_J.barcodereader][N][2330476][134]CClientSocketChannel.cpp:InitializeConnection():401|Initialized socket buffer with identifier 0x114a02 (1133058), file descriptor 14.[EOL]
[2026-09-22T08:30:42.982418Z][APM_J.newgen-amplificationplatemagazine][N][2330477][141]CConnectionHandler.cpp:RegisterConnection():104|Socket added to epoll with identifier 0x40114c02 (1074875394), file descriptor 24.[EOL]
[2026-09-22T08:30:42.982426Z][APM_J.newgen-amplificationplatemagazine][N][2330476][141]CClientSocketChannel.cpp:InitializeConnection():401|Initialized socket buffer with identifier 0x40114c02 (1074875394), file descriptor 24.[EOL]
[2026-09-22T08:30:42.982432Z][APM_J.newgen-amplificationplatemagazine][N][2330473][141]CClientSocketChannel.cpp:Connect():196|Connecting to socket with identifier 0x80114c02 (2148617218).[EOL]
[2026-09-22T08:30:42.987242Z][APM_J.barcodereader][N][2330473][134]CClientSocketChannel.cpp:Connect():196|Connecting to socket with identifier 0x40114a02 (1074874882).[EOL]
[2026-09-22T08:30:42.982446Z][APM_J.newgen-amplificationplatemagazine][N][2330473][141]CClientSocketChannel.cpp:Connect():207|Registering socket connection with identifier 0x80114c02 (2148617218), file descriptor 25.[EOL]
[2026-09-22T08:30:42.987281Z][APM_J.barcodereader][N][2330473][134]CClientSocketChannel.cpp:Connect():207|Registering socket connection with identifier 0x40114a02 (1074874882), file descriptor 15.[EOL]
[2026-09-22T08:30:42.982453Z][APM_J.newgen-amplificationplatemagazine][N][2330477][141]CConnectionHandler.cpp:RegisterConnection():104|Socket added to epoll with identifier 0x80114c02 (2148617218), file descriptor 25.[EOL]
[2026-09-22T08:30:42.987291Z][APM_J.barcodereader][N][2330477][134]CConnectionHandler.cpp:RegisterConnection():104|Socket added to epoll with identifier 0x40114a02 (1074874882), file descriptor 15.[EOL]
[2026-09-22T08:30:42.982460Z][APM_J.newgen-amplificationplatemagazine][N][2330476][141]CClientSocketChannel.cpp:InitializeConnection():401|Initialized socket buffer with identifier 0x80114c02 (2148617218), file descriptor 25.[EOL]
[2026-09-22T08:30:42.987299Z][APM_J.barcodereader][N][2330476][134]CClientSocketChannel.cpp:InitializeConnection():401|Initialized socket buffer with identifier 0x40114a02 (1074874882), file descriptor 15.[EOL]
[2026-09-22T08:30:42.982476Z][APM_J.newgen-amplificationplatemagazine][N][2330473][141]CClientSocketChannel.cpp:Connect():196|Connecting to socket with identifier 0xcf (207).[EOL]
[2026-09-22T08:30:42.987304Z][APM_J.barcodereader][N][2330473][134]CClientSocketChannel.cpp:Connect():196|Connecting to socket with identifier 0x80114a02 (2148616706).[EOL]
[2026-09-22T08:30:42.987317Z][APM_J.barcodereader][N][2330473][134]CClientSocketChannel.cpp:Connect():207|Registering socket connection with identifier 0x80114a02 (2148616706), file descriptor 16.[EOL]
[2026-09-22T08:30:42.982529Z][APM_J.newgen-amplificationplatemagazine][N][2330473][141]CClientSocketChannel.cpp:Connect():207|Registering socket connection with identifier 0xcf (207), file descriptor 26.[EOL]
[2026-09-22T08:30:42.987325Z][APM_J.barcodereader][N][2330477][134]CConnectionHandler.cpp:RegisterConnection():104|Socket added to epoll with identifier 0x80114a02 (2148616706), file descriptor 16.[EOL]
[2026-09-22T08:30:42.982540Z][APM_J.newgen-amplificationplatemagazine][N][2330477][141]CConnectionHandler.cpp:RegisterConnection():104|Socket added to epoll with identifier 0xcf (207), file descriptor 26.[EOL]
[2026-09-22T08:30:42.987420Z][APM_J.barcodereader][N][2330476][134]CClientSocketChannel.cpp:InitializeConnection():401|Initialized socket buffer with identifier 0x80114a02 (2148616706), file descriptor 16.[EOL]
[2026-09-22T08:30:42.982550Z][APM_J.newgen-amplificationplatemagazine][N][2330476][141]CClientSocketChannel.cpp:InitializeConnection():401|Initialized socket buffer with identifier 0xcf (207), file descriptor 26.[EOL]
[2026-09-22T08:30:43.080644Z][APM_J.barcodereader][I][1390024][134]CPrepareProcedure.cpp:SetParameter():85|Prepare procedure loaded. Parameters: [EOL]
[2026-09-22T08:30:43.098207Z][APM_J.barcodereader][N][2330072][134]CMessageBrokerEventHelper.cpp:SendModuleStateChangedEvent():34|Raise ModuleStateChanged Event: OriginatorId 0, ModuleState ModuleState_Preparing (1), OldModuleState ModuleState_InitialValue (0)[EOL]
[2026-09-22T08:30:42.982612Z][APM_J.newgen-amplificationplatemagazine][N][2330473][141]CClientSocketChannel.cpp:Connect():196|Connecting to socket with identifier 0xce (206).[EOL]
[2026-09-22T08:30:42.982633Z][APM_J.newgen-amplificationplatemagazine][N][2330473][141]CClientSocketChannel.cpp:Connect():207|Registering socket connection with identifier 0xce (206), file descriptor 27.[EOL]
[2026-09-22T08:30:42.982640Z][APM_J.newgen-amplificationplatemagazine][N][2330477][141]CConnectionHandler.cpp:RegisterConnection():104|Socket added to epoll with identifier 0xce (206), file descriptor 27.[EOL]
[2026-09-22T08:30:42.982648Z][APM_J.newgen-amplificationplatemagazine][N][2330476][141]CClientSocketChannel.cpp:InitializeConnection():401|Initialized socket buffer with identifier 0xce (206), file descriptor 27.[EOL]
[2026-09-22T08:30:43.063623Z][APM_J.newgen-amplificationplatemagazine][N][0][141]CExecuteConnectCommandStep.cpp:HandleObservedReport():37|CConnectCommand was successful: Client connections established.[EOL]
[2026-09-22T08:30:43.063676Z][APM_J.newgen-amplificationplatemagazine][I][2330779][141]CMAMRetrieveDataStep.cpp:OnGetAllDataItems():62|Getting persistent Data Pool[EOL]
[2026-09-22T08:30:43.063683Z][APM_J.newgen-amplificationplatemagazine][I][2330780][141]CMAMRetrieveDataStep.cpp:OnGetAllDataItems():75|Getting persistent Parameter Pool[EOL]
[2026-09-22T08:30:43.066089Z][APM_J.newgen-amplificationplatemagazine][I][2330781][141]CMAMRetrieveDataStep.cpp:OnGetAllDataItems():89|Retrieved all MAM data[EOL]
[2026-09-22T08:30:43.697702Z][APM_J.barcodereader][W][2330306][134]CRTCyclicEvent.cpp:TimeMissed():101|Cycle miss in event CCSICombinedCmdManager Cyclic Event. Time Overrun is 7618 us[EOL]
[2026-09-22T08:30:43.697743Z][APM_J.barcodereader][W][2330306][134]CRTCyclicEvent.cpp:TimeMissed():101|Cycle miss in event CCSICombinedRepManager. Time Overrun is 7618 us[EOL]
[2026-09-22T08:30:43.705743Z][APM_J.newgen-amplificationplatemagazine][W][2330306][141]CRTCyclicEvent.cpp:TimeMissed():101|Cycle miss in event CCSICombinedCmdManager Cyclic Event. Time Overrun is 2781 us[EOL]
[2026-09-22T08:30:43.705782Z][APM_J.newgen-amplificationplatemagazine][W][2330306][141]CRTCyclicEvent.cpp:TimeMissed():101|Cycle miss in event CCSICombinedRepManager. Time Overrun is 2781 us[EOL]
[2026-09-22T08:30:43.823513Z][APM_J.barcodereader][W][2330306][134]CRTCyclicEvent.cpp:TimeMissed():101|Cycle miss in event CCSICombinedCmdManager Cyclic Event. Time Overrun is 13431 us[EOL]
[2026-09-22T08:30:43.826593Z][APM_J.newgen-amplificationplatemagazine][W][2330306][141]CRTCyclicEvent.cpp:TimeMissed():101|Cycle miss in event CCSICombinedCmdManager Cyclic Event. Time Overrun is 3622 us[EOL]
[2026-09-22T08:30:43.823546Z][APM_J.barcodereader][W][2330306][134]CRTCyclicEvent.cpp:TimeMissed():101|Cycle miss in event CCSICombinedRepManager. Time Overrun is 13431 us[EOL]
[2026-09-22T08:30:43.884833Z][APM_J.barcodereader][I][1390024][134]CCLP510PrepareProcedure.cpp:SetParameter():101|CLP510Prepare procedure loaded. Parameters: [EOL]
[2026-09-22T08:30:43.826628Z][APM_J.newgen-amplificationplatemagazine][W][2330306][141]CRTCyclicEvent.cpp:TimeMissed():101|Cycle miss in event CCSICombinedRepManager. Time Overrun is 3622 us[EOL]
[2026-09-22T08:30:44.032948Z][APM_J.barcodereader][W][2330306][134]CRTCyclicEvent.cpp:TimeMissed():101|Cycle miss in event CCSICombinedCmdManager Cyclic Event. Time Overrun is 2866 us[EOL]
[2026-09-22T08:30:44.263499Z][APM_J.newgen-amplificationplatemagazine][W][2330306][141]CRTCyclicEvent.cpp:TimeMissed():101|Cycle miss in event CCSICombinedCmdManager Cyclic Event. Time Overrun is 539 us[EOL]
[2026-09-22T08:30:44.033075Z][APM_J.barcodereader][W][2330306][134]CRTCyclicEvent.cpp:TimeMissed():101|Cycle miss in event CCSICombinedRepManager. Time Overrun is 2866 us[EOL]
[2026-09-22T08:30:44.263536Z][APM_J.newgen-amplificationplatemagazine][W][2330306][141]CRTCyclicEvent.cpp:TimeMissed():101|Cycle miss in event CCSICombinedRepManager. Time Overrun is 539 us[EOL]
[2026-09-22T08:30:44.168233Z][APM_J.barcodereader][W][2330306][134]CRTCyclicEvent.cpp:TimeMissed():101|Cycle miss in event CCSICombinedCmdManager Cyclic Event. Time Overrun is 8150 us[EOL]
[2026-09-22T08:30:44.407940Z][APM_J.newgen-amplificationplatemagazine][W][2330306][141]CRTCyclicEvent.cpp:TimeMissed():101|Cycle miss in event CCSICombinedCmdManager Cyclic Event. Time Overrun is 4977 us[EOL]
[2026-09-22T08:30:44.168261Z][APM_J.barcodereader][W][2330306][134]CRTCyclicEvent.cpp:TimeMissed():101|Cycle miss in event CCSICombinedRepManager. Time Overrun is 8150 us[EOL]
[2026-09-22T08:30:44.407970Z][APM_J.newgen-amplificationplatemagazine][W][2330306][141]CRTCyclicEvent.cpp:TimeMissed():101|Cycle miss in event CCSICombinedRepManager. Time Overrun is 4977 us[EOL]
[2026-09-22T08:30:44.453357Z][APM_J.barcodereader][W][2330306][134]CRTCyclicEvent.cpp:TimeMissed():101|Cycle miss in event CCSICombinedCmdManager Cyclic Event. Time Overrun is 13274 us[EOL]
[2026-09-22T08:30:44.453390Z][APM_J.barcodereader][W][2330306][134]CRTCyclicEvent.cpp:TimeMissed():101|Cycle miss in event CCSICombinedRepManager. Time Overrun is 13274 us[EOL]
[2026-09-22T08:30:44.856189Z][APM_J.barcodereader][N][1390036][134]CHandleVersionStep.cpp:ReadReport():93|The firmware version of the reader is: DA11J11#015[EOL]
[2026-09-22T08:30:44.911324Z][APM_J.barcodereader][W][2330306][134]CRTCyclicEvent.cpp:TimeMissed():101|Cycle miss in event CCSICombinedCmdManager Cyclic Event. Time Overrun is 1241 us[EOL]
[2026-09-22T08:30:44.911350Z][APM_J.barcodereader][W][2330306][134]CRTCyclicEvent.cpp:TimeMissed():101|Cycle miss in event CCSICombinedRepManager. Time Overrun is 1241 us[EOL]
[2026-09-22T08:30:44.923377Z][APM_J.barcodereader][I][1390024][134]CCLP510SetDefaultConfigurationProcedure.cpp:SetParameter():215|CLP510SetDefaultConfiguration procedure loaded. Parameters: StorePersistent: 0[EOL]
[2026-09-22T08:30:44.927244Z][APM_J.barcodereader][I][1390034][134]CCheckCommandResponseStep.cpp:ReadReport():98|CCheckCommandResponseStep of cmd: 0x1b 0x57 0x43 0x0d with response: 0x06[EOL]
[2026-09-22T08:30:44.960426Z][APM_J.barcodereader][I][1390034][134]CCheckCommandResponseStep.cpp:ReadReport():98|CCheckCommandResponseStep of cmd: 0x1b 0x53 0x30 0x0d with response: 0x06[EOL]
[2026-09-22T08:30:44.986679Z][APM_J.barcodereader][I][1390034][134]CCheckCommandResponseStep.cpp:ReadReport():98|CCheckCommandResponseStep of cmd: 0x1b 0x53 0x38 0x0d with response: 0x06[EOL]
[2026-09-22T08:30:45.032693Z][APM_J.barcodereader][I][1390034][134]CCheckCommandResponseStep.cpp:ReadReport():98|CCheckCommandResponseStep of cmd: 0x1b 0x59 0x4d 0x0d with response: 0x06[EOL]
[2026-09-22T08:30:45.065587Z][APM_J.barcodereader][I][1390034][134]CCheckCommandResponseStep.cpp:ReadReport():98|CCheckCommandResponseStep of cmd: 0x1b 0x57 0x30 0x0d with response: 0x06[EOL]
[2026-09-22T08:30:45.080922Z][APM_J.barcodereader][I][1390034][134]CCheckCommandResponseStep.cpp:ReadReport():98|CCheckCommandResponseStep of cmd: 0x1b 0x58 0x31 0x0d with response: 0x06[EOL]
[2026-09-22T08:30:45.110933Z][APM_J.barcodereader][I][1390034][134]CCheckCommandResponseStep.cpp:ReadReport():98|CCheckCommandResponseStep of cmd: 0x1b 0x4d 0x34 0x51 0x33 0x0d with response: 0x06[EOL]
[2026-09-22T08:30:45.166101Z][APM_J.barcodereader][I][1390034][134]CCheckCommandResponseStep.cpp:ReadReport():98|CCheckCommandResponseStep of cmd: 0x1b 0x4d 0x37 0x51 0x35 0x0d with response: 0x06[EOL]
[2026-09-22T08:30:45.200283Z][APM_J.newgen-amplificationplatemagazine][W][2330306][141]CRTCyclicEvent.cpp:TimeMissed():101|Cycle miss in event CCSICombinedCmdManager Cyclic Event. Time Overrun is 7322 us[EOL]
[2026-09-22T08:30:45.200386Z][APM_J.barcodereader][W][2330306][134]CRTCyclicEvent.cpp:TimeMissed():101|Cycle miss in event CCSICombinedCmdManager Cyclic Event. Time Overrun is 302 us[EOL]
[2026-09-22T08:30:45.200315Z][APM_J.newgen-amplificationplatemagazine][W][2330306][141]CRTCyclicEvent.cpp:TimeMissed():101|Cycle miss in event CCSICombinedRepManager. Time Overrun is 7322 us[EOL]
[2026-09-22T08:30:45.200414Z][APM_J.barcodereader][W][2330306][134]CRTCyclicEvent.cpp:TimeMissed():101|Cycle miss in event CCSICombinedRepManager. Time Overrun is 302 us[EOL]
[2026-09-22T08:30:45.227702Z][APM_J.barcodereader][I][1390034][134]CCheckCommandResponseStep.cpp:ReadReport():98|CCheckCommandResponseStep of cmd: 0x1b 0x4d 0x39 0x51 0x34 0x0d with response: 0x06[EOL]
[2026-09-22T08:30:45.265367Z][APM_J.barcodereader][I][1390034][134]CCheckCommandResponseStep.cpp:ReadReport():98|CCheckCommandResponseStep of cmd: 0x1b 0x4d 0x35 0x51 0x32 0x0d with response: 0x06[EOL]
[2026-09-22T08:30:45.270253Z][APM_J.barcodereader][I][1390034][134]CCheckCommandResponseStep.cpp:ReadReport():98|CCheckCommandResponseStep of cmd: 0x1b 0x4d 0x38 0x51 0x36 0x0d with response: 0x06[EOL]
[2026-09-22T08:30:45.324446Z][APM_J.barcodereader][I][1390034][134]CCheckCommandResponseStep.cpp:ReadReport():98|CCheckCommandResponseStep of cmd: 0x1b 0x4e 0x34 0x51 0x38 0x0d with response: 0x06[EOL]
[2026-09-22T08:30:45.369460Z][APM_J.barcodereader][I][1390034][134]CCheckCommandResponseStep.cpp:ReadReport():98|CCheckCommandResponseStep of cmd: 0x1b 0x4e 0x33 0x51 0x37 0x0d with response: 0x06[EOL]
[2026-09-22T08:30:45.369969Z][APM_J.barcodereader][I][1390024][134]CEnableStarterKitProcedure.cpp:SetParameter():72|EnableStarterKit procedure loaded. Parameters: [EOL]
[2026-09-22T08:30:45.370022Z][APM_J.barcodereader][I][1390024][134]CResetBarcodeTypeConfigurationProcedure.cpp:SetParameter():51|ResetBarcodeTypeConfiguration procedure loaded. Parameters: [EOL]
[2026-09-22T08:30:45.370075Z][APM_J.barcodereader][I][1390024][134]CCLP510ResetBarcodeTypeConfigurationProcedure.cpp:SetParameter():49|CLP510ResetBarcodeTypeConfiguration procedure loaded. Parameters: [EOL]
[2026-09-22T08:30:45.389809Z][APM_J.barcodereader][I][1390034][134]CCheckCommandResponseStep.cpp:ReadReport():98|CCheckCommandResponseStep of cmd: 0x1b 0x42 0x30 0x0d with response: 0x06[EOL]
[2026-09-22T08:30:45.390469Z][APM_J.barcodereader][I][1390024][134]CBarcodeTypeConfigurationProcedure.cpp:SetParameter():69|BarcodeTypeConfiguration procedure loaded. Parameters: BarcodeType: (BarcodeType_Code128 (4)) Code128, EnableBarcodeType: 1, ControlCheckSum: 1, TransmitCheckSum: 0, BarcodeMinLength: 1, BarcodeMaxLength: 23, TransmitStartStopBit: TransmitionStartStopBit_Disable (1)[EOL]
[2026-09-22T08:30:45.390592Z][APM_J.barcodereader][I][1390034][134]CCLP510BarcodeTypeConfigurationProcedure.cpp:SetParameter():83|MaxLength can not be set.[EOL]
[2026-09-22T08:30:45.390597Z][APM_J.barcodereader][I][1390034][134]CCLP510BarcodeTypeConfigurationProcedure.cpp:SetParameter():84|MinLength can not be set.[EOL]
[2026-09-22T08:30:45.390617Z][APM_J.barcodereader][I][1390024][134]CCLP510BarcodeTypeConfigurationProcedure.cpp:SetParameter():115|CLP510BarcodeTypeConfiguration procedure loaded. Parameters: [EOL]
[2026-09-22T08:30:45.415427Z][APM_J.barcodereader][I][1390034][134]CCheckCommandResponseStep.cpp:ReadReport():98|CCheckCommandResponseStep of cmd: 0x1b 0x42 0x36 0x0d with response: 0x06[EOL]
[2026-09-22T08:30:45.415710Z][APM_J.barcodereader][I][1390024][134]CBarcodeTypeConfigurationProcedure.cpp:SetParameter():69|BarcodeTypeConfiguration procedure loaded. Parameters: BarcodeType: (BarcodeType_Code39 (3)) Code39, EnableBarcodeType: 1, ControlCheckSum: 1, TransmitCheckSum: 0, BarcodeMinLength: 1, BarcodeMaxLength: 23, TransmitStartStopBit: TransmitionStartStopBit_Disable (1)[EOL]
[2026-09-22T08:30:45.415756Z][APM_J.barcodereader][I][1390034][134]CCLP510BarcodeTypeConfigurationProcedure.cpp:SetParameter():83|MaxLength can not be set.[EOL]
[2026-09-22T08:30:45.415761Z][APM_J.barcodereader][I][1390034][134]CCLP510BarcodeTypeConfigurationProcedure.cpp:SetParameter():84|MinLength can not be set.[EOL]
[2026-09-22T08:30:45.415812Z][APM_J.barcodereader][I][1390024][134]CCLP510BarcodeTypeConfigurationProcedure.cpp:SetParameter():115|CLP510BarcodeTypeConfiguration procedure loaded. Parameters: [EOL]
[2026-09-22T08:30:45.438653Z][APM_J.barcodereader][I][1390034][134]CCheckCommandResponseStep.cpp:ReadReport():98|CCheckCommandResponseStep of cmd: 0x1b 0x42 0x32 0x0d with response: 0x06[EOL]
[2026-09-22T08:30:45.459690Z][APM_J.barcodereader][I][1390034][134]CCheckCommandResponseStep.cpp:ReadReport():98|CCheckCommandResponseStep of cmd: 0x1b 0x43 0x30 0x0d with response: 0x06[EOL]
[2026-09-22T08:30:45.476993Z][APM_J.barcodereader][I][1390034][134]CCheckCommandResponseStep.cpp:ReadReport():98|CCheckCommandResponseStep of cmd: 0x1b 0x44 0x38 0x0d with response: 0x06[EOL]
[2026-09-22T08:30:45.533680Z][APM_J.barcodereader][I][1390034][134]CCheckCommandResponseStep.cpp:ReadReport():98|CCheckCommandResponseStep of cmd: 0x1b 0x44 0x31 0x0d with response: 0x06[EOL]
[2026-09-22T08:30:45.534087Z][APM_J.barcodereader][N][2330072][134]CMessageBrokerEventHelper.cpp:SendModuleStateChangedEvent():34|Raise ModuleStateChanged Event: OriginatorId 0, ModuleState ModuleState_Prepared (2), OldModuleState ModuleState_Preparing (1)[EOL]
[2026-09-22T08:30:45.661783Z][APM_J.barcodereader][W][2330306][134]CRTCyclicEvent.cpp:TimeMissed():101|Cycle miss in event CCSICombinedCmdManager Cyclic Event. Time Overrun is 1699 us[EOL]
[2026-09-22T08:30:45.661819Z][APM_J.barcodereader][W][2330306][134]CRTCyclicEvent.cpp:TimeMissed():101|Cycle miss in event CCSICombinedRepManager. Time Overrun is 1699 us[EOL]
[2026-09-22T08:30:45.704071Z][APM_J.newgen-amplificationplatemagazine][W][2330306][141]CRTCyclicEvent.cpp:TimeMissed():101|Cycle miss in event CCSICombinedCmdManager Cyclic Event. Time Overrun is 1110 us[EOL]
[2026-09-22T08:30:45.704105Z][APM_J.newgen-amplificationplatemagazine][W][2330306][141]CRTCyclicEvent.cpp:TimeMissed():101|Cycle miss in event CCSICombinedRepManager. Time Overrun is 1110 us[EOL]
[2026-09-22T08:30:46.036770Z][APM_J.newgen-amplificationplatemagazine][I][1009050][141]CGetSingleBitInputStateStep.cpp:ReportReceived():117|The received signal level is SignalLevel_H_L_Enum_High (1)[EOL]
[2026-09-22T08:30:46.039940Z][APM_J.newgen-amplificationplatemagazine][I][1009050][141]CGetSingleBitInputStateStep.cpp:ReportReceived():117|The received signal level is SignalLevel_H_L_Enum_Low (0)[EOL]
[2026-09-22T08:30:46.058909Z][APM_J.newgen-amplificationplatemagazine][I][1009050][141]CGetSingleBitInputStateStep.cpp:ReportReceived():117|The received signal level is SignalLevel_H_L_Enum_Low (0)[EOL]
[2026-09-22T08:30:46.061124Z][APM_J.newgen-amplificationplatemagazine][I][1009050][141]CGetSingleBitInputStateStep.cpp:ReportReceived():117|The received signal level is SignalLevel_H_L_Enum_Low (0)[EOL]
[2026-09-22T08:30:46.064727Z][APM_J.newgen-amplificationplatemagazine][I][1009050][141]CGetSingleBitInputStateStep.cpp:ReportReceived():117|The received signal level is SignalLevel_H_L_Enum_Low (0)[EOL]
[2026-09-22T08:30:46.077427Z][APM_J.newgen-amplificationplatemagazine][I][1009050][141]CGetSingleBitInputStateStep.cpp:ReportReceived():117|The received signal level is SignalLevel_H_L_Enum_Low (0)[EOL]
[2026-09-22T08:30:46.101882Z][APM_J.newgen-amplificationplatemagazine][I][1009050][141]CGetSingleBitInputStateStep.cpp:ReportReceived():117|The received signal level is SignalLevel_H_L_Enum_Low (0)[EOL]
[2026-09-22T08:30:46.113583Z][APM_J.newgen-amplificationplatemagazine][I][6820021][141]CASStateMachine.cpp:ReportStateChange():119|Module state has changed. New State: ModuleState_Prepared (2)[EOL]
[2026-09-22T08:30:46.113691Z][APM_J.newgen-amplificationplatemagazine][I][844444436][141]UnitCommunicator.cpp:SendEvent():424|Publishing event: type=Roche.c68_8800.AmplificationPlateMagazine.J.UnitStateChanged correlation_id=(n/a)[EOL]
[2026-09-22T08:30:46.113740Z][APM_J.newgen-amplificationplatemagazine][I][2560017][141]MessageSender.h:SendEvent():105|Sent RabbitMqEvent Roche.c68_8800.AmplificationPlateMagazine.J.UnitStateChanged. Content: {"Timestamp":"2026-09-22T08:30:46.113676Z","TraceContext":"00-d62bf6d927044f4e90d9262de5a517dd-d3a9eba0c91005c4-01","MagazineId":"J","OldState":"StartingUp","NewState":"StartedUp"}[EOL]
[2026-09-22T08:30:49.157696Z][APM_J.newgen-amplificationplatemagazine][W][2330306][141]CRTCyclicEvent.cpp:TimeMissed():101|Cycle miss in event CCSICombinedCmdManager Cyclic Event. Time Overrun is 4737 us[EOL]
[2026-09-22T08:30:49.157725Z][APM_J.newgen-amplificationplatemagazine][W][2330306][141]CRTCyclicEvent.cpp:TimeMissed():101|Cycle miss in event CCSICombinedRepManager. Time Overrun is 4737 us[EOL]
[2026-09-22T08:30:50.046373Z][APM_J.newgen-amplificationplatemagazine][W][2330306][141]CRTCyclicEvent.cpp:TimeMissed():101|Cycle miss in event CCSICombinedCmdManager Cyclic Event. Time Overrun is 13413 us[EOL]
[2026-09-22T08:30:50.046408Z][APM_J.newgen-amplificationplatemagazine][W][2330306][141]CRTCyclicEvent.cpp:TimeMissed():101|Cycle miss in event CCSICombinedRepManager. Time Overrun is 13413 us[EOL]
[2026-09-22T08:30:50.362263Z][APM_J.barcodereader][W][2330306][134]CRTCyclicEvent.cpp:TimeMissed():101|Cycle miss in event CCSICombinedCmdManager Cyclic Event. Time Overrun is 32180 us[EOL]
[2026-09-22T08:30:50.362290Z][APM_J.barcodereader][W][2330306][134]CRTCyclicEvent.cpp:TimeMissed():101|Cycle miss in event CCSICombinedRepManager. Time Overrun is 32180 us[EOL]
[2026-09-22T08:30:50.362004Z][APM_J.newgen-amplificationplatemagazine][W][2330306][141]CRTCyclicEvent.cpp:TimeMissed():101|Cycle miss in event CCSICombinedCmdManager Cyclic Event. Time Overrun is 79042 us[EOL]
[2026-09-22T08:30:50.362050Z][APM_J.newgen-amplificationplatemagazine][W][2330306][141]CRTCyclicEvent.cpp:TimeMissed():101|Cycle miss in event CCSICombinedRepManager. Time Overrun is 79042 us[EOL]
[2026-09-22T08:30:50.545624Z][APM_J.barcodereader][W][2330306][134]CRTCyclicEvent.cpp:TimeMissed():101|Cycle miss in event CCSICombinedCmdManager Cyclic Event. Time Overrun is 65538 us[EOL]
[2026-09-22T08:30:50.545697Z][APM_J.newgen-amplificationplatemagazine][W][2330306][141]CRTCyclicEvent.cpp:TimeMissed():101|Cycle miss in event CCSICombinedCmdManager Cyclic Event. Time Overrun is 2729 us[EOL]
[2026-09-22T08:30:50.545682Z][APM_J.barcodereader][W][2330306][134]CRTCyclicEvent.cpp:TimeMissed():101|Cycle miss in event CCSICombinedRepManager. Time Overrun is 65538 us[EOL]
[2026-09-22T08:30:50.545741Z][APM_J.newgen-amplificationplatemagazine][W][2330306][141]CRTCyclicEvent.cpp:TimeMissed():101|Cycle miss in event CCSICombinedRepManager. Time Overrun is 2729 us[EOL]
[2026-09-22T08:30:50.660178Z][APM_J.barcodereader][W][2330306][134]CRTCyclicEvent.cpp:TimeMissed():101|Cycle miss in event CCSICombinedCmdManager Cyclic Event. Time Overrun is 96 us[EOL]
[2026-09-22T08:30:50.660211Z][APM_J.barcodereader][W][2330306][134]CRTCyclicEvent.cpp:TimeMissed():101|Cycle miss in event CCSICombinedRepManager. Time Overrun is 96 us[EOL]
[2026-09-22T08:30:50.940822Z][APM_J.barcodereader][W][2330306][134]CRTCyclicEvent.cpp:TimeMissed():101|Cycle miss in event CCSICyclicRepManager. Time Overrun is 43597 us[EOL]
[2026-09-22T08:30:50.940451Z][APM_J.newgen-amplificationplatemagazine][W][2330306][141]CRTCyclicEvent.cpp:TimeMissed():101|Cycle miss in event CCSICombinedCmdManager Cyclic Event. Time Overrun is 167488 us[EOL]
[2026-09-22T08:30:50.940505Z][APM_J.newgen-amplificationplatemagazine][W][2330306][141]CRTCyclicEvent.cpp:TimeMissed():101|Cycle miss in event CCSICombinedRepManager. Time Overrun is 167488 us[EOL]
[2026-09-22T08:30:51.168327Z][APM_J.newgen-amplificationplatemagazine][W][2330306][141]CRTCyclicEvent.cpp:TimeMissed():101|Cycle miss in event CCSICombinedCmdManager Cyclic Event. Time Overrun is 85361 us[EOL]
[2026-09-22T08:30:51.076164Z][APM_J.barcodereader][W][2330306][134]CRTCyclicEvent.cpp:TimeMissed():101|Cycle miss in event CCSICombinedCmdManager Cyclic Event. Time Overrun is 166079 us[EOL]
[2026-09-22T08:30:51.168388Z][APM_J.newgen-amplificationplatemagazine][W][2330306][141]CRTCyclicEvent.cpp:TimeMissed():101|Cycle miss in event CCSICombinedRepManager. Time Overrun is 85361 us[EOL]
[2026-09-22T08:30:51.076197Z][APM_J.barcodereader][W][2330306][134]CRTCyclicEvent.cpp:TimeMissed():101|Cycle miss in event CCSICombinedRepManager. Time Overrun is 166079 us[EOL]
[2026-09-22T08:30:51.195349Z][APM_J.barcodereader][W][2330306][134]CRTCyclicEvent.cpp:TimeMissed():101|Cycle miss in event CCSICombinedCmdManager Cyclic Event. Time Overrun is 5262 us[EOL]
[2026-09-22T08:30:51.195384Z][APM_J.barcodereader][W][2330306][134]CRTCyclicEvent.cpp:TimeMissed():101|Cycle miss in event CCSICombinedRepManager. Time Overrun is 5262 us[EOL]
[2026-09-22T08:30:51.302578Z][APM_J.newgen-amplificationplatemagazine][W][2330306][141]CRTCyclicEvent.cpp:TimeMissed():101|Cycle miss in event CCSICombinedCmdManager Cyclic Event. Time Overrun is 19610 us[EOL]
[2026-09-22T08:30:51.302620Z][APM_J.newgen-amplificationplatemagazine][W][2330306][141]CRTCyclicEvent.cpp:TimeMissed():101|Cycle miss in event CCSICombinedRepManager. Time Overrun is 19610 us[EOL]
[2026-09-22T08:30:51.467677Z][APM_J.newgen-amplificationplatemagazine][W][2330306][141]CRTCyclicEvent.cpp:TimeMissed():101|Cycle miss in event CCSICombinedCmdManager Cyclic Event. Time Overrun is 54714 us[EOL]
[2026-09-22T08:30:51.467754Z][APM_J.newgen-amplificationplatemagazine][W][2330306][141]CRTCyclicEvent.cpp:TimeMissed():101|Cycle miss in event CCSICombinedRepManager. Time Overrun is 54714 us[EOL]
[2026-09-22T08:30:51.844620Z][APM_J.barcodereader][W][2330306][134]CRTCyclicEvent.cpp:TimeMissed():101|Cycle miss in event CCSICombinedCmdManager Cyclic Event. Time Overrun is 164539 us[EOL]
[2026-09-22T08:30:51.844639Z][APM_J.barcodereader][W][2330306][134]CRTCyclicEvent.cpp:TimeMissed():101|Cycle miss in event CCSICombinedRepManager. Time Overrun is 164539 us[EOL]
[2026-09-22T08:30:51.844608Z][APM_J.newgen-amplificationplatemagazine][W][2330306][141]CRTCyclicEvent.cpp:TimeMissed():101|Cycle miss in event CCSICombinedCmdManager Cyclic Event. Time Overrun is 261647 us[EOL]
[2026-09-22T08:30:51.844638Z][APM_J.newgen-amplificationplatemagazine][W][2330306][141]CRTCyclicEvent.cpp:TimeMissed():101|Cycle miss in event CCSICombinedRepManager. Time Overrun is 261647 us[EOL]
[2026-09-22T08:30:51.971519Z][APM_J.barcodereader][W][2330306][134]CRTCyclicEvent.cpp:TimeMissed():101|Cycle miss in event CCSICombinedCmdManager Cyclic Event. Time Overrun is 11434 us[EOL]
[2026-09-22T08:30:51.971576Z][APM_J.newgen-amplificationplatemagazine][W][2330306][141]CRTCyclicEvent.cpp:TimeMissed():101|Cycle miss in event CCSICombinedCmdManager Cyclic Event. Time Overrun is 8613 us[EOL]
[2026-09-22T08:30:51.971561Z][APM_J.barcodereader][W][2330306][134]CRTCyclicEvent.cpp:TimeMissed():101|Cycle miss in event CCSICombinedRepManager. Time Overrun is 11434 us[EOL]
[2026-09-22T08:30:51.971609Z][APM_J.newgen-amplificationplatemagazine][W][2330306][141]CRTCyclicEvent.cpp:TimeMissed():101|Cycle miss in event CCSICombinedRepManager. Time Overrun is 8613 us[EOL]
[2026-09-22T08:30:52.139412Z][APM_J.newgen-amplificationplatemagazine][W][2330306][141]CRTCyclicEvent.cpp:TimeMissed():101|Cycle miss in event CCSICombinedCmdManager Cyclic Event. Time Overrun is 56451 us[EOL]
[2026-09-22T08:30:52.139448Z][APM_J.newgen-amplificationplatemagazine][W][2330306][141]CRTCyclicEvent.cpp:TimeMissed():101|Cycle miss in event CCSICombinedRepManager. Time Overrun is 56451 us[EOL]
[2026-09-22T08:30:52.134366Z][APM_J.barcodereader][W][2330306][134]CRTCyclicEvent.cpp:TimeMissed():101|Cycle miss in event CCSICyclicRepManager. Time Overrun is 37143 us[EOL]
[2026-09-22T08:30:52.141021Z][APM_J.barcodereader][W][2330306][134]CRTCyclicEvent.cpp:TimeMissed():101|Cycle miss in event CCSICombinedCmdManager Cyclic Event. Time Overrun is 50934 us[EOL]
[2026-09-22T08:30:52.141049Z][APM_J.barcodereader][W][2330306][134]CRTCyclicEvent.cpp:TimeMissed():101|Cycle miss in event CCSICombinedRepManager. Time Overrun is 50934 us[EOL]
[2026-09-22T08:30:54.103680Z][APM_J.newgen-amplificationplatemagazine][I][2560016][141]IMessageHandler.h:operator()():53|Received RabbitMqMessage Roche.c68_8800.InstrumentState.InstrumentStateChanged. Content: {"Timestamp":"2026-09-22T08:30:54.0984578Z","TraceContext":"00-dd82d13ed26ec30b58a7827c44aa343a-014e6ef3e222c3c6-01","OldState":"StartingUp","NewState":"Initializing"}[EOL]
[2026-09-22T08:30:54.103782Z][APM_J.newgen-amplificationplatemagazine][I][2560016][141]IMessageHandler.h:operator()():40|Received RabbitMqMessage Roche.c68_8800.InstrumentState.InstrumentStateChanged. Content: {"Timestamp":"2026-09-22T08:30:54.0984578Z","TraceContext":"00-dd82d13ed26ec30b58a7827c44aa343a-014e6ef3e222c3c6-01","OldState":"StartingUp","NewState":"Initializing"}[EOL]
[2026-09-22T08:30:54.172086Z][APM_J.newgen-amplificationplatemagazine][I][2560016][141]IMessageHandler.h:operator()():53|Received RabbitMqMessage Roche.c68_8800.SafetyInterlock.SafetyInterlockStateChanged. Content: {"Timestamp":"2026-09-22T08:30:54.117692Z","TraceContext":"00-e0a11a4e0143fb0bf821828b479eb84c-a12b0da5a3395285-01","OldState":"NotReady","NewState":"Initializing"}[EOL]
[2026-09-22T08:30:54.356612Z][APM_J.newgen-amplificationplatemagazine][I][2560016][141]IMessageHandler.h:operator()():53|Received RabbitMqMessage Roche.MolLab.PersistentMemory.PersistentMemoryStateChanged. Content: {"Timestamp":"2026-09-22T08:30:54.169350Z","TraceContext":"00-0649ea3f1708a5ce69837ced40982ff8-306d3b7fcfba3552-01","OldState":"NotReady","NewState":"Initializing"}[EOL]
[2026-09-22T08:30:54.356685Z][APM_J.newgen-amplificationplatemagazine][I][2560016][141]IMessageHandler.h:operator()():53|Received RabbitMqMessage Roche.MolLab.PersistentMemory.PersistentMemoryStateChanged. Content: {"Timestamp":"2026-09-22T08:30:54.169638Z","TraceContext":"00-95b4b24afc2e8d3ff2a69b639b191547-e18e9a5eb757cb13-01","OldState":"Initializing","NewState":"Ready"}[EOL]
[2026-09-22T08:30:54.380366Z][APM_J.barcodereader][W][2330306][134]CRTCyclicEvent.cpp:TimeMissed():101|Cycle miss in event CCSICombinedCmdManager Cyclic Event. Time Overrun is 269 us[EOL]
[2026-09-22T08:30:54.380451Z][APM_J.barcodereader][W][2330306][134]CRTCyclicEvent.cpp:TimeMissed():101|Cycle miss in event CCSICombinedRepManager. Time Overrun is 269 us[EOL]
[2026-09-22T08:30:54.423441Z][APM_J.newgen-amplificationplatemagazine][W][2330306][141]CRTCyclicEvent.cpp:TimeMissed():101|Cycle miss in event CCSICombinedCmdManager Cyclic Event. Time Overrun is 466 us[EOL]
[2026-09-22T08:30:54.423505Z][APM_J.newgen-amplificationplatemagazine][W][2330306][141]CRTCyclicEvent.cpp:TimeMissed():101|Cycle miss in event CCSICombinedRepManager. Time Overrun is 466 us[EOL]
[2026-09-22T08:30:55.285807Z][APM_J.newgen-amplificationplatemagazine][W][2330306][141]CRTCyclicEvent.cpp:TimeMissed():101|Cycle miss in event CCSICombinedCmdManager Cyclic Event. Time Overrun is 222845 us[EOL]
[2026-09-22T08:30:55.285857Z][APM_J.newgen-amplificationplatemagazine][W][2330306][141]CRTCyclicEvent.cpp:TimeMissed():101|Cycle miss in event CCSICombinedRepManager. Time Overrun is 222845 us[EOL]
[2026-09-22T08:30:55.544212Z][APM_J.newgen-amplificationplatemagazine][W][2330306][141]CRTCyclicEvent.cpp:TimeMissed():101|Cycle miss in event CCSICombinedCmdManager Cyclic Event. Time Overrun is 1252 us[EOL]
[2026-09-22T08:30:55.544241Z][APM_J.newgen-amplificationplatemagazine][W][2330306][141]CRTCyclicEvent.cpp:TimeMissed():101|Cycle miss in event CCSICombinedRepManager. Time Overrun is 1252 us[EOL]
[2026-09-22T08:30:55.575345Z][APM_J.barcodereader][W][2330306][134]CRTCyclicEvent.cpp:TimeMissed():101|Cycle miss in event CCSICombinedCmdManager Cyclic Event. Time Overrun is 15262 us[EOL]
[2026-09-22T08:30:55.575377Z][APM_J.barcodereader][W][2330306][134]CRTCyclicEvent.cpp:TimeMissed():101|Cycle miss in event CCSICombinedRepManager. Time Overrun is 15262 us[EOL]
[2026-09-22T08:30:55.721438Z][APM_J.barcodereader][W][2330306][134]CRTCyclicEvent.cpp:TimeMissed():101|Cycle miss in event CCSICombinedCmdManager Cyclic Event. Time Overrun is 31353 us[EOL]
[2026-09-22T08:30:55.721466Z][APM_J.barcodereader][W][2330306][134]CRTCyclicEvent.cpp:TimeMissed():101|Cycle miss in event CCSICombinedRepManager. Time Overrun is 31353 us[EOL]
[2026-09-22T08:30:55.720460Z][APM_J.newgen-amplificationplatemagazine][W][2330306][141]CRTCyclicEvent.cpp:TimeMissed():101|Cycle miss in event CCSICyclicRepManager. Time Overrun is 16299 us[EOL]
[2026-09-22T08:30:55.721078Z][APM_J.newgen-amplificationplatemagazine][W][2330306][141]CRTCyclicEvent.cpp:TimeMissed():101|Cycle miss in event CCSICombinedCmdManager Cyclic Event. Time Overrun is 58116 us[EOL]
[2026-09-22T08:30:55.721104Z][APM_J.newgen-amplificationplatemagazine][W][2330306][141]CRTCyclicEvent.cpp:TimeMissed():101|Cycle miss in event CCSICombinedRepManager. Time Overrun is 58116 us[EOL]
[2026-09-22T08:30:55.995158Z][APM_J.newgen-amplificationplatemagazine][W][2330306][141]CRTCyclicEvent.cpp:TimeMissed():101|Cycle miss in event CCSICombinedCmdManager Cyclic Event. Time Overrun is 142195 us[EOL]
[2026-09-22T08:30:55.995199Z][APM_J.newgen-amplificationplatemagazine][W][2330306][141]CRTCyclicEvent.cpp:TimeMissed():101|Cycle miss in event CCSICombinedRepManager. Time Overrun is 142195 us[EOL]
[2026-09-22T08:30:56.208954Z][APM_J.newgen-amplificationplatemagazine][W][2330306][141]CRTCyclicEvent.cpp:TimeMissed():101|Cycle miss in event CCSICombinedCmdManager Cyclic Event. Time Overrun is 95991 us[EOL]
[2026-09-22T08:30:56.208988Z][APM_J.newgen-amplificationplatemagazine][W][2330306][141]CRTCyclicEvent.cpp:TimeMissed():101|Cycle miss in event CCSICombinedRepManager. Time Overrun is 95991 us[EOL]
[2026-09-22T08:30:55.994848Z][APM_J.barcodereader][W][2330306][134]CRTCyclicEvent.cpp:TimeMissed():101|Cycle miss in event CCSICombinedCmdManager Cyclic Event. Time Overrun is 144764 us[EOL]
[2026-09-22T08:30:56.330286Z][APM_J.newgen-amplificationplatemagazine][W][2330306][141]CRTCyclicEvent.cpp:TimeMissed():101|Cycle miss in event CCSICombinedCmdManager Cyclic Event. Time Overrun is 7327 us[EOL]
[2026-09-22T08:30:56.330319Z][APM_J.newgen-amplificationplatemagazine][W][2330306][141]CRTCyclicEvent.cpp:TimeMissed():101|Cycle miss in event CCSICombinedRepManager. Time Overrun is 7327 us[EOL]
[2026-09-22T08:30:55.994907Z][APM_J.barcodereader][W][2330306][134]CRTCyclicEvent.cpp:TimeMissed():101|Cycle miss in event CCSICombinedRepManager. Time Overrun is 144764 us[EOL]
[2026-09-22T08:30:56.208784Z][APM_J.barcodereader][W][2330306][134]CRTCyclicEvent.cpp:TimeMissed():101|Cycle miss in event CCSICyclicRepManager. Time Overrun is 11560 us[EOL]
[2026-09-22T08:30:56.208894Z][APM_J.barcodereader][W][2330306][134]CRTCyclicEvent.cpp:TimeMissed():101|Cycle miss in event CCSICombinedCmdManager Cyclic Event. Time Overrun is 98812 us[EOL]
[2026-09-22T08:30:56.208917Z][APM_J.barcodereader][W][2330306][134]CRTCyclicEvent.cpp:TimeMissed():101|Cycle miss in event CCSICombinedRepManager. Time Overrun is 98812 us[EOL]
[2026-09-22T08:30:56.329967Z][APM_J.barcodereader][W][2330306][134]CRTCyclicEvent.cpp:TimeMissed():101|Cycle miss in event CCSICombinedCmdManager Cyclic Event. Time Overrun is 9886 us[EOL]
[2026-09-22T08:30:56.329985Z][APM_J.barcodereader][W][2330306][134]CRTCyclicEvent.cpp:TimeMissed():101|Cycle miss in event CCSICombinedRepManager. Time Overrun is 9886 us[EOL]
[2026-09-22T08:30:56.442969Z][APM_J.barcodereader][W][2330306][134]CRTCyclicEvent.cpp:TimeMissed():101|Cycle miss in event CCSICombinedCmdManager Cyclic Event. Time Overrun is 2861 us[EOL]
[2026-09-22T08:30:56.443007Z][APM_J.barcodereader][W][2330306][134]CRTCyclicEvent.cpp:TimeMissed():101|Cycle miss in event CCSICombinedRepManager. Time Overrun is 2861 us[EOL]
[2026-09-22T08:30:56.512614Z][APM_J.newgen-amplificationplatemagazine][W][2330306][141]CRTCyclicEvent.cpp:TimeMissed():101|Cycle miss in event CCSICombinedCmdManager Cyclic Event. Time Overrun is 39645 us[EOL]
[2026-09-22T08:30:56.512680Z][APM_J.newgen-amplificationplatemagazine][W][2330306][141]CRTCyclicEvent.cpp:TimeMissed():101|Cycle miss in event CCSICombinedRepManager. Time Overrun is 39645 us[EOL]
[2026-09-22T08:30:56.577891Z][APM_J.barcodereader][W][2330306][134]CRTCyclicEvent.cpp:TimeMissed():101|Cycle miss in event CCSICombinedCmdManager Cyclic Event. Time Overrun is 7802 us[EOL]
[2026-09-22T08:30:56.577921Z][APM_J.barcodereader][W][2330306][134]CRTCyclicEvent.cpp:TimeMissed():101|Cycle miss in event CCSICombinedRepManager. Time Overrun is 7802 us[EOL]
[2026-09-22T08:30:56.684779Z][APM_J.newgen-amplificationplatemagazine][W][2330306][141]CRTCyclicEvent.cpp:TimeMissed():101|Cycle miss in event CCSICombinedCmdManager Cyclic Event. Time Overrun is 11815 us[EOL]
[2026-09-22T08:30:56.684840Z][APM_J.newgen-amplificationplatemagazine][W][2330306][141]CRTCyclicEvent.cpp:TimeMissed():101|Cycle miss in event CCSICombinedRepManager. Time Overrun is 11815 us[EOL]
[2026-09-22T08:30:56.709538Z][APM_J.barcodereader][W][2330306][134]CRTCyclicEvent.cpp:TimeMissed():101|Cycle miss in event CCSICombinedCmdManager Cyclic Event. Time Overrun is 9452 us[EOL]
[2026-09-22T08:30:56.709575Z][APM_J.barcodereader][W][2330306][134]CRTCyclicEvent.cpp:TimeMissed():101|Cycle miss in event CCSICombinedRepManager. Time Overrun is 9452 us[EOL]
[2026-09-22T08:30:56.812076Z][APM_J.newgen-amplificationplatemagazine][W][2330306][141]CRTCyclicEvent.cpp:TimeMissed():101|Cycle miss in event CCSICombinedCmdManager Cyclic Event. Time Overrun is 9108 us[EOL]
[2026-09-22T08:30:56.812122Z][APM_J.newgen-amplificationplatemagazine][W][2330306][141]CRTCyclicEvent.cpp:TimeMissed():101|Cycle miss in event CCSICombinedRepManager. Time Overrun is 9108 us[EOL]
[2026-09-22T08:30:56.854685Z][APM_J.barcodereader][W][2330306][134]CRTCyclicEvent.cpp:TimeMissed():101|Cycle miss in event CCSICombinedCmdManager Cyclic Event. Time Overrun is 24604 us[EOL]
[2026-09-22T08:30:56.854707Z][APM_J.barcodereader][W][2330306][134]CRTCyclicEvent.cpp:TimeMissed():101|Cycle miss in event CCSICombinedRepManager. Time Overrun is 24604 us[EOL]
[2026-09-22T08:30:57.013114Z][APM_J.barcodereader][W][2330306][134]CRTCyclicEvent.cpp:TimeMissed():101|Cycle miss in event CCSICombinedCmdManager Cyclic Event. Time Overrun is 3034 us[EOL]
[2026-09-22T08:30:57.013148Z][APM_J.barcodereader][W][2330306][134]CRTCyclicEvent.cpp:TimeMissed():101|Cycle miss in event CCSICombinedRepManager. Time Overrun is 3034 us[EOL]
[2026-09-22T08:30:57.107014Z][APM_J.newgen-amplificationplatemagazine][W][2330306][141]CRTCyclicEvent.cpp:TimeMissed():101|Cycle miss in event CCSICombinedCmdManager Cyclic Event. Time Overrun is 4048 us[EOL]
[2026-09-22T08:30:57.107081Z][APM_J.newgen-amplificationplatemagazine][W][2330306][141]CRTCyclicEvent.cpp:TimeMissed():101|Cycle miss in event CCSICombinedRepManager. Time Overrun is 4048 us[EOL]
[2026-09-22T08:30:57.131784Z][APM_J.barcodereader][W][2330306][134]CRTCyclicEvent.cpp:TimeMissed():101|Cycle miss in event CCSICombinedCmdManager Cyclic Event. Time Overrun is 1703 us[EOL]
[2026-09-22T08:30:57.131805Z][APM_J.barcodereader][W][2330306][134]CRTCyclicEvent.cpp:TimeMissed():101|Cycle miss in event CCSICombinedRepManager. Time Overrun is 1703 us[EOL]
[2026-09-22T08:30:57.237670Z][APM_J.newgen-amplificationplatemagazine][W][2330306][141]CRTCyclicEvent.cpp:TimeMissed():101|Cycle miss in event CCSICombinedCmdManager Cyclic Event. Time Overrun is 4706 us[EOL]
[2026-09-22T08:30:57.237731Z][APM_J.newgen-amplificationplatemagazine][W][2330306][141]CRTCyclicEvent.cpp:TimeMissed():101|Cycle miss in event CCSICombinedRepManager. Time Overrun is 4706 us[EOL]
[2026-09-22T08:30:57.258004Z][APM_J.barcodereader][W][2330306][134]CRTCyclicEvent.cpp:TimeMissed():101|Cycle miss in event CCSICombinedCmdManager Cyclic Event. Time Overrun is 7921 us[EOL]
[2026-09-22T08:30:57.258048Z][APM_J.barcodereader][W][2330306][134]CRTCyclicEvent.cpp:TimeMissed():101|Cycle miss in event CCSICombinedRepManager. Time Overrun is 7921 us[EOL]
[2026-09-22T08:30:57.366356Z][APM_J.newgen-amplificationplatemagazine][W][2330306][141]CRTCyclicEvent.cpp:TimeMissed():101|Cycle miss in event CCSICombinedCmdManager Cyclic Event. Time Overrun is 13391 us[EOL]
[2026-09-22T08:30:57.366417Z][APM_J.newgen-amplificationplatemagazine][W][2330306][141]CRTCyclicEvent.cpp:TimeMissed():101|Cycle miss in event CCSICombinedRepManager. Time Overrun is 13391 us[EOL]
[2026-09-22T08:30:58.687052Z][APM_J.newgen-amplificationplatemagazine][I][2560016][141]IMessageHandler.h:operator()():40|Received RabbitMqMessage Roche.MolLab.InstrumentState.Ping. Content: {"Timestamp":"2026-09-22T08:30:58.6811354Z","PingId":"IS2"}[EOL]
[2026-09-22T08:30:58.687175Z][APM_J.newgen-amplificationplatemagazine][I][844444436][141]UnitCommunicator.cpp:SendEvent():424|Publishing event: type=Roche.c68_8800.AmplificationPlateMagazine.J.Echo correlation_id=(n/a)[EOL]
[2026-09-22T08:30:58.687207Z][APM_J.newgen-amplificationplatemagazine][I][2560017][141]MessageSender.h:SendEvent():105|Sent RabbitMqEvent Roche.c68_8800.AmplificationPlateMagazine.J.Echo. Content: {"Timestamp":"2026-09-22T08:30:58.687157Z","MagazineId":"J","PingId":"IS2"}[EOL]
[2026-09-22T08:30:59.179429Z][APM_J.newgen-amplificationplatemagazine][I][2560016][141]IMessageHandler.h:operator()():53|Received RabbitMqMessage Roche.c68_8800.SafetyInterlock.SafetyInterlockStateChanged. Content: {"Timestamp":"2026-09-22T08:30:58.905001Z","TraceContext":"00-bc37f880e04003a1a9d2180ec07e3c86-8c2b9e506f621d23-01","OldState":"Initializing","NewState":"Ready"}[EOL]
[2026-09-22T08:31:01.586830Z][APM_J.newgen-amplificationplatemagazine][I][2560016][141]IMessageHandler.h:operator()():53|Received RabbitMqMessage Roche.c68_8800.SafetyInterlock.HardwareMovementsAllowed. Content: {"Timestamp":"2026-09-22T08:31:01.581503Z","TraceContext":"00-7f29cc5779731666087e988d0abe72fb-b296aa185f30be7a-01","IsEnabled":true}[EOL]
[2026-09-22T08:31:01.622378Z][APM_J.newgen-amplificationplatemagazine][I][2560016][141]IMessageHandler.h:operator()():53|Received RabbitMqMessage Roche.c68_8800.MainHandler.MainHandlerStateChanged. Content: {"Timestamp":"2026-09-22T08:31:01.587064Z","TraceContext":"00-6a7673f1852bc71ba2b8717ecb0ebbeb-169f782686c8076d-01","OldState":"NotReady","NewState":"Initializing"}[EOL]
[2026-09-22T08:31:04.452069Z][APM_J.barcodereader][W][2330306][134]CRTCyclicEvent.cpp:TimeMissed():101|Cycle miss in event CCSICombinedCmdManager Cyclic Event. Time Overrun is 21985 us[EOL]
[2026-09-22T08:31:04.452121Z][APM_J.barcodereader][W][2330306][134]CRTCyclicEvent.cpp:TimeMissed():101|Cycle miss in event CCSICombinedRepManager. Time Overrun is 21985 us[EOL]
[2026-09-22T08:31:08.389691Z][APM_J.barcodereader][I][1390024][134]CInitProcedure.cpp:SetParameter():91|Init procedure loaded. Parameters: [EOL]
[2026-09-22T08:31:08.389960Z][APM_J.barcodereader][N][2330072][134]CMessageBrokerEventHelper.cpp:SendModuleStateChangedEvent():34|Raise ModuleStateChanged Event: OriginatorId 0, ModuleState ModuleState_Initializing (3), OldModuleState ModuleState_Prepared (2)[EOL]
[2026-09-22T08:31:08.387798Z][APM_J.newgen-amplificationplatemagazine][I][2560016][141]IMessageHandler.h:operator()():53|Received RabbitMqMessage Roche.c68_8800.MainHandler.MainHandlerZAxisInitialized. Content: {"Timestamp":"2026-09-22T08:31:08.379026Z","TraceContext":"00-dd82d13ed26ec30b58a7827c44aa343a-803d58b452b0f6e9-01"}[EOL]
[2026-09-22T08:31:08.388514Z][APM_J.newgen-amplificationplatemagazine][N][6820070][141]CInitProcedure.cpp:SetParameter():62|Procedure ProcTypeId_Init (6820003) called from internal with instanceId (65535) and parameters: {}[EOL]
[2026-09-22T08:31:08.395468Z][APM_J.barcodereader][I][1390024][134]CCLP510InitProcedure.cpp:SetParameter():49|CLP510Init procedure loaded. Parameters: [EOL]
[2026-09-22T08:31:08.397121Z][APM_J.barcodereader][I][1390034][134]CCheckCommandResponseStep.cpp:ReadReport():98|CCheckCommandResponseStep of cmd: 0x1b 0x59 0x0d with response: 0x06[EOL]
[2026-09-22T08:31:08.388815Z][APM_J.newgen-amplificationplatemagazine][I][6820021][141]CASStateMachine.cpp:ReportStateChange():119|Module state has changed. New State: ModuleState_Initializing (3)[EOL]
[2026-09-22T08:31:08.388877Z][APM_J.newgen-amplificationplatemagazine][I][844444436][141]UnitCommunicator.cpp:SendEvent():424|Publishing event: type=Roche.c68_8800.AmplificationPlateMagazine.J.AmplificationPlateMagazineStateChanged correlation_id=(n/a)[EOL]
[2026-09-22T08:31:08.397198Z][APM_J.barcodereader][N][2330072][134]CMessageBrokerEventHelper.cpp:SendModuleStateChangedEvent():34|Raise ModuleStateChanged Event: OriginatorId 0, ModuleState ModuleState_Ready (4), OldModuleState ModuleState_Initializing (3)[EOL]
[2026-09-22T08:31:08.388912Z][APM_J.newgen-amplificationplatemagazine][I][2560017][141]MessageSender.h:SendEvent():105|Sent RabbitMqEvent Roche.c68_8800.AmplificationPlateMagazine.J.AmplificationPlateMagazineStateChanged. Content: {"Timestamp":"2026-09-22T08:31:08.388869Z","TraceContext":"00-d3a887348c9879fd5bb5a94125ed6685-c1c90284fde654f2-01","MagazineId":"J","OldState":"NotReady","NewState":"Initializing"}[EOL]
[2026-09-22T08:31:08.388935Z][APM_J.newgen-amplificationplatemagazine][I][844444436][141]UnitCommunicator.cpp:SendEvent():424|Publishing event: type=Roche.c68_8800.AmplificationPlateMagazine.J.UnitStateChanged correlation_id=(n/a)[EOL]
[2026-09-22T08:31:08.389008Z][APM_J.newgen-amplificationplatemagazine][I][2560017][141]MessageSender.h:SendEvent():105|Sent RabbitMqEvent Roche.c68_8800.AmplificationPlateMagazine.J.UnitStateChanged. Content: {"Timestamp":"2026-09-22T08:31:08.388931Z","TraceContext":"00-aafe307c0dd3f24998442fc0b7fd0b3f-60043b2b7af4004a-01","MagazineId":"J","OldState":"StartedUp","NewState":"Initializing"}[EOL]
[2026-09-22T08:31:08.400477Z][APM_J.newgen-amplificationplatemagazine][I][1009003][141]CInitOneAxisIntProcedure.cpp:SetParameter():127|MotionDevice 0, TimingClassification 11, InitStructureID 0[EOL]
[2026-09-22T08:31:08.400603Z][APM_J.newgen-amplificationplatemagazine][I][1009005][141]CEnableOneMotorDeviceIntProcedure.cpp:SetParameter():82|MotionDevice 0[EOL]
[2026-09-22T08:31:08.643243Z][APM_J.newgen-amplificationplatemagazine][I][1009050][141]CGetSingleBitInputStateStep.cpp:ReportReceived():117|The received signal level is SignalLevel_H_L_Enum_Low (0)[EOL]
[2026-09-22T08:31:08.643340Z][APM_J.newgen-amplificationplatemagazine][I][6820047][141]CCheckLBIfStep.cpp:EvalCondition():44|No AD Cassette is loaded[EOL]
[2026-09-22T08:31:08.643408Z][APM_J.newgen-amplificationplatemagazine][I][0][141]MagazineManager.cpp:ResetNofConsumables():231|RabbitMqMessage RESET consumable, Current NofConsumables: 0[EOL]
[2026-09-22T08:31:08.643413Z][APM_J.newgen-amplificationplatemagazine][I][6820048][141]CChangeNumberOfConsumablesStep.cpp:DoStep():59|Number of Consumables updated to: 0[EOL]
[2026-09-22T08:31:08.724786Z][APM_J.newgen-amplificationplatemagazine][I][844444436][141]UnitCommunicator.cpp:SendEvent():424|Publishing event: type=Roche.c68_8800.AmplificationPlateMagazine.J.AmplificationPlateMagazineContentChanged correlation_id=(n/a)[EOL]
[2026-09-22T08:31:08.724859Z][APM_J.newgen-amplificationplatemagazine][I][2560017][141]MessageSender.h:SendEvent():105|Sent RabbitMqEvent Roche.c68_8800.AmplificationPlateMagazine.J.AmplificationPlateMagazineContentChanged. Content: {"Timestamp":"2026-09-22T08:31:08.724598Z","TraceContext":"00-f9a0e51bc1f72c898c41fd81f6ecb24a-f4121d3e9d8b5a6c-01","MagazineId":"J","AmplificationPlateCassettePresent":false,"NumberOfAmplificationPlates":0,"Barcode":null,"BarcodeData":null}[EOL]
[2026-09-22T08:31:08.725324Z][APM_J.newgen-amplificationplatemagazine][I][6820029][141]CAmplificationPlateMagazineEventHelper.cpp:SendUpdateStackerFillingStateEvent():87|Send UpdateStackerFillingStateEvent. Reason: SendEventReason_UpdateReason (2), Read status: ReadStatus_BCRNoRead (2), number of consumables: 0, Stacker capacity state: StackerCapacityState_Empty (2), Hex-Dump of data (of length 0): [EOL]
[2026-09-22T08:31:08.730756Z][APM_J.newgen-amplificationplatemagazine][I][1009050][141]CGetSingleBitInputStateStep.cpp:ReportReceived():117|The received signal level is SignalLevel_H_L_Enum_Low (0)[EOL]
[2026-09-22T08:31:08.736611Z][APM_J.newgen-amplificationplatemagazine][I][844444436][141]UnitCommunicator.cpp:SendEvent():424|Publishing event: type=Roche.c68_8800.AmplificationPlateMagazine.J.AmplificationPlateCassettePresenceSensorStateChanged correlation_id=(n/a)[EOL]
[2026-09-22T08:31:08.736701Z][APM_J.newgen-amplificationplatemagazine][I][2560017][141]MessageSender.h:SendEvent():105|Sent RabbitMqEvent Roche.c68_8800.AmplificationPlateMagazine.J.AmplificationPlateCassettePresenceSensorStateChanged. Content: {"Timestamp":"2026-09-22T08:31:08.736529Z","TraceContext":"00-dd82d13ed26ec30b58a7827c44aa343a-ecc432c769dc78a9-01","MagazineId":"J","IsPresent":false}[EOL]
[2026-09-22T08:31:08.786667Z][APM_J.newgen-amplificationplatemagazine][I][6820021][141]CASStateMachine.cpp:ReportStateChange():119|Module state has changed. New State: ModuleState_Ready (4)[EOL]
[2026-09-22T08:31:08.786867Z][APM_J.newgen-amplificationplatemagazine][I][844444436][141]UnitCommunicator.cpp:SendEvent():424|Publishing event: type=Roche.c68_8800.AmplificationPlateMagazine.J.AmplificationPlateMagazineStateChanged correlation_id=(n/a)[EOL]
[2026-09-22T08:31:08.786944Z][APM_J.newgen-amplificationplatemagazine][I][2560017][141]MessageSender.h:SendEvent():105|Sent RabbitMqEvent Roche.c68_8800.AmplificationPlateMagazine.J.AmplificationPlateMagazineStateChanged. Content: {"Timestamp":"2026-09-22T08:31:08.786850Z","TraceContext":"00-52c6a5c85f31e4d00d14071b4527ded5-9e57beeb722e58a2-01","MagazineId":"J","OldState":"Initializing","NewState":"Ready"}[EOL]
[2026-09-22T08:31:08.787044Z][APM_J.newgen-amplificationplatemagazine][I][844444436][141]UnitCommunicator.cpp:SendEvent():424|Publishing event: type=Roche.c68_8800.AmplificationPlateMagazine.J.UnitStateChanged correlation_id=(n/a)[EOL]
[2026-09-22T08:31:08.787207Z][APM_J.newgen-amplificationplatemagazine][I][2560017][141]MessageSender.h:SendEvent():105|Sent RabbitMqEvent Roche.c68_8800.AmplificationPlateMagazine.J.UnitStateChanged. Content: {"Timestamp":"2026-09-22T08:31:08.787036Z","TraceContext":"00-854c63b132907ac546003076f00251dd-402c1cb97873d534-01","MagazineId":"J","OldState":"Initializing","NewState":"Operational"}[EOL]
[2026-09-22T08:31:09.175432Z][APM_J.newgen-amplificationplatemagazine][I][2560016][141]IMessageHandler.h:operator()():53|Received RabbitMqMessage Roche.c68_8800.MainHandler.MainHandlerStateChanged. Content: {"Timestamp":"2026-09-22T08:31:09.161511Z","TraceContext":"00-3cad325d6e59a7116d4f58266a89d09a-d30a545c7043e64e-01","OldState":"Initializing","NewState":"Ready"}[EOL]
[2026-09-22T08:31:10.473807Z][APM_J.barcodereader][W][2330306][134]CRTCyclicEvent.cpp:TimeMissed():101|Cycle miss in event CCSICombinedCmdManager Cyclic Event. Time Overrun is 3722 us[EOL]
[2026-09-22T08:31:10.473852Z][APM_J.barcodereader][W][2330306][134]CRTCyclicEvent.cpp:TimeMissed():101|Cycle miss in event CCSICombinedRepManager. Time Overrun is 3722 us[EOL]
[2026-09-22T08:31:10.724080Z][APM_J.newgen-amplificationplatemagazine][W][2330306][141]CRTCyclicEvent.cpp:TimeMissed():101|Cycle miss in event CCSICombinedCmdManager Cyclic Event. Time Overrun is 1118 us[EOL]
[2026-09-22T08:31:10.724116Z][APM_J.newgen-amplificationplatemagazine][W][2330306][141]CRTCyclicEvent.cpp:TimeMissed():101|Cycle miss in event CCSICombinedRepManager. Time Overrun is 1118 us[EOL]
[2026-09-22T08:31:10.750894Z][APM_J.barcodereader][W][2330306][134]CRTCyclicEvent.cpp:TimeMissed():101|Cycle miss in event CCSICombinedCmdManager Cyclic Event. Time Overrun is 812 us[EOL]
[2026-09-22T08:31:10.750920Z][APM_J.barcodereader][W][2330306][134]CRTCyclicEvent.cpp:TimeMissed():101|Cycle miss in event CCSICombinedRepManager. Time Overrun is 812 us[EOL]
[2026-09-22T08:31:12.140947Z][APM_J.newgen-amplificationplatemagazine][I][2560016][141]IMessageHandler.h:operator()():53|Received RabbitMqMessage Roche.c68_8800.InstrumentState.InstrumentStateChanged. Content: {"Timestamp":"2026-09-22T08:31:12.1379686Z","TraceContext":"00-096a14d08ddfa8652d114d8f390ec520-0d37330fa2f71cf3-01","OldState":"Initializing","NewState":"Standby"}[EOL]
[2026-09-22T08:31:12.141106Z][APM_J.newgen-amplificationplatemagazine][I][2560016][141]IMessageHandler.h:operator()():40|Received RabbitMqMessage Roche.c68_8800.InstrumentState.InstrumentStateChanged. Content: {"Timestamp":"2026-09-22T08:31:12.1379686Z","TraceContext":"00-096a14d08ddfa8652d114d8f390ec520-0d37330fa2f71cf3-01","OldState":"Initializing","NewState":"Standby"}[EOL]
[2026-09-22T08:31:21.278078Z][APM_J.newgen-amplificationplatemagazine][W][2330306][141]CRTCyclicEvent.cpp:TimeMissed():101|Cycle miss in event CCSICombinedCmdManager Cyclic Event. Time Overrun is 15117 us[EOL]
[2026-09-22T08:31:21.278111Z][APM_J.newgen-amplificationplatemagazine][W][2330306][141]CRTCyclicEvent.cpp:TimeMissed():101|Cycle miss in event CCSICombinedRepManager. Time Overrun is 15117 us[EOL]
[2026-09-22T08:31:26.313826Z][APM_J.newgen-amplificationplatemagazine][W][2330306][141]CRTCyclicEvent.cpp:TimeMissed():101|Cycle miss in event CCSICombinedCmdManager Cyclic Event. Time Overrun is 867 us[EOL]
[2026-09-22T08:31:26.315978Z][APM_J.barcodereader][W][2330306][134]CRTCyclicEvent.cpp:TimeMissed():101|Cycle miss in event CCSICombinedCmdManager Cyclic Event. Time Overrun is 5897 us[EOL]
[2026-09-22T08:31:26.313850Z][APM_J.newgen-amplificationplatemagazine][W][2330306][141]CRTCyclicEvent.cpp:TimeMissed():101|Cycle miss in event CCSICombinedRepManager. Time Overrun is 867 us[EOL]
[2026-09-22T08:31:26.316006Z][APM_J.barcodereader][W][2330306][134]CRTCyclicEvent.cpp:TimeMissed():101|Cycle miss in event CCSICombinedRepManager. Time Overrun is 5897 us[EOL]
[2026-09-22T08:31:26.472275Z][APM_J.barcodereader][W][2330306][134]CRTCyclicEvent.cpp:TimeMissed():101|Cycle miss in event CCSICombinedCmdManager Cyclic Event. Time Overrun is 42194 us[EOL]
[2026-09-22T08:31:26.472720Z][APM_J.newgen-amplificationplatemagazine][W][2330306][141]CRTCyclicEvent.cpp:TimeMissed():101|Cycle miss in event CCSICombinedCmdManager Cyclic Event. Time Overrun is 39761 us[EOL]
[2026-09-22T08:31:26.472749Z][APM_J.newgen-amplificationplatemagazine][W][2330306][141]CRTCyclicEvent.cpp:TimeMissed():101|Cycle miss in event CCSICombinedRepManager. Time Overrun is 39761 us[EOL]
[2026-09-22T08:31:26.472295Z][APM_J.barcodereader][W][2330306][134]CRTCyclicEvent.cpp:TimeMissed():101|Cycle miss in event CCSICombinedRepManager. Time Overrun is 42194 us[EOL]
[2026-09-22T08:31:27.006359Z][APM_J.barcodereader][W][2330306][134]CRTCyclicEvent.cpp:TimeMissed():101|Cycle miss in event CCSICombinedCmdManager Cyclic Event. Time Overrun is 6279 us[EOL]
[2026-09-22T08:31:27.006564Z][APM_J.newgen-amplificationplatemagazine][W][2330306][141]CRTCyclicEvent.cpp:TimeMissed():101|Cycle miss in event CCSICombinedCmdManager Cyclic Event. Time Overrun is 3605 us[EOL]
[2026-09-22T08:31:27.006589Z][APM_J.newgen-amplificationplatemagazine][W][2330306][141]CRTCyclicEvent.cpp:TimeMissed():101|Cycle miss in event CCSICombinedRepManager. Time Overrun is 3605 us[EOL]
[2026-09-22T08:31:27.006385Z][APM_J.barcodereader][W][2330306][134]CRTCyclicEvent.cpp:TimeMissed():101|Cycle miss in event CCSICombinedRepManager. Time Overrun is 6279 us[EOL]
[2026-09-22T08:31:28.093418Z][APM_J.newgen-amplificationplatemagazine][W][2330306][141]CRTCyclicEvent.cpp:TimeMissed():101|Cycle miss in event CCSICombinedCmdManager Cyclic Event. Time Overrun is 456 us[EOL]
[2026-09-22T08:31:28.093458Z][APM_J.newgen-amplificationplatemagazine][W][2330306][141]CRTCyclicEvent.cpp:TimeMissed():101|Cycle miss in event CCSICombinedRepManager. Time Overrun is 456 us[EOL]
[2026-09-22T08:31:28.129402Z][APM_J.barcodereader][W][2330306][134]CRTCyclicEvent.cpp:TimeMissed():101|Cycle miss in event CCSICombinedCmdManager Cyclic Event. Time Overrun is 19312 us[EOL]
[2026-09-22T08:31:28.129454Z][APM_J.barcodereader][W][2330306][134]CRTCyclicEvent.cpp:TimeMissed():101|Cycle miss in event CCSICombinedRepManager. Time Overrun is 19312 us[EOL]
[2026-09-22T08:31:28.213189Z][APM_J.newgen-amplificationplatemagazine][W][2330306][141]CRTCyclicEvent.cpp:TimeMissed():101|Cycle miss in event CCSICombinedCmdManager Cyclic Event. Time Overrun is 229 us[EOL]
[2026-09-22T08:31:28.213256Z][APM_J.newgen-amplificationplatemagazine][W][2330306][141]CRTCyclicEvent.cpp:TimeMissed():101|Cycle miss in event CCSICombinedRepManager. Time Overrun is 229 us[EOL]
[2026-09-22T08:31:28.347688Z][APM_J.barcodereader][W][2330306][134]CRTCyclicEvent.cpp:TimeMissed():101|Cycle miss in event CCSICombinedCmdManager Cyclic Event. Time Overrun is 7605 us[EOL]
[2026-09-22T08:31:28.347727Z][APM_J.barcodereader][W][2330306][134]CRTCyclicEvent.cpp:TimeMissed():101|Cycle miss in event CCSICombinedRepManager. Time Overrun is 7605 us[EOL]
[2026-09-22T08:31:28.349007Z][APM_J.newgen-amplificationplatemagazine][W][2330306][141]CRTCyclicEvent.cpp:TimeMissed():101|Cycle miss in event CCSICombinedCmdManager Cyclic Event. Time Overrun is 6047 us[EOL]
[2026-09-22T08:31:28.349043Z][APM_J.newgen-amplificationplatemagazine][W][2330306][141]CRTCyclicEvent.cpp:TimeMissed():101|Cycle miss in event CCSICombinedRepManager. Time Overrun is 6047 us[EOL]
[2026-09-22T08:31:28.790088Z][APM_J.barcodereader][W][2330306][134]CRTCyclicEvent.cpp:TimeMissed():101|Cycle miss in event CCSICombinedCmdManager Cyclic Event. Time Overrun is 10000 us[EOL]
[2026-09-22T08:31:28.758587Z][APM_J.newgen-amplificationplatemagazine][W][2330306][141]CRTCyclicEvent.cpp:TimeMissed():101|Cycle miss in event CCSICombinedCmdManager Cyclic Event. Time Overrun is 15627 us[EOL]
[2026-09-22T08:31:28.790129Z][APM_J.barcodereader][W][2330306][134]CRTCyclicEvent.cpp:TimeMissed():101|Cycle miss in event CCSICombinedRepManager. Time Overrun is 10000 us[EOL]
[2026-09-22T08:31:28.758632Z][APM_J.newgen-amplificationplatemagazine][W][2330306][141]CRTCyclicEvent.cpp:TimeMissed():101|Cycle miss in event CCSICombinedRepManager. Time Overrun is 15627 us[EOL]
[2026-09-22T08:31:28.759543Z][APM_J.newgen-amplificationplatemagazine][I][2560016][141]IMessageHandler.h:operator()():40|Received RabbitMqMessage Roche.MolLab.InstrumentState.Ping. Content: {"Timestamp":"2026-09-22T08:31:28.6741468Z","PingId":"IS3"}[EOL]
[2026-09-22T08:31:28.759586Z][APM_J.newgen-amplificationplatemagazine][I][844444436][141]UnitCommunicator.cpp:SendEvent():424|Publishing event: type=Roche.c68_8800.AmplificationPlateMagazine.J.Echo correlation_id=(n/a)[EOL]
[2026-09-22T08:31:28.759768Z][APM_J.newgen-amplificationplatemagazine][I][2560017][141]MessageSender.h:SendEvent():105|Sent RabbitMqEvent Roche.c68_8800.AmplificationPlateMagazine.J.Echo. Content: {"Timestamp":"2026-09-22T08:31:28.759577Z","MagazineId":"J","PingId":"IS3"}[EOL]
[2026-09-22T08:31:28.876441Z][APM_J.newgen-amplificationplatemagazine][W][2330306][141]CRTCyclicEvent.cpp:TimeMissed():101|Cycle miss in event CCSICombinedCmdManager Cyclic Event. Time Overrun is 3478 us[EOL]
[2026-09-22T08:31:28.876479Z][APM_J.newgen-amplificationplatemagazine][W][2330306][141]CRTCyclicEvent.cpp:TimeMissed():101|Cycle miss in event CCSICombinedRepManager. Time Overrun is 3478 us[EOL]
[2026-09-22T08:31:29.585829Z][APM_J.newgen-amplificationplatemagazine][W][2330306][141]CRTCyclicEvent.cpp:TimeMissed():101|Cycle miss in event CCSICombinedCmdManager Cyclic Event. Time Overrun is 12866 us[EOL]
[2026-09-22T08:31:29.587028Z][APM_J.barcodereader][W][2330306][134]CRTCyclicEvent.cpp:TimeMissed():101|Cycle miss in event CCSICombinedCmdManager Cyclic Event. Time Overrun is 16945 us[EOL]
[2026-09-22T08:31:29.587070Z][APM_J.barcodereader][W][2330306][134]CRTCyclicEvent.cpp:TimeMissed():101|Cycle miss in event CCSICombinedRepManager. Time Overrun is 16945 us[EOL]
[2026-09-22T08:31:29.585883Z][APM_J.newgen-amplificationplatemagazine][W][2330306][141]CRTCyclicEvent.cpp:TimeMissed():101|Cycle miss in event CCSICombinedRepManager. Time Overrun is 12866 us[EOL]
[2026-09-22T08:31:29.739971Z][APM_J.barcodereader][W][2330306][134]CRTCyclicEvent.cpp:TimeMissed():101|Cycle miss in event CCSICombinedCmdManager Cyclic Event. Time Overrun is 29890 us[EOL]
[2026-09-22T08:31:29.740000Z][APM_J.barcodereader][W][2330306][134]CRTCyclicEvent.cpp:TimeMissed():101|Cycle miss in event CCSICombinedRepManager. Time Overrun is 29890 us[EOL]
[2026-09-22T08:31:29.740071Z][APM_J.newgen-amplificationplatemagazine][W][2330306][141]CRTCyclicEvent.cpp:TimeMissed():101|Cycle miss in event CCSICombinedCmdManager Cyclic Event. Time Overrun is 27111 us[EOL]
[2026-09-22T08:31:29.740101Z][APM_J.newgen-amplificationplatemagazine][W][2330306][141]CRTCyclicEvent.cpp:TimeMissed():101|Cycle miss in event CCSICombinedRepManager. Time Overrun is 27111 us[EOL]
[2026-09-22T08:31:36.169626Z][APM_J.barcodereader][W][2330306][134]CRTCyclicEvent.cpp:TimeMissed():101|Cycle miss in event CCSICombinedCmdManager Cyclic Event. Time Overrun is 19545 us[EOL]
[2026-09-22T08:31:36.169645Z][APM_J.barcodereader][W][2330306][134]CRTCyclicEvent.cpp:TimeMissed():101|Cycle miss in event CCSICombinedRepManager. Time Overrun is 19545 us[EOL]
[2026-09-22T08:31:36.315453Z][APM_J.barcodereader][W][2330306][134]CRTCyclicEvent.cpp:TimeMissed():101|Cycle miss in event CCSICombinedCmdManager Cyclic Event. Time Overrun is 35371 us[EOL]
[2026-09-22T08:31:36.315484Z][APM_J.barcodereader][W][2330306][134]CRTCyclicEvent.cpp:TimeMissed():101|Cycle miss in event CCSICombinedRepManager. Time Overrun is 35371 us[EOL]
[2026-09-22T08:31:36.368132Z][APM_J.newgen-amplificationplatemagazine][W][2330306][141]CRTCyclicEvent.cpp:TimeMissed():101|Cycle miss in event CCSICombinedCmdManager Cyclic Event. Time Overrun is 5170 us[EOL]
[2026-09-22T08:31:36.368170Z][APM_J.newgen-amplificationplatemagazine][W][2330306][141]CRTCyclicEvent.cpp:TimeMissed():101|Cycle miss in event CCSICombinedRepManager. Time Overrun is 5170 us[EOL]
[2026-09-22T08:31:36.593879Z][APM_J.barcodereader][W][2330306][134]CRTCyclicEvent.cpp:TimeMissed():101|Cycle miss in event CCSICombinedCmdManager Cyclic Event. Time Overrun is 3795 us[EOL]
[2026-09-22T08:31:36.593915Z][APM_J.barcodereader][W][2330306][134]CRTCyclicEvent.cpp:TimeMissed():101|Cycle miss in event CCSICombinedRepManager. Time Overrun is 3795 us[EOL]
[2026-09-22T08:31:36.865162Z][APM_J.newgen-amplificationplatemagazine][W][2330306][141]CRTCyclicEvent.cpp:TimeMissed():101|Cycle miss in event CCSICombinedCmdManager Cyclic Event. Time Overrun is 12202 us[EOL]
[2026-09-22T08:31:36.865088Z][APM_J.barcodereader][W][2330306][134]CRTCyclicEvent.cpp:TimeMissed():101|Cycle miss in event CCSICombinedCmdManager Cyclic Event. Time Overrun is 15007 us[EOL]
[2026-09-22T08:31:36.865114Z][APM_J.barcodereader][W][2330306][134]CRTCyclicEvent.cpp:TimeMissed():101|Cycle miss in event CCSICombinedRepManager. Time Overrun is 15007 us[EOL]
[2026-09-22T08:31:36.865189Z][APM_J.newgen-amplificationplatemagazine][W][2330306][141]CRTCyclicEvent.cpp:TimeMissed():101|Cycle miss in event CCSICombinedRepManager. Time Overrun is 12202 us[EOL]
[2026-09-22T08:31:37.715457Z][APM_J.newgen-amplificationplatemagazine][W][2330306][141]CRTCyclicEvent.cpp:TimeMissed():101|Cycle miss in event CCSICombinedCmdManager Cyclic Event. Time Overrun is 22497 us[EOL]
[2026-09-22T08:31:37.715491Z][APM_J.newgen-amplificationplatemagazine][W][2330306][141]CRTCyclicEvent.cpp:TimeMissed():101|Cycle miss in event CCSICombinedRepManager. Time Overrun is 22497 us[EOL]
[2026-09-22T08:31:37.740054Z][APM_J.barcodereader][W][2330306][134]CRTCyclicEvent.cpp:TimeMissed():101|Cycle miss in event CCSICombinedCmdManager Cyclic Event. Time Overrun is 9968 us[EOL]
[2026-09-22T08:31:37.740100Z][APM_J.barcodereader][W][2330306][134]CRTCyclicEvent.cpp:TimeMissed():101|Cycle miss in event CCSICombinedRepManager. Time Overrun is 9968 us[EOL]
[2026-09-22T08:31:37.960908Z][APM_J.barcodereader][W][2330306][134]CRTCyclicEvent.cpp:TimeMissed():101|Cycle miss in event CCSICombinedCmdManager Cyclic Event. Time Overrun is 40823 us[EOL]
[2026-09-22T08:31:37.960948Z][APM_J.barcodereader][W][2330306][134]CRTCyclicEvent.cpp:TimeMissed():101|Cycle miss in event CCSICombinedRepManager. Time Overrun is 40823 us[EOL]
[2026-09-22T08:31:38.008130Z][APM_J.newgen-amplificationplatemagazine][W][2330306][141]CRTCyclicEvent.cpp:TimeMissed():101|Cycle miss in event CCSICombinedCmdManager Cyclic Event. Time Overrun is 25168 us[EOL]
[2026-09-22T08:31:38.008207Z][APM_J.newgen-amplificationplatemagazine][W][2330306][141]CRTCyclicEvent.cpp:TimeMissed():101|Cycle miss in event CCSICombinedRepManager. Time Overrun is 25168 us[EOL]
[2026-09-22T08:31:38.087857Z][APM_J.barcodereader][W][2330306][134]CRTCyclicEvent.cpp:TimeMissed():101|Cycle miss in event CCSICombinedCmdManager Cyclic Event. Time Overrun is 7742 us[EOL]
[2026-09-22T08:31:38.087935Z][APM_J.barcodereader][W][2330306][134]CRTCyclicEvent.cpp:TimeMissed():101|Cycle miss in event CCSICombinedRepManager. Time Overrun is 7742 us[EOL]
[2026-09-22T08:31:38.161126Z][APM_J.newgen-amplificationplatemagazine][W][2330306][141]CRTCyclicEvent.cpp:TimeMissed():101|Cycle miss in event CCSICombinedCmdManager Cyclic Event. Time Overrun is 38162 us[EOL]
[2026-09-22T08:31:38.161163Z][APM_J.newgen-amplificationplatemagazine][W][2330306][141]CRTCyclicEvent.cpp:TimeMissed():101|Cycle miss in event CCSICombinedRepManager. Time Overrun is 38162 us[EOL]
[2026-09-22T08:31:38.309792Z][APM_J.newgen-amplificationplatemagazine][W][2330306][141]CRTCyclicEvent.cpp:TimeMissed():101|Cycle miss in event CCSICombinedCmdManager Cyclic Event. Time Overrun is 26828 us[EOL]
[2026-09-22T08:31:38.310591Z][APM_J.newgen-amplificationplatemagazine][W][2330306][141]CRTCyclicEvent.cpp:TimeMissed():101|Cycle miss in event CCSICombinedRepManager. Time Overrun is 26828 us[EOL]
[2026-09-22T08:31:49.682582Z][APM_J.barcodereader][W][2330306][134]CRTCyclicEvent.cpp:TimeMissed():101|Cycle miss in event CCSICombinedCmdManager Cyclic Event. Time Overrun is 2498 us[EOL]
[2026-09-22T08:31:49.682637Z][APM_J.barcodereader][W][2330306][134]CRTCyclicEvent.cpp:TimeMissed():101|Cycle miss in event CCSICombinedRepManager. Time Overrun is 2498 us[EOL]
[2026-09-22T08:31:58.682030Z][APM_J.newgen-amplificationplatemagazine][I][2560016][141]IMessageHandler.h:operator()():40|Received RabbitMqMessage Roche.MolLab.InstrumentState.Ping. Content: {"Timestamp":"2026-09-22T08:31:58.6768148Z","PingId":"IS4"}[EOL]
[2026-09-22T08:31:58.682078Z][APM_J.newgen-amplificationplatemagazine][I][844444436][141]UnitCommunicator.cpp:SendEvent():424|Publishing event: type=Roche.c68_8800.AmplificationPlateMagazine.J.Echo correlation_id=(n/a)[EOL]
[2026-09-22T08:31:58.682102Z][APM_J.newgen-amplificationplatemagazine][I][2560017][141]MessageSender.h:SendEvent():105|Sent RabbitMqEvent Roche.c68_8800.AmplificationPlateMagazine.J.Echo. Content: {"Timestamp":"2026-09-22T08:31:58.682072Z","MagazineId":"J","PingId":"IS4"}[EOL]
[2026-09-22T08:31:58.730966Z][APM_J.barcodereader][W][2330306][134]CRTCyclicEvent.cpp:TimeMissed():101|Cycle miss in event CCSICombinedCmdManager Cyclic Event. Time Overrun is 10884 us[EOL]
[2026-09-22T08:31:58.730993Z][APM_J.barcodereader][W][2330306][134]CRTCyclicEvent.cpp:TimeMissed():101|Cycle miss in event CCSICombinedRepManager. Time Overrun is 10884 us[EOL]
[2026-09-22T08:32:04.025482Z][APM_J.barcodereader][W][2330306][134]CRTCyclicEvent.cpp:TimeMissed():101|Cycle miss in event CCSICombinedCmdManager Cyclic Event. Time Overrun is 15400 us[EOL]
[2026-09-22T08:32:04.025593Z][APM_J.barcodereader][W][2330306][134]CRTCyclicEvent.cpp:TimeMissed():101|Cycle miss in event CCSICombinedRepManager. Time Overrun is 15400 us[EOL]
[2026-09-22T08:32:04.027809Z][APM_J.newgen-amplificationplatemagazine][W][2330306][141]CRTCyclicEvent.cpp:TimeMissed():101|Cycle miss in event CCSICombinedCmdManager Cyclic Event. Time Overrun is 14848 us[EOL]
[2026-09-22T08:32:04.027833Z][APM_J.newgen-amplificationplatemagazine][W][2330306][141]CRTCyclicEvent.cpp:TimeMissed():101|Cycle miss in event CCSICombinedRepManager. Time Overrun is 14848 us[EOL]
[2026-09-22T08:32:04.269362Z][APM_J.newgen-amplificationplatemagazine][W][2330306][141]CRTCyclicEvent.cpp:TimeMissed():101|Cycle miss in event CCSICombinedCmdManager Cyclic Event. Time Overrun is 16389 us[EOL]
[2026-09-22T08:32:04.269401Z][APM_J.newgen-amplificationplatemagazine][W][2330306][141]CRTCyclicEvent.cpp:TimeMissed():101|Cycle miss in event CCSICombinedRepManager. Time Overrun is 16389 us[EOL]
[2026-09-22T08:32:04.271780Z][APM_J.barcodereader][W][2330306][134]CRTCyclicEvent.cpp:TimeMissed():101|Cycle miss in event CCSICombinedCmdManager Cyclic Event. Time Overrun is 11694 us[EOL]
[2026-09-22T08:32:04.271822Z][APM_J.barcodereader][W][2330306][134]CRTCyclicEvent.cpp:TimeMissed():101|Cycle miss in event CCSICombinedRepManager. Time Overrun is 11694 us[EOL]
[2026-09-22T08:32:12.471188Z][APM_J.barcodereader][W][2330306][134]CRTCyclicEvent.cpp:TimeMissed():101|Cycle miss in event CCSICombinedCmdManager Cyclic Event. Time Overrun is 1107 us[EOL]
[2026-09-22T08:32:12.471222Z][APM_J.barcodereader][W][2330306][134]CRTCyclicEvent.cpp:TimeMissed():101|Cycle miss in event CCSICombinedRepManager. Time Overrun is 1107 us[EOL]
[2026-09-22T08:32:19.955557Z][APM_J.newgen-amplificationplatemagazine][W][2330306][141]CRTCyclicEvent.cpp:TimeMissed():101|Cycle miss in event CCSICombinedCmdManager Cyclic Event. Time Overrun is 2597 us[EOL]
[2026-09-22T08:32:19.955603Z][APM_J.newgen-amplificationplatemagazine][W][2330306][141]CRTCyclicEvent.cpp:TimeMissed():101|Cycle miss in event CCSICombinedRepManager. Time Overrun is 2597 us[EOL]
[2026-09-22T08:32:21.304617Z][APM_J.newgen-amplificationplatemagazine][W][2330306][141]CRTCyclicEvent.cpp:TimeMissed():101|Cycle miss in event CCSICombinedCmdManager Cyclic Event. Time Overrun is 1652 us[EOL]
[2026-09-22T08:32:21.304680Z][APM_J.newgen-amplificationplatemagazine][W][2330306][141]CRTCyclicEvent.cpp:TimeMissed():101|Cycle miss in event CCSICombinedRepManager. Time Overrun is 1652 us[EOL]
[2026-09-22T08:32:22.222326Z][APM_J.newgen-amplificationplatemagazine][W][2330306][141]CRTCyclicEvent.cpp:TimeMissed():101|Cycle miss in event CCSICombinedCmdManager Cyclic Event. Time Overrun is 29364 us[EOL]
[2026-09-22T08:32:22.222371Z][APM_J.newgen-amplificationplatemagazine][W][2330306][141]CRTCyclicEvent.cpp:TimeMissed():101|Cycle miss in event CCSICombinedRepManager. Time Overrun is 29364 us[EOL]
[2026-09-22T08:32:28.684100Z][APM_J.newgen-amplificationplatemagazine][I][2560016][141]IMessageHandler.h:operator()():40|Received RabbitMqMessage Roche.MolLab.InstrumentState.Ping. Content: {"Timestamp":"2026-09-22T08:32:28.6747648Z","PingId":"IS5"}[EOL]
[2026-09-22T08:32:28.684161Z][APM_J.newgen-amplificationplatemagazine][I][844444436][141]UnitCommunicator.cpp:SendEvent():424|Publishing event: type=Roche.c68_8800.AmplificationPlateMagazine.J.Echo correlation_id=(n/a)[EOL]
[2026-09-22T08:32:28.684180Z][APM_J.newgen-amplificationplatemagazine][I][2560017][141]MessageSender.h:SendEvent():105|Sent RabbitMqEvent Roche.c68_8800.AmplificationPlateMagazine.J.Echo. Content: {"Timestamp":"2026-09-22T08:32:28.684151Z","MagazineId":"J","PingId":"IS5"}[EOL]
[2026-09-22T08:32:29.275171Z][APM_J.barcodereader][W][2330306][134]CRTCyclicEvent.cpp:TimeMissed():101|Cycle miss in event CCSICombinedCmdManager Cyclic Event. Time Overrun is 15090 us[EOL]
[2026-09-22T08:32:29.275194Z][APM_J.barcodereader][W][2330306][134]CRTCyclicEvent.cpp:TimeMissed():101|Cycle miss in event CCSICombinedRepManager. Time Overrun is 15090 us[EOL]
[2026-09-22T08:32:29.275718Z][APM_J.newgen-amplificationplatemagazine][W][2330306][141]CRTCyclicEvent.cpp:TimeMissed():101|Cycle miss in event CCSICombinedCmdManager Cyclic Event. Time Overrun is 12758 us[EOL]
[2026-09-22T08:32:29.275746Z][APM_J.newgen-amplificationplatemagazine][W][2330306][141]CRTCyclicEvent.cpp:TimeMissed():101|Cycle miss in event CCSICombinedRepManager. Time Overrun is 12758 us[EOL]
[2026-09-22T08:32:32.454561Z][APM_J.newgen-amplificationplatemagazine][W][2330306][141]CRTCyclicEvent.cpp:TimeMissed():101|Cycle miss in event CCSICombinedCmdManager Cyclic Event. Time Overrun is 1586 us[EOL]
[2026-09-22T08:32:32.454800Z][APM_J.newgen-amplificationplatemagazine][W][2330306][141]CRTCyclicEvent.cpp:TimeMissed():101|Cycle miss in event CCSICombinedRepManager. Time Overrun is 1586 us[EOL]
[2026-09-22T08:32:32.457416Z][APM_J.barcodereader][W][2330306][134]CRTCyclicEvent.cpp:TimeMissed():101|Cycle miss in event CCSICombinedCmdManager Cyclic Event. Time Overrun is 7337 us[EOL]
[2026-09-22T08:32:32.457440Z][APM_J.barcodereader][W][2330306][134]CRTCyclicEvent.cpp:TimeMissed():101|Cycle miss in event CCSICombinedRepManager. Time Overrun is 7337 us[EOL]
[2026-09-22T08:32:33.335121Z][APM_J.newgen-amplificationplatemagazine][W][2330306][141]CRTCyclicEvent.cpp:TimeMissed():101|Cycle miss in event CCSICombinedCmdManager Cyclic Event. Time Overrun is 2160 us[EOL]
[2026-09-22T08:32:33.335152Z][APM_J.newgen-amplificationplatemagazine][W][2330306][141]CRTCyclicEvent.cpp:TimeMissed():101|Cycle miss in event CCSICombinedRepManager. Time Overrun is 2160 us[EOL]
[2026-09-22T08:32:33.407637Z][APM_J.barcodereader][W][2330306][134]CRTCyclicEvent.cpp:TimeMissed():101|Cycle miss in event CCSICombinedCmdManager Cyclic Event. Time Overrun is 7551 us[EOL]
[2026-09-22T08:32:33.407704Z][APM_J.barcodereader][W][2330306][134]CRTCyclicEvent.cpp:TimeMissed():101|Cycle miss in event CCSICombinedRepManager. Time Overrun is 7551 us[EOL]
[2026-09-22T08:32:36.033004Z][APM_J.barcodereader][W][2330306][134]CRTCyclicEvent.cpp:TimeMissed():101|Cycle miss in event CCSICombinedCmdManager Cyclic Event. Time Overrun is 2918 us[EOL]
[2026-09-22T08:32:36.034942Z][APM_J.newgen-amplificationplatemagazine][W][2330306][141]CRTCyclicEvent.cpp:TimeMissed():101|Cycle miss in event CCSICombinedCmdManager Cyclic Event. Time Overrun is 1983 us[EOL]
[2026-09-22T08:32:36.033050Z][APM_J.barcodereader][W][2330306][134]CRTCyclicEvent.cpp:TimeMissed():101|Cycle miss in event CCSICombinedRepManager. Time Overrun is 2918 us[EOL]
[2026-09-22T08:32:36.034966Z][APM_J.newgen-amplificationplatemagazine][W][2330306][141]CRTCyclicEvent.cpp:TimeMissed():101|Cycle miss in event CCSICombinedRepManager. Time Overrun is 1983 us[EOL]
[2026-09-22T08:32:36.161649Z][APM_J.barcodereader][W][2330306][134]CRTCyclicEvent.cpp:TimeMissed():101|Cycle miss in event CCSICombinedCmdManager Cyclic Event. Time Overrun is 1569 us[EOL]
[2026-09-22T08:32:36.161669Z][APM_J.barcodereader][W][2330306][134]CRTCyclicEvent.cpp:TimeMissed():101|Cycle miss in event CCSICombinedRepManager. Time Overrun is 1569 us[EOL]
[2026-09-22T08:32:36.407339Z][APM_J.barcodereader][W][2330306][134]CRTCyclicEvent.cpp:TimeMissed():101|Cycle miss in event CCSICombinedCmdManager Cyclic Event. Time Overrun is 7257 us[EOL]
[2026-09-22T08:32:36.407366Z][APM_J.barcodereader][W][2330306][134]CRTCyclicEvent.cpp:TimeMissed():101|Cycle miss in event CCSICombinedRepManager. Time Overrun is 7257 us[EOL]
[2026-09-22T08:32:36.407386Z][APM_J.newgen-amplificationplatemagazine][W][2330306][141]CRTCyclicEvent.cpp:TimeMissed():101|Cycle miss in event CCSICombinedCmdManager Cyclic Event. Time Overrun is 4426 us[EOL]
[2026-09-22T08:32:36.407420Z][APM_J.newgen-amplificationplatemagazine][W][2330306][141]CRTCyclicEvent.cpp:TimeMissed():101|Cycle miss in event CCSICombinedRepManager. Time Overrun is 4426 us[EOL]
[2026-09-22T08:32:37.538976Z][APM_J.barcodereader][W][2330306][134]CRTCyclicEvent.cpp:TimeMissed():101|Cycle miss in event CCSICombinedCmdManager Cyclic Event. Time Overrun is 18895 us[EOL]
[2026-09-22T08:32:37.539171Z][APM_J.newgen-amplificationplatemagazine][W][2330306][141]CRTCyclicEvent.cpp:TimeMissed():101|Cycle miss in event CCSICombinedCmdManager Cyclic Event. Time Overrun is 16213 us[EOL]
[2026-09-22T08:32:37.539196Z][APM_J.newgen-amplificationplatemagazine][W][2330306][141]CRTCyclicEvent.cpp:TimeMissed():101|Cycle miss in event CCSICombinedRepManager. Time Overrun is 16213 us[EOL]
[2026-09-22T08:32:37.539000Z][APM_J.barcodereader][W][2330306][134]CRTCyclicEvent.cpp:TimeMissed():101|Cycle miss in event CCSICombinedRepManager. Time Overrun is 18895 us[EOL]
[2026-09-22T08:32:40.496132Z][APM_J.barcodereader][W][2330306][134]CRTCyclicEvent.cpp:TimeMissed():101|Cycle miss in event CCSICombinedCmdManager Cyclic Event. Time Overrun is 16039 us[EOL]
[2026-09-22T08:32:40.496177Z][APM_J.barcodereader][W][2330306][134]CRTCyclicEvent.cpp:TimeMissed():101|Cycle miss in event CCSICombinedRepManager. Time Overrun is 16039 us[EOL]
[2026-09-22T08:32:40.495982Z][APM_J.newgen-amplificationplatemagazine][W][2330306][141]CRTCyclicEvent.cpp:TimeMissed():101|Cycle miss in event CCSICombinedCmdManager Cyclic Event. Time Overrun is 13020 us[EOL]
[2026-09-22T08:32:40.496013Z][APM_J.newgen-amplificationplatemagazine][W][2330306][141]CRTCyclicEvent.cpp:TimeMissed():101|Cycle miss in event CCSICombinedRepManager. Time Overrun is 13020 us[EOL]
[2026-09-22T08:32:40.731789Z][APM_J.barcodereader][W][2330306][134]CRTCyclicEvent.cpp:TimeMissed():101|Cycle miss in event CCSICombinedCmdManager Cyclic Event. Time Overrun is 1701 us[EOL]
[2026-09-22T08:32:40.731824Z][APM_J.barcodereader][W][2330306][134]CRTCyclicEvent.cpp:TimeMissed():101|Cycle miss in event CCSICombinedRepManager. Time Overrun is 1701 us[EOL]
[2026-09-22T08:32:40.734154Z][APM_J.newgen-amplificationplatemagazine][W][2330306][141]CRTCyclicEvent.cpp:TimeMissed():101|Cycle miss in event CCSICombinedCmdManager Cyclic Event. Time Overrun is 1187 us[EOL]
[2026-09-22T08:32:40.734189Z][APM_J.newgen-amplificationplatemagazine][W][2330306][141]CRTCyclicEvent.cpp:TimeMissed():101|Cycle miss in event CCSICombinedRepManager. Time Overrun is 1187 us[EOL]
[2026-09-22T08:32:41.585087Z][APM_J.newgen-amplificationplatemagazine][W][2330306][141]CRTCyclicEvent.cpp:TimeMissed():101|Cycle miss in event CCSICombinedCmdManager Cyclic Event. Time Overrun is 2128 us[EOL]
[2026-09-22T08:32:41.585113Z][APM_J.newgen-amplificationplatemagazine][W][2330306][141]CRTCyclicEvent.cpp:TimeMissed():101|Cycle miss in event CCSICombinedRepManager. Time Overrun is 2128 us[EOL]
[2026-09-22T08:32:43.672320Z][APM_J.barcodereader][W][2330306][134]CRTCyclicEvent.cpp:TimeMissed():101|Cycle miss in event CCSICombinedCmdManager Cyclic Event. Time Overrun is 12239 us[EOL]
[2026-09-22T08:32:43.671986Z][APM_J.newgen-amplificationplatemagazine][W][2330306][141]CRTCyclicEvent.cpp:TimeMissed():101|Cycle miss in event CCSICombinedCmdManager Cyclic Event. Time Overrun is 9027 us[EOL]
[2026-09-22T08:32:43.672342Z][APM_J.barcodereader][W][2330306][134]CRTCyclicEvent.cpp:TimeMissed():101|Cycle miss in event CCSICombinedRepManager. Time Overrun is 12239 us[EOL]
[2026-09-22T08:32:43.672014Z][APM_J.newgen-amplificationplatemagazine][W][2330306][141]CRTCyclicEvent.cpp:TimeMissed():101|Cycle miss in event CCSICombinedRepManager. Time Overrun is 9027 us[EOL]
[2026-09-22T08:32:46.068799Z][APM_J.newgen-amplificationplatemagazine][W][2330306][141]CRTCyclicEvent.cpp:TimeMissed():101|Cycle miss in event CCSICombinedCmdManager Cyclic Event. Time Overrun is 5838 us[EOL]
[2026-09-22T08:32:46.068827Z][APM_J.newgen-amplificationplatemagazine][W][2330306][141]CRTCyclicEvent.cpp:TimeMissed():101|Cycle miss in event CCSICombinedRepManager. Time Overrun is 5838 us[EOL]
[2026-09-22T08:32:46.067585Z][APM_J.barcodereader][W][2330306][134]CRTCyclicEvent.cpp:TimeMissed():101|Cycle miss in event CCSICombinedCmdManager Cyclic Event. Time Overrun is 7505 us[EOL]
[2026-09-22T08:32:46.067605Z][APM_J.barcodereader][W][2330306][134]CRTCyclicEvent.cpp:TimeMissed():101|Cycle miss in event CCSICombinedRepManager. Time Overrun is 7505 us[EOL]
[2026-09-22T08:32:47.264803Z][APM_J.newgen-amplificationplatemagazine][W][2330306][141]CRTCyclicEvent.cpp:TimeMissed():101|Cycle miss in event CCSICombinedCmdManager Cyclic Event. Time Overrun is 1845 us[EOL]
[2026-09-22T08:32:47.264828Z][APM_J.newgen-amplificationplatemagazine][W][2330306][141]CRTCyclicEvent.cpp:TimeMissed():101|Cycle miss in event CCSICombinedRepManager. Time Overrun is 1845 us[EOL]
[2026-09-22T08:32:47.264594Z][APM_J.barcodereader][W][2330306][134]CRTCyclicEvent.cpp:TimeMissed():101|Cycle miss in event CCSICombinedCmdManager Cyclic Event. Time Overrun is 4512 us[EOL]
[2026-09-22T08:32:47.264618Z][APM_J.barcodereader][W][2330306][134]CRTCyclicEvent.cpp:TimeMissed():101|Cycle miss in event CCSICombinedRepManager. Time Overrun is 4512 us[EOL]
[2026-09-22T08:32:51.420522Z][APM_J.newgen-amplificationplatemagazine][W][2330306][141]CRTCyclicEvent.cpp:TimeMissed():101|Cycle miss in event CCSICombinedCmdManager Cyclic Event. Time Overrun is 7564 us[EOL]
[2026-09-22T08:32:51.420467Z][APM_J.barcodereader][W][2330306][134]CRTCyclicEvent.cpp:TimeMissed():101|Cycle miss in event CCSICombinedCmdManager Cyclic Event. Time Overrun is 10387 us[EOL]
[2026-09-22T08:32:51.420489Z][APM_J.barcodereader][W][2330306][134]CRTCyclicEvent.cpp:TimeMissed():101|Cycle miss in event CCSICombinedRepManager. Time Overrun is 10387 us[EOL]
[2026-09-22T08:32:51.420546Z][APM_J.newgen-amplificationplatemagazine][W][2330306][141]CRTCyclicEvent.cpp:TimeMissed():101|Cycle miss in event CCSICombinedRepManager. Time Overrun is 7564 us[EOL]
[2026-09-22T08:32:53.254940Z][APM_J.barcodereader][W][2330306][134]CRTCyclicEvent.cpp:TimeMissed():101|Cycle miss in event CCSICombinedCmdManager Cyclic Event. Time Overrun is 54824 us[EOL]
[2026-09-22T08:32:53.255097Z][APM_J.newgen-amplificationplatemagazine][W][2330306][141]CRTCyclicEvent.cpp:TimeMissed():101|Cycle miss in event CCSICombinedCmdManager Cyclic Event. Time Overrun is 52137 us[EOL]
[2026-09-22T08:32:53.254987Z][APM_J.barcodereader][W][2330306][134]CRTCyclicEvent.cpp:TimeMissed():101|Cycle miss in event CCSICombinedRepManager. Time Overrun is 54824 us[EOL]
[2026-09-22T08:32:53.255129Z][APM_J.newgen-amplificationplatemagazine][W][2330306][141]CRTCyclicEvent.cpp:TimeMissed():101|Cycle miss in event CCSICombinedRepManager. Time Overrun is 52137 us[EOL]
[2026-09-22T08:32:53.373822Z][APM_J.newgen-amplificationplatemagazine][W][2330306][141]CRTCyclicEvent.cpp:TimeMissed():101|Cycle miss in event CCSICombinedCmdManager Cyclic Event. Time Overrun is 862 us[EOL]
[2026-09-22T08:32:53.373855Z][APM_J.newgen-amplificationplatemagazine][W][2330306][141]CRTCyclicEvent.cpp:TimeMissed():101|Cycle miss in event CCSICombinedRepManager. Time Overrun is 862 us[EOL]
[2026-09-22T08:32:56.771525Z][APM_J.barcodereader][W][2330306][134]CRTCyclicEvent.cpp:TimeMissed():101|Cycle miss in event CCSICombinedCmdManager Cyclic Event. Time Overrun is 21442 us[EOL]
[2026-09-22T08:32:56.771558Z][APM_J.barcodereader][W][2330306][134]CRTCyclicEvent.cpp:TimeMissed():101|Cycle miss in event CCSICombinedRepManager. Time Overrun is 21442 us[EOL]
[2026-09-22T08:32:58.683562Z][APM_J.newgen-amplificationplatemagazine][I][2560016][141]IMessageHandler.h:operator()():40|Received RabbitMqMessage Roche.MolLab.InstrumentState.Ping. Content: {"Timestamp":"2026-09-22T08:32:58.6759445Z","PingId":"IS6"}[EOL]
[2026-09-22T08:32:58.683605Z][APM_J.newgen-amplificationplatemagazine][I][844444436][141]UnitCommunicator.cpp:SendEvent():424|Publishing event: type=Roche.c68_8800.AmplificationPlateMagazine.J.Echo correlation_id=(n/a)[EOL]
[2026-09-22T08:32:58.683629Z][APM_J.newgen-amplificationplatemagazine][I][2560017][141]MessageSender.h:SendEvent():105|Sent RabbitMqEvent Roche.c68_8800.AmplificationPlateMagazine.J.Echo. Content: {"Timestamp":"2026-09-22T08:32:58.683599Z","MagazineId":"J","PingId":"IS6"}[EOL]
[2026-09-22T08:32:58.914373Z][APM_J.barcodereader][W][2330306][134]CRTCyclicEvent.cpp:TimeMissed():101|Cycle miss in event CCSICombinedCmdManager Cyclic Event. Time Overrun is 14291 us[EOL]
[2026-09-22T08:32:58.915752Z][APM_J.newgen-amplificationplatemagazine][W][2330306][141]CRTCyclicEvent.cpp:TimeMissed():101|Cycle miss in event CCSICombinedCmdManager Cyclic Event. Time Overrun is 12786 us[EOL]
[2026-09-22T08:32:58.914392Z][APM_J.barcodereader][W][2330306][134]CRTCyclicEvent.cpp:TimeMissed():101|Cycle miss in event CCSICombinedRepManager. Time Overrun is 14291 us[EOL]
[2026-09-22T08:32:58.915779Z][APM_J.newgen-amplificationplatemagazine][W][2330306][141]CRTCyclicEvent.cpp:TimeMissed():101|Cycle miss in event CCSICombinedRepManager. Time Overrun is 12786 us[EOL]
[2026-09-22T08:32:59.800629Z][APM_J.newgen-amplificationplatemagazine][W][2330306][141]CRTCyclicEvent.cpp:TimeMissed():101|Cycle miss in event CCSICombinedCmdManager Cyclic Event. Time Overrun is 27669 us[EOL]
[2026-09-22T08:32:59.800681Z][APM_J.newgen-amplificationplatemagazine][W][2330306][141]CRTCyclicEvent.cpp:TimeMissed():101|Cycle miss in event CCSICombinedRepManager. Time Overrun is 27669 us[EOL]
[2026-09-22T08:32:59.800078Z][APM_J.barcodereader][W][2330306][134]CRTCyclicEvent.cpp:TimeMissed():101|Cycle miss in event CCSICombinedCmdManager Cyclic Event. Time Overrun is 29940 us[EOL]
[2026-09-22T08:32:59.800100Z][APM_J.barcodereader][W][2330306][134]CRTCyclicEvent.cpp:TimeMissed():101|Cycle miss in event CCSICombinedRepManager. Time Overrun is 29940 us[EOL]
[2026-09-22T08:33:01.517838Z][APM_J.barcodereader][W][2330306][134]CRTCyclicEvent.cpp:TimeMissed():101|Cycle miss in event CCSICombinedCmdManager Cyclic Event. Time Overrun is 37756 us[EOL]
[2026-09-22T08:33:01.517867Z][APM_J.barcodereader][W][2330306][134]CRTCyclicEvent.cpp:TimeMissed():101|Cycle miss in event CCSICombinedRepManager. Time Overrun is 37756 us[EOL]
[2026-09-22T08:33:01.515244Z][APM_J.newgen-amplificationplatemagazine][W][2330306][141]CRTCyclicEvent.cpp:TimeMissed():101|Cycle miss in event CCSICombinedCmdManager Cyclic Event. Time Overrun is 32286 us[EOL]
[2026-09-22T08:33:01.515274Z][APM_J.newgen-amplificationplatemagazine][W][2330306][141]CRTCyclicEvent.cpp:TimeMissed():101|Cycle miss in event CCSICombinedRepManager. Time Overrun is 32286 us[EOL]
[2026-09-22T08:33:01.926600Z][APM_J.newgen-amplificationplatemagazine][W][2330306][141]CRTCyclicEvent.cpp:TimeMissed():101|Cycle miss in event CCSICombinedCmdManager Cyclic Event. Time Overrun is 3642 us[EOL]
[2026-09-22T08:33:01.926627Z][APM_J.newgen-amplificationplatemagazine][W][2330306][141]CRTCyclicEvent.cpp:TimeMissed():101|Cycle miss in event CCSICombinedRepManager. Time Overrun is 3642 us[EOL]
[2026-09-22T08:33:01.924765Z][APM_J.barcodereader][W][2330306][134]CRTCyclicEvent.cpp:TimeMissed():101|Cycle miss in event CCSICombinedCmdManager Cyclic Event. Time Overrun is 4685 us[EOL]
[2026-09-22T08:33:01.924785Z][APM_J.barcodereader][W][2330306][134]CRTCyclicEvent.cpp:TimeMissed():101|Cycle miss in event CCSICombinedRepManager. Time Overrun is 4685 us[EOL]
[2026-09-22T08:33:10.592961Z][APM_J.barcodereader][W][2330306][134]CRTCyclicEvent.cpp:TimeMissed():101|Cycle miss in event CCSICombinedCmdManager Cyclic Event. Time Overrun is 2882 us[EOL]
[2026-09-22T08:33:10.592982Z][APM_J.barcodereader][W][2330306][134]CRTCyclicEvent.cpp:TimeMissed():101|Cycle miss in event CCSICombinedRepManager. Time Overrun is 2882 us[EOL]
[2026-09-22T08:33:10.594241Z][APM_J.newgen-amplificationplatemagazine][W][2330306][141]CRTCyclicEvent.cpp:TimeMissed():101|Cycle miss in event CCSICombinedCmdManager Cyclic Event. Time Overrun is 1281 us[EOL]
[2026-09-22T08:33:10.594276Z][APM_J.newgen-amplificationplatemagazine][W][2330306][141]CRTCyclicEvent.cpp:TimeMissed():101|Cycle miss in event CCSICombinedRepManager. Time Overrun is 1281 us[EOL]
[2026-09-22T08:33:13.170887Z][APM_J.barcodereader][W][2330306][134]CRTCyclicEvent.cpp:TimeMissed():101|Cycle miss in event CCSICombinedCmdManager Cyclic Event. Time Overrun is 10804 us[EOL]
[2026-09-22T08:33:13.175599Z][APM_J.newgen-amplificationplatemagazine][W][2330306][141]CRTCyclicEvent.cpp:TimeMissed():101|Cycle miss in event CCSICombinedCmdManager Cyclic Event. Time Overrun is 22638 us[EOL]
[2026-09-22T08:33:13.170975Z][APM_J.barcodereader][W][2330306][134]CRTCyclicEvent.cpp:TimeMissed():101|Cycle miss in event CCSICombinedRepManager. Time Overrun is 10804 us[EOL]
[2026-09-22T08:33:13.175636Z][APM_J.newgen-amplificationplatemagazine][W][2330306][141]CRTCyclicEvent.cpp:TimeMissed():101|Cycle miss in event CCSICombinedRepManager. Time Overrun is 22638 us[EOL]
[2026-09-22T08:33:14.456959Z][APM_J.newgen-amplificationplatemagazine][W][2330306][141]CRTCyclicEvent.cpp:TimeMissed():101|Cycle miss in event CCSICombinedCmdManager Cyclic Event. Time Overrun is 13999 us[EOL]
[2026-09-22T08:33:14.456648Z][APM_J.barcodereader][W][2330306][134]CRTCyclicEvent.cpp:TimeMissed():101|Cycle miss in event CCSICombinedCmdManager Cyclic Event. Time Overrun is 6564 us[EOL]
[2026-09-22T08:33:14.456988Z][APM_J.newgen-amplificationplatemagazine][W][2330306][141]CRTCyclicEvent.cpp:TimeMissed():101|Cycle miss in event CCSICombinedRepManager. Time Overrun is 13999 us[EOL]
[2026-09-22T08:33:14.456681Z][APM_J.barcodereader][W][2330306][134]CRTCyclicEvent.cpp:TimeMissed():101|Cycle miss in event CCSICombinedRepManager. Time Overrun is 6564 us[EOL]
[2026-09-22T08:33:17.236469Z][APM_J.barcodereader][W][2330306][134]CRTCyclicEvent.cpp:TimeMissed():101|Cycle miss in event CCSICombinedCmdManager Cyclic Event. Time Overrun is 6386 us[EOL]
[2026-09-22T08:33:17.236496Z][APM_J.barcodereader][W][2330306][134]CRTCyclicEvent.cpp:TimeMissed():101|Cycle miss in event CCSICombinedRepManager. Time Overrun is 6386 us[EOL]
[2026-09-22T08:33:22.957641Z][APM_J.newgen-amplificationplatemagazine][W][2330306][141]CRTCyclicEvent.cpp:TimeMissed():101|Cycle miss in event CCSICombinedCmdManager Cyclic Event. Time Overrun is 24682 us[EOL]
[2026-09-22T08:33:22.957462Z][APM_J.barcodereader][W][2330306][134]CRTCyclicEvent.cpp:TimeMissed():101|Cycle miss in event CCSICombinedCmdManager Cyclic Event. Time Overrun is 27375 us[EOL]
[2026-09-22T08:33:22.957666Z][APM_J.newgen-amplificationplatemagazine][W][2330306][141]CRTCyclicEvent.cpp:TimeMissed():101|Cycle miss in event CCSICombinedRepManager. Time Overrun is 24682 us[EOL]
[2026-09-22T08:33:22.957524Z][APM_J.barcodereader][W][2330306][134]CRTCyclicEvent.cpp:TimeMissed():101|Cycle miss in event CCSICombinedRepManager. Time Overrun is 27375 us[EOL]
[2026-09-22T08:33:23.903330Z][APM_J.barcodereader][W][2330306][134]CRTCyclicEvent.cpp:TimeMissed():101|Cycle miss in event CCSICombinedCmdManager Cyclic Event. Time Overrun is 3248 us[EOL]
[2026-09-22T08:33:23.903357Z][APM_J.barcodereader][W][2330306][134]CRTCyclicEvent.cpp:TimeMissed():101|Cycle miss in event CCSICombinedRepManager. Time Overrun is 3248 us[EOL]
[2026-09-22T08:33:23.903061Z][APM_J.newgen-amplificationplatemagazine][W][2330306][141]CRTCyclicEvent.cpp:TimeMissed():101|Cycle miss in event CCSICombinedCmdManager Cyclic Event. Time Overrun is 10100 us[EOL]
[2026-09-22T08:33:23.903198Z][APM_J.newgen-amplificationplatemagazine][W][2330306][141]CRTCyclicEvent.cpp:TimeMissed():101|Cycle miss in event CCSICombinedRepManager. Time Overrun is 10100 us[EOL]
[2026-09-22T08:33:24.303576Z][APM_J.barcodereader][W][2330306][134]CRTCyclicEvent.cpp:TimeMissed():101|Cycle miss in event CCSICombinedCmdManager Cyclic Event. Time Overrun is 3494 us[EOL]
[2026-09-22T08:33:24.303602Z][APM_J.barcodereader][W][2330306][134]CRTCyclicEvent.cpp:TimeMissed():101|Cycle miss in event CCSICombinedRepManager. Time Overrun is 3494 us[EOL]
[2026-09-22T08:33:24.304668Z][APM_J.newgen-amplificationplatemagazine][W][2330306][141]CRTCyclicEvent.cpp:TimeMissed():101|Cycle miss in event CCSICombinedCmdManager Cyclic Event. Time Overrun is 1710 us[EOL]
[2026-09-22T08:33:24.304693Z][APM_J.newgen-amplificationplatemagazine][W][2330306][141]CRTCyclicEvent.cpp:TimeMissed():101|Cycle miss in event CCSICombinedRepManager. Time Overrun is 1710 us[EOL]
[2026-09-22T08:33:27.474591Z][APM_J.barcodereader][W][2330306][134]CRTCyclicEvent.cpp:TimeMissed():101|Cycle miss in event CCSICombinedCmdManager Cyclic Event. Time Overrun is 4511 us[EOL]
[2026-09-22T08:33:27.474618Z][APM_J.barcodereader][W][2330306][134]CRTCyclicEvent.cpp:TimeMissed():101|Cycle miss in event CCSICombinedRepManager. Time Overrun is 4511 us[EOL]
[2026-09-22T08:33:28.029848Z][APM_J.newgen-amplificationplatemagazine][W][2330306][141]CRTCyclicEvent.cpp:TimeMissed():101|Cycle miss in event CCSICombinedCmdManager Cyclic Event. Time Overrun is 6888 us[EOL]
[2026-09-22T08:33:28.027292Z][APM_J.barcodereader][W][2330306][134]CRTCyclicEvent.cpp:TimeMissed():101|Cycle miss in event CCSICombinedCmdManager Cyclic Event. Time Overrun is 7213 us[EOL]
[2026-09-22T08:33:28.029883Z][APM_J.newgen-amplificationplatemagazine][W][2330306][141]CRTCyclicEvent.cpp:TimeMissed():101|Cycle miss in event CCSICombinedRepManager. Time Overrun is 6888 us[EOL]
[2026-09-22T08:33:28.027313Z][APM_J.barcodereader][W][2330306][134]CRTCyclicEvent.cpp:TimeMissed():101|Cycle miss in event CCSICombinedRepManager. Time Overrun is 7213 us[EOL]
[2026-09-22T08:33:28.251209Z][APM_J.newgen-amplificationplatemagazine][W][2330306][141]CRTCyclicEvent.cpp:TimeMissed():101|Cycle miss in event CCSICombinedCmdManager Cyclic Event. Time Overrun is 8244 us[EOL]
[2026-09-22T08:33:28.251287Z][APM_J.newgen-amplificationplatemagazine][W][2330306][141]CRTCyclicEvent.cpp:TimeMissed():101|Cycle miss in event CCSICombinedRepManager. Time Overrun is 8244 us[EOL]
[2026-09-22T08:33:28.681137Z][APM_J.newgen-amplificationplatemagazine][I][2560016][141]IMessageHandler.h:operator()():40|Received RabbitMqMessage Roche.MolLab.InstrumentState.Ping. Content: {"Timestamp":"2026-09-22T08:33:28.6757553Z","PingId":"IS7"}[EOL]
[2026-09-22T08:33:28.681278Z][APM_J.newgen-amplificationplatemagazine][I][844444436][141]UnitCommunicator.cpp:SendEvent():424|Publishing event: type=Roche.c68_8800.AmplificationPlateMagazine.J.Echo correlation_id=(n/a)[EOL]
[2026-09-22T08:33:28.681371Z][APM_J.newgen-amplificationplatemagazine][I][2560017][141]MessageSender.h:SendEvent():105|Sent RabbitMqEvent Roche.c68_8800.AmplificationPlateMagazine.J.Echo. Content: {"Timestamp":"2026-09-22T08:33:28.681262Z","MagazineId":"J","PingId":"IS7"}[EOL]
[2026-09-22T08:33:29.184431Z][APM_J.newgen-amplificationplatemagazine][W][2330306][141]CRTCyclicEvent.cpp:TimeMissed():101|Cycle miss in event CCSICombinedCmdManager Cyclic Event. Time Overrun is 1472 us[EOL]
[2026-09-22T08:33:29.184455Z][APM_J.newgen-amplificationplatemagazine][W][2330306][141]CRTCyclicEvent.cpp:TimeMissed():101|Cycle miss in event CCSICombinedRepManager. Time Overrun is 1472 us[EOL]
[2026-09-22T08:33:29.266645Z][APM_J.barcodereader][W][2330306][134]CRTCyclicEvent.cpp:TimeMissed():101|Cycle miss in event CCSICombinedCmdManager Cyclic Event. Time Overrun is 16566 us[EOL]
[2026-09-22T08:33:29.266664Z][APM_J.barcodereader][W][2330306][134]CRTCyclicEvent.cpp:TimeMissed():101|Cycle miss in event CCSICombinedRepManager. Time Overrun is 16566 us[EOL]
[2026-09-22T08:33:29.928580Z][APM_J.newgen-amplificationplatemagazine][W][2330306][141]CRTCyclicEvent.cpp:TimeMissed():101|Cycle miss in event CCSICombinedCmdManager Cyclic Event. Time Overrun is 5621 us[EOL]
[2026-09-22T08:33:29.928605Z][APM_J.newgen-amplificationplatemagazine][W][2330306][141]CRTCyclicEvent.cpp:TimeMissed():101|Cycle miss in event CCSICombinedRepManager. Time Overrun is 5621 us[EOL]
[2026-09-22T08:33:30.010636Z][APM_J.barcodereader][W][2330306][134]CRTCyclicEvent.cpp:TimeMissed():101|Cycle miss in event CCSICombinedCmdManager Cyclic Event. Time Overrun is 20553 us[EOL]
[2026-09-22T08:33:30.010662Z][APM_J.barcodereader][W][2330306][134]CRTCyclicEvent.cpp:TimeMissed():101|Cycle miss in event CCSICombinedRepManager. Time Overrun is 20553 us[EOL]
[2026-09-22T08:33:33.876601Z][APM_J.barcodereader][W][2330306][134]CRTCyclicEvent.cpp:TimeMissed():101|Cycle miss in event CCSICombinedCmdManager Cyclic Event. Time Overrun is 6518 us[EOL]
[2026-09-22T08:33:33.874345Z][APM_J.newgen-amplificationplatemagazine][W][2330306][141]CRTCyclicEvent.cpp:TimeMissed():101|Cycle miss in event CCSICombinedCmdManager Cyclic Event. Time Overrun is 1385 us[EOL]
[2026-09-22T08:33:33.876629Z][APM_J.barcodereader][W][2330306][134]CRTCyclicEvent.cpp:TimeMissed():101|Cycle miss in event CCSICombinedRepManager. Time Overrun is 6518 us[EOL]
[2026-09-22T08:33:33.874379Z][APM_J.newgen-amplificationplatemagazine][W][2330306][141]CRTCyclicEvent.cpp:TimeMissed():101|Cycle miss in event CCSICombinedRepManager. Time Overrun is 1385 us[EOL]
[2026-09-22T08:33:34.503227Z][APM_J.barcodereader][W][2330306][134]CRTCyclicEvent.cpp:TimeMissed():101|Cycle miss in event CCSICombinedCmdManager Cyclic Event. Time Overrun is 13146 us[EOL]
[2026-09-22T08:33:34.501620Z][APM_J.newgen-amplificationplatemagazine][W][2330306][141]CRTCyclicEvent.cpp:TimeMissed():101|Cycle miss in event CCSICombinedCmdManager Cyclic Event. Time Overrun is 18662 us[EOL]
[2026-09-22T08:33:34.503253Z][APM_J.barcodereader][W][2330306][134]CRTCyclicEvent.cpp:TimeMissed():101|Cycle miss in event CCSICombinedRepManager. Time Overrun is 13146 us[EOL]
[2026-09-22T08:33:34.501650Z][APM_J.newgen-amplificationplatemagazine][W][2330306][141]CRTCyclicEvent.cpp:TimeMissed():101|Cycle miss in event CCSICombinedRepManager. Time Overrun is 18662 us[EOL]
[2026-09-22T08:33:35.074648Z][APM_J.barcodereader][W][2330306][134]CRTCyclicEvent.cpp:TimeMissed():101|Cycle miss in event CCSICombinedCmdManager Cyclic Event. Time Overrun is 4561 us[EOL]
[2026-09-22T08:33:35.074890Z][APM_J.newgen-amplificationplatemagazine][W][2330306][141]CRTCyclicEvent.cpp:TimeMissed():101|Cycle miss in event CCSICombinedCmdManager Cyclic Event. Time Overrun is 1926 us[EOL]
[2026-09-22T08:33:35.074693Z][APM_J.barcodereader][W][2330306][134]CRTCyclicEvent.cpp:TimeMissed():101|Cycle miss in event CCSICombinedRepManager. Time Overrun is 4561 us[EOL]
[2026-09-22T08:33:35.074935Z][APM_J.newgen-amplificationplatemagazine][W][2330306][141]CRTCyclicEvent.cpp:TimeMissed():101|Cycle miss in event CCSICombinedRepManager. Time Overrun is 1926 us[EOL]
[2026-09-22T08:33:37.653426Z][APM_J.barcodereader][W][2330306][134]CRTCyclicEvent.cpp:TimeMissed():101|Cycle miss in event CCSICombinedCmdManager Cyclic Event. Time Overrun is 3343 us[EOL]
[2026-09-22T08:33:37.653225Z][APM_J.newgen-amplificationplatemagazine][W][2330306][141]CRTCyclicEvent.cpp:TimeMissed():101|Cycle miss in event CCSICombinedCmdManager Cyclic Event. Time Overrun is 263 us[EOL]
[2026-09-22T08:33:37.653262Z][APM_J.newgen-amplificationplatemagazine][W][2330306][141]CRTCyclicEvent.cpp:TimeMissed():101|Cycle miss in event CCSICombinedRepManager. Time Overrun is 263 us[EOL]
[2026-09-22T08:33:37.653458Z][APM_J.barcodereader][W][2330306][134]CRTCyclicEvent.cpp:TimeMissed():101|Cycle miss in event CCSICombinedRepManager. Time Overrun is 3343 us[EOL]
[2026-09-22T08:33:40.450206Z][APM_J.barcodereader][W][2330306][134]CRTCyclicEvent.cpp:TimeMissed():101|Cycle miss in event CCSICombinedCmdManager Cyclic Event. Time Overrun is 116 us[EOL]
[2026-09-22T08:33:40.450241Z][APM_J.barcodereader][W][2330306][134]CRTCyclicEvent.cpp:TimeMissed():101|Cycle miss in event CCSICombinedRepManager. Time Overrun is 116 us[EOL]
[2026-09-22T08:33:55.025241Z][APM_J.newgen-amplificationplatemagazine][W][2330306][141]CRTCyclicEvent.cpp:TimeMissed():101|Cycle miss in event CCSICombinedCmdManager Cyclic Event. Time Overrun is 2276 us[EOL]
[2026-09-22T08:33:55.025284Z][APM_J.newgen-amplificationplatemagazine][W][2330306][141]CRTCyclicEvent.cpp:TimeMissed():101|Cycle miss in event CCSICombinedRepManager. Time Overrun is 2276 us[EOL]
[2026-09-22T08:33:56.527118Z][APM_J.barcodereader][W][2330306][134]CRTCyclicEvent.cpp:TimeMissed():101|Cycle miss in event CCSICombinedCmdManager Cyclic Event. Time Overrun is 17029 us[EOL]
[2026-09-22T08:33:56.527185Z][APM_J.newgen-amplificationplatemagazine][W][2330306][141]CRTCyclicEvent.cpp:TimeMissed():101|Cycle miss in event CCSICombinedCmdManager Cyclic Event. Time Overrun is 14226 us[EOL]
[2026-09-22T08:33:56.527147Z][APM_J.barcodereader][W][2330306][134]CRTCyclicEvent.cpp:TimeMissed():101|Cycle miss in event CCSICombinedRepManager. Time Overrun is 17029 us[EOL]
[2026-09-22T08:33:56.527215Z][APM_J.newgen-amplificationplatemagazine][W][2330306][141]CRTCyclicEvent.cpp:TimeMissed():101|Cycle miss in event CCSICombinedRepManager. Time Overrun is 14226 us[EOL]
[2026-09-22T08:33:58.202806Z][APM_J.newgen-amplificationplatemagazine][W][2330306][141]CRTCyclicEvent.cpp:TimeMissed():101|Cycle miss in event CCSICombinedCmdManager Cyclic Event. Time Overrun is 9845 us[EOL]
[2026-09-22T08:33:58.202856Z][APM_J.newgen-amplificationplatemagazine][W][2330306][141]CRTCyclicEvent.cpp:TimeMissed():101|Cycle miss in event CCSICombinedRepManager. Time Overrun is 9845 us[EOL]
[2026-09-22T08:33:58.267814Z][APM_J.barcodereader][W][2330306][134]CRTCyclicEvent.cpp:TimeMissed():101|Cycle miss in event CCSICombinedCmdManager Cyclic Event. Time Overrun is 7721 us[EOL]
[2026-09-22T08:33:58.267860Z][APM_J.barcodereader][W][2330306][134]CRTCyclicEvent.cpp:TimeMissed():101|Cycle miss in event CCSICombinedRepManager. Time Overrun is 7721 us[EOL]
[2026-09-22T08:33:58.321933Z][APM_J.newgen-amplificationplatemagazine][W][2330306][141]CRTCyclicEvent.cpp:TimeMissed():101|Cycle miss in event CCSICombinedCmdManager Cyclic Event. Time Overrun is 8974 us[EOL]
[2026-09-22T08:33:58.321992Z][APM_J.newgen-amplificationplatemagazine][W][2330306][141]CRTCyclicEvent.cpp:TimeMissed():101|Cycle miss in event CCSICombinedRepManager. Time Overrun is 8974 us[EOL]
[2026-09-22T08:33:58.446362Z][APM_J.newgen-amplificationplatemagazine][W][2330306][141]CRTCyclicEvent.cpp:TimeMissed():101|Cycle miss in event CCSICombinedCmdManager Cyclic Event. Time Overrun is 13401 us[EOL]
[2026-09-22T08:33:58.446505Z][APM_J.newgen-amplificationplatemagazine][W][2330306][141]CRTCyclicEvent.cpp:TimeMissed():101|Cycle miss in event CCSICombinedRepManager. Time Overrun is 13401 us[EOL]
[2026-09-22T08:33:58.690066Z][APM_J.newgen-amplificationplatemagazine][I][2560016][141]IMessageHandler.h:operator()():40|Received RabbitMqMessage Roche.MolLab.InstrumentState.Ping. Content: {"Timestamp":"2026-09-22T08:33:58.676068Z","PingId":"IS8"}[EOL]
[2026-09-22T08:33:58.690148Z][APM_J.newgen-amplificationplatemagazine][I][844444436][141]UnitCommunicator.cpp:SendEvent():424|Publishing event: type=Roche.c68_8800.AmplificationPlateMagazine.J.Echo correlation_id=(n/a)[EOL]
[2026-09-22T08:33:58.690177Z][APM_J.newgen-amplificationplatemagazine][I][2560017][141]MessageSender.h:SendEvent():105|Sent RabbitMqEvent Roche.c68_8800.AmplificationPlateMagazine.J.Echo. Content: {"Timestamp":"2026-09-22T08:33:58.690139Z","MagazineId":"J","PingId":"IS8"}[EOL]
[2026-09-22T08:33:59.711139Z][APM_J.newgen-amplificationplatemagazine][W][2330306][141]CRTCyclicEvent.cpp:TimeMissed():101|Cycle miss in event CCSICombinedCmdManager Cyclic Event. Time Overrun is 8170 us[EOL]
[2026-09-22T08:33:59.712531Z][APM_J.barcodereader][W][2330306][134]CRTCyclicEvent.cpp:TimeMissed():101|Cycle miss in event CCSICombinedCmdManager Cyclic Event. Time Overrun is 2445 us[EOL]
[2026-09-22T08:33:59.712569Z][APM_J.barcodereader][W][2330306][134]CRTCyclicEvent.cpp:TimeMissed():101|Cycle miss in event CCSICombinedRepManager. Time Overrun is 2445 us[EOL]
[2026-09-22T08:33:59.711200Z][APM_J.newgen-amplificationplatemagazine][W][2330306][141]CRTCyclicEvent.cpp:TimeMissed():101|Cycle miss in event CCSICombinedRepManager. Time Overrun is 8170 us[EOL]
[2026-09-22T08:34:09.064615Z][APM_J.newgen-amplificationplatemagazine][W][2330306][141]CRTCyclicEvent.cpp:TimeMissed():101|Cycle miss in event CCSICombinedCmdManager Cyclic Event. Time Overrun is 1652 us[EOL]
[2026-09-22T08:34:09.064663Z][APM_J.newgen-amplificationplatemagazine][W][2330306][141]CRTCyclicEvent.cpp:TimeMissed():101|Cycle miss in event CCSICombinedRepManager. Time Overrun is 1652 us[EOL]
[2026-09-22T08:34:09.332580Z][APM_J.barcodereader][W][2330306][134]CRTCyclicEvent.cpp:TimeMissed():101|Cycle miss in event CCSICombinedCmdManager Cyclic Event. Time Overrun is 2496 us[EOL]
[2026-09-22T08:34:09.332641Z][APM_J.barcodereader][W][2330306][134]CRTCyclicEvent.cpp:TimeMissed():101|Cycle miss in event CCSICombinedRepManager. Time Overrun is 2496 us[EOL]
[2026-09-22T08:34:14.325345Z][APM_J.newgen-amplificationplatemagazine][W][2330306][141]CRTCyclicEvent.cpp:TimeMissed():101|Cycle miss in event CCSICombinedCmdManager Cyclic Event. Time Overrun is 2381 us[EOL]
[2026-09-22T08:34:14.325505Z][APM_J.newgen-amplificationplatemagazine][W][2330306][141]CRTCyclicEvent.cpp:TimeMissed():101|Cycle miss in event CCSICombinedRepManager. Time Overrun is 2381 us[EOL]
[2026-09-22T08:34:18.854543Z][APM_J.barcodereader][W][2330306][134]CRTCyclicEvent.cpp:TimeMissed():101|Cycle miss in event CCSICombinedCmdManager Cyclic Event. Time Overrun is 14460 us[EOL]
[2026-09-22T08:34:18.854627Z][APM_J.newgen-amplificationplatemagazine][W][2330306][141]CRTCyclicEvent.cpp:TimeMissed():101|Cycle miss in event CCSICombinedCmdManager Cyclic Event. Time Overrun is 21660 us[EOL]
[2026-09-22T08:34:18.854645Z][APM_J.barcodereader][W][2330306][134]CRTCyclicEvent.cpp:TimeMissed():101|Cycle miss in event CCSICombinedRepManager. Time Overrun is 14460 us[EOL]
[2026-09-22T08:34:18.854667Z][APM_J.newgen-amplificationplatemagazine][W][2330306][141]CRTCyclicEvent.cpp:TimeMissed():101|Cycle miss in event CCSICombinedRepManager. Time Overrun is 21660 us[EOL]
[2026-09-22T08:34:19.015447Z][APM_J.newgen-amplificationplatemagazine][W][2330306][141]CRTCyclicEvent.cpp:TimeMissed():101|Cycle miss in event CCSICombinedCmdManager Cyclic Event. Time Overrun is 12484 us[EOL]
[2026-09-22T08:34:19.015502Z][APM_J.newgen-amplificationplatemagazine][W][2330306][141]CRTCyclicEvent.cpp:TimeMissed():101|Cycle miss in event CCSICombinedRepManager. Time Overrun is 12484 us[EOL]
[2026-09-22T08:34:19.366120Z][APM_J.barcodereader][W][2330306][134]CRTCyclicEvent.cpp:TimeMissed():101|Cycle miss in event CCSICombinedCmdManager Cyclic Event. Time Overrun is 16023 us[EOL]
[2026-09-22T08:34:19.366169Z][APM_J.barcodereader][W][2330306][134]CRTCyclicEvent.cpp:TimeMissed():101|Cycle miss in event CCSICombinedRepManager. Time Overrun is 16023 us[EOL]
[2026-09-22T08:34:21.231331Z][APM_J.newgen-amplificationplatemagazine][W][2330306][141]CRTCyclicEvent.cpp:TimeMissed():101|Cycle miss in event CCSICombinedCmdManager Cyclic Event. Time Overrun is 8365 us[EOL]
[2026-09-22T08:34:21.231383Z][APM_J.newgen-amplificationplatemagazine][W][2330306][141]CRTCyclicEvent.cpp:TimeMissed():101|Cycle miss in event CCSICombinedRepManager. Time Overrun is 8365 us[EOL]
[2026-09-22T08:34:28.693930Z][APM_J.newgen-amplificationplatemagazine][I][2560016][141]IMessageHandler.h:operator()():40|Received RabbitMqMessage Roche.MolLab.InstrumentState.Ping. Content: {"Timestamp":"2026-09-22T08:34:28.6753079Z","PingId":"IS9"}[EOL]
[2026-09-22T08:34:28.694003Z][APM_J.newgen-amplificationplatemagazine][I][844444436][141]UnitCommunicator.cpp:SendEvent():424|Publishing event: type=Roche.c68_8800.AmplificationPlateMagazine.J.Echo correlation_id=(n/a)[EOL]
[2026-09-22T08:34:28.694030Z][APM_J.newgen-amplificationplatemagazine][I][2560017][141]MessageSender.h:SendEvent():105|Sent RabbitMqEvent Roche.c68_8800.AmplificationPlateMagazine.J.Echo. Content: {"Timestamp":"2026-09-22T08:34:28.693991Z","MagazineId":"J","PingId":"IS9"}[EOL]
[2026-09-22T08:34:31.733179Z][APM_J.newgen-amplificationplatemagazine][W][2330306][141]CRTCyclicEvent.cpp:TimeMissed():101|Cycle miss in event CCSICombinedCmdManager Cyclic Event. Time Overrun is 218 us[EOL]
[2026-09-22T08:34:31.733214Z][APM_J.newgen-amplificationplatemagazine][W][2330306][141]CRTCyclicEvent.cpp:TimeMissed():101|Cycle miss in event CCSICombinedRepManager. Time Overrun is 218 us[EOL]
[2026-09-22T08:34:33.793882Z][APM_J.barcodereader][W][2330306][134]CRTCyclicEvent.cpp:TimeMissed():101|Cycle miss in event CCSICombinedCmdManager Cyclic Event. Time Overrun is 3798 us[EOL]
[2026-09-22T08:34:33.794012Z][APM_J.barcodereader][W][2330306][134]CRTCyclicEvent.cpp:TimeMissed():101|Cycle miss in event CCSICombinedRepManager. Time Overrun is 3798 us[EOL]
[2026-09-22T08:34:33.797149Z][APM_J.newgen-amplificationplatemagazine][W][2330306][141]CRTCyclicEvent.cpp:TimeMissed():101|Cycle miss in event CCSICombinedCmdManager Cyclic Event. Time Overrun is 4186 us[EOL]
[2026-09-22T08:34:33.797209Z][APM_J.newgen-amplificationplatemagazine][W][2330306][141]CRTCyclicEvent.cpp:TimeMissed():101|Cycle miss in event CCSICombinedRepManager. Time Overrun is 4186 us[EOL]
[2026-09-22T08:34:39.144141Z][APM_J.newgen-amplificationplatemagazine][W][2330306][141]CRTCyclicEvent.cpp:TimeMissed():101|Cycle miss in event CCSICombinedCmdManager Cyclic Event. Time Overrun is 1168 us[EOL]
[2026-09-22T08:34:39.144228Z][APM_J.newgen-amplificationplatemagazine][W][2330306][141]CRTCyclicEvent.cpp:TimeMissed():101|Cycle miss in event CCSICombinedRepManager. Time Overrun is 1168 us[EOL]
[2026-09-22T08:34:39.931158Z][APM_J.newgen-amplificationplatemagazine][W][2330306][141]CRTCyclicEvent.cpp:TimeMissed():101|Cycle miss in event CCSICombinedCmdManager Cyclic Event. Time Overrun is 8198 us[EOL]
[2026-09-22T08:34:39.931193Z][APM_J.newgen-amplificationplatemagazine][W][2330306][141]CRTCyclicEvent.cpp:TimeMissed():101|Cycle miss in event CCSICombinedRepManager. Time Overrun is 8198 us[EOL]
[2026-09-22T08:34:49.045791Z][APM_J.newgen-amplificationplatemagazine][W][2330306][141]CRTCyclicEvent.cpp:TimeMissed():101|Cycle miss in event CCSICombinedCmdManager Cyclic Event. Time Overrun is 2833 us[EOL]
[2026-09-22T08:34:49.045488Z][APM_J.barcodereader][W][2330306][134]CRTCyclicEvent.cpp:TimeMissed():101|Cycle miss in event CCSICombinedCmdManager Cyclic Event. Time Overrun is 5407 us[EOL]
[2026-09-22T08:34:49.045519Z][APM_J.barcodereader][W][2330306][134]CRTCyclicEvent.cpp:TimeMissed():101|Cycle miss in event CCSICombinedRepManager. Time Overrun is 5407 us[EOL]
[2026-09-22T08:34:49.045813Z][APM_J.newgen-amplificationplatemagazine][W][2330306][141]CRTCyclicEvent.cpp:TimeMissed():101|Cycle miss in event CCSICombinedRepManager. Time Overrun is 2833 us[EOL]
[2026-09-22T08:34:50.071512Z][APM_J.barcodereader][W][2330306][134]CRTCyclicEvent.cpp:TimeMissed():101|Cycle miss in event CCSICombinedCmdManager Cyclic Event. Time Overrun is 1430 us[EOL]
[2026-09-22T08:34:50.071605Z][APM_J.barcodereader][W][2330306][134]CRTCyclicEvent.cpp:TimeMissed():101|Cycle miss in event CCSICombinedRepManager. Time Overrun is 1430 us[EOL]
[2026-09-22T08:34:56.200308Z][APM_J.barcodereader][W][2330306][134]CRTCyclicEvent.cpp:TimeMissed():101|Cycle miss in event CCSICombinedCmdManager Cyclic Event. Time Overrun is 227 us[EOL]
[2026-09-22T08:34:56.200338Z][APM_J.barcodereader][W][2330306][134]CRTCyclicEvent.cpp:TimeMissed():101|Cycle miss in event CCSICombinedRepManager. Time Overrun is 227 us[EOL]
[2026-09-22T08:34:57.841738Z][APM_J.barcodereader][W][2330306][134]CRTCyclicEvent.cpp:TimeMissed():101|Cycle miss in event CCSICombinedCmdManager Cyclic Event. Time Overrun is 1654 us[EOL]
[2026-09-22T08:34:57.841776Z][APM_J.barcodereader][W][2330306][134]CRTCyclicEvent.cpp:TimeMissed():101|Cycle miss in event CCSICombinedRepManager. Time Overrun is 1654 us[EOL]
[2026-09-22T08:34:58.688841Z][APM_J.newgen-amplificationplatemagazine][I][2560016][141]IMessageHandler.h:operator()():40|Received RabbitMqMessage Roche.MolLab.InstrumentState.Ping. Content: {"Timestamp":"2026-09-22T08:34:58.6775151Z","PingId":"IS10"}[EOL]
[2026-09-22T08:34:58.688884Z][APM_J.newgen-amplificationplatemagazine][I][844444436][141]UnitCommunicator.cpp:SendEvent():424|Publishing event: type=Roche.c68_8800.AmplificationPlateMagazine.J.Echo correlation_id=(n/a)[EOL]
[2026-09-22T08:34:58.688906Z][APM_J.newgen-amplificationplatemagazine][I][2560017][141]MessageSender.h:SendEvent():105|Sent RabbitMqEvent Roche.c68_8800.AmplificationPlateMagazine.J.Echo. Content: {"Timestamp":"2026-09-22T08:34:58.688879Z","MagazineId":"J","PingId":"IS10"}[EOL]
[2026-09-22T08:35:10.584855Z][APM_J.newgen-amplificationplatemagazine][W][2330306][141]CRTCyclicEvent.cpp:TimeMissed():101|Cycle miss in event CCSICombinedCmdManager Cyclic Event. Time Overrun is 1895 us[EOL]
[2026-09-22T08:35:10.586757Z][APM_J.barcodereader][W][2330306][134]CRTCyclicEvent.cpp:TimeMissed():101|Cycle miss in event CCSICombinedCmdManager Cyclic Event. Time Overrun is 6674 us[EOL]
[2026-09-22T08:35:10.584885Z][APM_J.newgen-amplificationplatemagazine][W][2330306][141]CRTCyclicEvent.cpp:TimeMissed():101|Cycle miss in event CCSICombinedRepManager. Time Overrun is 1895 us[EOL]
[2026-09-22T08:35:10.586794Z][APM_J.barcodereader][W][2330306][134]CRTCyclicEvent.cpp:TimeMissed():101|Cycle miss in event CCSICombinedRepManager. Time Overrun is 6674 us[EOL]
[2026-09-22T08:35:12.463834Z][APM_J.newgen-amplificationplatemagazine][W][2330306][141]CRTCyclicEvent.cpp:TimeMissed():101|Cycle miss in event CCSICombinedCmdManager Cyclic Event. Time Overrun is 873 us[EOL]
[2026-09-22T08:35:12.463880Z][APM_J.newgen-amplificationplatemagazine][W][2330306][141]CRTCyclicEvent.cpp:TimeMissed():101|Cycle miss in event CCSICombinedRepManager. Time Overrun is 873 us[EOL]
[2026-09-22T08:35:24.350792Z][APM_J.barcodereader][W][2330306][134]CRTCyclicEvent.cpp:TimeMissed():101|Cycle miss in event CCSICombinedCmdManager Cyclic Event. Time Overrun is 711 us[EOL]
[2026-09-22T08:35:24.350814Z][APM_J.barcodereader][W][2330306][134]CRTCyclicEvent.cpp:TimeMissed():101|Cycle miss in event CCSICombinedRepManager. Time Overrun is 711 us[EOL]
[2026-09-22T08:35:26.519705Z][APM_J.newgen-amplificationplatemagazine][W][2330306][141]CRTCyclicEvent.cpp:TimeMissed():101|Cycle miss in event CCSICombinedCmdManager Cyclic Event. Time Overrun is 16745 us[EOL]
[2026-09-22T08:35:26.519733Z][APM_J.newgen-amplificationplatemagazine][W][2330306][141]CRTCyclicEvent.cpp:TimeMissed():101|Cycle miss in event CCSICombinedRepManager. Time Overrun is 16745 us[EOL]
[2026-09-22T08:35:26.519529Z][APM_J.barcodereader][W][2330306][134]CRTCyclicEvent.cpp:TimeMissed():101|Cycle miss in event CCSICombinedCmdManager Cyclic Event. Time Overrun is 19448 us[EOL]
[2026-09-22T08:35:26.519553Z][APM_J.barcodereader][W][2330306][134]CRTCyclicEvent.cpp:TimeMissed():101|Cycle miss in event CCSICombinedRepManager. Time Overrun is 19448 us[EOL]
[2026-09-22T08:35:27.824497Z][APM_J.newgen-amplificationplatemagazine][W][2330306][141]CRTCyclicEvent.cpp:TimeMissed():101|Cycle miss in event CCSICombinedCmdManager Cyclic Event. Time Overrun is 1538 us[EOL]
[2026-09-22T08:35:27.824526Z][APM_J.newgen-amplificationplatemagazine][W][2330306][141]CRTCyclicEvent.cpp:TimeMissed():101|Cycle miss in event CCSICombinedRepManager. Time Overrun is 1538 us[EOL]
[2026-09-22T08:35:27.824115Z][APM_J.barcodereader][W][2330306][134]CRTCyclicEvent.cpp:TimeMissed():101|Cycle miss in event CCSICombinedCmdManager Cyclic Event. Time Overrun is 4034 us[EOL]
[2026-09-22T08:35:27.824136Z][APM_J.barcodereader][W][2330306][134]CRTCyclicEvent.cpp:TimeMissed():101|Cycle miss in event CCSICombinedRepManager. Time Overrun is 4034 us[EOL]
[2026-09-22T08:35:28.681437Z][APM_J.newgen-amplificationplatemagazine][I][2560016][141]IMessageHandler.h:operator()():40|Received RabbitMqMessage Roche.MolLab.InstrumentState.Ping. Content: {"Timestamp":"2026-09-22T08:35:28.6744327Z","PingId":"IS11"}[EOL]
[2026-09-22T08:35:28.681487Z][APM_J.newgen-amplificationplatemagazine][I][844444436][141]UnitCommunicator.cpp:SendEvent():424|Publishing event: type=Roche.c68_8800.AmplificationPlateMagazine.J.Echo correlation_id=(n/a)[EOL]
[2026-09-22T08:35:28.681507Z][APM_J.newgen-amplificationplatemagazine][I][2560017][141]MessageSender.h:SendEvent():105|Sent RabbitMqEvent Roche.c68_8800.AmplificationPlateMagazine.J.Echo. Content: {"Timestamp":"2026-09-22T08:35:28.681477Z","MagazineId":"J","PingId":"IS11"}[EOL]
[2026-09-22T08:35:29.406804Z][APM_J.newgen-amplificationplatemagazine][W][2330306][141]CRTCyclicEvent.cpp:TimeMissed():101|Cycle miss in event CCSICombinedCmdManager Cyclic Event. Time Overrun is 13834 us[EOL]
[2026-09-22T08:35:29.406901Z][APM_J.newgen-amplificationplatemagazine][W][2330306][141]CRTCyclicEvent.cpp:TimeMissed():101|Cycle miss in event CCSICombinedRepManager. Time Overrun is 13834 us[EOL]
[2026-09-22T08:35:29.407103Z][APM_J.barcodereader][W][2330306][134]CRTCyclicEvent.cpp:TimeMissed():101|Cycle miss in event CCSICombinedCmdManager Cyclic Event. Time Overrun is 17021 us[EOL]
[2026-09-22T08:35:29.407138Z][APM_J.barcodereader][W][2330306][134]CRTCyclicEvent.cpp:TimeMissed():101|Cycle miss in event CCSICombinedRepManager. Time Overrun is 17021 us[EOL]
[2026-09-22T08:35:29.638681Z][APM_J.newgen-amplificationplatemagazine][W][2330306][141]CRTCyclicEvent.cpp:TimeMissed():101|Cycle miss in event CCSICombinedCmdManager Cyclic Event. Time Overrun is 5717 us[EOL]
[2026-09-22T08:35:29.638713Z][APM_J.newgen-amplificationplatemagazine][W][2330306][141]CRTCyclicEvent.cpp:TimeMissed():101|Cycle miss in event CCSICombinedRepManager. Time Overrun is 5717 us[EOL]
[2026-09-22T08:35:31.826528Z][APM_J.newgen-amplificationplatemagazine][W][2330306][141]CRTCyclicEvent.cpp:TimeMissed():101|Cycle miss in event CCSICombinedCmdManager Cyclic Event. Time Overrun is 3568 us[EOL]
[2026-09-22T08:35:31.826557Z][APM_J.newgen-amplificationplatemagazine][W][2330306][141]CRTCyclicEvent.cpp:TimeMissed():101|Cycle miss in event CCSICombinedRepManager. Time Overrun is 3568 us[EOL]
[2026-09-22T08:35:31.947076Z][APM_J.newgen-amplificationplatemagazine][W][2330306][141]CRTCyclicEvent.cpp:TimeMissed():101|Cycle miss in event CCSICombinedCmdManager Cyclic Event. Time Overrun is 4115 us[EOL]
[2026-09-22T08:35:31.947102Z][APM_J.newgen-amplificationplatemagazine][W][2330306][141]CRTCyclicEvent.cpp:TimeMissed():101|Cycle miss in event CCSICombinedRepManager. Time Overrun is 4115 us[EOL]
[2026-09-22T08:35:31.950869Z][APM_J.barcodereader][W][2330306][134]CRTCyclicEvent.cpp:TimeMissed():101|Cycle miss in event CCSICombinedCmdManager Cyclic Event. Time Overrun is 10788 us[EOL]
[2026-09-22T08:35:31.950894Z][APM_J.barcodereader][W][2330306][134]CRTCyclicEvent.cpp:TimeMissed():101|Cycle miss in event CCSICombinedRepManager. Time Overrun is 10788 us[EOL]
[2026-09-22T08:35:34.825387Z][APM_J.newgen-amplificationplatemagazine][W][2330306][141]CRTCyclicEvent.cpp:TimeMissed():101|Cycle miss in event CCSICombinedCmdManager Cyclic Event. Time Overrun is 2421 us[EOL]
[2026-09-22T08:35:34.825528Z][APM_J.barcodereader][W][2330306][134]CRTCyclicEvent.cpp:TimeMissed():101|Cycle miss in event CCSICombinedCmdManager Cyclic Event. Time Overrun is 5442 us[EOL]
[2026-09-22T08:35:34.825453Z][APM_J.newgen-amplificationplatemagazine][W][2330306][141]CRTCyclicEvent.cpp:TimeMissed():101|Cycle miss in event CCSICombinedRepManager. Time Overrun is 2421 us[EOL]
[2026-09-22T08:35:34.825751Z][APM_J.barcodereader][W][2330306][134]CRTCyclicEvent.cpp:TimeMissed():101|Cycle miss in event CCSICombinedRepManager. Time Overrun is 5442 us[EOL]
[2026-09-22T08:35:39.172842Z][APM_J.barcodereader][W][2330306][134]CRTCyclicEvent.cpp:TimeMissed():101|Cycle miss in event CCSICombinedCmdManager Cyclic Event. Time Overrun is 2760 us[EOL]
[2026-09-22T08:35:39.173017Z][APM_J.newgen-amplificationplatemagazine][W][2330306][141]CRTCyclicEvent.cpp:TimeMissed():101|Cycle miss in event CCSICombinedCmdManager Cyclic Event. Time Overrun is 56 us[EOL]
[2026-09-22T08:35:39.173054Z][APM_J.newgen-amplificationplatemagazine][W][2330306][141]CRTCyclicEvent.cpp:TimeMissed():101|Cycle miss in event CCSICombinedRepManager. Time Overrun is 56 us[EOL]
[2026-09-22T08:35:39.172893Z][APM_J.barcodereader][W][2330306][134]CRTCyclicEvent.cpp:TimeMissed():101|Cycle miss in event CCSICombinedRepManager. Time Overrun is 2760 us[EOL]
[2026-09-22T08:35:40.923129Z][APM_J.barcodereader][W][2330306][134]CRTCyclicEvent.cpp:TimeMissed():101|Cycle miss in event CCSICombinedCmdManager Cyclic Event. Time Overrun is 13038 us[EOL]
[2026-09-22T08:35:40.920146Z][APM_J.newgen-amplificationplatemagazine][W][2330306][141]CRTCyclicEvent.cpp:TimeMissed():101|Cycle miss in event CCSICombinedCmdManager Cyclic Event. Time Overrun is 7184 us[EOL]
[2026-09-22T08:35:40.923189Z][APM_J.barcodereader][W][2330306][134]CRTCyclicEvent.cpp:TimeMissed():101|Cycle miss in event CCSICombinedRepManager. Time Overrun is 13038 us[EOL]
[2026-09-22T08:35:40.920184Z][APM_J.newgen-amplificationplatemagazine][W][2330306][141]CRTCyclicEvent.cpp:TimeMissed():101|Cycle miss in event CCSICombinedRepManager. Time Overrun is 7184 us[EOL]
[2026-09-22T08:35:50.894275Z][APM_J.barcodereader][W][2330306][134]CRTCyclicEvent.cpp:TimeMissed():101|Cycle miss in event CCSICombinedCmdManager Cyclic Event. Time Overrun is 4193 us[EOL]
[2026-09-22T08:35:50.894313Z][APM_J.barcodereader][W][2330306][134]CRTCyclicEvent.cpp:TimeMissed():101|Cycle miss in event CCSICombinedRepManager. Time Overrun is 4193 us[EOL]
[2026-09-22T08:35:51.635560Z][APM_J.newgen-amplificationplatemagazine][W][2330306][141]CRTCyclicEvent.cpp:TimeMissed():101|Cycle miss in event CCSICombinedCmdManager Cyclic Event. Time Overrun is 12599 us[EOL]
[2026-09-22T08:35:51.635595Z][APM_J.newgen-amplificationplatemagazine][W][2330306][141]CRTCyclicEvent.cpp:TimeMissed():101|Cycle miss in event CCSICombinedRepManager. Time Overrun is 12599 us[EOL]
[2026-09-22T08:35:51.635813Z][APM_J.barcodereader][W][2330306][134]CRTCyclicEvent.cpp:TimeMissed():101|Cycle miss in event CCSICombinedCmdManager Cyclic Event. Time Overrun is 5729 us[EOL]
[2026-09-22T08:35:51.635843Z][APM_J.barcodereader][W][2330306][134]CRTCyclicEvent.cpp:TimeMissed():101|Cycle miss in event CCSICombinedRepManager. Time Overrun is 5729 us[EOL]
[2026-09-22T08:35:53.353987Z][APM_J.newgen-amplificationplatemagazine][W][2330306][141]CRTCyclicEvent.cpp:TimeMissed():101|Cycle miss in event CCSICombinedCmdManager Cyclic Event. Time Overrun is 11022 us[EOL]
[2026-09-22T08:35:53.354217Z][APM_J.newgen-amplificationplatemagazine][W][2330306][141]CRTCyclicEvent.cpp:TimeMissed():101|Cycle miss in event CCSICombinedRepManager. Time Overrun is 11022 us[EOL]
[2026-09-22T08:35:55.476613Z][APM_J.barcodereader][W][2330306][134]CRTCyclicEvent.cpp:TimeMissed():101|Cycle miss in event CCSICombinedCmdManager Cyclic Event. Time Overrun is 6531 us[EOL]
[2026-09-22T08:35:55.476644Z][APM_J.barcodereader][W][2330306][134]CRTCyclicEvent.cpp:TimeMissed():101|Cycle miss in event CCSICombinedRepManager. Time Overrun is 6531 us[EOL]
[2026-09-22T08:35:55.603723Z][APM_J.newgen-amplificationplatemagazine][W][2330306][141]CRTCyclicEvent.cpp:TimeMissed():101|Cycle miss in event CCSICombinedCmdManager Cyclic Event. Time Overrun is 762 us[EOL]
[2026-09-22T08:35:55.603754Z][APM_J.newgen-amplificationplatemagazine][W][2330306][141]CRTCyclicEvent.cpp:TimeMissed():101|Cycle miss in event CCSICombinedRepManager. Time Overrun is 762 us[EOL]
[2026-09-22T08:35:58.689956Z][APM_J.newgen-amplificationplatemagazine][I][2560016][141]IMessageHandler.h:operator()():40|Received RabbitMqMessage Roche.MolLab.InstrumentState.Ping. Content: {"Timestamp":"2026-09-22T08:35:58.6770944Z","PingId":"IS12"}[EOL]
[2026-09-22T08:35:58.690017Z][APM_J.newgen-amplificationplatemagazine][I][844444436][141]UnitCommunicator.cpp:SendEvent():424|Publishing event: type=Roche.c68_8800.AmplificationPlateMagazine.J.Echo correlation_id=(n/a)[EOL]
[2026-09-22T08:35:58.690227Z][APM_J.newgen-amplificationplatemagazine][I][2560017][141]MessageSender.h:SendEvent():105|Sent RabbitMqEvent Roche.c68_8800.AmplificationPlateMagazine.J.Echo. Content: {"Timestamp":"2026-09-22T08:35:58.689993Z","MagazineId":"J","PingId":"IS12"}[EOL]
[2026-09-22T08:36:07.762597Z][APM_J.barcodereader][W][2330306][134]CRTCyclicEvent.cpp:TimeMissed():101|Cycle miss in event CCSICombinedCmdManager Cyclic Event. Time Overrun is 2510 us[EOL]
[2026-09-22T08:36:07.762680Z][APM_J.barcodereader][W][2330306][134]CRTCyclicEvent.cpp:TimeMissed():101|Cycle miss in event CCSICombinedRepManager. Time Overrun is 2510 us[EOL]
[2026-09-22T08:36:24.871951Z][APM_J.barcodereader][W][2330306][134]CRTCyclicEvent.cpp:TimeMissed():101|Cycle miss in event CCSICombinedCmdManager Cyclic Event. Time Overrun is 1867 us[EOL]
[2026-09-22T08:36:24.873802Z][APM_J.barcodereader][W][2330306][134]CRTCyclicEvent.cpp:TimeMissed():101|Cycle miss in event CCSICombinedRepManager. Time Overrun is 1867 us[EOL]
[2026-09-22T08:36:28.684769Z][APM_J.newgen-amplificationplatemagazine][I][2560016][141]IMessageHandler.h:operator()():40|Received RabbitMqMessage Roche.MolLab.InstrumentState.Ping. Content: {"Timestamp":"2026-09-22T08:36:28.6764118Z","PingId":"IS13"}[EOL]
[2026-09-22T08:36:28.684813Z][APM_J.newgen-amplificationplatemagazine][I][844444436][141]UnitCommunicator.cpp:SendEvent():424|Publishing event: type=Roche.c68_8800.AmplificationPlateMagazine.J.Echo correlation_id=(n/a)[EOL]
[2026-09-22T08:36:28.684865Z][APM_J.newgen-amplificationplatemagazine][I][2560017][141]MessageSender.h:SendEvent():105|Sent RabbitMqEvent Roche.c68_8800.AmplificationPlateMagazine.J.Echo. Content: {"Timestamp":"2026-09-22T08:36:28.684808Z","MagazineId":"J","PingId":"IS13"}[EOL]
[2026-09-22T08:36:36.268303Z][APM_J.barcodereader][W][2330306][134]CRTCyclicEvent.cpp:TimeMissed():101|Cycle miss in event CCSICombinedCmdManager Cyclic Event. Time Overrun is 8223 us[EOL]
[2026-09-22T08:36:36.268323Z][APM_J.barcodereader][W][2330306][134]CRTCyclicEvent.cpp:TimeMissed():101|Cycle miss in event CCSICombinedRepManager. Time Overrun is 8223 us[EOL]
[2026-09-22T08:36:36.266534Z][APM_J.newgen-amplificationplatemagazine][W][2330306][141]CRTCyclicEvent.cpp:TimeMissed():101|Cycle miss in event CCSICombinedCmdManager Cyclic Event. Time Overrun is 3574 us[EOL]
[2026-09-22T08:36:36.266563Z][APM_J.newgen-amplificationplatemagazine][W][2330306][141]CRTCyclicEvent.cpp:TimeMissed():101|Cycle miss in event CCSICombinedRepManager. Time Overrun is 3574 us[EOL]
[2026-09-22T08:36:42.991807Z][APM_J.barcodereader][W][2330306][134]CRTCyclicEvent.cpp:TimeMissed():101|Cycle miss in event CCSICombinedCmdManager Cyclic Event. Time Overrun is 1723 us[EOL]
[2026-09-22T08:36:42.991841Z][APM_J.barcodereader][W][2330306][134]CRTCyclicEvent.cpp:TimeMissed():101|Cycle miss in event CCSICombinedRepManager. Time Overrun is 1723 us[EOL]
[2026-09-22T08:36:45.464970Z][APM_J.newgen-amplificationplatemagazine][W][2330306][141]CRTCyclicEvent.cpp:TimeMissed():101|Cycle miss in event CCSICombinedCmdManager Cyclic Event. Time Overrun is 1531 us[EOL]
[2026-09-22T08:36:45.465107Z][APM_J.newgen-amplificationplatemagazine][W][2330306][141]CRTCyclicEvent.cpp:TimeMissed():101|Cycle miss in event CCSICombinedRepManager. Time Overrun is 1531 us[EOL]
[2026-09-22T08:36:47.572166Z][APM_J.barcodereader][W][2330306][134]CRTCyclicEvent.cpp:TimeMissed():101|Cycle miss in event CCSICombinedCmdManager Cyclic Event. Time Overrun is 2079 us[EOL]
[2026-09-22T08:36:47.572215Z][APM_J.barcodereader][W][2330306][134]CRTCyclicEvent.cpp:TimeMissed():101|Cycle miss in event CCSICombinedRepManager. Time Overrun is 2079 us[EOL]
[2026-09-22T08:36:47.577875Z][APM_J.newgen-amplificationplatemagazine][W][2330306][141]CRTCyclicEvent.cpp:TimeMissed():101|Cycle miss in event CCSICombinedCmdManager Cyclic Event. Time Overrun is 4914 us[EOL]
[2026-09-22T08:36:47.577909Z][APM_J.newgen-amplificationplatemagazine][W][2330306][141]CRTCyclicEvent.cpp:TimeMissed():101|Cycle miss in event CCSICombinedRepManager. Time Overrun is 4914 us[EOL]
[2026-09-22T08:36:51.672593Z][APM_J.newgen-amplificationplatemagazine][W][2330306][141]CRTCyclicEvent.cpp:TimeMissed():101|Cycle miss in event CCSICombinedCmdManager Cyclic Event. Time Overrun is 9628 us[EOL]
[2026-09-22T08:36:51.672639Z][APM_J.newgen-amplificationplatemagazine][W][2330306][141]CRTCyclicEvent.cpp:TimeMissed():101|Cycle miss in event CCSICombinedRepManager. Time Overrun is 9628 us[EOL]
[2026-09-22T08:36:53.907971Z][APM_J.newgen-amplificationplatemagazine][W][2330306][141]CRTCyclicEvent.cpp:TimeMissed():101|Cycle miss in event CCSICombinedCmdManager Cyclic Event. Time Overrun is 5009 us[EOL]
[2026-09-22T08:36:53.908047Z][APM_J.newgen-amplificationplatemagazine][W][2330306][141]CRTCyclicEvent.cpp:TimeMissed():101|Cycle miss in event CCSICombinedRepManager. Time Overrun is 5009 us[EOL]
[2026-09-22T08:36:58.687666Z][APM_J.newgen-amplificationplatemagazine][I][2560016][141]IMessageHandler.h:operator()():40|Received RabbitMqMessage Roche.MolLab.InstrumentState.Ping. Content: {"Timestamp":"2026-09-22T08:36:58.6759276Z","PingId":"IS14"}[EOL]
[2026-09-22T08:36:58.687736Z][APM_J.newgen-amplificationplatemagazine][I][844444436][141]UnitCommunicator.cpp:SendEvent():424|Publishing event: type=Roche.c68_8800.AmplificationPlateMagazine.J.Echo correlation_id=(n/a)[EOL]
[2026-09-22T08:36:58.687758Z][APM_J.newgen-amplificationplatemagazine][I][2560017][141]MessageSender.h:SendEvent():105|Sent RabbitMqEvent Roche.c68_8800.AmplificationPlateMagazine.J.Echo. Content: {"Timestamp":"2026-09-22T08:36:58.687726Z","MagazineId":"J","PingId":"IS14"}[EOL]
[2026-09-22T08:36:59.804322Z][APM_J.barcodereader][W][2330306][134]CRTCyclicEvent.cpp:TimeMissed():101|Cycle miss in event CCSICombinedCmdManager Cyclic Event. Time Overrun is 34239 us[EOL]
[2026-09-22T08:36:59.804352Z][APM_J.barcodereader][W][2330306][134]CRTCyclicEvent.cpp:TimeMissed():101|Cycle miss in event CCSICombinedRepManager. Time Overrun is 34239 us[EOL]
[2026-09-22T08:36:59.808843Z][APM_J.newgen-amplificationplatemagazine][W][2330306][141]CRTCyclicEvent.cpp:TimeMissed():101|Cycle miss in event CCSICombinedCmdManager Cyclic Event. Time Overrun is 35883 us[EOL]
[2026-09-22T08:36:59.808875Z][APM_J.newgen-amplificationplatemagazine][W][2330306][141]CRTCyclicEvent.cpp:TimeMissed():101|Cycle miss in event CCSICombinedRepManager. Time Overrun is 35883 us[EOL]
[2026-09-22T08:37:02.831058Z][APM_J.barcodereader][W][2330306][134]CRTCyclicEvent.cpp:TimeMissed():101|Cycle miss in event CCSICombinedCmdManager Cyclic Event. Time Overrun is 973 us[EOL]
[2026-09-22T08:37:02.831120Z][APM_J.barcodereader][W][2330306][134]CRTCyclicEvent.cpp:TimeMissed():101|Cycle miss in event CCSICombinedRepManager. Time Overrun is 973 us[EOL]
[2026-09-22T08:37:14.501691Z][APM_J.newgen-amplificationplatemagazine][W][2330306][141]CRTCyclicEvent.cpp:TimeMissed():101|Cycle miss in event CCSICombinedCmdManager Cyclic Event. Time Overrun is 8731 us[EOL]
[2026-09-22T08:37:14.501808Z][APM_J.newgen-amplificationplatemagazine][W][2330306][141]CRTCyclicEvent.cpp:TimeMissed():101|Cycle miss in event CCSICombinedRepManager. Time Overrun is 8731 us[EOL]
[2026-09-22T08:37:14.499753Z][APM_J.barcodereader][W][2330306][134]CRTCyclicEvent.cpp:TimeMissed():101|Cycle miss in event CCSICombinedCmdManager Cyclic Event. Time Overrun is 9670 us[EOL]
[2026-09-22T08:37:14.499782Z][APM_J.barcodereader][W][2330306][134]CRTCyclicEvent.cpp:TimeMissed():101|Cycle miss in event CCSICombinedRepManager. Time Overrun is 9670 us[EOL]
[2026-09-22T08:37:17.960710Z][APM_J.barcodereader][W][2330306][134]CRTCyclicEvent.cpp:TimeMissed():101|Cycle miss in event CCSICombinedCmdManager Cyclic Event. Time Overrun is 628 us[EOL]
[2026-09-22T08:37:17.960770Z][APM_J.barcodereader][W][2330306][134]CRTCyclicEvent.cpp:TimeMissed():101|Cycle miss in event CCSICombinedRepManager. Time Overrun is 628 us[EOL]
[2026-09-22T08:37:23.766339Z][APM_J.barcodereader][W][2330306][134]CRTCyclicEvent.cpp:TimeMissed():101|Cycle miss in event CCSICombinedCmdManager Cyclic Event. Time Overrun is 6258 us[EOL]
[2026-09-22T08:37:23.766360Z][APM_J.barcodereader][W][2330306][134]CRTCyclicEvent.cpp:TimeMissed():101|Cycle miss in event CCSICombinedRepManager. Time Overrun is 6258 us[EOL]
[2026-09-22T08:37:28.209483Z][APM_J.barcodereader][W][2330306][134]CRTCyclicEvent.cpp:TimeMissed():101|Cycle miss in event CCSICombinedCmdManager Cyclic Event. Time Overrun is 9401 us[EOL]
[2026-09-22T08:37:28.210275Z][APM_J.newgen-amplificationplatemagazine][W][2330306][141]CRTCyclicEvent.cpp:TimeMissed():101|Cycle miss in event CCSICombinedCmdManager Cyclic Event. Time Overrun is 7316 us[EOL]
[2026-09-22T08:37:28.210299Z][APM_J.newgen-amplificationplatemagazine][W][2330306][141]CRTCyclicEvent.cpp:TimeMissed():101|Cycle miss in event CCSICombinedRepManager. Time Overrun is 7316 us[EOL]
[2026-09-22T08:37:28.209512Z][APM_J.barcodereader][W][2330306][134]CRTCyclicEvent.cpp:TimeMissed():101|Cycle miss in event CCSICombinedRepManager. Time Overrun is 9401 us[EOL]
[2026-09-22T08:37:28.683559Z][APM_J.newgen-amplificationplatemagazine][I][2560016][141]IMessageHandler.h:operator()():40|Received RabbitMqMessage Roche.MolLab.InstrumentState.Ping. Content: {"Timestamp":"2026-09-22T08:37:28.6740962Z","PingId":"IS15"}[EOL]
[2026-09-22T08:37:28.683589Z][APM_J.newgen-amplificationplatemagazine][I][844444436][141]UnitCommunicator.cpp:SendEvent():424|Publishing event: type=Roche.c68_8800.AmplificationPlateMagazine.J.Echo correlation_id=(n/a)[EOL]
[2026-09-22T08:37:28.683604Z][APM_J.newgen-amplificationplatemagazine][I][2560017][141]MessageSender.h:SendEvent():105|Sent RabbitMqEvent Roche.c68_8800.AmplificationPlateMagazine.J.Echo. Content: {"Timestamp":"2026-09-22T08:37:28.683585Z","MagazineId":"J","PingId":"IS15"}[EOL]
[2026-09-22T08:37:37.349790Z][APM_J.barcodereader][W][2330306][134]CRTCyclicEvent.cpp:TimeMissed():101|Cycle miss in event CCSICombinedCmdManager Cyclic Event. Time Overrun is 9708 us[EOL]
[2026-09-22T08:37:37.349816Z][APM_J.barcodereader][W][2330306][134]CRTCyclicEvent.cpp:TimeMissed():101|Cycle miss in event CCSICombinedRepManager. Time Overrun is 9708 us[EOL]
[2026-09-22T08:37:37.352017Z][APM_J.newgen-amplificationplatemagazine][W][2330306][141]CRTCyclicEvent.cpp:TimeMissed():101|Cycle miss in event CCSICombinedCmdManager Cyclic Event. Time Overrun is 9056 us[EOL]
[2026-09-22T08:37:37.352046Z][APM_J.newgen-amplificationplatemagazine][W][2330306][141]CRTCyclicEvent.cpp:TimeMissed():101|Cycle miss in event CCSICombinedRepManager. Time Overrun is 9056 us[EOL]
[2026-09-22T08:37:44.132529Z][APM_J.barcodereader][W][2330306][134]CRTCyclicEvent.cpp:TimeMissed():101|Cycle miss in event CCSICombinedCmdManager Cyclic Event. Time Overrun is 22446 us[EOL]
[2026-09-22T08:37:44.130523Z][APM_J.newgen-amplificationplatemagazine][W][2330306][141]CRTCyclicEvent.cpp:TimeMissed():101|Cycle miss in event CCSICombinedCmdManager Cyclic Event. Time Overrun is 17563 us[EOL]
[2026-09-22T08:37:44.132571Z][APM_J.barcodereader][W][2330306][134]CRTCyclicEvent.cpp:TimeMissed():101|Cycle miss in event CCSICombinedRepManager. Time Overrun is 22446 us[EOL]
[2026-09-22T08:37:44.130550Z][APM_J.newgen-amplificationplatemagazine][W][2330306][141]CRTCyclicEvent.cpp:TimeMissed():101|Cycle miss in event CCSICombinedRepManager. Time Overrun is 17563 us[EOL]
[2026-09-22T08:37:44.252038Z][APM_J.barcodereader][W][2330306][134]CRTCyclicEvent.cpp:TimeMissed():101|Cycle miss in event CCSICombinedCmdManager Cyclic Event. Time Overrun is 1958 us[EOL]
[2026-09-22T08:37:44.252060Z][APM_J.barcodereader][W][2330306][134]CRTCyclicEvent.cpp:TimeMissed():101|Cycle miss in event CCSICombinedRepManager. Time Overrun is 1958 us[EOL]
[2026-09-22T08:37:49.537049Z][APM_J.newgen-amplificationplatemagazine][W][2330306][141]CRTCyclicEvent.cpp:TimeMissed():101|Cycle miss in event CCSICombinedCmdManager Cyclic Event. Time Overrun is 4088 us[EOL]
[2026-09-22T08:37:49.537081Z][APM_J.newgen-amplificationplatemagazine][W][2330306][141]CRTCyclicEvent.cpp:TimeMissed():101|Cycle miss in event CCSICombinedRepManager. Time Overrun is 4088 us[EOL]
[2026-09-22T08:37:58.687422Z][APM_J.newgen-amplificationplatemagazine][I][2560016][141]IMessageHandler.h:operator()():40|Received RabbitMqMessage Roche.MolLab.InstrumentState.Ping. Content: {"Timestamp":"2026-09-22T08:37:58.6750384Z","PingId":"IS16"}[EOL]
[2026-09-22T08:37:58.687463Z][APM_J.newgen-amplificationplatemagazine][I][844444436][141]UnitCommunicator.cpp:SendEvent():424|Publishing event: type=Roche.c68_8800.AmplificationPlateMagazine.J.Echo correlation_id=(n/a)[EOL]
[2026-09-22T08:37:58.687483Z][APM_J.newgen-amplificationplatemagazine][I][2560017][141]MessageSender.h:SendEvent():105|Sent RabbitMqEvent Roche.c68_8800.AmplificationPlateMagazine.J.Echo. Content: {"Timestamp":"2026-09-22T08:37:58.687458Z","MagazineId":"J","PingId":"IS16"}[EOL]
[2026-09-22T08:37:58.728289Z][APM_J.barcodereader][W][2330306][134]CRTCyclicEvent.cpp:TimeMissed():101|Cycle miss in event CCSICombinedCmdManager Cyclic Event. Time Overrun is 8208 us[EOL]
[2026-09-22T08:37:58.728311Z][APM_J.barcodereader][W][2330306][134]CRTCyclicEvent.cpp:TimeMissed():101|Cycle miss in event CCSICombinedRepManager. Time Overrun is 8208 us[EOL]
[2026-09-22T08:38:08.102200Z][APM_J.newgen-amplificationplatemagazine][W][2330306][141]CRTCyclicEvent.cpp:TimeMissed():101|Cycle miss in event CCSICombinedCmdManager Cyclic Event. Time Overrun is 8965 us[EOL]
[2026-09-22T08:38:08.102977Z][APM_J.barcodereader][W][2330306][134]CRTCyclicEvent.cpp:TimeMissed():101|Cycle miss in event CCSICombinedCmdManager Cyclic Event. Time Overrun is 2887 us[EOL]
[2026-09-22T08:38:08.102257Z][APM_J.newgen-amplificationplatemagazine][W][2330306][141]CRTCyclicEvent.cpp:TimeMissed():101|Cycle miss in event CCSICombinedRepManager. Time Overrun is 8965 us[EOL]
[2026-09-22T08:38:08.103006Z][APM_J.barcodereader][W][2330306][134]CRTCyclicEvent.cpp:TimeMissed():101|Cycle miss in event CCSICombinedRepManager. Time Overrun is 2887 us[EOL]
[2026-09-22T08:38:24.450365Z][APM_J.barcodereader][W][2330306][134]CRTCyclicEvent.cpp:TimeMissed():101|Cycle miss in event CCSICombinedCmdManager Cyclic Event. Time Overrun is 165 us[EOL]
[2026-09-22T08:38:24.450410Z][APM_J.barcodereader][W][2330306][134]CRTCyclicEvent.cpp:TimeMissed():101|Cycle miss in event CCSICombinedRepManager. Time Overrun is 165 us[EOL]
[2026-09-22T08:38:28.513259Z][APM_J.newgen-amplificationplatemagazine][W][2330306][141]CRTCyclicEvent.cpp:TimeMissed():101|Cycle miss in event CCSICombinedCmdManager Cyclic Event. Time Overrun is 294 us[EOL]
[2026-09-22T08:38:28.513310Z][APM_J.newgen-amplificationplatemagazine][W][2330306][141]CRTCyclicEvent.cpp:TimeMissed():101|Cycle miss in event CCSICombinedRepManager. Time Overrun is 294 us[EOL]
[2026-09-22T08:38:28.689159Z][APM_J.newgen-amplificationplatemagazine][I][2560016][141]IMessageHandler.h:operator()():40|Received RabbitMqMessage Roche.MolLab.InstrumentState.Ping. Content: {"Timestamp":"2026-09-22T08:38:28.6759171Z","PingId":"IS17"}[EOL]
[2026-09-22T08:38:28.689206Z][APM_J.newgen-amplificationplatemagazine][I][844444436][141]UnitCommunicator.cpp:SendEvent():424|Publishing event: type=Roche.c68_8800.AmplificationPlateMagazine.J.Echo correlation_id=(n/a)[EOL]
[2026-09-22T08:38:28.689233Z][APM_J.newgen-amplificationplatemagazine][I][2560017][141]MessageSender.h:SendEvent():105|Sent RabbitMqEvent Roche.c68_8800.AmplificationPlateMagazine.J.Echo. Content: {"Timestamp":"2026-09-22T08:38:28.689198Z","MagazineId":"J","PingId":"IS17"}[EOL]
[2026-09-22T08:38:28.833313Z][APM_J.barcodereader][W][2330306][134]CRTCyclicEvent.cpp:TimeMissed():101|Cycle miss in event CCSICombinedCmdManager Cyclic Event. Time Overrun is 3227 us[EOL]
[2026-09-22T08:38:28.833464Z][APM_J.newgen-amplificationplatemagazine][W][2330306][141]CRTCyclicEvent.cpp:TimeMissed():101|Cycle miss in event CCSICombinedCmdManager Cyclic Event. Time Overrun is 504 us[EOL]
[2026-09-22T08:38:28.833510Z][APM_J.newgen-amplificationplatemagazine][W][2330306][141]CRTCyclicEvent.cpp:TimeMissed():101|Cycle miss in event CCSICombinedRepManager. Time Overrun is 504 us[EOL]
[2026-09-22T08:38:28.833356Z][APM_J.barcodereader][W][2330306][134]CRTCyclicEvent.cpp:TimeMissed():101|Cycle miss in event CCSICombinedRepManager. Time Overrun is 3227 us[EOL]
[2026-09-22T08:38:36.720700Z][APM_J.barcodereader][W][2330306][134]CRTCyclicEvent.cpp:TimeMissed():101|Cycle miss in event CCSICombinedCmdManager Cyclic Event. Time Overrun is 616 us[EOL]
[2026-09-22T08:38:36.720759Z][APM_J.barcodereader][W][2330306][134]CRTCyclicEvent.cpp:TimeMissed():101|Cycle miss in event CCSICombinedRepManager. Time Overrun is 616 us[EOL]
[2026-09-22T08:38:39.646504Z][APM_J.newgen-amplificationplatemagazine][W][2330306][141]CRTCyclicEvent.cpp:TimeMissed():101|Cycle miss in event CCSICombinedCmdManager Cyclic Event. Time Overrun is 3543 us[EOL]
[2026-09-22T08:38:39.646538Z][APM_J.newgen-amplificationplatemagazine][W][2330306][141]CRTCyclicEvent.cpp:TimeMissed():101|Cycle miss in event CCSICombinedRepManager. Time Overrun is 3543 us[EOL]
[2026-09-22T08:38:39.645885Z][APM_J.barcodereader][W][2330306][134]CRTCyclicEvent.cpp:TimeMissed():101|Cycle miss in event CCSICombinedCmdManager Cyclic Event. Time Overrun is 5802 us[EOL]
[2026-09-22T08:38:39.645915Z][APM_J.barcodereader][W][2330306][134]CRTCyclicEvent.cpp:TimeMissed():101|Cycle miss in event CCSICombinedRepManager. Time Overrun is 5802 us[EOL]
[2026-09-22T08:38:43.753271Z][APM_J.newgen-amplificationplatemagazine][W][2330306][141]CRTCyclicEvent.cpp:TimeMissed():101|Cycle miss in event CCSICombinedCmdManager Cyclic Event. Time Overrun is 312 us[EOL]
[2026-09-22T08:38:43.753304Z][APM_J.newgen-amplificationplatemagazine][W][2330306][141]CRTCyclicEvent.cpp:TimeMissed():101|Cycle miss in event CCSICombinedRepManager. Time Overrun is 312 us[EOL]
[2026-09-22T08:38:53.342939Z][APM_J.barcodereader][W][2330306][134]CRTCyclicEvent.cpp:TimeMissed():101|Cycle miss in event CCSICombinedCmdManager Cyclic Event. Time Overrun is 2857 us[EOL]
[2026-09-22T08:38:53.343031Z][APM_J.barcodereader][W][2330306][134]CRTCyclicEvent.cpp:TimeMissed():101|Cycle miss in event CCSICombinedRepManager. Time Overrun is 2857 us[EOL]
[2026-09-22T08:38:54.073673Z][APM_J.newgen-amplificationplatemagazine][W][2330306][141]CRTCyclicEvent.cpp:TimeMissed():101|Cycle miss in event CCSICombinedCmdManager Cyclic Event. Time Overrun is 10713 us[EOL]
[2026-09-22T08:38:54.073707Z][APM_J.newgen-amplificationplatemagazine][W][2330306][141]CRTCyclicEvent.cpp:TimeMissed():101|Cycle miss in event CCSICombinedRepManager. Time Overrun is 10713 us[EOL]
[2026-09-22T08:38:58.678512Z][APM_J.newgen-amplificationplatemagazine][I][2560016][141]IMessageHandler.h:operator()():40|Received RabbitMqMessage Roche.MolLab.InstrumentState.Ping. Content: {"Timestamp":"2026-09-22T08:38:58.6756067Z","PingId":"IS18"}[EOL]
[2026-09-22T08:38:58.678563Z][APM_J.newgen-amplificationplatemagazine][I][844444436][141]UnitCommunicator.cpp:SendEvent():424|Publishing event: type=Roche.c68_8800.AmplificationPlateMagazine.J.Echo correlation_id=(n/a)[EOL]
[2026-09-22T08:38:58.678590Z][APM_J.newgen-amplificationplatemagazine][I][2560017][141]MessageSender.h:SendEvent():105|Sent RabbitMqEvent Roche.c68_8800.AmplificationPlateMagazine.J.Echo. Content: {"Timestamp":"2026-09-22T08:38:58.678555Z","MagazineId":"J","PingId":"IS18"}[EOL]
[2026-09-22T08:39:05.350700Z][APM_J.barcodereader][W][2330306][134]CRTCyclicEvent.cpp:TimeMissed():101|Cycle miss in event CCSICombinedCmdManager Cyclic Event. Time Overrun is 10616 us[EOL]
[2026-09-22T08:39:05.350732Z][APM_J.barcodereader][W][2330306][134]CRTCyclicEvent.cpp:TimeMissed():101|Cycle miss in event CCSICombinedRepManager. Time Overrun is 10616 us[EOL]
[2026-09-22T08:39:05.351576Z][APM_J.newgen-amplificationplatemagazine][W][2330306][141]CRTCyclicEvent.cpp:TimeMissed():101|Cycle miss in event CCSICombinedCmdManager Cyclic Event. Time Overrun is 8613 us[EOL]
[2026-09-22T08:39:05.351613Z][APM_J.newgen-amplificationplatemagazine][W][2330306][141]CRTCyclicEvent.cpp:TimeMissed():101|Cycle miss in event CCSICombinedRepManager. Time Overrun is 8613 us[EOL]
[2026-09-22T08:39:06.080212Z][APM_J.barcodereader][W][2330306][134]CRTCyclicEvent.cpp:TimeMissed():101|Cycle miss in event CCSICombinedCmdManager Cyclic Event. Time Overrun is 130 us[EOL]
[2026-09-22T08:39:06.080237Z][APM_J.barcodereader][W][2330306][134]CRTCyclicEvent.cpp:TimeMissed():101|Cycle miss in event CCSICombinedRepManager. Time Overrun is 130 us[EOL]
[2026-09-22T08:39:06.079835Z][APM_J.newgen-amplificationplatemagazine][W][2330306][141]CRTCyclicEvent.cpp:TimeMissed():101|Cycle miss in event CCSICombinedCmdManager Cyclic Event. Time Overrun is 6875 us[EOL]
[2026-09-22T08:39:06.079863Z][APM_J.newgen-amplificationplatemagazine][W][2330306][141]CRTCyclicEvent.cpp:TimeMissed():101|Cycle miss in event CCSICombinedRepManager. Time Overrun is 6875 us[EOL]
[2026-09-22T08:39:06.543053Z][APM_J.newgen-amplificationplatemagazine][W][2330306][141]CRTCyclicEvent.cpp:TimeMissed():101|Cycle miss in event CCSICombinedCmdManager Cyclic Event. Time Overrun is 10093 us[EOL]
[2026-09-22T08:39:06.543089Z][APM_J.newgen-amplificationplatemagazine][W][2330306][141]CRTCyclicEvent.cpp:TimeMissed():101|Cycle miss in event CCSICombinedRepManager. Time Overrun is 10093 us[EOL]
[2026-09-22T08:39:06.542539Z][APM_J.barcodereader][W][2330306][134]CRTCyclicEvent.cpp:TimeMissed():101|Cycle miss in event CCSICombinedCmdManager Cyclic Event. Time Overrun is 2458 us[EOL]
[2026-09-22T08:39:06.542568Z][APM_J.barcodereader][W][2330306][134]CRTCyclicEvent.cpp:TimeMissed():101|Cycle miss in event CCSICombinedRepManager. Time Overrun is 2458 us[EOL]
[2026-09-22T08:39:25.595727Z][APM_J.newgen-amplificationplatemagazine][W][2330306][141]CRTCyclicEvent.cpp:TimeMissed():101|Cycle miss in event CCSICombinedCmdManager Cyclic Event. Time Overrun is 2756 us[EOL]
[2026-09-22T08:39:25.595761Z][APM_J.newgen-amplificationplatemagazine][W][2330306][141]CRTCyclicEvent.cpp:TimeMissed():101|Cycle miss in event CCSICombinedRepManager. Time Overrun is 2756 us[EOL]
[2026-09-22T08:39:25.734434Z][APM_J.newgen-amplificationplatemagazine][W][2330306][141]CRTCyclicEvent.cpp:TimeMissed():101|Cycle miss in event CCSICombinedCmdManager Cyclic Event. Time Overrun is 1475 us[EOL]
[2026-09-22T08:39:25.734468Z][APM_J.newgen-amplificationplatemagazine][W][2330306][141]CRTCyclicEvent.cpp:TimeMissed():101|Cycle miss in event CCSICombinedRepManager. Time Overrun is 1475 us[EOL]
[2026-09-22T08:39:25.733426Z][APM_J.barcodereader][W][2330306][134]CRTCyclicEvent.cpp:TimeMissed():101|Cycle miss in event CCSICombinedCmdManager Cyclic Event. Time Overrun is 3346 us[EOL]
[2026-09-22T08:39:25.733450Z][APM_J.barcodereader][W][2330306][134]CRTCyclicEvent.cpp:TimeMissed():101|Cycle miss in event CCSICombinedRepManager. Time Overrun is 3346 us[EOL]
[2026-09-22T08:39:25.993913Z][APM_J.newgen-amplificationplatemagazine][W][2330306][141]CRTCyclicEvent.cpp:TimeMissed():101|Cycle miss in event CCSICombinedCmdManager Cyclic Event. Time Overrun is 952 us[EOL]
[2026-09-22T08:39:25.993947Z][APM_J.newgen-amplificationplatemagazine][W][2330306][141]CRTCyclicEvent.cpp:TimeMissed():101|Cycle miss in event CCSICombinedRepManager. Time Overrun is 952 us[EOL]
[2026-09-22T08:39:25.993781Z][APM_J.barcodereader][W][2330306][134]CRTCyclicEvent.cpp:TimeMissed():101|Cycle miss in event CCSICombinedCmdManager Cyclic Event. Time Overrun is 3700 us[EOL]
[2026-09-22T08:39:25.993810Z][APM_J.barcodereader][W][2330306][134]CRTCyclicEvent.cpp:TimeMissed():101|Cycle miss in event CCSICombinedRepManager. Time Overrun is 3700 us[EOL]
[2026-09-22T08:39:26.648324Z][APM_J.newgen-amplificationplatemagazine][W][2330306][141]CRTCyclicEvent.cpp:TimeMissed():101|Cycle miss in event CCSICombinedCmdManager Cyclic Event. Time Overrun is 5360 us[EOL]
[2026-09-22T08:39:26.648370Z][APM_J.newgen-amplificationplatemagazine][W][2330306][141]CRTCyclicEvent.cpp:TimeMissed():101|Cycle miss in event CCSICombinedRepManager. Time Overrun is 5360 us[EOL]
[2026-09-22T08:39:27.827360Z][APM_J.barcodereader][W][2330306][134]CRTCyclicEvent.cpp:TimeMissed():101|Cycle miss in event CCSICombinedCmdManager Cyclic Event. Time Overrun is 7279 us[EOL]
[2026-09-22T08:39:27.827389Z][APM_J.barcodereader][W][2330306][134]CRTCyclicEvent.cpp:TimeMissed():101|Cycle miss in event CCSICombinedRepManager. Time Overrun is 7279 us[EOL]
[2026-09-22T08:39:27.826771Z][APM_J.newgen-amplificationplatemagazine][W][2330306][141]CRTCyclicEvent.cpp:TimeMissed():101|Cycle miss in event CCSICombinedCmdManager Cyclic Event. Time Overrun is 13811 us[EOL]
[2026-09-22T08:39:27.826804Z][APM_J.newgen-amplificationplatemagazine][W][2330306][141]CRTCyclicEvent.cpp:TimeMissed():101|Cycle miss in event CCSICombinedRepManager. Time Overrun is 13811 us[EOL]
[2026-09-22T08:39:28.698736Z][APM_J.newgen-amplificationplatemagazine][I][2560016][141]IMessageHandler.h:operator()():40|Received RabbitMqMessage Roche.MolLab.InstrumentState.Ping. Content: {"Timestamp":"2026-09-22T08:39:28.6740918Z","PingId":"IS19"}[EOL]
[2026-09-22T08:39:28.698781Z][APM_J.newgen-amplificationplatemagazine][I][844444436][141]UnitCommunicator.cpp:SendEvent():424|Publishing event: type=Roche.c68_8800.AmplificationPlateMagazine.J.Echo correlation_id=(n/a)[EOL]
[2026-09-22T08:39:28.698802Z][APM_J.newgen-amplificationplatemagazine][I][2560017][141]MessageSender.h:SendEvent():105|Sent RabbitMqEvent Roche.c68_8800.AmplificationPlateMagazine.J.Echo. Content: {"Timestamp":"2026-09-22T08:39:28.698776Z","MagazineId":"J","PingId":"IS19"}[EOL]
[2026-09-22T08:39:31.923508Z][APM_J.barcodereader][W][2330306][134]CRTCyclicEvent.cpp:TimeMissed():101|Cycle miss in event CCSICombinedCmdManager Cyclic Event. Time Overrun is 3426 us[EOL]
[2026-09-22T08:39:31.923540Z][APM_J.barcodereader][W][2330306][134]CRTCyclicEvent.cpp:TimeMissed():101|Cycle miss in event CCSICombinedRepManager. Time Overrun is 3426 us[EOL]
[2026-09-22T08:39:38.905819Z][APM_J.newgen-amplificationplatemagazine][W][2330306][141]CRTCyclicEvent.cpp:TimeMissed():101|Cycle miss in event CCSICombinedCmdManager Cyclic Event. Time Overrun is 2858 us[EOL]
[2026-09-22T08:39:38.913158Z][APM_J.newgen-amplificationplatemagazine][W][2330306][141]CRTCyclicEvent.cpp:TimeMissed():101|Cycle miss in event CCSICombinedRepManager. Time Overrun is 2858 us[EOL]
[2026-09-22T08:39:39.584794Z][APM_J.newgen-amplificationplatemagazine][W][2330306][141]CRTCyclicEvent.cpp:TimeMissed():101|Cycle miss in event CCSICombinedCmdManager Cyclic Event. Time Overrun is 1834 us[EOL]
[2026-09-22T08:39:39.584870Z][APM_J.newgen-amplificationplatemagazine][W][2330306][141]CRTCyclicEvent.cpp:TimeMissed():101|Cycle miss in event CCSICombinedRepManager. Time Overrun is 1834 us[EOL]
[2026-09-22T08:39:43.974553Z][APM_J.barcodereader][W][2330306][134]CRTCyclicEvent.cpp:TimeMissed():101|Cycle miss in event CCSICombinedCmdManager Cyclic Event. Time Overrun is 4470 us[EOL]
[2026-09-22T08:39:43.974634Z][APM_J.barcodereader][W][2330306][134]CRTCyclicEvent.cpp:TimeMissed():101|Cycle miss in event CCSICombinedRepManager. Time Overrun is 4470 us[EOL]
[2026-09-22T08:39:45.644964Z][APM_J.newgen-amplificationplatemagazine][W][2330306][141]CRTCyclicEvent.cpp:TimeMissed():101|Cycle miss in event CCSICombinedCmdManager Cyclic Event. Time Overrun is 2003 us[EOL]
[2026-09-22T08:39:45.644994Z][APM_J.newgen-amplificationplatemagazine][W][2330306][141]CRTCyclicEvent.cpp:TimeMissed():101|Cycle miss in event CCSICombinedRepManager. Time Overrun is 2003 us[EOL]
[2026-09-22T08:39:51.648890Z][APM_J.barcodereader][W][2330306][134]CRTCyclicEvent.cpp:TimeMissed():101|Cycle miss in event CCSICombinedCmdManager Cyclic Event. Time Overrun is 8808 us[EOL]
[2026-09-22T08:39:51.648917Z][APM_J.barcodereader][W][2330306][134]CRTCyclicEvent.cpp:TimeMissed():101|Cycle miss in event CCSICombinedRepManager. Time Overrun is 8808 us[EOL]
[2026-09-22T08:39:51.649761Z][APM_J.newgen-amplificationplatemagazine][W][2330306][141]CRTCyclicEvent.cpp:TimeMissed():101|Cycle miss in event CCSICombinedCmdManager Cyclic Event. Time Overrun is 6803 us[EOL]
[2026-09-22T08:39:51.649783Z][APM_J.newgen-amplificationplatemagazine][W][2330306][141]CRTCyclicEvent.cpp:TimeMissed():101|Cycle miss in event CCSICombinedRepManager. Time Overrun is 6803 us[EOL]
[2026-09-22T08:39:55.564234Z][APM_J.newgen-amplificationplatemagazine][W][2330306][141]CRTCyclicEvent.cpp:TimeMissed():101|Cycle miss in event CCSICombinedCmdManager Cyclic Event. Time Overrun is 1274 us[EOL]
[2026-09-22T08:39:55.564273Z][APM_J.newgen-amplificationplatemagazine][W][2330306][141]CRTCyclicEvent.cpp:TimeMissed():101|Cycle miss in event CCSICombinedRepManager. Time Overrun is 1274 us[EOL]
[2026-09-22T08:39:55.563767Z][APM_J.barcodereader][W][2330306][134]CRTCyclicEvent.cpp:TimeMissed():101|Cycle miss in event CCSICombinedCmdManager Cyclic Event. Time Overrun is 3680 us[EOL]
[2026-09-22T08:39:55.563792Z][APM_J.barcodereader][W][2330306][134]CRTCyclicEvent.cpp:TimeMissed():101|Cycle miss in event CCSICombinedRepManager. Time Overrun is 3680 us[EOL]
[2026-09-22T08:39:57.833670Z][APM_J.newgen-amplificationplatemagazine][W][2330306][141]CRTCyclicEvent.cpp:TimeMissed():101|Cycle miss in event CCSICombinedCmdManager Cyclic Event. Time Overrun is 706 us[EOL]
[2026-09-22T08:39:57.833697Z][APM_J.newgen-amplificationplatemagazine][W][2330306][141]CRTCyclicEvent.cpp:TimeMissed():101|Cycle miss in event CCSICombinedRepManager. Time Overrun is 706 us[EOL]
[2026-09-22T08:39:58.686543Z][APM_J.newgen-amplificationplatemagazine][I][2560016][141]IMessageHandler.h:operator()():40|Received RabbitMqMessage Roche.MolLab.InstrumentState.Ping. Content: {"Timestamp":"2026-09-22T08:39:58.6732312Z","PingId":"IS20"}[EOL]
[2026-09-22T08:39:58.686634Z][APM_J.newgen-amplificationplatemagazine][I][844444436][141]UnitCommunicator.cpp:SendEvent():424|Publishing event: type=Roche.c68_8800.AmplificationPlateMagazine.J.Echo correlation_id=(n/a)[EOL]
[2026-09-22T08:39:58.686691Z][APM_J.newgen-amplificationplatemagazine][I][2560017][141]MessageSender.h:SendEvent():105|Sent RabbitMqEvent Roche.c68_8800.AmplificationPlateMagazine.J.Echo. Content: {"Timestamp":"2026-09-22T08:39:58.686614Z","MagazineId":"J","PingId":"IS20"}[EOL]
[2026-09-22T08:40:00.865519Z][APM_J.newgen-amplificationplatemagazine][W][2330306][141]CRTCyclicEvent.cpp:TimeMissed():101|Cycle miss in event CCSICombinedCmdManager Cyclic Event. Time Overrun is 2558 us[EOL]
[2026-09-22T08:40:00.865553Z][APM_J.newgen-amplificationplatemagazine][W][2330306][141]CRTCyclicEvent.cpp:TimeMissed():101|Cycle miss in event CCSICombinedRepManager. Time Overrun is 2558 us[EOL]
[2026-09-22T08:40:12.469378Z][APM_J.newgen-amplificationplatemagazine][W][2330306][141]CRTCyclicEvent.cpp:TimeMissed():101|Cycle miss in event CCSICombinedCmdManager Cyclic Event. Time Overrun is 6419 us[EOL]
[2026-09-22T08:40:12.469404Z][APM_J.newgen-amplificationplatemagazine][W][2330306][141]CRTCyclicEvent.cpp:TimeMissed():101|Cycle miss in event CCSICombinedRepManager. Time Overrun is 6419 us[EOL]
[2026-09-22T08:40:12.471070Z][APM_J.barcodereader][W][2330306][134]CRTCyclicEvent.cpp:TimeMissed():101|Cycle miss in event CCSICombinedCmdManager Cyclic Event. Time Overrun is 987 us[EOL]
[2026-09-22T08:40:12.471097Z][APM_J.barcodereader][W][2330306][134]CRTCyclicEvent.cpp:TimeMissed():101|Cycle miss in event CCSICombinedRepManager. Time Overrun is 987 us[EOL]
[2026-09-22T08:40:19.990083Z][APM_J.barcodereader][W][2330306][134]CRTCyclicEvent.cpp:TimeMissed():101|Cycle miss in event CCSICombinedCmdManager Cyclic Event. Time Overrun is 0 us[EOL]
[2026-09-22T08:40:19.990112Z][APM_J.barcodereader][W][2330306][134]CRTCyclicEvent.cpp:TimeMissed():101|Cycle miss in event CCSICombinedRepManager. Time Overrun is 0 us[EOL]
[2026-09-22T08:40:21.528761Z][APM_J.newgen-amplificationplatemagazine][W][2330306][141]CRTCyclicEvent.cpp:TimeMissed():101|Cycle miss in event CCSICombinedCmdManager Cyclic Event. Time Overrun is 5800 us[EOL]
[2026-09-22T08:40:21.528801Z][APM_J.newgen-amplificationplatemagazine][W][2330306][141]CRTCyclicEvent.cpp:TimeMissed():101|Cycle miss in event CCSICombinedRepManager. Time Overrun is 5800 us[EOL]
[2026-09-22T08:40:25.054050Z][APM_J.newgen-amplificationplatemagazine][W][2330306][141]CRTCyclicEvent.cpp:TimeMissed():101|Cycle miss in event CCSICombinedCmdManager Cyclic Event. Time Overrun is 1091 us[EOL]
[2026-09-22T08:40:25.054076Z][APM_J.newgen-amplificationplatemagazine][W][2330306][141]CRTCyclicEvent.cpp:TimeMissed():101|Cycle miss in event CCSICombinedRepManager. Time Overrun is 1091 us[EOL]
[2026-09-22T08:40:26.732903Z][APM_J.barcodereader][W][2330306][134]CRTCyclicEvent.cpp:TimeMissed():101|Cycle miss in event CCSICombinedCmdManager Cyclic Event. Time Overrun is 2823 us[EOL]
[2026-09-22T08:40:26.732933Z][APM_J.barcodereader][W][2330306][134]CRTCyclicEvent.cpp:TimeMissed():101|Cycle miss in event CCSICombinedRepManager. Time Overrun is 2823 us[EOL]
[2026-09-22T08:40:28.682262Z][APM_J.newgen-amplificationplatemagazine][I][2560016][141]IMessageHandler.h:operator()():40|Received RabbitMqMessage Roche.MolLab.InstrumentState.Ping. Content: {"Timestamp":"2026-09-22T08:40:28.6739066Z","PingId":"IS21"}[EOL]
[2026-09-22T08:40:28.682289Z][APM_J.newgen-amplificationplatemagazine][I][844444436][141]UnitCommunicator.cpp:SendEvent():424|Publishing event: type=Roche.c68_8800.AmplificationPlateMagazine.J.Echo correlation_id=(n/a)[EOL]
[2026-09-22T08:40:28.682303Z][APM_J.newgen-amplificationplatemagazine][I][2560017][141]MessageSender.h:SendEvent():105|Sent RabbitMqEvent Roche.c68_8800.AmplificationPlateMagazine.J.Echo. Content: {"Timestamp":"2026-09-22T08:40:28.682285Z","MagazineId":"J","PingId":"IS21"}[EOL]
[2026-09-22T08:40:37.854001Z][APM_J.newgen-amplificationplatemagazine][W][2330306][141]CRTCyclicEvent.cpp:TimeMissed():101|Cycle miss in event CCSICombinedCmdManager Cyclic Event. Time Overrun is 1033 us[EOL]
[2026-09-22T08:40:37.854070Z][APM_J.newgen-amplificationplatemagazine][W][2330306][141]CRTCyclicEvent.cpp:TimeMissed():101|Cycle miss in event CCSICombinedRepManager. Time Overrun is 1033 us[EOL]
[2026-09-22T08:40:38.381838Z][APM_J.barcodereader][W][2330306][134]CRTCyclicEvent.cpp:TimeMissed():101|Cycle miss in event CCSICombinedCmdManager Cyclic Event. Time Overrun is 1752 us[EOL]
[2026-09-22T08:40:38.381876Z][APM_J.barcodereader][W][2330306][134]CRTCyclicEvent.cpp:TimeMissed():101|Cycle miss in event CCSICombinedRepManager. Time Overrun is 1752 us[EOL]
[2026-09-22T08:40:47.846724Z][APM_J.newgen-amplificationplatemagazine][W][2330306][141]CRTCyclicEvent.cpp:TimeMissed():101|Cycle miss in event CCSICombinedCmdManager Cyclic Event. Time Overrun is 3763 us[EOL]
[2026-09-22T08:40:47.846803Z][APM_J.newgen-amplificationplatemagazine][W][2330306][141]CRTCyclicEvent.cpp:TimeMissed():101|Cycle miss in event CCSICombinedRepManager. Time Overrun is 3763 us[EOL]
[2026-09-22T08:40:49.696740Z][APM_J.barcodereader][W][2330306][134]CRTCyclicEvent.cpp:TimeMissed():101|Cycle miss in event CCSICombinedCmdManager Cyclic Event. Time Overrun is 6660 us[EOL]
[2026-09-22T08:40:49.696767Z][APM_J.barcodereader][W][2330306][134]CRTCyclicEvent.cpp:TimeMissed():101|Cycle miss in event CCSICombinedRepManager. Time Overrun is 6660 us[EOL]
[2026-09-22T08:40:49.697370Z][APM_J.newgen-amplificationplatemagazine][W][2330306][141]CRTCyclicEvent.cpp:TimeMissed():101|Cycle miss in event CCSICombinedCmdManager Cyclic Event. Time Overrun is 4408 us[EOL]
[2026-09-22T08:40:49.697411Z][APM_J.newgen-amplificationplatemagazine][W][2330306][141]CRTCyclicEvent.cpp:TimeMissed():101|Cycle miss in event CCSICombinedRepManager. Time Overrun is 4408 us[EOL]
[2026-09-22T08:40:54.260078Z][APM_J.newgen-amplificationplatemagazine][W][2330306][141]CRTCyclicEvent.cpp:TimeMissed():101|Cycle miss in event CCSICombinedCmdManager Cyclic Event. Time Overrun is 7119 us[EOL]
[2026-09-22T08:40:54.261269Z][APM_J.barcodereader][W][2330306][134]CRTCyclicEvent.cpp:TimeMissed():101|Cycle miss in event CCSICombinedCmdManager Cyclic Event. Time Overrun is 1187 us[EOL]
[2026-09-22T08:40:54.260112Z][APM_J.newgen-amplificationplatemagazine][W][2330306][141]CRTCyclicEvent.cpp:TimeMissed():101|Cycle miss in event CCSICombinedRepManager. Time Overrun is 7119 us[EOL]
[2026-09-22T08:40:54.261300Z][APM_J.barcodereader][W][2330306][134]CRTCyclicEvent.cpp:TimeMissed():101|Cycle miss in event CCSICombinedRepManager. Time Overrun is 1187 us[EOL]
[2026-09-22T08:40:58.683681Z][APM_J.newgen-amplificationplatemagazine][I][2560016][141]IMessageHandler.h:operator()():40|Received RabbitMqMessage Roche.MolLab.InstrumentState.Ping. Content: {"Timestamp":"2026-09-22T08:40:58.6734324Z","PingId":"IS22"}[EOL]
[2026-09-22T08:40:58.683716Z][APM_J.newgen-amplificationplatemagazine][I][844444436][141]UnitCommunicator.cpp:SendEvent():424|Publishing event: type=Roche.c68_8800.AmplificationPlateMagazine.J.Echo correlation_id=(n/a)[EOL]
[2026-09-22T08:40:58.683762Z][APM_J.newgen-amplificationplatemagazine][I][2560017][141]MessageSender.h:SendEvent():105|Sent RabbitMqEvent Roche.c68_8800.AmplificationPlateMagazine.J.Echo. Content: {"Timestamp":"2026-09-22T08:40:58.683711Z","MagazineId":"J","PingId":"IS22"}[EOL]
[2026-09-22T08:41:07.542561Z][APM_J.barcodereader][W][2330306][134]CRTCyclicEvent.cpp:TimeMissed():101|Cycle miss in event CCSICombinedCmdManager Cyclic Event. Time Overrun is 2467 us[EOL]
[2026-09-22T08:41:07.542654Z][APM_J.barcodereader][W][2330306][134]CRTCyclicEvent.cpp:TimeMissed():101|Cycle miss in event CCSICombinedRepManager. Time Overrun is 2467 us[EOL]
[2026-09-22T08:41:08.817329Z][APM_J.barcodereader][W][2330306][134]CRTCyclicEvent.cpp:TimeMissed():101|Cycle miss in event CCSICombinedCmdManager Cyclic Event. Time Overrun is 7246 us[EOL]
[2026-09-22T08:41:08.817355Z][APM_J.barcodereader][W][2330306][134]CRTCyclicEvent.cpp:TimeMissed():101|Cycle miss in event CCSICombinedRepManager. Time Overrun is 7246 us[EOL]
[2026-09-22T08:41:08.820880Z][APM_J.newgen-amplificationplatemagazine][W][2330306][141]CRTCyclicEvent.cpp:TimeMissed():101|Cycle miss in event CCSICombinedCmdManager Cyclic Event. Time Overrun is 7920 us[EOL]
[2026-09-22T08:41:08.820917Z][APM_J.newgen-amplificationplatemagazine][W][2330306][141]CRTCyclicEvent.cpp:TimeMissed():101|Cycle miss in event CCSICombinedRepManager. Time Overrun is 7920 us[EOL]
[2026-09-22T08:41:21.452039Z][APM_J.barcodereader][W][2330306][134]CRTCyclicEvent.cpp:TimeMissed():101|Cycle miss in event CCSICombinedCmdManager Cyclic Event. Time Overrun is 1954 us[EOL]
[2026-09-22T08:41:21.452093Z][APM_J.barcodereader][W][2330306][134]CRTCyclicEvent.cpp:TimeMissed():101|Cycle miss in event CCSICombinedRepManager. Time Overrun is 1954 us[EOL]
[2026-09-22T08:41:23.503800Z][APM_J.newgen-amplificationplatemagazine][W][2330306][141]CRTCyclicEvent.cpp:TimeMissed():101|Cycle miss in event CCSICombinedCmdManager Cyclic Event. Time Overrun is 840 us[EOL]
[2026-09-22T08:41:23.503832Z][APM_J.newgen-amplificationplatemagazine][W][2330306][141]CRTCyclicEvent.cpp:TimeMissed():101|Cycle miss in event CCSICombinedRepManager. Time Overrun is 840 us[EOL]
[2026-09-22T08:41:25.176799Z][APM_J.barcodereader][W][2330306][134]CRTCyclicEvent.cpp:TimeMissed():101|Cycle miss in event CCSICombinedCmdManager Cyclic Event. Time Overrun is 6717 us[EOL]
[2026-09-22T08:41:25.176834Z][APM_J.barcodereader][W][2330306][134]CRTCyclicEvent.cpp:TimeMissed():101|Cycle miss in event CCSICombinedRepManager. Time Overrun is 6717 us[EOL]
[2026-09-22T08:41:25.178880Z][APM_J.newgen-amplificationplatemagazine][W][2330306][141]CRTCyclicEvent.cpp:TimeMissed():101|Cycle miss in event CCSICombinedCmdManager Cyclic Event. Time Overrun is 25921 us[EOL]
[2026-09-22T08:41:25.178904Z][APM_J.newgen-amplificationplatemagazine][W][2330306][141]CRTCyclicEvent.cpp:TimeMissed():101|Cycle miss in event CCSICombinedRepManager. Time Overrun is 25921 us[EOL]
[2026-09-22T08:41:28.686789Z][APM_J.newgen-amplificationplatemagazine][I][2560016][141]IMessageHandler.h:operator()():40|Received RabbitMqMessage Roche.MolLab.InstrumentState.Ping. Content: {"Timestamp":"2026-09-22T08:41:28.6758998Z","PingId":"IS23"}[EOL]
[2026-09-22T08:41:28.686832Z][APM_J.newgen-amplificationplatemagazine][I][844444436][141]UnitCommunicator.cpp:SendEvent():424|Publishing event: type=Roche.c68_8800.AmplificationPlateMagazine.J.Echo correlation_id=(n/a)[EOL]
[2026-09-22T08:41:28.686860Z][APM_J.newgen-amplificationplatemagazine][I][2560017][141]MessageSender.h:SendEvent():105|Sent RabbitMqEvent Roche.c68_8800.AmplificationPlateMagazine.J.Echo. Content: {"Timestamp":"2026-09-22T08:41:28.686825Z","MagazineId":"J","PingId":"IS23"}[EOL]
[2026-09-22T08:41:37.794762Z][APM_J.barcodereader][W][2330306][134]CRTCyclicEvent.cpp:TimeMissed():101|Cycle miss in event CCSICombinedCmdManager Cyclic Event. Time Overrun is 4679 us[EOL]
[2026-09-22T08:41:37.794789Z][APM_J.barcodereader][W][2330306][134]CRTCyclicEvent.cpp:TimeMissed():101|Cycle miss in event CCSICombinedRepManager. Time Overrun is 4679 us[EOL]
[2026-09-22T08:41:50.048077Z][APM_J.newgen-amplificationplatemagazine][W][2330306][141]CRTCyclicEvent.cpp:TimeMissed():101|Cycle miss in event CCSICombinedCmdManager Cyclic Event. Time Overrun is 15116 us[EOL]
[2026-09-22T08:41:50.049962Z][APM_J.barcodereader][W][2330306][134]CRTCyclicEvent.cpp:TimeMissed():101|Cycle miss in event CCSICombinedCmdManager Cyclic Event. Time Overrun is 19879 us[EOL]
[2026-09-22T08:41:50.050008Z][APM_J.barcodereader][W][2330306][134]CRTCyclicEvent.cpp:TimeMissed():101|Cycle miss in event CCSICombinedRepManager. Time Overrun is 19879 us[EOL]
[2026-09-22T08:41:50.048105Z][APM_J.newgen-amplificationplatemagazine][W][2330306][141]CRTCyclicEvent.cpp:TimeMissed():101|Cycle miss in event CCSICombinedRepManager. Time Overrun is 15116 us[EOL]
[2026-09-22T08:41:54.698791Z][APM_J.barcodereader][W][2330306][134]CRTCyclicEvent.cpp:TimeMissed():101|Cycle miss in event CCSICombinedCmdManager Cyclic Event. Time Overrun is 8703 us[EOL]
[2026-09-22T08:41:54.698832Z][APM_J.barcodereader][W][2330306][134]CRTCyclicEvent.cpp:TimeMissed():101|Cycle miss in event CCSICombinedRepManager. Time Overrun is 8703 us[EOL]
[2026-09-22T08:41:55.220254Z][APM_J.newgen-amplificationplatemagazine][W][2330306][141]CRTCyclicEvent.cpp:TimeMissed():101|Cycle miss in event CCSICombinedCmdManager Cyclic Event. Time Overrun is 7293 us[EOL]
[2026-09-22T08:41:55.220280Z][APM_J.newgen-amplificationplatemagazine][W][2330306][141]CRTCyclicEvent.cpp:TimeMissed():101|Cycle miss in event CCSICombinedRepManager. Time Overrun is 7293 us[EOL]
[2026-09-22T08:41:55.220838Z][APM_J.barcodereader][W][2330306][134]CRTCyclicEvent.cpp:TimeMissed():101|Cycle miss in event CCSICombinedCmdManager Cyclic Event. Time Overrun is 756 us[EOL]
[2026-09-22T08:41:55.220868Z][APM_J.barcodereader][W][2330306][134]CRTCyclicEvent.cpp:TimeMissed():101|Cycle miss in event CCSICombinedRepManager. Time Overrun is 756 us[EOL]
[2026-09-22T08:41:57.844999Z][APM_J.barcodereader][W][2330306][134]CRTCyclicEvent.cpp:TimeMissed():101|Cycle miss in event CCSICombinedCmdManager Cyclic Event. Time Overrun is 4913 us[EOL]
[2026-09-22T08:41:57.845271Z][APM_J.newgen-amplificationplatemagazine][W][2330306][141]CRTCyclicEvent.cpp:TimeMissed():101|Cycle miss in event CCSICombinedCmdManager Cyclic Event. Time Overrun is 2182 us[EOL]
[2026-09-22T08:41:57.845034Z][APM_J.barcodereader][W][2330306][134]CRTCyclicEvent.cpp:TimeMissed():101|Cycle miss in event CCSICombinedRepManager. Time Overrun is 4913 us[EOL]
[2026-09-22T08:41:57.845308Z][APM_J.newgen-amplificationplatemagazine][W][2330306][141]CRTCyclicEvent.cpp:TimeMissed():101|Cycle miss in event CCSICombinedRepManager. Time Overrun is 2182 us[EOL]
[2026-09-22T08:41:58.682585Z][APM_J.newgen-amplificationplatemagazine][I][2560016][141]IMessageHandler.h:operator()():40|Received RabbitMqMessage Roche.MolLab.InstrumentState.Ping. Content: {"Timestamp":"2026-09-22T08:41:58.6738087Z","PingId":"IS24"}[EOL]
[2026-09-22T08:41:58.682618Z][APM_J.newgen-amplificationplatemagazine][I][844444436][141]UnitCommunicator.cpp:SendEvent():424|Publishing event: type=Roche.c68_8800.AmplificationPlateMagazine.J.Echo correlation_id=(n/a)[EOL]
[2026-09-22T08:41:58.682758Z][APM_J.newgen-amplificationplatemagazine][I][2560017][141]MessageSender.h:SendEvent():105|Sent RabbitMqEvent Roche.c68_8800.AmplificationPlateMagazine.J.Echo. Content: {"Timestamp":"2026-09-22T08:41:58.682612Z","MagazineId":"J","PingId":"IS24"}[EOL]
[2026-09-22T08:42:14.210589Z][APM_J.barcodereader][W][2330306][134]CRTCyclicEvent.cpp:TimeMissed():101|Cycle miss in event CCSICombinedCmdManager Cyclic Event. Time Overrun is 10503 us[EOL]
[2026-09-22T08:42:14.209748Z][APM_J.newgen-amplificationplatemagazine][W][2330306][141]CRTCyclicEvent.cpp:TimeMissed():101|Cycle miss in event CCSICombinedCmdManager Cyclic Event. Time Overrun is 6789 us[EOL]
[2026-09-22T08:42:14.209775Z][APM_J.newgen-amplificationplatemagazine][W][2330306][141]CRTCyclicEvent.cpp:TimeMissed():101|Cycle miss in event CCSICombinedRepManager. Time Overrun is 6789 us[EOL]
[2026-09-22T08:42:14.210629Z][APM_J.barcodereader][W][2330306][134]CRTCyclicEvent.cpp:TimeMissed():101|Cycle miss in event CCSICombinedRepManager. Time Overrun is 10503 us[EOL]
[2026-09-22T08:42:24.577323Z][APM_J.barcodereader][W][2330306][134]CRTCyclicEvent.cpp:TimeMissed():101|Cycle miss in event CCSICombinedCmdManager Cyclic Event. Time Overrun is 7242 us[EOL]
[2026-09-22T08:42:24.577352Z][APM_J.barcodereader][W][2330306][134]CRTCyclicEvent.cpp:TimeMissed():101|Cycle miss in event CCSICombinedRepManager. Time Overrun is 7242 us[EOL]
[2026-09-22T08:42:24.576891Z][APM_J.newgen-amplificationplatemagazine][W][2330306][141]CRTCyclicEvent.cpp:TimeMissed():101|Cycle miss in event CCSICombinedCmdManager Cyclic Event. Time Overrun is 3932 us[EOL]
[2026-09-22T08:42:24.576917Z][APM_J.newgen-amplificationplatemagazine][W][2330306][141]CRTCyclicEvent.cpp:TimeMissed():101|Cycle miss in event CCSICombinedRepManager. Time Overrun is 3932 us[EOL]
[2026-09-22T08:42:27.287483Z][APM_J.barcodereader][W][2330306][134]CRTCyclicEvent.cpp:TimeMissed():101|Cycle miss in event CCSICombinedCmdManager Cyclic Event. Time Overrun is 17403 us[EOL]
[2026-09-22T08:42:27.287503Z][APM_J.barcodereader][W][2330306][134]CRTCyclicEvent.cpp:TimeMissed():101|Cycle miss in event CCSICombinedRepManager. Time Overrun is 17403 us[EOL]
[2026-09-22T08:42:27.287743Z][APM_J.newgen-amplificationplatemagazine][W][2330306][141]CRTCyclicEvent.cpp:TimeMissed():101|Cycle miss in event CCSICombinedCmdManager Cyclic Event. Time Overrun is 14784 us[EOL]
[2026-09-22T08:42:27.287765Z][APM_J.newgen-amplificationplatemagazine][W][2330306][141]CRTCyclicEvent.cpp:TimeMissed():101|Cycle miss in event CCSICombinedRepManager. Time Overrun is 14784 us[EOL]
[2026-09-22T08:42:27.542378Z][APM_J.barcodereader][W][2330306][134]CRTCyclicEvent.cpp:TimeMissed():101|Cycle miss in event CCSICombinedCmdManager Cyclic Event. Time Overrun is 22298 us[EOL]
[2026-09-22T08:42:27.542401Z][APM_J.barcodereader][W][2330306][134]CRTCyclicEvent.cpp:TimeMissed():101|Cycle miss in event CCSICombinedRepManager. Time Overrun is 22298 us[EOL]
[2026-09-22T08:42:27.542476Z][APM_J.newgen-amplificationplatemagazine][W][2330306][141]CRTCyclicEvent.cpp:TimeMissed():101|Cycle miss in event CCSICombinedCmdManager Cyclic Event. Time Overrun is 19513 us[EOL]
[2026-09-22T08:42:27.542505Z][APM_J.newgen-amplificationplatemagazine][W][2330306][141]CRTCyclicEvent.cpp:TimeMissed():101|Cycle miss in event CCSICombinedRepManager. Time Overrun is 19513 us[EOL]
[2026-09-22T08:42:27.843622Z][APM_J.newgen-amplificationplatemagazine][W][2330306][141]CRTCyclicEvent.cpp:TimeMissed():101|Cycle miss in event CCSICombinedCmdManager Cyclic Event. Time Overrun is 660 us[EOL]
[2026-09-22T08:42:27.843656Z][APM_J.newgen-amplificationplatemagazine][W][2330306][141]CRTCyclicEvent.cpp:TimeMissed():101|Cycle miss in event CCSICombinedRepManager. Time Overrun is 660 us[EOL]
[2026-09-22T08:42:28.683743Z][APM_J.newgen-amplificationplatemagazine][I][2560016][141]IMessageHandler.h:operator()():40|Received RabbitMqMessage Roche.MolLab.InstrumentState.Ping. Content: {"Timestamp":"2026-09-22T08:42:28.6758628Z","PingId":"IS25"}[EOL]
[2026-09-22T08:42:28.683917Z][APM_J.newgen-amplificationplatemagazine][I][844444436][141]UnitCommunicator.cpp:SendEvent():424|Publishing event: type=Roche.c68_8800.AmplificationPlateMagazine.J.Echo correlation_id=(n/a)[EOL]
[2026-09-22T08:42:28.683965Z][APM_J.newgen-amplificationplatemagazine][I][2560017][141]MessageSender.h:SendEvent():105|Sent RabbitMqEvent Roche.c68_8800.AmplificationPlateMagazine.J.Echo. Content: {"Timestamp":"2026-09-22T08:42:28.683780Z","MagazineId":"J","PingId":"IS25"}[EOL]
[2026-09-22T08:42:29.425098Z][APM_J.barcodereader][W][2330306][134]CRTCyclicEvent.cpp:TimeMissed():101|Cycle miss in event CCSICombinedCmdManager Cyclic Event. Time Overrun is 15015 us[EOL]
[2026-09-22T08:42:29.425304Z][APM_J.newgen-amplificationplatemagazine][W][2330306][141]CRTCyclicEvent.cpp:TimeMissed():101|Cycle miss in event CCSICombinedCmdManager Cyclic Event. Time Overrun is 12344 us[EOL]
[2026-09-22T08:42:29.425125Z][APM_J.barcodereader][W][2330306][134]CRTCyclicEvent.cpp:TimeMissed():101|Cycle miss in event CCSICombinedRepManager. Time Overrun is 15015 us[EOL]
[2026-09-22T08:42:29.425331Z][APM_J.newgen-amplificationplatemagazine][W][2330306][141]CRTCyclicEvent.cpp:TimeMissed():101|Cycle miss in event CCSICombinedRepManager. Time Overrun is 12344 us[EOL]
[2026-09-22T08:42:39.705044Z][APM_J.newgen-amplificationplatemagazine][W][2330306][141]CRTCyclicEvent.cpp:TimeMissed():101|Cycle miss in event CCSICombinedCmdManager Cyclic Event. Time Overrun is 2079 us[EOL]
[2026-09-22T08:42:39.705655Z][APM_J.newgen-amplificationplatemagazine][W][2330306][141]CRTCyclicEvent.cpp:TimeMissed():101|Cycle miss in event CCSICombinedRepManager. Time Overrun is 2079 us[EOL]
[2026-09-22T08:42:39.850963Z][APM_J.newgen-amplificationplatemagazine][W][2330306][141]CRTCyclicEvent.cpp:TimeMissed():101|Cycle miss in event CCSICombinedCmdManager Cyclic Event. Time Overrun is 8001 us[EOL]
[2026-09-22T08:42:39.843365Z][APM_J.barcodereader][W][2330306][134]CRTCyclicEvent.cpp:TimeMissed():101|Cycle miss in event CCSICombinedCmdManager Cyclic Event. Time Overrun is 3282 us[EOL]
[2026-09-22T08:42:39.851075Z][APM_J.newgen-amplificationplatemagazine][W][2330306][141]CRTCyclicEvent.cpp:TimeMissed():101|Cycle miss in event CCSICombinedRepManager. Time Overrun is 8001 us[EOL]
[2026-09-22T08:42:39.850511Z][APM_J.barcodereader][W][2330306][134]CRTCyclicEvent.cpp:TimeMissed():101|Cycle miss in event CCSICombinedRepManager. Time Overrun is 3282 us[EOL]
[2026-09-22T08:42:41.201508Z][APM_J.barcodereader][W][2330306][134]CRTCyclicEvent.cpp:TimeMissed():101|Cycle miss in event CCSICombinedCmdManager Cyclic Event. Time Overrun is 1429 us[EOL]
[2026-09-22T08:42:41.201538Z][APM_J.barcodereader][W][2330306][134]CRTCyclicEvent.cpp:TimeMissed():101|Cycle miss in event CCSICombinedRepManager. Time Overrun is 1429 us[EOL]
[2026-09-22T08:42:45.161155Z][APM_J.barcodereader][W][2330306][134]CRTCyclicEvent.cpp:TimeMissed():101|Cycle miss in event CCSICombinedCmdManager Cyclic Event. Time Overrun is 1073 us[EOL]
[2026-09-22T08:42:45.161184Z][APM_J.barcodereader][W][2330306][134]CRTCyclicEvent.cpp:TimeMissed():101|Cycle miss in event CCSICombinedRepManager. Time Overrun is 1073 us[EOL]
[2026-09-22T08:42:45.563230Z][APM_J.barcodereader][W][2330306][134]CRTCyclicEvent.cpp:TimeMissed():101|Cycle miss in event CCSICombinedCmdManager Cyclic Event. Time Overrun is 23148 us[EOL]
[2026-09-22T08:42:45.563262Z][APM_J.barcodereader][W][2330306][134]CRTCyclicEvent.cpp:TimeMissed():101|Cycle miss in event CCSICombinedRepManager. Time Overrun is 23148 us[EOL]
[2026-09-22T08:42:52.232877Z][APM_J.newgen-amplificationplatemagazine][W][2330306][141]CRTCyclicEvent.cpp:TimeMissed():101|Cycle miss in event CCSICombinedCmdManager Cyclic Event. Time Overrun is 19915 us[EOL]
[2026-09-22T08:42:52.233050Z][APM_J.newgen-amplificationplatemagazine][W][2330306][141]CRTCyclicEvent.cpp:TimeMissed():101|Cycle miss in event CCSICombinedRepManager. Time Overrun is 19915 us[EOL]
[2026-09-22T08:42:57.858041Z][APM_J.barcodereader][W][2330306][134]CRTCyclicEvent.cpp:TimeMissed():101|Cycle miss in event CCSICombinedCmdManager Cyclic Event. Time Overrun is 7718 us[EOL]
[2026-09-22T08:42:57.859156Z][APM_J.newgen-amplificationplatemagazine][W][2330306][141]CRTCyclicEvent.cpp:TimeMissed():101|Cycle miss in event CCSICombinedCmdManager Cyclic Event. Time Overrun is 6183 us[EOL]
[2026-09-22T08:42:57.859184Z][APM_J.newgen-amplificationplatemagazine][W][2330306][141]CRTCyclicEvent.cpp:TimeMissed():101|Cycle miss in event CCSICombinedRepManager. Time Overrun is 6183 us[EOL]
[2026-09-22T08:42:57.858128Z][APM_J.barcodereader][W][2330306][134]CRTCyclicEvent.cpp:TimeMissed():101|Cycle miss in event CCSICombinedRepManager. Time Overrun is 7718 us[EOL]
[2026-09-22T08:42:58.687945Z][APM_J.newgen-amplificationplatemagazine][I][2560016][141]IMessageHandler.h:operator()():40|Received RabbitMqMessage Roche.MolLab.InstrumentState.Ping. Content: {"Timestamp":"2026-09-22T08:42:58.6760266Z","PingId":"IS26"}[EOL]
[2026-09-22T08:42:58.687989Z][APM_J.newgen-amplificationplatemagazine][I][844444436][141]UnitCommunicator.cpp:SendEvent():424|Publishing event: type=Roche.c68_8800.AmplificationPlateMagazine.J.Echo correlation_id=(n/a)[EOL]
[2026-09-22T08:42:58.688075Z][APM_J.newgen-amplificationplatemagazine][I][2560017][141]MessageSender.h:SendEvent():105|Sent RabbitMqEvent Roche.c68_8800.AmplificationPlateMagazine.J.Echo. Content: {"Timestamp":"2026-09-22T08:42:58.687984Z","MagazineId":"J","PingId":"IS26"}[EOL]
[2026-09-22T08:43:07.858812Z][APM_J.newgen-amplificationplatemagazine][W][2330306][141]CRTCyclicEvent.cpp:TimeMissed():101|Cycle miss in event CCSICombinedCmdManager Cyclic Event. Time Overrun is 5850 us[EOL]
[2026-09-22T08:43:07.859218Z][APM_J.newgen-amplificationplatemagazine][W][2330306][141]CRTCyclicEvent.cpp:TimeMissed():101|Cycle miss in event CCSICombinedRepManager. Time Overrun is 5850 us[EOL]
[2026-09-22T08:43:28.690333Z][APM_J.newgen-amplificationplatemagazine][I][2560016][141]IMessageHandler.h:operator()():40|Received RabbitMqMessage Roche.MolLab.InstrumentState.Ping. Content: {"Timestamp":"2026-09-22T08:43:28.6755037Z","PingId":"IS27"}[EOL]
[2026-09-22T08:43:28.690376Z][APM_J.newgen-amplificationplatemagazine][I][844444436][141]UnitCommunicator.cpp:SendEvent():424|Publishing event: type=Roche.c68_8800.AmplificationPlateMagazine.J.Echo correlation_id=(n/a)[EOL]
[2026-09-22T08:43:28.690404Z][APM_J.newgen-amplificationplatemagazine][I][2560017][141]MessageSender.h:SendEvent():105|Sent RabbitMqEvent Roche.c68_8800.AmplificationPlateMagazine.J.Echo. Content: {"Timestamp":"2026-09-22T08:43:28.690371Z","MagazineId":"J","PingId":"IS27"}[EOL]
[2026-09-22T08:43:30.433720Z][APM_J.newgen-amplificationplatemagazine][W][2330306][141]CRTCyclicEvent.cpp:TimeMissed():101|Cycle miss in event CCSICombinedCmdManager Cyclic Event. Time Overrun is 748 us[EOL]
[2026-09-22T08:43:30.433551Z][APM_J.barcodereader][W][2330306][134]CRTCyclicEvent.cpp:TimeMissed():101|Cycle miss in event CCSICombinedCmdManager Cyclic Event. Time Overrun is 3468 us[EOL]
[2026-09-22T08:43:30.433782Z][APM_J.newgen-amplificationplatemagazine][W][2330306][141]CRTCyclicEvent.cpp:TimeMissed():101|Cycle miss in event CCSICombinedRepManager. Time Overrun is 748 us[EOL]
[2026-09-22T08:43:30.433624Z][APM_J.barcodereader][W][2330306][134]CRTCyclicEvent.cpp:TimeMissed():101|Cycle miss in event CCSICombinedRepManager. Time Overrun is 3468 us[EOL]
[2026-09-22T08:43:58.691088Z][APM_J.newgen-amplificationplatemagazine][I][2560016][141]IMessageHandler.h:operator()():40|Received RabbitMqMessage Roche.MolLab.InstrumentState.Ping. Content: {"Timestamp":"2026-09-22T08:43:58.6746793Z","PingId":"IS28"}[EOL]
[2026-09-22T08:43:58.691133Z][APM_J.newgen-amplificationplatemagazine][I][844444436][141]UnitCommunicator.cpp:SendEvent():424|Publishing event: type=Roche.c68_8800.AmplificationPlateMagazine.J.Echo correlation_id=(n/a)[EOL]
[2026-09-22T08:43:58.691162Z][APM_J.newgen-amplificationplatemagazine][I][2560017][141]MessageSender.h:SendEvent():105|Sent RabbitMqEvent Roche.c68_8800.AmplificationPlateMagazine.J.Echo. Content: {"Timestamp":"2026-09-22T08:43:58.691125Z","MagazineId":"J","PingId":"IS28"}[EOL]
[2026-09-22T08:44:04.586171Z][APM_J.barcodereader][W][2330306][134]CRTCyclicEvent.cpp:TimeMissed():101|Cycle miss in event CCSICombinedCmdManager Cyclic Event. Time Overrun is 16090 us[EOL]
[2026-09-22T08:44:04.586193Z][APM_J.barcodereader][W][2330306][134]CRTCyclicEvent.cpp:TimeMissed():101|Cycle miss in event CCSICombinedRepManager. Time Overrun is 16090 us[EOL]
[2026-09-22T08:44:04.586286Z][APM_J.newgen-amplificationplatemagazine][W][2330306][141]CRTCyclicEvent.cpp:TimeMissed():101|Cycle miss in event CCSICombinedCmdManager Cyclic Event. Time Overrun is 13326 us[EOL]
[2026-09-22T08:44:04.586311Z][APM_J.newgen-amplificationplatemagazine][W][2330306][141]CRTCyclicEvent.cpp:TimeMissed():101|Cycle miss in event CCSICombinedRepManager. Time Overrun is 13326 us[EOL]
[2026-09-22T08:44:07.852072Z][APM_J.barcodereader][W][2330306][134]CRTCyclicEvent.cpp:TimeMissed():101|Cycle miss in event CCSICombinedCmdManager Cyclic Event. Time Overrun is 1988 us[EOL]
[2026-09-22T08:44:07.852108Z][APM_J.barcodereader][W][2330306][134]CRTCyclicEvent.cpp:TimeMissed():101|Cycle miss in event CCSICombinedRepManager. Time Overrun is 1988 us[EOL]
[2026-09-22T08:44:07.853799Z][APM_J.newgen-amplificationplatemagazine][W][2330306][141]CRTCyclicEvent.cpp:TimeMissed():101|Cycle miss in event CCSICombinedCmdManager Cyclic Event. Time Overrun is 838 us[EOL]
[2026-09-22T08:44:07.853837Z][APM_J.newgen-amplificationplatemagazine][W][2330306][141]CRTCyclicEvent.cpp:TimeMissed():101|Cycle miss in event CCSICombinedRepManager. Time Overrun is 838 us[EOL]
[2026-09-22T08:44:20.394811Z][APM_J.barcodereader][W][2330306][134]CRTCyclicEvent.cpp:TimeMissed():101|Cycle miss in event CCSICombinedCmdManager Cyclic Event. Time Overrun is 4725 us[EOL]
[2026-09-22T08:44:20.394862Z][APM_J.barcodereader][W][2330306][134]CRTCyclicEvent.cpp:TimeMissed():101|Cycle miss in event CCSICombinedRepManager. Time Overrun is 4725 us[EOL]
[2026-09-22T08:44:20.394310Z][APM_J.newgen-amplificationplatemagazine][W][2330306][141]CRTCyclicEvent.cpp:TimeMissed():101|Cycle miss in event CCSICombinedCmdManager Cyclic Event. Time Overrun is 1336 us[EOL]
[2026-09-22T08:44:20.394349Z][APM_J.newgen-amplificationplatemagazine][W][2330306][141]CRTCyclicEvent.cpp:TimeMissed():101|Cycle miss in event CCSICombinedRepManager. Time Overrun is 1336 us[EOL]
[2026-09-22T08:44:22.498460Z][APM_J.barcodereader][W][2330306][134]CRTCyclicEvent.cpp:TimeMissed():101|Cycle miss in event CCSICombinedCmdManager Cyclic Event. Time Overrun is 8379 us[EOL]
[2026-09-22T08:44:22.498481Z][APM_J.barcodereader][W][2330306][134]CRTCyclicEvent.cpp:TimeMissed():101|Cycle miss in event CCSICombinedRepManager. Time Overrun is 8379 us[EOL]
[2026-09-22T08:44:22.498702Z][APM_J.newgen-amplificationplatemagazine][W][2330306][141]CRTCyclicEvent.cpp:TimeMissed():101|Cycle miss in event CCSICombinedCmdManager Cyclic Event. Time Overrun is 5743 us[EOL]
[2026-09-22T08:44:22.498731Z][APM_J.newgen-amplificationplatemagazine][W][2330306][141]CRTCyclicEvent.cpp:TimeMissed():101|Cycle miss in event CCSICombinedRepManager. Time Overrun is 5743 us[EOL]
[2026-09-22T08:44:23.876569Z][APM_J.newgen-amplificationplatemagazine][W][2330306][141]CRTCyclicEvent.cpp:TimeMissed():101|Cycle miss in event CCSICombinedCmdManager Cyclic Event. Time Overrun is 13610 us[EOL]
[2026-09-22T08:44:23.876592Z][APM_J.newgen-amplificationplatemagazine][W][2330306][141]CRTCyclicEvent.cpp:TimeMissed():101|Cycle miss in event CCSICombinedRepManager. Time Overrun is 13610 us[EOL]
[2026-09-22T08:44:23.965890Z][APM_J.barcodereader][W][2330306][134]CRTCyclicEvent.cpp:TimeMissed():101|Cycle miss in event CCSICombinedCmdManager Cyclic Event. Time Overrun is 25809 us[EOL]
[2026-09-22T08:44:23.965917Z][APM_J.barcodereader][W][2330306][134]CRTCyclicEvent.cpp:TimeMissed():101|Cycle miss in event CCSICombinedRepManager. Time Overrun is 25809 us[EOL]
[2026-09-22T08:44:25.231532Z][APM_J.barcodereader][W][2330306][134]CRTCyclicEvent.cpp:TimeMissed():101|Cycle miss in event CCSICombinedCmdManager Cyclic Event. Time Overrun is 1446 us[EOL]
[2026-09-22T08:44:25.231575Z][APM_J.barcodereader][W][2330306][134]CRTCyclicEvent.cpp:TimeMissed():101|Cycle miss in event CCSICombinedRepManager. Time Overrun is 1446 us[EOL]
[2026-09-22T08:44:28.706689Z][APM_J.newgen-amplificationplatemagazine][I][2560016][141]IMessageHandler.h:operator()():40|Received RabbitMqMessage Roche.MolLab.InstrumentState.Ping. Content: {"Timestamp":"2026-09-22T08:44:28.6765694Z","PingId":"IS29"}[EOL]
[2026-09-22T08:44:28.706752Z][APM_J.newgen-amplificationplatemagazine][I][844444436][141]UnitCommunicator.cpp:SendEvent():424|Publishing event: type=Roche.c68_8800.AmplificationPlateMagazine.J.Echo correlation_id=(n/a)[EOL]
[2026-09-22T08:44:28.706782Z][APM_J.newgen-amplificationplatemagazine][I][2560017][141]MessageSender.h:SendEvent():105|Sent RabbitMqEvent Roche.c68_8800.AmplificationPlateMagazine.J.Echo. Content: {"Timestamp":"2026-09-22T08:44:28.706734Z","MagazineId":"J","PingId":"IS29"}[EOL]
[2026-09-22T08:44:42.420041Z][APM_J.newgen-amplificationplatemagazine][W][2330306][141]CRTCyclicEvent.cpp:TimeMissed():101|Cycle miss in event CCSICombinedCmdManager Cyclic Event. Time Overrun is 17083 us[EOL]
[2026-09-22T08:44:42.420067Z][APM_J.newgen-amplificationplatemagazine][W][2330306][141]CRTCyclicEvent.cpp:TimeMissed():101|Cycle miss in event CCSICombinedRepManager. Time Overrun is 17083 us[EOL]
[2026-09-22T08:44:42.423111Z][APM_J.barcodereader][W][2330306][134]CRTCyclicEvent.cpp:TimeMissed():101|Cycle miss in event CCSICombinedCmdManager Cyclic Event. Time Overrun is 13028 us[EOL]
[2026-09-22T08:44:42.423141Z][APM_J.barcodereader][W][2330306][134]CRTCyclicEvent.cpp:TimeMissed():101|Cycle miss in event CCSICombinedRepManager. Time Overrun is 13028 us[EOL]
[2026-09-22T08:44:42.606871Z][APM_J.newgen-amplificationplatemagazine][W][2330306][141]CRTCyclicEvent.cpp:TimeMissed():101|Cycle miss in event CCSICombinedCmdManager Cyclic Event. Time Overrun is 3909 us[EOL]
[2026-09-22T08:44:42.606916Z][APM_J.newgen-amplificationplatemagazine][W][2330306][141]CRTCyclicEvent.cpp:TimeMissed():101|Cycle miss in event CCSICombinedRepManager. Time Overrun is 3909 us[EOL]
[2026-09-22T08:44:42.731508Z][APM_J.barcodereader][W][2330306][134]CRTCyclicEvent.cpp:TimeMissed():101|Cycle miss in event CCSICombinedCmdManager Cyclic Event. Time Overrun is 11425 us[EOL]
[2026-09-22T08:44:42.731723Z][APM_J.newgen-amplificationplatemagazine][W][2330306][141]CRTCyclicEvent.cpp:TimeMissed():101|Cycle miss in event CCSICombinedCmdManager Cyclic Event. Time Overrun is 8764 us[EOL]
[2026-09-22T08:44:42.731540Z][APM_J.barcodereader][W][2330306][134]CRTCyclicEvent.cpp:TimeMissed():101|Cycle miss in event CCSICombinedRepManager. Time Overrun is 11425 us[EOL]
[2026-09-22T08:44:42.731797Z][APM_J.newgen-amplificationplatemagazine][W][2330306][141]CRTCyclicEvent.cpp:TimeMissed():101|Cycle miss in event CCSICombinedRepManager. Time Overrun is 8764 us[EOL]
[2026-09-22T08:44:42.845690Z][APM_J.newgen-amplificationplatemagazine][W][2330306][141]CRTCyclicEvent.cpp:TimeMissed():101|Cycle miss in event CCSICombinedCmdManager Cyclic Event. Time Overrun is 2731 us[EOL]
[2026-09-22T08:44:42.845717Z][APM_J.newgen-amplificationplatemagazine][W][2330306][141]CRTCyclicEvent.cpp:TimeMissed():101|Cycle miss in event CCSICombinedRepManager. Time Overrun is 2731 us[EOL]
[2026-09-22T08:44:44.832000Z][APM_J.barcodereader][W][2330306][134]CRTCyclicEvent.cpp:TimeMissed():101|Cycle miss in event CCSICombinedCmdManager Cyclic Event. Time Overrun is 1906 us[EOL]
[2026-09-22T08:44:44.832047Z][APM_J.barcodereader][W][2330306][134]CRTCyclicEvent.cpp:TimeMissed():101|Cycle miss in event CCSICombinedRepManager. Time Overrun is 1906 us[EOL]
[2026-09-22T08:44:48.533332Z][APM_J.barcodereader][W][2330306][134]CRTCyclicEvent.cpp:TimeMissed():101|Cycle miss in event CCSICombinedCmdManager Cyclic Event. Time Overrun is 3249 us[EOL]
[2026-09-22T08:44:48.533390Z][APM_J.barcodereader][W][2330306][134]CRTCyclicEvent.cpp:TimeMissed():101|Cycle miss in event CCSICombinedRepManager. Time Overrun is 3249 us[EOL]
[2026-09-22T08:44:50.631071Z][APM_J.barcodereader][W][2330306][134]CRTCyclicEvent.cpp:TimeMissed():101|Cycle miss in event CCSICombinedCmdManager Cyclic Event. Time Overrun is 20972 us[EOL]
[2026-09-22T08:44:50.631098Z][APM_J.barcodereader][W][2330306][134]CRTCyclicEvent.cpp:TimeMissed():101|Cycle miss in event CCSICombinedRepManager. Time Overrun is 20972 us[EOL]
[2026-09-22T08:44:50.630955Z][APM_J.newgen-amplificationplatemagazine][W][2330306][141]CRTCyclicEvent.cpp:TimeMissed():101|Cycle miss in event CCSICombinedCmdManager Cyclic Event. Time Overrun is 17991 us[EOL]
[2026-09-22T08:44:50.630999Z][APM_J.newgen-amplificationplatemagazine][W][2330306][141]CRTCyclicEvent.cpp:TimeMissed():101|Cycle miss in event CCSICombinedRepManager. Time Overrun is 17991 us[EOL]
[2026-09-22T08:44:53.652085Z][APM_J.barcodereader][W][2330306][134]CRTCyclicEvent.cpp:TimeMissed():101|Cycle miss in event CCSICombinedCmdManager Cyclic Event. Time Overrun is 32003 us[EOL]
[2026-09-22T08:44:53.652115Z][APM_J.barcodereader][W][2330306][134]CRTCyclicEvent.cpp:TimeMissed():101|Cycle miss in event CCSICombinedRepManager. Time Overrun is 32003 us[EOL]
[2026-09-22T08:44:53.648120Z][APM_J.newgen-amplificationplatemagazine][W][2330306][141]CRTCyclicEvent.cpp:TimeMissed():101|Cycle miss in event CCSICombinedCmdManager Cyclic Event. Time Overrun is 25161 us[EOL]
[2026-09-22T08:44:53.648147Z][APM_J.newgen-amplificationplatemagazine][W][2330306][141]CRTCyclicEvent.cpp:TimeMissed():101|Cycle miss in event CCSICombinedRepManager. Time Overrun is 25161 us[EOL]
[2026-09-22T08:44:54.761641Z][APM_J.barcodereader][W][2330306][134]CRTCyclicEvent.cpp:TimeMissed():101|Cycle miss in event CCSICombinedCmdManager Cyclic Event. Time Overrun is 1557 us[EOL]
[2026-09-22T08:44:54.761677Z][APM_J.barcodereader][W][2330306][134]CRTCyclicEvent.cpp:TimeMissed():101|Cycle miss in event CCSICombinedRepManager. Time Overrun is 1557 us[EOL]
[2026-09-22T08:44:56.566730Z][APM_J.barcodereader][W][2330306][134]CRTCyclicEvent.cpp:TimeMissed():101|Cycle miss in event CCSICombinedCmdManager Cyclic Event. Time Overrun is 36647 us[EOL]
[2026-09-22T08:44:56.566767Z][APM_J.barcodereader][W][2330306][134]CRTCyclicEvent.cpp:TimeMissed():101|Cycle miss in event CCSICombinedRepManager. Time Overrun is 36647 us[EOL]
[2026-09-22T08:44:56.564133Z][APM_J.newgen-amplificationplatemagazine][W][2330306][141]CRTCyclicEvent.cpp:TimeMissed():101|Cycle miss in event CCSICombinedCmdManager Cyclic Event. Time Overrun is 31173 us[EOL]
[2026-09-22T08:44:56.564160Z][APM_J.newgen-amplificationplatemagazine][W][2330306][141]CRTCyclicEvent.cpp:TimeMissed():101|Cycle miss in event CCSICombinedRepManager. Time Overrun is 31173 us[EOL]
[2026-09-22T08:44:58.311853Z][APM_J.barcodereader][W][2330306][134]CRTCyclicEvent.cpp:TimeMissed():101|Cycle miss in event CCSICombinedCmdManager Cyclic Event. Time Overrun is 1772 us[EOL]
[2026-09-22T08:44:58.311873Z][APM_J.barcodereader][W][2330306][134]CRTCyclicEvent.cpp:TimeMissed():101|Cycle miss in event CCSICombinedRepManager. Time Overrun is 1772 us[EOL]
[2026-09-22T08:44:58.683673Z][APM_J.newgen-amplificationplatemagazine][I][2560016][141]IMessageHandler.h:operator()():40|Received RabbitMqMessage Roche.MolLab.InstrumentState.Ping. Content: {"Timestamp":"2026-09-22T08:44:58.6788315Z","PingId":"IS30"}[EOL]
[2026-09-22T08:44:58.683708Z][APM_J.newgen-amplificationplatemagazine][I][844444436][141]UnitCommunicator.cpp:SendEvent():424|Publishing event: type=Roche.c68_8800.AmplificationPlateMagazine.J.Echo correlation_id=(n/a)[EOL]
[2026-09-22T08:44:58.683735Z][APM_J.newgen-amplificationplatemagazine][I][2560017][141]MessageSender.h:SendEvent():105|Sent RabbitMqEvent Roche.c68_8800.AmplificationPlateMagazine.J.Echo. Content: {"Timestamp":"2026-09-22T08:44:58.683703Z","MagazineId":"J","PingId":"IS30"}[EOL]
[2026-09-22T08:44:58.834465Z][APM_J.newgen-amplificationplatemagazine][W][2330306][141]CRTCyclicEvent.cpp:TimeMissed():101|Cycle miss in event CCSICombinedCmdManager Cyclic Event. Time Overrun is 11505 us[EOL]
[2026-09-22T08:44:58.834509Z][APM_J.newgen-amplificationplatemagazine][W][2330306][141]CRTCyclicEvent.cpp:TimeMissed():101|Cycle miss in event CCSICombinedRepManager. Time Overrun is 11505 us[EOL]
[2026-09-22T08:44:58.834404Z][APM_J.barcodereader][W][2330306][134]CRTCyclicEvent.cpp:TimeMissed():101|Cycle miss in event CCSICombinedCmdManager Cyclic Event. Time Overrun is 14322 us[EOL]
[2026-09-22T08:44:58.834434Z][APM_J.barcodereader][W][2330306][134]CRTCyclicEvent.cpp:TimeMissed():101|Cycle miss in event CCSICombinedRepManager. Time Overrun is 14322 us[EOL]
[2026-09-22T08:45:00.128753Z][APM_J.newgen-amplificationplatemagazine][W][2330306][141]CRTCyclicEvent.cpp:TimeMissed():101|Cycle miss in event CCSICombinedCmdManager Cyclic Event. Time Overrun is 5789 us[EOL]
[2026-09-22T08:45:00.128835Z][APM_J.newgen-amplificationplatemagazine][W][2330306][141]CRTCyclicEvent.cpp:TimeMissed():101|Cycle miss in event CCSICombinedRepManager. Time Overrun is 5789 us[EOL]
[2026-09-22T08:45:04.270613Z][APM_J.barcodereader][W][2330306][134]CRTCyclicEvent.cpp:TimeMissed():101|Cycle miss in event CCSICombinedCmdManager Cyclic Event. Time Overrun is 20533 us[EOL]
[2026-09-22T08:45:04.270633Z][APM_J.barcodereader][W][2330306][134]CRTCyclicEvent.cpp:TimeMissed():101|Cycle miss in event CCSICombinedRepManager. Time Overrun is 20533 us[EOL]
[2026-09-22T08:45:04.270755Z][APM_J.newgen-amplificationplatemagazine][W][2330306][141]CRTCyclicEvent.cpp:TimeMissed():101|Cycle miss in event CCSICombinedCmdManager Cyclic Event. Time Overrun is 17796 us[EOL]
[2026-09-22T08:45:04.270781Z][APM_J.newgen-amplificationplatemagazine][W][2330306][141]CRTCyclicEvent.cpp:TimeMissed():101|Cycle miss in event CCSICombinedRepManager. Time Overrun is 17796 us[EOL]
[2026-09-22T08:45:08.662159Z][APM_J.newgen-amplificationplatemagazine][W][2330306][141]CRTCyclicEvent.cpp:TimeMissed():101|Cycle miss in event CCSICombinedCmdManager Cyclic Event. Time Overrun is 9199 us[EOL]
[2026-09-22T08:45:08.662190Z][APM_J.newgen-amplificationplatemagazine][W][2330306][141]CRTCyclicEvent.cpp:TimeMissed():101|Cycle miss in event CCSICombinedRepManager. Time Overrun is 9199 us[EOL]
[2026-09-22T08:45:08.657888Z][APM_J.barcodereader][W][2330306][134]CRTCyclicEvent.cpp:TimeMissed():101|Cycle miss in event CCSICombinedCmdManager Cyclic Event. Time Overrun is 7805 us[EOL]
[2026-09-22T08:45:08.657920Z][APM_J.barcodereader][W][2330306][134]CRTCyclicEvent.cpp:TimeMissed():101|Cycle miss in event CCSICombinedRepManager. Time Overrun is 7805 us[EOL]
[2026-09-22T08:45:12.410807Z][APM_J.barcodereader][W][2330306][134]CRTCyclicEvent.cpp:TimeMissed():101|Cycle miss in event CCSICombinedCmdManager Cyclic Event. Time Overrun is 10724 us[EOL]
[2026-09-22T08:45:12.410837Z][APM_J.barcodereader][W][2330306][134]CRTCyclicEvent.cpp:TimeMissed():101|Cycle miss in event CCSICombinedRepManager. Time Overrun is 10724 us[EOL]
[2026-09-22T08:45:12.411158Z][APM_J.newgen-amplificationplatemagazine][W][2330306][141]CRTCyclicEvent.cpp:TimeMissed():101|Cycle miss in event CCSICombinedCmdManager Cyclic Event. Time Overrun is 8198 us[EOL]
[2026-09-22T08:45:12.411189Z][APM_J.newgen-amplificationplatemagazine][W][2330306][141]CRTCyclicEvent.cpp:TimeMissed():101|Cycle miss in event CCSICombinedRepManager. Time Overrun is 8198 us[EOL]
[2026-09-22T08:45:12.644391Z][APM_J.barcodereader][W][2330306][134]CRTCyclicEvent.cpp:TimeMissed():101|Cycle miss in event CCSICombinedCmdManager Cyclic Event. Time Overrun is 4308 us[EOL]
[2026-09-22T08:45:12.644420Z][APM_J.barcodereader][W][2330306][134]CRTCyclicEvent.cpp:TimeMissed():101|Cycle miss in event CCSICombinedRepManager. Time Overrun is 4308 us[EOL]
[2026-09-22T08:45:12.644503Z][APM_J.newgen-amplificationplatemagazine][W][2330306][141]CRTCyclicEvent.cpp:TimeMissed():101|Cycle miss in event CCSICombinedCmdManager Cyclic Event. Time Overrun is 11543 us[EOL]
[2026-09-22T08:45:12.644531Z][APM_J.newgen-amplificationplatemagazine][W][2330306][141]CRTCyclicEvent.cpp:TimeMissed():101|Cycle miss in event CCSICombinedRepManager. Time Overrun is 11543 us[EOL]
[2026-09-22T08:45:12.893460Z][APM_J.newgen-amplificationplatemagazine][W][2330306][141]CRTCyclicEvent.cpp:TimeMissed():101|Cycle miss in event CCSICombinedCmdManager Cyclic Event. Time Overrun is 501 us[EOL]
[2026-09-22T08:45:12.893488Z][APM_J.newgen-amplificationplatemagazine][W][2330306][141]CRTCyclicEvent.cpp:TimeMissed():101|Cycle miss in event CCSICombinedRepManager. Time Overrun is 501 us[EOL]
[2026-09-22T08:45:13.420696Z][APM_J.barcodereader][W][2330306][134]CRTCyclicEvent.cpp:TimeMissed():101|Cycle miss in event CCSICombinedCmdManager Cyclic Event. Time Overrun is 10616 us[EOL]
[2026-09-22T08:45:13.420747Z][APM_J.barcodereader][W][2330306][134]CRTCyclicEvent.cpp:TimeMissed():101|Cycle miss in event CCSICombinedRepManager. Time Overrun is 10616 us[EOL]
[2026-09-22T08:45:13.420791Z][APM_J.newgen-amplificationplatemagazine][W][2330306][141]CRTCyclicEvent.cpp:TimeMissed():101|Cycle miss in event CCSICombinedCmdManager Cyclic Event. Time Overrun is 17831 us[EOL]
[2026-09-22T08:45:13.420822Z][APM_J.newgen-amplificationplatemagazine][W][2330306][141]CRTCyclicEvent.cpp:TimeMissed():101|Cycle miss in event CCSICombinedRepManager. Time Overrun is 17831 us[EOL]
[2026-09-22T08:45:16.792866Z][APM_J.barcodereader][W][2330306][134]CRTCyclicEvent.cpp:TimeMissed():101|Cycle miss in event CCSICombinedCmdManager Cyclic Event. Time Overrun is 2786 us[EOL]
[2026-09-22T08:45:16.792887Z][APM_J.barcodereader][W][2330306][134]CRTCyclicEvent.cpp:TimeMissed():101|Cycle miss in event CCSICombinedRepManager. Time Overrun is 2786 us[EOL]
[2026-09-22T08:45:16.795233Z][APM_J.newgen-amplificationplatemagazine][W][2330306][141]CRTCyclicEvent.cpp:TimeMissed():101|Cycle miss in event CCSICombinedCmdManager Cyclic Event. Time Overrun is 2274 us[EOL]
[2026-09-22T08:45:16.795259Z][APM_J.newgen-amplificationplatemagazine][W][2330306][141]CRTCyclicEvent.cpp:TimeMissed():101|Cycle miss in event CCSICombinedRepManager. Time Overrun is 2274 us[EOL]
[2026-09-22T08:45:17.841730Z][APM_J.barcodereader][W][2330306][134]CRTCyclicEvent.cpp:TimeMissed():101|Cycle miss in event CCSICombinedCmdManager Cyclic Event. Time Overrun is 1641 us[EOL]
[2026-09-22T08:45:17.841762Z][APM_J.barcodereader][W][2330306][134]CRTCyclicEvent.cpp:TimeMissed():101|Cycle miss in event CCSICombinedRepManager. Time Overrun is 1641 us[EOL]
[2026-09-22T08:45:19.418726Z][APM_J.newgen-amplificationplatemagazine][W][2330306][141]CRTCyclicEvent.cpp:TimeMissed():101|Cycle miss in event CCSICombinedCmdManager Cyclic Event. Time Overrun is 5768 us[EOL]
[2026-09-22T08:45:19.418750Z][APM_J.newgen-amplificationplatemagazine][W][2330306][141]CRTCyclicEvent.cpp:TimeMissed():101|Cycle miss in event CCSICombinedRepManager. Time Overrun is 5768 us[EOL]
[2026-09-22T08:45:25.332100Z][APM_J.newgen-amplificationplatemagazine][W][2330306][141]CRTCyclicEvent.cpp:TimeMissed():101|Cycle miss in event CCSICombinedCmdManager Cyclic Event. Time Overrun is 9139 us[EOL]
[2026-09-22T08:45:25.332187Z][APM_J.newgen-amplificationplatemagazine][W][2330306][141]CRTCyclicEvent.cpp:TimeMissed():101|Cycle miss in event CCSICombinedRepManager. Time Overrun is 9139 us[EOL]
[2026-09-22T08:45:26.602172Z][APM_J.barcodereader][W][2330306][134]CRTCyclicEvent.cpp:TimeMissed():101|Cycle miss in event CCSICombinedCmdManager Cyclic Event. Time Overrun is 2090 us[EOL]
[2026-09-22T08:45:26.602219Z][APM_J.barcodereader][W][2330306][134]CRTCyclicEvent.cpp:TimeMissed():101|Cycle miss in event CCSICombinedRepManager. Time Overrun is 2090 us[EOL]
[2026-09-22T08:45:27.429928Z][APM_J.newgen-amplificationplatemagazine][W][2330306][141]CRTCyclicEvent.cpp:TimeMissed():101|Cycle miss in event CCSICombinedCmdManager Cyclic Event. Time Overrun is 16969 us[EOL]
[2026-09-22T08:45:27.430457Z][APM_J.barcodereader][W][2330306][134]CRTCyclicEvent.cpp:TimeMissed():101|Cycle miss in event CCSICombinedCmdManager Cyclic Event. Time Overrun is 10376 us[EOL]
[2026-09-22T08:45:27.429959Z][APM_J.newgen-amplificationplatemagazine][W][2330306][141]CRTCyclicEvent.cpp:TimeMissed():101|Cycle miss in event CCSICombinedRepManager. Time Overrun is 16969 us[EOL]
[2026-09-22T08:45:27.430511Z][APM_J.barcodereader][W][2330306][134]CRTCyclicEvent.cpp:TimeMissed():101|Cycle miss in event CCSICombinedRepManager. Time Overrun is 10376 us[EOL]
[2026-09-22T08:45:28.682934Z][APM_J.newgen-amplificationplatemagazine][I][2560016][141]IMessageHandler.h:operator()():40|Received RabbitMqMessage Roche.MolLab.InstrumentState.Ping. Content: {"Timestamp":"2026-09-22T08:45:28.6751977Z","PingId":"IS31"}[EOL]
[2026-09-22T08:45:28.682981Z][APM_J.newgen-amplificationplatemagazine][I][844444436][141]UnitCommunicator.cpp:SendEvent():424|Publishing event: type=Roche.c68_8800.AmplificationPlateMagazine.J.Echo correlation_id=(n/a)[EOL]
[2026-09-22T08:45:28.683006Z][APM_J.newgen-amplificationplatemagazine][I][2560017][141]MessageSender.h:SendEvent():105|Sent RabbitMqEvent Roche.c68_8800.AmplificationPlateMagazine.J.Echo. Content: {"Timestamp":"2026-09-22T08:45:28.682974Z","MagazineId":"J","PingId":"IS31"}[EOL]
[2026-09-22T08:45:34.285640Z][APM_J.barcodereader][W][2330306][134]CRTCyclicEvent.cpp:TimeMissed():101|Cycle miss in event CCSICombinedCmdManager Cyclic Event. Time Overrun is 15560 us[EOL]
[2026-09-22T08:45:34.286073Z][APM_J.newgen-amplificationplatemagazine][W][2330306][141]CRTCyclicEvent.cpp:TimeMissed():101|Cycle miss in event CCSICombinedCmdManager Cyclic Event. Time Overrun is 13113 us[EOL]
[2026-09-22T08:45:34.285667Z][APM_J.barcodereader][W][2330306][134]CRTCyclicEvent.cpp:TimeMissed():101|Cycle miss in event CCSICombinedRepManager. Time Overrun is 15560 us[EOL]
[2026-09-22T08:45:34.286109Z][APM_J.newgen-amplificationplatemagazine][W][2330306][141]CRTCyclicEvent.cpp:TimeMissed():101|Cycle miss in event CCSICombinedRepManager. Time Overrun is 13113 us[EOL]
[2026-09-22T08:45:42.403504Z][APM_J.newgen-amplificationplatemagazine][W][2330306][141]CRTCyclicEvent.cpp:TimeMissed():101|Cycle miss in event CCSICombinedCmdManager Cyclic Event. Time Overrun is 10545 us[EOL]
[2026-09-22T08:45:42.403528Z][APM_J.newgen-amplificationplatemagazine][W][2330306][141]CRTCyclicEvent.cpp:TimeMissed():101|Cycle miss in event CCSICombinedRepManager. Time Overrun is 10545 us[EOL]
[2026-09-22T08:45:42.403378Z][APM_J.barcodereader][W][2330306][134]CRTCyclicEvent.cpp:TimeMissed():101|Cycle miss in event CCSICombinedCmdManager Cyclic Event. Time Overrun is 13296 us[EOL]
[2026-09-22T08:45:42.403406Z][APM_J.barcodereader][W][2330306][134]CRTCyclicEvent.cpp:TimeMissed():101|Cycle miss in event CCSICombinedRepManager. Time Overrun is 13296 us[EOL]
[2026-09-22T08:45:53.585917Z][APM_J.newgen-amplificationplatemagazine][W][2330306][141]CRTCyclicEvent.cpp:TimeMissed():101|Cycle miss in event CCSICombinedCmdManager Cyclic Event. Time Overrun is 12957 us[EOL]
[2026-09-22T08:45:53.585947Z][APM_J.newgen-amplificationplatemagazine][W][2330306][141]CRTCyclicEvent.cpp:TimeMissed():101|Cycle miss in event CCSICombinedRepManager. Time Overrun is 12957 us[EOL]
[2026-09-22T08:45:58.701516Z][APM_J.newgen-amplificationplatemagazine][I][2560016][141]IMessageHandler.h:operator()():40|Received RabbitMqMessage Roche.MolLab.InstrumentState.Ping. Content: {"Timestamp":"2026-09-22T08:45:58.6752037Z","PingId":"IS32"}[EOL]
[2026-09-22T08:45:58.701560Z][APM_J.newgen-amplificationplatemagazine][I][844444436][141]UnitCommunicator.cpp:SendEvent():424|Publishing event: type=Roche.c68_8800.AmplificationPlateMagazine.J.Echo correlation_id=(n/a)[EOL]
[2026-09-22T08:45:58.701583Z][APM_J.newgen-amplificationplatemagazine][I][2560017][141]MessageSender.h:SendEvent():105|Sent RabbitMqEvent Roche.c68_8800.AmplificationPlateMagazine.J.Echo. Content: {"Timestamp":"2026-09-22T08:45:58.701553Z","MagazineId":"J","PingId":"IS32"}[EOL]
[2026-09-22T08:46:11.190957Z][APM_J.barcodereader][W][2330306][134]CRTCyclicEvent.cpp:TimeMissed():101|Cycle miss in event CCSICombinedCmdManager Cyclic Event. Time Overrun is 20867 us[EOL]
[2026-09-22T08:46:11.191662Z][APM_J.newgen-amplificationplatemagazine][W][2330306][141]CRTCyclicEvent.cpp:TimeMissed():101|Cycle miss in event CCSICombinedCmdManager Cyclic Event. Time Overrun is 18698 us[EOL]
[2026-09-22T08:46:11.191029Z][APM_J.barcodereader][W][2330306][134]CRTCyclicEvent.cpp:TimeMissed():101|Cycle miss in event CCSICombinedRepManager. Time Overrun is 20867 us[EOL]
[2026-09-22T08:46:11.191744Z][APM_J.newgen-amplificationplatemagazine][W][2330306][141]CRTCyclicEvent.cpp:TimeMissed():101|Cycle miss in event CCSICombinedRepManager. Time Overrun is 18698 us[EOL]
[2026-09-22T08:46:20.989510Z][APM_J.barcodereader][W][2330306][134]CRTCyclicEvent.cpp:TimeMissed():101|Cycle miss in event CCSICombinedCmdManager Cyclic Event. Time Overrun is 9427 us[EOL]
[2026-09-22T08:46:20.989534Z][APM_J.barcodereader][W][2330306][134]CRTCyclicEvent.cpp:TimeMissed():101|Cycle miss in event CCSICombinedRepManager. Time Overrun is 9427 us[EOL]
[2026-09-22T08:46:20.989719Z][APM_J.newgen-amplificationplatemagazine][W][2330306][141]CRTCyclicEvent.cpp:TimeMissed():101|Cycle miss in event CCSICombinedCmdManager Cyclic Event. Time Overrun is 6759 us[EOL]
[2026-09-22T08:46:20.989756Z][APM_J.newgen-amplificationplatemagazine][W][2330306][141]CRTCyclicEvent.cpp:TimeMissed():101|Cycle miss in event CCSICombinedRepManager. Time Overrun is 6759 us[EOL]
[2026-09-22T08:46:23.925765Z][APM_J.newgen-amplificationplatemagazine][W][2330306][141]CRTCyclicEvent.cpp:TimeMissed():101|Cycle miss in event CCSICombinedCmdManager Cyclic Event. Time Overrun is 12805 us[EOL]
[2026-09-22T08:46:23.926320Z][APM_J.barcodereader][W][2330306][134]CRTCyclicEvent.cpp:TimeMissed():101|Cycle miss in event CCSICombinedCmdManager Cyclic Event. Time Overrun is 6238 us[EOL]
[2026-09-22T08:46:23.926521Z][APM_J.barcodereader][W][2330306][134]CRTCyclicEvent.cpp:TimeMissed():101|Cycle miss in event CCSICombinedRepManager. Time Overrun is 6238 us[EOL]
[2026-09-22T08:46:23.925791Z][APM_J.newgen-amplificationplatemagazine][W][2330306][141]CRTCyclicEvent.cpp:TimeMissed():101|Cycle miss in event CCSICombinedRepManager. Time Overrun is 12805 us[EOL]
[2026-09-22T08:46:28.682971Z][APM_J.newgen-amplificationplatemagazine][I][2560016][141]IMessageHandler.h:operator()():40|Received RabbitMqMessage Roche.MolLab.InstrumentState.Ping. Content: {"Timestamp":"2026-09-22T08:46:28.6745784Z","PingId":"IS33"}[EOL]
[2026-09-22T08:46:28.683014Z][APM_J.newgen-amplificationplatemagazine][I][844444436][141]UnitCommunicator.cpp:SendEvent():424|Publishing event: type=Roche.c68_8800.AmplificationPlateMagazine.J.Echo correlation_id=(n/a)[EOL]
[2026-09-22T08:46:28.683040Z][APM_J.newgen-amplificationplatemagazine][I][2560017][141]MessageSender.h:SendEvent():105|Sent RabbitMqEvent Roche.c68_8800.AmplificationPlateMagazine.J.Echo. Content: {"Timestamp":"2026-09-22T08:46:28.683007Z","MagazineId":"J","PingId":"IS33"}[EOL]
[2026-09-22T08:46:32.841791Z][APM_J.barcodereader][W][2330306][134]CRTCyclicEvent.cpp:TimeMissed():101|Cycle miss in event CCSICombinedCmdManager Cyclic Event. Time Overrun is 1707 us[EOL]
[2026-09-22T08:46:32.841822Z][APM_J.barcodereader][W][2330306][134]CRTCyclicEvent.cpp:TimeMissed():101|Cycle miss in event CCSICombinedRepManager. Time Overrun is 1707 us[EOL]
[2026-09-22T08:46:47.335430Z][APM_J.barcodereader][W][2330306][134]CRTCyclicEvent.cpp:TimeMissed():101|Cycle miss in event CCSICombinedCmdManager Cyclic Event. Time Overrun is 5341 us[EOL]
[2026-09-22T08:46:47.335467Z][APM_J.barcodereader][W][2330306][134]CRTCyclicEvent.cpp:TimeMissed():101|Cycle miss in event CCSICombinedRepManager. Time Overrun is 5341 us[EOL]
[2026-09-22T08:46:58.682237Z][APM_J.newgen-amplificationplatemagazine][I][2560016][141]IMessageHandler.h:operator()():40|Received RabbitMqMessage Roche.MolLab.InstrumentState.Ping. Content: {"Timestamp":"2026-09-22T08:46:58.6737672Z","PingId":"IS34"}[EOL]
[2026-09-22T08:46:58.682302Z][APM_J.newgen-amplificationplatemagazine][I][844444436][141]UnitCommunicator.cpp:SendEvent():424|Publishing event: type=Roche.c68_8800.AmplificationPlateMagazine.J.Echo correlation_id=(n/a)[EOL]
[2026-09-22T08:46:58.682354Z][APM_J.newgen-amplificationplatemagazine][I][2560017][141]MessageSender.h:SendEvent():105|Sent RabbitMqEvent Roche.c68_8800.AmplificationPlateMagazine.J.Echo. Content: {"Timestamp":"2026-09-22T08:46:58.682291Z","MagazineId":"J","PingId":"IS34"}[EOL]
[2026-09-22T08:47:15.762273Z][APM_J.barcodereader][W][2330306][134]CRTCyclicEvent.cpp:TimeMissed():101|Cycle miss in event CCSICombinedCmdManager Cyclic Event. Time Overrun is 2193 us[EOL]
[2026-09-22T08:47:15.762305Z][APM_J.barcodereader][W][2330306][134]CRTCyclicEvent.cpp:TimeMissed():101|Cycle miss in event CCSICombinedRepManager. Time Overrun is 2193 us[EOL]
[2026-09-22T08:47:18.737188Z][APM_J.newgen-amplificationplatemagazine][W][2330306][141]CRTCyclicEvent.cpp:TimeMissed():101|Cycle miss in event CCSICombinedCmdManager Cyclic Event. Time Overrun is 4226 us[EOL]
[2026-09-22T08:47:18.737221Z][APM_J.newgen-amplificationplatemagazine][W][2330306][141]CRTCyclicEvent.cpp:TimeMissed():101|Cycle miss in event CCSICombinedRepManager. Time Overrun is 4226 us[EOL]
[2026-09-22T08:47:20.448194Z][APM_J.newgen-amplificationplatemagazine][W][2330306][141]CRTCyclicEvent.cpp:TimeMissed():101|Cycle miss in event CCSICombinedCmdManager Cyclic Event. Time Overrun is 5236 us[EOL]
[2026-09-22T08:47:20.449651Z][APM_J.barcodereader][W][2330306][134]CRTCyclicEvent.cpp:TimeMissed():101|Cycle miss in event CCSICombinedCmdManager Cyclic Event. Time Overrun is 9570 us[EOL]
[2026-09-22T08:47:20.449671Z][APM_J.barcodereader][W][2330306][134]CRTCyclicEvent.cpp:TimeMissed():101|Cycle miss in event CCSICombinedRepManager. Time Overrun is 9570 us[EOL]
[2026-09-22T08:47:20.448220Z][APM_J.newgen-amplificationplatemagazine][W][2330306][141]CRTCyclicEvent.cpp:TimeMissed():101|Cycle miss in event CCSICombinedRepManager. Time Overrun is 5236 us[EOL]
[2026-09-22T08:47:22.843997Z][APM_J.newgen-amplificationplatemagazine][W][2330306][141]CRTCyclicEvent.cpp:TimeMissed():101|Cycle miss in event CCSICombinedCmdManager Cyclic Event. Time Overrun is 994 us[EOL]
[2026-09-22T08:47:22.844033Z][APM_J.newgen-amplificationplatemagazine][W][2330306][141]CRTCyclicEvent.cpp:TimeMissed():101|Cycle miss in event CCSICombinedRepManager. Time Overrun is 994 us[EOL]
[2026-09-22T08:47:24.983190Z][APM_J.newgen-amplificationplatemagazine][W][2330306][141]CRTCyclicEvent.cpp:TimeMissed():101|Cycle miss in event CCSICombinedCmdManager Cyclic Event. Time Overrun is 231 us[EOL]
[2026-09-22T08:47:24.982038Z][APM_J.barcodereader][W][2330306][134]CRTCyclicEvent.cpp:TimeMissed():101|Cycle miss in event CCSICombinedCmdManager Cyclic Event. Time Overrun is 1957 us[EOL]
[2026-09-22T08:47:24.982055Z][APM_J.barcodereader][W][2330306][134]CRTCyclicEvent.cpp:TimeMissed():101|Cycle miss in event CCSICombinedRepManager. Time Overrun is 1957 us[EOL]
[2026-09-22T08:47:24.983225Z][APM_J.newgen-amplificationplatemagazine][W][2330306][141]CRTCyclicEvent.cpp:TimeMissed():101|Cycle miss in event CCSICombinedRepManager. Time Overrun is 231 us[EOL]
[2026-09-22T08:47:25.576448Z][APM_J.newgen-amplificationplatemagazine][W][2330306][141]CRTCyclicEvent.cpp:TimeMissed():101|Cycle miss in event CCSICombinedCmdManager Cyclic Event. Time Overrun is 3488 us[EOL]
[2026-09-22T08:47:25.576552Z][APM_J.newgen-amplificationplatemagazine][W][2330306][141]CRTCyclicEvent.cpp:TimeMissed():101|Cycle miss in event CCSICombinedRepManager. Time Overrun is 3488 us[EOL]
[2026-09-22T08:47:25.577598Z][APM_J.barcodereader][W][2330306][134]CRTCyclicEvent.cpp:TimeMissed():101|Cycle miss in event CCSICombinedCmdManager Cyclic Event. Time Overrun is 7518 us[EOL]
[2026-09-22T08:47:25.577618Z][APM_J.barcodereader][W][2330306][134]CRTCyclicEvent.cpp:TimeMissed():101|Cycle miss in event CCSICombinedRepManager. Time Overrun is 7518 us[EOL]
[2026-09-22T08:47:28.681646Z][APM_J.newgen-amplificationplatemagazine][I][2560016][141]IMessageHandler.h:operator()():40|Received RabbitMqMessage Roche.MolLab.InstrumentState.Ping. Content: {"Timestamp":"2026-09-22T08:47:28.6753086Z","PingId":"IS35"}[EOL]
[2026-09-22T08:47:28.681686Z][APM_J.newgen-amplificationplatemagazine][I][844444436][141]UnitCommunicator.cpp:SendEvent():424|Publishing event: type=Roche.c68_8800.AmplificationPlateMagazine.J.Echo correlation_id=(n/a)[EOL]
[2026-09-22T08:47:28.681702Z][APM_J.newgen-amplificationplatemagazine][I][2560017][141]MessageSender.h:SendEvent():105|Sent RabbitMqEvent Roche.c68_8800.AmplificationPlateMagazine.J.Echo. Content: {"Timestamp":"2026-09-22T08:47:28.681681Z","MagazineId":"J","PingId":"IS35"}[EOL]
[2026-09-22T08:47:30.140360Z][APM_J.barcodereader][W][2330306][134]CRTCyclicEvent.cpp:TimeMissed():101|Cycle miss in event CCSICombinedCmdManager Cyclic Event. Time Overrun is 272 us[EOL]
[2026-09-22T08:47:30.140435Z][APM_J.barcodereader][W][2330306][134]CRTCyclicEvent.cpp:TimeMissed():101|Cycle miss in event CCSICombinedRepManager. Time Overrun is 272 us[EOL]
[2026-09-22T08:47:34.368041Z][APM_J.barcodereader][W][2330306][134]CRTCyclicEvent.cpp:TimeMissed():101|Cycle miss in event CCSICombinedCmdManager Cyclic Event. Time Overrun is 7959 us[EOL]
[2026-09-22T08:47:34.368066Z][APM_J.barcodereader][W][2330306][134]CRTCyclicEvent.cpp:TimeMissed():101|Cycle miss in event CCSICombinedRepManager. Time Overrun is 7959 us[EOL]
[2026-09-22T08:47:34.368087Z][APM_J.newgen-amplificationplatemagazine][W][2330306][141]CRTCyclicEvent.cpp:TimeMissed():101|Cycle miss in event CCSICombinedCmdManager Cyclic Event. Time Overrun is 5128 us[EOL]
[2026-09-22T08:47:34.368112Z][APM_J.newgen-amplificationplatemagazine][W][2330306][141]CRTCyclicEvent.cpp:TimeMissed():101|Cycle miss in event CCSICombinedRepManager. Time Overrun is 5128 us[EOL]
[2026-09-22T08:47:41.587951Z][APM_J.barcodereader][W][2330306][134]CRTCyclicEvent.cpp:TimeMissed():101|Cycle miss in event CCSICombinedCmdManager Cyclic Event. Time Overrun is 7870 us[EOL]
[2026-09-22T08:47:41.587970Z][APM_J.barcodereader][W][2330306][134]CRTCyclicEvent.cpp:TimeMissed():101|Cycle miss in event CCSICombinedRepManager. Time Overrun is 7870 us[EOL]
[2026-09-22T08:47:58.686115Z][APM_J.newgen-amplificationplatemagazine][I][2560016][141]IMessageHandler.h:operator()():40|Received RabbitMqMessage Roche.MolLab.InstrumentState.Ping. Content: {"Timestamp":"2026-09-22T08:47:58.6744135Z","PingId":"IS36"}[EOL]
[2026-09-22T08:47:58.686161Z][APM_J.newgen-amplificationplatemagazine][I][844444436][141]UnitCommunicator.cpp:SendEvent():424|Publishing event: type=Roche.c68_8800.AmplificationPlateMagazine.J.Echo correlation_id=(n/a)[EOL]
[2026-09-22T08:47:58.686199Z][APM_J.newgen-amplificationplatemagazine][I][2560017][141]MessageSender.h:SendEvent():105|Sent RabbitMqEvent Roche.c68_8800.AmplificationPlateMagazine.J.Echo. Content: {"Timestamp":"2026-09-22T08:47:58.686147Z","MagazineId":"J","PingId":"IS36"}[EOL]
[2026-09-22T08:47:58.894309Z][APM_J.newgen-amplificationplatemagazine][W][2330306][141]CRTCyclicEvent.cpp:TimeMissed():101|Cycle miss in event CCSICombinedCmdManager Cyclic Event. Time Overrun is 1348 us[EOL]
[2026-09-22T08:47:58.894341Z][APM_J.newgen-amplificationplatemagazine][W][2330306][141]CRTCyclicEvent.cpp:TimeMissed():101|Cycle miss in event CCSICombinedRepManager. Time Overrun is 1348 us[EOL]
[2026-09-22T08:48:00.847292Z][APM_J.newgen-amplificationplatemagazine][W][2330306][141]CRTCyclicEvent.cpp:TimeMissed():101|Cycle miss in event CCSICombinedCmdManager Cyclic Event. Time Overrun is 4332 us[EOL]
[2026-09-22T08:48:00.847322Z][APM_J.newgen-amplificationplatemagazine][W][2330306][141]CRTCyclicEvent.cpp:TimeMissed():101|Cycle miss in event CCSICombinedRepManager. Time Overrun is 4332 us[EOL]
[2026-09-22T08:48:07.843768Z][APM_J.newgen-amplificationplatemagazine][W][2330306][141]CRTCyclicEvent.cpp:TimeMissed():101|Cycle miss in event CCSICombinedCmdManager Cyclic Event. Time Overrun is 704 us[EOL]
[2026-09-22T08:48:07.843862Z][APM_J.newgen-amplificationplatemagazine][W][2330306][141]CRTCyclicEvent.cpp:TimeMissed():101|Cycle miss in event CCSICombinedRepManager. Time Overrun is 704 us[EOL]
[2026-09-22T08:48:09.199001Z][APM_J.newgen-amplificationplatemagazine][W][2330306][141]CRTCyclicEvent.cpp:TimeMissed():101|Cycle miss in event CCSICombinedCmdManager Cyclic Event. Time Overrun is 6039 us[EOL]
[2026-09-22T08:48:09.200846Z][APM_J.barcodereader][W][2330306][134]CRTCyclicEvent.cpp:TimeMissed():101|Cycle miss in event CCSICombinedCmdManager Cyclic Event. Time Overrun is 10764 us[EOL]
[2026-09-22T08:48:09.200884Z][APM_J.barcodereader][W][2330306][134]CRTCyclicEvent.cpp:TimeMissed():101|Cycle miss in event CCSICombinedRepManager. Time Overrun is 10764 us[EOL]
[2026-09-22T08:48:09.199049Z][APM_J.newgen-amplificationplatemagazine][W][2330306][141]CRTCyclicEvent.cpp:TimeMissed():101|Cycle miss in event CCSICombinedRepManager. Time Overrun is 6039 us[EOL]
[2026-09-22T08:48:10.022239Z][APM_J.barcodereader][W][2330306][134]CRTCyclicEvent.cpp:TimeMissed():101|Cycle miss in event CCSICombinedCmdManager Cyclic Event. Time Overrun is 12157 us[EOL]
[2026-09-22T08:48:10.022265Z][APM_J.barcodereader][W][2330306][134]CRTCyclicEvent.cpp:TimeMissed():101|Cycle miss in event CCSICombinedRepManager. Time Overrun is 12157 us[EOL]
[2026-09-22T08:48:10.022047Z][APM_J.newgen-amplificationplatemagazine][W][2330306][141]CRTCyclicEvent.cpp:TimeMissed():101|Cycle miss in event CCSICombinedCmdManager Cyclic Event. Time Overrun is 9087 us[EOL]
[2026-09-22T08:48:10.022083Z][APM_J.newgen-amplificationplatemagazine][W][2330306][141]CRTCyclicEvent.cpp:TimeMissed():101|Cycle miss in event CCSICombinedRepManager. Time Overrun is 9087 us[EOL]
[2026-09-22T08:48:26.274110Z][APM_J.barcodereader][W][2330306][134]CRTCyclicEvent.cpp:TimeMissed():101|Cycle miss in event CCSICombinedCmdManager Cyclic Event. Time Overrun is 4027 us[EOL]
[2026-09-22T08:48:26.274319Z][APM_J.newgen-amplificationplatemagazine][W][2330306][141]CRTCyclicEvent.cpp:TimeMissed():101|Cycle miss in event CCSICombinedCmdManager Cyclic Event. Time Overrun is 1359 us[EOL]
[2026-09-22T08:48:26.274143Z][APM_J.barcodereader][W][2330306][134]CRTCyclicEvent.cpp:TimeMissed():101|Cycle miss in event CCSICombinedRepManager. Time Overrun is 4027 us[EOL]
[2026-09-22T08:48:26.274365Z][APM_J.newgen-amplificationplatemagazine][W][2330306][141]CRTCyclicEvent.cpp:TimeMissed():101|Cycle miss in event CCSICombinedRepManager. Time Overrun is 1359 us[EOL]
[2026-09-22T08:48:28.686683Z][APM_J.newgen-amplificationplatemagazine][I][2560016][141]IMessageHandler.h:operator()():40|Received RabbitMqMessage Roche.MolLab.InstrumentState.Ping. Content: {"Timestamp":"2026-09-22T08:48:28.6748624Z","PingId":"IS37"}[EOL]
[2026-09-22T08:48:28.686715Z][APM_J.newgen-amplificationplatemagazine][I][844444436][141]UnitCommunicator.cpp:SendEvent():424|Publishing event: type=Roche.c68_8800.AmplificationPlateMagazine.J.Echo correlation_id=(n/a)[EOL]
[2026-09-22T08:48:28.686730Z][APM_J.newgen-amplificationplatemagazine][I][2560017][141]MessageSender.h:SendEvent():105|Sent RabbitMqEvent Roche.c68_8800.AmplificationPlateMagazine.J.Echo. Content: {"Timestamp":"2026-09-22T08:48:28.686710Z","MagazineId":"J","PingId":"IS37"}[EOL]
[2026-09-22T08:48:29.664663Z][APM_J.barcodereader][W][2330306][134]CRTCyclicEvent.cpp:TimeMissed():101|Cycle miss in event CCSICombinedCmdManager Cyclic Event. Time Overrun is 4582 us[EOL]
[2026-09-22T08:48:29.664785Z][APM_J.newgen-amplificationplatemagazine][W][2330306][141]CRTCyclicEvent.cpp:TimeMissed():101|Cycle miss in event CCSICombinedCmdManager Cyclic Event. Time Overrun is 1824 us[EOL]
[2026-09-22T08:48:29.664831Z][APM_J.newgen-amplificationplatemagazine][W][2330306][141]CRTCyclicEvent.cpp:TimeMissed():101|Cycle miss in event CCSICombinedRepManager. Time Overrun is 1824 us[EOL]
[2026-09-22T08:48:29.664699Z][APM_J.barcodereader][W][2330306][134]CRTCyclicEvent.cpp:TimeMissed():101|Cycle miss in event CCSICombinedRepManager. Time Overrun is 4582 us[EOL]
[2026-09-22T08:48:35.025552Z][APM_J.barcodereader][W][2330306][134]CRTCyclicEvent.cpp:TimeMissed():101|Cycle miss in event CCSICombinedCmdManager Cyclic Event. Time Overrun is 5469 us[EOL]
[2026-09-22T08:48:35.027986Z][APM_J.newgen-amplificationplatemagazine][W][2330306][141]CRTCyclicEvent.cpp:TimeMissed():101|Cycle miss in event CCSICombinedCmdManager Cyclic Event. Time Overrun is 5027 us[EOL]
[2026-09-22T08:48:35.028010Z][APM_J.newgen-amplificationplatemagazine][W][2330306][141]CRTCyclicEvent.cpp:TimeMissed():101|Cycle miss in event CCSICombinedRepManager. Time Overrun is 5027 us[EOL]
[2026-09-22T08:48:35.025577Z][APM_J.barcodereader][W][2330306][134]CRTCyclicEvent.cpp:TimeMissed():101|Cycle miss in event CCSICombinedRepManager. Time Overrun is 5469 us[EOL]
[2026-09-22T08:48:35.176219Z][APM_J.newgen-amplificationplatemagazine][W][2330306][141]CRTCyclicEvent.cpp:TimeMissed():101|Cycle miss in event CCSICombinedCmdManager Cyclic Event. Time Overrun is 3261 us[EOL]
[2026-09-22T08:48:35.176245Z][APM_J.newgen-amplificationplatemagazine][W][2330306][141]CRTCyclicEvent.cpp:TimeMissed():101|Cycle miss in event CCSICombinedRepManager. Time Overrun is 3261 us[EOL]
[2026-09-22T08:48:35.177885Z][APM_J.barcodereader][W][2330306][134]CRTCyclicEvent.cpp:TimeMissed():101|Cycle miss in event CCSICombinedCmdManager Cyclic Event. Time Overrun is 7805 us[EOL]
[2026-09-22T08:48:35.177914Z][APM_J.barcodereader][W][2330306][134]CRTCyclicEvent.cpp:TimeMissed():101|Cycle miss in event CCSICombinedRepManager. Time Overrun is 7805 us[EOL]
[2026-09-22T08:48:37.837521Z][APM_J.barcodereader][W][2330306][134]CRTCyclicEvent.cpp:TimeMissed():101|Cycle miss in event CCSICombinedCmdManager Cyclic Event. Time Overrun is 7440 us[EOL]
[2026-09-22T08:48:37.837548Z][APM_J.barcodereader][W][2330306][134]CRTCyclicEvent.cpp:TimeMissed():101|Cycle miss in event CCSICombinedRepManager. Time Overrun is 7440 us[EOL]
[2026-09-22T08:48:37.840631Z][APM_J.newgen-amplificationplatemagazine][W][2330306][141]CRTCyclicEvent.cpp:TimeMissed():101|Cycle miss in event CCSICombinedCmdManager Cyclic Event. Time Overrun is 7670 us[EOL]
[2026-09-22T08:48:37.840675Z][APM_J.newgen-amplificationplatemagazine][W][2330306][141]CRTCyclicEvent.cpp:TimeMissed():101|Cycle miss in event CCSICombinedRepManager. Time Overrun is 7670 us[EOL]
[2026-09-22T08:48:40.541932Z][APM_J.barcodereader][W][2330306][134]CRTCyclicEvent.cpp:TimeMissed():101|Cycle miss in event CCSICombinedCmdManager Cyclic Event. Time Overrun is 1838 us[EOL]
[2026-09-22T08:48:40.542014Z][APM_J.barcodereader][W][2330306][134]CRTCyclicEvent.cpp:TimeMissed():101|Cycle miss in event CCSICombinedRepManager. Time Overrun is 1838 us[EOL]
[2026-09-22T08:48:45.565968Z][APM_J.barcodereader][W][2330306][134]CRTCyclicEvent.cpp:TimeMissed():101|Cycle miss in event CCSICombinedCmdManager Cyclic Event. Time Overrun is 5886 us[EOL]
[2026-09-22T08:48:45.565997Z][APM_J.barcodereader][W][2330306][134]CRTCyclicEvent.cpp:TimeMissed():101|Cycle miss in event CCSICombinedRepManager. Time Overrun is 5886 us[EOL]
[2026-09-22T08:48:49.600522Z][APM_J.newgen-amplificationplatemagazine][W][2330306][141]CRTCyclicEvent.cpp:TimeMissed():101|Cycle miss in event CCSICombinedCmdManager Cyclic Event. Time Overrun is 7558 us[EOL]
[2026-09-22T08:48:49.600553Z][APM_J.newgen-amplificationplatemagazine][W][2330306][141]CRTCyclicEvent.cpp:TimeMissed():101|Cycle miss in event CCSICombinedRepManager. Time Overrun is 7558 us[EOL]
[2026-09-22T08:48:49.600993Z][APM_J.barcodereader][W][2330306][134]CRTCyclicEvent.cpp:TimeMissed():101|Cycle miss in event CCSICombinedCmdManager Cyclic Event. Time Overrun is 910 us[EOL]
[2026-09-22T08:48:49.601025Z][APM_J.barcodereader][W][2330306][134]CRTCyclicEvent.cpp:TimeMissed():101|Cycle miss in event CCSICombinedRepManager. Time Overrun is 910 us[EOL]
[2026-09-22T08:48:53.753210Z][APM_J.barcodereader][W][2330306][134]CRTCyclicEvent.cpp:TimeMissed():101|Cycle miss in event CCSICombinedCmdManager Cyclic Event. Time Overrun is 3128 us[EOL]
[2026-09-22T08:48:53.753236Z][APM_J.barcodereader][W][2330306][134]CRTCyclicEvent.cpp:TimeMissed():101|Cycle miss in event CCSICombinedRepManager. Time Overrun is 3128 us[EOL]
[2026-09-22T08:48:58.681535Z][APM_J.newgen-amplificationplatemagazine][I][2560016][141]IMessageHandler.h:operator()():40|Received RabbitMqMessage Roche.MolLab.InstrumentState.Ping. Content: {"Timestamp":"2026-09-22T08:48:58.6735259Z","PingId":"IS38"}[EOL]
[2026-09-22T08:48:58.681571Z][APM_J.newgen-amplificationplatemagazine][I][844444436][141]UnitCommunicator.cpp:SendEvent():424|Publishing event: type=Roche.c68_8800.AmplificationPlateMagazine.J.Echo correlation_id=(n/a)[EOL]
[2026-09-22T08:48:58.681589Z][APM_J.newgen-amplificationplatemagazine][I][2560017][141]MessageSender.h:SendEvent():105|Sent RabbitMqEvent Roche.c68_8800.AmplificationPlateMagazine.J.Echo. Content: {"Timestamp":"2026-09-22T08:48:58.681567Z","MagazineId":"J","PingId":"IS38"}[EOL]
[2026-09-22T08:48:59.810616Z][APM_J.barcodereader][W][2330306][134]CRTCyclicEvent.cpp:TimeMissed():101|Cycle miss in event CCSICombinedCmdManager Cyclic Event. Time Overrun is 40534 us[EOL]
[2026-09-22T08:48:59.810642Z][APM_J.barcodereader][W][2330306][134]CRTCyclicEvent.cpp:TimeMissed():101|Cycle miss in event CCSICombinedRepManager. Time Overrun is 40534 us[EOL]
[2026-09-22T08:48:59.810273Z][APM_J.newgen-amplificationplatemagazine][W][2330306][141]CRTCyclicEvent.cpp:TimeMissed():101|Cycle miss in event CCSICombinedCmdManager Cyclic Event. Time Overrun is 37310 us[EOL]
[2026-09-22T08:48:59.810454Z][APM_J.newgen-amplificationplatemagazine][W][2330306][141]CRTCyclicEvent.cpp:TimeMissed():101|Cycle miss in event CCSICombinedRepManager. Time Overrun is 37310 us[EOL]
[2026-09-22T08:49:03.421135Z][APM_J.barcodereader][W][2330306][134]CRTCyclicEvent.cpp:TimeMissed():101|Cycle miss in event CCSICombinedCmdManager Cyclic Event. Time Overrun is 1055 us[EOL]
[2026-09-22T08:49:03.421185Z][APM_J.barcodereader][W][2330306][134]CRTCyclicEvent.cpp:TimeMissed():101|Cycle miss in event CCSICombinedRepManager. Time Overrun is 1055 us[EOL]
[2026-09-22T08:49:15.083681Z][APM_J.newgen-amplificationplatemagazine][W][2330306][141]CRTCyclicEvent.cpp:TimeMissed():101|Cycle miss in event CCSICombinedCmdManager Cyclic Event. Time Overrun is 10721 us[EOL]
[2026-09-22T08:49:15.083710Z][APM_J.newgen-amplificationplatemagazine][W][2330306][141]CRTCyclicEvent.cpp:TimeMissed():101|Cycle miss in event CCSICombinedRepManager. Time Overrun is 10721 us[EOL]
[2026-09-22T08:49:15.083565Z][APM_J.barcodereader][W][2330306][134]CRTCyclicEvent.cpp:TimeMissed():101|Cycle miss in event CCSICombinedCmdManager Cyclic Event. Time Overrun is 13485 us[EOL]
[2026-09-22T08:49:15.083583Z][APM_J.barcodereader][W][2330306][134]CRTCyclicEvent.cpp:TimeMissed():101|Cycle miss in event CCSICombinedRepManager. Time Overrun is 13485 us[EOL]
[2026-09-22T08:49:19.312642Z][APM_J.barcodereader][W][2330306][134]CRTCyclicEvent.cpp:TimeMissed():101|Cycle miss in event CCSICombinedCmdManager Cyclic Event. Time Overrun is 2558 us[EOL]
[2026-09-22T08:49:19.312671Z][APM_J.barcodereader][W][2330306][134]CRTCyclicEvent.cpp:TimeMissed():101|Cycle miss in event CCSICombinedRepManager. Time Overrun is 2558 us[EOL]
[2026-09-22T08:49:20.828428Z][APM_J.barcodereader][W][2330306][134]CRTCyclicEvent.cpp:TimeMissed():101|Cycle miss in event CCSICombinedCmdManager Cyclic Event. Time Overrun is 8345 us[EOL]
[2026-09-22T08:49:20.828454Z][APM_J.barcodereader][W][2330306][134]CRTCyclicEvent.cpp:TimeMissed():101|Cycle miss in event CCSICombinedRepManager. Time Overrun is 8345 us[EOL]
[2026-09-22T08:49:21.100344Z][APM_J.barcodereader][W][2330306][134]CRTCyclicEvent.cpp:TimeMissed():101|Cycle miss in event CCSICombinedCmdManager Cyclic Event. Time Overrun is 262 us[EOL]
[2026-09-22T08:49:21.100377Z][APM_J.barcodereader][W][2330306][134]CRTCyclicEvent.cpp:TimeMissed():101|Cycle miss in event CCSICombinedRepManager. Time Overrun is 262 us[EOL]
[2026-09-22T08:49:24.298731Z][APM_J.newgen-amplificationplatemagazine][W][2330306][141]CRTCyclicEvent.cpp:TimeMissed():101|Cycle miss in event CCSICombinedCmdManager Cyclic Event. Time Overrun is 15772 us[EOL]
[2026-09-22T08:49:24.298756Z][APM_J.newgen-amplificationplatemagazine][W][2330306][141]CRTCyclicEvent.cpp:TimeMissed():101|Cycle miss in event CCSICombinedRepManager. Time Overrun is 15772 us[EOL]
[2026-09-22T08:49:24.299192Z][APM_J.barcodereader][W][2330306][134]CRTCyclicEvent.cpp:TimeMissed():101|Cycle miss in event CCSICombinedCmdManager Cyclic Event. Time Overrun is 9111 us[EOL]
[2026-09-22T08:49:24.299215Z][APM_J.barcodereader][W][2330306][134]CRTCyclicEvent.cpp:TimeMissed():101|Cycle miss in event CCSICombinedRepManager. Time Overrun is 9111 us[EOL]
[2026-09-22T08:49:24.420430Z][APM_J.barcodereader][W][2330306][134]CRTCyclicEvent.cpp:TimeMissed():101|Cycle miss in event CCSICombinedCmdManager Cyclic Event. Time Overrun is 347 us[EOL]
[2026-09-22T08:49:24.420461Z][APM_J.barcodereader][W][2330306][134]CRTCyclicEvent.cpp:TimeMissed():101|Cycle miss in event CCSICombinedRepManager. Time Overrun is 347 us[EOL]
[2026-09-22T08:49:24.417661Z][APM_J.newgen-amplificationplatemagazine][W][2330306][141]CRTCyclicEvent.cpp:TimeMissed():101|Cycle miss in event CCSICombinedCmdManager Cyclic Event. Time Overrun is 4701 us[EOL]
[2026-09-22T08:49:24.417691Z][APM_J.newgen-amplificationplatemagazine][W][2330306][141]CRTCyclicEvent.cpp:TimeMissed():101|Cycle miss in event CCSICombinedRepManager. Time Overrun is 4701 us[EOL]
[2026-09-22T08:49:26.598813Z][APM_J.newgen-amplificationplatemagazine][W][2330306][141]CRTCyclicEvent.cpp:TimeMissed():101|Cycle miss in event CCSICombinedCmdManager Cyclic Event. Time Overrun is 5855 us[EOL]
[2026-09-22T08:49:26.598835Z][APM_J.newgen-amplificationplatemagazine][W][2330306][141]CRTCyclicEvent.cpp:TimeMissed():101|Cycle miss in event CCSICombinedRepManager. Time Overrun is 5855 us[EOL]
[2026-09-22T08:49:26.600745Z][APM_J.barcodereader][W][2330306][134]CRTCyclicEvent.cpp:TimeMissed():101|Cycle miss in event CCSICombinedCmdManager Cyclic Event. Time Overrun is 10659 us[EOL]
[2026-09-22T08:49:26.600765Z][APM_J.barcodereader][W][2330306][134]CRTCyclicEvent.cpp:TimeMissed():101|Cycle miss in event CCSICombinedRepManager. Time Overrun is 10659 us[EOL]
[2026-09-22T08:49:27.183995Z][APM_J.newgen-amplificationplatemagazine][W][2330306][141]CRTCyclicEvent.cpp:TimeMissed():101|Cycle miss in event CCSICombinedCmdManager Cyclic Event. Time Overrun is 11035 us[EOL]
[2026-09-22T08:49:27.183767Z][APM_J.barcodereader][W][2330306][134]CRTCyclicEvent.cpp:TimeMissed():101|Cycle miss in event CCSICombinedCmdManager Cyclic Event. Time Overrun is 13685 us[EOL]
[2026-09-22T08:49:27.184022Z][APM_J.newgen-amplificationplatemagazine][W][2330306][141]CRTCyclicEvent.cpp:TimeMissed():101|Cycle miss in event CCSICombinedRepManager. Time Overrun is 11035 us[EOL]
[2026-09-22T08:49:27.183793Z][APM_J.barcodereader][W][2330306][134]CRTCyclicEvent.cpp:TimeMissed():101|Cycle miss in event CCSICombinedRepManager. Time Overrun is 13685 us[EOL]
[2026-09-22T08:49:28.367696Z][APM_J.barcodereader][W][2330306][134]CRTCyclicEvent.cpp:TimeMissed():101|Cycle miss in event CCSICombinedCmdManager Cyclic Event. Time Overrun is 17598 us[EOL]
[2026-09-22T08:49:28.367756Z][APM_J.barcodereader][W][2330306][134]CRTCyclicEvent.cpp:TimeMissed():101|Cycle miss in event CCSICombinedRepManager. Time Overrun is 17598 us[EOL]
[2026-09-22T08:49:28.367731Z][APM_J.newgen-amplificationplatemagazine][W][2330306][141]CRTCyclicEvent.cpp:TimeMissed():101|Cycle miss in event CCSICombinedCmdManager Cyclic Event. Time Overrun is 14773 us[EOL]
[2026-09-22T08:49:28.367753Z][APM_J.newgen-amplificationplatemagazine][W][2330306][141]CRTCyclicEvent.cpp:TimeMissed():101|Cycle miss in event CCSICombinedRepManager. Time Overrun is 14773 us[EOL]
[2026-09-22T08:49:28.678535Z][APM_J.newgen-amplificationplatemagazine][I][2560016][141]IMessageHandler.h:operator()():40|Received RabbitMqMessage Roche.MolLab.InstrumentState.Ping. Content: {"Timestamp":"2026-09-22T08:49:28.6746951Z","PingId":"IS39"}[EOL]
[2026-09-22T08:49:28.678573Z][APM_J.newgen-amplificationplatemagazine][I][844444436][141]UnitCommunicator.cpp:SendEvent():424|Publishing event: type=Roche.c68_8800.AmplificationPlateMagazine.J.Echo correlation_id=(n/a)[EOL]
[2026-09-22T08:49:28.678604Z][APM_J.newgen-amplificationplatemagazine][I][2560017][141]MessageSender.h:SendEvent():105|Sent RabbitMqEvent Roche.c68_8800.AmplificationPlateMagazine.J.Echo. Content: {"Timestamp":"2026-09-22T08:49:28.678567Z","MagazineId":"J","PingId":"IS39"}[EOL]
[2026-09-22T08:49:28.725337Z][APM_J.barcodereader][W][2330306][134]CRTCyclicEvent.cpp:TimeMissed():101|Cycle miss in event CCSICombinedCmdManager Cyclic Event. Time Overrun is 15252 us[EOL]
[2026-09-22T08:49:28.725372Z][APM_J.barcodereader][W][2330306][134]CRTCyclicEvent.cpp:TimeMissed():101|Cycle miss in event CCSICombinedRepManager. Time Overrun is 15252 us[EOL]
[2026-09-22T08:49:31.595669Z][APM_J.newgen-amplificationplatemagazine][W][2330306][141]CRTCyclicEvent.cpp:TimeMissed():101|Cycle miss in event CCSICombinedCmdManager Cyclic Event. Time Overrun is 2707 us[EOL]
[2026-09-22T08:49:31.595704Z][APM_J.newgen-amplificationplatemagazine][W][2330306][141]CRTCyclicEvent.cpp:TimeMissed():101|Cycle miss in event CCSICombinedRepManager. Time Overrun is 2707 us[EOL]
[2026-09-22T08:49:32.035789Z][APM_J.newgen-amplificationplatemagazine][W][2330306][141]CRTCyclicEvent.cpp:TimeMissed():101|Cycle miss in event CCSICombinedCmdManager Cyclic Event. Time Overrun is 22828 us[EOL]
[2026-09-22T08:49:32.032327Z][APM_J.barcodereader][W][2330306][134]CRTCyclicEvent.cpp:TimeMissed():101|Cycle miss in event CCSICombinedCmdManager Cyclic Event. Time Overrun is 12245 us[EOL]
[2026-09-22T08:49:32.032355Z][APM_J.barcodereader][W][2330306][134]CRTCyclicEvent.cpp:TimeMissed():101|Cycle miss in event CCSICombinedRepManager. Time Overrun is 12245 us[EOL]
[2026-09-22T08:49:32.035826Z][APM_J.newgen-amplificationplatemagazine][W][2330306][141]CRTCyclicEvent.cpp:TimeMissed():101|Cycle miss in event CCSICombinedRepManager. Time Overrun is 22828 us[EOL]
[2026-09-22T08:49:37.935233Z][APM_J.barcodereader][W][2330306][134]CRTCyclicEvent.cpp:TimeMissed():101|Cycle miss in event CCSICombinedCmdManager Cyclic Event. Time Overrun is 5153 us[EOL]
[2026-09-22T08:49:37.935258Z][APM_J.barcodereader][W][2330306][134]CRTCyclicEvent.cpp:TimeMissed():101|Cycle miss in event CCSICombinedRepManager. Time Overrun is 5153 us[EOL]
[2026-09-22T08:49:37.947608Z][APM_J.newgen-amplificationplatemagazine][W][2330306][141]CRTCyclicEvent.cpp:TimeMissed():101|Cycle miss in event CCSICombinedCmdManager Cyclic Event. Time Overrun is 14649 us[EOL]
[2026-09-22T08:49:37.947632Z][APM_J.newgen-amplificationplatemagazine][W][2330306][141]CRTCyclicEvent.cpp:TimeMissed():101|Cycle miss in event CCSICombinedRepManager. Time Overrun is 14649 us[EOL]
[2026-09-22T08:49:39.752577Z][APM_J.barcodereader][W][2330306][134]CRTCyclicEvent.cpp:TimeMissed():101|Cycle miss in event CCSICombinedCmdManager Cyclic Event. Time Overrun is 2496 us[EOL]
[2026-09-22T08:49:39.752604Z][APM_J.barcodereader][W][2330306][134]CRTCyclicEvent.cpp:TimeMissed():101|Cycle miss in event CCSICombinedRepManager. Time Overrun is 2496 us[EOL]
[2026-09-22T08:49:43.605385Z][APM_J.barcodereader][W][2330306][134]CRTCyclicEvent.cpp:TimeMissed():101|Cycle miss in event CCSICombinedCmdManager Cyclic Event. Time Overrun is 15302 us[EOL]
[2026-09-22T08:49:43.604355Z][APM_J.newgen-amplificationplatemagazine][W][2330306][141]CRTCyclicEvent.cpp:TimeMissed():101|Cycle miss in event CCSICombinedCmdManager Cyclic Event. Time Overrun is 21354 us[EOL]
[2026-09-22T08:49:43.605418Z][APM_J.barcodereader][W][2330306][134]CRTCyclicEvent.cpp:TimeMissed():101|Cycle miss in event CCSICombinedRepManager. Time Overrun is 15302 us[EOL]
[2026-09-22T08:49:43.604395Z][APM_J.newgen-amplificationplatemagazine][W][2330306][141]CRTCyclicEvent.cpp:TimeMissed():101|Cycle miss in event CCSICombinedRepManager. Time Overrun is 21354 us[EOL]
[2026-09-22T08:49:46.758176Z][APM_J.barcodereader][W][2330306][134]CRTCyclicEvent.cpp:TimeMissed():101|Cycle miss in event CCSICombinedCmdManager Cyclic Event. Time Overrun is 8093 us[EOL]
[2026-09-22T08:49:46.758210Z][APM_J.barcodereader][W][2330306][134]CRTCyclicEvent.cpp:TimeMissed():101|Cycle miss in event CCSICombinedRepManager. Time Overrun is 8093 us[EOL]
[2026-09-22T08:49:46.759703Z][APM_J.newgen-amplificationplatemagazine][W][2330306][141]CRTCyclicEvent.cpp:TimeMissed():101|Cycle miss in event CCSICombinedCmdManager Cyclic Event. Time Overrun is 16738 us[EOL]
[2026-09-22T08:49:46.759755Z][APM_J.newgen-amplificationplatemagazine][W][2330306][141]CRTCyclicEvent.cpp:TimeMissed():101|Cycle miss in event CCSICombinedRepManager. Time Overrun is 16738 us[EOL]
[2026-09-22T08:49:50.490568Z][APM_J.barcodereader][W][2330306][134]CRTCyclicEvent.cpp:TimeMissed():101|Cycle miss in event CCSICombinedCmdManager Cyclic Event. Time Overrun is 488 us[EOL]
[2026-09-22T08:49:50.490595Z][APM_J.barcodereader][W][2330306][134]CRTCyclicEvent.cpp:TimeMissed():101|Cycle miss in event CCSICombinedRepManager. Time Overrun is 488 us[EOL]
[2026-09-22T08:49:50.569071Z][APM_J.newgen-amplificationplatemagazine][W][2330306][141]CRTCyclicEvent.cpp:TimeMissed():101|Cycle miss in event CCSICombinedCmdManager Cyclic Event. Time Overrun is 16112 us[EOL]
[2026-09-22T08:49:50.569104Z][APM_J.newgen-amplificationplatemagazine][W][2330306][141]CRTCyclicEvent.cpp:TimeMissed():101|Cycle miss in event CCSICombinedRepManager. Time Overrun is 16112 us[EOL]
[2026-09-22T08:49:50.998872Z][APM_J.barcodereader][W][2330306][134]CRTCyclicEvent.cpp:TimeMissed():101|Cycle miss in event CCSICombinedCmdManager Cyclic Event. Time Overrun is 8783 us[EOL]
[2026-09-22T08:49:50.999739Z][APM_J.newgen-amplificationplatemagazine][W][2330306][141]CRTCyclicEvent.cpp:TimeMissed():101|Cycle miss in event CCSICombinedCmdManager Cyclic Event. Time Overrun is 6775 us[EOL]
[2026-09-22T08:49:50.999788Z][APM_J.newgen-amplificationplatemagazine][W][2330306][141]CRTCyclicEvent.cpp:TimeMissed():101|Cycle miss in event CCSICombinedRepManager. Time Overrun is 6775 us[EOL]
[2026-09-22T08:49:50.998917Z][APM_J.barcodereader][W][2330306][134]CRTCyclicEvent.cpp:TimeMissed():101|Cycle miss in event CCSICombinedRepManager. Time Overrun is 8783 us[EOL]
[2026-09-22T08:49:53.512360Z][APM_J.barcodereader][W][2330306][134]CRTCyclicEvent.cpp:TimeMissed():101|Cycle miss in event CCSICombinedCmdManager Cyclic Event. Time Overrun is 2277 us[EOL]
[2026-09-22T08:49:53.512398Z][APM_J.barcodereader][W][2330306][134]CRTCyclicEvent.cpp:TimeMissed():101|Cycle miss in event CCSICombinedRepManager. Time Overrun is 2277 us[EOL]
[2026-09-22T08:49:54.540680Z][APM_J.barcodereader][W][2330306][134]CRTCyclicEvent.cpp:TimeMissed():101|Cycle miss in event CCSICombinedCmdManager Cyclic Event. Time Overrun is 10598 us[EOL]
[2026-09-22T08:49:54.540703Z][APM_J.barcodereader][W][2330306][134]CRTCyclicEvent.cpp:TimeMissed():101|Cycle miss in event CCSICombinedRepManager. Time Overrun is 10598 us[EOL]
[2026-09-22T08:49:54.539470Z][APM_J.newgen-amplificationplatemagazine][W][2330306][141]CRTCyclicEvent.cpp:TimeMissed():101|Cycle miss in event CCSICombinedCmdManager Cyclic Event. Time Overrun is 16508 us[EOL]
[2026-09-22T08:49:54.539519Z][APM_J.newgen-amplificationplatemagazine][W][2330306][141]CRTCyclicEvent.cpp:TimeMissed():101|Cycle miss in event CCSICombinedRepManager. Time Overrun is 16508 us[EOL]
[2026-09-22T08:49:55.563167Z][APM_J.barcodereader][W][2330306][134]CRTCyclicEvent.cpp:TimeMissed():101|Cycle miss in event CCSICombinedCmdManager Cyclic Event. Time Overrun is 13086 us[EOL]
[2026-09-22T08:49:55.562382Z][APM_J.newgen-amplificationplatemagazine][W][2330306][141]CRTCyclicEvent.cpp:TimeMissed():101|Cycle miss in event CCSICombinedCmdManager Cyclic Event. Time Overrun is 19424 us[EOL]
[2026-09-22T08:49:55.562409Z][APM_J.newgen-amplificationplatemagazine][W][2330306][141]CRTCyclicEvent.cpp:TimeMissed():101|Cycle miss in event CCSICombinedRepManager. Time Overrun is 19424 us[EOL]
[2026-09-22T08:49:55.563197Z][APM_J.barcodereader][W][2330306][134]CRTCyclicEvent.cpp:TimeMissed():101|Cycle miss in event CCSICombinedRepManager. Time Overrun is 13086 us[EOL]
[2026-09-22T08:49:58.680309Z][APM_J.newgen-amplificationplatemagazine][I][2560016][141]IMessageHandler.h:operator()():40|Received RabbitMqMessage Roche.MolLab.InstrumentState.Ping. Content: {"Timestamp":"2026-09-22T08:49:58.6750959Z","PingId":"IS40"}[EOL]
[2026-09-22T08:49:58.680352Z][APM_J.newgen-amplificationplatemagazine][I][844444436][141]UnitCommunicator.cpp:SendEvent():424|Publishing event: type=Roche.c68_8800.AmplificationPlateMagazine.J.Echo correlation_id=(n/a)[EOL]
[2026-09-22T08:49:58.680537Z][APM_J.newgen-amplificationplatemagazine][I][2560017][141]MessageSender.h:SendEvent():105|Sent RabbitMqEvent Roche.c68_8800.AmplificationPlateMagazine.J.Echo. Content: {"Timestamp":"2026-09-22T08:49:58.680345Z","MagazineId":"J","PingId":"IS40"}[EOL]
[2026-09-22T08:50:28.677375Z][APM_J.newgen-amplificationplatemagazine][I][2560016][141]IMessageHandler.h:operator()():40|Received RabbitMqMessage Roche.MolLab.InstrumentState.Ping. Content: {"Timestamp":"2026-09-22T08:50:28.6732287Z","PingId":"IS41"}[EOL]
[2026-09-22T08:50:28.677518Z][APM_J.newgen-amplificationplatemagazine][I][844444436][141]UnitCommunicator.cpp:SendEvent():424|Publishing event: type=Roche.c68_8800.AmplificationPlateMagazine.J.Echo correlation_id=(n/a)[EOL]
[2026-09-22T08:50:28.677551Z][APM_J.newgen-amplificationplatemagazine][I][2560017][141]MessageSender.h:SendEvent():105|Sent RabbitMqEvent Roche.c68_8800.AmplificationPlateMagazine.J.Echo. Content: {"Timestamp":"2026-09-22T08:50:28.677421Z","MagazineId":"J","PingId":"IS41"}[EOL]
[2026-09-22T08:50:35.826168Z][APM_J.newgen-amplificationplatemagazine][W][2330306][141]CRTCyclicEvent.cpp:TimeMissed():101|Cycle miss in event CCSICombinedCmdManager Cyclic Event. Time Overrun is 3203 us[EOL]
[2026-09-22T08:50:35.826205Z][APM_J.newgen-amplificationplatemagazine][W][2330306][141]CRTCyclicEvent.cpp:TimeMissed():101|Cycle miss in event CCSICombinedRepManager. Time Overrun is 3203 us[EOL]
[2026-09-22T08:50:58.691207Z][APM_J.newgen-amplificationplatemagazine][I][2560016][141]IMessageHandler.h:operator()():40|Received RabbitMqMessage Roche.MolLab.InstrumentState.Ping. Content: {"Timestamp":"2026-09-22T08:50:58.6750215Z","PingId":"IS42"}[EOL]
[2026-09-22T08:50:58.691330Z][APM_J.newgen-amplificationplatemagazine][I][844444436][141]UnitCommunicator.cpp:SendEvent():424|Publishing event: type=Roche.c68_8800.AmplificationPlateMagazine.J.Echo correlation_id=(n/a)[EOL]
[2026-09-22T08:50:58.691365Z][APM_J.newgen-amplificationplatemagazine][I][2560017][141]MessageSender.h:SendEvent():105|Sent RabbitMqEvent Roche.c68_8800.AmplificationPlateMagazine.J.Echo. Content: {"Timestamp":"2026-09-22T08:50:58.691316Z","MagazineId":"J","PingId":"IS42"}[EOL]
[2026-09-22T08:50:58.812559Z][APM_J.barcodereader][W][2330306][134]CRTCyclicEvent.cpp:TimeMissed():101|Cycle miss in event CCSICombinedCmdManager Cyclic Event. Time Overrun is 2474 us[EOL]
[2026-09-22T08:50:58.812595Z][APM_J.barcodereader][W][2330306][134]CRTCyclicEvent.cpp:TimeMissed():101|Cycle miss in event CCSICombinedRepManager. Time Overrun is 2474 us[EOL]
[2026-09-22T08:50:58.931443Z][APM_J.newgen-amplificationplatemagazine][W][2330306][141]CRTCyclicEvent.cpp:TimeMissed():101|Cycle miss in event CCSICombinedCmdManager Cyclic Event. Time Overrun is 8481 us[EOL]
[2026-09-22T08:50:58.931487Z][APM_J.newgen-amplificationplatemagazine][W][2330306][141]CRTCyclicEvent.cpp:TimeMissed():101|Cycle miss in event CCSICombinedRepManager. Time Overrun is 8481 us[EOL]
[2026-09-22T08:50:58.935530Z][APM_J.barcodereader][W][2330306][134]CRTCyclicEvent.cpp:TimeMissed():101|Cycle miss in event CCSICombinedCmdManager Cyclic Event. Time Overrun is 5444 us[EOL]
[2026-09-22T08:50:58.935670Z][APM_J.barcodereader][W][2330306][134]CRTCyclicEvent.cpp:TimeMissed():101|Cycle miss in event CCSICombinedRepManager. Time Overrun is 5444 us[EOL]
[2026-09-22T08:51:01.177259Z][APM_J.newgen-amplificationplatemagazine][W][2330306][141]CRTCyclicEvent.cpp:TimeMissed():101|Cycle miss in event CCSICombinedCmdManager Cyclic Event. Time Overrun is 4296 us[EOL]
[2026-09-22T08:51:01.177299Z][APM_J.newgen-amplificationplatemagazine][W][2330306][141]CRTCyclicEvent.cpp:TimeMissed():101|Cycle miss in event CCSICombinedRepManager. Time Overrun is 4296 us[EOL]
[2026-09-22T08:51:01.780527Z][APM_J.newgen-amplificationplatemagazine][W][2330306][141]CRTCyclicEvent.cpp:TimeMissed():101|Cycle miss in event CCSICombinedCmdManager Cyclic Event. Time Overrun is 17560 us[EOL]
[2026-09-22T08:51:01.780573Z][APM_J.newgen-amplificationplatemagazine][W][2330306][141]CRTCyclicEvent.cpp:TimeMissed():101|Cycle miss in event CCSICombinedRepManager. Time Overrun is 17560 us[EOL]
[2026-09-22T08:51:01.771476Z][APM_J.barcodereader][W][2330306][134]CRTCyclicEvent.cpp:TimeMissed():101|Cycle miss in event CCSICombinedCmdManager Cyclic Event. Time Overrun is 1390 us[EOL]
[2026-09-22T08:51:01.771526Z][APM_J.barcodereader][W][2330306][134]CRTCyclicEvent.cpp:TimeMissed():101|Cycle miss in event CCSICombinedRepManager. Time Overrun is 1390 us[EOL]
[2026-09-22T08:51:02.126077Z][APM_J.newgen-amplificationplatemagazine][W][2330306][141]CRTCyclicEvent.cpp:TimeMissed():101|Cycle miss in event CCSICombinedCmdManager Cyclic Event. Time Overrun is 118 us[EOL]
[2026-09-22T08:51:02.126138Z][APM_J.newgen-amplificationplatemagazine][W][2330306][141]CRTCyclicEvent.cpp:TimeMissed():101|Cycle miss in event CCSICombinedRepManager. Time Overrun is 118 us[EOL]
[2026-09-22T08:51:02.886538Z][APM_J.barcodereader][W][2330306][134]CRTCyclicEvent.cpp:TimeMissed():101|Cycle miss in event CCSICombinedCmdManager Cyclic Event. Time Overrun is 16453 us[EOL]
[2026-09-22T08:51:02.886571Z][APM_J.barcodereader][W][2330306][134]CRTCyclicEvent.cpp:TimeMissed():101|Cycle miss in event CCSICombinedRepManager. Time Overrun is 16453 us[EOL]
[2026-09-22T08:51:02.896333Z][APM_J.newgen-amplificationplatemagazine][W][2330306][141]CRTCyclicEvent.cpp:TimeMissed():101|Cycle miss in event CCSICombinedCmdManager Cyclic Event. Time Overrun is 23370 us[EOL]
[2026-09-22T08:51:02.896374Z][APM_J.newgen-amplificationplatemagazine][W][2330306][141]CRTCyclicEvent.cpp:TimeMissed():101|Cycle miss in event CCSICombinedRepManager. Time Overrun is 23370 us[EOL]
[2026-09-22T08:51:03.237600Z][APM_J.newgen-amplificationplatemagazine][W][2330306][141]CRTCyclicEvent.cpp:TimeMissed():101|Cycle miss in event CCSICombinedCmdManager Cyclic Event. Time Overrun is 24636 us[EOL]
[2026-09-22T08:51:03.237652Z][APM_J.newgen-amplificationplatemagazine][W][2330306][141]CRTCyclicEvent.cpp:TimeMissed():101|Cycle miss in event CCSICombinedRepManager. Time Overrun is 24636 us[EOL]
[2026-09-22T08:51:03.422422Z][APM_J.barcodereader][W][2330306][134]CRTCyclicEvent.cpp:TimeMissed():101|Cycle miss in event CCSICombinedCmdManager Cyclic Event. Time Overrun is 2339 us[EOL]
[2026-09-22T08:51:03.422472Z][APM_J.barcodereader][W][2330306][134]CRTCyclicEvent.cpp:TimeMissed():101|Cycle miss in event CCSICombinedRepManager. Time Overrun is 2339 us[EOL]
[2026-09-22T08:51:03.675363Z][APM_J.barcodereader][W][2330306][134]CRTCyclicEvent.cpp:TimeMissed():101|Cycle miss in event CCSICombinedCmdManager Cyclic Event. Time Overrun is 5275 us[EOL]
[2026-09-22T08:51:03.675507Z][APM_J.barcodereader][W][2330306][134]CRTCyclicEvent.cpp:TimeMissed():101|Cycle miss in event CCSICombinedRepManager. Time Overrun is 5275 us[EOL]
[2026-09-22T08:51:03.877307Z][APM_J.newgen-amplificationplatemagazine][W][2330306][141]CRTCyclicEvent.cpp:TimeMissed():101|Cycle miss in event CCSICombinedCmdManager Cyclic Event. Time Overrun is 4337 us[EOL]
[2026-09-22T08:51:03.877379Z][APM_J.newgen-amplificationplatemagazine][W][2330306][141]CRTCyclicEvent.cpp:TimeMissed():101|Cycle miss in event CCSICombinedRepManager. Time Overrun is 4337 us[EOL]
[2026-09-22T08:51:05.149506Z][APM_J.newgen-amplificationplatemagazine][W][2330306][141]CRTCyclicEvent.cpp:TimeMissed():101|Cycle miss in event CCSICombinedCmdManager Cyclic Event. Time Overrun is 6542 us[EOL]
[2026-09-22T08:51:05.149555Z][APM_J.newgen-amplificationplatemagazine][W][2330306][141]CRTCyclicEvent.cpp:TimeMissed():101|Cycle miss in event CCSICombinedRepManager. Time Overrun is 6542 us[EOL]
[2026-09-22T08:51:05.144669Z][APM_J.barcodereader][W][2330306][134]CRTCyclicEvent.cpp:TimeMissed():101|Cycle miss in event CCSICombinedCmdManager Cyclic Event. Time Overrun is 4586 us[EOL]
[2026-09-22T08:51:05.149586Z][APM_J.barcodereader][W][2330306][134]CRTCyclicEvent.cpp:TimeMissed():101|Cycle miss in event CCSICombinedRepManager. Time Overrun is 4586 us[EOL]
[2026-09-22T08:51:06.341311Z][APM_J.barcodereader][W][2330306][134]CRTCyclicEvent.cpp:TimeMissed():101|Cycle miss in event CCSICombinedCmdManager Cyclic Event. Time Overrun is 1219 us[EOL]
[2026-09-22T08:51:06.341368Z][APM_J.barcodereader][W][2330306][134]CRTCyclicEvent.cpp:TimeMissed():101|Cycle miss in event CCSICombinedRepManager. Time Overrun is 1219 us[EOL]
[2026-09-22T08:51:07.856239Z][APM_J.barcodereader][W][2330306][134]CRTCyclicEvent.cpp:TimeMissed():101|Cycle miss in event CCSICombinedCmdManager Cyclic Event. Time Overrun is 6149 us[EOL]
[2026-09-22T08:51:07.856337Z][APM_J.barcodereader][W][2330306][134]CRTCyclicEvent.cpp:TimeMissed():101|Cycle miss in event CCSICombinedRepManager. Time Overrun is 6149 us[EOL]
[2026-09-22T08:51:10.363978Z][APM_J.newgen-amplificationplatemagazine][W][2330306][141]CRTCyclicEvent.cpp:TimeMissed():101|Cycle miss in event CCSICombinedCmdManager Cyclic Event. Time Overrun is 1012 us[EOL]
[2026-09-22T08:51:10.364559Z][APM_J.newgen-amplificationplatemagazine][W][2330306][141]CRTCyclicEvent.cpp:TimeMissed():101|Cycle miss in event CCSICombinedRepManager. Time Overrun is 1012 us[EOL]
[2026-09-22T08:51:10.394568Z][APM_J.barcodereader][W][2330306][134]CRTCyclicEvent.cpp:TimeMissed():101|Cycle miss in event CCSICombinedCmdManager Cyclic Event. Time Overrun is 34484 us[EOL]
[2026-09-22T08:51:10.394600Z][APM_J.barcodereader][W][2330306][134]CRTCyclicEvent.cpp:TimeMissed():101|Cycle miss in event CCSICombinedRepManager. Time Overrun is 34484 us[EOL]
[2026-09-22T08:51:11.661097Z][APM_J.barcodereader][W][2330306][134]CRTCyclicEvent.cpp:TimeMissed():101|Cycle miss in event CCSICombinedCmdManager Cyclic Event. Time Overrun is 1013 us[EOL]
[2026-09-22T08:51:11.661156Z][APM_J.barcodereader][W][2330306][134]CRTCyclicEvent.cpp:TimeMissed():101|Cycle miss in event CCSICombinedRepManager. Time Overrun is 1013 us[EOL]
[2026-09-22T08:51:13.108737Z][APM_J.barcodereader][W][2330306][134]CRTCyclicEvent.cpp:TimeMissed():101|Cycle miss in event CCSICombinedCmdManager Cyclic Event. Time Overrun is 18653 us[EOL]
[2026-09-22T08:51:13.108784Z][APM_J.barcodereader][W][2330306][134]CRTCyclicEvent.cpp:TimeMissed():101|Cycle miss in event CCSICombinedRepManager. Time Overrun is 18653 us[EOL]
[2026-09-22T08:51:13.109117Z][APM_J.newgen-amplificationplatemagazine][W][2330306][141]CRTCyclicEvent.cpp:TimeMissed():101|Cycle miss in event CCSICombinedCmdManager Cyclic Event. Time Overrun is 15903 us[EOL]
[2026-09-22T08:51:13.109184Z][APM_J.newgen-amplificationplatemagazine][W][2330306][141]CRTCyclicEvent.cpp:TimeMissed():101|Cycle miss in event CCSICombinedRepManager. Time Overrun is 15903 us[EOL]
[2026-09-22T08:51:13.347804Z][APM_J.newgen-amplificationplatemagazine][W][2330306][141]CRTCyclicEvent.cpp:TimeMissed():101|Cycle miss in event CCSICombinedCmdManager Cyclic Event. Time Overrun is 4842 us[EOL]
[2026-09-22T08:51:13.349187Z][APM_J.barcodereader][W][2330306][134]CRTCyclicEvent.cpp:TimeMissed():101|Cycle miss in event CCSICombinedCmdManager Cyclic Event. Time Overrun is 9101 us[EOL]
[2026-09-22T08:51:13.349516Z][APM_J.barcodereader][W][2330306][134]CRTCyclicEvent.cpp:TimeMissed():101|Cycle miss in event CCSICombinedRepManager. Time Overrun is 9101 us[EOL]
[2026-09-22T08:51:13.347845Z][APM_J.newgen-amplificationplatemagazine][W][2330306][141]CRTCyclicEvent.cpp:TimeMissed():101|Cycle miss in event CCSICombinedRepManager. Time Overrun is 4842 us[EOL]
[2026-09-22T08:51:17.860665Z][APM_J.barcodereader][W][2330306][134]CRTCyclicEvent.cpp:TimeMissed():101|Cycle miss in event CCSICombinedCmdManager Cyclic Event. Time Overrun is 582 us[EOL]
[2026-09-22T08:51:17.861125Z][APM_J.barcodereader][W][2330306][134]CRTCyclicEvent.cpp:TimeMissed():101|Cycle miss in event CCSICombinedRepManager. Time Overrun is 582 us[EOL]
[2026-09-22T08:51:24.370406Z][APM_J.newgen-amplificationplatemagazine][W][2330306][141]CRTCyclicEvent.cpp:TimeMissed():101|Cycle miss in event CCSICombinedCmdManager Cyclic Event. Time Overrun is 7441 us[EOL]
[2026-09-22T08:51:24.370443Z][APM_J.newgen-amplificationplatemagazine][W][2330306][141]CRTCyclicEvent.cpp:TimeMissed():101|Cycle miss in event CCSICombinedRepManager. Time Overrun is 7441 us[EOL]
[2026-09-22T08:51:24.372212Z][APM_J.barcodereader][W][2330306][134]CRTCyclicEvent.cpp:TimeMissed():101|Cycle miss in event CCSICombinedCmdManager Cyclic Event. Time Overrun is 2129 us[EOL]
[2026-09-22T08:51:24.372247Z][APM_J.barcodereader][W][2330306][134]CRTCyclicEvent.cpp:TimeMissed():101|Cycle miss in event CCSICombinedRepManager. Time Overrun is 2129 us[EOL]
[2026-09-22T08:51:28.676130Z][APM_J.newgen-amplificationplatemagazine][I][2560016][141]IMessageHandler.h:operator()():40|Received RabbitMqMessage Roche.MolLab.InstrumentState.Ping. Content: {"Timestamp":"2026-09-22T08:51:28.673576Z","PingId":"IS43"}[EOL]
[2026-09-22T08:51:28.676193Z][APM_J.newgen-amplificationplatemagazine][I][844444436][141]UnitCommunicator.cpp:SendEvent():424|Publishing event: type=Roche.c68_8800.AmplificationPlateMagazine.J.Echo correlation_id=(n/a)[EOL]
[2026-09-22T08:51:28.676222Z][APM_J.newgen-amplificationplatemagazine][I][2560017][141]MessageSender.h:SendEvent():105|Sent RabbitMqEvent Roche.c68_8800.AmplificationPlateMagazine.J.Echo. Content: {"Timestamp":"2026-09-22T08:51:28.676178Z","MagazineId":"J","PingId":"IS43"}[EOL]
[2026-09-22T08:51:29.434147Z][APM_J.barcodereader][W][2330306][134]CRTCyclicEvent.cpp:TimeMissed():101|Cycle miss in event CCSICombinedCmdManager Cyclic Event. Time Overrun is 4064 us[EOL]
[2026-09-22T08:51:29.434180Z][APM_J.barcodereader][W][2330306][134]CRTCyclicEvent.cpp:TimeMissed():101|Cycle miss in event CCSICombinedRepManager. Time Overrun is 4064 us[EOL]
[2026-09-22T08:51:29.446985Z][APM_J.newgen-amplificationplatemagazine][W][2330306][141]CRTCyclicEvent.cpp:TimeMissed():101|Cycle miss in event CCSICombinedCmdManager Cyclic Event. Time Overrun is 14025 us[EOL]
[2026-09-22T08:51:29.447016Z][APM_J.newgen-amplificationplatemagazine][W][2330306][141]CRTCyclicEvent.cpp:TimeMissed():101|Cycle miss in event CCSICombinedRepManager. Time Overrun is 14025 us[EOL]
[2026-09-22T08:51:30.465870Z][APM_J.barcodereader][W][2330306][134]CRTCyclicEvent.cpp:TimeMissed():101|Cycle miss in event CCSICombinedCmdManager Cyclic Event. Time Overrun is 5787 us[EOL]
[2026-09-22T08:51:30.465904Z][APM_J.barcodereader][W][2330306][134]CRTCyclicEvent.cpp:TimeMissed():101|Cycle miss in event CCSICombinedRepManager. Time Overrun is 5787 us[EOL]
[2026-09-22T08:51:35.485150Z][APM_J.newgen-amplificationplatemagazine][W][2330306][141]CRTCyclicEvent.cpp:TimeMissed():101|Cycle miss in event CCSICombinedCmdManager Cyclic Event. Time Overrun is 2189 us[EOL]
[2026-09-22T08:51:35.485183Z][APM_J.newgen-amplificationplatemagazine][W][2330306][141]CRTCyclicEvent.cpp:TimeMissed():101|Cycle miss in event CCSICombinedRepManager. Time Overrun is 2189 us[EOL]
[2026-09-22T08:51:38.946534Z][APM_J.newgen-amplificationplatemagazine][W][2330306][141]CRTCyclicEvent.cpp:TimeMissed():101|Cycle miss in event CCSICombinedCmdManager Cyclic Event. Time Overrun is 3573 us[EOL]
[2026-09-22T08:51:38.946567Z][APM_J.newgen-amplificationplatemagazine][W][2330306][141]CRTCyclicEvent.cpp:TimeMissed():101|Cycle miss in event CCSICombinedRepManager. Time Overrun is 3573 us[EOL]
[2026-09-22T08:51:58.692372Z][APM_J.newgen-amplificationplatemagazine][I][2560016][141]IMessageHandler.h:operator()():40|Received RabbitMqMessage Roche.MolLab.InstrumentState.Ping. Content: {"Timestamp":"2026-09-22T08:51:58.6754465Z","PingId":"IS44"}[EOL]
[2026-09-22T08:51:58.692443Z][APM_J.newgen-amplificationplatemagazine][I][844444436][141]UnitCommunicator.cpp:SendEvent():424|Publishing event: type=Roche.c68_8800.AmplificationPlateMagazine.J.Echo correlation_id=(n/a)[EOL]
[2026-09-22T08:51:58.692482Z][APM_J.newgen-amplificationplatemagazine][I][2560017][141]MessageSender.h:SendEvent():105|Sent RabbitMqEvent Roche.c68_8800.AmplificationPlateMagazine.J.Echo. Content: {"Timestamp":"2026-09-22T08:51:58.692434Z","MagazineId":"J","PingId":"IS44"}[EOL]
[2026-09-22T08:52:02.854417Z][APM_J.newgen-amplificationplatemagazine][W][2330306][141]CRTCyclicEvent.cpp:TimeMissed():101|Cycle miss in event CCSICombinedCmdManager Cyclic Event. Time Overrun is 1453 us[EOL]
[2026-09-22T08:52:02.854447Z][APM_J.newgen-amplificationplatemagazine][W][2330306][141]CRTCyclicEvent.cpp:TimeMissed():101|Cycle miss in event CCSICombinedRepManager. Time Overrun is 1453 us[EOL]
[2026-09-22T08:52:02.854227Z][APM_J.barcodereader][W][2330306][134]CRTCyclicEvent.cpp:TimeMissed():101|Cycle miss in event CCSICombinedCmdManager Cyclic Event. Time Overrun is 4142 us[EOL]
[2026-09-22T08:52:02.854261Z][APM_J.barcodereader][W][2330306][134]CRTCyclicEvent.cpp:TimeMissed():101|Cycle miss in event CCSICombinedRepManager. Time Overrun is 4142 us[EOL]
[2026-09-22T08:52:07.428872Z][APM_J.barcodereader][W][2330306][134]CRTCyclicEvent.cpp:TimeMissed():101|Cycle miss in event CCSICombinedCmdManager Cyclic Event. Time Overrun is 8789 us[EOL]
[2026-09-22T08:52:07.427879Z][APM_J.newgen-amplificationplatemagazine][W][2330306][141]CRTCyclicEvent.cpp:TimeMissed():101|Cycle miss in event CCSICombinedCmdManager Cyclic Event. Time Overrun is 14917 us[EOL]
[2026-09-22T08:52:07.427916Z][APM_J.newgen-amplificationplatemagazine][W][2330306][141]CRTCyclicEvent.cpp:TimeMissed():101|Cycle miss in event CCSICombinedRepManager. Time Overrun is 14917 us[EOL]
[2026-09-22T08:52:07.428905Z][APM_J.barcodereader][W][2330306][134]CRTCyclicEvent.cpp:TimeMissed():101|Cycle miss in event CCSICombinedRepManager. Time Overrun is 8789 us[EOL]
[2026-09-22T08:52:07.544894Z][APM_J.newgen-amplificationplatemagazine][W][2330306][141]CRTCyclicEvent.cpp:TimeMissed():101|Cycle miss in event CCSICombinedCmdManager Cyclic Event. Time Overrun is 1933 us[EOL]
[2026-09-22T08:52:07.544943Z][APM_J.newgen-amplificationplatemagazine][W][2330306][141]CRTCyclicEvent.cpp:TimeMissed():101|Cycle miss in event CCSICombinedRepManager. Time Overrun is 1933 us[EOL]
[2026-09-22T08:52:07.544749Z][APM_J.barcodereader][W][2330306][134]CRTCyclicEvent.cpp:TimeMissed():101|Cycle miss in event CCSICombinedCmdManager Cyclic Event. Time Overrun is 4652 us[EOL]
[2026-09-22T08:52:07.544787Z][APM_J.barcodereader][W][2330306][134]CRTCyclicEvent.cpp:TimeMissed():101|Cycle miss in event CCSICombinedRepManager. Time Overrun is 4652 us[EOL]
[2026-09-22T08:52:28.681551Z][APM_J.newgen-amplificationplatemagazine][I][2560016][141]IMessageHandler.h:operator()():40|Received RabbitMqMessage Roche.MolLab.InstrumentState.Ping. Content: {"Timestamp":"2026-09-22T08:52:28.6746619Z","PingId":"IS45"}[EOL]
[2026-09-22T08:52:28.681584Z][APM_J.newgen-amplificationplatemagazine][I][844444436][141]UnitCommunicator.cpp:SendEvent():424|Publishing event: type=Roche.c68_8800.AmplificationPlateMagazine.J.Echo correlation_id=(n/a)[EOL]
[2026-09-22T08:52:28.681619Z][APM_J.newgen-amplificationplatemagazine][I][2560017][141]MessageSender.h:SendEvent():105|Sent RabbitMqEvent Roche.c68_8800.AmplificationPlateMagazine.J.Echo. Content: {"Timestamp":"2026-09-22T08:52:28.681579Z","MagazineId":"J","PingId":"IS45"}[EOL]
[2026-09-22T08:52:28.747518Z][APM_J.newgen-amplificationplatemagazine][W][2330306][141]CRTCyclicEvent.cpp:TimeMissed():101|Cycle miss in event CCSICombinedCmdManager Cyclic Event. Time Overrun is 4559 us[EOL]
[2026-09-22T08:52:28.747543Z][APM_J.newgen-amplificationplatemagazine][W][2330306][141]CRTCyclicEvent.cpp:TimeMissed():101|Cycle miss in event CCSICombinedRepManager. Time Overrun is 4559 us[EOL]
[2026-09-22T08:52:29.785591Z][APM_J.newgen-amplificationplatemagazine][W][2330306][141]CRTCyclicEvent.cpp:TimeMissed():101|Cycle miss in event CCSICombinedCmdManager Cyclic Event. Time Overrun is 2626 us[EOL]
[2026-09-22T08:52:29.785628Z][APM_J.newgen-amplificationplatemagazine][W][2330306][141]CRTCyclicEvent.cpp:TimeMissed():101|Cycle miss in event CCSICombinedRepManager. Time Overrun is 2626 us[EOL]
[2026-09-22T08:52:45.618761Z][APM_J.newgen-amplificationplatemagazine][W][2330306][141]CRTCyclicEvent.cpp:TimeMissed():101|Cycle miss in event CCSICombinedCmdManager Cyclic Event. Time Overrun is 5800 us[EOL]
[2026-09-22T08:52:45.618791Z][APM_J.newgen-amplificationplatemagazine][W][2330306][141]CRTCyclicEvent.cpp:TimeMissed():101|Cycle miss in event CCSICombinedRepManager. Time Overrun is 5800 us[EOL]
[2026-09-22T08:52:54.853805Z][APM_J.barcodereader][W][2330306][134]CRTCyclicEvent.cpp:TimeMissed():101|Cycle miss in event CCSICombinedCmdManager Cyclic Event. Time Overrun is 13703 us[EOL]
[2026-09-22T08:52:54.853839Z][APM_J.barcodereader][W][2330306][134]CRTCyclicEvent.cpp:TimeMissed():101|Cycle miss in event CCSICombinedRepManager. Time Overrun is 13703 us[EOL]
[2026-09-22T08:52:55.825707Z][APM_J.barcodereader][W][2330306][134]CRTCyclicEvent.cpp:TimeMissed():101|Cycle miss in event CCSICombinedCmdManager Cyclic Event. Time Overrun is 5624 us[EOL]
[2026-09-22T08:52:55.826808Z][APM_J.newgen-amplificationplatemagazine][W][2330306][141]CRTCyclicEvent.cpp:TimeMissed():101|Cycle miss in event CCSICombinedCmdManager Cyclic Event. Time Overrun is 3847 us[EOL]
[2026-09-22T08:52:55.826874Z][APM_J.newgen-amplificationplatemagazine][W][2330306][141]CRTCyclicEvent.cpp:TimeMissed():101|Cycle miss in event CCSICombinedRepManager. Time Overrun is 3847 us[EOL]
[2026-09-22T08:52:55.825739Z][APM_J.barcodereader][W][2330306][134]CRTCyclicEvent.cpp:TimeMissed():101|Cycle miss in event CCSICombinedRepManager. Time Overrun is 5624 us[EOL]
[2026-09-22T08:52:58.687699Z][APM_J.newgen-amplificationplatemagazine][I][2560016][141]IMessageHandler.h:operator()():40|Received RabbitMqMessage Roche.MolLab.InstrumentState.Ping. Content: {"Timestamp":"2026-09-22T08:52:58.6739846Z","PingId":"IS46"}[EOL]
[2026-09-22T08:52:58.687740Z][APM_J.newgen-amplificationplatemagazine][I][844444436][141]UnitCommunicator.cpp:SendEvent():424|Publishing event: type=Roche.c68_8800.AmplificationPlateMagazine.J.Echo correlation_id=(n/a)[EOL]
[2026-09-22T08:52:58.687765Z][APM_J.newgen-amplificationplatemagazine][I][2560017][141]MessageSender.h:SendEvent():105|Sent RabbitMqEvent Roche.c68_8800.AmplificationPlateMagazine.J.Echo. Content: {"Timestamp":"2026-09-22T08:52:58.687734Z","MagazineId":"J","PingId":"IS46"}[EOL]
[2026-09-22T08:53:01.031006Z][APM_J.newgen-amplificationplatemagazine][W][2330306][141]CRTCyclicEvent.cpp:TimeMissed():101|Cycle miss in event CCSICombinedCmdManager Cyclic Event. Time Overrun is 8046 us[EOL]
[2026-09-22T08:53:01.031036Z][APM_J.newgen-amplificationplatemagazine][W][2330306][141]CRTCyclicEvent.cpp:TimeMissed():101|Cycle miss in event CCSICombinedRepManager. Time Overrun is 8046 us[EOL]
[2026-09-22T08:53:16.254240Z][APM_J.newgen-amplificationplatemagazine][W][2330306][141]CRTCyclicEvent.cpp:TimeMissed():101|Cycle miss in event CCSICombinedCmdManager Cyclic Event. Time Overrun is 1281 us[EOL]
[2026-09-22T08:53:16.254037Z][APM_J.barcodereader][W][2330306][134]CRTCyclicEvent.cpp:TimeMissed():101|Cycle miss in event CCSICombinedCmdManager Cyclic Event. Time Overrun is 3955 us[EOL]
[2026-09-22T08:53:16.254267Z][APM_J.newgen-amplificationplatemagazine][W][2330306][141]CRTCyclicEvent.cpp:TimeMissed():101|Cycle miss in event CCSICombinedRepManager. Time Overrun is 1281 us[EOL]
[2026-09-22T08:53:16.254063Z][APM_J.barcodereader][W][2330306][134]CRTCyclicEvent.cpp:TimeMissed():101|Cycle miss in event CCSICombinedRepManager. Time Overrun is 3955 us[EOL]
[2026-09-22T08:53:23.610088Z][APM_J.barcodereader][W][2330306][134]CRTCyclicEvent.cpp:TimeMissed():101|Cycle miss in event CCSICombinedCmdManager Cyclic Event. Time Overrun is 10008 us[EOL]
[2026-09-22T08:53:23.610109Z][APM_J.barcodereader][W][2330306][134]CRTCyclicEvent.cpp:TimeMissed():101|Cycle miss in event CCSICombinedRepManager. Time Overrun is 10008 us[EOL]
[2026-09-22T08:53:23.611649Z][APM_J.newgen-amplificationplatemagazine][W][2330306][141]CRTCyclicEvent.cpp:TimeMissed():101|Cycle miss in event CCSICombinedCmdManager Cyclic Event. Time Overrun is 8690 us[EOL]
[2026-09-22T08:53:23.611676Z][APM_J.newgen-amplificationplatemagazine][W][2330306][141]CRTCyclicEvent.cpp:TimeMissed():101|Cycle miss in event CCSICombinedRepManager. Time Overrun is 8690 us[EOL]
[2026-09-22T08:53:28.695065Z][APM_J.newgen-amplificationplatemagazine][I][2560016][141]IMessageHandler.h:operator()():40|Received RabbitMqMessage Roche.MolLab.InstrumentState.Ping. Content: {"Timestamp":"2026-09-22T08:53:28.6752665Z","PingId":"IS47"}[EOL]
[2026-09-22T08:53:28.695258Z][APM_J.newgen-amplificationplatemagazine][I][844444436][141]UnitCommunicator.cpp:SendEvent():424|Publishing event: type=Roche.c68_8800.AmplificationPlateMagazine.J.Echo correlation_id=(n/a)[EOL]
[2026-09-22T08:53:28.695306Z][APM_J.newgen-amplificationplatemagazine][I][2560017][141]MessageSender.h:SendEvent():105|Sent RabbitMqEvent Roche.c68_8800.AmplificationPlateMagazine.J.Echo. Content: {"Timestamp":"2026-09-22T08:53:28.695245Z","MagazineId":"J","PingId":"IS47"}[EOL]
[2026-09-22T08:53:28.727790Z][APM_J.barcodereader][W][2330306][134]CRTCyclicEvent.cpp:TimeMissed():101|Cycle miss in event CCSICombinedCmdManager Cyclic Event. Time Overrun is 7707 us[EOL]
[2026-09-22T08:53:28.727824Z][APM_J.barcodereader][W][2330306][134]CRTCyclicEvent.cpp:TimeMissed():101|Cycle miss in event CCSICombinedRepManager. Time Overrun is 7707 us[EOL]
[2026-09-22T08:53:28.728547Z][APM_J.newgen-amplificationplatemagazine][W][2330306][141]CRTCyclicEvent.cpp:TimeMissed():101|Cycle miss in event CCSICombinedCmdManager Cyclic Event. Time Overrun is 5577 us[EOL]
[2026-09-22T08:53:28.728691Z][APM_J.newgen-amplificationplatemagazine][W][2330306][141]CRTCyclicEvent.cpp:TimeMissed():101|Cycle miss in event CCSICombinedRepManager. Time Overrun is 5577 us[EOL]
[2026-09-22T08:53:31.019688Z][APM_J.newgen-amplificationplatemagazine][W][2330306][141]CRTCyclicEvent.cpp:TimeMissed():101|Cycle miss in event CCSICombinedCmdManager Cyclic Event. Time Overrun is 6729 us[EOL]
[2026-09-22T08:53:31.019730Z][APM_J.newgen-amplificationplatemagazine][W][2330306][141]CRTCyclicEvent.cpp:TimeMissed():101|Cycle miss in event CCSICombinedRepManager. Time Overrun is 6729 us[EOL]
[2026-09-22T08:53:33.880901Z][APM_J.barcodereader][W][2330306][134]CRTCyclicEvent.cpp:TimeMissed():101|Cycle miss in event CCSICombinedCmdManager Cyclic Event. Time Overrun is 815 us[EOL]
[2026-09-22T08:53:33.880931Z][APM_J.barcodereader][W][2330306][134]CRTCyclicEvent.cpp:TimeMissed():101|Cycle miss in event CCSICombinedRepManager. Time Overrun is 815 us[EOL]
[2026-09-22T08:53:53.615760Z][APM_J.newgen-amplificationplatemagazine][W][2330306][141]CRTCyclicEvent.cpp:TimeMissed():101|Cycle miss in event CCSICombinedCmdManager Cyclic Event. Time Overrun is 12800 us[EOL]
[2026-09-22T08:53:53.615767Z][APM_J.barcodereader][W][2330306][134]CRTCyclicEvent.cpp:TimeMissed():101|Cycle miss in event CCSICombinedCmdManager Cyclic Event. Time Overrun is 15683 us[EOL]
[2026-09-22T08:53:53.615835Z][APM_J.newgen-amplificationplatemagazine][W][2330306][141]CRTCyclicEvent.cpp:TimeMissed():101|Cycle miss in event CCSICombinedRepManager. Time Overrun is 12800 us[EOL]
[2026-09-22T08:53:53.615888Z][APM_J.barcodereader][W][2330306][134]CRTCyclicEvent.cpp:TimeMissed():101|Cycle miss in event CCSICombinedRepManager. Time Overrun is 15683 us[EOL]
[2026-09-22T08:53:54.910483Z][APM_J.barcodereader][W][2330306][134]CRTCyclicEvent.cpp:TimeMissed():101|Cycle miss in event CCSICombinedCmdManager Cyclic Event. Time Overrun is 400 us[EOL]
[2026-09-22T08:53:54.910515Z][APM_J.barcodereader][W][2330306][134]CRTCyclicEvent.cpp:TimeMissed():101|Cycle miss in event CCSICombinedRepManager. Time Overrun is 400 us[EOL]
[2026-09-22T08:53:54.975613Z][APM_J.newgen-amplificationplatemagazine][W][2330306][141]CRTCyclicEvent.cpp:TimeMissed():101|Cycle miss in event CCSICombinedCmdManager Cyclic Event. Time Overrun is 2655 us[EOL]
[2026-09-22T08:53:54.975636Z][APM_J.newgen-amplificationplatemagazine][W][2330306][141]CRTCyclicEvent.cpp:TimeMissed():101|Cycle miss in event CCSICombinedRepManager. Time Overrun is 2655 us[EOL]
[2026-09-22T08:53:57.050002Z][APM_J.barcodereader][W][2330306][134]CRTCyclicEvent.cpp:TimeMissed():101|Cycle miss in event CCSICombinedCmdManager Cyclic Event. Time Overrun is 19916 us[EOL]
[2026-09-22T08:53:57.046813Z][APM_J.newgen-amplificationplatemagazine][W][2330306][141]CRTCyclicEvent.cpp:TimeMissed():101|Cycle miss in event CCSICombinedCmdManager Cyclic Event. Time Overrun is 13846 us[EOL]
[2026-09-22T08:53:57.050041Z][APM_J.barcodereader][W][2330306][134]CRTCyclicEvent.cpp:TimeMissed():101|Cycle miss in event CCSICombinedRepManager. Time Overrun is 19916 us[EOL]
[2026-09-22T08:53:57.046874Z][APM_J.newgen-amplificationplatemagazine][W][2330306][141]CRTCyclicEvent.cpp:TimeMissed():101|Cycle miss in event CCSICombinedRepManager. Time Overrun is 13846 us[EOL]
[2026-09-22T08:53:58.682532Z][APM_J.newgen-amplificationplatemagazine][I][2560016][141]IMessageHandler.h:operator()():40|Received RabbitMqMessage Roche.MolLab.InstrumentState.Ping. Content: {"Timestamp":"2026-09-22T08:53:58.673581Z","PingId":"IS48"}[EOL]
[2026-09-22T08:53:58.682646Z][APM_J.newgen-amplificationplatemagazine][I][844444436][141]UnitCommunicator.cpp:SendEvent():424|Publishing event: type=Roche.c68_8800.AmplificationPlateMagazine.J.Echo correlation_id=(n/a)[EOL]
[2026-09-22T08:53:58.682663Z][APM_J.newgen-amplificationplatemagazine][I][2560017][141]MessageSender.h:SendEvent():105|Sent RabbitMqEvent Roche.c68_8800.AmplificationPlateMagazine.J.Echo. Content: {"Timestamp":"2026-09-22T08:53:58.682642Z","MagazineId":"J","PingId":"IS48"}[EOL]
[2026-09-22T08:54:07.220867Z][APM_J.newgen-amplificationplatemagazine][W][2330306][141]CRTCyclicEvent.cpp:TimeMissed():101|Cycle miss in event CCSICombinedCmdManager Cyclic Event. Time Overrun is 7909 us[EOL]
[2026-09-22T08:54:07.222116Z][APM_J.barcodereader][W][2330306][134]CRTCyclicEvent.cpp:TimeMissed():101|Cycle miss in event CCSICombinedCmdManager Cyclic Event. Time Overrun is 12034 us[EOL]
[2026-09-22T08:54:07.222141Z][APM_J.barcodereader][W][2330306][134]CRTCyclicEvent.cpp:TimeMissed():101|Cycle miss in event CCSICombinedRepManager. Time Overrun is 12034 us[EOL]
[2026-09-22T08:54:07.220887Z][APM_J.newgen-amplificationplatemagazine][W][2330306][141]CRTCyclicEvent.cpp:TimeMissed():101|Cycle miss in event CCSICombinedRepManager. Time Overrun is 7909 us[EOL]
[2026-09-22T08:54:07.880779Z][APM_J.barcodereader][W][2330306][134]CRTCyclicEvent.cpp:TimeMissed():101|Cycle miss in event CCSICombinedCmdManager Cyclic Event. Time Overrun is 696 us[EOL]
[2026-09-22T08:54:07.880815Z][APM_J.barcodereader][W][2330306][134]CRTCyclicEvent.cpp:TimeMissed():101|Cycle miss in event CCSICombinedRepManager. Time Overrun is 696 us[EOL]
[2026-09-22T08:54:13.371955Z][APM_J.barcodereader][W][2330306][134]CRTCyclicEvent.cpp:TimeMissed():101|Cycle miss in event CCSICombinedCmdManager Cyclic Event. Time Overrun is 11873 us[EOL]
[2026-09-22T08:54:13.371983Z][APM_J.barcodereader][W][2330306][134]CRTCyclicEvent.cpp:TimeMissed():101|Cycle miss in event CCSICombinedRepManager. Time Overrun is 11873 us[EOL]
[2026-09-22T08:54:13.369711Z][APM_J.newgen-amplificationplatemagazine][W][2330306][141]CRTCyclicEvent.cpp:TimeMissed():101|Cycle miss in event CCSICombinedCmdManager Cyclic Event. Time Overrun is 6752 us[EOL]
[2026-09-22T08:54:13.369735Z][APM_J.newgen-amplificationplatemagazine][W][2330306][141]CRTCyclicEvent.cpp:TimeMissed():101|Cycle miss in event CCSICombinedRepManager. Time Overrun is 6752 us[EOL]
[2026-09-22T08:54:16.653298Z][APM_J.barcodereader][W][2330306][134]CRTCyclicEvent.cpp:TimeMissed():101|Cycle miss in event CCSICombinedCmdManager Cyclic Event. Time Overrun is 3216 us[EOL]
[2026-09-22T08:54:16.653327Z][APM_J.barcodereader][W][2330306][134]CRTCyclicEvent.cpp:TimeMissed():101|Cycle miss in event CCSICombinedRepManager. Time Overrun is 3216 us[EOL]
[2026-09-22T08:54:19.475360Z][APM_J.newgen-amplificationplatemagazine][W][2330306][141]CRTCyclicEvent.cpp:TimeMissed():101|Cycle miss in event CCSICombinedCmdManager Cyclic Event. Time Overrun is 32401 us[EOL]
[2026-09-22T08:54:19.477534Z][APM_J.barcodereader][W][2330306][134]CRTCyclicEvent.cpp:TimeMissed():101|Cycle miss in event CCSICombinedCmdManager Cyclic Event. Time Overrun is 37442 us[EOL]
[2026-09-22T08:54:19.475384Z][APM_J.newgen-amplificationplatemagazine][W][2330306][141]CRTCyclicEvent.cpp:TimeMissed():101|Cycle miss in event CCSICombinedRepManager. Time Overrun is 32401 us[EOL]
[2026-09-22T08:54:19.477589Z][APM_J.barcodereader][W][2330306][134]CRTCyclicEvent.cpp:TimeMissed():101|Cycle miss in event CCSICombinedRepManager. Time Overrun is 37442 us[EOL]
[2026-09-22T08:54:20.563979Z][APM_J.newgen-amplificationplatemagazine][W][2330306][141]CRTCyclicEvent.cpp:TimeMissed():101|Cycle miss in event CCSICombinedCmdManager Cyclic Event. Time Overrun is 11020 us[EOL]
[2026-09-22T08:54:20.561932Z][APM_J.barcodereader][W][2330306][134]CRTCyclicEvent.cpp:TimeMissed():101|Cycle miss in event CCSICombinedCmdManager Cyclic Event. Time Overrun is 11852 us[EOL]
[2026-09-22T08:54:20.563999Z][APM_J.newgen-amplificationplatemagazine][W][2330306][141]CRTCyclicEvent.cpp:TimeMissed():101|Cycle miss in event CCSICombinedRepManager. Time Overrun is 11020 us[EOL]
[2026-09-22T08:54:20.561951Z][APM_J.barcodereader][W][2330306][134]CRTCyclicEvent.cpp:TimeMissed():101|Cycle miss in event CCSICombinedRepManager. Time Overrun is 11852 us[EOL]
[2026-09-22T08:54:23.494407Z][APM_J.barcodereader][W][2330306][134]CRTCyclicEvent.cpp:TimeMissed():101|Cycle miss in event CCSICombinedCmdManager Cyclic Event. Time Overrun is 14325 us[EOL]
[2026-09-22T08:54:23.496548Z][APM_J.newgen-amplificationplatemagazine][W][2330306][141]CRTCyclicEvent.cpp:TimeMissed():101|Cycle miss in event CCSICombinedCmdManager Cyclic Event. Time Overrun is 13588 us[EOL]
[2026-09-22T08:54:23.494439Z][APM_J.barcodereader][W][2330306][134]CRTCyclicEvent.cpp:TimeMissed():101|Cycle miss in event CCSICombinedRepManager. Time Overrun is 14325 us[EOL]
[2026-09-22T08:54:23.496574Z][APM_J.newgen-amplificationplatemagazine][W][2330306][141]CRTCyclicEvent.cpp:TimeMissed():101|Cycle miss in event CCSICombinedRepManager. Time Overrun is 13588 us[EOL]
[2026-09-22T08:54:28.685840Z][APM_J.newgen-amplificationplatemagazine][I][2560016][141]IMessageHandler.h:operator()():40|Received RabbitMqMessage Roche.MolLab.InstrumentState.Ping. Content: {"Timestamp":"2026-09-22T08:54:28.6739602Z","PingId":"IS49"}[EOL]
[2026-09-22T08:54:28.685898Z][APM_J.newgen-amplificationplatemagazine][I][844444436][141]UnitCommunicator.cpp:SendEvent():424|Publishing event: type=Roche.c68_8800.AmplificationPlateMagazine.J.Echo correlation_id=(n/a)[EOL]
[2026-09-22T08:54:28.685945Z][APM_J.newgen-amplificationplatemagazine][I][2560017][141]MessageSender.h:SendEvent():105|Sent RabbitMqEvent Roche.c68_8800.AmplificationPlateMagazine.J.Echo. Content: {"Timestamp":"2026-09-22T08:54:28.685887Z","MagazineId":"J","PingId":"IS49"}[EOL]
[2026-09-22T08:54:36.440092Z][APM_J.barcodereader][W][2330306][134]CRTCyclicEvent.cpp:TimeMissed():101|Cycle miss in event CCSICombinedCmdManager Cyclic Event. Time Overrun is 12 us[EOL]
[2026-09-22T08:54:36.440114Z][APM_J.barcodereader][W][2330306][134]CRTCyclicEvent.cpp:TimeMissed():101|Cycle miss in event CCSICombinedRepManager. Time Overrun is 12 us[EOL]
[2026-09-22T08:54:38.570310Z][APM_J.barcodereader][W][2330306][134]CRTCyclicEvent.cpp:TimeMissed():101|Cycle miss in event CCSICombinedCmdManager Cyclic Event. Time Overrun is 229 us[EOL]
[2026-09-22T08:54:38.570339Z][APM_J.barcodereader][W][2330306][134]CRTCyclicEvent.cpp:TimeMissed():101|Cycle miss in event CCSICombinedRepManager. Time Overrun is 229 us[EOL]
[2026-09-22T08:54:43.793912Z][APM_J.newgen-amplificationplatemagazine][W][2330306][141]CRTCyclicEvent.cpp:TimeMissed():101|Cycle miss in event CCSICombinedCmdManager Cyclic Event. Time Overrun is 952 us[EOL]
[2026-09-22T08:54:43.793945Z][APM_J.newgen-amplificationplatemagazine][W][2330306][141]CRTCyclicEvent.cpp:TimeMissed():101|Cycle miss in event CCSICombinedRepManager. Time Overrun is 952 us[EOL]
[2026-09-22T08:54:43.794305Z][APM_J.barcodereader][W][2330306][134]CRTCyclicEvent.cpp:TimeMissed():101|Cycle miss in event CCSICombinedCmdManager Cyclic Event. Time Overrun is 4224 us[EOL]
[2026-09-22T08:54:43.794348Z][APM_J.barcodereader][W][2330306][134]CRTCyclicEvent.cpp:TimeMissed():101|Cycle miss in event CCSICombinedRepManager. Time Overrun is 4224 us[EOL]
[2026-09-22T08:54:58.677873Z][APM_J.newgen-amplificationplatemagazine][I][2560016][141]IMessageHandler.h:operator()():40|Received RabbitMqMessage Roche.MolLab.InstrumentState.Ping. Content: {"Timestamp":"2026-09-22T08:54:58.6734986Z","PingId":"IS50"}[EOL]
[2026-09-22T08:54:58.677913Z][APM_J.newgen-amplificationplatemagazine][I][844444436][141]UnitCommunicator.cpp:SendEvent():424|Publishing event: type=Roche.c68_8800.AmplificationPlateMagazine.J.Echo correlation_id=(n/a)[EOL]
[2026-09-22T08:54:58.677963Z][APM_J.newgen-amplificationplatemagazine][I][2560017][141]MessageSender.h:SendEvent():105|Sent RabbitMqEvent Roche.c68_8800.AmplificationPlateMagazine.J.Echo. Content: {"Timestamp":"2026-09-22T08:54:58.677907Z","MagazineId":"J","PingId":"IS50"}[EOL]
[2026-09-22T08:55:04.423197Z][APM_J.newgen-amplificationplatemagazine][W][2330306][141]CRTCyclicEvent.cpp:TimeMissed():101|Cycle miss in event CCSICombinedCmdManager Cyclic Event. Time Overrun is 227 us[EOL]
[2026-09-22T08:55:04.423444Z][APM_J.newgen-amplificationplatemagazine][W][2330306][141]CRTCyclicEvent.cpp:TimeMissed():101|Cycle miss in event CCSICombinedRepManager. Time Overrun is 227 us[EOL]
[2026-09-22T08:55:19.751564Z][APM_J.barcodereader][W][2330306][134]CRTCyclicEvent.cpp:TimeMissed():101|Cycle miss in event CCSICombinedCmdManager Cyclic Event. Time Overrun is 1484 us[EOL]
[2026-09-22T08:55:19.764881Z][APM_J.newgen-amplificationplatemagazine][W][2330306][141]CRTCyclicEvent.cpp:TimeMissed():101|Cycle miss in event CCSICombinedCmdManager Cyclic Event. Time Overrun is 1912 us[EOL]
[2026-09-22T08:55:19.751584Z][APM_J.barcodereader][W][2330306][134]CRTCyclicEvent.cpp:TimeMissed():101|Cycle miss in event CCSICombinedRepManager. Time Overrun is 1484 us[EOL]
[2026-09-22T08:55:19.765017Z][APM_J.newgen-amplificationplatemagazine][W][2330306][141]CRTCyclicEvent.cpp:TimeMissed():101|Cycle miss in event CCSICombinedRepManager. Time Overrun is 1912 us[EOL]
[2026-09-22T08:55:27.955895Z][APM_J.newgen-amplificationplatemagazine][W][2330306][141]CRTCyclicEvent.cpp:TimeMissed():101|Cycle miss in event CCSICombinedCmdManager Cyclic Event. Time Overrun is 2932 us[EOL]
[2026-09-22T08:55:27.955938Z][APM_J.newgen-amplificationplatemagazine][W][2330306][141]CRTCyclicEvent.cpp:TimeMissed():101|Cycle miss in event CCSICombinedRepManager. Time Overrun is 2932 us[EOL]
[2026-09-22T08:55:28.686502Z][APM_J.newgen-amplificationplatemagazine][I][2560016][141]IMessageHandler.h:operator()():40|Received RabbitMqMessage Roche.MolLab.InstrumentState.Ping. Content: {"Timestamp":"2026-09-22T08:55:28.6758861Z","PingId":"IS51"}[EOL]
[2026-09-22T08:55:28.686545Z][APM_J.newgen-amplificationplatemagazine][I][844444436][141]UnitCommunicator.cpp:SendEvent():424|Publishing event: type=Roche.c68_8800.AmplificationPlateMagazine.J.Echo correlation_id=(n/a)[EOL]
[2026-09-22T08:55:28.686616Z][APM_J.newgen-amplificationplatemagazine][I][2560017][141]MessageSender.h:SendEvent():105|Sent RabbitMqEvent Roche.c68_8800.AmplificationPlateMagazine.J.Echo. Content: {"Timestamp":"2026-09-22T08:55:28.686538Z","MagazineId":"J","PingId":"IS51"}[EOL]
[2026-09-22T08:55:37.861260Z][APM_J.barcodereader][W][2330306][134]CRTCyclicEvent.cpp:TimeMissed():101|Cycle miss in event CCSICombinedCmdManager Cyclic Event. Time Overrun is 1178 us[EOL]
[2026-09-22T08:55:37.861312Z][APM_J.barcodereader][W][2330306][134]CRTCyclicEvent.cpp:TimeMissed():101|Cycle miss in event CCSICombinedRepManager. Time Overrun is 1178 us[EOL]
[2026-09-22T08:55:37.860209Z][APM_J.newgen-amplificationplatemagazine][W][2330306][141]CRTCyclicEvent.cpp:TimeMissed():101|Cycle miss in event CCSICombinedCmdManager Cyclic Event. Time Overrun is 7249 us[EOL]
[2026-09-22T08:55:37.860240Z][APM_J.newgen-amplificationplatemagazine][W][2330306][141]CRTCyclicEvent.cpp:TimeMissed():101|Cycle miss in event CCSICombinedRepManager. Time Overrun is 7249 us[EOL]
[2026-09-22T08:55:40.723725Z][APM_J.barcodereader][W][2330306][134]CRTCyclicEvent.cpp:TimeMissed():101|Cycle miss in event CCSICombinedCmdManager Cyclic Event. Time Overrun is 3636 us[EOL]
[2026-09-22T08:55:40.723770Z][APM_J.barcodereader][W][2330306][134]CRTCyclicEvent.cpp:TimeMissed():101|Cycle miss in event CCSICombinedRepManager. Time Overrun is 3636 us[EOL]
[2026-09-22T08:55:40.725105Z][APM_J.newgen-amplificationplatemagazine][W][2330306][141]CRTCyclicEvent.cpp:TimeMissed():101|Cycle miss in event CCSICombinedCmdManager Cyclic Event. Time Overrun is 2144 us[EOL]
[2026-09-22T08:55:40.725146Z][APM_J.newgen-amplificationplatemagazine][W][2330306][141]CRTCyclicEvent.cpp:TimeMissed():101|Cycle miss in event CCSICombinedRepManager. Time Overrun is 2144 us[EOL]
[2026-09-22T08:55:46.522010Z][APM_J.newgen-amplificationplatemagazine][W][2330306][141]CRTCyclicEvent.cpp:TimeMissed():101|Cycle miss in event CCSICombinedCmdManager Cyclic Event. Time Overrun is 9052 us[EOL]
[2026-09-22T08:55:46.521586Z][APM_J.barcodereader][W][2330306][134]CRTCyclicEvent.cpp:TimeMissed():101|Cycle miss in event CCSICombinedCmdManager Cyclic Event. Time Overrun is 11506 us[EOL]
[2026-09-22T08:55:46.521606Z][APM_J.barcodereader][W][2330306][134]CRTCyclicEvent.cpp:TimeMissed():101|Cycle miss in event CCSICombinedRepManager. Time Overrun is 11506 us[EOL]
[2026-09-22T08:55:46.522034Z][APM_J.newgen-amplificationplatemagazine][W][2330306][141]CRTCyclicEvent.cpp:TimeMissed():101|Cycle miss in event CCSICombinedRepManager. Time Overrun is 9052 us[EOL]
[2026-09-22T08:55:54.646535Z][APM_J.barcodereader][W][2330306][134]CRTCyclicEvent.cpp:TimeMissed():101|Cycle miss in event CCSICombinedCmdManager Cyclic Event. Time Overrun is 16452 us[EOL]
[2026-09-22T08:55:54.646452Z][APM_J.newgen-amplificationplatemagazine][W][2330306][141]CRTCyclicEvent.cpp:TimeMissed():101|Cycle miss in event CCSICombinedCmdManager Cyclic Event. Time Overrun is 13492 us[EOL]
[2026-09-22T08:55:54.646485Z][APM_J.newgen-amplificationplatemagazine][W][2330306][141]CRTCyclicEvent.cpp:TimeMissed():101|Cycle miss in event CCSICombinedRepManager. Time Overrun is 13492 us[EOL]
[2026-09-22T08:55:54.646564Z][APM_J.barcodereader][W][2330306][134]CRTCyclicEvent.cpp:TimeMissed():101|Cycle miss in event CCSICombinedRepManager. Time Overrun is 16452 us[EOL]
[2026-09-22T08:55:57.870141Z][APM_J.newgen-amplificationplatemagazine][W][2330306][141]CRTCyclicEvent.cpp:TimeMissed():101|Cycle miss in event CCSICombinedCmdManager Cyclic Event. Time Overrun is 7161 us[EOL]
[2026-09-22T08:55:57.870195Z][APM_J.newgen-amplificationplatemagazine][W][2330306][141]CRTCyclicEvent.cpp:TimeMissed():101|Cycle miss in event CCSICombinedRepManager. Time Overrun is 7161 us[EOL]
[2026-09-22T08:55:58.682257Z][APM_J.newgen-amplificationplatemagazine][I][2560016][141]IMessageHandler.h:operator()():40|Received RabbitMqMessage Roche.MolLab.InstrumentState.Ping. Content: {"Timestamp":"2026-09-22T08:55:58.6739365Z","PingId":"IS52"}[EOL]
[2026-09-22T08:55:58.682297Z][APM_J.newgen-amplificationplatemagazine][I][844444436][141]UnitCommunicator.cpp:SendEvent():424|Publishing event: type=Roche.c68_8800.AmplificationPlateMagazine.J.Echo correlation_id=(n/a)[EOL]
[2026-09-22T08:55:58.682349Z][APM_J.newgen-amplificationplatemagazine][I][2560017][141]MessageSender.h:SendEvent():105|Sent RabbitMqEvent Roche.c68_8800.AmplificationPlateMagazine.J.Echo. Content: {"Timestamp":"2026-09-22T08:55:58.682291Z","MagazineId":"J","PingId":"IS52"}[EOL]
[2026-09-22T08:56:09.470782Z][APM_J.barcodereader][W][2330306][134]CRTCyclicEvent.cpp:TimeMissed():101|Cycle miss in event CCSICombinedCmdManager Cyclic Event. Time Overrun is 700 us[EOL]
[2026-09-22T08:56:09.470816Z][APM_J.barcodereader][W][2330306][134]CRTCyclicEvent.cpp:TimeMissed():101|Cycle miss in event CCSICombinedRepManager. Time Overrun is 700 us[EOL]
[2026-09-22T08:56:12.906863Z][APM_J.barcodereader][W][2330306][134]CRTCyclicEvent.cpp:TimeMissed():101|Cycle miss in event CCSICombinedCmdManager Cyclic Event. Time Overrun is 6782 us[EOL]
[2026-09-22T08:56:12.906884Z][APM_J.barcodereader][W][2330306][134]CRTCyclicEvent.cpp:TimeMissed():101|Cycle miss in event CCSICombinedRepManager. Time Overrun is 6782 us[EOL]
[2026-09-22T08:56:12.909750Z][APM_J.newgen-amplificationplatemagazine][W][2330306][141]CRTCyclicEvent.cpp:TimeMissed():101|Cycle miss in event CCSICombinedCmdManager Cyclic Event. Time Overrun is 6789 us[EOL]
[2026-09-22T08:56:12.909783Z][APM_J.newgen-amplificationplatemagazine][W][2330306][141]CRTCyclicEvent.cpp:TimeMissed():101|Cycle miss in event CCSICombinedRepManager. Time Overrun is 6789 us[EOL]
[2026-09-22T08:56:24.491211Z][APM_J.barcodereader][W][2330306][134]CRTCyclicEvent.cpp:TimeMissed():101|Cycle miss in event CCSICombinedCmdManager Cyclic Event. Time Overrun is 1128 us[EOL]
[2026-09-22T08:56:24.491243Z][APM_J.barcodereader][W][2330306][134]CRTCyclicEvent.cpp:TimeMissed():101|Cycle miss in event CCSICombinedRepManager. Time Overrun is 1128 us[EOL]
[2026-09-22T08:56:25.095825Z][APM_J.barcodereader][W][2330306][134]CRTCyclicEvent.cpp:TimeMissed():101|Cycle miss in event CCSICombinedCmdManager Cyclic Event. Time Overrun is 15745 us[EOL]
[2026-09-22T08:56:25.094798Z][APM_J.newgen-amplificationplatemagazine][W][2330306][141]CRTCyclicEvent.cpp:TimeMissed():101|Cycle miss in event CCSICombinedCmdManager Cyclic Event. Time Overrun is 11837 us[EOL]
[2026-09-22T08:56:25.094830Z][APM_J.newgen-amplificationplatemagazine][W][2330306][141]CRTCyclicEvent.cpp:TimeMissed():101|Cycle miss in event CCSICombinedRepManager. Time Overrun is 11837 us[EOL]
[2026-09-22T08:56:25.095844Z][APM_J.barcodereader][W][2330306][134]CRTCyclicEvent.cpp:TimeMissed():101|Cycle miss in event CCSICombinedRepManager. Time Overrun is 15745 us[EOL]
[2026-09-22T08:56:28.057933Z][APM_J.newgen-amplificationplatemagazine][W][2330306][141]CRTCyclicEvent.cpp:TimeMissed():101|Cycle miss in event CCSICombinedCmdManager Cyclic Event. Time Overrun is 4967 us[EOL]
[2026-09-22T08:56:28.057978Z][APM_J.newgen-amplificationplatemagazine][W][2330306][141]CRTCyclicEvent.cpp:TimeMissed():101|Cycle miss in event CCSICombinedRepManager. Time Overrun is 4967 us[EOL]
[2026-09-22T08:56:28.689775Z][APM_J.newgen-amplificationplatemagazine][I][2560016][141]IMessageHandler.h:operator()():40|Received RabbitMqMessage Roche.MolLab.InstrumentState.Ping. Content: {"Timestamp":"2026-09-22T08:56:28.6731202Z","PingId":"IS53"}[EOL]
[2026-09-22T08:56:28.689820Z][APM_J.newgen-amplificationplatemagazine][I][844444436][141]UnitCommunicator.cpp:SendEvent():424|Publishing event: type=Roche.c68_8800.AmplificationPlateMagazine.J.Echo correlation_id=(n/a)[EOL]
[2026-09-22T08:56:28.689843Z][APM_J.newgen-amplificationplatemagazine][I][2560017][141]MessageSender.h:SendEvent():105|Sent RabbitMqEvent Roche.c68_8800.AmplificationPlateMagazine.J.Echo. Content: {"Timestamp":"2026-09-22T08:56:28.689814Z","MagazineId":"J","PingId":"IS53"}[EOL]
[2026-09-22T08:56:32.653801Z][APM_J.barcodereader][W][2330306][134]CRTCyclicEvent.cpp:TimeMissed():101|Cycle miss in event CCSICombinedCmdManager Cyclic Event. Time Overrun is 3719 us[EOL]
[2026-09-22T08:56:32.654276Z][APM_J.newgen-amplificationplatemagazine][W][2330306][141]CRTCyclicEvent.cpp:TimeMissed():101|Cycle miss in event CCSICombinedCmdManager Cyclic Event. Time Overrun is 1316 us[EOL]
[2026-09-22T08:56:32.653832Z][APM_J.barcodereader][W][2330306][134]CRTCyclicEvent.cpp:TimeMissed():101|Cycle miss in event CCSICombinedRepManager. Time Overrun is 3719 us[EOL]
[2026-09-22T08:56:32.654306Z][APM_J.newgen-amplificationplatemagazine][W][2330306][141]CRTCyclicEvent.cpp:TimeMissed():101|Cycle miss in event CCSICombinedRepManager. Time Overrun is 1316 us[EOL]
[2026-09-22T08:56:32.830995Z][APM_J.newgen-amplificationplatemagazine][W][2330306][141]CRTCyclicEvent.cpp:TimeMissed():101|Cycle miss in event CCSICombinedCmdManager Cyclic Event. Time Overrun is 17990 us[EOL]
[2026-09-22T08:56:32.831059Z][APM_J.newgen-amplificationplatemagazine][W][2330306][141]CRTCyclicEvent.cpp:TimeMissed():101|Cycle miss in event CCSICombinedRepManager. Time Overrun is 17990 us[EOL]
[2026-09-22T08:56:32.831681Z][APM_J.barcodereader][W][2330306][134]CRTCyclicEvent.cpp:TimeMissed():101|Cycle miss in event CCSICombinedCmdManager Cyclic Event. Time Overrun is 11600 us[EOL]
[2026-09-22T08:56:32.831708Z][APM_J.barcodereader][W][2330306][134]CRTCyclicEvent.cpp:TimeMissed():101|Cycle miss in event CCSICombinedRepManager. Time Overrun is 11600 us[EOL]
[2026-09-22T08:56:40.850860Z][APM_J.barcodereader][W][2330306][134]CRTCyclicEvent.cpp:TimeMissed():101|Cycle miss in event CCSICombinedCmdManager Cyclic Event. Time Overrun is 777 us[EOL]
[2026-09-22T08:56:40.850892Z][APM_J.barcodereader][W][2330306][134]CRTCyclicEvent.cpp:TimeMissed():101|Cycle miss in event CCSICombinedRepManager. Time Overrun is 777 us[EOL]
[2026-09-22T08:56:40.863458Z][APM_J.newgen-amplificationplatemagazine][W][2330306][141]CRTCyclicEvent.cpp:TimeMissed():101|Cycle miss in event CCSICombinedCmdManager Cyclic Event. Time Overrun is 493 us[EOL]
[2026-09-22T08:56:40.863500Z][APM_J.newgen-amplificationplatemagazine][W][2330306][141]CRTCyclicEvent.cpp:TimeMissed():101|Cycle miss in event CCSICombinedRepManager. Time Overrun is 493 us[EOL]
[2026-09-22T08:56:46.625721Z][APM_J.barcodereader][W][2330306][134]CRTCyclicEvent.cpp:TimeMissed():101|Cycle miss in event CCSICombinedCmdManager Cyclic Event. Time Overrun is 5638 us[EOL]
[2026-09-22T08:56:46.653514Z][APM_J.newgen-amplificationplatemagazine][W][2330306][141]CRTCyclicEvent.cpp:TimeMissed():101|Cycle miss in event CCSICombinedCmdManager Cyclic Event. Time Overrun is 30553 us[EOL]
[2026-09-22T08:56:46.625764Z][APM_J.barcodereader][W][2330306][134]CRTCyclicEvent.cpp:TimeMissed():101|Cycle miss in event CCSICombinedRepManager. Time Overrun is 5638 us[EOL]
[2026-09-22T08:56:46.653553Z][APM_J.newgen-amplificationplatemagazine][W][2330306][141]CRTCyclicEvent.cpp:TimeMissed():101|Cycle miss in event CCSICombinedRepManager. Time Overrun is 30553 us[EOL]
[2026-09-22T08:56:48.048606Z][APM_J.newgen-amplificationplatemagazine][W][2330306][141]CRTCyclicEvent.cpp:TimeMissed():101|Cycle miss in event CCSICombinedCmdManager Cyclic Event. Time Overrun is 5645 us[EOL]
[2026-09-22T08:56:48.048641Z][APM_J.newgen-amplificationplatemagazine][W][2330306][141]CRTCyclicEvent.cpp:TimeMissed():101|Cycle miss in event CCSICombinedRepManager. Time Overrun is 5645 us[EOL]
[2026-09-22T08:56:48.323744Z][APM_J.newgen-amplificationplatemagazine][W][2330306][141]CRTCyclicEvent.cpp:TimeMissed():101|Cycle miss in event CCSICombinedCmdManager Cyclic Event. Time Overrun is 10781 us[EOL]
[2026-09-22T08:56:48.328282Z][APM_J.barcodereader][W][2330306][134]CRTCyclicEvent.cpp:TimeMissed():101|Cycle miss in event CCSICombinedCmdManager Cyclic Event. Time Overrun is 8198 us[EOL]
[2026-09-22T08:56:48.323786Z][APM_J.newgen-amplificationplatemagazine][W][2330306][141]CRTCyclicEvent.cpp:TimeMissed():101|Cycle miss in event CCSICombinedRepManager. Time Overrun is 10781 us[EOL]
[2026-09-22T08:56:48.328312Z][APM_J.barcodereader][W][2330306][134]CRTCyclicEvent.cpp:TimeMissed():101|Cycle miss in event CCSICombinedRepManager. Time Overrun is 8198 us[EOL]
[2026-09-22T08:56:54.364980Z][APM_J.newgen-amplificationplatemagazine][W][2330306][141]CRTCyclicEvent.cpp:TimeMissed():101|Cycle miss in event CCSICombinedCmdManager Cyclic Event. Time Overrun is 22019 us[EOL]
[2026-09-22T08:56:54.365009Z][APM_J.newgen-amplificationplatemagazine][W][2330306][141]CRTCyclicEvent.cpp:TimeMissed():101|Cycle miss in event CCSICombinedRepManager. Time Overrun is 22019 us[EOL]
[2026-09-22T08:56:54.368121Z][APM_J.barcodereader][W][2330306][134]CRTCyclicEvent.cpp:TimeMissed():101|Cycle miss in event CCSICombinedCmdManager Cyclic Event. Time Overrun is 18041 us[EOL]
[2026-09-22T08:56:54.368140Z][APM_J.barcodereader][W][2330306][134]CRTCyclicEvent.cpp:TimeMissed():101|Cycle miss in event CCSICombinedRepManager. Time Overrun is 18041 us[EOL]
[2026-09-22T08:56:54.622304Z][APM_J.newgen-amplificationplatemagazine][W][2330306][141]CRTCyclicEvent.cpp:TimeMissed():101|Cycle miss in event CCSICombinedCmdManager Cyclic Event. Time Overrun is 9344 us[EOL]
[2026-09-22T08:56:54.622196Z][APM_J.barcodereader][W][2330306][134]CRTCyclicEvent.cpp:TimeMissed():101|Cycle miss in event CCSICombinedCmdManager Cyclic Event. Time Overrun is 12116 us[EOL]
[2026-09-22T08:56:54.622215Z][APM_J.barcodereader][W][2330306][134]CRTCyclicEvent.cpp:TimeMissed():101|Cycle miss in event CCSICombinedRepManager. Time Overrun is 12116 us[EOL]
[2026-09-22T08:56:54.622328Z][APM_J.newgen-amplificationplatemagazine][W][2330306][141]CRTCyclicEvent.cpp:TimeMissed():101|Cycle miss in event CCSICombinedRepManager. Time Overrun is 9344 us[EOL]
[2026-09-22T08:56:58.686791Z][APM_J.newgen-amplificationplatemagazine][I][2560016][141]IMessageHandler.h:operator()():40|Received RabbitMqMessage Roche.MolLab.InstrumentState.Ping. Content: {"Timestamp":"2026-09-22T08:56:58.6752332Z","PingId":"IS54"}[EOL]
[2026-09-22T08:56:58.686828Z][APM_J.newgen-amplificationplatemagazine][I][844444436][141]UnitCommunicator.cpp:SendEvent():424|Publishing event: type=Roche.c68_8800.AmplificationPlateMagazine.J.Echo correlation_id=(n/a)[EOL]
[2026-09-22T08:56:58.686854Z][APM_J.newgen-amplificationplatemagazine][I][2560017][141]MessageSender.h:SendEvent():105|Sent RabbitMqEvent Roche.c68_8800.AmplificationPlateMagazine.J.Echo. Content: {"Timestamp":"2026-09-22T08:56:58.686823Z","MagazineId":"J","PingId":"IS54"}[EOL]
[2026-09-22T08:57:08.325064Z][APM_J.barcodereader][W][2330306][134]CRTCyclicEvent.cpp:TimeMissed():101|Cycle miss in event CCSICombinedCmdManager Cyclic Event. Time Overrun is 4981 us[EOL]
[2026-09-22T08:57:08.325092Z][APM_J.barcodereader][W][2330306][134]CRTCyclicEvent.cpp:TimeMissed():101|Cycle miss in event CCSICombinedRepManager. Time Overrun is 4981 us[EOL]
[2026-09-22T08:57:08.325144Z][APM_J.newgen-amplificationplatemagazine][W][2330306][141]CRTCyclicEvent.cpp:TimeMissed():101|Cycle miss in event CCSICombinedCmdManager Cyclic Event. Time Overrun is 2185 us[EOL]
[2026-09-22T08:57:08.325168Z][APM_J.newgen-amplificationplatemagazine][W][2330306][141]CRTCyclicEvent.cpp:TimeMissed():101|Cycle miss in event CCSICombinedRepManager. Time Overrun is 2185 us[EOL]
[2026-09-22T08:57:15.958893Z][APM_J.barcodereader][W][2330306][134]CRTCyclicEvent.cpp:TimeMissed():101|Cycle miss in event CCSICombinedCmdManager Cyclic Event. Time Overrun is 8812 us[EOL]
[2026-09-22T08:57:15.958913Z][APM_J.barcodereader][W][2330306][134]CRTCyclicEvent.cpp:TimeMissed():101|Cycle miss in event CCSICombinedRepManager. Time Overrun is 8812 us[EOL]
[2026-09-22T08:57:25.968605Z][APM_J.barcodereader][W][2330306][134]CRTCyclicEvent.cpp:TimeMissed():101|Cycle miss in event CCSICombinedCmdManager Cyclic Event. Time Overrun is 8522 us[EOL]
[2026-09-22T08:57:25.968658Z][APM_J.barcodereader][W][2330306][134]CRTCyclicEvent.cpp:TimeMissed():101|Cycle miss in event CCSICombinedRepManager. Time Overrun is 8522 us[EOL]
[2026-09-22T08:57:28.680874Z][APM_J.newgen-amplificationplatemagazine][I][2560016][141]IMessageHandler.h:operator()():40|Received RabbitMqMessage Roche.MolLab.InstrumentState.Ping. Content: {"Timestamp":"2026-09-22T08:57:28.6741282Z","PingId":"IS55"}[EOL]
[2026-09-22T08:57:28.681345Z][APM_J.newgen-amplificationplatemagazine][I][844444436][141]UnitCommunicator.cpp:SendEvent():424|Publishing event: type=Roche.c68_8800.AmplificationPlateMagazine.J.Echo correlation_id=(n/a)[EOL]
[2026-09-22T08:57:28.681399Z][APM_J.newgen-amplificationplatemagazine][I][2560017][141]MessageSender.h:SendEvent():105|Sent RabbitMqEvent Roche.c68_8800.AmplificationPlateMagazine.J.Echo. Content: {"Timestamp":"2026-09-22T08:57:28.681329Z","MagazineId":"J","PingId":"IS55"}[EOL]
[2026-09-22T08:57:30.568153Z][APM_J.newgen-amplificationplatemagazine][W][2330306][141]CRTCyclicEvent.cpp:TimeMissed():101|Cycle miss in event CCSICombinedCmdManager Cyclic Event. Time Overrun is 5172 us[EOL]
[2026-09-22T08:57:30.568187Z][APM_J.newgen-amplificationplatemagazine][W][2330306][141]CRTCyclicEvent.cpp:TimeMissed():101|Cycle miss in event CCSICombinedRepManager. Time Overrun is 5172 us[EOL]
[2026-09-22T08:57:37.344517Z][APM_J.barcodereader][W][2330306][134]CRTCyclicEvent.cpp:TimeMissed():101|Cycle miss in event CCSICombinedCmdManager Cyclic Event. Time Overrun is 4435 us[EOL]
[2026-09-22T08:57:37.344546Z][APM_J.barcodereader][W][2330306][134]CRTCyclicEvent.cpp:TimeMissed():101|Cycle miss in event CCSICombinedRepManager. Time Overrun is 4435 us[EOL]
[2026-09-22T08:57:37.369475Z][APM_J.newgen-amplificationplatemagazine][W][2330306][141]CRTCyclicEvent.cpp:TimeMissed():101|Cycle miss in event CCSICombinedCmdManager Cyclic Event. Time Overrun is 6513 us[EOL]
[2026-09-22T08:57:37.369522Z][APM_J.newgen-amplificationplatemagazine][W][2330306][141]CRTCyclicEvent.cpp:TimeMissed():101|Cycle miss in event CCSICombinedRepManager. Time Overrun is 6513 us[EOL]
[2026-09-22T08:57:37.882548Z][APM_J.barcodereader][W][2330306][134]CRTCyclicEvent.cpp:TimeMissed():101|Cycle miss in event CCSICombinedCmdManager Cyclic Event. Time Overrun is 2458 us[EOL]
[2026-09-22T08:57:37.930616Z][APM_J.newgen-amplificationplatemagazine][W][2330306][141]CRTCyclicEvent.cpp:TimeMissed():101|Cycle miss in event CCSICombinedCmdManager Cyclic Event. Time Overrun is 27652 us[EOL]
[2026-09-22T08:57:37.882780Z][APM_J.barcodereader][W][2330306][134]CRTCyclicEvent.cpp:TimeMissed():101|Cycle miss in event CCSICombinedRepManager. Time Overrun is 2458 us[EOL]
[2026-09-22T08:57:37.930798Z][APM_J.newgen-amplificationplatemagazine][W][2330306][141]CRTCyclicEvent.cpp:TimeMissed():101|Cycle miss in event CCSICombinedRepManager. Time Overrun is 27652 us[EOL]
[2026-09-22T08:57:38.999240Z][APM_J.newgen-amplificationplatemagazine][W][2330306][141]CRTCyclicEvent.cpp:TimeMissed():101|Cycle miss in event CCSICombinedCmdManager Cyclic Event. Time Overrun is 6263 us[EOL]
[2026-09-22T08:57:38.999305Z][APM_J.newgen-amplificationplatemagazine][W][2330306][141]CRTCyclicEvent.cpp:TimeMissed():101|Cycle miss in event CCSICombinedRepManager. Time Overrun is 6263 us[EOL]
[2026-09-22T08:57:38.996430Z][APM_J.barcodereader][W][2330306][134]CRTCyclicEvent.cpp:TimeMissed():101|Cycle miss in event CCSICombinedCmdManager Cyclic Event. Time Overrun is 6346 us[EOL]
[2026-09-22T08:57:38.996633Z][APM_J.barcodereader][W][2330306][134]CRTCyclicEvent.cpp:TimeMissed():101|Cycle miss in event CCSICombinedRepManager. Time Overrun is 6346 us[EOL]
[2026-09-22T08:57:39.181054Z][APM_J.barcodereader][W][2330306][134]CRTCyclicEvent.cpp:TimeMissed():101|Cycle miss in event CCSICombinedCmdManager Cyclic Event. Time Overrun is 969 us[EOL]
[2026-09-22T08:57:39.181354Z][APM_J.barcodereader][W][2330306][134]CRTCyclicEvent.cpp:TimeMissed():101|Cycle miss in event CCSICombinedRepManager. Time Overrun is 969 us[EOL]
[2026-09-22T08:57:39.680093Z][APM_J.barcodereader][W][2330306][134]CRTCyclicEvent.cpp:TimeMissed():101|Cycle miss in event CCSICombinedCmdManager Cyclic Event. Time Overrun is 6 us[EOL]
[2026-09-22T08:57:39.680147Z][APM_J.barcodereader][W][2330306][134]CRTCyclicEvent.cpp:TimeMissed():101|Cycle miss in event CCSICombinedRepManager. Time Overrun is 6 us[EOL]
[2026-09-22T08:57:39.683056Z][APM_J.newgen-amplificationplatemagazine][W][2330306][141]CRTCyclicEvent.cpp:TimeMissed():101|Cycle miss in event CCSICombinedCmdManager Cyclic Event. Time Overrun is 10092 us[EOL]
[2026-09-22T08:57:39.683097Z][APM_J.newgen-amplificationplatemagazine][W][2330306][141]CRTCyclicEvent.cpp:TimeMissed():101|Cycle miss in event CCSICombinedRepManager. Time Overrun is 10092 us[EOL]
[2026-09-22T08:57:39.801400Z][APM_J.barcodereader][W][2330306][134]CRTCyclicEvent.cpp:TimeMissed():101|Cycle miss in event CCSICombinedCmdManager Cyclic Event. Time Overrun is 1307 us[EOL]
[2026-09-22T08:57:39.801464Z][APM_J.barcodereader][W][2330306][134]CRTCyclicEvent.cpp:TimeMissed():101|Cycle miss in event CCSICombinedRepManager. Time Overrun is 1307 us[EOL]
[2026-09-22T08:57:41.355811Z][APM_J.newgen-amplificationplatemagazine][W][2330306][141]CRTCyclicEvent.cpp:TimeMissed():101|Cycle miss in event CCSICombinedCmdManager Cyclic Event. Time Overrun is 2849 us[EOL]
[2026-09-22T08:57:41.355851Z][APM_J.newgen-amplificationplatemagazine][W][2330306][141]CRTCyclicEvent.cpp:TimeMissed():101|Cycle miss in event CCSICombinedRepManager. Time Overrun is 2849 us[EOL]
[2026-09-22T08:57:58.505860Z][APM_J.newgen-amplificationplatemagazine][W][2330306][141]CRTCyclicEvent.cpp:TimeMissed():101|Cycle miss in event CCSICombinedCmdManager Cyclic Event. Time Overrun is 12900 us[EOL]
[2026-09-22T08:57:58.505892Z][APM_J.newgen-amplificationplatemagazine][W][2330306][141]CRTCyclicEvent.cpp:TimeMissed():101|Cycle miss in event CCSICombinedRepManager. Time Overrun is 12900 us[EOL]
[2026-09-22T08:57:58.687761Z][APM_J.newgen-amplificationplatemagazine][I][2560016][141]IMessageHandler.h:operator()():40|Received RabbitMqMessage Roche.MolLab.InstrumentState.Ping. Content: {"Timestamp":"2026-09-22T08:57:58.6733836Z","PingId":"IS56"}[EOL]
[2026-09-22T08:57:58.687811Z][APM_J.newgen-amplificationplatemagazine][I][844444436][141]UnitCommunicator.cpp:SendEvent():424|Publishing event: type=Roche.c68_8800.AmplificationPlateMagazine.J.Echo correlation_id=(n/a)[EOL]
[2026-09-22T08:57:58.687860Z][APM_J.newgen-amplificationplatemagazine][I][2560017][141]MessageSender.h:SendEvent():105|Sent RabbitMqEvent Roche.c68_8800.AmplificationPlateMagazine.J.Echo. Content: {"Timestamp":"2026-09-22T08:57:58.687803Z","MagazineId":"J","PingId":"IS56"}[EOL]
[2026-09-22T08:58:02.536742Z][APM_J.newgen-amplificationplatemagazine][W][2330306][141]CRTCyclicEvent.cpp:TimeMissed():101|Cycle miss in event CCSICombinedCmdManager Cyclic Event. Time Overrun is 3782 us[EOL]
[2026-09-22T08:58:02.536773Z][APM_J.newgen-amplificationplatemagazine][W][2330306][141]CRTCyclicEvent.cpp:TimeMissed():101|Cycle miss in event CCSICombinedRepManager. Time Overrun is 3782 us[EOL]
[2026-09-22T08:58:04.664989Z][APM_J.newgen-amplificationplatemagazine][W][2330306][141]CRTCyclicEvent.cpp:TimeMissed():101|Cycle miss in event CCSICombinedCmdManager Cyclic Event. Time Overrun is 2027 us[EOL]
[2026-09-22T08:58:04.664477Z][APM_J.barcodereader][W][2330306][134]CRTCyclicEvent.cpp:TimeMissed():101|Cycle miss in event CCSICombinedCmdManager Cyclic Event. Time Overrun is 4394 us[EOL]
[2026-09-22T08:58:04.665021Z][APM_J.newgen-amplificationplatemagazine][W][2330306][141]CRTCyclicEvent.cpp:TimeMissed():101|Cycle miss in event CCSICombinedRepManager. Time Overrun is 2027 us[EOL]
[2026-09-22T08:58:04.664531Z][APM_J.barcodereader][W][2330306][134]CRTCyclicEvent.cpp:TimeMissed():101|Cycle miss in event CCSICombinedRepManager. Time Overrun is 4394 us[EOL]
[2026-09-22T08:58:11.323812Z][APM_J.newgen-amplificationplatemagazine][W][2330306][141]CRTCyclicEvent.cpp:TimeMissed():101|Cycle miss in event CCSICombinedCmdManager Cyclic Event. Time Overrun is 10849 us[EOL]
[2026-09-22T08:58:11.323517Z][APM_J.barcodereader][W][2330306][134]CRTCyclicEvent.cpp:TimeMissed():101|Cycle miss in event CCSICombinedCmdManager Cyclic Event. Time Overrun is 13430 us[EOL]
[2026-09-22T08:58:11.323851Z][APM_J.newgen-amplificationplatemagazine][W][2330306][141]CRTCyclicEvent.cpp:TimeMissed():101|Cycle miss in event CCSICombinedRepManager. Time Overrun is 10849 us[EOL]
[2026-09-22T08:58:11.323556Z][APM_J.barcodereader][W][2330306][134]CRTCyclicEvent.cpp:TimeMissed():101|Cycle miss in event CCSICombinedRepManager. Time Overrun is 13430 us[EOL]
[2026-09-22T08:58:19.466047Z][APM_J.newgen-amplificationplatemagazine][W][2330306][141]CRTCyclicEvent.cpp:TimeMissed():101|Cycle miss in event CCSICombinedCmdManager Cyclic Event. Time Overrun is 3086 us[EOL]
[2026-09-22T08:58:19.466081Z][APM_J.newgen-amplificationplatemagazine][W][2330306][141]CRTCyclicEvent.cpp:TimeMissed():101|Cycle miss in event CCSICombinedRepManager. Time Overrun is 3086 us[EOL]
[2026-09-22T08:58:24.292099Z][APM_J.barcodereader][W][2330306][134]CRTCyclicEvent.cpp:TimeMissed():101|Cycle miss in event CCSICombinedCmdManager Cyclic Event. Time Overrun is 2018 us[EOL]
[2026-09-22T08:58:24.294181Z][APM_J.newgen-amplificationplatemagazine][W][2330306][141]CRTCyclicEvent.cpp:TimeMissed():101|Cycle miss in event CCSICombinedCmdManager Cyclic Event. Time Overrun is 1223 us[EOL]
[2026-09-22T08:58:24.294200Z][APM_J.newgen-amplificationplatemagazine][W][2330306][141]CRTCyclicEvent.cpp:TimeMissed():101|Cycle miss in event CCSICombinedRepManager. Time Overrun is 1223 us[EOL]
[2026-09-22T08:58:24.292118Z][APM_J.barcodereader][W][2330306][134]CRTCyclicEvent.cpp:TimeMissed():101|Cycle miss in event CCSICombinedRepManager. Time Overrun is 2018 us[EOL]
[2026-09-22T08:58:24.420578Z][APM_J.barcodereader][W][2330306][134]CRTCyclicEvent.cpp:TimeMissed():101|Cycle miss in event CCSICombinedCmdManager Cyclic Event. Time Overrun is 489 us[EOL]
[2026-09-22T08:58:24.420608Z][APM_J.barcodereader][W][2330306][134]CRTCyclicEvent.cpp:TimeMissed():101|Cycle miss in event CCSICombinedRepManager. Time Overrun is 489 us[EOL]
[2026-09-22T08:58:24.769122Z][APM_J.newgen-amplificationplatemagazine][W][2330306][141]CRTCyclicEvent.cpp:TimeMissed():101|Cycle miss in event CCSICombinedCmdManager Cyclic Event. Time Overrun is 16162 us[EOL]
[2026-09-22T08:58:24.769153Z][APM_J.newgen-amplificationplatemagazine][W][2330306][141]CRTCyclicEvent.cpp:TimeMissed():101|Cycle miss in event CCSICombinedRepManager. Time Overrun is 16162 us[EOL]
[2026-09-22T08:58:24.769908Z][APM_J.barcodereader][W][2330306][134]CRTCyclicEvent.cpp:TimeMissed():101|Cycle miss in event CCSICombinedCmdManager Cyclic Event. Time Overrun is 9828 us[EOL]
[2026-09-22T08:58:24.769926Z][APM_J.barcodereader][W][2330306][134]CRTCyclicEvent.cpp:TimeMissed():101|Cycle miss in event CCSICombinedRepManager. Time Overrun is 9828 us[EOL]
[2026-09-22T08:58:28.678692Z][APM_J.newgen-amplificationplatemagazine][I][2560016][141]IMessageHandler.h:operator()():40|Received RabbitMqMessage Roche.MolLab.InstrumentState.Ping. Content: {"Timestamp":"2026-09-22T08:58:28.6745984Z","PingId":"IS57"}[EOL]
[2026-09-22T08:58:28.678736Z][APM_J.newgen-amplificationplatemagazine][I][844444436][141]UnitCommunicator.cpp:SendEvent():424|Publishing event: type=Roche.c68_8800.AmplificationPlateMagazine.J.Echo correlation_id=(n/a)[EOL]
[2026-09-22T08:58:28.678783Z][APM_J.newgen-amplificationplatemagazine][I][2560017][141]MessageSender.h:SendEvent():105|Sent RabbitMqEvent Roche.c68_8800.AmplificationPlateMagazine.J.Echo. Content: {"Timestamp":"2026-09-22T08:58:28.678730Z","MagazineId":"J","PingId":"IS57"}[EOL]
[2026-09-22T08:58:28.777818Z][APM_J.barcodereader][W][2330306][134]CRTCyclicEvent.cpp:TimeMissed():101|Cycle miss in event CCSICombinedCmdManager Cyclic Event. Time Overrun is 7736 us[EOL]
[2026-09-22T08:58:28.777852Z][APM_J.barcodereader][W][2330306][134]CRTCyclicEvent.cpp:TimeMissed():101|Cycle miss in event CCSICombinedRepManager. Time Overrun is 7736 us[EOL]
[2026-09-22T08:58:28.778018Z][APM_J.newgen-amplificationplatemagazine][W][2330306][141]CRTCyclicEvent.cpp:TimeMissed():101|Cycle miss in event CCSICombinedCmdManager Cyclic Event. Time Overrun is 5053 us[EOL]
[2026-09-22T08:58:28.778064Z][APM_J.newgen-amplificationplatemagazine][W][2330306][141]CRTCyclicEvent.cpp:TimeMissed():101|Cycle miss in event CCSICombinedRepManager. Time Overrun is 5053 us[EOL]
[2026-09-22T08:58:29.573995Z][APM_J.newgen-amplificationplatemagazine][W][2330306][141]CRTCyclicEvent.cpp:TimeMissed():101|Cycle miss in event CCSICombinedCmdManager Cyclic Event. Time Overrun is 1034 us[EOL]
[2026-09-22T08:58:29.574276Z][APM_J.barcodereader][W][2330306][134]CRTCyclicEvent.cpp:TimeMissed():101|Cycle miss in event CCSICombinedCmdManager Cyclic Event. Time Overrun is 4191 us[EOL]
[2026-09-22T08:58:29.574326Z][APM_J.barcodereader][W][2330306][134]CRTCyclicEvent.cpp:TimeMissed():101|Cycle miss in event CCSICombinedRepManager. Time Overrun is 4191 us[EOL]
[2026-09-22T08:58:29.574031Z][APM_J.newgen-amplificationplatemagazine][W][2330306][141]CRTCyclicEvent.cpp:TimeMissed():101|Cycle miss in event CCSICombinedRepManager. Time Overrun is 1034 us[EOL]
[2026-09-22T08:58:37.060084Z][APM_J.barcodereader][W][2330306][134]CRTCyclicEvent.cpp:TimeMissed():101|Cycle miss in event CCSICombinedCmdManager Cyclic Event. Time Overrun is 5 us[EOL]
[2026-09-22T08:58:37.060104Z][APM_J.barcodereader][W][2330306][134]CRTCyclicEvent.cpp:TimeMissed():101|Cycle miss in event CCSICombinedRepManager. Time Overrun is 5 us[EOL]
[2026-09-22T08:58:37.059032Z][APM_J.newgen-amplificationplatemagazine][W][2330306][141]CRTCyclicEvent.cpp:TimeMissed():101|Cycle miss in event CCSICombinedCmdManager Cyclic Event. Time Overrun is 6045 us[EOL]
[2026-09-22T08:58:37.059084Z][APM_J.newgen-amplificationplatemagazine][W][2330306][141]CRTCyclicEvent.cpp:TimeMissed():101|Cycle miss in event CCSICombinedRepManager. Time Overrun is 6045 us[EOL]
[2026-09-22T08:58:39.901335Z][APM_J.barcodereader][W][2330306][134]CRTCyclicEvent.cpp:TimeMissed():101|Cycle miss in event CCSICombinedCmdManager Cyclic Event. Time Overrun is 1250 us[EOL]
[2026-09-22T08:58:39.901376Z][APM_J.barcodereader][W][2330306][134]CRTCyclicEvent.cpp:TimeMissed():101|Cycle miss in event CCSICombinedRepManager. Time Overrun is 1250 us[EOL]
[2026-09-22T08:58:41.441814Z][APM_J.newgen-amplificationplatemagazine][W][2330306][141]CRTCyclicEvent.cpp:TimeMissed():101|Cycle miss in event CCSICombinedCmdManager Cyclic Event. Time Overrun is 8850 us[EOL]
[2026-09-22T08:58:41.441853Z][APM_J.newgen-amplificationplatemagazine][W][2330306][141]CRTCyclicEvent.cpp:TimeMissed():101|Cycle miss in event CCSICombinedRepManager. Time Overrun is 8850 us[EOL]
[2026-09-22T08:58:41.439967Z][APM_J.barcodereader][W][2330306][134]CRTCyclicEvent.cpp:TimeMissed():101|Cycle miss in event CCSICombinedCmdManager Cyclic Event. Time Overrun is 9885 us[EOL]
[2026-09-22T08:58:41.439997Z][APM_J.barcodereader][W][2330306][134]CRTCyclicEvent.cpp:TimeMissed():101|Cycle miss in event CCSICombinedRepManager. Time Overrun is 9885 us[EOL]
[2026-09-22T08:58:54.370179Z][APM_J.barcodereader][W][2330306][134]CRTCyclicEvent.cpp:TimeMissed():101|Cycle miss in event CCSICombinedCmdManager Cyclic Event. Time Overrun is 85 us[EOL]
[2026-09-22T08:58:54.370210Z][APM_J.barcodereader][W][2330306][134]CRTCyclicEvent.cpp:TimeMissed():101|Cycle miss in event CCSICombinedRepManager. Time Overrun is 85 us[EOL]
[2026-09-22T08:58:56.713097Z][APM_J.newgen-amplificationplatemagazine][W][2330306][141]CRTCyclicEvent.cpp:TimeMissed():101|Cycle miss in event CCSICombinedCmdManager Cyclic Event. Time Overrun is 129 us[EOL]
[2026-09-22T08:58:56.713130Z][APM_J.newgen-amplificationplatemagazine][W][2330306][141]CRTCyclicEvent.cpp:TimeMissed():101|Cycle miss in event CCSICombinedRepManager. Time Overrun is 129 us[EOL]
[2026-09-22T08:58:58.220508Z][APM_J.barcodereader][W][2330306][134]CRTCyclicEvent.cpp:TimeMissed():101|Cycle miss in event CCSICombinedCmdManager Cyclic Event. Time Overrun is 10426 us[EOL]
[2026-09-22T08:58:58.220536Z][APM_J.barcodereader][W][2330306][134]CRTCyclicEvent.cpp:TimeMissed():101|Cycle miss in event CCSICombinedRepManager. Time Overrun is 10426 us[EOL]
[2026-09-22T08:58:58.222257Z][APM_J.newgen-amplificationplatemagazine][W][2330306][141]CRTCyclicEvent.cpp:TimeMissed():101|Cycle miss in event CCSICombinedCmdManager Cyclic Event. Time Overrun is 9297 us[EOL]
[2026-09-22T08:58:58.222286Z][APM_J.newgen-amplificationplatemagazine][W][2330306][141]CRTCyclicEvent.cpp:TimeMissed():101|Cycle miss in event CCSICombinedRepManager. Time Overrun is 9297 us[EOL]
[2026-09-22T08:58:58.677688Z][APM_J.newgen-amplificationplatemagazine][I][2560016][141]IMessageHandler.h:operator()():40|Received RabbitMqMessage Roche.MolLab.InstrumentState.Ping. Content: {"Timestamp":"2026-09-22T08:58:58.6735955Z","PingId":"IS58"}[EOL]
[2026-09-22T08:58:58.677727Z][APM_J.newgen-amplificationplatemagazine][I][844444436][141]UnitCommunicator.cpp:SendEvent():424|Publishing event: type=Roche.c68_8800.AmplificationPlateMagazine.J.Echo correlation_id=(n/a)[EOL]
[2026-09-22T08:58:58.677791Z][APM_J.newgen-amplificationplatemagazine][I][2560017][141]MessageSender.h:SendEvent():105|Sent RabbitMqEvent Roche.c68_8800.AmplificationPlateMagazine.J.Echo. Content: {"Timestamp":"2026-09-22T08:58:58.677720Z","MagazineId":"J","PingId":"IS58"}[EOL]
[2026-09-22T08:59:15.492020Z][APM_J.barcodereader][W][2330306][134]CRTCyclicEvent.cpp:TimeMissed():101|Cycle miss in event CCSICombinedCmdManager Cyclic Event. Time Overrun is 1936 us[EOL]
[2026-09-22T08:59:15.492049Z][APM_J.barcodereader][W][2330306][134]CRTCyclicEvent.cpp:TimeMissed():101|Cycle miss in event CCSICombinedRepManager. Time Overrun is 1936 us[EOL]
[2026-09-22T08:59:15.496125Z][APM_J.newgen-amplificationplatemagazine][W][2330306][141]CRTCyclicEvent.cpp:TimeMissed():101|Cycle miss in event CCSICombinedCmdManager Cyclic Event. Time Overrun is 3151 us[EOL]
[2026-09-22T08:59:15.496190Z][APM_J.newgen-amplificationplatemagazine][W][2330306][141]CRTCyclicEvent.cpp:TimeMissed():101|Cycle miss in event CCSICombinedRepManager. Time Overrun is 3151 us[EOL]
[2026-09-22T08:59:16.053355Z][APM_J.newgen-amplificationplatemagazine][W][2330306][141]CRTCyclicEvent.cpp:TimeMissed():101|Cycle miss in event CCSICombinedCmdManager Cyclic Event. Time Overrun is 394 us[EOL]
[2026-09-22T08:59:16.050621Z][APM_J.barcodereader][W][2330306][134]CRTCyclicEvent.cpp:TimeMissed():101|Cycle miss in event CCSICombinedCmdManager Cyclic Event. Time Overrun is 537 us[EOL]
[2026-09-22T08:59:16.050664Z][APM_J.barcodereader][W][2330306][134]CRTCyclicEvent.cpp:TimeMissed():101|Cycle miss in event CCSICombinedRepManager. Time Overrun is 537 us[EOL]
[2026-09-22T08:59:16.053393Z][APM_J.newgen-amplificationplatemagazine][W][2330306][141]CRTCyclicEvent.cpp:TimeMissed():101|Cycle miss in event CCSICombinedRepManager. Time Overrun is 394 us[EOL]
[2026-09-22T08:59:26.554524Z][APM_J.barcodereader][W][2330306][134]CRTCyclicEvent.cpp:TimeMissed():101|Cycle miss in event CCSICombinedCmdManager Cyclic Event. Time Overrun is 4444 us[EOL]
[2026-09-22T08:59:26.554627Z][APM_J.newgen-amplificationplatemagazine][W][2330306][141]CRTCyclicEvent.cpp:TimeMissed():101|Cycle miss in event CCSICombinedCmdManager Cyclic Event. Time Overrun is 1662 us[EOL]
[2026-09-22T08:59:26.554545Z][APM_J.barcodereader][W][2330306][134]CRTCyclicEvent.cpp:TimeMissed():101|Cycle miss in event CCSICombinedRepManager. Time Overrun is 4444 us[EOL]
[2026-09-22T08:59:26.554665Z][APM_J.newgen-amplificationplatemagazine][W][2330306][141]CRTCyclicEvent.cpp:TimeMissed():101|Cycle miss in event CCSICombinedRepManager. Time Overrun is 1662 us[EOL]
[2026-09-22T08:59:28.681173Z][APM_J.newgen-amplificationplatemagazine][I][2560016][141]IMessageHandler.h:operator()():40|Received RabbitMqMessage Roche.MolLab.InstrumentState.Ping. Content: {"Timestamp":"2026-09-22T08:59:28.6758101Z","PingId":"IS59"}[EOL]
[2026-09-22T08:59:28.681219Z][APM_J.newgen-amplificationplatemagazine][I][844444436][141]UnitCommunicator.cpp:SendEvent():424|Publishing event: type=Roche.c68_8800.AmplificationPlateMagazine.J.Echo correlation_id=(n/a)[EOL]
[2026-09-22T08:59:28.681249Z][APM_J.newgen-amplificationplatemagazine][I][2560017][141]MessageSender.h:SendEvent():105|Sent RabbitMqEvent Roche.c68_8800.AmplificationPlateMagazine.J.Echo. Content: {"Timestamp":"2026-09-22T08:59:28.681211Z","MagazineId":"J","PingId":"IS59"}[EOL]
[2026-09-22T08:59:30.973240Z][APM_J.barcodereader][W][2330306][134]CRTCyclicEvent.cpp:TimeMissed():101|Cycle miss in event CCSICombinedCmdManager Cyclic Event. Time Overrun is 13154 us[EOL]
[2026-09-22T08:59:30.973282Z][APM_J.barcodereader][W][2330306][134]CRTCyclicEvent.cpp:TimeMissed():101|Cycle miss in event CCSICombinedRepManager. Time Overrun is 13154 us[EOL]
[2026-09-22T08:59:30.972525Z][APM_J.newgen-amplificationplatemagazine][W][2330306][141]CRTCyclicEvent.cpp:TimeMissed():101|Cycle miss in event CCSICombinedCmdManager Cyclic Event. Time Overrun is 19560 us[EOL]
[2026-09-22T08:59:30.972571Z][APM_J.newgen-amplificationplatemagazine][W][2330306][141]CRTCyclicEvent.cpp:TimeMissed():101|Cycle miss in event CCSICombinedRepManager. Time Overrun is 19560 us[EOL]
[2026-09-22T08:59:31.330315Z][APM_J.barcodereader][W][2330306][134]CRTCyclicEvent.cpp:TimeMissed():101|Cycle miss in event CCSICombinedCmdManager Cyclic Event. Time Overrun is 10234 us[EOL]
[2026-09-22T08:59:31.330435Z][APM_J.barcodereader][W][2330306][134]CRTCyclicEvent.cpp:TimeMissed():101|Cycle miss in event CCSICombinedRepManager. Time Overrun is 10234 us[EOL]
[2026-09-22T08:59:31.328537Z][APM_J.newgen-amplificationplatemagazine][W][2330306][141]CRTCyclicEvent.cpp:TimeMissed():101|Cycle miss in event CCSICombinedCmdManager Cyclic Event. Time Overrun is 5578 us[EOL]
[2026-09-22T08:59:31.328561Z][APM_J.newgen-amplificationplatemagazine][W][2330306][141]CRTCyclicEvent.cpp:TimeMissed():101|Cycle miss in event CCSICombinedRepManager. Time Overrun is 5578 us[EOL]
[2026-09-22T08:59:36.793541Z][APM_J.barcodereader][W][2330306][134]CRTCyclicEvent.cpp:TimeMissed():101|Cycle miss in event CCSICombinedCmdManager Cyclic Event. Time Overrun is 3460 us[EOL]
[2026-09-22T08:59:36.793568Z][APM_J.barcodereader][W][2330306][134]CRTCyclicEvent.cpp:TimeMissed():101|Cycle miss in event CCSICombinedRepManager. Time Overrun is 3460 us[EOL]
[2026-09-22T08:59:37.990309Z][APM_J.barcodereader][W][2330306][134]CRTCyclicEvent.cpp:TimeMissed():101|Cycle miss in event CCSICombinedCmdManager Cyclic Event. Time Overrun is 10228 us[EOL]
[2026-09-22T08:59:37.990219Z][APM_J.newgen-amplificationplatemagazine][W][2330306][141]CRTCyclicEvent.cpp:TimeMissed():101|Cycle miss in event CCSICombinedCmdManager Cyclic Event. Time Overrun is 17252 us[EOL]
[2026-09-22T08:59:37.990314Z][APM_J.newgen-amplificationplatemagazine][W][2330306][141]CRTCyclicEvent.cpp:TimeMissed():101|Cycle miss in event CCSICombinedRepManager. Time Overrun is 17252 us[EOL]
[2026-09-22T08:59:37.990335Z][APM_J.barcodereader][W][2330306][134]CRTCyclicEvent.cpp:TimeMissed():101|Cycle miss in event CCSICombinedRepManager. Time Overrun is 10228 us[EOL]
[2026-09-22T08:59:42.851420Z][APM_J.barcodereader][W][2330306][134]CRTCyclicEvent.cpp:TimeMissed():101|Cycle miss in event CCSICombinedCmdManager Cyclic Event. Time Overrun is 1338 us[EOL]
[2026-09-22T08:59:42.851452Z][APM_J.barcodereader][W][2330306][134]CRTCyclicEvent.cpp:TimeMissed():101|Cycle miss in event CCSICombinedRepManager. Time Overrun is 1338 us[EOL]
[2026-09-22T08:59:48.780866Z][APM_J.barcodereader][W][2330306][134]CRTCyclicEvent.cpp:TimeMissed():101|Cycle miss in event CCSICombinedCmdManager Cyclic Event. Time Overrun is 786 us[EOL]
[2026-09-22T08:59:48.780894Z][APM_J.barcodereader][W][2330306][134]CRTCyclicEvent.cpp:TimeMissed():101|Cycle miss in event CCSICombinedRepManager. Time Overrun is 786 us[EOL]
[2026-09-22T08:59:58.695735Z][APM_J.newgen-amplificationplatemagazine][I][2560016][141]IMessageHandler.h:operator()():40|Received RabbitMqMessage Roche.MolLab.InstrumentState.Ping. Content: {"Timestamp":"2026-09-22T08:59:58.6747518Z","PingId":"IS60"}[EOL]
[2026-09-22T08:59:58.695762Z][APM_J.newgen-amplificationplatemagazine][I][844444436][141]UnitCommunicator.cpp:SendEvent():424|Publishing event: type=Roche.c68_8800.AmplificationPlateMagazine.J.Echo correlation_id=(n/a)[EOL]
[2026-09-22T08:59:58.695797Z][APM_J.newgen-amplificationplatemagazine][I][2560017][141]MessageSender.h:SendEvent():105|Sent RabbitMqEvent Roche.c68_8800.AmplificationPlateMagazine.J.Echo. Content: {"Timestamp":"2026-09-22T08:59:58.695758Z","MagazineId":"J","PingId":"IS60"}[EOL]
[2026-09-22T09:00:02.844424Z][APM_J.barcodereader][W][2330306][134]CRTCyclicEvent.cpp:TimeMissed():101|Cycle miss in event CCSICombinedCmdManager Cyclic Event. Time Overrun is 4341 us[EOL]
[2026-09-22T09:00:02.846709Z][APM_J.newgen-amplificationplatemagazine][W][2330306][141]CRTCyclicEvent.cpp:TimeMissed():101|Cycle miss in event CCSICombinedCmdManager Cyclic Event. Time Overrun is 3750 us[EOL]
[2026-09-22T09:00:02.846733Z][APM_J.newgen-amplificationplatemagazine][W][2330306][141]CRTCyclicEvent.cpp:TimeMissed():101|Cycle miss in event CCSICombinedRepManager. Time Overrun is 3750 us[EOL]
[2026-09-22T09:00:02.844471Z][APM_J.barcodereader][W][2330306][134]CRTCyclicEvent.cpp:TimeMissed():101|Cycle miss in event CCSICombinedRepManager. Time Overrun is 4341 us[EOL]
[2026-09-22T09:00:04.351017Z][APM_J.barcodereader][W][2330306][134]CRTCyclicEvent.cpp:TimeMissed():101|Cycle miss in event CCSICombinedCmdManager Cyclic Event. Time Overrun is 932 us[EOL]
[2026-09-22T09:00:04.351061Z][APM_J.barcodereader][W][2330306][134]CRTCyclicEvent.cpp:TimeMissed():101|Cycle miss in event CCSICombinedRepManager. Time Overrun is 932 us[EOL]
[2026-09-22T09:00:04.353685Z][APM_J.newgen-amplificationplatemagazine][W][2330306][141]CRTCyclicEvent.cpp:TimeMissed():101|Cycle miss in event CCSICombinedCmdManager Cyclic Event. Time Overrun is 10726 us[EOL]
[2026-09-22T09:00:04.353767Z][APM_J.newgen-amplificationplatemagazine][W][2330306][141]CRTCyclicEvent.cpp:TimeMissed():101|Cycle miss in event CCSICombinedRepManager. Time Overrun is 10726 us[EOL]
[2026-09-22T09:00:06.571060Z][APM_J.newgen-amplificationplatemagazine][W][2330306][141]CRTCyclicEvent.cpp:TimeMissed():101|Cycle miss in event CCSICombinedCmdManager Cyclic Event. Time Overrun is 8101 us[EOL]
[2026-09-22T09:00:06.570891Z][APM_J.barcodereader][W][2330306][134]CRTCyclicEvent.cpp:TimeMissed():101|Cycle miss in event CCSICombinedCmdManager Cyclic Event. Time Overrun is 10811 us[EOL]
[2026-09-22T09:00:06.571080Z][APM_J.newgen-amplificationplatemagazine][W][2330306][141]CRTCyclicEvent.cpp:TimeMissed():101|Cycle miss in event CCSICombinedRepManager. Time Overrun is 8101 us[EOL]
[2026-09-22T09:00:06.570915Z][APM_J.barcodereader][W][2330306][134]CRTCyclicEvent.cpp:TimeMissed():101|Cycle miss in event CCSICombinedRepManager. Time Overrun is 10811 us[EOL]
[2026-09-22T09:00:10.158030Z][APM_J.newgen-amplificationplatemagazine][W][2330306][141]CRTCyclicEvent.cpp:TimeMissed():101|Cycle miss in event CCSICombinedCmdManager Cyclic Event. Time Overrun is 5069 us[EOL]
[2026-09-22T09:00:10.158066Z][APM_J.newgen-amplificationplatemagazine][W][2330306][141]CRTCyclicEvent.cpp:TimeMissed():101|Cycle miss in event CCSICombinedRepManager. Time Overrun is 5069 us[EOL]
[2026-09-22T09:00:13.532145Z][APM_J.barcodereader][W][2330306][134]CRTCyclicEvent.cpp:TimeMissed():101|Cycle miss in event CCSICombinedCmdManager Cyclic Event. Time Overrun is 2064 us[EOL]
[2026-09-22T09:00:13.532183Z][APM_J.barcodereader][W][2330306][134]CRTCyclicEvent.cpp:TimeMissed():101|Cycle miss in event CCSICombinedRepManager. Time Overrun is 2064 us[EOL]
[2026-09-22T09:00:16.786094Z][APM_J.newgen-amplificationplatemagazine][W][2330306][141]CRTCyclicEvent.cpp:TimeMissed():101|Cycle miss in event CCSICombinedCmdManager Cyclic Event. Time Overrun is 13059 us[EOL]
[2026-09-22T09:00:16.786132Z][APM_J.newgen-amplificationplatemagazine][W][2330306][141]CRTCyclicEvent.cpp:TimeMissed():101|Cycle miss in event CCSICombinedRepManager. Time Overrun is 13059 us[EOL]
[2026-09-22T09:00:22.839606Z][APM_J.newgen-amplificationplatemagazine][W][2330306][141]CRTCyclicEvent.cpp:TimeMissed():101|Cycle miss in event CCSICombinedCmdManager Cyclic Event. Time Overrun is 26646 us[EOL]
[2026-09-22T09:00:22.841064Z][APM_J.barcodereader][W][2330306][134]CRTCyclicEvent.cpp:TimeMissed():101|Cycle miss in event CCSICombinedCmdManager Cyclic Event. Time Overrun is 20982 us[EOL]
[2026-09-22T09:00:22.839641Z][APM_J.newgen-amplificationplatemagazine][W][2330306][141]CRTCyclicEvent.cpp:TimeMissed():101|Cycle miss in event CCSICombinedRepManager. Time Overrun is 26646 us[EOL]
[2026-09-22T09:00:22.841094Z][APM_J.barcodereader][W][2330306][134]CRTCyclicEvent.cpp:TimeMissed():101|Cycle miss in event CCSICombinedRepManager. Time Overrun is 20982 us[EOL]
[2026-09-22T09:00:28.680384Z][APM_J.newgen-amplificationplatemagazine][I][2560016][141]IMessageHandler.h:operator()():40|Received RabbitMqMessage Roche.MolLab.InstrumentState.Ping. Content: {"Timestamp":"2026-09-22T09:00:28.6746669Z","PingId":"IS61"}[EOL]
[2026-09-22T09:00:28.680476Z][APM_J.newgen-amplificationplatemagazine][I][844444436][141]UnitCommunicator.cpp:SendEvent():424|Publishing event: type=Roche.c68_8800.AmplificationPlateMagazine.J.Echo correlation_id=(n/a)[EOL]
[2026-09-22T09:00:28.680589Z][APM_J.newgen-amplificationplatemagazine][I][2560017][141]MessageSender.h:SendEvent():105|Sent RabbitMqEvent Roche.c68_8800.AmplificationPlateMagazine.J.Echo. Content: {"Timestamp":"2026-09-22T09:00:28.680468Z","MagazineId":"J","PingId":"IS61"}[EOL]
[2026-09-22T09:00:32.835645Z][APM_J.newgen-amplificationplatemagazine][W][2330306][141]CRTCyclicEvent.cpp:TimeMissed():101|Cycle miss in event CCSICombinedCmdManager Cyclic Event. Time Overrun is 2678 us[EOL]
[2026-09-22T09:00:32.835694Z][APM_J.newgen-amplificationplatemagazine][W][2330306][141]CRTCyclicEvent.cpp:TimeMissed():101|Cycle miss in event CCSICombinedRepManager. Time Overrun is 2678 us[EOL]
[2026-09-22T09:00:33.987418Z][APM_J.barcodereader][W][2330306][134]CRTCyclicEvent.cpp:TimeMissed():101|Cycle miss in event CCSICombinedCmdManager Cyclic Event. Time Overrun is 7331 us[EOL]
[2026-09-22T09:00:33.987452Z][APM_J.barcodereader][W][2330306][134]CRTCyclicEvent.cpp:TimeMissed():101|Cycle miss in event CCSICombinedRepManager. Time Overrun is 7331 us[EOL]
[2026-09-22T09:00:34.903558Z][APM_J.barcodereader][W][2330306][134]CRTCyclicEvent.cpp:TimeMissed():101|Cycle miss in event CCSICombinedCmdManager Cyclic Event. Time Overrun is 3472 us[EOL]
[2026-09-22T09:00:34.903798Z][APM_J.barcodereader][W][2330306][134]CRTCyclicEvent.cpp:TimeMissed():101|Cycle miss in event CCSICombinedRepManager. Time Overrun is 3472 us[EOL]
[2026-09-22T09:00:35.847243Z][APM_J.newgen-amplificationplatemagazine][W][2330306][141]CRTCyclicEvent.cpp:TimeMissed():101|Cycle miss in event CCSICombinedCmdManager Cyclic Event. Time Overrun is 4281 us[EOL]
[2026-09-22T09:00:35.847286Z][APM_J.newgen-amplificationplatemagazine][W][2330306][141]CRTCyclicEvent.cpp:TimeMissed():101|Cycle miss in event CCSICombinedRepManager. Time Overrun is 4281 us[EOL]
[2026-09-22T09:00:35.851158Z][APM_J.barcodereader][W][2330306][134]CRTCyclicEvent.cpp:TimeMissed():101|Cycle miss in event CCSICombinedCmdManager Cyclic Event. Time Overrun is 1073 us[EOL]
[2026-09-22T09:00:35.851198Z][APM_J.barcodereader][W][2330306][134]CRTCyclicEvent.cpp:TimeMissed():101|Cycle miss in event CCSICombinedRepManager. Time Overrun is 1073 us[EOL]
[2026-09-22T09:00:36.047051Z][APM_J.newgen-amplificationplatemagazine][W][2330306][141]CRTCyclicEvent.cpp:TimeMissed():101|Cycle miss in event CCSICombinedCmdManager Cyclic Event. Time Overrun is 14086 us[EOL]
[2026-09-22T09:00:36.047230Z][APM_J.newgen-amplificationplatemagazine][W][2330306][141]CRTCyclicEvent.cpp:TimeMissed():101|Cycle miss in event CCSICombinedRepManager. Time Overrun is 14086 us[EOL]
[2026-09-22T09:00:36.050768Z][APM_J.barcodereader][W][2330306][134]CRTCyclicEvent.cpp:TimeMissed():101|Cycle miss in event CCSICombinedCmdManager Cyclic Event. Time Overrun is 20673 us[EOL]
[2026-09-22T09:00:36.050842Z][APM_J.barcodereader][W][2330306][134]CRTCyclicEvent.cpp:TimeMissed():101|Cycle miss in event CCSICombinedRepManager. Time Overrun is 20673 us[EOL]
[2026-09-22T09:00:42.877810Z][APM_J.newgen-amplificationplatemagazine][W][2330306][141]CRTCyclicEvent.cpp:TimeMissed():101|Cycle miss in event CCSICombinedCmdManager Cyclic Event. Time Overrun is 4848 us[EOL]
[2026-09-22T09:00:42.877850Z][APM_J.newgen-amplificationplatemagazine][W][2330306][141]CRTCyclicEvent.cpp:TimeMissed():101|Cycle miss in event CCSICombinedRepManager. Time Overrun is 4848 us[EOL]
[2026-09-22T09:00:43.835154Z][APM_J.newgen-amplificationplatemagazine][W][2330306][141]CRTCyclicEvent.cpp:TimeMissed():101|Cycle miss in event CCSICombinedCmdManager Cyclic Event. Time Overrun is 2182 us[EOL]
[2026-09-22T09:00:43.835213Z][APM_J.newgen-amplificationplatemagazine][W][2330306][141]CRTCyclicEvent.cpp:TimeMissed():101|Cycle miss in event CCSICombinedRepManager. Time Overrun is 2182 us[EOL]
[2026-09-22T09:00:43.872760Z][APM_J.barcodereader][W][2330306][134]CRTCyclicEvent.cpp:TimeMissed():101|Cycle miss in event CCSICombinedCmdManager Cyclic Event. Time Overrun is 2677 us[EOL]
[2026-09-22T09:00:43.872892Z][APM_J.barcodereader][W][2330306][134]CRTCyclicEvent.cpp:TimeMissed():101|Cycle miss in event CCSICombinedRepManager. Time Overrun is 2677 us[EOL]
[2026-09-22T09:00:47.824588Z][APM_J.barcodereader][W][2330306][134]CRTCyclicEvent.cpp:TimeMissed():101|Cycle miss in event CCSICombinedCmdManager Cyclic Event. Time Overrun is 4505 us[EOL]
[2026-09-22T09:00:47.824628Z][APM_J.barcodereader][W][2330306][134]CRTCyclicEvent.cpp:TimeMissed():101|Cycle miss in event CCSICombinedRepManager. Time Overrun is 4505 us[EOL]
[2026-09-22T09:00:47.858082Z][APM_J.newgen-amplificationplatemagazine][W][2330306][141]CRTCyclicEvent.cpp:TimeMissed():101|Cycle miss in event CCSICombinedCmdManager Cyclic Event. Time Overrun is 45117 us[EOL]
[2026-09-22T09:00:47.858127Z][APM_J.newgen-amplificationplatemagazine][W][2330306][141]CRTCyclicEvent.cpp:TimeMissed():101|Cycle miss in event CCSICombinedRepManager. Time Overrun is 45117 us[EOL]
[2026-09-22T09:00:47.952188Z][APM_J.barcodereader][W][2330306][134]CRTCyclicEvent.cpp:TimeMissed():101|Cycle miss in event CCSICombinedCmdManager Cyclic Event. Time Overrun is 2096 us[EOL]
[2026-09-22T09:00:47.952250Z][APM_J.barcodereader][W][2330306][134]CRTCyclicEvent.cpp:TimeMissed():101|Cycle miss in event CCSICombinedRepManager. Time Overrun is 2096 us[EOL]
[2026-09-22T09:00:47.995015Z][APM_J.newgen-amplificationplatemagazine][W][2330306][141]CRTCyclicEvent.cpp:TimeMissed():101|Cycle miss in event CCSICombinedCmdManager Cyclic Event. Time Overrun is 2053 us[EOL]
[2026-09-22T09:00:47.995054Z][APM_J.newgen-amplificationplatemagazine][W][2330306][141]CRTCyclicEvent.cpp:TimeMissed():101|Cycle miss in event CCSICombinedRepManager. Time Overrun is 2053 us[EOL]
[2026-09-22T09:00:48.155489Z][APM_J.newgen-amplificationplatemagazine][W][2330306][141]CRTCyclicEvent.cpp:TimeMissed():101|Cycle miss in event CCSICombinedCmdManager Cyclic Event. Time Overrun is 2527 us[EOL]
[2026-09-22T09:00:48.155529Z][APM_J.newgen-amplificationplatemagazine][W][2330306][141]CRTCyclicEvent.cpp:TimeMissed():101|Cycle miss in event CCSICombinedRepManager. Time Overrun is 2527 us[EOL]
[2026-09-22T09:00:48.155573Z][APM_J.barcodereader][W][2330306][134]CRTCyclicEvent.cpp:TimeMissed():101|Cycle miss in event CCSICombinedCmdManager Cyclic Event. Time Overrun is 5490 us[EOL]
[2026-09-22T09:00:48.155614Z][APM_J.barcodereader][W][2330306][134]CRTCyclicEvent.cpp:TimeMissed():101|Cycle miss in event CCSICombinedRepManager. Time Overrun is 5490 us[EOL]
[2026-09-22T09:00:48.533844Z][APM_J.barcodereader][W][2330306][134]CRTCyclicEvent.cpp:TimeMissed():101|Cycle miss in event CCSICombinedCmdManager Cyclic Event. Time Overrun is 3757 us[EOL]
[2026-09-22T09:00:48.533882Z][APM_J.barcodereader][W][2330306][134]CRTCyclicEvent.cpp:TimeMissed():101|Cycle miss in event CCSICombinedRepManager. Time Overrun is 3757 us[EOL]
[2026-09-22T09:00:48.540302Z][APM_J.newgen-amplificationplatemagazine][W][2330306][141]CRTCyclicEvent.cpp:TimeMissed():101|Cycle miss in event CCSICombinedCmdManager Cyclic Event. Time Overrun is 7337 us[EOL]
[2026-09-22T09:00:48.540399Z][APM_J.newgen-amplificationplatemagazine][W][2330306][141]CRTCyclicEvent.cpp:TimeMissed():101|Cycle miss in event CCSICombinedRepManager. Time Overrun is 7337 us[EOL]
[2026-09-22T09:00:49.011915Z][APM_J.newgen-amplificationplatemagazine][W][2330306][141]CRTCyclicEvent.cpp:TimeMissed():101|Cycle miss in event CCSICombinedCmdManager Cyclic Event. Time Overrun is 8954 us[EOL]
[2026-09-22T09:00:49.011954Z][APM_J.newgen-amplificationplatemagazine][W][2330306][141]CRTCyclicEvent.cpp:TimeMissed():101|Cycle miss in event CCSICombinedRepManager. Time Overrun is 8954 us[EOL]
[2026-09-22T09:00:56.098979Z][APM_J.barcodereader][W][2330306][134]CRTCyclicEvent.cpp:TimeMissed():101|Cycle miss in event CCSICombinedCmdManager Cyclic Event. Time Overrun is 18896 us[EOL]
[2026-09-22T09:00:56.103533Z][APM_J.newgen-amplificationplatemagazine][W][2330306][141]CRTCyclicEvent.cpp:TimeMissed():101|Cycle miss in event CCSICombinedCmdManager Cyclic Event. Time Overrun is 20571 us[EOL]
[2026-09-22T09:00:56.099019Z][APM_J.barcodereader][W][2330306][134]CRTCyclicEvent.cpp:TimeMissed():101|Cycle miss in event CCSICombinedRepManager. Time Overrun is 18896 us[EOL]
[2026-09-22T09:00:56.103710Z][APM_J.newgen-amplificationplatemagazine][W][2330306][141]CRTCyclicEvent.cpp:TimeMissed():101|Cycle miss in event CCSICombinedRepManager. Time Overrun is 20571 us[EOL]
[2026-09-22T09:00:56.993183Z][APM_J.barcodereader][W][2330306][134]CRTCyclicEvent.cpp:TimeMissed():101|Cycle miss in event CCSICombinedCmdManager Cyclic Event. Time Overrun is 3099 us[EOL]
[2026-09-22T09:00:56.993220Z][APM_J.barcodereader][W][2330306][134]CRTCyclicEvent.cpp:TimeMissed():101|Cycle miss in event CCSICombinedRepManager. Time Overrun is 3099 us[EOL]
[2026-09-22T09:00:56.994249Z][APM_J.newgen-amplificationplatemagazine][W][2330306][141]CRTCyclicEvent.cpp:TimeMissed():101|Cycle miss in event CCSICombinedCmdManager Cyclic Event. Time Overrun is 11284 us[EOL]
[2026-09-22T09:00:56.994296Z][APM_J.newgen-amplificationplatemagazine][W][2330306][141]CRTCyclicEvent.cpp:TimeMissed():101|Cycle miss in event CCSICombinedRepManager. Time Overrun is 11284 us[EOL]
[2026-09-22T09:00:57.204558Z][APM_J.newgen-amplificationplatemagazine][W][2330306][141]CRTCyclicEvent.cpp:TimeMissed():101|Cycle miss in event CCSICombinedCmdManager Cyclic Event. Time Overrun is 41596 us[EOL]
[2026-09-22T09:00:57.204599Z][APM_J.newgen-amplificationplatemagazine][W][2330306][141]CRTCyclicEvent.cpp:TimeMissed():101|Cycle miss in event CCSICombinedRepManager. Time Overrun is 41596 us[EOL]
[2026-09-22T09:00:57.848784Z][APM_J.newgen-amplificationplatemagazine][W][2330306][141]CRTCyclicEvent.cpp:TimeMissed():101|Cycle miss in event CCSICombinedCmdManager Cyclic Event. Time Overrun is 5816 us[EOL]
[2026-09-22T09:00:57.849126Z][APM_J.barcodereader][W][2330306][134]CRTCyclicEvent.cpp:TimeMissed():101|Cycle miss in event CCSICombinedCmdManager Cyclic Event. Time Overrun is 9042 us[EOL]
[2026-09-22T09:00:57.848871Z][APM_J.newgen-amplificationplatemagazine][W][2330306][141]CRTCyclicEvent.cpp:TimeMissed():101|Cycle miss in event CCSICombinedRepManager. Time Overrun is 5816 us[EOL]
[2026-09-22T09:00:57.849171Z][APM_J.barcodereader][W][2330306][134]CRTCyclicEvent.cpp:TimeMissed():101|Cycle miss in event CCSICombinedRepManager. Time Overrun is 9042 us[EOL]
[2026-09-22T09:00:58.687810Z][APM_J.newgen-amplificationplatemagazine][I][2560016][141]IMessageHandler.h:operator()():40|Received RabbitMqMessage Roche.MolLab.InstrumentState.Ping. Content: {"Timestamp":"2026-09-22T09:00:58.6773751Z","PingId":"IS62"}[EOL]
[2026-09-22T09:00:58.687886Z][APM_J.newgen-amplificationplatemagazine][I][844444436][141]UnitCommunicator.cpp:SendEvent():424|Publishing event: type=Roche.c68_8800.AmplificationPlateMagazine.J.Echo correlation_id=(n/a)[EOL]
[2026-09-22T09:00:58.687925Z][APM_J.newgen-amplificationplatemagazine][I][2560017][141]MessageSender.h:SendEvent():105|Sent RabbitMqEvent Roche.c68_8800.AmplificationPlateMagazine.J.Echo. Content: {"Timestamp":"2026-09-22T09:00:58.687876Z","MagazineId":"J","PingId":"IS62"}[EOL]
[2026-09-22T09:00:58.808234Z][APM_J.barcodereader][W][2330306][134]CRTCyclicEvent.cpp:TimeMissed():101|Cycle miss in event CCSICombinedCmdManager Cyclic Event. Time Overrun is 8152 us[EOL]
[2026-09-22T09:00:58.808268Z][APM_J.barcodereader][W][2330306][134]CRTCyclicEvent.cpp:TimeMissed():101|Cycle miss in event CCSICombinedRepManager. Time Overrun is 8152 us[EOL]
[2026-09-22T09:00:58.844946Z][APM_J.newgen-amplificationplatemagazine][W][2330306][141]CRTCyclicEvent.cpp:TimeMissed():101|Cycle miss in event CCSICombinedCmdManager Cyclic Event. Time Overrun is 11961 us[EOL]
[2026-09-22T09:00:58.844991Z][APM_J.newgen-amplificationplatemagazine][W][2330306][141]CRTCyclicEvent.cpp:TimeMissed():101|Cycle miss in event CCSICombinedRepManager. Time Overrun is 11961 us[EOL]
[2026-09-22T09:00:59.581727Z][APM_J.barcodereader][W][2330306][134]CRTCyclicEvent.cpp:TimeMissed():101|Cycle miss in event CCSICombinedCmdManager Cyclic Event. Time Overrun is 1643 us[EOL]
[2026-09-22T09:00:59.581762Z][APM_J.barcodereader][W][2330306][134]CRTCyclicEvent.cpp:TimeMissed():101|Cycle miss in event CCSICombinedRepManager. Time Overrun is 1643 us[EOL]
[2026-09-22T09:01:00.225278Z][APM_J.newgen-amplificationplatemagazine][W][2330306][141]CRTCyclicEvent.cpp:TimeMissed():101|Cycle miss in event CCSICombinedCmdManager Cyclic Event. Time Overrun is 2318 us[EOL]
[2026-09-22T09:01:00.225317Z][APM_J.newgen-amplificationplatemagazine][W][2330306][141]CRTCyclicEvent.cpp:TimeMissed():101|Cycle miss in event CCSICombinedRepManager. Time Overrun is 2318 us[EOL]
[2026-09-22T09:01:21.906285Z][APM_J.newgen-amplificationplatemagazine][W][2330306][141]CRTCyclicEvent.cpp:TimeMissed():101|Cycle miss in event CCSICombinedCmdManager Cyclic Event. Time Overrun is 3324 us[EOL]
[2026-09-22T09:01:21.906411Z][APM_J.newgen-amplificationplatemagazine][W][2330306][141]CRTCyclicEvent.cpp:TimeMissed():101|Cycle miss in event CCSICombinedRepManager. Time Overrun is 3324 us[EOL]
[2026-09-22T09:01:28.680891Z][APM_J.newgen-amplificationplatemagazine][I][2560016][141]IMessageHandler.h:operator()():40|Received RabbitMqMessage Roche.MolLab.InstrumentState.Ping. Content: {"Timestamp":"2026-09-22T09:01:28.6740293Z","PingId":"IS63"}[EOL]
[2026-09-22T09:01:28.680935Z][APM_J.newgen-amplificationplatemagazine][I][844444436][141]UnitCommunicator.cpp:SendEvent():424|Publishing event: type=Roche.c68_8800.AmplificationPlateMagazine.J.Echo correlation_id=(n/a)[EOL]
[2026-09-22T09:01:28.681108Z][APM_J.newgen-amplificationplatemagazine][I][2560017][141]MessageSender.h:SendEvent():105|Sent RabbitMqEvent Roche.c68_8800.AmplificationPlateMagazine.J.Echo. Content: {"Timestamp":"2026-09-22T09:01:28.680929Z","MagazineId":"J","PingId":"IS63"}[EOL]
[2026-09-22T09:01:29.782363Z][APM_J.barcodereader][W][2330306][134]CRTCyclicEvent.cpp:TimeMissed():101|Cycle miss in event CCSICombinedCmdManager Cyclic Event. Time Overrun is 2219 us[EOL]
[2026-09-22T09:01:29.782406Z][APM_J.barcodereader][W][2330306][134]CRTCyclicEvent.cpp:TimeMissed():101|Cycle miss in event CCSICombinedRepManager. Time Overrun is 2219 us[EOL]
[2026-09-22T09:01:30.072028Z][APM_J.barcodereader][W][2330306][134]CRTCyclicEvent.cpp:TimeMissed():101|Cycle miss in event CCSICombinedCmdManager Cyclic Event. Time Overrun is 1944 us[EOL]
[2026-09-22T09:01:30.072060Z][APM_J.barcodereader][W][2330306][134]CRTCyclicEvent.cpp:TimeMissed():101|Cycle miss in event CCSICombinedRepManager. Time Overrun is 1944 us[EOL]
[2026-09-22T09:01:50.068734Z][APM_J.barcodereader][W][2330306][134]CRTCyclicEvent.cpp:TimeMissed():101|Cycle miss in event CCSICombinedCmdManager Cyclic Event. Time Overrun is 28651 us[EOL]
[2026-09-22T09:01:50.069368Z][APM_J.newgen-amplificationplatemagazine][W][2330306][141]CRTCyclicEvent.cpp:TimeMissed():101|Cycle miss in event CCSICombinedCmdManager Cyclic Event. Time Overrun is 26409 us[EOL]
[2026-09-22T09:01:50.068792Z][APM_J.barcodereader][W][2330306][134]CRTCyclicEvent.cpp:TimeMissed():101|Cycle miss in event CCSICombinedRepManager. Time Overrun is 28651 us[EOL]
[2026-09-22T09:01:50.069398Z][APM_J.newgen-amplificationplatemagazine][W][2330306][141]CRTCyclicEvent.cpp:TimeMissed():101|Cycle miss in event CCSICombinedRepManager. Time Overrun is 26409 us[EOL]
[2026-09-22T09:01:50.684225Z][APM_J.newgen-amplificationplatemagazine][W][2330306][141]CRTCyclicEvent.cpp:TimeMissed():101|Cycle miss in event CCSICombinedCmdManager Cyclic Event. Time Overrun is 1264 us[EOL]
[2026-09-22T09:01:50.684269Z][APM_J.newgen-amplificationplatemagazine][W][2330306][141]CRTCyclicEvent.cpp:TimeMissed():101|Cycle miss in event CCSICombinedRepManager. Time Overrun is 1264 us[EOL]
[2026-09-22T09:01:54.267572Z][APM_J.newgen-amplificationplatemagazine][W][2330306][141]CRTCyclicEvent.cpp:TimeMissed():101|Cycle miss in event CCSICombinedCmdManager Cyclic Event. Time Overrun is 14613 us[EOL]
[2026-09-22T09:01:54.267603Z][APM_J.newgen-amplificationplatemagazine][W][2330306][141]CRTCyclicEvent.cpp:TimeMissed():101|Cycle miss in event CCSICombinedRepManager. Time Overrun is 14613 us[EOL]
[2026-09-22T09:01:54.267501Z][APM_J.barcodereader][W][2330306][134]CRTCyclicEvent.cpp:TimeMissed():101|Cycle miss in event CCSICombinedCmdManager Cyclic Event. Time Overrun is 17415 us[EOL]
[2026-09-22T09:01:54.267606Z][APM_J.barcodereader][W][2330306][134]CRTCyclicEvent.cpp:TimeMissed():101|Cycle miss in event CCSICombinedRepManager. Time Overrun is 17415 us[EOL]
[2026-09-22T09:01:58.679072Z][APM_J.newgen-amplificationplatemagazine][I][2560016][141]IMessageHandler.h:operator()():40|Received RabbitMqMessage Roche.MolLab.InstrumentState.Ping. Content: {"Timestamp":"2026-09-22T09:01:58.6740698Z","PingId":"IS64"}[EOL]
[2026-09-22T09:01:58.679112Z][APM_J.newgen-amplificationplatemagazine][I][844444436][141]UnitCommunicator.cpp:SendEvent():424|Publishing event: type=Roche.c68_8800.AmplificationPlateMagazine.J.Echo correlation_id=(n/a)[EOL]
[2026-09-22T09:01:58.679770Z][APM_J.newgen-amplificationplatemagazine][I][2560017][141]MessageSender.h:SendEvent():105|Sent RabbitMqEvent Roche.c68_8800.AmplificationPlateMagazine.J.Echo. Content: {"Timestamp":"2026-09-22T09:01:58.679101Z","MagazineId":"J","PingId":"IS64"}[EOL]
[2026-09-22T09:02:01.200732Z][APM_J.barcodereader][W][2330306][134]CRTCyclicEvent.cpp:TimeMissed():101|Cycle miss in event CCSICombinedCmdManager Cyclic Event. Time Overrun is 647 us[EOL]
[2026-09-22T09:02:01.200776Z][APM_J.barcodereader][W][2330306][134]CRTCyclicEvent.cpp:TimeMissed():101|Cycle miss in event CCSICombinedRepManager. Time Overrun is 647 us[EOL]
[2026-09-22T09:02:02.473232Z][APM_J.barcodereader][W][2330306][134]CRTCyclicEvent.cpp:TimeMissed():101|Cycle miss in event CCSICombinedCmdManager Cyclic Event. Time Overrun is 3152 us[EOL]
[2026-09-22T09:02:02.473252Z][APM_J.barcodereader][W][2330306][134]CRTCyclicEvent.cpp:TimeMissed():101|Cycle miss in event CCSICombinedRepManager. Time Overrun is 3152 us[EOL]
[2026-09-22T09:02:02.850728Z][APM_J.barcodereader][W][2330306][134]CRTCyclicEvent.cpp:TimeMissed():101|Cycle miss in event CCSICombinedCmdManager Cyclic Event. Time Overrun is 609 us[EOL]
[2026-09-22T09:02:02.850784Z][APM_J.barcodereader][W][2330306][134]CRTCyclicEvent.cpp:TimeMissed():101|Cycle miss in event CCSICombinedRepManager. Time Overrun is 609 us[EOL]
[2026-09-22T09:02:06.203453Z][APM_J.barcodereader][W][2330306][134]CRTCyclicEvent.cpp:TimeMissed():101|Cycle miss in event CCSICombinedCmdManager Cyclic Event. Time Overrun is 3367 us[EOL]
[2026-09-22T09:02:06.203494Z][APM_J.barcodereader][W][2330306][134]CRTCyclicEvent.cpp:TimeMissed():101|Cycle miss in event CCSICombinedRepManager. Time Overrun is 3367 us[EOL]
[2026-09-22T09:02:06.791674Z][APM_J.newgen-amplificationplatemagazine][W][2330306][141]CRTCyclicEvent.cpp:TimeMissed():101|Cycle miss in event CCSICombinedCmdManager Cyclic Event. Time Overrun is 8716 us[EOL]
[2026-09-22T09:02:06.791701Z][APM_J.newgen-amplificationplatemagazine][W][2330306][141]CRTCyclicEvent.cpp:TimeMissed():101|Cycle miss in event CCSICombinedRepManager. Time Overrun is 8716 us[EOL]
[2026-09-22T09:02:11.322560Z][APM_J.barcodereader][W][2330306][134]CRTCyclicEvent.cpp:TimeMissed():101|Cycle miss in event CCSICombinedCmdManager Cyclic Event. Time Overrun is 2467 us[EOL]
[2026-09-22T09:02:11.322605Z][APM_J.barcodereader][W][2330306][134]CRTCyclicEvent.cpp:TimeMissed():101|Cycle miss in event CCSICombinedRepManager. Time Overrun is 2467 us[EOL]
[2026-09-22T09:02:11.324767Z][APM_J.newgen-amplificationplatemagazine][W][2330306][141]CRTCyclicEvent.cpp:TimeMissed():101|Cycle miss in event CCSICombinedCmdManager Cyclic Event. Time Overrun is 1596 us[EOL]
[2026-09-22T09:02:11.324812Z][APM_J.newgen-amplificationplatemagazine][W][2330306][141]CRTCyclicEvent.cpp:TimeMissed():101|Cycle miss in event CCSICombinedRepManager. Time Overrun is 1596 us[EOL]
[2026-09-22T09:02:22.271071Z][APM_J.barcodereader][W][2330306][134]CRTCyclicEvent.cpp:TimeMissed():101|Cycle miss in event CCSICombinedCmdManager Cyclic Event. Time Overrun is 10988 us[EOL]
[2026-09-22T09:02:22.270450Z][APM_J.newgen-amplificationplatemagazine][W][2330306][141]CRTCyclicEvent.cpp:TimeMissed():101|Cycle miss in event CCSICombinedCmdManager Cyclic Event. Time Overrun is 7485 us[EOL]
[2026-09-22T09:02:22.271103Z][APM_J.barcodereader][W][2330306][134]CRTCyclicEvent.cpp:TimeMissed():101|Cycle miss in event CCSICombinedRepManager. Time Overrun is 10988 us[EOL]
[2026-09-22T09:02:22.270508Z][APM_J.newgen-amplificationplatemagazine][W][2330306][141]CRTCyclicEvent.cpp:TimeMissed():101|Cycle miss in event CCSICombinedRepManager. Time Overrun is 7485 us[EOL]
[2026-09-22T09:02:28.686362Z][APM_J.newgen-amplificationplatemagazine][I][2560016][141]IMessageHandler.h:operator()():40|Received RabbitMqMessage Roche.MolLab.InstrumentState.Ping. Content: {"Timestamp":"2026-09-22T09:02:28.6735358Z","PingId":"IS65"}[EOL]
[2026-09-22T09:02:28.686397Z][APM_J.newgen-amplificationplatemagazine][I][844444436][141]UnitCommunicator.cpp:SendEvent():424|Publishing event: type=Roche.c68_8800.AmplificationPlateMagazine.J.Echo correlation_id=(n/a)[EOL]
[2026-09-22T09:02:28.686414Z][APM_J.newgen-amplificationplatemagazine][I][2560017][141]MessageSender.h:SendEvent():105|Sent RabbitMqEvent Roche.c68_8800.AmplificationPlateMagazine.J.Echo. Content: {"Timestamp":"2026-09-22T09:02:28.686392Z","MagazineId":"J","PingId":"IS65"}[EOL]
[2026-09-22T09:02:32.468672Z][APM_J.newgen-amplificationplatemagazine][W][2330306][141]CRTCyclicEvent.cpp:TimeMissed():101|Cycle miss in event CCSICombinedCmdManager Cyclic Event. Time Overrun is 5711 us[EOL]
[2026-09-22T09:02:32.468706Z][APM_J.newgen-amplificationplatemagazine][W][2330306][141]CRTCyclicEvent.cpp:TimeMissed():101|Cycle miss in event CCSICombinedRepManager. Time Overrun is 5711 us[EOL]
[2026-09-22T09:02:35.710636Z][APM_J.barcodereader][W][2330306][134]CRTCyclicEvent.cpp:TimeMissed():101|Cycle miss in event CCSICombinedCmdManager Cyclic Event. Time Overrun is 10555 us[EOL]
[2026-09-22T09:02:35.710657Z][APM_J.barcodereader][W][2330306][134]CRTCyclicEvent.cpp:TimeMissed():101|Cycle miss in event CCSICombinedRepManager. Time Overrun is 10555 us[EOL]
[2026-09-22T09:02:35.712660Z][APM_J.newgen-amplificationplatemagazine][W][2330306][141]CRTCyclicEvent.cpp:TimeMissed():101|Cycle miss in event CCSICombinedCmdManager Cyclic Event. Time Overrun is 9702 us[EOL]
[2026-09-22T09:02:35.712683Z][APM_J.newgen-amplificationplatemagazine][W][2330306][141]CRTCyclicEvent.cpp:TimeMissed():101|Cycle miss in event CCSICombinedRepManager. Time Overrun is 9702 us[EOL]
[2026-09-22T09:02:36.909584Z][APM_J.barcodereader][W][2330306][134]CRTCyclicEvent.cpp:TimeMissed():101|Cycle miss in event CCSICombinedCmdManager Cyclic Event. Time Overrun is 9504 us[EOL]
[2026-09-22T09:02:36.909180Z][APM_J.newgen-amplificationplatemagazine][W][2330306][141]CRTCyclicEvent.cpp:TimeMissed():101|Cycle miss in event CCSICombinedCmdManager Cyclic Event. Time Overrun is 16220 us[EOL]
[2026-09-22T09:02:36.909607Z][APM_J.barcodereader][W][2330306][134]CRTCyclicEvent.cpp:TimeMissed():101|Cycle miss in event CCSICombinedRepManager. Time Overrun is 9504 us[EOL]
[2026-09-22T09:02:36.909207Z][APM_J.newgen-amplificationplatemagazine][W][2330306][141]CRTCyclicEvent.cpp:TimeMissed():101|Cycle miss in event CCSICombinedRepManager. Time Overrun is 16220 us[EOL]
[2026-09-22T09:02:37.822322Z][APM_J.barcodereader][W][2330306][134]CRTCyclicEvent.cpp:TimeMissed():101|Cycle miss in event CCSICombinedCmdManager Cyclic Event. Time Overrun is 2239 us[EOL]
[2026-09-22T09:02:37.822355Z][APM_J.barcodereader][W][2330306][134]CRTCyclicEvent.cpp:TimeMissed():101|Cycle miss in event CCSICombinedRepManager. Time Overrun is 2239 us[EOL]
[2026-09-22T09:02:37.824925Z][APM_J.newgen-amplificationplatemagazine][W][2330306][141]CRTCyclicEvent.cpp:TimeMissed():101|Cycle miss in event CCSICombinedCmdManager Cyclic Event. Time Overrun is 1965 us[EOL]
[2026-09-22T09:02:37.825038Z][APM_J.newgen-amplificationplatemagazine][W][2330306][141]CRTCyclicEvent.cpp:TimeMissed():101|Cycle miss in event CCSICombinedRepManager. Time Overrun is 1965 us[EOL]
[2026-09-22T09:02:40.009869Z][APM_J.newgen-amplificationplatemagazine][W][2330306][141]CRTCyclicEvent.cpp:TimeMissed():101|Cycle miss in event CCSICombinedCmdManager Cyclic Event. Time Overrun is 6910 us[EOL]
[2026-09-22T09:02:40.009892Z][APM_J.newgen-amplificationplatemagazine][W][2330306][141]CRTCyclicEvent.cpp:TimeMissed():101|Cycle miss in event CCSICombinedRepManager. Time Overrun is 6910 us[EOL]
[2026-09-22T09:02:40.009240Z][APM_J.barcodereader][W][2330306][134]CRTCyclicEvent.cpp:TimeMissed():101|Cycle miss in event CCSICombinedCmdManager Cyclic Event. Time Overrun is 9160 us[EOL]
[2026-09-22T09:02:40.009328Z][APM_J.barcodereader][W][2330306][134]CRTCyclicEvent.cpp:TimeMissed():101|Cycle miss in event CCSICombinedRepManager. Time Overrun is 9160 us[EOL]
[2026-09-22T09:02:49.023298Z][APM_J.newgen-amplificationplatemagazine][W][2330306][141]CRTCyclicEvent.cpp:TimeMissed():101|Cycle miss in event CCSICombinedCmdManager Cyclic Event. Time Overrun is 336 us[EOL]
[2026-09-22T09:02:49.024369Z][APM_J.barcodereader][W][2330306][134]CRTCyclicEvent.cpp:TimeMissed():101|Cycle miss in event CCSICombinedCmdManager Cyclic Event. Time Overrun is 4286 us[EOL]
[2026-09-22T09:02:49.024400Z][APM_J.barcodereader][W][2330306][134]CRTCyclicEvent.cpp:TimeMissed():101|Cycle miss in event CCSICombinedRepManager. Time Overrun is 4286 us[EOL]
[2026-09-22T09:02:49.023430Z][APM_J.newgen-amplificationplatemagazine][W][2330306][141]CRTCyclicEvent.cpp:TimeMissed():101|Cycle miss in event CCSICombinedRepManager. Time Overrun is 336 us[EOL]
[2026-09-22T09:02:49.763597Z][APM_J.newgen-amplificationplatemagazine][W][2330306][141]CRTCyclicEvent.cpp:TimeMissed():101|Cycle miss in event CCSICombinedCmdManager Cyclic Event. Time Overrun is 635 us[EOL]
[2026-09-22T09:02:49.763639Z][APM_J.newgen-amplificationplatemagazine][W][2330306][141]CRTCyclicEvent.cpp:TimeMissed():101|Cycle miss in event CCSICombinedRepManager. Time Overrun is 635 us[EOL]
[2026-09-22T09:02:52.179994Z][APM_J.newgen-amplificationplatemagazine][W][2330306][141]CRTCyclicEvent.cpp:TimeMissed():101|Cycle miss in event CCSICombinedCmdManager Cyclic Event. Time Overrun is 17034 us[EOL]
[2026-09-22T09:02:52.180023Z][APM_J.newgen-amplificationplatemagazine][W][2330306][141]CRTCyclicEvent.cpp:TimeMissed():101|Cycle miss in event CCSICombinedRepManager. Time Overrun is 17034 us[EOL]
[2026-09-22T09:02:52.178160Z][APM_J.barcodereader][W][2330306][134]CRTCyclicEvent.cpp:TimeMissed():101|Cycle miss in event CCSICombinedCmdManager Cyclic Event. Time Overrun is 18077 us[EOL]
[2026-09-22T09:02:52.178190Z][APM_J.barcodereader][W][2330306][134]CRTCyclicEvent.cpp:TimeMissed():101|Cycle miss in event CCSICombinedRepManager. Time Overrun is 18077 us[EOL]
[2026-09-22T09:02:58.690471Z][APM_J.newgen-amplificationplatemagazine][I][2560016][141]IMessageHandler.h:operator()():40|Received RabbitMqMessage Roche.MolLab.InstrumentState.Ping. Content: {"Timestamp":"2026-09-22T09:02:58.675747Z","PingId":"IS66"}[EOL]
[2026-09-22T09:02:58.690506Z][APM_J.newgen-amplificationplatemagazine][I][844444436][141]UnitCommunicator.cpp:SendEvent():424|Publishing event: type=Roche.c68_8800.AmplificationPlateMagazine.J.Echo correlation_id=(n/a)[EOL]
[2026-09-22T09:02:58.690554Z][APM_J.newgen-amplificationplatemagazine][I][2560017][141]MessageSender.h:SendEvent():105|Sent RabbitMqEvent Roche.c68_8800.AmplificationPlateMagazine.J.Echo. Content: {"Timestamp":"2026-09-22T09:02:58.690502Z","MagazineId":"J","PingId":"IS66"}[EOL]
[2026-09-22T09:03:00.033301Z][APM_J.newgen-amplificationplatemagazine][W][2330306][141]CRTCyclicEvent.cpp:TimeMissed():101|Cycle miss in event CCSICombinedCmdManager Cyclic Event. Time Overrun is 340 us[EOL]
[2026-09-22T09:03:00.033387Z][APM_J.newgen-amplificationplatemagazine][W][2330306][141]CRTCyclicEvent.cpp:TimeMissed():101|Cycle miss in event CCSICombinedRepManager. Time Overrun is 340 us[EOL]
[2026-09-22T09:03:16.427107Z][APM_J.barcodereader][W][2330306][134]CRTCyclicEvent.cpp:TimeMissed():101|Cycle miss in event CCSICombinedCmdManager Cyclic Event. Time Overrun is 7025 us[EOL]
[2026-09-22T09:03:16.424250Z][APM_J.newgen-amplificationplatemagazine][W][2330306][141]CRTCyclicEvent.cpp:TimeMissed():101|Cycle miss in event CCSICombinedCmdManager Cyclic Event. Time Overrun is 1289 us[EOL]
[2026-09-22T09:03:16.424280Z][APM_J.newgen-amplificationplatemagazine][W][2330306][141]CRTCyclicEvent.cpp:TimeMissed():101|Cycle miss in event CCSICombinedRepManager. Time Overrun is 1289 us[EOL]
[2026-09-22T09:03:16.427136Z][APM_J.barcodereader][W][2330306][134]CRTCyclicEvent.cpp:TimeMissed():101|Cycle miss in event CCSICombinedRepManager. Time Overrun is 7025 us[EOL]
[2026-09-22T09:03:28.688164Z][APM_J.newgen-amplificationplatemagazine][I][2560016][141]IMessageHandler.h:operator()():40|Received RabbitMqMessage Roche.MolLab.InstrumentState.Ping. Content: {"Timestamp":"2026-09-22T09:03:28.675132Z","PingId":"IS67"}[EOL]
[2026-09-22T09:03:28.688192Z][APM_J.newgen-amplificationplatemagazine][I][844444436][141]UnitCommunicator.cpp:SendEvent():424|Publishing event: type=Roche.c68_8800.AmplificationPlateMagazine.J.Echo correlation_id=(n/a)[EOL]
[2026-09-22T09:03:28.688209Z][APM_J.newgen-amplificationplatemagazine][I][2560017][141]MessageSender.h:SendEvent():105|Sent RabbitMqEvent Roche.c68_8800.AmplificationPlateMagazine.J.Echo. Content: {"Timestamp":"2026-09-22T09:03:28.688188Z","MagazineId":"J","PingId":"IS67"}[EOL]
[2026-09-22T09:03:28.725154Z][APM_J.barcodereader][W][2330306][134]CRTCyclicEvent.cpp:TimeMissed():101|Cycle miss in event CCSICombinedCmdManager Cyclic Event. Time Overrun is 5072 us[EOL]
[2026-09-22T09:03:28.725189Z][APM_J.barcodereader][W][2330306][134]CRTCyclicEvent.cpp:TimeMissed():101|Cycle miss in event CCSICombinedRepManager. Time Overrun is 5072 us[EOL]
[2026-09-22T09:03:28.813356Z][APM_J.newgen-amplificationplatemagazine][W][2330306][141]CRTCyclicEvent.cpp:TimeMissed():101|Cycle miss in event CCSICombinedCmdManager Cyclic Event. Time Overrun is 396 us[EOL]
[2026-09-22T09:03:28.813389Z][APM_J.newgen-amplificationplatemagazine][W][2330306][141]CRTCyclicEvent.cpp:TimeMissed():101|Cycle miss in event CCSICombinedRepManager. Time Overrun is 396 us[EOL]
[2026-09-22T09:03:32.450383Z][APM_J.newgen-amplificationplatemagazine][W][2330306][141]CRTCyclicEvent.cpp:TimeMissed():101|Cycle miss in event CCSICombinedCmdManager Cyclic Event. Time Overrun is 7422 us[EOL]
[2026-09-22T09:03:32.450418Z][APM_J.newgen-amplificationplatemagazine][W][2330306][141]CRTCyclicEvent.cpp:TimeMissed():101|Cycle miss in event CCSICombinedRepManager. Time Overrun is 7422 us[EOL]
[2026-09-22T09:03:33.720869Z][APM_J.barcodereader][W][2330306][134]CRTCyclicEvent.cpp:TimeMissed():101|Cycle miss in event CCSICombinedCmdManager Cyclic Event. Time Overrun is 787 us[EOL]
[2026-09-22T09:03:33.720897Z][APM_J.barcodereader][W][2330306][134]CRTCyclicEvent.cpp:TimeMissed():101|Cycle miss in event CCSICombinedRepManager. Time Overrun is 787 us[EOL]
[2026-09-22T09:03:33.722325Z][APM_J.newgen-amplificationplatemagazine][W][2330306][141]CRTCyclicEvent.cpp:TimeMissed():101|Cycle miss in event CCSICombinedCmdManager Cyclic Event. Time Overrun is 9365 us[EOL]
[2026-09-22T09:03:33.722355Z][APM_J.newgen-amplificationplatemagazine][W][2330306][141]CRTCyclicEvent.cpp:TimeMissed():101|Cycle miss in event CCSICombinedRepManager. Time Overrun is 9365 us[EOL]
[2026-09-22T09:03:35.704025Z][APM_J.newgen-amplificationplatemagazine][W][2330306][141]CRTCyclicEvent.cpp:TimeMissed():101|Cycle miss in event CCSICombinedCmdManager Cyclic Event. Time Overrun is 21066 us[EOL]
[2026-09-22T09:03:35.704052Z][APM_J.newgen-amplificationplatemagazine][W][2330306][141]CRTCyclicEvent.cpp:TimeMissed():101|Cycle miss in event CCSICombinedRepManager. Time Overrun is 21066 us[EOL]
[2026-09-22T09:03:35.703860Z][APM_J.barcodereader][W][2330306][134]CRTCyclicEvent.cpp:TimeMissed():101|Cycle miss in event CCSICombinedCmdManager Cyclic Event. Time Overrun is 23777 us[EOL]
[2026-09-22T09:03:35.703886Z][APM_J.barcodereader][W][2330306][134]CRTCyclicEvent.cpp:TimeMissed():101|Cycle miss in event CCSICombinedRepManager. Time Overrun is 23777 us[EOL]
[2026-09-22T09:03:43.566192Z][APM_J.newgen-amplificationplatemagazine][W][2330306][141]CRTCyclicEvent.cpp:TimeMissed():101|Cycle miss in event CCSICombinedCmdManager Cyclic Event. Time Overrun is 3231 us[EOL]
[2026-09-22T09:03:43.566229Z][APM_J.newgen-amplificationplatemagazine][W][2330306][141]CRTCyclicEvent.cpp:TimeMissed():101|Cycle miss in event CCSICombinedRepManager. Time Overrun is 3231 us[EOL]
[2026-09-22T09:03:44.686602Z][APM_J.newgen-amplificationplatemagazine][W][2330306][141]CRTCyclicEvent.cpp:TimeMissed():101|Cycle miss in event CCSICombinedCmdManager Cyclic Event. Time Overrun is 3644 us[EOL]
[2026-09-22T09:03:44.686626Z][APM_J.newgen-amplificationplatemagazine][W][2330306][141]CRTCyclicEvent.cpp:TimeMissed():101|Cycle miss in event CCSICombinedRepManager. Time Overrun is 3644 us[EOL]
[2026-09-22T09:03:48.441600Z][APM_J.newgen-amplificationplatemagazine][W][2330306][141]CRTCyclicEvent.cpp:TimeMissed():101|Cycle miss in event CCSICombinedCmdManager Cyclic Event. Time Overrun is 18636 us[EOL]
[2026-09-22T09:03:48.441973Z][APM_J.barcodereader][W][2330306][134]CRTCyclicEvent.cpp:TimeMissed():101|Cycle miss in event CCSICombinedCmdManager Cyclic Event. Time Overrun is 11886 us[EOL]
[2026-09-22T09:03:48.441652Z][APM_J.newgen-amplificationplatemagazine][W][2330306][141]CRTCyclicEvent.cpp:TimeMissed():101|Cycle miss in event CCSICombinedRepManager. Time Overrun is 18636 us[EOL]
[2026-09-22T09:03:48.441999Z][APM_J.barcodereader][W][2330306][134]CRTCyclicEvent.cpp:TimeMissed():101|Cycle miss in event CCSICombinedRepManager. Time Overrun is 11886 us[EOL]
[2026-09-22T09:03:51.741106Z][APM_J.barcodereader][W][2330306][134]CRTCyclicEvent.cpp:TimeMissed():101|Cycle miss in event CCSICombinedCmdManager Cyclic Event. Time Overrun is 1024 us[EOL]
[2026-09-22T09:03:51.741143Z][APM_J.barcodereader][W][2330306][134]CRTCyclicEvent.cpp:TimeMissed():101|Cycle miss in event CCSICombinedRepManager. Time Overrun is 1024 us[EOL]
[2026-09-22T09:03:53.960189Z][APM_J.barcodereader][W][2330306][134]CRTCyclicEvent.cpp:TimeMissed():101|Cycle miss in event CCSICombinedCmdManager Cyclic Event. Time Overrun is 109 us[EOL]
[2026-09-22T09:03:53.960207Z][APM_J.barcodereader][W][2330306][134]CRTCyclicEvent.cpp:TimeMissed():101|Cycle miss in event CCSICombinedRepManager. Time Overrun is 109 us[EOL]
[2026-09-22T09:03:53.959999Z][APM_J.newgen-amplificationplatemagazine][W][2330306][141]CRTCyclicEvent.cpp:TimeMissed():101|Cycle miss in event CCSICombinedCmdManager Cyclic Event. Time Overrun is 7039 us[EOL]
[2026-09-22T09:03:53.960040Z][APM_J.newgen-amplificationplatemagazine][W][2330306][141]CRTCyclicEvent.cpp:TimeMissed():101|Cycle miss in event CCSICombinedRepManager. Time Overrun is 7039 us[EOL]
[2026-09-22T09:03:55.370949Z][APM_J.barcodereader][W][2330306][134]CRTCyclicEvent.cpp:TimeMissed():101|Cycle miss in event CCSICombinedCmdManager Cyclic Event. Time Overrun is 867 us[EOL]
[2026-09-22T09:03:55.370977Z][APM_J.barcodereader][W][2330306][134]CRTCyclicEvent.cpp:TimeMissed():101|Cycle miss in event CCSICombinedRepManager. Time Overrun is 867 us[EOL]
[2026-09-22T09:03:55.373770Z][APM_J.newgen-amplificationplatemagazine][W][2330306][141]CRTCyclicEvent.cpp:TimeMissed():101|Cycle miss in event CCSICombinedCmdManager Cyclic Event. Time Overrun is 809 us[EOL]
[2026-09-22T09:03:55.373800Z][APM_J.newgen-amplificationplatemagazine][W][2330306][141]CRTCyclicEvent.cpp:TimeMissed():101|Cycle miss in event CCSICombinedRepManager. Time Overrun is 809 us[EOL]
[2026-09-22T09:03:58.679994Z][APM_J.newgen-amplificationplatemagazine][I][2560016][141]IMessageHandler.h:operator()():40|Received RabbitMqMessage Roche.MolLab.InstrumentState.Ping. Content: {"Timestamp":"2026-09-22T09:03:58.6744201Z","PingId":"IS68"}[EOL]
[2026-09-22T09:03:58.680302Z][APM_J.newgen-amplificationplatemagazine][I][844444436][141]UnitCommunicator.cpp:SendEvent():424|Publishing event: type=Roche.c68_8800.AmplificationPlateMagazine.J.Echo correlation_id=(n/a)[EOL]
[2026-09-22T09:03:58.680343Z][APM_J.newgen-amplificationplatemagazine][I][2560017][141]MessageSender.h:SendEvent():105|Sent RabbitMqEvent Roche.c68_8800.AmplificationPlateMagazine.J.Echo. Content: {"Timestamp":"2026-09-22T09:03:58.680067Z","MagazineId":"J","PingId":"IS68"}[EOL]
[2026-09-22T09:04:07.422275Z][APM_J.newgen-amplificationplatemagazine][W][2330306][141]CRTCyclicEvent.cpp:TimeMissed():101|Cycle miss in event CCSICombinedCmdManager Cyclic Event. Time Overrun is 9313 us[EOL]
[2026-09-22T09:04:07.422343Z][APM_J.newgen-amplificationplatemagazine][W][2330306][141]CRTCyclicEvent.cpp:TimeMissed():101|Cycle miss in event CCSICombinedRepManager. Time Overrun is 9313 us[EOL]
