[2026-09-22T07:26:00.341649Z][TM_TransferModule.newgen-infrastructure][I][2330115][141]CRTArgumentParserBase.cpp:SetupLogFacility():200|System Logger Setup Done.[EOL]
[2026-09-22T07:26:00.341811Z][TM_TransferModule.newgen-infrastructure][I][1350078][141]CArgumentParserBase.cpp:ParseArguments():86|CSM version: 3.2.1.1340625_[EOL]
[2026-09-22T07:26:01.587463Z][TM_TransferModule.newgen-infrastructure][I][2330346][141]CRTSystemLogger.cpp:Activate():64|Realtime Logger created.[EOL]
[2026-09-22T07:26:01.587502Z][TM_TransferModule.newgen-infrastructure][N][2330110][141]CTLSF.cpp:TraceStatistics():105|TLSF Statistics: Initial pool size: 4194304 Bytes, pool increased: 0 times, high watermark: 113712 bytes, currently used size: 99984 bytes.[EOL]
[2026-09-22T07:26:01.587515Z][TM_TransferModule.newgen-infrastructure][I][2330349][141]CRTEventSystemConfigurationDefault.cpp:TraceSetupDone():284|Realtime Context Setup Done. Sched Policy: SCHED_FIFO, Prio: 45, Timer Prio: 75, Middleware Prio: 76, CPU assigned by OS[EOL]
[2026-09-22T07:26:02.445737Z][TM_TransferModule.newgen-infrastructure][I][2210061][141]CCSMApplication.cpp:UserLevelApplicationInit():371|Registered FuseboardController for CDI 0x100100[EOL]
[2026-09-22T07:26:02.470155Z][TM_TransferModule.newgen-infrastructure][I][2210062][141]CCSMApplication.cpp:UserLevelApplicationInit():377|Registered SerialPortController for CDI 0x100106 (SerialPortID 2)[EOL]
[2026-09-22T07:26:02.470624Z][TM_TransferModule.newgen-infrastructure][I][2210062][141]CCSMApplication.cpp:UserLevelApplicationInit():409|About to setup serial controller[EOL]
[2026-09-22T07:26:02.470904Z][TM_TransferModule.newgen-infrastructure][I][4560004][141]CClimateSensorSingleton.cpp:SetupSerialPortController():50|Setup SerialPortController with CDI 10a206 and serial port ID 3[EOL]
[2026-09-22T07:26:02.515146Z][TM_TransferModule.newgen-infrastructure][I][2210062][141]CCSMApplication.cpp:UserLevelApplicationInit():411|Registered controller for climate sensor[EOL]
[2026-09-22T07:26:02.530969Z][TM_TransferModule.newgen-infrastructure][I][0][141]CCSMApplication.cpp:UserLevelApplicationInit():435|Loading ECC /opt/roche/config//settings/startup/ecc.xml, Config ID: TransferModule_6800_2AC[EOL]
[2026-09-22T07:26:03.322405Z][TM_TransferModule.newgen-infrastructure][I][0][141]CCSMApplication.cpp:UserLevelApplicationInit():437|Parsing Device List[EOL]
[2026-09-22T07:26:03.535684Z][TM_TransferModule.newgen-infrastructure][N][2330477][141]CConnectionHandler.cpp:RegisterConnection():104|Socket added to epoll with identifier 0x0 (0), file descriptor 20.[EOL]
[2026-09-22T07:26:03.540596Z][TM_TransferModule.newgen-infrastructure][N][2330477][141]CConnectionHandler.cpp:RegisterConnection():104|Socket added to epoll with identifier 0x0 (0), file descriptor 21.[EOL]
[2026-09-22T07:26:03.540624Z][TM_TransferModule.newgen-infrastructure][N][2330467][141]CDefaultStreamHandler.cpp:OnConnectionAccepted():405|New connection established. file descriptor 21[EOL]
[2026-09-22T07:26:03.540657Z][TM_TransferModule.newgen-infrastructure][N][2330470][141]CDefaultStreamHandler.cpp:OnClosing():424|Socket with file descriptor 21 has been disconnected[EOL]
[2026-09-22T07:26:03.540663Z][TM_TransferModule.newgen-infrastructure][N][2330478][141]CConnectionHandler.cpp:UnregisterConnection():127|Socket removed from epoll with identifier 0x0 (0), file descriptor 21.[EOL]
[2026-09-22T07:26:03.547180Z][TM_TransferModule.newgen-infrastructure][N][844444405][141]RabbitMqConnector.cpp:Connect():840|Connecting as '6800_2AC.10001.Infrastructure.TransferModule' to RabbitMQ on amqp://USERNAME:PASSWORD@rabbitmq-server/[EOL]
[2026-09-22T07:26:03.552194Z][TM_TransferModule.newgen-infrastructure][N][2330477][141]CConnectionHandler.cpp:RegisterConnection():104|Socket added to epoll with identifier 0x15 (21), file descriptor 21.[EOL]
[2026-09-22T07:26:03.650556Z][TM_TransferModule.newgen-infrastructure][N][2330477][141]CConnectionHandler.cpp:RegisterConnection():104|Socket added to epoll with identifier 0x17 (23), file descriptor 23.[EOL]
[2026-09-22T07:26:03.650604Z][TM_TransferModule.newgen-infrastructure][N][2330478][141]CConnectionHandler.cpp:UnregisterConnection():127|Socket removed from epoll with identifier 0x15 (21), file descriptor 21.[EOL]
[2026-09-22T07:26:04.085712Z][TM_TransferModule.newgen-infrastructure][W][2330306][141]CRTCyclicEvent.cpp:TimeMissed():101|Cycle miss in event CCSICombinedCmdManager Cyclic Event. Time Overrun is 319099 us[EOL]
[2026-09-22T07:26:04.085760Z][TM_TransferModule.newgen-infrastructure][W][2330306][141]CRTCyclicEvent.cpp:TimeMissed():101|Cycle miss in event CCSICombinedRepManager. Time Overrun is 319099 us[EOL]
[2026-09-22T07:26:04.174924Z][TM_TransferModule.newgen-infrastructure][W][2330306][141]CRTCyclicEvent.cpp:TimeMissed():101|Cycle miss in event CCSICyclicRepManager. Time Overrun is 226041 us[EOL]
[2026-09-22T07:26:05.145891Z][TM_TransferModule.newgen-infrastructure][W][2330306][141]CRTCyclicEvent.cpp:TimeMissed():101|Cycle miss in event CCSICombinedCmdManager Cyclic Event. Time Overrun is 435 us[EOL]
[2026-09-22T07:26:05.145983Z][TM_TransferModule.newgen-infrastructure][W][2330306][141]CRTCyclicEvent.cpp:TimeMissed():101|Cycle miss in event CCSICombinedRepManager. Time Overrun is 435 us[EOL]
[2026-09-22T07:26:06.267219Z][TM_TransferModule.newgen-infrastructure][I][844444409][141]RabbitMqConnector.cpp:onProperties():1356|Exchange of properties: amqp_conn=0x7fd56c2a98c0 amqp_conn_fd=23#012  Properties sent by server:#012    table(capabilities:table(authentication_failure_close:booleanset(1,0,0,0,0,0,0,0),basic.nack:booleanset(1,0,0,0,0,0,0,0),connection.blocked:booleanset(1,0,0,0,0,0,0,0),consumer_cancel_notify:booleanset(1,0,0,0,0,0,0,0),consumer_priorities:booleanset(1,0,0,0,0,0,0,0),direct_reply_to:booleanset(1,0,0,0,0,0,0,0),exchange_exchange_bindings:booleanset(1,0,0,0,0,0,0,0),per_consumer_qos:booleanset(1,0,0,0,0,0,0,0),publisher_confirms:booleanset(1,0,0,0,0,0,0,0)),cluster_name:string(rabbit@x800-instrument),copyright:string(Copyright (c) 2007-2024 Broadcom Inc and/or its subsidiaries),information:string(Licensed under the MPL 2.0. Website: https://rabbitmq.com),platform:string(Erlang/OTP 26.2.5.3),product:string(RabbitMQ),version:string(3.13.7))#012  Properties sent back by us:#012    table(connection_name:string(6800_2AC.10001.Infrastructure.TransferModule))#012  Note that additional properties will be set internally by the AMQP-CPP library.[EOL]
[2026-09-22T07:26:06.268101Z][TM_TransferModule.newgen-infrastructure][W][2330306][141]CRTCyclicEvent.cpp:TimeMissed():101|Cycle miss in event CCSICombinedCmdManager Cyclic Event. Time Overrun is 2718 us[EOL]
[2026-09-22T07:26:06.268119Z][TM_TransferModule.newgen-infrastructure][W][2330306][141]CRTCyclicEvent.cpp:TimeMissed():101|Cycle miss in event CCSICombinedRepManager. Time Overrun is 2718 us[EOL]
[2026-09-22T07:26:06.344492Z][TM_TransferModule.newgen-infrastructure][I][844444410][141]RabbitMqConnector.cpp:onNegotiate():1364|Setting heartbeat frequency: amqp_conn=0x7fd56c2a98c0 amqp_conn_fd=23 interval=60[EOL]
[2026-09-22T07:26:06.347006Z][TM_TransferModule.newgen-infrastructure][I][844444411][141]RabbitMqConnector.cpp:onReady():1373|Handshake with rabbitmq completed: amqp_conn=0x7fd56c2a98c0 amqp_conn_fd=23[EOL]
[2026-09-22T07:26:06.409299Z][TM_TransferModule.newgen-infrastructure][I][844444453][141]RabbitMqConnector.cpp:operator()():631|Sucessfully consumed: queue_name: roche.newgen.infrastructure.transfermodule.q[EOL]
[2026-09-22T07:26:06.421734Z][TM_TransferModule.newgen-infrastructure][W][2330306][141]CRTCyclicEvent.cpp:TimeMissed():101|Cycle miss in event CCSICombinedCmdManager Cyclic Event. Time Overrun is 36348 us[EOL]
[2026-09-22T07:26:06.421764Z][TM_TransferModule.newgen-infrastructure][W][2330306][141]CRTCyclicEvent.cpp:TimeMissed():101|Cycle miss in event CCSICombinedRepManager. Time Overrun is 36348 us[EOL]
[2026-09-22T07:26:06.482844Z][TM_TransferModule.newgen-infrastructure][I][844444436][141]UnitCommunicator.cpp:SendEvent():424|Publishing event: type=Roche.c68_8800.Infrastructure.TransferModule.UnitStateChanged correlation_id=(n/a)[EOL]
[2026-09-22T07:26:06.568539Z][TM_TransferModule.newgen-infrastructure][W][2330306][141]CRTCyclicEvent.cpp:TimeMissed():101|Cycle miss in event CCSICombinedCmdManager Cyclic Event. Time Overrun is 33153 us[EOL]
[2026-09-22T07:26:06.568571Z][TM_TransferModule.newgen-infrastructure][W][2330306][141]CRTCyclicEvent.cpp:TimeMissed():101|Cycle miss in event CCSICombinedRepManager. Time Overrun is 33153 us[EOL]
[2026-09-22T07:26:06.579638Z][TM_TransferModule.newgen-infrastructure][I][2560017][141]MessageSender.h:SendEvent():105|Sent RabbitMqEvent Roche.c68_8800.Infrastructure.TransferModule.UnitStateChanged. Content: {"Timestamp":"2026-09-22T07:26:06.433227Z","TraceContext":"00-eea44af3d6063dd8a0d5a5c04fa0b705-305706bf5ade2305-01","ModuleId":"TransferModule","OldState":"PoweredOff","NewState":"StartingUp"}[EOL]
[2026-09-22T07:26:08.864230Z][TM_TransferModule.newgen-infrastructure][W][2330306][141]CRTCyclicEvent.cpp:TimeMissed():101|Cycle miss in event CCSICombinedCmdManager Cyclic Event. Time Overrun is 38850 us[EOL]
[2026-09-22T07:26:08.864256Z][TM_TransferModule.newgen-infrastructure][W][2330306][141]CRTCyclicEvent.cpp:TimeMissed():101|Cycle miss in event CCSICombinedRepManager. Time Overrun is 38850 us[EOL]
[2026-09-22T07:26:10.616692Z][TM_TransferModule.newgen-infrastructure][W][2330306][141]CRTCyclicEvent.cpp:TimeMissed():101|Cycle miss in event CCSICombinedCmdManager Cyclic Event. Time Overrun is 1309 us[EOL]
[2026-09-22T07:26:10.616719Z][TM_TransferModule.newgen-infrastructure][W][2330306][141]CRTCyclicEvent.cpp:TimeMissed():101|Cycle miss in event CCSICombinedRepManager. Time Overrun is 1309 us[EOL]
[2026-09-22T07:26:10.652701Z][TM_TransferModule.newgen-infrastructure][W][2330306][141]CRTCyclicEvent.cpp:TimeMissed():101|Cycle miss in event CCSICyclicRepManager. Time Overrun is 2105690 us[EOL]
[2026-09-22T07:26:10.753530Z][TM_TransferModule.newgen-infrastructure][W][2330306][141]CRTCyclicEvent.cpp:TimeMissed():101|Cycle miss in event CCSICombinedCmdManager Cyclic Event. Time Overrun is 18143 us[EOL]
[2026-09-22T07:26:10.753548Z][TM_TransferModule.newgen-infrastructure][W][2330306][141]CRTCyclicEvent.cpp:TimeMissed():101|Cycle miss in event CCSICombinedRepManager. Time Overrun is 18143 us[EOL]
[2026-09-22T07:26:10.908472Z][TM_TransferModule.newgen-infrastructure][W][2330306][141]CRTCyclicEvent.cpp:TimeMissed():101|Cycle miss in event CCSICombinedCmdManager Cyclic Event. Time Overrun is 43088 us[EOL]
[2026-09-22T07:26:10.908506Z][TM_TransferModule.newgen-infrastructure][W][2330306][141]CRTCyclicEvent.cpp:TimeMissed():101|Cycle miss in event CCSICombinedRepManager. Time Overrun is 43088 us[EOL]
[2026-09-22T07:26:11.664400Z][TM_TransferModule.newgen-infrastructure][W][2330306][141]CRTCyclicEvent.cpp:TimeMissed():101|Cycle miss in event CCSICombinedCmdManager Cyclic Event. Time Overrun is 18920 us[EOL]
[2026-09-22T07:26:11.664533Z][TM_TransferModule.newgen-infrastructure][W][2330306][141]CRTCyclicEvent.cpp:TimeMissed():101|Cycle miss in event CCSICombinedRepManager. Time Overrun is 18920 us[EOL]
[2026-09-22T07:26:12.811291Z][TM_TransferModule.newgen-infrastructure][W][2330306][141]CRTCyclicEvent.cpp:TimeMissed():101|Cycle miss in event CCSICombinedCmdManager Cyclic Event. Time Overrun is 5903 us[EOL]
[2026-09-22T07:26:12.811393Z][TM_TransferModule.newgen-infrastructure][W][2330306][141]CRTCyclicEvent.cpp:TimeMissed():101|Cycle miss in event CCSICombinedRepManager. Time Overrun is 5903 us[EOL]
[2026-09-22T07:26:13.213323Z][TM_TransferModule.newgen-infrastructure][W][2330306][141]CRTCyclicEvent.cpp:TimeMissed():101|Cycle miss in event CCSICombinedCmdManager Cyclic Event. Time Overrun is 7939 us[EOL]
[2026-09-22T07:26:13.213361Z][TM_TransferModule.newgen-infrastructure][W][2330306][141]CRTCyclicEvent.cpp:TimeMissed():101|Cycle miss in event CCSICombinedRepManager. Time Overrun is 7939 us[EOL]
[2026-09-22T07:26:13.714644Z][TM_TransferModule.newgen-infrastructure][W][2330306][141]CRTCyclicEvent.cpp:TimeMissed():101|Cycle miss in event CCSICombinedCmdManager Cyclic Event. Time Overrun is 9260 us[EOL]
[2026-09-22T07:26:13.714675Z][TM_TransferModule.newgen-infrastructure][W][2330306][141]CRTCyclicEvent.cpp:TimeMissed():101|Cycle miss in event CCSICombinedRepManager. Time Overrun is 9260 us[EOL]
[2026-09-22T07:26:15.098538Z][TM_TransferModule.newgen-infrastructure][W][2330306][141]CRTCyclicEvent.cpp:TimeMissed():101|Cycle miss in event CCSICombinedCmdManager Cyclic Event. Time Overrun is 82998 us[EOL]
[2026-09-22T07:26:15.098626Z][TM_TransferModule.newgen-infrastructure][W][2330306][141]CRTCyclicEvent.cpp:TimeMissed():101|Cycle miss in event CCSICombinedRepManager. Time Overrun is 82998 us[EOL]
[2026-09-22T07:26:15.919249Z][TM_TransferModule.newgen-infrastructure][W][2330306][141]CRTCyclicEvent.cpp:TimeMissed():101|Cycle miss in event CCSICombinedCmdManager Cyclic Event. Time Overrun is 3833 us[EOL]
[2026-09-22T07:26:15.919533Z][TM_TransferModule.newgen-infrastructure][W][2330306][141]CRTCyclicEvent.cpp:TimeMissed():101|Cycle miss in event CCSICombinedRepManager. Time Overrun is 3833 us[EOL]
[2026-09-22T07:26:16.791520Z][TM_TransferModule.newgen-infrastructure][W][2330306][141]CRTCyclicEvent.cpp:TimeMissed():101|Cycle miss in event CCSICombinedCmdManager Cyclic Event. Time Overrun is 6083 us[EOL]
[2026-09-22T07:26:16.791823Z][TM_TransferModule.newgen-infrastructure][W][2330306][141]CRTCyclicEvent.cpp:TimeMissed():101|Cycle miss in event CCSICombinedRepManager. Time Overrun is 6083 us[EOL]
[2026-09-22T07:26:18.163714Z][TM_TransferModule.newgen-infrastructure][W][2330306][141]CRTCyclicEvent.cpp:TimeMissed():101|Cycle miss in event CCSICombinedCmdManager Cyclic Event. Time Overrun is 18310 us[EOL]
[2026-09-22T07:26:18.163887Z][TM_TransferModule.newgen-infrastructure][W][2330306][141]CRTCyclicEvent.cpp:TimeMissed():101|Cycle miss in event CCSICombinedRepManager. Time Overrun is 18310 us[EOL]
[2026-09-22T07:26:19.154873Z][TM_TransferModule.newgen-infrastructure][W][2330306][141]CRTCyclicEvent.cpp:TimeMissed():101|Cycle miss in event CCSICombinedCmdManager Cyclic Event. Time Overrun is 29373 us[EOL]
[2026-09-22T07:26:19.154937Z][TM_TransferModule.newgen-infrastructure][W][2330306][141]CRTCyclicEvent.cpp:TimeMissed():101|Cycle miss in event CCSICombinedRepManager. Time Overrun is 29373 us[EOL]
[2026-09-22T07:26:19.346779Z][TM_TransferModule.newgen-infrastructure][W][2330306][141]CRTCyclicEvent.cpp:TimeMissed():101|Cycle miss in event CCSICombinedCmdManager Cyclic Event. Time Overrun is 41396 us[EOL]
[2026-09-22T07:26:19.346814Z][TM_TransferModule.newgen-infrastructure][W][2330306][141]CRTCyclicEvent.cpp:TimeMissed():101|Cycle miss in event CCSICombinedRepManager. Time Overrun is 41396 us[EOL]
[2026-09-22T07:26:19.567285Z][TM_TransferModule.newgen-infrastructure][W][2330306][141]CRTCyclicEvent.cpp:TimeMissed():101|Cycle miss in event CCSICombinedCmdManager Cyclic Event. Time Overrun is 1896 us[EOL]
[2026-09-22T07:26:19.567383Z][TM_TransferModule.newgen-infrastructure][W][2330306][141]CRTCyclicEvent.cpp:TimeMissed():101|Cycle miss in event CCSICombinedRepManager. Time Overrun is 1896 us[EOL]
[2026-09-22T07:26:22.762879Z][TM_TransferModule.newgen-infrastructure][W][2330306][141]CRTCyclicEvent.cpp:TimeMissed():101|Cycle miss in event CCSICombinedCmdManager Cyclic Event. Time Overrun is 7384 us[EOL]
[2026-09-22T07:26:22.763285Z][TM_TransferModule.newgen-infrastructure][W][2330306][141]CRTCyclicEvent.cpp:TimeMissed():101|Cycle miss in event CCSICombinedRepManager. Time Overrun is 7384 us[EOL]
[2026-09-22T07:26:23.187100Z][TM_TransferModule.newgen-infrastructure][W][2330306][141]CRTCyclicEvent.cpp:TimeMissed():101|Cycle miss in event CCSICombinedCmdManager Cyclic Event. Time Overrun is 1714 us[EOL]
[2026-09-22T07:26:23.187171Z][TM_TransferModule.newgen-infrastructure][W][2330306][141]CRTCyclicEvent.cpp:TimeMissed():101|Cycle miss in event CCSICombinedRepManager. Time Overrun is 1714 us[EOL]
[2026-09-22T07:26:23.386205Z][TM_TransferModule.newgen-infrastructure][W][2330306][141]CRTCyclicEvent.cpp:TimeMissed():101|Cycle miss in event CCSICombinedCmdManager Cyclic Event. Time Overrun is 819 us[EOL]
[2026-09-22T07:26:23.386359Z][TM_TransferModule.newgen-infrastructure][W][2330306][141]CRTCyclicEvent.cpp:TimeMissed():101|Cycle miss in event CCSICombinedRepManager. Time Overrun is 819 us[EOL]
[2026-09-22T07:26:23.600747Z][TM_TransferModule.newgen-infrastructure][W][2330306][141]CRTCyclicEvent.cpp:TimeMissed():101|Cycle miss in event CCSICombinedCmdManager Cyclic Event. Time Overrun is 15361 us[EOL]
[2026-09-22T07:26:23.600782Z][TM_TransferModule.newgen-infrastructure][W][2330306][141]CRTCyclicEvent.cpp:TimeMissed():101|Cycle miss in event CCSICombinedRepManager. Time Overrun is 15361 us[EOL]
[2026-09-22T07:26:23.776281Z][TM_TransferModule.newgen-infrastructure][W][2330306][141]CRTCyclicEvent.cpp:TimeMissed():101|Cycle miss in event CCSICombinedCmdManager Cyclic Event. Time Overrun is 20894 us[EOL]
[2026-09-22T07:26:23.776324Z][TM_TransferModule.newgen-infrastructure][W][2330306][141]CRTCyclicEvent.cpp:TimeMissed():101|Cycle miss in event CCSICombinedRepManager. Time Overrun is 20894 us[EOL]
[2026-09-22T07:26:24.472823Z][TM_TransferModule.newgen-infrastructure][W][2330306][141]CRTCyclicEvent.cpp:TimeMissed():101|Cycle miss in event CCSICombinedCmdManager Cyclic Event. Time Overrun is 7438 us[EOL]
[2026-09-22T07:26:24.472893Z][TM_TransferModule.newgen-infrastructure][W][2330306][141]CRTCyclicEvent.cpp:TimeMissed():101|Cycle miss in event CCSICombinedRepManager. Time Overrun is 7438 us[EOL]
[2026-09-22T07:26:25.615962Z][TM_TransferModule.newgen-infrastructure][W][2330306][141]CRTCyclicEvent.cpp:TimeMissed():101|Cycle miss in event CCSICombinedCmdManager Cyclic Event. Time Overrun is 568 us[EOL]
[2026-09-22T07:26:25.616018Z][TM_TransferModule.newgen-infrastructure][W][2330306][141]CRTCyclicEvent.cpp:TimeMissed():101|Cycle miss in event CCSICombinedRepManager. Time Overrun is 568 us[EOL]
[2026-09-22T07:26:26.055395Z][TM_TransferModule.newgen-infrastructure][W][2330306][141]CRTCyclicEvent.cpp:TimeMissed():101|Cycle miss in event CCSICyclicRepManager. Time Overrun is 8423 us[EOL]
[2026-09-22T07:26:26.072542Z][TM_TransferModule.newgen-infrastructure][W][2330306][141]CRTCyclicEvent.cpp:TimeMissed():101|Cycle miss in event CCSICombinedCmdManager Cyclic Event. Time Overrun is 117152 us[EOL]
[2026-09-22T07:26:26.072571Z][TM_TransferModule.newgen-infrastructure][W][2330306][141]CRTCyclicEvent.cpp:TimeMissed():101|Cycle miss in event CCSICombinedRepManager. Time Overrun is 117152 us[EOL]
[2026-09-22T07:26:26.276256Z][TM_TransferModule.newgen-infrastructure][W][2330306][141]CRTCyclicEvent.cpp:TimeMissed():101|Cycle miss in event CCSICombinedCmdManager Cyclic Event. Time Overrun is 20873 us[EOL]
[2026-09-22T07:26:26.276296Z][TM_TransferModule.newgen-infrastructure][W][2330306][141]CRTCyclicEvent.cpp:TimeMissed():101|Cycle miss in event CCSICombinedRepManager. Time Overrun is 20873 us[EOL]
[2026-09-22T07:26:33.750589Z][TM_TransferModule.newgen-infrastructure][W][2330306][141]CRTCyclicEvent.cpp:TimeMissed():101|Cycle miss in event CCSICombinedCmdManager Cyclic Event. Time Overrun is 5205 us[EOL]
[2026-09-22T07:26:33.750625Z][TM_TransferModule.newgen-infrastructure][W][2330306][141]CRTCyclicEvent.cpp:TimeMissed():101|Cycle miss in event CCSICombinedRepManager. Time Overrun is 5205 us[EOL]
[2026-09-22T07:26:34.181273Z][TM_TransferModule.newgen-infrastructure][W][2330306][141]CRTCyclicEvent.cpp:TimeMissed():101|Cycle miss in event CCSICombinedCmdManager Cyclic Event. Time Overrun is 5805 us[EOL]
[2026-09-22T07:26:34.181362Z][TM_TransferModule.newgen-infrastructure][W][2330306][141]CRTCyclicEvent.cpp:TimeMissed():101|Cycle miss in event CCSICombinedRepManager. Time Overrun is 5805 us[EOL]
[2026-09-22T07:26:41.487973Z][TM_TransferModule.newgen-infrastructure][W][2330306][141]CRTCyclicEvent.cpp:TimeMissed():101|Cycle miss in event CCSICyclicRepManager. Time Overrun is 340953 us[EOL]
[2026-09-22T07:26:41.708038Z][TM_TransferModule.newgen-infrastructure][W][2330306][141]CRTCyclicEvent.cpp:TimeMissed():101|Cycle miss in event CCSICombinedCmdManager Cyclic Event. Time Overrun is 2654 us[EOL]
[2026-09-22T07:26:41.708075Z][TM_TransferModule.newgen-infrastructure][W][2330306][141]CRTCyclicEvent.cpp:TimeMissed():101|Cycle miss in event CCSICombinedRepManager. Time Overrun is 2654 us[EOL]
[2026-09-22T07:26:42.362382Z][TM_TransferModule.newgen-infrastructure][W][2330306][141]CRTCyclicEvent.cpp:TimeMissed():101|Cycle miss in event CCSICombinedCmdManager Cyclic Event. Time Overrun is 16996 us[EOL]
[2026-09-22T07:26:42.362419Z][TM_TransferModule.newgen-infrastructure][W][2330306][141]CRTCyclicEvent.cpp:TimeMissed():101|Cycle miss in event CCSICombinedRepManager. Time Overrun is 16996 us[EOL]
[2026-09-22T07:26:42.614681Z][TM_TransferModule.newgen-infrastructure][W][2330306][141]CRTCyclicEvent.cpp:TimeMissed():101|Cycle miss in event CCSICombinedCmdManager Cyclic Event. Time Overrun is 129297 us[EOL]
[2026-09-22T07:26:42.614712Z][TM_TransferModule.newgen-infrastructure][W][2330306][141]CRTCyclicEvent.cpp:TimeMissed():101|Cycle miss in event CCSICombinedRepManager. Time Overrun is 129297 us[EOL]
[2026-09-22T07:26:42.951601Z][TM_TransferModule.newgen-infrastructure][W][2330306][141]CRTCyclicEvent.cpp:TimeMissed():101|Cycle miss in event CCSICombinedCmdManager Cyclic Event. Time Overrun is 236212 us[EOL]
[2026-09-22T07:26:42.951654Z][TM_TransferModule.newgen-infrastructure][W][2330306][141]CRTCyclicEvent.cpp:TimeMissed():101|Cycle miss in event CCSICombinedRepManager. Time Overrun is 236212 us[EOL]
[2026-09-22T07:26:42.954849Z][TM_TransferModule.newgen-infrastructure][W][2330306][141]CRTCyclicEvent.cpp:TimeMissed():101|Cycle miss in event CCSICyclicRepManager. Time Overrun is 307923 us[EOL]
[2026-09-22T07:26:43.230265Z][TM_TransferModule.newgen-infrastructure][W][2330306][141]CRTCyclicEvent.cpp:TimeMissed():101|Cycle miss in event CCSICombinedCmdManager Cyclic Event. Time Overrun is 164878 us[EOL]
[2026-09-22T07:26:43.230297Z][TM_TransferModule.newgen-infrastructure][W][2330306][141]CRTCyclicEvent.cpp:TimeMissed():101|Cycle miss in event CCSICombinedRepManager. Time Overrun is 164878 us[EOL]
[2026-09-22T07:26:43.369855Z][TM_TransferModule.newgen-infrastructure][W][2330306][141]CRTCyclicEvent.cpp:TimeMissed():101|Cycle miss in event CCSICombinedCmdManager Cyclic Event. Time Overrun is 24466 us[EOL]
[2026-09-22T07:26:43.370153Z][TM_TransferModule.newgen-infrastructure][W][2330306][141]CRTCyclicEvent.cpp:TimeMissed():101|Cycle miss in event CCSICombinedRepManager. Time Overrun is 24466 us[EOL]
[2026-09-22T07:26:43.739436Z][TM_TransferModule.newgen-infrastructure][W][2330306][141]CRTCyclicEvent.cpp:TimeMissed():101|Cycle miss in event CCSICombinedCmdManager Cyclic Event. Time Overrun is 34047 us[EOL]
[2026-09-22T07:26:43.739485Z][TM_TransferModule.newgen-infrastructure][W][2330306][141]CRTCyclicEvent.cpp:TimeMissed():101|Cycle miss in event CCSICombinedRepManager. Time Overrun is 34047 us[EOL]
[2026-09-22T07:26:43.895317Z][TM_TransferModule.newgen-infrastructure][W][2330306][141]CRTCyclicEvent.cpp:TimeMissed():101|Cycle miss in event CCSICombinedCmdManager Cyclic Event. Time Overrun is 39932 us[EOL]
[2026-09-22T07:26:43.895353Z][TM_TransferModule.newgen-infrastructure][W][2330306][141]CRTCyclicEvent.cpp:TimeMissed():101|Cycle miss in event CCSICombinedRepManager. Time Overrun is 39932 us[EOL]
[2026-09-22T07:26:44.058698Z][TM_TransferModule.newgen-infrastructure][W][2330306][141]CRTCyclicEvent.cpp:TimeMissed():101|Cycle miss in event CCSICombinedCmdManager Cyclic Event. Time Overrun is 23316 us[EOL]
[2026-09-22T07:26:44.058731Z][TM_TransferModule.newgen-infrastructure][W][2330306][141]CRTCyclicEvent.cpp:TimeMissed():101|Cycle miss in event CCSICombinedRepManager. Time Overrun is 23316 us[EOL]
[2026-09-22T07:26:44.685976Z][TM_TransferModule.newgen-infrastructure][W][2330306][141]CRTCyclicEvent.cpp:TimeMissed():101|Cycle miss in event CCSICombinedCmdManager Cyclic Event. Time Overrun is 170588 us[EOL]
[2026-09-22T07:26:44.686020Z][TM_TransferModule.newgen-infrastructure][W][2330306][141]CRTCyclicEvent.cpp:TimeMissed():101|Cycle miss in event CCSICombinedRepManager. Time Overrun is 170588 us[EOL]
[2026-09-22T07:26:44.686894Z][TM_TransferModule.newgen-infrastructure][W][2330306][141]CRTCyclicEvent.cpp:TimeMissed():101|Cycle miss in event CCSICyclicRepManager. Time Overrun is 39972 us[EOL]
[2026-09-22T07:26:44.806217Z][TM_TransferModule.newgen-infrastructure][W][2330306][141]CRTCyclicEvent.cpp:TimeMissed():101|Cycle miss in event CCSICombinedCmdManager Cyclic Event. Time Overrun is 834 us[EOL]
[2026-09-22T07:26:44.806248Z][TM_TransferModule.newgen-infrastructure][W][2330306][141]CRTCyclicEvent.cpp:TimeMissed():101|Cycle miss in event CCSICombinedRepManager. Time Overrun is 834 us[EOL]
[2026-09-22T07:26:44.959908Z][TM_TransferModule.newgen-infrastructure][W][2330306][141]CRTCyclicEvent.cpp:TimeMissed():101|Cycle miss in event CCSICombinedCmdManager Cyclic Event. Time Overrun is 34523 us[EOL]
[2026-09-22T07:26:44.959935Z][TM_TransferModule.newgen-infrastructure][W][2330306][141]CRTCyclicEvent.cpp:TimeMissed():101|Cycle miss in event CCSICombinedRepManager. Time Overrun is 34523 us[EOL]
[2026-09-22T07:26:45.089469Z][TM_TransferModule.newgen-infrastructure][W][2330306][141]CRTCyclicEvent.cpp:TimeMissed():101|Cycle miss in event CCSICombinedCmdManager Cyclic Event. Time Overrun is 14080 us[EOL]
[2026-09-22T07:26:45.089512Z][TM_TransferModule.newgen-infrastructure][W][2330306][141]CRTCyclicEvent.cpp:TimeMissed():101|Cycle miss in event CCSICombinedRepManager. Time Overrun is 14080 us[EOL]
[2026-09-22T07:26:45.222063Z][TM_TransferModule.newgen-infrastructure][W][2330306][141]CRTCyclicEvent.cpp:TimeMissed():101|Cycle miss in event CCSICombinedCmdManager Cyclic Event. Time Overrun is 16676 us[EOL]
[2026-09-22T07:26:45.222359Z][TM_TransferModule.newgen-infrastructure][W][2330306][141]CRTCyclicEvent.cpp:TimeMissed():101|Cycle miss in event CCSICombinedRepManager. Time Overrun is 16676 us[EOL]
[2026-09-22T07:26:45.345975Z][TM_TransferModule.newgen-infrastructure][W][2330306][141]CRTCyclicEvent.cpp:TimeMissed():101|Cycle miss in event CCSICombinedCmdManager Cyclic Event. Time Overrun is 10590 us[EOL]
[2026-09-22T07:26:45.345996Z][TM_TransferModule.newgen-infrastructure][W][2330306][141]CRTCyclicEvent.cpp:TimeMissed():101|Cycle miss in event CCSICombinedRepManager. Time Overrun is 10590 us[EOL]
[2026-09-22T07:26:45.602293Z][TM_TransferModule.newgen-infrastructure][W][2330306][141]CRTCyclicEvent.cpp:TimeMissed():101|Cycle miss in event CCSICombinedCmdManager Cyclic Event. Time Overrun is 106905 us[EOL]
[2026-09-22T07:26:45.602358Z][TM_TransferModule.newgen-infrastructure][W][2330306][141]CRTCyclicEvent.cpp:TimeMissed():101|Cycle miss in event CCSICombinedRepManager. Time Overrun is 106905 us[EOL]
[2026-09-22T07:26:45.752952Z][TM_TransferModule.newgen-infrastructure][W][2330306][141]CRTCyclicEvent.cpp:TimeMissed():101|Cycle miss in event CCSICombinedCmdManager Cyclic Event. Time Overrun is 37568 us[EOL]
[2026-09-22T07:26:45.753001Z][TM_TransferModule.newgen-infrastructure][W][2330306][141]CRTCyclicEvent.cpp:TimeMissed():101|Cycle miss in event CCSICombinedRepManager. Time Overrun is 37568 us[EOL]
[2026-09-22T07:26:45.915627Z][TM_TransferModule.newgen-infrastructure][W][2330306][141]CRTCyclicEvent.cpp:TimeMissed():101|Cycle miss in event CCSICombinedCmdManager Cyclic Event. Time Overrun is 50242 us[EOL]
[2026-09-22T07:26:45.915680Z][TM_TransferModule.newgen-infrastructure][W][2330306][141]CRTCyclicEvent.cpp:TimeMissed():101|Cycle miss in event CCSICombinedRepManager. Time Overrun is 50242 us[EOL]
[2026-09-22T07:26:46.082005Z][TM_TransferModule.newgen-infrastructure][W][2330306][141]CRTCyclicEvent.cpp:TimeMissed():101|Cycle miss in event CCSICyclicRepManager. Time Overrun is 35077 us[EOL]
[2026-09-22T07:26:46.084517Z][TM_TransferModule.newgen-infrastructure][W][2330306][141]CRTCyclicEvent.cpp:TimeMissed():101|Cycle miss in event CCSICombinedCmdManager Cyclic Event. Time Overrun is 49125 us[EOL]
[2026-09-22T07:26:46.084548Z][TM_TransferModule.newgen-infrastructure][W][2330306][141]CRTCyclicEvent.cpp:TimeMissed():101|Cycle miss in event CCSICombinedRepManager. Time Overrun is 49125 us[EOL]
[2026-09-22T07:26:46.227128Z][TM_TransferModule.newgen-infrastructure][W][2330306][141]CRTCyclicEvent.cpp:TimeMissed():101|Cycle miss in event CCSICombinedCmdManager Cyclic Event. Time Overrun is 31726 us[EOL]
[2026-09-22T07:26:46.227208Z][TM_TransferModule.newgen-infrastructure][W][2330306][141]CRTCyclicEvent.cpp:TimeMissed():101|Cycle miss in event CCSICombinedRepManager. Time Overrun is 31726 us[EOL]
[2026-09-22T07:26:46.386982Z][TM_TransferModule.newgen-infrastructure][W][2330306][141]CRTCyclicEvent.cpp:TimeMissed():101|Cycle miss in event CCSICombinedCmdManager Cyclic Event. Time Overrun is 31598 us[EOL]
[2026-09-22T07:26:46.387003Z][TM_TransferModule.newgen-infrastructure][W][2330306][141]CRTCyclicEvent.cpp:TimeMissed():101|Cycle miss in event CCSICombinedRepManager. Time Overrun is 31598 us[EOL]
[2026-09-22T07:26:47.214675Z][TM_TransferModule.newgen-infrastructure][W][2330306][141]CRTCyclicEvent.cpp:TimeMissed():101|Cycle miss in event CCSICombinedCmdManager Cyclic Event. Time Overrun is 89287 us[EOL]
[2026-09-22T07:26:47.214727Z][TM_TransferModule.newgen-infrastructure][W][2330306][141]CRTCyclicEvent.cpp:TimeMissed():101|Cycle miss in event CCSICombinedRepManager. Time Overrun is 89287 us[EOL]
[2026-09-22T07:26:47.368006Z][TM_TransferModule.newgen-infrastructure][W][2330306][141]CRTCyclicEvent.cpp:TimeMissed():101|Cycle miss in event CCSICombinedCmdManager Cyclic Event. Time Overrun is 42624 us[EOL]
[2026-09-22T07:26:47.368033Z][TM_TransferModule.newgen-infrastructure][W][2330306][141]CRTCyclicEvent.cpp:TimeMissed():101|Cycle miss in event CCSICombinedRepManager. Time Overrun is 42624 us[EOL]
[2026-09-22T07:26:47.502304Z][TM_TransferModule.newgen-infrastructure][W][2330306][141]CRTCyclicEvent.cpp:TimeMissed():101|Cycle miss in event CCSICombinedCmdManager Cyclic Event. Time Overrun is 6920 us[EOL]
[2026-09-22T07:26:47.502341Z][TM_TransferModule.newgen-infrastructure][W][2330306][141]CRTCyclicEvent.cpp:TimeMissed():101|Cycle miss in event CCSICombinedRepManager. Time Overrun is 6920 us[EOL]
[2026-09-22T07:26:48.469933Z][TM_TransferModule.newgen-infrastructure][W][2330306][141]CRTCyclicEvent.cpp:TimeMissed():101|Cycle miss in event CCSICombinedCmdManager Cyclic Event. Time Overrun is 44548 us[EOL]
[2026-09-22T07:26:48.469963Z][TM_TransferModule.newgen-infrastructure][W][2330306][141]CRTCyclicEvent.cpp:TimeMissed():101|Cycle miss in event CCSICombinedRepManager. Time Overrun is 44548 us[EOL]
[2026-09-22T07:26:48.591498Z][TM_TransferModule.newgen-infrastructure][W][2330306][141]CRTCyclicEvent.cpp:TimeMissed():101|Cycle miss in event CCSICombinedCmdManager Cyclic Event. Time Overrun is 6113 us[EOL]
[2026-09-22T07:26:48.591552Z][TM_TransferModule.newgen-infrastructure][W][2330306][141]CRTCyclicEvent.cpp:TimeMissed():101|Cycle miss in event CCSICombinedRepManager. Time Overrun is 6113 us[EOL]
[2026-09-22T07:26:48.711927Z][TM_TransferModule.newgen-infrastructure][W][2330306][141]CRTCyclicEvent.cpp:TimeMissed():101|Cycle miss in event CCSICombinedCmdManager Cyclic Event. Time Overrun is 6543 us[EOL]
[2026-09-22T07:26:48.711959Z][TM_TransferModule.newgen-infrastructure][W][2330306][141]CRTCyclicEvent.cpp:TimeMissed():101|Cycle miss in event CCSICombinedRepManager. Time Overrun is 6543 us[EOL]
[2026-09-22T07:26:48.893399Z][TM_TransferModule.newgen-infrastructure][W][2330306][141]CRTCyclicEvent.cpp:TimeMissed():101|Cycle miss in event CCSICombinedCmdManager Cyclic Event. Time Overrun is 68016 us[EOL]
[2026-09-22T07:26:48.893436Z][TM_TransferModule.newgen-infrastructure][W][2330306][141]CRTCyclicEvent.cpp:TimeMissed():101|Cycle miss in event CCSICombinedRepManager. Time Overrun is 68016 us[EOL]
[2026-09-22T07:26:49.029227Z][TM_TransferModule.newgen-infrastructure][W][2330306][141]CRTCyclicEvent.cpp:TimeMissed():101|Cycle miss in event CCSICombinedCmdManager Cyclic Event. Time Overrun is 13846 us[EOL]
[2026-09-22T07:26:49.029246Z][TM_TransferModule.newgen-infrastructure][W][2330306][141]CRTCyclicEvent.cpp:TimeMissed():101|Cycle miss in event CCSICombinedRepManager. Time Overrun is 13846 us[EOL]
[2026-09-22T07:26:49.173489Z][TM_TransferModule.newgen-infrastructure][W][2330306][141]CRTCyclicEvent.cpp:TimeMissed():101|Cycle miss in event CCSICombinedCmdManager Cyclic Event. Time Overrun is 18104 us[EOL]
[2026-09-22T07:26:49.173520Z][TM_TransferModule.newgen-infrastructure][W][2330306][141]CRTCyclicEvent.cpp:TimeMissed():101|Cycle miss in event CCSICombinedRepManager. Time Overrun is 18104 us[EOL]
[2026-09-22T07:26:49.292508Z][TM_TransferModule.newgen-infrastructure][W][2330306][141]CRTCyclicEvent.cpp:TimeMissed():101|Cycle miss in event CCSICombinedCmdManager Cyclic Event. Time Overrun is 7119 us[EOL]
[2026-09-22T07:26:49.292551Z][TM_TransferModule.newgen-infrastructure][W][2330306][141]CRTCyclicEvent.cpp:TimeMissed():101|Cycle miss in event CCSICombinedRepManager. Time Overrun is 7119 us[EOL]
[2026-09-22T07:26:49.432177Z][TM_TransferModule.newgen-infrastructure][W][2330306][141]CRTCyclicEvent.cpp:TimeMissed():101|Cycle miss in event CCSICombinedCmdManager Cyclic Event. Time Overrun is 26791 us[EOL]
[2026-09-22T07:26:49.432235Z][TM_TransferModule.newgen-infrastructure][W][2330306][141]CRTCyclicEvent.cpp:TimeMissed():101|Cycle miss in event CCSICombinedRepManager. Time Overrun is 26791 us[EOL]
[2026-09-22T07:26:49.570230Z][TM_TransferModule.newgen-infrastructure][W][2330306][141]CRTCyclicEvent.cpp:TimeMissed():101|Cycle miss in event CCSICombinedCmdManager Cyclic Event. Time Overrun is 24848 us[EOL]
[2026-09-22T07:26:49.570249Z][TM_TransferModule.newgen-infrastructure][W][2330306][141]CRTCyclicEvent.cpp:TimeMissed():101|Cycle miss in event CCSICombinedRepManager. Time Overrun is 24848 us[EOL]
[2026-09-22T07:26:49.695058Z][TM_TransferModule.newgen-infrastructure][W][2330306][141]CRTCyclicEvent.cpp:TimeMissed():101|Cycle miss in event CCSICombinedCmdManager Cyclic Event. Time Overrun is 9670 us[EOL]
[2026-09-22T07:26:49.695121Z][TM_TransferModule.newgen-infrastructure][W][2330306][141]CRTCyclicEvent.cpp:TimeMissed():101|Cycle miss in event CCSICombinedRepManager. Time Overrun is 9670 us[EOL]
[2026-09-22T07:26:49.820701Z][TM_TransferModule.newgen-infrastructure][W][2330306][141]CRTCyclicEvent.cpp:TimeMissed():101|Cycle miss in event CCSICombinedCmdManager Cyclic Event. Time Overrun is 15317 us[EOL]
[2026-09-22T07:26:49.820728Z][TM_TransferModule.newgen-infrastructure][W][2330306][141]CRTCyclicEvent.cpp:TimeMissed():101|Cycle miss in event CCSICombinedRepManager. Time Overrun is 15317 us[EOL]
[2026-09-22T07:26:49.956426Z][TM_TransferModule.newgen-infrastructure][W][2330306][141]CRTCyclicEvent.cpp:TimeMissed():101|Cycle miss in event CCSICombinedCmdManager Cyclic Event. Time Overrun is 21043 us[EOL]
[2026-09-22T07:26:49.956449Z][TM_TransferModule.newgen-infrastructure][W][2330306][141]CRTCyclicEvent.cpp:TimeMissed():101|Cycle miss in event CCSICombinedRepManager. Time Overrun is 21043 us[EOL]
[2026-09-22T07:26:50.212740Z][TM_TransferModule.newgen-infrastructure][W][2330306][141]CRTCyclicEvent.cpp:TimeMissed():101|Cycle miss in event CCSICombinedCmdManager Cyclic Event. Time Overrun is 7352 us[EOL]
[2026-09-22T07:26:50.212784Z][TM_TransferModule.newgen-infrastructure][W][2330306][141]CRTCyclicEvent.cpp:TimeMissed():101|Cycle miss in event CCSICombinedRepManager. Time Overrun is 7352 us[EOL]
[2026-09-22T07:26:50.345069Z][TM_TransferModule.newgen-infrastructure][W][2330306][141]CRTCyclicEvent.cpp:TimeMissed():101|Cycle miss in event CCSICombinedCmdManager Cyclic Event. Time Overrun is 19681 us[EOL]
[2026-09-22T07:26:50.345118Z][TM_TransferModule.newgen-infrastructure][W][2330306][141]CRTCyclicEvent.cpp:TimeMissed():101|Cycle miss in event CCSICombinedRepManager. Time Overrun is 19681 us[EOL]
[2026-09-22T07:26:50.457470Z][TM_TransferModule.newgen-infrastructure][W][2330306][141]CRTCyclicEvent.cpp:TimeMissed():101|Cycle miss in event CCSICombinedCmdManager Cyclic Event. Time Overrun is 2086 us[EOL]
[2026-09-22T07:26:50.457565Z][TM_TransferModule.newgen-infrastructure][W][2330306][141]CRTCyclicEvent.cpp:TimeMissed():101|Cycle miss in event CCSICombinedRepManager. Time Overrun is 2086 us[EOL]
[2026-09-22T07:26:50.609768Z][TM_TransferModule.newgen-infrastructure][W][2330306][141]CRTCyclicEvent.cpp:TimeMissed():101|Cycle miss in event CCSICombinedCmdManager Cyclic Event. Time Overrun is 34383 us[EOL]
[2026-09-22T07:26:50.609829Z][TM_TransferModule.newgen-infrastructure][W][2330306][141]CRTCyclicEvent.cpp:TimeMissed():101|Cycle miss in event CCSICombinedRepManager. Time Overrun is 34383 us[EOL]
[2026-09-22T07:26:50.750404Z][TM_TransferModule.newgen-infrastructure][W][2330306][141]CRTCyclicEvent.cpp:TimeMissed():101|Cycle miss in event CCSICyclicRepManager. Time Overrun is 1603483 us[EOL]
[2026-09-22T07:26:50.848160Z][TM_TransferModule.newgen-infrastructure][W][2330306][141]CRTCyclicEvent.cpp:TimeMissed():101|Cycle miss in event CCSICombinedCmdManager Cyclic Event. Time Overrun is 22734 us[EOL]
[2026-09-22T07:26:50.848250Z][TM_TransferModule.newgen-infrastructure][W][2330306][141]CRTCyclicEvent.cpp:TimeMissed():101|Cycle miss in event CCSICombinedRepManager. Time Overrun is 22734 us[EOL]
[2026-09-22T07:26:50.978897Z][TM_TransferModule.newgen-infrastructure][W][2330306][141]CRTCyclicEvent.cpp:TimeMissed():101|Cycle miss in event CCSICombinedCmdManager Cyclic Event. Time Overrun is 3513 us[EOL]
[2026-09-22T07:26:50.978943Z][TM_TransferModule.newgen-infrastructure][W][2330306][141]CRTCyclicEvent.cpp:TimeMissed():101|Cycle miss in event CCSICombinedRepManager. Time Overrun is 3513 us[EOL]
[2026-09-22T07:26:51.100640Z][TM_TransferModule.newgen-infrastructure][W][2330306][141]CRTCyclicEvent.cpp:TimeMissed():101|Cycle miss in event CCSICombinedCmdManager Cyclic Event. Time Overrun is 5255 us[EOL]
[2026-09-22T07:26:51.100671Z][TM_TransferModule.newgen-infrastructure][W][2330306][141]CRTCyclicEvent.cpp:TimeMissed():101|Cycle miss in event CCSICombinedRepManager. Time Overrun is 5255 us[EOL]
[2026-09-22T07:26:51.280232Z][TM_TransferModule.newgen-infrastructure][W][2330306][141]CRTCyclicEvent.cpp:TimeMissed():101|Cycle miss in event CCSICombinedCmdManager Cyclic Event. Time Overrun is 63771 us[EOL]
[2026-09-22T07:26:51.280366Z][TM_TransferModule.newgen-infrastructure][W][2330306][141]CRTCyclicEvent.cpp:TimeMissed():101|Cycle miss in event CCSICombinedRepManager. Time Overrun is 63771 us[EOL]
[2026-09-22T07:26:51.520551Z][TM_TransferModule.newgen-infrastructure][W][2330306][141]CRTCyclicEvent.cpp:TimeMissed():101|Cycle miss in event CCSICombinedCmdManager Cyclic Event. Time Overrun is 25163 us[EOL]
[2026-09-22T07:26:51.520604Z][TM_TransferModule.newgen-infrastructure][W][2330306][141]CRTCyclicEvent.cpp:TimeMissed():101|Cycle miss in event CCSICombinedRepManager. Time Overrun is 25163 us[EOL]
[2026-09-22T07:26:51.660441Z][TM_TransferModule.newgen-infrastructure][W][2330306][141]CRTCyclicEvent.cpp:TimeMissed():101|Cycle miss in event CCSICombinedCmdManager Cyclic Event. Time Overrun is 5057 us[EOL]
[2026-09-22T07:26:51.660471Z][TM_TransferModule.newgen-infrastructure][W][2330306][141]CRTCyclicEvent.cpp:TimeMissed():101|Cycle miss in event CCSICombinedRepManager. Time Overrun is 5057 us[EOL]
[2026-09-22T07:26:51.812628Z][TM_TransferModule.newgen-infrastructure][W][2330306][141]CRTCyclicEvent.cpp:TimeMissed():101|Cycle miss in event CCSICombinedCmdManager Cyclic Event. Time Overrun is 37244 us[EOL]
[2026-09-22T07:26:51.812661Z][TM_TransferModule.newgen-infrastructure][W][2330306][141]CRTCyclicEvent.cpp:TimeMissed():101|Cycle miss in event CCSICombinedRepManager. Time Overrun is 37244 us[EOL]
[2026-09-22T07:26:51.952885Z][TM_TransferModule.newgen-infrastructure][W][2330306][141]CRTCyclicEvent.cpp:TimeMissed():101|Cycle miss in event CCSICombinedCmdManager Cyclic Event. Time Overrun is 7501 us[EOL]
[2026-09-22T07:26:51.952918Z][TM_TransferModule.newgen-infrastructure][W][2330306][141]CRTCyclicEvent.cpp:TimeMissed():101|Cycle miss in event CCSICombinedRepManager. Time Overrun is 7501 us[EOL]
[2026-09-22T07:26:52.380350Z][TM_TransferModule.newgen-infrastructure][W][2330306][141]CRTCyclicEvent.cpp:TimeMissed():101|Cycle miss in event CCSICombinedCmdManager Cyclic Event. Time Overrun is 14959 us[EOL]
[2026-09-22T07:26:52.380481Z][TM_TransferModule.newgen-infrastructure][W][2330306][141]CRTCyclicEvent.cpp:TimeMissed():101|Cycle miss in event CCSICombinedRepManager. Time Overrun is 14959 us[EOL]
[2026-09-22T07:26:52.629482Z][TM_TransferModule.newgen-infrastructure][W][2330306][141]CRTCyclicEvent.cpp:TimeMissed():101|Cycle miss in event CCSICombinedCmdManager Cyclic Event. Time Overrun is 24092 us[EOL]
[2026-09-22T07:26:52.629527Z][TM_TransferModule.newgen-infrastructure][W][2330306][141]CRTCyclicEvent.cpp:TimeMissed():101|Cycle miss in event CCSICombinedRepManager. Time Overrun is 24092 us[EOL]
[2026-09-22T07:26:52.745848Z][TM_TransferModule.newgen-infrastructure][W][2330306][141]CRTCyclicEvent.cpp:TimeMissed():101|Cycle miss in event CCSICombinedCmdManager Cyclic Event. Time Overrun is 464 us[EOL]
[2026-09-22T07:26:52.745890Z][TM_TransferModule.newgen-infrastructure][W][2330306][141]CRTCyclicEvent.cpp:TimeMissed():101|Cycle miss in event CCSICombinedRepManager. Time Overrun is 464 us[EOL]
[2026-09-22T07:26:53.146893Z][TM_TransferModule.newgen-infrastructure][W][2330306][141]CRTCyclicEvent.cpp:TimeMissed():101|Cycle miss in event CCSICombinedCmdManager Cyclic Event. Time Overrun is 21504 us[EOL]
[2026-09-22T07:26:53.146944Z][TM_TransferModule.newgen-infrastructure][W][2330306][141]CRTCyclicEvent.cpp:TimeMissed():101|Cycle miss in event CCSICombinedRepManager. Time Overrun is 21504 us[EOL]
[2026-09-22T07:26:53.279735Z][TM_TransferModule.newgen-infrastructure][W][2330306][141]CRTCyclicEvent.cpp:TimeMissed():101|Cycle miss in event CCSICombinedCmdManager Cyclic Event. Time Overrun is 4352 us[EOL]
[2026-09-22T07:26:53.279766Z][TM_TransferModule.newgen-infrastructure][W][2330306][141]CRTCyclicEvent.cpp:TimeMissed():101|Cycle miss in event CCSICombinedRepManager. Time Overrun is 4352 us[EOL]
[2026-09-22T07:26:53.407681Z][TM_TransferModule.newgen-infrastructure][W][2330306][141]CRTCyclicEvent.cpp:TimeMissed():101|Cycle miss in event CCSICombinedCmdManager Cyclic Event. Time Overrun is 12295 us[EOL]
[2026-09-22T07:26:53.407774Z][TM_TransferModule.newgen-infrastructure][W][2330306][141]CRTCyclicEvent.cpp:TimeMissed():101|Cycle miss in event CCSICombinedRepManager. Time Overrun is 12295 us[EOL]
[2026-09-22T07:26:53.528352Z][TM_TransferModule.newgen-infrastructure][W][2330306][141]CRTCyclicEvent.cpp:TimeMissed():101|Cycle miss in event CCSICombinedCmdManager Cyclic Event. Time Overrun is 2964 us[EOL]
[2026-09-22T07:26:53.528419Z][TM_TransferModule.newgen-infrastructure][W][2330306][141]CRTCyclicEvent.cpp:TimeMissed():101|Cycle miss in event CCSICombinedRepManager. Time Overrun is 2964 us[EOL]
[2026-09-22T07:26:53.669539Z][TM_TransferModule.newgen-infrastructure][W][2330306][141]CRTCyclicEvent.cpp:TimeMissed():101|Cycle miss in event CCSICombinedCmdManager Cyclic Event. Time Overrun is 14154 us[EOL]
[2026-09-22T07:26:53.669577Z][TM_TransferModule.newgen-infrastructure][W][2330306][141]CRTCyclicEvent.cpp:TimeMissed():101|Cycle miss in event CCSICombinedRepManager. Time Overrun is 14154 us[EOL]
[2026-09-22T07:26:53.842566Z][TM_TransferModule.newgen-infrastructure][W][2330306][141]CRTCyclicEvent.cpp:TimeMissed():101|Cycle miss in event CCSICombinedCmdManager Cyclic Event. Time Overrun is 7177 us[EOL]
[2026-09-22T07:26:53.842615Z][TM_TransferModule.newgen-infrastructure][W][2330306][141]CRTCyclicEvent.cpp:TimeMissed():101|Cycle miss in event CCSICombinedRepManager. Time Overrun is 7177 us[EOL]
[2026-09-22T07:26:53.975564Z][TM_TransferModule.newgen-infrastructure][W][2330306][141]CRTCyclicEvent.cpp:TimeMissed():101|Cycle miss in event CCSICombinedCmdManager Cyclic Event. Time Overrun is 10177 us[EOL]
[2026-09-22T07:26:53.975597Z][TM_TransferModule.newgen-infrastructure][W][2330306][141]CRTCyclicEvent.cpp:TimeMissed():101|Cycle miss in event CCSICombinedRepManager. Time Overrun is 10177 us[EOL]
[2026-09-22T07:26:54.186274Z][TM_TransferModule.newgen-infrastructure][W][2330306][141]CRTCyclicEvent.cpp:TimeMissed():101|Cycle miss in event CCSICombinedCmdManager Cyclic Event. Time Overrun is 80892 us[EOL]
[2026-09-22T07:26:54.186426Z][TM_TransferModule.newgen-infrastructure][W][2330306][141]CRTCyclicEvent.cpp:TimeMissed():101|Cycle miss in event CCSICombinedRepManager. Time Overrun is 80892 us[EOL]
[2026-09-22T07:26:54.215800Z][TM_TransferModule.newgen-infrastructure][W][2330306][141]CRTCyclicEvent.cpp:TimeMissed():101|Cycle miss in event CCSICyclicRepManager. Time Overrun is 1268881 us[EOL]
[2026-09-22T07:26:54.311029Z][TM_TransferModule.newgen-infrastructure][W][2330306][141]CRTCyclicEvent.cpp:TimeMissed():101|Cycle miss in event CCSICombinedCmdManager Cyclic Event. Time Overrun is 5626 us[EOL]
[2026-09-22T07:26:54.311136Z][TM_TransferModule.newgen-infrastructure][W][2330306][141]CRTCyclicEvent.cpp:TimeMissed():101|Cycle miss in event CCSICombinedRepManager. Time Overrun is 5626 us[EOL]
[2026-09-22T07:26:54.527579Z][TM_TransferModule.newgen-infrastructure][W][2330306][141]CRTCyclicEvent.cpp:TimeMissed():101|Cycle miss in event CCSICombinedCmdManager Cyclic Event. Time Overrun is 102195 us[EOL]
[2026-09-22T07:26:54.527610Z][TM_TransferModule.newgen-infrastructure][W][2330306][141]CRTCyclicEvent.cpp:TimeMissed():101|Cycle miss in event CCSICombinedRepManager. Time Overrun is 102195 us[EOL]
[2026-09-22T07:26:54.677366Z][TM_TransferModule.newgen-infrastructure][W][2330306][141]CRTCyclicEvent.cpp:TimeMissed():101|Cycle miss in event CCSICombinedCmdManager Cyclic Event. Time Overrun is 31977 us[EOL]
[2026-09-22T07:26:54.677435Z][TM_TransferModule.newgen-infrastructure][W][2330306][141]CRTCyclicEvent.cpp:TimeMissed():101|Cycle miss in event CCSICombinedRepManager. Time Overrun is 31977 us[EOL]
[2026-09-22T07:26:54.806130Z][TM_TransferModule.newgen-infrastructure][W][2330306][141]CRTCyclicEvent.cpp:TimeMissed():101|Cycle miss in event CCSICombinedCmdManager Cyclic Event. Time Overrun is 10742 us[EOL]
[2026-09-22T07:26:54.806240Z][TM_TransferModule.newgen-infrastructure][W][2330306][141]CRTCyclicEvent.cpp:TimeMissed():101|Cycle miss in event CCSICombinedRepManager. Time Overrun is 10742 us[EOL]
[2026-09-22T07:26:54.935097Z][TM_TransferModule.newgen-infrastructure][W][2330306][141]CRTCyclicEvent.cpp:TimeMissed():101|Cycle miss in event CCSICombinedCmdManager Cyclic Event. Time Overrun is 9543 us[EOL]
[2026-09-22T07:26:54.935228Z][TM_TransferModule.newgen-infrastructure][W][2330306][141]CRTCyclicEvent.cpp:TimeMissed():101|Cycle miss in event CCSICombinedRepManager. Time Overrun is 9543 us[EOL]
[2026-09-22T07:26:55.099500Z][TM_TransferModule.newgen-infrastructure][W][2330306][141]CRTCyclicEvent.cpp:TimeMissed():101|Cycle miss in event CCSICombinedCmdManager Cyclic Event. Time Overrun is 54114 us[EOL]
[2026-09-22T07:26:55.099546Z][TM_TransferModule.newgen-infrastructure][W][2330306][141]CRTCyclicEvent.cpp:TimeMissed():101|Cycle miss in event CCSICombinedRepManager. Time Overrun is 54114 us[EOL]
[2026-09-22T07:26:55.232485Z][TM_TransferModule.newgen-infrastructure][W][2330306][141]CRTCyclicEvent.cpp:TimeMissed():101|Cycle miss in event CCSICombinedCmdManager Cyclic Event. Time Overrun is 17099 us[EOL]
[2026-09-22T07:26:55.232536Z][TM_TransferModule.newgen-infrastructure][W][2330306][141]CRTCyclicEvent.cpp:TimeMissed():101|Cycle miss in event CCSICombinedRepManager. Time Overrun is 17099 us[EOL]
[2026-09-22T07:26:55.355251Z][TM_TransferModule.newgen-infrastructure][W][2330306][141]CRTCyclicEvent.cpp:TimeMissed():101|Cycle miss in event CCSICombinedCmdManager Cyclic Event. Time Overrun is 9865 us[EOL]
[2026-09-22T07:26:55.355352Z][TM_TransferModule.newgen-infrastructure][W][2330306][141]CRTCyclicEvent.cpp:TimeMissed():101|Cycle miss in event CCSICombinedRepManager. Time Overrun is 9865 us[EOL]
[2026-09-22T07:26:55.469581Z][TM_TransferModule.newgen-infrastructure][W][2330306][141]CRTCyclicEvent.cpp:TimeMissed():101|Cycle miss in event CCSICombinedCmdManager Cyclic Event. Time Overrun is 4197 us[EOL]
[2026-09-22T07:26:55.469612Z][TM_TransferModule.newgen-infrastructure][W][2330306][141]CRTCyclicEvent.cpp:TimeMissed():101|Cycle miss in event CCSICombinedRepManager. Time Overrun is 4197 us[EOL]
[2026-09-22T07:26:55.617134Z][TM_TransferModule.newgen-infrastructure][W][2330306][141]CRTCyclicEvent.cpp:TimeMissed():101|Cycle miss in event CCSICombinedCmdManager Cyclic Event. Time Overrun is 1747 us[EOL]
[2026-09-22T07:26:55.617179Z][TM_TransferModule.newgen-infrastructure][W][2330306][141]CRTCyclicEvent.cpp:TimeMissed():101|Cycle miss in event CCSICombinedRepManager. Time Overrun is 1747 us[EOL]
[2026-09-22T07:26:55.739449Z][TM_TransferModule.newgen-infrastructure][W][2330306][141]CRTCyclicEvent.cpp:TimeMissed():101|Cycle miss in event CCSICombinedCmdManager Cyclic Event. Time Overrun is 4067 us[EOL]
[2026-09-22T07:26:55.739487Z][TM_TransferModule.newgen-infrastructure][W][2330306][141]CRTCyclicEvent.cpp:TimeMissed():101|Cycle miss in event CCSICombinedRepManager. Time Overrun is 4067 us[EOL]
[2026-09-22T07:26:55.855801Z][TM_TransferModule.newgen-infrastructure][W][2330306][141]CRTCyclicEvent.cpp:TimeMissed():101|Cycle miss in event CCSICombinedCmdManager Cyclic Event. Time Overrun is 416 us[EOL]
[2026-09-22T07:26:55.855837Z][TM_TransferModule.newgen-infrastructure][W][2330306][141]CRTCyclicEvent.cpp:TimeMissed():101|Cycle miss in event CCSICombinedRepManager. Time Overrun is 416 us[EOL]
[2026-09-22T07:26:55.977541Z][TM_TransferModule.newgen-infrastructure][W][2330306][141]CRTCyclicEvent.cpp:TimeMissed():101|Cycle miss in event CCSICombinedCmdManager Cyclic Event. Time Overrun is 2157 us[EOL]
[2026-09-22T07:26:55.977592Z][TM_TransferModule.newgen-infrastructure][W][2330306][141]CRTCyclicEvent.cpp:TimeMissed():101|Cycle miss in event CCSICombinedRepManager. Time Overrun is 2157 us[EOL]
[2026-09-22T07:26:56.209851Z][TM_TransferModule.newgen-infrastructure][W][2330306][141]CRTCyclicEvent.cpp:TimeMissed():101|Cycle miss in event CCSICombinedCmdManager Cyclic Event. Time Overrun is 114465 us[EOL]
[2026-09-22T07:26:56.209885Z][TM_TransferModule.newgen-infrastructure][W][2330306][141]CRTCyclicEvent.cpp:TimeMissed():101|Cycle miss in event CCSICombinedRepManager. Time Overrun is 114465 us[EOL]
[2026-09-22T07:26:56.440992Z][TM_TransferModule.newgen-infrastructure][W][2330306][141]CRTCyclicEvent.cpp:TimeMissed():101|Cycle miss in event CCSICombinedCmdManager Cyclic Event. Time Overrun is 115610 us[EOL]
[2026-09-22T07:26:56.441016Z][TM_TransferModule.newgen-infrastructure][W][2330306][141]CRTCyclicEvent.cpp:TimeMissed():101|Cycle miss in event CCSICombinedRepManager. Time Overrun is 115610 us[EOL]
[2026-09-22T07:26:56.567037Z][TM_TransferModule.newgen-infrastructure][W][2330306][141]CRTCyclicEvent.cpp:TimeMissed():101|Cycle miss in event CCSICombinedCmdManager Cyclic Event. Time Overrun is 11650 us[EOL]
[2026-09-22T07:26:56.567070Z][TM_TransferModule.newgen-infrastructure][W][2330306][141]CRTCyclicEvent.cpp:TimeMissed():101|Cycle miss in event CCSICombinedRepManager. Time Overrun is 11650 us[EOL]
[2026-09-22T07:26:56.705271Z][TM_TransferModule.newgen-infrastructure][W][2330306][141]CRTCyclicEvent.cpp:TimeMissed():101|Cycle miss in event CCSICombinedCmdManager Cyclic Event. Time Overrun is 19872 us[EOL]
[2026-09-22T07:26:56.705314Z][TM_TransferModule.newgen-infrastructure][W][2330306][141]CRTCyclicEvent.cpp:TimeMissed():101|Cycle miss in event CCSICombinedRepManager. Time Overrun is 19872 us[EOL]
[2026-09-22T07:26:56.828656Z][TM_TransferModule.newgen-infrastructure][W][2330306][141]CRTCyclicEvent.cpp:TimeMissed():101|Cycle miss in event CCSICombinedCmdManager Cyclic Event. Time Overrun is 13271 us[EOL]
[2026-09-22T07:26:56.828681Z][TM_TransferModule.newgen-infrastructure][W][2330306][141]CRTCyclicEvent.cpp:TimeMissed():101|Cycle miss in event CCSICombinedRepManager. Time Overrun is 13271 us[EOL]
[2026-09-22T07:26:56.971532Z][TM_TransferModule.newgen-infrastructure][W][2330306][141]CRTCyclicEvent.cpp:TimeMissed():101|Cycle miss in event CCSICombinedCmdManager Cyclic Event. Time Overrun is 26147 us[EOL]
[2026-09-22T07:26:56.971558Z][TM_TransferModule.newgen-infrastructure][W][2330306][141]CRTCyclicEvent.cpp:TimeMissed():101|Cycle miss in event CCSICombinedRepManager. Time Overrun is 26147 us[EOL]
[2026-09-22T07:26:57.137743Z][TM_TransferModule.newgen-infrastructure][W][2330306][141]CRTCyclicEvent.cpp:TimeMissed():101|Cycle miss in event CCSICombinedCmdManager Cyclic Event. Time Overrun is 22358 us[EOL]
[2026-09-22T07:26:57.137767Z][TM_TransferModule.newgen-infrastructure][W][2330306][141]CRTCyclicEvent.cpp:TimeMissed():101|Cycle miss in event CCSICombinedRepManager. Time Overrun is 22358 us[EOL]
[2026-09-22T07:26:57.300457Z][TM_TransferModule.newgen-infrastructure][W][2330306][141]CRTCyclicEvent.cpp:TimeMissed():101|Cycle miss in event CCSICombinedCmdManager Cyclic Event. Time Overrun is 45070 us[EOL]
[2026-09-22T07:26:57.300503Z][TM_TransferModule.newgen-infrastructure][W][2330306][141]CRTCyclicEvent.cpp:TimeMissed():101|Cycle miss in event CCSICombinedRepManager. Time Overrun is 45070 us[EOL]
[2026-09-22T07:26:57.956056Z][TM_TransferModule.newgen-infrastructure][W][2330306][141]CRTCyclicEvent.cpp:TimeMissed():101|Cycle miss in event CCSICombinedCmdManager Cyclic Event. Time Overrun is 100673 us[EOL]
[2026-09-22T07:26:57.956088Z][TM_TransferModule.newgen-infrastructure][W][2330306][141]CRTCyclicEvent.cpp:TimeMissed():101|Cycle miss in event CCSICombinedRepManager. Time Overrun is 100673 us[EOL]
[2026-09-22T07:26:58.138172Z][TM_TransferModule.newgen-infrastructure][W][2330306][141]CRTCyclicEvent.cpp:TimeMissed():101|Cycle miss in event CCSICombinedCmdManager Cyclic Event. Time Overrun is 62788 us[EOL]
[2026-09-22T07:26:58.138204Z][TM_TransferModule.newgen-infrastructure][W][2330306][141]CRTCyclicEvent.cpp:TimeMissed():101|Cycle miss in event CCSICombinedRepManager. Time Overrun is 62788 us[EOL]
[2026-09-22T07:26:58.327952Z][TM_TransferModule.newgen-infrastructure][W][2330306][141]CRTCyclicEvent.cpp:TimeMissed():101|Cycle miss in event CCSICombinedCmdManager Cyclic Event. Time Overrun is 72568 us[EOL]
[2026-09-22T07:26:58.327980Z][TM_TransferModule.newgen-infrastructure][W][2330306][141]CRTCyclicEvent.cpp:TimeMissed():101|Cycle miss in event CCSICombinedRepManager. Time Overrun is 72568 us[EOL]
[2026-09-22T07:26:58.515973Z][TM_TransferModule.newgen-infrastructure][W][2330306][141]CRTCyclicEvent.cpp:TimeMissed():101|Cycle miss in event CCSICombinedCmdManager Cyclic Event. Time Overrun is 70589 us[EOL]
[2026-09-22T07:26:58.516102Z][TM_TransferModule.newgen-infrastructure][W][2330306][141]CRTCyclicEvent.cpp:TimeMissed():101|Cycle miss in event CCSICombinedRepManager. Time Overrun is 70589 us[EOL]
[2026-09-22T07:26:58.761975Z][TM_TransferModule.newgen-infrastructure][W][2330306][141]CRTCyclicEvent.cpp:TimeMissed():101|Cycle miss in event CCSICombinedCmdManager Cyclic Event. Time Overrun is 66589 us[EOL]
[2026-09-22T07:26:58.762011Z][TM_TransferModule.newgen-infrastructure][W][2330306][141]CRTCyclicEvent.cpp:TimeMissed():101|Cycle miss in event CCSICombinedRepManager. Time Overrun is 66589 us[EOL]
[2026-09-22T07:26:58.837328Z][TM_TransferModule.newgen-infrastructure][W][2330306][141]CRTCyclicEvent.cpp:TimeMissed():101|Cycle miss in event CCSICyclicRepManager. Time Overrun is 2890408 us[EOL]
[2026-09-22T07:26:58.964544Z][TM_TransferModule.newgen-infrastructure][W][2330306][141]CRTCyclicEvent.cpp:TimeMissed():101|Cycle miss in event CCSICombinedCmdManager Cyclic Event. Time Overrun is 39155 us[EOL]
[2026-09-22T07:26:58.964596Z][TM_TransferModule.newgen-infrastructure][W][2330306][141]CRTCyclicEvent.cpp:TimeMissed():101|Cycle miss in event CCSICombinedRepManager. Time Overrun is 39155 us[EOL]
[2026-09-22T07:26:59.096354Z][TM_TransferModule.newgen-infrastructure][W][2330306][141]CRTCyclicEvent.cpp:TimeMissed():101|Cycle miss in event CCSICombinedCmdManager Cyclic Event. Time Overrun is 20969 us[EOL]
[2026-09-22T07:26:59.096390Z][TM_TransferModule.newgen-infrastructure][W][2330306][141]CRTCyclicEvent.cpp:TimeMissed():101|Cycle miss in event CCSICombinedRepManager. Time Overrun is 20969 us[EOL]
[2026-09-22T07:26:59.269504Z][TM_TransferModule.newgen-infrastructure][W][2330306][141]CRTCyclicEvent.cpp:TimeMissed():101|Cycle miss in event CCSICombinedCmdManager Cyclic Event. Time Overrun is 54087 us[EOL]
[2026-09-22T07:26:59.269548Z][TM_TransferModule.newgen-infrastructure][W][2330306][141]CRTCyclicEvent.cpp:TimeMissed():101|Cycle miss in event CCSICombinedRepManager. Time Overrun is 54087 us[EOL]
[2026-09-22T07:26:59.414498Z][TM_TransferModule.newgen-infrastructure][W][2330306][141]CRTCyclicEvent.cpp:TimeMissed():101|Cycle miss in event CCSICombinedCmdManager Cyclic Event. Time Overrun is 29111 us[EOL]
[2026-09-22T07:26:59.414550Z][TM_TransferModule.newgen-infrastructure][W][2330306][141]CRTCyclicEvent.cpp:TimeMissed():101|Cycle miss in event CCSICombinedRepManager. Time Overrun is 29111 us[EOL]
[2026-09-22T07:26:59.591008Z][TM_TransferModule.newgen-infrastructure][W][2330306][141]CRTCyclicEvent.cpp:TimeMissed():101|Cycle miss in event CCSICombinedCmdManager Cyclic Event. Time Overrun is 65615 us[EOL]
[2026-09-22T07:26:59.591064Z][TM_TransferModule.newgen-infrastructure][W][2330306][141]CRTCyclicEvent.cpp:TimeMissed():101|Cycle miss in event CCSICombinedRepManager. Time Overrun is 65615 us[EOL]
[2026-09-22T07:26:59.766357Z][TM_TransferModule.newgen-infrastructure][W][2330306][141]CRTCyclicEvent.cpp:TimeMissed():101|Cycle miss in event CCSICombinedCmdManager Cyclic Event. Time Overrun is 40976 us[EOL]
[2026-09-22T07:26:59.766373Z][TM_TransferModule.newgen-infrastructure][W][2330306][141]CRTCyclicEvent.cpp:TimeMissed():101|Cycle miss in event CCSICombinedRepManager. Time Overrun is 40976 us[EOL]
[2026-09-22T07:27:00.018310Z][TM_TransferModule.newgen-infrastructure][W][2330306][141]CRTCyclicEvent.cpp:TimeMissed():101|Cycle miss in event CCSICombinedCmdManager Cyclic Event. Time Overrun is 82925 us[EOL]
[2026-09-22T07:27:00.018346Z][TM_TransferModule.newgen-infrastructure][W][2330306][141]CRTCyclicEvent.cpp:TimeMissed():101|Cycle miss in event CCSICombinedRepManager. Time Overrun is 82925 us[EOL]
[2026-09-22T07:27:00.271228Z][TM_TransferModule.newgen-infrastructure][W][2330306][141]CRTCyclicEvent.cpp:TimeMissed():101|Cycle miss in event CCSICombinedCmdManager Cyclic Event. Time Overrun is 75843 us[EOL]
[2026-09-22T07:27:00.271263Z][TM_TransferModule.newgen-infrastructure][W][2330306][141]CRTCyclicEvent.cpp:TimeMissed():101|Cycle miss in event CCSICombinedRepManager. Time Overrun is 75843 us[EOL]
[2026-09-22T07:27:00.405823Z][TM_TransferModule.newgen-infrastructure][W][2330306][141]CRTCyclicEvent.cpp:TimeMissed():101|Cycle miss in event CCSICombinedCmdManager Cyclic Event. Time Overrun is 20437 us[EOL]
[2026-09-22T07:27:00.405859Z][TM_TransferModule.newgen-infrastructure][W][2330306][141]CRTCyclicEvent.cpp:TimeMissed():101|Cycle miss in event CCSICombinedRepManager. Time Overrun is 20437 us[EOL]
[2026-09-22T07:27:00.582772Z][TM_TransferModule.newgen-infrastructure][W][2330306][141]CRTCyclicEvent.cpp:TimeMissed():101|Cycle miss in event CCSICyclicRepManager. Time Overrun is 35846 us[EOL]
[2026-09-22T07:27:00.583406Z][TM_TransferModule.newgen-infrastructure][W][2330306][141]CRTCyclicEvent.cpp:TimeMissed():101|Cycle miss in event CCSICombinedCmdManager Cyclic Event. Time Overrun is 58024 us[EOL]
[2026-09-22T07:27:00.583427Z][TM_TransferModule.newgen-infrastructure][W][2330306][141]CRTCyclicEvent.cpp:TimeMissed():101|Cycle miss in event CCSICombinedRepManager. Time Overrun is 58024 us[EOL]
[2026-09-22T07:27:00.802275Z][TM_TransferModule.newgen-infrastructure][W][2330306][141]CRTCyclicEvent.cpp:TimeMissed():101|Cycle miss in event CCSICombinedCmdManager Cyclic Event. Time Overrun is 106887 us[EOL]
[2026-09-22T07:27:00.802308Z][TM_TransferModule.newgen-infrastructure][W][2330306][141]CRTCyclicEvent.cpp:TimeMissed():101|Cycle miss in event CCSICombinedRepManager. Time Overrun is 106887 us[EOL]
[2026-09-22T07:27:00.979362Z][TM_TransferModule.newgen-infrastructure][W][2330306][141]CRTCyclicEvent.cpp:TimeMissed():101|Cycle miss in event CCSICombinedCmdManager Cyclic Event. Time Overrun is 63974 us[EOL]
[2026-09-22T07:27:00.979409Z][TM_TransferModule.newgen-infrastructure][W][2330306][141]CRTCyclicEvent.cpp:TimeMissed():101|Cycle miss in event CCSICombinedRepManager. Time Overrun is 63974 us[EOL]
[2026-09-22T07:27:01.168609Z][TM_TransferModule.newgen-infrastructure][W][2330306][141]CRTCyclicEvent.cpp:TimeMissed():101|Cycle miss in event CCSICombinedCmdManager Cyclic Event. Time Overrun is 73226 us[EOL]
[2026-09-22T07:27:01.168635Z][TM_TransferModule.newgen-infrastructure][W][2330306][141]CRTCyclicEvent.cpp:TimeMissed():101|Cycle miss in event CCSICombinedRepManager. Time Overrun is 73226 us[EOL]
[2026-09-22T07:27:01.348576Z][TM_TransferModule.newgen-infrastructure][W][2330306][141]CRTCyclicEvent.cpp:TimeMissed():101|Cycle miss in event CCSICombinedCmdManager Cyclic Event. Time Overrun is 63193 us[EOL]
[2026-09-22T07:27:01.348596Z][TM_TransferModule.newgen-infrastructure][W][2330306][141]CRTCyclicEvent.cpp:TimeMissed():101|Cycle miss in event CCSICombinedRepManager. Time Overrun is 63193 us[EOL]
[2026-09-22T07:27:04.261838Z][TM_TransferModule.newgen-infrastructure][W][2330306][141]CRTCyclicEvent.cpp:TimeMissed():101|Cycle miss in event CCSICyclicRepManager. Time Overrun is 14917 us[EOL]
[2026-09-22T07:27:04.903787Z][TM_TransferModule.newgen-infrastructure][W][2330306][141]CRTCyclicEvent.cpp:TimeMissed():101|Cycle miss in event CCSICombinedCmdManager Cyclic Event. Time Overrun is 3438402 us[EOL]
[2026-09-22T07:27:04.903821Z][TM_TransferModule.newgen-infrastructure][W][2330306][141]CRTCyclicEvent.cpp:TimeMissed():101|Cycle miss in event CCSICombinedRepManager. Time Overrun is 3438402 us[EOL]
[2026-09-22T07:27:05.024153Z][TM_TransferModule.newgen-infrastructure][W][2330306][141]CRTCyclicEvent.cpp:TimeMissed():101|Cycle miss in event CCSICombinedCmdManager Cyclic Event. Time Overrun is 8766 us[EOL]
[2026-09-22T07:27:05.024302Z][TM_TransferModule.newgen-infrastructure][W][2330306][141]CRTCyclicEvent.cpp:TimeMissed():101|Cycle miss in event CCSICombinedRepManager. Time Overrun is 8766 us[EOL]
[2026-09-22T07:27:05.245140Z][TM_TransferModule.newgen-infrastructure][W][2330306][141]CRTCyclicEvent.cpp:TimeMissed():101|Cycle miss in event CCSICombinedCmdManager Cyclic Event. Time Overrun is 9758 us[EOL]
[2026-09-22T07:27:05.245161Z][TM_TransferModule.newgen-infrastructure][W][2330306][141]CRTCyclicEvent.cpp:TimeMissed():101|Cycle miss in event CCSICombinedRepManager. Time Overrun is 9758 us[EOL]
[2026-09-22T07:27:05.432688Z][TM_TransferModule.newgen-infrastructure][W][2330306][141]CRTCyclicEvent.cpp:TimeMissed():101|Cycle miss in event CCSICombinedCmdManager Cyclic Event. Time Overrun is 47298 us[EOL]
[2026-09-22T07:27:05.432763Z][TM_TransferModule.newgen-infrastructure][W][2330306][141]CRTCyclicEvent.cpp:TimeMissed():101|Cycle miss in event CCSICombinedRepManager. Time Overrun is 47298 us[EOL]
[2026-09-22T07:27:05.594169Z][TM_TransferModule.newgen-infrastructure][W][2330306][141]CRTCyclicEvent.cpp:TimeMissed():101|Cycle miss in event CCSICombinedCmdManager Cyclic Event. Time Overrun is 48780 us[EOL]
[2026-09-22T07:27:05.594211Z][TM_TransferModule.newgen-infrastructure][W][2330306][141]CRTCyclicEvent.cpp:TimeMissed():101|Cycle miss in event CCSICombinedRepManager. Time Overrun is 48780 us[EOL]
[2026-09-22T07:27:05.802499Z][TM_TransferModule.newgen-infrastructure][W][2330306][141]CRTCyclicEvent.cpp:TimeMissed():101|Cycle miss in event CCSICombinedCmdManager Cyclic Event. Time Overrun is 87116 us[EOL]
[2026-09-22T07:27:05.802548Z][TM_TransferModule.newgen-infrastructure][W][2330306][141]CRTCyclicEvent.cpp:TimeMissed():101|Cycle miss in event CCSICombinedRepManager. Time Overrun is 87116 us[EOL]
[2026-09-22T07:27:05.931961Z][TM_TransferModule.newgen-infrastructure][W][2330306][141]CRTCyclicEvent.cpp:TimeMissed():101|Cycle miss in event CCSICombinedCmdManager Cyclic Event. Time Overrun is 16577 us[EOL]
[2026-09-22T07:27:05.932035Z][TM_TransferModule.newgen-infrastructure][W][2330306][141]CRTCyclicEvent.cpp:TimeMissed():101|Cycle miss in event CCSICombinedRepManager. Time Overrun is 16577 us[EOL]
[2026-09-22T07:27:06.102689Z][TM_TransferModule.newgen-infrastructure][W][2330306][141]CRTCyclicEvent.cpp:TimeMissed():101|Cycle miss in event CCSICombinedCmdManager Cyclic Event. Time Overrun is 57306 us[EOL]
[2026-09-22T07:27:06.102717Z][TM_TransferModule.newgen-infrastructure][W][2330306][141]CRTCyclicEvent.cpp:TimeMissed():101|Cycle miss in event CCSICombinedRepManager. Time Overrun is 57306 us[EOL]
[2026-09-22T07:27:06.222621Z][TM_TransferModule.newgen-infrastructure][W][2330306][141]CRTCyclicEvent.cpp:TimeMissed():101|Cycle miss in event CCSICombinedCmdManager Cyclic Event. Time Overrun is 7236 us[EOL]
[2026-09-22T07:27:06.222656Z][TM_TransferModule.newgen-infrastructure][W][2330306][141]CRTCyclicEvent.cpp:TimeMissed():101|Cycle miss in event CCSICombinedRepManager. Time Overrun is 7236 us[EOL]
[2026-09-22T07:27:06.458824Z][TM_TransferModule.newgen-infrastructure][W][2330306][141]CRTCyclicEvent.cpp:TimeMissed():101|Cycle miss in event CCSICombinedCmdManager Cyclic Event. Time Overrun is 73440 us[EOL]
[2026-09-22T07:27:06.458860Z][TM_TransferModule.newgen-infrastructure][W][2330306][141]CRTCyclicEvent.cpp:TimeMissed():101|Cycle miss in event CCSICombinedRepManager. Time Overrun is 73440 us[EOL]
[2026-09-22T07:27:06.601330Z][TM_TransferModule.newgen-infrastructure][W][2330306][141]CRTCyclicEvent.cpp:TimeMissed():101|Cycle miss in event CCSICombinedCmdManager Cyclic Event. Time Overrun is 25947 us[EOL]
[2026-09-22T07:27:06.601361Z][TM_TransferModule.newgen-infrastructure][W][2330306][141]CRTCyclicEvent.cpp:TimeMissed():101|Cycle miss in event CCSICombinedRepManager. Time Overrun is 25947 us[EOL]
[2026-09-22T07:27:06.783092Z][TM_TransferModule.newgen-infrastructure][W][2330306][141]CRTCyclicEvent.cpp:TimeMissed():101|Cycle miss in event CCSICombinedCmdManager Cyclic Event. Time Overrun is 57709 us[EOL]
[2026-09-22T07:27:06.783123Z][TM_TransferModule.newgen-infrastructure][W][2330306][141]CRTCyclicEvent.cpp:TimeMissed():101|Cycle miss in event CCSICombinedRepManager. Time Overrun is 57709 us[EOL]
[2026-09-22T07:27:08.517838Z][TM_TransferModule.newgen-infrastructure][W][2330306][141]CRTCyclicEvent.cpp:TimeMissed():101|Cycle miss in event CCSICyclicRepManager. Time Overrun is 1470916 us[EOL]
[2026-09-22T07:27:08.876606Z][TM_TransferModule.newgen-infrastructure][W][2330306][141]CRTCyclicEvent.cpp:TimeMissed():101|Cycle miss in event CCSICombinedCmdManager Cyclic Event. Time Overrun is 341226 us[EOL]
[2026-09-22T07:27:08.876687Z][TM_TransferModule.newgen-infrastructure][W][2330306][141]CRTCyclicEvent.cpp:TimeMissed():101|Cycle miss in event CCSICombinedRepManager. Time Overrun is 341226 us[EOL]
[2026-09-22T07:27:09.367018Z][TM_TransferModule.newgen-infrastructure][W][2330306][141]CRTCyclicEvent.cpp:TimeMissed():101|Cycle miss in event CCSICombinedCmdManager Cyclic Event. Time Overrun is 51631 us[EOL]
[2026-09-22T07:27:09.367060Z][TM_TransferModule.newgen-infrastructure][W][2330306][141]CRTCyclicEvent.cpp:TimeMissed():101|Cycle miss in event CCSICombinedRepManager. Time Overrun is 51631 us[EOL]
[2026-09-22T07:27:13.965348Z][TM_TransferModule.newgen-infrastructure][W][2330306][141]CRTCyclicEvent.cpp:TimeMissed():101|Cycle miss in event CCSICombinedCmdManager Cyclic Event. Time Overrun is 4379967 us[EOL]
[2026-09-22T07:27:13.965368Z][TM_TransferModule.newgen-infrastructure][W][2330306][141]CRTCyclicEvent.cpp:TimeMissed():101|Cycle miss in event CCSICombinedRepManager. Time Overrun is 4379967 us[EOL]
[2026-09-22T07:27:13.965711Z][TM_TransferModule.newgen-infrastructure][W][2330306][141]CRTCyclicEvent.cpp:TimeMissed():101|Cycle miss in event CCSICyclicRepManager. Time Overrun is 4218792 us[EOL]
[2026-09-22T07:27:14.132541Z][TM_TransferModule.newgen-infrastructure][W][2330306][141]CRTCyclicEvent.cpp:TimeMissed():101|Cycle miss in event CCSICombinedCmdManager Cyclic Event. Time Overrun is 57161 us[EOL]
[2026-09-22T07:27:14.132556Z][TM_TransferModule.newgen-infrastructure][W][2330306][141]CRTCyclicEvent.cpp:TimeMissed():101|Cycle miss in event CCSICombinedRepManager. Time Overrun is 57161 us[EOL]
[2026-09-22T07:27:14.263106Z][TM_TransferModule.newgen-infrastructure][W][2330306][141]CRTCyclicEvent.cpp:TimeMissed():101|Cycle miss in event CCSICombinedCmdManager Cyclic Event. Time Overrun is 17722 us[EOL]
[2026-09-22T07:27:14.263156Z][TM_TransferModule.newgen-infrastructure][W][2330306][141]CRTCyclicEvent.cpp:TimeMissed():101|Cycle miss in event CCSICombinedRepManager. Time Overrun is 17722 us[EOL]
[2026-09-22T07:27:14.574155Z][TM_TransferModule.newgen-infrastructure][W][2330306][141]CRTCyclicEvent.cpp:TimeMissed():101|Cycle miss in event CCSICombinedCmdManager Cyclic Event. Time Overrun is 88774 us[EOL]
[2026-09-22T07:27:14.574179Z][TM_TransferModule.newgen-infrastructure][W][2330306][141]CRTCyclicEvent.cpp:TimeMissed():101|Cycle miss in event CCSICombinedRepManager. Time Overrun is 88774 us[EOL]
[2026-09-22T07:27:14.693546Z][TM_TransferModule.newgen-infrastructure][W][2330306][141]CRTCyclicEvent.cpp:TimeMissed():101|Cycle miss in event CCSICombinedCmdManager Cyclic Event. Time Overrun is 8146 us[EOL]
[2026-09-22T07:27:14.693568Z][TM_TransferModule.newgen-infrastructure][W][2330306][141]CRTCyclicEvent.cpp:TimeMissed():101|Cycle miss in event CCSICombinedRepManager. Time Overrun is 8146 us[EOL]
[2026-09-22T07:27:14.904390Z][TM_TransferModule.newgen-infrastructure][W][2330306][141]CRTCyclicEvent.cpp:TimeMissed():101|Cycle miss in event CCSICombinedCmdManager Cyclic Event. Time Overrun is 29002 us[EOL]
[2026-09-22T07:27:14.904487Z][TM_TransferModule.newgen-infrastructure][W][2330306][141]CRTCyclicEvent.cpp:TimeMissed():101|Cycle miss in event CCSICombinedRepManager. Time Overrun is 29002 us[EOL]
[2026-09-22T07:27:15.072530Z][TM_TransferModule.newgen-infrastructure][W][2330306][141]CRTCyclicEvent.cpp:TimeMissed():101|Cycle miss in event CCSICombinedCmdManager Cyclic Event. Time Overrun is 27147 us[EOL]
[2026-09-22T07:27:15.072567Z][TM_TransferModule.newgen-infrastructure][W][2330306][141]CRTCyclicEvent.cpp:TimeMissed():101|Cycle miss in event CCSICombinedRepManager. Time Overrun is 27147 us[EOL]
[2026-09-22T07:27:15.201962Z][TM_TransferModule.newgen-infrastructure][W][2330306][141]CRTCyclicEvent.cpp:TimeMissed():101|Cycle miss in event CCSICombinedCmdManager Cyclic Event. Time Overrun is 16578 us[EOL]
[2026-09-22T07:27:15.201993Z][TM_TransferModule.newgen-infrastructure][W][2330306][141]CRTCyclicEvent.cpp:TimeMissed():101|Cycle miss in event CCSICombinedRepManager. Time Overrun is 16578 us[EOL]
[2026-09-22T07:27:15.618160Z][TM_TransferModule.newgen-infrastructure][W][2330306][141]CRTCyclicEvent.cpp:TimeMissed():101|Cycle miss in event CCSICombinedCmdManager Cyclic Event. Time Overrun is 2778 us[EOL]
[2026-09-22T07:27:15.618182Z][TM_TransferModule.newgen-infrastructure][W][2330306][141]CRTCyclicEvent.cpp:TimeMissed():101|Cycle miss in event CCSICombinedRepManager. Time Overrun is 2778 us[EOL]
[2026-09-22T07:27:15.843251Z][TM_TransferModule.newgen-infrastructure][W][2330306][141]CRTCyclicEvent.cpp:TimeMissed():101|Cycle miss in event CCSICombinedCmdManager Cyclic Event. Time Overrun is 107867 us[EOL]
[2026-09-22T07:27:15.843340Z][TM_TransferModule.newgen-infrastructure][W][2330306][141]CRTCyclicEvent.cpp:TimeMissed():101|Cycle miss in event CCSICombinedRepManager. Time Overrun is 107867 us[EOL]
[2026-09-22T07:27:16.054262Z][TM_TransferModule.newgen-infrastructure][W][2330306][141]CRTCyclicEvent.cpp:TimeMissed():101|Cycle miss in event CCSICombinedCmdManager Cyclic Event. Time Overrun is 28878 us[EOL]
[2026-09-22T07:27:16.054294Z][TM_TransferModule.newgen-infrastructure][W][2330306][141]CRTCyclicEvent.cpp:TimeMissed():101|Cycle miss in event CCSICombinedRepManager. Time Overrun is 28878 us[EOL]
[2026-09-22T07:27:16.228861Z][TM_TransferModule.newgen-infrastructure][W][2330306][141]CRTCyclicEvent.cpp:TimeMissed():101|Cycle miss in event CCSICombinedCmdManager Cyclic Event. Time Overrun is 63472 us[EOL]
[2026-09-22T07:27:16.228934Z][TM_TransferModule.newgen-infrastructure][W][2330306][141]CRTCyclicEvent.cpp:TimeMissed():101|Cycle miss in event CCSICombinedRepManager. Time Overrun is 63472 us[EOL]
[2026-09-22T07:27:16.657803Z][TM_TransferModule.newgen-infrastructure][W][2330306][141]CRTCyclicEvent.cpp:TimeMissed():101|Cycle miss in event CCSICombinedCmdManager Cyclic Event. Time Overrun is 312416 us[EOL]
[2026-09-22T07:27:16.658031Z][TM_TransferModule.newgen-infrastructure][W][2330306][141]CRTCyclicEvent.cpp:TimeMissed():101|Cycle miss in event CCSICombinedRepManager. Time Overrun is 312416 us[EOL]
[2026-09-22T07:27:17.240261Z][TM_TransferModule.newgen-infrastructure][W][2330306][141]CRTCyclicEvent.cpp:TimeMissed():101|Cycle miss in event CCSICombinedCmdManager Cyclic Event. Time Overrun is 464873 us[EOL]
[2026-09-22T07:27:17.240315Z][TM_TransferModule.newgen-infrastructure][W][2330306][141]CRTCyclicEvent.cpp:TimeMissed():101|Cycle miss in event CCSICombinedRepManager. Time Overrun is 464873 us[EOL]
[2026-09-22T07:27:17.373757Z][TM_TransferModule.newgen-infrastructure][W][2330306][141]CRTCyclicEvent.cpp:TimeMissed():101|Cycle miss in event CCSICombinedCmdManager Cyclic Event. Time Overrun is 17980 us[EOL]
[2026-09-22T07:27:17.373831Z][TM_TransferModule.newgen-infrastructure][W][2330306][141]CRTCyclicEvent.cpp:TimeMissed():101|Cycle miss in event CCSICombinedRepManager. Time Overrun is 17980 us[EOL]
[2026-09-22T07:27:17.858499Z][TM_TransferModule.newgen-infrastructure][W][2330306][141]CRTCyclicEvent.cpp:TimeMissed():101|Cycle miss in event CCSICombinedCmdManager Cyclic Event. Time Overrun is 73111 us[EOL]
[2026-09-22T07:27:17.859630Z][TM_TransferModule.newgen-infrastructure][W][2330306][141]CRTCyclicEvent.cpp:TimeMissed():101|Cycle miss in event CCSICombinedRepManager. Time Overrun is 73111 us[EOL]
[2026-09-22T07:27:18.098541Z][TM_TransferModule.newgen-infrastructure][W][2330306][141]CRTCyclicEvent.cpp:TimeMissed():101|Cycle miss in event CCSICombinedCmdManager Cyclic Event. Time Overrun is 123157 us[EOL]
[2026-09-22T07:27:18.098571Z][TM_TransferModule.newgen-infrastructure][W][2330306][141]CRTCyclicEvent.cpp:TimeMissed():101|Cycle miss in event CCSICombinedRepManager. Time Overrun is 123157 us[EOL]
[2026-09-22T07:27:18.224124Z][TM_TransferModule.newgen-infrastructure][W][2330306][141]CRTCyclicEvent.cpp:TimeMissed():101|Cycle miss in event CCSICombinedCmdManager Cyclic Event. Time Overrun is 8737 us[EOL]
[2026-09-22T07:27:18.224165Z][TM_TransferModule.newgen-infrastructure][W][2330306][141]CRTCyclicEvent.cpp:TimeMissed():101|Cycle miss in event CCSICombinedRepManager. Time Overrun is 8737 us[EOL]
[2026-09-22T07:27:18.349428Z][TM_TransferModule.newgen-infrastructure][W][2330306][141]CRTCyclicEvent.cpp:TimeMissed():101|Cycle miss in event CCSICombinedCmdManager Cyclic Event. Time Overrun is 14040 us[EOL]
[2026-09-22T07:27:18.349476Z][TM_TransferModule.newgen-infrastructure][W][2330306][141]CRTCyclicEvent.cpp:TimeMissed():101|Cycle miss in event CCSICombinedRepManager. Time Overrun is 14040 us[EOL]
[2026-09-22T07:27:18.757944Z][TM_TransferModule.newgen-infrastructure][W][2330306][141]CRTCyclicEvent.cpp:TimeMissed():101|Cycle miss in event CCSICombinedCmdManager Cyclic Event. Time Overrun is 2558 us[EOL]
[2026-09-22T07:27:18.757990Z][TM_TransferModule.newgen-infrastructure][W][2330306][141]CRTCyclicEvent.cpp:TimeMissed():101|Cycle miss in event CCSICombinedRepManager. Time Overrun is 2558 us[EOL]
[2026-09-22T07:27:19.070127Z][TM_TransferModule.newgen-infrastructure][W][2330306][141]CRTCyclicEvent.cpp:TimeMissed():101|Cycle miss in event CCSICombinedCmdManager Cyclic Event. Time Overrun is 104744 us[EOL]
[2026-09-22T07:27:19.070151Z][TM_TransferModule.newgen-infrastructure][W][2330306][141]CRTCyclicEvent.cpp:TimeMissed():101|Cycle miss in event CCSICombinedRepManager. Time Overrun is 104744 us[EOL]
[2026-09-22T08:29:31.444533Z][TM_TransferModule.newgen-infrastructure][I][2330115][132]CRTArgumentParserBase.cpp:SetupLogFacility():200|System Logger Setup Done.[EOL]
[2026-09-22T08:29:31.444704Z][TM_TransferModule.newgen-infrastructure][I][1350078][132]CArgumentParserBase.cpp:ParseArguments():86|CSM version: 3.2.1.1340625_[EOL]
[2026-09-22T08:29:34.000752Z][TM_TransferModule.newgen-infrastructure][I][2330346][132]CRTSystemLogger.cpp:Activate():64|Realtime Logger created.[EOL]
[2026-09-22T08:29:34.000818Z][TM_TransferModule.newgen-infrastructure][N][2330110][132]CTLSF.cpp:TraceStatistics():105|TLSF Statistics: Initial pool size: 4194304 Bytes, pool increased: 0 times, high watermark: 113712 bytes, currently used size: 99984 bytes.[EOL]
[2026-09-22T08:29:34.000836Z][TM_TransferModule.newgen-infrastructure][I][2330349][132]CRTEventSystemConfigurationDefault.cpp:TraceSetupDone():284|Realtime Context Setup Done. Sched Policy: SCHED_FIFO, Prio: 45, Timer Prio: 75, Middleware Prio: 76, CPU assigned by OS[EOL]
[2026-09-22T08:29:34.776814Z][TM_TransferModule.newgen-infrastructure][I][2210061][132]CCSMApplication.cpp:UserLevelApplicationInit():371|Registered FuseboardController for CDI 0x100100[EOL]
[2026-09-22T08:29:34.776851Z][TM_TransferModule.newgen-infrastructure][I][2210062][132]CCSMApplication.cpp:UserLevelApplicationInit():377|Registered SerialPortController for CDI 0x100106 (SerialPortID 2)[EOL]
[2026-09-22T08:29:34.776880Z][TM_TransferModule.newgen-infrastructure][I][2210062][132]CCSMApplication.cpp:UserLevelApplicationInit():409|About to setup serial controller[EOL]
[2026-09-22T08:29:34.777077Z][TM_TransferModule.newgen-infrastructure][I][4560004][132]CClimateSensorSingleton.cpp:SetupSerialPortController():50|Setup SerialPortController with CDI 10a206 and serial port ID 3[EOL]
[2026-09-22T08:29:34.777242Z][TM_TransferModule.newgen-infrastructure][I][2210062][132]CCSMApplication.cpp:UserLevelApplicationInit():411|Registered controller for climate sensor[EOL]
[2026-09-22T08:29:34.777571Z][TM_TransferModule.newgen-infrastructure][I][0][132]CCSMApplication.cpp:UserLevelApplicationInit():435|Loading ECC /opt/roche/config//settings/startup/ecc.xml, Config ID: TransferModule_6800_2AC[EOL]
[2026-09-22T08:29:35.313292Z][TM_TransferModule.newgen-infrastructure][I][0][132]CCSMApplication.cpp:UserLevelApplicationInit():437|Parsing Device List[EOL]
[2026-09-22T08:29:35.653289Z][TM_TransferModule.newgen-infrastructure][N][2330477][132]CConnectionHandler.cpp:RegisterConnection():104|Socket added to epoll with identifier 0x0 (0), file descriptor 20.[EOL]
[2026-09-22T08:29:35.670944Z][TM_TransferModule.newgen-infrastructure][N][2330477][132]CConnectionHandler.cpp:RegisterConnection():104|Socket added to epoll with identifier 0x0 (0), file descriptor 21.[EOL]
[2026-09-22T08:29:35.670992Z][TM_TransferModule.newgen-infrastructure][N][2330467][132]CDefaultStreamHandler.cpp:OnConnectionAccepted():405|New connection established. file descriptor 21[EOL]
[2026-09-22T08:29:35.671040Z][TM_TransferModule.newgen-infrastructure][N][2330470][132]CDefaultStreamHandler.cpp:OnClosing():424|Socket with file descriptor 21 has been disconnected[EOL]
[2026-09-22T08:29:35.671047Z][TM_TransferModule.newgen-infrastructure][N][2330478][132]CConnectionHandler.cpp:UnregisterConnection():127|Socket removed from epoll with identifier 0x0 (0), file descriptor 21.[EOL]
[2026-09-22T08:29:35.734981Z][TM_TransferModule.newgen-infrastructure][N][844444405][132]RabbitMqConnector.cpp:Connect():840|Connecting as '6800_2AC.10001.Infrastructure.TransferModule' to RabbitMQ on amqp://USERNAME:PASSWORD@rabbitmq-server/[EOL]
[2026-09-22T08:29:35.760079Z][TM_TransferModule.newgen-infrastructure][N][2330477][132]CConnectionHandler.cpp:RegisterConnection():104|Socket added to epoll with identifier 0x15 (21), file descriptor 21.[EOL]
[2026-09-22T08:29:35.845744Z][TM_TransferModule.newgen-infrastructure][N][2330477][132]CConnectionHandler.cpp:RegisterConnection():104|Socket added to epoll with identifier 0x17 (23), file descriptor 23.[EOL]
[2026-09-22T08:29:35.845807Z][TM_TransferModule.newgen-infrastructure][N][2330478][132]CConnectionHandler.cpp:UnregisterConnection():127|Socket removed from epoll with identifier 0x15 (21), file descriptor 21.[EOL]
[2026-09-22T08:29:36.419205Z][TM_TransferModule.newgen-infrastructure][I][844444409][132]RabbitMqConnector.cpp:onProperties():1356|Exchange of properties: amqp_conn=0x7f8ec74d9ba0 amqp_conn_fd=23#012  Properties sent by server:#012    table(capabilities:table(authentication_failure_close:booleanset(1,0,0,0,0,0,0,0),basic.nack:booleanset(1,0,0,0,0,0,0,0),connection.blocked:booleanset(1,0,0,0,0,0,0,0),consumer_cancel_notify:booleanset(1,0,0,0,0,0,0,0),consumer_priorities:booleanset(1,0,0,0,0,0,0,0),direct_reply_to:booleanset(1,0,0,0,0,0,0,0),exchange_exchange_bindings:booleanset(1,0,0,0,0,0,0,0),per_consumer_qos:booleanset(1,0,0,0,0,0,0,0),publisher_confirms:booleanset(1,0,0,0,0,0,0,0)),cluster_name:string(rabbit@x800-instrument),copyright:string(Copyright (c) 2007-2024 Broadcom Inc and/or its subsidiaries),information:string(Licensed under the MPL 2.0. Website: https://rabbitmq.com),platform:string(Erlang/OTP 26.2.5.3),product:string(RabbitMQ),version:string(3.13.7))#012  Properties sent back by us:#012    table(connection_name:string(6800_2AC.10001.Infrastructure.TransferModule))#012  Note that additional properties will be set internally by the AMQP-CPP library.[EOL]
[2026-09-22T08:29:36.437188Z][TM_TransferModule.newgen-infrastructure][I][844444410][132]RabbitMqConnector.cpp:onNegotiate():1364|Setting heartbeat frequency: amqp_conn=0x7f8ec74d9ba0 amqp_conn_fd=23 interval=60[EOL]
[2026-09-22T08:29:36.439431Z][TM_TransferModule.newgen-infrastructure][I][844444411][132]RabbitMqConnector.cpp:onReady():1373|Handshake with rabbitmq completed: amqp_conn=0x7f8ec74d9ba0 amqp_conn_fd=23[EOL]
[2026-09-22T08:29:36.522080Z][TM_TransferModule.newgen-infrastructure][I][844444453][132]RabbitMqConnector.cpp:operator()():631|Sucessfully consumed: queue_name: roche.newgen.infrastructure.transfermodule.q[EOL]
[2026-09-22T08:29:36.522736Z][TM_TransferModule.newgen-infrastructure][I][844444436][132]UnitCommunicator.cpp:SendEvent():424|Publishing event: type=Roche.c68_8800.Infrastructure.TransferModule.UnitStateChanged correlation_id=(n/a)[EOL]
[2026-09-22T08:29:36.523131Z][TM_TransferModule.newgen-infrastructure][I][2560017][132]MessageSender.h:SendEvent():105|Sent RabbitMqEvent Roche.c68_8800.Infrastructure.TransferModule.UnitStateChanged. Content: {"Timestamp":"2026-09-22T08:29:36.522692Z","TraceContext":"00-bc505eec0c22ead5fbef4f147beb3ad8-ee0fb0459b2121cc-01","ModuleId":"TransferModule","OldState":"PoweredOff","NewState":"StartingUp"}[EOL]
[2026-09-22T08:29:37.261426Z][TM_TransferModule.newgen-infrastructure][W][2330306][132]CRTCyclicEvent.cpp:TimeMissed():101|Cycle miss in event CCSICombinedCmdManager Cyclic Event. Time Overrun is 674 us[EOL]
[2026-09-22T08:29:37.261472Z][TM_TransferModule.newgen-infrastructure][W][2330306][132]CRTCyclicEvent.cpp:TimeMissed():101|Cycle miss in event CCSICombinedRepManager. Time Overrun is 674 us[EOL]
[2026-09-22T08:29:38.410689Z][TM_TransferModule.newgen-infrastructure][W][2330306][132]CRTCyclicEvent.cpp:TimeMissed():101|Cycle miss in event CCSICombinedCmdManager Cyclic Event. Time Overrun is 1300 us[EOL]
[2026-09-22T08:29:38.410729Z][TM_TransferModule.newgen-infrastructure][W][2330306][132]CRTCyclicEvent.cpp:TimeMissed():101|Cycle miss in event CCSICombinedRepManager. Time Overrun is 1300 us[EOL]
[2026-09-22T08:29:39.402505Z][TM_TransferModule.newgen-infrastructure][W][2330306][132]CRTCyclicEvent.cpp:TimeMissed():101|Cycle miss in event CCSICombinedCmdManager Cyclic Event. Time Overrun is 13111 us[EOL]
[2026-09-22T08:29:39.402607Z][TM_TransferModule.newgen-infrastructure][W][2330306][132]CRTCyclicEvent.cpp:TimeMissed():101|Cycle miss in event CCSICombinedRepManager. Time Overrun is 13111 us[EOL]
[2026-09-22T08:29:41.886745Z][TM_TransferModule.newgen-infrastructure][W][2330306][132]CRTCyclicEvent.cpp:TimeMissed():101|Cycle miss in event CCSICombinedCmdManager Cyclic Event. Time Overrun is 7356 us[EOL]
[2026-09-22T08:29:41.886795Z][TM_TransferModule.newgen-infrastructure][W][2330306][132]CRTCyclicEvent.cpp:TimeMissed():101|Cycle miss in event CCSICombinedRepManager. Time Overrun is 7356 us[EOL]
[2026-09-22T08:29:42.256790Z][TM_TransferModule.newgen-infrastructure][W][2330306][132]CRTCyclicEvent.cpp:TimeMissed():101|Cycle miss in event CCSICombinedCmdManager Cyclic Event. Time Overrun is 17398 us[EOL]
[2026-09-22T08:29:42.256838Z][TM_TransferModule.newgen-infrastructure][W][2330306][132]CRTCyclicEvent.cpp:TimeMissed():101|Cycle miss in event CCSICombinedRepManager. Time Overrun is 17398 us[EOL]
[2026-09-22T08:29:43.392161Z][TM_TransferModule.newgen-infrastructure][W][2330306][132]CRTCyclicEvent.cpp:TimeMissed():101|Cycle miss in event CCSICombinedCmdManager Cyclic Event. Time Overrun is 2771 us[EOL]
[2026-09-22T08:29:43.392200Z][TM_TransferModule.newgen-infrastructure][W][2330306][132]CRTCyclicEvent.cpp:TimeMissed():101|Cycle miss in event CCSICombinedRepManager. Time Overrun is 2771 us[EOL]
[2026-09-22T08:29:43.654935Z][TM_TransferModule.newgen-infrastructure][W][2330306][132]CRTCyclicEvent.cpp:TimeMissed():101|Cycle miss in event CCSICombinedCmdManager Cyclic Event. Time Overrun is 5535 us[EOL]
[2026-09-22T08:29:43.655040Z][TM_TransferModule.newgen-infrastructure][W][2330306][132]CRTCyclicEvent.cpp:TimeMissed():101|Cycle miss in event CCSICombinedRepManager. Time Overrun is 5535 us[EOL]
[2026-09-22T08:29:44.379447Z][TM_TransferModule.newgen-infrastructure][W][2330306][132]CRTCyclicEvent.cpp:TimeMissed():101|Cycle miss in event CCSICombinedCmdManager Cyclic Event. Time Overrun is 10059 us[EOL]
[2026-09-22T08:29:44.379487Z][TM_TransferModule.newgen-infrastructure][W][2330306][132]CRTCyclicEvent.cpp:TimeMissed():101|Cycle miss in event CCSICombinedRepManager. Time Overrun is 10059 us[EOL]
[2026-09-22T08:29:44.835960Z][TM_TransferModule.newgen-infrastructure][W][2330306][132]CRTCyclicEvent.cpp:TimeMissed():101|Cycle miss in event CCSICombinedCmdManager Cyclic Event. Time Overrun is 6567 us[EOL]
[2026-09-22T08:29:44.836010Z][TM_TransferModule.newgen-infrastructure][W][2330306][132]CRTCyclicEvent.cpp:TimeMissed():101|Cycle miss in event CCSICombinedRepManager. Time Overrun is 6567 us[EOL]
[2026-09-22T08:29:50.065331Z][TM_TransferModule.newgen-infrastructure][W][2330306][132]CRTCyclicEvent.cpp:TimeMissed():101|Cycle miss in event CCSICombinedCmdManager Cyclic Event. Time Overrun is 15942 us[EOL]
[2026-09-22T08:29:50.065365Z][TM_TransferModule.newgen-infrastructure][W][2330306][132]CRTCyclicEvent.cpp:TimeMissed():101|Cycle miss in event CCSICombinedRepManager. Time Overrun is 15942 us[EOL]
[2026-09-22T08:29:50.623065Z][TM_TransferModule.newgen-infrastructure][W][2330306][132]CRTCyclicEvent.cpp:TimeMissed():101|Cycle miss in event CCSICombinedCmdManager Cyclic Event. Time Overrun is 3675 us[EOL]
[2026-09-22T08:29:50.623101Z][TM_TransferModule.newgen-infrastructure][W][2330306][132]CRTCyclicEvent.cpp:TimeMissed():101|Cycle miss in event CCSICombinedRepManager. Time Overrun is 3675 us[EOL]
[2026-09-22T08:29:51.220539Z][TM_TransferModule.newgen-infrastructure][W][2330306][132]CRTCyclicEvent.cpp:TimeMissed():101|Cycle miss in event CCSICombinedCmdManager Cyclic Event. Time Overrun is 21143 us[EOL]
[2026-09-22T08:29:51.220583Z][TM_TransferModule.newgen-infrastructure][W][2330306][132]CRTCyclicEvent.cpp:TimeMissed():101|Cycle miss in event CCSICombinedRepManager. Time Overrun is 21143 us[EOL]
[2026-09-22T08:29:51.568214Z][TM_TransferModule.newgen-infrastructure][W][2330306][132]CRTCyclicEvent.cpp:TimeMissed():101|Cycle miss in event CCSICombinedCmdManager Cyclic Event. Time Overrun is 8818 us[EOL]
[2026-09-22T08:29:51.568324Z][TM_TransferModule.newgen-infrastructure][W][2330306][132]CRTCyclicEvent.cpp:TimeMissed():101|Cycle miss in event CCSICombinedRepManager. Time Overrun is 8818 us[EOL]
[2026-09-22T08:29:51.761105Z][TM_TransferModule.newgen-infrastructure][W][2330306][132]CRTCyclicEvent.cpp:TimeMissed():101|Cycle miss in event CCSICombinedCmdManager Cyclic Event. Time Overrun is 21709 us[EOL]
[2026-09-22T08:29:51.761161Z][TM_TransferModule.newgen-infrastructure][W][2330306][132]CRTCyclicEvent.cpp:TimeMissed():101|Cycle miss in event CCSICombinedRepManager. Time Overrun is 21709 us[EOL]
[2026-09-22T08:29:53.049536Z][TM_TransferModule.newgen-infrastructure][W][2330306][132]CRTCyclicEvent.cpp:TimeMissed():101|Cycle miss in event CCSICombinedCmdManager Cyclic Event. Time Overrun is 148 us[EOL]
[2026-09-22T08:29:53.049592Z][TM_TransferModule.newgen-infrastructure][W][2330306][132]CRTCyclicEvent.cpp:TimeMissed():101|Cycle miss in event CCSICombinedRepManager. Time Overrun is 148 us[EOL]
[2026-09-22T08:29:54.656313Z][TM_TransferModule.newgen-infrastructure][W][2330306][132]CRTCyclicEvent.cpp:TimeMissed():101|Cycle miss in event CCSICombinedCmdManager Cyclic Event. Time Overrun is 76924 us[EOL]
[2026-09-22T08:29:54.656345Z][TM_TransferModule.newgen-infrastructure][W][2330306][132]CRTCyclicEvent.cpp:TimeMissed():101|Cycle miss in event CCSICombinedRepManager. Time Overrun is 76924 us[EOL]
[2026-09-22T08:29:55.071813Z][TM_TransferModule.newgen-infrastructure][W][2330306][132]CRTCyclicEvent.cpp:TimeMissed():101|Cycle miss in event CCSICombinedCmdManager Cyclic Event. Time Overrun is 2421 us[EOL]
[2026-09-22T08:29:55.071860Z][TM_TransferModule.newgen-infrastructure][W][2330306][132]CRTCyclicEvent.cpp:TimeMissed():101|Cycle miss in event CCSICombinedRepManager. Time Overrun is 2421 us[EOL]
[2026-09-22T08:29:55.763556Z][TM_TransferModule.newgen-infrastructure][W][2330306][132]CRTCyclicEvent.cpp:TimeMissed():101|Cycle miss in event CCSICombinedCmdManager Cyclic Event. Time Overrun is 4164 us[EOL]
[2026-09-22T08:29:55.763596Z][TM_TransferModule.newgen-infrastructure][W][2330306][132]CRTCyclicEvent.cpp:TimeMissed():101|Cycle miss in event CCSICombinedRepManager. Time Overrun is 4164 us[EOL]
[2026-09-22T08:30:01.556508Z][TM_TransferModule.newgen-infrastructure][W][2330306][132]CRTCyclicEvent.cpp:TimeMissed():101|Cycle miss in event CCSICombinedCmdManager Cyclic Event. Time Overrun is 37119 us[EOL]
[2026-09-22T08:30:01.556555Z][TM_TransferModule.newgen-infrastructure][W][2330306][132]CRTCyclicEvent.cpp:TimeMissed():101|Cycle miss in event CCSICombinedRepManager. Time Overrun is 37119 us[EOL]
[2026-09-22T08:30:02.742361Z][TM_TransferModule.newgen-infrastructure][W][2330306][132]CRTCyclicEvent.cpp:TimeMissed():101|Cycle miss in event CCSICombinedCmdManager Cyclic Event. Time Overrun is 1062970 us[EOL]
[2026-09-22T08:30:02.742409Z][TM_TransferModule.newgen-infrastructure][W][2330306][132]CRTCyclicEvent.cpp:TimeMissed():101|Cycle miss in event CCSICombinedRepManager. Time Overrun is 1062970 us[EOL]
[2026-09-22T08:30:02.742919Z][TM_TransferModule.newgen-infrastructure][W][2330306][132]CRTCyclicEvent.cpp:TimeMissed():101|Cycle miss in event CCSICyclicRepManager. Time Overrun is 916636 us[EOL]
[2026-09-22T08:30:02.877495Z][TM_TransferModule.newgen-infrastructure][W][2330306][132]CRTCyclicEvent.cpp:TimeMissed():101|Cycle miss in event CCSICombinedCmdManager Cyclic Event. Time Overrun is 18105 us[EOL]
[2026-09-22T08:30:02.877526Z][TM_TransferModule.newgen-infrastructure][W][2330306][132]CRTCyclicEvent.cpp:TimeMissed():101|Cycle miss in event CCSICombinedRepManager. Time Overrun is 18105 us[EOL]
[2026-09-22T08:30:03.057700Z][TM_TransferModule.newgen-infrastructure][W][2330306][132]CRTCyclicEvent.cpp:TimeMissed():101|Cycle miss in event CCSICombinedCmdManager Cyclic Event. Time Overrun is 68314 us[EOL]
[2026-09-22T08:30:03.057718Z][TM_TransferModule.newgen-infrastructure][W][2330306][132]CRTCyclicEvent.cpp:TimeMissed():101|Cycle miss in event CCSICombinedRepManager. Time Overrun is 68314 us[EOL]
[2026-09-22T08:30:03.352372Z][TM_TransferModule.newgen-infrastructure][W][2330306][132]CRTCyclicEvent.cpp:TimeMissed():101|Cycle miss in event CCSICombinedCmdManager Cyclic Event. Time Overrun is 172981 us[EOL]
[2026-09-22T08:30:03.352407Z][TM_TransferModule.newgen-infrastructure][W][2330306][132]CRTCyclicEvent.cpp:TimeMissed():101|Cycle miss in event CCSICombinedRepManager. Time Overrun is 172981 us[EOL]
[2026-09-22T08:30:03.764544Z][TM_TransferModule.newgen-infrastructure][W][2330306][132]CRTCyclicEvent.cpp:TimeMissed():101|Cycle miss in event CCSICombinedCmdManager Cyclic Event. Time Overrun is 5155 us[EOL]
[2026-09-22T08:30:03.764571Z][TM_TransferModule.newgen-infrastructure][W][2330306][132]CRTCyclicEvent.cpp:TimeMissed():101|Cycle miss in event CCSICombinedRepManager. Time Overrun is 5155 us[EOL]
[2026-09-22T08:30:04.059386Z][TM_TransferModule.newgen-infrastructure][W][2330306][132]CRTCyclicEvent.cpp:TimeMissed():101|Cycle miss in event CCSICombinedCmdManager Cyclic Event. Time Overrun is 0 us[EOL]
[2026-09-22T08:30:04.059412Z][TM_TransferModule.newgen-infrastructure][W][2330306][132]CRTCyclicEvent.cpp:TimeMissed():101|Cycle miss in event CCSICombinedRepManager. Time Overrun is 0 us[EOL]
[2026-09-22T08:30:04.187257Z][TM_TransferModule.newgen-infrastructure][W][2330306][132]CRTCyclicEvent.cpp:TimeMissed():101|Cycle miss in event CCSICombinedCmdManager Cyclic Event. Time Overrun is 7867 us[EOL]
[2026-09-22T08:30:04.187334Z][TM_TransferModule.newgen-infrastructure][W][2330306][132]CRTCyclicEvent.cpp:TimeMissed():101|Cycle miss in event CCSICombinedRepManager. Time Overrun is 7867 us[EOL]
[2026-09-22T08:30:04.790141Z][TM_TransferModule.newgen-infrastructure][W][2330306][132]CRTCyclicEvent.cpp:TimeMissed():101|Cycle miss in event CCSICombinedCmdManager Cyclic Event. Time Overrun is 751 us[EOL]
[2026-09-22T08:30:04.790195Z][TM_TransferModule.newgen-infrastructure][W][2330306][132]CRTCyclicEvent.cpp:TimeMissed():101|Cycle miss in event CCSICombinedRepManager. Time Overrun is 751 us[EOL]
[2026-09-22T08:30:05.061451Z][TM_TransferModule.newgen-infrastructure][W][2330306][132]CRTCyclicEvent.cpp:TimeMissed():101|Cycle miss in event CCSICombinedCmdManager Cyclic Event. Time Overrun is 2064 us[EOL]
[2026-09-22T08:30:05.061481Z][TM_TransferModule.newgen-infrastructure][W][2330306][132]CRTCyclicEvent.cpp:TimeMissed():101|Cycle miss in event CCSICombinedRepManager. Time Overrun is 2064 us[EOL]
[2026-09-22T08:30:05.444524Z][TM_TransferModule.newgen-infrastructure][W][2330306][132]CRTCyclicEvent.cpp:TimeMissed():101|Cycle miss in event CCSICombinedCmdManager Cyclic Event. Time Overrun is 5132 us[EOL]
[2026-09-22T08:30:05.444577Z][TM_TransferModule.newgen-infrastructure][W][2330306][132]CRTCyclicEvent.cpp:TimeMissed():101|Cycle miss in event CCSICombinedRepManager. Time Overrun is 5132 us[EOL]
[2026-09-22T08:30:05.711419Z][TM_TransferModule.newgen-infrastructure][W][2330306][132]CRTCyclicEvent.cpp:TimeMissed():101|Cycle miss in event CCSICombinedCmdManager Cyclic Event. Time Overrun is 2033 us[EOL]
[2026-09-22T08:30:05.711446Z][TM_TransferModule.newgen-infrastructure][W][2330306][132]CRTCyclicEvent.cpp:TimeMissed():101|Cycle miss in event CCSICombinedRepManager. Time Overrun is 2033 us[EOL]
[2026-09-22T08:30:06.504358Z][TM_TransferModule.newgen-infrastructure][W][2330306][132]CRTCyclicEvent.cpp:TimeMissed():101|Cycle miss in event CCSICombinedCmdManager Cyclic Event. Time Overrun is 4965 us[EOL]
[2026-09-22T08:30:06.504390Z][TM_TransferModule.newgen-infrastructure][W][2330306][132]CRTCyclicEvent.cpp:TimeMissed():101|Cycle miss in event CCSICombinedRepManager. Time Overrun is 4965 us[EOL]
[2026-09-22T08:30:06.729871Z][TM_TransferModule.newgen-infrastructure][W][2330306][132]CRTCyclicEvent.cpp:TimeMissed():101|Cycle miss in event CCSICombinedCmdManager Cyclic Event. Time Overrun is 486 us[EOL]
[2026-09-22T08:30:06.729890Z][TM_TransferModule.newgen-infrastructure][W][2330306][132]CRTCyclicEvent.cpp:TimeMissed():101|Cycle miss in event CCSICombinedRepManager. Time Overrun is 486 us[EOL]
[2026-09-22T08:30:06.914133Z][TM_TransferModule.newgen-infrastructure][W][2330306][132]CRTCyclicEvent.cpp:TimeMissed():101|Cycle miss in event CCSICombinedCmdManager Cyclic Event. Time Overrun is 4677 us[EOL]
[2026-09-22T08:30:06.914260Z][TM_TransferModule.newgen-infrastructure][W][2330306][132]CRTCyclicEvent.cpp:TimeMissed():101|Cycle miss in event CCSICombinedRepManager. Time Overrun is 4677 us[EOL]
[2026-09-22T08:30:07.169923Z][TM_TransferModule.newgen-infrastructure][W][2330306][132]CRTCyclicEvent.cpp:TimeMissed():101|Cycle miss in event CCSICombinedCmdManager Cyclic Event. Time Overrun is 537 us[EOL]
[2026-09-22T08:30:07.169946Z][TM_TransferModule.newgen-infrastructure][W][2330306][132]CRTCyclicEvent.cpp:TimeMissed():101|Cycle miss in event CCSICombinedRepManager. Time Overrun is 537 us[EOL]
[2026-09-22T08:30:07.602149Z][TM_TransferModule.newgen-infrastructure][W][2330306][132]CRTCyclicEvent.cpp:TimeMissed():101|Cycle miss in event CCSICombinedCmdManager Cyclic Event. Time Overrun is 2761 us[EOL]
[2026-09-22T08:30:07.602251Z][TM_TransferModule.newgen-infrastructure][W][2330306][132]CRTCyclicEvent.cpp:TimeMissed():101|Cycle miss in event CCSICombinedRepManager. Time Overrun is 2761 us[EOL]
[2026-09-22T08:30:07.727229Z][TM_TransferModule.newgen-infrastructure][W][2330306][132]CRTCyclicEvent.cpp:TimeMissed():101|Cycle miss in event CCSICombinedCmdManager Cyclic Event. Time Overrun is 7837 us[EOL]
[2026-09-22T08:30:07.727273Z][TM_TransferModule.newgen-infrastructure][W][2330306][132]CRTCyclicEvent.cpp:TimeMissed():101|Cycle miss in event CCSICombinedRepManager. Time Overrun is 7837 us[EOL]
[2026-09-22T08:30:08.479776Z][TM_TransferModule.newgen-infrastructure][W][2330306][132]CRTCyclicEvent.cpp:TimeMissed():101|Cycle miss in event CCSICombinedCmdManager Cyclic Event. Time Overrun is 388 us[EOL]
[2026-09-22T08:30:08.479808Z][TM_TransferModule.newgen-infrastructure][W][2330306][132]CRTCyclicEvent.cpp:TimeMissed():101|Cycle miss in event CCSICombinedRepManager. Time Overrun is 388 us[EOL]
[2026-09-22T08:30:08.879640Z][TM_TransferModule.newgen-infrastructure][W][2330306][132]CRTCyclicEvent.cpp:TimeMissed():101|Cycle miss in event CCSICombinedCmdManager Cyclic Event. Time Overrun is 252 us[EOL]
[2026-09-22T08:30:08.879672Z][TM_TransferModule.newgen-infrastructure][W][2330306][132]CRTCyclicEvent.cpp:TimeMissed():101|Cycle miss in event CCSICombinedRepManager. Time Overrun is 252 us[EOL]
[2026-09-22T08:30:09.409817Z][TM_TransferModule.newgen-infrastructure][W][2330306][132]CRTCyclicEvent.cpp:TimeMissed():101|Cycle miss in event CCSICombinedCmdManager Cyclic Event. Time Overrun is 425 us[EOL]
[2026-09-22T08:30:09.409876Z][TM_TransferModule.newgen-infrastructure][W][2330306][132]CRTCyclicEvent.cpp:TimeMissed():101|Cycle miss in event CCSICombinedRepManager. Time Overrun is 425 us[EOL]
[2026-09-22T08:30:09.449815Z][TM_TransferModule.newgen-infrastructure][W][2330306][132]CRTCyclicEvent.cpp:TimeMissed():101|Cycle miss in event CCSICyclicRepManager. Time Overrun is 323548 us[EOL]
[2026-09-22T08:30:09.733457Z][TM_TransferModule.newgen-infrastructure][W][2330306][132]CRTCyclicEvent.cpp:TimeMissed():101|Cycle miss in event CCSICombinedCmdManager Cyclic Event. Time Overrun is 4071 us[EOL]
[2026-09-22T08:30:09.733483Z][TM_TransferModule.newgen-infrastructure][W][2330306][132]CRTCyclicEvent.cpp:TimeMissed():101|Cycle miss in event CCSICombinedRepManager. Time Overrun is 4071 us[EOL]
[2026-09-22T08:30:10.341435Z][TM_TransferModule.newgen-infrastructure][W][2330306][132]CRTCyclicEvent.cpp:TimeMissed():101|Cycle miss in event CCSICombinedCmdManager Cyclic Event. Time Overrun is 2040 us[EOL]
[2026-09-22T08:30:10.341473Z][TM_TransferModule.newgen-infrastructure][W][2330306][132]CRTCyclicEvent.cpp:TimeMissed():101|Cycle miss in event CCSICombinedRepManager. Time Overrun is 2040 us[EOL]
[2026-09-22T08:30:11.222658Z][TM_TransferModule.newgen-infrastructure][W][2330306][132]CRTCyclicEvent.cpp:TimeMissed():101|Cycle miss in event CCSICombinedCmdManager Cyclic Event. Time Overrun is 423272 us[EOL]
[2026-09-22T08:30:11.222679Z][TM_TransferModule.newgen-infrastructure][W][2330306][132]CRTCyclicEvent.cpp:TimeMissed():101|Cycle miss in event CCSICombinedRepManager. Time Overrun is 423272 us[EOL]
[2026-09-22T08:30:11.653896Z][TM_TransferModule.newgen-infrastructure][W][2330306][132]CRTCyclicEvent.cpp:TimeMissed():101|Cycle miss in event CCSICombinedCmdManager Cyclic Event. Time Overrun is 314505 us[EOL]
[2026-09-22T08:30:11.653943Z][TM_TransferModule.newgen-infrastructure][W][2330306][132]CRTCyclicEvent.cpp:TimeMissed():101|Cycle miss in event CCSICombinedRepManager. Time Overrun is 314505 us[EOL]
[2026-09-22T08:30:12.312631Z][TM_TransferModule.newgen-infrastructure][W][2330306][132]CRTCyclicEvent.cpp:TimeMissed():101|Cycle miss in event CCSICombinedCmdManager Cyclic Event. Time Overrun is 3240 us[EOL]
[2026-09-22T08:30:12.312684Z][TM_TransferModule.newgen-infrastructure][W][2330306][132]CRTCyclicEvent.cpp:TimeMissed():101|Cycle miss in event CCSICombinedRepManager. Time Overrun is 3240 us[EOL]
[2026-09-22T08:30:12.809031Z][TM_TransferModule.newgen-infrastructure][W][2330306][132]CRTCyclicEvent.cpp:TimeMissed():101|Cycle miss in event CCSICyclicRepManager. Time Overrun is 282807 us[EOL]
[2026-09-22T08:30:13.520618Z][TM_TransferModule.newgen-infrastructure][W][2330306][132]CRTCyclicEvent.cpp:TimeMissed():101|Cycle miss in event CCSICombinedCmdManager Cyclic Event. Time Overrun is 1230 us[EOL]
[2026-09-22T08:30:13.520645Z][TM_TransferModule.newgen-infrastructure][W][2330306][132]CRTCyclicEvent.cpp:TimeMissed():101|Cycle miss in event CCSICombinedRepManager. Time Overrun is 1230 us[EOL]
[2026-09-22T08:30:14.093456Z][TM_TransferModule.newgen-infrastructure][W][2330306][132]CRTCyclicEvent.cpp:TimeMissed():101|Cycle miss in event CCSICombinedCmdManager Cyclic Event. Time Overrun is 3984 us[EOL]
[2026-09-22T08:30:14.093552Z][TM_TransferModule.newgen-infrastructure][W][2330306][132]CRTCyclicEvent.cpp:TimeMissed():101|Cycle miss in event CCSICombinedRepManager. Time Overrun is 3984 us[EOL]
[2026-09-22T08:30:15.110124Z][TM_TransferModule.newgen-infrastructure][W][2330306][132]CRTCyclicEvent.cpp:TimeMissed():101|Cycle miss in event CCSICombinedCmdManager Cyclic Event. Time Overrun is 733 us[EOL]
[2026-09-22T08:30:15.110161Z][TM_TransferModule.newgen-infrastructure][W][2330306][132]CRTCyclicEvent.cpp:TimeMissed():101|Cycle miss in event CCSICombinedRepManager. Time Overrun is 733 us[EOL]
[2026-09-22T08:30:17.492540Z][TM_TransferModule.newgen-infrastructure][W][2330306][132]CRTCyclicEvent.cpp:TimeMissed():101|Cycle miss in event CCSICombinedCmdManager Cyclic Event. Time Overrun is 3152 us[EOL]
[2026-09-22T08:30:17.492577Z][TM_TransferModule.newgen-infrastructure][W][2330306][132]CRTCyclicEvent.cpp:TimeMissed():101|Cycle miss in event CCSICombinedRepManager. Time Overrun is 3152 us[EOL]
[2026-09-22T08:30:19.037620Z][TM_TransferModule.newgen-infrastructure][W][2330306][132]CRTCyclicEvent.cpp:TimeMissed():101|Cycle miss in event CCSICombinedCmdManager Cyclic Event. Time Overrun is 8223 us[EOL]
[2026-09-22T08:30:19.037662Z][TM_TransferModule.newgen-infrastructure][W][2330306][132]CRTCyclicEvent.cpp:TimeMissed():101|Cycle miss in event CCSICombinedRepManager. Time Overrun is 8223 us[EOL]
[2026-09-22T08:30:19.344421Z][TM_TransferModule.newgen-infrastructure][W][2330306][132]CRTCyclicEvent.cpp:TimeMissed():101|Cycle miss in event CCSICombinedCmdManager Cyclic Event. Time Overrun is 5033 us[EOL]
[2026-09-22T08:30:19.344457Z][TM_TransferModule.newgen-infrastructure][W][2330306][132]CRTCyclicEvent.cpp:TimeMissed():101|Cycle miss in event CCSICombinedRepManager. Time Overrun is 5033 us[EOL]
[2026-09-22T08:30:21.093501Z][TM_TransferModule.newgen-infrastructure][W][2330306][132]CRTCyclicEvent.cpp:TimeMissed():101|Cycle miss in event CCSICombinedCmdManager Cyclic Event. Time Overrun is 4114 us[EOL]
[2026-09-22T08:30:21.093534Z][TM_TransferModule.newgen-infrastructure][W][2330306][132]CRTCyclicEvent.cpp:TimeMissed():101|Cycle miss in event CCSICombinedRepManager. Time Overrun is 4114 us[EOL]
[2026-09-22T08:30:21.433069Z][TM_TransferModule.newgen-infrastructure][W][2330306][132]CRTCyclicEvent.cpp:TimeMissed():101|Cycle miss in event CCSICombinedCmdManager Cyclic Event. Time Overrun is 3666 us[EOL]
[2026-09-22T08:30:21.433128Z][TM_TransferModule.newgen-infrastructure][W][2330306][132]CRTCyclicEvent.cpp:TimeMissed():101|Cycle miss in event CCSICombinedRepManager. Time Overrun is 3666 us[EOL]
[2026-09-22T08:30:22.050960Z][TM_TransferModule.newgen-infrastructure][W][2330306][132]CRTCyclicEvent.cpp:TimeMissed():101|Cycle miss in event CCSICombinedCmdManager Cyclic Event. Time Overrun is 1532 us[EOL]
[2026-09-22T08:30:22.051053Z][TM_TransferModule.newgen-infrastructure][W][2330306][132]CRTCyclicEvent.cpp:TimeMissed():101|Cycle miss in event CCSICombinedRepManager. Time Overrun is 1532 us[EOL]
[2026-09-22T08:30:22.373957Z][TM_TransferModule.newgen-infrastructure][W][2330306][132]CRTCyclicEvent.cpp:TimeMissed():101|Cycle miss in event CCSICombinedCmdManager Cyclic Event. Time Overrun is 4562 us[EOL]
[2026-09-22T08:30:22.374031Z][TM_TransferModule.newgen-infrastructure][W][2330306][132]CRTCyclicEvent.cpp:TimeMissed():101|Cycle miss in event CCSICombinedRepManager. Time Overrun is 4562 us[EOL]
[2026-09-22T08:30:23.882452Z][TM_TransferModule.newgen-infrastructure][W][2330306][132]CRTCyclicEvent.cpp:TimeMissed():101|Cycle miss in event CCSICombinedCmdManager Cyclic Event. Time Overrun is 3064 us[EOL]
[2026-09-22T08:30:23.882484Z][TM_TransferModule.newgen-infrastructure][W][2330306][132]CRTCyclicEvent.cpp:TimeMissed():101|Cycle miss in event CCSICombinedRepManager. Time Overrun is 3064 us[EOL]
[2026-09-22T08:30:24.140801Z][TM_TransferModule.newgen-infrastructure][W][2330306][132]CRTCyclicEvent.cpp:TimeMissed():101|Cycle miss in event CCSICombinedCmdManager Cyclic Event. Time Overrun is 1414 us[EOL]
[2026-09-22T08:30:24.140834Z][TM_TransferModule.newgen-infrastructure][W][2330306][132]CRTCyclicEvent.cpp:TimeMissed():101|Cycle miss in event CCSICombinedRepManager. Time Overrun is 1414 us[EOL]
[2026-09-22T08:30:24.264032Z][TM_TransferModule.newgen-infrastructure][W][2330306][132]CRTCyclicEvent.cpp:TimeMissed():101|Cycle miss in event CCSICombinedCmdManager Cyclic Event. Time Overrun is 4639 us[EOL]
[2026-09-22T08:30:24.264066Z][TM_TransferModule.newgen-infrastructure][W][2330306][132]CRTCyclicEvent.cpp:TimeMissed():101|Cycle miss in event CCSICombinedRepManager. Time Overrun is 4639 us[EOL]
[2026-09-22T08:30:24.447926Z][TM_TransferModule.newgen-infrastructure][W][2330306][132]CRTCyclicEvent.cpp:TimeMissed():101|Cycle miss in event CCSICombinedCmdManager Cyclic Event. Time Overrun is 8537 us[EOL]
[2026-09-22T08:30:24.447964Z][TM_TransferModule.newgen-infrastructure][W][2330306][132]CRTCyclicEvent.cpp:TimeMissed():101|Cycle miss in event CCSICombinedRepManager. Time Overrun is 8537 us[EOL]
[2026-09-22T08:30:26.704505Z][TM_TransferModule.newgen-infrastructure][W][2330306][132]CRTCyclicEvent.cpp:TimeMissed():101|Cycle miss in event CCSICyclicRepManager. Time Overrun is 78283 us[EOL]
[2026-09-22T08:30:28.430170Z][TM_TransferModule.newgen-infrastructure][W][2330306][132]CRTCyclicEvent.cpp:TimeMissed():101|Cycle miss in event CCSICombinedCmdManager Cyclic Event. Time Overrun is 777 us[EOL]
[2026-09-22T08:30:28.430217Z][TM_TransferModule.newgen-infrastructure][W][2330306][132]CRTCyclicEvent.cpp:TimeMissed():101|Cycle miss in event CCSICombinedRepManager. Time Overrun is 777 us[EOL]
[2026-09-22T08:30:28.746166Z][TM_TransferModule.newgen-infrastructure][W][2330306][132]CRTCyclicEvent.cpp:TimeMissed():101|Cycle miss in event CCSICombinedCmdManager Cyclic Event. Time Overrun is 6771 us[EOL]
[2026-09-22T08:30:28.746210Z][TM_TransferModule.newgen-infrastructure][W][2330306][132]CRTCyclicEvent.cpp:TimeMissed():101|Cycle miss in event CCSICombinedRepManager. Time Overrun is 6771 us[EOL]
[2026-09-22T08:30:28.766294Z][TM_TransferModule.newgen-infrastructure][I][2560016][132]IMessageHandler.h:operator()():40|Received RabbitMqMessage Roche.MolLab.InstrumentState.Ping. Content: {"Timestamp":"2026-09-22T08:30:28.7035206Z","PingId":"IS1"}[EOL]
[2026-09-22T08:30:28.766413Z][TM_TransferModule.newgen-infrastructure][I][844444436][132]UnitCommunicator.cpp:SendEvent():424|Publishing event: type=Roche.c68_8800.Infrastructure.TransferModule.Echo correlation_id=(n/a)[EOL]
[2026-09-22T08:30:28.766449Z][TM_TransferModule.newgen-infrastructure][I][2560017][132]MessageSender.h:SendEvent():105|Sent RabbitMqEvent Roche.c68_8800.Infrastructure.TransferModule.Echo. Content: {"Timestamp":"2026-09-22T08:30:28.766393Z","ModuleId":"TransferModule","PingId":"IS1"}[EOL]
[2026-09-22T08:30:28.913826Z][TM_TransferModule.newgen-infrastructure][W][2330306][132]CRTCyclicEvent.cpp:TimeMissed():101|Cycle miss in event CCSICombinedCmdManager Cyclic Event. Time Overrun is 4437 us[EOL]
[2026-09-22T08:30:28.913862Z][TM_TransferModule.newgen-infrastructure][W][2330306][132]CRTCyclicEvent.cpp:TimeMissed():101|Cycle miss in event CCSICombinedRepManager. Time Overrun is 4437 us[EOL]
[2026-09-22T08:30:29.084535Z][TM_TransferModule.newgen-infrastructure][W][2330306][132]CRTCyclicEvent.cpp:TimeMissed():101|Cycle miss in event CCSICombinedCmdManager Cyclic Event. Time Overrun is 5136 us[EOL]
[2026-09-22T08:30:29.084655Z][TM_TransferModule.newgen-infrastructure][W][2330306][132]CRTCyclicEvent.cpp:TimeMissed():101|Cycle miss in event CCSICombinedRepManager. Time Overrun is 5136 us[EOL]
[2026-09-22T08:30:29.299821Z][TM_TransferModule.newgen-infrastructure][W][2330306][132]CRTCyclicEvent.cpp:TimeMissed():101|Cycle miss in event CCSICombinedCmdManager Cyclic Event. Time Overrun is 434 us[EOL]
[2026-09-22T08:30:29.299847Z][TM_TransferModule.newgen-infrastructure][W][2330306][132]CRTCyclicEvent.cpp:TimeMissed():101|Cycle miss in event CCSICombinedRepManager. Time Overrun is 434 us[EOL]
[2026-09-22T08:30:29.747202Z][TM_TransferModule.newgen-infrastructure][W][2330306][132]CRTCyclicEvent.cpp:TimeMissed():101|Cycle miss in event CCSICombinedCmdManager Cyclic Event. Time Overrun is 27814 us[EOL]
[2026-09-22T08:30:29.747242Z][TM_TransferModule.newgen-infrastructure][W][2330306][132]CRTCyclicEvent.cpp:TimeMissed():101|Cycle miss in event CCSICombinedRepManager. Time Overrun is 27814 us[EOL]
[2026-09-22T08:30:29.892052Z][TM_TransferModule.newgen-infrastructure][W][2330306][132]CRTCyclicEvent.cpp:TimeMissed():101|Cycle miss in event CCSICombinedCmdManager Cyclic Event. Time Overrun is 32660 us[EOL]
[2026-09-22T08:30:29.892112Z][TM_TransferModule.newgen-infrastructure][W][2330306][132]CRTCyclicEvent.cpp:TimeMissed():101|Cycle miss in event CCSICombinedRepManager. Time Overrun is 32660 us[EOL]
[2026-09-22T08:30:30.044132Z][TM_TransferModule.newgen-infrastructure][W][2330306][132]CRTCyclicEvent.cpp:TimeMissed():101|Cycle miss in event CCSICombinedCmdManager Cyclic Event. Time Overrun is 34741 us[EOL]
[2026-09-22T08:30:30.044173Z][TM_TransferModule.newgen-infrastructure][W][2330306][132]CRTCyclicEvent.cpp:TimeMissed():101|Cycle miss in event CCSICombinedRepManager. Time Overrun is 34741 us[EOL]
[2026-09-22T08:30:30.230119Z][TM_TransferModule.newgen-infrastructure][W][2330306][132]CRTCyclicEvent.cpp:TimeMissed():101|Cycle miss in event CCSICombinedCmdManager Cyclic Event. Time Overrun is 70732 us[EOL]
[2026-09-22T08:30:30.230141Z][TM_TransferModule.newgen-infrastructure][W][2330306][132]CRTCyclicEvent.cpp:TimeMissed():101|Cycle miss in event CCSICombinedRepManager. Time Overrun is 70732 us[EOL]
[2026-09-22T08:30:30.420981Z][TM_TransferModule.newgen-infrastructure][W][2330306][132]CRTCyclicEvent.cpp:TimeMissed():101|Cycle miss in event CCSICombinedCmdManager Cyclic Event. Time Overrun is 71592 us[EOL]
[2026-09-22T08:30:30.421015Z][TM_TransferModule.newgen-infrastructure][W][2330306][132]CRTCyclicEvent.cpp:TimeMissed():101|Cycle miss in event CCSICombinedRepManager. Time Overrun is 71592 us[EOL]
[2026-09-22T08:30:30.611950Z][TM_TransferModule.newgen-infrastructure][W][2330306][132]CRTCyclicEvent.cpp:TimeMissed():101|Cycle miss in event CCSICombinedCmdManager Cyclic Event. Time Overrun is 62561 us[EOL]
[2026-09-22T08:30:30.612037Z][TM_TransferModule.newgen-infrastructure][W][2330306][132]CRTCyclicEvent.cpp:TimeMissed():101|Cycle miss in event CCSICombinedRepManager. Time Overrun is 62561 us[EOL]
[2026-09-22T08:30:30.731472Z][TM_TransferModule.newgen-infrastructure][W][2330306][132]CRTCyclicEvent.cpp:TimeMissed():101|Cycle miss in event CCSICyclicRepManager. Time Overrun is 5245 us[EOL]
[2026-09-22T08:30:30.731696Z][TM_TransferModule.newgen-infrastructure][W][2330306][132]CRTCyclicEvent.cpp:TimeMissed():101|Cycle miss in event CCSICombinedCmdManager Cyclic Event. Time Overrun is 2305 us[EOL]
[2026-09-22T08:30:30.731711Z][TM_TransferModule.newgen-infrastructure][W][2330306][132]CRTCyclicEvent.cpp:TimeMissed():101|Cycle miss in event CCSICombinedRepManager. Time Overrun is 2305 us[EOL]
[2026-09-22T08:30:30.922751Z][TM_TransferModule.newgen-infrastructure][W][2330306][132]CRTCyclicEvent.cpp:TimeMissed():101|Cycle miss in event CCSICombinedCmdManager Cyclic Event. Time Overrun is 63362 us[EOL]
[2026-09-22T08:30:30.922798Z][TM_TransferModule.newgen-infrastructure][W][2330306][132]CRTCyclicEvent.cpp:TimeMissed():101|Cycle miss in event CCSICombinedRepManager. Time Overrun is 63362 us[EOL]
[2026-09-22T08:30:31.134606Z][TM_TransferModule.newgen-infrastructure][W][2330306][132]CRTCyclicEvent.cpp:TimeMissed():101|Cycle miss in event CCSICombinedCmdManager Cyclic Event. Time Overrun is 65216 us[EOL]
[2026-09-22T08:30:31.134658Z][TM_TransferModule.newgen-infrastructure][W][2330306][132]CRTCyclicEvent.cpp:TimeMissed():101|Cycle miss in event CCSICombinedRepManager. Time Overrun is 65216 us[EOL]
[2026-09-22T08:30:31.337808Z][TM_TransferModule.newgen-infrastructure][W][2330306][132]CRTCyclicEvent.cpp:TimeMissed():101|Cycle miss in event CCSICombinedCmdManager Cyclic Event. Time Overrun is 68412 us[EOL]
[2026-09-22T08:30:31.337856Z][TM_TransferModule.newgen-infrastructure][W][2330306][132]CRTCyclicEvent.cpp:TimeMissed():101|Cycle miss in event CCSICombinedRepManager. Time Overrun is 68412 us[EOL]
[2026-09-22T08:30:31.571415Z][TM_TransferModule.newgen-infrastructure][W][2330306][132]CRTCyclicEvent.cpp:TimeMissed():101|Cycle miss in event CCSICombinedCmdManager Cyclic Event. Time Overrun is 102023 us[EOL]
[2026-09-22T08:30:31.571459Z][TM_TransferModule.newgen-infrastructure][W][2330306][132]CRTCyclicEvent.cpp:TimeMissed():101|Cycle miss in event CCSICombinedRepManager. Time Overrun is 102023 us[EOL]
[2026-09-22T08:30:31.822265Z][TM_TransferModule.newgen-infrastructure][W][2330306][132]CRTCyclicEvent.cpp:TimeMissed():101|Cycle miss in event CCSICombinedCmdManager Cyclic Event. Time Overrun is 112874 us[EOL]
[2026-09-22T08:30:31.822323Z][TM_TransferModule.newgen-infrastructure][W][2330306][132]CRTCyclicEvent.cpp:TimeMissed():101|Cycle miss in event CCSICombinedRepManager. Time Overrun is 112874 us[EOL]
[2026-09-22T08:30:31.952957Z][TM_TransferModule.newgen-infrastructure][W][2330306][132]CRTCyclicEvent.cpp:TimeMissed():101|Cycle miss in event CCSICombinedCmdManager Cyclic Event. Time Overrun is 13561 us[EOL]
[2026-09-22T08:30:31.953027Z][TM_TransferModule.newgen-infrastructure][W][2330306][132]CRTCyclicEvent.cpp:TimeMissed():101|Cycle miss in event CCSICombinedRepManager. Time Overrun is 13561 us[EOL]
[2026-09-22T08:30:32.078763Z][TM_TransferModule.newgen-infrastructure][W][2330306][132]CRTCyclicEvent.cpp:TimeMissed():101|Cycle miss in event CCSICombinedCmdManager Cyclic Event. Time Overrun is 9376 us[EOL]
[2026-09-22T08:30:32.078796Z][TM_TransferModule.newgen-infrastructure][W][2330306][132]CRTCyclicEvent.cpp:TimeMissed():101|Cycle miss in event CCSICombinedRepManager. Time Overrun is 9376 us[EOL]
[2026-09-22T08:30:32.270824Z][TM_TransferModule.newgen-infrastructure][W][2330306][132]CRTCyclicEvent.cpp:TimeMissed():101|Cycle miss in event CCSICombinedCmdManager Cyclic Event. Time Overrun is 21435 us[EOL]
[2026-09-22T08:30:32.270864Z][TM_TransferModule.newgen-infrastructure][W][2330306][132]CRTCyclicEvent.cpp:TimeMissed():101|Cycle miss in event CCSICombinedRepManager. Time Overrun is 21435 us[EOL]
[2026-09-22T08:30:33.513206Z][TM_TransferModule.newgen-infrastructure][I][2560016][132]IMessageHandler.h:operator()():53|Received RabbitMqMessage Roche.c68_8800.InstrumentState.InstrumentStateChanged. Content: {"Timestamp":"2026-09-22T08:30:29.4305208Z","TraceContext":"00-819380aeb3d0d060e0455e221ce4a92c-894abe7a711e0278-01","OldState":"PoweredOff","NewState":"StartingUp"}[EOL]
[2026-09-22T08:30:33.513279Z][TM_TransferModule.newgen-infrastructure][I][2560016][132]IMessageHandler.h:operator()():40|Received RabbitMqMessage Roche.c68_8800.InstrumentState.InstrumentStateChanged. Content: {"Timestamp":"2026-09-22T08:30:29.4305208Z","TraceContext":"00-819380aeb3d0d060e0455e221ce4a92c-894abe7a711e0278-01","OldState":"PoweredOff","NewState":"StartingUp"}[EOL]
[2026-09-22T08:30:33.641399Z][TM_TransferModule.newgen-infrastructure][W][2330306][132]CRTCyclicEvent.cpp:TimeMissed():101|Cycle miss in event CCSICombinedCmdManager Cyclic Event. Time Overrun is 2005 us[EOL]
[2026-09-22T08:30:33.641454Z][TM_TransferModule.newgen-infrastructure][W][2330306][132]CRTCyclicEvent.cpp:TimeMissed():101|Cycle miss in event CCSICombinedRepManager. Time Overrun is 2005 us[EOL]
[2026-09-22T08:30:33.910060Z][TM_TransferModule.newgen-infrastructure][W][2330306][132]CRTCyclicEvent.cpp:TimeMissed():101|Cycle miss in event CCSICombinedCmdManager Cyclic Event. Time Overrun is 70672 us[EOL]
[2026-09-22T08:30:33.910094Z][TM_TransferModule.newgen-infrastructure][W][2330306][132]CRTCyclicEvent.cpp:TimeMissed():101|Cycle miss in event CCSICombinedRepManager. Time Overrun is 70672 us[EOL]
[2026-09-22T08:30:34.116546Z][TM_TransferModule.newgen-infrastructure][W][2330306][132]CRTCyclicEvent.cpp:TimeMissed():101|Cycle miss in event CCSICombinedCmdManager Cyclic Event. Time Overrun is 17160 us[EOL]
[2026-09-22T08:30:34.116568Z][TM_TransferModule.newgen-infrastructure][W][2330306][132]CRTCyclicEvent.cpp:TimeMissed():101|Cycle miss in event CCSICombinedRepManager. Time Overrun is 17160 us[EOL]
[2026-09-22T08:30:34.361346Z][TM_TransferModule.newgen-infrastructure][W][2330306][132]CRTCyclicEvent.cpp:TimeMissed():101|Cycle miss in event CCSICombinedCmdManager Cyclic Event. Time Overrun is 1957 us[EOL]
[2026-09-22T08:30:34.361377Z][TM_TransferModule.newgen-infrastructure][W][2330306][132]CRTCyclicEvent.cpp:TimeMissed():101|Cycle miss in event CCSICombinedRepManager. Time Overrun is 1957 us[EOL]
[2026-09-22T08:30:34.734177Z][TM_TransferModule.newgen-infrastructure][W][2330306][132]CRTCyclicEvent.cpp:TimeMissed():101|Cycle miss in event CCSICombinedCmdManager Cyclic Event. Time Overrun is 14781 us[EOL]
[2026-09-22T08:30:34.734223Z][TM_TransferModule.newgen-infrastructure][W][2330306][132]CRTCyclicEvent.cpp:TimeMissed():101|Cycle miss in event CCSICombinedRepManager. Time Overrun is 14781 us[EOL]
[2026-09-22T08:30:34.949559Z][TM_TransferModule.newgen-infrastructure][W][2330306][132]CRTCyclicEvent.cpp:TimeMissed():101|Cycle miss in event CCSICombinedCmdManager Cyclic Event. Time Overrun is 171 us[EOL]
[2026-09-22T08:30:34.949587Z][TM_TransferModule.newgen-infrastructure][W][2330306][132]CRTCyclicEvent.cpp:TimeMissed():101|Cycle miss in event CCSICombinedRepManager. Time Overrun is 171 us[EOL]
[2026-09-22T08:30:35.239562Z][TM_TransferModule.newgen-infrastructure][W][2330306][132]CRTCyclicEvent.cpp:TimeMissed():101|Cycle miss in event CCSICombinedCmdManager Cyclic Event. Time Overrun is 171 us[EOL]
[2026-09-22T08:30:35.239599Z][TM_TransferModule.newgen-infrastructure][W][2330306][132]CRTCyclicEvent.cpp:TimeMissed():101|Cycle miss in event CCSICombinedRepManager. Time Overrun is 171 us[EOL]
[2026-09-22T08:30:36.237348Z][TM_TransferModule.newgen-infrastructure][W][2330306][132]CRTCyclicEvent.cpp:TimeMissed():101|Cycle miss in event CCSICombinedCmdManager Cyclic Event. Time Overrun is 7948 us[EOL]
[2026-09-22T08:30:36.237383Z][TM_TransferModule.newgen-infrastructure][W][2330306][132]CRTCyclicEvent.cpp:TimeMissed():101|Cycle miss in event CCSICombinedRepManager. Time Overrun is 7948 us[EOL]
[2026-09-22T08:30:36.579634Z][TM_TransferModule.newgen-infrastructure][W][2330306][132]CRTCyclicEvent.cpp:TimeMissed():101|Cycle miss in event CCSICombinedCmdManager Cyclic Event. Time Overrun is 241 us[EOL]
[2026-09-22T08:30:36.579667Z][TM_TransferModule.newgen-infrastructure][W][2330306][132]CRTCyclicEvent.cpp:TimeMissed():101|Cycle miss in event CCSICombinedRepManager. Time Overrun is 241 us[EOL]
[2026-09-22T08:30:37.033449Z][TM_TransferModule.newgen-infrastructure][W][2330306][132]CRTCyclicEvent.cpp:TimeMissed():101|Cycle miss in event CCSICombinedCmdManager Cyclic Event. Time Overrun is 4061 us[EOL]
[2026-09-22T08:30:37.033480Z][TM_TransferModule.newgen-infrastructure][W][2330306][132]CRTCyclicEvent.cpp:TimeMissed():101|Cycle miss in event CCSICombinedRepManager. Time Overrun is 4061 us[EOL]
[2026-09-22T08:30:37.336073Z][TM_TransferModule.newgen-infrastructure][W][2330306][132]CRTCyclicEvent.cpp:TimeMissed():101|Cycle miss in event CCSICombinedCmdManager Cyclic Event. Time Overrun is 26682 us[EOL]
[2026-09-22T08:30:37.336105Z][TM_TransferModule.newgen-infrastructure][W][2330306][132]CRTCyclicEvent.cpp:TimeMissed():101|Cycle miss in event CCSICombinedRepManager. Time Overrun is 26682 us[EOL]
[2026-09-22T08:30:37.479957Z][TM_TransferModule.newgen-infrastructure][W][2330306][132]CRTCyclicEvent.cpp:TimeMissed():101|Cycle miss in event CCSICombinedCmdManager Cyclic Event. Time Overrun is 564 us[EOL]
[2026-09-22T08:30:37.480003Z][TM_TransferModule.newgen-infrastructure][W][2330306][132]CRTCyclicEvent.cpp:TimeMissed():101|Cycle miss in event CCSICombinedRepManager. Time Overrun is 564 us[EOL]
[2026-09-22T08:30:37.889791Z][TM_TransferModule.newgen-infrastructure][W][2330306][132]CRTCyclicEvent.cpp:TimeMissed():101|Cycle miss in event CCSICombinedCmdManager Cyclic Event. Time Overrun is 404 us[EOL]
[2026-09-22T08:30:37.889816Z][TM_TransferModule.newgen-infrastructure][W][2330306][132]CRTCyclicEvent.cpp:TimeMissed():101|Cycle miss in event CCSICombinedRepManager. Time Overrun is 404 us[EOL]
[2026-09-22T08:30:38.134126Z][TM_TransferModule.newgen-infrastructure][W][2330306][132]CRTCyclicEvent.cpp:TimeMissed():101|Cycle miss in event CCSICombinedCmdManager Cyclic Event. Time Overrun is 14735 us[EOL]
[2026-09-22T08:30:38.134161Z][TM_TransferModule.newgen-infrastructure][W][2330306][132]CRTCyclicEvent.cpp:TimeMissed():101|Cycle miss in event CCSICombinedRepManager. Time Overrun is 14735 us[EOL]
[2026-09-22T08:30:38.389848Z][TM_TransferModule.newgen-infrastructure][W][2330306][132]CRTCyclicEvent.cpp:TimeMissed():101|Cycle miss in event CCSICombinedCmdManager Cyclic Event. Time Overrun is 453 us[EOL]
[2026-09-22T08:30:38.389899Z][TM_TransferModule.newgen-infrastructure][W][2330306][132]CRTCyclicEvent.cpp:TimeMissed():101|Cycle miss in event CCSICombinedRepManager. Time Overrun is 453 us[EOL]
[2026-09-22T08:30:39.330298Z][TM_TransferModule.newgen-infrastructure][W][2330306][132]CRTCyclicEvent.cpp:TimeMissed():101|Cycle miss in event CCSICombinedCmdManager Cyclic Event. Time Overrun is 896 us[EOL]
[2026-09-22T08:30:39.330363Z][TM_TransferModule.newgen-infrastructure][W][2330306][132]CRTCyclicEvent.cpp:TimeMissed():101|Cycle miss in event CCSICombinedRepManager. Time Overrun is 896 us[EOL]
[2026-09-22T08:30:40.107592Z][TM_TransferModule.newgen-infrastructure][W][2330306][132]CRTCyclicEvent.cpp:TimeMissed():101|Cycle miss in event CCSICombinedCmdManager Cyclic Event. Time Overrun is 8200 us[EOL]
[2026-09-22T08:30:40.107635Z][TM_TransferModule.newgen-infrastructure][W][2330306][132]CRTCyclicEvent.cpp:TimeMissed():101|Cycle miss in event CCSICombinedRepManager. Time Overrun is 8200 us[EOL]
[2026-09-22T08:30:40.340964Z][TM_TransferModule.newgen-infrastructure][W][2330306][132]CRTCyclicEvent.cpp:TimeMissed():101|Cycle miss in event CCSICombinedCmdManager Cyclic Event. Time Overrun is 1574 us[EOL]
[2026-09-22T08:30:40.341000Z][TM_TransferModule.newgen-infrastructure][W][2330306][132]CRTCyclicEvent.cpp:TimeMissed():101|Cycle miss in event CCSICombinedRepManager. Time Overrun is 1574 us[EOL]
[2026-09-22T08:30:42.974336Z][TM_TransferModule.newgen-infrastructure][I][2560016][132]IMessageHandler.h:operator()():53|Received RabbitMqMessage Roche.MolLab.PersistentMemory.MamConfigured. Content: {"Timestamp":"2026-09-22T08:30:42.954048Z","TraceContext":"00-819380aeb3d0d060e0455e221ce4a92c-9638ad2b6235bbf5-01"}[EOL]
[2026-09-22T08:30:42.975666Z][TM_TransferModule.newgen-infrastructure][I][2210105][132]CPrepareProcedure.cpp:SetParameter():45|Prepare procedure is called. No parameters[EOL]
[2026-09-22T08:30:42.975919Z][TM_TransferModule.newgen-infrastructure][N][0][132]CExecuteConnectCommandStep.cpp:DoStep():58|Sending SS_ConnectCommand[EOL]
[2026-09-22T08:30:42.980492Z][TM_TransferModule.newgen-infrastructure][N][2330473][132]CClientSocketChannel.cpp:Connect():196|Connecting to socket with identifier 0x100100 (1048832).[EOL]
[2026-09-22T08:30:42.986348Z][TM_TransferModule.newgen-infrastructure][N][2330473][132]CClientSocketChannel.cpp:Connect():207|Registering socket connection with identifier 0x100100 (1048832), file descriptor 22.[EOL]
[2026-09-22T08:30:42.986715Z][TM_TransferModule.newgen-infrastructure][N][2330477][132]CConnectionHandler.cpp:RegisterConnection():104|Socket added to epoll with identifier 0x100100 (1048832), file descriptor 22.[EOL]
[2026-09-22T08:30:42.986727Z][TM_TransferModule.newgen-infrastructure][N][2330476][132]CClientSocketChannel.cpp:InitializeConnection():401|Initialized socket buffer with identifier 0x100100 (1048832), file descriptor 22.[EOL]
[2026-09-22T08:30:42.986743Z][TM_TransferModule.newgen-infrastructure][N][2330473][132]CClientSocketChannel.cpp:Connect():196|Connecting to socket with identifier 0x40100100 (1074790656).[EOL]
[2026-09-22T08:30:42.986816Z][TM_TransferModule.newgen-infrastructure][N][2330473][132]CClientSocketChannel.cpp:Connect():207|Registering socket connection with identifier 0x40100100 (1074790656), file descriptor 24.[EOL]
[2026-09-22T08:30:42.986824Z][TM_TransferModule.newgen-infrastructure][N][2330477][132]CConnectionHandler.cpp:RegisterConnection():104|Socket added to epoll with identifier 0x40100100 (1074790656), file descriptor 24.[EOL]
[2026-09-22T08:30:42.986832Z][TM_TransferModule.newgen-infrastructure][N][2330476][132]CClientSocketChannel.cpp:InitializeConnection():401|Initialized socket buffer with identifier 0x40100100 (1074790656), file descriptor 24.[EOL]
[2026-09-22T08:30:42.986837Z][TM_TransferModule.newgen-infrastructure][N][2330473][132]CClientSocketChannel.cpp:Connect():196|Connecting to socket with identifier 0x80100100 (2148532480).[EOL]
[2026-09-22T08:30:42.986849Z][TM_TransferModule.newgen-infrastructure][N][2330473][132]CClientSocketChannel.cpp:Connect():207|Registering socket connection with identifier 0x80100100 (2148532480), file descriptor 25.[EOL]
[2026-09-22T08:30:42.986856Z][TM_TransferModule.newgen-infrastructure][N][2330477][132]CConnectionHandler.cpp:RegisterConnection():104|Socket added to epoll with identifier 0x80100100 (2148532480), file descriptor 25.[EOL]
[2026-09-22T08:30:42.986862Z][TM_TransferModule.newgen-infrastructure][N][2330476][132]CClientSocketChannel.cpp:InitializeConnection():401|Initialized socket buffer with identifier 0x80100100 (2148532480), file descriptor 25.[EOL]
[2026-09-22T08:30:42.986868Z][TM_TransferModule.newgen-infrastructure][N][2330473][132]CClientSocketChannel.cpp:Connect():196|Connecting to socket with identifier 0x100106 (1048838).[EOL]
[2026-09-22T08:30:42.986882Z][TM_TransferModule.newgen-infrastructure][N][2330473][132]CClientSocketChannel.cpp:Connect():207|Registering socket connection with identifier 0x100106 (1048838), file descriptor 26.[EOL]
[2026-09-22T08:30:42.987424Z][TM_TransferModule.newgen-infrastructure][N][2330477][132]CConnectionHandler.cpp:RegisterConnection():104|Socket added to epoll with identifier 0x100106 (1048838), file descriptor 26.[EOL]
[2026-09-22T08:30:42.987434Z][TM_TransferModule.newgen-infrastructure][N][2330476][132]CClientSocketChannel.cpp:InitializeConnection():401|Initialized socket buffer with identifier 0x100106 (1048838), file descriptor 26.[EOL]
[2026-09-22T08:30:42.987440Z][TM_TransferModule.newgen-infrastructure][N][2330473][132]CClientSocketChannel.cpp:Connect():196|Connecting to socket with identifier 0x40100106 (1074790662).[EOL]
[2026-09-22T08:30:42.987455Z][TM_TransferModule.newgen-infrastructure][N][2330473][132]CClientSocketChannel.cpp:Connect():207|Registering socket connection with identifier 0x40100106 (1074790662), file descriptor 27.[EOL]
[2026-09-22T08:30:42.987462Z][TM_TransferModule.newgen-infrastructure][N][2330477][132]CConnectionHandler.cpp:RegisterConnection():104|Socket added to epoll with identifier 0x40100106 (1074790662), file descriptor 27.[EOL]
[2026-09-22T08:30:42.987471Z][TM_TransferModule.newgen-infrastructure][N][2330476][132]CClientSocketChannel.cpp:InitializeConnection():401|Initialized socket buffer with identifier 0x40100106 (1074790662), file descriptor 27.[EOL]
[2026-09-22T08:30:42.987476Z][TM_TransferModule.newgen-infrastructure][N][2330473][132]CClientSocketChannel.cpp:Connect():196|Connecting to socket with identifier 0x80100106 (2148532486).[EOL]
[2026-09-22T08:30:42.987488Z][TM_TransferModule.newgen-infrastructure][N][2330473][132]CClientSocketChannel.cpp:Connect():207|Registering socket connection with identifier 0x80100106 (2148532486), file descriptor 28.[EOL]
[2026-09-22T08:30:42.987495Z][TM_TransferModule.newgen-infrastructure][N][2330477][132]CConnectionHandler.cpp:RegisterConnection():104|Socket added to epoll with identifier 0x80100106 (2148532486), file descriptor 28.[EOL]
[2026-09-22T08:30:42.987501Z][TM_TransferModule.newgen-infrastructure][N][2330476][132]CClientSocketChannel.cpp:InitializeConnection():401|Initialized socket buffer with identifier 0x80100106 (2148532486), file descriptor 28.[EOL]
[2026-09-22T08:30:42.987507Z][TM_TransferModule.newgen-infrastructure][N][2330473][132]CClientSocketChannel.cpp:Connect():196|Connecting to socket with identifier 0x100200 (1049088).[EOL]
[2026-09-22T08:30:42.987519Z][TM_TransferModule.newgen-infrastructure][N][2330473][132]CClientSocketChannel.cpp:Connect():207|Registering socket connection with identifier 0x100200 (1049088), file descriptor 29.[EOL]
[2026-09-22T08:30:42.987525Z][TM_TransferModule.newgen-infrastructure][N][2330477][132]CConnectionHandler.cpp:RegisterConnection():104|Socket added to epoll with identifier 0x100200 (1049088), file descriptor 29.[EOL]
[2026-09-22T08:30:42.987532Z][TM_TransferModule.newgen-infrastructure][N][2330476][132]CClientSocketChannel.cpp:InitializeConnection():401|Initialized socket buffer with identifier 0x100200 (1049088), file descriptor 29.[EOL]
[2026-09-22T08:30:42.987537Z][TM_TransferModule.newgen-infrastructure][N][2330473][132]CClientSocketChannel.cpp:Connect():196|Connecting to socket with identifier 0x40100200 (1074790912).[EOL]
[2026-09-22T08:30:42.987556Z][TM_TransferModule.newgen-infrastructure][N][2330473][132]CClientSocketChannel.cpp:Connect():207|Registering socket connection with identifier 0x40100200 (1074790912), file descriptor 30.[EOL]
[2026-09-22T08:30:42.987562Z][TM_TransferModule.newgen-infrastructure][N][2330477][132]CConnectionHandler.cpp:RegisterConnection():104|Socket added to epoll with identifier 0x40100200 (1074790912), file descriptor 30.[EOL]
[2026-09-22T08:30:42.987568Z][TM_TransferModule.newgen-infrastructure][N][2330476][132]CClientSocketChannel.cpp:InitializeConnection():401|Initialized socket buffer with identifier 0x40100200 (1074790912), file descriptor 30.[EOL]
[2026-09-22T08:30:42.987573Z][TM_TransferModule.newgen-infrastructure][N][2330473][132]CClientSocketChannel.cpp:Connect():196|Connecting to socket with identifier 0x80100200 (2148532736).[EOL]
[2026-09-22T08:30:42.987584Z][TM_TransferModule.newgen-infrastructure][N][2330473][132]CClientSocketChannel.cpp:Connect():207|Registering socket connection with identifier 0x80100200 (2148532736), file descriptor 31.[EOL]
[2026-09-22T08:30:42.987590Z][TM_TransferModule.newgen-infrastructure][N][2330477][132]CConnectionHandler.cpp:RegisterConnection():104|Socket added to epoll with identifier 0x80100200 (2148532736), file descriptor 31.[EOL]
[2026-09-22T08:30:42.987596Z][TM_TransferModule.newgen-infrastructure][N][2330476][132]CClientSocketChannel.cpp:InitializeConnection():401|Initialized socket buffer with identifier 0x80100200 (2148532736), file descriptor 31.[EOL]
[2026-09-22T08:30:42.987602Z][TM_TransferModule.newgen-infrastructure][N][2330473][132]CClientSocketChannel.cpp:Connect():196|Connecting to socket with identifier 0x10a206 (1090054).[EOL]
[2026-09-22T08:30:42.987613Z][TM_TransferModule.newgen-infrastructure][N][2330473][132]CClientSocketChannel.cpp:Connect():207|Registering socket connection with identifier 0x10a206 (1090054), file descriptor 32.[EOL]
[2026-09-22T08:30:42.987619Z][TM_TransferModule.newgen-infrastructure][N][2330477][132]CConnectionHandler.cpp:RegisterConnection():104|Socket added to epoll with identifier 0x10a206 (1090054), file descriptor 32.[EOL]
[2026-09-22T08:30:42.987625Z][TM_TransferModule.newgen-infrastructure][N][2330476][132]CClientSocketChannel.cpp:InitializeConnection():401|Initialized socket buffer with identifier 0x10a206 (1090054), file descriptor 32.[EOL]
[2026-09-22T08:30:42.987630Z][TM_TransferModule.newgen-infrastructure][N][2330473][132]CClientSocketChannel.cpp:Connect():196|Connecting to socket with identifier 0x4010a206 (1074831878).[EOL]
[2026-09-22T08:30:42.987641Z][TM_TransferModule.newgen-infrastructure][N][2330473][132]CClientSocketChannel.cpp:Connect():207|Registering socket connection with identifier 0x4010a206 (1074831878), file descriptor 33.[EOL]
[2026-09-22T08:30:42.987647Z][TM_TransferModule.newgen-infrastructure][N][2330477][132]CConnectionHandler.cpp:RegisterConnection():104|Socket added to epoll with identifier 0x4010a206 (1074831878), file descriptor 33.[EOL]
[2026-09-22T08:30:42.987653Z][TM_TransferModule.newgen-infrastructure][N][2330476][132]CClientSocketChannel.cpp:InitializeConnection():401|Initialized socket buffer with identifier 0x4010a206 (1074831878), file descriptor 33.[EOL]
[2026-09-22T08:30:42.987657Z][TM_TransferModule.newgen-infrastructure][N][2330473][132]CClientSocketChannel.cpp:Connect():196|Connecting to socket with identifier 0x8010a206 (2148573702).[EOL]
[2026-09-22T08:30:42.987668Z][TM_TransferModule.newgen-infrastructure][N][2330473][132]CClientSocketChannel.cpp:Connect():207|Registering socket connection with identifier 0x8010a206 (2148573702), file descriptor 34.[EOL]
[2026-09-22T08:30:42.987674Z][TM_TransferModule.newgen-infrastructure][N][2330477][132]CConnectionHandler.cpp:RegisterConnection():104|Socket added to epoll with identifier 0x8010a206 (2148573702), file descriptor 34.[EOL]
[2026-09-22T08:30:42.987680Z][TM_TransferModule.newgen-infrastructure][N][2330476][132]CClientSocketChannel.cpp:InitializeConnection():401|Initialized socket buffer with identifier 0x8010a206 (2148573702), file descriptor 34.[EOL]
[2026-09-22T08:30:42.987727Z][TM_TransferModule.newgen-infrastructure][N][2330473][132]CClientSocketChannel.cpp:Connect():196|Connecting to socket with identifier 0x384 (900).[EOL]
[2026-09-22T08:30:42.987748Z][TM_TransferModule.newgen-infrastructure][N][2330473][132]CClientSocketChannel.cpp:Connect():207|Registering socket connection with identifier 0x384 (900), file descriptor 35.[EOL]
[2026-09-22T08:30:42.987756Z][TM_TransferModule.newgen-infrastructure][N][2330477][132]CConnectionHandler.cpp:RegisterConnection():104|Socket added to epoll with identifier 0x384 (900), file descriptor 35.[EOL]
[2026-09-22T08:30:42.987764Z][TM_TransferModule.newgen-infrastructure][N][2330476][132]CClientSocketChannel.cpp:InitializeConnection():401|Initialized socket buffer with identifier 0x384 (900), file descriptor 35.[EOL]
[2026-09-22T08:30:43.091088Z][TM_TransferModule.newgen-infrastructure][N][0][132]CExecuteConnectCommandStep.cpp:HandleObservedReport():37|CConnectCommand was successful: Client connections established.[EOL]
[2026-09-22T08:30:43.091181Z][TM_TransferModule.newgen-infrastructure][I][2330779][132]CMAMRetrieveDataStep.cpp:OnGetAllDataItems():62|Getting persistent Data Pool[EOL]
[2026-09-22T08:30:43.091186Z][TM_TransferModule.newgen-infrastructure][I][2330780][132]CMAMRetrieveDataStep.cpp:OnGetAllDataItems():75|Getting persistent Parameter Pool[EOL]
[2026-09-22T08:30:43.454964Z][TM_TransferModule.newgen-infrastructure][I][2330781][132]CMAMRetrieveDataStep.cpp:OnGetAllDataItems():89|Retrieved all MAM data[EOL]
[2026-09-22T08:30:43.526716Z][TM_TransferModule.newgen-infrastructure][W][2330306][132]CRTCyclicEvent.cpp:TimeMissed():101|Cycle miss in event CCSICyclicRepManager. Time Overrun is 200495 us[EOL]
[2026-09-22T08:30:43.697689Z][TM_TransferModule.newgen-infrastructure][W][2330306][132]CRTCyclicEvent.cpp:TimeMissed():101|Cycle miss in event CCSICombinedCmdManager Cyclic Event. Time Overrun is 8297 us[EOL]
[2026-09-22T08:30:43.697737Z][TM_TransferModule.newgen-infrastructure][W][2330306][132]CRTCyclicEvent.cpp:TimeMissed():101|Cycle miss in event CCSICombinedRepManager. Time Overrun is 8297 us[EOL]
[2026-09-22T08:30:43.814441Z][TM_TransferModule.newgen-infrastructure][W][2330306][132]CRTCyclicEvent.cpp:TimeMissed():101|Cycle miss in event CCSICombinedCmdManager Cyclic Event. Time Overrun is 5054 us[EOL]
[2026-09-22T08:30:43.814467Z][TM_TransferModule.newgen-infrastructure][W][2330306][132]CRTCyclicEvent.cpp:TimeMissed():101|Cycle miss in event CCSICombinedRepManager. Time Overrun is 5054 us[EOL]
[2026-09-22T08:30:44.032945Z][TM_TransferModule.newgen-infrastructure][W][2330306][132]CRTCyclicEvent.cpp:TimeMissed():101|Cycle miss in event CCSICombinedCmdManager Cyclic Event. Time Overrun is 3556 us[EOL]
[2026-09-22T08:30:44.032984Z][TM_TransferModule.newgen-infrastructure][W][2330306][132]CRTCyclicEvent.cpp:TimeMissed():101|Cycle miss in event CCSICombinedRepManager. Time Overrun is 3556 us[EOL]
[2026-09-22T08:30:44.259402Z][TM_TransferModule.newgen-infrastructure][W][2330306][132]CRTCyclicEvent.cpp:TimeMissed():101|Cycle miss in event CCSICombinedCmdManager Cyclic Event. Time Overrun is 13 us[EOL]
[2026-09-22T08:30:44.259426Z][TM_TransferModule.newgen-infrastructure][W][2330306][132]CRTCyclicEvent.cpp:TimeMissed():101|Cycle miss in event CCSICombinedRepManager. Time Overrun is 13 us[EOL]
[2026-09-22T08:30:44.453281Z][TM_TransferModule.newgen-infrastructure][W][2330306][132]CRTCyclicEvent.cpp:TimeMissed():101|Cycle miss in event CCSICombinedCmdManager Cyclic Event. Time Overrun is 13893 us[EOL]
[2026-09-22T08:30:44.453320Z][TM_TransferModule.newgen-infrastructure][W][2330306][132]CRTCyclicEvent.cpp:TimeMissed():101|Cycle miss in event CCSICombinedRepManager. Time Overrun is 13893 us[EOL]
[2026-09-22T08:30:44.458161Z][TM_TransferModule.newgen-infrastructure][I][4560002][132]CClimateSensorPrepareSerialPortProcedure.cpp:SetParameter():58|ClimateSensorPrepareSerialPort Procedure called. Parameters: No Parameters[EOL]
[2026-09-22T08:30:44.571231Z][TM_TransferModule.newgen-infrastructure][W][2330306][132]CRTCyclicEvent.cpp:TimeMissed():101|Cycle miss in event CCSICombinedCmdManager Cyclic Event. Time Overrun is 1838 us[EOL]
[2026-09-22T08:30:44.571263Z][TM_TransferModule.newgen-infrastructure][W][2330306][132]CRTCyclicEvent.cpp:TimeMissed():101|Cycle miss in event CCSICombinedRepManager. Time Overrun is 1838 us[EOL]
[2026-09-22T08:30:44.803965Z][TM_TransferModule.newgen-infrastructure][I][844444436][132]UnitCommunicator.cpp:SendEvent():424|Publishing event: type=Roche.c68_8800.Infrastructure.TransferModule.UnitStateChanged correlation_id=(n/a)[EOL]
[2026-09-22T08:30:44.804024Z][TM_TransferModule.newgen-infrastructure][I][2560017][132]MessageSender.h:SendEvent():105|Sent RabbitMqEvent Roche.c68_8800.Infrastructure.TransferModule.UnitStateChanged. Content: {"Timestamp":"2026-09-22T08:30:44.803941Z","TraceContext":"00-ae9ee3188a078fe73bc964829ca4d416-5dd671b586439590-01","ModuleId":"TransferModule","OldState":"StartingUp","NewState":"StartedUp"}[EOL]
[2026-09-22T08:30:45.222595Z][TM_TransferModule.newgen-infrastructure][W][2330306][132]CRTCyclicEvent.cpp:TimeMissed():101|Cycle miss in event CCSICombinedCmdManager Cyclic Event. Time Overrun is 3206 us[EOL]
[2026-09-22T08:30:45.222627Z][TM_TransferModule.newgen-infrastructure][W][2330306][132]CRTCyclicEvent.cpp:TimeMissed():101|Cycle miss in event CCSICombinedRepManager. Time Overrun is 3206 us[EOL]
[2026-09-22T08:30:45.584802Z][TM_TransferModule.newgen-infrastructure][W][2330306][132]CRTCyclicEvent.cpp:TimeMissed():101|Cycle miss in event CCSICombinedCmdManager Cyclic Event. Time Overrun is 5413 us[EOL]
[2026-09-22T08:30:45.584836Z][TM_TransferModule.newgen-infrastructure][W][2330306][132]CRTCyclicEvent.cpp:TimeMissed():101|Cycle miss in event CCSICombinedRepManager. Time Overrun is 5413 us[EOL]
[2026-09-22T08:30:45.703980Z][TM_TransferModule.newgen-infrastructure][W][2330306][132]CRTCyclicEvent.cpp:TimeMissed():101|Cycle miss in event CCSICombinedCmdManager Cyclic Event. Time Overrun is 4465 us[EOL]
[2026-09-22T08:30:45.704026Z][TM_TransferModule.newgen-infrastructure][W][2330306][132]CRTCyclicEvent.cpp:TimeMissed():101|Cycle miss in event CCSICombinedRepManager. Time Overrun is 4465 us[EOL]
[2026-09-22T08:30:50.046584Z][TM_TransferModule.newgen-infrastructure][W][2330306][132]CRTCyclicEvent.cpp:TimeMissed():101|Cycle miss in event CCSICombinedCmdManager Cyclic Event. Time Overrun is 7195 us[EOL]
[2026-09-22T08:30:50.046607Z][TM_TransferModule.newgen-infrastructure][W][2330306][132]CRTCyclicEvent.cpp:TimeMissed():101|Cycle miss in event CCSICombinedRepManager. Time Overrun is 7195 us[EOL]
[2026-09-22T08:30:50.362442Z][TM_TransferModule.newgen-infrastructure][W][2330306][132]CRTCyclicEvent.cpp:TimeMissed():101|Cycle miss in event CCSICombinedCmdManager Cyclic Event. Time Overrun is 33050 us[EOL]
[2026-09-22T08:30:50.362485Z][TM_TransferModule.newgen-infrastructure][W][2330306][132]CRTCyclicEvent.cpp:TimeMissed():101|Cycle miss in event CCSICombinedRepManager. Time Overrun is 33050 us[EOL]
[2026-09-22T08:30:50.659853Z][TM_TransferModule.newgen-infrastructure][W][2330306][132]CRTCyclicEvent.cpp:TimeMissed():101|Cycle miss in event CCSICombinedCmdManager Cyclic Event. Time Overrun is 90462 us[EOL]
[2026-09-22T08:30:50.659919Z][TM_TransferModule.newgen-infrastructure][W][2330306][132]CRTCyclicEvent.cpp:TimeMissed():101|Cycle miss in event CCSICombinedRepManager. Time Overrun is 90462 us[EOL]
[2026-09-22T08:30:50.941078Z][TM_TransferModule.newgen-infrastructure][W][2330306][132]CRTCyclicEvent.cpp:TimeMissed():101|Cycle miss in event CCSICyclicRepManager. Time Overrun is 14857 us[EOL]
[2026-09-22T08:30:51.076072Z][TM_TransferModule.newgen-infrastructure][W][2330306][132]CRTCyclicEvent.cpp:TimeMissed():101|Cycle miss in event CCSICombinedCmdManager Cyclic Event. Time Overrun is 166682 us[EOL]
[2026-09-22T08:30:51.076111Z][TM_TransferModule.newgen-infrastructure][W][2330306][132]CRTCyclicEvent.cpp:TimeMissed():101|Cycle miss in event CCSICombinedRepManager. Time Overrun is 166682 us[EOL]
[2026-09-22T08:30:51.509726Z][TM_TransferModule.newgen-infrastructure][W][2330306][132]CRTCyclicEvent.cpp:TimeMissed():101|Cycle miss in event CCSICombinedCmdManager Cyclic Event. Time Overrun is 20336 us[EOL]
[2026-09-22T08:30:51.509799Z][TM_TransferModule.newgen-infrastructure][W][2330306][132]CRTCyclicEvent.cpp:TimeMissed():101|Cycle miss in event CCSICombinedRepManager. Time Overrun is 20336 us[EOL]
[2026-09-22T08:30:51.844565Z][TM_TransferModule.newgen-infrastructure][W][2330306][132]CRTCyclicEvent.cpp:TimeMissed():101|Cycle miss in event CCSICombinedCmdManager Cyclic Event. Time Overrun is 165174 us[EOL]
[2026-09-22T08:30:51.844617Z][TM_TransferModule.newgen-infrastructure][W][2330306][132]CRTCyclicEvent.cpp:TimeMissed():101|Cycle miss in event CCSICombinedRepManager. Time Overrun is 165174 us[EOL]
[2026-09-22T08:30:51.971461Z][TM_TransferModule.newgen-infrastructure][W][2330306][132]CRTCyclicEvent.cpp:TimeMissed():101|Cycle miss in event CCSICombinedCmdManager Cyclic Event. Time Overrun is 12071 us[EOL]
[2026-09-22T08:30:51.971492Z][TM_TransferModule.newgen-infrastructure][W][2330306][132]CRTCyclicEvent.cpp:TimeMissed():101|Cycle miss in event CCSICombinedRepManager. Time Overrun is 12071 us[EOL]
[2026-09-22T08:30:52.140793Z][TM_TransferModule.newgen-infrastructure][W][2330306][132]CRTCyclicEvent.cpp:TimeMissed():101|Cycle miss in event CCSICombinedCmdManager Cyclic Event. Time Overrun is 51405 us[EOL]
[2026-09-22T08:30:52.140846Z][TM_TransferModule.newgen-infrastructure][W][2330306][132]CRTCyclicEvent.cpp:TimeMissed():101|Cycle miss in event CCSICombinedRepManager. Time Overrun is 51405 us[EOL]
[2026-09-22T08:30:54.124340Z][TM_TransferModule.newgen-infrastructure][I][2560016][132]IMessageHandler.h:operator()():53|Received RabbitMqMessage Roche.c68_8800.InstrumentState.InstrumentStateChanged. Content: {"Timestamp":"2026-09-22T08:30:54.0984578Z","TraceContext":"00-dd82d13ed26ec30b58a7827c44aa343a-014e6ef3e222c3c6-01","OldState":"StartingUp","NewState":"Initializing"}[EOL]
[2026-09-22T08:30:54.124527Z][TM_TransferModule.newgen-infrastructure][I][2560016][132]IMessageHandler.h:operator()():40|Received RabbitMqMessage Roche.c68_8800.InstrumentState.InstrumentStateChanged. Content: {"Timestamp":"2026-09-22T08:30:54.0984578Z","TraceContext":"00-dd82d13ed26ec30b58a7827c44aa343a-014e6ef3e222c3c6-01","OldState":"StartingUp","NewState":"Initializing"}[EOL]
[2026-09-22T08:30:54.169610Z][TM_TransferModule.newgen-infrastructure][I][2560016][132]IMessageHandler.h:operator()():53|Received RabbitMqMessage Roche.c68_8800.SafetyInterlock.SafetyInterlockStateChanged. Content: {"Timestamp":"2026-09-22T08:30:54.117692Z","TraceContext":"00-e0a11a4e0143fb0bf821828b479eb84c-a12b0da5a3395285-01","OldState":"NotReady","NewState":"Initializing"}[EOL]
[2026-09-22T08:30:54.356603Z][TM_TransferModule.newgen-infrastructure][I][2560016][132]IMessageHandler.h:operator()():53|Received RabbitMqMessage Roche.MolLab.PersistentMemory.PersistentMemoryStateChanged. Content: {"Timestamp":"2026-09-22T08:30:54.169350Z","TraceContext":"00-0649ea3f1708a5ce69837ced40982ff8-306d3b7fcfba3552-01","OldState":"NotReady","NewState":"Initializing"}[EOL]
[2026-09-22T08:30:54.356675Z][TM_TransferModule.newgen-infrastructure][I][2560016][132]IMessageHandler.h:operator()():53|Received RabbitMqMessage Roche.MolLab.PersistentMemory.PersistentMemoryStateChanged. Content: {"Timestamp":"2026-09-22T08:30:54.169638Z","TraceContext":"00-95b4b24afc2e8d3ff2a69b639b191547-e18e9a5eb757cb13-01","OldState":"Initializing","NewState":"Ready"}[EOL]
[2026-09-22T08:30:54.899592Z][TM_TransferModule.newgen-infrastructure][W][2330306][132]CRTCyclicEvent.cpp:TimeMissed():101|Cycle miss in event CCSICombinedCmdManager Cyclic Event. Time Overrun is 203 us[EOL]
[2026-09-22T08:30:54.899708Z][TM_TransferModule.newgen-infrastructure][W][2330306][132]CRTCyclicEvent.cpp:TimeMissed():101|Cycle miss in event CCSICombinedRepManager. Time Overrun is 203 us[EOL]
[2026-09-22T08:30:55.575114Z][TM_TransferModule.newgen-infrastructure][W][2330306][132]CRTCyclicEvent.cpp:TimeMissed():101|Cycle miss in event CCSICombinedCmdManager Cyclic Event. Time Overrun is 15706 us[EOL]
[2026-09-22T08:30:55.575165Z][TM_TransferModule.newgen-infrastructure][W][2330306][132]CRTCyclicEvent.cpp:TimeMissed():101|Cycle miss in event CCSICombinedRepManager. Time Overrun is 15706 us[EOL]
[2026-09-22T08:30:55.721463Z][TM_TransferModule.newgen-infrastructure][W][2330306][132]CRTCyclicEvent.cpp:TimeMissed():101|Cycle miss in event CCSICombinedCmdManager Cyclic Event. Time Overrun is 32073 us[EOL]
[2026-09-22T08:30:55.721500Z][TM_TransferModule.newgen-infrastructure][W][2330306][132]CRTCyclicEvent.cpp:TimeMissed():101|Cycle miss in event CCSICombinedRepManager. Time Overrun is 32073 us[EOL]
[2026-09-22T08:30:55.750712Z][TM_TransferModule.newgen-infrastructure][W][2330306][132]CRTCyclicEvent.cpp:TimeMissed():101|Cycle miss in event CCSICyclicRepManager. Time Overrun is 24489 us[EOL]
[2026-09-22T08:30:55.994791Z][TM_TransferModule.newgen-infrastructure][W][2330306][132]CRTCyclicEvent.cpp:TimeMissed():101|Cycle miss in event CCSICombinedCmdManager Cyclic Event. Time Overrun is 145405 us[EOL]
[2026-09-22T08:30:55.994815Z][TM_TransferModule.newgen-infrastructure][W][2330306][132]CRTCyclicEvent.cpp:TimeMissed():101|Cycle miss in event CCSICombinedRepManager. Time Overrun is 145405 us[EOL]
[2026-09-22T08:30:56.209347Z][TM_TransferModule.newgen-infrastructure][W][2330306][132]CRTCyclicEvent.cpp:TimeMissed():101|Cycle miss in event CCSICombinedCmdManager Cyclic Event. Time Overrun is 99957 us[EOL]
[2026-09-22T08:30:56.209376Z][TM_TransferModule.newgen-infrastructure][W][2330306][132]CRTCyclicEvent.cpp:TimeMissed():101|Cycle miss in event CCSICombinedRepManager. Time Overrun is 99957 us[EOL]
[2026-09-22T08:30:56.329908Z][TM_TransferModule.newgen-infrastructure][W][2330306][132]CRTCyclicEvent.cpp:TimeMissed():101|Cycle miss in event CCSICombinedCmdManager Cyclic Event. Time Overrun is 10522 us[EOL]
[2026-09-22T08:30:56.329932Z][TM_TransferModule.newgen-infrastructure][W][2330306][132]CRTCyclicEvent.cpp:TimeMissed():101|Cycle miss in event CCSICombinedRepManager. Time Overrun is 10522 us[EOL]
[2026-09-22T08:30:56.499386Z][TM_TransferModule.newgen-infrastructure][W][2330306][132]CRTCyclicEvent.cpp:TimeMissed():101|Cycle miss in event CCSICombinedCmdManager Cyclic Event. Time Overrun is 20000 us[EOL]
[2026-09-22T08:30:56.499410Z][TM_TransferModule.newgen-infrastructure][W][2330306][132]CRTCyclicEvent.cpp:TimeMissed():101|Cycle miss in event CCSICombinedRepManager. Time Overrun is 20000 us[EOL]
[2026-09-22T08:30:56.619972Z][TM_TransferModule.newgen-infrastructure][W][2330306][132]CRTCyclicEvent.cpp:TimeMissed():101|Cycle miss in event CCSICombinedCmdManager Cyclic Event. Time Overrun is 586 us[EOL]
[2026-09-22T08:30:56.619999Z][TM_TransferModule.newgen-infrastructure][W][2330306][132]CRTCyclicEvent.cpp:TimeMissed():101|Cycle miss in event CCSICombinedRepManager. Time Overrun is 586 us[EOL]
[2026-09-22T08:30:56.790977Z][TM_TransferModule.newgen-infrastructure][W][2330306][132]CRTCyclicEvent.cpp:TimeMissed():101|Cycle miss in event CCSICombinedCmdManager Cyclic Event. Time Overrun is 1528 us[EOL]
[2026-09-22T08:30:56.791020Z][TM_TransferModule.newgen-infrastructure][W][2330306][132]CRTCyclicEvent.cpp:TimeMissed():101|Cycle miss in event CCSICombinedRepManager. Time Overrun is 1528 us[EOL]
[2026-09-22T08:30:56.917371Z][TM_TransferModule.newgen-infrastructure][W][2330306][132]CRTCyclicEvent.cpp:TimeMissed():101|Cycle miss in event CCSICombinedCmdManager Cyclic Event. Time Overrun is 7977 us[EOL]
[2026-09-22T08:30:56.917422Z][TM_TransferModule.newgen-infrastructure][W][2330306][132]CRTCyclicEvent.cpp:TimeMissed():101|Cycle miss in event CCSICombinedRepManager. Time Overrun is 7977 us[EOL]
[2026-09-22T08:30:57.103414Z][TM_TransferModule.newgen-infrastructure][W][2330306][132]CRTCyclicEvent.cpp:TimeMissed():101|Cycle miss in event CCSICombinedCmdManager Cyclic Event. Time Overrun is 4024 us[EOL]
[2026-09-22T08:30:57.103449Z][TM_TransferModule.newgen-infrastructure][W][2330306][132]CRTCyclicEvent.cpp:TimeMissed():101|Cycle miss in event CCSICombinedRepManager. Time Overrun is 4024 us[EOL]
[2026-09-22T08:30:57.237353Z][TM_TransferModule.newgen-infrastructure][W][2330306][132]CRTCyclicEvent.cpp:TimeMissed():101|Cycle miss in event CCSICombinedCmdManager Cyclic Event. Time Overrun is 7963 us[EOL]
[2026-09-22T08:30:57.237407Z][TM_TransferModule.newgen-infrastructure][W][2330306][132]CRTCyclicEvent.cpp:TimeMissed():101|Cycle miss in event CCSICombinedRepManager. Time Overrun is 7963 us[EOL]
[2026-09-22T08:30:57.366343Z][TM_TransferModule.newgen-infrastructure][W][2330306][132]CRTCyclicEvent.cpp:TimeMissed():101|Cycle miss in event CCSICombinedCmdManager Cyclic Event. Time Overrun is 6949 us[EOL]
[2026-09-22T08:30:57.366391Z][TM_TransferModule.newgen-infrastructure][W][2330306][132]CRTCyclicEvent.cpp:TimeMissed():101|Cycle miss in event CCSICombinedRepManager. Time Overrun is 6949 us[EOL]
[2026-09-22T08:30:58.688305Z][TM_TransferModule.newgen-infrastructure][I][2560016][132]IMessageHandler.h:operator()():40|Received RabbitMqMessage Roche.MolLab.InstrumentState.Ping. Content: {"Timestamp":"2026-09-22T08:30:58.6811354Z","PingId":"IS2"}[EOL]
[2026-09-22T08:30:58.688341Z][TM_TransferModule.newgen-infrastructure][I][844444436][132]UnitCommunicator.cpp:SendEvent():424|Publishing event: type=Roche.c68_8800.Infrastructure.TransferModule.Echo correlation_id=(n/a)[EOL]
[2026-09-22T08:30:58.688364Z][TM_TransferModule.newgen-infrastructure][I][2560017][132]MessageSender.h:SendEvent():105|Sent RabbitMqEvent Roche.c68_8800.Infrastructure.TransferModule.Echo. Content: {"Timestamp":"2026-09-22T08:30:58.688336Z","ModuleId":"TransferModule","PingId":"IS2"}[EOL]
[2026-09-22T08:30:59.175384Z][TM_TransferModule.newgen-infrastructure][I][2560016][132]IMessageHandler.h:operator()():53|Received RabbitMqMessage Roche.c68_8800.SafetyInterlock.SafetyInterlockStateChanged. Content: {"Timestamp":"2026-09-22T08:30:58.905001Z","TraceContext":"00-bc37f880e04003a1a9d2180ec07e3c86-8c2b9e506f621d23-01","OldState":"Initializing","NewState":"Ready"}[EOL]
[2026-09-22T08:31:01.614373Z][TM_TransferModule.newgen-infrastructure][I][2560016][132]IMessageHandler.h:operator()():53|Received RabbitMqMessage Roche.c68_8800.SafetyInterlock.HardwareMovementsAllowed. Content: {"Timestamp":"2026-09-22T08:31:01.581503Z","TraceContext":"00-7f29cc5779731666087e988d0abe72fb-b296aa185f30be7a-01","IsEnabled":true}[EOL]
[2026-09-22T08:31:01.614779Z][TM_TransferModule.newgen-infrastructure][I][2210103][132]CInitProcedure.cpp:SetParameter():115|Init procedure is called. No parameters[EOL]
[2026-09-22T08:31:01.614885Z][TM_TransferModule.newgen-infrastructure][I][2210102][132]CGetSensorValueProcedure.cpp:SetParameter():40|GetSensorValue procedure is called. No parameters[EOL]
[2026-09-22T08:31:01.615346Z][TM_TransferModule.newgen-infrastructure][I][844444436][132]UnitCommunicator.cpp:SendEvent():424|Publishing event: type=Roche.c68_8800.Infrastructure.TransferModule.InfrastructureStateChanged correlation_id=(n/a)[EOL]
[2026-09-22T08:31:01.616114Z][TM_TransferModule.newgen-infrastructure][I][2560017][132]MessageSender.h:SendEvent():105|Sent RabbitMqEvent Roche.c68_8800.Infrastructure.TransferModule.InfrastructureStateChanged. Content: {"Timestamp":"2026-09-22T08:31:01.615309Z","TraceContext":"00-d1084d93483ebb9b75cfe06f4e172c1f-ad7ef00a66e09341-01","ModuleId":"TransferModule","OldState":"NotReady","NewState":"Initializing"}[EOL]
[2026-09-22T08:31:01.616145Z][TM_TransferModule.newgen-infrastructure][I][844444436][132]UnitCommunicator.cpp:SendEvent():424|Publishing event: type=Roche.c68_8800.Infrastructure.TransferModule.UnitStateChanged correlation_id=(n/a)[EOL]
[2026-09-22T08:31:01.616495Z][TM_TransferModule.newgen-infrastructure][I][2560017][132]MessageSender.h:SendEvent():105|Sent RabbitMqEvent Roche.c68_8800.Infrastructure.TransferModule.UnitStateChanged. Content: {"Timestamp":"2026-09-22T08:31:01.616142Z","TraceContext":"00-58c1536c820f8321f7b0c7c375486b1b-4d8435be64e7b697-01","ModuleId":"TransferModule","OldState":"StartedUp","NewState":"Initializing"}[EOL]
[2026-09-22T08:31:01.641907Z][TM_TransferModule.newgen-infrastructure][I][2210110][132]CSetPowerSupplyControlProcedure.cpp:SetParameter():37|Set PowerSupplyControl 0 and moduleID 255 is called with state 1[EOL]
[2026-09-22T08:31:01.809879Z][TM_TransferModule.newgen-infrastructure][I][844444436][132]UnitCommunicator.cpp:SendEvent():424|Publishing event: type=Roche.c68_8800.Infrastructure.TransferModule.InfrastructurePowerSupplyStateChanged correlation_id=(n/a)[EOL]
[2026-09-22T08:31:01.809940Z][TM_TransferModule.newgen-infrastructure][I][2560017][132]MessageSender.h:SendEvent():105|Sent RabbitMqEvent Roche.c68_8800.Infrastructure.TransferModule.InfrastructurePowerSupplyStateChanged. Content: {"Timestamp":"2026-09-22T08:31:01.809854Z","TraceContext":"00-6bc2d3cb36081d60737bcbbae479e072-24adf2a0e601ae38-01","ModuleId":"TransferModule","PowerSupplyId":"MainPowerSupply","OldState":"Unknown","NewState":"On"}[EOL]
[2026-09-22T08:31:01.822288Z][TM_TransferModule.newgen-infrastructure][I][2210074][132]CGetPowerBoxDeviceVersionsStep.cpp:ProcessResponseData():41|PowerBox 0: HW Version: 5, SW Version: 2.4[EOL]
[2026-09-22T08:31:01.839861Z][TM_TransferModule.newgen-infrastructure][I][844444436][132]UnitCommunicator.cpp:SendEvent():424|Publishing event: type=Roche.c68_8800.Infrastructure.TransferModule.InfrastructureFuseStateChanged correlation_id=(n/a)[EOL]
[2026-09-22T08:31:01.839997Z][TM_TransferModule.newgen-infrastructure][I][2560017][132]MessageSender.h:SendEvent():105|Sent RabbitMqEvent Roche.c68_8800.Infrastructure.TransferModule.InfrastructureFuseStateChanged. Content: {"Timestamp":"2026-09-22T08:31:01.839574Z","TraceContext":"00-dd82d13ed26ec30b58a7827c44aa343a-30d6304cf886d221-01","ModuleId":"TransferModule","FuseId":1,"OldState":"Unknown","NewState":"FuseOk"}[EOL]
[2026-09-22T08:31:01.840147Z][TM_TransferModule.newgen-infrastructure][I][844444436][132]UnitCommunicator.cpp:SendEvent():424|Publishing event: type=Roche.c68_8800.Infrastructure.TransferModule.InfrastructureFuseStateChanged correlation_id=(n/a)[EOL]
[2026-09-22T08:31:01.840405Z][TM_TransferModule.newgen-infrastructure][I][2560017][132]MessageSender.h:SendEvent():105|Sent RabbitMqEvent Roche.c68_8800.Infrastructure.TransferModule.InfrastructureFuseStateChanged. Content: {"Timestamp":"2026-09-22T08:31:01.840021Z","TraceContext":"00-dd82d13ed26ec30b58a7827c44aa343a-30d6304cf886d221-01","ModuleId":"TransferModule","FuseId":2,"OldState":"Unknown","NewState":"FuseOk"}[EOL]
[2026-09-22T08:31:01.840432Z][TM_TransferModule.newgen-infrastructure][I][844444436][132]UnitCommunicator.cpp:SendEvent():424|Publishing event: type=Roche.c68_8800.Infrastructure.TransferModule.InfrastructureFuseStateChanged correlation_id=(n/a)[EOL]
[2026-09-22T08:31:01.840518Z][TM_TransferModule.newgen-infrastructure][I][2560017][132]MessageSender.h:SendEvent():105|Sent RabbitMqEvent Roche.c68_8800.Infrastructure.TransferModule.InfrastructureFuseStateChanged. Content: {"Timestamp":"2026-09-22T08:31:01.840427Z","TraceContext":"00-dd82d13ed26ec30b58a7827c44aa343a-30d6304cf886d221-01","ModuleId":"TransferModule","FuseId":3,"OldState":"Unknown","NewState":"FuseOk"}[EOL]
[2026-09-22T08:31:01.840871Z][TM_TransferModule.newgen-infrastructure][I][844444436][132]UnitCommunicator.cpp:SendEvent():424|Publishing event: type=Roche.c68_8800.Infrastructure.TransferModule.InfrastructureFuseStateChanged correlation_id=(n/a)[EOL]
[2026-09-22T08:31:01.841001Z][TM_TransferModule.newgen-infrastructure][I][2560017][132]MessageSender.h:SendEvent():105|Sent RabbitMqEvent Roche.c68_8800.Infrastructure.TransferModule.InfrastructureFuseStateChanged. Content: {"Timestamp":"2026-09-22T08:31:01.840586Z","TraceContext":"00-dd82d13ed26ec30b58a7827c44aa343a-30d6304cf886d221-01","ModuleId":"TransferModule","FuseId":4,"OldState":"Unknown","NewState":"FuseOk"}[EOL]
[2026-09-22T08:31:01.841114Z][TM_TransferModule.newgen-infrastructure][I][844444436][132]UnitCommunicator.cpp:SendEvent():424|Publishing event: type=Roche.c68_8800.Infrastructure.TransferModule.InfrastructureFuseStateChanged correlation_id=(n/a)[EOL]
[2026-09-22T08:31:01.841196Z][TM_TransferModule.newgen-infrastructure][I][2560017][132]MessageSender.h:SendEvent():105|Sent RabbitMqEvent Roche.c68_8800.Infrastructure.TransferModule.InfrastructureFuseStateChanged. Content: {"Timestamp":"2026-09-22T08:31:01.841080Z","TraceContext":"00-dd82d13ed26ec30b58a7827c44aa343a-30d6304cf886d221-01","ModuleId":"TransferModule","FuseId":5,"OldState":"Unknown","NewState":"FuseOk"}[EOL]
[2026-09-22T08:31:01.841210Z][TM_TransferModule.newgen-infrastructure][I][844444436][132]UnitCommunicator.cpp:SendEvent():424|Publishing event: type=Roche.c68_8800.Infrastructure.TransferModule.InfrastructureFuseStateChanged correlation_id=(n/a)[EOL]
[2026-09-22T08:31:01.841229Z][TM_TransferModule.newgen-infrastructure][I][2560017][132]MessageSender.h:SendEvent():105|Sent RabbitMqEvent Roche.c68_8800.Infrastructure.TransferModule.InfrastructureFuseStateChanged. Content: {"Timestamp":"2026-09-22T08:31:01.841207Z","TraceContext":"00-dd82d13ed26ec30b58a7827c44aa343a-30d6304cf886d221-01","ModuleId":"TransferModule","FuseId":6,"OldState":"Unknown","NewState":"FuseOk"}[EOL]
[2026-09-22T08:31:01.841238Z][TM_TransferModule.newgen-infrastructure][I][844444436][132]UnitCommunicator.cpp:SendEvent():424|Publishing event: type=Roche.c68_8800.Infrastructure.TransferModule.InfrastructureFuseStateChanged correlation_id=(n/a)[EOL]
[2026-09-22T08:31:01.841413Z][TM_TransferModule.newgen-infrastructure][I][2560017][132]MessageSender.h:SendEvent():105|Sent RabbitMqEvent Roche.c68_8800.Infrastructure.TransferModule.InfrastructureFuseStateChanged. Content: {"Timestamp":"2026-09-22T08:31:01.841234Z","TraceContext":"00-dd82d13ed26ec30b58a7827c44aa343a-30d6304cf886d221-01","ModuleId":"TransferModule","FuseId":7,"OldState":"Unknown","NewState":"FuseOk"}[EOL]
[2026-09-22T08:31:01.841435Z][TM_TransferModule.newgen-infrastructure][I][844444436][132]UnitCommunicator.cpp:SendEvent():424|Publishing event: type=Roche.c68_8800.Infrastructure.TransferModule.InfrastructureFuseStateChanged correlation_id=(n/a)[EOL]
[2026-09-22T08:31:01.841461Z][TM_TransferModule.newgen-infrastructure][I][2560017][132]MessageSender.h:SendEvent():105|Sent RabbitMqEvent Roche.c68_8800.Infrastructure.TransferModule.InfrastructureFuseStateChanged. Content: {"Timestamp":"2026-09-22T08:31:01.841430Z","TraceContext":"00-dd82d13ed26ec30b58a7827c44aa343a-30d6304cf886d221-01","ModuleId":"TransferModule","FuseId":8,"OldState":"Unknown","NewState":"FuseOk"}[EOL]
[2026-09-22T08:31:01.841470Z][TM_TransferModule.newgen-infrastructure][I][844444436][132]UnitCommunicator.cpp:SendEvent():424|Publishing event: type=Roche.c68_8800.Infrastructure.TransferModule.InfrastructureFuseStateChanged correlation_id=(n/a)[EOL]
[2026-09-22T08:31:01.841487Z][TM_TransferModule.newgen-infrastructure][I][2560017][132]MessageSender.h:SendEvent():105|Sent RabbitMqEvent Roche.c68_8800.Infrastructure.TransferModule.InfrastructureFuseStateChanged. Content: {"Timestamp":"2026-09-22T08:31:01.841466Z","TraceContext":"00-dd82d13ed26ec30b58a7827c44aa343a-30d6304cf886d221-01","ModuleId":"TransferModule","FuseId":9,"OldState":"Unknown","NewState":"FuseOk"}[EOL]
[2026-09-22T08:31:01.841495Z][TM_TransferModule.newgen-infrastructure][I][844444436][132]UnitCommunicator.cpp:SendEvent():424|Publishing event: type=Roche.c68_8800.Infrastructure.TransferModule.InfrastructureFuseStateChanged correlation_id=(n/a)[EOL]
[2026-09-22T08:31:01.841531Z][TM_TransferModule.newgen-infrastructure][I][2560017][132]MessageSender.h:SendEvent():105|Sent RabbitMqEvent Roche.c68_8800.Infrastructure.TransferModule.InfrastructureFuseStateChanged. Content: {"Timestamp":"2026-09-22T08:31:01.841492Z","TraceContext":"00-dd82d13ed26ec30b58a7827c44aa343a-30d6304cf886d221-01","ModuleId":"TransferModule","FuseId":10,"OldState":"Unknown","NewState":"FuseOk"}[EOL]
[2026-09-22T08:31:01.841541Z][TM_TransferModule.newgen-infrastructure][I][844444436][132]UnitCommunicator.cpp:SendEvent():424|Publishing event: type=Roche.c68_8800.Infrastructure.TransferModule.InfrastructureFuseStateChanged correlation_id=(n/a)[EOL]
[2026-09-22T08:31:01.842111Z][TM_TransferModule.newgen-infrastructure][I][2560017][132]MessageSender.h:SendEvent():105|Sent RabbitMqEvent Roche.c68_8800.Infrastructure.TransferModule.InfrastructureFuseStateChanged. Content: {"Timestamp":"2026-09-22T08:31:01.841538Z","TraceContext":"00-dd82d13ed26ec30b58a7827c44aa343a-30d6304cf886d221-01","ModuleId":"TransferModule","FuseId":11,"OldState":"Unknown","NewState":"FuseOk"}[EOL]
[2026-09-22T08:31:01.842185Z][TM_TransferModule.newgen-infrastructure][I][844444436][132]UnitCommunicator.cpp:SendEvent():424|Publishing event: type=Roche.c68_8800.Infrastructure.TransferModule.InfrastructureFuseStateChanged correlation_id=(n/a)[EOL]
[2026-09-22T08:31:01.842217Z][TM_TransferModule.newgen-infrastructure][I][2560017][132]MessageSender.h:SendEvent():105|Sent RabbitMqEvent Roche.c68_8800.Infrastructure.TransferModule.InfrastructureFuseStateChanged. Content: {"Timestamp":"2026-09-22T08:31:01.842178Z","TraceContext":"00-dd82d13ed26ec30b58a7827c44aa343a-30d6304cf886d221-01","ModuleId":"TransferModule","FuseId":12,"OldState":"Unknown","NewState":"FuseOk"}[EOL]
[2026-09-22T08:31:01.842347Z][TM_TransferModule.newgen-infrastructure][I][844444436][132]UnitCommunicator.cpp:SendEvent():424|Publishing event: type=Roche.c68_8800.Infrastructure.TransferModule.InfrastructureFuseStateChanged correlation_id=(n/a)[EOL]
[2026-09-22T08:31:01.842467Z][TM_TransferModule.newgen-infrastructure][I][2560017][132]MessageSender.h:SendEvent():105|Sent RabbitMqEvent Roche.c68_8800.Infrastructure.TransferModule.InfrastructureFuseStateChanged. Content: {"Timestamp":"2026-09-22T08:31:01.842223Z","TraceContext":"00-dd82d13ed26ec30b58a7827c44aa343a-30d6304cf886d221-01","ModuleId":"TransferModule","FuseId":13,"OldState":"Unknown","NewState":"FuseOk"}[EOL]
[2026-09-22T08:31:01.842488Z][TM_TransferModule.newgen-infrastructure][I][844444436][132]UnitCommunicator.cpp:SendEvent():424|Publishing event: type=Roche.c68_8800.Infrastructure.TransferModule.InfrastructureFuseStateChanged correlation_id=(n/a)[EOL]
[2026-09-22T08:31:01.842585Z][TM_TransferModule.newgen-infrastructure][I][2560017][132]MessageSender.h:SendEvent():105|Sent RabbitMqEvent Roche.c68_8800.Infrastructure.TransferModule.InfrastructureFuseStateChanged. Content: {"Timestamp":"2026-09-22T08:31:01.842480Z","TraceContext":"00-dd82d13ed26ec30b58a7827c44aa343a-30d6304cf886d221-01","ModuleId":"TransferModule","FuseId":14,"OldState":"Unknown","NewState":"FuseOk"}[EOL]
[2026-09-22T08:31:01.842611Z][TM_TransferModule.newgen-infrastructure][I][844444436][132]UnitCommunicator.cpp:SendEvent():424|Publishing event: type=Roche.c68_8800.Infrastructure.TransferModule.InfrastructureFuseStateChanged correlation_id=(n/a)[EOL]
[2026-09-22T08:31:01.842634Z][TM_TransferModule.newgen-infrastructure][I][2560017][132]MessageSender.h:SendEvent():105|Sent RabbitMqEvent Roche.c68_8800.Infrastructure.TransferModule.InfrastructureFuseStateChanged. Content: {"Timestamp":"2026-09-22T08:31:01.842606Z","TraceContext":"00-dd82d13ed26ec30b58a7827c44aa343a-30d6304cf886d221-01","ModuleId":"TransferModule","FuseId":15,"OldState":"Unknown","NewState":"FuseOk"}[EOL]
[2026-09-22T08:31:01.842642Z][TM_TransferModule.newgen-infrastructure][I][844444436][132]UnitCommunicator.cpp:SendEvent():424|Publishing event: type=Roche.c68_8800.Infrastructure.TransferModule.InfrastructureFuseStateChanged correlation_id=(n/a)[EOL]
[2026-09-22T08:31:01.842766Z][TM_TransferModule.newgen-infrastructure][I][2560017][132]MessageSender.h:SendEvent():105|Sent RabbitMqEvent Roche.c68_8800.Infrastructure.TransferModule.InfrastructureFuseStateChanged. Content: {"Timestamp":"2026-09-22T08:31:01.842639Z","TraceContext":"00-dd82d13ed26ec30b58a7827c44aa343a-30d6304cf886d221-01","ModuleId":"TransferModule","FuseId":16,"OldState":"Unknown","NewState":"FuseOk"}[EOL]
[2026-09-22T08:31:01.842786Z][TM_TransferModule.newgen-infrastructure][I][844444436][132]UnitCommunicator.cpp:SendEvent():424|Publishing event: type=Roche.c68_8800.Infrastructure.TransferModule.InfrastructureFuseStateChanged correlation_id=(n/a)[EOL]
[2026-09-22T08:31:01.842814Z][TM_TransferModule.newgen-infrastructure][I][2560017][132]MessageSender.h:SendEvent():105|Sent RabbitMqEvent Roche.c68_8800.Infrastructure.TransferModule.InfrastructureFuseStateChanged. Content: {"Timestamp":"2026-09-22T08:31:01.842780Z","TraceContext":"00-dd82d13ed26ec30b58a7827c44aa343a-30d6304cf886d221-01","ModuleId":"TransferModule","FuseId":17,"OldState":"Unknown","NewState":"FuseOk"}[EOL]
[2026-09-22T08:31:01.842828Z][TM_TransferModule.newgen-infrastructure][I][844444436][132]UnitCommunicator.cpp:SendEvent():424|Publishing event: type=Roche.c68_8800.Infrastructure.TransferModule.InfrastructureFuseStateChanged correlation_id=(n/a)[EOL]
[2026-09-22T08:31:01.842866Z][TM_TransferModule.newgen-infrastructure][I][2560017][132]MessageSender.h:SendEvent():105|Sent RabbitMqEvent Roche.c68_8800.Infrastructure.TransferModule.InfrastructureFuseStateChanged. Content: {"Timestamp":"2026-09-22T08:31:01.842824Z","TraceContext":"00-dd82d13ed26ec30b58a7827c44aa343a-30d6304cf886d221-01","ModuleId":"TransferModule","FuseId":18,"OldState":"Unknown","NewState":"FuseOk"}[EOL]
[2026-09-22T08:31:01.842882Z][TM_TransferModule.newgen-infrastructure][I][844444436][132]UnitCommunicator.cpp:SendEvent():424|Publishing event: type=Roche.c68_8800.Infrastructure.TransferModule.InfrastructureFuseStateChanged correlation_id=(n/a)[EOL]
[2026-09-22T08:31:01.842914Z][TM_TransferModule.newgen-infrastructure][I][2560017][132]MessageSender.h:SendEvent():105|Sent RabbitMqEvent Roche.c68_8800.Infrastructure.TransferModule.InfrastructureFuseStateChanged. Content: {"Timestamp":"2026-09-22T08:31:01.842877Z","TraceContext":"00-dd82d13ed26ec30b58a7827c44aa343a-30d6304cf886d221-01","ModuleId":"TransferModule","FuseId":19,"OldState":"Unknown","NewState":"FuseOk"}[EOL]
[2026-09-22T08:31:01.842928Z][TM_TransferModule.newgen-infrastructure][I][844444436][132]UnitCommunicator.cpp:SendEvent():424|Publishing event: type=Roche.c68_8800.Infrastructure.TransferModule.InfrastructureFuseStateChanged correlation_id=(n/a)[EOL]
[2026-09-22T08:31:01.843036Z][TM_TransferModule.newgen-infrastructure][I][2560017][132]MessageSender.h:SendEvent():105|Sent RabbitMqEvent Roche.c68_8800.Infrastructure.TransferModule.InfrastructureFuseStateChanged. Content: {"Timestamp":"2026-09-22T08:31:01.842924Z","TraceContext":"00-dd82d13ed26ec30b58a7827c44aa343a-30d6304cf886d221-01","ModuleId":"TransferModule","FuseId":20,"OldState":"Unknown","NewState":"FuseOk"}[EOL]
[2026-09-22T08:31:01.843244Z][TM_TransferModule.newgen-infrastructure][I][844444436][132]UnitCommunicator.cpp:SendEvent():424|Publishing event: type=Roche.c68_8800.Infrastructure.TransferModule.InfrastructureFuseStateChanged correlation_id=(n/a)[EOL]
[2026-09-22T08:31:01.843265Z][TM_TransferModule.newgen-infrastructure][I][2560017][132]MessageSender.h:SendEvent():105|Sent RabbitMqEvent Roche.c68_8800.Infrastructure.TransferModule.InfrastructureFuseStateChanged. Content: {"Timestamp":"2026-09-22T08:31:01.843236Z","TraceContext":"00-dd82d13ed26ec30b58a7827c44aa343a-30d6304cf886d221-01","ModuleId":"TransferModule","FuseId":21,"OldState":"Unknown","NewState":"FuseOk"}[EOL]
[2026-09-22T08:31:01.843275Z][TM_TransferModule.newgen-infrastructure][I][844444436][132]UnitCommunicator.cpp:SendEvent():424|Publishing event: type=Roche.c68_8800.Infrastructure.TransferModule.InfrastructureFuseStateChanged correlation_id=(n/a)[EOL]
[2026-09-22T08:31:01.843361Z][TM_TransferModule.newgen-infrastructure][I][2560017][132]MessageSender.h:SendEvent():105|Sent RabbitMqEvent Roche.c68_8800.Infrastructure.TransferModule.InfrastructureFuseStateChanged. Content: {"Timestamp":"2026-09-22T08:31:01.843271Z","TraceContext":"00-dd82d13ed26ec30b58a7827c44aa343a-30d6304cf886d221-01","ModuleId":"TransferModule","FuseId":22,"OldState":"Unknown","NewState":"FuseOk"}[EOL]
[2026-09-22T08:31:01.843369Z][TM_TransferModule.newgen-infrastructure][I][844444436][132]UnitCommunicator.cpp:SendEvent():424|Publishing event: type=Roche.c68_8800.Infrastructure.TransferModule.InfrastructureFuseStateChanged correlation_id=(n/a)[EOL]
[2026-09-22T08:31:01.843427Z][TM_TransferModule.newgen-infrastructure][I][2560017][132]MessageSender.h:SendEvent():105|Sent RabbitMqEvent Roche.c68_8800.Infrastructure.TransferModule.InfrastructureFuseStateChanged. Content: {"Timestamp":"2026-09-22T08:31:01.843367Z","TraceContext":"00-dd82d13ed26ec30b58a7827c44aa343a-30d6304cf886d221-01","ModuleId":"TransferModule","FuseId":23,"OldState":"Unknown","NewState":"FuseOk"}[EOL]
[2026-09-22T08:31:01.843438Z][TM_TransferModule.newgen-infrastructure][I][844444436][132]UnitCommunicator.cpp:SendEvent():424|Publishing event: type=Roche.c68_8800.Infrastructure.TransferModule.InfrastructureFuseStateChanged correlation_id=(n/a)[EOL]
[2026-09-22T08:31:01.843456Z][TM_TransferModule.newgen-infrastructure][I][2560017][132]MessageSender.h:SendEvent():105|Sent RabbitMqEvent Roche.c68_8800.Infrastructure.TransferModule.InfrastructureFuseStateChanged. Content: {"Timestamp":"2026-09-22T08:31:01.843435Z","TraceContext":"00-dd82d13ed26ec30b58a7827c44aa343a-30d6304cf886d221-01","ModuleId":"TransferModule","FuseId":24,"OldState":"Unknown","NewState":"FuseOk"}[EOL]
[2026-09-22T08:31:01.843463Z][TM_TransferModule.newgen-infrastructure][I][844444436][132]UnitCommunicator.cpp:SendEvent():424|Publishing event: type=Roche.c68_8800.Infrastructure.TransferModule.InfrastructureFuseStateChanged correlation_id=(n/a)[EOL]
[2026-09-22T08:31:01.843497Z][TM_TransferModule.newgen-infrastructure][I][2560017][132]MessageSender.h:SendEvent():105|Sent RabbitMqEvent Roche.c68_8800.Infrastructure.TransferModule.InfrastructureFuseStateChanged. Content: {"Timestamp":"2026-09-22T08:31:01.843461Z","TraceContext":"00-dd82d13ed26ec30b58a7827c44aa343a-30d6304cf886d221-01","ModuleId":"TransferModule","FuseId":25,"OldState":"Unknown","NewState":"FuseOk"}[EOL]
[2026-09-22T08:31:01.843507Z][TM_TransferModule.newgen-infrastructure][I][844444436][132]UnitCommunicator.cpp:SendEvent():424|Publishing event: type=Roche.c68_8800.Infrastructure.TransferModule.InfrastructureFuseStateChanged correlation_id=(n/a)[EOL]
[2026-09-22T08:31:01.843594Z][TM_TransferModule.newgen-infrastructure][I][2560017][132]MessageSender.h:SendEvent():105|Sent RabbitMqEvent Roche.c68_8800.Infrastructure.TransferModule.InfrastructureFuseStateChanged. Content: {"Timestamp":"2026-09-22T08:31:01.843504Z","TraceContext":"00-dd82d13ed26ec30b58a7827c44aa343a-30d6304cf886d221-01","ModuleId":"TransferModule","FuseId":26,"OldState":"Unknown","NewState":"FuseOk"}[EOL]
[2026-09-22T08:31:01.843616Z][TM_TransferModule.newgen-infrastructure][I][844444436][132]UnitCommunicator.cpp:SendEvent():424|Publishing event: type=Roche.c68_8800.Infrastructure.TransferModule.InfrastructureFuseStateChanged correlation_id=(n/a)[EOL]
[2026-09-22T08:31:01.843672Z][TM_TransferModule.newgen-infrastructure][I][2560017][132]MessageSender.h:SendEvent():105|Sent RabbitMqEvent Roche.c68_8800.Infrastructure.TransferModule.InfrastructureFuseStateChanged. Content: {"Timestamp":"2026-09-22T08:31:01.843611Z","TraceContext":"00-dd82d13ed26ec30b58a7827c44aa343a-30d6304cf886d221-01","ModuleId":"TransferModule","FuseId":27,"OldState":"Unknown","NewState":"FuseOk"}[EOL]
[2026-09-22T08:31:01.843702Z][TM_TransferModule.newgen-infrastructure][I][844444436][132]UnitCommunicator.cpp:SendEvent():424|Publishing event: type=Roche.c68_8800.Infrastructure.TransferModule.InfrastructureFuseStateChanged correlation_id=(n/a)[EOL]
[2026-09-22T08:31:01.843772Z][TM_TransferModule.newgen-infrastructure][I][2560017][132]MessageSender.h:SendEvent():105|Sent RabbitMqEvent Roche.c68_8800.Infrastructure.TransferModule.InfrastructureFuseStateChanged. Content: {"Timestamp":"2026-09-22T08:31:01.843699Z","TraceContext":"00-dd82d13ed26ec30b58a7827c44aa343a-30d6304cf886d221-01","ModuleId":"TransferModule","FuseId":28,"OldState":"Unknown","NewState":"FuseOk"}[EOL]
[2026-09-22T08:31:01.843782Z][TM_TransferModule.newgen-infrastructure][I][844444436][132]UnitCommunicator.cpp:SendEvent():424|Publishing event: type=Roche.c68_8800.Infrastructure.TransferModule.InfrastructureFuseStateChanged correlation_id=(n/a)[EOL]
[2026-09-22T08:31:01.843797Z][TM_TransferModule.newgen-infrastructure][I][2560017][132]MessageSender.h:SendEvent():105|Sent RabbitMqEvent Roche.c68_8800.Infrastructure.TransferModule.InfrastructureFuseStateChanged. Content: {"Timestamp":"2026-09-22T08:31:01.843780Z","TraceContext":"00-dd82d13ed26ec30b58a7827c44aa343a-30d6304cf886d221-01","ModuleId":"TransferModule","FuseId":29,"OldState":"Unknown","NewState":"FuseOk"}[EOL]
[2026-09-22T08:31:01.843803Z][TM_TransferModule.newgen-infrastructure][I][844444436][132]UnitCommunicator.cpp:SendEvent():424|Publishing event: type=Roche.c68_8800.Infrastructure.TransferModule.InfrastructureFuseStateChanged correlation_id=(n/a)[EOL]
[2026-09-22T08:31:01.844040Z][TM_TransferModule.newgen-infrastructure][I][2560017][132]MessageSender.h:SendEvent():105|Sent RabbitMqEvent Roche.c68_8800.Infrastructure.TransferModule.InfrastructureFuseStateChanged. Content: {"Timestamp":"2026-09-22T08:31:01.843802Z","TraceContext":"00-dd82d13ed26ec30b58a7827c44aa343a-30d6304cf886d221-01","ModuleId":"TransferModule","FuseId":30,"OldState":"Unknown","NewState":"FuseOk"}[EOL]
[2026-09-22T08:31:01.844061Z][TM_TransferModule.newgen-infrastructure][I][844444436][132]UnitCommunicator.cpp:SendEvent():424|Publishing event: type=Roche.c68_8800.Infrastructure.TransferModule.InfrastructureFuseStateChanged correlation_id=(n/a)[EOL]
[2026-09-22T08:31:01.844081Z][TM_TransferModule.newgen-infrastructure][I][2560017][132]MessageSender.h:SendEvent():105|Sent RabbitMqEvent Roche.c68_8800.Infrastructure.TransferModule.InfrastructureFuseStateChanged. Content: {"Timestamp":"2026-09-22T08:31:01.844057Z","TraceContext":"00-dd82d13ed26ec30b58a7827c44aa343a-30d6304cf886d221-01","ModuleId":"TransferModule","FuseId":31,"OldState":"Unknown","NewState":"FuseOk"}[EOL]
[2026-09-22T08:31:01.844090Z][TM_TransferModule.newgen-infrastructure][I][844444436][132]UnitCommunicator.cpp:SendEvent():424|Publishing event: type=Roche.c68_8800.Infrastructure.TransferModule.InfrastructureFuseStateChanged correlation_id=(n/a)[EOL]
[2026-09-22T08:31:01.844133Z][TM_TransferModule.newgen-infrastructure][I][2560017][132]MessageSender.h:SendEvent():105|Sent RabbitMqEvent Roche.c68_8800.Infrastructure.TransferModule.InfrastructureFuseStateChanged. Content: {"Timestamp":"2026-09-22T08:31:01.844087Z","TraceContext":"00-dd82d13ed26ec30b58a7827c44aa343a-30d6304cf886d221-01","ModuleId":"TransferModule","FuseId":32,"OldState":"Unknown","NewState":"FuseOk"}[EOL]
[2026-09-22T08:31:01.844160Z][TM_TransferModule.newgen-infrastructure][I][844444436][132]UnitCommunicator.cpp:SendEvent():424|Publishing event: type=Roche.c68_8800.Infrastructure.TransferModule.InfrastructureFuseStateChanged correlation_id=(n/a)[EOL]
[2026-09-22T08:31:01.844183Z][TM_TransferModule.newgen-infrastructure][I][2560017][132]MessageSender.h:SendEvent():105|Sent RabbitMqEvent Roche.c68_8800.Infrastructure.TransferModule.InfrastructureFuseStateChanged. Content: {"Timestamp":"2026-09-22T08:31:01.844142Z","TraceContext":"00-dd82d13ed26ec30b58a7827c44aa343a-30d6304cf886d221-01","ModuleId":"TransferModule","FuseId":33,"OldState":"Unknown","NewState":"FuseOk"}[EOL]
[2026-09-22T08:31:01.844194Z][TM_TransferModule.newgen-infrastructure][I][844444436][132]UnitCommunicator.cpp:SendEvent():424|Publishing event: type=Roche.c68_8800.Infrastructure.TransferModule.InfrastructureFuseStateChanged correlation_id=(n/a)[EOL]
[2026-09-22T08:31:01.844253Z][TM_TransferModule.newgen-infrastructure][I][2560017][132]MessageSender.h:SendEvent():105|Sent RabbitMqEvent Roche.c68_8800.Infrastructure.TransferModule.InfrastructureFuseStateChanged. Content: {"Timestamp":"2026-09-22T08:31:01.844190Z","TraceContext":"00-dd82d13ed26ec30b58a7827c44aa343a-30d6304cf886d221-01","ModuleId":"TransferModule","FuseId":34,"OldState":"Unknown","NewState":"FuseOk"}[EOL]
[2026-09-22T08:31:01.844378Z][TM_TransferModule.newgen-infrastructure][I][844444436][132]UnitCommunicator.cpp:SendEvent():424|Publishing event: type=Roche.c68_8800.Infrastructure.TransferModule.InfrastructureFuseStateChanged correlation_id=(n/a)[EOL]
[2026-09-22T08:31:01.844511Z][TM_TransferModule.newgen-infrastructure][I][2560017][132]MessageSender.h:SendEvent():105|Sent RabbitMqEvent Roche.c68_8800.Infrastructure.TransferModule.InfrastructureFuseStateChanged. Content: {"Timestamp":"2026-09-22T08:31:01.844370Z","TraceContext":"00-dd82d13ed26ec30b58a7827c44aa343a-30d6304cf886d221-01","ModuleId":"TransferModule","FuseId":35,"OldState":"Unknown","NewState":"FuseOk"}[EOL]
[2026-09-22T08:31:01.844524Z][TM_TransferModule.newgen-infrastructure][I][844444436][132]UnitCommunicator.cpp:SendEvent():424|Publishing event: type=Roche.c68_8800.Infrastructure.TransferModule.InfrastructureFuseStateChanged correlation_id=(n/a)[EOL]
[2026-09-22T08:31:01.844545Z][TM_TransferModule.newgen-infrastructure][I][2560017][132]MessageSender.h:SendEvent():105|Sent RabbitMqEvent Roche.c68_8800.Infrastructure.TransferModule.InfrastructureFuseStateChanged. Content: {"Timestamp":"2026-09-22T08:31:01.844522Z","TraceContext":"00-dd82d13ed26ec30b58a7827c44aa343a-30d6304cf886d221-01","ModuleId":"TransferModule","FuseId":36,"OldState":"Unknown","NewState":"FuseOk"}[EOL]
[2026-09-22T08:31:01.844672Z][TM_TransferModule.newgen-infrastructure][I][844444436][132]UnitCommunicator.cpp:SendEvent():424|Publishing event: type=Roche.c68_8800.Infrastructure.TransferModule.InfrastructureFuseStateChanged correlation_id=(n/a)[EOL]
[2026-09-22T08:31:01.844693Z][TM_TransferModule.newgen-infrastructure][I][2560017][132]MessageSender.h:SendEvent():105|Sent RabbitMqEvent Roche.c68_8800.Infrastructure.TransferModule.InfrastructureFuseStateChanged. Content: {"Timestamp":"2026-09-22T08:31:01.844633Z","TraceContext":"00-dd82d13ed26ec30b58a7827c44aa343a-30d6304cf886d221-01","ModuleId":"TransferModule","FuseId":37,"OldState":"Unknown","NewState":"FuseOk"}[EOL]
[2026-09-22T08:31:01.844701Z][TM_TransferModule.newgen-infrastructure][I][844444436][132]UnitCommunicator.cpp:SendEvent():424|Publishing event: type=Roche.c68_8800.Infrastructure.TransferModule.InfrastructureFuseStateChanged correlation_id=(n/a)[EOL]
[2026-09-22T08:31:01.844714Z][TM_TransferModule.newgen-infrastructure][I][2560017][132]MessageSender.h:SendEvent():105|Sent RabbitMqEvent Roche.c68_8800.Infrastructure.TransferModule.InfrastructureFuseStateChanged. Content: {"Timestamp":"2026-09-22T08:31:01.844699Z","TraceContext":"00-dd82d13ed26ec30b58a7827c44aa343a-30d6304cf886d221-01","ModuleId":"TransferModule","FuseId":38,"OldState":"Unknown","NewState":"FuseOk"}[EOL]
[2026-09-22T08:31:01.844721Z][TM_TransferModule.newgen-infrastructure][I][844444436][132]UnitCommunicator.cpp:SendEvent():424|Publishing event: type=Roche.c68_8800.Infrastructure.TransferModule.InfrastructureFuseStateChanged correlation_id=(n/a)[EOL]
[2026-09-22T08:31:01.844734Z][TM_TransferModule.newgen-infrastructure][I][2560017][132]MessageSender.h:SendEvent():105|Sent RabbitMqEvent Roche.c68_8800.Infrastructure.TransferModule.InfrastructureFuseStateChanged. Content: {"Timestamp":"2026-09-22T08:31:01.844719Z","TraceContext":"00-dd82d13ed26ec30b58a7827c44aa343a-30d6304cf886d221-01","ModuleId":"TransferModule","FuseId":39,"OldState":"Unknown","NewState":"FuseOk"}[EOL]
[2026-09-22T08:31:01.844740Z][TM_TransferModule.newgen-infrastructure][I][844444436][132]UnitCommunicator.cpp:SendEvent():424|Publishing event: type=Roche.c68_8800.Infrastructure.TransferModule.InfrastructureFuseStateChanged correlation_id=(n/a)[EOL]
[2026-09-22T08:31:01.844753Z][TM_TransferModule.newgen-infrastructure][I][2560017][132]MessageSender.h:SendEvent():105|Sent RabbitMqEvent Roche.c68_8800.Infrastructure.TransferModule.InfrastructureFuseStateChanged. Content: {"Timestamp":"2026-09-22T08:31:01.844739Z","TraceContext":"00-dd82d13ed26ec30b58a7827c44aa343a-30d6304cf886d221-01","ModuleId":"TransferModule","FuseId":40,"OldState":"Unknown","NewState":"FuseOk"}[EOL]
[2026-09-22T08:31:01.844759Z][TM_TransferModule.newgen-infrastructure][I][844444436][132]UnitCommunicator.cpp:SendEvent():424|Publishing event: type=Roche.c68_8800.Infrastructure.TransferModule.InfrastructureFuseStateChanged correlation_id=(n/a)[EOL]
[2026-09-22T08:31:01.844770Z][TM_TransferModule.newgen-infrastructure][I][2560017][132]MessageSender.h:SendEvent():105|Sent RabbitMqEvent Roche.c68_8800.Infrastructure.TransferModule.InfrastructureFuseStateChanged. Content: {"Timestamp":"2026-09-22T08:31:01.844757Z","TraceContext":"00-dd82d13ed26ec30b58a7827c44aa343a-30d6304cf886d221-01","ModuleId":"TransferModule","FuseId":41,"OldState":"Unknown","NewState":"FuseOk"}[EOL]
[2026-09-22T08:31:01.844776Z][TM_TransferModule.newgen-infrastructure][I][844444436][132]UnitCommunicator.cpp:SendEvent():424|Publishing event: type=Roche.c68_8800.Infrastructure.TransferModule.InfrastructureFuseStateChanged correlation_id=(n/a)[EOL]
[2026-09-22T08:31:01.844788Z][TM_TransferModule.newgen-infrastructure][I][2560017][132]MessageSender.h:SendEvent():105|Sent RabbitMqEvent Roche.c68_8800.Infrastructure.TransferModule.InfrastructureFuseStateChanged. Content: {"Timestamp":"2026-09-22T08:31:01.844775Z","TraceContext":"00-dd82d13ed26ec30b58a7827c44aa343a-30d6304cf886d221-01","ModuleId":"TransferModule","FuseId":42,"OldState":"Unknown","NewState":"FuseOk"}[EOL]
[2026-09-22T08:31:01.844795Z][TM_TransferModule.newgen-infrastructure][I][844444436][132]UnitCommunicator.cpp:SendEvent():424|Publishing event: type=Roche.c68_8800.Infrastructure.TransferModule.InfrastructureFuseStateChanged correlation_id=(n/a)[EOL]
[2026-09-22T08:31:01.844982Z][TM_TransferModule.newgen-infrastructure][I][2560017][132]MessageSender.h:SendEvent():105|Sent RabbitMqEvent Roche.c68_8800.Infrastructure.TransferModule.InfrastructureFuseStateChanged. Content: {"Timestamp":"2026-09-22T08:31:01.844793Z","TraceContext":"00-dd82d13ed26ec30b58a7827c44aa343a-30d6304cf886d221-01","ModuleId":"TransferModule","FuseId":43,"OldState":"Unknown","NewState":"FuseOk"}[EOL]
[2026-09-22T08:31:01.844998Z][TM_TransferModule.newgen-infrastructure][I][844444436][132]UnitCommunicator.cpp:SendEvent():424|Publishing event: type=Roche.c68_8800.Infrastructure.TransferModule.InfrastructureFuseStateChanged correlation_id=(n/a)[EOL]
[2026-09-22T08:31:01.845022Z][TM_TransferModule.newgen-infrastructure][I][2560017][132]MessageSender.h:SendEvent():105|Sent RabbitMqEvent Roche.c68_8800.Infrastructure.TransferModule.InfrastructureFuseStateChanged. Content: {"Timestamp":"2026-09-22T08:31:01.844994Z","TraceContext":"00-dd82d13ed26ec30b58a7827c44aa343a-30d6304cf886d221-01","ModuleId":"TransferModule","FuseId":44,"OldState":"Unknown","NewState":"FuseOk"}[EOL]
[2026-09-22T08:31:01.845030Z][TM_TransferModule.newgen-infrastructure][I][844444436][132]UnitCommunicator.cpp:SendEvent():424|Publishing event: type=Roche.c68_8800.Infrastructure.TransferModule.InfrastructureFuseStateChanged correlation_id=(n/a)[EOL]
[2026-09-22T08:31:01.845045Z][TM_TransferModule.newgen-infrastructure][I][2560017][132]MessageSender.h:SendEvent():105|Sent RabbitMqEvent Roche.c68_8800.Infrastructure.TransferModule.InfrastructureFuseStateChanged. Content: {"Timestamp":"2026-09-22T08:31:01.845028Z","TraceContext":"00-dd82d13ed26ec30b58a7827c44aa343a-30d6304cf886d221-01","ModuleId":"TransferModule","FuseId":45,"OldState":"Unknown","NewState":"FuseOk"}[EOL]
[2026-09-22T08:31:01.845052Z][TM_TransferModule.newgen-infrastructure][I][844444436][132]UnitCommunicator.cpp:SendEvent():424|Publishing event: type=Roche.c68_8800.Infrastructure.TransferModule.InfrastructureFuseStateChanged correlation_id=(n/a)[EOL]
[2026-09-22T08:31:01.845176Z][TM_TransferModule.newgen-infrastructure][I][2560017][132]MessageSender.h:SendEvent():105|Sent RabbitMqEvent Roche.c68_8800.Infrastructure.TransferModule.InfrastructureFuseStateChanged. Content: {"Timestamp":"2026-09-22T08:31:01.845050Z","TraceContext":"00-dd82d13ed26ec30b58a7827c44aa343a-30d6304cf886d221-01","ModuleId":"TransferModule","FuseId":46,"OldState":"Unknown","NewState":"FuseOk"}[EOL]
[2026-09-22T08:31:01.845199Z][TM_TransferModule.newgen-infrastructure][I][844444436][132]UnitCommunicator.cpp:SendEvent():424|Publishing event: type=Roche.c68_8800.Infrastructure.TransferModule.InfrastructureFuseStateChanged correlation_id=(n/a)[EOL]
[2026-09-22T08:31:01.845292Z][TM_TransferModule.newgen-infrastructure][I][2560017][132]MessageSender.h:SendEvent():105|Sent RabbitMqEvent Roche.c68_8800.Infrastructure.TransferModule.InfrastructureFuseStateChanged. Content: {"Timestamp":"2026-09-22T08:31:01.845193Z","TraceContext":"00-dd82d13ed26ec30b58a7827c44aa343a-30d6304cf886d221-01","ModuleId":"TransferModule","FuseId":47,"OldState":"Unknown","NewState":"FuseOk"}[EOL]
[2026-09-22T08:31:01.845338Z][TM_TransferModule.newgen-infrastructure][I][844444436][132]UnitCommunicator.cpp:SendEvent():424|Publishing event: type=Roche.c68_8800.Infrastructure.TransferModule.InfrastructureFuseStateChanged correlation_id=(n/a)[EOL]
[2026-09-22T08:31:01.845424Z][TM_TransferModule.newgen-infrastructure][I][2560017][132]MessageSender.h:SendEvent():105|Sent RabbitMqEvent Roche.c68_8800.Infrastructure.TransferModule.InfrastructureFuseStateChanged. Content: {"Timestamp":"2026-09-22T08:31:01.845330Z","TraceContext":"00-dd82d13ed26ec30b58a7827c44aa343a-30d6304cf886d221-01","ModuleId":"TransferModule","FuseId":48,"OldState":"Unknown","NewState":"FuseOk"}[EOL]
[2026-09-22T08:31:01.845618Z][TM_TransferModule.newgen-infrastructure][I][844444436][132]UnitCommunicator.cpp:SendEvent():424|Publishing event: type=Roche.c68_8800.Infrastructure.TransferModule.InfrastructureFuseStateChanged correlation_id=(n/a)[EOL]
[2026-09-22T08:31:01.845657Z][TM_TransferModule.newgen-infrastructure][I][2560017][132]MessageSender.h:SendEvent():105|Sent RabbitMqEvent Roche.c68_8800.Infrastructure.TransferModule.InfrastructureFuseStateChanged. Content: {"Timestamp":"2026-09-22T08:31:01.845526Z","TraceContext":"00-dd82d13ed26ec30b58a7827c44aa343a-30d6304cf886d221-01","ModuleId":"TransferModule","FuseId":49,"OldState":"Unknown","NewState":"FuseOk"}[EOL]
[2026-09-22T08:31:01.845799Z][TM_TransferModule.newgen-infrastructure][I][844444436][132]UnitCommunicator.cpp:SendEvent():424|Publishing event: type=Roche.c68_8800.Infrastructure.TransferModule.InfrastructureFuseStateChanged correlation_id=(n/a)[EOL]
[2026-09-22T08:31:01.845833Z][TM_TransferModule.newgen-infrastructure][I][2560017][132]MessageSender.h:SendEvent():105|Sent RabbitMqEvent Roche.c68_8800.Infrastructure.TransferModule.InfrastructureFuseStateChanged. Content: {"Timestamp":"2026-09-22T08:31:01.845792Z","TraceContext":"00-dd82d13ed26ec30b58a7827c44aa343a-30d6304cf886d221-01","ModuleId":"TransferModule","FuseId":50,"OldState":"Unknown","NewState":"FuseOk"}[EOL]
[2026-09-22T08:31:01.845844Z][TM_TransferModule.newgen-infrastructure][I][844444436][132]UnitCommunicator.cpp:SendEvent():424|Publishing event: type=Roche.c68_8800.Infrastructure.TransferModule.InfrastructureFuseStateChanged correlation_id=(n/a)[EOL]
[2026-09-22T08:31:01.846004Z][TM_TransferModule.newgen-infrastructure][I][2560017][132]MessageSender.h:SendEvent():105|Sent RabbitMqEvent Roche.c68_8800.Infrastructure.TransferModule.InfrastructureFuseStateChanged. Content: {"Timestamp":"2026-09-22T08:31:01.845840Z","TraceContext":"00-dd82d13ed26ec30b58a7827c44aa343a-30d6304cf886d221-01","ModuleId":"TransferModule","FuseId":51,"OldState":"Unknown","NewState":"FuseOk"}[EOL]
[2026-09-22T08:31:01.846026Z][TM_TransferModule.newgen-infrastructure][I][844444436][132]UnitCommunicator.cpp:SendEvent():424|Publishing event: type=Roche.c68_8800.Infrastructure.TransferModule.InfrastructureFuseStateChanged correlation_id=(n/a)[EOL]
[2026-09-22T08:31:01.846059Z][TM_TransferModule.newgen-infrastructure][I][2560017][132]MessageSender.h:SendEvent():105|Sent RabbitMqEvent Roche.c68_8800.Infrastructure.TransferModule.InfrastructureFuseStateChanged. Content: {"Timestamp":"2026-09-22T08:31:01.846020Z","TraceContext":"00-dd82d13ed26ec30b58a7827c44aa343a-30d6304cf886d221-01","ModuleId":"TransferModule","FuseId":52,"OldState":"Unknown","NewState":"FuseOk"}[EOL]
[2026-09-22T08:31:01.846076Z][TM_TransferModule.newgen-infrastructure][I][844444436][132]UnitCommunicator.cpp:SendEvent():424|Publishing event: type=Roche.c68_8800.Infrastructure.TransferModule.InfrastructureFuseStateChanged correlation_id=(n/a)[EOL]
[2026-09-22T08:31:01.846254Z][TM_TransferModule.newgen-infrastructure][I][2560017][132]MessageSender.h:SendEvent():105|Sent RabbitMqEvent Roche.c68_8800.Infrastructure.TransferModule.InfrastructureFuseStateChanged. Content: {"Timestamp":"2026-09-22T08:31:01.846070Z","TraceContext":"00-dd82d13ed26ec30b58a7827c44aa343a-30d6304cf886d221-01","ModuleId":"TransferModule","FuseId":53,"OldState":"Unknown","NewState":"FuseOk"}[EOL]
[2026-09-22T08:31:01.846295Z][TM_TransferModule.newgen-infrastructure][I][844444436][132]UnitCommunicator.cpp:SendEvent():424|Publishing event: type=Roche.c68_8800.Infrastructure.TransferModule.InfrastructureFuseStateChanged correlation_id=(n/a)[EOL]
[2026-09-22T08:31:01.846320Z][TM_TransferModule.newgen-infrastructure][I][2560017][132]MessageSender.h:SendEvent():105|Sent RabbitMqEvent Roche.c68_8800.Infrastructure.TransferModule.InfrastructureFuseStateChanged. Content: {"Timestamp":"2026-09-22T08:31:01.846288Z","TraceContext":"00-dd82d13ed26ec30b58a7827c44aa343a-30d6304cf886d221-01","ModuleId":"TransferModule","FuseId":54,"OldState":"Unknown","NewState":"FuseOk"}[EOL]
[2026-09-22T08:31:01.846349Z][TM_TransferModule.newgen-infrastructure][I][844444436][132]UnitCommunicator.cpp:SendEvent():424|Publishing event: type=Roche.c68_8800.Infrastructure.TransferModule.InfrastructureFuseStateChanged correlation_id=(n/a)[EOL]
[2026-09-22T08:31:01.846391Z][TM_TransferModule.newgen-infrastructure][I][2560017][132]MessageSender.h:SendEvent():105|Sent RabbitMqEvent Roche.c68_8800.Infrastructure.TransferModule.InfrastructureFuseStateChanged. Content: {"Timestamp":"2026-09-22T08:31:01.846343Z","TraceContext":"00-dd82d13ed26ec30b58a7827c44aa343a-30d6304cf886d221-01","ModuleId":"TransferModule","FuseId":55,"OldState":"Unknown","NewState":"FuseOk"}[EOL]
[2026-09-22T08:31:01.846749Z][TM_TransferModule.newgen-infrastructure][I][844444436][132]UnitCommunicator.cpp:SendEvent():424|Publishing event: type=Roche.c68_8800.Infrastructure.TransferModule.InfrastructureFuseStateChanged correlation_id=(n/a)[EOL]
[2026-09-22T08:31:01.847585Z][TM_TransferModule.newgen-infrastructure][I][2560017][132]MessageSender.h:SendEvent():105|Sent RabbitMqEvent Roche.c68_8800.Infrastructure.TransferModule.InfrastructureFuseStateChanged. Content: {"Timestamp":"2026-09-22T08:31:01.846684Z","TraceContext":"00-dd82d13ed26ec30b58a7827c44aa343a-30d6304cf886d221-01","ModuleId":"TransferModule","FuseId":56,"OldState":"Unknown","NewState":"FuseOk"}[EOL]
[2026-09-22T08:31:01.847660Z][TM_TransferModule.newgen-infrastructure][I][844444436][132]UnitCommunicator.cpp:SendEvent():424|Publishing event: type=Roche.c68_8800.Infrastructure.TransferModule.InfrastructureFuseStateChanged correlation_id=(n/a)[EOL]
[2026-09-22T08:31:01.848322Z][TM_TransferModule.newgen-infrastructure][I][2560017][132]MessageSender.h:SendEvent():105|Sent RabbitMqEvent Roche.c68_8800.Infrastructure.TransferModule.InfrastructureFuseStateChanged. Content: {"Timestamp":"2026-09-22T08:31:01.847650Z","TraceContext":"00-dd82d13ed26ec30b58a7827c44aa343a-30d6304cf886d221-01","ModuleId":"TransferModule","FuseId":57,"OldState":"Unknown","NewState":"FuseOk"}[EOL]
[2026-09-22T08:31:01.848387Z][TM_TransferModule.newgen-infrastructure][I][844444436][132]UnitCommunicator.cpp:SendEvent():424|Publishing event: type=Roche.c68_8800.Infrastructure.TransferModule.InfrastructureFuseStateChanged correlation_id=(n/a)[EOL]
[2026-09-22T08:31:01.848758Z][TM_TransferModule.newgen-infrastructure][I][2560017][132]MessageSender.h:SendEvent():105|Sent RabbitMqEvent Roche.c68_8800.Infrastructure.TransferModule.InfrastructureFuseStateChanged. Content: {"Timestamp":"2026-09-22T08:31:01.848379Z","TraceContext":"00-dd82d13ed26ec30b58a7827c44aa343a-30d6304cf886d221-01","ModuleId":"TransferModule","FuseId":58,"OldState":"Unknown","NewState":"FuseOk"}[EOL]
[2026-09-22T08:31:01.848846Z][TM_TransferModule.newgen-infrastructure][I][844444436][132]UnitCommunicator.cpp:SendEvent():424|Publishing event: type=Roche.c68_8800.Infrastructure.TransferModule.InfrastructureFuseStateChanged correlation_id=(n/a)[EOL]
[2026-09-22T08:31:01.848876Z][TM_TransferModule.newgen-infrastructure][I][2560017][132]MessageSender.h:SendEvent():105|Sent RabbitMqEvent Roche.c68_8800.Infrastructure.TransferModule.InfrastructureFuseStateChanged. Content: {"Timestamp":"2026-09-22T08:31:01.848840Z","TraceContext":"00-dd82d13ed26ec30b58a7827c44aa343a-30d6304cf886d221-01","ModuleId":"TransferModule","FuseId":59,"OldState":"Unknown","NewState":"FuseOk"}[EOL]
[2026-09-22T08:31:01.848886Z][TM_TransferModule.newgen-infrastructure][I][844444436][132]UnitCommunicator.cpp:SendEvent():424|Publishing event: type=Roche.c68_8800.Infrastructure.TransferModule.InfrastructureFuseStateChanged correlation_id=(n/a)[EOL]
[2026-09-22T08:31:01.848906Z][TM_TransferModule.newgen-infrastructure][I][2560017][132]MessageSender.h:SendEvent():105|Sent RabbitMqEvent Roche.c68_8800.Infrastructure.TransferModule.InfrastructureFuseStateChanged. Content: {"Timestamp":"2026-09-22T08:31:01.848882Z","TraceContext":"00-dd82d13ed26ec30b58a7827c44aa343a-30d6304cf886d221-01","ModuleId":"TransferModule","FuseId":60,"OldState":"Unknown","NewState":"FuseOk"}[EOL]
[2026-09-22T08:31:01.848920Z][TM_TransferModule.newgen-infrastructure][I][844444436][132]UnitCommunicator.cpp:SendEvent():424|Publishing event: type=Roche.c68_8800.Infrastructure.TransferModule.InfrastructureFuseStateChanged correlation_id=(n/a)[EOL]
[2026-09-22T08:31:01.849058Z][TM_TransferModule.newgen-infrastructure][I][2560017][132]MessageSender.h:SendEvent():105|Sent RabbitMqEvent Roche.c68_8800.Infrastructure.TransferModule.InfrastructureFuseStateChanged. Content: {"Timestamp":"2026-09-22T08:31:01.848916Z","TraceContext":"00-dd82d13ed26ec30b58a7827c44aa343a-30d6304cf886d221-01","ModuleId":"TransferModule","FuseId":61,"OldState":"Unknown","NewState":"FuseOk"}[EOL]
[2026-09-22T08:31:01.849105Z][TM_TransferModule.newgen-infrastructure][I][844444436][132]UnitCommunicator.cpp:SendEvent():424|Publishing event: type=Roche.c68_8800.Infrastructure.TransferModule.InfrastructureFuseStateChanged correlation_id=(n/a)[EOL]
[2026-09-22T08:31:01.849181Z][TM_TransferModule.newgen-infrastructure][I][2560017][132]MessageSender.h:SendEvent():105|Sent RabbitMqEvent Roche.c68_8800.Infrastructure.TransferModule.InfrastructureFuseStateChanged. Content: {"Timestamp":"2026-09-22T08:31:01.849094Z","TraceContext":"00-dd82d13ed26ec30b58a7827c44aa343a-30d6304cf886d221-01","ModuleId":"TransferModule","FuseId":62,"OldState":"Unknown","NewState":"FuseOk"}[EOL]
[2026-09-22T08:31:01.849196Z][TM_TransferModule.newgen-infrastructure][I][844444436][132]UnitCommunicator.cpp:SendEvent():424|Publishing event: type=Roche.c68_8800.Infrastructure.TransferModule.InfrastructureFuseStateChanged correlation_id=(n/a)[EOL]
[2026-09-22T08:31:01.849297Z][TM_TransferModule.newgen-infrastructure][I][2560017][132]MessageSender.h:SendEvent():105|Sent RabbitMqEvent Roche.c68_8800.Infrastructure.TransferModule.InfrastructureFuseStateChanged. Content: {"Timestamp":"2026-09-22T08:31:01.849192Z","TraceContext":"00-dd82d13ed26ec30b58a7827c44aa343a-30d6304cf886d221-01","ModuleId":"TransferModule","FuseId":63,"OldState":"Unknown","NewState":"FuseOk"}[EOL]
[2026-09-22T08:31:01.849363Z][TM_TransferModule.newgen-infrastructure][I][844444436][132]UnitCommunicator.cpp:SendEvent():424|Publishing event: type=Roche.c68_8800.Infrastructure.TransferModule.InfrastructureFuseStateChanged correlation_id=(n/a)[EOL]
[2026-09-22T08:31:01.849409Z][TM_TransferModule.newgen-infrastructure][I][2560017][132]MessageSender.h:SendEvent():105|Sent RabbitMqEvent Roche.c68_8800.Infrastructure.TransferModule.InfrastructureFuseStateChanged. Content: {"Timestamp":"2026-09-22T08:31:01.849311Z","TraceContext":"00-dd82d13ed26ec30b58a7827c44aa343a-30d6304cf886d221-01","ModuleId":"TransferModule","FuseId":64,"OldState":"Unknown","NewState":"FuseOk"}[EOL]
[2026-09-22T08:31:01.849431Z][TM_TransferModule.newgen-infrastructure][I][844444436][132]UnitCommunicator.cpp:SendEvent():424|Publishing event: type=Roche.c68_8800.Infrastructure.TransferModule.InfrastructureFuseStateChanged correlation_id=(n/a)[EOL]
[2026-09-22T08:31:01.849504Z][TM_TransferModule.newgen-infrastructure][I][2560017][132]MessageSender.h:SendEvent():105|Sent RabbitMqEvent Roche.c68_8800.Infrastructure.TransferModule.InfrastructureFuseStateChanged. Content: {"Timestamp":"2026-09-22T08:31:01.849427Z","TraceContext":"00-dd82d13ed26ec30b58a7827c44aa343a-30d6304cf886d221-01","ModuleId":"TransferModule","FuseId":65,"OldState":"Unknown","NewState":"FuseOk"}[EOL]
[2026-09-22T08:31:01.849563Z][TM_TransferModule.newgen-infrastructure][I][844444436][132]UnitCommunicator.cpp:SendEvent():424|Publishing event: type=Roche.c68_8800.Infrastructure.TransferModule.InfrastructureFuseStateChanged correlation_id=(n/a)[EOL]
[2026-09-22T08:31:01.849597Z][TM_TransferModule.newgen-infrastructure][I][2560017][132]MessageSender.h:SendEvent():105|Sent RabbitMqEvent Roche.c68_8800.Infrastructure.TransferModule.InfrastructureFuseStateChanged. Content: {"Timestamp":"2026-09-22T08:31:01.849550Z","TraceContext":"00-dd82d13ed26ec30b58a7827c44aa343a-30d6304cf886d221-01","ModuleId":"TransferModule","FuseId":66,"OldState":"Unknown","NewState":"FuseOk"}[EOL]
[2026-09-22T08:31:01.849612Z][TM_TransferModule.newgen-infrastructure][I][844444436][132]UnitCommunicator.cpp:SendEvent():424|Publishing event: type=Roche.c68_8800.Infrastructure.TransferModule.InfrastructureFuseStateChanged correlation_id=(n/a)[EOL]
[2026-09-22T08:31:01.849648Z][TM_TransferModule.newgen-infrastructure][I][2560017][132]MessageSender.h:SendEvent():105|Sent RabbitMqEvent Roche.c68_8800.Infrastructure.TransferModule.InfrastructureFuseStateChanged. Content: {"Timestamp":"2026-09-22T08:31:01.849608Z","TraceContext":"00-dd82d13ed26ec30b58a7827c44aa343a-30d6304cf886d221-01","ModuleId":"TransferModule","FuseId":67,"OldState":"Unknown","NewState":"FuseOk"}[EOL]
[2026-09-22T08:31:01.849713Z][TM_TransferModule.newgen-infrastructure][I][844444436][132]UnitCommunicator.cpp:SendEvent():424|Publishing event: type=Roche.c68_8800.Infrastructure.TransferModule.InfrastructureFuseStateChanged correlation_id=(n/a)[EOL]
[2026-09-22T08:31:01.849739Z][TM_TransferModule.newgen-infrastructure][I][2560017][132]MessageSender.h:SendEvent():105|Sent RabbitMqEvent Roche.c68_8800.Infrastructure.TransferModule.InfrastructureFuseStateChanged. Content: {"Timestamp":"2026-09-22T08:31:01.849707Z","TraceContext":"00-dd82d13ed26ec30b58a7827c44aa343a-30d6304cf886d221-01","ModuleId":"TransferModule","FuseId":68,"OldState":"Unknown","NewState":"FuseOk"}[EOL]
[2026-09-22T08:31:01.854391Z][TM_TransferModule.newgen-infrastructure][I][2210107][132]CSetCellLightingProcedure.cpp:SetParameter():46|Set cell lighting to 2 is called[EOL]
[2026-09-22T08:31:01.866419Z][TM_TransferModule.newgen-infrastructure][I][844444436][132]UnitCommunicator.cpp:SendEvent():424|Publishing event: type=Roche.c68_8800.Infrastructure.TransferModule.WorkAreaLampStateChanged correlation_id=(n/a)[EOL]
[2026-09-22T08:31:01.866459Z][TM_TransferModule.newgen-infrastructure][I][2560017][132]MessageSender.h:SendEvent():105|Sent RabbitMqEvent Roche.c68_8800.Infrastructure.TransferModule.WorkAreaLampStateChanged. Content: {"Timestamp":"2026-09-22T08:31:01.866398Z","ModuleId":"TransferModule","OldModuleLightState":"Off","NewModuleLightState":"Blue"}[EOL]
[2026-09-22T08:31:01.866832Z][TM_TransferModule.newgen-infrastructure][I][844444436][132]UnitCommunicator.cpp:SendEvent():424|Publishing event: type=Roche.c68_8800.Infrastructure.TransferModule.InfrastructureFanStateChanged correlation_id=(n/a)[EOL]
[2026-09-22T08:31:01.867038Z][TM_TransferModule.newgen-infrastructure][I][2560017][132]MessageSender.h:SendEvent():105|Sent RabbitMqEvent Roche.c68_8800.Infrastructure.TransferModule.InfrastructureFanStateChanged. Content: {"Timestamp":"2026-09-22T08:31:01.866815Z","TraceContext":"00-aa10785da79195879a8d32c9aaa5b8b1-19376901a31d5def-01","ModuleId":"TransferModule","FanId":"Hepa1","OldState":"Unknown","NewState":"FanOn"}[EOL]
[2026-09-22T08:31:01.867308Z][TM_TransferModule.newgen-infrastructure][I][844444436][132]UnitCommunicator.cpp:SendEvent():424|Publishing event: type=Roche.c68_8800.Infrastructure.TransferModule.FanSpeedStateChanged correlation_id=(n/a)[EOL]
[2026-09-22T08:31:01.867347Z][TM_TransferModule.newgen-infrastructure][I][2560017][132]MessageSender.h:SendEvent():105|Sent RabbitMqEvent Roche.c68_8800.Infrastructure.TransferModule.FanSpeedStateChanged. Content: {"Timestamp":"2026-09-22T08:31:01.867259Z","TraceContext":"00-95c918e07d2edb8950596b62551920bc-646ad59375a9f00e-01","ModuleId":"TransferModule","OldState":"Unknown","NewState":"Normal"}[EOL]
[2026-09-22T08:31:01.871509Z][TM_TransferModule.newgen-infrastructure][I][2210104][132]CMoveBlindProcedure.cpp:SetParameter():86|Move Blind up is called[EOL]
[2026-09-22T08:31:01.871699Z][TM_TransferModule.newgen-infrastructure][I][844444436][132]UnitCommunicator.cpp:SendEvent():424|Publishing event: type=Roche.c68_8800.Infrastructure.TransferModule.AirflowScreenStateChanged correlation_id=(n/a)[EOL]
[2026-09-22T08:31:01.871898Z][TM_TransferModule.newgen-infrastructure][I][2560017][132]MessageSender.h:SendEvent():105|Sent RabbitMqEvent Roche.c68_8800.Infrastructure.TransferModule.AirflowScreenStateChanged. Content: {"Timestamp":"2026-09-22T08:31:01.871684Z","ModuleId":"TransferModule","OldAirflowState":"Unknown","NewAirflowState":"Opening"}[EOL]
[2026-09-22T08:31:01.879165Z][TM_TransferModule.newgen-infrastructure][I][2210053][132]CReadMultipleAnalogTempSensorStep.cpp:StoreReportDataInternal():50|Analog temperature sensor 6: 20.000000 °C[EOL]
[2026-09-22T08:31:01.879458Z][TM_TransferModule.newgen-infrastructure][I][844444436][132]UnitCommunicator.cpp:SendEvent():424|Publishing event: type=Roche.c68_8800.Infrastructure.TransferModule.TemperatureMeasured correlation_id=(n/a)[EOL]
[2026-09-22T08:31:01.879563Z][TM_TransferModule.newgen-infrastructure][I][2560017][132]MessageSender.h:SendEvent():105|Sent RabbitMqEvent Roche.c68_8800.Infrastructure.TransferModule.TemperatureMeasured. Content: {"Timestamp":"2026-09-22T08:31:01.879446Z","TraceContext":"00-1142add2caefe5f177f60a75c67a1a78-d9cb73fbd0f95471-01","ModuleId":"TransferModule","SensorId":"ProcessingAreaSensor","MeasuredTemperature":{"Unit":"C","Amount":20.0},"TemperatureState":"InRange"}[EOL]
[2026-09-22T08:31:01.879610Z][TM_TransferModule.newgen-infrastructure][I][2210086][132]CSensorObserver.cpp:NewTemperatureValueBySensor():208|Single Temperature out of Range detected.[EOL]
[2026-09-22T08:31:01.879619Z][TM_TransferModule.newgen-infrastructure][I][2210053][132]CReadMultipleAnalogTempSensorStep.cpp:StoreReportDataInternal():50|Analog temperature sensor 7: 20.000000 °C[EOL]
[2026-09-22T08:31:01.879641Z][TM_TransferModule.newgen-infrastructure][I][844444436][132]UnitCommunicator.cpp:SendEvent():424|Publishing event: type=Roche.c68_8800.Infrastructure.TransferModule.TemperatureMeasured correlation_id=(n/a)[EOL]
[2026-09-22T08:31:01.879767Z][TM_TransferModule.newgen-infrastructure][I][2560017][132]MessageSender.h:SendEvent():105|Sent RabbitMqEvent Roche.c68_8800.Infrastructure.TransferModule.TemperatureMeasured. Content: {"Timestamp":"2026-09-22T08:31:01.879638Z","TraceContext":"00-99db36552f430c746725d8f4245fced5-daacaece0a381f71-01","ModuleId":"TransferModule","SensorId":"ModuleCeilingSensor","MeasuredTemperature":{"Unit":"C","Amount":20.0},"TemperatureState":"InRange"}[EOL]
[2026-09-22T08:31:01.881431Z][TM_TransferModule.newgen-infrastructure][N][2930023][132]CSMCMoveInterruptedStep.cpp:PrintReceivedParameters():98|m_InterruptPosition: 0, m_InterruptEvent: 255[EOL]
[2026-09-22T08:31:01.881576Z][TM_TransferModule.newgen-infrastructure][I][844444436][132]UnitCommunicator.cpp:SendEvent():424|Publishing event: type=Roche.c68_8800.Infrastructure.TransferModule.AirflowScreenStateChanged correlation_id=(n/a)[EOL]
[2026-09-22T08:31:01.881607Z][TM_TransferModule.newgen-infrastructure][I][2560017][132]MessageSender.h:SendEvent():105|Sent RabbitMqEvent Roche.c68_8800.Infrastructure.TransferModule.AirflowScreenStateChanged. Content: {"Timestamp":"2026-09-22T08:31:01.881565Z","ModuleId":"TransferModule","OldAirflowState":"Opening","NewAirflowState":"Opened"}[EOL]
[2026-09-22T08:31:01.882333Z][TM_TransferModule.newgen-infrastructure][I][4560002][132]CClimateSensorInitProcedure.cpp:SetParameter():78|ClimateSensorInit Procedure called. Parameters: TemperatureDeviation: 0, HumidityDeviation: 0, SamplingTime: 0, Oversampling: 5, DewPointOffset: 0, DewPointLimit: 0[EOL]
[2026-09-22T08:31:01.890573Z][TM_TransferModule.newgen-infrastructure][I][2660020][132]CGetMultipleFanStateStep.cpp:PrintReceivedParameters():105|Received FW parameters: Number of fan: 1: RepFanID: 0, RepFanPWM: 50, RepFanSpeed: 1000; [EOL]
[2026-09-22T08:31:01.896190Z][TM_TransferModule.newgen-infrastructure][I][4560021][132]CSerialPortListener.cpp:VerifyAndParseReport():134|Climate sensor serial port report received: Command Id: 5048[EOL]
[2026-09-22T08:31:01.896439Z][TM_TransferModule.newgen-infrastructure][I][4560002][132]CStopClimateSensorDewPointContinuousProcedure.cpp:SetParameter():61|StopClimateSensorDewPointContinuous Procedure called. Parameters: No parameters[EOL]
[2026-09-22T08:31:01.909484Z][TM_TransferModule.newgen-infrastructure][I][4560021][132]CSerialPortListener.cpp:VerifyAndParseReport():134|Climate sensor serial port report received: Command Id: 5350[EOL]
[2026-09-22T08:31:01.910418Z][TM_TransferModule.newgen-infrastructure][I][4560002][132]CStopClimateSensorHumidityContinuousProcedure.cpp:SetParameter():61|StopClimateSensorHumidityContinuous Procedure called. Parameters: No parameters[EOL]
[2026-09-22T08:31:01.920185Z][TM_TransferModule.newgen-infrastructure][I][4560021][132]CSerialPortListener.cpp:VerifyAndParseReport():134|Climate sensor serial port report received: Command Id: 5250[EOL]
[2026-09-22T08:31:01.920713Z][TM_TransferModule.newgen-infrastructure][I][4560002][132]CStopClimateSensorTemperatureContinuousProcedure.cpp:SetParameter():61|StopClimateSensorTemperatureContinuous Procedure called. Parameters: No parameters[EOL]
[2026-09-22T08:31:01.929237Z][TM_TransferModule.newgen-infrastructure][I][4560021][132]CSerialPortListener.cpp:VerifyAndParseReport():134|Climate sensor serial port report received: Command Id: 5150[EOL]
[2026-09-22T08:31:01.936152Z][TM_TransferModule.newgen-infrastructure][I][4560021][132]CSerialPortListener.cpp:VerifyAndParseReport():134|Climate sensor serial port report received: Command Id: 5248[EOL]
[2026-09-22T08:31:01.936532Z][TM_TransferModule.newgen-infrastructure][I][4560018][132]CGetHumidityCommandReport.cpp:ParseReport():44|ClimateSensor library: Humidity received from hardware: 6000[EOL]
[2026-09-22T08:31:01.942211Z][TM_TransferModule.newgen-infrastructure][I][4560021][132]CSerialPortListener.cpp:VerifyAndParseReport():134|Climate sensor serial port report received: Command Id: 5248[EOL]
[2026-09-22T08:31:01.942297Z][TM_TransferModule.newgen-infrastructure][I][4560018][132]CGetHumidityCommandReport.cpp:ParseReport():44|ClimateSensor library: Humidity received from hardware: 6000[EOL]
[2026-09-22T08:31:01.942459Z][TM_TransferModule.newgen-infrastructure][I][0][132]CGetHumidityProcedure.cpp:CallbackSendHumidityMeasuredEvent():103|Measured average humidity 60.000000[EOL]
[2026-09-22T08:31:01.942884Z][TM_TransferModule.newgen-infrastructure][I][844444436][132]UnitCommunicator.cpp:SendEvent():424|Publishing event: type=Roche.c68_8800.Infrastructure.TransferModule.HumidityMeasured correlation_id=(n/a)[EOL]
[2026-09-22T08:31:01.942962Z][TM_TransferModule.newgen-infrastructure][I][2560017][132]MessageSender.h:SendEvent():105|Sent RabbitMqEvent Roche.c68_8800.Infrastructure.TransferModule.HumidityMeasured. Content: {"Timestamp":"2026-09-22T08:31:01.942785Z","MeasuredHumidityAverage":60.0,"MeasuredHumidities":[60.0,60.0],"HumidityState":"InRange"}[EOL]
[2026-09-22T08:31:01.943293Z][TM_TransferModule.newgen-infrastructure][I][844444436][132]UnitCommunicator.cpp:SendEvent():424|Publishing event: type=Roche.c68_8800.Infrastructure.TransferModule.InfrastructureStateChanged correlation_id=(n/a)[EOL]
[2026-09-22T08:31:01.943401Z][TM_TransferModule.newgen-infrastructure][I][2560017][132]MessageSender.h:SendEvent():105|Sent RabbitMqEvent Roche.c68_8800.Infrastructure.TransferModule.InfrastructureStateChanged. Content: {"Timestamp":"2026-09-22T08:31:01.943275Z","TraceContext":"00-8cd6894ce6552498b15c5d50af5e25cd-fa7f2e079d747cf9-01","ModuleId":"TransferModule","OldState":"Initializing","NewState":"Ready"}[EOL]
[2026-09-22T08:31:01.943476Z][TM_TransferModule.newgen-infrastructure][I][844444436][132]UnitCommunicator.cpp:SendEvent():424|Publishing event: type=Roche.c68_8800.Infrastructure.TransferModule.UnitStateChanged correlation_id=(n/a)[EOL]
[2026-09-22T08:31:01.943512Z][TM_TransferModule.newgen-infrastructure][I][2560017][132]MessageSender.h:SendEvent():105|Sent RabbitMqEvent Roche.c68_8800.Infrastructure.TransferModule.UnitStateChanged. Content: {"Timestamp":"2026-09-22T08:31:01.943469Z","TraceContext":"00-ba9da500ff53a17226efde9874b9b341-1ec31576f0b72e28-01","ModuleId":"TransferModule","OldState":"Initializing","NewState":"Operational"}[EOL]
[2026-09-22T08:31:06.828115Z][TM_TransferModule.newgen-infrastructure][I][2560016][132]IMessageHandler.h:operator()():40|Received RabbitMqMessage Roche.c68_8800.Infrastructure.TransferModule.SetInstrumentStateIndicator. Content: {"Timestamp":"2026-09-22T08:31:06.7279167Z","TraceContext":"00-04acc4c7b5f6193205a565eec6a89f29-4406099d0e75d056-01","IndicatorState":"Orange"}[EOL]
[2026-09-22T08:31:06.829043Z][TM_TransferModule.newgen-infrastructure][I][2560018][132]MessageSender.h:SendResponse():32|Sent RabbitMqResponse Roche.c68_8800.Infrastructure.SetInstrumentStateIndicatorAcknowledge. Content: {"Timestamp":"2026-09-22T08:31:06.828912Z","Outcome":"Success"}[EOL]
[2026-09-22T08:31:06.829444Z][TM_TransferModule.newgen-infrastructure][I][2210109][132]CSetInstrumentStateIndicatorProcedure.cpp:SetParameter():42|Set instrument state indicator is called with 4[EOL]
[2026-09-22T08:31:06.829504Z][TM_TransferModule.newgen-infrastructure][I][844444436][132]UnitCommunicator.cpp:SendEvent():424|Publishing event: type=Roche.c68_8800.Infrastructure.TransferModule.InfrastructureStateChanged correlation_id=(n/a)[EOL]
[2026-09-22T08:31:06.829535Z][TM_TransferModule.newgen-infrastructure][I][2560017][132]MessageSender.h:SendEvent():105|Sent RabbitMqEvent Roche.c68_8800.Infrastructure.TransferModule.InfrastructureStateChanged. Content: {"Timestamp":"2026-09-22T08:31:06.829499Z","TraceContext":"00-21c211e9d2916afbe8e3d59ee478661e-3c6523abe8b789ef-01","ModuleId":"TransferModule","OldState":"Ready","NewState":"Busy"}[EOL]
[2026-09-22T08:31:06.831915Z][TM_TransferModule.newgen-infrastructure][I][844444436][132]UnitCommunicator.cpp:SendEvent():424|Publishing event: type=Roche.c68_8800.Infrastructure.TransferModule.InstrumentStateIndicatorChanged correlation_id=(n/a)[EOL]
[2026-09-22T08:31:06.832241Z][TM_TransferModule.newgen-infrastructure][I][2560017][132]MessageSender.h:SendEvent():105|Sent RabbitMqEvent Roche.c68_8800.Infrastructure.TransferModule.InstrumentStateIndicatorChanged. Content: {"Timestamp":"2026-09-22T08:31:06.831887Z","TraceContext":"00-04acc4c7b5f6193205a565eec6a89f29-ec278903cff490cb-01","OldIndicatorState":"Off","NewIndicatorState":"Orange"}[EOL]
[2026-09-22T08:31:06.832320Z][TM_TransferModule.newgen-infrastructure][I][844444436][132]UnitCommunicator.cpp:SendEvent():424|Publishing event: type=Roche.c68_8800.Infrastructure.TransferModule.InfrastructureStateChanged correlation_id=(n/a)[EOL]
[2026-09-22T08:31:06.832381Z][TM_TransferModule.newgen-infrastructure][I][2560017][132]MessageSender.h:SendEvent():105|Sent RabbitMqEvent Roche.c68_8800.Infrastructure.TransferModule.InfrastructureStateChanged. Content: {"Timestamp":"2026-09-22T08:31:06.832313Z","TraceContext":"00-edb1b6d118e5916c58ae41e35fd6c51f-28615c44e78c68f8-01","ModuleId":"TransferModule","OldState":"Busy","NewState":"Ready"}[EOL]
[2026-09-22T08:31:07.079962Z][TM_TransferModule.newgen-infrastructure][W][2330306][132]CRTCyclicEvent.cpp:TimeMissed():101|Cycle miss in event CCSICombinedCmdManager Cyclic Event. Time Overrun is 572 us[EOL]
[2026-09-22T08:31:07.079992Z][TM_TransferModule.newgen-infrastructure][W][2330306][132]CRTCyclicEvent.cpp:TimeMissed():101|Cycle miss in event CCSICombinedRepManager. Time Overrun is 572 us[EOL]
[2026-09-22T08:31:07.832488Z][TM_TransferModule.newgen-infrastructure][I][2560016][132]IMessageHandler.h:operator()():40|Received RabbitMqMessage Roche.c68_8800.Infrastructure.TransferModule.SetInstrumentStateIndicator. Content: {"Timestamp":"2026-09-22T08:31:07.8299521Z","TraceContext":"00-b1d3fdaa862da1d40bc1d25905a6e36c-4a7ffb281a2dba18-01","IndicatorState":"GreenOrangeRedAlternating"}[EOL]
[2026-09-22T08:31:07.833016Z][TM_TransferModule.newgen-infrastructure][I][2560018][132]MessageSender.h:SendResponse():32|Sent RabbitMqResponse Roche.c68_8800.Infrastructure.SetInstrumentStateIndicatorAcknowledge. Content: {"Timestamp":"2026-09-22T08:31:07.832581Z","Outcome":"Success"}[EOL]
[2026-09-22T08:31:07.833141Z][TM_TransferModule.newgen-infrastructure][I][2210109][132]CSetInstrumentStateIndicatorProcedure.cpp:SetParameter():42|Set instrument state indicator is called with 9[EOL]
[2026-09-22T08:31:07.833205Z][TM_TransferModule.newgen-infrastructure][I][844444436][132]UnitCommunicator.cpp:SendEvent():424|Publishing event: type=Roche.c68_8800.Infrastructure.TransferModule.InfrastructureStateChanged correlation_id=(n/a)[EOL]
[2026-09-22T08:31:07.833244Z][TM_TransferModule.newgen-infrastructure][I][2560017][132]MessageSender.h:SendEvent():105|Sent RabbitMqEvent Roche.c68_8800.Infrastructure.TransferModule.InfrastructureStateChanged. Content: {"Timestamp":"2026-09-22T08:31:07.833197Z","TraceContext":"00-7dfb552cfc578e9c2af3bf01ffeb906a-42e2a317e7507ab7-01","ModuleId":"TransferModule","OldState":"Ready","NewState":"Busy"}[EOL]
[2026-09-22T08:31:08.284277Z][TM_TransferModule.newgen-infrastructure][W][2330306][132]CRTCyclicEvent.cpp:TimeMissed():101|Cycle miss in event CCSICombinedCmdManager Cyclic Event. Time Overrun is 24865 us[EOL]
[2026-09-22T08:31:08.284321Z][TM_TransferModule.newgen-infrastructure][W][2330306][132]CRTCyclicEvent.cpp:TimeMissed():101|Cycle miss in event CCSICombinedRepManager. Time Overrun is 24865 us[EOL]
[2026-09-22T08:31:10.436331Z][TM_TransferModule.newgen-infrastructure][W][2330306][132]CRTCyclicEvent.cpp:TimeMissed():101|Cycle miss in event CCSICombinedCmdManager Cyclic Event. Time Overrun is 6934 us[EOL]
[2026-09-22T08:31:10.436381Z][TM_TransferModule.newgen-infrastructure][W][2330306][132]CRTCyclicEvent.cpp:TimeMissed():101|Cycle miss in event CCSICombinedRepManager. Time Overrun is 6934 us[EOL]
[2026-09-22T08:31:10.750742Z][TM_TransferModule.newgen-infrastructure][W][2330306][132]CRTCyclicEvent.cpp:TimeMissed():101|Cycle miss in event CCSICombinedCmdManager Cyclic Event. Time Overrun is 1354 us[EOL]
[2026-09-22T08:31:10.750779Z][TM_TransferModule.newgen-infrastructure][W][2330306][132]CRTCyclicEvent.cpp:TimeMissed():101|Cycle miss in event CCSICombinedRepManager. Time Overrun is 1354 us[EOL]
[2026-09-22T08:31:10.845707Z][TM_TransferModule.newgen-infrastructure][I][844444436][132]UnitCommunicator.cpp:SendEvent():424|Publishing event: type=Roche.c68_8800.Infrastructure.TransferModule.InstrumentStateIndicatorChanged correlation_id=(n/a)[EOL]
[2026-09-22T08:31:10.845775Z][TM_TransferModule.newgen-infrastructure][I][2560017][132]MessageSender.h:SendEvent():105|Sent RabbitMqEvent Roche.c68_8800.Infrastructure.TransferModule.InstrumentStateIndicatorChanged. Content: {"Timestamp":"2026-09-22T08:31:10.845676Z","TraceContext":"00-b1d3fdaa862da1d40bc1d25905a6e36c-b1f69442d74f4f27-01","OldIndicatorState":"Orange","NewIndicatorState":"GreenOrangeRedAlternating"}[EOL]
[2026-09-22T08:31:10.845857Z][TM_TransferModule.newgen-infrastructure][I][844444436][132]UnitCommunicator.cpp:SendEvent():424|Publishing event: type=Roche.c68_8800.Infrastructure.TransferModule.InfrastructureStateChanged correlation_id=(n/a)[EOL]
[2026-09-22T08:31:10.845887Z][TM_TransferModule.newgen-infrastructure][I][2560017][132]MessageSender.h:SendEvent():105|Sent RabbitMqEvent Roche.c68_8800.Infrastructure.TransferModule.InfrastructureStateChanged. Content: {"Timestamp":"2026-09-22T08:31:10.845849Z","TraceContext":"00-734cce34de2803620a5ff7e853349b69-ebfc71b6d0d90ccc-01","ModuleId":"TransferModule","OldState":"Busy","NewState":"Ready"}[EOL]
[2026-09-22T08:31:12.141114Z][TM_TransferModule.newgen-infrastructure][I][2560016][132]IMessageHandler.h:operator()():53|Received RabbitMqMessage Roche.c68_8800.InstrumentState.InstrumentStateChanged. Content: {"Timestamp":"2026-09-22T08:31:12.1379686Z","TraceContext":"00-096a14d08ddfa8652d114d8f390ec520-0d37330fa2f71cf3-01","OldState":"Initializing","NewState":"Standby"}[EOL]
[2026-09-22T08:31:12.141163Z][TM_TransferModule.newgen-infrastructure][I][2560016][132]IMessageHandler.h:operator()():40|Received RabbitMqMessage Roche.c68_8800.InstrumentState.InstrumentStateChanged. Content: {"Timestamp":"2026-09-22T08:31:12.1379686Z","TraceContext":"00-096a14d08ddfa8652d114d8f390ec520-0d37330fa2f71cf3-01","OldState":"Initializing","NewState":"Standby"}[EOL]
[2026-09-22T08:31:12.266736Z][TM_TransferModule.newgen-infrastructure][I][2560016][132]IMessageHandler.h:operator()():40|Received RabbitMqMessage Roche.c68_8800.Infrastructure.TransferModule.SetInstrumentStateIndicator. Content: {"Timestamp":"2026-09-22T08:31:12.2631841Z","TraceContext":"00-4ddfe0cb60c4cc3be2a7c91e38966b1b-bb353c4841154e5a-01","IndicatorState":"Orange"}[EOL]
[2026-09-22T08:31:12.266879Z][TM_TransferModule.newgen-infrastructure][I][2560018][132]MessageSender.h:SendResponse():32|Sent RabbitMqResponse Roche.c68_8800.Infrastructure.SetInstrumentStateIndicatorAcknowledge. Content: {"Timestamp":"2026-09-22T08:31:12.266820Z","Outcome":"Success"}[EOL]
[2026-09-22T08:31:12.267008Z][TM_TransferModule.newgen-infrastructure][I][2210109][132]CSetInstrumentStateIndicatorProcedure.cpp:SetParameter():42|Set instrument state indicator is called with 4[EOL]
[2026-09-22T08:31:12.267088Z][TM_TransferModule.newgen-infrastructure][I][844444436][132]UnitCommunicator.cpp:SendEvent():424|Publishing event: type=Roche.c68_8800.Infrastructure.TransferModule.InfrastructureStateChanged correlation_id=(n/a)[EOL]
[2026-09-22T08:31:12.267187Z][TM_TransferModule.newgen-infrastructure][I][2560017][132]MessageSender.h:SendEvent():105|Sent RabbitMqEvent Roche.c68_8800.Infrastructure.TransferModule.InfrastructureStateChanged. Content: {"Timestamp":"2026-09-22T08:31:12.267079Z","TraceContext":"00-64e11f4dea5727f90b9e30b98a6df483-7629ca22b703c597-01","ModuleId":"TransferModule","OldState":"Ready","NewState":"Busy"}[EOL]
[2026-09-22T08:31:12.269566Z][TM_TransferModule.newgen-infrastructure][I][844444436][132]UnitCommunicator.cpp:SendEvent():424|Publishing event: type=Roche.c68_8800.Infrastructure.TransferModule.InstrumentStateIndicatorChanged correlation_id=(n/a)[EOL]
[2026-09-22T08:31:12.269699Z][TM_TransferModule.newgen-infrastructure][I][2560017][132]MessageSender.h:SendEvent():105|Sent RabbitMqEvent Roche.c68_8800.Infrastructure.TransferModule.InstrumentStateIndicatorChanged. Content: {"Timestamp":"2026-09-22T08:31:12.269521Z","TraceContext":"00-4ddfe0cb60c4cc3be2a7c91e38966b1b-1a3d02a9317b73b7-01","OldIndicatorState":"GreenOrangeRedAlternating","NewIndicatorState":"Orange"}[EOL]
[2026-09-22T08:31:12.269807Z][TM_TransferModule.newgen-infrastructure][I][844444436][132]UnitCommunicator.cpp:SendEvent():424|Publishing event: type=Roche.c68_8800.Infrastructure.TransferModule.InfrastructureStateChanged correlation_id=(n/a)[EOL]
[2026-09-22T08:31:12.269845Z][TM_TransferModule.newgen-infrastructure][I][2560017][132]MessageSender.h:SendEvent():105|Sent RabbitMqEvent Roche.c68_8800.Infrastructure.TransferModule.InfrastructureStateChanged. Content: {"Timestamp":"2026-09-22T08:31:12.269798Z","TraceContext":"00-ec83bca6ad12d144506cf2612af287e6-506518015e7c668d-01","ModuleId":"TransferModule","OldState":"Busy","NewState":"Ready"}[EOL]
[2026-09-22T08:31:21.588309Z][TM_TransferModule.newgen-infrastructure][W][2330306][132]CRTCyclicEvent.cpp:TimeMissed():101|Cycle miss in event CCSICombinedCmdManager Cyclic Event. Time Overrun is 8921 us[EOL]
[2026-09-22T08:31:21.588377Z][TM_TransferModule.newgen-infrastructure][W][2330306][132]CRTCyclicEvent.cpp:TimeMissed():101|Cycle miss in event CCSICombinedRepManager. Time Overrun is 8921 us[EOL]
[2026-09-22T08:31:26.313558Z][TM_TransferModule.newgen-infrastructure][W][2330306][132]CRTCyclicEvent.cpp:TimeMissed():101|Cycle miss in event CCSICombinedCmdManager Cyclic Event. Time Overrun is 4172 us[EOL]
[2026-09-22T08:31:26.313648Z][TM_TransferModule.newgen-infrastructure][W][2330306][132]CRTCyclicEvent.cpp:TimeMissed():101|Cycle miss in event CCSICombinedRepManager. Time Overrun is 4172 us[EOL]
[2026-09-22T08:31:26.472675Z][TM_TransferModule.newgen-infrastructure][W][2330306][132]CRTCyclicEvent.cpp:TimeMissed():101|Cycle miss in event CCSICombinedCmdManager Cyclic Event. Time Overrun is 33290 us[EOL]
[2026-09-22T08:31:26.472696Z][TM_TransferModule.newgen-infrastructure][W][2330306][132]CRTCyclicEvent.cpp:TimeMissed():101|Cycle miss in event CCSICombinedRepManager. Time Overrun is 33290 us[EOL]
[2026-09-22T08:31:27.004034Z][TM_TransferModule.newgen-infrastructure][W][2330306][132]CRTCyclicEvent.cpp:TimeMissed():101|Cycle miss in event CCSICombinedCmdManager Cyclic Event. Time Overrun is 4594 us[EOL]
[2026-09-22T08:31:27.004057Z][TM_TransferModule.newgen-infrastructure][W][2330306][132]CRTCyclicEvent.cpp:TimeMissed():101|Cycle miss in event CCSICombinedRepManager. Time Overrun is 4594 us[EOL]
[2026-09-22T08:31:28.150123Z][TM_TransferModule.newgen-infrastructure][W][2330306][132]CRTCyclicEvent.cpp:TimeMissed():101|Cycle miss in event CCSICombinedCmdManager Cyclic Event. Time Overrun is 727 us[EOL]
[2026-09-22T08:31:28.150213Z][TM_TransferModule.newgen-infrastructure][W][2330306][132]CRTCyclicEvent.cpp:TimeMissed():101|Cycle miss in event CCSICombinedRepManager. Time Overrun is 727 us[EOL]
[2026-09-22T08:31:28.300323Z][TM_TransferModule.newgen-infrastructure][W][2330306][132]CRTCyclicEvent.cpp:TimeMissed():101|Cycle miss in event CCSICombinedCmdManager Cyclic Event. Time Overrun is 10921 us[EOL]
[2026-09-22T08:31:28.300363Z][TM_TransferModule.newgen-infrastructure][W][2330306][132]CRTCyclicEvent.cpp:TimeMissed():101|Cycle miss in event CCSICombinedRepManager. Time Overrun is 10921 us[EOL]
[2026-09-22T08:31:28.715454Z][TM_TransferModule.newgen-infrastructure][W][2330306][132]CRTCyclicEvent.cpp:TimeMissed():101|Cycle miss in event CCSICombinedCmdManager Cyclic Event. Time Overrun is 6067 us[EOL]
[2026-09-22T08:31:28.715498Z][TM_TransferModule.newgen-infrastructure][W][2330306][132]CRTCyclicEvent.cpp:TimeMissed():101|Cycle miss in event CCSICombinedRepManager. Time Overrun is 6067 us[EOL]
[2026-09-22T08:31:28.718429Z][TM_TransferModule.newgen-infrastructure][I][2560016][132]IMessageHandler.h:operator()():40|Received RabbitMqMessage Roche.MolLab.InstrumentState.Ping. Content: {"Timestamp":"2026-09-22T08:31:28.6741468Z","PingId":"IS3"}[EOL]
[2026-09-22T08:31:28.718464Z][TM_TransferModule.newgen-infrastructure][I][844444436][132]UnitCommunicator.cpp:SendEvent():424|Publishing event: type=Roche.c68_8800.Infrastructure.TransferModule.Echo correlation_id=(n/a)[EOL]
[2026-09-22T08:31:28.718487Z][TM_TransferModule.newgen-infrastructure][I][2560017][132]MessageSender.h:SendEvent():105|Sent RabbitMqEvent Roche.c68_8800.Infrastructure.TransferModule.Echo. Content: {"Timestamp":"2026-09-22T08:31:28.718457Z","ModuleId":"TransferModule","PingId":"IS3"}[EOL]
[2026-09-22T08:31:28.853287Z][TM_TransferModule.newgen-infrastructure][W][2330306][132]CRTCyclicEvent.cpp:TimeMissed():101|Cycle miss in event CCSICombinedCmdManager Cyclic Event. Time Overrun is 3896 us[EOL]
[2026-09-22T08:31:28.853323Z][TM_TransferModule.newgen-infrastructure][W][2330306][132]CRTCyclicEvent.cpp:TimeMissed():101|Cycle miss in event CCSICombinedRepManager. Time Overrun is 3896 us[EOL]
[2026-09-22T08:31:29.586751Z][TM_TransferModule.newgen-infrastructure][W][2330306][132]CRTCyclicEvent.cpp:TimeMissed():101|Cycle miss in event CCSICombinedCmdManager Cyclic Event. Time Overrun is 17361 us[EOL]
[2026-09-22T08:31:29.586788Z][TM_TransferModule.newgen-infrastructure][W][2330306][132]CRTCyclicEvent.cpp:TimeMissed():101|Cycle miss in event CCSICombinedRepManager. Time Overrun is 17361 us[EOL]
[2026-09-22T08:31:29.739451Z][TM_TransferModule.newgen-infrastructure][W][2330306][132]CRTCyclicEvent.cpp:TimeMissed():101|Cycle miss in event CCSICombinedCmdManager Cyclic Event. Time Overrun is 40058 us[EOL]
[2026-09-22T08:31:29.739503Z][TM_TransferModule.newgen-infrastructure][W][2330306][132]CRTCyclicEvent.cpp:TimeMissed():101|Cycle miss in event CCSICombinedRepManager. Time Overrun is 40058 us[EOL]
[2026-09-22T08:31:35.861269Z][TM_TransferModule.newgen-infrastructure][W][2330306][132]CRTCyclicEvent.cpp:TimeMissed():101|Cycle miss in event CCSICombinedCmdManager Cyclic Event. Time Overrun is 1880 us[EOL]
[2026-09-22T08:31:35.861307Z][TM_TransferModule.newgen-infrastructure][W][2330306][132]CRTCyclicEvent.cpp:TimeMissed():101|Cycle miss in event CCSICombinedRepManager. Time Overrun is 1880 us[EOL]
[2026-09-22T08:31:36.315198Z][TM_TransferModule.newgen-infrastructure][W][2330306][132]CRTCyclicEvent.cpp:TimeMissed():101|Cycle miss in event CCSICombinedCmdManager Cyclic Event. Time Overrun is 35810 us[EOL]
[2026-09-22T08:31:36.315340Z][TM_TransferModule.newgen-infrastructure][W][2330306][132]CRTCyclicEvent.cpp:TimeMissed():101|Cycle miss in event CCSICombinedRepManager. Time Overrun is 35810 us[EOL]
[2026-09-22T08:31:36.992415Z][TM_TransferModule.newgen-infrastructure][W][2330306][132]CRTCyclicEvent.cpp:TimeMissed():101|Cycle miss in event CCSICombinedCmdManager Cyclic Event. Time Overrun is 13027 us[EOL]
[2026-09-22T08:31:36.992443Z][TM_TransferModule.newgen-infrastructure][W][2330306][132]CRTCyclicEvent.cpp:TimeMissed():101|Cycle miss in event CCSICombinedRepManager. Time Overrun is 13027 us[EOL]
[2026-09-22T08:31:37.190928Z][TM_TransferModule.newgen-infrastructure][W][2330306][132]CRTCyclicEvent.cpp:TimeMissed():101|Cycle miss in event CCSICombinedCmdManager Cyclic Event. Time Overrun is 61538 us[EOL]
[2026-09-22T08:31:37.190972Z][TM_TransferModule.newgen-infrastructure][W][2330306][132]CRTCyclicEvent.cpp:TimeMissed():101|Cycle miss in event CCSICombinedRepManager. Time Overrun is 61538 us[EOL]
[2026-09-22T08:31:37.715321Z][TM_TransferModule.newgen-infrastructure][W][2330306][132]CRTCyclicEvent.cpp:TimeMissed():101|Cycle miss in event CCSICombinedCmdManager Cyclic Event. Time Overrun is 25934 us[EOL]
[2026-09-22T08:31:37.715380Z][TM_TransferModule.newgen-infrastructure][W][2330306][132]CRTCyclicEvent.cpp:TimeMissed():101|Cycle miss in event CCSICombinedRepManager. Time Overrun is 25934 us[EOL]
[2026-09-22T08:31:37.891589Z][TM_TransferModule.newgen-infrastructure][W][2330306][132]CRTCyclicEvent.cpp:TimeMissed():101|Cycle miss in event CCSICombinedCmdManager Cyclic Event. Time Overrun is 32108 us[EOL]
[2026-09-22T08:31:37.891672Z][TM_TransferModule.newgen-infrastructure][W][2330306][132]CRTCyclicEvent.cpp:TimeMissed():101|Cycle miss in event CCSICombinedRepManager. Time Overrun is 32108 us[EOL]
[2026-09-22T08:31:38.057821Z][TM_TransferModule.newgen-infrastructure][W][2330306][132]CRTCyclicEvent.cpp:TimeMissed():101|Cycle miss in event CCSICombinedCmdManager Cyclic Event. Time Overrun is 28427 us[EOL]
[2026-09-22T08:31:38.057878Z][TM_TransferModule.newgen-infrastructure][W][2330306][132]CRTCyclicEvent.cpp:TimeMissed():101|Cycle miss in event CCSICombinedRepManager. Time Overrun is 28427 us[EOL]
[2026-09-22T08:31:38.206660Z][TM_TransferModule.newgen-infrastructure][W][2330306][132]CRTCyclicEvent.cpp:TimeMissed():101|Cycle miss in event CCSICombinedCmdManager Cyclic Event. Time Overrun is 17270 us[EOL]
[2026-09-22T08:31:38.206800Z][TM_TransferModule.newgen-infrastructure][W][2330306][132]CRTCyclicEvent.cpp:TimeMissed():101|Cycle miss in event CCSICombinedRepManager. Time Overrun is 17270 us[EOL]
[2026-09-22T08:31:58.685447Z][TM_TransferModule.newgen-infrastructure][I][2560016][132]IMessageHandler.h:operator()():40|Received RabbitMqMessage Roche.MolLab.InstrumentState.Ping. Content: {"Timestamp":"2026-09-22T08:31:58.6768148Z","PingId":"IS4"}[EOL]
[2026-09-22T08:31:58.685498Z][TM_TransferModule.newgen-infrastructure][I][844444436][132]UnitCommunicator.cpp:SendEvent():424|Publishing event: type=Roche.c68_8800.Infrastructure.TransferModule.Echo correlation_id=(n/a)[EOL]
[2026-09-22T08:31:58.685715Z][TM_TransferModule.newgen-infrastructure][I][2560017][132]MessageSender.h:SendEvent():105|Sent RabbitMqEvent Roche.c68_8800.Infrastructure.TransferModule.Echo. Content: {"Timestamp":"2026-09-22T08:31:58.685491Z","ModuleId":"TransferModule","PingId":"IS4"}[EOL]
[2026-09-22T08:32:01.919596Z][TM_TransferModule.newgen-infrastructure][I][2210053][132]CReadMultipleAnalogTempSensorStep.cpp:StoreReportDataInternal():50|Analog temperature sensor 6: 20.000000 °C[EOL]
[2026-09-22T08:32:01.920468Z][TM_TransferModule.newgen-infrastructure][W][2210075][132]CSensorObserver.cpp:NewTemperatureValueBySensor():204|Sending event TemperatureOutOfRange: TemperatureID: 0, Temperature: 2000[EOL]
[2026-09-22T08:32:01.920610Z][TM_TransferModule.newgen-infrastructure][I][2210053][132]CReadMultipleAnalogTempSensorStep.cpp:StoreReportDataInternal():50|Analog temperature sensor 7: 20.000000 °C[EOL]
[2026-09-22T08:32:01.925418Z][TM_TransferModule.newgen-infrastructure][I][2660020][132]CGetMultipleFanStateStep.cpp:PrintReceivedParameters():105|Received FW parameters: Number of fan: 1: RepFanID: 0, RepFanPWM: 50, RepFanSpeed: 1000; [EOL]
[2026-09-22T08:32:01.947332Z][TM_TransferModule.newgen-infrastructure][I][4560021][132]CSerialPortListener.cpp:VerifyAndParseReport():134|Climate sensor serial port report received: Command Id: 5248[EOL]
[2026-09-22T08:32:01.947792Z][TM_TransferModule.newgen-infrastructure][I][4560018][132]CGetHumidityCommandReport.cpp:ParseReport():44|ClimateSensor library: Humidity received from hardware: 6000[EOL]
[2026-09-22T08:32:01.949062Z][TM_TransferModule.newgen-infrastructure][I][4560021][132]CSerialPortListener.cpp:VerifyAndParseReport():134|Climate sensor serial port report received: Command Id: 5248[EOL]
[2026-09-22T08:32:01.949082Z][TM_TransferModule.newgen-infrastructure][I][4560018][132]CGetHumidityCommandReport.cpp:ParseReport():44|ClimateSensor library: Humidity received from hardware: 6000[EOL]
[2026-09-22T08:32:01.949134Z][TM_TransferModule.newgen-infrastructure][I][0][132]CGetHumidityProcedure.cpp:CallbackSendHumidityMeasuredEvent():103|Measured average humidity 60.000000[EOL]
[2026-09-22T08:32:04.025638Z][TM_TransferModule.newgen-infrastructure][W][2330306][132]CRTCyclicEvent.cpp:TimeMissed():101|Cycle miss in event CCSICombinedCmdManager Cyclic Event. Time Overrun is 16252 us[EOL]
[2026-09-22T08:32:04.025666Z][TM_TransferModule.newgen-infrastructure][W][2330306][132]CRTCyclicEvent.cpp:TimeMissed():101|Cycle miss in event CCSICombinedRepManager. Time Overrun is 16252 us[EOL]
[2026-09-22T08:32:04.271774Z][TM_TransferModule.newgen-infrastructure][W][2330306][132]CRTCyclicEvent.cpp:TimeMissed():101|Cycle miss in event CCSICombinedCmdManager Cyclic Event. Time Overrun is 12383 us[EOL]
[2026-09-22T08:32:04.271809Z][TM_TransferModule.newgen-infrastructure][W][2330306][132]CRTCyclicEvent.cpp:TimeMissed():101|Cycle miss in event CCSICombinedRepManager. Time Overrun is 12383 us[EOL]
[2026-09-22T08:32:12.392821Z][TM_TransferModule.newgen-infrastructure][W][2330306][132]CRTCyclicEvent.cpp:TimeMissed():101|Cycle miss in event CCSICombinedCmdManager Cyclic Event. Time Overrun is 3433 us[EOL]
[2026-09-22T08:32:12.392857Z][TM_TransferModule.newgen-infrastructure][W][2330306][132]CRTCyclicEvent.cpp:TimeMissed():101|Cycle miss in event CCSICombinedRepManager. Time Overrun is 3433 us[EOL]
[2026-09-22T08:32:14.723845Z][TM_TransferModule.newgen-infrastructure][W][2330306][132]CRTCyclicEvent.cpp:TimeMissed():101|Cycle miss in event CCSICombinedCmdManager Cyclic Event. Time Overrun is 4460 us[EOL]
[2026-09-22T08:32:14.723866Z][TM_TransferModule.newgen-infrastructure][W][2330306][132]CRTCyclicEvent.cpp:TimeMissed():101|Cycle miss in event CCSICombinedRepManager. Time Overrun is 4460 us[EOL]
[2026-09-22T08:32:28.679246Z][TM_TransferModule.newgen-infrastructure][I][2560016][132]IMessageHandler.h:operator()():40|Received RabbitMqMessage Roche.MolLab.InstrumentState.Ping. Content: {"Timestamp":"2026-09-22T08:32:28.6747648Z","PingId":"IS5"}[EOL]
[2026-09-22T08:32:28.679292Z][TM_TransferModule.newgen-infrastructure][I][844444436][132]UnitCommunicator.cpp:SendEvent():424|Publishing event: type=Roche.c68_8800.Infrastructure.TransferModule.Echo correlation_id=(n/a)[EOL]
[2026-09-22T08:32:28.679372Z][TM_TransferModule.newgen-infrastructure][I][2560017][132]MessageSender.h:SendEvent():105|Sent RabbitMqEvent Roche.c68_8800.Infrastructure.TransferModule.Echo. Content: {"Timestamp":"2026-09-22T08:32:28.679284Z","ModuleId":"TransferModule","PingId":"IS5"}[EOL]
[2026-09-22T08:32:29.275676Z][TM_TransferModule.newgen-infrastructure][W][2330306][132]CRTCyclicEvent.cpp:TimeMissed():101|Cycle miss in event CCSICombinedCmdManager Cyclic Event. Time Overrun is 6291 us[EOL]
[2026-09-22T08:32:29.275698Z][TM_TransferModule.newgen-infrastructure][W][2330306][132]CRTCyclicEvent.cpp:TimeMissed():101|Cycle miss in event CCSICombinedRepManager. Time Overrun is 6291 us[EOL]
[2026-09-22T08:32:32.455499Z][TM_TransferModule.newgen-infrastructure][W][2330306][132]CRTCyclicEvent.cpp:TimeMissed():101|Cycle miss in event CCSICombinedCmdManager Cyclic Event. Time Overrun is 6105 us[EOL]
[2026-09-22T08:32:32.455545Z][TM_TransferModule.newgen-infrastructure][W][2330306][132]CRTCyclicEvent.cpp:TimeMissed():101|Cycle miss in event CCSICombinedRepManager. Time Overrun is 6105 us[EOL]
[2026-09-22T08:32:33.407663Z][TM_TransferModule.newgen-infrastructure][W][2330306][132]CRTCyclicEvent.cpp:TimeMissed():101|Cycle miss in event CCSICombinedCmdManager Cyclic Event. Time Overrun is 8270 us[EOL]
[2026-09-22T08:32:33.407706Z][TM_TransferModule.newgen-infrastructure][W][2330306][132]CRTCyclicEvent.cpp:TimeMissed():101|Cycle miss in event CCSICombinedRepManager. Time Overrun is 8270 us[EOL]
[2026-09-22T08:32:36.035001Z][TM_TransferModule.newgen-infrastructure][W][2330306][132]CRTCyclicEvent.cpp:TimeMissed():101|Cycle miss in event CCSICombinedCmdManager Cyclic Event. Time Overrun is 5613 us[EOL]
[2026-09-22T08:32:36.035037Z][TM_TransferModule.newgen-infrastructure][W][2330306][132]CRTCyclicEvent.cpp:TimeMissed():101|Cycle miss in event CCSICombinedRepManager. Time Overrun is 5613 us[EOL]
[2026-09-22T08:32:36.161571Z][TM_TransferModule.newgen-infrastructure][W][2330306][132]CRTCyclicEvent.cpp:TimeMissed():101|Cycle miss in event CCSICombinedCmdManager Cyclic Event. Time Overrun is 2186 us[EOL]
[2026-09-22T08:32:36.161591Z][TM_TransferModule.newgen-infrastructure][W][2330306][132]CRTCyclicEvent.cpp:TimeMissed():101|Cycle miss in event CCSICombinedRepManager. Time Overrun is 2186 us[EOL]
[2026-09-22T08:32:37.542963Z][TM_TransferModule.newgen-infrastructure][W][2330306][132]CRTCyclicEvent.cpp:TimeMissed():101|Cycle miss in event CCSICombinedCmdManager Cyclic Event. Time Overrun is 23576 us[EOL]
[2026-09-22T08:32:37.542992Z][TM_TransferModule.newgen-infrastructure][W][2330306][132]CRTCyclicEvent.cpp:TimeMissed():101|Cycle miss in event CCSICombinedRepManager. Time Overrun is 23576 us[EOL]
[2026-09-22T08:32:40.495764Z][TM_TransferModule.newgen-infrastructure][W][2330306][132]CRTCyclicEvent.cpp:TimeMissed():101|Cycle miss in event CCSICombinedCmdManager Cyclic Event. Time Overrun is 16377 us[EOL]
[2026-09-22T08:32:40.495793Z][TM_TransferModule.newgen-infrastructure][W][2330306][132]CRTCyclicEvent.cpp:TimeMissed():101|Cycle miss in event CCSICombinedRepManager. Time Overrun is 16377 us[EOL]
[2026-09-22T08:32:40.732825Z][TM_TransferModule.newgen-infrastructure][W][2330306][132]CRTCyclicEvent.cpp:TimeMissed():101|Cycle miss in event CCSICombinedCmdManager Cyclic Event. Time Overrun is 3439 us[EOL]
[2026-09-22T08:32:40.732847Z][TM_TransferModule.newgen-infrastructure][W][2330306][132]CRTCyclicEvent.cpp:TimeMissed():101|Cycle miss in event CCSICombinedRepManager. Time Overrun is 3439 us[EOL]
[2026-09-22T08:32:43.674206Z][TM_TransferModule.newgen-infrastructure][W][2330306][132]CRTCyclicEvent.cpp:TimeMissed():101|Cycle miss in event CCSICombinedCmdManager Cyclic Event. Time Overrun is 14821 us[EOL]
[2026-09-22T08:32:43.674226Z][TM_TransferModule.newgen-infrastructure][W][2330306][132]CRTCyclicEvent.cpp:TimeMissed():101|Cycle miss in event CCSICombinedRepManager. Time Overrun is 14821 us[EOL]
[2026-09-22T08:32:46.068515Z][TM_TransferModule.newgen-infrastructure][W][2330306][132]CRTCyclicEvent.cpp:TimeMissed():101|Cycle miss in event CCSICombinedCmdManager Cyclic Event. Time Overrun is 9073 us[EOL]
[2026-09-22T08:32:46.068538Z][TM_TransferModule.newgen-infrastructure][W][2330306][132]CRTCyclicEvent.cpp:TimeMissed():101|Cycle miss in event CCSICombinedRepManager. Time Overrun is 9073 us[EOL]
[2026-09-22T08:32:47.262528Z][TM_TransferModule.newgen-infrastructure][W][2330306][132]CRTCyclicEvent.cpp:TimeMissed():101|Cycle miss in event CCSICombinedCmdManager Cyclic Event. Time Overrun is 3138 us[EOL]
[2026-09-22T08:32:47.262562Z][TM_TransferModule.newgen-infrastructure][W][2330306][132]CRTCyclicEvent.cpp:TimeMissed():101|Cycle miss in event CCSICombinedRepManager. Time Overrun is 3138 us[EOL]
[2026-09-22T08:32:51.421902Z][TM_TransferModule.newgen-infrastructure][W][2330306][132]CRTCyclicEvent.cpp:TimeMissed():101|Cycle miss in event CCSICombinedCmdManager Cyclic Event. Time Overrun is 2514 us[EOL]
[2026-09-22T08:32:51.421926Z][TM_TransferModule.newgen-infrastructure][W][2330306][132]CRTCyclicEvent.cpp:TimeMissed():101|Cycle miss in event CCSICombinedRepManager. Time Overrun is 2514 us[EOL]
[2026-09-22T08:32:53.252894Z][TM_TransferModule.newgen-infrastructure][W][2330306][132]CRTCyclicEvent.cpp:TimeMissed():101|Cycle miss in event CCSICombinedCmdManager Cyclic Event. Time Overrun is 43507 us[EOL]
[2026-09-22T08:32:53.252924Z][TM_TransferModule.newgen-infrastructure][W][2330306][132]CRTCyclicEvent.cpp:TimeMissed():101|Cycle miss in event CCSICombinedRepManager. Time Overrun is 43507 us[EOL]
[2026-09-22T08:32:58.679915Z][TM_TransferModule.newgen-infrastructure][I][2560016][132]IMessageHandler.h:operator()():40|Received RabbitMqMessage Roche.MolLab.InstrumentState.Ping. Content: {"Timestamp":"2026-09-22T08:32:58.6759445Z","PingId":"IS6"}[EOL]
[2026-09-22T08:32:58.679986Z][TM_TransferModule.newgen-infrastructure][I][844444436][132]UnitCommunicator.cpp:SendEvent():424|Publishing event: type=Roche.c68_8800.Infrastructure.TransferModule.Echo correlation_id=(n/a)[EOL]
[2026-09-22T08:32:58.680102Z][TM_TransferModule.newgen-infrastructure][I][2560017][132]MessageSender.h:SendEvent():105|Sent RabbitMqEvent Roche.c68_8800.Infrastructure.TransferModule.Echo. Content: {"Timestamp":"2026-09-22T08:32:58.679978Z","ModuleId":"TransferModule","PingId":"IS6"}[EOL]
[2026-09-22T08:32:58.914510Z][TM_TransferModule.newgen-infrastructure][W][2330306][132]CRTCyclicEvent.cpp:TimeMissed():101|Cycle miss in event CCSICombinedCmdManager Cyclic Event. Time Overrun is 15123 us[EOL]
[2026-09-22T08:32:58.914542Z][TM_TransferModule.newgen-infrastructure][W][2330306][132]CRTCyclicEvent.cpp:TimeMissed():101|Cycle miss in event CCSICombinedRepManager. Time Overrun is 15123 us[EOL]
[2026-09-22T08:32:59.785496Z][TM_TransferModule.newgen-infrastructure][W][2330306][132]CRTCyclicEvent.cpp:TimeMissed():101|Cycle miss in event CCSICombinedCmdManager Cyclic Event. Time Overrun is 16106 us[EOL]
[2026-09-22T08:32:59.785536Z][TM_TransferModule.newgen-infrastructure][W][2330306][132]CRTCyclicEvent.cpp:TimeMissed():101|Cycle miss in event CCSICombinedRepManager. Time Overrun is 16106 us[EOL]
[2026-09-22T08:33:01.515525Z][TM_TransferModule.newgen-infrastructure][W][2330306][132]CRTCyclicEvent.cpp:TimeMissed():101|Cycle miss in event CCSICombinedCmdManager Cyclic Event. Time Overrun is 26137 us[EOL]
[2026-09-22T08:33:01.515554Z][TM_TransferModule.newgen-infrastructure][W][2330306][132]CRTCyclicEvent.cpp:TimeMissed():101|Cycle miss in event CCSICombinedRepManager. Time Overrun is 26137 us[EOL]
[2026-09-22T08:33:01.926514Z][TM_TransferModule.newgen-infrastructure][W][2330306][132]CRTCyclicEvent.cpp:TimeMissed():101|Cycle miss in event CCSICombinedCmdManager Cyclic Event. Time Overrun is 7130 us[EOL]
[2026-09-22T08:33:01.926536Z][TM_TransferModule.newgen-infrastructure][W][2330306][132]CRTCyclicEvent.cpp:TimeMissed():101|Cycle miss in event CCSICombinedRepManager. Time Overrun is 7130 us[EOL]
[2026-09-22T08:33:01.940147Z][TM_TransferModule.newgen-infrastructure][I][2210053][132]CReadMultipleAnalogTempSensorStep.cpp:StoreReportDataInternal():50|Analog temperature sensor 6: 20.000000 °C[EOL]
[2026-09-22T08:33:01.940183Z][TM_TransferModule.newgen-infrastructure][W][2210075][132]CSensorObserver.cpp:NewTemperatureValueBySensor():204|Sending event TemperatureOutOfRange: TemperatureID: 0, Temperature: 2000[EOL]
[2026-09-22T08:33:01.940186Z][TM_TransferModule.newgen-infrastructure][I][2210053][132]CReadMultipleAnalogTempSensorStep.cpp:StoreReportDataInternal():50|Analog temperature sensor 7: 20.000000 °C[EOL]
[2026-09-22T08:33:01.944076Z][TM_TransferModule.newgen-infrastructure][I][2660020][132]CGetMultipleFanStateStep.cpp:PrintReceivedParameters():105|Received FW parameters: Number of fan: 1: RepFanID: 0, RepFanPWM: 50, RepFanSpeed: 1000; [EOL]
[2026-09-22T08:33:01.946202Z][TM_TransferModule.newgen-infrastructure][I][4560021][132]CSerialPortListener.cpp:VerifyAndParseReport():134|Climate sensor serial port report received: Command Id: 5248[EOL]
[2026-09-22T08:33:01.946259Z][TM_TransferModule.newgen-infrastructure][I][4560018][132]CGetHumidityCommandReport.cpp:ParseReport():44|ClimateSensor library: Humidity received from hardware: 6000[EOL]
[2026-09-22T08:33:01.948119Z][TM_TransferModule.newgen-infrastructure][I][4560021][132]CSerialPortListener.cpp:VerifyAndParseReport():134|Climate sensor serial port report received: Command Id: 5248[EOL]
[2026-09-22T08:33:01.948137Z][TM_TransferModule.newgen-infrastructure][I][4560018][132]CGetHumidityCommandReport.cpp:ParseReport():44|ClimateSensor library: Humidity received from hardware: 6000[EOL]
[2026-09-22T08:33:01.948250Z][TM_TransferModule.newgen-infrastructure][I][0][132]CGetHumidityProcedure.cpp:CallbackSendHumidityMeasuredEvent():103|Measured average humidity 60.000000[EOL]
[2026-09-22T08:33:09.440952Z][TM_TransferModule.newgen-infrastructure][W][2330306][132]CRTCyclicEvent.cpp:TimeMissed():101|Cycle miss in event CCSICombinedCmdManager Cyclic Event. Time Overrun is 1547 us[EOL]
[2026-09-22T08:33:09.440984Z][TM_TransferModule.newgen-infrastructure][W][2330306][132]CRTCyclicEvent.cpp:TimeMissed():101|Cycle miss in event CCSICombinedRepManager. Time Overrun is 1547 us[EOL]
[2026-09-22T08:33:10.592741Z][TM_TransferModule.newgen-infrastructure][W][2330306][132]CRTCyclicEvent.cpp:TimeMissed():101|Cycle miss in event CCSICombinedCmdManager Cyclic Event. Time Overrun is 3354 us[EOL]
[2026-09-22T08:33:10.592785Z][TM_TransferModule.newgen-infrastructure][W][2330306][132]CRTCyclicEvent.cpp:TimeMissed():101|Cycle miss in event CCSICombinedRepManager. Time Overrun is 3354 us[EOL]
[2026-09-22T08:33:13.175756Z][TM_TransferModule.newgen-infrastructure][W][2330306][132]CRTCyclicEvent.cpp:TimeMissed():101|Cycle miss in event CCSICombinedCmdManager Cyclic Event. Time Overrun is 16365 us[EOL]
[2026-09-22T08:33:13.175789Z][TM_TransferModule.newgen-infrastructure][W][2330306][132]CRTCyclicEvent.cpp:TimeMissed():101|Cycle miss in event CCSICombinedRepManager. Time Overrun is 16365 us[EOL]
[2026-09-22T08:33:14.455992Z][TM_TransferModule.newgen-infrastructure][W][2330306][132]CRTCyclicEvent.cpp:TimeMissed():101|Cycle miss in event CCSICombinedCmdManager Cyclic Event. Time Overrun is 6602 us[EOL]
[2026-09-22T08:33:14.456125Z][TM_TransferModule.newgen-infrastructure][W][2330306][132]CRTCyclicEvent.cpp:TimeMissed():101|Cycle miss in event CCSICombinedRepManager. Time Overrun is 6602 us[EOL]
[2026-09-22T08:33:20.069859Z][TM_TransferModule.newgen-infrastructure][W][2330306][132]CRTCyclicEvent.cpp:TimeMissed():101|Cycle miss in event CCSICombinedCmdManager Cyclic Event. Time Overrun is 474 us[EOL]
[2026-09-22T08:33:20.069881Z][TM_TransferModule.newgen-infrastructure][W][2330306][132]CRTCyclicEvent.cpp:TimeMissed():101|Cycle miss in event CCSICombinedRepManager. Time Overrun is 474 us[EOL]
[2026-09-22T08:33:20.559612Z][TM_TransferModule.newgen-infrastructure][W][2330306][132]CRTCyclicEvent.cpp:TimeMissed():101|Cycle miss in event CCSICombinedCmdManager Cyclic Event. Time Overrun is 219 us[EOL]
[2026-09-22T08:33:20.559675Z][TM_TransferModule.newgen-infrastructure][W][2330306][132]CRTCyclicEvent.cpp:TimeMissed():101|Cycle miss in event CCSICombinedRepManager. Time Overrun is 219 us[EOL]
[2026-09-22T08:33:22.956846Z][TM_TransferModule.newgen-infrastructure][W][2330306][132]CRTCyclicEvent.cpp:TimeMissed():101|Cycle miss in event CCSICombinedCmdManager Cyclic Event. Time Overrun is 27458 us[EOL]
[2026-09-22T08:33:22.956876Z][TM_TransferModule.newgen-infrastructure][W][2330306][132]CRTCyclicEvent.cpp:TimeMissed():101|Cycle miss in event CCSICombinedRepManager. Time Overrun is 27458 us[EOL]
[2026-09-22T08:33:23.904837Z][TM_TransferModule.newgen-infrastructure][W][2330306][132]CRTCyclicEvent.cpp:TimeMissed():101|Cycle miss in event CCSICombinedCmdManager Cyclic Event. Time Overrun is 5451 us[EOL]
[2026-09-22T08:33:23.904861Z][TM_TransferModule.newgen-infrastructure][W][2330306][132]CRTCyclicEvent.cpp:TimeMissed():101|Cycle miss in event CCSICombinedRepManager. Time Overrun is 5451 us[EOL]
[2026-09-22T08:33:24.303189Z][TM_TransferModule.newgen-infrastructure][W][2330306][132]CRTCyclicEvent.cpp:TimeMissed():101|Cycle miss in event CCSICombinedCmdManager Cyclic Event. Time Overrun is 3804 us[EOL]
[2026-09-22T08:33:24.303211Z][TM_TransferModule.newgen-infrastructure][W][2330306][132]CRTCyclicEvent.cpp:TimeMissed():101|Cycle miss in event CCSICombinedRepManager. Time Overrun is 3804 us[EOL]
[2026-09-22T08:33:28.028530Z][TM_TransferModule.newgen-infrastructure][W][2330306][132]CRTCyclicEvent.cpp:TimeMissed():101|Cycle miss in event CCSICombinedCmdManager Cyclic Event. Time Overrun is 9145 us[EOL]
[2026-09-22T08:33:28.028601Z][TM_TransferModule.newgen-infrastructure][W][2330306][132]CRTCyclicEvent.cpp:TimeMissed():101|Cycle miss in event CCSICombinedRepManager. Time Overrun is 9145 us[EOL]
[2026-09-22T08:33:28.680468Z][TM_TransferModule.newgen-infrastructure][I][2560016][132]IMessageHandler.h:operator()():40|Received RabbitMqMessage Roche.MolLab.InstrumentState.Ping. Content: {"Timestamp":"2026-09-22T08:33:28.6757553Z","PingId":"IS7"}[EOL]
[2026-09-22T08:33:28.680581Z][TM_TransferModule.newgen-infrastructure][I][844444436][132]UnitCommunicator.cpp:SendEvent():424|Publishing event: type=Roche.c68_8800.Infrastructure.TransferModule.Echo correlation_id=(n/a)[EOL]
[2026-09-22T08:33:28.680638Z][TM_TransferModule.newgen-infrastructure][I][2560017][132]MessageSender.h:SendEvent():105|Sent RabbitMqEvent Roche.c68_8800.Infrastructure.TransferModule.Echo. Content: {"Timestamp":"2026-09-22T08:33:28.680569Z","ModuleId":"TransferModule","PingId":"IS7"}[EOL]
[2026-09-22T08:33:29.268166Z][TM_TransferModule.newgen-infrastructure][W][2330306][132]CRTCyclicEvent.cpp:TimeMissed():101|Cycle miss in event CCSICombinedCmdManager Cyclic Event. Time Overrun is 18781 us[EOL]
[2026-09-22T08:33:29.268189Z][TM_TransferModule.newgen-infrastructure][W][2330306][132]CRTCyclicEvent.cpp:TimeMissed():101|Cycle miss in event CCSICombinedRepManager. Time Overrun is 18781 us[EOL]
[2026-09-22T08:33:30.010601Z][TM_TransferModule.newgen-infrastructure][W][2330306][132]CRTCyclicEvent.cpp:TimeMissed():101|Cycle miss in event CCSICombinedCmdManager Cyclic Event. Time Overrun is 21216 us[EOL]
[2026-09-22T08:33:30.010621Z][TM_TransferModule.newgen-infrastructure][W][2330306][132]CRTCyclicEvent.cpp:TimeMissed():101|Cycle miss in event CCSICombinedRepManager. Time Overrun is 21216 us[EOL]
[2026-09-22T08:33:34.503390Z][TM_TransferModule.newgen-infrastructure][W][2330306][132]CRTCyclicEvent.cpp:TimeMissed():101|Cycle miss in event CCSICombinedCmdManager Cyclic Event. Time Overrun is 14005 us[EOL]
[2026-09-22T08:33:34.503643Z][TM_TransferModule.newgen-infrastructure][W][2330306][132]CRTCyclicEvent.cpp:TimeMissed():101|Cycle miss in event CCSICombinedRepManager. Time Overrun is 14005 us[EOL]
[2026-09-22T08:33:35.076122Z][TM_TransferModule.newgen-infrastructure][W][2330306][132]CRTCyclicEvent.cpp:TimeMissed():101|Cycle miss in event CCSICombinedCmdManager Cyclic Event. Time Overrun is 6728 us[EOL]
[2026-09-22T08:33:35.076179Z][TM_TransferModule.newgen-infrastructure][W][2330306][132]CRTCyclicEvent.cpp:TimeMissed():101|Cycle miss in event CCSICombinedRepManager. Time Overrun is 6728 us[EOL]
[2026-09-22T08:33:37.651920Z][TM_TransferModule.newgen-infrastructure][W][2330306][132]CRTCyclicEvent.cpp:TimeMissed():101|Cycle miss in event CCSICombinedCmdManager Cyclic Event. Time Overrun is 2534 us[EOL]
[2026-09-22T08:33:37.651943Z][TM_TransferModule.newgen-infrastructure][W][2330306][132]CRTCyclicEvent.cpp:TimeMissed():101|Cycle miss in event CCSICombinedRepManager. Time Overrun is 2534 us[EOL]
[2026-09-22T08:33:56.525510Z][TM_TransferModule.newgen-infrastructure][W][2330306][132]CRTCyclicEvent.cpp:TimeMissed():101|Cycle miss in event CCSICombinedCmdManager Cyclic Event. Time Overrun is 16125 us[EOL]
[2026-09-22T08:33:56.525530Z][TM_TransferModule.newgen-infrastructure][W][2330306][132]CRTCyclicEvent.cpp:TimeMissed():101|Cycle miss in event CCSICombinedRepManager. Time Overrun is 16125 us[EOL]
[2026-09-22T08:33:58.686009Z][TM_TransferModule.newgen-infrastructure][I][2560016][132]IMessageHandler.h:operator()():40|Received RabbitMqMessage Roche.MolLab.InstrumentState.Ping. Content: {"Timestamp":"2026-09-22T08:33:58.676068Z","PingId":"IS8"}[EOL]
[2026-09-22T08:33:58.686118Z][TM_TransferModule.newgen-infrastructure][I][844444436][132]UnitCommunicator.cpp:SendEvent():424|Publishing event: type=Roche.c68_8800.Infrastructure.TransferModule.Echo correlation_id=(n/a)[EOL]
[2026-09-22T08:33:58.686185Z][TM_TransferModule.newgen-infrastructure][I][2560017][132]MessageSender.h:SendEvent():105|Sent RabbitMqEvent Roche.c68_8800.Infrastructure.TransferModule.Echo. Content: {"Timestamp":"2026-09-22T08:33:58.686083Z","ModuleId":"TransferModule","PingId":"IS8"}[EOL]
[2026-09-22T08:33:59.711987Z][TM_TransferModule.newgen-infrastructure][W][2330306][132]CRTCyclicEvent.cpp:TimeMissed():101|Cycle miss in event CCSICombinedCmdManager Cyclic Event. Time Overrun is 2600 us[EOL]
[2026-09-22T08:33:59.712019Z][TM_TransferModule.newgen-infrastructure][W][2330306][132]CRTCyclicEvent.cpp:TimeMissed():101|Cycle miss in event CCSICombinedRepManager. Time Overrun is 2600 us[EOL]
[2026-09-22T08:34:01.947690Z][TM_TransferModule.newgen-infrastructure][I][4560021][132]CSerialPortListener.cpp:VerifyAndParseReport():134|Climate sensor serial port report received: Command Id: 5248[EOL]
[2026-09-22T08:34:01.947732Z][TM_TransferModule.newgen-infrastructure][I][4560018][132]CGetHumidityCommandReport.cpp:ParseReport():44|ClimateSensor library: Humidity received from hardware: 6000[EOL]
[2026-09-22T08:34:01.949178Z][TM_TransferModule.newgen-infrastructure][I][4560021][132]CSerialPortListener.cpp:VerifyAndParseReport():134|Climate sensor serial port report received: Command Id: 5248[EOL]
[2026-09-22T08:34:01.949195Z][TM_TransferModule.newgen-infrastructure][I][4560018][132]CGetHumidityCommandReport.cpp:ParseReport():44|ClimateSensor library: Humidity received from hardware: 6000[EOL]
[2026-09-22T08:34:01.949241Z][TM_TransferModule.newgen-infrastructure][I][0][132]CGetHumidityProcedure.cpp:CallbackSendHumidityMeasuredEvent():103|Measured average humidity 60.000000[EOL]
[2026-09-22T08:34:01.957145Z][TM_TransferModule.newgen-infrastructure][I][2210053][132]CReadMultipleAnalogTempSensorStep.cpp:StoreReportDataInternal():50|Analog temperature sensor 6: 20.000000 °C[EOL]
[2026-09-22T08:34:01.957192Z][TM_TransferModule.newgen-infrastructure][W][2210075][132]CSensorObserver.cpp:NewTemperatureValueBySensor():204|Sending event TemperatureOutOfRange: TemperatureID: 0, Temperature: 2000[EOL]
[2026-09-22T08:34:01.957447Z][TM_TransferModule.newgen-infrastructure][I][2210053][132]CReadMultipleAnalogTempSensorStep.cpp:StoreReportDataInternal():50|Analog temperature sensor 7: 20.000000 °C[EOL]
[2026-09-22T08:34:01.961367Z][TM_TransferModule.newgen-infrastructure][I][2660020][132]CGetMultipleFanStateStep.cpp:PrintReceivedParameters():105|Received FW parameters: Number of fan: 1: RepFanID: 0, RepFanPWM: 50, RepFanSpeed: 1000; [EOL]
[2026-09-22T08:34:09.072536Z][TM_TransferModule.newgen-infrastructure][W][2330306][132]CRTCyclicEvent.cpp:TimeMissed():101|Cycle miss in event CCSICombinedCmdManager Cyclic Event. Time Overrun is 3136 us[EOL]
[2026-09-22T08:34:09.072595Z][TM_TransferModule.newgen-infrastructure][W][2330306][132]CRTCyclicEvent.cpp:TimeMissed():101|Cycle miss in event CCSICombinedRepManager. Time Overrun is 3136 us[EOL]
[2026-09-22T08:34:09.229774Z][TM_TransferModule.newgen-infrastructure][W][2330306][132]CRTCyclicEvent.cpp:TimeMissed():101|Cycle miss in event CCSICombinedCmdManager Cyclic Event. Time Overrun is 383 us[EOL]
[2026-09-22T08:34:09.229843Z][TM_TransferModule.newgen-infrastructure][W][2330306][132]CRTCyclicEvent.cpp:TimeMissed():101|Cycle miss in event CCSICombinedRepManager. Time Overrun is 383 us[EOL]
[2026-09-22T08:34:15.221808Z][TM_TransferModule.newgen-infrastructure][W][2330306][132]CRTCyclicEvent.cpp:TimeMissed():101|Cycle miss in event CCSICombinedCmdManager Cyclic Event. Time Overrun is 2421 us[EOL]
[2026-09-22T08:34:15.221844Z][TM_TransferModule.newgen-infrastructure][W][2330306][132]CRTCyclicEvent.cpp:TimeMissed():101|Cycle miss in event CCSICombinedRepManager. Time Overrun is 2421 us[EOL]
[2026-09-22T08:34:28.683248Z][TM_TransferModule.newgen-infrastructure][I][2560016][132]IMessageHandler.h:operator()():40|Received RabbitMqMessage Roche.MolLab.InstrumentState.Ping. Content: {"Timestamp":"2026-09-22T08:34:28.6753079Z","PingId":"IS9"}[EOL]
[2026-09-22T08:34:28.683278Z][TM_TransferModule.newgen-infrastructure][I][844444436][132]UnitCommunicator.cpp:SendEvent():424|Publishing event: type=Roche.c68_8800.Infrastructure.TransferModule.Echo correlation_id=(n/a)[EOL]
[2026-09-22T08:34:28.683299Z][TM_TransferModule.newgen-infrastructure][I][2560017][132]MessageSender.h:SendEvent():105|Sent RabbitMqEvent Roche.c68_8800.Infrastructure.TransferModule.Echo. Content: {"Timestamp":"2026-09-22T08:34:28.683274Z","ModuleId":"TransferModule","PingId":"IS9"}[EOL]
[2026-09-22T08:34:31.732338Z][TM_TransferModule.newgen-infrastructure][W][2330306][132]CRTCyclicEvent.cpp:TimeMissed():101|Cycle miss in event CCSICombinedCmdManager Cyclic Event. Time Overrun is 2945 us[EOL]
[2026-09-22T08:34:31.733124Z][TM_TransferModule.newgen-infrastructure][W][2330306][132]CRTCyclicEvent.cpp:TimeMissed():101|Cycle miss in event CCSICombinedRepManager. Time Overrun is 2945 us[EOL]
[2026-09-22T08:34:33.797318Z][TM_TransferModule.newgen-infrastructure][W][2330306][132]CRTCyclicEvent.cpp:TimeMissed():101|Cycle miss in event CCSICombinedCmdManager Cyclic Event. Time Overrun is 7860 us[EOL]
[2026-09-22T08:34:33.797384Z][TM_TransferModule.newgen-infrastructure][W][2330306][132]CRTCyclicEvent.cpp:TimeMissed():101|Cycle miss in event CCSICombinedRepManager. Time Overrun is 7860 us[EOL]
[2026-09-22T08:34:49.045447Z][TM_TransferModule.newgen-infrastructure][W][2330306][132]CRTCyclicEvent.cpp:TimeMissed():101|Cycle miss in event CCSICombinedCmdManager Cyclic Event. Time Overrun is 6061 us[EOL]
[2026-09-22T08:34:49.045468Z][TM_TransferModule.newgen-infrastructure][W][2330306][132]CRTCyclicEvent.cpp:TimeMissed():101|Cycle miss in event CCSICombinedRepManager. Time Overrun is 6061 us[EOL]
[2026-09-22T08:34:50.071136Z][TM_TransferModule.newgen-infrastructure][W][2330306][132]CRTCyclicEvent.cpp:TimeMissed():101|Cycle miss in event CCSICombinedCmdManager Cyclic Event. Time Overrun is 1748 us[EOL]
[2026-09-22T08:34:50.071222Z][TM_TransferModule.newgen-infrastructure][W][2330306][132]CRTCyclicEvent.cpp:TimeMissed():101|Cycle miss in event CCSICombinedRepManager. Time Overrun is 1748 us[EOL]
[2026-09-22T08:34:58.683567Z][TM_TransferModule.newgen-infrastructure][I][2560016][132]IMessageHandler.h:operator()():40|Received RabbitMqMessage Roche.MolLab.InstrumentState.Ping. Content: {"Timestamp":"2026-09-22T08:34:58.6775151Z","PingId":"IS10"}[EOL]
[2026-09-22T08:34:58.683605Z][TM_TransferModule.newgen-infrastructure][I][844444436][132]UnitCommunicator.cpp:SendEvent():424|Publishing event: type=Roche.c68_8800.Infrastructure.TransferModule.Echo correlation_id=(n/a)[EOL]
[2026-09-22T08:34:58.683676Z][TM_TransferModule.newgen-infrastructure][I][2560017][132]MessageSender.h:SendEvent():105|Sent RabbitMqEvent Roche.c68_8800.Infrastructure.TransferModule.Echo. Content: {"Timestamp":"2026-09-22T08:34:58.683600Z","ModuleId":"TransferModule","PingId":"IS10"}[EOL]
[2026-09-22T08:35:01.948191Z][TM_TransferModule.newgen-infrastructure][I][4560021][132]CSerialPortListener.cpp:VerifyAndParseReport():134|Climate sensor serial port report received: Command Id: 5248[EOL]
[2026-09-22T08:35:01.948251Z][TM_TransferModule.newgen-infrastructure][I][4560018][132]CGetHumidityCommandReport.cpp:ParseReport():44|ClimateSensor library: Humidity received from hardware: 6000[EOL]
[2026-09-22T08:35:01.950214Z][TM_TransferModule.newgen-infrastructure][I][4560021][132]CSerialPortListener.cpp:VerifyAndParseReport():134|Climate sensor serial port report received: Command Id: 5248[EOL]
[2026-09-22T08:35:01.950242Z][TM_TransferModule.newgen-infrastructure][I][4560018][132]CGetHumidityCommandReport.cpp:ParseReport():44|ClimateSensor library: Humidity received from hardware: 6000[EOL]
[2026-09-22T08:35:01.950323Z][TM_TransferModule.newgen-infrastructure][I][0][132]CGetHumidityProcedure.cpp:CallbackSendHumidityMeasuredEvent():103|Measured average humidity 60.000000[EOL]
[2026-09-22T08:35:01.973243Z][TM_TransferModule.newgen-infrastructure][I][2210053][132]CReadMultipleAnalogTempSensorStep.cpp:StoreReportDataInternal():50|Analog temperature sensor 6: 20.000000 °C[EOL]
[2026-09-22T08:35:01.973330Z][TM_TransferModule.newgen-infrastructure][W][2210075][132]CSensorObserver.cpp:NewTemperatureValueBySensor():204|Sending event TemperatureOutOfRange: TemperatureID: 0, Temperature: 2000[EOL]
[2026-09-22T08:35:01.973454Z][TM_TransferModule.newgen-infrastructure][I][2210053][132]CReadMultipleAnalogTempSensorStep.cpp:StoreReportDataInternal():50|Analog temperature sensor 7: 20.000000 °C[EOL]
[2026-09-22T08:35:01.977244Z][TM_TransferModule.newgen-infrastructure][I][2660020][132]CGetMultipleFanStateStep.cpp:PrintReceivedParameters():105|Received FW parameters: Number of fan: 1: RepFanID: 0, RepFanPWM: 50, RepFanSpeed: 1000; [EOL]
[2026-09-22T08:35:26.519295Z][TM_TransferModule.newgen-infrastructure][W][2330306][132]CRTCyclicEvent.cpp:TimeMissed():101|Cycle miss in event CCSICombinedCmdManager Cyclic Event. Time Overrun is 19909 us[EOL]
[2026-09-22T08:35:26.519322Z][TM_TransferModule.newgen-infrastructure][W][2330306][132]CRTCyclicEvent.cpp:TimeMissed():101|Cycle miss in event CCSICombinedRepManager. Time Overrun is 19909 us[EOL]
[2026-09-22T08:35:28.678132Z][TM_TransferModule.newgen-infrastructure][I][2560016][132]IMessageHandler.h:operator()():40|Received RabbitMqMessage Roche.MolLab.InstrumentState.Ping. Content: {"Timestamp":"2026-09-22T08:35:28.6744327Z","PingId":"IS11"}[EOL]
[2026-09-22T08:35:28.678192Z][TM_TransferModule.newgen-infrastructure][I][844444436][132]UnitCommunicator.cpp:SendEvent():424|Publishing event: type=Roche.c68_8800.Infrastructure.TransferModule.Echo correlation_id=(n/a)[EOL]
[2026-09-22T08:35:28.678224Z][TM_TransferModule.newgen-infrastructure][I][2560017][132]MessageSender.h:SendEvent():105|Sent RabbitMqEvent Roche.c68_8800.Infrastructure.TransferModule.Echo. Content: {"Timestamp":"2026-09-22T08:35:28.678184Z","ModuleId":"TransferModule","PingId":"IS11"}[EOL]
[2026-09-22T08:35:29.406764Z][TM_TransferModule.newgen-infrastructure][W][2330306][132]CRTCyclicEvent.cpp:TimeMissed():101|Cycle miss in event CCSICombinedCmdManager Cyclic Event. Time Overrun is 17380 us[EOL]
[2026-09-22T08:35:29.406790Z][TM_TransferModule.newgen-infrastructure][W][2330306][132]CRTCyclicEvent.cpp:TimeMissed():101|Cycle miss in event CCSICombinedRepManager. Time Overrun is 17380 us[EOL]
[2026-09-22T08:35:31.947421Z][TM_TransferModule.newgen-infrastructure][W][2330306][132]CRTCyclicEvent.cpp:TimeMissed():101|Cycle miss in event CCSICombinedCmdManager Cyclic Event. Time Overrun is 8034 us[EOL]
[2026-09-22T08:35:31.947449Z][TM_TransferModule.newgen-infrastructure][W][2330306][132]CRTCyclicEvent.cpp:TimeMissed():101|Cycle miss in event CCSICombinedRepManager. Time Overrun is 8034 us[EOL]
[2026-09-22T08:35:39.171932Z][TM_TransferModule.newgen-infrastructure][W][2330306][132]CRTCyclicEvent.cpp:TimeMissed():101|Cycle miss in event CCSICombinedCmdManager Cyclic Event. Time Overrun is 2544 us[EOL]
[2026-09-22T08:35:39.171963Z][TM_TransferModule.newgen-infrastructure][W][2330306][132]CRTCyclicEvent.cpp:TimeMissed():101|Cycle miss in event CCSICombinedRepManager. Time Overrun is 2544 us[EOL]
[2026-09-22T08:35:40.922561Z][TM_TransferModule.newgen-infrastructure][W][2330306][132]CRTCyclicEvent.cpp:TimeMissed():101|Cycle miss in event CCSICombinedCmdManager Cyclic Event. Time Overrun is 13168 us[EOL]
[2026-09-22T08:35:40.922612Z][TM_TransferModule.newgen-infrastructure][W][2330306][132]CRTCyclicEvent.cpp:TimeMissed():101|Cycle miss in event CCSICombinedRepManager. Time Overrun is 13168 us[EOL]
[2026-09-22T08:35:44.692336Z][TM_TransferModule.newgen-infrastructure][W][2330306][132]CRTCyclicEvent.cpp:TimeMissed():101|Cycle miss in event CCSICombinedCmdManager Cyclic Event. Time Overrun is 2950 us[EOL]
[2026-09-22T08:35:44.692361Z][TM_TransferModule.newgen-infrastructure][W][2330306][132]CRTCyclicEvent.cpp:TimeMissed():101|Cycle miss in event CCSICombinedRepManager. Time Overrun is 2950 us[EOL]
[2026-09-22T08:35:50.890734Z][TM_TransferModule.newgen-infrastructure][W][2330306][132]CRTCyclicEvent.cpp:TimeMissed():101|Cycle miss in event CCSICombinedCmdManager Cyclic Event. Time Overrun is 1340 us[EOL]
[2026-09-22T08:35:50.890802Z][TM_TransferModule.newgen-infrastructure][W][2330306][132]CRTCyclicEvent.cpp:TimeMissed():101|Cycle miss in event CCSICombinedRepManager. Time Overrun is 1340 us[EOL]
[2026-09-22T08:35:55.480077Z][TM_TransferModule.newgen-infrastructure][W][2330306][132]CRTCyclicEvent.cpp:TimeMissed():101|Cycle miss in event CCSICombinedCmdManager Cyclic Event. Time Overrun is 689 us[EOL]
[2026-09-22T08:35:55.480107Z][TM_TransferModule.newgen-infrastructure][W][2330306][132]CRTCyclicEvent.cpp:TimeMissed():101|Cycle miss in event CCSICombinedRepManager. Time Overrun is 689 us[EOL]
[2026-09-22T08:35:58.683098Z][TM_TransferModule.newgen-infrastructure][I][2560016][132]IMessageHandler.h:operator()():40|Received RabbitMqMessage Roche.MolLab.InstrumentState.Ping. Content: {"Timestamp":"2026-09-22T08:35:58.6770944Z","PingId":"IS12"}[EOL]
[2026-09-22T08:35:58.683166Z][TM_TransferModule.newgen-infrastructure][I][844444436][132]UnitCommunicator.cpp:SendEvent():424|Publishing event: type=Roche.c68_8800.Infrastructure.TransferModule.Echo correlation_id=(n/a)[EOL]
[2026-09-22T08:35:58.683192Z][TM_TransferModule.newgen-infrastructure][I][2560017][132]MessageSender.h:SendEvent():105|Sent RabbitMqEvent Roche.c68_8800.Infrastructure.TransferModule.Echo. Content: {"Timestamp":"2026-09-22T08:35:58.683134Z","ModuleId":"TransferModule","PingId":"IS12"}[EOL]
[2026-09-22T08:36:01.948399Z][TM_TransferModule.newgen-infrastructure][I][4560021][132]CSerialPortListener.cpp:VerifyAndParseReport():134|Climate sensor serial port report received: Command Id: 5248[EOL]
[2026-09-22T08:36:01.948473Z][TM_TransferModule.newgen-infrastructure][I][4560018][132]CGetHumidityCommandReport.cpp:ParseReport():44|ClimateSensor library: Humidity received from hardware: 6000[EOL]
[2026-09-22T08:36:01.950469Z][TM_TransferModule.newgen-infrastructure][I][4560021][132]CSerialPortListener.cpp:VerifyAndParseReport():134|Climate sensor serial port report received: Command Id: 5248[EOL]
[2026-09-22T08:36:01.950490Z][TM_TransferModule.newgen-infrastructure][I][4560018][132]CGetHumidityCommandReport.cpp:ParseReport():44|ClimateSensor library: Humidity received from hardware: 6000[EOL]
[2026-09-22T08:36:01.950518Z][TM_TransferModule.newgen-infrastructure][I][0][132]CGetHumidityProcedure.cpp:CallbackSendHumidityMeasuredEvent():103|Measured average humidity 60.000000[EOL]
[2026-09-22T08:36:01.990258Z][TM_TransferModule.newgen-infrastructure][I][2210053][132]CReadMultipleAnalogTempSensorStep.cpp:StoreReportDataInternal():50|Analog temperature sensor 6: 20.000000 °C[EOL]
[2026-09-22T08:36:01.990296Z][TM_TransferModule.newgen-infrastructure][W][2210075][132]CSensorObserver.cpp:NewTemperatureValueBySensor():204|Sending event TemperatureOutOfRange: TemperatureID: 0, Temperature: 2000[EOL]
[2026-09-22T08:36:01.990300Z][TM_TransferModule.newgen-infrastructure][I][2210053][132]CReadMultipleAnalogTempSensorStep.cpp:StoreReportDataInternal():50|Analog temperature sensor 7: 20.000000 °C[EOL]
[2026-09-22T08:36:01.994272Z][TM_TransferModule.newgen-infrastructure][I][2660020][132]CGetMultipleFanStateStep.cpp:PrintReceivedParameters():105|Received FW parameters: Number of fan: 1: RepFanID: 0, RepFanPWM: 50, RepFanSpeed: 1000; [EOL]
[2026-09-22T08:36:28.681944Z][TM_TransferModule.newgen-infrastructure][I][2560016][132]IMessageHandler.h:operator()():40|Received RabbitMqMessage Roche.MolLab.InstrumentState.Ping. Content: {"Timestamp":"2026-09-22T08:36:28.6764118Z","PingId":"IS13"}[EOL]
[2026-09-22T08:36:28.681985Z][TM_TransferModule.newgen-infrastructure][I][844444436][132]UnitCommunicator.cpp:SendEvent():424|Publishing event: type=Roche.c68_8800.Infrastructure.TransferModule.Echo correlation_id=(n/a)[EOL]
[2026-09-22T08:36:28.682010Z][TM_TransferModule.newgen-infrastructure][I][2560017][132]MessageSender.h:SendEvent():105|Sent RabbitMqEvent Roche.c68_8800.Infrastructure.TransferModule.Echo. Content: {"Timestamp":"2026-09-22T08:36:28.681980Z","ModuleId":"TransferModule","PingId":"IS13"}[EOL]
[2026-09-22T08:36:36.266148Z][TM_TransferModule.newgen-infrastructure][W][2330306][132]CRTCyclicEvent.cpp:TimeMissed():101|Cycle miss in event CCSICombinedCmdManager Cyclic Event. Time Overrun is 6762 us[EOL]
[2026-09-22T08:36:36.266167Z][TM_TransferModule.newgen-infrastructure][W][2330306][132]CRTCyclicEvent.cpp:TimeMissed():101|Cycle miss in event CCSICombinedRepManager. Time Overrun is 6762 us[EOL]
[2026-09-22T08:36:38.320715Z][TM_TransferModule.newgen-infrastructure][W][2330306][132]CRTCyclicEvent.cpp:TimeMissed():101|Cycle miss in event CCSICombinedCmdManager Cyclic Event. Time Overrun is 11327 us[EOL]
[2026-09-22T08:36:38.320739Z][TM_TransferModule.newgen-infrastructure][W][2330306][132]CRTCyclicEvent.cpp:TimeMissed():101|Cycle miss in event CCSICombinedRepManager. Time Overrun is 11327 us[EOL]
[2026-09-22T08:36:42.442053Z][TM_TransferModule.newgen-infrastructure][W][2330306][132]CRTCyclicEvent.cpp:TimeMissed():101|Cycle miss in event CCSICombinedCmdManager Cyclic Event. Time Overrun is 12664 us[EOL]
[2026-09-22T08:36:42.442086Z][TM_TransferModule.newgen-infrastructure][W][2330306][132]CRTCyclicEvent.cpp:TimeMissed():101|Cycle miss in event CCSICombinedRepManager. Time Overrun is 12664 us[EOL]
[2026-09-22T08:36:47.571931Z][TM_TransferModule.newgen-infrastructure][W][2330306][132]CRTCyclicEvent.cpp:TimeMissed():101|Cycle miss in event CCSICombinedCmdManager Cyclic Event. Time Overrun is 2539 us[EOL]
[2026-09-22T08:36:47.571986Z][TM_TransferModule.newgen-infrastructure][W][2330306][132]CRTCyclicEvent.cpp:TimeMissed():101|Cycle miss in event CCSICombinedRepManager. Time Overrun is 2539 us[EOL]
[2026-09-22T08:36:51.672937Z][TM_TransferModule.newgen-infrastructure][W][2330306][132]CRTCyclicEvent.cpp:TimeMissed():101|Cycle miss in event CCSICombinedCmdManager Cyclic Event. Time Overrun is 3549 us[EOL]
[2026-09-22T08:36:51.672995Z][TM_TransferModule.newgen-infrastructure][W][2330306][132]CRTCyclicEvent.cpp:TimeMissed():101|Cycle miss in event CCSICombinedRepManager. Time Overrun is 3549 us[EOL]
[2026-09-22T08:36:58.678260Z][TM_TransferModule.newgen-infrastructure][I][2560016][132]IMessageHandler.h:operator()():40|Received RabbitMqMessage Roche.MolLab.InstrumentState.Ping. Content: {"Timestamp":"2026-09-22T08:36:58.6759276Z","PingId":"IS14"}[EOL]
[2026-09-22T08:36:58.678308Z][TM_TransferModule.newgen-infrastructure][I][844444436][132]UnitCommunicator.cpp:SendEvent():424|Publishing event: type=Roche.c68_8800.Infrastructure.TransferModule.Echo correlation_id=(n/a)[EOL]
[2026-09-22T08:36:58.678342Z][TM_TransferModule.newgen-infrastructure][I][2560017][132]MessageSender.h:SendEvent():105|Sent RabbitMqEvent Roche.c68_8800.Infrastructure.TransferModule.Echo. Content: {"Timestamp":"2026-09-22T08:36:58.678300Z","ModuleId":"TransferModule","PingId":"IS14"}[EOL]
[2026-09-22T08:36:59.804215Z][TM_TransferModule.newgen-infrastructure][W][2330306][132]CRTCyclicEvent.cpp:TimeMissed():101|Cycle miss in event CCSICombinedCmdManager Cyclic Event. Time Overrun is 34824 us[EOL]
[2026-09-22T08:36:59.804283Z][TM_TransferModule.newgen-infrastructure][W][2330306][132]CRTCyclicEvent.cpp:TimeMissed():101|Cycle miss in event CCSICombinedRepManager. Time Overrun is 34824 us[EOL]
[2026-09-22T08:37:01.948478Z][TM_TransferModule.newgen-infrastructure][I][4560021][132]CSerialPortListener.cpp:VerifyAndParseReport():134|Climate sensor serial port report received: Command Id: 5248[EOL]
[2026-09-22T08:37:01.948514Z][TM_TransferModule.newgen-infrastructure][I][4560018][132]CGetHumidityCommandReport.cpp:ParseReport():44|ClimateSensor library: Humidity received from hardware: 6000[EOL]
[2026-09-22T08:37:01.951192Z][TM_TransferModule.newgen-infrastructure][I][4560021][132]CSerialPortListener.cpp:VerifyAndParseReport():134|Climate sensor serial port report received: Command Id: 5248[EOL]
[2026-09-22T08:37:01.951210Z][TM_TransferModule.newgen-infrastructure][I][4560018][132]CGetHumidityCommandReport.cpp:ParseReport():44|ClimateSensor library: Humidity received from hardware: 6000[EOL]
[2026-09-22T08:37:01.951285Z][TM_TransferModule.newgen-infrastructure][I][0][132]CGetHumidityProcedure.cpp:CallbackSendHumidityMeasuredEvent():103|Measured average humidity 60.000000[EOL]
[2026-09-22T08:37:02.007239Z][TM_TransferModule.newgen-infrastructure][I][2210053][132]CReadMultipleAnalogTempSensorStep.cpp:StoreReportDataInternal():50|Analog temperature sensor 6: 20.000000 °C[EOL]
[2026-09-22T08:37:02.007281Z][TM_TransferModule.newgen-infrastructure][W][2210075][132]CSensorObserver.cpp:NewTemperatureValueBySensor():204|Sending event TemperatureOutOfRange: TemperatureID: 0, Temperature: 2000[EOL]
[2026-09-22T08:37:02.007285Z][TM_TransferModule.newgen-infrastructure][I][2210053][132]CReadMultipleAnalogTempSensorStep.cpp:StoreReportDataInternal():50|Analog temperature sensor 7: 20.000000 °C[EOL]
[2026-09-22T08:37:02.011174Z][TM_TransferModule.newgen-infrastructure][I][2660020][132]CGetMultipleFanStateStep.cpp:PrintReceivedParameters():105|Received FW parameters: Number of fan: 1: RepFanID: 0, RepFanPWM: 50, RepFanSpeed: 1000; [EOL]
[2026-09-22T08:37:02.829449Z][TM_TransferModule.newgen-infrastructure][W][2330306][132]CRTCyclicEvent.cpp:TimeMissed():101|Cycle miss in event CCSICombinedCmdManager Cyclic Event. Time Overrun is 51 us[EOL]
[2026-09-22T08:37:02.829506Z][TM_TransferModule.newgen-infrastructure][W][2330306][132]CRTCyclicEvent.cpp:TimeMissed():101|Cycle miss in event CCSICombinedRepManager. Time Overrun is 51 us[EOL]
[2026-09-22T08:37:14.499861Z][TM_TransferModule.newgen-infrastructure][W][2330306][132]CRTCyclicEvent.cpp:TimeMissed():101|Cycle miss in event CCSICombinedCmdManager Cyclic Event. Time Overrun is 10475 us[EOL]
[2026-09-22T08:37:14.499884Z][TM_TransferModule.newgen-infrastructure][W][2330306][132]CRTCyclicEvent.cpp:TimeMissed():101|Cycle miss in event CCSICombinedRepManager. Time Overrun is 10475 us[EOL]
[2026-09-22T08:37:17.959409Z][TM_TransferModule.newgen-infrastructure][W][2330306][132]CRTCyclicEvent.cpp:TimeMissed():101|Cycle miss in event CCSICombinedCmdManager Cyclic Event. Time Overrun is 9 us[EOL]
[2026-09-22T08:37:17.959685Z][TM_TransferModule.newgen-infrastructure][W][2330306][132]CRTCyclicEvent.cpp:TimeMissed():101|Cycle miss in event CCSICombinedRepManager. Time Overrun is 9 us[EOL]
[2026-09-22T08:37:28.209207Z][TM_TransferModule.newgen-infrastructure][W][2330306][132]CRTCyclicEvent.cpp:TimeMissed():101|Cycle miss in event CCSICombinedCmdManager Cyclic Event. Time Overrun is 9820 us[EOL]
[2026-09-22T08:37:28.209318Z][TM_TransferModule.newgen-infrastructure][W][2330306][132]CRTCyclicEvent.cpp:TimeMissed():101|Cycle miss in event CCSICombinedRepManager. Time Overrun is 9820 us[EOL]
[2026-09-22T08:37:28.677020Z][TM_TransferModule.newgen-infrastructure][I][2560016][132]IMessageHandler.h:operator()():40|Received RabbitMqMessage Roche.MolLab.InstrumentState.Ping. Content: {"Timestamp":"2026-09-22T08:37:28.6740962Z","PingId":"IS15"}[EOL]
[2026-09-22T08:37:28.677058Z][TM_TransferModule.newgen-infrastructure][I][844444436][132]UnitCommunicator.cpp:SendEvent():424|Publishing event: type=Roche.c68_8800.Infrastructure.TransferModule.Echo correlation_id=(n/a)[EOL]
[2026-09-22T08:37:28.677084Z][TM_TransferModule.newgen-infrastructure][I][2560017][132]MessageSender.h:SendEvent():105|Sent RabbitMqEvent Roche.c68_8800.Infrastructure.TransferModule.Echo. Content: {"Timestamp":"2026-09-22T08:37:28.677053Z","ModuleId":"TransferModule","PingId":"IS15"}[EOL]
[2026-09-22T08:37:37.351690Z][TM_TransferModule.newgen-infrastructure][W][2330306][132]CRTCyclicEvent.cpp:TimeMissed():101|Cycle miss in event CCSICombinedCmdManager Cyclic Event. Time Overrun is 12303 us[EOL]
[2026-09-22T08:37:37.351716Z][TM_TransferModule.newgen-infrastructure][W][2330306][132]CRTCyclicEvent.cpp:TimeMissed():101|Cycle miss in event CCSICombinedRepManager. Time Overrun is 12303 us[EOL]
[2026-09-22T08:37:44.129838Z][TM_TransferModule.newgen-infrastructure][W][2330306][132]CRTCyclicEvent.cpp:TimeMissed():101|Cycle miss in event CCSICombinedCmdManager Cyclic Event. Time Overrun is 20449 us[EOL]
[2026-09-22T08:37:44.129871Z][TM_TransferModule.newgen-infrastructure][W][2330306][132]CRTCyclicEvent.cpp:TimeMissed():101|Cycle miss in event CCSICombinedRepManager. Time Overrun is 20449 us[EOL]
[2026-09-22T08:37:44.252041Z][TM_TransferModule.newgen-infrastructure][W][2330306][132]CRTCyclicEvent.cpp:TimeMissed():101|Cycle miss in event CCSICombinedCmdManager Cyclic Event. Time Overrun is 2568 us[EOL]
[2026-09-22T08:37:44.252070Z][TM_TransferModule.newgen-infrastructure][W][2330306][132]CRTCyclicEvent.cpp:TimeMissed():101|Cycle miss in event CCSICombinedRepManager. Time Overrun is 2568 us[EOL]
[2026-09-22T08:37:58.685807Z][TM_TransferModule.newgen-infrastructure][I][2560016][132]IMessageHandler.h:operator()():40|Received RabbitMqMessage Roche.MolLab.InstrumentState.Ping. Content: {"Timestamp":"2026-09-22T08:37:58.6750384Z","PingId":"IS16"}[EOL]
[2026-09-22T08:37:58.685834Z][TM_TransferModule.newgen-infrastructure][I][844444436][132]UnitCommunicator.cpp:SendEvent():424|Publishing event: type=Roche.c68_8800.Infrastructure.TransferModule.Echo correlation_id=(n/a)[EOL]
[2026-09-22T08:37:58.685886Z][TM_TransferModule.newgen-infrastructure][I][2560017][132]MessageSender.h:SendEvent():105|Sent RabbitMqEvent Roche.c68_8800.Infrastructure.TransferModule.Echo. Content: {"Timestamp":"2026-09-22T08:37:58.685829Z","ModuleId":"TransferModule","PingId":"IS16"}[EOL]
[2026-09-22T08:38:01.948136Z][TM_TransferModule.newgen-infrastructure][I][4560021][132]CSerialPortListener.cpp:VerifyAndParseReport():134|Climate sensor serial port report received: Command Id: 5248[EOL]
[2026-09-22T08:38:01.948172Z][TM_TransferModule.newgen-infrastructure][I][4560018][132]CGetHumidityCommandReport.cpp:ParseReport():44|ClimateSensor library: Humidity received from hardware: 6000[EOL]
[2026-09-22T08:38:01.950086Z][TM_TransferModule.newgen-infrastructure][I][4560021][132]CSerialPortListener.cpp:VerifyAndParseReport():134|Climate sensor serial port report received: Command Id: 5248[EOL]
[2026-09-22T08:38:01.950113Z][TM_TransferModule.newgen-infrastructure][I][4560018][132]CGetHumidityCommandReport.cpp:ParseReport():44|ClimateSensor library: Humidity received from hardware: 6000[EOL]
[2026-09-22T08:38:01.950149Z][TM_TransferModule.newgen-infrastructure][I][0][132]CGetHumidityProcedure.cpp:CallbackSendHumidityMeasuredEvent():103|Measured average humidity 60.000000[EOL]
[2026-09-22T08:38:02.025537Z][TM_TransferModule.newgen-infrastructure][I][2210053][132]CReadMultipleAnalogTempSensorStep.cpp:StoreReportDataInternal():50|Analog temperature sensor 6: 20.000000 °C[EOL]
[2026-09-22T08:38:02.025623Z][TM_TransferModule.newgen-infrastructure][W][2210075][132]CSensorObserver.cpp:NewTemperatureValueBySensor():204|Sending event TemperatureOutOfRange: TemperatureID: 0, Temperature: 2000[EOL]
[2026-09-22T08:38:02.025635Z][TM_TransferModule.newgen-infrastructure][I][2210053][132]CReadMultipleAnalogTempSensorStep.cpp:StoreReportDataInternal():50|Analog temperature sensor 7: 20.000000 °C[EOL]
[2026-09-22T08:38:02.030265Z][TM_TransferModule.newgen-infrastructure][I][2660020][132]CGetMultipleFanStateStep.cpp:PrintReceivedParameters():105|Received FW parameters: Number of fan: 1: RepFanID: 0, RepFanPWM: 50, RepFanSpeed: 1000; [EOL]
[2026-09-22T08:38:04.939967Z][TM_TransferModule.newgen-infrastructure][W][2330306][132]CRTCyclicEvent.cpp:TimeMissed():101|Cycle miss in event CCSICombinedCmdManager Cyclic Event. Time Overrun is 10571 us[EOL]
[2026-09-22T08:38:04.940028Z][TM_TransferModule.newgen-infrastructure][W][2330306][132]CRTCyclicEvent.cpp:TimeMissed():101|Cycle miss in event CCSICombinedRepManager. Time Overrun is 10571 us[EOL]
[2026-09-22T08:38:08.103415Z][TM_TransferModule.newgen-infrastructure][W][2330306][132]CRTCyclicEvent.cpp:TimeMissed():101|Cycle miss in event CCSICombinedCmdManager Cyclic Event. Time Overrun is 4025 us[EOL]
[2026-09-22T08:38:08.103487Z][TM_TransferModule.newgen-infrastructure][W][2330306][132]CRTCyclicEvent.cpp:TimeMissed():101|Cycle miss in event CCSICombinedRepManager. Time Overrun is 4025 us[EOL]
[2026-09-22T08:38:24.452399Z][TM_TransferModule.newgen-infrastructure][W][2330306][132]CRTCyclicEvent.cpp:TimeMissed():101|Cycle miss in event CCSICombinedCmdManager Cyclic Event. Time Overrun is 3011 us[EOL]
[2026-09-22T08:38:24.452432Z][TM_TransferModule.newgen-infrastructure][W][2330306][132]CRTCyclicEvent.cpp:TimeMissed():101|Cycle miss in event CCSICombinedRepManager. Time Overrun is 3011 us[EOL]
[2026-09-22T08:38:28.679829Z][TM_TransferModule.newgen-infrastructure][I][2560016][132]IMessageHandler.h:operator()():40|Received RabbitMqMessage Roche.MolLab.InstrumentState.Ping. Content: {"Timestamp":"2026-09-22T08:38:28.6759171Z","PingId":"IS17"}[EOL]
[2026-09-22T08:38:28.679876Z][TM_TransferModule.newgen-infrastructure][I][844444436][132]UnitCommunicator.cpp:SendEvent():424|Publishing event: type=Roche.c68_8800.Infrastructure.TransferModule.Echo correlation_id=(n/a)[EOL]
[2026-09-22T08:38:28.679908Z][TM_TransferModule.newgen-infrastructure][I][2560017][132]MessageSender.h:SendEvent():105|Sent RabbitMqEvent Roche.c68_8800.Infrastructure.TransferModule.Echo. Content: {"Timestamp":"2026-09-22T08:38:28.679869Z","ModuleId":"TransferModule","PingId":"IS17"}[EOL]
[2026-09-22T08:38:36.720844Z][TM_TransferModule.newgen-infrastructure][W][2330306][132]CRTCyclicEvent.cpp:TimeMissed():101|Cycle miss in event CCSICombinedCmdManager Cyclic Event. Time Overrun is 1457 us[EOL]
[2026-09-22T08:38:36.721781Z][TM_TransferModule.newgen-infrastructure][W][2330306][132]CRTCyclicEvent.cpp:TimeMissed():101|Cycle miss in event CCSICombinedRepManager. Time Overrun is 1457 us[EOL]
[2026-09-22T08:38:53.342807Z][TM_TransferModule.newgen-infrastructure][W][2330306][132]CRTCyclicEvent.cpp:TimeMissed():101|Cycle miss in event CCSICombinedCmdManager Cyclic Event. Time Overrun is 3419 us[EOL]
[2026-09-22T08:38:53.342891Z][TM_TransferModule.newgen-infrastructure][W][2330306][132]CRTCyclicEvent.cpp:TimeMissed():101|Cycle miss in event CCSICombinedRepManager. Time Overrun is 3419 us[EOL]
[2026-09-22T08:38:58.678567Z][TM_TransferModule.newgen-infrastructure][I][2560016][132]IMessageHandler.h:operator()():40|Received RabbitMqMessage Roche.MolLab.InstrumentState.Ping. Content: {"Timestamp":"2026-09-22T08:38:58.6756067Z","PingId":"IS18"}[EOL]
[2026-09-22T08:38:58.678606Z][TM_TransferModule.newgen-infrastructure][I][844444436][132]UnitCommunicator.cpp:SendEvent():424|Publishing event: type=Roche.c68_8800.Infrastructure.TransferModule.Echo correlation_id=(n/a)[EOL]
[2026-09-22T08:38:58.678635Z][TM_TransferModule.newgen-infrastructure][I][2560017][132]MessageSender.h:SendEvent():105|Sent RabbitMqEvent Roche.c68_8800.Infrastructure.TransferModule.Echo. Content: {"Timestamp":"2026-09-22T08:38:58.678600Z","ModuleId":"TransferModule","PingId":"IS18"}[EOL]
[2026-09-22T08:39:01.948281Z][TM_TransferModule.newgen-infrastructure][I][4560021][132]CSerialPortListener.cpp:VerifyAndParseReport():134|Climate sensor serial port report received: Command Id: 5248[EOL]
[2026-09-22T08:39:01.948313Z][TM_TransferModule.newgen-infrastructure][I][4560018][132]CGetHumidityCommandReport.cpp:ParseReport():44|ClimateSensor library: Humidity received from hardware: 6000[EOL]
[2026-09-22T08:39:01.950300Z][TM_TransferModule.newgen-infrastructure][I][4560021][132]CSerialPortListener.cpp:VerifyAndParseReport():134|Climate sensor serial port report received: Command Id: 5248[EOL]
[2026-09-22T08:39:01.950414Z][TM_TransferModule.newgen-infrastructure][I][4560018][132]CGetHumidityCommandReport.cpp:ParseReport():44|ClimateSensor library: Humidity received from hardware: 6000[EOL]
[2026-09-22T08:39:01.950461Z][TM_TransferModule.newgen-infrastructure][I][0][132]CGetHumidityProcedure.cpp:CallbackSendHumidityMeasuredEvent():103|Measured average humidity 60.000000[EOL]
[2026-09-22T08:39:02.043178Z][TM_TransferModule.newgen-infrastructure][I][2210053][132]CReadMultipleAnalogTempSensorStep.cpp:StoreReportDataInternal():50|Analog temperature sensor 6: 20.000000 °C[EOL]
[2026-09-22T08:39:02.043263Z][TM_TransferModule.newgen-infrastructure][W][2210075][132]CSensorObserver.cpp:NewTemperatureValueBySensor():204|Sending event TemperatureOutOfRange: TemperatureID: 0, Temperature: 2000[EOL]
[2026-09-22T08:39:02.043276Z][TM_TransferModule.newgen-infrastructure][I][2210053][132]CReadMultipleAnalogTempSensorStep.cpp:StoreReportDataInternal():50|Analog temperature sensor 7: 20.000000 °C[EOL]
[2026-09-22T08:39:02.047077Z][TM_TransferModule.newgen-infrastructure][I][2660020][132]CGetMultipleFanStateStep.cpp:PrintReceivedParameters():105|Received FW parameters: Number of fan: 1: RepFanID: 0, RepFanPWM: 50, RepFanSpeed: 1000; [EOL]
[2026-09-22T08:39:05.351107Z][TM_TransferModule.newgen-infrastructure][W][2330306][132]CRTCyclicEvent.cpp:TimeMissed():101|Cycle miss in event CCSICombinedCmdManager Cyclic Event. Time Overrun is 11719 us[EOL]
[2026-09-22T08:39:05.351145Z][TM_TransferModule.newgen-infrastructure][W][2330306][132]CRTCyclicEvent.cpp:TimeMissed():101|Cycle miss in event CCSICombinedRepManager. Time Overrun is 11719 us[EOL]
[2026-09-22T08:39:06.080012Z][TM_TransferModule.newgen-infrastructure][W][2330306][132]CRTCyclicEvent.cpp:TimeMissed():101|Cycle miss in event CCSICombinedCmdManager Cyclic Event. Time Overrun is 627 us[EOL]
[2026-09-22T08:39:06.080031Z][TM_TransferModule.newgen-infrastructure][W][2330306][132]CRTCyclicEvent.cpp:TimeMissed():101|Cycle miss in event CCSICombinedRepManager. Time Overrun is 627 us[EOL]
[2026-09-22T08:39:06.543259Z][TM_TransferModule.newgen-infrastructure][W][2330306][132]CRTCyclicEvent.cpp:TimeMissed():101|Cycle miss in event CCSICombinedCmdManager Cyclic Event. Time Overrun is 3874 us[EOL]
[2026-09-22T08:39:06.543278Z][TM_TransferModule.newgen-infrastructure][W][2330306][132]CRTCyclicEvent.cpp:TimeMissed():101|Cycle miss in event CCSICombinedRepManager. Time Overrun is 3874 us[EOL]
[2026-09-22T08:39:17.942118Z][TM_TransferModule.newgen-infrastructure][W][2330306][132]CRTCyclicEvent.cpp:TimeMissed():101|Cycle miss in event CCSICombinedCmdManager Cyclic Event. Time Overrun is 2721 us[EOL]
[2026-09-22T08:39:17.942205Z][TM_TransferModule.newgen-infrastructure][W][2330306][132]CRTCyclicEvent.cpp:TimeMissed():101|Cycle miss in event CCSICombinedRepManager. Time Overrun is 2721 us[EOL]
[2026-09-22T08:39:21.600835Z][TM_TransferModule.newgen-infrastructure][W][2330306][132]CRTCyclicEvent.cpp:TimeMissed():101|Cycle miss in event CCSICombinedCmdManager Cyclic Event. Time Overrun is 1444 us[EOL]
[2026-09-22T08:39:21.600894Z][TM_TransferModule.newgen-infrastructure][W][2330306][132]CRTCyclicEvent.cpp:TimeMissed():101|Cycle miss in event CCSICombinedRepManager. Time Overrun is 1444 us[EOL]
[2026-09-22T08:39:25.733536Z][TM_TransferModule.newgen-infrastructure][W][2330306][132]CRTCyclicEvent.cpp:TimeMissed():101|Cycle miss in event CCSICombinedCmdManager Cyclic Event. Time Overrun is 4150 us[EOL]
[2026-09-22T08:39:25.733573Z][TM_TransferModule.newgen-infrastructure][W][2330306][132]CRTCyclicEvent.cpp:TimeMissed():101|Cycle miss in event CCSICombinedRepManager. Time Overrun is 4150 us[EOL]
[2026-09-22T08:39:25.991635Z][TM_TransferModule.newgen-infrastructure][W][2330306][132]CRTCyclicEvent.cpp:TimeMissed():101|Cycle miss in event CCSICombinedCmdManager Cyclic Event. Time Overrun is 2249 us[EOL]
[2026-09-22T08:39:25.991654Z][TM_TransferModule.newgen-infrastructure][W][2330306][132]CRTCyclicEvent.cpp:TimeMissed():101|Cycle miss in event CCSICombinedRepManager. Time Overrun is 2249 us[EOL]
[2026-09-22T08:39:26.650448Z][TM_TransferModule.newgen-infrastructure][W][2330306][132]CRTCyclicEvent.cpp:TimeMissed():101|Cycle miss in event CCSICombinedCmdManager Cyclic Event. Time Overrun is 1063 us[EOL]
[2026-09-22T08:39:26.650467Z][TM_TransferModule.newgen-infrastructure][W][2330306][132]CRTCyclicEvent.cpp:TimeMissed():101|Cycle miss in event CCSICombinedRepManager. Time Overrun is 1063 us[EOL]
[2026-09-22T08:39:27.827271Z][TM_TransferModule.newgen-infrastructure][W][2330306][132]CRTCyclicEvent.cpp:TimeMissed():101|Cycle miss in event CCSICombinedCmdManager Cyclic Event. Time Overrun is 7884 us[EOL]
[2026-09-22T08:39:27.827297Z][TM_TransferModule.newgen-infrastructure][W][2330306][132]CRTCyclicEvent.cpp:TimeMissed():101|Cycle miss in event CCSICombinedRepManager. Time Overrun is 7884 us[EOL]
[2026-09-22T08:39:28.677657Z][TM_TransferModule.newgen-infrastructure][I][2560016][132]IMessageHandler.h:operator()():40|Received RabbitMqMessage Roche.MolLab.InstrumentState.Ping. Content: {"Timestamp":"2026-09-22T08:39:28.6740918Z","PingId":"IS19"}[EOL]
[2026-09-22T08:39:28.677710Z][TM_TransferModule.newgen-infrastructure][I][844444436][132]UnitCommunicator.cpp:SendEvent():424|Publishing event: type=Roche.c68_8800.Infrastructure.TransferModule.Echo correlation_id=(n/a)[EOL]
[2026-09-22T08:39:28.677740Z][TM_TransferModule.newgen-infrastructure][I][2560017][132]MessageSender.h:SendEvent():105|Sent RabbitMqEvent Roche.c68_8800.Infrastructure.TransferModule.Echo. Content: {"Timestamp":"2026-09-22T08:39:28.677702Z","ModuleId":"TransferModule","PingId":"IS19"}[EOL]
[2026-09-22T08:39:28.860996Z][TM_TransferModule.newgen-infrastructure][W][2330306][132]CRTCyclicEvent.cpp:TimeMissed():101|Cycle miss in event CCSICombinedCmdManager Cyclic Event. Time Overrun is 1607 us[EOL]
[2026-09-22T08:39:28.861038Z][TM_TransferModule.newgen-infrastructure][W][2330306][132]CRTCyclicEvent.cpp:TimeMissed():101|Cycle miss in event CCSICombinedRepManager. Time Overrun is 1607 us[EOL]
[2026-09-22T08:39:51.650664Z][TM_TransferModule.newgen-infrastructure][W][2330306][132]CRTCyclicEvent.cpp:TimeMissed():101|Cycle miss in event CCSICombinedCmdManager Cyclic Event. Time Overrun is 11278 us[EOL]
[2026-09-22T08:39:51.650904Z][TM_TransferModule.newgen-infrastructure][W][2330306][132]CRTCyclicEvent.cpp:TimeMissed():101|Cycle miss in event CCSICombinedRepManager. Time Overrun is 11278 us[EOL]
[2026-09-22T08:39:55.565731Z][TM_TransferModule.newgen-infrastructure][W][2330306][132]CRTCyclicEvent.cpp:TimeMissed():101|Cycle miss in event CCSICombinedCmdManager Cyclic Event. Time Overrun is 6345 us[EOL]
[2026-09-22T08:39:55.565763Z][TM_TransferModule.newgen-infrastructure][W][2330306][132]CRTCyclicEvent.cpp:TimeMissed():101|Cycle miss in event CCSICombinedRepManager. Time Overrun is 6345 us[EOL]
[2026-09-22T08:39:58.683954Z][TM_TransferModule.newgen-infrastructure][I][2560016][132]IMessageHandler.h:operator()():40|Received RabbitMqMessage Roche.MolLab.InstrumentState.Ping. Content: {"Timestamp":"2026-09-22T08:39:58.6732312Z","PingId":"IS20"}[EOL]
[2026-09-22T08:39:58.683990Z][TM_TransferModule.newgen-infrastructure][I][844444436][132]UnitCommunicator.cpp:SendEvent():424|Publishing event: type=Roche.c68_8800.Infrastructure.TransferModule.Echo correlation_id=(n/a)[EOL]
[2026-09-22T08:39:58.684018Z][TM_TransferModule.newgen-infrastructure][I][2560017][132]MessageSender.h:SendEvent():105|Sent RabbitMqEvent Roche.c68_8800.Infrastructure.TransferModule.Echo. Content: {"Timestamp":"2026-09-22T08:39:58.683985Z","ModuleId":"TransferModule","PingId":"IS20"}[EOL]
[2026-09-22T08:40:01.951267Z][TM_TransferModule.newgen-infrastructure][I][4560021][132]CSerialPortListener.cpp:VerifyAndParseReport():134|Climate sensor serial port report received: Command Id: 5248[EOL]
[2026-09-22T08:40:01.951370Z][TM_TransferModule.newgen-infrastructure][I][4560018][132]CGetHumidityCommandReport.cpp:ParseReport():44|ClimateSensor library: Humidity received from hardware: 6000[EOL]
[2026-09-22T08:40:01.953312Z][TM_TransferModule.newgen-infrastructure][I][4560021][132]CSerialPortListener.cpp:VerifyAndParseReport():134|Climate sensor serial port report received: Command Id: 5248[EOL]
[2026-09-22T08:40:01.953335Z][TM_TransferModule.newgen-infrastructure][I][4560018][132]CGetHumidityCommandReport.cpp:ParseReport():44|ClimateSensor library: Humidity received from hardware: 6000[EOL]
[2026-09-22T08:40:01.953543Z][TM_TransferModule.newgen-infrastructure][I][0][132]CGetHumidityProcedure.cpp:CallbackSendHumidityMeasuredEvent():103|Measured average humidity 60.000000[EOL]
[2026-09-22T08:40:02.062159Z][TM_TransferModule.newgen-infrastructure][I][2210053][132]CReadMultipleAnalogTempSensorStep.cpp:StoreReportDataInternal():50|Analog temperature sensor 6: 20.000000 °C[EOL]
[2026-09-22T08:40:02.062231Z][TM_TransferModule.newgen-infrastructure][W][2210075][132]CSensorObserver.cpp:NewTemperatureValueBySensor():204|Sending event TemperatureOutOfRange: TemperatureID: 0, Temperature: 2000[EOL]
[2026-09-22T08:40:02.062256Z][TM_TransferModule.newgen-infrastructure][I][2210053][132]CReadMultipleAnalogTempSensorStep.cpp:StoreReportDataInternal():50|Analog temperature sensor 7: 20.000000 °C[EOL]
[2026-09-22T08:40:02.066880Z][TM_TransferModule.newgen-infrastructure][I][2660020][132]CGetMultipleFanStateStep.cpp:PrintReceivedParameters():105|Received FW parameters: Number of fan: 1: RepFanID: 0, RepFanPWM: 50, RepFanSpeed: 1000; [EOL]
[2026-09-22T08:40:06.941250Z][TM_TransferModule.newgen-infrastructure][W][2330306][132]CRTCyclicEvent.cpp:TimeMissed():101|Cycle miss in event CCSICombinedCmdManager Cyclic Event. Time Overrun is 1857 us[EOL]
[2026-09-22T08:40:06.941431Z][TM_TransferModule.newgen-infrastructure][W][2330306][132]CRTCyclicEvent.cpp:TimeMissed():101|Cycle miss in event CCSICombinedRepManager. Time Overrun is 1857 us[EOL]
[2026-09-22T08:40:12.470847Z][TM_TransferModule.newgen-infrastructure][W][2330306][132]CRTCyclicEvent.cpp:TimeMissed():101|Cycle miss in event CCSICombinedCmdManager Cyclic Event. Time Overrun is 1460 us[EOL]
[2026-09-22T08:40:12.470873Z][TM_TransferModule.newgen-infrastructure][W][2330306][132]CRTCyclicEvent.cpp:TimeMissed():101|Cycle miss in event CCSICombinedRepManager. Time Overrun is 1460 us[EOL]
[2026-09-22T08:40:19.990102Z][TM_TransferModule.newgen-infrastructure][W][2330306][132]CRTCyclicEvent.cpp:TimeMissed():101|Cycle miss in event CCSICombinedCmdManager Cyclic Event. Time Overrun is 714 us[EOL]
[2026-09-22T08:40:19.990129Z][TM_TransferModule.newgen-infrastructure][W][2330306][132]CRTCyclicEvent.cpp:TimeMissed():101|Cycle miss in event CCSICombinedRepManager. Time Overrun is 714 us[EOL]
[2026-09-22T08:40:25.209530Z][TM_TransferModule.newgen-infrastructure][W][2330306][132]CRTCyclicEvent.cpp:TimeMissed():101|Cycle miss in event CCSICombinedCmdManager Cyclic Event. Time Overrun is 137 us[EOL]
[2026-09-22T08:40:25.209577Z][TM_TransferModule.newgen-infrastructure][W][2330306][132]CRTCyclicEvent.cpp:TimeMissed():101|Cycle miss in event CCSICombinedRepManager. Time Overrun is 137 us[EOL]
[2026-09-22T08:40:26.730160Z][TM_TransferModule.newgen-infrastructure][W][2330306][132]CRTCyclicEvent.cpp:TimeMissed():101|Cycle miss in event CCSICombinedCmdManager Cyclic Event. Time Overrun is 772 us[EOL]
[2026-09-22T08:40:26.730195Z][TM_TransferModule.newgen-infrastructure][W][2330306][132]CRTCyclicEvent.cpp:TimeMissed():101|Cycle miss in event CCSICombinedRepManager. Time Overrun is 772 us[EOL]
[2026-09-22T08:40:28.681661Z][TM_TransferModule.newgen-infrastructure][I][2560016][132]IMessageHandler.h:operator()():40|Received RabbitMqMessage Roche.MolLab.InstrumentState.Ping. Content: {"Timestamp":"2026-09-22T08:40:28.6739066Z","PingId":"IS21"}[EOL]
[2026-09-22T08:40:28.681716Z][TM_TransferModule.newgen-infrastructure][I][844444436][132]UnitCommunicator.cpp:SendEvent():424|Publishing event: type=Roche.c68_8800.Infrastructure.TransferModule.Echo correlation_id=(n/a)[EOL]
[2026-09-22T08:40:28.681762Z][TM_TransferModule.newgen-infrastructure][I][2560017][132]MessageSender.h:SendEvent():105|Sent RabbitMqEvent Roche.c68_8800.Infrastructure.TransferModule.Echo. Content: {"Timestamp":"2026-09-22T08:40:28.681707Z","ModuleId":"TransferModule","PingId":"IS21"}[EOL]
[2026-09-22T08:40:42.015011Z][TM_TransferModule.newgen-infrastructure][W][2330306][132]CRTCyclicEvent.cpp:TimeMissed():101|Cycle miss in event CCSICombinedCmdManager Cyclic Event. Time Overrun is 15615 us[EOL]
[2026-09-22T08:40:42.015075Z][TM_TransferModule.newgen-infrastructure][W][2330306][132]CRTCyclicEvent.cpp:TimeMissed():101|Cycle miss in event CCSICombinedRepManager. Time Overrun is 15615 us[EOL]
[2026-09-22T08:40:49.696913Z][TM_TransferModule.newgen-infrastructure][W][2330306][132]CRTCyclicEvent.cpp:TimeMissed():101|Cycle miss in event CCSICombinedCmdManager Cyclic Event. Time Overrun is 7525 us[EOL]
[2026-09-22T08:40:49.696953Z][TM_TransferModule.newgen-infrastructure][W][2330306][132]CRTCyclicEvent.cpp:TimeMissed():101|Cycle miss in event CCSICombinedRepManager. Time Overrun is 7525 us[EOL]
[2026-09-22T08:40:54.262007Z][TM_TransferModule.newgen-infrastructure][W][2330306][132]CRTCyclicEvent.cpp:TimeMissed():101|Cycle miss in event CCSICombinedCmdManager Cyclic Event. Time Overrun is 2620 us[EOL]
[2026-09-22T08:40:54.262030Z][TM_TransferModule.newgen-infrastructure][W][2330306][132]CRTCyclicEvent.cpp:TimeMissed():101|Cycle miss in event CCSICombinedRepManager. Time Overrun is 2620 us[EOL]
[2026-09-22T08:40:58.675396Z][TM_TransferModule.newgen-infrastructure][I][2560016][132]IMessageHandler.h:operator()():40|Received RabbitMqMessage Roche.MolLab.InstrumentState.Ping. Content: {"Timestamp":"2026-09-22T08:40:58.6734324Z","PingId":"IS22"}[EOL]
[2026-09-22T08:40:58.675442Z][TM_TransferModule.newgen-infrastructure][I][844444436][132]UnitCommunicator.cpp:SendEvent():424|Publishing event: type=Roche.c68_8800.Infrastructure.TransferModule.Echo correlation_id=(n/a)[EOL]
[2026-09-22T08:40:58.675510Z][TM_TransferModule.newgen-infrastructure][I][2560017][132]MessageSender.h:SendEvent():105|Sent RabbitMqEvent Roche.c68_8800.Infrastructure.TransferModule.Echo. Content: {"Timestamp":"2026-09-22T08:40:58.675435Z","ModuleId":"TransferModule","PingId":"IS22"}[EOL]
[2026-09-22T08:41:01.949168Z][TM_TransferModule.newgen-infrastructure][I][4560021][132]CSerialPortListener.cpp:VerifyAndParseReport():134|Climate sensor serial port report received: Command Id: 5248[EOL]
[2026-09-22T08:41:01.949209Z][TM_TransferModule.newgen-infrastructure][I][4560018][132]CGetHumidityCommandReport.cpp:ParseReport():44|ClimateSensor library: Humidity received from hardware: 6000[EOL]
[2026-09-22T08:41:01.951318Z][TM_TransferModule.newgen-infrastructure][I][4560021][132]CSerialPortListener.cpp:VerifyAndParseReport():134|Climate sensor serial port report received: Command Id: 5248[EOL]
[2026-09-22T08:41:01.951353Z][TM_TransferModule.newgen-infrastructure][I][4560018][132]CGetHumidityCommandReport.cpp:ParseReport():44|ClimateSensor library: Humidity received from hardware: 6000[EOL]
[2026-09-22T08:41:01.951389Z][TM_TransferModule.newgen-infrastructure][I][0][132]CGetHumidityProcedure.cpp:CallbackSendHumidityMeasuredEvent():103|Measured average humidity 60.000000[EOL]
[2026-09-22T08:41:02.081852Z][TM_TransferModule.newgen-infrastructure][I][2210053][132]CReadMultipleAnalogTempSensorStep.cpp:StoreReportDataInternal():50|Analog temperature sensor 6: 20.000000 °C[EOL]
[2026-09-22T08:41:02.081933Z][TM_TransferModule.newgen-infrastructure][W][2210075][132]CSensorObserver.cpp:NewTemperatureValueBySensor():204|Sending event TemperatureOutOfRange: TemperatureID: 0, Temperature: 2000[EOL]
[2026-09-22T08:41:02.081966Z][TM_TransferModule.newgen-infrastructure][I][2210053][132]CReadMultipleAnalogTempSensorStep.cpp:StoreReportDataInternal():50|Analog temperature sensor 7: 20.000000 °C[EOL]
[2026-09-22T08:41:02.086100Z][TM_TransferModule.newgen-infrastructure][I][2660020][132]CGetMultipleFanStateStep.cpp:PrintReceivedParameters():105|Received FW parameters: Number of fan: 1: RepFanID: 0, RepFanPWM: 50, RepFanSpeed: 1000; [EOL]
[2026-09-22T08:41:08.817271Z][TM_TransferModule.newgen-infrastructure][W][2330306][132]CRTCyclicEvent.cpp:TimeMissed():101|Cycle miss in event CCSICombinedCmdManager Cyclic Event. Time Overrun is 7884 us[EOL]
[2026-09-22T08:41:08.817296Z][TM_TransferModule.newgen-infrastructure][W][2330306][132]CRTCyclicEvent.cpp:TimeMissed():101|Cycle miss in event CCSICombinedRepManager. Time Overrun is 7884 us[EOL]
[2026-09-22T08:41:25.177203Z][TM_TransferModule.newgen-infrastructure][W][2330306][132]CRTCyclicEvent.cpp:TimeMissed():101|Cycle miss in event CCSICombinedCmdManager Cyclic Event. Time Overrun is 17818 us[EOL]
[2026-09-22T08:41:25.177222Z][TM_TransferModule.newgen-infrastructure][W][2330306][132]CRTCyclicEvent.cpp:TimeMissed():101|Cycle miss in event CCSICombinedRepManager. Time Overrun is 17818 us[EOL]
[2026-09-22T08:41:28.680155Z][TM_TransferModule.newgen-infrastructure][I][2560016][132]IMessageHandler.h:operator()():40|Received RabbitMqMessage Roche.MolLab.InstrumentState.Ping. Content: {"Timestamp":"2026-09-22T08:41:28.6758998Z","PingId":"IS23"}[EOL]
[2026-09-22T08:41:28.680192Z][TM_TransferModule.newgen-infrastructure][I][844444436][132]UnitCommunicator.cpp:SendEvent():424|Publishing event: type=Roche.c68_8800.Infrastructure.TransferModule.Echo correlation_id=(n/a)[EOL]
[2026-09-22T08:41:28.680216Z][TM_TransferModule.newgen-infrastructure][I][2560017][132]MessageSender.h:SendEvent():105|Sent RabbitMqEvent Roche.c68_8800.Infrastructure.TransferModule.Echo. Content: {"Timestamp":"2026-09-22T08:41:28.680186Z","ModuleId":"TransferModule","PingId":"IS23"}[EOL]
[2026-09-22T08:41:39.073593Z][TM_TransferModule.newgen-infrastructure][W][2330306][132]CRTCyclicEvent.cpp:TimeMissed():101|Cycle miss in event CCSICombinedCmdManager Cyclic Event. Time Overrun is 4202 us[EOL]
[2026-09-22T08:41:39.073621Z][TM_TransferModule.newgen-infrastructure][W][2330306][132]CRTCyclicEvent.cpp:TimeMissed():101|Cycle miss in event CCSICombinedRepManager. Time Overrun is 4202 us[EOL]
[2026-09-22T08:41:50.048034Z][TM_TransferModule.newgen-infrastructure][W][2330306][132]CRTCyclicEvent.cpp:TimeMissed():101|Cycle miss in event CCSICombinedCmdManager Cyclic Event. Time Overrun is 8648 us[EOL]
[2026-09-22T08:41:50.048056Z][TM_TransferModule.newgen-infrastructure][W][2330306][132]CRTCyclicEvent.cpp:TimeMissed():101|Cycle miss in event CCSICombinedRepManager. Time Overrun is 8648 us[EOL]
[2026-09-22T08:41:55.221015Z][TM_TransferModule.newgen-infrastructure][W][2330306][132]CRTCyclicEvent.cpp:TimeMissed():101|Cycle miss in event CCSICombinedCmdManager Cyclic Event. Time Overrun is 1629 us[EOL]
[2026-09-22T08:41:55.221039Z][TM_TransferModule.newgen-infrastructure][W][2330306][132]CRTCyclicEvent.cpp:TimeMissed():101|Cycle miss in event CCSICombinedRepManager. Time Overrun is 1629 us[EOL]
[2026-09-22T08:41:58.694825Z][TM_TransferModule.newgen-infrastructure][I][2560016][132]IMessageHandler.h:operator()():40|Received RabbitMqMessage Roche.MolLab.InstrumentState.Ping. Content: {"Timestamp":"2026-09-22T08:41:58.6738087Z","PingId":"IS24"}[EOL]
[2026-09-22T08:41:58.694854Z][TM_TransferModule.newgen-infrastructure][I][844444436][132]UnitCommunicator.cpp:SendEvent():424|Publishing event: type=Roche.c68_8800.Infrastructure.TransferModule.Echo correlation_id=(n/a)[EOL]
[2026-09-22T08:41:58.694871Z][TM_TransferModule.newgen-infrastructure][I][2560017][132]MessageSender.h:SendEvent():105|Sent RabbitMqEvent Roche.c68_8800.Infrastructure.TransferModule.Echo. Content: {"Timestamp":"2026-09-22T08:41:58.694850Z","ModuleId":"TransferModule","PingId":"IS24"}[EOL]
[2026-09-22T08:42:01.951189Z][TM_TransferModule.newgen-infrastructure][I][4560021][132]CSerialPortListener.cpp:VerifyAndParseReport():134|Climate sensor serial port report received: Command Id: 5248[EOL]
[2026-09-22T08:42:01.951313Z][TM_TransferModule.newgen-infrastructure][I][4560018][132]CGetHumidityCommandReport.cpp:ParseReport():44|ClimateSensor library: Humidity received from hardware: 6000[EOL]
[2026-09-22T08:42:01.953214Z][TM_TransferModule.newgen-infrastructure][I][4560021][132]CSerialPortListener.cpp:VerifyAndParseReport():134|Climate sensor serial port report received: Command Id: 5248[EOL]
[2026-09-22T08:42:01.953277Z][TM_TransferModule.newgen-infrastructure][I][4560018][132]CGetHumidityCommandReport.cpp:ParseReport():44|ClimateSensor library: Humidity received from hardware: 6000[EOL]
[2026-09-22T08:42:01.953383Z][TM_TransferModule.newgen-infrastructure][I][0][132]CGetHumidityProcedure.cpp:CallbackSendHumidityMeasuredEvent():103|Measured average humidity 60.000000[EOL]
[2026-09-22T08:42:02.098217Z][TM_TransferModule.newgen-infrastructure][I][2210053][132]CReadMultipleAnalogTempSensorStep.cpp:StoreReportDataInternal():50|Analog temperature sensor 6: 20.000000 °C[EOL]
[2026-09-22T08:42:02.098263Z][TM_TransferModule.newgen-infrastructure][W][2210075][132]CSensorObserver.cpp:NewTemperatureValueBySensor():204|Sending event TemperatureOutOfRange: TemperatureID: 0, Temperature: 2000[EOL]
[2026-09-22T08:42:02.098269Z][TM_TransferModule.newgen-infrastructure][I][2210053][132]CReadMultipleAnalogTempSensorStep.cpp:StoreReportDataInternal():50|Analog temperature sensor 7: 20.000000 °C[EOL]
[2026-09-22T08:42:02.102287Z][TM_TransferModule.newgen-infrastructure][I][2660020][132]CGetMultipleFanStateStep.cpp:PrintReceivedParameters():105|Received FW parameters: Number of fan: 1: RepFanID: 0, RepFanPWM: 50, RepFanSpeed: 1000; [EOL]
[2026-09-22T08:42:14.210432Z][TM_TransferModule.newgen-infrastructure][W][2330306][132]CRTCyclicEvent.cpp:TimeMissed():101|Cycle miss in event CCSICombinedCmdManager Cyclic Event. Time Overrun is 11042 us[EOL]
[2026-09-22T08:42:14.210473Z][TM_TransferModule.newgen-infrastructure][W][2330306][132]CRTCyclicEvent.cpp:TimeMissed():101|Cycle miss in event CCSICombinedRepManager. Time Overrun is 11042 us[EOL]
[2026-09-22T08:42:24.578341Z][TM_TransferModule.newgen-infrastructure][W][2330306][132]CRTCyclicEvent.cpp:TimeMissed():101|Cycle miss in event CCSICombinedCmdManager Cyclic Event. Time Overrun is 8953 us[EOL]
[2026-09-22T08:42:24.578361Z][TM_TransferModule.newgen-infrastructure][W][2330306][132]CRTCyclicEvent.cpp:TimeMissed():101|Cycle miss in event CCSICombinedRepManager. Time Overrun is 8953 us[EOL]
[2026-09-22T08:42:27.287387Z][TM_TransferModule.newgen-infrastructure][W][2330306][132]CRTCyclicEvent.cpp:TimeMissed():101|Cycle miss in event CCSICombinedCmdManager Cyclic Event. Time Overrun is 17999 us[EOL]
[2026-09-22T08:42:27.287423Z][TM_TransferModule.newgen-infrastructure][W][2330306][132]CRTCyclicEvent.cpp:TimeMissed():101|Cycle miss in event CCSICombinedRepManager. Time Overrun is 17999 us[EOL]
[2026-09-22T08:42:27.541512Z][TM_TransferModule.newgen-infrastructure][W][2330306][132]CRTCyclicEvent.cpp:TimeMissed():101|Cycle miss in event CCSICombinedCmdManager Cyclic Event. Time Overrun is 22120 us[EOL]
[2026-09-22T08:42:27.541579Z][TM_TransferModule.newgen-infrastructure][W][2330306][132]CRTCyclicEvent.cpp:TimeMissed():101|Cycle miss in event CCSICombinedRepManager. Time Overrun is 22120 us[EOL]
[2026-09-22T08:42:28.683197Z][TM_TransferModule.newgen-infrastructure][I][2560016][132]IMessageHandler.h:operator()():40|Received RabbitMqMessage Roche.MolLab.InstrumentState.Ping. Content: {"Timestamp":"2026-09-22T08:42:28.6758628Z","PingId":"IS25"}[EOL]
[2026-09-22T08:42:28.683229Z][TM_TransferModule.newgen-infrastructure][I][844444436][132]UnitCommunicator.cpp:SendEvent():424|Publishing event: type=Roche.c68_8800.Infrastructure.TransferModule.Echo correlation_id=(n/a)[EOL]
[2026-09-22T08:42:28.683252Z][TM_TransferModule.newgen-infrastructure][I][2560017][132]MessageSender.h:SendEvent():105|Sent RabbitMqEvent Roche.c68_8800.Infrastructure.TransferModule.Echo. Content: {"Timestamp":"2026-09-22T08:42:28.683224Z","ModuleId":"TransferModule","PingId":"IS25"}[EOL]
[2026-09-22T08:42:29.425523Z][TM_TransferModule.newgen-infrastructure][W][2330306][132]CRTCyclicEvent.cpp:TimeMissed():101|Cycle miss in event CCSICombinedCmdManager Cyclic Event. Time Overrun is 6127 us[EOL]
[2026-09-22T08:42:29.425553Z][TM_TransferModule.newgen-infrastructure][W][2330306][132]CRTCyclicEvent.cpp:TimeMissed():101|Cycle miss in event CCSICombinedRepManager. Time Overrun is 6127 us[EOL]
[2026-09-22T08:42:39.842819Z][TM_TransferModule.newgen-infrastructure][W][2330306][132]CRTCyclicEvent.cpp:TimeMissed():101|Cycle miss in event CCSICombinedCmdManager Cyclic Event. Time Overrun is 3431 us[EOL]
[2026-09-22T08:42:39.842852Z][TM_TransferModule.newgen-infrastructure][W][2330306][132]CRTCyclicEvent.cpp:TimeMissed():101|Cycle miss in event CCSICombinedRepManager. Time Overrun is 3431 us[EOL]
[2026-09-22T08:42:40.235379Z][TM_TransferModule.newgen-infrastructure][W][2330306][132]CRTCyclicEvent.cpp:TimeMissed():101|Cycle miss in event CCSICombinedCmdManager Cyclic Event. Time Overrun is 5992 us[EOL]
[2026-09-22T08:42:40.235411Z][TM_TransferModule.newgen-infrastructure][W][2330306][132]CRTCyclicEvent.cpp:TimeMissed():101|Cycle miss in event CCSICombinedRepManager. Time Overrun is 5992 us[EOL]
[2026-09-22T08:42:45.160782Z][TM_TransferModule.newgen-infrastructure][W][2330306][132]CRTCyclicEvent.cpp:TimeMissed():101|Cycle miss in event CCSICombinedCmdManager Cyclic Event. Time Overrun is 1394 us[EOL]
[2026-09-22T08:42:45.160853Z][TM_TransferModule.newgen-infrastructure][W][2330306][132]CRTCyclicEvent.cpp:TimeMissed():101|Cycle miss in event CCSICombinedRepManager. Time Overrun is 1394 us[EOL]
[2026-09-22T08:42:51.442918Z][TM_TransferModule.newgen-infrastructure][W][2330306][132]CRTCyclicEvent.cpp:TimeMissed():101|Cycle miss in event CCSICombinedCmdManager Cyclic Event. Time Overrun is 3520 us[EOL]
[2026-09-22T08:42:51.442956Z][TM_TransferModule.newgen-infrastructure][W][2330306][132]CRTCyclicEvent.cpp:TimeMissed():101|Cycle miss in event CCSICombinedRepManager. Time Overrun is 3520 us[EOL]
[2026-09-22T08:42:57.859711Z][TM_TransferModule.newgen-infrastructure][W][2330306][132]CRTCyclicEvent.cpp:TimeMissed():101|Cycle miss in event CCSICombinedCmdManager Cyclic Event. Time Overrun is 325 us[EOL]
[2026-09-22T08:42:57.859764Z][TM_TransferModule.newgen-infrastructure][W][2330306][132]CRTCyclicEvent.cpp:TimeMissed():101|Cycle miss in event CCSICombinedRepManager. Time Overrun is 325 us[EOL]
[2026-09-22T08:42:58.707885Z][TM_TransferModule.newgen-infrastructure][I][2560016][132]IMessageHandler.h:operator()():40|Received RabbitMqMessage Roche.MolLab.InstrumentState.Ping. Content: {"Timestamp":"2026-09-22T08:42:58.6760266Z","PingId":"IS26"}[EOL]
[2026-09-22T08:42:58.707941Z][TM_TransferModule.newgen-infrastructure][I][844444436][132]UnitCommunicator.cpp:SendEvent():424|Publishing event: type=Roche.c68_8800.Infrastructure.TransferModule.Echo correlation_id=(n/a)[EOL]
[2026-09-22T08:42:58.708001Z][TM_TransferModule.newgen-infrastructure][I][2560017][132]MessageSender.h:SendEvent():105|Sent RabbitMqEvent Roche.c68_8800.Infrastructure.TransferModule.Echo. Content: {"Timestamp":"2026-09-22T08:42:58.707935Z","ModuleId":"TransferModule","PingId":"IS26"}[EOL]
[2026-09-22T08:43:01.956284Z][TM_TransferModule.newgen-infrastructure][I][4560021][132]CSerialPortListener.cpp:VerifyAndParseReport():134|Climate sensor serial port report received: Command Id: 5248[EOL]
[2026-09-22T08:43:01.956323Z][TM_TransferModule.newgen-infrastructure][I][4560018][132]CGetHumidityCommandReport.cpp:ParseReport():44|ClimateSensor library: Humidity received from hardware: 6000[EOL]
[2026-09-22T08:43:01.978232Z][TM_TransferModule.newgen-infrastructure][I][4560021][132]CSerialPortListener.cpp:VerifyAndParseReport():134|Climate sensor serial port report received: Command Id: 5248[EOL]
[2026-09-22T08:43:01.978274Z][TM_TransferModule.newgen-infrastructure][I][4560018][132]CGetHumidityCommandReport.cpp:ParseReport():44|ClimateSensor library: Humidity received from hardware: 6000[EOL]
[2026-09-22T08:43:01.978336Z][TM_TransferModule.newgen-infrastructure][I][0][132]CGetHumidityProcedure.cpp:CallbackSendHumidityMeasuredEvent():103|Measured average humidity 60.000000[EOL]
[2026-09-22T08:43:02.117449Z][TM_TransferModule.newgen-infrastructure][I][2210053][132]CReadMultipleAnalogTempSensorStep.cpp:StoreReportDataInternal():50|Analog temperature sensor 6: 20.000000 °C[EOL]
[2026-09-22T08:43:02.117606Z][TM_TransferModule.newgen-infrastructure][W][2210075][132]CSensorObserver.cpp:NewTemperatureValueBySensor():204|Sending event TemperatureOutOfRange: TemperatureID: 0, Temperature: 2000[EOL]
[2026-09-22T08:43:02.117692Z][TM_TransferModule.newgen-infrastructure][I][2210053][132]CReadMultipleAnalogTempSensorStep.cpp:StoreReportDataInternal():50|Analog temperature sensor 7: 20.000000 °C[EOL]
[2026-09-22T08:43:02.124092Z][TM_TransferModule.newgen-infrastructure][I][2660020][132]CGetMultipleFanStateStep.cpp:PrintReceivedParameters():105|Received FW parameters: Number of fan: 1: RepFanID: 0, RepFanPWM: 50, RepFanSpeed: 1000; [EOL]
[2026-09-22T08:43:12.181267Z][TM_TransferModule.newgen-infrastructure][W][2330306][132]CRTCyclicEvent.cpp:TimeMissed():101|Cycle miss in event CCSICombinedCmdManager Cyclic Event. Time Overrun is 1881 us[EOL]
[2026-09-22T08:43:12.181291Z][TM_TransferModule.newgen-infrastructure][W][2330306][132]CRTCyclicEvent.cpp:TimeMissed():101|Cycle miss in event CCSICombinedRepManager. Time Overrun is 1881 us[EOL]
[2026-09-22T08:43:28.678220Z][TM_TransferModule.newgen-infrastructure][I][2560016][132]IMessageHandler.h:operator()():40|Received RabbitMqMessage Roche.MolLab.InstrumentState.Ping. Content: {"Timestamp":"2026-09-22T08:43:28.6755037Z","PingId":"IS27"}[EOL]
[2026-09-22T08:43:28.678259Z][TM_TransferModule.newgen-infrastructure][I][844444436][132]UnitCommunicator.cpp:SendEvent():424|Publishing event: type=Roche.c68_8800.Infrastructure.TransferModule.Echo correlation_id=(n/a)[EOL]
[2026-09-22T08:43:28.678288Z][TM_TransferModule.newgen-infrastructure][I][2560017][132]MessageSender.h:SendEvent():105|Sent RabbitMqEvent Roche.c68_8800.Infrastructure.TransferModule.Echo. Content: {"Timestamp":"2026-09-22T08:43:28.678253Z","ModuleId":"TransferModule","PingId":"IS27"}[EOL]
[2026-09-22T08:43:57.851050Z][TM_TransferModule.newgen-infrastructure][W][2330306][132]CRTCyclicEvent.cpp:TimeMissed():101|Cycle miss in event CCSICombinedCmdManager Cyclic Event. Time Overrun is 1650 us[EOL]
[2026-09-22T08:43:57.851135Z][TM_TransferModule.newgen-infrastructure][W][2330306][132]CRTCyclicEvent.cpp:TimeMissed():101|Cycle miss in event CCSICombinedRepManager. Time Overrun is 1650 us[EOL]
[2026-09-22T08:43:58.680829Z][TM_TransferModule.newgen-infrastructure][I][2560016][132]IMessageHandler.h:operator()():40|Received RabbitMqMessage Roche.MolLab.InstrumentState.Ping. Content: {"Timestamp":"2026-09-22T08:43:58.6746793Z","PingId":"IS28"}[EOL]
[2026-09-22T08:43:58.680859Z][TM_TransferModule.newgen-infrastructure][I][844444436][132]UnitCommunicator.cpp:SendEvent():424|Publishing event: type=Roche.c68_8800.Infrastructure.TransferModule.Echo correlation_id=(n/a)[EOL]
[2026-09-22T08:43:58.680876Z][TM_TransferModule.newgen-infrastructure][I][2560017][132]MessageSender.h:SendEvent():105|Sent RabbitMqEvent Roche.c68_8800.Infrastructure.TransferModule.Echo. Content: {"Timestamp":"2026-09-22T08:43:58.680855Z","ModuleId":"TransferModule","PingId":"IS28"}[EOL]
[2026-09-22T08:44:01.952175Z][TM_TransferModule.newgen-infrastructure][I][4560021][132]CSerialPortListener.cpp:VerifyAndParseReport():134|Climate sensor serial port report received: Command Id: 5248[EOL]
[2026-09-22T08:44:01.952247Z][TM_TransferModule.newgen-infrastructure][I][4560018][132]CGetHumidityCommandReport.cpp:ParseReport():44|ClimateSensor library: Humidity received from hardware: 6000[EOL]
[2026-09-22T08:44:01.954579Z][TM_TransferModule.newgen-infrastructure][I][4560021][132]CSerialPortListener.cpp:VerifyAndParseReport():134|Climate sensor serial port report received: Command Id: 5248[EOL]
[2026-09-22T08:44:01.954619Z][TM_TransferModule.newgen-infrastructure][I][4560018][132]CGetHumidityCommandReport.cpp:ParseReport():44|ClimateSensor library: Humidity received from hardware: 6000[EOL]
[2026-09-22T08:44:01.954663Z][TM_TransferModule.newgen-infrastructure][I][0][132]CGetHumidityProcedure.cpp:CallbackSendHumidityMeasuredEvent():103|Measured average humidity 60.000000[EOL]
[2026-09-22T08:44:02.141226Z][TM_TransferModule.newgen-infrastructure][I][2210053][132]CReadMultipleAnalogTempSensorStep.cpp:StoreReportDataInternal():50|Analog temperature sensor 6: 20.000000 °C[EOL]
[2026-09-22T08:44:02.141295Z][TM_TransferModule.newgen-infrastructure][W][2210075][132]CSensorObserver.cpp:NewTemperatureValueBySensor():204|Sending event TemperatureOutOfRange: TemperatureID: 0, Temperature: 2000[EOL]
[2026-09-22T08:44:02.141301Z][TM_TransferModule.newgen-infrastructure][I][2210053][132]CReadMultipleAnalogTempSensorStep.cpp:StoreReportDataInternal():50|Analog temperature sensor 7: 20.000000 °C[EOL]
[2026-09-22T08:44:02.145143Z][TM_TransferModule.newgen-infrastructure][I][2660020][132]CGetMultipleFanStateStep.cpp:PrintReceivedParameters():105|Received FW parameters: Number of fan: 1: RepFanID: 0, RepFanPWM: 50, RepFanSpeed: 1000; [EOL]
[2026-09-22T08:44:04.586238Z][TM_TransferModule.newgen-infrastructure][W][2330306][132]CRTCyclicEvent.cpp:TimeMissed():101|Cycle miss in event CCSICombinedCmdManager Cyclic Event. Time Overrun is 16851 us[EOL]
[2026-09-22T08:44:04.586267Z][TM_TransferModule.newgen-infrastructure][W][2330306][132]CRTCyclicEvent.cpp:TimeMissed():101|Cycle miss in event CCSICombinedRepManager. Time Overrun is 16851 us[EOL]
[2026-09-22T08:44:20.392956Z][TM_TransferModule.newgen-infrastructure][W][2330306][132]CRTCyclicEvent.cpp:TimeMissed():101|Cycle miss in event CCSICombinedCmdManager Cyclic Event. Time Overrun is 3565 us[EOL]
[2026-09-22T08:44:20.392994Z][TM_TransferModule.newgen-infrastructure][W][2330306][132]CRTCyclicEvent.cpp:TimeMissed():101|Cycle miss in event CCSICombinedRepManager. Time Overrun is 3565 us[EOL]
[2026-09-22T08:44:22.498450Z][TM_TransferModule.newgen-infrastructure][W][2330306][132]CRTCyclicEvent.cpp:TimeMissed():101|Cycle miss in event CCSICombinedCmdManager Cyclic Event. Time Overrun is 9063 us[EOL]
[2026-09-22T08:44:22.498479Z][TM_TransferModule.newgen-infrastructure][W][2330306][132]CRTCyclicEvent.cpp:TimeMissed():101|Cycle miss in event CCSICombinedRepManager. Time Overrun is 9063 us[EOL]
[2026-09-22T08:44:23.966030Z][TM_TransferModule.newgen-infrastructure][W][2330306][132]CRTCyclicEvent.cpp:TimeMissed():101|Cycle miss in event CCSICombinedCmdManager Cyclic Event. Time Overrun is 36642 us[EOL]
[2026-09-22T08:44:23.966068Z][TM_TransferModule.newgen-infrastructure][W][2330306][132]CRTCyclicEvent.cpp:TimeMissed():101|Cycle miss in event CCSICombinedRepManager. Time Overrun is 36642 us[EOL]
[2026-09-22T08:44:25.229714Z][TM_TransferModule.newgen-infrastructure][W][2330306][132]CRTCyclicEvent.cpp:TimeMissed():101|Cycle miss in event CCSICombinedCmdManager Cyclic Event. Time Overrun is 328 us[EOL]
[2026-09-22T08:44:25.229734Z][TM_TransferModule.newgen-infrastructure][W][2330306][132]CRTCyclicEvent.cpp:TimeMissed():101|Cycle miss in event CCSICombinedRepManager. Time Overrun is 328 us[EOL]
[2026-09-22T08:44:28.679049Z][TM_TransferModule.newgen-infrastructure][I][2560016][132]IMessageHandler.h:operator()():40|Received RabbitMqMessage Roche.MolLab.InstrumentState.Ping. Content: {"Timestamp":"2026-09-22T08:44:28.6765694Z","PingId":"IS29"}[EOL]
[2026-09-22T08:44:28.679080Z][TM_TransferModule.newgen-infrastructure][I][844444436][132]UnitCommunicator.cpp:SendEvent():424|Publishing event: type=Roche.c68_8800.Infrastructure.TransferModule.Echo correlation_id=(n/a)[EOL]
[2026-09-22T08:44:28.679099Z][TM_TransferModule.newgen-infrastructure][I][2560017][132]MessageSender.h:SendEvent():105|Sent RabbitMqEvent Roche.c68_8800.Infrastructure.TransferModule.Echo. Content: {"Timestamp":"2026-09-22T08:44:28.679076Z","ModuleId":"TransferModule","PingId":"IS29"}[EOL]
[2026-09-22T08:44:39.279916Z][TM_TransferModule.newgen-infrastructure][W][2330306][132]CRTCyclicEvent.cpp:TimeMissed():101|Cycle miss in event CCSICombinedCmdManager Cyclic Event. Time Overrun is 489 us[EOL]
[2026-09-22T08:44:39.279942Z][TM_TransferModule.newgen-infrastructure][W][2330306][132]CRTCyclicEvent.cpp:TimeMissed():101|Cycle miss in event CCSICombinedRepManager. Time Overrun is 489 us[EOL]
[2026-09-22T08:44:42.423082Z][TM_TransferModule.newgen-infrastructure][W][2330306][132]CRTCyclicEvent.cpp:TimeMissed():101|Cycle miss in event CCSICombinedCmdManager Cyclic Event. Time Overrun is 13695 us[EOL]
[2026-09-22T08:44:42.423111Z][TM_TransferModule.newgen-infrastructure][W][2330306][132]CRTCyclicEvent.cpp:TimeMissed():101|Cycle miss in event CCSICombinedRepManager. Time Overrun is 13695 us[EOL]
[2026-09-22T08:44:42.731501Z][TM_TransferModule.newgen-infrastructure][W][2330306][132]CRTCyclicEvent.cpp:TimeMissed():101|Cycle miss in event CCSICombinedCmdManager Cyclic Event. Time Overrun is 12115 us[EOL]
[2026-09-22T08:44:42.731528Z][TM_TransferModule.newgen-infrastructure][W][2330306][132]CRTCyclicEvent.cpp:TimeMissed():101|Cycle miss in event CCSICombinedRepManager. Time Overrun is 12115 us[EOL]
[2026-09-22T08:44:44.831879Z][TM_TransferModule.newgen-infrastructure][W][2330306][132]CRTCyclicEvent.cpp:TimeMissed():101|Cycle miss in event CCSICombinedCmdManager Cyclic Event. Time Overrun is 2491 us[EOL]
[2026-09-22T08:44:44.831925Z][TM_TransferModule.newgen-infrastructure][W][2330306][132]CRTCyclicEvent.cpp:TimeMissed():101|Cycle miss in event CCSICombinedRepManager. Time Overrun is 2491 us[EOL]
[2026-09-22T08:44:48.531562Z][TM_TransferModule.newgen-infrastructure][W][2330306][132]CRTCyclicEvent.cpp:TimeMissed():101|Cycle miss in event CCSICombinedCmdManager Cyclic Event. Time Overrun is 2175 us[EOL]
[2026-09-22T08:44:48.531592Z][TM_TransferModule.newgen-infrastructure][W][2330306][132]CRTCyclicEvent.cpp:TimeMissed():101|Cycle miss in event CCSICombinedRepManager. Time Overrun is 2175 us[EOL]
[2026-09-22T08:44:50.629749Z][TM_TransferModule.newgen-infrastructure][W][2330306][132]CRTCyclicEvent.cpp:TimeMissed():101|Cycle miss in event CCSICombinedCmdManager Cyclic Event. Time Overrun is 20363 us[EOL]
[2026-09-22T08:44:50.629777Z][TM_TransferModule.newgen-infrastructure][W][2330306][132]CRTCyclicEvent.cpp:TimeMissed():101|Cycle miss in event CCSICombinedRepManager. Time Overrun is 20363 us[EOL]
[2026-09-22T08:44:53.651813Z][TM_TransferModule.newgen-infrastructure][W][2330306][132]CRTCyclicEvent.cpp:TimeMissed():101|Cycle miss in event CCSICombinedCmdManager Cyclic Event. Time Overrun is 22423 us[EOL]
[2026-09-22T08:44:53.651857Z][TM_TransferModule.newgen-infrastructure][W][2330306][132]CRTCyclicEvent.cpp:TimeMissed():101|Cycle miss in event CCSICombinedRepManager. Time Overrun is 22423 us[EOL]
[2026-09-22T08:44:56.563897Z][TM_TransferModule.newgen-infrastructure][W][2330306][132]CRTCyclicEvent.cpp:TimeMissed():101|Cycle miss in event CCSICombinedCmdManager Cyclic Event. Time Overrun is 34510 us[EOL]
[2026-09-22T08:44:56.563924Z][TM_TransferModule.newgen-infrastructure][W][2330306][132]CRTCyclicEvent.cpp:TimeMissed():101|Cycle miss in event CCSICombinedRepManager. Time Overrun is 34510 us[EOL]
[2026-09-22T08:44:58.312514Z][TM_TransferModule.newgen-infrastructure][W][2330306][132]CRTCyclicEvent.cpp:TimeMissed():101|Cycle miss in event CCSICombinedCmdManager Cyclic Event. Time Overrun is 3124 us[EOL]
[2026-09-22T08:44:58.312550Z][TM_TransferModule.newgen-infrastructure][W][2330306][132]CRTCyclicEvent.cpp:TimeMissed():101|Cycle miss in event CCSICombinedRepManager. Time Overrun is 3124 us[EOL]
[2026-09-22T08:44:58.683864Z][TM_TransferModule.newgen-infrastructure][I][2560016][132]IMessageHandler.h:operator()():40|Received RabbitMqMessage Roche.MolLab.InstrumentState.Ping. Content: {"Timestamp":"2026-09-22T08:44:58.6788315Z","PingId":"IS30"}[EOL]
[2026-09-22T08:44:58.683901Z][TM_TransferModule.newgen-infrastructure][I][844444436][132]UnitCommunicator.cpp:SendEvent():424|Publishing event: type=Roche.c68_8800.Infrastructure.TransferModule.Echo correlation_id=(n/a)[EOL]
[2026-09-22T08:44:58.683930Z][TM_TransferModule.newgen-infrastructure][I][2560017][132]MessageSender.h:SendEvent():105|Sent RabbitMqEvent Roche.c68_8800.Infrastructure.TransferModule.Echo. Content: {"Timestamp":"2026-09-22T08:44:58.683894Z","ModuleId":"TransferModule","PingId":"IS30"}[EOL]
[2026-09-22T08:44:58.834326Z][TM_TransferModule.newgen-infrastructure][W][2330306][132]CRTCyclicEvent.cpp:TimeMissed():101|Cycle miss in event CCSICombinedCmdManager Cyclic Event. Time Overrun is 14936 us[EOL]
[2026-09-22T08:44:58.834357Z][TM_TransferModule.newgen-infrastructure][W][2330306][132]CRTCyclicEvent.cpp:TimeMissed():101|Cycle miss in event CCSICombinedRepManager. Time Overrun is 14936 us[EOL]
[2026-09-22T08:45:01.956327Z][TM_TransferModule.newgen-infrastructure][I][4560021][132]CSerialPortListener.cpp:VerifyAndParseReport():134|Climate sensor serial port report received: Command Id: 5248[EOL]
[2026-09-22T08:45:01.956367Z][TM_TransferModule.newgen-infrastructure][I][4560018][132]CGetHumidityCommandReport.cpp:ParseReport():44|ClimateSensor library: Humidity received from hardware: 6000[EOL]
[2026-09-22T08:45:01.959337Z][TM_TransferModule.newgen-infrastructure][I][4560021][132]CSerialPortListener.cpp:VerifyAndParseReport():134|Climate sensor serial port report received: Command Id: 5248[EOL]
[2026-09-22T08:45:01.959665Z][TM_TransferModule.newgen-infrastructure][I][4560018][132]CGetHumidityCommandReport.cpp:ParseReport():44|ClimateSensor library: Humidity received from hardware: 6000[EOL]
[2026-09-22T08:45:01.959708Z][TM_TransferModule.newgen-infrastructure][I][0][132]CGetHumidityProcedure.cpp:CallbackSendHumidityMeasuredEvent():103|Measured average humidity 60.000000[EOL]
[2026-09-22T08:45:02.160162Z][TM_TransferModule.newgen-infrastructure][I][2210053][132]CReadMultipleAnalogTempSensorStep.cpp:StoreReportDataInternal():50|Analog temperature sensor 6: 20.000000 °C[EOL]
[2026-09-22T08:45:02.161050Z][TM_TransferModule.newgen-infrastructure][W][2210075][132]CSensorObserver.cpp:NewTemperatureValueBySensor():204|Sending event TemperatureOutOfRange: TemperatureID: 0, Temperature: 2000[EOL]
[2026-09-22T08:45:02.161066Z][TM_TransferModule.newgen-infrastructure][I][2210053][132]CReadMultipleAnalogTempSensorStep.cpp:StoreReportDataInternal():50|Analog temperature sensor 7: 20.000000 °C[EOL]
[2026-09-22T08:45:02.165132Z][TM_TransferModule.newgen-infrastructure][I][2660020][132]CGetMultipleFanStateStep.cpp:PrintReceivedParameters():105|Received FW parameters: Number of fan: 1: RepFanID: 0, RepFanPWM: 50, RepFanSpeed: 1000; [EOL]
[2026-09-22T08:45:04.270512Z][TM_TransferModule.newgen-infrastructure][W][2330306][132]CRTCyclicEvent.cpp:TimeMissed():101|Cycle miss in event CCSICombinedCmdManager Cyclic Event. Time Overrun is 21126 us[EOL]
[2026-09-22T08:45:04.270531Z][TM_TransferModule.newgen-infrastructure][W][2330306][132]CRTCyclicEvent.cpp:TimeMissed():101|Cycle miss in event CCSICombinedRepManager. Time Overrun is 21126 us[EOL]
[2026-09-22T08:45:08.657807Z][TM_TransferModule.newgen-infrastructure][W][2330306][132]CRTCyclicEvent.cpp:TimeMissed():101|Cycle miss in event CCSICombinedCmdManager Cyclic Event. Time Overrun is 8415 us[EOL]
[2026-09-22T08:45:08.657838Z][TM_TransferModule.newgen-infrastructure][W][2330306][132]CRTCyclicEvent.cpp:TimeMissed():101|Cycle miss in event CCSICombinedRepManager. Time Overrun is 8415 us[EOL]
[2026-09-22T08:45:12.410727Z][TM_TransferModule.newgen-infrastructure][W][2330306][132]CRTCyclicEvent.cpp:TimeMissed():101|Cycle miss in event CCSICombinedCmdManager Cyclic Event. Time Overrun is 11341 us[EOL]
[2026-09-22T08:45:12.410749Z][TM_TransferModule.newgen-infrastructure][W][2330306][132]CRTCyclicEvent.cpp:TimeMissed():101|Cycle miss in event CCSICombinedRepManager. Time Overrun is 11341 us[EOL]
[2026-09-22T08:45:13.421813Z][TM_TransferModule.newgen-infrastructure][W][2330306][132]CRTCyclicEvent.cpp:TimeMissed():101|Cycle miss in event CCSICombinedCmdManager Cyclic Event. Time Overrun is 12428 us[EOL]
[2026-09-22T08:45:13.421841Z][TM_TransferModule.newgen-infrastructure][W][2330306][132]CRTCyclicEvent.cpp:TimeMissed():101|Cycle miss in event CCSICombinedRepManager. Time Overrun is 12428 us[EOL]
[2026-09-22T08:45:16.794912Z][TM_TransferModule.newgen-infrastructure][W][2330306][132]CRTCyclicEvent.cpp:TimeMissed():101|Cycle miss in event CCSICombinedCmdManager Cyclic Event. Time Overrun is 5526 us[EOL]
[2026-09-22T08:45:16.794930Z][TM_TransferModule.newgen-infrastructure][W][2330306][132]CRTCyclicEvent.cpp:TimeMissed():101|Cycle miss in event CCSICombinedRepManager. Time Overrun is 5526 us[EOL]
[2026-09-22T08:45:26.602148Z][TM_TransferModule.newgen-infrastructure][W][2330306][132]CRTCyclicEvent.cpp:TimeMissed():101|Cycle miss in event CCSICombinedCmdManager Cyclic Event. Time Overrun is 2759 us[EOL]
[2026-09-22T08:45:26.602179Z][TM_TransferModule.newgen-infrastructure][W][2330306][132]CRTCyclicEvent.cpp:TimeMissed():101|Cycle miss in event CCSICombinedRepManager. Time Overrun is 2759 us[EOL]
[2026-09-22T08:45:27.430054Z][TM_TransferModule.newgen-infrastructure][W][2330306][132]CRTCyclicEvent.cpp:TimeMissed():101|Cycle miss in event CCSICombinedCmdManager Cyclic Event. Time Overrun is 10667 us[EOL]
[2026-09-22T08:45:27.430081Z][TM_TransferModule.newgen-infrastructure][W][2330306][132]CRTCyclicEvent.cpp:TimeMissed():101|Cycle miss in event CCSICombinedRepManager. Time Overrun is 10667 us[EOL]
[2026-09-22T08:45:28.689933Z][TM_TransferModule.newgen-infrastructure][I][2560016][132]IMessageHandler.h:operator()():40|Received RabbitMqMessage Roche.MolLab.InstrumentState.Ping. Content: {"Timestamp":"2026-09-22T08:45:28.6751977Z","PingId":"IS31"}[EOL]
[2026-09-22T08:45:28.689966Z][TM_TransferModule.newgen-infrastructure][I][844444436][132]UnitCommunicator.cpp:SendEvent():424|Publishing event: type=Roche.c68_8800.Infrastructure.TransferModule.Echo correlation_id=(n/a)[EOL]
[2026-09-22T08:45:28.689988Z][TM_TransferModule.newgen-infrastructure][I][2560017][132]MessageSender.h:SendEvent():105|Sent RabbitMqEvent Roche.c68_8800.Infrastructure.TransferModule.Echo. Content: {"Timestamp":"2026-09-22T08:45:28.689961Z","ModuleId":"TransferModule","PingId":"IS31"}[EOL]
[2026-09-22T08:45:34.285848Z][TM_TransferModule.newgen-infrastructure][W][2330306][132]CRTCyclicEvent.cpp:TimeMissed():101|Cycle miss in event CCSICombinedCmdManager Cyclic Event. Time Overrun is 16456 us[EOL]
[2026-09-22T08:45:34.285883Z][TM_TransferModule.newgen-infrastructure][W][2330306][132]CRTCyclicEvent.cpp:TimeMissed():101|Cycle miss in event CCSICombinedRepManager. Time Overrun is 16456 us[EOL]
[2026-09-22T08:45:42.403417Z][TM_TransferModule.newgen-infrastructure][W][2330306][132]CRTCyclicEvent.cpp:TimeMissed():101|Cycle miss in event CCSICombinedCmdManager Cyclic Event. Time Overrun is 14031 us[EOL]
[2026-09-22T08:45:42.403437Z][TM_TransferModule.newgen-infrastructure][W][2330306][132]CRTCyclicEvent.cpp:TimeMissed():101|Cycle miss in event CCSICombinedRepManager. Time Overrun is 14031 us[EOL]
[2026-09-22T08:45:48.559479Z][TM_TransferModule.newgen-infrastructure][W][2330306][132]CRTCyclicEvent.cpp:TimeMissed():101|Cycle miss in event CCSICombinedCmdManager Cyclic Event. Time Overrun is 79 us[EOL]
[2026-09-22T08:45:48.559568Z][TM_TransferModule.newgen-infrastructure][W][2330306][132]CRTCyclicEvent.cpp:TimeMissed():101|Cycle miss in event CCSICombinedRepManager. Time Overrun is 79 us[EOL]
[2026-09-22T08:45:58.688991Z][TM_TransferModule.newgen-infrastructure][I][2560016][132]IMessageHandler.h:operator()():40|Received RabbitMqMessage Roche.MolLab.InstrumentState.Ping. Content: {"Timestamp":"2026-09-22T08:45:58.6752037Z","PingId":"IS32"}[EOL]
[2026-09-22T08:45:58.689033Z][TM_TransferModule.newgen-infrastructure][I][844444436][132]UnitCommunicator.cpp:SendEvent():424|Publishing event: type=Roche.c68_8800.Infrastructure.TransferModule.Echo correlation_id=(n/a)[EOL]
[2026-09-22T08:45:58.689075Z][TM_TransferModule.newgen-infrastructure][I][2560017][132]MessageSender.h:SendEvent():105|Sent RabbitMqEvent Roche.c68_8800.Infrastructure.TransferModule.Echo. Content: {"Timestamp":"2026-09-22T08:45:58.689028Z","ModuleId":"TransferModule","PingId":"IS32"}[EOL]
[2026-09-22T08:46:01.953181Z][TM_TransferModule.newgen-infrastructure][I][4560021][132]CSerialPortListener.cpp:VerifyAndParseReport():134|Climate sensor serial port report received: Command Id: 5248[EOL]
[2026-09-22T08:46:01.953214Z][TM_TransferModule.newgen-infrastructure][I][4560018][132]CGetHumidityCommandReport.cpp:ParseReport():44|ClimateSensor library: Humidity received from hardware: 6000[EOL]
[2026-09-22T08:46:01.955072Z][TM_TransferModule.newgen-infrastructure][I][4560021][132]CSerialPortListener.cpp:VerifyAndParseReport():134|Climate sensor serial port report received: Command Id: 5248[EOL]
[2026-09-22T08:46:01.955105Z][TM_TransferModule.newgen-infrastructure][I][4560018][132]CGetHumidityCommandReport.cpp:ParseReport():44|ClimateSensor library: Humidity received from hardware: 6000[EOL]
[2026-09-22T08:46:01.955129Z][TM_TransferModule.newgen-infrastructure][I][0][132]CGetHumidityProcedure.cpp:CallbackSendHumidityMeasuredEvent():103|Measured average humidity 60.000000[EOL]
[2026-09-22T08:46:02.177133Z][TM_TransferModule.newgen-infrastructure][I][2210053][132]CReadMultipleAnalogTempSensorStep.cpp:StoreReportDataInternal():50|Analog temperature sensor 6: 20.000000 °C[EOL]
[2026-09-22T08:46:02.177435Z][TM_TransferModule.newgen-infrastructure][W][2210075][132]CSensorObserver.cpp:NewTemperatureValueBySensor():204|Sending event TemperatureOutOfRange: TemperatureID: 0, Temperature: 2000[EOL]
[2026-09-22T08:46:02.177453Z][TM_TransferModule.newgen-infrastructure][I][2210053][132]CReadMultipleAnalogTempSensorStep.cpp:StoreReportDataInternal():50|Analog temperature sensor 7: 20.000000 °C[EOL]
[2026-09-22T08:46:02.181077Z][TM_TransferModule.newgen-infrastructure][I][2660020][132]CGetMultipleFanStateStep.cpp:PrintReceivedParameters():105|Received FW parameters: Number of fan: 1: RepFanID: 0, RepFanPWM: 50, RepFanSpeed: 1000; [EOL]
[2026-09-22T08:46:05.382407Z][TM_TransferModule.newgen-infrastructure][W][2330306][132]CRTCyclicEvent.cpp:TimeMissed():101|Cycle miss in event CCSICombinedCmdManager Cyclic Event. Time Overrun is 3019 us[EOL]
[2026-09-22T08:46:05.382437Z][TM_TransferModule.newgen-infrastructure][W][2330306][132]CRTCyclicEvent.cpp:TimeMissed():101|Cycle miss in event CCSICombinedRepManager. Time Overrun is 3019 us[EOL]
[2026-09-22T08:46:09.480399Z][TM_TransferModule.newgen-infrastructure][W][2330306][132]CRTCyclicEvent.cpp:TimeMissed():101|Cycle miss in event CCSICombinedCmdManager Cyclic Event. Time Overrun is 1008 us[EOL]
[2026-09-22T08:46:09.480457Z][TM_TransferModule.newgen-infrastructure][W][2330306][132]CRTCyclicEvent.cpp:TimeMissed():101|Cycle miss in event CCSICombinedRepManager. Time Overrun is 1008 us[EOL]
[2026-09-22T08:46:11.191295Z][TM_TransferModule.newgen-infrastructure][W][2330306][132]CRTCyclicEvent.cpp:TimeMissed():101|Cycle miss in event CCSICombinedCmdManager Cyclic Event. Time Overrun is 11909 us[EOL]
[2026-09-22T08:46:11.191321Z][TM_TransferModule.newgen-infrastructure][W][2330306][132]CRTCyclicEvent.cpp:TimeMissed():101|Cycle miss in event CCSICombinedRepManager. Time Overrun is 11909 us[EOL]
[2026-09-22T08:46:20.989484Z][TM_TransferModule.newgen-infrastructure][W][2330306][132]CRTCyclicEvent.cpp:TimeMissed():101|Cycle miss in event CCSICombinedCmdManager Cyclic Event. Time Overrun is 10096 us[EOL]
[2026-09-22T08:46:20.989520Z][TM_TransferModule.newgen-infrastructure][W][2330306][132]CRTCyclicEvent.cpp:TimeMissed():101|Cycle miss in event CCSICombinedRepManager. Time Overrun is 10096 us[EOL]
[2026-09-22T08:46:23.927494Z][TM_TransferModule.newgen-infrastructure][W][2330306][132]CRTCyclicEvent.cpp:TimeMissed():101|Cycle miss in event CCSICombinedCmdManager Cyclic Event. Time Overrun is 18105 us[EOL]
[2026-09-22T08:46:23.927552Z][TM_TransferModule.newgen-infrastructure][W][2330306][132]CRTCyclicEvent.cpp:TimeMissed():101|Cycle miss in event CCSICombinedRepManager. Time Overrun is 18105 us[EOL]
[2026-09-22T08:46:28.691325Z][TM_TransferModule.newgen-infrastructure][I][2560016][132]IMessageHandler.h:operator()():40|Received RabbitMqMessage Roche.MolLab.InstrumentState.Ping. Content: {"Timestamp":"2026-09-22T08:46:28.6745784Z","PingId":"IS33"}[EOL]
[2026-09-22T08:46:28.691365Z][TM_TransferModule.newgen-infrastructure][I][844444436][132]UnitCommunicator.cpp:SendEvent():424|Publishing event: type=Roche.c68_8800.Infrastructure.TransferModule.Echo correlation_id=(n/a)[EOL]
[2026-09-22T08:46:28.691391Z][TM_TransferModule.newgen-infrastructure][I][2560017][132]MessageSender.h:SendEvent():105|Sent RabbitMqEvent Roche.c68_8800.Infrastructure.TransferModule.Echo. Content: {"Timestamp":"2026-09-22T08:46:28.691360Z","ModuleId":"TransferModule","PingId":"IS33"}[EOL]
[2026-09-22T08:46:48.556139Z][TM_TransferModule.newgen-infrastructure][W][2330306][132]CRTCyclicEvent.cpp:TimeMissed():101|Cycle miss in event CCSICombinedCmdManager Cyclic Event. Time Overrun is 6747 us[EOL]
[2026-09-22T08:46:48.556168Z][TM_TransferModule.newgen-infrastructure][W][2330306][132]CRTCyclicEvent.cpp:TimeMissed():101|Cycle miss in event CCSICombinedRepManager. Time Overrun is 6747 us[EOL]
[2026-09-22T08:46:58.677855Z][TM_TransferModule.newgen-infrastructure][I][2560016][132]IMessageHandler.h:operator()():40|Received RabbitMqMessage Roche.MolLab.InstrumentState.Ping. Content: {"Timestamp":"2026-09-22T08:46:58.6737672Z","PingId":"IS34"}[EOL]
[2026-09-22T08:46:58.677961Z][TM_TransferModule.newgen-infrastructure][I][844444436][132]UnitCommunicator.cpp:SendEvent():424|Publishing event: type=Roche.c68_8800.Infrastructure.TransferModule.Echo correlation_id=(n/a)[EOL]
[2026-09-22T08:46:58.678115Z][TM_TransferModule.newgen-infrastructure][I][2560017][132]MessageSender.h:SendEvent():105|Sent RabbitMqEvent Roche.c68_8800.Infrastructure.TransferModule.Echo. Content: {"Timestamp":"2026-09-22T08:46:58.677934Z","ModuleId":"TransferModule","PingId":"IS34"}[EOL]
[2026-09-22T08:47:01.955287Z][TM_TransferModule.newgen-infrastructure][I][4560021][132]CSerialPortListener.cpp:VerifyAndParseReport():134|Climate sensor serial port report received: Command Id: 5248[EOL]
[2026-09-22T08:47:01.955331Z][TM_TransferModule.newgen-infrastructure][I][4560018][132]CGetHumidityCommandReport.cpp:ParseReport():44|ClimateSensor library: Humidity received from hardware: 6000[EOL]
[2026-09-22T08:47:01.957221Z][TM_TransferModule.newgen-infrastructure][I][4560021][132]CSerialPortListener.cpp:VerifyAndParseReport():134|Climate sensor serial port report received: Command Id: 5248[EOL]
[2026-09-22T08:47:01.957244Z][TM_TransferModule.newgen-infrastructure][I][4560018][132]CGetHumidityCommandReport.cpp:ParseReport():44|ClimateSensor library: Humidity received from hardware: 6000[EOL]
[2026-09-22T08:47:01.957535Z][TM_TransferModule.newgen-infrastructure][I][0][132]CGetHumidityProcedure.cpp:CallbackSendHumidityMeasuredEvent():103|Measured average humidity 60.000000[EOL]
[2026-09-22T08:47:02.193139Z][TM_TransferModule.newgen-infrastructure][I][2210053][132]CReadMultipleAnalogTempSensorStep.cpp:StoreReportDataInternal():50|Analog temperature sensor 6: 20.000000 °C[EOL]
[2026-09-22T08:47:02.193183Z][TM_TransferModule.newgen-infrastructure][W][2210075][132]CSensorObserver.cpp:NewTemperatureValueBySensor():204|Sending event TemperatureOutOfRange: TemperatureID: 0, Temperature: 2000[EOL]
[2026-09-22T08:47:02.193188Z][TM_TransferModule.newgen-infrastructure][I][2210053][132]CReadMultipleAnalogTempSensorStep.cpp:StoreReportDataInternal():50|Analog temperature sensor 7: 20.000000 °C[EOL]
[2026-09-22T08:47:02.197155Z][TM_TransferModule.newgen-infrastructure][I][2660020][132]CGetMultipleFanStateStep.cpp:PrintReceivedParameters():105|Received FW parameters: Number of fan: 1: RepFanID: 0, RepFanPWM: 50, RepFanSpeed: 1000; [EOL]
[2026-09-22T08:47:06.911843Z][TM_TransferModule.newgen-infrastructure][W][2330306][132]CRTCyclicEvent.cpp:TimeMissed():101|Cycle miss in event CCSICombinedCmdManager Cyclic Event. Time Overrun is 2416 us[EOL]
[2026-09-22T08:47:06.911884Z][TM_TransferModule.newgen-infrastructure][W][2330306][132]CRTCyclicEvent.cpp:TimeMissed():101|Cycle miss in event CCSICombinedRepManager. Time Overrun is 2416 us[EOL]
[2026-09-22T08:47:15.762391Z][TM_TransferModule.newgen-infrastructure][W][2330306][132]CRTCyclicEvent.cpp:TimeMissed():101|Cycle miss in event CCSICombinedCmdManager Cyclic Event. Time Overrun is 3004 us[EOL]
[2026-09-22T08:47:15.762434Z][TM_TransferModule.newgen-infrastructure][W][2330306][132]CRTCyclicEvent.cpp:TimeMissed():101|Cycle miss in event CCSICombinedRepManager. Time Overrun is 3004 us[EOL]
[2026-09-22T08:47:20.449613Z][TM_TransferModule.newgen-infrastructure][W][2330306][132]CRTCyclicEvent.cpp:TimeMissed():101|Cycle miss in event CCSICombinedCmdManager Cyclic Event. Time Overrun is 10227 us[EOL]
[2026-09-22T08:47:20.449647Z][TM_TransferModule.newgen-infrastructure][W][2330306][132]CRTCyclicEvent.cpp:TimeMissed():101|Cycle miss in event CCSICombinedRepManager. Time Overrun is 10227 us[EOL]
[2026-09-22T08:47:24.981976Z][TM_TransferModule.newgen-infrastructure][W][2330306][132]CRTCyclicEvent.cpp:TimeMissed():101|Cycle miss in event CCSICombinedCmdManager Cyclic Event. Time Overrun is 2589 us[EOL]
[2026-09-22T08:47:24.982003Z][TM_TransferModule.newgen-infrastructure][W][2330306][132]CRTCyclicEvent.cpp:TimeMissed():101|Cycle miss in event CCSICombinedRepManager. Time Overrun is 2589 us[EOL]
[2026-09-22T08:47:25.577551Z][TM_TransferModule.newgen-infrastructure][W][2330306][132]CRTCyclicEvent.cpp:TimeMissed():101|Cycle miss in event CCSICombinedCmdManager Cyclic Event. Time Overrun is 8165 us[EOL]
[2026-09-22T08:47:25.577577Z][TM_TransferModule.newgen-infrastructure][W][2330306][132]CRTCyclicEvent.cpp:TimeMissed():101|Cycle miss in event CCSICombinedRepManager. Time Overrun is 8165 us[EOL]
[2026-09-22T08:47:28.686577Z][TM_TransferModule.newgen-infrastructure][I][2560016][132]IMessageHandler.h:operator()():40|Received RabbitMqMessage Roche.MolLab.InstrumentState.Ping. Content: {"Timestamp":"2026-09-22T08:47:28.6753086Z","PingId":"IS35"}[EOL]
[2026-09-22T08:47:28.686604Z][TM_TransferModule.newgen-infrastructure][I][844444436][132]UnitCommunicator.cpp:SendEvent():424|Publishing event: type=Roche.c68_8800.Infrastructure.TransferModule.Echo correlation_id=(n/a)[EOL]
[2026-09-22T08:47:28.686620Z][TM_TransferModule.newgen-infrastructure][I][2560017][132]MessageSender.h:SendEvent():105|Sent RabbitMqEvent Roche.c68_8800.Infrastructure.TransferModule.Echo. Content: {"Timestamp":"2026-09-22T08:47:28.686600Z","ModuleId":"TransferModule","PingId":"IS35"}[EOL]
[2026-09-22T08:47:37.509820Z][TM_TransferModule.newgen-infrastructure][W][2330306][132]CRTCyclicEvent.cpp:TimeMissed():101|Cycle miss in event CCSICombinedCmdManager Cyclic Event. Time Overrun is 427 us[EOL]
[2026-09-22T08:47:37.509954Z][TM_TransferModule.newgen-infrastructure][W][2330306][132]CRTCyclicEvent.cpp:TimeMissed():101|Cycle miss in event CCSICombinedRepManager. Time Overrun is 427 us[EOL]
[2026-09-22T08:47:41.581050Z][TM_TransferModule.newgen-infrastructure][W][2330306][132]CRTCyclicEvent.cpp:TimeMissed():101|Cycle miss in event CCSICombinedCmdManager Cyclic Event. Time Overrun is 1664 us[EOL]
[2026-09-22T08:47:41.581071Z][TM_TransferModule.newgen-infrastructure][W][2330306][132]CRTCyclicEvent.cpp:TimeMissed():101|Cycle miss in event CCSICombinedRepManager. Time Overrun is 1664 us[EOL]
[2026-09-22T08:47:58.678583Z][TM_TransferModule.newgen-infrastructure][I][2560016][132]IMessageHandler.h:operator()():40|Received RabbitMqMessage Roche.MolLab.InstrumentState.Ping. Content: {"Timestamp":"2026-09-22T08:47:58.6744135Z","PingId":"IS36"}[EOL]
[2026-09-22T08:47:58.678677Z][TM_TransferModule.newgen-infrastructure][I][844444436][132]UnitCommunicator.cpp:SendEvent():424|Publishing event: type=Roche.c68_8800.Infrastructure.TransferModule.Echo correlation_id=(n/a)[EOL]
[2026-09-22T08:47:58.678707Z][TM_TransferModule.newgen-infrastructure][I][2560017][132]MessageSender.h:SendEvent():105|Sent RabbitMqEvent Roche.c68_8800.Infrastructure.TransferModule.Echo. Content: {"Timestamp":"2026-09-22T08:47:58.678630Z","ModuleId":"TransferModule","PingId":"IS36"}[EOL]
[2026-09-22T08:48:01.954399Z][TM_TransferModule.newgen-infrastructure][I][4560021][132]CSerialPortListener.cpp:VerifyAndParseReport():134|Climate sensor serial port report received: Command Id: 5248[EOL]
[2026-09-22T08:48:01.954514Z][TM_TransferModule.newgen-infrastructure][I][4560018][132]CGetHumidityCommandReport.cpp:ParseReport():44|ClimateSensor library: Humidity received from hardware: 6000[EOL]
[2026-09-22T08:48:01.956143Z][TM_TransferModule.newgen-infrastructure][I][4560021][132]CSerialPortListener.cpp:VerifyAndParseReport():134|Climate sensor serial port report received: Command Id: 5248[EOL]
[2026-09-22T08:48:01.956170Z][TM_TransferModule.newgen-infrastructure][I][4560018][132]CGetHumidityCommandReport.cpp:ParseReport():44|ClimateSensor library: Humidity received from hardware: 6000[EOL]
[2026-09-22T08:48:01.956208Z][TM_TransferModule.newgen-infrastructure][I][0][132]CGetHumidityProcedure.cpp:CallbackSendHumidityMeasuredEvent():103|Measured average humidity 60.000000[EOL]
[2026-09-22T08:48:02.209216Z][TM_TransferModule.newgen-infrastructure][I][2210053][132]CReadMultipleAnalogTempSensorStep.cpp:StoreReportDataInternal():50|Analog temperature sensor 6: 20.000000 °C[EOL]
[2026-09-22T08:48:02.209647Z][TM_TransferModule.newgen-infrastructure][W][2210075][132]CSensorObserver.cpp:NewTemperatureValueBySensor():204|Sending event TemperatureOutOfRange: TemperatureID: 0, Temperature: 2000[EOL]
[2026-09-22T08:48:02.209655Z][TM_TransferModule.newgen-infrastructure][I][2210053][132]CReadMultipleAnalogTempSensorStep.cpp:StoreReportDataInternal():50|Analog temperature sensor 7: 20.000000 °C[EOL]
[2026-09-22T08:48:02.213302Z][TM_TransferModule.newgen-infrastructure][I][2660020][132]CGetMultipleFanStateStep.cpp:PrintReceivedParameters():105|Received FW parameters: Number of fan: 1: RepFanID: 0, RepFanPWM: 50, RepFanSpeed: 1000; [EOL]
[2026-09-22T08:48:07.841642Z][TM_TransferModule.newgen-infrastructure][W][2330306][132]CRTCyclicEvent.cpp:TimeMissed():101|Cycle miss in event CCSICombinedCmdManager Cyclic Event. Time Overrun is 2255 us[EOL]
[2026-09-22T08:48:07.841667Z][TM_TransferModule.newgen-infrastructure][W][2330306][132]CRTCyclicEvent.cpp:TimeMissed():101|Cycle miss in event CCSICombinedRepManager. Time Overrun is 2255 us[EOL]
[2026-09-22T08:48:09.139766Z][TM_TransferModule.newgen-infrastructure][W][2330306][132]CRTCyclicEvent.cpp:TimeMissed():101|Cycle miss in event CCSICombinedCmdManager Cyclic Event. Time Overrun is 377 us[EOL]
[2026-09-22T08:48:09.139820Z][TM_TransferModule.newgen-infrastructure][W][2330306][132]CRTCyclicEvent.cpp:TimeMissed():101|Cycle miss in event CCSICombinedRepManager. Time Overrun is 377 us[EOL]
[2026-09-22T08:48:10.022171Z][TM_TransferModule.newgen-infrastructure][W][2330306][132]CRTCyclicEvent.cpp:TimeMissed():101|Cycle miss in event CCSICombinedCmdManager Cyclic Event. Time Overrun is 12783 us[EOL]
[2026-09-22T08:48:10.022198Z][TM_TransferModule.newgen-infrastructure][W][2330306][132]CRTCyclicEvent.cpp:TimeMissed():101|Cycle miss in event CCSICombinedRepManager. Time Overrun is 12783 us[EOL]
[2026-09-22T08:48:26.273783Z][TM_TransferModule.newgen-infrastructure][W][2330306][132]CRTCyclicEvent.cpp:TimeMissed():101|Cycle miss in event CCSICombinedCmdManager Cyclic Event. Time Overrun is 4387 us[EOL]
[2026-09-22T08:48:26.273817Z][TM_TransferModule.newgen-infrastructure][W][2330306][132]CRTCyclicEvent.cpp:TimeMissed():101|Cycle miss in event CCSICombinedRepManager. Time Overrun is 4387 us[EOL]
[2026-09-22T08:48:27.830674Z][TM_TransferModule.newgen-infrastructure][W][2330306][132]CRTCyclicEvent.cpp:TimeMissed():101|Cycle miss in event CCSICombinedCmdManager Cyclic Event. Time Overrun is 1085 us[EOL]
[2026-09-22T08:48:27.830710Z][TM_TransferModule.newgen-infrastructure][W][2330306][132]CRTCyclicEvent.cpp:TimeMissed():101|Cycle miss in event CCSICombinedRepManager. Time Overrun is 1085 us[EOL]
[2026-09-22T08:48:28.684604Z][TM_TransferModule.newgen-infrastructure][I][2560016][132]IMessageHandler.h:operator()():40|Received RabbitMqMessage Roche.MolLab.InstrumentState.Ping. Content: {"Timestamp":"2026-09-22T08:48:28.6748624Z","PingId":"IS37"}[EOL]
[2026-09-22T08:48:28.684635Z][TM_TransferModule.newgen-infrastructure][I][844444436][132]UnitCommunicator.cpp:SendEvent():424|Publishing event: type=Roche.c68_8800.Infrastructure.TransferModule.Echo correlation_id=(n/a)[EOL]
[2026-09-22T08:48:28.684732Z][TM_TransferModule.newgen-infrastructure][I][2560017][132]MessageSender.h:SendEvent():105|Sent RabbitMqEvent Roche.c68_8800.Infrastructure.TransferModule.Echo. Content: {"Timestamp":"2026-09-22T08:48:28.684630Z","ModuleId":"TransferModule","PingId":"IS37"}[EOL]
[2026-09-22T08:48:29.663284Z][TM_TransferModule.newgen-infrastructure][W][2330306][132]CRTCyclicEvent.cpp:TimeMissed():101|Cycle miss in event CCSICombinedCmdManager Cyclic Event. Time Overrun is 3890 us[EOL]
[2026-09-22T08:48:29.663315Z][TM_TransferModule.newgen-infrastructure][W][2330306][132]CRTCyclicEvent.cpp:TimeMissed():101|Cycle miss in event CCSICombinedRepManager. Time Overrun is 3890 us[EOL]
[2026-09-22T08:48:35.025431Z][TM_TransferModule.newgen-infrastructure][W][2330306][132]CRTCyclicEvent.cpp:TimeMissed():101|Cycle miss in event CCSICombinedCmdManager Cyclic Event. Time Overrun is 6046 us[EOL]
[2026-09-22T08:48:35.025452Z][TM_TransferModule.newgen-infrastructure][W][2330306][132]CRTCyclicEvent.cpp:TimeMissed():101|Cycle miss in event CCSICombinedRepManager. Time Overrun is 6046 us[EOL]
[2026-09-22T08:48:37.837622Z][TM_TransferModule.newgen-infrastructure][W][2330306][132]CRTCyclicEvent.cpp:TimeMissed():101|Cycle miss in event CCSICombinedCmdManager Cyclic Event. Time Overrun is 8229 us[EOL]
[2026-09-22T08:48:37.837656Z][TM_TransferModule.newgen-infrastructure][W][2330306][132]CRTCyclicEvent.cpp:TimeMissed():101|Cycle miss in event CCSICombinedRepManager. Time Overrun is 8229 us[EOL]
[2026-09-22T08:48:40.540139Z][TM_TransferModule.newgen-infrastructure][W][2330306][132]CRTCyclicEvent.cpp:TimeMissed():101|Cycle miss in event CCSICombinedCmdManager Cyclic Event. Time Overrun is 746 us[EOL]
[2026-09-22T08:48:40.540170Z][TM_TransferModule.newgen-infrastructure][W][2330306][132]CRTCyclicEvent.cpp:TimeMissed():101|Cycle miss in event CCSICombinedRepManager. Time Overrun is 746 us[EOL]
[2026-09-22T08:48:45.562300Z][TM_TransferModule.newgen-infrastructure][W][2330306][132]CRTCyclicEvent.cpp:TimeMissed():101|Cycle miss in event CCSICombinedCmdManager Cyclic Event. Time Overrun is 2912 us[EOL]
[2026-09-22T08:48:45.562331Z][TM_TransferModule.newgen-infrastructure][W][2330306][132]CRTCyclicEvent.cpp:TimeMissed():101|Cycle miss in event CCSICombinedRepManager. Time Overrun is 2912 us[EOL]
[2026-09-22T08:48:47.859999Z][TM_TransferModule.newgen-infrastructure][W][2330306][132]CRTCyclicEvent.cpp:TimeMissed():101|Cycle miss in event CCSICombinedCmdManager Cyclic Event. Time Overrun is 613 us[EOL]
[2026-09-22T08:48:47.860024Z][TM_TransferModule.newgen-infrastructure][W][2330306][132]CRTCyclicEvent.cpp:TimeMissed():101|Cycle miss in event CCSICombinedRepManager. Time Overrun is 613 us[EOL]
[2026-09-22T08:48:49.600908Z][TM_TransferModule.newgen-infrastructure][W][2330306][132]CRTCyclicEvent.cpp:TimeMissed():101|Cycle miss in event CCSICombinedCmdManager Cyclic Event. Time Overrun is 1523 us[EOL]
[2026-09-22T08:48:49.600931Z][TM_TransferModule.newgen-infrastructure][W][2330306][132]CRTCyclicEvent.cpp:TimeMissed():101|Cycle miss in event CCSICombinedRepManager. Time Overrun is 1523 us[EOL]
[2026-09-22T08:48:53.750825Z][TM_TransferModule.newgen-infrastructure][W][2330306][132]CRTCyclicEvent.cpp:TimeMissed():101|Cycle miss in event CCSICombinedCmdManager Cyclic Event. Time Overrun is 1440 us[EOL]
[2026-09-22T08:48:53.750845Z][TM_TransferModule.newgen-infrastructure][W][2330306][132]CRTCyclicEvent.cpp:TimeMissed():101|Cycle miss in event CCSICombinedRepManager. Time Overrun is 1440 us[EOL]
[2026-09-22T08:48:58.682052Z][TM_TransferModule.newgen-infrastructure][I][2560016][132]IMessageHandler.h:operator()():40|Received RabbitMqMessage Roche.MolLab.InstrumentState.Ping. Content: {"Timestamp":"2026-09-22T08:48:58.6735259Z","PingId":"IS38"}[EOL]
[2026-09-22T08:48:58.682093Z][TM_TransferModule.newgen-infrastructure][I][844444436][132]UnitCommunicator.cpp:SendEvent():424|Publishing event: type=Roche.c68_8800.Infrastructure.TransferModule.Echo correlation_id=(n/a)[EOL]
[2026-09-22T08:48:58.682571Z][TM_TransferModule.newgen-infrastructure][I][2560017][132]MessageSender.h:SendEvent():105|Sent RabbitMqEvent Roche.c68_8800.Infrastructure.TransferModule.Echo. Content: {"Timestamp":"2026-09-22T08:48:58.682087Z","ModuleId":"TransferModule","PingId":"IS38"}[EOL]
[2026-09-22T08:48:59.808381Z][TM_TransferModule.newgen-infrastructure][W][2330306][132]CRTCyclicEvent.cpp:TimeMissed():101|Cycle miss in event CCSICombinedCmdManager Cyclic Event. Time Overrun is 28990 us[EOL]
[2026-09-22T08:48:59.808426Z][TM_TransferModule.newgen-infrastructure][W][2330306][132]CRTCyclicEvent.cpp:TimeMissed():101|Cycle miss in event CCSICombinedRepManager. Time Overrun is 28990 us[EOL]
[2026-09-22T08:49:01.954117Z][TM_TransferModule.newgen-infrastructure][I][4560021][132]CSerialPortListener.cpp:VerifyAndParseReport():134|Climate sensor serial port report received: Command Id: 5248[EOL]
[2026-09-22T08:49:01.954194Z][TM_TransferModule.newgen-infrastructure][I][4560018][132]CGetHumidityCommandReport.cpp:ParseReport():44|ClimateSensor library: Humidity received from hardware: 6000[EOL]
[2026-09-22T08:49:01.957124Z][TM_TransferModule.newgen-infrastructure][I][4560021][132]CSerialPortListener.cpp:VerifyAndParseReport():134|Climate sensor serial port report received: Command Id: 5248[EOL]
[2026-09-22T08:49:01.957170Z][TM_TransferModule.newgen-infrastructure][I][4560018][132]CGetHumidityCommandReport.cpp:ParseReport():44|ClimateSensor library: Humidity received from hardware: 6000[EOL]
[2026-09-22T08:49:01.957214Z][TM_TransferModule.newgen-infrastructure][I][0][132]CGetHumidityProcedure.cpp:CallbackSendHumidityMeasuredEvent():103|Measured average humidity 60.000000[EOL]
[2026-09-22T08:49:02.225163Z][TM_TransferModule.newgen-infrastructure][I][2210053][132]CReadMultipleAnalogTempSensorStep.cpp:StoreReportDataInternal():50|Analog temperature sensor 6: 20.000000 °C[EOL]
[2026-09-22T08:49:02.225295Z][TM_TransferModule.newgen-infrastructure][W][2210075][132]CSensorObserver.cpp:NewTemperatureValueBySensor():204|Sending event TemperatureOutOfRange: TemperatureID: 0, Temperature: 2000[EOL]
[2026-09-22T08:49:02.225306Z][TM_TransferModule.newgen-infrastructure][I][2210053][132]CReadMultipleAnalogTempSensorStep.cpp:StoreReportDataInternal():50|Analog temperature sensor 7: 20.000000 °C[EOL]
[2026-09-22T08:49:02.229096Z][TM_TransferModule.newgen-infrastructure][I][2660020][132]CGetMultipleFanStateStep.cpp:PrintReceivedParameters():105|Received FW parameters: Number of fan: 1: RepFanID: 0, RepFanPWM: 50, RepFanSpeed: 1000; [EOL]
[2026-09-22T08:49:03.419677Z][TM_TransferModule.newgen-infrastructure][W][2330306][132]CRTCyclicEvent.cpp:TimeMissed():101|Cycle miss in event CCSICombinedCmdManager Cyclic Event. Time Overrun is 292 us[EOL]
[2026-09-22T08:49:03.419698Z][TM_TransferModule.newgen-infrastructure][W][2330306][132]CRTCyclicEvent.cpp:TimeMissed():101|Cycle miss in event CCSICombinedRepManager. Time Overrun is 292 us[EOL]
[2026-09-22T08:49:15.084749Z][TM_TransferModule.newgen-infrastructure][W][2330306][132]CRTCyclicEvent.cpp:TimeMissed():101|Cycle miss in event CCSICombinedCmdManager Cyclic Event. Time Overrun is 5364 us[EOL]
[2026-09-22T08:49:15.084771Z][TM_TransferModule.newgen-infrastructure][W][2330306][132]CRTCyclicEvent.cpp:TimeMissed():101|Cycle miss in event CCSICombinedRepManager. Time Overrun is 5364 us[EOL]
[2026-09-22T08:49:19.309681Z][TM_TransferModule.newgen-infrastructure][W][2330306][132]CRTCyclicEvent.cpp:TimeMissed():101|Cycle miss in event CCSICombinedCmdManager Cyclic Event. Time Overrun is 294 us[EOL]
[2026-09-22T08:49:19.310555Z][TM_TransferModule.newgen-infrastructure][W][2330306][132]CRTCyclicEvent.cpp:TimeMissed():101|Cycle miss in event CCSICombinedRepManager. Time Overrun is 294 us[EOL]
[2026-09-22T08:49:24.299493Z][TM_TransferModule.newgen-infrastructure][W][2330306][132]CRTCyclicEvent.cpp:TimeMissed():101|Cycle miss in event CCSICombinedCmdManager Cyclic Event. Time Overrun is 10106 us[EOL]
[2026-09-22T08:49:24.299694Z][TM_TransferModule.newgen-infrastructure][W][2330306][132]CRTCyclicEvent.cpp:TimeMissed():101|Cycle miss in event CCSICombinedRepManager. Time Overrun is 10106 us[EOL]
[2026-09-22T08:49:24.420794Z][TM_TransferModule.newgen-infrastructure][W][2330306][132]CRTCyclicEvent.cpp:TimeMissed():101|Cycle miss in event CCSICombinedCmdManager Cyclic Event. Time Overrun is 1409 us[EOL]
[2026-09-22T08:49:24.420832Z][TM_TransferModule.newgen-infrastructure][W][2330306][132]CRTCyclicEvent.cpp:TimeMissed():101|Cycle miss in event CCSICombinedRepManager. Time Overrun is 1409 us[EOL]
[2026-09-22T08:49:26.598658Z][TM_TransferModule.newgen-infrastructure][W][2330306][132]CRTCyclicEvent.cpp:TimeMissed():101|Cycle miss in event CCSICombinedCmdManager Cyclic Event. Time Overrun is 9271 us[EOL]
[2026-09-22T08:49:26.598687Z][TM_TransferModule.newgen-infrastructure][W][2330306][132]CRTCyclicEvent.cpp:TimeMissed():101|Cycle miss in event CCSICombinedRepManager. Time Overrun is 9271 us[EOL]
[2026-09-22T08:49:27.180727Z][TM_TransferModule.newgen-infrastructure][W][2330306][132]CRTCyclicEvent.cpp:TimeMissed():101|Cycle miss in event CCSICombinedCmdManager Cyclic Event. Time Overrun is 11342 us[EOL]
[2026-09-22T08:49:27.180746Z][TM_TransferModule.newgen-infrastructure][W][2330306][132]CRTCyclicEvent.cpp:TimeMissed():101|Cycle miss in event CCSICombinedRepManager. Time Overrun is 11342 us[EOL]
[2026-09-22T08:49:28.367379Z][TM_TransferModule.newgen-infrastructure][W][2330306][132]CRTCyclicEvent.cpp:TimeMissed():101|Cycle miss in event CCSICombinedCmdManager Cyclic Event. Time Overrun is 17993 us[EOL]
[2026-09-22T08:49:28.367406Z][TM_TransferModule.newgen-infrastructure][W][2330306][132]CRTCyclicEvent.cpp:TimeMissed():101|Cycle miss in event CCSICombinedRepManager. Time Overrun is 17993 us[EOL]
[2026-09-22T08:49:28.680898Z][TM_TransferModule.newgen-infrastructure][I][2560016][132]IMessageHandler.h:operator()():40|Received RabbitMqMessage Roche.MolLab.InstrumentState.Ping. Content: {"Timestamp":"2026-09-22T08:49:28.6746951Z","PingId":"IS39"}[EOL]
[2026-09-22T08:49:28.680977Z][TM_TransferModule.newgen-infrastructure][I][844444436][132]UnitCommunicator.cpp:SendEvent():424|Publishing event: type=Roche.c68_8800.Infrastructure.TransferModule.Echo correlation_id=(n/a)[EOL]
[2026-09-22T08:49:28.682506Z][TM_TransferModule.newgen-infrastructure][I][2560017][132]MessageSender.h:SendEvent():105|Sent RabbitMqEvent Roche.c68_8800.Infrastructure.TransferModule.Echo. Content: {"Timestamp":"2026-09-22T08:49:28.680965Z","ModuleId":"TransferModule","PingId":"IS39"}[EOL]
[2026-09-22T08:49:32.035678Z][TM_TransferModule.newgen-infrastructure][W][2330306][132]CRTCyclicEvent.cpp:TimeMissed():101|Cycle miss in event CCSICombinedCmdManager Cyclic Event. Time Overrun is 26288 us[EOL]
[2026-09-22T08:49:32.035719Z][TM_TransferModule.newgen-infrastructure][W][2330306][132]CRTCyclicEvent.cpp:TimeMissed():101|Cycle miss in event CCSICombinedRepManager. Time Overrun is 26288 us[EOL]
[2026-09-22T08:49:33.221251Z][TM_TransferModule.newgen-infrastructure][W][2330306][132]CRTCyclicEvent.cpp:TimeMissed():101|Cycle miss in event CCSICombinedCmdManager Cyclic Event. Time Overrun is 1863 us[EOL]
[2026-09-22T08:49:33.221284Z][TM_TransferModule.newgen-infrastructure][W][2330306][132]CRTCyclicEvent.cpp:TimeMissed():101|Cycle miss in event CCSICombinedRepManager. Time Overrun is 1863 us[EOL]
[2026-09-22T08:49:37.947097Z][TM_TransferModule.newgen-infrastructure][W][2330306][132]CRTCyclicEvent.cpp:TimeMissed():101|Cycle miss in event CCSICombinedCmdManager Cyclic Event. Time Overrun is 17711 us[EOL]
[2026-09-22T08:49:37.947121Z][TM_TransferModule.newgen-infrastructure][W][2330306][132]CRTCyclicEvent.cpp:TimeMissed():101|Cycle miss in event CCSICombinedRepManager. Time Overrun is 17711 us[EOL]
[2026-09-22T08:49:39.751860Z][TM_TransferModule.newgen-infrastructure][W][2330306][132]CRTCyclicEvent.cpp:TimeMissed():101|Cycle miss in event CCSICombinedCmdManager Cyclic Event. Time Overrun is 2468 us[EOL]
[2026-09-22T08:49:39.751895Z][TM_TransferModule.newgen-infrastructure][W][2330306][132]CRTCyclicEvent.cpp:TimeMissed():101|Cycle miss in event CCSICombinedRepManager. Time Overrun is 2468 us[EOL]
[2026-09-22T08:49:43.604658Z][TM_TransferModule.newgen-infrastructure][W][2330306][132]CRTCyclicEvent.cpp:TimeMissed():101|Cycle miss in event CCSICombinedCmdManager Cyclic Event. Time Overrun is 15271 us[EOL]
[2026-09-22T08:49:43.604726Z][TM_TransferModule.newgen-infrastructure][W][2330306][132]CRTCyclicEvent.cpp:TimeMissed():101|Cycle miss in event CCSICombinedRepManager. Time Overrun is 15271 us[EOL]
[2026-09-22T08:49:46.758102Z][TM_TransferModule.newgen-infrastructure][W][2330306][132]CRTCyclicEvent.cpp:TimeMissed():101|Cycle miss in event CCSICombinedCmdManager Cyclic Event. Time Overrun is 8714 us[EOL]
[2026-09-22T08:49:46.758138Z][TM_TransferModule.newgen-infrastructure][W][2330306][132]CRTCyclicEvent.cpp:TimeMissed():101|Cycle miss in event CCSICombinedRepManager. Time Overrun is 8714 us[EOL]
[2026-09-22T08:49:50.489488Z][TM_TransferModule.newgen-infrastructure][W][2330306][132]CRTCyclicEvent.cpp:TimeMissed():101|Cycle miss in event CCSICombinedCmdManager Cyclic Event. Time Overrun is 103 us[EOL]
[2026-09-22T08:49:50.489510Z][TM_TransferModule.newgen-infrastructure][W][2330306][132]CRTCyclicEvent.cpp:TimeMissed():101|Cycle miss in event CCSICombinedRepManager. Time Overrun is 103 us[EOL]
[2026-09-22T08:49:50.998637Z][TM_TransferModule.newgen-infrastructure][W][2330306][132]CRTCyclicEvent.cpp:TimeMissed():101|Cycle miss in event CCSICombinedCmdManager Cyclic Event. Time Overrun is 9239 us[EOL]
[2026-09-22T08:49:50.998681Z][TM_TransferModule.newgen-infrastructure][W][2330306][132]CRTCyclicEvent.cpp:TimeMissed():101|Cycle miss in event CCSICombinedRepManager. Time Overrun is 9239 us[EOL]
[2026-09-22T08:49:52.439785Z][TM_TransferModule.newgen-infrastructure][W][2330306][132]CRTCyclicEvent.cpp:TimeMissed():101|Cycle miss in event CCSICombinedCmdManager Cyclic Event. Time Overrun is 394 us[EOL]
[2026-09-22T08:49:52.439976Z][TM_TransferModule.newgen-infrastructure][W][2330306][132]CRTCyclicEvent.cpp:TimeMissed():101|Cycle miss in event CCSICombinedRepManager. Time Overrun is 394 us[EOL]
[2026-09-22T08:49:53.512285Z][TM_TransferModule.newgen-infrastructure][W][2330306][132]CRTCyclicEvent.cpp:TimeMissed():101|Cycle miss in event CCSICombinedCmdManager Cyclic Event. Time Overrun is 2898 us[EOL]
[2026-09-22T08:49:53.512316Z][TM_TransferModule.newgen-infrastructure][W][2330306][132]CRTCyclicEvent.cpp:TimeMissed():101|Cycle miss in event CCSICombinedRepManager. Time Overrun is 2898 us[EOL]
[2026-09-22T08:49:54.540103Z][TM_TransferModule.newgen-infrastructure][W][2330306][132]CRTCyclicEvent.cpp:TimeMissed():101|Cycle miss in event CCSICombinedCmdManager Cyclic Event. Time Overrun is 10711 us[EOL]
[2026-09-22T08:49:54.540220Z][TM_TransferModule.newgen-infrastructure][W][2330306][132]CRTCyclicEvent.cpp:TimeMissed():101|Cycle miss in event CCSICombinedRepManager. Time Overrun is 10711 us[EOL]
[2026-09-22T08:49:55.562601Z][TM_TransferModule.newgen-infrastructure][W][2330306][132]CRTCyclicEvent.cpp:TimeMissed():101|Cycle miss in event CCSICombinedCmdManager Cyclic Event. Time Overrun is 13216 us[EOL]
[2026-09-22T08:49:55.562624Z][TM_TransferModule.newgen-infrastructure][W][2330306][132]CRTCyclicEvent.cpp:TimeMissed():101|Cycle miss in event CCSICombinedRepManager. Time Overrun is 13216 us[EOL]
[2026-09-22T08:49:58.683190Z][TM_TransferModule.newgen-infrastructure][I][2560016][132]IMessageHandler.h:operator()():40|Received RabbitMqMessage Roche.MolLab.InstrumentState.Ping. Content: {"Timestamp":"2026-09-22T08:49:58.6750959Z","PingId":"IS40"}[EOL]
[2026-09-22T08:49:58.683232Z][TM_TransferModule.newgen-infrastructure][I][844444436][132]UnitCommunicator.cpp:SendEvent():424|Publishing event: type=Roche.c68_8800.Infrastructure.TransferModule.Echo correlation_id=(n/a)[EOL]
[2026-09-22T08:49:58.683450Z][TM_TransferModule.newgen-infrastructure][I][2560017][132]MessageSender.h:SendEvent():105|Sent RabbitMqEvent Roche.c68_8800.Infrastructure.TransferModule.Echo. Content: {"Timestamp":"2026-09-22T08:49:58.683226Z","ModuleId":"TransferModule","PingId":"IS40"}[EOL]
[2026-09-22T08:50:01.956531Z][TM_TransferModule.newgen-infrastructure][I][4560021][132]CSerialPortListener.cpp:VerifyAndParseReport():134|Climate sensor serial port report received: Command Id: 5248[EOL]
[2026-09-22T08:50:01.956604Z][TM_TransferModule.newgen-infrastructure][I][4560018][132]CGetHumidityCommandReport.cpp:ParseReport():44|ClimateSensor library: Humidity received from hardware: 6000[EOL]
[2026-09-22T08:50:01.958287Z][TM_TransferModule.newgen-infrastructure][I][4560021][132]CSerialPortListener.cpp:VerifyAndParseReport():134|Climate sensor serial port report received: Command Id: 5248[EOL]
[2026-09-22T08:50:01.958378Z][TM_TransferModule.newgen-infrastructure][I][4560018][132]CGetHumidityCommandReport.cpp:ParseReport():44|ClimateSensor library: Humidity received from hardware: 6000[EOL]
[2026-09-22T08:50:01.958417Z][TM_TransferModule.newgen-infrastructure][I][0][132]CGetHumidityProcedure.cpp:CallbackSendHumidityMeasuredEvent():103|Measured average humidity 60.000000[EOL]
[2026-09-22T08:50:02.241149Z][TM_TransferModule.newgen-infrastructure][I][2210053][132]CReadMultipleAnalogTempSensorStep.cpp:StoreReportDataInternal():50|Analog temperature sensor 6: 20.000000 °C[EOL]
[2026-09-22T08:50:02.241186Z][TM_TransferModule.newgen-infrastructure][W][2210075][132]CSensorObserver.cpp:NewTemperatureValueBySensor():204|Sending event TemperatureOutOfRange: TemperatureID: 0, Temperature: 2000[EOL]
[2026-09-22T08:50:02.241213Z][TM_TransferModule.newgen-infrastructure][I][2210053][132]CReadMultipleAnalogTempSensorStep.cpp:StoreReportDataInternal():50|Analog temperature sensor 7: 20.000000 °C[EOL]
[2026-09-22T08:50:02.245167Z][TM_TransferModule.newgen-infrastructure][I][2660020][132]CGetMultipleFanStateStep.cpp:PrintReceivedParameters():105|Received FW parameters: Number of fan: 1: RepFanID: 0, RepFanPWM: 50, RepFanSpeed: 1000; [EOL]
[2026-09-22T08:50:28.676009Z][TM_TransferModule.newgen-infrastructure][I][2560016][132]IMessageHandler.h:operator()():40|Received RabbitMqMessage Roche.MolLab.InstrumentState.Ping. Content: {"Timestamp":"2026-09-22T08:50:28.6732287Z","PingId":"IS41"}[EOL]
[2026-09-22T08:50:28.676070Z][TM_TransferModule.newgen-infrastructure][I][844444436][132]UnitCommunicator.cpp:SendEvent():424|Publishing event: type=Roche.c68_8800.Infrastructure.TransferModule.Echo correlation_id=(n/a)[EOL]
[2026-09-22T08:50:28.676103Z][TM_TransferModule.newgen-infrastructure][I][2560017][132]MessageSender.h:SendEvent():105|Sent RabbitMqEvent Roche.c68_8800.Infrastructure.TransferModule.Echo. Content: {"Timestamp":"2026-09-22T08:50:28.676060Z","ModuleId":"TransferModule","PingId":"IS41"}[EOL]
[2026-09-22T08:50:32.590293Z][TM_TransferModule.newgen-infrastructure][W][2330306][132]CRTCyclicEvent.cpp:TimeMissed():101|Cycle miss in event CCSICombinedCmdManager Cyclic Event. Time Overrun is 30906 us[EOL]
[2026-09-22T08:50:32.590329Z][TM_TransferModule.newgen-infrastructure][W][2330306][132]CRTCyclicEvent.cpp:TimeMissed():101|Cycle miss in event CCSICombinedRepManager. Time Overrun is 30906 us[EOL]
[2026-09-22T08:50:58.706192Z][TM_TransferModule.newgen-infrastructure][I][2560016][132]IMessageHandler.h:operator()():40|Received RabbitMqMessage Roche.MolLab.InstrumentState.Ping. Content: {"Timestamp":"2026-09-22T08:50:58.6750215Z","PingId":"IS42"}[EOL]
[2026-09-22T08:50:58.706236Z][TM_TransferModule.newgen-infrastructure][I][844444436][132]UnitCommunicator.cpp:SendEvent():424|Publishing event: type=Roche.c68_8800.Infrastructure.TransferModule.Echo correlation_id=(n/a)[EOL]
[2026-09-22T08:50:58.706316Z][TM_TransferModule.newgen-infrastructure][I][2560017][132]MessageSender.h:SendEvent():105|Sent RabbitMqEvent Roche.c68_8800.Infrastructure.TransferModule.Echo. Content: {"Timestamp":"2026-09-22T08:50:58.706229Z","ModuleId":"TransferModule","PingId":"IS42"}[EOL]
[2026-09-22T08:50:58.824611Z][TM_TransferModule.newgen-infrastructure][W][2330306][132]CRTCyclicEvent.cpp:TimeMissed():101|Cycle miss in event CCSICombinedCmdManager Cyclic Event. Time Overrun is 5221 us[EOL]
[2026-09-22T08:50:58.824647Z][TM_TransferModule.newgen-infrastructure][W][2330306][132]CRTCyclicEvent.cpp:TimeMissed():101|Cycle miss in event CCSICombinedRepManager. Time Overrun is 5221 us[EOL]
[2026-09-22T08:51:01.177384Z][TM_TransferModule.newgen-infrastructure][W][2330306][132]CRTCyclicEvent.cpp:TimeMissed():101|Cycle miss in event CCSICombinedCmdManager Cyclic Event. Time Overrun is 7995 us[EOL]
[2026-09-22T08:51:01.177419Z][TM_TransferModule.newgen-infrastructure][W][2330306][132]CRTCyclicEvent.cpp:TimeMissed():101|Cycle miss in event CCSICombinedRepManager. Time Overrun is 7995 us[EOL]
[2026-09-22T08:51:01.777604Z][TM_TransferModule.newgen-infrastructure][W][2330306][132]CRTCyclicEvent.cpp:TimeMissed():101|Cycle miss in event CCSICombinedCmdManager Cyclic Event. Time Overrun is 8214 us[EOL]
[2026-09-22T08:51:01.777641Z][TM_TransferModule.newgen-infrastructure][W][2330306][132]CRTCyclicEvent.cpp:TimeMissed():101|Cycle miss in event CCSICombinedRepManager. Time Overrun is 8214 us[EOL]
[2026-09-22T08:51:01.956552Z][TM_TransferModule.newgen-infrastructure][I][4560021][132]CSerialPortListener.cpp:VerifyAndParseReport():134|Climate sensor serial port report received: Command Id: 5248[EOL]
[2026-09-22T08:51:01.956607Z][TM_TransferModule.newgen-infrastructure][I][4560018][132]CGetHumidityCommandReport.cpp:ParseReport():44|ClimateSensor library: Humidity received from hardware: 6000[EOL]
[2026-09-22T08:51:01.960502Z][TM_TransferModule.newgen-infrastructure][I][4560021][132]CSerialPortListener.cpp:VerifyAndParseReport():134|Climate sensor serial port report received: Command Id: 5248[EOL]
[2026-09-22T08:51:01.960566Z][TM_TransferModule.newgen-infrastructure][I][4560018][132]CGetHumidityCommandReport.cpp:ParseReport():44|ClimateSensor library: Humidity received from hardware: 6000[EOL]
[2026-09-22T08:51:01.961345Z][TM_TransferModule.newgen-infrastructure][I][0][132]CGetHumidityProcedure.cpp:CallbackSendHumidityMeasuredEvent():103|Measured average humidity 60.000000[EOL]
[2026-09-22T08:51:02.258374Z][TM_TransferModule.newgen-infrastructure][I][2210053][132]CReadMultipleAnalogTempSensorStep.cpp:StoreReportDataInternal():50|Analog temperature sensor 6: 20.000000 °C[EOL]
[2026-09-22T08:51:02.258447Z][TM_TransferModule.newgen-infrastructure][W][2210075][132]CSensorObserver.cpp:NewTemperatureValueBySensor():204|Sending event TemperatureOutOfRange: TemperatureID: 0, Temperature: 2000[EOL]
[2026-09-22T08:51:02.258456Z][TM_TransferModule.newgen-infrastructure][I][2210053][132]CReadMultipleAnalogTempSensorStep.cpp:StoreReportDataInternal():50|Analog temperature sensor 7: 20.000000 °C[EOL]
[2026-09-22T08:51:02.268558Z][TM_TransferModule.newgen-infrastructure][I][2660020][132]CGetMultipleFanStateStep.cpp:PrintReceivedParameters():105|Received FW parameters: Number of fan: 1: RepFanID: 0, RepFanPWM: 50, RepFanSpeed: 1000; [EOL]
[2026-09-22T08:51:02.887830Z][TM_TransferModule.newgen-infrastructure][W][2330306][132]CRTCyclicEvent.cpp:TimeMissed():101|Cycle miss in event CCSICombinedCmdManager Cyclic Event. Time Overrun is 8439 us[EOL]
[2026-09-22T08:51:02.887878Z][TM_TransferModule.newgen-infrastructure][W][2330306][132]CRTCyclicEvent.cpp:TimeMissed():101|Cycle miss in event CCSICombinedRepManager. Time Overrun is 8439 us[EOL]
[2026-09-22T08:51:03.422314Z][TM_TransferModule.newgen-infrastructure][W][2330306][132]CRTCyclicEvent.cpp:TimeMissed():101|Cycle miss in event CCSICombinedCmdManager Cyclic Event. Time Overrun is 2918 us[EOL]
[2026-09-22T08:51:03.422358Z][TM_TransferModule.newgen-infrastructure][W][2330306][132]CRTCyclicEvent.cpp:TimeMissed():101|Cycle miss in event CCSICombinedRepManager. Time Overrun is 2918 us[EOL]
[2026-09-22T08:51:04.662807Z][TM_TransferModule.newgen-infrastructure][W][2330306][132]CRTCyclicEvent.cpp:TimeMissed():101|Cycle miss in event CCSICombinedCmdManager Cyclic Event. Time Overrun is 23418 us[EOL]
[2026-09-22T08:51:04.662847Z][TM_TransferModule.newgen-infrastructure][W][2330306][132]CRTCyclicEvent.cpp:TimeMissed():101|Cycle miss in event CCSICombinedRepManager. Time Overrun is 23418 us[EOL]
[2026-09-22T08:51:05.139974Z][TM_TransferModule.newgen-infrastructure][W][2330306][132]CRTCyclicEvent.cpp:TimeMissed():101|Cycle miss in event CCSICombinedCmdManager Cyclic Event. Time Overrun is 586 us[EOL]
[2026-09-22T08:51:05.140006Z][TM_TransferModule.newgen-infrastructure][W][2330306][132]CRTCyclicEvent.cpp:TimeMissed():101|Cycle miss in event CCSICombinedRepManager. Time Overrun is 586 us[EOL]
[2026-09-22T08:51:10.409673Z][TM_TransferModule.newgen-infrastructure][W][2330306][132]CRTCyclicEvent.cpp:TimeMissed():101|Cycle miss in event CCSICombinedCmdManager Cyclic Event. Time Overrun is 50275 us[EOL]
[2026-09-22T08:51:10.409724Z][TM_TransferModule.newgen-infrastructure][W][2330306][132]CRTCyclicEvent.cpp:TimeMissed():101|Cycle miss in event CCSICombinedRepManager. Time Overrun is 50275 us[EOL]
[2026-09-22T08:51:11.660932Z][TM_TransferModule.newgen-infrastructure][W][2330306][132]CRTCyclicEvent.cpp:TimeMissed():101|Cycle miss in event CCSICombinedCmdManager Cyclic Event. Time Overrun is 1541 us[EOL]
[2026-09-22T08:51:11.661042Z][TM_TransferModule.newgen-infrastructure][W][2330306][132]CRTCyclicEvent.cpp:TimeMissed():101|Cycle miss in event CCSICombinedRepManager. Time Overrun is 1541 us[EOL]
[2026-09-22T08:51:13.173810Z][TM_TransferModule.newgen-infrastructure][W][2330306][132]CRTCyclicEvent.cpp:TimeMissed():101|Cycle miss in event CCSICombinedCmdManager Cyclic Event. Time Overrun is 74421 us[EOL]
[2026-09-22T08:51:13.173876Z][TM_TransferModule.newgen-infrastructure][W][2330306][132]CRTCyclicEvent.cpp:TimeMissed():101|Cycle miss in event CCSICombinedRepManager. Time Overrun is 74421 us[EOL]
[2026-09-22T08:51:17.860628Z][TM_TransferModule.newgen-infrastructure][W][2330306][132]CRTCyclicEvent.cpp:TimeMissed():101|Cycle miss in event CCSICombinedCmdManager Cyclic Event. Time Overrun is 1236 us[EOL]
[2026-09-22T08:51:17.860664Z][TM_TransferModule.newgen-infrastructure][W][2330306][132]CRTCyclicEvent.cpp:TimeMissed():101|Cycle miss in event CCSICombinedRepManager. Time Overrun is 1236 us[EOL]
[2026-09-22T08:51:24.350385Z][TM_TransferModule.newgen-infrastructure][W][2330306][132]CRTCyclicEvent.cpp:TimeMissed():101|Cycle miss in event CCSICombinedCmdManager Cyclic Event. Time Overrun is 997 us[EOL]
[2026-09-22T08:51:24.350428Z][TM_TransferModule.newgen-infrastructure][W][2330306][132]CRTCyclicEvent.cpp:TimeMissed():101|Cycle miss in event CCSICombinedRepManager. Time Overrun is 997 us[EOL]
[2026-09-22T08:51:28.675604Z][TM_TransferModule.newgen-infrastructure][I][2560016][132]IMessageHandler.h:operator()():40|Received RabbitMqMessage Roche.MolLab.InstrumentState.Ping. Content: {"Timestamp":"2026-09-22T08:51:28.673576Z","PingId":"IS43"}[EOL]
[2026-09-22T08:51:28.675651Z][TM_TransferModule.newgen-infrastructure][I][844444436][132]UnitCommunicator.cpp:SendEvent():424|Publishing event: type=Roche.c68_8800.Infrastructure.TransferModule.Echo correlation_id=(n/a)[EOL]
[2026-09-22T08:51:28.675679Z][TM_TransferModule.newgen-infrastructure][I][2560017][132]MessageSender.h:SendEvent():105|Sent RabbitMqEvent Roche.c68_8800.Infrastructure.TransferModule.Echo. Content: {"Timestamp":"2026-09-22T08:51:28.675644Z","ModuleId":"TransferModule","PingId":"IS43"}[EOL]
[2026-09-22T08:51:29.433620Z][TM_TransferModule.newgen-infrastructure][W][2330306][132]CRTCyclicEvent.cpp:TimeMissed():101|Cycle miss in event CCSICombinedCmdManager Cyclic Event. Time Overrun is 4232 us[EOL]
[2026-09-22T08:51:29.433655Z][TM_TransferModule.newgen-infrastructure][W][2330306][132]CRTCyclicEvent.cpp:TimeMissed():101|Cycle miss in event CCSICombinedRepManager. Time Overrun is 4232 us[EOL]
[2026-09-22T08:51:30.465824Z][TM_TransferModule.newgen-infrastructure][W][2330306][132]CRTCyclicEvent.cpp:TimeMissed():101|Cycle miss in event CCSICombinedCmdManager Cyclic Event. Time Overrun is 6435 us[EOL]
[2026-09-22T08:51:30.465876Z][TM_TransferModule.newgen-infrastructure][W][2330306][132]CRTCyclicEvent.cpp:TimeMissed():101|Cycle miss in event CCSICombinedRepManager. Time Overrun is 6435 us[EOL]
[2026-09-22T08:51:35.499964Z][TM_TransferModule.newgen-infrastructure][W][2330306][132]CRTCyclicEvent.cpp:TimeMissed():101|Cycle miss in event CCSICombinedCmdManager Cyclic Event. Time Overrun is 577 us[EOL]
[2026-09-22T08:51:35.499999Z][TM_TransferModule.newgen-infrastructure][W][2330306][132]CRTCyclicEvent.cpp:TimeMissed():101|Cycle miss in event CCSICombinedRepManager. Time Overrun is 577 us[EOL]
[2026-09-22T08:51:42.411632Z][TM_TransferModule.newgen-infrastructure][W][2330306][132]CRTCyclicEvent.cpp:TimeMissed():101|Cycle miss in event CCSICombinedCmdManager Cyclic Event. Time Overrun is 2246 us[EOL]
[2026-09-22T08:51:42.411662Z][TM_TransferModule.newgen-infrastructure][W][2330306][132]CRTCyclicEvent.cpp:TimeMissed():101|Cycle miss in event CCSICombinedRepManager. Time Overrun is 2246 us[EOL]
[2026-09-22T08:51:58.680680Z][TM_TransferModule.newgen-infrastructure][I][2560016][132]IMessageHandler.h:operator()():40|Received RabbitMqMessage Roche.MolLab.InstrumentState.Ping. Content: {"Timestamp":"2026-09-22T08:51:58.6754465Z","PingId":"IS44"}[EOL]
[2026-09-22T08:51:58.680746Z][TM_TransferModule.newgen-infrastructure][I][844444436][132]UnitCommunicator.cpp:SendEvent():424|Publishing event: type=Roche.c68_8800.Infrastructure.TransferModule.Echo correlation_id=(n/a)[EOL]
[2026-09-22T08:51:58.680916Z][TM_TransferModule.newgen-infrastructure][I][2560017][132]MessageSender.h:SendEvent():105|Sent RabbitMqEvent Roche.c68_8800.Infrastructure.TransferModule.Echo. Content: {"Timestamp":"2026-09-22T08:51:58.680736Z","ModuleId":"TransferModule","PingId":"IS44"}[EOL]
[2026-09-22T08:51:58.747435Z][TM_TransferModule.newgen-infrastructure][W][2330306][132]CRTCyclicEvent.cpp:TimeMissed():101|Cycle miss in event CCSICombinedCmdManager Cyclic Event. Time Overrun is 18045 us[EOL]
[2026-09-22T08:51:58.747537Z][TM_TransferModule.newgen-infrastructure][W][2330306][132]CRTCyclicEvent.cpp:TimeMissed():101|Cycle miss in event CCSICombinedRepManager. Time Overrun is 18045 us[EOL]
[2026-09-22T08:52:01.957164Z][TM_TransferModule.newgen-infrastructure][I][4560021][132]CSerialPortListener.cpp:VerifyAndParseReport():134|Climate sensor serial port report received: Command Id: 5248[EOL]
[2026-09-22T08:52:01.957235Z][TM_TransferModule.newgen-infrastructure][I][4560018][132]CGetHumidityCommandReport.cpp:ParseReport():44|ClimateSensor library: Humidity received from hardware: 6000[EOL]
[2026-09-22T08:52:01.959173Z][TM_TransferModule.newgen-infrastructure][I][4560021][132]CSerialPortListener.cpp:VerifyAndParseReport():134|Climate sensor serial port report received: Command Id: 5248[EOL]
[2026-09-22T08:52:01.959235Z][TM_TransferModule.newgen-infrastructure][I][4560018][132]CGetHumidityCommandReport.cpp:ParseReport():44|ClimateSensor library: Humidity received from hardware: 6000[EOL]
[2026-09-22T08:52:01.959325Z][TM_TransferModule.newgen-infrastructure][I][0][132]CGetHumidityProcedure.cpp:CallbackSendHumidityMeasuredEvent():103|Measured average humidity 60.000000[EOL]
[2026-09-22T08:52:02.284313Z][TM_TransferModule.newgen-infrastructure][I][2210053][132]CReadMultipleAnalogTempSensorStep.cpp:StoreReportDataInternal():50|Analog temperature sensor 6: 20.000000 °C[EOL]
[2026-09-22T08:52:02.284397Z][TM_TransferModule.newgen-infrastructure][W][2210075][132]CSensorObserver.cpp:NewTemperatureValueBySensor():204|Sending event TemperatureOutOfRange: TemperatureID: 0, Temperature: 2000[EOL]
[2026-09-22T08:52:02.284448Z][TM_TransferModule.newgen-infrastructure][I][2210053][132]CReadMultipleAnalogTempSensorStep.cpp:StoreReportDataInternal():50|Analog temperature sensor 7: 20.000000 °C[EOL]
[2026-09-22T08:52:02.288231Z][TM_TransferModule.newgen-infrastructure][I][2660020][132]CGetMultipleFanStateStep.cpp:PrintReceivedParameters():105|Received FW parameters: Number of fan: 1: RepFanID: 0, RepFanPWM: 50, RepFanSpeed: 1000; [EOL]
[2026-09-22T08:52:02.852510Z][TM_TransferModule.newgen-infrastructure][W][2330306][132]CRTCyclicEvent.cpp:TimeMissed():101|Cycle miss in event CCSICombinedCmdManager Cyclic Event. Time Overrun is 3121 us[EOL]
[2026-09-22T08:52:02.852542Z][TM_TransferModule.newgen-infrastructure][W][2330306][132]CRTCyclicEvent.cpp:TimeMissed():101|Cycle miss in event CCSICombinedRepManager. Time Overrun is 3121 us[EOL]
[2026-09-22T08:52:07.428574Z][TM_TransferModule.newgen-infrastructure][W][2330306][132]CRTCyclicEvent.cpp:TimeMissed():101|Cycle miss in event CCSICombinedCmdManager Cyclic Event. Time Overrun is 9186 us[EOL]
[2026-09-22T08:52:07.428604Z][TM_TransferModule.newgen-infrastructure][W][2330306][132]CRTCyclicEvent.cpp:TimeMissed():101|Cycle miss in event CCSICombinedRepManager. Time Overrun is 9186 us[EOL]
[2026-09-22T08:52:28.677579Z][TM_TransferModule.newgen-infrastructure][I][2560016][132]IMessageHandler.h:operator()():40|Received RabbitMqMessage Roche.MolLab.InstrumentState.Ping. Content: {"Timestamp":"2026-09-22T08:52:28.6746619Z","PingId":"IS45"}[EOL]
[2026-09-22T08:52:28.677640Z][TM_TransferModule.newgen-infrastructure][I][844444436][132]UnitCommunicator.cpp:SendEvent():424|Publishing event: type=Roche.c68_8800.Infrastructure.TransferModule.Echo correlation_id=(n/a)[EOL]
[2026-09-22T08:52:28.677671Z][TM_TransferModule.newgen-infrastructure][I][2560017][132]MessageSender.h:SendEvent():105|Sent RabbitMqEvent Roche.c68_8800.Infrastructure.TransferModule.Echo. Content: {"Timestamp":"2026-09-22T08:52:28.677628Z","ModuleId":"TransferModule","PingId":"IS45"}[EOL]
[2026-09-22T08:52:45.071658Z][TM_TransferModule.newgen-infrastructure][W][2330306][132]CRTCyclicEvent.cpp:TimeMissed():101|Cycle miss in event CCSICombinedCmdManager Cyclic Event. Time Overrun is 2268 us[EOL]
[2026-09-22T08:52:45.071694Z][TM_TransferModule.newgen-infrastructure][W][2330306][132]CRTCyclicEvent.cpp:TimeMissed():101|Cycle miss in event CCSICombinedRepManager. Time Overrun is 2268 us[EOL]
[2026-09-22T08:52:55.823209Z][TM_TransferModule.newgen-infrastructure][W][2330306][132]CRTCyclicEvent.cpp:TimeMissed():101|Cycle miss in event CCSICombinedCmdManager Cyclic Event. Time Overrun is 3818 us[EOL]
[2026-09-22T08:52:55.823256Z][TM_TransferModule.newgen-infrastructure][W][2330306][132]CRTCyclicEvent.cpp:TimeMissed():101|Cycle miss in event CCSICombinedRepManager. Time Overrun is 3818 us[EOL]
[2026-09-22T08:52:58.676927Z][TM_TransferModule.newgen-infrastructure][I][2560016][132]IMessageHandler.h:operator()():40|Received RabbitMqMessage Roche.MolLab.InstrumentState.Ping. Content: {"Timestamp":"2026-09-22T08:52:58.6739846Z","PingId":"IS46"}[EOL]
[2026-09-22T08:52:58.677010Z][TM_TransferModule.newgen-infrastructure][I][844444436][132]UnitCommunicator.cpp:SendEvent():424|Publishing event: type=Roche.c68_8800.Infrastructure.TransferModule.Echo correlation_id=(n/a)[EOL]
[2026-09-22T08:52:58.677067Z][TM_TransferModule.newgen-infrastructure][I][2560017][132]MessageSender.h:SendEvent():105|Sent RabbitMqEvent Roche.c68_8800.Infrastructure.TransferModule.Echo. Content: {"Timestamp":"2026-09-22T08:52:58.676999Z","ModuleId":"TransferModule","PingId":"IS46"}[EOL]
[2026-09-22T08:53:01.956319Z][TM_TransferModule.newgen-infrastructure][I][4560021][132]CSerialPortListener.cpp:VerifyAndParseReport():134|Climate sensor serial port report received: Command Id: 5248[EOL]
[2026-09-22T08:53:01.956364Z][TM_TransferModule.newgen-infrastructure][I][4560018][132]CGetHumidityCommandReport.cpp:ParseReport():44|ClimateSensor library: Humidity received from hardware: 6000[EOL]
[2026-09-22T08:53:01.958154Z][TM_TransferModule.newgen-infrastructure][I][4560021][132]CSerialPortListener.cpp:VerifyAndParseReport():134|Climate sensor serial port report received: Command Id: 5248[EOL]
[2026-09-22T08:53:01.958180Z][TM_TransferModule.newgen-infrastructure][I][4560018][132]CGetHumidityCommandReport.cpp:ParseReport():44|ClimateSensor library: Humidity received from hardware: 6000[EOL]
[2026-09-22T08:53:01.958432Z][TM_TransferModule.newgen-infrastructure][I][0][132]CGetHumidityProcedure.cpp:CallbackSendHumidityMeasuredEvent():103|Measured average humidity 60.000000[EOL]
[2026-09-22T08:53:02.300152Z][TM_TransferModule.newgen-infrastructure][I][2210053][132]CReadMultipleAnalogTempSensorStep.cpp:StoreReportDataInternal():50|Analog temperature sensor 6: 20.000000 °C[EOL]
[2026-09-22T08:53:02.300191Z][TM_TransferModule.newgen-infrastructure][W][2210075][132]CSensorObserver.cpp:NewTemperatureValueBySensor():204|Sending event TemperatureOutOfRange: TemperatureID: 0, Temperature: 2000[EOL]
[2026-09-22T08:53:02.300194Z][TM_TransferModule.newgen-infrastructure][I][2210053][132]CReadMultipleAnalogTempSensorStep.cpp:StoreReportDataInternal():50|Analog temperature sensor 7: 20.000000 °C[EOL]
[2026-09-22T08:53:02.304069Z][TM_TransferModule.newgen-infrastructure][I][2660020][132]CGetMultipleFanStateStep.cpp:PrintReceivedParameters():105|Received FW parameters: Number of fan: 1: RepFanID: 0, RepFanPWM: 50, RepFanSpeed: 1000; [EOL]
[2026-09-22T08:53:16.253967Z][TM_TransferModule.newgen-infrastructure][W][2330306][132]CRTCyclicEvent.cpp:TimeMissed():101|Cycle miss in event CCSICombinedCmdManager Cyclic Event. Time Overrun is 4580 us[EOL]
[2026-09-22T08:53:16.253992Z][TM_TransferModule.newgen-infrastructure][W][2330306][132]CRTCyclicEvent.cpp:TimeMissed():101|Cycle miss in event CCSICombinedRepManager. Time Overrun is 4580 us[EOL]
[2026-09-22T08:53:23.610150Z][TM_TransferModule.newgen-infrastructure][W][2330306][132]CRTCyclicEvent.cpp:TimeMissed():101|Cycle miss in event CCSICombinedCmdManager Cyclic Event. Time Overrun is 10764 us[EOL]
[2026-09-22T08:53:23.610172Z][TM_TransferModule.newgen-infrastructure][W][2330306][132]CRTCyclicEvent.cpp:TimeMissed():101|Cycle miss in event CCSICombinedRepManager. Time Overrun is 10764 us[EOL]
[2026-09-22T08:53:28.692766Z][TM_TransferModule.newgen-infrastructure][I][2560016][132]IMessageHandler.h:operator()():40|Received RabbitMqMessage Roche.MolLab.InstrumentState.Ping. Content: {"Timestamp":"2026-09-22T08:53:28.6752665Z","PingId":"IS47"}[EOL]
[2026-09-22T08:53:28.692796Z][TM_TransferModule.newgen-infrastructure][I][844444436][132]UnitCommunicator.cpp:SendEvent():424|Publishing event: type=Roche.c68_8800.Infrastructure.TransferModule.Echo correlation_id=(n/a)[EOL]
[2026-09-22T08:53:28.692817Z][TM_TransferModule.newgen-infrastructure][I][2560017][132]MessageSender.h:SendEvent():105|Sent RabbitMqEvent Roche.c68_8800.Infrastructure.TransferModule.Echo. Content: {"Timestamp":"2026-09-22T08:53:28.692792Z","ModuleId":"TransferModule","PingId":"IS47"}[EOL]
[2026-09-22T08:53:28.727877Z][TM_TransferModule.newgen-infrastructure][W][2330306][132]CRTCyclicEvent.cpp:TimeMissed():101|Cycle miss in event CCSICombinedCmdManager Cyclic Event. Time Overrun is 8485 us[EOL]
[2026-09-22T08:53:28.727919Z][TM_TransferModule.newgen-infrastructure][W][2330306][132]CRTCyclicEvent.cpp:TimeMissed():101|Cycle miss in event CCSICombinedRepManager. Time Overrun is 8485 us[EOL]
[2026-09-22T08:53:33.879685Z][TM_TransferModule.newgen-infrastructure][W][2330306][132]CRTCyclicEvent.cpp:TimeMissed():101|Cycle miss in event CCSICombinedCmdManager Cyclic Event. Time Overrun is 298 us[EOL]
[2026-09-22T08:53:33.879711Z][TM_TransferModule.newgen-infrastructure][W][2330306][132]CRTCyclicEvent.cpp:TimeMissed():101|Cycle miss in event CCSICombinedRepManager. Time Overrun is 298 us[EOL]
[2026-09-22T08:53:53.618584Z][TM_TransferModule.newgen-infrastructure][W][2330306][132]CRTCyclicEvent.cpp:TimeMissed():101|Cycle miss in event CCSICombinedCmdManager Cyclic Event. Time Overrun is 19193 us[EOL]
[2026-09-22T08:53:53.618915Z][TM_TransferModule.newgen-infrastructure][W][2330306][132]CRTCyclicEvent.cpp:TimeMissed():101|Cycle miss in event CCSICombinedRepManager. Time Overrun is 19193 us[EOL]
[2026-09-22T08:53:54.910493Z][TM_TransferModule.newgen-infrastructure][W][2330306][132]CRTCyclicEvent.cpp:TimeMissed():101|Cycle miss in event CCSICombinedCmdManager Cyclic Event. Time Overrun is 1105 us[EOL]
[2026-09-22T08:53:54.910523Z][TM_TransferModule.newgen-infrastructure][W][2330306][132]CRTCyclicEvent.cpp:TimeMissed():101|Cycle miss in event CCSICombinedRepManager. Time Overrun is 1105 us[EOL]
[2026-09-22T08:53:57.049759Z][TM_TransferModule.newgen-infrastructure][W][2330306][132]CRTCyclicEvent.cpp:TimeMissed():101|Cycle miss in event CCSICombinedCmdManager Cyclic Event. Time Overrun is 20371 us[EOL]
[2026-09-22T08:53:57.049790Z][TM_TransferModule.newgen-infrastructure][W][2330306][132]CRTCyclicEvent.cpp:TimeMissed():101|Cycle miss in event CCSICombinedRepManager. Time Overrun is 20371 us[EOL]
[2026-09-22T08:53:58.695319Z][TM_TransferModule.newgen-infrastructure][I][2560016][132]IMessageHandler.h:operator()():40|Received RabbitMqMessage Roche.MolLab.InstrumentState.Ping. Content: {"Timestamp":"2026-09-22T08:53:58.673581Z","PingId":"IS48"}[EOL]
[2026-09-22T08:53:58.695362Z][TM_TransferModule.newgen-infrastructure][I][844444436][132]UnitCommunicator.cpp:SendEvent():424|Publishing event: type=Roche.c68_8800.Infrastructure.TransferModule.Echo correlation_id=(n/a)[EOL]
[2026-09-22T08:53:58.695389Z][TM_TransferModule.newgen-infrastructure][I][2560017][132]MessageSender.h:SendEvent():105|Sent RabbitMqEvent Roche.c68_8800.Infrastructure.TransferModule.Echo. Content: {"Timestamp":"2026-09-22T08:53:58.695355Z","ModuleId":"TransferModule","PingId":"IS48"}[EOL]
[2026-09-22T08:54:01.957157Z][TM_TransferModule.newgen-infrastructure][I][4560021][132]CSerialPortListener.cpp:VerifyAndParseReport():134|Climate sensor serial port report received: Command Id: 5248[EOL]
[2026-09-22T08:54:01.957214Z][TM_TransferModule.newgen-infrastructure][I][4560018][132]CGetHumidityCommandReport.cpp:ParseReport():44|ClimateSensor library: Humidity received from hardware: 6000[EOL]
[2026-09-22T08:54:01.960613Z][TM_TransferModule.newgen-infrastructure][I][4560021][132]CSerialPortListener.cpp:VerifyAndParseReport():134|Climate sensor serial port report received: Command Id: 5248[EOL]
[2026-09-22T08:54:01.960661Z][TM_TransferModule.newgen-infrastructure][I][4560018][132]CGetHumidityCommandReport.cpp:ParseReport():44|ClimateSensor library: Humidity received from hardware: 6000[EOL]
[2026-09-22T08:54:01.960921Z][TM_TransferModule.newgen-infrastructure][I][0][132]CGetHumidityProcedure.cpp:CallbackSendHumidityMeasuredEvent():103|Measured average humidity 60.000000[EOL]
[2026-09-22T08:54:02.317146Z][TM_TransferModule.newgen-infrastructure][I][2210053][132]CReadMultipleAnalogTempSensorStep.cpp:StoreReportDataInternal():50|Analog temperature sensor 6: 20.000000 °C[EOL]
[2026-09-22T08:54:02.317256Z][TM_TransferModule.newgen-infrastructure][W][2210075][132]CSensorObserver.cpp:NewTemperatureValueBySensor():204|Sending event TemperatureOutOfRange: TemperatureID: 0, Temperature: 2000[EOL]
[2026-09-22T08:54:02.317269Z][TM_TransferModule.newgen-infrastructure][I][2210053][132]CReadMultipleAnalogTempSensorStep.cpp:StoreReportDataInternal():50|Analog temperature sensor 7: 20.000000 °C[EOL]
[2026-09-22T08:54:02.321230Z][TM_TransferModule.newgen-infrastructure][I][2660020][132]CGetMultipleFanStateStep.cpp:PrintReceivedParameters():105|Received FW parameters: Number of fan: 1: RepFanID: 0, RepFanPWM: 50, RepFanSpeed: 1000; [EOL]
[2026-09-22T08:54:07.220549Z][TM_TransferModule.newgen-infrastructure][W][2330306][132]CRTCyclicEvent.cpp:TimeMissed():101|Cycle miss in event CCSICombinedCmdManager Cyclic Event. Time Overrun is 11163 us[EOL]
[2026-09-22T08:54:07.220569Z][TM_TransferModule.newgen-infrastructure][W][2330306][132]CRTCyclicEvent.cpp:TimeMissed():101|Cycle miss in event CCSICombinedRepManager. Time Overrun is 11163 us[EOL]
[2026-09-22T08:54:07.880587Z][TM_TransferModule.newgen-infrastructure][W][2330306][132]CRTCyclicEvent.cpp:TimeMissed():101|Cycle miss in event CCSICombinedCmdManager Cyclic Event. Time Overrun is 1117 us[EOL]
[2026-09-22T08:54:07.880617Z][TM_TransferModule.newgen-infrastructure][W][2330306][132]CRTCyclicEvent.cpp:TimeMissed():101|Cycle miss in event CCSICombinedRepManager. Time Overrun is 1117 us[EOL]
[2026-09-22T08:54:13.369331Z][TM_TransferModule.newgen-infrastructure][W][2330306][132]CRTCyclicEvent.cpp:TimeMissed():101|Cycle miss in event CCSICombinedCmdManager Cyclic Event. Time Overrun is 9945 us[EOL]
[2026-09-22T08:54:13.369422Z][TM_TransferModule.newgen-infrastructure][W][2330306][132]CRTCyclicEvent.cpp:TimeMissed():101|Cycle miss in event CCSICombinedRepManager. Time Overrun is 9945 us[EOL]
[2026-09-22T08:54:16.652346Z][TM_TransferModule.newgen-infrastructure][W][2330306][132]CRTCyclicEvent.cpp:TimeMissed():101|Cycle miss in event CCSICombinedCmdManager Cyclic Event. Time Overrun is 2960 us[EOL]
[2026-09-22T08:54:16.652367Z][TM_TransferModule.newgen-infrastructure][W][2330306][132]CRTCyclicEvent.cpp:TimeMissed():101|Cycle miss in event CCSICombinedRepManager. Time Overrun is 2960 us[EOL]
[2026-09-22T08:54:19.476952Z][TM_TransferModule.newgen-infrastructure][W][2330306][132]CRTCyclicEvent.cpp:TimeMissed():101|Cycle miss in event CCSICombinedCmdManager Cyclic Event. Time Overrun is 37565 us[EOL]
[2026-09-22T08:54:19.477015Z][TM_TransferModule.newgen-infrastructure][W][2330306][132]CRTCyclicEvent.cpp:TimeMissed():101|Cycle miss in event CCSICombinedRepManager. Time Overrun is 37565 us[EOL]
[2026-09-22T08:54:20.562122Z][TM_TransferModule.newgen-infrastructure][W][2330306][132]CRTCyclicEvent.cpp:TimeMissed():101|Cycle miss in event CCSICombinedCmdManager Cyclic Event. Time Overrun is 12734 us[EOL]
[2026-09-22T08:54:20.562151Z][TM_TransferModule.newgen-infrastructure][W][2330306][132]CRTCyclicEvent.cpp:TimeMissed():101|Cycle miss in event CCSICombinedRepManager. Time Overrun is 12734 us[EOL]
[2026-09-22T08:54:23.496354Z][TM_TransferModule.newgen-infrastructure][W][2330306][132]CRTCyclicEvent.cpp:TimeMissed():101|Cycle miss in event CCSICombinedCmdManager Cyclic Event. Time Overrun is 16969 us[EOL]
[2026-09-22T08:54:23.496376Z][TM_TransferModule.newgen-infrastructure][W][2330306][132]CRTCyclicEvent.cpp:TimeMissed():101|Cycle miss in event CCSICombinedRepManager. Time Overrun is 16969 us[EOL]
[2026-09-22T08:54:28.685638Z][TM_TransferModule.newgen-infrastructure][I][2560016][132]IMessageHandler.h:operator()():40|Received RabbitMqMessage Roche.MolLab.InstrumentState.Ping. Content: {"Timestamp":"2026-09-22T08:54:28.6739602Z","PingId":"IS49"}[EOL]
[2026-09-22T08:54:28.685667Z][TM_TransferModule.newgen-infrastructure][I][844444436][132]UnitCommunicator.cpp:SendEvent():424|Publishing event: type=Roche.c68_8800.Infrastructure.TransferModule.Echo correlation_id=(n/a)[EOL]
[2026-09-22T08:54:28.685719Z][TM_TransferModule.newgen-infrastructure][I][2560017][132]MessageSender.h:SendEvent():105|Sent RabbitMqEvent Roche.c68_8800.Infrastructure.TransferModule.Echo. Content: {"Timestamp":"2026-09-22T08:54:28.685663Z","ModuleId":"TransferModule","PingId":"IS49"}[EOL]
[2026-09-22T08:54:34.521103Z][TM_TransferModule.newgen-infrastructure][W][2330306][132]CRTCyclicEvent.cpp:TimeMissed():101|Cycle miss in event CCSICombinedCmdManager Cyclic Event. Time Overrun is 1717 us[EOL]
[2026-09-22T08:54:34.521125Z][TM_TransferModule.newgen-infrastructure][W][2330306][132]CRTCyclicEvent.cpp:TimeMissed():101|Cycle miss in event CCSICombinedRepManager. Time Overrun is 1717 us[EOL]
[2026-09-22T08:54:36.440957Z][TM_TransferModule.newgen-infrastructure][W][2330306][132]CRTCyclicEvent.cpp:TimeMissed():101|Cycle miss in event CCSICombinedCmdManager Cyclic Event. Time Overrun is 1543 us[EOL]
[2026-09-22T08:54:36.441018Z][TM_TransferModule.newgen-infrastructure][W][2330306][132]CRTCyclicEvent.cpp:TimeMissed():101|Cycle miss in event CCSICombinedRepManager. Time Overrun is 1543 us[EOL]
[2026-09-22T08:54:42.730905Z][TM_TransferModule.newgen-infrastructure][W][2330306][132]CRTCyclicEvent.cpp:TimeMissed():101|Cycle miss in event CCSICombinedCmdManager Cyclic Event. Time Overrun is 1520 us[EOL]
[2026-09-22T08:54:42.730928Z][TM_TransferModule.newgen-infrastructure][W][2330306][132]CRTCyclicEvent.cpp:TimeMissed():101|Cycle miss in event CCSICombinedRepManager. Time Overrun is 1520 us[EOL]
[2026-09-22T08:54:51.398876Z][TM_TransferModule.newgen-infrastructure][W][2330306][132]CRTCyclicEvent.cpp:TimeMissed():101|Cycle miss in event CCSICombinedCmdManager Cyclic Event. Time Overrun is 9487 us[EOL]
[2026-09-22T08:54:51.398903Z][TM_TransferModule.newgen-infrastructure][W][2330306][132]CRTCyclicEvent.cpp:TimeMissed():101|Cycle miss in event CCSICombinedRepManager. Time Overrun is 9487 us[EOL]
[2026-09-22T08:54:58.682439Z][TM_TransferModule.newgen-infrastructure][I][2560016][132]IMessageHandler.h:operator()():40|Received RabbitMqMessage Roche.MolLab.InstrumentState.Ping. Content: {"Timestamp":"2026-09-22T08:54:58.6734986Z","PingId":"IS50"}[EOL]
[2026-09-22T08:54:58.682506Z][TM_TransferModule.newgen-infrastructure][I][844444436][132]UnitCommunicator.cpp:SendEvent():424|Publishing event: type=Roche.c68_8800.Infrastructure.TransferModule.Echo correlation_id=(n/a)[EOL]
[2026-09-22T08:54:58.682538Z][TM_TransferModule.newgen-infrastructure][I][2560017][132]MessageSender.h:SendEvent():105|Sent RabbitMqEvent Roche.c68_8800.Infrastructure.TransferModule.Echo. Content: {"Timestamp":"2026-09-22T08:54:58.682468Z","ModuleId":"TransferModule","PingId":"IS50"}[EOL]
[2026-09-22T08:55:01.958254Z][TM_TransferModule.newgen-infrastructure][I][4560021][132]CSerialPortListener.cpp:VerifyAndParseReport():134|Climate sensor serial port report received: Command Id: 5248[EOL]
[2026-09-22T08:55:01.958354Z][TM_TransferModule.newgen-infrastructure][I][4560018][132]CGetHumidityCommandReport.cpp:ParseReport():44|ClimateSensor library: Humidity received from hardware: 6000[EOL]
[2026-09-22T08:55:01.960127Z][TM_TransferModule.newgen-infrastructure][I][4560021][132]CSerialPortListener.cpp:VerifyAndParseReport():134|Climate sensor serial port report received: Command Id: 5248[EOL]
[2026-09-22T08:55:01.960145Z][TM_TransferModule.newgen-infrastructure][I][4560018][132]CGetHumidityCommandReport.cpp:ParseReport():44|ClimateSensor library: Humidity received from hardware: 6000[EOL]
[2026-09-22T08:55:01.960179Z][TM_TransferModule.newgen-infrastructure][I][0][132]CGetHumidityProcedure.cpp:CallbackSendHumidityMeasuredEvent():103|Measured average humidity 60.000000[EOL]
[2026-09-22T08:55:02.338195Z][TM_TransferModule.newgen-infrastructure][I][2210053][132]CReadMultipleAnalogTempSensorStep.cpp:StoreReportDataInternal():50|Analog temperature sensor 6: 20.000000 °C[EOL]
[2026-09-22T08:55:02.338242Z][TM_TransferModule.newgen-infrastructure][W][2210075][132]CSensorObserver.cpp:NewTemperatureValueBySensor():204|Sending event TemperatureOutOfRange: TemperatureID: 0, Temperature: 2000[EOL]
[2026-09-22T08:55:02.338248Z][TM_TransferModule.newgen-infrastructure][I][2210053][132]CReadMultipleAnalogTempSensorStep.cpp:StoreReportDataInternal():50|Analog temperature sensor 7: 20.000000 °C[EOL]
[2026-09-22T08:55:02.343140Z][TM_TransferModule.newgen-infrastructure][I][2660020][132]CGetMultipleFanStateStep.cpp:PrintReceivedParameters():105|Received FW parameters: Number of fan: 1: RepFanID: 0, RepFanPWM: 50, RepFanSpeed: 1000; [EOL]
[2026-09-22T08:55:19.751479Z][TM_TransferModule.newgen-infrastructure][W][2330306][132]CRTCyclicEvent.cpp:TimeMissed():101|Cycle miss in event CCSICombinedCmdManager Cyclic Event. Time Overrun is 2094 us[EOL]
[2026-09-22T08:55:19.751505Z][TM_TransferModule.newgen-infrastructure][W][2330306][132]CRTCyclicEvent.cpp:TimeMissed():101|Cycle miss in event CCSICombinedRepManager. Time Overrun is 2094 us[EOL]
[2026-09-22T08:55:28.679195Z][TM_TransferModule.newgen-infrastructure][I][2560016][132]IMessageHandler.h:operator()():40|Received RabbitMqMessage Roche.MolLab.InstrumentState.Ping. Content: {"Timestamp":"2026-09-22T08:55:28.6758861Z","PingId":"IS51"}[EOL]
[2026-09-22T08:55:28.679260Z][TM_TransferModule.newgen-infrastructure][I][844444436][132]UnitCommunicator.cpp:SendEvent():424|Publishing event: type=Roche.c68_8800.Infrastructure.TransferModule.Echo correlation_id=(n/a)[EOL]
[2026-09-22T08:55:28.679360Z][TM_TransferModule.newgen-infrastructure][I][2560017][132]MessageSender.h:SendEvent():105|Sent RabbitMqEvent Roche.c68_8800.Infrastructure.TransferModule.Echo. Content: {"Timestamp":"2026-09-22T08:55:28.679251Z","ModuleId":"TransferModule","PingId":"IS51"}[EOL]
[2026-09-22T08:55:37.861241Z][TM_TransferModule.newgen-infrastructure][W][2330306][132]CRTCyclicEvent.cpp:TimeMissed():101|Cycle miss in event CCSICombinedCmdManager Cyclic Event. Time Overrun is 1854 us[EOL]
[2026-09-22T08:55:37.861278Z][TM_TransferModule.newgen-infrastructure][W][2330306][132]CRTCyclicEvent.cpp:TimeMissed():101|Cycle miss in event CCSICombinedRepManager. Time Overrun is 1854 us[EOL]
[2026-09-22T08:55:40.725370Z][TM_TransferModule.newgen-infrastructure][W][2330306][132]CRTCyclicEvent.cpp:TimeMissed():101|Cycle miss in event CCSICombinedCmdManager Cyclic Event. Time Overrun is 5984 us[EOL]
[2026-09-22T08:55:40.725395Z][TM_TransferModule.newgen-infrastructure][W][2330306][132]CRTCyclicEvent.cpp:TimeMissed():101|Cycle miss in event CCSICombinedRepManager. Time Overrun is 5984 us[EOL]
[2026-09-22T08:55:46.520149Z][TM_TransferModule.newgen-infrastructure][W][2330306][132]CRTCyclicEvent.cpp:TimeMissed():101|Cycle miss in event CCSICombinedCmdManager Cyclic Event. Time Overrun is 10762 us[EOL]
[2026-09-22T08:55:46.520180Z][TM_TransferModule.newgen-infrastructure][W][2330306][132]CRTCyclicEvent.cpp:TimeMissed():101|Cycle miss in event CCSICombinedRepManager. Time Overrun is 10762 us[EOL]
[2026-09-22T08:55:54.646034Z][TM_TransferModule.newgen-infrastructure][W][2330306][132]CRTCyclicEvent.cpp:TimeMissed():101|Cycle miss in event CCSICombinedCmdManager Cyclic Event. Time Overrun is 16647 us[EOL]
[2026-09-22T08:55:54.646066Z][TM_TransferModule.newgen-infrastructure][W][2330306][132]CRTCyclicEvent.cpp:TimeMissed():101|Cycle miss in event CCSICombinedRepManager. Time Overrun is 16647 us[EOL]
[2026-09-22T08:55:58.686626Z][TM_TransferModule.newgen-infrastructure][I][2560016][132]IMessageHandler.h:operator()():40|Received RabbitMqMessage Roche.MolLab.InstrumentState.Ping. Content: {"Timestamp":"2026-09-22T08:55:58.6739365Z","PingId":"IS52"}[EOL]
[2026-09-22T08:55:58.686771Z][TM_TransferModule.newgen-infrastructure][I][844444436][132]UnitCommunicator.cpp:SendEvent():424|Publishing event: type=Roche.c68_8800.Infrastructure.TransferModule.Echo correlation_id=(n/a)[EOL]
[2026-09-22T08:55:58.686818Z][TM_TransferModule.newgen-infrastructure][I][2560017][132]MessageSender.h:SendEvent():105|Sent RabbitMqEvent Roche.c68_8800.Infrastructure.TransferModule.Echo. Content: {"Timestamp":"2026-09-22T08:55:58.686749Z","ModuleId":"TransferModule","PingId":"IS52"}[EOL]
[2026-09-22T08:56:01.958186Z][TM_TransferModule.newgen-infrastructure][I][4560021][132]CSerialPortListener.cpp:VerifyAndParseReport():134|Climate sensor serial port report received: Command Id: 5248[EOL]
[2026-09-22T08:56:01.958258Z][TM_TransferModule.newgen-infrastructure][I][4560018][132]CGetHumidityCommandReport.cpp:ParseReport():44|ClimateSensor library: Humidity received from hardware: 6000[EOL]
[2026-09-22T08:56:01.960197Z][TM_TransferModule.newgen-infrastructure][I][4560021][132]CSerialPortListener.cpp:VerifyAndParseReport():134|Climate sensor serial port report received: Command Id: 5248[EOL]
[2026-09-22T08:56:01.960219Z][TM_TransferModule.newgen-infrastructure][I][4560018][132]CGetHumidityCommandReport.cpp:ParseReport():44|ClimateSensor library: Humidity received from hardware: 6000[EOL]
[2026-09-22T08:56:01.960282Z][TM_TransferModule.newgen-infrastructure][I][0][132]CGetHumidityProcedure.cpp:CallbackSendHumidityMeasuredEvent():103|Measured average humidity 60.000000[EOL]
[2026-09-22T08:56:02.356195Z][TM_TransferModule.newgen-infrastructure][I][2210053][132]CReadMultipleAnalogTempSensorStep.cpp:StoreReportDataInternal():50|Analog temperature sensor 6: 20.000000 °C[EOL]
[2026-09-22T08:56:02.356284Z][TM_TransferModule.newgen-infrastructure][W][2210075][132]CSensorObserver.cpp:NewTemperatureValueBySensor():204|Sending event TemperatureOutOfRange: TemperatureID: 0, Temperature: 2000[EOL]
[2026-09-22T08:56:02.356294Z][TM_TransferModule.newgen-infrastructure][I][2210053][132]CReadMultipleAnalogTempSensorStep.cpp:StoreReportDataInternal():50|Analog temperature sensor 7: 20.000000 °C[EOL]
[2026-09-22T08:56:02.360172Z][TM_TransferModule.newgen-infrastructure][I][2660020][132]CGetMultipleFanStateStep.cpp:PrintReceivedParameters():105|Received FW parameters: Number of fan: 1: RepFanID: 0, RepFanPWM: 50, RepFanSpeed: 1000; [EOL]
[2026-09-22T08:56:09.909920Z][TM_TransferModule.newgen-infrastructure][W][2330306][132]CRTCyclicEvent.cpp:TimeMissed():101|Cycle miss in event CCSICombinedCmdManager Cyclic Event. Time Overrun is 527 us[EOL]
[2026-09-22T08:56:09.909943Z][TM_TransferModule.newgen-infrastructure][W][2330306][132]CRTCyclicEvent.cpp:TimeMissed():101|Cycle miss in event CCSICombinedRepManager. Time Overrun is 527 us[EOL]
[2026-09-22T08:56:12.906811Z][TM_TransferModule.newgen-infrastructure][W][2330306][132]CRTCyclicEvent.cpp:TimeMissed():101|Cycle miss in event CCSICombinedCmdManager Cyclic Event. Time Overrun is 7423 us[EOL]
[2026-09-22T08:56:12.906832Z][TM_TransferModule.newgen-infrastructure][W][2330306][132]CRTCyclicEvent.cpp:TimeMissed():101|Cycle miss in event CCSICombinedRepManager. Time Overrun is 7423 us[EOL]
[2026-09-22T08:56:13.149655Z][TM_TransferModule.newgen-infrastructure][W][2330306][132]CRTCyclicEvent.cpp:TimeMissed():101|Cycle miss in event CCSICombinedCmdManager Cyclic Event. Time Overrun is 268 us[EOL]
[2026-09-22T08:56:13.149681Z][TM_TransferModule.newgen-infrastructure][W][2330306][132]CRTCyclicEvent.cpp:TimeMissed():101|Cycle miss in event CCSICombinedRepManager. Time Overrun is 268 us[EOL]
[2026-09-22T08:56:25.093594Z][TM_TransferModule.newgen-infrastructure][W][2330306][132]CRTCyclicEvent.cpp:TimeMissed():101|Cycle miss in event CCSICombinedCmdManager Cyclic Event. Time Overrun is 14206 us[EOL]
[2026-09-22T08:56:25.093624Z][TM_TransferModule.newgen-infrastructure][W][2330306][132]CRTCyclicEvent.cpp:TimeMissed():101|Cycle miss in event CCSICombinedRepManager. Time Overrun is 14206 us[EOL]
[2026-09-22T08:56:28.686821Z][TM_TransferModule.newgen-infrastructure][I][2560016][132]IMessageHandler.h:operator()():40|Received RabbitMqMessage Roche.MolLab.InstrumentState.Ping. Content: {"Timestamp":"2026-09-22T08:56:28.6731202Z","PingId":"IS53"}[EOL]
[2026-09-22T08:56:28.686867Z][TM_TransferModule.newgen-infrastructure][I][844444436][132]UnitCommunicator.cpp:SendEvent():424|Publishing event: type=Roche.c68_8800.Infrastructure.TransferModule.Echo correlation_id=(n/a)[EOL]
[2026-09-22T08:56:28.686889Z][TM_TransferModule.newgen-infrastructure][I][2560017][132]MessageSender.h:SendEvent():105|Sent RabbitMqEvent Roche.c68_8800.Infrastructure.TransferModule.Echo. Content: {"Timestamp":"2026-09-22T08:56:28.686862Z","ModuleId":"TransferModule","PingId":"IS53"}[EOL]
[2026-09-22T08:56:32.653872Z][TM_TransferModule.newgen-infrastructure][W][2330306][132]CRTCyclicEvent.cpp:TimeMissed():101|Cycle miss in event CCSICombinedCmdManager Cyclic Event. Time Overrun is 4479 us[EOL]
[2026-09-22T08:56:32.653910Z][TM_TransferModule.newgen-infrastructure][W][2330306][132]CRTCyclicEvent.cpp:TimeMissed():101|Cycle miss in event CCSICombinedRepManager. Time Overrun is 4479 us[EOL]
[2026-09-22T08:56:32.831818Z][TM_TransferModule.newgen-infrastructure][W][2330306][132]CRTCyclicEvent.cpp:TimeMissed():101|Cycle miss in event CCSICombinedCmdManager Cyclic Event. Time Overrun is 12431 us[EOL]
[2026-09-22T08:56:32.831846Z][TM_TransferModule.newgen-infrastructure][W][2330306][132]CRTCyclicEvent.cpp:TimeMissed():101|Cycle miss in event CCSICombinedRepManager. Time Overrun is 12431 us[EOL]
[2026-09-22T08:56:40.476934Z][TM_TransferModule.newgen-infrastructure][W][2330306][132]CRTCyclicEvent.cpp:TimeMissed():101|Cycle miss in event CCSICombinedCmdManager Cyclic Event. Time Overrun is 7546 us[EOL]
[2026-09-22T08:56:40.477023Z][TM_TransferModule.newgen-infrastructure][W][2330306][132]CRTCyclicEvent.cpp:TimeMissed():101|Cycle miss in event CCSICombinedRepManager. Time Overrun is 7546 us[EOL]
[2026-09-22T08:56:40.850202Z][TM_TransferModule.newgen-infrastructure][W][2330306][132]CRTCyclicEvent.cpp:TimeMissed():101|Cycle miss in event CCSICombinedCmdManager Cyclic Event. Time Overrun is 815 us[EOL]
[2026-09-22T08:56:40.850283Z][TM_TransferModule.newgen-infrastructure][W][2330306][132]CRTCyclicEvent.cpp:TimeMissed():101|Cycle miss in event CCSICombinedRepManager. Time Overrun is 815 us[EOL]
[2026-09-22T08:56:41.209869Z][TM_TransferModule.newgen-infrastructure][W][2330306][132]CRTCyclicEvent.cpp:TimeMissed():101|Cycle miss in event CCSICombinedCmdManager Cyclic Event. Time Overrun is 465 us[EOL]
[2026-09-22T08:56:41.209948Z][TM_TransferModule.newgen-infrastructure][W][2330306][132]CRTCyclicEvent.cpp:TimeMissed():101|Cycle miss in event CCSICombinedRepManager. Time Overrun is 465 us[EOL]
[2026-09-22T08:56:41.542194Z][TM_TransferModule.newgen-infrastructure][W][2330306][132]CRTCyclicEvent.cpp:TimeMissed():101|Cycle miss in event CCSICombinedCmdManager Cyclic Event. Time Overrun is 22805 us[EOL]
[2026-09-22T08:56:41.542237Z][TM_TransferModule.newgen-infrastructure][W][2330306][132]CRTCyclicEvent.cpp:TimeMissed():101|Cycle miss in event CCSICombinedRepManager. Time Overrun is 22805 us[EOL]
[2026-09-22T08:56:46.635414Z][TM_TransferModule.newgen-infrastructure][W][2330306][132]CRTCyclicEvent.cpp:TimeMissed():101|Cycle miss in event CCSICombinedCmdManager Cyclic Event. Time Overrun is 26024 us[EOL]
[2026-09-22T08:56:46.638761Z][TM_TransferModule.newgen-infrastructure][W][2330306][132]CRTCyclicEvent.cpp:TimeMissed():101|Cycle miss in event CCSICombinedRepManager. Time Overrun is 26024 us[EOL]
[2026-09-22T08:56:48.329307Z][TM_TransferModule.newgen-infrastructure][W][2330306][132]CRTCyclicEvent.cpp:TimeMissed():101|Cycle miss in event CCSICombinedCmdManager Cyclic Event. Time Overrun is 8794 us[EOL]
[2026-09-22T08:56:48.329409Z][TM_TransferModule.newgen-infrastructure][W][2330306][132]CRTCyclicEvent.cpp:TimeMissed():101|Cycle miss in event CCSICombinedRepManager. Time Overrun is 8794 us[EOL]
[2026-09-22T08:56:54.364614Z][TM_TransferModule.newgen-infrastructure][W][2330306][132]CRTCyclicEvent.cpp:TimeMissed():101|Cycle miss in event CCSICombinedCmdManager Cyclic Event. Time Overrun is 25227 us[EOL]
[2026-09-22T08:56:54.364645Z][TM_TransferModule.newgen-infrastructure][W][2330306][132]CRTCyclicEvent.cpp:TimeMissed():101|Cycle miss in event CCSICombinedRepManager. Time Overrun is 25227 us[EOL]
[2026-09-22T08:56:54.619704Z][TM_TransferModule.newgen-infrastructure][W][2330306][132]CRTCyclicEvent.cpp:TimeMissed():101|Cycle miss in event CCSICombinedCmdManager Cyclic Event. Time Overrun is 10314 us[EOL]
[2026-09-22T08:56:54.619741Z][TM_TransferModule.newgen-infrastructure][W][2330306][132]CRTCyclicEvent.cpp:TimeMissed():101|Cycle miss in event CCSICombinedRepManager. Time Overrun is 10314 us[EOL]
[2026-09-22T08:56:58.678753Z][TM_TransferModule.newgen-infrastructure][I][2560016][132]IMessageHandler.h:operator()():40|Received RabbitMqMessage Roche.MolLab.InstrumentState.Ping. Content: {"Timestamp":"2026-09-22T08:56:58.6752332Z","PingId":"IS54"}[EOL]
[2026-09-22T08:56:58.678784Z][TM_TransferModule.newgen-infrastructure][I][844444436][132]UnitCommunicator.cpp:SendEvent():424|Publishing event: type=Roche.c68_8800.Infrastructure.TransferModule.Echo correlation_id=(n/a)[EOL]
[2026-09-22T08:56:58.678853Z][TM_TransferModule.newgen-infrastructure][I][2560017][132]MessageSender.h:SendEvent():105|Sent RabbitMqEvent Roche.c68_8800.Infrastructure.TransferModule.Echo. Content: {"Timestamp":"2026-09-22T08:56:58.678780Z","ModuleId":"TransferModule","PingId":"IS54"}[EOL]
[2026-09-22T08:57:01.957129Z][TM_TransferModule.newgen-infrastructure][I][4560021][132]CSerialPortListener.cpp:VerifyAndParseReport():134|Climate sensor serial port report received: Command Id: 5248[EOL]
[2026-09-22T08:57:01.957189Z][TM_TransferModule.newgen-infrastructure][I][4560018][132]CGetHumidityCommandReport.cpp:ParseReport():44|ClimateSensor library: Humidity received from hardware: 6000[EOL]
[2026-09-22T08:57:01.959161Z][TM_TransferModule.newgen-infrastructure][I][4560021][132]CSerialPortListener.cpp:VerifyAndParseReport():134|Climate sensor serial port report received: Command Id: 5248[EOL]
[2026-09-22T08:57:01.959210Z][TM_TransferModule.newgen-infrastructure][I][4560018][132]CGetHumidityCommandReport.cpp:ParseReport():44|ClimateSensor library: Humidity received from hardware: 6000[EOL]
[2026-09-22T08:57:01.959255Z][TM_TransferModule.newgen-infrastructure][I][0][132]CGetHumidityProcedure.cpp:CallbackSendHumidityMeasuredEvent():103|Measured average humidity 60.000000[EOL]
[2026-09-22T08:57:02.373220Z][TM_TransferModule.newgen-infrastructure][I][2210053][132]CReadMultipleAnalogTempSensorStep.cpp:StoreReportDataInternal():50|Analog temperature sensor 6: 20.000000 °C[EOL]
[2026-09-22T08:57:02.373285Z][TM_TransferModule.newgen-infrastructure][W][2210075][132]CSensorObserver.cpp:NewTemperatureValueBySensor():204|Sending event TemperatureOutOfRange: TemperatureID: 0, Temperature: 2000[EOL]
[2026-09-22T08:57:02.373294Z][TM_TransferModule.newgen-infrastructure][I][2210053][132]CReadMultipleAnalogTempSensorStep.cpp:StoreReportDataInternal():50|Analog temperature sensor 7: 20.000000 °C[EOL]
[2026-09-22T08:57:02.377128Z][TM_TransferModule.newgen-infrastructure][I][2660020][132]CGetMultipleFanStateStep.cpp:PrintReceivedParameters():105|Received FW parameters: Number of fan: 1: RepFanID: 0, RepFanPWM: 50, RepFanSpeed: 1000; [EOL]
[2026-09-22T08:57:28.681344Z][TM_TransferModule.newgen-infrastructure][I][2560016][132]IMessageHandler.h:operator()():40|Received RabbitMqMessage Roche.MolLab.InstrumentState.Ping. Content: {"Timestamp":"2026-09-22T08:57:28.6741282Z","PingId":"IS55"}[EOL]
[2026-09-22T08:57:28.681478Z][TM_TransferModule.newgen-infrastructure][I][844444436][132]UnitCommunicator.cpp:SendEvent():424|Publishing event: type=Roche.c68_8800.Infrastructure.TransferModule.Echo correlation_id=(n/a)[EOL]
[2026-09-22T08:57:28.681511Z][TM_TransferModule.newgen-infrastructure][I][2560017][132]MessageSender.h:SendEvent():105|Sent RabbitMqEvent Roche.c68_8800.Infrastructure.TransferModule.Echo. Content: {"Timestamp":"2026-09-22T08:57:28.681472Z","ModuleId":"TransferModule","PingId":"IS55"}[EOL]
[2026-09-22T08:57:37.394848Z][TM_TransferModule.newgen-infrastructure][W][2330306][132]CRTCyclicEvent.cpp:TimeMissed():101|Cycle miss in event CCSICombinedCmdManager Cyclic Event. Time Overrun is 35458 us[EOL]
[2026-09-22T08:57:37.394880Z][TM_TransferModule.newgen-infrastructure][W][2330306][132]CRTCyclicEvent.cpp:TimeMissed():101|Cycle miss in event CCSICombinedRepManager. Time Overrun is 35458 us[EOL]
[2026-09-22T08:57:37.917378Z][TM_TransferModule.newgen-infrastructure][W][2330306][132]CRTCyclicEvent.cpp:TimeMissed():101|Cycle miss in event CCSICombinedCmdManager Cyclic Event. Time Overrun is 17592 us[EOL]
[2026-09-22T08:57:37.917639Z][TM_TransferModule.newgen-infrastructure][W][2330306][132]CRTCyclicEvent.cpp:TimeMissed():101|Cycle miss in event CCSICombinedRepManager. Time Overrun is 17592 us[EOL]
[2026-09-22T08:57:38.995975Z][TM_TransferModule.newgen-infrastructure][W][2330306][132]CRTCyclicEvent.cpp:TimeMissed():101|Cycle miss in event CCSICombinedCmdManager Cyclic Event. Time Overrun is 6584 us[EOL]
[2026-09-22T08:57:38.996034Z][TM_TransferModule.newgen-infrastructure][W][2330306][132]CRTCyclicEvent.cpp:TimeMissed():101|Cycle miss in event CCSICombinedRepManager. Time Overrun is 6584 us[EOL]
[2026-09-22T08:57:39.180956Z][TM_TransferModule.newgen-infrastructure][W][2330306][132]CRTCyclicEvent.cpp:TimeMissed():101|Cycle miss in event CCSICombinedCmdManager Cyclic Event. Time Overrun is 1565 us[EOL]
[2026-09-22T08:57:39.180994Z][TM_TransferModule.newgen-infrastructure][W][2330306][132]CRTCyclicEvent.cpp:TimeMissed():101|Cycle miss in event CCSICombinedRepManager. Time Overrun is 1565 us[EOL]
[2026-09-22T08:57:39.777158Z][TM_TransferModule.newgen-infrastructure][W][2330306][132]CRTCyclicEvent.cpp:TimeMissed():101|Cycle miss in event CCSICombinedCmdManager Cyclic Event. Time Overrun is 7758 us[EOL]
[2026-09-22T08:57:39.777246Z][TM_TransferModule.newgen-infrastructure][W][2330306][132]CRTCyclicEvent.cpp:TimeMissed():101|Cycle miss in event CCSICombinedRepManager. Time Overrun is 7758 us[EOL]
[2026-09-22T08:57:45.295621Z][TM_TransferModule.newgen-infrastructure][W][2330306][132]CRTCyclicEvent.cpp:TimeMissed():101|Cycle miss in event CCSICombinedCmdManager Cyclic Event. Time Overrun is 6233 us[EOL]
[2026-09-22T08:57:45.296295Z][TM_TransferModule.newgen-infrastructure][W][2330306][132]CRTCyclicEvent.cpp:TimeMissed():101|Cycle miss in event CCSICombinedRepManager. Time Overrun is 6233 us[EOL]
[2026-09-22T08:57:58.505651Z][TM_TransferModule.newgen-infrastructure][W][2330306][132]CRTCyclicEvent.cpp:TimeMissed():101|Cycle miss in event CCSICombinedCmdManager Cyclic Event. Time Overrun is 16263 us[EOL]
[2026-09-22T08:57:58.505682Z][TM_TransferModule.newgen-infrastructure][W][2330306][132]CRTCyclicEvent.cpp:TimeMissed():101|Cycle miss in event CCSICombinedRepManager. Time Overrun is 16263 us[EOL]
[2026-09-22T08:57:58.685291Z][TM_TransferModule.newgen-infrastructure][I][2560016][132]IMessageHandler.h:operator()():40|Received RabbitMqMessage Roche.MolLab.InstrumentState.Ping. Content: {"Timestamp":"2026-09-22T08:57:58.6733836Z","PingId":"IS56"}[EOL]
[2026-09-22T08:57:58.685338Z][TM_TransferModule.newgen-infrastructure][I][844444436][132]UnitCommunicator.cpp:SendEvent():424|Publishing event: type=Roche.c68_8800.Infrastructure.TransferModule.Echo correlation_id=(n/a)[EOL]
[2026-09-22T08:57:58.685395Z][TM_TransferModule.newgen-infrastructure][I][2560017][132]MessageSender.h:SendEvent():105|Sent RabbitMqEvent Roche.c68_8800.Infrastructure.TransferModule.Echo. Content: {"Timestamp":"2026-09-22T08:57:58.685331Z","ModuleId":"TransferModule","PingId":"IS56"}[EOL]
[2026-09-22T08:58:01.958232Z][TM_TransferModule.newgen-infrastructure][I][4560021][132]CSerialPortListener.cpp:VerifyAndParseReport():134|Climate sensor serial port report received: Command Id: 5248[EOL]
[2026-09-22T08:58:01.958307Z][TM_TransferModule.newgen-infrastructure][I][4560018][132]CGetHumidityCommandReport.cpp:ParseReport():44|ClimateSensor library: Humidity received from hardware: 6000[EOL]
[2026-09-22T08:58:01.960234Z][TM_TransferModule.newgen-infrastructure][I][4560021][132]CSerialPortListener.cpp:VerifyAndParseReport():134|Climate sensor serial port report received: Command Id: 5248[EOL]
[2026-09-22T08:58:01.960270Z][TM_TransferModule.newgen-infrastructure][I][4560018][132]CGetHumidityCommandReport.cpp:ParseReport():44|ClimateSensor library: Humidity received from hardware: 6000[EOL]
[2026-09-22T08:58:01.960313Z][TM_TransferModule.newgen-infrastructure][I][0][132]CGetHumidityProcedure.cpp:CallbackSendHumidityMeasuredEvent():103|Measured average humidity 60.000000[EOL]
[2026-09-22T08:58:02.389128Z][TM_TransferModule.newgen-infrastructure][I][2210053][132]CReadMultipleAnalogTempSensorStep.cpp:StoreReportDataInternal():50|Analog temperature sensor 6: 20.000000 °C[EOL]
[2026-09-22T08:58:02.389172Z][TM_TransferModule.newgen-infrastructure][W][2210075][132]CSensorObserver.cpp:NewTemperatureValueBySensor():204|Sending event TemperatureOutOfRange: TemperatureID: 0, Temperature: 2000[EOL]
[2026-09-22T08:58:02.389179Z][TM_TransferModule.newgen-infrastructure][I][2210053][132]CReadMultipleAnalogTempSensorStep.cpp:StoreReportDataInternal():50|Analog temperature sensor 7: 20.000000 °C[EOL]
[2026-09-22T08:58:02.393234Z][TM_TransferModule.newgen-infrastructure][I][2660020][132]CGetMultipleFanStateStep.cpp:PrintReceivedParameters():105|Received FW parameters: Number of fan: 1: RepFanID: 0, RepFanPWM: 50, RepFanSpeed: 1000; [EOL]
[2026-09-22T08:58:04.668500Z][TM_TransferModule.newgen-infrastructure][W][2330306][132]CRTCyclicEvent.cpp:TimeMissed():101|Cycle miss in event CCSICombinedCmdManager Cyclic Event. Time Overrun is 9114 us[EOL]
[2026-09-22T08:58:04.668524Z][TM_TransferModule.newgen-infrastructure][W][2330306][132]CRTCyclicEvent.cpp:TimeMissed():101|Cycle miss in event CCSICombinedRepManager. Time Overrun is 9114 us[EOL]
[2026-09-22T08:58:11.325746Z][TM_TransferModule.newgen-infrastructure][W][2330306][132]CRTCyclicEvent.cpp:TimeMissed():101|Cycle miss in event CCSICombinedCmdManager Cyclic Event. Time Overrun is 6357 us[EOL]
[2026-09-22T08:58:11.325784Z][TM_TransferModule.newgen-infrastructure][W][2330306][132]CRTCyclicEvent.cpp:TimeMissed():101|Cycle miss in event CCSICombinedRepManager. Time Overrun is 6357 us[EOL]
[2026-09-22T08:58:24.292553Z][TM_TransferModule.newgen-infrastructure][W][2330306][132]CRTCyclicEvent.cpp:TimeMissed():101|Cycle miss in event CCSICombinedCmdManager Cyclic Event. Time Overrun is 3168 us[EOL]
[2026-09-22T08:58:24.292573Z][TM_TransferModule.newgen-infrastructure][W][2330306][132]CRTCyclicEvent.cpp:TimeMissed():101|Cycle miss in event CCSICombinedRepManager. Time Overrun is 3168 us[EOL]
[2026-09-22T08:58:24.420522Z][TM_TransferModule.newgen-infrastructure][W][2330306][132]CRTCyclicEvent.cpp:TimeMissed():101|Cycle miss in event CCSICombinedCmdManager Cyclic Event. Time Overrun is 1135 us[EOL]
[2026-09-22T08:58:24.420553Z][TM_TransferModule.newgen-infrastructure][W][2330306][132]CRTCyclicEvent.cpp:TimeMissed():101|Cycle miss in event CCSICombinedRepManager. Time Overrun is 1135 us[EOL]
[2026-09-22T08:58:24.770236Z][TM_TransferModule.newgen-infrastructure][W][2330306][132]CRTCyclicEvent.cpp:TimeMissed():101|Cycle miss in event CCSICombinedCmdManager Cyclic Event. Time Overrun is 10851 us[EOL]
[2026-09-22T08:58:24.770255Z][TM_TransferModule.newgen-infrastructure][W][2330306][132]CRTCyclicEvent.cpp:TimeMissed():101|Cycle miss in event CCSICombinedRepManager. Time Overrun is 10851 us[EOL]
[2026-09-22T08:58:28.681224Z][TM_TransferModule.newgen-infrastructure][I][2560016][132]IMessageHandler.h:operator()():40|Received RabbitMqMessage Roche.MolLab.InstrumentState.Ping. Content: {"Timestamp":"2026-09-22T08:58:28.6745984Z","PingId":"IS57"}[EOL]
[2026-09-22T08:58:28.681249Z][TM_TransferModule.newgen-infrastructure][I][844444436][132]UnitCommunicator.cpp:SendEvent():424|Publishing event: type=Roche.c68_8800.Infrastructure.TransferModule.Echo correlation_id=(n/a)[EOL]
[2026-09-22T08:58:28.681266Z][TM_TransferModule.newgen-infrastructure][I][2560017][132]MessageSender.h:SendEvent():105|Sent RabbitMqEvent Roche.c68_8800.Infrastructure.TransferModule.Echo. Content: {"Timestamp":"2026-09-22T08:58:28.681245Z","ModuleId":"TransferModule","PingId":"IS57"}[EOL]
[2026-09-22T08:58:29.573878Z][TM_TransferModule.newgen-infrastructure][W][2330306][132]CRTCyclicEvent.cpp:TimeMissed():101|Cycle miss in event CCSICombinedCmdManager Cyclic Event. Time Overrun is 4491 us[EOL]
[2026-09-22T08:58:29.573909Z][TM_TransferModule.newgen-infrastructure][W][2330306][132]CRTCyclicEvent.cpp:TimeMissed():101|Cycle miss in event CCSICombinedRepManager. Time Overrun is 4491 us[EOL]
[2026-09-22T08:58:37.062700Z][TM_TransferModule.newgen-infrastructure][W][2330306][132]CRTCyclicEvent.cpp:TimeMissed():101|Cycle miss in event CCSICombinedCmdManager Cyclic Event. Time Overrun is 3314 us[EOL]
[2026-09-22T08:58:37.062821Z][TM_TransferModule.newgen-infrastructure][W][2330306][132]CRTCyclicEvent.cpp:TimeMissed():101|Cycle miss in event CCSICombinedRepManager. Time Overrun is 3314 us[EOL]
[2026-09-22T08:58:41.441736Z][TM_TransferModule.newgen-infrastructure][W][2330306][132]CRTCyclicEvent.cpp:TimeMissed():101|Cycle miss in event CCSICombinedCmdManager Cyclic Event. Time Overrun is 12350 us[EOL]
[2026-09-22T08:58:41.441784Z][TM_TransferModule.newgen-infrastructure][W][2330306][132]CRTCyclicEvent.cpp:TimeMissed():101|Cycle miss in event CCSICombinedRepManager. Time Overrun is 12350 us[EOL]
[2026-09-22T08:58:54.369717Z][TM_TransferModule.newgen-infrastructure][W][2330306][132]CRTCyclicEvent.cpp:TimeMissed():101|Cycle miss in event CCSICombinedCmdManager Cyclic Event. Time Overrun is 329 us[EOL]
[2026-09-22T08:58:54.369742Z][TM_TransferModule.newgen-infrastructure][W][2330306][132]CRTCyclicEvent.cpp:TimeMissed():101|Cycle miss in event CCSICombinedRepManager. Time Overrun is 329 us[EOL]
[2026-09-22T08:58:56.639805Z][TM_TransferModule.newgen-infrastructure][W][2330306][132]CRTCyclicEvent.cpp:TimeMissed():101|Cycle miss in event CCSICombinedCmdManager Cyclic Event. Time Overrun is 418 us[EOL]
[2026-09-22T08:58:56.639838Z][TM_TransferModule.newgen-infrastructure][W][2330306][132]CRTCyclicEvent.cpp:TimeMissed():101|Cycle miss in event CCSICombinedRepManager. Time Overrun is 418 us[EOL]
[2026-09-22T08:58:58.220332Z][TM_TransferModule.newgen-infrastructure][W][2330306][132]CRTCyclicEvent.cpp:TimeMissed():101|Cycle miss in event CCSICombinedCmdManager Cyclic Event. Time Overrun is 10942 us[EOL]
[2026-09-22T08:58:58.220360Z][TM_TransferModule.newgen-infrastructure][W][2330306][132]CRTCyclicEvent.cpp:TimeMissed():101|Cycle miss in event CCSICombinedRepManager. Time Overrun is 10942 us[EOL]
[2026-09-22T08:58:58.682630Z][TM_TransferModule.newgen-infrastructure][I][2560016][132]IMessageHandler.h:operator()():40|Received RabbitMqMessage Roche.MolLab.InstrumentState.Ping. Content: {"Timestamp":"2026-09-22T08:58:58.6735955Z","PingId":"IS58"}[EOL]
[2026-09-22T08:58:58.682916Z][TM_TransferModule.newgen-infrastructure][I][844444436][132]UnitCommunicator.cpp:SendEvent():424|Publishing event: type=Roche.c68_8800.Infrastructure.TransferModule.Echo correlation_id=(n/a)[EOL]
[2026-09-22T08:58:58.682955Z][TM_TransferModule.newgen-infrastructure][I][2560017][132]MessageSender.h:SendEvent():105|Sent RabbitMqEvent Roche.c68_8800.Infrastructure.TransferModule.Echo. Content: {"Timestamp":"2026-09-22T08:58:58.682693Z","ModuleId":"TransferModule","PingId":"IS58"}[EOL]
[2026-09-22T08:59:01.958123Z][TM_TransferModule.newgen-infrastructure][I][4560021][132]CSerialPortListener.cpp:VerifyAndParseReport():134|Climate sensor serial port report received: Command Id: 5248[EOL]
[2026-09-22T08:59:01.958189Z][TM_TransferModule.newgen-infrastructure][I][4560018][132]CGetHumidityCommandReport.cpp:ParseReport():44|ClimateSensor library: Humidity received from hardware: 6000[EOL]
[2026-09-22T08:59:01.960126Z][TM_TransferModule.newgen-infrastructure][I][4560021][132]CSerialPortListener.cpp:VerifyAndParseReport():134|Climate sensor serial port report received: Command Id: 5248[EOL]
[2026-09-22T08:59:01.960156Z][TM_TransferModule.newgen-infrastructure][I][4560018][132]CGetHumidityCommandReport.cpp:ParseReport():44|ClimateSensor library: Humidity received from hardware: 6000[EOL]
[2026-09-22T08:59:01.960184Z][TM_TransferModule.newgen-infrastructure][I][0][132]CGetHumidityProcedure.cpp:CallbackSendHumidityMeasuredEvent():103|Measured average humidity 60.000000[EOL]
[2026-09-22T08:59:02.410193Z][TM_TransferModule.newgen-infrastructure][I][2210053][132]CReadMultipleAnalogTempSensorStep.cpp:StoreReportDataInternal():50|Analog temperature sensor 6: 20.000000 °C[EOL]
[2026-09-22T08:59:02.410267Z][TM_TransferModule.newgen-infrastructure][W][2210075][132]CSensorObserver.cpp:NewTemperatureValueBySensor():204|Sending event TemperatureOutOfRange: TemperatureID: 0, Temperature: 2000[EOL]
[2026-09-22T08:59:02.410278Z][TM_TransferModule.newgen-infrastructure][I][2210053][132]CReadMultipleAnalogTempSensorStep.cpp:StoreReportDataInternal():50|Analog temperature sensor 7: 20.000000 °C[EOL]
[2026-09-22T08:59:02.414209Z][TM_TransferModule.newgen-infrastructure][I][2660020][132]CGetMultipleFanStateStep.cpp:PrintReceivedParameters():105|Received FW parameters: Number of fan: 1: RepFanID: 0, RepFanPWM: 50, RepFanSpeed: 1000; [EOL]
[2026-09-22T08:59:07.370680Z][TM_TransferModule.newgen-infrastructure][W][2330306][132]CRTCyclicEvent.cpp:TimeMissed():101|Cycle miss in event CCSICombinedCmdManager Cyclic Event. Time Overrun is 1293 us[EOL]
[2026-09-22T08:59:07.370705Z][TM_TransferModule.newgen-infrastructure][W][2330306][132]CRTCyclicEvent.cpp:TimeMissed():101|Cycle miss in event CCSICombinedRepManager. Time Overrun is 1293 us[EOL]
[2026-09-22T08:59:15.492427Z][TM_TransferModule.newgen-infrastructure][W][2330306][132]CRTCyclicEvent.cpp:TimeMissed():101|Cycle miss in event CCSICombinedCmdManager Cyclic Event. Time Overrun is 3040 us[EOL]
[2026-09-22T08:59:15.492462Z][TM_TransferModule.newgen-infrastructure][W][2330306][132]CRTCyclicEvent.cpp:TimeMissed():101|Cycle miss in event CCSICombinedRepManager. Time Overrun is 3040 us[EOL]
[2026-09-22T08:59:16.050208Z][TM_TransferModule.newgen-infrastructure][W][2330306][132]CRTCyclicEvent.cpp:TimeMissed():101|Cycle miss in event CCSICombinedCmdManager Cyclic Event. Time Overrun is 819 us[EOL]
[2026-09-22T08:59:16.050238Z][TM_TransferModule.newgen-infrastructure][W][2330306][132]CRTCyclicEvent.cpp:TimeMissed():101|Cycle miss in event CCSICombinedRepManager. Time Overrun is 819 us[EOL]
[2026-09-22T08:59:23.453608Z][TM_TransferModule.newgen-infrastructure][W][2330306][132]CRTCyclicEvent.cpp:TimeMissed():101|Cycle miss in event CCSICombinedCmdManager Cyclic Event. Time Overrun is 4221 us[EOL]
[2026-09-22T08:59:23.453649Z][TM_TransferModule.newgen-infrastructure][W][2330306][132]CRTCyclicEvent.cpp:TimeMissed():101|Cycle miss in event CCSICombinedRepManager. Time Overrun is 4221 us[EOL]
[2026-09-22T08:59:26.554471Z][TM_TransferModule.newgen-infrastructure][W][2330306][132]CRTCyclicEvent.cpp:TimeMissed():101|Cycle miss in event CCSICombinedCmdManager Cyclic Event. Time Overrun is 5086 us[EOL]
[2026-09-22T08:59:26.554494Z][TM_TransferModule.newgen-infrastructure][W][2330306][132]CRTCyclicEvent.cpp:TimeMissed():101|Cycle miss in event CCSICombinedRepManager. Time Overrun is 5086 us[EOL]
[2026-09-22T08:59:28.688467Z][TM_TransferModule.newgen-infrastructure][I][2560016][132]IMessageHandler.h:operator()():40|Received RabbitMqMessage Roche.MolLab.InstrumentState.Ping. Content: {"Timestamp":"2026-09-22T08:59:28.6758101Z","PingId":"IS59"}[EOL]
[2026-09-22T08:59:28.688555Z][TM_TransferModule.newgen-infrastructure][I][844444436][132]UnitCommunicator.cpp:SendEvent():424|Publishing event: type=Roche.c68_8800.Infrastructure.TransferModule.Echo correlation_id=(n/a)[EOL]
[2026-09-22T08:59:28.688583Z][TM_TransferModule.newgen-infrastructure][I][2560017][132]MessageSender.h:SendEvent():105|Sent RabbitMqEvent Roche.c68_8800.Infrastructure.TransferModule.Echo. Content: {"Timestamp":"2026-09-22T08:59:28.688541Z","ModuleId":"TransferModule","PingId":"IS59"}[EOL]
[2026-09-22T08:59:30.973121Z][TM_TransferModule.newgen-infrastructure][W][2330306][132]CRTCyclicEvent.cpp:TimeMissed():101|Cycle miss in event CCSICombinedCmdManager Cyclic Event. Time Overrun is 13731 us[EOL]
[2026-09-22T08:59:30.973169Z][TM_TransferModule.newgen-infrastructure][W][2330306][132]CRTCyclicEvent.cpp:TimeMissed():101|Cycle miss in event CCSICombinedRepManager. Time Overrun is 13731 us[EOL]
[2026-09-22T08:59:31.330733Z][TM_TransferModule.newgen-infrastructure][W][2330306][132]CRTCyclicEvent.cpp:TimeMissed():101|Cycle miss in event CCSICombinedCmdManager Cyclic Event. Time Overrun is 1340 us[EOL]
[2026-09-22T08:59:31.330765Z][TM_TransferModule.newgen-infrastructure][W][2330306][132]CRTCyclicEvent.cpp:TimeMissed():101|Cycle miss in event CCSICombinedRepManager. Time Overrun is 1340 us[EOL]
[2026-09-22T08:59:37.930179Z][TM_TransferModule.newgen-infrastructure][W][2330306][132]CRTCyclicEvent.cpp:TimeMissed():101|Cycle miss in event CCSICombinedCmdManager Cyclic Event. Time Overrun is 781 us[EOL]
[2026-09-22T08:59:37.930250Z][TM_TransferModule.newgen-infrastructure][W][2330306][132]CRTCyclicEvent.cpp:TimeMissed():101|Cycle miss in event CCSICombinedRepManager. Time Overrun is 781 us[EOL]
[2026-09-22T08:59:40.761682Z][TM_TransferModule.newgen-infrastructure][W][2330306][132]CRTCyclicEvent.cpp:TimeMissed():101|Cycle miss in event CCSICombinedCmdManager Cyclic Event. Time Overrun is 2294 us[EOL]
[2026-09-22T08:59:40.761706Z][TM_TransferModule.newgen-infrastructure][W][2330306][132]CRTCyclicEvent.cpp:TimeMissed():101|Cycle miss in event CCSICombinedRepManager. Time Overrun is 2294 us[EOL]
[2026-09-22T08:59:46.553341Z][TM_TransferModule.newgen-infrastructure][W][2330306][132]CRTCyclicEvent.cpp:TimeMissed():101|Cycle miss in event CCSICombinedCmdManager Cyclic Event. Time Overrun is 13955 us[EOL]
[2026-09-22T08:59:46.553370Z][TM_TransferModule.newgen-infrastructure][W][2330306][132]CRTCyclicEvent.cpp:TimeMissed():101|Cycle miss in event CCSICombinedRepManager. Time Overrun is 13955 us[EOL]
[2026-09-22T08:59:48.779802Z][TM_TransferModule.newgen-infrastructure][W][2330306][132]CRTCyclicEvent.cpp:TimeMissed():101|Cycle miss in event CCSICombinedCmdManager Cyclic Event. Time Overrun is 416 us[EOL]
[2026-09-22T08:59:48.779822Z][TM_TransferModule.newgen-infrastructure][W][2330306][132]CRTCyclicEvent.cpp:TimeMissed():101|Cycle miss in event CCSICombinedRepManager. Time Overrun is 416 us[EOL]
[2026-09-22T08:59:58.683038Z][TM_TransferModule.newgen-infrastructure][I][2560016][132]IMessageHandler.h:operator()():40|Received RabbitMqMessage Roche.MolLab.InstrumentState.Ping. Content: {"Timestamp":"2026-09-22T08:59:58.6747518Z","PingId":"IS60"}[EOL]
[2026-09-22T08:59:58.683110Z][TM_TransferModule.newgen-infrastructure][I][844444436][132]UnitCommunicator.cpp:SendEvent():424|Publishing event: type=Roche.c68_8800.Infrastructure.TransferModule.Echo correlation_id=(n/a)[EOL]
[2026-09-22T08:59:58.683131Z][TM_TransferModule.newgen-infrastructure][I][2560017][132]MessageSender.h:SendEvent():105|Sent RabbitMqEvent Roche.c68_8800.Infrastructure.TransferModule.Echo. Content: {"Timestamp":"2026-09-22T08:59:58.683086Z","ModuleId":"TransferModule","PingId":"IS60"}[EOL]
[2026-09-22T09:00:01.958621Z][TM_TransferModule.newgen-infrastructure][I][4560021][132]CSerialPortListener.cpp:VerifyAndParseReport():134|Climate sensor serial port report received: Command Id: 5248[EOL]
[2026-09-22T09:00:01.958660Z][TM_TransferModule.newgen-infrastructure][I][4560018][132]CGetHumidityCommandReport.cpp:ParseReport():44|ClimateSensor library: Humidity received from hardware: 6000[EOL]
[2026-09-22T09:00:01.960102Z][TM_TransferModule.newgen-infrastructure][I][4560021][132]CSerialPortListener.cpp:VerifyAndParseReport():134|Climate sensor serial port report received: Command Id: 5248[EOL]
[2026-09-22T09:00:01.960125Z][TM_TransferModule.newgen-infrastructure][I][4560018][132]CGetHumidityCommandReport.cpp:ParseReport():44|ClimateSensor library: Humidity received from hardware: 6000[EOL]
[2026-09-22T09:00:01.960214Z][TM_TransferModule.newgen-infrastructure][I][0][132]CGetHumidityProcedure.cpp:CallbackSendHumidityMeasuredEvent():103|Measured average humidity 60.000000[EOL]
[2026-09-22T09:00:02.427194Z][TM_TransferModule.newgen-infrastructure][I][2210053][132]CReadMultipleAnalogTempSensorStep.cpp:StoreReportDataInternal():50|Analog temperature sensor 6: 20.000000 °C[EOL]
[2026-09-22T09:00:02.427290Z][TM_TransferModule.newgen-infrastructure][W][2210075][132]CSensorObserver.cpp:NewTemperatureValueBySensor():204|Sending event TemperatureOutOfRange: TemperatureID: 0, Temperature: 2000[EOL]
[2026-09-22T09:00:02.427298Z][TM_TransferModule.newgen-infrastructure][I][2210053][132]CReadMultipleAnalogTempSensorStep.cpp:StoreReportDataInternal():50|Analog temperature sensor 7: 20.000000 °C[EOL]
[2026-09-22T09:00:02.431135Z][TM_TransferModule.newgen-infrastructure][I][2660020][132]CGetMultipleFanStateStep.cpp:PrintReceivedParameters():105|Received FW parameters: Number of fan: 1: RepFanID: 0, RepFanPWM: 50, RepFanSpeed: 1000; [EOL]
[2026-09-22T09:00:02.846143Z][TM_TransferModule.newgen-infrastructure][W][2330306][132]CRTCyclicEvent.cpp:TimeMissed():101|Cycle miss in event CCSICombinedCmdManager Cyclic Event. Time Overrun is 6755 us[EOL]
[2026-09-22T09:00:02.846183Z][TM_TransferModule.newgen-infrastructure][W][2330306][132]CRTCyclicEvent.cpp:TimeMissed():101|Cycle miss in event CCSICombinedRepManager. Time Overrun is 6755 us[EOL]
[2026-09-22T09:00:04.349787Z][TM_TransferModule.newgen-infrastructure][W][2330306][132]CRTCyclicEvent.cpp:TimeMissed():101|Cycle miss in event CCSICombinedCmdManager Cyclic Event. Time Overrun is 397 us[EOL]
[2026-09-22T09:00:04.349950Z][TM_TransferModule.newgen-infrastructure][W][2330306][132]CRTCyclicEvent.cpp:TimeMissed():101|Cycle miss in event CCSICombinedRepManager. Time Overrun is 397 us[EOL]
[2026-09-22T09:00:06.570905Z][TM_TransferModule.newgen-infrastructure][W][2330306][132]CRTCyclicEvent.cpp:TimeMissed():101|Cycle miss in event CCSICombinedCmdManager Cyclic Event. Time Overrun is 11517 us[EOL]
[2026-09-22T09:00:06.570931Z][TM_TransferModule.newgen-infrastructure][W][2330306][132]CRTCyclicEvent.cpp:TimeMissed():101|Cycle miss in event CCSICombinedRepManager. Time Overrun is 11517 us[EOL]
[2026-09-22T09:00:13.532244Z][TM_TransferModule.newgen-infrastructure][W][2330306][132]CRTCyclicEvent.cpp:TimeMissed():101|Cycle miss in event CCSICombinedCmdManager Cyclic Event. Time Overrun is 2859 us[EOL]
[2026-09-22T09:00:13.532276Z][TM_TransferModule.newgen-infrastructure][W][2330306][132]CRTCyclicEvent.cpp:TimeMissed():101|Cycle miss in event CCSICombinedRepManager. Time Overrun is 2859 us[EOL]
[2026-09-22T09:00:22.841056Z][TM_TransferModule.newgen-infrastructure][W][2330306][132]CRTCyclicEvent.cpp:TimeMissed():101|Cycle miss in event CCSICombinedCmdManager Cyclic Event. Time Overrun is 21670 us[EOL]
[2026-09-22T09:00:22.841078Z][TM_TransferModule.newgen-infrastructure][W][2330306][132]CRTCyclicEvent.cpp:TimeMissed():101|Cycle miss in event CCSICombinedRepManager. Time Overrun is 21670 us[EOL]
[2026-09-22T09:00:28.702650Z][TM_TransferModule.newgen-infrastructure][I][2560016][132]IMessageHandler.h:operator()():40|Received RabbitMqMessage Roche.MolLab.InstrumentState.Ping. Content: {"Timestamp":"2026-09-22T09:00:28.6746669Z","PingId":"IS61"}[EOL]
[2026-09-22T09:00:28.702680Z][TM_TransferModule.newgen-infrastructure][I][844444436][132]UnitCommunicator.cpp:SendEvent():424|Publishing event: type=Roche.c68_8800.Infrastructure.TransferModule.Echo correlation_id=(n/a)[EOL]
[2026-09-22T09:00:28.702696Z][TM_TransferModule.newgen-infrastructure][I][2560017][132]MessageSender.h:SendEvent():105|Sent RabbitMqEvent Roche.c68_8800.Infrastructure.TransferModule.Echo. Content: {"Timestamp":"2026-09-22T09:00:28.702676Z","ModuleId":"TransferModule","PingId":"IS61"}[EOL]
[2026-09-22T09:00:33.987166Z][TM_TransferModule.newgen-infrastructure][W][2330306][132]CRTCyclicEvent.cpp:TimeMissed():101|Cycle miss in event CCSICombinedCmdManager Cyclic Event. Time Overrun is 7777 us[EOL]
[2026-09-22T09:00:33.987206Z][TM_TransferModule.newgen-infrastructure][W][2330306][132]CRTCyclicEvent.cpp:TimeMissed():101|Cycle miss in event CCSICombinedRepManager. Time Overrun is 7777 us[EOL]
[2026-09-22T09:00:43.814611Z][TM_TransferModule.newgen-infrastructure][W][2330306][132]CRTCyclicEvent.cpp:TimeMissed():101|Cycle miss in event CCSICombinedCmdManager Cyclic Event. Time Overrun is 5217 us[EOL]
[2026-09-22T09:00:43.814656Z][TM_TransferModule.newgen-infrastructure][W][2330306][132]CRTCyclicEvent.cpp:TimeMissed():101|Cycle miss in event CCSICombinedRepManager. Time Overrun is 5217 us[EOL]
[2026-09-22T09:00:47.851695Z][TM_TransferModule.newgen-infrastructure][W][2330306][132]CRTCyclicEvent.cpp:TimeMissed():101|Cycle miss in event CCSICombinedCmdManager Cyclic Event. Time Overrun is 32305 us[EOL]
[2026-09-22T09:00:47.851734Z][TM_TransferModule.newgen-infrastructure][W][2330306][132]CRTCyclicEvent.cpp:TimeMissed():101|Cycle miss in event CCSICombinedRepManager. Time Overrun is 32305 us[EOL]
[2026-09-22T09:00:48.011838Z][TM_TransferModule.newgen-infrastructure][W][2330306][132]CRTCyclicEvent.cpp:TimeMissed():101|Cycle miss in event CCSICombinedCmdManager Cyclic Event. Time Overrun is 2445 us[EOL]
[2026-09-22T09:00:48.011882Z][TM_TransferModule.newgen-infrastructure][W][2330306][132]CRTCyclicEvent.cpp:TimeMissed():101|Cycle miss in event CCSICombinedRepManager. Time Overrun is 2445 us[EOL]
[2026-09-22T09:00:48.155590Z][TM_TransferModule.newgen-infrastructure][W][2330306][132]CRTCyclicEvent.cpp:TimeMissed():101|Cycle miss in event CCSICombinedCmdManager Cyclic Event. Time Overrun is 6201 us[EOL]
[2026-09-22T09:00:48.155628Z][TM_TransferModule.newgen-infrastructure][W][2330306][132]CRTCyclicEvent.cpp:TimeMissed():101|Cycle miss in event CCSICombinedRepManager. Time Overrun is 6201 us[EOL]
[2026-09-22T09:00:48.533790Z][TM_TransferModule.newgen-infrastructure][W][2330306][132]CRTCyclicEvent.cpp:TimeMissed():101|Cycle miss in event CCSICombinedCmdManager Cyclic Event. Time Overrun is 4398 us[EOL]
[2026-09-22T09:00:48.533910Z][TM_TransferModule.newgen-infrastructure][W][2330306][132]CRTCyclicEvent.cpp:TimeMissed():101|Cycle miss in event CCSICombinedRepManager. Time Overrun is 4398 us[EOL]
[2026-09-22T09:00:56.106966Z][TM_TransferModule.newgen-infrastructure][W][2330306][132]CRTCyclicEvent.cpp:TimeMissed():101|Cycle miss in event CCSICombinedCmdManager Cyclic Event. Time Overrun is 27576 us[EOL]
[2026-09-22T09:00:56.107005Z][TM_TransferModule.newgen-infrastructure][W][2330306][132]CRTCyclicEvent.cpp:TimeMissed():101|Cycle miss in event CCSICombinedRepManager. Time Overrun is 27576 us[EOL]
[2026-09-22T09:00:56.780144Z][TM_TransferModule.newgen-infrastructure][W][2330306][132]CRTCyclicEvent.cpp:TimeMissed():101|Cycle miss in event CCSICombinedCmdManager Cyclic Event. Time Overrun is 10569 us[EOL]
[2026-09-22T09:00:56.780223Z][TM_TransferModule.newgen-infrastructure][W][2330306][132]CRTCyclicEvent.cpp:TimeMissed():101|Cycle miss in event CCSICombinedRepManager. Time Overrun is 10569 us[EOL]
[2026-09-22T09:00:57.848635Z][TM_TransferModule.newgen-infrastructure][W][2330306][132]CRTCyclicEvent.cpp:TimeMissed():101|Cycle miss in event CCSICombinedCmdManager Cyclic Event. Time Overrun is 9246 us[EOL]
[2026-09-22T09:00:57.848684Z][TM_TransferModule.newgen-infrastructure][W][2330306][132]CRTCyclicEvent.cpp:TimeMissed():101|Cycle miss in event CCSICombinedRepManager. Time Overrun is 9246 us[EOL]
[2026-09-22T09:00:58.682318Z][TM_TransferModule.newgen-infrastructure][I][2560016][132]IMessageHandler.h:operator()():40|Received RabbitMqMessage Roche.MolLab.InstrumentState.Ping. Content: {"Timestamp":"2026-09-22T09:00:58.6773751Z","PingId":"IS62"}[EOL]
[2026-09-22T09:00:58.682408Z][TM_TransferModule.newgen-infrastructure][I][844444436][132]UnitCommunicator.cpp:SendEvent():424|Publishing event: type=Roche.c68_8800.Infrastructure.TransferModule.Echo correlation_id=(n/a)[EOL]
[2026-09-22T09:00:58.682466Z][TM_TransferModule.newgen-infrastructure][I][2560017][132]MessageSender.h:SendEvent():105|Sent RabbitMqEvent Roche.c68_8800.Infrastructure.TransferModule.Echo. Content: {"Timestamp":"2026-09-22T09:00:58.682398Z","ModuleId":"TransferModule","PingId":"IS62"}[EOL]
[2026-09-22T09:00:59.582772Z][TM_TransferModule.newgen-infrastructure][W][2330306][132]CRTCyclicEvent.cpp:TimeMissed():101|Cycle miss in event CCSICombinedCmdManager Cyclic Event. Time Overrun is 3383 us[EOL]
[2026-09-22T09:00:59.582808Z][TM_TransferModule.newgen-infrastructure][W][2330306][132]CRTCyclicEvent.cpp:TimeMissed():101|Cycle miss in event CCSICombinedRepManager. Time Overrun is 3383 us[EOL]
[2026-09-22T09:01:00.223676Z][TM_TransferModule.newgen-infrastructure][W][2330306][132]CRTCyclicEvent.cpp:TimeMissed():101|Cycle miss in event CCSICombinedCmdManager Cyclic Event. Time Overrun is 4286 us[EOL]
[2026-09-22T09:01:00.223718Z][TM_TransferModule.newgen-infrastructure][W][2330306][132]CRTCyclicEvent.cpp:TimeMissed():101|Cycle miss in event CCSICombinedRepManager. Time Overrun is 4286 us[EOL]
[2026-09-22T09:01:01.959176Z][TM_TransferModule.newgen-infrastructure][I][4560021][132]CSerialPortListener.cpp:VerifyAndParseReport():134|Climate sensor serial port report received: Command Id: 5248[EOL]
[2026-09-22T09:01:01.959233Z][TM_TransferModule.newgen-infrastructure][I][4560018][132]CGetHumidityCommandReport.cpp:ParseReport():44|ClimateSensor library: Humidity received from hardware: 6000[EOL]
[2026-09-22T09:01:01.962835Z][TM_TransferModule.newgen-infrastructure][I][4560021][132]CSerialPortListener.cpp:VerifyAndParseReport():134|Climate sensor serial port report received: Command Id: 5248[EOL]
[2026-09-22T09:01:01.962894Z][TM_TransferModule.newgen-infrastructure][I][4560018][132]CGetHumidityCommandReport.cpp:ParseReport():44|ClimateSensor library: Humidity received from hardware: 6000[EOL]
[2026-09-22T09:01:01.962946Z][TM_TransferModule.newgen-infrastructure][I][0][132]CGetHumidityProcedure.cpp:CallbackSendHumidityMeasuredEvent():103|Measured average humidity 60.000000[EOL]
[2026-09-22T09:01:02.444297Z][TM_TransferModule.newgen-infrastructure][I][2210053][132]CReadMultipleAnalogTempSensorStep.cpp:StoreReportDataInternal():50|Analog temperature sensor 6: 20.000000 °C[EOL]
[2026-09-22T09:01:02.444359Z][TM_TransferModule.newgen-infrastructure][W][2210075][132]CSensorObserver.cpp:NewTemperatureValueBySensor():204|Sending event TemperatureOutOfRange: TemperatureID: 0, Temperature: 2000[EOL]
[2026-09-22T09:01:02.444366Z][TM_TransferModule.newgen-infrastructure][I][2210053][132]CReadMultipleAnalogTempSensorStep.cpp:StoreReportDataInternal():50|Analog temperature sensor 7: 20.000000 °C[EOL]
[2026-09-22T09:01:02.448374Z][TM_TransferModule.newgen-infrastructure][I][2660020][132]CGetMultipleFanStateStep.cpp:PrintReceivedParameters():105|Received FW parameters: Number of fan: 1: RepFanID: 0, RepFanPWM: 50, RepFanSpeed: 1000; [EOL]
[2026-09-22T09:01:11.371068Z][TM_TransferModule.newgen-infrastructure][W][2330306][132]CRTCyclicEvent.cpp:TimeMissed():101|Cycle miss in event CCSICombinedCmdManager Cyclic Event. Time Overrun is 1672 us[EOL]
[2026-09-22T09:01:11.371478Z][TM_TransferModule.newgen-infrastructure][W][2330306][132]CRTCyclicEvent.cpp:TimeMissed():101|Cycle miss in event CCSICombinedRepManager. Time Overrun is 1672 us[EOL]
[2026-09-22T09:01:28.677554Z][TM_TransferModule.newgen-infrastructure][I][2560016][132]IMessageHandler.h:operator()():40|Received RabbitMqMessage Roche.MolLab.InstrumentState.Ping. Content: {"Timestamp":"2026-09-22T09:01:28.6740293Z","PingId":"IS63"}[EOL]
[2026-09-22T09:01:28.677669Z][TM_TransferModule.newgen-infrastructure][I][844444436][132]UnitCommunicator.cpp:SendEvent():424|Publishing event: type=Roche.c68_8800.Infrastructure.TransferModule.Echo correlation_id=(n/a)[EOL]
[2026-09-22T09:01:28.677737Z][TM_TransferModule.newgen-infrastructure][I][2560017][132]MessageSender.h:SendEvent():105|Sent RabbitMqEvent Roche.c68_8800.Infrastructure.TransferModule.Echo. Content: {"Timestamp":"2026-09-22T09:01:28.677649Z","ModuleId":"TransferModule","PingId":"IS63"}[EOL]
[2026-09-22T09:01:28.733141Z][TM_TransferModule.newgen-infrastructure][W][2330306][132]CRTCyclicEvent.cpp:TimeMissed():101|Cycle miss in event CCSICombinedCmdManager Cyclic Event. Time Overrun is 3753 us[EOL]
[2026-09-22T09:01:28.733172Z][TM_TransferModule.newgen-infrastructure][W][2330306][132]CRTCyclicEvent.cpp:TimeMissed():101|Cycle miss in event CCSICombinedRepManager. Time Overrun is 3753 us[EOL]
[2026-09-22T09:01:29.782177Z][TM_TransferModule.newgen-infrastructure][W][2330306][132]CRTCyclicEvent.cpp:TimeMissed():101|Cycle miss in event CCSICombinedCmdManager Cyclic Event. Time Overrun is 2788 us[EOL]
[2026-09-22T09:01:29.782207Z][TM_TransferModule.newgen-infrastructure][W][2330306][132]CRTCyclicEvent.cpp:TimeMissed():101|Cycle miss in event CCSICombinedRepManager. Time Overrun is 2788 us[EOL]
[2026-09-22T09:01:30.070931Z][TM_TransferModule.newgen-infrastructure][W][2330306][132]CRTCyclicEvent.cpp:TimeMissed():101|Cycle miss in event CCSICombinedCmdManager Cyclic Event. Time Overrun is 1530 us[EOL]
[2026-09-22T09:01:30.071310Z][TM_TransferModule.newgen-infrastructure][W][2330306][132]CRTCyclicEvent.cpp:TimeMissed():101|Cycle miss in event CCSICombinedRepManager. Time Overrun is 1530 us[EOL]
[2026-09-22T09:01:50.070269Z][TM_TransferModule.newgen-infrastructure][W][2330306][132]CRTCyclicEvent.cpp:TimeMissed():101|Cycle miss in event CCSICombinedCmdManager Cyclic Event. Time Overrun is 20882 us[EOL]
[2026-09-22T09:01:50.070292Z][TM_TransferModule.newgen-infrastructure][W][2330306][132]CRTCyclicEvent.cpp:TimeMissed():101|Cycle miss in event CCSICombinedRepManager. Time Overrun is 20882 us[EOL]
[2026-09-22T09:01:54.266759Z][TM_TransferModule.newgen-infrastructure][W][2330306][132]CRTCyclicEvent.cpp:TimeMissed():101|Cycle miss in event CCSICombinedCmdManager Cyclic Event. Time Overrun is 17370 us[EOL]
[2026-09-22T09:01:54.266797Z][TM_TransferModule.newgen-infrastructure][W][2330306][132]CRTCyclicEvent.cpp:TimeMissed():101|Cycle miss in event CCSICombinedRepManager. Time Overrun is 17370 us[EOL]
[2026-09-22T09:01:58.684543Z][TM_TransferModule.newgen-infrastructure][I][2560016][132]IMessageHandler.h:operator()():40|Received RabbitMqMessage Roche.MolLab.InstrumentState.Ping. Content: {"Timestamp":"2026-09-22T09:01:58.6740698Z","PingId":"IS64"}[EOL]
[2026-09-22T09:01:58.684569Z][TM_TransferModule.newgen-infrastructure][I][844444436][132]UnitCommunicator.cpp:SendEvent():424|Publishing event: type=Roche.c68_8800.Infrastructure.TransferModule.Echo correlation_id=(n/a)[EOL]
[2026-09-22T09:01:58.691542Z][TM_TransferModule.newgen-infrastructure][I][2560017][132]MessageSender.h:SendEvent():105|Sent RabbitMqEvent Roche.c68_8800.Infrastructure.TransferModule.Echo. Content: {"Timestamp":"2026-09-22T09:01:58.684565Z","ModuleId":"TransferModule","PingId":"IS64"}[EOL]
[2026-09-22T09:02:01.960184Z][TM_TransferModule.newgen-infrastructure][I][4560021][132]CSerialPortListener.cpp:VerifyAndParseReport():134|Climate sensor serial port report received: Command Id: 5248[EOL]
[2026-09-22T09:02:01.960214Z][TM_TransferModule.newgen-infrastructure][I][4560018][132]CGetHumidityCommandReport.cpp:ParseReport():44|ClimateSensor library: Humidity received from hardware: 6000[EOL]
[2026-09-22T09:02:01.962125Z][TM_TransferModule.newgen-infrastructure][I][4560021][132]CSerialPortListener.cpp:VerifyAndParseReport():134|Climate sensor serial port report received: Command Id: 5248[EOL]
[2026-09-22T09:02:01.962158Z][TM_TransferModule.newgen-infrastructure][I][4560018][132]CGetHumidityCommandReport.cpp:ParseReport():44|ClimateSensor library: Humidity received from hardware: 6000[EOL]
[2026-09-22T09:02:01.962193Z][TM_TransferModule.newgen-infrastructure][I][0][132]CGetHumidityProcedure.cpp:CallbackSendHumidityMeasuredEvent():103|Measured average humidity 60.000000[EOL]
[2026-09-22T09:02:02.470476Z][TM_TransferModule.newgen-infrastructure][W][2330306][132]CRTCyclicEvent.cpp:TimeMissed():101|Cycle miss in event CCSICombinedCmdManager Cyclic Event. Time Overrun is 1089 us[EOL]
[2026-09-22T09:02:02.470504Z][TM_TransferModule.newgen-infrastructure][W][2330306][132]CRTCyclicEvent.cpp:TimeMissed():101|Cycle miss in event CCSICombinedRepManager. Time Overrun is 1089 us[EOL]
[2026-09-22T09:02:02.476132Z][TM_TransferModule.newgen-infrastructure][I][2210053][132]CReadMultipleAnalogTempSensorStep.cpp:StoreReportDataInternal():50|Analog temperature sensor 6: 20.000000 °C[EOL]
[2026-09-22T09:02:02.476158Z][TM_TransferModule.newgen-infrastructure][W][2210075][132]CSensorObserver.cpp:NewTemperatureValueBySensor():204|Sending event TemperatureOutOfRange: TemperatureID: 0, Temperature: 2000[EOL]
[2026-09-22T09:02:02.476161Z][TM_TransferModule.newgen-infrastructure][I][2210053][132]CReadMultipleAnalogTempSensorStep.cpp:StoreReportDataInternal():50|Analog temperature sensor 7: 20.000000 °C[EOL]
[2026-09-22T09:02:02.480133Z][TM_TransferModule.newgen-infrastructure][I][2660020][132]CGetMultipleFanStateStep.cpp:PrintReceivedParameters():105|Received FW parameters: Number of fan: 1: RepFanID: 0, RepFanPWM: 50, RepFanSpeed: 1000; [EOL]
[2026-09-22T09:02:02.850475Z][TM_TransferModule.newgen-infrastructure][W][2330306][132]CRTCyclicEvent.cpp:TimeMissed():101|Cycle miss in event CCSICombinedCmdManager Cyclic Event. Time Overrun is 1086 us[EOL]
[2026-09-22T09:02:02.850512Z][TM_TransferModule.newgen-infrastructure][W][2330306][132]CRTCyclicEvent.cpp:TimeMissed():101|Cycle miss in event CCSICombinedRepManager. Time Overrun is 1086 us[EOL]
[2026-09-22T09:02:11.322401Z][TM_TransferModule.newgen-infrastructure][W][2330306][132]CRTCyclicEvent.cpp:TimeMissed():101|Cycle miss in event CCSICombinedCmdManager Cyclic Event. Time Overrun is 3013 us[EOL]
[2026-09-22T09:02:11.322438Z][TM_TransferModule.newgen-infrastructure][W][2330306][132]CRTCyclicEvent.cpp:TimeMissed():101|Cycle miss in event CCSICombinedRepManager. Time Overrun is 3013 us[EOL]
[2026-09-22T09:02:22.270024Z][TM_TransferModule.newgen-infrastructure][W][2330306][132]CRTCyclicEvent.cpp:TimeMissed():101|Cycle miss in event CCSICombinedCmdManager Cyclic Event. Time Overrun is 10635 us[EOL]
[2026-09-22T09:02:22.270058Z][TM_TransferModule.newgen-infrastructure][W][2330306][132]CRTCyclicEvent.cpp:TimeMissed():101|Cycle miss in event CCSICombinedRepManager. Time Overrun is 10635 us[EOL]
[2026-09-22T09:02:28.679128Z][TM_TransferModule.newgen-infrastructure][I][2560016][132]IMessageHandler.h:operator()():40|Received RabbitMqMessage Roche.MolLab.InstrumentState.Ping. Content: {"Timestamp":"2026-09-22T09:02:28.6735358Z","PingId":"IS65"}[EOL]
[2026-09-22T09:02:28.679360Z][TM_TransferModule.newgen-infrastructure][I][844444436][132]UnitCommunicator.cpp:SendEvent():424|Publishing event: type=Roche.c68_8800.Infrastructure.TransferModule.Echo correlation_id=(n/a)[EOL]
[2026-09-22T09:02:28.679410Z][TM_TransferModule.newgen-infrastructure][I][2560017][132]MessageSender.h:SendEvent():105|Sent RabbitMqEvent Roche.c68_8800.Infrastructure.TransferModule.Echo. Content: {"Timestamp":"2026-09-22T09:02:28.679348Z","ModuleId":"TransferModule","PingId":"IS65"}[EOL]
[2026-09-22T09:02:32.469428Z][TM_TransferModule.newgen-infrastructure][W][2330306][132]CRTCyclicEvent.cpp:TimeMissed():101|Cycle miss in event CCSICombinedCmdManager Cyclic Event. Time Overrun is 42 us[EOL]
[2026-09-22T09:02:32.469455Z][TM_TransferModule.newgen-infrastructure][W][2330306][132]CRTCyclicEvent.cpp:TimeMissed():101|Cycle miss in event CCSICombinedRepManager. Time Overrun is 42 us[EOL]
[2026-09-22T09:02:35.712539Z][TM_TransferModule.newgen-infrastructure][W][2330306][132]CRTCyclicEvent.cpp:TimeMissed():101|Cycle miss in event CCSICombinedCmdManager Cyclic Event. Time Overrun is 13154 us[EOL]
[2026-09-22T09:02:35.712562Z][TM_TransferModule.newgen-infrastructure][W][2330306][132]CRTCyclicEvent.cpp:TimeMissed():101|Cycle miss in event CCSICombinedRepManager. Time Overrun is 13154 us[EOL]
[2026-09-22T09:02:36.909598Z][TM_TransferModule.newgen-infrastructure][W][2330306][132]CRTCyclicEvent.cpp:TimeMissed():101|Cycle miss in event CCSICombinedCmdManager Cyclic Event. Time Overrun is 10208 us[EOL]
[2026-09-22T09:02:36.909634Z][TM_TransferModule.newgen-infrastructure][W][2330306][132]CRTCyclicEvent.cpp:TimeMissed():101|Cycle miss in event CCSICombinedRepManager. Time Overrun is 10208 us[EOL]
[2026-09-22T09:02:37.822238Z][TM_TransferModule.newgen-infrastructure][W][2330306][132]CRTCyclicEvent.cpp:TimeMissed():101|Cycle miss in event CCSICombinedCmdManager Cyclic Event. Time Overrun is 2849 us[EOL]
[2026-09-22T09:02:37.822274Z][TM_TransferModule.newgen-infrastructure][W][2330306][132]CRTCyclicEvent.cpp:TimeMissed():101|Cycle miss in event CCSICombinedRepManager. Time Overrun is 2849 us[EOL]
[2026-09-22T09:02:40.012053Z][TM_TransferModule.newgen-infrastructure][W][2330306][132]CRTCyclicEvent.cpp:TimeMissed():101|Cycle miss in event CCSICombinedCmdManager Cyclic Event. Time Overrun is 12665 us[EOL]
[2026-09-22T09:02:40.012178Z][TM_TransferModule.newgen-infrastructure][W][2330306][132]CRTCyclicEvent.cpp:TimeMissed():101|Cycle miss in event CCSICombinedRepManager. Time Overrun is 12665 us[EOL]
[2026-09-22T09:02:45.380730Z][TM_TransferModule.newgen-infrastructure][W][2330306][132]CRTCyclicEvent.cpp:TimeMissed():101|Cycle miss in event CCSICombinedCmdManager Cyclic Event. Time Overrun is 1344 us[EOL]
[2026-09-22T09:02:45.380754Z][TM_TransferModule.newgen-infrastructure][W][2330306][132]CRTCyclicEvent.cpp:TimeMissed():101|Cycle miss in event CCSICombinedRepManager. Time Overrun is 1344 us[EOL]
[2026-09-22T09:02:49.021738Z][TM_TransferModule.newgen-infrastructure][W][2330306][132]CRTCyclicEvent.cpp:TimeMissed():101|Cycle miss in event CCSICombinedCmdManager Cyclic Event. Time Overrun is 2344 us[EOL]
[2026-09-22T09:02:49.022437Z][TM_TransferModule.newgen-infrastructure][W][2330306][132]CRTCyclicEvent.cpp:TimeMissed():101|Cycle miss in event CCSICombinedRepManager. Time Overrun is 2344 us[EOL]
[2026-09-22T09:02:52.182790Z][TM_TransferModule.newgen-infrastructure][W][2330306][132]CRTCyclicEvent.cpp:TimeMissed():101|Cycle miss in event CCSICombinedCmdManager Cyclic Event. Time Overrun is 23403 us[EOL]
[2026-09-22T09:02:52.182830Z][TM_TransferModule.newgen-infrastructure][W][2330306][132]CRTCyclicEvent.cpp:TimeMissed():101|Cycle miss in event CCSICombinedRepManager. Time Overrun is 23403 us[EOL]
[2026-09-22T09:02:58.679469Z][TM_TransferModule.newgen-infrastructure][I][2560016][132]IMessageHandler.h:operator()():40|Received RabbitMqMessage Roche.MolLab.InstrumentState.Ping. Content: {"Timestamp":"2026-09-22T09:02:58.675747Z","PingId":"IS66"}[EOL]
[2026-09-22T09:02:58.679529Z][TM_TransferModule.newgen-infrastructure][I][844444436][132]UnitCommunicator.cpp:SendEvent():424|Publishing event: type=Roche.c68_8800.Infrastructure.TransferModule.Echo correlation_id=(n/a)[EOL]
[2026-09-22T09:02:58.679573Z][TM_TransferModule.newgen-infrastructure][I][2560017][132]MessageSender.h:SendEvent():105|Sent RabbitMqEvent Roche.c68_8800.Infrastructure.TransferModule.Echo. Content: {"Timestamp":"2026-09-22T09:02:58.679520Z","ModuleId":"TransferModule","PingId":"IS66"}[EOL]
[2026-09-22T09:03:01.960219Z][TM_TransferModule.newgen-infrastructure][I][4560021][132]CSerialPortListener.cpp:VerifyAndParseReport():134|Climate sensor serial port report received: Command Id: 5248[EOL]
[2026-09-22T09:03:01.960293Z][TM_TransferModule.newgen-infrastructure][I][4560018][132]CGetHumidityCommandReport.cpp:ParseReport():44|ClimateSensor library: Humidity received from hardware: 6000[EOL]
[2026-09-22T09:03:01.962112Z][TM_TransferModule.newgen-infrastructure][I][4560021][132]CSerialPortListener.cpp:VerifyAndParseReport():134|Climate sensor serial port report received: Command Id: 5248[EOL]
[2026-09-22T09:03:01.962176Z][TM_TransferModule.newgen-infrastructure][I][4560018][132]CGetHumidityCommandReport.cpp:ParseReport():44|ClimateSensor library: Humidity received from hardware: 6000[EOL]
[2026-09-22T09:03:01.962284Z][TM_TransferModule.newgen-infrastructure][I][0][132]CGetHumidityProcedure.cpp:CallbackSendHumidityMeasuredEvent():103|Measured average humidity 60.000000[EOL]
[2026-09-22T09:03:02.492122Z][TM_TransferModule.newgen-infrastructure][I][2210053][132]CReadMultipleAnalogTempSensorStep.cpp:StoreReportDataInternal():50|Analog temperature sensor 6: 20.000000 °C[EOL]
[2026-09-22T09:03:02.492169Z][TM_TransferModule.newgen-infrastructure][W][2210075][132]CSensorObserver.cpp:NewTemperatureValueBySensor():204|Sending event TemperatureOutOfRange: TemperatureID: 0, Temperature: 2000[EOL]
[2026-09-22T09:03:02.492174Z][TM_TransferModule.newgen-infrastructure][I][2210053][132]CReadMultipleAnalogTempSensorStep.cpp:StoreReportDataInternal():50|Analog temperature sensor 7: 20.000000 °C[EOL]
[2026-09-22T09:03:02.496108Z][TM_TransferModule.newgen-infrastructure][I][2660020][132]CGetMultipleFanStateStep.cpp:PrintReceivedParameters():105|Received FW parameters: Number of fan: 1: RepFanID: 0, RepFanPWM: 50, RepFanSpeed: 1000; [EOL]
[2026-09-22T09:03:16.424263Z][TM_TransferModule.newgen-infrastructure][W][2330306][132]CRTCyclicEvent.cpp:TimeMissed():101|Cycle miss in event CCSICombinedCmdManager Cyclic Event. Time Overrun is 4868 us[EOL]
[2026-09-22T09:03:16.424290Z][TM_TransferModule.newgen-infrastructure][W][2330306][132]CRTCyclicEvent.cpp:TimeMissed():101|Cycle miss in event CCSICombinedRepManager. Time Overrun is 4868 us[EOL]
[2026-09-22T09:03:24.799991Z][TM_TransferModule.newgen-infrastructure][W][2330306][132]CRTCyclicEvent.cpp:TimeMissed():101|Cycle miss in event CCSICombinedCmdManager Cyclic Event. Time Overrun is 600 us[EOL]
[2026-09-22T09:03:24.800035Z][TM_TransferModule.newgen-infrastructure][W][2330306][132]CRTCyclicEvent.cpp:TimeMissed():101|Cycle miss in event CCSICombinedRepManager. Time Overrun is 600 us[EOL]
[2026-09-22T09:03:28.683917Z][TM_TransferModule.newgen-infrastructure][I][2560016][132]IMessageHandler.h:operator()():40|Received RabbitMqMessage Roche.MolLab.InstrumentState.Ping. Content: {"Timestamp":"2026-09-22T09:03:28.675132Z","PingId":"IS67"}[EOL]
[2026-09-22T09:03:28.683950Z][TM_TransferModule.newgen-infrastructure][I][844444436][132]UnitCommunicator.cpp:SendEvent():424|Publishing event: type=Roche.c68_8800.Infrastructure.TransferModule.Echo correlation_id=(n/a)[EOL]
[2026-09-22T09:03:28.684030Z][TM_TransferModule.newgen-infrastructure][I][2560017][132]MessageSender.h:SendEvent():105|Sent RabbitMqEvent Roche.c68_8800.Infrastructure.TransferModule.Echo. Content: {"Timestamp":"2026-09-22T09:03:28.683945Z","ModuleId":"TransferModule","PingId":"IS67"}[EOL]
[2026-09-22T09:03:28.745815Z][TM_TransferModule.newgen-infrastructure][W][2330306][132]CRTCyclicEvent.cpp:TimeMissed():101|Cycle miss in event CCSICombinedCmdManager Cyclic Event. Time Overrun is 6427 us[EOL]
[2026-09-22T09:03:28.745873Z][TM_TransferModule.newgen-infrastructure][W][2330306][132]CRTCyclicEvent.cpp:TimeMissed():101|Cycle miss in event CCSICombinedRepManager. Time Overrun is 6427 us[EOL]
[2026-09-22T09:03:33.720635Z][TM_TransferModule.newgen-infrastructure][W][2330306][132]CRTCyclicEvent.cpp:TimeMissed():101|Cycle miss in event CCSICombinedCmdManager Cyclic Event. Time Overrun is 1248 us[EOL]
[2026-09-22T09:03:33.720661Z][TM_TransferModule.newgen-infrastructure][W][2330306][132]CRTCyclicEvent.cpp:TimeMissed():101|Cycle miss in event CCSICombinedRepManager. Time Overrun is 1248 us[EOL]
[2026-09-22T09:03:35.704617Z][TM_TransferModule.newgen-infrastructure][W][2330306][132]CRTCyclicEvent.cpp:TimeMissed():101|Cycle miss in event CCSICombinedCmdManager Cyclic Event. Time Overrun is 15231 us[EOL]
[2026-09-22T09:03:35.704639Z][TM_TransferModule.newgen-infrastructure][W][2330306][132]CRTCyclicEvent.cpp:TimeMissed():101|Cycle miss in event CCSICombinedRepManager. Time Overrun is 15231 us[EOL]
[2026-09-22T09:03:48.438746Z][TM_TransferModule.newgen-infrastructure][W][2330306][132]CRTCyclicEvent.cpp:TimeMissed():101|Cycle miss in event CCSICombinedCmdManager Cyclic Event. Time Overrun is 9359 us[EOL]
[2026-09-22T09:03:48.438804Z][TM_TransferModule.newgen-infrastructure][W][2330306][132]CRTCyclicEvent.cpp:TimeMissed():101|Cycle miss in event CCSICombinedRepManager. Time Overrun is 9359 us[EOL]
[2026-09-22T09:03:51.739850Z][TM_TransferModule.newgen-infrastructure][W][2330306][132]CRTCyclicEvent.cpp:TimeMissed():101|Cycle miss in event CCSICombinedCmdManager Cyclic Event. Time Overrun is 462 us[EOL]
[2026-09-22T09:03:51.739878Z][TM_TransferModule.newgen-infrastructure][W][2330306][132]CRTCyclicEvent.cpp:TimeMissed():101|Cycle miss in event CCSICombinedRepManager. Time Overrun is 462 us[EOL]
[2026-09-22T09:03:53.961767Z][TM_TransferModule.newgen-infrastructure][W][2330306][132]CRTCyclicEvent.cpp:TimeMissed():101|Cycle miss in event CCSICombinedCmdManager Cyclic Event. Time Overrun is 2380 us[EOL]
[2026-09-22T09:03:53.961790Z][TM_TransferModule.newgen-infrastructure][W][2330306][132]CRTCyclicEvent.cpp:TimeMissed():101|Cycle miss in event CCSICombinedRepManager. Time Overrun is 2380 us[EOL]
[2026-09-22T09:03:55.370905Z][TM_TransferModule.newgen-infrastructure][W][2330306][132]CRTCyclicEvent.cpp:TimeMissed():101|Cycle miss in event CCSICombinedCmdManager Cyclic Event. Time Overrun is 1515 us[EOL]
[2026-09-22T09:03:55.370951Z][TM_TransferModule.newgen-infrastructure][W][2330306][132]CRTCyclicEvent.cpp:TimeMissed():101|Cycle miss in event CCSICombinedRepManager. Time Overrun is 1515 us[EOL]
[2026-09-22T09:03:58.681978Z][TM_TransferModule.newgen-infrastructure][I][2560016][132]IMessageHandler.h:operator()():40|Received RabbitMqMessage Roche.MolLab.InstrumentState.Ping. Content: {"Timestamp":"2026-09-22T09:03:58.6744201Z","PingId":"IS68"}[EOL]
[2026-09-22T09:03:58.682029Z][TM_TransferModule.newgen-infrastructure][I][844444436][132]UnitCommunicator.cpp:SendEvent():424|Publishing event: type=Roche.c68_8800.Infrastructure.TransferModule.Echo correlation_id=(n/a)[EOL]
[2026-09-22T09:03:58.682131Z][TM_TransferModule.newgen-infrastructure][I][2560017][132]MessageSender.h:SendEvent():105|Sent RabbitMqEvent Roche.c68_8800.Infrastructure.TransferModule.Echo. Content: {"Timestamp":"2026-09-22T09:03:58.682020Z","ModuleId":"TransferModule","PingId":"IS68"}[EOL]
[2026-09-22T09:04:01.961148Z][TM_TransferModule.newgen-infrastructure][I][4560021][132]CSerialPortListener.cpp:VerifyAndParseReport():134|Climate sensor serial port report received: Command Id: 5248[EOL]
[2026-09-22T09:04:01.961233Z][TM_TransferModule.newgen-infrastructure][I][4560018][132]CGetHumidityCommandReport.cpp:ParseReport():44|ClimateSensor library: Humidity received from hardware: 6000[EOL]
[2026-09-22T09:04:01.963562Z][TM_TransferModule.newgen-infrastructure][I][4560021][132]CSerialPortListener.cpp:VerifyAndParseReport():134|Climate sensor serial port report received: Command Id: 5248[EOL]
[2026-09-22T09:04:01.963616Z][TM_TransferModule.newgen-infrastructure][I][4560018][132]CGetHumidityCommandReport.cpp:ParseReport():44|ClimateSensor library: Humidity received from hardware: 6000[EOL]
[2026-09-22T09:04:01.963669Z][TM_TransferModule.newgen-infrastructure][I][0][132]CGetHumidityProcedure.cpp:CallbackSendHumidityMeasuredEvent():103|Measured average humidity 60.000000[EOL]
[2026-09-22T09:04:02.508136Z][TM_TransferModule.newgen-infrastructure][I][2210053][132]CReadMultipleAnalogTempSensorStep.cpp:StoreReportDataInternal():50|Analog temperature sensor 6: 20.000000 °C[EOL]
[2026-09-22T09:04:02.508188Z][TM_TransferModule.newgen-infrastructure][W][2210075][132]CSensorObserver.cpp:NewTemperatureValueBySensor():204|Sending event TemperatureOutOfRange: TemperatureID: 0, Temperature: 2000[EOL]
[2026-09-22T09:04:02.508194Z][TM_TransferModule.newgen-infrastructure][I][2210053][132]CReadMultipleAnalogTempSensorStep.cpp:StoreReportDataInternal():50|Analog temperature sensor 7: 20.000000 °C[EOL]
[2026-09-22T09:04:02.512175Z][TM_TransferModule.newgen-infrastructure][I][2660020][132]CGetMultipleFanStateStep.cpp:PrintReceivedParameters():105|Received FW parameters: Number of fan: 1: RepFanID: 0, RepFanPWM: 50, RepFanSpeed: 1000; [EOL]
