[2026-09-22T07:25:11.3450181Z][MNT][I][Launcher.MaintenanceBootstrapper][1]Bootstrapping unit 'Maintenance' with version '1.0.0+1344780.b1972b218f93412217eb0d515e0209a5fa894289' ...[EOL]
[2026-09-22T07:25:11.5972510Z][MNT][I][Launcher.MaintenanceBootstrapper][1]Local time zone: (UTC+00:00) GMT[EOL]
[2026-09-22T07:25:11.5976464Z][MNT][I][Launcher.MaintenanceBootstrapper][1]Configuring unit 'Maintenance' ...[EOL]
[2026-09-22T07:25:16.0714063Z][MNT][I][Launcher.MaintenanceBootstrapper][1]Starting unit 'Maintenance' ...[EOL]
[2026-09-22T07:25:16.1228296Z][MNT][I][Messaging.RabbitMQ.RabbitMQClient.MNT][1]Initializing Messagebus ...[EOL]
[2026-09-22T07:25:53.4843453Z][MNT][I][Messaging.RabbitMQ.RabbitMQClient.MNT][1]Connected successfully to 'amqp://rabbitmq-server:5672'[EOL]
[2026-09-22T07:25:55.1541885Z][MNT][I][UnitLifecycle.UnitLifecycleStateMachine][1]Publishing event 'UnitStateChanged' with args OldState: 'PoweredOff', NewState: 'StartingUp', TraceContext: '<null>' ...[EOL]
[2026-09-22T07:26:36.1652387Z][MNT][I][PerformanceMonitoring.PerformanceCounterListener][1]Configured instance with 'Enabled: 'True', IntervalSeconds: '30', Counters: '<empty>''[EOL]
[2026-09-22T07:26:36.1698954Z][MNT][I][PerformanceMonitoring.PerformanceCounterListener][1]Starting up instance ...[EOL]
[2026-09-22T07:26:36.1710690Z][MNT][I][PerformanceMonitoring.PerformanceCounterListener][1]Enabling counters of 'System.Runtime' ...[EOL]
[2026-09-22T07:26:36.4764173Z][MNT][I][Execution.Steps.InstrumentAbstraction.StateTracking.AggregateStateTracker.AmplificationPlateDrawerStateTracker][1]Executing 'Startup' on 'AmplificationPlateDrawerStateTracker' ...[EOL]
[2026-09-22T07:26:36.4934504Z][MNT][I][Execution.Steps.InstrumentAbstraction.StateTracking.AggregateStateTracker.AmplificationPlateDrawerStateTracker][1]Executing 'Startup' on 'AmplificationPlateDrawerStateTracker' finished[EOL]
[2026-09-22T07:26:36.7728916Z][MNT][I][Execution.Steps.InstrumentAbstraction.StateTracking.AggregateStateTracker.AmplificationPlateDrawerStateTracker][1]Executing 'Startup' on 'AmplificationPlateMagazineStateTracker' ...[EOL]
[2026-09-22T07:26:36.7763235Z][MNT][I][Execution.Steps.InstrumentAbstraction.StateTracking.AggregateStateTracker.AmplificationPlateDrawerStateTracker][1]Executing 'Startup' on 'AmplificationPlateMagazineStateTracker' finished[EOL]
[2026-09-22T07:26:36.7785086Z][MNT][I][Execution.Steps.InstrumentAbstraction.StateTracking.AggregateStateTracker.ConsumableParkStateTracker][1]Executing 'Startup' on 'ConsumableParkStateTracker' ...[EOL]
[2026-09-22T07:26:36.7798941Z][MNT][I][Execution.Steps.InstrumentAbstraction.StateTracking.AggregateStateTracker.ConsumableParkStateTracker][1]Executing 'Startup' on 'ConsumableParkStateTracker' finished[EOL]
[2026-09-22T07:26:37.6901252Z][MNT][I][Execution.Steps.InstrumentAbstraction.StateTracking.AggregateStateTracker.LiquidWasteStationStateTracker][1]Executing 'Startup' on 'LiquidWasteStationStateTracker' ...[EOL]
[2026-09-22T07:26:37.6916956Z][MNT][I][Execution.Steps.InstrumentAbstraction.StateTracking.AggregateStateTracker.LiquidWasteStationStateTracker][1]Executing 'Startup' on 'LiquidWasteStationStateTracker' finished[EOL]
[2026-09-22T07:26:37.9636973Z][MNT][I][Execution.Steps.InstrumentAbstraction.StateTracking.AggregateStateTracker.MgpCassetteMagazineStateTracker][1]Executing 'Startup' on 'MgpCassetteMagazineStateTracker' ...[EOL]
[2026-09-22T07:26:37.9663266Z][MNT][I][Execution.Steps.InstrumentAbstraction.StateTracking.AggregateStateTracker.MgpCassetteMagazineStateTracker][1]Executing 'Startup' on 'MgpCassetteMagazineStateTracker' finished[EOL]
[2026-09-22T07:26:38.2021618Z][MNT][I][Execution.Steps.InstrumentAbstraction.StateTracking.AggregateStateTracker.ProcessingPlateMagazineStateTracker][1]Executing 'Startup' on 'ProcessingPlateMagazineStateTracker' ...[EOL]
[2026-09-22T07:26:38.2040472Z][MNT][I][Execution.Steps.InstrumentAbstraction.StateTracking.AggregateStateTracker.ProcessingPlateMagazineStateTracker][1]Executing 'Startup' on 'ProcessingPlateMagazineStateTracker' finished[EOL]
[2026-09-22T07:26:38.2051173Z][MNT][I][Execution.Steps.InstrumentAbstraction.StateTracking.AggregateStateTracker.SafetyInterlockStateTracker][1]Executing 'Startup' on 'ReagentStorageHandlerStateTracker' ...[EOL]
[2026-09-22T07:26:38.2063193Z][MNT][I][Execution.Steps.InstrumentAbstraction.StateTracking.AggregateStateTracker.SafetyInterlockStateTracker][1]Executing 'Startup' on 'ReagentStorageHandlerStateTracker' finished[EOL]
[2026-09-22T07:26:38.5086091Z][MNT][I][Execution.Steps.InstrumentAbstraction.StateTracking.AggregateStateTracker.SafetyInterlockStateTracker][1]Executing 'Startup' on 'SafetyInterlockStateTracker' ...[EOL]
[2026-09-22T07:26:38.5100342Z][MNT][I][Execution.Steps.InstrumentAbstraction.StateTracking.AggregateStateTracker.SafetyInterlockStateTracker][1]Executing 'Startup' on 'SafetyInterlockStateTracker' finished[EOL]
[2026-09-22T07:26:38.7637616Z][MNT][I][Execution.Steps.InstrumentAbstraction.StateTracking.AggregateStateTracker.TipRackMagazineStateTracker][1]Executing 'Startup' on 'TipRackMagazineStateTracker' ...[EOL]
[2026-09-22T07:26:38.7651277Z][MNT][I][Execution.Steps.InstrumentAbstraction.StateTracking.AggregateStateTracker.TipRackMagazineStateTracker][1]Executing 'Startup' on 'TipRackMagazineStateTracker' finished[EOL]
[2026-09-22T07:26:39.0233250Z][MNT][I][Execution.Steps.InstrumentAbstraction.StateTracking.AggregateStateTracker.WasteStationStateTracker][1]Executing 'Startup' on 'WasteStationStateTracker' ...[EOL]
[2026-09-22T07:26:39.0244814Z][MNT][I][Execution.Steps.InstrumentAbstraction.StateTracking.AggregateStateTracker.WasteStationStateTracker][1]Executing 'Startup' on 'WasteStationStateTracker' finished[EOL]
[2026-09-22T07:26:39.0252172Z][MNT][I][Execution.Steps.InstrumentAbstraction.StateTracking.AggregateStateTracker.FluidSystemHandlerStateTracker][1]Executing 'Startup' on 'FluidSystemHandlerStateTracker' ...[EOL]
[2026-09-22T07:26:39.0260528Z][MNT][I][Execution.Steps.InstrumentAbstraction.StateTracking.AggregateStateTracker.FluidSystemHandlerStateTracker][1]Executing 'Startup' on 'FluidSystemHandlerStateTracker' finished[EOL]
[2026-09-22T07:26:39.0290651Z][MNT][I][Execution.Steps.InstrumentAbstraction.StateTracking.StateTracker.AmplificationPlatesMagazineTracker][1]Executing 'Startup' on 'AmplificationPlatesMagazineTracker' ...[EOL]
[2026-09-22T07:26:39.0300670Z][MNT][I][Execution.Steps.InstrumentAbstraction.StateTracking.StateTracker.AmplificationPlatesMagazineTracker][1]Executing 'Startup' on 'AmplificationPlatesMagazineTracker' finished[EOL]
[2026-09-22T07:26:39.0314984Z][MNT][I][Execution.Steps.InstrumentAbstraction.StateTracking.StateTracker.AnalyticModuleDrawerStateTracker][1]Executing 'Startup' on 'AnalyticModuleDrawerStateTracker' ...[EOL]
[2026-09-22T07:26:39.0329977Z][MNT][I][Execution.Steps.InstrumentAbstraction.StateTracking.StateTracker.AnalyticModuleDrawerStateTracker][1]Executing 'Startup' on 'AnalyticModuleDrawerStateTracker' finished[EOL]
[2026-09-22T07:26:39.0386254Z][MNT][I][Execution.Steps.InstrumentAbstraction.StateTracking.StateTracker.DoorStateTracker][1]Executing 'Startup' on 'DoorStateTracker' ...[EOL]
[2026-09-22T07:26:39.0396166Z][MNT][I][Execution.Steps.InstrumentAbstraction.StateTracking.StateTracker.DoorStateTracker][1]Executing 'Startup' on 'DoorStateTracker' finished[EOL]
[2026-09-22T07:26:39.0401583Z][MNT][I][Execution.Steps.InstrumentAbstraction.StateTracking.StateTracker.HardwareMovementsTracker][1]Executing 'Startup' on 'HardwareMovementsTracker' ...[EOL]
[2026-09-22T07:26:39.0412553Z][MNT][I][Execution.Steps.InstrumentAbstraction.StateTracking.StateTracker.HardwareMovementsTracker][1]Executing 'Startup' on 'HardwareMovementsTracker' finished[EOL]
[2026-09-22T07:26:39.0680453Z][MNT][I][Execution.Steps.Instrument.ProcessingModule.ProcessingModuleTeach.StateTracker.LiquidWasteCapacityTracker][1]Executing 'Startup' on 'LiquidWasteCapacityTracker' ...[EOL]
[2026-09-22T07:26:39.0699183Z][MNT][I][Execution.Steps.Instrument.ProcessingModule.ProcessingModuleTeach.StateTracker.LiquidWasteCapacityTracker][1]Executing 'Startup' on 'LiquidWasteCapacityTracker' finished[EOL]
[2026-09-22T07:26:39.0742973Z][MNT][I][Execution.Steps.InstrumentAbstraction.StateTracking.StateTracker.LockStateTracker][1]Executing 'Startup' on 'LockStateTracker' ...[EOL]
[2026-09-22T07:26:39.0751603Z][MNT][I][Execution.Steps.InstrumentAbstraction.StateTracking.StateTracker.LockStateTracker][1]Executing 'Startup' on 'LockStateTracker' finished[EOL]
[2026-09-22T07:26:39.0780797Z][MNT][I][Execution.Steps.InstrumentAbstraction.StateTracking.StateTracker.MgpCassetteMagazineTracker][1]Executing 'Startup' on 'MgpCassetteMagazineTracker' ...[EOL]
[2026-09-22T07:26:39.0795515Z][MNT][I][Execution.Steps.InstrumentAbstraction.StateTracking.StateTracker.MgpCassetteMagazineTracker][1]Executing 'Startup' on 'MgpCassetteMagazineTracker' finished[EOL]
[2026-09-22T07:26:39.0803357Z][MNT][I][Execution.Steps.InstrumentAbstraction.StateTracking.StateTracker.MovablePlatformStateTracker][1]Executing 'Startup' on 'MovablePlatformStateTracker' ...[EOL]
[2026-09-22T07:26:39.0813709Z][MNT][I][Execution.Steps.InstrumentAbstraction.StateTracking.StateTracker.MovablePlatformStateTracker][1]Executing 'Startup' on 'MovablePlatformStateTracker' finished[EOL]
[2026-09-22T07:26:39.0878006Z][MNT][I][Execution.Steps.InstrumentAbstraction.StateTracking.StateTracker.ProcessingPlateMagazineTracker][1]Executing 'Startup' on 'ProcessingPlateMagazineTracker' ...[EOL]
[2026-09-22T07:26:39.0896455Z][MNT][I][Execution.Steps.InstrumentAbstraction.StateTracking.StateTracker.ProcessingPlateMagazineTracker][1]Executing 'Startup' on 'ProcessingPlateMagazineTracker' finished[EOL]
[2026-09-22T07:26:39.0901642Z][MNT][I][Execution.Steps.InstrumentAbstraction.StateTracking.StateTracker.ReagentStorageElevatorTracker][1]Executing 'Startup' on 'ReagentStorageElevatorTracker' ...[EOL]
[2026-09-22T07:26:39.0908067Z][MNT][I][Execution.Steps.InstrumentAbstraction.StateTracking.StateTracker.ReagentStorageElevatorTracker][1]Executing 'Startup' on 'ReagentStorageElevatorTracker' finished[EOL]
[2026-09-22T07:26:39.0914603Z][MNT][I][Execution.Steps.InstrumentAbstraction.StateTracking.StateTracker.TeachToolParkPositionTracker][1]Executing 'Startup' on 'TeachToolParkPositionTracker' ...[EOL]
[2026-09-22T07:26:39.0931068Z][MNT][I][Execution.Steps.InstrumentAbstraction.StateTracking.StateTracker.TeachToolParkPositionTracker][1]Executing 'Startup' on 'TeachToolParkPositionTracker' finished[EOL]
[2026-09-22T07:26:39.0948377Z][MNT][I][Execution.Steps.InstrumentAbstraction.StateTracking.StateTracker.TeachToolTipRackParkPositionTracker][1]Executing 'Startup' on 'TeachToolTipRackParkPositionTracker' ...[EOL]
[2026-09-22T07:26:39.0956874Z][MNT][I][Execution.Steps.InstrumentAbstraction.StateTracking.StateTracker.TeachToolTipRackParkPositionTracker][1]Executing 'Startup' on 'TeachToolTipRackParkPositionTracker' finished[EOL]
[2026-09-22T07:26:39.0978464Z][MNT][I][Execution.Steps.InstrumentAbstraction.StateTracking.StateTracker.TipRackMagazineTracker][1]Executing 'Startup' on 'TipRackMagazineTracker' ...[EOL]
[2026-09-22T07:26:39.0992995Z][MNT][I][Execution.Steps.InstrumentAbstraction.StateTracking.StateTracker.TipRackMagazineTracker][1]Executing 'Startup' on 'TipRackMagazineTracker' finished[EOL]
[2026-09-22T07:26:39.1029722Z][MNT][I][Execution.Steps.InstrumentAbstraction.StateTracking.StateTracker.UnexpectedCarrierInProcessingModuleTracker][1]Executing 'Startup' on 'UnexpectedCarrierInProcessingModuleTracker' ...[EOL]
[2026-09-22T07:26:39.1056890Z][MNT][I][Execution.Steps.InstrumentAbstraction.StateTracking.StateTracker.UnexpectedCarrierInProcessingModuleTracker][1]Executing 'Startup' on 'UnexpectedCarrierInProcessingModuleTracker' finished[EOL]
[2026-09-22T07:26:39.1080166Z][MNT][I][Execution.Steps.InstrumentAbstraction.StateTracking.StateTracker.UnexpectedCarrierInTransferModuleTracker][1]Executing 'Startup' on 'UnexpectedCarrierInTransferModuleTracker' ...[EOL]
[2026-09-22T07:26:39.1096737Z][MNT][I][Execution.Steps.InstrumentAbstraction.StateTracking.StateTracker.UnexpectedCarrierInTransferModuleTracker][1]Executing 'Startup' on 'UnexpectedCarrierInTransferModuleTracker' finished[EOL]
[2026-09-22T07:26:39.1112444Z][MNT][I][Execution.Steps.Instrument.ProcessingModule.ProcessingModuleTeach.StateTracker.WashReagentReservoirTracker][1]Executing 'Startup' on 'WashReagentReservoirTracker' ...[EOL]
[2026-09-22T07:26:39.1124092Z][MNT][I][Execution.Steps.Instrument.ProcessingModule.ProcessingModuleTeach.StateTracker.WashReagentReservoirTracker][1]Executing 'Startup' on 'WashReagentReservoirTracker' finished[EOL]
[2026-09-22T07:26:39.1152043Z][MNT][I][Execution.Steps.Instrument.ProcessingModule.ProcessingModuleTeach.StateTracker.WashReagentTracker][1]Executing 'Startup' on 'WashReagentTracker' ...[EOL]
[2026-09-22T07:26:39.1163904Z][MNT][I][Execution.Steps.Instrument.ProcessingModule.ProcessingModuleTeach.StateTracker.WashReagentTracker][1]Executing 'Startup' on 'WashReagentTracker' finished[EOL]
[2026-09-22T07:26:39.1176327Z][MNT][I][Messaging.RabbitMQ.RabbitMQClient.MNT.Execution][1]Start receiving messages ...[EOL]
[2026-09-22T07:26:39.1228477Z][MNT][I][Messaging.RabbitMQ.RabbitMQClient.MNT.Scheduling][1]Start receiving messages ...[EOL]
[2026-09-22T07:26:39.1243919Z][MNT][I][Messaging.RabbitMQ.RabbitMQClient.MNT.Settings][1]Start receiving messages ...[EOL]
[2026-09-22T07:26:39.1257541Z][MNT][I][Messaging.RabbitMQ.RabbitMQClient.MNT.Counters][1]Start receiving messages ...[EOL]
[2026-09-22T07:26:39.1525943Z][MNT][I][Scheduling.MaintenanceAction.ScheduledMaintenanceAction.SampleTransferHeadTeachAndTightnessCheck][1]Maintenance action updated. ActionId: 'SampleTransferHeadTeachAndTightnessCheck',  State: 'LastSuccessfulExecution: '2026-09-22 07:26:39.133+00:00', IsSetOverdueBySystem: 'False''[EOL]
[2026-09-22T07:26:39.1553656Z][MNT][I][Scheduling.MaintenanceAction.ScheduledMaintenanceAction.SampleTransferHeadTeachAndTightnessCheck][1]Maintenance action initialized. ActionId: 'SampleTransferHeadTeachAndTightnessCheck', State: 'LastSuccessfulExecution: '2026-09-22 07:26:39.133+00:00', IsSetOverdueBySystem: 'False'', SchedulingState: 'Upcoming'[EOL]
[2026-09-22T07:26:39.1595888Z][MNT][I][Scheduling.MaintenanceAction.ScheduledMaintenanceAction.SampleTransferHeadTeachAndTightnessCheck][1]Publishing event 'MaintenanceActionScheduleChanged' with args ActionId: 'SampleTransferHeadTeachAndTightnessCheck', SchedulingState: 'Upcoming', NextOverdue: '<null>', TraceContext: '<null>' ...[EOL]
[2026-09-22T07:26:39.2113378Z][MNT][I][Scheduling.MaintenanceAction.OnDemandMaintenanceAction.TransferModuleTeach][1]Maintenance action updated. ActionId: 'TransferModuleTeach',  State: 'LastSuccessfulExecution: '2026-09-22 07:26:39.190+00:00', OverdueBySystem: 'False''[EOL]
[2026-09-22T07:26:39.2121922Z][MNT][I][Scheduling.MaintenanceAction.OnDemandMaintenanceAction.TransferModuleTeach][1]Maintenance action initialized. ActionId: 'TransferModuleTeach', State: 'LastSuccessfulExecution: '2026-09-22 07:26:39.190+00:00', OverdueBySystem: 'False'', SchedulingState: 'OnDemand'[EOL]
[2026-09-22T07:26:39.2125137Z][MNT][I][Scheduling.MaintenanceAction.OnDemandMaintenanceAction.TransferModuleTeach][1]Publishing event 'MaintenanceActionScheduleChanged' with args ActionId: 'TransferModuleTeach', SchedulingState: 'OnDemand', NextOverdue: '<null>', TraceContext: '<null>' ...[EOL]
[2026-09-22T07:26:39.2172752Z][MNT][I][Scheduling.MaintenanceAction.OnDemandMaintenanceAction.ProcessingModuleATeach][1]Maintenance action updated. ActionId: 'ProcessingModuleATeach',  State: 'LastSuccessfulExecution: '2026-09-22 07:26:39.212+00:00', OverdueBySystem: 'False''[EOL]
[2026-09-22T07:26:39.2297420Z][MNT][I][Scheduling.MaintenanceAction.OnDemandMaintenanceAction.ProcessingModuleATeach][1]Maintenance action initialized. ActionId: 'ProcessingModuleATeach', State: 'LastSuccessfulExecution: '2026-09-22 07:26:39.212+00:00', OverdueBySystem: 'False'', SchedulingState: 'OnDemand'[EOL]
[2026-09-22T07:26:39.2304086Z][MNT][I][Scheduling.MaintenanceAction.OnDemandMaintenanceAction.ProcessingModuleATeach][1]Publishing event 'MaintenanceActionScheduleChanged' with args ActionId: 'ProcessingModuleATeach', SchedulingState: 'OnDemand', NextOverdue: '<null>', TraceContext: '<null>' ...[EOL]
[2026-09-22T07:26:39.2356415Z][MNT][I][Scheduling.MaintenanceAction.OnDemandMaintenanceAction.AnalyticModuleTeach][1]Maintenance action updated. ActionId: 'AnalyticModuleTeach',  State: 'LastSuccessfulExecution: '2026-09-22 07:26:39.231+00:00', OverdueBySystem: 'False''[EOL]
[2026-09-22T07:26:39.2378095Z][MNT][I][Scheduling.MaintenanceAction.OnDemandMaintenanceAction.AnalyticModuleTeach][1]Maintenance action initialized. ActionId: 'AnalyticModuleTeach', State: 'LastSuccessfulExecution: '2026-09-22 07:26:39.231+00:00', OverdueBySystem: 'False'', SchedulingState: 'OnDemand'[EOL]
[2026-09-22T07:26:39.2379177Z][MNT][I][Scheduling.MaintenanceAction.OnDemandMaintenanceAction.AnalyticModuleTeach][1]Publishing event 'MaintenanceActionScheduleChanged' with args ActionId: 'AnalyticModuleTeach', SchedulingState: 'OnDemand', NextOverdue: '<null>', TraceContext: '<null>' ...[EOL]
[2026-09-22T07:26:39.2417494Z][MNT][I][Scheduling.MaintenanceAction.OnDemandMaintenanceAction.ConsumableLoadingAreaTeach][1]Maintenance action updated. ActionId: 'ConsumableLoadingAreaTeach',  State: 'LastSuccessfulExecution: '2026-09-22 07:26:39.238+00:00', OverdueBySystem: 'False''[EOL]
[2026-09-22T07:26:39.2419812Z][MNT][I][Scheduling.MaintenanceAction.OnDemandMaintenanceAction.ConsumableLoadingAreaTeach][1]Maintenance action initialized. ActionId: 'ConsumableLoadingAreaTeach', State: 'LastSuccessfulExecution: '2026-09-22 07:26:39.238+00:00', OverdueBySystem: 'False'', SchedulingState: 'OnDemand'[EOL]
[2026-09-22T07:26:39.2420630Z][MNT][I][Scheduling.MaintenanceAction.OnDemandMaintenanceAction.ConsumableLoadingAreaTeach][1]Publishing event 'MaintenanceActionScheduleChanged' with args ActionId: 'ConsumableLoadingAreaTeach', SchedulingState: 'OnDemand', NextOverdue: '<null>', TraceContext: '<null>' ...[EOL]
[2026-09-22T07:26:39.2432589Z][MNT][I][Scheduling.MaintenanceAction.ScheduledMaintenanceAction.CleanInstrument][1]Maintenance action updated. ActionId: 'CleanInstrument',  State: 'LastSuccessfulExecution: '2026-09-22 07:26:39.242+00:00', IsSetOverdueBySystem: 'False''[EOL]
[2026-09-22T07:26:39.2433821Z][MNT][I][Scheduling.MaintenanceAction.ScheduledMaintenanceAction.CleanInstrument][1]Maintenance action initialized. ActionId: 'CleanInstrument', State: 'LastSuccessfulExecution: '2026-09-22 07:26:39.242+00:00', IsSetOverdueBySystem: 'False'', SchedulingState: 'Upcoming'[EOL]
[2026-09-22T07:26:39.2434348Z][MNT][I][Scheduling.MaintenanceAction.ScheduledMaintenanceAction.CleanInstrument][1]Publishing event 'MaintenanceActionScheduleChanged' with args ActionId: 'CleanInstrument', SchedulingState: 'Upcoming', NextOverdue: '<null>', TraceContext: '<null>' ...[EOL]
[2026-09-22T07:26:39.2439522Z][MNT][I][Scheduling.MessageHandler][11]Handling event 'MaintenanceActionScheduleChanged' with args ActionId: 'SampleTransferHeadTeachAndTightnessCheck', SchedulingState: 'Upcoming', NextOverdue: '<null>', TraceContext: '<null>' ...[EOL]
[2026-09-22T07:26:39.2439680Z][MNT][I][Scheduling.MaintenanceAction.OnDemandMaintenanceAction.TransferModuleCleanup][1]Maintenance action updated. ActionId: 'TransferModuleCleanup',  State: 'LastSuccessfulExecution: '2026-09-22 07:26:39.243+00:00', OverdueBySystem: 'False''[EOL]
[2026-09-22T07:26:39.2441251Z][MNT][I][Scheduling.MaintenanceAction.OnDemandMaintenanceAction.TransferModuleCleanup][1]Maintenance action initialized. ActionId: 'TransferModuleCleanup', State: 'LastSuccessfulExecution: '2026-09-22 07:26:39.243+00:00', OverdueBySystem: 'False'', SchedulingState: 'OnDemand'[EOL]
[2026-09-22T07:26:39.2441757Z][MNT][I][Scheduling.MaintenanceAction.OnDemandMaintenanceAction.TransferModuleCleanup][1]Publishing event 'MaintenanceActionScheduleChanged' with args ActionId: 'TransferModuleCleanup', SchedulingState: 'OnDemand', NextOverdue: '<null>', TraceContext: '<null>' ...[EOL]
[2026-09-22T07:26:39.2447873Z][MNT][I][Scheduling.MaintenanceAction.OnDemandMaintenanceAction.ProcessingModuleACleanup][1]Maintenance action updated. ActionId: 'ProcessingModuleACleanup',  State: 'LastSuccessfulExecution: '2026-09-22 07:26:39.244+00:00', OverdueBySystem: 'False''[EOL]
[2026-09-22T07:26:39.2452836Z][MNT][I][Scheduling.MaintenanceAction.OnDemandMaintenanceAction.ProcessingModuleACleanup][1]Maintenance action initialized. ActionId: 'ProcessingModuleACleanup', State: 'LastSuccessfulExecution: '2026-09-22 07:26:39.244+00:00', OverdueBySystem: 'False'', SchedulingState: 'OnDemand'[EOL]
[2026-09-22T07:26:39.2462688Z][MNT][I][Scheduling.MaintenanceAction.OnDemandMaintenanceAction.ProcessingModuleACleanup][1]Publishing event 'MaintenanceActionScheduleChanged' with args ActionId: 'ProcessingModuleACleanup', SchedulingState: 'OnDemand', NextOverdue: '<null>', TraceContext: '<null>' ...[EOL]
[2026-09-22T07:26:39.2476726Z][MNT][I][Scheduling.MaintenanceAction.OnDemandMaintenanceAction.AnalyticModuleCleanup][1]Maintenance action updated. ActionId: 'AnalyticModuleCleanup',  State: 'LastSuccessfulExecution: '2026-09-22 07:26:39.246+00:00', OverdueBySystem: 'False''[EOL]
[2026-09-22T07:26:39.2478213Z][MNT][I][Scheduling.MaintenanceAction.OnDemandMaintenanceAction.AnalyticModuleCleanup][1]Maintenance action initialized. ActionId: 'AnalyticModuleCleanup', State: 'LastSuccessfulExecution: '2026-09-22 07:26:39.246+00:00', OverdueBySystem: 'False'', SchedulingState: 'OnDemand'[EOL]
[2026-09-22T07:26:39.2478761Z][MNT][I][Scheduling.MaintenanceAction.OnDemandMaintenanceAction.AnalyticModuleCleanup][1]Publishing event 'MaintenanceActionScheduleChanged' with args ActionId: 'AnalyticModuleCleanup', SchedulingState: 'OnDemand', NextOverdue: '<null>', TraceContext: '<null>' ...[EOL]
[2026-09-22T07:26:39.2511476Z][MNT][I][Scheduling.MaintenanceAction.OnDemandMaintenanceAction.SampleTransferCollisionDetectedCleanup][1]Maintenance action updated. ActionId: 'SampleTransferCollisionDetectedCleanup',  State: 'LastSuccessfulExecution: '2026-09-22 07:26:39.250+00:00', OverdueBySystem: 'False''[EOL]
[2026-09-22T07:26:39.2515315Z][MNT][I][Scheduling.MaintenanceAction.OnDemandMaintenanceAction.SampleTransferCollisionDetectedCleanup][1]Maintenance action initialized. ActionId: 'SampleTransferCollisionDetectedCleanup', State: 'LastSuccessfulExecution: '2026-09-22 07:26:39.250+00:00', OverdueBySystem: 'False'', SchedulingState: 'OnDemand'[EOL]
[2026-09-22T07:26:39.2516622Z][MNT][I][Scheduling.MaintenanceAction.OnDemandMaintenanceAction.SampleTransferCollisionDetectedCleanup][1]Publishing event 'MaintenanceActionScheduleChanged' with args ActionId: 'SampleTransferCollisionDetectedCleanup', SchedulingState: 'OnDemand', NextOverdue: '<null>', TraceContext: '<null>' ...[EOL]
[2026-09-22T07:26:39.2529846Z][MNT][I][UnitLifecycle.UnitLifecycleStateMachine][1]Publishing event 'UnitStateChanged' with args OldState: 'StartingUp', NewState: 'StartedUp', TraceContext: '<null>' ...[EOL]
[2026-09-22T07:26:39.2539814Z][MNT][I][Launcher.MaintenanceBootstrapper][1]Unit 'Maintenance' successfully started[EOL]
[2026-09-22T07:26:39.2600689Z][MNT][I][Scheduling.SchedulingService][11]Publishing event 'MaintenanceStateChanged' with args TransferModuleMaintenanceState: 'Optional', ProcessingModulesMaintenanceState: ''ProcessingModuleId: 'A', State: 'Optional''', AnalyticModuleMaintenanceState: 'Optional', TraceContext: '<null>' ...[EOL]
[2026-09-22T07:26:39.3037082Z][MNT][I][Scheduling.MessageHandler][11]Handling event 'MaintenanceActionScheduleChanged' with args ActionId: 'TransferModuleTeach', SchedulingState: 'OnDemand', NextOverdue: '<null>', TraceContext: '<null>' ...[EOL]
[2026-09-22T07:26:39.3117470Z][MNT][I][Scheduling.MessageHandler][11]Handling event 'MaintenanceActionScheduleChanged' with args ActionId: 'ProcessingModuleATeach', SchedulingState: 'OnDemand', NextOverdue: '<null>', TraceContext: '<null>' ...[EOL]
[2026-09-22T07:26:39.3122986Z][MNT][I][Scheduling.MessageHandler][11]Handling event 'MaintenanceActionScheduleChanged' with args ActionId: 'AnalyticModuleTeach', SchedulingState: 'OnDemand', NextOverdue: '<null>', TraceContext: '<null>' ...[EOL]
[2026-09-22T07:26:39.3126687Z][MNT][I][Scheduling.MessageHandler][11]Handling event 'MaintenanceActionScheduleChanged' with args ActionId: 'ConsumableLoadingAreaTeach', SchedulingState: 'OnDemand', NextOverdue: '<null>', TraceContext: '<null>' ...[EOL]
[2026-09-22T07:26:39.3129279Z][MNT][I][Scheduling.MessageHandler][11]Handling event 'MaintenanceActionScheduleChanged' with args ActionId: 'CleanInstrument', SchedulingState: 'Upcoming', NextOverdue: '<null>', TraceContext: '<null>' ...[EOL]
[2026-09-22T07:26:39.3133432Z][MNT][I][Scheduling.MessageHandler][11]Handling event 'MaintenanceActionScheduleChanged' with args ActionId: 'TransferModuleCleanup', SchedulingState: 'OnDemand', NextOverdue: '<null>', TraceContext: '<null>' ...[EOL]
[2026-09-22T07:26:39.3134870Z][MNT][I][Scheduling.MessageHandler][11]Handling event 'MaintenanceActionScheduleChanged' with args ActionId: 'ProcessingModuleACleanup', SchedulingState: 'OnDemand', NextOverdue: '<null>', TraceContext: '<null>' ...[EOL]
[2026-09-22T07:26:39.3135907Z][MNT][I][Scheduling.MessageHandler][11]Handling event 'MaintenanceActionScheduleChanged' with args ActionId: 'AnalyticModuleCleanup', SchedulingState: 'OnDemand', NextOverdue: '<null>', TraceContext: '<null>' ...[EOL]
[2026-09-22T07:26:39.3136923Z][MNT][I][Scheduling.MessageHandler][11]Handling event 'MaintenanceActionScheduleChanged' with args ActionId: 'SampleTransferCollisionDetectedCleanup', SchedulingState: 'OnDemand', NextOverdue: '<null>', TraceContext: '<null>' ...[EOL]
[2026-09-22T08:28:34.0185739Z][MNT][I][Launcher.MaintenanceBootstrapper][1]Bootstrapping unit 'Maintenance' with version '1.0.0+1344780.b1972b218f93412217eb0d515e0209a5fa894289' ...[EOL]
[2026-09-22T08:28:34.1896886Z][MNT][I][Launcher.MaintenanceBootstrapper][1]Local time zone: (UTC+00:00) GMT[EOL]
[2026-09-22T08:28:34.1900194Z][MNT][I][Launcher.MaintenanceBootstrapper][1]Configuring unit 'Maintenance' ...[EOL]
[2026-09-22T08:28:36.2535586Z][MNT][I][Launcher.MaintenanceBootstrapper][1]Starting unit 'Maintenance' ...[EOL]
[2026-09-22T08:28:36.3398121Z][MNT][I][Messaging.RabbitMQ.RabbitMQClient.MNT][1]Initializing Messagebus ...[EOL]
[2026-09-22T08:29:24.0016099Z][MNT][I][Messaging.RabbitMQ.RabbitMQClient.MNT][1]Connected successfully to 'amqp://rabbitmq-server:5672'[EOL]
[2026-09-22T08:29:25.3266231Z][MNT][I][UnitLifecycle.UnitLifecycleStateMachine][1]Publishing event 'UnitStateChanged' with args OldState: 'PoweredOff', NewState: 'StartingUp', TraceContext: '<null>' ...[EOL]
[2026-09-22T08:30:19.6798962Z][MNT][I][PerformanceMonitoring.PerformanceCounterListener][1]Configured instance with 'Enabled: 'True', IntervalSeconds: '30', Counters: '<empty>''[EOL]
[2026-09-22T08:30:20.5518152Z][MNT][I][PerformanceMonitoring.PerformanceCounterListener][1]Starting up instance ...[EOL]
[2026-09-22T08:30:20.5764107Z][MNT][I][PerformanceMonitoring.PerformanceCounterListener][1]Enabling counters of 'System.Runtime' ...[EOL]
[2026-09-22T08:30:22.0587856Z][MNT][I][Execution.Steps.InstrumentAbstraction.StateTracking.AggregateStateTracker.AmplificationPlateDrawerStateTracker][1]Executing 'Startup' on 'AmplificationPlateDrawerStateTracker' ...[EOL]
[2026-09-22T08:30:22.1398144Z][MNT][I][Execution.Steps.InstrumentAbstraction.StateTracking.AggregateStateTracker.AmplificationPlateDrawerStateTracker][1]Executing 'Startup' on 'AmplificationPlateDrawerStateTracker' finished[EOL]
[2026-09-22T08:30:22.6083376Z][MNT][I][Execution.Steps.InstrumentAbstraction.StateTracking.AggregateStateTracker.AmplificationPlateDrawerStateTracker][1]Executing 'Startup' on 'AmplificationPlateMagazineStateTracker' ...[EOL]
[2026-09-22T08:30:22.6102501Z][MNT][I][Execution.Steps.InstrumentAbstraction.StateTracking.AggregateStateTracker.AmplificationPlateDrawerStateTracker][1]Executing 'Startup' on 'AmplificationPlateMagazineStateTracker' finished[EOL]
[2026-09-22T08:30:22.6205651Z][MNT][I][Execution.Steps.InstrumentAbstraction.StateTracking.AggregateStateTracker.ConsumableParkStateTracker][1]Executing 'Startup' on 'ConsumableParkStateTracker' ...[EOL]
[2026-09-22T08:30:22.6235623Z][MNT][I][Execution.Steps.InstrumentAbstraction.StateTracking.AggregateStateTracker.ConsumableParkStateTracker][1]Executing 'Startup' on 'ConsumableParkStateTracker' finished[EOL]
[2026-09-22T08:30:23.8383983Z][MNT][I][Execution.Steps.InstrumentAbstraction.StateTracking.AggregateStateTracker.LiquidWasteStationStateTracker][1]Executing 'Startup' on 'LiquidWasteStationStateTracker' ...[EOL]
[2026-09-22T08:30:23.8408319Z][MNT][I][Execution.Steps.InstrumentAbstraction.StateTracking.AggregateStateTracker.LiquidWasteStationStateTracker][1]Executing 'Startup' on 'LiquidWasteStationStateTracker' finished[EOL]
[2026-09-22T08:30:24.2911700Z][MNT][I][Execution.Steps.InstrumentAbstraction.StateTracking.AggregateStateTracker.MgpCassetteMagazineStateTracker][1]Executing 'Startup' on 'MgpCassetteMagazineStateTracker' ...[EOL]
[2026-09-22T08:30:24.2934243Z][MNT][I][Execution.Steps.InstrumentAbstraction.StateTracking.AggregateStateTracker.MgpCassetteMagazineStateTracker][1]Executing 'Startup' on 'MgpCassetteMagazineStateTracker' finished[EOL]
[2026-09-22T08:30:24.8145902Z][MNT][I][Execution.Steps.InstrumentAbstraction.StateTracking.AggregateStateTracker.ProcessingPlateMagazineStateTracker][1]Executing 'Startup' on 'ProcessingPlateMagazineStateTracker' ...[EOL]
[2026-09-22T08:30:24.8160370Z][MNT][I][Execution.Steps.InstrumentAbstraction.StateTracking.AggregateStateTracker.ProcessingPlateMagazineStateTracker][1]Executing 'Startup' on 'ProcessingPlateMagazineStateTracker' finished[EOL]
[2026-09-22T08:30:24.8172573Z][MNT][I][Execution.Steps.InstrumentAbstraction.StateTracking.AggregateStateTracker.SafetyInterlockStateTracker][1]Executing 'Startup' on 'ReagentStorageHandlerStateTracker' ...[EOL]
[2026-09-22T08:30:24.8201147Z][MNT][I][Execution.Steps.InstrumentAbstraction.StateTracking.AggregateStateTracker.SafetyInterlockStateTracker][1]Executing 'Startup' on 'ReagentStorageHandlerStateTracker' finished[EOL]
[2026-09-22T08:30:25.2254751Z][MNT][I][Execution.Steps.InstrumentAbstraction.StateTracking.AggregateStateTracker.SafetyInterlockStateTracker][1]Executing 'Startup' on 'SafetyInterlockStateTracker' ...[EOL]
[2026-09-22T08:30:25.2335545Z][MNT][I][Execution.Steps.InstrumentAbstraction.StateTracking.AggregateStateTracker.SafetyInterlockStateTracker][1]Executing 'Startup' on 'SafetyInterlockStateTracker' finished[EOL]
[2026-09-22T08:30:25.4648733Z][MNT][I][Execution.Steps.InstrumentAbstraction.StateTracking.AggregateStateTracker.TipRackMagazineStateTracker][1]Executing 'Startup' on 'TipRackMagazineStateTracker' ...[EOL]
[2026-09-22T08:30:25.4682872Z][MNT][I][Execution.Steps.InstrumentAbstraction.StateTracking.AggregateStateTracker.TipRackMagazineStateTracker][1]Executing 'Startup' on 'TipRackMagazineStateTracker' finished[EOL]
[2026-09-22T08:30:25.8279628Z][MNT][I][Execution.Steps.InstrumentAbstraction.StateTracking.AggregateStateTracker.WasteStationStateTracker][1]Executing 'Startup' on 'WasteStationStateTracker' ...[EOL]
[2026-09-22T08:30:25.8321206Z][MNT][I][Execution.Steps.InstrumentAbstraction.StateTracking.AggregateStateTracker.WasteStationStateTracker][1]Executing 'Startup' on 'WasteStationStateTracker' finished[EOL]
[2026-09-22T08:30:25.8336979Z][MNT][I][Execution.Steps.InstrumentAbstraction.StateTracking.AggregateStateTracker.FluidSystemHandlerStateTracker][1]Executing 'Startup' on 'FluidSystemHandlerStateTracker' ...[EOL]
[2026-09-22T08:30:25.8348667Z][MNT][I][Execution.Steps.InstrumentAbstraction.StateTracking.AggregateStateTracker.FluidSystemHandlerStateTracker][1]Executing 'Startup' on 'FluidSystemHandlerStateTracker' finished[EOL]
[2026-09-22T08:30:25.8773009Z][MNT][I][Execution.Steps.InstrumentAbstraction.StateTracking.StateTracker.AmplificationPlatesMagazineTracker][1]Executing 'Startup' on 'AmplificationPlatesMagazineTracker' ...[EOL]
[2026-09-22T08:30:25.8920990Z][MNT][I][Execution.Steps.InstrumentAbstraction.StateTracking.StateTracker.AmplificationPlatesMagazineTracker][1]Executing 'Startup' on 'AmplificationPlatesMagazineTracker' finished[EOL]
[2026-09-22T08:30:25.9029189Z][MNT][I][Execution.Steps.InstrumentAbstraction.StateTracking.StateTracker.AnalyticModuleDrawerStateTracker][1]Executing 'Startup' on 'AnalyticModuleDrawerStateTracker' ...[EOL]
[2026-09-22T08:30:25.9066953Z][MNT][I][Execution.Steps.InstrumentAbstraction.StateTracking.StateTracker.AnalyticModuleDrawerStateTracker][1]Executing 'Startup' on 'AnalyticModuleDrawerStateTracker' finished[EOL]
[2026-09-22T08:30:25.9113097Z][MNT][I][Execution.Steps.InstrumentAbstraction.StateTracking.StateTracker.DoorStateTracker][1]Executing 'Startup' on 'DoorStateTracker' ...[EOL]
[2026-09-22T08:30:25.9128578Z][MNT][I][Execution.Steps.InstrumentAbstraction.StateTracking.StateTracker.DoorStateTracker][1]Executing 'Startup' on 'DoorStateTracker' finished[EOL]
[2026-09-22T08:30:25.9142533Z][MNT][I][Execution.Steps.InstrumentAbstraction.StateTracking.StateTracker.HardwareMovementsTracker][1]Executing 'Startup' on 'HardwareMovementsTracker' ...[EOL]
[2026-09-22T08:30:25.9160638Z][MNT][I][Execution.Steps.InstrumentAbstraction.StateTracking.StateTracker.HardwareMovementsTracker][1]Executing 'Startup' on 'HardwareMovementsTracker' finished[EOL]
[2026-09-22T08:30:26.3162083Z][MNT][I][Execution.Steps.Instrument.ProcessingModule.ProcessingModuleTeach.StateTracker.LiquidWasteCapacityTracker][1]Executing 'Startup' on 'LiquidWasteCapacityTracker' ...[EOL]
[2026-09-22T08:30:26.3179842Z][MNT][I][Execution.Steps.Instrument.ProcessingModule.ProcessingModuleTeach.StateTracker.LiquidWasteCapacityTracker][1]Executing 'Startup' on 'LiquidWasteCapacityTracker' finished[EOL]
[2026-09-22T08:30:26.3219510Z][MNT][I][Execution.Steps.InstrumentAbstraction.StateTracking.StateTracker.LockStateTracker][1]Executing 'Startup' on 'LockStateTracker' ...[EOL]
[2026-09-22T08:30:26.3238508Z][MNT][I][Execution.Steps.InstrumentAbstraction.StateTracking.StateTracker.LockStateTracker][1]Executing 'Startup' on 'LockStateTracker' finished[EOL]
[2026-09-22T08:30:26.3275549Z][MNT][I][Execution.Steps.InstrumentAbstraction.StateTracking.StateTracker.MgpCassetteMagazineTracker][1]Executing 'Startup' on 'MgpCassetteMagazineTracker' ...[EOL]
[2026-09-22T08:30:26.3283528Z][MNT][I][Execution.Steps.InstrumentAbstraction.StateTracking.StateTracker.MgpCassetteMagazineTracker][1]Executing 'Startup' on 'MgpCassetteMagazineTracker' finished[EOL]
[2026-09-22T08:30:26.3299463Z][MNT][I][Execution.Steps.InstrumentAbstraction.StateTracking.StateTracker.MovablePlatformStateTracker][1]Executing 'Startup' on 'MovablePlatformStateTracker' ...[EOL]
[2026-09-22T08:30:26.3346542Z][MNT][I][Execution.Steps.InstrumentAbstraction.StateTracking.StateTracker.MovablePlatformStateTracker][1]Executing 'Startup' on 'MovablePlatformStateTracker' finished[EOL]
[2026-09-22T08:30:26.3377935Z][MNT][I][Execution.Steps.InstrumentAbstraction.StateTracking.StateTracker.ProcessingPlateMagazineTracker][1]Executing 'Startup' on 'ProcessingPlateMagazineTracker' ...[EOL]
[2026-09-22T08:30:26.3390701Z][MNT][I][Execution.Steps.InstrumentAbstraction.StateTracking.StateTracker.ProcessingPlateMagazineTracker][1]Executing 'Startup' on 'ProcessingPlateMagazineTracker' finished[EOL]
[2026-09-22T08:30:26.3401515Z][MNT][I][Execution.Steps.InstrumentAbstraction.StateTracking.StateTracker.ReagentStorageElevatorTracker][1]Executing 'Startup' on 'ReagentStorageElevatorTracker' ...[EOL]
[2026-09-22T08:30:26.3412872Z][MNT][I][Execution.Steps.InstrumentAbstraction.StateTracking.StateTracker.ReagentStorageElevatorTracker][1]Executing 'Startup' on 'ReagentStorageElevatorTracker' finished[EOL]
[2026-09-22T08:30:26.3428029Z][MNT][I][Execution.Steps.InstrumentAbstraction.StateTracking.StateTracker.TeachToolParkPositionTracker][1]Executing 'Startup' on 'TeachToolParkPositionTracker' ...[EOL]
[2026-09-22T08:30:26.3542948Z][MNT][I][Execution.Steps.InstrumentAbstraction.StateTracking.StateTracker.TeachToolParkPositionTracker][1]Executing 'Startup' on 'TeachToolParkPositionTracker' finished[EOL]
[2026-09-22T08:30:26.3562731Z][MNT][I][Execution.Steps.InstrumentAbstraction.StateTracking.StateTracker.TeachToolTipRackParkPositionTracker][1]Executing 'Startup' on 'TeachToolTipRackParkPositionTracker' ...[EOL]
[2026-09-22T08:30:26.3571116Z][MNT][I][Execution.Steps.InstrumentAbstraction.StateTracking.StateTracker.TeachToolTipRackParkPositionTracker][1]Executing 'Startup' on 'TeachToolTipRackParkPositionTracker' finished[EOL]
[2026-09-22T08:30:26.3586663Z][MNT][I][Execution.Steps.InstrumentAbstraction.StateTracking.StateTracker.TipRackMagazineTracker][1]Executing 'Startup' on 'TipRackMagazineTracker' ...[EOL]
[2026-09-22T08:30:26.3597395Z][MNT][I][Execution.Steps.InstrumentAbstraction.StateTracking.StateTracker.TipRackMagazineTracker][1]Executing 'Startup' on 'TipRackMagazineTracker' finished[EOL]
[2026-09-22T08:30:26.3612797Z][MNT][I][Execution.Steps.InstrumentAbstraction.StateTracking.StateTracker.UnexpectedCarrierInProcessingModuleTracker][1]Executing 'Startup' on 'UnexpectedCarrierInProcessingModuleTracker' ...[EOL]
[2026-09-22T08:30:26.3636812Z][MNT][I][Execution.Steps.InstrumentAbstraction.StateTracking.StateTracker.UnexpectedCarrierInProcessingModuleTracker][1]Executing 'Startup' on 'UnexpectedCarrierInProcessingModuleTracker' finished[EOL]
[2026-09-22T08:30:26.3660479Z][MNT][I][Execution.Steps.InstrumentAbstraction.StateTracking.StateTracker.UnexpectedCarrierInTransferModuleTracker][1]Executing 'Startup' on 'UnexpectedCarrierInTransferModuleTracker' ...[EOL]
[2026-09-22T08:30:26.3684813Z][MNT][I][Execution.Steps.InstrumentAbstraction.StateTracking.StateTracker.UnexpectedCarrierInTransferModuleTracker][1]Executing 'Startup' on 'UnexpectedCarrierInTransferModuleTracker' finished[EOL]
[2026-09-22T08:30:26.3865668Z][MNT][I][Execution.Steps.Instrument.ProcessingModule.ProcessingModuleTeach.StateTracker.WashReagentReservoirTracker][1]Executing 'Startup' on 'WashReagentReservoirTracker' ...[EOL]
[2026-09-22T08:30:26.3890381Z][MNT][I][Execution.Steps.Instrument.ProcessingModule.ProcessingModuleTeach.StateTracker.WashReagentReservoirTracker][1]Executing 'Startup' on 'WashReagentReservoirTracker' finished[EOL]
[2026-09-22T08:30:26.3984696Z][MNT][I][Execution.Steps.Instrument.ProcessingModule.ProcessingModuleTeach.StateTracker.WashReagentTracker][1]Executing 'Startup' on 'WashReagentTracker' ...[EOL]
[2026-09-22T08:30:26.4008313Z][MNT][I][Execution.Steps.Instrument.ProcessingModule.ProcessingModuleTeach.StateTracker.WashReagentTracker][1]Executing 'Startup' on 'WashReagentTracker' finished[EOL]
[2026-09-22T08:30:26.4058026Z][MNT][I][Messaging.RabbitMQ.RabbitMQClient.MNT.Execution][1]Start receiving messages ...[EOL]
[2026-09-22T08:30:26.7500591Z][MNT][I][Messaging.RabbitMQ.RabbitMQClient.MNT.Scheduling][1]Start receiving messages ...[EOL]
[2026-09-22T08:30:26.7628467Z][MNT][I][Messaging.RabbitMQ.RabbitMQClient.MNT.Settings][1]Start receiving messages ...[EOL]
[2026-09-22T08:30:26.7789682Z][MNT][I][Messaging.RabbitMQ.RabbitMQClient.MNT.Counters][1]Start receiving messages ...[EOL]
[2026-09-22T08:30:27.1929559Z][MNT][I][Scheduling.MaintenanceAction.ScheduledMaintenanceAction.SampleTransferHeadTeachAndTightnessCheck][1]Maintenance action initialized. ActionId: 'SampleTransferHeadTeachAndTightnessCheck', State: 'LastSuccessfulExecution: '2026-09-22 07:26:39.133+00:00', IsSetOverdueBySystem: 'False'', SchedulingState: 'Upcoming'[EOL]
[2026-09-22T08:30:27.2364244Z][MNT][I][Scheduling.MaintenanceAction.ScheduledMaintenanceAction.SampleTransferHeadTeachAndTightnessCheck][1]Publishing event 'MaintenanceActionScheduleChanged' with args ActionId: 'SampleTransferHeadTeachAndTightnessCheck', SchedulingState: 'Upcoming', NextOverdue: '<null>', TraceContext: '<null>' ...[EOL]
[2026-09-22T08:30:27.4268296Z][MNT][I][Scheduling.MaintenanceAction.OnDemandMaintenanceAction.TransferModuleTeach][1]Maintenance action initialized. ActionId: 'TransferModuleTeach', State: 'LastSuccessfulExecution: '2026-09-22 07:26:39.190+00:00', OverdueBySystem: 'False'', SchedulingState: 'OnDemand'[EOL]
[2026-09-22T08:30:27.4271524Z][MNT][I][Scheduling.MaintenanceAction.OnDemandMaintenanceAction.TransferModuleTeach][1]Publishing event 'MaintenanceActionScheduleChanged' with args ActionId: 'TransferModuleTeach', SchedulingState: 'OnDemand', NextOverdue: '<null>', TraceContext: '<null>' ...[EOL]
[2026-09-22T08:30:27.4317728Z][MNT][I][Scheduling.MaintenanceAction.OnDemandMaintenanceAction.ProcessingModuleATeach][1]Maintenance action initialized. ActionId: 'ProcessingModuleATeach', State: 'LastSuccessfulExecution: '2026-09-22 07:26:39.212+00:00', OverdueBySystem: 'False'', SchedulingState: 'OnDemand'[EOL]
[2026-09-22T08:30:27.4324906Z][MNT][I][Scheduling.MaintenanceAction.OnDemandMaintenanceAction.ProcessingModuleATeach][1]Publishing event 'MaintenanceActionScheduleChanged' with args ActionId: 'ProcessingModuleATeach', SchedulingState: 'OnDemand', NextOverdue: '<null>', TraceContext: '<null>' ...[EOL]
[2026-09-22T08:30:27.4329288Z][MNT][I][Scheduling.MaintenanceAction.OnDemandMaintenanceAction.AnalyticModuleTeach][1]Maintenance action initialized. ActionId: 'AnalyticModuleTeach', State: 'LastSuccessfulExecution: '2026-09-22 07:26:39.231+00:00', OverdueBySystem: 'False'', SchedulingState: 'OnDemand'[EOL]
[2026-09-22T08:30:27.4329550Z][MNT][I][Scheduling.MaintenanceAction.OnDemandMaintenanceAction.AnalyticModuleTeach][1]Publishing event 'MaintenanceActionScheduleChanged' with args ActionId: 'AnalyticModuleTeach', SchedulingState: 'OnDemand', NextOverdue: '<null>', TraceContext: '<null>' ...[EOL]
[2026-09-22T08:30:27.4334496Z][MNT][I][Scheduling.MaintenanceAction.OnDemandMaintenanceAction.ConsumableLoadingAreaTeach][1]Maintenance action initialized. ActionId: 'ConsumableLoadingAreaTeach', State: 'LastSuccessfulExecution: '2026-09-22 07:26:39.238+00:00', OverdueBySystem: 'False'', SchedulingState: 'OnDemand'[EOL]
[2026-09-22T08:30:27.4334875Z][MNT][I][Scheduling.MaintenanceAction.OnDemandMaintenanceAction.ConsumableLoadingAreaTeach][1]Publishing event 'MaintenanceActionScheduleChanged' with args ActionId: 'ConsumableLoadingAreaTeach', SchedulingState: 'OnDemand', NextOverdue: '<null>', TraceContext: '<null>' ...[EOL]
[2026-09-22T08:30:27.4338618Z][MNT][I][Scheduling.MaintenanceAction.ScheduledMaintenanceAction.CleanInstrument][1]Maintenance action initialized. ActionId: 'CleanInstrument', State: 'LastSuccessfulExecution: '2026-09-22 07:26:39.242+00:00', IsSetOverdueBySystem: 'False'', SchedulingState: 'Upcoming'[EOL]
[2026-09-22T08:30:27.4338973Z][MNT][I][Scheduling.MaintenanceAction.ScheduledMaintenanceAction.CleanInstrument][1]Publishing event 'MaintenanceActionScheduleChanged' with args ActionId: 'CleanInstrument', SchedulingState: 'Upcoming', NextOverdue: '<null>', TraceContext: '<null>' ...[EOL]
[2026-09-22T08:30:27.4339469Z][MNT][I][Scheduling.MaintenanceAction.OnDemandMaintenanceAction.TransferModuleCleanup][1]Maintenance action initialized. ActionId: 'TransferModuleCleanup', State: 'LastSuccessfulExecution: '2026-09-22 07:26:39.243+00:00', OverdueBySystem: 'False'', SchedulingState: 'OnDemand'[EOL]
[2026-09-22T08:30:27.4339630Z][MNT][I][Scheduling.MaintenanceAction.OnDemandMaintenanceAction.TransferModuleCleanup][1]Publishing event 'MaintenanceActionScheduleChanged' with args ActionId: 'TransferModuleCleanup', SchedulingState: 'OnDemand', NextOverdue: '<null>', TraceContext: '<null>' ...[EOL]
[2026-09-22T08:30:27.4339968Z][MNT][I][Scheduling.MaintenanceAction.OnDemandMaintenanceAction.ProcessingModuleACleanup][1]Maintenance action initialized. ActionId: 'ProcessingModuleACleanup', State: 'LastSuccessfulExecution: '2026-09-22 07:26:39.244+00:00', OverdueBySystem: 'False'', SchedulingState: 'OnDemand'[EOL]
[2026-09-22T08:30:27.4340120Z][MNT][I][Scheduling.MaintenanceAction.OnDemandMaintenanceAction.ProcessingModuleACleanup][1]Publishing event 'MaintenanceActionScheduleChanged' with args ActionId: 'ProcessingModuleACleanup', SchedulingState: 'OnDemand', NextOverdue: '<null>', TraceContext: '<null>' ...[EOL]
[2026-09-22T08:30:27.4340469Z][MNT][I][Scheduling.MaintenanceAction.OnDemandMaintenanceAction.AnalyticModuleCleanup][1]Maintenance action initialized. ActionId: 'AnalyticModuleCleanup', State: 'LastSuccessfulExecution: '2026-09-22 07:26:39.246+00:00', OverdueBySystem: 'False'', SchedulingState: 'OnDemand'[EOL]
[2026-09-22T08:30:27.4340596Z][MNT][I][Scheduling.MaintenanceAction.OnDemandMaintenanceAction.AnalyticModuleCleanup][1]Publishing event 'MaintenanceActionScheduleChanged' with args ActionId: 'AnalyticModuleCleanup', SchedulingState: 'OnDemand', NextOverdue: '<null>', TraceContext: '<null>' ...[EOL]
[2026-09-22T08:30:27.4341869Z][MNT][I][Scheduling.MaintenanceAction.OnDemandMaintenanceAction.SampleTransferCollisionDetectedCleanup][1]Maintenance action initialized. ActionId: 'SampleTransferCollisionDetectedCleanup', State: 'LastSuccessfulExecution: '2026-09-22 07:26:39.250+00:00', OverdueBySystem: 'False'', SchedulingState: 'OnDemand'[EOL]
[2026-09-22T08:30:27.4342099Z][MNT][I][Scheduling.MaintenanceAction.OnDemandMaintenanceAction.SampleTransferCollisionDetectedCleanup][1]Publishing event 'MaintenanceActionScheduleChanged' with args ActionId: 'SampleTransferCollisionDetectedCleanup', SchedulingState: 'OnDemand', NextOverdue: '<null>', TraceContext: '<null>' ...[EOL]
[2026-09-22T08:30:27.4441521Z][MNT][I][UnitLifecycle.UnitLifecycleStateMachine][1]Publishing event 'UnitStateChanged' with args OldState: 'StartingUp', NewState: 'StartedUp', TraceContext: '<null>' ...[EOL]
[2026-09-22T08:30:27.4493357Z][MNT][I][Launcher.MaintenanceBootstrapper][1]Unit 'Maintenance' successfully started[EOL]
[2026-09-22T08:30:27.9302157Z][MNT][I][Scheduling.MessageHandler][13]Handling event 'MaintenanceActionScheduleChanged' with args ActionId: 'SampleTransferHeadTeachAndTightnessCheck', SchedulingState: 'Upcoming', NextOverdue: '<null>', TraceContext: '<null>' ...[EOL]
[2026-09-22T08:30:28.0287822Z][MNT][I][Scheduling.SchedulingService][13]Publishing event 'MaintenanceStateChanged' with args TransferModuleMaintenanceState: 'Optional', ProcessingModulesMaintenanceState: ''ProcessingModuleId: 'A', State: 'Optional''', AnalyticModuleMaintenanceState: 'Optional', TraceContext: '<null>' ...[EOL]
[2026-09-22T08:30:28.1306680Z][MNT][I][Scheduling.MessageHandler][13]Handling event 'MaintenanceActionScheduleChanged' with args ActionId: 'TransferModuleTeach', SchedulingState: 'OnDemand', NextOverdue: '<null>', TraceContext: '<null>' ...[EOL]
[2026-09-22T08:30:28.1372188Z][MNT][I][Scheduling.MessageHandler][13]Handling event 'MaintenanceActionScheduleChanged' with args ActionId: 'ProcessingModuleATeach', SchedulingState: 'OnDemand', NextOverdue: '<null>', TraceContext: '<null>' ...[EOL]
[2026-09-22T08:30:28.1374686Z][MNT][I][Scheduling.MessageHandler][13]Handling event 'MaintenanceActionScheduleChanged' with args ActionId: 'AnalyticModuleTeach', SchedulingState: 'OnDemand', NextOverdue: '<null>', TraceContext: '<null>' ...[EOL]
[2026-09-22T08:30:28.1375531Z][MNT][I][Scheduling.MessageHandler][13]Handling event 'MaintenanceActionScheduleChanged' with args ActionId: 'ConsumableLoadingAreaTeach', SchedulingState: 'OnDemand', NextOverdue: '<null>', TraceContext: '<null>' ...[EOL]
[2026-09-22T08:30:28.1376142Z][MNT][I][Scheduling.MessageHandler][13]Handling event 'MaintenanceActionScheduleChanged' with args ActionId: 'CleanInstrument', SchedulingState: 'Upcoming', NextOverdue: '<null>', TraceContext: '<null>' ...[EOL]
[2026-09-22T08:30:28.1376483Z][MNT][I][Scheduling.MessageHandler][13]Handling event 'MaintenanceActionScheduleChanged' with args ActionId: 'TransferModuleCleanup', SchedulingState: 'OnDemand', NextOverdue: '<null>', TraceContext: '<null>' ...[EOL]
[2026-09-22T08:30:28.1376792Z][MNT][I][Scheduling.MessageHandler][13]Handling event 'MaintenanceActionScheduleChanged' with args ActionId: 'ProcessingModuleACleanup', SchedulingState: 'OnDemand', NextOverdue: '<null>', TraceContext: '<null>' ...[EOL]
[2026-09-22T08:30:28.1377061Z][MNT][I][Scheduling.MessageHandler][13]Handling event 'MaintenanceActionScheduleChanged' with args ActionId: 'AnalyticModuleCleanup', SchedulingState: 'OnDemand', NextOverdue: '<null>', TraceContext: '<null>' ...[EOL]
[2026-09-22T08:30:28.1377380Z][MNT][I][Scheduling.MessageHandler][13]Handling event 'MaintenanceActionScheduleChanged' with args ActionId: 'SampleTransferCollisionDetectedCleanup', SchedulingState: 'OnDemand', NextOverdue: '<null>', TraceContext: '<null>' ...[EOL]
[2026-09-22T08:30:33.7415053Z][MNT][I][Scheduling.MessageHandler][11]Handling event 'InstrumentStateChanged' with args OldState: 'PoweredOff', NewState: 'StartingUp', TraceContext: '00-819380aeb3d0d060e0455e221ce4a92c-894abe7a711e0278-01' ...[EOL]
[2026-09-22T08:30:33.9506908Z][MNT][I][Scheduling.MessageHandler][11]Handling event 'EnterMaintenanceDisallowed' with args TraceContext: '<null>' ...[EOL]
[2026-09-22T08:30:34.1748828Z][MNT][I][Scheduling.MessageHandler][11]Handling event 'InstrumentThroughputChanged' with args Throughput: 'None', TraceContext: '<null>' ...[EOL]
[2026-09-22T08:30:34.2614213Z][MNT][I][Scheduling.StateService][11]Won't transition to Maintenance state, TransitionIsRequested: 'False', CanEnterMaintenance: 'False'[EOL]
[2026-09-22T08:30:43.3186297Z][MNT][I][Execution.Steps.InstrumentAbstraction.StateTracking.AggregateStateTracker.ConsumableParkStateTracker][6]Handling event 'ConsumableParkStateChanged' with args OldState: 'NotReady', NewState: 'Busy', TraceContext: '00-c686f2976dc24d1fb5fe68203773cca6-84c8ac7a73ca3ebe-01' on stream ...[EOL]
[2026-09-22T08:30:46.4214921Z][MNT][I][Execution.Steps.InstrumentAbstraction.StateTracking.AggregateStateTracker.ConsumableParkStateTracker][6]Handling event 'ConsumableParkStateChanged' with args OldState: 'Busy', NewState: 'NotReady', TraceContext: '00-95bd2f3c2a56167f6f566beeb797a922-a2c772314cd752c2-01' on stream ...[EOL]
[2026-09-22T08:30:54.1194195Z][MNT][I][Scheduling.MessageHandler][11]Handling event 'InstrumentStateChanged' with args OldState: 'StartingUp', NewState: 'Initializing', TraceContext: '00-dd82d13ed26ec30b58a7827c44aa343a-014e6ef3e222c3c6-01' ...[EOL]
[2026-09-22T08:30:55.3128306Z][MNT][I][Scheduling.MessageHandler][6]Handling event 'RunStartsResumed' with args TraceContext: '<null>' ...[EOL]
[2026-09-22T08:30:55.3160617Z][MNT][I][Execution.Steps.InstrumentAbstraction.StateTracking.AggregateStateTracker.SafetyInterlockStateTracker][4]Handling event 'SafetyInterlockStateChanged' with args OldState: 'NotReady', NewState: 'Initializing', TraceContext: '00-e0a11a4e0143fb0bf821828b479eb84c-a12b0da5a3395285-01' on stream ...[EOL]
[2026-09-22T08:30:55.3649214Z][MNT][I][UnitLifecycle.UnitLifecycleProcessManager][13]Initialization of the unit 'Maintenance' with activity id '00-dd82d13ed26ec30b58a7827c44aa343a-8dda52e36a150c27-01' started[EOL]
[2026-09-22T08:30:55.3651609Z][MNT][I][UnitLifecycle.UnitLifecycleStateMachine][13]Publishing event 'UnitStateChanged' with args OldState: 'StartedUp', NewState: 'Initializing', TraceContext: '00-dd82d13ed26ec30b58a7827c44aa343a-8dda52e36a150c27-01' ...[EOL]
[2026-09-22T08:30:55.5216035Z][MNT][I][Scheduling.ActionCatalogService][13]Publishing event 'MaintenanceActionCatalogUpdated' with args Actions: ''Id: 'SampleTransferHeadTeachAndTightnessCheck', Steps: ''Id: 'PrepareMaintenanceAction', Type: 'Automatic'', 'Id: 'TeachSampleTransferHead', Type: 'Automatic'', 'Id: 'SampleTransferTightnessCheck', Type: 'Automatic'', 'Id: 'PrepareRegularOperations', Type: 'Automatic''', Duration: 'Unit: 'S', Amount: '600''', 'Id: 'TransferModuleTeach', Steps: ''Id: 'PrepareMaintenanceAction', Type: 'Automatic'', 'Id: 'TeachRackHandler', Type: 'Automatic'', 'Id: 'TeachTransferModuleHandler', Type: 'Automatic'', 'Id: 'TeachSampleTransferHead', Type: 'Automatic'', 'Id: 'PrepareRegularOperations', Type: 'Automatic''', Duration: 'Unit: 'S', Amount: '600''', 'Id: 'ProcessingModuleATeach', Steps: ''Id: 'PrepareMaintenanceAction', Type: 'Automatic'', 'Id: 'TeachInterimReagentStorage', Type: 'Automatic'', 'Id: 'TeachProcessingModuleHandler', Type: 'Automatic'', 'Id: 'TeachReagentTransferHead', Type: 'Automatic'', 'Id: 'MoveTeachToolToProcessingModule', Type: 'Automatic'', 'Id: 'TeachProcessingTransferHead', Type: 'Automatic'', 'Id: 'PrepareRegularOperations', Type: 'Automatic''', Duration: 'Unit: 'S', Amount: '900''', 'Id: 'AnalyticModuleTeach', Steps: ''Id: 'PrepareMaintenanceActionAndCloseAmplificationPlateWasteDrawer', Type: 'Automatic'', 'Id: 'TeachAnalyticModule', Type: 'Automatic'', 'Id: 'PrepareRegularOperations', Type: 'Automatic''', Duration: 'Unit: 'S', Amount: '540''', 'Id: 'ConsumableLoadingAreaTeach', Steps: ''Id: 'PrepareMaintenanceAction', Type: 'Automatic'', 'Id: 'TeachMainHandler', Type: 'Automatic'', 'Id: 'TeachReagentStorage', Type: 'Automatic'', 'Id: 'PrepareRegularOperations', Type: 'Automatic''', Duration: 'Unit: 'S', Amount: '900''', 'Id: 'CleanInstrument', Steps: ''Id: 'PrepareMaintenanceAction', Type: 'Automatic'', 'Id: 'CleanTransferAndProcessingModuleDrawers', Type: 'ManualWithConfirmation'', 'Id: 'CleanLysisAndDiluentDrawers', Type: 'ManualWithConfirmation'', 'Id: 'CleanWashAndWasteDrawers', Type: 'ManualWithConfirmation'', 'Id: 'CleanAmplificationPlateWasteDrawers', Type: 'ManualWithConfirmation'', 'Id: 'CleanTransferAndProcessingModulesFromRear', Type: 'ManualWithConfirmation'', 'Id: 'CleanTubeRotator', Type: 'ManualWithConfirmationButOptional'', 'Id: 'CleanSampleSupplyModule', Type: 'ManualWithConfirmation'', 'Id: 'OpenFrontCovers', Type: 'ManualWithConfirmation'', 'Id: 'CleanTransferAndProcessingModulesFromFront', Type: 'ManualWithConfirmation'', 'Id: 'CloseFrontCovers', Type: 'Manual'', 'Id: 'CleanCoversAndDoors', Type: 'ManualWithConfirmationButOptional'', 'Id: 'CloseAllCoversAndDoors', Type: 'Manual'', 'Id: 'PrepareRegularOperations', Type: 'Automatic''', Duration: 'Unit: 'S', Amount: '60''', 'Id: 'TransferModuleCleanup', Steps: ''Id: 'PrepareMaintenanceAction', Type: 'Automatic'', 'Id: 'OpenFrontCover', Type: 'ManualWithConfirmation'', 'Id: 'CleanupTransferModuleFromFront', Type: 'ManualWithConfirmation'', 'Id: 'CloseFrontCover', Type: 'Automatic'', 'Id: 'CleanupTransferModuleFromRear', Type: 'ManualWithConfirmation'', 'Id: 'CleanupSampleSupplyModule', Type: 'ManualWithConfirmationButOptional'', 'Id: 'CloseAllCoversAndDoors', Type: 'Manual'', 'Id: 'PrepareRegularOperations', Type: 'Automatic''', Duration: 'Unit: 'S', Amount: '600''', 'Id: 'ProcessingModuleACleanup', Steps: ''Id: 'PrepareMaintenanceAction', Type: 'Automatic'', 'Id: 'CleanupProcessingModuleFromRear', Type: 'ManualWithConfirmation'', 'Id: 'OpenFrontCover', Type: 'ManualWithConfirmation'', 'Id: 'CleanupProcessingModuleFromFront', Type: 'ManualWithConfirmation'', 'Id: 'CloseFrontCover', Type: 'Automatic'', 'Id: 'CloseAllCoversAndDoors', Type: 'Manual'', 'Id: 'PrepareRegularOperations', Type: 'Automatic''', Duration: 'Unit: 'S', Amount: '900''', 'Id: 'AnalyticModuleCleanup', Steps: ''Id: 'PrepareMaintenanceAction', Type: 'Automatic'', 'Id: 'CleanupAmplificationPlates', Type: 'ManualWithConfirmation'', 'Id: 'CloseAnalyticModuleFrontDoor', Type: 'Manual'', 'Id: 'CloseAllCoversAndDoors', Type: 'Manual'', 'Id: 'PrepareRegularOperations', Type: 'Automatic''', Duration: 'Unit: 'S', Amount: '540''', 'Id: 'SampleTransferCollisionDetectedCleanup', Steps: ''Id: 'PrepareMaintenanceAction', Type: 'Automatic'', 'Id: 'OpenFrontCover', Type: 'ManualWithConfirmation'', 'Id: 'PushDownCollidedSampleTubeBack', Type: 'ManualWithConfirmation'', 'Id: 'CloseFrontCover', Type: 'Automatic'', 'Id: 'CloseAllCoversAndDoors', Type: 'Manual'', 'Id: 'PrepareForCleanupActionTransferModule', Type: 'Automatic''', Duration: 'Unit: 'S', Amount: '600'''', TraceContext: '<null>' ...[EOL]
[2026-09-22T08:30:57.0207725Z][MNT][I][Execution.Steps.InstrumentAbstraction.StateTracking.StateTracker.LockStateTracker][4]Handling event 'LockStateChanged' with args LockId: 'TransferModuleFront', OldState: 'Unknown', NewState: 'Locked', TraceContext: '00-b2f6fda9aed3be5855103a54f67f4f96-907c1a0c488435ce-01' on stream ...[EOL]
[2026-09-22T08:30:57.0880743Z][MNT][I][Execution.Steps.InstrumentAbstraction.StateTracking.StateTracker.DoorStateTracker][4]Handling event 'DoorStateChanged' with args DoorId: 'TransferModuleFront', OldState: 'Unknown', NewState: 'Closed', TraceContext: '00-ffb5a8b28ba10afd07a75199ed507944-c38cf32848ae7b9c-01' on stream ...[EOL]
[2026-09-22T08:30:57.1133444Z][MNT][I][Execution.Steps.InstrumentAbstraction.StateTracking.StateTracker.LockStateTracker][4]Handling event 'LockStateChanged' with args LockId: 'TransferModuleBack', OldState: 'Unknown', NewState: 'Locked', TraceContext: '00-aaf21b4f2bd70444003cbcfb2d839d68-1f1884444524c900-01' on stream ...[EOL]
[2026-09-22T08:30:57.1141249Z][MNT][I][Execution.Steps.InstrumentAbstraction.StateTracking.StateTracker.DoorStateTracker][4]Handling event 'DoorStateChanged' with args DoorId: 'TransferModuleBack', OldState: 'Unknown', NewState: 'Closed', TraceContext: '00-319daead15b31a6e9a1db0a64072b089-7e11b769322fbe7d-01' on stream ...[EOL]
[2026-09-22T08:30:57.1143870Z][MNT][I][Execution.Steps.InstrumentAbstraction.StateTracking.StateTracker.DoorStateTracker][4]Handling event 'DoorStateChanged' with args DoorId: 'ReagentStorage', OldState: 'Unknown', NewState: 'Closed', TraceContext: '00-f0da71942f9d28c5219807c249ffbc9c-f734eafcef1c6cb0-01' on stream ...[EOL]
[2026-09-22T08:30:57.1145472Z][MNT][I][Execution.Steps.InstrumentAbstraction.StateTracking.StateTracker.LockStateTracker][4]Handling event 'LockStateChanged' with args LockId: 'ProcessingModuleFrontA', OldState: 'Unknown', NewState: 'Locked', TraceContext: '00-1162b204e65472530231678a470aadb5-d0eab7a95af44f8b-01' on stream ...[EOL]
[2026-09-22T08:30:57.1149829Z][MNT][I][Execution.Steps.InstrumentAbstraction.StateTracking.StateTracker.DoorStateTracker][4]Handling event 'DoorStateChanged' with args DoorId: 'ProcessingModuleFrontA', OldState: 'Unknown', NewState: 'Closed', TraceContext: '00-24514bf08192540573b4955e61cb0f74-0eef550c5c633edf-01' on stream ...[EOL]
[2026-09-22T08:30:57.1151608Z][MNT][I][Execution.Steps.InstrumentAbstraction.StateTracking.StateTracker.LockStateTracker][4]Handling event 'LockStateChanged' with args LockId: 'ProcessingModuleBackA', OldState: 'Unknown', NewState: 'Locked', TraceContext: '00-623f71262e337ce92a417dcb57bd4dc6-bc90a19a3411e3ad-01' on stream ...[EOL]
[2026-09-22T08:30:57.1152655Z][MNT][I][Execution.Steps.InstrumentAbstraction.StateTracking.StateTracker.DoorStateTracker][4]Handling event 'DoorStateChanged' with args DoorId: 'ProcessingModuleBackA', OldState: 'Unknown', NewState: 'Closed', TraceContext: '00-d0597fd97b3862572b083c6d0986c63f-0e95a57a2c69da71-01' on stream ...[EOL]
[2026-09-22T08:30:57.1153543Z][MNT][I][Execution.Steps.InstrumentAbstraction.StateTracking.StateTracker.DoorStateTracker][4]Handling event 'DoorStateChanged' with args DoorId: 'ProcessingModuleDrawerA', OldState: 'Unknown', NewState: 'Closed', TraceContext: '00-1c76414593560cf0fec3b1af07d5142a-568f432d371d892a-01' on stream ...[EOL]
[2026-09-22T08:30:57.1154376Z][MNT][I][Execution.Steps.InstrumentAbstraction.StateTracking.StateTracker.LockStateTracker][4]Handling event 'LockStateChanged' with args LockId: 'AnalyticModuleLeft', OldState: 'Unknown', NewState: 'Locked', TraceContext: '00-d175be116b74eec667d119793b85172c-faf8b4a76341ab6c-01' on stream ...[EOL]
[2026-09-22T08:30:57.1155254Z][MNT][I][Execution.Steps.InstrumentAbstraction.StateTracking.StateTracker.DoorStateTracker][4]Handling event 'DoorStateChanged' with args DoorId: 'AnalyticModuleLeft', OldState: 'Unknown', NewState: 'Closed', TraceContext: '00-c37a4815f9af519ee4ec0bf877fcf5bd-60a3467c8fe7a117-01' on stream ...[EOL]
[2026-09-22T08:30:57.5249167Z][MNT][I][Settings.SettingsService][13]Publishing event 'MaintenanceSettingsLimitsUpdated' with args ActionSettingsLimits: ''CleanInstrument':'MaximalFrequencyInWeeks: '1', MaximalGracePeriodInDays: '2'', 'SampleTransferHeadTeachAndTightnessCheck':'MaximalFrequencyInWeeks: '1', MaximalGracePeriodInDays: '2''', TraceContext: '<null>' ...[EOL]
[2026-09-22T08:30:57.6713957Z][MNT][I][Settings.SettingsService][13]Publishing event 'MaintenanceSettingsUpdated' with args Settings: 'MaintenanceWindow: 'StartTime: '06:00:00', EndTime: '17:00:00'', ActionSettings: ''SampleTransferHeadTeachAndTightnessCheck':'FrequencyInWeeks: '1', Days: 'Monday', GracePeriodInDays: '2'', 'CleanInstrument':'FrequencyInWeeks: '1', Days: 'Monday', GracePeriodInDays: '2'''', UpdateTrigger: 'AtStartup', TraceContext: '<null>' ...[EOL]
[2026-09-22T08:30:57.7684544Z][MNT][I][Counters.Service][13]Publishing event 'PreventiveMaintenanceStateChanged' with args TransferModuleMaintenanceState: 'Optional', ProcessingModulesMaintenanceState: ''ProcessingModuleId: 'A', State: 'Optional''', AnalyticModuleMaintenanceState: 'Optional', TraceContext: '<null>' ...[EOL]
[2026-09-22T08:30:57.7969169Z][MNT][I][Counter.EventCounter][13]Publishing event 'CounterInitialized' with args Id: 'AnalyticModuleAUnit2', DueValue: '<null>', OverdueValue: '<null>', ExtensionAmount: '<null>', TraceContext: '<null>' ...[EOL]
[2026-09-22T08:30:57.8093462Z][MNT][I][Counter.EventCounter][13]Publishing event 'CounterValueChanged' with args Id: 'AnalyticModuleAUnit2', Value: '0', Unit: 'AnalyticModuleRuns', TraceContext: '<null>' ...[EOL]
[2026-09-22T08:30:57.8290633Z][MNT][I][Counter.EventCounter][13]Publishing event 'CounterResetStateChanged' with args Id: 'AnalyticModuleAUnit2', LastResetOn: '<null>', TraceContext: '<null>' ...[EOL]
[2026-09-22T08:30:57.8478534Z][MNT][I][Counter.EventCounter][13]Publishing event 'CounterInitialized' with args Id: 'ProcessingModuleAMicroGearPumpA', DueValue: '<null>', OverdueValue: '<null>', ExtensionAmount: '<null>', TraceContext: '<null>' ...[EOL]
[2026-09-22T08:30:57.8492700Z][MNT][I][Counter.EventCounter][13]Publishing event 'CounterValueChanged' with args Id: 'ProcessingModuleAMicroGearPumpA', Value: '0', Unit: 'SamplePreparations', TraceContext: '<null>' ...[EOL]
[2026-09-22T08:30:57.8498881Z][MNT][I][Counter.EventCounter][13]Publishing event 'CounterResetStateChanged' with args Id: 'ProcessingModuleAMicroGearPumpA', LastResetOn: '<null>', TraceContext: '<null>' ...[EOL]
[2026-09-22T08:30:57.8502895Z][MNT][I][Counter.EventCounter][13]Publishing event 'CounterInitialized' with args Id: 'ProcessingModuleAMicroGearPumpB', DueValue: '<null>', OverdueValue: '<null>', ExtensionAmount: '<null>', TraceContext: '<null>' ...[EOL]
[2026-09-22T08:30:57.8587813Z][MNT][I][Counter.EventCounter][13]Publishing event 'CounterValueChanged' with args Id: 'ProcessingModuleAMicroGearPumpB', Value: '0', Unit: 'SamplePreparations', TraceContext: '<null>' ...[EOL]
[2026-09-22T08:30:57.8590573Z][MNT][I][Counter.EventCounter][13]Publishing event 'CounterResetStateChanged' with args Id: 'ProcessingModuleAMicroGearPumpB', LastResetOn: '<null>', TraceContext: '<null>' ...[EOL]
[2026-09-22T08:30:57.8591564Z][MNT][I][Counter.EventCounter][13]Publishing event 'CounterInitialized' with args Id: 'ProcessingModuleAMicroGearPumpC', DueValue: '<null>', OverdueValue: '<null>', ExtensionAmount: '<null>', TraceContext: '<null>' ...[EOL]
[2026-09-22T08:30:57.8591937Z][MNT][I][Counter.EventCounter][13]Publishing event 'CounterValueChanged' with args Id: 'ProcessingModuleAMicroGearPumpC', Value: '0', Unit: 'SamplePreparations', TraceContext: '<null>' ...[EOL]
[2026-09-22T08:30:57.8592526Z][MNT][I][Counter.EventCounter][13]Publishing event 'CounterResetStateChanged' with args Id: 'ProcessingModuleAMicroGearPumpC', LastResetOn: '<null>', TraceContext: '<null>' ...[EOL]
[2026-09-22T08:30:57.8597304Z][MNT][I][Counter.EventCounter][13]Publishing event 'CounterInitialized' with args Id: 'ProcessingModuleAMicroGearPumpD', DueValue: '<null>', OverdueValue: '<null>', ExtensionAmount: '<null>', TraceContext: '<null>' ...[EOL]
[2026-09-22T08:30:57.8598429Z][MNT][I][Counter.EventCounter][13]Publishing event 'CounterValueChanged' with args Id: 'ProcessingModuleAMicroGearPumpD', Value: '0', Unit: 'SamplePreparations', TraceContext: '<null>' ...[EOL]
[2026-09-22T08:30:57.8598739Z][MNT][I][Counter.EventCounter][13]Publishing event 'CounterResetStateChanged' with args Id: 'ProcessingModuleAMicroGearPumpD', LastResetOn: '<null>', TraceContext: '<null>' ...[EOL]
[2026-09-22T08:30:57.8599179Z][MNT][I][Counter.EventCounter][13]Publishing event 'CounterInitialized' with args Id: 'ProcessingModuleAMicroGearPumpE', DueValue: '<null>', OverdueValue: '<null>', ExtensionAmount: '<null>', TraceContext: '<null>' ...[EOL]
[2026-09-22T08:30:57.8599396Z][MNT][I][Counter.EventCounter][13]Publishing event 'CounterValueChanged' with args Id: 'ProcessingModuleAMicroGearPumpE', Value: '0', Unit: 'SamplePreparations', TraceContext: '<null>' ...[EOL]
[2026-09-22T08:30:57.8599859Z][MNT][I][Counter.EventCounter][13]Publishing event 'CounterResetStateChanged' with args Id: 'ProcessingModuleAMicroGearPumpE', LastResetOn: '<null>', TraceContext: '<null>' ...[EOL]
[2026-09-22T08:30:57.8600924Z][MNT][I][Counter.EventCounter][13]Publishing event 'CounterInitialized' with args Id: 'ProcessingModuleAMicroGearPumpF', DueValue: '<null>', OverdueValue: '<null>', ExtensionAmount: '<null>', TraceContext: '<null>' ...[EOL]
[2026-09-22T08:30:57.8601427Z][MNT][I][Counter.EventCounter][13]Publishing event 'CounterValueChanged' with args Id: 'ProcessingModuleAMicroGearPumpF', Value: '0', Unit: 'SamplePreparations', TraceContext: '<null>' ...[EOL]
[2026-09-22T08:30:57.8602131Z][MNT][I][Counter.EventCounter][13]Publishing event 'CounterResetStateChanged' with args Id: 'ProcessingModuleAMicroGearPumpF', LastResetOn: '<null>', TraceContext: '<null>' ...[EOL]
[2026-09-22T08:30:57.8602456Z][MNT][I][Counter.EventCounter][13]Publishing event 'CounterInitialized' with args Id: 'ProcessingModuleAMicroGearPumpG', DueValue: '<null>', OverdueValue: '<null>', ExtensionAmount: '<null>', TraceContext: '<null>' ...[EOL]
[2026-09-22T08:30:57.8602906Z][MNT][I][Counter.EventCounter][13]Publishing event 'CounterValueChanged' with args Id: 'ProcessingModuleAMicroGearPumpG', Value: '0', Unit: 'SamplePreparations', TraceContext: '<null>' ...[EOL]
[2026-09-22T08:30:57.8606501Z][MNT][I][Scheduling.MessageHandler][14]Handling event 'MaintenanceSettingsUpdated' with args Settings: 'MaintenanceWindow: 'StartTime: '06:00:00', EndTime: '17:00:00'', ActionSettings: ''SampleTransferHeadTeachAndTightnessCheck':'FrequencyInWeeks: '1', Days: 'Monday', GracePeriodInDays: '2'', 'CleanInstrument':'FrequencyInWeeks: '1', Days: 'Monday', GracePeriodInDays: '2'''', UpdateTrigger: 'AtStartup', TraceContext: '<null>' ...[EOL]
[2026-09-22T08:30:57.8654065Z][MNT][I][Scheduling.MaintenanceWindowScheduler][14]'MaintenanceWindowScheduler' settings updated to 'MaintenanceSettings { MaintenanceWindow = MaintenanceWindow { StartTime = 06:00:00, EndTime = 17:00:00 }, ActionSettings = System.Collections.Generic.Dictionary`2[System.String,Roche.NewGen.Maintenance.Messages.Operational.Types.ActionSettings] }'[EOL]
[2026-09-22T08:30:57.8666099Z][MNT][I][Counter.EventCounter][13]Publishing event 'CounterResetStateChanged' with args Id: 'ProcessingModuleAMicroGearPumpG', LastResetOn: '<null>', TraceContext: '<null>' ...[EOL]
[2026-09-22T08:30:57.8694734Z][MNT][I][Counter.EventCounter][13]Publishing event 'CounterInitialized' with args Id: 'ProcessingModuleAMicroGearPumpH', DueValue: '<null>', OverdueValue: '<null>', ExtensionAmount: '<null>', TraceContext: '<null>' ...[EOL]
[2026-09-22T08:30:57.8729523Z][MNT][I][Counter.EventCounter][13]Publishing event 'CounterValueChanged' with args Id: 'ProcessingModuleAMicroGearPumpH', Value: '0', Unit: 'SamplePreparations', TraceContext: '<null>' ...[EOL]
[2026-09-22T08:30:57.8737449Z][MNT][I][Counter.EventCounter][13]Publishing event 'CounterResetStateChanged' with args Id: 'ProcessingModuleAMicroGearPumpH', LastResetOn: '<null>', TraceContext: '<null>' ...[EOL]
[2026-09-22T08:30:57.8743779Z][MNT][I][Counter.EventCounter][13]Publishing event 'CounterInitialized' with args Id: 'InstrumentPreventiveMaintenancePackage', DueValue: '600', OverdueValue: '672', ExtensionAmount: '100', TraceContext: '<null>' ...[EOL]
[2026-09-22T08:30:57.8746855Z][MNT][I][Scheduling.MaintenanceWindowScheduler][14]Starting periodic timer with configured waiting time '00:01:00'[EOL]
[2026-09-22T08:30:57.8761127Z][MNT][I][Counter.EventCounter][13]Publishing event 'CounterValueChanged' with args Id: 'InstrumentPreventiveMaintenancePackage', Value: '0', Unit: 'InstrumentRuns', TraceContext: '<null>' ...[EOL]
[2026-09-22T08:30:57.8770255Z][MNT][I][Counter.EventCounter][13]Publishing event 'CounterExtensionStateChanged' with args Id: 'InstrumentPreventiveMaintenancePackage', IsExtended: 'False', TraceContext: '<null>' ...[EOL]
[2026-09-22T08:30:57.8772851Z][MNT][I][Scheduling.MaintenanceWindowScheduler][14]Publishing event 'MaintenanceWindowStarted' with args TraceContext: '<null>' ...[EOL]
[2026-09-22T08:30:57.8966469Z][MNT][I][Scheduling.MaintenanceAction.ScheduledMaintenanceAction.SampleTransferHeadTeachAndTightnessCheck][14]Maintenance action updated. ActionId: 'SampleTransferHeadTeachAndTightnessCheck', ActionSettings: '<null>', MaintenanceWindow: '<null>'[EOL]
[2026-09-22T08:30:57.8983683Z][MNT][I][Counter.EventCounter][13]Publishing event 'CounterDueStateChanged' with args Id: 'InstrumentPreventiveMaintenancePackage', DueState: 'NotYetDue', TraceContext: '<null>' ...[EOL]
[2026-09-22T08:30:57.9141162Z][MNT][I][Scheduling.MaintenanceScheduleCalculator][14]Calculating maintenance action schedule with settings 'FrequencyInWeeks: '1', Days: 'Monday', GracePeriodInDays: '2'' for LastSuccessfulExecution: '2026-09-22 07:26:39.133+00:00', DayOfWeek: 'Tuesday'[EOL]
[2026-09-22T08:30:57.9538677Z][MNT][I][Scheduling.MaintenanceScheduleCalculator][14]Calculating maintenance action schedule for next due finished! NextDue: '2026-09-28 06:00:00.000+00:00', DayOfWeek: 'Monday'[EOL]
[2026-09-22T08:30:57.9539770Z][MNT][I][Scheduling.MaintenanceScheduleCalculator][14]Calculating maintenance action schedule for next overdue finished! NextOverdue: '2026-09-30 23:59:59.000+00:00', DayOfWeek: 'Wednesday'[EOL]
[2026-09-22T08:30:57.9553091Z][MNT][I][Scheduling.MaintenanceAction.ScheduledMaintenanceAction.SampleTransferHeadTeachAndTightnessCheck][14]Maintenance schedule changed. ActionId: 'SampleTransferHeadTeachAndTightnessCheck', NextOverdue (old): '', NextOverdue (new): '09/30/2026 23:59:59'.[EOL]
[2026-09-22T08:30:57.9557473Z][MNT][I][Scheduling.MaintenanceAction.ScheduledMaintenanceAction.SampleTransferHeadTeachAndTightnessCheck][14]Publishing event 'MaintenanceActionScheduleChanged' with args ActionId: 'SampleTransferHeadTeachAndTightnessCheck', SchedulingState: 'Upcoming', NextOverdue: '2026-09-30 23:59:59.000+00:00', TraceContext: '<null>' ...[EOL]
[2026-09-22T08:30:57.9691691Z][MNT][I][Scheduling.MaintenanceAction.ScheduledMaintenanceAction.CleanInstrument][14]Maintenance action updated. ActionId: 'CleanInstrument', ActionSettings: '<null>', MaintenanceWindow: '<null>'[EOL]
[2026-09-22T08:30:57.9701403Z][MNT][I][Scheduling.MaintenanceScheduleCalculator][14]Calculating maintenance action schedule with settings 'FrequencyInWeeks: '1', Days: 'Monday', GracePeriodInDays: '2'' for LastSuccessfulExecution: '2026-09-22 07:26:39.242+00:00', DayOfWeek: 'Tuesday'[EOL]
[2026-09-22T08:30:57.9704104Z][MNT][I][Scheduling.MaintenanceScheduleCalculator][14]Calculating maintenance action schedule for next due finished! NextDue: '2026-09-28 06:00:00.000+00:00', DayOfWeek: 'Monday'[EOL]
[2026-09-22T08:30:57.9704435Z][MNT][I][Scheduling.MaintenanceScheduleCalculator][14]Calculating maintenance action schedule for next overdue finished! NextOverdue: '2026-09-30 23:59:59.000+00:00', DayOfWeek: 'Wednesday'[EOL]
[2026-09-22T08:30:57.9704744Z][MNT][I][Scheduling.MaintenanceAction.ScheduledMaintenanceAction.CleanInstrument][14]Maintenance schedule changed. ActionId: 'CleanInstrument', NextOverdue (old): '', NextOverdue (new): '09/30/2026 23:59:59'.[EOL]
[2026-09-22T08:30:57.9704981Z][MNT][I][Scheduling.MaintenanceAction.ScheduledMaintenanceAction.CleanInstrument][14]Publishing event 'MaintenanceActionScheduleChanged' with args ActionId: 'CleanInstrument', SchedulingState: 'Upcoming', NextOverdue: '2026-09-30 23:59:59.000+00:00', TraceContext: '<null>' ...[EOL]
[2026-09-22T08:30:57.9706402Z][MNT][I][Counter.EventCounter][13]Publishing event 'CounterResetStateChanged' with args Id: 'InstrumentPreventiveMaintenancePackage', LastResetOn: '<null>', TraceContext: '<null>' ...[EOL]
[2026-09-22T08:30:57.9714942Z][MNT][I][Counter.EventCounter][13]Publishing event 'CounterInitialized' with args Id: 'FrontProcessingTransferHeadAORingAndStopDiscExchange', DueValue: '2400', OverdueValue: '2700', ExtensionAmount: '<null>', TraceContext: '<null>' ...[EOL]
[2026-09-22T08:30:57.9718143Z][MNT][I][Counter.EventCounter][13]Publishing event 'CounterValueChanged' with args Id: 'FrontProcessingTransferHeadAORingAndStopDiscExchange', Value: '0', Unit: 'ProcessingTransferHeadRuns', TraceContext: '<null>' ...[EOL]
[2026-09-22T08:30:57.9734653Z][MNT][I][Counter.EventCounter][13]Publishing event 'CounterDueStateChanged' with args Id: 'FrontProcessingTransferHeadAORingAndStopDiscExchange', DueState: 'NotYetDue', TraceContext: '<null>' ...[EOL]
[2026-09-22T08:30:57.9768761Z][MNT][I][Counter.EventCounter][13]Publishing event 'CounterResetStateChanged' with args Id: 'FrontProcessingTransferHeadAORingAndStopDiscExchange', LastResetOn: '<null>', TraceContext: '<null>' ...[EOL]
[2026-09-22T08:30:57.9770923Z][MNT][I][Counter.EventCounter][13]Publishing event 'CounterInitialized' with args Id: 'RearProcessingTransferHeadAORingAndStopDiscExchange', DueValue: '2400', OverdueValue: '2700', ExtensionAmount: '<null>', TraceContext: '<null>' ...[EOL]
[2026-09-22T08:30:57.9828254Z][MNT][I][Counter.EventCounter][13]Publishing event 'CounterValueChanged' with args Id: 'RearProcessingTransferHeadAORingAndStopDiscExchange', Value: '0', Unit: 'ProcessingTransferHeadRuns', TraceContext: '<null>' ...[EOL]
[2026-09-22T08:30:57.9864487Z][MNT][I][Counter.EventCounter][13]Publishing event 'CounterDueStateChanged' with args Id: 'RearProcessingTransferHeadAORingAndStopDiscExchange', DueState: 'NotYetDue', TraceContext: '<null>' ...[EOL]
[2026-09-22T08:30:57.9865829Z][MNT][I][Counter.EventCounter][13]Publishing event 'CounterResetStateChanged' with args Id: 'RearProcessingTransferHeadAORingAndStopDiscExchange', LastResetOn: '<null>', TraceContext: '<null>' ...[EOL]
[2026-09-22T08:30:57.9883872Z][MNT][I][Counters.MessageHandler][4]Handling event 'CounterDueStateChanged' with args Id: 'InstrumentPreventiveMaintenancePackage', DueState: 'NotYetDue', TraceContext: '<null>' ...[EOL]
[2026-09-22T08:30:57.9899188Z][MNT][I][Counters.MessageHandler][4]Handling event 'CounterDueStateChanged' with args Id: 'FrontProcessingTransferHeadAORingAndStopDiscExchange', DueState: 'NotYetDue', TraceContext: '<null>' ...[EOL]
[2026-09-22T08:30:57.9903897Z][MNT][I][Counters.MessageHandler][4]Handling event 'CounterDueStateChanged' with args Id: 'RearProcessingTransferHeadAORingAndStopDiscExchange', DueState: 'NotYetDue', TraceContext: '<null>' ...[EOL]
[2026-09-22T08:30:57.9913563Z][MNT][I][Scheduling.MessageHandler][14]Handling event 'MaintenanceWindowStarted' with args TraceContext: '<null>' ...[EOL]
[2026-09-22T08:30:57.9934402Z][MNT][I][Counter.EventCounter][13]Publishing event 'CounterInitialized' with args Id: 'AnalyticModuleAUnit1', DueValue: '<null>', OverdueValue: '<null>', ExtensionAmount: '<null>', TraceContext: '<null>' ...[EOL]
[2026-09-22T08:30:57.9960249Z][MNT][I][Counter.EventCounter][13]Publishing event 'CounterValueChanged' with args Id: 'AnalyticModuleAUnit1', Value: '0', Unit: 'AnalyticModuleRuns', TraceContext: '<null>' ...[EOL]
[2026-09-22T08:30:57.9965997Z][MNT][I][Scheduling.MaintenanceScheduleCalculator][14]Calculating maintenance action schedule with settings 'FrequencyInWeeks: '1', Days: 'Monday', GracePeriodInDays: '2'' for LastSuccessfulExecution: '2026-09-22 07:26:39.133+00:00', DayOfWeek: 'Tuesday'[EOL]
[2026-09-22T08:30:57.9974722Z][MNT][I][Scheduling.MaintenanceScheduleCalculator][14]Calculating maintenance action schedule for next due finished! NextDue: '2026-09-28 06:00:00.000+00:00', DayOfWeek: 'Monday'[EOL]
[2026-09-22T08:30:57.9976681Z][MNT][I][Scheduling.MaintenanceScheduleCalculator][14]Calculating maintenance action schedule for next overdue finished! NextOverdue: '2026-09-30 23:59:59.000+00:00', DayOfWeek: 'Wednesday'[EOL]
[2026-09-22T08:30:57.9980721Z][MNT][I][Scheduling.MaintenanceScheduleCalculator][14]Calculating maintenance action schedule with settings 'FrequencyInWeeks: '1', Days: 'Monday', GracePeriodInDays: '2'' for LastSuccessfulExecution: '2026-09-22 07:26:39.242+00:00', DayOfWeek: 'Tuesday'[EOL]
[2026-09-22T08:30:57.9982304Z][MNT][I][Scheduling.MaintenanceScheduleCalculator][14]Calculating maintenance action schedule for next due finished! NextDue: '2026-09-28 06:00:00.000+00:00', DayOfWeek: 'Monday'[EOL]
[2026-09-22T08:30:57.9983235Z][MNT][I][Scheduling.MaintenanceScheduleCalculator][14]Calculating maintenance action schedule for next overdue finished! NextOverdue: '2026-09-30 23:59:59.000+00:00', DayOfWeek: 'Wednesday'[EOL]
[2026-09-22T08:30:58.0005643Z][MNT][I][Counter.EventCounter][13]Publishing event 'CounterResetStateChanged' with args Id: 'AnalyticModuleAUnit1', LastResetOn: '<null>', TraceContext: '<null>' ...[EOL]
[2026-09-22T08:30:58.0069492Z][MNT][I][Scheduling.MessageHandler][14]Handling event 'MaintenanceActionScheduleChanged' with args ActionId: 'SampleTransferHeadTeachAndTightnessCheck', SchedulingState: 'Upcoming', NextOverdue: '2026-09-30 23:59:59.000+00:00', TraceContext: '<null>' ...[EOL]
[2026-09-22T08:30:58.0073660Z][MNT][I][Scheduling.MessageHandler][14]Handling event 'MaintenanceActionScheduleChanged' with args ActionId: 'CleanInstrument', SchedulingState: 'Upcoming', NextOverdue: '2026-09-30 23:59:59.000+00:00', TraceContext: '<null>' ...[EOL]
[2026-09-22T08:30:58.0640815Z][MNT][I][UnitLifecycle.UnitLifecycleStateMachine][13]Publishing event 'UnitStateChanged' with args OldState: 'Initializing', NewState: 'Operational', TraceContext: '00-dd82d13ed26ec30b58a7827c44aa343a-8dda52e36a150c27-01' ...[EOL]
[2026-09-22T08:30:58.0655112Z][MNT][I][UnitLifecycle.UnitLifecycleProcessManager][13]Initialization of the unit 'Maintenance' with activity id '00-dd82d13ed26ec30b58a7827c44aa343a-8dda52e36a150c27-01' completed[EOL]
[2026-09-22T08:30:59.1793882Z][MNT][I][Execution.Steps.InstrumentAbstraction.StateTracking.AggregateStateTracker.SafetyInterlockStateTracker][13]Handling event 'SafetyInterlockStateChanged' with args OldState: 'Initializing', NewState: 'Ready', TraceContext: '00-bc37f880e04003a1a9d2180ec07e3c86-8c2b9e506f621d23-01' on stream ...[EOL]
[2026-09-22T08:31:01.6268003Z][MNT][I][Execution.Steps.InstrumentAbstraction.StateTracking.StateTracker.HardwareMovementsTracker][13]Handling event 'HardwareMovementsAllowed' with args IsEnabled: 'True', TraceContext: '00-7f29cc5779731666087e988d0abe72fb-b296aa185f30be7a-01' on stream ...[EOL]
[2026-09-22T08:31:01.7948445Z][MNT][I][Scheduling.TriggerHandlers.AnalyticModuleCleanupActionTriggerHandler][15]Handling event 'AmplificationPlateTransferPositionStateChanged' with args OldState: 'NotReady', NewState: 'Initializing', TraceContext: '00-c61917c4cf00bb783e40dce3e2e9fa18-bc298af9d5a1b366-01' ...[EOL]
[2026-09-22T08:31:02.1202450Z][MNT][I][Scheduling.TriggerHandlers.TransferModuleTeachActionTriggerHandler][15]Handling event 'TransferModuleControlStateChanged' with args OldState: 'NotReady', NewState: 'Initializing', TraceContext: '00-d787abbf795d06326062bd8fd5483769-19b1b458a7da2a19-01' ...[EOL]
[2026-09-22T08:31:02.2830678Z][MNT][I][Scheduling.TriggerHandlers.AnalyticModuleTeachActionTriggerHandler][15]Handling event 'AmplificationPlateHandlerStateChanged' with args OldState: 'NotReady', NewState: 'Initializing', TraceContext: '00-b7f62a1bf905fdc5a9853d9a50e52b68-c0d3f8f51d6ddcca-01' ...[EOL]
[2026-09-22T08:31:02.2867331Z][MNT][I][Scheduling.TriggerHandlers.AnalyticModuleCleanupActionTriggerHandler][15]Handling event 'AmplificationPlateHandlerStateChanged' with args OldState: 'NotReady', NewState: 'Initializing', TraceContext: '00-b7f62a1bf905fdc5a9853d9a50e52b68-c0d3f8f51d6ddcca-01' ...[EOL]
[2026-09-22T08:31:02.3376918Z][MNT][I][Execution.Steps.InstrumentAbstraction.StateTracking.AggregateStateTracker.FluidSystemHandlerStateTracker][13]Handling event 'FluidSystemHandlerStateChanged' with args ModuleId: 'A', TraceContext: '00-762a7538b8d4967e311d3f81ab2551fd-f61c19fdb9644520-01', OldState: 'NotReady', NewState: 'Initializing' on stream ...[EOL]
[2026-09-22T08:31:02.3398469Z][MNT][I][Execution.Steps.InstrumentAbstraction.StateTracking.AggregateStateTracker.ConsumableParkStateTracker][13]Handling event 'ConsumableParkStateChanged' with args OldState: 'NotReady', NewState: 'Initializing', TraceContext: '00-93ca697771af9ce592ad815313067d9d-f942d78390b96132-01' on stream ...[EOL]
[2026-09-22T08:31:02.3754008Z][MNT][I][Scheduling.TriggerHandlers.ProcessingModuleACleanupActionTriggerHandler][15]Handling event 'InterimReagentStorageStateChanged' with args InterimReagentStorageId: 'A', TraceContext: '00-2c542d1799ba1c88c2f7d7cfb709a2c8-75b19a37db45e6d1-01', OldState: 'NotReady', NewState: 'Initializing' ...[EOL]
[2026-09-22T08:31:02.3761258Z][MNT][I][Execution.Steps.InstrumentAbstraction.StateTracking.AggregateStateTracker.AmplificationPlateDrawerStateTracker][13]Handling event 'AmplificationPlateDrawerStateChanged' with args OldState: 'NotReady', NewState: 'Initializing', TraceContext: '00-5c7a9002a615559d700f32bcd0705c8f-a22fd60a85407ad4-01' on stream ...[EOL]
[2026-09-22T08:31:02.4092978Z][MNT][I][Scheduling.TriggerHandlers.TransferModuleCleanupActionTriggerHandler][15]Handling event 'ReagentStorageHandlerStateChanged' with args OldState: 'NotReady', NewState: 'Initializing', TraceContext: '00-8cc0a30cee950b2daebbf04273e2b974-f57ce16b49ef735d-01' ...[EOL]
[2026-09-22T08:31:02.4103079Z][MNT][I][Execution.Steps.InstrumentAbstraction.StateTracking.AggregateStateTracker.SafetyInterlockStateTracker][13]Handling event 'ReagentStorageHandlerStateChanged' with args OldState: 'NotReady', NewState: 'Initializing', TraceContext: '00-8cc0a30cee950b2daebbf04273e2b974-f57ce16b49ef735d-01' on stream ...[EOL]
[2026-09-22T08:31:02.4223480Z][MNT][I][Execution.Steps.InstrumentAbstraction.StateTracking.AggregateStateTracker.LiquidWasteStationStateTracker][13]Handling event 'LiquidWasteStationStateChanged' with args ModuleId: 'A', TraceContext: '00-384bfc924ae2b8195ad24d992e44af79-2a9582c0072db313-01', OldState: 'NotReady', NewState: 'Initializing' on stream ...[EOL]
[2026-09-22T08:31:02.4364204Z][MNT][I][Execution.Steps.InstrumentAbstraction.StateTracking.StateTracker.ReagentStorageElevatorTracker][13]Handling event 'CassettePresenceSensorStateChanged' with args IsPresent: 'False', TraceContext: '00-dd82d13ed26ec30b58a7827c44aa343a-49cd21aa025a1b31-01' on stream ...[EOL]
[2026-09-22T08:31:02.4472187Z][MNT][I][Scheduling.TriggerHandlers.TransferModuleCleanupActionTriggerHandler][15]Handling event 'ParkPositionSensorStateChanged' with args ParkPosition: 'TipRackParkPosition1', IsPresent: 'False', TraceContext: '<null>' ...[EOL]
[2026-09-22T08:31:02.4725103Z][MNT][I][Scheduling.TriggerHandlers.TransferModuleCleanupActionTriggerHandler][15]Handling event 'ParkPositionSensorStateChanged' with args ParkPosition: 'TipRackParkPosition2', IsPresent: 'False', TraceContext: '<null>' ...[EOL]
[2026-09-22T08:31:02.4728420Z][MNT][I][Scheduling.TriggerHandlers.TransferModuleCleanupActionTriggerHandler][15]Handling event 'ParkPositionSensorStateChanged' with args ParkPosition: 'TeachTool', IsPresent: 'False', TraceContext: '<null>' ...[EOL]
[2026-09-22T08:31:02.4730127Z][MNT][I][Scheduling.TriggerHandlers.AnalyticModuleCleanupActionTriggerHandler][15]Handling event 'AmplificationPlateTransferPositionStateChanged' with args OldState: 'Initializing', NewState: 'Ready', TraceContext: '00-0155b8942c82f6711f772a2f59b89dc6-904601b3f7347027-01' ...[EOL]
[2026-09-22T08:31:02.4730673Z][MNT][I][Scheduling.TriggerHandlers.TransferModuleCleanupActionTriggerHandler][15]Handling event 'ParkPositionSensorStateChanged' with args ParkPosition: 'ControlCassetteParkPosition', IsPresent: 'False', TraceContext: '<null>' ...[EOL]
[2026-09-22T08:31:02.4811639Z][MNT][I][Execution.Steps.InstrumentAbstraction.StateTracking.StateTracker.TeachToolParkPositionTracker][15]Handling event 'ParkPositionSensorStateChanged' with args ParkPosition: 'TeachTool', IsPresent: 'False', TraceContext: '<null>' on stream ...[EOL]
[2026-09-22T08:31:02.5126135Z][MNT][I][Scheduling.TriggerHandlers.TransferModuleCleanupActionTriggerHandler][4]Handling event 'ParkPositionSensorStateChanged' with args ParkPosition: 'ProcessingPlateParkPositionA', IsPresent: 'False', TraceContext: '<null>' ...[EOL]
[2026-09-22T08:31:02.5128568Z][MNT][I][Scheduling.TriggerHandlers.TransferModuleCleanupActionTriggerHandler][4]Handling event 'ParkPositionSensorStateChanged' with args ParkPosition: 'ProcessingPlateParkPositionB', IsPresent: 'False', TraceContext: '<null>' ...[EOL]
[2026-09-22T08:31:02.6805935Z][MNT][I][Execution.Steps.InstrumentAbstraction.StateTracking.AggregateStateTracker.SafetyInterlockStateTracker][14]Handling event 'ReagentStorageHandlerStateChanged' with args OldState: 'Initializing', NewState: 'Ready', TraceContext: '00-6a2e103f6c3f82c91fb21b3b8833be2f-f04e01eca0c039ca-01' on stream ...[EOL]
[2026-09-22T08:31:02.8321682Z][MNT][I][Scheduling.TriggerHandlers.TransferModuleCleanupActionTriggerHandler][15]Handling event 'ReagentStorageHandlerStateChanged' with args OldState: 'Initializing', NewState: 'Ready', TraceContext: '00-6a2e103f6c3f82c91fb21b3b8833be2f-f04e01eca0c039ca-01' ...[EOL]
[2026-09-22T08:31:03.0110814Z][MNT][I][Execution.Steps.InstrumentAbstraction.StateTracking.AggregateStateTracker.ConsumableParkStateTracker][15]Handling event 'ConsumableParkStateChanged' with args OldState: 'Initializing', NewState: 'Ready', TraceContext: '00-a9946a600c4ea75c8f09cd5f85ee7e8c-5d6c6a04a39da632-01' on stream ...[EOL]
[2026-09-22T08:31:03.0643637Z][MNT][I][Execution.Steps.InstrumentAbstraction.StateTracking.StateTracker.AnalyticModuleDrawerStateTracker][15]Handling event 'DrawerStateChanged' with args OldState: 'Unknown', NewState: 'ClosedLocked', TraceContext: '00-dd82d13ed26ec30b58a7827c44aa343a-ddb1efac963fcbf4-01' on stream ...[EOL]
[2026-09-22T08:31:03.1378482Z][MNT][I][Scheduling.TriggerHandlers.AnalyticModuleTeachActionTriggerHandler][15]Handling event 'AmplificationPlateHandlerStateChanged' with args OldState: 'Initializing', NewState: 'Ready', TraceContext: '00-8152560d45ca8f08f01d813f6bcc8b99-2bccbe63c12772db-01' ...[EOL]
[2026-09-22T08:31:03.1379293Z][MNT][I][Scheduling.TriggerHandlers.AnalyticModuleCleanupActionTriggerHandler][15]Handling event 'AmplificationPlateHandlerStateChanged' with args OldState: 'Initializing', NewState: 'Ready', TraceContext: '00-8152560d45ca8f08f01d813f6bcc8b99-2bccbe63c12772db-01' ...[EOL]
[2026-09-22T08:31:03.4122477Z][MNT][I][Execution.Steps.InstrumentAbstraction.StateTracking.AggregateStateTracker.AmplificationPlateDrawerStateTracker][4]Handling event 'AmplificationPlateDrawerStateChanged' with args OldState: 'Initializing', NewState: 'Ready', TraceContext: '00-5fad2d04be56341d8c0275007a9f5038-7ac36f0ac8ede8e8-01' on stream ...[EOL]
[2026-09-22T08:31:04.3352175Z][MNT][I][Execution.Steps.Instrument.ProcessingModule.ProcessingModuleTeach.StateTracker.LiquidWasteCapacityTracker][13]Handling event 'LiquidWasteContainerContentUpdated' with args ModuleId: 'A', TraceContext: '00-d26ab759adf0a57f5729824cf1dd8afa-9dc3634c38786167-01', ContainerId: 'LiquidWaste1', State: 'Locked', InitialVolume: 'Unit: 'M3', Amount: '0.0048'', RemainingVolume: 'Unit: 'M3', Amount: '0.0048'', MaxFillLevelReached: 'False' on stream ...[EOL]
[2026-09-22T08:31:04.3736818Z][MNT][I][Execution.Steps.Instrument.ProcessingModule.ProcessingModuleTeach.StateTracker.LiquidWasteCapacityTracker][13]Handling event 'LiquidWasteContainerContentUpdated' with args ModuleId: 'A', TraceContext: '00-39cef70a0a70ae626bf50fa743249e78-a43f2c25b0241f52-01', ContainerId: 'LiquidWaste2', State: 'Locked', InitialVolume: 'Unit: 'M3', Amount: '0.0048'', RemainingVolume: 'Unit: 'M3', Amount: '0.0048'', MaxFillLevelReached: 'False' on stream ...[EOL]
[2026-09-22T08:31:04.5142424Z][MNT][I][Execution.Steps.Instrument.ProcessingModule.ProcessingModuleTeach.StateTracker.LiquidWasteCapacityTracker][15]Handling event 'LiquidWasteContainerContentUpdated' with args ModuleId: 'A', TraceContext: '00-243c396d71851cbaa6d1d7029dda76d4-85a9287896fce910-01', ContainerId: 'LiquidWaste3', State: 'Locked', InitialVolume: 'Unit: 'M3', Amount: '0.0048'', RemainingVolume: 'Unit: 'M3', Amount: '0.0048'', MaxFillLevelReached: 'False' on stream ...[EOL]
[2026-09-22T08:31:04.7235039Z][MNT][I][Execution.Steps.Instrument.ProcessingModule.ProcessingModuleTeach.StateTracker.WashReagentTracker][15]Handling event 'BulkContainerPositionContentUpdated' with args ModuleId: 'A', TraceContext: '00-b2da2b79276fb36ca7aac675c8569618-4a6421aafc72b0d2-01', ContainerId: 'WashReagent1', State: 'PresentLocked', CurrentVolume: '<null>', OpenStabilityExpirationDate: '<null>', RfidStatus: 'NoRfidFound', RfidData: '<null>', MinFillLevelReached: 'False', MinFillLevelAdjusted: 'False', IsDegassed: 'False' on stream ...[EOL]
[2026-09-22T08:31:04.7477142Z][MNT][I][Execution.Steps.Instrument.ProcessingModule.ProcessingModuleTeach.StateTracker.WashReagentTracker][4]Handling event 'BulkContainerPositionContentUpdated' with args ModuleId: 'A', TraceContext: '00-06e03468cb293583f2568d6c672c0505-997ef253f3441600-01', ContainerId: 'WashReagent2', State: 'PresentLocked', CurrentVolume: '<null>', OpenStabilityExpirationDate: '<null>', RfidStatus: 'NoRfidFound', RfidData: '<null>', MinFillLevelReached: 'False', MinFillLevelAdjusted: 'False', IsDegassed: 'False' on stream ...[EOL]
[2026-09-22T08:31:04.7482131Z][MNT][I][Execution.Steps.Instrument.ProcessingModule.ProcessingModuleTeach.StateTracker.WashReagentTracker][4]Handling event 'BulkContainerPositionContentUpdated' with args ModuleId: 'A', TraceContext: '00-566948020902396b869976001af71630-c3067114c238249c-01', ContainerId: 'WashReagent3', State: 'PresentLocked', CurrentVolume: '<null>', OpenStabilityExpirationDate: '<null>', RfidStatus: 'NoRfidFound', RfidData: '<null>', MinFillLevelReached: 'False', MinFillLevelAdjusted: 'False', IsDegassed: 'False' on stream ...[EOL]
[2026-09-22T08:31:04.7847170Z][MNT][I][Scheduling.MessageHandler][15]Handling event 'AssembledRunsChanged' with args AssembledRuns: '<empty>', TraceContext: '<null>' ...[EOL]
[2026-09-22T08:31:04.7848855Z][MNT][I][Scheduling.StateService][15]Won't transition to Maintenance state, TransitionIsRequested: 'False', CanEnterMaintenance: 'False'[EOL]
[2026-09-22T08:31:04.9813046Z][MNT][I][Execution.Steps.Instrument.ProcessingModule.ProcessingModuleTeach.StateTracker.WashReagentReservoirTracker][15]Handling event 'WashReagentReservoirStateChanged' with args ModuleId: 'A', TraceContext: '00-76b8b2b559e71737e79ceafe48934c95-199cbe41e26fea2e-01', AvailableVolume: 'Unit: 'M3', Amount: '0.00085'', MaxFillLevelReached: 'True', MinFillLevelReached: 'False', WashReagentReservoirContent: '<null>' on stream ...[EOL]
[2026-09-22T08:31:05.2554385Z][MNT][I][Execution.Steps.InstrumentAbstraction.StateTracking.AggregateStateTracker.WasteStationStateTracker][15]Handling event 'WasteStationStateChanged' with args ModuleId: 'A', TraceContext: '00-3308cee17fc5ee3cabc28915d0d1aa88-f690122ab63d2d5f-01', OldState: 'NotReady', NewState: 'Initializing' on stream ...[EOL]
[2026-09-22T08:31:05.4998146Z][MNT][I][Execution.Steps.InstrumentAbstraction.StateTracking.AggregateStateTracker.FluidSystemHandlerStateTracker][15]Handling event 'FluidSystemHandlerStateChanged' with args ModuleId: 'A', TraceContext: '00-3e63f5025d8c52affbb5dd6e692e5658-6a90bc75d6a71feb-01', OldState: 'Initializing', NewState: 'Ready' on stream ...[EOL]
[2026-09-22T08:31:05.8651196Z][MNT][I][Execution.Steps.InstrumentAbstraction.StateTracking.AggregateStateTracker.LiquidWasteStationStateTracker][13]Handling event 'LiquidWasteStationStateChanged' with args ModuleId: 'A', TraceContext: '00-bbfa6ff187501e5333ac37e7bce651d4-b2086b7ac35a8fdf-01', OldState: 'Initializing', NewState: 'Ready' on stream ...[EOL]
[2026-09-22T08:31:05.9046196Z][MNT][I][Scheduling.TriggerHandlers.ProcessingModuleACleanupActionTriggerHandler][13]Handling event 'InterimReagentStorageStateChanged' with args InterimReagentStorageId: 'A', TraceContext: '00-5feb29ab056ea600c0f74e1c51ff210b-210bcd8cb002ad9d-01', OldState: 'Initializing', NewState: 'Ready' ...[EOL]
[2026-09-22T08:31:06.0243036Z][MNT][I][Execution.Steps.InstrumentAbstraction.StateTracking.StateTracker.TeachToolTipRackParkPositionTracker][13]Handling event 'TipRackParkPositionPresenceSensorStateChanged' with args ModuleId: 'A', TraceContext: '<null>', PositionId: 'TipRackParkPosition1', IsPresent: 'False' on stream ...[EOL]
[2026-09-22T08:31:06.0400851Z][MNT][I][Execution.Steps.InstrumentAbstraction.StateTracking.StateTracker.TeachToolTipRackParkPositionTracker][13]Handling event 'TipRackParkPositionPresenceSensorStateChanged' with args ModuleId: 'A', TraceContext: '<null>', PositionId: 'TipRackParkPosition2', IsPresent: 'False' on stream ...[EOL]
[2026-09-22T08:31:06.0404343Z][MNT][I][Execution.Steps.InstrumentAbstraction.StateTracking.AggregateStateTracker.WasteStationStateTracker][13]Handling event 'WasteStationStateChanged' with args ModuleId: 'A', TraceContext: '00-468c2cff65c0f8cf795410abb0316744-570672ae0fac5ca3-01', OldState: 'Initializing', NewState: 'Ready' on stream ...[EOL]
[2026-09-22T08:31:06.5935037Z][MNT][I][Execution.Steps.Instrument.ProcessingModule.ProcessingModuleTeach.StateTracker.LiquidWasteCapacityTracker][4]Handling event 'LiquidWasteContainerContentUpdated' with args ModuleId: 'A', TraceContext: '00-b063a55ef0e66d49e0d0b4843a3439bd-4367751cd9a3caa0-01', ContainerId: 'LiquidWaste3', State: 'Unlocked', InitialVolume: 'Unit: 'M3', Amount: '0.0048'', RemainingVolume: 'Unit: 'M3', Amount: '0.0048'', MaxFillLevelReached: 'False' on stream ...[EOL]
[2026-09-22T08:31:06.6179050Z][MNT][I][Scheduling.TriggerHandlers.ProcessingModuleATeachActionTriggerHandler][13]Handling event 'ProcessingModuleHeadsControllerStateChanged' with args ModuleId: 'A', TraceContext: '00-519a0200e2cf5b05bf8fd4fa95d29a28-6b156a27ee18e571-01', OldState: 'NotReady', NewState: 'Initializing' ...[EOL]
[2026-09-22T08:31:06.7312239Z][MNT][I][Execution.Steps.Instrument.ProcessingModule.ProcessingModuleTeach.StateTracker.LiquidWasteCapacityTracker][13]Handling event 'LiquidWasteContainerContentUpdated' with args ModuleId: 'A', TraceContext: '00-0523bcea1dc0686b605fef93ca7709a7-b7d6f5383bc90330-01', ContainerId: 'LiquidWaste2', State: 'Unlocked', InitialVolume: 'Unit: 'M3', Amount: '0.0048'', RemainingVolume: 'Unit: 'M3', Amount: '0.0048'', MaxFillLevelReached: 'False' on stream ...[EOL]
[2026-09-22T08:31:06.7804267Z][MNT][I][Execution.Steps.Instrument.ProcessingModule.ProcessingModuleTeach.StateTracker.LiquidWasteCapacityTracker][4]Handling event 'LiquidWasteContainerContentUpdated' with args ModuleId: 'A', TraceContext: '00-94c8fcad38af466323bb7d093bc1e09f-e5b7f72792c8812c-01', ContainerId: 'LiquidWaste1', State: 'Unlocked', InitialVolume: 'Unit: 'M3', Amount: '0.0048'', RemainingVolume: 'Unit: 'M3', Amount: '0.0048'', MaxFillLevelReached: 'False' on stream ...[EOL]
[2026-09-22T08:31:06.9617963Z][MNT][I][Execution.Steps.Instrument.ProcessingModule.ProcessingModuleTeach.StateTracker.WashReagentTracker][13]Handling event 'BulkContainerPositionContentUpdated' with args ModuleId: 'A', TraceContext: '00-e3ad6c088bf6dd8897d3d739f84775a3-b837c113ae7d5a1c-01', ContainerId: 'WashReagent1', State: 'PresentUnlocked', CurrentVolume: '<null>', OpenStabilityExpirationDate: '<null>', RfidStatus: 'NoRfidFound', RfidData: '<null>', MinFillLevelReached: 'False', MinFillLevelAdjusted: 'False', IsDegassed: 'False' on stream ...[EOL]
[2026-09-22T08:31:07.0444242Z][MNT][I][Execution.Steps.Instrument.ProcessingModule.ProcessingModuleTeach.StateTracker.WashReagentTracker][4]Handling event 'BulkContainerPositionContentUpdated' with args ModuleId: 'A', TraceContext: '00-880434834abaf357c6a821d4f51ef418-cb0d179b540f89a4-01', ContainerId: 'WashReagent2', State: 'PresentUnlocked', CurrentVolume: '<null>', OpenStabilityExpirationDate: '<null>', RfidStatus: 'NoRfidFound', RfidData: '<null>', MinFillLevelReached: 'False', MinFillLevelAdjusted: 'False', IsDegassed: 'False' on stream ...[EOL]
[2026-09-22T08:31:07.0954038Z][MNT][I][Execution.Steps.Instrument.ProcessingModule.ProcessingModuleTeach.StateTracker.WashReagentTracker][4]Handling event 'BulkContainerPositionContentUpdated' with args ModuleId: 'A', TraceContext: '00-d5c94a3e4c2f10504355ac167c5ded56-c8e838d21ff19989-01', ContainerId: 'WashReagent3', State: 'PresentUnlocked', CurrentVolume: '<null>', OpenStabilityExpirationDate: '<null>', RfidStatus: 'NoRfidFound', RfidData: '<null>', MinFillLevelReached: 'False', MinFillLevelAdjusted: 'False', IsDegassed: 'False' on stream ...[EOL]
[2026-09-22T08:31:08.2107175Z][MNT][I][Scheduling.TriggerHandlers.TransferModuleTeachActionTriggerHandler][4]Handling event 'TransferModuleControlStateChanged' with args OldState: 'Initializing', NewState: 'Ready', TraceContext: '00-f5265f38cfd9e2c617cfa8b0248b3a66-4ccec79661baf1af-01' ...[EOL]
[2026-09-22T08:31:08.5773907Z][MNT][I][Execution.Steps.InstrumentAbstraction.StateTracking.AggregateStateTracker.MgpCassetteMagazineStateTracker][13]Handling event 'MgpCassetteMagazineStateChanged' with args MagazineId: 'H', TraceContext: '00-cb46df7e5012f4a0d11031f3d4d13e2b-0ac249dba0b25f25-01', OldState: 'NotReady', NewState: 'Initializing' on stream ...[EOL]
[2026-09-22T08:31:08.8821447Z][MNT][I][Execution.Steps.InstrumentAbstraction.StateTracking.AggregateStateTracker.AmplificationPlateDrawerStateTracker][13]Handling event 'AmplificationPlateMagazineStateChanged' with args MagazineId: 'I', TraceContext: '00-8b5b3da95bdf20d3db81bcdb4abb9b47-2d29635606cc999e-01', OldState: 'NotReady', NewState: 'Initializing' on stream ...[EOL]
[2026-09-22T08:31:08.9532608Z][MNT][I][Execution.Steps.InstrumentAbstraction.StateTracking.AggregateStateTracker.ProcessingPlateMagazineStateTracker][13]Handling event 'ProcessingPlateMagazineStateChanged' with args MagazineId: 'G', TraceContext: '00-614faf3c1c82249944e69608817539f0-d280a6625e24f037-01', OldState: 'NotReady', NewState: 'Initializing' on stream ...[EOL]
[2026-09-22T08:31:09.0077331Z][MNT][I][Execution.Steps.InstrumentAbstraction.StateTracking.AggregateStateTracker.TipRackMagazineStateTracker][13]Handling event 'TipRackMagazineStateChanged' with args MagazineId: 'E', TraceContext: '00-662c47157d259d1f2c2c7903ef0cfa81-7f78534783fdbedb-01', OldState: 'NotReady', NewState: 'Initializing' on stream ...[EOL]
[2026-09-22T08:31:09.0091465Z][MNT][I][Execution.Steps.InstrumentAbstraction.StateTracking.AggregateStateTracker.TipRackMagazineStateTracker][13]Handling event 'TipRackMagazineStateChanged' with args MagazineId: 'D', TraceContext: '00-8f54a091b71507b50f1443c78e20e202-8bce22a297f055f6-01', OldState: 'NotReady', NewState: 'Initializing' on stream ...[EOL]
[2026-09-22T08:31:09.0094025Z][MNT][I][Execution.Steps.InstrumentAbstraction.StateTracking.AggregateStateTracker.AmplificationPlateDrawerStateTracker][13]Handling event 'AmplificationPlateMagazineStateChanged' with args MagazineId: 'J', TraceContext: '00-d3a887348c9879fd5bb5a94125ed6685-c1c90284fde654f2-01', OldState: 'NotReady', NewState: 'Initializing' on stream ...[EOL]
[2026-09-22T08:31:09.0096234Z][MNT][I][Execution.Steps.InstrumentAbstraction.StateTracking.AggregateStateTracker.ProcessingPlateMagazineStateTracker][13]Handling event 'ProcessingPlateMagazineStateChanged' with args MagazineId: 'F', TraceContext: '00-24c560ace9a95067f2dc5cefc77aedfd-444e191f9bcef4b5-01', OldState: 'NotReady', NewState: 'Initializing' on stream ...[EOL]
[2026-09-22T08:31:09.0242005Z][MNT][I][Execution.Steps.InstrumentAbstraction.StateTracking.StateTracker.AmplificationPlatesMagazineTracker][13]Handling event 'AmplificationPlateCassettePresenceSensorStateChanged' with args MagazineId: 'I', TraceContext: '00-dd82d13ed26ec30b58a7827c44aa343a-0b8bcb01aafd7bb2-01', IsPresent: 'False' on stream ...[EOL]
[2026-09-22T08:31:09.0343988Z][MNT][I][Execution.Steps.InstrumentAbstraction.StateTracking.StateTracker.AmplificationPlatesMagazineTracker][13]Handling event 'AmplificationPlateCassettePresenceSensorStateChanged' with args MagazineId: 'J', TraceContext: '00-dd82d13ed26ec30b58a7827c44aa343a-ecc432c769dc78a9-01', IsPresent: 'False' on stream ...[EOL]
[2026-09-22T08:31:09.2607550Z][MNT][I][Execution.Steps.InstrumentAbstraction.StateTracking.StateTracker.MgpCassetteMagazineTracker][13]Handling event 'MgpCassetteMagazineContentChanged' with args MagazineId: 'H', TraceContext: '00-ee3307ab5b6c42ca0c3e028e9c8c1c8d-762b449434a35817-01', StoragePositions: ''IsPresent: 'False', RfidStatus: 'NotRead', MgpCassette: '<null>'', 'IsPresent: 'False', RfidStatus: 'NotRead', MgpCassette: '<null>''' on stream ...[EOL]
[2026-09-22T08:31:09.3095697Z][MNT][I][Execution.Steps.InstrumentAbstraction.StateTracking.AggregateStateTracker.AmplificationPlateDrawerStateTracker][13]Handling event 'AmplificationPlateMagazineStateChanged' with args MagazineId: 'I', TraceContext: '00-f4943b528921a811ca4a81335ee6307c-13707c28aa109302-01', OldState: 'Initializing', NewState: 'Ready' on stream ...[EOL]
[2026-09-22T08:31:09.3104312Z][MNT][I][Execution.Steps.InstrumentAbstraction.StateTracking.AggregateStateTracker.AmplificationPlateDrawerStateTracker][13]Handling event 'AmplificationPlateMagazineStateChanged' with args MagazineId: 'J', TraceContext: '00-52c6a5c85f31e4d00d14071b4527ded5-9e57beeb722e58a2-01', OldState: 'Initializing', NewState: 'Ready' on stream ...[EOL]
[2026-09-22T08:31:09.3106635Z][MNT][I][Execution.Steps.InstrumentAbstraction.StateTracking.AggregateStateTracker.MgpCassetteMagazineStateTracker][13]Handling event 'MgpCassetteMagazineStateChanged' with args MagazineId: 'H', TraceContext: '00-7d9dd54f0117b0f20dc05d8add133d0a-190b874a8eb9adb0-01', OldState: 'Initializing', NewState: 'Ready' on stream ...[EOL]
[2026-09-22T08:31:09.4636893Z][MNT][I][Execution.Steps.InstrumentAbstraction.StateTracking.StateTracker.TipRackMagazineTracker][13]Handling event 'TipRackMagazineContentChanged' with args MagazineId: 'E', TraceContext: '00-dd82d13ed26ec30b58a7827c44aa343a-b6d2b53fe99ccd46-01', StoragePositions: ''IsPresent: 'False', Barcode: '<null>', BarcodeData: '<null>'', 'IsPresent: 'False', Barcode: '<null>', BarcodeData: '<null>'', 'IsPresent: 'False', Barcode: '<null>', BarcodeData: '<null>'', 'IsPresent: 'False', Barcode: '<null>', BarcodeData: '<null>''' on stream ...[EOL]
[2026-09-22T08:31:09.4705152Z][MNT][I][Execution.Steps.InstrumentAbstraction.StateTracking.StateTracker.TipRackMagazineTracker][13]Handling event 'TipRackMagazineContentChanged' with args MagazineId: 'D', TraceContext: '00-dd82d13ed26ec30b58a7827c44aa343a-fda6e0bf3a0dbb97-01', StoragePositions: ''IsPresent: 'False', Barcode: '<null>', BarcodeData: '<null>'', 'IsPresent: 'False', Barcode: '<null>', BarcodeData: '<null>'', 'IsPresent: 'False', Barcode: '<null>', BarcodeData: '<null>'', 'IsPresent: 'False', Barcode: '<null>', BarcodeData: '<null>''' on stream ...[EOL]
[2026-09-22T08:31:09.5224334Z][MNT][I][Execution.Steps.InstrumentAbstraction.StateTracking.StateTracker.ProcessingPlateMagazineTracker][13]Handling event 'ProcessingPlateMagazineContentChanged' with args MagazineId: 'F', TraceContext: '00-dd82d13ed26ec30b58a7827c44aa343a-96ee3daad7ac606b-01', StoragePositions: ''IsPresent: 'False', Barcode: '<null>', BarcodeData: '<null>'', 'IsPresent: 'False', Barcode: '<null>', BarcodeData: '<null>'', 'IsPresent: 'False', Barcode: '<null>', BarcodeData: '<null>'', 'IsPresent: 'False', Barcode: '<null>', BarcodeData: '<null>''' on stream ...[EOL]
[2026-09-22T08:31:09.5300663Z][MNT][I][Execution.Steps.InstrumentAbstraction.StateTracking.StateTracker.ProcessingPlateMagazineTracker][13]Handling event 'ProcessingPlateMagazineContentChanged' with args MagazineId: 'G', TraceContext: '00-dd82d13ed26ec30b58a7827c44aa343a-59101b224198c653-01', StoragePositions: ''IsPresent: 'False', Barcode: '<null>', BarcodeData: '<null>'', 'IsPresent: 'False', Barcode: '<null>', BarcodeData: '<null>'', 'IsPresent: 'False', Barcode: '<null>', BarcodeData: '<null>'', 'IsPresent: 'False', Barcode: '<null>', BarcodeData: '<null>''' on stream ...[EOL]
[2026-09-22T08:31:09.5325128Z][MNT][I][Execution.Steps.InstrumentAbstraction.StateTracking.AggregateStateTracker.TipRackMagazineStateTracker][13]Handling event 'TipRackMagazineStateChanged' with args MagazineId: 'E', TraceContext: '00-26522379975846bc6de118faedfab5fe-74a8360332988eb4-01', OldState: 'Initializing', NewState: 'Ready' on stream ...[EOL]
[2026-09-22T08:31:09.5326692Z][MNT][I][Execution.Steps.InstrumentAbstraction.StateTracking.AggregateStateTracker.TipRackMagazineStateTracker][13]Handling event 'TipRackMagazineStateChanged' with args MagazineId: 'D', TraceContext: '00-b0797f425a4e26bfc9349bc45352b65c-1530cf073707f4c6-01', OldState: 'Initializing', NewState: 'Ready' on stream ...[EOL]
[2026-09-22T08:31:09.5328872Z][MNT][I][Execution.Steps.InstrumentAbstraction.StateTracking.AggregateStateTracker.ProcessingPlateMagazineStateTracker][13]Handling event 'ProcessingPlateMagazineStateChanged' with args MagazineId: 'F', TraceContext: '00-48fe0ebd590f88a3185021eb00d82cbd-350431d2ff428266-01', OldState: 'Initializing', NewState: 'Ready' on stream ...[EOL]
[2026-09-22T08:31:09.5331288Z][MNT][I][Execution.Steps.InstrumentAbstraction.StateTracking.AggregateStateTracker.ProcessingPlateMagazineStateTracker][13]Handling event 'ProcessingPlateMagazineStateChanged' with args MagazineId: 'G', TraceContext: '00-a08c93bd9423a054c862a2f49cd14f24-098164d44a6ce611-01', OldState: 'Initializing', NewState: 'Ready' on stream ...[EOL]
[2026-09-22T08:31:10.5049032Z][MNT][I][Scheduling.TriggerHandlers.ProcessingModuleATeachActionTriggerHandler][13]Handling event 'ProcessingModuleHeadsControllerStateChanged' with args ModuleId: 'A', TraceContext: '00-110ae7fdfc431e4409f81fcf6f3d03a8-e44e2bf5f53d15a1-01', OldState: 'Initializing', NewState: 'Ready' ...[EOL]
[2026-09-22T08:31:10.7996002Z][MNT][I][Scheduling.TriggerHandlers.ProcessingModuleATeachActionTriggerHandler][15]Handling event 'ProcessingModuleHeadsControllerStateChanged' with args ModuleId: 'A', TraceContext: '00-ef1e25ac2e762be1f862fe65af868bd3-dfa5aa0352b19d66-01', OldState: 'Ready', NewState: 'Busy' ...[EOL]
[2026-09-22T08:31:10.8541847Z][MNT][I][Scheduling.TriggerHandlers.ProcessingModuleATeachActionTriggerHandler][4]Handling event 'ProcessingModuleHeadsControllerStateChanged' with args ModuleId: 'A', TraceContext: '00-9275a9372f8d6cb853a6cdf2d130b08f-f9ece295319ad71e-01', OldState: 'Busy', NewState: 'Ready' ...[EOL]
[2026-09-22T08:31:10.9499976Z][MNT][I][Scheduling.TriggerHandlers.ProcessingModuleATeachActionTriggerHandler][4]Handling event 'ProcessingModuleHeadsControllerStateChanged' with args ModuleId: 'A', TraceContext: '00-6c6b4f5972fdf0e621e8da2ee7022078-eb6d1d93e1d2a71f-01', OldState: 'Ready', NewState: 'Busy' ...[EOL]
[2026-09-22T08:31:11.1130305Z][MNT][I][Scheduling.TriggerHandlers.ProcessingModuleATeachActionTriggerHandler][13]Handling event 'ProcessingModuleHeadsControllerStateChanged' with args ModuleId: 'A', TraceContext: '00-47a595cc05ea3eb193dce3f035a3aa0c-57ce7caecb35bbba-01', OldState: 'Busy', NewState: 'Ready' ...[EOL]
[2026-09-22T08:31:11.1384284Z][MNT][I][Scheduling.TriggerHandlers.ProcessingModuleATeachActionTriggerHandler][15]Handling event 'ProcessingModuleHeadsControllerStateChanged' with args ModuleId: 'A', TraceContext: '00-a1b0d3dca5c991f63f5b363de606b5fd-304d17a6b6ae315e-01', OldState: 'Ready', NewState: 'Busy' ...[EOL]
[2026-09-22T08:31:11.2242998Z][MNT][I][Scheduling.TriggerHandlers.ProcessingModuleATeachActionTriggerHandler][13]Handling event 'ProcessingModuleHeadsControllerStateChanged' with args ModuleId: 'A', TraceContext: '00-7222277ea8fc9bb329f8b658d1a0ff99-27e53fd2164d0387-01', OldState: 'Busy', NewState: 'Ready' ...[EOL]
[2026-09-22T08:31:11.2521879Z][MNT][I][Scheduling.TriggerHandlers.ProcessingModuleATeachActionTriggerHandler][13]Handling event 'ProcessingModuleHeadsControllerStateChanged' with args ModuleId: 'A', TraceContext: '00-6bc70aecad67d6ce5fe102a3fa712f86-3c5be2fb30e42452-01', OldState: 'Ready', NewState: 'Busy' ...[EOL]
[2026-09-22T08:31:11.4085252Z][MNT][I][Scheduling.TriggerHandlers.ProcessingModuleATeachActionTriggerHandler][14]Handling event 'ProcessingModuleHeadsControllerStateChanged' with args ModuleId: 'A', TraceContext: '00-6916230576337a2197fce1542290509d-025d35601d0c7a78-01', OldState: 'Busy', NewState: 'Ready' ...[EOL]
[2026-09-22T08:31:11.4373407Z][MNT][I][Scheduling.TriggerHandlers.ProcessingModuleATeachActionTriggerHandler][14]Handling event 'ProcessingModuleHeadsControllerStateChanged' with args ModuleId: 'A', TraceContext: '00-07d2b888f146727865dcfdce647736bb-bf7aa3104f9fd404-01', OldState: 'Ready', NewState: 'Busy' ...[EOL]
[2026-09-22T08:31:11.6036173Z][MNT][I][Scheduling.TriggerHandlers.ProcessingModuleATeachActionTriggerHandler][4]Handling event 'ProcessingModuleHeadsControllerStateChanged' with args ModuleId: 'A', TraceContext: '00-cc2e53dae82744601b04f6c47bebc51b-77b551d4b013952c-01', OldState: 'Busy', NewState: 'Ready' ...[EOL]
[2026-09-22T08:31:11.6171612Z][MNT][I][Scheduling.TriggerHandlers.ProcessingModuleATeachActionTriggerHandler][4]Handling event 'ProcessingModuleHeadsControllerStateChanged' with args ModuleId: 'A', TraceContext: '00-47f456033c3eaf7571da7863fccbe80d-fe7b071fd02398cf-01', OldState: 'Ready', NewState: 'Busy' ...[EOL]
[2026-09-22T08:31:11.7286088Z][MNT][I][Scheduling.TriggerHandlers.ProcessingModuleATeachActionTriggerHandler][4]Handling event 'ProcessingModuleHeadsControllerStateChanged' with args ModuleId: 'A', TraceContext: '00-994294be1aebd0261acaa42ba4581432-2783c3f4d372a066-01', OldState: 'Busy', NewState: 'Ready' ...[EOL]
[2026-09-22T08:31:11.7583870Z][MNT][I][Scheduling.TriggerHandlers.ProcessingModuleATeachActionTriggerHandler][4]Handling event 'ProcessingModuleHeadsControllerStateChanged' with args ModuleId: 'A', TraceContext: '00-5340d2fe7c419db3e488308d7a42c07e-30fd3451ebbb822f-01', OldState: 'Ready', NewState: 'Busy' ...[EOL]
[2026-09-22T08:31:11.8059533Z][MNT][I][Scheduling.TriggerHandlers.ProcessingModuleATeachActionTriggerHandler][4]Handling event 'ProcessingModuleHeadsControllerStateChanged' with args ModuleId: 'A', TraceContext: '00-37863c916503a87d14eeff485a181e42-24a45617faf38d4a-01', OldState: 'Busy', NewState: 'Ready' ...[EOL]
[2026-09-22T08:31:11.8213753Z][MNT][I][Scheduling.TriggerHandlers.ProcessingModuleATeachActionTriggerHandler][4]Handling event 'ProcessingModuleHeadsControllerStateChanged' with args ModuleId: 'A', TraceContext: '00-1300f5e8d23b2cfec71759da44077693-45ad38f0b89b2d8f-01', OldState: 'Ready', NewState: 'Busy' ...[EOL]
[2026-09-22T08:31:11.9197823Z][MNT][I][Scheduling.TriggerHandlers.ProcessingModuleATeachActionTriggerHandler][4]Handling event 'ProcessingModuleHeadsControllerStateChanged' with args ModuleId: 'A', TraceContext: '00-75bb7f8965a04d6f0df5074b40cb1fa0-113a810def7cb659-01', OldState: 'Busy', NewState: 'Ready' ...[EOL]
[2026-09-22T08:31:11.9419438Z][MNT][I][Scheduling.TriggerHandlers.ProcessingModuleATeachActionTriggerHandler][14]Handling event 'ProcessingModuleHeadsControllerStateChanged' with args ModuleId: 'A', TraceContext: '00-392407e95612e6efd8595e3a1c8ab54b-a8f02b6b38c036a8-01', OldState: 'Ready', NewState: 'Busy' ...[EOL]
[2026-09-22T08:31:12.0636887Z][MNT][I][Scheduling.TriggerHandlers.ProcessingModuleATeachActionTriggerHandler][4]Handling event 'ProcessingModuleHeadsControllerStateChanged' with args ModuleId: 'A', TraceContext: '00-9939f03fd9016e616fc98b67981bccd7-82315a2adeeaa4dc-01', OldState: 'Busy', NewState: 'Ready' ...[EOL]
[2026-09-22T08:31:12.1503195Z][MNT][I][Scheduling.MessageHandler][4]Handling event 'InstrumentStateChanged' with args OldState: 'Initializing', NewState: 'Standby', TraceContext: '00-096a14d08ddfa8652d114d8f390ec520-0d37330fa2f71cf3-01' ...[EOL]
[2026-09-22T08:31:12.1802961Z][MNT][I][Scheduling.MessageHandler][4]Handling event 'EnterMaintenanceAllowed' with args TraceContext: '<null>' ...[EOL]
[2026-09-22T08:31:12.1806528Z][MNT][I][Scheduling.StateService][4]Won't transition to Maintenance state, TransitionIsRequested: 'False', CanEnterMaintenance: 'True'[EOL]
[2026-09-22T08:31:12.2175588Z][MNT][I][Scheduling.MessageHandler][4]Handling event 'InstrumentThroughputChanged' with args Throughput: 'Full', TraceContext: '<null>' ...[EOL]
[2026-09-22T08:31:12.2179260Z][MNT][I][Scheduling.StateService][4]Won't transition to Maintenance state, TransitionIsRequested: 'False', CanEnterMaintenance: 'True'[EOL]
