[2026-09-22T07:26:06.175097Z][RH.newgen-samplerecognitioncamera][I][2330115][136]CRTArgumentParserBase.cpp:SetupLogFacility():200|System Logger Setup Done.[EOL]
[2026-09-22T07:26:06.189809Z][RH.newgen-samplerecognitioncamera][I][1350078][136]CArgumentParserBase.cpp:ParseArguments():86|CSM version: 1.0.0.1340523_[EOL]
[2026-09-22T07:26:07.430141Z][RH.newgen-samplerecognitioncamera][I][2330346][136]CRTSystemLogger.cpp:Activate():64|Realtime Logger created.[EOL]
[2026-09-22T07:26:07.430272Z][RH.newgen-samplerecognitioncamera][N][2330110][136]CTLSF.cpp:TraceStatistics():105|TLSF Statistics: Initial pool size: 512000 Bytes, pool increased: 0 times, high watermark: 59792 bytes, currently used size: 58480 bytes.[EOL]
[2026-09-22T07:26:07.430290Z][RH.newgen-samplerecognitioncamera][I][2330349][136]CRTEventSystemConfigurationDefault.cpp:TraceSetupDone():284|Realtime Context Setup Done. Sched Policy: SCHED_FIFO, Prio: 46, Timer Prio: 75, Middleware Prio: 76, CPU assigned by OS[EOL]
[2026-09-22T07:26:08.562992Z][RH.transfer-xyz-gripper][I][2330115][135]CRTArgumentParserBase.cpp:SetupLogFacility():200|System Logger Setup Done.[EOL]
[2026-09-22T07:26:08.563111Z][RH.transfer-xyz-gripper][I][1350078][135]CArgumentParserBase.cpp:ParseArguments():86|CSM version: 3.0.2.1215266_[EOL]
[2026-09-22T07:26:09.383864Z][RH.transfer-xyz-gripper][I][2330346][135]CRTSystemLogger.cpp:Activate():64|Realtime Logger created.[EOL]
[2026-09-22T07:26:09.383947Z][RH.transfer-xyz-gripper][N][2330110][135]CTLSF.cpp:TraceStatistics():105|TLSF Statistics: Initial pool size: 4194304 Bytes, pool increased: 0 times, high watermark: 114112 bytes, currently used size: 111328 bytes.[EOL]
[2026-09-22T07:26:09.392591Z][RH.transfer-xyz-gripper][I][2330349][135]CRTEventSystemConfigurationDefault.cpp:TraceSetupDone():284|Realtime Context Setup Done. Sched Policy: SCHED_FIFO, Prio: 46, Timer Prio: 75, Middleware Prio: 76, CPU assigned by OS[EOL]
[2026-09-22T07:26:10.523893Z][RH.newgen-samplerecognitioncamera][N][2330477][136]CConnectionHandler.cpp:RegisterConnection():104|Socket added to epoll with identifier 0x0 (0), file descriptor 15.[EOL]
[2026-09-22T07:26:10.630646Z][RH.newgen-samplerecognitioncamera][N][2330477][136]CConnectionHandler.cpp:RegisterConnection():104|Socket added to epoll with identifier 0x0 (0), file descriptor 16.[EOL]
[2026-09-22T07:26:10.630690Z][RH.newgen-samplerecognitioncamera][N][2330467][136]CDefaultStreamHandler.cpp:OnConnectionAccepted():405|New connection established. file descriptor 16[EOL]
[2026-09-22T07:26:10.630725Z][RH.newgen-samplerecognitioncamera][N][2330470][136]CDefaultStreamHandler.cpp:OnClosing():424|Socket with file descriptor 16 has been disconnected[EOL]
[2026-09-22T07:26:10.630730Z][RH.newgen-samplerecognitioncamera][N][2330478][136]CConnectionHandler.cpp:UnregisterConnection():127|Socket removed from epoll with identifier 0x0 (0), file descriptor 16.[EOL]
[2026-09-22T07:26:10.753396Z][RH.newgen-samplerecognitioncamera][W][2330306][136]CRTCyclicEvent.cpp:TimeMissed():101|Cycle miss in event CCSICombinedCmdManager Cyclic Event. Time Overrun is 30300 us[EOL]
[2026-09-22T07:26:10.753462Z][RH.newgen-samplerecognitioncamera][W][2330306][136]CRTCyclicEvent.cpp:TimeMissed():101|Cycle miss in event CCSICombinedRepManager. Time Overrun is 30300 us[EOL]
[2026-09-22T07:26:11.034204Z][RH.transfer-xyz-gripper][I][1000053][135]CMotorLLCS.cpp:DoConfigure():192|Create BCI device with CDI: 0x10A101[EOL]
[2026-09-22T07:26:11.088441Z][RH.transfer-xyz-gripper][I][1000053][135]CMotorLLCS.cpp:DoConfigure():192|Create BCI device with CDI: 0x10A102[EOL]
[2026-09-22T07:26:11.093020Z][RH.transfer-xyz-gripper][I][1000053][135]CMotorLLCS.cpp:DoConfigure():192|Create BCI device with CDI: 0x10A103[EOL]
[2026-09-22T07:26:11.669332Z][RH.newgen-samplerecognitioncamera][W][2330306][136]CRTCyclicEvent.cpp:TimeMissed():101|Cycle miss in event CCSICombinedCmdManager Cyclic Event. Time Overrun is 18220 us[EOL]
[2026-09-22T07:26:11.669533Z][RH.newgen-samplerecognitioncamera][W][2330306][136]CRTCyclicEvent.cpp:TimeMissed():101|Cycle miss in event CCSICombinedRepManager. Time Overrun is 18220 us[EOL]
[2026-09-22T07:26:12.091565Z][RH.transfer-xyz-gripper][N][2330477][135]CConnectionHandler.cpp:RegisterConnection():104|Socket added to epoll with identifier 0x0 (0), file descriptor 15.[EOL]
[2026-09-22T07:26:12.160827Z][RH.transfer-xyz-gripper][N][2330477][135]CConnectionHandler.cpp:RegisterConnection():104|Socket added to epoll with identifier 0x0 (0), file descriptor 16.[EOL]
[2026-09-22T07:26:12.160865Z][RH.transfer-xyz-gripper][N][2330467][135]CDefaultStreamHandler.cpp:OnConnectionAccepted():405|New connection established. file descriptor 16[EOL]
[2026-09-22T07:26:12.160891Z][RH.transfer-xyz-gripper][N][2330470][135]CDefaultStreamHandler.cpp:OnClosing():424|Socket with file descriptor 16 has been disconnected[EOL]
[2026-09-22T07:26:12.160895Z][RH.transfer-xyz-gripper][N][2330478][135]CConnectionHandler.cpp:UnregisterConnection():127|Socket removed from epoll with identifier 0x0 (0), file descriptor 16.[EOL]
[2026-09-22T07:26:12.812147Z][RH.transfer-xyz-gripper][W][2330306][135]CRTCyclicEvent.cpp:TimeMissed():101|Cycle miss in event CCSICombinedCmdManager Cyclic Event. Time Overrun is 7449 us[EOL]
[2026-09-22T07:26:12.812193Z][RH.transfer-xyz-gripper][W][2330306][135]CRTCyclicEvent.cpp:TimeMissed():101|Cycle miss in event CCSICombinedRepManager. Time Overrun is 7449 us[EOL]
[2026-09-22T07:26:13.634489Z][RH.newgen-rackhandler][I][2330115][153]CRTArgumentParserBase.cpp:SetupLogFacility():200|System Logger Setup Done.[EOL]
[2026-09-22T07:26:13.636906Z][RH.newgen-rackhandler][I][1350078][153]CArgumentParserBase.cpp:ParseArguments():86|CSM version: 3.2.1.1340680_[EOL]
[2026-09-22T07:26:13.657227Z][RH.newgen-samplerecognitioncamera][W][2330306][136]CRTCyclicEvent.cpp:TimeMissed():101|Cycle miss in event CCSICombinedCmdManager Cyclic Event. Time Overrun is 6256 us[EOL]
[2026-09-22T07:26:13.657321Z][RH.newgen-samplerecognitioncamera][W][2330306][136]CRTCyclicEvent.cpp:TimeMissed():101|Cycle miss in event CCSICombinedRepManager. Time Overrun is 6256 us[EOL]
[2026-09-22T07:26:14.344664Z][RH.newgen-rackhandler][I][2330346][153]CRTSystemLogger.cpp:Activate():64|Realtime Logger created.[EOL]
[2026-09-22T07:26:14.344724Z][RH.newgen-rackhandler][N][2330110][153]CTLSF.cpp:TraceStatistics():105|TLSF Statistics: Initial pool size: 8388608 Bytes, pool increased: 0 times, high watermark: 214464 bytes, currently used size: 201616 bytes.[EOL]
[2026-09-22T07:26:14.349730Z][RH.newgen-rackhandler][I][2330349][153]CRTEventSystemConfigurationDefault.cpp:TraceSetupDone():284|Realtime Context Setup Done. Sched Policy: SCHED_FIFO, Prio: 45, Timer Prio: 75, Middleware Prio: 76, CPU assigned by OS[EOL]
[2026-09-22T07:26:15.005761Z][RH.newgen-rackhandler][I][1000053][153]CMotorLLCS.cpp:DoConfigure():192|Create BCI device with CDI: 0x10A401[EOL]
[2026-09-22T07:26:15.032773Z][RH.newgen-samplerecognitioncamera][W][2330306][136]CRTCyclicEvent.cpp:TimeMissed():101|Cycle miss in event CCSICombinedCmdManager Cyclic Event. Time Overrun is 11762 us[EOL]
[2026-09-22T07:26:15.032885Z][RH.newgen-samplerecognitioncamera][W][2330306][136]CRTCyclicEvent.cpp:TimeMissed():101|Cycle miss in event CCSICombinedRepManager. Time Overrun is 11762 us[EOL]
[2026-09-22T07:26:15.021725Z][RH.transfer-xyz-gripper][W][2330306][135]CRTCyclicEvent.cpp:TimeMissed():101|Cycle miss in event CCSICombinedCmdManager Cyclic Event. Time Overrun is 7879 us[EOL]
[2026-09-22T07:26:15.021758Z][RH.transfer-xyz-gripper][W][2330306][135]CRTCyclicEvent.cpp:TimeMissed():101|Cycle miss in event CCSICombinedRepManager. Time Overrun is 7879 us[EOL]
[2026-09-22T07:26:15.164825Z][RH.newgen-rackhandler][I][1000053][153]CMotorLLCS.cpp:DoConfigure():192|Create BCI device with CDI: 0x10A403[EOL]
[2026-09-22T07:26:15.173535Z][RH.newgen-rackhandler][I][1000053][153]CMotorLLCS.cpp:DoConfigure():192|Create BCI device with CDI: 0x10A402[EOL]
[2026-09-22T07:26:15.208429Z][RH.newgen-rackhandler][I][1780000][153]CSubmoduleEventListener.cpp:RegisterReport():122|RegisterReport()[EOL]
[2026-09-22T07:26:15.208474Z][RH.newgen-rackhandler][I][1780000][153]CSubmoduleEventListener.cpp:RegisterReport():124|Module ID: 612[EOL]
[2026-09-22T07:26:15.227331Z][RH.newgen-rackhandler][I][0][153]CCSMApplication.cpp:UserLevelApplicationInit():227|Loading ECC /opt/roche/config//settings/startup/ecc.xml, Config ID: RackHandler[EOL]
[2026-09-22T07:26:15.449738Z][RH.newgen-rackhandler][I][0][153]CCSMApplication.cpp:UserLevelApplicationInit():230|Parsing Device List[EOL]
[2026-09-22T07:26:15.508557Z][RH.newgen-rackhandler][N][2330477][153]CConnectionHandler.cpp:RegisterConnection():104|Socket added to epoll with identifier 0x0 (0), file descriptor 20.[EOL]
[2026-09-22T07:26:15.517229Z][RH.newgen-rackhandler][N][2330477][153]CConnectionHandler.cpp:RegisterConnection():104|Socket added to epoll with identifier 0x0 (0), file descriptor 21.[EOL]
[2026-09-22T07:26:15.517296Z][RH.newgen-rackhandler][N][2330467][153]CDefaultStreamHandler.cpp:OnConnectionAccepted():405|New connection established. file descriptor 21[EOL]
[2026-09-22T07:26:15.517362Z][RH.newgen-rackhandler][N][2330470][153]CDefaultStreamHandler.cpp:OnClosing():424|Socket with file descriptor 21 has been disconnected[EOL]
[2026-09-22T07:26:15.517369Z][RH.newgen-rackhandler][N][2330478][153]CConnectionHandler.cpp:UnregisterConnection():127|Socket removed from epoll with identifier 0x0 (0), file descriptor 21.[EOL]
[2026-09-22T07:26:15.586170Z][RH.newgen-rackhandler][N][844444405][153]RabbitMqConnector.cpp:Connect():840|Connecting as '6800_2AC.10001.RackHandler' to RabbitMQ on amqp://USERNAME:PASSWORD@rabbitmq-server/[EOL]
[2026-09-22T07:26:15.588462Z][RH.newgen-rackhandler][N][2330477][153]CConnectionHandler.cpp:RegisterConnection():104|Socket added to epoll with identifier 0x15 (21), file descriptor 21.[EOL]
[2026-09-22T07:26:15.608693Z][RH.newgen-rackhandler][N][2330477][153]CConnectionHandler.cpp:RegisterConnection():104|Socket added to epoll with identifier 0x17 (23), file descriptor 23.[EOL]
[2026-09-22T07:26:15.608770Z][RH.newgen-rackhandler][N][2330478][153]CConnectionHandler.cpp:UnregisterConnection():127|Socket removed from epoll with identifier 0x15 (21), file descriptor 21.[EOL]
[2026-09-22T07:26:16.308011Z][RH.newgen-rackhandler][I][844444409][153]RabbitMqConnector.cpp:onProperties():1356|Exchange of properties: amqp_conn=0x7fe8b02ab4e0 amqp_conn_fd=23#012  Properties sent by server:#012    table(capabilities:table(authentication_failure_close:booleanset(1,0,0,0,0,0,0,0),basic.nack:booleanset(1,0,0,0,0,0,0,0),connection.blocked:booleanset(1,0,0,0,0,0,0,0),consumer_cancel_notify:booleanset(1,0,0,0,0,0,0,0),consumer_priorities:booleanset(1,0,0,0,0,0,0,0),direct_reply_to:booleanset(1,0,0,0,0,0,0,0),exchange_exchange_bindings:booleanset(1,0,0,0,0,0,0,0),per_consumer_qos:booleanset(1,0,0,0,0,0,0,0),publisher_confirms:booleanset(1,0,0,0,0,0,0,0)),cluster_name:string(rabbit@x800-instrument),copyright:string(Copyright (c) 2007-2024 Broadcom Inc and/or its subsidiaries),information:string(Licensed under the MPL 2.0. Website: https://rabbitmq.com),platform:string(Erlang/OTP 26.2.5.3),product:string(RabbitMQ),version:string(3.13.7))#012  Properties sent back by us:#012    table(connection_name:string(6800_2AC.10001.RackHandler))#012  Note that additional properties will be set internally by the AMQP-CPP library.[EOL]
[2026-09-22T07:26:16.321063Z][RH.newgen-rackhandler][I][844444410][153]RabbitMqConnector.cpp:onNegotiate():1364|Setting heartbeat frequency: amqp_conn=0x7fe8b02ab4e0 amqp_conn_fd=23 interval=60[EOL]
[2026-09-22T07:26:16.363295Z][RH.newgen-rackhandler][I][844444411][153]RabbitMqConnector.cpp:onReady():1373|Handshake with rabbitmq completed: amqp_conn=0x7fe8b02ab4e0 amqp_conn_fd=23[EOL]
[2026-09-22T07:26:16.595773Z][RH.newgen-rackhandler][I][844444453][153]RabbitMqConnector.cpp:operator()():631|Sucessfully consumed: queue_name: roche.newgen.rackhandler.q[EOL]
[2026-09-22T07:26:16.597282Z][RH.newgen-rackhandler][I][844444436][153]UnitCommunicator.cpp:SendEvent():424|Publishing event: type=Roche.c68_8800.RackHandler.UnitStateChanged correlation_id=(n/a)[EOL]
[2026-09-22T07:26:16.597752Z][RH.newgen-rackhandler][I][2560017][153]MessageSender.h:SendEvent():105|Sent RabbitMqEvent Roche.c68_8800.RackHandler.UnitStateChanged. Content: {"Timestamp":"2026-09-22T07:26:16.596860Z","TraceContext":"00-81d0389e0f59871004e895f3ea5a71c0-d65cc2aa3cb570b2-01","OldState":"PoweredOff","NewState":"StartingUp"}[EOL]
[2026-09-22T07:26:16.672499Z][RH.newgen-rackhandler][W][2330306][153]CRTCyclicEvent.cpp:TimeMissed():101|Cycle miss in event CCSICombinedCmdManager Cyclic Event. Time Overrun is 10881 us[EOL]
[2026-09-22T07:26:16.817293Z][RH.newgen-samplerecognitioncamera][W][2330306][136]CRTCyclicEvent.cpp:TimeMissed():101|Cycle miss in event CCSICombinedCmdManager Cyclic Event. Time Overrun is 5553 us[EOL]
[2026-09-22T07:26:16.818044Z][RH.newgen-samplerecognitioncamera][W][2330306][136]CRTCyclicEvent.cpp:TimeMissed():101|Cycle miss in event CCSICombinedRepManager. Time Overrun is 5553 us[EOL]
[2026-09-22T07:26:16.974541Z][RH.transfer-xyz-gripper][W][2330306][135]CRTCyclicEvent.cpp:TimeMissed():101|Cycle miss in event CCSICombinedCmdManager Cyclic Event. Time Overrun is 10611 us[EOL]
[2026-09-22T07:26:16.975291Z][RH.transfer-xyz-gripper][W][2330306][135]CRTCyclicEvent.cpp:TimeMissed():101|Cycle miss in event CCSICombinedRepManager. Time Overrun is 10611 us[EOL]
[2026-09-22T07:26:17.104718Z][RH.transfer-xyz-gripper][W][2330306][135]CRTCyclicEvent.cpp:TimeMissed():101|Cycle miss in event CCSICombinedCmdManager Cyclic Event. Time Overrun is 893 us[EOL]
[2026-09-22T07:26:17.104755Z][RH.transfer-xyz-gripper][W][2330306][135]CRTCyclicEvent.cpp:TimeMissed():101|Cycle miss in event CCSICombinedRepManager. Time Overrun is 893 us[EOL]
[2026-09-22T07:26:17.242296Z][RH.transfer-xyz-gripper][W][2330306][135]CRTCyclicEvent.cpp:TimeMissed():101|Cycle miss in event CCSICombinedCmdManager Cyclic Event. Time Overrun is 8442 us[EOL]
[2026-09-22T07:26:17.242474Z][RH.transfer-xyz-gripper][W][2330306][135]CRTCyclicEvent.cpp:TimeMissed():101|Cycle miss in event CCSICombinedRepManager. Time Overrun is 8442 us[EOL]
[2026-09-22T07:26:17.279730Z][RH.newgen-samplerecognitioncamera][W][2330306][136]CRTCyclicEvent.cpp:TimeMissed():101|Cycle miss in event CCSICombinedCmdManager Cyclic Event. Time Overrun is 8763 us[EOL]
[2026-09-22T07:26:17.279789Z][RH.newgen-samplerecognitioncamera][W][2330306][136]CRTCyclicEvent.cpp:TimeMissed():101|Cycle miss in event CCSICombinedRepManager. Time Overrun is 8763 us[EOL]
[2026-09-22T07:26:17.393488Z][RH.transfer-xyz-gripper][W][2330306][135]CRTCyclicEvent.cpp:TimeMissed():101|Cycle miss in event CCSICombinedCmdManager Cyclic Event. Time Overrun is 9658 us[EOL]
[2026-09-22T07:26:17.393536Z][RH.transfer-xyz-gripper][W][2330306][135]CRTCyclicEvent.cpp:TimeMissed():101|Cycle miss in event CCSICombinedRepManager. Time Overrun is 9658 us[EOL]
[2026-09-22T07:26:17.870446Z][RH.newgen-samplerecognitioncamera][W][2330306][136]CRTCyclicEvent.cpp:TimeMissed():101|Cycle miss in event CCSICombinedCmdManager Cyclic Event. Time Overrun is 69480 us[EOL]
[2026-09-22T07:26:17.870481Z][RH.newgen-samplerecognitioncamera][W][2330306][136]CRTCyclicEvent.cpp:TimeMissed():101|Cycle miss in event CCSICombinedRepManager. Time Overrun is 69480 us[EOL]
[2026-09-22T07:26:18.164061Z][RH.newgen-rackhandler][W][2330306][153]CRTCyclicEvent.cpp:TimeMissed():101|Cycle miss in event CCSICombinedCmdManager Cyclic Event. Time Overrun is 14607 us[EOL]
[2026-09-22T07:26:18.856224Z][RH.newgen-samplerecognitioncamera][W][2330306][136]CRTCyclicEvent.cpp:TimeMissed():101|Cycle miss in event CCSICombinedCmdManager Cyclic Event. Time Overrun is 5210 us[EOL]
[2026-09-22T07:26:18.856353Z][RH.newgen-samplerecognitioncamera][W][2330306][136]CRTCyclicEvent.cpp:TimeMissed():101|Cycle miss in event CCSICombinedRepManager. Time Overrun is 5210 us[EOL]
[2026-09-22T07:26:18.937816Z][RH.transfer-xyz-gripper][W][2330306][135]CRTCyclicEvent.cpp:TimeMissed():101|Cycle miss in event CCSICombinedCmdManager Cyclic Event. Time Overrun is 3991 us[EOL]
[2026-09-22T07:26:18.937855Z][RH.transfer-xyz-gripper][W][2330306][135]CRTCyclicEvent.cpp:TimeMissed():101|Cycle miss in event CCSICombinedRepManager. Time Overrun is 3991 us[EOL]
[2026-09-22T07:26:19.144260Z][RH.transfer-xyz-gripper][W][2330306][135]CRTCyclicEvent.cpp:TimeMissed():101|Cycle miss in event CCSICombinedCmdManager Cyclic Event. Time Overrun is 10438 us[EOL]
[2026-09-22T07:26:19.144286Z][RH.transfer-xyz-gripper][W][2330306][135]CRTCyclicEvent.cpp:TimeMissed():101|Cycle miss in event CCSICombinedRepManager. Time Overrun is 10438 us[EOL]
[2026-09-22T07:26:19.144848Z][RH.newgen-rackhandler][W][2330306][153]CRTCyclicEvent.cpp:TimeMissed():101|Cycle miss in event CCSICombinedCmdManager Cyclic Event. Time Overrun is 5453 us[EOL]
[2026-09-22T07:26:19.206210Z][RH.newgen-samplerecognitioncamera][W][2330306][136]CRTCyclicEvent.cpp:TimeMissed():101|Cycle miss in event CCSICombinedCmdManager Cyclic Event. Time Overrun is 5241 us[EOL]
[2026-09-22T07:26:19.206350Z][RH.newgen-samplerecognitioncamera][W][2330306][136]CRTCyclicEvent.cpp:TimeMissed():101|Cycle miss in event CCSICombinedRepManager. Time Overrun is 5241 us[EOL]
[2026-09-22T07:26:19.331617Z][RH.newgen-samplerecognitioncamera][W][2330306][136]CRTCyclicEvent.cpp:TimeMissed():101|Cycle miss in event CCSICombinedCmdManager Cyclic Event. Time Overrun is 10652 us[EOL]
[2026-09-22T07:26:19.346717Z][RH.transfer-xyz-gripper][W][2330306][135]CRTCyclicEvent.cpp:TimeMissed():101|Cycle miss in event CCSICombinedCmdManager Cyclic Event. Time Overrun is 42890 us[EOL]
[2026-09-22T07:26:19.346717Z][RH.newgen-rackhandler][W][2330306][153]CRTCyclicEvent.cpp:TimeMissed():101|Cycle miss in event CCSICombinedCmdManager Cyclic Event. Time Overrun is 47320 us[EOL]
[2026-09-22T07:26:19.346765Z][RH.transfer-xyz-gripper][W][2330306][135]CRTCyclicEvent.cpp:TimeMissed():101|Cycle miss in event CCSICombinedRepManager. Time Overrun is 42890 us[EOL]
[2026-09-22T07:26:19.331654Z][RH.newgen-samplerecognitioncamera][W][2330306][136]CRTCyclicEvent.cpp:TimeMissed():101|Cycle miss in event CCSICombinedRepManager. Time Overrun is 10652 us[EOL]
[2026-09-22T07:26:19.654704Z][RH.newgen-rackhandler][W][2330306][153]CRTCyclicEvent.cpp:TimeMissed():101|Cycle miss in event CCSICombinedCmdManager Cyclic Event. Time Overrun is 15296 us[EOL]
[2026-09-22T07:26:19.654491Z][RH.transfer-xyz-gripper][W][2330306][135]CRTCyclicEvent.cpp:TimeMissed():101|Cycle miss in event CCSICombinedCmdManager Cyclic Event. Time Overrun is 20667 us[EOL]
[2026-09-22T07:26:19.654528Z][RH.transfer-xyz-gripper][W][2330306][135]CRTCyclicEvent.cpp:TimeMissed():101|Cycle miss in event CCSICombinedRepManager. Time Overrun is 20667 us[EOL]
[2026-09-22T07:26:19.827719Z][RH.newgen-samplerecognitioncamera][W][2330306][136]CRTCyclicEvent.cpp:TimeMissed():101|Cycle miss in event CCSICombinedCmdManager Cyclic Event. Time Overrun is 6735 us[EOL]
[2026-09-22T07:26:19.827767Z][RH.newgen-samplerecognitioncamera][W][2330306][136]CRTCyclicEvent.cpp:TimeMissed():101|Cycle miss in event CCSICombinedRepManager. Time Overrun is 6735 us[EOL]
[2026-09-22T07:26:21.392431Z][RH.newgen-samplerecognitioncamera][W][2330306][136]CRTCyclicEvent.cpp:TimeMissed():101|Cycle miss in event CCSICombinedCmdManager Cyclic Event. Time Overrun is 1334 us[EOL]
[2026-09-22T07:26:21.392949Z][RH.newgen-samplerecognitioncamera][W][2330306][136]CRTCyclicEvent.cpp:TimeMissed():101|Cycle miss in event CCSICombinedRepManager. Time Overrun is 1334 us[EOL]
[2026-09-22T07:26:22.762543Z][RH.newgen-samplerecognitioncamera][W][2330306][136]CRTCyclicEvent.cpp:TimeMissed():101|Cycle miss in event CCSICombinedCmdManager Cyclic Event. Time Overrun is 11578 us[EOL]
[2026-09-22T07:26:22.762615Z][RH.newgen-samplerecognitioncamera][W][2330306][136]CRTCyclicEvent.cpp:TimeMissed():101|Cycle miss in event CCSICombinedRepManager. Time Overrun is 11578 us[EOL]
[2026-09-22T07:26:22.763472Z][RH.newgen-rackhandler][W][2330306][153]CRTCyclicEvent.cpp:TimeMissed():101|Cycle miss in event CCSICombinedCmdManager Cyclic Event. Time Overrun is 4013 us[EOL]
[2026-09-22T07:26:23.215065Z][RH.newgen-rackhandler][W][2330306][153]CRTCyclicEvent.cpp:TimeMissed():101|Cycle miss in event CCSICombinedCmdManager Cyclic Event. Time Overrun is 5666 us[EOL]
[2026-09-22T07:26:23.208498Z][RH.transfer-xyz-gripper][W][2330306][135]CRTCyclicEvent.cpp:TimeMissed():101|Cycle miss in event CCSICombinedCmdManager Cyclic Event. Time Overrun is 24555 us[EOL]
[2026-09-22T07:26:23.209142Z][RH.transfer-xyz-gripper][W][2330306][135]CRTCyclicEvent.cpp:TimeMissed():101|Cycle miss in event CCSICombinedRepManager. Time Overrun is 24555 us[EOL]
[2026-09-22T07:26:23.533068Z][RH.newgen-samplerecognitioncamera][W][2330306][136]CRTCyclicEvent.cpp:TimeMissed():101|Cycle miss in event CCSICombinedCmdManager Cyclic Event. Time Overrun is 2102 us[EOL]
[2026-09-22T07:26:23.533097Z][RH.newgen-samplerecognitioncamera][W][2330306][136]CRTCyclicEvent.cpp:TimeMissed():101|Cycle miss in event CCSICombinedRepManager. Time Overrun is 2102 us[EOL]
[2026-09-22T07:26:23.532974Z][RH.newgen-rackhandler][W][2330306][153]CRTCyclicEvent.cpp:TimeMissed():101|Cycle miss in event CCSICombinedCmdManager Cyclic Event. Time Overrun is 3579 us[EOL]
[2026-09-22T07:26:23.532582Z][RH.transfer-xyz-gripper][W][2330306][135]CRTCyclicEvent.cpp:TimeMissed():101|Cycle miss in event CCSICombinedCmdManager Cyclic Event. Time Overrun is 8758 us[EOL]
[2026-09-22T07:26:23.532613Z][RH.transfer-xyz-gripper][W][2330306][135]CRTCyclicEvent.cpp:TimeMissed():101|Cycle miss in event CCSICombinedRepManager. Time Overrun is 8758 us[EOL]
[2026-09-22T07:26:23.721011Z][RH.transfer-xyz-gripper][W][2330306][135]CRTCyclicEvent.cpp:TimeMissed():101|Cycle miss in event CCSICombinedCmdManager Cyclic Event. Time Overrun is 7186 us[EOL]
[2026-09-22T07:26:23.721046Z][RH.transfer-xyz-gripper][W][2330306][135]CRTCyclicEvent.cpp:TimeMissed():101|Cycle miss in event CCSICombinedRepManager. Time Overrun is 7186 us[EOL]
[2026-09-22T07:26:23.846540Z][RH.newgen-rackhandler][W][2330306][153]CRTCyclicEvent.cpp:TimeMissed():101|Cycle miss in event CCSICombinedCmdManager Cyclic Event. Time Overrun is 17139 us[EOL]
[2026-09-22T07:26:24.472770Z][RH.transfer-xyz-gripper][W][2330306][135]CRTCyclicEvent.cpp:TimeMissed():101|Cycle miss in event CCSICombinedCmdManager Cyclic Event. Time Overrun is 8944 us[EOL]
[2026-09-22T07:26:24.472840Z][RH.transfer-xyz-gripper][W][2330306][135]CRTCyclicEvent.cpp:TimeMissed():101|Cycle miss in event CCSICombinedRepManager. Time Overrun is 8944 us[EOL]
[2026-09-22T07:26:24.472953Z][RH.newgen-samplerecognitioncamera][W][2330306][136]CRTCyclicEvent.cpp:TimeMissed():101|Cycle miss in event CCSICombinedCmdManager Cyclic Event. Time Overrun is 1986 us[EOL]
[2026-09-22T07:26:24.473015Z][RH.newgen-samplerecognitioncamera][W][2330306][136]CRTCyclicEvent.cpp:TimeMissed():101|Cycle miss in event CCSICombinedRepManager. Time Overrun is 1986 us[EOL]
[2026-09-22T07:26:25.479895Z][RH.transfer-xyz-gripper][W][2330306][135]CRTCyclicEvent.cpp:TimeMissed():101|Cycle miss in event CCSICombinedCmdManager Cyclic Event. Time Overrun is 6065 us[EOL]
[2026-09-22T07:26:25.479944Z][RH.transfer-xyz-gripper][W][2330306][135]CRTCyclicEvent.cpp:TimeMissed():101|Cycle miss in event CCSICombinedRepManager. Time Overrun is 6065 us[EOL]
[2026-09-22T07:26:25.543650Z][RH.newgen-rackhandler][W][2330306][153]CRTCyclicEvent.cpp:TimeMissed():101|Cycle miss in event CCSICombinedCmdManager Cyclic Event. Time Overrun is 14244 us[EOL]
[2026-09-22T07:26:25.543911Z][RH.newgen-samplerecognitioncamera][W][2330306][136]CRTCyclicEvent.cpp:TimeMissed():101|Cycle miss in event CCSICombinedCmdManager Cyclic Event. Time Overrun is 12912 us[EOL]
[2026-09-22T07:26:25.543948Z][RH.newgen-samplerecognitioncamera][W][2330306][136]CRTCyclicEvent.cpp:TimeMissed():101|Cycle miss in event CCSICombinedRepManager. Time Overrun is 12912 us[EOL]
[2026-09-22T07:26:25.616010Z][RH.transfer-xyz-gripper][W][2330306][135]CRTCyclicEvent.cpp:TimeMissed():101|Cycle miss in event CCSICombinedCmdManager Cyclic Event. Time Overrun is 2184 us[EOL]
[2026-09-22T07:26:25.616062Z][RH.transfer-xyz-gripper][W][2330306][135]CRTCyclicEvent.cpp:TimeMissed():101|Cycle miss in event CCSICombinedRepManager. Time Overrun is 2184 us[EOL]
[2026-09-22T07:26:26.064955Z][RH.transfer-xyz-gripper][W][2330306][135]CRTCyclicEvent.cpp:TimeMissed():101|Cycle miss in event CCSICombinedCmdManager Cyclic Event. Time Overrun is 121134 us[EOL]
[2026-09-22T07:26:26.064980Z][RH.transfer-xyz-gripper][W][2330306][135]CRTCyclicEvent.cpp:TimeMissed():101|Cycle miss in event CCSICombinedRepManager. Time Overrun is 121134 us[EOL]
[2026-09-22T07:26:26.060603Z][RH.newgen-rackhandler][W][2330306][153]CRTCyclicEvent.cpp:TimeMissed():101|Cycle miss in event CCSICombinedCmdManager Cyclic Event. Time Overrun is 111206 us[EOL]
[2026-09-22T07:26:26.059537Z][RH.newgen-samplerecognitioncamera][W][2330306][136]CRTCyclicEvent.cpp:TimeMissed():101|Cycle miss in event CCSICombinedCmdManager Cyclic Event. Time Overrun is 118572 us[EOL]
[2026-09-22T07:26:26.064531Z][RH.newgen-rackhandler][W][2330306][153]CRTCyclicEvent.cpp:TimeMissed():101|Cycle miss in event CCSICyclicRepManager. Time Overrun is 14265 us[EOL]
[2026-09-22T07:26:26.059569Z][RH.newgen-samplerecognitioncamera][W][2330306][136]CRTCyclicEvent.cpp:TimeMissed():101|Cycle miss in event CCSICombinedRepManager. Time Overrun is 118572 us[EOL]
[2026-09-22T07:26:26.275350Z][RH.newgen-rackhandler][W][2330306][153]CRTCyclicEvent.cpp:TimeMissed():101|Cycle miss in event CCSICombinedCmdManager Cyclic Event. Time Overrun is 25956 us[EOL]
[2026-09-22T07:26:26.276439Z][RH.newgen-samplerecognitioncamera][W][2330306][136]CRTCyclicEvent.cpp:TimeMissed():101|Cycle miss in event CCSICombinedCmdManager Cyclic Event. Time Overrun is 25472 us[EOL]
[2026-09-22T07:26:26.276522Z][RH.newgen-samplerecognitioncamera][W][2330306][136]CRTCyclicEvent.cpp:TimeMissed():101|Cycle miss in event CCSICombinedRepManager. Time Overrun is 25472 us[EOL]
[2026-09-22T07:26:26.275959Z][RH.transfer-xyz-gripper][W][2330306][135]CRTCyclicEvent.cpp:TimeMissed():101|Cycle miss in event CCSICombinedCmdManager Cyclic Event. Time Overrun is 32133 us[EOL]
[2026-09-22T07:26:26.275997Z][RH.transfer-xyz-gripper][W][2330306][135]CRTCyclicEvent.cpp:TimeMissed():101|Cycle miss in event CCSICombinedRepManager. Time Overrun is 32133 us[EOL]
[2026-09-22T07:26:30.865525Z][RH.transfer-xyz-gripper][W][2330306][135]CRTCyclicEvent.cpp:TimeMissed():101|Cycle miss in event CCSICombinedCmdManager Cyclic Event. Time Overrun is 1630 us[EOL]
[2026-09-22T07:26:30.865590Z][RH.transfer-xyz-gripper][W][2330306][135]CRTCyclicEvent.cpp:TimeMissed():101|Cycle miss in event CCSICombinedRepManager. Time Overrun is 1630 us[EOL]
[2026-09-22T07:26:32.649712Z][RH.newgen-rackhandler][W][2330306][153]CRTCyclicEvent.cpp:TimeMissed():101|Cycle miss in event CCSICombinedCmdManager Cyclic Event. Time Overrun is 10309 us[EOL]
[2026-09-22T07:26:32.649977Z][RH.newgen-samplerecognitioncamera][W][2330306][136]CRTCyclicEvent.cpp:TimeMissed():101|Cycle miss in event CCSICombinedCmdManager Cyclic Event. Time Overrun is 9011 us[EOL]
[2026-09-22T07:26:32.650066Z][RH.newgen-samplerecognitioncamera][W][2330306][136]CRTCyclicEvent.cpp:TimeMissed():101|Cycle miss in event CCSICombinedRepManager. Time Overrun is 9011 us[EOL]
[2026-09-22T07:26:33.289938Z][RH.newgen-rackhandler][W][2330306][153]CRTCyclicEvent.cpp:TimeMissed():101|Cycle miss in event CCSICombinedCmdManager Cyclic Event. Time Overrun is 10541 us[EOL]
[2026-09-22T07:26:33.748108Z][RH.transfer-xyz-gripper][W][2330306][135]CRTCyclicEvent.cpp:TimeMissed():101|Cycle miss in event CCSICombinedCmdManager Cyclic Event. Time Overrun is 4285 us[EOL]
[2026-09-22T07:26:33.748156Z][RH.transfer-xyz-gripper][W][2330306][135]CRTCyclicEvent.cpp:TimeMissed():101|Cycle miss in event CCSICombinedRepManager. Time Overrun is 4285 us[EOL]
[2026-09-22T07:26:33.898953Z][RH.newgen-rackhandler][W][2330306][153]CRTCyclicEvent.cpp:TimeMissed():101|Cycle miss in event CCSICombinedCmdManager Cyclic Event. Time Overrun is 29556 us[EOL]
[2026-09-22T07:26:34.177300Z][RH.transfer-xyz-gripper][W][2330306][135]CRTCyclicEvent.cpp:TimeMissed():101|Cycle miss in event CCSICombinedCmdManager Cyclic Event. Time Overrun is 13475 us[EOL]
[2026-09-22T07:26:34.176809Z][RH.newgen-rackhandler][W][2330306][153]CRTCyclicEvent.cpp:TimeMissed():101|Cycle miss in event CCSICombinedCmdManager Cyclic Event. Time Overrun is 17361 us[EOL]
[2026-09-22T07:26:34.175050Z][RH.newgen-samplerecognitioncamera][W][2330306][136]CRTCyclicEvent.cpp:TimeMissed():101|Cycle miss in event CCSICombinedCmdManager Cyclic Event. Time Overrun is 14009 us[EOL]
[2026-09-22T07:26:34.175244Z][RH.newgen-samplerecognitioncamera][W][2330306][136]CRTCyclicEvent.cpp:TimeMissed():101|Cycle miss in event CCSICombinedRepManager. Time Overrun is 14009 us[EOL]
[2026-09-22T07:26:34.177610Z][RH.transfer-xyz-gripper][W][2330306][135]CRTCyclicEvent.cpp:TimeMissed():101|Cycle miss in event CCSICombinedRepManager. Time Overrun is 13475 us[EOL]
[2026-09-22T07:26:34.621009Z][RH.newgen-rackhandler][W][2330306][153]CRTCyclicEvent.cpp:TimeMissed():101|Cycle miss in event CCSICombinedCmdManager Cyclic Event. Time Overrun is 1608 us[EOL]
[2026-09-22T07:26:35.452697Z][RH.newgen-samplerecognitioncamera][W][2330306][136]CRTCyclicEvent.cpp:TimeMissed():101|Cycle miss in event CCSICombinedCmdManager Cyclic Event. Time Overrun is 11685 us[EOL]
[2026-09-22T07:26:35.453177Z][RH.newgen-samplerecognitioncamera][W][2330306][136]CRTCyclicEvent.cpp:TimeMissed():101|Cycle miss in event CCSICombinedRepManager. Time Overrun is 11685 us[EOL]
[2026-09-22T07:26:41.487833Z][RH.newgen-rackhandler][W][2330306][153]CRTCyclicEvent.cpp:TimeMissed():101|Cycle miss in event CCSICyclicRepManager. Time Overrun is 337995 us[EOL]
[2026-09-22T07:26:41.487514Z][RH.newgen-rackhandler][W][2330306][153]CRTCyclicEvent.cpp:TimeMissed():101|Cycle miss in event CCSICombinedCmdManager Cyclic Event. Time Overrun is 457763 us[EOL]
[2026-09-22T07:26:41.707864Z][RH.transfer-xyz-gripper][W][2330306][135]CRTCyclicEvent.cpp:TimeMissed():101|Cycle miss in event CCSICombinedCmdManager Cyclic Event. Time Overrun is 4012 us[EOL]
[2026-09-22T07:26:41.707949Z][RH.transfer-xyz-gripper][W][2330306][135]CRTCyclicEvent.cpp:TimeMissed():101|Cycle miss in event CCSICombinedRepManager. Time Overrun is 4012 us[EOL]
[2026-09-22T07:26:42.166459Z][RH.newgen-rackhandler][W][2330306][153]CRTCyclicEvent.cpp:TimeMissed():101|Cycle miss in event CCSICombinedCmdManager Cyclic Event. Time Overrun is 7054 us[EOL]
[2026-09-22T07:26:42.408497Z][RH.newgen-samplerecognitioncamera][W][2330306][136]CRTCyclicEvent.cpp:TimeMissed():101|Cycle miss in event CCSICombinedCmdManager Cyclic Event. Time Overrun is 817523 us[EOL]
[2026-09-22T07:26:42.408536Z][RH.newgen-samplerecognitioncamera][W][2330306][136]CRTCyclicEvent.cpp:TimeMissed():101|Cycle miss in event CCSICombinedRepManager. Time Overrun is 817523 us[EOL]
[2026-09-22T07:26:42.950164Z][RH.newgen-samplerecognitioncamera][W][2330306][136]CRTCyclicEvent.cpp:TimeMissed():101|Cycle miss in event CCSICombinedCmdManager Cyclic Event. Time Overrun is 429195 us[EOL]
[2026-09-22T07:26:42.614517Z][RH.transfer-xyz-gripper][W][2330306][135]CRTCyclicEvent.cpp:TimeMissed():101|Cycle miss in event CCSICombinedCmdManager Cyclic Event. Time Overrun is 130692 us[EOL]
[2026-09-22T07:26:42.614551Z][RH.transfer-xyz-gripper][W][2330306][135]CRTCyclicEvent.cpp:TimeMissed():101|Cycle miss in event CCSICombinedRepManager. Time Overrun is 130692 us[EOL]
[2026-09-22T07:26:42.950216Z][RH.newgen-samplerecognitioncamera][W][2330306][136]CRTCyclicEvent.cpp:TimeMissed():101|Cycle miss in event CCSICombinedRepManager. Time Overrun is 429195 us[EOL]
[2026-09-22T07:26:42.959248Z][RH.newgen-samplerecognitioncamera][W][2330306][136]CRTCyclicEvent.cpp:TimeMissed():101|Cycle miss in event CCSICyclicRepManager. Time Overrun is 322076 us[EOL]
[2026-09-22T07:26:42.951537Z][RH.transfer-xyz-gripper][W][2330306][135]CRTCyclicEvent.cpp:TimeMissed():101|Cycle miss in event CCSICombinedCmdManager Cyclic Event. Time Overrun is 227708 us[EOL]
[2026-09-22T07:26:43.327717Z][RH.newgen-samplerecognitioncamera][W][2330306][136]CRTCyclicEvent.cpp:TimeMissed():101|Cycle miss in event CCSICombinedCmdManager Cyclic Event. Time Overrun is 266743 us[EOL]
[2026-09-22T07:26:42.951578Z][RH.transfer-xyz-gripper][W][2330306][135]CRTCyclicEvent.cpp:TimeMissed():101|Cycle miss in event CCSICombinedRepManager. Time Overrun is 227708 us[EOL]
[2026-09-22T07:26:43.328251Z][RH.transfer-xyz-gripper][W][2330306][135]CRTCyclicEvent.cpp:TimeMissed():101|Cycle miss in event CCSICombinedCmdManager Cyclic Event. Time Overrun is 264425 us[EOL]
[2026-09-22T07:26:43.328283Z][RH.transfer-xyz-gripper][W][2330306][135]CRTCyclicEvent.cpp:TimeMissed():101|Cycle miss in event CCSICombinedRepManager. Time Overrun is 264425 us[EOL]
[2026-09-22T07:26:43.327748Z][RH.newgen-samplerecognitioncamera][W][2330306][136]CRTCyclicEvent.cpp:TimeMissed():101|Cycle miss in event CCSICombinedRepManager. Time Overrun is 266743 us[EOL]
[2026-09-22T07:26:42.614456Z][RH.newgen-rackhandler][W][2330306][153]CRTCyclicEvent.cpp:TimeMissed():101|Cycle miss in event CCSICombinedCmdManager Cyclic Event. Time Overrun is 135057 us[EOL]
[2026-09-22T07:26:42.951114Z][RH.newgen-rackhandler][W][2330306][153]CRTCyclicEvent.cpp:TimeMissed():101|Cycle miss in event CCSICyclicRepManager. Time Overrun is 301297 us[EOL]
[2026-09-22T07:26:42.955893Z][RH.newgen-rackhandler][W][2330306][153]CRTCyclicEvent.cpp:TimeMissed():101|Cycle miss in event CCSICombinedCmdManager Cyclic Event. Time Overrun is 236496 us[EOL]
[2026-09-22T07:26:43.329797Z][RH.newgen-rackhandler][W][2330306][153]CRTCyclicEvent.cpp:TimeMissed():101|Cycle miss in event CCSICombinedCmdManager Cyclic Event. Time Overrun is 260398 us[EOL]
[2026-09-22T07:26:43.660228Z][RH.newgen-samplerecognitioncamera][W][2330306][136]CRTCyclicEvent.cpp:TimeMissed():101|Cycle miss in event CCSICombinedCmdManager Cyclic Event. Time Overrun is 79263 us[EOL]
[2026-09-22T07:26:43.660261Z][RH.newgen-samplerecognitioncamera][W][2330306][136]CRTCyclicEvent.cpp:TimeMissed():101|Cycle miss in event CCSICombinedRepManager. Time Overrun is 79263 us[EOL]
[2026-09-22T07:26:43.777040Z][RH.transfer-xyz-gripper][W][2330306][135]CRTCyclicEvent.cpp:TimeMissed():101|Cycle miss in event CCSICombinedCmdManager Cyclic Event. Time Overrun is 63218 us[EOL]
[2026-09-22T07:26:43.740044Z][RH.newgen-rackhandler][W][2330306][153]CRTCyclicEvent.cpp:TimeMissed():101|Cycle miss in event CCSICombinedCmdManager Cyclic Event. Time Overrun is 30645 us[EOL]
[2026-09-22T07:26:43.777066Z][RH.transfer-xyz-gripper][W][2330306][135]CRTCyclicEvent.cpp:TimeMissed():101|Cycle miss in event CCSICombinedRepManager. Time Overrun is 63218 us[EOL]
[2026-09-22T07:26:43.773078Z][RH.newgen-samplerecognitioncamera][W][2330306][136]CRTCyclicEvent.cpp:TimeMissed():101|Cycle miss in event CCSICombinedCmdManager Cyclic Event. Time Overrun is 2108 us[EOL]
[2026-09-22T07:26:43.773248Z][RH.newgen-samplerecognitioncamera][W][2330306][136]CRTCyclicEvent.cpp:TimeMissed():101|Cycle miss in event CCSICombinedRepManager. Time Overrun is 2108 us[EOL]
[2026-09-22T07:26:43.895945Z][RH.newgen-rackhandler][W][2330306][153]CRTCyclicEvent.cpp:TimeMissed():101|Cycle miss in event CCSICombinedCmdManager Cyclic Event. Time Overrun is 36548 us[EOL]
[2026-09-22T07:26:43.895830Z][RH.transfer-xyz-gripper][W][2330306][135]CRTCyclicEvent.cpp:TimeMissed():101|Cycle miss in event CCSICombinedCmdManager Cyclic Event. Time Overrun is 2007 us[EOL]
[2026-09-22T07:26:43.895247Z][RH.newgen-samplerecognitioncamera][W][2330306][136]CRTCyclicEvent.cpp:TimeMissed():101|Cycle miss in event CCSICombinedCmdManager Cyclic Event. Time Overrun is 4277 us[EOL]
[2026-09-22T07:26:43.895869Z][RH.transfer-xyz-gripper][W][2330306][135]CRTCyclicEvent.cpp:TimeMissed():101|Cycle miss in event CCSICombinedRepManager. Time Overrun is 2007 us[EOL]
[2026-09-22T07:26:43.895293Z][RH.newgen-samplerecognitioncamera][W][2330306][136]CRTCyclicEvent.cpp:TimeMissed():101|Cycle miss in event CCSICombinedRepManager. Time Overrun is 4277 us[EOL]
[2026-09-22T07:26:44.030495Z][RH.transfer-xyz-gripper][W][2330306][135]CRTCyclicEvent.cpp:TimeMissed():101|Cycle miss in event CCSICombinedCmdManager Cyclic Event. Time Overrun is 6671 us[EOL]
[2026-09-22T07:26:44.030529Z][RH.transfer-xyz-gripper][W][2330306][135]CRTCyclicEvent.cpp:TimeMissed():101|Cycle miss in event CCSICombinedRepManager. Time Overrun is 6671 us[EOL]
[2026-09-22T07:26:44.059901Z][RH.newgen-samplerecognitioncamera][W][2330306][136]CRTCyclicEvent.cpp:TimeMissed():101|Cycle miss in event CCSICombinedCmdManager Cyclic Event. Time Overrun is 18935 us[EOL]
[2026-09-22T07:26:44.059927Z][RH.newgen-samplerecognitioncamera][W][2330306][136]CRTCyclicEvent.cpp:TimeMissed():101|Cycle miss in event CCSICombinedRepManager. Time Overrun is 18935 us[EOL]
[2026-09-22T07:26:44.263126Z][RH.newgen-samplerecognitioncamera][W][2330306][136]CRTCyclicEvent.cpp:TimeMissed():101|Cycle miss in event CCSICombinedCmdManager Cyclic Event. Time Overrun is 92162 us[EOL]
[2026-09-22T07:26:44.262827Z][RH.transfer-xyz-gripper][W][2330306][135]CRTCyclicEvent.cpp:TimeMissed():101|Cycle miss in event CCSICombinedCmdManager Cyclic Event. Time Overrun is 99002 us[EOL]
[2026-09-22T07:26:44.262864Z][RH.transfer-xyz-gripper][W][2330306][135]CRTCyclicEvent.cpp:TimeMissed():101|Cycle miss in event CCSICombinedRepManager. Time Overrun is 99002 us[EOL]
[2026-09-22T07:26:44.263175Z][RH.newgen-samplerecognitioncamera][W][2330306][136]CRTCyclicEvent.cpp:TimeMissed():101|Cycle miss in event CCSICombinedRepManager. Time Overrun is 92162 us[EOL]
[2026-09-22T07:26:44.262557Z][RH.newgen-rackhandler][W][2330306][153]CRTCyclicEvent.cpp:TimeMissed():101|Cycle miss in event CCSICombinedCmdManager Cyclic Event. Time Overrun is 103160 us[EOL]
[2026-09-22T07:26:44.262615Z][RH.newgen-rackhandler][W][2330306][153]CRTCyclicEvent.cpp:TimeMissed():101|Cycle miss in event CCSICyclicRepManager. Time Overrun is 12802 us[EOL]
[2026-09-22T07:26:44.447564Z][RH.newgen-rackhandler][W][2330306][153]CRTCyclicEvent.cpp:TimeMissed():101|Cycle miss in event CCSICombinedCmdManager Cyclic Event. Time Overrun is 68163 us[EOL]
[2026-09-22T07:26:44.683538Z][RH.newgen-samplerecognitioncamera][W][2330306][136]CRTCyclicEvent.cpp:TimeMissed():101|Cycle miss in event CCSICombinedCmdManager Cyclic Event. Time Overrun is 132570 us[EOL]
[2026-09-22T07:26:44.683578Z][RH.newgen-samplerecognitioncamera][W][2330306][136]CRTCyclicEvent.cpp:TimeMissed():101|Cycle miss in event CCSICombinedRepManager. Time Overrun is 132570 us[EOL]
[2026-09-22T07:26:44.685879Z][RH.newgen-samplerecognitioncamera][W][2330306][136]CRTCyclicEvent.cpp:TimeMissed():101|Cycle miss in event CCSICyclicRepManager. Time Overrun is 54743 us[EOL]
[2026-09-22T07:26:44.494786Z][RH.transfer-xyz-gripper][W][2330306][135]CRTCyclicEvent.cpp:TimeMissed():101|Cycle miss in event CCSICombinedCmdManager Cyclic Event. Time Overrun is 20964 us[EOL]
[2026-09-22T07:26:44.684674Z][RH.newgen-rackhandler][W][2330306][153]CRTCyclicEvent.cpp:TimeMissed():101|Cycle miss in event CCSICombinedCmdManager Cyclic Event. Time Overrun is 125274 us[EOL]
[2026-09-22T07:26:44.494831Z][RH.transfer-xyz-gripper][W][2330306][135]CRTCyclicEvent.cpp:TimeMissed():101|Cycle miss in event CCSICombinedRepManager. Time Overrun is 20964 us[EOL]
[2026-09-22T07:26:44.687904Z][RH.transfer-xyz-gripper][W][2330306][135]CRTCyclicEvent.cpp:TimeMissed():101|Cycle miss in event CCSICombinedCmdManager Cyclic Event. Time Overrun is 74078 us[EOL]
[2026-09-22T07:26:44.687938Z][RH.transfer-xyz-gripper][W][2330306][135]CRTCyclicEvent.cpp:TimeMissed():101|Cycle miss in event CCSICombinedRepManager. Time Overrun is 74078 us[EOL]
[2026-09-22T07:26:44.807603Z][RH.transfer-xyz-gripper][W][2330306][135]CRTCyclicEvent.cpp:TimeMissed():101|Cycle miss in event CCSICombinedCmdManager Cyclic Event. Time Overrun is 3779 us[EOL]
[2026-09-22T07:26:44.807631Z][RH.transfer-xyz-gripper][W][2330306][135]CRTCyclicEvent.cpp:TimeMissed():101|Cycle miss in event CCSICombinedRepManager. Time Overrun is 3779 us[EOL]
[2026-09-22T07:26:44.959736Z][RH.transfer-xyz-gripper][W][2330306][135]CRTCyclicEvent.cpp:TimeMissed():101|Cycle miss in event CCSICombinedCmdManager Cyclic Event. Time Overrun is 35913 us[EOL]
[2026-09-22T07:26:44.959773Z][RH.transfer-xyz-gripper][W][2330306][135]CRTCyclicEvent.cpp:TimeMissed():101|Cycle miss in event CCSICombinedRepManager. Time Overrun is 35913 us[EOL]
[2026-09-22T07:26:44.806746Z][RH.newgen-rackhandler][W][2330306][153]CRTCyclicEvent.cpp:TimeMissed():101|Cycle miss in event CCSICombinedCmdManager Cyclic Event. Time Overrun is 7347 us[EOL]
[2026-09-22T07:26:45.020935Z][RH.newgen-rackhandler][W][2330306][153]CRTCyclicEvent.cpp:TimeMissed():101|Cycle miss in event CCSICombinedCmdManager Cyclic Event. Time Overrun is 41534 us[EOL]
[2026-09-22T07:26:44.807221Z][RH.newgen-samplerecognitioncamera][W][2330306][136]CRTCyclicEvent.cpp:TimeMissed():101|Cycle miss in event CCSICombinedCmdManager Cyclic Event. Time Overrun is 6255 us[EOL]
[2026-09-22T07:26:44.807289Z][RH.newgen-samplerecognitioncamera][W][2330306][136]CRTCyclicEvent.cpp:TimeMissed():101|Cycle miss in event CCSICombinedRepManager. Time Overrun is 6255 us[EOL]
[2026-09-22T07:26:44.963775Z][RH.newgen-samplerecognitioncamera][W][2330306][136]CRTCyclicEvent.cpp:TimeMissed():101|Cycle miss in event CCSICombinedCmdManager Cyclic Event. Time Overrun is 42806 us[EOL]
[2026-09-22T07:26:44.963835Z][RH.newgen-samplerecognitioncamera][W][2330306][136]CRTCyclicEvent.cpp:TimeMissed():101|Cycle miss in event CCSICombinedRepManager. Time Overrun is 42806 us[EOL]
[2026-09-22T07:26:45.089533Z][RH.newgen-samplerecognitioncamera][W][2330306][136]CRTCyclicEvent.cpp:TimeMissed():101|Cycle miss in event CCSICombinedCmdManager Cyclic Event. Time Overrun is 8565 us[EOL]
[2026-09-22T07:26:45.089622Z][RH.newgen-samplerecognitioncamera][W][2330306][136]CRTCyclicEvent.cpp:TimeMissed():101|Cycle miss in event CCSICombinedRepManager. Time Overrun is 8565 us[EOL]
[2026-09-22T07:26:45.221768Z][RH.newgen-rackhandler][W][2330306][153]CRTCyclicEvent.cpp:TimeMissed():101|Cycle miss in event CCSICombinedCmdManager Cyclic Event. Time Overrun is 82361 us[EOL]
[2026-09-22T07:26:45.229107Z][RH.transfer-xyz-gripper][W][2330306][135]CRTCyclicEvent.cpp:TimeMissed():101|Cycle miss in event CCSICombinedCmdManager Cyclic Event. Time Overrun is 95054 us[EOL]
[2026-09-22T07:26:45.229173Z][RH.transfer-xyz-gripper][W][2330306][135]CRTCyclicEvent.cpp:TimeMissed():101|Cycle miss in event CCSICombinedRepManager. Time Overrun is 95054 us[EOL]
[2026-09-22T07:26:45.228110Z][RH.newgen-samplerecognitioncamera][W][2330306][136]CRTCyclicEvent.cpp:TimeMissed():101|Cycle miss in event CCSICombinedCmdManager Cyclic Event. Time Overrun is 27139 us[EOL]
[2026-09-22T07:26:45.228168Z][RH.newgen-samplerecognitioncamera][W][2330306][136]CRTCyclicEvent.cpp:TimeMissed():101|Cycle miss in event CCSICombinedRepManager. Time Overrun is 27139 us[EOL]
[2026-09-22T07:26:45.346085Z][RH.newgen-rackhandler][W][2330306][153]CRTCyclicEvent.cpp:TimeMissed():101|Cycle miss in event CCSICombinedCmdManager Cyclic Event. Time Overrun is 6691 us[EOL]
[2026-09-22T07:26:45.363758Z][RH.transfer-xyz-gripper][W][2330306][135]CRTCyclicEvent.cpp:TimeMissed():101|Cycle miss in event CCSICombinedCmdManager Cyclic Event. Time Overrun is 19936 us[EOL]
[2026-09-22T07:26:45.363781Z][RH.transfer-xyz-gripper][W][2330306][135]CRTCyclicEvent.cpp:TimeMissed():101|Cycle miss in event CCSICombinedRepManager. Time Overrun is 19936 us[EOL]
[2026-09-22T07:26:45.480212Z][RH.newgen-rackhandler][W][2330306][153]CRTCyclicEvent.cpp:TimeMissed():101|Cycle miss in event CCSICombinedCmdManager Cyclic Event. Time Overrun is 20810 us[EOL]
[2026-09-22T07:26:45.480673Z][RH.newgen-samplerecognitioncamera][W][2330306][136]CRTCyclicEvent.cpp:TimeMissed():101|Cycle miss in event CCSICombinedCmdManager Cyclic Event. Time Overrun is 69703 us[EOL]
[2026-09-22T07:26:45.602004Z][RH.newgen-rackhandler][W][2330306][153]CRTCyclicEvent.cpp:TimeMissed():101|Cycle miss in event CCSICombinedCmdManager Cyclic Event. Time Overrun is 2604 us[EOL]
[2026-09-22T07:26:45.480720Z][RH.newgen-samplerecognitioncamera][W][2330306][136]CRTCyclicEvent.cpp:TimeMissed():101|Cycle miss in event CCSICombinedRepManager. Time Overrun is 69703 us[EOL]
[2026-09-22T07:26:45.603073Z][RH.newgen-samplerecognitioncamera][W][2330306][136]CRTCyclicEvent.cpp:TimeMissed():101|Cycle miss in event CCSICombinedCmdManager Cyclic Event. Time Overrun is 12104 us[EOL]
[2026-09-22T07:26:45.603497Z][RH.newgen-samplerecognitioncamera][W][2330306][136]CRTCyclicEvent.cpp:TimeMissed():101|Cycle miss in event CCSICombinedRepManager. Time Overrun is 12104 us[EOL]
[2026-09-22T07:26:45.481600Z][RH.transfer-xyz-gripper][W][2330306][135]CRTCyclicEvent.cpp:TimeMissed():101|Cycle miss in event CCSICombinedCmdManager Cyclic Event. Time Overrun is 7774 us[EOL]
[2026-09-22T07:26:45.481651Z][RH.transfer-xyz-gripper][W][2330306][135]CRTCyclicEvent.cpp:TimeMissed():101|Cycle miss in event CCSICombinedRepManager. Time Overrun is 7774 us[EOL]
[2026-09-22T07:26:45.601609Z][RH.transfer-xyz-gripper][W][2330306][135]CRTCyclicEvent.cpp:TimeMissed():101|Cycle miss in event CCSICombinedCmdManager Cyclic Event. Time Overrun is 7782 us[EOL]
[2026-09-22T07:26:45.601647Z][RH.transfer-xyz-gripper][W][2330306][135]CRTCyclicEvent.cpp:TimeMissed():101|Cycle miss in event CCSICombinedRepManager. Time Overrun is 7782 us[EOL]
[2026-09-22T07:26:45.752727Z][RH.newgen-samplerecognitioncamera][W][2330306][136]CRTCyclicEvent.cpp:TimeMissed():101|Cycle miss in event CCSICombinedCmdManager Cyclic Event. Time Overrun is 31734 us[EOL]
[2026-09-22T07:26:45.752815Z][RH.newgen-samplerecognitioncamera][W][2330306][136]CRTCyclicEvent.cpp:TimeMissed():101|Cycle miss in event CCSICombinedRepManager. Time Overrun is 31734 us[EOL]
[2026-09-22T07:26:45.752183Z][RH.newgen-rackhandler][W][2330306][153]CRTCyclicEvent.cpp:TimeMissed():101|Cycle miss in event CCSICyclicRepManager. Time Overrun is 2365 us[EOL]
[2026-09-22T07:26:45.915337Z][RH.newgen-rackhandler][W][2330306][153]CRTCyclicEvent.cpp:TimeMissed():101|Cycle miss in event CCSICombinedCmdManager Cyclic Event. Time Overrun is 45939 us[EOL]
[2026-09-22T07:26:46.084181Z][RH.newgen-rackhandler][W][2330306][153]CRTCyclicEvent.cpp:TimeMissed():101|Cycle miss in event CCSICombinedCmdManager Cyclic Event. Time Overrun is 54781 us[EOL]
[2026-09-22T07:26:46.082885Z][RH.newgen-samplerecognitioncamera][W][2330306][136]CRTCyclicEvent.cpp:TimeMissed():101|Cycle miss in event CCSICombinedCmdManager Cyclic Event. Time Overrun is 141917 us[EOL]
[2026-09-22T07:26:46.082945Z][RH.newgen-samplerecognitioncamera][W][2330306][136]CRTCyclicEvent.cpp:TimeMissed():101|Cycle miss in event CCSICombinedRepManager. Time Overrun is 141917 us[EOL]
[2026-09-22T07:26:46.228697Z][RH.newgen-rackhandler][W][2330306][153]CRTCyclicEvent.cpp:TimeMissed():101|Cycle miss in event CCSICombinedCmdManager Cyclic Event. Time Overrun is 29296 us[EOL]
[2026-09-22T07:26:46.082974Z][RH.newgen-samplerecognitioncamera][W][2330306][136]CRTCyclicEvent.cpp:TimeMissed():101|Cycle miss in event CCSICyclicRepManager. Time Overrun is 51843 us[EOL]
[2026-09-22T07:26:46.387375Z][RH.newgen-rackhandler][W][2330306][153]CRTCyclicEvent.cpp:TimeMissed():101|Cycle miss in event CCSICombinedCmdManager Cyclic Event. Time Overrun is 27978 us[EOL]
[2026-09-22T07:26:46.230311Z][RH.newgen-samplerecognitioncamera][W][2330306][136]CRTCyclicEvent.cpp:TimeMissed():101|Cycle miss in event CCSICombinedCmdManager Cyclic Event. Time Overrun is 29344 us[EOL]
[2026-09-22T07:26:46.230339Z][RH.newgen-samplerecognitioncamera][W][2330306][136]CRTCyclicEvent.cpp:TimeMissed():101|Cycle miss in event CCSICombinedRepManager. Time Overrun is 29344 us[EOL]
[2026-09-22T07:26:46.386842Z][RH.newgen-samplerecognitioncamera][W][2330306][136]CRTCyclicEvent.cpp:TimeMissed():101|Cycle miss in event CCSICombinedCmdManager Cyclic Event. Time Overrun is 35877 us[EOL]
[2026-09-22T07:26:46.386864Z][RH.newgen-samplerecognitioncamera][W][2330306][136]CRTCyclicEvent.cpp:TimeMissed():101|Cycle miss in event CCSICombinedRepManager. Time Overrun is 35877 us[EOL]
[2026-09-22T07:26:46.083792Z][RH.transfer-xyz-gripper][W][2330306][135]CRTCyclicEvent.cpp:TimeMissed():101|Cycle miss in event CCSICombinedCmdManager Cyclic Event. Time Overrun is 139960 us[EOL]
[2026-09-22T07:26:46.083860Z][RH.transfer-xyz-gripper][W][2330306][135]CRTCyclicEvent.cpp:TimeMissed():101|Cycle miss in event CCSICombinedRepManager. Time Overrun is 139960 us[EOL]
[2026-09-22T07:26:46.508707Z][RH.newgen-rackhandler][W][2330306][153]CRTCyclicEvent.cpp:TimeMissed():101|Cycle miss in event CCSICombinedCmdManager Cyclic Event. Time Overrun is 9306 us[EOL]
[2026-09-22T07:26:46.227364Z][RH.transfer-xyz-gripper][W][2330306][135]CRTCyclicEvent.cpp:TimeMissed():101|Cycle miss in event CCSICombinedCmdManager Cyclic Event. Time Overrun is 33522 us[EOL]
[2026-09-22T07:26:46.227450Z][RH.transfer-xyz-gripper][W][2330306][135]CRTCyclicEvent.cpp:TimeMissed():101|Cycle miss in event CCSICombinedRepManager. Time Overrun is 33522 us[EOL]
[2026-09-22T07:26:46.472778Z][RH.transfer-xyz-gripper][W][2330306][135]CRTCyclicEvent.cpp:TimeMissed():101|Cycle miss in event CCSICombinedCmdManager Cyclic Event. Time Overrun is 8955 us[EOL]
[2026-09-22T07:26:46.472802Z][RH.transfer-xyz-gripper][W][2330306][135]CRTCyclicEvent.cpp:TimeMissed():101|Cycle miss in event CCSICombinedRepManager. Time Overrun is 8955 us[EOL]
[2026-09-22T07:26:46.626865Z][RH.newgen-samplerecognitioncamera][W][2330306][136]CRTCyclicEvent.cpp:TimeMissed():101|Cycle miss in event CCSICombinedCmdManager Cyclic Event. Time Overrun is 5901 us[EOL]
[2026-09-22T07:26:46.626890Z][RH.newgen-samplerecognitioncamera][W][2330306][136]CRTCyclicEvent.cpp:TimeMissed():101|Cycle miss in event CCSICombinedRepManager. Time Overrun is 5901 us[EOL]
[2026-09-22T07:26:46.627829Z][RH.newgen-rackhandler][W][2330306][153]CRTCyclicEvent.cpp:TimeMissed():101|Cycle miss in event CCSICombinedCmdManager Cyclic Event. Time Overrun is 8432 us[EOL]
[2026-09-22T07:26:46.628134Z][RH.transfer-xyz-gripper][W][2330306][135]CRTCyclicEvent.cpp:TimeMissed():101|Cycle miss in event CCSICombinedCmdManager Cyclic Event. Time Overrun is 4308 us[EOL]
[2026-09-22T07:26:46.628174Z][RH.transfer-xyz-gripper][W][2330306][135]CRTCyclicEvent.cpp:TimeMissed():101|Cycle miss in event CCSICombinedRepManager. Time Overrun is 4308 us[EOL]
[2026-09-22T07:26:46.747817Z][RH.newgen-rackhandler][W][2330306][153]CRTCyclicEvent.cpp:TimeMissed():101|Cycle miss in event CCSICombinedCmdManager Cyclic Event. Time Overrun is 8421 us[EOL]
[2026-09-22T07:26:46.747995Z][RH.newgen-samplerecognitioncamera][W][2330306][136]CRTCyclicEvent.cpp:TimeMissed():101|Cycle miss in event CCSICombinedCmdManager Cyclic Event. Time Overrun is 7030 us[EOL]
[2026-09-22T07:26:46.748030Z][RH.newgen-samplerecognitioncamera][W][2330306][136]CRTCyclicEvent.cpp:TimeMissed():101|Cycle miss in event CCSICombinedRepManager. Time Overrun is 7030 us[EOL]
[2026-09-22T07:26:46.904100Z][RH.newgen-rackhandler][W][2330306][153]CRTCyclicEvent.cpp:TimeMissed():101|Cycle miss in event CCSICombinedCmdManager Cyclic Event. Time Overrun is 34704 us[EOL]
[2026-09-22T07:26:46.932110Z][RH.transfer-xyz-gripper][W][2330306][135]CRTCyclicEvent.cpp:TimeMissed():101|Cycle miss in event CCSICombinedCmdManager Cyclic Event. Time Overrun is 18284 us[EOL]
[2026-09-22T07:26:46.932151Z][RH.transfer-xyz-gripper][W][2330306][135]CRTCyclicEvent.cpp:TimeMissed():101|Cycle miss in event CCSICombinedRepManager. Time Overrun is 18284 us[EOL]
[2026-09-22T07:26:46.997579Z][RH.newgen-samplerecognitioncamera][W][2330306][136]CRTCyclicEvent.cpp:TimeMissed():101|Cycle miss in event CCSICombinedCmdManager Cyclic Event. Time Overrun is 46612 us[EOL]
[2026-09-22T07:26:46.997622Z][RH.newgen-samplerecognitioncamera][W][2330306][136]CRTCyclicEvent.cpp:TimeMissed():101|Cycle miss in event CCSICombinedRepManager. Time Overrun is 46612 us[EOL]
[2026-09-22T07:26:47.075424Z][RH.newgen-rackhandler][W][2330306][153]CRTCyclicEvent.cpp:TimeMissed():101|Cycle miss in event CCSICombinedCmdManager Cyclic Event. Time Overrun is 56028 us[EOL]
[2026-09-22T07:26:47.215323Z][RH.newgen-rackhandler][W][2330306][153]CRTCyclicEvent.cpp:TimeMissed():101|Cycle miss in event CCSICombinedCmdManager Cyclic Event. Time Overrun is 25924 us[EOL]
[2026-09-22T07:26:47.215082Z][RH.newgen-samplerecognitioncamera][W][2330306][136]CRTCyclicEvent.cpp:TimeMissed():101|Cycle miss in event CCSICombinedCmdManager Cyclic Event. Time Overrun is 94114 us[EOL]
[2026-09-22T07:26:47.215119Z][RH.newgen-samplerecognitioncamera][W][2330306][136]CRTCyclicEvent.cpp:TimeMissed():101|Cycle miss in event CCSICombinedRepManager. Time Overrun is 94114 us[EOL]
[2026-09-22T07:26:47.350341Z][RH.newgen-rackhandler][W][2330306][153]CRTCyclicEvent.cpp:TimeMissed():101|Cycle miss in event CCSICombinedCmdManager Cyclic Event. Time Overrun is 20944 us[EOL]
[2026-09-22T07:26:47.353093Z][RH.transfer-xyz-gripper][W][2330306][135]CRTCyclicEvent.cpp:TimeMissed():101|Cycle miss in event CCSICombinedCmdManager Cyclic Event. Time Overrun is 29270 us[EOL]
[2026-09-22T07:26:47.353125Z][RH.transfer-xyz-gripper][W][2330306][135]CRTCyclicEvent.cpp:TimeMissed():101|Cycle miss in event CCSICombinedRepManager. Time Overrun is 29270 us[EOL]
[2026-09-22T07:26:47.475773Z][RH.newgen-samplerecognitioncamera][W][2330306][136]CRTCyclicEvent.cpp:TimeMissed():101|Cycle miss in event CCSICombinedCmdManager Cyclic Event. Time Overrun is 34807 us[EOL]
[2026-09-22T07:26:47.475923Z][RH.newgen-samplerecognitioncamera][W][2330306][136]CRTCyclicEvent.cpp:TimeMissed():101|Cycle miss in event CCSICombinedRepManager. Time Overrun is 34807 us[EOL]
[2026-09-22T07:26:47.502559Z][RH.newgen-rackhandler][W][2330306][153]CRTCyclicEvent.cpp:TimeMissed():101|Cycle miss in event CCSICombinedCmdManager Cyclic Event. Time Overrun is 3164 us[EOL]
[2026-09-22T07:26:47.550344Z][RH.transfer-xyz-gripper][W][2330306][135]CRTCyclicEvent.cpp:TimeMissed():101|Cycle miss in event CCSICombinedCmdManager Cyclic Event. Time Overrun is 26418 us[EOL]
[2026-09-22T07:26:47.550422Z][RH.transfer-xyz-gripper][W][2330306][135]CRTCyclicEvent.cpp:TimeMissed():101|Cycle miss in event CCSICombinedRepManager. Time Overrun is 26418 us[EOL]
[2026-09-22T07:26:47.626785Z][RH.newgen-rackhandler][W][2330306][153]CRTCyclicEvent.cpp:TimeMissed():101|Cycle miss in event CCSICombinedCmdManager Cyclic Event. Time Overrun is 7387 us[EOL]
[2026-09-22T07:26:47.626595Z][RH.newgen-samplerecognitioncamera][W][2330306][136]CRTCyclicEvent.cpp:TimeMissed():101|Cycle miss in event CCSICombinedCmdManager Cyclic Event. Time Overrun is 35626 us[EOL]
[2026-09-22T07:26:47.626635Z][RH.newgen-samplerecognitioncamera][W][2330306][136]CRTCyclicEvent.cpp:TimeMissed():101|Cycle miss in event CCSICombinedRepManager. Time Overrun is 35626 us[EOL]
[2026-09-22T07:26:47.684223Z][RH.transfer-xyz-gripper][W][2330306][135]CRTCyclicEvent.cpp:TimeMissed():101|Cycle miss in event CCSICombinedCmdManager Cyclic Event. Time Overrun is 20400 us[EOL]
[2026-09-22T07:26:47.684248Z][RH.transfer-xyz-gripper][W][2330306][135]CRTCyclicEvent.cpp:TimeMissed():101|Cycle miss in event CCSICombinedRepManager. Time Overrun is 20400 us[EOL]
[2026-09-22T07:26:47.767474Z][RH.newgen-samplerecognitioncamera][W][2330306][136]CRTCyclicEvent.cpp:TimeMissed():101|Cycle miss in event CCSICombinedCmdManager Cyclic Event. Time Overrun is 26509 us[EOL]
[2026-09-22T07:26:47.767620Z][RH.newgen-samplerecognitioncamera][W][2330306][136]CRTCyclicEvent.cpp:TimeMissed():101|Cycle miss in event CCSICombinedRepManager. Time Overrun is 26509 us[EOL]
[2026-09-22T07:26:47.846867Z][RH.newgen-rackhandler][W][2330306][153]CRTCyclicEvent.cpp:TimeMissed():101|Cycle miss in event CCSICombinedCmdManager Cyclic Event. Time Overrun is 57466 us[EOL]
[2026-09-22T07:26:47.877820Z][RH.transfer-xyz-gripper][W][2330306][135]CRTCyclicEvent.cpp:TimeMissed():101|Cycle miss in event CCSICombinedCmdManager Cyclic Event. Time Overrun is 73998 us[EOL]
[2026-09-22T07:26:47.877846Z][RH.transfer-xyz-gripper][W][2330306][135]CRTCyclicEvent.cpp:TimeMissed():101|Cycle miss in event CCSICombinedRepManager. Time Overrun is 73998 us[EOL]
[2026-09-22T07:26:47.941547Z][RH.newgen-samplerecognitioncamera][W][2330306][136]CRTCyclicEvent.cpp:TimeMissed():101|Cycle miss in event CCSICombinedCmdManager Cyclic Event. Time Overrun is 60578 us[EOL]
[2026-09-22T07:26:47.941622Z][RH.newgen-samplerecognitioncamera][W][2330306][136]CRTCyclicEvent.cpp:TimeMissed():101|Cycle miss in event CCSICombinedRepManager. Time Overrun is 60578 us[EOL]
[2026-09-22T07:26:48.017395Z][RH.newgen-rackhandler][W][2330306][153]CRTCyclicEvent.cpp:TimeMissed():101|Cycle miss in event CCSICombinedCmdManager Cyclic Event. Time Overrun is 57998 us[EOL]
[2026-09-22T07:26:48.127424Z][RH.newgen-samplerecognitioncamera][W][2330306][136]CRTCyclicEvent.cpp:TimeMissed():101|Cycle miss in event CCSICombinedCmdManager Cyclic Event. Time Overrun is 6456 us[EOL]
[2026-09-22T07:26:48.127468Z][RH.newgen-samplerecognitioncamera][W][2330306][136]CRTCyclicEvent.cpp:TimeMissed():101|Cycle miss in event CCSICombinedRepManager. Time Overrun is 6456 us[EOL]
[2026-09-22T07:26:48.210096Z][RH.newgen-rackhandler][W][2330306][153]CRTCyclicEvent.cpp:TimeMissed():101|Cycle miss in event CCSICombinedCmdManager Cyclic Event. Time Overrun is 20700 us[EOL]
[2026-09-22T07:26:48.333822Z][RH.newgen-rackhandler][W][2330306][153]CRTCyclicEvent.cpp:TimeMissed():101|Cycle miss in event CCSICombinedCmdManager Cyclic Event. Time Overrun is 4422 us[EOL]
[2026-09-22T07:26:48.406942Z][RH.transfer-xyz-gripper][W][2330306][135]CRTCyclicEvent.cpp:TimeMissed():101|Cycle miss in event CCSICombinedCmdManager Cyclic Event. Time Overrun is 53119 us[EOL]
[2026-09-22T07:26:48.406973Z][RH.transfer-xyz-gripper][W][2330306][135]CRTCyclicEvent.cpp:TimeMissed():101|Cycle miss in event CCSICombinedRepManager. Time Overrun is 53119 us[EOL]
[2026-09-22T07:26:48.471101Z][RH.newgen-samplerecognitioncamera][W][2330306][136]CRTCyclicEvent.cpp:TimeMissed():101|Cycle miss in event CCSICombinedCmdManager Cyclic Event. Time Overrun is 40134 us[EOL]
[2026-09-22T07:26:48.470470Z][RH.newgen-rackhandler][W][2330306][153]CRTCyclicEvent.cpp:TimeMissed():101|Cycle miss in event CCSICombinedCmdManager Cyclic Event. Time Overrun is 21074 us[EOL]
[2026-09-22T07:26:48.471151Z][RH.newgen-samplerecognitioncamera][W][2330306][136]CRTCyclicEvent.cpp:TimeMissed():101|Cycle miss in event CCSICombinedRepManager. Time Overrun is 40134 us[EOL]
[2026-09-22T07:26:48.532659Z][RH.transfer-xyz-gripper][W][2330306][135]CRTCyclicEvent.cpp:TimeMissed():101|Cycle miss in event CCSICombinedCmdManager Cyclic Event. Time Overrun is 8836 us[EOL]
[2026-09-22T07:26:48.532695Z][RH.transfer-xyz-gripper][W][2330306][135]CRTCyclicEvent.cpp:TimeMissed():101|Cycle miss in event CCSICombinedRepManager. Time Overrun is 8836 us[EOL]
[2026-09-22T07:26:48.591667Z][RH.newgen-rackhandler][W][2330306][153]CRTCyclicEvent.cpp:TimeMissed():101|Cycle miss in event CCSICombinedCmdManager Cyclic Event. Time Overrun is 2261 us[EOL]
[2026-09-22T07:26:48.591950Z][RH.newgen-samplerecognitioncamera][W][2330306][136]CRTCyclicEvent.cpp:TimeMissed():101|Cycle miss in event CCSICombinedCmdManager Cyclic Event. Time Overrun is 983 us[EOL]
[2026-09-22T07:26:48.591985Z][RH.newgen-samplerecognitioncamera][W][2330306][136]CRTCyclicEvent.cpp:TimeMissed():101|Cycle miss in event CCSICombinedRepManager. Time Overrun is 983 us[EOL]
[2026-09-22T07:26:48.772408Z][RH.newgen-rackhandler][W][2330306][153]CRTCyclicEvent.cpp:TimeMissed():101|Cycle miss in event CCSICombinedCmdManager Cyclic Event. Time Overrun is 43008 us[EOL]
[2026-09-22T07:26:48.773108Z][RH.transfer-xyz-gripper][W][2330306][135]CRTCyclicEvent.cpp:TimeMissed():101|Cycle miss in event CCSICombinedCmdManager Cyclic Event. Time Overrun is 19284 us[EOL]
[2026-09-22T07:26:48.772965Z][RH.newgen-samplerecognitioncamera][W][2330306][136]CRTCyclicEvent.cpp:TimeMissed():101|Cycle miss in event CCSICombinedCmdManager Cyclic Event. Time Overrun is 22000 us[EOL]
[2026-09-22T07:26:48.773134Z][RH.transfer-xyz-gripper][W][2330306][135]CRTCyclicEvent.cpp:TimeMissed():101|Cycle miss in event CCSICombinedRepManager. Time Overrun is 19284 us[EOL]
[2026-09-22T07:26:48.773000Z][RH.newgen-samplerecognitioncamera][W][2330306][136]CRTCyclicEvent.cpp:TimeMissed():101|Cycle miss in event CCSICombinedRepManager. Time Overrun is 22000 us[EOL]
[2026-09-22T07:26:48.893644Z][RH.newgen-rackhandler][W][2330306][153]CRTCyclicEvent.cpp:TimeMissed():101|Cycle miss in event CCSICombinedCmdManager Cyclic Event. Time Overrun is 4248 us[EOL]
[2026-09-22T07:26:48.893565Z][RH.transfer-xyz-gripper][W][2330306][135]CRTCyclicEvent.cpp:TimeMissed():101|Cycle miss in event CCSICombinedCmdManager Cyclic Event. Time Overrun is 9742 us[EOL]
[2026-09-22T07:26:48.892018Z][RH.newgen-samplerecognitioncamera][W][2330306][136]CRTCyclicEvent.cpp:TimeMissed():101|Cycle miss in event CCSICombinedCmdManager Cyclic Event. Time Overrun is 1053 us[EOL]
[2026-09-22T07:26:48.893595Z][RH.transfer-xyz-gripper][W][2330306][135]CRTCyclicEvent.cpp:TimeMissed():101|Cycle miss in event CCSICombinedRepManager. Time Overrun is 9742 us[EOL]
[2026-09-22T07:26:48.892042Z][RH.newgen-samplerecognitioncamera][W][2330306][136]CRTCyclicEvent.cpp:TimeMissed():101|Cycle miss in event CCSICombinedRepManager. Time Overrun is 1053 us[EOL]
[2026-09-22T07:26:49.028324Z][RH.newgen-rackhandler][W][2330306][153]CRTCyclicEvent.cpp:TimeMissed():101|Cycle miss in event CCSICombinedCmdManager Cyclic Event. Time Overrun is 18924 us[EOL]
[2026-09-22T07:26:49.028889Z][RH.newgen-samplerecognitioncamera][W][2330306][136]CRTCyclicEvent.cpp:TimeMissed():101|Cycle miss in event CCSICombinedCmdManager Cyclic Event. Time Overrun is 17920 us[EOL]
[2026-09-22T07:26:49.028927Z][RH.newgen-samplerecognitioncamera][W][2330306][136]CRTCyclicEvent.cpp:TimeMissed():101|Cycle miss in event CCSICombinedRepManager. Time Overrun is 17920 us[EOL]
[2026-09-22T07:26:49.029573Z][RH.transfer-xyz-gripper][W][2330306][135]CRTCyclicEvent.cpp:TimeMissed():101|Cycle miss in event CCSICombinedCmdManager Cyclic Event. Time Overrun is 15747 us[EOL]
[2026-09-22T07:26:49.029612Z][RH.transfer-xyz-gripper][W][2330306][135]CRTCyclicEvent.cpp:TimeMissed():101|Cycle miss in event CCSICombinedRepManager. Time Overrun is 15747 us[EOL]
[2026-09-22T07:26:49.140268Z][RH.newgen-rackhandler][W][2330306][153]CRTCyclicEvent.cpp:TimeMissed():101|Cycle miss in event CCSICombinedCmdManager Cyclic Event. Time Overrun is 869 us[EOL]
[2026-09-22T07:26:49.155641Z][RH.transfer-xyz-gripper][W][2330306][135]CRTCyclicEvent.cpp:TimeMissed():101|Cycle miss in event CCSICombinedCmdManager Cyclic Event. Time Overrun is 1784 us[EOL]
[2026-09-22T07:26:49.155695Z][RH.transfer-xyz-gripper][W][2330306][135]CRTCyclicEvent.cpp:TimeMissed():101|Cycle miss in event CCSICombinedRepManager. Time Overrun is 1784 us[EOL]
[2026-09-22T07:26:49.173676Z][RH.newgen-samplerecognitioncamera][W][2330306][136]CRTCyclicEvent.cpp:TimeMissed():101|Cycle miss in event CCSICombinedCmdManager Cyclic Event. Time Overrun is 2710 us[EOL]
[2026-09-22T07:26:49.173710Z][RH.newgen-samplerecognitioncamera][W][2330306][136]CRTCyclicEvent.cpp:TimeMissed():101|Cycle miss in event CCSICombinedRepManager. Time Overrun is 2710 us[EOL]
[2026-09-22T07:26:49.292162Z][RH.transfer-xyz-gripper][W][2330306][135]CRTCyclicEvent.cpp:TimeMissed():101|Cycle miss in event CCSICombinedCmdManager Cyclic Event. Time Overrun is 18338 us[EOL]
[2026-09-22T07:26:49.292328Z][RH.newgen-rackhandler][W][2330306][153]CRTCyclicEvent.cpp:TimeMissed():101|Cycle miss in event CCSICombinedCmdManager Cyclic Event. Time Overrun is 32927 us[EOL]
[2026-09-22T07:26:49.292195Z][RH.transfer-xyz-gripper][W][2330306][135]CRTCyclicEvent.cpp:TimeMissed():101|Cycle miss in event CCSICombinedRepManager. Time Overrun is 18338 us[EOL]
[2026-09-22T07:26:49.292762Z][RH.newgen-samplerecognitioncamera][W][2330306][136]CRTCyclicEvent.cpp:TimeMissed():101|Cycle miss in event CCSICombinedCmdManager Cyclic Event. Time Overrun is 1791 us[EOL]
[2026-09-22T07:26:49.292794Z][RH.newgen-samplerecognitioncamera][W][2330306][136]CRTCyclicEvent.cpp:TimeMissed():101|Cycle miss in event CCSICombinedRepManager. Time Overrun is 1791 us[EOL]
[2026-09-22T07:26:49.432306Z][RH.newgen-samplerecognitioncamera][W][2330306][136]CRTCyclicEvent.cpp:TimeMissed():101|Cycle miss in event CCSICombinedCmdManager Cyclic Event. Time Overrun is 21340 us[EOL]
[2026-09-22T07:26:49.432343Z][RH.newgen-samplerecognitioncamera][W][2330306][136]CRTCyclicEvent.cpp:TimeMissed():101|Cycle miss in event CCSICombinedRepManager. Time Overrun is 21340 us[EOL]
[2026-09-22T07:26:49.431460Z][RH.newgen-rackhandler][W][2330306][153]CRTCyclicEvent.cpp:TimeMissed():101|Cycle miss in event CCSICombinedCmdManager Cyclic Event. Time Overrun is 22061 us[EOL]
[2026-09-22T07:26:49.431227Z][RH.transfer-xyz-gripper][W][2330306][135]CRTCyclicEvent.cpp:TimeMissed():101|Cycle miss in event CCSICombinedCmdManager Cyclic Event. Time Overrun is 27400 us[EOL]
[2026-09-22T07:26:49.431278Z][RH.transfer-xyz-gripper][W][2330306][135]CRTCyclicEvent.cpp:TimeMissed():101|Cycle miss in event CCSICombinedRepManager. Time Overrun is 27400 us[EOL]
[2026-09-22T07:26:49.569997Z][RH.newgen-samplerecognitioncamera][W][2330306][136]CRTCyclicEvent.cpp:TimeMissed():101|Cycle miss in event CCSICombinedCmdManager Cyclic Event. Time Overrun is 9030 us[EOL]
[2026-09-22T07:26:49.570379Z][RH.newgen-rackhandler][W][2330306][153]CRTCyclicEvent.cpp:TimeMissed():101|Cycle miss in event CCSICombinedCmdManager Cyclic Event. Time Overrun is 20984 us[EOL]
[2026-09-22T07:26:49.570451Z][RH.transfer-xyz-gripper][W][2330306][135]CRTCyclicEvent.cpp:TimeMissed():101|Cycle miss in event CCSICombinedCmdManager Cyclic Event. Time Overrun is 26621 us[EOL]
[2026-09-22T07:26:49.570033Z][RH.newgen-samplerecognitioncamera][W][2330306][136]CRTCyclicEvent.cpp:TimeMissed():101|Cycle miss in event CCSICombinedRepManager. Time Overrun is 9030 us[EOL]
[2026-09-22T07:26:49.570484Z][RH.transfer-xyz-gripper][W][2330306][135]CRTCyclicEvent.cpp:TimeMissed():101|Cycle miss in event CCSICombinedRepManager. Time Overrun is 26621 us[EOL]
[2026-09-22T07:26:49.695681Z][RH.newgen-rackhandler][W][2330306][153]CRTCyclicEvent.cpp:TimeMissed():101|Cycle miss in event CCSICombinedCmdManager Cyclic Event. Time Overrun is 6282 us[EOL]
[2026-09-22T07:26:49.695093Z][RH.transfer-xyz-gripper][W][2330306][135]CRTCyclicEvent.cpp:TimeMissed():101|Cycle miss in event CCSICombinedCmdManager Cyclic Event. Time Overrun is 1268 us[EOL]
[2026-09-22T07:26:49.695135Z][RH.transfer-xyz-gripper][W][2330306][135]CRTCyclicEvent.cpp:TimeMissed():101|Cycle miss in event CCSICombinedRepManager. Time Overrun is 1268 us[EOL]
[2026-09-22T07:26:49.820107Z][RH.newgen-rackhandler][W][2330306][153]CRTCyclicEvent.cpp:TimeMissed():101|Cycle miss in event CCSICombinedCmdManager Cyclic Event. Time Overrun is 10709 us[EOL]
[2026-09-22T07:26:49.695813Z][RH.newgen-samplerecognitioncamera][W][2330306][136]CRTCyclicEvent.cpp:TimeMissed():101|Cycle miss in event CCSICombinedCmdManager Cyclic Event. Time Overrun is 4848 us[EOL]
[2026-09-22T07:26:49.695842Z][RH.newgen-samplerecognitioncamera][W][2330306][136]CRTCyclicEvent.cpp:TimeMissed():101|Cycle miss in event CCSICombinedRepManager. Time Overrun is 4848 us[EOL]
[2026-09-22T07:26:49.887460Z][RH.transfer-xyz-gripper][W][2330306][135]CRTCyclicEvent.cpp:TimeMissed():101|Cycle miss in event CCSICombinedCmdManager Cyclic Event. Time Overrun is 53635 us[EOL]
[2026-09-22T07:26:49.887955Z][RH.newgen-samplerecognitioncamera][W][2330306][136]CRTCyclicEvent.cpp:TimeMissed():101|Cycle miss in event CCSICombinedCmdManager Cyclic Event. Time Overrun is 46988 us[EOL]
[2026-09-22T07:26:49.887497Z][RH.transfer-xyz-gripper][W][2330306][135]CRTCyclicEvent.cpp:TimeMissed():101|Cycle miss in event CCSICombinedRepManager. Time Overrun is 53635 us[EOL]
[2026-09-22T07:26:49.887984Z][RH.newgen-samplerecognitioncamera][W][2330306][136]CRTCyclicEvent.cpp:TimeMissed():101|Cycle miss in event CCSICombinedRepManager. Time Overrun is 46988 us[EOL]
[2026-09-22T07:26:50.018342Z][RH.transfer-xyz-gripper][W][2330306][135]CRTCyclicEvent.cpp:TimeMissed():101|Cycle miss in event CCSICombinedCmdManager Cyclic Event. Time Overrun is 4516 us[EOL]
[2026-09-22T07:26:50.018338Z][RH.newgen-samplerecognitioncamera][W][2330306][136]CRTCyclicEvent.cpp:TimeMissed():101|Cycle miss in event CCSICombinedCmdManager Cyclic Event. Time Overrun is 7370 us[EOL]
[2026-09-22T07:26:50.018376Z][RH.transfer-xyz-gripper][W][2330306][135]CRTCyclicEvent.cpp:TimeMissed():101|Cycle miss in event CCSICombinedRepManager. Time Overrun is 4516 us[EOL]
[2026-09-22T07:26:50.018371Z][RH.newgen-samplerecognitioncamera][W][2330306][136]CRTCyclicEvent.cpp:TimeMissed():101|Cycle miss in event CCSICombinedRepManager. Time Overrun is 7370 us[EOL]
[2026-09-22T07:26:50.138097Z][RH.newgen-samplerecognitioncamera][W][2330306][136]CRTCyclicEvent.cpp:TimeMissed():101|Cycle miss in event CCSICombinedCmdManager Cyclic Event. Time Overrun is 7128 us[EOL]
[2026-09-22T07:26:50.138154Z][RH.newgen-samplerecognitioncamera][W][2330306][136]CRTCyclicEvent.cpp:TimeMissed():101|Cycle miss in event CCSICombinedRepManager. Time Overrun is 7128 us[EOL]
[2026-09-22T07:26:50.295384Z][RH.newgen-samplerecognitioncamera][W][2330306][136]CRTCyclicEvent.cpp:TimeMissed():101|Cycle miss in event CCSICombinedCmdManager Cyclic Event. Time Overrun is 34417 us[EOL]
[2026-09-22T07:26:50.295462Z][RH.newgen-samplerecognitioncamera][W][2330306][136]CRTCyclicEvent.cpp:TimeMissed():101|Cycle miss in event CCSICombinedRepManager. Time Overrun is 34417 us[EOL]
[2026-09-22T07:26:50.410799Z][RH.newgen-rackhandler][W][2330306][153]CRTCyclicEvent.cpp:TimeMissed():101|Cycle miss in event CCSICombinedCmdManager Cyclic Event. Time Overrun is 31403 us[EOL]
[2026-09-22T07:26:50.557836Z][RH.newgen-rackhandler][W][2330306][153]CRTCyclicEvent.cpp:TimeMissed():101|Cycle miss in event CCSICombinedCmdManager Cyclic Event. Time Overrun is 28438 us[EOL]
[2026-09-22T07:26:50.648577Z][RH.newgen-samplerecognitioncamera][W][2330306][136]CRTCyclicEvent.cpp:TimeMissed():101|Cycle miss in event CCSICombinedCmdManager Cyclic Event. Time Overrun is 17612 us[EOL]
[2026-09-22T07:26:50.648610Z][RH.newgen-samplerecognitioncamera][W][2330306][136]CRTCyclicEvent.cpp:TimeMissed():101|Cycle miss in event CCSICombinedRepManager. Time Overrun is 17612 us[EOL]
[2026-09-22T07:26:50.682248Z][RH.newgen-rackhandler][W][2330306][153]CRTCyclicEvent.cpp:TimeMissed():101|Cycle miss in event CCSICombinedCmdManager Cyclic Event. Time Overrun is 12850 us[EOL]
[2026-09-22T07:26:50.750451Z][RH.newgen-rackhandler][W][2330306][153]CRTCyclicEvent.cpp:TimeMissed():101|Cycle miss in event CCSICyclicRepManager. Time Overrun is 1600638 us[EOL]
[2026-09-22T07:26:50.777319Z][RH.newgen-samplerecognitioncamera][W][2330306][136]CRTCyclicEvent.cpp:TimeMissed():101|Cycle miss in event CCSICombinedCmdManager Cyclic Event. Time Overrun is 6354 us[EOL]
[2026-09-22T07:26:50.777397Z][RH.newgen-samplerecognitioncamera][W][2330306][136]CRTCyclicEvent.cpp:TimeMissed():101|Cycle miss in event CCSICombinedRepManager. Time Overrun is 6354 us[EOL]
[2026-09-22T07:26:50.848155Z][RH.newgen-rackhandler][W][2330306][153]CRTCyclicEvent.cpp:TimeMissed():101|Cycle miss in event CCSICombinedCmdManager Cyclic Event. Time Overrun is 28747 us[EOL]
[2026-09-22T07:26:50.979223Z][RH.newgen-rackhandler][W][2330306][153]CRTCyclicEvent.cpp:TimeMissed():101|Cycle miss in event CCSICombinedCmdManager Cyclic Event. Time Overrun is 9823 us[EOL]
[2026-09-22T07:26:51.100779Z][RH.newgen-rackhandler][W][2330306][153]CRTCyclicEvent.cpp:TimeMissed():101|Cycle miss in event CCSICombinedCmdManager Cyclic Event. Time Overrun is 11382 us[EOL]
[2026-09-22T07:26:51.279136Z][RH.newgen-rackhandler][W][2330306][153]CRTCyclicEvent.cpp:TimeMissed():101|Cycle miss in event CCSICombinedCmdManager Cyclic Event. Time Overrun is 9739 us[EOL]
[2026-09-22T07:26:51.520389Z][RH.newgen-rackhandler][W][2330306][153]CRTCyclicEvent.cpp:TimeMissed():101|Cycle miss in event CCSICombinedCmdManager Cyclic Event. Time Overrun is 30994 us[EOL]
[2026-09-22T07:26:51.660270Z][RH.newgen-rackhandler][W][2330306][153]CRTCyclicEvent.cpp:TimeMissed():101|Cycle miss in event CCSICombinedCmdManager Cyclic Event. Time Overrun is 10873 us[EOL]
[2026-09-22T07:26:51.812922Z][RH.newgen-rackhandler][W][2330306][153]CRTCyclicEvent.cpp:TimeMissed():101|Cycle miss in event CCSICombinedCmdManager Cyclic Event. Time Overrun is 33513 us[EOL]
[2026-09-22T07:26:51.952512Z][RH.newgen-rackhandler][W][2330306][153]CRTCyclicEvent.cpp:TimeMissed():101|Cycle miss in event CCSICombinedCmdManager Cyclic Event. Time Overrun is 13113 us[EOL]
[2026-09-22T07:26:52.746797Z][RH.transfer-xyz-gripper][W][2330306][135]CRTCyclicEvent.cpp:TimeMissed():101|Cycle miss in event CCSICombinedCmdManager Cyclic Event. Time Overrun is 1882974 us[EOL]
[2026-09-22T07:26:52.747154Z][RH.newgen-samplerecognitioncamera][W][2330306][136]CRTCyclicEvent.cpp:TimeMissed():101|Cycle miss in event CCSICombinedCmdManager Cyclic Event. Time Overrun is 1856175 us[EOL]
[2026-09-22T07:26:52.746833Z][RH.transfer-xyz-gripper][W][2330306][135]CRTCyclicEvent.cpp:TimeMissed():101|Cycle miss in event CCSICombinedRepManager. Time Overrun is 1882974 us[EOL]
[2026-09-22T07:26:52.747214Z][RH.newgen-samplerecognitioncamera][W][2330306][136]CRTCyclicEvent.cpp:TimeMissed():101|Cycle miss in event CCSICombinedRepManager. Time Overrun is 1856175 us[EOL]
[2026-09-22T07:26:52.901966Z][RH.transfer-xyz-gripper][W][2330306][135]CRTCyclicEvent.cpp:TimeMissed():101|Cycle miss in event CCSICombinedCmdManager Cyclic Event. Time Overrun is 8139 us[EOL]
[2026-09-22T07:26:52.902007Z][RH.transfer-xyz-gripper][W][2330306][135]CRTCyclicEvent.cpp:TimeMissed():101|Cycle miss in event CCSICombinedRepManager. Time Overrun is 8139 us[EOL]
[2026-09-22T07:26:53.147229Z][RH.transfer-xyz-gripper][W][2330306][135]CRTCyclicEvent.cpp:TimeMissed():101|Cycle miss in event CCSICombinedCmdManager Cyclic Event. Time Overrun is 13404 us[EOL]
[2026-09-22T07:26:53.147267Z][RH.transfer-xyz-gripper][W][2330306][135]CRTCyclicEvent.cpp:TimeMissed():101|Cycle miss in event CCSICombinedRepManager. Time Overrun is 13404 us[EOL]
[2026-09-22T07:26:53.344396Z][RH.transfer-xyz-gripper][W][2330306][135]CRTCyclicEvent.cpp:TimeMissed():101|Cycle miss in event CCSICombinedCmdManager Cyclic Event. Time Overrun is 20569 us[EOL]
[2026-09-22T07:26:53.344451Z][RH.transfer-xyz-gripper][W][2330306][135]CRTCyclicEvent.cpp:TimeMissed():101|Cycle miss in event CCSICombinedRepManager. Time Overrun is 20569 us[EOL]
[2026-09-22T07:26:53.476658Z][RH.transfer-xyz-gripper][W][2330306][135]CRTCyclicEvent.cpp:TimeMissed():101|Cycle miss in event CCSICombinedCmdManager Cyclic Event. Time Overrun is 12831 us[EOL]
[2026-09-22T07:26:53.477063Z][RH.transfer-xyz-gripper][W][2330306][135]CRTCyclicEvent.cpp:TimeMissed():101|Cycle miss in event CCSICombinedRepManager. Time Overrun is 12831 us[EOL]
[2026-09-22T07:26:53.620709Z][RH.transfer-xyz-gripper][W][2330306][135]CRTCyclicEvent.cpp:TimeMissed():101|Cycle miss in event CCSICombinedCmdManager Cyclic Event. Time Overrun is 16883 us[EOL]
[2026-09-22T07:26:53.620751Z][RH.transfer-xyz-gripper][W][2330306][135]CRTCyclicEvent.cpp:TimeMissed():101|Cycle miss in event CCSICombinedRepManager. Time Overrun is 16883 us[EOL]
[2026-09-22T07:26:53.744424Z][RH.transfer-xyz-gripper][W][2330306][135]CRTCyclicEvent.cpp:TimeMissed():101|Cycle miss in event CCSICombinedCmdManager Cyclic Event. Time Overrun is 599 us[EOL]
[2026-09-22T07:26:53.744456Z][RH.transfer-xyz-gripper][W][2330306][135]CRTCyclicEvent.cpp:TimeMissed():101|Cycle miss in event CCSICombinedRepManager. Time Overrun is 599 us[EOL]
[2026-09-22T07:26:53.897054Z][RH.newgen-samplerecognitioncamera][W][2330306][136]CRTCyclicEvent.cpp:TimeMissed():101|Cycle miss in event CCSICyclicRepManager. Time Overrun is 1265916 us[EOL]
[2026-09-22T07:26:54.215639Z][RH.newgen-rackhandler][W][2330306][153]CRTCyclicEvent.cpp:TimeMissed():101|Cycle miss in event CCSICombinedCmdManager Cyclic Event. Time Overrun is 1406240 us[EOL]
[2026-09-22T07:26:54.215864Z][RH.newgen-samplerecognitioncamera][W][2330306][136]CRTCyclicEvent.cpp:TimeMissed():101|Cycle miss in event CCSICombinedCmdManager Cyclic Event. Time Overrun is 1354900 us[EOL]
[2026-09-22T07:26:54.215882Z][RH.newgen-samplerecognitioncamera][W][2330306][136]CRTCyclicEvent.cpp:TimeMissed():101|Cycle miss in event CCSICombinedRepManager. Time Overrun is 1354900 us[EOL]
[2026-09-22T07:26:54.215815Z][RH.newgen-rackhandler][W][2330306][153]CRTCyclicEvent.cpp:TimeMissed():101|Cycle miss in event CCSICyclicRepManager. Time Overrun is 1265998 us[EOL]
[2026-09-22T07:26:54.264425Z][RH.transfer-xyz-gripper][W][2330306][135]CRTCyclicEvent.cpp:TimeMissed():101|Cycle miss in event CCSICombinedCmdManager Cyclic Event. Time Overrun is 10602 us[EOL]
[2026-09-22T07:26:54.264474Z][RH.transfer-xyz-gripper][W][2330306][135]CRTCyclicEvent.cpp:TimeMissed():101|Cycle miss in event CCSICombinedRepManager. Time Overrun is 10602 us[EOL]
[2026-09-22T07:26:54.377211Z][RH.newgen-rackhandler][W][2330306][153]CRTCyclicEvent.cpp:TimeMissed():101|Cycle miss in event CCSICombinedCmdManager Cyclic Event. Time Overrun is 7815 us[EOL]
[2026-09-22T07:26:54.401511Z][RH.transfer-xyz-gripper][W][2330306][135]CRTCyclicEvent.cpp:TimeMissed():101|Cycle miss in event CCSICombinedCmdManager Cyclic Event. Time Overrun is 17681 us[EOL]
[2026-09-22T07:26:54.401623Z][RH.transfer-xyz-gripper][W][2330306][135]CRTCyclicEvent.cpp:TimeMissed():101|Cycle miss in event CCSICombinedRepManager. Time Overrun is 17681 us[EOL]
[2026-09-22T07:26:54.579697Z][RH.newgen-rackhandler][W][2330306][153]CRTCyclicEvent.cpp:TimeMissed():101|Cycle miss in event CCSICombinedCmdManager Cyclic Event. Time Overrun is 30296 us[EOL]
[2026-09-22T07:26:54.612178Z][RH.transfer-xyz-gripper][W][2330306][135]CRTCyclicEvent.cpp:TimeMissed():101|Cycle miss in event CCSICombinedCmdManager Cyclic Event. Time Overrun is 8350 us[EOL]
[2026-09-22T07:26:54.612267Z][RH.transfer-xyz-gripper][W][2330306][135]CRTCyclicEvent.cpp:TimeMissed():101|Cycle miss in event CCSICombinedRepManager. Time Overrun is 8350 us[EOL]
[2026-09-22T07:26:54.712185Z][RH.newgen-rackhandler][W][2330306][153]CRTCyclicEvent.cpp:TimeMissed():101|Cycle miss in event CCSICombinedCmdManager Cyclic Event. Time Overrun is 12788 us[EOL]
[2026-09-22T07:26:54.764443Z][RH.transfer-xyz-gripper][W][2330306][135]CRTCyclicEvent.cpp:TimeMissed():101|Cycle miss in event CCSICombinedCmdManager Cyclic Event. Time Overrun is 30617 us[EOL]
[2026-09-22T07:26:54.764479Z][RH.transfer-xyz-gripper][W][2330306][135]CRTCyclicEvent.cpp:TimeMissed():101|Cycle miss in event CCSICombinedRepManager. Time Overrun is 30617 us[EOL]
[2026-09-22T07:26:54.833564Z][RH.newgen-rackhandler][W][2330306][153]CRTCyclicEvent.cpp:TimeMissed():101|Cycle miss in event CCSICombinedCmdManager Cyclic Event. Time Overrun is 4167 us[EOL]
[2026-09-22T07:26:54.934742Z][RH.transfer-xyz-gripper][W][2330306][135]CRTCyclicEvent.cpp:TimeMissed():101|Cycle miss in event CCSICombinedCmdManager Cyclic Event. Time Overrun is 50919 us[EOL]
[2026-09-22T07:26:54.934773Z][RH.transfer-xyz-gripper][W][2330306][135]CRTCyclicEvent.cpp:TimeMissed():101|Cycle miss in event CCSICombinedRepManager. Time Overrun is 50919 us[EOL]
[2026-09-22T07:26:54.965237Z][RH.newgen-rackhandler][W][2330306][153]CRTCyclicEvent.cpp:TimeMissed():101|Cycle miss in event CCSICombinedCmdManager Cyclic Event. Time Overrun is 5841 us[EOL]
[2026-09-22T07:26:55.099904Z][RH.transfer-xyz-gripper][W][2330306][135]CRTCyclicEvent.cpp:TimeMissed():101|Cycle miss in event CCSICombinedCmdManager Cyclic Event. Time Overrun is 46079 us[EOL]
[2026-09-22T07:26:55.099639Z][RH.newgen-rackhandler][W][2330306][153]CRTCyclicEvent.cpp:TimeMissed():101|Cycle miss in event CCSICombinedCmdManager Cyclic Event. Time Overrun is 20240 us[EOL]
[2026-09-22T07:26:55.099953Z][RH.transfer-xyz-gripper][W][2330306][135]CRTCyclicEvent.cpp:TimeMissed():101|Cycle miss in event CCSICombinedRepManager. Time Overrun is 46079 us[EOL]
[2026-09-22T07:26:55.232371Z][RH.transfer-xyz-gripper][W][2330306][135]CRTCyclicEvent.cpp:TimeMissed():101|Cycle miss in event CCSICombinedCmdManager Cyclic Event. Time Overrun is 18544 us[EOL]
[2026-09-22T07:26:55.233084Z][RH.newgen-rackhandler][W][2330306][153]CRTCyclicEvent.cpp:TimeMissed():101|Cycle miss in event CCSICombinedCmdManager Cyclic Event. Time Overrun is 13683 us[EOL]
[2026-09-22T07:26:55.232438Z][RH.transfer-xyz-gripper][W][2330306][135]CRTCyclicEvent.cpp:TimeMissed():101|Cycle miss in event CCSICombinedRepManager. Time Overrun is 18544 us[EOL]
[2026-09-22T07:26:55.356119Z][RH.newgen-rackhandler][W][2330306][153]CRTCyclicEvent.cpp:TimeMissed():101|Cycle miss in event CCSICombinedCmdManager Cyclic Event. Time Overrun is 6720 us[EOL]
[2026-09-22T07:26:55.355122Z][RH.transfer-xyz-gripper][W][2330306][135]CRTCyclicEvent.cpp:TimeMissed():101|Cycle miss in event CCSICombinedCmdManager Cyclic Event. Time Overrun is 11299 us[EOL]
[2026-09-22T07:26:55.355234Z][RH.transfer-xyz-gripper][W][2330306][135]CRTCyclicEvent.cpp:TimeMissed():101|Cycle miss in event CCSICombinedRepManager. Time Overrun is 11299 us[EOL]
[2026-09-22T07:26:55.489788Z][RH.newgen-rackhandler][W][2330306][153]CRTCyclicEvent.cpp:TimeMissed():101|Cycle miss in event CCSICombinedCmdManager Cyclic Event. Time Overrun is 10389 us[EOL]
[2026-09-22T07:26:55.489365Z][RH.transfer-xyz-gripper][W][2330306][135]CRTCyclicEvent.cpp:TimeMissed():101|Cycle miss in event CCSICombinedCmdManager Cyclic Event. Time Overrun is 15540 us[EOL]
[2026-09-22T07:26:55.489401Z][RH.transfer-xyz-gripper][W][2330306][135]CRTCyclicEvent.cpp:TimeMissed():101|Cycle miss in event CCSICombinedRepManager. Time Overrun is 15540 us[EOL]
[2026-09-22T07:26:55.617016Z][RH.transfer-xyz-gripper][W][2330306][135]CRTCyclicEvent.cpp:TimeMissed():101|Cycle miss in event CCSICombinedCmdManager Cyclic Event. Time Overrun is 3194 us[EOL]
[2026-09-22T07:26:55.617047Z][RH.transfer-xyz-gripper][W][2330306][135]CRTCyclicEvent.cpp:TimeMissed():101|Cycle miss in event CCSICombinedRepManager. Time Overrun is 3194 us[EOL]
[2026-09-22T07:26:55.630337Z][RH.newgen-rackhandler][W][2330306][153]CRTCyclicEvent.cpp:TimeMissed():101|Cycle miss in event CCSICombinedCmdManager Cyclic Event. Time Overrun is 929 us[EOL]
[2026-09-22T07:26:55.753911Z][RH.transfer-xyz-gripper][W][2330306][135]CRTCyclicEvent.cpp:TimeMissed():101|Cycle miss in event CCSICombinedCmdManager Cyclic Event. Time Overrun is 10085 us[EOL]
[2026-09-22T07:26:55.753952Z][RH.transfer-xyz-gripper][W][2330306][135]CRTCyclicEvent.cpp:TimeMissed():101|Cycle miss in event CCSICombinedRepManager. Time Overrun is 10085 us[EOL]
[2026-09-22T07:26:55.802877Z][RH.newgen-rackhandler][W][2330306][153]CRTCyclicEvent.cpp:TimeMissed():101|Cycle miss in event CCSICombinedCmdManager Cyclic Event. Time Overrun is 33479 us[EOL]
[2026-09-22T07:26:55.891016Z][RH.transfer-xyz-gripper][W][2330306][135]CRTCyclicEvent.cpp:TimeMissed():101|Cycle miss in event CCSICombinedCmdManager Cyclic Event. Time Overrun is 17190 us[EOL]
[2026-09-22T07:26:55.891054Z][RH.transfer-xyz-gripper][W][2330306][135]CRTCyclicEvent.cpp:TimeMissed():101|Cycle miss in event CCSICombinedRepManager. Time Overrun is 17190 us[EOL]
[2026-09-22T07:26:55.931290Z][RH.newgen-samplerecognitioncamera][W][2330306][136]CRTCyclicEvent.cpp:TimeMissed():101|Cycle miss in event CCSICombinedCmdManager Cyclic Event. Time Overrun is 1600325 us[EOL]
[2026-09-22T07:26:55.931318Z][RH.newgen-samplerecognitioncamera][W][2330306][136]CRTCyclicEvent.cpp:TimeMissed():101|Cycle miss in event CCSICombinedRepManager. Time Overrun is 1600325 us[EOL]
[2026-09-22T07:26:56.046699Z][RH.transfer-xyz-gripper][W][2330306][135]CRTCyclicEvent.cpp:TimeMissed():101|Cycle miss in event CCSICombinedCmdManager Cyclic Event. Time Overrun is 42870 us[EOL]
[2026-09-22T07:26:56.046749Z][RH.transfer-xyz-gripper][W][2330306][135]CRTCyclicEvent.cpp:TimeMissed():101|Cycle miss in event CCSICombinedRepManager. Time Overrun is 42870 us[EOL]
[2026-09-22T07:26:56.230985Z][RH.transfer-xyz-gripper][W][2330306][135]CRTCyclicEvent.cpp:TimeMissed():101|Cycle miss in event CCSICombinedCmdManager Cyclic Event. Time Overrun is 67136 us[EOL]
[2026-09-22T07:26:56.231139Z][RH.transfer-xyz-gripper][W][2330306][135]CRTCyclicEvent.cpp:TimeMissed():101|Cycle miss in event CCSICombinedRepManager. Time Overrun is 67136 us[EOL]
[2026-09-22T07:26:56.230199Z][RH.newgen-samplerecognitioncamera][W][2330306][136]CRTCyclicEvent.cpp:TimeMissed():101|Cycle miss in event CCSICombinedCmdManager Cyclic Event. Time Overrun is 149229 us[EOL]
[2026-09-22T07:26:56.230247Z][RH.newgen-samplerecognitioncamera][W][2330306][136]CRTCyclicEvent.cpp:TimeMissed():101|Cycle miss in event CCSICombinedRepManager. Time Overrun is 149229 us[EOL]
[2026-09-22T07:26:56.350099Z][RH.newgen-samplerecognitioncamera][W][2330306][136]CRTCyclicEvent.cpp:TimeMissed():101|Cycle miss in event CCSICombinedCmdManager Cyclic Event. Time Overrun is 9131 us[EOL]
[2026-09-22T07:26:56.350130Z][RH.newgen-samplerecognitioncamera][W][2330306][136]CRTCyclicEvent.cpp:TimeMissed():101|Cycle miss in event CCSICombinedRepManager. Time Overrun is 9131 us[EOL]
[2026-09-22T07:26:56.464120Z][RH.newgen-samplerecognitioncamera][W][2330306][136]CRTCyclicEvent.cpp:TimeMissed():101|Cycle miss in event CCSICombinedCmdManager Cyclic Event. Time Overrun is 3154 us[EOL]
[2026-09-22T07:26:56.464163Z][RH.newgen-samplerecognitioncamera][W][2330306][136]CRTCyclicEvent.cpp:TimeMissed():101|Cycle miss in event CCSICombinedRepManager. Time Overrun is 3154 us[EOL]
[2026-09-22T07:26:56.702654Z][RH.newgen-samplerecognitioncamera][W][2330306][136]CRTCyclicEvent.cpp:TimeMissed():101|Cycle miss in event CCSICombinedCmdManager Cyclic Event. Time Overrun is 111664 us[EOL]
[2026-09-22T07:26:56.702761Z][RH.newgen-samplerecognitioncamera][W][2330306][136]CRTCyclicEvent.cpp:TimeMissed():101|Cycle miss in event CCSICombinedRepManager. Time Overrun is 111664 us[EOL]
[2026-09-22T07:26:56.439018Z][RH.transfer-xyz-gripper][W][2330306][135]CRTCyclicEvent.cpp:TimeMissed():101|Cycle miss in event CCSICombinedCmdManager Cyclic Event. Time Overrun is 25191 us[EOL]
[2026-09-22T07:26:56.439060Z][RH.transfer-xyz-gripper][W][2330306][135]CRTCyclicEvent.cpp:TimeMissed():101|Cycle miss in event CCSICombinedRepManager. Time Overrun is 25191 us[EOL]
[2026-09-22T07:26:56.565722Z][RH.transfer-xyz-gripper][W][2330306][135]CRTCyclicEvent.cpp:TimeMissed():101|Cycle miss in event CCSICombinedCmdManager Cyclic Event. Time Overrun is 11899 us[EOL]
[2026-09-22T07:26:56.565749Z][RH.transfer-xyz-gripper][W][2330306][135]CRTCyclicEvent.cpp:TimeMissed():101|Cycle miss in event CCSICombinedRepManager. Time Overrun is 11899 us[EOL]
[2026-09-22T07:26:56.705141Z][RH.transfer-xyz-gripper][W][2330306][135]CRTCyclicEvent.cpp:TimeMissed():101|Cycle miss in event CCSICombinedCmdManager Cyclic Event. Time Overrun is 21310 us[EOL]
[2026-09-22T07:26:56.705195Z][RH.transfer-xyz-gripper][W][2330306][135]CRTCyclicEvent.cpp:TimeMissed():101|Cycle miss in event CCSICombinedRepManager. Time Overrun is 21310 us[EOL]
[2026-09-22T07:26:56.969121Z][RH.newgen-rackhandler][W][2330306][153]CRTCyclicEvent.cpp:TimeMissed():101|Cycle miss in event CCSICyclicRepManager. Time Overrun is 19299 us[EOL]
[2026-09-22T07:26:56.827878Z][RH.newgen-samplerecognitioncamera][W][2330306][136]CRTCyclicEvent.cpp:TimeMissed():101|Cycle miss in event CCSICombinedCmdManager Cyclic Event. Time Overrun is 6912 us[EOL]
[2026-09-22T07:26:56.827917Z][RH.newgen-samplerecognitioncamera][W][2330306][136]CRTCyclicEvent.cpp:TimeMissed():101|Cycle miss in event CCSICombinedRepManager. Time Overrun is 6912 us[EOL]
[2026-09-22T07:26:56.969828Z][RH.newgen-samplerecognitioncamera][W][2330306][136]CRTCyclicEvent.cpp:TimeMissed():101|Cycle miss in event CCSICombinedCmdManager Cyclic Event. Time Overrun is 28855 us[EOL]
[2026-09-22T07:26:56.969968Z][RH.newgen-samplerecognitioncamera][W][2330306][136]CRTCyclicEvent.cpp:TimeMissed():101|Cycle miss in event CCSICombinedRepManager. Time Overrun is 28855 us[EOL]
[2026-09-22T07:26:57.083671Z][RH.newgen-samplerecognitioncamera][W][2330306][136]CRTCyclicEvent.cpp:TimeMissed():101|Cycle miss in event CCSICombinedCmdManager Cyclic Event. Time Overrun is 2705 us[EOL]
[2026-09-22T07:26:57.083703Z][RH.newgen-samplerecognitioncamera][W][2330306][136]CRTCyclicEvent.cpp:TimeMissed():101|Cycle miss in event CCSICombinedRepManager. Time Overrun is 2705 us[EOL]
[2026-09-22T07:26:57.296855Z][RH.newgen-samplerecognitioncamera][W][2330306][136]CRTCyclicEvent.cpp:TimeMissed():101|Cycle miss in event CCSICombinedCmdManager Cyclic Event. Time Overrun is 95883 us[EOL]
[2026-09-22T07:26:57.296903Z][RH.newgen-samplerecognitioncamera][W][2330306][136]CRTCyclicEvent.cpp:TimeMissed():101|Cycle miss in event CCSICombinedRepManager. Time Overrun is 95883 us[EOL]
[2026-09-22T07:26:57.578002Z][RH.newgen-samplerecognitioncamera][W][2330306][136]CRTCyclicEvent.cpp:TimeMissed():101|Cycle miss in event CCSICyclicRepManager. Time Overrun is 46864 us[EOL]
[2026-09-22T07:26:57.599084Z][RH.newgen-samplerecognitioncamera][W][2330306][136]CRTCyclicEvent.cpp:TimeMissed():101|Cycle miss in event CCSICombinedCmdManager Cyclic Event. Time Overrun is 168116 us[EOL]
[2026-09-22T07:26:57.599115Z][RH.newgen-samplerecognitioncamera][W][2330306][136]CRTCyclicEvent.cpp:TimeMissed():101|Cycle miss in event CCSICombinedRepManager. Time Overrun is 168116 us[EOL]
[2026-09-22T07:26:57.830111Z][RH.newgen-samplerecognitioncamera][W][2330306][136]CRTCyclicEvent.cpp:TimeMissed():101|Cycle miss in event CCSICombinedCmdManager Cyclic Event. Time Overrun is 119136 us[EOL]
[2026-09-22T07:26:57.830153Z][RH.newgen-samplerecognitioncamera][W][2330306][136]CRTCyclicEvent.cpp:TimeMissed():101|Cycle miss in event CCSICombinedRepManager. Time Overrun is 119136 us[EOL]
[2026-09-22T07:26:57.955756Z][RH.newgen-samplerecognitioncamera][W][2330306][136]CRTCyclicEvent.cpp:TimeMissed():101|Cycle miss in event CCSICombinedCmdManager Cyclic Event. Time Overrun is 14790 us[EOL]
[2026-09-22T07:26:57.955785Z][RH.newgen-samplerecognitioncamera][W][2330306][136]CRTCyclicEvent.cpp:TimeMissed():101|Cycle miss in event CCSICombinedRepManager. Time Overrun is 14790 us[EOL]
[2026-09-22T07:26:58.210906Z][RH.newgen-samplerecognitioncamera][W][2330306][136]CRTCyclicEvent.cpp:TimeMissed():101|Cycle miss in event CCSICombinedCmdManager Cyclic Event. Time Overrun is 139939 us[EOL]
[2026-09-22T07:26:58.210950Z][RH.newgen-samplerecognitioncamera][W][2330306][136]CRTCyclicEvent.cpp:TimeMissed():101|Cycle miss in event CCSICombinedRepManager. Time Overrun is 139939 us[EOL]
[2026-09-22T07:26:58.487080Z][RH.newgen-samplerecognitioncamera][W][2330306][136]CRTCyclicEvent.cpp:TimeMissed():101|Cycle miss in event CCSICombinedCmdManager Cyclic Event. Time Overrun is 46110 us[EOL]
[2026-09-22T07:26:58.487129Z][RH.newgen-samplerecognitioncamera][W][2330306][136]CRTCyclicEvent.cpp:TimeMissed():101|Cycle miss in event CCSICombinedRepManager. Time Overrun is 46110 us[EOL]
[2026-09-22T07:26:58.668463Z][RH.newgen-rackhandler][W][2330306][153]CRTCyclicEvent.cpp:TimeMissed():101|Cycle miss in event CCSICyclicRepManager. Time Overrun is 18649 us[EOL]
[2026-09-22T07:26:58.668635Z][RH.newgen-samplerecognitioncamera][W][2330306][136]CRTCyclicEvent.cpp:TimeMissed():101|Cycle miss in event CCSICombinedCmdManager Cyclic Event. Time Overrun is 67667 us[EOL]
[2026-09-22T07:26:58.668684Z][RH.newgen-samplerecognitioncamera][W][2330306][136]CRTCyclicEvent.cpp:TimeMissed():101|Cycle miss in event CCSICombinedRepManager. Time Overrun is 67667 us[EOL]
[2026-09-22T07:26:58.838078Z][RH.newgen-rackhandler][W][2330306][153]CRTCyclicEvent.cpp:TimeMissed():101|Cycle miss in event CCSICombinedCmdManager Cyclic Event. Time Overrun is 2918682 us[EOL]
[2026-09-22T07:26:59.138858Z][RH.newgen-rackhandler][W][2330306][153]CRTCyclicEvent.cpp:TimeMissed():101|Cycle miss in event CCSICombinedCmdManager Cyclic Event. Time Overrun is 9461 us[EOL]
[2026-09-22T07:26:59.270324Z][RH.newgen-samplerecognitioncamera][W][2330306][136]CRTCyclicEvent.cpp:TimeMissed():101|Cycle miss in event CCSICombinedCmdManager Cyclic Event. Time Overrun is 49352 us[EOL]
[2026-09-22T07:26:59.270390Z][RH.newgen-samplerecognitioncamera][W][2330306][136]CRTCyclicEvent.cpp:TimeMissed():101|Cycle miss in event CCSICombinedRepManager. Time Overrun is 49352 us[EOL]
[2026-09-22T07:26:59.267840Z][RH.newgen-rackhandler][W][2330306][153]CRTCyclicEvent.cpp:TimeMissed():101|Cycle miss in event CCSICombinedCmdManager Cyclic Event. Time Overrun is 18440 us[EOL]
[2026-09-22T07:26:59.413826Z][RH.newgen-rackhandler][W][2330306][153]CRTCyclicEvent.cpp:TimeMissed():101|Cycle miss in event CCSICombinedCmdManager Cyclic Event. Time Overrun is 34426 us[EOL]
[2026-09-22T07:26:59.413759Z][RH.newgen-samplerecognitioncamera][W][2330306][136]CRTCyclicEvent.cpp:TimeMissed():101|Cycle miss in event CCSICombinedCmdManager Cyclic Event. Time Overrun is 22792 us[EOL]
[2026-09-22T07:26:59.413794Z][RH.newgen-samplerecognitioncamera][W][2330306][136]CRTCyclicEvent.cpp:TimeMissed():101|Cycle miss in event CCSICombinedRepManager. Time Overrun is 22792 us[EOL]
[2026-09-22T07:26:59.592010Z][RH.newgen-rackhandler][W][2330306][153]CRTCyclicEvent.cpp:TimeMissed():101|Cycle miss in event CCSICombinedCmdManager Cyclic Event. Time Overrun is 62614 us[EOL]
[2026-09-22T07:26:59.592074Z][RH.newgen-samplerecognitioncamera][W][2330306][136]CRTCyclicEvent.cpp:TimeMissed():101|Cycle miss in event CCSICombinedCmdManager Cyclic Event. Time Overrun is 61109 us[EOL]
[2026-09-22T07:26:59.592101Z][RH.newgen-samplerecognitioncamera][W][2330306][136]CRTCyclicEvent.cpp:TimeMissed():101|Cycle miss in event CCSICombinedRepManager. Time Overrun is 61109 us[EOL]
[2026-09-22T07:26:59.766020Z][RH.newgen-rackhandler][W][2330306][153]CRTCyclicEvent.cpp:TimeMissed():101|Cycle miss in event CCSICombinedCmdManager Cyclic Event. Time Overrun is 46604 us[EOL]
[2026-09-22T07:26:59.766131Z][RH.newgen-samplerecognitioncamera][W][2330306][136]CRTCyclicEvent.cpp:TimeMissed():101|Cycle miss in event CCSICombinedCmdManager Cyclic Event. Time Overrun is 45168 us[EOL]
[2026-09-22T07:26:59.766148Z][RH.newgen-samplerecognitioncamera][W][2330306][136]CRTCyclicEvent.cpp:TimeMissed():101|Cycle miss in event CCSICombinedRepManager. Time Overrun is 45168 us[EOL]
[2026-09-22T07:26:59.899050Z][RH.newgen-rackhandler][W][2330306][153]CRTCyclicEvent.cpp:TimeMissed():101|Cycle miss in event CCSICombinedCmdManager Cyclic Event. Time Overrun is 19654 us[EOL]
[2026-09-22T07:27:00.171558Z][RH.newgen-samplerecognitioncamera][W][2330306][136]CRTCyclicEvent.cpp:TimeMissed():101|Cycle miss in event CCSICombinedCmdManager Cyclic Event. Time Overrun is 100591 us[EOL]
[2026-09-22T07:27:00.171595Z][RH.newgen-samplerecognitioncamera][W][2330306][136]CRTCyclicEvent.cpp:TimeMissed():101|Cycle miss in event CCSICombinedRepManager. Time Overrun is 100591 us[EOL]
[2026-09-22T07:27:00.042963Z][RH.newgen-rackhandler][W][2330306][153]CRTCyclicEvent.cpp:TimeMissed():101|Cycle miss in event CCSICombinedCmdManager Cyclic Event. Time Overrun is 33565 us[EOL]
[2026-09-22T07:27:00.171012Z][RH.newgen-rackhandler][W][2330306][153]CRTCyclicEvent.cpp:TimeMissed():101|Cycle miss in event CCSICyclicRepManager. Time Overrun is 21195 us[EOL]
[2026-09-22T07:27:00.271303Z][RH.newgen-rackhandler][W][2330306][153]CRTCyclicEvent.cpp:TimeMissed():101|Cycle miss in event CCSICombinedCmdManager Cyclic Event. Time Overrun is 71906 us[EOL]
[2026-09-22T07:27:00.404536Z][RH.newgen-rackhandler][W][2330306][153]CRTCyclicEvent.cpp:TimeMissed():101|Cycle miss in event CCSICombinedCmdManager Cyclic Event. Time Overrun is 15137 us[EOL]
[2026-09-22T07:27:00.403972Z][RH.newgen-samplerecognitioncamera][W][2330306][136]CRTCyclicEvent.cpp:TimeMissed():101|Cycle miss in event CCSICombinedCmdManager Cyclic Event. Time Overrun is 113004 us[EOL]
[2026-09-22T07:27:00.404010Z][RH.newgen-samplerecognitioncamera][W][2330306][136]CRTCyclicEvent.cpp:TimeMissed():101|Cycle miss in event CCSICombinedRepManager. Time Overrun is 113004 us[EOL]
[2026-09-22T07:27:00.403897Z][RH.transfer-xyz-gripper][W][2330306][135]CRTCyclicEvent.cpp:TimeMissed():101|Cycle miss in event CCSICombinedCmdManager Cyclic Event. Time Overrun is 3580071 us[EOL]
[2026-09-22T07:27:00.583637Z][RH.newgen-rackhandler][W][2330306][153]CRTCyclicEvent.cpp:TimeMissed():101|Cycle miss in event CCSICombinedCmdManager Cyclic Event. Time Overrun is 64233 us[EOL]
[2026-09-22T07:27:00.582560Z][RH.newgen-samplerecognitioncamera][W][2330306][136]CRTCyclicEvent.cpp:TimeMissed():101|Cycle miss in event CCSICyclicRepManager. Time Overrun is 51426 us[EOL]
[2026-09-22T07:27:00.403942Z][RH.transfer-xyz-gripper][W][2330306][135]CRTCyclicEvent.cpp:TimeMissed():101|Cycle miss in event CCSICombinedRepManager. Time Overrun is 3580071 us[EOL]
[2026-09-22T07:27:00.803119Z][RH.newgen-rackhandler][W][2330306][153]CRTCyclicEvent.cpp:TimeMissed():101|Cycle miss in event CCSICombinedCmdManager Cyclic Event. Time Overrun is 103719 us[EOL]
[2026-09-22T07:27:00.584218Z][RH.newgen-samplerecognitioncamera][W][2330306][136]CRTCyclicEvent.cpp:TimeMissed():101|Cycle miss in event CCSICombinedCmdManager Cyclic Event. Time Overrun is 63253 us[EOL]
[2026-09-22T07:27:00.584238Z][RH.newgen-samplerecognitioncamera][W][2330306][136]CRTCyclicEvent.cpp:TimeMissed():101|Cycle miss in event CCSICombinedRepManager. Time Overrun is 63253 us[EOL]
[2026-09-22T07:27:00.803189Z][RH.newgen-samplerecognitioncamera][W][2330306][136]CRTCyclicEvent.cpp:TimeMissed():101|Cycle miss in event CCSICombinedCmdManager Cyclic Event. Time Overrun is 102222 us[EOL]
[2026-09-22T07:27:00.584506Z][RH.transfer-xyz-gripper][W][2330306][135]CRTCyclicEvent.cpp:TimeMissed():101|Cycle miss in event CCSICombinedCmdManager Cyclic Event. Time Overrun is 60679 us[EOL]
[2026-09-22T07:27:00.803220Z][RH.newgen-samplerecognitioncamera][W][2330306][136]CRTCyclicEvent.cpp:TimeMissed():101|Cycle miss in event CCSICombinedRepManager. Time Overrun is 102222 us[EOL]
[2026-09-22T07:27:00.584528Z][RH.transfer-xyz-gripper][W][2330306][135]CRTCyclicEvent.cpp:TimeMissed():101|Cycle miss in event CCSICombinedRepManager. Time Overrun is 60679 us[EOL]
[2026-09-22T07:27:00.803600Z][RH.transfer-xyz-gripper][W][2330306][135]CRTCyclicEvent.cpp:TimeMissed():101|Cycle miss in event CCSICombinedCmdManager Cyclic Event. Time Overrun is 99774 us[EOL]
[2026-09-22T07:27:00.803631Z][RH.transfer-xyz-gripper][W][2330306][135]CRTCyclicEvent.cpp:TimeMissed():101|Cycle miss in event CCSICombinedRepManager. Time Overrun is 99774 us[EOL]
[2026-09-22T07:27:00.980080Z][RH.newgen-samplerecognitioncamera][W][2330306][136]CRTCyclicEvent.cpp:TimeMissed():101|Cycle miss in event CCSICombinedCmdManager Cyclic Event. Time Overrun is 59111 us[EOL]
[2026-09-22T07:27:00.980124Z][RH.newgen-samplerecognitioncamera][W][2330306][136]CRTCyclicEvent.cpp:TimeMissed():101|Cycle miss in event CCSICombinedRepManager. Time Overrun is 59111 us[EOL]
[2026-09-22T07:27:00.979378Z][RH.transfer-xyz-gripper][W][2330306][135]CRTCyclicEvent.cpp:TimeMissed():101|Cycle miss in event CCSICombinedCmdManager Cyclic Event. Time Overrun is 65551 us[EOL]
[2026-09-22T07:27:00.979428Z][RH.transfer-xyz-gripper][W][2330306][135]CRTCyclicEvent.cpp:TimeMissed():101|Cycle miss in event CCSICombinedRepManager. Time Overrun is 65551 us[EOL]
[2026-09-22T07:27:01.168351Z][RH.transfer-xyz-gripper][W][2330306][135]CRTCyclicEvent.cpp:TimeMissed():101|Cycle miss in event CCSICombinedCmdManager Cyclic Event. Time Overrun is 74525 us[EOL]
[2026-09-22T07:27:01.168536Z][RH.newgen-samplerecognitioncamera][W][2330306][136]CRTCyclicEvent.cpp:TimeMissed():101|Cycle miss in event CCSICombinedCmdManager Cyclic Event. Time Overrun is 77568 us[EOL]
[2026-09-22T07:27:01.168577Z][RH.newgen-samplerecognitioncamera][W][2330306][136]CRTCyclicEvent.cpp:TimeMissed():101|Cycle miss in event CCSICombinedRepManager. Time Overrun is 77568 us[EOL]
[2026-09-22T07:27:01.348509Z][RH.newgen-samplerecognitioncamera][W][2330306][136]CRTCyclicEvent.cpp:TimeMissed():101|Cycle miss in event CCSICombinedCmdManager Cyclic Event. Time Overrun is 67541 us[EOL]
[2026-09-22T07:27:01.168395Z][RH.transfer-xyz-gripper][W][2330306][135]CRTCyclicEvent.cpp:TimeMissed():101|Cycle miss in event CCSICombinedRepManager. Time Overrun is 74525 us[EOL]
[2026-09-22T07:27:01.348381Z][RH.transfer-xyz-gripper][W][2330306][135]CRTCyclicEvent.cpp:TimeMissed():101|Cycle miss in event CCSICombinedCmdManager Cyclic Event. Time Overrun is 64555 us[EOL]
[2026-09-22T07:27:01.348538Z][RH.newgen-samplerecognitioncamera][W][2330306][136]CRTCyclicEvent.cpp:TimeMissed():101|Cycle miss in event CCSICombinedRepManager. Time Overrun is 67541 us[EOL]
[2026-09-22T07:27:01.348437Z][RH.transfer-xyz-gripper][W][2330306][135]CRTCyclicEvent.cpp:TimeMissed():101|Cycle miss in event CCSICombinedRepManager. Time Overrun is 64555 us[EOL]
[2026-09-22T07:27:01.499028Z][RH.transfer-xyz-gripper][W][2330306][135]CRTCyclicEvent.cpp:TimeMissed():101|Cycle miss in event CCSICombinedCmdManager Cyclic Event. Time Overrun is 25203 us[EOL]
[2026-09-22T07:27:01.499056Z][RH.transfer-xyz-gripper][W][2330306][135]CRTCyclicEvent.cpp:TimeMissed():101|Cycle miss in event CCSICombinedRepManager. Time Overrun is 25203 us[EOL]
[2026-09-22T07:27:01.667626Z][RH.transfer-xyz-gripper][W][2330306][135]CRTCyclicEvent.cpp:TimeMissed():101|Cycle miss in event CCSICombinedCmdManager Cyclic Event. Time Overrun is 53803 us[EOL]
[2026-09-22T07:27:01.667659Z][RH.transfer-xyz-gripper][W][2330306][135]CRTCyclicEvent.cpp:TimeMissed():101|Cycle miss in event CCSICombinedRepManager. Time Overrun is 53803 us[EOL]
[2026-09-22T07:27:01.824386Z][RH.transfer-xyz-gripper][W][2330306][135]CRTCyclicEvent.cpp:TimeMissed():101|Cycle miss in event CCSICombinedCmdManager Cyclic Event. Time Overrun is 40563 us[EOL]
[2026-09-22T07:27:01.539617Z][RH.newgen-rackhandler][W][2330306][153]CRTCyclicEvent.cpp:TimeMissed():101|Cycle miss in event CCSICombinedCmdManager Cyclic Event. Time Overrun is 620221 us[EOL]
[2026-09-22T07:27:01.824415Z][RH.transfer-xyz-gripper][W][2330306][135]CRTCyclicEvent.cpp:TimeMissed():101|Cycle miss in event CCSICombinedRepManager. Time Overrun is 40563 us[EOL]
[2026-09-22T07:27:01.666678Z][RH.newgen-rackhandler][W][2330306][153]CRTCyclicEvent.cpp:TimeMissed():101|Cycle miss in event CCSICombinedCmdManager Cyclic Event. Time Overrun is 7278 us[EOL]
[2026-09-22T07:27:01.824050Z][RH.newgen-rackhandler][W][2330306][153]CRTCyclicEvent.cpp:TimeMissed():101|Cycle miss in event CCSICombinedCmdManager Cyclic Event. Time Overrun is 44654 us[EOL]
[2026-09-22T07:27:01.956809Z][RH.newgen-rackhandler][W][2330306][153]CRTCyclicEvent.cpp:TimeMissed():101|Cycle miss in event CCSICombinedCmdManager Cyclic Event. Time Overrun is 17413 us[EOL]
[2026-09-22T07:27:01.957899Z][RH.transfer-xyz-gripper][W][2330306][135]CRTCyclicEvent.cpp:TimeMissed():101|Cycle miss in event CCSICombinedCmdManager Cyclic Event. Time Overrun is 14075 us[EOL]
[2026-09-22T07:27:01.957930Z][RH.transfer-xyz-gripper][W][2330306][135]CRTCyclicEvent.cpp:TimeMissed():101|Cycle miss in event CCSICombinedRepManager. Time Overrun is 14075 us[EOL]
[2026-09-22T07:27:02.173622Z][RH.newgen-rackhandler][W][2330306][153]CRTCyclicEvent.cpp:TimeMissed():101|Cycle miss in event CCSICyclicRepManager. Time Overrun is 23804 us[EOL]
[2026-09-22T07:27:02.173903Z][RH.newgen-rackhandler][W][2330306][153]CRTCyclicEvent.cpp:TimeMissed():101|Cycle miss in event CCSICombinedCmdManager Cyclic Event. Time Overrun is 104507 us[EOL]
[2026-09-22T07:27:02.201891Z][RH.transfer-xyz-gripper][W][2330306][135]CRTCyclicEvent.cpp:TimeMissed():101|Cycle miss in event CCSICombinedCmdManager Cyclic Event. Time Overrun is 8063 us[EOL]
[2026-09-22T07:27:02.201977Z][RH.transfer-xyz-gripper][W][2330306][135]CRTCyclicEvent.cpp:TimeMissed():101|Cycle miss in event CCSICombinedRepManager. Time Overrun is 8063 us[EOL]
[2026-09-22T07:27:02.331784Z][RH.newgen-rackhandler][W][2330306][153]CRTCyclicEvent.cpp:TimeMissed():101|Cycle miss in event CCSICombinedCmdManager Cyclic Event. Time Overrun is 22388 us[EOL]
[2026-09-22T07:27:02.332147Z][RH.transfer-xyz-gripper][W][2330306][135]CRTCyclicEvent.cpp:TimeMissed():101|Cycle miss in event CCSICombinedCmdManager Cyclic Event. Time Overrun is 18321 us[EOL]
[2026-09-22T07:27:02.332190Z][RH.transfer-xyz-gripper][W][2330306][135]CRTCyclicEvent.cpp:TimeMissed():101|Cycle miss in event CCSICombinedRepManager. Time Overrun is 18321 us[EOL]
[2026-09-22T07:27:02.456566Z][RH.newgen-rackhandler][W][2330306][153]CRTCyclicEvent.cpp:TimeMissed():101|Cycle miss in event CCSICombinedCmdManager Cyclic Event. Time Overrun is 7165 us[EOL]
[2026-09-22T07:27:02.689191Z][RH.newgen-rackhandler][W][2330306][153]CRTCyclicEvent.cpp:TimeMissed():101|Cycle miss in event CCSICombinedCmdManager Cyclic Event. Time Overrun is 109793 us[EOL]
[2026-09-22T07:27:02.990246Z][RH.transfer-xyz-gripper][W][2330306][135]CRTCyclicEvent.cpp:TimeMissed():101|Cycle miss in event CCSICombinedCmdManager Cyclic Event. Time Overrun is 46416 us[EOL]
[2026-09-22T07:27:02.990407Z][RH.transfer-xyz-gripper][W][2330306][135]CRTCyclicEvent.cpp:TimeMissed():101|Cycle miss in event CCSICombinedRepManager. Time Overrun is 46416 us[EOL]
[2026-09-22T07:27:03.131112Z][RH.transfer-xyz-gripper][W][2330306][135]CRTCyclicEvent.cpp:TimeMissed():101|Cycle miss in event CCSICombinedCmdManager Cyclic Event. Time Overrun is 27289 us[EOL]
[2026-09-22T07:27:03.131139Z][RH.transfer-xyz-gripper][W][2330306][135]CRTCyclicEvent.cpp:TimeMissed():101|Cycle miss in event CCSICombinedRepManager. Time Overrun is 27289 us[EOL]
[2026-09-22T07:27:03.383242Z][RH.newgen-rackhandler][W][2330306][153]CRTCyclicEvent.cpp:TimeMissed():101|Cycle miss in event CCSICombinedCmdManager Cyclic Event. Time Overrun is 3845 us[EOL]
[2026-09-22T07:27:03.886915Z][RH.newgen-rackhandler][W][2330306][153]CRTCyclicEvent.cpp:TimeMissed():101|Cycle miss in event CCSICombinedCmdManager Cyclic Event. Time Overrun is 17518 us[EOL]
[2026-09-22T07:27:04.000236Z][RH.newgen-rackhandler][W][2330306][153]CRTCyclicEvent.cpp:TimeMissed():101|Cycle miss in event CCSICombinedCmdManager Cyclic Event. Time Overrun is 838 us[EOL]
[2026-09-22T07:27:04.261126Z][RH.transfer-xyz-gripper][W][2330306][135]CRTCyclicEvent.cpp:TimeMissed():101|Cycle miss in event CCSICombinedCmdManager Cyclic Event. Time Overrun is 117303 us[EOL]
[2026-09-22T07:27:04.261168Z][RH.transfer-xyz-gripper][W][2330306][135]CRTCyclicEvent.cpp:TimeMissed():101|Cycle miss in event CCSICombinedRepManager. Time Overrun is 117303 us[EOL]
[2026-09-22T07:27:04.392875Z][RH.transfer-xyz-gripper][W][2330306][135]CRTCyclicEvent.cpp:TimeMissed():101|Cycle miss in event CCSICombinedCmdManager Cyclic Event. Time Overrun is 19049 us[EOL]
[2026-09-22T07:27:04.392916Z][RH.transfer-xyz-gripper][W][2330306][135]CRTCyclicEvent.cpp:TimeMissed():101|Cycle miss in event CCSICombinedRepManager. Time Overrun is 19049 us[EOL]
[2026-09-22T07:27:04.121774Z][RH.newgen-rackhandler][W][2330306][153]CRTCyclicEvent.cpp:TimeMissed():101|Cycle miss in event CCSICombinedCmdManager Cyclic Event. Time Overrun is 2376 us[EOL]
[2026-09-22T07:27:04.429080Z][RH.newgen-rackhandler][W][2330306][153]CRTCyclicEvent.cpp:TimeMissed():101|Cycle miss in event CCSICombinedCmdManager Cyclic Event. Time Overrun is 149679 us[EOL]
[2026-09-22T07:27:04.540057Z][RH.transfer-xyz-gripper][W][2330306][135]CRTCyclicEvent.cpp:TimeMissed():101|Cycle miss in event CCSICombinedCmdManager Cyclic Event. Time Overrun is 36230 us[EOL]
[2026-09-22T07:27:04.539814Z][RH.newgen-rackhandler][W][2330306][153]CRTCyclicEvent.cpp:TimeMissed():101|Cycle miss in event CCSICombinedCmdManager Cyclic Event. Time Overrun is 413 us[EOL]
[2026-09-22T07:27:04.540111Z][RH.transfer-xyz-gripper][W][2330306][135]CRTCyclicEvent.cpp:TimeMissed():101|Cycle miss in event CCSICombinedRepManager. Time Overrun is 36230 us[EOL]
[2026-09-22T07:27:04.726462Z][RH.newgen-rackhandler][W][2330306][153]CRTCyclicEvent.cpp:TimeMissed():101|Cycle miss in event CCSICombinedCmdManager Cyclic Event. Time Overrun is 67065 us[EOL]
[2026-09-22T07:27:04.773042Z][RH.transfer-xyz-gripper][W][2330306][135]CRTCyclicEvent.cpp:TimeMissed():101|Cycle miss in event CCSICombinedCmdManager Cyclic Event. Time Overrun is 19206 us[EOL]
[2026-09-22T07:27:04.773099Z][RH.transfer-xyz-gripper][W][2330306][135]CRTCyclicEvent.cpp:TimeMissed():101|Cycle miss in event CCSICombinedRepManager. Time Overrun is 19206 us[EOL]
[2026-09-22T07:27:04.872847Z][RH.newgen-rackhandler][W][2330306][153]CRTCyclicEvent.cpp:TimeMissed():101|Cycle miss in event CCSICombinedCmdManager Cyclic Event. Time Overrun is 33447 us[EOL]
[2026-09-22T07:27:04.902796Z][RH.newgen-samplerecognitioncamera][W][2330306][136]CRTCyclicEvent.cpp:TimeMissed():101|Cycle miss in event CCSICombinedCmdManager Cyclic Event. Time Overrun is 3441829 us[EOL]
[2026-09-22T07:27:04.933868Z][RH.transfer-xyz-gripper][W][2330306][135]CRTCyclicEvent.cpp:TimeMissed():101|Cycle miss in event CCSICombinedCmdManager Cyclic Event. Time Overrun is 40043 us[EOL]
[2026-09-22T07:27:04.902831Z][RH.newgen-samplerecognitioncamera][W][2330306][136]CRTCyclicEvent.cpp:TimeMissed():101|Cycle miss in event CCSICombinedRepManager. Time Overrun is 3441829 us[EOL]
[2026-09-22T07:27:04.933946Z][RH.transfer-xyz-gripper][W][2330306][135]CRTCyclicEvent.cpp:TimeMissed():101|Cycle miss in event CCSICombinedRepManager. Time Overrun is 40043 us[EOL]
[2026-09-22T07:27:05.024066Z][RH.newgen-rackhandler][W][2330306][153]CRTCyclicEvent.cpp:TimeMissed():101|Cycle miss in event CCSICombinedCmdManager Cyclic Event. Time Overrun is 34670 us[EOL]
[2026-09-22T07:27:04.905009Z][RH.newgen-samplerecognitioncamera][W][2330306][136]CRTCyclicEvent.cpp:TimeMissed():101|Cycle miss in event CCSICyclicRepManager. Time Overrun is 3173876 us[EOL]
[2026-09-22T07:27:05.063636Z][RH.newgen-samplerecognitioncamera][W][2330306][136]CRTCyclicEvent.cpp:TimeMissed():101|Cycle miss in event CCSICombinedCmdManager Cyclic Event. Time Overrun is 22672 us[EOL]
[2026-09-22T07:27:05.063656Z][RH.newgen-samplerecognitioncamera][W][2330306][136]CRTCyclicEvent.cpp:TimeMissed():101|Cycle miss in event CCSICombinedRepManager. Time Overrun is 22672 us[EOL]
[2026-09-22T07:27:05.188399Z][RH.newgen-rackhandler][W][2330306][153]CRTCyclicEvent.cpp:TimeMissed():101|Cycle miss in event CCSICombinedCmdManager Cyclic Event. Time Overrun is 9004 us[EOL]
[2026-09-22T07:27:05.245315Z][RH.newgen-samplerecognitioncamera][W][2330306][136]CRTCyclicEvent.cpp:TimeMissed():101|Cycle miss in event CCSICombinedCmdManager Cyclic Event. Time Overrun is 44349 us[EOL]
[2026-09-22T07:27:05.245342Z][RH.newgen-samplerecognitioncamera][W][2330306][136]CRTCyclicEvent.cpp:TimeMissed():101|Cycle miss in event CCSICombinedRepManager. Time Overrun is 44349 us[EOL]
[2026-09-22T07:27:05.332923Z][RH.transfer-xyz-gripper][W][2330306][135]CRTCyclicEvent.cpp:TimeMissed():101|Cycle miss in event CCSICombinedCmdManager Cyclic Event. Time Overrun is 59102 us[EOL]
[2026-09-22T07:27:05.332947Z][RH.transfer-xyz-gripper][W][2330306][135]CRTCyclicEvent.cpp:TimeMissed():101|Cycle miss in event CCSICombinedRepManager. Time Overrun is 59102 us[EOL]
[2026-09-22T07:27:05.332447Z][RH.newgen-rackhandler][W][2330306][153]CRTCyclicEvent.cpp:TimeMissed():101|Cycle miss in event CCSICombinedCmdManager Cyclic Event. Time Overrun is 33053 us[EOL]
[2026-09-22T07:27:05.593928Z][RH.transfer-xyz-gripper][W][2330306][135]CRTCyclicEvent.cpp:TimeMissed():101|Cycle miss in event CCSICombinedCmdManager Cyclic Event. Time Overrun is 70101 us[EOL]
[2026-09-22T07:27:05.593866Z][RH.newgen-samplerecognitioncamera][W][2330306][136]CRTCyclicEvent.cpp:TimeMissed():101|Cycle miss in event CCSICombinedCmdManager Cyclic Event. Time Overrun is 72897 us[EOL]
[2026-09-22T07:27:05.594846Z][RH.newgen-rackhandler][W][2330306][153]CRTCyclicEvent.cpp:TimeMissed():101|Cycle miss in event CCSICombinedCmdManager Cyclic Event. Time Overrun is 65446 us[EOL]
[2026-09-22T07:27:05.594450Z][RH.transfer-xyz-gripper][W][2330306][135]CRTCyclicEvent.cpp:TimeMissed():101|Cycle miss in event CCSICombinedRepManager. Time Overrun is 70101 us[EOL]
[2026-09-22T07:27:05.593905Z][RH.newgen-samplerecognitioncamera][W][2330306][136]CRTCyclicEvent.cpp:TimeMissed():101|Cycle miss in event CCSICombinedRepManager. Time Overrun is 72897 us[EOL]
[2026-09-22T07:27:05.803143Z][RH.transfer-xyz-gripper][W][2330306][135]CRTCyclicEvent.cpp:TimeMissed():101|Cycle miss in event CCSICombinedCmdManager Cyclic Event. Time Overrun is 89319 us[EOL]
[2026-09-22T07:27:05.803188Z][RH.transfer-xyz-gripper][W][2330306][135]CRTCyclicEvent.cpp:TimeMissed():101|Cycle miss in event CCSICombinedRepManager. Time Overrun is 89319 us[EOL]
[2026-09-22T07:27:05.802337Z][RH.newgen-rackhandler][W][2330306][153]CRTCyclicEvent.cpp:TimeMissed():101|Cycle miss in event CCSICombinedCmdManager Cyclic Event. Time Overrun is 92941 us[EOL]
[2026-09-22T07:27:05.802731Z][RH.newgen-samplerecognitioncamera][W][2330306][136]CRTCyclicEvent.cpp:TimeMissed():101|Cycle miss in event CCSICombinedCmdManager Cyclic Event. Time Overrun is 91761 us[EOL]
[2026-09-22T07:27:05.802773Z][RH.newgen-samplerecognitioncamera][W][2330306][136]CRTCyclicEvent.cpp:TimeMissed():101|Cycle miss in event CCSICombinedRepManager. Time Overrun is 91761 us[EOL]
[2026-09-22T07:27:05.932923Z][RH.newgen-rackhandler][W][2330306][153]CRTCyclicEvent.cpp:TimeMissed():101|Cycle miss in event CCSICombinedCmdManager Cyclic Event. Time Overrun is 13525 us[EOL]
[2026-09-22T07:27:05.932361Z][RH.newgen-samplerecognitioncamera][W][2330306][136]CRTCyclicEvent.cpp:TimeMissed():101|Cycle miss in event CCSICombinedCmdManager Cyclic Event. Time Overrun is 11391 us[EOL]
[2026-09-22T07:27:05.931890Z][RH.transfer-xyz-gripper][W][2330306][135]CRTCyclicEvent.cpp:TimeMissed():101|Cycle miss in event CCSICombinedCmdManager Cyclic Event. Time Overrun is 18062 us[EOL]
[2026-09-22T07:27:05.932407Z][RH.newgen-samplerecognitioncamera][W][2330306][136]CRTCyclicEvent.cpp:TimeMissed():101|Cycle miss in event CCSICombinedRepManager. Time Overrun is 11391 us[EOL]
[2026-09-22T07:27:05.931933Z][RH.transfer-xyz-gripper][W][2330306][135]CRTCyclicEvent.cpp:TimeMissed():101|Cycle miss in event CCSICombinedRepManager. Time Overrun is 18062 us[EOL]
[2026-09-22T07:27:06.127845Z][RH.newgen-samplerecognitioncamera][W][2330306][136]CRTCyclicEvent.cpp:TimeMissed():101|Cycle miss in event CCSICombinedCmdManager Cyclic Event. Time Overrun is 6880 us[EOL]
[2026-09-22T07:27:06.127869Z][RH.newgen-samplerecognitioncamera][W][2330306][136]CRTCyclicEvent.cpp:TimeMissed():101|Cycle miss in event CCSICombinedRepManager. Time Overrun is 6880 us[EOL]
[2026-09-22T07:27:06.127913Z][RH.transfer-xyz-gripper][W][2330306][135]CRTCyclicEvent.cpp:TimeMissed():101|Cycle miss in event CCSICombinedCmdManager Cyclic Event. Time Overrun is 4092 us[EOL]
[2026-09-22T07:27:06.127936Z][RH.transfer-xyz-gripper][W][2330306][135]CRTCyclicEvent.cpp:TimeMissed():101|Cycle miss in event CCSICombinedRepManager. Time Overrun is 4092 us[EOL]
[2026-09-22T07:27:06.279843Z][RH.newgen-samplerecognitioncamera][W][2330306][136]CRTCyclicEvent.cpp:TimeMissed():101|Cycle miss in event CCSICombinedCmdManager Cyclic Event. Time Overrun is 38871 us[EOL]
[2026-09-22T07:27:06.279889Z][RH.newgen-samplerecognitioncamera][W][2330306][136]CRTCyclicEvent.cpp:TimeMissed():101|Cycle miss in event CCSICombinedRepManager. Time Overrun is 38871 us[EOL]
[2026-09-22T07:27:06.360309Z][RH.transfer-xyz-gripper][W][2330306][135]CRTCyclicEvent.cpp:TimeMissed():101|Cycle miss in event CCSICombinedCmdManager Cyclic Event. Time Overrun is 26484 us[EOL]
[2026-09-22T07:27:06.360347Z][RH.transfer-xyz-gripper][W][2330306][135]CRTCyclicEvent.cpp:TimeMissed():101|Cycle miss in event CCSICombinedRepManager. Time Overrun is 26484 us[EOL]
[2026-09-22T07:27:06.459091Z][RH.newgen-rackhandler][W][2330306][153]CRTCyclicEvent.cpp:TimeMissed():101|Cycle miss in event CCSICombinedCmdManager Cyclic Event. Time Overrun is 69694 us[EOL]
[2026-09-22T07:27:06.459088Z][RH.newgen-samplerecognitioncamera][W][2330306][136]CRTCyclicEvent.cpp:TimeMissed():101|Cycle miss in event CCSICombinedCmdManager Cyclic Event. Time Overrun is 68122 us[EOL]
[2026-09-22T07:27:06.459121Z][RH.newgen-samplerecognitioncamera][W][2330306][136]CRTCyclicEvent.cpp:TimeMissed():101|Cycle miss in event CCSICombinedRepManager. Time Overrun is 68122 us[EOL]
[2026-09-22T07:27:06.599872Z][RH.newgen-rackhandler][W][2330306][153]CRTCyclicEvent.cpp:TimeMissed():101|Cycle miss in event CCSICombinedCmdManager Cyclic Event. Time Overrun is 30475 us[EOL]
[2026-09-22T07:27:06.600377Z][RH.newgen-samplerecognitioncamera][W][2330306][136]CRTCyclicEvent.cpp:TimeMissed():101|Cycle miss in event CCSICombinedCmdManager Cyclic Event. Time Overrun is 29413 us[EOL]
[2026-09-22T07:27:06.600400Z][RH.newgen-samplerecognitioncamera][W][2330306][136]CRTCyclicEvent.cpp:TimeMissed():101|Cycle miss in event CCSICombinedRepManager. Time Overrun is 29413 us[EOL]
[2026-09-22T07:27:06.599966Z][RH.transfer-xyz-gripper][W][2330306][135]CRTCyclicEvent.cpp:TimeMissed():101|Cycle miss in event CCSICombinedCmdManager Cyclic Event. Time Overrun is 66141 us[EOL]
[2026-09-22T07:27:06.600012Z][RH.transfer-xyz-gripper][W][2330306][135]CRTCyclicEvent.cpp:TimeMissed():101|Cycle miss in event CCSICombinedRepManager. Time Overrun is 66141 us[EOL]
[2026-09-22T07:27:06.784068Z][RH.newgen-rackhandler][W][2330306][153]CRTCyclicEvent.cpp:TimeMissed():101|Cycle miss in event CCSICombinedCmdManager Cyclic Event. Time Overrun is 54673 us[EOL]
[2026-09-22T07:27:06.778737Z][RH.newgen-samplerecognitioncamera][W][2330306][136]CRTCyclicEvent.cpp:TimeMissed():101|Cycle miss in event CCSICombinedCmdManager Cyclic Event. Time Overrun is 57774 us[EOL]
[2026-09-22T07:27:06.778756Z][RH.newgen-samplerecognitioncamera][W][2330306][136]CRTCyclicEvent.cpp:TimeMissed():101|Cycle miss in event CCSICombinedRepManager. Time Overrun is 57774 us[EOL]
[2026-09-22T07:27:06.904066Z][RH.transfer-xyz-gripper][W][2330306][135]CRTCyclicEvent.cpp:TimeMissed():101|Cycle miss in event CCSICombinedCmdManager Cyclic Event. Time Overrun is 90241 us[EOL]
[2026-09-22T07:27:06.904106Z][RH.transfer-xyz-gripper][W][2330306][135]CRTCyclicEvent.cpp:TimeMissed():101|Cycle miss in event CCSICombinedRepManager. Time Overrun is 90241 us[EOL]
[2026-09-22T07:27:06.905015Z][RH.newgen-samplerecognitioncamera][W][2330306][136]CRTCyclicEvent.cpp:TimeMissed():101|Cycle miss in event CCSICombinedCmdManager Cyclic Event. Time Overrun is 4051 us[EOL]
[2026-09-22T07:27:06.905042Z][RH.newgen-samplerecognitioncamera][W][2330306][136]CRTCyclicEvent.cpp:TimeMissed():101|Cycle miss in event CCSICombinedRepManager. Time Overrun is 4051 us[EOL]
[2026-09-22T07:27:08.516084Z][RH.newgen-samplerecognitioncamera][W][2330306][136]CRTCyclicEvent.cpp:TimeMissed():101|Cycle miss in event CCSICyclicRepManager. Time Overrun is 1484952 us[EOL]
[2026-09-22T07:27:08.907649Z][RH.newgen-rackhandler][W][2330306][153]CRTCyclicEvent.cpp:TimeMissed():101|Cycle miss in event CCSICombinedCmdManager Cyclic Event. Time Overrun is 8252 us[EOL]
[2026-09-22T07:27:08.907202Z][RH.transfer-xyz-gripper][W][2330306][135]CRTCyclicEvent.cpp:TimeMissed():101|Cycle miss in event CCSICombinedCmdManager Cyclic Event. Time Overrun is 13377 us[EOL]
[2026-09-22T07:27:08.872953Z][RH.newgen-samplerecognitioncamera][W][2330306][136]CRTCyclicEvent.cpp:TimeMissed():101|Cycle miss in event CCSICombinedCmdManager Cyclic Event. Time Overrun is 321984 us[EOL]
[2026-09-22T07:27:08.907270Z][RH.transfer-xyz-gripper][W][2330306][135]CRTCyclicEvent.cpp:TimeMissed():101|Cycle miss in event CCSICombinedRepManager. Time Overrun is 13377 us[EOL]
[2026-09-22T07:27:08.873004Z][RH.newgen-samplerecognitioncamera][W][2330306][136]CRTCyclicEvent.cpp:TimeMissed():101|Cycle miss in event CCSICombinedRepManager. Time Overrun is 321984 us[EOL]
[2026-09-22T07:27:09.362665Z][RH.newgen-samplerecognitioncamera][W][2330306][136]CRTCyclicEvent.cpp:TimeMissed():101|Cycle miss in event CCSICombinedCmdManager Cyclic Event. Time Overrun is 371696 us[EOL]
[2026-09-22T07:27:09.362703Z][RH.newgen-samplerecognitioncamera][W][2330306][136]CRTCyclicEvent.cpp:TimeMissed():101|Cycle miss in event CCSICombinedRepManager. Time Overrun is 371696 us[EOL]
[2026-09-22T07:27:09.562431Z][RH.newgen-rackhandler][W][2330306][153]CRTCyclicEvent.cpp:TimeMissed():101|Cycle miss in event CCSICombinedCmdManager Cyclic Event. Time Overrun is 153032 us[EOL]
[2026-09-22T07:27:12.342881Z][RH.newgen-rackhandler][W][2330306][153]CRTCyclicEvent.cpp:TimeMissed():101|Cycle miss in event CCSICombinedCmdManager Cyclic Event. Time Overrun is 2663483 us[EOL]
[2026-09-22T07:27:13.965201Z][RH.transfer-xyz-gripper][W][2330306][135]CRTCyclicEvent.cpp:TimeMissed():101|Cycle miss in event CCSICombinedCmdManager Cyclic Event. Time Overrun is 4381378 us[EOL]
[2026-09-22T07:27:13.965233Z][RH.transfer-xyz-gripper][W][2330306][135]CRTCyclicEvent.cpp:TimeMissed():101|Cycle miss in event CCSICombinedRepManager. Time Overrun is 4381378 us[EOL]
[2026-09-22T07:27:12.342297Z][RH.newgen-samplerecognitioncamera][W][2330306][136]CRTCyclicEvent.cpp:TimeMissed():101|Cycle miss in event CCSICombinedCmdManager Cyclic Event. Time Overrun is 2761331 us[EOL]
[2026-09-22T07:27:12.342331Z][RH.newgen-samplerecognitioncamera][W][2330306][136]CRTCyclicEvent.cpp:TimeMissed():101|Cycle miss in event CCSICombinedRepManager. Time Overrun is 2761331 us[EOL]
[2026-09-22T07:27:13.940021Z][RH.newgen-samplerecognitioncamera][W][2330306][136]CRTCyclicEvent.cpp:TimeMissed():101|Cycle miss in event CCSICombinedCmdManager Cyclic Event. Time Overrun is 1479058 us[EOL]
[2026-09-22T07:27:13.940040Z][RH.newgen-samplerecognitioncamera][W][2330306][136]CRTCyclicEvent.cpp:TimeMissed():101|Cycle miss in event CCSICombinedRepManager. Time Overrun is 1479058 us[EOL]
[2026-09-22T07:27:14.130625Z][RH.transfer-xyz-gripper][W][2330306][135]CRTCyclicEvent.cpp:TimeMissed():101|Cycle miss in event CCSICombinedCmdManager Cyclic Event. Time Overrun is 46804 us[EOL]
[2026-09-22T07:27:14.130646Z][RH.transfer-xyz-gripper][W][2330306][135]CRTCyclicEvent.cpp:TimeMissed():101|Cycle miss in event CCSICombinedRepManager. Time Overrun is 46804 us[EOL]
[2026-09-22T07:27:14.109967Z][RH.newgen-rackhandler][W][2330306][153]CRTCyclicEvent.cpp:TimeMissed():101|Cycle miss in event CCSICyclicRepManager. Time Overrun is 60154 us[EOL]
[2026-09-22T07:27:14.111537Z][RH.newgen-samplerecognitioncamera][W][2330306][136]CRTCyclicEvent.cpp:TimeMissed():101|Cycle miss in event CCSICombinedCmdManager Cyclic Event. Time Overrun is 60574 us[EOL]
[2026-09-22T07:27:14.129887Z][RH.newgen-rackhandler][W][2330306][153]CRTCyclicEvent.cpp:TimeMissed():101|Cycle miss in event CCSICombinedCmdManager Cyclic Event. Time Overrun is 140493 us[EOL]
[2026-09-22T07:27:14.111561Z][RH.newgen-samplerecognitioncamera][W][2330306][136]CRTCyclicEvent.cpp:TimeMissed():101|Cycle miss in event CCSICombinedRepManager. Time Overrun is 60574 us[EOL]
[2026-09-22T07:27:14.264342Z][RH.newgen-samplerecognitioncamera][W][2330306][136]CRTCyclicEvent.cpp:TimeMissed():101|Cycle miss in event CCSICombinedCmdManager Cyclic Event. Time Overrun is 33365 us[EOL]
[2026-09-22T07:27:14.263416Z][RH.newgen-rackhandler][W][2330306][153]CRTCyclicEvent.cpp:TimeMissed():101|Cycle miss in event CCSICombinedCmdManager Cyclic Event. Time Overrun is 14017 us[EOL]
[2026-09-22T07:27:14.264382Z][RH.newgen-samplerecognitioncamera][W][2330306][136]CRTCyclicEvent.cpp:TimeMissed():101|Cycle miss in event CCSICombinedRepManager. Time Overrun is 33365 us[EOL]
[2026-09-22T07:27:14.588520Z][RH.newgen-samplerecognitioncamera][W][2330306][136]CRTCyclicEvent.cpp:TimeMissed():101|Cycle miss in event CCSICyclicRepManager. Time Overrun is 57379 us[EOL]
[2026-09-22T07:27:14.588295Z][RH.newgen-rackhandler][W][2330306][153]CRTCyclicEvent.cpp:TimeMissed():101|Cycle miss in event CCSICombinedCmdManager Cyclic Event. Time Overrun is 208894 us[EOL]
[2026-09-22T07:27:14.715028Z][RH.newgen-samplerecognitioncamera][W][2330306][136]CRTCyclicEvent.cpp:TimeMissed():101|Cycle miss in event CCSICombinedCmdManager Cyclic Event. Time Overrun is 94064 us[EOL]
[2026-09-22T07:27:14.715096Z][RH.newgen-samplerecognitioncamera][W][2330306][136]CRTCyclicEvent.cpp:TimeMissed():101|Cycle miss in event CCSICombinedRepManager. Time Overrun is 94064 us[EOL]
[2026-09-22T07:27:14.858652Z][RH.transfer-xyz-gripper][W][2330306][135]CRTCyclicEvent.cpp:TimeMissed():101|Cycle miss in event CCSICombinedCmdManager Cyclic Event. Time Overrun is 4829 us[EOL]
[2026-09-22T07:27:14.856621Z][RH.newgen-rackhandler][W][2330306][153]CRTCyclicEvent.cpp:TimeMissed():101|Cycle miss in event CCSICombinedCmdManager Cyclic Event. Time Overrun is 117225 us[EOL]
[2026-09-22T07:27:14.858427Z][RH.newgen-samplerecognitioncamera][W][2330306][136]CRTCyclicEvent.cpp:TimeMissed():101|Cycle miss in event CCSICombinedCmdManager Cyclic Event. Time Overrun is 7459 us[EOL]
[2026-09-22T07:27:14.858455Z][RH.newgen-samplerecognitioncamera][W][2330306][136]CRTCyclicEvent.cpp:TimeMissed():101|Cycle miss in event CCSICombinedRepManager. Time Overrun is 7459 us[EOL]
[2026-09-22T07:27:14.858686Z][RH.transfer-xyz-gripper][W][2330306][135]CRTCyclicEvent.cpp:TimeMissed():101|Cycle miss in event CCSICombinedRepManager. Time Overrun is 4829 us[EOL]
[2026-09-22T07:27:15.010320Z][RH.transfer-xyz-gripper][W][2330306][135]CRTCyclicEvent.cpp:TimeMissed():101|Cycle miss in event CCSICombinedCmdManager Cyclic Event. Time Overrun is 36494 us[EOL]
[2026-09-22T07:27:15.010362Z][RH.transfer-xyz-gripper][W][2330306][135]CRTCyclicEvent.cpp:TimeMissed():101|Cycle miss in event CCSICombinedRepManager. Time Overrun is 36494 us[EOL]
[2026-09-22T07:27:15.009846Z][RH.newgen-rackhandler][W][2330306][153]CRTCyclicEvent.cpp:TimeMissed():101|Cycle miss in event CCSICombinedCmdManager Cyclic Event. Time Overrun is 40430 us[EOL]
[2026-09-22T07:27:15.032690Z][RH.newgen-samplerecognitioncamera][W][2330306][136]CRTCyclicEvent.cpp:TimeMissed():101|Cycle miss in event CCSICombinedCmdManager Cyclic Event. Time Overrun is 1722 us[EOL]
[2026-09-22T07:27:15.032717Z][RH.newgen-samplerecognitioncamera][W][2330306][136]CRTCyclicEvent.cpp:TimeMissed():101|Cycle miss in event CCSICombinedRepManager. Time Overrun is 1722 us[EOL]
[2026-09-22T07:27:15.201537Z][RH.transfer-xyz-gripper][W][2330306][135]CRTCyclicEvent.cpp:TimeMissed():101|Cycle miss in event CCSICombinedCmdManager Cyclic Event. Time Overrun is 77714 us[EOL]
[2026-09-22T07:27:15.201575Z][RH.transfer-xyz-gripper][W][2330306][135]CRTCyclicEvent.cpp:TimeMissed():101|Cycle miss in event CCSICombinedRepManager. Time Overrun is 77714 us[EOL]
[2026-09-22T07:27:15.201710Z][RH.newgen-rackhandler][W][2330306][153]CRTCyclicEvent.cpp:TimeMissed():101|Cycle miss in event CCSICombinedCmdManager Cyclic Event. Time Overrun is 72313 us[EOL]
[2026-09-22T07:27:15.319925Z][RH.newgen-rackhandler][W][2330306][153]CRTCyclicEvent.cpp:TimeMissed():101|Cycle miss in event CCSICombinedCmdManager Cyclic Event. Time Overrun is 527 us[EOL]
[2026-09-22T07:27:15.547889Z][RH.newgen-rackhandler][W][2330306][153]CRTCyclicEvent.cpp:TimeMissed():101|Cycle miss in event CCSICombinedCmdManager Cyclic Event. Time Overrun is 78492 us[EOL]
[2026-09-22T07:27:15.548113Z][RH.transfer-xyz-gripper][W][2330306][135]CRTCyclicEvent.cpp:TimeMissed():101|Cycle miss in event CCSICombinedCmdManager Cyclic Event. Time Overrun is 34290 us[EOL]
[2026-09-22T07:27:15.548388Z][RH.newgen-samplerecognitioncamera][W][2330306][136]CRTCyclicEvent.cpp:TimeMissed():101|Cycle miss in event CCSICombinedCmdManager Cyclic Event. Time Overrun is 7422 us[EOL]
[2026-09-22T07:27:15.548147Z][RH.transfer-xyz-gripper][W][2330306][135]CRTCyclicEvent.cpp:TimeMissed():101|Cycle miss in event CCSICombinedRepManager. Time Overrun is 34290 us[EOL]
[2026-09-22T07:27:15.548420Z][RH.newgen-samplerecognitioncamera][W][2330306][136]CRTCyclicEvent.cpp:TimeMissed():101|Cycle miss in event CCSICombinedRepManager. Time Overrun is 7422 us[EOL]
[2026-09-22T07:27:15.706627Z][RH.newgen-samplerecognitioncamera][W][2330306][136]CRTCyclicEvent.cpp:TimeMissed():101|Cycle miss in event CCSICombinedCmdManager Cyclic Event. Time Overrun is 45657 us[EOL]
[2026-09-22T07:27:15.706611Z][RH.newgen-rackhandler][W][2330306][153]CRTCyclicEvent.cpp:TimeMissed():101|Cycle miss in event CCSICombinedCmdManager Cyclic Event. Time Overrun is 47214 us[EOL]
[2026-09-22T07:27:15.706673Z][RH.transfer-xyz-gripper][W][2330306][135]CRTCyclicEvent.cpp:TimeMissed():101|Cycle miss in event CCSICombinedCmdManager Cyclic Event. Time Overrun is 42848 us[EOL]
[2026-09-22T07:27:15.706656Z][RH.newgen-samplerecognitioncamera][W][2330306][136]CRTCyclicEvent.cpp:TimeMissed():101|Cycle miss in event CCSICombinedRepManager. Time Overrun is 45657 us[EOL]
[2026-09-22T07:27:15.706708Z][RH.transfer-xyz-gripper][W][2330306][135]CRTCyclicEvent.cpp:TimeMissed():101|Cycle miss in event CCSICombinedRepManager. Time Overrun is 42848 us[EOL]
[2026-09-22T07:27:15.844367Z][RH.transfer-xyz-gripper][W][2330306][135]CRTCyclicEvent.cpp:TimeMissed():101|Cycle miss in event CCSICombinedCmdManager Cyclic Event. Time Overrun is 20544 us[EOL]
[2026-09-22T07:27:15.844397Z][RH.transfer-xyz-gripper][W][2330306][135]CRTCyclicEvent.cpp:TimeMissed():101|Cycle miss in event CCSICombinedRepManager. Time Overrun is 20544 us[EOL]
[2026-09-22T07:27:16.002933Z][RH.transfer-xyz-gripper][W][2330306][135]CRTCyclicEvent.cpp:TimeMissed():101|Cycle miss in event CCSICombinedCmdManager Cyclic Event. Time Overrun is 39107 us[EOL]
[2026-09-22T07:27:16.003059Z][RH.transfer-xyz-gripper][W][2330306][135]CRTCyclicEvent.cpp:TimeMissed():101|Cycle miss in event CCSICombinedRepManager. Time Overrun is 39107 us[EOL]
[2026-09-22T07:27:16.054665Z][RH.newgen-rackhandler][W][2330306][153]CRTCyclicEvent.cpp:TimeMissed():101|Cycle miss in event CCSICombinedCmdManager Cyclic Event. Time Overrun is 25251 us[EOL]
[2026-09-22T07:27:16.260545Z][RH.newgen-samplerecognitioncamera][W][2330306][136]CRTCyclicEvent.cpp:TimeMissed():101|Cycle miss in event CCSICombinedCmdManager Cyclic Event. Time Overrun is 9579 us[EOL]
[2026-09-22T07:27:16.260581Z][RH.newgen-samplerecognitioncamera][W][2330306][136]CRTCyclicEvent.cpp:TimeMissed():101|Cycle miss in event CCSICombinedRepManager. Time Overrun is 9579 us[EOL]
[2026-09-22T07:27:16.259830Z][RH.transfer-xyz-gripper][W][2330306][135]CRTCyclicEvent.cpp:TimeMissed():101|Cycle miss in event CCSICombinedCmdManager Cyclic Event. Time Overrun is 16002 us[EOL]
[2026-09-22T07:27:16.259875Z][RH.transfer-xyz-gripper][W][2330306][135]CRTCyclicEvent.cpp:TimeMissed():101|Cycle miss in event CCSICombinedRepManager. Time Overrun is 16002 us[EOL]
[2026-09-22T07:27:16.657565Z][RH.newgen-rackhandler][W][2330306][153]CRTCyclicEvent.cpp:TimeMissed():101|Cycle miss in event CCSICombinedCmdManager Cyclic Event. Time Overrun is 488165 us[EOL]
[2026-09-22T07:27:16.658424Z][RH.newgen-rackhandler][W][2330306][153]CRTCyclicEvent.cpp:TimeMissed():101|Cycle miss in event CCSICyclicRepManager. Time Overrun is 208605 us[EOL]
[2026-09-22T07:27:16.658986Z][RH.transfer-xyz-gripper][W][2330306][135]CRTCyclicEvent.cpp:TimeMissed():101|Cycle miss in event CCSICombinedCmdManager Cyclic Event. Time Overrun is 285161 us[EOL]
[2026-09-22T07:27:16.659023Z][RH.transfer-xyz-gripper][W][2330306][135]CRTCyclicEvent.cpp:TimeMissed():101|Cycle miss in event CCSICombinedRepManager. Time Overrun is 285161 us[EOL]
[2026-09-22T07:27:16.657812Z][RH.newgen-samplerecognitioncamera][W][2330306][136]CRTCyclicEvent.cpp:TimeMissed():101|Cycle miss in event CCSICombinedCmdManager Cyclic Event. Time Overrun is 286843 us[EOL]
[2026-09-22T07:27:16.657885Z][RH.newgen-samplerecognitioncamera][W][2330306][136]CRTCyclicEvent.cpp:TimeMissed():101|Cycle miss in event CCSICombinedRepManager. Time Overrun is 286843 us[EOL]
[2026-09-22T07:27:17.240750Z][RH.transfer-xyz-gripper][W][2330306][135]CRTCyclicEvent.cpp:TimeMissed():101|Cycle miss in event CCSICombinedCmdManager Cyclic Event. Time Overrun is 466926 us[EOL]
[2026-09-22T07:27:17.243764Z][RH.newgen-rackhandler][W][2330306][153]CRTCyclicEvent.cpp:TimeMissed():101|Cycle miss in event CCSICombinedCmdManager Cyclic Event. Time Overrun is 474366 us[EOL]
[2026-09-22T07:27:17.240195Z][RH.newgen-samplerecognitioncamera][W][2330306][136]CRTCyclicEvent.cpp:TimeMissed():101|Cycle miss in event CCSICombinedCmdManager Cyclic Event. Time Overrun is 469225 us[EOL]
[2026-09-22T07:27:17.240245Z][RH.newgen-samplerecognitioncamera][W][2330306][136]CRTCyclicEvent.cpp:TimeMissed():101|Cycle miss in event CCSICombinedRepManager. Time Overrun is 469225 us[EOL]
[2026-09-22T07:27:17.243750Z][RH.newgen-samplerecognitioncamera][W][2330306][136]CRTCyclicEvent.cpp:TimeMissed():101|Cycle miss in event CCSICyclicRepManager. Time Overrun is 412612 us[EOL]
[2026-09-22T07:27:17.373549Z][RH.newgen-rackhandler][W][2330306][153]CRTCyclicEvent.cpp:TimeMissed():101|Cycle miss in event CCSICombinedCmdManager Cyclic Event. Time Overrun is 14148 us[EOL]
[2026-09-22T07:27:17.240782Z][RH.transfer-xyz-gripper][W][2330306][135]CRTCyclicEvent.cpp:TimeMissed():101|Cycle miss in event CCSICombinedRepManager. Time Overrun is 466926 us[EOL]
[2026-09-22T07:27:17.372396Z][RH.transfer-xyz-gripper][W][2330306][135]CRTCyclicEvent.cpp:TimeMissed():101|Cycle miss in event CCSICombinedCmdManager Cyclic Event. Time Overrun is 18570 us[EOL]
[2026-09-22T07:27:17.555845Z][RH.newgen-rackhandler][W][2330306][153]CRTCyclicEvent.cpp:TimeMissed():101|Cycle miss in event CCSICombinedCmdManager Cyclic Event. Time Overrun is 46443 us[EOL]
[2026-09-22T07:27:17.372426Z][RH.transfer-xyz-gripper][W][2330306][135]CRTCyclicEvent.cpp:TimeMissed():101|Cycle miss in event CCSICombinedRepManager. Time Overrun is 18570 us[EOL]
[2026-09-22T07:27:17.758615Z][RH.newgen-rackhandler][W][2330306][153]CRTCyclicEvent.cpp:TimeMissed():101|Cycle miss in event CCSICombinedCmdManager Cyclic Event. Time Overrun is 79218 us[EOL]
[2026-09-22T07:27:17.823872Z][RH.newgen-samplerecognitioncamera][W][2330306][136]CRTCyclicEvent.cpp:TimeMissed():101|Cycle miss in event CCSICombinedCmdManager Cyclic Event. Time Overrun is 2909 us[EOL]
[2026-09-22T07:27:17.823895Z][RH.newgen-samplerecognitioncamera][W][2330306][136]CRTCyclicEvent.cpp:TimeMissed():101|Cycle miss in event CCSICombinedRepManager. Time Overrun is 2909 us[EOL]
[2026-09-22T07:27:17.824747Z][RH.transfer-xyz-gripper][W][2330306][135]CRTCyclicEvent.cpp:TimeMissed():101|Cycle miss in event CCSICombinedCmdManager Cyclic Event. Time Overrun is 10925 us[EOL]
[2026-09-22T07:27:17.824773Z][RH.transfer-xyz-gripper][W][2330306][135]CRTCyclicEvent.cpp:TimeMissed():101|Cycle miss in event CCSICombinedRepManager. Time Overrun is 10925 us[EOL]
[2026-09-22T07:27:18.100208Z][RH.newgen-rackhandler][W][2330306][153]CRTCyclicEvent.cpp:TimeMissed():101|Cycle miss in event CCSICombinedCmdManager Cyclic Event. Time Overrun is 120798 us[EOL]
[2026-09-22T07:27:18.224254Z][RH.newgen-rackhandler][W][2330306][153]CRTCyclicEvent.cpp:TimeMissed():101|Cycle miss in event CCSICombinedCmdManager Cyclic Event. Time Overrun is 4855 us[EOL]
[2026-09-22T07:27:18.351169Z][RH.newgen-rackhandler][W][2330306][153]CRTCyclicEvent.cpp:TimeMissed():101|Cycle miss in event CCSICombinedCmdManager Cyclic Event. Time Overrun is 11773 us[EOL]
[2026-09-22T07:27:18.387705Z][RH.transfer-xyz-gripper][W][2330306][135]CRTCyclicEvent.cpp:TimeMissed():101|Cycle miss in event CCSICombinedCmdManager Cyclic Event. Time Overrun is 13873 us[EOL]
[2026-09-22T07:27:18.387750Z][RH.transfer-xyz-gripper][W][2330306][135]CRTCyclicEvent.cpp:TimeMissed():101|Cycle miss in event CCSICombinedRepManager. Time Overrun is 13873 us[EOL]
[2026-09-22T07:27:18.459846Z][RH.newgen-samplerecognitioncamera][W][2330306][136]CRTCyclicEvent.cpp:TimeMissed():101|Cycle miss in event CCSICombinedCmdManager Cyclic Event. Time Overrun is 18878 us[EOL]
[2026-09-22T07:27:18.459882Z][RH.newgen-samplerecognitioncamera][W][2330306][136]CRTCyclicEvent.cpp:TimeMissed():101|Cycle miss in event CCSICombinedRepManager. Time Overrun is 18878 us[EOL]
[2026-09-22T07:27:18.482192Z][RH.newgen-rackhandler][W][2330306][153]CRTCyclicEvent.cpp:TimeMissed():101|Cycle miss in event CCSICombinedCmdManager Cyclic Event. Time Overrun is 2791 us[EOL]
[2026-09-22T07:27:18.541648Z][RH.transfer-xyz-gripper][W][2330306][135]CRTCyclicEvent.cpp:TimeMissed():101|Cycle miss in event CCSICombinedCmdManager Cyclic Event. Time Overrun is 7823 us[EOL]
[2026-09-22T07:27:18.541818Z][RH.transfer-xyz-gripper][W][2330306][135]CRTCyclicEvent.cpp:TimeMissed():101|Cycle miss in event CCSICombinedRepManager. Time Overrun is 7823 us[EOL]
[2026-09-22T07:27:18.691273Z][RH.transfer-xyz-gripper][W][2330306][135]CRTCyclicEvent.cpp:TimeMissed():101|Cycle miss in event CCSICombinedCmdManager Cyclic Event. Time Overrun is 37451 us[EOL]
[2026-09-22T07:27:18.691300Z][RH.transfer-xyz-gripper][W][2330306][135]CRTCyclicEvent.cpp:TimeMissed():101|Cycle miss in event CCSICombinedRepManager. Time Overrun is 37451 us[EOL]
[2026-09-22T07:27:18.898153Z][RH.newgen-rackhandler][W][2330306][153]CRTCyclicEvent.cpp:TimeMissed():101|Cycle miss in event CCSICombinedCmdManager Cyclic Event. Time Overrun is 48756 us[EOL]
[2026-09-22T08:29:37.943870Z][RH.transfer-xyz-gripper][I][2330115][136]CRTArgumentParserBase.cpp:SetupLogFacility():200|System Logger Setup Done.[EOL]
[2026-09-22T08:29:37.944030Z][RH.transfer-xyz-gripper][I][1350078][136]CArgumentParserBase.cpp:ParseArguments():86|CSM version: 3.0.2.1215266_[EOL]
[2026-09-22T08:29:38.032614Z][RH.transfer-xyz-gripper][I][2330346][136]CRTSystemLogger.cpp:Activate():64|Realtime Logger created.[EOL]
[2026-09-22T08:29:38.032669Z][RH.transfer-xyz-gripper][N][2330110][136]CTLSF.cpp:TraceStatistics():105|TLSF Statistics: Initial pool size: 4194304 Bytes, pool increased: 0 times, high watermark: 114112 bytes, currently used size: 111328 bytes.[EOL]
[2026-09-22T08:29:38.032799Z][RH.transfer-xyz-gripper][I][2330349][136]CRTEventSystemConfigurationDefault.cpp:TraceSetupDone():284|Realtime Context Setup Done. Sched Policy: SCHED_FIFO, Prio: 46, Timer Prio: 75, Middleware Prio: 76, CPU assigned by OS[EOL]
[2026-09-22T08:29:38.207576Z][RH.newgen-samplerecognitioncamera][I][2330115][137]CRTArgumentParserBase.cpp:SetupLogFacility():200|System Logger Setup Done.[EOL]
[2026-09-22T08:29:38.207741Z][RH.newgen-samplerecognitioncamera][I][1350078][137]CArgumentParserBase.cpp:ParseArguments():86|CSM version: 1.0.0.1340523_[EOL]
[2026-09-22T08:29:38.760680Z][RH.transfer-xyz-gripper][I][1000053][136]CMotorLLCS.cpp:DoConfigure():192|Create BCI device with CDI: 0x10A101[EOL]
[2026-09-22T08:29:38.840479Z][RH.transfer-xyz-gripper][I][1000053][136]CMotorLLCS.cpp:DoConfigure():192|Create BCI device with CDI: 0x10A102[EOL]
[2026-09-22T08:29:38.938821Z][RH.transfer-xyz-gripper][I][1000053][136]CMotorLLCS.cpp:DoConfigure():192|Create BCI device with CDI: 0x10A103[EOL]
[2026-09-22T08:29:39.033600Z][RH.newgen-samplerecognitioncamera][I][2330346][137]CRTSystemLogger.cpp:Activate():64|Realtime Logger created.[EOL]
[2026-09-22T08:29:39.033662Z][RH.newgen-samplerecognitioncamera][N][2330110][137]CTLSF.cpp:TraceStatistics():105|TLSF Statistics: Initial pool size: 512000 Bytes, pool increased: 0 times, high watermark: 59792 bytes, currently used size: 58480 bytes.[EOL]
[2026-09-22T08:29:39.039958Z][RH.newgen-samplerecognitioncamera][I][2330349][137]CRTEventSystemConfigurationDefault.cpp:TraceSetupDone():284|Realtime Context Setup Done. Sched Policy: SCHED_FIFO, Prio: 46, Timer Prio: 75, Middleware Prio: 76, CPU assigned by OS[EOL]
[2026-09-22T08:29:39.497806Z][RH.newgen-samplerecognitioncamera][N][2330477][137]CConnectionHandler.cpp:RegisterConnection():104|Socket added to epoll with identifier 0x0 (0), file descriptor 15.[EOL]
[2026-09-22T08:29:39.529114Z][RH.newgen-samplerecognitioncamera][N][2330477][137]CConnectionHandler.cpp:RegisterConnection():104|Socket added to epoll with identifier 0x0 (0), file descriptor 16.[EOL]
[2026-09-22T08:29:39.529294Z][RH.newgen-samplerecognitioncamera][N][2330467][137]CDefaultStreamHandler.cpp:OnConnectionAccepted():405|New connection established. file descriptor 16[EOL]
[2026-09-22T08:29:39.531849Z][RH.newgen-samplerecognitioncamera][N][2330470][137]CDefaultStreamHandler.cpp:OnClosing():424|Socket with file descriptor 16 has been disconnected[EOL]
[2026-09-22T08:29:39.531878Z][RH.newgen-samplerecognitioncamera][N][2330478][137]CConnectionHandler.cpp:UnregisterConnection():127|Socket removed from epoll with identifier 0x0 (0), file descriptor 16.[EOL]
[2026-09-22T08:29:40.643509Z][RH.newgen-samplerecognitioncamera][W][2330306][137]CRTCyclicEvent.cpp:TimeMissed():101|Cycle miss in event CCSICombinedCmdManager Cyclic Event. Time Overrun is 8168 us[EOL]
[2026-09-22T08:29:40.643561Z][RH.newgen-samplerecognitioncamera][W][2330306][137]CRTCyclicEvent.cpp:TimeMissed():101|Cycle miss in event CCSICombinedRepManager. Time Overrun is 8168 us[EOL]
[2026-09-22T08:29:41.367949Z][RH.transfer-xyz-gripper][N][2330477][136]CConnectionHandler.cpp:RegisterConnection():104|Socket added to epoll with identifier 0x0 (0), file descriptor 15.[EOL]
[2026-09-22T08:29:41.376821Z][RH.transfer-xyz-gripper][N][2330477][136]CConnectionHandler.cpp:RegisterConnection():104|Socket added to epoll with identifier 0x0 (0), file descriptor 16.[EOL]
[2026-09-22T08:29:41.376870Z][RH.transfer-xyz-gripper][N][2330467][136]CDefaultStreamHandler.cpp:OnConnectionAccepted():405|New connection established. file descriptor 16[EOL]
[2026-09-22T08:29:41.376902Z][RH.transfer-xyz-gripper][N][2330470][136]CDefaultStreamHandler.cpp:OnClosing():424|Socket with file descriptor 16 has been disconnected[EOL]
[2026-09-22T08:29:41.376907Z][RH.transfer-xyz-gripper][N][2330478][136]CConnectionHandler.cpp:UnregisterConnection():127|Socket removed from epoll with identifier 0x0 (0), file descriptor 16.[EOL]
[2026-09-22T08:29:41.611894Z][RH.newgen-samplerecognitioncamera][W][2330306][137]CRTCyclicEvent.cpp:TimeMissed():101|Cycle miss in event CCSICombinedCmdManager Cyclic Event. Time Overrun is 7781 us[EOL]
[2026-09-22T08:29:41.611930Z][RH.newgen-samplerecognitioncamera][W][2330306][137]CRTCyclicEvent.cpp:TimeMissed():101|Cycle miss in event CCSICombinedRepManager. Time Overrun is 7781 us[EOL]
[2026-09-22T08:29:43.392327Z][RH.transfer-xyz-gripper][W][2330306][136]CRTCyclicEvent.cpp:TimeMissed():101|Cycle miss in event CCSICombinedCmdManager Cyclic Event. Time Overrun is 2966 us[EOL]
[2026-09-22T08:29:43.392374Z][RH.transfer-xyz-gripper][W][2330306][136]CRTCyclicEvent.cpp:TimeMissed():101|Cycle miss in event CCSICombinedRepManager. Time Overrun is 2966 us[EOL]
[2026-09-22T08:29:43.442984Z][RH.newgen-samplerecognitioncamera][W][2330306][137]CRTCyclicEvent.cpp:TimeMissed():101|Cycle miss in event CCSICombinedCmdManager Cyclic Event. Time Overrun is 8872 us[EOL]
[2026-09-22T08:29:43.443029Z][RH.newgen-samplerecognitioncamera][W][2330306][137]CRTCyclicEvent.cpp:TimeMissed():101|Cycle miss in event CCSICombinedRepManager. Time Overrun is 8872 us[EOL]
[2026-09-22T08:29:43.752386Z][RH.transfer-xyz-gripper][W][2330306][136]CRTCyclicEvent.cpp:TimeMissed():101|Cycle miss in event CCSICombinedCmdManager Cyclic Event. Time Overrun is 13133 us[EOL]
[2026-09-22T08:29:43.752438Z][RH.transfer-xyz-gripper][W][2330306][136]CRTCyclicEvent.cpp:TimeMissed():101|Cycle miss in event CCSICombinedRepManager. Time Overrun is 13133 us[EOL]
[2026-09-22T08:29:44.018281Z][RH.newgen-rackhandler][I][2330115][155]CRTArgumentParserBase.cpp:SetupLogFacility():200|System Logger Setup Done.[EOL]
[2026-09-22T08:29:44.018383Z][RH.newgen-rackhandler][I][1350078][155]CArgumentParserBase.cpp:ParseArguments():86|CSM version: 3.2.1.1340680_[EOL]
[2026-09-22T08:29:44.351783Z][RH.transfer-xyz-gripper][W][2330306][136]CRTCyclicEvent.cpp:TimeMissed():101|Cycle miss in event CCSICombinedCmdManager Cyclic Event. Time Overrun is 62535 us[EOL]
[2026-09-22T08:29:44.351829Z][RH.transfer-xyz-gripper][W][2330306][136]CRTCyclicEvent.cpp:TimeMissed():101|Cycle miss in event CCSICombinedRepManager. Time Overrun is 62535 us[EOL]
[2026-09-22T08:29:44.449462Z][RH.newgen-rackhandler][I][2330346][155]CRTSystemLogger.cpp:Activate():64|Realtime Logger created.[EOL]
[2026-09-22T08:29:44.449517Z][RH.newgen-rackhandler][N][2330110][155]CTLSF.cpp:TraceStatistics():105|TLSF Statistics: Initial pool size: 8388608 Bytes, pool increased: 0 times, high watermark: 214464 bytes, currently used size: 201616 bytes.[EOL]
[2026-09-22T08:29:44.449539Z][RH.newgen-rackhandler][I][2330349][155]CRTEventSystemConfigurationDefault.cpp:TraceSetupDone():284|Realtime Context Setup Done. Sched Policy: SCHED_FIFO, Prio: 45, Timer Prio: 75, Middleware Prio: 76, CPU assigned by OS[EOL]
[2026-09-22T08:29:44.530348Z][RH.newgen-rackhandler][I][1000053][155]CMotorLLCS.cpp:DoConfigure():192|Create BCI device with CDI: 0x10A401[EOL]
[2026-09-22T08:29:44.533877Z][RH.newgen-rackhandler][I][1000053][155]CMotorLLCS.cpp:DoConfigure():192|Create BCI device with CDI: 0x10A403[EOL]
[2026-09-22T08:29:44.536051Z][RH.newgen-rackhandler][I][1000053][155]CMotorLLCS.cpp:DoConfigure():192|Create BCI device with CDI: 0x10A402[EOL]
[2026-09-22T08:29:44.566118Z][RH.newgen-rackhandler][I][1780000][155]CSubmoduleEventListener.cpp:RegisterReport():122|RegisterReport()[EOL]
[2026-09-22T08:29:44.566188Z][RH.newgen-rackhandler][I][1780000][155]CSubmoduleEventListener.cpp:RegisterReport():124|Module ID: 612[EOL]
[2026-09-22T08:29:44.573752Z][RH.newgen-rackhandler][I][0][155]CCSMApplication.cpp:UserLevelApplicationInit():227|Loading ECC /opt/roche/config//settings/startup/ecc.xml, Config ID: RackHandler[EOL]
[2026-09-22T08:29:44.790953Z][RH.newgen-samplerecognitioncamera][W][2330306][137]CRTCyclicEvent.cpp:TimeMissed():101|Cycle miss in event CCSICombinedCmdManager Cyclic Event. Time Overrun is 6841 us[EOL]
[2026-09-22T08:29:44.790997Z][RH.newgen-samplerecognitioncamera][W][2330306][137]CRTCyclicEvent.cpp:TimeMissed():101|Cycle miss in event CCSICombinedRepManager. Time Overrun is 6841 us[EOL]
[2026-09-22T08:29:45.177954Z][RH.newgen-samplerecognitioncamera][W][2330306][137]CRTCyclicEvent.cpp:TimeMissed():101|Cycle miss in event CCSICombinedCmdManager Cyclic Event. Time Overrun is 13844 us[EOL]
[2026-09-22T08:29:45.166990Z][RH.newgen-rackhandler][I][0][155]CCSMApplication.cpp:UserLevelApplicationInit():230|Parsing Device List[EOL]
[2026-09-22T08:29:45.178045Z][RH.newgen-samplerecognitioncamera][W][2330306][137]CRTCyclicEvent.cpp:TimeMissed():101|Cycle miss in event CCSICombinedRepManager. Time Overrun is 13844 us[EOL]
[2026-09-22T08:29:45.194316Z][RH.newgen-rackhandler][N][2330477][155]CConnectionHandler.cpp:RegisterConnection():104|Socket added to epoll with identifier 0x0 (0), file descriptor 20.[EOL]
[2026-09-22T08:29:45.199555Z][RH.newgen-rackhandler][N][2330477][155]CConnectionHandler.cpp:RegisterConnection():104|Socket added to epoll with identifier 0x0 (0), file descriptor 21.[EOL]
[2026-09-22T08:29:45.199601Z][RH.newgen-rackhandler][N][2330467][155]CDefaultStreamHandler.cpp:OnConnectionAccepted():405|New connection established. file descriptor 21[EOL]
[2026-09-22T08:29:45.199642Z][RH.newgen-rackhandler][N][2330470][155]CDefaultStreamHandler.cpp:OnClosing():424|Socket with file descriptor 21 has been disconnected[EOL]
[2026-09-22T08:29:45.199648Z][RH.newgen-rackhandler][N][2330478][155]CConnectionHandler.cpp:UnregisterConnection():127|Socket removed from epoll with identifier 0x0 (0), file descriptor 21.[EOL]
[2026-09-22T08:29:45.202499Z][RH.newgen-rackhandler][N][844444405][155]RabbitMqConnector.cpp:Connect():840|Connecting as '6800_2AC.10001.RackHandler' to RabbitMQ on amqp://USERNAME:PASSWORD@rabbitmq-server/[EOL]
[2026-09-22T08:29:45.204611Z][RH.newgen-rackhandler][N][2330477][155]CConnectionHandler.cpp:RegisterConnection():104|Socket added to epoll with identifier 0x15 (21), file descriptor 21.[EOL]
[2026-09-22T08:29:45.241960Z][RH.newgen-rackhandler][N][2330477][155]CConnectionHandler.cpp:RegisterConnection():104|Socket added to epoll with identifier 0x17 (23), file descriptor 23.[EOL]
[2026-09-22T08:29:45.242027Z][RH.newgen-rackhandler][N][2330478][155]CConnectionHandler.cpp:UnregisterConnection():127|Socket removed from epoll with identifier 0x15 (21), file descriptor 21.[EOL]
[2026-09-22T08:29:45.250814Z][RH.newgen-rackhandler][I][844444409][155]RabbitMqConnector.cpp:onProperties():1356|Exchange of properties: amqp_conn=0x7f867ddbaa00 amqp_conn_fd=23#012  Properties sent by server:#012    table(capabilities:table(authentication_failure_close:booleanset(1,0,0,0,0,0,0,0),basic.nack:booleanset(1,0,0,0,0,0,0,0),connection.blocked:booleanset(1,0,0,0,0,0,0,0),consumer_cancel_notify:booleanset(1,0,0,0,0,0,0,0),consumer_priorities:booleanset(1,0,0,0,0,0,0,0),direct_reply_to:booleanset(1,0,0,0,0,0,0,0),exchange_exchange_bindings:booleanset(1,0,0,0,0,0,0,0),per_consumer_qos:booleanset(1,0,0,0,0,0,0,0),publisher_confirms:booleanset(1,0,0,0,0,0,0,0)),cluster_name:string(rabbit@x800-instrument),copyright:string(Copyright (c) 2007-2024 Broadcom Inc and/or its subsidiaries),information:string(Licensed under the MPL 2.0. Website: https://rabbitmq.com),platform:string(Erlang/OTP 26.2.5.3),product:string(RabbitMQ),version:string(3.13.7))#012  Properties sent back by us:#012    table(connection_name:string(6800_2AC.10001.RackHandler))#012  Note that additional properties will be set internally by the AMQP-CPP library.[EOL]
[2026-09-22T08:29:45.252166Z][RH.newgen-rackhandler][I][844444410][155]RabbitMqConnector.cpp:onNegotiate():1364|Setting heartbeat frequency: amqp_conn=0x7f867ddbaa00 amqp_conn_fd=23 interval=60[EOL]
[2026-09-22T08:29:45.254514Z][RH.newgen-rackhandler][I][844444411][155]RabbitMqConnector.cpp:onReady():1373|Handshake with rabbitmq completed: amqp_conn=0x7f867ddbaa00 amqp_conn_fd=23[EOL]
[2026-09-22T08:29:45.258435Z][RH.newgen-rackhandler][I][844444453][155]RabbitMqConnector.cpp:operator()():631|Sucessfully consumed: queue_name: roche.newgen.rackhandler.q[EOL]
[2026-09-22T08:29:45.258873Z][RH.newgen-rackhandler][I][844444436][155]UnitCommunicator.cpp:SendEvent():424|Publishing event: type=Roche.c68_8800.RackHandler.UnitStateChanged correlation_id=(n/a)[EOL]
[2026-09-22T08:29:45.258965Z][RH.newgen-rackhandler][I][2560017][155]MessageSender.h:SendEvent():105|Sent RabbitMqEvent Roche.c68_8800.RackHandler.UnitStateChanged. Content: {"Timestamp":"2026-09-22T08:29:45.258829Z","TraceContext":"00-a58b5e824c874f4fc3e0a6fc8b5077ca-7d0fcd30ef0e300b-01","OldState":"PoweredOff","NewState":"StartingUp"}[EOL]
[2026-09-22T08:29:45.279614Z][RH.newgen-rackhandler][W][2330306][155]CRTCyclicEvent.cpp:TimeMissed():101|Cycle miss in event CCSICombinedCmdManager Cyclic Event. Time Overrun is 8240 us[EOL]
[2026-09-22T08:29:46.230879Z][RH.newgen-rackhandler][W][2330306][155]CRTCyclicEvent.cpp:TimeMissed():101|Cycle miss in event CCSICombinedCmdManager Cyclic Event. Time Overrun is 1652 us[EOL]
[2026-09-22T08:29:46.230722Z][RH.newgen-samplerecognitioncamera][W][2330306][137]CRTCyclicEvent.cpp:TimeMissed():101|Cycle miss in event CCSICombinedCmdManager Cyclic Event. Time Overrun is 6612 us[EOL]
[2026-09-22T08:29:46.230760Z][RH.newgen-samplerecognitioncamera][W][2330306][137]CRTCyclicEvent.cpp:TimeMissed():101|Cycle miss in event CCSICombinedRepManager. Time Overrun is 6612 us[EOL]
[2026-09-22T08:29:46.634340Z][RH.newgen-samplerecognitioncamera][W][2330306][137]CRTCyclicEvent.cpp:TimeMissed():101|Cycle miss in event CCSICombinedCmdManager Cyclic Event. Time Overrun is 10229 us[EOL]
[2026-09-22T08:29:46.634373Z][RH.newgen-samplerecognitioncamera][W][2330306][137]CRTCyclicEvent.cpp:TimeMissed():101|Cycle miss in event CCSICombinedRepManager. Time Overrun is 10229 us[EOL]
[2026-09-22T08:29:48.385349Z][RH.transfer-xyz-gripper][W][2330306][136]CRTCyclicEvent.cpp:TimeMissed():101|Cycle miss in event CCSICombinedCmdManager Cyclic Event. Time Overrun is 6094 us[EOL]
[2026-09-22T08:29:48.385398Z][RH.transfer-xyz-gripper][W][2330306][136]CRTCyclicEvent.cpp:TimeMissed():101|Cycle miss in event CCSICombinedRepManager. Time Overrun is 6094 us[EOL]
[2026-09-22T08:29:48.994357Z][RH.newgen-rackhandler][W][2330306][155]CRTCyclicEvent.cpp:TimeMissed():101|Cycle miss in event CCSICombinedCmdManager Cyclic Event. Time Overrun is 15127 us[EOL]
[2026-09-22T08:29:49.507265Z][RH.transfer-xyz-gripper][W][2330306][136]CRTCyclicEvent.cpp:TimeMissed():101|Cycle miss in event CCSICombinedCmdManager Cyclic Event. Time Overrun is 8015 us[EOL]
[2026-09-22T08:29:49.507358Z][RH.transfer-xyz-gripper][W][2330306][136]CRTCyclicEvent.cpp:TimeMissed():101|Cycle miss in event CCSICombinedRepManager. Time Overrun is 8015 us[EOL]
[2026-09-22T08:29:50.059188Z][RH.transfer-xyz-gripper][W][2330306][136]CRTCyclicEvent.cpp:TimeMissed():101|Cycle miss in event CCSICombinedCmdManager Cyclic Event. Time Overrun is 9934 us[EOL]
[2026-09-22T08:29:50.059232Z][RH.transfer-xyz-gripper][W][2330306][136]CRTCyclicEvent.cpp:TimeMissed():101|Cycle miss in event CCSICombinedRepManager. Time Overrun is 9934 us[EOL]
[2026-09-22T08:29:50.049117Z][RH.newgen-rackhandler][W][2330306][155]CRTCyclicEvent.cpp:TimeMissed():101|Cycle miss in event CCSICombinedCmdManager Cyclic Event. Time Overrun is 9891 us[EOL]
[2026-09-22T08:29:50.233818Z][RH.newgen-rackhandler][W][2330306][155]CRTCyclicEvent.cpp:TimeMissed():101|Cycle miss in event CCSICombinedCmdManager Cyclic Event. Time Overrun is 4585 us[EOL]
[2026-09-22T08:29:51.143000Z][RH.newgen-rackhandler][W][2330306][155]CRTCyclicEvent.cpp:TimeMissed():101|Cycle miss in event CCSICyclicRepManager. Time Overrun is 240890 us[EOL]
[2026-09-22T08:29:51.142579Z][RH.newgen-samplerecognitioncamera][W][2330306][137]CRTCyclicEvent.cpp:TimeMissed():101|Cycle miss in event CCSICombinedCmdManager Cyclic Event. Time Overrun is 358453 us[EOL]
[2026-09-22T08:29:51.142666Z][RH.newgen-samplerecognitioncamera][W][2330306][137]CRTCyclicEvent.cpp:TimeMissed():101|Cycle miss in event CCSICombinedRepManager. Time Overrun is 358453 us[EOL]
[2026-09-22T08:29:51.145460Z][RH.newgen-samplerecognitioncamera][W][2330306][137]CRTCyclicEvent.cpp:TimeMissed():101|Cycle miss in event CCSICyclicRepManager. Time Overrun is 236904 us[EOL]
[2026-09-22T08:29:51.220495Z][RH.newgen-rackhandler][W][2330306][155]CRTCyclicEvent.cpp:TimeMissed():101|Cycle miss in event CCSICombinedCmdManager Cyclic Event. Time Overrun is 21266 us[EOL]
[2026-09-22T08:29:51.607174Z][RH.transfer-xyz-gripper][W][2330306][136]CRTCyclicEvent.cpp:TimeMissed():101|Cycle miss in event CCSICombinedCmdManager Cyclic Event. Time Overrun is 7927 us[EOL]
[2026-09-22T08:29:51.607204Z][RH.transfer-xyz-gripper][W][2330306][136]CRTCyclicEvent.cpp:TimeMissed():101|Cycle miss in event CCSICombinedRepManager. Time Overrun is 7927 us[EOL]
[2026-09-22T08:29:51.779401Z][RH.transfer-xyz-gripper][W][2330306][136]CRTCyclicEvent.cpp:TimeMissed():101|Cycle miss in event CCSICombinedCmdManager Cyclic Event. Time Overrun is 147 us[EOL]
[2026-09-22T08:29:51.779528Z][RH.transfer-xyz-gripper][W][2330306][136]CRTCyclicEvent.cpp:TimeMissed():101|Cycle miss in event CCSICombinedRepManager. Time Overrun is 147 us[EOL]
[2026-09-22T08:29:51.869522Z][RH.newgen-rackhandler][W][2330306][155]CRTCyclicEvent.cpp:TimeMissed():101|Cycle miss in event CCSICombinedCmdManager Cyclic Event. Time Overrun is 287 us[EOL]
[2026-09-22T08:29:51.975154Z][RH.newgen-samplerecognitioncamera][W][2330306][137]CRTCyclicEvent.cpp:TimeMissed():101|Cycle miss in event CCSICombinedCmdManager Cyclic Event. Time Overrun is 1039 us[EOL]
[2026-09-22T08:29:51.975196Z][RH.newgen-samplerecognitioncamera][W][2330306][137]CRTCyclicEvent.cpp:TimeMissed():101|Cycle miss in event CCSICombinedRepManager. Time Overrun is 1039 us[EOL]
[2026-09-22T08:29:52.069524Z][RH.newgen-rackhandler][W][2330306][155]CRTCyclicEvent.cpp:TimeMissed():101|Cycle miss in event CCSICombinedCmdManager Cyclic Event. Time Overrun is 293 us[EOL]
[2026-09-22T08:29:52.375213Z][RH.newgen-rackhandler][W][2330306][155]CRTCyclicEvent.cpp:TimeMissed():101|Cycle miss in event CCSICombinedCmdManager Cyclic Event. Time Overrun is 5977 us[EOL]
[2026-09-22T08:29:53.167522Z][RH.transfer-xyz-gripper][W][2330306][136]CRTCyclicEvent.cpp:TimeMissed():101|Cycle miss in event CCSICombinedCmdManager Cyclic Event. Time Overrun is 8276 us[EOL]
[2026-09-22T08:29:53.167551Z][RH.transfer-xyz-gripper][W][2330306][136]CRTCyclicEvent.cpp:TimeMissed():101|Cycle miss in event CCSICombinedRepManager. Time Overrun is 8276 us[EOL]
[2026-09-22T08:29:53.732458Z][RH.newgen-rackhandler][W][2330306][155]CRTCyclicEvent.cpp:TimeMissed():101|Cycle miss in event CCSICombinedCmdManager Cyclic Event. Time Overrun is 3227 us[EOL]
[2026-09-22T08:29:54.206752Z][RH.transfer-xyz-gripper][W][2330306][136]CRTCyclicEvent.cpp:TimeMissed():101|Cycle miss in event CCSICombinedCmdManager Cyclic Event. Time Overrun is 7502 us[EOL]
[2026-09-22T08:29:54.206783Z][RH.transfer-xyz-gripper][W][2330306][136]CRTCyclicEvent.cpp:TimeMissed():101|Cycle miss in event CCSICombinedRepManager. Time Overrun is 7502 us[EOL]
[2026-09-22T08:29:55.071930Z][RH.newgen-rackhandler][W][2330306][155]CRTCyclicEvent.cpp:TimeMissed():101|Cycle miss in event CCSICombinedCmdManager Cyclic Event. Time Overrun is 2704 us[EOL]
[2026-09-22T08:29:55.071720Z][RH.transfer-xyz-gripper][W][2330306][136]CRTCyclicEvent.cpp:TimeMissed():101|Cycle miss in event CCSICombinedCmdManager Cyclic Event. Time Overrun is 2472 us[EOL]
[2026-09-22T08:29:55.071753Z][RH.transfer-xyz-gripper][W][2330306][136]CRTCyclicEvent.cpp:TimeMissed():101|Cycle miss in event CCSICombinedRepManager. Time Overrun is 2472 us[EOL]
[2026-09-22T08:29:55.084561Z][RH.newgen-samplerecognitioncamera][W][2330306][137]CRTCyclicEvent.cpp:TimeMissed():101|Cycle miss in event CCSICombinedCmdManager Cyclic Event. Time Overrun is 452 us[EOL]
[2026-09-22T08:29:55.084602Z][RH.newgen-samplerecognitioncamera][W][2330306][137]CRTCyclicEvent.cpp:TimeMissed():101|Cycle miss in event CCSICombinedRepManager. Time Overrun is 452 us[EOL]
[2026-09-22T08:29:55.299626Z][RH.transfer-xyz-gripper][W][2330306][136]CRTCyclicEvent.cpp:TimeMissed():101|Cycle miss in event CCSICombinedCmdManager Cyclic Event. Time Overrun is 374 us[EOL]
[2026-09-22T08:29:55.299673Z][RH.transfer-xyz-gripper][W][2330306][136]CRTCyclicEvent.cpp:TimeMissed():101|Cycle miss in event CCSICombinedRepManager. Time Overrun is 374 us[EOL]
[2026-09-22T08:29:55.731954Z][RH.newgen-rackhandler][W][2330306][155]CRTCyclicEvent.cpp:TimeMissed():101|Cycle miss in event CCSICombinedCmdManager Cyclic Event. Time Overrun is 2720 us[EOL]
[2026-09-22T08:29:58.135585Z][RH.newgen-samplerecognitioncamera][W][2330306][137]CRTCyclicEvent.cpp:TimeMissed():101|Cycle miss in event CCSICombinedCmdManager Cyclic Event. Time Overrun is 11476 us[EOL]
[2026-09-22T08:29:58.135620Z][RH.newgen-samplerecognitioncamera][W][2330306][137]CRTCyclicEvent.cpp:TimeMissed():101|Cycle miss in event CCSICombinedRepManager. Time Overrun is 11476 us[EOL]
[2026-09-22T08:29:58.846703Z][RH.newgen-samplerecognitioncamera][W][2330306][137]CRTCyclicEvent.cpp:TimeMissed():101|Cycle miss in event CCSICombinedCmdManager Cyclic Event. Time Overrun is 2594 us[EOL]
[2026-09-22T08:29:58.846740Z][RH.newgen-samplerecognitioncamera][W][2330306][137]CRTCyclicEvent.cpp:TimeMissed():101|Cycle miss in event CCSICombinedRepManager. Time Overrun is 2594 us[EOL]
[2026-09-22T08:29:59.491926Z][RH.newgen-samplerecognitioncamera][W][2330306][137]CRTCyclicEvent.cpp:TimeMissed():101|Cycle miss in event CCSICombinedCmdManager Cyclic Event. Time Overrun is 7816 us[EOL]
[2026-09-22T08:29:59.491990Z][RH.newgen-samplerecognitioncamera][W][2330306][137]CRTCyclicEvent.cpp:TimeMissed():101|Cycle miss in event CCSICombinedRepManager. Time Overrun is 7816 us[EOL]
[2026-09-22T08:29:59.539924Z][RH.transfer-xyz-gripper][W][2330306][136]CRTCyclicEvent.cpp:TimeMissed():101|Cycle miss in event CCSICombinedCmdManager Cyclic Event. Time Overrun is 670 us[EOL]
[2026-09-22T08:29:59.540122Z][RH.transfer-xyz-gripper][W][2330306][136]CRTCyclicEvent.cpp:TimeMissed():101|Cycle miss in event CCSICombinedRepManager. Time Overrun is 670 us[EOL]
[2026-09-22T08:30:00.720494Z][RH.newgen-rackhandler][W][2330306][155]CRTCyclicEvent.cpp:TimeMissed():101|Cycle miss in event CCSICombinedCmdManager Cyclic Event. Time Overrun is 1264 us[EOL]
[2026-09-22T08:30:01.383998Z][RH.newgen-rackhandler][W][2330306][155]CRTCyclicEvent.cpp:TimeMissed():101|Cycle miss in event CCSICombinedCmdManager Cyclic Event. Time Overrun is 4769 us[EOL]
[2026-09-22T08:30:01.391109Z][RH.transfer-xyz-gripper][W][2330306][136]CRTCyclicEvent.cpp:TimeMissed():101|Cycle miss in event CCSICombinedCmdManager Cyclic Event. Time Overrun is 11862 us[EOL]
[2026-09-22T08:30:01.391134Z][RH.transfer-xyz-gripper][W][2330306][136]CRTCyclicEvent.cpp:TimeMissed():101|Cycle miss in event CCSICombinedRepManager. Time Overrun is 11862 us[EOL]
[2026-09-22T08:30:01.380157Z][RH.newgen-samplerecognitioncamera][W][2330306][137]CRTCyclicEvent.cpp:TimeMissed():101|Cycle miss in event CCSICombinedCmdManager Cyclic Event. Time Overrun is 26041 us[EOL]
[2026-09-22T08:30:01.380204Z][RH.newgen-samplerecognitioncamera][W][2330306][137]CRTCyclicEvent.cpp:TimeMissed():101|Cycle miss in event CCSICombinedRepManager. Time Overrun is 26041 us[EOL]
[2026-09-22T08:30:01.498324Z][RH.newgen-samplerecognitioncamera][W][2330306][137]CRTCyclicEvent.cpp:TimeMissed():101|Cycle miss in event CCSICombinedCmdManager Cyclic Event. Time Overrun is 4210 us[EOL]
[2026-09-22T08:30:01.498360Z][RH.newgen-samplerecognitioncamera][W][2330306][137]CRTCyclicEvent.cpp:TimeMissed():101|Cycle miss in event CCSICombinedRepManager. Time Overrun is 4210 us[EOL]
[2026-09-22T08:30:01.556337Z][RH.newgen-rackhandler][W][2330306][155]CRTCyclicEvent.cpp:TimeMissed():101|Cycle miss in event CCSICombinedCmdManager Cyclic Event. Time Overrun is 37107 us[EOL]
[2026-09-22T08:30:01.556349Z][RH.transfer-xyz-gripper][W][2330306][136]CRTCyclicEvent.cpp:TimeMissed():101|Cycle miss in event CCSICombinedCmdManager Cyclic Event. Time Overrun is 37099 us[EOL]
[2026-09-22T08:30:01.556381Z][RH.transfer-xyz-gripper][W][2330306][136]CRTCyclicEvent.cpp:TimeMissed():101|Cycle miss in event CCSICombinedRepManager. Time Overrun is 37099 us[EOL]
[2026-09-22T08:30:01.768091Z][RH.newgen-rackhandler][W][2330306][155]CRTCyclicEvent.cpp:TimeMissed():101|Cycle miss in event CCSICombinedCmdManager Cyclic Event. Time Overrun is 88856 us[EOL]
[2026-09-22T08:30:02.053238Z][RH.newgen-rackhandler][W][2330306][155]CRTCyclicEvent.cpp:TimeMissed():101|Cycle miss in event CCSICombinedCmdManager Cyclic Event. Time Overrun is 174006 us[EOL]
[2026-09-22T08:30:01.662923Z][RH.newgen-samplerecognitioncamera][W][2330306][137]CRTCyclicEvent.cpp:TimeMissed():101|Cycle miss in event CCSICombinedCmdManager Cyclic Event. Time Overrun is 48812 us[EOL]
[2026-09-22T08:30:01.663085Z][RH.newgen-samplerecognitioncamera][W][2330306][137]CRTCyclicEvent.cpp:TimeMissed():101|Cycle miss in event CCSICombinedRepManager. Time Overrun is 48812 us[EOL]
[2026-09-22T08:30:03.449635Z][RH.transfer-xyz-gripper][W][2330306][136]CRTCyclicEvent.cpp:TimeMissed():101|Cycle miss in event CCSICombinedCmdManager Cyclic Event. Time Overrun is 1780383 us[EOL]
[2026-09-22T08:30:03.449681Z][RH.transfer-xyz-gripper][W][2330306][136]CRTCyclicEvent.cpp:TimeMissed():101|Cycle miss in event CCSICombinedRepManager. Time Overrun is 1780383 us[EOL]
[2026-09-22T08:30:02.274428Z][RH.newgen-rackhandler][W][2330306][155]CRTCyclicEvent.cpp:TimeMissed():101|Cycle miss in event CCSICombinedCmdManager Cyclic Event. Time Overrun is 95191 us[EOL]
[2026-09-22T08:30:02.391286Z][RH.newgen-rackhandler][W][2330306][155]CRTCyclicEvent.cpp:TimeMissed():101|Cycle miss in event CCSICombinedCmdManager Cyclic Event. Time Overrun is 2060 us[EOL]
[2026-09-22T08:30:02.511838Z][RH.newgen-rackhandler][W][2330306][155]CRTCyclicEvent.cpp:TimeMissed():101|Cycle miss in event CCSICombinedCmdManager Cyclic Event. Time Overrun is 2605 us[EOL]
[2026-09-22T08:30:02.629296Z][RH.newgen-rackhandler][W][2330306][155]CRTCyclicEvent.cpp:TimeMissed():101|Cycle miss in event CCSICombinedCmdManager Cyclic Event. Time Overrun is 65 us[EOL]
[2026-09-22T08:30:02.876952Z][RH.newgen-rackhandler][W][2330306][155]CRTCyclicEvent.cpp:TimeMissed():101|Cycle miss in event CCSICombinedCmdManager Cyclic Event. Time Overrun is 97714 us[EOL]
[2026-09-22T08:30:02.052807Z][RH.newgen-samplerecognitioncamera][W][2330306][137]CRTCyclicEvent.cpp:TimeMissed():101|Cycle miss in event CCSICombinedCmdManager Cyclic Event. Time Overrun is 258696 us[EOL]
[2026-09-22T08:30:03.057633Z][RH.newgen-rackhandler][W][2330306][155]CRTCyclicEvent.cpp:TimeMissed():101|Cycle miss in event CCSICombinedCmdManager Cyclic Event. Time Overrun is 68406 us[EOL]
[2026-09-22T08:30:02.052837Z][RH.newgen-samplerecognitioncamera][W][2330306][137]CRTCyclicEvent.cpp:TimeMissed():101|Cycle miss in event CCSICombinedRepManager. Time Overrun is 258696 us[EOL]
[2026-09-22T08:30:03.352218Z][RH.newgen-rackhandler][W][2330306][155]CRTCyclicEvent.cpp:TimeMissed():101|Cycle miss in event CCSICombinedCmdManager Cyclic Event. Time Overrun is 172979 us[EOL]
[2026-09-22T08:30:02.628553Z][RH.newgen-samplerecognitioncamera][W][2330306][137]CRTCyclicEvent.cpp:TimeMissed():101|Cycle miss in event CCSICyclicRepManager. Time Overrun is 922338 us[EOL]
[2026-09-22T08:30:02.628955Z][RH.newgen-samplerecognitioncamera][W][2330306][137]CRTCyclicEvent.cpp:TimeMissed():101|Cycle miss in event CCSICombinedCmdManager Cyclic Event. Time Overrun is 474846 us[EOL]
[2026-09-22T08:30:03.467116Z][RH.newgen-rackhandler][W][2330306][155]CRTCyclicEvent.cpp:TimeMissed():101|Cycle miss in event CCSICyclicRepManager. Time Overrun is 1665024 us[EOL]
[2026-09-22T08:30:03.713108Z][RH.transfer-xyz-gripper][W][2330306][136]CRTCyclicEvent.cpp:TimeMissed():101|Cycle miss in event CCSICombinedCmdManager Cyclic Event. Time Overrun is 3844 us[EOL]
[2026-09-22T08:30:03.713216Z][RH.transfer-xyz-gripper][W][2330306][136]CRTCyclicEvent.cpp:TimeMissed():101|Cycle miss in event CCSICombinedRepManager. Time Overrun is 3844 us[EOL]
[2026-09-22T08:30:02.628982Z][RH.newgen-samplerecognitioncamera][W][2330306][137]CRTCyclicEvent.cpp:TimeMissed():101|Cycle miss in event CCSICombinedRepManager. Time Overrun is 474846 us[EOL]
[2026-09-22T08:30:02.876416Z][RH.newgen-samplerecognitioncamera][W][2330306][137]CRTCyclicEvent.cpp:TimeMissed():101|Cycle miss in event CCSICombinedCmdManager Cyclic Event. Time Overrun is 102304 us[EOL]
[2026-09-22T08:30:02.876450Z][RH.newgen-samplerecognitioncamera][W][2330306][137]CRTCyclicEvent.cpp:TimeMissed():101|Cycle miss in event CCSICombinedRepManager. Time Overrun is 102304 us[EOL]
[2026-09-22T08:30:03.058184Z][RH.newgen-samplerecognitioncamera][W][2330306][137]CRTCyclicEvent.cpp:TimeMissed():101|Cycle miss in event CCSICombinedCmdManager Cyclic Event. Time Overrun is 64077 us[EOL]
[2026-09-22T08:30:03.058199Z][RH.newgen-samplerecognitioncamera][W][2330306][137]CRTCyclicEvent.cpp:TimeMissed():101|Cycle miss in event CCSICombinedRepManager. Time Overrun is 64077 us[EOL]
[2026-09-22T08:30:03.352770Z][RH.newgen-samplerecognitioncamera][W][2330306][137]CRTCyclicEvent.cpp:TimeMissed():101|Cycle miss in event CCSICombinedCmdManager Cyclic Event. Time Overrun is 168657 us[EOL]
[2026-09-22T08:30:03.352802Z][RH.newgen-samplerecognitioncamera][W][2330306][137]CRTCyclicEvent.cpp:TimeMissed():101|Cycle miss in event CCSICombinedRepManager. Time Overrun is 168657 us[EOL]
[2026-09-22T08:30:03.644778Z][RH.newgen-samplerecognitioncamera][W][2330306][137]CRTCyclicEvent.cpp:TimeMissed():101|Cycle miss in event CCSICombinedCmdManager Cyclic Event. Time Overrun is 670 us[EOL]
[2026-09-22T08:30:03.644799Z][RH.newgen-samplerecognitioncamera][W][2330306][137]CRTCyclicEvent.cpp:TimeMissed():101|Cycle miss in event CCSICombinedRepManager. Time Overrun is 670 us[EOL]
[2026-09-22T08:30:04.059460Z][RH.newgen-rackhandler][W][2330306][155]CRTCyclicEvent.cpp:TimeMissed():101|Cycle miss in event CCSICombinedCmdManager Cyclic Event. Time Overrun is 234 us[EOL]
[2026-09-22T08:30:04.116862Z][RH.newgen-samplerecognitioncamera][W][2330306][137]CRTCyclicEvent.cpp:TimeMissed():101|Cycle miss in event CCSICombinedCmdManager Cyclic Event. Time Overrun is 2749 us[EOL]
[2026-09-22T08:30:04.116889Z][RH.newgen-samplerecognitioncamera][W][2330306][137]CRTCyclicEvent.cpp:TimeMissed():101|Cycle miss in event CCSICombinedRepManager. Time Overrun is 2749 us[EOL]
[2026-09-22T08:30:04.260855Z][RH.newgen-rackhandler][W][2330306][155]CRTCyclicEvent.cpp:TimeMissed():101|Cycle miss in event CCSICombinedCmdManager Cyclic Event. Time Overrun is 1627 us[EOL]
[2026-09-22T08:30:04.571539Z][RH.transfer-xyz-gripper][W][2330306][136]CRTCyclicEvent.cpp:TimeMissed():101|Cycle miss in event CCSICombinedCmdManager Cyclic Event. Time Overrun is 2289 us[EOL]
[2026-09-22T08:30:04.571579Z][RH.transfer-xyz-gripper][W][2330306][136]CRTCyclicEvent.cpp:TimeMissed():101|Cycle miss in event CCSICombinedRepManager. Time Overrun is 2289 us[EOL]
[2026-09-22T08:30:04.942718Z][RH.transfer-xyz-gripper][W][2330306][136]CRTCyclicEvent.cpp:TimeMissed():101|Cycle miss in event CCSICombinedCmdManager Cyclic Event. Time Overrun is 3465 us[EOL]
[2026-09-22T08:30:04.942759Z][RH.transfer-xyz-gripper][W][2330306][136]CRTCyclicEvent.cpp:TimeMissed():101|Cycle miss in event CCSICombinedRepManager. Time Overrun is 3465 us[EOL]
[2026-09-22T08:30:05.030063Z][RH.newgen-rackhandler][W][2330306][155]CRTCyclicEvent.cpp:TimeMissed():101|Cycle miss in event CCSICombinedCmdManager Cyclic Event. Time Overrun is 830 us[EOL]
[2026-09-22T08:30:05.035632Z][RH.newgen-samplerecognitioncamera][W][2330306][137]CRTCyclicEvent.cpp:TimeMissed():101|Cycle miss in event CCSICombinedCmdManager Cyclic Event. Time Overrun is 1519 us[EOL]
[2026-09-22T08:30:05.035661Z][RH.newgen-samplerecognitioncamera][W][2330306][137]CRTCyclicEvent.cpp:TimeMissed():101|Cycle miss in event CCSICombinedRepManager. Time Overrun is 1519 us[EOL]
[2026-09-22T08:30:05.090647Z][RH.transfer-xyz-gripper][W][2330306][136]CRTCyclicEvent.cpp:TimeMissed():101|Cycle miss in event CCSICombinedCmdManager Cyclic Event. Time Overrun is 1399 us[EOL]
[2026-09-22T08:30:05.090688Z][RH.transfer-xyz-gripper][W][2330306][136]CRTCyclicEvent.cpp:TimeMissed():101|Cycle miss in event CCSICombinedRepManager. Time Overrun is 1399 us[EOL]
[2026-09-22T08:30:05.249825Z][RH.newgen-rackhandler][W][2330306][155]CRTCyclicEvent.cpp:TimeMissed():101|Cycle miss in event CCSICombinedCmdManager Cyclic Event. Time Overrun is 580 us[EOL]
[2026-09-22T08:30:05.710171Z][RH.newgen-rackhandler][W][2330306][155]CRTCyclicEvent.cpp:TimeMissed():101|Cycle miss in event CCSICombinedCmdManager Cyclic Event. Time Overrun is 946 us[EOL]
[2026-09-22T08:30:05.710134Z][RH.transfer-xyz-gripper][W][2330306][136]CRTCyclicEvent.cpp:TimeMissed():101|Cycle miss in event CCSICombinedCmdManager Cyclic Event. Time Overrun is 856 us[EOL]
[2026-09-22T08:30:05.710169Z][RH.transfer-xyz-gripper][W][2330306][136]CRTCyclicEvent.cpp:TimeMissed():101|Cycle miss in event CCSICombinedRepManager. Time Overrun is 856 us[EOL]
[2026-09-22T08:30:06.094409Z][RH.newgen-samplerecognitioncamera][W][2330306][137]CRTCyclicEvent.cpp:TimeMissed():101|Cycle miss in event CCSICombinedCmdManager Cyclic Event. Time Overrun is 294 us[EOL]
[2026-09-22T08:30:06.094449Z][RH.newgen-samplerecognitioncamera][W][2330306][137]CRTCyclicEvent.cpp:TimeMissed():101|Cycle miss in event CCSICombinedRepManager. Time Overrun is 294 us[EOL]
[2026-09-22T08:30:06.465444Z][RH.newgen-samplerecognitioncamera][W][2330306][137]CRTCyclicEvent.cpp:TimeMissed():101|Cycle miss in event CCSICombinedCmdManager Cyclic Event. Time Overrun is 1329 us[EOL]
[2026-09-22T08:30:06.465479Z][RH.newgen-samplerecognitioncamera][W][2330306][137]CRTCyclicEvent.cpp:TimeMissed():101|Cycle miss in event CCSICombinedRepManager. Time Overrun is 1329 us[EOL]
[2026-09-22T08:30:06.683105Z][RH.transfer-xyz-gripper][W][2330306][136]CRTCyclicEvent.cpp:TimeMissed():101|Cycle miss in event CCSICombinedCmdManager Cyclic Event. Time Overrun is 3847 us[EOL]
[2026-09-22T08:30:06.683426Z][RH.transfer-xyz-gripper][W][2330306][136]CRTCyclicEvent.cpp:TimeMissed():101|Cycle miss in event CCSICombinedRepManager. Time Overrun is 3847 us[EOL]
[2026-09-22T08:30:06.729634Z][RH.newgen-rackhandler][W][2330306][155]CRTCyclicEvent.cpp:TimeMissed():101|Cycle miss in event CCSICombinedCmdManager Cyclic Event. Time Overrun is 409 us[EOL]
[2026-09-22T08:30:06.816554Z][RH.newgen-samplerecognitioncamera][W][2330306][137]CRTCyclicEvent.cpp:TimeMissed():101|Cycle miss in event CCSICombinedCmdManager Cyclic Event. Time Overrun is 2444 us[EOL]
[2026-09-22T08:30:06.816615Z][RH.newgen-samplerecognitioncamera][W][2330306][137]CRTCyclicEvent.cpp:TimeMissed():101|Cycle miss in event CCSICombinedRepManager. Time Overrun is 2444 us[EOL]
[2026-09-22T08:30:06.901753Z][RH.transfer-xyz-gripper][W][2330306][136]CRTCyclicEvent.cpp:TimeMissed():101|Cycle miss in event CCSICombinedCmdManager Cyclic Event. Time Overrun is 2501 us[EOL]
[2026-09-22T08:30:06.901827Z][RH.transfer-xyz-gripper][W][2330306][136]CRTCyclicEvent.cpp:TimeMissed():101|Cycle miss in event CCSICombinedRepManager. Time Overrun is 2501 us[EOL]
[2026-09-22T08:30:07.169874Z][RH.newgen-samplerecognitioncamera][W][2330306][137]CRTCyclicEvent.cpp:TimeMissed():101|Cycle miss in event CCSICombinedCmdManager Cyclic Event. Time Overrun is 5764 us[EOL]
[2026-09-22T08:30:07.169917Z][RH.newgen-samplerecognitioncamera][W][2330306][137]CRTCyclicEvent.cpp:TimeMissed():101|Cycle miss in event CCSICombinedRepManager. Time Overrun is 5764 us[EOL]
[2026-09-22T08:30:07.170047Z][RH.newgen-rackhandler][W][2330306][155]CRTCyclicEvent.cpp:TimeMissed():101|Cycle miss in event CCSICombinedCmdManager Cyclic Event. Time Overrun is 818 us[EOL]
[2026-09-22T08:30:07.170024Z][RH.transfer-xyz-gripper][W][2330306][136]CRTCyclicEvent.cpp:TimeMissed():101|Cycle miss in event CCSICombinedCmdManager Cyclic Event. Time Overrun is 775 us[EOL]
[2026-09-22T08:30:07.170088Z][RH.transfer-xyz-gripper][W][2330306][136]CRTCyclicEvent.cpp:TimeMissed():101|Cycle miss in event CCSICombinedRepManager. Time Overrun is 775 us[EOL]
[2026-09-22T08:30:07.602017Z][RH.newgen-samplerecognitioncamera][W][2330306][137]CRTCyclicEvent.cpp:TimeMissed():101|Cycle miss in event CCSICombinedCmdManager Cyclic Event. Time Overrun is 7907 us[EOL]
[2026-09-22T08:30:07.602050Z][RH.newgen-samplerecognitioncamera][W][2330306][137]CRTCyclicEvent.cpp:TimeMissed():101|Cycle miss in event CCSICombinedRepManager. Time Overrun is 7907 us[EOL]
[2026-09-22T08:30:07.602486Z][RH.newgen-rackhandler][W][2330306][155]CRTCyclicEvent.cpp:TimeMissed():101|Cycle miss in event CCSICombinedCmdManager Cyclic Event. Time Overrun is 3254 us[EOL]
[2026-09-22T08:30:07.602176Z][RH.transfer-xyz-gripper][W][2330306][136]CRTCyclicEvent.cpp:TimeMissed():101|Cycle miss in event CCSICombinedCmdManager Cyclic Event. Time Overrun is 2929 us[EOL]
[2026-09-22T08:30:07.602284Z][RH.transfer-xyz-gripper][W][2330306][136]CRTCyclicEvent.cpp:TimeMissed():101|Cycle miss in event CCSICombinedRepManager. Time Overrun is 2929 us[EOL]
[2026-09-22T08:30:07.727563Z][RH.newgen-rackhandler][W][2330306][155]CRTCyclicEvent.cpp:TimeMissed():101|Cycle miss in event CCSICombinedCmdManager Cyclic Event. Time Overrun is 8333 us[EOL]
[2026-09-22T08:30:07.727743Z][RH.newgen-samplerecognitioncamera][W][2330306][137]CRTCyclicEvent.cpp:TimeMissed():101|Cycle miss in event CCSICombinedCmdManager Cyclic Event. Time Overrun is 13626 us[EOL]
[2026-09-22T08:30:07.728081Z][RH.transfer-xyz-gripper][W][2330306][136]CRTCyclicEvent.cpp:TimeMissed():101|Cycle miss in event CCSICombinedCmdManager Cyclic Event. Time Overrun is 8831 us[EOL]
[2026-09-22T08:30:07.728130Z][RH.transfer-xyz-gripper][W][2330306][136]CRTCyclicEvent.cpp:TimeMissed():101|Cycle miss in event CCSICombinedRepManager. Time Overrun is 8831 us[EOL]
[2026-09-22T08:30:07.727816Z][RH.newgen-samplerecognitioncamera][W][2330306][137]CRTCyclicEvent.cpp:TimeMissed():101|Cycle miss in event CCSICombinedRepManager. Time Overrun is 13626 us[EOL]
[2026-09-22T08:30:07.865351Z][RH.newgen-samplerecognitioncamera][W][2330306][137]CRTCyclicEvent.cpp:TimeMissed():101|Cycle miss in event CCSICombinedCmdManager Cyclic Event. Time Overrun is 1238 us[EOL]
[2026-09-22T08:30:07.865405Z][RH.newgen-samplerecognitioncamera][W][2330306][137]CRTCyclicEvent.cpp:TimeMissed():101|Cycle miss in event CCSICombinedRepManager. Time Overrun is 1238 us[EOL]
[2026-09-22T08:30:07.891022Z][RH.transfer-xyz-gripper][W][2330306][136]CRTCyclicEvent.cpp:TimeMissed():101|Cycle miss in event CCSICombinedCmdManager Cyclic Event. Time Overrun is 1710 us[EOL]
[2026-09-22T08:30:07.891108Z][RH.transfer-xyz-gripper][W][2330306][136]CRTCyclicEvent.cpp:TimeMissed():101|Cycle miss in event CCSICombinedRepManager. Time Overrun is 1710 us[EOL]
[2026-09-22T08:30:08.085324Z][RH.newgen-samplerecognitioncamera][W][2330306][137]CRTCyclicEvent.cpp:TimeMissed():101|Cycle miss in event CCSICombinedCmdManager Cyclic Event. Time Overrun is 1202 us[EOL]
[2026-09-22T08:30:08.085398Z][RH.newgen-samplerecognitioncamera][W][2330306][137]CRTCyclicEvent.cpp:TimeMissed():101|Cycle miss in event CCSICombinedRepManager. Time Overrun is 1202 us[EOL]
[2026-09-22T08:30:08.224148Z][RH.newgen-samplerecognitioncamera][W][2330306][137]CRTCyclicEvent.cpp:TimeMissed():101|Cycle miss in event CCSICombinedCmdManager Cyclic Event. Time Overrun is 33 us[EOL]
[2026-09-22T08:30:08.224194Z][RH.newgen-samplerecognitioncamera][W][2330306][137]CRTCyclicEvent.cpp:TimeMissed():101|Cycle miss in event CCSICombinedRepManager. Time Overrun is 33 us[EOL]
[2026-09-22T08:30:08.866075Z][RH.newgen-samplerecognitioncamera][W][2330306][137]CRTCyclicEvent.cpp:TimeMissed():101|Cycle miss in event CCSICombinedCmdManager Cyclic Event. Time Overrun is 1963 us[EOL]
[2026-09-22T08:30:08.866106Z][RH.newgen-samplerecognitioncamera][W][2330306][137]CRTCyclicEvent.cpp:TimeMissed():101|Cycle miss in event CCSICombinedRepManager. Time Overrun is 1963 us[EOL]
[2026-09-22T08:30:08.879534Z][RH.newgen-rackhandler][W][2330306][155]CRTCyclicEvent.cpp:TimeMissed():101|Cycle miss in event CCSICombinedCmdManager Cyclic Event. Time Overrun is 305 us[EOL]
[2026-09-22T08:30:09.313685Z][RH.newgen-samplerecognitioncamera][W][2330306][137]CRTCyclicEvent.cpp:TimeMissed():101|Cycle miss in event CCSICyclicRepManager. Time Overrun is 307442 us[EOL]
[2026-09-22T08:30:09.425031Z][RH.newgen-samplerecognitioncamera][W][2330306][137]CRTCyclicEvent.cpp:TimeMissed():101|Cycle miss in event CCSICombinedCmdManager Cyclic Event. Time Overrun is 909 us[EOL]
[2026-09-22T08:30:09.425088Z][RH.newgen-samplerecognitioncamera][W][2330306][137]CRTCyclicEvent.cpp:TimeMissed():101|Cycle miss in event CCSICombinedRepManager. Time Overrun is 909 us[EOL]
[2026-09-22T08:30:09.449079Z][RH.transfer-xyz-gripper][W][2330306][136]CRTCyclicEvent.cpp:TimeMissed():101|Cycle miss in event CCSICombinedCmdManager Cyclic Event. Time Overrun is 429829 us[EOL]
[2026-09-22T08:30:09.449120Z][RH.transfer-xyz-gripper][W][2330306][136]CRTCyclicEvent.cpp:TimeMissed():101|Cycle miss in event CCSICombinedRepManager. Time Overrun is 429829 us[EOL]
[2026-09-22T08:30:09.694296Z][RH.newgen-samplerecognitioncamera][W][2330306][137]CRTCyclicEvent.cpp:TimeMissed():101|Cycle miss in event CCSICombinedCmdManager Cyclic Event. Time Overrun is 177 us[EOL]
[2026-09-22T08:30:09.694347Z][RH.newgen-samplerecognitioncamera][W][2330306][137]CRTCyclicEvent.cpp:TimeMissed():101|Cycle miss in event CCSICombinedRepManager. Time Overrun is 177 us[EOL]
[2026-09-22T08:30:09.812825Z][RH.newgen-rackhandler][W][2330306][155]CRTCyclicEvent.cpp:TimeMissed():101|Cycle miss in event CCSICombinedCmdManager Cyclic Event. Time Overrun is 3593 us[EOL]
[2026-09-22T08:30:09.885353Z][RH.newgen-samplerecognitioncamera][W][2330306][137]CRTCyclicEvent.cpp:TimeMissed():101|Cycle miss in event CCSICombinedCmdManager Cyclic Event. Time Overrun is 1234 us[EOL]
[2026-09-22T08:30:09.885420Z][RH.newgen-samplerecognitioncamera][W][2330306][137]CRTCyclicEvent.cpp:TimeMissed():101|Cycle miss in event CCSICombinedRepManager. Time Overrun is 1234 us[EOL]
[2026-09-22T08:30:10.080514Z][RH.newgen-rackhandler][W][2330306][155]CRTCyclicEvent.cpp:TimeMissed():101|Cycle miss in event CCSICombinedCmdManager Cyclic Event. Time Overrun is 1279 us[EOL]
[2026-09-22T08:30:10.229319Z][RH.transfer-xyz-gripper][W][2330306][136]CRTCyclicEvent.cpp:TimeMissed():101|Cycle miss in event CCSICombinedCmdManager Cyclic Event. Time Overrun is 69 us[EOL]
[2026-09-22T08:30:10.229348Z][RH.transfer-xyz-gripper][W][2330306][136]CRTCyclicEvent.cpp:TimeMissed():101|Cycle miss in event CCSICombinedRepManager. Time Overrun is 69 us[EOL]
[2026-09-22T08:30:10.465808Z][RH.newgen-samplerecognitioncamera][W][2330306][137]CRTCyclicEvent.cpp:TimeMissed():101|Cycle miss in event CCSICombinedCmdManager Cyclic Event. Time Overrun is 431695 us[EOL]
[2026-09-22T08:30:10.465848Z][RH.newgen-samplerecognitioncamera][W][2330306][137]CRTCyclicEvent.cpp:TimeMissed():101|Cycle miss in event CCSICombinedRepManager. Time Overrun is 431695 us[EOL]
[2026-09-22T08:30:10.898303Z][RH.newgen-rackhandler][W][2330306][155]CRTCyclicEvent.cpp:TimeMissed():101|Cycle miss in event CCSICombinedCmdManager Cyclic Event. Time Overrun is 379053 us[EOL]
[2026-09-22T08:30:11.100523Z][RH.transfer-xyz-gripper][W][2330306][136]CRTCyclicEvent.cpp:TimeMissed():101|Cycle miss in event CCSICombinedCmdManager Cyclic Event. Time Overrun is 1274 us[EOL]
[2026-09-22T08:30:11.100566Z][RH.transfer-xyz-gripper][W][2330306][136]CRTCyclicEvent.cpp:TimeMissed():101|Cycle miss in event CCSICombinedRepManager. Time Overrun is 1274 us[EOL]
[2026-09-22T08:30:11.205602Z][RH.newgen-samplerecognitioncamera][W][2330306][137]CRTCyclicEvent.cpp:TimeMissed():101|Cycle miss in event CCSICombinedCmdManager Cyclic Event. Time Overrun is 11491 us[EOL]
[2026-09-22T08:30:11.205641Z][RH.newgen-samplerecognitioncamera][W][2330306][137]CRTCyclicEvent.cpp:TimeMissed():101|Cycle miss in event CCSICombinedRepManager. Time Overrun is 11491 us[EOL]
[2026-09-22T08:30:11.589549Z][RH.newgen-rackhandler][W][2330306][155]CRTCyclicEvent.cpp:TimeMissed():101|Cycle miss in event CCSICombinedCmdManager Cyclic Event. Time Overrun is 10318 us[EOL]
[2026-09-22T08:30:11.588462Z][RH.transfer-xyz-gripper][W][2330306][136]CRTCyclicEvent.cpp:TimeMissed():101|Cycle miss in event CCSICombinedCmdManager Cyclic Event. Time Overrun is 19213 us[EOL]
[2026-09-22T08:30:11.588789Z][RH.newgen-samplerecognitioncamera][W][2330306][137]CRTCyclicEvent.cpp:TimeMissed():101|Cycle miss in event CCSICombinedCmdManager Cyclic Event. Time Overrun is 14676 us[EOL]
[2026-09-22T08:30:11.588843Z][RH.newgen-samplerecognitioncamera][W][2330306][137]CRTCyclicEvent.cpp:TimeMissed():101|Cycle miss in event CCSICombinedRepManager. Time Overrun is 14676 us[EOL]
[2026-09-22T08:30:11.588533Z][RH.transfer-xyz-gripper][W][2330306][136]CRTCyclicEvent.cpp:TimeMissed():101|Cycle miss in event CCSICombinedRepManager. Time Overrun is 19213 us[EOL]
[2026-09-22T08:30:11.759650Z][RH.newgen-rackhandler][W][2330306][155]CRTCyclicEvent.cpp:TimeMissed():101|Cycle miss in event CCSICombinedCmdManager Cyclic Event. Time Overrun is 417 us[EOL]
[2026-09-22T08:30:11.795500Z][RH.newgen-samplerecognitioncamera][W][2330306][137]CRTCyclicEvent.cpp:TimeMissed():101|Cycle miss in event CCSICombinedCmdManager Cyclic Event. Time Overrun is 1386 us[EOL]
[2026-09-22T08:30:11.795565Z][RH.newgen-samplerecognitioncamera][W][2330306][137]CRTCyclicEvent.cpp:TimeMissed():101|Cycle miss in event CCSICombinedRepManager. Time Overrun is 1386 us[EOL]
[2026-09-22T08:30:11.935071Z][RH.newgen-samplerecognitioncamera][W][2330306][137]CRTCyclicEvent.cpp:TimeMissed():101|Cycle miss in event CCSICombinedCmdManager Cyclic Event. Time Overrun is 964 us[EOL]
[2026-09-22T08:30:11.935095Z][RH.newgen-samplerecognitioncamera][W][2330306][137]CRTCyclicEvent.cpp:TimeMissed():101|Cycle miss in event CCSICombinedRepManager. Time Overrun is 964 us[EOL]
[2026-09-22T08:30:12.079484Z][RH.transfer-xyz-gripper][W][2330306][136]CRTCyclicEvent.cpp:TimeMissed():101|Cycle miss in event CCSICombinedCmdManager Cyclic Event. Time Overrun is 233 us[EOL]
[2026-09-22T08:30:12.079573Z][RH.transfer-xyz-gripper][W][2330306][136]CRTCyclicEvent.cpp:TimeMissed():101|Cycle miss in event CCSICombinedRepManager. Time Overrun is 233 us[EOL]
[2026-09-22T08:30:12.171759Z][RH.newgen-rackhandler][W][2330306][155]CRTCyclicEvent.cpp:TimeMissed():101|Cycle miss in event CCSICombinedCmdManager Cyclic Event. Time Overrun is 2530 us[EOL]
[2026-09-22T08:30:12.521321Z][RH.newgen-rackhandler][W][2330306][155]CRTCyclicEvent.cpp:TimeMissed():101|Cycle miss in event CCSICombinedCmdManager Cyclic Event. Time Overrun is 2062 us[EOL]
[2026-09-22T08:30:12.808848Z][RH.newgen-rackhandler][W][2330306][155]CRTCyclicEvent.cpp:TimeMissed():101|Cycle miss in event CCSICyclicRepManager. Time Overrun is 306759 us[EOL]
[2026-09-22T08:30:12.827660Z][RH.newgen-samplerecognitioncamera][W][2330306][137]CRTCyclicEvent.cpp:TimeMissed():101|Cycle miss in event CCSICombinedCmdManager Cyclic Event. Time Overrun is 3552 us[EOL]
[2026-09-22T08:30:12.827689Z][RH.newgen-samplerecognitioncamera][W][2330306][137]CRTCyclicEvent.cpp:TimeMissed():101|Cycle miss in event CCSICombinedRepManager. Time Overrun is 3552 us[EOL]
[2026-09-22T08:30:12.860460Z][RH.transfer-xyz-gripper][W][2330306][136]CRTCyclicEvent.cpp:TimeMissed():101|Cycle miss in event CCSICombinedCmdManager Cyclic Event. Time Overrun is 1209 us[EOL]
[2026-09-22T08:30:12.860499Z][RH.transfer-xyz-gripper][W][2330306][136]CRTCyclicEvent.cpp:TimeMissed():101|Cycle miss in event CCSICombinedRepManager. Time Overrun is 1209 us[EOL]
[2026-09-22T08:30:13.004727Z][RH.newgen-samplerecognitioncamera][W][2330306][137]CRTCyclicEvent.cpp:TimeMissed():101|Cycle miss in event CCSICombinedCmdManager Cyclic Event. Time Overrun is 614 us[EOL]
[2026-09-22T08:30:13.004770Z][RH.newgen-samplerecognitioncamera][W][2330306][137]CRTCyclicEvent.cpp:TimeMissed():101|Cycle miss in event CCSICombinedRepManager. Time Overrun is 614 us[EOL]
[2026-09-22T08:30:13.193434Z][RH.newgen-rackhandler][W][2330306][155]CRTCyclicEvent.cpp:TimeMissed():101|Cycle miss in event CCSICombinedCmdManager Cyclic Event. Time Overrun is 4205 us[EOL]
[2026-09-22T08:30:13.249295Z][RH.transfer-xyz-gripper][W][2330306][136]CRTCyclicEvent.cpp:TimeMissed():101|Cycle miss in event CCSICombinedCmdManager Cyclic Event. Time Overrun is 37 us[EOL]
[2026-09-22T08:30:13.249360Z][RH.transfer-xyz-gripper][W][2330306][136]CRTCyclicEvent.cpp:TimeMissed():101|Cycle miss in event CCSICombinedRepManager. Time Overrun is 37 us[EOL]
[2026-09-22T08:30:13.360244Z][RH.newgen-rackhandler][W][2330306][155]CRTCyclicEvent.cpp:TimeMissed():101|Cycle miss in event CCSICombinedCmdManager Cyclic Event. Time Overrun is 1018 us[EOL]
[2026-09-22T08:30:13.395066Z][RH.transfer-xyz-gripper][W][2330306][136]CRTCyclicEvent.cpp:TimeMissed():101|Cycle miss in event CCSICombinedCmdManager Cyclic Event. Time Overrun is 5814 us[EOL]
[2026-09-22T08:30:13.395176Z][RH.transfer-xyz-gripper][W][2330306][136]CRTCyclicEvent.cpp:TimeMissed():101|Cycle miss in event CCSICombinedRepManager. Time Overrun is 5814 us[EOL]
[2026-09-22T08:30:13.595020Z][RH.transfer-xyz-gripper][W][2330306][136]CRTCyclicEvent.cpp:TimeMissed():101|Cycle miss in event CCSICombinedCmdManager Cyclic Event. Time Overrun is 5768 us[EOL]
[2026-09-22T08:30:13.595076Z][RH.transfer-xyz-gripper][W][2330306][136]CRTCyclicEvent.cpp:TimeMissed():101|Cycle miss in event CCSICombinedRepManager. Time Overrun is 5768 us[EOL]
[2026-09-22T08:30:13.957380Z][RH.newgen-rackhandler][W][2330306][155]CRTCyclicEvent.cpp:TimeMissed():101|Cycle miss in event CCSICombinedCmdManager Cyclic Event. Time Overrun is 8149 us[EOL]
[2026-09-22T08:30:14.194991Z][RH.newgen-samplerecognitioncamera][W][2330306][137]CRTCyclicEvent.cpp:TimeMissed():101|Cycle miss in event CCSICombinedCmdManager Cyclic Event. Time Overrun is 874 us[EOL]
[2026-09-22T08:30:14.195069Z][RH.newgen-samplerecognitioncamera][W][2330306][137]CRTCyclicEvent.cpp:TimeMissed():101|Cycle miss in event CCSICombinedRepManager. Time Overrun is 874 us[EOL]
[2026-09-22T08:30:14.240862Z][RH.transfer-xyz-gripper][W][2330306][136]CRTCyclicEvent.cpp:TimeMissed():101|Cycle miss in event CCSICombinedCmdManager Cyclic Event. Time Overrun is 11606 us[EOL]
[2026-09-22T08:30:14.240912Z][RH.transfer-xyz-gripper][W][2330306][136]CRTCyclicEvent.cpp:TimeMissed():101|Cycle miss in event CCSICombinedRepManager. Time Overrun is 11606 us[EOL]
[2026-09-22T08:30:14.419378Z][RH.newgen-rackhandler][W][2330306][155]CRTCyclicEvent.cpp:TimeMissed():101|Cycle miss in event CCSICombinedCmdManager Cyclic Event. Time Overrun is 147 us[EOL]
[2026-09-22T08:30:14.419471Z][RH.transfer-xyz-gripper][W][2330306][136]CRTCyclicEvent.cpp:TimeMissed():101|Cycle miss in event CCSICombinedCmdManager Cyclic Event. Time Overrun is 222 us[EOL]
[2026-09-22T08:30:14.419533Z][RH.transfer-xyz-gripper][W][2330306][136]CRTCyclicEvent.cpp:TimeMissed():101|Cycle miss in event CCSICombinedRepManager. Time Overrun is 222 us[EOL]
[2026-09-22T08:30:14.725254Z][RH.transfer-xyz-gripper][W][2330306][136]CRTCyclicEvent.cpp:TimeMissed():101|Cycle miss in event CCSICombinedCmdManager Cyclic Event. Time Overrun is 6004 us[EOL]
[2026-09-22T08:30:14.725294Z][RH.transfer-xyz-gripper][W][2330306][136]CRTCyclicEvent.cpp:TimeMissed():101|Cycle miss in event CCSICombinedRepManager. Time Overrun is 6004 us[EOL]
[2026-09-22T08:30:15.100676Z][RH.newgen-rackhandler][W][2330306][155]CRTCyclicEvent.cpp:TimeMissed():101|Cycle miss in event CCSICombinedCmdManager Cyclic Event. Time Overrun is 1446 us[EOL]
[2026-09-22T08:30:15.450265Z][RH.transfer-xyz-gripper][W][2330306][136]CRTCyclicEvent.cpp:TimeMissed():101|Cycle miss in event CCSICombinedCmdManager Cyclic Event. Time Overrun is 431019 us[EOL]
[2026-09-22T08:30:15.450290Z][RH.transfer-xyz-gripper][W][2330306][136]CRTCyclicEvent.cpp:TimeMissed():101|Cycle miss in event CCSICombinedRepManager. Time Overrun is 431019 us[EOL]
[2026-09-22T08:30:15.518408Z][RH.newgen-samplerecognitioncamera][W][2330306][137]CRTCyclicEvent.cpp:TimeMissed():101|Cycle miss in event CCSICombinedCmdManager Cyclic Event. Time Overrun is 74297 us[EOL]
[2026-09-22T08:30:15.518448Z][RH.newgen-samplerecognitioncamera][W][2330306][137]CRTCyclicEvent.cpp:TimeMissed():101|Cycle miss in event CCSICombinedRepManager. Time Overrun is 74297 us[EOL]
[2026-09-22T08:30:15.581682Z][RH.transfer-xyz-gripper][W][2330306][136]CRTCyclicEvent.cpp:TimeMissed():101|Cycle miss in event CCSICombinedCmdManager Cyclic Event. Time Overrun is 2427 us[EOL]
[2026-09-22T08:30:15.581728Z][RH.transfer-xyz-gripper][W][2330306][136]CRTCyclicEvent.cpp:TimeMissed():101|Cycle miss in event CCSICombinedRepManager. Time Overrun is 2427 us[EOL]
[2026-09-22T08:30:17.446245Z][RH.newgen-samplerecognitioncamera][W][2330306][137]CRTCyclicEvent.cpp:TimeMissed():101|Cycle miss in event CCSICombinedCmdManager Cyclic Event. Time Overrun is 2135 us[EOL]
[2026-09-22T08:30:17.446343Z][RH.newgen-samplerecognitioncamera][W][2330306][137]CRTCyclicEvent.cpp:TimeMissed():101|Cycle miss in event CCSICombinedRepManager. Time Overrun is 2135 us[EOL]
[2026-09-22T08:30:17.492539Z][RH.transfer-xyz-gripper][W][2330306][136]CRTCyclicEvent.cpp:TimeMissed():101|Cycle miss in event CCSICombinedCmdManager Cyclic Event. Time Overrun is 3290 us[EOL]
[2026-09-22T08:30:17.492574Z][RH.transfer-xyz-gripper][W][2330306][136]CRTCyclicEvent.cpp:TimeMissed():101|Cycle miss in event CCSICombinedRepManager. Time Overrun is 3290 us[EOL]
[2026-09-22T08:30:17.929476Z][RH.newgen-rackhandler][W][2330306][155]CRTCyclicEvent.cpp:TimeMissed():101|Cycle miss in event CCSICombinedCmdManager Cyclic Event. Time Overrun is 248 us[EOL]
[2026-09-22T08:30:18.919466Z][RH.transfer-xyz-gripper][W][2330306][136]CRTCyclicEvent.cpp:TimeMissed():101|Cycle miss in event CCSICombinedCmdManager Cyclic Event. Time Overrun is 216 us[EOL]
[2026-09-22T08:30:18.919503Z][RH.transfer-xyz-gripper][W][2330306][136]CRTCyclicEvent.cpp:TimeMissed():101|Cycle miss in event CCSICombinedRepManager. Time Overrun is 216 us[EOL]
[2026-09-22T08:30:19.055835Z][RH.transfer-xyz-gripper][W][2330306][136]CRTCyclicEvent.cpp:TimeMissed():101|Cycle miss in event CCSICombinedCmdManager Cyclic Event. Time Overrun is 6582 us[EOL]
[2026-09-22T08:30:19.055888Z][RH.transfer-xyz-gripper][W][2330306][136]CRTCyclicEvent.cpp:TimeMissed():101|Cycle miss in event CCSICombinedRepManager. Time Overrun is 6582 us[EOL]
[2026-09-22T08:30:19.344413Z][RH.newgen-rackhandler][W][2330306][155]CRTCyclicEvent.cpp:TimeMissed():101|Cycle miss in event CCSICombinedCmdManager Cyclic Event. Time Overrun is 5177 us[EOL]
[2026-09-22T08:30:19.406309Z][RH.transfer-xyz-gripper][W][2330306][136]CRTCyclicEvent.cpp:TimeMissed():101|Cycle miss in event CCSICombinedCmdManager Cyclic Event. Time Overrun is 97058 us[EOL]
[2026-09-22T08:30:19.406353Z][RH.transfer-xyz-gripper][W][2330306][136]CRTCyclicEvent.cpp:TimeMissed():101|Cycle miss in event CCSICombinedRepManager. Time Overrun is 97058 us[EOL]
[2026-09-22T08:30:19.406465Z][RH.newgen-samplerecognitioncamera][W][2330306][137]CRTCyclicEvent.cpp:TimeMissed():101|Cycle miss in event CCSICombinedCmdManager Cyclic Event. Time Overrun is 92357 us[EOL]
[2026-09-22T08:30:19.406488Z][RH.newgen-samplerecognitioncamera][W][2330306][137]CRTCyclicEvent.cpp:TimeMissed():101|Cycle miss in event CCSICombinedRepManager. Time Overrun is 92357 us[EOL]
[2026-09-22T08:30:19.406680Z][RH.newgen-samplerecognitioncamera][W][2330306][137]CRTCyclicEvent.cpp:TimeMissed():101|Cycle miss in event CCSICyclicRepManager. Time Overrun is 468 us[EOL]
[2026-09-22T08:30:19.774962Z][RH.newgen-samplerecognitioncamera][W][2330306][137]CRTCyclicEvent.cpp:TimeMissed():101|Cycle miss in event CCSICombinedCmdManager Cyclic Event. Time Overrun is 853 us[EOL]
[2026-09-22T08:30:19.775004Z][RH.newgen-samplerecognitioncamera][W][2330306][137]CRTCyclicEvent.cpp:TimeMissed():101|Cycle miss in event CCSICombinedRepManager. Time Overrun is 853 us[EOL]
[2026-09-22T08:30:19.943938Z][RH.transfer-xyz-gripper][W][2330306][136]CRTCyclicEvent.cpp:TimeMissed():101|Cycle miss in event CCSICombinedCmdManager Cyclic Event. Time Overrun is 4683 us[EOL]
[2026-09-22T08:30:19.943984Z][RH.transfer-xyz-gripper][W][2330306][136]CRTCyclicEvent.cpp:TimeMissed():101|Cycle miss in event CCSICombinedRepManager. Time Overrun is 4683 us[EOL]
[2026-09-22T08:30:20.128590Z][RH.newgen-rackhandler][W][2330306][155]CRTCyclicEvent.cpp:TimeMissed():101|Cycle miss in event CCSICombinedCmdManager Cyclic Event. Time Overrun is 9266 us[EOL]
[2026-09-22T08:30:20.180641Z][RH.transfer-xyz-gripper][W][2330306][136]CRTCyclicEvent.cpp:TimeMissed():101|Cycle miss in event CCSICombinedCmdManager Cyclic Event. Time Overrun is 1391 us[EOL]
[2026-09-22T08:30:20.180678Z][RH.transfer-xyz-gripper][W][2330306][136]CRTCyclicEvent.cpp:TimeMissed():101|Cycle miss in event CCSICombinedRepManager. Time Overrun is 1391 us[EOL]
[2026-09-22T08:30:20.750235Z][RH.transfer-xyz-gripper][W][2330306][136]CRTCyclicEvent.cpp:TimeMissed():101|Cycle miss in event CCSICombinedCmdManager Cyclic Event. Time Overrun is 988 us[EOL]
[2026-09-22T08:30:20.750261Z][RH.transfer-xyz-gripper][W][2330306][136]CRTCyclicEvent.cpp:TimeMissed():101|Cycle miss in event CCSICombinedRepManager. Time Overrun is 988 us[EOL]
[2026-09-22T08:30:21.093485Z][RH.newgen-rackhandler][W][2330306][155]CRTCyclicEvent.cpp:TimeMissed():101|Cycle miss in event CCSICombinedCmdManager Cyclic Event. Time Overrun is 4258 us[EOL]
[2026-09-22T08:30:21.459852Z][RH.transfer-xyz-gripper][W][2330306][136]CRTCyclicEvent.cpp:TimeMissed():101|Cycle miss in event CCSICombinedCmdManager Cyclic Event. Time Overrun is 604 us[EOL]
[2026-09-22T08:30:21.459892Z][RH.transfer-xyz-gripper][W][2330306][136]CRTCyclicEvent.cpp:TimeMissed():101|Cycle miss in event CCSICombinedRepManager. Time Overrun is 604 us[EOL]
[2026-09-22T08:30:22.080850Z][RH.transfer-xyz-gripper][W][2330306][136]CRTCyclicEvent.cpp:TimeMissed():101|Cycle miss in event CCSICombinedCmdManager Cyclic Event. Time Overrun is 1602 us[EOL]
[2026-09-22T08:30:22.080881Z][RH.transfer-xyz-gripper][W][2330306][136]CRTCyclicEvent.cpp:TimeMissed():101|Cycle miss in event CCSICombinedRepManager. Time Overrun is 1602 us[EOL]
[2026-09-22T08:30:22.203294Z][RH.newgen-rackhandler][W][2330306][155]CRTCyclicEvent.cpp:TimeMissed():101|Cycle miss in event CCSICombinedCmdManager Cyclic Event. Time Overrun is 4058 us[EOL]
[2026-09-22T08:30:22.372168Z][RH.newgen-rackhandler][W][2330306][155]CRTCyclicEvent.cpp:TimeMissed():101|Cycle miss in event CCSICombinedCmdManager Cyclic Event. Time Overrun is 2936 us[EOL]
[2026-09-22T08:30:22.686217Z][RH.newgen-samplerecognitioncamera][W][2330306][137]CRTCyclicEvent.cpp:TimeMissed():101|Cycle miss in event CCSICombinedCmdManager Cyclic Event. Time Overrun is 2108 us[EOL]
[2026-09-22T08:30:22.686258Z][RH.newgen-samplerecognitioncamera][W][2330306][137]CRTCyclicEvent.cpp:TimeMissed():101|Cycle miss in event CCSICombinedRepManager. Time Overrun is 2108 us[EOL]
[2026-09-22T08:30:22.780976Z][RH.transfer-xyz-gripper][W][2330306][136]CRTCyclicEvent.cpp:TimeMissed():101|Cycle miss in event CCSICombinedCmdManager Cyclic Event. Time Overrun is 1705 us[EOL]
[2026-09-22T08:30:22.781038Z][RH.transfer-xyz-gripper][W][2330306][136]CRTCyclicEvent.cpp:TimeMissed():101|Cycle miss in event CCSICombinedRepManager. Time Overrun is 1705 us[EOL]
[2026-09-22T08:30:22.930484Z][RH.newgen-rackhandler][W][2330306][155]CRTCyclicEvent.cpp:TimeMissed():101|Cycle miss in event CCSICombinedCmdManager Cyclic Event. Time Overrun is 1254 us[EOL]
[2026-09-22T08:30:23.199759Z][RH.newgen-rackhandler][W][2330306][155]CRTCyclicEvent.cpp:TimeMissed():101|Cycle miss in event CCSICombinedCmdManager Cyclic Event. Time Overrun is 526 us[EOL]
[2026-09-22T08:30:24.110600Z][RH.transfer-xyz-gripper][W][2330306][136]CRTCyclicEvent.cpp:TimeMissed():101|Cycle miss in event CCSICombinedCmdManager Cyclic Event. Time Overrun is 1354 us[EOL]
[2026-09-22T08:30:24.110625Z][RH.transfer-xyz-gripper][W][2330306][136]CRTCyclicEvent.cpp:TimeMissed():101|Cycle miss in event CCSICombinedRepManager. Time Overrun is 1354 us[EOL]
[2026-09-22T08:30:24.140812Z][RH.newgen-rackhandler][W][2330306][155]CRTCyclicEvent.cpp:TimeMissed():101|Cycle miss in event CCSICombinedCmdManager Cyclic Event. Time Overrun is 1586 us[EOL]
[2026-09-22T08:30:24.140606Z][RH.newgen-samplerecognitioncamera][W][2330306][137]CRTCyclicEvent.cpp:TimeMissed():101|Cycle miss in event CCSICombinedCmdManager Cyclic Event. Time Overrun is 6498 us[EOL]
[2026-09-22T08:30:24.140635Z][RH.newgen-samplerecognitioncamera][W][2330306][137]CRTCyclicEvent.cpp:TimeMissed():101|Cycle miss in event CCSICombinedRepManager. Time Overrun is 6498 us[EOL]
[2026-09-22T08:30:24.344920Z][RH.transfer-xyz-gripper][W][2330306][136]CRTCyclicEvent.cpp:TimeMissed():101|Cycle miss in event CCSICombinedCmdManager Cyclic Event. Time Overrun is 5654 us[EOL]
[2026-09-22T08:30:24.344965Z][RH.transfer-xyz-gripper][W][2330306][136]CRTCyclicEvent.cpp:TimeMissed():101|Cycle miss in event CCSICombinedRepManager. Time Overrun is 5654 us[EOL]
[2026-09-22T08:30:24.447815Z][RH.newgen-rackhandler][W][2330306][155]CRTCyclicEvent.cpp:TimeMissed():101|Cycle miss in event CCSICombinedCmdManager Cyclic Event. Time Overrun is 8585 us[EOL]
[2026-09-22T08:30:24.447513Z][RH.newgen-samplerecognitioncamera][W][2330306][137]CRTCyclicEvent.cpp:TimeMissed():101|Cycle miss in event CCSICombinedCmdManager Cyclic Event. Time Overrun is 13403 us[EOL]
[2026-09-22T08:30:24.447548Z][RH.newgen-samplerecognitioncamera][W][2330306][137]CRTCyclicEvent.cpp:TimeMissed():101|Cycle miss in event CCSICombinedRepManager. Time Overrun is 13403 us[EOL]
[2026-09-22T08:30:24.679969Z][RH.transfer-xyz-gripper][W][2330306][136]CRTCyclicEvent.cpp:TimeMissed():101|Cycle miss in event CCSICombinedCmdManager Cyclic Event. Time Overrun is 80721 us[EOL]
[2026-09-22T08:30:24.680010Z][RH.transfer-xyz-gripper][W][2330306][136]CRTCyclicEvent.cpp:TimeMissed():101|Cycle miss in event CCSICombinedRepManager. Time Overrun is 80721 us[EOL]
[2026-09-22T08:30:26.704437Z][RH.newgen-rackhandler][W][2330306][155]CRTCyclicEvent.cpp:TimeMissed():101|Cycle miss in event CCSICyclicRepManager. Time Overrun is 102346 us[EOL]
[2026-09-22T08:30:26.704422Z][RH.newgen-samplerecognitioncamera][W][2330306][137]CRTCyclicEvent.cpp:TimeMissed():101|Cycle miss in event CCSICyclicRepManager. Time Overrun is 98210 us[EOL]
[2026-09-22T08:30:27.927622Z][RH.newgen-samplerecognitioncamera][W][2330306][137]CRTCyclicEvent.cpp:TimeMissed():101|Cycle miss in event CCSICombinedCmdManager Cyclic Event. Time Overrun is 3513 us[EOL]
[2026-09-22T08:30:27.927654Z][RH.newgen-samplerecognitioncamera][W][2330306][137]CRTCyclicEvent.cpp:TimeMissed():101|Cycle miss in event CCSICombinedRepManager. Time Overrun is 3513 us[EOL]
[2026-09-22T08:30:28.533274Z][RH.newgen-rackhandler][W][2330306][155]CRTCyclicEvent.cpp:TimeMissed():101|Cycle miss in event CCSICombinedCmdManager Cyclic Event. Time Overrun is 4047 us[EOL]
[2026-09-22T08:30:28.533184Z][RH.newgen-samplerecognitioncamera][W][2330306][137]CRTCyclicEvent.cpp:TimeMissed():101|Cycle miss in event CCSICombinedCmdManager Cyclic Event. Time Overrun is 9062 us[EOL]
[2026-09-22T08:30:28.533223Z][RH.newgen-samplerecognitioncamera][W][2330306][137]CRTCyclicEvent.cpp:TimeMissed():101|Cycle miss in event CCSICombinedRepManager. Time Overrun is 9062 us[EOL]
[2026-09-22T08:30:28.745961Z][RH.newgen-rackhandler][W][2330306][155]CRTCyclicEvent.cpp:TimeMissed():101|Cycle miss in event CCSICombinedCmdManager Cyclic Event. Time Overrun is 16733 us[EOL]
[2026-09-22T08:30:28.748179Z][RH.newgen-rackhandler][I][2560016][155]IMessageHandler.h:operator()():40|Received RabbitMqMessage Roche.MolLab.InstrumentState.Ping. Content: {"Timestamp":"2026-09-22T08:30:28.7035206Z","PingId":"IS1"}[EOL]
[2026-09-22T08:30:28.748272Z][RH.newgen-rackhandler][I][844444436][155]UnitCommunicator.cpp:SendEvent():424|Publishing event: type=Roche.c68_8800.RackHandler.Echo correlation_id=(n/a)[EOL]
[2026-09-22T08:30:28.748312Z][RH.newgen-rackhandler][I][2560017][155]MessageSender.h:SendEvent():105|Sent RabbitMqEvent Roche.c68_8800.RackHandler.Echo. Content: {"Timestamp":"2026-09-22T08:30:28.748263Z","PingId":"IS1"}[EOL]
[2026-09-22T08:30:28.793526Z][RH.newgen-samplerecognitioncamera][W][2330306][137]CRTCyclicEvent.cpp:TimeMissed():101|Cycle miss in event CCSICombinedCmdManager Cyclic Event. Time Overrun is 9418 us[EOL]
[2026-09-22T08:30:28.793549Z][RH.newgen-samplerecognitioncamera][W][2330306][137]CRTCyclicEvent.cpp:TimeMissed():101|Cycle miss in event CCSICombinedRepManager. Time Overrun is 9418 us[EOL]
[2026-09-22T08:30:29.191250Z][RH.newgen-rackhandler][W][2330306][155]CRTCyclicEvent.cpp:TimeMissed():101|Cycle miss in event CCSICombinedCmdManager Cyclic Event. Time Overrun is 2023 us[EOL]
[2026-09-22T08:30:29.419679Z][RH.newgen-rackhandler][W][2330306][155]CRTCyclicEvent.cpp:TimeMissed():101|Cycle miss in event CCSICombinedCmdManager Cyclic Event. Time Overrun is 447 us[EOL]
[2026-09-22T08:30:29.419725Z][RH.transfer-xyz-gripper][W][2330306][136]CRTCyclicEvent.cpp:TimeMissed():101|Cycle miss in event CCSICombinedCmdManager Cyclic Event. Time Overrun is 476 us[EOL]
[2026-09-22T08:30:29.419761Z][RH.transfer-xyz-gripper][W][2330306][136]CRTCyclicEvent.cpp:TimeMissed():101|Cycle miss in event CCSICombinedRepManager. Time Overrun is 476 us[EOL]
[2026-09-22T08:30:29.607068Z][RH.newgen-samplerecognitioncamera][W][2330306][137]CRTCyclicEvent.cpp:TimeMissed():101|Cycle miss in event CCSICombinedCmdManager Cyclic Event. Time Overrun is 2955 us[EOL]
[2026-09-22T08:30:29.607108Z][RH.newgen-samplerecognitioncamera][W][2330306][137]CRTCyclicEvent.cpp:TimeMissed():101|Cycle miss in event CCSICombinedRepManager. Time Overrun is 2955 us[EOL]
[2026-09-22T08:30:29.746550Z][RH.newgen-samplerecognitioncamera][W][2330306][137]CRTCyclicEvent.cpp:TimeMissed():101|Cycle miss in event CCSICombinedCmdManager Cyclic Event. Time Overrun is 22436 us[EOL]
[2026-09-22T08:30:29.747225Z][RH.transfer-xyz-gripper][W][2330306][136]CRTCyclicEvent.cpp:TimeMissed():101|Cycle miss in event CCSICombinedCmdManager Cyclic Event. Time Overrun is 27974 us[EOL]
[2026-09-22T08:30:29.747278Z][RH.transfer-xyz-gripper][W][2330306][136]CRTCyclicEvent.cpp:TimeMissed():101|Cycle miss in event CCSICombinedRepManager. Time Overrun is 27974 us[EOL]
[2026-09-22T08:30:29.746598Z][RH.newgen-samplerecognitioncamera][W][2330306][137]CRTCyclicEvent.cpp:TimeMissed():101|Cycle miss in event CCSICombinedRepManager. Time Overrun is 22436 us[EOL]
[2026-09-22T08:30:29.828564Z][RH.newgen-rackhandler][W][2330306][155]CRTCyclicEvent.cpp:TimeMissed():101|Cycle miss in event CCSICombinedCmdManager Cyclic Event. Time Overrun is 69335 us[EOL]
[2026-09-22T08:30:29.892714Z][RH.newgen-samplerecognitioncamera][W][2330306][137]CRTCyclicEvent.cpp:TimeMissed():101|Cycle miss in event CCSICombinedCmdManager Cyclic Event. Time Overrun is 28603 us[EOL]
[2026-09-22T08:30:29.892784Z][RH.newgen-samplerecognitioncamera][W][2330306][137]CRTCyclicEvent.cpp:TimeMissed():101|Cycle miss in event CCSICombinedRepManager. Time Overrun is 28603 us[EOL]
[2026-09-22T08:30:29.891432Z][RH.transfer-xyz-gripper][W][2330306][136]CRTCyclicEvent.cpp:TimeMissed():101|Cycle miss in event CCSICombinedCmdManager Cyclic Event. Time Overrun is 32164 us[EOL]
[2026-09-22T08:30:29.891555Z][RH.transfer-xyz-gripper][W][2330306][136]CRTCyclicEvent.cpp:TimeMissed():101|Cycle miss in event CCSICombinedRepManager. Time Overrun is 32164 us[EOL]
[2026-09-22T08:30:30.040310Z][RH.transfer-xyz-gripper][W][2330306][136]CRTCyclicEvent.cpp:TimeMissed():101|Cycle miss in event CCSICombinedCmdManager Cyclic Event. Time Overrun is 31060 us[EOL]
[2026-09-22T08:30:30.040353Z][RH.transfer-xyz-gripper][W][2330306][136]CRTCyclicEvent.cpp:TimeMissed():101|Cycle miss in event CCSICombinedRepManager. Time Overrun is 31060 us[EOL]
[2026-09-22T08:30:30.230072Z][RH.transfer-xyz-gripper][W][2330306][136]CRTCyclicEvent.cpp:TimeMissed():101|Cycle miss in event CCSICombinedCmdManager Cyclic Event. Time Overrun is 60824 us[EOL]
[2026-09-22T08:30:30.230098Z][RH.transfer-xyz-gripper][W][2330306][136]CRTCyclicEvent.cpp:TimeMissed():101|Cycle miss in event CCSICombinedRepManager. Time Overrun is 60824 us[EOL]
[2026-09-22T08:30:30.420630Z][RH.transfer-xyz-gripper][W][2330306][136]CRTCyclicEvent.cpp:TimeMissed():101|Cycle miss in event CCSICombinedCmdManager Cyclic Event. Time Overrun is 31370 us[EOL]
[2026-09-22T08:30:30.321140Z][RH.newgen-rackhandler][W][2330306][155]CRTCyclicEvent.cpp:TimeMissed():101|Cycle miss in event CCSICombinedCmdManager Cyclic Event. Time Overrun is 61909 us[EOL]
[2026-09-22T08:30:30.420684Z][RH.transfer-xyz-gripper][W][2330306][136]CRTCyclicEvent.cpp:TimeMissed():101|Cycle miss in event CCSICombinedRepManager. Time Overrun is 31370 us[EOL]
[2026-09-22T08:30:30.039986Z][RH.newgen-samplerecognitioncamera][W][2330306][137]CRTCyclicEvent.cpp:TimeMissed():101|Cycle miss in event CCSICombinedCmdManager Cyclic Event. Time Overrun is 35876 us[EOL]
[2026-09-22T08:30:30.586160Z][RH.newgen-rackhandler][W][2330306][155]CRTCyclicEvent.cpp:TimeMissed():101|Cycle miss in event CCSICombinedCmdManager Cyclic Event. Time Overrun is 106927 us[EOL]
[2026-09-22T08:30:30.040025Z][RH.newgen-samplerecognitioncamera][W][2330306][137]CRTCyclicEvent.cpp:TimeMissed():101|Cycle miss in event CCSICombinedRepManager. Time Overrun is 35876 us[EOL]
[2026-09-22T08:30:30.321740Z][RH.newgen-samplerecognitioncamera][W][2330306][137]CRTCyclicEvent.cpp:TimeMissed():101|Cycle miss in event CCSICombinedCmdManager Cyclic Event. Time Overrun is 57628 us[EOL]
[2026-09-22T08:30:30.321778Z][RH.newgen-samplerecognitioncamera][W][2330306][137]CRTCyclicEvent.cpp:TimeMissed():101|Cycle miss in event CCSICombinedRepManager. Time Overrun is 57628 us[EOL]
[2026-09-22T08:30:30.521040Z][RH.newgen-samplerecognitioncamera][W][2330306][137]CRTCyclicEvent.cpp:TimeMissed():101|Cycle miss in event CCSICombinedCmdManager Cyclic Event. Time Overrun is 76929 us[EOL]
[2026-09-22T08:30:30.521078Z][RH.newgen-samplerecognitioncamera][W][2330306][137]CRTCyclicEvent.cpp:TimeMissed():101|Cycle miss in event CCSICombinedRepManager. Time Overrun is 76929 us[EOL]
[2026-09-22T08:30:30.612055Z][RH.transfer-xyz-gripper][W][2330306][136]CRTCyclicEvent.cpp:TimeMissed():101|Cycle miss in event CCSICombinedCmdManager Cyclic Event. Time Overrun is 72806 us[EOL]
[2026-09-22T08:30:30.612152Z][RH.transfer-xyz-gripper][W][2330306][136]CRTCyclicEvent.cpp:TimeMissed():101|Cycle miss in event CCSICombinedRepManager. Time Overrun is 72806 us[EOL]
[2026-09-22T08:30:30.731089Z][RH.newgen-rackhandler][W][2330306][155]CRTCyclicEvent.cpp:TimeMissed():101|Cycle miss in event CCSICombinedCmdManager Cyclic Event. Time Overrun is 31852 us[EOL]
[2026-09-22T08:30:30.732558Z][RH.transfer-xyz-gripper][W][2330306][136]CRTCyclicEvent.cpp:TimeMissed():101|Cycle miss in event CCSICombinedCmdManager Cyclic Event. Time Overrun is 3306 us[EOL]
[2026-09-22T08:30:30.731396Z][RH.newgen-samplerecognitioncamera][W][2330306][137]CRTCyclicEvent.cpp:TimeMissed():101|Cycle miss in event CCSICombinedCmdManager Cyclic Event. Time Overrun is 97283 us[EOL]
[2026-09-22T08:30:30.732610Z][RH.transfer-xyz-gripper][W][2330306][136]CRTCyclicEvent.cpp:TimeMissed():101|Cycle miss in event CCSICombinedRepManager. Time Overrun is 3306 us[EOL]
[2026-09-22T08:30:30.731437Z][RH.newgen-samplerecognitioncamera][W][2330306][137]CRTCyclicEvent.cpp:TimeMissed():101|Cycle miss in event CCSICombinedRepManager. Time Overrun is 97283 us[EOL]
[2026-09-22T08:30:30.921150Z][RH.transfer-xyz-gripper][W][2330306][136]CRTCyclicEvent.cpp:TimeMissed():101|Cycle miss in event CCSICombinedCmdManager Cyclic Event. Time Overrun is 51898 us[EOL]
[2026-09-22T08:30:30.921210Z][RH.transfer-xyz-gripper][W][2330306][136]CRTCyclicEvent.cpp:TimeMissed():101|Cycle miss in event CCSICombinedRepManager. Time Overrun is 51898 us[EOL]
[2026-09-22T08:30:30.922496Z][RH.newgen-rackhandler][W][2330306][155]CRTCyclicEvent.cpp:TimeMissed():101|Cycle miss in event CCSICombinedCmdManager Cyclic Event. Time Overrun is 63267 us[EOL]
[2026-09-22T08:30:30.921351Z][RH.newgen-samplerecognitioncamera][W][2330306][137]CRTCyclicEvent.cpp:TimeMissed():101|Cycle miss in event CCSICombinedCmdManager Cyclic Event. Time Overrun is 57240 us[EOL]
[2026-09-22T08:30:30.921399Z][RH.newgen-samplerecognitioncamera][W][2330306][137]CRTCyclicEvent.cpp:TimeMissed():101|Cycle miss in event CCSICombinedRepManager. Time Overrun is 57240 us[EOL]
[2026-09-22T08:30:31.036582Z][RH.newgen-samplerecognitioncamera][W][2330306][137]CRTCyclicEvent.cpp:TimeMissed():101|Cycle miss in event CCSICombinedCmdManager Cyclic Event. Time Overrun is 2471 us[EOL]
[2026-09-22T08:30:31.036615Z][RH.newgen-samplerecognitioncamera][W][2330306][137]CRTCyclicEvent.cpp:TimeMissed():101|Cycle miss in event CCSICombinedRepManager. Time Overrun is 2471 us[EOL]
[2026-09-22T08:30:31.134425Z][RH.newgen-rackhandler][W][2330306][155]CRTCyclicEvent.cpp:TimeMissed():101|Cycle miss in event CCSICombinedCmdManager Cyclic Event. Time Overrun is 65195 us[EOL]
[2026-09-22T08:30:31.134512Z][RH.transfer-xyz-gripper][W][2330306][136]CRTCyclicEvent.cpp:TimeMissed():101|Cycle miss in event CCSICombinedCmdManager Cyclic Event. Time Overrun is 65262 us[EOL]
[2026-09-22T08:30:31.134560Z][RH.transfer-xyz-gripper][W][2330306][136]CRTCyclicEvent.cpp:TimeMissed():101|Cycle miss in event CCSICombinedRepManager. Time Overrun is 65262 us[EOL]
[2026-09-22T08:30:31.243353Z][RH.newgen-samplerecognitioncamera][W][2330306][137]CRTCyclicEvent.cpp:TimeMissed():101|Cycle miss in event CCSICombinedCmdManager Cyclic Event. Time Overrun is 89241 us[EOL]
[2026-09-22T08:30:31.243401Z][RH.newgen-samplerecognitioncamera][W][2330306][137]CRTCyclicEvent.cpp:TimeMissed():101|Cycle miss in event CCSICombinedRepManager. Time Overrun is 89241 us[EOL]
[2026-09-22T08:30:31.338030Z][RH.newgen-rackhandler][W][2330306][155]CRTCyclicEvent.cpp:TimeMissed():101|Cycle miss in event CCSICombinedCmdManager Cyclic Event. Time Overrun is 68799 us[EOL]
[2026-09-22T08:30:31.337942Z][RH.transfer-xyz-gripper][W][2330306][136]CRTCyclicEvent.cpp:TimeMissed():101|Cycle miss in event CCSICombinedCmdManager Cyclic Event. Time Overrun is 58688 us[EOL]
[2026-09-22T08:30:31.338006Z][RH.transfer-xyz-gripper][W][2330306][136]CRTCyclicEvent.cpp:TimeMissed():101|Cycle miss in event CCSICombinedRepManager. Time Overrun is 58688 us[EOL]
[2026-09-22T08:30:31.440800Z][RH.newgen-samplerecognitioncamera][W][2330306][137]CRTCyclicEvent.cpp:TimeMissed():101|Cycle miss in event CCSICombinedCmdManager Cyclic Event. Time Overrun is 76647 us[EOL]
[2026-09-22T08:30:31.571180Z][RH.transfer-xyz-gripper][W][2330306][136]CRTCyclicEvent.cpp:TimeMissed():101|Cycle miss in event CCSICombinedCmdManager Cyclic Event. Time Overrun is 111932 us[EOL]
[2026-09-22T08:30:31.571229Z][RH.transfer-xyz-gripper][W][2330306][136]CRTCyclicEvent.cpp:TimeMissed():101|Cycle miss in event CCSICombinedRepManager. Time Overrun is 111932 us[EOL]
[2026-09-22T08:30:31.440913Z][RH.newgen-samplerecognitioncamera][W][2330306][137]CRTCyclicEvent.cpp:TimeMissed():101|Cycle miss in event CCSICombinedRepManager. Time Overrun is 76647 us[EOL]
[2026-09-22T08:30:31.571903Z][RH.newgen-samplerecognitioncamera][W][2330306][137]CRTCyclicEvent.cpp:TimeMissed():101|Cycle miss in event CCSICombinedCmdManager Cyclic Event. Time Overrun is 17792 us[EOL]
[2026-09-22T08:30:31.571939Z][RH.newgen-samplerecognitioncamera][W][2330306][137]CRTCyclicEvent.cpp:TimeMissed():101|Cycle miss in event CCSICombinedRepManager. Time Overrun is 17792 us[EOL]
[2026-09-22T08:30:31.820961Z][RH.newgen-rackhandler][W][2330306][155]CRTCyclicEvent.cpp:TimeMissed():101|Cycle miss in event CCSICombinedCmdManager Cyclic Event. Time Overrun is 121719 us[EOL]
[2026-09-22T08:30:31.822591Z][RH.newgen-rackhandler][W][2330306][155]CRTCyclicEvent.cpp:TimeMissed():101|Cycle miss in event CCSICyclicRepManager. Time Overrun is 20498 us[EOL]
[2026-09-22T08:30:31.822429Z][RH.transfer-xyz-gripper][W][2330306][136]CRTCyclicEvent.cpp:TimeMissed():101|Cycle miss in event CCSICombinedCmdManager Cyclic Event. Time Overrun is 113183 us[EOL]
[2026-09-22T08:30:31.821968Z][RH.newgen-samplerecognitioncamera][W][2330306][137]CRTCyclicEvent.cpp:TimeMissed():101|Cycle miss in event CCSICombinedCmdManager Cyclic Event. Time Overrun is 117861 us[EOL]
[2026-09-22T08:30:31.822458Z][RH.transfer-xyz-gripper][W][2330306][136]CRTCyclicEvent.cpp:TimeMissed():101|Cycle miss in event CCSICombinedRepManager. Time Overrun is 113183 us[EOL]
[2026-09-22T08:30:31.821995Z][RH.newgen-samplerecognitioncamera][W][2330306][137]CRTCyclicEvent.cpp:TimeMissed():101|Cycle miss in event CCSICombinedRepManager. Time Overrun is 117861 us[EOL]
[2026-09-22T08:30:31.822688Z][RH.newgen-samplerecognitioncamera][W][2330306][137]CRTCyclicEvent.cpp:TimeMissed():101|Cycle miss in event CCSICyclicRepManager. Time Overrun is 16473 us[EOL]
[2026-09-22T08:30:31.952655Z][RH.transfer-xyz-gripper][W][2330306][136]CRTCyclicEvent.cpp:TimeMissed():101|Cycle miss in event CCSICombinedCmdManager Cyclic Event. Time Overrun is 13403 us[EOL]
[2026-09-22T08:30:31.951814Z][RH.newgen-samplerecognitioncamera][W][2330306][137]CRTCyclicEvent.cpp:TimeMissed():101|Cycle miss in event CCSICombinedCmdManager Cyclic Event. Time Overrun is 17703 us[EOL]
[2026-09-22T08:30:31.953380Z][RH.transfer-xyz-gripper][W][2330306][136]CRTCyclicEvent.cpp:TimeMissed():101|Cycle miss in event CCSICombinedRepManager. Time Overrun is 13403 us[EOL]
[2026-09-22T08:30:31.951860Z][RH.newgen-samplerecognitioncamera][W][2330306][137]CRTCyclicEvent.cpp:TimeMissed():101|Cycle miss in event CCSICombinedRepManager. Time Overrun is 17703 us[EOL]
[2026-09-22T08:30:32.218080Z][RH.newgen-rackhandler][W][2330306][155]CRTCyclicEvent.cpp:TimeMissed():101|Cycle miss in event CCSICombinedCmdManager Cyclic Event. Time Overrun is 118850 us[EOL]
[2026-09-22T08:30:32.217073Z][RH.transfer-xyz-gripper][W][2330306][136]CRTCyclicEvent.cpp:TimeMissed():101|Cycle miss in event CCSICombinedCmdManager Cyclic Event. Time Overrun is 107820 us[EOL]
[2026-09-22T08:30:32.217140Z][RH.transfer-xyz-gripper][W][2330306][136]CRTCyclicEvent.cpp:TimeMissed():101|Cycle miss in event CCSICombinedRepManager. Time Overrun is 107820 us[EOL]
[2026-09-22T08:30:32.271083Z][RH.newgen-samplerecognitioncamera][W][2330306][137]CRTCyclicEvent.cpp:TimeMissed():101|Cycle miss in event CCSICombinedCmdManager Cyclic Event. Time Overrun is 16966 us[EOL]
[2026-09-22T08:30:32.271148Z][RH.newgen-samplerecognitioncamera][W][2330306][137]CRTCyclicEvent.cpp:TimeMissed():101|Cycle miss in event CCSICombinedRepManager. Time Overrun is 16966 us[EOL]
[2026-09-22T08:30:32.336043Z][RH.newgen-rackhandler][W][2330306][155]CRTCyclicEvent.cpp:TimeMissed():101|Cycle miss in event CCSICombinedCmdManager Cyclic Event. Time Overrun is 6813 us[EOL]
[2026-09-22T08:30:32.336129Z][RH.transfer-xyz-gripper][W][2330306][136]CRTCyclicEvent.cpp:TimeMissed():101|Cycle miss in event CCSICombinedCmdManager Cyclic Event. Time Overrun is 6880 us[EOL]
[2026-09-22T08:30:32.336165Z][RH.transfer-xyz-gripper][W][2330306][136]CRTCyclicEvent.cpp:TimeMissed():101|Cycle miss in event CCSICombinedRepManager. Time Overrun is 6880 us[EOL]
[2026-09-22T08:30:32.460921Z][RH.newgen-rackhandler][W][2330306][155]CRTCyclicEvent.cpp:TimeMissed():101|Cycle miss in event CCSICombinedCmdManager Cyclic Event. Time Overrun is 1688 us[EOL]
[2026-09-22T08:30:32.460730Z][RH.transfer-xyz-gripper][W][2330306][136]CRTCyclicEvent.cpp:TimeMissed():101|Cycle miss in event CCSICombinedCmdManager Cyclic Event. Time Overrun is 1453 us[EOL]
[2026-09-22T08:30:32.460823Z][RH.transfer-xyz-gripper][W][2330306][136]CRTCyclicEvent.cpp:TimeMissed():101|Cycle miss in event CCSICombinedRepManager. Time Overrun is 1453 us[EOL]
[2026-09-22T08:30:32.928885Z][RH.newgen-rackhandler][W][2330306][155]CRTCyclicEvent.cpp:TimeMissed():101|Cycle miss in event CCSICombinedCmdManager Cyclic Event. Time Overrun is 349638 us[EOL]
[2026-09-22T08:30:32.928607Z][RH.newgen-samplerecognitioncamera][W][2330306][137]CRTCyclicEvent.cpp:TimeMissed():101|Cycle miss in event CCSICombinedCmdManager Cyclic Event. Time Overrun is 424498 us[EOL]
[2026-09-22T08:30:32.928634Z][RH.newgen-samplerecognitioncamera][W][2330306][137]CRTCyclicEvent.cpp:TimeMissed():101|Cycle miss in event CCSICombinedRepManager. Time Overrun is 424498 us[EOL]
[2026-09-22T08:30:33.059714Z][RH.newgen-rackhandler][W][2330306][155]CRTCyclicEvent.cpp:TimeMissed():101|Cycle miss in event CCSICombinedCmdManager Cyclic Event. Time Overrun is 486 us[EOL]
[2026-09-22T08:30:33.059754Z][RH.transfer-xyz-gripper][W][2330306][136]CRTCyclicEvent.cpp:TimeMissed():101|Cycle miss in event CCSICombinedCmdManager Cyclic Event. Time Overrun is 467 us[EOL]
[2026-09-22T08:30:33.059784Z][RH.transfer-xyz-gripper][W][2330306][136]CRTCyclicEvent.cpp:TimeMissed():101|Cycle miss in event CCSICombinedRepManager. Time Overrun is 467 us[EOL]
[2026-09-22T08:30:33.306820Z][RH.newgen-rackhandler][I][2560016][155]IMessageHandler.h:operator()():40|Received RabbitMqMessage Roche.c68_8800.InstrumentState.InstrumentStateChanged. Content: {"Timestamp":"2026-09-22T08:30:29.4305208Z","TraceContext":"00-819380aeb3d0d060e0455e221ce4a92c-894abe7a711e0278-01","OldState":"PoweredOff","NewState":"StartingUp"}[EOL]
[2026-09-22T08:30:33.306914Z][RH.newgen-rackhandler][I][2560016][155]IMessageHandler.h:operator()():53|Received RabbitMqMessage Roche.c68_8800.InstrumentState.InstrumentStateChanged. Content: {"Timestamp":"2026-09-22T08:30:29.4305208Z","TraceContext":"00-819380aeb3d0d060e0455e221ce4a92c-894abe7a711e0278-01","OldState":"PoweredOff","NewState":"StartingUp"}[EOL]
[2026-09-22T08:30:33.534940Z][RH.newgen-samplerecognitioncamera][W][2330306][137]CRTCyclicEvent.cpp:TimeMissed():101|Cycle miss in event CCSICombinedCmdManager Cyclic Event. Time Overrun is 822 us[EOL]
[2026-09-22T08:30:33.534994Z][RH.newgen-samplerecognitioncamera][W][2330306][137]CRTCyclicEvent.cpp:TimeMissed():101|Cycle miss in event CCSICombinedRepManager. Time Overrun is 822 us[EOL]
[2026-09-22T08:30:33.877967Z][RH.newgen-samplerecognitioncamera][W][2330306][137]CRTCyclicEvent.cpp:TimeMissed():101|Cycle miss in event CCSICombinedCmdManager Cyclic Event. Time Overrun is 53859 us[EOL]
[2026-09-22T08:30:33.877991Z][RH.newgen-samplerecognitioncamera][W][2330306][137]CRTCyclicEvent.cpp:TimeMissed():101|Cycle miss in event CCSICombinedRepManager. Time Overrun is 53859 us[EOL]
[2026-09-22T08:30:33.910052Z][RH.transfer-xyz-gripper][W][2330306][136]CRTCyclicEvent.cpp:TimeMissed():101|Cycle miss in event CCSICombinedCmdManager Cyclic Event. Time Overrun is 70806 us[EOL]
[2026-09-22T08:30:33.910090Z][RH.transfer-xyz-gripper][W][2330306][136]CRTCyclicEvent.cpp:TimeMissed():101|Cycle miss in event CCSICombinedRepManager. Time Overrun is 70806 us[EOL]
[2026-09-22T08:30:33.877747Z][RH.newgen-rackhandler][W][2330306][155]CRTCyclicEvent.cpp:TimeMissed():101|Cycle miss in event CCSICombinedCmdManager Cyclic Event. Time Overrun is 58520 us[EOL]
[2026-09-22T08:30:34.073191Z][RH.newgen-rackhandler][W][2330306][155]CRTCyclicEvent.cpp:TimeMissed():101|Cycle miss in event CCSICombinedCmdManager Cyclic Event. Time Overrun is 23961 us[EOL]
[2026-09-22T08:30:34.073643Z][RH.transfer-xyz-gripper][W][2330306][136]CRTCyclicEvent.cpp:TimeMissed():101|Cycle miss in event CCSICombinedCmdManager Cyclic Event. Time Overrun is 24386 us[EOL]
[2026-09-22T08:30:34.073677Z][RH.transfer-xyz-gripper][W][2330306][136]CRTCyclicEvent.cpp:TimeMissed():101|Cycle miss in event CCSICombinedRepManager. Time Overrun is 24386 us[EOL]
[2026-09-22T08:30:34.074758Z][RH.newgen-samplerecognitioncamera][W][2330306][137]CRTCyclicEvent.cpp:TimeMissed():101|Cycle miss in event CCSICombinedCmdManager Cyclic Event. Time Overrun is 644 us[EOL]
[2026-09-22T08:30:34.074802Z][RH.newgen-samplerecognitioncamera][W][2330306][137]CRTCyclicEvent.cpp:TimeMissed():101|Cycle miss in event CCSICombinedRepManager. Time Overrun is 644 us[EOL]
[2026-09-22T08:30:34.190309Z][RH.transfer-xyz-gripper][W][2330306][136]CRTCyclicEvent.cpp:TimeMissed():101|Cycle miss in event CCSICombinedCmdManager Cyclic Event. Time Overrun is 1058 us[EOL]
[2026-09-22T08:30:34.190356Z][RH.transfer-xyz-gripper][W][2330306][136]CRTCyclicEvent.cpp:TimeMissed():101|Cycle miss in event CCSICombinedRepManager. Time Overrun is 1058 us[EOL]
[2026-09-22T08:30:34.408722Z][RH.transfer-xyz-gripper][W][2330306][136]CRTCyclicEvent.cpp:TimeMissed():101|Cycle miss in event CCSICombinedCmdManager Cyclic Event. Time Overrun is 9471 us[EOL]
[2026-09-22T08:30:34.408755Z][RH.transfer-xyz-gripper][W][2330306][136]CRTCyclicEvent.cpp:TimeMissed():101|Cycle miss in event CCSICombinedRepManager. Time Overrun is 9471 us[EOL]
[2026-09-22T08:30:34.439981Z][RH.newgen-samplerecognitioncamera][W][2330306][137]CRTCyclicEvent.cpp:TimeMissed():101|Cycle miss in event CCSICombinedCmdManager Cyclic Event. Time Overrun is 5867 us[EOL]
[2026-09-22T08:30:34.440013Z][RH.newgen-samplerecognitioncamera][W][2330306][137]CRTCyclicEvent.cpp:TimeMissed():101|Cycle miss in event CCSICombinedRepManager. Time Overrun is 5867 us[EOL]
[2026-09-22T08:30:34.584746Z][RH.newgen-samplerecognitioncamera][W][2330306][137]CRTCyclicEvent.cpp:TimeMissed():101|Cycle miss in event CCSICombinedCmdManager Cyclic Event. Time Overrun is 637 us[EOL]
[2026-09-22T08:30:34.584780Z][RH.newgen-samplerecognitioncamera][W][2330306][137]CRTCyclicEvent.cpp:TimeMissed():101|Cycle miss in event CCSICombinedRepManager. Time Overrun is 637 us[EOL]
[2026-09-22T08:30:34.724216Z][RH.newgen-samplerecognitioncamera][W][2330306][137]CRTCyclicEvent.cpp:TimeMissed():101|Cycle miss in event CCSICombinedCmdManager Cyclic Event. Time Overrun is 105 us[EOL]
[2026-09-22T08:30:34.724289Z][RH.newgen-samplerecognitioncamera][W][2330306][137]CRTCyclicEvent.cpp:TimeMissed():101|Cycle miss in event CCSICombinedRepManager. Time Overrun is 105 us[EOL]
[2026-09-22T08:30:34.734075Z][RH.newgen-rackhandler][W][2330306][155]CRTCyclicEvent.cpp:TimeMissed():101|Cycle miss in event CCSICombinedCmdManager Cyclic Event. Time Overrun is 14839 us[EOL]
[2026-09-22T08:30:34.734125Z][RH.transfer-xyz-gripper][W][2330306][136]CRTCyclicEvent.cpp:TimeMissed():101|Cycle miss in event CCSICombinedCmdManager Cyclic Event. Time Overrun is 14859 us[EOL]
[2026-09-22T08:30:34.734172Z][RH.transfer-xyz-gripper][W][2330306][136]CRTCyclicEvent.cpp:TimeMissed():101|Cycle miss in event CCSICombinedRepManager. Time Overrun is 14859 us[EOL]
[2026-09-22T08:30:34.879229Z][RH.newgen-samplerecognitioncamera][W][2330306][137]CRTCyclicEvent.cpp:TimeMissed():101|Cycle miss in event CCSICombinedCmdManager Cyclic Event. Time Overrun is 5113 us[EOL]
[2026-09-22T08:30:34.879260Z][RH.newgen-samplerecognitioncamera][W][2330306][137]CRTCyclicEvent.cpp:TimeMissed():101|Cycle miss in event CCSICombinedRepManager. Time Overrun is 5113 us[EOL]
[2026-09-22T08:30:34.909934Z][RH.newgen-rackhandler][W][2330306][155]CRTCyclicEvent.cpp:TimeMissed():101|Cycle miss in event CCSICombinedCmdManager Cyclic Event. Time Overrun is 703 us[EOL]
[2026-09-22T08:30:35.026121Z][RH.transfer-xyz-gripper][W][2330306][136]CRTCyclicEvent.cpp:TimeMissed():101|Cycle miss in event CCSICombinedCmdManager Cyclic Event. Time Overrun is 6863 us[EOL]
[2026-09-22T08:30:35.026159Z][RH.transfer-xyz-gripper][W][2330306][136]CRTCyclicEvent.cpp:TimeMissed():101|Cycle miss in event CCSICombinedRepManager. Time Overrun is 6863 us[EOL]
[2026-09-22T08:30:35.107447Z][RH.newgen-samplerecognitioncamera][W][2330306][137]CRTCyclicEvent.cpp:TimeMissed():101|Cycle miss in event CCSICombinedCmdManager Cyclic Event. Time Overrun is 3337 us[EOL]
[2026-09-22T08:30:35.107481Z][RH.newgen-samplerecognitioncamera][W][2330306][137]CRTCyclicEvent.cpp:TimeMissed():101|Cycle miss in event CCSICombinedRepManager. Time Overrun is 3337 us[EOL]
[2026-09-22T08:30:35.121445Z][RH.newgen-rackhandler][W][2330306][155]CRTCyclicEvent.cpp:TimeMissed():101|Cycle miss in event CCSICombinedCmdManager Cyclic Event. Time Overrun is 2214 us[EOL]
[2026-09-22T08:30:35.229792Z][RH.transfer-xyz-gripper][W][2330306][136]CRTCyclicEvent.cpp:TimeMissed():101|Cycle miss in event CCSICombinedCmdManager Cyclic Event. Time Overrun is 534 us[EOL]
[2026-09-22T08:30:35.239579Z][RH.newgen-rackhandler][W][2330306][155]CRTCyclicEvent.cpp:TimeMissed():101|Cycle miss in event CCSICombinedCmdManager Cyclic Event. Time Overrun is 352 us[EOL]
[2026-09-22T08:30:35.229861Z][RH.transfer-xyz-gripper][W][2330306][136]CRTCyclicEvent.cpp:TimeMissed():101|Cycle miss in event CCSICombinedRepManager. Time Overrun is 534 us[EOL]
[2026-09-22T08:30:35.299594Z][RH.newgen-samplerecognitioncamera][W][2330306][137]CRTCyclicEvent.cpp:TimeMissed():101|Cycle miss in event CCSICombinedCmdManager Cyclic Event. Time Overrun is 5487 us[EOL]
[2026-09-22T08:30:35.299623Z][RH.newgen-samplerecognitioncamera][W][2330306][137]CRTCyclicEvent.cpp:TimeMissed():101|Cycle miss in event CCSICombinedRepManager. Time Overrun is 5487 us[EOL]
[2026-09-22T08:30:35.399365Z][RH.newgen-rackhandler][W][2330306][155]CRTCyclicEvent.cpp:TimeMissed():101|Cycle miss in event CCSICombinedCmdManager Cyclic Event. Time Overrun is 137 us[EOL]
[2026-09-22T08:30:35.809760Z][RH.transfer-xyz-gripper][W][2330306][136]CRTCyclicEvent.cpp:TimeMissed():101|Cycle miss in event CCSICombinedCmdManager Cyclic Event. Time Overrun is 507 us[EOL]
[2026-09-22T08:30:35.809803Z][RH.transfer-xyz-gripper][W][2330306][136]CRTCyclicEvent.cpp:TimeMissed():101|Cycle miss in event CCSICombinedRepManager. Time Overrun is 507 us[EOL]
[2026-09-22T08:30:36.007652Z][RH.newgen-samplerecognitioncamera][W][2330306][137]CRTCyclicEvent.cpp:TimeMissed():101|Cycle miss in event CCSICombinedCmdManager Cyclic Event. Time Overrun is 3542 us[EOL]
[2026-09-22T08:30:36.007683Z][RH.newgen-samplerecognitioncamera][W][2330306][137]CRTCyclicEvent.cpp:TimeMissed():101|Cycle miss in event CCSICombinedRepManager. Time Overrun is 3542 us[EOL]
[2026-09-22T08:30:36.119496Z][RH.transfer-xyz-gripper][W][2330306][136]CRTCyclicEvent.cpp:TimeMissed():101|Cycle miss in event CCSICombinedCmdManager Cyclic Event. Time Overrun is 248 us[EOL]
[2026-09-22T08:30:36.119530Z][RH.transfer-xyz-gripper][W][2330306][136]CRTCyclicEvent.cpp:TimeMissed():101|Cycle miss in event CCSICombinedRepManager. Time Overrun is 248 us[EOL]
[2026-09-22T08:30:36.760225Z][RH.transfer-xyz-gripper][W][2330306][136]CRTCyclicEvent.cpp:TimeMissed():101|Cycle miss in event CCSICombinedCmdManager Cyclic Event. Time Overrun is 977 us[EOL]
[2026-09-22T08:30:36.760259Z][RH.transfer-xyz-gripper][W][2330306][136]CRTCyclicEvent.cpp:TimeMissed():101|Cycle miss in event CCSICombinedRepManager. Time Overrun is 977 us[EOL]
[2026-09-22T08:30:37.004785Z][RH.newgen-samplerecognitioncamera][W][2330306][137]CRTCyclicEvent.cpp:TimeMissed():101|Cycle miss in event CCSICombinedCmdManager Cyclic Event. Time Overrun is 679 us[EOL]
[2026-09-22T08:30:37.004806Z][RH.newgen-samplerecognitioncamera][W][2330306][137]CRTCyclicEvent.cpp:TimeMissed():101|Cycle miss in event CCSICombinedRepManager. Time Overrun is 679 us[EOL]
[2026-09-22T08:30:37.086896Z][RH.newgen-rackhandler][W][2330306][155]CRTCyclicEvent.cpp:TimeMissed():101|Cycle miss in event CCSICombinedCmdManager Cyclic Event. Time Overrun is 37660 us[EOL]
[2026-09-22T08:30:37.086896Z][RH.transfer-xyz-gripper][W][2330306][136]CRTCyclicEvent.cpp:TimeMissed():101|Cycle miss in event CCSICombinedCmdManager Cyclic Event. Time Overrun is 37645 us[EOL]
[2026-09-22T08:30:37.087050Z][RH.transfer-xyz-gripper][W][2330306][136]CRTCyclicEvent.cpp:TimeMissed():101|Cycle miss in event CCSICombinedRepManager. Time Overrun is 37645 us[EOL]
[2026-09-22T08:30:37.150813Z][RH.newgen-samplerecognitioncamera][W][2330306][137]CRTCyclicEvent.cpp:TimeMissed():101|Cycle miss in event CCSICombinedCmdManager Cyclic Event. Time Overrun is 26704 us[EOL]
[2026-09-22T08:30:37.150855Z][RH.newgen-samplerecognitioncamera][W][2330306][137]CRTCyclicEvent.cpp:TimeMissed():101|Cycle miss in event CCSICombinedRepManager. Time Overrun is 26704 us[EOL]
[2026-09-22T08:30:37.335996Z][RH.newgen-rackhandler][W][2330306][155]CRTCyclicEvent.cpp:TimeMissed():101|Cycle miss in event CCSICombinedCmdManager Cyclic Event. Time Overrun is 26756 us[EOL]
[2026-09-22T08:30:37.335132Z][RH.transfer-xyz-gripper][W][2330306][136]CRTCyclicEvent.cpp:TimeMissed():101|Cycle miss in event CCSICombinedCmdManager Cyclic Event. Time Overrun is 55882 us[EOL]
[2026-09-22T08:30:37.335187Z][RH.transfer-xyz-gripper][W][2330306][136]CRTCyclicEvent.cpp:TimeMissed():101|Cycle miss in event CCSICombinedRepManager. Time Overrun is 55882 us[EOL]
[2026-09-22T08:30:37.426533Z][RH.newgen-samplerecognitioncamera][W][2330306][137]CRTCyclicEvent.cpp:TimeMissed():101|Cycle miss in event CCSICombinedCmdManager Cyclic Event. Time Overrun is 22418 us[EOL]
[2026-09-22T08:30:37.426570Z][RH.newgen-samplerecognitioncamera][W][2330306][137]CRTCyclicEvent.cpp:TimeMissed():101|Cycle miss in event CCSICombinedRepManager. Time Overrun is 22418 us[EOL]
[2026-09-22T08:30:37.499876Z][RH.newgen-rackhandler][W][2330306][155]CRTCyclicEvent.cpp:TimeMissed():101|Cycle miss in event CCSICombinedCmdManager Cyclic Event. Time Overrun is 645 us[EOL]
[2026-09-22T08:30:37.574831Z][RH.newgen-samplerecognitioncamera][W][2330306][137]CRTCyclicEvent.cpp:TimeMissed():101|Cycle miss in event CCSICombinedCmdManager Cyclic Event. Time Overrun is 715 us[EOL]
[2026-09-22T08:30:37.574924Z][RH.newgen-samplerecognitioncamera][W][2330306][137]CRTCyclicEvent.cpp:TimeMissed():101|Cycle miss in event CCSICombinedRepManager. Time Overrun is 715 us[EOL]
[2026-09-22T08:30:37.799791Z][RH.newgen-rackhandler][W][2330306][155]CRTCyclicEvent.cpp:TimeMissed():101|Cycle miss in event CCSICombinedCmdManager Cyclic Event. Time Overrun is 554 us[EOL]
[2026-09-22T08:30:38.061802Z][RH.newgen-rackhandler][W][2330306][155]CRTCyclicEvent.cpp:TimeMissed():101|Cycle miss in event CCSICombinedCmdManager Cyclic Event. Time Overrun is 2570 us[EOL]
[2026-09-22T08:30:38.324542Z][RH.newgen-rackhandler][W][2330306][155]CRTCyclicEvent.cpp:TimeMissed():101|Cycle miss in event CCSICombinedCmdManager Cyclic Event. Time Overrun is 5311 us[EOL]
[2026-09-22T08:30:38.718498Z][RH.transfer-xyz-gripper][W][2330306][136]CRTCyclicEvent.cpp:TimeMissed():101|Cycle miss in event CCSICombinedCmdManager Cyclic Event. Time Overrun is 9251 us[EOL]
[2026-09-22T08:30:38.718686Z][RH.transfer-xyz-gripper][W][2330306][136]CRTCyclicEvent.cpp:TimeMissed():101|Cycle miss in event CCSICombinedRepManager. Time Overrun is 9251 us[EOL]
[2026-09-22T08:30:38.789791Z][RH.newgen-rackhandler][W][2330306][155]CRTCyclicEvent.cpp:TimeMissed():101|Cycle miss in event CCSICombinedCmdManager Cyclic Event. Time Overrun is 561 us[EOL]
[2026-09-22T08:30:39.538786Z][RH.newgen-samplerecognitioncamera][W][2330306][137]CRTCyclicEvent.cpp:TimeMissed():101|Cycle miss in event CCSICombinedCmdManager Cyclic Event. Time Overrun is 4679 us[EOL]
[2026-09-22T08:30:39.538808Z][RH.newgen-samplerecognitioncamera][W][2330306][137]CRTCyclicEvent.cpp:TimeMissed():101|Cycle miss in event CCSICombinedRepManager. Time Overrun is 4679 us[EOL]
[2026-09-22T08:30:40.125421Z][RH.newgen-samplerecognitioncamera][W][2330306][137]CRTCyclicEvent.cpp:TimeMissed():101|Cycle miss in event CCSICombinedCmdManager Cyclic Event. Time Overrun is 1309 us[EOL]
[2026-09-22T08:30:40.125478Z][RH.newgen-samplerecognitioncamera][W][2330306][137]CRTCyclicEvent.cpp:TimeMissed():101|Cycle miss in event CCSICombinedRepManager. Time Overrun is 1309 us[EOL]
[2026-09-22T08:30:41.563051Z][RH.newgen-rackhandler][W][2330306][155]CRTCyclicEvent.cpp:TimeMissed():101|Cycle miss in event CCSICombinedCmdManager Cyclic Event. Time Overrun is 3822 us[EOL]
[2026-09-22T08:30:43.026328Z][RH.newgen-rackhandler][I][2560016][155]IMessageHandler.h:operator()():53|Received RabbitMqMessage Roche.MolLab.PersistentMemory.MamConfigured. Content: {"Timestamp":"2026-09-22T08:30:42.954048Z","TraceContext":"00-819380aeb3d0d060e0455e221ce4a92c-9638ad2b6235bbf5-01"}[EOL]
[2026-09-22T08:30:43.029854Z][RH.transfer-xyz-gripper][N][2330477][136]CConnectionHandler.cpp:RegisterConnection():104|Socket added to epoll with identifier 0x0 (0), file descriptor 16.[EOL]
[2026-09-22T08:30:43.029153Z][RH.newgen-samplerecognitioncamera][N][2330477][137]CConnectionHandler.cpp:RegisterConnection():104|Socket added to epoll with identifier 0x0 (0), file descriptor 16.[EOL]
[2026-09-22T08:30:43.027161Z][RH.newgen-rackhandler][I][1780083][155]CPrepareProcedure.cpp:SetParameter():68|Procedure ProcTypeId_Prepare (1780002) loaded. Parameters: [EOL]
[2026-09-22T08:30:43.029913Z][RH.transfer-xyz-gripper][N][2330467][136]CDefaultStreamHandler.cpp:OnConnectionAccepted():405|New connection established. file descriptor 16[EOL]
[2026-09-22T08:30:43.027476Z][RH.newgen-rackhandler][N][0][155]CExecuteConnectCommandStep.cpp:DoStep():58|Sending SS_ConnectCommand[EOL]
[2026-09-22T08:30:43.027757Z][RH.newgen-rackhandler][N][2330473][155]CClientSocketChannel.cpp:Connect():196|Connecting to socket with identifier 0x10a201 (1090049).[EOL]
[2026-09-22T08:30:43.049458Z][RH.transfer-xyz-gripper][N][2330473][136]CClientSocketChannel.cpp:Connect():196|Connecting to socket with identifier 0x10a101 (1089793).[EOL]
[2026-09-22T08:30:43.029191Z][RH.newgen-samplerecognitioncamera][N][2330467][137]CDefaultStreamHandler.cpp:OnConnectionAccepted():405|New connection established. file descriptor 16[EOL]
[2026-09-22T08:30:43.027904Z][RH.newgen-rackhandler][N][2330473][155]CClientSocketChannel.cpp:Connect():207|Registering socket connection with identifier 0x10a201 (1090049), file descriptor 22.[EOL]
[2026-09-22T08:30:43.049859Z][RH.transfer-xyz-gripper][N][2330473][136]CClientSocketChannel.cpp:Connect():207|Registering socket connection with identifier 0x10a101 (1089793), file descriptor 17.[EOL]
[2026-09-22T08:30:43.058751Z][RH.newgen-samplerecognitioncamera][N][2330473][137]CClientSocketChannel.cpp:Connect():196|Connecting to socket with identifier 0x10a203 (1090051).[EOL]
[2026-09-22T08:30:43.027924Z][RH.newgen-rackhandler][N][2330477][155]CConnectionHandler.cpp:RegisterConnection():104|Socket added to epoll with identifier 0x10a201 (1090049), file descriptor 22.[EOL]
[2026-09-22T08:30:43.049887Z][RH.transfer-xyz-gripper][N][2330477][136]CConnectionHandler.cpp:RegisterConnection():104|Socket added to epoll with identifier 0x10a101 (1089793), file descriptor 17.[EOL]
[2026-09-22T08:30:43.059200Z][RH.newgen-samplerecognitioncamera][N][2330473][137]CClientSocketChannel.cpp:Connect():207|Registering socket connection with identifier 0x10a203 (1090051), file descriptor 17.[EOL]
[2026-09-22T08:30:43.027938Z][RH.newgen-rackhandler][N][2330476][155]CClientSocketChannel.cpp:InitializeConnection():401|Initialized socket buffer with identifier 0x10a201 (1090049), file descriptor 22.[EOL]
[2026-09-22T08:30:43.049909Z][RH.transfer-xyz-gripper][N][2330476][136]CClientSocketChannel.cpp:InitializeConnection():401|Initialized socket buffer with identifier 0x10a101 (1089793), file descriptor 17.[EOL]
[2026-09-22T08:30:43.059224Z][RH.newgen-samplerecognitioncamera][N][2330477][137]CConnectionHandler.cpp:RegisterConnection():104|Socket added to epoll with identifier 0x10a203 (1090051), file descriptor 17.[EOL]
[2026-09-22T08:30:43.027955Z][RH.newgen-rackhandler][N][2330473][155]CClientSocketChannel.cpp:Connect():196|Connecting to socket with identifier 0x4010a201 (1074831873).[EOL]
[2026-09-22T08:30:43.049921Z][RH.transfer-xyz-gripper][N][2330473][136]CClientSocketChannel.cpp:Connect():196|Connecting to socket with identifier 0x4010a101 (1074831617).[EOL]
[2026-09-22T08:30:43.059239Z][RH.newgen-samplerecognitioncamera][N][2330476][137]CClientSocketChannel.cpp:InitializeConnection():401|Initialized socket buffer with identifier 0x10a203 (1090051), file descriptor 17.[EOL]
[2026-09-22T08:30:43.027978Z][RH.newgen-rackhandler][N][2330473][155]CClientSocketChannel.cpp:Connect():207|Registering socket connection with identifier 0x4010a201 (1074831873), file descriptor 24.[EOL]
[2026-09-22T08:30:43.049946Z][RH.transfer-xyz-gripper][N][2330473][136]CClientSocketChannel.cpp:Connect():207|Registering socket connection with identifier 0x4010a101 (1074831617), file descriptor 18.[EOL]
[2026-09-22T08:30:43.059251Z][RH.newgen-samplerecognitioncamera][N][2330473][137]CClientSocketChannel.cpp:Connect():196|Connecting to socket with identifier 0x4010a203 (1074831875).[EOL]
[2026-09-22T08:30:43.027984Z][RH.newgen-rackhandler][N][2330477][155]CConnectionHandler.cpp:RegisterConnection():104|Socket added to epoll with identifier 0x4010a201 (1074831873), file descriptor 24.[EOL]
[2026-09-22T08:30:43.049952Z][RH.transfer-xyz-gripper][N][2330477][136]CConnectionHandler.cpp:RegisterConnection():104|Socket added to epoll with identifier 0x4010a101 (1074831617), file descriptor 18.[EOL]
[2026-09-22T08:30:43.059273Z][RH.newgen-samplerecognitioncamera][N][2330473][137]CClientSocketChannel.cpp:Connect():207|Registering socket connection with identifier 0x4010a203 (1074831875), file descriptor 18.[EOL]
[2026-09-22T08:30:43.027992Z][RH.newgen-rackhandler][N][2330476][155]CClientSocketChannel.cpp:InitializeConnection():401|Initialized socket buffer with identifier 0x4010a201 (1074831873), file descriptor 24.[EOL]
[2026-09-22T08:30:43.049959Z][RH.transfer-xyz-gripper][N][2330476][136]CClientSocketChannel.cpp:InitializeConnection():401|Initialized socket buffer with identifier 0x4010a101 (1074831617), file descriptor 18.[EOL]
[2026-09-22T08:30:43.059281Z][RH.newgen-samplerecognitioncamera][N][2330477][137]CConnectionHandler.cpp:RegisterConnection():104|Socket added to epoll with identifier 0x4010a203 (1074831875), file descriptor 18.[EOL]
[2026-09-22T08:30:43.027997Z][RH.newgen-rackhandler][N][2330473][155]CClientSocketChannel.cpp:Connect():196|Connecting to socket with identifier 0x8010a201 (2148573697).[EOL]
[2026-09-22T08:30:43.049964Z][RH.transfer-xyz-gripper][N][2330473][136]CClientSocketChannel.cpp:Connect():196|Connecting to socket with identifier 0x8010a101 (2148573441).[EOL]
[2026-09-22T08:30:43.059288Z][RH.newgen-samplerecognitioncamera][N][2330476][137]CClientSocketChannel.cpp:InitializeConnection():401|Initialized socket buffer with identifier 0x4010a203 (1074831875), file descriptor 18.[EOL]
[2026-09-22T08:30:43.028086Z][RH.newgen-rackhandler][N][2330473][155]CClientSocketChannel.cpp:Connect():207|Registering socket connection with identifier 0x8010a201 (2148573697), file descriptor 25.[EOL]
[2026-09-22T08:30:43.050108Z][RH.transfer-xyz-gripper][N][2330473][136]CClientSocketChannel.cpp:Connect():207|Registering socket connection with identifier 0x8010a101 (2148573441), file descriptor 19.[EOL]
[2026-09-22T08:30:43.028097Z][RH.newgen-rackhandler][N][2330477][155]CConnectionHandler.cpp:RegisterConnection():104|Socket added to epoll with identifier 0x8010a201 (2148573697), file descriptor 25.[EOL]
[2026-09-22T08:30:43.028106Z][RH.newgen-rackhandler][N][2330476][155]CClientSocketChannel.cpp:InitializeConnection():401|Initialized socket buffer with identifier 0x8010a201 (2148573697), file descriptor 25.[EOL]
[2026-09-22T08:30:43.050115Z][RH.transfer-xyz-gripper][N][2330477][136]CConnectionHandler.cpp:RegisterConnection():104|Socket added to epoll with identifier 0x8010a101 (2148573441), file descriptor 19.[EOL]
[2026-09-22T08:30:43.059293Z][RH.newgen-samplerecognitioncamera][N][2330473][137]CClientSocketChannel.cpp:Connect():196|Connecting to socket with identifier 0x8010a203 (2148573699).[EOL]
[2026-09-22T08:30:43.028114Z][RH.newgen-rackhandler][N][2330473][155]CClientSocketChannel.cpp:Connect():196|Connecting to socket with identifier 0x10a301 (1090305).[EOL]
[2026-09-22T08:30:43.050123Z][RH.transfer-xyz-gripper][N][2330476][136]CClientSocketChannel.cpp:InitializeConnection():401|Initialized socket buffer with identifier 0x8010a101 (2148573441), file descriptor 19.[EOL]
[2026-09-22T08:30:43.059309Z][RH.newgen-samplerecognitioncamera][N][2330473][137]CClientSocketChannel.cpp:Connect():207|Registering socket connection with identifier 0x8010a203 (2148573699), file descriptor 19.[EOL]
[2026-09-22T08:30:43.028129Z][RH.newgen-rackhandler][N][2330473][155]CClientSocketChannel.cpp:Connect():207|Registering socket connection with identifier 0x10a301 (1090305), file descriptor 26.[EOL]
[2026-09-22T08:30:43.028135Z][RH.newgen-rackhandler][N][2330477][155]CConnectionHandler.cpp:RegisterConnection():104|Socket added to epoll with identifier 0x10a301 (1090305), file descriptor 26.[EOL]
[2026-09-22T08:30:43.050129Z][RH.transfer-xyz-gripper][N][2330473][136]CClientSocketChannel.cpp:Connect():196|Connecting to socket with identifier 0x10a102 (1089794).[EOL]
[2026-09-22T08:30:43.059315Z][RH.newgen-samplerecognitioncamera][N][2330477][137]CConnectionHandler.cpp:RegisterConnection():104|Socket added to epoll with identifier 0x8010a203 (2148573699), file descriptor 19.[EOL]
[2026-09-22T08:30:43.028146Z][RH.newgen-rackhandler][N][2330476][155]CClientSocketChannel.cpp:InitializeConnection():401|Initialized socket buffer with identifier 0x10a301 (1090305), file descriptor 26.[EOL]
[2026-09-22T08:30:43.050145Z][RH.transfer-xyz-gripper][N][2330473][136]CClientSocketChannel.cpp:Connect():207|Registering socket connection with identifier 0x10a102 (1089794), file descriptor 20.[EOL]
[2026-09-22T08:30:43.059321Z][RH.newgen-samplerecognitioncamera][N][2330476][137]CClientSocketChannel.cpp:InitializeConnection():401|Initialized socket buffer with identifier 0x8010a203 (2148573699), file descriptor 19.[EOL]
[2026-09-22T08:30:43.028152Z][RH.newgen-rackhandler][N][2330473][155]CClientSocketChannel.cpp:Connect():196|Connecting to socket with identifier 0x4010a301 (1074832129).[EOL]
[2026-09-22T08:30:43.050150Z][RH.transfer-xyz-gripper][N][2330477][136]CConnectionHandler.cpp:RegisterConnection():104|Socket added to epoll with identifier 0x10a102 (1089794), file descriptor 20.[EOL]
[2026-09-22T08:30:43.059341Z][RH.newgen-samplerecognitioncamera][N][2330473][137]CClientSocketChannel.cpp:Connect():196|Connecting to socket with identifier 0x264 (612).[EOL]
[2026-09-22T08:30:43.028165Z][RH.newgen-rackhandler][N][2330473][155]CClientSocketChannel.cpp:Connect():207|Registering socket connection with identifier 0x4010a301 (1074832129), file descriptor 27.[EOL]
[2026-09-22T08:30:43.050243Z][RH.transfer-xyz-gripper][N][2330476][136]CClientSocketChannel.cpp:InitializeConnection():401|Initialized socket buffer with identifier 0x10a102 (1089794), file descriptor 20.[EOL]
[2026-09-22T08:30:43.059581Z][RH.newgen-samplerecognitioncamera][N][2330473][137]CClientSocketChannel.cpp:Connect():207|Registering socket connection with identifier 0x264 (612), file descriptor 20.[EOL]
[2026-09-22T08:30:43.028171Z][RH.newgen-rackhandler][N][2330477][155]CConnectionHandler.cpp:RegisterConnection():104|Socket added to epoll with identifier 0x4010a301 (1074832129), file descriptor 27.[EOL]
[2026-09-22T08:30:43.050256Z][RH.transfer-xyz-gripper][N][2330473][136]CClientSocketChannel.cpp:Connect():196|Connecting to socket with identifier 0x4010a102 (1074831618).[EOL]
[2026-09-22T08:30:43.059598Z][RH.newgen-samplerecognitioncamera][N][2330477][137]CConnectionHandler.cpp:RegisterConnection():104|Socket added to epoll with identifier 0x264 (612), file descriptor 20.[EOL]
[2026-09-22T08:30:43.028179Z][RH.newgen-rackhandler][N][2330476][155]CClientSocketChannel.cpp:InitializeConnection():401|Initialized socket buffer with identifier 0x4010a301 (1074832129), file descriptor 27.[EOL]
[2026-09-22T08:30:43.050286Z][RH.transfer-xyz-gripper][N][2330473][136]CClientSocketChannel.cpp:Connect():207|Registering socket connection with identifier 0x4010a102 (1074831618), file descriptor 21.[EOL]
[2026-09-22T08:30:43.059609Z][RH.newgen-samplerecognitioncamera][N][2330476][137]CClientSocketChannel.cpp:InitializeConnection():401|Initialized socket buffer with identifier 0x264 (612), file descriptor 20.[EOL]
[2026-09-22T08:30:43.238291Z][RH.newgen-samplerecognitioncamera][W][2330306][137]CRTCyclicEvent.cpp:TimeMissed():101|Cycle miss in event CCSICombinedCmdManager Cyclic Event. Time Overrun is 4181 us[EOL]
[2026-09-22T08:30:43.238335Z][RH.newgen-samplerecognitioncamera][W][2330306][137]CRTCyclicEvent.cpp:TimeMissed():101|Cycle miss in event CCSICombinedRepManager. Time Overrun is 4181 us[EOL]
[2026-09-22T08:30:43.028184Z][RH.newgen-rackhandler][N][2330473][155]CClientSocketChannel.cpp:Connect():196|Connecting to socket with identifier 0x8010a301 (2148573953).[EOL]
[2026-09-22T08:30:43.050294Z][RH.transfer-xyz-gripper][N][2330477][136]CConnectionHandler.cpp:RegisterConnection():104|Socket added to epoll with identifier 0x4010a102 (1074831618), file descriptor 21.[EOL]
[2026-09-22T08:30:43.028198Z][RH.newgen-rackhandler][N][2330473][155]CClientSocketChannel.cpp:Connect():207|Registering socket connection with identifier 0x8010a301 (2148573953), file descriptor 28.[EOL]
[2026-09-22T08:30:43.050302Z][RH.transfer-xyz-gripper][N][2330476][136]CClientSocketChannel.cpp:InitializeConnection():401|Initialized socket buffer with identifier 0x4010a102 (1074831618), file descriptor 21.[EOL]
[2026-09-22T08:30:43.028204Z][RH.newgen-rackhandler][N][2330477][155]CConnectionHandler.cpp:RegisterConnection():104|Socket added to epoll with identifier 0x8010a301 (2148573953), file descriptor 28.[EOL]
[2026-09-22T08:30:43.028210Z][RH.newgen-rackhandler][N][2330476][155]CClientSocketChannel.cpp:InitializeConnection():401|Initialized socket buffer with identifier 0x8010a301 (2148573953), file descriptor 28.[EOL]
[2026-09-22T08:30:43.050308Z][RH.transfer-xyz-gripper][N][2330473][136]CClientSocketChannel.cpp:Connect():196|Connecting to socket with identifier 0x8010a102 (2148573442).[EOL]
[2026-09-22T08:30:43.028216Z][RH.newgen-rackhandler][N][2330473][155]CClientSocketChannel.cpp:Connect():196|Connecting to socket with identifier 0x10a401 (1090561).[EOL]
[2026-09-22T08:30:43.050329Z][RH.transfer-xyz-gripper][N][2330473][136]CClientSocketChannel.cpp:Connect():207|Registering socket connection with identifier 0x8010a102 (2148573442), file descriptor 22.[EOL]
[2026-09-22T08:30:43.028229Z][RH.newgen-rackhandler][N][2330473][155]CClientSocketChannel.cpp:Connect():207|Registering socket connection with identifier 0x10a401 (1090561), file descriptor 29.[EOL]
[2026-09-22T08:30:43.050335Z][RH.transfer-xyz-gripper][N][2330477][136]CConnectionHandler.cpp:RegisterConnection():104|Socket added to epoll with identifier 0x8010a102 (2148573442), file descriptor 22.[EOL]
[2026-09-22T08:30:43.028236Z][RH.newgen-rackhandler][N][2330477][155]CConnectionHandler.cpp:RegisterConnection():104|Socket added to epoll with identifier 0x10a401 (1090561), file descriptor 29.[EOL]
[2026-09-22T08:30:43.050342Z][RH.transfer-xyz-gripper][N][2330476][136]CClientSocketChannel.cpp:InitializeConnection():401|Initialized socket buffer with identifier 0x8010a102 (2148573442), file descriptor 22.[EOL]
[2026-09-22T08:30:43.050349Z][RH.transfer-xyz-gripper][N][2330473][136]CClientSocketChannel.cpp:Connect():196|Connecting to socket with identifier 0x10a103 (1089795).[EOL]
[2026-09-22T08:30:43.028243Z][RH.newgen-rackhandler][N][2330476][155]CClientSocketChannel.cpp:InitializeConnection():401|Initialized socket buffer with identifier 0x10a401 (1090561), file descriptor 29.[EOL]
[2026-09-22T08:30:43.050362Z][RH.transfer-xyz-gripper][N][2330473][136]CClientSocketChannel.cpp:Connect():207|Registering socket connection with identifier 0x10a103 (1089795), file descriptor 23.[EOL]
[2026-09-22T08:30:43.028249Z][RH.newgen-rackhandler][N][2330473][155]CClientSocketChannel.cpp:Connect():196|Connecting to socket with identifier 0x4010a401 (1074832385).[EOL]
[2026-09-22T08:30:43.050368Z][RH.transfer-xyz-gripper][N][2330477][136]CConnectionHandler.cpp:RegisterConnection():104|Socket added to epoll with identifier 0x10a103 (1089795), file descriptor 23.[EOL]
[2026-09-22T08:30:43.028327Z][RH.newgen-rackhandler][N][2330473][155]CClientSocketChannel.cpp:Connect():207|Registering socket connection with identifier 0x4010a401 (1074832385), file descriptor 30.[EOL]
[2026-09-22T08:30:43.050375Z][RH.transfer-xyz-gripper][N][2330476][136]CClientSocketChannel.cpp:InitializeConnection():401|Initialized socket buffer with identifier 0x10a103 (1089795), file descriptor 23.[EOL]
[2026-09-22T08:30:43.028338Z][RH.newgen-rackhandler][N][2330477][155]CConnectionHandler.cpp:RegisterConnection():104|Socket added to epoll with identifier 0x4010a401 (1074832385), file descriptor 30.[EOL]
[2026-09-22T08:30:43.050380Z][RH.transfer-xyz-gripper][N][2330473][136]CClientSocketChannel.cpp:Connect():196|Connecting to socket with identifier 0x4010a103 (1074831619).[EOL]
[2026-09-22T08:30:43.050394Z][RH.transfer-xyz-gripper][N][2330473][136]CClientSocketChannel.cpp:Connect():207|Registering socket connection with identifier 0x4010a103 (1074831619), file descriptor 24.[EOL]
[2026-09-22T08:30:43.050400Z][RH.transfer-xyz-gripper][N][2330477][136]CConnectionHandler.cpp:RegisterConnection():104|Socket added to epoll with identifier 0x4010a103 (1074831619), file descriptor 24.[EOL]
[2026-09-22T08:30:43.050406Z][RH.transfer-xyz-gripper][N][2330476][136]CClientSocketChannel.cpp:InitializeConnection():401|Initialized socket buffer with identifier 0x4010a103 (1074831619), file descriptor 24.[EOL]
[2026-09-22T08:30:43.050411Z][RH.transfer-xyz-gripper][N][2330473][136]CClientSocketChannel.cpp:Connect():196|Connecting to socket with identifier 0x8010a103 (2148573443).[EOL]
[2026-09-22T08:30:43.050425Z][RH.transfer-xyz-gripper][N][2330473][136]CClientSocketChannel.cpp:Connect():207|Registering socket connection with identifier 0x8010a103 (2148573443), file descriptor 25.[EOL]
[2026-09-22T08:30:43.050431Z][RH.transfer-xyz-gripper][N][2330477][136]CConnectionHandler.cpp:RegisterConnection():104|Socket added to epoll with identifier 0x8010a103 (2148573443), file descriptor 25.[EOL]
[2026-09-22T08:30:43.050438Z][RH.transfer-xyz-gripper][N][2330476][136]CClientSocketChannel.cpp:InitializeConnection():401|Initialized socket buffer with identifier 0x8010a103 (2148573443), file descriptor 25.[EOL]
[2026-09-22T08:30:43.050460Z][RH.transfer-xyz-gripper][N][2330473][136]CClientSocketChannel.cpp:Connect():196|Connecting to socket with identifier 0x262 (610).[EOL]
[2026-09-22T08:30:43.050501Z][RH.transfer-xyz-gripper][N][2330473][136]CClientSocketChannel.cpp:Connect():207|Registering socket connection with identifier 0x262 (610), file descriptor 26.[EOL]
[2026-09-22T08:30:43.050517Z][RH.transfer-xyz-gripper][N][2330477][136]CConnectionHandler.cpp:RegisterConnection():104|Socket added to epoll with identifier 0x262 (610), file descriptor 26.[EOL]
[2026-09-22T08:30:43.028347Z][RH.newgen-rackhandler][N][2330476][155]CClientSocketChannel.cpp:InitializeConnection():401|Initialized socket buffer with identifier 0x4010a401 (1074832385), file descriptor 30.[EOL]
[2026-09-22T08:30:43.050527Z][RH.transfer-xyz-gripper][N][2330476][136]CClientSocketChannel.cpp:InitializeConnection():401|Initialized socket buffer with identifier 0x262 (610), file descriptor 26.[EOL]
[2026-09-22T08:30:43.028353Z][RH.newgen-rackhandler][N][2330473][155]CClientSocketChannel.cpp:Connect():196|Connecting to socket with identifier 0x8010a401 (2148574209).[EOL]
[2026-09-22T08:30:43.028368Z][RH.newgen-rackhandler][N][2330473][155]CClientSocketChannel.cpp:Connect():207|Registering socket connection with identifier 0x8010a401 (2148574209), file descriptor 31.[EOL]
[2026-09-22T08:30:43.028375Z][RH.newgen-rackhandler][N][2330477][155]CConnectionHandler.cpp:RegisterConnection():104|Socket added to epoll with identifier 0x8010a401 (2148574209), file descriptor 31.[EOL]
[2026-09-22T08:30:43.028381Z][RH.newgen-rackhandler][N][2330476][155]CClientSocketChannel.cpp:InitializeConnection():401|Initialized socket buffer with identifier 0x8010a401 (2148574209), file descriptor 31.[EOL]
[2026-09-22T08:30:43.028387Z][RH.newgen-rackhandler][N][2330473][155]CClientSocketChannel.cpp:Connect():196|Connecting to socket with identifier 0x10a402 (1090562).[EOL]
[2026-09-22T08:30:43.028400Z][RH.newgen-rackhandler][N][2330473][155]CClientSocketChannel.cpp:Connect():207|Registering socket connection with identifier 0x10a402 (1090562), file descriptor 32.[EOL]
[2026-09-22T08:30:43.028409Z][RH.newgen-rackhandler][N][2330477][155]CConnectionHandler.cpp:RegisterConnection():104|Socket added to epoll with identifier 0x10a402 (1090562), file descriptor 32.[EOL]
[2026-09-22T08:30:43.028415Z][RH.newgen-rackhandler][N][2330476][155]CClientSocketChannel.cpp:InitializeConnection():401|Initialized socket buffer with identifier 0x10a402 (1090562), file descriptor 32.[EOL]
[2026-09-22T08:30:43.028420Z][RH.newgen-rackhandler][N][2330473][155]CClientSocketChannel.cpp:Connect():196|Connecting to socket with identifier 0x4010a402 (1074832386).[EOL]
[2026-09-22T08:30:43.028771Z][RH.newgen-rackhandler][N][2330473][155]CClientSocketChannel.cpp:Connect():207|Registering socket connection with identifier 0x4010a402 (1074832386), file descriptor 33.[EOL]
[2026-09-22T08:30:43.028790Z][RH.newgen-rackhandler][N][2330477][155]CConnectionHandler.cpp:RegisterConnection():104|Socket added to epoll with identifier 0x4010a402 (1074832386), file descriptor 33.[EOL]
[2026-09-22T08:30:43.028803Z][RH.newgen-rackhandler][N][2330476][155]CClientSocketChannel.cpp:InitializeConnection():401|Initialized socket buffer with identifier 0x4010a402 (1074832386), file descriptor 33.[EOL]
[2026-09-22T08:30:43.028812Z][RH.newgen-rackhandler][N][2330473][155]CClientSocketChannel.cpp:Connect():196|Connecting to socket with identifier 0x8010a402 (2148574210).[EOL]
[2026-09-22T08:30:43.028831Z][RH.newgen-rackhandler][N][2330473][155]CClientSocketChannel.cpp:Connect():207|Registering socket connection with identifier 0x8010a402 (2148574210), file descriptor 34.[EOL]
[2026-09-22T08:30:43.028838Z][RH.newgen-rackhandler][N][2330477][155]CConnectionHandler.cpp:RegisterConnection():104|Socket added to epoll with identifier 0x8010a402 (2148574210), file descriptor 34.[EOL]
[2026-09-22T08:30:43.028848Z][RH.newgen-rackhandler][N][2330476][155]CClientSocketChannel.cpp:InitializeConnection():401|Initialized socket buffer with identifier 0x8010a402 (2148574210), file descriptor 34.[EOL]
[2026-09-22T08:30:43.028856Z][RH.newgen-rackhandler][N][2330473][155]CClientSocketChannel.cpp:Connect():196|Connecting to socket with identifier 0x10a403 (1090563).[EOL]
[2026-09-22T08:30:43.028870Z][RH.newgen-rackhandler][N][2330473][155]CClientSocketChannel.cpp:Connect():207|Registering socket connection with identifier 0x10a403 (1090563), file descriptor 35.[EOL]
[2026-09-22T08:30:43.028876Z][RH.newgen-rackhandler][N][2330477][155]CConnectionHandler.cpp:RegisterConnection():104|Socket added to epoll with identifier 0x10a403 (1090563), file descriptor 35.[EOL]
[2026-09-22T08:30:43.028883Z][RH.newgen-rackhandler][N][2330476][155]CClientSocketChannel.cpp:InitializeConnection():401|Initialized socket buffer with identifier 0x10a403 (1090563), file descriptor 35.[EOL]
[2026-09-22T08:30:43.028889Z][RH.newgen-rackhandler][N][2330473][155]CClientSocketChannel.cpp:Connect():196|Connecting to socket with identifier 0x4010a403 (1074832387).[EOL]
[2026-09-22T08:30:43.028904Z][RH.newgen-rackhandler][N][2330473][155]CClientSocketChannel.cpp:Connect():207|Registering socket connection with identifier 0x4010a403 (1074832387), file descriptor 36.[EOL]
[2026-09-22T08:30:43.028910Z][RH.newgen-rackhandler][N][2330477][155]CConnectionHandler.cpp:RegisterConnection():104|Socket added to epoll with identifier 0x4010a403 (1074832387), file descriptor 36.[EOL]
[2026-09-22T08:30:43.028917Z][RH.newgen-rackhandler][N][2330476][155]CClientSocketChannel.cpp:InitializeConnection():401|Initialized socket buffer with identifier 0x4010a403 (1074832387), file descriptor 36.[EOL]
[2026-09-22T08:30:43.028922Z][RH.newgen-rackhandler][N][2330473][155]CClientSocketChannel.cpp:Connect():196|Connecting to socket with identifier 0x8010a403 (2148574211).[EOL]
[2026-09-22T08:30:43.028936Z][RH.newgen-rackhandler][N][2330473][155]CClientSocketChannel.cpp:Connect():207|Registering socket connection with identifier 0x8010a403 (2148574211), file descriptor 37.[EOL]
[2026-09-22T08:30:43.028942Z][RH.newgen-rackhandler][N][2330477][155]CConnectionHandler.cpp:RegisterConnection():104|Socket added to epoll with identifier 0x8010a403 (2148574211), file descriptor 37.[EOL]
[2026-09-22T08:30:43.028948Z][RH.newgen-rackhandler][N][2330476][155]CClientSocketChannel.cpp:InitializeConnection():401|Initialized socket buffer with identifier 0x8010a403 (2148574211), file descriptor 37.[EOL]
[2026-09-22T08:30:43.028973Z][RH.newgen-rackhandler][N][2330473][155]CClientSocketChannel.cpp:Connect():196|Connecting to socket with identifier 0x261 (609).[EOL]
[2026-09-22T08:30:43.028991Z][RH.newgen-rackhandler][N][2330473][155]CClientSocketChannel.cpp:Connect():207|Registering socket connection with identifier 0x261 (609), file descriptor 38.[EOL]
[2026-09-22T08:30:43.028998Z][RH.newgen-rackhandler][N][2330477][155]CConnectionHandler.cpp:RegisterConnection():104|Socket added to epoll with identifier 0x261 (609), file descriptor 38.[EOL]
[2026-09-22T08:30:43.029005Z][RH.newgen-rackhandler][N][2330476][155]CClientSocketChannel.cpp:InitializeConnection():401|Initialized socket buffer with identifier 0x261 (609), file descriptor 38.[EOL]
[2026-09-22T08:30:43.029015Z][RH.newgen-rackhandler][N][2330473][155]CClientSocketChannel.cpp:Connect():196|Connecting to socket with identifier 0x264 (612).[EOL]
[2026-09-22T08:30:43.029249Z][RH.newgen-rackhandler][N][2330473][155]CClientSocketChannel.cpp:Connect():207|Registering socket connection with identifier 0x264 (612), file descriptor 39.[EOL]
[2026-09-22T08:30:43.029271Z][RH.newgen-rackhandler][N][2330477][155]CConnectionHandler.cpp:RegisterConnection():104|Socket added to epoll with identifier 0x264 (612), file descriptor 39.[EOL]
[2026-09-22T08:30:43.029338Z][RH.newgen-rackhandler][N][2330476][155]CClientSocketChannel.cpp:InitializeConnection():401|Initialized socket buffer with identifier 0x264 (612), file descriptor 39.[EOL]
[2026-09-22T08:30:43.029358Z][RH.newgen-rackhandler][N][2330473][155]CClientSocketChannel.cpp:Connect():196|Connecting to socket with identifier 0x262 (610).[EOL]
[2026-09-22T08:30:43.029479Z][RH.newgen-rackhandler][N][2330473][155]CClientSocketChannel.cpp:Connect():207|Registering socket connection with identifier 0x262 (610), file descriptor 40.[EOL]
[2026-09-22T08:30:43.029497Z][RH.newgen-rackhandler][N][2330477][155]CConnectionHandler.cpp:RegisterConnection():104|Socket added to epoll with identifier 0x262 (610), file descriptor 40.[EOL]
[2026-09-22T08:30:43.029560Z][RH.newgen-rackhandler][N][2330476][155]CClientSocketChannel.cpp:InitializeConnection():401|Initialized socket buffer with identifier 0x262 (610), file descriptor 40.[EOL]
[2026-09-22T08:30:43.096680Z][RH.newgen-rackhandler][N][0][155]CExecuteConnectCommandStep.cpp:HandleObservedReport():37|CConnectCommand was successful: Client connections established.[EOL]
[2026-09-22T08:30:43.096843Z][RH.newgen-rackhandler][I][2330779][155]CMAMRetrieveDataStep.cpp:OnGetAllDataItems():62|Getting persistent Data Pool[EOL]
[2026-09-22T08:30:43.469729Z][RH.newgen-rackhandler][I][2330780][155]CMAMRetrieveDataStep.cpp:OnGetAllDataItems():75|Getting persistent Parameter Pool[EOL]
[2026-09-22T08:30:43.507446Z][RH.newgen-rackhandler][I][2330781][155]CMAMRetrieveDataStep.cpp:OnGetAllDataItems():89|Retrieved all MAM data[EOL]
[2026-09-22T08:30:43.539980Z][RH.transfer-xyz-gripper][I][1339002][136]CPrepareProcedure.cpp:SetParameter():81|The Prepare procedure has no parameters.[EOL]
[2026-09-22T08:30:43.538325Z][RH.newgen-samplerecognitioncamera][W][2330306][137]CRTCyclicEvent.cpp:TimeMissed():101|Cycle miss in event CCSICombinedCmdManager Cyclic Event. Time Overrun is 4216 us[EOL]
[2026-09-22T08:30:43.540434Z][RH.transfer-xyz-gripper][N][2330072][136]CMessageBrokerEventHelper.cpp:SendModuleStateChangedEvent():34|Raise ModuleStateChanged Event: OriginatorId 0, ModuleState ModuleState_Preparing (1), OldModuleState ModuleState_InitialValue (0)[EOL]
[2026-09-22T08:30:43.538364Z][RH.newgen-samplerecognitioncamera][W][2330306][137]CRTCyclicEvent.cpp:TimeMissed():101|Cycle miss in event CCSICombinedRepManager. Time Overrun is 4216 us[EOL]
[2026-09-22T08:30:43.540553Z][RH.transfer-xyz-gripper][I][2330779][136]CMAMRetrieveDataStep.cpp:OnGetAllDataItems():62|Getting persistent Data Pool[EOL]
[2026-09-22T08:30:43.540565Z][RH.transfer-xyz-gripper][I][2330780][136]CMAMRetrieveDataStep.cpp:OnGetAllDataItems():75|Getting persistent Parameter Pool[EOL]
[2026-09-22T08:30:43.691506Z][RH.transfer-xyz-gripper][W][2330306][136]CRTCyclicEvent.cpp:TimeMissed():101|Cycle miss in event CCSICombinedCmdManager Cyclic Event. Time Overrun is 2255 us[EOL]
[2026-09-22T08:30:43.691543Z][RH.transfer-xyz-gripper][W][2330306][136]CRTCyclicEvent.cpp:TimeMissed():101|Cycle miss in event CCSICombinedRepManager. Time Overrun is 2255 us[EOL]
[2026-09-22T08:30:43.665767Z][RH.newgen-samplerecognitioncamera][W][2330306][137]CRTCyclicEvent.cpp:TimeMissed():101|Cycle miss in event CCSICombinedCmdManager Cyclic Event. Time Overrun is 1657 us[EOL]
[2026-09-22T08:30:43.665805Z][RH.newgen-samplerecognitioncamera][W][2330306][137]CRTCyclicEvent.cpp:TimeMissed():101|Cycle miss in event CCSICombinedRepManager. Time Overrun is 1657 us[EOL]
[2026-09-22T08:30:43.729997Z][RH.newgen-samplerecognitioncamera][I][2800077][137]CPrepareProcedure.cpp:SetParameter():31|Procedure Prepare loaded. Parameters: No Parameters![EOL]
[2026-09-22T08:30:43.740649Z][RH.newgen-samplerecognitioncamera][I][2800012][137]CASStateMachine.cpp:ReportStateChange():120|State changed to 1 (from 0)[EOL]
[2026-09-22T08:30:43.740808Z][RH.newgen-samplerecognitioncamera][N][2330072][137]CMessageBrokerEventHelper.cpp:SendModuleStateChangedEvent():34|Raise ModuleStateChanged Event: OriginatorId 0, ModuleState ModuleState_Preparing (1), OldModuleState ModuleState_InitialValue (0)[EOL]
[2026-09-22T08:30:43.741001Z][RH.newgen-samplerecognitioncamera][I][2330779][137]CMAMRetrieveDataStep.cpp:OnGetAllDataItems():62|Getting persistent Data Pool[EOL]
[2026-09-22T08:30:43.741014Z][RH.newgen-samplerecognitioncamera][I][2330780][137]CMAMRetrieveDataStep.cpp:OnGetAllDataItems():75|Getting persistent Parameter Pool[EOL]
[2026-09-22T08:30:43.822529Z][RH.newgen-samplerecognitioncamera][W][2330306][137]CRTCyclicEvent.cpp:TimeMissed():101|Cycle miss in event CCSICombinedCmdManager Cyclic Event. Time Overrun is 18421 us[EOL]
[2026-09-22T08:30:43.822556Z][RH.newgen-samplerecognitioncamera][W][2330306][137]CRTCyclicEvent.cpp:TimeMissed():101|Cycle miss in event CCSICombinedRepManager. Time Overrun is 18421 us[EOL]
[2026-09-22T08:30:43.815312Z][RH.transfer-xyz-gripper][W][2330306][136]CRTCyclicEvent.cpp:TimeMissed():101|Cycle miss in event CCSICombinedCmdManager Cyclic Event. Time Overrun is 6064 us[EOL]
[2026-09-22T08:30:43.815371Z][RH.transfer-xyz-gripper][W][2330306][136]CRTCyclicEvent.cpp:TimeMissed():101|Cycle miss in event CCSICombinedRepManager. Time Overrun is 6064 us[EOL]
[2026-09-22T08:30:43.883773Z][RH.transfer-xyz-gripper][I][2330781][136]CMAMRetrieveDataStep.cpp:OnGetAllDataItems():89|Retrieved all MAM data[EOL]
[2026-09-22T08:30:43.884365Z][RH.transfer-xyz-gripper][I][1009001][136]CConfigureOneMotorDeviceIntProcedure.cpp:SetParameter():147|MotionDevice 0[EOL]
[2026-09-22T08:30:43.884416Z][RH.transfer-xyz-gripper][I][1009001][136]CConfigureOneMotorDeviceIntProcedure.cpp:SetParameter():147|MotionDevice 1[EOL]
[2026-09-22T08:30:43.884431Z][RH.transfer-xyz-gripper][I][1009001][136]CConfigureOneMotorDeviceIntProcedure.cpp:SetParameter():147|MotionDevice 2[EOL]
[2026-09-22T08:30:44.032999Z][RH.transfer-xyz-gripper][W][2330306][136]CRTCyclicEvent.cpp:TimeMissed():101|Cycle miss in event CCSICombinedCmdManager Cyclic Event. Time Overrun is 3750 us[EOL]
[2026-09-22T08:30:44.033024Z][RH.transfer-xyz-gripper][W][2330306][136]CRTCyclicEvent.cpp:TimeMissed():101|Cycle miss in event CCSICombinedRepManager. Time Overrun is 3750 us[EOL]
[2026-09-22T08:30:44.000145Z][RH.newgen-samplerecognitioncamera][I][2330781][137]CMAMRetrieveDataStep.cpp:OnGetAllDataItems():89|Retrieved all MAM data[EOL]
[2026-09-22T08:30:44.239311Z][RH.transfer-xyz-gripper][W][2330306][136]CRTCyclicEvent.cpp:TimeMissed():101|Cycle miss in event CCSICombinedCmdManager Cyclic Event. Time Overrun is 59 us[EOL]
[2026-09-22T08:30:44.000548Z][RH.newgen-samplerecognitioncamera][I][2800077][137]CCheckAndSetCameraTypeProcedure.cpp:SetParameter():26|Procedure CheckAndSetCameraType Procedure loaded. Parameters: No Parameters![EOL]
[2026-09-22T08:30:44.239348Z][RH.transfer-xyz-gripper][W][2330306][136]CRTCyclicEvent.cpp:TimeMissed():101|Cycle miss in event CCSICombinedRepManager. Time Overrun is 59 us[EOL]
[2026-09-22T08:30:44.000646Z][RH.newgen-samplerecognitioncamera][I][2800079][137]CCheckAndSetCameraTypeStep.cpp:DoStep():23|COGNEX CameraInfo  - Detecting camera type...[EOL]
[2026-09-22T08:30:44.000791Z][RH.newgen-samplerecognitioncamera][I][2800081][137]CCognexETH.cpp:CheckConnection():53|COGNEX ConnectInfo - Ethernet: Try to connect to IP:192.168.102.50, Port:3000[EOL]
[2026-09-22T08:30:43.814653Z][RH.newgen-rackhandler][W][2330306][155]CRTCyclicEvent.cpp:TimeMissed():101|Cycle miss in event CCSICombinedCmdManager Cyclic Event. Time Overrun is 25421 us[EOL]
[2026-09-22T08:30:44.032707Z][RH.newgen-samplerecognitioncamera][W][2330306][137]CRTCyclicEvent.cpp:TimeMissed():101|Cycle miss in event CCSICombinedCmdManager Cyclic Event. Time Overrun is 8595 us[EOL]
[2026-09-22T08:30:44.032758Z][RH.newgen-samplerecognitioncamera][W][2330306][137]CRTCyclicEvent.cpp:TimeMissed():101|Cycle miss in event CCSICombinedRepManager. Time Overrun is 8595 us[EOL]
[2026-09-22T08:30:44.278275Z][RH.newgen-samplerecognitioncamera][W][2330306][137]CRTCyclicEvent.cpp:TimeMissed():101|Cycle miss in event CCSICombinedCmdManager Cyclic Event. Time Overrun is 4161 us[EOL]
[2026-09-22T08:30:44.278336Z][RH.newgen-samplerecognitioncamera][W][2330306][137]CRTCyclicEvent.cpp:TimeMissed():101|Cycle miss in event CCSICombinedRepManager. Time Overrun is 4161 us[EOL]
[2026-09-22T08:30:44.033350Z][RH.newgen-rackhandler][W][2330306][155]CRTCyclicEvent.cpp:TimeMissed():101|Cycle miss in event CCSICombinedCmdManager Cyclic Event. Time Overrun is 4124 us[EOL]
[2026-09-22T08:30:44.364304Z][RH.transfer-xyz-gripper][W][2330306][136]CRTCyclicEvent.cpp:TimeMissed():101|Cycle miss in event CCSICombinedCmdManager Cyclic Event. Time Overrun is 5038 us[EOL]
[2026-09-22T08:30:44.364372Z][RH.transfer-xyz-gripper][W][2330306][136]CRTCyclicEvent.cpp:TimeMissed():101|Cycle miss in event CCSICombinedRepManager. Time Overrun is 5038 us[EOL]
[2026-09-22T08:30:44.706528Z][RH.newgen-samplerecognitioncamera][W][2330306][137]CRTCyclicEvent.cpp:TimeMissed():101|Cycle miss in event CCSICombinedCmdManager Cyclic Event. Time Overrun is 2419 us[EOL]
[2026-09-22T08:30:44.706591Z][RH.newgen-samplerecognitioncamera][W][2330306][137]CRTCyclicEvent.cpp:TimeMissed():101|Cycle miss in event CCSICombinedRepManager. Time Overrun is 2419 us[EOL]
[2026-09-22T08:30:44.784296Z][RH.transfer-xyz-gripper][W][2330306][136]CRTCyclicEvent.cpp:TimeMissed():101|Cycle miss in event CCSICombinedCmdManager Cyclic Event. Time Overrun is 5042 us[EOL]
[2026-09-22T08:30:44.784331Z][RH.transfer-xyz-gripper][W][2330306][136]CRTCyclicEvent.cpp:TimeMissed():101|Cycle miss in event CCSICombinedRepManager. Time Overrun is 5042 us[EOL]
[2026-09-22T08:30:44.824546Z][RH.newgen-samplerecognitioncamera][W][2330306][137]CRTCyclicEvent.cpp:TimeMissed():101|Cycle miss in event CCSICombinedCmdManager Cyclic Event. Time Overrun is 438 us[EOL]
[2026-09-22T08:30:44.824578Z][RH.newgen-samplerecognitioncamera][W][2330306][137]CRTCyclicEvent.cpp:TimeMissed():101|Cycle miss in event CCSICombinedRepManager. Time Overrun is 438 us[EOL]
[2026-09-22T08:30:45.025365Z][RH.transfer-xyz-gripper][W][2330306][136]CRTCyclicEvent.cpp:TimeMissed():101|Cycle miss in event CCSICombinedCmdManager Cyclic Event. Time Overrun is 6117 us[EOL]
[2026-09-22T08:30:45.025403Z][RH.transfer-xyz-gripper][W][2330306][136]CRTCyclicEvent.cpp:TimeMissed():101|Cycle miss in event CCSICombinedRepManager. Time Overrun is 6117 us[EOL]
[2026-09-22T08:30:45.134601Z][RH.transfer-xyz-gripper][I][1009050][136]CGetSingleBitInputStateStep.cpp:ReportReceived():117|The received signal level is SignalLevel_H_L_Enum_High (1)[EOL]
[2026-09-22T08:30:45.200724Z][RH.newgen-rackhandler][W][2330306][155]CRTCyclicEvent.cpp:TimeMissed():101|Cycle miss in event CCSICombinedCmdManager Cyclic Event. Time Overrun is 1498 us[EOL]
[2026-09-22T08:30:45.265385Z][RH.transfer-xyz-gripper][I][1009050][136]CGetSingleBitInputStateStep.cpp:ReportReceived():117|The received signal level is SignalLevel_H_L_Enum_Low (0)[EOL]
[2026-09-22T08:30:45.304874Z][RH.transfer-xyz-gripper][W][2330306][136]CRTCyclicEvent.cpp:TimeMissed():101|Cycle miss in event CCSICombinedCmdManager Cyclic Event. Time Overrun is 5621 us[EOL]
[2026-09-22T08:30:45.304921Z][RH.transfer-xyz-gripper][W][2330306][136]CRTCyclicEvent.cpp:TimeMissed():101|Cycle miss in event CCSICombinedRepManager. Time Overrun is 5621 us[EOL]
[2026-09-22T08:30:45.328114Z][RH.transfer-xyz-gripper][I][1009050][136]CGetSingleBitInputStateStep.cpp:ReportReceived():117|The received signal level is SignalLevel_H_L_Enum_Low (0)[EOL]
[2026-09-22T08:30:45.339277Z][RH.transfer-xyz-gripper][I][1009050][136]CGetSingleBitInputStateStep.cpp:ReportReceived():117|The received signal level is SignalLevel_H_L_Enum_High (1)[EOL]
[2026-09-22T08:30:45.368096Z][RH.transfer-xyz-gripper][I][1009050][136]CGetSingleBitInputStateStep.cpp:ReportReceived():117|The received signal level is SignalLevel_H_L_Enum_Low (0)[EOL]
[2026-09-22T08:30:45.405606Z][RH.transfer-xyz-gripper][I][1009050][136]CGetSingleBitInputStateStep.cpp:ReportReceived():117|The received signal level is SignalLevel_H_L_Enum_Low (0)[EOL]
[2026-09-22T08:30:45.437951Z][RH.transfer-xyz-gripper][I][1009050][136]CGetSingleBitInputStateStep.cpp:ReportReceived():117|The received signal level is SignalLevel_H_L_Enum_Low (0)[EOL]
[2026-09-22T08:30:45.459714Z][RH.transfer-xyz-gripper][I][1009050][136]CGetSingleBitInputStateStep.cpp:ReportReceived():117|The received signal level is SignalLevel_H_L_Enum_Low (0)[EOL]
[2026-09-22T08:30:45.477976Z][RH.transfer-xyz-gripper][N][2330072][136]CMessageBrokerEventHelper.cpp:SendModuleStateChangedEvent():34|Raise ModuleStateChanged Event: OriginatorId 0, ModuleState ModuleState_Prepared (2), OldModuleState ModuleState_Preparing (1)[EOL]
[2026-09-22T08:30:45.478923Z][RH.newgen-rackhandler][I][1780083][155]CAcquireRackHandlerTeachDataProcedure.cpp:ParameterInfo():81|Procedure ProcTypeId_AcquireRackHandlerTeachData (1780036) loaded. Parameters: [EOL]
[2026-09-22T08:30:45.479635Z][RH.transfer-xyz-gripper][I][1293004][136]CGetTeachedDataProcedure.cpp:SetParameter():56|ReferencePointID 2037[EOL]
[2026-09-22T08:30:45.479907Z][RH.transfer-xyz-gripper][I][1294001][136]CGenericPositioningEventHelper.cpp:SendSingleReferencePointResultEvent():43|OriginatorId 0, ReferencePointID 2037, XTeachDeviation 0.000000, YTeachDeviation 0.000000, ZTeachDeviation 0.000000, TeachState 2[EOL]
[2026-09-22T08:30:45.480548Z][RH.transfer-xyz-gripper][I][1293004][136]CGetTeachedDataProcedure.cpp:SetParameter():56|ReferencePointID 2038[EOL]
[2026-09-22T08:30:45.480720Z][RH.transfer-xyz-gripper][I][1294001][136]CGenericPositioningEventHelper.cpp:SendSingleReferencePointResultEvent():43|OriginatorId 0, ReferencePointID 2038, XTeachDeviation 0.000000, YTeachDeviation 0.000000, ZTeachDeviation 0.000000, TeachState 2[EOL]
[2026-09-22T08:30:45.481260Z][RH.transfer-xyz-gripper][I][1293004][136]CGetTeachedDataProcedure.cpp:SetParameter():56|ReferencePointID 2039[EOL]
[2026-09-22T08:30:45.481425Z][RH.transfer-xyz-gripper][I][1294001][136]CGenericPositioningEventHelper.cpp:SendSingleReferencePointResultEvent():43|OriginatorId 0, ReferencePointID 2039, XTeachDeviation 0.000000, YTeachDeviation 0.000000, ZTeachDeviation 0.000000, TeachState 2[EOL]
[2026-09-22T08:30:45.481970Z][RH.newgen-rackhandler][I][1780061][155]CAcquireRackHandlerTeachDataProcedure.cpp:CallbackSendTeachDataAcquired():137|TeachStatus of ModId_Transfer (2) is set to 1[EOL]
[2026-09-22T08:30:45.482025Z][RH.newgen-rackhandler][I][844444436][155]UnitCommunicator.cpp:SendEvent():424|Publishing event: type=Roche.c68_8800.RackHandler.RackHandlerTeachDataAcquired correlation_id=(n/a)[EOL]
[2026-09-22T08:30:45.482158Z][RH.newgen-rackhandler][I][2560017][155]MessageSender.h:SendEvent():105|Sent RabbitMqEvent Roche.c68_8800.RackHandler.RackHandlerTeachDataAcquired. Content: {"Timestamp":"2026-09-22T08:30:45.482016Z","ReferencePoints":[{"ReferencePointId":2037,"ReferencePointName":"RackHandler_1","RelativeShiftX":0.0,"RelativeShiftY":0.0,"RelativeShiftZ":0.0,"IsTaught":true},{"ReferencePointId":2038,"ReferencePointName":"RackHandler_2","RelativeShiftX":0.0,"RelativeShiftY":0.0,"RelativeShiftZ":0.0,"IsTaught":true},{"ReferencePointId":2039,"ReferencePointName":"RackHandler_InOutSSM","RelativeShiftX":0.0,"RelativeShiftY":0.0,"RelativeShiftZ":0.0,"IsTaught":true}]}[EOL]
[2026-09-22T08:30:45.482557Z][RH.newgen-rackhandler][I][1009001][155]CConfigureOneMotorDeviceIntProcedure.cpp:SetParameter():147|MotionDevice 2[EOL]
[2026-09-22T08:30:45.584778Z][RH.transfer-xyz-gripper][W][2330306][136]CRTCyclicEvent.cpp:TimeMissed():101|Cycle miss in event CCSICombinedCmdManager Cyclic Event. Time Overrun is 5528 us[EOL]
[2026-09-22T08:30:45.585076Z][RH.newgen-rackhandler][W][2330306][155]CRTCyclicEvent.cpp:TimeMissed():101|Cycle miss in event CCSICombinedCmdManager Cyclic Event. Time Overrun is 5848 us[EOL]
[2026-09-22T08:30:45.584813Z][RH.transfer-xyz-gripper][W][2330306][136]CRTCyclicEvent.cpp:TimeMissed():101|Cycle miss in event CCSICombinedRepManager. Time Overrun is 5528 us[EOL]
[2026-09-22T08:30:45.687652Z][RH.newgen-samplerecognitioncamera][W][2330306][137]CRTCyclicEvent.cpp:TimeMissed():101|Cycle miss in event CCSICombinedCmdManager Cyclic Event. Time Overrun is 3536 us[EOL]
[2026-09-22T08:30:45.687725Z][RH.newgen-samplerecognitioncamera][W][2330306][137]CRTCyclicEvent.cpp:TimeMissed():101|Cycle miss in event CCSICombinedRepManager. Time Overrun is 3536 us[EOL]
[2026-09-22T08:30:45.831822Z][RH.newgen-rackhandler][I][1009001][155]CConfigureOneMotorDeviceIntProcedure.cpp:SetParameter():147|MotionDevice 1[EOL]
[2026-09-22T08:30:46.005910Z][RH.newgen-rackhandler][I][1009001][155]CConfigureOneMotorDeviceIntProcedure.cpp:SetParameter():147|MotionDevice 0[EOL]
[2026-09-22T08:30:46.900515Z][RH.newgen-rackhandler][W][2330306][155]CRTCyclicEvent.cpp:TimeMissed():101|Cycle miss in event CCSICombinedCmdManager Cyclic Event. Time Overrun is 1280 us[EOL]
[2026-09-22T08:30:48.629465Z][RH.transfer-xyz-gripper][W][2330306][136]CRTCyclicEvent.cpp:TimeMissed():101|Cycle miss in event CCSICombinedCmdManager Cyclic Event. Time Overrun is 215 us[EOL]
[2026-09-22T08:30:48.629570Z][RH.transfer-xyz-gripper][W][2330306][136]CRTCyclicEvent.cpp:TimeMissed():101|Cycle miss in event CCSICombinedRepManager. Time Overrun is 215 us[EOL]
[2026-09-22T08:30:50.044313Z][RH.transfer-xyz-gripper][W][2330306][136]CRTCyclicEvent.cpp:TimeMissed():101|Cycle miss in event CCSICombinedCmdManager Cyclic Event. Time Overrun is 35066 us[EOL]
[2026-09-22T08:30:50.044345Z][RH.transfer-xyz-gripper][W][2330306][136]CRTCyclicEvent.cpp:TimeMissed():101|Cycle miss in event CCSICombinedRepManager. Time Overrun is 35066 us[EOL]
[2026-09-22T08:30:50.151217Z][RH.newgen-rackhandler][W][2330306][155]CRTCyclicEvent.cpp:TimeMissed():101|Cycle miss in event CCSICombinedCmdManager Cyclic Event. Time Overrun is 51944 us[EOL]
[2026-09-22T08:30:50.362806Z][RH.transfer-xyz-gripper][W][2330306][136]CRTCyclicEvent.cpp:TimeMissed():101|Cycle miss in event CCSICombinedCmdManager Cyclic Event. Time Overrun is 43525 us[EOL]
[2026-09-22T08:30:50.362828Z][RH.transfer-xyz-gripper][W][2330306][136]CRTCyclicEvent.cpp:TimeMissed():101|Cycle miss in event CCSICombinedRepManager. Time Overrun is 43525 us[EOL]
[2026-09-22T08:30:50.458355Z][RH.newgen-rackhandler][W][2330306][155]CRTCyclicEvent.cpp:TimeMissed():101|Cycle miss in event CCSICombinedCmdManager Cyclic Event. Time Overrun is 69126 us[EOL]
[2026-09-22T08:30:50.545493Z][RH.transfer-xyz-gripper][W][2330306][136]CRTCyclicEvent.cpp:TimeMissed():101|Cycle miss in event CCSICombinedCmdManager Cyclic Event. Time Overrun is 66229 us[EOL]
[2026-09-22T08:30:50.545548Z][RH.transfer-xyz-gripper][W][2330306][136]CRTCyclicEvent.cpp:TimeMissed():101|Cycle miss in event CCSICombinedRepManager. Time Overrun is 66229 us[EOL]
[2026-09-22T08:30:50.659957Z][RH.newgen-samplerecognitioncamera][W][2330306][137]CRTCyclicEvent.cpp:TimeMissed():101|Cycle miss in event CCSICombinedCmdManager Cyclic Event. Time Overrun is 35845 us[EOL]
[2026-09-22T08:30:50.660013Z][RH.newgen-samplerecognitioncamera][W][2330306][137]CRTCyclicEvent.cpp:TimeMissed():101|Cycle miss in event CCSICombinedRepManager. Time Overrun is 35845 us[EOL]
[2026-09-22T08:30:50.940549Z][RH.newgen-samplerecognitioncamera][W][2330306][137]CRTCyclicEvent.cpp:TimeMissed():101|Cycle miss in event CCSICombinedCmdManager Cyclic Event. Time Overrun is 166437 us[EOL]
[2026-09-22T08:30:50.940624Z][RH.newgen-samplerecognitioncamera][W][2330306][137]CRTCyclicEvent.cpp:TimeMissed():101|Cycle miss in event CCSICombinedRepManager. Time Overrun is 166437 us[EOL]
[2026-09-22T08:30:51.075974Z][RH.newgen-rackhandler][W][2330306][155]CRTCyclicEvent.cpp:TimeMissed():101|Cycle miss in event CCSICombinedCmdManager Cyclic Event. Time Overrun is 166744 us[EOL]
[2026-09-22T08:30:51.076232Z][RH.newgen-rackhandler][W][2330306][155]CRTCyclicEvent.cpp:TimeMissed():101|Cycle miss in event CCSICyclicRepManager. Time Overrun is 74143 us[EOL]
[2026-09-22T08:30:51.075430Z][RH.transfer-xyz-gripper][W][2330306][136]CRTCyclicEvent.cpp:TimeMissed():101|Cycle miss in event CCSICombinedCmdManager Cyclic Event. Time Overrun is 126181 us[EOL]
[2026-09-22T08:30:51.075465Z][RH.transfer-xyz-gripper][W][2330306][136]CRTCyclicEvent.cpp:TimeMissed():101|Cycle miss in event CCSICombinedRepManager. Time Overrun is 126181 us[EOL]
[2026-09-22T08:30:51.086562Z][RH.newgen-samplerecognitioncamera][W][2330306][137]CRTCyclicEvent.cpp:TimeMissed():101|Cycle miss in event CCSICombinedCmdManager Cyclic Event. Time Overrun is 32451 us[EOL]
[2026-09-22T08:30:51.086604Z][RH.newgen-samplerecognitioncamera][W][2330306][137]CRTCyclicEvent.cpp:TimeMissed():101|Cycle miss in event CCSICombinedRepManager. Time Overrun is 32451 us[EOL]
[2026-09-22T08:30:51.210135Z][RH.newgen-samplerecognitioncamera][W][2330306][137]CRTCyclicEvent.cpp:TimeMissed():101|Cycle miss in event CCSICombinedCmdManager Cyclic Event. Time Overrun is 6027 us[EOL]
[2026-09-22T08:30:51.210168Z][RH.newgen-samplerecognitioncamera][W][2330306][137]CRTCyclicEvent.cpp:TimeMissed():101|Cycle miss in event CCSICombinedRepManager. Time Overrun is 6027 us[EOL]
[2026-09-22T08:30:51.195374Z][RH.newgen-rackhandler][W][2330306][155]CRTCyclicEvent.cpp:TimeMissed():101|Cycle miss in event CCSICombinedCmdManager Cyclic Event. Time Overrun is 6145 us[EOL]
[2026-09-22T08:30:51.509718Z][RH.transfer-xyz-gripper][W][2330306][136]CRTCyclicEvent.cpp:TimeMissed():101|Cycle miss in event CCSICombinedCmdManager Cyclic Event. Time Overrun is 20461 us[EOL]
[2026-09-22T08:30:51.509786Z][RH.transfer-xyz-gripper][W][2330306][136]CRTCyclicEvent.cpp:TimeMissed():101|Cycle miss in event CCSICombinedRepManager. Time Overrun is 20461 us[EOL]
[2026-09-22T08:30:51.660999Z][RH.transfer-xyz-gripper][W][2330306][136]CRTCyclicEvent.cpp:TimeMissed():101|Cycle miss in event CCSICombinedCmdManager Cyclic Event. Time Overrun is 31749 us[EOL]
[2026-09-22T08:30:51.661038Z][RH.transfer-xyz-gripper][W][2330306][136]CRTCyclicEvent.cpp:TimeMissed():101|Cycle miss in event CCSICombinedRepManager. Time Overrun is 31749 us[EOL]
[2026-09-22T08:30:51.845352Z][RH.newgen-samplerecognitioncamera][W][2330306][137]CRTCyclicEvent.cpp:TimeMissed():101|Cycle miss in event CCSICyclicRepManager. Time Overrun is 39141 us[EOL]
[2026-09-22T08:30:51.968871Z][RH.newgen-samplerecognitioncamera][W][2330306][137]CRTCyclicEvent.cpp:TimeMissed():101|Cycle miss in event CCSICombinedCmdManager Cyclic Event. Time Overrun is 104760 us[EOL]
[2026-09-22T08:30:51.968916Z][RH.newgen-samplerecognitioncamera][W][2330306][137]CRTCyclicEvent.cpp:TimeMissed():101|Cycle miss in event CCSICombinedRepManager. Time Overrun is 104760 us[EOL]
[2026-09-22T08:30:52.062184Z][RH.transfer-xyz-gripper][W][2330306][136]CRTCyclicEvent.cpp:TimeMissed():101|Cycle miss in event CCSICombinedCmdManager Cyclic Event. Time Overrun is 152932 us[EOL]
[2026-09-22T08:30:52.062233Z][RH.transfer-xyz-gripper][W][2330306][136]CRTCyclicEvent.cpp:TimeMissed():101|Cycle miss in event CCSICombinedRepManager. Time Overrun is 152932 us[EOL]
[2026-09-22T08:30:52.134462Z][RH.newgen-samplerecognitioncamera][W][2330306][137]CRTCyclicEvent.cpp:TimeMissed():101|Cycle miss in event CCSICombinedCmdManager Cyclic Event. Time Overrun is 50332 us[EOL]
[2026-09-22T08:30:52.140933Z][RH.newgen-rackhandler][W][2330306][155]CRTCyclicEvent.cpp:TimeMissed():101|Cycle miss in event CCSICombinedCmdManager Cyclic Event. Time Overrun is 51704 us[EOL]
[2026-09-22T08:30:52.134499Z][RH.newgen-samplerecognitioncamera][W][2330306][137]CRTCyclicEvent.cpp:TimeMissed():101|Cycle miss in event CCSICombinedRepManager. Time Overrun is 50332 us[EOL]
[2026-09-22T08:30:54.045490Z][RH.newgen-samplerecognitioncamera][I][0][137]CCognexETH.cpp:Close():168|COGNEX ConnectInfo - Ethernet: Close FD 21[EOL]
[2026-09-22T08:30:54.045580Z][RH.newgen-samplerecognitioncamera][I][0][137]CCheckAndSetCameraTypeStep.cpp:DoStep():27|Camera type set to: JADAK[EOL]
[2026-09-22T08:30:54.045745Z][RH.newgen-samplerecognitioncamera][I][0][137]CPrepareProcedure.cpp:operator()():26|GetPrepareProc: 2800102[EOL]
[2026-09-22T08:30:54.046256Z][RH.newgen-samplerecognitioncamera][I][2800077][137]CPrepareJadakProcedure.cpp:SetParameter():36|Procedure Prepare Jadak loaded. Parameters: No Parameters![EOL]
[2026-09-22T08:30:54.046346Z][RH.newgen-samplerecognitioncamera][I][2330779][137]CMAMRetrieveDataStep.cpp:OnGetAllDataItems():62|Getting persistent Data Pool[EOL]
[2026-09-22T08:30:54.046354Z][RH.newgen-samplerecognitioncamera][I][2330780][137]CMAMRetrieveDataStep.cpp:OnGetAllDataItems():75|Getting persistent Parameter Pool[EOL]
[2026-09-22T08:30:54.046711Z][RH.newgen-samplerecognitioncamera][I][2330781][137]CMAMRetrieveDataStep.cpp:OnGetAllDataItems():89|Retrieved all MAM data[EOL]
[2026-09-22T08:30:54.061160Z][RH.newgen-samplerecognitioncamera][I][2800012][137]CASStateMachine.cpp:ReportStateChange():120|State changed to 2 (from 1)[EOL]
[2026-09-22T08:30:54.061232Z][RH.newgen-samplerecognitioncamera][N][2330072][137]CMessageBrokerEventHelper.cpp:SendModuleStateChangedEvent():34|Raise ModuleStateChanged Event: OriginatorId 0, ModuleState ModuleState_Prepared (2), OldModuleState ModuleState_Preparing (1)[EOL]
[2026-09-22T08:30:54.062574Z][RH.newgen-rackhandler][I][844444436][155]UnitCommunicator.cpp:SendEvent():424|Publishing event: type=Roche.c68_8800.RackHandler.UnitStateChanged correlation_id=(n/a)[EOL]
[2026-09-22T08:30:54.062663Z][RH.newgen-rackhandler][I][2560017][155]MessageSender.h:SendEvent():105|Sent RabbitMqEvent Roche.c68_8800.RackHandler.UnitStateChanged. Content: {"Timestamp":"2026-09-22T08:30:54.062543Z","TraceContext":"00-2fd695c1bf47a976e1554ffcebb5c1ee-58b56fb9fb24c309-01","OldState":"StartingUp","NewState":"StartedUp"}[EOL]
[2026-09-22T08:30:54.109526Z][RH.newgen-rackhandler][I][2560016][155]IMessageHandler.h:operator()():40|Received RabbitMqMessage Roche.c68_8800.InstrumentState.InstrumentStateChanged. Content: {"Timestamp":"2026-09-22T08:30:54.0984578Z","TraceContext":"00-dd82d13ed26ec30b58a7827c44aa343a-014e6ef3e222c3c6-01","OldState":"StartingUp","NewState":"Initializing"}[EOL]
[2026-09-22T08:30:54.109754Z][RH.newgen-rackhandler][I][2560016][155]IMessageHandler.h:operator()():53|Received RabbitMqMessage Roche.c68_8800.InstrumentState.InstrumentStateChanged. Content: {"Timestamp":"2026-09-22T08:30:54.0984578Z","TraceContext":"00-dd82d13ed26ec30b58a7827c44aa343a-014e6ef3e222c3c6-01","OldState":"StartingUp","NewState":"Initializing"}[EOL]
[2026-09-22T08:30:54.171934Z][RH.newgen-rackhandler][I][2560016][155]IMessageHandler.h:operator()():53|Received RabbitMqMessage Roche.c68_8800.SafetyInterlock.SafetyInterlockStateChanged. Content: {"Timestamp":"2026-09-22T08:30:54.117692Z","TraceContext":"00-e0a11a4e0143fb0bf821828b479eb84c-a12b0da5a3395285-01","OldState":"NotReady","NewState":"Initializing"}[EOL]
[2026-09-22T08:30:54.284135Z][RH.newgen-rackhandler][I][2560016][155]IMessageHandler.h:operator()():53|Received RabbitMqMessage Roche.MolLab.PersistentMemory.PersistentMemoryStateChanged. Content: {"Timestamp":"2026-09-22T08:30:54.169350Z","TraceContext":"00-0649ea3f1708a5ce69837ced40982ff8-306d3b7fcfba3552-01","OldState":"NotReady","NewState":"Initializing"}[EOL]
[2026-09-22T08:30:54.284192Z][RH.newgen-rackhandler][I][2560016][155]IMessageHandler.h:operator()():53|Received RabbitMqMessage Roche.MolLab.PersistentMemory.PersistentMemoryStateChanged. Content: {"Timestamp":"2026-09-22T08:30:54.169638Z","TraceContext":"00-95b4b24afc2e8d3ff2a69b639b191547-e18e9a5eb757cb13-01","OldState":"Initializing","NewState":"Ready"}[EOL]
[2026-09-22T08:30:54.338005Z][RH.transfer-xyz-gripper][W][2330306][136]CRTCyclicEvent.cpp:TimeMissed():101|Cycle miss in event CCSICombinedCmdManager Cyclic Event. Time Overrun is 8757 us[EOL]
[2026-09-22T08:30:54.338041Z][RH.transfer-xyz-gripper][W][2330306][136]CRTCyclicEvent.cpp:TimeMissed():101|Cycle miss in event CCSICombinedRepManager. Time Overrun is 8757 us[EOL]
[2026-09-22T08:30:54.456411Z][RH.newgen-samplerecognitioncamera][W][2330306][137]CRTCyclicEvent.cpp:TimeMissed():101|Cycle miss in event CCSICombinedCmdManager Cyclic Event. Time Overrun is 2301 us[EOL]
[2026-09-22T08:30:54.456444Z][RH.newgen-samplerecognitioncamera][W][2330306][137]CRTCyclicEvent.cpp:TimeMissed():101|Cycle miss in event CCSICombinedRepManager. Time Overrun is 2301 us[EOL]
[2026-09-22T08:30:54.464095Z][RH.newgen-rackhandler][W][2330306][155]CRTCyclicEvent.cpp:TimeMissed():101|Cycle miss in event CCSICombinedCmdManager Cyclic Event. Time Overrun is 4865 us[EOL]
[2026-09-22T08:30:54.715710Z][RH.newgen-samplerecognitioncamera][W][2330306][137]CRTCyclicEvent.cpp:TimeMissed():101|Cycle miss in event CCSICombinedCmdManager Cyclic Event. Time Overrun is 1597 us[EOL]
[2026-09-22T08:30:54.715740Z][RH.newgen-samplerecognitioncamera][W][2330306][137]CRTCyclicEvent.cpp:TimeMissed():101|Cycle miss in event CCSICombinedRepManager. Time Overrun is 1597 us[EOL]
[2026-09-22T08:30:55.286091Z][RH.newgen-rackhandler][W][2330306][155]CRTCyclicEvent.cpp:TimeMissed():101|Cycle miss in event CCSICyclicRepManager. Time Overrun is 84001 us[EOL]
[2026-09-22T08:30:55.430777Z][RH.newgen-rackhandler][W][2330306][155]CRTCyclicEvent.cpp:TimeMissed():101|Cycle miss in event CCSICombinedCmdManager Cyclic Event. Time Overrun is 1549 us[EOL]
[2026-09-22T08:30:55.430861Z][RH.transfer-xyz-gripper][W][2330306][136]CRTCyclicEvent.cpp:TimeMissed():101|Cycle miss in event CCSICombinedCmdManager Cyclic Event. Time Overrun is 1613 us[EOL]
[2026-09-22T08:30:55.430896Z][RH.transfer-xyz-gripper][W][2330306][136]CRTCyclicEvent.cpp:TimeMissed():101|Cycle miss in event CCSICombinedRepManager. Time Overrun is 1613 us[EOL]
[2026-09-22T08:30:55.498709Z][RH.newgen-samplerecognitioncamera][W][2330306][137]CRTCyclicEvent.cpp:TimeMissed():101|Cycle miss in event CCSICombinedCmdManager Cyclic Event. Time Overrun is 4600 us[EOL]
[2026-09-22T08:30:55.498738Z][RH.newgen-samplerecognitioncamera][W][2330306][137]CRTCyclicEvent.cpp:TimeMissed():101|Cycle miss in event CCSICombinedRepManager. Time Overrun is 4600 us[EOL]
[2026-09-22T08:30:55.574982Z][RH.newgen-rackhandler][W][2330306][155]CRTCyclicEvent.cpp:TimeMissed():101|Cycle miss in event CCSICombinedCmdManager Cyclic Event. Time Overrun is 15754 us[EOL]
[2026-09-22T08:30:55.575236Z][RH.transfer-xyz-gripper][W][2330306][136]CRTCyclicEvent.cpp:TimeMissed():101|Cycle miss in event CCSICombinedCmdManager Cyclic Event. Time Overrun is 15987 us[EOL]
[2026-09-22T08:30:55.575273Z][RH.transfer-xyz-gripper][W][2330306][136]CRTCyclicEvent.cpp:TimeMissed():101|Cycle miss in event CCSICombinedRepManager. Time Overrun is 15987 us[EOL]
[2026-09-22T08:30:55.734791Z][RH.newgen-samplerecognitioncamera][W][2330306][137]CRTCyclicEvent.cpp:TimeMissed():101|Cycle miss in event CCSICombinedCmdManager Cyclic Event. Time Overrun is 120680 us[EOL]
[2026-09-22T08:30:55.734831Z][RH.newgen-samplerecognitioncamera][W][2330306][137]CRTCyclicEvent.cpp:TimeMissed():101|Cycle miss in event CCSICombinedRepManager. Time Overrun is 120680 us[EOL]
[2026-09-22T08:30:55.808208Z][RH.newgen-samplerecognitioncamera][W][2330306][137]CRTCyclicEvent.cpp:TimeMissed():101|Cycle miss in event CCSICyclicRepManager. Time Overrun is 101992 us[EOL]
[2026-09-22T08:30:55.995111Z][RH.newgen-samplerecognitioncamera][W][2330306][137]CRTCyclicEvent.cpp:TimeMissed():101|Cycle miss in event CCSICombinedCmdManager Cyclic Event. Time Overrun is 140992 us[EOL]
[2026-09-22T08:30:55.995147Z][RH.newgen-samplerecognitioncamera][W][2330306][137]CRTCyclicEvent.cpp:TimeMissed():101|Cycle miss in event CCSICombinedRepManager. Time Overrun is 140992 us[EOL]
[2026-09-22T08:30:56.299397Z][RH.newgen-samplerecognitioncamera][W][2330306][137]CRTCyclicEvent.cpp:TimeMissed():101|Cycle miss in event CCSICombinedCmdManager Cyclic Event. Time Overrun is 175288 us[EOL]
[2026-09-22T08:30:56.299422Z][RH.newgen-samplerecognitioncamera][W][2330306][137]CRTCyclicEvent.cpp:TimeMissed():101|Cycle miss in event CCSICombinedRepManager. Time Overrun is 175288 us[EOL]
[2026-09-22T08:30:55.735884Z][RH.newgen-rackhandler][W][2330306][155]CRTCyclicEvent.cpp:TimeMissed():101|Cycle miss in event CCSICombinedCmdManager Cyclic Event. Time Overrun is 46653 us[EOL]
[2026-09-22T08:30:55.721346Z][RH.transfer-xyz-gripper][W][2330306][136]CRTCyclicEvent.cpp:TimeMissed():101|Cycle miss in event CCSICombinedCmdManager Cyclic Event. Time Overrun is 32096 us[EOL]
[2026-09-22T08:30:55.994819Z][RH.newgen-rackhandler][W][2330306][155]CRTCyclicEvent.cpp:TimeMissed():101|Cycle miss in event CCSICombinedCmdManager Cyclic Event. Time Overrun is 145591 us[EOL]
[2026-09-22T08:30:55.721384Z][RH.transfer-xyz-gripper][W][2330306][136]CRTCyclicEvent.cpp:TimeMissed():101|Cycle miss in event CCSICombinedRepManager. Time Overrun is 32096 us[EOL]
[2026-09-22T08:30:56.111214Z][RH.newgen-rackhandler][W][2330306][155]CRTCyclicEvent.cpp:TimeMissed():101|Cycle miss in event CCSICombinedCmdManager Cyclic Event. Time Overrun is 1988 us[EOL]
[2026-09-22T08:30:55.994775Z][RH.transfer-xyz-gripper][W][2330306][136]CRTCyclicEvent.cpp:TimeMissed():101|Cycle miss in event CCSICombinedCmdManager Cyclic Event. Time Overrun is 145525 us[EOL]
[2026-09-22T08:30:56.299941Z][RH.newgen-rackhandler][W][2330306][155]CRTCyclicEvent.cpp:TimeMissed():101|Cycle miss in event CCSICombinedCmdManager Cyclic Event. Time Overrun is 70713 us[EOL]
[2026-09-22T08:30:55.994807Z][RH.transfer-xyz-gripper][W][2330306][136]CRTCyclicEvent.cpp:TimeMissed():101|Cycle miss in event CCSICombinedRepManager. Time Overrun is 145525 us[EOL]
[2026-09-22T08:30:56.208864Z][RH.transfer-xyz-gripper][W][2330306][136]CRTCyclicEvent.cpp:TimeMissed():101|Cycle miss in event CCSICombinedCmdManager Cyclic Event. Time Overrun is 99615 us[EOL]
[2026-09-22T08:30:56.208895Z][RH.transfer-xyz-gripper][W][2330306][136]CRTCyclicEvent.cpp:TimeMissed():101|Cycle miss in event CCSICombinedRepManager. Time Overrun is 99615 us[EOL]
[2026-09-22T08:30:56.329845Z][RH.transfer-xyz-gripper][W][2330306][136]CRTCyclicEvent.cpp:TimeMissed():101|Cycle miss in event CCSICombinedCmdManager Cyclic Event. Time Overrun is 10599 us[EOL]
[2026-09-22T08:30:56.329874Z][RH.transfer-xyz-gripper][W][2330306][136]CRTCyclicEvent.cpp:TimeMissed():101|Cycle miss in event CCSICombinedRepManager. Time Overrun is 10599 us[EOL]
[2026-09-22T08:30:56.442452Z][RH.newgen-samplerecognitioncamera][W][2330306][137]CRTCyclicEvent.cpp:TimeMissed():101|Cycle miss in event CCSICombinedCmdManager Cyclic Event. Time Overrun is 18342 us[EOL]
[2026-09-22T08:30:56.442494Z][RH.newgen-samplerecognitioncamera][W][2330306][137]CRTCyclicEvent.cpp:TimeMissed():101|Cycle miss in event CCSICombinedRepManager. Time Overrun is 18342 us[EOL]
[2026-09-22T08:30:56.442747Z][RH.newgen-rackhandler][W][2330306][155]CRTCyclicEvent.cpp:TimeMissed():101|Cycle miss in event CCSICombinedCmdManager Cyclic Event. Time Overrun is 13520 us[EOL]
[2026-09-22T08:30:56.499065Z][RH.transfer-xyz-gripper][W][2330306][136]CRTCyclicEvent.cpp:TimeMissed():101|Cycle miss in event CCSICombinedCmdManager Cyclic Event. Time Overrun is 19819 us[EOL]
[2026-09-22T08:30:56.499089Z][RH.transfer-xyz-gripper][W][2330306][136]CRTCyclicEvent.cpp:TimeMissed():101|Cycle miss in event CCSICombinedRepManager. Time Overrun is 19819 us[EOL]
[2026-09-22T08:30:56.577887Z][RH.newgen-samplerecognitioncamera][W][2330306][137]CRTCyclicEvent.cpp:TimeMissed():101|Cycle miss in event CCSICombinedCmdManager Cyclic Event. Time Overrun is 3777 us[EOL]
[2026-09-22T08:30:56.577982Z][RH.newgen-samplerecognitioncamera][W][2330306][137]CRTCyclicEvent.cpp:TimeMissed():101|Cycle miss in event CCSICombinedRepManager. Time Overrun is 3777 us[EOL]
[2026-09-22T08:30:56.619902Z][RH.newgen-rackhandler][W][2330306][155]CRTCyclicEvent.cpp:TimeMissed():101|Cycle miss in event CCSICombinedCmdManager Cyclic Event. Time Overrun is 676 us[EOL]
[2026-09-22T08:30:56.642034Z][RH.transfer-xyz-gripper][W][2330306][136]CRTCyclicEvent.cpp:TimeMissed():101|Cycle miss in event CCSICombinedCmdManager Cyclic Event. Time Overrun is 2785 us[EOL]
[2026-09-22T08:30:56.642103Z][RH.transfer-xyz-gripper][W][2330306][136]CRTCyclicEvent.cpp:TimeMissed():101|Cycle miss in event CCSICombinedRepManager. Time Overrun is 2785 us[EOL]
[2026-09-22T08:30:56.709674Z][RH.newgen-samplerecognitioncamera][W][2330306][137]CRTCyclicEvent.cpp:TimeMissed():101|Cycle miss in event CCSICombinedCmdManager Cyclic Event. Time Overrun is 5561 us[EOL]
[2026-09-22T08:30:56.709724Z][RH.newgen-samplerecognitioncamera][W][2330306][137]CRTCyclicEvent.cpp:TimeMissed():101|Cycle miss in event CCSICombinedRepManager. Time Overrun is 5561 us[EOL]
[2026-09-22T08:30:56.784436Z][RH.transfer-xyz-gripper][W][2330306][136]CRTCyclicEvent.cpp:TimeMissed():101|Cycle miss in event CCSICombinedCmdManager Cyclic Event. Time Overrun is 5186 us[EOL]
[2026-09-22T08:30:56.784490Z][RH.transfer-xyz-gripper][W][2330306][136]CRTCyclicEvent.cpp:TimeMissed():101|Cycle miss in event CCSICombinedRepManager. Time Overrun is 5186 us[EOL]
[2026-09-22T08:30:56.854737Z][RH.newgen-samplerecognitioncamera][W][2330306][137]CRTCyclicEvent.cpp:TimeMissed():101|Cycle miss in event CCSICombinedCmdManager Cyclic Event. Time Overrun is 20630 us[EOL]
[2026-09-22T08:30:56.854758Z][RH.newgen-samplerecognitioncamera][W][2330306][137]CRTCyclicEvent.cpp:TimeMissed():101|Cycle miss in event CCSICombinedRepManager. Time Overrun is 20630 us[EOL]
[2026-09-22T08:30:56.855075Z][RH.newgen-rackhandler][W][2330306][155]CRTCyclicEvent.cpp:TimeMissed():101|Cycle miss in event CCSICombinedCmdManager Cyclic Event. Time Overrun is 25845 us[EOL]
[2026-09-22T08:30:56.942867Z][RH.transfer-xyz-gripper][W][2330306][136]CRTCyclicEvent.cpp:TimeMissed():101|Cycle miss in event CCSICombinedCmdManager Cyclic Event. Time Overrun is 3616 us[EOL]
[2026-09-22T08:30:56.942903Z][RH.transfer-xyz-gripper][W][2330306][136]CRTCyclicEvent.cpp:TimeMissed():101|Cycle miss in event CCSICombinedRepManager. Time Overrun is 3616 us[EOL]
[2026-09-22T08:30:56.974636Z][RH.newgen-samplerecognitioncamera][W][2330306][137]CRTCyclicEvent.cpp:TimeMissed():101|Cycle miss in event CCSICombinedCmdManager Cyclic Event. Time Overrun is 521 us[EOL]
[2026-09-22T08:30:56.974680Z][RH.newgen-samplerecognitioncamera][W][2330306][137]CRTCyclicEvent.cpp:TimeMissed():101|Cycle miss in event CCSICombinedRepManager. Time Overrun is 521 us[EOL]
[2026-09-22T08:30:57.013078Z][RH.newgen-rackhandler][W][2330306][155]CRTCyclicEvent.cpp:TimeMissed():101|Cycle miss in event CCSICombinedCmdManager Cyclic Event. Time Overrun is 3850 us[EOL]
[2026-09-22T08:30:57.066041Z][RH.newgen-rackhandler][I][2560016][155]IMessageHandler.h:operator()():40|Received RabbitMqMessage Roche.c68_8800.DataManagerGateway.BarcodeSettingsUpdated. Content: {"Timestamp":"2026-09-22T08:30:55.5203406Z","EnabledBarcodes":{"Code128":{"MinLength":4,"MaxLength":23,"Masking":{"IsMaskingEnabled":false,"MaskingPattern":"","IsMaskingIgnoredWhenStartingWithUdecPrefix":false,"UdecPrefix":""}}}}[EOL]
[2026-09-22T08:30:57.063278Z][RH.transfer-xyz-gripper][W][2330306][136]CRTCyclicEvent.cpp:TimeMissed():101|Cycle miss in event CCSICombinedCmdManager Cyclic Event. Time Overrun is 4024 us[EOL]
[2026-09-22T08:30:57.063315Z][RH.transfer-xyz-gripper][W][2330306][136]CRTCyclicEvent.cpp:TimeMissed():101|Cycle miss in event CCSICombinedRepManager. Time Overrun is 4024 us[EOL]
[2026-09-22T08:30:57.107946Z][RH.newgen-rackhandler][I][2560016][155]IMessageHandler.h:operator()():40|Received RabbitMqMessage Roche.c68_8800.DataManagerGateway.RackRangeSettingsUpdated. Content: {"Timestamp":"2026-09-22T08:30:57.0814684Z","SettingsByRackRange":[{"From":1,"To":1000,"HasStabilizer":true},{"From":1001,"To":3999,"HasStabilizer":false}]}[EOL]
[2026-09-22T08:30:57.107995Z][RH.newgen-rackhandler][N][0][155]RackRangeSettingsUpdated.cpp:HandleMessage():29|RackRangeSettingUpdated [0] From 1 To 1000 HasStabilizer 1[EOL]
[2026-09-22T08:30:57.108021Z][RH.newgen-rackhandler][N][0][155]RackRangeSettingsUpdated.cpp:HandleMessage():29|RackRangeSettingUpdated [1] From 1001 To 3999 HasStabilizer 0[EOL]
[2026-09-22T08:30:57.108043Z][RH.newgen-rackhandler][I][844444436][155]UnitCommunicator.cpp:SendEvent():424|Publishing event: type=Roche.c68_8800.RackHandler.RackRangesUpdated correlation_id=(n/a)[EOL]
[2026-09-22T08:30:57.108115Z][RH.newgen-rackhandler][I][2560017][155]MessageSender.h:SendEvent():105|Sent RabbitMqEvent Roche.c68_8800.RackHandler.RackRangesUpdated. Content: {"Timestamp":"2026-09-22T08:30:57.108035Z"}[EOL]
[2026-09-22T08:30:57.133742Z][RH.newgen-rackhandler][W][2330306][155]CRTCyclicEvent.cpp:TimeMissed():101|Cycle miss in event CCSICombinedCmdManager Cyclic Event. Time Overrun is 4510 us[EOL]
[2026-09-22T08:30:57.145049Z][RH.newgen-samplerecognitioncamera][W][2330306][137]CRTCyclicEvent.cpp:TimeMissed():101|Cycle miss in event CCSICombinedCmdManager Cyclic Event. Time Overrun is 931 us[EOL]
[2026-09-22T08:30:57.145156Z][RH.newgen-samplerecognitioncamera][W][2330306][137]CRTCyclicEvent.cpp:TimeMissed():101|Cycle miss in event CCSICombinedRepManager. Time Overrun is 931 us[EOL]
[2026-09-22T08:30:57.184446Z][RH.transfer-xyz-gripper][W][2330306][136]CRTCyclicEvent.cpp:TimeMissed():101|Cycle miss in event CCSICombinedCmdManager Cyclic Event. Time Overrun is 5197 us[EOL]
[2026-09-22T08:30:57.184504Z][RH.transfer-xyz-gripper][W][2330306][136]CRTCyclicEvent.cpp:TimeMissed():101|Cycle miss in event CCSICombinedRepManager. Time Overrun is 5197 us[EOL]
[2026-09-22T08:30:57.260892Z][RH.newgen-rackhandler][W][2330306][155]CRTCyclicEvent.cpp:TimeMissed():101|Cycle miss in event CCSICombinedCmdManager Cyclic Event. Time Overrun is 11663 us[EOL]
[2026-09-22T08:30:57.282054Z][RH.newgen-samplerecognitioncamera][W][2330306][137]CRTCyclicEvent.cpp:TimeMissed():101|Cycle miss in event CCSICombinedCmdManager Cyclic Event. Time Overrun is 7942 us[EOL]
[2026-09-22T08:30:57.282110Z][RH.newgen-samplerecognitioncamera][W][2330306][137]CRTCyclicEvent.cpp:TimeMissed():101|Cycle miss in event CCSICombinedRepManager. Time Overrun is 7942 us[EOL]
[2026-09-22T08:30:57.321604Z][RH.transfer-xyz-gripper][W][2330306][136]CRTCyclicEvent.cpp:TimeMissed():101|Cycle miss in event CCSICombinedCmdManager Cyclic Event. Time Overrun is 2354 us[EOL]
[2026-09-22T08:30:57.321725Z][RH.transfer-xyz-gripper][W][2330306][136]CRTCyclicEvent.cpp:TimeMissed():101|Cycle miss in event CCSICombinedRepManager. Time Overrun is 2354 us[EOL]
[2026-09-22T08:30:58.689644Z][RH.newgen-rackhandler][I][2560016][155]IMessageHandler.h:operator()():40|Received RabbitMqMessage Roche.MolLab.InstrumentState.Ping. Content: {"Timestamp":"2026-09-22T08:30:58.6811354Z","PingId":"IS2"}[EOL]
[2026-09-22T08:30:58.689697Z][RH.newgen-rackhandler][I][844444436][155]UnitCommunicator.cpp:SendEvent():424|Publishing event: type=Roche.c68_8800.RackHandler.Echo correlation_id=(n/a)[EOL]
[2026-09-22T08:30:58.689727Z][RH.newgen-rackhandler][I][2560017][155]MessageSender.h:SendEvent():105|Sent RabbitMqEvent Roche.c68_8800.RackHandler.Echo. Content: {"Timestamp":"2026-09-22T08:30:58.689689Z","PingId":"IS2"}[EOL]
[2026-09-22T08:30:59.176438Z][RH.newgen-rackhandler][I][2560016][155]IMessageHandler.h:operator()():53|Received RabbitMqMessage Roche.c68_8800.SafetyInterlock.SafetyInterlockStateChanged. Content: {"Timestamp":"2026-09-22T08:30:58.905001Z","TraceContext":"00-bc37f880e04003a1a9d2180ec07e3c86-8c2b9e506f621d23-01","OldState":"Initializing","NewState":"Ready"}[EOL]
[2026-09-22T08:31:00.271002Z][RH.transfer-xyz-gripper][W][2330306][136]CRTCyclicEvent.cpp:TimeMissed():101|Cycle miss in event CCSICombinedCmdManager Cyclic Event. Time Overrun is 1736 us[EOL]
[2026-09-22T08:31:00.271045Z][RH.transfer-xyz-gripper][W][2330306][136]CRTCyclicEvent.cpp:TimeMissed():101|Cycle miss in event CCSICombinedRepManager. Time Overrun is 1736 us[EOL]
[2026-09-22T08:31:01.613161Z][RH.newgen-rackhandler][I][2560016][155]IMessageHandler.h:operator()():53|Received RabbitMqMessage Roche.c68_8800.SafetyInterlock.HardwareMovementsAllowed. Content: {"Timestamp":"2026-09-22T08:31:01.581503Z","TraceContext":"00-7f29cc5779731666087e988d0abe72fb-b296aa185f30be7a-01","IsEnabled":true}[EOL]
[2026-09-22T08:31:01.608468Z][RH.newgen-samplerecognitioncamera][W][2330306][137]CRTCyclicEvent.cpp:TimeMissed():101|Cycle miss in event CCSICombinedCmdManager Cyclic Event. Time Overrun is 4357 us[EOL]
[2026-09-22T08:31:01.608573Z][RH.newgen-samplerecognitioncamera][W][2330306][137]CRTCyclicEvent.cpp:TimeMissed():101|Cycle miss in event CCSICombinedRepManager. Time Overrun is 4357 us[EOL]
[2026-09-22T08:31:01.613635Z][RH.newgen-rackhandler][I][844444436][155]UnitCommunicator.cpp:SendEvent():424|Publishing event: type=Roche.c68_8800.RackHandler.RackHandlerStateChanged correlation_id=(n/a)[EOL]
[2026-09-22T08:31:01.613669Z][RH.newgen-rackhandler][I][2560017][155]MessageSender.h:SendEvent():105|Sent RabbitMqEvent Roche.c68_8800.RackHandler.RackHandlerStateChanged. Content: {"Timestamp":"2026-09-22T08:31:01.613624Z","TraceContext":"00-f6fba82b6977e4a97351ead2dfaabb15-2750667253a3615e-01","OldState":"NotReady","NewState":"Initializing"}[EOL]
[2026-09-22T08:31:01.619356Z][RH.newgen-samplerecognitioncamera][I][0][137]CInitProcedure.cpp:SetParameter():34|GetInitProc: 2800103[EOL]
[2026-09-22T08:31:01.619375Z][RH.newgen-samplerecognitioncamera][I][2800077][137]CInitProcedure.cpp:SetParameter():43|Procedure Init loaded. Parameters: No Parameters![EOL]
[2026-09-22T08:31:01.613687Z][RH.newgen-rackhandler][I][844444436][155]UnitCommunicator.cpp:SendEvent():424|Publishing event: type=Roche.c68_8800.RackHandler.RackScannerStateChanged correlation_id=(n/a)[EOL]
[2026-09-22T08:31:01.613719Z][RH.newgen-rackhandler][I][2560017][155]MessageSender.h:SendEvent():105|Sent RabbitMqEvent Roche.c68_8800.RackHandler.RackScannerStateChanged. Content: {"Timestamp":"2026-09-22T08:31:01.613683Z","TraceContext":"00-5a95840548f35122c4d95b90cdba4c6b-ce7d194991e628a8-01","OldState":"NotReady","NewState":"Initializing"}[EOL]
[2026-09-22T08:31:01.620079Z][RH.newgen-samplerecognitioncamera][I][2800012][137]CASStateMachine.cpp:ReportStateChange():120|State changed to 3 (from 2)[EOL]
[2026-09-22T08:31:01.620103Z][RH.newgen-samplerecognitioncamera][N][2330072][137]CMessageBrokerEventHelper.cpp:SendModuleStateChangedEvent():34|Raise ModuleStateChanged Event: OriginatorId 0, ModuleState ModuleState_Initializing (3), OldModuleState ModuleState_Prepared (2)[EOL]
[2026-09-22T08:31:01.620656Z][RH.newgen-samplerecognitioncamera][I][2800077][137]CInitJadakProcedure.cpp:SetParameter():146|Procedure Init Jadak loaded. Parameters: No Parameters![EOL]
[2026-09-22T08:31:01.613735Z][RH.newgen-rackhandler][I][844444436][155]UnitCommunicator.cpp:SendEvent():424|Publishing event: type=Roche.c68_8800.RackHandler.OutputConveyorStateChanged correlation_id=(n/a)[EOL]
[2026-09-22T08:31:01.631574Z][RH.newgen-samplerecognitioncamera][I][2800030][137]CJProtocolBaseStep.cpp:DoStep():64|Sending 12 bytes to Sample Recognition Camera: 0x23 0x47 0x65 0x74 0x56 0x65 0x72 0x73 0x69 0x6f 0x6e 0x0d[EOL]
[2026-09-22T08:31:01.613752Z][RH.newgen-rackhandler][I][2560017][155]MessageSender.h:SendEvent():105|Sent RabbitMqEvent Roche.c68_8800.RackHandler.OutputConveyorStateChanged. Content: {"Timestamp":"2026-09-22T08:31:01.613732Z","TraceContext":"00-8e7f60876abdafde468ee0cfd8331a6f-2e2afb3f05d3f5ec-01","OldState":"NotReady","NewState":"Initializing"}[EOL]
[2026-09-22T08:31:01.613916Z][RH.newgen-rackhandler][I][1780083][155]CInitProcedure.cpp:SetParameter():62|Procedure ProcTypeId_Init (1780003) loaded. Parameters: [EOL]
[2026-09-22T08:31:01.613925Z][RH.newgen-rackhandler][N][1780085][155]CInitProcedure.cpp:SetParameter():66|RackUnloadingMode: RackUnloadingMode_StandAlone (0)[EOL]
[2026-09-22T08:31:01.613967Z][RH.newgen-rackhandler][I][844444436][155]UnitCommunicator.cpp:SendEvent():424|Publishing event: type=Roche.c68_8800.RackHandler.UnitStateChanged correlation_id=(n/a)[EOL]
[2026-09-22T08:31:01.614021Z][RH.newgen-rackhandler][I][2560017][155]MessageSender.h:SendEvent():105|Sent RabbitMqEvent Roche.c68_8800.RackHandler.UnitStateChanged. Content: {"Timestamp":"2026-09-22T08:31:01.613962Z","TraceContext":"00-2fb207555cfbf497c7bb8743ed0a5c1c-1ae172d3fff0a6fb-01","OldState":"StartedUp","NewState":"Initializing"}[EOL]
[2026-09-22T08:31:01.619177Z][RH.newgen-rackhandler][I][1009005][155]CEnableOneMotorDeviceIntProcedure.cpp:SetParameter():82|MotionDevice 2[EOL]
[2026-09-22T08:31:01.619699Z][RH.newgen-rackhandler][I][1009014][155]CInitFlowProcedure.cpp:SetParameter():67|InitFlowID 1, TimingClassification 10[EOL]
[2026-09-22T08:31:01.619906Z][RH.newgen-rackhandler][I][1009015][155]CInitSequenceProcedure.cpp:SetParameter():82|InitSequenceID 1, TimingClassification 10[EOL]
[2026-09-22T08:31:01.620029Z][RH.newgen-rackhandler][I][1009016][155]CInitPatternProcedure.cpp:SetParameter():110|InitSequenceID 1, InitPatternID 0, TimingClassification 10[EOL]
[2026-09-22T08:31:01.620326Z][RH.newgen-rackhandler][I][1009016][155]CInitPatternProcedure.cpp:SetParameter():110|InitSequenceID 1, InitPatternID 1, TimingClassification 10[EOL]
[2026-09-22T08:31:01.620464Z][RH.newgen-rackhandler][I][1009017][155]CInitStepProcedure.cpp:SetParameter():85|InitSequenceID 1, InitPatternID 0, TimingClassification 10[EOL]
[2026-09-22T08:31:01.620513Z][RH.newgen-rackhandler][I][1009017][155]CInitStepProcedure.cpp:SetParameter():85|InitSequenceID 1, InitPatternID 1, TimingClassification 10[EOL]
[2026-09-22T08:31:01.620667Z][RH.newgen-rackhandler][I][1009003][155]CInitOneAxisIntProcedure.cpp:SetParameter():127|MotionDevice 0, TimingClassification 10, InitStructureID 0[EOL]
[2026-09-22T08:31:01.620833Z][RH.newgen-rackhandler][I][1009003][155]CInitOneAxisIntProcedure.cpp:SetParameter():127|MotionDevice 1, TimingClassification 10, InitStructureID 0[EOL]
[2026-09-22T08:31:01.620955Z][RH.newgen-rackhandler][I][1009005][155]CEnableOneMotorDeviceIntProcedure.cpp:SetParameter():82|MotionDevice 0[EOL]
[2026-09-22T08:31:01.620985Z][RH.newgen-rackhandler][I][1009005][155]CEnableOneMotorDeviceIntProcedure.cpp:SetParameter():82|MotionDevice 1[EOL]
[2026-09-22T08:31:01.839457Z][RH.newgen-samplerecognitioncamera][I][2800028][137]CJProtocolBaseStep.cpp:ReadReport():86|Received 16 bytes from Sample Recognition Camera: 0x31 0x2e 0x30 0x32 0x2e 0x30 0x31 0x2e 0x30 0x30 0x30 0x30 0x0a 0x23 0x2b 0x0d[EOL]
[2026-09-22T08:31:01.839542Z][RH.newgen-samplerecognitioncamera][I][2800016][137]CReadStringBaseStep.cpp:ProcessReceivedData():49|Received String: 1.02.01.0000#012#+[EOL]
[2026-09-22T08:31:01.839560Z][RH.newgen-samplerecognitioncamera][W][2800033][137]CReadStringBaseStep.cpp:ProcessReceivedData():70|received string (15 bytes) is bigger than reserved space (12) in DataPool. The rest will be omitted![EOL]
[2026-09-22T08:31:01.839604Z][RH.newgen-samplerecognitioncamera][I][2800030][137]CJProtocolBaseStep.cpp:DoStep():64|Sending 9 bytes to Sample Recognition Camera: 0x23 0x52 0x45 0x56 0x54 0x49 0x4d 0x45 0x0d[EOL]
[2026-09-22T08:31:02.046490Z][RH.newgen-samplerecognitioncamera][I][2800028][137]CJProtocolBaseStep.cpp:ReadReport():86|Received 24 bytes from Sample Recognition Camera: 0x41 0x70 0x72 0x20 0x32 0x35 0x20 0x32 0x30 0x31 0x31 0x20 0x31 0x30 0x3a 0x32 0x30 0x3a 0x32 0x32 0x0a 0x23 0x2b 0x0d[EOL]
[2026-09-22T08:31:02.046525Z][RH.newgen-samplerecognitioncamera][I][2800016][137]CReadStringBaseStep.cpp:ProcessReceivedData():49|Received String: Apr 25 2011 10:20:22#012#+[EOL]
[2026-09-22T08:31:02.046534Z][RH.newgen-samplerecognitioncamera][W][2800033][137]CReadStringBaseStep.cpp:ProcessReceivedData():70|received string (23 bytes) is bigger than reserved space (21) in DataPool. The rest will be omitted![EOL]
[2026-09-22T08:31:02.046574Z][RH.newgen-samplerecognitioncamera][I][2800030][137]CJProtocolBaseStep.cpp:DoStep():64|Sending 16 bytes to Sample Recognition Camera: 0x23 0x42 0x61 0x72 0x63 0x6f 0x64 0x65 0x44 0x65 0x66 0x61 0x75 0x6c 0x74 0x0d[EOL]
[2026-09-22T08:31:02.048196Z][RH.newgen-samplerecognitioncamera][I][2800028][137]CJProtocolBaseStep.cpp:ReadReport():86|Received 3 bytes from Sample Recognition Camera: 0x23 0x2b 0x0d[EOL]
[2026-09-22T08:31:02.048244Z][RH.newgen-samplerecognitioncamera][I][2800016][137]CReadStringBaseStep.cpp:ProcessReceivedData():49|Received String: #+[EOL]
[2026-09-22T08:31:02.048449Z][RH.newgen-samplerecognitioncamera][I][2800074][137]CSendAllConfigStringsStep.cpp:DoStep():67|Sending cmd: <T128ENAB 0!>[EOL]
[2026-09-22T08:31:02.048466Z][RH.newgen-samplerecognitioncamera][I][2800030][137]CJProtocolBaseStep.cpp:DoStep():64|Sending 13 bytes to Sample Recognition Camera: 0x23 0x54 0x31 0x32 0x38 0x45 0x4e 0x41 0x42 0x20 0x30 0x21 0x0d[EOL]
[2026-09-22T08:31:02.050320Z][RH.newgen-samplerecognitioncamera][I][2800028][137]CJProtocolBaseStep.cpp:ReadReport():86|Received 3 bytes from Sample Recognition Camera: 0x23 0x2b 0x0d[EOL]
[2026-09-22T08:31:02.050400Z][RH.newgen-samplerecognitioncamera][I][2800074][137]CSendAllConfigStringsStep.cpp:DoStep():67|Sending cmd: <T128MAXL 23!>[EOL]
[2026-09-22T08:31:02.050439Z][RH.newgen-samplerecognitioncamera][I][2800030][137]CJProtocolBaseStep.cpp:DoStep():64|Sending 14 bytes to Sample Recognition Camera: 0x23 0x54 0x31 0x32 0x38 0x4d 0x41 0x58 0x4c 0x20 0x32 0x33 0x21 0x0d[EOL]
[2026-09-22T08:31:02.052130Z][RH.newgen-samplerecognitioncamera][I][2800028][137]CJProtocolBaseStep.cpp:ReadReport():86|Received 3 bytes from Sample Recognition Camera: 0x23 0x2b 0x0d[EOL]
[2026-09-22T08:31:02.052162Z][RH.newgen-samplerecognitioncamera][I][2800074][137]CSendAllConfigStringsStep.cpp:DoStep():67|Sending cmd: <T128MINL 1!>[EOL]
[2026-09-22T08:31:02.052171Z][RH.newgen-samplerecognitioncamera][I][2800030][137]CJProtocolBaseStep.cpp:DoStep():64|Sending 13 bytes to Sample Recognition Camera: 0x23 0x54 0x31 0x32 0x38 0x4d 0x49 0x4e 0x4c 0x20 0x31 0x21 0x0d[EOL]
[2026-09-22T08:31:02.055263Z][RH.newgen-samplerecognitioncamera][I][2800028][137]CJProtocolBaseStep.cpp:ReadReport():86|Received 3 bytes from Sample Recognition Camera: 0x23 0x2b 0x0d[EOL]
[2026-09-22T08:31:02.055304Z][RH.newgen-samplerecognitioncamera][I][2800074][137]CSendAllConfigStringsStep.cpp:DoStep():67|Sending cmd: <TC39ENAB 0!>[EOL]
[2026-09-22T08:31:02.055314Z][RH.newgen-samplerecognitioncamera][I][2800030][137]CJProtocolBaseStep.cpp:DoStep():64|Sending 13 bytes to Sample Recognition Camera: 0x23 0x54 0x43 0x33 0x39 0x45 0x4e 0x41 0x42 0x20 0x30 0x21 0x0d[EOL]
[2026-09-22T08:31:02.058229Z][RH.newgen-samplerecognitioncamera][I][2800028][137]CJProtocolBaseStep.cpp:ReadReport():86|Received 3 bytes from Sample Recognition Camera: 0x23 0x2b 0x0d[EOL]
[2026-09-22T08:31:02.058280Z][RH.newgen-samplerecognitioncamera][I][2800074][137]CSendAllConfigStringsStep.cpp:DoStep():67|Sending cmd: <TC39CHEC 1!>[EOL]
[2026-09-22T08:31:02.058291Z][RH.newgen-samplerecognitioncamera][I][2800030][137]CJProtocolBaseStep.cpp:DoStep():64|Sending 13 bytes to Sample Recognition Camera: 0x23 0x54 0x43 0x33 0x39 0x43 0x48 0x45 0x43 0x20 0x31 0x21 0x0d[EOL]
[2026-09-22T08:31:02.061486Z][RH.newgen-samplerecognitioncamera][I][2800028][137]CJProtocolBaseStep.cpp:ReadReport():86|Received 3 bytes from Sample Recognition Camera: 0x23 0x2b 0x0d[EOL]
[2026-09-22T08:31:02.061535Z][RH.newgen-samplerecognitioncamera][I][2800074][137]CSendAllConfigStringsStep.cpp:DoStep():67|Sending cmd: <TC39XMIT 0!>[EOL]
[2026-09-22T08:31:02.061544Z][RH.newgen-samplerecognitioncamera][I][2800030][137]CJProtocolBaseStep.cpp:DoStep():64|Sending 13 bytes to Sample Recognition Camera: 0x23 0x54 0x43 0x33 0x39 0x58 0x4d 0x49 0x54 0x20 0x30 0x21 0x0d[EOL]
[2026-09-22T08:31:02.066289Z][RH.newgen-samplerecognitioncamera][I][2800028][137]CJProtocolBaseStep.cpp:ReadReport():86|Received 3 bytes from Sample Recognition Camera: 0x23 0x2b 0x0d[EOL]
[2026-09-22T08:31:02.066415Z][RH.newgen-samplerecognitioncamera][I][2800074][137]CSendAllConfigStringsStep.cpp:DoStep():67|Sending cmd: <TC39MAXL 23!>[EOL]
[2026-09-22T08:31:02.066429Z][RH.newgen-samplerecognitioncamera][I][2800030][137]CJProtocolBaseStep.cpp:DoStep():64|Sending 14 bytes to Sample Recognition Camera: 0x23 0x54 0x43 0x33 0x39 0x4d 0x41 0x58 0x4c 0x20 0x32 0x33 0x21 0x0d[EOL]
[2026-09-22T08:31:02.071401Z][RH.newgen-samplerecognitioncamera][I][2800028][137]CJProtocolBaseStep.cpp:ReadReport():86|Received 3 bytes from Sample Recognition Camera: 0x23 0x2b 0x0d[EOL]
[2026-09-22T08:31:02.071452Z][RH.newgen-samplerecognitioncamera][I][2800074][137]CSendAllConfigStringsStep.cpp:DoStep():67|Sending cmd: <TC39MINL 1!>[EOL]
[2026-09-22T08:31:02.065400Z][RH.transfer-xyz-gripper][I][1339003][136]CInitAxisProcedure.cpp:SetParameter():87|InitAxis: TimingClassification 10, InitFlowID 0[EOL]
[2026-09-22T08:31:02.071465Z][RH.newgen-samplerecognitioncamera][I][2800030][137]CJProtocolBaseStep.cpp:DoStep():64|Sending 13 bytes to Sample Recognition Camera: 0x23 0x54 0x43 0x33 0x39 0x4d 0x49 0x4e 0x4c 0x20 0x31 0x21 0x0d[EOL]
[2026-09-22T08:31:02.065855Z][RH.transfer-xyz-gripper][N][2330072][136]CMessageBrokerEventHelper.cpp:SendModuleStateChangedEvent():34|Raise ModuleStateChanged Event: OriginatorId 0, ModuleState ModuleState_Initializing (3), OldModuleState ModuleState_Prepared (2)[EOL]
[2026-09-22T08:31:02.075211Z][RH.newgen-samplerecognitioncamera][I][2800028][137]CJProtocolBaseStep.cpp:ReadReport():86|Received 3 bytes from Sample Recognition Camera: 0x23 0x2b 0x0d[EOL]
[2026-09-22T08:31:02.066032Z][RH.transfer-xyz-gripper][I][1009014][136]CInitFlowProcedure.cpp:SetParameter():67|InitFlowID 0, TimingClassification 10[EOL]
[2026-09-22T08:31:02.075256Z][RH.newgen-samplerecognitioncamera][I][2800074][137]CSendAllConfigStringsStep.cpp:DoStep():67|Sending cmd: <TCBRENAB 0!>[EOL]
[2026-09-22T08:31:02.066301Z][RH.transfer-xyz-gripper][I][1009015][136]CInitSequenceProcedure.cpp:SetParameter():82|InitSequenceID 30, TimingClassification 10[EOL]
[2026-09-22T08:31:02.075267Z][RH.newgen-samplerecognitioncamera][I][2800030][137]CJProtocolBaseStep.cpp:DoStep():64|Sending 13 bytes to Sample Recognition Camera: 0x23 0x54 0x43 0x42 0x52 0x45 0x4e 0x41 0x42 0x20 0x30 0x21 0x0d[EOL]
[2026-09-22T08:31:02.066495Z][RH.transfer-xyz-gripper][I][1009016][136]CInitPatternProcedure.cpp:SetParameter():110|InitSequenceID 30, InitPatternID 0, TimingClassification 10[EOL]
[2026-09-22T08:31:02.078475Z][RH.newgen-samplerecognitioncamera][I][2800028][137]CJProtocolBaseStep.cpp:ReadReport():86|Received 3 bytes from Sample Recognition Camera: 0x23 0x2b 0x0d[EOL]
[2026-09-22T08:31:02.066589Z][RH.transfer-xyz-gripper][I][1009017][136]CInitStepProcedure.cpp:SetParameter():85|InitSequenceID 30, InitPatternID 0, TimingClassification 10[EOL]
[2026-09-22T08:31:02.078586Z][RH.newgen-samplerecognitioncamera][I][2800074][137]CSendAllConfigStringsStep.cpp:DoStep():67|Sending cmd: <TCBRCHEC 1!>[EOL]
[2026-09-22T08:31:02.066723Z][RH.transfer-xyz-gripper][I][1009003][136]CInitOneAxisIntProcedure.cpp:SetParameter():127|MotionDevice 2, TimingClassification 10, InitStructureID 1[EOL]
[2026-09-22T08:31:02.078599Z][RH.newgen-samplerecognitioncamera][I][2800030][137]CJProtocolBaseStep.cpp:DoStep():64|Sending 13 bytes to Sample Recognition Camera: 0x23 0x54 0x43 0x42 0x52 0x43 0x48 0x45 0x43 0x20 0x31 0x21 0x0d[EOL]
[2026-09-22T08:31:02.067010Z][RH.transfer-xyz-gripper][I][1009005][136]CEnableOneMotorDeviceIntProcedure.cpp:SetParameter():82|MotionDevice 2[EOL]
[2026-09-22T08:31:02.084312Z][RH.newgen-samplerecognitioncamera][I][2800028][137]CJProtocolBaseStep.cpp:ReadReport():86|Received 3 bytes from Sample Recognition Camera: 0x23 0x2b 0x0d[EOL]
[2026-09-22T08:31:02.084356Z][RH.newgen-samplerecognitioncamera][I][2800074][137]CSendAllConfigStringsStep.cpp:DoStep():67|Sending cmd: <TCBRXMIT 2!>[EOL]
[2026-09-22T08:31:02.084367Z][RH.newgen-samplerecognitioncamera][I][2800030][137]CJProtocolBaseStep.cpp:DoStep():64|Sending 13 bytes to Sample Recognition Camera: 0x23 0x54 0x43 0x42 0x52 0x58 0x4d 0x49 0x54 0x20 0x32 0x21 0x0d[EOL]
[2026-09-22T08:31:02.087190Z][RH.newgen-samplerecognitioncamera][I][2800028][137]CJProtocolBaseStep.cpp:ReadReport():86|Received 3 bytes from Sample Recognition Camera: 0x23 0x2b 0x0d[EOL]
[2026-09-22T08:31:02.087279Z][RH.newgen-samplerecognitioncamera][I][2800074][137]CSendAllConfigStringsStep.cpp:DoStep():67|Sending cmd: <TCBRMAXL 23!>[EOL]
[2026-09-22T08:31:02.088317Z][RH.newgen-rackhandler][N][1760028][155]CRHCGetDigitalInputPortSignalStep.cpp:PrintReceivedParameters():111|m_CmdInputPortID: RHCInputPortID_5 (5), m_RepDeviceNumber: 0, m_RepInputPortID: RHCInputPortID_5 (5), m_RepInputPortSignal: 0[EOL]
[2026-09-22T08:31:02.087326Z][RH.newgen-samplerecognitioncamera][I][2800030][137]CJProtocolBaseStep.cpp:DoStep():64|Sending 14 bytes to Sample Recognition Camera: 0x23 0x54 0x43 0x42 0x52 0x4d 0x41 0x58 0x4c 0x20 0x32 0x33 0x21 0x0d[EOL]
[2026-09-22T08:31:02.094272Z][RH.newgen-samplerecognitioncamera][I][2800028][137]CJProtocolBaseStep.cpp:ReadReport():86|Received 3 bytes from Sample Recognition Camera: 0x23 0x2b 0x0d[EOL]
[2026-09-22T08:31:02.094322Z][RH.newgen-samplerecognitioncamera][I][2800074][137]CSendAllConfigStringsStep.cpp:DoStep():67|Sending cmd: <TCBRMINL 4!>[EOL]
[2026-09-22T08:31:02.094534Z][RH.newgen-samplerecognitioncamera][I][2800030][137]CJProtocolBaseStep.cpp:DoStep():64|Sending 13 bytes to Sample Recognition Camera: 0x23 0x54 0x43 0x42 0x52 0x4d 0x49 0x4e 0x4c 0x20 0x34 0x21 0x0d[EOL]
[2026-09-22T08:31:02.094385Z][RH.newgen-rackhandler][N][1760028][155]CRHCGetDigitalInputPortSignalStep.cpp:PrintReceivedParameters():111|m_CmdInputPortID: RHCInputPortID_3 (3), m_RepDeviceNumber: 0, m_RepInputPortID: RHCInputPortID_3 (3), m_RepInputPortSignal: 0[EOL]
[2026-09-22T08:31:02.097181Z][RH.newgen-samplerecognitioncamera][I][2800028][137]CJProtocolBaseStep.cpp:ReadReport():86|Received 3 bytes from Sample Recognition Camera: 0x23 0x2b 0x0d[EOL]
[2026-09-22T08:31:02.097406Z][RH.newgen-samplerecognitioncamera][I][2800074][137]CSendAllConfigStringsStep.cpp:DoStep():67|Sending cmd: <TI25ENAB 0!>[EOL]
[2026-09-22T08:31:02.097416Z][RH.newgen-samplerecognitioncamera][I][2800030][137]CJProtocolBaseStep.cpp:DoStep():64|Sending 13 bytes to Sample Recognition Camera: 0x23 0x54 0x49 0x32 0x35 0x45 0x4e 0x41 0x42 0x20 0x30 0x21 0x0d[EOL]
[2026-09-22T08:31:02.098215Z][RH.newgen-rackhandler][N][1760028][155]CRHCGetDigitalInputPortSignalStep.cpp:PrintReceivedParameters():111|m_CmdInputPortID: RHCInputPortID_1 (1), m_RepDeviceNumber: 0, m_RepInputPortID: RHCInputPortID_1 (1), m_RepInputPortSignal: 0[EOL]
[2026-09-22T08:31:02.100252Z][RH.newgen-samplerecognitioncamera][I][2800028][137]CJProtocolBaseStep.cpp:ReadReport():86|Received 3 bytes from Sample Recognition Camera: 0x23 0x2b 0x0d[EOL]
[2026-09-22T08:31:02.100338Z][RH.newgen-samplerecognitioncamera][I][2800074][137]CSendAllConfigStringsStep.cpp:DoStep():67|Sending cmd: <TI25CHEC 1!>[EOL]
[2026-09-22T08:31:02.100349Z][RH.newgen-samplerecognitioncamera][I][2800030][137]CJProtocolBaseStep.cpp:DoStep():64|Sending 13 bytes to Sample Recognition Camera: 0x23 0x54 0x49 0x32 0x35 0x43 0x48 0x45 0x43 0x20 0x31 0x21 0x0d[EOL]
[2026-09-22T08:31:02.101206Z][RH.newgen-rackhandler][N][1760028][155]CRHCGetDigitalInputPortSignalStep.cpp:PrintReceivedParameters():111|m_CmdInputPortID: RHCInputPortID_7 (7), m_RepDeviceNumber: 0, m_RepInputPortID: RHCInputPortID_7 (7), m_RepInputPortSignal: 0[EOL]
[2026-09-22T08:31:02.103354Z][RH.newgen-samplerecognitioncamera][I][2800028][137]CJProtocolBaseStep.cpp:ReadReport():86|Received 3 bytes from Sample Recognition Camera: 0x23 0x2b 0x0d[EOL]
[2026-09-22T08:31:02.103414Z][RH.newgen-samplerecognitioncamera][I][2800074][137]CSendAllConfigStringsStep.cpp:DoStep():67|Sending cmd: <TI25MAXL 13!>[EOL]
[2026-09-22T08:31:02.104408Z][RH.newgen-rackhandler][N][1760028][155]CRHCGetDigitalInputPortSignalStep.cpp:PrintReceivedParameters():111|m_CmdInputPortID: RHCInputPortID_6 (6), m_RepDeviceNumber: 0, m_RepInputPortID: RHCInputPortID_6 (6), m_RepInputPortSignal: 0[EOL]
[2026-09-22T08:31:02.104616Z][RH.newgen-rackhandler][I][844444436][155]UnitCommunicator.cpp:SendEvent():424|Publishing event: type=Roche.c68_8800.RackHandler.OutputLaneStateChanged correlation_id=(n/a)[EOL]
[2026-09-22T08:31:02.104671Z][RH.newgen-rackhandler][I][2560017][155]MessageSender.h:SendEvent():105|Sent RabbitMqEvent Roche.c68_8800.RackHandler.OutputLaneStateChanged. Content: {"Timestamp":"2026-09-22T08:31:02.104601Z","TraceContext":"00-dd82d13ed26ec30b58a7827c44aa343a-f68105d87c36e972-01","IsOccupied":false}[EOL]
[2026-09-22T08:31:02.104682Z][RH.newgen-rackhandler][I][844444436][155]UnitCommunicator.cpp:SendEvent():424|Publishing event: type=Roche.c68_8800.RackHandler.ErrorLaneStateChanged correlation_id=(n/a)[EOL]
[2026-09-22T08:31:02.104697Z][RH.newgen-rackhandler][I][2560017][155]MessageSender.h:SendEvent():105|Sent RabbitMqEvent Roche.c68_8800.RackHandler.ErrorLaneStateChanged. Content: {"Timestamp":"2026-09-22T08:31:02.104680Z","TraceContext":"00-dd82d13ed26ec30b58a7827c44aa343a-f68105d87c36e972-01","IsOccupied":false}[EOL]
[2026-09-22T08:31:02.104709Z][RH.newgen-rackhandler][I][844444436][155]UnitCommunicator.cpp:SendEvent():424|Publishing event: type=Roche.c68_8800.RackHandler.RackEntryPositionStateChanged correlation_id=(n/a)[EOL]
[2026-09-22T08:31:02.104731Z][RH.newgen-rackhandler][I][2560017][155]MessageSender.h:SendEvent():105|Sent RabbitMqEvent Roche.c68_8800.RackHandler.RackEntryPositionStateChanged. Content: {"Timestamp":"2026-09-22T08:31:02.104705Z","TraceContext":"00-dd82d13ed26ec30b58a7827c44aa343a-f68105d87c36e972-01","IsRackPresent":false}[EOL]
[2026-09-22T08:31:02.103472Z][RH.newgen-samplerecognitioncamera][I][2800030][137]CJProtocolBaseStep.cpp:DoStep():64|Sending 14 bytes to Sample Recognition Camera: 0x23 0x54 0x49 0x32 0x35 0x4d 0x41 0x58 0x4c 0x20 0x31 0x33 0x21 0x0d[EOL]
[2026-09-22T08:31:02.106216Z][RH.newgen-samplerecognitioncamera][I][2800028][137]CJProtocolBaseStep.cpp:ReadReport():86|Received 3 bytes from Sample Recognition Camera: 0x23 0x2b 0x0d[EOL]
[2026-09-22T08:31:02.106370Z][RH.newgen-samplerecognitioncamera][I][2800074][137]CSendAllConfigStringsStep.cpp:DoStep():67|Sending cmd: <TI25MINL 7!>[EOL]
[2026-09-22T08:31:02.106418Z][RH.newgen-samplerecognitioncamera][I][2800030][137]CJProtocolBaseStep.cpp:DoStep():64|Sending 13 bytes to Sample Recognition Camera: 0x23 0x54 0x49 0x32 0x35 0x4d 0x49 0x4e 0x4c 0x20 0x37 0x21 0x0d[EOL]
[2026-09-22T08:31:02.115256Z][RH.newgen-samplerecognitioncamera][I][2800028][137]CJProtocolBaseStep.cpp:ReadReport():86|Received 3 bytes from Sample Recognition Camera: 0x23 0x2b 0x0d[EOL]
[2026-09-22T08:31:02.115308Z][RH.newgen-samplerecognitioncamera][I][2800074][137]CSendAllConfigStringsStep.cpp:DoStep():67|Sending cmd: <TEAN8ENAB 0!>[EOL]
[2026-09-22T08:31:02.115319Z][RH.newgen-samplerecognitioncamera][I][2800030][137]CJProtocolBaseStep.cpp:DoStep():64|Sending 14 bytes to Sample Recognition Camera: 0x23 0x54 0x45 0x41 0x4e 0x38 0x45 0x4e 0x41 0x42 0x20 0x30 0x21 0x0d[EOL]
[2026-09-22T08:31:02.117424Z][RH.newgen-rackhandler][I][0][155]CRHCEventListener.cpp:ReportReceived():63|No tracker for Port Id: RHCInputPortID_0 (0) registered[EOL]
[2026-09-22T08:31:02.118117Z][RH.newgen-samplerecognitioncamera][I][2800028][137]CJProtocolBaseStep.cpp:ReadReport():86|Received 3 bytes from Sample Recognition Camera: 0x23 0x2b 0x0d[EOL]
[2026-09-22T08:31:02.118158Z][RH.newgen-samplerecognitioncamera][I][2800074][137]CSendAllConfigStringsStep.cpp:DoStep():67|Sending cmd: <TEAN8CHEC 1!>[EOL]
[2026-09-22T08:31:02.118167Z][RH.newgen-samplerecognitioncamera][I][2800030][137]CJProtocolBaseStep.cpp:DoStep():64|Sending 14 bytes to Sample Recognition Camera: 0x23 0x54 0x45 0x41 0x4e 0x38 0x43 0x48 0x45 0x43 0x20 0x31 0x21 0x0d[EOL]
[2026-09-22T08:31:02.120133Z][RH.newgen-samplerecognitioncamera][I][2800028][137]CJProtocolBaseStep.cpp:ReadReport():86|Received 3 bytes from Sample Recognition Camera: 0x23 0x2b 0x0d[EOL]
[2026-09-22T08:31:02.120188Z][RH.newgen-samplerecognitioncamera][I][2800074][137]CSendAllConfigStringsStep.cpp:DoStep():67|Sending cmd: <TEANADD2 1!>[EOL]
[2026-09-22T08:31:02.120200Z][RH.newgen-samplerecognitioncamera][I][2800030][137]CJProtocolBaseStep.cpp:DoStep():64|Sending 13 bytes to Sample Recognition Camera: 0x23 0x54 0x45 0x41 0x4e 0x41 0x44 0x44 0x32 0x20 0x31 0x21 0x0d[EOL]
[2026-09-22T08:31:02.122199Z][RH.newgen-samplerecognitioncamera][I][2800028][137]CJProtocolBaseStep.cpp:ReadReport():86|Received 3 bytes from Sample Recognition Camera: 0x23 0x2b 0x0d[EOL]
[2026-09-22T08:31:02.122237Z][RH.newgen-samplerecognitioncamera][I][2800074][137]CSendAllConfigStringsStep.cpp:DoStep():67|Sending cmd: <TEANADD5 1!>[EOL]
[2026-09-22T08:31:02.122245Z][RH.newgen-samplerecognitioncamera][I][2800030][137]CJProtocolBaseStep.cpp:DoStep():64|Sending 13 bytes to Sample Recognition Camera: 0x23 0x54 0x45 0x41 0x4e 0x41 0x44 0x44 0x35 0x20 0x31 0x21 0x0d[EOL]
[2026-09-22T08:31:02.124179Z][RH.newgen-samplerecognitioncamera][I][2800028][137]CJProtocolBaseStep.cpp:ReadReport():86|Received 3 bytes from Sample Recognition Camera: 0x23 0x2b 0x0d[EOL]
[2026-09-22T08:31:02.124227Z][RH.newgen-samplerecognitioncamera][I][2800074][137]CSendAllConfigStringsStep.cpp:DoStep():67|Sending cmd: <TEAN8MAXL 7!>[EOL]
[2026-09-22T08:31:02.124235Z][RH.newgen-samplerecognitioncamera][I][2800030][137]CJProtocolBaseStep.cpp:DoStep():64|Sending 14 bytes to Sample Recognition Camera: 0x23 0x54 0x45 0x41 0x4e 0x38 0x4d 0x41 0x58 0x4c 0x20 0x37 0x21 0x0d[EOL]
[2026-09-22T08:31:02.127767Z][RH.newgen-samplerecognitioncamera][I][2800028][137]CJProtocolBaseStep.cpp:ReadReport():86|Received 3 bytes from Sample Recognition Camera: 0x23 0x2b 0x0d[EOL]
[2026-09-22T08:31:02.127925Z][RH.newgen-samplerecognitioncamera][I][2800074][137]CSendAllConfigStringsStep.cpp:DoStep():67|Sending cmd: <TEAN8MINL 7!>[EOL]
[2026-09-22T08:31:02.128291Z][RH.newgen-samplerecognitioncamera][I][2800030][137]CJProtocolBaseStep.cpp:DoStep():64|Sending 14 bytes to Sample Recognition Camera: 0x23 0x54 0x45 0x41 0x4e 0x38 0x4d 0x49 0x4e 0x4c 0x20 0x37 0x21 0x0d[EOL]
[2026-09-22T08:31:02.130572Z][RH.newgen-samplerecognitioncamera][I][2800028][137]CJProtocolBaseStep.cpp:ReadReport():86|Received 3 bytes from Sample Recognition Camera: 0x23 0x2b 0x0d[EOL]
[2026-09-22T08:31:02.130620Z][RH.newgen-samplerecognitioncamera][I][2800074][137]CSendAllConfigStringsStep.cpp:DoStep():67|Sending cmd: <TEAN13ENAB 0!>[EOL]
[2026-09-22T08:31:02.130628Z][RH.newgen-samplerecognitioncamera][I][2800030][137]CJProtocolBaseStep.cpp:DoStep():64|Sending 15 bytes to Sample Recognition Camera: 0x23 0x54 0x45 0x41 0x4e 0x31 0x33 0x45 0x4e 0x41 0x42 0x20 0x30 0x21 0x0d[EOL]
[2026-09-22T08:31:02.132096Z][RH.newgen-samplerecognitioncamera][I][2800028][137]CJProtocolBaseStep.cpp:ReadReport():86|Received 3 bytes from Sample Recognition Camera: 0x23 0x2b 0x0d[EOL]
[2026-09-22T08:31:02.132177Z][RH.newgen-samplerecognitioncamera][I][2800074][137]CSendAllConfigStringsStep.cpp:DoStep():67|Sending cmd: <TEAN13CHEC 1!>[EOL]
[2026-09-22T08:31:02.132213Z][RH.newgen-samplerecognitioncamera][I][2800030][137]CJProtocolBaseStep.cpp:DoStep():64|Sending 15 bytes to Sample Recognition Camera: 0x23 0x54 0x45 0x41 0x4e 0x31 0x33 0x43 0x48 0x45 0x43 0x20 0x31 0x21 0x0d[EOL]
[2026-09-22T08:31:02.134157Z][RH.newgen-samplerecognitioncamera][I][2800028][137]CJProtocolBaseStep.cpp:ReadReport():86|Received 3 bytes from Sample Recognition Camera: 0x23 0x2b 0x0d[EOL]
[2026-09-22T08:31:02.134268Z][RH.newgen-samplerecognitioncamera][I][2800074][137]CSendAllConfigStringsStep.cpp:DoStep():67|Sending cmd: <TEANADD2 1!>[EOL]
[2026-09-22T08:31:02.134283Z][RH.newgen-samplerecognitioncamera][I][2800030][137]CJProtocolBaseStep.cpp:DoStep():64|Sending 13 bytes to Sample Recognition Camera: 0x23 0x54 0x45 0x41 0x4e 0x41 0x44 0x44 0x32 0x20 0x31 0x21 0x0d[EOL]
[2026-09-22T08:31:02.137181Z][RH.newgen-samplerecognitioncamera][I][2800028][137]CJProtocolBaseStep.cpp:ReadReport():86|Received 3 bytes from Sample Recognition Camera: 0x23 0x2b 0x0d[EOL]
[2026-09-22T08:31:02.137369Z][RH.newgen-samplerecognitioncamera][I][2800074][137]CSendAllConfigStringsStep.cpp:DoStep():67|Sending cmd: <TEANADD5 1!>[EOL]
[2026-09-22T08:31:02.137385Z][RH.newgen-samplerecognitioncamera][I][2800030][137]CJProtocolBaseStep.cpp:DoStep():64|Sending 13 bytes to Sample Recognition Camera: 0x23 0x54 0x45 0x41 0x4e 0x41 0x44 0x44 0x35 0x20 0x31 0x21 0x0d[EOL]
[2026-09-22T08:31:02.139165Z][RH.newgen-samplerecognitioncamera][I][2800028][137]CJProtocolBaseStep.cpp:ReadReport():86|Received 3 bytes from Sample Recognition Camera: 0x23 0x2b 0x0d[EOL]
[2026-09-22T08:31:02.139293Z][RH.newgen-samplerecognitioncamera][I][2800074][137]CSendAllConfigStringsStep.cpp:DoStep():67|Sending cmd: <TEAN13MAXL 12!>[EOL]
[2026-09-22T08:31:02.139310Z][RH.newgen-samplerecognitioncamera][I][2800030][137]CJProtocolBaseStep.cpp:DoStep():64|Sending 16 bytes to Sample Recognition Camera: 0x23 0x54 0x45 0x41 0x4e 0x31 0x33 0x4d 0x41 0x58 0x4c 0x20 0x31 0x32 0x21 0x0d[EOL]
[2026-09-22T08:31:02.141145Z][RH.newgen-samplerecognitioncamera][I][2800028][137]CJProtocolBaseStep.cpp:ReadReport():86|Received 3 bytes from Sample Recognition Camera: 0x23 0x2b 0x0d[EOL]
[2026-09-22T08:31:02.141197Z][RH.newgen-samplerecognitioncamera][I][2800074][137]CSendAllConfigStringsStep.cpp:DoStep():67|Sending cmd: <TEAN13MINL 12!>[EOL]
[2026-09-22T08:31:02.141208Z][RH.newgen-samplerecognitioncamera][I][2800030][137]CJProtocolBaseStep.cpp:DoStep():64|Sending 16 bytes to Sample Recognition Camera: 0x23 0x54 0x45 0x41 0x4e 0x31 0x33 0x4d 0x49 0x4e 0x4c 0x20 0x31 0x32 0x21 0x0d[EOL]
[2026-09-22T08:31:02.143417Z][RH.newgen-samplerecognitioncamera][I][2800028][137]CJProtocolBaseStep.cpp:ReadReport():86|Received 3 bytes from Sample Recognition Camera: 0x23 0x2b 0x0d[EOL]
[2026-09-22T08:31:02.143490Z][RH.newgen-samplerecognitioncamera][I][2800074][137]CSendAllConfigStringsStep.cpp:DoStep():67|Sending cmd: <T93ENAB 0!>[EOL]
[2026-09-22T08:31:02.143507Z][RH.newgen-samplerecognitioncamera][I][2800030][137]CJProtocolBaseStep.cpp:DoStep():64|Sending 12 bytes to Sample Recognition Camera: 0x23 0x54 0x39 0x33 0x45 0x4e 0x41 0x42 0x20 0x30 0x21 0x0d[EOL]
[2026-09-22T08:31:02.145360Z][RH.newgen-samplerecognitioncamera][I][2800028][137]CJProtocolBaseStep.cpp:ReadReport():86|Received 3 bytes from Sample Recognition Camera: 0x23 0x2b 0x0d[EOL]
[2026-09-22T08:31:02.145421Z][RH.newgen-samplerecognitioncamera][I][2800074][137]CSendAllConfigStringsStep.cpp:DoStep():67|Sending cmd: <T93MAXL 23!>[EOL]
[2026-09-22T08:31:02.145432Z][RH.newgen-samplerecognitioncamera][I][2800030][137]CJProtocolBaseStep.cpp:DoStep():64|Sending 13 bytes to Sample Recognition Camera: 0x23 0x54 0x39 0x33 0x4d 0x41 0x58 0x4c 0x20 0x32 0x33 0x21 0x0d[EOL]
[2026-09-22T08:31:02.147511Z][RH.newgen-samplerecognitioncamera][I][2800028][137]CJProtocolBaseStep.cpp:ReadReport():86|Received 3 bytes from Sample Recognition Camera: 0x23 0x2b 0x0d[EOL]
[2026-09-22T08:31:02.147582Z][RH.newgen-samplerecognitioncamera][I][2800074][137]CSendAllConfigStringsStep.cpp:DoStep():67|Sending cmd: <T93MINL 1!>[EOL]
[2026-09-22T08:31:02.147601Z][RH.newgen-samplerecognitioncamera][I][2800030][137]CJProtocolBaseStep.cpp:DoStep():64|Sending 12 bytes to Sample Recognition Camera: 0x23 0x54 0x39 0x33 0x4d 0x49 0x4e 0x4c 0x20 0x31 0x21 0x0d[EOL]
[2026-09-22T08:31:02.149492Z][RH.newgen-samplerecognitioncamera][I][2800028][137]CJProtocolBaseStep.cpp:ReadReport():86|Received 3 bytes from Sample Recognition Camera: 0x23 0x2b 0x0d[EOL]
[2026-09-22T08:31:02.149544Z][RH.newgen-samplerecognitioncamera][I][2800074][137]CSendAllConfigStringsStep.cpp:DoStep():67|Sending cmd: <R128ENAB 0!>[EOL]
[2026-09-22T08:31:02.149554Z][RH.newgen-samplerecognitioncamera][I][2800030][137]CJProtocolBaseStep.cpp:DoStep():64|Sending 13 bytes to Sample Recognition Camera: 0x23 0x52 0x31 0x32 0x38 0x45 0x4e 0x41 0x42 0x20 0x30 0x21 0x0d[EOL]
[2026-09-22T08:31:02.151190Z][RH.newgen-samplerecognitioncamera][I][2800028][137]CJProtocolBaseStep.cpp:ReadReport():86|Received 3 bytes from Sample Recognition Camera: 0x23 0x2b 0x0d[EOL]
[2026-09-22T08:31:02.151243Z][RH.newgen-samplerecognitioncamera][I][2800074][137]CSendAllConfigStringsStep.cpp:DoStep():67|Sending cmd: <R128MAXL 23!>[EOL]
[2026-09-22T08:31:02.151254Z][RH.newgen-samplerecognitioncamera][I][2800030][137]CJProtocolBaseStep.cpp:DoStep():64|Sending 14 bytes to Sample Recognition Camera: 0x23 0x52 0x31 0x32 0x38 0x4d 0x41 0x58 0x4c 0x20 0x32 0x33 0x21 0x0d[EOL]
[2026-09-22T08:31:02.153227Z][RH.newgen-samplerecognitioncamera][I][2800028][137]CJProtocolBaseStep.cpp:ReadReport():86|Received 3 bytes from Sample Recognition Camera: 0x23 0x2b 0x0d[EOL]
[2026-09-22T08:31:02.153351Z][RH.newgen-samplerecognitioncamera][I][2800074][137]CSendAllConfigStringsStep.cpp:DoStep():67|Sending cmd: <R128MINL 1!>[EOL]
[2026-09-22T08:31:02.153365Z][RH.newgen-samplerecognitioncamera][I][2800030][137]CJProtocolBaseStep.cpp:DoStep():64|Sending 13 bytes to Sample Recognition Camera: 0x23 0x52 0x31 0x32 0x38 0x4d 0x49 0x4e 0x4c 0x20 0x31 0x21 0x0d[EOL]
[2026-09-22T08:31:02.155263Z][RH.newgen-samplerecognitioncamera][I][2800028][137]CJProtocolBaseStep.cpp:ReadReport():86|Received 3 bytes from Sample Recognition Camera: 0x23 0x2b 0x0d[EOL]
[2026-09-22T08:31:02.155314Z][RH.newgen-samplerecognitioncamera][I][2800074][137]CSendAllConfigStringsStep.cpp:DoStep():67|Sending cmd: <RC39ENAB 0!>[EOL]
[2026-09-22T08:31:02.155324Z][RH.newgen-samplerecognitioncamera][I][2800030][137]CJProtocolBaseStep.cpp:DoStep():64|Sending 13 bytes to Sample Recognition Camera: 0x23 0x52 0x43 0x33 0x39 0x45 0x4e 0x41 0x42 0x20 0x30 0x21 0x0d[EOL]
[2026-09-22T08:31:02.157421Z][RH.newgen-samplerecognitioncamera][I][2800028][137]CJProtocolBaseStep.cpp:ReadReport():86|Received 3 bytes from Sample Recognition Camera: 0x23 0x2b 0x0d[EOL]
[2026-09-22T08:31:02.157492Z][RH.newgen-samplerecognitioncamera][I][2800074][137]CSendAllConfigStringsStep.cpp:DoStep():67|Sending cmd: <RC39CHEC 1!>[EOL]
[2026-09-22T08:31:02.157501Z][RH.newgen-samplerecognitioncamera][I][2800030][137]CJProtocolBaseStep.cpp:DoStep():64|Sending 13 bytes to Sample Recognition Camera: 0x23 0x52 0x43 0x33 0x39 0x43 0x48 0x45 0x43 0x20 0x31 0x21 0x0d[EOL]
[2026-09-22T08:31:02.159234Z][RH.newgen-samplerecognitioncamera][I][2800028][137]CJProtocolBaseStep.cpp:ReadReport():86|Received 3 bytes from Sample Recognition Camera: 0x23 0x2b 0x0d[EOL]
[2026-09-22T08:31:02.159339Z][RH.newgen-samplerecognitioncamera][I][2800074][137]CSendAllConfigStringsStep.cpp:DoStep():67|Sending cmd: <RC39XMIT 0!>[EOL]
[2026-09-22T08:31:02.159397Z][RH.newgen-samplerecognitioncamera][I][2800030][137]CJProtocolBaseStep.cpp:DoStep():64|Sending 13 bytes to Sample Recognition Camera: 0x23 0x52 0x43 0x33 0x39 0x58 0x4d 0x49 0x54 0x20 0x30 0x21 0x0d[EOL]
[2026-09-22T08:31:02.161471Z][RH.newgen-samplerecognitioncamera][I][2800028][137]CJProtocolBaseStep.cpp:ReadReport():86|Received 3 bytes from Sample Recognition Camera: 0x23 0x2b 0x0d[EOL]
[2026-09-22T08:31:02.161528Z][RH.newgen-samplerecognitioncamera][I][2800074][137]CSendAllConfigStringsStep.cpp:DoStep():67|Sending cmd: <RC39MAXL 23!>[EOL]
[2026-09-22T08:31:02.161541Z][RH.newgen-samplerecognitioncamera][I][2800030][137]CJProtocolBaseStep.cpp:DoStep():64|Sending 14 bytes to Sample Recognition Camera: 0x23 0x52 0x43 0x33 0x39 0x4d 0x41 0x58 0x4c 0x20 0x32 0x33 0x21 0x0d[EOL]
[2026-09-22T08:31:02.163617Z][RH.newgen-samplerecognitioncamera][I][2800028][137]CJProtocolBaseStep.cpp:ReadReport():86|Received 3 bytes from Sample Recognition Camera: 0x23 0x2b 0x0d[EOL]
[2026-09-22T08:31:02.163671Z][RH.newgen-samplerecognitioncamera][I][2800074][137]CSendAllConfigStringsStep.cpp:DoStep():67|Sending cmd: <RC39MINL 1!>[EOL]
[2026-09-22T08:31:02.163681Z][RH.newgen-samplerecognitioncamera][I][2800030][137]CJProtocolBaseStep.cpp:DoStep():64|Sending 13 bytes to Sample Recognition Camera: 0x23 0x52 0x43 0x33 0x39 0x4d 0x49 0x4e 0x4c 0x20 0x31 0x21 0x0d[EOL]
[2026-09-22T08:31:02.165357Z][RH.newgen-samplerecognitioncamera][I][2800028][137]CJProtocolBaseStep.cpp:ReadReport():86|Received 3 bytes from Sample Recognition Camera: 0x23 0x2b 0x0d[EOL]
[2026-09-22T08:31:02.165390Z][RH.newgen-samplerecognitioncamera][I][2800074][137]CSendAllConfigStringsStep.cpp:DoStep():67|Sending cmd: <RCBRENAB 0!>[EOL]
[2026-09-22T08:31:02.165398Z][RH.newgen-samplerecognitioncamera][I][2800030][137]CJProtocolBaseStep.cpp:DoStep():64|Sending 13 bytes to Sample Recognition Camera: 0x23 0x52 0x43 0x42 0x52 0x45 0x4e 0x41 0x42 0x20 0x30 0x21 0x0d[EOL]
[2026-09-22T08:31:02.167183Z][RH.newgen-samplerecognitioncamera][I][2800028][137]CJProtocolBaseStep.cpp:ReadReport():86|Received 3 bytes from Sample Recognition Camera: 0x23 0x2b 0x0d[EOL]
[2026-09-22T08:31:02.167257Z][RH.newgen-samplerecognitioncamera][I][2800074][137]CSendAllConfigStringsStep.cpp:DoStep():67|Sending cmd: <RCBRCHEC 1!>[EOL]
[2026-09-22T08:31:02.167279Z][RH.newgen-samplerecognitioncamera][I][2800030][137]CJProtocolBaseStep.cpp:DoStep():64|Sending 13 bytes to Sample Recognition Camera: 0x23 0x52 0x43 0x42 0x52 0x43 0x48 0x45 0x43 0x20 0x31 0x21 0x0d[EOL]
[2026-09-22T08:31:02.169333Z][RH.newgen-samplerecognitioncamera][I][2800028][137]CJProtocolBaseStep.cpp:ReadReport():86|Received 3 bytes from Sample Recognition Camera: 0x23 0x2b 0x0d[EOL]
[2026-09-22T08:31:02.169469Z][RH.newgen-samplerecognitioncamera][I][2800074][137]CSendAllConfigStringsStep.cpp:DoStep():67|Sending cmd: <RCBRXMIT 2!>[EOL]
[2026-09-22T08:31:02.169495Z][RH.newgen-samplerecognitioncamera][I][2800030][137]CJProtocolBaseStep.cpp:DoStep():64|Sending 13 bytes to Sample Recognition Camera: 0x23 0x52 0x43 0x42 0x52 0x58 0x4d 0x49 0x54 0x20 0x32 0x21 0x0d[EOL]
[2026-09-22T08:31:02.172150Z][RH.newgen-samplerecognitioncamera][I][2800028][137]CJProtocolBaseStep.cpp:ReadReport():86|Received 3 bytes from Sample Recognition Camera: 0x23 0x2b 0x0d[EOL]
[2026-09-22T08:31:02.172187Z][RH.newgen-samplerecognitioncamera][I][2800074][137]CSendAllConfigStringsStep.cpp:DoStep():67|Sending cmd: <RCBRMAXL 23!>[EOL]
[2026-09-22T08:31:02.172233Z][RH.newgen-samplerecognitioncamera][I][2800030][137]CJProtocolBaseStep.cpp:DoStep():64|Sending 14 bytes to Sample Recognition Camera: 0x23 0x52 0x43 0x42 0x52 0x4d 0x41 0x58 0x4c 0x20 0x32 0x33 0x21 0x0d[EOL]
[2026-09-22T08:31:02.174263Z][RH.newgen-samplerecognitioncamera][I][2800028][137]CJProtocolBaseStep.cpp:ReadReport():86|Received 3 bytes from Sample Recognition Camera: 0x23 0x2b 0x0d[EOL]
[2026-09-22T08:31:02.174329Z][RH.newgen-samplerecognitioncamera][I][2800074][137]CSendAllConfigStringsStep.cpp:DoStep():67|Sending cmd: <RCBRMINL 4!>[EOL]
[2026-09-22T08:31:02.174342Z][RH.newgen-samplerecognitioncamera][I][2800030][137]CJProtocolBaseStep.cpp:DoStep():64|Sending 13 bytes to Sample Recognition Camera: 0x23 0x52 0x43 0x42 0x52 0x4d 0x49 0x4e 0x4c 0x20 0x34 0x21 0x0d[EOL]
[2026-09-22T08:31:02.176389Z][RH.newgen-samplerecognitioncamera][I][2800028][137]CJProtocolBaseStep.cpp:ReadReport():86|Received 3 bytes from Sample Recognition Camera: 0x23 0x2b 0x0d[EOL]
[2026-09-22T08:31:02.176488Z][RH.newgen-samplerecognitioncamera][I][2800074][137]CSendAllConfigStringsStep.cpp:DoStep():67|Sending cmd: <RI25ENAB 1!>[EOL]
[2026-09-22T08:31:02.176508Z][RH.newgen-samplerecognitioncamera][I][2800030][137]CJProtocolBaseStep.cpp:DoStep():64|Sending 13 bytes to Sample Recognition Camera: 0x23 0x52 0x49 0x32 0x35 0x45 0x4e 0x41 0x42 0x20 0x31 0x21 0x0d[EOL]
[2026-09-22T08:31:02.180220Z][RH.newgen-samplerecognitioncamera][I][2800028][137]CJProtocolBaseStep.cpp:ReadReport():86|Received 3 bytes from Sample Recognition Camera: 0x23 0x2b 0x0d[EOL]
[2026-09-22T08:31:02.180337Z][RH.newgen-samplerecognitioncamera][I][2800074][137]CSendAllConfigStringsStep.cpp:DoStep():67|Sending cmd: <RI25CHEC 1!>[EOL]
[2026-09-22T08:31:02.180353Z][RH.newgen-samplerecognitioncamera][I][2800030][137]CJProtocolBaseStep.cpp:DoStep():64|Sending 13 bytes to Sample Recognition Camera: 0x23 0x52 0x49 0x32 0x35 0x43 0x48 0x45 0x43 0x20 0x31 0x21 0x0d[EOL]
[2026-09-22T08:31:02.182279Z][RH.newgen-samplerecognitioncamera][I][2800028][137]CJProtocolBaseStep.cpp:ReadReport():86|Received 3 bytes from Sample Recognition Camera: 0x23 0x2b 0x0d[EOL]
[2026-09-22T08:31:02.182371Z][RH.newgen-samplerecognitioncamera][I][2800074][137]CSendAllConfigStringsStep.cpp:DoStep():67|Sending cmd: <RI25MAXL 5!>[EOL]
[2026-09-22T08:31:02.182388Z][RH.newgen-samplerecognitioncamera][I][2800030][137]CJProtocolBaseStep.cpp:DoStep():64|Sending 13 bytes to Sample Recognition Camera: 0x23 0x52 0x49 0x32 0x35 0x4d 0x41 0x58 0x4c 0x20 0x35 0x21 0x0d[EOL]
[2026-09-22T08:31:02.184394Z][RH.newgen-samplerecognitioncamera][I][2800028][137]CJProtocolBaseStep.cpp:ReadReport():86|Received 3 bytes from Sample Recognition Camera: 0x23 0x2b 0x0d[EOL]
[2026-09-22T08:31:02.184534Z][RH.newgen-samplerecognitioncamera][I][2800074][137]CSendAllConfigStringsStep.cpp:DoStep():67|Sending cmd: <RI25MINL 5!>[EOL]
[2026-09-22T08:31:02.184552Z][RH.newgen-samplerecognitioncamera][I][2800030][137]CJProtocolBaseStep.cpp:DoStep():64|Sending 13 bytes to Sample Recognition Camera: 0x23 0x52 0x49 0x32 0x35 0x4d 0x49 0x4e 0x4c 0x20 0x35 0x21 0x0d[EOL]
[2026-09-22T08:31:02.184691Z][RH.transfer-xyz-gripper][I][1009015][136]CInitSequenceProcedure.cpp:SetParameter():82|InitSequenceID 10, TimingClassification 10[EOL]
[2026-09-22T08:31:02.184806Z][RH.transfer-xyz-gripper][I][1009016][136]CInitPatternProcedure.cpp:SetParameter():110|InitSequenceID 10, InitPatternID 0, TimingClassification 10[EOL]
[2026-09-22T08:31:02.184873Z][RH.transfer-xyz-gripper][I][1009017][136]CInitStepProcedure.cpp:SetParameter():85|InitSequenceID 10, InitPatternID 0, TimingClassification 10[EOL]
[2026-09-22T08:31:02.184920Z][RH.transfer-xyz-gripper][I][1009003][136]CInitOneAxisIntProcedure.cpp:SetParameter():127|MotionDevice 0, TimingClassification 10, InitStructureID 1[EOL]
[2026-09-22T08:31:02.184971Z][RH.transfer-xyz-gripper][I][1009005][136]CEnableOneMotorDeviceIntProcedure.cpp:SetParameter():82|MotionDevice 0[EOL]
[2026-09-22T08:31:02.186275Z][RH.newgen-samplerecognitioncamera][I][2800028][137]CJProtocolBaseStep.cpp:ReadReport():86|Received 3 bytes from Sample Recognition Camera: 0x23 0x2b 0x0d[EOL]
[2026-09-22T08:31:02.186335Z][RH.newgen-samplerecognitioncamera][I][2800074][137]CSendAllConfigStringsStep.cpp:DoStep():67|Sending cmd: <REAN8ENAB 0!>[EOL]
[2026-09-22T08:31:02.186347Z][RH.newgen-samplerecognitioncamera][I][2800030][137]CJProtocolBaseStep.cpp:DoStep():64|Sending 14 bytes to Sample Recognition Camera: 0x23 0x52 0x45 0x41 0x4e 0x38 0x45 0x4e 0x41 0x42 0x20 0x30 0x21 0x0d[EOL]
[2026-09-22T08:31:02.188289Z][RH.newgen-samplerecognitioncamera][I][2800028][137]CJProtocolBaseStep.cpp:ReadReport():86|Received 3 bytes from Sample Recognition Camera: 0x23 0x2b 0x0d[EOL]
[2026-09-22T08:31:02.188360Z][RH.newgen-samplerecognitioncamera][I][2800074][137]CSendAllConfigStringsStep.cpp:DoStep():67|Sending cmd: <REAN8CHEC 1!>[EOL]
[2026-09-22T08:31:02.188374Z][RH.newgen-samplerecognitioncamera][I][2800030][137]CJProtocolBaseStep.cpp:DoStep():64|Sending 14 bytes to Sample Recognition Camera: 0x23 0x52 0x45 0x41 0x4e 0x38 0x43 0x48 0x45 0x43 0x20 0x31 0x21 0x0d[EOL]
[2026-09-22T08:31:02.190141Z][RH.newgen-samplerecognitioncamera][I][2800028][137]CJProtocolBaseStep.cpp:ReadReport():86|Received 3 bytes from Sample Recognition Camera: 0x23 0x2b 0x0d[EOL]
[2026-09-22T08:31:02.190178Z][RH.newgen-samplerecognitioncamera][I][2800074][137]CSendAllConfigStringsStep.cpp:DoStep():67|Sending cmd: <REANADD2 0!>[EOL]
[2026-09-22T08:31:02.190209Z][RH.newgen-samplerecognitioncamera][I][2800030][137]CJProtocolBaseStep.cpp:DoStep():64|Sending 13 bytes to Sample Recognition Camera: 0x23 0x52 0x45 0x41 0x4e 0x41 0x44 0x44 0x32 0x20 0x30 0x21 0x0d[EOL]
[2026-09-22T08:31:02.192377Z][RH.newgen-samplerecognitioncamera][I][2800028][137]CJProtocolBaseStep.cpp:ReadReport():86|Received 3 bytes from Sample Recognition Camera: 0x23 0x2b 0x0d[EOL]
[2026-09-22T08:31:02.192431Z][RH.newgen-samplerecognitioncamera][I][2800074][137]CSendAllConfigStringsStep.cpp:DoStep():67|Sending cmd: <REANADD5 0!>[EOL]
[2026-09-22T08:31:02.192443Z][RH.newgen-samplerecognitioncamera][I][2800030][137]CJProtocolBaseStep.cpp:DoStep():64|Sending 13 bytes to Sample Recognition Camera: 0x23 0x52 0x45 0x41 0x4e 0x41 0x44 0x44 0x35 0x20 0x30 0x21 0x0d[EOL]
[2026-09-22T08:31:02.194250Z][RH.newgen-samplerecognitioncamera][I][2800028][137]CJProtocolBaseStep.cpp:ReadReport():86|Received 3 bytes from Sample Recognition Camera: 0x23 0x2b 0x0d[EOL]
[2026-09-22T08:31:02.194334Z][RH.newgen-samplerecognitioncamera][I][2800074][137]CSendAllConfigStringsStep.cpp:DoStep():67|Sending cmd: <REAN8MAXL 7!>[EOL]
[2026-09-22T08:31:02.194350Z][RH.newgen-samplerecognitioncamera][I][2800030][137]CJProtocolBaseStep.cpp:DoStep():64|Sending 14 bytes to Sample Recognition Camera: 0x23 0x52 0x45 0x41 0x4e 0x38 0x4d 0x41 0x58 0x4c 0x20 0x37 0x21 0x0d[EOL]
[2026-09-22T08:31:02.196607Z][RH.newgen-samplerecognitioncamera][I][2800028][137]CJProtocolBaseStep.cpp:ReadReport():86|Received 3 bytes from Sample Recognition Camera: 0x23 0x2b 0x0d[EOL]
[2026-09-22T08:31:02.196662Z][RH.newgen-samplerecognitioncamera][I][2800074][137]CSendAllConfigStringsStep.cpp:DoStep():67|Sending cmd: <REAN8MINL 7!>[EOL]
[2026-09-22T08:31:02.196674Z][RH.newgen-samplerecognitioncamera][I][2800030][137]CJProtocolBaseStep.cpp:DoStep():64|Sending 14 bytes to Sample Recognition Camera: 0x23 0x52 0x45 0x41 0x4e 0x38 0x4d 0x49 0x4e 0x4c 0x20 0x37 0x21 0x0d[EOL]
[2026-09-22T08:31:02.198205Z][RH.newgen-samplerecognitioncamera][I][2800028][137]CJProtocolBaseStep.cpp:ReadReport():86|Received 3 bytes from Sample Recognition Camera: 0x23 0x2b 0x0d[EOL]
[2026-09-22T08:31:02.198254Z][RH.newgen-samplerecognitioncamera][I][2800074][137]CSendAllConfigStringsStep.cpp:DoStep():67|Sending cmd: <REAN13ENAB 0!>[EOL]
[2026-09-22T08:31:02.198265Z][RH.newgen-samplerecognitioncamera][I][2800030][137]CJProtocolBaseStep.cpp:DoStep():64|Sending 15 bytes to Sample Recognition Camera: 0x23 0x52 0x45 0x41 0x4e 0x31 0x33 0x45 0x4e 0x41 0x42 0x20 0x30 0x21 0x0d[EOL]
[2026-09-22T08:31:02.200202Z][RH.newgen-samplerecognitioncamera][I][2800028][137]CJProtocolBaseStep.cpp:ReadReport():86|Received 3 bytes from Sample Recognition Camera: 0x23 0x2b 0x0d[EOL]
[2026-09-22T08:31:02.200304Z][RH.newgen-samplerecognitioncamera][I][2800074][137]CSendAllConfigStringsStep.cpp:DoStep():67|Sending cmd: <REAN13CHEC 1!>[EOL]
[2026-09-22T08:31:02.200319Z][RH.newgen-samplerecognitioncamera][I][2800030][137]CJProtocolBaseStep.cpp:DoStep():64|Sending 15 bytes to Sample Recognition Camera: 0x23 0x52 0x45 0x41 0x4e 0x31 0x33 0x43 0x48 0x45 0x43 0x20 0x31 0x21 0x0d[EOL]
[2026-09-22T08:31:02.202223Z][RH.newgen-samplerecognitioncamera][I][2800028][137]CJProtocolBaseStep.cpp:ReadReport():86|Received 3 bytes from Sample Recognition Camera: 0x23 0x2b 0x0d[EOL]
[2026-09-22T08:31:02.202430Z][RH.newgen-samplerecognitioncamera][I][2800074][137]CSendAllConfigStringsStep.cpp:DoStep():67|Sending cmd: <REANADD2 0!>[EOL]
[2026-09-22T08:31:02.202444Z][RH.newgen-samplerecognitioncamera][I][2800030][137]CJProtocolBaseStep.cpp:DoStep():64|Sending 13 bytes to Sample Recognition Camera: 0x23 0x52 0x45 0x41 0x4e 0x41 0x44 0x44 0x32 0x20 0x30 0x21 0x0d[EOL]
[2026-09-22T08:31:02.204232Z][RH.newgen-samplerecognitioncamera][I][2800028][137]CJProtocolBaseStep.cpp:ReadReport():86|Received 3 bytes from Sample Recognition Camera: 0x23 0x2b 0x0d[EOL]
[2026-09-22T08:31:02.204348Z][RH.newgen-samplerecognitioncamera][I][2800074][137]CSendAllConfigStringsStep.cpp:DoStep():67|Sending cmd: <REANADD5 0!>[EOL]
[2026-09-22T08:31:02.204361Z][RH.newgen-samplerecognitioncamera][I][2800030][137]CJProtocolBaseStep.cpp:DoStep():64|Sending 13 bytes to Sample Recognition Camera: 0x23 0x52 0x45 0x41 0x4e 0x41 0x44 0x44 0x35 0x20 0x30 0x21 0x0d[EOL]
[2026-09-22T08:31:02.206165Z][RH.newgen-samplerecognitioncamera][I][2800028][137]CJProtocolBaseStep.cpp:ReadReport():86|Received 3 bytes from Sample Recognition Camera: 0x23 0x2b 0x0d[EOL]
[2026-09-22T08:31:02.206210Z][RH.newgen-samplerecognitioncamera][I][2800074][137]CSendAllConfigStringsStep.cpp:DoStep():67|Sending cmd: <REAN13MAXL 12!>[EOL]
[2026-09-22T08:31:02.206220Z][RH.newgen-samplerecognitioncamera][I][2800030][137]CJProtocolBaseStep.cpp:DoStep():64|Sending 16 bytes to Sample Recognition Camera: 0x23 0x52 0x45 0x41 0x4e 0x31 0x33 0x4d 0x41 0x58 0x4c 0x20 0x31 0x32 0x21 0x0d[EOL]
[2026-09-22T08:31:02.208135Z][RH.newgen-samplerecognitioncamera][I][2800028][137]CJProtocolBaseStep.cpp:ReadReport():86|Received 3 bytes from Sample Recognition Camera: 0x23 0x2b 0x0d[EOL]
[2026-09-22T08:31:02.208193Z][RH.newgen-samplerecognitioncamera][I][2800074][137]CSendAllConfigStringsStep.cpp:DoStep():67|Sending cmd: <REAN13MINL 12!>[EOL]
[2026-09-22T08:31:02.208202Z][RH.newgen-samplerecognitioncamera][I][2800030][137]CJProtocolBaseStep.cpp:DoStep():64|Sending 16 bytes to Sample Recognition Camera: 0x23 0x52 0x45 0x41 0x4e 0x31 0x33 0x4d 0x49 0x4e 0x4c 0x20 0x31 0x32 0x21 0x0d[EOL]
[2026-09-22T08:31:02.210260Z][RH.newgen-samplerecognitioncamera][I][2800028][137]CJProtocolBaseStep.cpp:ReadReport():86|Received 3 bytes from Sample Recognition Camera: 0x23 0x2b 0x0d[EOL]
[2026-09-22T08:31:02.210405Z][RH.newgen-samplerecognitioncamera][I][2800074][137]CSendAllConfigStringsStep.cpp:DoStep():67|Sending cmd: <R93ENAB 0!>[EOL]
[2026-09-22T08:31:02.210423Z][RH.newgen-samplerecognitioncamera][I][2800030][137]CJProtocolBaseStep.cpp:DoStep():64|Sending 12 bytes to Sample Recognition Camera: 0x23 0x52 0x39 0x33 0x45 0x4e 0x41 0x42 0x20 0x30 0x21 0x0d[EOL]
[2026-09-22T08:31:02.212168Z][RH.newgen-samplerecognitioncamera][I][2800028][137]CJProtocolBaseStep.cpp:ReadReport():86|Received 3 bytes from Sample Recognition Camera: 0x23 0x2b 0x0d[EOL]
[2026-09-22T08:31:02.212325Z][RH.newgen-samplerecognitioncamera][I][2800074][137]CSendAllConfigStringsStep.cpp:DoStep():67|Sending cmd: <R93MAXL 23!>[EOL]
[2026-09-22T08:31:02.212338Z][RH.newgen-samplerecognitioncamera][I][2800030][137]CJProtocolBaseStep.cpp:DoStep():64|Sending 13 bytes to Sample Recognition Camera: 0x23 0x52 0x39 0x33 0x4d 0x41 0x58 0x4c 0x20 0x32 0x33 0x21 0x0d[EOL]
[2026-09-22T08:31:02.221338Z][RH.newgen-samplerecognitioncamera][I][2800028][137]CJProtocolBaseStep.cpp:ReadReport():86|Received 3 bytes from Sample Recognition Camera: 0x23 0x2b 0x0d[EOL]
[2026-09-22T08:31:02.221414Z][RH.newgen-samplerecognitioncamera][I][2800074][137]CSendAllConfigStringsStep.cpp:DoStep():67|Sending cmd: <R93MINL 1!>[EOL]
[2026-09-22T08:31:02.221429Z][RH.newgen-samplerecognitioncamera][I][2800030][137]CJProtocolBaseStep.cpp:DoStep():64|Sending 12 bytes to Sample Recognition Camera: 0x23 0x52 0x39 0x33 0x4d 0x49 0x4e 0x4c 0x20 0x31 0x21 0x0d[EOL]
[2026-09-22T08:31:02.223134Z][RH.newgen-samplerecognitioncamera][I][2800028][137]CJProtocolBaseStep.cpp:ReadReport():86|Received 3 bytes from Sample Recognition Camera: 0x23 0x2b 0x0d[EOL]
[2026-09-22T08:31:02.223170Z][RH.newgen-samplerecognitioncamera][I][2800074][137]CSendAllConfigStringsStep.cpp:DoStep():67|Sending cmd: <ANALBTO 700!>[EOL]
[2026-09-22T08:31:02.223179Z][RH.newgen-samplerecognitioncamera][I][2800030][137]CJProtocolBaseStep.cpp:DoStep():64|Sending 14 bytes to Sample Recognition Camera: 0x23 0x41 0x4e 0x41 0x4c 0x42 0x54 0x4f 0x20 0x37 0x30 0x30 0x21 0x0d[EOL]
[2026-09-22T08:31:02.226251Z][RH.newgen-samplerecognitioncamera][I][2800028][137]CJProtocolBaseStep.cpp:ReadReport():86|Received 3 bytes from Sample Recognition Camera: 0x23 0x2b 0x0d[EOL]
[2026-09-22T08:31:02.226314Z][RH.newgen-samplerecognitioncamera][I][2800074][137]CSendAllConfigStringsStep.cpp:DoStep():67|Sending cmd: <M25ENAB 0!>[EOL]
[2026-09-22T08:31:02.226324Z][RH.newgen-samplerecognitioncamera][I][2800030][137]CJProtocolBaseStep.cpp:DoStep():64|Sending 12 bytes to Sample Recognition Camera: 0x23 0x4d 0x32 0x35 0x45 0x4e 0x41 0x42 0x20 0x30 0x21 0x0d[EOL]
[2026-09-22T08:31:02.228240Z][RH.newgen-samplerecognitioncamera][I][2800028][137]CJProtocolBaseStep.cpp:ReadReport():86|Received 3 bytes from Sample Recognition Camera: 0x23 0x2b 0x0d[EOL]
[2026-09-22T08:31:02.228317Z][RH.newgen-samplerecognitioncamera][I][2800074][137]CSendAllConfigStringsStep.cpp:DoStep():67|Sending cmd: <WINDISP 0!>[EOL]
[2026-09-22T08:31:02.228371Z][RH.newgen-samplerecognitioncamera][I][2800030][137]CJProtocolBaseStep.cpp:DoStep():64|Sending 12 bytes to Sample Recognition Camera: 0x23 0x57 0x49 0x4e 0x44 0x49 0x53 0x50 0x20 0x30 0x21 0x0d[EOL]
[2026-09-22T08:31:02.230234Z][RH.newgen-samplerecognitioncamera][I][2800028][137]CJProtocolBaseStep.cpp:ReadReport():86|Received 3 bytes from Sample Recognition Camera: 0x23 0x2b 0x0d[EOL]
[2026-09-22T08:31:02.230410Z][RH.newgen-samplerecognitioncamera][I][2800055][137]CSampleRecognitionCameraEventHelper.cpp:SendCalibrationRequestEvent():59|CalibrationRequest event sent: reason: 1[EOL]
[2026-09-22T08:31:02.230715Z][RH.newgen-rackhandler][I][1780000][155]CSubmoduleEventListener.cpp:HandleReport():45|GetDiscriminant(): 2800011[EOL]
[2026-09-22T08:31:02.231300Z][RH.newgen-rackhandler][I][1780000][155]CSubmoduleEventListener.cpp:HandleReport():46|GetModuleId(): 612[EOL]
[2026-09-22T08:31:02.231326Z][RH.newgen-rackhandler][I][1780000][155]CSubmoduleEventListener.cpp:HandleReport():47|GetSourceId(): 609[EOL]
[2026-09-22T08:31:02.231334Z][RH.newgen-rackhandler][I][1780000][155]CSubmoduleEventListener.cpp:HandleReport():48|GetTypeId(): 5[EOL]
[2026-09-22T08:31:02.231340Z][RH.newgen-rackhandler][I][1780000][155]CSubmoduleEventListener.cpp:HandleReport():49|GetServiceId(): 4[EOL]
[2026-09-22T08:31:02.231369Z][RH.newgen-rackhandler][W][1780056][155]CSubmoduleEventListener.cpp:HandleReport():96|CalibrationRequest event send! reason: 1[EOL]
[2026-09-22T08:31:02.232301Z][RH.newgen-samplerecognitioncamera][I][2800030][137]CJProtocolBaseStep.cpp:DoStep():64|Sending 15 bytes to Sample Recognition Camera: 0x23 0x41 0x6e 0x61 0x6c 0x79 0x7a 0x65 0x54 0x75 0x62 0x65 0x20 0x30 0x0d[EOL]
[2026-09-22T08:31:02.318515Z][RH.transfer-xyz-gripper][I][1009015][136]CInitSequenceProcedure.cpp:SetParameter():82|InitSequenceID 11, TimingClassification 10[EOL]
[2026-09-22T08:31:02.318580Z][RH.transfer-xyz-gripper][I][1009016][136]CInitPatternProcedure.cpp:SetParameter():110|InitSequenceID 11, InitPatternID 0, TimingClassification 10[EOL]
[2026-09-22T08:31:02.318664Z][RH.transfer-xyz-gripper][I][1009019][136]CMoveOneAxisProcedure.cpp:SetParameter():77|MotionDevice 0, DynamicSetIndex 2, MoveDistancePos 0.323500, MoveType 2, InputPortName [EOL]
[2026-09-22T08:31:02.345643Z][RH.transfer-xyz-gripper][I][1009015][136]CInitSequenceProcedure.cpp:SetParameter():82|InitSequenceID 21, TimingClassification 10[EOL]
[2026-09-22T08:31:02.345745Z][RH.transfer-xyz-gripper][I][1009016][136]CInitPatternProcedure.cpp:SetParameter():110|InitSequenceID 21, InitPatternID 0, TimingClassification 10[EOL]
[2026-09-22T08:31:02.345794Z][RH.transfer-xyz-gripper][I][1009017][136]CInitStepProcedure.cpp:SetParameter():85|InitSequenceID 21, InitPatternID 0, TimingClassification 10[EOL]
[2026-09-22T08:31:02.345841Z][RH.transfer-xyz-gripper][I][1009003][136]CInitOneAxisIntProcedure.cpp:SetParameter():127|MotionDevice 1, TimingClassification 10, InitStructureID 3[EOL]
[2026-09-22T08:31:02.345893Z][RH.transfer-xyz-gripper][I][1009005][136]CEnableOneMotorDeviceIntProcedure.cpp:SetParameter():82|MotionDevice 1[EOL]
[2026-09-22T08:31:02.491505Z][RH.transfer-xyz-gripper][I][1009015][136]CInitSequenceProcedure.cpp:SetParameter():82|InitSequenceID 20, TimingClassification 10[EOL]
[2026-09-22T08:31:02.491579Z][RH.transfer-xyz-gripper][I][1009016][136]CInitPatternProcedure.cpp:SetParameter():110|InitSequenceID 20, InitPatternID 0, TimingClassification 10[EOL]
[2026-09-22T08:31:02.491617Z][RH.transfer-xyz-gripper][I][1009017][136]CInitStepProcedure.cpp:SetParameter():85|InitSequenceID 20, InitPatternID 0, TimingClassification 10[EOL]
[2026-09-22T08:31:02.491946Z][RH.transfer-xyz-gripper][I][1009003][136]CInitOneAxisIntProcedure.cpp:SetParameter():127|MotionDevice 1, TimingClassification 10, InitStructureID 1[EOL]
[2026-09-22T08:31:02.492034Z][RH.transfer-xyz-gripper][I][1009005][136]CEnableOneMotorDeviceIntProcedure.cpp:SetParameter():82|MotionDevice 1[EOL]
[2026-09-22T08:31:02.565821Z][RH.transfer-xyz-gripper][I][1009015][136]CInitSequenceProcedure.cpp:SetParameter():82|InitSequenceID 0, TimingClassification 10[EOL]
[2026-09-22T08:31:02.565932Z][RH.transfer-xyz-gripper][I][1009016][136]CInitPatternProcedure.cpp:SetParameter():110|InitSequenceID 0, InitPatternID 0, TimingClassification 10[EOL]
[2026-09-22T08:31:02.566236Z][RH.transfer-xyz-gripper][I][1009015][136]CInitSequenceProcedure.cpp:SetParameter():82|InitSequenceID 1, TimingClassification 10[EOL]
[2026-09-22T08:31:02.566368Z][RH.transfer-xyz-gripper][I][1009016][136]CInitPatternProcedure.cpp:SetParameter():110|InitSequenceID 1, InitPatternID 0, TimingClassification 10[EOL]
[2026-09-22T08:31:02.566443Z][RH.transfer-xyz-gripper][I][1009018][136]CInitSensorCheckProcedure.cpp:SetParameter():65|InitSequenceID 1, InitPatternID 0, TimingClassification 10[EOL]
[2026-09-22T08:31:02.568309Z][RH.transfer-xyz-gripper][I][1009050][136]CGetSingleBitInputStateStep.cpp:ReportReceived():117|The received signal level is SignalLevel_H_L_Enum_Low (0)[EOL]
[2026-09-22T08:31:02.568412Z][RH.transfer-xyz-gripper][I][1009015][136]CInitSequenceProcedure.cpp:SetParameter():82|InitSequenceID 30, TimingClassification 10[EOL]
[2026-09-22T08:31:02.568486Z][RH.transfer-xyz-gripper][I][1009016][136]CInitPatternProcedure.cpp:SetParameter():110|InitSequenceID 30, InitPatternID 0, TimingClassification 10[EOL]
[2026-09-22T08:31:02.568593Z][RH.transfer-xyz-gripper][I][1009017][136]CInitStepProcedure.cpp:SetParameter():85|InitSequenceID 30, InitPatternID 0, TimingClassification 10[EOL]
[2026-09-22T08:31:02.568676Z][RH.transfer-xyz-gripper][I][1009003][136]CInitOneAxisIntProcedure.cpp:SetParameter():127|MotionDevice 2, TimingClassification 10, InitStructureID 1[EOL]
[2026-09-22T08:31:02.568744Z][RH.transfer-xyz-gripper][I][1009005][136]CEnableOneMotorDeviceIntProcedure.cpp:SetParameter():82|MotionDevice 2[EOL]
[2026-09-22T08:31:02.636020Z][RH.transfer-xyz-gripper][N][2330072][136]CMessageBrokerEventHelper.cpp:SendModuleStateChangedEvent():34|Raise ModuleStateChanged Event: OriginatorId 0, ModuleState ModuleState_Ready (4), OldModuleState ModuleState_Initializing (3)[EOL]
[2026-09-22T08:31:02.636527Z][RH.newgen-rackhandler][I][1780000][155]CSetRackOnCarrierPresentStep.cpp:DoStep():37|NO rack is on the handler!![EOL]
[2026-09-22T08:31:02.984668Z][RH.newgen-samplerecognitioncamera][I][2800028][137]CJProtocolBaseStep.cpp:ReadReport():86|Received 30 bytes from Sample Recognition Camera: 0x30 0x2c 0x20 0x30 0x2c 0x20 0x30 0x2e 0x30 0x2c 0x20 0x30 0x2e 0x30 0x2c 0x20 0x30 0x2c 0x20 0x5a 0x2c 0x20 0x4e 0x6f 0x52 0x65 0x61 0x64 0x0d 0x0a[EOL]
[2026-09-22T08:31:02.984689Z][RH.newgen-samplerecognitioncamera][I][0][137]CAnalyzeTubeStep.cpp:ProcessReceivedData():63|JADAK CommandInfo - Analyze answer received: 0, 0, 0.0, 0.0, 0, Z, NoRead#015#012[EOL]
[2026-09-22T08:31:02.984695Z][RH.newgen-samplerecognitioncamera][N][2800004][137]CAnalyzeTubeStep.cpp:ProcessReceivedData():64|length: 30, m_pReadBuffer->GetArray(): 0, 0, 0.0, 0.0, 0, Z, NoRead#015#012[EOL]
[2026-09-22T08:31:02.984765Z][RH.newgen-samplerecognitioncamera][I][0][137]BarcodeUtilities.cpp:ParseInt():185|Token <0>, successful parsed as int: 0[EOL]
[2026-09-22T08:31:02.984783Z][RH.newgen-samplerecognitioncamera][I][0][137]BarcodeUtilities.cpp:ParseInt():185|Token <0>, successful parsed as int: 0[EOL]
[2026-09-22T08:31:02.984789Z][RH.newgen-samplerecognitioncamera][I][0][137]BarcodeUtilities.cpp:ParseInt():185|Token <0>, successful parsed as int: 0[EOL]
[2026-09-22T08:31:02.984792Z][RH.newgen-samplerecognitioncamera][I][0][137]BarcodeUtilities.cpp:ParseInt():185|Token <0>, successful parsed as int: 0[EOL]
[2026-09-22T08:31:02.984796Z][RH.newgen-samplerecognitioncamera][I][0][137]BarcodeUtilities.cpp:ParseInt():185|Token <0>, successful parsed as int: 0[EOL]
[2026-09-22T08:31:02.984800Z][RH.newgen-samplerecognitioncamera][I][0][137]BarcodeUtilities.cpp:ParseInt():185|Token <0>, successful parsed as int: 0[EOL]
[2026-09-22T08:31:02.984803Z][RH.newgen-samplerecognitioncamera][I][0][137]BarcodeUtilities.cpp:ParseInt():185|Token <0>, successful parsed as int: 0[EOL]
[2026-09-22T08:31:02.984813Z][RH.newgen-samplerecognitioncamera][I][2800062][137]BarcodeUtilities.cpp:CheckBarcodeSymbologyParameter():21|Standard AIM symbology identifier: Z[EOL]
[2026-09-22T08:31:02.984862Z][RH.newgen-samplerecognitioncamera][I][2800032][137]CAnalyzeTubeStep.cpp:ParseReceivedData():117|Timeout while waiting for barcode read[EOL]
[2026-09-22T08:31:02.984876Z][RH.newgen-samplerecognitioncamera][I][0][137]BarcodeUtilities.cpp:ClassifyTubeType():125|CAnalyzeCognexTubeStep::CheckTubeDimensions[EOL]
[2026-09-22T08:31:02.985242Z][RH.newgen-samplerecognitioncamera][I][0][137]CInitProcedure.cpp:operator()():39|CInitProcedure terminated[EOL]
[2026-09-22T08:31:02.985271Z][RH.newgen-samplerecognitioncamera][I][2800012][137]CASStateMachine.cpp:ReportStateChange():120|State changed to 4 (from 3)[EOL]
[2026-09-22T08:31:02.985285Z][RH.newgen-samplerecognitioncamera][N][2330072][137]CMessageBrokerEventHelper.cpp:SendModuleStateChangedEvent():34|Raise ModuleStateChanged Event: OriginatorId 0, ModuleState ModuleState_Ready (4), OldModuleState ModuleState_Initializing (3)[EOL]
[2026-09-22T08:31:02.986150Z][RH.newgen-rackhandler][I][1780083][155]CGetVisionScannerInfoProcedure.cpp:SetParameter():38|Procedure GetVisionScannerInfo loaded. Parameters: No Parameters![EOL]
[2026-09-22T08:31:02.986692Z][RH.newgen-samplerecognitioncamera][I][2800077][137]CGetVisionScannerInfoProcedure.cpp:SetParameter():22|Procedure GetVisionScannerInfo loaded. Parameters: No Parameters![EOL]
[2026-09-22T08:31:02.987044Z][RH.newgen-samplerecognitioncamera][I][2800012][137]CASStateMachine.cpp:ReportStateChange():120|State changed to 5 (from 4)[EOL]
[2026-09-22T08:31:02.987078Z][RH.newgen-samplerecognitioncamera][N][2330072][137]CMessageBrokerEventHelper.cpp:SendModuleStateChangedEvent():34|Raise ModuleStateChanged Event: OriginatorId 0, ModuleState ModuleState_Communicating (5), OldModuleState ModuleState_Ready (4)[EOL]
[2026-09-22T08:31:02.987145Z][RH.newgen-samplerecognitioncamera][I][2800094][137]CSampleRecognitionCameraEventHelper.cpp:SendVisionScannerInfoEvent():203|VisionScannerInfo event: CameraType: JADAK, FWRVersion: 1.02.01.0000, FWRDate: Apr 25 2011 10:20:22#012[EOL]
[2026-09-22T08:31:02.987198Z][RH.newgen-samplerecognitioncamera][I][2800012][137]CASStateMachine.cpp:ReportStateChange():120|State changed to 4 (from 5)[EOL]
[2026-09-22T08:31:02.987212Z][RH.newgen-samplerecognitioncamera][N][2330072][137]CMessageBrokerEventHelper.cpp:SendModuleStateChangedEvent():34|Raise ModuleStateChanged Event: OriginatorId 0, ModuleState ModuleState_Ready (4), OldModuleState ModuleState_Communicating (5)[EOL]
[2026-09-22T08:31:02.987570Z][RH.newgen-rackhandler][I][0][155]CGetVisionScannerInfoProcedure.cpp:CallbackVisionScannerInfo():76|VisionScanner:Jadak, FirmwareVersion:1.02.01.0000, FirmwareRevisionDate:Apr 25 2011 10:20:22[EOL]
[2026-09-22T08:31:02.987610Z][RH.newgen-rackhandler][I][844444436][155]UnitCommunicator.cpp:SendEvent():424|Publishing event: type=Roche.c68_8800.RackHandler.VisionScannerInfo correlation_id=(n/a)[EOL]
[2026-09-22T08:31:02.987648Z][RH.newgen-rackhandler][I][2560017][155]MessageSender.h:SendEvent():105|Sent RabbitMqEvent Roche.c68_8800.RackHandler.VisionScannerInfo. Content: {"Timestamp":"2026-09-22T08:31:02.987602Z","VisionScanner":"Jadak","FirmwareVersion":"1.02.01.0000","FirmwareRevisionDate":"Apr 25 2011 10:20:22"}[EOL]
[2026-09-22T08:31:02.988681Z][RH.newgen-rackhandler][I][1780083][155]CMoveConveyorProcedure.cpp:SetParameter():75|Procedure ProcTypeId_MoveConveyor (1780011) loaded. Parameters: InterruptLogic = SMSSensorEdgeLogicInterrupt_Rising_Edge (0); [EOL]
[2026-09-22T08:31:02.988739Z][RH.newgen-rackhandler][N][1780084][155]CCheckExpectedRackPresenceStateStep.cpp:EvalCondition():29|SensorSignal of sensor: LBConveyor is false[EOL]
[2026-09-22T08:31:03.059860Z][RH.newgen-rackhandler][N][2930023][155]CSMCMoveInterruptedWithParameterStep.cpp:PrintReceivedParameters():117|m_InterruptPosition: 20000, m_MaximalStepsExceeded: #001, m_InterruptEvent: 255[EOL]
[2026-09-22T08:31:03.059985Z][RH.newgen-rackhandler][N][1780084][155]CCheckExpectedRackPresenceStateStep.cpp:EvalCondition():29|SensorSignal of sensor: LBConveyor is false[EOL]
[2026-09-22T08:31:03.060044Z][RH.newgen-rackhandler][W][1780048][155]CSendUnexpectedSensorStateOnOutputErrorConveyorEventStep.cpp:DoStep():30|UnexpectedSensorStateOnOutputErrorConveyor event sent.[EOL]
[2026-09-22T08:31:03.060576Z][RH.newgen-rackhandler][W][256][155]CUnifiedExecuteAndHandleEventProcStep.cpp:IsSatisfied():48|ProcStatusCode of procedure 1780011 run on submodule 0 is not checked for consistence with received events.[EOL]
[2026-09-22T08:31:03.060845Z][RH.newgen-rackhandler][I][1780083][155]CInitCheckRackProcedure.cpp:SetParameter():43|Procedure ProcTypeId_InitCheckRack (1780020) loaded. Parameters: [EOL]
[2026-09-22T08:31:03.061762Z][RH.transfer-xyz-gripper][I][1339015][136]CMovementToHomePositionProcedure.cpp:SetParameter():68|Movement To Home Position: ExclusionLayer 1, MoveProcedureType 10, Inv: ( 1 / 0 / 0 / 0 )[EOL]
[2026-09-22T08:31:03.062243Z][RH.transfer-xyz-gripper][N][2330072][136]CMessageBrokerEventHelper.cpp:SendModuleStateChangedEvent():34|Raise ModuleStateChanged Event: OriginatorId 0, ModuleState ModuleState_Moving (9), OldModuleState ModuleState_Ready (4)[EOL]
[2026-09-22T08:31:03.062892Z][RH.transfer-xyz-gripper][I][1339029][136]CMovementToPhysicalTargetIntProcedure.cpp:SetParameter():125|Movement To Physical Target Int: ExclusionLayerIdFrom 0, ExclusionLayerIdTo 1, Pos: ( 0.323500 / 0.435750 / -0.018000 / 0.000000 ), MoveProcedureType 10, Inv: ( 1 / 0 / 0 / 0 ), ZAxisPositionAfterwards 0, Tool Offset: ( 0.000000 / 0.000000 / 0.000000 )[EOL]
[2026-09-22T08:31:03.063432Z][RH.transfer-xyz-gripper][I][1339026][136]CMovementToPhysicalTargetStraightIntProcedure.cpp:SetParameter():171|Movement To Physical Target Straight Int: Pos: ( 0.323500 / 0.865820 / -0.023001 / 0.000000 ), Inv: ( 1 / 0 / 0 / 0 ), MoveMode 1[EOL]
[2026-09-22T08:31:03.068339Z][RH.transfer-xyz-gripper][I][1334010][136]CTransferXYZGripperEventHelper.cpp:SendMoveAxisEvent():40|OriginatorID 65534, MotorDevice 0, StartPosition 0.323500, EndPosition 0.323500, ErrorOccured 0[EOL]
[2026-09-22T08:31:03.068863Z][RH.transfer-xyz-gripper][N][2330072][136]CMessageBrokerEventHelper.cpp:SendModuleStateChangedEvent():34|Raise ModuleStateChanged Event: OriginatorId 0, ModuleState ModuleState_Ready (4), OldModuleState ModuleState_Moving (9)[EOL]
[2026-09-22T08:31:03.069845Z][RH.newgen-rackhandler][I][1780083][155]CCheckRackPositionProcedure.cpp:SetParameter():172|Procedure ProcTypeId_CheckRackPosition (1780018) loaded. Parameters: RackPosition = Position_1 (1); [EOL]
[2026-09-22T08:31:03.070259Z][RH.transfer-xyz-gripper][I][1339033][136]CMovementToLogicalTargetWithToolOffsetProcedure.cpp:SetParameter():67|Movement To Logical Target With Tool Offset: ExclusionLayer 0, LogPosTarget 37 1 4006 6 7032, ToolOffset: ( 0.000000 / -0.016000 / 0.000000 ), MoveProcedureType 10, Inv: ( 0 / 1 / 0 / 0 ), ZAxisPositionAfterwards 0[EOL]
[2026-09-22T08:31:03.070870Z][RH.transfer-xyz-gripper][N][2330072][136]CMessageBrokerEventHelper.cpp:SendModuleStateChangedEvent():34|Raise ModuleStateChanged Event: OriginatorId 0, ModuleState ModuleState_Moving (9), OldModuleState ModuleState_Ready (4)[EOL]
[2026-09-22T08:31:03.071288Z][RH.transfer-xyz-gripper][I][1339058][136]CMovementToLogicalTargetWithToolOffsetAndTargetOffsetIntProcedure.cpp:SetParameter():145|Movement To Logical Target With Tool Offset And Target Offset: ExclusionLayer 0, LogPosTarget 37 1 4006 6 7032, ToolOffset: ( 0.000000 / -0.016000 / 0.000000 ), MoveProcedureType 10, Inv: ( 0 / 1 / 0 / 0 ), ZAxisPositionAfterwards 0, Target Offset: ( 0.000000 / 0.000000 / 0.000000 )[EOL]
[2026-09-22T08:31:03.073134Z][RH.transfer-xyz-gripper][I][1339029][136]CMovementToPhysicalTargetIntProcedure.cpp:SetParameter():125|Movement To Physical Target Int: ExclusionLayerIdFrom 0, ExclusionLayerIdTo 0, Pos: ( 0.200250 / 0.410750 / -0.011000 / 0.000000 ), MoveProcedureType 10, Inv: ( 0 / 1 / 0 / 0 ), ZAxisPositionAfterwards 0, Tool Offset: ( 0.000000 / -0.016000 / 0.000000 )[EOL]
[2026-09-22T08:31:03.073943Z][RH.transfer-xyz-gripper][I][1339026][136]CMovementToPhysicalTargetStraightIntProcedure.cpp:SetParameter():171|Movement To Physical Target Straight Int: Pos: ( 0.323500 / 0.426750 / -0.023001 / 0.000000 ), Inv: ( 0 / 1 / 0 / 0 ), MoveMode 1[EOL]
[2026-09-22T08:31:03.120314Z][RH.transfer-xyz-gripper][I][1334010][136]CTransferXYZGripperEventHelper.cpp:SendMoveAxisEvent():40|OriginatorID 65533, MotorDevice 1, StartPosition 0.865820, EndPosition 0.426750, ErrorOccured 0[EOL]
[2026-09-22T08:31:03.120685Z][RH.transfer-xyz-gripper][N][2330072][136]CMessageBrokerEventHelper.cpp:SendModuleStateChangedEvent():34|Raise ModuleStateChanged Event: OriginatorId 0, ModuleState ModuleState_Ready (4), OldModuleState ModuleState_Moving (9)[EOL]
[2026-09-22T08:31:03.121932Z][RH.transfer-xyz-gripper][I][1009020][136]CGetSensorStateProcedure.cpp:SetParameter():53|MotionDevice 1, SensorName ReflexLB1[EOL]
[2026-09-22T08:31:03.124427Z][RH.transfer-xyz-gripper][I][1009050][136]CGetSingleBitInputStateStep.cpp:ReportReceived():117|The received signal level is SignalLevel_H_L_Enum_Low (0)[EOL]
[2026-09-22T08:31:03.124544Z][RH.transfer-xyz-gripper][I][1004005][136]CMotionControlEventHelper.cpp:SendSensorStateResultEvent():103|Originator 30011, SensorState 0[EOL]
[2026-09-22T08:31:03.124813Z][RH.newgen-rackhandler][I][1780009][155]CGetSensorStateClientEvent.cpp:ReadReport():35|Sensor State: 0[EOL]
[2026-09-22T08:31:03.124909Z][RH.newgen-rackhandler][I][1780054][155]CGetSensorStateClientEvent.cpp:ReadReport():50|RackNotPresent event send.[EOL]
[2026-09-22T08:31:03.126730Z][RH.transfer-xyz-gripper][I][1339033][136]CMovementToLogicalTargetWithToolOffsetProcedure.cpp:SetParameter():67|Movement To Logical Target With Tool Offset: ExclusionLayer 0, LogPosTarget 37 2 4006 6 7032, ToolOffset: ( 0.000000 / -0.016000 / 0.000000 ), MoveProcedureType 10, Inv: ( 0 / 1 / 0 / 0 ), ZAxisPositionAfterwards 0[EOL]
[2026-09-22T08:31:03.127132Z][RH.transfer-xyz-gripper][N][2330072][136]CMessageBrokerEventHelper.cpp:SendModuleStateChangedEvent():34|Raise ModuleStateChanged Event: OriginatorId 0, ModuleState ModuleState_Moving (9), OldModuleState ModuleState_Ready (4)[EOL]
[2026-09-22T08:31:03.125513Z][RH.newgen-rackhandler][I][844444436][155]UnitCommunicator.cpp:SendEvent():424|Publishing event: type=Roche.c68_8800.RackHandler.RackStoragePositionStateChanged correlation_id=(n/a)[EOL]
[2026-09-22T08:31:03.127237Z][RH.transfer-xyz-gripper][I][1339058][136]CMovementToLogicalTargetWithToolOffsetAndTargetOffsetIntProcedure.cpp:SetParameter():145|Movement To Logical Target With Tool Offset And Target Offset: ExclusionLayer 0, LogPosTarget 37 2 4006 6 7032, ToolOffset: ( 0.000000 / -0.016000 / 0.000000 ), MoveProcedureType 10, Inv: ( 0 / 1 / 0 / 0 ), ZAxisPositionAfterwards 0, Target Offset: ( 0.000000 / 0.000000 / 0.000000 )[EOL]
[2026-09-22T08:31:03.127571Z][RH.transfer-xyz-gripper][I][1339029][136]CMovementToPhysicalTargetIntProcedure.cpp:SetParameter():125|Movement To Physical Target Int: ExclusionLayerIdFrom 0, ExclusionLayerIdTo 0, Pos: ( 0.446650 / 0.410750 / -0.011000 / 0.000000 ), MoveProcedureType 10, Inv: ( 0 / 1 / 0 / 0 ), ZAxisPositionAfterwards 0, Tool Offset: ( 0.000000 / -0.016000 / 0.000000 )[EOL]
[2026-09-22T08:31:03.127732Z][RH.transfer-xyz-gripper][I][1339026][136]CMovementToPhysicalTargetStraightIntProcedure.cpp:SetParameter():171|Movement To Physical Target Straight Int: Pos: ( 0.323500 / 0.426750 / -0.023001 / 0.000000 ), Inv: ( 0 / 1 / 0 / 0 ), MoveMode 1[EOL]
[2026-09-22T08:31:03.132426Z][RH.transfer-xyz-gripper][I][1334010][136]CTransferXYZGripperEventHelper.cpp:SendMoveAxisEvent():40|OriginatorID 65533, MotorDevice 1, StartPosition 0.426750, EndPosition 0.426750, ErrorOccured 0[EOL]
[2026-09-22T08:31:03.133019Z][RH.transfer-xyz-gripper][N][2330072][136]CMessageBrokerEventHelper.cpp:SendModuleStateChangedEvent():34|Raise ModuleStateChanged Event: OriginatorId 0, ModuleState ModuleState_Ready (4), OldModuleState ModuleState_Moving (9)[EOL]
[2026-09-22T08:31:03.133830Z][RH.transfer-xyz-gripper][I][1009020][136]CGetSensorStateProcedure.cpp:SetParameter():53|MotionDevice 1, SensorName ReflexLB2[EOL]
[2026-09-22T08:31:03.125575Z][RH.newgen-rackhandler][I][2560017][155]MessageSender.h:SendEvent():105|Sent RabbitMqEvent Roche.c68_8800.RackHandler.RackStoragePositionStateChanged. Content: {"Timestamp":"2026-09-22T08:31:03.125485Z","RackLocationId":"A1","IsRackPresent":false}[EOL]
[2026-09-22T08:31:03.126525Z][RH.newgen-rackhandler][I][1780083][155]CCheckRackPositionProcedure.cpp:SetParameter():172|Procedure ProcTypeId_CheckRackPosition (1780018) loaded. Parameters: RackPosition = Position_2 (2); [EOL]
[2026-09-22T08:31:03.145323Z][RH.transfer-xyz-gripper][I][1009050][136]CGetSingleBitInputStateStep.cpp:ReportReceived():117|The received signal level is SignalLevel_H_L_Enum_Low (0)[EOL]
[2026-09-22T08:31:03.145384Z][RH.transfer-xyz-gripper][I][1004005][136]CMotionControlEventHelper.cpp:SendSensorStateResultEvent():103|Originator 30013, SensorState 0[EOL]
[2026-09-22T08:31:03.145757Z][RH.newgen-rackhandler][I][1780009][155]CGetSensorStateClientEvent.cpp:ReadReport():35|Sensor State: 0[EOL]
[2026-09-22T08:31:03.145806Z][RH.newgen-rackhandler][I][1780054][155]CGetSensorStateClientEvent.cpp:ReadReport():50|RackNotPresent event send.[EOL]
[2026-09-22T08:31:03.146767Z][RH.newgen-rackhandler][I][844444436][155]UnitCommunicator.cpp:SendEvent():424|Publishing event: type=Roche.c68_8800.RackHandler.RackStoragePositionStateChanged correlation_id=(n/a)[EOL]
[2026-09-22T08:31:03.146930Z][RH.newgen-rackhandler][I][2560017][155]MessageSender.h:SendEvent():105|Sent RabbitMqEvent Roche.c68_8800.RackHandler.RackStoragePositionStateChanged. Content: {"Timestamp":"2026-09-22T08:31:03.146707Z","RackLocationId":"B1","IsRackPresent":false}[EOL]
[2026-09-22T08:31:03.147090Z][RH.newgen-rackhandler][I][1780083][155]CCheckRackPositionProcedure.cpp:SetParameter():172|Procedure ProcTypeId_CheckRackPosition (1780018) loaded. Parameters: RackPosition = Position_3 (3); [EOL]
[2026-09-22T08:31:03.147263Z][RH.transfer-xyz-gripper][I][1339033][136]CMovementToLogicalTargetWithToolOffsetProcedure.cpp:SetParameter():67|Movement To Logical Target With Tool Offset: ExclusionLayer 0, LogPosTarget 37 3 4006 6 7032, ToolOffset: ( 0.000000 / -0.016000 / 0.000000 ), MoveProcedureType 10, Inv: ( 0 / 1 / 0 / 0 ), ZAxisPositionAfterwards 0[EOL]
[2026-09-22T08:31:03.147854Z][RH.transfer-xyz-gripper][N][2330072][136]CMessageBrokerEventHelper.cpp:SendModuleStateChangedEvent():34|Raise ModuleStateChanged Event: OriginatorId 0, ModuleState ModuleState_Moving (9), OldModuleState ModuleState_Ready (4)[EOL]
[2026-09-22T08:31:03.147993Z][RH.transfer-xyz-gripper][I][1339058][136]CMovementToLogicalTargetWithToolOffsetAndTargetOffsetIntProcedure.cpp:SetParameter():145|Movement To Logical Target With Tool Offset And Target Offset: ExclusionLayer 0, LogPosTarget 37 3 4006 6 7032, ToolOffset: ( 0.000000 / -0.016000 / 0.000000 ), MoveProcedureType 10, Inv: ( 0 / 1 / 0 / 0 ), ZAxisPositionAfterwards 0, Target Offset: ( 0.000000 / 0.000000 / 0.000000 )[EOL]
[2026-09-22T08:31:03.148213Z][RH.transfer-xyz-gripper][I][1339029][136]CMovementToPhysicalTargetIntProcedure.cpp:SetParameter():125|Movement To Physical Target Int: ExclusionLayerIdFrom 0, ExclusionLayerIdTo 0, Pos: ( 0.200250 / 0.435750 / -0.011000 / 0.000000 ), MoveProcedureType 10, Inv: ( 0 / 1 / 0 / 0 ), ZAxisPositionAfterwards 0, Tool Offset: ( 0.000000 / -0.016000 / 0.000000 )[EOL]
[2026-09-22T08:31:03.148440Z][RH.transfer-xyz-gripper][I][1339026][136]CMovementToPhysicalTargetStraightIntProcedure.cpp:SetParameter():171|Movement To Physical Target Straight Int: Pos: ( 0.323500 / 0.451750 / -0.023001 / 0.000000 ), Inv: ( 0 / 1 / 0 / 0 ), MoveMode 1[EOL]
[2026-09-22T08:31:03.180397Z][RH.transfer-xyz-gripper][I][1334010][136]CTransferXYZGripperEventHelper.cpp:SendMoveAxisEvent():40|OriginatorID 65533, MotorDevice 1, StartPosition 0.426750, EndPosition 0.451750, ErrorOccured 0[EOL]
[2026-09-22T08:31:03.180908Z][RH.transfer-xyz-gripper][N][2330072][136]CMessageBrokerEventHelper.cpp:SendModuleStateChangedEvent():34|Raise ModuleStateChanged Event: OriginatorId 0, ModuleState ModuleState_Ready (4), OldModuleState ModuleState_Moving (9)[EOL]
[2026-09-22T08:31:03.181893Z][RH.transfer-xyz-gripper][I][1009020][136]CGetSensorStateProcedure.cpp:SetParameter():53|MotionDevice 1, SensorName ReflexLB1[EOL]
[2026-09-22T08:31:03.184321Z][RH.transfer-xyz-gripper][I][1009050][136]CGetSingleBitInputStateStep.cpp:ReportReceived():117|The received signal level is SignalLevel_H_L_Enum_Low (0)[EOL]
[2026-09-22T08:31:03.184386Z][RH.transfer-xyz-gripper][I][1004005][136]CMotionControlEventHelper.cpp:SendSensorStateResultEvent():103|Originator 30015, SensorState 0[EOL]
[2026-09-22T08:31:03.184699Z][RH.newgen-rackhandler][I][1780009][155]CGetSensorStateClientEvent.cpp:ReadReport():35|Sensor State: 0[EOL]
[2026-09-22T08:31:03.186578Z][RH.transfer-xyz-gripper][I][1339033][136]CMovementToLogicalTargetWithToolOffsetProcedure.cpp:SetParameter():67|Movement To Logical Target With Tool Offset: ExclusionLayer 0, LogPosTarget 37 4 4006 6 7032, ToolOffset: ( 0.000000 / -0.016000 / 0.000000 ), MoveProcedureType 10, Inv: ( 0 / 1 / 0 / 0 ), ZAxisPositionAfterwards 0[EOL]
[2026-09-22T08:31:03.184757Z][RH.newgen-rackhandler][I][1780054][155]CGetSensorStateClientEvent.cpp:ReadReport():50|RackNotPresent event send.[EOL]
[2026-09-22T08:31:03.185537Z][RH.newgen-rackhandler][I][844444436][155]UnitCommunicator.cpp:SendEvent():424|Publishing event: type=Roche.c68_8800.RackHandler.RackStoragePositionStateChanged correlation_id=(n/a)[EOL]
[2026-09-22T08:31:03.185890Z][RH.newgen-rackhandler][I][2560017][155]MessageSender.h:SendEvent():105|Sent RabbitMqEvent Roche.c68_8800.RackHandler.RackStoragePositionStateChanged. Content: {"Timestamp":"2026-09-22T08:31:03.185505Z","RackLocationId":"A2","IsRackPresent":false}[EOL]
[2026-09-22T08:31:03.186211Z][RH.newgen-rackhandler][I][1780083][155]CCheckRackPositionProcedure.cpp:SetParameter():172|Procedure ProcTypeId_CheckRackPosition (1780018) loaded. Parameters: RackPosition = Position_4 (4); [EOL]
[2026-09-22T08:31:03.187130Z][RH.transfer-xyz-gripper][N][2330072][136]CMessageBrokerEventHelper.cpp:SendModuleStateChangedEvent():34|Raise ModuleStateChanged Event: OriginatorId 0, ModuleState ModuleState_Moving (9), OldModuleState ModuleState_Ready (4)[EOL]
[2026-09-22T08:31:03.187261Z][RH.transfer-xyz-gripper][I][1339058][136]CMovementToLogicalTargetWithToolOffsetAndTargetOffsetIntProcedure.cpp:SetParameter():145|Movement To Logical Target With Tool Offset And Target Offset: ExclusionLayer 0, LogPosTarget 37 4 4006 6 7032, ToolOffset: ( 0.000000 / -0.016000 / 0.000000 ), MoveProcedureType 10, Inv: ( 0 / 1 / 0 / 0 ), ZAxisPositionAfterwards 0, Target Offset: ( 0.000000 / 0.000000 / 0.000000 )[EOL]
[2026-09-22T08:31:03.187589Z][RH.transfer-xyz-gripper][I][1339029][136]CMovementToPhysicalTargetIntProcedure.cpp:SetParameter():125|Movement To Physical Target Int: ExclusionLayerIdFrom 0, ExclusionLayerIdTo 0, Pos: ( 0.446650 / 0.435750 / -0.011000 / 0.000000 ), MoveProcedureType 10, Inv: ( 0 / 1 / 0 / 0 ), ZAxisPositionAfterwards 0, Tool Offset: ( 0.000000 / -0.016000 / 0.000000 )[EOL]
[2026-09-22T08:31:03.188218Z][RH.transfer-xyz-gripper][I][1339026][136]CMovementToPhysicalTargetStraightIntProcedure.cpp:SetParameter():171|Movement To Physical Target Straight Int: Pos: ( 0.323500 / 0.451750 / -0.023001 / 0.000000 ), Inv: ( 0 / 1 / 0 / 0 ), MoveMode 1[EOL]
[2026-09-22T08:31:03.192641Z][RH.transfer-xyz-gripper][I][1334010][136]CTransferXYZGripperEventHelper.cpp:SendMoveAxisEvent():40|OriginatorID 65533, MotorDevice 1, StartPosition 0.451750, EndPosition 0.451750, ErrorOccured 0[EOL]
[2026-09-22T08:31:03.193074Z][RH.transfer-xyz-gripper][N][2330072][136]CMessageBrokerEventHelper.cpp:SendModuleStateChangedEvent():34|Raise ModuleStateChanged Event: OriginatorId 0, ModuleState ModuleState_Ready (4), OldModuleState ModuleState_Moving (9)[EOL]
[2026-09-22T08:31:03.193841Z][RH.transfer-xyz-gripper][I][1009020][136]CGetSensorStateProcedure.cpp:SetParameter():53|MotionDevice 1, SensorName ReflexLB2[EOL]
[2026-09-22T08:31:03.196496Z][RH.transfer-xyz-gripper][I][1009050][136]CGetSingleBitInputStateStep.cpp:ReportReceived():117|The received signal level is SignalLevel_H_L_Enum_Low (0)[EOL]
[2026-09-22T08:31:03.196562Z][RH.transfer-xyz-gripper][I][1004005][136]CMotionControlEventHelper.cpp:SendSensorStateResultEvent():103|Originator 30017, SensorState 0[EOL]
[2026-09-22T08:31:03.196793Z][RH.newgen-rackhandler][I][1780009][155]CGetSensorStateClientEvent.cpp:ReadReport():35|Sensor State: 0[EOL]
[2026-09-22T08:31:03.196926Z][RH.newgen-rackhandler][I][1780054][155]CGetSensorStateClientEvent.cpp:ReadReport():50|RackNotPresent event send.[EOL]
[2026-09-22T08:31:03.197374Z][RH.newgen-rackhandler][I][844444436][155]UnitCommunicator.cpp:SendEvent():424|Publishing event: type=Roche.c68_8800.RackHandler.RackStoragePositionStateChanged correlation_id=(n/a)[EOL]
[2026-09-22T08:31:03.197444Z][RH.newgen-rackhandler][I][2560017][155]MessageSender.h:SendEvent():105|Sent RabbitMqEvent Roche.c68_8800.RackHandler.RackStoragePositionStateChanged. Content: {"Timestamp":"2026-09-22T08:31:03.197360Z","RackLocationId":"B2","IsRackPresent":false}[EOL]
[2026-09-22T08:31:03.197552Z][RH.newgen-rackhandler][I][1780083][155]CCheckRackPositionProcedure.cpp:SetParameter():172|Procedure ProcTypeId_CheckRackPosition (1780018) loaded. Parameters: RackPosition = Position_5 (5); [EOL]
[2026-09-22T08:31:03.197802Z][RH.transfer-xyz-gripper][I][1339033][136]CMovementToLogicalTargetWithToolOffsetProcedure.cpp:SetParameter():67|Movement To Logical Target With Tool Offset: ExclusionLayer 0, LogPosTarget 37 5 4006 6 7032, ToolOffset: ( 0.000000 / -0.016000 / 0.000000 ), MoveProcedureType 10, Inv: ( 0 / 1 / 0 / 0 ), ZAxisPositionAfterwards 0[EOL]
[2026-09-22T08:31:03.198049Z][RH.transfer-xyz-gripper][N][2330072][136]CMessageBrokerEventHelper.cpp:SendModuleStateChangedEvent():34|Raise ModuleStateChanged Event: OriginatorId 0, ModuleState ModuleState_Moving (9), OldModuleState ModuleState_Ready (4)[EOL]
[2026-09-22T08:31:03.198134Z][RH.transfer-xyz-gripper][I][1339058][136]CMovementToLogicalTargetWithToolOffsetAndTargetOffsetIntProcedure.cpp:SetParameter():145|Movement To Logical Target With Tool Offset And Target Offset: ExclusionLayer 0, LogPosTarget 37 5 4006 6 7032, ToolOffset: ( 0.000000 / -0.016000 / 0.000000 ), MoveProcedureType 10, Inv: ( 0 / 1 / 0 / 0 ), ZAxisPositionAfterwards 0, Target Offset: ( 0.000000 / 0.000000 / 0.000000 )[EOL]
[2026-09-22T08:31:03.198286Z][RH.transfer-xyz-gripper][I][1339029][136]CMovementToPhysicalTargetIntProcedure.cpp:SetParameter():125|Movement To Physical Target Int: ExclusionLayerIdFrom 0, ExclusionLayerIdTo 0, Pos: ( 0.200250 / 0.460750 / -0.011000 / 0.000000 ), MoveProcedureType 10, Inv: ( 0 / 1 / 0 / 0 ), ZAxisPositionAfterwards 0, Tool Offset: ( 0.000000 / -0.016000 / 0.000000 )[EOL]
[2026-09-22T08:31:03.198399Z][RH.transfer-xyz-gripper][I][1339026][136]CMovementToPhysicalTargetStraightIntProcedure.cpp:SetParameter():171|Movement To Physical Target Straight Int: Pos: ( 0.323500 / 0.476750 / -0.023001 / 0.000000 ), Inv: ( 0 / 1 / 0 / 0 ), MoveMode 1[EOL]
[2026-09-22T08:31:03.228376Z][RH.transfer-xyz-gripper][I][1334010][136]CTransferXYZGripperEventHelper.cpp:SendMoveAxisEvent():40|OriginatorID 65533, MotorDevice 1, StartPosition 0.451750, EndPosition 0.476750, ErrorOccured 0[EOL]
[2026-09-22T08:31:03.228629Z][RH.transfer-xyz-gripper][N][2330072][136]CMessageBrokerEventHelper.cpp:SendModuleStateChangedEvent():34|Raise ModuleStateChanged Event: OriginatorId 0, ModuleState ModuleState_Ready (4), OldModuleState ModuleState_Moving (9)[EOL]
[2026-09-22T08:31:03.229373Z][RH.transfer-xyz-gripper][I][1009020][136]CGetSensorStateProcedure.cpp:SetParameter():53|MotionDevice 1, SensorName ReflexLB1[EOL]
[2026-09-22T08:31:03.232551Z][RH.transfer-xyz-gripper][I][1009050][136]CGetSingleBitInputStateStep.cpp:ReportReceived():117|The received signal level is SignalLevel_H_L_Enum_Low (0)[EOL]
[2026-09-22T08:31:03.232668Z][RH.transfer-xyz-gripper][I][1004005][136]CMotionControlEventHelper.cpp:SendSensorStateResultEvent():103|Originator 30019, SensorState 0[EOL]
[2026-09-22T08:31:03.234443Z][RH.transfer-xyz-gripper][I][1339033][136]CMovementToLogicalTargetWithToolOffsetProcedure.cpp:SetParameter():67|Movement To Logical Target With Tool Offset: ExclusionLayer 0, LogPosTarget 37 6 4006 6 7032, ToolOffset: ( 0.000000 / -0.016000 / 0.000000 ), MoveProcedureType 10, Inv: ( 0 / 1 / 0 / 0 ), ZAxisPositionAfterwards 0[EOL]
[2026-09-22T08:31:03.234806Z][RH.transfer-xyz-gripper][N][2330072][136]CMessageBrokerEventHelper.cpp:SendModuleStateChangedEvent():34|Raise ModuleStateChanged Event: OriginatorId 0, ModuleState ModuleState_Moving (9), OldModuleState ModuleState_Ready (4)[EOL]
[2026-09-22T08:31:03.234944Z][RH.transfer-xyz-gripper][I][1339058][136]CMovementToLogicalTargetWithToolOffsetAndTargetOffsetIntProcedure.cpp:SetParameter():145|Movement To Logical Target With Tool Offset And Target Offset: ExclusionLayer 0, LogPosTarget 37 6 4006 6 7032, ToolOffset: ( 0.000000 / -0.016000 / 0.000000 ), MoveProcedureType 10, Inv: ( 0 / 1 / 0 / 0 ), ZAxisPositionAfterwards 0, Target Offset: ( 0.000000 / 0.000000 / 0.000000 )[EOL]
[2026-09-22T08:31:03.235387Z][RH.transfer-xyz-gripper][I][1339029][136]CMovementToPhysicalTargetIntProcedure.cpp:SetParameter():125|Movement To Physical Target Int: ExclusionLayerIdFrom 0, ExclusionLayerIdTo 0, Pos: ( 0.446650 / 0.460750 / -0.011000 / 0.000000 ), MoveProcedureType 10, Inv: ( 0 / 1 / 0 / 0 ), ZAxisPositionAfterwards 0, Tool Offset: ( 0.000000 / -0.016000 / 0.000000 )[EOL]
[2026-09-22T08:31:03.235548Z][RH.transfer-xyz-gripper][I][1339026][136]CMovementToPhysicalTargetStraightIntProcedure.cpp:SetParameter():171|Movement To Physical Target Straight Int: Pos: ( 0.323500 / 0.476750 / -0.023001 / 0.000000 ), Inv: ( 0 / 1 / 0 / 0 ), MoveMode 1[EOL]
[2026-09-22T08:31:03.232893Z][RH.newgen-rackhandler][I][1780009][155]CGetSensorStateClientEvent.cpp:ReadReport():35|Sensor State: 0[EOL]
[2026-09-22T08:31:03.232941Z][RH.newgen-rackhandler][I][1780054][155]CGetSensorStateClientEvent.cpp:ReadReport():50|RackNotPresent event send.[EOL]
[2026-09-22T08:31:03.233828Z][RH.newgen-rackhandler][I][844444436][155]UnitCommunicator.cpp:SendEvent():424|Publishing event: type=Roche.c68_8800.RackHandler.RackStoragePositionStateChanged correlation_id=(n/a)[EOL]
[2026-09-22T08:31:03.233881Z][RH.newgen-rackhandler][I][2560017][155]MessageSender.h:SendEvent():105|Sent RabbitMqEvent Roche.c68_8800.RackHandler.RackStoragePositionStateChanged. Content: {"Timestamp":"2026-09-22T08:31:03.233790Z","RackLocationId":"A3","IsRackPresent":false}[EOL]
[2026-09-22T08:31:03.234198Z][RH.newgen-rackhandler][I][1780083][155]CCheckRackPositionProcedure.cpp:SetParameter():172|Procedure ProcTypeId_CheckRackPosition (1780018) loaded. Parameters: RackPosition = Position_6 (6); [EOL]
[2026-09-22T08:31:03.239272Z][RH.transfer-xyz-gripper][I][1334010][136]CTransferXYZGripperEventHelper.cpp:SendMoveAxisEvent():40|OriginatorID 65533, MotorDevice 1, StartPosition 0.476750, EndPosition 0.476750, ErrorOccured 0[EOL]
[2026-09-22T08:31:03.239893Z][RH.transfer-xyz-gripper][N][2330072][136]CMessageBrokerEventHelper.cpp:SendModuleStateChangedEvent():34|Raise ModuleStateChanged Event: OriginatorId 0, ModuleState ModuleState_Ready (4), OldModuleState ModuleState_Moving (9)[EOL]
[2026-09-22T08:31:03.240625Z][RH.transfer-xyz-gripper][I][1009020][136]CGetSensorStateProcedure.cpp:SetParameter():53|MotionDevice 1, SensorName ReflexLB2[EOL]
[2026-09-22T08:31:03.242167Z][RH.transfer-xyz-gripper][I][1009050][136]CGetSingleBitInputStateStep.cpp:ReportReceived():117|The received signal level is SignalLevel_H_L_Enum_Low (0)[EOL]
[2026-09-22T08:31:03.242362Z][RH.transfer-xyz-gripper][I][1004005][136]CMotionControlEventHelper.cpp:SendSensorStateResultEvent():103|Originator 30021, SensorState 0[EOL]
[2026-09-22T08:31:03.242874Z][RH.newgen-rackhandler][I][1780009][155]CGetSensorStateClientEvent.cpp:ReadReport():35|Sensor State: 0[EOL]
[2026-09-22T08:31:03.243004Z][RH.newgen-rackhandler][I][1780054][155]CGetSensorStateClientEvent.cpp:ReadReport():50|RackNotPresent event send.[EOL]
[2026-09-22T08:31:03.244899Z][RH.transfer-xyz-gripper][I][1339033][136]CMovementToLogicalTargetWithToolOffsetProcedure.cpp:SetParameter():67|Movement To Logical Target With Tool Offset: ExclusionLayer 0, LogPosTarget 37 7 4006 6 7032, ToolOffset: ( 0.000000 / -0.016000 / 0.000000 ), MoveProcedureType 10, Inv: ( 0 / 1 / 0 / 0 ), ZAxisPositionAfterwards 0[EOL]
[2026-09-22T08:31:03.246458Z][RH.transfer-xyz-gripper][N][2330072][136]CMessageBrokerEventHelper.cpp:SendModuleStateChangedEvent():34|Raise ModuleStateChanged Event: OriginatorId 0, ModuleState ModuleState_Moving (9), OldModuleState ModuleState_Ready (4)[EOL]
[2026-09-22T08:31:03.246653Z][RH.transfer-xyz-gripper][I][1339058][136]CMovementToLogicalTargetWithToolOffsetAndTargetOffsetIntProcedure.cpp:SetParameter():145|Movement To Logical Target With Tool Offset And Target Offset: ExclusionLayer 0, LogPosTarget 37 7 4006 6 7032, ToolOffset: ( 0.000000 / -0.016000 / 0.000000 ), MoveProcedureType 10, Inv: ( 0 / 1 / 0 / 0 ), ZAxisPositionAfterwards 0, Target Offset: ( 0.000000 / 0.000000 / 0.000000 )[EOL]
[2026-09-22T08:31:03.246903Z][RH.transfer-xyz-gripper][I][1339029][136]CMovementToPhysicalTargetIntProcedure.cpp:SetParameter():125|Movement To Physical Target Int: ExclusionLayerIdFrom 0, ExclusionLayerIdTo 0, Pos: ( 0.200250 / 0.485750 / -0.011000 / 0.000000 ), MoveProcedureType 10, Inv: ( 0 / 1 / 0 / 0 ), ZAxisPositionAfterwards 0, Tool Offset: ( 0.000000 / -0.016000 / 0.000000 )[EOL]
[2026-09-22T08:31:03.247265Z][RH.transfer-xyz-gripper][I][1339026][136]CMovementToPhysicalTargetStraightIntProcedure.cpp:SetParameter():171|Movement To Physical Target Straight Int: Pos: ( 0.323500 / 0.501750 / -0.023001 / 0.000000 ), Inv: ( 0 / 1 / 0 / 0 ), MoveMode 1[EOL]
[2026-09-22T08:31:03.243874Z][RH.newgen-rackhandler][I][844444436][155]UnitCommunicator.cpp:SendEvent():424|Publishing event: type=Roche.c68_8800.RackHandler.RackStoragePositionStateChanged correlation_id=(n/a)[EOL]
[2026-09-22T08:31:03.244178Z][RH.newgen-rackhandler][I][2560017][155]MessageSender.h:SendEvent():105|Sent RabbitMqEvent Roche.c68_8800.RackHandler.RackStoragePositionStateChanged. Content: {"Timestamp":"2026-09-22T08:31:03.243845Z","RackLocationId":"B3","IsRackPresent":false}[EOL]
[2026-09-22T08:31:03.244564Z][RH.newgen-rackhandler][I][1780083][155]CCheckRackPositionProcedure.cpp:SetParameter():172|Procedure ProcTypeId_CheckRackPosition (1780018) loaded. Parameters: RackPosition = Position_7 (7); [EOL]
[2026-09-22T08:31:03.280563Z][RH.transfer-xyz-gripper][I][1334010][136]CTransferXYZGripperEventHelper.cpp:SendMoveAxisEvent():40|OriginatorID 65533, MotorDevice 1, StartPosition 0.476750, EndPosition 0.501750, ErrorOccured 0[EOL]
[2026-09-22T08:31:03.281017Z][RH.transfer-xyz-gripper][N][2330072][136]CMessageBrokerEventHelper.cpp:SendModuleStateChangedEvent():34|Raise ModuleStateChanged Event: OriginatorId 0, ModuleState ModuleState_Ready (4), OldModuleState ModuleState_Moving (9)[EOL]
[2026-09-22T08:31:03.281727Z][RH.transfer-xyz-gripper][I][1009020][136]CGetSensorStateProcedure.cpp:SetParameter():53|MotionDevice 1, SensorName ReflexLB1[EOL]
[2026-09-22T08:31:03.285270Z][RH.transfer-xyz-gripper][I][1009050][136]CGetSingleBitInputStateStep.cpp:ReportReceived():117|The received signal level is SignalLevel_H_L_Enum_Low (0)[EOL]
[2026-09-22T08:31:03.285362Z][RH.transfer-xyz-gripper][I][1004005][136]CMotionControlEventHelper.cpp:SendSensorStateResultEvent():103|Originator 30023, SensorState 0[EOL]
[2026-09-22T08:31:03.285550Z][RH.newgen-rackhandler][I][1780009][155]CGetSensorStateClientEvent.cpp:ReadReport():35|Sensor State: 0[EOL]
[2026-09-22T08:31:03.285597Z][RH.newgen-rackhandler][I][1780054][155]CGetSensorStateClientEvent.cpp:ReadReport():50|RackNotPresent event send.[EOL]
[2026-09-22T08:31:03.286242Z][RH.newgen-rackhandler][I][844444436][155]UnitCommunicator.cpp:SendEvent():424|Publishing event: type=Roche.c68_8800.RackHandler.RackStoragePositionStateChanged correlation_id=(n/a)[EOL]
[2026-09-22T08:31:03.286365Z][RH.newgen-rackhandler][I][2560017][155]MessageSender.h:SendEvent():105|Sent RabbitMqEvent Roche.c68_8800.RackHandler.RackStoragePositionStateChanged. Content: {"Timestamp":"2026-09-22T08:31:03.286213Z","RackLocationId":"A4","IsRackPresent":false}[EOL]
[2026-09-22T08:31:03.286569Z][RH.newgen-rackhandler][I][1780083][155]CCheckRackPositionProcedure.cpp:SetParameter():172|Procedure ProcTypeId_CheckRackPosition (1780018) loaded. Parameters: RackPosition = Position_8 (8); [EOL]
[2026-09-22T08:31:03.286791Z][RH.transfer-xyz-gripper][I][1339033][136]CMovementToLogicalTargetWithToolOffsetProcedure.cpp:SetParameter():67|Movement To Logical Target With Tool Offset: ExclusionLayer 0, LogPosTarget 37 8 4006 6 7032, ToolOffset: ( 0.000000 / -0.016000 / 0.000000 ), MoveProcedureType 10, Inv: ( 0 / 1 / 0 / 0 ), ZAxisPositionAfterwards 0[EOL]
[2026-09-22T08:31:03.287164Z][RH.transfer-xyz-gripper][N][2330072][136]CMessageBrokerEventHelper.cpp:SendModuleStateChangedEvent():34|Raise ModuleStateChanged Event: OriginatorId 0, ModuleState ModuleState_Moving (9), OldModuleState ModuleState_Ready (4)[EOL]
[2026-09-22T08:31:03.287331Z][RH.transfer-xyz-gripper][I][1339058][136]CMovementToLogicalTargetWithToolOffsetAndTargetOffsetIntProcedure.cpp:SetParameter():145|Movement To Logical Target With Tool Offset And Target Offset: ExclusionLayer 0, LogPosTarget 37 8 4006 6 7032, ToolOffset: ( 0.000000 / -0.016000 / 0.000000 ), MoveProcedureType 10, Inv: ( 0 / 1 / 0 / 0 ), ZAxisPositionAfterwards 0, Target Offset: ( 0.000000 / 0.000000 / 0.000000 )[EOL]
[2026-09-22T08:31:03.287524Z][RH.transfer-xyz-gripper][I][1339029][136]CMovementToPhysicalTargetIntProcedure.cpp:SetParameter():125|Movement To Physical Target Int: ExclusionLayerIdFrom 0, ExclusionLayerIdTo 0, Pos: ( 0.446650 / 0.485750 / -0.011000 / 0.000000 ), MoveProcedureType 10, Inv: ( 0 / 1 / 0 / 0 ), ZAxisPositionAfterwards 0, Tool Offset: ( 0.000000 / -0.016000 / 0.000000 )[EOL]
[2026-09-22T08:31:03.287670Z][RH.transfer-xyz-gripper][I][1339026][136]CMovementToPhysicalTargetStraightIntProcedure.cpp:SetParameter():171|Movement To Physical Target Straight Int: Pos: ( 0.323500 / 0.501750 / -0.023001 / 0.000000 ), Inv: ( 0 / 1 / 0 / 0 ), MoveMode 1[EOL]
[2026-09-22T08:31:03.291411Z][RH.transfer-xyz-gripper][I][1334010][136]CTransferXYZGripperEventHelper.cpp:SendMoveAxisEvent():40|OriginatorID 65533, MotorDevice 1, StartPosition 0.501750, EndPosition 0.501750, ErrorOccured 0[EOL]
[2026-09-22T08:31:03.291912Z][RH.transfer-xyz-gripper][N][2330072][136]CMessageBrokerEventHelper.cpp:SendModuleStateChangedEvent():34|Raise ModuleStateChanged Event: OriginatorId 0, ModuleState ModuleState_Ready (4), OldModuleState ModuleState_Moving (9)[EOL]
[2026-09-22T08:31:03.293465Z][RH.transfer-xyz-gripper][I][1009020][136]CGetSensorStateProcedure.cpp:SetParameter():53|MotionDevice 1, SensorName ReflexLB2[EOL]
[2026-09-22T08:31:03.297366Z][RH.transfer-xyz-gripper][I][1009050][136]CGetSingleBitInputStateStep.cpp:ReportReceived():117|The received signal level is SignalLevel_H_L_Enum_Low (0)[EOL]
[2026-09-22T08:31:03.297476Z][RH.transfer-xyz-gripper][I][1004005][136]CMotionControlEventHelper.cpp:SendSensorStateResultEvent():103|Originator 30025, SensorState 0[EOL]
[2026-09-22T08:31:03.298053Z][RH.newgen-rackhandler][I][1780009][155]CGetSensorStateClientEvent.cpp:ReadReport():35|Sensor State: 0[EOL]
[2026-09-22T08:31:03.299090Z][RH.transfer-xyz-gripper][I][1339033][136]CMovementToLogicalTargetWithToolOffsetProcedure.cpp:SetParameter():67|Movement To Logical Target With Tool Offset: ExclusionLayer 0, LogPosTarget 37 9 4006 6 7032, ToolOffset: ( 0.000000 / -0.016000 / 0.000000 ), MoveProcedureType 10, Inv: ( 0 / 1 / 0 / 0 ), ZAxisPositionAfterwards 0[EOL]
[2026-09-22T08:31:03.299503Z][RH.transfer-xyz-gripper][N][2330072][136]CMessageBrokerEventHelper.cpp:SendModuleStateChangedEvent():34|Raise ModuleStateChanged Event: OriginatorId 0, ModuleState ModuleState_Moving (9), OldModuleState ModuleState_Ready (4)[EOL]
[2026-09-22T08:31:03.299643Z][RH.transfer-xyz-gripper][I][1339058][136]CMovementToLogicalTargetWithToolOffsetAndTargetOffsetIntProcedure.cpp:SetParameter():145|Movement To Logical Target With Tool Offset And Target Offset: ExclusionLayer 0, LogPosTarget 37 9 4006 6 7032, ToolOffset: ( 0.000000 / -0.016000 / 0.000000 ), MoveProcedureType 10, Inv: ( 0 / 1 / 0 / 0 ), ZAxisPositionAfterwards 0, Target Offset: ( 0.000000 / 0.000000 / 0.000000 )[EOL]
[2026-09-22T08:31:03.299895Z][RH.transfer-xyz-gripper][I][1339029][136]CMovementToPhysicalTargetIntProcedure.cpp:SetParameter():125|Movement To Physical Target Int: ExclusionLayerIdFrom 0, ExclusionLayerIdTo 0, Pos: ( 0.200250 / 0.510750 / -0.011000 / 0.000000 ), MoveProcedureType 10, Inv: ( 0 / 1 / 0 / 0 ), ZAxisPositionAfterwards 0, Tool Offset: ( 0.000000 / -0.016000 / 0.000000 )[EOL]
[2026-09-22T08:31:03.300053Z][RH.transfer-xyz-gripper][I][1339026][136]CMovementToPhysicalTargetStraightIntProcedure.cpp:SetParameter():171|Movement To Physical Target Straight Int: Pos: ( 0.323500 / 0.526750 / -0.023001 / 0.000000 ), Inv: ( 0 / 1 / 0 / 0 ), MoveMode 1[EOL]
[2026-09-22T08:31:03.298100Z][RH.newgen-rackhandler][I][1780054][155]CGetSensorStateClientEvent.cpp:ReadReport():50|RackNotPresent event send.[EOL]
[2026-09-22T08:31:03.298581Z][RH.newgen-rackhandler][I][844444436][155]UnitCommunicator.cpp:SendEvent():424|Publishing event: type=Roche.c68_8800.RackHandler.RackStoragePositionStateChanged correlation_id=(n/a)[EOL]
[2026-09-22T08:31:03.298620Z][RH.newgen-rackhandler][I][2560017][155]MessageSender.h:SendEvent():105|Sent RabbitMqEvent Roche.c68_8800.RackHandler.RackStoragePositionStateChanged. Content: {"Timestamp":"2026-09-22T08:31:03.298559Z","RackLocationId":"B4","IsRackPresent":false}[EOL]
[2026-09-22T08:31:03.298888Z][RH.newgen-rackhandler][I][1780083][155]CCheckRackPositionProcedure.cpp:SetParameter():172|Procedure ProcTypeId_CheckRackPosition (1780018) loaded. Parameters: RackPosition = Position_9 (9); [EOL]
[2026-09-22T08:31:03.331404Z][RH.transfer-xyz-gripper][I][1334010][136]CTransferXYZGripperEventHelper.cpp:SendMoveAxisEvent():40|OriginatorID 65533, MotorDevice 1, StartPosition 0.501750, EndPosition 0.526750, ErrorOccured 0[EOL]
[2026-09-22T08:31:03.332027Z][RH.transfer-xyz-gripper][N][2330072][136]CMessageBrokerEventHelper.cpp:SendModuleStateChangedEvent():34|Raise ModuleStateChanged Event: OriginatorId 0, ModuleState ModuleState_Ready (4), OldModuleState ModuleState_Moving (9)[EOL]
[2026-09-22T08:31:03.332833Z][RH.transfer-xyz-gripper][I][1009020][136]CGetSensorStateProcedure.cpp:SetParameter():53|MotionDevice 1, SensorName ReflexLB1[EOL]
[2026-09-22T08:31:03.335247Z][RH.transfer-xyz-gripper][I][1009050][136]CGetSingleBitInputStateStep.cpp:ReportReceived():117|The received signal level is SignalLevel_H_L_Enum_Low (0)[EOL]
[2026-09-22T08:31:03.335312Z][RH.transfer-xyz-gripper][I][1004005][136]CMotionControlEventHelper.cpp:SendSensorStateResultEvent():103|Originator 30027, SensorState 0[EOL]
[2026-09-22T08:31:03.335572Z][RH.newgen-rackhandler][I][1780009][155]CGetSensorStateClientEvent.cpp:ReadReport():35|Sensor State: 0[EOL]
[2026-09-22T08:31:03.336464Z][RH.transfer-xyz-gripper][I][1339033][136]CMovementToLogicalTargetWithToolOffsetProcedure.cpp:SetParameter():67|Movement To Logical Target With Tool Offset: ExclusionLayer 0, LogPosTarget 37 10 4006 6 7032, ToolOffset: ( 0.000000 / -0.016000 / 0.000000 ), MoveProcedureType 10, Inv: ( 0 / 1 / 0 / 0 ), ZAxisPositionAfterwards 0[EOL]
[2026-09-22T08:31:03.336648Z][RH.transfer-xyz-gripper][N][2330072][136]CMessageBrokerEventHelper.cpp:SendModuleStateChangedEvent():34|Raise ModuleStateChanged Event: OriginatorId 0, ModuleState ModuleState_Moving (9), OldModuleState ModuleState_Ready (4)[EOL]
[2026-09-22T08:31:03.336791Z][RH.transfer-xyz-gripper][I][1339058][136]CMovementToLogicalTargetWithToolOffsetAndTargetOffsetIntProcedure.cpp:SetParameter():145|Movement To Logical Target With Tool Offset And Target Offset: ExclusionLayer 0, LogPosTarget 37 10 4006 6 7032, ToolOffset: ( 0.000000 / -0.016000 / 0.000000 ), MoveProcedureType 10, Inv: ( 0 / 1 / 0 / 0 ), ZAxisPositionAfterwards 0, Target Offset: ( 0.000000 / 0.000000 / 0.000000 )[EOL]
[2026-09-22T08:31:03.336993Z][RH.transfer-xyz-gripper][I][1339029][136]CMovementToPhysicalTargetIntProcedure.cpp:SetParameter():125|Movement To Physical Target Int: ExclusionLayerIdFrom 0, ExclusionLayerIdTo 0, Pos: ( 0.446650 / 0.510750 / -0.011000 / 0.000000 ), MoveProcedureType 10, Inv: ( 0 / 1 / 0 / 0 ), ZAxisPositionAfterwards 0, Tool Offset: ( 0.000000 / -0.016000 / 0.000000 )[EOL]
[2026-09-22T08:31:03.337126Z][RH.transfer-xyz-gripper][I][1339026][136]CMovementToPhysicalTargetStraightIntProcedure.cpp:SetParameter():171|Movement To Physical Target Straight Int: Pos: ( 0.323500 / 0.526750 / -0.023001 / 0.000000 ), Inv: ( 0 / 1 / 0 / 0 ), MoveMode 1[EOL]
[2026-09-22T08:31:03.335636Z][RH.newgen-rackhandler][I][1780054][155]CGetSensorStateClientEvent.cpp:ReadReport():50|RackNotPresent event send.[EOL]
[2026-09-22T08:31:03.336094Z][RH.newgen-rackhandler][I][844444436][155]UnitCommunicator.cpp:SendEvent():424|Publishing event: type=Roche.c68_8800.RackHandler.RackStoragePositionStateChanged correlation_id=(n/a)[EOL]
[2026-09-22T08:31:03.336143Z][RH.newgen-rackhandler][I][2560017][155]MessageSender.h:SendEvent():105|Sent RabbitMqEvent Roche.c68_8800.RackHandler.RackStoragePositionStateChanged. Content: {"Timestamp":"2026-09-22T08:31:03.336067Z","RackLocationId":"A5","IsRackPresent":false}[EOL]
[2026-09-22T08:31:03.336296Z][RH.newgen-rackhandler][I][1780083][155]CCheckRackPositionProcedure.cpp:SetParameter():172|Procedure ProcTypeId_CheckRackPosition (1780018) loaded. Parameters: RackPosition = Position_10 (10); [EOL]
[2026-09-22T08:31:03.341346Z][RH.transfer-xyz-gripper][I][1334010][136]CTransferXYZGripperEventHelper.cpp:SendMoveAxisEvent():40|OriginatorID 65533, MotorDevice 1, StartPosition 0.526750, EndPosition 0.526750, ErrorOccured 0[EOL]
[2026-09-22T08:31:03.341867Z][RH.transfer-xyz-gripper][N][2330072][136]CMessageBrokerEventHelper.cpp:SendModuleStateChangedEvent():34|Raise ModuleStateChanged Event: OriginatorId 0, ModuleState ModuleState_Ready (4), OldModuleState ModuleState_Moving (9)[EOL]
[2026-09-22T08:31:03.343251Z][RH.transfer-xyz-gripper][I][1009020][136]CGetSensorStateProcedure.cpp:SetParameter():53|MotionDevice 1, SensorName ReflexLB2[EOL]
[2026-09-22T08:31:03.345313Z][RH.transfer-xyz-gripper][I][1009050][136]CGetSingleBitInputStateStep.cpp:ReportReceived():117|The received signal level is SignalLevel_H_L_Enum_Low (0)[EOL]
[2026-09-22T08:31:03.345361Z][RH.transfer-xyz-gripper][I][1004005][136]CMotionControlEventHelper.cpp:SendSensorStateResultEvent():103|Originator 30029, SensorState 0[EOL]
[2026-09-22T08:31:03.345493Z][RH.newgen-rackhandler][I][1780009][155]CGetSensorStateClientEvent.cpp:ReadReport():35|Sensor State: 0[EOL]
[2026-09-22T08:31:03.345537Z][RH.newgen-rackhandler][I][1780054][155]CGetSensorStateClientEvent.cpp:ReadReport():50|RackNotPresent event send.[EOL]
[2026-09-22T08:31:03.346058Z][RH.newgen-rackhandler][I][844444436][155]UnitCommunicator.cpp:SendEvent():424|Publishing event: type=Roche.c68_8800.RackHandler.RackStoragePositionStateChanged correlation_id=(n/a)[EOL]
[2026-09-22T08:31:03.346495Z][RH.transfer-xyz-gripper][I][1339033][136]CMovementToLogicalTargetWithToolOffsetProcedure.cpp:SetParameter():67|Movement To Logical Target With Tool Offset: ExclusionLayer 0, LogPosTarget 37 11 4006 6 7032, ToolOffset: ( 0.000000 / -0.016000 / 0.000000 ), MoveProcedureType 10, Inv: ( 0 / 1 / 0 / 0 ), ZAxisPositionAfterwards 0[EOL]
[2026-09-22T08:31:03.346113Z][RH.newgen-rackhandler][I][2560017][155]MessageSender.h:SendEvent():105|Sent RabbitMqEvent Roche.c68_8800.RackHandler.RackStoragePositionStateChanged. Content: {"Timestamp":"2026-09-22T08:31:03.346027Z","RackLocationId":"B5","IsRackPresent":false}[EOL]
[2026-09-22T08:31:03.347334Z][RH.transfer-xyz-gripper][N][2330072][136]CMessageBrokerEventHelper.cpp:SendModuleStateChangedEvent():34|Raise ModuleStateChanged Event: OriginatorId 0, ModuleState ModuleState_Moving (9), OldModuleState ModuleState_Ready (4)[EOL]
[2026-09-22T08:31:03.346283Z][RH.newgen-rackhandler][I][1780083][155]CCheckRackPositionProcedure.cpp:SetParameter():172|Procedure ProcTypeId_CheckRackPosition (1780018) loaded. Parameters: RackPosition = Position_11 (11); [EOL]
[2026-09-22T08:31:03.347579Z][RH.transfer-xyz-gripper][I][1339058][136]CMovementToLogicalTargetWithToolOffsetAndTargetOffsetIntProcedure.cpp:SetParameter():145|Movement To Logical Target With Tool Offset And Target Offset: ExclusionLayer 0, LogPosTarget 37 11 4006 6 7032, ToolOffset: ( 0.000000 / -0.016000 / 0.000000 ), MoveProcedureType 10, Inv: ( 0 / 1 / 0 / 0 ), ZAxisPositionAfterwards 0, Target Offset: ( 0.000000 / 0.000000 / 0.000000 )[EOL]
[2026-09-22T08:31:03.347938Z][RH.transfer-xyz-gripper][I][1339029][136]CMovementToPhysicalTargetIntProcedure.cpp:SetParameter():125|Movement To Physical Target Int: ExclusionLayerIdFrom 0, ExclusionLayerIdTo 0, Pos: ( 0.200250 / 0.535750 / -0.011000 / 0.000000 ), MoveProcedureType 10, Inv: ( 0 / 1 / 0 / 0 ), ZAxisPositionAfterwards 0, Tool Offset: ( 0.000000 / -0.016000 / 0.000000 )[EOL]
[2026-09-22T08:31:03.348090Z][RH.transfer-xyz-gripper][I][1339026][136]CMovementToPhysicalTargetStraightIntProcedure.cpp:SetParameter():171|Movement To Physical Target Straight Int: Pos: ( 0.323500 / 0.551750 / -0.023001 / 0.000000 ), Inv: ( 0 / 1 / 0 / 0 ), MoveMode 1[EOL]
[2026-09-22T08:31:03.378661Z][RH.transfer-xyz-gripper][I][1334010][136]CTransferXYZGripperEventHelper.cpp:SendMoveAxisEvent():40|OriginatorID 65533, MotorDevice 1, StartPosition 0.526750, EndPosition 0.551750, ErrorOccured 0[EOL]
[2026-09-22T08:31:03.379606Z][RH.transfer-xyz-gripper][N][2330072][136]CMessageBrokerEventHelper.cpp:SendModuleStateChangedEvent():34|Raise ModuleStateChanged Event: OriginatorId 0, ModuleState ModuleState_Ready (4), OldModuleState ModuleState_Moving (9)[EOL]
[2026-09-22T08:31:03.380361Z][RH.transfer-xyz-gripper][I][1009020][136]CGetSensorStateProcedure.cpp:SetParameter():53|MotionDevice 1, SensorName ReflexLB1[EOL]
[2026-09-22T08:31:03.382421Z][RH.newgen-rackhandler][I][1780009][155]CGetSensorStateClientEvent.cpp:ReadReport():35|Sensor State: 0[EOL]
[2026-09-22T08:31:03.382466Z][RH.newgen-rackhandler][I][1780054][155]CGetSensorStateClientEvent.cpp:ReadReport():50|RackNotPresent event send.[EOL]
[2026-09-22T08:31:03.382872Z][RH.newgen-rackhandler][I][844444436][155]UnitCommunicator.cpp:SendEvent():424|Publishing event: type=Roche.c68_8800.RackHandler.RackStoragePositionStateChanged correlation_id=(n/a)[EOL]
[2026-09-22T08:31:03.382911Z][RH.newgen-rackhandler][I][2560017][155]MessageSender.h:SendEvent():105|Sent RabbitMqEvent Roche.c68_8800.RackHandler.RackStoragePositionStateChanged. Content: {"Timestamp":"2026-09-22T08:31:03.382851Z","RackLocationId":"A6","IsRackPresent":false}[EOL]
[2026-09-22T08:31:03.383104Z][RH.newgen-rackhandler][I][1780083][155]CCheckRackPositionProcedure.cpp:SetParameter():172|Procedure ProcTypeId_CheckRackPosition (1780018) loaded. Parameters: RackPosition = Position_12 (12); [EOL]
[2026-09-22T08:31:03.382191Z][RH.transfer-xyz-gripper][I][1009050][136]CGetSingleBitInputStateStep.cpp:ReportReceived():117|The received signal level is SignalLevel_H_L_Enum_Low (0)[EOL]
[2026-09-22T08:31:03.382225Z][RH.transfer-xyz-gripper][I][1004005][136]CMotionControlEventHelper.cpp:SendSensorStateResultEvent():103|Originator 30031, SensorState 0[EOL]
[2026-09-22T08:31:03.383639Z][RH.transfer-xyz-gripper][I][1339033][136]CMovementToLogicalTargetWithToolOffsetProcedure.cpp:SetParameter():67|Movement To Logical Target With Tool Offset: ExclusionLayer 0, LogPosTarget 37 12 4006 6 7032, ToolOffset: ( 0.000000 / -0.016000 / 0.000000 ), MoveProcedureType 10, Inv: ( 0 / 1 / 0 / 0 ), ZAxisPositionAfterwards 0[EOL]
[2026-09-22T08:31:03.384208Z][RH.transfer-xyz-gripper][N][2330072][136]CMessageBrokerEventHelper.cpp:SendModuleStateChangedEvent():34|Raise ModuleStateChanged Event: OriginatorId 0, ModuleState ModuleState_Moving (9), OldModuleState ModuleState_Ready (4)[EOL]
[2026-09-22T08:31:03.384332Z][RH.transfer-xyz-gripper][I][1339058][136]CMovementToLogicalTargetWithToolOffsetAndTargetOffsetIntProcedure.cpp:SetParameter():145|Movement To Logical Target With Tool Offset And Target Offset: ExclusionLayer 0, LogPosTarget 37 12 4006 6 7032, ToolOffset: ( 0.000000 / -0.016000 / 0.000000 ), MoveProcedureType 10, Inv: ( 0 / 1 / 0 / 0 ), ZAxisPositionAfterwards 0, Target Offset: ( 0.000000 / 0.000000 / 0.000000 )[EOL]
[2026-09-22T08:31:03.384561Z][RH.transfer-xyz-gripper][I][1339029][136]CMovementToPhysicalTargetIntProcedure.cpp:SetParameter():125|Movement To Physical Target Int: ExclusionLayerIdFrom 0, ExclusionLayerIdTo 0, Pos: ( 0.446650 / 0.535750 / -0.011000 / 0.000000 ), MoveProcedureType 10, Inv: ( 0 / 1 / 0 / 0 ), ZAxisPositionAfterwards 0, Tool Offset: ( 0.000000 / -0.016000 / 0.000000 )[EOL]
[2026-09-22T08:31:03.384740Z][RH.transfer-xyz-gripper][I][1339026][136]CMovementToPhysicalTargetStraightIntProcedure.cpp:SetParameter():171|Movement To Physical Target Straight Int: Pos: ( 0.323500 / 0.551750 / -0.023001 / 0.000000 ), Inv: ( 0 / 1 / 0 / 0 ), MoveMode 1[EOL]
[2026-09-22T08:31:03.390495Z][RH.transfer-xyz-gripper][I][1334010][136]CTransferXYZGripperEventHelper.cpp:SendMoveAxisEvent():40|OriginatorID 65533, MotorDevice 1, StartPosition 0.551750, EndPosition 0.551750, ErrorOccured 0[EOL]
[2026-09-22T08:31:03.390908Z][RH.transfer-xyz-gripper][N][2330072][136]CMessageBrokerEventHelper.cpp:SendModuleStateChangedEvent():34|Raise ModuleStateChanged Event: OriginatorId 0, ModuleState ModuleState_Ready (4), OldModuleState ModuleState_Moving (9)[EOL]
[2026-09-22T08:31:03.394611Z][RH.newgen-rackhandler][I][1780009][155]CGetSensorStateClientEvent.cpp:ReadReport():35|Sensor State: 0[EOL]
[2026-09-22T08:31:03.394648Z][RH.newgen-rackhandler][I][1780054][155]CGetSensorStateClientEvent.cpp:ReadReport():50|RackNotPresent event send.[EOL]
[2026-09-22T08:31:03.395183Z][RH.newgen-rackhandler][I][844444436][155]UnitCommunicator.cpp:SendEvent():424|Publishing event: type=Roche.c68_8800.RackHandler.RackStoragePositionStateChanged correlation_id=(n/a)[EOL]
[2026-09-22T08:31:03.395370Z][RH.newgen-rackhandler][I][2560017][155]MessageSender.h:SendEvent():105|Sent RabbitMqEvent Roche.c68_8800.RackHandler.RackStoragePositionStateChanged. Content: {"Timestamp":"2026-09-22T08:31:03.395171Z","RackLocationId":"B6","IsRackPresent":false}[EOL]
[2026-09-22T08:31:03.395662Z][RH.newgen-rackhandler][I][1780083][155]CCheckRackPositionProcedure.cpp:SetParameter():172|Procedure ProcTypeId_CheckRackPosition (1780018) loaded. Parameters: RackPosition = Position_13 (13); [EOL]
[2026-09-22T08:31:03.391643Z][RH.transfer-xyz-gripper][I][1009020][136]CGetSensorStateProcedure.cpp:SetParameter():53|MotionDevice 1, SensorName ReflexLB2[EOL]
[2026-09-22T08:31:03.394307Z][RH.transfer-xyz-gripper][I][1009050][136]CGetSingleBitInputStateStep.cpp:ReportReceived():117|The received signal level is SignalLevel_H_L_Enum_Low (0)[EOL]
[2026-09-22T08:31:03.394423Z][RH.transfer-xyz-gripper][I][1004005][136]CMotionControlEventHelper.cpp:SendSensorStateResultEvent():103|Originator 30033, SensorState 0[EOL]
[2026-09-22T08:31:03.396086Z][RH.transfer-xyz-gripper][I][1339033][136]CMovementToLogicalTargetWithToolOffsetProcedure.cpp:SetParameter():67|Movement To Logical Target With Tool Offset: ExclusionLayer 0, LogPosTarget 37 13 4006 6 7032, ToolOffset: ( 0.000000 / -0.016000 / 0.000000 ), MoveProcedureType 10, Inv: ( 0 / 1 / 0 / 0 ), ZAxisPositionAfterwards 0[EOL]
[2026-09-22T08:31:03.396396Z][RH.transfer-xyz-gripper][N][2330072][136]CMessageBrokerEventHelper.cpp:SendModuleStateChangedEvent():34|Raise ModuleStateChanged Event: OriginatorId 0, ModuleState ModuleState_Moving (9), OldModuleState ModuleState_Ready (4)[EOL]
[2026-09-22T08:31:03.396542Z][RH.transfer-xyz-gripper][I][1339058][136]CMovementToLogicalTargetWithToolOffsetAndTargetOffsetIntProcedure.cpp:SetParameter():145|Movement To Logical Target With Tool Offset And Target Offset: ExclusionLayer 0, LogPosTarget 37 13 4006 6 7032, ToolOffset: ( 0.000000 / -0.016000 / 0.000000 ), MoveProcedureType 10, Inv: ( 0 / 1 / 0 / 0 ), ZAxisPositionAfterwards 0, Target Offset: ( 0.000000 / 0.000000 / 0.000000 )[EOL]
[2026-09-22T08:31:03.396801Z][RH.transfer-xyz-gripper][I][1339029][136]CMovementToPhysicalTargetIntProcedure.cpp:SetParameter():125|Movement To Physical Target Int: ExclusionLayerIdFrom 0, ExclusionLayerIdTo 0, Pos: ( 0.200250 / 0.560750 / -0.011000 / 0.000000 ), MoveProcedureType 10, Inv: ( 0 / 1 / 0 / 0 ), ZAxisPositionAfterwards 0, Tool Offset: ( 0.000000 / -0.016000 / 0.000000 )[EOL]
[2026-09-22T08:31:03.397124Z][RH.transfer-xyz-gripper][I][1339026][136]CMovementToPhysicalTargetStraightIntProcedure.cpp:SetParameter():171|Movement To Physical Target Straight Int: Pos: ( 0.323500 / 0.576750 / -0.023001 / 0.000000 ), Inv: ( 0 / 1 / 0 / 0 ), MoveMode 1[EOL]
[2026-09-22T08:31:03.428354Z][RH.transfer-xyz-gripper][I][1334010][136]CTransferXYZGripperEventHelper.cpp:SendMoveAxisEvent():40|OriginatorID 65533, MotorDevice 1, StartPosition 0.551750, EndPosition 0.576750, ErrorOccured 0[EOL]
[2026-09-22T08:31:03.428651Z][RH.transfer-xyz-gripper][N][2330072][136]CMessageBrokerEventHelper.cpp:SendModuleStateChangedEvent():34|Raise ModuleStateChanged Event: OriginatorId 0, ModuleState ModuleState_Ready (4), OldModuleState ModuleState_Moving (9)[EOL]
[2026-09-22T08:31:03.429485Z][RH.transfer-xyz-gripper][I][1009020][136]CGetSensorStateProcedure.cpp:SetParameter():53|MotionDevice 1, SensorName ReflexLB1[EOL]
[2026-09-22T08:31:03.431182Z][RH.transfer-xyz-gripper][I][1009050][136]CGetSingleBitInputStateStep.cpp:ReportReceived():117|The received signal level is SignalLevel_H_L_Enum_Low (0)[EOL]
[2026-09-22T08:31:03.431234Z][RH.transfer-xyz-gripper][I][1004005][136]CMotionControlEventHelper.cpp:SendSensorStateResultEvent():103|Originator 30035, SensorState 0[EOL]
[2026-09-22T08:31:03.431443Z][RH.newgen-rackhandler][I][1780009][155]CGetSensorStateClientEvent.cpp:ReadReport():35|Sensor State: 0[EOL]
[2026-09-22T08:31:03.431525Z][RH.newgen-rackhandler][I][1780054][155]CGetSensorStateClientEvent.cpp:ReadReport():50|RackNotPresent event send.[EOL]
[2026-09-22T08:31:03.432872Z][RH.newgen-rackhandler][I][844444436][155]UnitCommunicator.cpp:SendEvent():424|Publishing event: type=Roche.c68_8800.RackHandler.RackStoragePositionStateChanged correlation_id=(n/a)[EOL]
[2026-09-22T08:31:03.432924Z][RH.newgen-rackhandler][I][2560017][155]MessageSender.h:SendEvent():105|Sent RabbitMqEvent Roche.c68_8800.RackHandler.RackStoragePositionStateChanged. Content: {"Timestamp":"2026-09-22T08:31:03.432847Z","RackLocationId":"A7","IsRackPresent":false}[EOL]
[2026-09-22T08:31:03.433107Z][RH.newgen-rackhandler][I][1780083][155]CCheckRackPositionProcedure.cpp:SetParameter():172|Procedure ProcTypeId_CheckRackPosition (1780018) loaded. Parameters: RackPosition = Position_14 (14); [EOL]
[2026-09-22T08:31:03.433299Z][RH.transfer-xyz-gripper][I][1339033][136]CMovementToLogicalTargetWithToolOffsetProcedure.cpp:SetParameter():67|Movement To Logical Target With Tool Offset: ExclusionLayer 0, LogPosTarget 37 14 4006 6 7032, ToolOffset: ( 0.000000 / -0.016000 / 0.000000 ), MoveProcedureType 10, Inv: ( 0 / 1 / 0 / 0 ), ZAxisPositionAfterwards 0[EOL]
[2026-09-22T08:31:03.433677Z][RH.transfer-xyz-gripper][N][2330072][136]CMessageBrokerEventHelper.cpp:SendModuleStateChangedEvent():34|Raise ModuleStateChanged Event: OriginatorId 0, ModuleState ModuleState_Moving (9), OldModuleState ModuleState_Ready (4)[EOL]
[2026-09-22T08:31:03.433813Z][RH.transfer-xyz-gripper][I][1339058][136]CMovementToLogicalTargetWithToolOffsetAndTargetOffsetIntProcedure.cpp:SetParameter():145|Movement To Logical Target With Tool Offset And Target Offset: ExclusionLayer 0, LogPosTarget 37 14 4006 6 7032, ToolOffset: ( 0.000000 / -0.016000 / 0.000000 ), MoveProcedureType 10, Inv: ( 0 / 1 / 0 / 0 ), ZAxisPositionAfterwards 0, Target Offset: ( 0.000000 / 0.000000 / 0.000000 )[EOL]
[2026-09-22T08:31:03.434027Z][RH.transfer-xyz-gripper][I][1339029][136]CMovementToPhysicalTargetIntProcedure.cpp:SetParameter():125|Movement To Physical Target Int: ExclusionLayerIdFrom 0, ExclusionLayerIdTo 0, Pos: ( 0.446650 / 0.560750 / -0.011000 / 0.000000 ), MoveProcedureType 10, Inv: ( 0 / 1 / 0 / 0 ), ZAxisPositionAfterwards 0, Tool Offset: ( 0.000000 / -0.016000 / 0.000000 )[EOL]
[2026-09-22T08:31:03.434281Z][RH.transfer-xyz-gripper][I][1339026][136]CMovementToPhysicalTargetStraightIntProcedure.cpp:SetParameter():171|Movement To Physical Target Straight Int: Pos: ( 0.323500 / 0.576750 / -0.023001 / 0.000000 ), Inv: ( 0 / 1 / 0 / 0 ), MoveMode 1[EOL]
[2026-09-22T08:31:03.439567Z][RH.transfer-xyz-gripper][I][1334010][136]CTransferXYZGripperEventHelper.cpp:SendMoveAxisEvent():40|OriginatorID 65533, MotorDevice 1, StartPosition 0.576750, EndPosition 0.576750, ErrorOccured 0[EOL]
[2026-09-22T08:31:03.439940Z][RH.transfer-xyz-gripper][N][2330072][136]CMessageBrokerEventHelper.cpp:SendModuleStateChangedEvent():34|Raise ModuleStateChanged Event: OriginatorId 0, ModuleState ModuleState_Ready (4), OldModuleState ModuleState_Moving (9)[EOL]
[2026-09-22T08:31:03.441031Z][RH.transfer-xyz-gripper][I][1009020][136]CGetSensorStateProcedure.cpp:SetParameter():53|MotionDevice 1, SensorName ReflexLB2[EOL]
[2026-09-22T08:31:03.444248Z][RH.transfer-xyz-gripper][I][1009050][136]CGetSingleBitInputStateStep.cpp:ReportReceived():117|The received signal level is SignalLevel_H_L_Enum_Low (0)[EOL]
[2026-09-22T08:31:03.444325Z][RH.transfer-xyz-gripper][I][1004005][136]CMotionControlEventHelper.cpp:SendSensorStateResultEvent():103|Originator 30037, SensorState 0[EOL]
[2026-09-22T08:31:03.444485Z][RH.newgen-rackhandler][I][1780009][155]CGetSensorStateClientEvent.cpp:ReadReport():35|Sensor State: 0[EOL]
[2026-09-22T08:31:03.444524Z][RH.newgen-rackhandler][I][1780054][155]CGetSensorStateClientEvent.cpp:ReadReport():50|RackNotPresent event send.[EOL]
[2026-09-22T08:31:03.445440Z][RH.newgen-rackhandler][I][844444436][155]UnitCommunicator.cpp:SendEvent():424|Publishing event: type=Roche.c68_8800.RackHandler.RackStoragePositionStateChanged correlation_id=(n/a)[EOL]
[2026-09-22T08:31:03.445500Z][RH.newgen-rackhandler][I][2560017][155]MessageSender.h:SendEvent():105|Sent RabbitMqEvent Roche.c68_8800.RackHandler.RackStoragePositionStateChanged. Content: {"Timestamp":"2026-09-22T08:31:03.445062Z","RackLocationId":"B7","IsRackPresent":false}[EOL]
[2026-09-22T08:31:03.446118Z][RH.newgen-rackhandler][I][1780083][155]CCheckRackPositionProcedure.cpp:SetParameter():172|Procedure ProcTypeId_CheckRackPosition (1780018) loaded. Parameters: RackPosition = Position_15 (15); [EOL]
[2026-09-22T08:31:03.446540Z][RH.transfer-xyz-gripper][I][1339033][136]CMovementToLogicalTargetWithToolOffsetProcedure.cpp:SetParameter():67|Movement To Logical Target With Tool Offset: ExclusionLayer 0, LogPosTarget 37 15 4006 6 7032, ToolOffset: ( 0.000000 / -0.016000 / 0.000000 ), MoveProcedureType 10, Inv: ( 0 / 1 / 0 / 0 ), ZAxisPositionAfterwards 0[EOL]
[2026-09-22T08:31:03.447041Z][RH.transfer-xyz-gripper][N][2330072][136]CMessageBrokerEventHelper.cpp:SendModuleStateChangedEvent():34|Raise ModuleStateChanged Event: OriginatorId 0, ModuleState ModuleState_Moving (9), OldModuleState ModuleState_Ready (4)[EOL]
[2026-09-22T08:31:03.447231Z][RH.transfer-xyz-gripper][I][1339058][136]CMovementToLogicalTargetWithToolOffsetAndTargetOffsetIntProcedure.cpp:SetParameter():145|Movement To Logical Target With Tool Offset And Target Offset: ExclusionLayer 0, LogPosTarget 37 15 4006 6 7032, ToolOffset: ( 0.000000 / -0.016000 / 0.000000 ), MoveProcedureType 10, Inv: ( 0 / 1 / 0 / 0 ), ZAxisPositionAfterwards 0, Target Offset: ( 0.000000 / 0.000000 / 0.000000 )[EOL]
[2026-09-22T08:31:03.447429Z][RH.transfer-xyz-gripper][I][1339029][136]CMovementToPhysicalTargetIntProcedure.cpp:SetParameter():125|Movement To Physical Target Int: ExclusionLayerIdFrom 0, ExclusionLayerIdTo 0, Pos: ( 0.200250 / 0.585750 / -0.011000 / 0.000000 ), MoveProcedureType 10, Inv: ( 0 / 1 / 0 / 0 ), ZAxisPositionAfterwards 0, Tool Offset: ( 0.000000 / -0.016000 / 0.000000 )[EOL]
[2026-09-22T08:31:03.448192Z][RH.transfer-xyz-gripper][I][1339026][136]CMovementToPhysicalTargetStraightIntProcedure.cpp:SetParameter():171|Movement To Physical Target Straight Int: Pos: ( 0.323500 / 0.601750 / -0.023001 / 0.000000 ), Inv: ( 0 / 1 / 0 / 0 ), MoveMode 1[EOL]
[2026-09-22T08:31:03.479468Z][RH.transfer-xyz-gripper][I][1334010][136]CTransferXYZGripperEventHelper.cpp:SendMoveAxisEvent():40|OriginatorID 65533, MotorDevice 1, StartPosition 0.576750, EndPosition 0.601750, ErrorOccured 0[EOL]
[2026-09-22T08:31:03.479932Z][RH.transfer-xyz-gripper][N][2330072][136]CMessageBrokerEventHelper.cpp:SendModuleStateChangedEvent():34|Raise ModuleStateChanged Event: OriginatorId 0, ModuleState ModuleState_Ready (4), OldModuleState ModuleState_Moving (9)[EOL]
[2026-09-22T08:31:03.480992Z][RH.transfer-xyz-gripper][I][1009020][136]CGetSensorStateProcedure.cpp:SetParameter():53|MotionDevice 1, SensorName ReflexLB1[EOL]
[2026-09-22T08:31:03.484005Z][RH.transfer-xyz-gripper][I][1009050][136]CGetSingleBitInputStateStep.cpp:ReportReceived():117|The received signal level is SignalLevel_H_L_Enum_Low (0)[EOL]
[2026-09-22T08:31:03.484070Z][RH.transfer-xyz-gripper][I][1004005][136]CMotionControlEventHelper.cpp:SendSensorStateResultEvent():103|Originator 30039, SensorState 0[EOL]
[2026-09-22T08:31:03.484351Z][RH.newgen-rackhandler][I][1780009][155]CGetSensorStateClientEvent.cpp:ReadReport():35|Sensor State: 0[EOL]
[2026-09-22T08:31:03.484396Z][RH.newgen-rackhandler][I][1780054][155]CGetSensorStateClientEvent.cpp:ReadReport():50|RackNotPresent event send.[EOL]
[2026-09-22T08:31:03.485142Z][RH.newgen-rackhandler][I][844444436][155]UnitCommunicator.cpp:SendEvent():424|Publishing event: type=Roche.c68_8800.RackHandler.RackStoragePositionStateChanged correlation_id=(n/a)[EOL]
[2026-09-22T08:31:03.485260Z][RH.newgen-rackhandler][I][2560017][155]MessageSender.h:SendEvent():105|Sent RabbitMqEvent Roche.c68_8800.RackHandler.RackStoragePositionStateChanged. Content: {"Timestamp":"2026-09-22T08:31:03.485016Z","RackLocationId":"A8","IsRackPresent":false}[EOL]
[2026-09-22T08:31:03.485640Z][RH.newgen-rackhandler][I][1780083][155]CCheckRackPositionProcedure.cpp:SetParameter():172|Procedure ProcTypeId_CheckRackPosition (1780018) loaded. Parameters: RackPosition = Position_16 (16); [EOL]
[2026-09-22T08:31:03.486040Z][RH.transfer-xyz-gripper][I][1339033][136]CMovementToLogicalTargetWithToolOffsetProcedure.cpp:SetParameter():67|Movement To Logical Target With Tool Offset: ExclusionLayer 0, LogPosTarget 37 16 4006 6 7032, ToolOffset: ( 0.000000 / -0.016000 / 0.000000 ), MoveProcedureType 10, Inv: ( 0 / 1 / 0 / 0 ), ZAxisPositionAfterwards 0[EOL]
[2026-09-22T08:31:03.486415Z][RH.transfer-xyz-gripper][N][2330072][136]CMessageBrokerEventHelper.cpp:SendModuleStateChangedEvent():34|Raise ModuleStateChanged Event: OriginatorId 0, ModuleState ModuleState_Moving (9), OldModuleState ModuleState_Ready (4)[EOL]
[2026-09-22T08:31:03.486622Z][RH.transfer-xyz-gripper][I][1339058][136]CMovementToLogicalTargetWithToolOffsetAndTargetOffsetIntProcedure.cpp:SetParameter():145|Movement To Logical Target With Tool Offset And Target Offset: ExclusionLayer 0, LogPosTarget 37 16 4006 6 7032, ToolOffset: ( 0.000000 / -0.016000 / 0.000000 ), MoveProcedureType 10, Inv: ( 0 / 1 / 0 / 0 ), ZAxisPositionAfterwards 0, Target Offset: ( 0.000000 / 0.000000 / 0.000000 )[EOL]
[2026-09-22T08:31:03.486957Z][RH.transfer-xyz-gripper][I][1339029][136]CMovementToPhysicalTargetIntProcedure.cpp:SetParameter():125|Movement To Physical Target Int: ExclusionLayerIdFrom 0, ExclusionLayerIdTo 0, Pos: ( 0.446650 / 0.585750 / -0.011000 / 0.000000 ), MoveProcedureType 10, Inv: ( 0 / 1 / 0 / 0 ), ZAxisPositionAfterwards 0, Tool Offset: ( 0.000000 / -0.016000 / 0.000000 )[EOL]
[2026-09-22T08:31:03.487327Z][RH.transfer-xyz-gripper][I][1339026][136]CMovementToPhysicalTargetStraightIntProcedure.cpp:SetParameter():171|Movement To Physical Target Straight Int: Pos: ( 0.323500 / 0.601750 / -0.023001 / 0.000000 ), Inv: ( 0 / 1 / 0 / 0 ), MoveMode 1[EOL]
[2026-09-22T08:31:03.491391Z][RH.transfer-xyz-gripper][I][1334010][136]CTransferXYZGripperEventHelper.cpp:SendMoveAxisEvent():40|OriginatorID 65533, MotorDevice 1, StartPosition 0.601750, EndPosition 0.601750, ErrorOccured 0[EOL]
[2026-09-22T08:31:03.492412Z][RH.transfer-xyz-gripper][N][2330072][136]CMessageBrokerEventHelper.cpp:SendModuleStateChangedEvent():34|Raise ModuleStateChanged Event: OriginatorId 0, ModuleState ModuleState_Ready (4), OldModuleState ModuleState_Moving (9)[EOL]
[2026-09-22T08:31:03.494686Z][RH.transfer-xyz-gripper][I][1009020][136]CGetSensorStateProcedure.cpp:SetParameter():53|MotionDevice 1, SensorName ReflexLB2[EOL]
[2026-09-22T08:31:03.497364Z][RH.transfer-xyz-gripper][I][1009050][136]CGetSingleBitInputStateStep.cpp:ReportReceived():117|The received signal level is SignalLevel_H_L_Enum_Low (0)[EOL]
[2026-09-22T08:31:03.497412Z][RH.transfer-xyz-gripper][I][1004005][136]CMotionControlEventHelper.cpp:SendSensorStateResultEvent():103|Originator 30041, SensorState 0[EOL]
[2026-09-22T08:31:03.497603Z][RH.newgen-rackhandler][I][1780009][155]CGetSensorStateClientEvent.cpp:ReadReport():35|Sensor State: 0[EOL]
[2026-09-22T08:31:03.497637Z][RH.newgen-rackhandler][I][1780054][155]CGetSensorStateClientEvent.cpp:ReadReport():50|RackNotPresent event send.[EOL]
[2026-09-22T08:31:03.497950Z][RH.newgen-rackhandler][I][844444436][155]UnitCommunicator.cpp:SendEvent():424|Publishing event: type=Roche.c68_8800.RackHandler.RackStoragePositionStateChanged correlation_id=(n/a)[EOL]
[2026-09-22T08:31:03.497997Z][RH.newgen-rackhandler][I][2560017][155]MessageSender.h:SendEvent():105|Sent RabbitMqEvent Roche.c68_8800.RackHandler.RackStoragePositionStateChanged. Content: {"Timestamp":"2026-09-22T08:31:03.497939Z","RackLocationId":"B8","IsRackPresent":false}[EOL]
[2026-09-22T08:31:03.498192Z][RH.newgen-rackhandler][I][1780083][155]CCheckRackPositionProcedure.cpp:SetParameter():172|Procedure ProcTypeId_CheckRackPosition (1780018) loaded. Parameters: RackPosition = Position_17 (17); [EOL]
[2026-09-22T08:31:03.499149Z][RH.transfer-xyz-gripper][I][1339033][136]CMovementToLogicalTargetWithToolOffsetProcedure.cpp:SetParameter():67|Movement To Logical Target With Tool Offset: ExclusionLayer 0, LogPosTarget 37 17 4006 6 7032, ToolOffset: ( 0.000000 / -0.016000 / 0.000000 ), MoveProcedureType 10, Inv: ( 0 / 1 / 0 / 0 ), ZAxisPositionAfterwards 0[EOL]
[2026-09-22T08:31:03.499582Z][RH.transfer-xyz-gripper][N][2330072][136]CMessageBrokerEventHelper.cpp:SendModuleStateChangedEvent():34|Raise ModuleStateChanged Event: OriginatorId 0, ModuleState ModuleState_Moving (9), OldModuleState ModuleState_Ready (4)[EOL]
[2026-09-22T08:31:03.499723Z][RH.transfer-xyz-gripper][I][1339058][136]CMovementToLogicalTargetWithToolOffsetAndTargetOffsetIntProcedure.cpp:SetParameter():145|Movement To Logical Target With Tool Offset And Target Offset: ExclusionLayer 0, LogPosTarget 37 17 4006 6 7032, ToolOffset: ( 0.000000 / -0.016000 / 0.000000 ), MoveProcedureType 10, Inv: ( 0 / 1 / 0 / 0 ), ZAxisPositionAfterwards 0, Target Offset: ( 0.000000 / 0.000000 / 0.000000 )[EOL]
[2026-09-22T08:31:03.500066Z][RH.transfer-xyz-gripper][I][1339029][136]CMovementToPhysicalTargetIntProcedure.cpp:SetParameter():125|Movement To Physical Target Int: ExclusionLayerIdFrom 0, ExclusionLayerIdTo 0, Pos: ( 0.200250 / 0.610750 / -0.011000 / 0.000000 ), MoveProcedureType 10, Inv: ( 0 / 1 / 0 / 0 ), ZAxisPositionAfterwards 0, Tool Offset: ( 0.000000 / -0.016000 / 0.000000 )[EOL]
[2026-09-22T08:31:03.500304Z][RH.transfer-xyz-gripper][I][1339026][136]CMovementToPhysicalTargetStraightIntProcedure.cpp:SetParameter():171|Movement To Physical Target Straight Int: Pos: ( 0.323500 / 0.626750 / -0.023001 / 0.000000 ), Inv: ( 0 / 1 / 0 / 0 ), MoveMode 1[EOL]
[2026-09-22T08:31:03.531380Z][RH.transfer-xyz-gripper][I][1334010][136]CTransferXYZGripperEventHelper.cpp:SendMoveAxisEvent():40|OriginatorID 65533, MotorDevice 1, StartPosition 0.601750, EndPosition 0.626750, ErrorOccured 0[EOL]
[2026-09-22T08:31:03.532173Z][RH.transfer-xyz-gripper][N][2330072][136]CMessageBrokerEventHelper.cpp:SendModuleStateChangedEvent():34|Raise ModuleStateChanged Event: OriginatorId 0, ModuleState ModuleState_Ready (4), OldModuleState ModuleState_Moving (9)[EOL]
[2026-09-22T08:31:03.533816Z][RH.transfer-xyz-gripper][I][1009020][136]CGetSensorStateProcedure.cpp:SetParameter():53|MotionDevice 1, SensorName ReflexLB1[EOL]
[2026-09-22T08:31:03.539442Z][RH.transfer-xyz-gripper][I][1009050][136]CGetSingleBitInputStateStep.cpp:ReportReceived():117|The received signal level is SignalLevel_H_L_Enum_Low (0)[EOL]
[2026-09-22T08:31:03.539500Z][RH.transfer-xyz-gripper][I][1004005][136]CMotionControlEventHelper.cpp:SendSensorStateResultEvent():103|Originator 30043, SensorState 0[EOL]
[2026-09-22T08:31:03.539634Z][RH.newgen-rackhandler][I][1780009][155]CGetSensorStateClientEvent.cpp:ReadReport():35|Sensor State: 0[EOL]
[2026-09-22T08:31:03.539667Z][RH.newgen-rackhandler][I][1780054][155]CGetSensorStateClientEvent.cpp:ReadReport():50|RackNotPresent event send.[EOL]
[2026-09-22T08:31:03.540073Z][RH.newgen-rackhandler][I][844444436][155]UnitCommunicator.cpp:SendEvent():424|Publishing event: type=Roche.c68_8800.RackHandler.RackStoragePositionStateChanged correlation_id=(n/a)[EOL]
[2026-09-22T08:31:03.540210Z][RH.newgen-rackhandler][I][2560017][155]MessageSender.h:SendEvent():105|Sent RabbitMqEvent Roche.c68_8800.RackHandler.RackStoragePositionStateChanged. Content: {"Timestamp":"2026-09-22T08:31:03.540046Z","RackLocationId":"A9","IsRackPresent":false}[EOL]
[2026-09-22T08:31:03.540379Z][RH.newgen-rackhandler][I][1780083][155]CCheckRackPositionProcedure.cpp:SetParameter():172|Procedure ProcTypeId_CheckRackPosition (1780018) loaded. Parameters: RackPosition = Position_18 (18); [EOL]
[2026-09-22T08:31:03.540645Z][RH.transfer-xyz-gripper][I][1339033][136]CMovementToLogicalTargetWithToolOffsetProcedure.cpp:SetParameter():67|Movement To Logical Target With Tool Offset: ExclusionLayer 0, LogPosTarget 37 18 4006 6 7032, ToolOffset: ( 0.000000 / -0.016000 / 0.000000 ), MoveProcedureType 10, Inv: ( 0 / 1 / 0 / 0 ), ZAxisPositionAfterwards 0[EOL]
[2026-09-22T08:31:03.541141Z][RH.transfer-xyz-gripper][N][2330072][136]CMessageBrokerEventHelper.cpp:SendModuleStateChangedEvent():34|Raise ModuleStateChanged Event: OriginatorId 0, ModuleState ModuleState_Moving (9), OldModuleState ModuleState_Ready (4)[EOL]
[2026-09-22T08:31:03.541316Z][RH.transfer-xyz-gripper][I][1339058][136]CMovementToLogicalTargetWithToolOffsetAndTargetOffsetIntProcedure.cpp:SetParameter():145|Movement To Logical Target With Tool Offset And Target Offset: ExclusionLayer 0, LogPosTarget 37 18 4006 6 7032, ToolOffset: ( 0.000000 / -0.016000 / 0.000000 ), MoveProcedureType 10, Inv: ( 0 / 1 / 0 / 0 ), ZAxisPositionAfterwards 0, Target Offset: ( 0.000000 / 0.000000 / 0.000000 )[EOL]
[2026-09-22T08:31:03.541542Z][RH.transfer-xyz-gripper][I][1339029][136]CMovementToPhysicalTargetIntProcedure.cpp:SetParameter():125|Movement To Physical Target Int: ExclusionLayerIdFrom 0, ExclusionLayerIdTo 0, Pos: ( 0.446650 / 0.610750 / -0.011000 / 0.000000 ), MoveProcedureType 10, Inv: ( 0 / 1 / 0 / 0 ), ZAxisPositionAfterwards 0, Tool Offset: ( 0.000000 / -0.016000 / 0.000000 )[EOL]
[2026-09-22T08:31:03.541868Z][RH.transfer-xyz-gripper][I][1339026][136]CMovementToPhysicalTargetStraightIntProcedure.cpp:SetParameter():171|Movement To Physical Target Straight Int: Pos: ( 0.323500 / 0.626750 / -0.023001 / 0.000000 ), Inv: ( 0 / 1 / 0 / 0 ), MoveMode 1[EOL]
[2026-09-22T08:31:03.546517Z][RH.transfer-xyz-gripper][I][1334010][136]CTransferXYZGripperEventHelper.cpp:SendMoveAxisEvent():40|OriginatorID 65533, MotorDevice 1, StartPosition 0.626750, EndPosition 0.626750, ErrorOccured 0[EOL]
[2026-09-22T08:31:03.546869Z][RH.transfer-xyz-gripper][N][2330072][136]CMessageBrokerEventHelper.cpp:SendModuleStateChangedEvent():34|Raise ModuleStateChanged Event: OriginatorId 0, ModuleState ModuleState_Ready (4), OldModuleState ModuleState_Moving (9)[EOL]
[2026-09-22T08:31:03.547960Z][RH.transfer-xyz-gripper][I][1009020][136]CGetSensorStateProcedure.cpp:SetParameter():53|MotionDevice 1, SensorName ReflexLB2[EOL]
[2026-09-22T08:31:03.551183Z][RH.transfer-xyz-gripper][I][1009050][136]CGetSingleBitInputStateStep.cpp:ReportReceived():117|The received signal level is SignalLevel_H_L_Enum_Low (0)[EOL]
[2026-09-22T08:31:03.551237Z][RH.transfer-xyz-gripper][I][1004005][136]CMotionControlEventHelper.cpp:SendSensorStateResultEvent():103|Originator 30045, SensorState 0[EOL]
[2026-09-22T08:31:03.551381Z][RH.newgen-rackhandler][I][1780009][155]CGetSensorStateClientEvent.cpp:ReadReport():35|Sensor State: 0[EOL]
[2026-09-22T08:31:03.551424Z][RH.newgen-rackhandler][I][1780054][155]CGetSensorStateClientEvent.cpp:ReadReport():50|RackNotPresent event send.[EOL]
[2026-09-22T08:31:03.552179Z][RH.newgen-rackhandler][I][844444436][155]UnitCommunicator.cpp:SendEvent():424|Publishing event: type=Roche.c68_8800.RackHandler.RackStoragePositionStateChanged correlation_id=(n/a)[EOL]
[2026-09-22T08:31:03.552232Z][RH.newgen-rackhandler][I][2560017][155]MessageSender.h:SendEvent():105|Sent RabbitMqEvent Roche.c68_8800.RackHandler.RackStoragePositionStateChanged. Content: {"Timestamp":"2026-09-22T08:31:03.552149Z","RackLocationId":"B9","IsRackPresent":false}[EOL]
[2026-09-22T08:31:03.552379Z][RH.newgen-rackhandler][I][1780083][155]CCheckRackPositionProcedure.cpp:SetParameter():172|Procedure ProcTypeId_CheckRackPosition (1780018) loaded. Parameters: RackPosition = Position_19 (19); [EOL]
[2026-09-22T08:31:03.552584Z][RH.transfer-xyz-gripper][I][1339033][136]CMovementToLogicalTargetWithToolOffsetProcedure.cpp:SetParameter():67|Movement To Logical Target With Tool Offset: ExclusionLayer 0, LogPosTarget 37 19 4006 6 7032, ToolOffset: ( 0.000000 / -0.016000 / 0.000000 ), MoveProcedureType 10, Inv: ( 0 / 1 / 0 / 0 ), ZAxisPositionAfterwards 0[EOL]
[2026-09-22T08:31:03.552780Z][RH.transfer-xyz-gripper][N][2330072][136]CMessageBrokerEventHelper.cpp:SendModuleStateChangedEvent():34|Raise ModuleStateChanged Event: OriginatorId 0, ModuleState ModuleState_Moving (9), OldModuleState ModuleState_Ready (4)[EOL]
[2026-09-22T08:31:03.552855Z][RH.transfer-xyz-gripper][I][1339058][136]CMovementToLogicalTargetWithToolOffsetAndTargetOffsetIntProcedure.cpp:SetParameter():145|Movement To Logical Target With Tool Offset And Target Offset: ExclusionLayer 0, LogPosTarget 37 19 4006 6 7032, ToolOffset: ( 0.000000 / -0.016000 / 0.000000 ), MoveProcedureType 10, Inv: ( 0 / 1 / 0 / 0 ), ZAxisPositionAfterwards 0, Target Offset: ( 0.000000 / 0.000000 / 0.000000 )[EOL]
[2026-09-22T08:31:03.553062Z][RH.transfer-xyz-gripper][I][1339029][136]CMovementToPhysicalTargetIntProcedure.cpp:SetParameter():125|Movement To Physical Target Int: ExclusionLayerIdFrom 0, ExclusionLayerIdTo 0, Pos: ( 0.200250 / 0.635750 / -0.011000 / 0.000000 ), MoveProcedureType 10, Inv: ( 0 / 1 / 0 / 0 ), ZAxisPositionAfterwards 0, Tool Offset: ( 0.000000 / -0.016000 / 0.000000 )[EOL]
[2026-09-22T08:31:03.553182Z][RH.transfer-xyz-gripper][I][1339026][136]CMovementToPhysicalTargetStraightIntProcedure.cpp:SetParameter():171|Movement To Physical Target Straight Int: Pos: ( 0.323500 / 0.651750 / -0.023001 / 0.000000 ), Inv: ( 0 / 1 / 0 / 0 ), MoveMode 1[EOL]
[2026-09-22T08:31:03.584999Z][RH.transfer-xyz-gripper][I][1334010][136]CTransferXYZGripperEventHelper.cpp:SendMoveAxisEvent():40|OriginatorID 65533, MotorDevice 1, StartPosition 0.626750, EndPosition 0.651750, ErrorOccured 0[EOL]
[2026-09-22T08:31:03.585457Z][RH.transfer-xyz-gripper][N][2330072][136]CMessageBrokerEventHelper.cpp:SendModuleStateChangedEvent():34|Raise ModuleStateChanged Event: OriginatorId 0, ModuleState ModuleState_Ready (4), OldModuleState ModuleState_Moving (9)[EOL]
[2026-09-22T08:31:03.586958Z][RH.transfer-xyz-gripper][I][1009020][136]CGetSensorStateProcedure.cpp:SetParameter():53|MotionDevice 1, SensorName ReflexLB1[EOL]
[2026-09-22T08:31:03.590332Z][RH.transfer-xyz-gripper][I][1009050][136]CGetSingleBitInputStateStep.cpp:ReportReceived():117|The received signal level is SignalLevel_H_L_Enum_Low (0)[EOL]
[2026-09-22T08:31:03.590661Z][RH.newgen-rackhandler][I][1780009][155]CGetSensorStateClientEvent.cpp:ReadReport():35|Sensor State: 0[EOL]
[2026-09-22T08:31:03.590717Z][RH.newgen-rackhandler][I][1780054][155]CGetSensorStateClientEvent.cpp:ReadReport():50|RackNotPresent event send.[EOL]
[2026-09-22T08:31:03.591317Z][RH.newgen-rackhandler][I][844444436][155]UnitCommunicator.cpp:SendEvent():424|Publishing event: type=Roche.c68_8800.RackHandler.RackStoragePositionStateChanged correlation_id=(n/a)[EOL]
[2026-09-22T08:31:03.591413Z][RH.newgen-rackhandler][I][2560017][155]MessageSender.h:SendEvent():105|Sent RabbitMqEvent Roche.c68_8800.RackHandler.RackStoragePositionStateChanged. Content: {"Timestamp":"2026-09-22T08:31:03.591289Z","RackLocationId":"A10","IsRackPresent":false}[EOL]
[2026-09-22T08:31:03.591911Z][RH.newgen-rackhandler][I][1780083][155]CCheckRackPositionProcedure.cpp:SetParameter():172|Procedure ProcTypeId_CheckRackPosition (1780018) loaded. Parameters: RackPosition = Position_20 (20); [EOL]
[2026-09-22T08:31:03.590390Z][RH.transfer-xyz-gripper][I][1004005][136]CMotionControlEventHelper.cpp:SendSensorStateResultEvent():103|Originator 30047, SensorState 0[EOL]
[2026-09-22T08:31:03.592080Z][RH.transfer-xyz-gripper][I][1339033][136]CMovementToLogicalTargetWithToolOffsetProcedure.cpp:SetParameter():67|Movement To Logical Target With Tool Offset: ExclusionLayer 0, LogPosTarget 37 20 4006 6 7032, ToolOffset: ( 0.000000 / -0.016000 / 0.000000 ), MoveProcedureType 10, Inv: ( 0 / 1 / 0 / 0 ), ZAxisPositionAfterwards 0[EOL]
[2026-09-22T08:31:03.592373Z][RH.transfer-xyz-gripper][N][2330072][136]CMessageBrokerEventHelper.cpp:SendModuleStateChangedEvent():34|Raise ModuleStateChanged Event: OriginatorId 0, ModuleState ModuleState_Moving (9), OldModuleState ModuleState_Ready (4)[EOL]
[2026-09-22T08:31:03.592490Z][RH.transfer-xyz-gripper][I][1339058][136]CMovementToLogicalTargetWithToolOffsetAndTargetOffsetIntProcedure.cpp:SetParameter():145|Movement To Logical Target With Tool Offset And Target Offset: ExclusionLayer 0, LogPosTarget 37 20 4006 6 7032, ToolOffset: ( 0.000000 / -0.016000 / 0.000000 ), MoveProcedureType 10, Inv: ( 0 / 1 / 0 / 0 ), ZAxisPositionAfterwards 0, Target Offset: ( 0.000000 / 0.000000 / 0.000000 )[EOL]
[2026-09-22T08:31:03.592908Z][RH.transfer-xyz-gripper][I][1339029][136]CMovementToPhysicalTargetIntProcedure.cpp:SetParameter():125|Movement To Physical Target Int: ExclusionLayerIdFrom 0, ExclusionLayerIdTo 0, Pos: ( 0.446650 / 0.635750 / -0.011000 / 0.000000 ), MoveProcedureType 10, Inv: ( 0 / 1 / 0 / 0 ), ZAxisPositionAfterwards 0, Tool Offset: ( 0.000000 / -0.016000 / 0.000000 )[EOL]
[2026-09-22T08:31:03.593443Z][RH.transfer-xyz-gripper][I][1339026][136]CMovementToPhysicalTargetStraightIntProcedure.cpp:SetParameter():171|Movement To Physical Target Straight Int: Pos: ( 0.323500 / 0.651750 / -0.023001 / 0.000000 ), Inv: ( 0 / 1 / 0 / 0 ), MoveMode 1[EOL]
[2026-09-22T08:31:03.598376Z][RH.transfer-xyz-gripper][I][1334010][136]CTransferXYZGripperEventHelper.cpp:SendMoveAxisEvent():40|OriginatorID 65533, MotorDevice 1, StartPosition 0.651750, EndPosition 0.651750, ErrorOccured 0[EOL]
[2026-09-22T08:31:03.598613Z][RH.transfer-xyz-gripper][N][2330072][136]CMessageBrokerEventHelper.cpp:SendModuleStateChangedEvent():34|Raise ModuleStateChanged Event: OriginatorId 0, ModuleState ModuleState_Ready (4), OldModuleState ModuleState_Moving (9)[EOL]
[2026-09-22T08:31:03.599177Z][RH.transfer-xyz-gripper][I][1009020][136]CGetSensorStateProcedure.cpp:SetParameter():53|MotionDevice 1, SensorName ReflexLB2[EOL]
[2026-09-22T08:31:03.601168Z][RH.transfer-xyz-gripper][I][1009050][136]CGetSingleBitInputStateStep.cpp:ReportReceived():117|The received signal level is SignalLevel_H_L_Enum_Low (0)[EOL]
[2026-09-22T08:31:03.601350Z][RH.transfer-xyz-gripper][I][1004005][136]CMotionControlEventHelper.cpp:SendSensorStateResultEvent():103|Originator 30049, SensorState 0[EOL]
[2026-09-22T08:31:03.601713Z][RH.newgen-rackhandler][I][1780009][155]CGetSensorStateClientEvent.cpp:ReadReport():35|Sensor State: 0[EOL]
[2026-09-22T08:31:03.601764Z][RH.newgen-rackhandler][I][1780054][155]CGetSensorStateClientEvent.cpp:ReadReport():50|RackNotPresent event send.[EOL]
[2026-09-22T08:31:03.602109Z][RH.newgen-rackhandler][I][844444436][155]UnitCommunicator.cpp:SendEvent():424|Publishing event: type=Roche.c68_8800.RackHandler.RackStoragePositionStateChanged correlation_id=(n/a)[EOL]
[2026-09-22T08:31:03.602159Z][RH.newgen-rackhandler][I][2560017][155]MessageSender.h:SendEvent():105|Sent RabbitMqEvent Roche.c68_8800.RackHandler.RackStoragePositionStateChanged. Content: {"Timestamp":"2026-09-22T08:31:03.602094Z","RackLocationId":"B10","IsRackPresent":false}[EOL]
[2026-09-22T08:31:03.602254Z][RH.newgen-rackhandler][I][1780083][155]CCheckRackPositionProcedure.cpp:SetParameter():172|Procedure ProcTypeId_CheckRackPosition (1780018) loaded. Parameters: RackPosition = Position_21 (21); [EOL]
[2026-09-22T08:31:03.602396Z][RH.transfer-xyz-gripper][I][1339033][136]CMovementToLogicalTargetWithToolOffsetProcedure.cpp:SetParameter():67|Movement To Logical Target With Tool Offset: ExclusionLayer 0, LogPosTarget 37 21 4006 6 7032, ToolOffset: ( 0.000000 / -0.016000 / 0.000000 ), MoveProcedureType 10, Inv: ( 0 / 1 / 0 / 0 ), ZAxisPositionAfterwards 0[EOL]
[2026-09-22T08:31:03.602698Z][RH.transfer-xyz-gripper][N][2330072][136]CMessageBrokerEventHelper.cpp:SendModuleStateChangedEvent():34|Raise ModuleStateChanged Event: OriginatorId 0, ModuleState ModuleState_Moving (9), OldModuleState ModuleState_Ready (4)[EOL]
[2026-09-22T08:31:03.602805Z][RH.transfer-xyz-gripper][I][1339058][136]CMovementToLogicalTargetWithToolOffsetAndTargetOffsetIntProcedure.cpp:SetParameter():145|Movement To Logical Target With Tool Offset And Target Offset: ExclusionLayer 0, LogPosTarget 37 21 4006 6 7032, ToolOffset: ( 0.000000 / -0.016000 / 0.000000 ), MoveProcedureType 10, Inv: ( 0 / 1 / 0 / 0 ), ZAxisPositionAfterwards 0, Target Offset: ( 0.000000 / 0.000000 / 0.000000 )[EOL]
[2026-09-22T08:31:03.603139Z][RH.transfer-xyz-gripper][I][1339029][136]CMovementToPhysicalTargetIntProcedure.cpp:SetParameter():125|Movement To Physical Target Int: ExclusionLayerIdFrom 0, ExclusionLayerIdTo 0, Pos: ( 0.446650 / 0.664250 / -0.011000 / 0.000000 ), MoveProcedureType 10, Inv: ( 0 / 1 / 0 / 0 ), ZAxisPositionAfterwards 0, Tool Offset: ( 0.000000 / -0.016000 / 0.000000 )[EOL]
[2026-09-22T08:31:03.603268Z][RH.transfer-xyz-gripper][I][1339026][136]CMovementToPhysicalTargetStraightIntProcedure.cpp:SetParameter():171|Movement To Physical Target Straight Int: Pos: ( 0.323500 / 0.680250 / -0.023001 / 0.000000 ), Inv: ( 0 / 1 / 0 / 0 ), MoveMode 1[EOL]
[2026-09-22T08:31:03.640607Z][RH.newgen-rackhandler][W][2330306][155]CRTCyclicEvent.cpp:TimeMissed():101|Cycle miss in event CCSICombinedCmdManager Cyclic Event. Time Overrun is 21377 us[EOL]
[2026-09-22T08:31:03.668422Z][RH.transfer-xyz-gripper][I][1334010][136]CTransferXYZGripperEventHelper.cpp:SendMoveAxisEvent():40|OriginatorID 65533, MotorDevice 1, StartPosition 0.651750, EndPosition 0.680250, ErrorOccured 0[EOL]
[2026-09-22T08:31:03.673877Z][RH.newgen-rackhandler][I][1780009][155]CGetSensorStateClientEvent.cpp:ReadReport():35|Sensor State: 0[EOL]
[2026-09-22T08:31:03.673944Z][RH.newgen-rackhandler][I][1780054][155]CGetSensorStateClientEvent.cpp:ReadReport():50|RackNotPresent event send.[EOL]
[2026-09-22T08:31:03.674479Z][RH.newgen-rackhandler][I][844444436][155]UnitCommunicator.cpp:SendEvent():424|Publishing event: type=Roche.c68_8800.RackHandler.RackStoragePositionStateChanged correlation_id=(n/a)[EOL]
[2026-09-22T08:31:03.674565Z][RH.newgen-rackhandler][I][2560017][155]MessageSender.h:SendEvent():105|Sent RabbitMqEvent Roche.c68_8800.RackHandler.RackStoragePositionStateChanged. Content: {"Timestamp":"2026-09-22T08:31:03.674449Z","RackLocationId":"B11","IsRackPresent":false}[EOL]
[2026-09-22T08:31:03.674723Z][RH.newgen-rackhandler][I][1780083][155]CCheckRackPositionProcedure.cpp:SetParameter():172|Procedure ProcTypeId_CheckRackPosition (1780018) loaded. Parameters: RackPosition = Position_22 (22); [EOL]
[2026-09-22T08:31:03.668965Z][RH.transfer-xyz-gripper][N][2330072][136]CMessageBrokerEventHelper.cpp:SendModuleStateChangedEvent():34|Raise ModuleStateChanged Event: OriginatorId 0, ModuleState ModuleState_Ready (4), OldModuleState ModuleState_Moving (9)[EOL]
[2026-09-22T08:31:03.669709Z][RH.transfer-xyz-gripper][I][1009020][136]CGetSensorStateProcedure.cpp:SetParameter():53|MotionDevice 1, SensorName ReflexLB2[EOL]
[2026-09-22T08:31:03.673375Z][RH.transfer-xyz-gripper][I][1009050][136]CGetSingleBitInputStateStep.cpp:ReportReceived():117|The received signal level is SignalLevel_H_L_Enum_Low (0)[EOL]
[2026-09-22T08:31:03.673472Z][RH.transfer-xyz-gripper][I][1004005][136]CMotionControlEventHelper.cpp:SendSensorStateResultEvent():103|Originator 30051, SensorState 0[EOL]
[2026-09-22T08:31:03.675042Z][RH.transfer-xyz-gripper][I][1339033][136]CMovementToLogicalTargetWithToolOffsetProcedure.cpp:SetParameter():67|Movement To Logical Target With Tool Offset: ExclusionLayer 0, LogPosTarget 37 22 4006 6 7032, ToolOffset: ( 0.000000 / -0.016000 / 0.000000 ), MoveProcedureType 10, Inv: ( 0 / 1 / 0 / 0 ), ZAxisPositionAfterwards 0[EOL]
[2026-09-22T08:31:03.675428Z][RH.transfer-xyz-gripper][N][2330072][136]CMessageBrokerEventHelper.cpp:SendModuleStateChangedEvent():34|Raise ModuleStateChanged Event: OriginatorId 0, ModuleState ModuleState_Moving (9), OldModuleState ModuleState_Ready (4)[EOL]
[2026-09-22T08:31:03.675571Z][RH.transfer-xyz-gripper][I][1339058][136]CMovementToLogicalTargetWithToolOffsetAndTargetOffsetIntProcedure.cpp:SetParameter():145|Movement To Logical Target With Tool Offset And Target Offset: ExclusionLayer 0, LogPosTarget 37 22 4006 6 7032, ToolOffset: ( 0.000000 / -0.016000 / 0.000000 ), MoveProcedureType 10, Inv: ( 0 / 1 / 0 / 0 ), ZAxisPositionAfterwards 0, Target Offset: ( 0.000000 / 0.000000 / 0.000000 )[EOL]
[2026-09-22T08:31:03.676481Z][RH.transfer-xyz-gripper][I][1339029][136]CMovementToPhysicalTargetIntProcedure.cpp:SetParameter():125|Movement To Physical Target Int: ExclusionLayerIdFrom 0, ExclusionLayerIdTo 0, Pos: ( 0.446650 / 0.689250 / -0.011000 / 0.000000 ), MoveProcedureType 10, Inv: ( 0 / 1 / 0 / 0 ), ZAxisPositionAfterwards 0, Tool Offset: ( 0.000000 / -0.016000 / 0.000000 )[EOL]
[2026-09-22T08:31:03.676727Z][RH.transfer-xyz-gripper][I][1339026][136]CMovementToPhysicalTargetStraightIntProcedure.cpp:SetParameter():171|Movement To Physical Target Straight Int: Pos: ( 0.323500 / 0.705250 / -0.023001 / 0.000000 ), Inv: ( 0 / 1 / 0 / 0 ), MoveMode 1[EOL]
[2026-09-22T08:31:03.708507Z][RH.transfer-xyz-gripper][I][1334010][136]CTransferXYZGripperEventHelper.cpp:SendMoveAxisEvent():40|OriginatorID 65533, MotorDevice 1, StartPosition 0.680250, EndPosition 0.705250, ErrorOccured 0[EOL]
[2026-09-22T08:31:03.708859Z][RH.transfer-xyz-gripper][N][2330072][136]CMessageBrokerEventHelper.cpp:SendModuleStateChangedEvent():34|Raise ModuleStateChanged Event: OriginatorId 0, ModuleState ModuleState_Ready (4), OldModuleState ModuleState_Moving (9)[EOL]
[2026-09-22T08:31:03.709998Z][RH.transfer-xyz-gripper][I][1009020][136]CGetSensorStateProcedure.cpp:SetParameter():53|MotionDevice 1, SensorName ReflexLB2[EOL]
[2026-09-22T08:31:03.712354Z][RH.transfer-xyz-gripper][I][1009050][136]CGetSingleBitInputStateStep.cpp:ReportReceived():117|The received signal level is SignalLevel_H_L_Enum_Low (0)[EOL]
[2026-09-22T08:31:03.712410Z][RH.transfer-xyz-gripper][I][1004005][136]CMotionControlEventHelper.cpp:SendSensorStateResultEvent():103|Originator 30053, SensorState 0[EOL]
[2026-09-22T08:31:03.712652Z][RH.newgen-rackhandler][I][1780009][155]CGetSensorStateClientEvent.cpp:ReadReport():35|Sensor State: 0[EOL]
[2026-09-22T08:31:03.712700Z][RH.newgen-rackhandler][I][1780054][155]CGetSensorStateClientEvent.cpp:ReadReport():50|RackNotPresent event send.[EOL]
[2026-09-22T08:31:03.713476Z][RH.newgen-rackhandler][I][844444436][155]UnitCommunicator.cpp:SendEvent():424|Publishing event: type=Roche.c68_8800.RackHandler.RackStoragePositionStateChanged correlation_id=(n/a)[EOL]
[2026-09-22T08:31:03.713751Z][RH.newgen-rackhandler][I][2560017][155]MessageSender.h:SendEvent():105|Sent RabbitMqEvent Roche.c68_8800.RackHandler.RackStoragePositionStateChanged. Content: {"Timestamp":"2026-09-22T08:31:03.713412Z","RackLocationId":"B12","IsRackPresent":false}[EOL]
[2026-09-22T08:31:03.714039Z][RH.newgen-rackhandler][I][1780083][155]CCheckRackPositionProcedure.cpp:SetParameter():172|Procedure ProcTypeId_CheckRackPosition (1780018) loaded. Parameters: RackPosition = Position_23 (23); [EOL]
[2026-09-22T08:31:03.714233Z][RH.transfer-xyz-gripper][I][1339033][136]CMovementToLogicalTargetWithToolOffsetProcedure.cpp:SetParameter():67|Movement To Logical Target With Tool Offset: ExclusionLayer 0, LogPosTarget 37 23 4006 6 7032, ToolOffset: ( 0.000000 / -0.016000 / 0.000000 ), MoveProcedureType 10, Inv: ( 0 / 1 / 0 / 0 ), ZAxisPositionAfterwards 0[EOL]
[2026-09-22T08:31:03.714486Z][RH.transfer-xyz-gripper][N][2330072][136]CMessageBrokerEventHelper.cpp:SendModuleStateChangedEvent():34|Raise ModuleStateChanged Event: OriginatorId 0, ModuleState ModuleState_Moving (9), OldModuleState ModuleState_Ready (4)[EOL]
[2026-09-22T08:31:03.714793Z][RH.transfer-xyz-gripper][I][1339058][136]CMovementToLogicalTargetWithToolOffsetAndTargetOffsetIntProcedure.cpp:SetParameter():145|Movement To Logical Target With Tool Offset And Target Offset: ExclusionLayer 0, LogPosTarget 37 23 4006 6 7032, ToolOffset: ( 0.000000 / -0.016000 / 0.000000 ), MoveProcedureType 10, Inv: ( 0 / 1 / 0 / 0 ), ZAxisPositionAfterwards 0, Target Offset: ( 0.000000 / 0.000000 / 0.000000 )[EOL]
[2026-09-22T08:31:03.715164Z][RH.transfer-xyz-gripper][I][1339029][136]CMovementToPhysicalTargetIntProcedure.cpp:SetParameter():125|Movement To Physical Target Int: ExclusionLayerIdFrom 0, ExclusionLayerIdTo 0, Pos: ( 0.446650 / 0.714250 / -0.011000 / 0.000000 ), MoveProcedureType 10, Inv: ( 0 / 1 / 0 / 0 ), ZAxisPositionAfterwards 0, Tool Offset: ( 0.000000 / -0.016000 / 0.000000 )[EOL]
[2026-09-22T08:31:03.715386Z][RH.transfer-xyz-gripper][I][1339026][136]CMovementToPhysicalTargetStraightIntProcedure.cpp:SetParameter():171|Movement To Physical Target Straight Int: Pos: ( 0.323500 / 0.730250 / -0.023001 / 0.000000 ), Inv: ( 0 / 1 / 0 / 0 ), MoveMode 1[EOL]
[2026-09-22T08:31:03.746563Z][RH.transfer-xyz-gripper][I][1334010][136]CTransferXYZGripperEventHelper.cpp:SendMoveAxisEvent():40|OriginatorID 65533, MotorDevice 1, StartPosition 0.705250, EndPosition 0.730250, ErrorOccured 0[EOL]
[2026-09-22T08:31:03.747197Z][RH.transfer-xyz-gripper][N][2330072][136]CMessageBrokerEventHelper.cpp:SendModuleStateChangedEvent():34|Raise ModuleStateChanged Event: OriginatorId 0, ModuleState ModuleState_Ready (4), OldModuleState ModuleState_Moving (9)[EOL]
[2026-09-22T08:31:03.748359Z][RH.transfer-xyz-gripper][I][1009020][136]CGetSensorStateProcedure.cpp:SetParameter():53|MotionDevice 1, SensorName ReflexLB2[EOL]
[2026-09-22T08:31:03.751202Z][RH.transfer-xyz-gripper][I][1009050][136]CGetSingleBitInputStateStep.cpp:ReportReceived():117|The received signal level is SignalLevel_H_L_Enum_Low (0)[EOL]
[2026-09-22T08:31:03.751247Z][RH.transfer-xyz-gripper][I][1004005][136]CMotionControlEventHelper.cpp:SendSensorStateResultEvent():103|Originator 30055, SensorState 0[EOL]
[2026-09-22T08:31:03.752838Z][RH.transfer-xyz-gripper][I][1339033][136]CMovementToLogicalTargetWithToolOffsetProcedure.cpp:SetParameter():67|Movement To Logical Target With Tool Offset: ExclusionLayer 0, LogPosTarget 37 24 4006 6 7032, ToolOffset: ( 0.000000 / -0.016000 / 0.000000 ), MoveProcedureType 10, Inv: ( 0 / 1 / 0 / 0 ), ZAxisPositionAfterwards 0[EOL]
[2026-09-22T08:31:03.753224Z][RH.transfer-xyz-gripper][N][2330072][136]CMessageBrokerEventHelper.cpp:SendModuleStateChangedEvent():34|Raise ModuleStateChanged Event: OriginatorId 0, ModuleState ModuleState_Moving (9), OldModuleState ModuleState_Ready (4)[EOL]
[2026-09-22T08:31:03.753405Z][RH.transfer-xyz-gripper][I][1339058][136]CMovementToLogicalTargetWithToolOffsetAndTargetOffsetIntProcedure.cpp:SetParameter():145|Movement To Logical Target With Tool Offset And Target Offset: ExclusionLayer 0, LogPosTarget 37 24 4006 6 7032, ToolOffset: ( 0.000000 / -0.016000 / 0.000000 ), MoveProcedureType 10, Inv: ( 0 / 1 / 0 / 0 ), ZAxisPositionAfterwards 0, Target Offset: ( 0.000000 / 0.000000 / 0.000000 )[EOL]
[2026-09-22T08:31:03.753772Z][RH.transfer-xyz-gripper][I][1339029][136]CMovementToPhysicalTargetIntProcedure.cpp:SetParameter():125|Movement To Physical Target Int: ExclusionLayerIdFrom 0, ExclusionLayerIdTo 0, Pos: ( 0.446650 / 0.739250 / -0.011000 / 0.000000 ), MoveProcedureType 10, Inv: ( 0 / 1 / 0 / 0 ), ZAxisPositionAfterwards 0, Tool Offset: ( 0.000000 / -0.016000 / 0.000000 )[EOL]
[2026-09-22T08:31:03.754044Z][RH.transfer-xyz-gripper][I][1339026][136]CMovementToPhysicalTargetStraightIntProcedure.cpp:SetParameter():171|Movement To Physical Target Straight Int: Pos: ( 0.323500 / 0.755250 / -0.023001 / 0.000000 ), Inv: ( 0 / 1 / 0 / 0 ), MoveMode 1[EOL]
[2026-09-22T08:31:03.751401Z][RH.newgen-rackhandler][I][1780009][155]CGetSensorStateClientEvent.cpp:ReadReport():35|Sensor State: 0[EOL]
[2026-09-22T08:31:03.751449Z][RH.newgen-rackhandler][I][1780054][155]CGetSensorStateClientEvent.cpp:ReadReport():50|RackNotPresent event send.[EOL]
[2026-09-22T08:31:03.752249Z][RH.newgen-rackhandler][I][844444436][155]UnitCommunicator.cpp:SendEvent():424|Publishing event: type=Roche.c68_8800.RackHandler.RackStoragePositionStateChanged correlation_id=(n/a)[EOL]
[2026-09-22T08:31:03.752323Z][RH.newgen-rackhandler][I][2560017][155]MessageSender.h:SendEvent():105|Sent RabbitMqEvent Roche.c68_8800.RackHandler.RackStoragePositionStateChanged. Content: {"Timestamp":"2026-09-22T08:31:03.752212Z","RackLocationId":"B13","IsRackPresent":false}[EOL]
[2026-09-22T08:31:03.752447Z][RH.newgen-rackhandler][I][1780083][155]CCheckRackPositionProcedure.cpp:SetParameter():172|Procedure ProcTypeId_CheckRackPosition (1780018) loaded. Parameters: RackPosition = Position_24 (24); [EOL]
[2026-09-22T08:31:03.785477Z][RH.transfer-xyz-gripper][I][1334010][136]CTransferXYZGripperEventHelper.cpp:SendMoveAxisEvent():40|OriginatorID 65533, MotorDevice 1, StartPosition 0.730250, EndPosition 0.755250, ErrorOccured 0[EOL]
[2026-09-22T08:31:03.785883Z][RH.transfer-xyz-gripper][N][2330072][136]CMessageBrokerEventHelper.cpp:SendModuleStateChangedEvent():34|Raise ModuleStateChanged Event: OriginatorId 0, ModuleState ModuleState_Ready (4), OldModuleState ModuleState_Moving (9)[EOL]
[2026-09-22T08:31:03.786411Z][RH.transfer-xyz-gripper][I][1009020][136]CGetSensorStateProcedure.cpp:SetParameter():53|MotionDevice 1, SensorName ReflexLB2[EOL]
[2026-09-22T08:31:03.789262Z][RH.transfer-xyz-gripper][I][1009050][136]CGetSingleBitInputStateStep.cpp:ReportReceived():117|The received signal level is SignalLevel_H_L_Enum_Low (0)[EOL]
[2026-09-22T08:31:03.789456Z][RH.transfer-xyz-gripper][I][1004005][136]CMotionControlEventHelper.cpp:SendSensorStateResultEvent():103|Originator 30057, SensorState 0[EOL]
[2026-09-22T08:31:03.789614Z][RH.newgen-rackhandler][I][1780009][155]CGetSensorStateClientEvent.cpp:ReadReport():35|Sensor State: 0[EOL]
[2026-09-22T08:31:03.789679Z][RH.newgen-rackhandler][I][1780054][155]CGetSensorStateClientEvent.cpp:ReadReport():50|RackNotPresent event send.[EOL]
[2026-09-22T08:31:03.790279Z][RH.newgen-rackhandler][I][844444436][155]UnitCommunicator.cpp:SendEvent():424|Publishing event: type=Roche.c68_8800.RackHandler.RackStoragePositionStateChanged correlation_id=(n/a)[EOL]
[2026-09-22T08:31:03.790467Z][RH.newgen-rackhandler][I][2560017][155]MessageSender.h:SendEvent():105|Sent RabbitMqEvent Roche.c68_8800.RackHandler.RackStoragePositionStateChanged. Content: {"Timestamp":"2026-09-22T08:31:03.790247Z","RackLocationId":"B14","IsRackPresent":false}[EOL]
[2026-09-22T08:31:03.790599Z][RH.newgen-rackhandler][I][1780083][155]CCheckRackPositionProcedure.cpp:SetParameter():172|Procedure ProcTypeId_CheckRackPosition (1780018) loaded. Parameters: RackPosition = Position_25 (25); [EOL]
[2026-09-22T08:31:03.790854Z][RH.transfer-xyz-gripper][I][1339033][136]CMovementToLogicalTargetWithToolOffsetProcedure.cpp:SetParameter():67|Movement To Logical Target With Tool Offset: ExclusionLayer 0, LogPosTarget 37 25 4006 6 7032, ToolOffset: ( 0.000000 / -0.016000 / 0.000000 ), MoveProcedureType 10, Inv: ( 0 / 1 / 0 / 0 ), ZAxisPositionAfterwards 0[EOL]
[2026-09-22T08:31:03.791139Z][RH.transfer-xyz-gripper][N][2330072][136]CMessageBrokerEventHelper.cpp:SendModuleStateChangedEvent():34|Raise ModuleStateChanged Event: OriginatorId 0, ModuleState ModuleState_Moving (9), OldModuleState ModuleState_Ready (4)[EOL]
[2026-09-22T08:31:03.791272Z][RH.transfer-xyz-gripper][I][1339058][136]CMovementToLogicalTargetWithToolOffsetAndTargetOffsetIntProcedure.cpp:SetParameter():145|Movement To Logical Target With Tool Offset And Target Offset: ExclusionLayer 0, LogPosTarget 37 25 4006 6 7032, ToolOffset: ( 0.000000 / -0.016000 / 0.000000 ), MoveProcedureType 10, Inv: ( 0 / 1 / 0 / 0 ), ZAxisPositionAfterwards 0, Target Offset: ( 0.000000 / 0.000000 / 0.000000 )[EOL]
[2026-09-22T08:31:03.791655Z][RH.transfer-xyz-gripper][I][1339029][136]CMovementToPhysicalTargetIntProcedure.cpp:SetParameter():125|Movement To Physical Target Int: ExclusionLayerIdFrom 0, ExclusionLayerIdTo 0, Pos: ( 0.446650 / 0.764250 / -0.011000 / 0.000000 ), MoveProcedureType 10, Inv: ( 0 / 1 / 0 / 0 ), ZAxisPositionAfterwards 0, Tool Offset: ( 0.000000 / -0.016000 / 0.000000 )[EOL]
[2026-09-22T08:31:03.792042Z][RH.transfer-xyz-gripper][I][1339026][136]CMovementToPhysicalTargetStraightIntProcedure.cpp:SetParameter():171|Movement To Physical Target Straight Int: Pos: ( 0.323500 / 0.780250 / -0.023001 / 0.000000 ), Inv: ( 0 / 1 / 0 / 0 ), MoveMode 1[EOL]
[2026-09-22T08:31:03.823673Z][RH.transfer-xyz-gripper][I][1334010][136]CTransferXYZGripperEventHelper.cpp:SendMoveAxisEvent():40|OriginatorID 65533, MotorDevice 1, StartPosition 0.755250, EndPosition 0.780250, ErrorOccured 0[EOL]
[2026-09-22T08:31:03.824056Z][RH.transfer-xyz-gripper][N][2330072][136]CMessageBrokerEventHelper.cpp:SendModuleStateChangedEvent():34|Raise ModuleStateChanged Event: OriginatorId 0, ModuleState ModuleState_Ready (4), OldModuleState ModuleState_Moving (9)[EOL]
[2026-09-22T08:31:03.825443Z][RH.transfer-xyz-gripper][I][1009020][136]CGetSensorStateProcedure.cpp:SetParameter():53|MotionDevice 1, SensorName ReflexLB2[EOL]
[2026-09-22T08:31:03.829537Z][RH.transfer-xyz-gripper][I][1009050][136]CGetSingleBitInputStateStep.cpp:ReportReceived():117|The received signal level is SignalLevel_H_L_Enum_Low (0)[EOL]
[2026-09-22T08:31:03.829650Z][RH.transfer-xyz-gripper][I][1004005][136]CMotionControlEventHelper.cpp:SendSensorStateResultEvent():103|Originator 30059, SensorState 0[EOL]
[2026-09-22T08:31:03.829855Z][RH.newgen-rackhandler][I][1780009][155]CGetSensorStateClientEvent.cpp:ReadReport():35|Sensor State: 0[EOL]
[2026-09-22T08:31:03.829900Z][RH.newgen-rackhandler][I][1780054][155]CGetSensorStateClientEvent.cpp:ReadReport():50|RackNotPresent event send.[EOL]
[2026-09-22T08:31:03.830432Z][RH.newgen-rackhandler][I][844444436][155]UnitCommunicator.cpp:SendEvent():424|Publishing event: type=Roche.c68_8800.RackHandler.RackStoragePositionStateChanged correlation_id=(n/a)[EOL]
[2026-09-22T08:31:03.830512Z][RH.newgen-rackhandler][I][2560017][155]MessageSender.h:SendEvent():105|Sent RabbitMqEvent Roche.c68_8800.RackHandler.RackStoragePositionStateChanged. Content: {"Timestamp":"2026-09-22T08:31:03.830405Z","RackLocationId":"B15","IsRackPresent":false}[EOL]
[2026-09-22T08:31:03.830959Z][RH.transfer-xyz-gripper][I][1339033][136]CMovementToLogicalTargetWithToolOffsetProcedure.cpp:SetParameter():67|Movement To Logical Target With Tool Offset: ExclusionLayer 0, LogPosTarget 37 26 4006 6 7032, ToolOffset: ( 0.000000 / -0.016000 / 0.000000 ), MoveProcedureType 10, Inv: ( 0 / 1 / 0 / 0 ), ZAxisPositionAfterwards 0[EOL]
[2026-09-22T08:31:03.830653Z][RH.newgen-rackhandler][I][1780083][155]CCheckRackPositionProcedure.cpp:SetParameter():172|Procedure ProcTypeId_CheckRackPosition (1780018) loaded. Parameters: RackPosition = Position_26 (26); [EOL]
[2026-09-22T08:31:03.831516Z][RH.transfer-xyz-gripper][N][2330072][136]CMessageBrokerEventHelper.cpp:SendModuleStateChangedEvent():34|Raise ModuleStateChanged Event: OriginatorId 0, ModuleState ModuleState_Moving (9), OldModuleState ModuleState_Ready (4)[EOL]
[2026-09-22T08:31:03.831767Z][RH.transfer-xyz-gripper][I][1339058][136]CMovementToLogicalTargetWithToolOffsetAndTargetOffsetIntProcedure.cpp:SetParameter():145|Movement To Logical Target With Tool Offset And Target Offset: ExclusionLayer 0, LogPosTarget 37 26 4006 6 7032, ToolOffset: ( 0.000000 / -0.016000 / 0.000000 ), MoveProcedureType 10, Inv: ( 0 / 1 / 0 / 0 ), ZAxisPositionAfterwards 0, Target Offset: ( 0.000000 / 0.000000 / 0.000000 )[EOL]
[2026-09-22T08:31:03.832235Z][RH.transfer-xyz-gripper][I][1339029][136]CMovementToPhysicalTargetIntProcedure.cpp:SetParameter():125|Movement To Physical Target Int: ExclusionLayerIdFrom 0, ExclusionLayerIdTo 0, Pos: ( 0.446650 / 0.789250 / -0.011000 / 0.000000 ), MoveProcedureType 10, Inv: ( 0 / 1 / 0 / 0 ), ZAxisPositionAfterwards 0, Tool Offset: ( 0.000000 / -0.016000 / 0.000000 )[EOL]
[2026-09-22T08:31:03.832485Z][RH.transfer-xyz-gripper][I][1339026][136]CMovementToPhysicalTargetStraightIntProcedure.cpp:SetParameter():171|Movement To Physical Target Straight Int: Pos: ( 0.323500 / 0.805250 / -0.023001 / 0.000000 ), Inv: ( 0 / 1 / 0 / 0 ), MoveMode 1[EOL]
[2026-09-22T08:31:03.863602Z][RH.transfer-xyz-gripper][I][1334010][136]CTransferXYZGripperEventHelper.cpp:SendMoveAxisEvent():40|OriginatorID 65533, MotorDevice 1, StartPosition 0.780250, EndPosition 0.805250, ErrorOccured 0[EOL]
[2026-09-22T08:31:03.864091Z][RH.transfer-xyz-gripper][N][2330072][136]CMessageBrokerEventHelper.cpp:SendModuleStateChangedEvent():34|Raise ModuleStateChanged Event: OriginatorId 0, ModuleState ModuleState_Ready (4), OldModuleState ModuleState_Moving (9)[EOL]
[2026-09-22T08:31:03.864782Z][RH.transfer-xyz-gripper][I][1009020][136]CGetSensorStateProcedure.cpp:SetParameter():53|MotionDevice 1, SensorName ReflexLB2[EOL]
[2026-09-22T08:31:03.867178Z][RH.transfer-xyz-gripper][I][1009050][136]CGetSingleBitInputStateStep.cpp:ReportReceived():117|The received signal level is SignalLevel_H_L_Enum_Low (0)[EOL]
[2026-09-22T08:31:03.867352Z][RH.transfer-xyz-gripper][I][1004005][136]CMotionControlEventHelper.cpp:SendSensorStateResultEvent():103|Originator 30061, SensorState 0[EOL]
[2026-09-22T08:31:03.867556Z][RH.newgen-rackhandler][I][1780009][155]CGetSensorStateClientEvent.cpp:ReadReport():35|Sensor State: 0[EOL]
[2026-09-22T08:31:03.867590Z][RH.newgen-rackhandler][I][1780054][155]CGetSensorStateClientEvent.cpp:ReadReport():50|RackNotPresent event send.[EOL]
[2026-09-22T08:31:03.868188Z][RH.newgen-rackhandler][I][844444436][155]UnitCommunicator.cpp:SendEvent():424|Publishing event: type=Roche.c68_8800.RackHandler.RackStoragePositionStateChanged correlation_id=(n/a)[EOL]
[2026-09-22T08:31:03.868259Z][RH.newgen-rackhandler][I][2560017][155]MessageSender.h:SendEvent():105|Sent RabbitMqEvent Roche.c68_8800.RackHandler.RackStoragePositionStateChanged. Content: {"Timestamp":"2026-09-22T08:31:03.868176Z","RackLocationId":"B16","IsRackPresent":false}[EOL]
[2026-09-22T08:31:03.869008Z][RH.newgen-rackhandler][I][1780083][155]CCheckRackPositionProcedure.cpp:SetParameter():172|Procedure ProcTypeId_CheckRackPosition (1780018) loaded. Parameters: RackPosition = Position_27 (27); [EOL]
[2026-09-22T08:31:03.869205Z][RH.transfer-xyz-gripper][I][1339033][136]CMovementToLogicalTargetWithToolOffsetProcedure.cpp:SetParameter():67|Movement To Logical Target With Tool Offset: ExclusionLayer 0, LogPosTarget 37 27 4006 6 7032, ToolOffset: ( 0.000000 / -0.016000 / 0.000000 ), MoveProcedureType 10, Inv: ( 0 / 1 / 0 / 0 ), ZAxisPositionAfterwards 0[EOL]
[2026-09-22T08:31:03.869531Z][RH.transfer-xyz-gripper][N][2330072][136]CMessageBrokerEventHelper.cpp:SendModuleStateChangedEvent():34|Raise ModuleStateChanged Event: OriginatorId 0, ModuleState ModuleState_Moving (9), OldModuleState ModuleState_Ready (4)[EOL]
[2026-09-22T08:31:03.869677Z][RH.transfer-xyz-gripper][I][1339058][136]CMovementToLogicalTargetWithToolOffsetAndTargetOffsetIntProcedure.cpp:SetParameter():145|Movement To Logical Target With Tool Offset And Target Offset: ExclusionLayer 0, LogPosTarget 37 27 4006 6 7032, ToolOffset: ( 0.000000 / -0.016000 / 0.000000 ), MoveProcedureType 10, Inv: ( 0 / 1 / 0 / 0 ), ZAxisPositionAfterwards 0, Target Offset: ( 0.000000 / 0.000000 / 0.000000 )[EOL]
[2026-09-22T08:31:03.869878Z][RH.transfer-xyz-gripper][I][1339029][136]CMovementToPhysicalTargetIntProcedure.cpp:SetParameter():125|Movement To Physical Target Int: ExclusionLayerIdFrom 0, ExclusionLayerIdTo 0, Pos: ( 0.446650 / 0.814250 / -0.011000 / 0.000000 ), MoveProcedureType 10, Inv: ( 0 / 1 / 0 / 0 ), ZAxisPositionAfterwards 0, Tool Offset: ( 0.000000 / -0.016000 / 0.000000 )[EOL]
[2026-09-22T08:31:03.870020Z][RH.transfer-xyz-gripper][I][1339026][136]CMovementToPhysicalTargetStraightIntProcedure.cpp:SetParameter():171|Movement To Physical Target Straight Int: Pos: ( 0.323500 / 0.830250 / -0.023001 / 0.000000 ), Inv: ( 0 / 1 / 0 / 0 ), MoveMode 1[EOL]
[2026-09-22T08:31:03.901287Z][RH.transfer-xyz-gripper][I][1334010][136]CTransferXYZGripperEventHelper.cpp:SendMoveAxisEvent():40|OriginatorID 65533, MotorDevice 1, StartPosition 0.805250, EndPosition 0.830250, ErrorOccured 0[EOL]
[2026-09-22T08:31:03.901587Z][RH.transfer-xyz-gripper][N][2330072][136]CMessageBrokerEventHelper.cpp:SendModuleStateChangedEvent():34|Raise ModuleStateChanged Event: OriginatorId 0, ModuleState ModuleState_Ready (4), OldModuleState ModuleState_Moving (9)[EOL]
[2026-09-22T08:31:03.902787Z][RH.transfer-xyz-gripper][I][1009020][136]CGetSensorStateProcedure.cpp:SetParameter():53|MotionDevice 1, SensorName ReflexLB2[EOL]
[2026-09-22T08:31:03.906197Z][RH.transfer-xyz-gripper][I][1009050][136]CGetSingleBitInputStateStep.cpp:ReportReceived():117|The received signal level is SignalLevel_H_L_Enum_Low (0)[EOL]
[2026-09-22T08:31:03.906607Z][RH.newgen-rackhandler][I][1780009][155]CGetSensorStateClientEvent.cpp:ReadReport():35|Sensor State: 0[EOL]
[2026-09-22T08:31:03.906302Z][RH.transfer-xyz-gripper][I][1004005][136]CMotionControlEventHelper.cpp:SendSensorStateResultEvent():103|Originator 30063, SensorState 0[EOL]
[2026-09-22T08:31:03.907510Z][RH.transfer-xyz-gripper][I][1339033][136]CMovementToLogicalTargetWithToolOffsetProcedure.cpp:SetParameter():67|Movement To Logical Target With Tool Offset: ExclusionLayer 0, LogPosTarget 37 28 4006 6 7032, ToolOffset: ( 0.000000 / -0.016000 / 0.000000 ), MoveProcedureType 10, Inv: ( 0 / 1 / 0 / 0 ), ZAxisPositionAfterwards 0[EOL]
[2026-09-22T08:31:03.908142Z][RH.transfer-xyz-gripper][N][2330072][136]CMessageBrokerEventHelper.cpp:SendModuleStateChangedEvent():34|Raise ModuleStateChanged Event: OriginatorId 0, ModuleState ModuleState_Moving (9), OldModuleState ModuleState_Ready (4)[EOL]
[2026-09-22T08:31:03.908492Z][RH.transfer-xyz-gripper][I][1339058][136]CMovementToLogicalTargetWithToolOffsetAndTargetOffsetIntProcedure.cpp:SetParameter():145|Movement To Logical Target With Tool Offset And Target Offset: ExclusionLayer 0, LogPosTarget 37 28 4006 6 7032, ToolOffset: ( 0.000000 / -0.016000 / 0.000000 ), MoveProcedureType 10, Inv: ( 0 / 1 / 0 / 0 ), ZAxisPositionAfterwards 0, Target Offset: ( 0.000000 / 0.000000 / 0.000000 )[EOL]
[2026-09-22T08:31:03.908770Z][RH.transfer-xyz-gripper][I][1339029][136]CMovementToPhysicalTargetIntProcedure.cpp:SetParameter():125|Movement To Physical Target Int: ExclusionLayerIdFrom 0, ExclusionLayerIdTo 0, Pos: ( 0.446650 / 0.839250 / -0.011000 / 0.000000 ), MoveProcedureType 10, Inv: ( 0 / 1 / 0 / 0 ), ZAxisPositionAfterwards 0, Tool Offset: ( 0.000000 / -0.016000 / 0.000000 )[EOL]
[2026-09-22T08:31:03.906689Z][RH.newgen-rackhandler][I][1780054][155]CGetSensorStateClientEvent.cpp:ReadReport():50|RackNotPresent event send.[EOL]
[2026-09-22T08:31:03.907093Z][RH.newgen-rackhandler][I][844444436][155]UnitCommunicator.cpp:SendEvent():424|Publishing event: type=Roche.c68_8800.RackHandler.RackStoragePositionStateChanged correlation_id=(n/a)[EOL]
[2026-09-22T08:31:03.908939Z][RH.transfer-xyz-gripper][I][1339026][136]CMovementToPhysicalTargetStraightIntProcedure.cpp:SetParameter():171|Movement To Physical Target Straight Int: Pos: ( 0.323500 / 0.855250 / -0.023001 / 0.000000 ), Inv: ( 0 / 1 / 0 / 0 ), MoveMode 1[EOL]
[2026-09-22T08:31:03.907157Z][RH.newgen-rackhandler][I][2560017][155]MessageSender.h:SendEvent():105|Sent RabbitMqEvent Roche.c68_8800.RackHandler.RackStoragePositionStateChanged. Content: {"Timestamp":"2026-09-22T08:31:03.907080Z","RackLocationId":"B17","IsRackPresent":false}[EOL]
[2026-09-22T08:31:03.907301Z][RH.newgen-rackhandler][I][1780083][155]CCheckRackPositionProcedure.cpp:SetParameter():172|Procedure ProcTypeId_CheckRackPosition (1780018) loaded. Parameters: RackPosition = Position_28 (28); [EOL]
[2026-09-22T08:31:03.940811Z][RH.transfer-xyz-gripper][I][1334010][136]CTransferXYZGripperEventHelper.cpp:SendMoveAxisEvent():40|OriginatorID 65533, MotorDevice 1, StartPosition 0.830250, EndPosition 0.855250, ErrorOccured 0[EOL]
[2026-09-22T08:31:03.941185Z][RH.transfer-xyz-gripper][N][2330072][136]CMessageBrokerEventHelper.cpp:SendModuleStateChangedEvent():34|Raise ModuleStateChanged Event: OriginatorId 0, ModuleState ModuleState_Ready (4), OldModuleState ModuleState_Moving (9)[EOL]
[2026-09-22T08:31:03.942719Z][RH.transfer-xyz-gripper][I][1009020][136]CGetSensorStateProcedure.cpp:SetParameter():53|MotionDevice 1, SensorName ReflexLB2[EOL]
[2026-09-22T08:31:03.946323Z][RH.transfer-xyz-gripper][I][1009050][136]CGetSingleBitInputStateStep.cpp:ReportReceived():117|The received signal level is SignalLevel_H_L_Enum_Low (0)[EOL]
[2026-09-22T08:31:03.946375Z][RH.transfer-xyz-gripper][I][1004005][136]CMotionControlEventHelper.cpp:SendSensorStateResultEvent():103|Originator 30065, SensorState 0[EOL]
[2026-09-22T08:31:03.948050Z][RH.transfer-xyz-gripper][I][1339033][136]CMovementToLogicalTargetWithToolOffsetProcedure.cpp:SetParameter():67|Movement To Logical Target With Tool Offset: ExclusionLayer 0, LogPosTarget 37 29 4006 6 7032, ToolOffset: ( 0.000000 / -0.016000 / 0.000000 ), MoveProcedureType 10, Inv: ( 0 / 1 / 0 / 0 ), ZAxisPositionAfterwards 0[EOL]
[2026-09-22T08:31:03.948438Z][RH.transfer-xyz-gripper][N][2330072][136]CMessageBrokerEventHelper.cpp:SendModuleStateChangedEvent():34|Raise ModuleStateChanged Event: OriginatorId 0, ModuleState ModuleState_Moving (9), OldModuleState ModuleState_Ready (4)[EOL]
[2026-09-22T08:31:03.948610Z][RH.transfer-xyz-gripper][I][1339058][136]CMovementToLogicalTargetWithToolOffsetAndTargetOffsetIntProcedure.cpp:SetParameter():145|Movement To Logical Target With Tool Offset And Target Offset: ExclusionLayer 0, LogPosTarget 37 29 4006 6 7032, ToolOffset: ( 0.000000 / -0.016000 / 0.000000 ), MoveProcedureType 10, Inv: ( 0 / 1 / 0 / 0 ), ZAxisPositionAfterwards 0, Target Offset: ( 0.000000 / 0.000000 / 0.000000 )[EOL]
[2026-09-22T08:31:03.948907Z][RH.transfer-xyz-gripper][I][1339029][136]CMovementToPhysicalTargetIntProcedure.cpp:SetParameter():125|Movement To Physical Target Int: ExclusionLayerIdFrom 0, ExclusionLayerIdTo 0, Pos: ( 0.446650 / 0.864250 / -0.011000 / 0.000000 ), MoveProcedureType 10, Inv: ( 0 / 1 / 0 / 0 ), ZAxisPositionAfterwards 0, Tool Offset: ( 0.000000 / -0.016000 / 0.000000 )[EOL]
[2026-09-22T08:31:03.949024Z][RH.transfer-xyz-gripper][I][1339026][136]CMovementToPhysicalTargetStraightIntProcedure.cpp:SetParameter():171|Movement To Physical Target Straight Int: Pos: ( 0.323500 / 0.880250 / -0.023001 / 0.000000 ), Inv: ( 0 / 1 / 0 / 0 ), MoveMode 1[EOL]
[2026-09-22T08:31:03.946602Z][RH.newgen-rackhandler][I][1780009][155]CGetSensorStateClientEvent.cpp:ReadReport():35|Sensor State: 0[EOL]
[2026-09-22T08:31:03.946763Z][RH.newgen-rackhandler][I][1780054][155]CGetSensorStateClientEvent.cpp:ReadReport():50|RackNotPresent event send.[EOL]
[2026-09-22T08:31:03.947529Z][RH.newgen-rackhandler][I][844444436][155]UnitCommunicator.cpp:SendEvent():424|Publishing event: type=Roche.c68_8800.RackHandler.RackStoragePositionStateChanged correlation_id=(n/a)[EOL]
[2026-09-22T08:31:03.947601Z][RH.newgen-rackhandler][I][2560017][155]MessageSender.h:SendEvent():105|Sent RabbitMqEvent Roche.c68_8800.RackHandler.RackStoragePositionStateChanged. Content: {"Timestamp":"2026-09-22T08:31:03.947504Z","RackLocationId":"B18","IsRackPresent":false}[EOL]
[2026-09-22T08:31:03.947740Z][RH.newgen-rackhandler][I][1780083][155]CCheckRackPositionProcedure.cpp:SetParameter():172|Procedure ProcTypeId_CheckRackPosition (1780018) loaded. Parameters: RackPosition = Position_29 (29); [EOL]
[2026-09-22T08:31:03.983218Z][RH.transfer-xyz-gripper][I][1334010][136]CTransferXYZGripperEventHelper.cpp:SendMoveAxisEvent():40|OriginatorID 65533, MotorDevice 1, StartPosition 0.855250, EndPosition 0.880250, ErrorOccured 0[EOL]
[2026-09-22T08:31:03.983772Z][RH.transfer-xyz-gripper][N][2330072][136]CMessageBrokerEventHelper.cpp:SendModuleStateChangedEvent():34|Raise ModuleStateChanged Event: OriginatorId 0, ModuleState ModuleState_Ready (4), OldModuleState ModuleState_Moving (9)[EOL]
[2026-09-22T08:31:03.984635Z][RH.transfer-xyz-gripper][I][1009020][136]CGetSensorStateProcedure.cpp:SetParameter():53|MotionDevice 1, SensorName ReflexLB2[EOL]
[2026-09-22T08:31:03.987286Z][RH.transfer-xyz-gripper][I][1009050][136]CGetSingleBitInputStateStep.cpp:ReportReceived():117|The received signal level is SignalLevel_H_L_Enum_Low (0)[EOL]
[2026-09-22T08:31:03.987420Z][RH.transfer-xyz-gripper][I][1004005][136]CMotionControlEventHelper.cpp:SendSensorStateResultEvent():103|Originator 30067, SensorState 0[EOL]
[2026-09-22T08:31:03.987566Z][RH.newgen-rackhandler][I][1780009][155]CGetSensorStateClientEvent.cpp:ReadReport():35|Sensor State: 0[EOL]
[2026-09-22T08:31:03.987602Z][RH.newgen-rackhandler][I][1780054][155]CGetSensorStateClientEvent.cpp:ReadReport():50|RackNotPresent event send.[EOL]
[2026-09-22T08:31:03.987944Z][RH.newgen-rackhandler][I][844444436][155]UnitCommunicator.cpp:SendEvent():424|Publishing event: type=Roche.c68_8800.RackHandler.RackStoragePositionStateChanged correlation_id=(n/a)[EOL]
[2026-09-22T08:31:03.987997Z][RH.newgen-rackhandler][I][2560017][155]MessageSender.h:SendEvent():105|Sent RabbitMqEvent Roche.c68_8800.RackHandler.RackStoragePositionStateChanged. Content: {"Timestamp":"2026-09-22T08:31:03.987921Z","RackLocationId":"B19","IsRackPresent":false}[EOL]
[2026-09-22T08:31:03.988419Z][RH.newgen-rackhandler][I][1780083][155]CCheckRackPositionProcedure.cpp:SetParameter():172|Procedure ProcTypeId_CheckRackPosition (1780018) loaded. Parameters: RackPosition = Position_30 (30); [EOL]
[2026-09-22T08:31:03.988603Z][RH.transfer-xyz-gripper][I][1339033][136]CMovementToLogicalTargetWithToolOffsetProcedure.cpp:SetParameter():67|Movement To Logical Target With Tool Offset: ExclusionLayer 0, LogPosTarget 37 30 4006 6 7032, ToolOffset: ( 0.000000 / 0.018000 / 0.000000 ), MoveProcedureType 10, Inv: ( 0 / 1 / 0 / 0 ), ZAxisPositionAfterwards 0[EOL]
[2026-09-22T08:31:03.988857Z][RH.transfer-xyz-gripper][N][2330072][136]CMessageBrokerEventHelper.cpp:SendModuleStateChangedEvent():34|Raise ModuleStateChanged Event: OriginatorId 0, ModuleState ModuleState_Moving (9), OldModuleState ModuleState_Ready (4)[EOL]
[2026-09-22T08:31:03.989096Z][RH.transfer-xyz-gripper][I][1339058][136]CMovementToLogicalTargetWithToolOffsetAndTargetOffsetIntProcedure.cpp:SetParameter():145|Movement To Logical Target With Tool Offset And Target Offset: ExclusionLayer 0, LogPosTarget 37 30 4006 6 7032, ToolOffset: ( 0.000000 / 0.018000 / 0.000000 ), MoveProcedureType 10, Inv: ( 0 / 1 / 0 / 0 ), ZAxisPositionAfterwards 0, Target Offset: ( 0.000000 / 0.000000 / 0.000000 )[EOL]
[2026-09-22T08:31:03.989589Z][RH.transfer-xyz-gripper][I][1339029][136]CMovementToPhysicalTargetIntProcedure.cpp:SetParameter():125|Movement To Physical Target Int: ExclusionLayerIdFrom 0, ExclusionLayerIdTo 0, Pos: ( 0.446650 / 0.889250 / -0.011000 / 0.000000 ), MoveProcedureType 10, Inv: ( 0 / 1 / 0 / 0 ), ZAxisPositionAfterwards 0, Tool Offset: ( 0.000000 / 0.018000 / 0.000000 )[EOL]
[2026-09-22T08:31:03.990155Z][RH.transfer-xyz-gripper][I][1339026][136]CMovementToPhysicalTargetStraightIntProcedure.cpp:SetParameter():171|Movement To Physical Target Straight Int: Pos: ( 0.323500 / 0.871250 / -0.023001 / 0.000000 ), Inv: ( 0 / 1 / 0 / 0 ), MoveMode 1[EOL]
[2026-09-22T08:31:04.019662Z][RH.transfer-xyz-gripper][I][1334010][136]CTransferXYZGripperEventHelper.cpp:SendMoveAxisEvent():40|OriginatorID 65533, MotorDevice 1, StartPosition 0.880250, EndPosition 0.871250, ErrorOccured 0[EOL]
[2026-09-22T08:31:04.020321Z][RH.transfer-xyz-gripper][N][2330072][136]CMessageBrokerEventHelper.cpp:SendModuleStateChangedEvent():34|Raise ModuleStateChanged Event: OriginatorId 0, ModuleState ModuleState_Ready (4), OldModuleState ModuleState_Moving (9)[EOL]
[2026-09-22T08:31:04.021244Z][RH.transfer-xyz-gripper][I][1009020][136]CGetSensorStateProcedure.cpp:SetParameter():53|MotionDevice 1, SensorName ReflexLB3[EOL]
[2026-09-22T08:31:04.023832Z][RH.transfer-xyz-gripper][I][1009050][136]CGetSingleBitInputStateStep.cpp:ReportReceived():117|The received signal level is SignalLevel_H_L_Enum_Low (0)[EOL]
[2026-09-22T08:31:04.023879Z][RH.transfer-xyz-gripper][I][1004005][136]CMotionControlEventHelper.cpp:SendSensorStateResultEvent():103|Originator 30069, SensorState 0[EOL]
[2026-09-22T08:31:04.024080Z][RH.newgen-rackhandler][I][1780009][155]CGetSensorStateClientEvent.cpp:ReadReport():35|Sensor State: 0[EOL]
[2026-09-22T08:31:04.024272Z][RH.newgen-rackhandler][I][1780054][155]CGetSensorStateClientEvent.cpp:ReadReport():50|RackNotPresent event send.[EOL]
[2026-09-22T08:31:04.025901Z][RH.newgen-rackhandler][I][844444436][155]UnitCommunicator.cpp:SendEvent():424|Publishing event: type=Roche.c68_8800.RackHandler.RackStoragePositionStateChanged correlation_id=(n/a)[EOL]
[2026-09-22T08:31:04.026083Z][RH.newgen-rackhandler][I][2560017][155]MessageSender.h:SendEvent():105|Sent RabbitMqEvent Roche.c68_8800.RackHandler.RackStoragePositionStateChanged. Content: {"Timestamp":"2026-09-22T08:31:04.025863Z","RackLocationId":"B20","IsRackPresent":false}[EOL]
[2026-09-22T08:31:04.026296Z][RH.newgen-rackhandler][I][1780083][155]CCheckRackPositionProcedure.cpp:SetParameter():172|Procedure ProcTypeId_CheckRackPosition (1780018) loaded. Parameters: RackPosition = Position_AfterLoad (31); [EOL]
[2026-09-22T08:31:04.026594Z][RH.transfer-xyz-gripper][I][1339033][136]CMovementToLogicalTargetWithToolOffsetProcedure.cpp:SetParameter():67|Movement To Logical Target With Tool Offset: ExclusionLayer 0, LogPosTarget 38 1 4006 6 7032, ToolOffset: ( 0.000000 / -0.016000 / 0.000000 ), MoveProcedureType 10, Inv: ( 0 / 1 / 0 / 0 ), ZAxisPositionAfterwards 0[EOL]
[2026-09-22T08:31:04.027409Z][RH.transfer-xyz-gripper][N][2330072][136]CMessageBrokerEventHelper.cpp:SendModuleStateChangedEvent():34|Raise ModuleStateChanged Event: OriginatorId 0, ModuleState ModuleState_Moving (9), OldModuleState ModuleState_Ready (4)[EOL]
[2026-09-22T08:31:04.027756Z][RH.transfer-xyz-gripper][I][1339058][136]CMovementToLogicalTargetWithToolOffsetAndTargetOffsetIntProcedure.cpp:SetParameter():145|Movement To Logical Target With Tool Offset And Target Offset: ExclusionLayer 0, LogPosTarget 38 1 4006 6 7032, ToolOffset: ( 0.000000 / -0.016000 / 0.000000 ), MoveProcedureType 10, Inv: ( 0 / 1 / 0 / 0 ), ZAxisPositionAfterwards 0, Target Offset: ( 0.000000 / 0.000000 / 0.000000 )[EOL]
[2026-09-22T08:31:04.028405Z][RH.transfer-xyz-gripper][I][1339029][136]CMovementToPhysicalTargetIntProcedure.cpp:SetParameter():125|Movement To Physical Target Int: ExclusionLayerIdFrom 0, ExclusionLayerIdTo 0, Pos: ( 0.147250 / 0.685750 / -0.011000 / 0.000000 ), MoveProcedureType 10, Inv: ( 0 / 1 / 0 / 0 ), ZAxisPositionAfterwards 0, Tool Offset: ( 0.000000 / -0.016000 / 0.000000 )[EOL]
[2026-09-22T08:31:04.028597Z][RH.transfer-xyz-gripper][I][1339026][136]CMovementToPhysicalTargetStraightIntProcedure.cpp:SetParameter():171|Movement To Physical Target Straight Int: Pos: ( 0.323500 / 0.701750 / -0.023001 / 0.000000 ), Inv: ( 0 / 1 / 0 / 0 ), MoveMode 1[EOL]
[2026-09-22T08:31:04.065420Z][RH.transfer-xyz-gripper][I][1334010][136]CTransferXYZGripperEventHelper.cpp:SendMoveAxisEvent():40|OriginatorID 65533, MotorDevice 1, StartPosition 0.871250, EndPosition 0.701750, ErrorOccured 0[EOL]
[2026-09-22T08:31:04.066028Z][RH.transfer-xyz-gripper][N][2330072][136]CMessageBrokerEventHelper.cpp:SendModuleStateChangedEvent():34|Raise ModuleStateChanged Event: OriginatorId 0, ModuleState ModuleState_Ready (4), OldModuleState ModuleState_Moving (9)[EOL]
[2026-09-22T08:31:04.067534Z][RH.transfer-xyz-gripper][I][1009020][136]CGetSensorStateProcedure.cpp:SetParameter():53|MotionDevice 1, SensorName ReflexLB1[EOL]
[2026-09-22T08:31:04.071378Z][RH.transfer-xyz-gripper][I][1009050][136]CGetSingleBitInputStateStep.cpp:ReportReceived():117|The received signal level is SignalLevel_H_L_Enum_Low (0)[EOL]
[2026-09-22T08:31:04.071449Z][RH.transfer-xyz-gripper][I][1004005][136]CMotionControlEventHelper.cpp:SendSensorStateResultEvent():103|Originator 30071, SensorState 0[EOL]
[2026-09-22T08:31:04.071981Z][RH.newgen-rackhandler][I][1780009][155]CGetSensorStateClientEvent.cpp:ReadReport():35|Sensor State: 0[EOL]
[2026-09-22T08:31:04.072031Z][RH.newgen-rackhandler][I][1780054][155]CGetSensorStateClientEvent.cpp:ReadReport():50|RackNotPresent event send.[EOL]
[2026-09-22T08:31:04.073355Z][RH.newgen-rackhandler][I][1780083][155]CCheckRackPositionProcedure.cpp:SetParameter():172|Procedure ProcTypeId_CheckRackPosition (1780018) loaded. Parameters: RackPosition = Position_OutputBuffer (32); [EOL]
[2026-09-22T08:31:04.073437Z][RH.newgen-rackhandler][I][844444436][155]UnitCommunicator.cpp:SendEvent():424|Publishing event: type=Roche.c68_8800.RackHandler.RackStoragePositionStateChanged correlation_id=(n/a)[EOL]
[2026-09-22T08:31:04.073493Z][RH.newgen-rackhandler][I][2560017][155]MessageSender.h:SendEvent():105|Sent RabbitMqEvent Roche.c68_8800.RackHandler.RackStoragePositionStateChanged. Content: {"Timestamp":"2026-09-22T08:31:04.073427Z","RackLocationId":"OutputConveyorBelt","IsRackPresent":false}[EOL]
[2026-09-22T08:31:04.073861Z][RH.newgen-rackhandler][I][1780083][155]CCheckRackPositionProcedure.cpp:SetParameter():172|Procedure ProcTypeId_CheckRackPosition (1780018) loaded. Parameters: RackPosition = Position_Error (33); [EOL]
[2026-09-22T08:31:04.073911Z][RH.newgen-rackhandler][I][844444436][155]UnitCommunicator.cpp:SendEvent():424|Publishing event: type=Roche.c68_8800.RackHandler.RackStoragePositionStateChanged correlation_id=(n/a)[EOL]
[2026-09-22T08:31:04.073948Z][RH.newgen-rackhandler][I][2560017][155]MessageSender.h:SendEvent():105|Sent RabbitMqEvent Roche.c68_8800.RackHandler.RackStoragePositionStateChanged. Content: {"Timestamp":"2026-09-22T08:31:04.073903Z","RackLocationId":"ErrorConveyorBelt","IsRackPresent":false}[EOL]
[2026-09-22T08:31:04.074249Z][RH.newgen-rackhandler][I][1780083][155]CCheckRackPositionProcedure.cpp:SetParameter():172|Procedure ProcTypeId_CheckRackPosition (1780018) loaded. Parameters: RackPosition = Position_RackHandlerMiddle (34); [EOL]
[2026-09-22T08:31:04.074447Z][RH.transfer-xyz-gripper][I][1009020][136]CGetSensorStateProcedure.cpp:SetParameter():53|MotionDevice 0, SensorName xLoaded[EOL]
[2026-09-22T08:31:04.076549Z][RH.transfer-xyz-gripper][I][1009050][136]CGetSingleBitInputStateStep.cpp:ReportReceived():117|The received signal level is SignalLevel_H_L_Enum_Low (0)[EOL]
[2026-09-22T08:31:04.076695Z][RH.transfer-xyz-gripper][I][1004005][136]CMotionControlEventHelper.cpp:SendSensorStateResultEvent():103|Originator 30077, SensorState 0[EOL]
[2026-09-22T08:31:04.077018Z][RH.newgen-rackhandler][I][1780009][155]CGetSensorStateClientEvent.cpp:ReadReport():35|Sensor State: 0[EOL]
[2026-09-22T08:31:04.077059Z][RH.newgen-rackhandler][I][1780054][155]CGetSensorStateClientEvent.cpp:ReadReport():50|RackNotPresent event send.[EOL]
[2026-09-22T08:31:04.078110Z][RH.newgen-rackhandler][I][844444436][155]UnitCommunicator.cpp:SendEvent():424|Publishing event: type=Roche.c68_8800.RackHandler.RackStoragePositionStateChanged correlation_id=(n/a)[EOL]
[2026-09-22T08:31:04.078216Z][RH.newgen-rackhandler][I][2560017][155]MessageSender.h:SendEvent():105|Sent RabbitMqEvent Roche.c68_8800.RackHandler.RackStoragePositionStateChanged. Content: {"Timestamp":"2026-09-22T08:31:04.077757Z","RackLocationId":"Handler","IsRackPresent":false}[EOL]
[2026-09-22T08:31:04.078497Z][RH.newgen-rackhandler][I][1780000][155]CCheckRackOnCarrierPresentStep.cpp:EvalCondition():24|No rack on handler info from DP!![EOL]
[2026-09-22T08:31:04.078708Z][RH.newgen-rackhandler][I][1780083][155]CInitCleanUpAfterScanPositionProcedure.cpp:SetParameter():190|Procedure ProcTypeId_InitCleanUpAfterScanPosition (1780029) loaded. Parameters: [EOL]
[2026-09-22T08:31:04.078720Z][RH.newgen-rackhandler][N][1780096][155]CInitCleanUpAfterScanPositionProcedure.cpp:SetParameter():191|InitCleanUpAfterScanPosition loaded! SouPos: 35 DesPos: 1[EOL]
[2026-09-22T08:31:04.079305Z][RH.transfer-xyz-gripper][I][1339017][136]CMovementToLogicalTargetProcedure.cpp:SetParameter():71|Movement To Logical Target: ExclusionLayer 1, LogPosTarget 38 2 4006 6 7032, MoveProcedureType 52, Inv: ( 1 / 1 / 1 / 0 ), ZAxisPositionAfterwards 0[EOL]
[2026-09-22T08:31:04.079668Z][RH.transfer-xyz-gripper][N][2330072][136]CMessageBrokerEventHelper.cpp:SendModuleStateChangedEvent():34|Raise ModuleStateChanged Event: OriginatorId 0, ModuleState ModuleState_Moving (9), OldModuleState ModuleState_Ready (4)[EOL]
[2026-09-22T08:31:04.079821Z][RH.transfer-xyz-gripper][I][1339033][136]CMovementToLogicalTargetWithToolOffsetProcedure.cpp:SetParameter():67|Movement To Logical Target With Tool Offset: ExclusionLayer 1, LogPosTarget 38 2 4006 6 7032, ToolOffset: ( 0.000000 / 0.000000 / 0.000000 ), MoveProcedureType 52, Inv: ( 1 / 1 / 1 / 0 ), ZAxisPositionAfterwards 0[EOL]
[2026-09-22T08:31:04.079976Z][RH.transfer-xyz-gripper][I][1339058][136]CMovementToLogicalTargetWithToolOffsetAndTargetOffsetIntProcedure.cpp:SetParameter():145|Movement To Logical Target With Tool Offset And Target Offset: ExclusionLayer 1, LogPosTarget 38 2 4006 6 7032, ToolOffset: ( 0.000000 / 0.000000 / 0.000000 ), MoveProcedureType 52, Inv: ( 1 / 1 / 1 / 0 ), ZAxisPositionAfterwards 0, Target Offset: ( 0.000000 / 0.000000 / 0.000000 )[EOL]
[2026-09-22T08:31:04.080478Z][RH.transfer-xyz-gripper][I][1339029][136]CMovementToPhysicalTargetIntProcedure.cpp:SetParameter():125|Movement To Physical Target Int: ExclusionLayerIdFrom 0, ExclusionLayerIdTo 1, Pos: ( 0.150750 / 0.685750 / -0.011000 / 0.000000 ), MoveProcedureType 52, Inv: ( 1 / 1 / 1 / 0 ), ZAxisPositionAfterwards 0, Tool Offset: ( 0.000000 / 0.000000 / 0.000000 )[EOL]
[2026-09-22T08:31:04.086128Z][RH.transfer-xyz-gripper][I][1339026][136]CMovementToPhysicalTargetStraightIntProcedure.cpp:SetParameter():171|Movement To Physical Target Straight Int: Pos: ( 0.323500 / 0.685750 / -0.023001 / 0.000000 ), Inv: ( 1 / 1 / 1 / 0 ), MoveMode 0[EOL]
[2026-09-22T08:31:04.118353Z][RH.transfer-xyz-gripper][I][1334010][136]CTransferXYZGripperEventHelper.cpp:SendMoveAxisEvent():40|OriginatorID 65532, MotorDevice 0, StartPosition 0.323500, EndPosition 0.323500, ErrorOccured 0[EOL]
[2026-09-22T08:31:04.118464Z][RH.transfer-xyz-gripper][I][1334010][136]CTransferXYZGripperEventHelper.cpp:SendMoveAxisEvent():40|OriginatorID 65532, MotorDevice 1, StartPosition 0.701750, EndPosition 0.685750, ErrorOccured 0[EOL]
[2026-09-22T08:31:04.118516Z][RH.transfer-xyz-gripper][I][1334010][136]CTransferXYZGripperEventHelper.cpp:SendMoveAxisEvent():40|OriginatorID 65532, MotorDevice 2, StartPosition -0.023001, EndPosition -0.023001, ErrorOccured 0[EOL]
[2026-09-22T08:31:04.118878Z][RH.transfer-xyz-gripper][I][1339026][136]CMovementToPhysicalTargetStraightIntProcedure.cpp:SetParameter():171|Movement To Physical Target Straight Int: Pos: ( 0.150750 / 0.685750 / -0.023001 / 0.000000 ), Inv: ( 1 / 1 / 1 / 0 ), MoveMode 0[EOL]
[2026-09-22T08:31:04.172712Z][RH.transfer-xyz-gripper][W][2330306][136]CRTCyclicEvent.cpp:TimeMissed():101|Cycle miss in event CCSICombinedCmdManager Cyclic Event. Time Overrun is 13462 us[EOL]
[2026-09-22T08:31:04.172758Z][RH.transfer-xyz-gripper][W][2330306][136]CRTCyclicEvent.cpp:TimeMissed():101|Cycle miss in event CCSICombinedRepManager. Time Overrun is 13462 us[EOL]
[2026-09-22T08:31:04.181408Z][RH.transfer-xyz-gripper][I][1334010][136]CTransferXYZGripperEventHelper.cpp:SendMoveAxisEvent():40|OriginatorID 65532, MotorDevice 0, StartPosition 0.323500, EndPosition 0.150750, ErrorOccured 0[EOL]
[2026-09-22T08:31:04.181449Z][RH.transfer-xyz-gripper][I][1334010][136]CTransferXYZGripperEventHelper.cpp:SendMoveAxisEvent():40|OriginatorID 65532, MotorDevice 1, StartPosition 0.685750, EndPosition 0.685750, ErrorOccured 0[EOL]
[2026-09-22T08:31:04.181457Z][RH.transfer-xyz-gripper][I][1334010][136]CTransferXYZGripperEventHelper.cpp:SendMoveAxisEvent():40|OriginatorID 65532, MotorDevice 2, StartPosition -0.023001, EndPosition -0.023001, ErrorOccured 0[EOL]
[2026-09-22T08:31:04.181770Z][RH.transfer-xyz-gripper][I][1339026][136]CMovementToPhysicalTargetStraightIntProcedure.cpp:SetParameter():171|Movement To Physical Target Straight Int: Pos: ( 0.150750 / 0.685750 / -0.011000 / 0.000000 ), Inv: ( 0 / 0 / 1 / 0 ), MoveMode 0[EOL]
[2026-09-22T08:31:04.252876Z][RH.transfer-xyz-gripper][I][1334010][136]CTransferXYZGripperEventHelper.cpp:SendMoveAxisEvent():40|OriginatorID 65532, MotorDevice 2, StartPosition -0.023001, EndPosition -0.011000, ErrorOccured 0[EOL]
[2026-09-22T08:31:04.253765Z][RH.transfer-xyz-gripper][N][2330072][136]CMessageBrokerEventHelper.cpp:SendModuleStateChangedEvent():34|Raise ModuleStateChanged Event: OriginatorId 0, ModuleState ModuleState_Ready (4), OldModuleState ModuleState_Moving (9)[EOL]
[2026-09-22T08:31:04.254431Z][RH.transfer-xyz-gripper][I][1339015][136]CMovementToHomePositionProcedure.cpp:SetParameter():68|Movement To Home Position: ExclusionLayer 1, MoveProcedureType 10, Inv: ( 1 / 0 / 0 / 0 )[EOL]
[2026-09-22T08:31:04.254783Z][RH.transfer-xyz-gripper][N][2330072][136]CMessageBrokerEventHelper.cpp:SendModuleStateChangedEvent():34|Raise ModuleStateChanged Event: OriginatorId 0, ModuleState ModuleState_Moving (9), OldModuleState ModuleState_Ready (4)[EOL]
[2026-09-22T08:31:04.254917Z][RH.transfer-xyz-gripper][I][1339029][136]CMovementToPhysicalTargetIntProcedure.cpp:SetParameter():125|Movement To Physical Target Int: ExclusionLayerIdFrom 1, ExclusionLayerIdTo 1, Pos: ( 0.323500 / 0.435750 / -0.018000 / 0.000000 ), MoveProcedureType 10, Inv: ( 1 / 0 / 0 / 0 ), ZAxisPositionAfterwards 0, Tool Offset: ( 0.000000 / 0.000000 / 0.000000 )[EOL]
[2026-09-22T08:31:04.255033Z][RH.transfer-xyz-gripper][I][1339026][136]CMovementToPhysicalTargetStraightIntProcedure.cpp:SetParameter():171|Movement To Physical Target Straight Int: Pos: ( 0.323500 / 0.685750 / -0.011000 / 0.000000 ), Inv: ( 1 / 0 / 0 / 0 ), MoveMode 1[EOL]
[2026-09-22T08:31:04.292167Z][RH.transfer-xyz-gripper][I][1334010][136]CTransferXYZGripperEventHelper.cpp:SendMoveAxisEvent():40|OriginatorID 65534, MotorDevice 0, StartPosition 0.150750, EndPosition 0.323500, ErrorOccured 0[EOL]
[2026-09-22T08:31:04.292878Z][RH.transfer-xyz-gripper][N][2330072][136]CMessageBrokerEventHelper.cpp:SendModuleStateChangedEvent():34|Raise ModuleStateChanged Event: OriginatorId 0, ModuleState ModuleState_Ready (4), OldModuleState ModuleState_Moving (9)[EOL]
[2026-09-22T08:31:04.293775Z][RH.transfer-xyz-gripper][I][1009020][136]CGetSensorStateProcedure.cpp:SetParameter():53|MotionDevice 0, SensorName xLoaded[EOL]
[2026-09-22T08:31:04.297481Z][RH.newgen-rackhandler][I][1780009][155]CGetMotorXLoadedSensorState.cpp:ReadReport():22|Sensor State: 0[EOL]
[2026-09-22T08:31:04.297846Z][RH.newgen-rackhandler][I][844444436][155]UnitCommunicator.cpp:SendEvent():424|Publishing event: type=Roche.c68_8800.RackHandler.RackStoragePositionStateChanged correlation_id=(n/a)[EOL]
[2026-09-22T08:31:04.298257Z][RH.newgen-rackhandler][I][2560017][155]MessageSender.h:SendEvent():105|Sent RabbitMqEvent Roche.c68_8800.RackHandler.RackStoragePositionStateChanged. Content: {"Timestamp":"2026-09-22T08:31:04.297819Z","RackLocationId":"AfterScanPosition","IsRackPresent":false}[EOL]
[2026-09-22T08:31:04.297192Z][RH.transfer-xyz-gripper][I][1009050][136]CGetSingleBitInputStateStep.cpp:ReportReceived():117|The received signal level is SignalLevel_H_L_Enum_Low (0)[EOL]
[2026-09-22T08:31:04.297237Z][RH.transfer-xyz-gripper][I][1004005][136]CMotionControlEventHelper.cpp:SendSensorStateResultEvent():103|Originator 30079, SensorState 0[EOL]
[2026-09-22T08:31:04.298491Z][RH.transfer-xyz-gripper][I][1339015][136]CMovementToHomePositionProcedure.cpp:SetParameter():68|Movement To Home Position: ExclusionLayer 1, MoveProcedureType 10, Inv: ( 0 / 0 / 1 / 0 )[EOL]
[2026-09-22T08:31:04.299092Z][RH.transfer-xyz-gripper][N][2330072][136]CMessageBrokerEventHelper.cpp:SendModuleStateChangedEvent():34|Raise ModuleStateChanged Event: OriginatorId 0, ModuleState ModuleState_Moving (9), OldModuleState ModuleState_Ready (4)[EOL]
[2026-09-22T08:31:04.299397Z][RH.transfer-xyz-gripper][I][1339029][136]CMovementToPhysicalTargetIntProcedure.cpp:SetParameter():125|Movement To Physical Target Int: ExclusionLayerIdFrom 1, ExclusionLayerIdTo 1, Pos: ( 0.323500 / 0.435750 / -0.018000 / 0.000000 ), MoveProcedureType 10, Inv: ( 0 / 0 / 1 / 0 ), ZAxisPositionAfterwards 0, Tool Offset: ( 0.000000 / 0.000000 / 0.000000 )[EOL]
[2026-09-22T08:31:04.299583Z][RH.transfer-xyz-gripper][I][1339026][136]CMovementToPhysicalTargetStraightIntProcedure.cpp:SetParameter():171|Movement To Physical Target Straight Int: Pos: ( 0.323500 / 0.685750 / -0.018000 / 0.000000 ), Inv: ( 0 / 0 / 1 / 0 ), MoveMode 1[EOL]
[2026-09-22T08:31:04.346666Z][RH.newgen-rackhandler][I][844444436][155]UnitCommunicator.cpp:SendEvent():424|Publishing event: type=Roche.c68_8800.RackHandler.RackHandlerStateChanged correlation_id=(n/a)[EOL]
[2026-09-22T08:31:04.346754Z][RH.newgen-rackhandler][I][2560017][155]MessageSender.h:SendEvent():105|Sent RabbitMqEvent Roche.c68_8800.RackHandler.RackHandlerStateChanged. Content: {"Timestamp":"2026-09-22T08:31:04.346640Z","TraceContext":"00-0b3e87326deaf92f9ff13c560f18ad19-09871cd1826fb4d5-01","OldState":"Initializing","NewState":"Ready"}[EOL]
[2026-09-22T08:31:04.346839Z][RH.newgen-rackhandler][I][844444436][155]UnitCommunicator.cpp:SendEvent():424|Publishing event: type=Roche.c68_8800.RackHandler.RackScannerStateChanged correlation_id=(n/a)[EOL]
[2026-09-22T08:31:04.346867Z][RH.newgen-rackhandler][I][2560017][155]MessageSender.h:SendEvent():105|Sent RabbitMqEvent Roche.c68_8800.RackHandler.RackScannerStateChanged. Content: {"Timestamp":"2026-09-22T08:31:04.346798Z","TraceContext":"00-f44e6cba0d74581f5d9d3f25feedc9d1-b2d91a7e27fe4f40-01","OldState":"Initializing","NewState":"Ready"}[EOL]
[2026-09-22T08:31:04.346957Z][RH.newgen-rackhandler][I][844444436][155]UnitCommunicator.cpp:SendEvent():424|Publishing event: type=Roche.c68_8800.RackHandler.RackScannerStateChanged correlation_id=(n/a)[EOL]
[2026-09-22T08:31:04.346985Z][RH.newgen-rackhandler][I][2560017][155]MessageSender.h:SendEvent():105|Sent RabbitMqEvent Roche.c68_8800.RackHandler.RackScannerStateChanged. Content: {"Timestamp":"2026-09-22T08:31:04.346951Z","TraceContext":"00-1c7a1872e166d3fa759274ddbecfccaa-6eaf2518f9cc92cb-01","OldState":"Ready","NewState":"Busy"}[EOL]
[2026-09-22T08:31:04.347043Z][RH.newgen-rackhandler][I][1780083][155]CSetAllBarcodeConfigurationsProcedure.cpp:SetParameter():76|Procedure ProcTypeId_SetAllBarcodeConfigurations (1780028) loaded. Parameters: [EOL]
[2026-09-22T08:31:04.347076Z][RH.newgen-rackhandler][I][844444436][155]UnitCommunicator.cpp:SendEvent():424|Publishing event: type=Roche.c68_8800.RackHandler.OutputConveyorStateChanged correlation_id=(n/a)[EOL]
[2026-09-22T08:31:04.347098Z][RH.newgen-rackhandler][I][2560017][155]MessageSender.h:SendEvent():105|Sent RabbitMqEvent Roche.c68_8800.RackHandler.OutputConveyorStateChanged. Content: {"Timestamp":"2026-09-22T08:31:04.347070Z","TraceContext":"00-89101be0f21780365091d45f36931bba-74e6c04485a5c240-01","OldState":"Initializing","NewState":"Ready"}[EOL]
[2026-09-22T08:31:04.347117Z][RH.newgen-rackhandler][I][844444436][155]UnitCommunicator.cpp:SendEvent():424|Publishing event: type=Roche.c68_8800.RackHandler.UnitStateChanged correlation_id=(n/a)[EOL]
[2026-09-22T08:31:04.347137Z][RH.newgen-rackhandler][I][2560017][155]MessageSender.h:SendEvent():105|Sent RabbitMqEvent Roche.c68_8800.RackHandler.UnitStateChanged. Content: {"Timestamp":"2026-09-22T08:31:04.347111Z","TraceContext":"00-7a0e7a190f08c020266bc4ce3e24c90b-0d00df15aedeeb7d-01","OldState":"Initializing","NewState":"Operational"}[EOL]
[2026-09-22T08:31:04.347212Z][RH.newgen-rackhandler][I][1780083][155]CSetBarcodeConfigurationProcedure.cpp:SetParameter():41|Procedure ProcTypeId_SetBarcodeConfiguration (1780023) loaded. Parameters: BarcodeType = BarcodeType_TubeBarcodeCBR (3); EnableBarcodeType = false; BarcodeChecksum = BarcodeChecksum_None (1); MinLength = 1; MaxLength = 23; Xmit = Xmit_TransmitDisabled (1); HasAdd2 = false; HasAdd5 = false; [EOL]
[2026-09-22T08:31:04.349004Z][RH.newgen-samplerecognitioncamera][I][2800077][137]CSetBarcodeConfigurationProcedure.cpp:SetParameter():28|Procedure SetBarcodeConfiguration loaded. Parameters: [EOL]
[2026-09-22T08:31:04.349324Z][RH.newgen-samplerecognitioncamera][I][2800012][137]CASStateMachine.cpp:ReportStateChange():120|State changed to 5 (from 4)[EOL]
[2026-09-22T08:31:04.349353Z][RH.newgen-samplerecognitioncamera][N][2330072][137]CMessageBrokerEventHelper.cpp:SendModuleStateChangedEvent():34|Raise ModuleStateChanged Event: OriginatorId 0, ModuleState ModuleState_Communicating (5), OldModuleState ModuleState_Ready (4)[EOL]
[2026-09-22T08:31:04.349835Z][RH.newgen-samplerecognitioncamera][I][2800075][137]CSetBarcodeConfigurationJadakProcedure.cpp:SetParameter():39|SetBarcodeConfiguration called with parameters: BarcodeType <3>, IsEnabled <0>, BarcodeChecksum <1>, MinLength <1>, MaxLength <23>, Xmit <1>, HasAdd2 <0>, HasAdd5 <0>[EOL]
[2026-09-22T08:31:04.349871Z][RH.newgen-samplerecognitioncamera][I][2800077][137]CSetBarcodeConfigurationJadakProcedure.cpp:SetParameter():83|Procedure SetBarcodeConfiguration loaded. Parameters: BarcodeType: #003IsEnabled: [EOL]
[2026-09-22T08:31:04.358307Z][RH.newgen-samplerecognitioncamera][I][2800047][137]CValidateConfigurationStep.cpp:DoStep():47|Barcode parameters valid.[EOL]
[2026-09-22T08:31:04.358357Z][RH.newgen-samplerecognitioncamera][I][2800074][137]CSendAllConfigStringsStep.cpp:DoStep():67|Sending cmd: <TCBRENAB 0!>[EOL]
[2026-09-22T08:31:04.358370Z][RH.newgen-samplerecognitioncamera][I][2800030][137]CJProtocolBaseStep.cpp:DoStep():64|Sending 13 bytes to Sample Recognition Camera: 0x23 0x54 0x43 0x42 0x52 0x45 0x4e 0x41 0x42 0x20 0x30 0x21 0x0d[EOL]
[2026-09-22T08:31:04.372792Z][RH.newgen-rackhandler][I][1780083][155]CSetBarcodeConfigurationProcedure.cpp:SetParameter():41|Procedure ProcTypeId_SetBarcodeConfiguration (1780023) loaded. Parameters: BarcodeType = BarcodeType_TubeBarcodeI25 (4); EnableBarcodeType = false; BarcodeChecksum = BarcodeChecksum_None (1); MinLength = 1; MaxLength = 23; Xmit = Xmit_TransmitDisabled (1); HasAdd2 = false; HasAdd5 = false; [EOL]
[2026-09-22T08:31:04.362985Z][RH.newgen-samplerecognitioncamera][I][2800028][137]CJProtocolBaseStep.cpp:ReadReport():86|Received 3 bytes from Sample Recognition Camera: 0x23 0x2b 0x0d[EOL]
[2026-09-22T08:31:04.363031Z][RH.newgen-samplerecognitioncamera][I][2800074][137]CSendAllConfigStringsStep.cpp:DoStep():67|Sending cmd: <TCBRCHEC 0!>[EOL]
[2026-09-22T08:31:04.363043Z][RH.newgen-samplerecognitioncamera][I][2800030][137]CJProtocolBaseStep.cpp:DoStep():64|Sending 13 bytes to Sample Recognition Camera: 0x23 0x54 0x43 0x42 0x52 0x43 0x48 0x45 0x43 0x20 0x30 0x21 0x0d[EOL]
[2026-09-22T08:31:04.365322Z][RH.newgen-samplerecognitioncamera][I][2800028][137]CJProtocolBaseStep.cpp:ReadReport():86|Received 3 bytes from Sample Recognition Camera: 0x23 0x2b 0x0d[EOL]
[2026-09-22T08:31:04.365371Z][RH.newgen-samplerecognitioncamera][I][2800074][137]CSendAllConfigStringsStep.cpp:DoStep():67|Sending cmd: <TCBRXMIT 0!>[EOL]
[2026-09-22T08:31:04.365383Z][RH.newgen-samplerecognitioncamera][I][2800030][137]CJProtocolBaseStep.cpp:DoStep():64|Sending 13 bytes to Sample Recognition Camera: 0x23 0x54 0x43 0x42 0x52 0x58 0x4d 0x49 0x54 0x20 0x30 0x21 0x0d[EOL]
[2026-09-22T08:31:04.367419Z][RH.newgen-samplerecognitioncamera][I][2800028][137]CJProtocolBaseStep.cpp:ReadReport():86|Received 3 bytes from Sample Recognition Camera: 0x23 0x2b 0x0d[EOL]
[2026-09-22T08:31:04.367483Z][RH.newgen-samplerecognitioncamera][I][2800074][137]CSendAllConfigStringsStep.cpp:DoStep():67|Sending cmd: <TCBRMAXL 23!>[EOL]
[2026-09-22T08:31:04.367498Z][RH.newgen-samplerecognitioncamera][I][2800030][137]CJProtocolBaseStep.cpp:DoStep():64|Sending 14 bytes to Sample Recognition Camera: 0x23 0x54 0x43 0x42 0x52 0x4d 0x41 0x58 0x4c 0x20 0x32 0x33 0x21 0x0d[EOL]
[2026-09-22T08:31:04.369201Z][RH.newgen-samplerecognitioncamera][I][2800028][137]CJProtocolBaseStep.cpp:ReadReport():86|Received 3 bytes from Sample Recognition Camera: 0x23 0x2b 0x0d[EOL]
[2026-09-22T08:31:04.369311Z][RH.newgen-samplerecognitioncamera][I][2800074][137]CSendAllConfigStringsStep.cpp:DoStep():67|Sending cmd: <TCBRMINL 1!>[EOL]
[2026-09-22T08:31:04.369322Z][RH.newgen-samplerecognitioncamera][I][2800030][137]CJProtocolBaseStep.cpp:DoStep():64|Sending 13 bytes to Sample Recognition Camera: 0x23 0x54 0x43 0x42 0x52 0x4d 0x49 0x4e 0x4c 0x20 0x31 0x21 0x0d[EOL]
[2026-09-22T08:31:04.371452Z][RH.newgen-samplerecognitioncamera][I][2800028][137]CJProtocolBaseStep.cpp:ReadReport():86|Received 3 bytes from Sample Recognition Camera: 0x23 0x2b 0x0d[EOL]
[2026-09-22T08:31:04.371954Z][RH.newgen-samplerecognitioncamera][I][2800012][137]CASStateMachine.cpp:ReportStateChange():120|State changed to 4 (from 5)[EOL]
[2026-09-22T08:31:04.372022Z][RH.newgen-samplerecognitioncamera][N][2330072][137]CMessageBrokerEventHelper.cpp:SendModuleStateChangedEvent():34|Raise ModuleStateChanged Event: OriginatorId 0, ModuleState ModuleState_Ready (4), OldModuleState ModuleState_Communicating (5)[EOL]
[2026-09-22T08:31:04.372942Z][RH.newgen-samplerecognitioncamera][I][2800077][137]CSetBarcodeConfigurationProcedure.cpp:SetParameter():28|Procedure SetBarcodeConfiguration loaded. Parameters: [EOL]
[2026-09-22T08:31:04.373462Z][RH.newgen-samplerecognitioncamera][I][2800012][137]CASStateMachine.cpp:ReportStateChange():120|State changed to 5 (from 4)[EOL]
[2026-09-22T08:31:04.373490Z][RH.newgen-samplerecognitioncamera][N][2330072][137]CMessageBrokerEventHelper.cpp:SendModuleStateChangedEvent():34|Raise ModuleStateChanged Event: OriginatorId 0, ModuleState ModuleState_Communicating (5), OldModuleState ModuleState_Ready (4)[EOL]
[2026-09-22T08:31:04.373647Z][RH.newgen-samplerecognitioncamera][I][2800075][137]CSetBarcodeConfigurationJadakProcedure.cpp:SetParameter():39|SetBarcodeConfiguration called with parameters: BarcodeType <4>, IsEnabled <0>, BarcodeChecksum <1>, MinLength <1>, MaxLength <23>, Xmit <1>, HasAdd2 <0>, HasAdd5 <0>[EOL]
[2026-09-22T08:31:04.373722Z][RH.newgen-samplerecognitioncamera][I][2800077][137]CSetBarcodeConfigurationJadakProcedure.cpp:SetParameter():83|Procedure SetBarcodeConfiguration loaded. Parameters: BarcodeType: #004IsEnabled: [EOL]
[2026-09-22T08:31:04.375267Z][RH.newgen-samplerecognitioncamera][I][2800047][137]CValidateConfigurationStep.cpp:DoStep():47|Barcode parameters valid.[EOL]
[2026-09-22T08:31:04.375360Z][RH.newgen-samplerecognitioncamera][I][2800074][137]CSendAllConfigStringsStep.cpp:DoStep():67|Sending cmd: <TI25ENAB 0!>[EOL]
[2026-09-22T08:31:04.375381Z][RH.newgen-samplerecognitioncamera][I][2800030][137]CJProtocolBaseStep.cpp:DoStep():64|Sending 13 bytes to Sample Recognition Camera: 0x23 0x54 0x49 0x32 0x35 0x45 0x4e 0x41 0x42 0x20 0x30 0x21 0x0d[EOL]
[2026-09-22T08:31:04.378174Z][RH.newgen-samplerecognitioncamera][I][2800028][137]CJProtocolBaseStep.cpp:ReadReport():86|Received 3 bytes from Sample Recognition Camera: 0x23 0x2b 0x0d[EOL]
[2026-09-22T08:31:04.378294Z][RH.newgen-samplerecognitioncamera][I][2800074][137]CSendAllConfigStringsStep.cpp:DoStep():67|Sending cmd: <TI25CHEC 0!>[EOL]
[2026-09-22T08:31:04.378310Z][RH.newgen-samplerecognitioncamera][I][2800030][137]CJProtocolBaseStep.cpp:DoStep():64|Sending 13 bytes to Sample Recognition Camera: 0x23 0x54 0x49 0x32 0x35 0x43 0x48 0x45 0x43 0x20 0x30 0x21 0x0d[EOL]
[2026-09-22T08:31:04.381341Z][RH.newgen-samplerecognitioncamera][I][2800028][137]CJProtocolBaseStep.cpp:ReadReport():86|Received 3 bytes from Sample Recognition Camera: 0x23 0x2b 0x0d[EOL]
[2026-09-22T08:31:04.381381Z][RH.newgen-samplerecognitioncamera][I][2800074][137]CSendAllConfigStringsStep.cpp:DoStep():67|Sending cmd: <TI25MAXL 23!>[EOL]
[2026-09-22T08:31:04.381391Z][RH.newgen-samplerecognitioncamera][I][2800030][137]CJProtocolBaseStep.cpp:DoStep():64|Sending 14 bytes to Sample Recognition Camera: 0x23 0x54 0x49 0x32 0x35 0x4d 0x41 0x58 0x4c 0x20 0x32 0x33 0x21 0x0d[EOL]
[2026-09-22T08:31:04.383225Z][RH.newgen-samplerecognitioncamera][I][2800028][137]CJProtocolBaseStep.cpp:ReadReport():86|Received 3 bytes from Sample Recognition Camera: 0x23 0x2b 0x0d[EOL]
[2026-09-22T08:31:04.383347Z][RH.newgen-samplerecognitioncamera][I][2800074][137]CSendAllConfigStringsStep.cpp:DoStep():67|Sending cmd: <TI25MINL 1!>[EOL]
[2026-09-22T08:31:04.383413Z][RH.newgen-samplerecognitioncamera][I][2800030][137]CJProtocolBaseStep.cpp:DoStep():64|Sending 13 bytes to Sample Recognition Camera: 0x23 0x54 0x49 0x32 0x35 0x4d 0x49 0x4e 0x4c 0x20 0x31 0x21 0x0d[EOL]
[2026-09-22T08:31:04.385403Z][RH.newgen-samplerecognitioncamera][I][2800028][137]CJProtocolBaseStep.cpp:ReadReport():86|Received 3 bytes from Sample Recognition Camera: 0x23 0x2b 0x0d[EOL]
[2026-09-22T08:31:04.386013Z][RH.newgen-samplerecognitioncamera][I][2800012][137]CASStateMachine.cpp:ReportStateChange():120|State changed to 4 (from 5)[EOL]
[2026-09-22T08:31:04.386047Z][RH.newgen-samplerecognitioncamera][N][2330072][137]CMessageBrokerEventHelper.cpp:SendModuleStateChangedEvent():34|Raise ModuleStateChanged Event: OriginatorId 0, ModuleState ModuleState_Ready (4), OldModuleState ModuleState_Communicating (5)[EOL]
[2026-09-22T08:31:04.345447Z][RH.transfer-xyz-gripper][I][1334010][136]CTransferXYZGripperEventHelper.cpp:SendMoveAxisEvent():40|OriginatorID 65534, MotorDevice 2, StartPosition -0.011000, EndPosition -0.018000, ErrorOccured 0[EOL]
[2026-09-22T08:31:04.345938Z][RH.transfer-xyz-gripper][N][2330072][136]CMessageBrokerEventHelper.cpp:SendModuleStateChangedEvent():34|Raise ModuleStateChanged Event: OriginatorId 0, ModuleState ModuleState_Ready (4), OldModuleState ModuleState_Moving (9)[EOL]
[2026-09-22T08:31:04.387351Z][RH.newgen-rackhandler][I][1780083][155]CSetBarcodeConfigurationProcedure.cpp:SetParameter():41|Procedure ProcTypeId_SetBarcodeConfiguration (1780023) loaded. Parameters: BarcodeType = BarcodeType_TubeBarcodeEAN8 (5); EnableBarcodeType = false; BarcodeChecksum = BarcodeChecksum_Mod10 (2); MinLength = 7; MaxLength = 7; Xmit = Xmit_TransmitDisabled (1); HasAdd2 = false; HasAdd5 = false; [EOL]
[2026-09-22T08:31:04.387733Z][RH.newgen-samplerecognitioncamera][I][2800077][137]CSetBarcodeConfigurationProcedure.cpp:SetParameter():28|Procedure SetBarcodeConfiguration loaded. Parameters: [EOL]
[2026-09-22T08:31:04.388118Z][RH.newgen-samplerecognitioncamera][I][2800012][137]CASStateMachine.cpp:ReportStateChange():120|State changed to 5 (from 4)[EOL]
[2026-09-22T08:31:04.388178Z][RH.newgen-samplerecognitioncamera][N][2330072][137]CMessageBrokerEventHelper.cpp:SendModuleStateChangedEvent():34|Raise ModuleStateChanged Event: OriginatorId 0, ModuleState ModuleState_Communicating (5), OldModuleState ModuleState_Ready (4)[EOL]
[2026-09-22T08:31:04.388331Z][RH.newgen-samplerecognitioncamera][I][2800075][137]CSetBarcodeConfigurationJadakProcedure.cpp:SetParameter():39|SetBarcodeConfiguration called with parameters: BarcodeType <5>, IsEnabled <0>, BarcodeChecksum <2>, MinLength <7>, MaxLength <7>, Xmit <1>, HasAdd2 <0>, HasAdd5 <0>[EOL]
[2026-09-22T08:31:04.388349Z][RH.newgen-samplerecognitioncamera][I][2800077][137]CSetBarcodeConfigurationJadakProcedure.cpp:SetParameter():83|Procedure SetBarcodeConfiguration loaded. Parameters: BarcodeType: #005IsEnabled: [EOL]
[2026-09-22T08:31:04.390155Z][RH.newgen-samplerecognitioncamera][I][2800047][137]CValidateConfigurationStep.cpp:DoStep():47|Barcode parameters valid.[EOL]
[2026-09-22T08:31:04.390203Z][RH.newgen-samplerecognitioncamera][I][2800074][137]CSendAllConfigStringsStep.cpp:DoStep():67|Sending cmd: <TEAN8ENAB 0!>[EOL]
[2026-09-22T08:31:04.390218Z][RH.newgen-samplerecognitioncamera][I][2800030][137]CJProtocolBaseStep.cpp:DoStep():64|Sending 14 bytes to Sample Recognition Camera: 0x23 0x54 0x45 0x41 0x4e 0x38 0x45 0x4e 0x41 0x42 0x20 0x30 0x21 0x0d[EOL]
[2026-09-22T08:31:04.393346Z][RH.newgen-samplerecognitioncamera][I][2800028][137]CJProtocolBaseStep.cpp:ReadReport():86|Received 3 bytes from Sample Recognition Camera: 0x23 0x2b 0x0d[EOL]
[2026-09-22T08:31:04.393409Z][RH.newgen-samplerecognitioncamera][I][2800074][137]CSendAllConfigStringsStep.cpp:DoStep():67|Sending cmd: <TEAN8CHEC 0!>[EOL]
[2026-09-22T08:31:04.393426Z][RH.newgen-samplerecognitioncamera][I][2800030][137]CJProtocolBaseStep.cpp:DoStep():64|Sending 14 bytes to Sample Recognition Camera: 0x23 0x54 0x45 0x41 0x4e 0x38 0x43 0x48 0x45 0x43 0x20 0x30 0x21 0x0d[EOL]
[2026-09-22T08:31:04.395277Z][RH.newgen-samplerecognitioncamera][I][2800028][137]CJProtocolBaseStep.cpp:ReadReport():86|Received 3 bytes from Sample Recognition Camera: 0x23 0x2b 0x0d[EOL]
[2026-09-22T08:31:04.395311Z][RH.newgen-samplerecognitioncamera][I][2800074][137]CSendAllConfigStringsStep.cpp:DoStep():67|Sending cmd: <TEANADD2 0!>[EOL]
[2026-09-22T08:31:04.395321Z][RH.newgen-samplerecognitioncamera][I][2800030][137]CJProtocolBaseStep.cpp:DoStep():64|Sending 13 bytes to Sample Recognition Camera: 0x23 0x54 0x45 0x41 0x4e 0x41 0x44 0x44 0x32 0x20 0x30 0x21 0x0d[EOL]
[2026-09-22T08:31:04.397432Z][RH.newgen-samplerecognitioncamera][I][2800028][137]CJProtocolBaseStep.cpp:ReadReport():86|Received 3 bytes from Sample Recognition Camera: 0x23 0x2b 0x0d[EOL]
[2026-09-22T08:31:04.397491Z][RH.newgen-samplerecognitioncamera][I][2800074][137]CSendAllConfigStringsStep.cpp:DoStep():67|Sending cmd: <TEANADD5 0!>[EOL]
[2026-09-22T08:31:04.397504Z][RH.newgen-samplerecognitioncamera][I][2800030][137]CJProtocolBaseStep.cpp:DoStep():64|Sending 13 bytes to Sample Recognition Camera: 0x23 0x54 0x45 0x41 0x4e 0x41 0x44 0x44 0x35 0x20 0x30 0x21 0x0d[EOL]
[2026-09-22T08:31:04.399552Z][RH.newgen-samplerecognitioncamera][I][2800028][137]CJProtocolBaseStep.cpp:ReadReport():86|Received 3 bytes from Sample Recognition Camera: 0x23 0x2b 0x0d[EOL]
[2026-09-22T08:31:04.399598Z][RH.newgen-samplerecognitioncamera][I][2800074][137]CSendAllConfigStringsStep.cpp:DoStep():67|Sending cmd: <TEAN8MAXL 7!>[EOL]
[2026-09-22T08:31:04.399608Z][RH.newgen-samplerecognitioncamera][I][2800030][137]CJProtocolBaseStep.cpp:DoStep():64|Sending 14 bytes to Sample Recognition Camera: 0x23 0x54 0x45 0x41 0x4e 0x38 0x4d 0x41 0x58 0x4c 0x20 0x37 0x21 0x0d[EOL]
[2026-09-22T08:31:04.401144Z][RH.newgen-samplerecognitioncamera][I][2800028][137]CJProtocolBaseStep.cpp:ReadReport():86|Received 3 bytes from Sample Recognition Camera: 0x23 0x2b 0x0d[EOL]
[2026-09-22T08:31:04.401183Z][RH.newgen-samplerecognitioncamera][I][2800074][137]CSendAllConfigStringsStep.cpp:DoStep():67|Sending cmd: <TEAN8MINL 7!>[EOL]
[2026-09-22T08:31:04.401192Z][RH.newgen-samplerecognitioncamera][I][2800030][137]CJProtocolBaseStep.cpp:DoStep():64|Sending 14 bytes to Sample Recognition Camera: 0x23 0x54 0x45 0x41 0x4e 0x38 0x4d 0x49 0x4e 0x4c 0x20 0x37 0x21 0x0d[EOL]
[2026-09-22T08:31:04.403227Z][RH.newgen-samplerecognitioncamera][I][2800028][137]CJProtocolBaseStep.cpp:ReadReport():86|Received 3 bytes from Sample Recognition Camera: 0x23 0x2b 0x0d[EOL]
[2026-09-22T08:31:04.403574Z][RH.newgen-samplerecognitioncamera][I][2800012][137]CASStateMachine.cpp:ReportStateChange():120|State changed to 4 (from 5)[EOL]
[2026-09-22T08:31:04.403605Z][RH.newgen-samplerecognitioncamera][N][2330072][137]CMessageBrokerEventHelper.cpp:SendModuleStateChangedEvent():34|Raise ModuleStateChanged Event: OriginatorId 0, ModuleState ModuleState_Ready (4), OldModuleState ModuleState_Communicating (5)[EOL]
[2026-09-22T08:31:04.404444Z][RH.newgen-samplerecognitioncamera][I][2800077][137]CSetBarcodeConfigurationProcedure.cpp:SetParameter():28|Procedure SetBarcodeConfiguration loaded. Parameters: [EOL]
[2026-09-22T08:31:04.404818Z][RH.newgen-samplerecognitioncamera][I][2800012][137]CASStateMachine.cpp:ReportStateChange():120|State changed to 5 (from 4)[EOL]
[2026-09-22T08:31:04.404840Z][RH.newgen-samplerecognitioncamera][N][2330072][137]CMessageBrokerEventHelper.cpp:SendModuleStateChangedEvent():34|Raise ModuleStateChanged Event: OriginatorId 0, ModuleState ModuleState_Communicating (5), OldModuleState ModuleState_Ready (4)[EOL]
[2026-09-22T08:31:04.405078Z][RH.newgen-samplerecognitioncamera][I][2800075][137]CSetBarcodeConfigurationJadakProcedure.cpp:SetParameter():39|SetBarcodeConfiguration called with parameters: BarcodeType <6>, IsEnabled <0>, BarcodeChecksum <2>, MinLength <12>, MaxLength <12>, Xmit <1>, HasAdd2 <0>, HasAdd5 <0>[EOL]
[2026-09-22T08:31:04.405093Z][RH.newgen-samplerecognitioncamera][I][2800077][137]CSetBarcodeConfigurationJadakProcedure.cpp:SetParameter():83|Procedure SetBarcodeConfiguration loaded. Parameters: BarcodeType: #006IsEnabled: [EOL]
[2026-09-22T08:31:04.404235Z][RH.newgen-rackhandler][I][1780083][155]CSetBarcodeConfigurationProcedure.cpp:SetParameter():41|Procedure ProcTypeId_SetBarcodeConfiguration (1780023) loaded. Parameters: BarcodeType = BarcodeType_TubeBarcodeEAN13 (6); EnableBarcodeType = false; BarcodeChecksum = BarcodeChecksum_Mod10 (2); MinLength = 12; MaxLength = 12; Xmit = Xmit_TransmitDisabled (1); HasAdd2 = false; HasAdd5 = false; [EOL]
[2026-09-22T08:31:04.407127Z][RH.newgen-samplerecognitioncamera][I][2800047][137]CValidateConfigurationStep.cpp:DoStep():47|Barcode parameters valid.[EOL]
[2026-09-22T08:31:04.407169Z][RH.newgen-samplerecognitioncamera][I][2800074][137]CSendAllConfigStringsStep.cpp:DoStep():67|Sending cmd: <TEAN13ENAB 0!>[EOL]
[2026-09-22T08:31:04.407179Z][RH.newgen-samplerecognitioncamera][I][2800030][137]CJProtocolBaseStep.cpp:DoStep():64|Sending 15 bytes to Sample Recognition Camera: 0x23 0x54 0x45 0x41 0x4e 0x31 0x33 0x45 0x4e 0x41 0x42 0x20 0x30 0x21 0x0d[EOL]
[2026-09-22T08:31:04.410275Z][RH.newgen-samplerecognitioncamera][I][2800028][137]CJProtocolBaseStep.cpp:ReadReport():86|Received 3 bytes from Sample Recognition Camera: 0x23 0x2b 0x0d[EOL]
[2026-09-22T08:31:04.410348Z][RH.newgen-samplerecognitioncamera][I][2800074][137]CSendAllConfigStringsStep.cpp:DoStep():67|Sending cmd: <TEAN13CHEC 0!>[EOL]
[2026-09-22T08:31:04.410363Z][RH.newgen-samplerecognitioncamera][I][2800030][137]CJProtocolBaseStep.cpp:DoStep():64|Sending 15 bytes to Sample Recognition Camera: 0x23 0x54 0x45 0x41 0x4e 0x31 0x33 0x43 0x48 0x45 0x43 0x20 0x30 0x21 0x0d[EOL]
[2026-09-22T08:31:04.413321Z][RH.newgen-samplerecognitioncamera][I][2800028][137]CJProtocolBaseStep.cpp:ReadReport():86|Received 3 bytes from Sample Recognition Camera: 0x23 0x2b 0x0d[EOL]
[2026-09-22T08:31:04.413372Z][RH.newgen-samplerecognitioncamera][I][2800074][137]CSendAllConfigStringsStep.cpp:DoStep():67|Sending cmd: <TEANADD2 0!>[EOL]
[2026-09-22T08:31:04.413386Z][RH.newgen-samplerecognitioncamera][I][2800030][137]CJProtocolBaseStep.cpp:DoStep():64|Sending 13 bytes to Sample Recognition Camera: 0x23 0x54 0x45 0x41 0x4e 0x41 0x44 0x44 0x32 0x20 0x30 0x21 0x0d[EOL]
[2026-09-22T08:31:04.452164Z][RH.newgen-samplerecognitioncamera][W][2330306][137]CRTCyclicEvent.cpp:TimeMissed():101|Cycle miss in event CCSICombinedCmdManager Cyclic Event. Time Overrun is 18054 us[EOL]
[2026-09-22T08:31:04.452242Z][RH.newgen-samplerecognitioncamera][W][2330306][137]CRTCyclicEvent.cpp:TimeMissed():101|Cycle miss in event CCSICombinedRepManager. Time Overrun is 18054 us[EOL]
[2026-09-22T08:31:04.452920Z][RH.newgen-samplerecognitioncamera][I][2800028][137]CJProtocolBaseStep.cpp:ReadReport():86|Received 3 bytes from Sample Recognition Camera: 0x23 0x2b 0x0d[EOL]
[2026-09-22T08:31:04.452989Z][RH.newgen-samplerecognitioncamera][I][2800074][137]CSendAllConfigStringsStep.cpp:DoStep():67|Sending cmd: <TEANADD5 0!>[EOL]
[2026-09-22T08:31:04.452999Z][RH.newgen-samplerecognitioncamera][I][2800030][137]CJProtocolBaseStep.cpp:DoStep():64|Sending 13 bytes to Sample Recognition Camera: 0x23 0x54 0x45 0x41 0x4e 0x41 0x44 0x44 0x35 0x20 0x30 0x21 0x0d[EOL]
[2026-09-22T08:31:04.456178Z][RH.newgen-samplerecognitioncamera][I][2800028][137]CJProtocolBaseStep.cpp:ReadReport():86|Received 3 bytes from Sample Recognition Camera: 0x23 0x2b 0x0d[EOL]
[2026-09-22T08:31:04.456216Z][RH.newgen-samplerecognitioncamera][I][2800074][137]CSendAllConfigStringsStep.cpp:DoStep():67|Sending cmd: <TEAN13MAXL 12!>[EOL]
[2026-09-22T08:31:04.456227Z][RH.newgen-samplerecognitioncamera][I][2800030][137]CJProtocolBaseStep.cpp:DoStep():64|Sending 16 bytes to Sample Recognition Camera: 0x23 0x54 0x45 0x41 0x4e 0x31 0x33 0x4d 0x41 0x58 0x4c 0x20 0x31 0x32 0x21 0x0d[EOL]
[2026-09-22T08:31:04.458140Z][RH.newgen-samplerecognitioncamera][I][2800028][137]CJProtocolBaseStep.cpp:ReadReport():86|Received 3 bytes from Sample Recognition Camera: 0x23 0x2b 0x0d[EOL]
[2026-09-22T08:31:04.458235Z][RH.newgen-samplerecognitioncamera][I][2800074][137]CSendAllConfigStringsStep.cpp:DoStep():67|Sending cmd: <TEAN13MINL 12!>[EOL]
[2026-09-22T08:31:04.458255Z][RH.newgen-samplerecognitioncamera][I][2800030][137]CJProtocolBaseStep.cpp:DoStep():64|Sending 16 bytes to Sample Recognition Camera: 0x23 0x54 0x45 0x41 0x4e 0x31 0x33 0x4d 0x49 0x4e 0x4c 0x20 0x31 0x32 0x21 0x0d[EOL]
[2026-09-22T08:31:04.460222Z][RH.newgen-samplerecognitioncamera][I][2800028][137]CJProtocolBaseStep.cpp:ReadReport():86|Received 3 bytes from Sample Recognition Camera: 0x23 0x2b 0x0d[EOL]
[2026-09-22T08:31:04.460474Z][RH.newgen-samplerecognitioncamera][I][2800012][137]CASStateMachine.cpp:ReportStateChange():120|State changed to 4 (from 5)[EOL]
[2026-09-22T08:31:04.460510Z][RH.newgen-samplerecognitioncamera][N][2330072][137]CMessageBrokerEventHelper.cpp:SendModuleStateChangedEvent():34|Raise ModuleStateChanged Event: OriginatorId 0, ModuleState ModuleState_Ready (4), OldModuleState ModuleState_Communicating (5)[EOL]
[2026-09-22T08:31:04.461289Z][RH.newgen-rackhandler][I][1780083][155]CSetBarcodeConfigurationProcedure.cpp:SetParameter():41|Procedure ProcTypeId_SetBarcodeConfiguration (1780023) loaded. Parameters: BarcodeType = BarcodeType_TubeBarcodeC39 (2); EnableBarcodeType = false; BarcodeChecksum = BarcodeChecksum_None (1); MinLength = 1; MaxLength = 23; Xmit = Xmit_TransmitDisabled (1); HasAdd2 = false; HasAdd5 = false; [EOL]
[2026-09-22T08:31:04.461639Z][RH.newgen-samplerecognitioncamera][I][2800077][137]CSetBarcodeConfigurationProcedure.cpp:SetParameter():28|Procedure SetBarcodeConfiguration loaded. Parameters: [EOL]
[2026-09-22T08:31:04.461969Z][RH.newgen-samplerecognitioncamera][I][2800012][137]CASStateMachine.cpp:ReportStateChange():120|State changed to 5 (from 4)[EOL]
[2026-09-22T08:31:04.462050Z][RH.newgen-samplerecognitioncamera][N][2330072][137]CMessageBrokerEventHelper.cpp:SendModuleStateChangedEvent():34|Raise ModuleStateChanged Event: OriginatorId 0, ModuleState ModuleState_Communicating (5), OldModuleState ModuleState_Ready (4)[EOL]
[2026-09-22T08:31:04.462124Z][RH.newgen-samplerecognitioncamera][I][2800075][137]CSetBarcodeConfigurationJadakProcedure.cpp:SetParameter():39|SetBarcodeConfiguration called with parameters: BarcodeType <2>, IsEnabled <0>, BarcodeChecksum <1>, MinLength <1>, MaxLength <23>, Xmit <1>, HasAdd2 <0>, HasAdd5 <0>[EOL]
[2026-09-22T08:31:04.462133Z][RH.newgen-samplerecognitioncamera][I][2800077][137]CSetBarcodeConfigurationJadakProcedure.cpp:SetParameter():83|Procedure SetBarcodeConfiguration loaded. Parameters: BarcodeType: #002IsEnabled: [EOL]
[2026-09-22T08:31:04.464504Z][RH.newgen-samplerecognitioncamera][I][2800047][137]CValidateConfigurationStep.cpp:DoStep():47|Barcode parameters valid.[EOL]
[2026-09-22T08:31:04.464586Z][RH.newgen-samplerecognitioncamera][I][2800074][137]CSendAllConfigStringsStep.cpp:DoStep():67|Sending cmd: <TC39ENAB 0!>[EOL]
[2026-09-22T08:31:04.464604Z][RH.newgen-samplerecognitioncamera][I][2800030][137]CJProtocolBaseStep.cpp:DoStep():64|Sending 13 bytes to Sample Recognition Camera: 0x23 0x54 0x43 0x33 0x39 0x45 0x4e 0x41 0x42 0x20 0x30 0x21 0x0d[EOL]
[2026-09-22T08:31:04.466240Z][RH.newgen-samplerecognitioncamera][I][2800028][137]CJProtocolBaseStep.cpp:ReadReport():86|Received 3 bytes from Sample Recognition Camera: 0x23 0x2b 0x0d[EOL]
[2026-09-22T08:31:04.466333Z][RH.newgen-samplerecognitioncamera][I][2800074][137]CSendAllConfigStringsStep.cpp:DoStep():67|Sending cmd: <TC39CHEC 0!>[EOL]
[2026-09-22T08:31:04.466352Z][RH.newgen-samplerecognitioncamera][I][2800030][137]CJProtocolBaseStep.cpp:DoStep():64|Sending 13 bytes to Sample Recognition Camera: 0x23 0x54 0x43 0x33 0x39 0x43 0x48 0x45 0x43 0x20 0x30 0x21 0x0d[EOL]
[2026-09-22T08:31:04.468297Z][RH.newgen-samplerecognitioncamera][I][2800028][137]CJProtocolBaseStep.cpp:ReadReport():86|Received 3 bytes from Sample Recognition Camera: 0x23 0x2b 0x0d[EOL]
[2026-09-22T08:31:04.468364Z][RH.newgen-samplerecognitioncamera][I][2800074][137]CSendAllConfigStringsStep.cpp:DoStep():67|Sending cmd: <TC39XMIT 0!>[EOL]
[2026-09-22T08:31:04.468379Z][RH.newgen-samplerecognitioncamera][I][2800030][137]CJProtocolBaseStep.cpp:DoStep():64|Sending 13 bytes to Sample Recognition Camera: 0x23 0x54 0x43 0x33 0x39 0x58 0x4d 0x49 0x54 0x20 0x30 0x21 0x0d[EOL]
[2026-09-22T08:31:04.471362Z][RH.newgen-samplerecognitioncamera][I][2800028][137]CJProtocolBaseStep.cpp:ReadReport():86|Received 3 bytes from Sample Recognition Camera: 0x23 0x2b 0x0d[EOL]
[2026-09-22T08:31:04.471480Z][RH.newgen-samplerecognitioncamera][I][2800074][137]CSendAllConfigStringsStep.cpp:DoStep():67|Sending cmd: <TC39MAXL 23!>[EOL]
[2026-09-22T08:31:04.471500Z][RH.newgen-samplerecognitioncamera][I][2800030][137]CJProtocolBaseStep.cpp:DoStep():64|Sending 14 bytes to Sample Recognition Camera: 0x23 0x54 0x43 0x33 0x39 0x4d 0x41 0x58 0x4c 0x20 0x32 0x33 0x21 0x0d[EOL]
[2026-09-22T08:31:04.473265Z][RH.newgen-samplerecognitioncamera][I][2800028][137]CJProtocolBaseStep.cpp:ReadReport():86|Received 3 bytes from Sample Recognition Camera: 0x23 0x2b 0x0d[EOL]
[2026-09-22T08:31:04.473331Z][RH.newgen-samplerecognitioncamera][I][2800074][137]CSendAllConfigStringsStep.cpp:DoStep():67|Sending cmd: <TC39MINL 1!>[EOL]
[2026-09-22T08:31:04.473348Z][RH.newgen-samplerecognitioncamera][I][2800030][137]CJProtocolBaseStep.cpp:DoStep():64|Sending 13 bytes to Sample Recognition Camera: 0x23 0x54 0x43 0x33 0x39 0x4d 0x49 0x4e 0x4c 0x20 0x31 0x21 0x0d[EOL]
[2026-09-22T08:31:04.475164Z][RH.newgen-samplerecognitioncamera][I][2800028][137]CJProtocolBaseStep.cpp:ReadReport():86|Received 3 bytes from Sample Recognition Camera: 0x23 0x2b 0x0d[EOL]
[2026-09-22T08:31:04.475491Z][RH.newgen-samplerecognitioncamera][I][2800012][137]CASStateMachine.cpp:ReportStateChange():120|State changed to 4 (from 5)[EOL]
[2026-09-22T08:31:04.475570Z][RH.newgen-samplerecognitioncamera][N][2330072][137]CMessageBrokerEventHelper.cpp:SendModuleStateChangedEvent():34|Raise ModuleStateChanged Event: OriginatorId 0, ModuleState ModuleState_Ready (4), OldModuleState ModuleState_Communicating (5)[EOL]
[2026-09-22T08:31:04.477130Z][RH.newgen-rackhandler][I][1780083][155]CSetBarcodeConfigurationProcedure.cpp:SetParameter():41|Procedure ProcTypeId_SetBarcodeConfiguration (1780023) loaded. Parameters: BarcodeType = BarcodeType_TubeBarcodeC93 (7); EnableBarcodeType = false; BarcodeChecksum = BarcodeChecksum_None (1); MinLength = 1; MaxLength = 23; Xmit = Xmit_TransmitDisabled (1); HasAdd2 = false; HasAdd5 = false; [EOL]
[2026-09-22T08:31:04.477496Z][RH.newgen-samplerecognitioncamera][I][2800077][137]CSetBarcodeConfigurationProcedure.cpp:SetParameter():28|Procedure SetBarcodeConfiguration loaded. Parameters: [EOL]
[2026-09-22T08:31:04.477823Z][RH.newgen-samplerecognitioncamera][I][2800012][137]CASStateMachine.cpp:ReportStateChange():120|State changed to 5 (from 4)[EOL]
[2026-09-22T08:31:04.477857Z][RH.newgen-samplerecognitioncamera][N][2330072][137]CMessageBrokerEventHelper.cpp:SendModuleStateChangedEvent():34|Raise ModuleStateChanged Event: OriginatorId 0, ModuleState ModuleState_Communicating (5), OldModuleState ModuleState_Ready (4)[EOL]
[2026-09-22T08:31:04.477953Z][RH.newgen-samplerecognitioncamera][I][2800075][137]CSetBarcodeConfigurationJadakProcedure.cpp:SetParameter():39|SetBarcodeConfiguration called with parameters: BarcodeType <7>, IsEnabled <0>, BarcodeChecksum <1>, MinLength <1>, MaxLength <23>, Xmit <1>, HasAdd2 <0>, HasAdd5 <0>[EOL]
[2026-09-22T08:31:04.478002Z][RH.newgen-samplerecognitioncamera][I][2800077][137]CSetBarcodeConfigurationJadakProcedure.cpp:SetParameter():83|Procedure SetBarcodeConfiguration loaded. Parameters: BarcodeType: #007IsEnabled: [EOL]
[2026-09-22T08:31:04.480421Z][RH.newgen-samplerecognitioncamera][I][2800047][137]CValidateConfigurationStep.cpp:DoStep():47|Barcode parameters valid.[EOL]
[2026-09-22T08:31:04.480472Z][RH.newgen-samplerecognitioncamera][I][2800074][137]CSendAllConfigStringsStep.cpp:DoStep():67|Sending cmd: <T93ENAB 0!>[EOL]
[2026-09-22T08:31:04.480488Z][RH.newgen-samplerecognitioncamera][I][2800030][137]CJProtocolBaseStep.cpp:DoStep():64|Sending 12 bytes to Sample Recognition Camera: 0x23 0x54 0x39 0x33 0x45 0x4e 0x41 0x42 0x20 0x30 0x21 0x0d[EOL]
[2026-09-22T08:31:04.482202Z][RH.newgen-samplerecognitioncamera][I][2800028][137]CJProtocolBaseStep.cpp:ReadReport():86|Received 3 bytes from Sample Recognition Camera: 0x23 0x2b 0x0d[EOL]
[2026-09-22T08:31:04.482353Z][RH.newgen-samplerecognitioncamera][I][2800074][137]CSendAllConfigStringsStep.cpp:DoStep():67|Sending cmd: <T93MAXL 23!>[EOL]
[2026-09-22T08:31:04.482371Z][RH.newgen-samplerecognitioncamera][I][2800030][137]CJProtocolBaseStep.cpp:DoStep():64|Sending 13 bytes to Sample Recognition Camera: 0x23 0x54 0x39 0x33 0x4d 0x41 0x58 0x4c 0x20 0x32 0x33 0x21 0x0d[EOL]
[2026-09-22T08:31:04.484958Z][RH.newgen-samplerecognitioncamera][I][2800028][137]CJProtocolBaseStep.cpp:ReadReport():86|Received 3 bytes from Sample Recognition Camera: 0x23 0x2b 0x0d[EOL]
[2026-09-22T08:31:04.485016Z][RH.newgen-samplerecognitioncamera][I][2800074][137]CSendAllConfigStringsStep.cpp:DoStep():67|Sending cmd: <T93MINL 1!>[EOL]
[2026-09-22T08:31:04.485028Z][RH.newgen-samplerecognitioncamera][I][2800030][137]CJProtocolBaseStep.cpp:DoStep():64|Sending 12 bytes to Sample Recognition Camera: 0x23 0x54 0x39 0x33 0x4d 0x49 0x4e 0x4c 0x20 0x31 0x21 0x0d[EOL]
[2026-09-22T08:31:04.487131Z][RH.newgen-samplerecognitioncamera][I][2800028][137]CJProtocolBaseStep.cpp:ReadReport():86|Received 3 bytes from Sample Recognition Camera: 0x23 0x2b 0x0d[EOL]
[2026-09-22T08:31:04.487268Z][RH.newgen-samplerecognitioncamera][I][2800012][137]CASStateMachine.cpp:ReportStateChange():120|State changed to 4 (from 5)[EOL]
[2026-09-22T08:31:04.487281Z][RH.newgen-samplerecognitioncamera][N][2330072][137]CMessageBrokerEventHelper.cpp:SendModuleStateChangedEvent():34|Raise ModuleStateChanged Event: OriginatorId 0, ModuleState ModuleState_Ready (4), OldModuleState ModuleState_Communicating (5)[EOL]
[2026-09-22T08:31:04.487763Z][RH.newgen-rackhandler][I][1780083][155]CSetBarcodeConfigurationProcedure.cpp:SetParameter():41|Procedure ProcTypeId_SetBarcodeConfiguration (1780023) loaded. Parameters: BarcodeType = BarcodeType_TubeBarcode128 (1); EnableBarcodeType = true; BarcodeChecksum = BarcodeChecksum_None (1); MinLength = 4; MaxLength = 23; Xmit = Xmit_TransmitDisabled (1); HasAdd2 = false; HasAdd5 = false; [EOL]
[2026-09-22T08:31:04.487918Z][RH.newgen-samplerecognitioncamera][I][2800077][137]CSetBarcodeConfigurationProcedure.cpp:SetParameter():28|Procedure SetBarcodeConfiguration loaded. Parameters: [EOL]
[2026-09-22T08:31:04.488616Z][RH.newgen-samplerecognitioncamera][I][2800012][137]CASStateMachine.cpp:ReportStateChange():120|State changed to 5 (from 4)[EOL]
[2026-09-22T08:31:04.488637Z][RH.newgen-samplerecognitioncamera][N][2330072][137]CMessageBrokerEventHelper.cpp:SendModuleStateChangedEvent():34|Raise ModuleStateChanged Event: OriginatorId 0, ModuleState ModuleState_Communicating (5), OldModuleState ModuleState_Ready (4)[EOL]
[2026-09-22T08:31:04.488702Z][RH.newgen-samplerecognitioncamera][I][2800075][137]CSetBarcodeConfigurationJadakProcedure.cpp:SetParameter():39|SetBarcodeConfiguration called with parameters: BarcodeType <1>, IsEnabled <1>, BarcodeChecksum <1>, MinLength <4>, MaxLength <23>, Xmit <1>, HasAdd2 <0>, HasAdd5 <0>[EOL]
[2026-09-22T08:31:04.488717Z][RH.newgen-samplerecognitioncamera][I][2800077][137]CSetBarcodeConfigurationJadakProcedure.cpp:SetParameter():83|Procedure SetBarcodeConfiguration loaded. Parameters: BarcodeType: #001IsEnabled: #001BarcodeChecksum: #001MinLength: #004MaxLength: #027Xmit: #001HasAdd2: [EOL]
[2026-09-22T08:31:04.490469Z][RH.newgen-samplerecognitioncamera][I][2800047][137]CValidateConfigurationStep.cpp:DoStep():47|Barcode parameters valid.[EOL]
[2026-09-22T08:31:04.490511Z][RH.newgen-samplerecognitioncamera][I][2800074][137]CSendAllConfigStringsStep.cpp:DoStep():67|Sending cmd: <T128ENAB 1!>[EOL]
[2026-09-22T08:31:04.490522Z][RH.newgen-samplerecognitioncamera][I][2800030][137]CJProtocolBaseStep.cpp:DoStep():64|Sending 13 bytes to Sample Recognition Camera: 0x23 0x54 0x31 0x32 0x38 0x45 0x4e 0x41 0x42 0x20 0x31 0x21 0x0d[EOL]
[2026-09-22T08:31:04.493375Z][RH.newgen-samplerecognitioncamera][I][2800028][137]CJProtocolBaseStep.cpp:ReadReport():86|Received 3 bytes from Sample Recognition Camera: 0x23 0x2b 0x0d[EOL]
[2026-09-22T08:31:04.493442Z][RH.newgen-samplerecognitioncamera][I][2800074][137]CSendAllConfigStringsStep.cpp:DoStep():67|Sending cmd: <T128MAXL 23!>[EOL]
[2026-09-22T08:31:04.493525Z][RH.newgen-samplerecognitioncamera][I][2800030][137]CJProtocolBaseStep.cpp:DoStep():64|Sending 14 bytes to Sample Recognition Camera: 0x23 0x54 0x31 0x32 0x38 0x4d 0x41 0x58 0x4c 0x20 0x32 0x33 0x21 0x0d[EOL]
[2026-09-22T08:31:04.495446Z][RH.newgen-samplerecognitioncamera][I][2800028][137]CJProtocolBaseStep.cpp:ReadReport():86|Received 3 bytes from Sample Recognition Camera: 0x23 0x2b 0x0d[EOL]
[2026-09-22T08:31:04.495508Z][RH.newgen-samplerecognitioncamera][I][2800074][137]CSendAllConfigStringsStep.cpp:DoStep():67|Sending cmd: <T128MINL 4!>[EOL]
[2026-09-22T08:31:04.495522Z][RH.newgen-samplerecognitioncamera][I][2800030][137]CJProtocolBaseStep.cpp:DoStep():64|Sending 13 bytes to Sample Recognition Camera: 0x23 0x54 0x31 0x32 0x38 0x4d 0x49 0x4e 0x4c 0x20 0x34 0x21 0x0d[EOL]
[2026-09-22T08:31:04.498851Z][RH.newgen-samplerecognitioncamera][I][2800028][137]CJProtocolBaseStep.cpp:ReadReport():86|Received 3 bytes from Sample Recognition Camera: 0x23 0x2b 0x0d[EOL]
[2026-09-22T08:31:04.499107Z][RH.newgen-samplerecognitioncamera][I][2800012][137]CASStateMachine.cpp:ReportStateChange():120|State changed to 4 (from 5)[EOL]
[2026-09-22T08:31:04.499133Z][RH.newgen-samplerecognitioncamera][N][2330072][137]CMessageBrokerEventHelper.cpp:SendModuleStateChangedEvent():34|Raise ModuleStateChanged Event: OriginatorId 0, ModuleState ModuleState_Ready (4), OldModuleState ModuleState_Communicating (5)[EOL]
[2026-09-22T08:31:04.499808Z][RH.newgen-rackhandler][I][844444436][155]UnitCommunicator.cpp:SendEvent():424|Publishing event: type=Roche.c68_8800.RackHandler.TubeBarcodesConfigured correlation_id=(n/a)[EOL]
[2026-09-22T08:31:04.499863Z][RH.newgen-rackhandler][I][2560017][155]MessageSender.h:SendEvent():105|Sent RabbitMqEvent Roche.c68_8800.RackHandler.TubeBarcodesConfigured. Content: {"Timestamp":"2026-09-22T08:31:04.499774Z"}[EOL]
[2026-09-22T08:31:04.500068Z][RH.newgen-rackhandler][I][844444436][155]UnitCommunicator.cpp:SendEvent():424|Publishing event: type=Roche.c68_8800.RackHandler.RackScannerStateChanged correlation_id=(n/a)[EOL]
[2026-09-22T08:31:04.500148Z][RH.newgen-rackhandler][I][2560017][155]MessageSender.h:SendEvent():105|Sent RabbitMqEvent Roche.c68_8800.RackHandler.RackScannerStateChanged. Content: {"Timestamp":"2026-09-22T08:31:04.500019Z","TraceContext":"00-1f5c99889c9956f831fa4020f558e5b1-d317550fc88a78e2-01","OldState":"Busy","NewState":"Ready"}[EOL]
[2026-09-22T08:31:04.964912Z][RH.transfer-xyz-gripper][W][2330306][136]CRTCyclicEvent.cpp:TimeMissed():101|Cycle miss in event CCSICombinedCmdManager Cyclic Event. Time Overrun is 15665 us[EOL]
[2026-09-22T08:31:04.964943Z][RH.transfer-xyz-gripper][W][2330306][136]CRTCyclicEvent.cpp:TimeMissed():101|Cycle miss in event CCSICombinedRepManager. Time Overrun is 15665 us[EOL]
[2026-09-22T08:31:06.584515Z][RH.newgen-samplerecognitioncamera][W][2330306][137]CRTCyclicEvent.cpp:TimeMissed():101|Cycle miss in event CCSICombinedCmdManager Cyclic Event. Time Overrun is 20406 us[EOL]
[2026-09-22T08:31:06.584553Z][RH.newgen-samplerecognitioncamera][W][2330306][137]CRTCyclicEvent.cpp:TimeMissed():101|Cycle miss in event CCSICombinedRepManager. Time Overrun is 20406 us[EOL]
[2026-09-22T08:31:07.033227Z][RH.newgen-samplerecognitioncamera][W][2330306][137]CRTCyclicEvent.cpp:TimeMissed():101|Cycle miss in event CCSICombinedCmdManager Cyclic Event. Time Overrun is 9117 us[EOL]
[2026-09-22T08:31:07.033267Z][RH.newgen-samplerecognitioncamera][W][2330306][137]CRTCyclicEvent.cpp:TimeMissed():101|Cycle miss in event CCSICombinedRepManager. Time Overrun is 9117 us[EOL]
[2026-09-22T08:31:07.080971Z][RH.transfer-xyz-gripper][W][2330306][136]CRTCyclicEvent.cpp:TimeMissed():101|Cycle miss in event CCSICombinedCmdManager Cyclic Event. Time Overrun is 1722 us[EOL]
[2026-09-22T08:31:07.081031Z][RH.transfer-xyz-gripper][W][2330306][136]CRTCyclicEvent.cpp:TimeMissed():101|Cycle miss in event CCSICombinedRepManager. Time Overrun is 1722 us[EOL]
[2026-09-22T08:31:08.284419Z][RH.newgen-samplerecognitioncamera][W][2330306][137]CRTCyclicEvent.cpp:TimeMissed():101|Cycle miss in event CCSICombinedCmdManager Cyclic Event. Time Overrun is 20310 us[EOL]
[2026-09-22T08:31:08.284443Z][RH.newgen-samplerecognitioncamera][W][2330306][137]CRTCyclicEvent.cpp:TimeMissed():101|Cycle miss in event CCSICombinedRepManager. Time Overrun is 20310 us[EOL]
[2026-09-22T08:31:10.284689Z][RH.transfer-xyz-gripper][W][2330306][136]CRTCyclicEvent.cpp:TimeMissed():101|Cycle miss in event CCSICombinedCmdManager Cyclic Event. Time Overrun is 15443 us[EOL]
[2026-09-22T08:31:10.284728Z][RH.transfer-xyz-gripper][W][2330306][136]CRTCyclicEvent.cpp:TimeMissed():101|Cycle miss in event CCSICombinedRepManager. Time Overrun is 15443 us[EOL]
[2026-09-22T08:31:10.389350Z][RH.newgen-rackhandler][W][2330306][155]CRTCyclicEvent.cpp:TimeMissed():101|Cycle miss in event CCSICombinedCmdManager Cyclic Event. Time Overrun is 89 us[EOL]
[2026-09-22T08:31:10.478855Z][RH.transfer-xyz-gripper][W][2330306][136]CRTCyclicEvent.cpp:TimeMissed():101|Cycle miss in event CCSICombinedCmdManager Cyclic Event. Time Overrun is 8174 us[EOL]
[2026-09-22T08:31:10.478951Z][RH.transfer-xyz-gripper][W][2330306][136]CRTCyclicEvent.cpp:TimeMissed():101|Cycle miss in event CCSICombinedRepManager. Time Overrun is 8174 us[EOL]
[2026-09-22T08:31:10.724465Z][RH.newgen-samplerecognitioncamera][W][2330306][137]CRTCyclicEvent.cpp:TimeMissed():101|Cycle miss in event CCSICombinedCmdManager Cyclic Event. Time Overrun is 357 us[EOL]
[2026-09-22T08:31:10.724491Z][RH.newgen-samplerecognitioncamera][W][2330306][137]CRTCyclicEvent.cpp:TimeMissed():101|Cycle miss in event CCSICombinedRepManager. Time Overrun is 357 us[EOL]
[2026-09-22T08:31:10.770310Z][RH.transfer-xyz-gripper][W][2330306][136]CRTCyclicEvent.cpp:TimeMissed():101|Cycle miss in event CCSICombinedCmdManager Cyclic Event. Time Overrun is 1060 us[EOL]
[2026-09-22T08:31:10.770359Z][RH.transfer-xyz-gripper][W][2330306][136]CRTCyclicEvent.cpp:TimeMissed():101|Cycle miss in event CCSICombinedRepManager. Time Overrun is 1060 us[EOL]
[2026-09-22T08:31:12.158416Z][RH.newgen-rackhandler][I][2560016][155]IMessageHandler.h:operator()():40|Received RabbitMqMessage Roche.c68_8800.InstrumentState.InstrumentStateChanged. Content: {"Timestamp":"2026-09-22T08:31:12.1379686Z","TraceContext":"00-096a14d08ddfa8652d114d8f390ec520-0d37330fa2f71cf3-01","OldState":"Initializing","NewState":"Standby"}[EOL]
[2026-09-22T08:31:12.158474Z][RH.newgen-rackhandler][I][2560016][155]IMessageHandler.h:operator()():53|Received RabbitMqMessage Roche.c68_8800.InstrumentState.InstrumentStateChanged. Content: {"Timestamp":"2026-09-22T08:31:12.1379686Z","TraceContext":"00-096a14d08ddfa8652d114d8f390ec520-0d37330fa2f71cf3-01","OldState":"Initializing","NewState":"Standby"}[EOL]
[2026-09-22T08:31:21.588505Z][RH.newgen-samplerecognitioncamera][W][2330306][137]CRTCyclicEvent.cpp:TimeMissed():101|Cycle miss in event CCSICombinedCmdManager Cyclic Event. Time Overrun is 4396 us[EOL]
[2026-09-22T08:31:21.588536Z][RH.newgen-samplerecognitioncamera][W][2330306][137]CRTCyclicEvent.cpp:TimeMissed():101|Cycle miss in event CCSICombinedRepManager. Time Overrun is 4396 us[EOL]
[2026-09-22T08:31:25.104339Z][RH.newgen-samplerecognitioncamera][W][2330306][137]CRTCyclicEvent.cpp:TimeMissed():101|Cycle miss in event CCSICombinedCmdManager Cyclic Event. Time Overrun is 220 us[EOL]
[2026-09-22T08:31:25.104564Z][RH.newgen-samplerecognitioncamera][W][2330306][137]CRTCyclicEvent.cpp:TimeMissed():101|Cycle miss in event CCSICombinedRepManager. Time Overrun is 220 us[EOL]
[2026-09-22T08:31:26.313519Z][RH.transfer-xyz-gripper][W][2330306][136]CRTCyclicEvent.cpp:TimeMissed():101|Cycle miss in event CCSICombinedCmdManager Cyclic Event. Time Overrun is 4272 us[EOL]
[2026-09-22T08:31:26.313541Z][RH.transfer-xyz-gripper][W][2330306][136]CRTCyclicEvent.cpp:TimeMissed():101|Cycle miss in event CCSICombinedRepManager. Time Overrun is 4272 us[EOL]
[2026-09-22T08:31:26.313905Z][RH.newgen-rackhandler][W][2330306][155]CRTCyclicEvent.cpp:TimeMissed():101|Cycle miss in event CCSICombinedCmdManager Cyclic Event. Time Overrun is 4678 us[EOL]
[2026-09-22T08:31:26.316071Z][RH.newgen-samplerecognitioncamera][W][2330306][137]CRTCyclicEvent.cpp:TimeMissed():101|Cycle miss in event CCSICombinedCmdManager Cyclic Event. Time Overrun is 1963 us[EOL]
[2026-09-22T08:31:26.316097Z][RH.newgen-samplerecognitioncamera][W][2330306][137]CRTCyclicEvent.cpp:TimeMissed():101|Cycle miss in event CCSICombinedRepManager. Time Overrun is 1963 us[EOL]
[2026-09-22T08:31:26.474363Z][RH.transfer-xyz-gripper][W][2330306][136]CRTCyclicEvent.cpp:TimeMissed():101|Cycle miss in event CCSICombinedCmdManager Cyclic Event. Time Overrun is 35115 us[EOL]
[2026-09-22T08:31:26.472854Z][RH.newgen-samplerecognitioncamera][W][2330306][137]CRTCyclicEvent.cpp:TimeMissed():101|Cycle miss in event CCSICombinedCmdManager Cyclic Event. Time Overrun is 38747 us[EOL]
[2026-09-22T08:31:26.472872Z][RH.newgen-samplerecognitioncamera][W][2330306][137]CRTCyclicEvent.cpp:TimeMissed():101|Cycle miss in event CCSICombinedRepManager. Time Overrun is 38747 us[EOL]
[2026-09-22T08:31:26.472616Z][RH.newgen-rackhandler][W][2330306][155]CRTCyclicEvent.cpp:TimeMissed():101|Cycle miss in event CCSICombinedCmdManager Cyclic Event. Time Overrun is 33391 us[EOL]
[2026-09-22T08:31:26.474396Z][RH.transfer-xyz-gripper][W][2330306][136]CRTCyclicEvent.cpp:TimeMissed():101|Cycle miss in event CCSICombinedRepManager. Time Overrun is 35115 us[EOL]
[2026-09-22T08:31:27.006488Z][RH.newgen-samplerecognitioncamera][W][2330306][137]CRTCyclicEvent.cpp:TimeMissed():101|Cycle miss in event CCSICombinedCmdManager Cyclic Event. Time Overrun is 2380 us[EOL]
[2026-09-22T08:31:27.006515Z][RH.newgen-samplerecognitioncamera][W][2330306][137]CRTCyclicEvent.cpp:TimeMissed():101|Cycle miss in event CCSICombinedRepManager. Time Overrun is 2380 us[EOL]
[2026-09-22T08:31:27.007372Z][RH.transfer-xyz-gripper][W][2330306][136]CRTCyclicEvent.cpp:TimeMissed():101|Cycle miss in event CCSICombinedCmdManager Cyclic Event. Time Overrun is 8124 us[EOL]
[2026-09-22T08:31:27.007415Z][RH.transfer-xyz-gripper][W][2330306][136]CRTCyclicEvent.cpp:TimeMissed():101|Cycle miss in event CCSICombinedRepManager. Time Overrun is 8124 us[EOL]
[2026-09-22T08:31:27.006306Z][RH.newgen-rackhandler][W][2330306][155]CRTCyclicEvent.cpp:TimeMissed():101|Cycle miss in event CCSICombinedCmdManager Cyclic Event. Time Overrun is 7080 us[EOL]
[2026-09-22T08:31:27.885415Z][RH.newgen-samplerecognitioncamera][W][2330306][137]CRTCyclicEvent.cpp:TimeMissed():101|Cycle miss in event CCSICombinedCmdManager Cyclic Event. Time Overrun is 1306 us[EOL]
[2026-09-22T08:31:27.885450Z][RH.newgen-samplerecognitioncamera][W][2330306][137]CRTCyclicEvent.cpp:TimeMissed():101|Cycle miss in event CCSICombinedRepManager. Time Overrun is 1306 us[EOL]
[2026-09-22T08:31:27.969678Z][RH.newgen-rackhandler][W][2330306][155]CRTCyclicEvent.cpp:TimeMissed():101|Cycle miss in event CCSICombinedCmdManager Cyclic Event. Time Overrun is 451 us[EOL]
[2026-09-22T08:31:28.015951Z][RH.newgen-samplerecognitioncamera][W][2330306][137]CRTCyclicEvent.cpp:TimeMissed():101|Cycle miss in event CCSICombinedCmdManager Cyclic Event. Time Overrun is 1838 us[EOL]
[2026-09-22T08:31:28.015981Z][RH.newgen-samplerecognitioncamera][W][2330306][137]CRTCyclicEvent.cpp:TimeMissed():101|Cycle miss in event CCSICombinedRepManager. Time Overrun is 1838 us[EOL]
[2026-09-22T08:31:28.129165Z][RH.newgen-rackhandler][W][2330306][155]CRTCyclicEvent.cpp:TimeMissed():101|Cycle miss in event CCSICombinedCmdManager Cyclic Event. Time Overrun is 19937 us[EOL]
[2026-09-22T08:31:28.150962Z][RH.transfer-xyz-gripper][W][2330306][136]CRTCyclicEvent.cpp:TimeMissed():101|Cycle miss in event CCSICombinedCmdManager Cyclic Event. Time Overrun is 1685 us[EOL]
[2026-09-22T08:31:28.150574Z][RH.newgen-samplerecognitioncamera][W][2330306][137]CRTCyclicEvent.cpp:TimeMissed():101|Cycle miss in event CCSICombinedCmdManager Cyclic Event. Time Overrun is 6462 us[EOL]
[2026-09-22T08:31:28.150626Z][RH.newgen-samplerecognitioncamera][W][2330306][137]CRTCyclicEvent.cpp:TimeMissed():101|Cycle miss in event CCSICombinedRepManager. Time Overrun is 6462 us[EOL]
[2026-09-22T08:31:28.151010Z][RH.transfer-xyz-gripper][W][2330306][136]CRTCyclicEvent.cpp:TimeMissed():101|Cycle miss in event CCSICombinedRepManager. Time Overrun is 1685 us[EOL]
[2026-09-22T08:31:28.300344Z][RH.transfer-xyz-gripper][W][2330306][136]CRTCyclicEvent.cpp:TimeMissed():101|Cycle miss in event CCSICombinedCmdManager Cyclic Event. Time Overrun is 11094 us[EOL]
[2026-09-22T08:31:28.300387Z][RH.transfer-xyz-gripper][W][2330306][136]CRTCyclicEvent.cpp:TimeMissed():101|Cycle miss in event CCSICombinedRepManager. Time Overrun is 11094 us[EOL]
[2026-09-22T08:31:28.348713Z][RH.newgen-samplerecognitioncamera][W][2330306][137]CRTCyclicEvent.cpp:TimeMissed():101|Cycle miss in event CCSICombinedCmdManager Cyclic Event. Time Overrun is 14603 us[EOL]
[2026-09-22T08:31:28.348748Z][RH.newgen-samplerecognitioncamera][W][2330306][137]CRTCyclicEvent.cpp:TimeMissed():101|Cycle miss in event CCSICombinedRepManager. Time Overrun is 14603 us[EOL]
[2026-09-22T08:31:28.504176Z][RH.newgen-samplerecognitioncamera][W][2330306][137]CRTCyclicEvent.cpp:TimeMissed():101|Cycle miss in event CCSICombinedCmdManager Cyclic Event. Time Overrun is 64 us[EOL]
[2026-09-22T08:31:28.504214Z][RH.newgen-samplerecognitioncamera][W][2330306][137]CRTCyclicEvent.cpp:TimeMissed():101|Cycle miss in event CCSICombinedRepManager. Time Overrun is 64 us[EOL]
[2026-09-22T08:31:28.526867Z][RH.transfer-xyz-gripper][W][2330306][136]CRTCyclicEvent.cpp:TimeMissed():101|Cycle miss in event CCSICombinedCmdManager Cyclic Event. Time Overrun is 17619 us[EOL]
[2026-09-22T08:31:28.526915Z][RH.transfer-xyz-gripper][W][2330306][136]CRTCyclicEvent.cpp:TimeMissed():101|Cycle miss in event CCSICombinedRepManager. Time Overrun is 17619 us[EOL]
[2026-09-22T08:31:28.649349Z][RH.newgen-samplerecognitioncamera][W][2330306][137]CRTCyclicEvent.cpp:TimeMissed():101|Cycle miss in event CCSICombinedCmdManager Cyclic Event. Time Overrun is 15236 us[EOL]
[2026-09-22T08:31:28.649389Z][RH.newgen-samplerecognitioncamera][W][2330306][137]CRTCyclicEvent.cpp:TimeMissed():101|Cycle miss in event CCSICombinedRepManager. Time Overrun is 15236 us[EOL]
[2026-09-22T08:31:28.758484Z][RH.transfer-xyz-gripper][W][2330306][136]CRTCyclicEvent.cpp:TimeMissed():101|Cycle miss in event CCSICombinedCmdManager Cyclic Event. Time Overrun is 19238 us[EOL]
[2026-09-22T08:31:28.758514Z][RH.transfer-xyz-gripper][W][2330306][136]CRTCyclicEvent.cpp:TimeMissed():101|Cycle miss in event CCSICombinedRepManager. Time Overrun is 19238 us[EOL]
[2026-09-22T08:31:28.758506Z][RH.newgen-rackhandler][W][2330306][155]CRTCyclicEvent.cpp:TimeMissed():101|Cycle miss in event CCSICombinedCmdManager Cyclic Event. Time Overrun is 19278 us[EOL]
[2026-09-22T08:31:28.792910Z][RH.newgen-rackhandler][I][2560016][155]IMessageHandler.h:operator()():40|Received RabbitMqMessage Roche.MolLab.InstrumentState.Ping. Content: {"Timestamp":"2026-09-22T08:31:28.6741468Z","PingId":"IS3"}[EOL]
[2026-09-22T08:31:28.792951Z][RH.newgen-rackhandler][I][844444436][155]UnitCommunicator.cpp:SendEvent():424|Publishing event: type=Roche.c68_8800.RackHandler.Echo correlation_id=(n/a)[EOL]
[2026-09-22T08:31:28.792974Z][RH.newgen-rackhandler][I][2560017][155]MessageSender.h:SendEvent():105|Sent RabbitMqEvent Roche.c68_8800.RackHandler.Echo. Content: {"Timestamp":"2026-09-22T08:31:28.792945Z","PingId":"IS3"}[EOL]
[2026-09-22T08:31:28.871373Z][RH.newgen-rackhandler][W][2330306][155]CRTCyclicEvent.cpp:TimeMissed():101|Cycle miss in event CCSICombinedCmdManager Cyclic Event. Time Overrun is 2143 us[EOL]
[2026-09-22T08:31:28.872043Z][RH.newgen-samplerecognitioncamera][W][2330306][137]CRTCyclicEvent.cpp:TimeMissed():101|Cycle miss in event CCSICombinedCmdManager Cyclic Event. Time Overrun is 7934 us[EOL]
[2026-09-22T08:31:28.876405Z][RH.transfer-xyz-gripper][W][2330306][136]CRTCyclicEvent.cpp:TimeMissed():101|Cycle miss in event CCSICombinedCmdManager Cyclic Event. Time Overrun is 7158 us[EOL]
[2026-09-22T08:31:28.872077Z][RH.newgen-samplerecognitioncamera][W][2330306][137]CRTCyclicEvent.cpp:TimeMissed():101|Cycle miss in event CCSICombinedRepManager. Time Overrun is 7934 us[EOL]
[2026-09-22T08:31:28.876438Z][RH.transfer-xyz-gripper][W][2330306][136]CRTCyclicEvent.cpp:TimeMissed():101|Cycle miss in event CCSICombinedRepManager. Time Overrun is 7158 us[EOL]
[2026-09-22T08:31:29.284419Z][RH.transfer-xyz-gripper][W][2330306][136]CRTCyclicEvent.cpp:TimeMissed():101|Cycle miss in event CCSICombinedCmdManager Cyclic Event. Time Overrun is 5170 us[EOL]
[2026-09-22T08:31:29.284462Z][RH.transfer-xyz-gripper][W][2330306][136]CRTCyclicEvent.cpp:TimeMissed():101|Cycle miss in event CCSICombinedRepManager. Time Overrun is 5170 us[EOL]
[2026-09-22T08:31:29.585867Z][RH.newgen-samplerecognitioncamera][W][2330306][137]CRTCyclicEvent.cpp:TimeMissed():101|Cycle miss in event CCSICombinedCmdManager Cyclic Event. Time Overrun is 11746 us[EOL]
[2026-09-22T08:31:29.585931Z][RH.newgen-samplerecognitioncamera][W][2330306][137]CRTCyclicEvent.cpp:TimeMissed():101|Cycle miss in event CCSICombinedRepManager. Time Overrun is 11746 us[EOL]
[2026-09-22T08:31:29.585427Z][RH.newgen-rackhandler][W][2330306][155]CRTCyclicEvent.cpp:TimeMissed():101|Cycle miss in event CCSICombinedCmdManager Cyclic Event. Time Overrun is 16194 us[EOL]
[2026-09-22T08:31:29.583440Z][RH.transfer-xyz-gripper][W][2330306][136]CRTCyclicEvent.cpp:TimeMissed():101|Cycle miss in event CCSICombinedCmdManager Cyclic Event. Time Overrun is 14187 us[EOL]
[2026-09-22T08:31:29.583490Z][RH.transfer-xyz-gripper][W][2330306][136]CRTCyclicEvent.cpp:TimeMissed():101|Cycle miss in event CCSICombinedRepManager. Time Overrun is 14187 us[EOL]
[2026-09-22T08:31:29.739897Z][RH.transfer-xyz-gripper][W][2330306][136]CRTCyclicEvent.cpp:TimeMissed():101|Cycle miss in event CCSICombinedCmdManager Cyclic Event. Time Overrun is 30646 us[EOL]
[2026-09-22T08:31:29.739950Z][RH.transfer-xyz-gripper][W][2330306][136]CRTCyclicEvent.cpp:TimeMissed():101|Cycle miss in event CCSICombinedRepManager. Time Overrun is 30646 us[EOL]
[2026-09-22T08:31:29.745514Z][RH.newgen-rackhandler][W][2330306][155]CRTCyclicEvent.cpp:TimeMissed():101|Cycle miss in event CCSICombinedCmdManager Cyclic Event. Time Overrun is 36286 us[EOL]
[2026-09-22T08:31:29.740009Z][RH.newgen-samplerecognitioncamera][W][2330306][137]CRTCyclicEvent.cpp:TimeMissed():101|Cycle miss in event CCSICombinedCmdManager Cyclic Event. Time Overrun is 35902 us[EOL]
[2026-09-22T08:31:29.740034Z][RH.newgen-samplerecognitioncamera][W][2330306][137]CRTCyclicEvent.cpp:TimeMissed():101|Cycle miss in event CCSICombinedRepManager. Time Overrun is 35902 us[EOL]
[2026-09-22T08:31:31.579611Z][RH.transfer-xyz-gripper][W][2330306][136]CRTCyclicEvent.cpp:TimeMissed():101|Cycle miss in event CCSICombinedCmdManager Cyclic Event. Time Overrun is 356 us[EOL]
[2026-09-22T08:31:31.579656Z][RH.transfer-xyz-gripper][W][2330306][136]CRTCyclicEvent.cpp:TimeMissed():101|Cycle miss in event CCSICombinedRepManager. Time Overrun is 356 us[EOL]
[2026-09-22T08:31:33.731484Z][RH.transfer-xyz-gripper][W][2330306][136]CRTCyclicEvent.cpp:TimeMissed():101|Cycle miss in event CCSICombinedCmdManager Cyclic Event. Time Overrun is 12238 us[EOL]
[2026-09-22T08:31:33.731507Z][RH.transfer-xyz-gripper][W][2330306][136]CRTCyclicEvent.cpp:TimeMissed():101|Cycle miss in event CCSICombinedRepManager. Time Overrun is 12238 us[EOL]
[2026-09-22T08:31:36.086476Z][RH.newgen-rackhandler][W][2330306][155]CRTCyclicEvent.cpp:TimeMissed():101|Cycle miss in event CCSICombinedCmdManager Cyclic Event. Time Overrun is 17105 us[EOL]
[2026-09-22T08:31:36.225562Z][RH.newgen-rackhandler][W][2330306][155]CRTCyclicEvent.cpp:TimeMissed():101|Cycle miss in event CCSICombinedCmdManager Cyclic Event. Time Overrun is 16335 us[EOL]
[2026-09-22T08:31:36.368532Z][RH.newgen-rackhandler][W][2330306][155]CRTCyclicEvent.cpp:TimeMissed():101|Cycle miss in event CCSICombinedCmdManager Cyclic Event. Time Overrun is 29230 us[EOL]
[2026-09-22T08:31:36.503756Z][RH.transfer-xyz-gripper][W][2330306][136]CRTCyclicEvent.cpp:TimeMissed():101|Cycle miss in event CCSICombinedCmdManager Cyclic Event. Time Overrun is 14315 us[EOL]
[2026-09-22T08:31:36.504220Z][RH.transfer-xyz-gripper][W][2330306][136]CRTCyclicEvent.cpp:TimeMissed():101|Cycle miss in event CCSICombinedRepManager. Time Overrun is 14315 us[EOL]
[2026-09-22T08:31:36.559878Z][RH.newgen-rackhandler][W][2330306][155]CRTCyclicEvent.cpp:TimeMissed():101|Cycle miss in event CCSICombinedCmdManager Cyclic Event. Time Overrun is 30645 us[EOL]
[2026-09-22T08:31:36.559148Z][RH.newgen-samplerecognitioncamera][W][2330306][137]CRTCyclicEvent.cpp:TimeMissed():101|Cycle miss in event CCSICombinedCmdManager Cyclic Event. Time Overrun is 35036 us[EOL]
[2026-09-22T08:31:36.559452Z][RH.newgen-samplerecognitioncamera][W][2330306][137]CRTCyclicEvent.cpp:TimeMissed():101|Cycle miss in event CCSICombinedRepManager. Time Overrun is 35036 us[EOL]
[2026-09-22T08:31:36.791381Z][RH.newgen-rackhandler][W][2330306][155]CRTCyclicEvent.cpp:TimeMissed():101|Cycle miss in event CCSICombinedCmdManager Cyclic Event. Time Overrun is 22153 us[EOL]
[2026-09-22T08:31:36.956577Z][RH.transfer-xyz-gripper][W][2330306][136]CRTCyclicEvent.cpp:TimeMissed():101|Cycle miss in event CCSICombinedCmdManager Cyclic Event. Time Overrun is 17327 us[EOL]
[2026-09-22T08:31:36.956637Z][RH.transfer-xyz-gripper][W][2330306][136]CRTCyclicEvent.cpp:TimeMissed():101|Cycle miss in event CCSICombinedRepManager. Time Overrun is 17327 us[EOL]
[2026-09-22T08:31:37.076091Z][RH.transfer-xyz-gripper][W][2330306][136]CRTCyclicEvent.cpp:TimeMissed():101|Cycle miss in event CCSICombinedCmdManager Cyclic Event. Time Overrun is 6768 us[EOL]
[2026-09-22T08:31:37.076173Z][RH.transfer-xyz-gripper][W][2330306][136]CRTCyclicEvent.cpp:TimeMissed():101|Cycle miss in event CCSICombinedRepManager. Time Overrun is 6768 us[EOL]
[2026-09-22T08:31:37.740033Z][RH.newgen-rackhandler][W][2330306][155]CRTCyclicEvent.cpp:TimeMissed():101|Cycle miss in event CCSICombinedCmdManager Cyclic Event. Time Overrun is 10799 us[EOL]
[2026-09-22T08:31:37.903793Z][RH.newgen-rackhandler][W][2330306][155]CRTCyclicEvent.cpp:TimeMissed():101|Cycle miss in event CCSICombinedCmdManager Cyclic Event. Time Overrun is 34563 us[EOL]
[2026-09-22T08:31:38.008142Z][RH.newgen-samplerecognitioncamera][W][2330306][137]CRTCyclicEvent.cpp:TimeMissed():101|Cycle miss in event CCSICombinedCmdManager Cyclic Event. Time Overrun is 24032 us[EOL]
[2026-09-22T08:31:38.008174Z][RH.newgen-samplerecognitioncamera][W][2330306][137]CRTCyclicEvent.cpp:TimeMissed():101|Cycle miss in event CCSICombinedRepManager. Time Overrun is 24032 us[EOL]
[2026-09-22T08:31:38.058092Z][RH.newgen-rackhandler][W][2330306][155]CRTCyclicEvent.cpp:TimeMissed():101|Cycle miss in event CCSICombinedCmdManager Cyclic Event. Time Overrun is 28866 us[EOL]
[2026-09-22T08:31:38.161272Z][RH.transfer-xyz-gripper][W][2330306][136]CRTCyclicEvent.cpp:TimeMissed():101|Cycle miss in event CCSICombinedCmdManager Cyclic Event. Time Overrun is 11987 us[EOL]
[2026-09-22T08:31:38.161326Z][RH.transfer-xyz-gripper][W][2330306][136]CRTCyclicEvent.cpp:TimeMissed():101|Cycle miss in event CCSICombinedRepManager. Time Overrun is 11987 us[EOL]
[2026-09-22T08:31:38.161813Z][RH.newgen-samplerecognitioncamera][W][2330306][137]CRTCyclicEvent.cpp:TimeMissed():101|Cycle miss in event CCSICombinedCmdManager Cyclic Event. Time Overrun is 7703 us[EOL]
[2026-09-22T08:31:38.161855Z][RH.newgen-samplerecognitioncamera][W][2330306][137]CRTCyclicEvent.cpp:TimeMissed():101|Cycle miss in event CCSICombinedRepManager. Time Overrun is 7703 us[EOL]
[2026-09-22T08:31:38.207184Z][RH.newgen-rackhandler][W][2330306][155]CRTCyclicEvent.cpp:TimeMissed():101|Cycle miss in event CCSICombinedCmdManager Cyclic Event. Time Overrun is 17954 us[EOL]
[2026-09-22T08:31:38.351068Z][RH.transfer-xyz-gripper][W][2330306][136]CRTCyclicEvent.cpp:TimeMissed():101|Cycle miss in event CCSICombinedCmdManager Cyclic Event. Time Overrun is 11807 us[EOL]
[2026-09-22T08:31:38.351181Z][RH.transfer-xyz-gripper][W][2330306][136]CRTCyclicEvent.cpp:TimeMissed():101|Cycle miss in event CCSICombinedRepManager. Time Overrun is 11807 us[EOL]
[2026-09-22T08:31:41.571454Z][RH.transfer-xyz-gripper][W][2330306][136]CRTCyclicEvent.cpp:TimeMissed():101|Cycle miss in event CCSICombinedCmdManager Cyclic Event. Time Overrun is 2198 us[EOL]
[2026-09-22T08:31:41.571487Z][RH.transfer-xyz-gripper][W][2330306][136]CRTCyclicEvent.cpp:TimeMissed():101|Cycle miss in event CCSICombinedRepManager. Time Overrun is 2198 us[EOL]
[2026-09-22T08:31:58.687045Z][RH.newgen-rackhandler][I][2560016][155]IMessageHandler.h:operator()():40|Received RabbitMqMessage Roche.MolLab.InstrumentState.Ping. Content: {"Timestamp":"2026-09-22T08:31:58.6768148Z","PingId":"IS4"}[EOL]
[2026-09-22T08:31:58.687173Z][RH.newgen-rackhandler][I][844444436][155]UnitCommunicator.cpp:SendEvent():424|Publishing event: type=Roche.c68_8800.RackHandler.Echo correlation_id=(n/a)[EOL]
[2026-09-22T08:31:58.687413Z][RH.newgen-rackhandler][I][2560017][155]MessageSender.h:SendEvent():105|Sent RabbitMqEvent Roche.c68_8800.RackHandler.Echo. Content: {"Timestamp":"2026-09-22T08:31:58.687147Z","PingId":"IS4"}[EOL]
[2026-09-22T08:31:58.730912Z][RH.transfer-xyz-gripper][W][2330306][136]CRTCyclicEvent.cpp:TimeMissed():101|Cycle miss in event CCSICombinedCmdManager Cyclic Event. Time Overrun is 11664 us[EOL]
[2026-09-22T08:31:58.730944Z][RH.transfer-xyz-gripper][W][2330306][136]CRTCyclicEvent.cpp:TimeMissed():101|Cycle miss in event CCSICombinedRepManager. Time Overrun is 11664 us[EOL]
[2026-09-22T08:32:04.025398Z][RH.newgen-rackhandler][W][2330306][155]CRTCyclicEvent.cpp:TimeMissed():101|Cycle miss in event CCSICombinedCmdManager Cyclic Event. Time Overrun is 16166 us[EOL]
[2026-09-22T08:32:04.025923Z][RH.newgen-samplerecognitioncamera][W][2330306][137]CRTCyclicEvent.cpp:TimeMissed():101|Cycle miss in event CCSICombinedCmdManager Cyclic Event. Time Overrun is 11817 us[EOL]
[2026-09-22T08:32:04.025947Z][RH.newgen-samplerecognitioncamera][W][2330306][137]CRTCyclicEvent.cpp:TimeMissed():101|Cycle miss in event CCSICombinedRepManager. Time Overrun is 11817 us[EOL]
[2026-09-22T08:32:04.027128Z][RH.transfer-xyz-gripper][W][2330306][136]CRTCyclicEvent.cpp:TimeMissed():101|Cycle miss in event CCSICombinedCmdManager Cyclic Event. Time Overrun is 17879 us[EOL]
[2026-09-22T08:32:04.027165Z][RH.transfer-xyz-gripper][W][2330306][136]CRTCyclicEvent.cpp:TimeMissed():101|Cycle miss in event CCSICombinedRepManager. Time Overrun is 17879 us[EOL]
[2026-09-22T08:32:04.272001Z][RH.newgen-samplerecognitioncamera][W][2330306][137]CRTCyclicEvent.cpp:TimeMissed():101|Cycle miss in event CCSICombinedCmdManager Cyclic Event. Time Overrun is 17891 us[EOL]
[2026-09-22T08:32:04.272030Z][RH.newgen-samplerecognitioncamera][W][2330306][137]CRTCyclicEvent.cpp:TimeMissed():101|Cycle miss in event CCSICombinedRepManager. Time Overrun is 17891 us[EOL]
[2026-09-22T08:32:04.272137Z][RH.transfer-xyz-gripper][W][2330306][136]CRTCyclicEvent.cpp:TimeMissed():101|Cycle miss in event CCSICombinedCmdManager Cyclic Event. Time Overrun is 12885 us[EOL]
[2026-09-22T08:32:04.272189Z][RH.transfer-xyz-gripper][W][2330306][136]CRTCyclicEvent.cpp:TimeMissed():101|Cycle miss in event CCSICombinedRepManager. Time Overrun is 12885 us[EOL]
[2026-09-22T08:32:04.271680Z][RH.newgen-rackhandler][W][2330306][155]CRTCyclicEvent.cpp:TimeMissed():101|Cycle miss in event CCSICombinedCmdManager Cyclic Event. Time Overrun is 12452 us[EOL]
[2026-09-22T08:32:12.392910Z][RH.newgen-rackhandler][W][2330306][155]CRTCyclicEvent.cpp:TimeMissed():101|Cycle miss in event CCSICombinedCmdManager Cyclic Event. Time Overrun is 3676 us[EOL]
[2026-09-22T08:32:12.470556Z][RH.transfer-xyz-gripper][W][2330306][136]CRTCyclicEvent.cpp:TimeMissed():101|Cycle miss in event CCSICombinedCmdManager Cyclic Event. Time Overrun is 1308 us[EOL]
[2026-09-22T08:32:12.470598Z][RH.transfer-xyz-gripper][W][2330306][136]CRTCyclicEvent.cpp:TimeMissed():101|Cycle miss in event CCSICombinedRepManager. Time Overrun is 1308 us[EOL]
[2026-09-22T08:32:14.723682Z][RH.newgen-samplerecognitioncamera][W][2330306][137]CRTCyclicEvent.cpp:TimeMissed():101|Cycle miss in event CCSICombinedCmdManager Cyclic Event. Time Overrun is 9571 us[EOL]
[2026-09-22T08:32:14.723710Z][RH.newgen-samplerecognitioncamera][W][2330306][137]CRTCyclicEvent.cpp:TimeMissed():101|Cycle miss in event CCSICombinedRepManager. Time Overrun is 9571 us[EOL]
[2026-09-22T08:32:14.723853Z][RH.newgen-rackhandler][W][2330306][155]CRTCyclicEvent.cpp:TimeMissed():101|Cycle miss in event CCSICombinedCmdManager Cyclic Event. Time Overrun is 4625 us[EOL]
[2026-09-22T08:32:22.222401Z][RH.newgen-samplerecognitioncamera][W][2330306][137]CRTCyclicEvent.cpp:TimeMissed():101|Cycle miss in event CCSICombinedCmdManager Cyclic Event. Time Overrun is 28282 us[EOL]
[2026-09-22T08:32:22.222448Z][RH.newgen-samplerecognitioncamera][W][2330306][137]CRTCyclicEvent.cpp:TimeMissed():101|Cycle miss in event CCSICombinedRepManager. Time Overrun is 28282 us[EOL]
[2026-09-22T08:32:24.830608Z][RH.transfer-xyz-gripper][W][2330306][136]CRTCyclicEvent.cpp:TimeMissed():101|Cycle miss in event CCSICombinedCmdManager Cyclic Event. Time Overrun is 1359 us[EOL]
[2026-09-22T08:32:24.830641Z][RH.transfer-xyz-gripper][W][2330306][136]CRTCyclicEvent.cpp:TimeMissed():101|Cycle miss in event CCSICombinedRepManager. Time Overrun is 1359 us[EOL]
[2026-09-22T08:32:28.689599Z][RH.newgen-rackhandler][I][2560016][155]IMessageHandler.h:operator()():40|Received RabbitMqMessage Roche.MolLab.InstrumentState.Ping. Content: {"Timestamp":"2026-09-22T08:32:28.6747648Z","PingId":"IS5"}[EOL]
[2026-09-22T08:32:28.689640Z][RH.newgen-rackhandler][I][844444436][155]UnitCommunicator.cpp:SendEvent():424|Publishing event: type=Roche.c68_8800.RackHandler.Echo correlation_id=(n/a)[EOL]
[2026-09-22T08:32:28.689654Z][RH.newgen-rackhandler][I][2560017][155]MessageSender.h:SendEvent():105|Sent RabbitMqEvent Roche.c68_8800.RackHandler.Echo. Content: {"Timestamp":"2026-09-22T08:32:28.689635Z","PingId":"IS5"}[EOL]
[2026-09-22T08:32:29.275252Z][RH.transfer-xyz-gripper][W][2330306][136]CRTCyclicEvent.cpp:TimeMissed():101|Cycle miss in event CCSICombinedCmdManager Cyclic Event. Time Overrun is 6005 us[EOL]
[2026-09-22T08:32:29.275540Z][RH.newgen-rackhandler][W][2330306][155]CRTCyclicEvent.cpp:TimeMissed():101|Cycle miss in event CCSICombinedCmdManager Cyclic Event. Time Overrun is 6313 us[EOL]
[2026-09-22T08:32:29.275283Z][RH.transfer-xyz-gripper][W][2330306][136]CRTCyclicEvent.cpp:TimeMissed():101|Cycle miss in event CCSICombinedRepManager. Time Overrun is 6005 us[EOL]
[2026-09-22T08:32:29.277040Z][RH.newgen-samplerecognitioncamera][W][2330306][137]CRTCyclicEvent.cpp:TimeMissed():101|Cycle miss in event CCSICombinedCmdManager Cyclic Event. Time Overrun is 12928 us[EOL]
[2026-09-22T08:32:29.277082Z][RH.newgen-samplerecognitioncamera][W][2330306][137]CRTCyclicEvent.cpp:TimeMissed():101|Cycle miss in event CCSICombinedRepManager. Time Overrun is 12928 us[EOL]
[2026-09-22T08:32:31.499240Z][RH.newgen-rackhandler][W][2330306][155]CRTCyclicEvent.cpp:TimeMissed():101|Cycle miss in event CCSICombinedCmdManager Cyclic Event. Time Overrun is 13 us[EOL]
[2026-09-22T08:32:32.454860Z][RH.transfer-xyz-gripper][W][2330306][136]CRTCyclicEvent.cpp:TimeMissed():101|Cycle miss in event CCSICombinedCmdManager Cyclic Event. Time Overrun is 5611 us[EOL]
[2026-09-22T08:32:32.455983Z][RH.newgen-samplerecognitioncamera][W][2330306][137]CRTCyclicEvent.cpp:TimeMissed():101|Cycle miss in event CCSICombinedCmdManager Cyclic Event. Time Overrun is 1871 us[EOL]
[2026-09-22T08:32:32.454898Z][RH.transfer-xyz-gripper][W][2330306][136]CRTCyclicEvent.cpp:TimeMissed():101|Cycle miss in event CCSICombinedRepManager. Time Overrun is 5611 us[EOL]
[2026-09-22T08:32:32.456024Z][RH.newgen-samplerecognitioncamera][W][2330306][137]CRTCyclicEvent.cpp:TimeMissed():101|Cycle miss in event CCSICombinedRepManager. Time Overrun is 1871 us[EOL]
[2026-09-22T08:32:33.406136Z][RH.transfer-xyz-gripper][W][2330306][136]CRTCyclicEvent.cpp:TimeMissed():101|Cycle miss in event CCSICombinedCmdManager Cyclic Event. Time Overrun is 6884 us[EOL]
[2026-09-22T08:32:33.406186Z][RH.transfer-xyz-gripper][W][2330306][136]CRTCyclicEvent.cpp:TimeMissed():101|Cycle miss in event CCSICombinedRepManager. Time Overrun is 6884 us[EOL]
[2026-09-22T08:32:33.408344Z][RH.newgen-samplerecognitioncamera][W][2330306][137]CRTCyclicEvent.cpp:TimeMissed():101|Cycle miss in event CCSICombinedCmdManager Cyclic Event. Time Overrun is 4231 us[EOL]
[2026-09-22T08:32:33.407779Z][RH.newgen-rackhandler][W][2330306][155]CRTCyclicEvent.cpp:TimeMissed():101|Cycle miss in event CCSICombinedCmdManager Cyclic Event. Time Overrun is 8410 us[EOL]
[2026-09-22T08:32:33.408378Z][RH.newgen-samplerecognitioncamera][W][2330306][137]CRTCyclicEvent.cpp:TimeMissed():101|Cycle miss in event CCSICombinedRepManager. Time Overrun is 4231 us[EOL]
[2026-09-22T08:32:36.034014Z][RH.transfer-xyz-gripper][W][2330306][136]CRTCyclicEvent.cpp:TimeMissed():101|Cycle miss in event CCSICombinedCmdManager Cyclic Event. Time Overrun is 4769 us[EOL]
[2026-09-22T08:32:36.034036Z][RH.transfer-xyz-gripper][W][2330306][136]CRTCyclicEvent.cpp:TimeMissed():101|Cycle miss in event CCSICombinedRepManager. Time Overrun is 4769 us[EOL]
[2026-09-22T08:32:36.035000Z][RH.newgen-rackhandler][W][2330306][155]CRTCyclicEvent.cpp:TimeMissed():101|Cycle miss in event CCSICombinedCmdManager Cyclic Event. Time Overrun is 5774 us[EOL]
[2026-09-22T08:32:36.034162Z][RH.newgen-samplerecognitioncamera][W][2330306][137]CRTCyclicEvent.cpp:TimeMissed():101|Cycle miss in event CCSICombinedCmdManager Cyclic Event. Time Overrun is 56 us[EOL]
[2026-09-22T08:32:36.034181Z][RH.newgen-samplerecognitioncamera][W][2330306][137]CRTCyclicEvent.cpp:TimeMissed():101|Cycle miss in event CCSICombinedRepManager. Time Overrun is 56 us[EOL]
[2026-09-22T08:32:36.161390Z][RH.transfer-xyz-gripper][W][2330306][136]CRTCyclicEvent.cpp:TimeMissed():101|Cycle miss in event CCSICombinedCmdManager Cyclic Event. Time Overrun is 2145 us[EOL]
[2026-09-22T08:32:36.161412Z][RH.transfer-xyz-gripper][W][2330306][136]CRTCyclicEvent.cpp:TimeMissed():101|Cycle miss in event CCSICombinedRepManager. Time Overrun is 2145 us[EOL]
[2026-09-22T08:32:36.161429Z][RH.newgen-rackhandler][W][2330306][155]CRTCyclicEvent.cpp:TimeMissed():101|Cycle miss in event CCSICombinedCmdManager Cyclic Event. Time Overrun is 2202 us[EOL]
[2026-09-22T08:32:36.409347Z][RH.newgen-samplerecognitioncamera][W][2330306][137]CRTCyclicEvent.cpp:TimeMissed():101|Cycle miss in event CCSICombinedCmdManager Cyclic Event. Time Overrun is 5239 us[EOL]
[2026-09-22T08:32:36.409372Z][RH.newgen-samplerecognitioncamera][W][2330306][137]CRTCyclicEvent.cpp:TimeMissed():101|Cycle miss in event CCSICombinedRepManager. Time Overrun is 5239 us[EOL]
[2026-09-22T08:32:37.523116Z][RH.transfer-xyz-gripper][W][2330306][136]CRTCyclicEvent.cpp:TimeMissed():101|Cycle miss in event CCSICombinedCmdManager Cyclic Event. Time Overrun is 3863 us[EOL]
[2026-09-22T08:32:37.523163Z][RH.transfer-xyz-gripper][W][2330306][136]CRTCyclicEvent.cpp:TimeMissed():101|Cycle miss in event CCSICombinedRepManager. Time Overrun is 3863 us[EOL]
[2026-09-22T08:32:37.542240Z][RH.newgen-rackhandler][W][2330306][155]CRTCyclicEvent.cpp:TimeMissed():101|Cycle miss in event CCSICombinedCmdManager Cyclic Event. Time Overrun is 20591 us[EOL]
[2026-09-22T08:32:37.540796Z][RH.newgen-samplerecognitioncamera][W][2330306][137]CRTCyclicEvent.cpp:TimeMissed():101|Cycle miss in event CCSICombinedCmdManager Cyclic Event. Time Overrun is 16687 us[EOL]
[2026-09-22T08:32:37.540830Z][RH.newgen-samplerecognitioncamera][W][2330306][137]CRTCyclicEvent.cpp:TimeMissed():101|Cycle miss in event CCSICombinedRepManager. Time Overrun is 16687 us[EOL]
[2026-09-22T08:32:40.496125Z][RH.transfer-xyz-gripper][W][2330306][136]CRTCyclicEvent.cpp:TimeMissed():101|Cycle miss in event CCSICombinedCmdManager Cyclic Event. Time Overrun is 16879 us[EOL]
[2026-09-22T08:32:40.496159Z][RH.transfer-xyz-gripper][W][2330306][136]CRTCyclicEvent.cpp:TimeMissed():101|Cycle miss in event CCSICombinedRepManager. Time Overrun is 16879 us[EOL]
[2026-09-22T08:32:40.496269Z][RH.newgen-samplerecognitioncamera][W][2330306][137]CRTCyclicEvent.cpp:TimeMissed():101|Cycle miss in event CCSICombinedCmdManager Cyclic Event. Time Overrun is 12162 us[EOL]
[2026-09-22T08:32:40.493452Z][RH.newgen-rackhandler][W][2330306][155]CRTCyclicEvent.cpp:TimeMissed():101|Cycle miss in event CCSICombinedCmdManager Cyclic Event. Time Overrun is 14223 us[EOL]
[2026-09-22T08:32:40.496291Z][RH.newgen-samplerecognitioncamera][W][2330306][137]CRTCyclicEvent.cpp:TimeMissed():101|Cycle miss in event CCSICombinedRepManager. Time Overrun is 12162 us[EOL]
[2026-09-22T08:32:40.733809Z][RH.transfer-xyz-gripper][W][2330306][136]CRTCyclicEvent.cpp:TimeMissed():101|Cycle miss in event CCSICombinedCmdManager Cyclic Event. Time Overrun is 4564 us[EOL]
[2026-09-22T08:32:40.733832Z][RH.transfer-xyz-gripper][W][2330306][136]CRTCyclicEvent.cpp:TimeMissed():101|Cycle miss in event CCSICombinedRepManager. Time Overrun is 4564 us[EOL]
[2026-09-22T08:32:40.734168Z][RH.newgen-samplerecognitioncamera][W][2330306][137]CRTCyclicEvent.cpp:TimeMissed():101|Cycle miss in event CCSICombinedCmdManager Cyclic Event. Time Overrun is 53 us[EOL]
[2026-09-22T08:32:40.734215Z][RH.newgen-samplerecognitioncamera][W][2330306][137]CRTCyclicEvent.cpp:TimeMissed():101|Cycle miss in event CCSICombinedRepManager. Time Overrun is 53 us[EOL]
[2026-09-22T08:32:40.733917Z][RH.newgen-rackhandler][W][2330306][155]CRTCyclicEvent.cpp:TimeMissed():101|Cycle miss in event CCSICombinedCmdManager Cyclic Event. Time Overrun is 4683 us[EOL]
[2026-09-22T08:32:41.527160Z][RH.newgen-samplerecognitioncamera][W][2330306][137]CRTCyclicEvent.cpp:TimeMissed():101|Cycle miss in event CCSICombinedCmdManager Cyclic Event. Time Overrun is 3051 us[EOL]
[2026-09-22T08:32:41.527204Z][RH.newgen-samplerecognitioncamera][W][2330306][137]CRTCyclicEvent.cpp:TimeMissed():101|Cycle miss in event CCSICombinedRepManager. Time Overrun is 3051 us[EOL]
[2026-09-22T08:32:43.671845Z][RH.newgen-rackhandler][W][2330306][155]CRTCyclicEvent.cpp:TimeMissed():101|Cycle miss in event CCSICombinedCmdManager Cyclic Event. Time Overrun is 12619 us[EOL]
[2026-09-22T08:32:43.672252Z][RH.transfer-xyz-gripper][W][2330306][136]CRTCyclicEvent.cpp:TimeMissed():101|Cycle miss in event CCSICombinedCmdManager Cyclic Event. Time Overrun is 13006 us[EOL]
[2026-09-22T08:32:43.672281Z][RH.transfer-xyz-gripper][W][2330306][136]CRTCyclicEvent.cpp:TimeMissed():101|Cycle miss in event CCSICombinedRepManager. Time Overrun is 13006 us[EOL]
[2026-09-22T08:32:43.672039Z][RH.newgen-samplerecognitioncamera][W][2330306][137]CRTCyclicEvent.cpp:TimeMissed():101|Cycle miss in event CCSICombinedCmdManager Cyclic Event. Time Overrun is 7932 us[EOL]
[2026-09-22T08:32:43.672067Z][RH.newgen-samplerecognitioncamera][W][2330306][137]CRTCyclicEvent.cpp:TimeMissed():101|Cycle miss in event CCSICombinedRepManager. Time Overrun is 7932 us[EOL]
[2026-09-22T08:32:46.067156Z][RH.transfer-xyz-gripper][W][2330306][136]CRTCyclicEvent.cpp:TimeMissed():101|Cycle miss in event CCSICombinedCmdManager Cyclic Event. Time Overrun is 7911 us[EOL]
[2026-09-22T08:32:46.067189Z][RH.transfer-xyz-gripper][W][2330306][136]CRTCyclicEvent.cpp:TimeMissed():101|Cycle miss in event CCSICombinedRepManager. Time Overrun is 7911 us[EOL]
[2026-09-22T08:32:46.068907Z][RH.newgen-samplerecognitioncamera][W][2330306][137]CRTCyclicEvent.cpp:TimeMissed():101|Cycle miss in event CCSICombinedCmdManager Cyclic Event. Time Overrun is 4798 us[EOL]
[2026-09-22T08:32:46.067524Z][RH.newgen-rackhandler][W][2330306][155]CRTCyclicEvent.cpp:TimeMissed():101|Cycle miss in event CCSICombinedCmdManager Cyclic Event. Time Overrun is 8299 us[EOL]
[2026-09-22T08:32:46.068935Z][RH.newgen-samplerecognitioncamera][W][2330306][137]CRTCyclicEvent.cpp:TimeMissed():101|Cycle miss in event CCSICombinedRepManager. Time Overrun is 4798 us[EOL]
[2026-09-22T08:32:47.264409Z][RH.newgen-rackhandler][W][2330306][155]CRTCyclicEvent.cpp:TimeMissed():101|Cycle miss in event CCSICombinedCmdManager Cyclic Event. Time Overrun is 5181 us[EOL]
[2026-09-22T08:32:47.264506Z][RH.transfer-xyz-gripper][W][2330306][136]CRTCyclicEvent.cpp:TimeMissed():101|Cycle miss in event CCSICombinedCmdManager Cyclic Event. Time Overrun is 5259 us[EOL]
[2026-09-22T08:32:47.264537Z][RH.transfer-xyz-gripper][W][2330306][136]CRTCyclicEvent.cpp:TimeMissed():101|Cycle miss in event CCSICombinedRepManager. Time Overrun is 5259 us[EOL]
[2026-09-22T08:32:47.264521Z][RH.newgen-samplerecognitioncamera][W][2330306][137]CRTCyclicEvent.cpp:TimeMissed():101|Cycle miss in event CCSICombinedCmdManager Cyclic Event. Time Overrun is 414 us[EOL]
[2026-09-22T08:32:47.264541Z][RH.newgen-samplerecognitioncamera][W][2330306][137]CRTCyclicEvent.cpp:TimeMissed():101|Cycle miss in event CCSICombinedRepManager. Time Overrun is 414 us[EOL]
[2026-09-22T08:32:51.420573Z][RH.newgen-samplerecognitioncamera][W][2330306][137]CRTCyclicEvent.cpp:TimeMissed():101|Cycle miss in event CCSICombinedCmdManager Cyclic Event. Time Overrun is 6464 us[EOL]
[2026-09-22T08:32:51.421894Z][RH.transfer-xyz-gripper][W][2330306][136]CRTCyclicEvent.cpp:TimeMissed():101|Cycle miss in event CCSICombinedCmdManager Cyclic Event. Time Overrun is 2647 us[EOL]
[2026-09-22T08:32:51.421933Z][RH.transfer-xyz-gripper][W][2330306][136]CRTCyclicEvent.cpp:TimeMissed():101|Cycle miss in event CCSICombinedRepManager. Time Overrun is 2647 us[EOL]
[2026-09-22T08:32:51.420476Z][RH.newgen-rackhandler][W][2330306][155]CRTCyclicEvent.cpp:TimeMissed():101|Cycle miss in event CCSICombinedCmdManager Cyclic Event. Time Overrun is 11248 us[EOL]
[2026-09-22T08:32:51.420594Z][RH.newgen-samplerecognitioncamera][W][2330306][137]CRTCyclicEvent.cpp:TimeMissed():101|Cycle miss in event CCSICombinedRepManager. Time Overrun is 6464 us[EOL]
[2026-09-22T08:32:53.255705Z][RH.transfer-xyz-gripper][W][2330306][136]CRTCyclicEvent.cpp:TimeMissed():101|Cycle miss in event CCSICombinedCmdManager Cyclic Event. Time Overrun is 46458 us[EOL]
[2026-09-22T08:32:53.255736Z][RH.transfer-xyz-gripper][W][2330306][136]CRTCyclicEvent.cpp:TimeMissed():101|Cycle miss in event CCSICombinedRepManager. Time Overrun is 46458 us[EOL]
[2026-09-22T08:32:53.255129Z][RH.newgen-samplerecognitioncamera][W][2330306][137]CRTCyclicEvent.cpp:TimeMissed():101|Cycle miss in event CCSICombinedCmdManager Cyclic Event. Time Overrun is 51022 us[EOL]
[2026-09-22T08:32:53.255594Z][RH.newgen-rackhandler][W][2330306][155]CRTCyclicEvent.cpp:TimeMissed():101|Cycle miss in event CCSICombinedCmdManager Cyclic Event. Time Overrun is 46369 us[EOL]
[2026-09-22T08:32:53.255150Z][RH.newgen-samplerecognitioncamera][W][2330306][137]CRTCyclicEvent.cpp:TimeMissed():101|Cycle miss in event CCSICombinedRepManager. Time Overrun is 51022 us[EOL]
[2026-09-22T08:32:53.375840Z][RH.newgen-samplerecognitioncamera][W][2330306][137]CRTCyclicEvent.cpp:TimeMissed():101|Cycle miss in event CCSICombinedCmdManager Cyclic Event. Time Overrun is 1733 us[EOL]
[2026-09-22T08:32:53.375860Z][RH.newgen-samplerecognitioncamera][W][2330306][137]CRTCyclicEvent.cpp:TimeMissed():101|Cycle miss in event CCSICombinedRepManager. Time Overrun is 1733 us[EOL]
[2026-09-22T08:32:56.771485Z][RH.transfer-xyz-gripper][W][2330306][136]CRTCyclicEvent.cpp:TimeMissed():101|Cycle miss in event CCSICombinedCmdManager Cyclic Event. Time Overrun is 22239 us[EOL]
[2026-09-22T08:32:56.771519Z][RH.transfer-xyz-gripper][W][2330306][136]CRTCyclicEvent.cpp:TimeMissed():101|Cycle miss in event CCSICombinedRepManager. Time Overrun is 22239 us[EOL]
[2026-09-22T08:32:58.680828Z][RH.newgen-rackhandler][I][2560016][155]IMessageHandler.h:operator()():40|Received RabbitMqMessage Roche.MolLab.InstrumentState.Ping. Content: {"Timestamp":"2026-09-22T08:32:58.6759445Z","PingId":"IS6"}[EOL]
[2026-09-22T08:32:58.680871Z][RH.newgen-rackhandler][I][844444436][155]UnitCommunicator.cpp:SendEvent():424|Publishing event: type=Roche.c68_8800.RackHandler.Echo correlation_id=(n/a)[EOL]
[2026-09-22T08:32:58.680895Z][RH.newgen-rackhandler][I][2560017][155]MessageSender.h:SendEvent():105|Sent RabbitMqEvent Roche.c68_8800.RackHandler.Echo. Content: {"Timestamp":"2026-09-22T08:32:58.680865Z","PingId":"IS6"}[EOL]
[2026-09-22T08:32:58.780948Z][RH.transfer-xyz-gripper][W][2330306][136]CRTCyclicEvent.cpp:TimeMissed():101|Cycle miss in event CCSICombinedCmdManager Cyclic Event. Time Overrun is 1702 us[EOL]
[2026-09-22T08:32:58.780988Z][RH.transfer-xyz-gripper][W][2330306][136]CRTCyclicEvent.cpp:TimeMissed():101|Cycle miss in event CCSICombinedRepManager. Time Overrun is 1702 us[EOL]
[2026-09-22T08:32:58.784766Z][RH.newgen-rackhandler][W][2330306][155]CRTCyclicEvent.cpp:TimeMissed():101|Cycle miss in event CCSICombinedCmdManager Cyclic Event. Time Overrun is 5539 us[EOL]
[2026-09-22T08:32:58.784608Z][RH.newgen-samplerecognitioncamera][W][2330306][137]CRTCyclicEvent.cpp:TimeMissed():101|Cycle miss in event CCSICombinedCmdManager Cyclic Event. Time Overrun is 10500 us[EOL]
[2026-09-22T08:32:58.784650Z][RH.newgen-samplerecognitioncamera][W][2330306][137]CRTCyclicEvent.cpp:TimeMissed():101|Cycle miss in event CCSICombinedRepManager. Time Overrun is 10500 us[EOL]
[2026-09-22T08:32:58.915601Z][RH.newgen-rackhandler][W][2330306][155]CRTCyclicEvent.cpp:TimeMissed():101|Cycle miss in event CCSICombinedCmdManager Cyclic Event. Time Overrun is 16376 us[EOL]
[2026-09-22T08:32:58.914116Z][RH.newgen-samplerecognitioncamera][W][2330306][137]CRTCyclicEvent.cpp:TimeMissed():101|Cycle miss in event CCSICombinedCmdManager Cyclic Event. Time Overrun is 10009 us[EOL]
[2026-09-22T08:32:58.914134Z][RH.newgen-samplerecognitioncamera][W][2330306][137]CRTCyclicEvent.cpp:TimeMissed():101|Cycle miss in event CCSICombinedRepManager. Time Overrun is 10009 us[EOL]
[2026-09-22T08:32:58.914079Z][RH.transfer-xyz-gripper][W][2330306][136]CRTCyclicEvent.cpp:TimeMissed():101|Cycle miss in event CCSICombinedCmdManager Cyclic Event. Time Overrun is 14834 us[EOL]
[2026-09-22T08:32:58.914101Z][RH.transfer-xyz-gripper][W][2330306][136]CRTCyclicEvent.cpp:TimeMissed():101|Cycle miss in event CCSICombinedRepManager. Time Overrun is 14834 us[EOL]
[2026-09-22T08:32:59.295097Z][RH.newgen-samplerecognitioncamera][W][2330306][137]CRTCyclicEvent.cpp:TimeMissed():101|Cycle miss in event CCSICombinedCmdManager Cyclic Event. Time Overrun is 984 us[EOL]
[2026-09-22T08:32:59.295140Z][RH.newgen-samplerecognitioncamera][W][2330306][137]CRTCyclicEvent.cpp:TimeMissed():101|Cycle miss in event CCSICombinedRepManager. Time Overrun is 984 us[EOL]
[2026-09-22T08:32:59.786114Z][RH.newgen-rackhandler][W][2330306][155]CRTCyclicEvent.cpp:TimeMissed():101|Cycle miss in event CCSICombinedCmdManager Cyclic Event. Time Overrun is 16882 us[EOL]
[2026-09-22T08:32:59.800482Z][RH.transfer-xyz-gripper][W][2330306][136]CRTCyclicEvent.cpp:TimeMissed():101|Cycle miss in event CCSICombinedCmdManager Cyclic Event. Time Overrun is 31236 us[EOL]
[2026-09-22T08:32:59.800505Z][RH.transfer-xyz-gripper][W][2330306][136]CRTCyclicEvent.cpp:TimeMissed():101|Cycle miss in event CCSICombinedRepManager. Time Overrun is 31236 us[EOL]
[2026-09-22T08:32:59.785478Z][RH.newgen-samplerecognitioncamera][W][2330306][137]CRTCyclicEvent.cpp:TimeMissed():101|Cycle miss in event CCSICombinedCmdManager Cyclic Event. Time Overrun is 21364 us[EOL]
[2026-09-22T08:32:59.785530Z][RH.newgen-samplerecognitioncamera][W][2330306][137]CRTCyclicEvent.cpp:TimeMissed():101|Cycle miss in event CCSICombinedRepManager. Time Overrun is 21364 us[EOL]
[2026-09-22T08:33:01.515371Z][RH.transfer-xyz-gripper][W][2330306][136]CRTCyclicEvent.cpp:TimeMissed():101|Cycle miss in event CCSICombinedCmdManager Cyclic Event. Time Overrun is 26126 us[EOL]
[2026-09-22T08:33:01.515393Z][RH.transfer-xyz-gripper][W][2330306][136]CRTCyclicEvent.cpp:TimeMissed():101|Cycle miss in event CCSICombinedRepManager. Time Overrun is 26126 us[EOL]
[2026-09-22T08:33:01.517963Z][RH.newgen-rackhandler][W][2330306][155]CRTCyclicEvent.cpp:TimeMissed():101|Cycle miss in event CCSICombinedCmdManager Cyclic Event. Time Overrun is 28736 us[EOL]
[2026-09-22T08:33:01.515482Z][RH.newgen-samplerecognitioncamera][W][2330306][137]CRTCyclicEvent.cpp:TimeMissed():101|Cycle miss in event CCSICombinedCmdManager Cyclic Event. Time Overrun is 31375 us[EOL]
[2026-09-22T08:33:01.515509Z][RH.newgen-samplerecognitioncamera][W][2330306][137]CRTCyclicEvent.cpp:TimeMissed():101|Cycle miss in event CCSICombinedRepManager. Time Overrun is 31375 us[EOL]
[2026-09-22T08:33:01.926519Z][RH.newgen-rackhandler][W][2330306][155]CRTCyclicEvent.cpp:TimeMissed():101|Cycle miss in event CCSICombinedCmdManager Cyclic Event. Time Overrun is 7291 us[EOL]
[2026-09-22T08:33:01.924666Z][RH.transfer-xyz-gripper][W][2330306][136]CRTCyclicEvent.cpp:TimeMissed():101|Cycle miss in event CCSICombinedCmdManager Cyclic Event. Time Overrun is 5422 us[EOL]
[2026-09-22T08:33:01.924689Z][RH.transfer-xyz-gripper][W][2330306][136]CRTCyclicEvent.cpp:TimeMissed():101|Cycle miss in event CCSICombinedRepManager. Time Overrun is 5422 us[EOL]
[2026-09-22T08:33:01.925078Z][RH.newgen-samplerecognitioncamera][W][2330306][137]CRTCyclicEvent.cpp:TimeMissed():101|Cycle miss in event CCSICombinedCmdManager Cyclic Event. Time Overrun is 971 us[EOL]
[2026-09-22T08:33:01.925104Z][RH.newgen-samplerecognitioncamera][W][2330306][137]CRTCyclicEvent.cpp:TimeMissed():101|Cycle miss in event CCSICombinedRepManager. Time Overrun is 971 us[EOL]
[2026-09-22T08:33:07.048022Z][RH.newgen-samplerecognitioncamera][W][2330306][137]CRTCyclicEvent.cpp:TimeMissed():101|Cycle miss in event CCSICombinedCmdManager Cyclic Event. Time Overrun is 13914 us[EOL]
[2026-09-22T08:33:07.048052Z][RH.newgen-samplerecognitioncamera][W][2330306][137]CRTCyclicEvent.cpp:TimeMissed():101|Cycle miss in event CCSICombinedRepManager. Time Overrun is 13914 us[EOL]
[2026-09-22T08:33:08.465749Z][RH.newgen-samplerecognitioncamera][W][2330306][137]CRTCyclicEvent.cpp:TimeMissed():101|Cycle miss in event CCSICombinedCmdManager Cyclic Event. Time Overrun is 1635 us[EOL]
[2026-09-22T08:33:08.465796Z][RH.newgen-samplerecognitioncamera][W][2330306][137]CRTCyclicEvent.cpp:TimeMissed():101|Cycle miss in event CCSICombinedRepManager. Time Overrun is 1635 us[EOL]
[2026-09-22T08:33:09.439641Z][RH.newgen-rackhandler][W][2330306][155]CRTCyclicEvent.cpp:TimeMissed():101|Cycle miss in event CCSICombinedCmdManager Cyclic Event. Time Overrun is 392 us[EOL]
[2026-09-22T08:33:09.440076Z][RH.transfer-xyz-gripper][W][2330306][136]CRTCyclicEvent.cpp:TimeMissed():101|Cycle miss in event CCSICombinedCmdManager Cyclic Event. Time Overrun is 813 us[EOL]
[2026-09-22T08:33:09.440147Z][RH.transfer-xyz-gripper][W][2330306][136]CRTCyclicEvent.cpp:TimeMissed():101|Cycle miss in event CCSICombinedRepManager. Time Overrun is 813 us[EOL]
[2026-09-22T08:33:10.592834Z][RH.transfer-xyz-gripper][W][2330306][136]CRTCyclicEvent.cpp:TimeMissed():101|Cycle miss in event CCSICombinedCmdManager Cyclic Event. Time Overrun is 3586 us[EOL]
[2026-09-22T08:33:10.592869Z][RH.transfer-xyz-gripper][W][2330306][136]CRTCyclicEvent.cpp:TimeMissed():101|Cycle miss in event CCSICombinedRepManager. Time Overrun is 3586 us[EOL]
[2026-09-22T08:33:10.594136Z][RH.newgen-rackhandler][W][2330306][155]CRTCyclicEvent.cpp:TimeMissed():101|Cycle miss in event CCSICombinedCmdManager Cyclic Event. Time Overrun is 4909 us[EOL]
[2026-09-22T08:33:11.011072Z][RH.newgen-rackhandler][W][2330306][155]CRTCyclicEvent.cpp:TimeMissed():101|Cycle miss in event CCSICombinedCmdManager Cyclic Event. Time Overrun is 1843 us[EOL]
[2026-09-22T08:33:13.171489Z][RH.newgen-rackhandler][W][2330306][155]CRTCyclicEvent.cpp:TimeMissed():101|Cycle miss in event CCSICombinedCmdManager Cyclic Event. Time Overrun is 12262 us[EOL]
[2026-09-22T08:33:13.173869Z][RH.transfer-xyz-gripper][W][2330306][136]CRTCyclicEvent.cpp:TimeMissed():101|Cycle miss in event CCSICombinedCmdManager Cyclic Event. Time Overrun is 14624 us[EOL]
[2026-09-22T08:33:13.173894Z][RH.transfer-xyz-gripper][W][2330306][136]CRTCyclicEvent.cpp:TimeMissed():101|Cycle miss in event CCSICombinedRepManager. Time Overrun is 14624 us[EOL]
[2026-09-22T08:33:13.173612Z][RH.newgen-samplerecognitioncamera][W][2330306][137]CRTCyclicEvent.cpp:TimeMissed():101|Cycle miss in event CCSICombinedCmdManager Cyclic Event. Time Overrun is 19503 us[EOL]
[2026-09-22T08:33:13.173638Z][RH.newgen-samplerecognitioncamera][W][2330306][137]CRTCyclicEvent.cpp:TimeMissed():101|Cycle miss in event CCSICombinedRepManager. Time Overrun is 19503 us[EOL]
[2026-09-22T08:33:14.450279Z][RH.newgen-rackhandler][W][2330306][155]CRTCyclicEvent.cpp:TimeMissed():101|Cycle miss in event CCSICombinedCmdManager Cyclic Event. Time Overrun is 1051 us[EOL]
[2026-09-22T08:33:14.452341Z][RH.newgen-samplerecognitioncamera][W][2330306][137]CRTCyclicEvent.cpp:TimeMissed():101|Cycle miss in event CCSICombinedCmdManager Cyclic Event. Time Overrun is 8234 us[EOL]
[2026-09-22T08:33:14.452370Z][RH.newgen-samplerecognitioncamera][W][2330306][137]CRTCyclicEvent.cpp:TimeMissed():101|Cycle miss in event CCSICombinedRepManager. Time Overrun is 8234 us[EOL]
[2026-09-22T08:33:14.449898Z][RH.transfer-xyz-gripper][W][2330306][136]CRTCyclicEvent.cpp:TimeMissed():101|Cycle miss in event CCSICombinedCmdManager Cyclic Event. Time Overrun is 651 us[EOL]
[2026-09-22T08:33:14.449922Z][RH.transfer-xyz-gripper][W][2330306][136]CRTCyclicEvent.cpp:TimeMissed():101|Cycle miss in event CCSICombinedRepManager. Time Overrun is 651 us[EOL]
[2026-09-22T08:33:20.069796Z][RH.newgen-rackhandler][W][2330306][155]CRTCyclicEvent.cpp:TimeMissed():101|Cycle miss in event CCSICombinedCmdManager Cyclic Event. Time Overrun is 571 us[EOL]
[2026-09-22T08:33:20.071064Z][RH.transfer-xyz-gripper][W][2330306][136]CRTCyclicEvent.cpp:TimeMissed():101|Cycle miss in event CCSICombinedCmdManager Cyclic Event. Time Overrun is 1819 us[EOL]
[2026-09-22T08:33:20.071088Z][RH.transfer-xyz-gripper][W][2330306][136]CRTCyclicEvent.cpp:TimeMissed():101|Cycle miss in event CCSICombinedRepManager. Time Overrun is 1819 us[EOL]
[2026-09-22T08:33:22.956810Z][RH.newgen-rackhandler][W][2330306][155]CRTCyclicEvent.cpp:TimeMissed():101|Cycle miss in event CCSICombinedCmdManager Cyclic Event. Time Overrun is 27582 us[EOL]
[2026-09-22T08:33:22.956921Z][RH.transfer-xyz-gripper][W][2330306][136]CRTCyclicEvent.cpp:TimeMissed():101|Cycle miss in event CCSICombinedCmdManager Cyclic Event. Time Overrun is 27672 us[EOL]
[2026-09-22T08:33:22.956795Z][RH.newgen-samplerecognitioncamera][W][2330306][137]CRTCyclicEvent.cpp:TimeMissed():101|Cycle miss in event CCSICombinedCmdManager Cyclic Event. Time Overrun is 32686 us[EOL]
[2026-09-22T08:33:22.956828Z][RH.newgen-samplerecognitioncamera][W][2330306][137]CRTCyclicEvent.cpp:TimeMissed():101|Cycle miss in event CCSICombinedRepManager. Time Overrun is 32686 us[EOL]
[2026-09-22T08:33:22.956962Z][RH.transfer-xyz-gripper][W][2330306][136]CRTCyclicEvent.cpp:TimeMissed():101|Cycle miss in event CCSICombinedRepManager. Time Overrun is 27672 us[EOL]
[2026-09-22T08:33:23.905086Z][RH.transfer-xyz-gripper][W][2330306][136]CRTCyclicEvent.cpp:TimeMissed():101|Cycle miss in event CCSICombinedCmdManager Cyclic Event. Time Overrun is 5839 us[EOL]
[2026-09-22T08:33:23.903007Z][RH.newgen-samplerecognitioncamera][W][2330306][137]CRTCyclicEvent.cpp:TimeMissed():101|Cycle miss in event CCSICombinedCmdManager Cyclic Event. Time Overrun is 8889 us[EOL]
[2026-09-22T08:33:23.904690Z][RH.newgen-rackhandler][W][2330306][155]CRTCyclicEvent.cpp:TimeMissed():101|Cycle miss in event CCSICombinedCmdManager Cyclic Event. Time Overrun is 5465 us[EOL]
[2026-09-22T08:33:23.905119Z][RH.transfer-xyz-gripper][W][2330306][136]CRTCyclicEvent.cpp:TimeMissed():101|Cycle miss in event CCSICombinedRepManager. Time Overrun is 5839 us[EOL]
[2026-09-22T08:33:23.903027Z][RH.newgen-samplerecognitioncamera][W][2330306][137]CRTCyclicEvent.cpp:TimeMissed():101|Cycle miss in event CCSICombinedRepManager. Time Overrun is 8889 us[EOL]
[2026-09-22T08:33:24.304569Z][RH.transfer-xyz-gripper][W][2330306][136]CRTCyclicEvent.cpp:TimeMissed():101|Cycle miss in event CCSICombinedCmdManager Cyclic Event. Time Overrun is 5322 us[EOL]
[2026-09-22T08:33:24.304599Z][RH.transfer-xyz-gripper][W][2330306][136]CRTCyclicEvent.cpp:TimeMissed():101|Cycle miss in event CCSICombinedRepManager. Time Overrun is 5322 us[EOL]
[2026-09-22T08:33:24.303382Z][RH.newgen-rackhandler][W][2330306][155]CRTCyclicEvent.cpp:TimeMissed():101|Cycle miss in event CCSICombinedCmdManager Cyclic Event. Time Overrun is 4156 us[EOL]
[2026-09-22T08:33:24.304677Z][RH.newgen-samplerecognitioncamera][W][2330306][137]CRTCyclicEvent.cpp:TimeMissed():101|Cycle miss in event CCSICombinedCmdManager Cyclic Event. Time Overrun is 569 us[EOL]
[2026-09-22T08:33:24.304702Z][RH.newgen-samplerecognitioncamera][W][2330306][137]CRTCyclicEvent.cpp:TimeMissed():101|Cycle miss in event CCSICombinedRepManager. Time Overrun is 569 us[EOL]
[2026-09-22T08:33:28.027241Z][RH.transfer-xyz-gripper][W][2330306][136]CRTCyclicEvent.cpp:TimeMissed():101|Cycle miss in event CCSICombinedCmdManager Cyclic Event. Time Overrun is 7995 us[EOL]
[2026-09-22T08:33:28.027263Z][RH.transfer-xyz-gripper][W][2330306][136]CRTCyclicEvent.cpp:TimeMissed():101|Cycle miss in event CCSICombinedRepManager. Time Overrun is 7995 us[EOL]
[2026-09-22T08:33:28.027149Z][RH.newgen-samplerecognitioncamera][W][2330306][137]CRTCyclicEvent.cpp:TimeMissed():101|Cycle miss in event CCSICombinedCmdManager Cyclic Event. Time Overrun is 3041 us[EOL]
[2026-09-22T08:33:28.027177Z][RH.newgen-samplerecognitioncamera][W][2330306][137]CRTCyclicEvent.cpp:TimeMissed():101|Cycle miss in event CCSICombinedRepManager. Time Overrun is 3041 us[EOL]
[2026-09-22T08:33:28.029131Z][RH.newgen-rackhandler][W][2330306][155]CRTCyclicEvent.cpp:TimeMissed():101|Cycle miss in event CCSICombinedCmdManager Cyclic Event. Time Overrun is 9906 us[EOL]
[2026-09-22T08:33:28.140040Z][RH.transfer-xyz-gripper][W][2330306][136]CRTCyclicEvent.cpp:TimeMissed():101|Cycle miss in event CCSICombinedCmdManager Cyclic Event. Time Overrun is 791 us[EOL]
[2026-09-22T08:33:28.140087Z][RH.transfer-xyz-gripper][W][2330306][136]CRTCyclicEvent.cpp:TimeMissed():101|Cycle miss in event CCSICombinedRepManager. Time Overrun is 791 us[EOL]
[2026-09-22T08:33:28.139376Z][RH.newgen-rackhandler][W][2330306][155]CRTCyclicEvent.cpp:TimeMissed():101|Cycle miss in event CCSICombinedCmdManager Cyclic Event. Time Overrun is 141 us[EOL]
[2026-09-22T08:33:28.248704Z][RH.newgen-samplerecognitioncamera][W][2330306][137]CRTCyclicEvent.cpp:TimeMissed():101|Cycle miss in event CCSICombinedCmdManager Cyclic Event. Time Overrun is 4593 us[EOL]
[2026-09-22T08:33:28.248748Z][RH.newgen-samplerecognitioncamera][W][2330306][137]CRTCyclicEvent.cpp:TimeMissed():101|Cycle miss in event CCSICombinedRepManager. Time Overrun is 4593 us[EOL]
[2026-09-22T08:33:28.679668Z][RH.newgen-rackhandler][I][2560016][155]IMessageHandler.h:operator()():40|Received RabbitMqMessage Roche.MolLab.InstrumentState.Ping. Content: {"Timestamp":"2026-09-22T08:33:28.6757553Z","PingId":"IS7"}[EOL]
[2026-09-22T08:33:28.679723Z][RH.newgen-rackhandler][I][844444436][155]UnitCommunicator.cpp:SendEvent():424|Publishing event: type=Roche.c68_8800.RackHandler.Echo correlation_id=(n/a)[EOL]
[2026-09-22T08:33:28.679750Z][RH.newgen-rackhandler][I][2560017][155]MessageSender.h:SendEvent():105|Sent RabbitMqEvent Roche.c68_8800.RackHandler.Echo. Content: {"Timestamp":"2026-09-22T08:33:28.679716Z","PingId":"IS7"}[EOL]
[2026-09-22T08:33:29.185823Z][RH.newgen-samplerecognitioncamera][W][2330306][137]CRTCyclicEvent.cpp:TimeMissed():101|Cycle miss in event CCSICombinedCmdManager Cyclic Event. Time Overrun is 1716 us[EOL]
[2026-09-22T08:33:29.185843Z][RH.newgen-samplerecognitioncamera][W][2330306][137]CRTCyclicEvent.cpp:TimeMissed():101|Cycle miss in event CCSICombinedRepManager. Time Overrun is 1716 us[EOL]
[2026-09-22T08:33:29.265438Z][RH.newgen-rackhandler][W][2330306][155]CRTCyclicEvent.cpp:TimeMissed():101|Cycle miss in event CCSICombinedCmdManager Cyclic Event. Time Overrun is 16210 us[EOL]
[2026-09-22T08:33:29.265514Z][RH.transfer-xyz-gripper][W][2330306][136]CRTCyclicEvent.cpp:TimeMissed():101|Cycle miss in event CCSICombinedCmdManager Cyclic Event. Time Overrun is 16265 us[EOL]
[2026-09-22T08:33:29.265563Z][RH.transfer-xyz-gripper][W][2330306][136]CRTCyclicEvent.cpp:TimeMissed():101|Cycle miss in event CCSICombinedRepManager. Time Overrun is 16265 us[EOL]
[2026-09-22T08:33:29.927371Z][RH.newgen-samplerecognitioncamera][W][2330306][137]CRTCyclicEvent.cpp:TimeMissed():101|Cycle miss in event CCSICombinedCmdManager Cyclic Event. Time Overrun is 3263 us[EOL]
[2026-09-22T08:33:29.927397Z][RH.newgen-samplerecognitioncamera][W][2330306][137]CRTCyclicEvent.cpp:TimeMissed():101|Cycle miss in event CCSICombinedRepManager. Time Overrun is 3263 us[EOL]
[2026-09-22T08:33:30.012681Z][RH.transfer-xyz-gripper][W][2330306][136]CRTCyclicEvent.cpp:TimeMissed():101|Cycle miss in event CCSICombinedCmdManager Cyclic Event. Time Overrun is 23429 us[EOL]
[2026-09-22T08:33:30.012708Z][RH.transfer-xyz-gripper][W][2330306][136]CRTCyclicEvent.cpp:TimeMissed():101|Cycle miss in event CCSICombinedRepManager. Time Overrun is 23429 us[EOL]
[2026-09-22T08:33:30.010841Z][RH.newgen-rackhandler][W][2330306][155]CRTCyclicEvent.cpp:TimeMissed():101|Cycle miss in event CCSICombinedCmdManager Cyclic Event. Time Overrun is 21613 us[EOL]
[2026-09-22T08:33:33.876586Z][RH.newgen-rackhandler][W][2330306][155]CRTCyclicEvent.cpp:TimeMissed():101|Cycle miss in event CCSICombinedCmdManager Cyclic Event. Time Overrun is 7361 us[EOL]
[2026-09-22T08:33:33.874634Z][RH.newgen-samplerecognitioncamera][W][2330306][137]CRTCyclicEvent.cpp:TimeMissed():101|Cycle miss in event CCSICombinedCmdManager Cyclic Event. Time Overrun is 526 us[EOL]
[2026-09-22T08:33:33.874661Z][RH.newgen-samplerecognitioncamera][W][2330306][137]CRTCyclicEvent.cpp:TimeMissed():101|Cycle miss in event CCSICombinedRepManager. Time Overrun is 526 us[EOL]
[2026-09-22T08:33:33.874478Z][RH.transfer-xyz-gripper][W][2330306][136]CRTCyclicEvent.cpp:TimeMissed():101|Cycle miss in event CCSICombinedCmdManager Cyclic Event. Time Overrun is 5232 us[EOL]
[2026-09-22T08:33:33.874500Z][RH.transfer-xyz-gripper][W][2330306][136]CRTCyclicEvent.cpp:TimeMissed():101|Cycle miss in event CCSICombinedRepManager. Time Overrun is 5232 us[EOL]
[2026-09-22T08:33:34.502688Z][RH.transfer-xyz-gripper][W][2330306][136]CRTCyclicEvent.cpp:TimeMissed():101|Cycle miss in event CCSICombinedCmdManager Cyclic Event. Time Overrun is 13443 us[EOL]
[2026-09-22T08:33:34.502712Z][RH.transfer-xyz-gripper][W][2330306][136]CRTCyclicEvent.cpp:TimeMissed():101|Cycle miss in event CCSICombinedRepManager. Time Overrun is 13443 us[EOL]
[2026-09-22T08:33:34.501999Z][RH.newgen-rackhandler][W][2330306][155]CRTCyclicEvent.cpp:TimeMissed():101|Cycle miss in event CCSICombinedCmdManager Cyclic Event. Time Overrun is 12774 us[EOL]
[2026-09-22T08:33:34.501737Z][RH.newgen-samplerecognitioncamera][W][2330306][137]CRTCyclicEvent.cpp:TimeMissed():101|Cycle miss in event CCSICombinedCmdManager Cyclic Event. Time Overrun is 17631 us[EOL]
[2026-09-22T08:33:34.501760Z][RH.newgen-samplerecognitioncamera][W][2330306][137]CRTCyclicEvent.cpp:TimeMissed():101|Cycle miss in event CCSICombinedRepManager. Time Overrun is 17631 us[EOL]
[2026-09-22T08:33:35.075278Z][RH.newgen-samplerecognitioncamera][W][2330306][137]CRTCyclicEvent.cpp:TimeMissed():101|Cycle miss in event CCSICombinedCmdManager Cyclic Event. Time Overrun is 1166 us[EOL]
[2026-09-22T08:33:35.074679Z][RH.newgen-rackhandler][W][2330306][155]CRTCyclicEvent.cpp:TimeMissed():101|Cycle miss in event CCSICombinedCmdManager Cyclic Event. Time Overrun is 5448 us[EOL]
[2026-09-22T08:33:35.074799Z][RH.transfer-xyz-gripper][W][2330306][136]CRTCyclicEvent.cpp:TimeMissed():101|Cycle miss in event CCSICombinedCmdManager Cyclic Event. Time Overrun is 5543 us[EOL]
[2026-09-22T08:33:35.074874Z][RH.transfer-xyz-gripper][W][2330306][136]CRTCyclicEvent.cpp:TimeMissed():101|Cycle miss in event CCSICombinedRepManager. Time Overrun is 5543 us[EOL]
[2026-09-22T08:33:35.075317Z][RH.newgen-samplerecognitioncamera][W][2330306][137]CRTCyclicEvent.cpp:TimeMissed():101|Cycle miss in event CCSICombinedRepManager. Time Overrun is 1166 us[EOL]
[2026-09-22T08:33:37.652420Z][RH.transfer-xyz-gripper][W][2330306][136]CRTCyclicEvent.cpp:TimeMissed():101|Cycle miss in event CCSICombinedCmdManager Cyclic Event. Time Overrun is 3171 us[EOL]
[2026-09-22T08:33:37.652447Z][RH.transfer-xyz-gripper][W][2330306][136]CRTCyclicEvent.cpp:TimeMissed():101|Cycle miss in event CCSICombinedRepManager. Time Overrun is 3171 us[EOL]
[2026-09-22T08:33:47.957238Z][RH.transfer-xyz-gripper][W][2330306][136]CRTCyclicEvent.cpp:TimeMissed():101|Cycle miss in event CCSICombinedCmdManager Cyclic Event. Time Overrun is 7990 us[EOL]
[2026-09-22T08:33:47.957269Z][RH.transfer-xyz-gripper][W][2330306][136]CRTCyclicEvent.cpp:TimeMissed():101|Cycle miss in event CCSICombinedRepManager. Time Overrun is 7990 us[EOL]
[2026-09-22T08:33:55.024166Z][RH.newgen-samplerecognitioncamera][W][2330306][137]CRTCyclicEvent.cpp:TimeMissed():101|Cycle miss in event CCSICombinedCmdManager Cyclic Event. Time Overrun is 57 us[EOL]
[2026-09-22T08:33:55.024217Z][RH.newgen-samplerecognitioncamera][W][2330306][137]CRTCyclicEvent.cpp:TimeMissed():101|Cycle miss in event CCSICombinedRepManager. Time Overrun is 57 us[EOL]
[2026-09-22T08:33:56.525205Z][RH.newgen-samplerecognitioncamera][W][2330306][137]CRTCyclicEvent.cpp:TimeMissed():101|Cycle miss in event CCSICombinedCmdManager Cyclic Event. Time Overrun is 11096 us[EOL]
[2026-09-22T08:33:56.524612Z][RH.transfer-xyz-gripper][W][2330306][136]CRTCyclicEvent.cpp:TimeMissed():101|Cycle miss in event CCSICombinedCmdManager Cyclic Event. Time Overrun is 15365 us[EOL]
[2026-09-22T08:33:56.525488Z][RH.newgen-rackhandler][W][2330306][155]CRTCyclicEvent.cpp:TimeMissed():101|Cycle miss in event CCSICombinedCmdManager Cyclic Event. Time Overrun is 16263 us[EOL]
[2026-09-22T08:33:56.524669Z][RH.transfer-xyz-gripper][W][2330306][136]CRTCyclicEvent.cpp:TimeMissed():101|Cycle miss in event CCSICombinedRepManager. Time Overrun is 15365 us[EOL]
[2026-09-22T08:33:56.525252Z][RH.newgen-samplerecognitioncamera][W][2330306][137]CRTCyclicEvent.cpp:TimeMissed():101|Cycle miss in event CCSICombinedRepManager. Time Overrun is 11096 us[EOL]
[2026-09-22T08:33:58.322090Z][RH.newgen-samplerecognitioncamera][W][2330306][137]CRTCyclicEvent.cpp:TimeMissed():101|Cycle miss in event CCSICombinedCmdManager Cyclic Event. Time Overrun is 7981 us[EOL]
[2026-09-22T08:33:58.321901Z][RH.newgen-rackhandler][W][2330306][155]CRTCyclicEvent.cpp:TimeMissed():101|Cycle miss in event CCSICombinedCmdManager Cyclic Event. Time Overrun is 12670 us[EOL]
[2026-09-22T08:33:58.322114Z][RH.newgen-samplerecognitioncamera][W][2330306][137]CRTCyclicEvent.cpp:TimeMissed():101|Cycle miss in event CCSICombinedRepManager. Time Overrun is 7981 us[EOL]
[2026-09-22T08:33:58.688655Z][RH.newgen-rackhandler][I][2560016][155]IMessageHandler.h:operator()():40|Received RabbitMqMessage Roche.MolLab.InstrumentState.Ping. Content: {"Timestamp":"2026-09-22T08:33:58.676068Z","PingId":"IS8"}[EOL]
[2026-09-22T08:33:58.688711Z][RH.newgen-rackhandler][I][844444436][155]UnitCommunicator.cpp:SendEvent():424|Publishing event: type=Roche.c68_8800.RackHandler.Echo correlation_id=(n/a)[EOL]
[2026-09-22T08:33:58.688732Z][RH.newgen-rackhandler][I][2560017][155]MessageSender.h:SendEvent():105|Sent RabbitMqEvent Roche.c68_8800.RackHandler.Echo. Content: {"Timestamp":"2026-09-22T08:33:58.688704Z","PingId":"IS8"}[EOL]
[2026-09-22T08:33:59.712569Z][RH.newgen-rackhandler][W][2330306][155]CRTCyclicEvent.cpp:TimeMissed():101|Cycle miss in event CCSICombinedCmdManager Cyclic Event. Time Overrun is 3323 us[EOL]
[2026-09-22T08:33:59.711450Z][RH.newgen-samplerecognitioncamera][W][2330306][137]CRTCyclicEvent.cpp:TimeMissed():101|Cycle miss in event CCSICombinedCmdManager Cyclic Event. Time Overrun is 7337 us[EOL]
[2026-09-22T08:33:59.711500Z][RH.newgen-samplerecognitioncamera][W][2330306][137]CRTCyclicEvent.cpp:TimeMissed():101|Cycle miss in event CCSICombinedRepManager. Time Overrun is 7337 us[EOL]
[2026-09-22T08:33:59.711812Z][RH.transfer-xyz-gripper][W][2330306][136]CRTCyclicEvent.cpp:TimeMissed():101|Cycle miss in event CCSICombinedCmdManager Cyclic Event. Time Overrun is 2565 us[EOL]
[2026-09-22T08:33:59.711843Z][RH.transfer-xyz-gripper][W][2330306][136]CRTCyclicEvent.cpp:TimeMissed():101|Cycle miss in event CCSICombinedRepManager. Time Overrun is 2565 us[EOL]
[2026-09-22T08:34:09.064875Z][RH.newgen-samplerecognitioncamera][W][2330306][137]CRTCyclicEvent.cpp:TimeMissed():101|Cycle miss in event CCSICombinedCmdManager Cyclic Event. Time Overrun is 764 us[EOL]
[2026-09-22T08:34:09.064908Z][RH.newgen-samplerecognitioncamera][W][2330306][137]CRTCyclicEvent.cpp:TimeMissed():101|Cycle miss in event CCSICombinedRepManager. Time Overrun is 764 us[EOL]
[2026-09-22T08:34:09.129794Z][RH.transfer-xyz-gripper][W][2330306][136]CRTCyclicEvent.cpp:TimeMissed():101|Cycle miss in event CCSICombinedCmdManager Cyclic Event. Time Overrun is 543 us[EOL]
[2026-09-22T08:34:09.129835Z][RH.transfer-xyz-gripper][W][2330306][136]CRTCyclicEvent.cpp:TimeMissed():101|Cycle miss in event CCSICombinedRepManager. Time Overrun is 543 us[EOL]
[2026-09-22T08:34:09.129643Z][RH.newgen-rackhandler][W][2330306][155]CRTCyclicEvent.cpp:TimeMissed():101|Cycle miss in event CCSICombinedCmdManager Cyclic Event. Time Overrun is 412 us[EOL]
[2026-09-22T08:34:09.332061Z][RH.newgen-rackhandler][W][2330306][155]CRTCyclicEvent.cpp:TimeMissed():101|Cycle miss in event CCSICombinedCmdManager Cyclic Event. Time Overrun is 2827 us[EOL]
[2026-09-22T08:34:14.325927Z][RH.newgen-samplerecognitioncamera][W][2330306][137]CRTCyclicEvent.cpp:TimeMissed():101|Cycle miss in event CCSICombinedCmdManager Cyclic Event. Time Overrun is 1354 us[EOL]
[2026-09-22T08:34:14.326334Z][RH.newgen-samplerecognitioncamera][W][2330306][137]CRTCyclicEvent.cpp:TimeMissed():101|Cycle miss in event CCSICombinedRepManager. Time Overrun is 1354 us[EOL]
[2026-09-22T08:34:14.329433Z][RH.newgen-rackhandler][W][2330306][155]CRTCyclicEvent.cpp:TimeMissed():101|Cycle miss in event CCSICombinedCmdManager Cyclic Event. Time Overrun is 205 us[EOL]
[2026-09-22T08:34:15.221772Z][RH.newgen-rackhandler][W][2330306][155]CRTCyclicEvent.cpp:TimeMissed():101|Cycle miss in event CCSICombinedCmdManager Cyclic Event. Time Overrun is 2545 us[EOL]
[2026-09-22T08:34:18.287156Z][RH.newgen-samplerecognitioncamera][W][2330306][137]CRTCyclicEvent.cpp:TimeMissed():101|Cycle miss in event CCSICombinedCmdManager Cyclic Event. Time Overrun is 3042 us[EOL]
[2026-09-22T08:34:18.286983Z][RH.newgen-rackhandler][W][2330306][155]CRTCyclicEvent.cpp:TimeMissed():101|Cycle miss in event CCSICombinedCmdManager Cyclic Event. Time Overrun is 7748 us[EOL]
[2026-09-22T08:34:18.287198Z][RH.newgen-samplerecognitioncamera][W][2330306][137]CRTCyclicEvent.cpp:TimeMissed():101|Cycle miss in event CCSICombinedRepManager. Time Overrun is 3042 us[EOL]
[2026-09-22T08:34:18.618679Z][RH.newgen-rackhandler][W][2330306][155]CRTCyclicEvent.cpp:TimeMissed():101|Cycle miss in event CCSICombinedCmdManager Cyclic Event. Time Overrun is 19443 us[EOL]
[2026-09-22T08:34:18.855021Z][RH.transfer-xyz-gripper][W][2330306][136]CRTCyclicEvent.cpp:TimeMissed():101|Cycle miss in event CCSICombinedCmdManager Cyclic Event. Time Overrun is 5770 us[EOL]
[2026-09-22T08:34:18.855071Z][RH.transfer-xyz-gripper][W][2330306][136]CRTCyclicEvent.cpp:TimeMissed():101|Cycle miss in event CCSICombinedRepManager. Time Overrun is 5770 us[EOL]
[2026-09-22T08:34:19.015622Z][RH.newgen-rackhandler][W][2330306][155]CRTCyclicEvent.cpp:TimeMissed():101|Cycle miss in event CCSICombinedCmdManager Cyclic Event. Time Overrun is 6396 us[EOL]
[2026-09-22T08:34:19.148361Z][RH.newgen-samplerecognitioncamera][W][2330306][137]CRTCyclicEvent.cpp:TimeMissed():101|Cycle miss in event CCSICombinedCmdManager Cyclic Event. Time Overrun is 44251 us[EOL]
[2026-09-22T08:34:19.148725Z][RH.transfer-xyz-gripper][W][2330306][136]CRTCyclicEvent.cpp:TimeMissed():101|Cycle miss in event CCSICombinedCmdManager Cyclic Event. Time Overrun is 19476 us[EOL]
[2026-09-22T08:34:19.148766Z][RH.transfer-xyz-gripper][W][2330306][136]CRTCyclicEvent.cpp:TimeMissed():101|Cycle miss in event CCSICombinedRepManager. Time Overrun is 19476 us[EOL]
[2026-09-22T08:34:19.148398Z][RH.newgen-samplerecognitioncamera][W][2330306][137]CRTCyclicEvent.cpp:TimeMissed():101|Cycle miss in event CCSICombinedRepManager. Time Overrun is 44251 us[EOL]
[2026-09-22T08:34:19.366065Z][RH.newgen-rackhandler][W][2330306][155]CRTCyclicEvent.cpp:TimeMissed():101|Cycle miss in event CCSICombinedCmdManager Cyclic Event. Time Overrun is 16813 us[EOL]
[2026-09-22T08:34:19.650431Z][RH.newgen-rackhandler][W][2330306][155]CRTCyclicEvent.cpp:TimeMissed():101|Cycle miss in event CCSICombinedCmdManager Cyclic Event. Time Overrun is 1203 us[EOL]
[2026-09-22T08:34:21.533865Z][RH.transfer-xyz-gripper][W][2330306][136]CRTCyclicEvent.cpp:TimeMissed():101|Cycle miss in event CCSICombinedCmdManager Cyclic Event. Time Overrun is 14619 us[EOL]
[2026-09-22T08:34:21.533890Z][RH.transfer-xyz-gripper][W][2330306][136]CRTCyclicEvent.cpp:TimeMissed():101|Cycle miss in event CCSICombinedRepManager. Time Overrun is 14619 us[EOL]
[2026-09-22T08:34:21.534007Z][RH.newgen-samplerecognitioncamera][W][2330306][137]CRTCyclicEvent.cpp:TimeMissed():101|Cycle miss in event CCSICombinedCmdManager Cyclic Event. Time Overrun is 9900 us[EOL]
[2026-09-22T08:34:21.534038Z][RH.newgen-samplerecognitioncamera][W][2330306][137]CRTCyclicEvent.cpp:TimeMissed():101|Cycle miss in event CCSICombinedRepManager. Time Overrun is 9900 us[EOL]
[2026-09-22T08:34:28.683021Z][RH.newgen-rackhandler][I][2560016][155]IMessageHandler.h:operator()():40|Received RabbitMqMessage Roche.MolLab.InstrumentState.Ping. Content: {"Timestamp":"2026-09-22T08:34:28.6753079Z","PingId":"IS9"}[EOL]
[2026-09-22T08:34:28.683259Z][RH.newgen-rackhandler][I][844444436][155]UnitCommunicator.cpp:SendEvent():424|Publishing event: type=Roche.c68_8800.RackHandler.Echo correlation_id=(n/a)[EOL]
[2026-09-22T08:34:28.683323Z][RH.newgen-rackhandler][I][2560017][155]MessageSender.h:SendEvent():105|Sent RabbitMqEvent Roche.c68_8800.RackHandler.Echo. Content: {"Timestamp":"2026-09-22T08:34:28.683244Z","PingId":"IS9"}[EOL]
[2026-09-22T08:34:31.732191Z][RH.transfer-xyz-gripper][W][2330306][136]CRTCyclicEvent.cpp:TimeMissed():101|Cycle miss in event CCSICombinedCmdManager Cyclic Event. Time Overrun is 2940 us[EOL]
[2026-09-22T08:34:31.732234Z][RH.transfer-xyz-gripper][W][2330306][136]CRTCyclicEvent.cpp:TimeMissed():101|Cycle miss in event CCSICombinedRepManager. Time Overrun is 2940 us[EOL]
[2026-09-22T08:34:33.797678Z][RH.transfer-xyz-gripper][W][2330306][136]CRTCyclicEvent.cpp:TimeMissed():101|Cycle miss in event CCSICombinedCmdManager Cyclic Event. Time Overrun is 8422 us[EOL]
[2026-09-22T08:34:33.797764Z][RH.transfer-xyz-gripper][W][2330306][136]CRTCyclicEvent.cpp:TimeMissed():101|Cycle miss in event CCSICombinedRepManager. Time Overrun is 8422 us[EOL]
[2026-09-22T08:34:33.796278Z][RH.newgen-rackhandler][W][2330306][155]CRTCyclicEvent.cpp:TimeMissed():101|Cycle miss in event CCSICombinedCmdManager Cyclic Event. Time Overrun is 7049 us[EOL]
[2026-09-22T08:34:33.796989Z][RH.newgen-samplerecognitioncamera][W][2330306][137]CRTCyclicEvent.cpp:TimeMissed():101|Cycle miss in event CCSICombinedCmdManager Cyclic Event. Time Overrun is 2880 us[EOL]
[2026-09-22T08:34:33.797026Z][RH.newgen-samplerecognitioncamera][W][2330306][137]CRTCyclicEvent.cpp:TimeMissed():101|Cycle miss in event CCSICombinedRepManager. Time Overrun is 2880 us[EOL]
[2026-09-22T08:34:39.145466Z][RH.newgen-samplerecognitioncamera][W][2330306][137]CRTCyclicEvent.cpp:TimeMissed():101|Cycle miss in event CCSICombinedCmdManager Cyclic Event. Time Overrun is 1354 us[EOL]
[2026-09-22T08:34:39.145523Z][RH.newgen-samplerecognitioncamera][W][2330306][137]CRTCyclicEvent.cpp:TimeMissed():101|Cycle miss in event CCSICombinedRepManager. Time Overrun is 1354 us[EOL]
[2026-09-22T08:34:42.070354Z][RH.transfer-xyz-gripper][W][2330306][136]CRTCyclicEvent.cpp:TimeMissed():101|Cycle miss in event CCSICombinedCmdManager Cyclic Event. Time Overrun is 1105 us[EOL]
[2026-09-22T08:34:42.070389Z][RH.transfer-xyz-gripper][W][2330306][136]CRTCyclicEvent.cpp:TimeMissed():101|Cycle miss in event CCSICombinedRepManager. Time Overrun is 1105 us[EOL]
[2026-09-22T08:34:47.597759Z][RH.newgen-samplerecognitioncamera][W][2330306][137]CRTCyclicEvent.cpp:TimeMissed():101|Cycle miss in event CCSICombinedCmdManager Cyclic Event. Time Overrun is 3639 us[EOL]
[2026-09-22T08:34:47.604250Z][RH.transfer-xyz-gripper][W][2330306][136]CRTCyclicEvent.cpp:TimeMissed():101|Cycle miss in event CCSICombinedCmdManager Cyclic Event. Time Overrun is 4995 us[EOL]
[2026-09-22T08:34:47.597819Z][RH.newgen-samplerecognitioncamera][W][2330306][137]CRTCyclicEvent.cpp:TimeMissed():101|Cycle miss in event CCSICombinedRepManager. Time Overrun is 3639 us[EOL]
[2026-09-22T08:34:47.604359Z][RH.transfer-xyz-gripper][W][2330306][136]CRTCyclicEvent.cpp:TimeMissed():101|Cycle miss in event CCSICombinedRepManager. Time Overrun is 4995 us[EOL]
[2026-09-22T08:34:49.045489Z][RH.newgen-rackhandler][W][2330306][155]CRTCyclicEvent.cpp:TimeMissed():101|Cycle miss in event CCSICombinedCmdManager Cyclic Event. Time Overrun is 6263 us[EOL]
[2026-09-22T08:34:49.045815Z][RH.newgen-samplerecognitioncamera][W][2330306][137]CRTCyclicEvent.cpp:TimeMissed():101|Cycle miss in event CCSICombinedCmdManager Cyclic Event. Time Overrun is 1708 us[EOL]
[2026-09-22T08:34:49.045845Z][RH.newgen-samplerecognitioncamera][W][2330306][137]CRTCyclicEvent.cpp:TimeMissed():101|Cycle miss in event CCSICombinedRepManager. Time Overrun is 1708 us[EOL]
[2026-09-22T08:34:49.045348Z][RH.transfer-xyz-gripper][W][2330306][136]CRTCyclicEvent.cpp:TimeMissed():101|Cycle miss in event CCSICombinedCmdManager Cyclic Event. Time Overrun is 6101 us[EOL]
[2026-09-22T08:34:49.045382Z][RH.transfer-xyz-gripper][W][2330306][136]CRTCyclicEvent.cpp:TimeMissed():101|Cycle miss in event CCSICombinedRepManager. Time Overrun is 6101 us[EOL]
[2026-09-22T08:34:51.655277Z][RH.newgen-samplerecognitioncamera][W][2330306][137]CRTCyclicEvent.cpp:TimeMissed():101|Cycle miss in event CCSICombinedCmdManager Cyclic Event. Time Overrun is 1170 us[EOL]
[2026-09-22T08:34:51.655306Z][RH.newgen-samplerecognitioncamera][W][2330306][137]CRTCyclicEvent.cpp:TimeMissed():101|Cycle miss in event CCSICombinedRepManager. Time Overrun is 1170 us[EOL]
[2026-09-22T08:34:52.989693Z][RH.transfer-xyz-gripper][W][2330306][136]CRTCyclicEvent.cpp:TimeMissed():101|Cycle miss in event CCSICombinedCmdManager Cyclic Event. Time Overrun is 439 us[EOL]
[2026-09-22T08:34:52.989736Z][RH.transfer-xyz-gripper][W][2330306][136]CRTCyclicEvent.cpp:TimeMissed():101|Cycle miss in event CCSICombinedRepManager. Time Overrun is 439 us[EOL]
[2026-09-22T08:34:53.194166Z][RH.newgen-samplerecognitioncamera][W][2330306][137]CRTCyclicEvent.cpp:TimeMissed():101|Cycle miss in event CCSICombinedCmdManager Cyclic Event. Time Overrun is 48 us[EOL]
[2026-09-22T08:34:53.194215Z][RH.newgen-samplerecognitioncamera][W][2330306][137]CRTCyclicEvent.cpp:TimeMissed():101|Cycle miss in event CCSICombinedRepManager. Time Overrun is 48 us[EOL]
[2026-09-22T08:34:57.841752Z][RH.newgen-rackhandler][W][2330306][155]CRTCyclicEvent.cpp:TimeMissed():101|Cycle miss in event CCSICombinedCmdManager Cyclic Event. Time Overrun is 2524 us[EOL]
[2026-09-22T08:34:57.841982Z][RH.transfer-xyz-gripper][W][2330306][136]CRTCyclicEvent.cpp:TimeMissed():101|Cycle miss in event CCSICombinedCmdManager Cyclic Event. Time Overrun is 2717 us[EOL]
[2026-09-22T08:34:57.842020Z][RH.transfer-xyz-gripper][W][2330306][136]CRTCyclicEvent.cpp:TimeMissed():101|Cycle miss in event CCSICombinedRepManager. Time Overrun is 2717 us[EOL]
[2026-09-22T08:34:58.684464Z][RH.newgen-rackhandler][I][2560016][155]IMessageHandler.h:operator()():40|Received RabbitMqMessage Roche.MolLab.InstrumentState.Ping. Content: {"Timestamp":"2026-09-22T08:34:58.6775151Z","PingId":"IS10"}[EOL]
[2026-09-22T08:34:58.684551Z][RH.newgen-rackhandler][I][844444436][155]UnitCommunicator.cpp:SendEvent():424|Publishing event: type=Roche.c68_8800.RackHandler.Echo correlation_id=(n/a)[EOL]
[2026-09-22T08:34:58.684610Z][RH.newgen-rackhandler][I][2560017][155]MessageSender.h:SendEvent():105|Sent RabbitMqEvent Roche.c68_8800.RackHandler.Echo. Content: {"Timestamp":"2026-09-22T08:34:58.684538Z","PingId":"IS10"}[EOL]
[2026-09-22T08:35:00.415093Z][RH.newgen-samplerecognitioncamera][W][2330306][137]CRTCyclicEvent.cpp:TimeMissed():101|Cycle miss in event CCSICombinedCmdManager Cyclic Event. Time Overrun is 10957 us[EOL]
[2026-09-22T08:35:00.415281Z][RH.newgen-samplerecognitioncamera][W][2330306][137]CRTCyclicEvent.cpp:TimeMissed():101|Cycle miss in event CCSICombinedRepManager. Time Overrun is 10957 us[EOL]
[2026-09-22T08:35:10.584724Z][RH.transfer-xyz-gripper][W][2330306][136]CRTCyclicEvent.cpp:TimeMissed():101|Cycle miss in event CCSICombinedCmdManager Cyclic Event. Time Overrun is 5476 us[EOL]
[2026-09-22T08:35:10.584753Z][RH.transfer-xyz-gripper][W][2330306][136]CRTCyclicEvent.cpp:TimeMissed():101|Cycle miss in event CCSICombinedRepManager. Time Overrun is 5476 us[EOL]
[2026-09-22T08:35:10.585215Z][RH.newgen-samplerecognitioncamera][W][2330306][137]CRTCyclicEvent.cpp:TimeMissed():101|Cycle miss in event CCSICombinedCmdManager Cyclic Event. Time Overrun is 1107 us[EOL]
[2026-09-22T08:35:10.585241Z][RH.newgen-samplerecognitioncamera][W][2330306][137]CRTCyclicEvent.cpp:TimeMissed():101|Cycle miss in event CCSICombinedRepManager. Time Overrun is 1107 us[EOL]
[2026-09-22T08:35:24.351113Z][RH.newgen-rackhandler][W][2330306][155]CRTCyclicEvent.cpp:TimeMissed():101|Cycle miss in event CCSICombinedCmdManager Cyclic Event. Time Overrun is 1885 us[EOL]
[2026-09-22T08:35:26.519272Z][RH.newgen-rackhandler][W][2330306][155]CRTCyclicEvent.cpp:TimeMissed():101|Cycle miss in event CCSICombinedCmdManager Cyclic Event. Time Overrun is 20046 us[EOL]
[2026-09-22T08:35:26.518618Z][RH.transfer-xyz-gripper][W][2330306][136]CRTCyclicEvent.cpp:TimeMissed():101|Cycle miss in event CCSICombinedCmdManager Cyclic Event. Time Overrun is 19369 us[EOL]
[2026-09-22T08:35:26.518656Z][RH.transfer-xyz-gripper][W][2330306][136]CRTCyclicEvent.cpp:TimeMissed():101|Cycle miss in event CCSICombinedRepManager. Time Overrun is 19369 us[EOL]
[2026-09-22T08:35:26.519767Z][RH.newgen-samplerecognitioncamera][W][2330306][137]CRTCyclicEvent.cpp:TimeMissed():101|Cycle miss in event CCSICombinedCmdManager Cyclic Event. Time Overrun is 15659 us[EOL]
[2026-09-22T08:35:26.519799Z][RH.newgen-samplerecognitioncamera][W][2330306][137]CRTCyclicEvent.cpp:TimeMissed():101|Cycle miss in event CCSICombinedRepManager. Time Overrun is 15659 us[EOL]
[2026-09-22T08:35:27.824307Z][RH.newgen-samplerecognitioncamera][W][2330306][137]CRTCyclicEvent.cpp:TimeMissed():101|Cycle miss in event CCSICombinedCmdManager Cyclic Event. Time Overrun is 198 us[EOL]
[2026-09-22T08:35:27.824329Z][RH.newgen-samplerecognitioncamera][W][2330306][137]CRTCyclicEvent.cpp:TimeMissed():101|Cycle miss in event CCSICombinedRepManager. Time Overrun is 198 us[EOL]
[2026-09-22T08:35:28.699965Z][RH.newgen-rackhandler][I][2560016][155]IMessageHandler.h:operator()():40|Received RabbitMqMessage Roche.MolLab.InstrumentState.Ping. Content: {"Timestamp":"2026-09-22T08:35:28.6744327Z","PingId":"IS11"}[EOL]
[2026-09-22T08:35:28.700026Z][RH.newgen-rackhandler][I][844444436][155]UnitCommunicator.cpp:SendEvent():424|Publishing event: type=Roche.c68_8800.RackHandler.Echo correlation_id=(n/a)[EOL]
[2026-09-22T08:35:28.700052Z][RH.newgen-rackhandler][I][2560017][155]MessageSender.h:SendEvent():105|Sent RabbitMqEvent Roche.c68_8800.RackHandler.Echo. Content: {"Timestamp":"2026-09-22T08:35:28.700017Z","PingId":"IS11"}[EOL]
[2026-09-22T08:35:29.404873Z][RH.transfer-xyz-gripper][W][2330306][136]CRTCyclicEvent.cpp:TimeMissed():101|Cycle miss in event CCSICombinedCmdManager Cyclic Event. Time Overrun is 15624 us[EOL]
[2026-09-22T08:35:29.404779Z][RH.newgen-rackhandler][W][2330306][155]CRTCyclicEvent.cpp:TimeMissed():101|Cycle miss in event CCSICombinedCmdManager Cyclic Event. Time Overrun is 15530 us[EOL]
[2026-09-22T08:35:29.406910Z][RH.newgen-samplerecognitioncamera][W][2330306][137]CRTCyclicEvent.cpp:TimeMissed():101|Cycle miss in event CCSICombinedCmdManager Cyclic Event. Time Overrun is 12798 us[EOL]
[2026-09-22T08:35:29.406940Z][RH.newgen-samplerecognitioncamera][W][2330306][137]CRTCyclicEvent.cpp:TimeMissed():101|Cycle miss in event CCSICombinedRepManager. Time Overrun is 12798 us[EOL]
[2026-09-22T08:35:29.404911Z][RH.transfer-xyz-gripper][W][2330306][136]CRTCyclicEvent.cpp:TimeMissed():101|Cycle miss in event CCSICombinedRepManager. Time Overrun is 15624 us[EOL]
[2026-09-22T08:35:29.639254Z][RH.newgen-rackhandler][W][2330306][155]CRTCyclicEvent.cpp:TimeMissed():101|Cycle miss in event CCSICombinedCmdManager Cyclic Event. Time Overrun is 29 us[EOL]
[2026-09-22T08:35:29.638982Z][RH.newgen-samplerecognitioncamera][W][2330306][137]CRTCyclicEvent.cpp:TimeMissed():101|Cycle miss in event CCSICombinedCmdManager Cyclic Event. Time Overrun is 4874 us[EOL]
[2026-09-22T08:35:29.639014Z][RH.newgen-samplerecognitioncamera][W][2330306][137]CRTCyclicEvent.cpp:TimeMissed():101|Cycle miss in event CCSICombinedRepManager. Time Overrun is 4874 us[EOL]
[2026-09-22T08:35:29.639766Z][RH.transfer-xyz-gripper][W][2330306][136]CRTCyclicEvent.cpp:TimeMissed():101|Cycle miss in event CCSICombinedCmdManager Cyclic Event. Time Overrun is 517 us[EOL]
[2026-09-22T08:35:29.639802Z][RH.transfer-xyz-gripper][W][2330306][136]CRTCyclicEvent.cpp:TimeMissed():101|Cycle miss in event CCSICombinedRepManager. Time Overrun is 517 us[EOL]
[2026-09-22T08:35:31.825260Z][RH.newgen-samplerecognitioncamera][W][2330306][137]CRTCyclicEvent.cpp:TimeMissed():101|Cycle miss in event CCSICombinedCmdManager Cyclic Event. Time Overrun is 1152 us[EOL]
[2026-09-22T08:35:31.825291Z][RH.newgen-samplerecognitioncamera][W][2330306][137]CRTCyclicEvent.cpp:TimeMissed():101|Cycle miss in event CCSICombinedRepManager. Time Overrun is 1152 us[EOL]
[2026-09-22T08:35:31.948727Z][RH.newgen-rackhandler][W][2330306][155]CRTCyclicEvent.cpp:TimeMissed():101|Cycle miss in event CCSICombinedCmdManager Cyclic Event. Time Overrun is 9502 us[EOL]
[2026-09-22T08:35:31.946875Z][RH.transfer-xyz-gripper][W][2330306][136]CRTCyclicEvent.cpp:TimeMissed():101|Cycle miss in event CCSICombinedCmdManager Cyclic Event. Time Overrun is 7630 us[EOL]
[2026-09-22T08:35:31.946981Z][RH.transfer-xyz-gripper][W][2330306][136]CRTCyclicEvent.cpp:TimeMissed():101|Cycle miss in event CCSICombinedRepManager. Time Overrun is 7630 us[EOL]
[2026-09-22T08:35:31.947450Z][RH.newgen-samplerecognitioncamera][W][2330306][137]CRTCyclicEvent.cpp:TimeMissed():101|Cycle miss in event CCSICombinedCmdManager Cyclic Event. Time Overrun is 3344 us[EOL]
[2026-09-22T08:35:31.947470Z][RH.newgen-samplerecognitioncamera][W][2330306][137]CRTCyclicEvent.cpp:TimeMissed():101|Cycle miss in event CCSICombinedRepManager. Time Overrun is 3344 us[EOL]
[2026-09-22T08:35:32.447883Z][RH.newgen-samplerecognitioncamera][W][2330306][137]CRTCyclicEvent.cpp:TimeMissed():101|Cycle miss in event CCSICombinedCmdManager Cyclic Event. Time Overrun is 3776 us[EOL]
[2026-09-22T08:35:32.447937Z][RH.newgen-samplerecognitioncamera][W][2330306][137]CRTCyclicEvent.cpp:TimeMissed():101|Cycle miss in event CCSICombinedRepManager. Time Overrun is 3776 us[EOL]
[2026-09-22T08:35:32.449803Z][RH.transfer-xyz-gripper][W][2330306][136]CRTCyclicEvent.cpp:TimeMissed():101|Cycle miss in event CCSICombinedCmdManager Cyclic Event. Time Overrun is 557 us[EOL]
[2026-09-22T08:35:32.449824Z][RH.transfer-xyz-gripper][W][2330306][136]CRTCyclicEvent.cpp:TimeMissed():101|Cycle miss in event CCSICombinedRepManager. Time Overrun is 557 us[EOL]
[2026-09-22T08:35:34.826042Z][RH.newgen-samplerecognitioncamera][W][2330306][137]CRTCyclicEvent.cpp:TimeMissed():101|Cycle miss in event CCSICombinedCmdManager Cyclic Event. Time Overrun is 1933 us[EOL]
[2026-09-22T08:35:34.826063Z][RH.newgen-samplerecognitioncamera][W][2330306][137]CRTCyclicEvent.cpp:TimeMissed():101|Cycle miss in event CCSICombinedRepManager. Time Overrun is 1933 us[EOL]
[2026-09-22T08:35:39.172713Z][RH.newgen-rackhandler][W][2330306][155]CRTCyclicEvent.cpp:TimeMissed():101|Cycle miss in event CCSICombinedCmdManager Cyclic Event. Time Overrun is 3486 us[EOL]
[2026-09-22T08:35:39.172954Z][RH.transfer-xyz-gripper][W][2330306][136]CRTCyclicEvent.cpp:TimeMissed():101|Cycle miss in event CCSICombinedCmdManager Cyclic Event. Time Overrun is 3705 us[EOL]
[2026-09-22T08:35:39.172995Z][RH.transfer-xyz-gripper][W][2330306][136]CRTCyclicEvent.cpp:TimeMissed():101|Cycle miss in event CCSICombinedRepManager. Time Overrun is 3705 us[EOL]
[2026-09-22T08:35:40.923324Z][RH.newgen-samplerecognitioncamera][W][2330306][137]CRTCyclicEvent.cpp:TimeMissed():101|Cycle miss in event CCSICombinedCmdManager Cyclic Event. Time Overrun is 9214 us[EOL]
[2026-09-22T08:35:40.919551Z][RH.newgen-rackhandler][W][2330306][155]CRTCyclicEvent.cpp:TimeMissed():101|Cycle miss in event CCSICombinedCmdManager Cyclic Event. Time Overrun is 10323 us[EOL]
[2026-09-22T08:35:40.922970Z][RH.transfer-xyz-gripper][W][2330306][136]CRTCyclicEvent.cpp:TimeMissed():101|Cycle miss in event CCSICombinedCmdManager Cyclic Event. Time Overrun is 13721 us[EOL]
[2026-09-22T08:35:40.923358Z][RH.newgen-samplerecognitioncamera][W][2330306][137]CRTCyclicEvent.cpp:TimeMissed():101|Cycle miss in event CCSICombinedRepManager. Time Overrun is 9214 us[EOL]
[2026-09-22T08:35:40.923009Z][RH.transfer-xyz-gripper][W][2330306][136]CRTCyclicEvent.cpp:TimeMissed():101|Cycle miss in event CCSICombinedRepManager. Time Overrun is 13721 us[EOL]
[2026-09-22T08:35:51.635911Z][RH.transfer-xyz-gripper][W][2330306][136]CRTCyclicEvent.cpp:TimeMissed():101|Cycle miss in event CCSICombinedCmdManager Cyclic Event. Time Overrun is 6664 us[EOL]
[2026-09-22T08:35:51.635943Z][RH.transfer-xyz-gripper][W][2330306][136]CRTCyclicEvent.cpp:TimeMissed():101|Cycle miss in event CCSICombinedRepManager. Time Overrun is 6664 us[EOL]
[2026-09-22T08:35:55.477527Z][RH.newgen-rackhandler][W][2330306][155]CRTCyclicEvent.cpp:TimeMissed():101|Cycle miss in event CCSICombinedCmdManager Cyclic Event. Time Overrun is 8303 us[EOL]
[2026-09-22T08:35:55.480077Z][RH.transfer-xyz-gripper][W][2330306][136]CRTCyclicEvent.cpp:TimeMissed():101|Cycle miss in event CCSICombinedCmdManager Cyclic Event. Time Overrun is 830 us[EOL]
[2026-09-22T08:35:55.480108Z][RH.transfer-xyz-gripper][W][2330306][136]CRTCyclicEvent.cpp:TimeMissed():101|Cycle miss in event CCSICombinedRepManager. Time Overrun is 830 us[EOL]
[2026-09-22T08:35:55.480717Z][RH.newgen-samplerecognitioncamera][W][2330306][137]CRTCyclicEvent.cpp:TimeMissed():101|Cycle miss in event CCSICombinedCmdManager Cyclic Event. Time Overrun is 6589 us[EOL]
[2026-09-22T08:35:55.480754Z][RH.newgen-samplerecognitioncamera][W][2330306][137]CRTCyclicEvent.cpp:TimeMissed():101|Cycle miss in event CCSICombinedRepManager. Time Overrun is 6589 us[EOL]
[2026-09-22T08:35:57.827687Z][RH.newgen-samplerecognitioncamera][W][2330306][137]CRTCyclicEvent.cpp:TimeMissed():101|Cycle miss in event CCSICombinedCmdManager Cyclic Event. Time Overrun is 3576 us[EOL]
[2026-09-22T08:35:57.827712Z][RH.newgen-samplerecognitioncamera][W][2330306][137]CRTCyclicEvent.cpp:TimeMissed():101|Cycle miss in event CCSICombinedRepManager. Time Overrun is 3576 us[EOL]
[2026-09-22T08:35:58.495324Z][RH.newgen-samplerecognitioncamera][W][2330306][137]CRTCyclicEvent.cpp:TimeMissed():101|Cycle miss in event CCSICombinedCmdManager Cyclic Event. Time Overrun is 1130 us[EOL]
[2026-09-22T08:35:58.499747Z][RH.newgen-rackhandler][W][2330306][155]CRTCyclicEvent.cpp:TimeMissed():101|Cycle miss in event CCSICombinedCmdManager Cyclic Event. Time Overrun is 519 us[EOL]
[2026-09-22T08:35:58.495345Z][RH.newgen-samplerecognitioncamera][W][2330306][137]CRTCyclicEvent.cpp:TimeMissed():101|Cycle miss in event CCSICombinedRepManager. Time Overrun is 1130 us[EOL]
[2026-09-22T08:35:58.682549Z][RH.newgen-rackhandler][I][2560016][155]IMessageHandler.h:operator()():40|Received RabbitMqMessage Roche.MolLab.InstrumentState.Ping. Content: {"Timestamp":"2026-09-22T08:35:58.6770944Z","PingId":"IS12"}[EOL]
[2026-09-22T08:35:58.682594Z][RH.newgen-rackhandler][I][844444436][155]UnitCommunicator.cpp:SendEvent():424|Publishing event: type=Roche.c68_8800.RackHandler.Echo correlation_id=(n/a)[EOL]
[2026-09-22T08:35:58.682650Z][RH.newgen-rackhandler][I][2560017][155]MessageSender.h:SendEvent():105|Sent RabbitMqEvent Roche.c68_8800.RackHandler.Echo. Content: {"Timestamp":"2026-09-22T08:35:58.682588Z","PingId":"IS12"}[EOL]
[2026-09-22T08:36:07.138079Z][RH.newgen-samplerecognitioncamera][W][2330306][137]CRTCyclicEvent.cpp:TimeMissed():101|Cycle miss in event CCSICombinedCmdManager Cyclic Event. Time Overrun is 3971 us[EOL]
[2026-09-22T08:36:07.138113Z][RH.newgen-samplerecognitioncamera][W][2330306][137]CRTCyclicEvent.cpp:TimeMissed():101|Cycle miss in event CCSICombinedRepManager. Time Overrun is 3971 us[EOL]
[2026-09-22T08:36:28.689901Z][RH.newgen-rackhandler][I][2560016][155]IMessageHandler.h:operator()():40|Received RabbitMqMessage Roche.MolLab.InstrumentState.Ping. Content: {"Timestamp":"2026-09-22T08:36:28.6764118Z","PingId":"IS13"}[EOL]
[2026-09-22T08:36:28.690031Z][RH.newgen-rackhandler][I][844444436][155]UnitCommunicator.cpp:SendEvent():424|Publishing event: type=Roche.c68_8800.RackHandler.Echo correlation_id=(n/a)[EOL]
[2026-09-22T08:36:28.690062Z][RH.newgen-rackhandler][I][2560017][155]MessageSender.h:SendEvent():105|Sent RabbitMqEvent Roche.c68_8800.RackHandler.Echo. Content: {"Timestamp":"2026-09-22T08:36:28.690024Z","PingId":"IS13"}[EOL]
[2026-09-22T08:36:32.134534Z][RH.newgen-samplerecognitioncamera][W][2330306][137]CRTCyclicEvent.cpp:TimeMissed():101|Cycle miss in event CCSICombinedCmdManager Cyclic Event. Time Overrun is 419 us[EOL]
[2026-09-22T08:36:32.134584Z][RH.newgen-samplerecognitioncamera][W][2330306][137]CRTCyclicEvent.cpp:TimeMissed():101|Cycle miss in event CCSICombinedRepManager. Time Overrun is 419 us[EOL]
[2026-09-22T08:36:36.268343Z][RH.newgen-rackhandler][W][2330306][155]CRTCyclicEvent.cpp:TimeMissed():101|Cycle miss in event CCSICombinedCmdManager Cyclic Event. Time Overrun is 9115 us[EOL]
[2026-09-22T08:36:36.266181Z][RH.transfer-xyz-gripper][W][2330306][136]CRTCyclicEvent.cpp:TimeMissed():101|Cycle miss in event CCSICombinedCmdManager Cyclic Event. Time Overrun is 6882 us[EOL]
[2026-09-22T08:36:36.266211Z][RH.transfer-xyz-gripper][W][2330306][136]CRTCyclicEvent.cpp:TimeMissed():101|Cycle miss in event CCSICombinedRepManager. Time Overrun is 6882 us[EOL]
[2026-09-22T08:36:36.268010Z][RH.newgen-samplerecognitioncamera][W][2330306][137]CRTCyclicEvent.cpp:TimeMissed():101|Cycle miss in event CCSICombinedCmdManager Cyclic Event. Time Overrun is 3903 us[EOL]
[2026-09-22T08:36:36.268035Z][RH.newgen-samplerecognitioncamera][W][2330306][137]CRTCyclicEvent.cpp:TimeMissed():101|Cycle miss in event CCSICombinedRepManager. Time Overrun is 3903 us[EOL]
[2026-09-22T08:36:38.320802Z][RH.newgen-rackhandler][W][2330306][155]CRTCyclicEvent.cpp:TimeMissed():101|Cycle miss in event CCSICombinedCmdManager Cyclic Event. Time Overrun is 1573 us[EOL]
[2026-09-22T08:36:38.320874Z][RH.transfer-xyz-gripper][W][2330306][136]CRTCyclicEvent.cpp:TimeMissed():101|Cycle miss in event CCSICombinedCmdManager Cyclic Event. Time Overrun is 1626 us[EOL]
[2026-09-22T08:36:38.320901Z][RH.transfer-xyz-gripper][W][2330306][136]CRTCyclicEvent.cpp:TimeMissed():101|Cycle miss in event CCSICombinedRepManager. Time Overrun is 1626 us[EOL]
[2026-09-22T08:36:41.659458Z][RH.newgen-rackhandler][W][2330306][155]CRTCyclicEvent.cpp:TimeMissed():101|Cycle miss in event CCSICombinedCmdManager Cyclic Event. Time Overrun is 232 us[EOL]
[2026-09-22T08:36:42.437440Z][RH.newgen-samplerecognitioncamera][W][2330306][137]CRTCyclicEvent.cpp:TimeMissed():101|Cycle miss in event CCSICombinedCmdManager Cyclic Event. Time Overrun is 13330 us[EOL]
[2026-09-22T08:36:42.437477Z][RH.newgen-samplerecognitioncamera][W][2330306][137]CRTCyclicEvent.cpp:TimeMissed():101|Cycle miss in event CCSICombinedRepManager. Time Overrun is 13330 us[EOL]
[2026-09-22T08:36:42.991647Z][RH.transfer-xyz-gripper][W][2330306][136]CRTCyclicEvent.cpp:TimeMissed():101|Cycle miss in event CCSICombinedCmdManager Cyclic Event. Time Overrun is 2399 us[EOL]
[2026-09-22T08:36:42.991682Z][RH.transfer-xyz-gripper][W][2330306][136]CRTCyclicEvent.cpp:TimeMissed():101|Cycle miss in event CCSICombinedRepManager. Time Overrun is 2399 us[EOL]
[2026-09-22T08:36:42.991846Z][RH.newgen-rackhandler][W][2330306][155]CRTCyclicEvent.cpp:TimeMissed():101|Cycle miss in event CCSICombinedCmdManager Cyclic Event. Time Overrun is 2618 us[EOL]
[2026-09-22T08:36:45.464877Z][RH.newgen-samplerecognitioncamera][W][2330306][137]CRTCyclicEvent.cpp:TimeMissed():101|Cycle miss in event CCSICombinedCmdManager Cyclic Event. Time Overrun is 769 us[EOL]
[2026-09-22T08:36:45.464905Z][RH.newgen-samplerecognitioncamera][W][2330306][137]CRTCyclicEvent.cpp:TimeMissed():101|Cycle miss in event CCSICombinedRepManager. Time Overrun is 769 us[EOL]
[2026-09-22T08:36:47.840274Z][RH.transfer-xyz-gripper][W][2330306][136]CRTCyclicEvent.cpp:TimeMissed():101|Cycle miss in event CCSICombinedCmdManager Cyclic Event. Time Overrun is 1007 us[EOL]
[2026-09-22T08:36:47.840326Z][RH.transfer-xyz-gripper][W][2330306][136]CRTCyclicEvent.cpp:TimeMissed():101|Cycle miss in event CCSICombinedRepManager. Time Overrun is 1007 us[EOL]
[2026-09-22T08:36:51.453184Z][RH.newgen-rackhandler][W][2330306][155]CRTCyclicEvent.cpp:TimeMissed():101|Cycle miss in event CCSICombinedCmdManager Cyclic Event. Time Overrun is 3956 us[EOL]
[2026-09-22T08:36:51.672570Z][RH.newgen-samplerecognitioncamera][W][2330306][137]CRTCyclicEvent.cpp:TimeMissed():101|Cycle miss in event CCSICombinedCmdManager Cyclic Event. Time Overrun is 8460 us[EOL]
[2026-09-22T08:36:51.672612Z][RH.newgen-samplerecognitioncamera][W][2330306][137]CRTCyclicEvent.cpp:TimeMissed():101|Cycle miss in event CCSICombinedRepManager. Time Overrun is 8460 us[EOL]
[2026-09-22T08:36:53.908851Z][RH.newgen-samplerecognitioncamera][W][2330306][137]CRTCyclicEvent.cpp:TimeMissed():101|Cycle miss in event CCSICombinedCmdManager Cyclic Event. Time Overrun is 4742 us[EOL]
[2026-09-22T08:36:53.908905Z][RH.newgen-samplerecognitioncamera][W][2330306][137]CRTCyclicEvent.cpp:TimeMissed():101|Cycle miss in event CCSICombinedRepManager. Time Overrun is 4742 us[EOL]
[2026-09-22T08:36:58.694080Z][RH.newgen-rackhandler][I][2560016][155]IMessageHandler.h:operator()():40|Received RabbitMqMessage Roche.MolLab.InstrumentState.Ping. Content: {"Timestamp":"2026-09-22T08:36:58.6759276Z","PingId":"IS14"}[EOL]
[2026-09-22T08:36:58.694119Z][RH.newgen-rackhandler][I][844444436][155]UnitCommunicator.cpp:SendEvent():424|Publishing event: type=Roche.c68_8800.RackHandler.Echo correlation_id=(n/a)[EOL]
[2026-09-22T08:36:58.694195Z][RH.newgen-rackhandler][I][2560017][155]MessageSender.h:SendEvent():105|Sent RabbitMqEvent Roche.c68_8800.RackHandler.Echo. Content: {"Timestamp":"2026-09-22T08:36:58.694114Z","PingId":"IS14"}[EOL]
[2026-09-22T08:36:59.804585Z][RH.newgen-samplerecognitioncamera][W][2330306][137]CRTCyclicEvent.cpp:TimeMissed():101|Cycle miss in event CCSICombinedCmdManager Cyclic Event. Time Overrun is 30475 us[EOL]
[2026-09-22T08:36:59.804035Z][RH.newgen-rackhandler][W][2330306][155]CRTCyclicEvent.cpp:TimeMissed():101|Cycle miss in event CCSICombinedCmdManager Cyclic Event. Time Overrun is 34807 us[EOL]
[2026-09-22T08:36:59.804618Z][RH.newgen-samplerecognitioncamera][W][2330306][137]CRTCyclicEvent.cpp:TimeMissed():101|Cycle miss in event CCSICombinedRepManager. Time Overrun is 30475 us[EOL]
[2026-09-22T08:36:59.808148Z][RH.transfer-xyz-gripper][W][2330306][136]CRTCyclicEvent.cpp:TimeMissed():101|Cycle miss in event CCSICombinedCmdManager Cyclic Event. Time Overrun is 38899 us[EOL]
[2026-09-22T08:36:59.808178Z][RH.transfer-xyz-gripper][W][2330306][136]CRTCyclicEvent.cpp:TimeMissed():101|Cycle miss in event CCSICombinedRepManager. Time Overrun is 38899 us[EOL]
[2026-09-22T08:37:13.538111Z][RH.newgen-rackhandler][W][2330306][155]CRTCyclicEvent.cpp:TimeMissed():101|Cycle miss in event CCSICombinedCmdManager Cyclic Event. Time Overrun is 8883 us[EOL]
[2026-09-22T08:37:14.492564Z][RH.newgen-rackhandler][W][2330306][155]CRTCyclicEvent.cpp:TimeMissed():101|Cycle miss in event CCSICombinedCmdManager Cyclic Event. Time Overrun is 3323 us[EOL]
[2026-09-22T08:37:14.501813Z][RH.transfer-xyz-gripper][W][2330306][136]CRTCyclicEvent.cpp:TimeMissed():101|Cycle miss in event CCSICombinedCmdManager Cyclic Event. Time Overrun is 12442 us[EOL]
[2026-09-22T08:37:14.499628Z][RH.newgen-samplerecognitioncamera][W][2330306][137]CRTCyclicEvent.cpp:TimeMissed():101|Cycle miss in event CCSICombinedCmdManager Cyclic Event. Time Overrun is 5515 us[EOL]
[2026-09-22T08:37:14.499659Z][RH.newgen-samplerecognitioncamera][W][2330306][137]CRTCyclicEvent.cpp:TimeMissed():101|Cycle miss in event CCSICombinedRepManager. Time Overrun is 5515 us[EOL]
[2026-09-22T08:37:14.501847Z][RH.transfer-xyz-gripper][W][2330306][136]CRTCyclicEvent.cpp:TimeMissed():101|Cycle miss in event CCSICombinedRepManager. Time Overrun is 12442 us[EOL]
[2026-09-22T08:37:23.766750Z][RH.newgen-rackhandler][W][2330306][155]CRTCyclicEvent.cpp:TimeMissed():101|Cycle miss in event CCSICombinedCmdManager Cyclic Event. Time Overrun is 7524 us[EOL]
[2026-09-22T08:37:25.376707Z][RH.newgen-samplerecognitioncamera][W][2330306][137]CRTCyclicEvent.cpp:TimeMissed():101|Cycle miss in event CCSICombinedCmdManager Cyclic Event. Time Overrun is 2596 us[EOL]
[2026-09-22T08:37:25.376741Z][RH.newgen-samplerecognitioncamera][W][2330306][137]CRTCyclicEvent.cpp:TimeMissed():101|Cycle miss in event CCSICombinedRepManager. Time Overrun is 2596 us[EOL]
[2026-09-22T08:37:28.209766Z][RH.transfer-xyz-gripper][W][2330306][136]CRTCyclicEvent.cpp:TimeMissed():101|Cycle miss in event CCSICombinedCmdManager Cyclic Event. Time Overrun is 490 us[EOL]
[2026-09-22T08:37:28.209831Z][RH.transfer-xyz-gripper][W][2330306][136]CRTCyclicEvent.cpp:TimeMissed():101|Cycle miss in event CCSICombinedRepManager. Time Overrun is 490 us[EOL]
[2026-09-22T08:37:28.209967Z][RH.newgen-rackhandler][W][2330306][155]CRTCyclicEvent.cpp:TimeMissed():101|Cycle miss in event CCSICombinedCmdManager Cyclic Event. Time Overrun is 742 us[EOL]
[2026-09-22T08:37:28.209887Z][RH.newgen-samplerecognitioncamera][W][2330306][137]CRTCyclicEvent.cpp:TimeMissed():101|Cycle miss in event CCSICombinedCmdManager Cyclic Event. Time Overrun is 5780 us[EOL]
[2026-09-22T08:37:28.209907Z][RH.newgen-samplerecognitioncamera][W][2330306][137]CRTCyclicEvent.cpp:TimeMissed():101|Cycle miss in event CCSICombinedRepManager. Time Overrun is 5780 us[EOL]
[2026-09-22T08:37:28.678530Z][RH.newgen-rackhandler][I][2560016][155]IMessageHandler.h:operator()():40|Received RabbitMqMessage Roche.MolLab.InstrumentState.Ping. Content: {"Timestamp":"2026-09-22T08:37:28.6740962Z","PingId":"IS15"}[EOL]
[2026-09-22T08:37:28.678567Z][RH.newgen-rackhandler][I][844444436][155]UnitCommunicator.cpp:SendEvent():424|Publishing event: type=Roche.c68_8800.RackHandler.Echo correlation_id=(n/a)[EOL]
[2026-09-22T08:37:28.678582Z][RH.newgen-rackhandler][I][2560017][155]MessageSender.h:SendEvent():105|Sent RabbitMqEvent Roche.c68_8800.RackHandler.Echo. Content: {"Timestamp":"2026-09-22T08:37:28.678562Z","PingId":"IS15"}[EOL]
[2026-09-22T08:37:37.353387Z][RH.newgen-samplerecognitioncamera][W][2330306][137]CRTCyclicEvent.cpp:TimeMissed():101|Cycle miss in event CCSICombinedCmdManager Cyclic Event. Time Overrun is 9275 us[EOL]
[2026-09-22T08:37:37.353420Z][RH.newgen-samplerecognitioncamera][W][2330306][137]CRTCyclicEvent.cpp:TimeMissed():101|Cycle miss in event CCSICombinedRepManager. Time Overrun is 9275 us[EOL]
[2026-09-22T08:37:37.353211Z][RH.transfer-xyz-gripper][W][2330306][136]CRTCyclicEvent.cpp:TimeMissed():101|Cycle miss in event CCSICombinedCmdManager Cyclic Event. Time Overrun is 13963 us[EOL]
[2026-09-22T08:37:37.353254Z][RH.transfer-xyz-gripper][W][2330306][136]CRTCyclicEvent.cpp:TimeMissed():101|Cycle miss in event CCSICombinedRepManager. Time Overrun is 13963 us[EOL]
[2026-09-22T08:37:37.351706Z][RH.newgen-rackhandler][W][2330306][155]CRTCyclicEvent.cpp:TimeMissed():101|Cycle miss in event CCSICombinedCmdManager Cyclic Event. Time Overrun is 12481 us[EOL]
[2026-09-22T08:37:44.129857Z][RH.newgen-rackhandler][W][2330306][155]CRTCyclicEvent.cpp:TimeMissed():101|Cycle miss in event CCSICombinedCmdManager Cyclic Event. Time Overrun is 20628 us[EOL]
[2026-09-22T08:37:44.130476Z][RH.transfer-xyz-gripper][W][2330306][136]CRTCyclicEvent.cpp:TimeMissed():101|Cycle miss in event CCSICombinedCmdManager Cyclic Event. Time Overrun is 21229 us[EOL]
[2026-09-22T08:37:44.130506Z][RH.transfer-xyz-gripper][W][2330306][136]CRTCyclicEvent.cpp:TimeMissed():101|Cycle miss in event CCSICombinedRepManager. Time Overrun is 21229 us[EOL]
[2026-09-22T08:37:44.132678Z][RH.newgen-samplerecognitioncamera][W][2330306][137]CRTCyclicEvent.cpp:TimeMissed():101|Cycle miss in event CCSICombinedCmdManager Cyclic Event. Time Overrun is 18569 us[EOL]
[2026-09-22T08:37:44.132713Z][RH.newgen-samplerecognitioncamera][W][2330306][137]CRTCyclicEvent.cpp:TimeMissed():101|Cycle miss in event CCSICombinedRepManager. Time Overrun is 18569 us[EOL]
[2026-09-22T08:37:44.251872Z][RH.newgen-rackhandler][W][2330306][155]CRTCyclicEvent.cpp:TimeMissed():101|Cycle miss in event CCSICombinedCmdManager Cyclic Event. Time Overrun is 2647 us[EOL]
[2026-09-22T08:37:44.251626Z][RH.transfer-xyz-gripper][W][2330306][136]CRTCyclicEvent.cpp:TimeMissed():101|Cycle miss in event CCSICombinedCmdManager Cyclic Event. Time Overrun is 2380 us[EOL]
[2026-09-22T08:37:44.251674Z][RH.transfer-xyz-gripper][W][2330306][136]CRTCyclicEvent.cpp:TimeMissed():101|Cycle miss in event CCSICombinedRepManager. Time Overrun is 2380 us[EOL]
[2026-09-22T08:37:45.549885Z][RH.transfer-xyz-gripper][W][2330306][136]CRTCyclicEvent.cpp:TimeMissed():101|Cycle miss in event CCSICombinedCmdManager Cyclic Event. Time Overrun is 636 us[EOL]
[2026-09-22T08:37:45.549918Z][RH.transfer-xyz-gripper][W][2330306][136]CRTCyclicEvent.cpp:TimeMissed():101|Cycle miss in event CCSICombinedRepManager. Time Overrun is 636 us[EOL]
[2026-09-22T08:37:49.536395Z][RH.newgen-samplerecognitioncamera][W][2330306][137]CRTCyclicEvent.cpp:TimeMissed():101|Cycle miss in event CCSICombinedCmdManager Cyclic Event. Time Overrun is 2287 us[EOL]
[2026-09-22T08:37:49.536422Z][RH.newgen-samplerecognitioncamera][W][2330306][137]CRTCyclicEvent.cpp:TimeMissed():101|Cycle miss in event CCSICombinedRepManager. Time Overrun is 2287 us[EOL]
[2026-09-22T08:37:58.691379Z][RH.newgen-rackhandler][I][2560016][155]IMessageHandler.h:operator()():40|Received RabbitMqMessage Roche.MolLab.InstrumentState.Ping. Content: {"Timestamp":"2026-09-22T08:37:58.6750384Z","PingId":"IS16"}[EOL]
[2026-09-22T08:37:58.691427Z][RH.newgen-rackhandler][I][844444436][155]UnitCommunicator.cpp:SendEvent():424|Publishing event: type=Roche.c68_8800.RackHandler.Echo correlation_id=(n/a)[EOL]
[2026-09-22T08:37:58.691455Z][RH.newgen-rackhandler][I][2560017][155]MessageSender.h:SendEvent():105|Sent RabbitMqEvent Roche.c68_8800.RackHandler.Echo. Content: {"Timestamp":"2026-09-22T08:37:58.691420Z","PingId":"IS16"}[EOL]
[2026-09-22T08:37:58.727964Z][RH.newgen-samplerecognitioncamera][W][2330306][137]CRTCyclicEvent.cpp:TimeMissed():101|Cycle miss in event CCSICombinedCmdManager Cyclic Event. Time Overrun is 3856 us[EOL]
[2026-09-22T08:37:58.728061Z][RH.newgen-samplerecognitioncamera][W][2330306][137]CRTCyclicEvent.cpp:TimeMissed():101|Cycle miss in event CCSICombinedRepManager. Time Overrun is 3856 us[EOL]
[2026-09-22T08:38:04.735600Z][RH.transfer-xyz-gripper][W][2330306][136]CRTCyclicEvent.cpp:TimeMissed():101|Cycle miss in event CCSICombinedCmdManager Cyclic Event. Time Overrun is 6293 us[EOL]
[2026-09-22T08:38:04.735648Z][RH.transfer-xyz-gripper][W][2330306][136]CRTCyclicEvent.cpp:TimeMissed():101|Cycle miss in event CCSICombinedRepManager. Time Overrun is 6293 us[EOL]
[2026-09-22T08:38:08.102930Z][RH.newgen-rackhandler][W][2330306][155]CRTCyclicEvent.cpp:TimeMissed():101|Cycle miss in event CCSICombinedCmdManager Cyclic Event. Time Overrun is 3703 us[EOL]
[2026-09-22T08:38:08.102393Z][RH.newgen-samplerecognitioncamera][W][2330306][137]CRTCyclicEvent.cpp:TimeMissed():101|Cycle miss in event CCSICombinedCmdManager Cyclic Event. Time Overrun is 8283 us[EOL]
[2026-09-22T08:38:08.102423Z][RH.newgen-samplerecognitioncamera][W][2330306][137]CRTCyclicEvent.cpp:TimeMissed():101|Cycle miss in event CCSICombinedRepManager. Time Overrun is 8283 us[EOL]
[2026-09-22T08:38:08.102859Z][RH.transfer-xyz-gripper][W][2330306][136]CRTCyclicEvent.cpp:TimeMissed():101|Cycle miss in event CCSICombinedCmdManager Cyclic Event. Time Overrun is 3612 us[EOL]
[2026-09-22T08:38:08.102912Z][RH.transfer-xyz-gripper][W][2330306][136]CRTCyclicEvent.cpp:TimeMissed():101|Cycle miss in event CCSICombinedRepManager. Time Overrun is 3612 us[EOL]
[2026-09-22T08:38:14.947450Z][RH.newgen-rackhandler][W][2330306][155]CRTCyclicEvent.cpp:TimeMissed():101|Cycle miss in event CCSICombinedCmdManager Cyclic Event. Time Overrun is 8219 us[EOL]
[2026-09-22T08:38:24.450147Z][RH.newgen-rackhandler][W][2330306][155]CRTCyclicEvent.cpp:TimeMissed():101|Cycle miss in event CCSICombinedCmdManager Cyclic Event. Time Overrun is 918 us[EOL]
[2026-09-22T08:38:24.451181Z][RH.transfer-xyz-gripper][W][2330306][136]CRTCyclicEvent.cpp:TimeMissed():101|Cycle miss in event CCSICombinedCmdManager Cyclic Event. Time Overrun is 1927 us[EOL]
[2026-09-22T08:38:24.451244Z][RH.transfer-xyz-gripper][W][2330306][136]CRTCyclicEvent.cpp:TimeMissed():101|Cycle miss in event CCSICombinedRepManager. Time Overrun is 1927 us[EOL]
[2026-09-22T08:38:24.448857Z][RH.newgen-samplerecognitioncamera][W][2330306][137]CRTCyclicEvent.cpp:TimeMissed():101|Cycle miss in event CCSICombinedCmdManager Cyclic Event. Time Overrun is 4728 us[EOL]
[2026-09-22T08:38:24.448907Z][RH.newgen-samplerecognitioncamera][W][2330306][137]CRTCyclicEvent.cpp:TimeMissed():101|Cycle miss in event CCSICombinedRepManager. Time Overrun is 4728 us[EOL]
[2026-09-22T08:38:28.688915Z][RH.newgen-rackhandler][I][2560016][155]IMessageHandler.h:operator()():40|Received RabbitMqMessage Roche.MolLab.InstrumentState.Ping. Content: {"Timestamp":"2026-09-22T08:38:28.6759171Z","PingId":"IS17"}[EOL]
[2026-09-22T08:38:28.688963Z][RH.newgen-rackhandler][I][844444436][155]UnitCommunicator.cpp:SendEvent():424|Publishing event: type=Roche.c68_8800.RackHandler.Echo correlation_id=(n/a)[EOL]
[2026-09-22T08:38:28.689077Z][RH.newgen-rackhandler][I][2560017][155]MessageSender.h:SendEvent():105|Sent RabbitMqEvent Roche.c68_8800.RackHandler.Echo. Content: {"Timestamp":"2026-09-22T08:38:28.688956Z","PingId":"IS17"}[EOL]
[2026-09-22T08:38:36.719772Z][RH.transfer-xyz-gripper][W][2330306][136]CRTCyclicEvent.cpp:TimeMissed():101|Cycle miss in event CCSICombinedCmdManager Cyclic Event. Time Overrun is 520 us[EOL]
[2026-09-22T08:38:36.721048Z][RH.newgen-rackhandler][W][2330306][155]CRTCyclicEvent.cpp:TimeMissed():101|Cycle miss in event CCSICombinedCmdManager Cyclic Event. Time Overrun is 1820 us[EOL]
[2026-09-22T08:38:36.719827Z][RH.transfer-xyz-gripper][W][2330306][136]CRTCyclicEvent.cpp:TimeMissed():101|Cycle miss in event CCSICombinedRepManager. Time Overrun is 520 us[EOL]
[2026-09-22T08:38:39.646466Z][RH.newgen-samplerecognitioncamera][W][2330306][137]CRTCyclicEvent.cpp:TimeMissed():101|Cycle miss in event CCSICombinedCmdManager Cyclic Event. Time Overrun is 2358 us[EOL]
[2026-09-22T08:38:39.645777Z][RH.newgen-rackhandler][W][2330306][155]CRTCyclicEvent.cpp:TimeMissed():101|Cycle miss in event CCSICombinedCmdManager Cyclic Event. Time Overrun is 6549 us[EOL]
[2026-09-22T08:38:39.646499Z][RH.newgen-samplerecognitioncamera][W][2330306][137]CRTCyclicEvent.cpp:TimeMissed():101|Cycle miss in event CCSICombinedRepManager. Time Overrun is 2358 us[EOL]
[2026-09-22T08:38:39.649353Z][RH.transfer-xyz-gripper][W][2330306][136]CRTCyclicEvent.cpp:TimeMissed():101|Cycle miss in event CCSICombinedCmdManager Cyclic Event. Time Overrun is 95 us[EOL]
[2026-09-22T08:38:39.649386Z][RH.transfer-xyz-gripper][W][2330306][136]CRTCyclicEvent.cpp:TimeMissed():101|Cycle miss in event CCSICombinedRepManager. Time Overrun is 95 us[EOL]
[2026-09-22T08:38:43.753017Z][RH.newgen-rackhandler][W][2330306][155]CRTCyclicEvent.cpp:TimeMissed():101|Cycle miss in event CCSICombinedCmdManager Cyclic Event. Time Overrun is 3790 us[EOL]
[2026-09-22T08:38:43.751808Z][RH.transfer-xyz-gripper][W][2330306][136]CRTCyclicEvent.cpp:TimeMissed():101|Cycle miss in event CCSICombinedCmdManager Cyclic Event. Time Overrun is 2560 us[EOL]
[2026-09-22T08:38:43.751848Z][RH.transfer-xyz-gripper][W][2330306][136]CRTCyclicEvent.cpp:TimeMissed():101|Cycle miss in event CCSICombinedRepManager. Time Overrun is 2560 us[EOL]
[2026-09-22T08:38:44.974462Z][RH.newgen-samplerecognitioncamera][W][2330306][137]CRTCyclicEvent.cpp:TimeMissed():101|Cycle miss in event CCSICombinedCmdManager Cyclic Event. Time Overrun is 354 us[EOL]
[2026-09-22T08:38:44.974492Z][RH.newgen-samplerecognitioncamera][W][2330306][137]CRTCyclicEvent.cpp:TimeMissed():101|Cycle miss in event CCSICombinedRepManager. Time Overrun is 354 us[EOL]
[2026-09-22T08:38:53.209531Z][RH.newgen-rackhandler][W][2330306][155]CRTCyclicEvent.cpp:TimeMissed():101|Cycle miss in event CCSICombinedCmdManager Cyclic Event. Time Overrun is 300 us[EOL]
[2026-09-22T08:38:53.208845Z][RH.newgen-samplerecognitioncamera][W][2330306][137]CRTCyclicEvent.cpp:TimeMissed():101|Cycle miss in event CCSICombinedCmdManager Cyclic Event. Time Overrun is 4737 us[EOL]
[2026-09-22T08:38:53.208889Z][RH.newgen-samplerecognitioncamera][W][2330306][137]CRTCyclicEvent.cpp:TimeMissed():101|Cycle miss in event CCSICombinedRepManager. Time Overrun is 4737 us[EOL]
[2026-09-22T08:38:53.340528Z][RH.newgen-rackhandler][W][2330306][155]CRTCyclicEvent.cpp:TimeMissed():101|Cycle miss in event CCSICombinedCmdManager Cyclic Event. Time Overrun is 1287 us[EOL]
[2026-09-22T08:38:53.340533Z][RH.transfer-xyz-gripper][W][2330306][136]CRTCyclicEvent.cpp:TimeMissed():101|Cycle miss in event CCSICombinedCmdManager Cyclic Event. Time Overrun is 1284 us[EOL]
[2026-09-22T08:38:53.340572Z][RH.transfer-xyz-gripper][W][2330306][136]CRTCyclicEvent.cpp:TimeMissed():101|Cycle miss in event CCSICombinedRepManager. Time Overrun is 1284 us[EOL]
[2026-09-22T08:38:54.055099Z][RH.newgen-samplerecognitioncamera][W][2330306][137]CRTCyclicEvent.cpp:TimeMissed():101|Cycle miss in event CCSICombinedCmdManager Cyclic Event. Time Overrun is 980 us[EOL]
[2026-09-22T08:38:54.055175Z][RH.newgen-samplerecognitioncamera][W][2330306][137]CRTCyclicEvent.cpp:TimeMissed():101|Cycle miss in event CCSICombinedRepManager. Time Overrun is 980 us[EOL]
[2026-09-22T08:38:54.062322Z][RH.newgen-rackhandler][W][2330306][155]CRTCyclicEvent.cpp:TimeMissed():101|Cycle miss in event CCSICombinedCmdManager Cyclic Event. Time Overrun is 3096 us[EOL]
[2026-09-22T08:38:58.685423Z][RH.newgen-rackhandler][I][2560016][155]IMessageHandler.h:operator()():40|Received RabbitMqMessage Roche.MolLab.InstrumentState.Ping. Content: {"Timestamp":"2026-09-22T08:38:58.6756067Z","PingId":"IS18"}[EOL]
[2026-09-22T08:38:58.685469Z][RH.newgen-rackhandler][I][844444436][155]UnitCommunicator.cpp:SendEvent():424|Publishing event: type=Roche.c68_8800.RackHandler.Echo correlation_id=(n/a)[EOL]
[2026-09-22T08:38:58.685525Z][RH.newgen-rackhandler][I][2560017][155]MessageSender.h:SendEvent():105|Sent RabbitMqEvent Roche.c68_8800.RackHandler.Echo. Content: {"Timestamp":"2026-09-22T08:38:58.685463Z","PingId":"IS18"}[EOL]
[2026-09-22T08:39:05.355985Z][RH.newgen-rackhandler][W][2330306][155]CRTCyclicEvent.cpp:TimeMissed():101|Cycle miss in event CCSICombinedCmdManager Cyclic Event. Time Overrun is 16755 us[EOL]
[2026-09-22T08:39:05.351410Z][RH.newgen-samplerecognitioncamera][W][2330306][137]CRTCyclicEvent.cpp:TimeMissed():101|Cycle miss in event CCSICombinedCmdManager Cyclic Event. Time Overrun is 7293 us[EOL]
[2026-09-22T08:39:05.357379Z][RH.transfer-xyz-gripper][W][2330306][136]CRTCyclicEvent.cpp:TimeMissed():101|Cycle miss in event CCSICombinedCmdManager Cyclic Event. Time Overrun is 17993 us[EOL]
[2026-09-22T08:39:05.357413Z][RH.transfer-xyz-gripper][W][2330306][136]CRTCyclicEvent.cpp:TimeMissed():101|Cycle miss in event CCSICombinedRepManager. Time Overrun is 17993 us[EOL]
[2026-09-22T08:39:05.351450Z][RH.newgen-samplerecognitioncamera][W][2330306][137]CRTCyclicEvent.cpp:TimeMissed():101|Cycle miss in event CCSICombinedRepManager. Time Overrun is 7293 us[EOL]
[2026-09-22T08:39:06.080280Z][RH.newgen-rackhandler][W][2330306][155]CRTCyclicEvent.cpp:TimeMissed():101|Cycle miss in event CCSICombinedCmdManager Cyclic Event. Time Overrun is 1053 us[EOL]
[2026-09-22T08:39:06.080130Z][RH.newgen-samplerecognitioncamera][W][2330306][137]CRTCyclicEvent.cpp:TimeMissed():101|Cycle miss in event CCSICombinedCmdManager Cyclic Event. Time Overrun is 6022 us[EOL]
[2026-09-22T08:39:06.080168Z][RH.newgen-samplerecognitioncamera][W][2330306][137]CRTCyclicEvent.cpp:TimeMissed():101|Cycle miss in event CCSICombinedRepManager. Time Overrun is 6022 us[EOL]
[2026-09-22T08:39:06.080143Z][RH.transfer-xyz-gripper][W][2330306][136]CRTCyclicEvent.cpp:TimeMissed():101|Cycle miss in event CCSICombinedCmdManager Cyclic Event. Time Overrun is 896 us[EOL]
[2026-09-22T08:39:06.080172Z][RH.transfer-xyz-gripper][W][2330306][136]CRTCyclicEvent.cpp:TimeMissed():101|Cycle miss in event CCSICombinedRepManager. Time Overrun is 896 us[EOL]
[2026-09-22T08:39:06.543222Z][RH.transfer-xyz-gripper][W][2330306][136]CRTCyclicEvent.cpp:TimeMissed():101|Cycle miss in event CCSICombinedCmdManager Cyclic Event. Time Overrun is 3975 us[EOL]
[2026-09-22T08:39:06.543249Z][RH.transfer-xyz-gripper][W][2330306][136]CRTCyclicEvent.cpp:TimeMissed():101|Cycle miss in event CCSICombinedRepManager. Time Overrun is 3975 us[EOL]
[2026-09-22T08:39:06.542540Z][RH.newgen-rackhandler][W][2330306][155]CRTCyclicEvent.cpp:TimeMissed():101|Cycle miss in event CCSICombinedCmdManager Cyclic Event. Time Overrun is 3313 us[EOL]
[2026-09-22T08:39:06.542118Z][RH.newgen-samplerecognitioncamera][W][2330306][137]CRTCyclicEvent.cpp:TimeMissed():101|Cycle miss in event CCSICombinedCmdManager Cyclic Event. Time Overrun is 8012 us[EOL]
[2026-09-22T08:39:06.542140Z][RH.newgen-samplerecognitioncamera][W][2330306][137]CRTCyclicEvent.cpp:TimeMissed():101|Cycle miss in event CCSICombinedRepManager. Time Overrun is 8012 us[EOL]
[2026-09-22T08:39:07.549873Z][RH.transfer-xyz-gripper][W][2330306][136]CRTCyclicEvent.cpp:TimeMissed():101|Cycle miss in event CCSICombinedCmdManager Cyclic Event. Time Overrun is 619 us[EOL]
[2026-09-22T08:39:07.549926Z][RH.transfer-xyz-gripper][W][2330306][136]CRTCyclicEvent.cpp:TimeMissed():101|Cycle miss in event CCSICombinedRepManager. Time Overrun is 619 us[EOL]
[2026-09-22T08:39:10.165862Z][RH.newgen-samplerecognitioncamera][W][2330306][137]CRTCyclicEvent.cpp:TimeMissed():101|Cycle miss in event CCSICombinedCmdManager Cyclic Event. Time Overrun is 1754 us[EOL]
[2026-09-22T08:39:10.165889Z][RH.newgen-samplerecognitioncamera][W][2330306][137]CRTCyclicEvent.cpp:TimeMissed():101|Cycle miss in event CCSICombinedRepManager. Time Overrun is 1754 us[EOL]
[2026-09-22T08:39:17.840340Z][RH.transfer-xyz-gripper][W][2330306][136]CRTCyclicEvent.cpp:TimeMissed():101|Cycle miss in event CCSICombinedCmdManager Cyclic Event. Time Overrun is 1085 us[EOL]
[2026-09-22T08:39:17.840384Z][RH.transfer-xyz-gripper][W][2330306][136]CRTCyclicEvent.cpp:TimeMissed():101|Cycle miss in event CCSICombinedRepManager. Time Overrun is 1085 us[EOL]
[2026-09-22T08:39:17.943932Z][RH.newgen-rackhandler][W][2330306][155]CRTCyclicEvent.cpp:TimeMissed():101|Cycle miss in event CCSICombinedCmdManager Cyclic Event. Time Overrun is 4700 us[EOL]
[2026-09-22T08:39:24.548641Z][RH.newgen-samplerecognitioncamera][W][2330306][137]CRTCyclicEvent.cpp:TimeMissed():101|Cycle miss in event CCSICombinedCmdManager Cyclic Event. Time Overrun is 4532 us[EOL]
[2026-09-22T08:39:24.548673Z][RH.newgen-samplerecognitioncamera][W][2330306][137]CRTCyclicEvent.cpp:TimeMissed():101|Cycle miss in event CCSICombinedRepManager. Time Overrun is 4532 us[EOL]
[2026-09-22T08:39:25.595828Z][RH.newgen-samplerecognitioncamera][W][2330306][137]CRTCyclicEvent.cpp:TimeMissed():101|Cycle miss in event CCSICombinedCmdManager Cyclic Event. Time Overrun is 1721 us[EOL]
[2026-09-22T08:39:25.595860Z][RH.newgen-samplerecognitioncamera][W][2330306][137]CRTCyclicEvent.cpp:TimeMissed():101|Cycle miss in event CCSICombinedRepManager. Time Overrun is 1721 us[EOL]
[2026-09-22T08:39:25.729488Z][RH.newgen-rackhandler][W][2330306][155]CRTCyclicEvent.cpp:TimeMissed():101|Cycle miss in event CCSICombinedCmdManager Cyclic Event. Time Overrun is 262 us[EOL]
[2026-09-22T08:39:25.733986Z][RH.transfer-xyz-gripper][W][2330306][136]CRTCyclicEvent.cpp:TimeMissed():101|Cycle miss in event CCSICombinedCmdManager Cyclic Event. Time Overrun is 4738 us[EOL]
[2026-09-22T08:39:25.734019Z][RH.transfer-xyz-gripper][W][2330306][136]CRTCyclicEvent.cpp:TimeMissed():101|Cycle miss in event CCSICombinedRepManager. Time Overrun is 4738 us[EOL]
[2026-09-22T08:39:25.991318Z][RH.newgen-rackhandler][W][2330306][155]CRTCyclicEvent.cpp:TimeMissed():101|Cycle miss in event CCSICombinedCmdManager Cyclic Event. Time Overrun is 2092 us[EOL]
[2026-09-22T08:39:25.993769Z][RH.transfer-xyz-gripper][W][2330306][136]CRTCyclicEvent.cpp:TimeMissed():101|Cycle miss in event CCSICombinedCmdManager Cyclic Event. Time Overrun is 4520 us[EOL]
[2026-09-22T08:39:25.993807Z][RH.transfer-xyz-gripper][W][2330306][136]CRTCyclicEvent.cpp:TimeMissed():101|Cycle miss in event CCSICombinedRepManager. Time Overrun is 4520 us[EOL]
[2026-09-22T08:39:26.649865Z][RH.transfer-xyz-gripper][W][2330306][136]CRTCyclicEvent.cpp:TimeMissed():101|Cycle miss in event CCSICombinedCmdManager Cyclic Event. Time Overrun is 620 us[EOL]
[2026-09-22T08:39:26.649888Z][RH.transfer-xyz-gripper][W][2330306][136]CRTCyclicEvent.cpp:TimeMissed():101|Cycle miss in event CCSICombinedRepManager. Time Overrun is 620 us[EOL]
[2026-09-22T08:39:26.651457Z][RH.newgen-samplerecognitioncamera][W][2330306][137]CRTCyclicEvent.cpp:TimeMissed():101|Cycle miss in event CCSICombinedCmdManager Cyclic Event. Time Overrun is 7344 us[EOL]
[2026-09-22T08:39:26.651488Z][RH.newgen-samplerecognitioncamera][W][2330306][137]CRTCyclicEvent.cpp:TimeMissed():101|Cycle miss in event CCSICombinedRepManager. Time Overrun is 7344 us[EOL]
[2026-09-22T08:39:27.827198Z][RH.newgen-rackhandler][W][2330306][155]CRTCyclicEvent.cpp:TimeMissed():101|Cycle miss in event CCSICombinedCmdManager Cyclic Event. Time Overrun is 7972 us[EOL]
[2026-09-22T08:39:27.829527Z][RH.newgen-samplerecognitioncamera][W][2330306][137]CRTCyclicEvent.cpp:TimeMissed():101|Cycle miss in event CCSICombinedCmdManager Cyclic Event. Time Overrun is 5421 us[EOL]
[2026-09-22T08:39:27.829549Z][RH.newgen-samplerecognitioncamera][W][2330306][137]CRTCyclicEvent.cpp:TimeMissed():101|Cycle miss in event CCSICombinedRepManager. Time Overrun is 5421 us[EOL]
[2026-09-22T08:39:27.829381Z][RH.transfer-xyz-gripper][W][2330306][136]CRTCyclicEvent.cpp:TimeMissed():101|Cycle miss in event CCSICombinedCmdManager Cyclic Event. Time Overrun is 10134 us[EOL]
[2026-09-22T08:39:27.829416Z][RH.transfer-xyz-gripper][W][2330306][136]CRTCyclicEvent.cpp:TimeMissed():101|Cycle miss in event CCSICombinedRepManager. Time Overrun is 10134 us[EOL]
[2026-09-22T08:39:28.679953Z][RH.newgen-rackhandler][I][2560016][155]IMessageHandler.h:operator()():40|Received RabbitMqMessage Roche.MolLab.InstrumentState.Ping. Content: {"Timestamp":"2026-09-22T08:39:28.6740918Z","PingId":"IS19"}[EOL]
[2026-09-22T08:39:28.680004Z][RH.newgen-rackhandler][I][844444436][155]UnitCommunicator.cpp:SendEvent():424|Publishing event: type=Roche.c68_8800.RackHandler.Echo correlation_id=(n/a)[EOL]
[2026-09-22T08:39:28.680025Z][RH.newgen-rackhandler][I][2560017][155]MessageSender.h:SendEvent():105|Sent RabbitMqEvent Roche.c68_8800.RackHandler.Echo. Content: {"Timestamp":"2026-09-22T08:39:28.679998Z","PingId":"IS19"}[EOL]
[2026-09-22T08:39:28.863602Z][RH.newgen-rackhandler][W][2330306][155]CRTCyclicEvent.cpp:TimeMissed():101|Cycle miss in event CCSICombinedCmdManager Cyclic Event. Time Overrun is 4292 us[EOL]
[2026-09-22T08:39:32.885025Z][RH.newgen-samplerecognitioncamera][W][2330306][137]CRTCyclicEvent.cpp:TimeMissed():101|Cycle miss in event CCSICombinedCmdManager Cyclic Event. Time Overrun is 916 us[EOL]
[2026-09-22T08:39:32.885058Z][RH.newgen-samplerecognitioncamera][W][2330306][137]CRTCyclicEvent.cpp:TimeMissed():101|Cycle miss in event CCSICombinedRepManager. Time Overrun is 916 us[EOL]
[2026-09-22T08:39:39.584927Z][RH.newgen-samplerecognitioncamera][W][2330306][137]CRTCyclicEvent.cpp:TimeMissed():101|Cycle miss in event CCSICombinedCmdManager Cyclic Event. Time Overrun is 796 us[EOL]
[2026-09-22T08:39:39.584973Z][RH.newgen-samplerecognitioncamera][W][2330306][137]CRTCyclicEvent.cpp:TimeMissed():101|Cycle miss in event CCSICombinedRepManager. Time Overrun is 796 us[EOL]
[2026-09-22T08:39:43.974546Z][RH.newgen-samplerecognitioncamera][W][2330306][137]CRTCyclicEvent.cpp:TimeMissed():101|Cycle miss in event CCSICombinedCmdManager Cyclic Event. Time Overrun is 439 us[EOL]
[2026-09-22T08:39:43.974567Z][RH.newgen-samplerecognitioncamera][W][2330306][137]CRTCyclicEvent.cpp:TimeMissed():101|Cycle miss in event CCSICombinedRepManager. Time Overrun is 439 us[EOL]
[2026-09-22T08:39:43.974613Z][RH.transfer-xyz-gripper][W][2330306][136]CRTCyclicEvent.cpp:TimeMissed():101|Cycle miss in event CCSICombinedCmdManager Cyclic Event. Time Overrun is 5327 us[EOL]
[2026-09-22T08:39:43.974644Z][RH.transfer-xyz-gripper][W][2330306][136]CRTCyclicEvent.cpp:TimeMissed():101|Cycle miss in event CCSICombinedRepManager. Time Overrun is 5327 us[EOL]
[2026-09-22T08:39:45.647301Z][RH.newgen-samplerecognitioncamera][W][2330306][137]CRTCyclicEvent.cpp:TimeMissed():101|Cycle miss in event CCSICombinedCmdManager Cyclic Event. Time Overrun is 3194 us[EOL]
[2026-09-22T08:39:45.647381Z][RH.newgen-samplerecognitioncamera][W][2330306][137]CRTCyclicEvent.cpp:TimeMissed():101|Cycle miss in event CCSICombinedRepManager. Time Overrun is 3194 us[EOL]
[2026-09-22T08:39:51.648987Z][RH.transfer-xyz-gripper][W][2330306][136]CRTCyclicEvent.cpp:TimeMissed():101|Cycle miss in event CCSICombinedCmdManager Cyclic Event. Time Overrun is 9739 us[EOL]
[2026-09-22T08:39:51.649021Z][RH.transfer-xyz-gripper][W][2330306][136]CRTCyclicEvent.cpp:TimeMissed():101|Cycle miss in event CCSICombinedRepManager. Time Overrun is 9739 us[EOL]
[2026-09-22T08:39:51.650856Z][RH.newgen-samplerecognitioncamera][W][2330306][137]CRTCyclicEvent.cpp:TimeMissed():101|Cycle miss in event CCSICombinedCmdManager Cyclic Event. Time Overrun is 6745 us[EOL]
[2026-09-22T08:39:51.648711Z][RH.newgen-rackhandler][W][2330306][155]CRTCyclicEvent.cpp:TimeMissed():101|Cycle miss in event CCSICombinedCmdManager Cyclic Event. Time Overrun is 9485 us[EOL]
[2026-09-22T08:39:51.650907Z][RH.newgen-samplerecognitioncamera][W][2330306][137]CRTCyclicEvent.cpp:TimeMissed():101|Cycle miss in event CCSICombinedRepManager. Time Overrun is 6745 us[EOL]
[2026-09-22T08:39:55.565371Z][RH.newgen-rackhandler][W][2330306][155]CRTCyclicEvent.cpp:TimeMissed():101|Cycle miss in event CCSICombinedCmdManager Cyclic Event. Time Overrun is 6146 us[EOL]
[2026-09-22T08:39:55.563756Z][RH.transfer-xyz-gripper][W][2330306][136]CRTCyclicEvent.cpp:TimeMissed():101|Cycle miss in event CCSICombinedCmdManager Cyclic Event. Time Overrun is 4507 us[EOL]
[2026-09-22T08:39:55.563781Z][RH.transfer-xyz-gripper][W][2330306][136]CRTCyclicEvent.cpp:TimeMissed():101|Cycle miss in event CCSICombinedRepManager. Time Overrun is 4507 us[EOL]
[2026-09-22T08:39:58.688315Z][RH.newgen-rackhandler][I][2560016][155]IMessageHandler.h:operator()():40|Received RabbitMqMessage Roche.MolLab.InstrumentState.Ping. Content: {"Timestamp":"2026-09-22T08:39:58.6732312Z","PingId":"IS20"}[EOL]
[2026-09-22T08:39:58.688396Z][RH.newgen-rackhandler][I][844444436][155]UnitCommunicator.cpp:SendEvent():424|Publishing event: type=Roche.c68_8800.RackHandler.Echo correlation_id=(n/a)[EOL]
[2026-09-22T08:39:58.688442Z][RH.newgen-rackhandler][I][2560017][155]MessageSender.h:SendEvent():105|Sent RabbitMqEvent Roche.c68_8800.RackHandler.Echo. Content: {"Timestamp":"2026-09-22T08:39:58.688376Z","PingId":"IS20"}[EOL]
[2026-09-22T08:40:06.939523Z][RH.newgen-rackhandler][W][2330306][155]CRTCyclicEvent.cpp:TimeMissed():101|Cycle miss in event CCSICombinedCmdManager Cyclic Event. Time Overrun is 297 us[EOL]
[2026-09-22T08:40:06.939573Z][RH.transfer-xyz-gripper][W][2330306][136]CRTCyclicEvent.cpp:TimeMissed():101|Cycle miss in event CCSICombinedCmdManager Cyclic Event. Time Overrun is 327 us[EOL]
[2026-09-22T08:40:06.939607Z][RH.transfer-xyz-gripper][W][2330306][136]CRTCyclicEvent.cpp:TimeMissed():101|Cycle miss in event CCSICombinedRepManager. Time Overrun is 327 us[EOL]
[2026-09-22T08:40:12.369580Z][RH.transfer-xyz-gripper][W][2330306][136]CRTCyclicEvent.cpp:TimeMissed():101|Cycle miss in event CCSICombinedCmdManager Cyclic Event. Time Overrun is 331 us[EOL]
[2026-09-22T08:40:12.369609Z][RH.transfer-xyz-gripper][W][2330306][136]CRTCyclicEvent.cpp:TimeMissed():101|Cycle miss in event CCSICombinedRepManager. Time Overrun is 331 us[EOL]
[2026-09-22T08:40:12.370135Z][RH.newgen-rackhandler][W][2330306][155]CRTCyclicEvent.cpp:TimeMissed():101|Cycle miss in event CCSICombinedCmdManager Cyclic Event. Time Overrun is 903 us[EOL]
[2026-09-22T08:40:12.469410Z][RH.newgen-samplerecognitioncamera][W][2330306][137]CRTCyclicEvent.cpp:TimeMissed():101|Cycle miss in event CCSICombinedCmdManager Cyclic Event. Time Overrun is 5303 us[EOL]
[2026-09-22T08:40:12.469429Z][RH.newgen-samplerecognitioncamera][W][2330306][137]CRTCyclicEvent.cpp:TimeMissed():101|Cycle miss in event CCSICombinedRepManager. Time Overrun is 5303 us[EOL]
[2026-09-22T08:40:15.185911Z][RH.newgen-samplerecognitioncamera][W][2330306][137]CRTCyclicEvent.cpp:TimeMissed():101|Cycle miss in event CCSICombinedCmdManager Cyclic Event. Time Overrun is 1803 us[EOL]
[2026-09-22T08:40:15.185954Z][RH.newgen-samplerecognitioncamera][W][2330306][137]CRTCyclicEvent.cpp:TimeMissed():101|Cycle miss in event CCSICombinedRepManager. Time Overrun is 1803 us[EOL]
[2026-09-22T08:40:19.989968Z][RH.newgen-rackhandler][W][2330306][155]CRTCyclicEvent.cpp:TimeMissed():101|Cycle miss in event CCSICombinedCmdManager Cyclic Event. Time Overrun is 740 us[EOL]
[2026-09-22T08:40:21.528798Z][RH.newgen-samplerecognitioncamera][W][2330306][137]CRTCyclicEvent.cpp:TimeMissed():101|Cycle miss in event CCSICombinedCmdManager Cyclic Event. Time Overrun is 4692 us[EOL]
[2026-09-22T08:40:21.528826Z][RH.newgen-samplerecognitioncamera][W][2330306][137]CRTCyclicEvent.cpp:TimeMissed():101|Cycle miss in event CCSICombinedRepManager. Time Overrun is 4692 us[EOL]
[2026-09-22T08:40:25.054432Z][RH.newgen-samplerecognitioncamera][W][2330306][137]CRTCyclicEvent.cpp:TimeMissed():101|Cycle miss in event CCSICombinedCmdManager Cyclic Event. Time Overrun is 321 us[EOL]
[2026-09-22T08:40:25.054484Z][RH.newgen-samplerecognitioncamera][W][2330306][137]CRTCyclicEvent.cpp:TimeMissed():101|Cycle miss in event CCSICombinedRepManager. Time Overrun is 321 us[EOL]
[2026-09-22T08:40:25.209636Z][RH.transfer-xyz-gripper][W][2330306][136]CRTCyclicEvent.cpp:TimeMissed():101|Cycle miss in event CCSICombinedCmdManager Cyclic Event. Time Overrun is 383 us[EOL]
[2026-09-22T08:40:25.209689Z][RH.transfer-xyz-gripper][W][2330306][136]CRTCyclicEvent.cpp:TimeMissed():101|Cycle miss in event CCSICombinedRepManager. Time Overrun is 383 us[EOL]
[2026-09-22T08:40:25.209786Z][RH.newgen-rackhandler][W][2330306][155]CRTCyclicEvent.cpp:TimeMissed():101|Cycle miss in event CCSICombinedCmdManager Cyclic Event. Time Overrun is 559 us[EOL]
[2026-09-22T08:40:26.730377Z][RH.transfer-xyz-gripper][W][2330306][136]CRTCyclicEvent.cpp:TimeMissed():101|Cycle miss in event CCSICombinedCmdManager Cyclic Event. Time Overrun is 1131 us[EOL]
[2026-09-22T08:40:26.730402Z][RH.transfer-xyz-gripper][W][2330306][136]CRTCyclicEvent.cpp:TimeMissed():101|Cycle miss in event CCSICombinedRepManager. Time Overrun is 1131 us[EOL]
[2026-09-22T08:40:26.731234Z][RH.newgen-rackhandler][W][2330306][155]CRTCyclicEvent.cpp:TimeMissed():101|Cycle miss in event CCSICombinedCmdManager Cyclic Event. Time Overrun is 2009 us[EOL]
[2026-09-22T08:40:28.012419Z][RH.transfer-xyz-gripper][W][2330306][136]CRTCyclicEvent.cpp:TimeMissed():101|Cycle miss in event CCSICombinedCmdManager Cyclic Event. Time Overrun is 3172 us[EOL]
[2026-09-22T08:40:28.012449Z][RH.transfer-xyz-gripper][W][2330306][136]CRTCyclicEvent.cpp:TimeMissed():101|Cycle miss in event CCSICombinedRepManager. Time Overrun is 3172 us[EOL]
[2026-09-22T08:40:28.691414Z][RH.newgen-rackhandler][I][2560016][155]IMessageHandler.h:operator()():40|Received RabbitMqMessage Roche.MolLab.InstrumentState.Ping. Content: {"Timestamp":"2026-09-22T08:40:28.6739066Z","PingId":"IS21"}[EOL]
[2026-09-22T08:40:28.691448Z][RH.newgen-rackhandler][I][844444436][155]UnitCommunicator.cpp:SendEvent():424|Publishing event: type=Roche.c68_8800.RackHandler.Echo correlation_id=(n/a)[EOL]
[2026-09-22T08:40:28.691462Z][RH.newgen-rackhandler][I][2560017][155]MessageSender.h:SendEvent():105|Sent RabbitMqEvent Roche.c68_8800.RackHandler.Echo. Content: {"Timestamp":"2026-09-22T08:40:28.691444Z","PingId":"IS21"}[EOL]
[2026-09-22T08:40:37.855591Z][RH.newgen-samplerecognitioncamera][W][2330306][137]CRTCyclicEvent.cpp:TimeMissed():101|Cycle miss in event CCSICombinedCmdManager Cyclic Event. Time Overrun is 1483 us[EOL]
[2026-09-22T08:40:37.855619Z][RH.newgen-samplerecognitioncamera][W][2330306][137]CRTCyclicEvent.cpp:TimeMissed():101|Cycle miss in event CCSICombinedRepManager. Time Overrun is 1483 us[EOL]
[2026-09-22T08:40:42.015144Z][RH.newgen-samplerecognitioncamera][W][2330306][137]CRTCyclicEvent.cpp:TimeMissed():101|Cycle miss in event CCSICombinedCmdManager Cyclic Event. Time Overrun is 11031 us[EOL]
[2026-09-22T08:40:42.015011Z][RH.newgen-rackhandler][W][2330306][155]CRTCyclicEvent.cpp:TimeMissed():101|Cycle miss in event CCSICombinedCmdManager Cyclic Event. Time Overrun is 15763 us[EOL]
[2026-09-22T08:40:42.015187Z][RH.newgen-samplerecognitioncamera][W][2330306][137]CRTCyclicEvent.cpp:TimeMissed():101|Cycle miss in event CCSICombinedRepManager. Time Overrun is 11031 us[EOL]
[2026-09-22T08:40:42.050375Z][RH.transfer-xyz-gripper][W][2330306][136]CRTCyclicEvent.cpp:TimeMissed():101|Cycle miss in event CCSICombinedCmdManager Cyclic Event. Time Overrun is 1126 us[EOL]
[2026-09-22T08:40:42.050412Z][RH.transfer-xyz-gripper][W][2330306][136]CRTCyclicEvent.cpp:TimeMissed():101|Cycle miss in event CCSICombinedRepManager. Time Overrun is 1126 us[EOL]
[2026-09-22T08:40:47.847337Z][RH.newgen-samplerecognitioncamera][W][2330306][137]CRTCyclicEvent.cpp:TimeMissed():101|Cycle miss in event CCSICombinedCmdManager Cyclic Event. Time Overrun is 2523 us[EOL]
[2026-09-22T08:40:47.847362Z][RH.newgen-samplerecognitioncamera][W][2330306][137]CRTCyclicEvent.cpp:TimeMissed():101|Cycle miss in event CCSICombinedRepManager. Time Overrun is 2523 us[EOL]
[2026-09-22T08:40:49.696616Z][RH.transfer-xyz-gripper][W][2330306][136]CRTCyclicEvent.cpp:TimeMissed():101|Cycle miss in event CCSICombinedCmdManager Cyclic Event. Time Overrun is 7368 us[EOL]
[2026-09-22T08:40:49.696646Z][RH.transfer-xyz-gripper][W][2330306][136]CRTCyclicEvent.cpp:TimeMissed():101|Cycle miss in event CCSICombinedRepManager. Time Overrun is 7368 us[EOL]
[2026-09-22T08:40:49.696710Z][RH.newgen-rackhandler][W][2330306][155]CRTCyclicEvent.cpp:TimeMissed():101|Cycle miss in event CCSICombinedCmdManager Cyclic Event. Time Overrun is 7483 us[EOL]
[2026-09-22T08:40:49.699636Z][RH.newgen-samplerecognitioncamera][W][2330306][137]CRTCyclicEvent.cpp:TimeMissed():101|Cycle miss in event CCSICombinedCmdManager Cyclic Event. Time Overrun is 15528 us[EOL]
[2026-09-22T08:40:49.699663Z][RH.newgen-samplerecognitioncamera][W][2330306][137]CRTCyclicEvent.cpp:TimeMissed():101|Cycle miss in event CCSICombinedRepManager. Time Overrun is 15528 us[EOL]
[2026-09-22T08:40:54.261256Z][RH.transfer-xyz-gripper][W][2330306][136]CRTCyclicEvent.cpp:TimeMissed():101|Cycle miss in event CCSICombinedCmdManager Cyclic Event. Time Overrun is 2011 us[EOL]
[2026-09-22T08:40:54.261279Z][RH.transfer-xyz-gripper][W][2330306][136]CRTCyclicEvent.cpp:TimeMissed():101|Cycle miss in event CCSICombinedRepManager. Time Overrun is 2011 us[EOL]
[2026-09-22T08:40:54.261454Z][RH.newgen-samplerecognitioncamera][W][2330306][137]CRTCyclicEvent.cpp:TimeMissed():101|Cycle miss in event CCSICombinedCmdManager Cyclic Event. Time Overrun is 7345 us[EOL]
[2026-09-22T08:40:54.259901Z][RH.newgen-rackhandler][W][2330306][155]CRTCyclicEvent.cpp:TimeMissed():101|Cycle miss in event CCSICombinedCmdManager Cyclic Event. Time Overrun is 673 us[EOL]
[2026-09-22T08:40:54.261486Z][RH.newgen-samplerecognitioncamera][W][2330306][137]CRTCyclicEvent.cpp:TimeMissed():101|Cycle miss in event CCSICombinedRepManager. Time Overrun is 7345 us[EOL]
[2026-09-22T08:40:58.684681Z][RH.newgen-rackhandler][I][2560016][155]IMessageHandler.h:operator()():40|Received RabbitMqMessage Roche.MolLab.InstrumentState.Ping. Content: {"Timestamp":"2026-09-22T08:40:58.6734324Z","PingId":"IS22"}[EOL]
[2026-09-22T08:40:58.684726Z][RH.newgen-rackhandler][I][844444436][155]UnitCommunicator.cpp:SendEvent():424|Publishing event: type=Roche.c68_8800.RackHandler.Echo correlation_id=(n/a)[EOL]
[2026-09-22T08:40:58.684750Z][RH.newgen-rackhandler][I][2560017][155]MessageSender.h:SendEvent():105|Sent RabbitMqEvent Roche.c68_8800.RackHandler.Echo. Content: {"Timestamp":"2026-09-22T08:40:58.684720Z","PingId":"IS22"}[EOL]
[2026-09-22T08:41:08.820002Z][RH.newgen-rackhandler][W][2330306][155]CRTCyclicEvent.cpp:TimeMissed():101|Cycle miss in event CCSICombinedCmdManager Cyclic Event. Time Overrun is 10773 us[EOL]
[2026-09-22T08:41:08.821000Z][RH.newgen-samplerecognitioncamera][W][2330306][137]CRTCyclicEvent.cpp:TimeMissed():101|Cycle miss in event CCSICombinedCmdManager Cyclic Event. Time Overrun is 6849 us[EOL]
[2026-09-22T08:41:08.821042Z][RH.newgen-samplerecognitioncamera][W][2330306][137]CRTCyclicEvent.cpp:TimeMissed():101|Cycle miss in event CCSICombinedRepManager. Time Overrun is 6849 us[EOL]
[2026-09-22T08:41:22.504874Z][RH.transfer-xyz-gripper][W][2330306][136]CRTCyclicEvent.cpp:TimeMissed():101|Cycle miss in event CCSICombinedCmdManager Cyclic Event. Time Overrun is 5626 us[EOL]
[2026-09-22T08:41:22.504910Z][RH.transfer-xyz-gripper][W][2330306][136]CRTCyclicEvent.cpp:TimeMissed():101|Cycle miss in event CCSICombinedRepManager. Time Overrun is 5626 us[EOL]
[2026-09-22T08:41:25.176674Z][RH.newgen-samplerecognitioncamera][W][2330306][137]CRTCyclicEvent.cpp:TimeMissed():101|Cycle miss in event CCSICombinedCmdManager Cyclic Event. Time Overrun is 12562 us[EOL]
[2026-09-22T08:41:25.176687Z][RH.newgen-rackhandler][W][2330306][155]CRTCyclicEvent.cpp:TimeMissed():101|Cycle miss in event CCSICombinedCmdManager Cyclic Event. Time Overrun is 7462 us[EOL]
[2026-09-22T08:41:25.176707Z][RH.newgen-samplerecognitioncamera][W][2330306][137]CRTCyclicEvent.cpp:TimeMissed():101|Cycle miss in event CCSICombinedRepManager. Time Overrun is 12562 us[EOL]
[2026-09-22T08:41:25.179851Z][RH.transfer-xyz-gripper][W][2330306][136]CRTCyclicEvent.cpp:TimeMissed():101|Cycle miss in event CCSICombinedCmdManager Cyclic Event. Time Overrun is 20604 us[EOL]
[2026-09-22T08:41:25.179879Z][RH.transfer-xyz-gripper][W][2330306][136]CRTCyclicEvent.cpp:TimeMissed():101|Cycle miss in event CCSICombinedRepManager. Time Overrun is 20604 us[EOL]
[2026-09-22T08:41:27.836131Z][RH.newgen-samplerecognitioncamera][W][2330306][137]CRTCyclicEvent.cpp:TimeMissed():101|Cycle miss in event CCSICombinedCmdManager Cyclic Event. Time Overrun is 2021 us[EOL]
[2026-09-22T08:41:27.836158Z][RH.newgen-samplerecognitioncamera][W][2330306][137]CRTCyclicEvent.cpp:TimeMissed():101|Cycle miss in event CCSICombinedRepManager. Time Overrun is 2021 us[EOL]
[2026-09-22T08:41:28.690187Z][RH.newgen-rackhandler][I][2560016][155]IMessageHandler.h:operator()():40|Received RabbitMqMessage Roche.MolLab.InstrumentState.Ping. Content: {"Timestamp":"2026-09-22T08:41:28.6758998Z","PingId":"IS23"}[EOL]
[2026-09-22T08:41:28.690237Z][RH.newgen-rackhandler][I][844444436][155]UnitCommunicator.cpp:SendEvent():424|Publishing event: type=Roche.c68_8800.RackHandler.Echo correlation_id=(n/a)[EOL]
[2026-09-22T08:41:28.690366Z][RH.newgen-rackhandler][I][2560017][155]MessageSender.h:SendEvent():105|Sent RabbitMqEvent Roche.c68_8800.RackHandler.Echo. Content: {"Timestamp":"2026-09-22T08:41:28.690230Z","PingId":"IS23"}[EOL]
[2026-09-22T08:41:30.203240Z][RH.transfer-xyz-gripper][W][2330306][136]CRTCyclicEvent.cpp:TimeMissed():101|Cycle miss in event CCSICombinedCmdManager Cyclic Event. Time Overrun is 3994 us[EOL]
[2026-09-22T08:41:30.203260Z][RH.transfer-xyz-gripper][W][2330306][136]CRTCyclicEvent.cpp:TimeMissed():101|Cycle miss in event CCSICombinedRepManager. Time Overrun is 3994 us[EOL]
[2026-09-22T08:41:37.790668Z][RH.newgen-samplerecognitioncamera][W][2330306][137]CRTCyclicEvent.cpp:TimeMissed():101|Cycle miss in event CCSICombinedCmdManager Cyclic Event. Time Overrun is 6559 us[EOL]
[2026-09-22T08:41:37.790792Z][RH.newgen-samplerecognitioncamera][W][2330306][137]CRTCyclicEvent.cpp:TimeMissed():101|Cycle miss in event CCSICombinedRepManager. Time Overrun is 6559 us[EOL]
[2026-09-22T08:41:50.048286Z][RH.newgen-rackhandler][W][2330306][155]CRTCyclicEvent.cpp:TimeMissed():101|Cycle miss in event CCSICombinedCmdManager Cyclic Event. Time Overrun is 9061 us[EOL]
[2026-09-22T08:41:50.050256Z][RH.transfer-xyz-gripper][W][2330306][136]CRTCyclicEvent.cpp:TimeMissed():101|Cycle miss in event CCSICombinedCmdManager Cyclic Event. Time Overrun is 10992 us[EOL]
[2026-09-22T08:41:50.048046Z][RH.newgen-samplerecognitioncamera][W][2330306][137]CRTCyclicEvent.cpp:TimeMissed():101|Cycle miss in event CCSICombinedCmdManager Cyclic Event. Time Overrun is 13935 us[EOL]
[2026-09-22T08:41:50.050279Z][RH.transfer-xyz-gripper][W][2330306][136]CRTCyclicEvent.cpp:TimeMissed():101|Cycle miss in event CCSICombinedRepManager. Time Overrun is 10992 us[EOL]
[2026-09-22T08:41:50.048085Z][RH.newgen-samplerecognitioncamera][W][2330306][137]CRTCyclicEvent.cpp:TimeMissed():101|Cycle miss in event CCSICombinedRepManager. Time Overrun is 13935 us[EOL]
[2026-09-22T08:41:55.220333Z][RH.newgen-samplerecognitioncamera][W][2330306][137]CRTCyclicEvent.cpp:TimeMissed():101|Cycle miss in event CCSICombinedCmdManager Cyclic Event. Time Overrun is 6225 us[EOL]
[2026-09-22T08:41:55.220358Z][RH.newgen-samplerecognitioncamera][W][2330306][137]CRTCyclicEvent.cpp:TimeMissed():101|Cycle miss in event CCSICombinedRepManager. Time Overrun is 6225 us[EOL]
[2026-09-22T08:41:55.220670Z][RH.transfer-xyz-gripper][W][2330306][136]CRTCyclicEvent.cpp:TimeMissed():101|Cycle miss in event CCSICombinedCmdManager Cyclic Event. Time Overrun is 1423 us[EOL]
[2026-09-22T08:41:55.220702Z][RH.transfer-xyz-gripper][W][2330306][136]CRTCyclicEvent.cpp:TimeMissed():101|Cycle miss in event CCSICombinedRepManager. Time Overrun is 1423 us[EOL]
[2026-09-22T08:41:55.220787Z][RH.newgen-rackhandler][W][2330306][155]CRTCyclicEvent.cpp:TimeMissed():101|Cycle miss in event CCSICombinedCmdManager Cyclic Event. Time Overrun is 1562 us[EOL]
[2026-09-22T08:41:57.865938Z][RH.newgen-rackhandler][W][2330306][155]CRTCyclicEvent.cpp:TimeMissed():101|Cycle miss in event CCSICombinedCmdManager Cyclic Event. Time Overrun is 6711 us[EOL]
[2026-09-22T08:41:57.866489Z][RH.newgen-samplerecognitioncamera][W][2330306][137]CRTCyclicEvent.cpp:TimeMissed():101|Cycle miss in event CCSICombinedCmdManager Cyclic Event. Time Overrun is 2377 us[EOL]
[2026-09-22T08:41:57.866521Z][RH.newgen-samplerecognitioncamera][W][2330306][137]CRTCyclicEvent.cpp:TimeMissed():101|Cycle miss in event CCSICombinedRepManager. Time Overrun is 2377 us[EOL]
[2026-09-22T08:41:58.681437Z][RH.newgen-rackhandler][I][2560016][155]IMessageHandler.h:operator()():40|Received RabbitMqMessage Roche.MolLab.InstrumentState.Ping. Content: {"Timestamp":"2026-09-22T08:41:58.6738087Z","PingId":"IS24"}[EOL]
[2026-09-22T08:41:58.681481Z][RH.newgen-rackhandler][I][844444436][155]UnitCommunicator.cpp:SendEvent():424|Publishing event: type=Roche.c68_8800.RackHandler.Echo correlation_id=(n/a)[EOL]
[2026-09-22T08:41:58.681504Z][RH.newgen-rackhandler][I][2560017][155]MessageSender.h:SendEvent():105|Sent RabbitMqEvent Roche.c68_8800.RackHandler.Echo. Content: {"Timestamp":"2026-09-22T08:41:58.681476Z","PingId":"IS24"}[EOL]
[2026-09-22T08:42:01.030602Z][RH.transfer-xyz-gripper][W][2330306][136]CRTCyclicEvent.cpp:TimeMissed():101|Cycle miss in event CCSICombinedCmdManager Cyclic Event. Time Overrun is 1355 us[EOL]
[2026-09-22T08:42:01.030628Z][RH.transfer-xyz-gripper][W][2330306][136]CRTCyclicEvent.cpp:TimeMissed():101|Cycle miss in event CCSICombinedRepManager. Time Overrun is 1355 us[EOL]
[2026-09-22T08:42:14.210292Z][RH.transfer-xyz-gripper][W][2330306][136]CRTCyclicEvent.cpp:TimeMissed():101|Cycle miss in event CCSICombinedCmdManager Cyclic Event. Time Overrun is 11046 us[EOL]
[2026-09-22T08:42:14.210318Z][RH.transfer-xyz-gripper][W][2330306][136]CRTCyclicEvent.cpp:TimeMissed():101|Cycle miss in event CCSICombinedRepManager. Time Overrun is 11046 us[EOL]
[2026-09-22T08:42:14.209846Z][RH.newgen-rackhandler][W][2330306][155]CRTCyclicEvent.cpp:TimeMissed():101|Cycle miss in event CCSICombinedCmdManager Cyclic Event. Time Overrun is 10619 us[EOL]
[2026-09-22T08:42:14.210351Z][RH.newgen-samplerecognitioncamera][W][2330306][137]CRTCyclicEvent.cpp:TimeMissed():101|Cycle miss in event CCSICombinedCmdManager Cyclic Event. Time Overrun is 6243 us[EOL]
[2026-09-22T08:42:14.210376Z][RH.newgen-samplerecognitioncamera][W][2330306][137]CRTCyclicEvent.cpp:TimeMissed():101|Cycle miss in event CCSICombinedRepManager. Time Overrun is 6243 us[EOL]
[2026-09-22T08:42:14.379749Z][RH.transfer-xyz-gripper][W][2330306][136]CRTCyclicEvent.cpp:TimeMissed():101|Cycle miss in event CCSICombinedCmdManager Cyclic Event. Time Overrun is 501 us[EOL]
[2026-09-22T08:42:14.379786Z][RH.transfer-xyz-gripper][W][2330306][136]CRTCyclicEvent.cpp:TimeMissed():101|Cycle miss in event CCSICombinedRepManager. Time Overrun is 501 us[EOL]
[2026-09-22T08:42:15.264472Z][RH.newgen-samplerecognitioncamera][W][2330306][137]CRTCyclicEvent.cpp:TimeMissed():101|Cycle miss in event CCSICombinedCmdManager Cyclic Event. Time Overrun is 346 us[EOL]
[2026-09-22T08:42:15.264547Z][RH.newgen-samplerecognitioncamera][W][2330306][137]CRTCyclicEvent.cpp:TimeMissed():101|Cycle miss in event CCSICombinedRepManager. Time Overrun is 346 us[EOL]
[2026-09-22T08:42:24.578265Z][RH.newgen-rackhandler][W][2330306][155]CRTCyclicEvent.cpp:TimeMissed():101|Cycle miss in event CCSICombinedCmdManager Cyclic Event. Time Overrun is 9040 us[EOL]
[2026-09-22T08:42:24.578446Z][RH.newgen-samplerecognitioncamera][W][2330306][137]CRTCyclicEvent.cpp:TimeMissed():101|Cycle miss in event CCSICombinedCmdManager Cyclic Event. Time Overrun is 4339 us[EOL]
[2026-09-22T08:42:24.578465Z][RH.newgen-samplerecognitioncamera][W][2330306][137]CRTCyclicEvent.cpp:TimeMissed():101|Cycle miss in event CCSICombinedRepManager. Time Overrun is 4339 us[EOL]
[2026-09-22T08:42:24.576935Z][RH.transfer-xyz-gripper][W][2330306][136]CRTCyclicEvent.cpp:TimeMissed():101|Cycle miss in event CCSICombinedCmdManager Cyclic Event. Time Overrun is 7648 us[EOL]
[2026-09-22T08:42:24.576969Z][RH.transfer-xyz-gripper][W][2330306][136]CRTCyclicEvent.cpp:TimeMissed():101|Cycle miss in event CCSICombinedRepManager. Time Overrun is 7648 us[EOL]
[2026-09-22T08:42:27.287389Z][RH.transfer-xyz-gripper][W][2330306][136]CRTCyclicEvent.cpp:TimeMissed():101|Cycle miss in event CCSICombinedCmdManager Cyclic Event. Time Overrun is 18143 us[EOL]
[2026-09-22T08:42:27.287410Z][RH.transfer-xyz-gripper][W][2330306][136]CRTCyclicEvent.cpp:TimeMissed():101|Cycle miss in event CCSICombinedRepManager. Time Overrun is 18143 us[EOL]
[2026-09-22T08:42:27.287700Z][RH.newgen-samplerecognitioncamera][W][2330306][137]CRTCyclicEvent.cpp:TimeMissed():101|Cycle miss in event CCSICombinedCmdManager Cyclic Event. Time Overrun is 13592 us[EOL]
[2026-09-22T08:42:27.287847Z][RH.newgen-rackhandler][W][2330306][155]CRTCyclicEvent.cpp:TimeMissed():101|Cycle miss in event CCSICombinedCmdManager Cyclic Event. Time Overrun is 18615 us[EOL]
[2026-09-22T08:42:27.287726Z][RH.newgen-samplerecognitioncamera][W][2330306][137]CRTCyclicEvent.cpp:TimeMissed():101|Cycle miss in event CCSICombinedRepManager. Time Overrun is 13592 us[EOL]
[2026-09-22T08:42:27.541398Z][RH.newgen-rackhandler][W][2330306][155]CRTCyclicEvent.cpp:TimeMissed():101|Cycle miss in event CCSICombinedCmdManager Cyclic Event. Time Overrun is 22171 us[EOL]
[2026-09-22T08:42:27.542719Z][RH.transfer-xyz-gripper][W][2330306][136]CRTCyclicEvent.cpp:TimeMissed():101|Cycle miss in event CCSICombinedCmdManager Cyclic Event. Time Overrun is 13469 us[EOL]
[2026-09-22T08:42:27.542794Z][RH.transfer-xyz-gripper][W][2330306][136]CRTCyclicEvent.cpp:TimeMissed():101|Cycle miss in event CCSICombinedRepManager. Time Overrun is 13469 us[EOL]
[2026-09-22T08:42:27.541799Z][RH.newgen-samplerecognitioncamera][W][2330306][137]CRTCyclicEvent.cpp:TimeMissed():101|Cycle miss in event CCSICombinedCmdManager Cyclic Event. Time Overrun is 17693 us[EOL]
[2026-09-22T08:42:27.541822Z][RH.newgen-samplerecognitioncamera][W][2330306][137]CRTCyclicEvent.cpp:TimeMissed():101|Cycle miss in event CCSICombinedRepManager. Time Overrun is 17693 us[EOL]
[2026-09-22T08:42:27.844383Z][RH.newgen-samplerecognitioncamera][W][2330306][137]CRTCyclicEvent.cpp:TimeMissed():101|Cycle miss in event CCSICombinedCmdManager Cyclic Event. Time Overrun is 274 us[EOL]
[2026-09-22T08:42:27.844412Z][RH.newgen-samplerecognitioncamera][W][2330306][137]CRTCyclicEvent.cpp:TimeMissed():101|Cycle miss in event CCSICombinedRepManager. Time Overrun is 274 us[EOL]
[2026-09-22T08:42:28.701053Z][RH.newgen-rackhandler][I][2560016][155]IMessageHandler.h:operator()():40|Received RabbitMqMessage Roche.MolLab.InstrumentState.Ping. Content: {"Timestamp":"2026-09-22T08:42:28.6758628Z","PingId":"IS25"}[EOL]
[2026-09-22T08:42:28.701085Z][RH.newgen-rackhandler][I][844444436][155]UnitCommunicator.cpp:SendEvent():424|Publishing event: type=Roche.c68_8800.RackHandler.Echo correlation_id=(n/a)[EOL]
[2026-09-22T08:42:28.701140Z][RH.newgen-rackhandler][I][2560017][155]MessageSender.h:SendEvent():105|Sent RabbitMqEvent Roche.c68_8800.RackHandler.Echo. Content: {"Timestamp":"2026-09-22T08:42:28.701082Z","PingId":"IS25"}[EOL]
[2026-09-22T08:42:29.424480Z][RH.transfer-xyz-gripper][W][2330306][136]CRTCyclicEvent.cpp:TimeMissed():101|Cycle miss in event CCSICombinedCmdManager Cyclic Event. Time Overrun is 15232 us[EOL]
[2026-09-22T08:42:29.424822Z][RH.transfer-xyz-gripper][W][2330306][136]CRTCyclicEvent.cpp:TimeMissed():101|Cycle miss in event CCSICombinedRepManager. Time Overrun is 15232 us[EOL]
[2026-09-22T08:42:29.424865Z][RH.newgen-samplerecognitioncamera][W][2330306][137]CRTCyclicEvent.cpp:TimeMissed():101|Cycle miss in event CCSICombinedCmdManager Cyclic Event. Time Overrun is 10756 us[EOL]
[2026-09-22T08:42:29.424894Z][RH.newgen-samplerecognitioncamera][W][2330306][137]CRTCyclicEvent.cpp:TimeMissed():101|Cycle miss in event CCSICombinedRepManager. Time Overrun is 10756 us[EOL]
[2026-09-22T08:42:29.427451Z][RH.newgen-rackhandler][W][2330306][155]CRTCyclicEvent.cpp:TimeMissed():101|Cycle miss in event CCSICombinedCmdManager Cyclic Event. Time Overrun is 8221 us[EOL]
[2026-09-22T08:42:39.704759Z][RH.newgen-samplerecognitioncamera][W][2330306][137]CRTCyclicEvent.cpp:TimeMissed():101|Cycle miss in event CCSICombinedCmdManager Cyclic Event. Time Overrun is 650 us[EOL]
[2026-09-22T08:42:39.704789Z][RH.newgen-samplerecognitioncamera][W][2330306][137]CRTCyclicEvent.cpp:TimeMissed():101|Cycle miss in event CCSICombinedRepManager. Time Overrun is 650 us[EOL]
[2026-09-22T08:42:39.850637Z][RH.transfer-xyz-gripper][W][2330306][136]CRTCyclicEvent.cpp:TimeMissed():101|Cycle miss in event CCSICombinedCmdManager Cyclic Event. Time Overrun is 11390 us[EOL]
[2026-09-22T08:42:39.850868Z][RH.transfer-xyz-gripper][W][2330306][136]CRTCyclicEvent.cpp:TimeMissed():101|Cycle miss in event CCSICombinedRepManager. Time Overrun is 11390 us[EOL]
[2026-09-22T08:42:39.842511Z][RH.newgen-rackhandler][W][2330306][155]CRTCyclicEvent.cpp:TimeMissed():101|Cycle miss in event CCSICombinedCmdManager Cyclic Event. Time Overrun is 3215 us[EOL]
[2026-09-22T08:42:40.235417Z][RH.newgen-samplerecognitioncamera][W][2330306][137]CRTCyclicEvent.cpp:TimeMissed():101|Cycle miss in event CCSICombinedCmdManager Cyclic Event. Time Overrun is 1307 us[EOL]
[2026-09-22T08:42:40.235458Z][RH.newgen-samplerecognitioncamera][W][2330306][137]CRTCyclicEvent.cpp:TimeMissed():101|Cycle miss in event CCSICombinedRepManager. Time Overrun is 1307 us[EOL]
[2026-09-22T08:42:41.201514Z][RH.newgen-rackhandler][W][2330306][155]CRTCyclicEvent.cpp:TimeMissed():101|Cycle miss in event CCSICombinedCmdManager Cyclic Event. Time Overrun is 2283 us[EOL]
[2026-09-22T08:42:45.167458Z][RH.newgen-samplerecognitioncamera][W][2330306][137]CRTCyclicEvent.cpp:TimeMissed():101|Cycle miss in event CCSICombinedCmdManager Cyclic Event. Time Overrun is 3350 us[EOL]
[2026-09-22T08:42:45.167489Z][RH.newgen-samplerecognitioncamera][W][2330306][137]CRTCyclicEvent.cpp:TimeMissed():101|Cycle miss in event CCSICombinedRepManager. Time Overrun is 3350 us[EOL]
[2026-09-22T08:42:45.161006Z][RH.transfer-xyz-gripper][W][2330306][136]CRTCyclicEvent.cpp:TimeMissed():101|Cycle miss in event CCSICombinedCmdManager Cyclic Event. Time Overrun is 1758 us[EOL]
[2026-09-22T08:42:45.161037Z][RH.transfer-xyz-gripper][W][2330306][136]CRTCyclicEvent.cpp:TimeMissed():101|Cycle miss in event CCSICombinedRepManager. Time Overrun is 1758 us[EOL]
[2026-09-22T08:42:45.167214Z][RH.newgen-rackhandler][W][2330306][155]CRTCyclicEvent.cpp:TimeMissed():101|Cycle miss in event CCSICombinedCmdManager Cyclic Event. Time Overrun is 7985 us[EOL]
[2026-09-22T08:42:45.563209Z][RH.transfer-xyz-gripper][W][2330306][136]CRTCyclicEvent.cpp:TimeMissed():101|Cycle miss in event CCSICombinedCmdManager Cyclic Event. Time Overrun is 23934 us[EOL]
[2026-09-22T08:42:45.563240Z][RH.transfer-xyz-gripper][W][2330306][136]CRTCyclicEvent.cpp:TimeMissed():101|Cycle miss in event CCSICombinedRepManager. Time Overrun is 23934 us[EOL]
[2026-09-22T08:42:52.231815Z][RH.newgen-rackhandler][W][2330306][155]CRTCyclicEvent.cpp:TimeMissed():101|Cycle miss in event CCSICombinedCmdManager Cyclic Event. Time Overrun is 22536 us[EOL]
[2026-09-22T08:42:57.860000Z][RH.transfer-xyz-gripper][W][2330306][136]CRTCyclicEvent.cpp:TimeMissed():101|Cycle miss in event CCSICombinedCmdManager Cyclic Event. Time Overrun is 699 us[EOL]
[2026-09-22T08:42:57.860132Z][RH.transfer-xyz-gripper][W][2330306][136]CRTCyclicEvent.cpp:TimeMissed():101|Cycle miss in event CCSICombinedRepManager. Time Overrun is 699 us[EOL]
[2026-09-22T08:42:57.856983Z][RH.newgen-rackhandler][W][2330306][155]CRTCyclicEvent.cpp:TimeMissed():101|Cycle miss in event CCSICombinedCmdManager Cyclic Event. Time Overrun is 7752 us[EOL]
[2026-09-22T08:42:57.859032Z][RH.newgen-samplerecognitioncamera][W][2330306][137]CRTCyclicEvent.cpp:TimeMissed():101|Cycle miss in event CCSICombinedCmdManager Cyclic Event. Time Overrun is 4905 us[EOL]
[2026-09-22T08:42:57.859079Z][RH.newgen-samplerecognitioncamera][W][2330306][137]CRTCyclicEvent.cpp:TimeMissed():101|Cycle miss in event CCSICombinedRepManager. Time Overrun is 4905 us[EOL]
[2026-09-22T08:42:58.691407Z][RH.newgen-rackhandler][I][2560016][155]IMessageHandler.h:operator()():40|Received RabbitMqMessage Roche.MolLab.InstrumentState.Ping. Content: {"Timestamp":"2026-09-22T08:42:58.6760266Z","PingId":"IS26"}[EOL]
[2026-09-22T08:42:58.691538Z][RH.newgen-rackhandler][I][844444436][155]UnitCommunicator.cpp:SendEvent():424|Publishing event: type=Roche.c68_8800.RackHandler.Echo correlation_id=(n/a)[EOL]
[2026-09-22T08:42:58.691835Z][RH.newgen-rackhandler][I][2560017][155]MessageSender.h:SendEvent():105|Sent RabbitMqEvent Roche.c68_8800.RackHandler.Echo. Content: {"Timestamp":"2026-09-22T08:42:58.691507Z","PingId":"IS26"}[EOL]
[2026-09-22T08:43:04.484279Z][RH.newgen-samplerecognitioncamera][W][2330306][137]CRTCyclicEvent.cpp:TimeMissed():101|Cycle miss in event CCSICombinedCmdManager Cyclic Event. Time Overrun is 163 us[EOL]
[2026-09-22T08:43:04.484773Z][RH.newgen-samplerecognitioncamera][W][2330306][137]CRTCyclicEvent.cpp:TimeMissed():101|Cycle miss in event CCSICombinedRepManager. Time Overrun is 163 us[EOL]
[2026-09-22T08:43:05.334442Z][RH.newgen-rackhandler][W][2330306][155]CRTCyclicEvent.cpp:TimeMissed():101|Cycle miss in event CCSICombinedCmdManager Cyclic Event. Time Overrun is 5216 us[EOL]
[2026-09-22T08:43:07.857842Z][RH.newgen-samplerecognitioncamera][W][2330306][137]CRTCyclicEvent.cpp:TimeMissed():101|Cycle miss in event CCSICombinedCmdManager Cyclic Event. Time Overrun is 3733 us[EOL]
[2026-09-22T08:43:07.857872Z][RH.newgen-samplerecognitioncamera][W][2330306][137]CRTCyclicEvent.cpp:TimeMissed():101|Cycle miss in event CCSICombinedRepManager. Time Overrun is 3733 us[EOL]
[2026-09-22T08:43:28.716688Z][RH.newgen-rackhandler][I][2560016][155]IMessageHandler.h:operator()():40|Received RabbitMqMessage Roche.MolLab.InstrumentState.Ping. Content: {"Timestamp":"2026-09-22T08:43:28.6755037Z","PingId":"IS27"}[EOL]
[2026-09-22T08:43:28.716744Z][RH.newgen-rackhandler][I][844444436][155]UnitCommunicator.cpp:SendEvent():424|Publishing event: type=Roche.c68_8800.RackHandler.Echo correlation_id=(n/a)[EOL]
[2026-09-22T08:43:28.716774Z][RH.newgen-rackhandler][I][2560017][155]MessageSender.h:SendEvent():105|Sent RabbitMqEvent Roche.c68_8800.RackHandler.Echo. Content: {"Timestamp":"2026-09-22T08:43:28.716735Z","PingId":"IS27"}[EOL]
[2026-09-22T08:43:47.849346Z][RH.transfer-xyz-gripper][W][2330306][136]CRTCyclicEvent.cpp:TimeMissed():101|Cycle miss in event CCSICombinedCmdManager Cyclic Event. Time Overrun is 97 us[EOL]
[2026-09-22T08:43:47.848878Z][RH.newgen-samplerecognitioncamera][W][2330306][137]CRTCyclicEvent.cpp:TimeMissed():101|Cycle miss in event CCSICombinedCmdManager Cyclic Event. Time Overrun is 4767 us[EOL]
[2026-09-22T08:43:47.848913Z][RH.newgen-samplerecognitioncamera][W][2330306][137]CRTCyclicEvent.cpp:TimeMissed():101|Cycle miss in event CCSICombinedRepManager. Time Overrun is 4767 us[EOL]
[2026-09-22T08:43:47.849387Z][RH.transfer-xyz-gripper][W][2330306][136]CRTCyclicEvent.cpp:TimeMissed():101|Cycle miss in event CCSICombinedRepManager. Time Overrun is 97 us[EOL]
[2026-09-22T08:43:50.461950Z][RH.transfer-xyz-gripper][W][2330306][136]CRTCyclicEvent.cpp:TimeMissed():101|Cycle miss in event CCSICombinedCmdManager Cyclic Event. Time Overrun is 2701 us[EOL]
[2026-09-22T08:43:50.461983Z][RH.transfer-xyz-gripper][W][2330306][136]CRTCyclicEvent.cpp:TimeMissed():101|Cycle miss in event CCSICombinedRepManager. Time Overrun is 2701 us[EOL]
[2026-09-22T08:43:57.849924Z][RH.newgen-rackhandler][W][2330306][155]CRTCyclicEvent.cpp:TimeMissed():101|Cycle miss in event CCSICombinedCmdManager Cyclic Event. Time Overrun is 695 us[EOL]
[2026-09-22T08:43:58.680880Z][RH.newgen-rackhandler][I][2560016][155]IMessageHandler.h:operator()():40|Received RabbitMqMessage Roche.MolLab.InstrumentState.Ping. Content: {"Timestamp":"2026-09-22T08:43:58.6746793Z","PingId":"IS28"}[EOL]
[2026-09-22T08:43:58.680966Z][RH.newgen-rackhandler][I][844444436][155]UnitCommunicator.cpp:SendEvent():424|Publishing event: type=Roche.c68_8800.RackHandler.Echo correlation_id=(n/a)[EOL]
[2026-09-22T08:43:58.680985Z][RH.newgen-rackhandler][I][2560017][155]MessageSender.h:SendEvent():105|Sent RabbitMqEvent Roche.c68_8800.RackHandler.Echo. Content: {"Timestamp":"2026-09-22T08:43:58.680959Z","PingId":"IS28"}[EOL]
[2026-09-22T08:44:04.586349Z][RH.newgen-samplerecognitioncamera][W][2330306][137]CRTCyclicEvent.cpp:TimeMissed():101|Cycle miss in event CCSICombinedCmdManager Cyclic Event. Time Overrun is 12242 us[EOL]
[2026-09-22T08:44:04.583903Z][RH.newgen-rackhandler][W][2330306][155]CRTCyclicEvent.cpp:TimeMissed():101|Cycle miss in event CCSICombinedCmdManager Cyclic Event. Time Overrun is 14676 us[EOL]
[2026-09-22T08:44:04.584709Z][RH.transfer-xyz-gripper][W][2330306][136]CRTCyclicEvent.cpp:TimeMissed():101|Cycle miss in event CCSICombinedCmdManager Cyclic Event. Time Overrun is 15461 us[EOL]
[2026-09-22T08:44:04.584739Z][RH.transfer-xyz-gripper][W][2330306][136]CRTCyclicEvent.cpp:TimeMissed():101|Cycle miss in event CCSICombinedRepManager. Time Overrun is 15461 us[EOL]
[2026-09-22T08:44:04.586372Z][RH.newgen-samplerecognitioncamera][W][2330306][137]CRTCyclicEvent.cpp:TimeMissed():101|Cycle miss in event CCSICombinedRepManager. Time Overrun is 12242 us[EOL]
[2026-09-22T08:44:07.850995Z][RH.transfer-xyz-gripper][W][2330306][136]CRTCyclicEvent.cpp:TimeMissed():101|Cycle miss in event CCSICombinedCmdManager Cyclic Event. Time Overrun is 1740 us[EOL]
[2026-09-22T08:44:07.851038Z][RH.transfer-xyz-gripper][W][2330306][136]CRTCyclicEvent.cpp:TimeMissed():101|Cycle miss in event CCSICombinedRepManager. Time Overrun is 1740 us[EOL]
[2026-09-22T08:44:20.393087Z][RH.transfer-xyz-gripper][W][2330306][136]CRTCyclicEvent.cpp:TimeMissed():101|Cycle miss in event CCSICombinedCmdManager Cyclic Event. Time Overrun is 3840 us[EOL]
[2026-09-22T08:44:20.393124Z][RH.transfer-xyz-gripper][W][2330306][136]CRTCyclicEvent.cpp:TimeMissed():101|Cycle miss in event CCSICombinedRepManager. Time Overrun is 3840 us[EOL]
[2026-09-22T08:44:20.393612Z][RH.newgen-rackhandler][W][2330306][155]CRTCyclicEvent.cpp:TimeMissed():101|Cycle miss in event CCSICombinedCmdManager Cyclic Event. Time Overrun is 4386 us[EOL]
[2026-09-22T08:44:22.499199Z][RH.transfer-xyz-gripper][W][2330306][136]CRTCyclicEvent.cpp:TimeMissed():101|Cycle miss in event CCSICombinedCmdManager Cyclic Event. Time Overrun is 9952 us[EOL]
[2026-09-22T08:44:22.499232Z][RH.transfer-xyz-gripper][W][2330306][136]CRTCyclicEvent.cpp:TimeMissed():101|Cycle miss in event CCSICombinedRepManager. Time Overrun is 9952 us[EOL]
[2026-09-22T08:44:22.498449Z][RH.newgen-samplerecognitioncamera][W][2330306][137]CRTCyclicEvent.cpp:TimeMissed():101|Cycle miss in event CCSICombinedCmdManager Cyclic Event. Time Overrun is 14341 us[EOL]
[2026-09-22T08:44:22.498477Z][RH.newgen-samplerecognitioncamera][W][2330306][137]CRTCyclicEvent.cpp:TimeMissed():101|Cycle miss in event CCSICombinedRepManager. Time Overrun is 14341 us[EOL]
[2026-09-22T08:44:22.498395Z][RH.newgen-rackhandler][W][2330306][155]CRTCyclicEvent.cpp:TimeMissed():101|Cycle miss in event CCSICombinedCmdManager Cyclic Event. Time Overrun is 9170 us[EOL]
[2026-09-22T08:44:22.845849Z][RH.newgen-samplerecognitioncamera][W][2330306][137]CRTCyclicEvent.cpp:TimeMissed():101|Cycle miss in event CCSICombinedCmdManager Cyclic Event. Time Overrun is 1737 us[EOL]
[2026-09-22T08:44:22.845884Z][RH.newgen-samplerecognitioncamera][W][2330306][137]CRTCyclicEvent.cpp:TimeMissed():101|Cycle miss in event CCSICombinedRepManager. Time Overrun is 1737 us[EOL]
[2026-09-22T08:44:23.965943Z][RH.newgen-rackhandler][W][2330306][155]CRTCyclicEvent.cpp:TimeMissed():101|Cycle miss in event CCSICombinedCmdManager Cyclic Event. Time Overrun is 36717 us[EOL]
[2026-09-22T08:44:23.968209Z][RH.transfer-xyz-gripper][W][2330306][136]CRTCyclicEvent.cpp:TimeMissed():101|Cycle miss in event CCSICombinedCmdManager Cyclic Event. Time Overrun is 38958 us[EOL]
[2026-09-22T08:44:23.968273Z][RH.transfer-xyz-gripper][W][2330306][136]CRTCyclicEvent.cpp:TimeMissed():101|Cycle miss in event CCSICombinedRepManager. Time Overrun is 38958 us[EOL]
[2026-09-22T08:44:23.968439Z][RH.newgen-samplerecognitioncamera][W][2330306][137]CRTCyclicEvent.cpp:TimeMissed():101|Cycle miss in event CCSICombinedCmdManager Cyclic Event. Time Overrun is 34329 us[EOL]
[2026-09-22T08:44:23.968471Z][RH.newgen-samplerecognitioncamera][W][2330306][137]CRTCyclicEvent.cpp:TimeMissed():101|Cycle miss in event CCSICombinedRepManager. Time Overrun is 34329 us[EOL]
[2026-09-22T08:44:25.229346Z][RH.transfer-xyz-gripper][W][2330306][136]CRTCyclicEvent.cpp:TimeMissed():101|Cycle miss in event CCSICombinedCmdManager Cyclic Event. Time Overrun is 100 us[EOL]
[2026-09-22T08:44:25.229367Z][RH.transfer-xyz-gripper][W][2330306][136]CRTCyclicEvent.cpp:TimeMissed():101|Cycle miss in event CCSICombinedRepManager. Time Overrun is 100 us[EOL]
[2026-09-22T08:44:25.231371Z][RH.newgen-rackhandler][W][2330306][155]CRTCyclicEvent.cpp:TimeMissed():101|Cycle miss in event CCSICombinedCmdManager Cyclic Event. Time Overrun is 2138 us[EOL]
[2026-09-22T08:44:28.705233Z][RH.newgen-rackhandler][I][2560016][155]IMessageHandler.h:operator()():40|Received RabbitMqMessage Roche.MolLab.InstrumentState.Ping. Content: {"Timestamp":"2026-09-22T08:44:28.6765694Z","PingId":"IS29"}[EOL]
[2026-09-22T08:44:28.705290Z][RH.newgen-rackhandler][I][844444436][155]UnitCommunicator.cpp:SendEvent():424|Publishing event: type=Roche.c68_8800.RackHandler.Echo correlation_id=(n/a)[EOL]
[2026-09-22T08:44:28.705305Z][RH.newgen-rackhandler][I][2560017][155]MessageSender.h:SendEvent():105|Sent RabbitMqEvent Roche.c68_8800.RackHandler.Echo. Content: {"Timestamp":"2026-09-22T08:44:28.705283Z","PingId":"IS29"}[EOL]
[2026-09-22T08:44:35.583043Z][RH.transfer-xyz-gripper][W][2330306][136]CRTCyclicEvent.cpp:TimeMissed():101|Cycle miss in event CCSICombinedCmdManager Cyclic Event. Time Overrun is 3795 us[EOL]
[2026-09-22T08:44:35.583159Z][RH.transfer-xyz-gripper][W][2330306][136]CRTCyclicEvent.cpp:TimeMissed():101|Cycle miss in event CCSICombinedRepManager. Time Overrun is 3795 us[EOL]
[2026-09-22T08:44:39.280223Z][RH.newgen-rackhandler][W][2330306][155]CRTCyclicEvent.cpp:TimeMissed():101|Cycle miss in event CCSICombinedCmdManager Cyclic Event. Time Overrun is 990 us[EOL]
[2026-09-22T08:44:39.279821Z][RH.transfer-xyz-gripper][W][2330306][136]CRTCyclicEvent.cpp:TimeMissed():101|Cycle miss in event CCSICombinedCmdManager Cyclic Event. Time Overrun is 574 us[EOL]
[2026-09-22T08:44:39.279842Z][RH.transfer-xyz-gripper][W][2330306][136]CRTCyclicEvent.cpp:TimeMissed():101|Cycle miss in event CCSICombinedRepManager. Time Overrun is 574 us[EOL]
[2026-09-22T08:44:42.420012Z][RH.newgen-samplerecognitioncamera][W][2330306][137]CRTCyclicEvent.cpp:TimeMissed():101|Cycle miss in event CCSICombinedCmdManager Cyclic Event. Time Overrun is 15903 us[EOL]
[2026-09-22T08:44:42.420509Z][RH.transfer-xyz-gripper][W][2330306][136]CRTCyclicEvent.cpp:TimeMissed():101|Cycle miss in event CCSICombinedCmdManager Cyclic Event. Time Overrun is 11265 us[EOL]
[2026-09-22T08:44:42.420045Z][RH.newgen-samplerecognitioncamera][W][2330306][137]CRTCyclicEvent.cpp:TimeMissed():101|Cycle miss in event CCSICombinedRepManager. Time Overrun is 15903 us[EOL]
[2026-09-22T08:44:42.420124Z][RH.newgen-rackhandler][W][2330306][155]CRTCyclicEvent.cpp:TimeMissed():101|Cycle miss in event CCSICombinedCmdManager Cyclic Event. Time Overrun is 10899 us[EOL]
[2026-09-22T08:44:42.420536Z][RH.transfer-xyz-gripper][W][2330306][136]CRTCyclicEvent.cpp:TimeMissed():101|Cycle miss in event CCSICombinedRepManager. Time Overrun is 11265 us[EOL]
[2026-09-22T08:44:42.607576Z][RH.newgen-samplerecognitioncamera][W][2330306][137]CRTCyclicEvent.cpp:TimeMissed():101|Cycle miss in event CCSICombinedCmdManager Cyclic Event. Time Overrun is 3466 us[EOL]
[2026-09-22T08:44:42.607614Z][RH.newgen-samplerecognitioncamera][W][2330306][137]CRTCyclicEvent.cpp:TimeMissed():101|Cycle miss in event CCSICombinedRepManager. Time Overrun is 3466 us[EOL]
[2026-09-22T08:44:42.731929Z][RH.newgen-rackhandler][W][2330306][155]CRTCyclicEvent.cpp:TimeMissed():101|Cycle miss in event CCSICombinedCmdManager Cyclic Event. Time Overrun is 12701 us[EOL]
[2026-09-22T08:44:42.732063Z][RH.transfer-xyz-gripper][W][2330306][136]CRTCyclicEvent.cpp:TimeMissed():101|Cycle miss in event CCSICombinedCmdManager Cyclic Event. Time Overrun is 12812 us[EOL]
[2026-09-22T08:44:42.732110Z][RH.transfer-xyz-gripper][W][2330306][136]CRTCyclicEvent.cpp:TimeMissed():101|Cycle miss in event CCSICombinedRepManager. Time Overrun is 12812 us[EOL]
[2026-09-22T08:44:42.734172Z][RH.newgen-samplerecognitioncamera][W][2330306][137]CRTCyclicEvent.cpp:TimeMissed():101|Cycle miss in event CCSICombinedCmdManager Cyclic Event. Time Overrun is 10065 us[EOL]
[2026-09-22T08:44:42.734190Z][RH.newgen-samplerecognitioncamera][W][2330306][137]CRTCyclicEvent.cpp:TimeMissed():101|Cycle miss in event CCSICombinedRepManager. Time Overrun is 10065 us[EOL]
[2026-09-22T08:44:44.831798Z][RH.newgen-rackhandler][W][2330306][155]CRTCyclicEvent.cpp:TimeMissed():101|Cycle miss in event CCSICombinedCmdManager Cyclic Event. Time Overrun is 2570 us[EOL]
[2026-09-22T08:44:46.511083Z][RH.newgen-rackhandler][W][2330306][155]CRTCyclicEvent.cpp:TimeMissed():101|Cycle miss in event CCSICombinedCmdManager Cyclic Event. Time Overrun is 1849 us[EOL]
[2026-09-22T08:44:48.532881Z][RH.transfer-xyz-gripper][W][2330306][136]CRTCyclicEvent.cpp:TimeMissed():101|Cycle miss in event CCSICombinedCmdManager Cyclic Event. Time Overrun is 3631 us[EOL]
[2026-09-22T08:44:48.532920Z][RH.transfer-xyz-gripper][W][2330306][136]CRTCyclicEvent.cpp:TimeMissed():101|Cycle miss in event CCSICombinedRepManager. Time Overrun is 3631 us[EOL]
[2026-09-22T08:44:50.629518Z][RH.transfer-xyz-gripper][W][2330306][136]CRTCyclicEvent.cpp:TimeMissed():101|Cycle miss in event CCSICombinedCmdManager Cyclic Event. Time Overrun is 20272 us[EOL]
[2026-09-22T08:44:50.630941Z][RH.newgen-rackhandler][W][2330306][155]CRTCyclicEvent.cpp:TimeMissed():101|Cycle miss in event CCSICombinedCmdManager Cyclic Event. Time Overrun is 21714 us[EOL]
[2026-09-22T08:44:50.631063Z][RH.newgen-samplerecognitioncamera][W][2330306][137]CRTCyclicEvent.cpp:TimeMissed():101|Cycle miss in event CCSICombinedCmdManager Cyclic Event. Time Overrun is 16954 us[EOL]
[2026-09-22T08:44:50.631094Z][RH.newgen-samplerecognitioncamera][W][2330306][137]CRTCyclicEvent.cpp:TimeMissed():101|Cycle miss in event CCSICombinedRepManager. Time Overrun is 16954 us[EOL]
[2026-09-22T08:44:50.629538Z][RH.transfer-xyz-gripper][W][2330306][136]CRTCyclicEvent.cpp:TimeMissed():101|Cycle miss in event CCSICombinedRepManager. Time Overrun is 20272 us[EOL]
[2026-09-22T08:44:53.651810Z][RH.newgen-rackhandler][W][2330306][155]CRTCyclicEvent.cpp:TimeMissed():101|Cycle miss in event CCSICombinedCmdManager Cyclic Event. Time Overrun is 32583 us[EOL]
[2026-09-22T08:44:53.652002Z][RH.transfer-xyz-gripper][W][2330306][136]CRTCyclicEvent.cpp:TimeMissed():101|Cycle miss in event CCSICombinedCmdManager Cyclic Event. Time Overrun is 32753 us[EOL]
[2026-09-22T08:44:53.652039Z][RH.newgen-samplerecognitioncamera][W][2330306][137]CRTCyclicEvent.cpp:TimeMissed():101|Cycle miss in event CCSICombinedCmdManager Cyclic Event. Time Overrun is 27931 us[EOL]
[2026-09-22T08:44:53.652068Z][RH.newgen-samplerecognitioncamera][W][2330306][137]CRTCyclicEvent.cpp:TimeMissed():101|Cycle miss in event CCSICombinedRepManager. Time Overrun is 27931 us[EOL]
[2026-09-22T08:44:53.652033Z][RH.transfer-xyz-gripper][W][2330306][136]CRTCyclicEvent.cpp:TimeMissed():101|Cycle miss in event CCSICombinedRepManager. Time Overrun is 32753 us[EOL]
[2026-09-22T08:44:56.563327Z][RH.newgen-samplerecognitioncamera][W][2330306][137]CRTCyclicEvent.cpp:TimeMissed():101|Cycle miss in event CCSICombinedCmdManager Cyclic Event. Time Overrun is 39214 us[EOL]
[2026-09-22T08:44:56.563856Z][RH.transfer-xyz-gripper][W][2330306][136]CRTCyclicEvent.cpp:TimeMissed():101|Cycle miss in event CCSICombinedCmdManager Cyclic Event. Time Overrun is 34609 us[EOL]
[2026-09-22T08:44:56.563587Z][RH.newgen-rackhandler][W][2330306][155]CRTCyclicEvent.cpp:TimeMissed():101|Cycle miss in event CCSICombinedCmdManager Cyclic Event. Time Overrun is 34359 us[EOL]
[2026-09-22T08:44:56.563373Z][RH.newgen-samplerecognitioncamera][W][2330306][137]CRTCyclicEvent.cpp:TimeMissed():101|Cycle miss in event CCSICombinedRepManager. Time Overrun is 39214 us[EOL]
[2026-09-22T08:44:56.563882Z][RH.transfer-xyz-gripper][W][2330306][136]CRTCyclicEvent.cpp:TimeMissed():101|Cycle miss in event CCSICombinedRepManager. Time Overrun is 34609 us[EOL]
[2026-09-22T08:44:58.309675Z][RH.newgen-rackhandler][W][2330306][155]CRTCyclicEvent.cpp:TimeMissed():101|Cycle miss in event CCSICombinedCmdManager Cyclic Event. Time Overrun is 451 us[EOL]
[2026-09-22T08:44:58.312482Z][RH.transfer-xyz-gripper][W][2330306][136]CRTCyclicEvent.cpp:TimeMissed():101|Cycle miss in event CCSICombinedCmdManager Cyclic Event. Time Overrun is 3232 us[EOL]
[2026-09-22T08:44:58.312503Z][RH.transfer-xyz-gripper][W][2330306][136]CRTCyclicEvent.cpp:TimeMissed():101|Cycle miss in event CCSICombinedRepManager. Time Overrun is 3232 us[EOL]
[2026-09-22T08:44:58.312363Z][RH.newgen-samplerecognitioncamera][W][2330306][137]CRTCyclicEvent.cpp:TimeMissed():101|Cycle miss in event CCSICombinedCmdManager Cyclic Event. Time Overrun is 8255 us[EOL]
[2026-09-22T08:44:58.312395Z][RH.newgen-samplerecognitioncamera][W][2330306][137]CRTCyclicEvent.cpp:TimeMissed():101|Cycle miss in event CCSICombinedRepManager. Time Overrun is 8255 us[EOL]
[2026-09-22T08:44:58.742371Z][RH.newgen-rackhandler][I][2560016][155]IMessageHandler.h:operator()():40|Received RabbitMqMessage Roche.MolLab.InstrumentState.Ping. Content: {"Timestamp":"2026-09-22T08:44:58.6788315Z","PingId":"IS30"}[EOL]
[2026-09-22T08:44:58.742415Z][RH.newgen-rackhandler][I][844444436][155]UnitCommunicator.cpp:SendEvent():424|Publishing event: type=Roche.c68_8800.RackHandler.Echo correlation_id=(n/a)[EOL]
[2026-09-22T08:44:58.742450Z][RH.newgen-rackhandler][I][2560017][155]MessageSender.h:SendEvent():105|Sent RabbitMqEvent Roche.c68_8800.RackHandler.Echo. Content: {"Timestamp":"2026-09-22T08:44:58.742409Z","PingId":"IS30"}[EOL]
[2026-09-22T08:44:58.834682Z][RH.newgen-samplerecognitioncamera][W][2330306][137]CRTCyclicEvent.cpp:TimeMissed():101|Cycle miss in event CCSICombinedCmdManager Cyclic Event. Time Overrun is 10574 us[EOL]
[2026-09-22T08:44:58.834725Z][RH.newgen-samplerecognitioncamera][W][2330306][137]CRTCyclicEvent.cpp:TimeMissed():101|Cycle miss in event CCSICombinedRepManager. Time Overrun is 10574 us[EOL]
[2026-09-22T08:44:58.834143Z][RH.newgen-rackhandler][W][2330306][155]CRTCyclicEvent.cpp:TimeMissed():101|Cycle miss in event CCSICombinedCmdManager Cyclic Event. Time Overrun is 14915 us[EOL]
[2026-09-22T08:44:58.834096Z][RH.transfer-xyz-gripper][W][2330306][136]CRTCyclicEvent.cpp:TimeMissed():101|Cycle miss in event CCSICombinedCmdManager Cyclic Event. Time Overrun is 14849 us[EOL]
[2026-09-22T08:44:58.834131Z][RH.transfer-xyz-gripper][W][2330306][136]CRTCyclicEvent.cpp:TimeMissed():101|Cycle miss in event CCSICombinedRepManager. Time Overrun is 14849 us[EOL]
[2026-09-22T08:45:04.270809Z][RH.newgen-samplerecognitioncamera][W][2330306][137]CRTCyclicEvent.cpp:TimeMissed():101|Cycle miss in event CCSICombinedCmdManager Cyclic Event. Time Overrun is 16702 us[EOL]
[2026-09-22T08:45:04.270830Z][RH.newgen-samplerecognitioncamera][W][2330306][137]CRTCyclicEvent.cpp:TimeMissed():101|Cycle miss in event CCSICombinedRepManager. Time Overrun is 16702 us[EOL]
[2026-09-22T08:45:04.272867Z][RH.newgen-rackhandler][W][2330306][155]CRTCyclicEvent.cpp:TimeMissed():101|Cycle miss in event CCSICombinedCmdManager Cyclic Event. Time Overrun is 23643 us[EOL]
[2026-09-22T08:45:04.272535Z][RH.transfer-xyz-gripper][W][2330306][136]CRTCyclicEvent.cpp:TimeMissed():101|Cycle miss in event CCSICombinedCmdManager Cyclic Event. Time Overrun is 23290 us[EOL]
[2026-09-22T08:45:04.272556Z][RH.transfer-xyz-gripper][W][2330306][136]CRTCyclicEvent.cpp:TimeMissed():101|Cycle miss in event CCSICombinedRepManager. Time Overrun is 23290 us[EOL]
[2026-09-22T08:45:04.936357Z][RH.newgen-samplerecognitioncamera][W][2330306][137]CRTCyclicEvent.cpp:TimeMissed():101|Cycle miss in event CCSICombinedCmdManager Cyclic Event. Time Overrun is 2228 us[EOL]
[2026-09-22T08:45:04.936389Z][RH.newgen-samplerecognitioncamera][W][2330306][137]CRTCyclicEvent.cpp:TimeMissed():101|Cycle miss in event CCSICombinedRepManager. Time Overrun is 2228 us[EOL]
[2026-09-22T08:45:07.825225Z][RH.newgen-samplerecognitioncamera][W][2330306][137]CRTCyclicEvent.cpp:TimeMissed():101|Cycle miss in event CCSICombinedCmdManager Cyclic Event. Time Overrun is 1117 us[EOL]
[2026-09-22T08:45:07.825254Z][RH.newgen-samplerecognitioncamera][W][2330306][137]CRTCyclicEvent.cpp:TimeMissed():101|Cycle miss in event CCSICombinedRepManager. Time Overrun is 1117 us[EOL]
[2026-09-22T08:45:08.658143Z][RH.newgen-samplerecognitioncamera][W][2330306][137]CRTCyclicEvent.cpp:TimeMissed():101|Cycle miss in event CCSICombinedCmdManager Cyclic Event. Time Overrun is 4033 us[EOL]
[2026-09-22T08:45:08.658178Z][RH.newgen-samplerecognitioncamera][W][2330306][137]CRTCyclicEvent.cpp:TimeMissed():101|Cycle miss in event CCSICombinedRepManager. Time Overrun is 4033 us[EOL]
[2026-09-22T08:45:08.657780Z][RH.transfer-xyz-gripper][W][2330306][136]CRTCyclicEvent.cpp:TimeMissed():101|Cycle miss in event CCSICombinedCmdManager Cyclic Event. Time Overrun is 8531 us[EOL]
[2026-09-22T08:45:08.657814Z][RH.transfer-xyz-gripper][W][2330306][136]CRTCyclicEvent.cpp:TimeMissed():101|Cycle miss in event CCSICombinedRepManager. Time Overrun is 8531 us[EOL]
[2026-09-22T08:45:08.657893Z][RH.newgen-rackhandler][W][2330306][155]CRTCyclicEvent.cpp:TimeMissed():101|Cycle miss in event CCSICombinedCmdManager Cyclic Event. Time Overrun is 8660 us[EOL]
[2026-09-22T08:45:12.411193Z][RH.transfer-xyz-gripper][W][2330306][136]CRTCyclicEvent.cpp:TimeMissed():101|Cycle miss in event CCSICombinedCmdManager Cyclic Event. Time Overrun is 1943 us[EOL]
[2026-09-22T08:45:12.411224Z][RH.transfer-xyz-gripper][W][2330306][136]CRTCyclicEvent.cpp:TimeMissed():101|Cycle miss in event CCSICombinedRepManager. Time Overrun is 1943 us[EOL]
[2026-09-22T08:45:12.411393Z][RH.newgen-rackhandler][W][2330306][155]CRTCyclicEvent.cpp:TimeMissed():101|Cycle miss in event CCSICombinedCmdManager Cyclic Event. Time Overrun is 2165 us[EOL]
[2026-09-22T08:45:12.410760Z][RH.newgen-samplerecognitioncamera][W][2330306][137]CRTCyclicEvent.cpp:TimeMissed():101|Cycle miss in event CCSICombinedCmdManager Cyclic Event. Time Overrun is 6652 us[EOL]
[2026-09-22T08:45:12.410793Z][RH.newgen-samplerecognitioncamera][W][2330306][137]CRTCyclicEvent.cpp:TimeMissed():101|Cycle miss in event CCSICombinedRepManager. Time Overrun is 6652 us[EOL]
[2026-09-22T08:45:12.643690Z][RH.newgen-rackhandler][W][2330306][155]CRTCyclicEvent.cpp:TimeMissed():101|Cycle miss in event CCSICombinedCmdManager Cyclic Event. Time Overrun is 4460 us[EOL]
[2026-09-22T08:45:12.643289Z][RH.newgen-samplerecognitioncamera][W][2330306][137]CRTCyclicEvent.cpp:TimeMissed():101|Cycle miss in event CCSICombinedCmdManager Cyclic Event. Time Overrun is 9177 us[EOL]
[2026-09-22T08:45:12.643333Z][RH.newgen-samplerecognitioncamera][W][2330306][137]CRTCyclicEvent.cpp:TimeMissed():101|Cycle miss in event CCSICombinedRepManager. Time Overrun is 9177 us[EOL]
[2026-09-22T08:45:13.420063Z][RH.newgen-samplerecognitioncamera][W][2330306][137]CRTCyclicEvent.cpp:TimeMissed():101|Cycle miss in event CCSICombinedCmdManager Cyclic Event. Time Overrun is 15957 us[EOL]
[2026-09-22T08:45:13.420418Z][RH.transfer-xyz-gripper][W][2330306][136]CRTCyclicEvent.cpp:TimeMissed():101|Cycle miss in event CCSICombinedCmdManager Cyclic Event. Time Overrun is 11172 us[EOL]
[2026-09-22T08:45:13.420490Z][RH.transfer-xyz-gripper][W][2330306][136]CRTCyclicEvent.cpp:TimeMissed():101|Cycle miss in event CCSICombinedRepManager. Time Overrun is 11172 us[EOL]
[2026-09-22T08:45:13.420696Z][RH.newgen-rackhandler][W][2330306][155]CRTCyclicEvent.cpp:TimeMissed():101|Cycle miss in event CCSICombinedCmdManager Cyclic Event. Time Overrun is 11471 us[EOL]
[2026-09-22T08:45:13.420088Z][RH.newgen-samplerecognitioncamera][W][2330306][137]CRTCyclicEvent.cpp:TimeMissed():101|Cycle miss in event CCSICombinedRepManager. Time Overrun is 15957 us[EOL]
[2026-09-22T08:45:16.793597Z][RH.newgen-rackhandler][W][2330306][155]CRTCyclicEvent.cpp:TimeMissed():101|Cycle miss in event CCSICombinedCmdManager Cyclic Event. Time Overrun is 4372 us[EOL]
[2026-09-22T08:45:16.795303Z][RH.newgen-samplerecognitioncamera][W][2330306][137]CRTCyclicEvent.cpp:TimeMissed():101|Cycle miss in event CCSICombinedCmdManager Cyclic Event. Time Overrun is 1196 us[EOL]
[2026-09-22T08:45:16.794859Z][RH.transfer-xyz-gripper][W][2330306][136]CRTCyclicEvent.cpp:TimeMissed():101|Cycle miss in event CCSICombinedCmdManager Cyclic Event. Time Overrun is 5614 us[EOL]
[2026-09-22T08:45:16.794881Z][RH.transfer-xyz-gripper][W][2330306][136]CRTCyclicEvent.cpp:TimeMissed():101|Cycle miss in event CCSICombinedRepManager. Time Overrun is 5614 us[EOL]
[2026-09-22T08:45:16.795326Z][RH.newgen-samplerecognitioncamera][W][2330306][137]CRTCyclicEvent.cpp:TimeMissed():101|Cycle miss in event CCSICombinedRepManager. Time Overrun is 1196 us[EOL]
[2026-09-22T08:45:17.844675Z][RH.newgen-samplerecognitioncamera][W][2330306][137]CRTCyclicEvent.cpp:TimeMissed():101|Cycle miss in event CCSICombinedCmdManager Cyclic Event. Time Overrun is 564 us[EOL]
[2026-09-22T08:45:17.844721Z][RH.newgen-samplerecognitioncamera][W][2330306][137]CRTCyclicEvent.cpp:TimeMissed():101|Cycle miss in event CCSICombinedRepManager. Time Overrun is 564 us[EOL]
[2026-09-22T08:45:19.419814Z][RH.newgen-samplerecognitioncamera][W][2330306][137]CRTCyclicEvent.cpp:TimeMissed():101|Cycle miss in event CCSICombinedCmdManager Cyclic Event. Time Overrun is 5701 us[EOL]
[2026-09-22T08:45:19.419838Z][RH.newgen-samplerecognitioncamera][W][2330306][137]CRTCyclicEvent.cpp:TimeMissed():101|Cycle miss in event CCSICombinedRepManager. Time Overrun is 5701 us[EOL]
[2026-09-22T08:45:25.332292Z][RH.newgen-rackhandler][W][2330306][155]CRTCyclicEvent.cpp:TimeMissed():101|Cycle miss in event CCSICombinedCmdManager Cyclic Event. Time Overrun is 3063 us[EOL]
[2026-09-22T08:45:26.600807Z][RH.transfer-xyz-gripper][W][2330306][136]CRTCyclicEvent.cpp:TimeMissed():101|Cycle miss in event CCSICombinedCmdManager Cyclic Event. Time Overrun is 1559 us[EOL]
[2026-09-22T08:45:26.600837Z][RH.transfer-xyz-gripper][W][2330306][136]CRTCyclicEvent.cpp:TimeMissed():101|Cycle miss in event CCSICombinedRepManager. Time Overrun is 1559 us[EOL]
[2026-09-22T08:45:26.605317Z][RH.newgen-rackhandler][W][2330306][155]CRTCyclicEvent.cpp:TimeMissed():101|Cycle miss in event CCSICombinedCmdManager Cyclic Event. Time Overrun is 6084 us[EOL]
[2026-09-22T08:45:27.430375Z][RH.transfer-xyz-gripper][W][2330306][136]CRTCyclicEvent.cpp:TimeMissed():101|Cycle miss in event CCSICombinedCmdManager Cyclic Event. Time Overrun is 11128 us[EOL]
[2026-09-22T08:45:27.430404Z][RH.transfer-xyz-gripper][W][2330306][136]CRTCyclicEvent.cpp:TimeMissed():101|Cycle miss in event CCSICombinedRepManager. Time Overrun is 11128 us[EOL]
[2026-09-22T08:45:27.429984Z][RH.newgen-rackhandler][W][2330306][155]CRTCyclicEvent.cpp:TimeMissed():101|Cycle miss in event CCSICombinedCmdManager Cyclic Event. Time Overrun is 10757 us[EOL]
[2026-09-22T08:45:27.429823Z][RH.newgen-samplerecognitioncamera][W][2330306][137]CRTCyclicEvent.cpp:TimeMissed():101|Cycle miss in event CCSICombinedCmdManager Cyclic Event. Time Overrun is 15717 us[EOL]
[2026-09-22T08:45:27.429854Z][RH.newgen-samplerecognitioncamera][W][2330306][137]CRTCyclicEvent.cpp:TimeMissed():101|Cycle miss in event CCSICombinedRepManager. Time Overrun is 15717 us[EOL]
[2026-09-22T08:45:27.590009Z][RH.newgen-rackhandler][W][2330306][155]CRTCyclicEvent.cpp:TimeMissed():101|Cycle miss in event CCSICombinedCmdManager Cyclic Event. Time Overrun is 780 us[EOL]
[2026-09-22T08:45:27.841765Z][RH.transfer-xyz-gripper][W][2330306][136]CRTCyclicEvent.cpp:TimeMissed():101|Cycle miss in event CCSICombinedCmdManager Cyclic Event. Time Overrun is 2518 us[EOL]
[2026-09-22T08:45:27.840645Z][RH.newgen-rackhandler][W][2330306][155]CRTCyclicEvent.cpp:TimeMissed():101|Cycle miss in event CCSICombinedCmdManager Cyclic Event. Time Overrun is 1414 us[EOL]
[2026-09-22T08:45:27.841794Z][RH.transfer-xyz-gripper][W][2330306][136]CRTCyclicEvent.cpp:TimeMissed():101|Cycle miss in event CCSICombinedRepManager. Time Overrun is 2518 us[EOL]
[2026-09-22T08:45:28.692476Z][RH.newgen-rackhandler][I][2560016][155]IMessageHandler.h:operator()():40|Received RabbitMqMessage Roche.MolLab.InstrumentState.Ping. Content: {"Timestamp":"2026-09-22T08:45:28.6751977Z","PingId":"IS31"}[EOL]
[2026-09-22T08:45:28.692511Z][RH.newgen-rackhandler][I][844444436][155]UnitCommunicator.cpp:SendEvent():424|Publishing event: type=Roche.c68_8800.RackHandler.Echo correlation_id=(n/a)[EOL]
[2026-09-22T08:45:28.692533Z][RH.newgen-rackhandler][I][2560017][155]MessageSender.h:SendEvent():105|Sent RabbitMqEvent Roche.c68_8800.RackHandler.Echo. Content: {"Timestamp":"2026-09-22T08:45:28.692507Z","PingId":"IS31"}[EOL]
[2026-09-22T08:45:34.285893Z][RH.transfer-xyz-gripper][W][2330306][136]CRTCyclicEvent.cpp:TimeMissed():101|Cycle miss in event CCSICombinedCmdManager Cyclic Event. Time Overrun is 16643 us[EOL]
[2026-09-22T08:45:34.285950Z][RH.newgen-rackhandler][W][2330306][155]CRTCyclicEvent.cpp:TimeMissed():101|Cycle miss in event CCSICombinedCmdManager Cyclic Event. Time Overrun is 16721 us[EOL]
[2026-09-22T08:45:34.285942Z][RH.transfer-xyz-gripper][W][2330306][136]CRTCyclicEvent.cpp:TimeMissed():101|Cycle miss in event CCSICombinedRepManager. Time Overrun is 16643 us[EOL]
[2026-09-22T08:45:34.286258Z][RH.newgen-samplerecognitioncamera][W][2330306][137]CRTCyclicEvent.cpp:TimeMissed():101|Cycle miss in event CCSICombinedCmdManager Cyclic Event. Time Overrun is 12144 us[EOL]
[2026-09-22T08:45:34.286304Z][RH.newgen-samplerecognitioncamera][W][2330306][137]CRTCyclicEvent.cpp:TimeMissed():101|Cycle miss in event CCSICombinedRepManager. Time Overrun is 12144 us[EOL]
[2026-09-22T08:45:42.193864Z][RH.newgen-rackhandler][W][2330306][155]CRTCyclicEvent.cpp:TimeMissed():101|Cycle miss in event CCSICombinedCmdManager Cyclic Event. Time Overrun is 4632 us[EOL]
[2026-09-22T08:45:42.402573Z][RH.newgen-rackhandler][W][2330306][155]CRTCyclicEvent.cpp:TimeMissed():101|Cycle miss in event CCSICombinedCmdManager Cyclic Event. Time Overrun is 13348 us[EOL]
[2026-09-22T08:45:42.403263Z][RH.newgen-samplerecognitioncamera][W][2330306][137]CRTCyclicEvent.cpp:TimeMissed():101|Cycle miss in event CCSICombinedCmdManager Cyclic Event. Time Overrun is 19156 us[EOL]
[2026-09-22T08:45:42.403281Z][RH.newgen-samplerecognitioncamera][W][2330306][137]CRTCyclicEvent.cpp:TimeMissed():101|Cycle miss in event CCSICombinedRepManager. Time Overrun is 19156 us[EOL]
[2026-09-22T08:45:42.403232Z][RH.transfer-xyz-gripper][W][2330306][136]CRTCyclicEvent.cpp:TimeMissed():101|Cycle miss in event CCSICombinedCmdManager Cyclic Event. Time Overrun is 13979 us[EOL]
[2026-09-22T08:45:42.403278Z][RH.transfer-xyz-gripper][W][2330306][136]CRTCyclicEvent.cpp:TimeMissed():101|Cycle miss in event CCSICombinedRepManager. Time Overrun is 13979 us[EOL]
[2026-09-22T08:45:49.579950Z][RH.transfer-xyz-gripper][W][2330306][136]CRTCyclicEvent.cpp:TimeMissed():101|Cycle miss in event CCSICombinedCmdManager Cyclic Event. Time Overrun is 702 us[EOL]
[2026-09-22T08:45:49.580280Z][RH.transfer-xyz-gripper][W][2330306][136]CRTCyclicEvent.cpp:TimeMissed():101|Cycle miss in event CCSICombinedRepManager. Time Overrun is 702 us[EOL]
[2026-09-22T08:45:50.012923Z][RH.transfer-xyz-gripper][W][2330306][136]CRTCyclicEvent.cpp:TimeMissed():101|Cycle miss in event CCSICombinedCmdManager Cyclic Event. Time Overrun is 3673 us[EOL]
[2026-09-22T08:45:50.012961Z][RH.transfer-xyz-gripper][W][2330306][136]CRTCyclicEvent.cpp:TimeMissed():101|Cycle miss in event CCSICombinedRepManager. Time Overrun is 3673 us[EOL]
[2026-09-22T08:45:56.035461Z][RH.newgen-samplerecognitioncamera][W][2330306][137]CRTCyclicEvent.cpp:TimeMissed():101|Cycle miss in event CCSICombinedCmdManager Cyclic Event. Time Overrun is 11355 us[EOL]
[2026-09-22T08:45:56.035485Z][RH.newgen-samplerecognitioncamera][W][2330306][137]CRTCyclicEvent.cpp:TimeMissed():101|Cycle miss in event CCSICombinedRepManager. Time Overrun is 11355 us[EOL]
[2026-09-22T08:45:58.686555Z][RH.newgen-rackhandler][I][2560016][155]IMessageHandler.h:operator()():40|Received RabbitMqMessage Roche.MolLab.InstrumentState.Ping. Content: {"Timestamp":"2026-09-22T08:45:58.6752037Z","PingId":"IS32"}[EOL]
[2026-09-22T08:45:58.686618Z][RH.newgen-rackhandler][I][844444436][155]UnitCommunicator.cpp:SendEvent():424|Publishing event: type=Roche.c68_8800.RackHandler.Echo correlation_id=(n/a)[EOL]
[2026-09-22T08:45:58.686663Z][RH.newgen-rackhandler][I][2560017][155]MessageSender.h:SendEvent():105|Sent RabbitMqEvent Roche.c68_8800.RackHandler.Echo. Content: {"Timestamp":"2026-09-22T08:45:58.686609Z","PingId":"IS32"}[EOL]
[2026-09-22T08:46:05.382368Z][RH.newgen-rackhandler][W][2330306][155]CRTCyclicEvent.cpp:TimeMissed():101|Cycle miss in event CCSICombinedCmdManager Cyclic Event. Time Overrun is 3136 us[EOL]
[2026-09-22T08:46:05.382174Z][RH.transfer-xyz-gripper][W][2330306][136]CRTCyclicEvent.cpp:TimeMissed():101|Cycle miss in event CCSICombinedCmdManager Cyclic Event. Time Overrun is 2922 us[EOL]
[2026-09-22T08:46:05.382232Z][RH.transfer-xyz-gripper][W][2330306][136]CRTCyclicEvent.cpp:TimeMissed():101|Cycle miss in event CCSICombinedRepManager. Time Overrun is 2922 us[EOL]
[2026-09-22T08:46:09.480530Z][RH.transfer-xyz-gripper][W][2330306][136]CRTCyclicEvent.cpp:TimeMissed():101|Cycle miss in event CCSICombinedCmdManager Cyclic Event. Time Overrun is 1281 us[EOL]
[2026-09-22T08:46:09.481696Z][RH.newgen-rackhandler][W][2330306][155]CRTCyclicEvent.cpp:TimeMissed():101|Cycle miss in event CCSICombinedCmdManager Cyclic Event. Time Overrun is 2464 us[EOL]
[2026-09-22T08:46:09.480566Z][RH.transfer-xyz-gripper][W][2330306][136]CRTCyclicEvent.cpp:TimeMissed():101|Cycle miss in event CCSICombinedRepManager. Time Overrun is 1281 us[EOL]
[2026-09-22T08:46:11.191119Z][RH.newgen-rackhandler][W][2330306][155]CRTCyclicEvent.cpp:TimeMissed():101|Cycle miss in event CCSICombinedCmdManager Cyclic Event. Time Overrun is 21894 us[EOL]
[2026-09-22T08:46:11.191530Z][RH.newgen-samplerecognitioncamera][W][2330306][137]CRTCyclicEvent.cpp:TimeMissed():101|Cycle miss in event CCSICombinedCmdManager Cyclic Event. Time Overrun is 17420 us[EOL]
[2026-09-22T08:46:11.191676Z][RH.transfer-xyz-gripper][W][2330306][136]CRTCyclicEvent.cpp:TimeMissed():101|Cycle miss in event CCSICombinedCmdManager Cyclic Event. Time Overrun is 12428 us[EOL]
[2026-09-22T08:46:11.191715Z][RH.transfer-xyz-gripper][W][2330306][136]CRTCyclicEvent.cpp:TimeMissed():101|Cycle miss in event CCSICombinedRepManager. Time Overrun is 12428 us[EOL]
[2026-09-22T08:46:11.191561Z][RH.newgen-samplerecognitioncamera][W][2330306][137]CRTCyclicEvent.cpp:TimeMissed():101|Cycle miss in event CCSICombinedRepManager. Time Overrun is 17420 us[EOL]
[2026-09-22T08:46:20.990484Z][RH.newgen-rackhandler][W][2330306][155]CRTCyclicEvent.cpp:TimeMissed():101|Cycle miss in event CCSICombinedCmdManager Cyclic Event. Time Overrun is 1254 us[EOL]
[2026-09-22T08:46:20.990218Z][RH.transfer-xyz-gripper][W][2330306][136]CRTCyclicEvent.cpp:TimeMissed():101|Cycle miss in event CCSICombinedCmdManager Cyclic Event. Time Overrun is 971 us[EOL]
[2026-09-22T08:46:20.989740Z][RH.newgen-samplerecognitioncamera][W][2330306][137]CRTCyclicEvent.cpp:TimeMissed():101|Cycle miss in event CCSICombinedCmdManager Cyclic Event. Time Overrun is 5632 us[EOL]
[2026-09-22T08:46:20.989770Z][RH.newgen-samplerecognitioncamera][W][2330306][137]CRTCyclicEvent.cpp:TimeMissed():101|Cycle miss in event CCSICombinedRepManager. Time Overrun is 5632 us[EOL]
[2026-09-22T08:46:20.990254Z][RH.transfer-xyz-gripper][W][2330306][136]CRTCyclicEvent.cpp:TimeMissed():101|Cycle miss in event CCSICombinedRepManager. Time Overrun is 971 us[EOL]
[2026-09-22T08:46:23.924785Z][RH.newgen-rackhandler][W][2330306][155]CRTCyclicEvent.cpp:TimeMissed():101|Cycle miss in event CCSICombinedCmdManager Cyclic Event. Time Overrun is 15553 us[EOL]
[2026-09-22T08:46:23.925850Z][RH.newgen-samplerecognitioncamera][W][2330306][137]CRTCyclicEvent.cpp:TimeMissed():101|Cycle miss in event CCSICombinedCmdManager Cyclic Event. Time Overrun is 11742 us[EOL]
[2026-09-22T08:46:23.925875Z][RH.newgen-samplerecognitioncamera][W][2330306][137]CRTCyclicEvent.cpp:TimeMissed():101|Cycle miss in event CCSICombinedRepManager. Time Overrun is 11742 us[EOL]
[2026-09-22T08:46:28.686508Z][RH.newgen-rackhandler][I][2560016][155]IMessageHandler.h:operator()():40|Received RabbitMqMessage Roche.MolLab.InstrumentState.Ping. Content: {"Timestamp":"2026-09-22T08:46:28.6745784Z","PingId":"IS33"}[EOL]
[2026-09-22T08:46:28.686548Z][RH.newgen-rackhandler][I][844444436][155]UnitCommunicator.cpp:SendEvent():424|Publishing event: type=Roche.c68_8800.RackHandler.Echo correlation_id=(n/a)[EOL]
[2026-09-22T08:46:28.686568Z][RH.newgen-rackhandler][I][2560017][155]MessageSender.h:SendEvent():105|Sent RabbitMqEvent Roche.c68_8800.RackHandler.Echo. Content: {"Timestamp":"2026-09-22T08:46:28.686544Z","PingId":"IS33"}[EOL]
[2026-09-22T08:46:36.971594Z][RH.newgen-rackhandler][W][2330306][155]CRTCyclicEvent.cpp:TimeMissed():101|Cycle miss in event CCSICombinedCmdManager Cyclic Event. Time Overrun is 2366 us[EOL]
[2026-09-22T08:46:52.451221Z][RH.transfer-xyz-gripper][W][2330306][136]CRTCyclicEvent.cpp:TimeMissed():101|Cycle miss in event CCSICombinedCmdManager Cyclic Event. Time Overrun is 1973 us[EOL]
[2026-09-22T08:46:52.451324Z][RH.transfer-xyz-gripper][W][2330306][136]CRTCyclicEvent.cpp:TimeMissed():101|Cycle miss in event CCSICombinedRepManager. Time Overrun is 1973 us[EOL]
[2026-09-22T08:46:57.488407Z][RH.newgen-samplerecognitioncamera][W][2330306][137]CRTCyclicEvent.cpp:TimeMissed():101|Cycle miss in event CCSICombinedCmdManager Cyclic Event. Time Overrun is 4290 us[EOL]
[2026-09-22T08:46:57.488458Z][RH.newgen-samplerecognitioncamera][W][2330306][137]CRTCyclicEvent.cpp:TimeMissed():101|Cycle miss in event CCSICombinedRepManager. Time Overrun is 4290 us[EOL]
[2026-09-22T08:46:58.688116Z][RH.newgen-rackhandler][I][2560016][155]IMessageHandler.h:operator()():40|Received RabbitMqMessage Roche.MolLab.InstrumentState.Ping. Content: {"Timestamp":"2026-09-22T08:46:58.6737672Z","PingId":"IS34"}[EOL]
[2026-09-22T08:46:58.688163Z][RH.newgen-rackhandler][I][844444436][155]UnitCommunicator.cpp:SendEvent():424|Publishing event: type=Roche.c68_8800.RackHandler.Echo correlation_id=(n/a)[EOL]
[2026-09-22T08:46:58.688224Z][RH.newgen-rackhandler][I][2560017][155]MessageSender.h:SendEvent():105|Sent RabbitMqEvent Roche.c68_8800.RackHandler.Echo. Content: {"Timestamp":"2026-09-22T08:46:58.688159Z","PingId":"IS34"}[EOL]
[2026-09-22T08:47:06.909350Z][RH.newgen-rackhandler][W][2330306][155]CRTCyclicEvent.cpp:TimeMissed():101|Cycle miss in event CCSICombinedCmdManager Cyclic Event. Time Overrun is 112 us[EOL]
[2026-09-22T08:47:06.911541Z][RH.transfer-xyz-gripper][W][2330306][136]CRTCyclicEvent.cpp:TimeMissed():101|Cycle miss in event CCSICombinedCmdManager Cyclic Event. Time Overrun is 2292 us[EOL]
[2026-09-22T08:47:06.911709Z][RH.transfer-xyz-gripper][W][2330306][136]CRTCyclicEvent.cpp:TimeMissed():101|Cycle miss in event CCSICombinedRepManager. Time Overrun is 2292 us[EOL]
[2026-09-22T08:47:15.762390Z][RH.newgen-rackhandler][W][2330306][155]CRTCyclicEvent.cpp:TimeMissed():101|Cycle miss in event CCSICombinedCmdManager Cyclic Event. Time Overrun is 3162 us[EOL]
[2026-09-22T08:47:18.735131Z][RH.newgen-samplerecognitioncamera][W][2330306][137]CRTCyclicEvent.cpp:TimeMissed():101|Cycle miss in event CCSICombinedCmdManager Cyclic Event. Time Overrun is 1024 us[EOL]
[2026-09-22T08:47:18.735152Z][RH.newgen-samplerecognitioncamera][W][2330306][137]CRTCyclicEvent.cpp:TimeMissed():101|Cycle miss in event CCSICombinedRepManager. Time Overrun is 1024 us[EOL]
[2026-09-22T08:47:20.448273Z][RH.newgen-rackhandler][W][2330306][155]CRTCyclicEvent.cpp:TimeMissed():101|Cycle miss in event CCSICombinedCmdManager Cyclic Event. Time Overrun is 9046 us[EOL]
[2026-09-22T08:47:20.451211Z][RH.transfer-xyz-gripper][W][2330306][136]CRTCyclicEvent.cpp:TimeMissed():101|Cycle miss in event CCSICombinedCmdManager Cyclic Event. Time Overrun is 11963 us[EOL]
[2026-09-22T08:47:20.451241Z][RH.transfer-xyz-gripper][W][2330306][136]CRTCyclicEvent.cpp:TimeMissed():101|Cycle miss in event CCSICombinedRepManager. Time Overrun is 11963 us[EOL]
[2026-09-22T08:47:20.450915Z][RH.newgen-samplerecognitioncamera][W][2330306][137]CRTCyclicEvent.cpp:TimeMissed():101|Cycle miss in event CCSICombinedCmdManager Cyclic Event. Time Overrun is 6808 us[EOL]
[2026-09-22T08:47:20.450955Z][RH.newgen-samplerecognitioncamera][W][2330306][137]CRTCyclicEvent.cpp:TimeMissed():101|Cycle miss in event CCSICombinedRepManager. Time Overrun is 6808 us[EOL]
[2026-09-22T08:47:22.844150Z][RH.newgen-samplerecognitioncamera][W][2330306][137]CRTCyclicEvent.cpp:TimeMissed():101|Cycle miss in event CCSICombinedCmdManager Cyclic Event. Time Overrun is 42 us[EOL]
[2026-09-22T08:47:22.844180Z][RH.newgen-samplerecognitioncamera][W][2330306][137]CRTCyclicEvent.cpp:TimeMissed():101|Cycle miss in event CCSICombinedRepManager. Time Overrun is 42 us[EOL]
[2026-09-22T08:47:24.981813Z][RH.newgen-rackhandler][W][2330306][155]CRTCyclicEvent.cpp:TimeMissed():101|Cycle miss in event CCSICombinedCmdManager Cyclic Event. Time Overrun is 2588 us[EOL]
[2026-09-22T08:47:24.983441Z][RH.transfer-xyz-gripper][W][2330306][136]CRTCyclicEvent.cpp:TimeMissed():101|Cycle miss in event CCSICombinedCmdManager Cyclic Event. Time Overrun is 4196 us[EOL]
[2026-09-22T08:47:24.983463Z][RH.transfer-xyz-gripper][W][2330306][136]CRTCyclicEvent.cpp:TimeMissed():101|Cycle miss in event CCSICombinedRepManager. Time Overrun is 4196 us[EOL]
[2026-09-22T08:47:25.576043Z][RH.newgen-rackhandler][W][2330306][155]CRTCyclicEvent.cpp:TimeMissed():101|Cycle miss in event CCSICombinedCmdManager Cyclic Event. Time Overrun is 6818 us[EOL]
[2026-09-22T08:47:25.576530Z][RH.newgen-samplerecognitioncamera][W][2330306][137]CRTCyclicEvent.cpp:TimeMissed():101|Cycle miss in event CCSICombinedCmdManager Cyclic Event. Time Overrun is 2422 us[EOL]
[2026-09-22T08:47:25.576555Z][RH.newgen-samplerecognitioncamera][W][2330306][137]CRTCyclicEvent.cpp:TimeMissed():101|Cycle miss in event CCSICombinedRepManager. Time Overrun is 2422 us[EOL]
[2026-09-22T08:47:25.576242Z][RH.transfer-xyz-gripper][W][2330306][136]CRTCyclicEvent.cpp:TimeMissed():101|Cycle miss in event CCSICombinedCmdManager Cyclic Event. Time Overrun is 6997 us[EOL]
[2026-09-22T08:47:25.576267Z][RH.transfer-xyz-gripper][W][2330306][136]CRTCyclicEvent.cpp:TimeMissed():101|Cycle miss in event CCSICombinedRepManager. Time Overrun is 6997 us[EOL]
[2026-09-22T08:47:28.682750Z][RH.newgen-rackhandler][I][2560016][155]IMessageHandler.h:operator()():40|Received RabbitMqMessage Roche.MolLab.InstrumentState.Ping. Content: {"Timestamp":"2026-09-22T08:47:28.6753086Z","PingId":"IS35"}[EOL]
[2026-09-22T08:47:28.682818Z][RH.newgen-rackhandler][I][844444436][155]UnitCommunicator.cpp:SendEvent():424|Publishing event: type=Roche.c68_8800.RackHandler.Echo correlation_id=(n/a)[EOL]
[2026-09-22T08:47:28.682879Z][RH.newgen-rackhandler][I][2560017][155]MessageSender.h:SendEvent():105|Sent RabbitMqEvent Roche.c68_8800.RackHandler.Echo. Content: {"Timestamp":"2026-09-22T08:47:28.682807Z","PingId":"IS35"}[EOL]
[2026-09-22T08:47:34.254056Z][RH.transfer-xyz-gripper][W][2330306][136]CRTCyclicEvent.cpp:TimeMissed():101|Cycle miss in event CCSICombinedCmdManager Cyclic Event. Time Overrun is 4808 us[EOL]
[2026-09-22T08:47:34.254084Z][RH.transfer-xyz-gripper][W][2330306][136]CRTCyclicEvent.cpp:TimeMissed():101|Cycle miss in event CCSICombinedRepManager. Time Overrun is 4808 us[EOL]
[2026-09-22T08:47:34.369346Z][RH.newgen-samplerecognitioncamera][W][2330306][137]CRTCyclicEvent.cpp:TimeMissed():101|Cycle miss in event CCSICombinedCmdManager Cyclic Event. Time Overrun is 5235 us[EOL]
[2026-09-22T08:47:34.369373Z][RH.newgen-samplerecognitioncamera][W][2330306][137]CRTCyclicEvent.cpp:TimeMissed():101|Cycle miss in event CCSICombinedRepManager. Time Overrun is 5235 us[EOL]
[2026-09-22T08:47:37.509699Z][RH.newgen-rackhandler][W][2330306][155]CRTCyclicEvent.cpp:TimeMissed():101|Cycle miss in event CCSICombinedCmdManager Cyclic Event. Time Overrun is 455 us[EOL]
[2026-09-22T08:47:41.583163Z][RH.newgen-rackhandler][W][2330306][155]CRTCyclicEvent.cpp:TimeMissed():101|Cycle miss in event CCSICombinedCmdManager Cyclic Event. Time Overrun is 3938 us[EOL]
[2026-09-22T08:47:41.588106Z][RH.newgen-samplerecognitioncamera][W][2330306][137]CRTCyclicEvent.cpp:TimeMissed():101|Cycle miss in event CCSICombinedCmdManager Cyclic Event. Time Overrun is 3997 us[EOL]
[2026-09-22T08:47:41.588134Z][RH.newgen-samplerecognitioncamera][W][2330306][137]CRTCyclicEvent.cpp:TimeMissed():101|Cycle miss in event CCSICombinedRepManager. Time Overrun is 3997 us[EOL]
[2026-09-22T08:47:41.583426Z][RH.transfer-xyz-gripper][W][2330306][136]CRTCyclicEvent.cpp:TimeMissed():101|Cycle miss in event CCSICombinedCmdManager Cyclic Event. Time Overrun is 4179 us[EOL]
[2026-09-22T08:47:41.583459Z][RH.transfer-xyz-gripper][W][2330306][136]CRTCyclicEvent.cpp:TimeMissed():101|Cycle miss in event CCSICombinedRepManager. Time Overrun is 4179 us[EOL]
[2026-09-22T08:47:48.666676Z][RH.newgen-rackhandler][W][2330306][155]CRTCyclicEvent.cpp:TimeMissed():101|Cycle miss in event CCSICombinedCmdManager Cyclic Event. Time Overrun is 7447 us[EOL]
[2026-09-22T08:47:50.839705Z][RH.transfer-xyz-gripper][W][2330306][136]CRTCyclicEvent.cpp:TimeMissed():101|Cycle miss in event CCSICombinedCmdManager Cyclic Event. Time Overrun is 456 us[EOL]
[2026-09-22T08:47:50.839752Z][RH.transfer-xyz-gripper][W][2330306][136]CRTCyclicEvent.cpp:TimeMissed():101|Cycle miss in event CCSICombinedRepManager. Time Overrun is 456 us[EOL]
[2026-09-22T08:47:57.822884Z][RH.transfer-xyz-gripper][W][2330306][136]CRTCyclicEvent.cpp:TimeMissed():101|Cycle miss in event CCSICombinedCmdManager Cyclic Event. Time Overrun is 3636 us[EOL]
[2026-09-22T08:47:57.822910Z][RH.transfer-xyz-gripper][W][2330306][136]CRTCyclicEvent.cpp:TimeMissed():101|Cycle miss in event CCSICombinedRepManager. Time Overrun is 3636 us[EOL]
[2026-09-22T08:47:58.679736Z][RH.newgen-rackhandler][I][2560016][155]IMessageHandler.h:operator()():40|Received RabbitMqMessage Roche.MolLab.InstrumentState.Ping. Content: {"Timestamp":"2026-09-22T08:47:58.6744135Z","PingId":"IS36"}[EOL]
[2026-09-22T08:47:58.679772Z][RH.newgen-rackhandler][I][844444436][155]UnitCommunicator.cpp:SendEvent():424|Publishing event: type=Roche.c68_8800.RackHandler.Echo correlation_id=(n/a)[EOL]
[2026-09-22T08:47:58.679812Z][RH.newgen-rackhandler][I][2560017][155]MessageSender.h:SendEvent():105|Sent RabbitMqEvent Roche.c68_8800.RackHandler.Echo. Content: {"Timestamp":"2026-09-22T08:47:58.679767Z","PingId":"IS36"}[EOL]
[2026-09-22T08:47:59.015279Z][RH.newgen-rackhandler][W][2330306][155]CRTCyclicEvent.cpp:TimeMissed():101|Cycle miss in event CCSICombinedCmdManager Cyclic Event. Time Overrun is 36048 us[EOL]
[2026-09-22T08:48:00.848618Z][RH.newgen-rackhandler][W][2330306][155]CRTCyclicEvent.cpp:TimeMissed():101|Cycle miss in event CCSICombinedCmdManager Cyclic Event. Time Overrun is 9389 us[EOL]
[2026-09-22T08:48:09.201488Z][RH.transfer-xyz-gripper][W][2330306][136]CRTCyclicEvent.cpp:TimeMissed():101|Cycle miss in event CCSICombinedCmdManager Cyclic Event. Time Overrun is 2241 us[EOL]
[2026-09-22T08:48:09.201525Z][RH.transfer-xyz-gripper][W][2330306][136]CRTCyclicEvent.cpp:TimeMissed():101|Cycle miss in event CCSICombinedRepManager. Time Overrun is 2241 us[EOL]
[2026-09-22T08:48:09.199178Z][RH.newgen-samplerecognitioncamera][W][2330306][137]CRTCyclicEvent.cpp:TimeMissed():101|Cycle miss in event CCSICombinedCmdManager Cyclic Event. Time Overrun is 5069 us[EOL]
[2026-09-22T08:48:09.201378Z][RH.newgen-rackhandler][W][2330306][155]CRTCyclicEvent.cpp:TimeMissed():101|Cycle miss in event CCSICombinedCmdManager Cyclic Event. Time Overrun is 2149 us[EOL]
[2026-09-22T08:48:09.199215Z][RH.newgen-samplerecognitioncamera][W][2330306][137]CRTCyclicEvent.cpp:TimeMissed():101|Cycle miss in event CCSICombinedRepManager. Time Overrun is 5069 us[EOL]
[2026-09-22T08:48:10.022145Z][RH.transfer-xyz-gripper][W][2330306][136]CRTCyclicEvent.cpp:TimeMissed():101|Cycle miss in event CCSICombinedCmdManager Cyclic Event. Time Overrun is 12898 us[EOL]
[2026-09-22T08:48:10.022527Z][RH.newgen-samplerecognitioncamera][W][2330306][137]CRTCyclicEvent.cpp:TimeMissed():101|Cycle miss in event CCSICombinedCmdManager Cyclic Event. Time Overrun is 8420 us[EOL]
[2026-09-22T08:48:10.022186Z][RH.transfer-xyz-gripper][W][2330306][136]CRTCyclicEvent.cpp:TimeMissed():101|Cycle miss in event CCSICombinedRepManager. Time Overrun is 12898 us[EOL]
[2026-09-22T08:48:10.023833Z][RH.newgen-rackhandler][W][2330306][155]CRTCyclicEvent.cpp:TimeMissed():101|Cycle miss in event CCSICombinedCmdManager Cyclic Event. Time Overrun is 14604 us[EOL]
[2026-09-22T08:48:10.022547Z][RH.newgen-samplerecognitioncamera][W][2330306][137]CRTCyclicEvent.cpp:TimeMissed():101|Cycle miss in event CCSICombinedRepManager. Time Overrun is 8420 us[EOL]
[2026-09-22T08:48:12.064871Z][RH.newgen-samplerecognitioncamera][W][2330306][137]CRTCyclicEvent.cpp:TimeMissed():101|Cycle miss in event CCSICombinedCmdManager Cyclic Event. Time Overrun is 755 us[EOL]
[2026-09-22T08:48:12.064910Z][RH.newgen-samplerecognitioncamera][W][2330306][137]CRTCyclicEvent.cpp:TimeMissed():101|Cycle miss in event CCSICombinedRepManager. Time Overrun is 755 us[EOL]
[2026-09-22T08:48:17.509908Z][RH.transfer-xyz-gripper][W][2330306][136]CRTCyclicEvent.cpp:TimeMissed():101|Cycle miss in event CCSICombinedCmdManager Cyclic Event. Time Overrun is 655 us[EOL]
[2026-09-22T08:48:17.509945Z][RH.transfer-xyz-gripper][W][2330306][136]CRTCyclicEvent.cpp:TimeMissed():101|Cycle miss in event CCSICombinedRepManager. Time Overrun is 655 us[EOL]
[2026-09-22T08:48:17.510805Z][RH.newgen-rackhandler][W][2330306][155]CRTCyclicEvent.cpp:TimeMissed():101|Cycle miss in event CCSICombinedCmdManager Cyclic Event. Time Overrun is 1548 us[EOL]
[2026-09-22T08:48:26.274011Z][RH.newgen-rackhandler][W][2330306][155]CRTCyclicEvent.cpp:TimeMissed():101|Cycle miss in event CCSICombinedCmdManager Cyclic Event. Time Overrun is 4786 us[EOL]
[2026-09-22T08:48:26.272871Z][RH.transfer-xyz-gripper][W][2330306][136]CRTCyclicEvent.cpp:TimeMissed():101|Cycle miss in event CCSICombinedCmdManager Cyclic Event. Time Overrun is 3618 us[EOL]
[2026-09-22T08:48:26.272919Z][RH.transfer-xyz-gripper][W][2330306][136]CRTCyclicEvent.cpp:TimeMissed():101|Cycle miss in event CCSICombinedRepManager. Time Overrun is 3618 us[EOL]
[2026-09-22T08:48:28.685877Z][RH.newgen-rackhandler][I][2560016][155]IMessageHandler.h:operator()():40|Received RabbitMqMessage Roche.MolLab.InstrumentState.Ping. Content: {"Timestamp":"2026-09-22T08:48:28.6748624Z","PingId":"IS37"}[EOL]
[2026-09-22T08:48:28.685924Z][RH.newgen-rackhandler][I][844444436][155]UnitCommunicator.cpp:SendEvent():424|Publishing event: type=Roche.c68_8800.RackHandler.Echo correlation_id=(n/a)[EOL]
[2026-09-22T08:48:28.686003Z][RH.newgen-rackhandler][I][2560017][155]MessageSender.h:SendEvent():105|Sent RabbitMqEvent Roche.c68_8800.RackHandler.Echo. Content: {"Timestamp":"2026-09-22T08:48:28.685918Z","PingId":"IS37"}[EOL]
[2026-09-22T08:48:29.664490Z][RH.transfer-xyz-gripper][W][2330306][136]CRTCyclicEvent.cpp:TimeMissed():101|Cycle miss in event CCSICombinedCmdManager Cyclic Event. Time Overrun is 5243 us[EOL]
[2026-09-22T08:48:29.664874Z][RH.newgen-samplerecognitioncamera][W][2330306][137]CRTCyclicEvent.cpp:TimeMissed():101|Cycle miss in event CCSICombinedCmdManager Cyclic Event. Time Overrun is 761 us[EOL]
[2026-09-22T08:48:29.664594Z][RH.transfer-xyz-gripper][W][2330306][136]CRTCyclicEvent.cpp:TimeMissed():101|Cycle miss in event CCSICombinedRepManager. Time Overrun is 5243 us[EOL]
[2026-09-22T08:48:29.664909Z][RH.newgen-samplerecognitioncamera][W][2330306][137]CRTCyclicEvent.cpp:TimeMissed():101|Cycle miss in event CCSICombinedRepManager. Time Overrun is 761 us[EOL]
[2026-09-22T08:48:30.700945Z][RH.transfer-xyz-gripper][W][2330306][136]CRTCyclicEvent.cpp:TimeMissed():101|Cycle miss in event CCSICombinedCmdManager Cyclic Event. Time Overrun is 11699 us[EOL]
[2026-09-22T08:48:30.700970Z][RH.transfer-xyz-gripper][W][2330306][136]CRTCyclicEvent.cpp:TimeMissed():101|Cycle miss in event CCSICombinedRepManager. Time Overrun is 11699 us[EOL]
[2026-09-22T08:48:35.025586Z][RH.newgen-samplerecognitioncamera][W][2330306][137]CRTCyclicEvent.cpp:TimeMissed():101|Cycle miss in event CCSICombinedCmdManager Cyclic Event. Time Overrun is 1479 us[EOL]
[2026-09-22T08:48:35.029529Z][RH.newgen-rackhandler][W][2330306][155]CRTCyclicEvent.cpp:TimeMissed():101|Cycle miss in event CCSICombinedCmdManager Cyclic Event. Time Overrun is 290 us[EOL]
[2026-09-22T08:48:35.025630Z][RH.newgen-samplerecognitioncamera][W][2330306][137]CRTCyclicEvent.cpp:TimeMissed():101|Cycle miss in event CCSICombinedRepManager. Time Overrun is 1479 us[EOL]
[2026-09-22T08:48:35.175851Z][RH.newgen-rackhandler][W][2330306][155]CRTCyclicEvent.cpp:TimeMissed():101|Cycle miss in event CCSICombinedCmdManager Cyclic Event. Time Overrun is 6545 us[EOL]
[2026-09-22T08:48:35.177085Z][RH.newgen-samplerecognitioncamera][W][2330306][137]CRTCyclicEvent.cpp:TimeMissed():101|Cycle miss in event CCSICombinedCmdManager Cyclic Event. Time Overrun is 2978 us[EOL]
[2026-09-22T08:48:35.177105Z][RH.newgen-samplerecognitioncamera][W][2330306][137]CRTCyclicEvent.cpp:TimeMissed():101|Cycle miss in event CCSICombinedRepManager. Time Overrun is 2978 us[EOL]
[2026-09-22T08:48:37.837422Z][RH.newgen-samplerecognitioncamera][W][2330306][137]CRTCyclicEvent.cpp:TimeMissed():101|Cycle miss in event CCSICombinedCmdManager Cyclic Event. Time Overrun is 3315 us[EOL]
[2026-09-22T08:48:37.837448Z][RH.newgen-samplerecognitioncamera][W][2330306][137]CRTCyclicEvent.cpp:TimeMissed():101|Cycle miss in event CCSICombinedRepManager. Time Overrun is 3315 us[EOL]
[2026-09-22T08:48:37.836899Z][RH.newgen-rackhandler][W][2330306][155]CRTCyclicEvent.cpp:TimeMissed():101|Cycle miss in event CCSICombinedCmdManager Cyclic Event. Time Overrun is 7667 us[EOL]
[2026-09-22T08:48:37.837015Z][RH.transfer-xyz-gripper][W][2330306][136]CRTCyclicEvent.cpp:TimeMissed():101|Cycle miss in event CCSICombinedCmdManager Cyclic Event. Time Overrun is 7769 us[EOL]
[2026-09-22T08:48:37.840567Z][RH.transfer-xyz-gripper][W][2330306][136]CRTCyclicEvent.cpp:TimeMissed():101|Cycle miss in event CCSICombinedRepManager. Time Overrun is 7769 us[EOL]
[2026-09-22T08:48:40.540190Z][RH.newgen-rackhandler][W][2330306][155]CRTCyclicEvent.cpp:TimeMissed():101|Cycle miss in event CCSICombinedCmdManager Cyclic Event. Time Overrun is 961 us[EOL]
[2026-09-22T08:48:42.641107Z][RH.newgen-samplerecognitioncamera][W][2330306][137]CRTCyclicEvent.cpp:TimeMissed():101|Cycle miss in event CCSICombinedCmdManager Cyclic Event. Time Overrun is 6999 us[EOL]
[2026-09-22T08:48:42.641137Z][RH.newgen-samplerecognitioncamera][W][2330306][137]CRTCyclicEvent.cpp:TimeMissed():101|Cycle miss in event CCSICombinedRepManager. Time Overrun is 6999 us[EOL]
[2026-09-22T08:48:45.562014Z][RH.newgen-rackhandler][W][2330306][155]CRTCyclicEvent.cpp:TimeMissed():101|Cycle miss in event CCSICombinedCmdManager Cyclic Event. Time Overrun is 2789 us[EOL]
[2026-09-22T08:48:45.563287Z][RH.transfer-xyz-gripper][W][2330306][136]CRTCyclicEvent.cpp:TimeMissed():101|Cycle miss in event CCSICombinedCmdManager Cyclic Event. Time Overrun is 4041 us[EOL]
[2026-09-22T08:48:45.563307Z][RH.transfer-xyz-gripper][W][2330306][136]CRTCyclicEvent.cpp:TimeMissed():101|Cycle miss in event CCSICombinedRepManager. Time Overrun is 4041 us[EOL]
[2026-09-22T08:48:45.565730Z][RH.newgen-samplerecognitioncamera][W][2330306][137]CRTCyclicEvent.cpp:TimeMissed():101|Cycle miss in event CCSICombinedCmdManager Cyclic Event. Time Overrun is 11619 us[EOL]
[2026-09-22T08:48:45.565842Z][RH.newgen-samplerecognitioncamera][W][2330306][137]CRTCyclicEvent.cpp:TimeMissed():101|Cycle miss in event CCSICombinedRepManager. Time Overrun is 11619 us[EOL]
[2026-09-22T08:48:47.859968Z][RH.newgen-rackhandler][W][2330306][155]CRTCyclicEvent.cpp:TimeMissed():101|Cycle miss in event CCSICombinedCmdManager Cyclic Event. Time Overrun is 741 us[EOL]
[2026-09-22T08:48:49.600587Z][RH.transfer-xyz-gripper][W][2330306][136]CRTCyclicEvent.cpp:TimeMissed():101|Cycle miss in event CCSICombinedCmdManager Cyclic Event. Time Overrun is 1341 us[EOL]
[2026-09-22T08:48:49.600616Z][RH.transfer-xyz-gripper][W][2330306][136]CRTCyclicEvent.cpp:TimeMissed():101|Cycle miss in event CCSICombinedRepManager. Time Overrun is 1341 us[EOL]
[2026-09-22T08:48:49.603952Z][RH.newgen-samplerecognitioncamera][W][2330306][137]CRTCyclicEvent.cpp:TimeMissed():101|Cycle miss in event CCSICombinedCmdManager Cyclic Event. Time Overrun is 9843 us[EOL]
[2026-09-22T08:48:49.604196Z][RH.newgen-rackhandler][W][2330306][155]CRTCyclicEvent.cpp:TimeMissed():101|Cycle miss in event CCSICombinedCmdManager Cyclic Event. Time Overrun is 4949 us[EOL]
[2026-09-22T08:48:49.604097Z][RH.newgen-samplerecognitioncamera][W][2330306][137]CRTCyclicEvent.cpp:TimeMissed():101|Cycle miss in event CCSICombinedRepManager. Time Overrun is 9843 us[EOL]
[2026-09-22T08:48:53.279473Z][RH.transfer-xyz-gripper][W][2330306][136]CRTCyclicEvent.cpp:TimeMissed():101|Cycle miss in event CCSICombinedCmdManager Cyclic Event. Time Overrun is 206 us[EOL]
[2026-09-22T08:48:53.279528Z][RH.transfer-xyz-gripper][W][2330306][136]CRTCyclicEvent.cpp:TimeMissed():101|Cycle miss in event CCSICombinedRepManager. Time Overrun is 206 us[EOL]
[2026-09-22T08:48:53.750745Z][RH.newgen-rackhandler][W][2330306][155]CRTCyclicEvent.cpp:TimeMissed():101|Cycle miss in event CCSICombinedCmdManager Cyclic Event. Time Overrun is 1520 us[EOL]
[2026-09-22T08:48:53.753109Z][RH.transfer-xyz-gripper][W][2330306][136]CRTCyclicEvent.cpp:TimeMissed():101|Cycle miss in event CCSICombinedCmdManager Cyclic Event. Time Overrun is 3862 us[EOL]
[2026-09-22T08:48:53.753150Z][RH.transfer-xyz-gripper][W][2330306][136]CRTCyclicEvent.cpp:TimeMissed():101|Cycle miss in event CCSICombinedRepManager. Time Overrun is 3862 us[EOL]
[2026-09-22T08:48:58.682119Z][RH.newgen-rackhandler][I][2560016][155]IMessageHandler.h:operator()():40|Received RabbitMqMessage Roche.MolLab.InstrumentState.Ping. Content: {"Timestamp":"2026-09-22T08:48:58.6735259Z","PingId":"IS38"}[EOL]
[2026-09-22T08:48:58.682169Z][RH.newgen-rackhandler][I][844444436][155]UnitCommunicator.cpp:SendEvent():424|Publishing event: type=Roche.c68_8800.RackHandler.Echo correlation_id=(n/a)[EOL]
[2026-09-22T08:48:58.682245Z][RH.newgen-rackhandler][I][2560017][155]MessageSender.h:SendEvent():105|Sent RabbitMqEvent Roche.c68_8800.RackHandler.Echo. Content: {"Timestamp":"2026-09-22T08:48:58.682162Z","PingId":"IS38"}[EOL]
[2026-09-22T08:48:59.808184Z][RH.transfer-xyz-gripper][W][2330306][136]CRTCyclicEvent.cpp:TimeMissed():101|Cycle miss in event CCSICombinedCmdManager Cyclic Event. Time Overrun is 28936 us[EOL]
[2026-09-22T08:48:59.808922Z][RH.newgen-rackhandler][W][2330306][155]CRTCyclicEvent.cpp:TimeMissed():101|Cycle miss in event CCSICombinedCmdManager Cyclic Event. Time Overrun is 29694 us[EOL]
[2026-09-22T08:48:59.808340Z][RH.transfer-xyz-gripper][W][2330306][136]CRTCyclicEvent.cpp:TimeMissed():101|Cycle miss in event CCSICombinedRepManager. Time Overrun is 28936 us[EOL]
[2026-09-22T08:48:59.810351Z][RH.newgen-samplerecognitioncamera][W][2330306][137]CRTCyclicEvent.cpp:TimeMissed():101|Cycle miss in event CCSICombinedCmdManager Cyclic Event. Time Overrun is 36242 us[EOL]
[2026-09-22T08:48:59.810379Z][RH.newgen-samplerecognitioncamera][W][2330306][137]CRTCyclicEvent.cpp:TimeMissed():101|Cycle miss in event CCSICombinedRepManager. Time Overrun is 36242 us[EOL]
[2026-09-22T08:49:03.419565Z][RH.transfer-xyz-gripper][W][2330306][136]CRTCyclicEvent.cpp:TimeMissed():101|Cycle miss in event CCSICombinedCmdManager Cyclic Event. Time Overrun is 320 us[EOL]
[2026-09-22T08:49:03.419591Z][RH.transfer-xyz-gripper][W][2330306][136]CRTCyclicEvent.cpp:TimeMissed():101|Cycle miss in event CCSICombinedRepManager. Time Overrun is 320 us[EOL]
[2026-09-22T08:49:03.421238Z][RH.newgen-rackhandler][W][2330306][155]CRTCyclicEvent.cpp:TimeMissed():101|Cycle miss in event CCSICombinedCmdManager Cyclic Event. Time Overrun is 2012 us[EOL]
[2026-09-22T08:49:10.575829Z][RH.newgen-samplerecognitioncamera][W][2330306][137]CRTCyclicEvent.cpp:TimeMissed():101|Cycle miss in event CCSICombinedCmdManager Cyclic Event. Time Overrun is 1694 us[EOL]
[2026-09-22T08:49:10.575875Z][RH.newgen-samplerecognitioncamera][W][2330306][137]CRTCyclicEvent.cpp:TimeMissed():101|Cycle miss in event CCSICombinedRepManager. Time Overrun is 1694 us[EOL]
[2026-09-22T08:49:10.605862Z][RH.transfer-xyz-gripper][W][2330306][136]CRTCyclicEvent.cpp:TimeMissed():101|Cycle miss in event CCSICombinedCmdManager Cyclic Event. Time Overrun is 6613 us[EOL]
[2026-09-22T08:49:10.605899Z][RH.transfer-xyz-gripper][W][2330306][136]CRTCyclicEvent.cpp:TimeMissed():101|Cycle miss in event CCSICombinedRepManager. Time Overrun is 6613 us[EOL]
[2026-09-22T08:49:15.084747Z][RH.newgen-rackhandler][W][2330306][155]CRTCyclicEvent.cpp:TimeMissed():101|Cycle miss in event CCSICombinedCmdManager Cyclic Event. Time Overrun is 5519 us[EOL]
[2026-09-22T08:49:15.083936Z][RH.transfer-xyz-gripper][W][2330306][136]CRTCyclicEvent.cpp:TimeMissed():101|Cycle miss in event CCSICombinedCmdManager Cyclic Event. Time Overrun is 4690 us[EOL]
[2026-09-22T08:49:15.083971Z][RH.transfer-xyz-gripper][W][2330306][136]CRTCyclicEvent.cpp:TimeMissed():101|Cycle miss in event CCSICombinedRepManager. Time Overrun is 4690 us[EOL]
[2026-09-22T08:49:15.084099Z][RH.newgen-samplerecognitioncamera][W][2330306][137]CRTCyclicEvent.cpp:TimeMissed():101|Cycle miss in event CCSICombinedCmdManager Cyclic Event. Time Overrun is 9988 us[EOL]
[2026-09-22T08:49:15.084143Z][RH.newgen-samplerecognitioncamera][W][2330306][137]CRTCyclicEvent.cpp:TimeMissed():101|Cycle miss in event CCSICombinedRepManager. Time Overrun is 9988 us[EOL]
[2026-09-22T08:49:19.317728Z][RH.newgen-rackhandler][W][2330306][155]CRTCyclicEvent.cpp:TimeMissed():101|Cycle miss in event CCSICombinedCmdManager Cyclic Event. Time Overrun is 8494 us[EOL]
[2026-09-22T08:49:19.317863Z][RH.newgen-samplerecognitioncamera][W][2330306][137]CRTCyclicEvent.cpp:TimeMissed():101|Cycle miss in event CCSICombinedCmdManager Cyclic Event. Time Overrun is 3753 us[EOL]
[2026-09-22T08:49:19.317916Z][RH.newgen-samplerecognitioncamera][W][2330306][137]CRTCyclicEvent.cpp:TimeMissed():101|Cycle miss in event CCSICombinedRepManager. Time Overrun is 3753 us[EOL]
[2026-09-22T08:49:24.299423Z][RH.newgen-rackhandler][W][2330306][155]CRTCyclicEvent.cpp:TimeMissed():101|Cycle miss in event CCSICombinedCmdManager Cyclic Event. Time Overrun is 10196 us[EOL]
[2026-09-22T08:49:24.299984Z][RH.transfer-xyz-gripper][W][2330306][136]CRTCyclicEvent.cpp:TimeMissed():101|Cycle miss in event CCSICombinedCmdManager Cyclic Event. Time Overrun is 10739 us[EOL]
[2026-09-22T08:49:24.300005Z][RH.transfer-xyz-gripper][W][2330306][136]CRTCyclicEvent.cpp:TimeMissed():101|Cycle miss in event CCSICombinedRepManager. Time Overrun is 10739 us[EOL]
[2026-09-22T08:49:24.298839Z][RH.newgen-samplerecognitioncamera][W][2330306][137]CRTCyclicEvent.cpp:TimeMissed():101|Cycle miss in event CCSICombinedCmdManager Cyclic Event. Time Overrun is 14733 us[EOL]
[2026-09-22T08:49:24.298862Z][RH.newgen-samplerecognitioncamera][W][2330306][137]CRTCyclicEvent.cpp:TimeMissed():101|Cycle miss in event CCSICombinedRepManager. Time Overrun is 14733 us[EOL]
[2026-09-22T08:49:24.419611Z][RH.newgen-rackhandler][W][2330306][155]CRTCyclicEvent.cpp:TimeMissed():101|Cycle miss in event CCSICombinedCmdManager Cyclic Event. Time Overrun is 382 us[EOL]
[2026-09-22T08:49:24.420586Z][RH.newgen-samplerecognitioncamera][W][2330306][137]CRTCyclicEvent.cpp:TimeMissed():101|Cycle miss in event CCSICombinedCmdManager Cyclic Event. Time Overrun is 6477 us[EOL]
[2026-09-22T08:49:24.420606Z][RH.newgen-samplerecognitioncamera][W][2330306][137]CRTCyclicEvent.cpp:TimeMissed():101|Cycle miss in event CCSICombinedRepManager. Time Overrun is 6477 us[EOL]
[2026-09-22T08:49:26.598475Z][RH.transfer-xyz-gripper][W][2330306][136]CRTCyclicEvent.cpp:TimeMissed():101|Cycle miss in event CCSICombinedCmdManager Cyclic Event. Time Overrun is 9229 us[EOL]
[2026-09-22T08:49:26.598496Z][RH.transfer-xyz-gripper][W][2330306][136]CRTCyclicEvent.cpp:TimeMissed():101|Cycle miss in event CCSICombinedRepManager. Time Overrun is 9229 us[EOL]
[2026-09-22T08:49:26.599426Z][RH.newgen-rackhandler][W][2330306][155]CRTCyclicEvent.cpp:TimeMissed():101|Cycle miss in event CCSICombinedCmdManager Cyclic Event. Time Overrun is 10201 us[EOL]
[2026-09-22T08:49:26.598436Z][RH.newgen-samplerecognitioncamera][W][2330306][137]CRTCyclicEvent.cpp:TimeMissed():101|Cycle miss in event CCSICombinedCmdManager Cyclic Event. Time Overrun is 14325 us[EOL]
[2026-09-22T08:49:26.598480Z][RH.newgen-samplerecognitioncamera][W][2330306][137]CRTCyclicEvent.cpp:TimeMissed():101|Cycle miss in event CCSICombinedRepManager. Time Overrun is 14325 us[EOL]
[2026-09-22T08:49:27.183729Z][RH.newgen-rackhandler][W][2330306][155]CRTCyclicEvent.cpp:TimeMissed():101|Cycle miss in event CCSICombinedCmdManager Cyclic Event. Time Overrun is 14501 us[EOL]
[2026-09-22T08:49:27.183479Z][RH.transfer-xyz-gripper][W][2330306][136]CRTCyclicEvent.cpp:TimeMissed():101|Cycle miss in event CCSICombinedCmdManager Cyclic Event. Time Overrun is 14233 us[EOL]
[2026-09-22T08:49:27.183499Z][RH.transfer-xyz-gripper][W][2330306][136]CRTCyclicEvent.cpp:TimeMissed():101|Cycle miss in event CCSICombinedRepManager. Time Overrun is 14233 us[EOL]
[2026-09-22T08:49:27.183266Z][RH.newgen-samplerecognitioncamera][W][2330306][137]CRTCyclicEvent.cpp:TimeMissed():101|Cycle miss in event CCSICombinedCmdManager Cyclic Event. Time Overrun is 19159 us[EOL]
[2026-09-22T08:49:27.183297Z][RH.newgen-samplerecognitioncamera][W][2330306][137]CRTCyclicEvent.cpp:TimeMissed():101|Cycle miss in event CCSICombinedRepManager. Time Overrun is 19159 us[EOL]
[2026-09-22T08:49:28.367626Z][RH.newgen-samplerecognitioncamera][W][2330306][137]CRTCyclicEvent.cpp:TimeMissed():101|Cycle miss in event CCSICombinedCmdManager Cyclic Event. Time Overrun is 13515 us[EOL]
[2026-09-22T08:49:28.367422Z][RH.newgen-rackhandler][W][2330306][155]CRTCyclicEvent.cpp:TimeMissed():101|Cycle miss in event CCSICombinedCmdManager Cyclic Event. Time Overrun is 18196 us[EOL]
[2026-09-22T08:49:28.367625Z][RH.transfer-xyz-gripper][W][2330306][136]CRTCyclicEvent.cpp:TimeMissed():101|Cycle miss in event CCSICombinedCmdManager Cyclic Event. Time Overrun is 18378 us[EOL]
[2026-09-22T08:49:28.367657Z][RH.newgen-samplerecognitioncamera][W][2330306][137]CRTCyclicEvent.cpp:TimeMissed():101|Cycle miss in event CCSICombinedRepManager. Time Overrun is 13515 us[EOL]
[2026-09-22T08:49:28.367656Z][RH.transfer-xyz-gripper][W][2330306][136]CRTCyclicEvent.cpp:TimeMissed():101|Cycle miss in event CCSICombinedRepManager. Time Overrun is 18378 us[EOL]
[2026-09-22T08:49:28.690272Z][RH.newgen-rackhandler][I][2560016][155]IMessageHandler.h:operator()():40|Received RabbitMqMessage Roche.MolLab.InstrumentState.Ping. Content: {"Timestamp":"2026-09-22T08:49:28.6746951Z","PingId":"IS39"}[EOL]
[2026-09-22T08:49:28.690328Z][RH.newgen-rackhandler][I][844444436][155]UnitCommunicator.cpp:SendEvent():424|Publishing event: type=Roche.c68_8800.RackHandler.Echo correlation_id=(n/a)[EOL]
[2026-09-22T08:49:28.690352Z][RH.newgen-rackhandler][I][2560017][155]MessageSender.h:SendEvent():105|Sent RabbitMqEvent Roche.c68_8800.RackHandler.Echo. Content: {"Timestamp":"2026-09-22T08:49:28.690315Z","PingId":"IS39"}[EOL]
[2026-09-22T08:49:28.726547Z][RH.newgen-rackhandler][W][2330306][155]CRTCyclicEvent.cpp:TimeMissed():101|Cycle miss in event CCSICombinedCmdManager Cyclic Event. Time Overrun is 7319 us[EOL]
[2026-09-22T08:49:28.725535Z][RH.transfer-xyz-gripper][W][2330306][136]CRTCyclicEvent.cpp:TimeMissed():101|Cycle miss in event CCSICombinedCmdManager Cyclic Event. Time Overrun is 6289 us[EOL]
[2026-09-22T08:49:28.725576Z][RH.transfer-xyz-gripper][W][2330306][136]CRTCyclicEvent.cpp:TimeMissed():101|Cycle miss in event CCSICombinedRepManager. Time Overrun is 6289 us[EOL]
[2026-09-22T08:49:28.725535Z][RH.newgen-samplerecognitioncamera][W][2330306][137]CRTCyclicEvent.cpp:TimeMissed():101|Cycle miss in event CCSICombinedCmdManager Cyclic Event. Time Overrun is 11415 us[EOL]
[2026-09-22T08:49:28.725588Z][RH.newgen-samplerecognitioncamera][W][2330306][137]CRTCyclicEvent.cpp:TimeMissed():101|Cycle miss in event CCSICombinedRepManager. Time Overrun is 11415 us[EOL]
[2026-09-22T08:49:31.596511Z][RH.newgen-samplerecognitioncamera][W][2330306][137]CRTCyclicEvent.cpp:TimeMissed():101|Cycle miss in event CCSICombinedCmdManager Cyclic Event. Time Overrun is 2403 us[EOL]
[2026-09-22T08:49:31.596533Z][RH.newgen-samplerecognitioncamera][W][2330306][137]CRTCyclicEvent.cpp:TimeMissed():101|Cycle miss in event CCSICombinedRepManager. Time Overrun is 2403 us[EOL]
[2026-09-22T08:49:32.006739Z][RH.newgen-samplerecognitioncamera][W][2330306][137]CRTCyclicEvent.cpp:TimeMissed():101|Cycle miss in event CCSICombinedCmdManager Cyclic Event. Time Overrun is 2613 us[EOL]
[2026-09-22T08:49:32.006825Z][RH.newgen-samplerecognitioncamera][W][2330306][137]CRTCyclicEvent.cpp:TimeMissed():101|Cycle miss in event CCSICombinedRepManager. Time Overrun is 2613 us[EOL]
[2026-09-22T08:49:32.032170Z][RH.newgen-rackhandler][W][2330306][155]CRTCyclicEvent.cpp:TimeMissed():101|Cycle miss in event CCSICombinedCmdManager Cyclic Event. Time Overrun is 12942 us[EOL]
[2026-09-22T08:49:32.035644Z][RH.transfer-xyz-gripper][W][2330306][136]CRTCyclicEvent.cpp:TimeMissed():101|Cycle miss in event CCSICombinedCmdManager Cyclic Event. Time Overrun is 26398 us[EOL]
[2026-09-22T08:49:32.035674Z][RH.transfer-xyz-gripper][W][2330306][136]CRTCyclicEvent.cpp:TimeMissed():101|Cycle miss in event CCSICombinedRepManager. Time Overrun is 26398 us[EOL]
[2026-09-22T08:49:33.219874Z][RH.transfer-xyz-gripper][W][2330306][136]CRTCyclicEvent.cpp:TimeMissed():101|Cycle miss in event CCSICombinedCmdManager Cyclic Event. Time Overrun is 623 us[EOL]
[2026-09-22T08:49:33.219924Z][RH.transfer-xyz-gripper][W][2330306][136]CRTCyclicEvent.cpp:TimeMissed():101|Cycle miss in event CCSICombinedRepManager. Time Overrun is 623 us[EOL]
[2026-09-22T08:49:33.220005Z][RH.newgen-rackhandler][W][2330306][155]CRTCyclicEvent.cpp:TimeMissed():101|Cycle miss in event CCSICombinedCmdManager Cyclic Event. Time Overrun is 777 us[EOL]
[2026-09-22T08:49:37.949048Z][RH.newgen-samplerecognitioncamera][W][2330306][137]CRTCyclicEvent.cpp:TimeMissed():101|Cycle miss in event CCSICombinedCmdManager Cyclic Event. Time Overrun is 24942 us[EOL]
[2026-09-22T08:49:37.949072Z][RH.newgen-samplerecognitioncamera][W][2330306][137]CRTCyclicEvent.cpp:TimeMissed():101|Cycle miss in event CCSICombinedRepManager. Time Overrun is 24942 us[EOL]
[2026-09-22T08:49:37.949392Z][RH.newgen-rackhandler][W][2330306][155]CRTCyclicEvent.cpp:TimeMissed():101|Cycle miss in event CCSICombinedCmdManager Cyclic Event. Time Overrun is 20164 us[EOL]
[2026-09-22T08:49:37.948623Z][RH.transfer-xyz-gripper][W][2330306][136]CRTCyclicEvent.cpp:TimeMissed():101|Cycle miss in event CCSICombinedCmdManager Cyclic Event. Time Overrun is 19378 us[EOL]
[2026-09-22T08:49:37.948643Z][RH.transfer-xyz-gripper][W][2330306][136]CRTCyclicEvent.cpp:TimeMissed():101|Cycle miss in event CCSICombinedRepManager. Time Overrun is 19378 us[EOL]
[2026-09-22T08:49:39.752466Z][RH.newgen-rackhandler][W][2330306][155]CRTCyclicEvent.cpp:TimeMissed():101|Cycle miss in event CCSICombinedCmdManager Cyclic Event. Time Overrun is 3238 us[EOL]
[2026-09-22T08:49:40.850297Z][RH.transfer-xyz-gripper][W][2330306][136]CRTCyclicEvent.cpp:TimeMissed():101|Cycle miss in event CCSICombinedCmdManager Cyclic Event. Time Overrun is 1052 us[EOL]
[2026-09-22T08:49:40.850322Z][RH.transfer-xyz-gripper][W][2330306][136]CRTCyclicEvent.cpp:TimeMissed():101|Cycle miss in event CCSICombinedRepManager. Time Overrun is 1052 us[EOL]
[2026-09-22T08:49:40.850418Z][RH.newgen-rackhandler][W][2330306][155]CRTCyclicEvent.cpp:TimeMissed():101|Cycle miss in event CCSICombinedCmdManager Cyclic Event. Time Overrun is 1192 us[EOL]
[2026-09-22T08:49:43.604888Z][RH.newgen-samplerecognitioncamera][W][2330306][137]CRTCyclicEvent.cpp:TimeMissed():101|Cycle miss in event CCSICombinedCmdManager Cyclic Event. Time Overrun is 20779 us[EOL]
[2026-09-22T08:49:43.604926Z][RH.newgen-samplerecognitioncamera][W][2330306][137]CRTCyclicEvent.cpp:TimeMissed():101|Cycle miss in event CCSICombinedRepManager. Time Overrun is 20779 us[EOL]
[2026-09-22T08:49:43.603086Z][RH.newgen-rackhandler][W][2330306][155]CRTCyclicEvent.cpp:TimeMissed():101|Cycle miss in event CCSICombinedCmdManager Cyclic Event. Time Overrun is 13859 us[EOL]
[2026-09-22T08:49:43.605337Z][RH.transfer-xyz-gripper][W][2330306][136]CRTCyclicEvent.cpp:TimeMissed():101|Cycle miss in event CCSICombinedCmdManager Cyclic Event. Time Overrun is 16089 us[EOL]
[2026-09-22T08:49:43.605506Z][RH.transfer-xyz-gripper][W][2330306][136]CRTCyclicEvent.cpp:TimeMissed():101|Cycle miss in event CCSICombinedRepManager. Time Overrun is 16089 us[EOL]
[2026-09-22T08:49:46.760732Z][RH.transfer-xyz-gripper][W][2330306][136]CRTCyclicEvent.cpp:TimeMissed():101|Cycle miss in event CCSICombinedCmdManager Cyclic Event. Time Overrun is 11477 us[EOL]
[2026-09-22T08:49:46.760816Z][RH.transfer-xyz-gripper][W][2330306][136]CRTCyclicEvent.cpp:TimeMissed():101|Cycle miss in event CCSICombinedRepManager. Time Overrun is 11477 us[EOL]
[2026-09-22T08:49:46.760106Z][RH.newgen-rackhandler][W][2330306][155]CRTCyclicEvent.cpp:TimeMissed():101|Cycle miss in event CCSICombinedCmdManager Cyclic Event. Time Overrun is 10871 us[EOL]
[2026-09-22T08:49:46.760122Z][RH.newgen-samplerecognitioncamera][W][2330306][137]CRTCyclicEvent.cpp:TimeMissed():101|Cycle miss in event CCSICombinedCmdManager Cyclic Event. Time Overrun is 16009 us[EOL]
[2026-09-22T08:49:46.760173Z][RH.newgen-samplerecognitioncamera][W][2330306][137]CRTCyclicEvent.cpp:TimeMissed():101|Cycle miss in event CCSICombinedRepManager. Time Overrun is 16009 us[EOL]
[2026-09-22T08:49:47.840447Z][RH.transfer-xyz-gripper][W][2330306][136]CRTCyclicEvent.cpp:TimeMissed():101|Cycle miss in event CCSICombinedCmdManager Cyclic Event. Time Overrun is 1191 us[EOL]
[2026-09-22T08:49:47.840493Z][RH.transfer-xyz-gripper][W][2330306][136]CRTCyclicEvent.cpp:TimeMissed():101|Cycle miss in event CCSICombinedRepManager. Time Overrun is 1191 us[EOL]
[2026-09-22T08:49:50.489659Z][RH.newgen-rackhandler][W][2330306][155]CRTCyclicEvent.cpp:TimeMissed():101|Cycle miss in event CCSICombinedCmdManager Cyclic Event. Time Overrun is 433 us[EOL]
[2026-09-22T08:49:50.490512Z][RH.transfer-xyz-gripper][W][2330306][136]CRTCyclicEvent.cpp:TimeMissed():101|Cycle miss in event CCSICombinedCmdManager Cyclic Event. Time Overrun is 1266 us[EOL]
[2026-09-22T08:49:50.490548Z][RH.transfer-xyz-gripper][W][2330306][136]CRTCyclicEvent.cpp:TimeMissed():101|Cycle miss in event CCSICombinedRepManager. Time Overrun is 1266 us[EOL]
[2026-09-22T08:49:50.568974Z][RH.newgen-samplerecognitioncamera][W][2330306][137]CRTCyclicEvent.cpp:TimeMissed():101|Cycle miss in event CCSICombinedCmdManager Cyclic Event. Time Overrun is 14866 us[EOL]
[2026-09-22T08:49:50.569006Z][RH.newgen-samplerecognitioncamera][W][2330306][137]CRTCyclicEvent.cpp:TimeMissed():101|Cycle miss in event CCSICombinedRepManager. Time Overrun is 14866 us[EOL]
[2026-09-22T08:49:50.998874Z][RH.transfer-xyz-gripper][W][2330306][136]CRTCyclicEvent.cpp:TimeMissed():101|Cycle miss in event CCSICombinedCmdManager Cyclic Event. Time Overrun is 9626 us[EOL]
[2026-09-22T08:49:51.001816Z][RH.newgen-rackhandler][W][2330306][155]CRTCyclicEvent.cpp:TimeMissed():101|Cycle miss in event CCSICombinedCmdManager Cyclic Event. Time Overrun is 12591 us[EOL]
[2026-09-22T08:49:50.999019Z][RH.transfer-xyz-gripper][W][2330306][136]CRTCyclicEvent.cpp:TimeMissed():101|Cycle miss in event CCSICombinedRepManager. Time Overrun is 9626 us[EOL]
[2026-09-22T08:49:50.999657Z][RH.newgen-samplerecognitioncamera][W][2330306][137]CRTCyclicEvent.cpp:TimeMissed():101|Cycle miss in event CCSICombinedCmdManager Cyclic Event. Time Overrun is 5546 us[EOL]
[2026-09-22T08:49:50.999700Z][RH.newgen-samplerecognitioncamera][W][2330306][137]CRTCyclicEvent.cpp:TimeMissed():101|Cycle miss in event CCSICombinedRepManager. Time Overrun is 5546 us[EOL]
[2026-09-22T08:49:52.440047Z][RH.transfer-xyz-gripper][W][2330306][136]CRTCyclicEvent.cpp:TimeMissed():101|Cycle miss in event CCSICombinedCmdManager Cyclic Event. Time Overrun is 795 us[EOL]
[2026-09-22T08:49:52.439753Z][RH.newgen-rackhandler][W][2330306][155]CRTCyclicEvent.cpp:TimeMissed():101|Cycle miss in event CCSICombinedCmdManager Cyclic Event. Time Overrun is 512 us[EOL]
[2026-09-22T08:49:52.440094Z][RH.transfer-xyz-gripper][W][2330306][136]CRTCyclicEvent.cpp:TimeMissed():101|Cycle miss in event CCSICombinedRepManager. Time Overrun is 795 us[EOL]
[2026-09-22T08:49:54.540592Z][RH.transfer-xyz-gripper][W][2330306][136]CRTCyclicEvent.cpp:TimeMissed():101|Cycle miss in event CCSICombinedCmdManager Cyclic Event. Time Overrun is 11346 us[EOL]
[2026-09-22T08:49:54.540016Z][RH.newgen-samplerecognitioncamera][W][2330306][137]CRTCyclicEvent.cpp:TimeMissed():101|Cycle miss in event CCSICombinedCmdManager Cyclic Event. Time Overrun is 15907 us[EOL]
[2026-09-22T08:49:54.540049Z][RH.newgen-samplerecognitioncamera][W][2330306][137]CRTCyclicEvent.cpp:TimeMissed():101|Cycle miss in event CCSICombinedRepManager. Time Overrun is 15907 us[EOL]
[2026-09-22T08:49:54.540618Z][RH.transfer-xyz-gripper][W][2330306][136]CRTCyclicEvent.cpp:TimeMissed():101|Cycle miss in event CCSICombinedRepManager. Time Overrun is 11346 us[EOL]
[2026-09-22T08:49:54.539952Z][RH.newgen-rackhandler][W][2330306][155]CRTCyclicEvent.cpp:TimeMissed():101|Cycle miss in event CCSICombinedCmdManager Cyclic Event. Time Overrun is 10725 us[EOL]
[2026-09-22T08:49:55.562683Z][RH.transfer-xyz-gripper][W][2330306][136]CRTCyclicEvent.cpp:TimeMissed():101|Cycle miss in event CCSICombinedCmdManager Cyclic Event. Time Overrun is 13437 us[EOL]
[2026-09-22T08:49:55.562825Z][RH.newgen-rackhandler][W][2330306][155]CRTCyclicEvent.cpp:TimeMissed():101|Cycle miss in event CCSICombinedCmdManager Cyclic Event. Time Overrun is 13599 us[EOL]
[2026-09-22T08:49:55.562507Z][RH.newgen-samplerecognitioncamera][W][2330306][137]CRTCyclicEvent.cpp:TimeMissed():101|Cycle miss in event CCSICombinedCmdManager Cyclic Event. Time Overrun is 18395 us[EOL]
[2026-09-22T08:49:55.562713Z][RH.transfer-xyz-gripper][W][2330306][136]CRTCyclicEvent.cpp:TimeMissed():101|Cycle miss in event CCSICombinedRepManager. Time Overrun is 13437 us[EOL]
[2026-09-22T08:49:55.562548Z][RH.newgen-samplerecognitioncamera][W][2330306][137]CRTCyclicEvent.cpp:TimeMissed():101|Cycle miss in event CCSICombinedRepManager. Time Overrun is 18395 us[EOL]
[2026-09-22T08:49:58.687642Z][RH.newgen-rackhandler][I][2560016][155]IMessageHandler.h:operator()():40|Received RabbitMqMessage Roche.MolLab.InstrumentState.Ping. Content: {"Timestamp":"2026-09-22T08:49:58.6750959Z","PingId":"IS40"}[EOL]
[2026-09-22T08:49:58.687718Z][RH.newgen-rackhandler][I][844444436][155]UnitCommunicator.cpp:SendEvent():424|Publishing event: type=Roche.c68_8800.RackHandler.Echo correlation_id=(n/a)[EOL]
[2026-09-22T08:49:58.687743Z][RH.newgen-rackhandler][I][2560017][155]MessageSender.h:SendEvent():105|Sent RabbitMqEvent Roche.c68_8800.RackHandler.Echo. Content: {"Timestamp":"2026-09-22T08:49:58.687706Z","PingId":"IS40"}[EOL]
[2026-09-22T08:50:01.787946Z][RH.newgen-samplerecognitioncamera][W][2330306][137]CRTCyclicEvent.cpp:TimeMissed():101|Cycle miss in event CCSICombinedCmdManager Cyclic Event. Time Overrun is 13837 us[EOL]
[2026-09-22T08:50:01.787992Z][RH.newgen-samplerecognitioncamera][W][2330306][137]CRTCyclicEvent.cpp:TimeMissed():101|Cycle miss in event CCSICombinedRepManager. Time Overrun is 13837 us[EOL]
[2026-09-22T08:50:06.032923Z][RH.transfer-xyz-gripper][W][2330306][136]CRTCyclicEvent.cpp:TimeMissed():101|Cycle miss in event CCSICombinedCmdManager Cyclic Event. Time Overrun is 3671 us[EOL]
[2026-09-22T08:50:06.032960Z][RH.transfer-xyz-gripper][W][2330306][136]CRTCyclicEvent.cpp:TimeMissed():101|Cycle miss in event CCSICombinedRepManager. Time Overrun is 3671 us[EOL]
[2026-09-22T08:50:09.619580Z][RH.transfer-xyz-gripper][W][2330306][136]CRTCyclicEvent.cpp:TimeMissed():101|Cycle miss in event CCSICombinedCmdManager Cyclic Event. Time Overrun is 325 us[EOL]
[2026-09-22T08:50:09.619857Z][RH.newgen-rackhandler][W][2330306][155]CRTCyclicEvent.cpp:TimeMissed():101|Cycle miss in event CCSICombinedCmdManager Cyclic Event. Time Overrun is 632 us[EOL]
[2026-09-22T08:50:09.619630Z][RH.transfer-xyz-gripper][W][2330306][136]CRTCyclicEvent.cpp:TimeMissed():101|Cycle miss in event CCSICombinedRepManager. Time Overrun is 325 us[EOL]
[2026-09-22T08:50:10.300807Z][RH.newgen-rackhandler][W][2330306][155]CRTCyclicEvent.cpp:TimeMissed():101|Cycle miss in event CCSICombinedCmdManager Cyclic Event. Time Overrun is 1582 us[EOL]
[2026-09-22T08:50:17.839459Z][RH.transfer-xyz-gripper][W][2330306][136]CRTCyclicEvent.cpp:TimeMissed():101|Cycle miss in event CCSICombinedCmdManager Cyclic Event. Time Overrun is 208 us[EOL]
[2026-09-22T08:50:17.839365Z][RH.newgen-rackhandler][W][2330306][155]CRTCyclicEvent.cpp:TimeMissed():101|Cycle miss in event CCSICombinedCmdManager Cyclic Event. Time Overrun is 132 us[EOL]
[2026-09-22T08:50:17.839491Z][RH.transfer-xyz-gripper][W][2330306][136]CRTCyclicEvent.cpp:TimeMissed():101|Cycle miss in event CCSICombinedRepManager. Time Overrun is 208 us[EOL]
[2026-09-22T08:50:27.869298Z][RH.newgen-rackhandler][W][2330306][155]CRTCyclicEvent.cpp:TimeMissed():101|Cycle miss in event CCSICombinedCmdManager Cyclic Event. Time Overrun is 69 us[EOL]
[2026-09-22T08:50:28.676463Z][RH.newgen-rackhandler][I][2560016][155]IMessageHandler.h:operator()():40|Received RabbitMqMessage Roche.MolLab.InstrumentState.Ping. Content: {"Timestamp":"2026-09-22T08:50:28.6732287Z","PingId":"IS41"}[EOL]
[2026-09-22T08:50:28.676499Z][RH.newgen-rackhandler][I][844444436][155]UnitCommunicator.cpp:SendEvent():424|Publishing event: type=Roche.c68_8800.RackHandler.Echo correlation_id=(n/a)[EOL]
[2026-09-22T08:50:28.676513Z][RH.newgen-rackhandler][I][2560017][155]MessageSender.h:SendEvent():105|Sent RabbitMqEvent Roche.c68_8800.RackHandler.Echo. Content: {"Timestamp":"2026-09-22T08:50:28.676495Z","PingId":"IS41"}[EOL]
[2026-09-22T08:50:32.590411Z][RH.newgen-samplerecognitioncamera][W][2330306][137]CRTCyclicEvent.cpp:TimeMissed():101|Cycle miss in event CCSICombinedCmdManager Cyclic Event. Time Overrun is 26301 us[EOL]
[2026-09-22T08:50:32.590436Z][RH.newgen-samplerecognitioncamera][W][2330306][137]CRTCyclicEvent.cpp:TimeMissed():101|Cycle miss in event CCSICombinedRepManager. Time Overrun is 26301 us[EOL]
[2026-09-22T08:50:42.850947Z][RH.transfer-xyz-gripper][W][2330306][136]CRTCyclicEvent.cpp:TimeMissed():101|Cycle miss in event CCSICombinedCmdManager Cyclic Event. Time Overrun is 1692 us[EOL]
[2026-09-22T08:50:42.851142Z][RH.transfer-xyz-gripper][W][2330306][136]CRTCyclicEvent.cpp:TimeMissed():101|Cycle miss in event CCSICombinedRepManager. Time Overrun is 1692 us[EOL]
[2026-09-22T08:50:44.438809Z][RH.transfer-xyz-gripper][W][2330306][136]CRTCyclicEvent.cpp:TimeMissed():101|Cycle miss in event CCSICombinedCmdManager Cyclic Event. Time Overrun is 9561 us[EOL]
[2026-09-22T08:50:44.438842Z][RH.transfer-xyz-gripper][W][2330306][136]CRTCyclicEvent.cpp:TimeMissed():101|Cycle miss in event CCSICombinedRepManager. Time Overrun is 9561 us[EOL]
[2026-09-22T08:50:58.713354Z][RH.newgen-rackhandler][I][2560016][155]IMessageHandler.h:operator()():40|Received RabbitMqMessage Roche.MolLab.InstrumentState.Ping. Content: {"Timestamp":"2026-09-22T08:50:58.6750215Z","PingId":"IS42"}[EOL]
[2026-09-22T08:50:58.713857Z][RH.newgen-rackhandler][I][844444436][155]UnitCommunicator.cpp:SendEvent():424|Publishing event: type=Roche.c68_8800.RackHandler.Echo correlation_id=(n/a)[EOL]
[2026-09-22T08:50:58.713910Z][RH.newgen-rackhandler][I][2560017][155]MessageSender.h:SendEvent():105|Sent RabbitMqEvent Roche.c68_8800.RackHandler.Echo. Content: {"Timestamp":"2026-09-22T08:50:58.713833Z","PingId":"IS42"}[EOL]
[2026-09-22T08:50:58.824447Z][RH.newgen-samplerecognitioncamera][W][2330306][137]CRTCyclicEvent.cpp:TimeMissed():101|Cycle miss in event CCSICombinedCmdManager Cyclic Event. Time Overrun is 335 us[EOL]
[2026-09-22T08:50:58.824496Z][RH.newgen-samplerecognitioncamera][W][2330306][137]CRTCyclicEvent.cpp:TimeMissed():101|Cycle miss in event CCSICombinedRepManager. Time Overrun is 335 us[EOL]
[2026-09-22T08:50:58.824328Z][RH.newgen-rackhandler][W][2330306][155]CRTCyclicEvent.cpp:TimeMissed():101|Cycle miss in event CCSICombinedCmdManager Cyclic Event. Time Overrun is 5098 us[EOL]
[2026-09-22T08:50:58.860311Z][RH.transfer-xyz-gripper][W][2330306][136]CRTCyclicEvent.cpp:TimeMissed():101|Cycle miss in event CCSICombinedCmdManager Cyclic Event. Time Overrun is 1057 us[EOL]
[2026-09-22T08:50:58.860362Z][RH.transfer-xyz-gripper][W][2330306][136]CRTCyclicEvent.cpp:TimeMissed():101|Cycle miss in event CCSICombinedRepManager. Time Overrun is 1057 us[EOL]
[2026-09-22T08:50:59.272533Z][RH.transfer-xyz-gripper][W][2330306][136]CRTCyclicEvent.cpp:TimeMissed():101|Cycle miss in event CCSICombinedCmdManager Cyclic Event. Time Overrun is 3248 us[EOL]
[2026-09-22T08:50:59.272577Z][RH.transfer-xyz-gripper][W][2330306][136]CRTCyclicEvent.cpp:TimeMissed():101|Cycle miss in event CCSICombinedRepManager. Time Overrun is 3248 us[EOL]
[2026-09-22T08:51:01.776497Z][RH.newgen-samplerecognitioncamera][W][2330306][137]CRTCyclicEvent.cpp:TimeMissed():101|Cycle miss in event CCSICombinedCmdManager Cyclic Event. Time Overrun is 12386 us[EOL]
[2026-09-22T08:51:01.777014Z][RH.newgen-samplerecognitioncamera][W][2330306][137]CRTCyclicEvent.cpp:TimeMissed():101|Cycle miss in event CCSICombinedRepManager. Time Overrun is 12386 us[EOL]
[2026-09-22T08:51:01.777540Z][RH.newgen-rackhandler][W][2330306][155]CRTCyclicEvent.cpp:TimeMissed():101|Cycle miss in event CCSICombinedCmdManager Cyclic Event. Time Overrun is 8311 us[EOL]
[2026-09-22T08:51:01.774041Z][RH.transfer-xyz-gripper][W][2330306][136]CRTCyclicEvent.cpp:TimeMissed():101|Cycle miss in event CCSICombinedCmdManager Cyclic Event. Time Overrun is 4789 us[EOL]
[2026-09-22T08:51:01.774092Z][RH.transfer-xyz-gripper][W][2330306][136]CRTCyclicEvent.cpp:TimeMissed():101|Cycle miss in event CCSICombinedRepManager. Time Overrun is 4789 us[EOL]
[2026-09-22T08:51:02.122831Z][RH.newgen-rackhandler][W][2330306][155]CRTCyclicEvent.cpp:TimeMissed():101|Cycle miss in event CCSICombinedCmdManager Cyclic Event. Time Overrun is 3593 us[EOL]
[2026-09-22T08:51:02.887166Z][RH.transfer-xyz-gripper][W][2330306][136]CRTCyclicEvent.cpp:TimeMissed():101|Cycle miss in event CCSICombinedCmdManager Cyclic Event. Time Overrun is 7916 us[EOL]
[2026-09-22T08:51:02.887209Z][RH.transfer-xyz-gripper][W][2330306][136]CRTCyclicEvent.cpp:TimeMissed():101|Cycle miss in event CCSICombinedRepManager. Time Overrun is 7916 us[EOL]
[2026-09-22T08:51:02.890912Z][RH.newgen-samplerecognitioncamera][W][2330306][137]CRTCyclicEvent.cpp:TimeMissed():101|Cycle miss in event CCSICombinedCmdManager Cyclic Event. Time Overrun is 16803 us[EOL]
[2026-09-22T08:51:02.890949Z][RH.newgen-samplerecognitioncamera][W][2330306][137]CRTCyclicEvent.cpp:TimeMissed():101|Cycle miss in event CCSICombinedRepManager. Time Overrun is 16803 us[EOL]
[2026-09-22T08:51:02.896868Z][RH.newgen-rackhandler][W][2330306][155]CRTCyclicEvent.cpp:TimeMissed():101|Cycle miss in event CCSICombinedCmdManager Cyclic Event. Time Overrun is 17639 us[EOL]
[2026-09-22T08:51:03.237973Z][RH.transfer-xyz-gripper][W][2330306][136]CRTCyclicEvent.cpp:TimeMissed():101|Cycle miss in event CCSICombinedCmdManager Cyclic Event. Time Overrun is 18724 us[EOL]
[2026-09-22T08:51:03.237616Z][RH.newgen-samplerecognitioncamera][W][2330306][137]CRTCyclicEvent.cpp:TimeMissed():101|Cycle miss in event CCSICombinedCmdManager Cyclic Event. Time Overrun is 23505 us[EOL]
[2026-09-22T08:51:03.238123Z][RH.transfer-xyz-gripper][W][2330306][136]CRTCyclicEvent.cpp:TimeMissed():101|Cycle miss in event CCSICombinedRepManager. Time Overrun is 18724 us[EOL]
[2026-09-22T08:51:03.237661Z][RH.newgen-samplerecognitioncamera][W][2330306][137]CRTCyclicEvent.cpp:TimeMissed():101|Cycle miss in event CCSICombinedRepManager. Time Overrun is 23505 us[EOL]
[2026-09-22T08:51:03.422638Z][RH.transfer-xyz-gripper][W][2330306][136]CRTCyclicEvent.cpp:TimeMissed():101|Cycle miss in event CCSICombinedCmdManager Cyclic Event. Time Overrun is 3388 us[EOL]
[2026-09-22T08:51:03.422680Z][RH.transfer-xyz-gripper][W][2330306][136]CRTCyclicEvent.cpp:TimeMissed():101|Cycle miss in event CCSICombinedRepManager. Time Overrun is 3388 us[EOL]
[2026-09-22T08:51:03.450816Z][RH.newgen-rackhandler][W][2330306][155]CRTCyclicEvent.cpp:TimeMissed():101|Cycle miss in event CCSICombinedCmdManager Cyclic Event. Time Overrun is 21584 us[EOL]
[2026-09-22T08:51:03.546319Z][RH.newgen-samplerecognitioncamera][W][2330306][137]CRTCyclicEvent.cpp:TimeMissed():101|Cycle miss in event CCSICombinedCmdManager Cyclic Event. Time Overrun is 2207 us[EOL]
[2026-09-22T08:51:03.546365Z][RH.newgen-samplerecognitioncamera][W][2330306][137]CRTCyclicEvent.cpp:TimeMissed():101|Cycle miss in event CCSICombinedRepManager. Time Overrun is 2207 us[EOL]
[2026-09-22T08:51:03.678753Z][RH.newgen-samplerecognitioncamera][W][2330306][137]CRTCyclicEvent.cpp:TimeMissed():101|Cycle miss in event CCSICombinedCmdManager Cyclic Event. Time Overrun is 4639 us[EOL]
[2026-09-22T08:51:03.678802Z][RH.newgen-samplerecognitioncamera][W][2330306][137]CRTCyclicEvent.cpp:TimeMissed():101|Cycle miss in event CCSICombinedRepManager. Time Overrun is 4639 us[EOL]
[2026-09-22T08:51:03.824793Z][RH.newgen-samplerecognitioncamera][W][2330306][137]CRTCyclicEvent.cpp:TimeMissed():101|Cycle miss in event CCSICombinedCmdManager Cyclic Event. Time Overrun is 682 us[EOL]
[2026-09-22T08:51:03.824836Z][RH.newgen-samplerecognitioncamera][W][2330306][137]CRTCyclicEvent.cpp:TimeMissed():101|Cycle miss in event CCSICombinedRepManager. Time Overrun is 682 us[EOL]
[2026-09-22T08:51:04.643421Z][RH.newgen-rackhandler][W][2330306][155]CRTCyclicEvent.cpp:TimeMissed():101|Cycle miss in event CCSICombinedCmdManager Cyclic Event. Time Overrun is 4192 us[EOL]
[2026-09-22T08:51:04.645082Z][RH.transfer-xyz-gripper][W][2330306][136]CRTCyclicEvent.cpp:TimeMissed():101|Cycle miss in event CCSICombinedCmdManager Cyclic Event. Time Overrun is 5833 us[EOL]
[2026-09-22T08:51:04.646023Z][RH.newgen-samplerecognitioncamera][W][2330306][137]CRTCyclicEvent.cpp:TimeMissed():101|Cycle miss in event CCSICombinedCmdManager Cyclic Event. Time Overrun is 11913 us[EOL]
[2026-09-22T08:51:04.646060Z][RH.newgen-samplerecognitioncamera][W][2330306][137]CRTCyclicEvent.cpp:TimeMissed():101|Cycle miss in event CCSICombinedRepManager. Time Overrun is 11913 us[EOL]
[2026-09-22T08:51:04.645120Z][RH.transfer-xyz-gripper][W][2330306][136]CRTCyclicEvent.cpp:TimeMissed():101|Cycle miss in event CCSICombinedRepManager. Time Overrun is 5833 us[EOL]
[2026-09-22T08:51:05.139674Z][RH.newgen-rackhandler][W][2330306][155]CRTCyclicEvent.cpp:TimeMissed():101|Cycle miss in event CCSICombinedCmdManager Cyclic Event. Time Overrun is 444 us[EOL]
[2026-09-22T08:51:05.140215Z][RH.transfer-xyz-gripper][W][2330306][136]CRTCyclicEvent.cpp:TimeMissed():101|Cycle miss in event CCSICombinedCmdManager Cyclic Event. Time Overrun is 966 us[EOL]
[2026-09-22T08:51:05.139951Z][RH.newgen-samplerecognitioncamera][W][2330306][137]CRTCyclicEvent.cpp:TimeMissed():101|Cycle miss in event CCSICombinedCmdManager Cyclic Event. Time Overrun is 5841 us[EOL]
[2026-09-22T08:51:05.140283Z][RH.transfer-xyz-gripper][W][2330306][136]CRTCyclicEvent.cpp:TimeMissed():101|Cycle miss in event CCSICombinedRepManager. Time Overrun is 966 us[EOL]
[2026-09-22T08:51:05.139987Z][RH.newgen-samplerecognitioncamera][W][2330306][137]CRTCyclicEvent.cpp:TimeMissed():101|Cycle miss in event CCSICombinedRepManager. Time Overrun is 5841 us[EOL]
[2026-09-22T08:51:07.855221Z][RH.newgen-samplerecognitioncamera][W][2330306][137]CRTCyclicEvent.cpp:TimeMissed():101|Cycle miss in event CCSICombinedCmdManager Cyclic Event. Time Overrun is 1112 us[EOL]
[2026-09-22T08:51:07.851796Z][RH.newgen-rackhandler][W][2330306][155]CRTCyclicEvent.cpp:TimeMissed():101|Cycle miss in event CCSICombinedCmdManager Cyclic Event. Time Overrun is 2568 us[EOL]
[2026-09-22T08:51:07.855256Z][RH.transfer-xyz-gripper][W][2330306][136]CRTCyclicEvent.cpp:TimeMissed():101|Cycle miss in event CCSICombinedCmdManager Cyclic Event. Time Overrun is 6007 us[EOL]
[2026-09-22T08:51:07.855293Z][RH.transfer-xyz-gripper][W][2330306][136]CRTCyclicEvent.cpp:TimeMissed():101|Cycle miss in event CCSICombinedRepManager. Time Overrun is 6007 us[EOL]
[2026-09-22T08:51:07.855268Z][RH.newgen-samplerecognitioncamera][W][2330306][137]CRTCyclicEvent.cpp:TimeMissed():101|Cycle miss in event CCSICombinedRepManager. Time Overrun is 1112 us[EOL]
[2026-09-22T08:51:10.394531Z][RH.newgen-rackhandler][W][2330306][155]CRTCyclicEvent.cpp:TimeMissed():101|Cycle miss in event CCSICombinedCmdManager Cyclic Event. Time Overrun is 35301 us[EOL]
[2026-09-22T08:51:10.386667Z][RH.transfer-xyz-gripper][W][2330306][136]CRTCyclicEvent.cpp:TimeMissed():101|Cycle miss in event CCSICombinedCmdManager Cyclic Event. Time Overrun is 27414 us[EOL]
[2026-09-22T08:51:10.386701Z][RH.transfer-xyz-gripper][W][2330306][136]CRTCyclicEvent.cpp:TimeMissed():101|Cycle miss in event CCSICombinedRepManager. Time Overrun is 27414 us[EOL]
[2026-09-22T08:51:10.394413Z][RH.newgen-samplerecognitioncamera][W][2330306][137]CRTCyclicEvent.cpp:TimeMissed():101|Cycle miss in event CCSICombinedCmdManager Cyclic Event. Time Overrun is 301 us[EOL]
[2026-09-22T08:51:10.394456Z][RH.newgen-samplerecognitioncamera][W][2330306][137]CRTCyclicEvent.cpp:TimeMissed():101|Cycle miss in event CCSICombinedRepManager. Time Overrun is 301 us[EOL]
[2026-09-22T08:51:11.077621Z][RH.newgen-samplerecognitioncamera][W][2330306][137]CRTCyclicEvent.cpp:TimeMissed():101|Cycle miss in event CCSICombinedCmdManager Cyclic Event. Time Overrun is 13506 us[EOL]
[2026-09-22T08:51:11.077672Z][RH.newgen-samplerecognitioncamera][W][2330306][137]CRTCyclicEvent.cpp:TimeMissed():101|Cycle miss in event CCSICombinedRepManager. Time Overrun is 13506 us[EOL]
[2026-09-22T08:51:11.662052Z][RH.newgen-rackhandler][W][2330306][155]CRTCyclicEvent.cpp:TimeMissed():101|Cycle miss in event CCSICombinedCmdManager Cyclic Event. Time Overrun is 2823 us[EOL]
[2026-09-22T08:51:13.111037Z][RH.newgen-samplerecognitioncamera][W][2330306][137]CRTCyclicEvent.cpp:TimeMissed():101|Cycle miss in event CCSICombinedCmdManager Cyclic Event. Time Overrun is 16927 us[EOL]
[2026-09-22T08:51:13.111075Z][RH.newgen-samplerecognitioncamera][W][2330306][137]CRTCyclicEvent.cpp:TimeMissed():101|Cycle miss in event CCSICombinedRepManager. Time Overrun is 16927 us[EOL]
[2026-09-22T08:51:13.173626Z][RH.newgen-rackhandler][W][2330306][155]CRTCyclicEvent.cpp:TimeMissed():101|Cycle miss in event CCSICombinedCmdManager Cyclic Event. Time Overrun is 74229 us[EOL]
[2026-09-22T08:51:13.176118Z][RH.transfer-xyz-gripper][W][2330306][136]CRTCyclicEvent.cpp:TimeMissed():101|Cycle miss in event CCSICombinedCmdManager Cyclic Event. Time Overrun is 76866 us[EOL]
[2026-09-22T08:51:13.176220Z][RH.transfer-xyz-gripper][W][2330306][136]CRTCyclicEvent.cpp:TimeMissed():101|Cycle miss in event CCSICombinedRepManager. Time Overrun is 76866 us[EOL]
[2026-09-22T08:51:13.347664Z][RH.newgen-samplerecognitioncamera][W][2330306][137]CRTCyclicEvent.cpp:TimeMissed():101|Cycle miss in event CCSICombinedCmdManager Cyclic Event. Time Overrun is 3554 us[EOL]
[2026-09-22T08:51:13.347699Z][RH.newgen-samplerecognitioncamera][W][2330306][137]CRTCyclicEvent.cpp:TimeMissed():101|Cycle miss in event CCSICombinedRepManager. Time Overrun is 3554 us[EOL]
[2026-09-22T08:51:23.578989Z][RH.newgen-samplerecognitioncamera][W][2330306][137]CRTCyclicEvent.cpp:TimeMissed():101|Cycle miss in event CCSICombinedCmdManager Cyclic Event. Time Overrun is 4874 us[EOL]
[2026-09-22T08:51:23.579029Z][RH.newgen-samplerecognitioncamera][W][2330306][137]CRTCyclicEvent.cpp:TimeMissed():101|Cycle miss in event CCSICombinedRepManager. Time Overrun is 4874 us[EOL]
[2026-09-22T08:51:23.651014Z][RH.transfer-xyz-gripper][W][2330306][136]CRTCyclicEvent.cpp:TimeMissed():101|Cycle miss in event CCSICombinedCmdManager Cyclic Event. Time Overrun is 1756 us[EOL]
[2026-09-22T08:51:23.651059Z][RH.transfer-xyz-gripper][W][2330306][136]CRTCyclicEvent.cpp:TimeMissed():101|Cycle miss in event CCSICombinedRepManager. Time Overrun is 1756 us[EOL]
[2026-09-22T08:51:23.651029Z][RH.newgen-rackhandler][W][2330306][155]CRTCyclicEvent.cpp:TimeMissed():101|Cycle miss in event CCSICombinedCmdManager Cyclic Event. Time Overrun is 1801 us[EOL]
[2026-09-22T08:51:24.370584Z][RH.newgen-samplerecognitioncamera][W][2330306][137]CRTCyclicEvent.cpp:TimeMissed():101|Cycle miss in event CCSICombinedCmdManager Cyclic Event. Time Overrun is 6476 us[EOL]
[2026-09-22T08:51:24.370615Z][RH.newgen-samplerecognitioncamera][W][2330306][137]CRTCyclicEvent.cpp:TimeMissed():101|Cycle miss in event CCSICombinedRepManager. Time Overrun is 6476 us[EOL]
[2026-09-22T08:51:24.372091Z][RH.newgen-rackhandler][W][2330306][155]CRTCyclicEvent.cpp:TimeMissed():101|Cycle miss in event CCSICombinedCmdManager Cyclic Event. Time Overrun is 2862 us[EOL]
[2026-09-22T08:51:24.372789Z][RH.transfer-xyz-gripper][W][2330306][136]CRTCyclicEvent.cpp:TimeMissed():101|Cycle miss in event CCSICombinedCmdManager Cyclic Event. Time Overrun is 3539 us[EOL]
[2026-09-22T08:51:24.372823Z][RH.transfer-xyz-gripper][W][2330306][136]CRTCyclicEvent.cpp:TimeMissed():101|Cycle miss in event CCSICombinedRepManager. Time Overrun is 3539 us[EOL]
[2026-09-22T08:51:28.676066Z][RH.newgen-rackhandler][I][2560016][155]IMessageHandler.h:operator()():40|Received RabbitMqMessage Roche.MolLab.InstrumentState.Ping. Content: {"Timestamp":"2026-09-22T08:51:28.673576Z","PingId":"IS43"}[EOL]
[2026-09-22T08:51:28.676114Z][RH.newgen-rackhandler][I][844444436][155]UnitCommunicator.cpp:SendEvent():424|Publishing event: type=Roche.c68_8800.RackHandler.Echo correlation_id=(n/a)[EOL]
[2026-09-22T08:51:28.676160Z][RH.newgen-rackhandler][I][2560017][155]MessageSender.h:SendEvent():105|Sent RabbitMqEvent Roche.c68_8800.RackHandler.Echo. Content: {"Timestamp":"2026-09-22T08:51:28.676109Z","PingId":"IS43"}[EOL]
[2026-09-22T08:51:29.426035Z][RH.newgen-samplerecognitioncamera][W][2330306][137]CRTCyclicEvent.cpp:TimeMissed():101|Cycle miss in event CCSICombinedCmdManager Cyclic Event. Time Overrun is 1344 us[EOL]
[2026-09-22T08:51:29.443942Z][RH.newgen-samplerecognitioncamera][W][2330306][137]CRTCyclicEvent.cpp:TimeMissed():101|Cycle miss in event CCSICombinedRepManager. Time Overrun is 1344 us[EOL]
[2026-09-22T08:51:29.459632Z][RH.newgen-rackhandler][W][2330306][155]CRTCyclicEvent.cpp:TimeMissed():101|Cycle miss in event CCSICombinedCmdManager Cyclic Event. Time Overrun is 10405 us[EOL]
[2026-09-22T08:51:29.446657Z][RH.transfer-xyz-gripper][W][2330306][136]CRTCyclicEvent.cpp:TimeMissed():101|Cycle miss in event CCSICombinedCmdManager Cyclic Event. Time Overrun is 17410 us[EOL]
[2026-09-22T08:51:29.446689Z][RH.transfer-xyz-gripper][W][2330306][136]CRTCyclicEvent.cpp:TimeMissed():101|Cycle miss in event CCSICombinedRepManager. Time Overrun is 17410 us[EOL]
[2026-09-22T08:51:30.149823Z][RH.newgen-rackhandler][W][2330306][155]CRTCyclicEvent.cpp:TimeMissed():101|Cycle miss in event CCSICombinedCmdManager Cyclic Event. Time Overrun is 595 us[EOL]
[2026-09-22T08:51:32.021515Z][RH.newgen-rackhandler][W][2330306][155]CRTCyclicEvent.cpp:TimeMissed():101|Cycle miss in event CCSICombinedCmdManager Cyclic Event. Time Overrun is 2284 us[EOL]
[2026-09-22T08:51:35.486606Z][RH.newgen-samplerecognitioncamera][W][2330306][137]CRTCyclicEvent.cpp:TimeMissed():101|Cycle miss in event CCSICombinedCmdManager Cyclic Event. Time Overrun is 2475 us[EOL]
[2026-09-22T08:51:35.486639Z][RH.newgen-samplerecognitioncamera][W][2330306][137]CRTCyclicEvent.cpp:TimeMissed():101|Cycle miss in event CCSICombinedRepManager. Time Overrun is 2475 us[EOL]
[2026-09-22T08:51:58.694291Z][RH.newgen-rackhandler][I][2560016][155]IMessageHandler.h:operator()():40|Received RabbitMqMessage Roche.MolLab.InstrumentState.Ping. Content: {"Timestamp":"2026-09-22T08:51:58.6754465Z","PingId":"IS44"}[EOL]
[2026-09-22T08:51:58.694353Z][RH.newgen-rackhandler][I][844444436][155]UnitCommunicator.cpp:SendEvent():424|Publishing event: type=Roche.c68_8800.RackHandler.Echo correlation_id=(n/a)[EOL]
[2026-09-22T08:51:58.694388Z][RH.newgen-rackhandler][I][2560017][155]MessageSender.h:SendEvent():105|Sent RabbitMqEvent Roche.c68_8800.RackHandler.Echo. Content: {"Timestamp":"2026-09-22T08:51:58.694344Z","PingId":"IS44"}[EOL]
[2026-09-22T08:51:58.747428Z][RH.newgen-rackhandler][W][2330306][155]CRTCyclicEvent.cpp:TimeMissed():101|Cycle miss in event CCSICombinedCmdManager Cyclic Event. Time Overrun is 18189 us[EOL]
[2026-09-22T08:52:02.853886Z][RH.transfer-xyz-gripper][W][2330306][136]CRTCyclicEvent.cpp:TimeMissed():101|Cycle miss in event CCSICombinedCmdManager Cyclic Event. Time Overrun is 4637 us[EOL]
[2026-09-22T08:52:02.853922Z][RH.transfer-xyz-gripper][W][2330306][136]CRTCyclicEvent.cpp:TimeMissed():101|Cycle miss in event CCSICombinedRepManager. Time Overrun is 4637 us[EOL]
[2026-09-22T08:52:02.850262Z][RH.newgen-rackhandler][W][2330306][155]CRTCyclicEvent.cpp:TimeMissed():101|Cycle miss in event CCSICombinedCmdManager Cyclic Event. Time Overrun is 1035 us[EOL]
[2026-09-22T08:52:07.427926Z][RH.newgen-rackhandler][W][2330306][155]CRTCyclicEvent.cpp:TimeMissed():101|Cycle miss in event CCSICombinedCmdManager Cyclic Event. Time Overrun is 8699 us[EOL]
[2026-09-22T08:52:07.438080Z][RH.newgen-samplerecognitioncamera][W][2330306][137]CRTCyclicEvent.cpp:TimeMissed():101|Cycle miss in event CCSICombinedCmdManager Cyclic Event. Time Overrun is 13970 us[EOL]
[2026-09-22T08:52:07.438121Z][RH.newgen-samplerecognitioncamera][W][2330306][137]CRTCyclicEvent.cpp:TimeMissed():101|Cycle miss in event CCSICombinedRepManager. Time Overrun is 13970 us[EOL]
[2026-09-22T08:52:07.428686Z][RH.transfer-xyz-gripper][W][2330306][136]CRTCyclicEvent.cpp:TimeMissed():101|Cycle miss in event CCSICombinedCmdManager Cyclic Event. Time Overrun is 9439 us[EOL]
[2026-09-22T08:52:07.428754Z][RH.transfer-xyz-gripper][W][2330306][136]CRTCyclicEvent.cpp:TimeMissed():101|Cycle miss in event CCSICombinedRepManager. Time Overrun is 9439 us[EOL]
[2026-09-22T08:52:28.684442Z][RH.newgen-rackhandler][I][2560016][155]IMessageHandler.h:operator()():40|Received RabbitMqMessage Roche.MolLab.InstrumentState.Ping. Content: {"Timestamp":"2026-09-22T08:52:28.6746619Z","PingId":"IS45"}[EOL]
[2026-09-22T08:52:28.684514Z][RH.newgen-rackhandler][I][844444436][155]UnitCommunicator.cpp:SendEvent():424|Publishing event: type=Roche.c68_8800.RackHandler.Echo correlation_id=(n/a)[EOL]
[2026-09-22T08:52:28.684544Z][RH.newgen-rackhandler][I][2560017][155]MessageSender.h:SendEvent():105|Sent RabbitMqEvent Roche.c68_8800.RackHandler.Echo. Content: {"Timestamp":"2026-09-22T08:52:28.684505Z","PingId":"IS45"}[EOL]
[2026-09-22T08:52:29.785487Z][RH.transfer-xyz-gripper][W][2330306][136]CRTCyclicEvent.cpp:TimeMissed():101|Cycle miss in event CCSICombinedCmdManager Cyclic Event. Time Overrun is 6238 us[EOL]
[2026-09-22T08:52:29.785522Z][RH.transfer-xyz-gripper][W][2330306][136]CRTCyclicEvent.cpp:TimeMissed():101|Cycle miss in event CCSICombinedRepManager. Time Overrun is 6238 us[EOL]
[2026-09-22T08:52:54.853733Z][RH.transfer-xyz-gripper][W][2330306][136]CRTCyclicEvent.cpp:TimeMissed():101|Cycle miss in event CCSICombinedCmdManager Cyclic Event. Time Overrun is 14486 us[EOL]
[2026-09-22T08:52:54.853769Z][RH.transfer-xyz-gripper][W][2330306][136]CRTCyclicEvent.cpp:TimeMissed():101|Cycle miss in event CCSICombinedRepManager. Time Overrun is 14486 us[EOL]
[2026-09-22T08:52:55.826987Z][RH.newgen-samplerecognitioncamera][W][2330306][137]CRTCyclicEvent.cpp:TimeMissed():101|Cycle miss in event CCSICombinedCmdManager Cyclic Event. Time Overrun is 2878 us[EOL]
[2026-09-22T08:52:55.826920Z][RH.newgen-rackhandler][W][2330306][155]CRTCyclicEvent.cpp:TimeMissed():101|Cycle miss in event CCSICombinedCmdManager Cyclic Event. Time Overrun is 7691 us[EOL]
[2026-09-22T08:52:55.826304Z][RH.transfer-xyz-gripper][W][2330306][136]CRTCyclicEvent.cpp:TimeMissed():101|Cycle miss in event CCSICombinedCmdManager Cyclic Event. Time Overrun is 7056 us[EOL]
[2026-09-22T08:52:55.827019Z][RH.newgen-samplerecognitioncamera][W][2330306][137]CRTCyclicEvent.cpp:TimeMissed():101|Cycle miss in event CCSICombinedRepManager. Time Overrun is 2878 us[EOL]
[2026-09-22T08:52:55.826339Z][RH.transfer-xyz-gripper][W][2330306][136]CRTCyclicEvent.cpp:TimeMissed():101|Cycle miss in event CCSICombinedRepManager. Time Overrun is 7056 us[EOL]
[2026-09-22T08:52:58.694540Z][RH.newgen-rackhandler][I][2560016][155]IMessageHandler.h:operator()():40|Received RabbitMqMessage Roche.MolLab.InstrumentState.Ping. Content: {"Timestamp":"2026-09-22T08:52:58.6739846Z","PingId":"IS46"}[EOL]
[2026-09-22T08:52:58.694595Z][RH.newgen-rackhandler][I][844444436][155]UnitCommunicator.cpp:SendEvent():424|Publishing event: type=Roche.c68_8800.RackHandler.Echo correlation_id=(n/a)[EOL]
[2026-09-22T08:52:58.694618Z][RH.newgen-rackhandler][I][2560017][155]MessageSender.h:SendEvent():105|Sent RabbitMqEvent Roche.c68_8800.RackHandler.Echo. Content: {"Timestamp":"2026-09-22T08:52:58.694587Z","PingId":"IS46"}[EOL]
[2026-09-22T08:53:01.030653Z][RH.newgen-samplerecognitioncamera][W][2330306][137]CRTCyclicEvent.cpp:TimeMissed():101|Cycle miss in event CCSICombinedCmdManager Cyclic Event. Time Overrun is 6537 us[EOL]
[2026-09-22T08:53:01.030692Z][RH.newgen-samplerecognitioncamera][W][2330306][137]CRTCyclicEvent.cpp:TimeMissed():101|Cycle miss in event CCSICombinedRepManager. Time Overrun is 6537 us[EOL]
[2026-09-22T08:53:01.030825Z][RH.transfer-xyz-gripper][W][2330306][136]CRTCyclicEvent.cpp:TimeMissed():101|Cycle miss in event CCSICombinedCmdManager Cyclic Event. Time Overrun is 1579 us[EOL]
[2026-09-22T08:53:01.030849Z][RH.transfer-xyz-gripper][W][2330306][136]CRTCyclicEvent.cpp:TimeMissed():101|Cycle miss in event CCSICombinedRepManager. Time Overrun is 1579 us[EOL]
[2026-09-22T08:53:16.253892Z][RH.transfer-xyz-gripper][W][2330306][136]CRTCyclicEvent.cpp:TimeMissed():101|Cycle miss in event CCSICombinedCmdManager Cyclic Event. Time Overrun is 4645 us[EOL]
[2026-09-22T08:53:16.255322Z][RH.newgen-rackhandler][W][2330306][155]CRTCyclicEvent.cpp:TimeMissed():101|Cycle miss in event CCSICombinedCmdManager Cyclic Event. Time Overrun is 6096 us[EOL]
[2026-09-22T08:53:16.254239Z][RH.newgen-samplerecognitioncamera][W][2330306][137]CRTCyclicEvent.cpp:TimeMissed():101|Cycle miss in event CCSICombinedCmdManager Cyclic Event. Time Overrun is 133 us[EOL]
[2026-09-22T08:53:16.253925Z][RH.transfer-xyz-gripper][W][2330306][136]CRTCyclicEvent.cpp:TimeMissed():101|Cycle miss in event CCSICombinedRepManager. Time Overrun is 4645 us[EOL]
[2026-09-22T08:53:16.254259Z][RH.newgen-samplerecognitioncamera][W][2330306][137]CRTCyclicEvent.cpp:TimeMissed():101|Cycle miss in event CCSICombinedRepManager. Time Overrun is 133 us[EOL]
[2026-09-22T08:53:23.610057Z][RH.transfer-xyz-gripper][W][2330306][136]CRTCyclicEvent.cpp:TimeMissed():101|Cycle miss in event CCSICombinedCmdManager Cyclic Event. Time Overrun is 10812 us[EOL]
[2026-09-22T08:53:23.611702Z][RH.newgen-samplerecognitioncamera][W][2330306][137]CRTCyclicEvent.cpp:TimeMissed():101|Cycle miss in event CCSICombinedCmdManager Cyclic Event. Time Overrun is 7593 us[EOL]
[2026-09-22T08:53:23.610079Z][RH.transfer-xyz-gripper][W][2330306][136]CRTCyclicEvent.cpp:TimeMissed():101|Cycle miss in event CCSICombinedRepManager. Time Overrun is 10812 us[EOL]
[2026-09-22T08:53:23.611729Z][RH.newgen-samplerecognitioncamera][W][2330306][137]CRTCyclicEvent.cpp:TimeMissed():101|Cycle miss in event CCSICombinedRepManager. Time Overrun is 7593 us[EOL]
[2026-09-22T08:53:23.610260Z][RH.newgen-rackhandler][W][2330306][155]CRTCyclicEvent.cpp:TimeMissed():101|Cycle miss in event CCSICombinedCmdManager Cyclic Event. Time Overrun is 11035 us[EOL]
[2026-09-22T08:53:28.699258Z][RH.newgen-rackhandler][I][2560016][155]IMessageHandler.h:operator()():40|Received RabbitMqMessage Roche.MolLab.InstrumentState.Ping. Content: {"Timestamp":"2026-09-22T08:53:28.6752665Z","PingId":"IS47"}[EOL]
[2026-09-22T08:53:28.699313Z][RH.newgen-rackhandler][I][844444436][155]UnitCommunicator.cpp:SendEvent():424|Publishing event: type=Roche.c68_8800.RackHandler.Echo correlation_id=(n/a)[EOL]
[2026-09-22T08:53:28.699343Z][RH.newgen-rackhandler][I][2560017][155]MessageSender.h:SendEvent():105|Sent RabbitMqEvent Roche.c68_8800.RackHandler.Echo. Content: {"Timestamp":"2026-09-22T08:53:28.699304Z","PingId":"IS47"}[EOL]
[2026-09-22T08:53:28.728055Z][RH.newgen-samplerecognitioncamera][W][2330306][137]CRTCyclicEvent.cpp:TimeMissed():101|Cycle miss in event CCSICombinedCmdManager Cyclic Event. Time Overrun is 3947 us[EOL]
[2026-09-22T08:53:28.727952Z][RH.transfer-xyz-gripper][W][2330306][136]CRTCyclicEvent.cpp:TimeMissed():101|Cycle miss in event CCSICombinedCmdManager Cyclic Event. Time Overrun is 8707 us[EOL]
[2026-09-22T08:53:28.728086Z][RH.newgen-samplerecognitioncamera][W][2330306][137]CRTCyclicEvent.cpp:TimeMissed():101|Cycle miss in event CCSICombinedRepManager. Time Overrun is 3947 us[EOL]
[2026-09-22T08:53:28.727704Z][RH.newgen-rackhandler][W][2330306][155]CRTCyclicEvent.cpp:TimeMissed():101|Cycle miss in event CCSICombinedCmdManager Cyclic Event. Time Overrun is 8474 us[EOL]
[2026-09-22T08:53:28.727975Z][RH.transfer-xyz-gripper][W][2330306][136]CRTCyclicEvent.cpp:TimeMissed():101|Cycle miss in event CCSICombinedRepManager. Time Overrun is 8707 us[EOL]
[2026-09-22T08:53:31.019529Z][RH.transfer-xyz-gripper][W][2330306][136]CRTCyclicEvent.cpp:TimeMissed():101|Cycle miss in event CCSICombinedCmdManager Cyclic Event. Time Overrun is 10283 us[EOL]
[2026-09-22T08:53:31.019587Z][RH.transfer-xyz-gripper][W][2330306][136]CRTCyclicEvent.cpp:TimeMissed():101|Cycle miss in event CCSICombinedRepManager. Time Overrun is 10283 us[EOL]
[2026-09-22T08:53:33.880786Z][RH.transfer-xyz-gripper][W][2330306][136]CRTCyclicEvent.cpp:TimeMissed():101|Cycle miss in event CCSICombinedCmdManager Cyclic Event. Time Overrun is 1539 us[EOL]
[2026-09-22T08:53:33.880818Z][RH.transfer-xyz-gripper][W][2330306][136]CRTCyclicEvent.cpp:TimeMissed():101|Cycle miss in event CCSICombinedRepManager. Time Overrun is 1539 us[EOL]
[2026-09-22T08:53:53.615791Z][RH.transfer-xyz-gripper][W][2330306][136]CRTCyclicEvent.cpp:TimeMissed():101|Cycle miss in event CCSICombinedCmdManager Cyclic Event. Time Overrun is 16541 us[EOL]
[2026-09-22T08:53:53.616104Z][RH.newgen-samplerecognitioncamera][W][2330306][137]CRTCyclicEvent.cpp:TimeMissed():101|Cycle miss in event CCSICombinedCmdManager Cyclic Event. Time Overrun is 11991 us[EOL]
[2026-09-22T08:53:53.616152Z][RH.newgen-samplerecognitioncamera][W][2330306][137]CRTCyclicEvent.cpp:TimeMissed():101|Cycle miss in event CCSICombinedRepManager. Time Overrun is 11991 us[EOL]
[2026-09-22T08:53:53.615828Z][RH.transfer-xyz-gripper][W][2330306][136]CRTCyclicEvent.cpp:TimeMissed():101|Cycle miss in event CCSICombinedRepManager. Time Overrun is 16541 us[EOL]
[2026-09-22T08:53:53.615956Z][RH.newgen-rackhandler][W][2330306][155]CRTCyclicEvent.cpp:TimeMissed():101|Cycle miss in event CCSICombinedCmdManager Cyclic Event. Time Overrun is 16730 us[EOL]
[2026-09-22T08:53:54.910238Z][RH.newgen-samplerecognitioncamera][W][2330306][137]CRTCyclicEvent.cpp:TimeMissed():101|Cycle miss in event CCSICombinedCmdManager Cyclic Event. Time Overrun is 6127 us[EOL]
[2026-09-22T08:53:54.910425Z][RH.newgen-rackhandler][W][2330306][155]CRTCyclicEvent.cpp:TimeMissed():101|Cycle miss in event CCSICombinedCmdManager Cyclic Event. Time Overrun is 1196 us[EOL]
[2026-09-22T08:53:54.910269Z][RH.newgen-samplerecognitioncamera][W][2330306][137]CRTCyclicEvent.cpp:TimeMissed():101|Cycle miss in event CCSICombinedRepManager. Time Overrun is 6127 us[EOL]
[2026-09-22T08:53:54.975328Z][RH.transfer-xyz-gripper][W][2330306][136]CRTCyclicEvent.cpp:TimeMissed():101|Cycle miss in event CCSICombinedCmdManager Cyclic Event. Time Overrun is 6081 us[EOL]
[2026-09-22T08:53:54.975359Z][RH.transfer-xyz-gripper][W][2330306][136]CRTCyclicEvent.cpp:TimeMissed():101|Cycle miss in event CCSICombinedRepManager. Time Overrun is 6081 us[EOL]
[2026-09-22T08:53:57.046940Z][RH.newgen-samplerecognitioncamera][W][2330306][137]CRTCyclicEvent.cpp:TimeMissed():101|Cycle miss in event CCSICombinedCmdManager Cyclic Event. Time Overrun is 12828 us[EOL]
[2026-09-22T08:53:57.049092Z][RH.newgen-rackhandler][W][2330306][155]CRTCyclicEvent.cpp:TimeMissed():101|Cycle miss in event CCSICombinedCmdManager Cyclic Event. Time Overrun is 19861 us[EOL]
[2026-09-22T08:53:57.047368Z][RH.transfer-xyz-gripper][W][2330306][136]CRTCyclicEvent.cpp:TimeMissed():101|Cycle miss in event CCSICombinedCmdManager Cyclic Event. Time Overrun is 18119 us[EOL]
[2026-09-22T08:53:57.047403Z][RH.transfer-xyz-gripper][W][2330306][136]CRTCyclicEvent.cpp:TimeMissed():101|Cycle miss in event CCSICombinedRepManager. Time Overrun is 18119 us[EOL]
[2026-09-22T08:53:57.046987Z][RH.newgen-samplerecognitioncamera][W][2330306][137]CRTCyclicEvent.cpp:TimeMissed():101|Cycle miss in event CCSICombinedRepManager. Time Overrun is 12828 us[EOL]
[2026-09-22T08:53:57.830688Z][RH.transfer-xyz-gripper][W][2330306][136]CRTCyclicEvent.cpp:TimeMissed():101|Cycle miss in event CCSICombinedCmdManager Cyclic Event. Time Overrun is 1430 us[EOL]
[2026-09-22T08:53:57.830739Z][RH.transfer-xyz-gripper][W][2330306][136]CRTCyclicEvent.cpp:TimeMissed():101|Cycle miss in event CCSICombinedRepManager. Time Overrun is 1430 us[EOL]
[2026-09-22T08:53:58.678690Z][RH.newgen-rackhandler][I][2560016][155]IMessageHandler.h:operator()():40|Received RabbitMqMessage Roche.MolLab.InstrumentState.Ping. Content: {"Timestamp":"2026-09-22T08:53:58.673581Z","PingId":"IS48"}[EOL]
[2026-09-22T08:53:58.678808Z][RH.newgen-rackhandler][I][844444436][155]UnitCommunicator.cpp:SendEvent():424|Publishing event: type=Roche.c68_8800.RackHandler.Echo correlation_id=(n/a)[EOL]
[2026-09-22T08:53:58.678836Z][RH.newgen-rackhandler][I][2560017][155]MessageSender.h:SendEvent():105|Sent RabbitMqEvent Roche.c68_8800.RackHandler.Echo. Content: {"Timestamp":"2026-09-22T08:53:58.678799Z","PingId":"IS48"}[EOL]
[2026-09-22T08:54:07.220696Z][RH.transfer-xyz-gripper][W][2330306][136]CRTCyclicEvent.cpp:TimeMissed():101|Cycle miss in event CCSICombinedCmdManager Cyclic Event. Time Overrun is 11449 us[EOL]
[2026-09-22T08:54:07.220724Z][RH.transfer-xyz-gripper][W][2330306][136]CRTCyclicEvent.cpp:TimeMissed():101|Cycle miss in event CCSICombinedRepManager. Time Overrun is 11449 us[EOL]
[2026-09-22T08:54:07.220996Z][RH.newgen-samplerecognitioncamera][W][2330306][137]CRTCyclicEvent.cpp:TimeMissed():101|Cycle miss in event CCSICombinedCmdManager Cyclic Event. Time Overrun is 6890 us[EOL]
[2026-09-22T08:54:07.221016Z][RH.newgen-samplerecognitioncamera][W][2330306][137]CRTCyclicEvent.cpp:TimeMissed():101|Cycle miss in event CCSICombinedRepManager. Time Overrun is 6890 us[EOL]
[2026-09-22T08:54:07.220490Z][RH.newgen-rackhandler][W][2330306][155]CRTCyclicEvent.cpp:TimeMissed():101|Cycle miss in event CCSICombinedCmdManager Cyclic Event. Time Overrun is 11265 us[EOL]
[2026-09-22T08:54:07.880823Z][RH.transfer-xyz-gripper][W][2330306][136]CRTCyclicEvent.cpp:TimeMissed():101|Cycle miss in event CCSICombinedCmdManager Cyclic Event. Time Overrun is 1572 us[EOL]
[2026-09-22T08:54:07.880859Z][RH.transfer-xyz-gripper][W][2330306][136]CRTCyclicEvent.cpp:TimeMissed():101|Cycle miss in event CCSICombinedRepManager. Time Overrun is 1572 us[EOL]
[2026-09-22T08:54:13.369311Z][RH.transfer-xyz-gripper][W][2330306][136]CRTCyclicEvent.cpp:TimeMissed():101|Cycle miss in event CCSICombinedCmdManager Cyclic Event. Time Overrun is 10064 us[EOL]
[2026-09-22T08:54:13.369344Z][RH.transfer-xyz-gripper][W][2330306][136]CRTCyclicEvent.cpp:TimeMissed():101|Cycle miss in event CCSICombinedRepManager. Time Overrun is 10064 us[EOL]
[2026-09-22T08:54:13.369400Z][RH.newgen-rackhandler][W][2330306][155]CRTCyclicEvent.cpp:TimeMissed():101|Cycle miss in event CCSICombinedCmdManager Cyclic Event. Time Overrun is 10173 us[EOL]
[2026-09-22T08:54:13.370142Z][RH.newgen-samplerecognitioncamera][W][2330306][137]CRTCyclicEvent.cpp:TimeMissed():101|Cycle miss in event CCSICombinedCmdManager Cyclic Event. Time Overrun is 6035 us[EOL]
[2026-09-22T08:54:13.370165Z][RH.newgen-samplerecognitioncamera][W][2330306][137]CRTCyclicEvent.cpp:TimeMissed():101|Cycle miss in event CCSICombinedRepManager. Time Overrun is 6035 us[EOL]
[2026-09-22T08:54:16.652121Z][RH.newgen-rackhandler][W][2330306][155]CRTCyclicEvent.cpp:TimeMissed():101|Cycle miss in event CCSICombinedCmdManager Cyclic Event. Time Overrun is 2896 us[EOL]
[2026-09-22T08:54:16.652342Z][RH.transfer-xyz-gripper][W][2330306][136]CRTCyclicEvent.cpp:TimeMissed():101|Cycle miss in event CCSICombinedCmdManager Cyclic Event. Time Overrun is 3097 us[EOL]
[2026-09-22T08:54:16.652361Z][RH.transfer-xyz-gripper][W][2330306][136]CRTCyclicEvent.cpp:TimeMissed():101|Cycle miss in event CCSICombinedRepManager. Time Overrun is 3097 us[EOL]
[2026-09-22T08:54:19.476947Z][RH.newgen-rackhandler][W][2330306][155]CRTCyclicEvent.cpp:TimeMissed():101|Cycle miss in event CCSICombinedCmdManager Cyclic Event. Time Overrun is 37720 us[EOL]
[2026-09-22T08:54:19.476965Z][RH.transfer-xyz-gripper][W][2330306][136]CRTCyclicEvent.cpp:TimeMissed():101|Cycle miss in event CCSICombinedCmdManager Cyclic Event. Time Overrun is 37718 us[EOL]
[2026-09-22T08:54:19.476988Z][RH.transfer-xyz-gripper][W][2330306][136]CRTCyclicEvent.cpp:TimeMissed():101|Cycle miss in event CCSICombinedRepManager. Time Overrun is 37718 us[EOL]
[2026-09-22T08:54:19.475465Z][RH.newgen-samplerecognitioncamera][W][2330306][137]CRTCyclicEvent.cpp:TimeMissed():101|Cycle miss in event CCSICombinedCmdManager Cyclic Event. Time Overrun is 31358 us[EOL]
[2026-09-22T08:54:19.475489Z][RH.newgen-samplerecognitioncamera][W][2330306][137]CRTCyclicEvent.cpp:TimeMissed():101|Cycle miss in event CCSICombinedRepManager. Time Overrun is 31358 us[EOL]
[2026-09-22T08:54:20.561852Z][RH.newgen-rackhandler][W][2330306][155]CRTCyclicEvent.cpp:TimeMissed():101|Cycle miss in event CCSICombinedCmdManager Cyclic Event. Time Overrun is 12627 us[EOL]
[2026-09-22T08:54:20.564281Z][RH.transfer-xyz-gripper][W][2330306][136]CRTCyclicEvent.cpp:TimeMissed():101|Cycle miss in event CCSICombinedCmdManager Cyclic Event. Time Overrun is 15035 us[EOL]
[2026-09-22T08:54:20.564305Z][RH.transfer-xyz-gripper][W][2330306][136]CRTCyclicEvent.cpp:TimeMissed():101|Cycle miss in event CCSICombinedRepManager. Time Overrun is 15035 us[EOL]
[2026-09-22T08:54:20.562130Z][RH.newgen-samplerecognitioncamera][W][2330306][137]CRTCyclicEvent.cpp:TimeMissed():101|Cycle miss in event CCSICombinedCmdManager Cyclic Event. Time Overrun is 8023 us[EOL]
[2026-09-22T08:54:20.562149Z][RH.newgen-samplerecognitioncamera][W][2330306][137]CRTCyclicEvent.cpp:TimeMissed():101|Cycle miss in event CCSICombinedRepManager. Time Overrun is 8023 us[EOL]
[2026-09-22T08:54:23.494389Z][RH.transfer-xyz-gripper][W][2330306][136]CRTCyclicEvent.cpp:TimeMissed():101|Cycle miss in event CCSICombinedCmdManager Cyclic Event. Time Overrun is 15144 us[EOL]
[2026-09-22T08:54:23.494544Z][RH.newgen-samplerecognitioncamera][W][2330306][137]CRTCyclicEvent.cpp:TimeMissed():101|Cycle miss in event CCSICombinedCmdManager Cyclic Event. Time Overrun is 10438 us[EOL]
[2026-09-22T08:54:23.494410Z][RH.transfer-xyz-gripper][W][2330306][136]CRTCyclicEvent.cpp:TimeMissed():101|Cycle miss in event CCSICombinedRepManager. Time Overrun is 15144 us[EOL]
[2026-09-22T08:54:23.494333Z][RH.newgen-rackhandler][W][2330306][155]CRTCyclicEvent.cpp:TimeMissed():101|Cycle miss in event CCSICombinedCmdManager Cyclic Event. Time Overrun is 15104 us[EOL]
[2026-09-22T08:54:23.494565Z][RH.newgen-samplerecognitioncamera][W][2330306][137]CRTCyclicEvent.cpp:TimeMissed():101|Cycle miss in event CCSICombinedRepManager. Time Overrun is 10438 us[EOL]
[2026-09-22T08:54:28.686521Z][RH.newgen-rackhandler][I][2560016][155]IMessageHandler.h:operator()():40|Received RabbitMqMessage Roche.MolLab.InstrumentState.Ping. Content: {"Timestamp":"2026-09-22T08:54:28.6739602Z","PingId":"IS49"}[EOL]
[2026-09-22T08:54:28.686567Z][RH.newgen-rackhandler][I][844444436][155]UnitCommunicator.cpp:SendEvent():424|Publishing event: type=Roche.c68_8800.RackHandler.Echo correlation_id=(n/a)[EOL]
[2026-09-22T08:54:28.686609Z][RH.newgen-rackhandler][I][2560017][155]MessageSender.h:SendEvent():105|Sent RabbitMqEvent Roche.c68_8800.RackHandler.Echo. Content: {"Timestamp":"2026-09-22T08:54:28.686561Z","PingId":"IS49"}[EOL]
[2026-09-22T08:54:34.519728Z][RH.newgen-rackhandler][W][2330306][155]CRTCyclicEvent.cpp:TimeMissed():101|Cycle miss in event CCSICombinedCmdManager Cyclic Event. Time Overrun is 495 us[EOL]
[2026-09-22T08:54:36.439848Z][RH.newgen-rackhandler][W][2330306][155]CRTCyclicEvent.cpp:TimeMissed():101|Cycle miss in event CCSICombinedCmdManager Cyclic Event. Time Overrun is 623 us[EOL]
[2026-09-22T08:54:36.440906Z][RH.transfer-xyz-gripper][W][2330306][136]CRTCyclicEvent.cpp:TimeMissed():101|Cycle miss in event CCSICombinedCmdManager Cyclic Event. Time Overrun is 1659 us[EOL]
[2026-09-22T08:54:36.440935Z][RH.transfer-xyz-gripper][W][2330306][136]CRTCyclicEvent.cpp:TimeMissed():101|Cycle miss in event CCSICombinedRepManager. Time Overrun is 1659 us[EOL]
[2026-09-22T08:54:38.570117Z][RH.newgen-samplerecognitioncamera][W][2330306][137]CRTCyclicEvent.cpp:TimeMissed():101|Cycle miss in event CCSICombinedCmdManager Cyclic Event. Time Overrun is 6007 us[EOL]
[2026-09-22T08:54:38.570149Z][RH.newgen-samplerecognitioncamera][W][2330306][137]CRTCyclicEvent.cpp:TimeMissed():101|Cycle miss in event CCSICombinedRepManager. Time Overrun is 6007 us[EOL]
[2026-09-22T08:54:42.727959Z][RH.newgen-samplerecognitioncamera][W][2330306][137]CRTCyclicEvent.cpp:TimeMissed():101|Cycle miss in event CCSICombinedCmdManager Cyclic Event. Time Overrun is 3852 us[EOL]
[2026-09-22T08:54:42.727980Z][RH.newgen-samplerecognitioncamera][W][2330306][137]CRTCyclicEvent.cpp:TimeMissed():101|Cycle miss in event CCSICombinedRepManager. Time Overrun is 3852 us[EOL]
[2026-09-22T08:54:48.847146Z][RH.newgen-samplerecognitioncamera][W][2330306][137]CRTCyclicEvent.cpp:TimeMissed():101|Cycle miss in event CCSICombinedCmdManager Cyclic Event. Time Overrun is 3036 us[EOL]
[2026-09-22T08:54:48.847178Z][RH.newgen-samplerecognitioncamera][W][2330306][137]CRTCyclicEvent.cpp:TimeMissed():101|Cycle miss in event CCSICombinedRepManager. Time Overrun is 3036 us[EOL]
[2026-09-22T08:54:51.398757Z][RH.newgen-rackhandler][W][2330306][155]CRTCyclicEvent.cpp:TimeMissed():101|Cycle miss in event CCSICombinedCmdManager Cyclic Event. Time Overrun is 9529 us[EOL]
[2026-09-22T08:54:58.676171Z][RH.newgen-rackhandler][I][2560016][155]IMessageHandler.h:operator()():40|Received RabbitMqMessage Roche.MolLab.InstrumentState.Ping. Content: {"Timestamp":"2026-09-22T08:54:58.6734986Z","PingId":"IS50"}[EOL]
[2026-09-22T08:54:58.676778Z][RH.newgen-rackhandler][I][844444436][155]UnitCommunicator.cpp:SendEvent():424|Publishing event: type=Roche.c68_8800.RackHandler.Echo correlation_id=(n/a)[EOL]
[2026-09-22T08:54:58.676803Z][RH.newgen-rackhandler][I][2560017][155]MessageSender.h:SendEvent():105|Sent RabbitMqEvent Roche.c68_8800.RackHandler.Echo. Content: {"Timestamp":"2026-09-22T08:54:58.676759Z","PingId":"IS50"}[EOL]
[2026-09-22T08:55:04.425805Z][RH.newgen-samplerecognitioncamera][W][2330306][137]CRTCyclicEvent.cpp:TimeMissed():101|Cycle miss in event CCSICombinedCmdManager Cyclic Event. Time Overrun is 1694 us[EOL]
[2026-09-22T08:55:04.425864Z][RH.newgen-samplerecognitioncamera][W][2330306][137]CRTCyclicEvent.cpp:TimeMissed():101|Cycle miss in event CCSICombinedRepManager. Time Overrun is 1694 us[EOL]
[2026-09-22T08:55:15.010310Z][RH.transfer-xyz-gripper][W][2330306][136]CRTCyclicEvent.cpp:TimeMissed():101|Cycle miss in event CCSICombinedCmdManager Cyclic Event. Time Overrun is 11056 us[EOL]
[2026-09-22T08:55:15.010412Z][RH.transfer-xyz-gripper][W][2330306][136]CRTCyclicEvent.cpp:TimeMissed():101|Cycle miss in event CCSICombinedRepManager. Time Overrun is 11056 us[EOL]
[2026-09-22T08:55:19.750317Z][RH.newgen-samplerecognitioncamera][W][2330306][137]CRTCyclicEvent.cpp:TimeMissed():101|Cycle miss in event CCSICombinedCmdManager Cyclic Event. Time Overrun is 6210 us[EOL]
[2026-09-22T08:55:19.750026Z][RH.transfer-xyz-gripper][W][2330306][136]CRTCyclicEvent.cpp:TimeMissed():101|Cycle miss in event CCSICombinedCmdManager Cyclic Event. Time Overrun is 778 us[EOL]
[2026-09-22T08:55:19.750046Z][RH.transfer-xyz-gripper][W][2330306][136]CRTCyclicEvent.cpp:TimeMissed():101|Cycle miss in event CCSICombinedRepManager. Time Overrun is 778 us[EOL]
[2026-09-22T08:55:19.750426Z][RH.newgen-rackhandler][W][2330306][155]CRTCyclicEvent.cpp:TimeMissed():101|Cycle miss in event CCSICombinedCmdManager Cyclic Event. Time Overrun is 1201 us[EOL]
[2026-09-22T08:55:19.750349Z][RH.newgen-samplerecognitioncamera][W][2330306][137]CRTCyclicEvent.cpp:TimeMissed():101|Cycle miss in event CCSICombinedRepManager. Time Overrun is 6210 us[EOL]
[2026-09-22T08:55:27.957236Z][RH.newgen-samplerecognitioncamera][W][2330306][137]CRTCyclicEvent.cpp:TimeMissed():101|Cycle miss in event CCSICombinedCmdManager Cyclic Event. Time Overrun is 3126 us[EOL]
[2026-09-22T08:55:27.957372Z][RH.newgen-samplerecognitioncamera][W][2330306][137]CRTCyclicEvent.cpp:TimeMissed():101|Cycle miss in event CCSICombinedRepManager. Time Overrun is 3126 us[EOL]
[2026-09-22T08:55:28.698423Z][RH.newgen-rackhandler][I][2560016][155]IMessageHandler.h:operator()():40|Received RabbitMqMessage Roche.MolLab.InstrumentState.Ping. Content: {"Timestamp":"2026-09-22T08:55:28.6758861Z","PingId":"IS51"}[EOL]
[2026-09-22T08:55:28.698464Z][RH.newgen-rackhandler][I][844444436][155]UnitCommunicator.cpp:SendEvent():424|Publishing event: type=Roche.c68_8800.RackHandler.Echo correlation_id=(n/a)[EOL]
[2026-09-22T08:55:28.698487Z][RH.newgen-rackhandler][I][2560017][155]MessageSender.h:SendEvent():105|Sent RabbitMqEvent Roche.c68_8800.RackHandler.Echo. Content: {"Timestamp":"2026-09-22T08:55:28.698458Z","PingId":"IS51"}[EOL]
[2026-09-22T08:55:29.243166Z][RH.transfer-xyz-gripper][W][2330306][136]CRTCyclicEvent.cpp:TimeMissed():101|Cycle miss in event CCSICombinedCmdManager Cyclic Event. Time Overrun is 3920 us[EOL]
[2026-09-22T08:55:29.243193Z][RH.transfer-xyz-gripper][W][2330306][136]CRTCyclicEvent.cpp:TimeMissed():101|Cycle miss in event CCSICombinedRepManager. Time Overrun is 3920 us[EOL]
[2026-09-22T08:55:31.412379Z][RH.newgen-rackhandler][W][2330306][155]CRTCyclicEvent.cpp:TimeMissed():101|Cycle miss in event CCSICombinedCmdManager Cyclic Event. Time Overrun is 3152 us[EOL]
[2026-09-22T08:55:37.861175Z][RH.newgen-rackhandler][W][2330306][155]CRTCyclicEvent.cpp:TimeMissed():101|Cycle miss in event CCSICombinedCmdManager Cyclic Event. Time Overrun is 1947 us[EOL]
[2026-09-22T08:55:37.860216Z][RH.newgen-samplerecognitioncamera][W][2330306][137]CRTCyclicEvent.cpp:TimeMissed():101|Cycle miss in event CCSICombinedCmdManager Cyclic Event. Time Overrun is 6108 us[EOL]
[2026-09-22T08:55:37.860248Z][RH.newgen-samplerecognitioncamera][W][2330306][137]CRTCyclicEvent.cpp:TimeMissed():101|Cycle miss in event CCSICombinedRepManager. Time Overrun is 6108 us[EOL]
[2026-09-22T08:55:37.860842Z][RH.transfer-xyz-gripper][W][2330306][136]CRTCyclicEvent.cpp:TimeMissed():101|Cycle miss in event CCSICombinedCmdManager Cyclic Event. Time Overrun is 1590 us[EOL]
[2026-09-22T08:55:37.860869Z][RH.transfer-xyz-gripper][W][2330306][136]CRTCyclicEvent.cpp:TimeMissed():101|Cycle miss in event CCSICombinedRepManager. Time Overrun is 1590 us[EOL]
[2026-09-22T08:55:40.723680Z][RH.transfer-xyz-gripper][W][2330306][136]CRTCyclicEvent.cpp:TimeMissed():101|Cycle miss in event CCSICombinedCmdManager Cyclic Event. Time Overrun is 4415 us[EOL]
[2026-09-22T08:55:40.723756Z][RH.transfer-xyz-gripper][W][2330306][136]CRTCyclicEvent.cpp:TimeMissed():101|Cycle miss in event CCSICombinedRepManager. Time Overrun is 4415 us[EOL]
[2026-09-22T08:55:40.725186Z][RH.newgen-samplerecognitioncamera][W][2330306][137]CRTCyclicEvent.cpp:TimeMissed():101|Cycle miss in event CCSICombinedCmdManager Cyclic Event. Time Overrun is 1077 us[EOL]
[2026-09-22T08:55:40.725207Z][RH.newgen-samplerecognitioncamera][W][2330306][137]CRTCyclicEvent.cpp:TimeMissed():101|Cycle miss in event CCSICombinedRepManager. Time Overrun is 1077 us[EOL]
[2026-09-22T08:55:46.521760Z][RH.newgen-rackhandler][W][2330306][155]CRTCyclicEvent.cpp:TimeMissed():101|Cycle miss in event CCSICombinedCmdManager Cyclic Event. Time Overrun is 12533 us[EOL]
[2026-09-22T08:55:46.521796Z][RH.newgen-samplerecognitioncamera][W][2330306][137]CRTCyclicEvent.cpp:TimeMissed():101|Cycle miss in event CCSICombinedCmdManager Cyclic Event. Time Overrun is 7689 us[EOL]
[2026-09-22T08:55:46.521816Z][RH.newgen-samplerecognitioncamera][W][2330306][137]CRTCyclicEvent.cpp:TimeMissed():101|Cycle miss in event CCSICombinedRepManager. Time Overrun is 7689 us[EOL]
[2026-09-22T08:55:46.524411Z][RH.transfer-xyz-gripper][W][2330306][136]CRTCyclicEvent.cpp:TimeMissed():101|Cycle miss in event CCSICombinedCmdManager Cyclic Event. Time Overrun is 15164 us[EOL]
[2026-09-22T08:55:46.524445Z][RH.transfer-xyz-gripper][W][2330306][136]CRTCyclicEvent.cpp:TimeMissed():101|Cycle miss in event CCSICombinedRepManager. Time Overrun is 15164 us[EOL]
[2026-09-22T08:55:54.651161Z][RH.newgen-samplerecognitioncamera][W][2330306][137]CRTCyclicEvent.cpp:TimeMissed():101|Cycle miss in event CCSICombinedCmdManager Cyclic Event. Time Overrun is 17049 us[EOL]
[2026-09-22T08:55:54.651192Z][RH.newgen-samplerecognitioncamera][W][2330306][137]CRTCyclicEvent.cpp:TimeMissed():101|Cycle miss in event CCSICombinedRepManager. Time Overrun is 17049 us[EOL]
[2026-09-22T08:55:54.646465Z][RH.transfer-xyz-gripper][W][2330306][136]CRTCyclicEvent.cpp:TimeMissed():101|Cycle miss in event CCSICombinedCmdManager Cyclic Event. Time Overrun is 17216 us[EOL]
[2026-09-22T08:55:54.646497Z][RH.transfer-xyz-gripper][W][2330306][136]CRTCyclicEvent.cpp:TimeMissed():101|Cycle miss in event CCSICombinedRepManager. Time Overrun is 17216 us[EOL]
[2026-09-22T08:55:54.646023Z][RH.newgen-rackhandler][W][2330306][155]CRTCyclicEvent.cpp:TimeMissed():101|Cycle miss in event CCSICombinedCmdManager Cyclic Event. Time Overrun is 16796 us[EOL]
[2026-09-22T08:55:57.871005Z][RH.transfer-xyz-gripper][W][2330306][136]CRTCyclicEvent.cpp:TimeMissed():101|Cycle miss in event CCSICombinedCmdManager Cyclic Event. Time Overrun is 1755 us[EOL]
[2026-09-22T08:55:57.870430Z][RH.newgen-samplerecognitioncamera][W][2330306][137]CRTCyclicEvent.cpp:TimeMissed():101|Cycle miss in event CCSICombinedCmdManager Cyclic Event. Time Overrun is 6320 us[EOL]
[2026-09-22T08:55:57.871049Z][RH.transfer-xyz-gripper][W][2330306][136]CRTCyclicEvent.cpp:TimeMissed():101|Cycle miss in event CCSICombinedRepManager. Time Overrun is 1755 us[EOL]
[2026-09-22T08:55:57.871482Z][RH.newgen-samplerecognitioncamera][W][2330306][137]CRTCyclicEvent.cpp:TimeMissed():101|Cycle miss in event CCSICombinedRepManager. Time Overrun is 6320 us[EOL]
[2026-09-22T08:55:58.679485Z][RH.newgen-rackhandler][I][2560016][155]IMessageHandler.h:operator()():40|Received RabbitMqMessage Roche.MolLab.InstrumentState.Ping. Content: {"Timestamp":"2026-09-22T08:55:58.6739365Z","PingId":"IS52"}[EOL]
[2026-09-22T08:55:58.679700Z][RH.newgen-rackhandler][I][844444436][155]UnitCommunicator.cpp:SendEvent():424|Publishing event: type=Roche.c68_8800.RackHandler.Echo correlation_id=(n/a)[EOL]
[2026-09-22T08:55:58.679742Z][RH.newgen-rackhandler][I][2560017][155]MessageSender.h:SendEvent():105|Sent RabbitMqEvent Roche.c68_8800.RackHandler.Echo. Content: {"Timestamp":"2026-09-22T08:55:58.679679Z","PingId":"IS52"}[EOL]
[2026-09-22T08:56:09.909748Z][RH.transfer-xyz-gripper][W][2330306][136]CRTCyclicEvent.cpp:TimeMissed():101|Cycle miss in event CCSICombinedCmdManager Cyclic Event. Time Overrun is 499 us[EOL]
[2026-09-22T08:56:09.909779Z][RH.transfer-xyz-gripper][W][2330306][136]CRTCyclicEvent.cpp:TimeMissed():101|Cycle miss in event CCSICombinedRepManager. Time Overrun is 499 us[EOL]
[2026-09-22T08:56:09.909236Z][RH.newgen-samplerecognitioncamera][W][2330306][137]CRTCyclicEvent.cpp:TimeMissed():101|Cycle miss in event CCSICombinedCmdManager Cyclic Event. Time Overrun is 5129 us[EOL]
[2026-09-22T08:56:09.909314Z][RH.newgen-rackhandler][W][2330306][155]CRTCyclicEvent.cpp:TimeMissed():101|Cycle miss in event CCSICombinedCmdManager Cyclic Event. Time Overrun is 85 us[EOL]
[2026-09-22T08:56:09.909261Z][RH.newgen-samplerecognitioncamera][W][2330306][137]CRTCyclicEvent.cpp:TimeMissed():101|Cycle miss in event CCSICombinedRepManager. Time Overrun is 5129 us[EOL]
[2026-09-22T08:56:12.906831Z][RH.transfer-xyz-gripper][W][2330306][136]CRTCyclicEvent.cpp:TimeMissed():101|Cycle miss in event CCSICombinedCmdManager Cyclic Event. Time Overrun is 7584 us[EOL]
[2026-09-22T08:56:12.907229Z][RH.newgen-samplerecognitioncamera][W][2330306][137]CRTCyclicEvent.cpp:TimeMissed():101|Cycle miss in event CCSICombinedCmdManager Cyclic Event. Time Overrun is 3121 us[EOL]
[2026-09-22T08:56:12.906861Z][RH.transfer-xyz-gripper][W][2330306][136]CRTCyclicEvent.cpp:TimeMissed():101|Cycle miss in event CCSICombinedRepManager. Time Overrun is 7584 us[EOL]
[2026-09-22T08:56:12.907252Z][RH.newgen-samplerecognitioncamera][W][2330306][137]CRTCyclicEvent.cpp:TimeMissed():101|Cycle miss in event CCSICombinedRepManager. Time Overrun is 3121 us[EOL]
[2026-09-22T08:56:12.906737Z][RH.newgen-rackhandler][W][2330306][155]CRTCyclicEvent.cpp:TimeMissed():101|Cycle miss in event CCSICombinedCmdManager Cyclic Event. Time Overrun is 7509 us[EOL]
[2026-09-22T08:56:13.148946Z][RH.newgen-samplerecognitioncamera][W][2330306][137]CRTCyclicEvent.cpp:TimeMissed():101|Cycle miss in event CCSICombinedCmdManager Cyclic Event. Time Overrun is 4839 us[EOL]
[2026-09-22T08:56:13.149085Z][RH.newgen-samplerecognitioncamera][W][2330306][137]CRTCyclicEvent.cpp:TimeMissed():101|Cycle miss in event CCSICombinedRepManager. Time Overrun is 4839 us[EOL]
[2026-09-22T08:56:13.150208Z][RH.transfer-xyz-gripper][W][2330306][136]CRTCyclicEvent.cpp:TimeMissed():101|Cycle miss in event CCSICombinedCmdManager Cyclic Event. Time Overrun is 961 us[EOL]
[2026-09-22T08:56:13.150235Z][RH.transfer-xyz-gripper][W][2330306][136]CRTCyclicEvent.cpp:TimeMissed():101|Cycle miss in event CCSICombinedRepManager. Time Overrun is 961 us[EOL]
[2026-09-22T08:56:13.151676Z][RH.newgen-rackhandler][W][2330306][155]CRTCyclicEvent.cpp:TimeMissed():101|Cycle miss in event CCSICombinedCmdManager Cyclic Event. Time Overrun is 2449 us[EOL]
[2026-09-22T08:56:25.094604Z][RH.newgen-rackhandler][W][2330306][155]CRTCyclicEvent.cpp:TimeMissed():101|Cycle miss in event CCSICombinedCmdManager Cyclic Event. Time Overrun is 15377 us[EOL]
[2026-09-22T08:56:25.093890Z][RH.transfer-xyz-gripper][W][2330306][136]CRTCyclicEvent.cpp:TimeMissed():101|Cycle miss in event CCSICombinedCmdManager Cyclic Event. Time Overrun is 14644 us[EOL]
[2026-09-22T08:56:25.094167Z][RH.transfer-xyz-gripper][W][2330306][136]CRTCyclicEvent.cpp:TimeMissed():101|Cycle miss in event CCSICombinedRepManager. Time Overrun is 14644 us[EOL]
[2026-09-22T08:56:25.095450Z][RH.newgen-samplerecognitioncamera][W][2330306][137]CRTCyclicEvent.cpp:TimeMissed():101|Cycle miss in event CCSICombinedCmdManager Cyclic Event. Time Overrun is 11328 us[EOL]
[2026-09-22T08:56:25.095493Z][RH.newgen-samplerecognitioncamera][W][2330306][137]CRTCyclicEvent.cpp:TimeMissed():101|Cycle miss in event CCSICombinedRepManager. Time Overrun is 11328 us[EOL]
[2026-09-22T08:56:28.697316Z][RH.newgen-rackhandler][I][2560016][155]IMessageHandler.h:operator()():40|Received RabbitMqMessage Roche.MolLab.InstrumentState.Ping. Content: {"Timestamp":"2026-09-22T08:56:28.6731202Z","PingId":"IS53"}[EOL]
[2026-09-22T08:56:28.697375Z][RH.newgen-rackhandler][I][844444436][155]UnitCommunicator.cpp:SendEvent():424|Publishing event: type=Roche.c68_8800.RackHandler.Echo correlation_id=(n/a)[EOL]
[2026-09-22T08:56:28.697445Z][RH.newgen-rackhandler][I][2560017][155]MessageSender.h:SendEvent():105|Sent RabbitMqEvent Roche.c68_8800.RackHandler.Echo. Content: {"Timestamp":"2026-09-22T08:56:28.697369Z","PingId":"IS53"}[EOL]
[2026-09-22T08:56:32.654517Z][RH.transfer-xyz-gripper][W][2330306][136]CRTCyclicEvent.cpp:TimeMissed():101|Cycle miss in event CCSICombinedCmdManager Cyclic Event. Time Overrun is 5270 us[EOL]
[2026-09-22T08:56:32.654549Z][RH.transfer-xyz-gripper][W][2330306][136]CRTCyclicEvent.cpp:TimeMissed():101|Cycle miss in event CCSICombinedRepManager. Time Overrun is 5270 us[EOL]
[2026-09-22T08:56:32.653702Z][RH.newgen-rackhandler][W][2330306][155]CRTCyclicEvent.cpp:TimeMissed():101|Cycle miss in event CCSICombinedCmdManager Cyclic Event. Time Overrun is 4441 us[EOL]
[2026-09-22T08:56:32.654237Z][RH.newgen-samplerecognitioncamera][W][2330306][137]CRTCyclicEvent.cpp:TimeMissed():101|Cycle miss in event CCSICombinedCmdManager Cyclic Event. Time Overrun is 129 us[EOL]
[2026-09-22T08:56:32.654268Z][RH.newgen-samplerecognitioncamera][W][2330306][137]CRTCyclicEvent.cpp:TimeMissed():101|Cycle miss in event CCSICombinedRepManager. Time Overrun is 129 us[EOL]
[2026-09-22T08:56:32.833523Z][RH.transfer-xyz-gripper][W][2330306][136]CRTCyclicEvent.cpp:TimeMissed():101|Cycle miss in event CCSICombinedCmdManager Cyclic Event. Time Overrun is 14276 us[EOL]
[2026-09-22T08:56:32.833553Z][RH.transfer-xyz-gripper][W][2330306][136]CRTCyclicEvent.cpp:TimeMissed():101|Cycle miss in event CCSICombinedRepManager. Time Overrun is 14276 us[EOL]
[2026-09-22T08:56:32.833533Z][RH.newgen-rackhandler][W][2330306][155]CRTCyclicEvent.cpp:TimeMissed():101|Cycle miss in event CCSICombinedCmdManager Cyclic Event. Time Overrun is 14308 us[EOL]
[2026-09-22T08:56:32.833299Z][RH.newgen-samplerecognitioncamera][W][2330306][137]CRTCyclicEvent.cpp:TimeMissed():101|Cycle miss in event CCSICombinedCmdManager Cyclic Event. Time Overrun is 19191 us[EOL]
[2026-09-22T08:56:32.833331Z][RH.newgen-samplerecognitioncamera][W][2330306][137]CRTCyclicEvent.cpp:TimeMissed():101|Cycle miss in event CCSICombinedRepManager. Time Overrun is 19191 us[EOL]
[2026-09-22T08:56:38.700712Z][RH.newgen-rackhandler][W][2330306][155]CRTCyclicEvent.cpp:TimeMissed():101|Cycle miss in event CCSICombinedCmdManager Cyclic Event. Time Overrun is 1476 us[EOL]
[2026-09-22T08:56:40.476346Z][RH.newgen-rackhandler][W][2330306][155]CRTCyclicEvent.cpp:TimeMissed():101|Cycle miss in event CCSICombinedCmdManager Cyclic Event. Time Overrun is 7118 us[EOL]
[2026-09-22T08:56:40.803503Z][RH.transfer-xyz-gripper][W][2330306][136]CRTCyclicEvent.cpp:TimeMissed():101|Cycle miss in event CCSICombinedCmdManager Cyclic Event. Time Overrun is 4254 us[EOL]
[2026-09-22T08:56:40.803538Z][RH.transfer-xyz-gripper][W][2330306][136]CRTCyclicEvent.cpp:TimeMissed():101|Cycle miss in event CCSICombinedRepManager. Time Overrun is 4254 us[EOL]
[2026-09-22T08:56:40.850110Z][RH.newgen-rackhandler][W][2330306][155]CRTCyclicEvent.cpp:TimeMissed():101|Cycle miss in event CCSICombinedCmdManager Cyclic Event. Time Overrun is 882 us[EOL]
[2026-09-22T08:56:40.864704Z][RH.newgen-samplerecognitioncamera][W][2330306][137]CRTCyclicEvent.cpp:TimeMissed():101|Cycle miss in event CCSICombinedCmdManager Cyclic Event. Time Overrun is 542 us[EOL]
[2026-09-22T08:56:40.864734Z][RH.newgen-samplerecognitioncamera][W][2330306][137]CRTCyclicEvent.cpp:TimeMissed():101|Cycle miss in event CCSICombinedRepManager. Time Overrun is 542 us[EOL]
[2026-09-22T08:56:46.636564Z][RH.newgen-rackhandler][W][2330306][155]CRTCyclicEvent.cpp:TimeMissed():101|Cycle miss in event CCSICombinedCmdManager Cyclic Event. Time Overrun is 17335 us[EOL]
[2026-09-22T08:56:46.621569Z][RH.transfer-xyz-gripper][W][2330306][136]CRTCyclicEvent.cpp:TimeMissed():101|Cycle miss in event CCSICombinedCmdManager Cyclic Event. Time Overrun is 12319 us[EOL]
[2026-09-22T08:56:46.647803Z][RH.newgen-samplerecognitioncamera][W][2330306][137]CRTCyclicEvent.cpp:TimeMissed():101|Cycle miss in event CCSICombinedCmdManager Cyclic Event. Time Overrun is 33693 us[EOL]
[2026-09-22T08:56:46.647843Z][RH.newgen-samplerecognitioncamera][W][2330306][137]CRTCyclicEvent.cpp:TimeMissed():101|Cycle miss in event CCSICombinedRepManager. Time Overrun is 33693 us[EOL]
[2026-09-22T08:56:46.621604Z][RH.transfer-xyz-gripper][W][2330306][136]CRTCyclicEvent.cpp:TimeMissed():101|Cycle miss in event CCSICombinedRepManager. Time Overrun is 12319 us[EOL]
[2026-09-22T08:56:48.047498Z][RH.newgen-samplerecognitioncamera][W][2330306][137]CRTCyclicEvent.cpp:TimeMissed():101|Cycle miss in event CCSICombinedCmdManager Cyclic Event. Time Overrun is 3378 us[EOL]
[2026-09-22T08:56:48.047534Z][RH.newgen-samplerecognitioncamera][W][2330306][137]CRTCyclicEvent.cpp:TimeMissed():101|Cycle miss in event CCSICombinedRepManager. Time Overrun is 3378 us[EOL]
[2026-09-22T08:56:54.365121Z][RH.newgen-samplerecognitioncamera][W][2330306][137]CRTCyclicEvent.cpp:TimeMissed():101|Cycle miss in event CCSICombinedCmdManager Cyclic Event. Time Overrun is 21013 us[EOL]
[2026-09-22T08:56:54.365284Z][RH.transfer-xyz-gripper][W][2330306][136]CRTCyclicEvent.cpp:TimeMissed():101|Cycle miss in event CCSICombinedCmdManager Cyclic Event. Time Overrun is 16036 us[EOL]
[2026-09-22T08:56:54.365170Z][RH.newgen-samplerecognitioncamera][W][2330306][137]CRTCyclicEvent.cpp:TimeMissed():101|Cycle miss in event CCSICombinedRepManager. Time Overrun is 21013 us[EOL]
[2026-09-22T08:56:54.365490Z][RH.newgen-rackhandler][W][2330306][155]CRTCyclicEvent.cpp:TimeMissed():101|Cycle miss in event CCSICombinedCmdManager Cyclic Event. Time Overrun is 16261 us[EOL]
[2026-09-22T08:56:54.365311Z][RH.transfer-xyz-gripper][W][2330306][136]CRTCyclicEvent.cpp:TimeMissed():101|Cycle miss in event CCSICombinedRepManager. Time Overrun is 16036 us[EOL]
[2026-09-22T08:56:54.620447Z][RH.newgen-samplerecognitioncamera][W][2330306][137]CRTCyclicEvent.cpp:TimeMissed():101|Cycle miss in event CCSICombinedCmdManager Cyclic Event. Time Overrun is 6335 us[EOL]
[2026-09-22T08:56:54.620403Z][RH.newgen-rackhandler][W][2330306][155]CRTCyclicEvent.cpp:TimeMissed():101|Cycle miss in event CCSICombinedCmdManager Cyclic Event. Time Overrun is 11172 us[EOL]
[2026-09-22T08:56:54.619917Z][RH.transfer-xyz-gripper][W][2330306][136]CRTCyclicEvent.cpp:TimeMissed():101|Cycle miss in event CCSICombinedCmdManager Cyclic Event. Time Overrun is 10665 us[EOL]
[2026-09-22T08:56:54.619964Z][RH.transfer-xyz-gripper][W][2330306][136]CRTCyclicEvent.cpp:TimeMissed():101|Cycle miss in event CCSICombinedRepManager. Time Overrun is 10665 us[EOL]
[2026-09-22T08:56:54.620496Z][RH.newgen-samplerecognitioncamera][W][2330306][137]CRTCyclicEvent.cpp:TimeMissed():101|Cycle miss in event CCSICombinedRepManager. Time Overrun is 6335 us[EOL]
[2026-09-22T08:56:58.683223Z][RH.newgen-rackhandler][I][2560016][155]IMessageHandler.h:operator()():40|Received RabbitMqMessage Roche.MolLab.InstrumentState.Ping. Content: {"Timestamp":"2026-09-22T08:56:58.6752332Z","PingId":"IS54"}[EOL]
[2026-09-22T08:56:58.683394Z][RH.newgen-rackhandler][I][844444436][155]UnitCommunicator.cpp:SendEvent():424|Publishing event: type=Roche.c68_8800.RackHandler.Echo correlation_id=(n/a)[EOL]
[2026-09-22T08:56:58.683423Z][RH.newgen-rackhandler][I][2560017][155]MessageSender.h:SendEvent():105|Sent RabbitMqEvent Roche.c68_8800.RackHandler.Echo. Content: {"Timestamp":"2026-09-22T08:56:58.683384Z","PingId":"IS54"}[EOL]
[2026-09-22T08:57:18.203345Z][RH.newgen-rackhandler][W][2330306][155]CRTCyclicEvent.cpp:TimeMissed():101|Cycle miss in event CCSICombinedCmdManager Cyclic Event. Time Overrun is 4109 us[EOL]
[2026-09-22T08:57:25.968551Z][RH.transfer-xyz-gripper][W][2330306][136]CRTCyclicEvent.cpp:TimeMissed():101|Cycle miss in event CCSICombinedCmdManager Cyclic Event. Time Overrun is 9303 us[EOL]
[2026-09-22T08:57:25.968581Z][RH.transfer-xyz-gripper][W][2330306][136]CRTCyclicEvent.cpp:TimeMissed():101|Cycle miss in event CCSICombinedRepManager. Time Overrun is 9303 us[EOL]
[2026-09-22T08:57:28.687732Z][RH.newgen-rackhandler][I][2560016][155]IMessageHandler.h:operator()():40|Received RabbitMqMessage Roche.MolLab.InstrumentState.Ping. Content: {"Timestamp":"2026-09-22T08:57:28.6741282Z","PingId":"IS55"}[EOL]
[2026-09-22T08:57:28.687783Z][RH.newgen-rackhandler][I][844444436][155]UnitCommunicator.cpp:SendEvent():424|Publishing event: type=Roche.c68_8800.RackHandler.Echo correlation_id=(n/a)[EOL]
[2026-09-22T08:57:28.687810Z][RH.newgen-rackhandler][I][2560017][155]MessageSender.h:SendEvent():105|Sent RabbitMqEvent Roche.c68_8800.RackHandler.Echo. Content: {"Timestamp":"2026-09-22T08:57:28.687776Z","PingId":"IS55"}[EOL]
[2026-09-22T08:57:30.568342Z][RH.newgen-samplerecognitioncamera][W][2330306][137]CRTCyclicEvent.cpp:TimeMissed():101|Cycle miss in event CCSICombinedCmdManager Cyclic Event. Time Overrun is 4235 us[EOL]
[2026-09-22T08:57:30.568667Z][RH.newgen-samplerecognitioncamera][W][2330306][137]CRTCyclicEvent.cpp:TimeMissed():101|Cycle miss in event CCSICombinedRepManager. Time Overrun is 4235 us[EOL]
[2026-09-22T08:57:37.276133Z][RH.newgen-samplerecognitioncamera][W][2330306][137]CRTCyclicEvent.cpp:TimeMissed():101|Cycle miss in event CCSICombinedCmdManager Cyclic Event. Time Overrun is 2018 us[EOL]
[2026-09-22T08:57:37.276176Z][RH.newgen-samplerecognitioncamera][W][2330306][137]CRTCyclicEvent.cpp:TimeMissed():101|Cycle miss in event CCSICombinedRepManager. Time Overrun is 2018 us[EOL]
[2026-09-22T08:57:37.394942Z][RH.transfer-xyz-gripper][W][2330306][136]CRTCyclicEvent.cpp:TimeMissed():101|Cycle miss in event CCSICombinedCmdManager Cyclic Event. Time Overrun is 25695 us[EOL]
[2026-09-22T08:57:37.394994Z][RH.transfer-xyz-gripper][W][2330306][136]CRTCyclicEvent.cpp:TimeMissed():101|Cycle miss in event CCSICombinedRepManager. Time Overrun is 25695 us[EOL]
[2026-09-22T08:57:37.882386Z][RH.newgen-rackhandler][W][2330306][155]CRTCyclicEvent.cpp:TimeMissed():101|Cycle miss in event CCSICombinedCmdManager Cyclic Event. Time Overrun is 3156 us[EOL]
[2026-09-22T08:57:37.882528Z][RH.transfer-xyz-gripper][W][2330306][136]CRTCyclicEvent.cpp:TimeMissed():101|Cycle miss in event CCSICombinedCmdManager Cyclic Event. Time Overrun is 3280 us[EOL]
[2026-09-22T08:57:37.931704Z][RH.newgen-samplerecognitioncamera][W][2330306][137]CRTCyclicEvent.cpp:TimeMissed():101|Cycle miss in event CCSICombinedCmdManager Cyclic Event. Time Overrun is 27594 us[EOL]
[2026-09-22T08:57:37.931742Z][RH.newgen-samplerecognitioncamera][W][2330306][137]CRTCyclicEvent.cpp:TimeMissed():101|Cycle miss in event CCSICombinedRepManager. Time Overrun is 27594 us[EOL]
[2026-09-22T08:57:37.883349Z][RH.transfer-xyz-gripper][W][2330306][136]CRTCyclicEvent.cpp:TimeMissed():101|Cycle miss in event CCSICombinedRepManager. Time Overrun is 3280 us[EOL]
[2026-09-22T08:57:38.003586Z][RH.transfer-xyz-gripper][W][2330306][136]CRTCyclicEvent.cpp:TimeMissed():101|Cycle miss in event CCSICombinedCmdManager Cyclic Event. Time Overrun is 4333 us[EOL]
[2026-09-22T08:57:38.003645Z][RH.transfer-xyz-gripper][W][2330306][136]CRTCyclicEvent.cpp:TimeMissed():101|Cycle miss in event CCSICombinedRepManager. Time Overrun is 4333 us[EOL]
[2026-09-22T08:57:38.997637Z][RH.newgen-samplerecognitioncamera][W][2330306][137]CRTCyclicEvent.cpp:TimeMissed():101|Cycle miss in event CCSICombinedCmdManager Cyclic Event. Time Overrun is 3527 us[EOL]
[2026-09-22T08:57:38.997687Z][RH.newgen-samplerecognitioncamera][W][2330306][137]CRTCyclicEvent.cpp:TimeMissed():101|Cycle miss in event CCSICombinedRepManager. Time Overrun is 3527 us[EOL]
[2026-09-22T08:57:39.007537Z][RH.transfer-xyz-gripper][W][2330306][136]CRTCyclicEvent.cpp:TimeMissed():101|Cycle miss in event CCSICombinedCmdManager Cyclic Event. Time Overrun is 18288 us[EOL]
[2026-09-22T08:57:39.007574Z][RH.transfer-xyz-gripper][W][2330306][136]CRTCyclicEvent.cpp:TimeMissed():101|Cycle miss in event CCSICombinedRepManager. Time Overrun is 18288 us[EOL]
[2026-09-22T08:57:39.182309Z][RH.newgen-rackhandler][W][2330306][155]CRTCyclicEvent.cpp:TimeMissed():101|Cycle miss in event CCSICombinedCmdManager Cyclic Event. Time Overrun is 2854 us[EOL]
[2026-09-22T08:57:39.679111Z][RH.newgen-rackhandler][W][2330306][155]CRTCyclicEvent.cpp:TimeMissed():101|Cycle miss in event CCSICombinedCmdManager Cyclic Event. Time Overrun is 9859 us[EOL]
[2026-09-22T08:57:39.778795Z][RH.newgen-samplerecognitioncamera][W][2330306][137]CRTCyclicEvent.cpp:TimeMissed():101|Cycle miss in event CCSICombinedCmdManager Cyclic Event. Time Overrun is 4684 us[EOL]
[2026-09-22T08:57:39.778833Z][RH.newgen-samplerecognitioncamera][W][2330306][137]CRTCyclicEvent.cpp:TimeMissed():101|Cycle miss in event CCSICombinedRepManager. Time Overrun is 4684 us[EOL]
[2026-09-22T08:57:39.801690Z][RH.transfer-xyz-gripper][W][2330306][136]CRTCyclicEvent.cpp:TimeMissed():101|Cycle miss in event CCSICombinedCmdManager Cyclic Event. Time Overrun is 2434 us[EOL]
[2026-09-22T08:57:39.801761Z][RH.transfer-xyz-gripper][W][2330306][136]CRTCyclicEvent.cpp:TimeMissed():101|Cycle miss in event CCSICombinedRepManager. Time Overrun is 2434 us[EOL]
[2026-09-22T08:57:41.473728Z][RH.transfer-xyz-gripper][W][2330306][136]CRTCyclicEvent.cpp:TimeMissed():101|Cycle miss in event CCSICombinedCmdManager Cyclic Event. Time Overrun is 4454 us[EOL]
[2026-09-22T08:57:41.473773Z][RH.transfer-xyz-gripper][W][2330306][136]CRTCyclicEvent.cpp:TimeMissed():101|Cycle miss in event CCSICombinedRepManager. Time Overrun is 4454 us[EOL]
[2026-09-22T08:57:41.465126Z][RH.newgen-samplerecognitioncamera][W][2330306][137]CRTCyclicEvent.cpp:TimeMissed():101|Cycle miss in event CCSICombinedCmdManager Cyclic Event. Time Overrun is 937 us[EOL]
[2026-09-22T08:57:41.465322Z][RH.newgen-samplerecognitioncamera][W][2330306][137]CRTCyclicEvent.cpp:TimeMissed():101|Cycle miss in event CCSICombinedRepManager. Time Overrun is 937 us[EOL]
[2026-09-22T08:57:45.292702Z][RH.newgen-rackhandler][W][2330306][155]CRTCyclicEvent.cpp:TimeMissed():101|Cycle miss in event CCSICombinedCmdManager Cyclic Event. Time Overrun is 3411 us[EOL]
[2026-09-22T08:57:57.848130Z][RH.newgen-samplerecognitioncamera][W][2330306][137]CRTCyclicEvent.cpp:TimeMissed():101|Cycle miss in event CCSICombinedCmdManager Cyclic Event. Time Overrun is 4017 us[EOL]
[2026-09-22T08:57:57.848170Z][RH.newgen-samplerecognitioncamera][W][2330306][137]CRTCyclicEvent.cpp:TimeMissed():101|Cycle miss in event CCSICombinedRepManager. Time Overrun is 4017 us[EOL]
[2026-09-22T08:57:58.501120Z][RH.transfer-xyz-gripper][W][2330306][136]CRTCyclicEvent.cpp:TimeMissed():101|Cycle miss in event CCSICombinedCmdManager Cyclic Event. Time Overrun is 11872 us[EOL]
[2026-09-22T08:57:58.501151Z][RH.transfer-xyz-gripper][W][2330306][136]CRTCyclicEvent.cpp:TimeMissed():101|Cycle miss in event CCSICombinedRepManager. Time Overrun is 11872 us[EOL]
[2026-09-22T08:57:58.504651Z][RH.newgen-samplerecognitioncamera][W][2330306][137]CRTCyclicEvent.cpp:TimeMissed():101|Cycle miss in event CCSICombinedCmdManager Cyclic Event. Time Overrun is 541 us[EOL]
[2026-09-22T08:57:58.504691Z][RH.newgen-samplerecognitioncamera][W][2330306][137]CRTCyclicEvent.cpp:TimeMissed():101|Cycle miss in event CCSICombinedRepManager. Time Overrun is 541 us[EOL]
[2026-09-22T08:57:58.508220Z][RH.newgen-rackhandler][W][2330306][155]CRTCyclicEvent.cpp:TimeMissed():101|Cycle miss in event CCSICombinedCmdManager Cyclic Event. Time Overrun is 18992 us[EOL]
[2026-09-22T08:57:58.676778Z][RH.newgen-rackhandler][I][2560016][155]IMessageHandler.h:operator()():40|Received RabbitMqMessage Roche.MolLab.InstrumentState.Ping. Content: {"Timestamp":"2026-09-22T08:57:58.6733836Z","PingId":"IS56"}[EOL]
[2026-09-22T08:57:58.676818Z][RH.newgen-rackhandler][I][844444436][155]UnitCommunicator.cpp:SendEvent():424|Publishing event: type=Roche.c68_8800.RackHandler.Echo correlation_id=(n/a)[EOL]
[2026-09-22T08:57:58.676985Z][RH.newgen-rackhandler][I][2560017][155]MessageSender.h:SendEvent():105|Sent RabbitMqEvent Roche.c68_8800.RackHandler.Echo. Content: {"Timestamp":"2026-09-22T08:57:58.676812Z","PingId":"IS56"}[EOL]
[2026-09-22T08:58:02.535499Z][RH.transfer-xyz-gripper][W][2330306][136]CRTCyclicEvent.cpp:TimeMissed():101|Cycle miss in event CCSICombinedCmdManager Cyclic Event. Time Overrun is 6249 us[EOL]
[2026-09-22T08:58:02.535546Z][RH.transfer-xyz-gripper][W][2330306][136]CRTCyclicEvent.cpp:TimeMissed():101|Cycle miss in event CCSICombinedRepManager. Time Overrun is 6249 us[EOL]
[2026-09-22T08:58:02.529953Z][RH.newgen-rackhandler][W][2330306][155]CRTCyclicEvent.cpp:TimeMissed():101|Cycle miss in event CCSICombinedCmdManager Cyclic Event. Time Overrun is 728 us[EOL]
[2026-09-22T08:58:04.665203Z][RH.newgen-samplerecognitioncamera][W][2330306][137]CRTCyclicEvent.cpp:TimeMissed():101|Cycle miss in event CCSICombinedCmdManager Cyclic Event. Time Overrun is 1092 us[EOL]
[2026-09-22T08:58:04.665236Z][RH.newgen-samplerecognitioncamera][W][2330306][137]CRTCyclicEvent.cpp:TimeMissed():101|Cycle miss in event CCSICombinedRepManager. Time Overrun is 1092 us[EOL]
[2026-09-22T08:58:04.664433Z][RH.transfer-xyz-gripper][W][2330306][136]CRTCyclicEvent.cpp:TimeMissed():101|Cycle miss in event CCSICombinedCmdManager Cyclic Event. Time Overrun is 5187 us[EOL]
[2026-09-22T08:58:04.664455Z][RH.transfer-xyz-gripper][W][2330306][136]CRTCyclicEvent.cpp:TimeMissed():101|Cycle miss in event CCSICombinedRepManager. Time Overrun is 5187 us[EOL]
[2026-09-22T08:58:04.668446Z][RH.newgen-rackhandler][W][2330306][155]CRTCyclicEvent.cpp:TimeMissed():101|Cycle miss in event CCSICombinedCmdManager Cyclic Event. Time Overrun is 9216 us[EOL]
[2026-09-22T08:58:11.325852Z][RH.newgen-rackhandler][W][2330306][155]CRTCyclicEvent.cpp:TimeMissed():101|Cycle miss in event CCSICombinedCmdManager Cyclic Event. Time Overrun is 16623 us[EOL]
[2026-09-22T08:58:11.324710Z][RH.transfer-xyz-gripper][W][2330306][136]CRTCyclicEvent.cpp:TimeMissed():101|Cycle miss in event CCSICombinedCmdManager Cyclic Event. Time Overrun is 15461 us[EOL]
[2026-09-22T08:58:11.324747Z][RH.transfer-xyz-gripper][W][2330306][136]CRTCyclicEvent.cpp:TimeMissed():101|Cycle miss in event CCSICombinedRepManager. Time Overrun is 15461 us[EOL]
[2026-09-22T08:58:11.324693Z][RH.newgen-samplerecognitioncamera][W][2330306][137]CRTCyclicEvent.cpp:TimeMissed():101|Cycle miss in event CCSICombinedCmdManager Cyclic Event. Time Overrun is 10583 us[EOL]
[2026-09-22T08:58:11.324740Z][RH.newgen-samplerecognitioncamera][W][2330306][137]CRTCyclicEvent.cpp:TimeMissed():101|Cycle miss in event CCSICombinedRepManager. Time Overrun is 10583 us[EOL]
[2026-09-22T08:58:19.466169Z][RH.newgen-samplerecognitioncamera][W][2330306][137]CRTCyclicEvent.cpp:TimeMissed():101|Cycle miss in event CCSICombinedCmdManager Cyclic Event. Time Overrun is 2059 us[EOL]
[2026-09-22T08:58:19.466447Z][RH.newgen-samplerecognitioncamera][W][2330306][137]CRTCyclicEvent.cpp:TimeMissed():101|Cycle miss in event CCSICombinedRepManager. Time Overrun is 2059 us[EOL]
[2026-09-22T08:58:24.292346Z][RH.newgen-samplerecognitioncamera][W][2330306][137]CRTCyclicEvent.cpp:TimeMissed():101|Cycle miss in event CCSICombinedCmdManager Cyclic Event. Time Overrun is 8239 us[EOL]
[2026-09-22T08:58:24.292044Z][RH.newgen-rackhandler][W][2330306][155]CRTCyclicEvent.cpp:TimeMissed():101|Cycle miss in event CCSICombinedCmdManager Cyclic Event. Time Overrun is 2819 us[EOL]
[2026-09-22T08:58:24.292367Z][RH.newgen-samplerecognitioncamera][W][2330306][137]CRTCyclicEvent.cpp:TimeMissed():101|Cycle miss in event CCSICombinedRepManager. Time Overrun is 8239 us[EOL]
[2026-09-22T08:58:24.292912Z][RH.transfer-xyz-gripper][W][2330306][136]CRTCyclicEvent.cpp:TimeMissed():101|Cycle miss in event CCSICombinedCmdManager Cyclic Event. Time Overrun is 3667 us[EOL]
[2026-09-22T08:58:24.292932Z][RH.transfer-xyz-gripper][W][2330306][136]CRTCyclicEvent.cpp:TimeMissed():101|Cycle miss in event CCSICombinedRepManager. Time Overrun is 3667 us[EOL]
[2026-09-22T08:58:24.420488Z][RH.newgen-rackhandler][W][2330306][155]CRTCyclicEvent.cpp:TimeMissed():101|Cycle miss in event CCSICombinedCmdManager Cyclic Event. Time Overrun is 1263 us[EOL]
[2026-09-22T08:58:24.420246Z][RH.transfer-xyz-gripper][W][2330306][136]CRTCyclicEvent.cpp:TimeMissed():101|Cycle miss in event CCSICombinedCmdManager Cyclic Event. Time Overrun is 1000 us[EOL]
[2026-09-22T08:58:24.420271Z][RH.transfer-xyz-gripper][W][2330306][136]CRTCyclicEvent.cpp:TimeMissed():101|Cycle miss in event CCSICombinedRepManager. Time Overrun is 1000 us[EOL]
[2026-09-22T08:58:24.769756Z][RH.transfer-xyz-gripper][W][2330306][136]CRTCyclicEvent.cpp:TimeMissed():101|Cycle miss in event CCSICombinedCmdManager Cyclic Event. Time Overrun is 10511 us[EOL]
[2026-09-22T08:58:24.770255Z][RH.newgen-rackhandler][W][2330306][155]CRTCyclicEvent.cpp:TimeMissed():101|Cycle miss in event CCSICombinedCmdManager Cyclic Event. Time Overrun is 11024 us[EOL]
[2026-09-22T08:58:24.769755Z][RH.newgen-samplerecognitioncamera][W][2330306][137]CRTCyclicEvent.cpp:TimeMissed():101|Cycle miss in event CCSICombinedCmdManager Cyclic Event. Time Overrun is 15646 us[EOL]
[2026-09-22T08:58:24.769775Z][RH.newgen-samplerecognitioncamera][W][2330306][137]CRTCyclicEvent.cpp:TimeMissed():101|Cycle miss in event CCSICombinedRepManager. Time Overrun is 15646 us[EOL]
[2026-09-22T08:58:24.769776Z][RH.transfer-xyz-gripper][W][2330306][136]CRTCyclicEvent.cpp:TimeMissed():101|Cycle miss in event CCSICombinedRepManager. Time Overrun is 10511 us[EOL]
[2026-09-22T08:58:28.718247Z][RH.newgen-rackhandler][I][2560016][155]IMessageHandler.h:operator()():40|Received RabbitMqMessage Roche.MolLab.InstrumentState.Ping. Content: {"Timestamp":"2026-09-22T08:58:28.6745984Z","PingId":"IS57"}[EOL]
[2026-09-22T08:58:28.718294Z][RH.newgen-rackhandler][I][844444436][155]UnitCommunicator.cpp:SendEvent():424|Publishing event: type=Roche.c68_8800.RackHandler.Echo correlation_id=(n/a)[EOL]
[2026-09-22T08:58:28.718418Z][RH.newgen-rackhandler][I][2560017][155]MessageSender.h:SendEvent():105|Sent RabbitMqEvent Roche.c68_8800.RackHandler.Echo. Content: {"Timestamp":"2026-09-22T08:58:28.718286Z","PingId":"IS57"}[EOL]
[2026-09-22T08:58:28.777916Z][RH.newgen-samplerecognitioncamera][W][2330306][137]CRTCyclicEvent.cpp:TimeMissed():101|Cycle miss in event CCSICombinedCmdManager Cyclic Event. Time Overrun is 3792 us[EOL]
[2026-09-22T08:58:28.777937Z][RH.newgen-samplerecognitioncamera][W][2330306][137]CRTCyclicEvent.cpp:TimeMissed():101|Cycle miss in event CCSICombinedRepManager. Time Overrun is 3792 us[EOL]
[2026-09-22T08:58:29.574258Z][RH.newgen-samplerecognitioncamera][W][2330306][137]CRTCyclicEvent.cpp:TimeMissed():101|Cycle miss in event CCSICombinedCmdManager Cyclic Event. Time Overrun is 150 us[EOL]
[2026-09-22T08:58:29.573113Z][RH.transfer-xyz-gripper][W][2330306][136]CRTCyclicEvent.cpp:TimeMissed():101|Cycle miss in event CCSICombinedCmdManager Cyclic Event. Time Overrun is 3867 us[EOL]
[2026-09-22T08:58:29.574294Z][RH.newgen-samplerecognitioncamera][W][2330306][137]CRTCyclicEvent.cpp:TimeMissed():101|Cycle miss in event CCSICombinedRepManager. Time Overrun is 150 us[EOL]
[2026-09-22T08:58:29.573150Z][RH.transfer-xyz-gripper][W][2330306][136]CRTCyclicEvent.cpp:TimeMissed():101|Cycle miss in event CCSICombinedRepManager. Time Overrun is 3867 us[EOL]
[2026-09-22T08:58:29.573503Z][RH.newgen-rackhandler][W][2330306][155]CRTCyclicEvent.cpp:TimeMissed():101|Cycle miss in event CCSICombinedCmdManager Cyclic Event. Time Overrun is 4275 us[EOL]
[2026-09-22T08:58:37.059989Z][RH.transfer-xyz-gripper][W][2330306][136]CRTCyclicEvent.cpp:TimeMissed():101|Cycle miss in event CCSICombinedCmdManager Cyclic Event. Time Overrun is 739 us[EOL]
[2026-09-22T08:58:37.059829Z][RH.newgen-rackhandler][W][2330306][155]CRTCyclicEvent.cpp:TimeMissed():101|Cycle miss in event CCSICombinedCmdManager Cyclic Event. Time Overrun is 601 us[EOL]
[2026-09-22T08:58:37.060033Z][RH.transfer-xyz-gripper][W][2330306][136]CRTCyclicEvent.cpp:TimeMissed():101|Cycle miss in event CCSICombinedRepManager. Time Overrun is 739 us[EOL]
[2026-09-22T08:58:39.213452Z][RH.newgen-rackhandler][W][2330306][155]CRTCyclicEvent.cpp:TimeMissed():101|Cycle miss in event CCSICombinedCmdManager Cyclic Event. Time Overrun is 4226 us[EOL]
[2026-09-22T08:58:39.900923Z][RH.transfer-xyz-gripper][W][2330306][136]CRTCyclicEvent.cpp:TimeMissed():101|Cycle miss in event CCSICombinedCmdManager Cyclic Event. Time Overrun is 1676 us[EOL]
[2026-09-22T08:58:39.900958Z][RH.transfer-xyz-gripper][W][2330306][136]CRTCyclicEvent.cpp:TimeMissed():101|Cycle miss in event CCSICombinedRepManager. Time Overrun is 1676 us[EOL]
[2026-09-22T08:58:39.901143Z][RH.newgen-rackhandler][W][2330306][155]CRTCyclicEvent.cpp:TimeMissed():101|Cycle miss in event CCSICombinedCmdManager Cyclic Event. Time Overrun is 1912 us[EOL]
[2026-09-22T08:58:41.439904Z][RH.newgen-rackhandler][W][2330306][155]CRTCyclicEvent.cpp:TimeMissed():101|Cycle miss in event CCSICombinedCmdManager Cyclic Event. Time Overrun is 10677 us[EOL]
[2026-09-22T08:58:41.440375Z][RH.newgen-samplerecognitioncamera][W][2330306][137]CRTCyclicEvent.cpp:TimeMissed():101|Cycle miss in event CCSICombinedCmdManager Cyclic Event. Time Overrun is 6267 us[EOL]
[2026-09-22T08:58:41.440065Z][RH.transfer-xyz-gripper][W][2330306][136]CRTCyclicEvent.cpp:TimeMissed():101|Cycle miss in event CCSICombinedCmdManager Cyclic Event. Time Overrun is 10817 us[EOL]
[2026-09-22T08:58:41.440402Z][RH.newgen-samplerecognitioncamera][W][2330306][137]CRTCyclicEvent.cpp:TimeMissed():101|Cycle miss in event CCSICombinedRepManager. Time Overrun is 6267 us[EOL]
[2026-09-22T08:58:41.440094Z][RH.transfer-xyz-gripper][W][2330306][136]CRTCyclicEvent.cpp:TimeMissed():101|Cycle miss in event CCSICombinedRepManager. Time Overrun is 10817 us[EOL]
[2026-09-22T08:58:54.370815Z][RH.newgen-rackhandler][W][2330306][155]CRTCyclicEvent.cpp:TimeMissed():101|Cycle miss in event CCSICombinedCmdManager Cyclic Event. Time Overrun is 1587 us[EOL]
[2026-09-22T08:58:54.371396Z][RH.transfer-xyz-gripper][W][2330306][136]CRTCyclicEvent.cpp:TimeMissed():101|Cycle miss in event CCSICombinedCmdManager Cyclic Event. Time Overrun is 2149 us[EOL]
[2026-09-22T08:58:54.371425Z][RH.transfer-xyz-gripper][W][2330306][136]CRTCyclicEvent.cpp:TimeMissed():101|Cycle miss in event CCSICombinedRepManager. Time Overrun is 2149 us[EOL]
[2026-09-22T08:58:56.639967Z][RH.newgen-rackhandler][W][2330306][155]CRTCyclicEvent.cpp:TimeMissed():101|Cycle miss in event CCSICombinedCmdManager Cyclic Event. Time Overrun is 741 us[EOL]
[2026-09-22T08:58:56.642444Z][RH.transfer-xyz-gripper][W][2330306][136]CRTCyclicEvent.cpp:TimeMissed():101|Cycle miss in event CCSICombinedCmdManager Cyclic Event. Time Overrun is 3192 us[EOL]
[2026-09-22T08:58:56.642625Z][RH.transfer-xyz-gripper][W][2330306][136]CRTCyclicEvent.cpp:TimeMissed():101|Cycle miss in event CCSICombinedRepManager. Time Overrun is 3192 us[EOL]
[2026-09-22T08:58:57.831009Z][RH.newgen-rackhandler][W][2330306][155]CRTCyclicEvent.cpp:TimeMissed():101|Cycle miss in event CCSICombinedCmdManager Cyclic Event. Time Overrun is 1779 us[EOL]
[2026-09-22T08:58:58.219687Z][RH.newgen-samplerecognitioncamera][W][2330306][137]CRTCyclicEvent.cpp:TimeMissed():101|Cycle miss in event CCSICombinedCmdManager Cyclic Event. Time Overrun is 15580 us[EOL]
[2026-09-22T08:58:58.219746Z][RH.newgen-samplerecognitioncamera][W][2330306][137]CRTCyclicEvent.cpp:TimeMissed():101|Cycle miss in event CCSICombinedRepManager. Time Overrun is 15580 us[EOL]
[2026-09-22T08:58:58.220401Z][RH.newgen-rackhandler][W][2330306][155]CRTCyclicEvent.cpp:TimeMissed():101|Cycle miss in event CCSICombinedCmdManager Cyclic Event. Time Overrun is 11174 us[EOL]
[2026-09-22T08:58:58.222131Z][RH.transfer-xyz-gripper][W][2330306][136]CRTCyclicEvent.cpp:TimeMissed():101|Cycle miss in event CCSICombinedCmdManager Cyclic Event. Time Overrun is 12883 us[EOL]
[2026-09-22T08:58:58.222181Z][RH.transfer-xyz-gripper][W][2330306][136]CRTCyclicEvent.cpp:TimeMissed():101|Cycle miss in event CCSICombinedRepManager. Time Overrun is 12883 us[EOL]
[2026-09-22T08:58:58.682914Z][RH.newgen-rackhandler][I][2560016][155]IMessageHandler.h:operator()():40|Received RabbitMqMessage Roche.MolLab.InstrumentState.Ping. Content: {"Timestamp":"2026-09-22T08:58:58.6735955Z","PingId":"IS58"}[EOL]
[2026-09-22T08:58:58.683012Z][RH.newgen-rackhandler][I][844444436][155]UnitCommunicator.cpp:SendEvent():424|Publishing event: type=Roche.c68_8800.RackHandler.Echo correlation_id=(n/a)[EOL]
[2026-09-22T08:58:58.683060Z][RH.newgen-rackhandler][I][2560017][155]MessageSender.h:SendEvent():105|Sent RabbitMqEvent Roche.c68_8800.RackHandler.Echo. Content: {"Timestamp":"2026-09-22T08:58:58.682986Z","PingId":"IS58"}[EOL]
[2026-09-22T08:59:07.367360Z][RH.newgen-samplerecognitioncamera][W][2330306][137]CRTCyclicEvent.cpp:TimeMissed():101|Cycle miss in event CCSICombinedCmdManager Cyclic Event. Time Overrun is 3251 us[EOL]
[2026-09-22T08:59:07.373299Z][RH.transfer-xyz-gripper][W][2330306][136]CRTCyclicEvent.cpp:TimeMissed():101|Cycle miss in event CCSICombinedCmdManager Cyclic Event. Time Overrun is 4051 us[EOL]
[2026-09-22T08:59:07.371112Z][RH.newgen-rackhandler][W][2330306][155]CRTCyclicEvent.cpp:TimeMissed():101|Cycle miss in event CCSICombinedCmdManager Cyclic Event. Time Overrun is 1885 us[EOL]
[2026-09-22T08:59:07.373339Z][RH.transfer-xyz-gripper][W][2330306][136]CRTCyclicEvent.cpp:TimeMissed():101|Cycle miss in event CCSICombinedRepManager. Time Overrun is 4051 us[EOL]
[2026-09-22T08:59:07.373359Z][RH.newgen-samplerecognitioncamera][W][2330306][137]CRTCyclicEvent.cpp:TimeMissed():101|Cycle miss in event CCSICombinedRepManager. Time Overrun is 3251 us[EOL]
[2026-09-22T08:59:15.491888Z][RH.newgen-rackhandler][W][2330306][155]CRTCyclicEvent.cpp:TimeMissed():101|Cycle miss in event CCSICombinedCmdManager Cyclic Event. Time Overrun is 2650 us[EOL]
[2026-09-22T08:59:15.495050Z][RH.transfer-xyz-gripper][W][2330306][136]CRTCyclicEvent.cpp:TimeMissed():101|Cycle miss in event CCSICombinedCmdManager Cyclic Event. Time Overrun is 5802 us[EOL]
[2026-09-22T08:59:15.495183Z][RH.transfer-xyz-gripper][W][2330306][136]CRTCyclicEvent.cpp:TimeMissed():101|Cycle miss in event CCSICombinedRepManager. Time Overrun is 5802 us[EOL]
[2026-09-22T08:59:15.491702Z][RH.newgen-samplerecognitioncamera][W][2330306][137]CRTCyclicEvent.cpp:TimeMissed():101|Cycle miss in event CCSICombinedCmdManager Cyclic Event. Time Overrun is 7593 us[EOL]
[2026-09-22T08:59:15.491733Z][RH.newgen-samplerecognitioncamera][W][2330306][137]CRTCyclicEvent.cpp:TimeMissed():101|Cycle miss in event CCSICombinedRepManager. Time Overrun is 7593 us[EOL]
[2026-09-22T08:59:16.054113Z][RH.newgen-rackhandler][W][2330306][155]CRTCyclicEvent.cpp:TimeMissed():101|Cycle miss in event CCSICombinedCmdManager Cyclic Event. Time Overrun is 4874 us[EOL]
[2026-09-22T08:59:16.053060Z][RH.transfer-xyz-gripper][W][2330306][136]CRTCyclicEvent.cpp:TimeMissed():101|Cycle miss in event CCSICombinedCmdManager Cyclic Event. Time Overrun is 3812 us[EOL]
[2026-09-22T08:59:16.054306Z][RH.newgen-samplerecognitioncamera][W][2330306][137]CRTCyclicEvent.cpp:TimeMissed():101|Cycle miss in event CCSICombinedCmdManager Cyclic Event. Time Overrun is 196 us[EOL]
[2026-09-22T08:59:16.054337Z][RH.newgen-samplerecognitioncamera][W][2330306][137]CRTCyclicEvent.cpp:TimeMissed():101|Cycle miss in event CCSICombinedRepManager. Time Overrun is 196 us[EOL]
[2026-09-22T08:59:16.053101Z][RH.transfer-xyz-gripper][W][2330306][136]CRTCyclicEvent.cpp:TimeMissed():101|Cycle miss in event CCSICombinedRepManager. Time Overrun is 3812 us[EOL]
[2026-09-22T08:59:26.554785Z][RH.newgen-samplerecognitioncamera][W][2330306][137]CRTCyclicEvent.cpp:TimeMissed():101|Cycle miss in event CCSICombinedCmdManager Cyclic Event. Time Overrun is 668 us[EOL]
[2026-09-22T08:59:26.554370Z][RH.transfer-xyz-gripper][W][2330306][136]CRTCyclicEvent.cpp:TimeMissed():101|Cycle miss in event CCSICombinedCmdManager Cyclic Event. Time Overrun is 5123 us[EOL]
[2026-09-22T08:59:26.554400Z][RH.transfer-xyz-gripper][W][2330306][136]CRTCyclicEvent.cpp:TimeMissed():101|Cycle miss in event CCSICombinedRepManager. Time Overrun is 5123 us[EOL]
[2026-09-22T08:59:26.554348Z][RH.newgen-rackhandler][W][2330306][155]CRTCyclicEvent.cpp:TimeMissed():101|Cycle miss in event CCSICombinedCmdManager Cyclic Event. Time Overrun is 5120 us[EOL]
[2026-09-22T08:59:26.554830Z][RH.newgen-samplerecognitioncamera][W][2330306][137]CRTCyclicEvent.cpp:TimeMissed():101|Cycle miss in event CCSICombinedRepManager. Time Overrun is 668 us[EOL]
[2026-09-22T08:59:28.684841Z][RH.newgen-rackhandler][I][2560016][155]IMessageHandler.h:operator()():40|Received RabbitMqMessage Roche.MolLab.InstrumentState.Ping. Content: {"Timestamp":"2026-09-22T08:59:28.6758101Z","PingId":"IS59"}[EOL]
[2026-09-22T08:59:28.684937Z][RH.newgen-rackhandler][I][844444436][155]UnitCommunicator.cpp:SendEvent():424|Publishing event: type=Roche.c68_8800.RackHandler.Echo correlation_id=(n/a)[EOL]
[2026-09-22T08:59:28.684969Z][RH.newgen-rackhandler][I][2560017][155]MessageSender.h:SendEvent():105|Sent RabbitMqEvent Roche.c68_8800.RackHandler.Echo. Content: {"Timestamp":"2026-09-22T08:59:28.684923Z","PingId":"IS59"}[EOL]
[2026-09-22T08:59:30.972182Z][RH.newgen-samplerecognitioncamera][W][2330306][137]CRTCyclicEvent.cpp:TimeMissed():101|Cycle miss in event CCSICombinedCmdManager Cyclic Event. Time Overrun is 18071 us[EOL]
[2026-09-22T08:59:30.972224Z][RH.newgen-samplerecognitioncamera][W][2330306][137]CRTCyclicEvent.cpp:TimeMissed():101|Cycle miss in event CCSICombinedRepManager. Time Overrun is 18071 us[EOL]
[2026-09-22T08:59:30.972999Z][RH.newgen-rackhandler][W][2330306][155]CRTCyclicEvent.cpp:TimeMissed():101|Cycle miss in event CCSICombinedCmdManager Cyclic Event. Time Overrun is 13768 us[EOL]
[2026-09-22T08:59:30.973133Z][RH.transfer-xyz-gripper][W][2330306][136]CRTCyclicEvent.cpp:TimeMissed():101|Cycle miss in event CCSICombinedCmdManager Cyclic Event. Time Overrun is 13882 us[EOL]
[2026-09-22T08:59:30.973186Z][RH.transfer-xyz-gripper][W][2330306][136]CRTCyclicEvent.cpp:TimeMissed():101|Cycle miss in event CCSICombinedRepManager. Time Overrun is 13882 us[EOL]
[2026-09-22T08:59:31.330656Z][RH.newgen-rackhandler][W][2330306][155]CRTCyclicEvent.cpp:TimeMissed():101|Cycle miss in event CCSICombinedCmdManager Cyclic Event. Time Overrun is 1427 us[EOL]
[2026-09-22T08:59:31.329269Z][RH.transfer-xyz-gripper][W][2330306][136]CRTCyclicEvent.cpp:TimeMissed():101|Cycle miss in event CCSICombinedCmdManager Cyclic Event. Time Overrun is 23 us[EOL]
[2026-09-22T08:59:31.328703Z][RH.newgen-samplerecognitioncamera][W][2330306][137]CRTCyclicEvent.cpp:TimeMissed():101|Cycle miss in event CCSICombinedCmdManager Cyclic Event. Time Overrun is 4595 us[EOL]
[2026-09-22T08:59:31.329293Z][RH.transfer-xyz-gripper][W][2330306][136]CRTCyclicEvent.cpp:TimeMissed():101|Cycle miss in event CCSICombinedRepManager. Time Overrun is 23 us[EOL]
[2026-09-22T08:59:31.328730Z][RH.newgen-samplerecognitioncamera][W][2330306][137]CRTCyclicEvent.cpp:TimeMissed():101|Cycle miss in event CCSICombinedRepManager. Time Overrun is 4595 us[EOL]
[2026-09-22T08:59:37.929808Z][RH.newgen-samplerecognitioncamera][W][2330306][137]CRTCyclicEvent.cpp:TimeMissed():101|Cycle miss in event CCSICombinedCmdManager Cyclic Event. Time Overrun is 5701 us[EOL]
[2026-09-22T08:59:37.929824Z][RH.newgen-rackhandler][W][2330306][155]CRTCyclicEvent.cpp:TimeMissed():101|Cycle miss in event CCSICombinedCmdManager Cyclic Event. Time Overrun is 597 us[EOL]
[2026-09-22T08:59:37.930121Z][RH.transfer-xyz-gripper][W][2330306][136]CRTCyclicEvent.cpp:TimeMissed():101|Cycle miss in event CCSICombinedCmdManager Cyclic Event. Time Overrun is 875 us[EOL]
[2026-09-22T08:59:37.929834Z][RH.newgen-samplerecognitioncamera][W][2330306][137]CRTCyclicEvent.cpp:TimeMissed():101|Cycle miss in event CCSICombinedRepManager. Time Overrun is 5701 us[EOL]
[2026-09-22T08:59:37.930166Z][RH.transfer-xyz-gripper][W][2330306][136]CRTCyclicEvent.cpp:TimeMissed():101|Cycle miss in event CCSICombinedRepManager. Time Overrun is 875 us[EOL]
[2026-09-22T08:59:48.780999Z][RH.newgen-rackhandler][W][2330306][155]CRTCyclicEvent.cpp:TimeMissed():101|Cycle miss in event CCSICombinedCmdManager Cyclic Event. Time Overrun is 1768 us[EOL]
[2026-09-22T08:59:48.780848Z][RH.transfer-xyz-gripper][W][2330306][136]CRTCyclicEvent.cpp:TimeMissed():101|Cycle miss in event CCSICombinedCmdManager Cyclic Event. Time Overrun is 1599 us[EOL]
[2026-09-22T08:59:48.780881Z][RH.transfer-xyz-gripper][W][2330306][136]CRTCyclicEvent.cpp:TimeMissed():101|Cycle miss in event CCSICombinedRepManager. Time Overrun is 1599 us[EOL]
[2026-09-22T08:59:58.697894Z][RH.newgen-rackhandler][I][2560016][155]IMessageHandler.h:operator()():40|Received RabbitMqMessage Roche.MolLab.InstrumentState.Ping. Content: {"Timestamp":"2026-09-22T08:59:58.6747518Z","PingId":"IS60"}[EOL]
[2026-09-22T08:59:58.697941Z][RH.newgen-rackhandler][I][844444436][155]UnitCommunicator.cpp:SendEvent():424|Publishing event: type=Roche.c68_8800.RackHandler.Echo correlation_id=(n/a)[EOL]
[2026-09-22T08:59:58.697971Z][RH.newgen-rackhandler][I][2560017][155]MessageSender.h:SendEvent():105|Sent RabbitMqEvent Roche.c68_8800.RackHandler.Echo. Content: {"Timestamp":"2026-09-22T08:59:58.697935Z","PingId":"IS60"}[EOL]
[2026-09-22T09:00:02.846500Z][RH.newgen-samplerecognitioncamera][W][2330306][137]CRTCyclicEvent.cpp:TimeMissed():101|Cycle miss in event CCSICombinedCmdManager Cyclic Event. Time Overrun is 2394 us[EOL]
[2026-09-22T09:00:02.846522Z][RH.newgen-samplerecognitioncamera][W][2330306][137]CRTCyclicEvent.cpp:TimeMissed():101|Cycle miss in event CCSICombinedRepManager. Time Overrun is 2394 us[EOL]
[2026-09-22T09:00:04.350613Z][RH.transfer-xyz-gripper][W][2330306][136]CRTCyclicEvent.cpp:TimeMissed():101|Cycle miss in event CCSICombinedCmdManager Cyclic Event. Time Overrun is 1366 us[EOL]
[2026-09-22T09:00:04.350415Z][RH.newgen-samplerecognitioncamera][W][2330306][137]CRTCyclicEvent.cpp:TimeMissed():101|Cycle miss in event CCSICombinedCmdManager Cyclic Event. Time Overrun is 6307 us[EOL]
[2026-09-22T09:00:04.350448Z][RH.newgen-samplerecognitioncamera][W][2330306][137]CRTCyclicEvent.cpp:TimeMissed():101|Cycle miss in event CCSICombinedRepManager. Time Overrun is 6307 us[EOL]
[2026-09-22T09:00:04.349684Z][RH.newgen-rackhandler][W][2330306][155]CRTCyclicEvent.cpp:TimeMissed():101|Cycle miss in event CCSICombinedCmdManager Cyclic Event. Time Overrun is 453 us[EOL]
[2026-09-22T09:00:04.350644Z][RH.transfer-xyz-gripper][W][2330306][136]CRTCyclicEvent.cpp:TimeMissed():101|Cycle miss in event CCSICombinedRepManager. Time Overrun is 1366 us[EOL]
[2026-09-22T09:00:06.570440Z][RH.transfer-xyz-gripper][W][2330306][136]CRTCyclicEvent.cpp:TimeMissed():101|Cycle miss in event CCSICombinedCmdManager Cyclic Event. Time Overrun is 11195 us[EOL]
[2026-09-22T09:00:06.570464Z][RH.transfer-xyz-gripper][W][2330306][136]CRTCyclicEvent.cpp:TimeMissed():101|Cycle miss in event CCSICombinedRepManager. Time Overrun is 11195 us[EOL]
[2026-09-22T09:00:10.157538Z][RH.newgen-samplerecognitioncamera][W][2330306][137]CRTCyclicEvent.cpp:TimeMissed():101|Cycle miss in event CCSICombinedCmdManager Cyclic Event. Time Overrun is 3431 us[EOL]
[2026-09-22T09:00:10.157597Z][RH.newgen-samplerecognitioncamera][W][2330306][137]CRTCyclicEvent.cpp:TimeMissed():101|Cycle miss in event CCSICombinedRepManager. Time Overrun is 3431 us[EOL]
[2026-09-22T09:00:13.532267Z][RH.transfer-xyz-gripper][W][2330306][136]CRTCyclicEvent.cpp:TimeMissed():101|Cycle miss in event CCSICombinedCmdManager Cyclic Event. Time Overrun is 3007 us[EOL]
[2026-09-22T09:00:13.532303Z][RH.transfer-xyz-gripper][W][2330306][136]CRTCyclicEvent.cpp:TimeMissed():101|Cycle miss in event CCSICombinedRepManager. Time Overrun is 3007 us[EOL]
[2026-09-22T09:00:13.531981Z][RH.newgen-rackhandler][W][2330306][155]CRTCyclicEvent.cpp:TimeMissed():101|Cycle miss in event CCSICombinedCmdManager Cyclic Event. Time Overrun is 2748 us[EOL]
[2026-09-22T09:00:16.808351Z][RH.transfer-xyz-gripper][W][2330306][136]CRTCyclicEvent.cpp:TimeMissed():101|Cycle miss in event CCSICombinedCmdManager Cyclic Event. Time Overrun is 29100 us[EOL]
[2026-09-22T09:00:16.808166Z][RH.newgen-samplerecognitioncamera][W][2330306][137]CRTCyclicEvent.cpp:TimeMissed():101|Cycle miss in event CCSICombinedCmdManager Cyclic Event. Time Overrun is 34051 us[EOL]
[2026-09-22T09:00:16.808387Z][RH.transfer-xyz-gripper][W][2330306][136]CRTCyclicEvent.cpp:TimeMissed():101|Cycle miss in event CCSICombinedRepManager. Time Overrun is 29100 us[EOL]
[2026-09-22T09:00:16.808203Z][RH.newgen-samplerecognitioncamera][W][2330306][137]CRTCyclicEvent.cpp:TimeMissed():101|Cycle miss in event CCSICombinedRepManager. Time Overrun is 34051 us[EOL]
[2026-09-22T09:00:22.840697Z][RH.transfer-xyz-gripper][W][2330306][136]CRTCyclicEvent.cpp:TimeMissed():101|Cycle miss in event CCSICombinedCmdManager Cyclic Event. Time Overrun is 21449 us[EOL]
[2026-09-22T09:00:22.840727Z][RH.transfer-xyz-gripper][W][2330306][136]CRTCyclicEvent.cpp:TimeMissed():101|Cycle miss in event CCSICombinedRepManager. Time Overrun is 21449 us[EOL]
[2026-09-22T09:00:22.843263Z][RH.newgen-rackhandler][W][2330306][155]CRTCyclicEvent.cpp:TimeMissed():101|Cycle miss in event CCSICombinedCmdManager Cyclic Event. Time Overrun is 24033 us[EOL]
[2026-09-22T09:00:22.842719Z][RH.newgen-samplerecognitioncamera][W][2330306][137]CRTCyclicEvent.cpp:TimeMissed():101|Cycle miss in event CCSICombinedCmdManager Cyclic Event. Time Overrun is 28607 us[EOL]
[2026-09-22T09:00:22.842758Z][RH.newgen-samplerecognitioncamera][W][2330306][137]CRTCyclicEvent.cpp:TimeMissed():101|Cycle miss in event CCSICombinedRepManager. Time Overrun is 28607 us[EOL]
[2026-09-22T09:00:28.683272Z][RH.newgen-rackhandler][I][2560016][155]IMessageHandler.h:operator()():40|Received RabbitMqMessage Roche.MolLab.InstrumentState.Ping. Content: {"Timestamp":"2026-09-22T09:00:28.6746669Z","PingId":"IS61"}[EOL]
[2026-09-22T09:00:28.683306Z][RH.newgen-rackhandler][I][844444436][155]UnitCommunicator.cpp:SendEvent():424|Publishing event: type=Roche.c68_8800.RackHandler.Echo correlation_id=(n/a)[EOL]
[2026-09-22T09:00:28.683504Z][RH.newgen-rackhandler][I][2560017][155]MessageSender.h:SendEvent():105|Sent RabbitMqEvent Roche.c68_8800.RackHandler.Echo. Content: {"Timestamp":"2026-09-22T09:00:28.683301Z","PingId":"IS61"}[EOL]
[2026-09-22T09:00:33.981014Z][RH.newgen-rackhandler][W][2330306][155]CRTCyclicEvent.cpp:TimeMissed():101|Cycle miss in event CCSICombinedCmdManager Cyclic Event. Time Overrun is 1777 us[EOL]
[2026-09-22T09:00:33.987919Z][RH.newgen-samplerecognitioncamera][W][2330306][137]CRTCyclicEvent.cpp:TimeMissed():101|Cycle miss in event CCSICombinedCmdManager Cyclic Event. Time Overrun is 3804 us[EOL]
[2026-09-22T09:00:33.987961Z][RH.newgen-samplerecognitioncamera][W][2330306][137]CRTCyclicEvent.cpp:TimeMissed():101|Cycle miss in event CCSICombinedRepManager. Time Overrun is 3804 us[EOL]
[2026-09-22T09:00:33.987386Z][RH.transfer-xyz-gripper][W][2330306][136]CRTCyclicEvent.cpp:TimeMissed():101|Cycle miss in event CCSICombinedCmdManager Cyclic Event. Time Overrun is 8138 us[EOL]
[2026-09-22T09:00:33.987435Z][RH.transfer-xyz-gripper][W][2330306][136]CRTCyclicEvent.cpp:TimeMissed():101|Cycle miss in event CCSICombinedRepManager. Time Overrun is 8138 us[EOL]
[2026-09-22T09:00:35.851188Z][RH.newgen-rackhandler][W][2330306][155]CRTCyclicEvent.cpp:TimeMissed():101|Cycle miss in event CCSICombinedCmdManager Cyclic Event. Time Overrun is 1958 us[EOL]
[2026-09-22T09:00:35.850812Z][RH.newgen-samplerecognitioncamera][W][2330306][137]CRTCyclicEvent.cpp:TimeMissed():101|Cycle miss in event CCSICombinedCmdManager Cyclic Event. Time Overrun is 6703 us[EOL]
[2026-09-22T09:00:35.850850Z][RH.newgen-samplerecognitioncamera][W][2330306][137]CRTCyclicEvent.cpp:TimeMissed():101|Cycle miss in event CCSICombinedRepManager. Time Overrun is 6703 us[EOL]
[2026-09-22T09:00:36.051551Z][RH.newgen-rackhandler][W][2330306][155]CRTCyclicEvent.cpp:TimeMissed():101|Cycle miss in event CCSICombinedCmdManager Cyclic Event. Time Overrun is 12323 us[EOL]
[2026-09-22T09:00:36.050656Z][RH.transfer-xyz-gripper][W][2330306][136]CRTCyclicEvent.cpp:TimeMissed():101|Cycle miss in event CCSICombinedCmdManager Cyclic Event. Time Overrun is 21407 us[EOL]
[2026-09-22T09:00:36.050694Z][RH.transfer-xyz-gripper][W][2330306][136]CRTCyclicEvent.cpp:TimeMissed():101|Cycle miss in event CCSICombinedRepManager. Time Overrun is 21407 us[EOL]
[2026-09-22T09:00:36.047382Z][RH.newgen-samplerecognitioncamera][W][2330306][137]CRTCyclicEvent.cpp:TimeMissed():101|Cycle miss in event CCSICombinedCmdManager Cyclic Event. Time Overrun is 13273 us[EOL]
[2026-09-22T09:00:36.047414Z][RH.newgen-samplerecognitioncamera][W][2330306][137]CRTCyclicEvent.cpp:TimeMissed():101|Cycle miss in event CCSICombinedRepManager. Time Overrun is 13273 us[EOL]
[2026-09-22T09:00:42.874367Z][RH.newgen-samplerecognitioncamera][W][2330306][137]CRTCyclicEvent.cpp:TimeMissed():101|Cycle miss in event CCSICombinedCmdManager Cyclic Event. Time Overrun is 258 us[EOL]
[2026-09-22T09:00:42.881520Z][RH.transfer-xyz-gripper][W][2330306][136]CRTCyclicEvent.cpp:TimeMissed():101|Cycle miss in event CCSICombinedCmdManager Cyclic Event. Time Overrun is 2270 us[EOL]
[2026-09-22T09:00:42.874408Z][RH.newgen-samplerecognitioncamera][W][2330306][137]CRTCyclicEvent.cpp:TimeMissed():101|Cycle miss in event CCSICombinedRepManager. Time Overrun is 258 us[EOL]
[2026-09-22T09:00:42.881559Z][RH.transfer-xyz-gripper][W][2330306][136]CRTCyclicEvent.cpp:TimeMissed():101|Cycle miss in event CCSICombinedRepManager. Time Overrun is 2270 us[EOL]
[2026-09-22T09:00:43.872593Z][RH.newgen-rackhandler][W][2330306][155]CRTCyclicEvent.cpp:TimeMissed():101|Cycle miss in event CCSICombinedCmdManager Cyclic Event. Time Overrun is 3364 us[EOL]
[2026-09-22T09:00:43.871980Z][RH.transfer-xyz-gripper][W][2330306][136]CRTCyclicEvent.cpp:TimeMissed():101|Cycle miss in event CCSICombinedCmdManager Cyclic Event. Time Overrun is 2730 us[EOL]
[2026-09-22T09:00:43.872018Z][RH.transfer-xyz-gripper][W][2330306][136]CRTCyclicEvent.cpp:TimeMissed():101|Cycle miss in event CCSICombinedRepManager. Time Overrun is 2730 us[EOL]
[2026-09-22T09:00:47.109614Z][RH.transfer-xyz-gripper][W][2330306][136]CRTCyclicEvent.cpp:TimeMissed():101|Cycle miss in event CCSICombinedCmdManager Cyclic Event. Time Overrun is 348 us[EOL]
[2026-09-22T09:00:47.109664Z][RH.transfer-xyz-gripper][W][2330306][136]CRTCyclicEvent.cpp:TimeMissed():101|Cycle miss in event CCSICombinedRepManager. Time Overrun is 348 us[EOL]
[2026-09-22T09:00:47.822768Z][RH.transfer-xyz-gripper][W][2330306][136]CRTCyclicEvent.cpp:TimeMissed():101|Cycle miss in event CCSICombinedCmdManager Cyclic Event. Time Overrun is 3520 us[EOL]
[2026-09-22T09:00:47.831368Z][RH.newgen-rackhandler][W][2330306][155]CRTCyclicEvent.cpp:TimeMissed():101|Cycle miss in event CCSICombinedCmdManager Cyclic Event. Time Overrun is 12139 us[EOL]
[2026-09-22T09:00:47.851549Z][RH.newgen-samplerecognitioncamera][W][2330306][137]CRTCyclicEvent.cpp:TimeMissed():101|Cycle miss in event CCSICombinedCmdManager Cyclic Event. Time Overrun is 37439 us[EOL]
[2026-09-22T09:00:47.851589Z][RH.newgen-samplerecognitioncamera][W][2330306][137]CRTCyclicEvent.cpp:TimeMissed():101|Cycle miss in event CCSICombinedRepManager. Time Overrun is 37439 us[EOL]
[2026-09-22T09:00:47.823405Z][RH.transfer-xyz-gripper][W][2330306][136]CRTCyclicEvent.cpp:TimeMissed():101|Cycle miss in event CCSICombinedRepManager. Time Overrun is 3520 us[EOL]
[2026-09-22T09:00:47.997047Z][RH.newgen-samplerecognitioncamera][W][2330306][137]CRTCyclicEvent.cpp:TimeMissed():101|Cycle miss in event CCSICombinedCmdManager Cyclic Event. Time Overrun is 2936 us[EOL]
[2026-09-22T09:00:47.997084Z][RH.newgen-samplerecognitioncamera][W][2330306][137]CRTCyclicEvent.cpp:TimeMissed():101|Cycle miss in event CCSICombinedRepManager. Time Overrun is 2936 us[EOL]
[2026-09-22T09:00:48.008260Z][RH.newgen-rackhandler][W][2330306][155]CRTCyclicEvent.cpp:TimeMissed():101|Cycle miss in event CCSICombinedCmdManager Cyclic Event. Time Overrun is 9030 us[EOL]
[2026-09-22T09:00:48.154925Z][RH.newgen-rackhandler][W][2330306][155]CRTCyclicEvent.cpp:TimeMissed():101|Cycle miss in event CCSICombinedCmdManager Cyclic Event. Time Overrun is 5694 us[EOL]
[2026-09-22T09:00:48.155614Z][RH.newgen-samplerecognitioncamera][W][2330306][137]CRTCyclicEvent.cpp:TimeMissed():101|Cycle miss in event CCSICombinedCmdManager Cyclic Event. Time Overrun is 1504 us[EOL]
[2026-09-22T09:00:48.155653Z][RH.newgen-samplerecognitioncamera][W][2330306][137]CRTCyclicEvent.cpp:TimeMissed():101|Cycle miss in event CCSICombinedRepManager. Time Overrun is 1504 us[EOL]
[2026-09-22T09:00:48.534125Z][RH.newgen-samplerecognitioncamera][W][2330306][137]CRTCyclicEvent.cpp:TimeMissed():101|Cycle miss in event CCSICombinedCmdManager Cyclic Event. Time Overrun is 14 us[EOL]
[2026-09-22T09:00:48.534387Z][RH.newgen-samplerecognitioncamera][W][2330306][137]CRTCyclicEvent.cpp:TimeMissed():101|Cycle miss in event CCSICombinedRepManager. Time Overrun is 14 us[EOL]
[2026-09-22T09:00:48.533936Z][RH.newgen-rackhandler][W][2330306][155]CRTCyclicEvent.cpp:TimeMissed():101|Cycle miss in event CCSICombinedCmdManager Cyclic Event. Time Overrun is 4702 us[EOL]
[2026-09-22T09:00:48.542467Z][RH.transfer-xyz-gripper][W][2330306][136]CRTCyclicEvent.cpp:TimeMissed():101|Cycle miss in event CCSICombinedCmdManager Cyclic Event. Time Overrun is 13218 us[EOL]
[2026-09-22T09:00:48.542507Z][RH.transfer-xyz-gripper][W][2330306][136]CRTCyclicEvent.cpp:TimeMissed():101|Cycle miss in event CCSICombinedRepManager. Time Overrun is 13218 us[EOL]
[2026-09-22T09:00:55.312556Z][RH.transfer-xyz-gripper][W][2330306][136]CRTCyclicEvent.cpp:TimeMissed():101|Cycle miss in event CCSICombinedCmdManager Cyclic Event. Time Overrun is 3297 us[EOL]
[2026-09-22T09:00:55.312609Z][RH.transfer-xyz-gripper][W][2330306][136]CRTCyclicEvent.cpp:TimeMissed():101|Cycle miss in event CCSICombinedRepManager. Time Overrun is 3297 us[EOL]
[2026-09-22T09:00:56.079978Z][RH.transfer-xyz-gripper][W][2330306][136]CRTCyclicEvent.cpp:TimeMissed():101|Cycle miss in event CCSICombinedCmdManager Cyclic Event. Time Overrun is 724 us[EOL]
[2026-09-22T09:00:56.080032Z][RH.transfer-xyz-gripper][W][2330306][136]CRTCyclicEvent.cpp:TimeMissed():101|Cycle miss in event CCSICombinedRepManager. Time Overrun is 724 us[EOL]
[2026-09-22T09:00:56.093978Z][RH.newgen-rackhandler][W][2330306][155]CRTCyclicEvent.cpp:TimeMissed():101|Cycle miss in event CCSICombinedCmdManager Cyclic Event. Time Overrun is 14747 us[EOL]
[2026-09-22T09:00:56.103554Z][RH.newgen-samplerecognitioncamera][W][2330306][137]CRTCyclicEvent.cpp:TimeMissed():101|Cycle miss in event CCSICombinedCmdManager Cyclic Event. Time Overrun is 19443 us[EOL]
[2026-09-22T09:00:56.103603Z][RH.newgen-samplerecognitioncamera][W][2330306][137]CRTCyclicEvent.cpp:TimeMissed():101|Cycle miss in event CCSICombinedRepManager. Time Overrun is 19443 us[EOL]
[2026-09-22T09:00:56.995106Z][RH.newgen-rackhandler][W][2330306][155]CRTCyclicEvent.cpp:TimeMissed():101|Cycle miss in event CCSICombinedCmdManager Cyclic Event. Time Overrun is 5876 us[EOL]
[2026-09-22T09:00:56.995113Z][RH.transfer-xyz-gripper][W][2330306][136]CRTCyclicEvent.cpp:TimeMissed():101|Cycle miss in event CCSICombinedCmdManager Cyclic Event. Time Overrun is 5862 us[EOL]
[2026-09-22T09:00:56.995365Z][RH.transfer-xyz-gripper][W][2330306][136]CRTCyclicEvent.cpp:TimeMissed():101|Cycle miss in event CCSICombinedRepManager. Time Overrun is 5862 us[EOL]
[2026-09-22T09:00:56.991959Z][RH.newgen-samplerecognitioncamera][W][2330306][137]CRTCyclicEvent.cpp:TimeMissed():101|Cycle miss in event CCSICombinedCmdManager Cyclic Event. Time Overrun is 7837 us[EOL]
[2026-09-22T09:00:56.992141Z][RH.newgen-samplerecognitioncamera][W][2330306][137]CRTCyclicEvent.cpp:TimeMissed():101|Cycle miss in event CCSICombinedRepManager. Time Overrun is 7837 us[EOL]
[2026-09-22T09:00:57.140234Z][RH.newgen-samplerecognitioncamera][W][2330306][137]CRTCyclicEvent.cpp:TimeMissed():101|Cycle miss in event CCSICombinedCmdManager Cyclic Event. Time Overrun is 6119 us[EOL]
[2026-09-22T09:00:57.140301Z][RH.newgen-samplerecognitioncamera][W][2330306][137]CRTCyclicEvent.cpp:TimeMissed():101|Cycle miss in event CCSICombinedRepManager. Time Overrun is 6119 us[EOL]
[2026-09-22T09:00:57.204201Z][RH.newgen-rackhandler][W][2330306][155]CRTCyclicEvent.cpp:TimeMissed():101|Cycle miss in event CCSICombinedCmdManager Cyclic Event. Time Overrun is 44972 us[EOL]
[2026-09-22T09:00:57.847903Z][RH.newgen-rackhandler][W][2330306][155]CRTCyclicEvent.cpp:TimeMissed():101|Cycle miss in event CCSICombinedCmdManager Cyclic Event. Time Overrun is 8672 us[EOL]
[2026-09-22T09:00:57.848330Z][RH.transfer-xyz-gripper][W][2330306][136]CRTCyclicEvent.cpp:TimeMissed():101|Cycle miss in event CCSICombinedCmdManager Cyclic Event. Time Overrun is 9081 us[EOL]
[2026-09-22T09:00:57.848979Z][RH.newgen-samplerecognitioncamera][W][2330306][137]CRTCyclicEvent.cpp:TimeMissed():101|Cycle miss in event CCSICombinedCmdManager Cyclic Event. Time Overrun is 4869 us[EOL]
[2026-09-22T09:00:57.848377Z][RH.transfer-xyz-gripper][W][2330306][136]CRTCyclicEvent.cpp:TimeMissed():101|Cycle miss in event CCSICombinedRepManager. Time Overrun is 9081 us[EOL]
[2026-09-22T09:00:57.849019Z][RH.newgen-samplerecognitioncamera][W][2330306][137]CRTCyclicEvent.cpp:TimeMissed():101|Cycle miss in event CCSICombinedRepManager. Time Overrun is 4869 us[EOL]
[2026-09-22T09:00:58.685391Z][RH.newgen-rackhandler][I][2560016][155]IMessageHandler.h:operator()():40|Received RabbitMqMessage Roche.MolLab.InstrumentState.Ping. Content: {"Timestamp":"2026-09-22T09:00:58.6773751Z","PingId":"IS62"}[EOL]
[2026-09-22T09:00:58.685471Z][RH.newgen-rackhandler][I][844444436][155]UnitCommunicator.cpp:SendEvent():424|Publishing event: type=Roche.c68_8800.RackHandler.Echo correlation_id=(n/a)[EOL]
[2026-09-22T09:00:58.685502Z][RH.newgen-rackhandler][I][2560017][155]MessageSender.h:SendEvent():105|Sent RabbitMqEvent Roche.c68_8800.RackHandler.Echo. Content: {"Timestamp":"2026-09-22T09:00:58.685462Z","PingId":"IS62"}[EOL]
[2026-09-22T09:00:58.808219Z][RH.newgen-rackhandler][W][2330306][155]CRTCyclicEvent.cpp:TimeMissed():101|Cycle miss in event CCSICombinedCmdManager Cyclic Event. Time Overrun is 8990 us[EOL]
[2026-09-22T09:00:58.844957Z][RH.newgen-samplerecognitioncamera][W][2330306][137]CRTCyclicEvent.cpp:TimeMissed():101|Cycle miss in event CCSICombinedCmdManager Cyclic Event. Time Overrun is 10824 us[EOL]
[2026-09-22T09:00:58.845013Z][RH.newgen-samplerecognitioncamera][W][2330306][137]CRTCyclicEvent.cpp:TimeMissed():101|Cycle miss in event CCSICombinedRepManager. Time Overrun is 10824 us[EOL]
[2026-09-22T09:00:59.581150Z][RH.newgen-samplerecognitioncamera][W][2330306][137]CRTCyclicEvent.cpp:TimeMissed():101|Cycle miss in event CCSICombinedCmdManager Cyclic Event. Time Overrun is 7039 us[EOL]
[2026-09-22T09:00:59.581222Z][RH.newgen-samplerecognitioncamera][W][2330306][137]CRTCyclicEvent.cpp:TimeMissed():101|Cycle miss in event CCSICombinedRepManager. Time Overrun is 7039 us[EOL]
[2026-09-22T09:01:00.225403Z][RH.newgen-samplerecognitioncamera][W][2330306][137]CRTCyclicEvent.cpp:TimeMissed():101|Cycle miss in event CCSICombinedCmdManager Cyclic Event. Time Overrun is 1295 us[EOL]
[2026-09-22T09:01:00.225430Z][RH.newgen-samplerecognitioncamera][W][2330306][137]CRTCyclicEvent.cpp:TimeMissed():101|Cycle miss in event CCSICombinedRepManager. Time Overrun is 1295 us[EOL]
[2026-09-22T09:01:00.224654Z][RH.newgen-rackhandler][W][2330306][155]CRTCyclicEvent.cpp:TimeMissed():101|Cycle miss in event CCSICombinedCmdManager Cyclic Event. Time Overrun is 5421 us[EOL]
[2026-09-22T09:01:11.369633Z][RH.transfer-xyz-gripper][W][2330306][136]CRTCyclicEvent.cpp:TimeMissed():101|Cycle miss in event CCSICombinedCmdManager Cyclic Event. Time Overrun is 373 us[EOL]
[2026-09-22T09:01:11.371788Z][RH.transfer-xyz-gripper][W][2330306][136]CRTCyclicEvent.cpp:TimeMissed():101|Cycle miss in event CCSICombinedRepManager. Time Overrun is 373 us[EOL]
[2026-09-22T09:01:11.371807Z][RH.newgen-rackhandler][W][2330306][155]CRTCyclicEvent.cpp:TimeMissed():101|Cycle miss in event CCSICombinedCmdManager Cyclic Event. Time Overrun is 2576 us[EOL]
[2026-09-22T09:01:12.307810Z][RH.newgen-samplerecognitioncamera][W][2330306][137]CRTCyclicEvent.cpp:TimeMissed():101|Cycle miss in event CCSICombinedCmdManager Cyclic Event. Time Overrun is 13693 us[EOL]
[2026-09-22T09:01:12.307993Z][RH.newgen-samplerecognitioncamera][W][2330306][137]CRTCyclicEvent.cpp:TimeMissed():101|Cycle miss in event CCSICombinedRepManager. Time Overrun is 13693 us[EOL]
[2026-09-22T09:01:21.906320Z][RH.newgen-samplerecognitioncamera][W][2330306][137]CRTCyclicEvent.cpp:TimeMissed():101|Cycle miss in event CCSICombinedCmdManager Cyclic Event. Time Overrun is 2210 us[EOL]
[2026-09-22T09:01:21.906356Z][RH.newgen-samplerecognitioncamera][W][2330306][137]CRTCyclicEvent.cpp:TimeMissed():101|Cycle miss in event CCSICombinedRepManager. Time Overrun is 2210 us[EOL]
[2026-09-22T09:01:28.679735Z][RH.newgen-rackhandler][I][2560016][155]IMessageHandler.h:operator()():40|Received RabbitMqMessage Roche.MolLab.InstrumentState.Ping. Content: {"Timestamp":"2026-09-22T09:01:28.6740293Z","PingId":"IS63"}[EOL]
[2026-09-22T09:01:28.679863Z][RH.newgen-rackhandler][I][844444436][155]UnitCommunicator.cpp:SendEvent():424|Publishing event: type=Roche.c68_8800.RackHandler.Echo correlation_id=(n/a)[EOL]
[2026-09-22T09:01:28.679935Z][RH.newgen-rackhandler][I][2560017][155]MessageSender.h:SendEvent():105|Sent RabbitMqEvent Roche.c68_8800.RackHandler.Echo. Content: {"Timestamp":"2026-09-22T09:01:28.679843Z","PingId":"IS63"}[EOL]
[2026-09-22T09:01:28.772698Z][RH.newgen-rackhandler][W][2330306][155]CRTCyclicEvent.cpp:TimeMissed():101|Cycle miss in event CCSICombinedCmdManager Cyclic Event. Time Overrun is 23470 us[EOL]
[2026-09-22T09:01:30.072194Z][RH.transfer-xyz-gripper][W][2330306][136]CRTCyclicEvent.cpp:TimeMissed():101|Cycle miss in event CCSICombinedCmdManager Cyclic Event. Time Overrun is 2946 us[EOL]
[2026-09-22T09:01:30.071770Z][RH.newgen-rackhandler][W][2330306][155]CRTCyclicEvent.cpp:TimeMissed():101|Cycle miss in event CCSICombinedCmdManager Cyclic Event. Time Overrun is 2536 us[EOL]
[2026-09-22T09:01:30.072241Z][RH.transfer-xyz-gripper][W][2330306][136]CRTCyclicEvent.cpp:TimeMissed():101|Cycle miss in event CCSICombinedRepManager. Time Overrun is 2946 us[EOL]
[2026-09-22T09:01:38.102181Z][RH.transfer-xyz-gripper][W][2330306][136]CRTCyclicEvent.cpp:TimeMissed():101|Cycle miss in event CCSICombinedCmdManager Cyclic Event. Time Overrun is 2932 us[EOL]
[2026-09-22T09:01:38.102214Z][RH.transfer-xyz-gripper][W][2330306][136]CRTCyclicEvent.cpp:TimeMissed():101|Cycle miss in event CCSICombinedRepManager. Time Overrun is 2932 us[EOL]
[2026-09-22T09:01:50.070278Z][RH.newgen-rackhandler][W][2330306][155]CRTCyclicEvent.cpp:TimeMissed():101|Cycle miss in event CCSICombinedCmdManager Cyclic Event. Time Overrun is 21049 us[EOL]
[2026-09-22T09:01:50.071756Z][RH.transfer-xyz-gripper][W][2330306][136]CRTCyclicEvent.cpp:TimeMissed():101|Cycle miss in event CCSICombinedCmdManager Cyclic Event. Time Overrun is 22504 us[EOL]
[2026-09-22T09:01:50.071796Z][RH.transfer-xyz-gripper][W][2330306][136]CRTCyclicEvent.cpp:TimeMissed():101|Cycle miss in event CCSICombinedRepManager. Time Overrun is 22504 us[EOL]
[2026-09-22T09:01:50.069687Z][RH.newgen-samplerecognitioncamera][W][2330306][137]CRTCyclicEvent.cpp:TimeMissed():101|Cycle miss in event CCSICombinedCmdManager Cyclic Event. Time Overrun is 25579 us[EOL]
[2026-09-22T09:01:50.069712Z][RH.newgen-samplerecognitioncamera][W][2330306][137]CRTCyclicEvent.cpp:TimeMissed():101|Cycle miss in event CCSICombinedRepManager. Time Overrun is 25579 us[EOL]
[2026-09-22T09:01:54.267407Z][RH.transfer-xyz-gripper][W][2330306][136]CRTCyclicEvent.cpp:TimeMissed():101|Cycle miss in event CCSICombinedCmdManager Cyclic Event. Time Overrun is 18156 us[EOL]
[2026-09-22T09:01:54.267439Z][RH.transfer-xyz-gripper][W][2330306][136]CRTCyclicEvent.cpp:TimeMissed():101|Cycle miss in event CCSICombinedRepManager. Time Overrun is 18156 us[EOL]
[2026-09-22T09:01:54.266655Z][RH.newgen-rackhandler][W][2330306][155]CRTCyclicEvent.cpp:TimeMissed():101|Cycle miss in event CCSICombinedCmdManager Cyclic Event. Time Overrun is 17426 us[EOL]
[2026-09-22T09:01:54.267631Z][RH.newgen-samplerecognitioncamera][W][2330306][137]CRTCyclicEvent.cpp:TimeMissed():101|Cycle miss in event CCSICombinedCmdManager Cyclic Event. Time Overrun is 13523 us[EOL]
[2026-09-22T09:01:54.267658Z][RH.newgen-samplerecognitioncamera][W][2330306][137]CRTCyclicEvent.cpp:TimeMissed():101|Cycle miss in event CCSICombinedRepManager. Time Overrun is 13523 us[EOL]
[2026-09-22T09:01:58.570308Z][RH.transfer-xyz-gripper][W][2330306][136]CRTCyclicEvent.cpp:TimeMissed():101|Cycle miss in event CCSICombinedCmdManager Cyclic Event. Time Overrun is 1062 us[EOL]
[2026-09-22T09:01:58.570331Z][RH.transfer-xyz-gripper][W][2330306][136]CRTCyclicEvent.cpp:TimeMissed():101|Cycle miss in event CCSICombinedRepManager. Time Overrun is 1062 us[EOL]
[2026-09-22T09:01:58.678984Z][RH.newgen-rackhandler][I][2560016][155]IMessageHandler.h:operator()():40|Received RabbitMqMessage Roche.MolLab.InstrumentState.Ping. Content: {"Timestamp":"2026-09-22T09:01:58.6740698Z","PingId":"IS64"}[EOL]
[2026-09-22T09:01:58.679025Z][RH.newgen-rackhandler][I][844444436][155]UnitCommunicator.cpp:SendEvent():424|Publishing event: type=Roche.c68_8800.RackHandler.Echo correlation_id=(n/a)[EOL]
[2026-09-22T09:01:58.679044Z][RH.newgen-rackhandler][I][2560017][155]MessageSender.h:SendEvent():105|Sent RabbitMqEvent Roche.c68_8800.RackHandler.Echo. Content: {"Timestamp":"2026-09-22T09:01:58.679019Z","PingId":"IS64"}[EOL]
[2026-09-22T09:02:02.472479Z][RH.transfer-xyz-gripper][W][2330306][136]CRTCyclicEvent.cpp:TimeMissed():101|Cycle miss in event CCSICombinedCmdManager Cyclic Event. Time Overrun is 3232 us[EOL]
[2026-09-22T09:02:02.470412Z][RH.newgen-rackhandler][W][2330306][155]CRTCyclicEvent.cpp:TimeMissed():101|Cycle miss in event CCSICombinedCmdManager Cyclic Event. Time Overrun is 1185 us[EOL]
[2026-09-22T09:02:02.472512Z][RH.transfer-xyz-gripper][W][2330306][136]CRTCyclicEvent.cpp:TimeMissed():101|Cycle miss in event CCSICombinedRepManager. Time Overrun is 3232 us[EOL]
[2026-09-22T09:02:02.850585Z][RH.transfer-xyz-gripper][W][2330306][136]CRTCyclicEvent.cpp:TimeMissed():101|Cycle miss in event CCSICombinedCmdManager Cyclic Event. Time Overrun is 1339 us[EOL]
[2026-09-22T09:02:02.850280Z][RH.newgen-rackhandler][W][2330306][155]CRTCyclicEvent.cpp:TimeMissed():101|Cycle miss in event CCSICombinedCmdManager Cyclic Event. Time Overrun is 1052 us[EOL]
[2026-09-22T09:02:02.850611Z][RH.transfer-xyz-gripper][W][2330306][136]CRTCyclicEvent.cpp:TimeMissed():101|Cycle miss in event CCSICombinedRepManager. Time Overrun is 1339 us[EOL]
[2026-09-22T09:02:06.791803Z][RH.transfer-xyz-gripper][W][2330306][136]CRTCyclicEvent.cpp:TimeMissed():101|Cycle miss in event CCSICombinedCmdManager Cyclic Event. Time Overrun is 12555 us[EOL]
[2026-09-22T09:02:06.791826Z][RH.transfer-xyz-gripper][W][2330306][136]CRTCyclicEvent.cpp:TimeMissed():101|Cycle miss in event CCSICombinedRepManager. Time Overrun is 12555 us[EOL]
[2026-09-22T09:02:06.792028Z][RH.newgen-samplerecognitioncamera][W][2330306][137]CRTCyclicEvent.cpp:TimeMissed():101|Cycle miss in event CCSICombinedCmdManager Cyclic Event. Time Overrun is 7922 us[EOL]
[2026-09-22T09:02:06.792056Z][RH.newgen-samplerecognitioncamera][W][2330306][137]CRTCyclicEvent.cpp:TimeMissed():101|Cycle miss in event CCSICombinedRepManager. Time Overrun is 7922 us[EOL]
[2026-09-22T09:02:11.322335Z][RH.newgen-rackhandler][W][2330306][155]CRTCyclicEvent.cpp:TimeMissed():101|Cycle miss in event CCSICombinedCmdManager Cyclic Event. Time Overrun is 3102 us[EOL]
[2026-09-22T09:02:11.324642Z][RH.transfer-xyz-gripper][W][2330306][136]CRTCyclicEvent.cpp:TimeMissed():101|Cycle miss in event CCSICombinedCmdManager Cyclic Event. Time Overrun is 5395 us[EOL]
[2026-09-22T09:02:11.324670Z][RH.transfer-xyz-gripper][W][2330306][136]CRTCyclicEvent.cpp:TimeMissed():101|Cycle miss in event CCSICombinedRepManager. Time Overrun is 5395 us[EOL]
[2026-09-22T09:02:22.270107Z][RH.transfer-xyz-gripper][W][2330306][136]CRTCyclicEvent.cpp:TimeMissed():101|Cycle miss in event CCSICombinedCmdManager Cyclic Event. Time Overrun is 10859 us[EOL]
[2026-09-22T09:02:22.270327Z][RH.newgen-rackhandler][W][2330306][155]CRTCyclicEvent.cpp:TimeMissed():101|Cycle miss in event CCSICombinedCmdManager Cyclic Event. Time Overrun is 11095 us[EOL]
[2026-09-22T09:02:22.270143Z][RH.transfer-xyz-gripper][W][2330306][136]CRTCyclicEvent.cpp:TimeMissed():101|Cycle miss in event CCSICombinedRepManager. Time Overrun is 10859 us[EOL]
[2026-09-22T09:02:22.270569Z][RH.newgen-samplerecognitioncamera][W][2330306][137]CRTCyclicEvent.cpp:TimeMissed():101|Cycle miss in event CCSICombinedCmdManager Cyclic Event. Time Overrun is 6458 us[EOL]
[2026-09-22T09:02:22.270608Z][RH.newgen-samplerecognitioncamera][W][2330306][137]CRTCyclicEvent.cpp:TimeMissed():101|Cycle miss in event CCSICombinedRepManager. Time Overrun is 6458 us[EOL]
[2026-09-22T09:02:28.686351Z][RH.newgen-rackhandler][I][2560016][155]IMessageHandler.h:operator()():40|Received RabbitMqMessage Roche.MolLab.InstrumentState.Ping. Content: {"Timestamp":"2026-09-22T09:02:28.6735358Z","PingId":"IS65"}[EOL]
[2026-09-22T09:02:28.686393Z][RH.newgen-rackhandler][I][844444436][155]UnitCommunicator.cpp:SendEvent():424|Publishing event: type=Roche.c68_8800.RackHandler.Echo correlation_id=(n/a)[EOL]
[2026-09-22T09:02:28.686413Z][RH.newgen-rackhandler][I][2560017][155]MessageSender.h:SendEvent():105|Sent RabbitMqEvent Roche.c68_8800.RackHandler.Echo. Content: {"Timestamp":"2026-09-22T09:02:28.686388Z","PingId":"IS65"}[EOL]
[2026-09-22T09:02:28.731783Z][RH.newgen-samplerecognitioncamera][W][2330306][137]CRTCyclicEvent.cpp:TimeMissed():101|Cycle miss in event CCSICombinedCmdManager Cyclic Event. Time Overrun is 7674 us[EOL]
[2026-09-22T09:02:28.731813Z][RH.newgen-samplerecognitioncamera][W][2330306][137]CRTCyclicEvent.cpp:TimeMissed():101|Cycle miss in event CCSICombinedRepManager. Time Overrun is 7674 us[EOL]
[2026-09-22T09:02:32.471074Z][RH.newgen-rackhandler][W][2330306][155]CRTCyclicEvent.cpp:TimeMissed():101|Cycle miss in event CCSICombinedCmdManager Cyclic Event. Time Overrun is 1850 us[EOL]
[2026-09-22T09:02:32.470807Z][RH.newgen-samplerecognitioncamera][W][2330306][137]CRTCyclicEvent.cpp:TimeMissed():101|Cycle miss in event CCSICombinedCmdManager Cyclic Event. Time Overrun is 6700 us[EOL]
[2026-09-22T09:02:32.470836Z][RH.newgen-samplerecognitioncamera][W][2330306][137]CRTCyclicEvent.cpp:TimeMissed():101|Cycle miss in event CCSICombinedRepManager. Time Overrun is 6700 us[EOL]
[2026-09-22T09:02:35.710582Z][RH.transfer-xyz-gripper][W][2330306][136]CRTCyclicEvent.cpp:TimeMissed():101|Cycle miss in event CCSICombinedCmdManager Cyclic Event. Time Overrun is 11336 us[EOL]
[2026-09-22T09:02:35.712720Z][RH.newgen-samplerecognitioncamera][W][2330306][137]CRTCyclicEvent.cpp:TimeMissed():101|Cycle miss in event CCSICombinedCmdManager Cyclic Event. Time Overrun is 8612 us[EOL]
[2026-09-22T09:02:35.712745Z][RH.newgen-samplerecognitioncamera][W][2330306][137]CRTCyclicEvent.cpp:TimeMissed():101|Cycle miss in event CCSICombinedRepManager. Time Overrun is 8612 us[EOL]
[2026-09-22T09:02:35.710621Z][RH.newgen-rackhandler][W][2330306][155]CRTCyclicEvent.cpp:TimeMissed():101|Cycle miss in event CCSICombinedCmdManager Cyclic Event. Time Overrun is 11395 us[EOL]
[2026-09-22T09:02:35.710606Z][RH.transfer-xyz-gripper][W][2330306][136]CRTCyclicEvent.cpp:TimeMissed():101|Cycle miss in event CCSICombinedRepManager. Time Overrun is 11336 us[EOL]
[2026-09-22T09:02:36.909528Z][RH.newgen-rackhandler][W][2330306][155]CRTCyclicEvent.cpp:TimeMissed():101|Cycle miss in event CCSICombinedCmdManager Cyclic Event. Time Overrun is 10301 us[EOL]
[2026-09-22T09:02:37.825400Z][RH.transfer-xyz-gripper][W][2330306][136]CRTCyclicEvent.cpp:TimeMissed():101|Cycle miss in event CCSICombinedCmdManager Cyclic Event. Time Overrun is 6149 us[EOL]
[2026-09-22T09:02:37.825432Z][RH.transfer-xyz-gripper][W][2330306][136]CRTCyclicEvent.cpp:TimeMissed():101|Cycle miss in event CCSICombinedRepManager. Time Overrun is 6149 us[EOL]
[2026-09-22T09:02:37.821730Z][RH.newgen-rackhandler][W][2330306][155]CRTCyclicEvent.cpp:TimeMissed():101|Cycle miss in event CCSICombinedCmdManager Cyclic Event. Time Overrun is 2492 us[EOL]
[2026-09-22T09:02:39.531403Z][RH.newgen-rackhandler][W][2330306][155]CRTCyclicEvent.cpp:TimeMissed():101|Cycle miss in event CCSICombinedCmdManager Cyclic Event. Time Overrun is 2175 us[EOL]
[2026-09-22T09:02:40.008840Z][RH.newgen-rackhandler][W][2330306][155]CRTCyclicEvent.cpp:TimeMissed():101|Cycle miss in event CCSICombinedCmdManager Cyclic Event. Time Overrun is 9613 us[EOL]
[2026-09-22T09:02:40.010509Z][RH.transfer-xyz-gripper][W][2330306][136]CRTCyclicEvent.cpp:TimeMissed():101|Cycle miss in event CCSICombinedCmdManager Cyclic Event. Time Overrun is 11262 us[EOL]
[2026-09-22T09:02:40.010539Z][RH.transfer-xyz-gripper][W][2330306][136]CRTCyclicEvent.cpp:TimeMissed():101|Cycle miss in event CCSICombinedRepManager. Time Overrun is 11262 us[EOL]
[2026-09-22T09:02:40.009284Z][RH.newgen-samplerecognitioncamera][W][2330306][137]CRTCyclicEvent.cpp:TimeMissed():101|Cycle miss in event CCSICombinedCmdManager Cyclic Event. Time Overrun is 5176 us[EOL]
[2026-09-22T09:02:40.009310Z][RH.newgen-samplerecognitioncamera][W][2330306][137]CRTCyclicEvent.cpp:TimeMissed():101|Cycle miss in event CCSICombinedRepManager. Time Overrun is 5176 us[EOL]
[2026-09-22T09:02:46.369343Z][RH.newgen-rackhandler][W][2330306][155]CRTCyclicEvent.cpp:TimeMissed():101|Cycle miss in event CCSICombinedCmdManager Cyclic Event. Time Overrun is 117 us[EOL]
[2026-09-22T09:02:47.840231Z][RH.transfer-xyz-gripper][W][2330306][136]CRTCyclicEvent.cpp:TimeMissed():101|Cycle miss in event CCSICombinedCmdManager Cyclic Event. Time Overrun is 985 us[EOL]
[2026-09-22T09:02:47.840276Z][RH.transfer-xyz-gripper][W][2330306][136]CRTCyclicEvent.cpp:TimeMissed():101|Cycle miss in event CCSICombinedRepManager. Time Overrun is 985 us[EOL]
[2026-09-22T09:02:49.024776Z][RH.newgen-rackhandler][W][2330306][155]CRTCyclicEvent.cpp:TimeMissed():101|Cycle miss in event CCSICombinedCmdManager Cyclic Event. Time Overrun is 5549 us[EOL]
[2026-09-22T09:02:49.024841Z][RH.newgen-samplerecognitioncamera][W][2330306][137]CRTCyclicEvent.cpp:TimeMissed():101|Cycle miss in event CCSICombinedCmdManager Cyclic Event. Time Overrun is 585 us[EOL]
[2026-09-22T09:02:49.024885Z][RH.newgen-samplerecognitioncamera][W][2330306][137]CRTCyclicEvent.cpp:TimeMissed():101|Cycle miss in event CCSICombinedRepManager. Time Overrun is 585 us[EOL]
[2026-09-22T09:02:49.021070Z][RH.transfer-xyz-gripper][W][2330306][136]CRTCyclicEvent.cpp:TimeMissed():101|Cycle miss in event CCSICombinedCmdManager Cyclic Event. Time Overrun is 1821 us[EOL]
[2026-09-22T09:02:49.021113Z][RH.transfer-xyz-gripper][W][2330306][136]CRTCyclicEvent.cpp:TimeMissed():101|Cycle miss in event CCSICombinedRepManager. Time Overrun is 1821 us[EOL]
[2026-09-22T09:02:52.176859Z][RH.newgen-rackhandler][W][2330306][155]CRTCyclicEvent.cpp:TimeMissed():101|Cycle miss in event CCSICombinedCmdManager Cyclic Event. Time Overrun is 17634 us[EOL]
[2026-09-22T09:02:52.182578Z][RH.newgen-samplerecognitioncamera][W][2330306][137]CRTCyclicEvent.cpp:TimeMissed():101|Cycle miss in event CCSICombinedCmdManager Cyclic Event. Time Overrun is 28467 us[EOL]
[2026-09-22T09:02:52.182936Z][RH.transfer-xyz-gripper][W][2330306][136]CRTCyclicEvent.cpp:TimeMissed():101|Cycle miss in event CCSICombinedCmdManager Cyclic Event. Time Overrun is 23691 us[EOL]
[2026-09-22T09:02:52.182957Z][RH.transfer-xyz-gripper][W][2330306][136]CRTCyclicEvent.cpp:TimeMissed():101|Cycle miss in event CCSICombinedRepManager. Time Overrun is 23691 us[EOL]
[2026-09-22T09:02:52.182607Z][RH.newgen-samplerecognitioncamera][W][2330306][137]CRTCyclicEvent.cpp:TimeMissed():101|Cycle miss in event CCSICombinedRepManager. Time Overrun is 28467 us[EOL]
[2026-09-22T09:02:58.686286Z][RH.newgen-rackhandler][I][2560016][155]IMessageHandler.h:operator()():40|Received RabbitMqMessage Roche.MolLab.InstrumentState.Ping. Content: {"Timestamp":"2026-09-22T09:02:58.675747Z","PingId":"IS66"}[EOL]
[2026-09-22T09:02:58.686336Z][RH.newgen-rackhandler][I][844444436][155]UnitCommunicator.cpp:SendEvent():424|Publishing event: type=Roche.c68_8800.RackHandler.Echo correlation_id=(n/a)[EOL]
[2026-09-22T09:02:58.686362Z][RH.newgen-rackhandler][I][2560017][155]MessageSender.h:SendEvent():105|Sent RabbitMqEvent Roche.c68_8800.RackHandler.Echo. Content: {"Timestamp":"2026-09-22T09:02:58.686329Z","PingId":"IS66"}[EOL]
[2026-09-22T09:03:16.426939Z][RH.newgen-rackhandler][W][2330306][155]CRTCyclicEvent.cpp:TimeMissed():101|Cycle miss in event CCSICombinedCmdManager Cyclic Event. Time Overrun is 7714 us[EOL]
[2026-09-22T09:03:16.423876Z][RH.transfer-xyz-gripper][W][2330306][136]CRTCyclicEvent.cpp:TimeMissed():101|Cycle miss in event CCSICombinedCmdManager Cyclic Event. Time Overrun is 4631 us[EOL]
[2026-09-22T09:03:16.423899Z][RH.transfer-xyz-gripper][W][2330306][136]CRTCyclicEvent.cpp:TimeMissed():101|Cycle miss in event CCSICombinedRepManager. Time Overrun is 4631 us[EOL]
[2026-09-22T09:03:16.424305Z][RH.newgen-samplerecognitioncamera][W][2330306][137]CRTCyclicEvent.cpp:TimeMissed():101|Cycle miss in event CCSICombinedCmdManager Cyclic Event. Time Overrun is 198 us[EOL]
[2026-09-22T09:03:16.424324Z][RH.newgen-samplerecognitioncamera][W][2330306][137]CRTCyclicEvent.cpp:TimeMissed():101|Cycle miss in event CCSICombinedRepManager. Time Overrun is 198 us[EOL]
[2026-09-22T09:03:23.344747Z][RH.newgen-samplerecognitioncamera][W][2330306][137]CRTCyclicEvent.cpp:TimeMissed():101|Cycle miss in event CCSICombinedCmdManager Cyclic Event. Time Overrun is 629 us[EOL]
[2026-09-22T09:03:23.344789Z][RH.newgen-samplerecognitioncamera][W][2330306][137]CRTCyclicEvent.cpp:TimeMissed():101|Cycle miss in event CCSICombinedRepManager. Time Overrun is 629 us[EOL]
[2026-09-22T09:03:24.799607Z][RH.newgen-samplerecognitioncamera][W][2330306][137]CRTCyclicEvent.cpp:TimeMissed():101|Cycle miss in event CCSICombinedCmdManager Cyclic Event. Time Overrun is 5497 us[EOL]
[2026-09-22T09:03:24.799636Z][RH.newgen-samplerecognitioncamera][W][2330306][137]CRTCyclicEvent.cpp:TimeMissed():101|Cycle miss in event CCSICombinedRepManager. Time Overrun is 5497 us[EOL]
[2026-09-22T09:03:24.799317Z][RH.transfer-xyz-gripper][W][2330306][136]CRTCyclicEvent.cpp:TimeMissed():101|Cycle miss in event CCSICombinedCmdManager Cyclic Event. Time Overrun is 70 us[EOL]
[2026-09-22T09:03:24.799343Z][RH.transfer-xyz-gripper][W][2330306][136]CRTCyclicEvent.cpp:TimeMissed():101|Cycle miss in event CCSICombinedRepManager. Time Overrun is 70 us[EOL]
[2026-09-22T09:03:28.687605Z][RH.newgen-rackhandler][I][2560016][155]IMessageHandler.h:operator()():40|Received RabbitMqMessage Roche.MolLab.InstrumentState.Ping. Content: {"Timestamp":"2026-09-22T09:03:28.675132Z","PingId":"IS67"}[EOL]
[2026-09-22T09:03:28.687650Z][RH.newgen-rackhandler][I][844444436][155]UnitCommunicator.cpp:SendEvent():424|Publishing event: type=Roche.c68_8800.RackHandler.Echo correlation_id=(n/a)[EOL]
[2026-09-22T09:03:28.687673Z][RH.newgen-rackhandler][I][2560017][155]MessageSender.h:SendEvent():105|Sent RabbitMqEvent Roche.c68_8800.RackHandler.Echo. Content: {"Timestamp":"2026-09-22T09:03:28.687644Z","PingId":"IS67"}[EOL]
[2026-09-22T09:03:28.725059Z][RH.transfer-xyz-gripper][W][2330306][136]CRTCyclicEvent.cpp:TimeMissed():101|Cycle miss in event CCSICombinedCmdManager Cyclic Event. Time Overrun is 5812 us[EOL]
[2026-09-22T09:03:28.725096Z][RH.transfer-xyz-gripper][W][2330306][136]CRTCyclicEvent.cpp:TimeMissed():101|Cycle miss in event CCSICombinedRepManager. Time Overrun is 5812 us[EOL]
[2026-09-22T09:03:28.745866Z][RH.newgen-rackhandler][W][2330306][155]CRTCyclicEvent.cpp:TimeMissed():101|Cycle miss in event CCSICombinedCmdManager Cyclic Event. Time Overrun is 6615 us[EOL]
[2026-09-22T09:03:28.969305Z][RH.transfer-xyz-gripper][W][2330306][136]CRTCyclicEvent.cpp:TimeMissed():101|Cycle miss in event CCSICombinedCmdManager Cyclic Event. Time Overrun is 58 us[EOL]
[2026-09-22T09:03:28.969335Z][RH.transfer-xyz-gripper][W][2330306][136]CRTCyclicEvent.cpp:TimeMissed():101|Cycle miss in event CCSICombinedRepManager. Time Overrun is 58 us[EOL]
[2026-09-22T09:03:28.968998Z][RH.newgen-samplerecognitioncamera][W][2330306][137]CRTCyclicEvent.cpp:TimeMissed():101|Cycle miss in event CCSICombinedCmdManager Cyclic Event. Time Overrun is 4887 us[EOL]
[2026-09-22T09:03:28.969040Z][RH.newgen-samplerecognitioncamera][W][2330306][137]CRTCyclicEvent.cpp:TimeMissed():101|Cycle miss in event CCSICombinedRepManager. Time Overrun is 4887 us[EOL]
[2026-09-22T09:03:28.969783Z][RH.newgen-rackhandler][W][2330306][155]CRTCyclicEvent.cpp:TimeMissed():101|Cycle miss in event CCSICombinedCmdManager Cyclic Event. Time Overrun is 554 us[EOL]
[2026-09-22T09:03:33.722454Z][RH.transfer-xyz-gripper][W][2330306][136]CRTCyclicEvent.cpp:TimeMissed():101|Cycle miss in event CCSICombinedCmdManager Cyclic Event. Time Overrun is 3209 us[EOL]
[2026-09-22T09:03:33.720567Z][RH.newgen-rackhandler][W][2330306][155]CRTCyclicEvent.cpp:TimeMissed():101|Cycle miss in event CCSICombinedCmdManager Cyclic Event. Time Overrun is 1339 us[EOL]
[2026-09-22T09:03:33.722479Z][RH.transfer-xyz-gripper][W][2330306][136]CRTCyclicEvent.cpp:TimeMissed():101|Cycle miss in event CCSICombinedRepManager. Time Overrun is 3209 us[EOL]
[2026-09-22T09:03:33.720185Z][RH.newgen-samplerecognitioncamera][W][2330306][137]CRTCyclicEvent.cpp:TimeMissed():101|Cycle miss in event CCSICombinedCmdManager Cyclic Event. Time Overrun is 6077 us[EOL]
[2026-09-22T09:03:33.720211Z][RH.newgen-samplerecognitioncamera][W][2330306][137]CRTCyclicEvent.cpp:TimeMissed():101|Cycle miss in event CCSICombinedRepManager. Time Overrun is 6077 us[EOL]
[2026-09-22T09:03:35.704140Z][RH.newgen-samplerecognitioncamera][W][2330306][137]CRTCyclicEvent.cpp:TimeMissed():101|Cycle miss in event CCSICombinedCmdManager Cyclic Event. Time Overrun is 20031 us[EOL]
[2026-09-22T09:03:35.704175Z][RH.newgen-samplerecognitioncamera][W][2330306][137]CRTCyclicEvent.cpp:TimeMissed():101|Cycle miss in event CCSICombinedRepManager. Time Overrun is 20031 us[EOL]
[2026-09-22T09:03:35.706414Z][RH.newgen-rackhandler][W][2330306][155]CRTCyclicEvent.cpp:TimeMissed():101|Cycle miss in event CCSICombinedCmdManager Cyclic Event. Time Overrun is 7186 us[EOL]
[2026-09-22T09:03:35.704658Z][RH.transfer-xyz-gripper][W][2330306][136]CRTCyclicEvent.cpp:TimeMissed():101|Cycle miss in event CCSICombinedCmdManager Cyclic Event. Time Overrun is 15411 us[EOL]
[2026-09-22T09:03:35.704690Z][RH.transfer-xyz-gripper][W][2330306][136]CRTCyclicEvent.cpp:TimeMissed():101|Cycle miss in event CCSICombinedRepManager. Time Overrun is 15411 us[EOL]
[2026-09-22T09:03:40.836211Z][RH.newgen-samplerecognitioncamera][W][2330306][137]CRTCyclicEvent.cpp:TimeMissed():101|Cycle miss in event CCSICombinedCmdManager Cyclic Event. Time Overrun is 2093 us[EOL]
[2026-09-22T09:03:40.836245Z][RH.newgen-samplerecognitioncamera][W][2330306][137]CRTCyclicEvent.cpp:TimeMissed():101|Cycle miss in event CCSICombinedRepManager. Time Overrun is 2093 us[EOL]
[2026-09-22T09:03:40.970038Z][RH.transfer-xyz-gripper][W][2330306][136]CRTCyclicEvent.cpp:TimeMissed():101|Cycle miss in event CCSICombinedCmdManager Cyclic Event. Time Overrun is 790 us[EOL]
[2026-09-22T09:03:40.970071Z][RH.transfer-xyz-gripper][W][2330306][136]CRTCyclicEvent.cpp:TimeMissed():101|Cycle miss in event CCSICombinedRepManager. Time Overrun is 790 us[EOL]
[2026-09-22T09:03:43.567096Z][RH.newgen-samplerecognitioncamera][W][2330306][137]CRTCyclicEvent.cpp:TimeMissed():101|Cycle miss in event CCSICombinedCmdManager Cyclic Event. Time Overrun is 2982 us[EOL]
[2026-09-22T09:03:43.567127Z][RH.newgen-samplerecognitioncamera][W][2330306][137]CRTCyclicEvent.cpp:TimeMissed():101|Cycle miss in event CCSICombinedRepManager. Time Overrun is 2982 us[EOL]
[2026-09-22T09:03:44.686528Z][RH.newgen-samplerecognitioncamera][W][2330306][137]CRTCyclicEvent.cpp:TimeMissed():101|Cycle miss in event CCSICombinedCmdManager Cyclic Event. Time Overrun is 2421 us[EOL]
[2026-09-22T09:03:44.686611Z][RH.newgen-samplerecognitioncamera][W][2330306][137]CRTCyclicEvent.cpp:TimeMissed():101|Cycle miss in event CCSICombinedRepManager. Time Overrun is 2421 us[EOL]
[2026-09-22T09:03:48.439119Z][RH.newgen-rackhandler][W][2330306][155]CRTCyclicEvent.cpp:TimeMissed():101|Cycle miss in event CCSICombinedCmdManager Cyclic Event. Time Overrun is 9890 us[EOL]
[2026-09-22T09:03:48.441786Z][RH.newgen-samplerecognitioncamera][W][2330306][137]CRTCyclicEvent.cpp:TimeMissed():101|Cycle miss in event CCSICombinedCmdManager Cyclic Event. Time Overrun is 17678 us[EOL]
[2026-09-22T09:03:48.438657Z][RH.transfer-xyz-gripper][W][2330306][136]CRTCyclicEvent.cpp:TimeMissed():101|Cycle miss in event CCSICombinedCmdManager Cyclic Event. Time Overrun is 9409 us[EOL]
[2026-09-22T09:03:48.441818Z][RH.newgen-samplerecognitioncamera][W][2330306][137]CRTCyclicEvent.cpp:TimeMissed():101|Cycle miss in event CCSICombinedRepManager. Time Overrun is 17678 us[EOL]
[2026-09-22T09:03:48.438695Z][RH.transfer-xyz-gripper][W][2330306][136]CRTCyclicEvent.cpp:TimeMissed():101|Cycle miss in event CCSICombinedRepManager. Time Overrun is 9409 us[EOL]
[2026-09-22T09:03:51.214777Z][RH.transfer-xyz-gripper][W][2330306][136]CRTCyclicEvent.cpp:TimeMissed():101|Cycle miss in event CCSICombinedCmdManager Cyclic Event. Time Overrun is 5525 us[EOL]
[2026-09-22T09:03:51.214837Z][RH.transfer-xyz-gripper][W][2330306][136]CRTCyclicEvent.cpp:TimeMissed():101|Cycle miss in event CCSICombinedRepManager. Time Overrun is 5525 us[EOL]
[2026-09-22T09:03:51.739786Z][RH.transfer-xyz-gripper][W][2330306][136]CRTCyclicEvent.cpp:TimeMissed():101|Cycle miss in event CCSICombinedCmdManager Cyclic Event. Time Overrun is 538 us[EOL]
[2026-09-22T09:03:51.739816Z][RH.transfer-xyz-gripper][W][2330306][136]CRTCyclicEvent.cpp:TimeMissed():101|Cycle miss in event CCSICombinedRepManager. Time Overrun is 538 us[EOL]
[2026-09-22T09:03:51.740808Z][RH.newgen-rackhandler][W][2330306][155]CRTCyclicEvent.cpp:TimeMissed():101|Cycle miss in event CCSICombinedCmdManager Cyclic Event. Time Overrun is 1582 us[EOL]
[2026-09-22T09:03:53.959838Z][RH.newgen-samplerecognitioncamera][W][2330306][137]CRTCyclicEvent.cpp:TimeMissed():101|Cycle miss in event CCSICombinedCmdManager Cyclic Event. Time Overrun is 5731 us[EOL]
[2026-09-22T09:03:53.959960Z][RH.transfer-xyz-gripper][W][2330306][136]CRTCyclicEvent.cpp:TimeMissed():101|Cycle miss in event CCSICombinedCmdManager Cyclic Event. Time Overrun is 715 us[EOL]
[2026-09-22T09:03:53.959859Z][RH.newgen-samplerecognitioncamera][W][2330306][137]CRTCyclicEvent.cpp:TimeMissed():101|Cycle miss in event CCSICombinedRepManager. Time Overrun is 5731 us[EOL]
[2026-09-22T09:03:53.959997Z][RH.transfer-xyz-gripper][W][2330306][136]CRTCyclicEvent.cpp:TimeMissed():101|Cycle miss in event CCSICombinedRepManager. Time Overrun is 715 us[EOL]
[2026-09-22T09:03:53.960212Z][RH.newgen-rackhandler][W][2330306][155]CRTCyclicEvent.cpp:TimeMissed():101|Cycle miss in event CCSICombinedCmdManager Cyclic Event. Time Overrun is 986 us[EOL]
[2026-09-22T09:03:55.370805Z][RH.newgen-rackhandler][W][2330306][155]CRTCyclicEvent.cpp:TimeMissed():101|Cycle miss in event CCSICombinedCmdManager Cyclic Event. Time Overrun is 1577 us[EOL]
[2026-09-22T09:03:55.373171Z][RH.transfer-xyz-gripper][W][2330306][136]CRTCyclicEvent.cpp:TimeMissed():101|Cycle miss in event CCSICombinedCmdManager Cyclic Event. Time Overrun is 3921 us[EOL]
[2026-09-22T09:03:55.373217Z][RH.transfer-xyz-gripper][W][2330306][136]CRTCyclicEvent.cpp:TimeMissed():101|Cycle miss in event CCSICombinedRepManager. Time Overrun is 3921 us[EOL]
[2026-09-22T09:03:58.690195Z][RH.newgen-rackhandler][I][2560016][155]IMessageHandler.h:operator()():40|Received RabbitMqMessage Roche.MolLab.InstrumentState.Ping. Content: {"Timestamp":"2026-09-22T09:03:58.6744201Z","PingId":"IS68"}[EOL]
[2026-09-22T09:03:58.690250Z][RH.newgen-rackhandler][I][844444436][155]UnitCommunicator.cpp:SendEvent():424|Publishing event: type=Roche.c68_8800.RackHandler.Echo correlation_id=(n/a)[EOL]
[2026-09-22T09:03:58.690280Z][RH.newgen-rackhandler][I][2560017][155]MessageSender.h:SendEvent():105|Sent RabbitMqEvent Roche.c68_8800.RackHandler.Echo. Content: {"Timestamp":"2026-09-22T09:03:58.690242Z","PingId":"IS68"}[EOL]
