[2026-09-22T07:26:04.088210Z][RSH.rfidreader][I][2330115][136]CRTArgumentParserBase.cpp:SetupLogFacility():200|System Logger Setup Done.[EOL]
[2026-09-22T07:26:04.088471Z][RSH.rfidreader][I][1350078][136]CArgumentParserBase.cpp:ParseArguments():86|CSM version: 3.1.0.1340339_[EOL]
[2026-09-22T07:26:04.569596Z][RSH.rfidreader][I][2330346][136]CRTSystemLogger.cpp:Activate():64|Realtime Logger created.[EOL]
[2026-09-22T07:26:04.569651Z][RSH.rfidreader][N][2330110][136]CTLSF.cpp:TraceStatistics():105|TLSF Statistics: Initial pool size: 3145728 Bytes, pool increased: 0 times, high watermark: 59792 bytes, currently used size: 59408 bytes.[EOL]
[2026-09-22T07:26:04.569667Z][RSH.rfidreader][I][2330349][136]CRTEventSystemConfigurationDefault.cpp:TraceSetupDone():284|Realtime Context Setup Done. Sched Policy: SCHED_FIFO, Prio: 46, Timer Prio: 75, Middleware Prio: 76, CPU assigned by OS[EOL]
[2026-09-22T07:26:04.610743Z][RSH.rfidreader][N][2330477][136]CConnectionHandler.cpp:RegisterConnection():104|Socket added to epoll with identifier 0x0 (0), file descriptor 11.[EOL]
[2026-09-22T07:26:04.773088Z][RSH.rfidreader][N][2330477][136]CConnectionHandler.cpp:RegisterConnection():104|Socket added to epoll with identifier 0x0 (0), file descriptor 13.[EOL]
[2026-09-22T07:26:04.773131Z][RSH.rfidreader][N][2330467][136]CDefaultStreamHandler.cpp:OnConnectionAccepted():405|New connection established. file descriptor 13[EOL]
[2026-09-22T07:26:04.773230Z][RSH.rfidreader][N][2330470][136]CDefaultStreamHandler.cpp:OnClosing():424|Socket with file descriptor 13 has been disconnected[EOL]
[2026-09-22T07:26:04.773246Z][RSH.rfidreader][N][2330478][136]CConnectionHandler.cpp:UnregisterConnection():127|Socket removed from epoll with identifier 0x0 (0), file descriptor 13.[EOL]
[2026-09-22T07:26:06.563382Z][RSH.rfidreader][W][2330306][136]CRTCyclicEvent.cpp:TimeMissed():101|Cycle miss in event CCSICombinedCmdManager Cyclic Event. Time Overrun is 57756 us[EOL]
[2026-09-22T07:26:06.563429Z][RSH.rfidreader][W][2330306][136]CRTCyclicEvent.cpp:TimeMissed():101|Cycle miss in event CCSICombinedRepManager. Time Overrun is 57756 us[EOL]
[2026-09-22T07:26:10.652915Z][RSH.rfidreader][W][2330306][136]CRTCyclicEvent.cpp:TimeMissed():101|Cycle miss in event CCSICombinedCmdManager Cyclic Event. Time Overrun is 2197512 us[EOL]
[2026-09-22T07:26:10.653080Z][RSH.rfidreader][W][2330306][136]CRTCyclicEvent.cpp:TimeMissed():101|Cycle miss in event CCSICombinedRepManager. Time Overrun is 2197512 us[EOL]
[2026-09-22T07:26:10.845444Z][RSH.rfidreader][W][2330306][136]CRTCyclicEvent.cpp:TimeMissed():101|Cycle miss in event CCSICombinedCmdManager Cyclic Event. Time Overrun is 7 us[EOL]
[2026-09-22T07:26:10.845713Z][RSH.rfidreader][W][2330306][136]CRTCyclicEvent.cpp:TimeMissed():101|Cycle miss in event CCSICombinedRepManager. Time Overrun is 7 us[EOL]
[2026-09-22T07:26:11.800471Z][RSH.rfidreader][W][2330306][136]CRTCyclicEvent.cpp:TimeMissed():101|Cycle miss in event CCSICombinedCmdManager Cyclic Event. Time Overrun is 5086 us[EOL]
[2026-09-22T07:26:11.800575Z][RSH.rfidreader][W][2330306][136]CRTCyclicEvent.cpp:TimeMissed():101|Cycle miss in event CCSICombinedRepManager. Time Overrun is 5086 us[EOL]
[2026-09-22T07:26:13.365878Z][RSH.rfidreader][W][2330306][136]CRTCyclicEvent.cpp:TimeMissed():101|Cycle miss in event CCSICombinedCmdManager Cyclic Event. Time Overrun is 541 us[EOL]
[2026-09-22T07:26:13.365924Z][RSH.rfidreader][W][2330306][136]CRTCyclicEvent.cpp:TimeMissed():101|Cycle miss in event CCSICombinedRepManager. Time Overrun is 541 us[EOL]
[2026-09-22T07:26:13.470843Z][RSH.newgen-reagentstoragehandler][I][2330115][143]CRTArgumentParserBase.cpp:SetupLogFacility():200|System Logger Setup Done.[EOL]
[2026-09-22T07:26:13.483259Z][RSH.newgen-reagentstoragehandler][I][1350078][143]CArgumentParserBase.cpp:ParseArguments():86|CSM version: 3.1.1.1340652_[EOL]
[2026-09-22T07:26:13.795735Z][RSH.rfidreader][W][2330306][136]CRTCyclicEvent.cpp:TimeMissed():101|Cycle miss in event CCSICombinedCmdManager Cyclic Event. Time Overrun is 10387 us[EOL]
[2026-09-22T07:26:13.795767Z][RSH.rfidreader][W][2330306][136]CRTCyclicEvent.cpp:TimeMissed():101|Cycle miss in event CCSICombinedRepManager. Time Overrun is 10387 us[EOL]
[2026-09-22T07:26:14.247997Z][RSH.rfidreader][W][2330306][136]CRTCyclicEvent.cpp:TimeMissed():101|Cycle miss in event CCSICombinedCmdManager Cyclic Event. Time Overrun is 2657 us[EOL]
[2026-09-22T07:26:14.248203Z][RSH.rfidreader][W][2330306][136]CRTCyclicEvent.cpp:TimeMissed():101|Cycle miss in event CCSICombinedRepManager. Time Overrun is 2657 us[EOL]
[2026-09-22T07:26:14.644575Z][RSH.newgen-reagentstoragehandler][I][2330346][143]CRTSystemLogger.cpp:Activate():64|Realtime Logger created.[EOL]
[2026-09-22T07:26:14.644655Z][RSH.newgen-reagentstoragehandler][N][2330110][143]CTLSF.cpp:TraceStatistics():105|TLSF Statistics: Initial pool size: 4194304 Bytes, pool increased: 0 times, high watermark: 160752 bytes, currently used size: 154496 bytes.[EOL]
[2026-09-22T07:26:14.644728Z][RSH.newgen-reagentstoragehandler][I][2330349][143]CRTEventSystemConfigurationDefault.cpp:TraceSetupDone():284|Realtime Context Setup Done. Sched Policy: SCHED_FIFO, Prio: 45, Timer Prio: 75, Middleware Prio: 76, CPU assigned by OS[EOL]
[2026-09-22T07:26:14.787076Z][RSH.newgen-reagentstoragehandler][I][3410009][143]CCSMApplication.cpp:RegisterDeviceController():200|SliderMotor added to SMStage![EOL]
[2026-09-22T07:26:14.791037Z][RSH.newgen-reagentstoragehandler][I][3410009][143]CCSMApplication.cpp:RegisterDeviceController():208|MotionLib initialized![EOL]
[2026-09-22T07:26:14.970307Z][RSH.newgen-reagentstoragehandler][I][3410009][143]CCSMApplication.cpp:RegisterDeviceController():216|MotionConfig loaded![EOL]
[2026-09-22T07:26:14.993678Z][RSH.newgen-reagentstoragehandler][I][1000053][143]CMotorLLCS.cpp:DoConfigure():192|Create BCI device with CDI: 0x10A703[EOL]
[2026-09-22T07:26:15.021495Z][RSH.rfidreader][W][2330306][136]CRTCyclicEvent.cpp:TimeMissed():101|Cycle miss in event CCSICombinedCmdManager Cyclic Event. Time Overrun is 16159 us[EOL]
[2026-09-22T07:26:15.021545Z][RSH.rfidreader][W][2330306][136]CRTCyclicEvent.cpp:TimeMissed():101|Cycle miss in event CCSICombinedRepManager. Time Overrun is 16159 us[EOL]
[2026-09-22T07:26:15.037525Z][RSH.newgen-reagentstoragehandler][I][3410009][143]CCSMApplication.cpp:RegisterDeviceController():228|DrawerMotor added and configured![EOL]
[2026-09-22T07:26:15.130382Z][RSH.newgen-reagentstoragehandler][I][3410009][143]CCSMApplication.cpp:RegisterDeviceController():232|SliderMotor added and configured![EOL]
[2026-09-22T07:26:15.130504Z][RSH.newgen-reagentstoragehandler][I][3410009][143]CCSMApplication.cpp:RegisterDeviceController():242|Motion Event Handler registered![EOL]
[2026-09-22T07:26:15.131212Z][RSH.newgen-reagentstoragehandler][I][3410009][143]CCSMApplication.cpp:RegisterDeviceController():260|ReagentStorageHandler added![EOL]
[2026-09-22T07:26:15.138346Z][RSH.newgen-reagentstoragehandler][I][3410009][143]CCSMApplication.cpp:UserLevelApplicationInit():394|State Machine instatiated![EOL]
[2026-09-22T07:26:15.146793Z][RSH.newgen-reagentstoragehandler][I][3410009][143]CCSMApplication.cpp:UserLevelApplicationInit():407|Parameter pool configuration done[EOL]
[2026-09-22T07:26:15.161486Z][RSH.newgen-reagentstoragehandler][I][0][143]CCSMApplication.cpp:UserLevelApplicationInit():451|Loading ECC /opt/roche/config//settings/startup/ecc.xml, Config ID: ReagentStorageHandler[EOL]
[2026-09-22T07:26:15.701951Z][RSH.newgen-reagentstoragehandler][I][0][143]CCSMApplication.cpp:UserLevelApplicationInit():453|Parsing Device List[EOL]
[2026-09-22T07:26:15.774263Z][RSH.newgen-reagentstoragehandler][I][3410009][143]CCSMApplication.cpp:UserLevelApplicationInit():473|Module configuration done[EOL]
[2026-09-22T07:26:15.774310Z][RSH.newgen-reagentstoragehandler][I][3410009][143]CCSMApplication.cpp:UserLevelApplicationInit():487|Default Errorhandling instantiated![EOL]
[2026-09-22T07:26:15.774379Z][RSH.newgen-reagentstoragehandler][I][3410009][143]CCSMApplication.cpp:UserLevelApplicationInit():490|ReagentStorage EventListener activated.[EOL]
[2026-09-22T07:26:15.774923Z][RSH.newgen-reagentstoragehandler][N][2330477][143]CConnectionHandler.cpp:RegisterConnection():104|Socket added to epoll with identifier 0x0 (0), file descriptor 20.[EOL]
[2026-09-22T07:26:15.788447Z][RSH.newgen-reagentstoragehandler][N][2330477][143]CConnectionHandler.cpp:RegisterConnection():104|Socket added to epoll with identifier 0x0 (0), file descriptor 21.[EOL]
[2026-09-22T07:26:15.788493Z][RSH.newgen-reagentstoragehandler][N][2330467][143]CDefaultStreamHandler.cpp:OnConnectionAccepted():405|New connection established. file descriptor 21[EOL]
[2026-09-22T07:26:15.788534Z][RSH.newgen-reagentstoragehandler][N][2330470][143]CDefaultStreamHandler.cpp:OnClosing():424|Socket with file descriptor 21 has been disconnected[EOL]
[2026-09-22T07:26:15.788541Z][RSH.newgen-reagentstoragehandler][N][2330478][143]CConnectionHandler.cpp:UnregisterConnection():127|Socket removed from epoll with identifier 0x0 (0), file descriptor 21.[EOL]
[2026-09-22T07:26:15.817847Z][RSH.newgen-reagentstoragehandler][N][844444405][143]RabbitMqConnector.cpp:Connect():840|Connecting as '6800_2AC.10001.ReagentStorageHandler' to RabbitMQ on amqp://USERNAME:PASSWORD@rabbitmq-server/[EOL]
[2026-09-22T07:26:15.825913Z][RSH.newgen-reagentstoragehandler][N][2330477][143]CConnectionHandler.cpp:RegisterConnection():104|Socket added to epoll with identifier 0x15 (21), file descriptor 21.[EOL]
[2026-09-22T07:26:15.873737Z][RSH.newgen-reagentstoragehandler][N][2330477][143]CConnectionHandler.cpp:RegisterConnection():104|Socket added to epoll with identifier 0x17 (23), file descriptor 23.[EOL]
[2026-09-22T07:26:15.873809Z][RSH.newgen-reagentstoragehandler][N][2330478][143]CConnectionHandler.cpp:UnregisterConnection():127|Socket removed from epoll with identifier 0x15 (21), file descriptor 21.[EOL]
[2026-09-22T07:26:16.166178Z][RSH.rfidreader][W][2330306][136]CRTCyclicEvent.cpp:TimeMissed():101|Cycle miss in event CCSICombinedCmdManager Cyclic Event. Time Overrun is 10747 us[EOL]
[2026-09-22T07:26:16.166422Z][RSH.rfidreader][W][2330306][136]CRTCyclicEvent.cpp:TimeMissed():101|Cycle miss in event CCSICombinedRepManager. Time Overrun is 10747 us[EOL]
[2026-09-22T07:26:16.279002Z][RSH.newgen-reagentstoragehandler][I][844444409][143]RabbitMqConnector.cpp:onProperties():1356|Exchange of properties: amqp_conn=0x7f4367d931b0 amqp_conn_fd=23#012  Properties sent by server:#012    table(capabilities:table(authentication_failure_close:booleanset(1,0,0,0,0,0,0,0),basic.nack:booleanset(1,0,0,0,0,0,0,0),connection.blocked:booleanset(1,0,0,0,0,0,0,0),consumer_cancel_notify:booleanset(1,0,0,0,0,0,0,0),consumer_priorities:booleanset(1,0,0,0,0,0,0,0),direct_reply_to:booleanset(1,0,0,0,0,0,0,0),exchange_exchange_bindings:booleanset(1,0,0,0,0,0,0,0),per_consumer_qos:booleanset(1,0,0,0,0,0,0,0),publisher_confirms:booleanset(1,0,0,0,0,0,0,0)),cluster_name:string(rabbit@x800-instrument),copyright:string(Copyright (c) 2007-2024 Broadcom Inc and/or its subsidiaries),information:string(Licensed under the MPL 2.0. Website: https://rabbitmq.com),platform:string(Erlang/OTP 26.2.5.3),product:string(RabbitMQ),version:string(3.13.7))#012  Properties sent back by us:#012    table(connection_name:string(6800_2AC.10001.ReagentStorageHandler))#012  Note that additional properties will be set internally by the AMQP-CPP library.[EOL]
[2026-09-22T07:26:16.341376Z][RSH.newgen-reagentstoragehandler][I][844444410][143]RabbitMqConnector.cpp:onNegotiate():1364|Setting heartbeat frequency: amqp_conn=0x7f4367d931b0 amqp_conn_fd=23 interval=60[EOL]
[2026-09-22T07:26:16.357001Z][RSH.newgen-reagentstoragehandler][I][844444411][143]RabbitMqConnector.cpp:onReady():1373|Handshake with rabbitmq completed: amqp_conn=0x7f4367d931b0 amqp_conn_fd=23[EOL]
[2026-09-22T07:26:16.405882Z][RSH.rfidreader][W][2330306][136]CRTCyclicEvent.cpp:TimeMissed():101|Cycle miss in event CCSICombinedCmdManager Cyclic Event. Time Overrun is 540 us[EOL]
[2026-09-22T07:26:16.405944Z][RSH.rfidreader][W][2330306][136]CRTCyclicEvent.cpp:TimeMissed():101|Cycle miss in event CCSICombinedRepManager. Time Overrun is 540 us[EOL]
[2026-09-22T07:26:16.512071Z][RSH.newgen-reagentstoragehandler][I][844444453][143]RabbitMqConnector.cpp:operator()():631|Sucessfully consumed: queue_name: roche.newgen.reagentstoragehandler.q[EOL]
[2026-09-22T07:26:16.513124Z][RSH.newgen-reagentstoragehandler][I][844444436][143]UnitCommunicator.cpp:SendEvent():424|Publishing event: type=Roche.c68_8800.ReagentStorageHandler.UnitStateChanged correlation_id=(n/a)[EOL]
[2026-09-22T07:26:16.513991Z][RSH.newgen-reagentstoragehandler][I][2560017][143]MessageSender.h:SendEvent():105|Sent RabbitMqEvent Roche.c68_8800.ReagentStorageHandler.UnitStateChanged. Content: {"Timestamp":"2026-09-22T07:26:16.512795Z","TraceContext":"00-2e1428ef6c9236bd9262f7d1d0217e03-58aefbfb9acb36ef-01","OldState":"PoweredOff","NewState":"StartingUp"}[EOL]
[2026-09-22T07:26:16.671137Z][RSH.rfidreader][W][2330306][136]CRTCyclicEvent.cpp:TimeMissed():101|Cycle miss in event CCSICombinedCmdManager Cyclic Event. Time Overrun is 5802 us[EOL]
[2026-09-22T07:26:16.671207Z][RSH.rfidreader][W][2330306][136]CRTCyclicEvent.cpp:TimeMissed():101|Cycle miss in event CCSICombinedRepManager. Time Overrun is 5802 us[EOL]
[2026-09-22T07:26:16.816779Z][RSH.rfidreader][W][2330306][136]CRTCyclicEvent.cpp:TimeMissed():101|Cycle miss in event CCSICombinedCmdManager Cyclic Event. Time Overrun is 1442 us[EOL]
[2026-09-22T07:26:16.816848Z][RSH.rfidreader][W][2330306][136]CRTCyclicEvent.cpp:TimeMissed():101|Cycle miss in event CCSICombinedRepManager. Time Overrun is 1442 us[EOL]
[2026-09-22T07:26:16.981019Z][RSH.rfidreader][W][2330306][136]CRTCyclicEvent.cpp:TimeMissed():101|Cycle miss in event CCSICombinedCmdManager Cyclic Event. Time Overrun is 5677 us[EOL]
[2026-09-22T07:26:16.981073Z][RSH.rfidreader][W][2330306][136]CRTCyclicEvent.cpp:TimeMissed():101|Cycle miss in event CCSICombinedRepManager. Time Overrun is 5677 us[EOL]
[2026-09-22T07:26:17.900692Z][RSH.rfidreader][W][2330306][136]CRTCyclicEvent.cpp:TimeMissed():101|Cycle miss in event CCSICombinedCmdManager Cyclic Event. Time Overrun is 5357 us[EOL]
[2026-09-22T07:26:17.900720Z][RSH.rfidreader][W][2330306][136]CRTCyclicEvent.cpp:TimeMissed():101|Cycle miss in event CCSICombinedRepManager. Time Overrun is 5357 us[EOL]
[2026-09-22T07:26:19.163064Z][RSH.rfidreader][W][2330306][136]CRTCyclicEvent.cpp:TimeMissed():101|Cycle miss in event CCSICombinedCmdManager Cyclic Event. Time Overrun is 27714 us[EOL]
[2026-09-22T07:26:19.163193Z][RSH.rfidreader][W][2330306][136]CRTCyclicEvent.cpp:TimeMissed():101|Cycle miss in event CCSICombinedRepManager. Time Overrun is 27714 us[EOL]
[2026-09-22T07:26:19.164232Z][RSH.newgen-reagentstoragehandler][W][2330306][143]CRTCyclicEvent.cpp:TimeMissed():101|Cycle miss in event CCSICombinedCmdManager Cyclic Event. Time Overrun is 24248 us[EOL]
[2026-09-22T07:26:19.164605Z][RSH.newgen-reagentstoragehandler][W][2330306][143]CRTCyclicEvent.cpp:TimeMissed():101|Cycle miss in event CCSICombinedRepManager. Time Overrun is 24248 us[EOL]
[2026-09-22T07:26:19.338739Z][RSH.newgen-reagentstoragehandler][W][2330306][143]CRTCyclicEvent.cpp:TimeMissed():101|Cycle miss in event CCSICombinedCmdManager Cyclic Event. Time Overrun is 19736 us[EOL]
[2026-09-22T07:26:19.338767Z][RSH.newgen-reagentstoragehandler][W][2330306][143]CRTCyclicEvent.cpp:TimeMissed():101|Cycle miss in event CCSICombinedRepManager. Time Overrun is 19736 us[EOL]
[2026-09-22T07:26:19.346807Z][RSH.rfidreader][W][2330306][136]CRTCyclicEvent.cpp:TimeMissed():101|Cycle miss in event CCSICombinedCmdManager Cyclic Event. Time Overrun is 31471 us[EOL]
[2026-09-22T07:26:19.346842Z][RSH.rfidreader][W][2330306][136]CRTCyclicEvent.cpp:TimeMissed():101|Cycle miss in event CCSICombinedRepManager. Time Overrun is 31471 us[EOL]
[2026-09-22T07:26:19.654589Z][RSH.rfidreader][W][2330306][136]CRTCyclicEvent.cpp:TimeMissed():101|Cycle miss in event CCSICombinedCmdManager Cyclic Event. Time Overrun is 19245 us[EOL]
[2026-09-22T07:26:19.654622Z][RSH.rfidreader][W][2330306][136]CRTCyclicEvent.cpp:TimeMissed():101|Cycle miss in event CCSICombinedRepManager. Time Overrun is 19245 us[EOL]
[2026-09-22T07:26:19.769062Z][RSH.rfidreader][W][2330306][136]CRTCyclicEvent.cpp:TimeMissed():101|Cycle miss in event CCSICombinedCmdManager Cyclic Event. Time Overrun is 3724 us[EOL]
[2026-09-22T07:26:19.769095Z][RSH.rfidreader][W][2330306][136]CRTCyclicEvent.cpp:TimeMissed():101|Cycle miss in event CCSICombinedRepManager. Time Overrun is 3724 us[EOL]
[2026-09-22T07:26:19.799323Z][RSH.newgen-reagentstoragehandler][W][2330306][143]CRTCyclicEvent.cpp:TimeMissed():101|Cycle miss in event CCSICombinedCmdManager Cyclic Event. Time Overrun is 313 us[EOL]
[2026-09-22T07:26:19.799377Z][RSH.newgen-reagentstoragehandler][W][2330306][143]CRTCyclicEvent.cpp:TimeMissed():101|Cycle miss in event CCSICombinedRepManager. Time Overrun is 313 us[EOL]
[2026-09-22T07:26:20.025259Z][RSH.newgen-reagentstoragehandler][W][2330306][143]CRTCyclicEvent.cpp:TimeMissed():101|Cycle miss in event CCSICombinedCmdManager Cyclic Event. Time Overrun is 6252 us[EOL]
[2026-09-22T07:26:20.025309Z][RSH.newgen-reagentstoragehandler][W][2330306][143]CRTCyclicEvent.cpp:TimeMissed():101|Cycle miss in event CCSICombinedRepManager. Time Overrun is 6252 us[EOL]
[2026-09-22T07:26:21.803131Z][RSH.rfidreader][W][2330306][136]CRTCyclicEvent.cpp:TimeMissed():101|Cycle miss in event CCSICombinedCmdManager Cyclic Event. Time Overrun is 7524 us[EOL]
[2026-09-22T07:26:21.803699Z][RSH.rfidreader][W][2330306][136]CRTCyclicEvent.cpp:TimeMissed():101|Cycle miss in event CCSICombinedRepManager. Time Overrun is 7524 us[EOL]
[2026-09-22T07:26:21.803197Z][RSH.newgen-reagentstoragehandler][W][2330306][143]CRTCyclicEvent.cpp:TimeMissed():101|Cycle miss in event CCSICombinedCmdManager Cyclic Event. Time Overrun is 4192 us[EOL]
[2026-09-22T07:26:21.803287Z][RSH.newgen-reagentstoragehandler][W][2330306][143]CRTCyclicEvent.cpp:TimeMissed():101|Cycle miss in event CCSICombinedRepManager. Time Overrun is 4192 us[EOL]
[2026-09-22T07:26:22.489980Z][RSH.rfidreader][W][2330306][136]CRTCyclicEvent.cpp:TimeMissed():101|Cycle miss in event CCSICombinedCmdManager Cyclic Event. Time Overrun is 4626 us[EOL]
[2026-09-22T07:26:22.490024Z][RSH.rfidreader][W][2330306][136]CRTCyclicEvent.cpp:TimeMissed():101|Cycle miss in event CCSICombinedRepManager. Time Overrun is 4626 us[EOL]
[2026-09-22T07:26:23.209660Z][RSH.rfidreader][W][2330306][136]CRTCyclicEvent.cpp:TimeMissed():101|Cycle miss in event CCSICombinedCmdManager Cyclic Event. Time Overrun is 4323 us[EOL]
[2026-09-22T07:26:23.209695Z][RSH.rfidreader][W][2330306][136]CRTCyclicEvent.cpp:TimeMissed():101|Cycle miss in event CCSICombinedRepManager. Time Overrun is 4323 us[EOL]
[2026-09-22T07:26:23.210667Z][RSH.newgen-reagentstoragehandler][W][2330306][143]CRTCyclicEvent.cpp:TimeMissed():101|Cycle miss in event CCSICombinedCmdManager Cyclic Event. Time Overrun is 1663 us[EOL]
[2026-09-22T07:26:23.210700Z][RSH.newgen-reagentstoragehandler][W][2330306][143]CRTCyclicEvent.cpp:TimeMissed():101|Cycle miss in event CCSICombinedRepManager. Time Overrun is 1663 us[EOL]
[2026-09-22T07:26:23.381459Z][RSH.rfidreader][W][2330306][136]CRTCyclicEvent.cpp:TimeMissed():101|Cycle miss in event CCSICombinedCmdManager Cyclic Event. Time Overrun is 6122 us[EOL]
[2026-09-22T07:26:23.381491Z][RSH.rfidreader][W][2330306][136]CRTCyclicEvent.cpp:TimeMissed():101|Cycle miss in event CCSICombinedRepManager. Time Overrun is 6122 us[EOL]
[2026-09-22T07:26:23.381608Z][RSH.newgen-reagentstoragehandler][W][2330306][143]CRTCyclicEvent.cpp:TimeMissed():101|Cycle miss in event CCSICombinedCmdManager Cyclic Event. Time Overrun is 2603 us[EOL]
[2026-09-22T07:26:23.381636Z][RSH.newgen-reagentstoragehandler][W][2330306][143]CRTCyclicEvent.cpp:TimeMissed():101|Cycle miss in event CCSICombinedRepManager. Time Overrun is 2603 us[EOL]
[2026-09-22T07:26:23.557435Z][RSH.rfidreader][W][2330306][136]CRTCyclicEvent.cpp:TimeMissed():101|Cycle miss in event CCSICombinedCmdManager Cyclic Event. Time Overrun is 2098 us[EOL]
[2026-09-22T07:26:23.557476Z][RSH.rfidreader][W][2330306][136]CRTCyclicEvent.cpp:TimeMissed():101|Cycle miss in event CCSICombinedRepManager. Time Overrun is 2098 us[EOL]
[2026-09-22T07:26:23.565518Z][RSH.newgen-reagentstoragehandler][W][2330306][143]CRTCyclicEvent.cpp:TimeMissed():101|Cycle miss in event CCSICombinedCmdManager Cyclic Event. Time Overrun is 6512 us[EOL]
[2026-09-22T07:26:23.565561Z][RSH.newgen-reagentstoragehandler][W][2330306][143]CRTCyclicEvent.cpp:TimeMissed():101|Cycle miss in event CCSICombinedRepManager. Time Overrun is 6512 us[EOL]
[2026-09-22T07:26:23.728229Z][RSH.rfidreader][W][2330306][136]CRTCyclicEvent.cpp:TimeMissed():101|Cycle miss in event CCSICombinedCmdManager Cyclic Event. Time Overrun is 12892 us[EOL]
[2026-09-22T07:26:23.728264Z][RSH.rfidreader][W][2330306][136]CRTCyclicEvent.cpp:TimeMissed():101|Cycle miss in event CCSICombinedRepManager. Time Overrun is 12892 us[EOL]
[2026-09-22T07:26:23.728427Z][RSH.newgen-reagentstoragehandler][W][2330306][143]CRTCyclicEvent.cpp:TimeMissed():101|Cycle miss in event CCSICombinedCmdManager Cyclic Event. Time Overrun is 9422 us[EOL]
[2026-09-22T07:26:23.728462Z][RSH.newgen-reagentstoragehandler][W][2330306][143]CRTCyclicEvent.cpp:TimeMissed():101|Cycle miss in event CCSICombinedRepManager. Time Overrun is 9422 us[EOL]
[2026-09-22T07:26:23.846503Z][RSH.newgen-reagentstoragehandler][W][2330306][143]CRTCyclicEvent.cpp:TimeMissed():101|Cycle miss in event CCSICombinedCmdManager Cyclic Event. Time Overrun is 7452 us[EOL]
[2026-09-22T07:26:23.846540Z][RSH.newgen-reagentstoragehandler][W][2330306][143]CRTCyclicEvent.cpp:TimeMissed():101|Cycle miss in event CCSICombinedRepManager. Time Overrun is 7452 us[EOL]
[2026-09-22T07:26:23.846346Z][RSH.rfidreader][W][2330306][136]CRTCyclicEvent.cpp:TimeMissed():101|Cycle miss in event CCSICombinedCmdManager Cyclic Event. Time Overrun is 1009 us[EOL]
[2026-09-22T07:26:23.846377Z][RSH.rfidreader][W][2330306][136]CRTCyclicEvent.cpp:TimeMissed():101|Cycle miss in event CCSICombinedRepManager. Time Overrun is 1009 us[EOL]
[2026-09-22T07:26:24.472915Z][RSH.newgen-reagentstoragehandler][W][2330306][143]CRTCyclicEvent.cpp:TimeMissed():101|Cycle miss in event CCSICombinedCmdManager Cyclic Event. Time Overrun is 3906 us[EOL]
[2026-09-22T07:26:24.472948Z][RSH.newgen-reagentstoragehandler][W][2330306][143]CRTCyclicEvent.cpp:TimeMissed():101|Cycle miss in event CCSICombinedRepManager. Time Overrun is 3906 us[EOL]
[2026-09-22T07:26:24.597916Z][RSH.rfidreader][W][2330306][136]CRTCyclicEvent.cpp:TimeMissed():101|Cycle miss in event CCSICombinedCmdManager Cyclic Event. Time Overrun is 2579 us[EOL]
[2026-09-22T07:26:24.597974Z][RSH.rfidreader][W][2330306][136]CRTCyclicEvent.cpp:TimeMissed():101|Cycle miss in event CCSICombinedRepManager. Time Overrun is 2579 us[EOL]
[2026-09-22T07:26:25.480001Z][RSH.newgen-reagentstoragehandler][W][2330306][143]CRTCyclicEvent.cpp:TimeMissed():101|Cycle miss in event CCSICombinedCmdManager Cyclic Event. Time Overrun is 997 us[EOL]
[2026-09-22T07:26:25.480043Z][RSH.newgen-reagentstoragehandler][W][2330306][143]CRTCyclicEvent.cpp:TimeMissed():101|Cycle miss in event CCSICombinedRepManager. Time Overrun is 997 us[EOL]
[2026-09-22T07:26:25.686467Z][RSH.newgen-reagentstoragehandler][W][2330306][143]CRTCyclicEvent.cpp:TimeMissed():101|Cycle miss in event CCSICombinedCmdManager Cyclic Event. Time Overrun is 7462 us[EOL]
[2026-09-22T07:26:25.686512Z][RSH.newgen-reagentstoragehandler][W][2330306][143]CRTCyclicEvent.cpp:TimeMissed():101|Cycle miss in event CCSICombinedRepManager. Time Overrun is 7462 us[EOL]
[2026-09-22T07:26:26.064658Z][RSH.newgen-reagentstoragehandler][W][2330306][143]CRTCyclicEvent.cpp:TimeMissed():101|Cycle miss in event CCSICombinedCmdManager Cyclic Event. Time Overrun is 125655 us[EOL]
[2026-09-22T07:26:26.060071Z][RSH.rfidreader][W][2330306][136]CRTCyclicEvent.cpp:TimeMissed():101|Cycle miss in event CCSICombinedCmdManager Cyclic Event. Time Overrun is 114734 us[EOL]
[2026-09-22T07:26:26.060107Z][RSH.rfidreader][W][2330306][136]CRTCyclicEvent.cpp:TimeMissed():101|Cycle miss in event CCSICombinedRepManager. Time Overrun is 114734 us[EOL]
[2026-09-22T07:26:26.064684Z][RSH.newgen-reagentstoragehandler][W][2330306][143]CRTCyclicEvent.cpp:TimeMissed():101|Cycle miss in event CCSICombinedRepManager. Time Overrun is 125655 us[EOL]
[2026-09-22T07:26:26.278539Z][RSH.rfidreader][W][2330306][136]CRTCyclicEvent.cpp:TimeMissed():101|Cycle miss in event CCSICombinedCmdManager Cyclic Event. Time Overrun is 33202 us[EOL]
[2026-09-22T07:26:26.278572Z][RSH.rfidreader][W][2330306][136]CRTCyclicEvent.cpp:TimeMissed():101|Cycle miss in event CCSICombinedRepManager. Time Overrun is 33202 us[EOL]
[2026-09-22T07:26:26.275283Z][RSH.newgen-reagentstoragehandler][W][2330306][143]CRTCyclicEvent.cpp:TimeMissed():101|Cycle miss in event CCSICombinedCmdManager Cyclic Event. Time Overrun is 26280 us[EOL]
[2026-09-22T07:26:26.275319Z][RSH.newgen-reagentstoragehandler][W][2330306][143]CRTCyclicEvent.cpp:TimeMissed():101|Cycle miss in event CCSICombinedRepManager. Time Overrun is 26280 us[EOL]
[2026-09-22T07:26:27.777994Z][RSH.rfidreader][W][2330306][136]CRTCyclicEvent.cpp:TimeMissed():101|Cycle miss in event CCSICombinedCmdManager Cyclic Event. Time Overrun is 2657 us[EOL]
[2026-09-22T07:26:27.778047Z][RSH.rfidreader][W][2330306][136]CRTCyclicEvent.cpp:TimeMissed():101|Cycle miss in event CCSICombinedRepManager. Time Overrun is 2657 us[EOL]
[2026-09-22T07:26:30.865599Z][RSH.rfidreader][W][2330306][136]CRTCyclicEvent.cpp:TimeMissed():101|Cycle miss in event CCSICombinedCmdManager Cyclic Event. Time Overrun is 262 us[EOL]
[2026-09-22T07:26:30.865633Z][RSH.rfidreader][W][2330306][136]CRTCyclicEvent.cpp:TimeMissed():101|Cycle miss in event CCSICombinedRepManager. Time Overrun is 262 us[EOL]
[2026-09-22T07:26:33.748112Z][RSH.rfidreader][W][2330306][136]CRTCyclicEvent.cpp:TimeMissed():101|Cycle miss in event CCSICombinedCmdManager Cyclic Event. Time Overrun is 2771 us[EOL]
[2026-09-22T07:26:33.748158Z][RSH.rfidreader][W][2330306][136]CRTCyclicEvent.cpp:TimeMissed():101|Cycle miss in event CCSICombinedRepManager. Time Overrun is 2771 us[EOL]
[2026-09-22T07:26:33.896245Z][RSH.newgen-reagentstoragehandler][W][2330306][143]CRTCyclicEvent.cpp:TimeMissed():101|Cycle miss in event CCSICombinedCmdManager Cyclic Event. Time Overrun is 27235 us[EOL]
[2026-09-22T07:26:33.896322Z][RSH.newgen-reagentstoragehandler][W][2330306][143]CRTCyclicEvent.cpp:TimeMissed():101|Cycle miss in event CCSICombinedRepManager. Time Overrun is 27235 us[EOL]
[2026-09-22T07:26:33.898826Z][RSH.rfidreader][W][2330306][136]CRTCyclicEvent.cpp:TimeMissed():101|Cycle miss in event CCSICombinedCmdManager Cyclic Event. Time Overrun is 23489 us[EOL]
[2026-09-22T07:26:33.898921Z][RSH.rfidreader][W][2330306][136]CRTCyclicEvent.cpp:TimeMissed():101|Cycle miss in event CCSICombinedRepManager. Time Overrun is 23489 us[EOL]
[2026-09-22T07:26:34.173264Z][RSH.rfidreader][W][2330306][136]CRTCyclicEvent.cpp:TimeMissed():101|Cycle miss in event CCSICombinedCmdManager Cyclic Event. Time Overrun is 17917 us[EOL]
[2026-09-22T07:26:34.173356Z][RSH.rfidreader][W][2330306][136]CRTCyclicEvent.cpp:TimeMissed():101|Cycle miss in event CCSICombinedRepManager. Time Overrun is 17917 us[EOL]
[2026-09-22T07:26:34.173660Z][RSH.newgen-reagentstoragehandler][W][2330306][143]CRTCyclicEvent.cpp:TimeMissed():101|Cycle miss in event CCSICombinedCmdManager Cyclic Event. Time Overrun is 14466 us[EOL]
[2026-09-22T07:26:34.173771Z][RSH.newgen-reagentstoragehandler][W][2330306][143]CRTCyclicEvent.cpp:TimeMissed():101|Cycle miss in event CCSICombinedRepManager. Time Overrun is 14466 us[EOL]
[2026-09-22T07:26:34.621340Z][RSH.rfidreader][W][2330306][136]CRTCyclicEvent.cpp:TimeMissed():101|Cycle miss in event CCSICombinedCmdManager Cyclic Event. Time Overrun is 5917 us[EOL]
[2026-09-22T07:26:34.621377Z][RSH.rfidreader][W][2330306][136]CRTCyclicEvent.cpp:TimeMissed():101|Cycle miss in event CCSICombinedRepManager. Time Overrun is 5917 us[EOL]
[2026-09-22T07:26:35.452393Z][RSH.newgen-reagentstoragehandler][W][2330306][143]CRTCyclicEvent.cpp:TimeMissed():101|Cycle miss in event CCSICombinedCmdManager Cyclic Event. Time Overrun is 13387 us[EOL]
[2026-09-22T07:26:35.452750Z][RSH.newgen-reagentstoragehandler][W][2330306][143]CRTCyclicEvent.cpp:TimeMissed():101|Cycle miss in event CCSICombinedRepManager. Time Overrun is 13387 us[EOL]
[2026-09-22T07:26:40.526312Z][RSH.rfidreader][W][2330306][136]CRTCyclicEvent.cpp:TimeMissed():101|Cycle miss in event CCSICombinedCmdManager Cyclic Event. Time Overrun is 871 us[EOL]
[2026-09-22T07:26:40.526504Z][RSH.rfidreader][W][2330306][136]CRTCyclicEvent.cpp:TimeMissed():101|Cycle miss in event CCSICombinedRepManager. Time Overrun is 871 us[EOL]
[2026-09-22T07:26:42.313245Z][RSH.newgen-reagentstoragehandler][W][2330306][143]CRTCyclicEvent.cpp:TimeMissed():101|Cycle miss in event CCSICombinedCmdManager Cyclic Event. Time Overrun is 4164 us[EOL]
[2026-09-22T07:26:42.313381Z][RSH.newgen-reagentstoragehandler][W][2330306][143]CRTCyclicEvent.cpp:TimeMissed():101|Cycle miss in event CCSICombinedRepManager. Time Overrun is 4164 us[EOL]
[2026-09-22T07:26:42.409345Z][RSH.newgen-reagentstoragehandler][W][2330306][143]CRTCyclicEvent.cpp:TimeMissed():101|Cycle miss in event CCSICyclicRepManager. Time Overrun is 719443 us[EOL]
[2026-09-22T07:26:42.752377Z][RSH.rfidreader][W][2330306][136]CRTCyclicEvent.cpp:TimeMissed():101|Cycle miss in event CCSICombinedCmdManager Cyclic Event. Time Overrun is 267038 us[EOL]
[2026-09-22T07:26:42.752416Z][RSH.rfidreader][W][2330306][136]CRTCyclicEvent.cpp:TimeMissed():101|Cycle miss in event CCSICombinedRepManager. Time Overrun is 267038 us[EOL]
[2026-09-22T07:26:42.615632Z][RSH.newgen-reagentstoragehandler][W][2330306][143]CRTCyclicEvent.cpp:TimeMissed():101|Cycle miss in event CCSICombinedCmdManager Cyclic Event. Time Overrun is 126624 us[EOL]
[2026-09-22T07:26:42.946614Z][RSH.rfidreader][W][2330306][136]CRTCyclicEvent.cpp:TimeMissed():101|Cycle miss in event CCSICombinedCmdManager Cyclic Event. Time Overrun is 81273 us[EOL]
[2026-09-22T07:26:42.946652Z][RSH.rfidreader][W][2330306][136]CRTCyclicEvent.cpp:TimeMissed():101|Cycle miss in event CCSICombinedRepManager. Time Overrun is 81273 us[EOL]
[2026-09-22T07:26:43.328628Z][RSH.rfidreader][W][2330306][136]CRTCyclicEvent.cpp:TimeMissed():101|Cycle miss in event CCSICombinedCmdManager Cyclic Event. Time Overrun is 263289 us[EOL]
[2026-09-22T07:26:43.328665Z][RSH.rfidreader][W][2330306][136]CRTCyclicEvent.cpp:TimeMissed():101|Cycle miss in event CCSICombinedRepManager. Time Overrun is 263289 us[EOL]
[2026-09-22T07:26:42.615671Z][RSH.newgen-reagentstoragehandler][W][2330306][143]CRTCyclicEvent.cpp:TimeMissed():101|Cycle miss in event CCSICombinedRepManager. Time Overrun is 126624 us[EOL]
[2026-09-22T07:26:42.956227Z][RSH.newgen-reagentstoragehandler][W][2330306][143]CRTCyclicEvent.cpp:TimeMissed():101|Cycle miss in event CCSICombinedCmdManager Cyclic Event. Time Overrun is 237221 us[EOL]
[2026-09-22T07:26:42.956330Z][RSH.newgen-reagentstoragehandler][W][2330306][143]CRTCyclicEvent.cpp:TimeMissed():101|Cycle miss in event CCSICombinedRepManager. Time Overrun is 237221 us[EOL]
[2026-09-22T07:26:43.364866Z][RSH.newgen-reagentstoragehandler][W][2330306][143]CRTCyclicEvent.cpp:TimeMissed():101|Cycle miss in event CCSICombinedCmdManager Cyclic Event. Time Overrun is 295859 us[EOL]
[2026-09-22T07:26:43.364900Z][RSH.newgen-reagentstoragehandler][W][2330306][143]CRTCyclicEvent.cpp:TimeMissed():101|Cycle miss in event CCSICombinedRepManager. Time Overrun is 295859 us[EOL]
[2026-09-22T07:26:43.501590Z][RSH.newgen-reagentstoragehandler][W][2330306][143]CRTCyclicEvent.cpp:TimeMissed():101|Cycle miss in event CCSICombinedCmdManager Cyclic Event. Time Overrun is 2581 us[EOL]
[2026-09-22T07:26:43.501637Z][RSH.newgen-reagentstoragehandler][W][2330306][143]CRTCyclicEvent.cpp:TimeMissed():101|Cycle miss in event CCSICombinedRepManager. Time Overrun is 2581 us[EOL]
[2026-09-22T07:26:43.659855Z][RSH.rfidreader][W][2330306][136]CRTCyclicEvent.cpp:TimeMissed():101|Cycle miss in event CCSICombinedCmdManager Cyclic Event. Time Overrun is 84518 us[EOL]
[2026-09-22T07:26:43.659895Z][RSH.rfidreader][W][2330306][136]CRTCyclicEvent.cpp:TimeMissed():101|Cycle miss in event CCSICombinedRepManager. Time Overrun is 84518 us[EOL]
[2026-09-22T07:26:43.739958Z][RSH.newgen-reagentstoragehandler][W][2330306][143]CRTCyclicEvent.cpp:TimeMissed():101|Cycle miss in event CCSICombinedCmdManager Cyclic Event. Time Overrun is 30952 us[EOL]
[2026-09-22T07:26:43.739996Z][RSH.newgen-reagentstoragehandler][W][2330306][143]CRTCyclicEvent.cpp:TimeMissed():101|Cycle miss in event CCSICombinedRepManager. Time Overrun is 30952 us[EOL]
[2026-09-22T07:26:43.777630Z][RSH.rfidreader][W][2330306][136]CRTCyclicEvent.cpp:TimeMissed():101|Cycle miss in event CCSICombinedCmdManager Cyclic Event. Time Overrun is 2292 us[EOL]
[2026-09-22T07:26:43.777666Z][RSH.rfidreader][W][2330306][136]CRTCyclicEvent.cpp:TimeMissed():101|Cycle miss in event CCSICombinedRepManager. Time Overrun is 2292 us[EOL]
[2026-09-22T07:26:43.895935Z][RSH.newgen-reagentstoragehandler][W][2330306][143]CRTCyclicEvent.cpp:TimeMissed():101|Cycle miss in event CCSICombinedCmdManager Cyclic Event. Time Overrun is 36930 us[EOL]
[2026-09-22T07:26:43.895969Z][RSH.newgen-reagentstoragehandler][W][2330306][143]CRTCyclicEvent.cpp:TimeMissed():101|Cycle miss in event CCSICombinedRepManager. Time Overrun is 36930 us[EOL]
[2026-09-22T07:26:44.008810Z][RSH.rfidreader][W][2330306][136]CRTCyclicEvent.cpp:TimeMissed():101|Cycle miss in event CCSICombinedCmdManager Cyclic Event. Time Overrun is 3470 us[EOL]
[2026-09-22T07:26:44.008846Z][RSH.rfidreader][W][2330306][136]CRTCyclicEvent.cpp:TimeMissed():101|Cycle miss in event CCSICombinedRepManager. Time Overrun is 3470 us[EOL]
[2026-09-22T07:26:44.059778Z][RSH.newgen-reagentstoragehandler][W][2330306][143]CRTCyclicEvent.cpp:TimeMissed():101|Cycle miss in event CCSICombinedCmdManager Cyclic Event. Time Overrun is 20775 us[EOL]
[2026-09-22T07:26:44.059807Z][RSH.newgen-reagentstoragehandler][W][2330306][143]CRTCyclicEvent.cpp:TimeMissed():101|Cycle miss in event CCSICombinedRepManager. Time Overrun is 20775 us[EOL]
[2026-09-22T07:26:44.262470Z][RSH.rfidreader][W][2330306][136]CRTCyclicEvent.cpp:TimeMissed():101|Cycle miss in event CCSICombinedCmdManager Cyclic Event. Time Overrun is 97129 us[EOL]
[2026-09-22T07:26:44.262513Z][RSH.rfidreader][W][2330306][136]CRTCyclicEvent.cpp:TimeMissed():101|Cycle miss in event CCSICombinedRepManager. Time Overrun is 97129 us[EOL]
[2026-09-22T07:26:44.448621Z][RSH.rfidreader][W][2330306][136]CRTCyclicEvent.cpp:TimeMissed():101|Cycle miss in event CCSICombinedCmdManager Cyclic Event. Time Overrun is 73279 us[EOL]
[2026-09-22T07:26:44.448659Z][RSH.rfidreader][W][2330306][136]CRTCyclicEvent.cpp:TimeMissed():101|Cycle miss in event CCSICombinedRepManager. Time Overrun is 73279 us[EOL]
[2026-09-22T07:26:44.687119Z][RSH.rfidreader][W][2330306][136]CRTCyclicEvent.cpp:TimeMissed():101|Cycle miss in event CCSICombinedCmdManager Cyclic Event. Time Overrun is 121780 us[EOL]
[2026-09-22T07:26:44.687171Z][RSH.rfidreader][W][2330306][136]CRTCyclicEvent.cpp:TimeMissed():101|Cycle miss in event CCSICombinedRepManager. Time Overrun is 121780 us[EOL]
[2026-09-22T07:26:44.705869Z][RSH.newgen-reagentstoragehandler][W][2330306][143]CRTCyclicEvent.cpp:TimeMissed():101|Cycle miss in event CCSICombinedCmdManager Cyclic Event. Time Overrun is 116862 us[EOL]
[2026-09-22T07:26:44.705921Z][RSH.newgen-reagentstoragehandler][W][2330306][143]CRTCyclicEvent.cpp:TimeMissed():101|Cycle miss in event CCSICombinedRepManager. Time Overrun is 116862 us[EOL]
[2026-09-22T07:26:44.705964Z][RSH.newgen-reagentstoragehandler][W][2330306][143]CRTCyclicEvent.cpp:TimeMissed():101|Cycle miss in event CCSICyclicRepManager. Time Overrun is 16661 us[EOL]
[2026-09-22T07:26:44.807503Z][RSH.rfidreader][W][2330306][136]CRTCyclicEvent.cpp:TimeMissed():101|Cycle miss in event CCSICombinedCmdManager Cyclic Event. Time Overrun is 2151 us[EOL]
[2026-09-22T07:26:44.962676Z][RSH.newgen-reagentstoragehandler][W][2330306][143]CRTCyclicEvent.cpp:TimeMissed():101|Cycle miss in event CCSICombinedCmdManager Cyclic Event. Time Overrun is 133670 us[EOL]
[2026-09-22T07:26:44.962738Z][RSH.newgen-reagentstoragehandler][W][2330306][143]CRTCyclicEvent.cpp:TimeMissed():101|Cycle miss in event CCSICombinedRepManager. Time Overrun is 133670 us[EOL]
[2026-09-22T07:26:44.807558Z][RSH.rfidreader][W][2330306][136]CRTCyclicEvent.cpp:TimeMissed():101|Cycle miss in event CCSICombinedRepManager. Time Overrun is 2151 us[EOL]
[2026-09-22T07:26:44.963934Z][RSH.rfidreader][W][2330306][136]CRTCyclicEvent.cpp:TimeMissed():101|Cycle miss in event CCSICombinedCmdManager Cyclic Event. Time Overrun is 38594 us[EOL]
[2026-09-22T07:26:44.963966Z][RSH.rfidreader][W][2330306][136]CRTCyclicEvent.cpp:TimeMissed():101|Cycle miss in event CCSICombinedRepManager. Time Overrun is 38594 us[EOL]
[2026-09-22T07:26:45.089521Z][RSH.rfidreader][W][2330306][136]CRTCyclicEvent.cpp:TimeMissed():101|Cycle miss in event CCSICombinedCmdManager Cyclic Event. Time Overrun is 14099 us[EOL]
[2026-09-22T07:26:45.089680Z][RSH.rfidreader][W][2330306][136]CRTCyclicEvent.cpp:TimeMissed():101|Cycle miss in event CCSICombinedRepManager. Time Overrun is 14099 us[EOL]
[2026-09-22T07:26:45.085212Z][RSH.newgen-reagentstoragehandler][W][2330306][143]CRTCyclicEvent.cpp:TimeMissed():101|Cycle miss in event CCSICombinedCmdManager Cyclic Event. Time Overrun is 6182 us[EOL]
[2026-09-22T07:26:45.085585Z][RSH.newgen-reagentstoragehandler][W][2330306][143]CRTCyclicEvent.cpp:TimeMissed():101|Cycle miss in event CCSICombinedRepManager. Time Overrun is 6182 us[EOL]
[2026-09-22T07:26:45.227146Z][RSH.rfidreader][W][2330306][136]CRTCyclicEvent.cpp:TimeMissed():101|Cycle miss in event CCSICombinedCmdManager Cyclic Event. Time Overrun is 1803 us[EOL]
[2026-09-22T07:26:45.228586Z][RSH.newgen-reagentstoragehandler][W][2330306][143]CRTCyclicEvent.cpp:TimeMissed():101|Cycle miss in event CCSICombinedCmdManager Cyclic Event. Time Overrun is 29577 us[EOL]
[2026-09-22T07:26:45.227338Z][RSH.rfidreader][W][2330306][136]CRTCyclicEvent.cpp:TimeMissed():101|Cycle miss in event CCSICombinedRepManager. Time Overrun is 1803 us[EOL]
[2026-09-22T07:26:45.228698Z][RSH.newgen-reagentstoragehandler][W][2330306][143]CRTCyclicEvent.cpp:TimeMissed():101|Cycle miss in event CCSICombinedRepManager. Time Overrun is 29577 us[EOL]
[2026-09-22T07:26:45.346236Z][RSH.rfidreader][W][2330306][136]CRTCyclicEvent.cpp:TimeMissed():101|Cycle miss in event CCSICombinedCmdManager Cyclic Event. Time Overrun is 902 us[EOL]
[2026-09-22T07:26:45.346254Z][RSH.rfidreader][W][2330306][136]CRTCyclicEvent.cpp:TimeMissed():101|Cycle miss in event CCSICombinedRepManager. Time Overrun is 902 us[EOL]
[2026-09-22T07:26:45.346029Z][RSH.newgen-reagentstoragehandler][W][2330306][143]CRTCyclicEvent.cpp:TimeMissed():101|Cycle miss in event CCSICombinedCmdManager Cyclic Event. Time Overrun is 7027 us[EOL]
[2026-09-22T07:26:45.346053Z][RSH.newgen-reagentstoragehandler][W][2330306][143]CRTCyclicEvent.cpp:TimeMissed():101|Cycle miss in event CCSICombinedRepManager. Time Overrun is 7027 us[EOL]
[2026-09-22T07:26:45.480507Z][RSH.rfidreader][W][2330306][136]CRTCyclicEvent.cpp:TimeMissed():101|Cycle miss in event CCSICombinedCmdManager Cyclic Event. Time Overrun is 15165 us[EOL]
[2026-09-22T07:26:45.480560Z][RSH.rfidreader][W][2330306][136]CRTCyclicEvent.cpp:TimeMissed():101|Cycle miss in event CCSICombinedRepManager. Time Overrun is 15165 us[EOL]
[2026-09-22T07:26:45.601314Z][RSH.newgen-reagentstoragehandler][W][2330306][143]CRTCyclicEvent.cpp:TimeMissed():101|Cycle miss in event CCSICombinedCmdManager Cyclic Event. Time Overrun is 82306 us[EOL]
[2026-09-22T07:26:45.601386Z][RSH.newgen-reagentstoragehandler][W][2330306][143]CRTCyclicEvent.cpp:TimeMissed():101|Cycle miss in event CCSICombinedRepManager. Time Overrun is 82306 us[EOL]
[2026-09-22T07:26:45.602162Z][RSH.rfidreader][W][2330306][136]CRTCyclicEvent.cpp:TimeMissed():101|Cycle miss in event CCSICombinedCmdManager Cyclic Event. Time Overrun is 6822 us[EOL]
[2026-09-22T07:26:45.602223Z][RSH.rfidreader][W][2330306][136]CRTCyclicEvent.cpp:TimeMissed():101|Cycle miss in event CCSICombinedRepManager. Time Overrun is 6822 us[EOL]
[2026-09-22T07:26:45.752671Z][RSH.rfidreader][W][2330306][136]CRTCyclicEvent.cpp:TimeMissed():101|Cycle miss in event CCSICombinedCmdManager Cyclic Event. Time Overrun is 37332 us[EOL]
[2026-09-22T07:26:45.752706Z][RSH.rfidreader][W][2330306][136]CRTCyclicEvent.cpp:TimeMissed():101|Cycle miss in event CCSICombinedRepManager. Time Overrun is 37332 us[EOL]
[2026-09-22T07:26:45.897219Z][RSH.newgen-reagentstoragehandler][W][2330306][143]CRTCyclicEvent.cpp:TimeMissed():101|Cycle miss in event CCSICyclicRepManager. Time Overrun is 7907 us[EOL]
[2026-09-22T07:26:45.916360Z][RSH.rfidreader][W][2330306][136]CRTCyclicEvent.cpp:TimeMissed():101|Cycle miss in event CCSICombinedCmdManager Cyclic Event. Time Overrun is 51024 us[EOL]
[2026-09-22T07:26:45.915730Z][RSH.newgen-reagentstoragehandler][W][2330306][143]CRTCyclicEvent.cpp:TimeMissed():101|Cycle miss in event CCSICombinedCmdManager Cyclic Event. Time Overrun is 136726 us[EOL]
[2026-09-22T07:26:45.915755Z][RSH.newgen-reagentstoragehandler][W][2330306][143]CRTCyclicEvent.cpp:TimeMissed():101|Cycle miss in event CCSICombinedRepManager. Time Overrun is 136726 us[EOL]
[2026-09-22T07:26:45.916394Z][RSH.rfidreader][W][2330306][136]CRTCyclicEvent.cpp:TimeMissed():101|Cycle miss in event CCSICombinedRepManager. Time Overrun is 51024 us[EOL]
[2026-09-22T07:26:46.084883Z][RSH.newgen-reagentstoragehandler][W][2330306][143]CRTCyclicEvent.cpp:TimeMissed():101|Cycle miss in event CCSICombinedCmdManager Cyclic Event. Time Overrun is 55876 us[EOL]
[2026-09-22T07:26:46.084530Z][RSH.rfidreader][W][2330306][136]CRTCyclicEvent.cpp:TimeMissed():101|Cycle miss in event CCSICombinedCmdManager Cyclic Event. Time Overrun is 49184 us[EOL]
[2026-09-22T07:26:46.084995Z][RSH.newgen-reagentstoragehandler][W][2330306][143]CRTCyclicEvent.cpp:TimeMissed():101|Cycle miss in event CCSICombinedRepManager. Time Overrun is 55876 us[EOL]
[2026-09-22T07:26:46.084558Z][RSH.rfidreader][W][2330306][136]CRTCyclicEvent.cpp:TimeMissed():101|Cycle miss in event CCSICombinedRepManager. Time Overrun is 49184 us[EOL]
[2026-09-22T07:26:46.229771Z][RSH.newgen-reagentstoragehandler][W][2330306][143]CRTCyclicEvent.cpp:TimeMissed():101|Cycle miss in event CCSICombinedCmdManager Cyclic Event. Time Overrun is 30763 us[EOL]
[2026-09-22T07:26:46.228147Z][RSH.rfidreader][W][2330306][136]CRTCyclicEvent.cpp:TimeMissed():101|Cycle miss in event CCSICombinedCmdManager Cyclic Event. Time Overrun is 32806 us[EOL]
[2026-09-22T07:26:46.229804Z][RSH.newgen-reagentstoragehandler][W][2330306][143]CRTCyclicEvent.cpp:TimeMissed():101|Cycle miss in event CCSICombinedRepManager. Time Overrun is 30763 us[EOL]
[2026-09-22T07:26:46.228184Z][RSH.rfidreader][W][2330306][136]CRTCyclicEvent.cpp:TimeMissed():101|Cycle miss in event CCSICombinedRepManager. Time Overrun is 32806 us[EOL]
[2026-09-22T07:26:46.350503Z][RSH.newgen-reagentstoragehandler][W][2330306][143]CRTCyclicEvent.cpp:TimeMissed():101|Cycle miss in event CCSICombinedCmdManager Cyclic Event. Time Overrun is 1498 us[EOL]
[2026-09-22T07:26:46.350533Z][RSH.newgen-reagentstoragehandler][W][2330306][143]CRTCyclicEvent.cpp:TimeMissed():101|Cycle miss in event CCSICombinedRepManager. Time Overrun is 1498 us[EOL]
[2026-09-22T07:26:46.472556Z][RSH.newgen-reagentstoragehandler][W][2330306][143]CRTCyclicEvent.cpp:TimeMissed():101|Cycle miss in event CCSICombinedCmdManager Cyclic Event. Time Overrun is 3553 us[EOL]
[2026-09-22T07:26:46.472581Z][RSH.newgen-reagentstoragehandler][W][2330306][143]CRTCyclicEvent.cpp:TimeMissed():101|Cycle miss in event CCSICombinedRepManager. Time Overrun is 3553 us[EOL]
[2026-09-22T07:26:46.589209Z][RSH.newgen-reagentstoragehandler][W][2330306][143]CRTCyclicEvent.cpp:TimeMissed():101|Cycle miss in event CCSICombinedCmdManager Cyclic Event. Time Overrun is 206 us[EOL]
[2026-09-22T07:26:46.589236Z][RSH.newgen-reagentstoragehandler][W][2330306][143]CRTCyclicEvent.cpp:TimeMissed():101|Cycle miss in event CCSICombinedRepManager. Time Overrun is 206 us[EOL]
[2026-09-22T07:26:46.626607Z][RSH.rfidreader][W][2330306][136]CRTCyclicEvent.cpp:TimeMissed():101|Cycle miss in event CCSICombinedCmdManager Cyclic Event. Time Overrun is 11272 us[EOL]
[2026-09-22T07:26:46.626635Z][RSH.rfidreader][W][2330306][136]CRTCyclicEvent.cpp:TimeMissed():101|Cycle miss in event CCSICombinedRepManager. Time Overrun is 11272 us[EOL]
[2026-09-22T07:26:46.747899Z][RSH.newgen-reagentstoragehandler][W][2330306][143]CRTCyclicEvent.cpp:TimeMissed():101|Cycle miss in event CCSICombinedCmdManager Cyclic Event. Time Overrun is 38894 us[EOL]
[2026-09-22T07:26:46.748884Z][RSH.rfidreader][W][2330306][136]CRTCyclicEvent.cpp:TimeMissed():101|Cycle miss in event CCSICombinedCmdManager Cyclic Event. Time Overrun is 3547 us[EOL]
[2026-09-22T07:26:46.747932Z][RSH.newgen-reagentstoragehandler][W][2330306][143]CRTCyclicEvent.cpp:TimeMissed():101|Cycle miss in event CCSICombinedRepManager. Time Overrun is 38894 us[EOL]
[2026-09-22T07:26:46.748918Z][RSH.rfidreader][W][2330306][136]CRTCyclicEvent.cpp:TimeMissed():101|Cycle miss in event CCSICombinedRepManager. Time Overrun is 3547 us[EOL]
[2026-09-22T07:26:46.997096Z][RSH.rfidreader][W][2330306][136]CRTCyclicEvent.cpp:TimeMissed():101|Cycle miss in event CCSICombinedCmdManager Cyclic Event. Time Overrun is 121755 us[EOL]
[2026-09-22T07:26:46.997138Z][RSH.rfidreader][W][2330306][136]CRTCyclicEvent.cpp:TimeMissed():101|Cycle miss in event CCSICombinedRepManager. Time Overrun is 121755 us[EOL]
[2026-09-22T07:26:46.996818Z][RSH.newgen-reagentstoragehandler][W][2330306][143]CRTCyclicEvent.cpp:TimeMissed():101|Cycle miss in event CCSICombinedCmdManager Cyclic Event. Time Overrun is 127809 us[EOL]
[2026-09-22T07:26:46.997093Z][RSH.newgen-reagentstoragehandler][W][2330306][143]CRTCyclicEvent.cpp:TimeMissed():101|Cycle miss in event CCSICombinedRepManager. Time Overrun is 127809 us[EOL]
[2026-09-22T07:26:47.214987Z][RSH.newgen-reagentstoragehandler][W][2330306][143]CRTCyclicEvent.cpp:TimeMissed():101|Cycle miss in event CCSICombinedCmdManager Cyclic Event. Time Overrun is 95982 us[EOL]
[2026-09-22T07:26:47.215017Z][RSH.newgen-reagentstoragehandler][W][2330306][143]CRTCyclicEvent.cpp:TimeMissed():101|Cycle miss in event CCSICombinedRepManager. Time Overrun is 95982 us[EOL]
[2026-09-22T07:26:47.368199Z][RSH.rfidreader][W][2330306][136]CRTCyclicEvent.cpp:TimeMissed():101|Cycle miss in event CCSICombinedCmdManager Cyclic Event. Time Overrun is 42860 us[EOL]
[2026-09-22T07:26:47.368223Z][RSH.rfidreader][W][2330306][136]CRTCyclicEvent.cpp:TimeMissed():101|Cycle miss in event CCSICombinedRepManager. Time Overrun is 42860 us[EOL]
[2026-09-22T07:26:47.502592Z][RSH.rfidreader][W][2330306][136]CRTCyclicEvent.cpp:TimeMissed():101|Cycle miss in event CCSICombinedCmdManager Cyclic Event. Time Overrun is 7171 us[EOL]
[2026-09-22T07:26:47.502631Z][RSH.rfidreader][W][2330306][136]CRTCyclicEvent.cpp:TimeMissed():101|Cycle miss in event CCSICombinedRepManager. Time Overrun is 7171 us[EOL]
[2026-09-22T07:26:47.635833Z][RSH.rfidreader][W][2330306][136]CRTCyclicEvent.cpp:TimeMissed():101|Cycle miss in event CCSICombinedCmdManager Cyclic Event. Time Overrun is 20493 us[EOL]
[2026-09-22T07:26:47.635879Z][RSH.rfidreader][W][2330306][136]CRTCyclicEvent.cpp:TimeMissed():101|Cycle miss in event CCSICombinedRepManager. Time Overrun is 20493 us[EOL]
[2026-09-22T07:26:47.767729Z][RSH.rfidreader][W][2330306][136]CRTCyclicEvent.cpp:TimeMissed():101|Cycle miss in event CCSICombinedCmdManager Cyclic Event. Time Overrun is 12393 us[EOL]
[2026-09-22T07:26:47.767755Z][RSH.rfidreader][W][2330306][136]CRTCyclicEvent.cpp:TimeMissed():101|Cycle miss in event CCSICombinedRepManager. Time Overrun is 12393 us[EOL]
[2026-09-22T07:26:47.941604Z][RSH.rfidreader][W][2330306][136]CRTCyclicEvent.cpp:TimeMissed():101|Cycle miss in event CCSICombinedCmdManager Cyclic Event. Time Overrun is 56266 us[EOL]
[2026-09-22T07:26:47.941722Z][RSH.rfidreader][W][2330306][136]CRTCyclicEvent.cpp:TimeMissed():101|Cycle miss in event CCSICombinedRepManager. Time Overrun is 56266 us[EOL]
[2026-09-22T07:26:48.210108Z][RSH.newgen-reagentstoragehandler][W][2330306][143]CRTCyclicEvent.cpp:TimeMissed():101|Cycle miss in event CCSICombinedCmdManager Cyclic Event. Time Overrun is 21104 us[EOL]
[2026-09-22T07:26:48.210139Z][RSH.newgen-reagentstoragehandler][W][2330306][143]CRTCyclicEvent.cpp:TimeMissed():101|Cycle miss in event CCSICombinedRepManager. Time Overrun is 21104 us[EOL]
[2026-09-22T07:26:48.333299Z][RSH.newgen-reagentstoragehandler][W][2330306][143]CRTCyclicEvent.cpp:TimeMissed():101|Cycle miss in event CCSICombinedCmdManager Cyclic Event. Time Overrun is 4290 us[EOL]
[2026-09-22T07:26:48.333360Z][RSH.newgen-reagentstoragehandler][W][2330306][143]CRTCyclicEvent.cpp:TimeMissed():101|Cycle miss in event CCSICombinedRepManager. Time Overrun is 4290 us[EOL]
[2026-09-22T07:26:48.470634Z][RSH.newgen-reagentstoragehandler][W][2330306][143]CRTCyclicEvent.cpp:TimeMissed():101|Cycle miss in event CCSICombinedCmdManager Cyclic Event. Time Overrun is 21626 us[EOL]
[2026-09-22T07:26:48.470690Z][RSH.newgen-reagentstoragehandler][W][2330306][143]CRTCyclicEvent.cpp:TimeMissed():101|Cycle miss in event CCSICombinedRepManager. Time Overrun is 21626 us[EOL]
[2026-09-22T07:26:48.668706Z][RSH.rfidreader][W][2330306][136]CRTCyclicEvent.cpp:TimeMissed():101|Cycle miss in event CCSICombinedCmdManager Cyclic Event. Time Overrun is 53369 us[EOL]
[2026-09-22T07:26:48.668736Z][RSH.rfidreader][W][2330306][136]CRTCyclicEvent.cpp:TimeMissed():101|Cycle miss in event CCSICombinedRepManager. Time Overrun is 53369 us[EOL]
[2026-09-22T07:26:48.772972Z][RSH.newgen-reagentstoragehandler][W][2330306][143]CRTCyclicEvent.cpp:TimeMissed():101|Cycle miss in event CCSICombinedCmdManager Cyclic Event. Time Overrun is 23963 us[EOL]
[2026-09-22T07:26:48.773057Z][RSH.newgen-reagentstoragehandler][W][2330306][143]CRTCyclicEvent.cpp:TimeMissed():101|Cycle miss in event CCSICombinedRepManager. Time Overrun is 23963 us[EOL]
[2026-09-22T07:26:48.890492Z][RSH.rfidreader][W][2330306][136]CRTCyclicEvent.cpp:TimeMissed():101|Cycle miss in event CCSICombinedCmdManager Cyclic Event. Time Overrun is 95153 us[EOL]
[2026-09-22T07:26:48.891052Z][RSH.newgen-reagentstoragehandler][W][2330306][143]CRTCyclicEvent.cpp:TimeMissed():101|Cycle miss in event CCSICombinedCmdManager Cyclic Event. Time Overrun is 2047 us[EOL]
[2026-09-22T07:26:48.891078Z][RSH.newgen-reagentstoragehandler][W][2330306][143]CRTCyclicEvent.cpp:TimeMissed():101|Cycle miss in event CCSICombinedRepManager. Time Overrun is 2047 us[EOL]
[2026-09-22T07:26:48.890530Z][RSH.rfidreader][W][2330306][136]CRTCyclicEvent.cpp:TimeMissed():101|Cycle miss in event CCSICombinedRepManager. Time Overrun is 95153 us[EOL]
[2026-09-22T07:26:48.891796Z][RSH.newgen-reagentstoragehandler][W][2330306][143]CRTCyclicEvent.cpp:TimeMissed():101|Cycle miss in event CCSICyclicRepManager. Time Overrun is 2494 us[EOL]
[2026-09-22T07:26:49.028729Z][RSH.newgen-reagentstoragehandler][W][2330306][143]CRTCyclicEvent.cpp:TimeMissed():101|Cycle miss in event CCSICombinedCmdManager Cyclic Event. Time Overrun is 19721 us[EOL]
[2026-09-22T07:26:49.028774Z][RSH.newgen-reagentstoragehandler][W][2330306][143]CRTCyclicEvent.cpp:TimeMissed():101|Cycle miss in event CCSICombinedRepManager. Time Overrun is 19721 us[EOL]
[2026-09-22T07:26:49.028269Z][RSH.rfidreader][W][2330306][136]CRTCyclicEvent.cpp:TimeMissed():101|Cycle miss in event CCSICombinedCmdManager Cyclic Event. Time Overrun is 22932 us[EOL]
[2026-09-22T07:26:49.028301Z][RSH.rfidreader][W][2330306][136]CRTCyclicEvent.cpp:TimeMissed():101|Cycle miss in event CCSICombinedRepManager. Time Overrun is 22932 us[EOL]
[2026-09-22T07:26:49.140247Z][RSH.newgen-reagentstoragehandler][W][2330306][143]CRTCyclicEvent.cpp:TimeMissed():101|Cycle miss in event CCSICombinedCmdManager Cyclic Event. Time Overrun is 1235 us[EOL]
[2026-09-22T07:26:49.140293Z][RSH.newgen-reagentstoragehandler][W][2330306][143]CRTCyclicEvent.cpp:TimeMissed():101|Cycle miss in event CCSICombinedRepManager. Time Overrun is 1235 us[EOL]
[2026-09-22T07:26:49.155697Z][RSH.rfidreader][W][2330306][136]CRTCyclicEvent.cpp:TimeMissed():101|Cycle miss in event CCSICombinedCmdManager Cyclic Event. Time Overrun is 362 us[EOL]
[2026-09-22T07:26:49.155727Z][RSH.rfidreader][W][2330306][136]CRTCyclicEvent.cpp:TimeMissed():101|Cycle miss in event CCSICombinedRepManager. Time Overrun is 362 us[EOL]
[2026-09-22T07:26:49.292092Z][RSH.newgen-reagentstoragehandler][W][2330306][143]CRTCyclicEvent.cpp:TimeMissed():101|Cycle miss in event CCSICombinedCmdManager Cyclic Event. Time Overrun is 33084 us[EOL]
[2026-09-22T07:26:49.292260Z][RSH.newgen-reagentstoragehandler][W][2330306][143]CRTCyclicEvent.cpp:TimeMissed():101|Cycle miss in event CCSICombinedRepManager. Time Overrun is 33084 us[EOL]
[2026-09-22T07:26:49.292584Z][RSH.rfidreader][W][2330306][136]CRTCyclicEvent.cpp:TimeMissed():101|Cycle miss in event CCSICombinedCmdManager Cyclic Event. Time Overrun is 17243 us[EOL]
[2026-09-22T07:26:49.292633Z][RSH.rfidreader][W][2330306][136]CRTCyclicEvent.cpp:TimeMissed():101|Cycle miss in event CCSICombinedRepManager. Time Overrun is 17243 us[EOL]
[2026-09-22T07:26:49.432024Z][RSH.newgen-reagentstoragehandler][W][2330306][143]CRTCyclicEvent.cpp:TimeMissed():101|Cycle miss in event CCSICombinedCmdManager Cyclic Event. Time Overrun is 23004 us[EOL]
[2026-09-22T07:26:49.432059Z][RSH.newgen-reagentstoragehandler][W][2330306][143]CRTCyclicEvent.cpp:TimeMissed():101|Cycle miss in event CCSICombinedRepManager. Time Overrun is 23004 us[EOL]
[2026-09-22T07:26:49.432079Z][RSH.rfidreader][W][2330306][136]CRTCyclicEvent.cpp:TimeMissed():101|Cycle miss in event CCSICombinedCmdManager Cyclic Event. Time Overrun is 26736 us[EOL]
[2026-09-22T07:26:49.432116Z][RSH.rfidreader][W][2330306][136]CRTCyclicEvent.cpp:TimeMissed():101|Cycle miss in event CCSICombinedRepManager. Time Overrun is 26736 us[EOL]
[2026-09-22T07:26:49.570658Z][RSH.rfidreader][W][2330306][136]CRTCyclicEvent.cpp:TimeMissed():101|Cycle miss in event CCSICombinedCmdManager Cyclic Event. Time Overrun is 25317 us[EOL]
[2026-09-22T07:26:49.570368Z][RSH.newgen-reagentstoragehandler][W][2330306][143]CRTCyclicEvent.cpp:TimeMissed():101|Cycle miss in event CCSICombinedCmdManager Cyclic Event. Time Overrun is 21361 us[EOL]
[2026-09-22T07:26:49.570417Z][RSH.newgen-reagentstoragehandler][W][2330306][143]CRTCyclicEvent.cpp:TimeMissed():101|Cycle miss in event CCSICombinedRepManager. Time Overrun is 21361 us[EOL]
[2026-09-22T07:26:49.570708Z][RSH.rfidreader][W][2330306][136]CRTCyclicEvent.cpp:TimeMissed():101|Cycle miss in event CCSICombinedRepManager. Time Overrun is 25317 us[EOL]
[2026-09-22T07:26:49.695862Z][RSH.rfidreader][W][2330306][136]CRTCyclicEvent.cpp:TimeMissed():101|Cycle miss in event CCSICombinedCmdManager Cyclic Event. Time Overrun is 10525 us[EOL]
[2026-09-22T07:26:49.695190Z][RSH.newgen-reagentstoragehandler][W][2330306][143]CRTCyclicEvent.cpp:TimeMissed():101|Cycle miss in event CCSICombinedCmdManager Cyclic Event. Time Overrun is 6182 us[EOL]
[2026-09-22T07:26:49.695906Z][RSH.rfidreader][W][2330306][136]CRTCyclicEvent.cpp:TimeMissed():101|Cycle miss in event CCSICombinedRepManager. Time Overrun is 10525 us[EOL]
[2026-09-22T07:26:49.820821Z][RSH.rfidreader][W][2330306][136]CRTCyclicEvent.cpp:TimeMissed():101|Cycle miss in event CCSICombinedCmdManager Cyclic Event. Time Overrun is 5483 us[EOL]
[2026-09-22T07:26:49.695234Z][RSH.newgen-reagentstoragehandler][W][2330306][143]CRTCyclicEvent.cpp:TimeMissed():101|Cycle miss in event CCSICombinedRepManager. Time Overrun is 6182 us[EOL]
[2026-09-22T07:26:49.820846Z][RSH.rfidreader][W][2330306][136]CRTCyclicEvent.cpp:TimeMissed():101|Cycle miss in event CCSICombinedRepManager. Time Overrun is 5483 us[EOL]
[2026-09-22T07:26:49.820901Z][RSH.newgen-reagentstoragehandler][W][2330306][143]CRTCyclicEvent.cpp:TimeMissed():101|Cycle miss in event CCSICombinedCmdManager Cyclic Event. Time Overrun is 11888 us[EOL]
[2026-09-22T07:26:49.820942Z][RSH.newgen-reagentstoragehandler][W][2330306][143]CRTCyclicEvent.cpp:TimeMissed():101|Cycle miss in event CCSICombinedRepManager. Time Overrun is 11888 us[EOL]
[2026-09-22T07:26:49.956387Z][RSH.newgen-reagentstoragehandler][W][2330306][143]CRTCyclicEvent.cpp:TimeMissed():101|Cycle miss in event CCSICombinedCmdManager Cyclic Event. Time Overrun is 17383 us[EOL]
[2026-09-22T07:26:49.956418Z][RSH.newgen-reagentstoragehandler][W][2330306][143]CRTCyclicEvent.cpp:TimeMissed():101|Cycle miss in event CCSICombinedRepManager. Time Overrun is 17383 us[EOL]
[2026-09-22T07:26:49.955396Z][RSH.rfidreader][W][2330306][136]CRTCyclicEvent.cpp:TimeMissed():101|Cycle miss in event CCSICombinedCmdManager Cyclic Event. Time Overrun is 20058 us[EOL]
[2026-09-22T07:26:49.955435Z][RSH.rfidreader][W][2330306][136]CRTCyclicEvent.cpp:TimeMissed():101|Cycle miss in event CCSICombinedRepManager. Time Overrun is 20058 us[EOL]
[2026-09-22T07:26:50.107713Z][RSH.rfidreader][W][2330306][136]CRTCyclicEvent.cpp:TimeMissed():101|Cycle miss in event CCSICombinedCmdManager Cyclic Event. Time Overrun is 12373 us[EOL]
[2026-09-22T07:26:50.107751Z][RSH.rfidreader][W][2330306][136]CRTCyclicEvent.cpp:TimeMissed():101|Cycle miss in event CCSICombinedRepManager. Time Overrun is 12373 us[EOL]
[2026-09-22T07:26:50.189994Z][RSH.newgen-reagentstoragehandler][W][2330306][143]CRTCyclicEvent.cpp:TimeMissed():101|Cycle miss in event CCSICombinedCmdManager Cyclic Event. Time Overrun is 10990 us[EOL]
[2026-09-22T07:26:50.190029Z][RSH.newgen-reagentstoragehandler][W][2330306][143]CRTCyclicEvent.cpp:TimeMissed():101|Cycle miss in event CCSICombinedRepManager. Time Overrun is 10990 us[EOL]
[2026-09-22T07:26:50.243215Z][RSH.rfidreader][W][2330306][136]CRTCyclicEvent.cpp:TimeMissed():101|Cycle miss in event CCSICombinedCmdManager Cyclic Event. Time Overrun is 17875 us[EOL]
[2026-09-22T07:26:50.243266Z][RSH.rfidreader][W][2330306][136]CRTCyclicEvent.cpp:TimeMissed():101|Cycle miss in event CCSICombinedRepManager. Time Overrun is 17875 us[EOL]
[2026-09-22T07:26:50.408421Z][RSH.rfidreader][W][2330306][136]CRTCyclicEvent.cpp:TimeMissed():101|Cycle miss in event CCSICombinedCmdManager Cyclic Event. Time Overrun is 43073 us[EOL]
[2026-09-22T07:26:50.408551Z][RSH.rfidreader][W][2330306][136]CRTCyclicEvent.cpp:TimeMissed():101|Cycle miss in event CCSICombinedRepManager. Time Overrun is 43073 us[EOL]
[2026-09-22T07:26:50.457155Z][RSH.newgen-reagentstoragehandler][W][2330306][143]CRTCyclicEvent.cpp:TimeMissed():101|Cycle miss in event CCSICombinedCmdManager Cyclic Event. Time Overrun is 28147 us[EOL]
[2026-09-22T07:26:50.457207Z][RSH.newgen-reagentstoragehandler][W][2330306][143]CRTCyclicEvent.cpp:TimeMissed():101|Cycle miss in event CCSICombinedRepManager. Time Overrun is 28147 us[EOL]
[2026-09-22T07:26:50.609687Z][RSH.newgen-reagentstoragehandler][W][2330306][143]CRTCyclicEvent.cpp:TimeMissed():101|Cycle miss in event CCSICombinedCmdManager Cyclic Event. Time Overrun is 30683 us[EOL]
[2026-09-22T07:26:50.609722Z][RSH.newgen-reagentstoragehandler][W][2330306][143]CRTCyclicEvent.cpp:TimeMissed():101|Cycle miss in event CCSICombinedRepManager. Time Overrun is 30683 us[EOL]
[2026-09-22T07:26:50.648765Z][RSH.rfidreader][W][2330306][136]CRTCyclicEvent.cpp:TimeMissed():101|Cycle miss in event CCSICombinedCmdManager Cyclic Event. Time Overrun is 23427 us[EOL]
[2026-09-22T07:26:50.648798Z][RSH.rfidreader][W][2330306][136]CRTCyclicEvent.cpp:TimeMissed():101|Cycle miss in event CCSICombinedRepManager. Time Overrun is 23427 us[EOL]
[2026-09-22T07:26:50.750415Z][RSH.newgen-reagentstoragehandler][W][2330306][143]CRTCyclicEvent.cpp:TimeMissed():101|Cycle miss in event CCSICombinedCmdManager Cyclic Event. Time Overrun is 11412 us[EOL]
[2026-09-22T07:26:50.750456Z][RSH.newgen-reagentstoragehandler][W][2330306][143]CRTCyclicEvent.cpp:TimeMissed():101|Cycle miss in event CCSICombinedRepManager. Time Overrun is 11412 us[EOL]
[2026-09-22T07:26:50.848296Z][RSH.rfidreader][W][2330306][136]CRTCyclicEvent.cpp:TimeMissed():101|Cycle miss in event CCSICombinedCmdManager Cyclic Event. Time Overrun is 22959 us[EOL]
[2026-09-22T07:26:50.848332Z][RSH.rfidreader][W][2330306][136]CRTCyclicEvent.cpp:TimeMissed():101|Cycle miss in event CCSICombinedRepManager. Time Overrun is 22959 us[EOL]
[2026-09-22T07:26:50.979072Z][RSH.rfidreader][W][2330306][136]CRTCyclicEvent.cpp:TimeMissed():101|Cycle miss in event CCSICombinedCmdManager Cyclic Event. Time Overrun is 3732 us[EOL]
[2026-09-22T07:26:50.979118Z][RSH.rfidreader][W][2330306][136]CRTCyclicEvent.cpp:TimeMissed():101|Cycle miss in event CCSICombinedRepManager. Time Overrun is 3732 us[EOL]
[2026-09-22T07:26:51.100861Z][RSH.rfidreader][W][2330306][136]CRTCyclicEvent.cpp:TimeMissed():101|Cycle miss in event CCSICombinedCmdManager Cyclic Event. Time Overrun is 5525 us[EOL]
[2026-09-22T07:26:51.100892Z][RSH.rfidreader][W][2330306][136]CRTCyclicEvent.cpp:TimeMissed():101|Cycle miss in event CCSICombinedRepManager. Time Overrun is 5525 us[EOL]
[2026-09-22T07:26:51.399842Z][RSH.newgen-reagentstoragehandler][W][2330306][143]CRTCyclicEvent.cpp:TimeMissed():101|Cycle miss in event CCSICombinedCmdManager Cyclic Event. Time Overrun is 100837 us[EOL]
[2026-09-22T07:26:51.399883Z][RSH.newgen-reagentstoragehandler][W][2330306][143]CRTCyclicEvent.cpp:TimeMissed():101|Cycle miss in event CCSICombinedRepManager. Time Overrun is 100837 us[EOL]
[2026-09-22T07:26:51.410416Z][RSH.rfidreader][W][2330306][136]CRTCyclicEvent.cpp:TimeMissed():101|Cycle miss in event CCSICombinedCmdManager Cyclic Event. Time Overrun is 85075 us[EOL]
[2026-09-22T07:26:51.410461Z][RSH.rfidreader][W][2330306][136]CRTCyclicEvent.cpp:TimeMissed():101|Cycle miss in event CCSICombinedRepManager. Time Overrun is 85075 us[EOL]
[2026-09-22T07:26:51.545275Z][RSH.rfidreader][W][2330306][136]CRTCyclicEvent.cpp:TimeMissed():101|Cycle miss in event CCSICombinedCmdManager Cyclic Event. Time Overrun is 9930 us[EOL]
[2026-09-22T07:26:51.545742Z][RSH.newgen-reagentstoragehandler][W][2330306][143]CRTCyclicEvent.cpp:TimeMissed():101|Cycle miss in event CCSICombinedCmdManager Cyclic Event. Time Overrun is 6738 us[EOL]
[2026-09-22T07:26:51.545321Z][RSH.rfidreader][W][2330306][136]CRTCyclicEvent.cpp:TimeMissed():101|Cycle miss in event CCSICombinedRepManager. Time Overrun is 9930 us[EOL]
[2026-09-22T07:26:51.545771Z][RSH.newgen-reagentstoragehandler][W][2330306][143]CRTCyclicEvent.cpp:TimeMissed():101|Cycle miss in event CCSICombinedRepManager. Time Overrun is 6738 us[EOL]
[2026-09-22T07:26:51.662062Z][RSH.rfidreader][W][2330306][136]CRTCyclicEvent.cpp:TimeMissed():101|Cycle miss in event CCSICombinedCmdManager Cyclic Event. Time Overrun is 6687 us[EOL]
[2026-09-22T07:26:51.662177Z][RSH.rfidreader][W][2330306][136]CRTCyclicEvent.cpp:TimeMissed():101|Cycle miss in event CCSICombinedRepManager. Time Overrun is 6687 us[EOL]
[2026-09-22T07:26:51.812531Z][RSH.rfidreader][W][2330306][136]CRTCyclicEvent.cpp:TimeMissed():101|Cycle miss in event CCSICombinedCmdManager Cyclic Event. Time Overrun is 37193 us[EOL]
[2026-09-22T07:26:51.812560Z][RSH.rfidreader][W][2330306][136]CRTCyclicEvent.cpp:TimeMissed():101|Cycle miss in event CCSICombinedRepManager. Time Overrun is 37193 us[EOL]
[2026-09-22T07:26:51.812237Z][RSH.newgen-reagentstoragehandler][W][2330306][143]CRTCyclicEvent.cpp:TimeMissed():101|Cycle miss in event CCSICombinedCmdManager Cyclic Event. Time Overrun is 23231 us[EOL]
[2026-09-22T07:26:51.812433Z][RSH.newgen-reagentstoragehandler][W][2330306][143]CRTCyclicEvent.cpp:TimeMissed():101|Cycle miss in event CCSICombinedRepManager. Time Overrun is 23231 us[EOL]
[2026-09-22T07:26:51.952124Z][RSH.rfidreader][W][2330306][136]CRTCyclicEvent.cpp:TimeMissed():101|Cycle miss in event CCSICombinedCmdManager Cyclic Event. Time Overrun is 16783 us[EOL]
[2026-09-22T07:26:51.952172Z][RSH.rfidreader][W][2330306][136]CRTCyclicEvent.cpp:TimeMissed():101|Cycle miss in event CCSICombinedRepManager. Time Overrun is 16783 us[EOL]
[2026-09-22T07:26:51.952701Z][RSH.newgen-reagentstoragehandler][W][2330306][143]CRTCyclicEvent.cpp:TimeMissed():101|Cycle miss in event CCSICombinedCmdManager Cyclic Event. Time Overrun is 13694 us[EOL]
[2026-09-22T07:26:51.952745Z][RSH.newgen-reagentstoragehandler][W][2330306][143]CRTCyclicEvent.cpp:TimeMissed():101|Cycle miss in event CCSICombinedRepManager. Time Overrun is 13694 us[EOL]
[2026-09-22T07:26:52.110506Z][RSH.rfidreader][W][2330306][136]CRTCyclicEvent.cpp:TimeMissed():101|Cycle miss in event CCSICombinedCmdManager Cyclic Event. Time Overrun is 15166 us[EOL]
[2026-09-22T07:26:52.110568Z][RSH.rfidreader][W][2330306][136]CRTCyclicEvent.cpp:TimeMissed():101|Cycle miss in event CCSICombinedRepManager. Time Overrun is 15166 us[EOL]
[2026-09-22T07:26:52.110664Z][RSH.newgen-reagentstoragehandler][W][2330306][143]CRTCyclicEvent.cpp:TimeMissed():101|Cycle miss in event CCSICombinedCmdManager Cyclic Event. Time Overrun is 1657 us[EOL]
[2026-09-22T07:26:52.110707Z][RSH.newgen-reagentstoragehandler][W][2330306][143]CRTCyclicEvent.cpp:TimeMissed():101|Cycle miss in event CCSICombinedRepManager. Time Overrun is 1657 us[EOL]
[2026-09-22T07:26:52.229454Z][RSH.newgen-reagentstoragehandler][W][2330306][143]CRTCyclicEvent.cpp:TimeMissed():101|Cycle miss in event CCSICombinedCmdManager Cyclic Event. Time Overrun is 451 us[EOL]
[2026-09-22T07:26:52.229484Z][RSH.newgen-reagentstoragehandler][W][2330306][143]CRTCyclicEvent.cpp:TimeMissed():101|Cycle miss in event CCSICombinedRepManager. Time Overrun is 451 us[EOL]
[2026-09-22T07:26:52.476724Z][RSH.rfidreader][W][2330306][136]CRTCyclicEvent.cpp:TimeMissed():101|Cycle miss in event CCSICombinedCmdManager Cyclic Event. Time Overrun is 41387 us[EOL]
[2026-09-22T07:26:52.476752Z][RSH.rfidreader][W][2330306][136]CRTCyclicEvent.cpp:TimeMissed():101|Cycle miss in event CCSICombinedRepManager. Time Overrun is 41387 us[EOL]
[2026-09-22T07:26:52.476442Z][RSH.newgen-reagentstoragehandler][W][2330306][143]CRTCyclicEvent.cpp:TimeMissed():101|Cycle miss in event CCSICombinedCmdManager Cyclic Event. Time Overrun is 47435 us[EOL]
[2026-09-22T07:26:52.476531Z][RSH.newgen-reagentstoragehandler][W][2330306][143]CRTCyclicEvent.cpp:TimeMissed():101|Cycle miss in event CCSICombinedRepManager. Time Overrun is 47435 us[EOL]
[2026-09-22T07:26:52.698020Z][RSH.newgen-reagentstoragehandler][W][2330306][143]CRTCyclicEvent.cpp:TimeMissed():101|Cycle miss in event CCSICombinedCmdManager Cyclic Event. Time Overrun is 39012 us[EOL]
[2026-09-22T07:26:52.698075Z][RSH.newgen-reagentstoragehandler][W][2330306][143]CRTCyclicEvent.cpp:TimeMissed():101|Cycle miss in event CCSICombinedRepManager. Time Overrun is 39012 us[EOL]
[2026-09-22T07:26:52.745786Z][RSH.rfidreader][W][2330306][136]CRTCyclicEvent.cpp:TimeMissed():101|Cycle miss in event CCSICombinedCmdManager Cyclic Event. Time Overrun is 30436 us[EOL]
[2026-09-22T07:26:52.745838Z][RSH.rfidreader][W][2330306][136]CRTCyclicEvent.cpp:TimeMissed():101|Cycle miss in event CCSICombinedRepManager. Time Overrun is 30436 us[EOL]
[2026-09-22T07:26:52.812915Z][RSH.newgen-reagentstoragehandler][W][2330306][143]CRTCyclicEvent.cpp:TimeMissed():101|Cycle miss in event CCSICombinedCmdManager Cyclic Event. Time Overrun is 3911 us[EOL]
[2026-09-22T07:26:52.812952Z][RSH.newgen-reagentstoragehandler][W][2330306][143]CRTCyclicEvent.cpp:TimeMissed():101|Cycle miss in event CCSICombinedRepManager. Time Overrun is 3911 us[EOL]
[2026-09-22T07:26:53.217168Z][RSH.newgen-reagentstoragehandler][W][2330306][143]CRTCyclicEvent.cpp:TimeMissed():101|Cycle miss in event CCSICombinedCmdManager Cyclic Event. Time Overrun is 8164 us[EOL]
[2026-09-22T07:26:53.217205Z][RSH.newgen-reagentstoragehandler][W][2330306][143]CRTCyclicEvent.cpp:TimeMissed():101|Cycle miss in event CCSICombinedRepManager. Time Overrun is 8164 us[EOL]
[2026-09-22T07:26:53.370122Z][RSH.newgen-reagentstoragehandler][W][2330306][143]CRTCyclicEvent.cpp:TimeMissed():101|Cycle miss in event CCSICombinedCmdManager Cyclic Event. Time Overrun is 11105 us[EOL]
[2026-09-22T07:26:53.370191Z][RSH.newgen-reagentstoragehandler][W][2330306][143]CRTCyclicEvent.cpp:TimeMissed():101|Cycle miss in event CCSICombinedRepManager. Time Overrun is 11105 us[EOL]
[2026-09-22T07:26:53.503389Z][RSH.newgen-reagentstoragehandler][W][2330306][143]CRTCyclicEvent.cpp:TimeMissed():101|Cycle miss in event CCSICombinedCmdManager Cyclic Event. Time Overrun is 4376 us[EOL]
[2026-09-22T07:26:53.503453Z][RSH.newgen-reagentstoragehandler][W][2330306][143]CRTCyclicEvent.cpp:TimeMissed():101|Cycle miss in event CCSICombinedRepManager. Time Overrun is 4376 us[EOL]
[2026-09-22T07:26:53.669640Z][RSH.newgen-reagentstoragehandler][W][2330306][143]CRTCyclicEvent.cpp:TimeMissed():101|Cycle miss in event CCSICombinedCmdManager Cyclic Event. Time Overrun is 10611 us[EOL]
[2026-09-22T07:26:53.669679Z][RSH.newgen-reagentstoragehandler][W][2330306][143]CRTCyclicEvent.cpp:TimeMissed():101|Cycle miss in event CCSICombinedRepManager. Time Overrun is 10611 us[EOL]
[2026-09-22T07:26:53.809740Z][RSH.newgen-reagentstoragehandler][W][2330306][143]CRTCyclicEvent.cpp:TimeMissed():101|Cycle miss in event CCSICombinedCmdManager Cyclic Event. Time Overrun is 725 us[EOL]
[2026-09-22T07:26:53.809860Z][RSH.newgen-reagentstoragehandler][W][2330306][143]CRTCyclicEvent.cpp:TimeMissed():101|Cycle miss in event CCSICombinedRepManager. Time Overrun is 725 us[EOL]
[2026-09-22T07:26:53.944388Z][RSH.newgen-reagentstoragehandler][W][2330306][143]CRTCyclicEvent.cpp:TimeMissed():101|Cycle miss in event CCSICombinedCmdManager Cyclic Event. Time Overrun is 15379 us[EOL]
[2026-09-22T07:26:53.944438Z][RSH.newgen-reagentstoragehandler][W][2330306][143]CRTCyclicEvent.cpp:TimeMissed():101|Cycle miss in event CCSICombinedRepManager. Time Overrun is 15379 us[EOL]
[2026-09-22T07:26:54.215861Z][RSH.rfidreader][W][2330306][136]CRTCyclicEvent.cpp:TimeMissed():101|Cycle miss in event CCSICombinedCmdManager Cyclic Event. Time Overrun is 1350526 us[EOL]
[2026-09-22T07:26:54.215883Z][RSH.rfidreader][W][2330306][136]CRTCyclicEvent.cpp:TimeMissed():101|Cycle miss in event CCSICombinedRepManager. Time Overrun is 1350526 us[EOL]
[2026-09-22T07:26:54.402027Z][RSH.rfidreader][W][2330306][136]CRTCyclicEvent.cpp:TimeMissed():101|Cycle miss in event CCSICombinedCmdManager Cyclic Event. Time Overrun is 6690 us[EOL]
[2026-09-22T07:26:54.402064Z][RSH.rfidreader][W][2330306][136]CRTCyclicEvent.cpp:TimeMissed():101|Cycle miss in event CCSICombinedRepManager. Time Overrun is 6690 us[EOL]
[2026-09-22T07:26:54.570790Z][RSH.rfidreader][W][2330306][136]CRTCyclicEvent.cpp:TimeMissed():101|Cycle miss in event CCSICombinedCmdManager Cyclic Event. Time Overrun is 55452 us[EOL]
[2026-09-22T07:26:54.570824Z][RSH.rfidreader][W][2330306][136]CRTCyclicEvent.cpp:TimeMissed():101|Cycle miss in event CCSICombinedRepManager. Time Overrun is 55452 us[EOL]
[2026-09-22T07:26:54.712401Z][RSH.rfidreader][W][2330306][136]CRTCyclicEvent.cpp:TimeMissed():101|Cycle miss in event CCSICombinedCmdManager Cyclic Event. Time Overrun is 7061 us[EOL]
[2026-09-22T07:26:54.712450Z][RSH.rfidreader][W][2330306][136]CRTCyclicEvent.cpp:TimeMissed():101|Cycle miss in event CCSICombinedRepManager. Time Overrun is 7061 us[EOL]
[2026-09-22T07:26:54.832997Z][RSH.rfidreader][W][2330306][136]CRTCyclicEvent.cpp:TimeMissed():101|Cycle miss in event CCSICombinedCmdManager Cyclic Event. Time Overrun is 7657 us[EOL]
[2026-09-22T07:26:54.833049Z][RSH.rfidreader][W][2330306][136]CRTCyclicEvent.cpp:TimeMissed():101|Cycle miss in event CCSICombinedRepManager. Time Overrun is 7657 us[EOL]
[2026-09-22T07:26:54.964542Z][RSH.rfidreader][W][2330306][136]CRTCyclicEvent.cpp:TimeMissed():101|Cycle miss in event CCSICombinedCmdManager Cyclic Event. Time Overrun is 9206 us[EOL]
[2026-09-22T07:26:54.964581Z][RSH.rfidreader][W][2330306][136]CRTCyclicEvent.cpp:TimeMissed():101|Cycle miss in event CCSICombinedRepManager. Time Overrun is 9206 us[EOL]
[2026-09-22T07:26:55.099645Z][RSH.rfidreader][W][2330306][136]CRTCyclicEvent.cpp:TimeMissed():101|Cycle miss in event CCSICombinedCmdManager Cyclic Event. Time Overrun is 24309 us[EOL]
[2026-09-22T07:26:55.099678Z][RSH.rfidreader][W][2330306][136]CRTCyclicEvent.cpp:TimeMissed():101|Cycle miss in event CCSICombinedRepManager. Time Overrun is 24309 us[EOL]
[2026-09-22T07:26:55.233094Z][RSH.rfidreader][W][2330306][136]CRTCyclicEvent.cpp:TimeMissed():101|Cycle miss in event CCSICombinedCmdManager Cyclic Event. Time Overrun is 17756 us[EOL]
[2026-09-22T07:26:55.233137Z][RSH.rfidreader][W][2330306][136]CRTCyclicEvent.cpp:TimeMissed():101|Cycle miss in event CCSICombinedRepManager. Time Overrun is 17756 us[EOL]
[2026-09-22T07:26:55.355968Z][RSH.rfidreader][W][2330306][136]CRTCyclicEvent.cpp:TimeMissed():101|Cycle miss in event CCSICombinedCmdManager Cyclic Event. Time Overrun is 10633 us[EOL]
[2026-09-22T07:26:55.356006Z][RSH.rfidreader][W][2330306][136]CRTCyclicEvent.cpp:TimeMissed():101|Cycle miss in event CCSICombinedRepManager. Time Overrun is 10633 us[EOL]
[2026-09-22T07:26:55.568509Z][RSH.rfidreader][W][2330306][136]CRTCyclicEvent.cpp:TimeMissed():101|Cycle miss in event CCSICombinedCmdManager Cyclic Event. Time Overrun is 53168 us[EOL]
[2026-09-22T07:26:55.568569Z][RSH.rfidreader][W][2330306][136]CRTCyclicEvent.cpp:TimeMissed():101|Cycle miss in event CCSICombinedRepManager. Time Overrun is 53168 us[EOL]
[2026-09-22T07:26:55.739247Z][RSH.rfidreader][W][2330306][136]CRTCyclicEvent.cpp:TimeMissed():101|Cycle miss in event CCSICombinedCmdManager Cyclic Event. Time Overrun is 13912 us[EOL]
[2026-09-22T07:26:55.739274Z][RSH.rfidreader][W][2330306][136]CRTCyclicEvent.cpp:TimeMissed():101|Cycle miss in event CCSICombinedRepManager. Time Overrun is 13912 us[EOL]
[2026-09-22T07:26:55.855790Z][RSH.rfidreader][W][2330306][136]CRTCyclicEvent.cpp:TimeMissed():101|Cycle miss in event CCSICombinedCmdManager Cyclic Event. Time Overrun is 456 us[EOL]
[2026-09-22T07:26:55.855815Z][RSH.rfidreader][W][2330306][136]CRTCyclicEvent.cpp:TimeMissed():101|Cycle miss in event CCSICombinedRepManager. Time Overrun is 456 us[EOL]
[2026-09-22T07:26:55.977504Z][RSH.rfidreader][W][2330306][136]CRTCyclicEvent.cpp:TimeMissed():101|Cycle miss in event CCSICombinedCmdManager Cyclic Event. Time Overrun is 2168 us[EOL]
[2026-09-22T07:26:55.977651Z][RSH.rfidreader][W][2330306][136]CRTCyclicEvent.cpp:TimeMissed():101|Cycle miss in event CCSICombinedRepManager. Time Overrun is 2168 us[EOL]
[2026-09-22T07:26:55.930323Z][RSH.newgen-reagentstoragehandler][W][2330306][143]CRTCyclicEvent.cpp:TimeMissed():101|Cycle miss in event CCSICombinedCmdManager Cyclic Event. Time Overrun is 1651319 us[EOL]
[2026-09-22T07:26:55.930355Z][RSH.newgen-reagentstoragehandler][W][2330306][143]CRTCyclicEvent.cpp:TimeMissed():101|Cycle miss in event CCSICombinedRepManager. Time Overrun is 1651319 us[EOL]
[2026-09-22T07:26:56.058410Z][RSH.newgen-reagentstoragehandler][W][2330306][143]CRTCyclicEvent.cpp:TimeMissed():101|Cycle miss in event CCSICombinedCmdManager Cyclic Event. Time Overrun is 9276 us[EOL]
[2026-09-22T07:26:56.058556Z][RSH.newgen-reagentstoragehandler][W][2330306][143]CRTCyclicEvent.cpp:TimeMissed():101|Cycle miss in event CCSICombinedRepManager. Time Overrun is 9276 us[EOL]
[2026-09-22T07:26:56.209915Z][RSH.newgen-reagentstoragehandler][W][2330306][143]CRTCyclicEvent.cpp:TimeMissed():101|Cycle miss in event CCSICyclicRepManager. Time Overrun is 20607 us[EOL]
[2026-09-22T07:26:56.230936Z][RSH.newgen-reagentstoragehandler][W][2330306][143]CRTCyclicEvent.cpp:TimeMissed():101|Cycle miss in event CCSICombinedCmdManager Cyclic Event. Time Overrun is 61907 us[EOL]
[2026-09-22T07:26:56.231021Z][RSH.newgen-reagentstoragehandler][W][2330306][143]CRTCyclicEvent.cpp:TimeMissed():101|Cycle miss in event CCSICombinedRepManager. Time Overrun is 61907 us[EOL]
[2026-09-22T07:26:56.204757Z][RSH.rfidreader][W][2330306][136]CRTCyclicEvent.cpp:TimeMissed():101|Cycle miss in event CCSICombinedCmdManager Cyclic Event. Time Overrun is 109418 us[EOL]
[2026-09-22T07:26:56.204798Z][RSH.rfidreader][W][2330306][136]CRTCyclicEvent.cpp:TimeMissed():101|Cycle miss in event CCSICombinedRepManager. Time Overrun is 109418 us[EOL]
[2026-09-22T07:26:56.396293Z][RSH.rfidreader][W][2330306][136]CRTCyclicEvent.cpp:TimeMissed():101|Cycle miss in event CCSICombinedCmdManager Cyclic Event. Time Overrun is 80949 us[EOL]
[2026-09-22T07:26:56.396332Z][RSH.rfidreader][W][2330306][136]CRTCyclicEvent.cpp:TimeMissed():101|Cycle miss in event CCSICombinedRepManager. Time Overrun is 80949 us[EOL]
[2026-09-22T07:26:56.565232Z][RSH.rfidreader][W][2330306][136]CRTCyclicEvent.cpp:TimeMissed():101|Cycle miss in event CCSICombinedCmdManager Cyclic Event. Time Overrun is 49892 us[EOL]
[2026-09-22T07:26:56.565268Z][RSH.rfidreader][W][2330306][136]CRTCyclicEvent.cpp:TimeMissed():101|Cycle miss in event CCSICombinedRepManager. Time Overrun is 49892 us[EOL]
[2026-09-22T07:26:56.703365Z][RSH.rfidreader][W][2330306][136]CRTCyclicEvent.cpp:TimeMissed():101|Cycle miss in event CCSICombinedCmdManager Cyclic Event. Time Overrun is 28022 us[EOL]
[2026-09-22T07:26:56.703414Z][RSH.rfidreader][W][2330306][136]CRTCyclicEvent.cpp:TimeMissed():101|Cycle miss in event CCSICombinedRepManager. Time Overrun is 28022 us[EOL]
[2026-09-22T07:26:56.350486Z][RSH.newgen-reagentstoragehandler][W][2330306][143]CRTCyclicEvent.cpp:TimeMissed():101|Cycle miss in event CCSICombinedCmdManager Cyclic Event. Time Overrun is 1480 us[EOL]
[2026-09-22T07:26:56.350525Z][RSH.newgen-reagentstoragehandler][W][2330306][143]CRTCyclicEvent.cpp:TimeMissed():101|Cycle miss in event CCSICombinedRepManager. Time Overrun is 1480 us[EOL]
[2026-09-22T07:26:56.502331Z][RSH.newgen-reagentstoragehandler][W][2330306][143]CRTCyclicEvent.cpp:TimeMissed():101|Cycle miss in event CCSICombinedCmdManager Cyclic Event. Time Overrun is 13322 us[EOL]
[2026-09-22T07:26:56.502378Z][RSH.newgen-reagentstoragehandler][W][2330306][143]CRTCyclicEvent.cpp:TimeMissed():101|Cycle miss in event CCSICombinedRepManager. Time Overrun is 13322 us[EOL]
[2026-09-22T07:26:56.703435Z][RSH.newgen-reagentstoragehandler][W][2330306][143]CRTCyclicEvent.cpp:TimeMissed():101|Cycle miss in event CCSICombinedCmdManager Cyclic Event. Time Overrun is 74412 us[EOL]
[2026-09-22T07:26:56.703547Z][RSH.newgen-reagentstoragehandler][W][2330306][143]CRTCyclicEvent.cpp:TimeMissed():101|Cycle miss in event CCSICombinedRepManager. Time Overrun is 74412 us[EOL]
[2026-09-22T07:26:56.968873Z][RSH.newgen-reagentstoragehandler][W][2330306][143]CRTCyclicEvent.cpp:TimeMissed():101|Cycle miss in event CCSICombinedCmdManager Cyclic Event. Time Overrun is 109866 us[EOL]
[2026-09-22T07:26:56.968920Z][RSH.newgen-reagentstoragehandler][W][2330306][143]CRTCyclicEvent.cpp:TimeMissed():101|Cycle miss in event CCSICombinedRepManager. Time Overrun is 109866 us[EOL]
[2026-09-22T07:26:56.970850Z][RSH.rfidreader][W][2330306][136]CRTCyclicEvent.cpp:TimeMissed():101|Cycle miss in event CCSICombinedCmdManager Cyclic Event. Time Overrun is 115510 us[EOL]
[2026-09-22T07:26:56.970891Z][RSH.rfidreader][W][2330306][136]CRTCyclicEvent.cpp:TimeMissed():101|Cycle miss in event CCSICombinedRepManager. Time Overrun is 115510 us[EOL]
[2026-09-22T07:26:57.137720Z][RSH.rfidreader][W][2330306][136]CRTCyclicEvent.cpp:TimeMissed():101|Cycle miss in event CCSICombinedCmdManager Cyclic Event. Time Overrun is 22383 us[EOL]
[2026-09-22T07:26:57.137915Z][RSH.newgen-reagentstoragehandler][W][2330306][143]CRTCyclicEvent.cpp:TimeMissed():101|Cycle miss in event CCSICombinedCmdManager Cyclic Event. Time Overrun is 18864 us[EOL]
[2026-09-22T07:26:57.137748Z][RSH.rfidreader][W][2330306][136]CRTCyclicEvent.cpp:TimeMissed():101|Cycle miss in event CCSICombinedRepManager. Time Overrun is 22383 us[EOL]
[2026-09-22T07:26:57.137961Z][RSH.newgen-reagentstoragehandler][W][2330306][143]CRTCyclicEvent.cpp:TimeMissed():101|Cycle miss in event CCSICombinedRepManager. Time Overrun is 18864 us[EOL]
[2026-09-22T07:26:57.300096Z][RSH.newgen-reagentstoragehandler][W][2330306][143]CRTCyclicEvent.cpp:TimeMissed():101|Cycle miss in event CCSICombinedCmdManager Cyclic Event. Time Overrun is 51053 us[EOL]
[2026-09-22T07:26:57.300129Z][RSH.newgen-reagentstoragehandler][W][2330306][143]CRTCyclicEvent.cpp:TimeMissed():101|Cycle miss in event CCSICombinedRepManager. Time Overrun is 51053 us[EOL]
[2026-09-22T07:26:57.403557Z][RSH.rfidreader][W][2330306][136]CRTCyclicEvent.cpp:TimeMissed():101|Cycle miss in event CCSICombinedCmdManager Cyclic Event. Time Overrun is 78214 us[EOL]
[2026-09-22T07:26:57.403612Z][RSH.rfidreader][W][2330306][136]CRTCyclicEvent.cpp:TimeMissed():101|Cycle miss in event CCSICombinedRepManager. Time Overrun is 78214 us[EOL]
[2026-09-22T07:26:57.627936Z][RSH.newgen-reagentstoragehandler][W][2330306][143]CRTCyclicEvent.cpp:TimeMissed():101|Cycle miss in event CCSICombinedCmdManager Cyclic Event. Time Overrun is 188911 us[EOL]
[2026-09-22T07:26:57.627966Z][RSH.newgen-reagentstoragehandler][W][2330306][143]CRTCyclicEvent.cpp:TimeMissed():101|Cycle miss in event CCSICombinedRepManager. Time Overrun is 188911 us[EOL]
[2026-09-22T07:26:57.628114Z][RSH.newgen-reagentstoragehandler][W][2330306][143]CRTCyclicEvent.cpp:TimeMissed():101|Cycle miss in event CCSICyclicRepManager. Time Overrun is 38813 us[EOL]
[2026-09-22T07:26:57.628202Z][RSH.rfidreader][W][2330306][136]CRTCyclicEvent.cpp:TimeMissed():101|Cycle miss in event CCSICombinedCmdManager Cyclic Event. Time Overrun is 112868 us[EOL]
[2026-09-22T07:26:57.628222Z][RSH.rfidreader][W][2330306][136]CRTCyclicEvent.cpp:TimeMissed():101|Cycle miss in event CCSICombinedRepManager. Time Overrun is 112868 us[EOL]
[2026-09-22T07:26:57.828175Z][RSH.rfidreader][W][2330306][136]CRTCyclicEvent.cpp:TimeMissed():101|Cycle miss in event CCSICombinedCmdManager Cyclic Event. Time Overrun is 82838 us[EOL]
[2026-09-22T07:26:57.828203Z][RSH.rfidreader][W][2330306][136]CRTCyclicEvent.cpp:TimeMissed():101|Cycle miss in event CCSICombinedRepManager. Time Overrun is 82838 us[EOL]
[2026-09-22T07:26:57.955892Z][RSH.rfidreader][W][2330306][136]CRTCyclicEvent.cpp:TimeMissed():101|Cycle miss in event CCSICombinedCmdManager Cyclic Event. Time Overrun is 10552 us[EOL]
[2026-09-22T07:26:57.954781Z][RSH.newgen-reagentstoragehandler][W][2330306][143]CRTCyclicEvent.cpp:TimeMissed():101|Cycle miss in event CCSICombinedCmdManager Cyclic Event. Time Overrun is 105777 us[EOL]
[2026-09-22T07:26:57.955947Z][RSH.rfidreader][W][2330306][136]CRTCyclicEvent.cpp:TimeMissed():101|Cycle miss in event CCSICombinedRepManager. Time Overrun is 10552 us[EOL]
[2026-09-22T07:26:57.954812Z][RSH.newgen-reagentstoragehandler][W][2330306][143]CRTCyclicEvent.cpp:TimeMissed():101|Cycle miss in event CCSICombinedRepManager. Time Overrun is 105777 us[EOL]
[2026-09-22T07:26:58.078167Z][RSH.newgen-reagentstoragehandler][W][2330306][143]CRTCyclicEvent.cpp:TimeMissed():101|Cycle miss in event CCSICombinedCmdManager Cyclic Event. Time Overrun is 9161 us[EOL]
[2026-09-22T07:26:58.078202Z][RSH.newgen-reagentstoragehandler][W][2330306][143]CRTCyclicEvent.cpp:TimeMissed():101|Cycle miss in event CCSICombinedRepManager. Time Overrun is 9161 us[EOL]
[2026-09-22T07:26:58.210875Z][RSH.newgen-reagentstoragehandler][W][2330306][143]CRTCyclicEvent.cpp:TimeMissed():101|Cycle miss in event CCSICombinedCmdManager Cyclic Event. Time Overrun is 21868 us[EOL]
[2026-09-22T07:26:58.210920Z][RSH.newgen-reagentstoragehandler][W][2330306][143]CRTCyclicEvent.cpp:TimeMissed():101|Cycle miss in event CCSICombinedRepManager. Time Overrun is 21868 us[EOL]
[2026-09-22T07:26:58.138091Z][RSH.rfidreader][W][2330306][136]CRTCyclicEvent.cpp:TimeMissed():101|Cycle miss in event CCSICombinedCmdManager Cyclic Event. Time Overrun is 62754 us[EOL]
[2026-09-22T07:26:58.138124Z][RSH.rfidreader][W][2330306][136]CRTCyclicEvent.cpp:TimeMissed():101|Cycle miss in event CCSICombinedRepManager. Time Overrun is 62754 us[EOL]
[2026-09-22T07:26:58.327823Z][RSH.rfidreader][W][2330306][136]CRTCyclicEvent.cpp:TimeMissed():101|Cycle miss in event CCSICombinedCmdManager Cyclic Event. Time Overrun is 72488 us[EOL]
[2026-09-22T07:26:58.327844Z][RSH.rfidreader][W][2330306][136]CRTCyclicEvent.cpp:TimeMissed():101|Cycle miss in event CCSICombinedRepManager. Time Overrun is 72488 us[EOL]
[2026-09-22T07:26:58.329721Z][RSH.newgen-reagentstoragehandler][W][2330306][143]CRTCyclicEvent.cpp:TimeMissed():101|Cycle miss in event CCSICombinedCmdManager Cyclic Event. Time Overrun is 713 us[EOL]
[2026-09-22T07:26:58.329758Z][RSH.newgen-reagentstoragehandler][W][2330306][143]CRTCyclicEvent.cpp:TimeMissed():101|Cycle miss in event CCSICombinedRepManager. Time Overrun is 713 us[EOL]
[2026-09-22T07:26:58.487935Z][RSH.rfidreader][W][2330306][136]CRTCyclicEvent.cpp:TimeMissed():101|Cycle miss in event CCSICombinedCmdManager Cyclic Event. Time Overrun is 42596 us[EOL]
[2026-09-22T07:26:58.487971Z][RSH.rfidreader][W][2330306][136]CRTCyclicEvent.cpp:TimeMissed():101|Cycle miss in event CCSICombinedRepManager. Time Overrun is 42596 us[EOL]
[2026-09-22T07:26:58.516180Z][RSH.newgen-reagentstoragehandler][W][2330306][143]CRTCyclicEvent.cpp:TimeMissed():101|Cycle miss in event CCSICombinedCmdManager Cyclic Event. Time Overrun is 67176 us[EOL]
[2026-09-22T07:26:58.669097Z][RSH.rfidreader][W][2330306][136]CRTCyclicEvent.cpp:TimeMissed():101|Cycle miss in event CCSICombinedCmdManager Cyclic Event. Time Overrun is 63757 us[EOL]
[2026-09-22T07:26:58.516242Z][RSH.newgen-reagentstoragehandler][W][2330306][143]CRTCyclicEvent.cpp:TimeMissed():101|Cycle miss in event CCSICombinedRepManager. Time Overrun is 67176 us[EOL]
[2026-09-22T07:26:58.668626Z][RSH.newgen-reagentstoragehandler][W][2330306][143]CRTCyclicEvent.cpp:TimeMissed():101|Cycle miss in event CCSICombinedCmdManager Cyclic Event. Time Overrun is 39623 us[EOL]
[2026-09-22T07:26:58.669143Z][RSH.rfidreader][W][2330306][136]CRTCyclicEvent.cpp:TimeMissed():101|Cycle miss in event CCSICombinedRepManager. Time Overrun is 63757 us[EOL]
[2026-09-22T07:26:58.668649Z][RSH.newgen-reagentstoragehandler][W][2330306][143]CRTCyclicEvent.cpp:TimeMissed():101|Cycle miss in event CCSICombinedRepManager. Time Overrun is 39623 us[EOL]
[2026-09-22T07:26:58.852532Z][RSH.rfidreader][W][2330306][136]CRTCyclicEvent.cpp:TimeMissed():101|Cycle miss in event CCSICombinedCmdManager Cyclic Event. Time Overrun is 27197 us[EOL]
[2026-09-22T07:26:58.852558Z][RSH.rfidreader][W][2330306][136]CRTCyclicEvent.cpp:TimeMissed():101|Cycle miss in event CCSICombinedRepManager. Time Overrun is 27197 us[EOL]
[2026-09-22T07:26:59.270270Z][RSH.newgen-reagentstoragehandler][W][2330306][143]CRTCyclicEvent.cpp:TimeMissed():101|Cycle miss in event CCSICombinedCmdManager Cyclic Event. Time Overrun is 51261 us[EOL]
[2026-09-22T07:26:59.270314Z][RSH.newgen-reagentstoragehandler][W][2330306][143]CRTCyclicEvent.cpp:TimeMissed():101|Cycle miss in event CCSICombinedRepManager. Time Overrun is 51261 us[EOL]
[2026-09-22T07:26:59.269656Z][RSH.rfidreader][W][2330306][136]CRTCyclicEvent.cpp:TimeMissed():101|Cycle miss in event CCSICombinedCmdManager Cyclic Event. Time Overrun is 54314 us[EOL]
[2026-09-22T07:26:59.269705Z][RSH.rfidreader][W][2330306][136]CRTCyclicEvent.cpp:TimeMissed():101|Cycle miss in event CCSICombinedRepManager. Time Overrun is 54314 us[EOL]
[2026-09-22T07:26:59.416427Z][RSH.newgen-reagentstoragehandler][W][2330306][143]CRTCyclicEvent.cpp:TimeMissed():101|Cycle miss in event CCSICombinedCmdManager Cyclic Event. Time Overrun is 27419 us[EOL]
[2026-09-22T07:26:59.416258Z][RSH.rfidreader][W][2330306][136]CRTCyclicEvent.cpp:TimeMissed():101|Cycle miss in event CCSICombinedCmdManager Cyclic Event. Time Overrun is 30921 us[EOL]
[2026-09-22T07:26:59.416288Z][RSH.rfidreader][W][2330306][136]CRTCyclicEvent.cpp:TimeMissed():101|Cycle miss in event CCSICombinedRepManager. Time Overrun is 30921 us[EOL]
[2026-09-22T07:26:59.416522Z][RSH.newgen-reagentstoragehandler][W][2330306][143]CRTCyclicEvent.cpp:TimeMissed():101|Cycle miss in event CCSICombinedRepManager. Time Overrun is 27419 us[EOL]
[2026-09-22T07:26:59.591522Z][RSH.newgen-reagentstoragehandler][W][2330306][143]CRTCyclicEvent.cpp:TimeMissed():101|Cycle miss in event CCSICyclicRepManager. Time Overrun is 2217 us[EOL]
[2026-09-22T07:26:59.592245Z][RSH.rfidreader][W][2330306][136]CRTCyclicEvent.cpp:TimeMissed():101|Cycle miss in event CCSICombinedCmdManager Cyclic Event. Time Overrun is 56909 us[EOL]
[2026-09-22T07:26:59.592272Z][RSH.rfidreader][W][2330306][136]CRTCyclicEvent.cpp:TimeMissed():101|Cycle miss in event CCSICombinedRepManager. Time Overrun is 56909 us[EOL]
[2026-09-22T07:26:59.591801Z][RSH.newgen-reagentstoragehandler][W][2330306][143]CRTCyclicEvent.cpp:TimeMissed():101|Cycle miss in event CCSICombinedCmdManager Cyclic Event. Time Overrun is 62800 us[EOL]
[2026-09-22T07:26:59.591814Z][RSH.newgen-reagentstoragehandler][W][2330306][143]CRTCyclicEvent.cpp:TimeMissed():101|Cycle miss in event CCSICombinedRepManager. Time Overrun is 62800 us[EOL]
[2026-09-22T07:26:59.778728Z][RSH.newgen-reagentstoragehandler][W][2330306][143]CRTCyclicEvent.cpp:TimeMissed():101|Cycle miss in event CCSICombinedCmdManager Cyclic Event. Time Overrun is 59705 us[EOL]
[2026-09-22T07:26:59.778766Z][RSH.newgen-reagentstoragehandler][W][2330306][143]CRTCyclicEvent.cpp:TimeMissed():101|Cycle miss in event CCSICombinedRepManager. Time Overrun is 59705 us[EOL]
[2026-09-22T07:26:59.901655Z][RSH.newgen-reagentstoragehandler][W][2330306][143]CRTCyclicEvent.cpp:TimeMissed():101|Cycle miss in event CCSICombinedCmdManager Cyclic Event. Time Overrun is 12652 us[EOL]
[2026-09-22T07:26:59.901677Z][RSH.newgen-reagentstoragehandler][W][2330306][143]CRTCyclicEvent.cpp:TimeMissed():101|Cycle miss in event CCSICombinedRepManager. Time Overrun is 12652 us[EOL]
[2026-09-22T07:26:59.782955Z][RSH.rfidreader][W][2330306][136]CRTCyclicEvent.cpp:TimeMissed():101|Cycle miss in event CCSICombinedCmdManager Cyclic Event. Time Overrun is 57619 us[EOL]
[2026-09-22T07:26:59.782985Z][RSH.rfidreader][W][2330306][136]CRTCyclicEvent.cpp:TimeMissed():101|Cycle miss in event CCSICombinedRepManager. Time Overrun is 57619 us[EOL]
[2026-09-22T07:27:00.000835Z][RSH.rfidreader][W][2330306][136]CRTCyclicEvent.cpp:TimeMissed():101|Cycle miss in event CCSICombinedCmdManager Cyclic Event. Time Overrun is 15491 us[EOL]
[2026-09-22T07:27:00.000877Z][RSH.rfidreader][W][2330306][136]CRTCyclicEvent.cpp:TimeMissed():101|Cycle miss in event CCSICombinedRepManager. Time Overrun is 15491 us[EOL]
[2026-09-22T07:27:00.136916Z][RSH.rfidreader][W][2330306][136]CRTCyclicEvent.cpp:TimeMissed():101|Cycle miss in event CCSICombinedCmdManager Cyclic Event. Time Overrun is 21575 us[EOL]
[2026-09-22T07:27:00.136950Z][RSH.rfidreader][W][2330306][136]CRTCyclicEvent.cpp:TimeMissed():101|Cycle miss in event CCSICombinedRepManager. Time Overrun is 21575 us[EOL]
[2026-09-22T07:27:00.171318Z][RSH.newgen-reagentstoragehandler][W][2330306][143]CRTCyclicEvent.cpp:TimeMissed():101|Cycle miss in event CCSICombinedCmdManager Cyclic Event. Time Overrun is 102315 us[EOL]
[2026-09-22T07:27:00.171349Z][RSH.newgen-reagentstoragehandler][W][2330306][143]CRTCyclicEvent.cpp:TimeMissed():101|Cycle miss in event CCSICombinedRepManager. Time Overrun is 102315 us[EOL]
[2026-09-22T07:27:00.271436Z][RSH.rfidreader][W][2330306][136]CRTCyclicEvent.cpp:TimeMissed():101|Cycle miss in event CCSICombinedCmdManager Cyclic Event. Time Overrun is 16099 us[EOL]
[2026-09-22T07:27:00.271472Z][RSH.rfidreader][W][2330306][136]CRTCyclicEvent.cpp:TimeMissed():101|Cycle miss in event CCSICombinedRepManager. Time Overrun is 16099 us[EOL]
[2026-09-22T07:27:00.404981Z][RSH.rfidreader][W][2330306][136]CRTCyclicEvent.cpp:TimeMissed():101|Cycle miss in event CCSICombinedCmdManager Cyclic Event. Time Overrun is 19642 us[EOL]
[2026-09-22T07:27:00.405088Z][RSH.rfidreader][W][2330306][136]CRTCyclicEvent.cpp:TimeMissed():101|Cycle miss in event CCSICombinedRepManager. Time Overrun is 19642 us[EOL]
[2026-09-22T07:27:00.582917Z][RSH.rfidreader][W][2330306][136]CRTCyclicEvent.cpp:TimeMissed():101|Cycle miss in event CCSICombinedCmdManager Cyclic Event. Time Overrun is 67577 us[EOL]
[2026-09-22T07:27:00.582959Z][RSH.rfidreader][W][2330306][136]CRTCyclicEvent.cpp:TimeMissed():101|Cycle miss in event CCSICombinedRepManager. Time Overrun is 67577 us[EOL]
[2026-09-22T07:27:00.403726Z][RSH.newgen-reagentstoragehandler][W][2330306][143]CRTCyclicEvent.cpp:TimeMissed():101|Cycle miss in event CCSICombinedCmdManager Cyclic Event. Time Overrun is 114718 us[EOL]
[2026-09-22T07:27:00.802452Z][RSH.rfidreader][W][2330306][136]CRTCyclicEvent.cpp:TimeMissed():101|Cycle miss in event CCSICombinedCmdManager Cyclic Event. Time Overrun is 97112 us[EOL]
[2026-09-22T07:27:00.802511Z][RSH.rfidreader][W][2330306][136]CRTCyclicEvent.cpp:TimeMissed():101|Cycle miss in event CCSICombinedRepManager. Time Overrun is 97112 us[EOL]
[2026-09-22T07:27:00.403767Z][RSH.newgen-reagentstoragehandler][W][2330306][143]CRTCyclicEvent.cpp:TimeMissed():101|Cycle miss in event CCSICombinedRepManager. Time Overrun is 114718 us[EOL]
[2026-09-22T07:27:00.584002Z][RSH.newgen-reagentstoragehandler][W][2330306][143]CRTCyclicEvent.cpp:TimeMissed():101|Cycle miss in event CCSICombinedCmdManager Cyclic Event. Time Overrun is 64994 us[EOL]
[2026-09-22T07:27:00.584136Z][RSH.newgen-reagentstoragehandler][W][2330306][143]CRTCyclicEvent.cpp:TimeMissed():101|Cycle miss in event CCSICombinedRepManager. Time Overrun is 64994 us[EOL]
[2026-09-22T07:27:00.977308Z][RSH.rfidreader][W][2330306][136]CRTCyclicEvent.cpp:TimeMissed():101|Cycle miss in event CCSICombinedCmdManager Cyclic Event. Time Overrun is 61968 us[EOL]
[2026-09-22T07:27:00.977352Z][RSH.rfidreader][W][2330306][136]CRTCyclicEvent.cpp:TimeMissed():101|Cycle miss in event CCSICombinedRepManager. Time Overrun is 61968 us[EOL]
[2026-09-22T07:27:01.168347Z][RSH.rfidreader][W][2330306][136]CRTCyclicEvent.cpp:TimeMissed():101|Cycle miss in event CCSICombinedCmdManager Cyclic Event. Time Overrun is 73009 us[EOL]
[2026-09-22T07:27:01.168376Z][RSH.rfidreader][W][2330306][136]CRTCyclicEvent.cpp:TimeMissed():101|Cycle miss in event CCSICombinedRepManager. Time Overrun is 73009 us[EOL]
[2026-09-22T07:27:01.347764Z][RSH.rfidreader][W][2330306][136]CRTCyclicEvent.cpp:TimeMissed():101|Cycle miss in event CCSICombinedCmdManager Cyclic Event. Time Overrun is 62427 us[EOL]
[2026-09-22T07:27:01.347787Z][RSH.rfidreader][W][2330306][136]CRTCyclicEvent.cpp:TimeMissed():101|Cycle miss in event CCSICombinedRepManager. Time Overrun is 62427 us[EOL]
[2026-09-22T07:27:00.802749Z][RSH.newgen-reagentstoragehandler][W][2330306][143]CRTCyclicEvent.cpp:TimeMissed():101|Cycle miss in event CCSICombinedCmdManager Cyclic Event. Time Overrun is 103733 us[EOL]
[2026-09-22T07:27:00.802816Z][RSH.newgen-reagentstoragehandler][W][2330306][143]CRTCyclicEvent.cpp:TimeMissed():101|Cycle miss in event CCSICombinedRepManager. Time Overrun is 103733 us[EOL]
[2026-09-22T07:27:01.539635Z][RSH.newgen-reagentstoragehandler][W][2330306][143]CRTCyclicEvent.cpp:TimeMissed():101|Cycle miss in event CCSICombinedCmdManager Cyclic Event. Time Overrun is 620628 us[EOL]
[2026-09-22T07:27:01.539668Z][RSH.newgen-reagentstoragehandler][W][2330306][143]CRTCyclicEvent.cpp:TimeMissed():101|Cycle miss in event CCSICombinedRepManager. Time Overrun is 620628 us[EOL]
[2026-09-22T07:27:01.811998Z][RSH.newgen-reagentstoragehandler][W][2330306][143]CRTCyclicEvent.cpp:TimeMissed():101|Cycle miss in event CCSICyclicRepManager. Time Overrun is 22688 us[EOL]
[2026-09-22T07:27:01.823905Z][RSH.newgen-reagentstoragehandler][W][2330306][143]CRTCyclicEvent.cpp:TimeMissed():101|Cycle miss in event CCSICombinedCmdManager Cyclic Event. Time Overrun is 84903 us[EOL]
[2026-09-22T07:27:01.823934Z][RSH.newgen-reagentstoragehandler][W][2330306][143]CRTCyclicEvent.cpp:TimeMissed():101|Cycle miss in event CCSICombinedRepManager. Time Overrun is 84903 us[EOL]
[2026-09-22T07:27:01.956731Z][RSH.newgen-reagentstoragehandler][W][2330306][143]CRTCyclicEvent.cpp:TimeMissed():101|Cycle miss in event CCSICombinedCmdManager Cyclic Event. Time Overrun is 17726 us[EOL]
[2026-09-22T07:27:01.956764Z][RSH.newgen-reagentstoragehandler][W][2330306][143]CRTCyclicEvent.cpp:TimeMissed():101|Cycle miss in event CCSICombinedRepManager. Time Overrun is 17726 us[EOL]
[2026-09-22T07:27:02.202058Z][RSH.newgen-reagentstoragehandler][W][2330306][143]CRTCyclicEvent.cpp:TimeMissed():101|Cycle miss in event CCSICombinedCmdManager Cyclic Event. Time Overrun is 3055 us[EOL]
[2026-09-22T07:27:02.202088Z][RSH.newgen-reagentstoragehandler][W][2330306][143]CRTCyclicEvent.cpp:TimeMissed():101|Cycle miss in event CCSICombinedRepManager. Time Overrun is 3055 us[EOL]
[2026-09-22T07:27:02.331699Z][RSH.newgen-reagentstoragehandler][W][2330306][143]CRTCyclicEvent.cpp:TimeMissed():101|Cycle miss in event CCSICombinedCmdManager Cyclic Event. Time Overrun is 12694 us[EOL]
[2026-09-22T07:27:02.331733Z][RSH.newgen-reagentstoragehandler][W][2330306][143]CRTCyclicEvent.cpp:TimeMissed():101|Cycle miss in event CCSICombinedRepManager. Time Overrun is 12694 us[EOL]
[2026-09-22T07:27:02.456203Z][RSH.newgen-reagentstoragehandler][W][2330306][143]CRTCyclicEvent.cpp:TimeMissed():101|Cycle miss in event CCSICombinedCmdManager Cyclic Event. Time Overrun is 7197 us[EOL]
[2026-09-22T07:27:02.456240Z][RSH.newgen-reagentstoragehandler][W][2330306][143]CRTCyclicEvent.cpp:TimeMissed():101|Cycle miss in event CCSICombinedRepManager. Time Overrun is 7197 us[EOL]
[2026-09-22T07:27:02.725375Z][RSH.newgen-reagentstoragehandler][W][2330306][143]CRTCyclicEvent.cpp:TimeMissed():101|Cycle miss in event CCSICombinedCmdManager Cyclic Event. Time Overrun is 6366 us[EOL]
[2026-09-22T07:27:02.725440Z][RSH.newgen-reagentstoragehandler][W][2330306][143]CRTCyclicEvent.cpp:TimeMissed():101|Cycle miss in event CCSICombinedRepManager. Time Overrun is 6366 us[EOL]
[2026-09-22T07:27:03.132602Z][RSH.newgen-reagentstoragehandler][W][2330306][143]CRTCyclicEvent.cpp:TimeMissed():101|Cycle miss in event CCSICombinedCmdManager Cyclic Event. Time Overrun is 93594 us[EOL]
[2026-09-22T07:27:03.132652Z][RSH.newgen-reagentstoragehandler][W][2330306][143]CRTCyclicEvent.cpp:TimeMissed():101|Cycle miss in event CCSICombinedRepManager. Time Overrun is 93594 us[EOL]
[2026-09-22T07:27:03.383112Z][RSH.newgen-reagentstoragehandler][W][2330306][143]CRTCyclicEvent.cpp:TimeMissed():101|Cycle miss in event CCSICombinedCmdManager Cyclic Event. Time Overrun is 4107 us[EOL]
[2026-09-22T07:27:03.383162Z][RSH.newgen-reagentstoragehandler][W][2330306][143]CRTCyclicEvent.cpp:TimeMissed():101|Cycle miss in event CCSICombinedRepManager. Time Overrun is 4107 us[EOL]
[2026-09-22T07:27:03.645175Z][RSH.newgen-reagentstoragehandler][W][2330306][143]CRTCyclicEvent.cpp:TimeMissed():101|Cycle miss in event CCSICombinedCmdManager Cyclic Event. Time Overrun is 16171 us[EOL]
[2026-09-22T07:27:03.645205Z][RSH.newgen-reagentstoragehandler][W][2330306][143]CRTCyclicEvent.cpp:TimeMissed():101|Cycle miss in event CCSICombinedRepManager. Time Overrun is 16171 us[EOL]
[2026-09-22T07:27:03.789464Z][RSH.newgen-reagentstoragehandler][W][2330306][143]CRTCyclicEvent.cpp:TimeMissed():101|Cycle miss in event CCSICombinedCmdManager Cyclic Event. Time Overrun is 30460 us[EOL]
[2026-09-22T07:27:03.789623Z][RSH.newgen-reagentstoragehandler][W][2330306][143]CRTCyclicEvent.cpp:TimeMissed():101|Cycle miss in event CCSICombinedRepManager. Time Overrun is 30460 us[EOL]
[2026-09-22T07:27:03.999989Z][RSH.newgen-reagentstoragehandler][W][2330306][143]CRTCyclicEvent.cpp:TimeMissed():101|Cycle miss in event CCSICombinedCmdManager Cyclic Event. Time Overrun is 90983 us[EOL]
[2026-09-22T07:27:04.000020Z][RSH.newgen-reagentstoragehandler][W][2330306][143]CRTCyclicEvent.cpp:TimeMissed():101|Cycle miss in event CCSICombinedRepManager. Time Overrun is 90983 us[EOL]
[2026-09-22T07:27:04.121504Z][RSH.newgen-reagentstoragehandler][W][2330306][143]CRTCyclicEvent.cpp:TimeMissed():101|Cycle miss in event CCSICombinedCmdManager Cyclic Event. Time Overrun is 2501 us[EOL]
[2026-09-22T07:27:04.121614Z][RSH.newgen-reagentstoragehandler][W][2330306][143]CRTCyclicEvent.cpp:TimeMissed():101|Cycle miss in event CCSICombinedRepManager. Time Overrun is 2501 us[EOL]
[2026-09-22T07:27:04.382828Z][RSH.newgen-reagentstoragehandler][W][2330306][143]CRTCyclicEvent.cpp:TimeMissed():101|Cycle miss in event CCSICombinedCmdManager Cyclic Event. Time Overrun is 103822 us[EOL]
[2026-09-22T07:27:04.382858Z][RSH.newgen-reagentstoragehandler][W][2330306][143]CRTCyclicEvent.cpp:TimeMissed():101|Cycle miss in event CCSICombinedRepManager. Time Overrun is 103822 us[EOL]
[2026-09-22T07:27:04.773726Z][RSH.newgen-reagentstoragehandler][W][2330306][143]CRTCyclicEvent.cpp:TimeMissed():101|Cycle miss in event CCSICombinedCmdManager Cyclic Event. Time Overrun is 24717 us[EOL]
[2026-09-22T07:27:04.773780Z][RSH.newgen-reagentstoragehandler][W][2330306][143]CRTCyclicEvent.cpp:TimeMissed():101|Cycle miss in event CCSICombinedRepManager. Time Overrun is 24717 us[EOL]
[2026-09-22T07:27:04.903701Z][RSH.rfidreader][W][2330306][136]CRTCyclicEvent.cpp:TimeMissed():101|Cycle miss in event CCSICombinedCmdManager Cyclic Event. Time Overrun is 3438362 us[EOL]
[2026-09-22T07:27:04.933999Z][RSH.newgen-reagentstoragehandler][W][2330306][143]CRTCyclicEvent.cpp:TimeMissed():101|Cycle miss in event CCSICombinedCmdManager Cyclic Event. Time Overrun is 34992 us[EOL]
[2026-09-22T07:27:04.903735Z][RSH.rfidreader][W][2330306][136]CRTCyclicEvent.cpp:TimeMissed():101|Cycle miss in event CCSICombinedRepManager. Time Overrun is 3438362 us[EOL]
[2026-09-22T07:27:04.934037Z][RSH.newgen-reagentstoragehandler][W][2330306][143]CRTCyclicEvent.cpp:TimeMissed():101|Cycle miss in event CCSICombinedRepManager. Time Overrun is 34992 us[EOL]
[2026-09-22T07:27:05.092930Z][RSH.newgen-reagentstoragehandler][W][2330306][143]CRTCyclicEvent.cpp:TimeMissed():101|Cycle miss in event CCSICombinedCmdManager Cyclic Event. Time Overrun is 3928 us[EOL]
[2026-09-22T07:27:05.092952Z][RSH.newgen-reagentstoragehandler][W][2330306][143]CRTCyclicEvent.cpp:TimeMissed():101|Cycle miss in event CCSICombinedRepManager. Time Overrun is 3928 us[EOL]
[2026-09-22T07:27:05.175851Z][RSH.rfidreader][W][2330306][136]CRTCyclicEvent.cpp:TimeMissed():101|Cycle miss in event CCSICombinedCmdManager Cyclic Event. Time Overrun is 514 us[EOL]
[2026-09-22T07:27:05.175886Z][RSH.rfidreader][W][2330306][136]CRTCyclicEvent.cpp:TimeMissed():101|Cycle miss in event CCSICombinedRepManager. Time Overrun is 514 us[EOL]
[2026-09-22T07:27:05.245417Z][RSH.newgen-reagentstoragehandler][W][2330306][143]CRTCyclicEvent.cpp:TimeMissed():101|Cycle miss in event CCSICombinedCmdManager Cyclic Event. Time Overrun is 36414 us[EOL]
[2026-09-22T07:27:05.245438Z][RSH.newgen-reagentstoragehandler][W][2330306][143]CRTCyclicEvent.cpp:TimeMissed():101|Cycle miss in event CCSICombinedRepManager. Time Overrun is 36414 us[EOL]
[2026-09-22T07:27:05.332510Z][RSH.rfidreader][W][2330306][136]CRTCyclicEvent.cpp:TimeMissed():101|Cycle miss in event CCSICombinedCmdManager Cyclic Event. Time Overrun is 37173 us[EOL]
[2026-09-22T07:27:05.332538Z][RSH.rfidreader][W][2330306][136]CRTCyclicEvent.cpp:TimeMissed():101|Cycle miss in event CCSICombinedRepManager. Time Overrun is 37173 us[EOL]
[2026-09-22T07:27:05.425052Z][RSH.newgen-reagentstoragehandler][W][2330306][143]CRTCyclicEvent.cpp:TimeMissed():101|Cycle miss in event CCSICombinedCmdManager Cyclic Event. Time Overrun is 36048 us[EOL]
[2026-09-22T07:27:05.425118Z][RSH.newgen-reagentstoragehandler][W][2330306][143]CRTCyclicEvent.cpp:TimeMissed():101|Cycle miss in event CCSICombinedRepManager. Time Overrun is 36048 us[EOL]
[2026-09-22T07:27:05.501112Z][RSH.rfidreader][W][2330306][136]CRTCyclicEvent.cpp:TimeMissed():101|Cycle miss in event CCSICombinedCmdManager Cyclic Event. Time Overrun is 5724 us[EOL]
[2026-09-22T07:27:05.501180Z][RSH.rfidreader][W][2330306][136]CRTCyclicEvent.cpp:TimeMissed():101|Cycle miss in event CCSICombinedRepManager. Time Overrun is 5724 us[EOL]
[2026-09-22T07:27:05.673852Z][RSH.newgen-reagentstoragehandler][W][2330306][143]CRTCyclicEvent.cpp:TimeMissed():101|Cycle miss in event CCSICombinedCmdManager Cyclic Event. Time Overrun is 14843 us[EOL]
[2026-09-22T07:27:05.673902Z][RSH.newgen-reagentstoragehandler][W][2330306][143]CRTCyclicEvent.cpp:TimeMissed():101|Cycle miss in event CCSICombinedRepManager. Time Overrun is 14843 us[EOL]
[2026-09-22T07:27:05.692499Z][RSH.rfidreader][W][2330306][136]CRTCyclicEvent.cpp:TimeMissed():101|Cycle miss in event CCSICombinedCmdManager Cyclic Event. Time Overrun is 17163 us[EOL]
[2026-09-22T07:27:05.692522Z][RSH.rfidreader][W][2330306][136]CRTCyclicEvent.cpp:TimeMissed():101|Cycle miss in event CCSICombinedRepManager. Time Overrun is 17163 us[EOL]
[2026-09-22T07:27:05.803709Z][RSH.newgen-reagentstoragehandler][W][2330306][143]CRTCyclicEvent.cpp:TimeMissed():101|Cycle miss in event CCSICombinedCmdManager Cyclic Event. Time Overrun is 14702 us[EOL]
[2026-09-22T07:27:05.803753Z][RSH.newgen-reagentstoragehandler][W][2330306][143]CRTCyclicEvent.cpp:TimeMissed():101|Cycle miss in event CCSICombinedRepManager. Time Overrun is 14702 us[EOL]
[2026-09-22T07:27:05.931388Z][RSH.rfidreader][W][2330306][136]CRTCyclicEvent.cpp:TimeMissed():101|Cycle miss in event CCSICombinedCmdManager Cyclic Event. Time Overrun is 106045 us[EOL]
[2026-09-22T07:27:05.926134Z][RSH.newgen-reagentstoragehandler][W][2330306][143]CRTCyclicEvent.cpp:TimeMissed():101|Cycle miss in event CCSICombinedCmdManager Cyclic Event. Time Overrun is 7128 us[EOL]
[2026-09-22T07:27:05.931448Z][RSH.rfidreader][W][2330306][136]CRTCyclicEvent.cpp:TimeMissed():101|Cycle miss in event CCSICombinedRepManager. Time Overrun is 106045 us[EOL]
[2026-09-22T07:27:05.926172Z][RSH.newgen-reagentstoragehandler][W][2330306][143]CRTCyclicEvent.cpp:TimeMissed():101|Cycle miss in event CCSICombinedRepManager. Time Overrun is 7128 us[EOL]
[2026-09-22T07:27:06.415900Z][RSH.rfidreader][W][2330306][136]CRTCyclicEvent.cpp:TimeMissed():101|Cycle miss in event CCSICombinedCmdManager Cyclic Event. Time Overrun is 70564 us[EOL]
[2026-09-22T07:27:06.415929Z][RSH.rfidreader][W][2330306][136]CRTCyclicEvent.cpp:TimeMissed():101|Cycle miss in event CCSICombinedRepManager. Time Overrun is 70564 us[EOL]
[2026-09-22T07:27:06.601241Z][RSH.rfidreader][W][2330306][136]CRTCyclicEvent.cpp:TimeMissed():101|Cycle miss in event CCSICombinedCmdManager Cyclic Event. Time Overrun is 65907 us[EOL]
[2026-09-22T07:27:06.601261Z][RSH.rfidreader][W][2330306][136]CRTCyclicEvent.cpp:TimeMissed():101|Cycle miss in event CCSICombinedRepManager. Time Overrun is 65907 us[EOL]
[2026-09-22T07:27:06.599611Z][RSH.newgen-reagentstoragehandler][W][2330306][143]CRTCyclicEvent.cpp:TimeMissed():101|Cycle miss in event CCSICyclicRepManager. Time Overrun is 10304 us[EOL]
[2026-09-22T07:27:06.600717Z][RSH.newgen-reagentstoragehandler][W][2330306][143]CRTCyclicEvent.cpp:TimeMissed():101|Cycle miss in event CCSICombinedCmdManager Cyclic Event. Time Overrun is 91714 us[EOL]
[2026-09-22T07:27:06.600859Z][RSH.newgen-reagentstoragehandler][W][2330306][143]CRTCyclicEvent.cpp:TimeMissed():101|Cycle miss in event CCSICombinedRepManager. Time Overrun is 91714 us[EOL]
[2026-09-22T07:27:06.779018Z][RSH.rfidreader][W][2330306][136]CRTCyclicEvent.cpp:TimeMissed():101|Cycle miss in event CCSICombinedCmdManager Cyclic Event. Time Overrun is 53683 us[EOL]
[2026-09-22T07:27:06.779043Z][RSH.rfidreader][W][2330306][136]CRTCyclicEvent.cpp:TimeMissed():101|Cycle miss in event CCSICombinedRepManager. Time Overrun is 53683 us[EOL]
[2026-09-22T07:27:06.779034Z][RSH.newgen-reagentstoragehandler][W][2330306][143]CRTCyclicEvent.cpp:TimeMissed():101|Cycle miss in event CCSICombinedCmdManager Cyclic Event. Time Overrun is 50030 us[EOL]
[2026-09-22T07:27:06.779071Z][RSH.newgen-reagentstoragehandler][W][2330306][143]CRTCyclicEvent.cpp:TimeMissed():101|Cycle miss in event CCSICombinedRepManager. Time Overrun is 50030 us[EOL]
[2026-09-22T07:27:06.904887Z][RSH.rfidreader][W][2330306][136]CRTCyclicEvent.cpp:TimeMissed():101|Cycle miss in event CCSICombinedCmdManager Cyclic Event. Time Overrun is 9551 us[EOL]
[2026-09-22T07:27:06.904916Z][RSH.rfidreader][W][2330306][136]CRTCyclicEvent.cpp:TimeMissed():101|Cycle miss in event CCSICombinedRepManager. Time Overrun is 9551 us[EOL]
[2026-09-22T07:27:08.517258Z][RSH.newgen-reagentstoragehandler][W][2330306][143]CRTCyclicEvent.cpp:TimeMissed():101|Cycle miss in event CCSICyclicRepManager. Time Overrun is 727954 us[EOL]
[2026-09-22T07:27:08.872930Z][RSH.rfidreader][W][2330306][136]CRTCyclicEvent.cpp:TimeMissed():101|Cycle miss in event CCSICombinedCmdManager Cyclic Event. Time Overrun is 327595 us[EOL]
[2026-09-22T07:27:08.872957Z][RSH.rfidreader][W][2330306][136]CRTCyclicEvent.cpp:TimeMissed():101|Cycle miss in event CCSICombinedRepManager. Time Overrun is 327595 us[EOL]
[2026-09-22T07:27:08.873471Z][RSH.newgen-reagentstoragehandler][W][2330306][143]CRTCyclicEvent.cpp:TimeMissed():101|Cycle miss in event CCSICombinedCmdManager Cyclic Event. Time Overrun is 334462 us[EOL]
[2026-09-22T07:27:08.873514Z][RSH.newgen-reagentstoragehandler][W][2330306][143]CRTCyclicEvent.cpp:TimeMissed():101|Cycle miss in event CCSICombinedRepManager. Time Overrun is 334462 us[EOL]
[2026-09-22T07:27:09.367342Z][RSH.newgen-reagentstoragehandler][W][2330306][143]CRTCyclicEvent.cpp:TimeMissed():101|Cycle miss in event CCSICombinedCmdManager Cyclic Event. Time Overrun is 48334 us[EOL]
[2026-09-22T07:27:09.367414Z][RSH.newgen-reagentstoragehandler][W][2330306][143]CRTCyclicEvent.cpp:TimeMissed():101|Cycle miss in event CCSICombinedRepManager. Time Overrun is 48334 us[EOL]
[2026-09-22T07:27:09.564200Z][RSH.newgen-reagentstoragehandler][W][2330306][143]CRTCyclicEvent.cpp:TimeMissed():101|Cycle miss in event CCSICombinedCmdManager Cyclic Event. Time Overrun is 85193 us[EOL]
[2026-09-22T07:27:09.564250Z][RSH.newgen-reagentstoragehandler][W][2330306][143]CRTCyclicEvent.cpp:TimeMissed():101|Cycle miss in event CCSICombinedRepManager. Time Overrun is 85193 us[EOL]
[2026-09-22T07:27:09.562331Z][RSH.rfidreader][W][2330306][136]CRTCyclicEvent.cpp:TimeMissed():101|Cycle miss in event CCSICombinedCmdManager Cyclic Event. Time Overrun is 156991 us[EOL]
[2026-09-22T07:27:09.562384Z][RSH.rfidreader][W][2330306][136]CRTCyclicEvent.cpp:TimeMissed():101|Cycle miss in event CCSICombinedRepManager. Time Overrun is 156991 us[EOL]
[2026-09-22T07:27:13.965869Z][RSH.newgen-reagentstoragehandler][W][2330306][143]CRTCyclicEvent.cpp:TimeMissed():101|Cycle miss in event CCSICombinedCmdManager Cyclic Event. Time Overrun is 4286867 us[EOL]
[2026-09-22T07:27:13.965890Z][RSH.newgen-reagentstoragehandler][W][2330306][143]CRTCyclicEvent.cpp:TimeMissed():101|Cycle miss in event CCSICombinedRepManager. Time Overrun is 4286867 us[EOL]
[2026-09-22T07:27:12.342592Z][RSH.rfidreader][W][2330306][136]CRTCyclicEvent.cpp:TimeMissed():101|Cycle miss in event CCSICombinedCmdManager Cyclic Event. Time Overrun is 2667256 us[EOL]
[2026-09-22T07:27:12.342621Z][RSH.rfidreader][W][2330306][136]CRTCyclicEvent.cpp:TimeMissed():101|Cycle miss in event CCSICombinedRepManager. Time Overrun is 2667256 us[EOL]
[2026-09-22T07:27:14.129945Z][RSH.rfidreader][W][2330306][136]CRTCyclicEvent.cpp:TimeMissed():101|Cycle miss in event CCSICombinedCmdManager Cyclic Event. Time Overrun is 134607 us[EOL]
[2026-09-22T07:27:14.129994Z][RSH.rfidreader][W][2330306][136]CRTCyclicEvent.cpp:TimeMissed():101|Cycle miss in event CCSICombinedRepManager. Time Overrun is 134607 us[EOL]
[2026-09-22T07:27:14.126860Z][RSH.newgen-reagentstoragehandler][W][2330306][143]CRTCyclicEvent.cpp:TimeMissed():101|Cycle miss in event CCSICyclicRepManager. Time Overrun is 4437555 us[EOL]
[2026-09-22T07:27:14.130272Z][RSH.newgen-reagentstoragehandler][W][2330306][143]CRTCyclicEvent.cpp:TimeMissed():101|Cycle miss in event CCSICombinedCmdManager Cyclic Event. Time Overrun is 51270 us[EOL]
[2026-09-22T07:27:14.130296Z][RSH.newgen-reagentstoragehandler][W][2330306][143]CRTCyclicEvent.cpp:TimeMissed():101|Cycle miss in event CCSICombinedRepManager. Time Overrun is 51270 us[EOL]
[2026-09-22T07:27:14.263368Z][RSH.newgen-reagentstoragehandler][W][2330306][143]CRTCyclicEvent.cpp:TimeMissed():101|Cycle miss in event CCSICombinedCmdManager Cyclic Event. Time Overrun is 14363 us[EOL]
[2026-09-22T07:27:14.263409Z][RSH.newgen-reagentstoragehandler][W][2330306][143]CRTCyclicEvent.cpp:TimeMissed():101|Cycle miss in event CCSICombinedRepManager. Time Overrun is 14363 us[EOL]
[2026-09-22T07:27:14.468500Z][RSH.newgen-reagentstoragehandler][W][2330306][143]CRTCyclicEvent.cpp:TimeMissed():101|Cycle miss in event CCSICombinedCmdManager Cyclic Event. Time Overrun is 19490 us[EOL]
[2026-09-22T07:27:14.468788Z][RSH.newgen-reagentstoragehandler][W][2330306][143]CRTCyclicEvent.cpp:TimeMissed():101|Cycle miss in event CCSICombinedRepManager. Time Overrun is 19490 us[EOL]
[2026-09-22T07:27:14.585940Z][RSH.newgen-reagentstoragehandler][W][2330306][143]CRTCyclicEvent.cpp:TimeMissed():101|Cycle miss in event CCSICombinedCmdManager Cyclic Event. Time Overrun is 6936 us[EOL]
[2026-09-22T07:27:14.585987Z][RSH.newgen-reagentstoragehandler][W][2330306][143]CRTCyclicEvent.cpp:TimeMissed():101|Cycle miss in event CCSICombinedRepManager. Time Overrun is 6936 us[EOL]
[2026-09-22T07:27:14.587655Z][RSH.rfidreader][W][2330306][136]CRTCyclicEvent.cpp:TimeMissed():101|Cycle miss in event CCSICombinedCmdManager Cyclic Event. Time Overrun is 222320 us[EOL]
[2026-09-22T07:27:14.587677Z][RSH.rfidreader][W][2330306][136]CRTCyclicEvent.cpp:TimeMissed():101|Cycle miss in event CCSICombinedRepManager. Time Overrun is 222320 us[EOL]
[2026-09-22T07:27:14.716579Z][RSH.newgen-reagentstoragehandler][W][2330306][143]CRTCyclicEvent.cpp:TimeMissed():101|Cycle miss in event CCSICombinedCmdManager Cyclic Event. Time Overrun is 17571 us[EOL]
[2026-09-22T07:27:14.716694Z][RSH.newgen-reagentstoragehandler][W][2330306][143]CRTCyclicEvent.cpp:TimeMissed():101|Cycle miss in event CCSICombinedRepManager. Time Overrun is 17571 us[EOL]
[2026-09-22T07:27:14.716675Z][RSH.rfidreader][W][2330306][136]CRTCyclicEvent.cpp:TimeMissed():101|Cycle miss in event CCSICombinedCmdManager Cyclic Event. Time Overrun is 11328 us[EOL]
[2026-09-22T07:27:14.716808Z][RSH.rfidreader][W][2330306][136]CRTCyclicEvent.cpp:TimeMissed():101|Cycle miss in event CCSICombinedRepManager. Time Overrun is 11328 us[EOL]
[2026-09-22T07:27:14.858756Z][RSH.rfidreader][W][2330306][136]CRTCyclicEvent.cpp:TimeMissed():101|Cycle miss in event CCSICombinedCmdManager Cyclic Event. Time Overrun is 3398 us[EOL]
[2026-09-22T07:27:14.858810Z][RSH.rfidreader][W][2330306][136]CRTCyclicEvent.cpp:TimeMissed():101|Cycle miss in event CCSICombinedRepManager. Time Overrun is 3398 us[EOL]
[2026-09-22T07:27:14.858259Z][RSH.newgen-reagentstoragehandler][W][2330306][143]CRTCyclicEvent.cpp:TimeMissed():101|Cycle miss in event CCSICombinedCmdManager Cyclic Event. Time Overrun is 9240 us[EOL]
[2026-09-22T07:27:14.858358Z][RSH.newgen-reagentstoragehandler][W][2330306][143]CRTCyclicEvent.cpp:TimeMissed():101|Cycle miss in event CCSICombinedRepManager. Time Overrun is 9240 us[EOL]
[2026-09-22T07:27:14.986301Z][RSH.newgen-reagentstoragehandler][W][2330306][143]CRTCyclicEvent.cpp:TimeMissed():101|Cycle miss in event CCSICombinedCmdManager Cyclic Event. Time Overrun is 17291 us[EOL]
[2026-09-22T07:27:14.986366Z][RSH.newgen-reagentstoragehandler][W][2330306][143]CRTCyclicEvent.cpp:TimeMissed():101|Cycle miss in event CCSICombinedRepManager. Time Overrun is 17291 us[EOL]
[2026-09-22T07:27:14.988463Z][RSH.rfidreader][W][2330306][136]CRTCyclicEvent.cpp:TimeMissed():101|Cycle miss in event CCSICombinedCmdManager Cyclic Event. Time Overrun is 13126 us[EOL]
[2026-09-22T07:27:14.988498Z][RSH.rfidreader][W][2330306][136]CRTCyclicEvent.cpp:TimeMissed():101|Cycle miss in event CCSICombinedRepManager. Time Overrun is 13126 us[EOL]
[2026-09-22T07:27:15.203875Z][RSH.newgen-reagentstoragehandler][W][2330306][143]CRTCyclicEvent.cpp:TimeMissed():101|Cycle miss in event CCSICombinedCmdManager Cyclic Event. Time Overrun is 104868 us[EOL]
[2026-09-22T07:27:15.204073Z][RSH.rfidreader][W][2330306][136]CRTCyclicEvent.cpp:TimeMissed():101|Cycle miss in event CCSICombinedCmdManager Cyclic Event. Time Overrun is 98735 us[EOL]
[2026-09-22T07:27:15.204106Z][RSH.rfidreader][W][2330306][136]CRTCyclicEvent.cpp:TimeMissed():101|Cycle miss in event CCSICombinedRepManager. Time Overrun is 98735 us[EOL]
[2026-09-22T07:27:15.204039Z][RSH.newgen-reagentstoragehandler][W][2330306][143]CRTCyclicEvent.cpp:TimeMissed():101|Cycle miss in event CCSICombinedRepManager. Time Overrun is 104868 us[EOL]
[2026-09-22T07:27:15.319928Z][RSH.newgen-reagentstoragehandler][W][2330306][143]CRTCyclicEvent.cpp:TimeMissed():101|Cycle miss in event CCSICombinedCmdManager Cyclic Event. Time Overrun is 873 us[EOL]
[2026-09-22T07:27:15.319964Z][RSH.newgen-reagentstoragehandler][W][2330306][143]CRTCyclicEvent.cpp:TimeMissed():101|Cycle miss in event CCSICombinedRepManager. Time Overrun is 873 us[EOL]
[2026-09-22T07:27:15.453717Z][RSH.newgen-reagentstoragehandler][W][2330306][143]CRTCyclicEvent.cpp:TimeMissed():101|Cycle miss in event CCSICombinedCmdManager Cyclic Event. Time Overrun is 14709 us[EOL]
[2026-09-22T07:27:15.453749Z][RSH.newgen-reagentstoragehandler][W][2330306][143]CRTCyclicEvent.cpp:TimeMissed():101|Cycle miss in event CCSICombinedRepManager. Time Overrun is 14709 us[EOL]
[2026-09-22T07:27:15.548108Z][RSH.rfidreader][W][2330306][136]CRTCyclicEvent.cpp:TimeMissed():101|Cycle miss in event CCSICombinedCmdManager Cyclic Event. Time Overrun is 32771 us[EOL]
[2026-09-22T07:27:15.548147Z][RSH.rfidreader][W][2330306][136]CRTCyclicEvent.cpp:TimeMissed():101|Cycle miss in event CCSICombinedRepManager. Time Overrun is 32771 us[EOL]
[2026-09-22T07:27:15.591777Z][RSH.newgen-reagentstoragehandler][W][2330306][143]CRTCyclicEvent.cpp:TimeMissed():101|Cycle miss in event CCSICombinedCmdManager Cyclic Event. Time Overrun is 22773 us[EOL]
[2026-09-22T07:27:15.591815Z][RSH.newgen-reagentstoragehandler][W][2330306][143]CRTCyclicEvent.cpp:TimeMissed():101|Cycle miss in event CCSICombinedRepManager. Time Overrun is 22773 us[EOL]
[2026-09-22T07:27:15.843862Z][RSH.rfidreader][W][2330306][136]CRTCyclicEvent.cpp:TimeMissed():101|Cycle miss in event CCSICombinedCmdManager Cyclic Event. Time Overrun is 48525 us[EOL]
[2026-09-22T07:27:15.843919Z][RSH.rfidreader][W][2330306][136]CRTCyclicEvent.cpp:TimeMissed():101|Cycle miss in event CCSICombinedRepManager. Time Overrun is 48525 us[EOL]
[2026-09-22T07:27:16.003353Z][RSH.rfidreader][W][2330306][136]CRTCyclicEvent.cpp:TimeMissed():101|Cycle miss in event CCSICombinedCmdManager Cyclic Event. Time Overrun is 38013 us[EOL]
[2026-09-22T07:27:16.003415Z][RSH.rfidreader][W][2330306][136]CRTCyclicEvent.cpp:TimeMissed():101|Cycle miss in event CCSICombinedRepManager. Time Overrun is 38013 us[EOL]
[2026-09-22T07:27:16.054819Z][RSH.newgen-reagentstoragehandler][W][2330306][143]CRTCyclicEvent.cpp:TimeMissed():101|Cycle miss in event CCSICombinedCmdManager Cyclic Event. Time Overrun is 25815 us[EOL]
[2026-09-22T07:27:16.054860Z][RSH.newgen-reagentstoragehandler][W][2330306][143]CRTCyclicEvent.cpp:TimeMissed():101|Cycle miss in event CCSICombinedRepManager. Time Overrun is 25815 us[EOL]
[2026-09-22T07:27:16.127590Z][RSH.rfidreader][W][2330306][136]CRTCyclicEvent.cpp:TimeMissed():101|Cycle miss in event CCSICombinedCmdManager Cyclic Event. Time Overrun is 12253 us[EOL]
[2026-09-22T07:27:16.127619Z][RSH.rfidreader][W][2330306][136]CRTCyclicEvent.cpp:TimeMissed():101|Cycle miss in event CCSICombinedRepManager. Time Overrun is 12253 us[EOL]
[2026-09-22T07:27:16.259695Z][RSH.newgen-reagentstoragehandler][W][2330306][143]CRTCyclicEvent.cpp:TimeMissed():101|Cycle miss in event CCSICombinedCmdManager Cyclic Event. Time Overrun is 90628 us[EOL]
[2026-09-22T07:27:16.259726Z][RSH.newgen-reagentstoragehandler][W][2330306][143]CRTCyclicEvent.cpp:TimeMissed():101|Cycle miss in event CCSICombinedRepManager. Time Overrun is 90628 us[EOL]
[2026-09-22T07:27:16.258804Z][RSH.rfidreader][W][2330306][136]CRTCyclicEvent.cpp:TimeMissed():101|Cycle miss in event CCSICombinedCmdManager Cyclic Event. Time Overrun is 13467 us[EOL]
[2026-09-22T07:27:16.258933Z][RSH.rfidreader][W][2330306][136]CRTCyclicEvent.cpp:TimeMissed():101|Cycle miss in event CCSICombinedRepManager. Time Overrun is 13467 us[EOL]
[2026-09-22T07:27:16.659267Z][RSH.rfidreader][W][2330306][136]CRTCyclicEvent.cpp:TimeMissed():101|Cycle miss in event CCSICombinedCmdManager Cyclic Event. Time Overrun is 283928 us[EOL]
[2026-09-22T07:27:16.659390Z][RSH.rfidreader][W][2330306][136]CRTCyclicEvent.cpp:TimeMissed():101|Cycle miss in event CCSICombinedRepManager. Time Overrun is 283928 us[EOL]
[2026-09-22T07:27:16.657682Z][RSH.newgen-reagentstoragehandler][W][2330306][143]CRTCyclicEvent.cpp:TimeMissed():101|Cycle miss in event CCSICombinedCmdManager Cyclic Event. Time Overrun is 278675 us[EOL]
[2026-09-22T07:27:16.657747Z][RSH.newgen-reagentstoragehandler][W][2330306][143]CRTCyclicEvent.cpp:TimeMissed():101|Cycle miss in event CCSICombinedRepManager. Time Overrun is 278675 us[EOL]
[2026-09-22T07:27:17.243964Z][RSH.rfidreader][W][2330306][136]CRTCyclicEvent.cpp:TimeMissed():101|Cycle miss in event CCSICombinedCmdManager Cyclic Event. Time Overrun is 468626 us[EOL]
[2026-09-22T07:27:17.244005Z][RSH.rfidreader][W][2330306][136]CRTCyclicEvent.cpp:TimeMissed():101|Cycle miss in event CCSICombinedRepManager. Time Overrun is 468626 us[EOL]
[2026-09-22T07:27:17.239894Z][RSH.newgen-reagentstoragehandler][W][2330306][143]CRTCyclicEvent.cpp:TimeMissed():101|Cycle miss in event CCSICyclicRepManager. Time Overrun is 350497 us[EOL]
[2026-09-22T07:27:17.373215Z][RSH.rfidreader][W][2330306][136]CRTCyclicEvent.cpp:TimeMissed():101|Cycle miss in event CCSICombinedCmdManager Cyclic Event. Time Overrun is 17872 us[EOL]
[2026-09-22T07:27:17.373295Z][RSH.rfidreader][W][2330306][136]CRTCyclicEvent.cpp:TimeMissed():101|Cycle miss in event CCSICombinedRepManager. Time Overrun is 17872 us[EOL]
[2026-09-22T07:27:17.509552Z][RSH.rfidreader][W][2330306][136]CRTCyclicEvent.cpp:TimeMissed():101|Cycle miss in event CCSICombinedCmdManager Cyclic Event. Time Overrun is 24215 us[EOL]
[2026-09-22T07:27:17.509577Z][RSH.rfidreader][W][2330306][136]CRTCyclicEvent.cpp:TimeMissed():101|Cycle miss in event CCSICombinedRepManager. Time Overrun is 24215 us[EOL]
[2026-09-22T07:27:17.823801Z][RSH.newgen-reagentstoragehandler][W][2330306][143]CRTCyclicEvent.cpp:TimeMissed():101|Cycle miss in event CCSICombinedCmdManager Cyclic Event. Time Overrun is 4800 us[EOL]
[2026-09-22T07:27:17.823825Z][RSH.newgen-reagentstoragehandler][W][2330306][143]CRTCyclicEvent.cpp:TimeMissed():101|Cycle miss in event CCSICombinedRepManager. Time Overrun is 4800 us[EOL]
[2026-09-22T07:27:17.858727Z][RSH.rfidreader][W][2330306][136]CRTCyclicEvent.cpp:TimeMissed():101|Cycle miss in event CCSICombinedCmdManager Cyclic Event. Time Overrun is 73390 us[EOL]
[2026-09-22T07:27:17.858771Z][RSH.rfidreader][W][2330306][136]CRTCyclicEvent.cpp:TimeMissed():101|Cycle miss in event CCSICombinedRepManager. Time Overrun is 73390 us[EOL]
[2026-09-22T07:27:18.100072Z][RSH.rfidreader][W][2330306][136]CRTCyclicEvent.cpp:TimeMissed():101|Cycle miss in event CCSICombinedCmdManager Cyclic Event. Time Overrun is 104582 us[EOL]
[2026-09-22T07:27:18.100226Z][RSH.rfidreader][W][2330306][136]CRTCyclicEvent.cpp:TimeMissed():101|Cycle miss in event CCSICombinedRepManager. Time Overrun is 104582 us[EOL]
[2026-09-22T07:27:18.224145Z][RSH.rfidreader][W][2330306][136]CRTCyclicEvent.cpp:TimeMissed():101|Cycle miss in event CCSICombinedCmdManager Cyclic Event. Time Overrun is 8805 us[EOL]
[2026-09-22T07:27:18.224177Z][RSH.rfidreader][W][2330306][136]CRTCyclicEvent.cpp:TimeMissed():101|Cycle miss in event CCSICombinedRepManager. Time Overrun is 8805 us[EOL]
[2026-09-22T07:27:18.360672Z][RSH.rfidreader][W][2330306][136]CRTCyclicEvent.cpp:TimeMissed():101|Cycle miss in event CCSICombinedCmdManager Cyclic Event. Time Overrun is 25333 us[EOL]
[2026-09-22T07:27:18.360736Z][RSH.rfidreader][W][2330306][136]CRTCyclicEvent.cpp:TimeMissed():101|Cycle miss in event CCSICombinedRepManager. Time Overrun is 25333 us[EOL]
[2026-09-22T07:27:18.424699Z][RSH.newgen-reagentstoragehandler][W][2330306][143]CRTCyclicEvent.cpp:TimeMissed():101|Cycle miss in event CCSICombinedCmdManager Cyclic Event. Time Overrun is 15696 us[EOL]
[2026-09-22T07:27:18.424751Z][RSH.newgen-reagentstoragehandler][W][2330306][143]CRTCyclicEvent.cpp:TimeMissed():101|Cycle miss in event CCSICombinedRepManager. Time Overrun is 15696 us[EOL]
[2026-09-22T07:27:18.541522Z][RSH.rfidreader][W][2330306][136]CRTCyclicEvent.cpp:TimeMissed():101|Cycle miss in event CCSICombinedCmdManager Cyclic Event. Time Overrun is 26182 us[EOL]
[2026-09-22T07:27:18.541611Z][RSH.rfidreader][W][2330306][136]CRTCyclicEvent.cpp:TimeMissed():101|Cycle miss in event CCSICombinedRepManager. Time Overrun is 26182 us[EOL]
[2026-09-22T07:27:18.691743Z][RSH.rfidreader][W][2330306][136]CRTCyclicEvent.cpp:TimeMissed():101|Cycle miss in event CCSICombinedCmdManager Cyclic Event. Time Overrun is 36406 us[EOL]
[2026-09-22T07:27:18.691781Z][RSH.rfidreader][W][2330306][136]CRTCyclicEvent.cpp:TimeMissed():101|Cycle miss in event CCSICombinedRepManager. Time Overrun is 36406 us[EOL]
[2026-09-22T07:27:18.898174Z][RSH.newgen-reagentstoragehandler][W][2330306][143]CRTCyclicEvent.cpp:TimeMissed():101|Cycle miss in event CCSICombinedCmdManager Cyclic Event. Time Overrun is 49168 us[EOL]
[2026-09-22T07:27:18.898208Z][RSH.newgen-reagentstoragehandler][W][2330306][143]CRTCyclicEvent.cpp:TimeMissed():101|Cycle miss in event CCSICombinedRepManager. Time Overrun is 49168 us[EOL]
[2026-09-22T07:27:19.070028Z][RSH.rfidreader][W][2330306][136]CRTCyclicEvent.cpp:TimeMissed():101|Cycle miss in event CCSICombinedCmdManager Cyclic Event. Time Overrun is 44690 us[EOL]
[2026-09-22T07:27:19.070067Z][RSH.rfidreader][W][2330306][136]CRTCyclicEvent.cpp:TimeMissed():101|Cycle miss in event CCSICombinedRepManager. Time Overrun is 44690 us[EOL]
[2026-09-22T07:27:19.207569Z][RSH.rfidreader][W][2330306][136]CRTCyclicEvent.cpp:TimeMissed():101|Cycle miss in event CCSICombinedCmdManager Cyclic Event. Time Overrun is 22228 us[EOL]
[2026-09-22T07:27:19.207630Z][RSH.rfidreader][W][2330306][136]CRTCyclicEvent.cpp:TimeMissed():101|Cycle miss in event CCSICombinedRepManager. Time Overrun is 22228 us[EOL]
[2026-09-22T08:29:30.838341Z][RSH.rfidreader][I][2330115][133]CRTArgumentParserBase.cpp:SetupLogFacility():200|System Logger Setup Done.[EOL]
[2026-09-22T08:29:30.838692Z][RSH.rfidreader][I][1350078][133]CArgumentParserBase.cpp:ParseArguments():86|CSM version: 3.1.0.1340339_[EOL]
[2026-09-22T08:29:32.087213Z][RSH.rfidreader][I][2330346][133]CRTSystemLogger.cpp:Activate():64|Realtime Logger created.[EOL]
[2026-09-22T08:29:32.087286Z][RSH.rfidreader][N][2330110][133]CTLSF.cpp:TraceStatistics():105|TLSF Statistics: Initial pool size: 3145728 Bytes, pool increased: 0 times, high watermark: 59792 bytes, currently used size: 59408 bytes.[EOL]
[2026-09-22T08:29:32.087309Z][RSH.rfidreader][I][2330349][133]CRTEventSystemConfigurationDefault.cpp:TraceSetupDone():284|Realtime Context Setup Done. Sched Policy: SCHED_FIFO, Prio: 46, Timer Prio: 75, Middleware Prio: 76, CPU assigned by OS[EOL]
[2026-09-22T08:29:32.213432Z][RSH.rfidreader][N][2330477][133]CConnectionHandler.cpp:RegisterConnection():104|Socket added to epoll with identifier 0x0 (0), file descriptor 11.[EOL]
[2026-09-22T08:29:32.229102Z][RSH.rfidreader][N][2330477][133]CConnectionHandler.cpp:RegisterConnection():104|Socket added to epoll with identifier 0x0 (0), file descriptor 13.[EOL]
[2026-09-22T08:29:32.229170Z][RSH.rfidreader][N][2330467][133]CDefaultStreamHandler.cpp:OnConnectionAccepted():405|New connection established. file descriptor 13[EOL]
[2026-09-22T08:29:32.229235Z][RSH.rfidreader][N][2330470][133]CDefaultStreamHandler.cpp:OnClosing():424|Socket with file descriptor 13 has been disconnected[EOL]
[2026-09-22T08:29:32.229252Z][RSH.rfidreader][N][2330478][133]CConnectionHandler.cpp:UnregisterConnection():127|Socket removed from epoll with identifier 0x0 (0), file descriptor 13.[EOL]
[2026-09-22T08:29:32.493772Z][RSH.rfidreader][W][2330306][133]CRTCyclicEvent.cpp:TimeMissed():101|Cycle miss in event CCSICombinedCmdManager Cyclic Event. Time Overrun is 14090 us[EOL]
[2026-09-22T08:29:32.493838Z][RSH.rfidreader][W][2330306][133]CRTCyclicEvent.cpp:TimeMissed():101|Cycle miss in event CCSICombinedRepManager. Time Overrun is 14090 us[EOL]
[2026-09-22T08:29:32.722039Z][RSH.rfidreader][W][2330306][133]CRTCyclicEvent.cpp:TimeMissed():101|Cycle miss in event CCSICombinedCmdManager Cyclic Event. Time Overrun is 94261 us[EOL]
[2026-09-22T08:29:32.722172Z][RSH.rfidreader][W][2330306][133]CRTCyclicEvent.cpp:TimeMissed():101|Cycle miss in event CCSICombinedRepManager. Time Overrun is 94261 us[EOL]
[2026-09-22T08:29:32.917350Z][RSH.rfidreader][W][2330306][133]CRTCyclicEvent.cpp:TimeMissed():101|Cycle miss in event CCSICombinedCmdManager Cyclic Event. Time Overrun is 79563 us[EOL]
[2026-09-22T08:29:32.917427Z][RSH.rfidreader][W][2330306][133]CRTCyclicEvent.cpp:TimeMissed():101|Cycle miss in event CCSICombinedRepManager. Time Overrun is 79563 us[EOL]
[2026-09-22T08:29:35.733184Z][RSH.rfidreader][W][2330306][133]CRTCyclicEvent.cpp:TimeMissed():101|Cycle miss in event CCSICombinedCmdManager Cyclic Event. Time Overrun is 5407 us[EOL]
[2026-09-22T08:29:35.733219Z][RSH.rfidreader][W][2330306][133]CRTCyclicEvent.cpp:TimeMissed():101|Cycle miss in event CCSICombinedRepManager. Time Overrun is 5407 us[EOL]
[2026-09-22T08:29:36.002311Z][RSH.rfidreader][W][2330306][133]CRTCyclicEvent.cpp:TimeMissed():101|Cycle miss in event CCSICombinedCmdManager Cyclic Event. Time Overrun is 4534 us[EOL]
[2026-09-22T08:29:36.002382Z][RSH.rfidreader][W][2330306][133]CRTCyclicEvent.cpp:TimeMissed():101|Cycle miss in event CCSICombinedRepManager. Time Overrun is 4534 us[EOL]
[2026-09-22T08:29:39.382241Z][RSH.rfidreader][W][2330306][133]CRTCyclicEvent.cpp:TimeMissed():101|Cycle miss in event CCSICombinedCmdManager Cyclic Event. Time Overrun is 4449 us[EOL]
[2026-09-22T08:29:39.382323Z][RSH.rfidreader][W][2330306][133]CRTCyclicEvent.cpp:TimeMissed():101|Cycle miss in event CCSICombinedRepManager. Time Overrun is 4449 us[EOL]
[2026-09-22T08:29:39.530972Z][RSH.newgen-reagentstoragehandler][I][2330115][141]CRTArgumentParserBase.cpp:SetupLogFacility():200|System Logger Setup Done.[EOL]
[2026-09-22T08:29:39.533051Z][RSH.newgen-reagentstoragehandler][I][1350078][141]CArgumentParserBase.cpp:ParseArguments():86|CSM version: 3.1.1.1340652_[EOL]
[2026-09-22T08:29:39.954115Z][RSH.newgen-reagentstoragehandler][I][2330346][141]CRTSystemLogger.cpp:Activate():64|Realtime Logger created.[EOL]
[2026-09-22T08:29:39.954182Z][RSH.newgen-reagentstoragehandler][N][2330110][141]CTLSF.cpp:TraceStatistics():105|TLSF Statistics: Initial pool size: 4194304 Bytes, pool increased: 0 times, high watermark: 160752 bytes, currently used size: 154528 bytes.[EOL]
[2026-09-22T08:29:39.954200Z][RSH.newgen-reagentstoragehandler][I][2330349][141]CRTEventSystemConfigurationDefault.cpp:TraceSetupDone():284|Realtime Context Setup Done. Sched Policy: SCHED_FIFO, Prio: 45, Timer Prio: 75, Middleware Prio: 76, CPU assigned by OS[EOL]
[2026-09-22T08:29:39.969339Z][RSH.newgen-reagentstoragehandler][I][3410009][141]CCSMApplication.cpp:RegisterDeviceController():200|SliderMotor added to SMStage![EOL]
[2026-09-22T08:29:39.969407Z][RSH.newgen-reagentstoragehandler][I][3410009][141]CCSMApplication.cpp:RegisterDeviceController():208|MotionLib initialized![EOL]
[2026-09-22T08:29:40.239937Z][RSH.newgen-reagentstoragehandler][I][3410009][141]CCSMApplication.cpp:RegisterDeviceController():216|MotionConfig loaded![EOL]
[2026-09-22T08:29:40.240926Z][RSH.newgen-reagentstoragehandler][I][1000053][141]CMotorLLCS.cpp:DoConfigure():192|Create BCI device with CDI: 0x10A703[EOL]
[2026-09-22T08:29:40.245190Z][RSH.newgen-reagentstoragehandler][I][3410009][141]CCSMApplication.cpp:RegisterDeviceController():228|DrawerMotor added and configured![EOL]
[2026-09-22T08:29:40.446851Z][RSH.newgen-reagentstoragehandler][I][3410009][141]CCSMApplication.cpp:RegisterDeviceController():232|SliderMotor added and configured![EOL]
[2026-09-22T08:29:40.446918Z][RSH.newgen-reagentstoragehandler][I][3410009][141]CCSMApplication.cpp:RegisterDeviceController():242|Motion Event Handler registered![EOL]
[2026-09-22T08:29:40.446954Z][RSH.newgen-reagentstoragehandler][I][3410009][141]CCSMApplication.cpp:RegisterDeviceController():260|ReagentStorageHandler added![EOL]
[2026-09-22T08:29:40.506871Z][RSH.newgen-reagentstoragehandler][I][3410009][141]CCSMApplication.cpp:UserLevelApplicationInit():394|State Machine instatiated![EOL]
[2026-09-22T08:29:40.527575Z][RSH.newgen-reagentstoragehandler][I][3410009][141]CCSMApplication.cpp:UserLevelApplicationInit():407|Parameter pool configuration done[EOL]
[2026-09-22T08:29:40.552664Z][RSH.newgen-reagentstoragehandler][I][0][141]CCSMApplication.cpp:UserLevelApplicationInit():451|Loading ECC /opt/roche/config//settings/startup/ecc.xml, Config ID: ReagentStorageHandler[EOL]
[2026-09-22T08:29:41.317159Z][RSH.newgen-reagentstoragehandler][I][0][141]CCSMApplication.cpp:UserLevelApplicationInit():453|Parsing Device List[EOL]
[2026-09-22T08:29:41.454401Z][RSH.newgen-reagentstoragehandler][I][3410009][141]CCSMApplication.cpp:UserLevelApplicationInit():473|Module configuration done[EOL]
[2026-09-22T08:29:41.454447Z][RSH.newgen-reagentstoragehandler][I][3410009][141]CCSMApplication.cpp:UserLevelApplicationInit():487|Default Errorhandling instantiated![EOL]
[2026-09-22T08:29:41.454468Z][RSH.newgen-reagentstoragehandler][I][3410009][141]CCSMApplication.cpp:UserLevelApplicationInit():490|ReagentStorage EventListener activated.[EOL]
[2026-09-22T08:29:41.455617Z][RSH.newgen-reagentstoragehandler][N][2330477][141]CConnectionHandler.cpp:RegisterConnection():104|Socket added to epoll with identifier 0x0 (0), file descriptor 20.[EOL]
[2026-09-22T08:29:41.475398Z][RSH.newgen-reagentstoragehandler][N][2330477][141]CConnectionHandler.cpp:RegisterConnection():104|Socket added to epoll with identifier 0x0 (0), file descriptor 21.[EOL]
[2026-09-22T08:29:41.475460Z][RSH.newgen-reagentstoragehandler][N][2330467][141]CDefaultStreamHandler.cpp:OnConnectionAccepted():405|New connection established. file descriptor 21[EOL]
[2026-09-22T08:29:41.475540Z][RSH.newgen-reagentstoragehandler][N][2330470][141]CDefaultStreamHandler.cpp:OnClosing():424|Socket with file descriptor 21 has been disconnected[EOL]
[2026-09-22T08:29:41.475548Z][RSH.newgen-reagentstoragehandler][N][2330478][141]CConnectionHandler.cpp:UnregisterConnection():127|Socket removed from epoll with identifier 0x0 (0), file descriptor 21.[EOL]
[2026-09-22T08:29:41.493497Z][RSH.newgen-reagentstoragehandler][N][844444405][141]RabbitMqConnector.cpp:Connect():840|Connecting as '6800_2AC.10001.ReagentStorageHandler' to RabbitMQ on amqp://USERNAME:PASSWORD@rabbitmq-server/[EOL]
[2026-09-22T08:29:41.497999Z][RSH.newgen-reagentstoragehandler][N][2330477][141]CConnectionHandler.cpp:RegisterConnection():104|Socket added to epoll with identifier 0x15 (21), file descriptor 21.[EOL]
[2026-09-22T08:29:41.622037Z][RSH.newgen-reagentstoragehandler][N][2330477][141]CConnectionHandler.cpp:RegisterConnection():104|Socket added to epoll with identifier 0x17 (23), file descriptor 23.[EOL]
[2026-09-22T08:29:41.622142Z][RSH.newgen-reagentstoragehandler][N][2330478][141]CConnectionHandler.cpp:UnregisterConnection():127|Socket removed from epoll with identifier 0x15 (21), file descriptor 21.[EOL]
[2026-09-22T08:29:41.635729Z][RSH.newgen-reagentstoragehandler][I][844444409][141]RabbitMqConnector.cpp:onProperties():1356|Exchange of properties: amqp_conn=0x7f0835f8ebd0 amqp_conn_fd=23#012  Properties sent by server:#012    table(capabilities:table(authentication_failure_close:booleanset(1,0,0,0,0,0,0,0),basic.nack:booleanset(1,0,0,0,0,0,0,0),connection.blocked:booleanset(1,0,0,0,0,0,0,0),consumer_cancel_notify:booleanset(1,0,0,0,0,0,0,0),consumer_priorities:booleanset(1,0,0,0,0,0,0,0),direct_reply_to:booleanset(1,0,0,0,0,0,0,0),exchange_exchange_bindings:booleanset(1,0,0,0,0,0,0,0),per_consumer_qos:booleanset(1,0,0,0,0,0,0,0),publisher_confirms:booleanset(1,0,0,0,0,0,0,0)),cluster_name:string(rabbit@x800-instrument),copyright:string(Copyright (c) 2007-2024 Broadcom Inc and/or its subsidiaries),information:string(Licensed under the MPL 2.0. Website: https://rabbitmq.com),platform:string(Erlang/OTP 26.2.5.3),product:string(RabbitMQ),version:string(3.13.7))#012  Properties sent back by us:#012    table(connection_name:string(6800_2AC.10001.ReagentStorageHandler))#012  Note that additional properties will be set internally by the AMQP-CPP library.[EOL]
[2026-09-22T08:29:41.637163Z][RSH.newgen-reagentstoragehandler][I][844444410][141]RabbitMqConnector.cpp:onNegotiate():1364|Setting heartbeat frequency: amqp_conn=0x7f0835f8ebd0 amqp_conn_fd=23 interval=60[EOL]
[2026-09-22T08:29:41.640612Z][RSH.newgen-reagentstoragehandler][I][844444411][141]RabbitMqConnector.cpp:onReady():1373|Handshake with rabbitmq completed: amqp_conn=0x7f0835f8ebd0 amqp_conn_fd=23[EOL]
[2026-09-22T08:29:41.648802Z][RSH.newgen-reagentstoragehandler][I][844444453][141]RabbitMqConnector.cpp:operator()():631|Sucessfully consumed: queue_name: roche.newgen.reagentstoragehandler.q[EOL]
[2026-09-22T08:29:41.650385Z][RSH.newgen-reagentstoragehandler][I][844444436][141]UnitCommunicator.cpp:SendEvent():424|Publishing event: type=Roche.c68_8800.ReagentStorageHandler.UnitStateChanged correlation_id=(n/a)[EOL]
[2026-09-22T08:29:41.650575Z][RSH.newgen-reagentstoragehandler][I][2560017][141]MessageSender.h:SendEvent():105|Sent RabbitMqEvent Roche.c68_8800.ReagentStorageHandler.UnitStateChanged. Content: {"Timestamp":"2026-09-22T08:29:41.650228Z","TraceContext":"00-3376f6d775e598a577316ff9f789aa9b-a32602e58fe5f9d1-01","OldState":"PoweredOff","NewState":"StartingUp"}[EOL]
[2026-09-22T08:29:42.582219Z][RSH.rfidreader][W][2330306][133]CRTCyclicEvent.cpp:TimeMissed():101|Cycle miss in event CCSICombinedCmdManager Cyclic Event. Time Overrun is 4442 us[EOL]
[2026-09-22T08:29:42.582271Z][RSH.rfidreader][W][2330306][133]CRTCyclicEvent.cpp:TimeMissed():101|Cycle miss in event CCSICombinedRepManager. Time Overrun is 4442 us[EOL]
[2026-09-22T08:29:43.442954Z][RSH.newgen-reagentstoragehandler][W][2330306][141]CRTCyclicEvent.cpp:TimeMissed():101|Cycle miss in event CCSICombinedCmdManager Cyclic Event. Time Overrun is 9160 us[EOL]
[2026-09-22T08:29:43.443001Z][RSH.newgen-reagentstoragehandler][W][2330306][141]CRTCyclicEvent.cpp:TimeMissed():101|Cycle miss in event CCSICombinedRepManager. Time Overrun is 9160 us[EOL]
[2026-09-22T08:29:43.654978Z][RSH.newgen-reagentstoragehandler][W][2330306][141]CRTCyclicEvent.cpp:TimeMissed():101|Cycle miss in event CCSICombinedCmdManager Cyclic Event. Time Overrun is 1406 us[EOL]
[2026-09-22T08:29:43.655022Z][RSH.newgen-reagentstoragehandler][W][2330306][141]CRTCyclicEvent.cpp:TimeMissed():101|Cycle miss in event CCSICombinedRepManager. Time Overrun is 1406 us[EOL]
[2026-09-22T08:29:44.351815Z][RSH.newgen-reagentstoragehandler][W][2330306][141]CRTCyclicEvent.cpp:TimeMissed():101|Cycle miss in event CCSICombinedCmdManager Cyclic Event. Time Overrun is 58249 us[EOL]
[2026-09-22T08:29:44.351918Z][RSH.newgen-reagentstoragehandler][W][2330306][141]CRTCyclicEvent.cpp:TimeMissed():101|Cycle miss in event CCSICombinedRepManager. Time Overrun is 58249 us[EOL]
[2026-09-22T08:29:44.790855Z][RSH.newgen-reagentstoragehandler][W][2330306][141]CRTCyclicEvent.cpp:TimeMissed():101|Cycle miss in event CCSICombinedCmdManager Cyclic Event. Time Overrun is 7290 us[EOL]
[2026-09-22T08:29:44.790900Z][RSH.newgen-reagentstoragehandler][W][2330306][141]CRTCyclicEvent.cpp:TimeMissed():101|Cycle miss in event CCSICombinedRepManager. Time Overrun is 7290 us[EOL]
[2026-09-22T08:29:44.836012Z][RSH.rfidreader][W][2330306][133]CRTCyclicEvent.cpp:TimeMissed():101|Cycle miss in event CCSICombinedCmdManager Cyclic Event. Time Overrun is 8186 us[EOL]
[2026-09-22T08:29:44.836052Z][RSH.rfidreader][W][2330306][133]CRTCyclicEvent.cpp:TimeMissed():101|Cycle miss in event CCSICombinedRepManager. Time Overrun is 8186 us[EOL]
[2026-09-22T08:29:45.177946Z][RSH.newgen-reagentstoragehandler][W][2330306][141]CRTCyclicEvent.cpp:TimeMissed():101|Cycle miss in event CCSICombinedCmdManager Cyclic Event. Time Overrun is 14378 us[EOL]
[2026-09-22T08:29:45.178034Z][RSH.newgen-reagentstoragehandler][W][2330306][141]CRTCyclicEvent.cpp:TimeMissed():101|Cycle miss in event CCSICombinedRepManager. Time Overrun is 14378 us[EOL]
[2026-09-22T08:29:46.634176Z][RSH.newgen-reagentstoragehandler][W][2330306][141]CRTCyclicEvent.cpp:TimeMissed():101|Cycle miss in event CCSICombinedCmdManager Cyclic Event. Time Overrun is 10609 us[EOL]
[2026-09-22T08:29:46.649249Z][RSH.rfidreader][W][2330306][133]CRTCyclicEvent.cpp:TimeMissed():101|Cycle miss in event CCSICombinedCmdManager Cyclic Event. Time Overrun is 11469 us[EOL]
[2026-09-22T08:29:46.634214Z][RSH.newgen-reagentstoragehandler][W][2330306][141]CRTCyclicEvent.cpp:TimeMissed():101|Cycle miss in event CCSICombinedRepManager. Time Overrun is 10609 us[EOL]
[2026-09-22T08:29:46.649288Z][RSH.rfidreader][W][2330306][133]CRTCyclicEvent.cpp:TimeMissed():101|Cycle miss in event CCSICombinedRepManager. Time Overrun is 11469 us[EOL]
[2026-09-22T08:29:47.935774Z][RSH.newgen-reagentstoragehandler][W][2330306][141]CRTCyclicEvent.cpp:TimeMissed():101|Cycle miss in event CCSICombinedCmdManager Cyclic Event. Time Overrun is 2203 us[EOL]
[2026-09-22T08:29:47.935820Z][RSH.newgen-reagentstoragehandler][W][2330306][141]CRTCyclicEvent.cpp:TimeMissed():101|Cycle miss in event CCSICombinedRepManager. Time Overrun is 2203 us[EOL]
[2026-09-22T08:29:48.385376Z][RSH.newgen-reagentstoragehandler][W][2330306][141]CRTCyclicEvent.cpp:TimeMissed():101|Cycle miss in event CCSICombinedCmdManager Cyclic Event. Time Overrun is 1807 us[EOL]
[2026-09-22T08:29:48.385416Z][RSH.newgen-reagentstoragehandler][W][2330306][141]CRTCyclicEvent.cpp:TimeMissed():101|Cycle miss in event CCSICombinedRepManager. Time Overrun is 1807 us[EOL]
[2026-09-22T08:29:48.443877Z][RSH.rfidreader][W][2330306][133]CRTCyclicEvent.cpp:TimeMissed():101|Cycle miss in event CCSICombinedCmdManager Cyclic Event. Time Overrun is 6097 us[EOL]
[2026-09-22T08:29:48.443918Z][RSH.rfidreader][W][2330306][133]CRTCyclicEvent.cpp:TimeMissed():101|Cycle miss in event CCSICombinedRepManager. Time Overrun is 6097 us[EOL]
[2026-09-22T08:29:50.049217Z][RSH.newgen-reagentstoragehandler][W][2330306][141]CRTCyclicEvent.cpp:TimeMissed():101|Cycle miss in event CCSICombinedCmdManager Cyclic Event. Time Overrun is 5653 us[EOL]
[2026-09-22T08:29:50.049264Z][RSH.newgen-reagentstoragehandler][W][2330306][141]CRTCyclicEvent.cpp:TimeMissed():101|Cycle miss in event CCSICombinedRepManager. Time Overrun is 5653 us[EOL]
[2026-09-22T08:29:50.233818Z][RSH.rfidreader][W][2330306][133]CRTCyclicEvent.cpp:TimeMissed():101|Cycle miss in event CCSICombinedCmdManager Cyclic Event. Time Overrun is 6039 us[EOL]
[2026-09-22T08:29:50.233868Z][RSH.rfidreader][W][2330306][133]CRTCyclicEvent.cpp:TimeMissed():101|Cycle miss in event CCSICombinedRepManager. Time Overrun is 6039 us[EOL]
[2026-09-22T08:29:50.233929Z][RSH.newgen-reagentstoragehandler][W][2330306][141]CRTCyclicEvent.cpp:TimeMissed():101|Cycle miss in event CCSICombinedCmdManager Cyclic Event. Time Overrun is 365 us[EOL]
[2026-09-22T08:29:50.233954Z][RSH.newgen-reagentstoragehandler][W][2330306][141]CRTCyclicEvent.cpp:TimeMissed():101|Cycle miss in event CCSICombinedRepManager. Time Overrun is 365 us[EOL]
[2026-09-22T08:29:50.624029Z][RSH.newgen-reagentstoragehandler][W][2330306][141]CRTCyclicEvent.cpp:TimeMissed():101|Cycle miss in event CCSICombinedCmdManager Cyclic Event. Time Overrun is 462 us[EOL]
[2026-09-22T08:29:50.624063Z][RSH.newgen-reagentstoragehandler][W][2330306][141]CRTCyclicEvent.cpp:TimeMissed():101|Cycle miss in event CCSICombinedRepManager. Time Overrun is 462 us[EOL]
[2026-09-22T08:29:51.220616Z][RSH.newgen-reagentstoragehandler][W][2330306][141]CRTCyclicEvent.cpp:TimeMissed():101|Cycle miss in event CCSICombinedCmdManager Cyclic Event. Time Overrun is 17046 us[EOL]
[2026-09-22T08:29:51.220671Z][RSH.newgen-reagentstoragehandler][W][2330306][141]CRTCyclicEvent.cpp:TimeMissed():101|Cycle miss in event CCSICombinedRepManager. Time Overrun is 17046 us[EOL]
[2026-09-22T08:29:51.586186Z][RSH.rfidreader][W][2330306][133]CRTCyclicEvent.cpp:TimeMissed():101|Cycle miss in event CCSICombinedCmdManager Cyclic Event. Time Overrun is 38409 us[EOL]
[2026-09-22T08:29:51.586226Z][RSH.rfidreader][W][2330306][133]CRTCyclicEvent.cpp:TimeMissed():101|Cycle miss in event CCSICombinedRepManager. Time Overrun is 38409 us[EOL]
[2026-09-22T08:29:52.040065Z][RSH.newgen-reagentstoragehandler][W][2330306][141]CRTCyclicEvent.cpp:TimeMissed():101|Cycle miss in event CCSICombinedCmdManager Cyclic Event. Time Overrun is 6499 us[EOL]
[2026-09-22T08:29:52.040107Z][RSH.newgen-reagentstoragehandler][W][2330306][141]CRTCyclicEvent.cpp:TimeMissed():101|Cycle miss in event CCSICombinedRepManager. Time Overrun is 6499 us[EOL]
[2026-09-22T08:29:52.234133Z][RSH.newgen-reagentstoragehandler][W][2330306][141]CRTCyclicEvent.cpp:TimeMissed():101|Cycle miss in event CCSICombinedCmdManager Cyclic Event. Time Overrun is 569 us[EOL]
[2026-09-22T08:29:52.234379Z][RSH.newgen-reagentstoragehandler][W][2330306][141]CRTCyclicEvent.cpp:TimeMissed():101|Cycle miss in event CCSICombinedRepManager. Time Overrun is 569 us[EOL]
[2026-09-22T08:29:52.637856Z][RSH.rfidreader][W][2330306][133]CRTCyclicEvent.cpp:TimeMissed():101|Cycle miss in event CCSICombinedCmdManager Cyclic Event. Time Overrun is 75 us[EOL]
[2026-09-22T08:29:52.637902Z][RSH.rfidreader][W][2330306][133]CRTCyclicEvent.cpp:TimeMissed():101|Cycle miss in event CCSICombinedRepManager. Time Overrun is 75 us[EOL]
[2026-09-22T08:29:53.965248Z][RSH.newgen-reagentstoragehandler][W][2330306][141]CRTCyclicEvent.cpp:TimeMissed():101|Cycle miss in event CCSICombinedCmdManager Cyclic Event. Time Overrun is 1671 us[EOL]
[2026-09-22T08:29:53.965310Z][RSH.newgen-reagentstoragehandler][W][2330306][141]CRTCyclicEvent.cpp:TimeMissed():101|Cycle miss in event CCSICombinedRepManager. Time Overrun is 1671 us[EOL]
[2026-09-22T08:29:55.005434Z][RSH.newgen-reagentstoragehandler][W][2330306][141]CRTCyclicEvent.cpp:TimeMissed():101|Cycle miss in event CCSICombinedCmdManager Cyclic Event. Time Overrun is 1872 us[EOL]
[2026-09-22T08:29:55.005460Z][RSH.newgen-reagentstoragehandler][W][2330306][141]CRTCyclicEvent.cpp:TimeMissed():101|Cycle miss in event CCSICombinedRepManager. Time Overrun is 1872 us[EOL]
[2026-09-22T08:29:55.071678Z][RSH.rfidreader][W][2330306][133]CRTCyclicEvent.cpp:TimeMissed():101|Cycle miss in event CCSICombinedCmdManager Cyclic Event. Time Overrun is 3902 us[EOL]
[2026-09-22T08:29:55.071723Z][RSH.rfidreader][W][2330306][133]CRTCyclicEvent.cpp:TimeMissed():101|Cycle miss in event CCSICombinedRepManager. Time Overrun is 3902 us[EOL]
[2026-09-22T08:29:55.326982Z][RSH.newgen-reagentstoragehandler][W][2330306][141]CRTCyclicEvent.cpp:TimeMissed():101|Cycle miss in event CCSICombinedCmdManager Cyclic Event. Time Overrun is 3418 us[EOL]
[2026-09-22T08:29:55.327017Z][RSH.newgen-reagentstoragehandler][W][2330306][141]CRTCyclicEvent.cpp:TimeMissed():101|Cycle miss in event CCSICombinedRepManager. Time Overrun is 3418 us[EOL]
[2026-09-22T08:29:56.195180Z][RSH.newgen-reagentstoragehandler][W][2330306][141]CRTCyclicEvent.cpp:TimeMissed():101|Cycle miss in event CCSICombinedCmdManager Cyclic Event. Time Overrun is 1617 us[EOL]
[2026-09-22T08:29:56.195208Z][RSH.newgen-reagentstoragehandler][W][2330306][141]CRTCyclicEvent.cpp:TimeMissed():101|Cycle miss in event CCSICombinedRepManager. Time Overrun is 1617 us[EOL]
[2026-09-22T08:29:57.373629Z][RSH.newgen-reagentstoragehandler][W][2330306][141]CRTCyclicEvent.cpp:TimeMissed():101|Cycle miss in event CCSICombinedCmdManager Cyclic Event. Time Overrun is 66 us[EOL]
[2026-09-22T08:29:57.373656Z][RSH.newgen-reagentstoragehandler][W][2330306][141]CRTCyclicEvent.cpp:TimeMissed():101|Cycle miss in event CCSICombinedRepManager. Time Overrun is 66 us[EOL]
[2026-09-22T08:29:57.564041Z][RSH.newgen-reagentstoragehandler][W][2330306][141]CRTCyclicEvent.cpp:TimeMissed():101|Cycle miss in event CCSICombinedCmdManager Cyclic Event. Time Overrun is 471 us[EOL]
[2026-09-22T08:29:57.564089Z][RSH.newgen-reagentstoragehandler][W][2330306][141]CRTCyclicEvent.cpp:TimeMissed():101|Cycle miss in event CCSICombinedRepManager. Time Overrun is 471 us[EOL]
[2026-09-22T08:29:58.133811Z][RSH.rfidreader][W][2330306][133]CRTCyclicEvent.cpp:TimeMissed():101|Cycle miss in event CCSICombinedCmdManager Cyclic Event. Time Overrun is 6036 us[EOL]
[2026-09-22T08:29:58.133842Z][RSH.rfidreader][W][2330306][133]CRTCyclicEvent.cpp:TimeMissed():101|Cycle miss in event CCSICombinedRepManager. Time Overrun is 6036 us[EOL]
[2026-09-22T08:29:58.882048Z][RSH.newgen-reagentstoragehandler][W][2330306][141]CRTCyclicEvent.cpp:TimeMissed():101|Cycle miss in event CCSICombinedCmdManager Cyclic Event. Time Overrun is 8473 us[EOL]
[2026-09-22T08:29:58.882141Z][RSH.newgen-reagentstoragehandler][W][2330306][141]CRTCyclicEvent.cpp:TimeMissed():101|Cycle miss in event CCSICombinedRepManager. Time Overrun is 8473 us[EOL]
[2026-09-22T08:30:01.367706Z][RSH.newgen-reagentstoragehandler][W][2330306][141]CRTCyclicEvent.cpp:TimeMissed():101|Cycle miss in event CCSICombinedCmdManager Cyclic Event. Time Overrun is 14142 us[EOL]
[2026-09-22T08:30:01.367735Z][RSH.newgen-reagentstoragehandler][W][2330306][141]CRTCyclicEvent.cpp:TimeMissed():101|Cycle miss in event CCSICombinedRepManager. Time Overrun is 14142 us[EOL]
[2026-09-22T08:30:01.498209Z][RSH.newgen-reagentstoragehandler][W][2330306][141]CRTCyclicEvent.cpp:TimeMissed():101|Cycle miss in event CCSICombinedCmdManager Cyclic Event. Time Overrun is 4645 us[EOL]
[2026-09-22T08:30:01.498248Z][RSH.newgen-reagentstoragehandler][W][2330306][141]CRTCyclicEvent.cpp:TimeMissed():101|Cycle miss in event CCSICombinedRepManager. Time Overrun is 4645 us[EOL]
[2026-09-22T08:30:01.557446Z][RSH.rfidreader][W][2330306][133]CRTCyclicEvent.cpp:TimeMissed():101|Cycle miss in event CCSICombinedCmdManager Cyclic Event. Time Overrun is 39672 us[EOL]
[2026-09-22T08:30:01.557487Z][RSH.rfidreader][W][2330306][133]CRTCyclicEvent.cpp:TimeMissed():101|Cycle miss in event CCSICombinedRepManager. Time Overrun is 39672 us[EOL]
[2026-09-22T08:30:03.449558Z][RSH.rfidreader][W][2330306][133]CRTCyclicEvent.cpp:TimeMissed():101|Cycle miss in event CCSICombinedCmdManager Cyclic Event. Time Overrun is 1781776 us[EOL]
[2026-09-22T08:30:03.449604Z][RSH.rfidreader][W][2330306][133]CRTCyclicEvent.cpp:TimeMissed():101|Cycle miss in event CCSICombinedRepManager. Time Overrun is 1781776 us[EOL]
[2026-09-22T08:30:01.662397Z][RSH.newgen-reagentstoragehandler][W][2330306][141]CRTCyclicEvent.cpp:TimeMissed():101|Cycle miss in event CCSICombinedCmdManager Cyclic Event. Time Overrun is 48829 us[EOL]
[2026-09-22T08:30:01.662464Z][RSH.newgen-reagentstoragehandler][W][2330306][141]CRTCyclicEvent.cpp:TimeMissed():101|Cycle miss in event CCSICombinedRepManager. Time Overrun is 48829 us[EOL]
[2026-09-22T08:30:02.052918Z][RSH.newgen-reagentstoragehandler][W][2330306][141]CRTCyclicEvent.cpp:TimeMissed():101|Cycle miss in event CCSICyclicRepManager. Time Overrun is 167588 us[EOL]
[2026-09-22T08:30:02.743040Z][RSH.newgen-reagentstoragehandler][W][2330306][141]CRTCyclicEvent.cpp:TimeMissed():101|Cycle miss in event CCSICombinedCmdManager Cyclic Event. Time Overrun is 969474 us[EOL]
[2026-09-22T08:30:02.743068Z][RSH.newgen-reagentstoragehandler][W][2330306][141]CRTCyclicEvent.cpp:TimeMissed():101|Cycle miss in event CCSICombinedRepManager. Time Overrun is 969474 us[EOL]
[2026-09-22T08:30:02.877381Z][RSH.newgen-reagentstoragehandler][W][2330306][141]CRTCyclicEvent.cpp:TimeMissed():101|Cycle miss in event CCSICombinedCmdManager Cyclic Event. Time Overrun is 23814 us[EOL]
[2026-09-22T08:30:02.877417Z][RSH.newgen-reagentstoragehandler][W][2330306][141]CRTCyclicEvent.cpp:TimeMissed():101|Cycle miss in event CCSICombinedRepManager. Time Overrun is 23814 us[EOL]
[2026-09-22T08:30:03.739420Z][RSH.rfidreader][W][2330306][133]CRTCyclicEvent.cpp:TimeMissed():101|Cycle miss in event CCSICombinedCmdManager Cyclic Event. Time Overrun is 1640 us[EOL]
[2026-09-22T08:30:03.058137Z][RSH.newgen-reagentstoragehandler][W][2330306][141]CRTCyclicEvent.cpp:TimeMissed():101|Cycle miss in event CCSICombinedCmdManager Cyclic Event. Time Overrun is 64575 us[EOL]
[2026-09-22T08:30:03.739450Z][RSH.rfidreader][W][2330306][133]CRTCyclicEvent.cpp:TimeMissed():101|Cycle miss in event CCSICombinedRepManager. Time Overrun is 1640 us[EOL]
[2026-09-22T08:30:03.058154Z][RSH.newgen-reagentstoragehandler][W][2330306][141]CRTCyclicEvent.cpp:TimeMissed():101|Cycle miss in event CCSICombinedRepManager. Time Overrun is 64575 us[EOL]
[2026-09-22T08:30:03.352187Z][RSH.newgen-reagentstoragehandler][W][2330306][141]CRTCyclicEvent.cpp:TimeMissed():101|Cycle miss in event CCSICyclicRepManager. Time Overrun is 66860 us[EOL]
[2026-09-22T08:30:03.352752Z][RSH.newgen-reagentstoragehandler][W][2330306][141]CRTCyclicEvent.cpp:TimeMissed():101|Cycle miss in event CCSICombinedCmdManager Cyclic Event. Time Overrun is 169187 us[EOL]
[2026-09-22T08:30:03.352778Z][RSH.newgen-reagentstoragehandler][W][2330306][141]CRTCyclicEvent.cpp:TimeMissed():101|Cycle miss in event CCSICombinedRepManager. Time Overrun is 169187 us[EOL]
[2026-09-22T08:30:03.487411Z][RSH.newgen-reagentstoragehandler][W][2330306][141]CRTCyclicEvent.cpp:TimeMissed():101|Cycle miss in event CCSICombinedCmdManager Cyclic Event. Time Overrun is 3845 us[EOL]
[2026-09-22T08:30:03.487438Z][RSH.newgen-reagentstoragehandler][W][2330306][141]CRTCyclicEvent.cpp:TimeMissed():101|Cycle miss in event CCSICombinedRepManager. Time Overrun is 3845 us[EOL]
[2026-09-22T08:30:03.645075Z][RSH.newgen-reagentstoragehandler][W][2330306][141]CRTCyclicEvent.cpp:TimeMissed():101|Cycle miss in event CCSICombinedCmdManager Cyclic Event. Time Overrun is 1511 us[EOL]
[2026-09-22T08:30:03.645124Z][RSH.newgen-reagentstoragehandler][W][2330306][141]CRTCyclicEvent.cpp:TimeMissed():101|Cycle miss in event CCSICombinedRepManager. Time Overrun is 1511 us[EOL]
[2026-09-22T08:30:04.140232Z][RSH.newgen-reagentstoragehandler][W][2330306][141]CRTCyclicEvent.cpp:TimeMissed():101|Cycle miss in event CCSICombinedCmdManager Cyclic Event. Time Overrun is 6669 us[EOL]
[2026-09-22T08:30:04.140261Z][RSH.newgen-reagentstoragehandler][W][2330306][141]CRTCyclicEvent.cpp:TimeMissed():101|Cycle miss in event CCSICombinedRepManager. Time Overrun is 6669 us[EOL]
[2026-09-22T08:30:04.260687Z][RSH.rfidreader][W][2330306][133]CRTCyclicEvent.cpp:TimeMissed():101|Cycle miss in event CCSICombinedCmdManager Cyclic Event. Time Overrun is 2913 us[EOL]
[2026-09-22T08:30:04.260738Z][RSH.rfidreader][W][2330306][133]CRTCyclicEvent.cpp:TimeMissed():101|Cycle miss in event CCSICombinedRepManager. Time Overrun is 2913 us[EOL]
[2026-09-22T08:30:04.380021Z][RSH.rfidreader][W][2330306][133]CRTCyclicEvent.cpp:TimeMissed():101|Cycle miss in event CCSICombinedCmdManager Cyclic Event. Time Overrun is 2245 us[EOL]
[2026-09-22T08:30:04.380062Z][RSH.rfidreader][W][2330306][133]CRTCyclicEvent.cpp:TimeMissed():101|Cycle miss in event CCSICombinedRepManager. Time Overrun is 2245 us[EOL]
[2026-09-22T08:30:04.800296Z][RSH.rfidreader][W][2330306][133]CRTCyclicEvent.cpp:TimeMissed():101|Cycle miss in event CCSICombinedCmdManager Cyclic Event. Time Overrun is 2520 us[EOL]
[2026-09-22T08:30:04.800326Z][RSH.rfidreader][W][2330306][133]CRTCyclicEvent.cpp:TimeMissed():101|Cycle miss in event CCSICombinedRepManager. Time Overrun is 2520 us[EOL]
[2026-09-22T08:30:05.063663Z][RSH.newgen-reagentstoragehandler][W][2330306][141]CRTCyclicEvent.cpp:TimeMissed():101|Cycle miss in event CCSICombinedCmdManager Cyclic Event. Time Overrun is 94 us[EOL]
[2026-09-22T08:30:05.063717Z][RSH.newgen-reagentstoragehandler][W][2330306][141]CRTCyclicEvent.cpp:TimeMissed():101|Cycle miss in event CCSICombinedRepManager. Time Overrun is 94 us[EOL]
[2026-09-22T08:30:05.633957Z][RSH.newgen-reagentstoragehandler][W][2330306][141]CRTCyclicEvent.cpp:TimeMissed():101|Cycle miss in event CCSICombinedCmdManager Cyclic Event. Time Overrun is 392 us[EOL]
[2026-09-22T08:30:05.633991Z][RSH.newgen-reagentstoragehandler][W][2330306][141]CRTCyclicEvent.cpp:TimeMissed():101|Cycle miss in event CCSICombinedRepManager. Time Overrun is 392 us[EOL]
[2026-09-22T08:30:05.997863Z][RSH.rfidreader][W][2330306][133]CRTCyclicEvent.cpp:TimeMissed():101|Cycle miss in event CCSICombinedCmdManager Cyclic Event. Time Overrun is 85 us[EOL]
[2026-09-22T08:30:05.997931Z][RSH.rfidreader][W][2330306][133]CRTCyclicEvent.cpp:TimeMissed():101|Cycle miss in event CCSICombinedRepManager. Time Overrun is 85 us[EOL]
[2026-09-22T08:30:06.266572Z][RSH.newgen-reagentstoragehandler][W][2330306][141]CRTCyclicEvent.cpp:TimeMissed():101|Cycle miss in event CCSICombinedCmdManager Cyclic Event. Time Overrun is 3009 us[EOL]
[2026-09-22T08:30:06.266670Z][RSH.newgen-reagentstoragehandler][W][2330306][141]CRTCyclicEvent.cpp:TimeMissed():101|Cycle miss in event CCSICombinedRepManager. Time Overrun is 3009 us[EOL]
[2026-09-22T08:30:06.385364Z][RSH.newgen-reagentstoragehandler][W][2330306][141]CRTCyclicEvent.cpp:TimeMissed():101|Cycle miss in event CCSICombinedCmdManager Cyclic Event. Time Overrun is 1787 us[EOL]
[2026-09-22T08:30:06.385426Z][RSH.newgen-reagentstoragehandler][W][2330306][141]CRTCyclicEvent.cpp:TimeMissed():101|Cycle miss in event CCSICombinedRepManager. Time Overrun is 1787 us[EOL]
[2026-09-22T08:30:06.398169Z][RSH.rfidreader][W][2330306][133]CRTCyclicEvent.cpp:TimeMissed():101|Cycle miss in event CCSICombinedCmdManager Cyclic Event. Time Overrun is 347 us[EOL]
[2026-09-22T08:30:06.398259Z][RSH.rfidreader][W][2330306][133]CRTCyclicEvent.cpp:TimeMissed():101|Cycle miss in event CCSICombinedRepManager. Time Overrun is 347 us[EOL]
[2026-09-22T08:30:06.668961Z][RSH.rfidreader][W][2330306][133]CRTCyclicEvent.cpp:TimeMissed():101|Cycle miss in event CCSICombinedCmdManager Cyclic Event. Time Overrun is 1175 us[EOL]
[2026-09-22T08:30:06.669011Z][RSH.rfidreader][W][2330306][133]CRTCyclicEvent.cpp:TimeMissed():101|Cycle miss in event CCSICombinedRepManager. Time Overrun is 1175 us[EOL]
[2026-09-22T08:30:06.705307Z][RSH.newgen-reagentstoragehandler][W][2330306][141]CRTCyclicEvent.cpp:TimeMissed():101|Cycle miss in event CCSICombinedCmdManager Cyclic Event. Time Overrun is 1742 us[EOL]
[2026-09-22T08:30:06.705329Z][RSH.newgen-reagentstoragehandler][W][2330306][141]CRTCyclicEvent.cpp:TimeMissed():101|Cycle miss in event CCSICombinedRepManager. Time Overrun is 1742 us[EOL]
[2026-09-22T08:30:06.818291Z][RSH.rfidreader][W][2330306][133]CRTCyclicEvent.cpp:TimeMissed():101|Cycle miss in event CCSICombinedCmdManager Cyclic Event. Time Overrun is 516 us[EOL]
[2026-09-22T08:30:06.818328Z][RSH.rfidreader][W][2330306][133]CRTCyclicEvent.cpp:TimeMissed():101|Cycle miss in event CCSICombinedRepManager. Time Overrun is 516 us[EOL]
[2026-09-22T08:30:06.863603Z][RSH.newgen-reagentstoragehandler][W][2330306][141]CRTCyclicEvent.cpp:TimeMissed():101|Cycle miss in event CCSICombinedCmdManager Cyclic Event. Time Overrun is 40 us[EOL]
[2026-09-22T08:30:06.863657Z][RSH.newgen-reagentstoragehandler][W][2330306][141]CRTCyclicEvent.cpp:TimeMissed():101|Cycle miss in event CCSICombinedRepManager. Time Overrun is 40 us[EOL]
[2026-09-22T08:30:07.109734Z][RSH.rfidreader][W][2330306][133]CRTCyclicEvent.cpp:TimeMissed():101|Cycle miss in event CCSICombinedCmdManager Cyclic Event. Time Overrun is 1959 us[EOL]
[2026-09-22T08:30:07.109762Z][RSH.rfidreader][W][2330306][133]CRTCyclicEvent.cpp:TimeMissed():101|Cycle miss in event CCSICombinedRepManager. Time Overrun is 1959 us[EOL]
[2026-09-22T08:30:07.525973Z][RSH.newgen-reagentstoragehandler][W][2330306][141]CRTCyclicEvent.cpp:TimeMissed():101|Cycle miss in event CCSICombinedCmdManager Cyclic Event. Time Overrun is 2403 us[EOL]
[2026-09-22T08:30:07.526025Z][RSH.newgen-reagentstoragehandler][W][2330306][141]CRTCyclicEvent.cpp:TimeMissed():101|Cycle miss in event CCSICombinedRepManager. Time Overrun is 2403 us[EOL]
[2026-09-22T08:30:07.527916Z][RSH.rfidreader][W][2330306][133]CRTCyclicEvent.cpp:TimeMissed():101|Cycle miss in event CCSICombinedCmdManager Cyclic Event. Time Overrun is 142 us[EOL]
[2026-09-22T08:30:07.527953Z][RSH.rfidreader][W][2330306][133]CRTCyclicEvent.cpp:TimeMissed():101|Cycle miss in event CCSICombinedRepManager. Time Overrun is 142 us[EOL]
[2026-09-22T08:30:07.688367Z][RSH.rfidreader][W][2330306][133]CRTCyclicEvent.cpp:TimeMissed():101|Cycle miss in event CCSICombinedCmdManager Cyclic Event. Time Overrun is 30591 us[EOL]
[2026-09-22T08:30:07.688409Z][RSH.rfidreader][W][2330306][133]CRTCyclicEvent.cpp:TimeMissed():101|Cycle miss in event CCSICombinedRepManager. Time Overrun is 30591 us[EOL]
[2026-09-22T08:30:07.687898Z][RSH.newgen-reagentstoragehandler][W][2330306][141]CRTCyclicEvent.cpp:TimeMissed():101|Cycle miss in event CCSICombinedCmdManager Cyclic Event. Time Overrun is 34331 us[EOL]
[2026-09-22T08:30:07.687983Z][RSH.newgen-reagentstoragehandler][W][2330306][141]CRTCyclicEvent.cpp:TimeMissed():101|Cycle miss in event CCSICombinedRepManager. Time Overrun is 34331 us[EOL]
[2026-09-22T08:30:07.919238Z][RSH.newgen-reagentstoragehandler][W][2330306][141]CRTCyclicEvent.cpp:TimeMissed():101|Cycle miss in event CCSICombinedCmdManager Cyclic Event. Time Overrun is 5669 us[EOL]
[2026-09-22T08:30:07.919284Z][RSH.newgen-reagentstoragehandler][W][2330306][141]CRTCyclicEvent.cpp:TimeMissed():101|Cycle miss in event CCSICombinedRepManager. Time Overrun is 5669 us[EOL]
[2026-09-22T08:30:08.334256Z][RSH.newgen-reagentstoragehandler][W][2330306][141]CRTCyclicEvent.cpp:TimeMissed():101|Cycle miss in event CCSICombinedCmdManager Cyclic Event. Time Overrun is 684 us[EOL]
[2026-09-22T08:30:08.334295Z][RSH.newgen-reagentstoragehandler][W][2330306][141]CRTCyclicEvent.cpp:TimeMissed():101|Cycle miss in event CCSICombinedRepManager. Time Overrun is 684 us[EOL]
[2026-09-22T08:30:08.775219Z][RSH.newgen-reagentstoragehandler][W][2330306][141]CRTCyclicEvent.cpp:TimeMissed():101|Cycle miss in event CCSICyclicRepManager. Time Overrun is 289893 us[EOL]
[2026-09-22T08:30:09.254008Z][RSH.newgen-reagentstoragehandler][W][2330306][141]CRTCyclicEvent.cpp:TimeMissed():101|Cycle miss in event CCSICombinedCmdManager Cyclic Event. Time Overrun is 441 us[EOL]
[2026-09-22T08:30:09.254056Z][RSH.newgen-reagentstoragehandler][W][2330306][141]CRTCyclicEvent.cpp:TimeMissed():101|Cycle miss in event CCSICombinedRepManager. Time Overrun is 441 us[EOL]
[2026-09-22T08:30:09.448958Z][RSH.rfidreader][W][2330306][133]CRTCyclicEvent.cpp:TimeMissed():101|Cycle miss in event CCSICombinedCmdManager Cyclic Event. Time Overrun is 431181 us[EOL]
[2026-09-22T08:30:09.449014Z][RSH.rfidreader][W][2330306][133]CRTCyclicEvent.cpp:TimeMissed():101|Cycle miss in event CCSICombinedRepManager. Time Overrun is 431181 us[EOL]
[2026-09-22T08:30:09.976647Z][RSH.newgen-reagentstoragehandler][W][2330306][141]CRTCyclicEvent.cpp:TimeMissed():101|Cycle miss in event CCSICombinedCmdManager Cyclic Event. Time Overrun is 433084 us[EOL]
[2026-09-22T08:30:09.976670Z][RSH.newgen-reagentstoragehandler][W][2330306][141]CRTCyclicEvent.cpp:TimeMissed():101|Cycle miss in event CCSICombinedRepManager. Time Overrun is 433084 us[EOL]
[2026-09-22T08:30:10.128401Z][RSH.rfidreader][W][2330306][133]CRTCyclicEvent.cpp:TimeMissed():101|Cycle miss in event CCSICombinedCmdManager Cyclic Event. Time Overrun is 629 us[EOL]
[2026-09-22T08:30:10.128425Z][RSH.rfidreader][W][2330306][133]CRTCyclicEvent.cpp:TimeMissed():101|Cycle miss in event CCSICombinedRepManager. Time Overrun is 629 us[EOL]
[2026-09-22T08:30:10.466569Z][RSH.newgen-reagentstoragehandler][W][2330306][141]CRTCyclicEvent.cpp:TimeMissed():101|Cycle miss in event CCSICombinedCmdManager Cyclic Event. Time Overrun is 372956 us[EOL]
[2026-09-22T08:30:10.466628Z][RSH.newgen-reagentstoragehandler][W][2330306][141]CRTCyclicEvent.cpp:TimeMissed():101|Cycle miss in event CCSICombinedRepManager. Time Overrun is 372956 us[EOL]
[2026-09-22T08:30:10.847647Z][RSH.newgen-reagentstoragehandler][W][2330306][141]CRTCyclicEvent.cpp:TimeMissed():101|Cycle miss in event CCSICombinedCmdManager Cyclic Event. Time Overrun is 4077 us[EOL]
[2026-09-22T08:30:10.847691Z][RSH.newgen-reagentstoragehandler][W][2330306][141]CRTCyclicEvent.cpp:TimeMissed():101|Cycle miss in event CCSICombinedRepManager. Time Overrun is 4077 us[EOL]
[2026-09-22T08:30:10.989097Z][RSH.rfidreader][W][2330306][133]CRTCyclicEvent.cpp:TimeMissed():101|Cycle miss in event CCSICombinedCmdManager Cyclic Event. Time Overrun is 691323 us[EOL]
[2026-09-22T08:30:10.989124Z][RSH.rfidreader][W][2330306][133]CRTCyclicEvent.cpp:TimeMissed():101|Cycle miss in event CCSICombinedRepManager. Time Overrun is 691323 us[EOL]
[2026-09-22T08:30:11.589273Z][RSH.rfidreader][W][2330306][133]CRTCyclicEvent.cpp:TimeMissed():101|Cycle miss in event CCSICombinedCmdManager Cyclic Event. Time Overrun is 11495 us[EOL]
[2026-09-22T08:30:11.589327Z][RSH.rfidreader][W][2330306][133]CRTCyclicEvent.cpp:TimeMissed():101|Cycle miss in event CCSICombinedRepManager. Time Overrun is 11495 us[EOL]
[2026-09-22T08:30:11.663283Z][RSH.newgen-reagentstoragehandler][W][2330306][141]CRTCyclicEvent.cpp:TimeMissed():101|Cycle miss in event CCSICombinedCmdManager Cyclic Event. Time Overrun is 419710 us[EOL]
[2026-09-22T08:30:11.663341Z][RSH.newgen-reagentstoragehandler][W][2330306][141]CRTCyclicEvent.cpp:TimeMissed():101|Cycle miss in event CCSICombinedRepManager. Time Overrun is 419710 us[EOL]
[2026-09-22T08:30:11.858970Z][RSH.rfidreader][W][2330306][133]CRTCyclicEvent.cpp:TimeMissed():101|Cycle miss in event CCSICombinedCmdManager Cyclic Event. Time Overrun is 1190 us[EOL]
[2026-09-22T08:30:11.859022Z][RSH.rfidreader][W][2330306][133]CRTCyclicEvent.cpp:TimeMissed():101|Cycle miss in event CCSICombinedRepManager. Time Overrun is 1190 us[EOL]
[2026-09-22T08:30:12.475770Z][RSH.newgen-reagentstoragehandler][W][2330306][141]CRTCyclicEvent.cpp:TimeMissed():101|Cycle miss in event CCSICombinedCmdManager Cyclic Event. Time Overrun is 412205 us[EOL]
[2026-09-22T08:30:12.475806Z][RSH.newgen-reagentstoragehandler][W][2330306][141]CRTCyclicEvent.cpp:TimeMissed():101|Cycle miss in event CCSICombinedRepManager. Time Overrun is 412205 us[EOL]
[2026-09-22T08:30:12.618522Z][RSH.rfidreader][W][2330306][133]CRTCyclicEvent.cpp:TimeMissed():101|Cycle miss in event CCSICombinedCmdManager Cyclic Event. Time Overrun is 744 us[EOL]
[2026-09-22T08:30:12.618645Z][RSH.rfidreader][W][2330306][133]CRTCyclicEvent.cpp:TimeMissed():101|Cycle miss in event CCSICombinedRepManager. Time Overrun is 744 us[EOL]
[2026-09-22T08:30:12.656347Z][RSH.newgen-reagentstoragehandler][W][2330306][141]CRTCyclicEvent.cpp:TimeMissed():101|Cycle miss in event CCSICombinedCmdManager Cyclic Event. Time Overrun is 2776 us[EOL]
[2026-09-22T08:30:12.656385Z][RSH.newgen-reagentstoragehandler][W][2330306][141]CRTCyclicEvent.cpp:TimeMissed():101|Cycle miss in event CCSICombinedRepManager. Time Overrun is 2776 us[EOL]
[2026-09-22T08:30:12.808672Z][RSH.newgen-reagentstoragehandler][W][2330306][141]CRTCyclicEvent.cpp:TimeMissed():101|Cycle miss in event CCSICyclicRepManager. Time Overrun is 323338 us[EOL]
[2026-09-22T08:30:13.225175Z][RSH.newgen-reagentstoragehandler][W][2330306][141]CRTCyclicEvent.cpp:TimeMissed():101|Cycle miss in event CCSICombinedCmdManager Cyclic Event. Time Overrun is 1612 us[EOL]
[2026-09-22T08:30:13.225198Z][RSH.newgen-reagentstoragehandler][W][2330306][141]CRTCyclicEvent.cpp:TimeMissed():101|Cycle miss in event CCSICombinedRepManager. Time Overrun is 1612 us[EOL]
[2026-09-22T08:30:13.360649Z][RSH.rfidreader][W][2330306][133]CRTCyclicEvent.cpp:TimeMissed():101|Cycle miss in event CCSICombinedCmdManager Cyclic Event. Time Overrun is 2854 us[EOL]
[2026-09-22T08:30:13.360898Z][RSH.rfidreader][W][2330306][133]CRTCyclicEvent.cpp:TimeMissed():101|Cycle miss in event CCSICombinedRepManager. Time Overrun is 2854 us[EOL]
[2026-09-22T08:30:13.567816Z][RSH.rfidreader][W][2330306][133]CRTCyclicEvent.cpp:TimeMissed():101|Cycle miss in event CCSICombinedCmdManager Cyclic Event. Time Overrun is 37 us[EOL]
[2026-09-22T08:30:13.567854Z][RSH.rfidreader][W][2330306][133]CRTCyclicEvent.cpp:TimeMissed():101|Cycle miss in event CCSICombinedRepManager. Time Overrun is 37 us[EOL]
[2026-09-22T08:30:13.799992Z][RSH.rfidreader][W][2330306][133]CRTCyclicEvent.cpp:TimeMissed():101|Cycle miss in event CCSICombinedCmdManager Cyclic Event. Time Overrun is 2205 us[EOL]
[2026-09-22T08:30:13.800053Z][RSH.rfidreader][W][2330306][133]CRTCyclicEvent.cpp:TimeMissed():101|Cycle miss in event CCSICombinedRepManager. Time Overrun is 2205 us[EOL]
[2026-09-22T08:30:13.845144Z][RSH.newgen-reagentstoragehandler][W][2330306][141]CRTCyclicEvent.cpp:TimeMissed():101|Cycle miss in event CCSICombinedCmdManager Cyclic Event. Time Overrun is 1578 us[EOL]
[2026-09-22T08:30:13.845190Z][RSH.newgen-reagentstoragehandler][W][2330306][141]CRTCyclicEvent.cpp:TimeMissed():101|Cycle miss in event CCSICombinedRepManager. Time Overrun is 1578 us[EOL]
[2026-09-22T08:30:14.068890Z][RSH.newgen-reagentstoragehandler][W][2330306][141]CRTCyclicEvent.cpp:TimeMissed():101|Cycle miss in event CCSICombinedCmdManager Cyclic Event. Time Overrun is 5321 us[EOL]
[2026-09-22T08:30:14.068927Z][RSH.newgen-reagentstoragehandler][W][2330306][141]CRTCyclicEvent.cpp:TimeMissed():101|Cycle miss in event CCSICombinedRepManager. Time Overrun is 5321 us[EOL]
[2026-09-22T08:30:15.007576Z][RSH.rfidreader][W][2330306][133]CRTCyclicEvent.cpp:TimeMissed():101|Cycle miss in event CCSICombinedCmdManager Cyclic Event. Time Overrun is 899789 us[EOL]
[2026-09-22T08:30:15.007638Z][RSH.rfidreader][W][2330306][133]CRTCyclicEvent.cpp:TimeMissed():101|Cycle miss in event CCSICombinedRepManager. Time Overrun is 899789 us[EOL]
[2026-09-22T08:30:15.008198Z][RSH.newgen-reagentstoragehandler][W][2330306][141]CRTCyclicEvent.cpp:TimeMissed():101|Cycle miss in event CCSICombinedCmdManager Cyclic Event. Time Overrun is 824597 us[EOL]
[2026-09-22T08:30:15.008260Z][RSH.newgen-reagentstoragehandler][W][2330306][141]CRTCyclicEvent.cpp:TimeMissed():101|Cycle miss in event CCSICombinedRepManager. Time Overrun is 824597 us[EOL]
[2026-09-22T08:30:15.209075Z][RSH.rfidreader][W][2330306][133]CRTCyclicEvent.cpp:TimeMissed():101|Cycle miss in event CCSICombinedCmdManager Cyclic Event. Time Overrun is 1297 us[EOL]
[2026-09-22T08:30:15.209123Z][RSH.rfidreader][W][2330306][133]CRTCyclicEvent.cpp:TimeMissed():101|Cycle miss in event CCSICombinedRepManager. Time Overrun is 1297 us[EOL]
[2026-09-22T08:30:15.253892Z][RSH.newgen-reagentstoragehandler][W][2330306][141]CRTCyclicEvent.cpp:TimeMissed():101|Cycle miss in event CCSICombinedCmdManager Cyclic Event. Time Overrun is 328 us[EOL]
[2026-09-22T08:30:15.253939Z][RSH.newgen-reagentstoragehandler][W][2330306][141]CRTCyclicEvent.cpp:TimeMissed():101|Cycle miss in event CCSICombinedRepManager. Time Overrun is 328 us[EOL]
[2026-09-22T08:30:15.350940Z][RSH.rfidreader][W][2330306][133]CRTCyclicEvent.cpp:TimeMissed():101|Cycle miss in event CCSICombinedCmdManager Cyclic Event. Time Overrun is 3160 us[EOL]
[2026-09-22T08:30:15.351077Z][RSH.rfidreader][W][2330306][133]CRTCyclicEvent.cpp:TimeMissed():101|Cycle miss in event CCSICombinedRepManager. Time Overrun is 3160 us[EOL]
[2026-09-22T08:30:16.423761Z][RSH.newgen-reagentstoragehandler][W][2330306][141]CRTCyclicEvent.cpp:TimeMissed():101|Cycle miss in event CCSICombinedCmdManager Cyclic Event. Time Overrun is 191 us[EOL]
[2026-09-22T08:30:16.423821Z][RSH.newgen-reagentstoragehandler][W][2330306][141]CRTCyclicEvent.cpp:TimeMissed():101|Cycle miss in event CCSICombinedRepManager. Time Overrun is 191 us[EOL]
[2026-09-22T08:30:17.134059Z][RSH.newgen-reagentstoragehandler][W][2330306][141]CRTCyclicEvent.cpp:TimeMissed():101|Cycle miss in event CCSICombinedCmdManager Cyclic Event. Time Overrun is 471 us[EOL]
[2026-09-22T08:30:17.134101Z][RSH.newgen-reagentstoragehandler][W][2330306][141]CRTCyclicEvent.cpp:TimeMissed():101|Cycle miss in event CCSICombinedRepManager. Time Overrun is 471 us[EOL]
[2026-09-22T08:30:17.515116Z][RSH.newgen-reagentstoragehandler][W][2330306][141]CRTCyclicEvent.cpp:TimeMissed():101|Cycle miss in event CCSICombinedCmdManager Cyclic Event. Time Overrun is 1544 us[EOL]
[2026-09-22T08:30:17.515159Z][RSH.newgen-reagentstoragehandler][W][2330306][141]CRTCyclicEvent.cpp:TimeMissed():101|Cycle miss in event CCSICombinedRepManager. Time Overrun is 1544 us[EOL]
[2026-09-22T08:30:18.189094Z][RSH.rfidreader][W][2330306][133]CRTCyclicEvent.cpp:TimeMissed():101|Cycle miss in event CCSICombinedCmdManager Cyclic Event. Time Overrun is 1319 us[EOL]
[2026-09-22T08:30:18.189124Z][RSH.rfidreader][W][2330306][133]CRTCyclicEvent.cpp:TimeMissed():101|Cycle miss in event CCSICombinedRepManager. Time Overrun is 1319 us[EOL]
[2026-09-22T08:30:18.894778Z][RSH.newgen-reagentstoragehandler][W][2330306][141]CRTCyclicEvent.cpp:TimeMissed():101|Cycle miss in event CCSICombinedCmdManager Cyclic Event. Time Overrun is 1214 us[EOL]
[2026-09-22T08:30:18.894811Z][RSH.newgen-reagentstoragehandler][W][2330306][141]CRTCyclicEvent.cpp:TimeMissed():101|Cycle miss in event CCSICombinedRepManager. Time Overrun is 1214 us[EOL]
[2026-09-22T08:30:18.919862Z][RSH.rfidreader][W][2330306][133]CRTCyclicEvent.cpp:TimeMissed():101|Cycle miss in event CCSICombinedCmdManager Cyclic Event. Time Overrun is 2086 us[EOL]
[2026-09-22T08:30:18.919899Z][RSH.rfidreader][W][2330306][133]CRTCyclicEvent.cpp:TimeMissed():101|Cycle miss in event CCSICombinedRepManager. Time Overrun is 2086 us[EOL]
[2026-09-22T08:30:19.344585Z][RSH.newgen-reagentstoragehandler][W][2330306][141]CRTCyclicEvent.cpp:TimeMissed():101|Cycle miss in event CCSICombinedCmdManager Cyclic Event. Time Overrun is 1022 us[EOL]
[2026-09-22T08:30:19.344610Z][RSH.newgen-reagentstoragehandler][W][2330306][141]CRTCyclicEvent.cpp:TimeMissed():101|Cycle miss in event CCSICombinedRepManager. Time Overrun is 1022 us[EOL]
[2026-09-22T08:30:20.139146Z][RSH.rfidreader][W][2330306][133]CRTCyclicEvent.cpp:TimeMissed():101|Cycle miss in event CCSICombinedCmdManager Cyclic Event. Time Overrun is 11368 us[EOL]
[2026-09-22T08:30:20.139208Z][RSH.rfidreader][W][2330306][133]CRTCyclicEvent.cpp:TimeMissed():101|Cycle miss in event CCSICombinedRepManager. Time Overrun is 11368 us[EOL]
[2026-09-22T08:30:20.516106Z][RSH.newgen-reagentstoragehandler][W][2330306][141]CRTCyclicEvent.cpp:TimeMissed():101|Cycle miss in event CCSICombinedCmdManager Cyclic Event. Time Overrun is 102538 us[EOL]
[2026-09-22T08:30:20.516145Z][RSH.newgen-reagentstoragehandler][W][2330306][141]CRTCyclicEvent.cpp:TimeMissed():101|Cycle miss in event CCSICombinedRepManager. Time Overrun is 102538 us[EOL]
[2026-09-22T08:30:22.080813Z][RSH.rfidreader][W][2330306][133]CRTCyclicEvent.cpp:TimeMissed():101|Cycle miss in event CCSICombinedCmdManager Cyclic Event. Time Overrun is 3031 us[EOL]
[2026-09-22T08:30:22.080841Z][RSH.rfidreader][W][2330306][133]CRTCyclicEvent.cpp:TimeMissed():101|Cycle miss in event CCSICombinedRepManager. Time Overrun is 3031 us[EOL]
[2026-09-22T08:30:22.396250Z][RSH.newgen-reagentstoragehandler][W][2330306][141]CRTCyclicEvent.cpp:TimeMissed():101|Cycle miss in event CCSICombinedCmdManager Cyclic Event. Time Overrun is 2688 us[EOL]
[2026-09-22T08:30:22.396282Z][RSH.newgen-reagentstoragehandler][W][2330306][141]CRTCyclicEvent.cpp:TimeMissed():101|Cycle miss in event CCSICombinedRepManager. Time Overrun is 2688 us[EOL]
[2026-09-22T08:30:22.686196Z][RSH.newgen-reagentstoragehandler][W][2330306][141]CRTCyclicEvent.cpp:TimeMissed():101|Cycle miss in event CCSICombinedCmdManager Cyclic Event. Time Overrun is 2609 us[EOL]
[2026-09-22T08:30:22.686254Z][RSH.newgen-reagentstoragehandler][W][2330306][141]CRTCyclicEvent.cpp:TimeMissed():101|Cycle miss in event CCSICombinedRepManager. Time Overrun is 2609 us[EOL]
[2026-09-22T08:30:23.882392Z][RSH.rfidreader][W][2330306][133]CRTCyclicEvent.cpp:TimeMissed():101|Cycle miss in event CCSICombinedCmdManager Cyclic Event. Time Overrun is 4616 us[EOL]
[2026-09-22T08:30:23.882430Z][RSH.rfidreader][W][2330306][133]CRTCyclicEvent.cpp:TimeMissed():101|Cycle miss in event CCSICombinedRepManager. Time Overrun is 4616 us[EOL]
[2026-09-22T08:30:24.054230Z][RSH.newgen-reagentstoragehandler][W][2330306][141]CRTCyclicEvent.cpp:TimeMissed():101|Cycle miss in event CCSICombinedCmdManager Cyclic Event. Time Overrun is 663 us[EOL]
[2026-09-22T08:30:24.054292Z][RSH.newgen-reagentstoragehandler][W][2330306][141]CRTCyclicEvent.cpp:TimeMissed():101|Cycle miss in event CCSICombinedRepManager. Time Overrun is 663 us[EOL]
[2026-09-22T08:30:24.110512Z][RSH.rfidreader][W][2330306][133]CRTCyclicEvent.cpp:TimeMissed():101|Cycle miss in event CCSICombinedCmdManager Cyclic Event. Time Overrun is 2738 us[EOL]
[2026-09-22T08:30:24.110548Z][RSH.rfidreader][W][2330306][133]CRTCyclicEvent.cpp:TimeMissed():101|Cycle miss in event CCSICombinedRepManager. Time Overrun is 2738 us[EOL]
[2026-09-22T08:30:24.313799Z][RSH.newgen-reagentstoragehandler][W][2330306][141]CRTCyclicEvent.cpp:TimeMissed():101|Cycle miss in event CCSICombinedCmdManager Cyclic Event. Time Overrun is 232 us[EOL]
[2026-09-22T08:30:24.313840Z][RSH.newgen-reagentstoragehandler][W][2330306][141]CRTCyclicEvent.cpp:TimeMissed():101|Cycle miss in event CCSICombinedRepManager. Time Overrun is 232 us[EOL]
[2026-09-22T08:30:24.447934Z][RSH.newgen-reagentstoragehandler][W][2330306][141]CRTCyclicEvent.cpp:TimeMissed():101|Cycle miss in event CCSICombinedCmdManager Cyclic Event. Time Overrun is 4369 us[EOL]
[2026-09-22T08:30:24.447962Z][RSH.newgen-reagentstoragehandler][W][2330306][141]CRTCyclicEvent.cpp:TimeMissed():101|Cycle miss in event CCSICombinedRepManager. Time Overrun is 4369 us[EOL]
[2026-09-22T08:30:24.679948Z][RSH.rfidreader][W][2330306][133]CRTCyclicEvent.cpp:TimeMissed():101|Cycle miss in event CCSICombinedCmdManager Cyclic Event. Time Overrun is 82174 us[EOL]
[2026-09-22T08:30:24.679987Z][RSH.rfidreader][W][2330306][133]CRTCyclicEvent.cpp:TimeMissed():101|Cycle miss in event CCSICombinedRepManager. Time Overrun is 82174 us[EOL]
[2026-09-22T08:30:26.704367Z][RSH.newgen-reagentstoragehandler][W][2330306][141]CRTCyclicEvent.cpp:TimeMissed():101|Cycle miss in event CCSICyclicRepManager. Time Overrun is 119044 us[EOL]
[2026-09-22T08:30:28.746253Z][RSH.newgen-reagentstoragehandler][W][2330306][141]CRTCyclicEvent.cpp:TimeMissed():101|Cycle miss in event CCSICombinedCmdManager Cyclic Event. Time Overrun is 2691 us[EOL]
[2026-09-22T08:30:28.746287Z][RSH.newgen-reagentstoragehandler][W][2330306][141]CRTCyclicEvent.cpp:TimeMissed():101|Cycle miss in event CCSICombinedRepManager. Time Overrun is 2691 us[EOL]
[2026-09-22T08:30:28.757574Z][RSH.newgen-reagentstoragehandler][I][2560016][141]IMessageHandler.h:operator()():40|Received RabbitMqMessage Roche.MolLab.InstrumentState.Ping. Content: {"Timestamp":"2026-09-22T08:30:28.7035206Z","PingId":"IS1"}[EOL]
[2026-09-22T08:30:28.757730Z][RSH.newgen-reagentstoragehandler][I][844444436][141]UnitCommunicator.cpp:SendEvent():424|Publishing event: type=Roche.c68_8800.ReagentStorageHandler.Echo correlation_id=(n/a)[EOL]
[2026-09-22T08:30:28.757766Z][RSH.newgen-reagentstoragehandler][I][2560017][141]MessageSender.h:SendEvent():105|Sent RabbitMqEvent Roche.c68_8800.ReagentStorageHandler.Echo. Content: {"Timestamp":"2026-09-22T08:30:28.757719Z","PingId":"IS1"}[EOL]
[2026-09-22T08:30:28.938932Z][RSH.rfidreader][W][2330306][133]CRTCyclicEvent.cpp:TimeMissed():101|Cycle miss in event CCSICombinedCmdManager Cyclic Event. Time Overrun is 1151 us[EOL]
[2026-09-22T08:30:28.938999Z][RSH.rfidreader][W][2330306][133]CRTCyclicEvent.cpp:TimeMissed():101|Cycle miss in event CCSICombinedRepManager. Time Overrun is 1151 us[EOL]
[2026-09-22T08:30:29.299552Z][RSH.newgen-reagentstoragehandler][W][2330306][141]CRTCyclicEvent.cpp:TimeMissed():101|Cycle miss in event CCSICombinedCmdManager Cyclic Event. Time Overrun is 5989 us[EOL]
[2026-09-22T08:30:29.299573Z][RSH.newgen-reagentstoragehandler][W][2330306][141]CRTCyclicEvent.cpp:TimeMissed():101|Cycle miss in event CCSICombinedRepManager. Time Overrun is 5989 us[EOL]
[2026-09-22T08:30:29.587888Z][RSH.rfidreader][W][2330306][133]CRTCyclicEvent.cpp:TimeMissed():101|Cycle miss in event CCSICombinedCmdManager Cyclic Event. Time Overrun is 115 us[EOL]
[2026-09-22T08:30:29.587910Z][RSH.rfidreader][W][2330306][133]CRTCyclicEvent.cpp:TimeMissed():101|Cycle miss in event CCSICombinedRepManager. Time Overrun is 115 us[EOL]
[2026-09-22T08:30:29.828922Z][RSH.rfidreader][W][2330306][133]CRTCyclicEvent.cpp:TimeMissed():101|Cycle miss in event CCSICombinedCmdManager Cyclic Event. Time Overrun is 51144 us[EOL]
[2026-09-22T08:30:29.828978Z][RSH.rfidreader][W][2330306][133]CRTCyclicEvent.cpp:TimeMissed():101|Cycle miss in event CCSICombinedRepManager. Time Overrun is 51144 us[EOL]
[2026-09-22T08:30:29.979252Z][RSH.rfidreader][W][2330306][133]CRTCyclicEvent.cpp:TimeMissed():101|Cycle miss in event CCSICombinedCmdManager Cyclic Event. Time Overrun is 11475 us[EOL]
[2026-09-22T08:30:29.979298Z][RSH.rfidreader][W][2330306][133]CRTCyclicEvent.cpp:TimeMissed():101|Cycle miss in event CCSICombinedRepManager. Time Overrun is 11475 us[EOL]
[2026-09-22T08:30:30.039994Z][RSH.newgen-reagentstoragehandler][W][2330306][141]CRTCyclicEvent.cpp:TimeMissed():101|Cycle miss in event CCSICombinedCmdManager Cyclic Event. Time Overrun is 36426 us[EOL]
[2026-09-22T08:30:30.040044Z][RSH.newgen-reagentstoragehandler][W][2330306][141]CRTCyclicEvent.cpp:TimeMissed():101|Cycle miss in event CCSICombinedRepManager. Time Overrun is 36426 us[EOL]
[2026-09-22T08:30:30.142449Z][RSH.rfidreader][W][2330306][133]CRTCyclicEvent.cpp:TimeMissed():101|Cycle miss in event CCSICombinedCmdManager Cyclic Event. Time Overrun is 44673 us[EOL]
[2026-09-22T08:30:30.142479Z][RSH.rfidreader][W][2330306][133]CRTCyclicEvent.cpp:TimeMissed():101|Cycle miss in event CCSICombinedRepManager. Time Overrun is 44673 us[EOL]
[2026-09-22T08:30:30.322077Z][RSH.rfidreader][W][2330306][133]CRTCyclicEvent.cpp:TimeMissed():101|Cycle miss in event CCSICombinedCmdManager Cyclic Event. Time Overrun is 54297 us[EOL]
[2026-09-22T08:30:30.322141Z][RSH.rfidreader][W][2330306][133]CRTCyclicEvent.cpp:TimeMissed():101|Cycle miss in event CCSICombinedRepManager. Time Overrun is 54297 us[EOL]
[2026-09-22T08:30:30.230529Z][RSH.newgen-reagentstoragehandler][W][2330306][141]CRTCyclicEvent.cpp:TimeMissed():101|Cycle miss in event CCSICombinedCmdManager Cyclic Event. Time Overrun is 66962 us[EOL]
[2026-09-22T08:30:30.230584Z][RSH.newgen-reagentstoragehandler][W][2330306][141]CRTCyclicEvent.cpp:TimeMissed():101|Cycle miss in event CCSICombinedRepManager. Time Overrun is 66962 us[EOL]
[2026-09-22T08:30:30.417823Z][RSH.newgen-reagentstoragehandler][W][2330306][141]CRTCyclicEvent.cpp:TimeMissed():101|Cycle miss in event CCSICombinedCmdManager Cyclic Event. Time Overrun is 64247 us[EOL]
[2026-09-22T08:30:30.417870Z][RSH.newgen-reagentstoragehandler][W][2330306][141]CRTCyclicEvent.cpp:TimeMissed():101|Cycle miss in event CCSICombinedRepManager. Time Overrun is 64247 us[EOL]
[2026-09-22T08:30:30.586941Z][RSH.newgen-reagentstoragehandler][W][2330306][141]CRTCyclicEvent.cpp:TimeMissed():101|Cycle miss in event CCSICombinedCmdManager Cyclic Event. Time Overrun is 53371 us[EOL]
[2026-09-22T08:30:30.586991Z][RSH.newgen-reagentstoragehandler][W][2330306][141]CRTCyclicEvent.cpp:TimeMissed():101|Cycle miss in event CCSICombinedRepManager. Time Overrun is 53371 us[EOL]
[2026-09-22T08:30:30.728397Z][RSH.newgen-reagentstoragehandler][W][2330306][141]CRTCyclicEvent.cpp:TimeMissed():101|Cycle miss in event CCSICombinedCmdManager Cyclic Event. Time Overrun is 4832 us[EOL]
[2026-09-22T08:30:30.728438Z][RSH.newgen-reagentstoragehandler][W][2330306][141]CRTCyclicEvent.cpp:TimeMissed():101|Cycle miss in event CCSICombinedRepManager. Time Overrun is 4832 us[EOL]
[2026-09-22T08:30:30.519626Z][RSH.rfidreader][W][2330306][133]CRTCyclicEvent.cpp:TimeMissed():101|Cycle miss in event CCSICombinedCmdManager Cyclic Event. Time Overrun is 71849 us[EOL]
[2026-09-22T08:30:30.519664Z][RSH.rfidreader][W][2330306][133]CRTCyclicEvent.cpp:TimeMissed():101|Cycle miss in event CCSICombinedRepManager. Time Overrun is 71849 us[EOL]
[2026-09-22T08:30:30.731955Z][RSH.rfidreader][W][2330306][133]CRTCyclicEvent.cpp:TimeMissed():101|Cycle miss in event CCSICombinedCmdManager Cyclic Event. Time Overrun is 94178 us[EOL]
[2026-09-22T08:30:30.731990Z][RSH.rfidreader][W][2330306][133]CRTCyclicEvent.cpp:TimeMissed():101|Cycle miss in event CCSICombinedRepManager. Time Overrun is 94178 us[EOL]
[2026-09-22T08:30:30.921055Z][RSH.rfidreader][W][2330306][133]CRTCyclicEvent.cpp:TimeMissed():101|Cycle miss in event CCSICombinedCmdManager Cyclic Event. Time Overrun is 53276 us[EOL]
[2026-09-22T08:30:30.921098Z][RSH.rfidreader][W][2330306][133]CRTCyclicEvent.cpp:TimeMissed():101|Cycle miss in event CCSICombinedRepManager. Time Overrun is 53276 us[EOL]
[2026-09-22T08:30:30.922226Z][RSH.newgen-reagentstoragehandler][W][2330306][141]CRTCyclicEvent.cpp:TimeMissed():101|Cycle miss in event CCSICombinedCmdManager Cyclic Event. Time Overrun is 58659 us[EOL]
[2026-09-22T08:30:30.922275Z][RSH.newgen-reagentstoragehandler][W][2330306][141]CRTCyclicEvent.cpp:TimeMissed():101|Cycle miss in event CCSICombinedRepManager. Time Overrun is 58659 us[EOL]
[2026-09-22T08:30:31.037184Z][RSH.newgen-reagentstoragehandler][W][2330306][141]CRTCyclicEvent.cpp:TimeMissed():101|Cycle miss in event CCSICombinedCmdManager Cyclic Event. Time Overrun is 3617 us[EOL]
[2026-09-22T08:30:31.037230Z][RSH.newgen-reagentstoragehandler][W][2330306][141]CRTCyclicEvent.cpp:TimeMissed():101|Cycle miss in event CCSICombinedRepManager. Time Overrun is 3617 us[EOL]
[2026-09-22T08:30:31.134647Z][RSH.rfidreader][W][2330306][133]CRTCyclicEvent.cpp:TimeMissed():101|Cycle miss in event CCSICombinedCmdManager Cyclic Event. Time Overrun is 66870 us[EOL]
[2026-09-22T08:30:31.134689Z][RSH.rfidreader][W][2330306][133]CRTCyclicEvent.cpp:TimeMissed():101|Cycle miss in event CCSICombinedRepManager. Time Overrun is 66870 us[EOL]
[2026-09-22T08:30:31.242909Z][RSH.newgen-reagentstoragehandler][W][2330306][141]CRTCyclicEvent.cpp:TimeMissed():101|Cycle miss in event CCSICombinedCmdManager Cyclic Event. Time Overrun is 79343 us[EOL]
[2026-09-22T08:30:31.243008Z][RSH.newgen-reagentstoragehandler][W][2330306][141]CRTCyclicEvent.cpp:TimeMissed():101|Cycle miss in event CCSICombinedRepManager. Time Overrun is 79343 us[EOL]
[2026-09-22T08:30:31.337834Z][RSH.rfidreader][W][2330306][133]CRTCyclicEvent.cpp:TimeMissed():101|Cycle miss in event CCSICombinedCmdManager Cyclic Event. Time Overrun is 70055 us[EOL]
[2026-09-22T08:30:31.337880Z][RSH.rfidreader][W][2330306][133]CRTCyclicEvent.cpp:TimeMissed():101|Cycle miss in event CCSICombinedRepManager. Time Overrun is 70055 us[EOL]
[2026-09-22T08:30:31.441460Z][RSH.newgen-reagentstoragehandler][W][2330306][141]CRTCyclicEvent.cpp:TimeMissed():101|Cycle miss in event CCSICombinedCmdManager Cyclic Event. Time Overrun is 67893 us[EOL]
[2026-09-22T08:30:31.441545Z][RSH.newgen-reagentstoragehandler][W][2330306][141]CRTCyclicEvent.cpp:TimeMissed():101|Cycle miss in event CCSICombinedRepManager. Time Overrun is 67893 us[EOL]
[2026-09-22T08:30:31.571457Z][RSH.rfidreader][W][2330306][133]CRTCyclicEvent.cpp:TimeMissed():101|Cycle miss in event CCSICombinedCmdManager Cyclic Event. Time Overrun is 103678 us[EOL]
[2026-09-22T08:30:31.683200Z][RSH.newgen-reagentstoragehandler][W][2330306][141]CRTCyclicEvent.cpp:TimeMissed():101|Cycle miss in event CCSICombinedCmdManager Cyclic Event. Time Overrun is 69626 us[EOL]
[2026-09-22T08:30:31.683247Z][RSH.newgen-reagentstoragehandler][W][2330306][141]CRTCyclicEvent.cpp:TimeMissed():101|Cycle miss in event CCSICombinedRepManager. Time Overrun is 69626 us[EOL]
[2026-09-22T08:30:31.571503Z][RSH.rfidreader][W][2330306][133]CRTCyclicEvent.cpp:TimeMissed():101|Cycle miss in event CCSICombinedRepManager. Time Overrun is 103678 us[EOL]
[2026-09-22T08:30:32.216969Z][RSH.newgen-reagentstoragehandler][W][2330306][141]CRTCyclicEvent.cpp:TimeMissed():101|Cycle miss in event CCSICombinedCmdManager Cyclic Event. Time Overrun is 93402 us[EOL]
[2026-09-22T08:30:32.217103Z][RSH.newgen-reagentstoragehandler][W][2330306][141]CRTCyclicEvent.cpp:TimeMissed():101|Cycle miss in event CCSICombinedRepManager. Time Overrun is 93402 us[EOL]
[2026-09-22T08:30:32.217167Z][RSH.newgen-reagentstoragehandler][W][2330306][141]CRTCyclicEvent.cpp:TimeMissed():101|Cycle miss in event CCSICyclicRepManager. Time Overrun is 31844 us[EOL]
[2026-09-22T08:30:32.270519Z][RSH.rfidreader][W][2330306][133]CRTCyclicEvent.cpp:TimeMissed():101|Cycle miss in event CCSICombinedCmdManager Cyclic Event. Time Overrun is 12738 us[EOL]
[2026-09-22T08:30:32.270564Z][RSH.rfidreader][W][2330306][133]CRTCyclicEvent.cpp:TimeMissed():101|Cycle miss in event CCSICombinedRepManager. Time Overrun is 12738 us[EOL]
[2026-09-22T08:30:33.038800Z][RSH.rfidreader][W][2330306][133]CRTCyclicEvent.cpp:TimeMissed():101|Cycle miss in event CCSICombinedCmdManager Cyclic Event. Time Overrun is 1024 us[EOL]
[2026-09-22T08:30:33.038848Z][RSH.rfidreader][W][2330306][133]CRTCyclicEvent.cpp:TimeMissed():101|Cycle miss in event CCSICombinedRepManager. Time Overrun is 1024 us[EOL]
[2026-09-22T08:30:33.139904Z][RSH.newgen-reagentstoragehandler][W][2330306][141]CRTCyclicEvent.cpp:TimeMissed():101|Cycle miss in event CCSICombinedCmdManager Cyclic Event. Time Overrun is 6340 us[EOL]
[2026-09-22T08:30:33.139933Z][RSH.newgen-reagentstoragehandler][W][2330306][141]CRTCyclicEvent.cpp:TimeMissed():101|Cycle miss in event CCSICombinedRepManager. Time Overrun is 6340 us[EOL]
[2026-09-22T08:30:33.291849Z][RSH.newgen-reagentstoragehandler][I][2560016][141]IMessageHandler.h:operator()():53|Received RabbitMqMessage Roche.c68_8800.InstrumentState.InstrumentStateChanged. Content: {"Timestamp":"2026-09-22T08:30:29.4305208Z","TraceContext":"00-819380aeb3d0d060e0455e221ce4a92c-894abe7a711e0278-01","OldState":"PoweredOff","NewState":"StartingUp"}[EOL]
[2026-09-22T08:30:33.291922Z][RSH.newgen-reagentstoragehandler][I][2560016][141]IMessageHandler.h:operator()():40|Received RabbitMqMessage Roche.c68_8800.InstrumentState.InstrumentStateChanged. Content: {"Timestamp":"2026-09-22T08:30:29.4305208Z","TraceContext":"00-819380aeb3d0d060e0455e221ce4a92c-894abe7a711e0278-01","OldState":"PoweredOff","NewState":"StartingUp"}[EOL]
[2026-09-22T08:30:33.501627Z][RSH.newgen-reagentstoragehandler][W][2330306][141]CRTCyclicEvent.cpp:TimeMissed():101|Cycle miss in event CCSICombinedCmdManager Cyclic Event. Time Overrun is 8060 us[EOL]
[2026-09-22T08:30:33.501665Z][RSH.newgen-reagentstoragehandler][W][2330306][141]CRTCyclicEvent.cpp:TimeMissed():101|Cycle miss in event CCSICombinedRepManager. Time Overrun is 8060 us[EOL]
[2026-09-22T08:30:33.659526Z][RSH.rfidreader][W][2330306][133]CRTCyclicEvent.cpp:TimeMissed():101|Cycle miss in event CCSICombinedCmdManager Cyclic Event. Time Overrun is 1746 us[EOL]
[2026-09-22T08:30:33.659586Z][RSH.rfidreader][W][2330306][133]CRTCyclicEvent.cpp:TimeMissed():101|Cycle miss in event CCSICombinedRepManager. Time Overrun is 1746 us[EOL]
[2026-09-22T08:30:33.790550Z][RSH.newgen-reagentstoragehandler][W][2330306][141]CRTCyclicEvent.cpp:TimeMissed():101|Cycle miss in event CCSICombinedCmdManager Cyclic Event. Time Overrun is 6984 us[EOL]
[2026-09-22T08:30:33.790579Z][RSH.newgen-reagentstoragehandler][W][2330306][141]CRTCyclicEvent.cpp:TimeMissed():101|Cycle miss in event CCSICombinedRepManager. Time Overrun is 6984 us[EOL]
[2026-09-22T08:30:33.916213Z][RSH.newgen-reagentstoragehandler][W][2330306][141]CRTCyclicEvent.cpp:TimeMissed():101|Cycle miss in event CCSICombinedCmdManager Cyclic Event. Time Overrun is 2649 us[EOL]
[2026-09-22T08:30:33.916241Z][RSH.newgen-reagentstoragehandler][W][2330306][141]CRTCyclicEvent.cpp:TimeMissed():101|Cycle miss in event CCSICombinedRepManager. Time Overrun is 2649 us[EOL]
[2026-09-22T08:30:33.909975Z][RSH.rfidreader][W][2330306][133]CRTCyclicEvent.cpp:TimeMissed():101|Cycle miss in event CCSICombinedCmdManager Cyclic Event. Time Overrun is 72189 us[EOL]
[2026-09-22T08:30:33.910009Z][RSH.rfidreader][W][2330306][133]CRTCyclicEvent.cpp:TimeMissed():101|Cycle miss in event CCSICombinedRepManager. Time Overrun is 72189 us[EOL]
[2026-09-22T08:30:34.073758Z][RSH.newgen-reagentstoragehandler][W][2330306][141]CRTCyclicEvent.cpp:TimeMissed():101|Cycle miss in event CCSICombinedCmdManager Cyclic Event. Time Overrun is 20184 us[EOL]
[2026-09-22T08:30:34.073793Z][RSH.newgen-reagentstoragehandler][W][2330306][141]CRTCyclicEvent.cpp:TimeMissed():101|Cycle miss in event CCSICombinedRepManager. Time Overrun is 20184 us[EOL]
[2026-09-22T08:30:34.170355Z][RSH.rfidreader][W][2330306][133]CRTCyclicEvent.cpp:TimeMissed():101|Cycle miss in event CCSICombinedCmdManager Cyclic Event. Time Overrun is 2580 us[EOL]
[2026-09-22T08:30:34.170397Z][RSH.rfidreader][W][2330306][133]CRTCyclicEvent.cpp:TimeMissed():101|Cycle miss in event CCSICombinedRepManager. Time Overrun is 2580 us[EOL]
[2026-09-22T08:30:34.294518Z][RSH.rfidreader][W][2330306][133]CRTCyclicEvent.cpp:TimeMissed():101|Cycle miss in event CCSICombinedCmdManager Cyclic Event. Time Overrun is 6742 us[EOL]
[2026-09-22T08:30:34.294553Z][RSH.rfidreader][W][2330306][133]CRTCyclicEvent.cpp:TimeMissed():101|Cycle miss in event CCSICombinedRepManager. Time Overrun is 6742 us[EOL]
[2026-09-22T08:30:34.733824Z][RSH.rfidreader][W][2330306][133]CRTCyclicEvent.cpp:TimeMissed():101|Cycle miss in event CCSICombinedCmdManager Cyclic Event. Time Overrun is 16048 us[EOL]
[2026-09-22T08:30:34.724084Z][RSH.newgen-reagentstoragehandler][W][2330306][141]CRTCyclicEvent.cpp:TimeMissed():101|Cycle miss in event CCSICombinedCmdManager Cyclic Event. Time Overrun is 516 us[EOL]
[2026-09-22T08:30:34.733865Z][RSH.rfidreader][W][2330306][133]CRTCyclicEvent.cpp:TimeMissed():101|Cycle miss in event CCSICombinedRepManager. Time Overrun is 16048 us[EOL]
[2026-09-22T08:30:34.724123Z][RSH.newgen-reagentstoragehandler][W][2330306][141]CRTCyclicEvent.cpp:TimeMissed():101|Cycle miss in event CCSICombinedRepManager. Time Overrun is 516 us[EOL]
[2026-09-22T08:30:34.879180Z][RSH.rfidreader][W][2330306][133]CRTCyclicEvent.cpp:TimeMissed():101|Cycle miss in event CCSICombinedCmdManager Cyclic Event. Time Overrun is 1401 us[EOL]
[2026-09-22T08:30:34.879222Z][RSH.rfidreader][W][2330306][133]CRTCyclicEvent.cpp:TimeMissed():101|Cycle miss in event CCSICombinedRepManager. Time Overrun is 1401 us[EOL]
[2026-09-22T08:30:35.108281Z][RSH.rfidreader][W][2330306][133]CRTCyclicEvent.cpp:TimeMissed():101|Cycle miss in event CCSICombinedCmdManager Cyclic Event. Time Overrun is 502 us[EOL]
[2026-09-22T08:30:35.108337Z][RSH.rfidreader][W][2330306][133]CRTCyclicEvent.cpp:TimeMissed():101|Cycle miss in event CCSICombinedRepManager. Time Overrun is 502 us[EOL]
[2026-09-22T08:30:35.239464Z][RSH.rfidreader][W][2330306][133]CRTCyclicEvent.cpp:TimeMissed():101|Cycle miss in event CCSICombinedCmdManager Cyclic Event. Time Overrun is 1686 us[EOL]
[2026-09-22T08:30:35.239506Z][RSH.rfidreader][W][2330306][133]CRTCyclicEvent.cpp:TimeMissed():101|Cycle miss in event CCSICombinedRepManager. Time Overrun is 1686 us[EOL]
[2026-09-22T08:30:35.370313Z][RSH.rfidreader][W][2330306][133]CRTCyclicEvent.cpp:TimeMissed():101|Cycle miss in event CCSICombinedCmdManager Cyclic Event. Time Overrun is 2531 us[EOL]
[2026-09-22T08:30:35.370371Z][RSH.rfidreader][W][2330306][133]CRTCyclicEvent.cpp:TimeMissed():101|Cycle miss in event CCSICombinedRepManager. Time Overrun is 2531 us[EOL]
[2026-09-22T08:30:35.355268Z][RSH.newgen-reagentstoragehandler][W][2330306][141]CRTCyclicEvent.cpp:TimeMissed():101|Cycle miss in event CCSICombinedCmdManager Cyclic Event. Time Overrun is 1704 us[EOL]
[2026-09-22T08:30:35.355294Z][RSH.newgen-reagentstoragehandler][W][2330306][141]CRTCyclicEvent.cpp:TimeMissed():101|Cycle miss in event CCSICombinedRepManager. Time Overrun is 1704 us[EOL]
[2026-09-22T08:30:35.497914Z][RSH.rfidreader][W][2330306][133]CRTCyclicEvent.cpp:TimeMissed():101|Cycle miss in event CCSICombinedCmdManager Cyclic Event. Time Overrun is 130 us[EOL]
[2026-09-22T08:30:35.497956Z][RSH.rfidreader][W][2330306][133]CRTCyclicEvent.cpp:TimeMissed():101|Cycle miss in event CCSICombinedRepManager. Time Overrun is 130 us[EOL]
[2026-09-22T08:30:35.908458Z][RSH.rfidreader][W][2330306][133]CRTCyclicEvent.cpp:TimeMissed():101|Cycle miss in event CCSICombinedCmdManager Cyclic Event. Time Overrun is 683 us[EOL]
[2026-09-22T08:30:35.908492Z][RSH.rfidreader][W][2330306][133]CRTCyclicEvent.cpp:TimeMissed():101|Cycle miss in event CCSICombinedRepManager. Time Overrun is 683 us[EOL]
[2026-09-22T08:30:36.105127Z][RSH.newgen-reagentstoragehandler][W][2330306][141]CRTCyclicEvent.cpp:TimeMissed():101|Cycle miss in event CCSICombinedCmdManager Cyclic Event. Time Overrun is 1538 us[EOL]
[2026-09-22T08:30:36.105166Z][RSH.newgen-reagentstoragehandler][W][2330306][141]CRTCyclicEvent.cpp:TimeMissed():101|Cycle miss in event CCSICombinedRepManager. Time Overrun is 1538 us[EOL]
[2026-09-22T08:30:36.649117Z][RSH.rfidreader][W][2330306][133]CRTCyclicEvent.cpp:TimeMissed():101|Cycle miss in event CCSICombinedCmdManager Cyclic Event. Time Overrun is 1340 us[EOL]
[2026-09-22T08:30:36.649158Z][RSH.rfidreader][W][2330306][133]CRTCyclicEvent.cpp:TimeMissed():101|Cycle miss in event CCSICombinedRepManager. Time Overrun is 1340 us[EOL]
[2026-09-22T08:30:36.974943Z][RSH.newgen-reagentstoragehandler][W][2330306][141]CRTCyclicEvent.cpp:TimeMissed():101|Cycle miss in event CCSICombinedCmdManager Cyclic Event. Time Overrun is 1373 us[EOL]
[2026-09-22T08:30:36.974987Z][RSH.newgen-reagentstoragehandler][W][2330306][141]CRTCyclicEvent.cpp:TimeMissed():101|Cycle miss in event CCSICombinedRepManager. Time Overrun is 1373 us[EOL]
[2026-09-22T08:30:37.032986Z][RSH.rfidreader][W][2330306][133]CRTCyclicEvent.cpp:TimeMissed():101|Cycle miss in event CCSICombinedCmdManager Cyclic Event. Time Overrun is 5214 us[EOL]
[2026-09-22T08:30:37.033009Z][RSH.rfidreader][W][2330306][133]CRTCyclicEvent.cpp:TimeMissed():101|Cycle miss in event CCSICombinedRepManager. Time Overrun is 5214 us[EOL]
[2026-09-22T08:30:37.334657Z][RSH.newgen-reagentstoragehandler][W][2330306][141]CRTCyclicEvent.cpp:TimeMissed():101|Cycle miss in event CCSICombinedCmdManager Cyclic Event. Time Overrun is 31084 us[EOL]
[2026-09-22T08:30:37.335837Z][RSH.rfidreader][W][2330306][133]CRTCyclicEvent.cpp:TimeMissed():101|Cycle miss in event CCSICombinedCmdManager Cyclic Event. Time Overrun is 28062 us[EOL]
[2026-09-22T08:30:37.335873Z][RSH.rfidreader][W][2330306][133]CRTCyclicEvent.cpp:TimeMissed():101|Cycle miss in event CCSICombinedRepManager. Time Overrun is 28062 us[EOL]
[2026-09-22T08:30:37.334947Z][RSH.newgen-reagentstoragehandler][W][2330306][141]CRTCyclicEvent.cpp:TimeMissed():101|Cycle miss in event CCSICombinedRepManager. Time Overrun is 31084 us[EOL]
[2026-09-22T08:30:38.063998Z][RSH.newgen-reagentstoragehandler][W][2330306][141]CRTCyclicEvent.cpp:TimeMissed():101|Cycle miss in event CCSICombinedCmdManager Cyclic Event. Time Overrun is 434 us[EOL]
[2026-09-22T08:30:38.064026Z][RSH.newgen-reagentstoragehandler][W][2330306][141]CRTCyclicEvent.cpp:TimeMissed():101|Cycle miss in event CCSICombinedRepManager. Time Overrun is 434 us[EOL]
[2026-09-22T08:30:38.908361Z][RSH.newgen-reagentstoragehandler][W][2330306][141]CRTCyclicEvent.cpp:TimeMissed():101|Cycle miss in event CCSICombinedCmdManager Cyclic Event. Time Overrun is 4796 us[EOL]
[2026-09-22T08:30:38.908393Z][RSH.newgen-reagentstoragehandler][W][2330306][141]CRTCyclicEvent.cpp:TimeMissed():101|Cycle miss in event CCSICombinedRepManager. Time Overrun is 4796 us[EOL]
[2026-09-22T08:30:38.908486Z][RSH.rfidreader][W][2330306][133]CRTCyclicEvent.cpp:TimeMissed():101|Cycle miss in event CCSICombinedCmdManager Cyclic Event. Time Overrun is 712 us[EOL]
[2026-09-22T08:30:38.908539Z][RSH.rfidreader][W][2330306][133]CRTCyclicEvent.cpp:TimeMissed():101|Cycle miss in event CCSICombinedRepManager. Time Overrun is 712 us[EOL]
[2026-09-22T08:30:39.647842Z][RSH.rfidreader][W][2330306][133]CRTCyclicEvent.cpp:TimeMissed():101|Cycle miss in event CCSICombinedCmdManager Cyclic Event. Time Overrun is 60 us[EOL]
[2026-09-22T08:30:39.647905Z][RSH.rfidreader][W][2330306][133]CRTCyclicEvent.cpp:TimeMissed():101|Cycle miss in event CCSICombinedRepManager. Time Overrun is 60 us[EOL]
[2026-09-22T08:30:40.125301Z][RSH.newgen-reagentstoragehandler][W][2330306][141]CRTCyclicEvent.cpp:TimeMissed():101|Cycle miss in event CCSICombinedCmdManager Cyclic Event. Time Overrun is 1736 us[EOL]
[2026-09-22T08:30:40.125337Z][RSH.newgen-reagentstoragehandler][W][2330306][141]CRTCyclicEvent.cpp:TimeMissed():101|Cycle miss in event CCSICombinedRepManager. Time Overrun is 1736 us[EOL]
[2026-09-22T08:30:42.999341Z][RSH.rfidreader][W][2330306][133]CRTCyclicEvent.cpp:TimeMissed():101|Cycle miss in event CCSICombinedCmdManager Cyclic Event. Time Overrun is 1565 us[EOL]
[2026-09-22T08:30:42.960513Z][RSH.newgen-reagentstoragehandler][I][2560016][141]IMessageHandler.h:operator()():53|Received RabbitMqMessage Roche.MolLab.PersistentMemory.MamConfigured. Content: {"Timestamp":"2026-09-22T08:30:42.954048Z","TraceContext":"00-819380aeb3d0d060e0455e221ce4a92c-9638ad2b6235bbf5-01"}[EOL]
[2026-09-22T08:30:42.999388Z][RSH.rfidreader][W][2330306][133]CRTCyclicEvent.cpp:TimeMissed():101|Cycle miss in event CCSICombinedRepManager. Time Overrun is 1565 us[EOL]
[2026-09-22T08:30:43.095291Z][RSH.rfidreader][N][2330477][133]CConnectionHandler.cpp:RegisterConnection():104|Socket added to epoll with identifier 0x0 (0), file descriptor 13.[EOL]
[2026-09-22T08:30:43.095318Z][RSH.rfidreader][N][2330467][133]CDefaultStreamHandler.cpp:OnConnectionAccepted():405|New connection established. file descriptor 13[EOL]
[2026-09-22T08:30:43.096081Z][RSH.rfidreader][N][2330473][133]CClientSocketChannel.cpp:Connect():196|Connecting to socket with identifier 0x10a204 (1090052).[EOL]
[2026-09-22T08:30:42.987092Z][RSH.newgen-reagentstoragehandler][I][3410091][141]CPrepareProcedure.cpp:SetParameter():59|Prepare is called: no parameters[EOL]
[2026-09-22T08:30:43.096145Z][RSH.rfidreader][N][2330473][133]CClientSocketChannel.cpp:Connect():207|Registering socket connection with identifier 0x10a204 (1090052), file descriptor 14.[EOL]
[2026-09-22T08:30:43.064636Z][RSH.newgen-reagentstoragehandler][I][0][141]CASStateMachine.cpp:ReportStateChange():238|ModuleState changed: ModuleState_InitialValue (0) --> ModuleState_Preparing (1)[EOL]
[2026-09-22T08:30:43.096156Z][RSH.rfidreader][N][2330477][133]CConnectionHandler.cpp:RegisterConnection():104|Socket added to epoll with identifier 0x10a204 (1090052), file descriptor 14.[EOL]
[2026-09-22T08:30:43.065003Z][RSH.newgen-reagentstoragehandler][N][0][141]CExecuteConnectCommandStep.cpp:DoStep():58|Sending SS_ConnectCommand[EOL]
[2026-09-22T08:30:43.096169Z][RSH.rfidreader][N][2330476][133]CClientSocketChannel.cpp:InitializeConnection():401|Initialized socket buffer with identifier 0x10a204 (1090052), file descriptor 14.[EOL]
[2026-09-22T08:30:43.065210Z][RSH.newgen-reagentstoragehandler][N][2330473][141]CClientSocketChannel.cpp:Connect():196|Connecting to socket with identifier 0x102078 (1056888).[EOL]
[2026-09-22T08:30:43.075338Z][RSH.newgen-reagentstoragehandler][N][2330473][141]CClientSocketChannel.cpp:Connect():207|Registering socket connection with identifier 0x102078 (1056888), file descriptor 22.[EOL]
[2026-09-22T08:30:43.096178Z][RSH.rfidreader][N][2330473][133]CClientSocketChannel.cpp:Connect():196|Connecting to socket with identifier 0x4010a204 (1074831876).[EOL]
[2026-09-22T08:30:43.096198Z][RSH.rfidreader][N][2330473][133]CClientSocketChannel.cpp:Connect():207|Registering socket connection with identifier 0x4010a204 (1074831876), file descriptor 15.[EOL]
[2026-09-22T08:30:43.075376Z][RSH.newgen-reagentstoragehandler][N][2330477][141]CConnectionHandler.cpp:RegisterConnection():104|Socket added to epoll with identifier 0x102078 (1056888), file descriptor 22.[EOL]
[2026-09-22T08:30:43.096204Z][RSH.rfidreader][N][2330477][133]CConnectionHandler.cpp:RegisterConnection():104|Socket added to epoll with identifier 0x4010a204 (1074831876), file descriptor 15.[EOL]
[2026-09-22T08:30:43.075906Z][RSH.newgen-reagentstoragehandler][N][2330476][141]CClientSocketChannel.cpp:InitializeConnection():401|Initialized socket buffer with identifier 0x102078 (1056888), file descriptor 22.[EOL]
[2026-09-22T08:30:43.096210Z][RSH.rfidreader][N][2330476][133]CClientSocketChannel.cpp:InitializeConnection():401|Initialized socket buffer with identifier 0x4010a204 (1074831876), file descriptor 15.[EOL]
[2026-09-22T08:30:43.075935Z][RSH.newgen-reagentstoragehandler][N][2330473][141]CClientSocketChannel.cpp:Connect():196|Connecting to socket with identifier 0x40102078 (1074798712).[EOL]
[2026-09-22T08:30:43.096309Z][RSH.rfidreader][N][2330473][133]CClientSocketChannel.cpp:Connect():196|Connecting to socket with identifier 0x8010a204 (2148573700).[EOL]
[2026-09-22T08:30:43.089493Z][RSH.newgen-reagentstoragehandler][N][2330473][141]CClientSocketChannel.cpp:Connect():207|Registering socket connection with identifier 0x40102078 (1074798712), file descriptor 24.[EOL]
[2026-09-22T08:30:43.096339Z][RSH.rfidreader][N][2330473][133]CClientSocketChannel.cpp:Connect():207|Registering socket connection with identifier 0x8010a204 (2148573700), file descriptor 16.[EOL]
[2026-09-22T08:30:43.089530Z][RSH.newgen-reagentstoragehandler][N][2330477][141]CConnectionHandler.cpp:RegisterConnection():104|Socket added to epoll with identifier 0x40102078 (1074798712), file descriptor 24.[EOL]
[2026-09-22T08:30:43.096348Z][RSH.rfidreader][N][2330477][133]CConnectionHandler.cpp:RegisterConnection():104|Socket added to epoll with identifier 0x8010a204 (2148573700), file descriptor 16.[EOL]
[2026-09-22T08:30:43.089543Z][RSH.newgen-reagentstoragehandler][N][2330476][141]CClientSocketChannel.cpp:InitializeConnection():401|Initialized socket buffer with identifier 0x40102078 (1074798712), file descriptor 24.[EOL]
[2026-09-22T08:30:43.096357Z][RSH.rfidreader][N][2330476][133]CClientSocketChannel.cpp:InitializeConnection():401|Initialized socket buffer with identifier 0x8010a204 (2148573700), file descriptor 16.[EOL]
[2026-09-22T08:30:43.089555Z][RSH.newgen-reagentstoragehandler][N][2330473][141]CClientSocketChannel.cpp:Connect():196|Connecting to socket with identifier 0x10a601 (1091073).[EOL]
[2026-09-22T08:30:43.089583Z][RSH.newgen-reagentstoragehandler][N][2330473][141]CClientSocketChannel.cpp:Connect():207|Registering socket connection with identifier 0x10a601 (1091073), file descriptor 25.[EOL]
[2026-09-22T08:30:43.089655Z][RSH.newgen-reagentstoragehandler][N][2330477][141]CConnectionHandler.cpp:RegisterConnection():104|Socket added to epoll with identifier 0x10a601 (1091073), file descriptor 25.[EOL]
[2026-09-22T08:30:43.089664Z][RSH.newgen-reagentstoragehandler][N][2330476][141]CClientSocketChannel.cpp:InitializeConnection():401|Initialized socket buffer with identifier 0x10a601 (1091073), file descriptor 25.[EOL]
[2026-09-22T08:30:43.090040Z][RSH.newgen-reagentstoragehandler][N][2330473][141]CClientSocketChannel.cpp:Connect():196|Connecting to socket with identifier 0x4010a601 (1074832897).[EOL]
[2026-09-22T08:30:43.090130Z][RSH.newgen-reagentstoragehandler][N][2330473][141]CClientSocketChannel.cpp:Connect():207|Registering socket connection with identifier 0x4010a601 (1074832897), file descriptor 26.[EOL]
[2026-09-22T08:30:43.090144Z][RSH.newgen-reagentstoragehandler][N][2330477][141]CConnectionHandler.cpp:RegisterConnection():104|Socket added to epoll with identifier 0x4010a601 (1074832897), file descriptor 26.[EOL]
[2026-09-22T08:30:43.090154Z][RSH.newgen-reagentstoragehandler][N][2330476][141]CClientSocketChannel.cpp:InitializeConnection():401|Initialized socket buffer with identifier 0x4010a601 (1074832897), file descriptor 26.[EOL]
[2026-09-22T08:30:43.090161Z][RSH.newgen-reagentstoragehandler][N][2330473][141]CClientSocketChannel.cpp:Connect():196|Connecting to socket with identifier 0x8010a601 (2148574721).[EOL]
[2026-09-22T08:30:43.090178Z][RSH.newgen-reagentstoragehandler][N][2330473][141]CClientSocketChannel.cpp:Connect():207|Registering socket connection with identifier 0x8010a601 (2148574721), file descriptor 27.[EOL]
[2026-09-22T08:30:43.090184Z][RSH.newgen-reagentstoragehandler][N][2330477][141]CConnectionHandler.cpp:RegisterConnection():104|Socket added to epoll with identifier 0x8010a601 (2148574721), file descriptor 27.[EOL]
[2026-09-22T08:30:43.090191Z][RSH.newgen-reagentstoragehandler][N][2330476][141]CClientSocketChannel.cpp:InitializeConnection():401|Initialized socket buffer with identifier 0x8010a601 (2148574721), file descriptor 27.[EOL]
[2026-09-22T08:30:43.090196Z][RSH.newgen-reagentstoragehandler][N][2330473][141]CClientSocketChannel.cpp:Connect():196|Connecting to socket with identifier 0x10a703 (1091331).[EOL]
[2026-09-22T08:30:43.090210Z][RSH.newgen-reagentstoragehandler][N][2330473][141]CClientSocketChannel.cpp:Connect():207|Registering socket connection with identifier 0x10a703 (1091331), file descriptor 28.[EOL]
[2026-09-22T08:30:43.090217Z][RSH.newgen-reagentstoragehandler][N][2330477][141]CConnectionHandler.cpp:RegisterConnection():104|Socket added to epoll with identifier 0x10a703 (1091331), file descriptor 28.[EOL]
[2026-09-22T08:30:43.090223Z][RSH.newgen-reagentstoragehandler][N][2330476][141]CClientSocketChannel.cpp:InitializeConnection():401|Initialized socket buffer with identifier 0x10a703 (1091331), file descriptor 28.[EOL]
[2026-09-22T08:30:43.090227Z][RSH.newgen-reagentstoragehandler][N][2330473][141]CClientSocketChannel.cpp:Connect():196|Connecting to socket with identifier 0x4010a703 (1074833155).[EOL]
[2026-09-22T08:30:43.090241Z][RSH.newgen-reagentstoragehandler][N][2330473][141]CClientSocketChannel.cpp:Connect():207|Registering socket connection with identifier 0x4010a703 (1074833155), file descriptor 29.[EOL]
[2026-09-22T08:30:43.090247Z][RSH.newgen-reagentstoragehandler][N][2330477][141]CConnectionHandler.cpp:RegisterConnection():104|Socket added to epoll with identifier 0x4010a703 (1074833155), file descriptor 29.[EOL]
[2026-09-22T08:30:43.090253Z][RSH.newgen-reagentstoragehandler][N][2330476][141]CClientSocketChannel.cpp:InitializeConnection():401|Initialized socket buffer with identifier 0x4010a703 (1074833155), file descriptor 29.[EOL]
[2026-09-22T08:30:43.090257Z][RSH.newgen-reagentstoragehandler][N][2330473][141]CClientSocketChannel.cpp:Connect():196|Connecting to socket with identifier 0x8010a703 (2148574979).[EOL]
[2026-09-22T08:30:43.090575Z][RSH.newgen-reagentstoragehandler][N][2330473][141]CClientSocketChannel.cpp:Connect():207|Registering socket connection with identifier 0x8010a703 (2148574979), file descriptor 30.[EOL]
[2026-09-22T08:30:43.090592Z][RSH.newgen-reagentstoragehandler][N][2330477][141]CConnectionHandler.cpp:RegisterConnection():104|Socket added to epoll with identifier 0x8010a703 (2148574979), file descriptor 30.[EOL]
[2026-09-22T08:30:43.090602Z][RSH.newgen-reagentstoragehandler][N][2330476][141]CClientSocketChannel.cpp:InitializeConnection():401|Initialized socket buffer with identifier 0x8010a703 (2148574979), file descriptor 30.[EOL]
[2026-09-22T08:30:43.090634Z][RSH.newgen-reagentstoragehandler][N][2330473][141]CClientSocketChannel.cpp:Connect():196|Connecting to socket with identifier 0xca (202).[EOL]
[2026-09-22T08:30:43.090655Z][RSH.newgen-reagentstoragehandler][N][2330473][141]CClientSocketChannel.cpp:Connect():207|Registering socket connection with identifier 0xca (202), file descriptor 31.[EOL]
[2026-09-22T08:30:43.090665Z][RSH.newgen-reagentstoragehandler][N][2330477][141]CConnectionHandler.cpp:RegisterConnection():104|Socket added to epoll with identifier 0xca (202), file descriptor 31.[EOL]
[2026-09-22T08:30:43.090672Z][RSH.newgen-reagentstoragehandler][N][2330476][141]CClientSocketChannel.cpp:InitializeConnection():401|Initialized socket buffer with identifier 0xca (202), file descriptor 31.[EOL]
[2026-09-22T08:30:43.090683Z][RSH.newgen-reagentstoragehandler][N][2330473][141]CClientSocketChannel.cpp:Connect():196|Connecting to socket with identifier 0xcb (203).[EOL]
[2026-09-22T08:30:43.090722Z][RSH.newgen-reagentstoragehandler][N][2330473][141]CClientSocketChannel.cpp:Connect():207|Registering socket connection with identifier 0xcb (203), file descriptor 32.[EOL]
[2026-09-22T08:30:43.090736Z][RSH.newgen-reagentstoragehandler][N][2330477][141]CConnectionHandler.cpp:RegisterConnection():104|Socket added to epoll with identifier 0xcb (203), file descriptor 32.[EOL]
[2026-09-22T08:30:43.090750Z][RSH.newgen-reagentstoragehandler][N][2330476][141]CClientSocketChannel.cpp:InitializeConnection():401|Initialized socket buffer with identifier 0xcb (203), file descriptor 32.[EOL]
[2026-09-22T08:30:43.577472Z][RSH.newgen-reagentstoragehandler][N][0][141]CExecuteConnectCommandStep.cpp:HandleObservedReport():37|CConnectCommand was successful: Client connections established.[EOL]
[2026-09-22T08:30:43.577556Z][RSH.newgen-reagentstoragehandler][I][2330779][141]CMAMRetrieveDataStep.cpp:OnGetAllDataItems():62|Getting persistent Data Pool[EOL]
[2026-09-22T08:30:43.586151Z][RSH.rfidreader][W][2330306][133]CRTCyclicEvent.cpp:TimeMissed():101|Cycle miss in event CCSICombinedCmdManager Cyclic Event. Time Overrun is 8376 us[EOL]
[2026-09-22T08:30:43.586185Z][RSH.rfidreader][W][2330306][133]CRTCyclicEvent.cpp:TimeMissed():101|Cycle miss in event CCSICombinedRepManager. Time Overrun is 8376 us[EOL]
[2026-09-22T08:30:43.705836Z][RSH.newgen-reagentstoragehandler][W][2330306][141]CRTCyclicEvent.cpp:TimeMissed():101|Cycle miss in event CCSICombinedCmdManager Cyclic Event. Time Overrun is 2272 us[EOL]
[2026-09-22T08:30:43.705864Z][RSH.newgen-reagentstoragehandler][W][2330306][141]CRTCyclicEvent.cpp:TimeMissed():101|Cycle miss in event CCSICombinedRepManager. Time Overrun is 2272 us[EOL]
[2026-09-22T08:30:43.730758Z][RSH.rfidreader][I][1750104][133]CPrepareProcedure.cpp:SetParameter():34|Procedure ProcTypeId_Prepare (1750002) loaded. Parameters: No Parameters[EOL]
[2026-09-22T08:30:43.730426Z][RSH.newgen-reagentstoragehandler][I][0][141]CReagentStorageListener.cpp:PDOReceived():131|Received report bytes 0x0d 0x00 0x01 0x00 0xc9 0xd4 0x9e 0xf7[EOL]
[2026-09-22T08:30:43.730817Z][RSH.rfidreader][I][1750099][133]CPrepareProcedure.cpp:SetParameter():41|RFID Label Definition Path: /opt/roche/config//rfid-x800-var/DataConcept.xml[EOL]
[2026-09-22T08:30:43.734702Z][RSH.rfidreader][I][1750060][133]CPrepareProcedure.cpp:SetParameter():47|Parser: Initialized[EOL]
[2026-09-22T08:30:43.730602Z][RSH.newgen-reagentstoragehandler][I][0][141]CReagentStorageListener.cpp:PDOReceived():131|Received report bytes 0x0d 0x00 0x02 0x03 0xc9 0xd4 0x9e 0xf7[EOL]
[2026-09-22T08:30:43.731428Z][RSH.newgen-reagentstoragehandler][I][0][141]CReagentStorageListener.cpp:PDOReceived():131|Received report bytes 0x0d 0x00 0x04 0x00 0x01 0x02 0x03 0x98[EOL]
[2026-09-22T08:30:43.731448Z][RSH.newgen-reagentstoragehandler][I][3410070][141]CGetHWVersionStep.cpp:AnalyzeSpecificReportData():53|ServiceDoor: 0; Steuerschrank: 1; DataLogger: 2; Coolersystem: 3[EOL]
[2026-09-22T08:30:43.759516Z][RSH.newgen-reagentstoragehandler][I][0][141]CReagentStorageListener.cpp:PDOReceived():131|Received report bytes 0x0d 0x00 0x02 0x04 0xc9 0xd4 0x9e 0xf7[EOL]
[2026-09-22T08:30:43.759542Z][RSH.newgen-reagentstoragehandler][I][0][141]CReagentStorageListener.cpp:PDOReceived():131|Received report bytes 0x0d 0x00 0x03 0x00 0xc9 0xd4 0x9e 0xf7[EOL]
[2026-09-22T08:30:43.824239Z][RSH.newgen-reagentstoragehandler][W][2330306][141]CRTCyclicEvent.cpp:TimeMissed():101|Cycle miss in event CCSICombinedCmdManager Cyclic Event. Time Overrun is 673 us[EOL]
[2026-09-22T08:30:43.824305Z][RSH.newgen-reagentstoragehandler][W][2330306][141]CRTCyclicEvent.cpp:TimeMissed():101|Cycle miss in event CCSICombinedRepManager. Time Overrun is 673 us[EOL]
[2026-09-22T08:30:43.874323Z][RSH.newgen-reagentstoragehandler][I][0][141]CReagentStorageListener.cpp:PDOReceived():131|Received report bytes 0x0d 0x00 0x03 0x00 0xc9 0xd4 0x9e 0xf7[EOL]
[2026-09-22T08:30:43.881768Z][RSH.newgen-reagentstoragehandler][I][2330780][141]CMAMRetrieveDataStep.cpp:OnGetAllDataItems():75|Getting persistent Parameter Pool[EOL]
[2026-09-22T08:30:44.023762Z][RSH.newgen-reagentstoragehandler][I][0][141]CReagentStorageListener.cpp:PDOReceived():131|Received report bytes 0x0e 0x01 0x01 0x00 0xc9 0xd4 0x9e 0xf7[EOL]
[2026-09-22T08:30:43.823092Z][RSH.rfidreader][W][2330306][133]CRTCyclicEvent.cpp:TimeMissed():101|Cycle miss in event CCSICombinedCmdManager Cyclic Event. Time Overrun is 15316 us[EOL]
[2026-09-22T08:30:43.823180Z][RSH.rfidreader][W][2330306][133]CRTCyclicEvent.cpp:TimeMissed():101|Cycle miss in event CCSICombinedRepManager. Time Overrun is 15316 us[EOL]
[2026-09-22T08:30:43.941150Z][RSH.rfidreader][I][1750007][133]CASStateMachine.cpp:ReportStateChange():97|Module state has changed. New State: ModuleState_Preparing (1); Old State: ModuleState_InitialValue (0)[EOL]
[2026-09-22T08:30:44.247947Z][RSH.rfidreader][I][1750007][133]CASStateMachine.cpp:ReportStateChange():97|Module state has changed. New State: ModuleState_Prepared (2); Old State: ModuleState_Preparing (1)[EOL]
[2026-09-22T08:30:44.259279Z][RSH.rfidreader][W][2330306][133]CRTCyclicEvent.cpp:TimeMissed():101|Cycle miss in event CCSICombinedCmdManager Cyclic Event. Time Overrun is 1505 us[EOL]
[2026-09-22T08:30:44.259307Z][RSH.rfidreader][W][2330306][133]CRTCyclicEvent.cpp:TimeMissed():101|Cycle miss in event CCSICombinedRepManager. Time Overrun is 1505 us[EOL]
[2026-09-22T08:30:44.051422Z][RSH.newgen-reagentstoragehandler][I][0][141]CReagentStorageListener.cpp:PDOReceived():131|Received report bytes 0x0e 0x01 0x02 0x03 0xc9 0xd4 0x9e 0xf7[EOL]
[2026-09-22T08:30:44.051684Z][RSH.newgen-reagentstoragehandler][I][0][141]CReagentStorageListener.cpp:PDOReceived():131|Received report bytes 0x0e 0x01 0x04 0x00 0x01 0x02 0x03 0x98[EOL]
[2026-09-22T08:30:44.051700Z][RSH.newgen-reagentstoragehandler][I][3410071][141]CGetSWVersionStep.cpp:AnalyzeSpecificReportData():57|ReagentStorage- FW version: 0.01; DataLogger- version: 0.02; Motorcontroller- version: 0.03[EOL]
[2026-09-22T08:30:44.051772Z][RSH.newgen-reagentstoragehandler][I][0][141]CReagentStorageListener.cpp:PDOReceived():131|Received report bytes 0x0e 0x01 0x02 0x04 0xc9 0xd4 0x9e 0xf7[EOL]
[2026-09-22T08:30:44.051795Z][RSH.newgen-reagentstoragehandler][I][0][141]CReagentStorageListener.cpp:PDOReceived():131|Received report bytes 0x0e 0x01 0x03 0x00 0xc9 0xd4 0x9e 0xf7[EOL]
[2026-09-22T08:30:44.051881Z][RSH.newgen-reagentstoragehandler][I][2330781][141]CMAMRetrieveDataStep.cpp:OnGetAllDataItems():89|Retrieved all MAM data[EOL]
[2026-09-22T08:30:44.051902Z][RSH.newgen-reagentstoragehandler][I][0][141]CReagentStorageListener.cpp:PDOReceived():131|Received report bytes 0x0e 0x01 0x03 0x00 0xc9 0xd4 0x9e 0xf7[EOL]
[2026-09-22T08:30:44.052167Z][RSH.newgen-reagentstoragehandler][I][1009001][141]CConfigureOneMotorDeviceIntProcedure.cpp:SetParameter():147|MotionDevice 0[EOL]
[2026-09-22T08:30:44.278267Z][RSH.newgen-reagentstoragehandler][W][2330306][141]CRTCyclicEvent.cpp:TimeMissed():101|Cycle miss in event CCSICombinedCmdManager Cyclic Event. Time Overrun is 4703 us[EOL]
[2026-09-22T08:30:44.278294Z][RSH.newgen-reagentstoragehandler][W][2330306][141]CRTCyclicEvent.cpp:TimeMissed():101|Cycle miss in event CCSICombinedRepManager. Time Overrun is 4703 us[EOL]
[2026-09-22T08:30:44.336821Z][RSH.newgen-reagentstoragehandler][I][0][141]CReagentStorageListener.cpp:PDOReceived():131|Received report bytes 0xcb 0x02 0x03 0x00 0x00 0x00 0x00 0x00[EOL]
[2026-09-22T08:30:44.336919Z][RSH.newgen-reagentstoragehandler][N][3410068][141]CCheckAndWriteZPositionStep.cpp:AnalyzeSpecificReportData():112|Z-Position differences of nbr 16 with received value: 0[EOL]
[2026-09-22T08:30:44.523007Z][RSH.newgen-reagentstoragehandler][I][0][141]CReagentStorageListener.cpp:PDOReceived():131|Received report bytes 0xcc 0x03 0x03 0x00 0x00 0x00 0x00 0x00[EOL]
[2026-09-22T08:30:44.627555Z][RSH.newgen-reagentstoragehandler][I][0][141]CReagentStorageListener.cpp:PDOReceived():131|Received report bytes 0xcb 0x04 0x03 0x00 0x00 0x00 0x00 0x00[EOL]
[2026-09-22T08:30:44.627588Z][RSH.newgen-reagentstoragehandler][N][3410068][141]CCheckAndWriteZPositionStep.cpp:AnalyzeSpecificReportData():112|Z-Position differences of nbr 17 with received value: 0[EOL]
[2026-09-22T08:30:44.671146Z][RSH.newgen-reagentstoragehandler][I][0][141]CReagentStorageListener.cpp:PDOReceived():131|Received report bytes 0xcc 0x05 0x03 0x00 0x00 0x00 0x00 0x00[EOL]
[2026-09-22T08:30:44.764946Z][RSH.newgen-reagentstoragehandler][I][0][141]CReagentStorageListener.cpp:PDOReceived():131|Received report bytes 0xcb 0x06 0x03 0x00 0x00 0x00 0x00 0x00[EOL]
[2026-09-22T08:30:44.764981Z][RSH.newgen-reagentstoragehandler][N][3410068][141]CCheckAndWriteZPositionStep.cpp:AnalyzeSpecificReportData():112|Z-Position differences of nbr 18 with received value: 0[EOL]
[2026-09-22T08:30:44.845990Z][RSH.newgen-reagentstoragehandler][I][0][141]CReagentStorageListener.cpp:PDOReceived():131|Received report bytes 0xcc 0x07 0x03 0x00 0x00 0x00 0x00 0x00[EOL]
[2026-09-22T08:30:44.853672Z][RSH.newgen-reagentstoragehandler][W][2330306][141]CRTCyclicEvent.cpp:TimeMissed():101|Cycle miss in event CCSICombinedCmdManager Cyclic Event. Time Overrun is 108 us[EOL]
[2026-09-22T08:30:44.853704Z][RSH.newgen-reagentstoragehandler][W][2330306][141]CRTCyclicEvent.cpp:TimeMissed():101|Cycle miss in event CCSICombinedRepManager. Time Overrun is 108 us[EOL]
[2026-09-22T08:30:44.876980Z][RSH.newgen-reagentstoragehandler][I][0][141]CReagentStorageListener.cpp:PDOReceived():131|Received report bytes 0xcb 0x08 0x03 0x00 0x00 0x00 0x00 0x00[EOL]
[2026-09-22T08:30:44.877533Z][RSH.newgen-reagentstoragehandler][N][3410068][141]CCheckAndWriteZPositionStep.cpp:AnalyzeSpecificReportData():112|Z-Position differences of nbr 20 with received value: 0[EOL]
[2026-09-22T08:30:44.886873Z][RSH.newgen-reagentstoragehandler][I][0][141]CReagentStorageListener.cpp:PDOReceived():131|Received report bytes 0xcc 0x09 0x03 0x00 0x00 0x00 0x00 0x00[EOL]
[2026-09-22T08:30:44.924506Z][RSH.newgen-reagentstoragehandler][I][0][141]CReagentStorageListener.cpp:PDOReceived():131|Received report bytes 0xcb 0x0a 0x03 0x00 0x00 0x00 0x00 0x00[EOL]
[2026-09-22T08:30:44.924564Z][RSH.newgen-reagentstoragehandler][N][3410068][141]CCheckAndWriteZPositionStep.cpp:AnalyzeSpecificReportData():112|Z-Position differences of nbr 21 with received value: 0[EOL]
[2026-09-22T08:30:44.961986Z][RSH.newgen-reagentstoragehandler][I][0][141]CReagentStorageListener.cpp:PDOReceived():131|Received report bytes 0xcc 0x0b 0x03 0x00 0x00 0x00 0x00 0x00[EOL]
[2026-09-22T08:30:44.988651Z][RSH.newgen-reagentstoragehandler][I][1009050][141]CGetSingleBitInputStateStep.cpp:ReportReceived():117|The received signal level is SignalLevel_H_L_Enum_Low (0)[EOL]
[2026-09-22T08:30:44.988751Z][RSH.newgen-reagentstoragehandler][I][0][141]CReagentStorageListener.cpp:PDOReceived():131|Received report bytes 0xcb 0x0c 0x03 0x00 0x00 0x00 0x00 0x00[EOL]
[2026-09-22T08:30:44.988776Z][RSH.newgen-reagentstoragehandler][N][3410068][141]CCheckAndWriteZPositionStep.cpp:AnalyzeSpecificReportData():112|Z-Position differences of nbr 22 with received value: 0[EOL]
[2026-09-22T08:30:45.028553Z][RSH.newgen-reagentstoragehandler][I][0][141]CReagentStorageListener.cpp:PDOReceived():131|Received report bytes 0xcc 0x0d 0x03 0x00 0x00 0x00 0x00 0x00[EOL]
[2026-09-22T08:30:45.028702Z][RSH.newgen-reagentstoragehandler][I][1009050][141]CGetSingleBitInputStateStep.cpp:ReportReceived():117|The received signal level is SignalLevel_H_L_Enum_Low (0)[EOL]
[2026-09-22T08:30:45.057576Z][RSH.newgen-reagentstoragehandler][I][0][141]CReagentStorageListener.cpp:PDOReceived():131|Received report bytes 0xcb 0x0e 0x03 0x00 0x00 0x00 0x00 0x00[EOL]
[2026-09-22T08:30:45.057635Z][RSH.newgen-reagentstoragehandler][N][3410068][141]CCheckAndWriteZPositionStep.cpp:AnalyzeSpecificReportData():112|Z-Position differences of nbr 23 with received value: 0[EOL]
[2026-09-22T08:30:45.057743Z][RSH.newgen-reagentstoragehandler][I][1009050][141]CGetSingleBitInputStateStep.cpp:ReportReceived():117|The received signal level is SignalLevel_H_L_Enum_Low (0)[EOL]
[2026-09-22T08:30:45.082237Z][RSH.newgen-reagentstoragehandler][I][1009050][141]CGetSingleBitInputStateStep.cpp:ReportReceived():117|The received signal level is SignalLevel_H_L_Enum_Low (0)[EOL]
[2026-09-22T08:30:45.082554Z][RSH.newgen-reagentstoragehandler][I][0][141]CReagentStorageListener.cpp:PDOReceived():131|Received report bytes 0xcc 0x0f 0x03 0x00 0x00 0x00 0x00 0x00[EOL]
[2026-09-22T08:30:45.112064Z][RSH.newgen-reagentstoragehandler][I][0][141]CReagentStorageListener.cpp:PDOReceived():131|Received report bytes 0xcd 0x10 0x03 0x00 0x00 0x00 0x00 0x50[EOL]
[2026-09-22T08:30:45.112482Z][RSH.newgen-reagentstoragehandler][N][3410037][141]CSetErrorThresholdStep.cpp:PrintThresholdCmd():89|Data: 0xd0 0x11 0x0 0xf4 0x1 0x0 0x0 0x0[EOL]
[2026-09-22T08:30:45.156184Z][RSH.newgen-reagentstoragehandler][I][0][141]CReagentStorageListener.cpp:PDOReceived():131|Received report bytes 0x64 0x00 0x00 0x0a 0xdd 0x1e 0x00 0x00[EOL]
[2026-09-22T08:30:45.156205Z][RSH.newgen-reagentstoragehandler][I][0][141]CReagentStorageListener.cpp:handleCoolerReportEvent():221|Received temperature report: temperature Kelvin: 278.100000, humidity: 30[EOL]
[2026-09-22T08:30:45.156209Z][RSH.newgen-reagentstoragehandler][I][0][141]CReagentStorageListener.cpp:EvaluateTemperatureState():278|CReagentStorageListener::EvaluateTemperatureState -- temperatureCelsius = 4.950000[EOL]
[2026-09-22T08:30:45.156212Z][RSH.newgen-reagentstoragehandler][I][0][141]CReagentStorageListener.cpp:EvaluateTemperatureState():288|return EReagentStorageTemperatureState::ReagentStorageTemperatureState_Refrigerated[EOL]
[2026-09-22T08:30:45.156215Z][RSH.newgen-reagentstoragehandler][I][0][141]CReagentStorageListener.cpp:UpdateAndNotifyStorageTemperatureState():315|Evaluated reagentTemperatureState = ReagentStorageTemperatureState_Refrigerated (2)[EOL]
[2026-09-22T08:30:45.156409Z][RSH.newgen-reagentstoragehandler][I][844444436][141]UnitCommunicator.cpp:SendEvent():424|Publishing event: type=Roche.c68_8800.ReagentStorageHandler.ReagentStorageConditionChanged correlation_id=(n/a)[EOL]
[2026-09-22T08:30:45.156468Z][RSH.newgen-reagentstoragehandler][I][2560017][141]MessageSender.h:SendEvent():105|Sent RabbitMqEvent Roche.c68_8800.ReagentStorageHandler.ReagentStorageConditionChanged. Content: {"Timestamp":"2026-09-22T08:30:45.156390Z","TraceContext":"00-304c0532bf43496885e27bdd288ae7a9-687e80d4161b0c43-01","TemperatureState":"RefrigeratedTemperature","Temperature":{"Unit":"C","Amount":4.9500000000000455},"IsHumidityInRange":true,"Humidity":30}[EOL]
[2026-09-22T08:30:45.156535Z][RSH.newgen-reagentstoragehandler][I][0][141]CReagentStorageListener.cpp:PDOReceived():131|Received report bytes 0xd0 0x11 0x03 0x00 0x00 0x00 0x00 0x50[EOL]
[2026-09-22T08:30:45.156563Z][RSH.newgen-reagentstoragehandler][N][3410037][141]CSetErrorThresholdStep.cpp:PrintThresholdCmd():89|Data: 0xd0 0x12 0x1 0x90 0x1 0x0 0x0 0x0[EOL]
[2026-09-22T08:30:45.229565Z][RSH.newgen-reagentstoragehandler][I][0][141]CReagentStorageListener.cpp:PDOReceived():131|Received report bytes 0x64 0x00 0x00 0x0a 0xdd 0x1e 0x00 0x00[EOL]
[2026-09-22T08:30:45.229596Z][RSH.newgen-reagentstoragehandler][I][0][141]CReagentStorageListener.cpp:handleCoolerReportEvent():221|Received temperature report: temperature Kelvin: 278.100000, humidity: 30[EOL]
[2026-09-22T08:30:45.229601Z][RSH.newgen-reagentstoragehandler][I][0][141]CReagentStorageListener.cpp:EvaluateTemperatureState():278|CReagentStorageListener::EvaluateTemperatureState -- temperatureCelsius = 4.950000[EOL]
[2026-09-22T08:30:45.229602Z][RSH.newgen-reagentstoragehandler][I][0][141]CReagentStorageListener.cpp:EvaluateTemperatureState():288|return EReagentStorageTemperatureState::ReagentStorageTemperatureState_Refrigerated[EOL]
[2026-09-22T08:30:45.229607Z][RSH.newgen-reagentstoragehandler][I][0][141]CReagentStorageListener.cpp:UpdateAndNotifyStorageTemperatureState():315|Evaluated reagentTemperatureState = ReagentStorageTemperatureState_Refrigerated (2)[EOL]
[2026-09-22T08:30:45.229642Z][RSH.newgen-reagentstoragehandler][I][0][141]CReagentStorageListener.cpp:PDOReceived():131|Received report bytes 0xd0 0x12 0x03 0x00 0x00 0x00 0x00 0x50[EOL]
[2026-09-22T08:30:45.229668Z][RSH.newgen-reagentstoragehandler][N][3410037][141]CSetErrorThresholdStep.cpp:PrintThresholdCmd():89|Data: 0xd0 0x13 0x2 0x14 0x0 0x0 0x0 0x0[EOL]
[2026-09-22T08:30:45.276556Z][RSH.newgen-reagentstoragehandler][W][2330306][141]CRTCyclicEvent.cpp:TimeMissed():101|Cycle miss in event CCSICombinedCmdManager Cyclic Event. Time Overrun is 2989 us[EOL]
[2026-09-22T08:30:45.276585Z][RSH.newgen-reagentstoragehandler][W][2330306][141]CRTCyclicEvent.cpp:TimeMissed():101|Cycle miss in event CCSICombinedRepManager. Time Overrun is 2989 us[EOL]
[2026-09-22T08:30:45.279478Z][RSH.newgen-reagentstoragehandler][I][0][141]CReagentStorageListener.cpp:PDOReceived():131|Received report bytes 0x64 0x00 0x00 0x0a 0xdd 0x1e 0x00 0x00[EOL]
[2026-09-22T08:30:45.279495Z][RSH.newgen-reagentstoragehandler][I][0][141]CReagentStorageListener.cpp:handleCoolerReportEvent():221|Received temperature report: temperature Kelvin: 278.100000, humidity: 30[EOL]
[2026-09-22T08:30:45.279499Z][RSH.newgen-reagentstoragehandler][I][0][141]CReagentStorageListener.cpp:EvaluateTemperatureState():278|CReagentStorageListener::EvaluateTemperatureState -- temperatureCelsius = 4.950000[EOL]
[2026-09-22T08:30:45.279501Z][RSH.newgen-reagentstoragehandler][I][0][141]CReagentStorageListener.cpp:EvaluateTemperatureState():288|return EReagentStorageTemperatureState::ReagentStorageTemperatureState_Refrigerated[EOL]
[2026-09-22T08:30:45.279505Z][RSH.newgen-reagentstoragehandler][I][0][141]CReagentStorageListener.cpp:UpdateAndNotifyStorageTemperatureState():315|Evaluated reagentTemperatureState = ReagentStorageTemperatureState_Refrigerated (2)[EOL]
[2026-09-22T08:30:45.279526Z][RSH.newgen-reagentstoragehandler][I][0][141]CReagentStorageListener.cpp:PDOReceived():131|Received report bytes 0xd0 0x13 0x03 0x00 0x00 0x00 0x00 0x50[EOL]
[2026-09-22T08:30:45.279556Z][RSH.newgen-reagentstoragehandler][N][3410037][141]CSetErrorThresholdStep.cpp:PrintThresholdCmd():89|Data: 0xd0 0x14 0x3 0x50 0x0 0x0 0x0 0x0[EOL]
[2026-09-22T08:30:45.282198Z][RSH.newgen-reagentstoragehandler][I][0][141]CReagentStorageListener.cpp:PDOReceived():131|Received report bytes 0x64 0x00 0x00 0x0a 0xdd 0x1e 0x00 0x00[EOL]
[2026-09-22T08:30:45.282266Z][RSH.newgen-reagentstoragehandler][I][0][141]CReagentStorageListener.cpp:handleCoolerReportEvent():221|Received temperature report: temperature Kelvin: 278.100000, humidity: 30[EOL]
[2026-09-22T08:30:45.282279Z][RSH.newgen-reagentstoragehandler][I][0][141]CReagentStorageListener.cpp:EvaluateTemperatureState():278|CReagentStorageListener::EvaluateTemperatureState -- temperatureCelsius = 4.950000[EOL]
[2026-09-22T08:30:45.282283Z][RSH.newgen-reagentstoragehandler][I][0][141]CReagentStorageListener.cpp:EvaluateTemperatureState():288|return EReagentStorageTemperatureState::ReagentStorageTemperatureState_Refrigerated[EOL]
[2026-09-22T08:30:45.282288Z][RSH.newgen-reagentstoragehandler][I][0][141]CReagentStorageListener.cpp:UpdateAndNotifyStorageTemperatureState():315|Evaluated reagentTemperatureState = ReagentStorageTemperatureState_Refrigerated (2)[EOL]
[2026-09-22T08:30:45.283885Z][RSH.newgen-reagentstoragehandler][I][0][141]CReagentStorageListener.cpp:PDOReceived():131|Received report bytes 0xd0 0x14 0x03 0x00 0x00 0x00 0x00 0x50[EOL]
[2026-09-22T08:30:45.283967Z][RSH.newgen-reagentstoragehandler][N][3410037][141]CSetErrorThresholdStep.cpp:PrintThresholdCmd():89|Data: 0xd0 0x15 0x4 0xfa 0x0 0x0 0x0 0x0[EOL]
[2026-09-22T08:30:45.328702Z][RSH.newgen-reagentstoragehandler][I][0][141]CReagentStorageListener.cpp:PDOReceived():131|Received report bytes 0x64 0x00 0x00 0x0a 0xdd 0x1e 0x00 0x00[EOL]
[2026-09-22T08:30:45.328752Z][RSH.newgen-reagentstoragehandler][I][0][141]CReagentStorageListener.cpp:handleCoolerReportEvent():221|Received temperature report: temperature Kelvin: 278.100000, humidity: 30[EOL]
[2026-09-22T08:30:45.328758Z][RSH.newgen-reagentstoragehandler][I][0][141]CReagentStorageListener.cpp:EvaluateTemperatureState():278|CReagentStorageListener::EvaluateTemperatureState -- temperatureCelsius = 4.950000[EOL]
[2026-09-22T08:30:45.328761Z][RSH.newgen-reagentstoragehandler][I][0][141]CReagentStorageListener.cpp:EvaluateTemperatureState():288|return EReagentStorageTemperatureState::ReagentStorageTemperatureState_Refrigerated[EOL]
[2026-09-22T08:30:45.328765Z][RSH.newgen-reagentstoragehandler][I][0][141]CReagentStorageListener.cpp:UpdateAndNotifyStorageTemperatureState():315|Evaluated reagentTemperatureState = ReagentStorageTemperatureState_Refrigerated (2)[EOL]
[2026-09-22T08:30:45.328794Z][RSH.newgen-reagentstoragehandler][I][0][141]CReagentStorageListener.cpp:PDOReceived():131|Received report bytes 0xd0 0x15 0x03 0x00 0x00 0x00 0x00 0x50[EOL]
[2026-09-22T08:30:45.328824Z][RSH.newgen-reagentstoragehandler][N][3410037][141]CSetErrorThresholdStep.cpp:PrintThresholdCmd():89|Data: 0xd0 0x16 0x5 0x14 0x0 0x0 0x0 0x0[EOL]
[2026-09-22T08:30:45.371163Z][RSH.newgen-reagentstoragehandler][I][0][141]CReagentStorageListener.cpp:PDOReceived():131|Received report bytes 0x64 0x00 0x00 0x0a 0xdd 0x1e 0x00 0x00[EOL]
[2026-09-22T08:30:45.371190Z][RSH.newgen-reagentstoragehandler][I][0][141]CReagentStorageListener.cpp:handleCoolerReportEvent():221|Received temperature report: temperature Kelvin: 278.100000, humidity: 30[EOL]
[2026-09-22T08:30:45.371197Z][RSH.newgen-reagentstoragehandler][I][0][141]CReagentStorageListener.cpp:EvaluateTemperatureState():278|CReagentStorageListener::EvaluateTemperatureState -- temperatureCelsius = 4.950000[EOL]
[2026-09-22T08:30:45.371201Z][RSH.newgen-reagentstoragehandler][I][0][141]CReagentStorageListener.cpp:EvaluateTemperatureState():288|return EReagentStorageTemperatureState::ReagentStorageTemperatureState_Refrigerated[EOL]
[2026-09-22T08:30:45.371206Z][RSH.newgen-reagentstoragehandler][I][0][141]CReagentStorageListener.cpp:UpdateAndNotifyStorageTemperatureState():315|Evaluated reagentTemperatureState = ReagentStorageTemperatureState_Refrigerated (2)[EOL]
[2026-09-22T08:30:45.371240Z][RSH.newgen-reagentstoragehandler][I][0][141]CReagentStorageListener.cpp:PDOReceived():131|Received report bytes 0xd0 0x16 0x03 0x00 0x00 0x00 0x00 0x50[EOL]
[2026-09-22T08:30:45.371405Z][RSH.newgen-reagentstoragehandler][N][3410037][141]CSetErrorThresholdStep.cpp:PrintThresholdCmd():89|Data: 0xd0 0x17 0x6 0xa 0x0 0x0 0x0 0x0[EOL]
[2026-09-22T08:30:45.390550Z][RSH.newgen-reagentstoragehandler][I][0][141]CReagentStorageListener.cpp:PDOReceived():131|Received report bytes 0x64 0x00 0x00 0x0a 0xdd 0x1e 0x00 0x00[EOL]
[2026-09-22T08:30:45.390581Z][RSH.newgen-reagentstoragehandler][I][0][141]CReagentStorageListener.cpp:handleCoolerReportEvent():221|Received temperature report: temperature Kelvin: 278.100000, humidity: 30[EOL]
[2026-09-22T08:30:45.390588Z][RSH.newgen-reagentstoragehandler][I][0][141]CReagentStorageListener.cpp:EvaluateTemperatureState():278|CReagentStorageListener::EvaluateTemperatureState -- temperatureCelsius = 4.950000[EOL]
[2026-09-22T08:30:45.390591Z][RSH.newgen-reagentstoragehandler][I][0][141]CReagentStorageListener.cpp:EvaluateTemperatureState():288|return EReagentStorageTemperatureState::ReagentStorageTemperatureState_Refrigerated[EOL]
[2026-09-22T08:30:45.390597Z][RSH.newgen-reagentstoragehandler][I][0][141]CReagentStorageListener.cpp:UpdateAndNotifyStorageTemperatureState():315|Evaluated reagentTemperatureState = ReagentStorageTemperatureState_Refrigerated (2)[EOL]
[2026-09-22T08:30:45.390621Z][RSH.newgen-reagentstoragehandler][I][0][141]CReagentStorageListener.cpp:PDOReceived():131|Received report bytes 0xd0 0x17 0x03 0x00 0x00 0x00 0x00 0x50[EOL]
[2026-09-22T08:30:45.390657Z][RSH.newgen-reagentstoragehandler][N][3410037][141]CSetErrorThresholdStep.cpp:PrintThresholdCmd():89|Data: 0xd0 0x18 0x7 0x64 0x0 0x0 0x0 0x0[EOL]
[2026-09-22T08:30:45.405882Z][RSH.newgen-reagentstoragehandler][I][0][141]CReagentStorageListener.cpp:PDOReceived():131|Received report bytes 0x64 0x00 0x00 0x0a 0xdd 0x1e 0x00 0x00[EOL]
[2026-09-22T08:30:45.405904Z][RSH.newgen-reagentstoragehandler][I][0][141]CReagentStorageListener.cpp:handleCoolerReportEvent():221|Received temperature report: temperature Kelvin: 278.100000, humidity: 30[EOL]
[2026-09-22T08:30:45.405909Z][RSH.newgen-reagentstoragehandler][I][0][141]CReagentStorageListener.cpp:EvaluateTemperatureState():278|CReagentStorageListener::EvaluateTemperatureState -- temperatureCelsius = 4.950000[EOL]
[2026-09-22T08:30:45.405912Z][RSH.newgen-reagentstoragehandler][I][0][141]CReagentStorageListener.cpp:EvaluateTemperatureState():288|return EReagentStorageTemperatureState::ReagentStorageTemperatureState_Refrigerated[EOL]
[2026-09-22T08:30:45.405916Z][RSH.newgen-reagentstoragehandler][I][0][141]CReagentStorageListener.cpp:UpdateAndNotifyStorageTemperatureState():315|Evaluated reagentTemperatureState = ReagentStorageTemperatureState_Refrigerated (2)[EOL]
[2026-09-22T08:30:45.408794Z][RSH.newgen-reagentstoragehandler][I][0][141]CReagentStorageListener.cpp:PDOReceived():131|Received report bytes 0xd0 0x18 0x03 0x00 0x00 0x00 0x00 0x50[EOL]
[2026-09-22T08:30:45.409018Z][RSH.newgen-reagentstoragehandler][N][3410037][141]CSetErrorThresholdStep.cpp:PrintThresholdCmd():89|Data: 0xd0 0x19 0x8 0x46 0x0 0x0 0x0 0x0[EOL]
[2026-09-22T08:30:45.440073Z][RSH.newgen-reagentstoragehandler][I][0][141]CReagentStorageListener.cpp:PDOReceived():131|Received report bytes 0x64 0x00 0x00 0x0a 0xdd 0x1e 0x00 0x00[EOL]
[2026-09-22T08:30:45.440092Z][RSH.newgen-reagentstoragehandler][I][0][141]CReagentStorageListener.cpp:handleCoolerReportEvent():221|Received temperature report: temperature Kelvin: 278.100000, humidity: 30[EOL]
[2026-09-22T08:30:45.440097Z][RSH.newgen-reagentstoragehandler][I][0][141]CReagentStorageListener.cpp:EvaluateTemperatureState():278|CReagentStorageListener::EvaluateTemperatureState -- temperatureCelsius = 4.950000[EOL]
[2026-09-22T08:30:45.440099Z][RSH.newgen-reagentstoragehandler][I][0][141]CReagentStorageListener.cpp:EvaluateTemperatureState():288|return EReagentStorageTemperatureState::ReagentStorageTemperatureState_Refrigerated[EOL]
[2026-09-22T08:30:45.440103Z][RSH.newgen-reagentstoragehandler][I][0][141]CReagentStorageListener.cpp:UpdateAndNotifyStorageTemperatureState():315|Evaluated reagentTemperatureState = ReagentStorageTemperatureState_Refrigerated (2)[EOL]
[2026-09-22T08:30:45.440168Z][RSH.newgen-reagentstoragehandler][I][0][141]CReagentStorageListener.cpp:PDOReceived():131|Received report bytes 0xd0 0x19 0x03 0x00 0x00 0x00 0x00 0x50[EOL]
[2026-09-22T08:30:45.440206Z][RSH.newgen-reagentstoragehandler][N][3410037][141]CSetErrorThresholdStep.cpp:PrintThresholdCmd():89|Data: 0xd0 0x1a 0x9 0x30 0x0 0x0 0x0 0x0[EOL]
[2026-09-22T08:30:45.467382Z][RSH.newgen-reagentstoragehandler][I][0][141]CReagentStorageListener.cpp:PDOReceived():131|Received report bytes 0x64 0x00 0x00 0x0a 0xdd 0x1e 0x00 0x00[EOL]
[2026-09-22T08:30:45.467405Z][RSH.newgen-reagentstoragehandler][I][0][141]CReagentStorageListener.cpp:handleCoolerReportEvent():221|Received temperature report: temperature Kelvin: 278.100000, humidity: 30[EOL]
[2026-09-22T08:30:45.467411Z][RSH.newgen-reagentstoragehandler][I][0][141]CReagentStorageListener.cpp:EvaluateTemperatureState():278|CReagentStorageListener::EvaluateTemperatureState -- temperatureCelsius = 4.950000[EOL]
[2026-09-22T08:30:45.467414Z][RSH.newgen-reagentstoragehandler][I][0][141]CReagentStorageListener.cpp:EvaluateTemperatureState():288|return EReagentStorageTemperatureState::ReagentStorageTemperatureState_Refrigerated[EOL]
[2026-09-22T08:30:45.467419Z][RSH.newgen-reagentstoragehandler][I][0][141]CReagentStorageListener.cpp:UpdateAndNotifyStorageTemperatureState():315|Evaluated reagentTemperatureState = ReagentStorageTemperatureState_Refrigerated (2)[EOL]
[2026-09-22T08:30:45.468129Z][RSH.newgen-reagentstoragehandler][I][0][141]CReagentStorageListener.cpp:PDOReceived():131|Received report bytes 0xd0 0x1a 0x03 0x00 0x00 0x00 0x00 0x50[EOL]
[2026-09-22T08:30:45.468179Z][RSH.newgen-reagentstoragehandler][N][3410037][141]CSetErrorThresholdStep.cpp:PrintThresholdCmd():89|Data: 0xd0 0x1b 0xa 0x5 0x0 0x0 0x0 0x0[EOL]
[2026-09-22T08:30:45.478763Z][RSH.newgen-reagentstoragehandler][I][0][141]CReagentStorageListener.cpp:PDOReceived():131|Received report bytes 0x64 0x00 0x00 0x0a 0xdd 0x1e 0x00 0x00[EOL]
[2026-09-22T08:30:45.478783Z][RSH.newgen-reagentstoragehandler][I][0][141]CReagentStorageListener.cpp:handleCoolerReportEvent():221|Received temperature report: temperature Kelvin: 278.100000, humidity: 30[EOL]
[2026-09-22T08:30:45.478788Z][RSH.newgen-reagentstoragehandler][I][0][141]CReagentStorageListener.cpp:EvaluateTemperatureState():278|CReagentStorageListener::EvaluateTemperatureState -- temperatureCelsius = 4.950000[EOL]
[2026-09-22T08:30:45.478792Z][RSH.newgen-reagentstoragehandler][I][0][141]CReagentStorageListener.cpp:EvaluateTemperatureState():288|return EReagentStorageTemperatureState::ReagentStorageTemperatureState_Refrigerated[EOL]
[2026-09-22T08:30:45.478797Z][RSH.newgen-reagentstoragehandler][I][0][141]CReagentStorageListener.cpp:UpdateAndNotifyStorageTemperatureState():315|Evaluated reagentTemperatureState = ReagentStorageTemperatureState_Refrigerated (2)[EOL]
[2026-09-22T08:30:45.478824Z][RSH.newgen-reagentstoragehandler][I][0][141]CReagentStorageListener.cpp:PDOReceived():131|Received report bytes 0xd0 0x1b 0x03 0x00 0x00 0x00 0x00 0x50[EOL]
[2026-09-22T08:30:45.527614Z][RSH.newgen-reagentstoragehandler][I][0][141]CReagentStorageListener.cpp:PDOReceived():131|Received report bytes 0xcb 0x1c 0x03 0x00 0x00 0x00 0x00 0x00[EOL]
[2026-09-22T08:30:45.554677Z][RSH.newgen-reagentstoragehandler][I][0][141]CReagentStorageListener.cpp:PDOReceived():131|Received report bytes 0xcb 0x1d 0x03 0x00 0x00 0x00 0x00 0x00[EOL]
[2026-09-22T08:30:45.568818Z][RSH.newgen-reagentstoragehandler][I][0][141]CReagentStorageListener.cpp:PDOReceived():131|Received report bytes 0xcb 0x1e 0x03 0x00 0x00 0x00 0x00 0x00[EOL]
[2026-09-22T08:30:45.604022Z][RSH.newgen-reagentstoragehandler][I][0][141]CReagentStorageListener.cpp:PDOReceived():131|Received report bytes 0xcb 0x1f 0x03 0x00 0x00 0x00 0x00 0x00[EOL]
[2026-09-22T08:30:45.628719Z][RSH.rfidreader][W][2330306][133]CRTCyclicEvent.cpp:TimeMissed():101|Cycle miss in event CCSICombinedCmdManager Cyclic Event. Time Overrun is 944 us[EOL]
[2026-09-22T08:30:45.628758Z][RSH.rfidreader][W][2330306][133]CRTCyclicEvent.cpp:TimeMissed():101|Cycle miss in event CCSICombinedRepManager. Time Overrun is 944 us[EOL]
[2026-09-22T08:30:45.629810Z][RSH.newgen-reagentstoragehandler][I][0][141]CReagentStorageListener.cpp:PDOReceived():131|Received report bytes 0xcb 0x20 0x03 0x00 0x00 0x00 0x00 0x00[EOL]
[2026-09-22T08:30:45.647422Z][RSH.newgen-reagentstoragehandler][I][0][141]CReagentStorageListener.cpp:PDOReceived():131|Received report bytes 0xcb 0x21 0x03 0x00 0x00 0x00 0x00 0x00[EOL]
[2026-09-22T08:30:45.712451Z][RSH.newgen-reagentstoragehandler][I][0][141]CReagentStorageListener.cpp:PDOReceived():131|Received report bytes 0xcb 0x22 0x03 0x00 0x00 0x00 0x00 0x00[EOL]
[2026-09-22T08:30:45.731545Z][RSH.newgen-reagentstoragehandler][I][0][141]CReagentStorageListener.cpp:PDOReceived():131|Received report bytes 0xcb 0x23 0x03 0x00 0x00 0x00 0x00 0x00[EOL]
[2026-09-22T08:30:45.740005Z][RSH.newgen-reagentstoragehandler][I][0][141]CReagentStorageListener.cpp:PDOReceived():131|Received report bytes 0xcb 0x24 0x03 0x00 0x00 0x00 0x00 0x00[EOL]
[2026-09-22T08:30:45.753728Z][RSH.newgen-reagentstoragehandler][I][0][141]CReagentStorageListener.cpp:PDOReceived():131|Received report bytes 0xcb 0x25 0x03 0x00 0x00 0x00 0x00 0x00[EOL]
[2026-09-22T08:30:45.759762Z][RSH.newgen-reagentstoragehandler][I][0][141]CReagentStorageListener.cpp:PDOReceived():131|Received report bytes 0xcb 0x26 0x03 0x00 0x00 0x00 0x00 0x00[EOL]
[2026-09-22T08:30:45.770485Z][RSH.newgen-reagentstoragehandler][I][0][141]CReagentStorageListener.cpp:PDOReceived():131|Received report bytes 0xcb 0x27 0x03 0x00 0x00 0x00 0x00 0x00[EOL]
[2026-09-22T08:30:45.802690Z][RSH.newgen-reagentstoragehandler][I][0][141]CReagentStorageListener.cpp:PDOReceived():131|Received report bytes 0xcb 0x28 0x03 0x00 0x00 0x00 0x00 0x00[EOL]
[2026-09-22T08:30:45.850813Z][RSH.newgen-reagentstoragehandler][I][0][141]CReagentStorageListener.cpp:PDOReceived():131|Received report bytes 0xcb 0x29 0x03 0x00 0x00 0x00 0x00 0x00[EOL]
[2026-09-22T08:30:45.869012Z][RSH.newgen-reagentstoragehandler][I][0][141]CReagentStorageListener.cpp:PDOReceived():131|Received report bytes 0xcb 0x2a 0x03 0x00 0x00 0x00 0x00 0x00[EOL]
[2026-09-22T08:30:45.884725Z][RSH.newgen-reagentstoragehandler][I][0][141]CReagentStorageListener.cpp:PDOReceived():131|Received report bytes 0xcb 0x2b 0x03 0x00 0x00 0x00 0x00 0x00[EOL]
[2026-09-22T08:30:45.896950Z][RSH.newgen-reagentstoragehandler][I][0][141]CReagentStorageListener.cpp:PDOReceived():131|Received report bytes 0xcb 0x2c 0x03 0x00 0x00 0x00 0x00 0x00[EOL]
[2026-09-22T08:30:45.911357Z][RSH.newgen-reagentstoragehandler][I][0][141]CReagentStorageListener.cpp:PDOReceived():131|Received report bytes 0xcb 0x2d 0x03 0x00 0x00 0x00 0x00 0x00[EOL]
[2026-09-22T08:30:45.916441Z][RSH.newgen-reagentstoragehandler][I][0][141]CReagentStorageListener.cpp:PDOReceived():131|Received report bytes 0xcb 0x2e 0x03 0x00 0x00 0x00 0x00 0x00[EOL]
[2026-09-22T08:30:45.922833Z][RSH.newgen-reagentstoragehandler][I][0][141]CReagentStorageListener.cpp:PDOReceived():131|Received report bytes 0xcb 0x2f 0x03 0x00 0x00 0x00 0x00 0x00[EOL]
[2026-09-22T08:30:45.971553Z][RSH.newgen-reagentstoragehandler][I][0][141]CReagentStorageListener.cpp:PDOReceived():131|Received report bytes 0xcb 0x30 0x03 0x00 0x00 0x00 0x00 0x00[EOL]
[2026-09-22T08:30:45.976722Z][RSH.newgen-reagentstoragehandler][I][0][141]CReagentStorageListener.cpp:PDOReceived():131|Received report bytes 0xcb 0x31 0x03 0x00 0x00 0x00 0x00 0x00[EOL]
[2026-09-22T08:30:45.992864Z][RSH.newgen-reagentstoragehandler][I][0][141]CReagentStorageListener.cpp:PDOReceived():131|Received report bytes 0xcb 0x32 0x03 0x00 0x00 0x00 0x00 0x00[EOL]
[2026-09-22T08:30:46.003909Z][RSH.newgen-reagentstoragehandler][I][0][141]CReagentStorageListener.cpp:PDOReceived():131|Received report bytes 0xcb 0x33 0x03 0x00 0x00 0x00 0x00 0x00[EOL]
[2026-09-22T08:30:46.015540Z][RSH.newgen-reagentstoragehandler][I][0][141]CReagentStorageListener.cpp:PDOReceived():131|Received report bytes 0xcb 0x34 0x03 0x00 0x00 0x00 0x00 0x00[EOL]
[2026-09-22T08:30:46.018506Z][RSH.newgen-reagentstoragehandler][I][0][141]CReagentStorageListener.cpp:PDOReceived():131|Received report bytes 0xcb 0x35 0x03 0x00 0x00 0x00 0x00 0x00[EOL]
[2026-09-22T08:30:46.039988Z][RSH.newgen-reagentstoragehandler][I][0][141]CReagentStorageListener.cpp:PDOReceived():131|Received report bytes 0xcb 0x36 0x03 0x00 0x00 0x00 0x00 0x00[EOL]
[2026-09-22T08:30:46.049918Z][RSH.newgen-reagentstoragehandler][I][0][141]CReagentStorageListener.cpp:PDOReceived():131|Received report bytes 0xcb 0x37 0x03 0x00 0x00 0x00 0x00 0x00[EOL]
[2026-09-22T08:30:46.066085Z][RSH.newgen-reagentstoragehandler][I][0][141]CReagentStorageListener.cpp:PDOReceived():131|Received report bytes 0xcb 0x38 0x03 0x00 0x00 0x00 0x00 0x00[EOL]
[2026-09-22T08:30:46.074678Z][RSH.newgen-reagentstoragehandler][I][0][141]CReagentStorageListener.cpp:PDOReceived():131|Received report bytes 0xcb 0x39 0x03 0x00 0x00 0x00 0x00 0x00[EOL]
[2026-09-22T08:30:46.106379Z][RSH.newgen-reagentstoragehandler][I][0][141]CReagentStorageListener.cpp:PDOReceived():131|Received report bytes 0xcb 0x3a 0x03 0x00 0x00 0x00 0x00 0x00[EOL]
[2026-09-22T08:30:46.108308Z][RSH.newgen-reagentstoragehandler][I][0][141]CReagentStorageListener.cpp:PDOReceived():131|Received report bytes 0xcb 0x3b 0x03 0x00 0x00 0x00 0x00 0x00[EOL]
[2026-09-22T08:30:46.114291Z][RSH.newgen-reagentstoragehandler][I][0][141]CReagentStorageListener.cpp:PDOReceived():131|Received report bytes 0xcb 0x3c 0x03 0x00 0x00 0x00 0x00 0x00[EOL]
[2026-09-22T08:30:46.120154Z][RSH.newgen-reagentstoragehandler][I][0][141]CReagentStorageListener.cpp:PDOReceived():131|Received report bytes 0xcb 0x3d 0x03 0x00 0x00 0x00 0x00 0x00[EOL]
[2026-09-22T08:30:46.123717Z][RSH.newgen-reagentstoragehandler][I][0][141]CReagentStorageListener.cpp:PDOReceived():131|Received report bytes 0xcb 0x3e 0x03 0x00 0x00 0x00 0x00 0x00[EOL]
[2026-09-22T08:30:46.125321Z][RSH.newgen-reagentstoragehandler][I][0][141]CReagentStorageListener.cpp:PDOReceived():131|Received report bytes 0xcb 0x3f 0x03 0x00 0x00 0x00 0x00 0x00[EOL]
[2026-09-22T08:30:46.127104Z][RSH.newgen-reagentstoragehandler][I][0][141]CReagentStorageListener.cpp:PDOReceived():131|Received report bytes 0xcb 0x40 0x03 0x00 0x00 0x00 0x00 0x00[EOL]
[2026-09-22T08:30:46.131337Z][RSH.newgen-reagentstoragehandler][I][0][141]CReagentStorageListener.cpp:PDOReceived():131|Received report bytes 0xcb 0x41 0x03 0x00 0x00 0x00 0x00 0x00[EOL]
[2026-09-22T08:30:46.133648Z][RSH.newgen-reagentstoragehandler][I][0][141]CReagentStorageListener.cpp:PDOReceived():131|Received report bytes 0xcb 0x42 0x03 0x00 0x00 0x00 0x00 0x00[EOL]
[2026-09-22T08:30:46.135426Z][RSH.newgen-reagentstoragehandler][I][0][141]CReagentStorageListener.cpp:PDOReceived():131|Received report bytes 0xcb 0x43 0x03 0x00 0x00 0x00 0x00 0x00[EOL]
[2026-09-22T08:30:46.157873Z][RSH.newgen-reagentstoragehandler][I][0][141]CReagentStorageListener.cpp:PDOReceived():131|Received report bytes 0xcb 0x44 0x03 0x00 0x00 0x00 0x00 0x00[EOL]
[2026-09-22T08:30:46.167590Z][RSH.newgen-reagentstoragehandler][I][0][141]CReagentStorageListener.cpp:PDOReceived():131|Received report bytes 0xcb 0x45 0x03 0x00 0x00 0x00 0x00 0x00[EOL]
[2026-09-22T08:30:46.170284Z][RSH.newgen-reagentstoragehandler][I][0][141]CReagentStorageListener.cpp:PDOReceived():131|Received report bytes 0xcb 0x46 0x03 0x00 0x00 0x00 0x00 0x00[EOL]
[2026-09-22T08:30:46.172252Z][RSH.newgen-reagentstoragehandler][I][0][141]CReagentStorageListener.cpp:PDOReceived():131|Received report bytes 0xcb 0x47 0x03 0x00 0x00 0x00 0x00 0x00[EOL]
[2026-09-22T08:30:46.177218Z][RSH.newgen-reagentstoragehandler][I][0][141]CReagentStorageListener.cpp:PDOReceived():131|Received report bytes 0xcb 0x48 0x03 0x00 0x00 0x00 0x00 0x00[EOL]
[2026-09-22T08:30:46.179494Z][RSH.newgen-reagentstoragehandler][I][0][141]CReagentStorageListener.cpp:PDOReceived():131|Received report bytes 0xcb 0x49 0x03 0x00 0x00 0x00 0x00 0x00[EOL]
[2026-09-22T08:30:46.181265Z][RSH.newgen-reagentstoragehandler][I][0][141]CReagentStorageListener.cpp:PDOReceived():131|Received report bytes 0xcb 0x4a 0x03 0x00 0x00 0x00 0x00 0x00[EOL]
[2026-09-22T08:30:46.187918Z][RSH.newgen-reagentstoragehandler][I][0][141]CReagentStorageListener.cpp:PDOReceived():131|Received report bytes 0xcb 0x4b 0x03 0x00 0x00 0x00 0x00 0x00[EOL]
[2026-09-22T08:30:46.197815Z][RSH.newgen-reagentstoragehandler][I][0][141]CReagentStorageListener.cpp:PDOReceived():131|Received report bytes 0xcb 0x4c 0x03 0x00 0x00 0x00 0x00 0x00[EOL]
[2026-09-22T08:30:46.209218Z][RSH.newgen-reagentstoragehandler][I][0][141]CReagentStorageListener.cpp:PDOReceived():131|Received report bytes 0xcb 0x4d 0x03 0x00 0x00 0x00 0x00 0x00[EOL]
[2026-09-22T08:30:46.211172Z][RSH.newgen-reagentstoragehandler][I][0][141]CReagentStorageListener.cpp:PDOReceived():131|Received report bytes 0xcb 0x4e 0x03 0x00 0x00 0x00 0x00 0x00[EOL]
[2026-09-22T08:30:46.225190Z][RSH.newgen-reagentstoragehandler][I][0][141]CReagentStorageListener.cpp:PDOReceived():131|Received report bytes 0xcb 0x4f 0x03 0x00 0x00 0x00 0x00 0x00[EOL]
[2026-09-22T08:30:46.236556Z][RSH.newgen-reagentstoragehandler][I][0][141]CReagentStorageListener.cpp:PDOReceived():131|Received report bytes 0xcb 0x50 0x03 0x00 0x00 0x00 0x00 0x00[EOL]
[2026-09-22T08:30:46.248232Z][RSH.newgen-reagentstoragehandler][I][0][141]CReagentStorageListener.cpp:PDOReceived():131|Received report bytes 0xcb 0x51 0x03 0x00 0x00 0x00 0x00 0x00[EOL]
[2026-09-22T08:30:46.250261Z][RSH.newgen-reagentstoragehandler][I][0][141]CReagentStorageListener.cpp:PDOReceived():131|Received report bytes 0xcb 0x52 0x03 0x00 0x00 0x00 0x00 0x00[EOL]
[2026-09-22T08:30:46.254460Z][RSH.newgen-reagentstoragehandler][I][0][141]CReagentStorageListener.cpp:PDOReceived():131|Received report bytes 0xcb 0x53 0x03 0x00 0x00 0x00 0x00 0x00[EOL]
[2026-09-22T08:30:46.256191Z][RSH.newgen-reagentstoragehandler][I][0][141]CReagentStorageListener.cpp:PDOReceived():131|Received report bytes 0xcb 0x54 0x03 0x00 0x00 0x00 0x00 0x00[EOL]
[2026-09-22T08:30:46.258225Z][RSH.newgen-reagentstoragehandler][I][0][141]CReagentStorageListener.cpp:PDOReceived():131|Received report bytes 0xcb 0x55 0x03 0x00 0x00 0x00 0x00 0x00[EOL]
[2026-09-22T08:30:46.260386Z][RSH.newgen-reagentstoragehandler][I][0][141]CReagentStorageListener.cpp:PDOReceived():131|Received report bytes 0xcb 0x56 0x03 0x00 0x00 0x00 0x00 0x00[EOL]
[2026-09-22T08:30:46.262141Z][RSH.newgen-reagentstoragehandler][I][0][141]CReagentStorageListener.cpp:PDOReceived():131|Received report bytes 0xcb 0x57 0x03 0x00 0x00 0x00 0x00 0x00[EOL]
[2026-09-22T08:30:46.264187Z][RSH.newgen-reagentstoragehandler][I][0][141]CReagentStorageListener.cpp:PDOReceived():131|Received report bytes 0xcb 0x58 0x03 0x00 0x00 0x00 0x00 0x00[EOL]
[2026-09-22T08:30:46.266136Z][RSH.newgen-reagentstoragehandler][I][0][141]CReagentStorageListener.cpp:PDOReceived():131|Received report bytes 0xcb 0x59 0x03 0x00 0x00 0x00 0x00 0x00[EOL]
[2026-09-22T08:30:46.268239Z][RSH.newgen-reagentstoragehandler][I][0][141]CReagentStorageListener.cpp:PDOReceived():131|Received report bytes 0xcb 0x5a 0x03 0x00 0x00 0x00 0x00 0x00[EOL]
[2026-09-22T08:30:46.270539Z][RSH.newgen-reagentstoragehandler][I][0][141]CReagentStorageListener.cpp:PDOReceived():131|Received report bytes 0xcb 0x5b 0x03 0x00 0x00 0x00 0x00 0x00[EOL]
[2026-09-22T08:30:46.272183Z][RSH.newgen-reagentstoragehandler][I][0][141]CReagentStorageListener.cpp:PDOReceived():131|Received report bytes 0xcb 0x5c 0x03 0x00 0x00 0x00 0x00 0x00[EOL]
[2026-09-22T08:30:46.274169Z][RSH.newgen-reagentstoragehandler][I][0][141]CReagentStorageListener.cpp:PDOReceived():131|Received report bytes 0xcb 0x5d 0x03 0x00 0x00 0x00 0x00 0x00[EOL]
[2026-09-22T08:30:46.276502Z][RSH.newgen-reagentstoragehandler][I][0][141]CReagentStorageListener.cpp:PDOReceived():131|Received report bytes 0xcb 0x5e 0x03 0x00 0x00 0x00 0x00 0x00[EOL]
[2026-09-22T08:30:46.295027Z][RSH.newgen-reagentstoragehandler][I][0][141]CReagentStorageListener.cpp:PDOReceived():131|Received report bytes 0xcb 0x5f 0x03 0x00 0x00 0x00 0x00 0x00[EOL]
[2026-09-22T08:30:46.313975Z][RSH.newgen-reagentstoragehandler][I][0][141]CReagentStorageListener.cpp:PDOReceived():131|Received report bytes 0xcb 0x60 0x03 0x00 0x00 0x00 0x00 0x00[EOL]
[2026-09-22T08:30:46.321264Z][RSH.newgen-reagentstoragehandler][I][0][141]CReagentStorageListener.cpp:PDOReceived():131|Received report bytes 0xcb 0x61 0x03 0x00 0x00 0x00 0x00 0x00[EOL]
[2026-09-22T08:30:46.323621Z][RSH.newgen-reagentstoragehandler][I][0][141]CReagentStorageListener.cpp:PDOReceived():131|Received report bytes 0xcb 0x62 0x03 0x00 0x00 0x00 0x00 0x00[EOL]
[2026-09-22T08:30:46.325273Z][RSH.newgen-reagentstoragehandler][I][0][141]CReagentStorageListener.cpp:PDOReceived():131|Received report bytes 0xcb 0x63 0x03 0x00 0x00 0x00 0x00 0x00[EOL]
[2026-09-22T08:30:46.325376Z][RSH.newgen-reagentstoragehandler][I][844444436][141]UnitCommunicator.cpp:SendEvent():424|Publishing event: type=Roche.c68_8800.ReagentStorageHandler.ReagentStorageHandlerTeachDataAcquired correlation_id=(n/a)[EOL]
[2026-09-22T08:30:46.325717Z][RSH.newgen-reagentstoragehandler][I][2560017][141]MessageSender.h:SendEvent():105|Sent RabbitMqEvent Roche.c68_8800.ReagentStorageHandler.ReagentStorageHandlerTeachDataAcquired. Content: {"Timestamp":"2026-09-22T08:30:46.325367Z","Positions":[{"PositionId":0,"PositionName":"CoolerPosition0","X":0.0,"Y":0.0,"Z":0.0},{"PositionId":1,"PositionName":"CoolerPosition1","X":0.0,"Y":0.0,"Z":0.0},{"PositionId":2,"PositionName":"CoolerPosition2","X":0.0,"Y":0.0,"Z":0.0},{"PositionId":3,"PositionName":"CoolerPosition3","X":0.0,"Y":0.0,"Z":0.0},{"PositionId":4,"PositionName":"CoolerPosition4","X":0.0,"Y":0.0,"Z":0.0},{"PositionId":5,"PositionName":"CoolerPosition5","X":0.0,"Y":0.0,"Z":0.0},{"PositionId":6,"PositionName":"CoolerPosition6","X":0.0,"Y":0.0,"Z":0.0},{"PositionId":7,"PositionName":"CoolerPosition7","X":0.0,"Y":0.0,"Z":0.0},{"PositionId":8,"PositionName":"CoolerPosition8","X":0.0,"Y":0.0,"Z":0.0},{"PositionId":9,"PositionName":"CoolerPosition9","X":0.0,"Y":0.0,"Z":0.0},{"PositionId":10,"PositionName":"CoolerPosition10","X":0.0,"Y":0.0,"Z":0.0},{"PositionId":11,"PositionName":"CoolerPosition11","X":0.0,"Y":0.0,"Z":0.0},{"PositionId":12,"PositionName":"CoolerPosition12","X":0.0,"Y":0.0,"Z":0.0},{"PositionId":13,"PositionName":"CoolerPosition13","X":0.0,"Y":0.0,"Z":0.0},{"PositionId":14,"PositionName":"CoolerPosition14","X":0.0,"Y":0.0,"Z":0.0},{"PositionId":15,"PositionName":"CoolerPosition15","X":0.0,"Y":0.0,"Z":0.0},{"PositionId":16,"PositionName":"RMC","X":0.0,"Y":0.0,"Z":0.0},{"PositionId":17,"PositionName":"Reagent","X":0.0,"Y":0.0,"Z":0.0},{"PositionId":18,"PositionName":"Drawer","X":0.0,"Y":0.0,"Z":0.0},{"PositionId":19,"PositionName":"Init","X":0.0,"Y":0.0,"Z":0.0},{"PositionId":20,"PositionName":"RFID","X":0.0,"Y":0.0,"Z":0.0},{"PositionId":21,"PositionName":"Park","X":0.0,"Y":0.0,"Z":0.0},{"PositionId":22,"PositionName":"Teach","X":0.0,"Y":0.0,"Z":0.0},{"PositionId":23,"PositionName":"RMC2","X":0.0,"Y":0.0,"Z":0.0}],"IsTaught":false}[EOL]
[2026-09-22T08:30:46.325757Z][RSH.newgen-reagentstoragehandler][I][0][141]CASStateMachine.cpp:ReportStateChange():238|ModuleState changed: ModuleState_Preparing (1) --> ModuleState_Prepared (2)[EOL]
[2026-09-22T08:30:46.325800Z][RSH.newgen-reagentstoragehandler][I][844444436][141]UnitCommunicator.cpp:SendEvent():424|Publishing event: type=Roche.c68_8800.ReagentStorageHandler.UnitStateChanged correlation_id=(n/a)[EOL]
[2026-09-22T08:30:46.325844Z][RSH.newgen-reagentstoragehandler][I][2560017][141]MessageSender.h:SendEvent():105|Sent RabbitMqEvent Roche.c68_8800.ReagentStorageHandler.UnitStateChanged. Content: {"Timestamp":"2026-09-22T08:30:46.325796Z","TraceContext":"00-59f769bc5f65c61236272b7da8c9f99e-695203950660f786-01","OldState":"StartingUp","NewState":"StartedUp"}[EOL]
[2026-09-22T08:30:50.044661Z][RSH.newgen-reagentstoragehandler][W][2330306][141]CRTCyclicEvent.cpp:TimeMissed():101|Cycle miss in event CCSICombinedCmdManager Cyclic Event. Time Overrun is 61097 us[EOL]
[2026-09-22T08:30:50.044288Z][RSH.rfidreader][W][2330306][133]CRTCyclicEvent.cpp:TimeMissed():101|Cycle miss in event CCSICombinedCmdManager Cyclic Event. Time Overrun is 66510 us[EOL]
[2026-09-22T08:30:50.044319Z][RSH.rfidreader][W][2330306][133]CRTCyclicEvent.cpp:TimeMissed():101|Cycle miss in event CCSICombinedRepManager. Time Overrun is 66510 us[EOL]
[2026-09-22T08:30:50.044689Z][RSH.newgen-reagentstoragehandler][W][2330306][141]CRTCyclicEvent.cpp:TimeMissed():101|Cycle miss in event CCSICombinedRepManager. Time Overrun is 61097 us[EOL]
[2026-09-22T08:30:50.362584Z][RSH.newgen-reagentstoragehandler][W][2330306][141]CRTCyclicEvent.cpp:TimeMissed():101|Cycle miss in event CCSICombinedCmdManager Cyclic Event. Time Overrun is 49022 us[EOL]
[2026-09-22T08:30:50.362608Z][RSH.newgen-reagentstoragehandler][W][2330306][141]CRTCyclicEvent.cpp:TimeMissed():101|Cycle miss in event CCSICombinedRepManager. Time Overrun is 49022 us[EOL]
[2026-09-22T08:30:50.660380Z][RSH.rfidreader][W][2330306][133]CRTCyclicEvent.cpp:TimeMissed():101|Cycle miss in event CCSICombinedCmdManager Cyclic Event. Time Overrun is 32596 us[EOL]
[2026-09-22T08:30:50.660452Z][RSH.rfidreader][W][2330306][133]CRTCyclicEvent.cpp:TimeMissed():101|Cycle miss in event CCSICombinedRepManager. Time Overrun is 32596 us[EOL]
[2026-09-22T08:30:50.659823Z][RSH.newgen-reagentstoragehandler][W][2330306][141]CRTCyclicEvent.cpp:TimeMissed():101|Cycle miss in event CCSICombinedCmdManager Cyclic Event. Time Overrun is 36255 us[EOL]
[2026-09-22T08:30:50.659873Z][RSH.newgen-reagentstoragehandler][W][2330306][141]CRTCyclicEvent.cpp:TimeMissed():101|Cycle miss in event CCSICombinedRepManager. Time Overrun is 36255 us[EOL]
[2026-09-22T08:30:50.940447Z][RSH.newgen-reagentstoragehandler][W][2330306][141]CRTCyclicEvent.cpp:TimeMissed():101|Cycle miss in event CCSICombinedCmdManager Cyclic Event. Time Overrun is 76881 us[EOL]
[2026-09-22T08:30:50.940478Z][RSH.newgen-reagentstoragehandler][W][2330306][141]CRTCyclicEvent.cpp:TimeMissed():101|Cycle miss in event CCSICombinedRepManager. Time Overrun is 76881 us[EOL]
[2026-09-22T08:30:50.940865Z][RSH.rfidreader][W][2330306][133]CRTCyclicEvent.cpp:TimeMissed():101|Cycle miss in event CCSICombinedCmdManager Cyclic Event. Time Overrun is 163090 us[EOL]
[2026-09-22T08:30:50.940893Z][RSH.rfidreader][W][2330306][133]CRTCyclicEvent.cpp:TimeMissed():101|Cycle miss in event CCSICombinedRepManager. Time Overrun is 163090 us[EOL]
[2026-09-22T08:30:51.168865Z][RSH.newgen-reagentstoragehandler][W][2330306][141]CRTCyclicEvent.cpp:TimeMissed():101|Cycle miss in event CCSICombinedCmdManager Cyclic Event. Time Overrun is 95299 us[EOL]
[2026-09-22T08:30:51.168946Z][RSH.newgen-reagentstoragehandler][W][2330306][141]CRTCyclicEvent.cpp:TimeMissed():101|Cycle miss in event CCSICombinedRepManager. Time Overrun is 95299 us[EOL]
[2026-09-22T08:30:51.302591Z][RSH.newgen-reagentstoragehandler][W][2330306][141]CRTCyclicEvent.cpp:TimeMissed():101|Cycle miss in event CCSICombinedCmdManager Cyclic Event. Time Overrun is 19018 us[EOL]
[2026-09-22T08:30:51.302644Z][RSH.newgen-reagentstoragehandler][W][2330306][141]CRTCyclicEvent.cpp:TimeMissed():101|Cycle miss in event CCSICombinedRepManager. Time Overrun is 19018 us[EOL]
[2026-09-22T08:30:51.509899Z][RSH.newgen-reagentstoragehandler][W][2330306][141]CRTCyclicEvent.cpp:TimeMissed():101|Cycle miss in event CCSICombinedCmdManager Cyclic Event. Time Overrun is 16333 us[EOL]
[2026-09-22T08:30:51.509965Z][RSH.newgen-reagentstoragehandler][W][2330306][141]CRTCyclicEvent.cpp:TimeMissed():101|Cycle miss in event CCSICombinedRepManager. Time Overrun is 16333 us[EOL]
[2026-09-22T08:30:51.660334Z][RSH.rfidreader][W][2330306][133]CRTCyclicEvent.cpp:TimeMissed():101|Cycle miss in event CCSICombinedCmdManager Cyclic Event. Time Overrun is 52557 us[EOL]
[2026-09-22T08:30:51.660373Z][RSH.rfidreader][W][2330306][133]CRTCyclicEvent.cpp:TimeMissed():101|Cycle miss in event CCSICombinedRepManager. Time Overrun is 52557 us[EOL]
[2026-09-22T08:30:51.844932Z][RSH.newgen-reagentstoragehandler][W][2330306][141]CRTCyclicEvent.cpp:TimeMissed():101|Cycle miss in event CCSICombinedCmdManager Cyclic Event. Time Overrun is 161370 us[EOL]
[2026-09-22T08:30:51.844951Z][RSH.newgen-reagentstoragehandler][W][2330306][141]CRTCyclicEvent.cpp:TimeMissed():101|Cycle miss in event CCSICombinedRepManager. Time Overrun is 161370 us[EOL]
[2026-09-22T08:30:51.969137Z][RSH.rfidreader][W][2330306][133]CRTCyclicEvent.cpp:TimeMissed():101|Cycle miss in event CCSICombinedCmdManager Cyclic Event. Time Overrun is 101361 us[EOL]
[2026-09-22T08:30:51.969177Z][RSH.rfidreader][W][2330306][133]CRTCyclicEvent.cpp:TimeMissed():101|Cycle miss in event CCSICombinedRepManager. Time Overrun is 101361 us[EOL]
[2026-09-22T08:30:52.062743Z][RSH.newgen-reagentstoragehandler][W][2330306][141]CRTCyclicEvent.cpp:TimeMissed():101|Cycle miss in event CCSICombinedCmdManager Cyclic Event. Time Overrun is 99178 us[EOL]
[2026-09-22T08:30:52.062779Z][RSH.newgen-reagentstoragehandler][W][2330306][141]CRTCyclicEvent.cpp:TimeMissed():101|Cycle miss in event CCSICombinedRepManager. Time Overrun is 99178 us[EOL]
[2026-09-22T08:30:52.140944Z][RSH.rfidreader][W][2330306][133]CRTCyclicEvent.cpp:TimeMissed():101|Cycle miss in event CCSICombinedCmdManager Cyclic Event. Time Overrun is 53156 us[EOL]
[2026-09-22T08:30:52.134259Z][RSH.newgen-reagentstoragehandler][W][2330306][141]CRTCyclicEvent.cpp:TimeMissed():101|Cycle miss in event CCSICyclicRepManager. Time Overrun is 48934 us[EOL]
[2026-09-22T08:30:52.141033Z][RSH.rfidreader][W][2330306][133]CRTCyclicEvent.cpp:TimeMissed():101|Cycle miss in event CCSICombinedRepManager. Time Overrun is 53156 us[EOL]
[2026-09-22T08:30:54.124270Z][RSH.newgen-reagentstoragehandler][I][2560016][141]IMessageHandler.h:operator()():53|Received RabbitMqMessage Roche.c68_8800.InstrumentState.InstrumentStateChanged. Content: {"Timestamp":"2026-09-22T08:30:54.0984578Z","TraceContext":"00-dd82d13ed26ec30b58a7827c44aa343a-014e6ef3e222c3c6-01","OldState":"StartingUp","NewState":"Initializing"}[EOL]
[2026-09-22T08:30:54.124421Z][RSH.newgen-reagentstoragehandler][I][2560016][141]IMessageHandler.h:operator()():40|Received RabbitMqMessage Roche.c68_8800.InstrumentState.InstrumentStateChanged. Content: {"Timestamp":"2026-09-22T08:30:54.0984578Z","TraceContext":"00-dd82d13ed26ec30b58a7827c44aa343a-014e6ef3e222c3c6-01","OldState":"StartingUp","NewState":"Initializing"}[EOL]
[2026-09-22T08:30:54.169983Z][RSH.newgen-reagentstoragehandler][I][2560016][141]IMessageHandler.h:operator()():53|Received RabbitMqMessage Roche.c68_8800.SafetyInterlock.SafetyInterlockStateChanged. Content: {"Timestamp":"2026-09-22T08:30:54.117692Z","TraceContext":"00-e0a11a4e0143fb0bf821828b479eb84c-a12b0da5a3395285-01","OldState":"NotReady","NewState":"Initializing"}[EOL]
[2026-09-22T08:30:54.269909Z][RSH.newgen-reagentstoragehandler][I][2560016][141]IMessageHandler.h:operator()():53|Received RabbitMqMessage Roche.MolLab.PersistentMemory.PersistentMemoryStateChanged. Content: {"Timestamp":"2026-09-22T08:30:54.169350Z","TraceContext":"00-0649ea3f1708a5ce69837ced40982ff8-306d3b7fcfba3552-01","OldState":"NotReady","NewState":"Initializing"}[EOL]
[2026-09-22T08:30:54.308270Z][RSH.newgen-reagentstoragehandler][I][2560016][141]IMessageHandler.h:operator()():53|Received RabbitMqMessage Roche.MolLab.PersistentMemory.PersistentMemoryStateChanged. Content: {"Timestamp":"2026-09-22T08:30:54.169638Z","TraceContext":"00-95b4b24afc2e8d3ff2a69b639b191547-e18e9a5eb757cb13-01","OldState":"Initializing","NewState":"Ready"}[EOL]
[2026-09-22T08:30:54.337805Z][RSH.newgen-reagentstoragehandler][W][2330306][141]CRTCyclicEvent.cpp:TimeMissed():101|Cycle miss in event CCSICombinedCmdManager Cyclic Event. Time Overrun is 14240 us[EOL]
[2026-09-22T08:30:54.337833Z][RSH.newgen-reagentstoragehandler][W][2330306][141]CRTCyclicEvent.cpp:TimeMissed():101|Cycle miss in event CCSICombinedRepManager. Time Overrun is 14240 us[EOL]
[2026-09-22T08:30:54.593998Z][RSH.newgen-reagentstoragehandler][W][2330306][141]CRTCyclicEvent.cpp:TimeMissed():101|Cycle miss in event CCSICombinedCmdManager Cyclic Event. Time Overrun is 431 us[EOL]
[2026-09-22T08:30:54.594029Z][RSH.newgen-reagentstoragehandler][W][2330306][141]CRTCyclicEvent.cpp:TimeMissed():101|Cycle miss in event CCSICombinedRepManager. Time Overrun is 431 us[EOL]
[2026-09-22T08:30:54.899280Z][RSH.rfidreader][W][2330306][133]CRTCyclicEvent.cpp:TimeMissed():101|Cycle miss in event CCSICombinedCmdManager Cyclic Event. Time Overrun is 1497 us[EOL]
[2026-09-22T08:30:54.899320Z][RSH.rfidreader][W][2330306][133]CRTCyclicEvent.cpp:TimeMissed():101|Cycle miss in event CCSICombinedRepManager. Time Overrun is 1497 us[EOL]
[2026-09-22T08:30:55.498624Z][RSH.newgen-reagentstoragehandler][W][2330306][141]CRTCyclicEvent.cpp:TimeMissed():101|Cycle miss in event CCSICombinedCmdManager Cyclic Event. Time Overrun is 5060 us[EOL]
[2026-09-22T08:30:55.498658Z][RSH.newgen-reagentstoragehandler][W][2330306][141]CRTCyclicEvent.cpp:TimeMissed():101|Cycle miss in event CCSICombinedRepManager. Time Overrun is 5060 us[EOL]
[2026-09-22T08:30:55.575096Z][RSH.rfidreader][W][2330306][133]CRTCyclicEvent.cpp:TimeMissed():101|Cycle miss in event CCSICombinedCmdManager Cyclic Event. Time Overrun is 17321 us[EOL]
[2026-09-22T08:30:55.575133Z][RSH.rfidreader][W][2330306][133]CRTCyclicEvent.cpp:TimeMissed():101|Cycle miss in event CCSICombinedRepManager. Time Overrun is 17321 us[EOL]
[2026-09-22T08:30:55.721282Z][RSH.rfidreader][W][2330306][133]CRTCyclicEvent.cpp:TimeMissed():101|Cycle miss in event CCSICombinedCmdManager Cyclic Event. Time Overrun is 33503 us[EOL]
[2026-09-22T08:30:55.721325Z][RSH.rfidreader][W][2330306][133]CRTCyclicEvent.cpp:TimeMissed():101|Cycle miss in event CCSICombinedRepManager. Time Overrun is 33503 us[EOL]
[2026-09-22T08:30:55.995173Z][RSH.rfidreader][W][2330306][133]CRTCyclicEvent.cpp:TimeMissed():101|Cycle miss in event CCSICombinedCmdManager Cyclic Event. Time Overrun is 157388 us[EOL]
[2026-09-22T08:30:55.995214Z][RSH.rfidreader][W][2330306][133]CRTCyclicEvent.cpp:TimeMissed():101|Cycle miss in event CCSICombinedRepManager. Time Overrun is 157388 us[EOL]
[2026-09-22T08:30:56.209241Z][RSH.rfidreader][W][2330306][133]CRTCyclicEvent.cpp:TimeMissed():101|Cycle miss in event CCSICombinedCmdManager Cyclic Event. Time Overrun is 101464 us[EOL]
[2026-09-22T08:30:56.209273Z][RSH.rfidreader][W][2330306][133]CRTCyclicEvent.cpp:TimeMissed():101|Cycle miss in event CCSICombinedRepManager. Time Overrun is 101464 us[EOL]
[2026-09-22T08:30:55.720141Z][RSH.newgen-reagentstoragehandler][W][2330306][141]CRTCyclicEvent.cpp:TimeMissed():101|Cycle miss in event CCSICombinedCmdManager Cyclic Event. Time Overrun is 106570 us[EOL]
[2026-09-22T08:30:55.720207Z][RSH.newgen-reagentstoragehandler][W][2330306][141]CRTCyclicEvent.cpp:TimeMissed():101|Cycle miss in event CCSICombinedRepManager. Time Overrun is 106570 us[EOL]
[2026-09-22T08:30:55.994861Z][RSH.newgen-reagentstoragehandler][W][2330306][141]CRTCyclicEvent.cpp:TimeMissed():101|Cycle miss in event CCSICombinedCmdManager Cyclic Event. Time Overrun is 161294 us[EOL]
[2026-09-22T08:30:55.995100Z][RSH.newgen-reagentstoragehandler][W][2330306][141]CRTCyclicEvent.cpp:TimeMissed():101|Cycle miss in event CCSICombinedRepManager. Time Overrun is 161294 us[EOL]
[2026-09-22T08:30:55.995710Z][RSH.newgen-reagentstoragehandler][W][2330306][141]CRTCyclicEvent.cpp:TimeMissed():101|Cycle miss in event CCSICyclicRepManager. Time Overrun is 10386 us[EOL]
[2026-09-22T08:30:56.209469Z][RSH.newgen-reagentstoragehandler][W][2330306][141]CRTCyclicEvent.cpp:TimeMissed():101|Cycle miss in event CCSICombinedCmdManager Cyclic Event. Time Overrun is 95903 us[EOL]
[2026-09-22T08:30:56.209502Z][RSH.newgen-reagentstoragehandler][W][2330306][141]CRTCyclicEvent.cpp:TimeMissed():101|Cycle miss in event CCSICombinedRepManager. Time Overrun is 95903 us[EOL]
[2026-09-22T08:30:56.330152Z][RSH.newgen-reagentstoragehandler][W][2330306][141]CRTCyclicEvent.cpp:TimeMissed():101|Cycle miss in event CCSICombinedCmdManager Cyclic Event. Time Overrun is 6589 us[EOL]
[2026-09-22T08:30:56.330174Z][RSH.newgen-reagentstoragehandler][W][2330306][141]CRTCyclicEvent.cpp:TimeMissed():101|Cycle miss in event CCSICombinedRepManager. Time Overrun is 6589 us[EOL]
[2026-09-22T08:30:56.330470Z][RSH.rfidreader][W][2330306][133]CRTCyclicEvent.cpp:TimeMissed():101|Cycle miss in event CCSICombinedCmdManager Cyclic Event. Time Overrun is 2697 us[EOL]
[2026-09-22T08:30:56.330491Z][RSH.rfidreader][W][2330306][133]CRTCyclicEvent.cpp:TimeMissed():101|Cycle miss in event CCSICombinedRepManager. Time Overrun is 2697 us[EOL]
[2026-09-22T08:30:56.457843Z][RSH.rfidreader][W][2330306][133]CRTCyclicEvent.cpp:TimeMissed():101|Cycle miss in event CCSICombinedCmdManager Cyclic Event. Time Overrun is 31 us[EOL]
[2026-09-22T08:30:56.457889Z][RSH.rfidreader][W][2330306][133]CRTCyclicEvent.cpp:TimeMissed():101|Cycle miss in event CCSICombinedRepManager. Time Overrun is 31 us[EOL]
[2026-09-22T08:30:56.486597Z][RSH.newgen-reagentstoragehandler][W][2330306][141]CRTCyclicEvent.cpp:TimeMissed():101|Cycle miss in event CCSICombinedCmdManager Cyclic Event. Time Overrun is 13019 us[EOL]
[2026-09-22T08:30:56.486650Z][RSH.newgen-reagentstoragehandler][W][2330306][141]CRTCyclicEvent.cpp:TimeMissed():101|Cycle miss in event CCSICombinedRepManager. Time Overrun is 13019 us[EOL]
[2026-09-22T08:30:56.578047Z][RSH.rfidreader][W][2330306][133]CRTCyclicEvent.cpp:TimeMissed():101|Cycle miss in event CCSICombinedCmdManager Cyclic Event. Time Overrun is 270 us[EOL]
[2026-09-22T08:30:56.578073Z][RSH.rfidreader][W][2330306][133]CRTCyclicEvent.cpp:TimeMissed():101|Cycle miss in event CCSICombinedRepManager. Time Overrun is 270 us[EOL]
[2026-09-22T08:30:56.684652Z][RSH.newgen-reagentstoragehandler][W][2330306][141]CRTCyclicEvent.cpp:TimeMissed():101|Cycle miss in event CCSICombinedCmdManager Cyclic Event. Time Overrun is 31084 us[EOL]
[2026-09-22T08:30:56.684699Z][RSH.newgen-reagentstoragehandler][W][2330306][141]CRTCyclicEvent.cpp:TimeMissed():101|Cycle miss in event CCSICombinedRepManager. Time Overrun is 31084 us[EOL]
[2026-09-22T08:30:56.736997Z][RSH.rfidreader][W][2330306][133]CRTCyclicEvent.cpp:TimeMissed():101|Cycle miss in event CCSICombinedCmdManager Cyclic Event. Time Overrun is 19221 us[EOL]
[2026-09-22T08:30:56.737032Z][RSH.rfidreader][W][2330306][133]CRTCyclicEvent.cpp:TimeMissed():101|Cycle miss in event CCSICombinedRepManager. Time Overrun is 19221 us[EOL]
[2026-09-22T08:30:56.812352Z][RSH.newgen-reagentstoragehandler][W][2330306][141]CRTCyclicEvent.cpp:TimeMissed():101|Cycle miss in event CCSICombinedCmdManager Cyclic Event. Time Overrun is 8786 us[EOL]
[2026-09-22T08:30:56.812387Z][RSH.newgen-reagentstoragehandler][W][2330306][141]CRTCyclicEvent.cpp:TimeMissed():101|Cycle miss in event CCSICombinedRepManager. Time Overrun is 8786 us[EOL]
[2026-09-22T08:30:56.855121Z][RSH.rfidreader][W][2330306][133]CRTCyclicEvent.cpp:TimeMissed():101|Cycle miss in event CCSICombinedCmdManager Cyclic Event. Time Overrun is 7347 us[EOL]
[2026-09-22T08:30:56.855144Z][RSH.rfidreader][W][2330306][133]CRTCyclicEvent.cpp:TimeMissed():101|Cycle miss in event CCSICombinedRepManager. Time Overrun is 7347 us[EOL]
[2026-09-22T08:30:56.942635Z][RSH.newgen-reagentstoragehandler][W][2330306][141]CRTCyclicEvent.cpp:TimeMissed():101|Cycle miss in event CCSICombinedCmdManager Cyclic Event. Time Overrun is 9069 us[EOL]
[2026-09-22T08:30:56.942684Z][RSH.newgen-reagentstoragehandler][W][2330306][141]CRTCyclicEvent.cpp:TimeMissed():101|Cycle miss in event CCSICombinedRepManager. Time Overrun is 9069 us[EOL]
[2026-09-22T08:30:57.013120Z][RSH.rfidreader][W][2330306][133]CRTCyclicEvent.cpp:TimeMissed():101|Cycle miss in event CCSICombinedCmdManager Cyclic Event. Time Overrun is 5344 us[EOL]
[2026-09-22T08:30:57.013165Z][RSH.rfidreader][W][2330306][133]CRTCyclicEvent.cpp:TimeMissed():101|Cycle miss in event CCSICombinedRepManager. Time Overrun is 5344 us[EOL]
[2026-09-22T08:30:57.107110Z][RSH.newgen-reagentstoragehandler][W][2330306][141]CRTCyclicEvent.cpp:TimeMissed():101|Cycle miss in event CCSICombinedCmdManager Cyclic Event. Time Overrun is 13535 us[EOL]
[2026-09-22T08:30:57.107329Z][RSH.newgen-reagentstoragehandler][W][2330306][141]CRTCyclicEvent.cpp:TimeMissed():101|Cycle miss in event CCSICombinedRepManager. Time Overrun is 13535 us[EOL]
[2026-09-22T08:30:57.131697Z][RSH.rfidreader][W][2330306][133]CRTCyclicEvent.cpp:TimeMissed():101|Cycle miss in event CCSICombinedCmdManager Cyclic Event. Time Overrun is 3921 us[EOL]
[2026-09-22T08:30:57.131732Z][RSH.rfidreader][W][2330306][133]CRTCyclicEvent.cpp:TimeMissed():101|Cycle miss in event CCSICombinedRepManager. Time Overrun is 3921 us[EOL]
[2026-09-22T08:30:57.236123Z][RSH.newgen-reagentstoragehandler][W][2330306][141]CRTCyclicEvent.cpp:TimeMissed():101|Cycle miss in event CCSICombinedCmdManager Cyclic Event. Time Overrun is 2541 us[EOL]
[2026-09-22T08:30:57.236179Z][RSH.newgen-reagentstoragehandler][W][2330306][141]CRTCyclicEvent.cpp:TimeMissed():101|Cycle miss in event CCSICombinedRepManager. Time Overrun is 2541 us[EOL]
[2026-09-22T08:30:57.366667Z][RSH.newgen-reagentstoragehandler][W][2330306][141]CRTCyclicEvent.cpp:TimeMissed():101|Cycle miss in event CCSICombinedCmdManager Cyclic Event. Time Overrun is 13103 us[EOL]
[2026-09-22T08:30:57.366714Z][RSH.newgen-reagentstoragehandler][W][2330306][141]CRTCyclicEvent.cpp:TimeMissed():101|Cycle miss in event CCSICombinedRepManager. Time Overrun is 13103 us[EOL]
[2026-09-22T08:30:57.507440Z][RSH.rfidreader][W][2330306][133]CRTCyclicEvent.cpp:TimeMissed():101|Cycle miss in event CCSICombinedCmdManager Cyclic Event. Time Overrun is 259662 us[EOL]
[2026-09-22T08:30:57.507475Z][RSH.rfidreader][W][2330306][133]CRTCyclicEvent.cpp:TimeMissed():101|Cycle miss in event CCSICombinedRepManager. Time Overrun is 259662 us[EOL]
[2026-09-22T08:30:58.687748Z][RSH.newgen-reagentstoragehandler][I][2560016][141]IMessageHandler.h:operator()():40|Received RabbitMqMessage Roche.MolLab.InstrumentState.Ping. Content: {"Timestamp":"2026-09-22T08:30:58.6811354Z","PingId":"IS2"}[EOL]
[2026-09-22T08:30:58.687847Z][RSH.newgen-reagentstoragehandler][I][844444436][141]UnitCommunicator.cpp:SendEvent():424|Publishing event: type=Roche.c68_8800.ReagentStorageHandler.Echo correlation_id=(n/a)[EOL]
[2026-09-22T08:30:58.687876Z][RSH.newgen-reagentstoragehandler][I][2560017][141]MessageSender.h:SendEvent():105|Sent RabbitMqEvent Roche.c68_8800.ReagentStorageHandler.Echo. Content: {"Timestamp":"2026-09-22T08:30:58.687838Z","PingId":"IS2"}[EOL]
[2026-09-22T08:30:59.181776Z][RSH.newgen-reagentstoragehandler][I][2560016][141]IMessageHandler.h:operator()():53|Received RabbitMqMessage Roche.c68_8800.SafetyInterlock.SafetyInterlockStateChanged. Content: {"Timestamp":"2026-09-22T08:30:58.905001Z","TraceContext":"00-bc37f880e04003a1a9d2180ec07e3c86-8c2b9e506f621d23-01","OldState":"Initializing","NewState":"Ready"}[EOL]
[2026-09-22T08:31:01.608423Z][RSH.newgen-reagentstoragehandler][W][2330306][141]CRTCyclicEvent.cpp:TimeMissed():101|Cycle miss in event CCSICombinedCmdManager Cyclic Event. Time Overrun is 4854 us[EOL]
[2026-09-22T08:31:01.608467Z][RSH.newgen-reagentstoragehandler][W][2330306][141]CRTCyclicEvent.cpp:TimeMissed():101|Cycle miss in event CCSICombinedRepManager. Time Overrun is 4854 us[EOL]
[2026-09-22T08:31:01.608768Z][RSH.rfidreader][W][2330306][133]CRTCyclicEvent.cpp:TimeMissed():101|Cycle miss in event CCSICombinedCmdManager Cyclic Event. Time Overrun is 977 us[EOL]
[2026-09-22T08:31:01.619640Z][RSH.newgen-reagentstoragehandler][I][2560016][141]IMessageHandler.h:operator()():53|Received RabbitMqMessage Roche.c68_8800.SafetyInterlock.HardwareMovementsAllowed. Content: {"Timestamp":"2026-09-22T08:31:01.581503Z","TraceContext":"00-7f29cc5779731666087e988d0abe72fb-b296aa185f30be7a-01","IsEnabled":true}[EOL]
[2026-09-22T08:31:01.620215Z][RSH.newgen-reagentstoragehandler][I][3410085][141]CInitProcedure.cpp:SetParameter():63|Init is called: no parameters[EOL]
[2026-09-22T08:31:01.608793Z][RSH.rfidreader][W][2330306][133]CRTCyclicEvent.cpp:TimeMissed():101|Cycle miss in event CCSICombinedRepManager. Time Overrun is 977 us[EOL]
[2026-09-22T08:31:01.620431Z][RSH.newgen-reagentstoragehandler][I][0][141]CASStateMachine.cpp:ReportStateChange():238|ModuleState changed: ModuleState_Prepared (2) --> ModuleState_Initializing (3)[EOL]
[2026-09-22T08:31:01.620472Z][RSH.newgen-reagentstoragehandler][I][844444436][141]UnitCommunicator.cpp:SendEvent():424|Publishing event: type=Roche.c68_8800.ReagentStorageHandler.ReagentStorageHandlerStateChanged correlation_id=(n/a)[EOL]
[2026-09-22T08:31:01.620504Z][RSH.newgen-reagentstoragehandler][I][2560017][141]MessageSender.h:SendEvent():105|Sent RabbitMqEvent Roche.c68_8800.ReagentStorageHandler.ReagentStorageHandlerStateChanged. Content: {"Timestamp":"2026-09-22T08:31:01.620468Z","TraceContext":"00-8cc0a30cee950b2daebbf04273e2b974-f57ce16b49ef735d-01","OldState":"NotReady","NewState":"Initializing"}[EOL]
[2026-09-22T08:31:01.620518Z][RSH.newgen-reagentstoragehandler][I][844444436][141]UnitCommunicator.cpp:SendEvent():424|Publishing event: type=Roche.c68_8800.ReagentStorageHandler.UnitStateChanged correlation_id=(n/a)[EOL]
[2026-09-22T08:31:01.620548Z][RSH.newgen-reagentstoragehandler][I][2560017][141]MessageSender.h:SendEvent():105|Sent RabbitMqEvent Roche.c68_8800.ReagentStorageHandler.UnitStateChanged. Content: {"Timestamp":"2026-09-22T08:31:01.620515Z","TraceContext":"00-d87141469038891ebda558a7e87bbd7e-aa42fd2f1eaba34e-01","OldState":"StartedUp","NewState":"Initializing"}[EOL]
[2026-09-22T08:31:01.620662Z][RSH.newgen-reagentstoragehandler][I][3410117][141]CInternalInitProcedure.cpp:SetParameter():58|InternalInit is called: no parameters[EOL]
[2026-09-22T08:31:01.634562Z][RSH.newgen-reagentstoragehandler][I][0][141]CInternalInitProcedure.cpp:operator()():135|Stop CPollElevatorSensorProcedure[EOL]
[2026-09-22T08:31:01.655227Z][RSH.rfidreader][I][1750104][133]CInitProcedure.cpp:SetParameter():24|Procedure ProcTypeId_Init (1750003) loaded. Parameters: No Parameters[EOL]
[2026-09-22T08:31:01.634614Z][RSH.newgen-reagentstoragehandler][I][3410067][141]CWaitOnDataPoolFlagStep.cpp:IsSatisfied():76|Wait on desired DataPool Flag 18 is done. Flag value is 0[EOL]
[2026-09-22T08:31:01.651486Z][RSH.newgen-reagentstoragehandler][I][0][141]CReagentStorageListener.cpp:PDOReceived():131|Received report bytes 0x01 0x64 0x01 0x00 0x98 0x32 0xf8 0xf4[EOL]
[2026-09-22T08:31:01.655631Z][RSH.rfidreader][I][1750007][133]CASStateMachine.cpp:ReportStateChange():97|Module state has changed. New State: ModuleState_Initializing (3); Old State: ModuleState_Prepared (2)[EOL]
[2026-09-22T08:31:01.652102Z][RSH.newgen-reagentstoragehandler][I][0][141]CReagentStorageListener.cpp:PDOReceived():131|Received report bytes 0x01 0x64 0x02 0x01 0x98 0x32 0xf8 0xf4[EOL]
[2026-09-22T08:31:01.653297Z][RSH.newgen-reagentstoragehandler][I][0][141]CReagentStorageListener.cpp:PDOReceived():131|Received report bytes 0x01 0x64 0x02 0x04 0x98 0x32 0xf8 0xf4[EOL]
[2026-09-22T08:31:01.654624Z][RSH.newgen-reagentstoragehandler][I][0][141]CReagentStorageListener.cpp:PDOReceived():131|Received report bytes 0x01 0x64 0x03 0x00 0x98 0x32 0xf8 0xf4[EOL]
[2026-09-22T08:31:01.654835Z][RSH.newgen-reagentstoragehandler][I][1009014][141]CInitFlowProcedure.cpp:SetParameter():67|InitFlowID 0, TimingClassification 11[EOL]
[2026-09-22T08:31:01.654995Z][RSH.newgen-reagentstoragehandler][I][1009015][141]CInitSequenceProcedure.cpp:SetParameter():82|InitSequenceID 1, TimingClassification 11[EOL]
[2026-09-22T08:31:01.679753Z][RSH.rfidreader][I][1750100][133]CRFIDRequestBase.cpp:DoStep():46|RFID command CReadVersionStep requested for 1. time.[EOL]
[2026-09-22T08:31:01.655230Z][RSH.newgen-reagentstoragehandler][I][1009016][141]CInitPatternProcedure.cpp:SetParameter():110|InitSequenceID 1, InitPatternID 0, TimingClassification 11[EOL]
[2026-09-22T08:31:01.655400Z][RSH.newgen-reagentstoragehandler][I][0][141]CReagentStorageListener.cpp:PDOReceived():131|Received report bytes 0x01 0x64 0x03 0x00 0x98 0x32 0xf8 0xf4[EOL]
[2026-09-22T08:31:01.689528Z][RSH.rfidreader][I][1750109][133]CRFIDRequestBase.cpp:ReadReport():57|Read/Write state: 0[EOL]
[2026-09-22T08:31:01.655469Z][RSH.newgen-reagentstoragehandler][I][1009017][141]CInitStepProcedure.cpp:SetParameter():85|InitSequenceID 1, InitPatternID 0, TimingClassification 11[EOL]
[2026-09-22T08:31:01.689593Z][RSH.rfidreader][I][1750048][133]CReadVersionStep.cpp:ProcessResponse():55|Read Version Step[EOL]
[2026-09-22T08:31:01.655595Z][RSH.newgen-reagentstoragehandler][I][1009003][141]CInitOneAxisIntProcedure.cpp:SetParameter():127|MotionDevice 0, TimingClassification 11, InitStructureID 0[EOL]
[2026-09-22T08:31:01.689619Z][RSH.rfidreader][I][1750049][133]CReadVersionStep.cpp:ProcessResponse():65|Firmware Version: 1.2[EOL]
[2026-09-22T08:31:01.655663Z][RSH.newgen-reagentstoragehandler][I][1009005][141]CEnableOneMotorDeviceIntProcedure.cpp:SetParameter():82|MotionDevice 0[EOL]
[2026-09-22T08:31:01.689762Z][RSH.rfidreader][I][1750007][133]CASStateMachine.cpp:ReportStateChange():97|Module state has changed. New State: ModuleState_Ready (4); Old State: ModuleState_Initializing (3)[EOL]
[2026-09-22T08:31:01.667266Z][RSH.newgen-reagentstoragehandler][I][0][141]CReagentStorageListener.cpp:PDOReceived():131|Received report bytes 0x16 0x65 0x03 0x00 0x00 0x1e 0xf7 0x18[EOL]
[2026-09-22T08:31:01.679343Z][RSH.newgen-reagentstoragehandler][I][0][141]CReagentStorageListener.cpp:PDOReceived():131|Received report bytes 0x07 0x66 0x01 0x00 0xc9 0xd4 0x9e 0xf7[EOL]
[2026-09-22T08:31:01.680222Z][RSH.newgen-reagentstoragehandler][I][0][141]CReagentStorageListener.cpp:PDOReceived():131|Received report bytes 0x07 0x66 0x02 0x03 0xc9 0xd4 0x9e 0xf7[EOL]
[2026-09-22T08:31:01.681218Z][RSH.newgen-reagentstoragehandler][I][0][141]CReagentStorageListener.cpp:PDOReceived():131|Received report bytes 0x07 0x66 0x04 0x0a 0xdd 0x00 0x05 0x00[EOL]
[2026-09-22T08:31:01.682572Z][RSH.newgen-reagentstoragehandler][I][0][141]CReagentStorageListener.cpp:PDOReceived():131|Received report bytes 0x07 0x66 0x02 0x04 0xc9 0xd4 0x9e 0xf7[EOL]
[2026-09-22T08:31:01.683136Z][RSH.newgen-reagentstoragehandler][I][0][141]CReagentStorageListener.cpp:PDOReceived():131|Received report bytes 0x07 0x66 0x03 0x00 0xc9 0xd4 0x9e 0xf7[EOL]
[2026-09-22T08:31:01.684376Z][RSH.newgen-reagentstoragehandler][I][0][141]CReagentStorageListener.cpp:PDOReceived():131|Received report bytes 0x07 0x66 0x03 0x00 0xc9 0xd4 0x9e 0xf7[EOL]
[2026-09-22T08:31:01.785718Z][RSH.newgen-reagentstoragehandler][I][1009015][141]CInitSequenceProcedure.cpp:SetParameter():82|InitSequenceID 2, TimingClassification 11[EOL]
[2026-09-22T08:31:01.785837Z][RSH.newgen-reagentstoragehandler][I][1009016][141]CInitPatternProcedure.cpp:SetParameter():110|InitSequenceID 2, InitPatternID 0, TimingClassification 11[EOL]
[2026-09-22T08:31:01.786289Z][RSH.newgen-reagentstoragehandler][I][1009019][141]CMoveOneAxisProcedure.cpp:SetParameter():77|MotionDevice 0, DynamicSetIndex 0, MoveDistancePos 0.000000, MoveType 2, InputPortName [EOL]
[2026-09-22T08:31:01.798663Z][RSH.newgen-reagentstoragehandler][I][0][141]CReagentStorageListener.cpp:PDOReceived():131|Received report bytes 0xcf 0x67 0x03 0x00 0x00 0x00 0x00 0x00[EOL]
[2026-09-22T08:31:01.818360Z][RSH.newgen-reagentstoragehandler][I][0][141]CReagentStorageListener.cpp:PDOReceived():131|Received report bytes 0xcf 0x68 0x03 0x00 0x00 0x00 0x00 0x00[EOL]
[2026-09-22T08:31:01.827740Z][RSH.newgen-reagentstoragehandler][I][0][141]CReagentStorageListener.cpp:PDOReceived():131|Received report bytes 0xcf 0x69 0x03 0x00 0x00 0x00 0x00 0x00[EOL]
[2026-09-22T08:31:01.832499Z][RSH.newgen-reagentstoragehandler][I][0][141]CReagentStorageListener.cpp:PDOReceived():131|Received report bytes 0xcf 0x6a 0x03 0x00 0x00 0x00 0x00 0x00[EOL]
[2026-09-22T08:31:01.837550Z][RSH.newgen-reagentstoragehandler][I][0][141]CReagentStorageListener.cpp:PDOReceived():131|Received report bytes 0xcf 0x6b 0x03 0x00 0x00 0x00 0x00 0x00[EOL]
[2026-09-22T08:31:01.851290Z][RSH.newgen-reagentstoragehandler][I][0][141]CReagentStorageListener.cpp:PDOReceived():131|Received report bytes 0xcf 0x6c 0x03 0x00 0x00 0x00 0x00 0x00[EOL]
[2026-09-22T08:31:01.857261Z][RSH.newgen-reagentstoragehandler][I][0][141]CReagentStorageListener.cpp:PDOReceived():131|Received report bytes 0xcf 0x6d 0x03 0x00 0x00 0x00 0x00 0x00[EOL]
[2026-09-22T08:31:01.864435Z][RSH.newgen-reagentstoragehandler][I][0][141]CReagentStorageListener.cpp:PDOReceived():131|Received report bytes 0xcf 0x6e 0x03 0x00 0x00 0x00 0x00 0x00[EOL]
[2026-09-22T08:31:01.868178Z][RSH.newgen-reagentstoragehandler][I][0][141]CReagentStorageListener.cpp:PDOReceived():131|Received report bytes 0xcf 0x6f 0x03 0x00 0x00 0x00 0x00 0x00[EOL]
[2026-09-22T08:31:01.872231Z][RSH.newgen-reagentstoragehandler][I][0][141]CReagentStorageListener.cpp:PDOReceived():131|Received report bytes 0x0c 0x70 0x03 0x00 0x00 0x00 0x00 0x50[EOL]
[2026-09-22T08:31:01.872410Z][RSH.newgen-reagentstoragehandler][I][3410083][141]CGetTemperatureLogEntriesProcedure.cpp:SetParameter():63|GetTemperatureLogEntries is called: no parameters[EOL]
[2026-09-22T08:31:01.879350Z][RSH.newgen-reagentstoragehandler][I][0][141]CReagentStorageListener.cpp:PDOReceived():131|Received report bytes 0x1d 0x71 0x01 0x00 0xc9 0xd4 0x9e 0xf7[EOL]
[2026-09-22T08:31:01.880383Z][RSH.newgen-reagentstoragehandler][I][0][141]CReagentStorageListener.cpp:PDOReceived():131|Received report bytes 0x1d 0x71 0x02 0x03 0xc9 0xd4 0x9e 0xf7[EOL]
[2026-09-22T08:31:01.881137Z][RSH.newgen-reagentstoragehandler][I][0][141]CReagentStorageListener.cpp:PDOReceived():131|Received report bytes 0x1d 0x71 0x04 0x00 0x1d 0x00 0x00 0x00[EOL]
[2026-09-22T08:31:01.881152Z][RSH.newgen-reagentstoragehandler][I][3410110][141]CGetNbrOfLogEntriesStep.cpp:AnalyzeSpecificReportData():51|TempLog entries: 0 found in DataLogger[EOL]
[2026-09-22T08:31:01.882224Z][RSH.newgen-reagentstoragehandler][I][0][141]CReagentStorageListener.cpp:PDOReceived():131|Received report bytes 0x1d 0x71 0x02 0x04 0xc9 0xd4 0x9e 0xf7[EOL]
[2026-09-22T08:31:01.883222Z][RSH.newgen-reagentstoragehandler][I][0][141]CReagentStorageListener.cpp:PDOReceived():131|Received report bytes 0x1d 0x71 0x03 0x00 0xc9 0xd4 0x9e 0xf7[EOL]
[2026-09-22T08:31:01.884089Z][RSH.newgen-reagentstoragehandler][I][0][141]CReagentStorageListener.cpp:PDOReceived():131|Received report bytes 0x1d 0x71 0x03 0x00 0xc9 0xd4 0x9e 0xf7[EOL]
[2026-09-22T08:31:01.888489Z][RSH.newgen-reagentstoragehandler][I][0][141]CReagentStorageListener.cpp:PDOReceived():131|Received report bytes 0x0b 0x73 0x01 0x00 0xc9 0xd4 0x9e 0xf7[EOL]
[2026-09-22T08:31:01.889150Z][RSH.newgen-reagentstoragehandler][I][0][141]CReagentStorageListener.cpp:PDOReceived():131|Received report bytes 0x0b 0x73 0x02 0x03 0xc9 0xd4 0x9e 0xf7[EOL]
[2026-09-22T08:31:01.890429Z][RSH.newgen-reagentstoragehandler][I][0][141]CReagentStorageListener.cpp:PDOReceived():131|Received report bytes 0x0b 0x73 0x04 0x01 0x0b 0x00 0x00 0x00[EOL]
[2026-09-22T08:31:01.892198Z][RSH.newgen-reagentstoragehandler][I][0][141]CReagentStorageListener.cpp:PDOReceived():131|Received report bytes 0x0b 0x73 0x02 0x04 0xc9 0xd4 0x9e 0xf7[EOL]
[2026-09-22T08:31:01.892231Z][RSH.newgen-reagentstoragehandler][I][0][141]CReagentStorageListener.cpp:PDOReceived():131|Received report bytes 0x0b 0x73 0x03 0x00 0xc9 0xd4 0x9e 0xf7[EOL]
[2026-09-22T08:31:01.893315Z][RSH.newgen-reagentstoragehandler][I][0][141]CReagentStorageListener.cpp:PDOReceived():131|Received report bytes 0x0b 0x73 0x03 0x00 0xc9 0xd4 0x9e 0xf7[EOL]
[2026-09-22T08:31:01.904359Z][RSH.newgen-reagentstoragehandler][I][0][141]CReagentStorageListener.cpp:PDOReceived():131|Received report bytes 0x08 0x74 0x01 0x00 0xca 0x95 0xf7 0x00[EOL]
[2026-09-22T08:31:01.905277Z][RSH.newgen-reagentstoragehandler][I][0][141]CReagentStorageListener.cpp:PDOReceived():131|Received report bytes 0x08 0x74 0x02 0x03 0xca 0x95 0xf7 0x00[EOL]
[2026-09-22T08:31:01.906259Z][RSH.newgen-reagentstoragehandler][I][0][141]CReagentStorageListener.cpp:PDOReceived():131|Received report bytes 0x08 0x74 0x04 0x01 0x08 0x00 0x00 0x00[EOL]
[2026-09-22T08:31:01.907479Z][RSH.newgen-reagentstoragehandler][I][0][141]CReagentStorageListener.cpp:PDOReceived():131|Received report bytes 0x08 0x74 0x02 0x04 0xca 0x95 0xf7 0x00[EOL]
[2026-09-22T08:31:01.908524Z][RSH.newgen-reagentstoragehandler][I][0][141]CReagentStorageListener.cpp:PDOReceived():131|Received report bytes 0x08 0x74 0x03 0x00 0xca 0x95 0xf7 0x00[EOL]
[2026-09-22T08:31:01.909505Z][RSH.newgen-reagentstoragehandler][I][0][141]CReagentStorageListener.cpp:PDOReceived():131|Received report bytes 0x08 0x74 0x03 0x00 0xca 0x95 0xf7 0x00[EOL]
[2026-09-22T08:31:01.913141Z][RSH.newgen-reagentstoragehandler][I][0][141]CReagentStorageListener.cpp:PDOReceived():131|Received report bytes 0x17 0x75 0x03 0x00 0x4f 0x32 0xf4 0x00[EOL]
[2026-09-22T08:31:01.913617Z][RSH.newgen-reagentstoragehandler][I][3410061][141]CInternalInitProcedure.cpp:DoProcTerminate():224|Number of Module initialization is grown to: 1[EOL]
[2026-09-22T08:31:01.914114Z][RSH.newgen-reagentstoragehandler][I][1009003][141]CInitOneAxisIntProcedure.cpp:SetParameter():127|MotionDevice 0, TimingClassification 11, InitStructureID 0[EOL]
[2026-09-22T08:31:01.914212Z][RSH.newgen-reagentstoragehandler][I][0][141]CReagentStorageListener.cpp:PDOReceived():131|Received report bytes 0x17 0x75 0x03 0x00 0x4f 0x32 0xf4 0x00[EOL]
[2026-09-22T08:31:01.914266Z][RSH.newgen-reagentstoragehandler][I][1009005][141]CEnableOneMotorDeviceIntProcedure.cpp:SetParameter():82|MotionDevice 0[EOL]
[2026-09-22T08:31:01.985275Z][RSH.newgen-reagentstoragehandler][I][0][141]CReagentStorageListener.cpp:EvaluateTemperatureState():278|CReagentStorageListener::EvaluateTemperatureState -- temperatureCelsius = 4.950006[EOL]
[2026-09-22T08:31:01.985291Z][RSH.newgen-reagentstoragehandler][I][0][141]CReagentStorageListener.cpp:EvaluateTemperatureState():288|return EReagentStorageTemperatureState::ReagentStorageTemperatureState_Refrigerated[EOL]
[2026-09-22T08:31:01.985329Z][RSH.newgen-reagentstoragehandler][I][0][141]CInitProcedure.cpp:operator()():109|Evaluated reagentTemperatureState during init = ReagentStorageTemperatureState_Refrigerated (2)[EOL]
[2026-09-22T08:31:01.985368Z][RSH.newgen-reagentstoragehandler][I][844444436][141]UnitCommunicator.cpp:SendEvent():424|Publishing event: type=Roche.c68_8800.ReagentStorageHandler.ReagentStorageConditionChanged correlation_id=(n/a)[EOL]
[2026-09-22T08:31:01.985415Z][RSH.newgen-reagentstoragehandler][I][2560017][141]MessageSender.h:SendEvent():105|Sent RabbitMqEvent Roche.c68_8800.ReagentStorageHandler.ReagentStorageConditionChanged. Content: {"Timestamp":"2026-09-22T08:31:01.985361Z","TraceContext":"00-3d44571cc9385692cbc34e3087a91ec1-26747a8066a17714-01","TemperatureState":"RefrigeratedTemperature","Temperature":{"Unit":"C","Amount":4.950006103515648},"IsHumidityInRange":true,"Humidity":30}[EOL]
[2026-09-22T08:31:01.990216Z][RSH.newgen-reagentstoragehandler][I][1009050][141]CGetSingleBitInputStateStep.cpp:ReportReceived():117|The received signal level is SignalLevel_H_L_Enum_Low (0)[EOL]
[2026-09-22T08:31:01.990306Z][RSH.newgen-reagentstoragehandler][I][844444436][141]UnitCommunicator.cpp:SendEvent():424|Publishing event: type=Roche.c68_8800.ReagentStorageHandler.CassettePresenceSensorStateChanged correlation_id=(n/a)[EOL]
[2026-09-22T08:31:01.990349Z][RSH.newgen-reagentstoragehandler][I][2560017][141]MessageSender.h:SendEvent():105|Sent RabbitMqEvent Roche.c68_8800.ReagentStorageHandler.CassettePresenceSensorStateChanged. Content: {"Timestamp":"2026-09-22T08:31:01.990296Z","TraceContext":"00-dd82d13ed26ec30b58a7827c44aa343a-49cd21aa025a1b31-01","IsPresent":false}[EOL]
[2026-09-22T08:31:01.996234Z][RSH.newgen-reagentstoragehandler][I][0][141]CReagentStorageListener.cpp:PDOReceived():131|Received report bytes 0x0f 0x76 0x03 0x00 0x01 0x00 0x00 0x50[EOL]
[2026-09-22T08:31:01.996476Z][RSH.newgen-reagentstoragehandler][I][3410102][141]CMoveSliderProcedure.cpp:SetParameter():33|MoveSlider is called to Open position.[EOL]
[2026-09-22T08:31:02.022229Z][RSH.newgen-reagentstoragehandler][N][2930023][141]CSMCMoveInterruptedStep.cpp:PrintReceivedParameters():98|m_InterruptPosition: 10000, m_InterruptEvent: SMSInterruptEvent_SensorID1 (1)[EOL]
[2026-09-22T08:31:02.027579Z][RSH.newgen-reagentstoragehandler][I][3410127][141]CInventoryIntProcedure.cpp:SetParameter():43|InventoryInt is called[EOL]
[2026-09-22T08:31:02.027632Z][RSH.newgen-reagentstoragehandler][I][0][141]CInventoryIntProcedure.cpp:operator()():49|Stop CPollElevatorSensorProcedure[EOL]
[2026-09-22T08:31:02.027657Z][RSH.newgen-reagentstoragehandler][I][3410067][141]CWaitOnDataPoolFlagStep.cpp:IsSatisfied():76|Wait on desired DataPool Flag 18 is done. Flag value is 0[EOL]
[2026-09-22T08:31:02.029468Z][RSH.newgen-reagentstoragehandler][I][0][141]CReagentStorageListener.cpp:PDOReceived():131|Received report bytes 0x13 0x77 0x01 0x00 0x8f 0x32 0xf4 0x00[EOL]
[2026-09-22T08:31:02.030258Z][RSH.newgen-reagentstoragehandler][I][0][141]CReagentStorageListener.cpp:PDOReceived():131|Received report bytes 0x13 0x77 0x02 0x03 0x8f 0x32 0xf4 0x00[EOL]
[2026-09-22T08:31:02.031377Z][RSH.newgen-reagentstoragehandler][I][0][141]CReagentStorageListener.cpp:PDOReceived():131|Received report bytes 0x13 0x77 0x04 0x03 0x8f 0x32 0xf4 0x00[EOL]
[2026-09-22T08:31:02.032157Z][RSH.newgen-reagentstoragehandler][I][0][141]CReagentStorageListener.cpp:PDOReceived():131|Received report bytes 0x13 0x77 0x02 0x04 0x8f 0x32 0xf4 0x00[EOL]
[2026-09-22T08:31:02.033273Z][RSH.newgen-reagentstoragehandler][I][3410069][141]CCheckForFreeStep.cpp:AnalyzeSpecificReportData():58|ReagentStorage Cooler position Low: 0x0, position High: 0x0[EOL]
[2026-09-22T08:31:02.033359Z][RSH.newgen-reagentstoragehandler][I][0][141]CReagentStorageListener.cpp:PDOReceived():131|Received report bytes 0x13 0x77 0x03 0x00 0x00 0x00 0xf7 0x18[EOL]
[2026-09-22T08:31:02.033688Z][RSH.newgen-reagentstoragehandler][I][0][141]CInventoryIntProcedure.cpp:operator()():87|CanSkipInventory check: CassettesAreConsistent = 'true',  CassettesNeedsInvalidationAfter36HOff = 'false', TemperatureWasOutOfRefrigeratedBand = 'false', forceFullInventory = 'false', SkipInventory = 'true'[EOL]
[2026-09-22T08:31:02.033806Z][RSH.newgen-reagentstoragehandler][I][844444436][141]UnitCommunicator.cpp:SendEvent():424|Publishing event: type=Roche.c68_8800.ReagentStorageHandler.CassetteStoragePositionStateChanged correlation_id=(n/a)[EOL]
[2026-09-22T08:31:02.033968Z][RSH.newgen-reagentstoragehandler][I][2560017][141]MessageSender.h:SendEvent():105|Sent RabbitMqEvent Roche.c68_8800.ReagentStorageHandler.CassetteStoragePositionStateChanged. Content: {"Timestamp":"2026-09-22T08:31:02.033794Z","StoragePositionId":"ControlCassetteLevel1Position1","RfidStatus":["NotRead","NotRead","NotRead","NotRead"],"Cassette":null}[EOL]
[2026-09-22T08:31:02.033980Z][RSH.newgen-reagentstoragehandler][I][844444436][141]UnitCommunicator.cpp:SendEvent():424|Publishing event: type=Roche.c68_8800.ReagentStorageHandler.CassetteStoragePositionStateChanged correlation_id=(n/a)[EOL]
[2026-09-22T08:31:02.034005Z][RSH.newgen-reagentstoragehandler][I][2560017][141]MessageSender.h:SendEvent():105|Sent RabbitMqEvent Roche.c68_8800.ReagentStorageHandler.CassetteStoragePositionStateChanged. Content: {"Timestamp":"2026-09-22T08:31:02.033978Z","StoragePositionId":"ControlCassetteLevel1Position2","RfidStatus":["NotRead","NotRead","NotRead","NotRead"],"Cassette":null}[EOL]
[2026-09-22T08:31:02.034011Z][RSH.newgen-reagentstoragehandler][I][844444436][141]UnitCommunicator.cpp:SendEvent():424|Publishing event: type=Roche.c68_8800.ReagentStorageHandler.CassetteStoragePositionStateChanged correlation_id=(n/a)[EOL]
[2026-09-22T08:31:02.034058Z][RSH.newgen-reagentstoragehandler][I][2560017][141]MessageSender.h:SendEvent():105|Sent RabbitMqEvent Roche.c68_8800.ReagentStorageHandler.CassetteStoragePositionStateChanged. Content: {"Timestamp":"2026-09-22T08:31:02.034009Z","StoragePositionId":"ControlCassetteLevel1Position3","RfidStatus":["NotRead","NotRead","NotRead","NotRead"],"Cassette":null}[EOL]
[2026-09-22T08:31:02.034067Z][RSH.newgen-reagentstoragehandler][I][844444436][141]UnitCommunicator.cpp:SendEvent():424|Publishing event: type=Roche.c68_8800.ReagentStorageHandler.CassetteStoragePositionStateChanged correlation_id=(n/a)[EOL]
[2026-09-22T08:31:02.034218Z][RSH.newgen-reagentstoragehandler][I][2560017][141]MessageSender.h:SendEvent():105|Sent RabbitMqEvent Roche.c68_8800.ReagentStorageHandler.CassetteStoragePositionStateChanged. Content: {"Timestamp":"2026-09-22T08:31:02.034063Z","StoragePositionId":"ControlCassetteLevel1Position4","RfidStatus":["NotRead","NotRead","NotRead","NotRead"],"Cassette":null}[EOL]
[2026-09-22T08:31:02.034272Z][RSH.newgen-reagentstoragehandler][I][844444436][141]UnitCommunicator.cpp:SendEvent():424|Publishing event: type=Roche.c68_8800.ReagentStorageHandler.CassetteStoragePositionStateChanged correlation_id=(n/a)[EOL]
[2026-09-22T08:31:02.034310Z][RSH.newgen-reagentstoragehandler][I][2560017][141]MessageSender.h:SendEvent():105|Sent RabbitMqEvent Roche.c68_8800.ReagentStorageHandler.CassetteStoragePositionStateChanged. Content: {"Timestamp":"2026-09-22T08:31:02.034266Z","StoragePositionId":"GeneralCassetteLevel2Position1","RfidStatus":["NotRead","NotRead","NotRead","NotRead"],"Cassette":null}[EOL]
[2026-09-22T08:31:02.034320Z][RSH.newgen-reagentstoragehandler][I][844444436][141]UnitCommunicator.cpp:SendEvent():424|Publishing event: type=Roche.c68_8800.ReagentStorageHandler.CassetteStoragePositionStateChanged correlation_id=(n/a)[EOL]
[2026-09-22T08:31:02.034472Z][RSH.newgen-reagentstoragehandler][I][2560017][141]MessageSender.h:SendEvent():105|Sent RabbitMqEvent Roche.c68_8800.ReagentStorageHandler.CassetteStoragePositionStateChanged. Content: {"Timestamp":"2026-09-22T08:31:02.034317Z","StoragePositionId":"GeneralCassetteLevel2Position2","RfidStatus":["NotRead","NotRead","NotRead","NotRead"],"Cassette":null}[EOL]
[2026-09-22T08:31:02.034492Z][RSH.newgen-reagentstoragehandler][I][844444436][141]UnitCommunicator.cpp:SendEvent():424|Publishing event: type=Roche.c68_8800.ReagentStorageHandler.CassetteStoragePositionStateChanged correlation_id=(n/a)[EOL]
[2026-09-22T08:31:02.034569Z][RSH.newgen-reagentstoragehandler][I][2560017][141]MessageSender.h:SendEvent():105|Sent RabbitMqEvent Roche.c68_8800.ReagentStorageHandler.CassetteStoragePositionStateChanged. Content: {"Timestamp":"2026-09-22T08:31:02.034487Z","StoragePositionId":"GeneralCassetteLevel2Position3","RfidStatus":["NotRead","NotRead","NotRead","NotRead"],"Cassette":null}[EOL]
[2026-09-22T08:31:02.034584Z][RSH.newgen-reagentstoragehandler][I][844444436][141]UnitCommunicator.cpp:SendEvent():424|Publishing event: type=Roche.c68_8800.ReagentStorageHandler.CassetteStoragePositionStateChanged correlation_id=(n/a)[EOL]
[2026-09-22T08:31:02.034673Z][RSH.newgen-reagentstoragehandler][I][2560017][141]MessageSender.h:SendEvent():105|Sent RabbitMqEvent Roche.c68_8800.ReagentStorageHandler.CassetteStoragePositionStateChanged. Content: {"Timestamp":"2026-09-22T08:31:02.034581Z","StoragePositionId":"GeneralCassetteLevel2Position4","RfidStatus":["NotRead","NotRead","NotRead","NotRead"],"Cassette":null}[EOL]
[2026-09-22T08:31:02.034689Z][RSH.newgen-reagentstoragehandler][I][844444436][141]UnitCommunicator.cpp:SendEvent():424|Publishing event: type=Roche.c68_8800.ReagentStorageHandler.CassetteStoragePositionStateChanged correlation_id=(n/a)[EOL]
[2026-09-22T08:31:02.034717Z][RSH.newgen-reagentstoragehandler][I][2560017][141]MessageSender.h:SendEvent():105|Sent RabbitMqEvent Roche.c68_8800.ReagentStorageHandler.CassetteStoragePositionStateChanged. Content: {"Timestamp":"2026-09-22T08:31:02.034685Z","StoragePositionId":"GeneralCassetteLevel3Position1","RfidStatus":["NotRead","NotRead","NotRead","NotRead"],"Cassette":null}[EOL]
[2026-09-22T08:31:02.034723Z][RSH.newgen-reagentstoragehandler][I][844444436][141]UnitCommunicator.cpp:SendEvent():424|Publishing event: type=Roche.c68_8800.ReagentStorageHandler.CassetteStoragePositionStateChanged correlation_id=(n/a)[EOL]
[2026-09-22T08:31:02.034749Z][RSH.newgen-reagentstoragehandler][I][2560017][141]MessageSender.h:SendEvent():105|Sent RabbitMqEvent Roche.c68_8800.ReagentStorageHandler.CassetteStoragePositionStateChanged. Content: {"Timestamp":"2026-09-22T08:31:02.034721Z","StoragePositionId":"GeneralCassetteLevel3Position2","RfidStatus":["NotRead","NotRead","NotRead","NotRead"],"Cassette":null}[EOL]
[2026-09-22T08:31:02.034775Z][RSH.newgen-reagentstoragehandler][I][844444436][141]UnitCommunicator.cpp:SendEvent():424|Publishing event: type=Roche.c68_8800.ReagentStorageHandler.CassetteStoragePositionStateChanged correlation_id=(n/a)[EOL]
[2026-09-22T08:31:02.035068Z][RSH.newgen-reagentstoragehandler][I][2560017][141]MessageSender.h:SendEvent():105|Sent RabbitMqEvent Roche.c68_8800.ReagentStorageHandler.CassetteStoragePositionStateChanged. Content: {"Timestamp":"2026-09-22T08:31:02.034758Z","StoragePositionId":"GeneralCassetteLevel3Position3","RfidStatus":["NotRead","NotRead","NotRead","NotRead"],"Cassette":null}[EOL]
[2026-09-22T08:31:02.035137Z][RSH.newgen-reagentstoragehandler][I][844444436][141]UnitCommunicator.cpp:SendEvent():424|Publishing event: type=Roche.c68_8800.ReagentStorageHandler.CassetteStoragePositionStateChanged correlation_id=(n/a)[EOL]
[2026-09-22T08:31:02.035200Z][RSH.newgen-reagentstoragehandler][I][2560017][141]MessageSender.h:SendEvent():105|Sent RabbitMqEvent Roche.c68_8800.ReagentStorageHandler.CassetteStoragePositionStateChanged. Content: {"Timestamp":"2026-09-22T08:31:02.035124Z","StoragePositionId":"GeneralCassetteLevel3Position4","RfidStatus":["NotRead","NotRead","NotRead","NotRead"],"Cassette":null}[EOL]
[2026-09-22T08:31:02.035467Z][RSH.newgen-reagentstoragehandler][I][844444436][141]UnitCommunicator.cpp:SendEvent():424|Publishing event: type=Roche.c68_8800.ReagentStorageHandler.CassetteStoragePositionStateChanged correlation_id=(n/a)[EOL]
[2026-09-22T08:31:02.035737Z][RSH.newgen-reagentstoragehandler][I][2560017][141]MessageSender.h:SendEvent():105|Sent RabbitMqEvent Roche.c68_8800.ReagentStorageHandler.CassetteStoragePositionStateChanged. Content: {"Timestamp":"2026-09-22T08:31:02.035342Z","StoragePositionId":"GeneralCassetteLevel4Position1","RfidStatus":["NotRead","NotRead","NotRead","NotRead"],"Cassette":null}[EOL]
[2026-09-22T08:31:02.035761Z][RSH.newgen-reagentstoragehandler][I][844444436][141]UnitCommunicator.cpp:SendEvent():424|Publishing event: type=Roche.c68_8800.ReagentStorageHandler.CassetteStoragePositionStateChanged correlation_id=(n/a)[EOL]
[2026-09-22T08:31:02.035785Z][RSH.newgen-reagentstoragehandler][I][2560017][141]MessageSender.h:SendEvent():105|Sent RabbitMqEvent Roche.c68_8800.ReagentStorageHandler.CassetteStoragePositionStateChanged. Content: {"Timestamp":"2026-09-22T08:31:02.035755Z","StoragePositionId":"GeneralCassetteLevel4Position2","RfidStatus":["NotRead","NotRead","NotRead","NotRead"],"Cassette":null}[EOL]
[2026-09-22T08:31:02.035794Z][RSH.newgen-reagentstoragehandler][I][844444436][141]UnitCommunicator.cpp:SendEvent():424|Publishing event: type=Roche.c68_8800.ReagentStorageHandler.CassetteStoragePositionStateChanged correlation_id=(n/a)[EOL]
[2026-09-22T08:31:02.035849Z][RSH.newgen-reagentstoragehandler][I][2560017][141]MessageSender.h:SendEvent():105|Sent RabbitMqEvent Roche.c68_8800.ReagentStorageHandler.CassetteStoragePositionStateChanged. Content: {"Timestamp":"2026-09-22T08:31:02.035790Z","StoragePositionId":"GeneralCassetteLevel4Position3","RfidStatus":["NotRead","NotRead","NotRead","NotRead"],"Cassette":null}[EOL]
[2026-09-22T08:31:02.035861Z][RSH.newgen-reagentstoragehandler][I][844444436][141]UnitCommunicator.cpp:SendEvent():424|Publishing event: type=Roche.c68_8800.ReagentStorageHandler.CassetteStoragePositionStateChanged correlation_id=(n/a)[EOL]
[2026-09-22T08:31:02.035877Z][RSH.newgen-reagentstoragehandler][I][2560017][141]MessageSender.h:SendEvent():105|Sent RabbitMqEvent Roche.c68_8800.ReagentStorageHandler.CassetteStoragePositionStateChanged. Content: {"Timestamp":"2026-09-22T08:31:02.035858Z","StoragePositionId":"GeneralCassetteLevel4Position4","RfidStatus":["NotRead","NotRead","NotRead","NotRead"],"Cassette":null}[EOL]
[2026-09-22T08:31:02.036066Z][RSH.newgen-reagentstoragehandler][I][0][141]CReagentStorageListener.cpp:PDOReceived():131|Received report bytes 0x13 0x77 0x03 0x00 0x00 0x00 0xf7 0x18[EOL]
[2026-09-22T08:31:02.036193Z][RSH.newgen-reagentstoragehandler][I][0][141]CASStateMachine.cpp:ReportStateChange():238|ModuleState changed: ModuleState_Initializing (3) --> ModuleState_Ready (4)[EOL]
[2026-09-22T08:31:02.036330Z][RSH.newgen-reagentstoragehandler][I][844444436][141]UnitCommunicator.cpp:SendEvent():424|Publishing event: type=Roche.c68_8800.ReagentStorageHandler.ReagentStorageHandlerStateChanged correlation_id=(n/a)[EOL]
[2026-09-22T08:31:02.036472Z][RSH.newgen-reagentstoragehandler][I][2560017][141]MessageSender.h:SendEvent():105|Sent RabbitMqEvent Roche.c68_8800.ReagentStorageHandler.ReagentStorageHandlerStateChanged. Content: {"Timestamp":"2026-09-22T08:31:02.036239Z","TraceContext":"00-6a2e103f6c3f82c91fb21b3b8833be2f-f04e01eca0c039ca-01","OldState":"Initializing","NewState":"Ready"}[EOL]
[2026-09-22T08:31:02.036517Z][RSH.newgen-reagentstoragehandler][I][844444436][141]UnitCommunicator.cpp:SendEvent():424|Publishing event: type=Roche.c68_8800.ReagentStorageHandler.UnitStateChanged correlation_id=(n/a)[EOL]
[2026-09-22T08:31:02.036541Z][RSH.newgen-reagentstoragehandler][I][2560017][141]MessageSender.h:SendEvent():105|Sent RabbitMqEvent Roche.c68_8800.ReagentStorageHandler.UnitStateChanged. Content: {"Timestamp":"2026-09-22T08:31:02.036511Z","TraceContext":"00-772b6fbe385036bca46bd994f1dcb6aa-d8604228c17b1b30-01","OldState":"Initializing","NewState":"Operational"}[EOL]
[2026-09-22T08:31:04.343775Z][RSH.newgen-reagentstoragehandler][W][2330306][141]CRTCyclicEvent.cpp:TimeMissed():101|Cycle miss in event CCSICombinedCmdManager Cyclic Event. Time Overrun is 209 us[EOL]
[2026-09-22T08:31:04.343812Z][RSH.newgen-reagentstoragehandler][W][2330306][141]CRTCyclicEvent.cpp:TimeMissed():101|Cycle miss in event CCSICombinedRepManager. Time Overrun is 209 us[EOL]
[2026-09-22T08:31:04.452044Z][RSH.rfidreader][W][2330306][133]CRTCyclicEvent.cpp:TimeMissed():101|Cycle miss in event CCSICombinedCmdManager Cyclic Event. Time Overrun is 24223 us[EOL]
[2026-09-22T08:31:04.452076Z][RSH.rfidreader][W][2330306][133]CRTCyclicEvent.cpp:TimeMissed():101|Cycle miss in event CCSICombinedRepManager. Time Overrun is 24223 us[EOL]
[2026-09-22T08:31:07.033273Z][RSH.rfidreader][W][2330306][133]CRTCyclicEvent.cpp:TimeMissed():101|Cycle miss in event CCSICombinedCmdManager Cyclic Event. Time Overrun is 5493 us[EOL]
[2026-09-22T08:31:07.033329Z][RSH.rfidreader][W][2330306][133]CRTCyclicEvent.cpp:TimeMissed():101|Cycle miss in event CCSICombinedRepManager. Time Overrun is 5493 us[EOL]
[2026-09-22T08:31:08.284184Z][RSH.rfidreader][W][2330306][133]CRTCyclicEvent.cpp:TimeMissed():101|Cycle miss in event CCSICombinedCmdManager Cyclic Event. Time Overrun is 26409 us[EOL]
[2026-09-22T08:31:08.284213Z][RSH.rfidreader][W][2330306][133]CRTCyclicEvent.cpp:TimeMissed():101|Cycle miss in event CCSICombinedRepManager. Time Overrun is 26409 us[EOL]
[2026-09-22T08:31:10.724204Z][RSH.newgen-reagentstoragehandler][W][2330306][141]CRTCyclicEvent.cpp:TimeMissed():101|Cycle miss in event CCSICombinedCmdManager Cyclic Event. Time Overrun is 638 us[EOL]
[2026-09-22T08:31:10.724238Z][RSH.newgen-reagentstoragehandler][W][2330306][141]CRTCyclicEvent.cpp:TimeMissed():101|Cycle miss in event CCSICombinedRepManager. Time Overrun is 638 us[EOL]
[2026-09-22T08:31:10.750686Z][RSH.rfidreader][W][2330306][133]CRTCyclicEvent.cpp:TimeMissed():101|Cycle miss in event CCSICombinedCmdManager Cyclic Event. Time Overrun is 2911 us[EOL]
[2026-09-22T08:31:10.750715Z][RSH.rfidreader][W][2330306][133]CRTCyclicEvent.cpp:TimeMissed():101|Cycle miss in event CCSICombinedRepManager. Time Overrun is 2911 us[EOL]
[2026-09-22T08:31:11.598232Z][RSH.rfidreader][W][2330306][133]CRTCyclicEvent.cpp:TimeMissed():101|Cycle miss in event CCSICombinedCmdManager Cyclic Event. Time Overrun is 432 us[EOL]
[2026-09-22T08:31:11.598265Z][RSH.rfidreader][W][2330306][133]CRTCyclicEvent.cpp:TimeMissed():101|Cycle miss in event CCSICombinedRepManager. Time Overrun is 432 us[EOL]
[2026-09-22T08:31:12.151157Z][RSH.newgen-reagentstoragehandler][I][2560016][141]IMessageHandler.h:operator()():53|Received RabbitMqMessage Roche.c68_8800.InstrumentState.InstrumentStateChanged. Content: {"Timestamp":"2026-09-22T08:31:12.1379686Z","TraceContext":"00-096a14d08ddfa8652d114d8f390ec520-0d37330fa2f71cf3-01","OldState":"Initializing","NewState":"Standby"}[EOL]
[2026-09-22T08:31:12.152066Z][RSH.newgen-reagentstoragehandler][I][2560016][141]IMessageHandler.h:operator()():40|Received RabbitMqMessage Roche.c68_8800.InstrumentState.InstrumentStateChanged. Content: {"Timestamp":"2026-09-22T08:31:12.1379686Z","TraceContext":"00-096a14d08ddfa8652d114d8f390ec520-0d37330fa2f71cf3-01","OldState":"Initializing","NewState":"Standby"}[EOL]
[2026-09-22T08:31:17.675749Z][RSH.newgen-reagentstoragehandler][W][2330306][141]CRTCyclicEvent.cpp:TimeMissed():101|Cycle miss in event CCSICombinedCmdManager Cyclic Event. Time Overrun is 12187 us[EOL]
[2026-09-22T08:31:17.675783Z][RSH.newgen-reagentstoragehandler][W][2330306][141]CRTCyclicEvent.cpp:TimeMissed():101|Cycle miss in event CCSICombinedRepManager. Time Overrun is 12187 us[EOL]
[2026-09-22T08:31:26.094647Z][RSH.newgen-reagentstoragehandler][W][2330306][141]CRTCyclicEvent.cpp:TimeMissed():101|Cycle miss in event CCSICombinedCmdManager Cyclic Event. Time Overrun is 1084 us[EOL]
[2026-09-22T08:31:26.094675Z][RSH.newgen-reagentstoragehandler][W][2330306][141]CRTCyclicEvent.cpp:TimeMissed():101|Cycle miss in event CCSICombinedRepManager. Time Overrun is 1084 us[EOL]
[2026-09-22T08:31:26.313880Z][RSH.newgen-reagentstoragehandler][W][2330306][141]CRTCyclicEvent.cpp:TimeMissed():101|Cycle miss in event CCSICombinedCmdManager Cyclic Event. Time Overrun is 318 us[EOL]
[2026-09-22T08:31:26.313905Z][RSH.newgen-reagentstoragehandler][W][2330306][141]CRTCyclicEvent.cpp:TimeMissed():101|Cycle miss in event CCSICombinedRepManager. Time Overrun is 318 us[EOL]
[2026-09-22T08:31:26.315109Z][RSH.rfidreader][W][2330306][133]CRTCyclicEvent.cpp:TimeMissed():101|Cycle miss in event CCSICombinedCmdManager Cyclic Event. Time Overrun is 7336 us[EOL]
[2026-09-22T08:31:26.315137Z][RSH.rfidreader][W][2330306][133]CRTCyclicEvent.cpp:TimeMissed():101|Cycle miss in event CCSICombinedRepManager. Time Overrun is 7336 us[EOL]
[2026-09-22T08:31:26.446629Z][RSH.rfidreader][W][2330306][133]CRTCyclicEvent.cpp:TimeMissed():101|Cycle miss in event CCSICombinedCmdManager Cyclic Event. Time Overrun is 8857 us[EOL]
[2026-09-22T08:31:26.446650Z][RSH.rfidreader][W][2330306][133]CRTCyclicEvent.cpp:TimeMissed():101|Cycle miss in event CCSICombinedRepManager. Time Overrun is 8857 us[EOL]
[2026-09-22T08:31:26.472821Z][RSH.newgen-reagentstoragehandler][W][2330306][141]CRTCyclicEvent.cpp:TimeMissed():101|Cycle miss in event CCSICombinedCmdManager Cyclic Event. Time Overrun is 39258 us[EOL]
[2026-09-22T08:31:26.472846Z][RSH.newgen-reagentstoragehandler][W][2330306][141]CRTCyclicEvent.cpp:TimeMissed():101|Cycle miss in event CCSICombinedRepManager. Time Overrun is 39258 us[EOL]
[2026-09-22T08:31:27.004489Z][RSH.newgen-reagentstoragehandler][W][2330306][141]CRTCyclicEvent.cpp:TimeMissed():101|Cycle miss in event CCSICombinedCmdManager Cyclic Event. Time Overrun is 927 us[EOL]
[2026-09-22T08:31:27.004513Z][RSH.newgen-reagentstoragehandler][W][2330306][141]CRTCyclicEvent.cpp:TimeMissed():101|Cycle miss in event CCSICombinedRepManager. Time Overrun is 927 us[EOL]
[2026-09-22T08:31:28.300451Z][RSH.newgen-reagentstoragehandler][W][2330306][141]CRTCyclicEvent.cpp:TimeMissed():101|Cycle miss in event CCSICombinedCmdManager Cyclic Event. Time Overrun is 6887 us[EOL]
[2026-09-22T08:31:28.300498Z][RSH.newgen-reagentstoragehandler][W][2330306][141]CRTCyclicEvent.cpp:TimeMissed():101|Cycle miss in event CCSICombinedRepManager. Time Overrun is 6887 us[EOL]
[2026-09-22T08:31:28.349109Z][RSH.rfidreader][W][2330306][133]CRTCyclicEvent.cpp:TimeMissed():101|Cycle miss in event CCSICombinedCmdManager Cyclic Event. Time Overrun is 11217 us[EOL]
[2026-09-22T08:31:28.349322Z][RSH.rfidreader][W][2330306][133]CRTCyclicEvent.cpp:TimeMissed():101|Cycle miss in event CCSICombinedRepManager. Time Overrun is 11217 us[EOL]
[2026-09-22T08:31:28.526769Z][RSH.rfidreader][W][2330306][133]CRTCyclicEvent.cpp:TimeMissed():101|Cycle miss in event CCSICombinedCmdManager Cyclic Event. Time Overrun is 18995 us[EOL]
[2026-09-22T08:31:28.526803Z][RSH.rfidreader][W][2330306][133]CRTCyclicEvent.cpp:TimeMissed():101|Cycle miss in event CCSICombinedRepManager. Time Overrun is 18995 us[EOL]
[2026-09-22T08:31:28.649374Z][RSH.rfidreader][W][2330306][133]CRTCyclicEvent.cpp:TimeMissed():101|Cycle miss in event CCSICombinedCmdManager Cyclic Event. Time Overrun is 11595 us[EOL]
[2026-09-22T08:31:28.649426Z][RSH.rfidreader][W][2330306][133]CRTCyclicEvent.cpp:TimeMissed():101|Cycle miss in event CCSICombinedRepManager. Time Overrun is 11595 us[EOL]
[2026-09-22T08:31:28.789535Z][RSH.rfidreader][W][2330306][133]CRTCyclicEvent.cpp:TimeMissed():101|Cycle miss in event CCSICombinedCmdManager Cyclic Event. Time Overrun is 11758 us[EOL]
[2026-09-22T08:31:28.789578Z][RSH.rfidreader][W][2330306][133]CRTCyclicEvent.cpp:TimeMissed():101|Cycle miss in event CCSICombinedRepManager. Time Overrun is 11758 us[EOL]
[2026-09-22T08:31:28.758305Z][RSH.newgen-reagentstoragehandler][W][2330306][141]CRTCyclicEvent.cpp:TimeMissed():101|Cycle miss in event CCSICombinedCmdManager Cyclic Event. Time Overrun is 24741 us[EOL]
[2026-09-22T08:31:28.758334Z][RSH.newgen-reagentstoragehandler][W][2330306][141]CRTCyclicEvent.cpp:TimeMissed():101|Cycle miss in event CCSICombinedRepManager. Time Overrun is 24741 us[EOL]
[2026-09-22T08:31:28.827465Z][RSH.newgen-reagentstoragehandler][I][2560016][141]IMessageHandler.h:operator()():40|Received RabbitMqMessage Roche.MolLab.InstrumentState.Ping. Content: {"Timestamp":"2026-09-22T08:31:28.6741468Z","PingId":"IS3"}[EOL]
[2026-09-22T08:31:28.827514Z][RSH.newgen-reagentstoragehandler][I][844444436][141]UnitCommunicator.cpp:SendEvent():424|Publishing event: type=Roche.c68_8800.ReagentStorageHandler.Echo correlation_id=(n/a)[EOL]
[2026-09-22T08:31:28.827559Z][RSH.newgen-reagentstoragehandler][I][2560017][141]MessageSender.h:SendEvent():105|Sent RabbitMqEvent Roche.c68_8800.ReagentStorageHandler.Echo. Content: {"Timestamp":"2026-09-22T08:31:28.827504Z","PingId":"IS3"}[EOL]
[2026-09-22T08:31:28.887917Z][RSH.newgen-reagentstoragehandler][W][2330306][141]CRTCyclicEvent.cpp:TimeMissed():101|Cycle miss in event CCSICombinedCmdManager Cyclic Event. Time Overrun is 4352 us[EOL]
[2026-09-22T08:31:28.887961Z][RSH.newgen-reagentstoragehandler][W][2330306][141]CRTCyclicEvent.cpp:TimeMissed():101|Cycle miss in event CCSICombinedRepManager. Time Overrun is 4352 us[EOL]
[2026-09-22T08:31:29.585800Z][RSH.newgen-reagentstoragehandler][W][2330306][141]CRTCyclicEvent.cpp:TimeMissed():101|Cycle miss in event CCSICombinedCmdManager Cyclic Event. Time Overrun is 12232 us[EOL]
[2026-09-22T08:31:29.585865Z][RSH.newgen-reagentstoragehandler][W][2330306][141]CRTCyclicEvent.cpp:TimeMissed():101|Cycle miss in event CCSICombinedRepManager. Time Overrun is 12232 us[EOL]
[2026-09-22T08:31:29.586537Z][RSH.rfidreader][W][2330306][133]CRTCyclicEvent.cpp:TimeMissed():101|Cycle miss in event CCSICombinedCmdManager Cyclic Event. Time Overrun is 18761 us[EOL]
[2026-09-22T08:31:29.586826Z][RSH.rfidreader][W][2330306][133]CRTCyclicEvent.cpp:TimeMissed():101|Cycle miss in event CCSICombinedRepManager. Time Overrun is 18761 us[EOL]
[2026-09-22T08:31:29.739703Z][RSH.rfidreader][W][2330306][133]CRTCyclicEvent.cpp:TimeMissed():101|Cycle miss in event CCSICombinedCmdManager Cyclic Event. Time Overrun is 31926 us[EOL]
[2026-09-22T08:31:29.739754Z][RSH.rfidreader][W][2330306][133]CRTCyclicEvent.cpp:TimeMissed():101|Cycle miss in event CCSICombinedRepManager. Time Overrun is 31926 us[EOL]
[2026-09-22T08:31:29.741780Z][RSH.newgen-reagentstoragehandler][W][2330306][141]CRTCyclicEvent.cpp:TimeMissed():101|Cycle miss in event CCSICombinedCmdManager Cyclic Event. Time Overrun is 28216 us[EOL]
[2026-09-22T08:31:29.741810Z][RSH.newgen-reagentstoragehandler][W][2330306][141]CRTCyclicEvent.cpp:TimeMissed():101|Cycle miss in event CCSICombinedRepManager. Time Overrun is 28216 us[EOL]
[2026-09-22T08:31:31.416444Z][RSH.newgen-reagentstoragehandler][W][2330306][141]CRTCyclicEvent.cpp:TimeMissed():101|Cycle miss in event CCSICombinedCmdManager Cyclic Event. Time Overrun is 2878 us[EOL]
[2026-09-22T08:31:31.416471Z][RSH.newgen-reagentstoragehandler][W][2330306][141]CRTCyclicEvent.cpp:TimeMissed():101|Cycle miss in event CCSICombinedRepManager. Time Overrun is 2878 us[EOL]
[2026-09-22T08:31:36.169803Z][RSH.newgen-reagentstoragehandler][W][2330306][141]CRTCyclicEvent.cpp:TimeMissed():101|Cycle miss in event CCSICombinedCmdManager Cyclic Event. Time Overrun is 16210 us[EOL]
[2026-09-22T08:31:36.169828Z][RSH.newgen-reagentstoragehandler][W][2330306][141]CRTCyclicEvent.cpp:TimeMissed():101|Cycle miss in event CCSICombinedRepManager. Time Overrun is 16210 us[EOL]
[2026-09-22T08:31:36.170540Z][RSH.rfidreader][W][2330306][133]CRTCyclicEvent.cpp:TimeMissed():101|Cycle miss in event CCSICombinedCmdManager Cyclic Event. Time Overrun is 22766 us[EOL]
[2026-09-22T08:31:36.170562Z][RSH.rfidreader][W][2330306][133]CRTCyclicEvent.cpp:TimeMissed():101|Cycle miss in event CCSICombinedRepManager. Time Overrun is 22766 us[EOL]
[2026-09-22T08:31:36.315529Z][RSH.newgen-reagentstoragehandler][W][2330306][141]CRTCyclicEvent.cpp:TimeMissed():101|Cycle miss in event CCSICombinedCmdManager Cyclic Event. Time Overrun is 31965 us[EOL]
[2026-09-22T08:31:36.315598Z][RSH.rfidreader][W][2330306][133]CRTCyclicEvent.cpp:TimeMissed():101|Cycle miss in event CCSICombinedCmdManager Cyclic Event. Time Overrun is 27824 us[EOL]
[2026-09-22T08:31:36.315633Z][RSH.rfidreader][W][2330306][133]CRTCyclicEvent.cpp:TimeMissed():101|Cycle miss in event CCSICombinedRepManager. Time Overrun is 27824 us[EOL]
[2026-09-22T08:31:36.315557Z][RSH.newgen-reagentstoragehandler][W][2330306][141]CRTCyclicEvent.cpp:TimeMissed():101|Cycle miss in event CCSICombinedRepManager. Time Overrun is 31965 us[EOL]
[2026-09-22T08:31:36.554557Z][RSH.newgen-reagentstoragehandler][W][2330306][141]CRTCyclicEvent.cpp:TimeMissed():101|Cycle miss in event CCSICombinedCmdManager Cyclic Event. Time Overrun is 30986 us[EOL]
[2026-09-22T08:31:36.554591Z][RSH.newgen-reagentstoragehandler][W][2330306][141]CRTCyclicEvent.cpp:TimeMissed():101|Cycle miss in event CCSICombinedRepManager. Time Overrun is 30986 us[EOL]
[2026-09-22T08:31:36.790466Z][RSH.rfidreader][W][2330306][133]CRTCyclicEvent.cpp:TimeMissed():101|Cycle miss in event CCSICombinedCmdManager Cyclic Event. Time Overrun is 12692 us[EOL]
[2026-09-22T08:31:36.790497Z][RSH.rfidreader][W][2330306][133]CRTCyclicEvent.cpp:TimeMissed():101|Cycle miss in event CCSICombinedRepManager. Time Overrun is 12692 us[EOL]
[2026-09-22T08:31:36.845396Z][RSH.newgen-reagentstoragehandler][W][2330306][141]CRTCyclicEvent.cpp:TimeMissed():101|Cycle miss in event CCSICombinedCmdManager Cyclic Event. Time Overrun is 1777 us[EOL]
[2026-09-22T08:31:36.845480Z][RSH.newgen-reagentstoragehandler][W][2330306][141]CRTCyclicEvent.cpp:TimeMissed():101|Cycle miss in event CCSICombinedRepManager. Time Overrun is 1777 us[EOL]
[2026-09-22T08:31:36.956380Z][RSH.rfidreader][W][2330306][133]CRTCyclicEvent.cpp:TimeMissed():101|Cycle miss in event CCSICombinedCmdManager Cyclic Event. Time Overrun is 18603 us[EOL]
[2026-09-22T08:31:36.956434Z][RSH.rfidreader][W][2330306][133]CRTCyclicEvent.cpp:TimeMissed():101|Cycle miss in event CCSICombinedRepManager. Time Overrun is 18603 us[EOL]
[2026-09-22T08:31:37.075943Z][RSH.newgen-reagentstoragehandler][W][2330306][141]CRTCyclicEvent.cpp:TimeMissed():101|Cycle miss in event CCSICombinedCmdManager Cyclic Event. Time Overrun is 32379 us[EOL]
[2026-09-22T08:31:37.075965Z][RSH.newgen-reagentstoragehandler][W][2330306][141]CRTCyclicEvent.cpp:TimeMissed():101|Cycle miss in event CCSICombinedRepManager. Time Overrun is 32379 us[EOL]
[2026-09-22T08:31:37.674265Z][RSH.rfidreader][W][2330306][133]CRTCyclicEvent.cpp:TimeMissed():101|Cycle miss in event CCSICombinedCmdManager Cyclic Event. Time Overrun is 6484 us[EOL]
[2026-09-22T08:31:37.674307Z][RSH.rfidreader][W][2330306][133]CRTCyclicEvent.cpp:TimeMissed():101|Cycle miss in event CCSICombinedRepManager. Time Overrun is 6484 us[EOL]
[2026-09-22T08:31:37.740404Z][RSH.newgen-reagentstoragehandler][W][2330306][141]CRTCyclicEvent.cpp:TimeMissed():101|Cycle miss in event CCSICombinedCmdManager Cyclic Event. Time Overrun is 6838 us[EOL]
[2026-09-22T08:31:37.740436Z][RSH.newgen-reagentstoragehandler][W][2330306][141]CRTCyclicEvent.cpp:TimeMissed():101|Cycle miss in event CCSICombinedRepManager. Time Overrun is 6838 us[EOL]
[2026-09-22T08:31:37.903803Z][RSH.rfidreader][W][2330306][133]CRTCyclicEvent.cpp:TimeMissed():101|Cycle miss in event CCSICombinedCmdManager Cyclic Event. Time Overrun is 36026 us[EOL]
[2026-09-22T08:31:37.903841Z][RSH.rfidreader][W][2330306][133]CRTCyclicEvent.cpp:TimeMissed():101|Cycle miss in event CCSICombinedRepManager. Time Overrun is 36026 us[EOL]
[2026-09-22T08:31:38.087976Z][RSH.newgen-reagentstoragehandler][W][2330306][141]CRTCyclicEvent.cpp:TimeMissed():101|Cycle miss in event CCSICombinedCmdManager Cyclic Event. Time Overrun is 4410 us[EOL]
[2026-09-22T08:31:38.088031Z][RSH.newgen-reagentstoragehandler][W][2330306][141]CRTCyclicEvent.cpp:TimeMissed():101|Cycle miss in event CCSICombinedRepManager. Time Overrun is 4410 us[EOL]
[2026-09-22T08:31:38.203759Z][RSH.newgen-reagentstoragehandler][W][2330306][141]CRTCyclicEvent.cpp:TimeMissed():101|Cycle miss in event CCSICombinedCmdManager Cyclic Event. Time Overrun is 186 us[EOL]
[2026-09-22T08:31:38.203821Z][RSH.newgen-reagentstoragehandler][W][2330306][141]CRTCyclicEvent.cpp:TimeMissed():101|Cycle miss in event CCSICombinedRepManager. Time Overrun is 186 us[EOL]
[2026-09-22T08:31:38.207579Z][RSH.rfidreader][W][2330306][133]CRTCyclicEvent.cpp:TimeMissed():101|Cycle miss in event CCSICombinedCmdManager Cyclic Event. Time Overrun is 9802 us[EOL]
[2026-09-22T08:31:38.207624Z][RSH.rfidreader][W][2330306][133]CRTCyclicEvent.cpp:TimeMissed():101|Cycle miss in event CCSICombinedRepManager. Time Overrun is 9802 us[EOL]
[2026-09-22T08:31:44.443931Z][RSH.newgen-reagentstoragehandler][W][2330306][141]CRTCyclicEvent.cpp:TimeMissed():101|Cycle miss in event CCSICombinedCmdManager Cyclic Event. Time Overrun is 365 us[EOL]
[2026-09-22T08:31:44.443986Z][RSH.newgen-reagentstoragehandler][W][2330306][141]CRTCyclicEvent.cpp:TimeMissed():101|Cycle miss in event CCSICombinedRepManager. Time Overrun is 365 us[EOL]
[2026-09-22T08:31:58.689444Z][RSH.newgen-reagentstoragehandler][I][2560016][141]IMessageHandler.h:operator()():40|Received RabbitMqMessage Roche.MolLab.InstrumentState.Ping. Content: {"Timestamp":"2026-09-22T08:31:58.6768148Z","PingId":"IS4"}[EOL]
[2026-09-22T08:31:58.689514Z][RSH.newgen-reagentstoragehandler][I][844444436][141]UnitCommunicator.cpp:SendEvent():424|Publishing event: type=Roche.c68_8800.ReagentStorageHandler.Echo correlation_id=(n/a)[EOL]
[2026-09-22T08:31:58.689537Z][RSH.newgen-reagentstoragehandler][I][2560017][141]MessageSender.h:SendEvent():105|Sent RabbitMqEvent Roche.c68_8800.ReagentStorageHandler.Echo. Content: {"Timestamp":"2026-09-22T08:31:58.689480Z","PingId":"IS4"}[EOL]
[2026-09-22T08:32:04.025583Z][RSH.rfidreader][W][2330306][133]CRTCyclicEvent.cpp:TimeMissed():101|Cycle miss in event CCSICombinedCmdManager Cyclic Event. Time Overrun is 17805 us[EOL]
[2026-09-22T08:32:04.025607Z][RSH.rfidreader][W][2330306][133]CRTCyclicEvent.cpp:TimeMissed():101|Cycle miss in event CCSICombinedRepManager. Time Overrun is 17805 us[EOL]
[2026-09-22T08:32:04.027835Z][RSH.newgen-reagentstoragehandler][W][2330306][141]CRTCyclicEvent.cpp:TimeMissed():101|Cycle miss in event CCSICombinedCmdManager Cyclic Event. Time Overrun is 14271 us[EOL]
[2026-09-22T08:32:04.027861Z][RSH.newgen-reagentstoragehandler][W][2330306][141]CRTCyclicEvent.cpp:TimeMissed():101|Cycle miss in event CCSICombinedRepManager. Time Overrun is 14271 us[EOL]
[2026-09-22T08:32:04.268701Z][RSH.newgen-reagentstoragehandler][W][2330306][141]CRTCyclicEvent.cpp:TimeMissed():101|Cycle miss in event CCSICombinedCmdManager Cyclic Event. Time Overrun is 15133 us[EOL]
[2026-09-22T08:32:04.268751Z][RSH.newgen-reagentstoragehandler][W][2330306][141]CRTCyclicEvent.cpp:TimeMissed():101|Cycle miss in event CCSICombinedRepManager. Time Overrun is 15133 us[EOL]
[2026-09-22T08:32:04.272161Z][RSH.rfidreader][W][2330306][133]CRTCyclicEvent.cpp:TimeMissed():101|Cycle miss in event CCSICombinedCmdManager Cyclic Event. Time Overrun is 14384 us[EOL]
[2026-09-22T08:32:04.272194Z][RSH.rfidreader][W][2330306][133]CRTCyclicEvent.cpp:TimeMissed():101|Cycle miss in event CCSICombinedRepManager. Time Overrun is 14384 us[EOL]
[2026-09-22T08:32:12.470530Z][RSH.rfidreader][W][2330306][133]CRTCyclicEvent.cpp:TimeMissed():101|Cycle miss in event CCSICombinedCmdManager Cyclic Event. Time Overrun is 2757 us[EOL]
[2026-09-22T08:32:12.470554Z][RSH.rfidreader][W][2330306][133]CRTCyclicEvent.cpp:TimeMissed():101|Cycle miss in event CCSICombinedRepManager. Time Overrun is 2757 us[EOL]
[2026-09-22T08:32:21.304829Z][RSH.newgen-reagentstoragehandler][W][2330306][141]CRTCyclicEvent.cpp:TimeMissed():101|Cycle miss in event CCSICombinedCmdManager Cyclic Event. Time Overrun is 1261 us[EOL]
[2026-09-22T08:32:21.304899Z][RSH.newgen-reagentstoragehandler][W][2330306][141]CRTCyclicEvent.cpp:TimeMissed():101|Cycle miss in event CCSICombinedRepManager. Time Overrun is 1261 us[EOL]
[2026-09-22T08:32:28.148333Z][RSH.rfidreader][W][2330306][133]CRTCyclicEvent.cpp:TimeMissed():101|Cycle miss in event CCSICombinedCmdManager Cyclic Event. Time Overrun is 558 us[EOL]
[2026-09-22T08:32:28.148374Z][RSH.rfidreader][W][2330306][133]CRTCyclicEvent.cpp:TimeMissed():101|Cycle miss in event CCSICombinedRepManager. Time Overrun is 558 us[EOL]
[2026-09-22T08:32:28.687355Z][RSH.newgen-reagentstoragehandler][I][2560016][141]IMessageHandler.h:operator()():40|Received RabbitMqMessage Roche.MolLab.InstrumentState.Ping. Content: {"Timestamp":"2026-09-22T08:32:28.6747648Z","PingId":"IS5"}[EOL]
[2026-09-22T08:32:28.687468Z][RSH.newgen-reagentstoragehandler][I][844444436][141]UnitCommunicator.cpp:SendEvent():424|Publishing event: type=Roche.c68_8800.ReagentStorageHandler.Echo correlation_id=(n/a)[EOL]
[2026-09-22T08:32:28.687597Z][RSH.newgen-reagentstoragehandler][I][2560017][141]MessageSender.h:SendEvent():105|Sent RabbitMqEvent Roche.c68_8800.ReagentStorageHandler.Echo. Content: {"Timestamp":"2026-09-22T08:32:28.687460Z","PingId":"IS5"}[EOL]
[2026-09-22T08:32:29.274943Z][RSH.newgen-reagentstoragehandler][W][2330306][141]CRTCyclicEvent.cpp:TimeMissed():101|Cycle miss in event CCSICombinedCmdManager Cyclic Event. Time Overrun is 11379 us[EOL]
[2026-09-22T08:32:29.274828Z][RSH.rfidreader][W][2330306][133]CRTCyclicEvent.cpp:TimeMissed():101|Cycle miss in event CCSICombinedCmdManager Cyclic Event. Time Overrun is 7056 us[EOL]
[2026-09-22T08:32:29.274970Z][RSH.newgen-reagentstoragehandler][W][2330306][141]CRTCyclicEvent.cpp:TimeMissed():101|Cycle miss in event CCSICombinedRepManager. Time Overrun is 11379 us[EOL]
[2026-09-22T08:32:29.274851Z][RSH.rfidreader][W][2330306][133]CRTCyclicEvent.cpp:TimeMissed():101|Cycle miss in event CCSICombinedRepManager. Time Overrun is 7056 us[EOL]
[2026-09-22T08:32:32.454987Z][RSH.newgen-reagentstoragehandler][W][2330306][141]CRTCyclicEvent.cpp:TimeMissed():101|Cycle miss in event CCSICombinedCmdManager Cyclic Event. Time Overrun is 1421 us[EOL]
[2026-09-22T08:32:32.455037Z][RSH.newgen-reagentstoragehandler][W][2330306][141]CRTCyclicEvent.cpp:TimeMissed():101|Cycle miss in event CCSICombinedRepManager. Time Overrun is 1421 us[EOL]
[2026-09-22T08:32:33.335875Z][RSH.newgen-reagentstoragehandler][W][2330306][141]CRTCyclicEvent.cpp:TimeMissed():101|Cycle miss in event CCSICombinedCmdManager Cyclic Event. Time Overrun is 2313 us[EOL]
[2026-09-22T08:32:33.335897Z][RSH.newgen-reagentstoragehandler][W][2330306][141]CRTCyclicEvent.cpp:TimeMissed():101|Cycle miss in event CCSICombinedRepManager. Time Overrun is 2313 us[EOL]
[2026-09-22T08:32:36.032776Z][RSH.rfidreader][W][2330306][133]CRTCyclicEvent.cpp:TimeMissed():101|Cycle miss in event CCSICombinedCmdManager Cyclic Event. Time Overrun is 5001 us[EOL]
[2026-09-22T08:32:36.032811Z][RSH.rfidreader][W][2330306][133]CRTCyclicEvent.cpp:TimeMissed():101|Cycle miss in event CCSICombinedRepManager. Time Overrun is 5001 us[EOL]
[2026-09-22T08:32:36.161417Z][RSH.rfidreader][W][2330306][133]CRTCyclicEvent.cpp:TimeMissed():101|Cycle miss in event CCSICombinedCmdManager Cyclic Event. Time Overrun is 3642 us[EOL]
[2026-09-22T08:32:36.161438Z][RSH.rfidreader][W][2330306][133]CRTCyclicEvent.cpp:TimeMissed():101|Cycle miss in event CCSICombinedRepManager. Time Overrun is 3642 us[EOL]
[2026-09-22T08:32:36.407862Z][RSH.newgen-reagentstoragehandler][W][2330306][141]CRTCyclicEvent.cpp:TimeMissed():101|Cycle miss in event CCSICombinedCmdManager Cyclic Event. Time Overrun is 4299 us[EOL]
[2026-09-22T08:32:36.408037Z][RSH.rfidreader][W][2330306][133]CRTCyclicEvent.cpp:TimeMissed():101|Cycle miss in event CCSICombinedCmdManager Cyclic Event. Time Overrun is 264 us[EOL]
[2026-09-22T08:32:36.408062Z][RSH.rfidreader][W][2330306][133]CRTCyclicEvent.cpp:TimeMissed():101|Cycle miss in event CCSICombinedRepManager. Time Overrun is 264 us[EOL]
[2026-09-22T08:32:36.407885Z][RSH.newgen-reagentstoragehandler][W][2330306][141]CRTCyclicEvent.cpp:TimeMissed():101|Cycle miss in event CCSICombinedRepManager. Time Overrun is 4299 us[EOL]
[2026-09-22T08:32:37.539571Z][RSH.rfidreader][W][2330306][133]CRTCyclicEvent.cpp:TimeMissed():101|Cycle miss in event CCSICombinedCmdManager Cyclic Event. Time Overrun is 11798 us[EOL]
[2026-09-22T08:32:37.539592Z][RSH.rfidreader][W][2330306][133]CRTCyclicEvent.cpp:TimeMissed():101|Cycle miss in event CCSICombinedRepManager. Time Overrun is 11798 us[EOL]
[2026-09-22T08:32:37.540547Z][RSH.newgen-reagentstoragehandler][W][2330306][141]CRTCyclicEvent.cpp:TimeMissed():101|Cycle miss in event CCSICombinedCmdManager Cyclic Event. Time Overrun is 16976 us[EOL]
[2026-09-22T08:32:37.540611Z][RSH.newgen-reagentstoragehandler][W][2330306][141]CRTCyclicEvent.cpp:TimeMissed():101|Cycle miss in event CCSICombinedRepManager. Time Overrun is 16976 us[EOL]
[2026-09-22T08:32:40.495869Z][RSH.rfidreader][W][2330306][133]CRTCyclicEvent.cpp:TimeMissed():101|Cycle miss in event CCSICombinedCmdManager Cyclic Event. Time Overrun is 18097 us[EOL]
[2026-09-22T08:32:40.495892Z][RSH.rfidreader][W][2330306][133]CRTCyclicEvent.cpp:TimeMissed():101|Cycle miss in event CCSICombinedRepManager. Time Overrun is 18097 us[EOL]
[2026-09-22T08:32:40.496034Z][RSH.newgen-reagentstoragehandler][W][2330306][141]CRTCyclicEvent.cpp:TimeMissed():101|Cycle miss in event CCSICombinedCmdManager Cyclic Event. Time Overrun is 12471 us[EOL]
[2026-09-22T08:32:40.496053Z][RSH.newgen-reagentstoragehandler][W][2330306][141]CRTCyclicEvent.cpp:TimeMissed():101|Cycle miss in event CCSICombinedRepManager. Time Overrun is 12471 us[EOL]
[2026-09-22T08:32:40.733675Z][RSH.rfidreader][W][2330306][133]CRTCyclicEvent.cpp:TimeMissed():101|Cycle miss in event CCSICombinedCmdManager Cyclic Event. Time Overrun is 5901 us[EOL]
[2026-09-22T08:32:40.733736Z][RSH.rfidreader][W][2330306][133]CRTCyclicEvent.cpp:TimeMissed():101|Cycle miss in event CCSICombinedRepManager. Time Overrun is 5901 us[EOL]
[2026-09-22T08:32:41.588538Z][RSH.newgen-reagentstoragehandler][W][2330306][141]CRTCyclicEvent.cpp:TimeMissed():101|Cycle miss in event CCSICombinedCmdManager Cyclic Event. Time Overrun is 4941 us[EOL]
[2026-09-22T08:32:41.588573Z][RSH.newgen-reagentstoragehandler][W][2330306][141]CRTCyclicEvent.cpp:TimeMissed():101|Cycle miss in event CCSICombinedRepManager. Time Overrun is 4941 us[EOL]
[2026-09-22T08:32:43.671848Z][RSH.newgen-reagentstoragehandler][W][2330306][141]CRTCyclicEvent.cpp:TimeMissed():101|Cycle miss in event CCSICombinedCmdManager Cyclic Event. Time Overrun is 18285 us[EOL]
[2026-09-22T08:32:43.671696Z][RSH.rfidreader][W][2330306][133]CRTCyclicEvent.cpp:TimeMissed():101|Cycle miss in event CCSICombinedCmdManager Cyclic Event. Time Overrun is 13922 us[EOL]
[2026-09-22T08:32:43.671726Z][RSH.rfidreader][W][2330306][133]CRTCyclicEvent.cpp:TimeMissed():101|Cycle miss in event CCSICombinedRepManager. Time Overrun is 13922 us[EOL]
[2026-09-22T08:32:43.671872Z][RSH.newgen-reagentstoragehandler][W][2330306][141]CRTCyclicEvent.cpp:TimeMissed():101|Cycle miss in event CCSICombinedRepManager. Time Overrun is 18285 us[EOL]
[2026-09-22T08:32:46.070041Z][RSH.rfidreader][W][2330306][133]CRTCyclicEvent.cpp:TimeMissed():101|Cycle miss in event CCSICombinedCmdManager Cyclic Event. Time Overrun is 12266 us[EOL]
[2026-09-22T08:32:46.070164Z][RSH.rfidreader][W][2330306][133]CRTCyclicEvent.cpp:TimeMissed():101|Cycle miss in event CCSICombinedRepManager. Time Overrun is 12266 us[EOL]
[2026-09-22T08:32:46.070279Z][RSH.newgen-reagentstoragehandler][W][2330306][141]CRTCyclicEvent.cpp:TimeMissed():101|Cycle miss in event CCSICombinedCmdManager Cyclic Event. Time Overrun is 6716 us[EOL]
[2026-09-22T08:32:46.070301Z][RSH.newgen-reagentstoragehandler][W][2330306][141]CRTCyclicEvent.cpp:TimeMissed():101|Cycle miss in event CCSICombinedRepManager. Time Overrun is 6716 us[EOL]
[2026-09-22T08:32:46.523023Z][RSH.rfidreader][W][2330306][133]CRTCyclicEvent.cpp:TimeMissed():101|Cycle miss in event CCSICombinedCmdManager Cyclic Event. Time Overrun is 5249 us[EOL]
[2026-09-22T08:32:46.523064Z][RSH.rfidreader][W][2330306][133]CRTCyclicEvent.cpp:TimeMissed():101|Cycle miss in event CCSICombinedRepManager. Time Overrun is 5249 us[EOL]
[2026-09-22T08:32:47.264364Z][RSH.rfidreader][W][2330306][133]CRTCyclicEvent.cpp:TimeMissed():101|Cycle miss in event CCSICombinedCmdManager Cyclic Event. Time Overrun is 6590 us[EOL]
[2026-09-22T08:32:47.264390Z][RSH.rfidreader][W][2330306][133]CRTCyclicEvent.cpp:TimeMissed():101|Cycle miss in event CCSICombinedRepManager. Time Overrun is 6590 us[EOL]
[2026-09-22T08:32:51.421846Z][RSH.newgen-reagentstoragehandler][W][2330306][141]CRTCyclicEvent.cpp:TimeMissed():101|Cycle miss in event CCSICombinedCmdManager Cyclic Event. Time Overrun is 8283 us[EOL]
[2026-09-22T08:32:51.421879Z][RSH.newgen-reagentstoragehandler][W][2330306][141]CRTCyclicEvent.cpp:TimeMissed():101|Cycle miss in event CCSICombinedRepManager. Time Overrun is 8283 us[EOL]
[2026-09-22T08:32:51.421848Z][RSH.rfidreader][W][2330306][133]CRTCyclicEvent.cpp:TimeMissed():101|Cycle miss in event CCSICombinedCmdManager Cyclic Event. Time Overrun is 4075 us[EOL]
[2026-09-22T08:32:51.421871Z][RSH.rfidreader][W][2330306][133]CRTCyclicEvent.cpp:TimeMissed():101|Cycle miss in event CCSICombinedRepManager. Time Overrun is 4075 us[EOL]
[2026-09-22T08:32:53.255228Z][RSH.newgen-reagentstoragehandler][W][2330306][141]CRTCyclicEvent.cpp:TimeMissed():101|Cycle miss in event CCSICombinedCmdManager Cyclic Event. Time Overrun is 51664 us[EOL]
[2026-09-22T08:32:53.255254Z][RSH.newgen-reagentstoragehandler][W][2330306][141]CRTCyclicEvent.cpp:TimeMissed():101|Cycle miss in event CCSICombinedRepManager. Time Overrun is 51664 us[EOL]
[2026-09-22T08:32:53.258270Z][RSH.rfidreader][W][2330306][133]CRTCyclicEvent.cpp:TimeMissed():101|Cycle miss in event CCSICombinedCmdManager Cyclic Event. Time Overrun is 50496 us[EOL]
[2026-09-22T08:32:53.258302Z][RSH.rfidreader][W][2330306][133]CRTCyclicEvent.cpp:TimeMissed():101|Cycle miss in event CCSICombinedRepManager. Time Overrun is 50496 us[EOL]
[2026-09-22T08:32:53.374448Z][RSH.newgen-reagentstoragehandler][W][2330306][141]CRTCyclicEvent.cpp:TimeMissed():101|Cycle miss in event CCSICombinedCmdManager Cyclic Event. Time Overrun is 885 us[EOL]
[2026-09-22T08:32:53.374468Z][RSH.newgen-reagentstoragehandler][W][2330306][141]CRTCyclicEvent.cpp:TimeMissed():101|Cycle miss in event CCSICombinedRepManager. Time Overrun is 885 us[EOL]
[2026-09-22T08:32:58.705241Z][RSH.newgen-reagentstoragehandler][I][2560016][141]IMessageHandler.h:operator()():40|Received RabbitMqMessage Roche.MolLab.InstrumentState.Ping. Content: {"Timestamp":"2026-09-22T08:32:58.6759445Z","PingId":"IS6"}[EOL]
[2026-09-22T08:32:58.705283Z][RSH.newgen-reagentstoragehandler][I][844444436][141]UnitCommunicator.cpp:SendEvent():424|Publishing event: type=Roche.c68_8800.ReagentStorageHandler.Echo correlation_id=(n/a)[EOL]
[2026-09-22T08:32:58.705305Z][RSH.newgen-reagentstoragehandler][I][2560017][141]MessageSender.h:SendEvent():105|Sent RabbitMqEvent Roche.c68_8800.ReagentStorageHandler.Echo. Content: {"Timestamp":"2026-09-22T08:32:58.705277Z","PingId":"IS6"}[EOL]
[2026-09-22T08:32:58.780854Z][RSH.newgen-reagentstoragehandler][W][2330306][141]CRTCyclicEvent.cpp:TimeMissed():101|Cycle miss in event CCSICombinedCmdManager Cyclic Event. Time Overrun is 7292 us[EOL]
[2026-09-22T08:32:58.780878Z][RSH.newgen-reagentstoragehandler][W][2330306][141]CRTCyclicEvent.cpp:TimeMissed():101|Cycle miss in event CCSICombinedRepManager. Time Overrun is 7292 us[EOL]
[2026-09-22T08:32:58.784751Z][RSH.rfidreader][W][2330306][133]CRTCyclicEvent.cpp:TimeMissed():101|Cycle miss in event CCSICombinedCmdManager Cyclic Event. Time Overrun is 6975 us[EOL]
[2026-09-22T08:32:58.784782Z][RSH.rfidreader][W][2330306][133]CRTCyclicEvent.cpp:TimeMissed():101|Cycle miss in event CCSICombinedRepManager. Time Overrun is 6975 us[EOL]
[2026-09-22T08:32:58.914203Z][RSH.rfidreader][W][2330306][133]CRTCyclicEvent.cpp:TimeMissed():101|Cycle miss in event CCSICombinedCmdManager Cyclic Event. Time Overrun is 16431 us[EOL]
[2026-09-22T08:32:58.914224Z][RSH.rfidreader][W][2330306][133]CRTCyclicEvent.cpp:TimeMissed():101|Cycle miss in event CCSICombinedRepManager. Time Overrun is 16431 us[EOL]
[2026-09-22T08:32:58.914645Z][RSH.newgen-reagentstoragehandler][W][2330306][141]CRTCyclicEvent.cpp:TimeMissed():101|Cycle miss in event CCSICombinedCmdManager Cyclic Event. Time Overrun is 11082 us[EOL]
[2026-09-22T08:32:58.914666Z][RSH.newgen-reagentstoragehandler][W][2330306][141]CRTCyclicEvent.cpp:TimeMissed():101|Cycle miss in event CCSICombinedRepManager. Time Overrun is 11082 us[EOL]
[2026-09-22T08:32:59.785434Z][RSH.newgen-reagentstoragehandler][W][2330306][141]CRTCyclicEvent.cpp:TimeMissed():101|Cycle miss in event CCSICombinedCmdManager Cyclic Event. Time Overrun is 21829 us[EOL]
[2026-09-22T08:32:59.785470Z][RSH.newgen-reagentstoragehandler][W][2330306][141]CRTCyclicEvent.cpp:TimeMissed():101|Cycle miss in event CCSICombinedRepManager. Time Overrun is 21829 us[EOL]
[2026-09-22T08:32:59.800314Z][RSH.rfidreader][W][2330306][133]CRTCyclicEvent.cpp:TimeMissed():101|Cycle miss in event CCSICombinedCmdManager Cyclic Event. Time Overrun is 32539 us[EOL]
[2026-09-22T08:32:59.800347Z][RSH.rfidreader][W][2330306][133]CRTCyclicEvent.cpp:TimeMissed():101|Cycle miss in event CCSICombinedRepManager. Time Overrun is 32539 us[EOL]
[2026-09-22T08:33:01.515773Z][RSH.newgen-reagentstoragehandler][W][2330306][141]CRTCyclicEvent.cpp:TimeMissed():101|Cycle miss in event CCSICombinedCmdManager Cyclic Event. Time Overrun is 32209 us[EOL]
[2026-09-22T08:33:01.515896Z][RSH.rfidreader][W][2330306][133]CRTCyclicEvent.cpp:TimeMissed():101|Cycle miss in event CCSICombinedCmdManager Cyclic Event. Time Overrun is 28119 us[EOL]
[2026-09-22T08:33:01.515804Z][RSH.newgen-reagentstoragehandler][W][2330306][141]CRTCyclicEvent.cpp:TimeMissed():101|Cycle miss in event CCSICombinedRepManager. Time Overrun is 32209 us[EOL]
[2026-09-22T08:33:01.515921Z][RSH.rfidreader][W][2330306][133]CRTCyclicEvent.cpp:TimeMissed():101|Cycle miss in event CCSICombinedRepManager. Time Overrun is 28119 us[EOL]
[2026-09-22T08:33:01.926408Z][RSH.rfidreader][W][2330306][133]CRTCyclicEvent.cpp:TimeMissed():101|Cycle miss in event CCSICombinedCmdManager Cyclic Event. Time Overrun is 8635 us[EOL]
[2026-09-22T08:33:01.925016Z][RSH.newgen-reagentstoragehandler][W][2330306][141]CRTCyclicEvent.cpp:TimeMissed():101|Cycle miss in event CCSICombinedCmdManager Cyclic Event. Time Overrun is 1454 us[EOL]
[2026-09-22T08:33:01.926431Z][RSH.rfidreader][W][2330306][133]CRTCyclicEvent.cpp:TimeMissed():101|Cycle miss in event CCSICombinedRepManager. Time Overrun is 8635 us[EOL]
[2026-09-22T08:33:01.925036Z][RSH.newgen-reagentstoragehandler][W][2330306][141]CRTCyclicEvent.cpp:TimeMissed():101|Cycle miss in event CCSICombinedRepManager. Time Overrun is 1454 us[EOL]
[2026-09-22T08:33:06.993076Z][RSH.newgen-reagentstoragehandler][W][2330306][141]CRTCyclicEvent.cpp:TimeMissed():101|Cycle miss in event CCSICombinedCmdManager Cyclic Event. Time Overrun is 9512 us[EOL]
[2026-09-22T08:33:06.993107Z][RSH.newgen-reagentstoragehandler][W][2330306][141]CRTCyclicEvent.cpp:TimeMissed():101|Cycle miss in event CCSICombinedRepManager. Time Overrun is 9512 us[EOL]
[2026-09-22T08:33:11.008266Z][RSH.rfidreader][W][2330306][133]CRTCyclicEvent.cpp:TimeMissed():101|Cycle miss in event CCSICombinedCmdManager Cyclic Event. Time Overrun is 487 us[EOL]
[2026-09-22T08:33:11.008318Z][RSH.rfidreader][W][2330306][133]CRTCyclicEvent.cpp:TimeMissed():101|Cycle miss in event CCSICombinedRepManager. Time Overrun is 487 us[EOL]
[2026-09-22T08:33:13.173790Z][RSH.rfidreader][W][2330306][133]CRTCyclicEvent.cpp:TimeMissed():101|Cycle miss in event CCSICombinedCmdManager Cyclic Event. Time Overrun is 16018 us[EOL]
[2026-09-22T08:33:13.173575Z][RSH.newgen-reagentstoragehandler][W][2330306][141]CRTCyclicEvent.cpp:TimeMissed():101|Cycle miss in event CCSICombinedCmdManager Cyclic Event. Time Overrun is 20012 us[EOL]
[2026-09-22T08:33:13.173810Z][RSH.rfidreader][W][2330306][133]CRTCyclicEvent.cpp:TimeMissed():101|Cycle miss in event CCSICombinedRepManager. Time Overrun is 16018 us[EOL]
[2026-09-22T08:33:13.173597Z][RSH.newgen-reagentstoragehandler][W][2330306][141]CRTCyclicEvent.cpp:TimeMissed():101|Cycle miss in event CCSICombinedRepManager. Time Overrun is 20012 us[EOL]
[2026-09-22T08:33:14.449880Z][RSH.newgen-reagentstoragehandler][W][2330306][141]CRTCyclicEvent.cpp:TimeMissed():101|Cycle miss in event CCSICombinedCmdManager Cyclic Event. Time Overrun is 6317 us[EOL]
[2026-09-22T08:33:14.449916Z][RSH.newgen-reagentstoragehandler][W][2330306][141]CRTCyclicEvent.cpp:TimeMissed():101|Cycle miss in event CCSICombinedRepManager. Time Overrun is 6317 us[EOL]
[2026-09-22T08:33:14.452534Z][RSH.rfidreader][W][2330306][133]CRTCyclicEvent.cpp:TimeMissed():101|Cycle miss in event CCSICombinedCmdManager Cyclic Event. Time Overrun is 4761 us[EOL]
[2026-09-22T08:33:14.452558Z][RSH.rfidreader][W][2330306][133]CRTCyclicEvent.cpp:TimeMissed():101|Cycle miss in event CCSICombinedRepManager. Time Overrun is 4761 us[EOL]
[2026-09-22T08:33:20.069575Z][RSH.rfidreader][W][2330306][133]CRTCyclicEvent.cpp:TimeMissed():101|Cycle miss in event CCSICombinedCmdManager Cyclic Event. Time Overrun is 1801 us[EOL]
[2026-09-22T08:33:20.069604Z][RSH.rfidreader][W][2330306][133]CRTCyclicEvent.cpp:TimeMissed():101|Cycle miss in event CCSICombinedRepManager. Time Overrun is 1801 us[EOL]
[2026-09-22T08:33:20.558603Z][RSH.rfidreader][W][2330306][133]CRTCyclicEvent.cpp:TimeMissed():101|Cycle miss in event CCSICombinedCmdManager Cyclic Event. Time Overrun is 826 us[EOL]
[2026-09-22T08:33:20.558641Z][RSH.rfidreader][W][2330306][133]CRTCyclicEvent.cpp:TimeMissed():101|Cycle miss in event CCSICombinedRepManager. Time Overrun is 826 us[EOL]
[2026-09-22T08:33:22.956719Z][RSH.newgen-reagentstoragehandler][W][2330306][141]CRTCyclicEvent.cpp:TimeMissed():101|Cycle miss in event CCSICombinedCmdManager Cyclic Event. Time Overrun is 33122 us[EOL]
[2026-09-22T08:33:22.957069Z][RSH.rfidreader][W][2330306][133]CRTCyclicEvent.cpp:TimeMissed():101|Cycle miss in event CCSICombinedCmdManager Cyclic Event. Time Overrun is 29288 us[EOL]
[2026-09-22T08:33:22.956756Z][RSH.newgen-reagentstoragehandler][W][2330306][141]CRTCyclicEvent.cpp:TimeMissed():101|Cycle miss in event CCSICombinedRepManager. Time Overrun is 33122 us[EOL]
[2026-09-22T08:33:22.957111Z][RSH.rfidreader][W][2330306][133]CRTCyclicEvent.cpp:TimeMissed():101|Cycle miss in event CCSICombinedRepManager. Time Overrun is 29288 us[EOL]
[2026-09-22T08:33:23.903200Z][RSH.rfidreader][W][2330306][133]CRTCyclicEvent.cpp:TimeMissed():101|Cycle miss in event CCSICombinedCmdManager Cyclic Event. Time Overrun is 5422 us[EOL]
[2026-09-22T08:33:23.903423Z][RSH.newgen-reagentstoragehandler][W][2330306][141]CRTCyclicEvent.cpp:TimeMissed():101|Cycle miss in event CCSICombinedCmdManager Cyclic Event. Time Overrun is 9861 us[EOL]
[2026-09-22T08:33:23.903448Z][RSH.newgen-reagentstoragehandler][W][2330306][141]CRTCyclicEvent.cpp:TimeMissed():101|Cycle miss in event CCSICombinedRepManager. Time Overrun is 9861 us[EOL]
[2026-09-22T08:33:23.903233Z][RSH.rfidreader][W][2330306][133]CRTCyclicEvent.cpp:TimeMissed():101|Cycle miss in event CCSICombinedRepManager. Time Overrun is 5422 us[EOL]
[2026-09-22T08:33:24.303430Z][RSH.rfidreader][W][2330306][133]CRTCyclicEvent.cpp:TimeMissed():101|Cycle miss in event CCSICombinedCmdManager Cyclic Event. Time Overrun is 5656 us[EOL]
[2026-09-22T08:33:24.304660Z][RSH.newgen-reagentstoragehandler][W][2330306][141]CRTCyclicEvent.cpp:TimeMissed():101|Cycle miss in event CCSICombinedCmdManager Cyclic Event. Time Overrun is 1098 us[EOL]
[2026-09-22T08:33:24.304682Z][RSH.newgen-reagentstoragehandler][W][2330306][141]CRTCyclicEvent.cpp:TimeMissed():101|Cycle miss in event CCSICombinedRepManager. Time Overrun is 1098 us[EOL]
[2026-09-22T08:33:24.303466Z][RSH.rfidreader][W][2330306][133]CRTCyclicEvent.cpp:TimeMissed():101|Cycle miss in event CCSICombinedRepManager. Time Overrun is 5656 us[EOL]
[2026-09-22T08:33:26.868951Z][RSH.rfidreader][W][2330306][133]CRTCyclicEvent.cpp:TimeMissed():101|Cycle miss in event CCSICombinedCmdManager Cyclic Event. Time Overrun is 1173 us[EOL]
[2026-09-22T08:33:26.868980Z][RSH.rfidreader][W][2330306][133]CRTCyclicEvent.cpp:TimeMissed():101|Cycle miss in event CCSICombinedRepManager. Time Overrun is 1173 us[EOL]
[2026-09-22T08:33:28.027273Z][RSH.newgen-reagentstoragehandler][W][2330306][141]CRTCyclicEvent.cpp:TimeMissed():101|Cycle miss in event CCSICombinedCmdManager Cyclic Event. Time Overrun is 3709 us[EOL]
[2026-09-22T08:33:28.027302Z][RSH.newgen-reagentstoragehandler][W][2330306][141]CRTCyclicEvent.cpp:TimeMissed():101|Cycle miss in event CCSICombinedRepManager. Time Overrun is 3709 us[EOL]
[2026-09-22T08:33:28.248535Z][RSH.newgen-reagentstoragehandler][W][2330306][141]CRTCyclicEvent.cpp:TimeMissed():101|Cycle miss in event CCSICombinedCmdManager Cyclic Event. Time Overrun is 4968 us[EOL]
[2026-09-22T08:33:28.248829Z][RSH.rfidreader][W][2330306][133]CRTCyclicEvent.cpp:TimeMissed():101|Cycle miss in event CCSICombinedCmdManager Cyclic Event. Time Overrun is 1056 us[EOL]
[2026-09-22T08:33:28.248855Z][RSH.rfidreader][W][2330306][133]CRTCyclicEvent.cpp:TimeMissed():101|Cycle miss in event CCSICombinedRepManager. Time Overrun is 1056 us[EOL]
[2026-09-22T08:33:28.248583Z][RSH.newgen-reagentstoragehandler][W][2330306][141]CRTCyclicEvent.cpp:TimeMissed():101|Cycle miss in event CCSICombinedRepManager. Time Overrun is 4968 us[EOL]
[2026-09-22T08:33:28.694597Z][RSH.newgen-reagentstoragehandler][I][2560016][141]IMessageHandler.h:operator()():40|Received RabbitMqMessage Roche.MolLab.InstrumentState.Ping. Content: {"Timestamp":"2026-09-22T08:33:28.6757553Z","PingId":"IS7"}[EOL]
[2026-09-22T08:33:28.694657Z][RSH.newgen-reagentstoragehandler][I][844444436][141]UnitCommunicator.cpp:SendEvent():424|Publishing event: type=Roche.c68_8800.ReagentStorageHandler.Echo correlation_id=(n/a)[EOL]
[2026-09-22T08:33:28.694697Z][RSH.newgen-reagentstoragehandler][I][2560017][141]MessageSender.h:SendEvent():105|Sent RabbitMqEvent Roche.c68_8800.ReagentStorageHandler.Echo. Content: {"Timestamp":"2026-09-22T08:33:28.694649Z","PingId":"IS7"}[EOL]
[2026-09-22T08:33:29.186195Z][RSH.newgen-reagentstoragehandler][W][2330306][141]CRTCyclicEvent.cpp:TimeMissed():101|Cycle miss in event CCSICombinedCmdManager Cyclic Event. Time Overrun is 2634 us[EOL]
[2026-09-22T08:33:29.186225Z][RSH.newgen-reagentstoragehandler][W][2330306][141]CRTCyclicEvent.cpp:TimeMissed():101|Cycle miss in event CCSICombinedRepManager. Time Overrun is 2634 us[EOL]
[2026-09-22T08:33:29.267630Z][RSH.rfidreader][W][2330306][133]CRTCyclicEvent.cpp:TimeMissed():101|Cycle miss in event CCSICombinedCmdManager Cyclic Event. Time Overrun is 18607 us[EOL]
[2026-09-22T08:33:29.267659Z][RSH.rfidreader][W][2330306][133]CRTCyclicEvent.cpp:TimeMissed():101|Cycle miss in event CCSICombinedRepManager. Time Overrun is 18607 us[EOL]
[2026-09-22T08:33:29.927305Z][RSH.newgen-reagentstoragehandler][W][2330306][141]CRTCyclicEvent.cpp:TimeMissed():101|Cycle miss in event CCSICombinedCmdManager Cyclic Event. Time Overrun is 3741 us[EOL]
[2026-09-22T08:33:29.927334Z][RSH.newgen-reagentstoragehandler][W][2330306][141]CRTCyclicEvent.cpp:TimeMissed():101|Cycle miss in event CCSICombinedRepManager. Time Overrun is 3741 us[EOL]
[2026-09-22T08:33:30.011825Z][RSH.rfidreader][W][2330306][133]CRTCyclicEvent.cpp:TimeMissed():101|Cycle miss in event CCSICombinedCmdManager Cyclic Event. Time Overrun is 24047 us[EOL]
[2026-09-22T08:33:30.011878Z][RSH.rfidreader][W][2330306][133]CRTCyclicEvent.cpp:TimeMissed():101|Cycle miss in event CCSICombinedRepManager. Time Overrun is 24047 us[EOL]
[2026-09-22T08:33:33.876521Z][RSH.rfidreader][W][2330306][133]CRTCyclicEvent.cpp:TimeMissed():101|Cycle miss in event CCSICombinedCmdManager Cyclic Event. Time Overrun is 8746 us[EOL]
[2026-09-22T08:33:33.876223Z][RSH.newgen-reagentstoragehandler][W][2330306][141]CRTCyclicEvent.cpp:TimeMissed():101|Cycle miss in event CCSICombinedCmdManager Cyclic Event. Time Overrun is 12660 us[EOL]
[2026-09-22T08:33:33.876542Z][RSH.rfidreader][W][2330306][133]CRTCyclicEvent.cpp:TimeMissed():101|Cycle miss in event CCSICombinedRepManager. Time Overrun is 8746 us[EOL]
[2026-09-22T08:33:33.876246Z][RSH.newgen-reagentstoragehandler][W][2330306][141]CRTCyclicEvent.cpp:TimeMissed():101|Cycle miss in event CCSICombinedRepManager. Time Overrun is 12660 us[EOL]
[2026-09-22T08:33:34.501469Z][RSH.newgen-reagentstoragehandler][W][2330306][141]CRTCyclicEvent.cpp:TimeMissed():101|Cycle miss in event CCSICombinedCmdManager Cyclic Event. Time Overrun is 17896 us[EOL]
[2026-09-22T08:33:34.501490Z][RSH.newgen-reagentstoragehandler][W][2330306][141]CRTCyclicEvent.cpp:TimeMissed():101|Cycle miss in event CCSICombinedRepManager. Time Overrun is 17896 us[EOL]
[2026-09-22T08:33:34.502024Z][RSH.rfidreader][W][2330306][133]CRTCyclicEvent.cpp:TimeMissed():101|Cycle miss in event CCSICombinedCmdManager Cyclic Event. Time Overrun is 14252 us[EOL]
[2026-09-22T08:33:34.502047Z][RSH.rfidreader][W][2330306][133]CRTCyclicEvent.cpp:TimeMissed():101|Cycle miss in event CCSICombinedRepManager. Time Overrun is 14252 us[EOL]
[2026-09-22T08:33:35.074806Z][RSH.rfidreader][W][2330306][133]CRTCyclicEvent.cpp:TimeMissed():101|Cycle miss in event CCSICombinedCmdManager Cyclic Event. Time Overrun is 7030 us[EOL]
[2026-09-22T08:33:35.075465Z][RSH.newgen-reagentstoragehandler][W][2330306][141]CRTCyclicEvent.cpp:TimeMissed():101|Cycle miss in event CCSICombinedCmdManager Cyclic Event. Time Overrun is 1896 us[EOL]
[2026-09-22T08:33:35.075521Z][RSH.newgen-reagentstoragehandler][W][2330306][141]CRTCyclicEvent.cpp:TimeMissed():101|Cycle miss in event CCSICombinedRepManager. Time Overrun is 1896 us[EOL]
[2026-09-22T08:33:35.074853Z][RSH.rfidreader][W][2330306][133]CRTCyclicEvent.cpp:TimeMissed():101|Cycle miss in event CCSICombinedRepManager. Time Overrun is 7030 us[EOL]
[2026-09-22T08:33:38.080635Z][RSH.newgen-reagentstoragehandler][W][2330306][141]CRTCyclicEvent.cpp:TimeMissed():101|Cycle miss in event CCSICombinedCmdManager Cyclic Event. Time Overrun is 17068 us[EOL]
[2026-09-22T08:33:38.080667Z][RSH.newgen-reagentstoragehandler][W][2330306][141]CRTCyclicEvent.cpp:TimeMissed():101|Cycle miss in event CCSICombinedRepManager. Time Overrun is 17068 us[EOL]
[2026-09-22T08:33:55.023657Z][RSH.newgen-reagentstoragehandler][W][2330306][141]CRTCyclicEvent.cpp:TimeMissed():101|Cycle miss in event CCSICombinedCmdManager Cyclic Event. Time Overrun is 88 us[EOL]
[2026-09-22T08:33:55.023706Z][RSH.newgen-reagentstoragehandler][W][2330306][141]CRTCyclicEvent.cpp:TimeMissed():101|Cycle miss in event CCSICombinedRepManager. Time Overrun is 88 us[EOL]
[2026-09-22T08:33:56.525704Z][RSH.rfidreader][W][2330306][133]CRTCyclicEvent.cpp:TimeMissed():101|Cycle miss in event CCSICombinedCmdManager Cyclic Event. Time Overrun is 7929 us[EOL]
[2026-09-22T08:33:56.525742Z][RSH.rfidreader][W][2330306][133]CRTCyclicEvent.cpp:TimeMissed():101|Cycle miss in event CCSICombinedRepManager. Time Overrun is 7929 us[EOL]
[2026-09-22T08:33:56.525146Z][RSH.newgen-reagentstoragehandler][W][2330306][141]CRTCyclicEvent.cpp:TimeMissed():101|Cycle miss in event CCSICombinedCmdManager Cyclic Event. Time Overrun is 11582 us[EOL]
[2026-09-22T08:33:56.525183Z][RSH.newgen-reagentstoragehandler][W][2330306][141]CRTCyclicEvent.cpp:TimeMissed():101|Cycle miss in event CCSICombinedRepManager. Time Overrun is 11582 us[EOL]
[2026-09-22T08:33:58.244385Z][RSH.newgen-reagentstoragehandler][W][2330306][141]CRTCyclicEvent.cpp:TimeMissed():101|Cycle miss in event CCSICombinedCmdManager Cyclic Event. Time Overrun is 30810 us[EOL]
[2026-09-22T08:33:58.244455Z][RSH.newgen-reagentstoragehandler][W][2330306][141]CRTCyclicEvent.cpp:TimeMissed():101|Cycle miss in event CCSICombinedRepManager. Time Overrun is 30810 us[EOL]
[2026-09-22T08:33:58.686861Z][RSH.newgen-reagentstoragehandler][I][2560016][141]IMessageHandler.h:operator()():40|Received RabbitMqMessage Roche.MolLab.InstrumentState.Ping. Content: {"Timestamp":"2026-09-22T08:33:58.676068Z","PingId":"IS8"}[EOL]
[2026-09-22T08:33:58.686943Z][RSH.newgen-reagentstoragehandler][I][844444436][141]UnitCommunicator.cpp:SendEvent():424|Publishing event: type=Roche.c68_8800.ReagentStorageHandler.Echo correlation_id=(n/a)[EOL]
[2026-09-22T08:33:58.686968Z][RSH.newgen-reagentstoragehandler][I][2560017][141]MessageSender.h:SendEvent():105|Sent RabbitMqEvent Roche.c68_8800.ReagentStorageHandler.Echo. Content: {"Timestamp":"2026-09-22T08:33:58.686931Z","PingId":"IS8"}[EOL]
[2026-09-22T08:33:59.711442Z][RSH.newgen-reagentstoragehandler][W][2330306][141]CRTCyclicEvent.cpp:TimeMissed():101|Cycle miss in event CCSICombinedCmdManager Cyclic Event. Time Overrun is 7873 us[EOL]
[2026-09-22T08:33:59.711494Z][RSH.newgen-reagentstoragehandler][W][2330306][141]CRTCyclicEvent.cpp:TimeMissed():101|Cycle miss in event CCSICombinedRepManager. Time Overrun is 7873 us[EOL]
[2026-09-22T08:33:59.711926Z][RSH.rfidreader][W][2330306][133]CRTCyclicEvent.cpp:TimeMissed():101|Cycle miss in event CCSICombinedCmdManager Cyclic Event. Time Overrun is 4153 us[EOL]
[2026-09-22T08:33:59.711961Z][RSH.rfidreader][W][2330306][133]CRTCyclicEvent.cpp:TimeMissed():101|Cycle miss in event CCSICombinedRepManager. Time Overrun is 4153 us[EOL]
[2026-09-22T08:34:09.064377Z][RSH.newgen-reagentstoragehandler][W][2330306][141]CRTCyclicEvent.cpp:TimeMissed():101|Cycle miss in event CCSICombinedCmdManager Cyclic Event. Time Overrun is 810 us[EOL]
[2026-09-22T08:34:09.064470Z][RSH.newgen-reagentstoragehandler][W][2330306][141]CRTCyclicEvent.cpp:TimeMissed():101|Cycle miss in event CCSICombinedRepManager. Time Overrun is 810 us[EOL]
[2026-09-22T08:34:09.229794Z][RSH.rfidreader][W][2330306][133]CRTCyclicEvent.cpp:TimeMissed():101|Cycle miss in event CCSICombinedCmdManager Cyclic Event. Time Overrun is 2000 us[EOL]
[2026-09-22T08:34:09.229842Z][RSH.rfidreader][W][2330306][133]CRTCyclicEvent.cpp:TimeMissed():101|Cycle miss in event CCSICombinedRepManager. Time Overrun is 2000 us[EOL]
[2026-09-22T08:34:14.327892Z][RSH.rfidreader][W][2330306][133]CRTCyclicEvent.cpp:TimeMissed():101|Cycle miss in event CCSICombinedCmdManager Cyclic Event. Time Overrun is 11 us[EOL]
[2026-09-22T08:34:14.329382Z][RSH.newgen-reagentstoragehandler][W][2330306][141]CRTCyclicEvent.cpp:TimeMissed():101|Cycle miss in event CCSICombinedCmdManager Cyclic Event. Time Overrun is 5816 us[EOL]
[2026-09-22T08:34:14.327952Z][RSH.rfidreader][W][2330306][133]CRTCyclicEvent.cpp:TimeMissed():101|Cycle miss in event CCSICombinedRepManager. Time Overrun is 11 us[EOL]
[2026-09-22T08:34:14.329415Z][RSH.newgen-reagentstoragehandler][W][2330306][141]CRTCyclicEvent.cpp:TimeMissed():101|Cycle miss in event CCSICombinedRepManager. Time Overrun is 5816 us[EOL]
[2026-09-22T08:34:15.221906Z][RSH.rfidreader][W][2330306][133]CRTCyclicEvent.cpp:TimeMissed():101|Cycle miss in event CCSICombinedCmdManager Cyclic Event. Time Overrun is 4130 us[EOL]
[2026-09-22T08:34:15.222173Z][RSH.rfidreader][W][2330306][133]CRTCyclicEvent.cpp:TimeMissed():101|Cycle miss in event CCSICombinedRepManager. Time Overrun is 4130 us[EOL]
[2026-09-22T08:34:18.287128Z][RSH.newgen-reagentstoragehandler][W][2330306][141]CRTCyclicEvent.cpp:TimeMissed():101|Cycle miss in event CCSICombinedCmdManager Cyclic Event. Time Overrun is 3562 us[EOL]
[2026-09-22T08:34:18.287173Z][RSH.newgen-reagentstoragehandler][W][2330306][141]CRTCyclicEvent.cpp:TimeMissed():101|Cycle miss in event CCSICombinedRepManager. Time Overrun is 3562 us[EOL]
[2026-09-22T08:34:18.854818Z][RSH.newgen-reagentstoragehandler][W][2330306][141]CRTCyclicEvent.cpp:TimeMissed():101|Cycle miss in event CCSICombinedCmdManager Cyclic Event. Time Overrun is 11239 us[EOL]
[2026-09-22T08:34:18.828923Z][RSH.rfidreader][W][2330306][133]CRTCyclicEvent.cpp:TimeMissed():101|Cycle miss in event CCSICombinedCmdManager Cyclic Event. Time Overrun is 1139 us[EOL]
[2026-09-22T08:34:18.854847Z][RSH.newgen-reagentstoragehandler][W][2330306][141]CRTCyclicEvent.cpp:TimeMissed():101|Cycle miss in event CCSICombinedRepManager. Time Overrun is 11239 us[EOL]
[2026-09-22T08:34:18.828988Z][RSH.rfidreader][W][2330306][133]CRTCyclicEvent.cpp:TimeMissed():101|Cycle miss in event CCSICombinedRepManager. Time Overrun is 1139 us[EOL]
[2026-09-22T08:34:19.015625Z][RSH.rfidreader][W][2330306][133]CRTCyclicEvent.cpp:TimeMissed():101|Cycle miss in event CCSICombinedCmdManager Cyclic Event. Time Overrun is 7851 us[EOL]
[2026-09-22T08:34:19.015651Z][RSH.rfidreader][W][2330306][133]CRTCyclicEvent.cpp:TimeMissed():101|Cycle miss in event CCSICombinedRepManager. Time Overrun is 7851 us[EOL]
[2026-09-22T08:34:19.148679Z][RSH.rfidreader][W][2330306][133]CRTCyclicEvent.cpp:TimeMissed():101|Cycle miss in event CCSICombinedCmdManager Cyclic Event. Time Overrun is 20883 us[EOL]
[2026-09-22T08:34:19.148714Z][RSH.rfidreader][W][2330306][133]CRTCyclicEvent.cpp:TimeMissed():101|Cycle miss in event CCSICombinedRepManager. Time Overrun is 20883 us[EOL]
[2026-09-22T08:34:21.533988Z][RSH.newgen-reagentstoragehandler][W][2330306][141]CRTCyclicEvent.cpp:TimeMissed():101|Cycle miss in event CCSICombinedCmdManager Cyclic Event. Time Overrun is 10425 us[EOL]
[2026-09-22T08:34:21.534011Z][RSH.newgen-reagentstoragehandler][W][2330306][141]CRTCyclicEvent.cpp:TimeMissed():101|Cycle miss in event CCSICombinedRepManager. Time Overrun is 10425 us[EOL]
[2026-09-22T08:34:28.695091Z][RSH.newgen-reagentstoragehandler][I][2560016][141]IMessageHandler.h:operator()():40|Received RabbitMqMessage Roche.MolLab.InstrumentState.Ping. Content: {"Timestamp":"2026-09-22T08:34:28.6753079Z","PingId":"IS9"}[EOL]
[2026-09-22T08:34:28.695164Z][RSH.newgen-reagentstoragehandler][I][844444436][141]UnitCommunicator.cpp:SendEvent():424|Publishing event: type=Roche.c68_8800.ReagentStorageHandler.Echo correlation_id=(n/a)[EOL]
[2026-09-22T08:34:28.695189Z][RSH.newgen-reagentstoragehandler][I][2560017][141]MessageSender.h:SendEvent():105|Sent RabbitMqEvent Roche.c68_8800.ReagentStorageHandler.Echo. Content: {"Timestamp":"2026-09-22T08:34:28.695156Z","PingId":"IS9"}[EOL]
[2026-09-22T08:34:29.456379Z][RSH.rfidreader][W][2330306][133]CRTCyclicEvent.cpp:TimeMissed():101|Cycle miss in event CCSICombinedCmdManager Cyclic Event. Time Overrun is 28605 us[EOL]
[2026-09-22T08:34:29.456405Z][RSH.rfidreader][W][2330306][133]CRTCyclicEvent.cpp:TimeMissed():101|Cycle miss in event CCSICombinedRepManager. Time Overrun is 28605 us[EOL]
[2026-09-22T08:34:31.731543Z][RSH.rfidreader][W][2330306][133]CRTCyclicEvent.cpp:TimeMissed():101|Cycle miss in event CCSICombinedCmdManager Cyclic Event. Time Overrun is 3769 us[EOL]
[2026-09-22T08:34:31.735750Z][RSH.newgen-reagentstoragehandler][W][2330306][141]CRTCyclicEvent.cpp:TimeMissed():101|Cycle miss in event CCSICombinedCmdManager Cyclic Event. Time Overrun is 2188 us[EOL]
[2026-09-22T08:34:31.731571Z][RSH.rfidreader][W][2330306][133]CRTCyclicEvent.cpp:TimeMissed():101|Cycle miss in event CCSICombinedRepManager. Time Overrun is 3769 us[EOL]
[2026-09-22T08:34:31.735773Z][RSH.newgen-reagentstoragehandler][W][2330306][141]CRTCyclicEvent.cpp:TimeMissed():101|Cycle miss in event CCSICombinedRepManager. Time Overrun is 2188 us[EOL]
[2026-09-22T08:34:33.797893Z][RSH.newgen-reagentstoragehandler][W][2330306][141]CRTCyclicEvent.cpp:TimeMissed():101|Cycle miss in event CCSICombinedCmdManager Cyclic Event. Time Overrun is 4328 us[EOL]
[2026-09-22T08:34:33.796425Z][RSH.rfidreader][W][2330306][133]CRTCyclicEvent.cpp:TimeMissed():101|Cycle miss in event CCSICombinedCmdManager Cyclic Event. Time Overrun is 8648 us[EOL]
[2026-09-22T08:34:33.797932Z][RSH.newgen-reagentstoragehandler][W][2330306][141]CRTCyclicEvent.cpp:TimeMissed():101|Cycle miss in event CCSICombinedRepManager. Time Overrun is 4328 us[EOL]
[2026-09-22T08:34:33.796471Z][RSH.rfidreader][W][2330306][133]CRTCyclicEvent.cpp:TimeMissed():101|Cycle miss in event CCSICombinedRepManager. Time Overrun is 8648 us[EOL]
[2026-09-22T08:34:39.931173Z][RSH.newgen-reagentstoragehandler][W][2330306][141]CRTCyclicEvent.cpp:TimeMissed():101|Cycle miss in event CCSICombinedCmdManager Cyclic Event. Time Overrun is 7601 us[EOL]
[2026-09-22T08:34:39.931204Z][RSH.newgen-reagentstoragehandler][W][2330306][141]CRTCyclicEvent.cpp:TimeMissed():101|Cycle miss in event CCSICombinedRepManager. Time Overrun is 7601 us[EOL]
[2026-09-22T08:34:42.068325Z][RSH.rfidreader][W][2330306][133]CRTCyclicEvent.cpp:TimeMissed():101|Cycle miss in event CCSICombinedCmdManager Cyclic Event. Time Overrun is 545 us[EOL]
[2026-09-22T08:34:42.068377Z][RSH.rfidreader][W][2330306][133]CRTCyclicEvent.cpp:TimeMissed():101|Cycle miss in event CCSICombinedRepManager. Time Overrun is 545 us[EOL]
[2026-09-22T08:34:47.609093Z][RSH.newgen-reagentstoragehandler][W][2330306][141]CRTCyclicEvent.cpp:TimeMissed():101|Cycle miss in event CCSICombinedCmdManager Cyclic Event. Time Overrun is 5525 us[EOL]
[2026-09-22T08:34:47.609186Z][RSH.newgen-reagentstoragehandler][W][2330306][141]CRTCyclicEvent.cpp:TimeMissed():101|Cycle miss in event CCSICombinedRepManager. Time Overrun is 5525 us[EOL]
[2026-09-22T08:34:49.047120Z][RSH.rfidreader][W][2330306][133]CRTCyclicEvent.cpp:TimeMissed():101|Cycle miss in event CCSICombinedCmdManager Cyclic Event. Time Overrun is 9300 us[EOL]
[2026-09-22T08:34:49.047155Z][RSH.rfidreader][W][2330306][133]CRTCyclicEvent.cpp:TimeMissed():101|Cycle miss in event CCSICombinedRepManager. Time Overrun is 9300 us[EOL]
[2026-09-22T08:34:49.045579Z][RSH.newgen-reagentstoragehandler][W][2330306][141]CRTCyclicEvent.cpp:TimeMissed():101|Cycle miss in event CCSICombinedCmdManager Cyclic Event. Time Overrun is 2015 us[EOL]
[2026-09-22T08:34:49.045608Z][RSH.newgen-reagentstoragehandler][W][2330306][141]CRTCyclicEvent.cpp:TimeMissed():101|Cycle miss in event CCSICombinedRepManager. Time Overrun is 2015 us[EOL]
[2026-09-22T08:34:58.682949Z][RSH.newgen-reagentstoragehandler][I][2560016][141]IMessageHandler.h:operator()():40|Received RabbitMqMessage Roche.MolLab.InstrumentState.Ping. Content: {"Timestamp":"2026-09-22T08:34:58.6775151Z","PingId":"IS10"}[EOL]
[2026-09-22T08:34:58.682978Z][RSH.newgen-reagentstoragehandler][I][844444436][141]UnitCommunicator.cpp:SendEvent():424|Publishing event: type=Roche.c68_8800.ReagentStorageHandler.Echo correlation_id=(n/a)[EOL]
[2026-09-22T08:34:58.683001Z][RSH.newgen-reagentstoragehandler][I][2560017][141]MessageSender.h:SendEvent():105|Sent RabbitMqEvent Roche.c68_8800.ReagentStorageHandler.Echo. Content: {"Timestamp":"2026-09-22T08:34:58.682975Z","PingId":"IS10"}[EOL]
[2026-09-22T08:34:58.736525Z][RSH.newgen-reagentstoragehandler][W][2330306][141]CRTCyclicEvent.cpp:TimeMissed():101|Cycle miss in event CCSICombinedCmdManager Cyclic Event. Time Overrun is 2961 us[EOL]
[2026-09-22T08:34:58.736555Z][RSH.newgen-reagentstoragehandler][W][2330306][141]CRTCyclicEvent.cpp:TimeMissed():101|Cycle miss in event CCSICombinedRepManager. Time Overrun is 2961 us[EOL]
[2026-09-22T08:35:10.585150Z][RSH.newgen-reagentstoragehandler][W][2330306][141]CRTCyclicEvent.cpp:TimeMissed():101|Cycle miss in event CCSICombinedCmdManager Cyclic Event. Time Overrun is 1587 us[EOL]
[2026-09-22T08:35:10.585178Z][RSH.newgen-reagentstoragehandler][W][2330306][141]CRTCyclicEvent.cpp:TimeMissed():101|Cycle miss in event CCSICombinedRepManager. Time Overrun is 1587 us[EOL]
[2026-09-22T08:35:12.463721Z][RSH.newgen-reagentstoragehandler][W][2330306][141]CRTCyclicEvent.cpp:TimeMissed():101|Cycle miss in event CCSICombinedCmdManager Cyclic Event. Time Overrun is 159 us[EOL]
[2026-09-22T08:35:12.463741Z][RSH.newgen-reagentstoragehandler][W][2330306][141]CRTCyclicEvent.cpp:TimeMissed():101|Cycle miss in event CCSICombinedRepManager. Time Overrun is 159 us[EOL]
[2026-09-22T08:35:20.884818Z][RSH.rfidreader][W][2330306][133]CRTCyclicEvent.cpp:TimeMissed():101|Cycle miss in event CCSICombinedCmdManager Cyclic Event. Time Overrun is 6998 us[EOL]
[2026-09-22T08:35:20.884896Z][RSH.rfidreader][W][2330306][133]CRTCyclicEvent.cpp:TimeMissed():101|Cycle miss in event CCSICombinedRepManager. Time Overrun is 6998 us[EOL]
[2026-09-22T08:35:24.344967Z][RSH.newgen-reagentstoragehandler][W][2330306][141]CRTCyclicEvent.cpp:TimeMissed():101|Cycle miss in event CCSICombinedCmdManager Cyclic Event. Time Overrun is 1391 us[EOL]
[2026-09-22T08:35:24.345242Z][RSH.newgen-reagentstoragehandler][W][2330306][141]CRTCyclicEvent.cpp:TimeMissed():101|Cycle miss in event CCSICombinedRepManager. Time Overrun is 1391 us[EOL]
[2026-09-22T08:35:24.351034Z][RSH.rfidreader][W][2330306][133]CRTCyclicEvent.cpp:TimeMissed():101|Cycle miss in event CCSICombinedCmdManager Cyclic Event. Time Overrun is 3261 us[EOL]
[2026-09-22T08:35:24.351055Z][RSH.rfidreader][W][2330306][133]CRTCyclicEvent.cpp:TimeMissed():101|Cycle miss in event CCSICombinedRepManager. Time Overrun is 3261 us[EOL]
[2026-09-22T08:35:26.519152Z][RSH.rfidreader][W][2330306][133]CRTCyclicEvent.cpp:TimeMissed():101|Cycle miss in event CCSICombinedCmdManager Cyclic Event. Time Overrun is 21365 us[EOL]
[2026-09-22T08:35:26.519205Z][RSH.rfidreader][W][2330306][133]CRTCyclicEvent.cpp:TimeMissed():101|Cycle miss in event CCSICombinedRepManager. Time Overrun is 21365 us[EOL]
[2026-09-22T08:35:26.518762Z][RSH.newgen-reagentstoragehandler][W][2330306][141]CRTCyclicEvent.cpp:TimeMissed():101|Cycle miss in event CCSICombinedCmdManager Cyclic Event. Time Overrun is 15200 us[EOL]
[2026-09-22T08:35:26.518792Z][RSH.newgen-reagentstoragehandler][W][2330306][141]CRTCyclicEvent.cpp:TimeMissed():101|Cycle miss in event CCSICombinedRepManager. Time Overrun is 15200 us[EOL]
[2026-09-22T08:35:27.824414Z][RSH.newgen-reagentstoragehandler][W][2330306][141]CRTCyclicEvent.cpp:TimeMissed():101|Cycle miss in event CCSICombinedCmdManager Cyclic Event. Time Overrun is 846 us[EOL]
[2026-09-22T08:35:27.824458Z][RSH.newgen-reagentstoragehandler][W][2330306][141]CRTCyclicEvent.cpp:TimeMissed():101|Cycle miss in event CCSICombinedRepManager. Time Overrun is 846 us[EOL]
[2026-09-22T08:35:28.684987Z][RSH.newgen-reagentstoragehandler][I][2560016][141]IMessageHandler.h:operator()():40|Received RabbitMqMessage Roche.MolLab.InstrumentState.Ping. Content: {"Timestamp":"2026-09-22T08:35:28.6744327Z","PingId":"IS11"}[EOL]
[2026-09-22T08:35:28.685018Z][RSH.newgen-reagentstoragehandler][I][844444436][141]UnitCommunicator.cpp:SendEvent():424|Publishing event: type=Roche.c68_8800.ReagentStorageHandler.Echo correlation_id=(n/a)[EOL]
[2026-09-22T08:35:28.685034Z][RSH.newgen-reagentstoragehandler][I][2560017][141]MessageSender.h:SendEvent():105|Sent RabbitMqEvent Roche.c68_8800.ReagentStorageHandler.Echo. Content: {"Timestamp":"2026-09-22T08:35:28.685014Z","PingId":"IS11"}[EOL]
[2026-09-22T08:35:29.407289Z][RSH.rfidreader][W][2330306][133]CRTCyclicEvent.cpp:TimeMissed():101|Cycle miss in event CCSICombinedCmdManager Cyclic Event. Time Overrun is 9512 us[EOL]
[2026-09-22T08:35:29.407325Z][RSH.rfidreader][W][2330306][133]CRTCyclicEvent.cpp:TimeMissed():101|Cycle miss in event CCSICombinedRepManager. Time Overrun is 9512 us[EOL]
[2026-09-22T08:35:29.407287Z][RSH.newgen-reagentstoragehandler][W][2330306][141]CRTCyclicEvent.cpp:TimeMissed():101|Cycle miss in event CCSICombinedCmdManager Cyclic Event. Time Overrun is 13724 us[EOL]
[2026-09-22T08:35:29.407323Z][RSH.newgen-reagentstoragehandler][W][2330306][141]CRTCyclicEvent.cpp:TimeMissed():101|Cycle miss in event CCSICombinedRepManager. Time Overrun is 13724 us[EOL]
[2026-09-22T08:35:29.636361Z][RSH.newgen-reagentstoragehandler][W][2330306][141]CRTCyclicEvent.cpp:TimeMissed():101|Cycle miss in event CCSICombinedCmdManager Cyclic Event. Time Overrun is 2799 us[EOL]
[2026-09-22T08:35:29.636381Z][RSH.newgen-reagentstoragehandler][W][2330306][141]CRTCyclicEvent.cpp:TimeMissed():101|Cycle miss in event CCSICombinedRepManager. Time Overrun is 2799 us[EOL]
[2026-09-22T08:35:31.825582Z][RSH.newgen-reagentstoragehandler][W][2330306][141]CRTCyclicEvent.cpp:TimeMissed():101|Cycle miss in event CCSICombinedCmdManager Cyclic Event. Time Overrun is 1867 us[EOL]
[2026-09-22T08:35:31.825608Z][RSH.newgen-reagentstoragehandler][W][2330306][141]CRTCyclicEvent.cpp:TimeMissed():101|Cycle miss in event CCSICombinedRepManager. Time Overrun is 1867 us[EOL]
[2026-09-22T08:35:31.947026Z][RSH.rfidreader][W][2330306][133]CRTCyclicEvent.cpp:TimeMissed():101|Cycle miss in event CCSICombinedCmdManager Cyclic Event. Time Overrun is 9253 us[EOL]
[2026-09-22T08:35:31.947051Z][RSH.rfidreader][W][2330306][133]CRTCyclicEvent.cpp:TimeMissed():101|Cycle miss in event CCSICombinedRepManager. Time Overrun is 9253 us[EOL]
[2026-09-22T08:35:31.947534Z][RSH.newgen-reagentstoragehandler][W][2330306][141]CRTCyclicEvent.cpp:TimeMissed():101|Cycle miss in event CCSICombinedCmdManager Cyclic Event. Time Overrun is 3971 us[EOL]
[2026-09-22T08:35:31.947572Z][RSH.newgen-reagentstoragehandler][W][2330306][141]CRTCyclicEvent.cpp:TimeMissed():101|Cycle miss in event CCSICombinedRepManager. Time Overrun is 3971 us[EOL]
[2026-09-22T08:35:32.448429Z][RSH.rfidreader][W][2330306][133]CRTCyclicEvent.cpp:TimeMissed():101|Cycle miss in event CCSICombinedCmdManager Cyclic Event. Time Overrun is 655 us[EOL]
[2026-09-22T08:35:32.447922Z][RSH.newgen-reagentstoragehandler][W][2330306][141]CRTCyclicEvent.cpp:TimeMissed():101|Cycle miss in event CCSICombinedCmdManager Cyclic Event. Time Overrun is 4359 us[EOL]
[2026-09-22T08:35:32.447951Z][RSH.newgen-reagentstoragehandler][W][2330306][141]CRTCyclicEvent.cpp:TimeMissed():101|Cycle miss in event CCSICombinedRepManager. Time Overrun is 4359 us[EOL]
[2026-09-22T08:35:32.448456Z][RSH.rfidreader][W][2330306][133]CRTCyclicEvent.cpp:TimeMissed():101|Cycle miss in event CCSICombinedRepManager. Time Overrun is 655 us[EOL]
[2026-09-22T08:35:34.824926Z][RSH.newgen-reagentstoragehandler][W][2330306][141]CRTCyclicEvent.cpp:TimeMissed():101|Cycle miss in event CCSICombinedCmdManager Cyclic Event. Time Overrun is 1355 us[EOL]
[2026-09-22T08:35:34.824967Z][RSH.newgen-reagentstoragehandler][W][2330306][141]CRTCyclicEvent.cpp:TimeMissed():101|Cycle miss in event CCSICombinedRepManager. Time Overrun is 1355 us[EOL]
[2026-09-22T08:35:40.923014Z][RSH.rfidreader][W][2330306][133]CRTCyclicEvent.cpp:TimeMissed():101|Cycle miss in event CCSICombinedCmdManager Cyclic Event. Time Overrun is 15231 us[EOL]
[2026-09-22T08:35:40.923379Z][RSH.newgen-reagentstoragehandler][W][2330306][141]CRTCyclicEvent.cpp:TimeMissed():101|Cycle miss in event CCSICombinedCmdManager Cyclic Event. Time Overrun is 9814 us[EOL]
[2026-09-22T08:35:40.923060Z][RSH.rfidreader][W][2330306][133]CRTCyclicEvent.cpp:TimeMissed():101|Cycle miss in event CCSICombinedRepManager. Time Overrun is 15231 us[EOL]
[2026-09-22T08:35:40.923418Z][RSH.newgen-reagentstoragehandler][W][2330306][141]CRTCyclicEvent.cpp:TimeMissed():101|Cycle miss in event CCSICombinedRepManager. Time Overrun is 9814 us[EOL]
[2026-09-22T08:35:51.635639Z][RSH.newgen-reagentstoragehandler][W][2330306][141]CRTCyclicEvent.cpp:TimeMissed():101|Cycle miss in event CCSICombinedCmdManager Cyclic Event. Time Overrun is 12072 us[EOL]
[2026-09-22T08:35:51.635794Z][RSH.rfidreader][W][2330306][133]CRTCyclicEvent.cpp:TimeMissed():101|Cycle miss in event CCSICombinedCmdManager Cyclic Event. Time Overrun is 8021 us[EOL]
[2026-09-22T08:35:51.635668Z][RSH.newgen-reagentstoragehandler][W][2330306][141]CRTCyclicEvent.cpp:TimeMissed():101|Cycle miss in event CCSICombinedRepManager. Time Overrun is 12072 us[EOL]
[2026-09-22T08:35:51.635824Z][RSH.rfidreader][W][2330306][133]CRTCyclicEvent.cpp:TimeMissed():101|Cycle miss in event CCSICombinedRepManager. Time Overrun is 8021 us[EOL]
[2026-09-22T08:35:53.353882Z][RSH.newgen-reagentstoragehandler][W][2330306][141]CRTCyclicEvent.cpp:TimeMissed():101|Cycle miss in event CCSICombinedCmdManager Cyclic Event. Time Overrun is 20316 us[EOL]
[2026-09-22T08:35:53.353929Z][RSH.newgen-reagentstoragehandler][W][2330306][141]CRTCyclicEvent.cpp:TimeMissed():101|Cycle miss in event CCSICombinedRepManager. Time Overrun is 20316 us[EOL]
[2026-09-22T08:35:55.480021Z][RSH.rfidreader][W][2330306][133]CRTCyclicEvent.cpp:TimeMissed():101|Cycle miss in event CCSICombinedCmdManager Cyclic Event. Time Overrun is 2203 us[EOL]
[2026-09-22T08:35:55.480044Z][RSH.rfidreader][W][2330306][133]CRTCyclicEvent.cpp:TimeMissed():101|Cycle miss in event CCSICombinedRepManager. Time Overrun is 2203 us[EOL]
[2026-09-22T08:35:55.477414Z][RSH.newgen-reagentstoragehandler][W][2330306][141]CRTCyclicEvent.cpp:TimeMissed():101|Cycle miss in event CCSICombinedCmdManager Cyclic Event. Time Overrun is 3850 us[EOL]
[2026-09-22T08:35:55.477444Z][RSH.newgen-reagentstoragehandler][W][2330306][141]CRTCyclicEvent.cpp:TimeMissed():101|Cycle miss in event CCSICombinedRepManager. Time Overrun is 3850 us[EOL]
[2026-09-22T08:35:55.603743Z][RSH.newgen-reagentstoragehandler][W][2330306][141]CRTCyclicEvent.cpp:TimeMissed():101|Cycle miss in event CCSICombinedCmdManager Cyclic Event. Time Overrun is 180 us[EOL]
[2026-09-22T08:35:55.603773Z][RSH.newgen-reagentstoragehandler][W][2330306][141]CRTCyclicEvent.cpp:TimeMissed():101|Cycle miss in event CCSICombinedRepManager. Time Overrun is 180 us[EOL]
[2026-09-22T08:35:57.827489Z][RSH.newgen-reagentstoragehandler][W][2330306][141]CRTCyclicEvent.cpp:TimeMissed():101|Cycle miss in event CCSICombinedCmdManager Cyclic Event. Time Overrun is 3926 us[EOL]
[2026-09-22T08:35:57.827513Z][RSH.newgen-reagentstoragehandler][W][2330306][141]CRTCyclicEvent.cpp:TimeMissed():101|Cycle miss in event CCSICombinedRepManager. Time Overrun is 3926 us[EOL]
[2026-09-22T08:35:57.827931Z][RSH.rfidreader][W][2330306][133]CRTCyclicEvent.cpp:TimeMissed():101|Cycle miss in event CCSICombinedCmdManager Cyclic Event. Time Overrun is 157 us[EOL]
[2026-09-22T08:35:57.827960Z][RSH.rfidreader][W][2330306][133]CRTCyclicEvent.cpp:TimeMissed():101|Cycle miss in event CCSICombinedRepManager. Time Overrun is 157 us[EOL]
[2026-09-22T08:35:58.697061Z][RSH.newgen-reagentstoragehandler][I][2560016][141]IMessageHandler.h:operator()():40|Received RabbitMqMessage Roche.MolLab.InstrumentState.Ping. Content: {"Timestamp":"2026-09-22T08:35:58.6770944Z","PingId":"IS12"}[EOL]
[2026-09-22T08:35:58.697106Z][RSH.newgen-reagentstoragehandler][I][844444436][141]UnitCommunicator.cpp:SendEvent():424|Publishing event: type=Roche.c68_8800.ReagentStorageHandler.Echo correlation_id=(n/a)[EOL]
[2026-09-22T08:35:58.697148Z][RSH.newgen-reagentstoragehandler][I][2560017][141]MessageSender.h:SendEvent():105|Sent RabbitMqEvent Roche.c68_8800.ReagentStorageHandler.Echo. Content: {"Timestamp":"2026-09-22T08:35:58.697100Z","PingId":"IS12"}[EOL]
[2026-09-22T08:36:07.136012Z][RSH.newgen-reagentstoragehandler][W][2330306][141]CRTCyclicEvent.cpp:TimeMissed():101|Cycle miss in event CCSICombinedCmdManager Cyclic Event. Time Overrun is 2446 us[EOL]
[2026-09-22T08:36:07.136044Z][RSH.newgen-reagentstoragehandler][W][2330306][141]CRTCyclicEvent.cpp:TimeMissed():101|Cycle miss in event CCSICombinedRepManager. Time Overrun is 2446 us[EOL]
[2026-09-22T08:36:28.695870Z][RSH.newgen-reagentstoragehandler][I][2560016][141]IMessageHandler.h:operator()():40|Received RabbitMqMessage Roche.MolLab.InstrumentState.Ping. Content: {"Timestamp":"2026-09-22T08:36:28.6764118Z","PingId":"IS13"}[EOL]
[2026-09-22T08:36:28.695908Z][RSH.newgen-reagentstoragehandler][I][844444436][141]UnitCommunicator.cpp:SendEvent():424|Publishing event: type=Roche.c68_8800.ReagentStorageHandler.Echo correlation_id=(n/a)[EOL]
[2026-09-22T08:36:28.696669Z][RSH.newgen-reagentstoragehandler][I][2560017][141]MessageSender.h:SendEvent():105|Sent RabbitMqEvent Roche.c68_8800.ReagentStorageHandler.Echo. Content: {"Timestamp":"2026-09-22T08:36:28.695903Z","PingId":"IS13"}[EOL]
[2026-09-22T08:36:32.133636Z][RSH.newgen-reagentstoragehandler][W][2330306][141]CRTCyclicEvent.cpp:TimeMissed():101|Cycle miss in event CCSICombinedCmdManager Cyclic Event. Time Overrun is 65 us[EOL]
[2026-09-22T08:36:32.133667Z][RSH.newgen-reagentstoragehandler][W][2330306][141]CRTCyclicEvent.cpp:TimeMissed():101|Cycle miss in event CCSICombinedRepManager. Time Overrun is 65 us[EOL]
[2026-09-22T08:36:36.266609Z][RSH.newgen-reagentstoragehandler][W][2330306][141]CRTCyclicEvent.cpp:TimeMissed():101|Cycle miss in event CCSICombinedCmdManager Cyclic Event. Time Overrun is 3046 us[EOL]
[2026-09-22T08:36:36.266019Z][RSH.rfidreader][W][2330306][133]CRTCyclicEvent.cpp:TimeMissed():101|Cycle miss in event CCSICombinedCmdManager Cyclic Event. Time Overrun is 8245 us[EOL]
[2026-09-22T08:36:36.266045Z][RSH.rfidreader][W][2330306][133]CRTCyclicEvent.cpp:TimeMissed():101|Cycle miss in event CCSICombinedRepManager. Time Overrun is 8245 us[EOL]
[2026-09-22T08:36:36.266637Z][RSH.newgen-reagentstoragehandler][W][2330306][141]CRTCyclicEvent.cpp:TimeMissed():101|Cycle miss in event CCSICombinedRepManager. Time Overrun is 3046 us[EOL]
[2026-09-22T08:36:38.321506Z][RSH.newgen-reagentstoragehandler][W][2330306][141]CRTCyclicEvent.cpp:TimeMissed():101|Cycle miss in event CCSICombinedCmdManager Cyclic Event. Time Overrun is 7944 us[EOL]
[2026-09-22T08:36:38.321533Z][RSH.newgen-reagentstoragehandler][W][2330306][141]CRTCyclicEvent.cpp:TimeMissed():101|Cycle miss in event CCSICombinedRepManager. Time Overrun is 7944 us[EOL]
[2026-09-22T08:36:42.442806Z][RSH.rfidreader][W][2330306][133]CRTCyclicEvent.cpp:TimeMissed():101|Cycle miss in event CCSICombinedCmdManager Cyclic Event. Time Overrun is 5031 us[EOL]
[2026-09-22T08:36:42.442856Z][RSH.rfidreader][W][2330306][133]CRTCyclicEvent.cpp:TimeMissed():101|Cycle miss in event CCSICombinedRepManager. Time Overrun is 5031 us[EOL]
[2026-09-22T08:36:42.992481Z][RSH.rfidreader][W][2330306][133]CRTCyclicEvent.cpp:TimeMissed():101|Cycle miss in event CCSICombinedCmdManager Cyclic Event. Time Overrun is 4706 us[EOL]
[2026-09-22T08:36:42.992532Z][RSH.rfidreader][W][2330306][133]CRTCyclicEvent.cpp:TimeMissed():101|Cycle miss in event CCSICombinedRepManager. Time Overrun is 4706 us[EOL]
[2026-09-22T08:36:45.467552Z][RSH.newgen-reagentstoragehandler][W][2330306][141]CRTCyclicEvent.cpp:TimeMissed():101|Cycle miss in event CCSICombinedCmdManager Cyclic Event. Time Overrun is 3987 us[EOL]
[2026-09-22T08:36:45.467587Z][RSH.newgen-reagentstoragehandler][W][2330306][141]CRTCyclicEvent.cpp:TimeMissed():101|Cycle miss in event CCSICombinedRepManager. Time Overrun is 3987 us[EOL]
[2026-09-22T08:36:47.578134Z][RSH.rfidreader][W][2330306][133]CRTCyclicEvent.cpp:TimeMissed():101|Cycle miss in event CCSICombinedCmdManager Cyclic Event. Time Overrun is 358 us[EOL]
[2026-09-22T08:36:47.578166Z][RSH.rfidreader][W][2330306][133]CRTCyclicEvent.cpp:TimeMissed():101|Cycle miss in event CCSICombinedRepManager. Time Overrun is 358 us[EOL]
[2026-09-22T08:36:53.907863Z][RSH.newgen-reagentstoragehandler][W][2330306][141]CRTCyclicEvent.cpp:TimeMissed():101|Cycle miss in event CCSICombinedCmdManager Cyclic Event. Time Overrun is 4299 us[EOL]
[2026-09-22T08:36:53.907910Z][RSH.newgen-reagentstoragehandler][W][2330306][141]CRTCyclicEvent.cpp:TimeMissed():101|Cycle miss in event CCSICombinedRepManager. Time Overrun is 4299 us[EOL]
[2026-09-22T08:36:58.686839Z][RSH.newgen-reagentstoragehandler][I][2560016][141]IMessageHandler.h:operator()():40|Received RabbitMqMessage Roche.MolLab.InstrumentState.Ping. Content: {"Timestamp":"2026-09-22T08:36:58.6759276Z","PingId":"IS14"}[EOL]
[2026-09-22T08:36:58.686883Z][RSH.newgen-reagentstoragehandler][I][844444436][141]UnitCommunicator.cpp:SendEvent():424|Publishing event: type=Roche.c68_8800.ReagentStorageHandler.Echo correlation_id=(n/a)[EOL]
[2026-09-22T08:36:58.686899Z][RSH.newgen-reagentstoragehandler][I][2560017][141]MessageSender.h:SendEvent():105|Sent RabbitMqEvent Roche.c68_8800.ReagentStorageHandler.Echo. Content: {"Timestamp":"2026-09-22T08:36:58.686877Z","PingId":"IS14"}[EOL]
[2026-09-22T08:36:59.804987Z][RSH.rfidreader][W][2330306][133]CRTCyclicEvent.cpp:TimeMissed():101|Cycle miss in event CCSICombinedCmdManager Cyclic Event. Time Overrun is 37211 us[EOL]
[2026-09-22T08:36:59.805023Z][RSH.rfidreader][W][2330306][133]CRTCyclicEvent.cpp:TimeMissed():101|Cycle miss in event CCSICombinedRepManager. Time Overrun is 37211 us[EOL]
[2026-09-22T08:36:59.807307Z][RSH.newgen-reagentstoragehandler][W][2330306][141]CRTCyclicEvent.cpp:TimeMissed():101|Cycle miss in event CCSICombinedCmdManager Cyclic Event. Time Overrun is 33744 us[EOL]
[2026-09-22T08:36:59.807339Z][RSH.newgen-reagentstoragehandler][W][2330306][141]CRTCyclicEvent.cpp:TimeMissed():101|Cycle miss in event CCSICombinedRepManager. Time Overrun is 33744 us[EOL]
[2026-09-22T08:37:12.018691Z][RSH.rfidreader][W][2330306][133]CRTCyclicEvent.cpp:TimeMissed():101|Cycle miss in event CCSICombinedCmdManager Cyclic Event. Time Overrun is 917 us[EOL]
[2026-09-22T08:37:12.018725Z][RSH.rfidreader][W][2330306][133]CRTCyclicEvent.cpp:TimeMissed():101|Cycle miss in event CCSICombinedRepManager. Time Overrun is 917 us[EOL]
[2026-09-22T08:37:14.503309Z][RSH.rfidreader][W][2330306][133]CRTCyclicEvent.cpp:TimeMissed():101|Cycle miss in event CCSICombinedCmdManager Cyclic Event. Time Overrun is 5531 us[EOL]
[2026-09-22T08:37:14.499968Z][RSH.newgen-reagentstoragehandler][W][2330306][141]CRTCyclicEvent.cpp:TimeMissed():101|Cycle miss in event CCSICombinedCmdManager Cyclic Event. Time Overrun is 6405 us[EOL]
[2026-09-22T08:37:14.499990Z][RSH.newgen-reagentstoragehandler][W][2330306][141]CRTCyclicEvent.cpp:TimeMissed():101|Cycle miss in event CCSICombinedRepManager. Time Overrun is 6405 us[EOL]
[2026-09-22T08:37:14.503366Z][RSH.rfidreader][W][2330306][133]CRTCyclicEvent.cpp:TimeMissed():101|Cycle miss in event CCSICombinedRepManager. Time Overrun is 5531 us[EOL]
[2026-09-22T08:37:20.205623Z][RSH.rfidreader][W][2330306][133]CRTCyclicEvent.cpp:TimeMissed():101|Cycle miss in event CCSICombinedCmdManager Cyclic Event. Time Overrun is 17848 us[EOL]
[2026-09-22T08:37:20.205733Z][RSH.rfidreader][W][2330306][133]CRTCyclicEvent.cpp:TimeMissed():101|Cycle miss in event CCSICombinedRepManager. Time Overrun is 17848 us[EOL]
[2026-09-22T08:37:25.965160Z][RSH.newgen-reagentstoragehandler][W][2330306][141]CRTCyclicEvent.cpp:TimeMissed():101|Cycle miss in event CCSICombinedCmdManager Cyclic Event. Time Overrun is 1596 us[EOL]
[2026-09-22T08:37:25.965200Z][RSH.newgen-reagentstoragehandler][W][2330306][141]CRTCyclicEvent.cpp:TimeMissed():101|Cycle miss in event CCSICombinedRepManager. Time Overrun is 1596 us[EOL]
[2026-09-22T08:37:28.209627Z][RSH.newgen-reagentstoragehandler][W][2330306][141]CRTCyclicEvent.cpp:TimeMissed():101|Cycle miss in event CCSICombinedCmdManager Cyclic Event. Time Overrun is 6064 us[EOL]
[2026-09-22T08:37:28.209657Z][RSH.newgen-reagentstoragehandler][W][2330306][141]CRTCyclicEvent.cpp:TimeMissed():101|Cycle miss in event CCSICombinedRepManager. Time Overrun is 6064 us[EOL]
[2026-09-22T08:37:28.211355Z][RSH.rfidreader][W][2330306][133]CRTCyclicEvent.cpp:TimeMissed():101|Cycle miss in event CCSICombinedCmdManager Cyclic Event. Time Overrun is 3577 us[EOL]
[2026-09-22T08:37:28.211400Z][RSH.rfidreader][W][2330306][133]CRTCyclicEvent.cpp:TimeMissed():101|Cycle miss in event CCSICombinedRepManager. Time Overrun is 3577 us[EOL]
[2026-09-22T08:37:28.704310Z][RSH.newgen-reagentstoragehandler][I][2560016][141]IMessageHandler.h:operator()():40|Received RabbitMqMessage Roche.MolLab.InstrumentState.Ping. Content: {"Timestamp":"2026-09-22T08:37:28.6740962Z","PingId":"IS15"}[EOL]
[2026-09-22T08:37:28.704508Z][RSH.newgen-reagentstoragehandler][I][844444436][141]UnitCommunicator.cpp:SendEvent():424|Publishing event: type=Roche.c68_8800.ReagentStorageHandler.Echo correlation_id=(n/a)[EOL]
[2026-09-22T08:37:28.704534Z][RSH.newgen-reagentstoragehandler][I][2560017][141]MessageSender.h:SendEvent():105|Sent RabbitMqEvent Roche.c68_8800.ReagentStorageHandler.Echo. Content: {"Timestamp":"2026-09-22T08:37:28.704501Z","PingId":"IS15"}[EOL]
[2026-09-22T08:37:37.351988Z][RSH.newgen-reagentstoragehandler][W][2330306][141]CRTCyclicEvent.cpp:TimeMissed():101|Cycle miss in event CCSICombinedCmdManager Cyclic Event. Time Overrun is 8425 us[EOL]
[2026-09-22T08:37:37.351672Z][RSH.rfidreader][W][2330306][133]CRTCyclicEvent.cpp:TimeMissed():101|Cycle miss in event CCSICombinedCmdManager Cyclic Event. Time Overrun is 13898 us[EOL]
[2026-09-22T08:37:37.351701Z][RSH.rfidreader][W][2330306][133]CRTCyclicEvent.cpp:TimeMissed():101|Cycle miss in event CCSICombinedRepManager. Time Overrun is 13898 us[EOL]
[2026-09-22T08:37:37.352016Z][RSH.newgen-reagentstoragehandler][W][2330306][141]CRTCyclicEvent.cpp:TimeMissed():101|Cycle miss in event CCSICombinedRepManager. Time Overrun is 8425 us[EOL]
[2026-09-22T08:37:44.130276Z][RSH.newgen-reagentstoragehandler][W][2330306][141]CRTCyclicEvent.cpp:TimeMissed():101|Cycle miss in event CCSICombinedCmdManager Cyclic Event. Time Overrun is 16709 us[EOL]
[2026-09-22T08:37:44.133133Z][RSH.rfidreader][W][2330306][133]CRTCyclicEvent.cpp:TimeMissed():101|Cycle miss in event CCSICombinedCmdManager Cyclic Event. Time Overrun is 25357 us[EOL]
[2026-09-22T08:37:44.130325Z][RSH.newgen-reagentstoragehandler][W][2330306][141]CRTCyclicEvent.cpp:TimeMissed():101|Cycle miss in event CCSICombinedRepManager. Time Overrun is 16709 us[EOL]
[2026-09-22T08:37:44.133175Z][RSH.rfidreader][W][2330306][133]CRTCyclicEvent.cpp:TimeMissed():101|Cycle miss in event CCSICombinedRepManager. Time Overrun is 25357 us[EOL]
[2026-09-22T08:37:44.251477Z][RSH.rfidreader][W][2330306][133]CRTCyclicEvent.cpp:TimeMissed():101|Cycle miss in event CCSICombinedCmdManager Cyclic Event. Time Overrun is 3703 us[EOL]
[2026-09-22T08:37:44.251496Z][RSH.rfidreader][W][2330306][133]CRTCyclicEvent.cpp:TimeMissed():101|Cycle miss in event CCSICombinedRepManager. Time Overrun is 3703 us[EOL]
[2026-09-22T08:37:45.549786Z][RSH.rfidreader][W][2330306][133]CRTCyclicEvent.cpp:TimeMissed():101|Cycle miss in event CCSICombinedCmdManager Cyclic Event. Time Overrun is 2013 us[EOL]
[2026-09-22T08:37:45.549820Z][RSH.rfidreader][W][2330306][133]CRTCyclicEvent.cpp:TimeMissed():101|Cycle miss in event CCSICombinedRepManager. Time Overrun is 2013 us[EOL]
[2026-09-22T08:37:49.538727Z][RSH.newgen-reagentstoragehandler][W][2330306][141]CRTCyclicEvent.cpp:TimeMissed():101|Cycle miss in event CCSICombinedCmdManager Cyclic Event. Time Overrun is 5165 us[EOL]
[2026-09-22T08:37:49.538748Z][RSH.newgen-reagentstoragehandler][W][2330306][141]CRTCyclicEvent.cpp:TimeMissed():101|Cycle miss in event CCSICombinedRepManager. Time Overrun is 5165 us[EOL]
[2026-09-22T08:37:58.534912Z][RSH.newgen-reagentstoragehandler][W][2330306][141]CRTCyclicEvent.cpp:TimeMissed():101|Cycle miss in event CCSICombinedCmdManager Cyclic Event. Time Overrun is 1348 us[EOL]
[2026-09-22T08:37:58.534936Z][RSH.newgen-reagentstoragehandler][W][2330306][141]CRTCyclicEvent.cpp:TimeMissed():101|Cycle miss in event CCSICombinedRepManager. Time Overrun is 1348 us[EOL]
[2026-09-22T08:37:58.704901Z][RSH.newgen-reagentstoragehandler][I][2560016][141]IMessageHandler.h:operator()():40|Received RabbitMqMessage Roche.MolLab.InstrumentState.Ping. Content: {"Timestamp":"2026-09-22T08:37:58.6750384Z","PingId":"IS16"}[EOL]
[2026-09-22T08:37:58.704951Z][RSH.newgen-reagentstoragehandler][I][844444436][141]UnitCommunicator.cpp:SendEvent():424|Publishing event: type=Roche.c68_8800.ReagentStorageHandler.Echo correlation_id=(n/a)[EOL]
[2026-09-22T08:37:58.704995Z][RSH.newgen-reagentstoragehandler][I][2560017][141]MessageSender.h:SendEvent():105|Sent RabbitMqEvent Roche.c68_8800.ReagentStorageHandler.Echo. Content: {"Timestamp":"2026-09-22T08:37:58.704945Z","PingId":"IS16"}[EOL]
[2026-09-22T08:37:59.941744Z][RSH.newgen-reagentstoragehandler][W][2330306][141]CRTCyclicEvent.cpp:TimeMissed():101|Cycle miss in event CCSICombinedCmdManager Cyclic Event. Time Overrun is 18169 us[EOL]
[2026-09-22T08:37:59.941779Z][RSH.newgen-reagentstoragehandler][W][2330306][141]CRTCyclicEvent.cpp:TimeMissed():101|Cycle miss in event CCSICombinedRepManager. Time Overrun is 18169 us[EOL]
[2026-09-22T08:38:01.373732Z][RSH.newgen-reagentstoragehandler][W][2330306][141]CRTCyclicEvent.cpp:TimeMissed():101|Cycle miss in event CCSICombinedCmdManager Cyclic Event. Time Overrun is 167 us[EOL]
[2026-09-22T08:38:01.373762Z][RSH.newgen-reagentstoragehandler][W][2330306][141]CRTCyclicEvent.cpp:TimeMissed():101|Cycle miss in event CCSICombinedRepManager. Time Overrun is 167 us[EOL]
[2026-09-22T08:38:01.850599Z][RSH.newgen-reagentstoragehandler][W][2330306][141]CRTCyclicEvent.cpp:TimeMissed():101|Cycle miss in event CCSICombinedCmdManager Cyclic Event. Time Overrun is 7035 us[EOL]
[2026-09-22T08:38:01.850628Z][RSH.newgen-reagentstoragehandler][W][2330306][141]CRTCyclicEvent.cpp:TimeMissed():101|Cycle miss in event CCSICombinedRepManager. Time Overrun is 7035 us[EOL]
[2026-09-22T08:38:08.102428Z][RSH.newgen-reagentstoragehandler][W][2330306][141]CRTCyclicEvent.cpp:TimeMissed():101|Cycle miss in event CCSICombinedCmdManager Cyclic Event. Time Overrun is 8862 us[EOL]
[2026-09-22T08:38:08.102462Z][RSH.newgen-reagentstoragehandler][W][2330306][141]CRTCyclicEvent.cpp:TimeMissed():101|Cycle miss in event CCSICombinedRepManager. Time Overrun is 8862 us[EOL]
[2026-09-22T08:38:08.102820Z][RSH.rfidreader][W][2330306][133]CRTCyclicEvent.cpp:TimeMissed():101|Cycle miss in event CCSICombinedCmdManager Cyclic Event. Time Overrun is 5047 us[EOL]
[2026-09-22T08:38:08.102859Z][RSH.rfidreader][W][2330306][133]CRTCyclicEvent.cpp:TimeMissed():101|Cycle miss in event CCSICombinedRepManager. Time Overrun is 5047 us[EOL]
[2026-09-22T08:38:11.127810Z][RSH.rfidreader][W][2330306][133]CRTCyclicEvent.cpp:TimeMissed():101|Cycle miss in event CCSICombinedCmdManager Cyclic Event. Time Overrun is 36 us[EOL]
[2026-09-22T08:38:11.127840Z][RSH.rfidreader][W][2330306][133]CRTCyclicEvent.cpp:TimeMissed():101|Cycle miss in event CCSICombinedRepManager. Time Overrun is 36 us[EOL]
[2026-09-22T08:38:11.124487Z][RSH.newgen-reagentstoragehandler][W][2330306][141]CRTCyclicEvent.cpp:TimeMissed():101|Cycle miss in event CCSICombinedCmdManager Cyclic Event. Time Overrun is 923 us[EOL]
[2026-09-22T08:38:11.124519Z][RSH.newgen-reagentstoragehandler][W][2330306][141]CRTCyclicEvent.cpp:TimeMissed():101|Cycle miss in event CCSICombinedRepManager. Time Overrun is 923 us[EOL]
[2026-09-22T08:38:24.452590Z][RSH.rfidreader][W][2330306][133]CRTCyclicEvent.cpp:TimeMissed():101|Cycle miss in event CCSICombinedCmdManager Cyclic Event. Time Overrun is 4817 us[EOL]
[2026-09-22T08:38:24.452616Z][RSH.rfidreader][W][2330306][133]CRTCyclicEvent.cpp:TimeMissed():101|Cycle miss in event CCSICombinedRepManager. Time Overrun is 4817 us[EOL]
[2026-09-22T08:38:24.452335Z][RSH.newgen-reagentstoragehandler][W][2330306][141]CRTCyclicEvent.cpp:TimeMissed():101|Cycle miss in event CCSICombinedCmdManager Cyclic Event. Time Overrun is 8763 us[EOL]
[2026-09-22T08:38:24.452386Z][RSH.newgen-reagentstoragehandler][W][2330306][141]CRTCyclicEvent.cpp:TimeMissed():101|Cycle miss in event CCSICombinedRepManager. Time Overrun is 8763 us[EOL]
[2026-09-22T08:38:28.680192Z][RSH.newgen-reagentstoragehandler][I][2560016][141]IMessageHandler.h:operator()():40|Received RabbitMqMessage Roche.MolLab.InstrumentState.Ping. Content: {"Timestamp":"2026-09-22T08:38:28.6759171Z","PingId":"IS17"}[EOL]
[2026-09-22T08:38:28.680239Z][RSH.newgen-reagentstoragehandler][I][844444436][141]UnitCommunicator.cpp:SendEvent():424|Publishing event: type=Roche.c68_8800.ReagentStorageHandler.Echo correlation_id=(n/a)[EOL]
[2026-09-22T08:38:28.680278Z][RSH.newgen-reagentstoragehandler][I][2560017][141]MessageSender.h:SendEvent():105|Sent RabbitMqEvent Roche.c68_8800.ReagentStorageHandler.Echo. Content: {"Timestamp":"2026-09-22T08:38:28.680232Z","PingId":"IS17"}[EOL]
[2026-09-22T08:38:30.193538Z][RSH.rfidreader][W][2330306][133]CRTCyclicEvent.cpp:TimeMissed():101|Cycle miss in event CCSICombinedCmdManager Cyclic Event. Time Overrun is 5760 us[EOL]
[2026-09-22T08:38:30.193594Z][RSH.rfidreader][W][2330306][133]CRTCyclicEvent.cpp:TimeMissed():101|Cycle miss in event CCSICombinedRepManager. Time Overrun is 5760 us[EOL]
[2026-09-22T08:38:39.645050Z][RSH.newgen-reagentstoragehandler][W][2330306][141]CRTCyclicEvent.cpp:TimeMissed():101|Cycle miss in event CCSICombinedCmdManager Cyclic Event. Time Overrun is 1486 us[EOL]
[2026-09-22T08:38:39.645074Z][RSH.newgen-reagentstoragehandler][W][2330306][141]CRTCyclicEvent.cpp:TimeMissed():101|Cycle miss in event CCSICombinedRepManager. Time Overrun is 1486 us[EOL]
[2026-09-22T08:38:43.753007Z][RSH.rfidreader][W][2330306][133]CRTCyclicEvent.cpp:TimeMissed():101|Cycle miss in event CCSICombinedCmdManager Cyclic Event. Time Overrun is 5233 us[EOL]
[2026-09-22T08:38:43.753032Z][RSH.rfidreader][W][2330306][133]CRTCyclicEvent.cpp:TimeMissed():101|Cycle miss in event CCSICombinedRepManager. Time Overrun is 5233 us[EOL]
[2026-09-22T08:38:44.259027Z][RSH.rfidreader][W][2330306][133]CRTCyclicEvent.cpp:TimeMissed():101|Cycle miss in event CCSICombinedCmdManager Cyclic Event. Time Overrun is 1254 us[EOL]
[2026-09-22T08:38:44.259048Z][RSH.rfidreader][W][2330306][133]CRTCyclicEvent.cpp:TimeMissed():101|Cycle miss in event CCSICombinedRepManager. Time Overrun is 1254 us[EOL]
[2026-09-22T08:38:53.209022Z][RSH.rfidreader][W][2330306][133]CRTCyclicEvent.cpp:TimeMissed():101|Cycle miss in event CCSICombinedCmdManager Cyclic Event. Time Overrun is 1247 us[EOL]
[2026-09-22T08:38:53.209056Z][RSH.rfidreader][W][2330306][133]CRTCyclicEvent.cpp:TimeMissed():101|Cycle miss in event CCSICombinedRepManager. Time Overrun is 1247 us[EOL]
[2026-09-22T08:38:53.208560Z][RSH.newgen-reagentstoragehandler][W][2330306][141]CRTCyclicEvent.cpp:TimeMissed():101|Cycle miss in event CCSICombinedCmdManager Cyclic Event. Time Overrun is 4995 us[EOL]
[2026-09-22T08:38:53.208592Z][RSH.newgen-reagentstoragehandler][W][2330306][141]CRTCyclicEvent.cpp:TimeMissed():101|Cycle miss in event CCSICombinedRepManager. Time Overrun is 4995 us[EOL]
[2026-09-22T08:38:54.055445Z][RSH.newgen-reagentstoragehandler][W][2330306][141]CRTCyclicEvent.cpp:TimeMissed():101|Cycle miss in event CCSICombinedCmdManager Cyclic Event. Time Overrun is 1850 us[EOL]
[2026-09-22T08:38:54.055482Z][RSH.newgen-reagentstoragehandler][W][2330306][141]CRTCyclicEvent.cpp:TimeMissed():101|Cycle miss in event CCSICombinedRepManager. Time Overrun is 1850 us[EOL]
[2026-09-22T08:38:58.684411Z][RSH.newgen-reagentstoragehandler][I][2560016][141]IMessageHandler.h:operator()():40|Received RabbitMqMessage Roche.MolLab.InstrumentState.Ping. Content: {"Timestamp":"2026-09-22T08:38:58.6756067Z","PingId":"IS18"}[EOL]
[2026-09-22T08:38:58.684462Z][RSH.newgen-reagentstoragehandler][I][844444436][141]UnitCommunicator.cpp:SendEvent():424|Publishing event: type=Roche.c68_8800.ReagentStorageHandler.Echo correlation_id=(n/a)[EOL]
[2026-09-22T08:38:58.684489Z][RSH.newgen-reagentstoragehandler][I][2560017][141]MessageSender.h:SendEvent():105|Sent RabbitMqEvent Roche.c68_8800.ReagentStorageHandler.Echo. Content: {"Timestamp":"2026-09-22T08:38:58.684455Z","PingId":"IS18"}[EOL]
[2026-09-22T08:39:05.350415Z][RSH.rfidreader][W][2330306][133]CRTCyclicEvent.cpp:TimeMissed():101|Cycle miss in event CCSICombinedCmdManager Cyclic Event. Time Overrun is 12640 us[EOL]
[2026-09-22T08:39:05.351316Z][RSH.newgen-reagentstoragehandler][W][2330306][141]CRTCyclicEvent.cpp:TimeMissed():101|Cycle miss in event CCSICombinedCmdManager Cyclic Event. Time Overrun is 7747 us[EOL]
[2026-09-22T08:39:05.351349Z][RSH.newgen-reagentstoragehandler][W][2330306][141]CRTCyclicEvent.cpp:TimeMissed():101|Cycle miss in event CCSICombinedRepManager. Time Overrun is 7747 us[EOL]
[2026-09-22T08:39:05.350525Z][RSH.rfidreader][W][2330306][133]CRTCyclicEvent.cpp:TimeMissed():101|Cycle miss in event CCSICombinedRepManager. Time Overrun is 12640 us[EOL]
[2026-09-22T08:39:06.081379Z][RSH.newgen-reagentstoragehandler][W][2330306][141]CRTCyclicEvent.cpp:TimeMissed():101|Cycle miss in event CCSICombinedCmdManager Cyclic Event. Time Overrun is 7816 us[EOL]
[2026-09-22T08:39:06.081401Z][RSH.newgen-reagentstoragehandler][W][2330306][141]CRTCyclicEvent.cpp:TimeMissed():101|Cycle miss in event CCSICombinedRepManager. Time Overrun is 7816 us[EOL]
[2026-09-22T08:39:06.080420Z][RSH.rfidreader][W][2330306][133]CRTCyclicEvent.cpp:TimeMissed():101|Cycle miss in event CCSICombinedCmdManager Cyclic Event. Time Overrun is 2647 us[EOL]
[2026-09-22T08:39:06.080443Z][RSH.rfidreader][W][2330306][133]CRTCyclicEvent.cpp:TimeMissed():101|Cycle miss in event CCSICombinedRepManager. Time Overrun is 2647 us[EOL]
[2026-09-22T08:39:06.538531Z][RSH.newgen-reagentstoragehandler][W][2330306][141]CRTCyclicEvent.cpp:TimeMissed():101|Cycle miss in event CCSICombinedCmdManager Cyclic Event. Time Overrun is 4969 us[EOL]
[2026-09-22T08:39:06.538552Z][RSH.newgen-reagentstoragehandler][W][2330306][141]CRTCyclicEvent.cpp:TimeMissed():101|Cycle miss in event CCSICombinedRepManager. Time Overrun is 4969 us[EOL]
[2026-09-22T08:39:06.542385Z][RSH.rfidreader][W][2330306][133]CRTCyclicEvent.cpp:TimeMissed():101|Cycle miss in event CCSICombinedCmdManager Cyclic Event. Time Overrun is 4611 us[EOL]
[2026-09-22T08:39:06.542413Z][RSH.rfidreader][W][2330306][133]CRTCyclicEvent.cpp:TimeMissed():101|Cycle miss in event CCSICombinedRepManager. Time Overrun is 4611 us[EOL]
[2026-09-22T08:39:25.597085Z][RSH.newgen-reagentstoragehandler][W][2330306][141]CRTCyclicEvent.cpp:TimeMissed():101|Cycle miss in event CCSICombinedCmdManager Cyclic Event. Time Overrun is 3521 us[EOL]
[2026-09-22T08:39:25.597113Z][RSH.newgen-reagentstoragehandler][W][2330306][141]CRTCyclicEvent.cpp:TimeMissed():101|Cycle miss in event CCSICombinedRepManager. Time Overrun is 3521 us[EOL]
[2026-09-22T08:39:25.733249Z][RSH.rfidreader][W][2330306][133]CRTCyclicEvent.cpp:TimeMissed():101|Cycle miss in event CCSICombinedCmdManager Cyclic Event. Time Overrun is 5472 us[EOL]
[2026-09-22T08:39:25.733291Z][RSH.rfidreader][W][2330306][133]CRTCyclicEvent.cpp:TimeMissed():101|Cycle miss in event CCSICombinedRepManager. Time Overrun is 5472 us[EOL]
[2026-09-22T08:39:25.990344Z][RSH.rfidreader][W][2330306][133]CRTCyclicEvent.cpp:TimeMissed():101|Cycle miss in event CCSICombinedCmdManager Cyclic Event. Time Overrun is 2571 us[EOL]
[2026-09-22T08:39:25.990379Z][RSH.rfidreader][W][2330306][133]CRTCyclicEvent.cpp:TimeMissed():101|Cycle miss in event CCSICombinedRepManager. Time Overrun is 2571 us[EOL]
[2026-09-22T08:39:26.650159Z][RSH.rfidreader][W][2330306][133]CRTCyclicEvent.cpp:TimeMissed():101|Cycle miss in event CCSICombinedCmdManager Cyclic Event. Time Overrun is 2384 us[EOL]
[2026-09-22T08:39:26.650193Z][RSH.rfidreader][W][2330306][133]CRTCyclicEvent.cpp:TimeMissed():101|Cycle miss in event CCSICombinedRepManager. Time Overrun is 2384 us[EOL]
[2026-09-22T08:39:26.650056Z][RSH.newgen-reagentstoragehandler][W][2330306][141]CRTCyclicEvent.cpp:TimeMissed():101|Cycle miss in event CCSICombinedCmdManager Cyclic Event. Time Overrun is 6493 us[EOL]
[2026-09-22T08:39:26.650076Z][RSH.newgen-reagentstoragehandler][W][2330306][141]CRTCyclicEvent.cpp:TimeMissed():101|Cycle miss in event CCSICombinedRepManager. Time Overrun is 6493 us[EOL]
[2026-09-22T08:39:27.827046Z][RSH.rfidreader][W][2330306][133]CRTCyclicEvent.cpp:TimeMissed():101|Cycle miss in event CCSICombinedCmdManager Cyclic Event. Time Overrun is 9272 us[EOL]
[2026-09-22T08:39:27.827076Z][RSH.rfidreader][W][2330306][133]CRTCyclicEvent.cpp:TimeMissed():101|Cycle miss in event CCSICombinedRepManager. Time Overrun is 9272 us[EOL]
[2026-09-22T08:39:27.829536Z][RSH.newgen-reagentstoragehandler][W][2330306][141]CRTCyclicEvent.cpp:TimeMissed():101|Cycle miss in event CCSICombinedCmdManager Cyclic Event. Time Overrun is 5972 us[EOL]
[2026-09-22T08:39:27.829577Z][RSH.newgen-reagentstoragehandler][W][2330306][141]CRTCyclicEvent.cpp:TimeMissed():101|Cycle miss in event CCSICombinedRepManager. Time Overrun is 5972 us[EOL]
[2026-09-22T08:39:28.685426Z][RSH.newgen-reagentstoragehandler][I][2560016][141]IMessageHandler.h:operator()():40|Received RabbitMqMessage Roche.MolLab.InstrumentState.Ping. Content: {"Timestamp":"2026-09-22T08:39:28.6740918Z","PingId":"IS19"}[EOL]
[2026-09-22T08:39:28.685466Z][RSH.newgen-reagentstoragehandler][I][844444436][141]UnitCommunicator.cpp:SendEvent():424|Publishing event: type=Roche.c68_8800.ReagentStorageHandler.Echo correlation_id=(n/a)[EOL]
[2026-09-22T08:39:28.685522Z][RSH.newgen-reagentstoragehandler][I][2560017][141]MessageSender.h:SendEvent():105|Sent RabbitMqEvent Roche.c68_8800.ReagentStorageHandler.Echo. Content: {"Timestamp":"2026-09-22T08:39:28.685460Z","PingId":"IS19"}[EOL]
[2026-09-22T08:39:28.859734Z][RSH.rfidreader][W][2330306][133]CRTCyclicEvent.cpp:TimeMissed():101|Cycle miss in event CCSICombinedCmdManager Cyclic Event. Time Overrun is 1954 us[EOL]
[2026-09-22T08:39:28.859782Z][RSH.rfidreader][W][2330306][133]CRTCyclicEvent.cpp:TimeMissed():101|Cycle miss in event CCSICombinedRepManager. Time Overrun is 1954 us[EOL]
[2026-09-22T08:39:32.885139Z][RSH.newgen-reagentstoragehandler][W][2330306][141]CRTCyclicEvent.cpp:TimeMissed():101|Cycle miss in event CCSICombinedCmdManager Cyclic Event. Time Overrun is 1575 us[EOL]
[2026-09-22T08:39:32.885166Z][RSH.newgen-reagentstoragehandler][W][2330306][141]CRTCyclicEvent.cpp:TimeMissed():101|Cycle miss in event CCSICombinedRepManager. Time Overrun is 1575 us[EOL]
[2026-09-22T08:39:39.585478Z][RSH.newgen-reagentstoragehandler][W][2330306][141]CRTCyclicEvent.cpp:TimeMissed():101|Cycle miss in event CCSICombinedCmdManager Cyclic Event. Time Overrun is 1915 us[EOL]
[2026-09-22T08:39:39.585605Z][RSH.newgen-reagentstoragehandler][W][2330306][141]CRTCyclicEvent.cpp:TimeMissed():101|Cycle miss in event CCSICombinedRepManager. Time Overrun is 1915 us[EOL]
[2026-09-22T08:39:43.974829Z][RSH.newgen-reagentstoragehandler][W][2330306][141]CRTCyclicEvent.cpp:TimeMissed():101|Cycle miss in event CCSICombinedCmdManager Cyclic Event. Time Overrun is 1262 us[EOL]
[2026-09-22T08:39:43.974859Z][RSH.newgen-reagentstoragehandler][W][2330306][141]CRTCyclicEvent.cpp:TimeMissed():101|Cycle miss in event CCSICombinedRepManager. Time Overrun is 1262 us[EOL]
[2026-09-22T08:39:45.645027Z][RSH.newgen-reagentstoragehandler][W][2330306][141]CRTCyclicEvent.cpp:TimeMissed():101|Cycle miss in event CCSICombinedCmdManager Cyclic Event. Time Overrun is 1464 us[EOL]
[2026-09-22T08:39:45.645057Z][RSH.newgen-reagentstoragehandler][W][2330306][141]CRTCyclicEvent.cpp:TimeMissed():101|Cycle miss in event CCSICombinedRepManager. Time Overrun is 1464 us[EOL]
[2026-09-22T08:39:51.649841Z][RSH.rfidreader][W][2330306][133]CRTCyclicEvent.cpp:TimeMissed():101|Cycle miss in event CCSICombinedCmdManager Cyclic Event. Time Overrun is 2051 us[EOL]
[2026-09-22T08:39:51.649763Z][RSH.newgen-reagentstoragehandler][W][2330306][141]CRTCyclicEvent.cpp:TimeMissed():101|Cycle miss in event CCSICombinedCmdManager Cyclic Event. Time Overrun is 6199 us[EOL]
[2026-09-22T08:39:51.649884Z][RSH.rfidreader][W][2330306][133]CRTCyclicEvent.cpp:TimeMissed():101|Cycle miss in event CCSICombinedRepManager. Time Overrun is 2051 us[EOL]
[2026-09-22T08:39:51.649790Z][RSH.newgen-reagentstoragehandler][W][2330306][141]CRTCyclicEvent.cpp:TimeMissed():101|Cycle miss in event CCSICombinedRepManager. Time Overrun is 6199 us[EOL]
[2026-09-22T08:39:55.564321Z][RSH.newgen-reagentstoragehandler][W][2330306][141]CRTCyclicEvent.cpp:TimeMissed():101|Cycle miss in event CCSICombinedCmdManager Cyclic Event. Time Overrun is 758 us[EOL]
[2026-09-22T08:39:55.564352Z][RSH.newgen-reagentstoragehandler][W][2330306][141]CRTCyclicEvent.cpp:TimeMissed():101|Cycle miss in event CCSICombinedRepManager. Time Overrun is 758 us[EOL]
[2026-09-22T08:39:57.833733Z][RSH.newgen-reagentstoragehandler][W][2330306][141]CRTCyclicEvent.cpp:TimeMissed():101|Cycle miss in event CCSICombinedCmdManager Cyclic Event. Time Overrun is 168 us[EOL]
[2026-09-22T08:39:57.833755Z][RSH.newgen-reagentstoragehandler][W][2330306][141]CRTCyclicEvent.cpp:TimeMissed():101|Cycle miss in event CCSICombinedRepManager. Time Overrun is 168 us[EOL]
[2026-09-22T08:39:58.685927Z][RSH.newgen-reagentstoragehandler][I][2560016][141]IMessageHandler.h:operator()():40|Received RabbitMqMessage Roche.MolLab.InstrumentState.Ping. Content: {"Timestamp":"2026-09-22T08:39:58.6732312Z","PingId":"IS20"}[EOL]
[2026-09-22T08:39:58.685958Z][RSH.newgen-reagentstoragehandler][I][844444436][141]UnitCommunicator.cpp:SendEvent():424|Publishing event: type=Roche.c68_8800.ReagentStorageHandler.Echo correlation_id=(n/a)[EOL]
[2026-09-22T08:39:58.685994Z][RSH.newgen-reagentstoragehandler][I][2560017][141]MessageSender.h:SendEvent():105|Sent RabbitMqEvent Roche.c68_8800.ReagentStorageHandler.Echo. Content: {"Timestamp":"2026-09-22T08:39:58.685953Z","PingId":"IS20"}[EOL]
[2026-09-22T08:40:06.939688Z][RSH.rfidreader][W][2330306][133]CRTCyclicEvent.cpp:TimeMissed():101|Cycle miss in event CCSICombinedCmdManager Cyclic Event. Time Overrun is 1901 us[EOL]
[2026-09-22T08:40:06.939718Z][RSH.rfidreader][W][2330306][133]CRTCyclicEvent.cpp:TimeMissed():101|Cycle miss in event CCSICombinedRepManager. Time Overrun is 1901 us[EOL]
[2026-09-22T08:40:12.469387Z][RSH.newgen-reagentstoragehandler][W][2330306][141]CRTCyclicEvent.cpp:TimeMissed():101|Cycle miss in event CCSICombinedCmdManager Cyclic Event. Time Overrun is 5824 us[EOL]
[2026-09-22T08:40:12.469416Z][RSH.newgen-reagentstoragehandler][W][2330306][141]CRTCyclicEvent.cpp:TimeMissed():101|Cycle miss in event CCSICombinedRepManager. Time Overrun is 5824 us[EOL]
[2026-09-22T08:40:12.470843Z][RSH.rfidreader][W][2330306][133]CRTCyclicEvent.cpp:TimeMissed():101|Cycle miss in event CCSICombinedCmdManager Cyclic Event. Time Overrun is 3071 us[EOL]
[2026-09-22T08:40:12.470866Z][RSH.rfidreader][W][2330306][133]CRTCyclicEvent.cpp:TimeMissed():101|Cycle miss in event CCSICombinedRepManager. Time Overrun is 3071 us[EOL]
[2026-09-22T08:40:15.186052Z][RSH.newgen-reagentstoragehandler][W][2330306][141]CRTCyclicEvent.cpp:TimeMissed():101|Cycle miss in event CCSICombinedCmdManager Cyclic Event. Time Overrun is 2489 us[EOL]
[2026-09-22T08:40:15.186075Z][RSH.newgen-reagentstoragehandler][W][2330306][141]CRTCyclicEvent.cpp:TimeMissed():101|Cycle miss in event CCSICombinedRepManager. Time Overrun is 2489 us[EOL]
[2026-09-22T08:40:21.527404Z][RSH.newgen-reagentstoragehandler][W][2330306][141]CRTCyclicEvent.cpp:TimeMissed():101|Cycle miss in event CCSICombinedCmdManager Cyclic Event. Time Overrun is 3835 us[EOL]
[2026-09-22T08:40:21.527456Z][RSH.newgen-reagentstoragehandler][W][2330306][141]CRTCyclicEvent.cpp:TimeMissed():101|Cycle miss in event CCSICombinedRepManager. Time Overrun is 3835 us[EOL]
[2026-09-22T08:40:21.528980Z][RSH.rfidreader][W][2330306][133]CRTCyclicEvent.cpp:TimeMissed():101|Cycle miss in event CCSICombinedCmdManager Cyclic Event. Time Overrun is 1208 us[EOL]
[2026-09-22T08:40:21.529344Z][RSH.rfidreader][W][2330306][133]CRTCyclicEvent.cpp:TimeMissed():101|Cycle miss in event CCSICombinedRepManager. Time Overrun is 1208 us[EOL]
[2026-09-22T08:40:25.209584Z][RSH.rfidreader][W][2330306][133]CRTCyclicEvent.cpp:TimeMissed():101|Cycle miss in event CCSICombinedCmdManager Cyclic Event. Time Overrun is 1799 us[EOL]
[2026-09-22T08:40:25.209633Z][RSH.rfidreader][W][2330306][133]CRTCyclicEvent.cpp:TimeMissed():101|Cycle miss in event CCSICombinedRepManager. Time Overrun is 1799 us[EOL]
[2026-09-22T08:40:26.730057Z][RSH.rfidreader][W][2330306][133]CRTCyclicEvent.cpp:TimeMissed():101|Cycle miss in event CCSICombinedCmdManager Cyclic Event. Time Overrun is 2284 us[EOL]
[2026-09-22T08:40:26.730084Z][RSH.rfidreader][W][2330306][133]CRTCyclicEvent.cpp:TimeMissed():101|Cycle miss in event CCSICombinedRepManager. Time Overrun is 2284 us[EOL]
[2026-09-22T08:40:28.008584Z][RSH.rfidreader][W][2330306][133]CRTCyclicEvent.cpp:TimeMissed():101|Cycle miss in event CCSICombinedCmdManager Cyclic Event. Time Overrun is 805 us[EOL]
[2026-09-22T08:40:28.008633Z][RSH.rfidreader][W][2330306][133]CRTCyclicEvent.cpp:TimeMissed():101|Cycle miss in event CCSICombinedRepManager. Time Overrun is 805 us[EOL]
[2026-09-22T08:40:28.681916Z][RSH.newgen-reagentstoragehandler][I][2560016][141]IMessageHandler.h:operator()():40|Received RabbitMqMessage Roche.MolLab.InstrumentState.Ping. Content: {"Timestamp":"2026-09-22T08:40:28.6739066Z","PingId":"IS21"}[EOL]
[2026-09-22T08:40:28.681954Z][RSH.newgen-reagentstoragehandler][I][844444436][141]UnitCommunicator.cpp:SendEvent():424|Publishing event: type=Roche.c68_8800.ReagentStorageHandler.Echo correlation_id=(n/a)[EOL]
[2026-09-22T08:40:28.681974Z][RSH.newgen-reagentstoragehandler][I][2560017][141]MessageSender.h:SendEvent():105|Sent RabbitMqEvent Roche.c68_8800.ReagentStorageHandler.Echo. Content: {"Timestamp":"2026-09-22T08:40:28.681950Z","PingId":"IS21"}[EOL]
[2026-09-22T08:40:33.288642Z][RSH.rfidreader][W][2330306][133]CRTCyclicEvent.cpp:TimeMissed():101|Cycle miss in event CCSICombinedCmdManager Cyclic Event. Time Overrun is 866 us[EOL]
[2026-09-22T08:40:33.288679Z][RSH.rfidreader][W][2330306][133]CRTCyclicEvent.cpp:TimeMissed():101|Cycle miss in event CCSICombinedRepManager. Time Overrun is 866 us[EOL]
[2026-09-22T08:40:37.854139Z][RSH.newgen-reagentstoragehandler][W][2330306][141]CRTCyclicEvent.cpp:TimeMissed():101|Cycle miss in event CCSICombinedCmdManager Cyclic Event. Time Overrun is 569 us[EOL]
[2026-09-22T08:40:37.854193Z][RSH.newgen-reagentstoragehandler][W][2330306][141]CRTCyclicEvent.cpp:TimeMissed():101|Cycle miss in event CCSICombinedRepManager. Time Overrun is 569 us[EOL]
[2026-09-22T08:40:42.015380Z][RSH.rfidreader][W][2330306][133]CRTCyclicEvent.cpp:TimeMissed():101|Cycle miss in event CCSICombinedCmdManager Cyclic Event. Time Overrun is 7602 us[EOL]
[2026-09-22T08:40:42.015421Z][RSH.rfidreader][W][2330306][133]CRTCyclicEvent.cpp:TimeMissed():101|Cycle miss in event CCSICombinedRepManager. Time Overrun is 7602 us[EOL]
[2026-09-22T08:40:47.847933Z][RSH.rfidreader][W][2330306][133]CRTCyclicEvent.cpp:TimeMissed():101|Cycle miss in event CCSICombinedCmdManager Cyclic Event. Time Overrun is 159 us[EOL]
[2026-09-22T08:40:47.846945Z][RSH.newgen-reagentstoragehandler][W][2330306][141]CRTCyclicEvent.cpp:TimeMissed():101|Cycle miss in event CCSICombinedCmdManager Cyclic Event. Time Overrun is 3381 us[EOL]
[2026-09-22T08:40:47.847264Z][RSH.newgen-reagentstoragehandler][W][2330306][141]CRTCyclicEvent.cpp:TimeMissed():101|Cycle miss in event CCSICombinedRepManager. Time Overrun is 3381 us[EOL]
[2026-09-22T08:40:47.847966Z][RSH.rfidreader][W][2330306][133]CRTCyclicEvent.cpp:TimeMissed():101|Cycle miss in event CCSICombinedRepManager. Time Overrun is 159 us[EOL]
[2026-09-22T08:40:49.696649Z][RSH.rfidreader][W][2330306][133]CRTCyclicEvent.cpp:TimeMissed():101|Cycle miss in event CCSICombinedCmdManager Cyclic Event. Time Overrun is 8875 us[EOL]
[2026-09-22T08:40:49.696676Z][RSH.rfidreader][W][2330306][133]CRTCyclicEvent.cpp:TimeMissed():101|Cycle miss in event CCSICombinedRepManager. Time Overrun is 8875 us[EOL]
[2026-09-22T08:40:49.696382Z][RSH.newgen-reagentstoragehandler][W][2330306][141]CRTCyclicEvent.cpp:TimeMissed():101|Cycle miss in event CCSICombinedCmdManager Cyclic Event. Time Overrun is 12812 us[EOL]
[2026-09-22T08:40:49.696425Z][RSH.newgen-reagentstoragehandler][W][2330306][141]CRTCyclicEvent.cpp:TimeMissed():101|Cycle miss in event CCSICombinedRepManager. Time Overrun is 12812 us[EOL]
[2026-09-22T08:40:54.260284Z][RSH.newgen-reagentstoragehandler][W][2330306][141]CRTCyclicEvent.cpp:TimeMissed():101|Cycle miss in event CCSICombinedCmdManager Cyclic Event. Time Overrun is 6720 us[EOL]
[2026-09-22T08:40:54.260452Z][RSH.newgen-reagentstoragehandler][W][2330306][141]CRTCyclicEvent.cpp:TimeMissed():101|Cycle miss in event CCSICombinedRepManager. Time Overrun is 6720 us[EOL]
[2026-09-22T08:40:54.261201Z][RSH.rfidreader][W][2330306][133]CRTCyclicEvent.cpp:TimeMissed():101|Cycle miss in event CCSICombinedCmdManager Cyclic Event. Time Overrun is 3422 us[EOL]
[2026-09-22T08:40:54.261223Z][RSH.rfidreader][W][2330306][133]CRTCyclicEvent.cpp:TimeMissed():101|Cycle miss in event CCSICombinedRepManager. Time Overrun is 3422 us[EOL]
[2026-09-22T08:40:58.683824Z][RSH.newgen-reagentstoragehandler][I][2560016][141]IMessageHandler.h:operator()():40|Received RabbitMqMessage Roche.MolLab.InstrumentState.Ping. Content: {"Timestamp":"2026-09-22T08:40:58.6734324Z","PingId":"IS22"}[EOL]
[2026-09-22T08:40:58.683854Z][RSH.newgen-reagentstoragehandler][I][844444436][141]UnitCommunicator.cpp:SendEvent():424|Publishing event: type=Roche.c68_8800.ReagentStorageHandler.Echo correlation_id=(n/a)[EOL]
[2026-09-22T08:40:58.683868Z][RSH.newgen-reagentstoragehandler][I][2560017][141]MessageSender.h:SendEvent():105|Sent RabbitMqEvent Roche.c68_8800.ReagentStorageHandler.Echo. Content: {"Timestamp":"2026-09-22T08:40:58.683850Z","PingId":"IS22"}[EOL]
[2026-09-22T08:41:07.546070Z][RSH.newgen-reagentstoragehandler][W][2330306][141]CRTCyclicEvent.cpp:TimeMissed():101|Cycle miss in event CCSICombinedCmdManager Cyclic Event. Time Overrun is 2504 us[EOL]
[2026-09-22T08:41:07.546105Z][RSH.newgen-reagentstoragehandler][W][2330306][141]CRTCyclicEvent.cpp:TimeMissed():101|Cycle miss in event CCSICombinedRepManager. Time Overrun is 2504 us[EOL]
[2026-09-22T08:41:08.818019Z][RSH.rfidreader][W][2330306][133]CRTCyclicEvent.cpp:TimeMissed():101|Cycle miss in event CCSICombinedCmdManager Cyclic Event. Time Overrun is 245 us[EOL]
[2026-09-22T08:41:08.818240Z][RSH.newgen-reagentstoragehandler][W][2330306][141]CRTCyclicEvent.cpp:TimeMissed():101|Cycle miss in event CCSICombinedCmdManager Cyclic Event. Time Overrun is 4677 us[EOL]
[2026-09-22T08:41:08.818047Z][RSH.rfidreader][W][2330306][133]CRTCyclicEvent.cpp:TimeMissed():101|Cycle miss in event CCSICombinedRepManager. Time Overrun is 245 us[EOL]
[2026-09-22T08:41:08.818263Z][RSH.newgen-reagentstoragehandler][W][2330306][141]CRTCyclicEvent.cpp:TimeMissed():101|Cycle miss in event CCSICombinedRepManager. Time Overrun is 4677 us[EOL]
[2026-09-22T08:41:25.177125Z][RSH.rfidreader][W][2330306][133]CRTCyclicEvent.cpp:TimeMissed():101|Cycle miss in event CCSICombinedCmdManager Cyclic Event. Time Overrun is 19353 us[EOL]
[2026-09-22T08:41:25.176882Z][RSH.newgen-reagentstoragehandler][W][2330306][141]CRTCyclicEvent.cpp:TimeMissed():101|Cycle miss in event CCSICombinedCmdManager Cyclic Event. Time Overrun is 3316 us[EOL]
[2026-09-22T08:41:25.176916Z][RSH.newgen-reagentstoragehandler][W][2330306][141]CRTCyclicEvent.cpp:TimeMissed():101|Cycle miss in event CCSICombinedRepManager. Time Overrun is 3316 us[EOL]
[2026-09-22T08:41:25.177145Z][RSH.rfidreader][W][2330306][133]CRTCyclicEvent.cpp:TimeMissed():101|Cycle miss in event CCSICombinedRepManager. Time Overrun is 19353 us[EOL]
[2026-09-22T08:41:27.836217Z][RSH.newgen-reagentstoragehandler][W][2330306][141]CRTCyclicEvent.cpp:TimeMissed():101|Cycle miss in event CCSICombinedCmdManager Cyclic Event. Time Overrun is 2595 us[EOL]
[2026-09-22T08:41:27.836401Z][RSH.newgen-reagentstoragehandler][W][2330306][141]CRTCyclicEvent.cpp:TimeMissed():101|Cycle miss in event CCSICombinedRepManager. Time Overrun is 2595 us[EOL]
[2026-09-22T08:41:28.698771Z][RSH.newgen-reagentstoragehandler][I][2560016][141]IMessageHandler.h:operator()():40|Received RabbitMqMessage Roche.MolLab.InstrumentState.Ping. Content: {"Timestamp":"2026-09-22T08:41:28.6758998Z","PingId":"IS23"}[EOL]
[2026-09-22T08:41:28.698818Z][RSH.newgen-reagentstoragehandler][I][844444436][141]UnitCommunicator.cpp:SendEvent():424|Publishing event: type=Roche.c68_8800.ReagentStorageHandler.Echo correlation_id=(n/a)[EOL]
[2026-09-22T08:41:28.698850Z][RSH.newgen-reagentstoragehandler][I][2560017][141]MessageSender.h:SendEvent():105|Sent RabbitMqEvent Roche.c68_8800.ReagentStorageHandler.Echo. Content: {"Timestamp":"2026-09-22T08:41:28.698813Z","PingId":"IS23"}[EOL]
[2026-09-22T08:41:37.788399Z][RSH.rfidreader][W][2330306][133]CRTCyclicEvent.cpp:TimeMissed():101|Cycle miss in event CCSICombinedCmdManager Cyclic Event. Time Overrun is 626 us[EOL]
[2026-09-22T08:41:37.788420Z][RSH.rfidreader][W][2330306][133]CRTCyclicEvent.cpp:TimeMissed():101|Cycle miss in event CCSICombinedRepManager. Time Overrun is 626 us[EOL]
[2026-09-22T08:41:50.047844Z][RSH.newgen-reagentstoragehandler][W][2330306][141]CRTCyclicEvent.cpp:TimeMissed():101|Cycle miss in event CCSICombinedCmdManager Cyclic Event. Time Overrun is 14280 us[EOL]
[2026-09-22T08:41:50.048619Z][RSH.rfidreader][W][2330306][133]CRTCyclicEvent.cpp:TimeMissed():101|Cycle miss in event CCSICombinedCmdManager Cyclic Event. Time Overrun is 10845 us[EOL]
[2026-09-22T08:41:50.048646Z][RSH.rfidreader][W][2330306][133]CRTCyclicEvent.cpp:TimeMissed():101|Cycle miss in event CCSICombinedRepManager. Time Overrun is 10845 us[EOL]
[2026-09-22T08:41:50.047876Z][RSH.newgen-reagentstoragehandler][W][2330306][141]CRTCyclicEvent.cpp:TimeMissed():101|Cycle miss in event CCSICombinedRepManager. Time Overrun is 14280 us[EOL]
[2026-09-22T08:41:55.187967Z][RSH.newgen-reagentstoragehandler][W][2330306][141]CRTCyclicEvent.cpp:TimeMissed():101|Cycle miss in event CCSICombinedCmdManager Cyclic Event. Time Overrun is 4403 us[EOL]
[2026-09-22T08:41:55.187999Z][RSH.newgen-reagentstoragehandler][W][2330306][141]CRTCyclicEvent.cpp:TimeMissed():101|Cycle miss in event CCSICombinedRepManager. Time Overrun is 4403 us[EOL]
[2026-09-22T08:41:55.220616Z][RSH.rfidreader][W][2330306][133]CRTCyclicEvent.cpp:TimeMissed():101|Cycle miss in event CCSICombinedCmdManager Cyclic Event. Time Overrun is 2841 us[EOL]
[2026-09-22T08:41:55.220639Z][RSH.rfidreader][W][2330306][133]CRTCyclicEvent.cpp:TimeMissed():101|Cycle miss in event CCSICombinedRepManager. Time Overrun is 2841 us[EOL]
[2026-09-22T08:41:57.866408Z][RSH.newgen-reagentstoragehandler][W][2330306][141]CRTCyclicEvent.cpp:TimeMissed():101|Cycle miss in event CCSICombinedCmdManager Cyclic Event. Time Overrun is 2844 us[EOL]
[2026-09-22T08:41:57.866445Z][RSH.newgen-reagentstoragehandler][W][2330306][141]CRTCyclicEvent.cpp:TimeMissed():101|Cycle miss in event CCSICombinedRepManager. Time Overrun is 2844 us[EOL]
[2026-09-22T08:41:58.681826Z][RSH.newgen-reagentstoragehandler][I][2560016][141]IMessageHandler.h:operator()():40|Received RabbitMqMessage Roche.MolLab.InstrumentState.Ping. Content: {"Timestamp":"2026-09-22T08:41:58.6738087Z","PingId":"IS24"}[EOL]
[2026-09-22T08:41:58.681889Z][RSH.newgen-reagentstoragehandler][I][844444436][141]UnitCommunicator.cpp:SendEvent():424|Publishing event: type=Roche.c68_8800.ReagentStorageHandler.Echo correlation_id=(n/a)[EOL]
[2026-09-22T08:41:58.681912Z][RSH.newgen-reagentstoragehandler][I][2560017][141]MessageSender.h:SendEvent():105|Sent RabbitMqEvent Roche.c68_8800.ReagentStorageHandler.Echo. Content: {"Timestamp":"2026-09-22T08:41:58.681877Z","PingId":"IS24"}[EOL]
[2026-09-22T08:42:14.209678Z][RSH.rfidreader][W][2330306][133]CRTCyclicEvent.cpp:TimeMissed():101|Cycle miss in event CCSICombinedCmdManager Cyclic Event. Time Overrun is 11905 us[EOL]
[2026-09-22T08:42:14.209699Z][RSH.rfidreader][W][2330306][133]CRTCyclicEvent.cpp:TimeMissed():101|Cycle miss in event CCSICombinedRepManager. Time Overrun is 11905 us[EOL]
[2026-09-22T08:42:14.210671Z][RSH.newgen-reagentstoragehandler][W][2330306][141]CRTCyclicEvent.cpp:TimeMissed():101|Cycle miss in event CCSICombinedCmdManager Cyclic Event. Time Overrun is 7109 us[EOL]
[2026-09-22T08:42:14.210692Z][RSH.newgen-reagentstoragehandler][W][2330306][141]CRTCyclicEvent.cpp:TimeMissed():101|Cycle miss in event CCSICombinedRepManager. Time Overrun is 7109 us[EOL]
[2026-09-22T08:42:19.815503Z][RSH.newgen-reagentstoragehandler][W][2330306][141]CRTCyclicEvent.cpp:TimeMissed():101|Cycle miss in event CCSICombinedCmdManager Cyclic Event. Time Overrun is 1941 us[EOL]
[2026-09-22T08:42:19.815535Z][RSH.newgen-reagentstoragehandler][W][2330306][141]CRTCyclicEvent.cpp:TimeMissed():101|Cycle miss in event CCSICombinedRepManager. Time Overrun is 1941 us[EOL]
[2026-09-22T08:42:24.576814Z][RSH.rfidreader][W][2330306][133]CRTCyclicEvent.cpp:TimeMissed():101|Cycle miss in event CCSICombinedCmdManager Cyclic Event. Time Overrun is 9041 us[EOL]
[2026-09-22T08:42:24.576843Z][RSH.rfidreader][W][2330306][133]CRTCyclicEvent.cpp:TimeMissed():101|Cycle miss in event CCSICombinedRepManager. Time Overrun is 9041 us[EOL]
[2026-09-22T08:42:24.578652Z][RSH.newgen-reagentstoragehandler][W][2330306][141]CRTCyclicEvent.cpp:TimeMissed():101|Cycle miss in event CCSICombinedCmdManager Cyclic Event. Time Overrun is 5084 us[EOL]
[2026-09-22T08:42:24.578697Z][RSH.newgen-reagentstoragehandler][W][2330306][141]CRTCyclicEvent.cpp:TimeMissed():101|Cycle miss in event CCSICombinedRepManager. Time Overrun is 5084 us[EOL]
[2026-09-22T08:42:27.287829Z][RSH.newgen-reagentstoragehandler][W][2330306][141]CRTCyclicEvent.cpp:TimeMissed():101|Cycle miss in event CCSICombinedCmdManager Cyclic Event. Time Overrun is 14268 us[EOL]
[2026-09-22T08:42:27.287849Z][RSH.newgen-reagentstoragehandler][W][2330306][141]CRTCyclicEvent.cpp:TimeMissed():101|Cycle miss in event CCSICombinedRepManager. Time Overrun is 14268 us[EOL]
[2026-09-22T08:42:27.287617Z][RSH.rfidreader][W][2330306][133]CRTCyclicEvent.cpp:TimeMissed():101|Cycle miss in event CCSICombinedCmdManager Cyclic Event. Time Overrun is 19840 us[EOL]
[2026-09-22T08:42:27.287663Z][RSH.rfidreader][W][2330306][133]CRTCyclicEvent.cpp:TimeMissed():101|Cycle miss in event CCSICombinedRepManager. Time Overrun is 19840 us[EOL]
[2026-09-22T08:42:27.542540Z][RSH.newgen-reagentstoragehandler][W][2330306][141]CRTCyclicEvent.cpp:TimeMissed():101|Cycle miss in event CCSICombinedCmdManager Cyclic Event. Time Overrun is 18976 us[EOL]
[2026-09-22T08:42:27.542569Z][RSH.newgen-reagentstoragehandler][W][2330306][141]CRTCyclicEvent.cpp:TimeMissed():101|Cycle miss in event CCSICombinedRepManager. Time Overrun is 18976 us[EOL]
[2026-09-22T08:42:27.542646Z][RSH.rfidreader][W][2330306][133]CRTCyclicEvent.cpp:TimeMissed():101|Cycle miss in event CCSICombinedCmdManager Cyclic Event. Time Overrun is 14874 us[EOL]
[2026-09-22T08:42:27.542667Z][RSH.rfidreader][W][2330306][133]CRTCyclicEvent.cpp:TimeMissed():101|Cycle miss in event CCSICombinedRepManager. Time Overrun is 14874 us[EOL]
[2026-09-22T08:42:27.843716Z][RSH.newgen-reagentstoragehandler][W][2330306][141]CRTCyclicEvent.cpp:TimeMissed():101|Cycle miss in event CCSICombinedCmdManager Cyclic Event. Time Overrun is 152 us[EOL]
[2026-09-22T08:42:27.843750Z][RSH.newgen-reagentstoragehandler][W][2330306][141]CRTCyclicEvent.cpp:TimeMissed():101|Cycle miss in event CCSICombinedRepManager. Time Overrun is 152 us[EOL]
[2026-09-22T08:42:28.701603Z][RSH.newgen-reagentstoragehandler][I][2560016][141]IMessageHandler.h:operator()():40|Received RabbitMqMessage Roche.MolLab.InstrumentState.Ping. Content: {"Timestamp":"2026-09-22T08:42:28.6758628Z","PingId":"IS25"}[EOL]
[2026-09-22T08:42:28.701727Z][RSH.newgen-reagentstoragehandler][I][844444436][141]UnitCommunicator.cpp:SendEvent():424|Publishing event: type=Roche.c68_8800.ReagentStorageHandler.Echo correlation_id=(n/a)[EOL]
[2026-09-22T08:42:28.701763Z][RSH.newgen-reagentstoragehandler][I][2560017][141]MessageSender.h:SendEvent():105|Sent RabbitMqEvent Roche.c68_8800.ReagentStorageHandler.Echo. Content: {"Timestamp":"2026-09-22T08:42:28.701658Z","PingId":"IS25"}[EOL]
[2026-09-22T08:42:29.427333Z][RSH.newgen-reagentstoragehandler][W][2330306][141]CRTCyclicEvent.cpp:TimeMissed():101|Cycle miss in event CCSICombinedCmdManager Cyclic Event. Time Overrun is 13768 us[EOL]
[2026-09-22T08:42:29.425071Z][RSH.rfidreader][W][2330306][133]CRTCyclicEvent.cpp:TimeMissed():101|Cycle miss in event CCSICombinedCmdManager Cyclic Event. Time Overrun is 7285 us[EOL]
[2026-09-22T08:42:29.425092Z][RSH.rfidreader][W][2330306][133]CRTCyclicEvent.cpp:TimeMissed():101|Cycle miss in event CCSICombinedRepManager. Time Overrun is 7285 us[EOL]
[2026-09-22T08:42:29.427365Z][RSH.newgen-reagentstoragehandler][W][2330306][141]CRTCyclicEvent.cpp:TimeMissed():101|Cycle miss in event CCSICombinedRepManager. Time Overrun is 13768 us[EOL]
[2026-09-22T08:42:39.705406Z][RSH.newgen-reagentstoragehandler][W][2330306][141]CRTCyclicEvent.cpp:TimeMissed():101|Cycle miss in event CCSICombinedCmdManager Cyclic Event. Time Overrun is 1841 us[EOL]
[2026-09-22T08:42:39.705439Z][RSH.newgen-reagentstoragehandler][W][2330306][141]CRTCyclicEvent.cpp:TimeMissed():101|Cycle miss in event CCSICombinedRepManager. Time Overrun is 1841 us[EOL]
[2026-09-22T08:42:39.851343Z][RSH.newgen-reagentstoragehandler][W][2330306][141]CRTCyclicEvent.cpp:TimeMissed():101|Cycle miss in event CCSICombinedCmdManager Cyclic Event. Time Overrun is 7773 us[EOL]
[2026-09-22T08:42:39.851397Z][RSH.newgen-reagentstoragehandler][W][2330306][141]CRTCyclicEvent.cpp:TimeMissed():101|Cycle miss in event CCSICombinedRepManager. Time Overrun is 7773 us[EOL]
[2026-09-22T08:42:45.160921Z][RSH.rfidreader][W][2330306][133]CRTCyclicEvent.cpp:TimeMissed():101|Cycle miss in event CCSICombinedCmdManager Cyclic Event. Time Overrun is 3146 us[EOL]
[2026-09-22T08:42:45.167456Z][RSH.newgen-reagentstoragehandler][W][2330306][141]CRTCyclicEvent.cpp:TimeMissed():101|Cycle miss in event CCSICombinedCmdManager Cyclic Event. Time Overrun is 3891 us[EOL]
[2026-09-22T08:42:45.160960Z][RSH.rfidreader][W][2330306][133]CRTCyclicEvent.cpp:TimeMissed():101|Cycle miss in event CCSICombinedRepManager. Time Overrun is 3146 us[EOL]
[2026-09-22T08:42:45.167487Z][RSH.newgen-reagentstoragehandler][W][2330306][141]CRTCyclicEvent.cpp:TimeMissed():101|Cycle miss in event CCSICombinedRepManager. Time Overrun is 3891 us[EOL]
[2026-09-22T08:42:45.563098Z][RSH.rfidreader][W][2330306][133]CRTCyclicEvent.cpp:TimeMissed():101|Cycle miss in event CCSICombinedCmdManager Cyclic Event. Time Overrun is 25308 us[EOL]
[2026-09-22T08:42:45.563133Z][RSH.rfidreader][W][2330306][133]CRTCyclicEvent.cpp:TimeMissed():101|Cycle miss in event CCSICombinedRepManager. Time Overrun is 25308 us[EOL]
[2026-09-22T08:42:52.231791Z][RSH.rfidreader][W][2330306][133]CRTCyclicEvent.cpp:TimeMissed():101|Cycle miss in event CCSICombinedCmdManager Cyclic Event. Time Overrun is 23962 us[EOL]
[2026-09-22T08:42:52.231870Z][RSH.rfidreader][W][2330306][133]CRTCyclicEvent.cpp:TimeMissed():101|Cycle miss in event CCSICombinedRepManager. Time Overrun is 23962 us[EOL]
[2026-09-22T08:42:52.232851Z][RSH.newgen-reagentstoragehandler][W][2330306][141]CRTCyclicEvent.cpp:TimeMissed():101|Cycle miss in event CCSICombinedCmdManager Cyclic Event. Time Overrun is 19286 us[EOL]
[2026-09-22T08:42:52.232891Z][RSH.newgen-reagentstoragehandler][W][2330306][141]CRTCyclicEvent.cpp:TimeMissed():101|Cycle miss in event CCSICombinedRepManager. Time Overrun is 19286 us[EOL]
[2026-09-22T08:42:57.858803Z][RSH.newgen-reagentstoragehandler][W][2330306][141]CRTCyclicEvent.cpp:TimeMissed():101|Cycle miss in event CCSICombinedCmdManager Cyclic Event. Time Overrun is 5238 us[EOL]
[2026-09-22T08:42:57.859383Z][RSH.newgen-reagentstoragehandler][W][2330306][141]CRTCyclicEvent.cpp:TimeMissed():101|Cycle miss in event CCSICombinedRepManager. Time Overrun is 5238 us[EOL]
[2026-09-22T08:42:58.702364Z][RSH.newgen-reagentstoragehandler][I][2560016][141]IMessageHandler.h:operator()():40|Received RabbitMqMessage Roche.MolLab.InstrumentState.Ping. Content: {"Timestamp":"2026-09-22T08:42:58.6760266Z","PingId":"IS26"}[EOL]
[2026-09-22T08:42:58.702425Z][RSH.newgen-reagentstoragehandler][I][844444436][141]UnitCommunicator.cpp:SendEvent():424|Publishing event: type=Roche.c68_8800.ReagentStorageHandler.Echo correlation_id=(n/a)[EOL]
[2026-09-22T08:42:58.702440Z][RSH.newgen-reagentstoragehandler][I][2560017][141]MessageSender.h:SendEvent():105|Sent RabbitMqEvent Roche.c68_8800.ReagentStorageHandler.Echo. Content: {"Timestamp":"2026-09-22T08:42:58.702419Z","PingId":"IS26"}[EOL]
[2026-09-22T08:43:05.334534Z][RSH.newgen-reagentstoragehandler][W][2330306][141]CRTCyclicEvent.cpp:TimeMissed():101|Cycle miss in event CCSICombinedCmdManager Cyclic Event. Time Overrun is 971 us[EOL]
[2026-09-22T08:43:05.334558Z][RSH.newgen-reagentstoragehandler][W][2330306][141]CRTCyclicEvent.cpp:TimeMissed():101|Cycle miss in event CCSICombinedRepManager. Time Overrun is 971 us[EOL]
[2026-09-22T08:43:07.858357Z][RSH.newgen-reagentstoragehandler][W][2330306][141]CRTCyclicEvent.cpp:TimeMissed():101|Cycle miss in event CCSICombinedCmdManager Cyclic Event. Time Overrun is 4792 us[EOL]
[2026-09-22T08:43:07.858340Z][RSH.rfidreader][W][2330306][133]CRTCyclicEvent.cpp:TimeMissed():101|Cycle miss in event CCSICombinedCmdManager Cyclic Event. Time Overrun is 563 us[EOL]
[2026-09-22T08:43:07.858391Z][RSH.newgen-reagentstoragehandler][W][2330306][141]CRTCyclicEvent.cpp:TimeMissed():101|Cycle miss in event CCSICombinedRepManager. Time Overrun is 4792 us[EOL]
[2026-09-22T08:43:07.858381Z][RSH.rfidreader][W][2330306][133]CRTCyclicEvent.cpp:TimeMissed():101|Cycle miss in event CCSICombinedRepManager. Time Overrun is 563 us[EOL]
[2026-09-22T08:43:28.679796Z][RSH.newgen-reagentstoragehandler][I][2560016][141]IMessageHandler.h:operator()():40|Received RabbitMqMessage Roche.MolLab.InstrumentState.Ping. Content: {"Timestamp":"2026-09-22T08:43:28.6755037Z","PingId":"IS27"}[EOL]
[2026-09-22T08:43:28.679908Z][RSH.newgen-reagentstoragehandler][I][844444436][141]UnitCommunicator.cpp:SendEvent():424|Publishing event: type=Roche.c68_8800.ReagentStorageHandler.Echo correlation_id=(n/a)[EOL]
[2026-09-22T08:43:28.679944Z][RSH.newgen-reagentstoragehandler][I][2560017][141]MessageSender.h:SendEvent():105|Sent RabbitMqEvent Roche.c68_8800.ReagentStorageHandler.Echo. Content: {"Timestamp":"2026-09-22T08:43:28.679896Z","PingId":"IS27"}[EOL]
[2026-09-22T08:43:47.847884Z][RSH.newgen-reagentstoragehandler][W][2330306][141]CRTCyclicEvent.cpp:TimeMissed():101|Cycle miss in event CCSICombinedCmdManager Cyclic Event. Time Overrun is 4319 us[EOL]
[2026-09-22T08:43:47.847928Z][RSH.newgen-reagentstoragehandler][W][2330306][141]CRTCyclicEvent.cpp:TimeMissed():101|Cycle miss in event CCSICombinedRepManager. Time Overrun is 4319 us[EOL]
[2026-09-22T08:43:47.849269Z][RSH.rfidreader][W][2330306][133]CRTCyclicEvent.cpp:TimeMissed():101|Cycle miss in event CCSICombinedCmdManager Cyclic Event. Time Overrun is 1489 us[EOL]
[2026-09-22T08:43:47.849349Z][RSH.rfidreader][W][2330306][133]CRTCyclicEvent.cpp:TimeMissed():101|Cycle miss in event CCSICombinedRepManager. Time Overrun is 1489 us[EOL]
[2026-09-22T08:43:50.158912Z][RSH.newgen-reagentstoragehandler][W][2330306][141]CRTCyclicEvent.cpp:TimeMissed():101|Cycle miss in event CCSICombinedCmdManager Cyclic Event. Time Overrun is 5346 us[EOL]
[2026-09-22T08:43:50.158946Z][RSH.newgen-reagentstoragehandler][W][2330306][141]CRTCyclicEvent.cpp:TimeMissed():101|Cycle miss in event CCSICombinedRepManager. Time Overrun is 5346 us[EOL]
[2026-09-22T08:43:57.323735Z][RSH.newgen-reagentstoragehandler][W][2330306][141]CRTCyclicEvent.cpp:TimeMissed():101|Cycle miss in event CCSICombinedCmdManager Cyclic Event. Time Overrun is 167 us[EOL]
[2026-09-22T08:43:57.323775Z][RSH.newgen-reagentstoragehandler][W][2330306][141]CRTCyclicEvent.cpp:TimeMissed():101|Cycle miss in event CCSICombinedRepManager. Time Overrun is 167 us[EOL]
[2026-09-22T08:43:57.849034Z][RSH.rfidreader][W][2330306][133]CRTCyclicEvent.cpp:TimeMissed():101|Cycle miss in event CCSICombinedCmdManager Cyclic Event. Time Overrun is 1256 us[EOL]
[2026-09-22T08:43:57.849079Z][RSH.rfidreader][W][2330306][133]CRTCyclicEvent.cpp:TimeMissed():101|Cycle miss in event CCSICombinedRepManager. Time Overrun is 1256 us[EOL]
[2026-09-22T08:43:58.680750Z][RSH.newgen-reagentstoragehandler][I][2560016][141]IMessageHandler.h:operator()():40|Received RabbitMqMessage Roche.MolLab.InstrumentState.Ping. Content: {"Timestamp":"2026-09-22T08:43:58.6746793Z","PingId":"IS28"}[EOL]
[2026-09-22T08:43:58.680845Z][RSH.newgen-reagentstoragehandler][I][844444436][141]UnitCommunicator.cpp:SendEvent():424|Publishing event: type=Roche.c68_8800.ReagentStorageHandler.Echo correlation_id=(n/a)[EOL]
[2026-09-22T08:43:58.680870Z][RSH.newgen-reagentstoragehandler][I][2560017][141]MessageSender.h:SendEvent():105|Sent RabbitMqEvent Roche.c68_8800.ReagentStorageHandler.Echo. Content: {"Timestamp":"2026-09-22T08:43:58.680839Z","PingId":"IS28"}[EOL]
[2026-09-22T08:44:04.584532Z][RSH.newgen-reagentstoragehandler][W][2330306][141]CRTCyclicEvent.cpp:TimeMissed():101|Cycle miss in event CCSICombinedCmdManager Cyclic Event. Time Overrun is 10970 us[EOL]
[2026-09-22T08:44:04.584552Z][RSH.newgen-reagentstoragehandler][W][2330306][141]CRTCyclicEvent.cpp:TimeMissed():101|Cycle miss in event CCSICombinedRepManager. Time Overrun is 10970 us[EOL]
[2026-09-22T08:44:04.584560Z][RSH.rfidreader][W][2330306][133]CRTCyclicEvent.cpp:TimeMissed():101|Cycle miss in event CCSICombinedCmdManager Cyclic Event. Time Overrun is 16785 us[EOL]
[2026-09-22T08:44:04.584587Z][RSH.rfidreader][W][2330306][133]CRTCyclicEvent.cpp:TimeMissed():101|Cycle miss in event CCSICombinedRepManager. Time Overrun is 16785 us[EOL]
[2026-09-22T08:44:20.388478Z][RSH.rfidreader][W][2330306][133]CRTCyclicEvent.cpp:TimeMissed():101|Cycle miss in event CCSICombinedCmdManager Cyclic Event. Time Overrun is 704 us[EOL]
[2026-09-22T08:44:20.388506Z][RSH.rfidreader][W][2330306][133]CRTCyclicEvent.cpp:TimeMissed():101|Cycle miss in event CCSICombinedRepManager. Time Overrun is 704 us[EOL]
[2026-09-22T08:44:22.499007Z][RSH.rfidreader][W][2330306][133]CRTCyclicEvent.cpp:TimeMissed():101|Cycle miss in event CCSICombinedCmdManager Cyclic Event. Time Overrun is 11233 us[EOL]
[2026-09-22T08:44:22.499034Z][RSH.rfidreader][W][2330306][133]CRTCyclicEvent.cpp:TimeMissed():101|Cycle miss in event CCSICombinedRepManager. Time Overrun is 11233 us[EOL]
[2026-09-22T08:44:22.498761Z][RSH.newgen-reagentstoragehandler][W][2330306][141]CRTCyclicEvent.cpp:TimeMissed():101|Cycle miss in event CCSICombinedCmdManager Cyclic Event. Time Overrun is 15197 us[EOL]
[2026-09-22T08:44:22.498930Z][RSH.newgen-reagentstoragehandler][W][2330306][141]CRTCyclicEvent.cpp:TimeMissed():101|Cycle miss in event CCSICombinedRepManager. Time Overrun is 15197 us[EOL]
[2026-09-22T08:44:23.876642Z][RSH.newgen-reagentstoragehandler][W][2330306][141]CRTCyclicEvent.cpp:TimeMissed():101|Cycle miss in event CCSICombinedCmdManager Cyclic Event. Time Overrun is 13076 us[EOL]
[2026-09-22T08:44:23.876675Z][RSH.newgen-reagentstoragehandler][W][2330306][141]CRTCyclicEvent.cpp:TimeMissed():101|Cycle miss in event CCSICombinedRepManager. Time Overrun is 13076 us[EOL]
[2026-09-22T08:44:23.965886Z][RSH.rfidreader][W][2330306][133]CRTCyclicEvent.cpp:TimeMissed():101|Cycle miss in event CCSICombinedCmdManager Cyclic Event. Time Overrun is 38113 us[EOL]
[2026-09-22T08:44:23.965908Z][RSH.rfidreader][W][2330306][133]CRTCyclicEvent.cpp:TimeMissed():101|Cycle miss in event CCSICombinedRepManager. Time Overrun is 38113 us[EOL]
[2026-09-22T08:44:25.229039Z][RSH.rfidreader][W][2330306][133]CRTCyclicEvent.cpp:TimeMissed():101|Cycle miss in event CCSICombinedCmdManager Cyclic Event. Time Overrun is 1262 us[EOL]
[2026-09-22T08:44:25.229072Z][RSH.rfidreader][W][2330306][133]CRTCyclicEvent.cpp:TimeMissed():101|Cycle miss in event CCSICombinedRepManager. Time Overrun is 1262 us[EOL]
[2026-09-22T08:44:28.682401Z][RSH.newgen-reagentstoragehandler][I][2560016][141]IMessageHandler.h:operator()():40|Received RabbitMqMessage Roche.MolLab.InstrumentState.Ping. Content: {"Timestamp":"2026-09-22T08:44:28.6765694Z","PingId":"IS29"}[EOL]
[2026-09-22T08:44:28.682460Z][RSH.newgen-reagentstoragehandler][I][844444436][141]UnitCommunicator.cpp:SendEvent():424|Publishing event: type=Roche.c68_8800.ReagentStorageHandler.Echo correlation_id=(n/a)[EOL]
[2026-09-22T08:44:28.682480Z][RSH.newgen-reagentstoragehandler][I][2560017][141]MessageSender.h:SendEvent():105|Sent RabbitMqEvent Roche.c68_8800.ReagentStorageHandler.Echo. Content: {"Timestamp":"2026-09-22T08:44:28.682453Z","PingId":"IS29"}[EOL]
[2026-09-22T08:44:35.582844Z][RSH.newgen-reagentstoragehandler][W][2330306][141]CRTCyclicEvent.cpp:TimeMissed():101|Cycle miss in event CCSICombinedCmdManager Cyclic Event. Time Overrun is 9278 us[EOL]
[2026-09-22T08:44:35.582872Z][RSH.newgen-reagentstoragehandler][W][2330306][141]CRTCyclicEvent.cpp:TimeMissed():101|Cycle miss in event CCSICombinedRepManager. Time Overrun is 9278 us[EOL]
[2026-09-22T08:44:39.280034Z][RSH.rfidreader][W][2330306][133]CRTCyclicEvent.cpp:TimeMissed():101|Cycle miss in event CCSICombinedCmdManager Cyclic Event. Time Overrun is 2260 us[EOL]
[2026-09-22T08:44:39.280078Z][RSH.rfidreader][W][2330306][133]CRTCyclicEvent.cpp:TimeMissed():101|Cycle miss in event CCSICombinedRepManager. Time Overrun is 2260 us[EOL]
[2026-09-22T08:44:42.422628Z][RSH.newgen-reagentstoragehandler][W][2330306][141]CRTCyclicEvent.cpp:TimeMissed():101|Cycle miss in event CCSICombinedCmdManager Cyclic Event. Time Overrun is 19065 us[EOL]
[2026-09-22T08:44:42.420439Z][RSH.rfidreader][W][2330306][133]CRTCyclicEvent.cpp:TimeMissed():101|Cycle miss in event CCSICombinedCmdManager Cyclic Event. Time Overrun is 12665 us[EOL]
[2026-09-22T08:44:42.422655Z][RSH.newgen-reagentstoragehandler][W][2330306][141]CRTCyclicEvent.cpp:TimeMissed():101|Cycle miss in event CCSICombinedRepManager. Time Overrun is 19065 us[EOL]
[2026-09-22T08:44:42.420468Z][RSH.rfidreader][W][2330306][133]CRTCyclicEvent.cpp:TimeMissed():101|Cycle miss in event CCSICombinedRepManager. Time Overrun is 12665 us[EOL]
[2026-09-22T08:44:42.606558Z][RSH.newgen-reagentstoragehandler][W][2330306][141]CRTCyclicEvent.cpp:TimeMissed():101|Cycle miss in event CCSICombinedCmdManager Cyclic Event. Time Overrun is 2974 us[EOL]
[2026-09-22T08:44:42.606600Z][RSH.newgen-reagentstoragehandler][W][2330306][141]CRTCyclicEvent.cpp:TimeMissed():101|Cycle miss in event CCSICombinedRepManager. Time Overrun is 2974 us[EOL]
[2026-09-22T08:44:42.731856Z][RSH.rfidreader][W][2330306][133]CRTCyclicEvent.cpp:TimeMissed():101|Cycle miss in event CCSICombinedCmdManager Cyclic Event. Time Overrun is 14084 us[EOL]
[2026-09-22T08:44:42.731876Z][RSH.rfidreader][W][2330306][133]CRTCyclicEvent.cpp:TimeMissed():101|Cycle miss in event CCSICombinedRepManager. Time Overrun is 14084 us[EOL]
[2026-09-22T08:44:42.734183Z][RSH.newgen-reagentstoragehandler][W][2330306][141]CRTCyclicEvent.cpp:TimeMissed():101|Cycle miss in event CCSICombinedCmdManager Cyclic Event. Time Overrun is 10620 us[EOL]
[2026-09-22T08:44:42.734218Z][RSH.newgen-reagentstoragehandler][W][2330306][141]CRTCyclicEvent.cpp:TimeMissed():101|Cycle miss in event CCSICombinedRepManager. Time Overrun is 10620 us[EOL]
[2026-09-22T08:44:44.831671Z][RSH.rfidreader][W][2330306][133]CRTCyclicEvent.cpp:TimeMissed():101|Cycle miss in event CCSICombinedCmdManager Cyclic Event. Time Overrun is 3893 us[EOL]
[2026-09-22T08:44:44.831784Z][RSH.rfidreader][W][2330306][133]CRTCyclicEvent.cpp:TimeMissed():101|Cycle miss in event CCSICombinedRepManager. Time Overrun is 3893 us[EOL]
[2026-09-22T08:44:49.320629Z][RSH.rfidreader][W][2330306][133]CRTCyclicEvent.cpp:TimeMissed():101|Cycle miss in event CCSICombinedCmdManager Cyclic Event. Time Overrun is 12851 us[EOL]
[2026-09-22T08:44:49.320673Z][RSH.rfidreader][W][2330306][133]CRTCyclicEvent.cpp:TimeMissed():101|Cycle miss in event CCSICombinedRepManager. Time Overrun is 12851 us[EOL]
[2026-09-22T08:44:50.630348Z][RSH.rfidreader][W][2330306][133]CRTCyclicEvent.cpp:TimeMissed():101|Cycle miss in event CCSICombinedCmdManager Cyclic Event. Time Overrun is 22574 us[EOL]
[2026-09-22T08:44:50.630371Z][RSH.rfidreader][W][2330306][133]CRTCyclicEvent.cpp:TimeMissed():101|Cycle miss in event CCSICombinedRepManager. Time Overrun is 22574 us[EOL]
[2026-09-22T08:44:50.629770Z][RSH.newgen-reagentstoragehandler][W][2330306][141]CRTCyclicEvent.cpp:TimeMissed():101|Cycle miss in event CCSICombinedCmdManager Cyclic Event. Time Overrun is 16207 us[EOL]
[2026-09-22T08:44:50.629791Z][RSH.newgen-reagentstoragehandler][W][2330306][141]CRTCyclicEvent.cpp:TimeMissed():101|Cycle miss in event CCSICombinedRepManager. Time Overrun is 16207 us[EOL]
[2026-09-22T08:44:53.631222Z][RSH.newgen-reagentstoragehandler][W][2330306][141]CRTCyclicEvent.cpp:TimeMissed():101|Cycle miss in event CCSICombinedCmdManager Cyclic Event. Time Overrun is 7659 us[EOL]
[2026-09-22T08:44:53.631256Z][RSH.newgen-reagentstoragehandler][W][2330306][141]CRTCyclicEvent.cpp:TimeMissed():101|Cycle miss in event CCSICombinedRepManager. Time Overrun is 7659 us[EOL]
[2026-09-22T08:44:53.651998Z][RSH.rfidreader][W][2330306][133]CRTCyclicEvent.cpp:TimeMissed():101|Cycle miss in event CCSICombinedCmdManager Cyclic Event. Time Overrun is 34223 us[EOL]
[2026-09-22T08:44:53.652037Z][RSH.rfidreader][W][2330306][133]CRTCyclicEvent.cpp:TimeMissed():101|Cycle miss in event CCSICombinedRepManager. Time Overrun is 34223 us[EOL]
[2026-09-22T08:44:56.563668Z][RSH.rfidreader][W][2330306][133]CRTCyclicEvent.cpp:TimeMissed():101|Cycle miss in event CCSICombinedCmdManager Cyclic Event. Time Overrun is 35889 us[EOL]
[2026-09-22T08:44:56.566717Z][RSH.newgen-reagentstoragehandler][W][2330306][141]CRTCyclicEvent.cpp:TimeMissed():101|Cycle miss in event CCSICombinedCmdManager Cyclic Event. Time Overrun is 43154 us[EOL]
[2026-09-22T08:44:56.566752Z][RSH.newgen-reagentstoragehandler][W][2330306][141]CRTCyclicEvent.cpp:TimeMissed():101|Cycle miss in event CCSICombinedRepManager. Time Overrun is 43154 us[EOL]
[2026-09-22T08:44:56.563712Z][RSH.rfidreader][W][2330306][133]CRTCyclicEvent.cpp:TimeMissed():101|Cycle miss in event CCSICombinedRepManager. Time Overrun is 35889 us[EOL]
[2026-09-22T08:44:58.310895Z][RSH.rfidreader][W][2330306][133]CRTCyclicEvent.cpp:TimeMissed():101|Cycle miss in event CCSICombinedCmdManager Cyclic Event. Time Overrun is 3120 us[EOL]
[2026-09-22T08:44:58.311806Z][RSH.newgen-reagentstoragehandler][W][2330306][141]CRTCyclicEvent.cpp:TimeMissed():101|Cycle miss in event CCSICombinedCmdManager Cyclic Event. Time Overrun is 8243 us[EOL]
[2026-09-22T08:44:58.311826Z][RSH.newgen-reagentstoragehandler][W][2330306][141]CRTCyclicEvent.cpp:TimeMissed():101|Cycle miss in event CCSICombinedRepManager. Time Overrun is 8243 us[EOL]
[2026-09-22T08:44:58.310922Z][RSH.rfidreader][W][2330306][133]CRTCyclicEvent.cpp:TimeMissed():101|Cycle miss in event CCSICombinedRepManager. Time Overrun is 3120 us[EOL]
[2026-09-22T08:44:58.705016Z][RSH.newgen-reagentstoragehandler][I][2560016][141]IMessageHandler.h:operator()():40|Received RabbitMqMessage Roche.MolLab.InstrumentState.Ping. Content: {"Timestamp":"2026-09-22T08:44:58.6788315Z","PingId":"IS30"}[EOL]
[2026-09-22T08:44:58.705054Z][RSH.newgen-reagentstoragehandler][I][844444436][141]UnitCommunicator.cpp:SendEvent():424|Publishing event: type=Roche.c68_8800.ReagentStorageHandler.Echo correlation_id=(n/a)[EOL]
[2026-09-22T08:44:58.705076Z][RSH.newgen-reagentstoragehandler][I][2560017][141]MessageSender.h:SendEvent():105|Sent RabbitMqEvent Roche.c68_8800.ReagentStorageHandler.Echo. Content: {"Timestamp":"2026-09-22T08:44:58.705048Z","PingId":"IS30"}[EOL]
[2026-09-22T08:44:58.835055Z][RSH.newgen-reagentstoragehandler][W][2330306][141]CRTCyclicEvent.cpp:TimeMissed():101|Cycle miss in event CCSICombinedCmdManager Cyclic Event. Time Overrun is 11485 us[EOL]
[2026-09-22T08:44:58.835083Z][RSH.newgen-reagentstoragehandler][W][2330306][141]CRTCyclicEvent.cpp:TimeMissed():101|Cycle miss in event CCSICombinedRepManager. Time Overrun is 11485 us[EOL]
[2026-09-22T08:44:58.834132Z][RSH.rfidreader][W][2330306][133]CRTCyclicEvent.cpp:TimeMissed():101|Cycle miss in event CCSICombinedCmdManager Cyclic Event. Time Overrun is 16353 us[EOL]
[2026-09-22T08:44:58.834167Z][RSH.rfidreader][W][2330306][133]CRTCyclicEvent.cpp:TimeMissed():101|Cycle miss in event CCSICombinedRepManager. Time Overrun is 16353 us[EOL]
[2026-09-22T08:45:00.128869Z][RSH.rfidreader][W][2330306][133]CRTCyclicEvent.cpp:TimeMissed():101|Cycle miss in event CCSICombinedCmdManager Cyclic Event. Time Overrun is 1094 us[EOL]
[2026-09-22T08:45:00.128910Z][RSH.rfidreader][W][2330306][133]CRTCyclicEvent.cpp:TimeMissed():101|Cycle miss in event CCSICombinedRepManager. Time Overrun is 1094 us[EOL]
[2026-09-22T08:45:04.274102Z][RSH.newgen-reagentstoragehandler][W][2330306][141]CRTCyclicEvent.cpp:TimeMissed():101|Cycle miss in event CCSICombinedCmdManager Cyclic Event. Time Overrun is 20540 us[EOL]
[2026-09-22T08:45:04.274121Z][RSH.newgen-reagentstoragehandler][W][2330306][141]CRTCyclicEvent.cpp:TimeMissed():101|Cycle miss in event CCSICombinedRepManager. Time Overrun is 20540 us[EOL]
[2026-09-22T08:45:04.272768Z][RSH.rfidreader][W][2330306][133]CRTCyclicEvent.cpp:TimeMissed():101|Cycle miss in event CCSICombinedCmdManager Cyclic Event. Time Overrun is 24996 us[EOL]
[2026-09-22T08:45:04.272787Z][RSH.rfidreader][W][2330306][133]CRTCyclicEvent.cpp:TimeMissed():101|Cycle miss in event CCSICombinedRepManager. Time Overrun is 24996 us[EOL]
[2026-09-22T08:45:07.825051Z][RSH.newgen-reagentstoragehandler][W][2330306][141]CRTCyclicEvent.cpp:TimeMissed():101|Cycle miss in event CCSICombinedCmdManager Cyclic Event. Time Overrun is 1483 us[EOL]
[2026-09-22T08:45:07.825090Z][RSH.newgen-reagentstoragehandler][W][2330306][141]CRTCyclicEvent.cpp:TimeMissed():101|Cycle miss in event CCSICombinedRepManager. Time Overrun is 1483 us[EOL]
[2026-09-22T08:45:08.661141Z][RSH.rfidreader][W][2330306][133]CRTCyclicEvent.cpp:TimeMissed():101|Cycle miss in event CCSICombinedCmdManager Cyclic Event. Time Overrun is 3368 us[EOL]
[2026-09-22T08:45:08.661168Z][RSH.rfidreader][W][2330306][133]CRTCyclicEvent.cpp:TimeMissed():101|Cycle miss in event CCSICombinedRepManager. Time Overrun is 3368 us[EOL]
[2026-09-22T08:45:08.660392Z][RSH.newgen-reagentstoragehandler][W][2330306][141]CRTCyclicEvent.cpp:TimeMissed():101|Cycle miss in event CCSICombinedCmdManager Cyclic Event. Time Overrun is 6827 us[EOL]
[2026-09-22T08:45:08.660424Z][RSH.newgen-reagentstoragehandler][W][2330306][141]CRTCyclicEvent.cpp:TimeMissed():101|Cycle miss in event CCSICombinedRepManager. Time Overrun is 6827 us[EOL]
[2026-09-22T08:45:12.411404Z][RSH.rfidreader][W][2330306][133]CRTCyclicEvent.cpp:TimeMissed():101|Cycle miss in event CCSICombinedCmdManager Cyclic Event. Time Overrun is 3631 us[EOL]
[2026-09-22T08:45:12.410868Z][RSH.newgen-reagentstoragehandler][W][2330306][141]CRTCyclicEvent.cpp:TimeMissed():101|Cycle miss in event CCSICombinedCmdManager Cyclic Event. Time Overrun is 7304 us[EOL]
[2026-09-22T08:45:12.411429Z][RSH.rfidreader][W][2330306][133]CRTCyclicEvent.cpp:TimeMissed():101|Cycle miss in event CCSICombinedRepManager. Time Overrun is 3631 us[EOL]
[2026-09-22T08:45:12.410898Z][RSH.newgen-reagentstoragehandler][W][2330306][141]CRTCyclicEvent.cpp:TimeMissed():101|Cycle miss in event CCSICombinedRepManager. Time Overrun is 7304 us[EOL]
[2026-09-22T08:45:12.638925Z][RSH.rfidreader][W][2330306][133]CRTCyclicEvent.cpp:TimeMissed():101|Cycle miss in event CCSICombinedCmdManager Cyclic Event. Time Overrun is 1151 us[EOL]
[2026-09-22T08:45:12.638951Z][RSH.rfidreader][W][2330306][133]CRTCyclicEvent.cpp:TimeMissed():101|Cycle miss in event CCSICombinedRepManager. Time Overrun is 1151 us[EOL]
[2026-09-22T08:45:12.645704Z][RSH.newgen-reagentstoragehandler][W][2330306][141]CRTCyclicEvent.cpp:TimeMissed():101|Cycle miss in event CCSICombinedCmdManager Cyclic Event. Time Overrun is 12139 us[EOL]
[2026-09-22T08:45:12.645739Z][RSH.newgen-reagentstoragehandler][W][2330306][141]CRTCyclicEvent.cpp:TimeMissed():101|Cycle miss in event CCSICombinedRepManager. Time Overrun is 12139 us[EOL]
[2026-09-22T08:45:12.893617Z][RSH.newgen-reagentstoragehandler][W][2330306][141]CRTCyclicEvent.cpp:TimeMissed():101|Cycle miss in event CCSICombinedCmdManager Cyclic Event. Time Overrun is 54 us[EOL]
[2026-09-22T08:45:12.893650Z][RSH.newgen-reagentstoragehandler][W][2330306][141]CRTCyclicEvent.cpp:TimeMissed():101|Cycle miss in event CCSICombinedRepManager. Time Overrun is 54 us[EOL]
[2026-09-22T08:45:13.420782Z][RSH.newgen-reagentstoragehandler][W][2330306][141]CRTCyclicEvent.cpp:TimeMissed():101|Cycle miss in event CCSICombinedCmdManager Cyclic Event. Time Overrun is 17220 us[EOL]
[2026-09-22T08:45:13.420840Z][RSH.rfidreader][W][2330306][133]CRTCyclicEvent.cpp:TimeMissed():101|Cycle miss in event CCSICombinedCmdManager Cyclic Event. Time Overrun is 13066 us[EOL]
[2026-09-22T08:45:13.420802Z][RSH.newgen-reagentstoragehandler][W][2330306][141]CRTCyclicEvent.cpp:TimeMissed():101|Cycle miss in event CCSICombinedRepManager. Time Overrun is 17220 us[EOL]
[2026-09-22T08:45:13.420864Z][RSH.rfidreader][W][2330306][133]CRTCyclicEvent.cpp:TimeMissed():101|Cycle miss in event CCSICombinedRepManager. Time Overrun is 13066 us[EOL]
[2026-09-22T08:45:16.792767Z][RSH.rfidreader][W][2330306][133]CRTCyclicEvent.cpp:TimeMissed():101|Cycle miss in event CCSICombinedCmdManager Cyclic Event. Time Overrun is 4995 us[EOL]
[2026-09-22T08:45:16.792789Z][RSH.rfidreader][W][2330306][133]CRTCyclicEvent.cpp:TimeMissed():101|Cycle miss in event CCSICombinedRepManager. Time Overrun is 4995 us[EOL]
[2026-09-22T08:45:16.794893Z][RSH.newgen-reagentstoragehandler][W][2330306][141]CRTCyclicEvent.cpp:TimeMissed():101|Cycle miss in event CCSICombinedCmdManager Cyclic Event. Time Overrun is 1331 us[EOL]
[2026-09-22T08:45:16.794917Z][RSH.newgen-reagentstoragehandler][W][2330306][141]CRTCyclicEvent.cpp:TimeMissed():101|Cycle miss in event CCSICombinedRepManager. Time Overrun is 1331 us[EOL]
[2026-09-22T08:45:19.416296Z][RSH.newgen-reagentstoragehandler][W][2330306][141]CRTCyclicEvent.cpp:TimeMissed():101|Cycle miss in event CCSICombinedCmdManager Cyclic Event. Time Overrun is 2732 us[EOL]
[2026-09-22T08:45:19.416325Z][RSH.newgen-reagentstoragehandler][W][2330306][141]CRTCyclicEvent.cpp:TimeMissed():101|Cycle miss in event CCSICombinedRepManager. Time Overrun is 2732 us[EOL]
[2026-09-22T08:45:19.418607Z][RSH.rfidreader][W][2330306][133]CRTCyclicEvent.cpp:TimeMissed():101|Cycle miss in event CCSICombinedCmdManager Cyclic Event. Time Overrun is 835 us[EOL]
[2026-09-22T08:45:19.418628Z][RSH.rfidreader][W][2330306][133]CRTCyclicEvent.cpp:TimeMissed():101|Cycle miss in event CCSICombinedRepManager. Time Overrun is 835 us[EOL]
[2026-09-22T08:45:25.332082Z][RSH.newgen-reagentstoragehandler][W][2330306][141]CRTCyclicEvent.cpp:TimeMissed():101|Cycle miss in event CCSICombinedCmdManager Cyclic Event. Time Overrun is 8517 us[EOL]
[2026-09-22T08:45:25.332115Z][RSH.newgen-reagentstoragehandler][W][2330306][141]CRTCyclicEvent.cpp:TimeMissed():101|Cycle miss in event CCSICombinedRepManager. Time Overrun is 8517 us[EOL]
[2026-09-22T08:45:26.615398Z][RSH.newgen-reagentstoragehandler][W][2330306][141]CRTCyclicEvent.cpp:TimeMissed():101|Cycle miss in event CCSICombinedCmdManager Cyclic Event. Time Overrun is 11835 us[EOL]
[2026-09-22T08:45:26.615422Z][RSH.newgen-reagentstoragehandler][W][2330306][141]CRTCyclicEvent.cpp:TimeMissed():101|Cycle miss in event CCSICombinedRepManager. Time Overrun is 11835 us[EOL]
[2026-09-22T08:45:26.605238Z][RSH.rfidreader][W][2330306][133]CRTCyclicEvent.cpp:TimeMissed():101|Cycle miss in event CCSICombinedCmdManager Cyclic Event. Time Overrun is 7461 us[EOL]
[2026-09-22T08:45:26.616981Z][RSH.rfidreader][W][2330306][133]CRTCyclicEvent.cpp:TimeMissed():101|Cycle miss in event CCSICombinedRepManager. Time Overrun is 7461 us[EOL]
[2026-09-22T08:45:27.429935Z][RSH.rfidreader][W][2330306][133]CRTCyclicEvent.cpp:TimeMissed():101|Cycle miss in event CCSICombinedCmdManager Cyclic Event. Time Overrun is 12161 us[EOL]
[2026-09-22T08:45:27.429965Z][RSH.rfidreader][W][2330306][133]CRTCyclicEvent.cpp:TimeMissed():101|Cycle miss in event CCSICombinedRepManager. Time Overrun is 12161 us[EOL]
[2026-09-22T08:45:27.430070Z][RSH.newgen-reagentstoragehandler][W][2330306][141]CRTCyclicEvent.cpp:TimeMissed():101|Cycle miss in event CCSICombinedCmdManager Cyclic Event. Time Overrun is 16502 us[EOL]
[2026-09-22T08:45:27.430098Z][RSH.newgen-reagentstoragehandler][W][2330306][141]CRTCyclicEvent.cpp:TimeMissed():101|Cycle miss in event CCSICombinedRepManager. Time Overrun is 16502 us[EOL]
[2026-09-22T08:45:27.590009Z][RSH.rfidreader][W][2330306][133]CRTCyclicEvent.cpp:TimeMissed():101|Cycle miss in event CCSICombinedCmdManager Cyclic Event. Time Overrun is 2233 us[EOL]
[2026-09-22T08:45:27.590301Z][RSH.rfidreader][W][2330306][133]CRTCyclicEvent.cpp:TimeMissed():101|Cycle miss in event CCSICombinedRepManager. Time Overrun is 2233 us[EOL]
[2026-09-22T08:45:27.839670Z][RSH.rfidreader][W][2330306][133]CRTCyclicEvent.cpp:TimeMissed():101|Cycle miss in event CCSICombinedCmdManager Cyclic Event. Time Overrun is 1891 us[EOL]
[2026-09-22T08:45:27.839711Z][RSH.rfidreader][W][2330306][133]CRTCyclicEvent.cpp:TimeMissed():101|Cycle miss in event CCSICombinedRepManager. Time Overrun is 1891 us[EOL]
[2026-09-22T08:45:28.696649Z][RSH.newgen-reagentstoragehandler][I][2560016][141]IMessageHandler.h:operator()():40|Received RabbitMqMessage Roche.MolLab.InstrumentState.Ping. Content: {"Timestamp":"2026-09-22T08:45:28.6751977Z","PingId":"IS31"}[EOL]
[2026-09-22T08:45:28.696692Z][RSH.newgen-reagentstoragehandler][I][844444436][141]UnitCommunicator.cpp:SendEvent():424|Publishing event: type=Roche.c68_8800.ReagentStorageHandler.Echo correlation_id=(n/a)[EOL]
[2026-09-22T08:45:28.696719Z][RSH.newgen-reagentstoragehandler][I][2560017][141]MessageSender.h:SendEvent():105|Sent RabbitMqEvent Roche.c68_8800.ReagentStorageHandler.Echo. Content: {"Timestamp":"2026-09-22T08:45:28.696686Z","PingId":"IS31"}[EOL]
[2026-09-22T08:45:34.285259Z][RSH.newgen-reagentstoragehandler][W][2330306][141]CRTCyclicEvent.cpp:TimeMissed():101|Cycle miss in event CCSICombinedCmdManager Cyclic Event. Time Overrun is 21695 us[EOL]
[2026-09-22T08:45:34.285289Z][RSH.newgen-reagentstoragehandler][W][2330306][141]CRTCyclicEvent.cpp:TimeMissed():101|Cycle miss in event CCSICombinedRepManager. Time Overrun is 21695 us[EOL]
[2026-09-22T08:45:34.285772Z][RSH.rfidreader][W][2330306][133]CRTCyclicEvent.cpp:TimeMissed():101|Cycle miss in event CCSICombinedCmdManager Cyclic Event. Time Overrun is 17997 us[EOL]
[2026-09-22T08:45:34.285812Z][RSH.rfidreader][W][2330306][133]CRTCyclicEvent.cpp:TimeMissed():101|Cycle miss in event CCSICombinedRepManager. Time Overrun is 17997 us[EOL]
[2026-09-22T08:45:42.402428Z][RSH.newgen-reagentstoragehandler][W][2330306][141]CRTCyclicEvent.cpp:TimeMissed():101|Cycle miss in event CCSICombinedCmdManager Cyclic Event. Time Overrun is 18858 us[EOL]
[2026-09-22T08:45:42.402472Z][RSH.newgen-reagentstoragehandler][W][2330306][141]CRTCyclicEvent.cpp:TimeMissed():101|Cycle miss in event CCSICombinedRepManager. Time Overrun is 18858 us[EOL]
[2026-09-22T08:45:42.402524Z][RSH.rfidreader][W][2330306][133]CRTCyclicEvent.cpp:TimeMissed():101|Cycle miss in event CCSICombinedCmdManager Cyclic Event. Time Overrun is 14751 us[EOL]
[2026-09-22T08:45:42.402544Z][RSH.rfidreader][W][2330306][133]CRTCyclicEvent.cpp:TimeMissed():101|Cycle miss in event CCSICombinedRepManager. Time Overrun is 14751 us[EOL]
[2026-09-22T08:45:45.796364Z][RSH.rfidreader][W][2330306][133]CRTCyclicEvent.cpp:TimeMissed():101|Cycle miss in event CCSICombinedCmdManager Cyclic Event. Time Overrun is 18588 us[EOL]
[2026-09-22T08:45:45.796393Z][RSH.rfidreader][W][2330306][133]CRTCyclicEvent.cpp:TimeMissed():101|Cycle miss in event CCSICombinedRepManager. Time Overrun is 18588 us[EOL]
[2026-09-22T08:45:50.008237Z][RSH.rfidreader][W][2330306][133]CRTCyclicEvent.cpp:TimeMissed():101|Cycle miss in event CCSICombinedCmdManager Cyclic Event. Time Overrun is 464 us[EOL]
[2026-09-22T08:45:50.008294Z][RSH.rfidreader][W][2330306][133]CRTCyclicEvent.cpp:TimeMissed():101|Cycle miss in event CCSICombinedRepManager. Time Overrun is 464 us[EOL]
[2026-09-22T08:45:53.585943Z][RSH.newgen-reagentstoragehandler][W][2330306][141]CRTCyclicEvent.cpp:TimeMissed():101|Cycle miss in event CCSICombinedCmdManager Cyclic Event. Time Overrun is 12374 us[EOL]
[2026-09-22T08:45:53.586156Z][RSH.newgen-reagentstoragehandler][W][2330306][141]CRTCyclicEvent.cpp:TimeMissed():101|Cycle miss in event CCSICombinedRepManager. Time Overrun is 12374 us[EOL]
[2026-09-22T08:45:58.694258Z][RSH.newgen-reagentstoragehandler][I][2560016][141]IMessageHandler.h:operator()():40|Received RabbitMqMessage Roche.MolLab.InstrumentState.Ping. Content: {"Timestamp":"2026-09-22T08:45:58.6752037Z","PingId":"IS32"}[EOL]
[2026-09-22T08:45:58.694309Z][RSH.newgen-reagentstoragehandler][I][844444436][141]UnitCommunicator.cpp:SendEvent():424|Publishing event: type=Roche.c68_8800.ReagentStorageHandler.Echo correlation_id=(n/a)[EOL]
[2026-09-22T08:45:58.694404Z][RSH.newgen-reagentstoragehandler][I][2560017][141]MessageSender.h:SendEvent():105|Sent RabbitMqEvent Roche.c68_8800.ReagentStorageHandler.Echo. Content: {"Timestamp":"2026-09-22T08:45:58.694302Z","PingId":"IS32"}[EOL]
[2026-09-22T08:46:05.383917Z][RSH.newgen-reagentstoragehandler][W][2330306][141]CRTCyclicEvent.cpp:TimeMissed():101|Cycle miss in event CCSICombinedCmdManager Cyclic Event. Time Overrun is 348 us[EOL]
[2026-09-22T08:46:05.383979Z][RSH.newgen-reagentstoragehandler][W][2330306][141]CRTCyclicEvent.cpp:TimeMissed():101|Cycle miss in event CCSICombinedRepManager. Time Overrun is 348 us[EOL]
[2026-09-22T08:46:05.381099Z][RSH.rfidreader][W][2330306][133]CRTCyclicEvent.cpp:TimeMissed():101|Cycle miss in event CCSICombinedCmdManager Cyclic Event. Time Overrun is 3325 us[EOL]
[2026-09-22T08:46:05.381129Z][RSH.rfidreader][W][2330306][133]CRTCyclicEvent.cpp:TimeMissed():101|Cycle miss in event CCSICombinedRepManager. Time Overrun is 3325 us[EOL]
[2026-09-22T08:46:09.479381Z][RSH.rfidreader][W][2330306][133]CRTCyclicEvent.cpp:TimeMissed():101|Cycle miss in event CCSICombinedCmdManager Cyclic Event. Time Overrun is 1609 us[EOL]
[2026-09-22T08:46:09.479401Z][RSH.rfidreader][W][2330306][133]CRTCyclicEvent.cpp:TimeMissed():101|Cycle miss in event CCSICombinedRepManager. Time Overrun is 1609 us[EOL]
[2026-09-22T08:46:11.191779Z][RSH.rfidreader][W][2330306][133]CRTCyclicEvent.cpp:TimeMissed():101|Cycle miss in event CCSICombinedCmdManager Cyclic Event. Time Overrun is 14005 us[EOL]
[2026-09-22T08:46:11.191815Z][RSH.rfidreader][W][2330306][133]CRTCyclicEvent.cpp:TimeMissed():101|Cycle miss in event CCSICombinedRepManager. Time Overrun is 14005 us[EOL]
[2026-09-22T08:46:11.191703Z][RSH.newgen-reagentstoragehandler][W][2330306][141]CRTCyclicEvent.cpp:TimeMissed():101|Cycle miss in event CCSICombinedCmdManager Cyclic Event. Time Overrun is 18137 us[EOL]
[2026-09-22T08:46:11.191760Z][RSH.newgen-reagentstoragehandler][W][2330306][141]CRTCyclicEvent.cpp:TimeMissed():101|Cycle miss in event CCSICombinedRepManager. Time Overrun is 18137 us[EOL]
[2026-09-22T08:46:20.990007Z][RSH.newgen-reagentstoragehandler][W][2330306][141]CRTCyclicEvent.cpp:TimeMissed():101|Cycle miss in event CCSICombinedCmdManager Cyclic Event. Time Overrun is 6438 us[EOL]
[2026-09-22T08:46:20.990065Z][RSH.newgen-reagentstoragehandler][W][2330306][141]CRTCyclicEvent.cpp:TimeMissed():101|Cycle miss in event CCSICombinedRepManager. Time Overrun is 6438 us[EOL]
[2026-09-22T08:46:20.990342Z][RSH.rfidreader][W][2330306][133]CRTCyclicEvent.cpp:TimeMissed():101|Cycle miss in event CCSICombinedCmdManager Cyclic Event. Time Overrun is 2570 us[EOL]
[2026-09-22T08:46:20.990363Z][RSH.rfidreader][W][2330306][133]CRTCyclicEvent.cpp:TimeMissed():101|Cycle miss in event CCSICombinedRepManager. Time Overrun is 2570 us[EOL]
[2026-09-22T08:46:26.745616Z][RSH.newgen-reagentstoragehandler][W][2330306][141]CRTCyclicEvent.cpp:TimeMissed():101|Cycle miss in event CCSICombinedCmdManager Cyclic Event. Time Overrun is 2011 us[EOL]
[2026-09-22T08:46:26.745690Z][RSH.newgen-reagentstoragehandler][W][2330306][141]CRTCyclicEvent.cpp:TimeMissed():101|Cycle miss in event CCSICombinedRepManager. Time Overrun is 2011 us[EOL]
[2026-09-22T08:46:28.689510Z][RSH.newgen-reagentstoragehandler][I][2560016][141]IMessageHandler.h:operator()():40|Received RabbitMqMessage Roche.MolLab.InstrumentState.Ping. Content: {"Timestamp":"2026-09-22T08:46:28.6745784Z","PingId":"IS33"}[EOL]
[2026-09-22T08:46:28.689552Z][RSH.newgen-reagentstoragehandler][I][844444436][141]UnitCommunicator.cpp:SendEvent():424|Publishing event: type=Roche.c68_8800.ReagentStorageHandler.Echo correlation_id=(n/a)[EOL]
[2026-09-22T08:46:28.689574Z][RSH.newgen-reagentstoragehandler][I][2560017][141]MessageSender.h:SendEvent():105|Sent RabbitMqEvent Roche.c68_8800.ReagentStorageHandler.Echo. Content: {"Timestamp":"2026-09-22T08:46:28.689547Z","PingId":"IS33"}[EOL]
[2026-09-22T08:46:42.486988Z][RSH.newgen-reagentstoragehandler][W][2330306][141]CRTCyclicEvent.cpp:TimeMissed():101|Cycle miss in event CCSICombinedCmdManager Cyclic Event. Time Overrun is 3410 us[EOL]
[2026-09-22T08:46:42.487028Z][RSH.newgen-reagentstoragehandler][W][2330306][141]CRTCyclicEvent.cpp:TimeMissed():101|Cycle miss in event CCSICombinedRepManager. Time Overrun is 3410 us[EOL]
[2026-09-22T08:46:58.683054Z][RSH.newgen-reagentstoragehandler][I][2560016][141]IMessageHandler.h:operator()():40|Received RabbitMqMessage Roche.MolLab.InstrumentState.Ping. Content: {"Timestamp":"2026-09-22T08:46:58.6737672Z","PingId":"IS34"}[EOL]
[2026-09-22T08:46:58.683243Z][RSH.newgen-reagentstoragehandler][I][844444436][141]UnitCommunicator.cpp:SendEvent():424|Publishing event: type=Roche.c68_8800.ReagentStorageHandler.Echo correlation_id=(n/a)[EOL]
[2026-09-22T08:46:58.683298Z][RSH.newgen-reagentstoragehandler][I][2560017][141]MessageSender.h:SendEvent():105|Sent RabbitMqEvent Roche.c68_8800.ReagentStorageHandler.Echo. Content: {"Timestamp":"2026-09-22T08:46:58.683216Z","PingId":"IS34"}[EOL]
[2026-09-22T08:47:15.758837Z][RSH.rfidreader][W][2330306][133]CRTCyclicEvent.cpp:TimeMissed():101|Cycle miss in event CCSICombinedCmdManager Cyclic Event. Time Overrun is 1062 us[EOL]
[2026-09-22T08:47:15.758869Z][RSH.rfidreader][W][2330306][133]CRTCyclicEvent.cpp:TimeMissed():101|Cycle miss in event CCSICombinedRepManager. Time Overrun is 1062 us[EOL]
[2026-09-22T08:47:18.735308Z][RSH.newgen-reagentstoragehandler][W][2330306][141]CRTCyclicEvent.cpp:TimeMissed():101|Cycle miss in event CCSICombinedCmdManager Cyclic Event. Time Overrun is 1745 us[EOL]
[2026-09-22T08:47:18.735333Z][RSH.newgen-reagentstoragehandler][W][2330306][141]CRTCyclicEvent.cpp:TimeMissed():101|Cycle miss in event CCSICombinedRepManager. Time Overrun is 1745 us[EOL]
[2026-09-22T08:47:20.449406Z][RSH.rfidreader][W][2330306][133]CRTCyclicEvent.cpp:TimeMissed():101|Cycle miss in event CCSICombinedCmdManager Cyclic Event. Time Overrun is 11633 us[EOL]
[2026-09-22T08:47:20.449428Z][RSH.rfidreader][W][2330306][133]CRTCyclicEvent.cpp:TimeMissed():101|Cycle miss in event CCSICombinedRepManager. Time Overrun is 11633 us[EOL]
[2026-09-22T08:47:20.448571Z][RSH.newgen-reagentstoragehandler][W][2330306][141]CRTCyclicEvent.cpp:TimeMissed():101|Cycle miss in event CCSICombinedCmdManager Cyclic Event. Time Overrun is 5007 us[EOL]
[2026-09-22T08:47:20.448595Z][RSH.newgen-reagentstoragehandler][W][2330306][141]CRTCyclicEvent.cpp:TimeMissed():101|Cycle miss in event CCSICombinedRepManager. Time Overrun is 5007 us[EOL]
[2026-09-22T08:47:22.845952Z][RSH.newgen-reagentstoragehandler][W][2330306][141]CRTCyclicEvent.cpp:TimeMissed():101|Cycle miss in event CCSICombinedCmdManager Cyclic Event. Time Overrun is 2387 us[EOL]
[2026-09-22T08:47:22.845995Z][RSH.newgen-reagentstoragehandler][W][2330306][141]CRTCyclicEvent.cpp:TimeMissed():101|Cycle miss in event CCSICombinedRepManager. Time Overrun is 2387 us[EOL]
[2026-09-22T08:47:24.983375Z][RSH.rfidreader][W][2330306][133]CRTCyclicEvent.cpp:TimeMissed():101|Cycle miss in event CCSICombinedCmdManager Cyclic Event. Time Overrun is 5602 us[EOL]
[2026-09-22T08:47:24.983480Z][RSH.rfidreader][W][2330306][133]CRTCyclicEvent.cpp:TimeMissed():101|Cycle miss in event CCSICombinedRepManager. Time Overrun is 5602 us[EOL]
[2026-09-22T08:47:25.576588Z][RSH.newgen-reagentstoragehandler][W][2330306][141]CRTCyclicEvent.cpp:TimeMissed():101|Cycle miss in event CCSICombinedCmdManager Cyclic Event. Time Overrun is 3025 us[EOL]
[2026-09-22T08:47:25.576616Z][RSH.newgen-reagentstoragehandler][W][2330306][141]CRTCyclicEvent.cpp:TimeMissed():101|Cycle miss in event CCSICombinedRepManager. Time Overrun is 3025 us[EOL]
[2026-09-22T08:47:28.685061Z][RSH.newgen-reagentstoragehandler][I][2560016][141]IMessageHandler.h:operator()():40|Received RabbitMqMessage Roche.MolLab.InstrumentState.Ping. Content: {"Timestamp":"2026-09-22T08:47:28.6753086Z","PingId":"IS35"}[EOL]
[2026-09-22T08:47:28.685100Z][RSH.newgen-reagentstoragehandler][I][844444436][141]UnitCommunicator.cpp:SendEvent():424|Publishing event: type=Roche.c68_8800.ReagentStorageHandler.Echo correlation_id=(n/a)[EOL]
[2026-09-22T08:47:28.685200Z][RSH.newgen-reagentstoragehandler][I][2560017][141]MessageSender.h:SendEvent():105|Sent RabbitMqEvent Roche.c68_8800.ReagentStorageHandler.Echo. Content: {"Timestamp":"2026-09-22T08:47:28.685095Z","PingId":"IS35"}[EOL]
[2026-09-22T08:47:34.368281Z][RSH.newgen-reagentstoragehandler][W][2330306][141]CRTCyclicEvent.cpp:TimeMissed():101|Cycle miss in event CCSICombinedCmdManager Cyclic Event. Time Overrun is 4717 us[EOL]
[2026-09-22T08:47:34.368308Z][RSH.newgen-reagentstoragehandler][W][2330306][141]CRTCyclicEvent.cpp:TimeMissed():101|Cycle miss in event CCSICombinedRepManager. Time Overrun is 4717 us[EOL]
[2026-09-22T08:47:34.368361Z][RSH.rfidreader][W][2330306][133]CRTCyclicEvent.cpp:TimeMissed():101|Cycle miss in event CCSICombinedCmdManager Cyclic Event. Time Overrun is 589 us[EOL]
[2026-09-22T08:47:34.368384Z][RSH.rfidreader][W][2330306][133]CRTCyclicEvent.cpp:TimeMissed():101|Cycle miss in event CCSICombinedRepManager. Time Overrun is 589 us[EOL]
[2026-09-22T08:47:41.583226Z][RSH.rfidreader][W][2330306][133]CRTCyclicEvent.cpp:TimeMissed():101|Cycle miss in event CCSICombinedCmdManager Cyclic Event. Time Overrun is 5452 us[EOL]
[2026-09-22T08:47:41.583255Z][RSH.rfidreader][W][2330306][133]CRTCyclicEvent.cpp:TimeMissed():101|Cycle miss in event CCSICombinedRepManager. Time Overrun is 5452 us[EOL]
[2026-09-22T08:47:50.839574Z][RSH.rfidreader][W][2330306][133]CRTCyclicEvent.cpp:TimeMissed():101|Cycle miss in event CCSICombinedCmdManager Cyclic Event. Time Overrun is 1794 us[EOL]
[2026-09-22T08:47:50.839623Z][RSH.rfidreader][W][2330306][133]CRTCyclicEvent.cpp:TimeMissed():101|Cycle miss in event CCSICombinedRepManager. Time Overrun is 1794 us[EOL]
[2026-09-22T08:47:58.683797Z][RSH.newgen-reagentstoragehandler][I][2560016][141]IMessageHandler.h:operator()():40|Received RabbitMqMessage Roche.MolLab.InstrumentState.Ping. Content: {"Timestamp":"2026-09-22T08:47:58.6744135Z","PingId":"IS36"}[EOL]
[2026-09-22T08:47:58.683834Z][RSH.newgen-reagentstoragehandler][I][844444436][141]UnitCommunicator.cpp:SendEvent():424|Publishing event: type=Roche.c68_8800.ReagentStorageHandler.Echo correlation_id=(n/a)[EOL]
[2026-09-22T08:47:58.683851Z][RSH.newgen-reagentstoragehandler][I][2560017][141]MessageSender.h:SendEvent():105|Sent RabbitMqEvent Roche.c68_8800.ReagentStorageHandler.Echo. Content: {"Timestamp":"2026-09-22T08:47:58.683829Z","PingId":"IS36"}[EOL]
[2026-09-22T08:48:09.201002Z][RSH.newgen-reagentstoragehandler][W][2330306][141]CRTCyclicEvent.cpp:TimeMissed():101|Cycle miss in event CCSICombinedCmdManager Cyclic Event. Time Overrun is 7437 us[EOL]
[2026-09-22T08:48:09.199426Z][RSH.rfidreader][W][2330306][133]CRTCyclicEvent.cpp:TimeMissed():101|Cycle miss in event CCSICombinedCmdManager Cyclic Event. Time Overrun is 1650 us[EOL]
[2026-09-22T08:48:09.201028Z][RSH.newgen-reagentstoragehandler][W][2330306][141]CRTCyclicEvent.cpp:TimeMissed():101|Cycle miss in event CCSICombinedRepManager. Time Overrun is 7437 us[EOL]
[2026-09-22T08:48:09.199461Z][RSH.rfidreader][W][2330306][133]CRTCyclicEvent.cpp:TimeMissed():101|Cycle miss in event CCSICombinedRepManager. Time Overrun is 1650 us[EOL]
[2026-09-22T08:48:10.022633Z][RSH.rfidreader][W][2330306][133]CRTCyclicEvent.cpp:TimeMissed():101|Cycle miss in event CCSICombinedCmdManager Cyclic Event. Time Overrun is 4859 us[EOL]
[2026-09-22T08:48:10.022665Z][RSH.rfidreader][W][2330306][133]CRTCyclicEvent.cpp:TimeMissed():101|Cycle miss in event CCSICombinedRepManager. Time Overrun is 4859 us[EOL]
[2026-09-22T08:48:10.024240Z][RSH.newgen-reagentstoragehandler][W][2330306][141]CRTCyclicEvent.cpp:TimeMissed():101|Cycle miss in event CCSICombinedCmdManager Cyclic Event. Time Overrun is 10676 us[EOL]
[2026-09-22T08:48:10.024283Z][RSH.newgen-reagentstoragehandler][W][2330306][141]CRTCyclicEvent.cpp:TimeMissed():101|Cycle miss in event CCSICombinedRepManager. Time Overrun is 10676 us[EOL]
[2026-09-22T08:48:26.273687Z][RSH.rfidreader][W][2330306][133]CRTCyclicEvent.cpp:TimeMissed():101|Cycle miss in event CCSICombinedCmdManager Cyclic Event. Time Overrun is 5909 us[EOL]
[2026-09-22T08:48:26.273721Z][RSH.rfidreader][W][2330306][133]CRTCyclicEvent.cpp:TimeMissed():101|Cycle miss in event CCSICombinedRepManager. Time Overrun is 5909 us[EOL]
[2026-09-22T08:48:26.273784Z][RSH.newgen-reagentstoragehandler][W][2330306][141]CRTCyclicEvent.cpp:TimeMissed():101|Cycle miss in event CCSICombinedCmdManager Cyclic Event. Time Overrun is 223 us[EOL]
[2026-09-22T08:48:26.273807Z][RSH.newgen-reagentstoragehandler][W][2330306][141]CRTCyclicEvent.cpp:TimeMissed():101|Cycle miss in event CCSICombinedRepManager. Time Overrun is 223 us[EOL]
[2026-09-22T08:48:28.689622Z][RSH.newgen-reagentstoragehandler][I][2560016][141]IMessageHandler.h:operator()():40|Received RabbitMqMessage Roche.MolLab.InstrumentState.Ping. Content: {"Timestamp":"2026-09-22T08:48:28.6748624Z","PingId":"IS37"}[EOL]
[2026-09-22T08:48:28.689701Z][RSH.newgen-reagentstoragehandler][I][844444436][141]UnitCommunicator.cpp:SendEvent():424|Publishing event: type=Roche.c68_8800.ReagentStorageHandler.Echo correlation_id=(n/a)[EOL]
[2026-09-22T08:48:28.689722Z][RSH.newgen-reagentstoragehandler][I][2560017][141]MessageSender.h:SendEvent():105|Sent RabbitMqEvent Roche.c68_8800.ReagentStorageHandler.Echo. Content: {"Timestamp":"2026-09-22T08:48:28.689694Z","PingId":"IS37"}[EOL]
[2026-09-22T08:48:29.664891Z][RSH.newgen-reagentstoragehandler][W][2330306][141]CRTCyclicEvent.cpp:TimeMissed():101|Cycle miss in event CCSICombinedCmdManager Cyclic Event. Time Overrun is 1325 us[EOL]
[2026-09-22T08:48:29.664923Z][RSH.newgen-reagentstoragehandler][W][2330306][141]CRTCyclicEvent.cpp:TimeMissed():101|Cycle miss in event CCSICombinedRepManager. Time Overrun is 1325 us[EOL]
[2026-09-22T08:48:35.028861Z][RSH.newgen-reagentstoragehandler][W][2330306][141]CRTCyclicEvent.cpp:TimeMissed():101|Cycle miss in event CCSICombinedCmdManager Cyclic Event. Time Overrun is 5297 us[EOL]
[2026-09-22T08:48:35.029020Z][RSH.newgen-reagentstoragehandler][W][2330306][141]CRTCyclicEvent.cpp:TimeMissed():101|Cycle miss in event CCSICombinedRepManager. Time Overrun is 5297 us[EOL]
[2026-09-22T08:48:35.176282Z][RSH.newgen-reagentstoragehandler][W][2330306][141]CRTCyclicEvent.cpp:TimeMissed():101|Cycle miss in event CCSICombinedCmdManager Cyclic Event. Time Overrun is 2720 us[EOL]
[2026-09-22T08:48:35.176314Z][RSH.newgen-reagentstoragehandler][W][2330306][141]CRTCyclicEvent.cpp:TimeMissed():101|Cycle miss in event CCSICombinedRepManager. Time Overrun is 2720 us[EOL]
[2026-09-22T08:48:37.836875Z][RSH.rfidreader][W][2330306][133]CRTCyclicEvent.cpp:TimeMissed():101|Cycle miss in event CCSICombinedCmdManager Cyclic Event. Time Overrun is 9102 us[EOL]
[2026-09-22T08:48:37.836899Z][RSH.rfidreader][W][2330306][133]CRTCyclicEvent.cpp:TimeMissed():101|Cycle miss in event CCSICombinedRepManager. Time Overrun is 9102 us[EOL]
[2026-09-22T08:48:37.840708Z][RSH.newgen-reagentstoragehandler][W][2330306][141]CRTCyclicEvent.cpp:TimeMissed():101|Cycle miss in event CCSICombinedCmdManager Cyclic Event. Time Overrun is 7146 us[EOL]
[2026-09-22T08:48:37.840730Z][RSH.newgen-reagentstoragehandler][W][2330306][141]CRTCyclicEvent.cpp:TimeMissed():101|Cycle miss in event CCSICombinedRepManager. Time Overrun is 7146 us[EOL]
[2026-09-22T08:48:45.565336Z][RSH.rfidreader][W][2330306][133]CRTCyclicEvent.cpp:TimeMissed():101|Cycle miss in event CCSICombinedCmdManager Cyclic Event. Time Overrun is 7558 us[EOL]
[2026-09-22T08:48:45.565415Z][RSH.rfidreader][W][2330306][133]CRTCyclicEvent.cpp:TimeMissed():101|Cycle miss in event CCSICombinedRepManager. Time Overrun is 7558 us[EOL]
[2026-09-22T08:48:49.602540Z][RSH.newgen-reagentstoragehandler][W][2330306][141]CRTCyclicEvent.cpp:TimeMissed():101|Cycle miss in event CCSICombinedCmdManager Cyclic Event. Time Overrun is 8976 us[EOL]
[2026-09-22T08:48:49.602567Z][RSH.newgen-reagentstoragehandler][W][2330306][141]CRTCyclicEvent.cpp:TimeMissed():101|Cycle miss in event CCSICombinedRepManager. Time Overrun is 8976 us[EOL]
[2026-09-22T08:48:49.601179Z][RSH.rfidreader][W][2330306][133]CRTCyclicEvent.cpp:TimeMissed():101|Cycle miss in event CCSICombinedCmdManager Cyclic Event. Time Overrun is 3406 us[EOL]
[2026-09-22T08:48:49.601200Z][RSH.rfidreader][W][2330306][133]CRTCyclicEvent.cpp:TimeMissed():101|Cycle miss in event CCSICombinedRepManager. Time Overrun is 3406 us[EOL]
[2026-09-22T08:48:53.750676Z][RSH.rfidreader][W][2330306][133]CRTCyclicEvent.cpp:TimeMissed():101|Cycle miss in event CCSICombinedCmdManager Cyclic Event. Time Overrun is 2904 us[EOL]
[2026-09-22T08:48:53.750696Z][RSH.rfidreader][W][2330306][133]CRTCyclicEvent.cpp:TimeMissed():101|Cycle miss in event CCSICombinedRepManager. Time Overrun is 2904 us[EOL]
[2026-09-22T08:48:58.682933Z][RSH.newgen-reagentstoragehandler][I][2560016][141]IMessageHandler.h:operator()():40|Received RabbitMqMessage Roche.MolLab.InstrumentState.Ping. Content: {"Timestamp":"2026-09-22T08:48:58.6735259Z","PingId":"IS38"}[EOL]
[2026-09-22T08:48:58.682997Z][RSH.newgen-reagentstoragehandler][I][844444436][141]UnitCommunicator.cpp:SendEvent():424|Publishing event: type=Roche.c68_8800.ReagentStorageHandler.Echo correlation_id=(n/a)[EOL]
[2026-09-22T08:48:58.683019Z][RSH.newgen-reagentstoragehandler][I][2560017][141]MessageSender.h:SendEvent():105|Sent RabbitMqEvent Roche.c68_8800.ReagentStorageHandler.Echo. Content: {"Timestamp":"2026-09-22T08:48:58.682990Z","PingId":"IS38"}[EOL]
[2026-09-22T08:48:59.810329Z][RSH.newgen-reagentstoragehandler][W][2330306][141]CRTCyclicEvent.cpp:TimeMissed():101|Cycle miss in event CCSICombinedCmdManager Cyclic Event. Time Overrun is 36767 us[EOL]
[2026-09-22T08:48:59.810352Z][RSH.newgen-reagentstoragehandler][W][2330306][141]CRTCyclicEvent.cpp:TimeMissed():101|Cycle miss in event CCSICombinedRepManager. Time Overrun is 36767 us[EOL]
[2026-09-22T08:48:59.810492Z][RSH.rfidreader][W][2330306][133]CRTCyclicEvent.cpp:TimeMissed():101|Cycle miss in event CCSICombinedCmdManager Cyclic Event. Time Overrun is 32718 us[EOL]
[2026-09-22T08:48:59.810519Z][RSH.rfidreader][W][2330306][133]CRTCyclicEvent.cpp:TimeMissed():101|Cycle miss in event CCSICombinedRepManager. Time Overrun is 32718 us[EOL]
[2026-09-22T08:49:03.419523Z][RSH.rfidreader][W][2330306][133]CRTCyclicEvent.cpp:TimeMissed():101|Cycle miss in event CCSICombinedCmdManager Cyclic Event. Time Overrun is 1749 us[EOL]
[2026-09-22T08:49:03.419558Z][RSH.rfidreader][W][2330306][133]CRTCyclicEvent.cpp:TimeMissed():101|Cycle miss in event CCSICombinedRepManager. Time Overrun is 1749 us[EOL]
[2026-09-22T08:49:14.649572Z][RSH.rfidreader][W][2330306][133]CRTCyclicEvent.cpp:TimeMissed():101|Cycle miss in event CCSICombinedCmdManager Cyclic Event. Time Overrun is 1796 us[EOL]
[2026-09-22T08:49:14.649599Z][RSH.rfidreader][W][2330306][133]CRTCyclicEvent.cpp:TimeMissed():101|Cycle miss in event CCSICombinedRepManager. Time Overrun is 1796 us[EOL]
[2026-09-22T08:49:15.083775Z][RSH.newgen-reagentstoragehandler][W][2330306][141]CRTCyclicEvent.cpp:TimeMissed():101|Cycle miss in event CCSICombinedCmdManager Cyclic Event. Time Overrun is 10213 us[EOL]
[2026-09-22T08:49:15.083797Z][RSH.newgen-reagentstoragehandler][W][2330306][141]CRTCyclicEvent.cpp:TimeMissed():101|Cycle miss in event CCSICombinedRepManager. Time Overrun is 10213 us[EOL]
[2026-09-22T08:49:15.086501Z][RSH.rfidreader][W][2330306][133]CRTCyclicEvent.cpp:TimeMissed():101|Cycle miss in event CCSICombinedCmdManager Cyclic Event. Time Overrun is 8724 us[EOL]
[2026-09-22T08:49:15.086542Z][RSH.rfidreader][W][2330306][133]CRTCyclicEvent.cpp:TimeMissed():101|Cycle miss in event CCSICombinedRepManager. Time Overrun is 8724 us[EOL]
[2026-09-22T08:49:19.308431Z][RSH.rfidreader][W][2330306][133]CRTCyclicEvent.cpp:TimeMissed():101|Cycle miss in event CCSICombinedCmdManager Cyclic Event. Time Overrun is 647 us[EOL]
[2026-09-22T08:49:19.308489Z][RSH.rfidreader][W][2330306][133]CRTCyclicEvent.cpp:TimeMissed():101|Cycle miss in event CCSICombinedRepManager. Time Overrun is 647 us[EOL]
[2026-09-22T08:49:20.828348Z][RSH.newgen-reagentstoragehandler][W][2330306][141]CRTCyclicEvent.cpp:TimeMissed():101|Cycle miss in event CCSICombinedCmdManager Cyclic Event. Time Overrun is 14785 us[EOL]
[2026-09-22T08:49:20.828372Z][RSH.newgen-reagentstoragehandler][W][2330306][141]CRTCyclicEvent.cpp:TimeMissed():101|Cycle miss in event CCSICombinedRepManager. Time Overrun is 14785 us[EOL]
[2026-09-22T08:49:24.302330Z][RSH.rfidreader][W][2330306][133]CRTCyclicEvent.cpp:TimeMissed():101|Cycle miss in event CCSICombinedCmdManager Cyclic Event. Time Overrun is 14556 us[EOL]
[2026-09-22T08:49:24.302360Z][RSH.rfidreader][W][2330306][133]CRTCyclicEvent.cpp:TimeMissed():101|Cycle miss in event CCSICombinedRepManager. Time Overrun is 14556 us[EOL]
[2026-09-22T08:49:24.298784Z][RSH.newgen-reagentstoragehandler][W][2330306][141]CRTCyclicEvent.cpp:TimeMissed():101|Cycle miss in event CCSICombinedCmdManager Cyclic Event. Time Overrun is 15222 us[EOL]
[2026-09-22T08:49:24.298809Z][RSH.newgen-reagentstoragehandler][W][2330306][141]CRTCyclicEvent.cpp:TimeMissed():101|Cycle miss in event CCSICombinedRepManager. Time Overrun is 15222 us[EOL]
[2026-09-22T08:49:24.418424Z][RSH.newgen-reagentstoragehandler][W][2330306][141]CRTCyclicEvent.cpp:TimeMissed():101|Cycle miss in event CCSICombinedCmdManager Cyclic Event. Time Overrun is 4862 us[EOL]
[2026-09-22T08:49:24.418448Z][RSH.newgen-reagentstoragehandler][W][2330306][141]CRTCyclicEvent.cpp:TimeMissed():101|Cycle miss in event CCSICombinedRepManager. Time Overrun is 4862 us[EOL]
[2026-09-22T08:49:24.418934Z][RSH.rfidreader][W][2330306][133]CRTCyclicEvent.cpp:TimeMissed():101|Cycle miss in event CCSICombinedCmdManager Cyclic Event. Time Overrun is 1158 us[EOL]
[2026-09-22T08:49:24.419083Z][RSH.rfidreader][W][2330306][133]CRTCyclicEvent.cpp:TimeMissed():101|Cycle miss in event CCSICombinedRepManager. Time Overrun is 1158 us[EOL]
[2026-09-22T08:49:26.598515Z][RSH.rfidreader][W][2330306][133]CRTCyclicEvent.cpp:TimeMissed():101|Cycle miss in event CCSICombinedCmdManager Cyclic Event. Time Overrun is 10742 us[EOL]
[2026-09-22T08:49:26.598544Z][RSH.rfidreader][W][2330306][133]CRTCyclicEvent.cpp:TimeMissed():101|Cycle miss in event CCSICombinedRepManager. Time Overrun is 10742 us[EOL]
[2026-09-22T08:49:26.598867Z][RSH.newgen-reagentstoragehandler][W][2330306][141]CRTCyclicEvent.cpp:TimeMissed():101|Cycle miss in event CCSICombinedCmdManager Cyclic Event. Time Overrun is 5304 us[EOL]
[2026-09-22T08:49:26.598893Z][RSH.newgen-reagentstoragehandler][W][2330306][141]CRTCyclicEvent.cpp:TimeMissed():101|Cycle miss in event CCSICombinedRepManager. Time Overrun is 5304 us[EOL]
[2026-09-22T08:49:27.183215Z][RSH.newgen-reagentstoragehandler][W][2330306][141]CRTCyclicEvent.cpp:TimeMissed():101|Cycle miss in event CCSICombinedCmdManager Cyclic Event. Time Overrun is 19653 us[EOL]
[2026-09-22T08:49:27.179766Z][RSH.rfidreader][W][2330306][133]CRTCyclicEvent.cpp:TimeMissed():101|Cycle miss in event CCSICombinedCmdManager Cyclic Event. Time Overrun is 11994 us[EOL]
[2026-09-22T08:49:27.183238Z][RSH.newgen-reagentstoragehandler][W][2330306][141]CRTCyclicEvent.cpp:TimeMissed():101|Cycle miss in event CCSICombinedRepManager. Time Overrun is 19653 us[EOL]
[2026-09-22T08:49:27.179786Z][RSH.rfidreader][W][2330306][133]CRTCyclicEvent.cpp:TimeMissed():101|Cycle miss in event CCSICombinedRepManager. Time Overrun is 11994 us[EOL]
[2026-09-22T08:49:28.367364Z][RSH.rfidreader][W][2330306][133]CRTCyclicEvent.cpp:TimeMissed():101|Cycle miss in event CCSICombinedCmdManager Cyclic Event. Time Overrun is 19591 us[EOL]
[2026-09-22T08:49:28.367390Z][RSH.rfidreader][W][2330306][133]CRTCyclicEvent.cpp:TimeMissed():101|Cycle miss in event CCSICombinedRepManager. Time Overrun is 19591 us[EOL]
[2026-09-22T08:49:28.367887Z][RSH.newgen-reagentstoragehandler][W][2330306][141]CRTCyclicEvent.cpp:TimeMissed():101|Cycle miss in event CCSICombinedCmdManager Cyclic Event. Time Overrun is 14324 us[EOL]
[2026-09-22T08:49:28.367923Z][RSH.newgen-reagentstoragehandler][W][2330306][141]CRTCyclicEvent.cpp:TimeMissed():101|Cycle miss in event CCSICombinedRepManager. Time Overrun is 14324 us[EOL]
[2026-09-22T08:49:28.685193Z][RSH.newgen-reagentstoragehandler][I][2560016][141]IMessageHandler.h:operator()():40|Received RabbitMqMessage Roche.MolLab.InstrumentState.Ping. Content: {"Timestamp":"2026-09-22T08:49:28.6746951Z","PingId":"IS39"}[EOL]
[2026-09-22T08:49:28.685232Z][RSH.newgen-reagentstoragehandler][I][844444436][141]UnitCommunicator.cpp:SendEvent():424|Publishing event: type=Roche.c68_8800.ReagentStorageHandler.Echo correlation_id=(n/a)[EOL]
[2026-09-22T08:49:28.685254Z][RSH.newgen-reagentstoragehandler][I][2560017][141]MessageSender.h:SendEvent():105|Sent RabbitMqEvent Roche.c68_8800.ReagentStorageHandler.Echo. Content: {"Timestamp":"2026-09-22T08:49:28.685227Z","PingId":"IS39"}[EOL]
[2026-09-22T08:49:28.797870Z][RSH.rfidreader][W][2330306][133]CRTCyclicEvent.cpp:TimeMissed():101|Cycle miss in event CCSICombinedCmdManager Cyclic Event. Time Overrun is 96 us[EOL]
[2026-09-22T08:49:28.797916Z][RSH.rfidreader][W][2330306][133]CRTCyclicEvent.cpp:TimeMissed():101|Cycle miss in event CCSICombinedRepManager. Time Overrun is 96 us[EOL]
[2026-09-22T08:49:31.593961Z][RSH.newgen-reagentstoragehandler][W][2330306][141]CRTCyclicEvent.cpp:TimeMissed():101|Cycle miss in event CCSICombinedCmdManager Cyclic Event. Time Overrun is 394 us[EOL]
[2026-09-22T08:49:31.594003Z][RSH.newgen-reagentstoragehandler][W][2330306][141]CRTCyclicEvent.cpp:TimeMissed():101|Cycle miss in event CCSICombinedRepManager. Time Overrun is 394 us[EOL]
[2026-09-22T08:49:32.032333Z][RSH.rfidreader][W][2330306][133]CRTCyclicEvent.cpp:TimeMissed():101|Cycle miss in event CCSICombinedCmdManager Cyclic Event. Time Overrun is 24559 us[EOL]
[2026-09-22T08:49:32.032363Z][RSH.rfidreader][W][2330306][133]CRTCyclicEvent.cpp:TimeMissed():101|Cycle miss in event CCSICombinedRepManager. Time Overrun is 24559 us[EOL]
[2026-09-22T08:49:32.032429Z][RSH.newgen-reagentstoragehandler][W][2330306][141]CRTCyclicEvent.cpp:TimeMissed():101|Cycle miss in event CCSICombinedCmdManager Cyclic Event. Time Overrun is 8862 us[EOL]
[2026-09-22T08:49:32.032466Z][RSH.newgen-reagentstoragehandler][W][2330306][141]CRTCyclicEvent.cpp:TimeMissed():101|Cycle miss in event CCSICombinedRepManager. Time Overrun is 8862 us[EOL]
[2026-09-22T08:49:33.219586Z][RSH.rfidreader][W][2330306][133]CRTCyclicEvent.cpp:TimeMissed():101|Cycle miss in event CCSICombinedCmdManager Cyclic Event. Time Overrun is 1809 us[EOL]
[2026-09-22T08:49:33.219634Z][RSH.rfidreader][W][2330306][133]CRTCyclicEvent.cpp:TimeMissed():101|Cycle miss in event CCSICombinedRepManager. Time Overrun is 1809 us[EOL]
[2026-09-22T08:49:35.946779Z][RSH.newgen-reagentstoragehandler][W][2330306][141]CRTCyclicEvent.cpp:TimeMissed():101|Cycle miss in event CCSICombinedCmdManager Cyclic Event. Time Overrun is 3215 us[EOL]
[2026-09-22T08:49:35.946825Z][RSH.newgen-reagentstoragehandler][W][2330306][141]CRTCyclicEvent.cpp:TimeMissed():101|Cycle miss in event CCSICombinedRepManager. Time Overrun is 3215 us[EOL]
[2026-09-22T08:49:37.947004Z][RSH.newgen-reagentstoragehandler][W][2330306][141]CRTCyclicEvent.cpp:TimeMissed():101|Cycle miss in event CCSICombinedCmdManager Cyclic Event. Time Overrun is 23440 us[EOL]
[2026-09-22T08:49:37.947036Z][RSH.newgen-reagentstoragehandler][W][2330306][141]CRTCyclicEvent.cpp:TimeMissed():101|Cycle miss in event CCSICombinedRepManager. Time Overrun is 23440 us[EOL]
[2026-09-22T08:49:37.949213Z][RSH.rfidreader][W][2330306][133]CRTCyclicEvent.cpp:TimeMissed():101|Cycle miss in event CCSICombinedCmdManager Cyclic Event. Time Overrun is 21439 us[EOL]
[2026-09-22T08:49:37.949244Z][RSH.rfidreader][W][2330306][133]CRTCyclicEvent.cpp:TimeMissed():101|Cycle miss in event CCSICombinedRepManager. Time Overrun is 21439 us[EOL]
[2026-09-22T08:49:43.610025Z][RSH.newgen-reagentstoragehandler][W][2330306][141]CRTCyclicEvent.cpp:TimeMissed():101|Cycle miss in event CCSICombinedCmdManager Cyclic Event. Time Overrun is 26460 us[EOL]
[2026-09-22T08:49:43.610055Z][RSH.newgen-reagentstoragehandler][W][2330306][141]CRTCyclicEvent.cpp:TimeMissed():101|Cycle miss in event CCSICombinedRepManager. Time Overrun is 26460 us[EOL]
[2026-09-22T08:49:43.610156Z][RSH.rfidreader][W][2330306][133]CRTCyclicEvent.cpp:TimeMissed():101|Cycle miss in event CCSICombinedCmdManager Cyclic Event. Time Overrun is 22382 us[EOL]
[2026-09-22T08:49:43.610179Z][RSH.rfidreader][W][2330306][133]CRTCyclicEvent.cpp:TimeMissed():101|Cycle miss in event CCSICombinedRepManager. Time Overrun is 22382 us[EOL]
[2026-09-22T08:49:46.759921Z][RSH.newgen-reagentstoragehandler][W][2330306][141]CRTCyclicEvent.cpp:TimeMissed():101|Cycle miss in event CCSICombinedCmdManager Cyclic Event. Time Overrun is 16354 us[EOL]
[2026-09-22T08:49:46.759970Z][RSH.newgen-reagentstoragehandler][W][2330306][141]CRTCyclicEvent.cpp:TimeMissed():101|Cycle miss in event CCSICombinedRepManager. Time Overrun is 16354 us[EOL]
[2026-09-22T08:49:46.758015Z][RSH.rfidreader][W][2330306][133]CRTCyclicEvent.cpp:TimeMissed():101|Cycle miss in event CCSICombinedCmdManager Cyclic Event. Time Overrun is 10241 us[EOL]
[2026-09-22T08:49:46.758049Z][RSH.rfidreader][W][2330306][133]CRTCyclicEvent.cpp:TimeMissed():101|Cycle miss in event CCSICombinedRepManager. Time Overrun is 10241 us[EOL]
[2026-09-22T08:49:50.489491Z][RSH.rfidreader][W][2330306][133]CRTCyclicEvent.cpp:TimeMissed():101|Cycle miss in event CCSICombinedCmdManager Cyclic Event. Time Overrun is 1717 us[EOL]
[2026-09-22T08:49:50.489525Z][RSH.rfidreader][W][2330306][133]CRTCyclicEvent.cpp:TimeMissed():101|Cycle miss in event CCSICombinedRepManager. Time Overrun is 1717 us[EOL]
[2026-09-22T08:49:50.568973Z][RSH.newgen-reagentstoragehandler][W][2330306][141]CRTCyclicEvent.cpp:TimeMissed():101|Cycle miss in event CCSICombinedCmdManager Cyclic Event. Time Overrun is 15410 us[EOL]
[2026-09-22T08:49:50.568994Z][RSH.newgen-reagentstoragehandler][W][2330306][141]CRTCyclicEvent.cpp:TimeMissed():101|Cycle miss in event CCSICombinedRepManager. Time Overrun is 15410 us[EOL]
[2026-09-22T08:49:51.001805Z][RSH.rfidreader][W][2330306][133]CRTCyclicEvent.cpp:TimeMissed():101|Cycle miss in event CCSICombinedCmdManager Cyclic Event. Time Overrun is 14032 us[EOL]
[2026-09-22T08:49:51.001826Z][RSH.rfidreader][W][2330306][133]CRTCyclicEvent.cpp:TimeMissed():101|Cycle miss in event CCSICombinedRepManager. Time Overrun is 14032 us[EOL]
[2026-09-22T08:49:50.999560Z][RSH.newgen-reagentstoragehandler][W][2330306][141]CRTCyclicEvent.cpp:TimeMissed():101|Cycle miss in event CCSICombinedCmdManager Cyclic Event. Time Overrun is 5992 us[EOL]
[2026-09-22T08:49:50.999608Z][RSH.newgen-reagentstoragehandler][W][2330306][141]CRTCyclicEvent.cpp:TimeMissed():101|Cycle miss in event CCSICombinedRepManager. Time Overrun is 5992 us[EOL]
[2026-09-22T08:49:54.539733Z][RSH.newgen-reagentstoragehandler][W][2330306][141]CRTCyclicEvent.cpp:TimeMissed():101|Cycle miss in event CCSICombinedCmdManager Cyclic Event. Time Overrun is 16171 us[EOL]
[2026-09-22T08:49:54.540576Z][RSH.rfidreader][W][2330306][133]CRTCyclicEvent.cpp:TimeMissed():101|Cycle miss in event CCSICombinedCmdManager Cyclic Event. Time Overrun is 12774 us[EOL]
[2026-09-22T08:49:54.539756Z][RSH.newgen-reagentstoragehandler][W][2330306][141]CRTCyclicEvent.cpp:TimeMissed():101|Cycle miss in event CCSICombinedRepManager. Time Overrun is 16171 us[EOL]
[2026-09-22T08:49:54.540672Z][RSH.rfidreader][W][2330306][133]CRTCyclicEvent.cpp:TimeMissed():101|Cycle miss in event CCSICombinedRepManager. Time Overrun is 12774 us[EOL]
[2026-09-22T08:49:55.563054Z][RSH.rfidreader][W][2330306][133]CRTCyclicEvent.cpp:TimeMissed():101|Cycle miss in event CCSICombinedCmdManager Cyclic Event. Time Overrun is 15282 us[EOL]
[2026-09-22T08:49:55.563076Z][RSH.rfidreader][W][2330306][133]CRTCyclicEvent.cpp:TimeMissed():101|Cycle miss in event CCSICombinedRepManager. Time Overrun is 15282 us[EOL]
[2026-09-22T08:49:55.562388Z][RSH.newgen-reagentstoragehandler][W][2330306][141]CRTCyclicEvent.cpp:TimeMissed():101|Cycle miss in event CCSICombinedCmdManager Cyclic Event. Time Overrun is 18825 us[EOL]
[2026-09-22T08:49:55.562417Z][RSH.newgen-reagentstoragehandler][W][2330306][141]CRTCyclicEvent.cpp:TimeMissed():101|Cycle miss in event CCSICombinedRepManager. Time Overrun is 18825 us[EOL]
[2026-09-22T08:49:58.679587Z][RSH.newgen-reagentstoragehandler][I][2560016][141]IMessageHandler.h:operator()():40|Received RabbitMqMessage Roche.MolLab.InstrumentState.Ping. Content: {"Timestamp":"2026-09-22T08:49:58.6750959Z","PingId":"IS40"}[EOL]
[2026-09-22T08:49:58.679620Z][RSH.newgen-reagentstoragehandler][I][844444436][141]UnitCommunicator.cpp:SendEvent():424|Publishing event: type=Roche.c68_8800.ReagentStorageHandler.Echo correlation_id=(n/a)[EOL]
[2026-09-22T08:49:58.679639Z][RSH.newgen-reagentstoragehandler][I][2560017][141]MessageSender.h:SendEvent():105|Sent RabbitMqEvent Roche.c68_8800.ReagentStorageHandler.Echo. Content: {"Timestamp":"2026-09-22T08:49:58.679615Z","PingId":"IS40"}[EOL]
[2026-09-22T08:50:01.788039Z][RSH.rfidreader][W][2330306][133]CRTCyclicEvent.cpp:TimeMissed():101|Cycle miss in event CCSICombinedCmdManager Cyclic Event. Time Overrun is 10265 us[EOL]
[2026-09-22T08:50:01.788061Z][RSH.rfidreader][W][2330306][133]CRTCyclicEvent.cpp:TimeMissed():101|Cycle miss in event CCSICombinedRepManager. Time Overrun is 10265 us[EOL]
[2026-09-22T08:50:10.300844Z][RSH.rfidreader][W][2330306][133]CRTCyclicEvent.cpp:TimeMissed():101|Cycle miss in event CCSICombinedCmdManager Cyclic Event. Time Overrun is 3066 us[EOL]
[2026-09-22T08:50:10.300887Z][RSH.rfidreader][W][2330306][133]CRTCyclicEvent.cpp:TimeMissed():101|Cycle miss in event CCSICombinedRepManager. Time Overrun is 3066 us[EOL]
[2026-09-22T08:50:27.869544Z][RSH.rfidreader][W][2330306][133]CRTCyclicEvent.cpp:TimeMissed():101|Cycle miss in event CCSICombinedCmdManager Cyclic Event. Time Overrun is 1769 us[EOL]
[2026-09-22T08:50:27.869583Z][RSH.rfidreader][W][2330306][133]CRTCyclicEvent.cpp:TimeMissed():101|Cycle miss in event CCSICombinedRepManager. Time Overrun is 1769 us[EOL]
[2026-09-22T08:50:28.686095Z][RSH.newgen-reagentstoragehandler][I][2560016][141]IMessageHandler.h:operator()():40|Received RabbitMqMessage Roche.MolLab.InstrumentState.Ping. Content: {"Timestamp":"2026-09-22T08:50:28.6732287Z","PingId":"IS41"}[EOL]
[2026-09-22T08:50:28.686141Z][RSH.newgen-reagentstoragehandler][I][844444436][141]UnitCommunicator.cpp:SendEvent():424|Publishing event: type=Roche.c68_8800.ReagentStorageHandler.Echo correlation_id=(n/a)[EOL]
[2026-09-22T08:50:28.686199Z][RSH.newgen-reagentstoragehandler][I][2560017][141]MessageSender.h:SendEvent():105|Sent RabbitMqEvent Roche.c68_8800.ReagentStorageHandler.Echo. Content: {"Timestamp":"2026-09-22T08:50:28.686135Z","PingId":"IS41"}[EOL]
[2026-09-22T08:50:42.739091Z][RSH.newgen-reagentstoragehandler][W][2330306][141]CRTCyclicEvent.cpp:TimeMissed():101|Cycle miss in event CCSICombinedCmdManager Cyclic Event. Time Overrun is 5526 us[EOL]
[2026-09-22T08:50:42.739120Z][RSH.newgen-reagentstoragehandler][W][2330306][141]CRTCyclicEvent.cpp:TimeMissed():101|Cycle miss in event CCSICombinedRepManager. Time Overrun is 5526 us[EOL]
[2026-09-22T08:50:58.694545Z][RSH.newgen-reagentstoragehandler][I][2560016][141]IMessageHandler.h:operator()():40|Received RabbitMqMessage Roche.MolLab.InstrumentState.Ping. Content: {"Timestamp":"2026-09-22T08:50:58.6750215Z","PingId":"IS42"}[EOL]
[2026-09-22T08:50:58.694608Z][RSH.newgen-reagentstoragehandler][I][844444436][141]UnitCommunicator.cpp:SendEvent():424|Publishing event: type=Roche.c68_8800.ReagentStorageHandler.Echo correlation_id=(n/a)[EOL]
[2026-09-22T08:50:58.694639Z][RSH.newgen-reagentstoragehandler][I][2560017][141]MessageSender.h:SendEvent():105|Sent RabbitMqEvent Roche.c68_8800.ReagentStorageHandler.Echo. Content: {"Timestamp":"2026-09-22T08:50:58.694599Z","PingId":"IS42"}[EOL]
[2026-09-22T08:50:59.307852Z][RSH.rfidreader][W][2330306][133]CRTCyclicEvent.cpp:TimeMissed():101|Cycle miss in event CCSICombinedCmdManager Cyclic Event. Time Overrun is 67 us[EOL]
[2026-09-22T08:50:59.307913Z][RSH.rfidreader][W][2330306][133]CRTCyclicEvent.cpp:TimeMissed():101|Cycle miss in event CCSICombinedRepManager. Time Overrun is 67 us[EOL]
[2026-09-22T08:51:01.177205Z][RSH.newgen-reagentstoragehandler][W][2330306][141]CRTCyclicEvent.cpp:TimeMissed():101|Cycle miss in event CCSICombinedCmdManager Cyclic Event. Time Overrun is 3633 us[EOL]
[2026-09-22T08:51:01.177243Z][RSH.newgen-reagentstoragehandler][W][2330306][141]CRTCyclicEvent.cpp:TimeMissed():101|Cycle miss in event CCSICombinedRepManager. Time Overrun is 3633 us[EOL]
[2026-09-22T08:51:01.781273Z][RSH.rfidreader][W][2330306][133]CRTCyclicEvent.cpp:TimeMissed():101|Cycle miss in event CCSICombinedCmdManager Cyclic Event. Time Overrun is 13497 us[EOL]
[2026-09-22T08:51:01.781351Z][RSH.rfidreader][W][2330306][133]CRTCyclicEvent.cpp:TimeMissed():101|Cycle miss in event CCSICombinedRepManager. Time Overrun is 13497 us[EOL]
[2026-09-22T08:51:02.891353Z][RSH.rfidreader][W][2330306][133]CRTCyclicEvent.cpp:TimeMissed():101|Cycle miss in event CCSICombinedCmdManager Cyclic Event. Time Overrun is 13578 us[EOL]
[2026-09-22T08:51:02.891389Z][RSH.rfidreader][W][2330306][133]CRTCyclicEvent.cpp:TimeMissed():101|Cycle miss in event CCSICombinedRepManager. Time Overrun is 13578 us[EOL]
[2026-09-22T08:51:02.893543Z][RSH.newgen-reagentstoragehandler][W][2330306][141]CRTCyclicEvent.cpp:TimeMissed():101|Cycle miss in event CCSICombinedCmdManager Cyclic Event. Time Overrun is 19977 us[EOL]
[2026-09-22T08:51:02.893584Z][RSH.newgen-reagentstoragehandler][W][2330306][141]CRTCyclicEvent.cpp:TimeMissed():101|Cycle miss in event CCSICombinedRepManager. Time Overrun is 19977 us[EOL]
[2026-09-22T08:51:03.451029Z][RSH.rfidreader][W][2330306][133]CRTCyclicEvent.cpp:TimeMissed():101|Cycle miss in event CCSICombinedCmdManager Cyclic Event. Time Overrun is 13251 us[EOL]
[2026-09-22T08:51:03.451075Z][RSH.rfidreader][W][2330306][133]CRTCyclicEvent.cpp:TimeMissed():101|Cycle miss in event CCSICombinedRepManager. Time Overrun is 13251 us[EOL]
[2026-09-22T08:51:03.681945Z][RSH.rfidreader][W][2330306][133]CRTCyclicEvent.cpp:TimeMissed():101|Cycle miss in event CCSICombinedCmdManager Cyclic Event. Time Overrun is 4169 us[EOL]
[2026-09-22T08:51:03.681982Z][RSH.rfidreader][W][2330306][133]CRTCyclicEvent.cpp:TimeMissed():101|Cycle miss in event CCSICombinedRepManager. Time Overrun is 4169 us[EOL]
[2026-09-22T08:51:03.845302Z][RSH.newgen-reagentstoragehandler][W][2330306][141]CRTCyclicEvent.cpp:TimeMissed():101|Cycle miss in event CCSICombinedCmdManager Cyclic Event. Time Overrun is 1727 us[EOL]
[2026-09-22T08:51:03.845354Z][RSH.newgen-reagentstoragehandler][W][2330306][141]CRTCyclicEvent.cpp:TimeMissed():101|Cycle miss in event CCSICombinedRepManager. Time Overrun is 1727 us[EOL]
[2026-09-22T08:51:04.639423Z][RSH.rfidreader][W][2330306][133]CRTCyclicEvent.cpp:TimeMissed():101|Cycle miss in event CCSICombinedCmdManager Cyclic Event. Time Overrun is 1647 us[EOL]
[2026-09-22T08:51:04.639460Z][RSH.rfidreader][W][2330306][133]CRTCyclicEvent.cpp:TimeMissed():101|Cycle miss in event CCSICombinedRepManager. Time Overrun is 1647 us[EOL]
[2026-09-22T08:51:05.139762Z][RSH.rfidreader][W][2330306][133]CRTCyclicEvent.cpp:TimeMissed():101|Cycle miss in event CCSICombinedCmdManager Cyclic Event. Time Overrun is 1985 us[EOL]
[2026-09-22T08:51:05.139827Z][RSH.rfidreader][W][2330306][133]CRTCyclicEvent.cpp:TimeMissed():101|Cycle miss in event CCSICombinedRepManager. Time Overrun is 1985 us[EOL]
[2026-09-22T08:51:05.364480Z][RSH.newgen-reagentstoragehandler][W][2330306][141]CRTCyclicEvent.cpp:TimeMissed():101|Cycle miss in event CCSICombinedCmdManager Cyclic Event. Time Overrun is 913 us[EOL]
[2026-09-22T08:51:05.364528Z][RSH.newgen-reagentstoragehandler][W][2330306][141]CRTCyclicEvent.cpp:TimeMissed():101|Cycle miss in event CCSICombinedRepManager. Time Overrun is 913 us[EOL]
[2026-09-22T08:51:07.855796Z][RSH.newgen-reagentstoragehandler][W][2330306][141]CRTCyclicEvent.cpp:TimeMissed():101|Cycle miss in event CCSICombinedCmdManager Cyclic Event. Time Overrun is 2231 us[EOL]
[2026-09-22T08:51:07.855831Z][RSH.newgen-reagentstoragehandler][W][2330306][141]CRTCyclicEvent.cpp:TimeMissed():101|Cycle miss in event CCSICombinedRepManager. Time Overrun is 2231 us[EOL]
[2026-09-22T08:51:10.394418Z][RSH.rfidreader][W][2330306][133]CRTCyclicEvent.cpp:TimeMissed():101|Cycle miss in event CCSICombinedCmdManager Cyclic Event. Time Overrun is 36642 us[EOL]
[2026-09-22T08:51:10.394458Z][RSH.rfidreader][W][2330306][133]CRTCyclicEvent.cpp:TimeMissed():101|Cycle miss in event CCSICombinedRepManager. Time Overrun is 36642 us[EOL]
[2026-09-22T08:51:10.410265Z][RSH.newgen-reagentstoragehandler][W][2330306][141]CRTCyclicEvent.cpp:TimeMissed():101|Cycle miss in event CCSICombinedCmdManager Cyclic Event. Time Overrun is 6698 us[EOL]
[2026-09-22T08:51:10.410307Z][RSH.newgen-reagentstoragehandler][W][2330306][141]CRTCyclicEvent.cpp:TimeMissed():101|Cycle miss in event CCSICombinedRepManager. Time Overrun is 6698 us[EOL]
[2026-09-22T08:51:11.666286Z][RSH.newgen-reagentstoragehandler][W][2330306][141]CRTCyclicEvent.cpp:TimeMissed():101|Cycle miss in event CCSICombinedCmdManager Cyclic Event. Time Overrun is 2721 us[EOL]
[2026-09-22T08:51:11.666319Z][RSH.newgen-reagentstoragehandler][W][2330306][141]CRTCyclicEvent.cpp:TimeMissed():101|Cycle miss in event CCSICombinedRepManager. Time Overrun is 2721 us[EOL]
[2026-09-22T08:51:13.110347Z][RSH.newgen-reagentstoragehandler][W][2330306][141]CRTCyclicEvent.cpp:TimeMissed():101|Cycle miss in event CCSICombinedCmdManager Cyclic Event. Time Overrun is 16783 us[EOL]
[2026-09-22T08:51:13.110384Z][RSH.newgen-reagentstoragehandler][W][2330306][141]CRTCyclicEvent.cpp:TimeMissed():101|Cycle miss in event CCSICombinedRepManager. Time Overrun is 16783 us[EOL]
[2026-09-22T08:51:13.173370Z][RSH.rfidreader][W][2330306][133]CRTCyclicEvent.cpp:TimeMissed():101|Cycle miss in event CCSICombinedCmdManager Cyclic Event. Time Overrun is 75595 us[EOL]
[2026-09-22T08:51:13.173404Z][RSH.rfidreader][W][2330306][133]CRTCyclicEvent.cpp:TimeMissed():101|Cycle miss in event CCSICombinedRepManager. Time Overrun is 75595 us[EOL]
[2026-09-22T08:51:13.347578Z][RSH.newgen-reagentstoragehandler][W][2330306][141]CRTCyclicEvent.cpp:TimeMissed():101|Cycle miss in event CCSICombinedCmdManager Cyclic Event. Time Overrun is 4012 us[EOL]
[2026-09-22T08:51:13.350567Z][RSH.rfidreader][W][2330306][133]CRTCyclicEvent.cpp:TimeMissed():101|Cycle miss in event CCSICombinedCmdManager Cyclic Event. Time Overrun is 2784 us[EOL]
[2026-09-22T08:51:13.347614Z][RSH.newgen-reagentstoragehandler][W][2330306][141]CRTCyclicEvent.cpp:TimeMissed():101|Cycle miss in event CCSICombinedRepManager. Time Overrun is 4012 us[EOL]
[2026-09-22T08:51:13.350623Z][RSH.rfidreader][W][2330306][133]CRTCyclicEvent.cpp:TimeMissed():101|Cycle miss in event CCSICombinedRepManager. Time Overrun is 2784 us[EOL]
[2026-09-22T08:51:24.370547Z][RSH.newgen-reagentstoragehandler][W][2330306][141]CRTCyclicEvent.cpp:TimeMissed():101|Cycle miss in event CCSICombinedCmdManager Cyclic Event. Time Overrun is 6978 us[EOL]
[2026-09-22T08:51:24.370909Z][RSH.rfidreader][W][2330306][133]CRTCyclicEvent.cpp:TimeMissed():101|Cycle miss in event CCSICombinedCmdManager Cyclic Event. Time Overrun is 3135 us[EOL]
[2026-09-22T08:51:24.370584Z][RSH.newgen-reagentstoragehandler][W][2330306][141]CRTCyclicEvent.cpp:TimeMissed():101|Cycle miss in event CCSICombinedRepManager. Time Overrun is 6978 us[EOL]
[2026-09-22T08:51:24.370942Z][RSH.rfidreader][W][2330306][133]CRTCyclicEvent.cpp:TimeMissed():101|Cycle miss in event CCSICombinedRepManager. Time Overrun is 3135 us[EOL]
[2026-09-22T08:51:28.683815Z][RSH.newgen-reagentstoragehandler][I][2560016][141]IMessageHandler.h:operator()():40|Received RabbitMqMessage Roche.MolLab.InstrumentState.Ping. Content: {"Timestamp":"2026-09-22T08:51:28.673576Z","PingId":"IS43"}[EOL]
[2026-09-22T08:51:28.683865Z][RSH.newgen-reagentstoragehandler][I][844444436][141]UnitCommunicator.cpp:SendEvent():424|Publishing event: type=Roche.c68_8800.ReagentStorageHandler.Echo correlation_id=(n/a)[EOL]
[2026-09-22T08:51:28.683889Z][RSH.newgen-reagentstoragehandler][I][2560017][141]MessageSender.h:SendEvent():105|Sent RabbitMqEvent Roche.c68_8800.ReagentStorageHandler.Echo. Content: {"Timestamp":"2026-09-22T08:51:28.683859Z","PingId":"IS43"}[EOL]
[2026-09-22T08:51:29.423653Z][RSH.newgen-reagentstoragehandler][W][2330306][141]CRTCyclicEvent.cpp:TimeMissed():101|Cycle miss in event CCSICombinedCmdManager Cyclic Event. Time Overrun is 80 us[EOL]
[2026-09-22T08:51:29.433926Z][RSH.rfidreader][W][2330306][133]CRTCyclicEvent.cpp:TimeMissed():101|Cycle miss in event CCSICombinedCmdManager Cyclic Event. Time Overrun is 6149 us[EOL]
[2026-09-22T08:51:29.433324Z][RSH.newgen-reagentstoragehandler][W][2330306][141]CRTCyclicEvent.cpp:TimeMissed():101|Cycle miss in event CCSICombinedRepManager. Time Overrun is 80 us[EOL]
[2026-09-22T08:51:29.433966Z][RSH.rfidreader][W][2330306][133]CRTCyclicEvent.cpp:TimeMissed():101|Cycle miss in event CCSICombinedRepManager. Time Overrun is 6149 us[EOL]
[2026-09-22T08:51:30.149734Z][RSH.rfidreader][W][2330306][133]CRTCyclicEvent.cpp:TimeMissed():101|Cycle miss in event CCSICombinedCmdManager Cyclic Event. Time Overrun is 1950 us[EOL]
[2026-09-22T08:51:30.149780Z][RSH.rfidreader][W][2330306][133]CRTCyclicEvent.cpp:TimeMissed():101|Cycle miss in event CCSICombinedRepManager. Time Overrun is 1950 us[EOL]
[2026-09-22T08:51:35.485656Z][RSH.newgen-reagentstoragehandler][W][2330306][141]CRTCyclicEvent.cpp:TimeMissed():101|Cycle miss in event CCSICombinedCmdManager Cyclic Event. Time Overrun is 2091 us[EOL]
[2026-09-22T08:51:35.485693Z][RSH.newgen-reagentstoragehandler][W][2330306][141]CRTCyclicEvent.cpp:TimeMissed():101|Cycle miss in event CCSICombinedRepManager. Time Overrun is 2091 us[EOL]
[2026-09-22T08:51:42.410788Z][RSH.rfidreader][W][2330306][133]CRTCyclicEvent.cpp:TimeMissed():101|Cycle miss in event CCSICombinedCmdManager Cyclic Event. Time Overrun is 3014 us[EOL]
[2026-09-22T08:51:42.410823Z][RSH.rfidreader][W][2330306][133]CRTCyclicEvent.cpp:TimeMissed():101|Cycle miss in event CCSICombinedRepManager. Time Overrun is 3014 us[EOL]
[2026-09-22T08:51:58.698266Z][RSH.newgen-reagentstoragehandler][I][2560016][141]IMessageHandler.h:operator()():40|Received RabbitMqMessage Roche.MolLab.InstrumentState.Ping. Content: {"Timestamp":"2026-09-22T08:51:58.6754465Z","PingId":"IS44"}[EOL]
[2026-09-22T08:51:58.698332Z][RSH.newgen-reagentstoragehandler][I][844444436][141]UnitCommunicator.cpp:SendEvent():424|Publishing event: type=Roche.c68_8800.ReagentStorageHandler.Echo correlation_id=(n/a)[EOL]
[2026-09-22T08:51:58.698512Z][RSH.newgen-reagentstoragehandler][I][2560017][141]MessageSender.h:SendEvent():105|Sent RabbitMqEvent Roche.c68_8800.ReagentStorageHandler.Echo. Content: {"Timestamp":"2026-09-22T08:51:58.698321Z","PingId":"IS44"}[EOL]
[2026-09-22T08:52:07.428539Z][RSH.rfidreader][W][2330306][133]CRTCyclicEvent.cpp:TimeMissed():101|Cycle miss in event CCSICombinedCmdManager Cyclic Event. Time Overrun is 10766 us[EOL]
[2026-09-22T08:52:07.428584Z][RSH.rfidreader][W][2330306][133]CRTCyclicEvent.cpp:TimeMissed():101|Cycle miss in event CCSICombinedRepManager. Time Overrun is 10766 us[EOL]
[2026-09-22T08:52:07.427966Z][RSH.newgen-reagentstoragehandler][W][2330306][141]CRTCyclicEvent.cpp:TimeMissed():101|Cycle miss in event CCSICombinedCmdManager Cyclic Event. Time Overrun is 14400 us[EOL]
[2026-09-22T08:52:07.427998Z][RSH.newgen-reagentstoragehandler][W][2330306][141]CRTCyclicEvent.cpp:TimeMissed():101|Cycle miss in event CCSICombinedRepManager. Time Overrun is 14400 us[EOL]
[2026-09-22T08:52:07.544852Z][RSH.newgen-reagentstoragehandler][W][2330306][141]CRTCyclicEvent.cpp:TimeMissed():101|Cycle miss in event CCSICombinedCmdManager Cyclic Event. Time Overrun is 1287 us[EOL]
[2026-09-22T08:52:07.544891Z][RSH.newgen-reagentstoragehandler][W][2330306][141]CRTCyclicEvent.cpp:TimeMissed():101|Cycle miss in event CCSICombinedRepManager. Time Overrun is 1287 us[EOL]
[2026-09-22T08:52:22.844338Z][RSH.newgen-reagentstoragehandler][W][2330306][141]CRTCyclicEvent.cpp:TimeMissed():101|Cycle miss in event CCSICombinedCmdManager Cyclic Event. Time Overrun is 771 us[EOL]
[2026-09-22T08:52:22.844383Z][RSH.newgen-reagentstoragehandler][W][2330306][141]CRTCyclicEvent.cpp:TimeMissed():101|Cycle miss in event CCSICombinedRepManager. Time Overrun is 771 us[EOL]
[2026-09-22T08:52:28.685845Z][RSH.newgen-reagentstoragehandler][I][2560016][141]IMessageHandler.h:operator()():40|Received RabbitMqMessage Roche.MolLab.InstrumentState.Ping. Content: {"Timestamp":"2026-09-22T08:52:28.6746619Z","PingId":"IS45"}[EOL]
[2026-09-22T08:52:28.686975Z][RSH.newgen-reagentstoragehandler][I][844444436][141]UnitCommunicator.cpp:SendEvent():424|Publishing event: type=Roche.c68_8800.ReagentStorageHandler.Echo correlation_id=(n/a)[EOL]
[2026-09-22T08:52:28.686997Z][RSH.newgen-reagentstoragehandler][I][2560017][141]MessageSender.h:SendEvent():105|Sent RabbitMqEvent Roche.c68_8800.ReagentStorageHandler.Echo. Content: {"Timestamp":"2026-09-22T08:52:28.686948Z","PingId":"IS45"}[EOL]
[2026-09-22T08:52:29.785600Z][RSH.newgen-reagentstoragehandler][W][2330306][141]CRTCyclicEvent.cpp:TimeMissed():101|Cycle miss in event CCSICombinedCmdManager Cyclic Event. Time Overrun is 2036 us[EOL]
[2026-09-22T08:52:29.785645Z][RSH.newgen-reagentstoragehandler][W][2330306][141]CRTCyclicEvent.cpp:TimeMissed():101|Cycle miss in event CCSICombinedRepManager. Time Overrun is 2036 us[EOL]
[2026-09-22T08:52:55.826732Z][RSH.rfidreader][W][2330306][133]CRTCyclicEvent.cpp:TimeMissed():101|Cycle miss in event CCSICombinedCmdManager Cyclic Event. Time Overrun is 8955 us[EOL]
[2026-09-22T08:52:55.826865Z][RSH.newgen-reagentstoragehandler][W][2330306][141]CRTCyclicEvent.cpp:TimeMissed():101|Cycle miss in event CCSICombinedCmdManager Cyclic Event. Time Overrun is 3297 us[EOL]
[2026-09-22T08:52:55.826764Z][RSH.rfidreader][W][2330306][133]CRTCyclicEvent.cpp:TimeMissed():101|Cycle miss in event CCSICombinedRepManager. Time Overrun is 8955 us[EOL]
[2026-09-22T08:52:55.826901Z][RSH.newgen-reagentstoragehandler][W][2330306][141]CRTCyclicEvent.cpp:TimeMissed():101|Cycle miss in event CCSICombinedRepManager. Time Overrun is 3297 us[EOL]
[2026-09-22T08:52:58.680147Z][RSH.newgen-reagentstoragehandler][I][2560016][141]IMessageHandler.h:operator()():40|Received RabbitMqMessage Roche.MolLab.InstrumentState.Ping. Content: {"Timestamp":"2026-09-22T08:52:58.6739846Z","PingId":"IS46"}[EOL]
[2026-09-22T08:52:58.680212Z][RSH.newgen-reagentstoragehandler][I][844444436][141]UnitCommunicator.cpp:SendEvent():424|Publishing event: type=Roche.c68_8800.ReagentStorageHandler.Echo correlation_id=(n/a)[EOL]
[2026-09-22T08:52:58.680231Z][RSH.newgen-reagentstoragehandler][I][2560017][141]MessageSender.h:SendEvent():105|Sent RabbitMqEvent Roche.c68_8800.ReagentStorageHandler.Echo. Content: {"Timestamp":"2026-09-22T08:52:58.680198Z","PingId":"IS46"}[EOL]
[2026-09-22T08:53:01.030770Z][RSH.rfidreader][W][2330306][133]CRTCyclicEvent.cpp:TimeMissed():101|Cycle miss in event CCSICombinedCmdManager Cyclic Event. Time Overrun is 2996 us[EOL]
[2026-09-22T08:53:01.030806Z][RSH.rfidreader][W][2330306][133]CRTCyclicEvent.cpp:TimeMissed():101|Cycle miss in event CCSICombinedRepManager. Time Overrun is 2996 us[EOL]
[2026-09-22T08:53:06.078417Z][RSH.rfidreader][W][2330306][133]CRTCyclicEvent.cpp:TimeMissed():101|Cycle miss in event CCSICombinedCmdManager Cyclic Event. Time Overrun is 641 us[EOL]
[2026-09-22T08:53:06.078449Z][RSH.rfidreader][W][2330306][133]CRTCyclicEvent.cpp:TimeMissed():101|Cycle miss in event CCSICombinedRepManager. Time Overrun is 641 us[EOL]
[2026-09-22T08:53:16.255853Z][RSH.newgen-reagentstoragehandler][W][2330306][141]CRTCyclicEvent.cpp:TimeMissed():101|Cycle miss in event CCSICombinedCmdManager Cyclic Event. Time Overrun is 2290 us[EOL]
[2026-09-22T08:53:16.253492Z][RSH.rfidreader][W][2330306][133]CRTCyclicEvent.cpp:TimeMissed():101|Cycle miss in event CCSICombinedCmdManager Cyclic Event. Time Overrun is 5719 us[EOL]
[2026-09-22T08:53:16.255883Z][RSH.newgen-reagentstoragehandler][W][2330306][141]CRTCyclicEvent.cpp:TimeMissed():101|Cycle miss in event CCSICombinedRepManager. Time Overrun is 2290 us[EOL]
[2026-09-22T08:53:16.253513Z][RSH.rfidreader][W][2330306][133]CRTCyclicEvent.cpp:TimeMissed():101|Cycle miss in event CCSICombinedRepManager. Time Overrun is 5719 us[EOL]
[2026-09-22T08:53:23.610392Z][RSH.newgen-reagentstoragehandler][W][2330306][141]CRTCyclicEvent.cpp:TimeMissed():101|Cycle miss in event CCSICombinedCmdManager Cyclic Event. Time Overrun is 6829 us[EOL]
[2026-09-22T08:53:23.610420Z][RSH.newgen-reagentstoragehandler][W][2330306][141]CRTCyclicEvent.cpp:TimeMissed():101|Cycle miss in event CCSICombinedRepManager. Time Overrun is 6829 us[EOL]
[2026-09-22T08:53:23.610034Z][RSH.rfidreader][W][2330306][133]CRTCyclicEvent.cpp:TimeMissed():101|Cycle miss in event CCSICombinedCmdManager Cyclic Event. Time Overrun is 12261 us[EOL]
[2026-09-22T08:53:23.610056Z][RSH.rfidreader][W][2330306][133]CRTCyclicEvent.cpp:TimeMissed():101|Cycle miss in event CCSICombinedRepManager. Time Overrun is 12261 us[EOL]
[2026-09-22T08:53:28.690535Z][RSH.newgen-reagentstoragehandler][I][2560016][141]IMessageHandler.h:operator()():40|Received RabbitMqMessage Roche.MolLab.InstrumentState.Ping. Content: {"Timestamp":"2026-09-22T08:53:28.6752665Z","PingId":"IS47"}[EOL]
[2026-09-22T08:53:28.690581Z][RSH.newgen-reagentstoragehandler][I][844444436][141]UnitCommunicator.cpp:SendEvent():424|Publishing event: type=Roche.c68_8800.ReagentStorageHandler.Echo correlation_id=(n/a)[EOL]
[2026-09-22T08:53:28.690602Z][RSH.newgen-reagentstoragehandler][I][2560017][141]MessageSender.h:SendEvent():105|Sent RabbitMqEvent Roche.c68_8800.ReagentStorageHandler.Echo. Content: {"Timestamp":"2026-09-22T08:53:28.690576Z","PingId":"IS47"}[EOL]
[2026-09-22T08:53:28.727728Z][RSH.rfidreader][W][2330306][133]CRTCyclicEvent.cpp:TimeMissed():101|Cycle miss in event CCSICombinedCmdManager Cyclic Event. Time Overrun is 9953 us[EOL]
[2026-09-22T08:53:28.727751Z][RSH.rfidreader][W][2330306][133]CRTCyclicEvent.cpp:TimeMissed():101|Cycle miss in event CCSICombinedRepManager. Time Overrun is 9953 us[EOL]
[2026-09-22T08:53:28.727949Z][RSH.newgen-reagentstoragehandler][W][2330306][141]CRTCyclicEvent.cpp:TimeMissed():101|Cycle miss in event CCSICombinedCmdManager Cyclic Event. Time Overrun is 4385 us[EOL]
[2026-09-22T08:53:28.728016Z][RSH.newgen-reagentstoragehandler][W][2330306][141]CRTCyclicEvent.cpp:TimeMissed():101|Cycle miss in event CCSICombinedRepManager. Time Overrun is 4385 us[EOL]
[2026-09-22T08:53:33.880810Z][RSH.rfidreader][W][2330306][133]CRTCyclicEvent.cpp:TimeMissed():101|Cycle miss in event CCSICombinedCmdManager Cyclic Event. Time Overrun is 3037 us[EOL]
[2026-09-22T08:53:33.880835Z][RSH.rfidreader][W][2330306][133]CRTCyclicEvent.cpp:TimeMissed():101|Cycle miss in event CCSICombinedRepManager. Time Overrun is 3037 us[EOL]
[2026-09-22T08:53:53.619265Z][RSH.newgen-reagentstoragehandler][W][2330306][141]CRTCyclicEvent.cpp:TimeMissed():101|Cycle miss in event CCSICombinedCmdManager Cyclic Event. Time Overrun is 15699 us[EOL]
[2026-09-22T08:53:53.619302Z][RSH.newgen-reagentstoragehandler][W][2330306][141]CRTCyclicEvent.cpp:TimeMissed():101|Cycle miss in event CCSICombinedRepManager. Time Overrun is 15699 us[EOL]
[2026-09-22T08:53:53.620156Z][RSH.rfidreader][W][2330306][133]CRTCyclicEvent.cpp:TimeMissed():101|Cycle miss in event CCSICombinedCmdManager Cyclic Event. Time Overrun is 12383 us[EOL]
[2026-09-22T08:53:53.620179Z][RSH.rfidreader][W][2330306][133]CRTCyclicEvent.cpp:TimeMissed():101|Cycle miss in event CCSICombinedRepManager. Time Overrun is 12383 us[EOL]
[2026-09-22T08:53:54.910358Z][RSH.rfidreader][W][2330306][133]CRTCyclicEvent.cpp:TimeMissed():101|Cycle miss in event CCSICombinedCmdManager Cyclic Event. Time Overrun is 12585 us[EOL]
[2026-09-22T08:53:54.910593Z][RSH.newgen-reagentstoragehandler][W][2330306][141]CRTCyclicEvent.cpp:TimeMissed():101|Cycle miss in event CCSICombinedCmdManager Cyclic Event. Time Overrun is 7030 us[EOL]
[2026-09-22T08:53:54.910382Z][RSH.rfidreader][W][2330306][133]CRTCyclicEvent.cpp:TimeMissed():101|Cycle miss in event CCSICombinedRepManager. Time Overrun is 12585 us[EOL]
[2026-09-22T08:53:54.910623Z][RSH.newgen-reagentstoragehandler][W][2330306][141]CRTCyclicEvent.cpp:TimeMissed():101|Cycle miss in event CCSICombinedRepManager. Time Overrun is 7030 us[EOL]
[2026-09-22T08:53:57.046526Z][RSH.newgen-reagentstoragehandler][W][2330306][141]CRTCyclicEvent.cpp:TimeMissed():101|Cycle miss in event CCSICombinedCmdManager Cyclic Event. Time Overrun is 12961 us[EOL]
[2026-09-22T08:53:57.046564Z][RSH.newgen-reagentstoragehandler][W][2330306][141]CRTCyclicEvent.cpp:TimeMissed():101|Cycle miss in event CCSICombinedRepManager. Time Overrun is 12961 us[EOL]
[2026-09-22T08:53:57.047192Z][RSH.rfidreader][W][2330306][133]CRTCyclicEvent.cpp:TimeMissed():101|Cycle miss in event CCSICombinedCmdManager Cyclic Event. Time Overrun is 19415 us[EOL]
[2026-09-22T08:53:57.047372Z][RSH.rfidreader][W][2330306][133]CRTCyclicEvent.cpp:TimeMissed():101|Cycle miss in event CCSICombinedRepManager. Time Overrun is 19415 us[EOL]
[2026-09-22T08:53:58.678732Z][RSH.newgen-reagentstoragehandler][I][2560016][141]IMessageHandler.h:operator()():40|Received RabbitMqMessage Roche.MolLab.InstrumentState.Ping. Content: {"Timestamp":"2026-09-22T08:53:58.673581Z","PingId":"IS48"}[EOL]
[2026-09-22T08:53:58.678767Z][RSH.newgen-reagentstoragehandler][I][844444436][141]UnitCommunicator.cpp:SendEvent():424|Publishing event: type=Roche.c68_8800.ReagentStorageHandler.Echo correlation_id=(n/a)[EOL]
[2026-09-22T08:53:58.678787Z][RSH.newgen-reagentstoragehandler][I][2560017][141]MessageSender.h:SendEvent():105|Sent RabbitMqEvent Roche.c68_8800.ReagentStorageHandler.Echo. Content: {"Timestamp":"2026-09-22T08:53:58.678762Z","PingId":"IS48"}[EOL]
[2026-09-22T08:54:07.220412Z][RSH.rfidreader][W][2330306][133]CRTCyclicEvent.cpp:TimeMissed():101|Cycle miss in event CCSICombinedCmdManager Cyclic Event. Time Overrun is 12638 us[EOL]
[2026-09-22T08:54:07.220441Z][RSH.rfidreader][W][2330306][133]CRTCyclicEvent.cpp:TimeMissed():101|Cycle miss in event CCSICombinedRepManager. Time Overrun is 12638 us[EOL]
[2026-09-22T08:54:07.220947Z][RSH.newgen-reagentstoragehandler][W][2330306][141]CRTCyclicEvent.cpp:TimeMissed():101|Cycle miss in event CCSICombinedCmdManager Cyclic Event. Time Overrun is 7385 us[EOL]
[2026-09-22T08:54:07.220967Z][RSH.newgen-reagentstoragehandler][W][2330306][141]CRTCyclicEvent.cpp:TimeMissed():101|Cycle miss in event CCSICombinedRepManager. Time Overrun is 7385 us[EOL]
[2026-09-22T08:54:07.880679Z][RSH.rfidreader][W][2330306][133]CRTCyclicEvent.cpp:TimeMissed():101|Cycle miss in event CCSICombinedCmdManager Cyclic Event. Time Overrun is 2901 us[EOL]
[2026-09-22T08:54:07.880709Z][RSH.rfidreader][W][2330306][133]CRTCyclicEvent.cpp:TimeMissed():101|Cycle miss in event CCSICombinedRepManager. Time Overrun is 2901 us[EOL]
[2026-09-22T08:54:13.369696Z][RSH.newgen-reagentstoragehandler][W][2330306][141]CRTCyclicEvent.cpp:TimeMissed():101|Cycle miss in event CCSICombinedCmdManager Cyclic Event. Time Overrun is 6133 us[EOL]
[2026-09-22T08:54:13.369728Z][RSH.newgen-reagentstoragehandler][W][2330306][141]CRTCyclicEvent.cpp:TimeMissed():101|Cycle miss in event CCSICombinedRepManager. Time Overrun is 6133 us[EOL]
[2026-09-22T08:54:13.369488Z][RSH.rfidreader][W][2330306][133]CRTCyclicEvent.cpp:TimeMissed():101|Cycle miss in event CCSICombinedCmdManager Cyclic Event. Time Overrun is 11715 us[EOL]
[2026-09-22T08:54:13.369510Z][RSH.rfidreader][W][2330306][133]CRTCyclicEvent.cpp:TimeMissed():101|Cycle miss in event CCSICombinedRepManager. Time Overrun is 11715 us[EOL]
[2026-09-22T08:54:16.653183Z][RSH.rfidreader][W][2330306][133]CRTCyclicEvent.cpp:TimeMissed():101|Cycle miss in event CCSICombinedCmdManager Cyclic Event. Time Overrun is 5411 us[EOL]
[2026-09-22T08:54:16.653206Z][RSH.rfidreader][W][2330306][133]CRTCyclicEvent.cpp:TimeMissed():101|Cycle miss in event CCSICombinedRepManager. Time Overrun is 5411 us[EOL]
[2026-09-22T08:54:16.653487Z][RSH.newgen-reagentstoragehandler][W][2330306][141]CRTCyclicEvent.cpp:TimeMissed():101|Cycle miss in event CCSICombinedCmdManager Cyclic Event. Time Overrun is 9922 us[EOL]
[2026-09-22T08:54:16.653515Z][RSH.newgen-reagentstoragehandler][W][2330306][141]CRTCyclicEvent.cpp:TimeMissed():101|Cycle miss in event CCSICombinedRepManager. Time Overrun is 9922 us[EOL]
[2026-09-22T08:54:19.477412Z][RSH.newgen-reagentstoragehandler][W][2330306][141]CRTCyclicEvent.cpp:TimeMissed():101|Cycle miss in event CCSICombinedCmdManager Cyclic Event. Time Overrun is 33849 us[EOL]
[2026-09-22T08:54:19.477445Z][RSH.newgen-reagentstoragehandler][W][2330306][141]CRTCyclicEvent.cpp:TimeMissed():101|Cycle miss in event CCSICombinedRepManager. Time Overrun is 33849 us[EOL]
[2026-09-22T08:54:19.477086Z][RSH.rfidreader][W][2330306][133]CRTCyclicEvent.cpp:TimeMissed():101|Cycle miss in event CCSICombinedCmdManager Cyclic Event. Time Overrun is 39306 us[EOL]
[2026-09-22T08:54:19.477142Z][RSH.rfidreader][W][2330306][133]CRTCyclicEvent.cpp:TimeMissed():101|Cycle miss in event CCSICombinedRepManager. Time Overrun is 39306 us[EOL]
[2026-09-22T08:54:20.562058Z][RSH.rfidreader][W][2330306][133]CRTCyclicEvent.cpp:TimeMissed():101|Cycle miss in event CCSICombinedCmdManager Cyclic Event. Time Overrun is 14284 us[EOL]
[2026-09-22T08:54:20.562084Z][RSH.rfidreader][W][2330306][133]CRTCyclicEvent.cpp:TimeMissed():101|Cycle miss in event CCSICombinedRepManager. Time Overrun is 14284 us[EOL]
[2026-09-22T08:54:20.563906Z][RSH.newgen-reagentstoragehandler][W][2330306][141]CRTCyclicEvent.cpp:TimeMissed():101|Cycle miss in event CCSICombinedCmdManager Cyclic Event. Time Overrun is 10344 us[EOL]
[2026-09-22T08:54:20.563927Z][RSH.newgen-reagentstoragehandler][W][2330306][141]CRTCyclicEvent.cpp:TimeMissed():101|Cycle miss in event CCSICombinedRepManager. Time Overrun is 10344 us[EOL]
[2026-09-22T08:54:23.496303Z][RSH.rfidreader][W][2330306][133]CRTCyclicEvent.cpp:TimeMissed():101|Cycle miss in event CCSICombinedCmdManager Cyclic Event. Time Overrun is 8404 us[EOL]
[2026-09-22T08:54:23.496337Z][RSH.rfidreader][W][2330306][133]CRTCyclicEvent.cpp:TimeMissed():101|Cycle miss in event CCSICombinedRepManager. Time Overrun is 8404 us[EOL]
[2026-09-22T08:54:23.494771Z][RSH.newgen-reagentstoragehandler][W][2330306][141]CRTCyclicEvent.cpp:TimeMissed():101|Cycle miss in event CCSICombinedCmdManager Cyclic Event. Time Overrun is 11209 us[EOL]
[2026-09-22T08:54:23.494792Z][RSH.newgen-reagentstoragehandler][W][2330306][141]CRTCyclicEvent.cpp:TimeMissed():101|Cycle miss in event CCSICombinedRepManager. Time Overrun is 11209 us[EOL]
[2026-09-22T08:54:28.677322Z][RSH.newgen-reagentstoragehandler][I][2560016][141]IMessageHandler.h:operator()():40|Received RabbitMqMessage Roche.MolLab.InstrumentState.Ping. Content: {"Timestamp":"2026-09-22T08:54:28.6739602Z","PingId":"IS49"}[EOL]
[2026-09-22T08:54:28.677389Z][RSH.newgen-reagentstoragehandler][I][844444436][141]UnitCommunicator.cpp:SendEvent():424|Publishing event: type=Roche.c68_8800.ReagentStorageHandler.Echo correlation_id=(n/a)[EOL]
[2026-09-22T08:54:28.677411Z][RSH.newgen-reagentstoragehandler][I][2560017][141]MessageSender.h:SendEvent():105|Sent RabbitMqEvent Roche.c68_8800.ReagentStorageHandler.Echo. Content: {"Timestamp":"2026-09-22T08:54:28.677378Z","PingId":"IS49"}[EOL]
[2026-09-22T08:54:36.439659Z][RSH.rfidreader][W][2330306][133]CRTCyclicEvent.cpp:TimeMissed():101|Cycle miss in event CCSICombinedCmdManager Cyclic Event. Time Overrun is 1887 us[EOL]
[2026-09-22T08:54:36.439682Z][RSH.rfidreader][W][2330306][133]CRTCyclicEvent.cpp:TimeMissed():101|Cycle miss in event CCSICombinedRepManager. Time Overrun is 1887 us[EOL]
[2026-09-22T08:54:38.568049Z][RSH.newgen-reagentstoragehandler][W][2330306][141]CRTCyclicEvent.cpp:TimeMissed():101|Cycle miss in event CCSICombinedCmdManager Cyclic Event. Time Overrun is 4486 us[EOL]
[2026-09-22T08:54:38.568075Z][RSH.newgen-reagentstoragehandler][W][2330306][141]CRTCyclicEvent.cpp:TimeMissed():101|Cycle miss in event CCSICombinedRepManager. Time Overrun is 4486 us[EOL]
[2026-09-22T08:54:38.570325Z][RSH.rfidreader][W][2330306][133]CRTCyclicEvent.cpp:TimeMissed():101|Cycle miss in event CCSICombinedCmdManager Cyclic Event. Time Overrun is 2551 us[EOL]
[2026-09-22T08:54:38.570346Z][RSH.rfidreader][W][2330306][133]CRTCyclicEvent.cpp:TimeMissed():101|Cycle miss in event CCSICombinedRepManager. Time Overrun is 2551 us[EOL]
[2026-09-22T08:54:42.728298Z][RSH.rfidreader][W][2330306][133]CRTCyclicEvent.cpp:TimeMissed():101|Cycle miss in event CCSICombinedCmdManager Cyclic Event. Time Overrun is 525 us[EOL]
[2026-09-22T08:54:42.728325Z][RSH.rfidreader][W][2330306][133]CRTCyclicEvent.cpp:TimeMissed():101|Cycle miss in event CCSICombinedRepManager. Time Overrun is 525 us[EOL]
[2026-09-22T08:54:42.727977Z][RSH.newgen-reagentstoragehandler][W][2330306][141]CRTCyclicEvent.cpp:TimeMissed():101|Cycle miss in event CCSICombinedCmdManager Cyclic Event. Time Overrun is 4413 us[EOL]
[2026-09-22T08:54:42.728003Z][RSH.newgen-reagentstoragehandler][W][2330306][141]CRTCyclicEvent.cpp:TimeMissed():101|Cycle miss in event CCSICombinedRepManager. Time Overrun is 4413 us[EOL]
[2026-09-22T08:54:43.794174Z][RSH.rfidreader][W][2330306][133]CRTCyclicEvent.cpp:TimeMissed():101|Cycle miss in event CCSICombinedCmdManager Cyclic Event. Time Overrun is 6400 us[EOL]
[2026-09-22T08:54:43.794245Z][RSH.rfidreader][W][2330306][133]CRTCyclicEvent.cpp:TimeMissed():101|Cycle miss in event CCSICombinedRepManager. Time Overrun is 6400 us[EOL]
[2026-09-22T08:54:58.682246Z][RSH.newgen-reagentstoragehandler][I][2560016][141]IMessageHandler.h:operator()():40|Received RabbitMqMessage Roche.MolLab.InstrumentState.Ping. Content: {"Timestamp":"2026-09-22T08:54:58.6734986Z","PingId":"IS50"}[EOL]
[2026-09-22T08:54:58.682283Z][RSH.newgen-reagentstoragehandler][I][844444436][141]UnitCommunicator.cpp:SendEvent():424|Publishing event: type=Roche.c68_8800.ReagentStorageHandler.Echo correlation_id=(n/a)[EOL]
[2026-09-22T08:54:58.682305Z][RSH.newgen-reagentstoragehandler][I][2560017][141]MessageSender.h:SendEvent():105|Sent RabbitMqEvent Roche.c68_8800.ReagentStorageHandler.Echo. Content: {"Timestamp":"2026-09-22T08:54:58.682278Z","PingId":"IS50"}[EOL]
[2026-09-22T08:55:04.425232Z][RSH.newgen-reagentstoragehandler][W][2330306][141]CRTCyclicEvent.cpp:TimeMissed():101|Cycle miss in event CCSICombinedCmdManager Cyclic Event. Time Overrun is 1668 us[EOL]
[2026-09-22T08:55:04.425265Z][RSH.newgen-reagentstoragehandler][W][2330306][141]CRTCyclicEvent.cpp:TimeMissed():101|Cycle miss in event CCSICombinedRepManager. Time Overrun is 1668 us[EOL]
[2026-09-22T08:55:15.010400Z][RSH.newgen-reagentstoragehandler][W][2330306][141]CRTCyclicEvent.cpp:TimeMissed():101|Cycle miss in event CCSICombinedCmdManager Cyclic Event. Time Overrun is 6835 us[EOL]
[2026-09-22T08:55:15.010439Z][RSH.newgen-reagentstoragehandler][W][2330306][141]CRTCyclicEvent.cpp:TimeMissed():101|Cycle miss in event CCSICombinedRepManager. Time Overrun is 6835 us[EOL]
[2026-09-22T08:55:19.751553Z][RSH.rfidreader][W][2330306][133]CRTCyclicEvent.cpp:TimeMissed():101|Cycle miss in event CCSICombinedCmdManager Cyclic Event. Time Overrun is 3778 us[EOL]
[2026-09-22T08:55:19.750642Z][RSH.newgen-reagentstoragehandler][W][2330306][141]CRTCyclicEvent.cpp:TimeMissed():101|Cycle miss in event CCSICombinedCmdManager Cyclic Event. Time Overrun is 7079 us[EOL]
[2026-09-22T08:55:19.750663Z][RSH.newgen-reagentstoragehandler][W][2330306][141]CRTCyclicEvent.cpp:TimeMissed():101|Cycle miss in event CCSICombinedRepManager. Time Overrun is 7079 us[EOL]
[2026-09-22T08:55:19.751602Z][RSH.rfidreader][W][2330306][133]CRTCyclicEvent.cpp:TimeMissed():101|Cycle miss in event CCSICombinedRepManager. Time Overrun is 3778 us[EOL]
[2026-09-22T08:55:27.957519Z][RSH.newgen-reagentstoragehandler][W][2330306][141]CRTCyclicEvent.cpp:TimeMissed():101|Cycle miss in event CCSICombinedCmdManager Cyclic Event. Time Overrun is 3956 us[EOL]
[2026-09-22T08:55:27.957538Z][RSH.newgen-reagentstoragehandler][W][2330306][141]CRTCyclicEvent.cpp:TimeMissed():101|Cycle miss in event CCSICombinedRepManager. Time Overrun is 3956 us[EOL]
[2026-09-22T08:55:28.680263Z][RSH.newgen-reagentstoragehandler][I][2560016][141]IMessageHandler.h:operator()():40|Received RabbitMqMessage Roche.MolLab.InstrumentState.Ping. Content: {"Timestamp":"2026-09-22T08:55:28.6758861Z","PingId":"IS51"}[EOL]
[2026-09-22T08:55:28.680343Z][RSH.newgen-reagentstoragehandler][I][844444436][141]UnitCommunicator.cpp:SendEvent():424|Publishing event: type=Roche.c68_8800.ReagentStorageHandler.Echo correlation_id=(n/a)[EOL]
[2026-09-22T08:55:28.680391Z][RSH.newgen-reagentstoragehandler][I][2560017][141]MessageSender.h:SendEvent():105|Sent RabbitMqEvent Roche.c68_8800.ReagentStorageHandler.Echo. Content: {"Timestamp":"2026-09-22T08:55:28.680334Z","PingId":"IS51"}[EOL]
[2026-09-22T08:55:37.860639Z][RSH.rfidreader][W][2330306][133]CRTCyclicEvent.cpp:TimeMissed():101|Cycle miss in event CCSICombinedCmdManager Cyclic Event. Time Overrun is 2867 us[EOL]
[2026-09-22T08:55:37.860667Z][RSH.rfidreader][W][2330306][133]CRTCyclicEvent.cpp:TimeMissed():101|Cycle miss in event CCSICombinedRepManager. Time Overrun is 2867 us[EOL]
[2026-09-22T08:55:37.860676Z][RSH.newgen-reagentstoragehandler][W][2330306][141]CRTCyclicEvent.cpp:TimeMissed():101|Cycle miss in event CCSICombinedCmdManager Cyclic Event. Time Overrun is 7112 us[EOL]
[2026-09-22T08:55:37.860760Z][RSH.newgen-reagentstoragehandler][W][2330306][141]CRTCyclicEvent.cpp:TimeMissed():101|Cycle miss in event CCSICombinedRepManager. Time Overrun is 7112 us[EOL]
[2026-09-22T08:55:40.725041Z][RSH.newgen-reagentstoragehandler][W][2330306][141]CRTCyclicEvent.cpp:TimeMissed():101|Cycle miss in event CCSICombinedCmdManager Cyclic Event. Time Overrun is 1477 us[EOL]
[2026-09-22T08:55:40.725075Z][RSH.newgen-reagentstoragehandler][W][2330306][141]CRTCyclicEvent.cpp:TimeMissed():101|Cycle miss in event CCSICombinedRepManager. Time Overrun is 1477 us[EOL]
[2026-09-22T08:55:46.521368Z][RSH.rfidreader][W][2330306][133]CRTCyclicEvent.cpp:TimeMissed():101|Cycle miss in event CCSICombinedCmdManager Cyclic Event. Time Overrun is 13595 us[EOL]
[2026-09-22T08:55:46.524536Z][RSH.newgen-reagentstoragehandler][W][2330306][141]CRTCyclicEvent.cpp:TimeMissed():101|Cycle miss in event CCSICombinedCmdManager Cyclic Event. Time Overrun is 10972 us[EOL]
[2026-09-22T08:55:46.521390Z][RSH.rfidreader][W][2330306][133]CRTCyclicEvent.cpp:TimeMissed():101|Cycle miss in event CCSICombinedRepManager. Time Overrun is 13595 us[EOL]
[2026-09-22T08:55:46.524589Z][RSH.newgen-reagentstoragehandler][W][2330306][141]CRTCyclicEvent.cpp:TimeMissed():101|Cycle miss in event CCSICombinedRepManager. Time Overrun is 10972 us[EOL]
[2026-09-22T08:55:54.646348Z][RSH.newgen-reagentstoragehandler][W][2330306][141]CRTCyclicEvent.cpp:TimeMissed():101|Cycle miss in event CCSICombinedCmdManager Cyclic Event. Time Overrun is 12784 us[EOL]
[2026-09-22T08:55:54.646384Z][RSH.newgen-reagentstoragehandler][W][2330306][141]CRTCyclicEvent.cpp:TimeMissed():101|Cycle miss in event CCSICombinedRepManager. Time Overrun is 12784 us[EOL]
[2026-09-22T08:55:54.645909Z][RSH.rfidreader][W][2330306][133]CRTCyclicEvent.cpp:TimeMissed():101|Cycle miss in event CCSICombinedCmdManager Cyclic Event. Time Overrun is 18135 us[EOL]
[2026-09-22T08:55:54.645936Z][RSH.rfidreader][W][2330306][133]CRTCyclicEvent.cpp:TimeMissed():101|Cycle miss in event CCSICombinedRepManager. Time Overrun is 18135 us[EOL]
[2026-09-22T08:55:57.864091Z][RSH.newgen-reagentstoragehandler][W][2330306][141]CRTCyclicEvent.cpp:TimeMissed():101|Cycle miss in event CCSICombinedCmdManager Cyclic Event. Time Overrun is 516 us[EOL]
[2026-09-22T08:55:57.864143Z][RSH.newgen-reagentstoragehandler][W][2330306][141]CRTCyclicEvent.cpp:TimeMissed():101|Cycle miss in event CCSICombinedRepManager. Time Overrun is 516 us[EOL]
[2026-09-22T08:55:58.697936Z][RSH.newgen-reagentstoragehandler][I][2560016][141]IMessageHandler.h:operator()():40|Received RabbitMqMessage Roche.MolLab.InstrumentState.Ping. Content: {"Timestamp":"2026-09-22T08:55:58.6739365Z","PingId":"IS52"}[EOL]
[2026-09-22T08:55:58.697986Z][RSH.newgen-reagentstoragehandler][I][844444436][141]UnitCommunicator.cpp:SendEvent():424|Publishing event: type=Roche.c68_8800.ReagentStorageHandler.Echo correlation_id=(n/a)[EOL]
[2026-09-22T08:55:58.698593Z][RSH.newgen-reagentstoragehandler][I][2560017][141]MessageSender.h:SendEvent():105|Sent RabbitMqEvent Roche.c68_8800.ReagentStorageHandler.Echo. Content: {"Timestamp":"2026-09-22T08:55:58.697979Z","PingId":"IS52"}[EOL]
[2026-09-22T08:56:01.147896Z][RSH.rfidreader][W][2330306][133]CRTCyclicEvent.cpp:TimeMissed():101|Cycle miss in event CCSICombinedCmdManager Cyclic Event. Time Overrun is 122 us[EOL]
[2026-09-22T08:56:01.147927Z][RSH.rfidreader][W][2330306][133]CRTCyclicEvent.cpp:TimeMissed():101|Cycle miss in event CCSICombinedRepManager. Time Overrun is 122 us[EOL]
[2026-09-22T08:56:05.816281Z][RSH.newgen-reagentstoragehandler][W][2330306][141]CRTCyclicEvent.cpp:TimeMissed():101|Cycle miss in event CCSICombinedCmdManager Cyclic Event. Time Overrun is 2711 us[EOL]
[2026-09-22T08:56:05.816314Z][RSH.newgen-reagentstoragehandler][W][2330306][141]CRTCyclicEvent.cpp:TimeMissed():101|Cycle miss in event CCSICombinedRepManager. Time Overrun is 2711 us[EOL]
[2026-09-22T08:56:07.110625Z][RSH.rfidreader][W][2330306][133]CRTCyclicEvent.cpp:TimeMissed():101|Cycle miss in event CCSICombinedCmdManager Cyclic Event. Time Overrun is 2851 us[EOL]
[2026-09-22T08:56:07.110668Z][RSH.rfidreader][W][2330306][133]CRTCyclicEvent.cpp:TimeMissed():101|Cycle miss in event CCSICombinedRepManager. Time Overrun is 2851 us[EOL]
[2026-09-22T08:56:09.908943Z][RSH.rfidreader][W][2330306][133]CRTCyclicEvent.cpp:TimeMissed():101|Cycle miss in event CCSICombinedCmdManager Cyclic Event. Time Overrun is 1163 us[EOL]
[2026-09-22T08:56:09.909023Z][RSH.rfidreader][W][2330306][133]CRTCyclicEvent.cpp:TimeMissed():101|Cycle miss in event CCSICombinedRepManager. Time Overrun is 1163 us[EOL]
[2026-09-22T08:56:09.909449Z][RSH.newgen-reagentstoragehandler][W][2330306][141]CRTCyclicEvent.cpp:TimeMissed():101|Cycle miss in event CCSICombinedCmdManager Cyclic Event. Time Overrun is 5886 us[EOL]
[2026-09-22T08:56:09.909474Z][RSH.newgen-reagentstoragehandler][W][2330306][141]CRTCyclicEvent.cpp:TimeMissed():101|Cycle miss in event CCSICombinedRepManager. Time Overrun is 5886 us[EOL]
[2026-09-22T08:56:12.906699Z][RSH.rfidreader][W][2330306][133]CRTCyclicEvent.cpp:TimeMissed():101|Cycle miss in event CCSICombinedCmdManager Cyclic Event. Time Overrun is 8925 us[EOL]
[2026-09-22T08:56:12.906730Z][RSH.rfidreader][W][2330306][133]CRTCyclicEvent.cpp:TimeMissed():101|Cycle miss in event CCSICombinedRepManager. Time Overrun is 8925 us[EOL]
[2026-09-22T08:56:12.907178Z][RSH.newgen-reagentstoragehandler][W][2330306][141]CRTCyclicEvent.cpp:TimeMissed():101|Cycle miss in event CCSICombinedCmdManager Cyclic Event. Time Overrun is 3615 us[EOL]
[2026-09-22T08:56:12.907208Z][RSH.newgen-reagentstoragehandler][W][2330306][141]CRTCyclicEvent.cpp:TimeMissed():101|Cycle miss in event CCSICombinedRepManager. Time Overrun is 3615 us[EOL]
[2026-09-22T08:56:13.149922Z][RSH.rfidreader][W][2330306][133]CRTCyclicEvent.cpp:TimeMissed():101|Cycle miss in event CCSICombinedCmdManager Cyclic Event. Time Overrun is 2149 us[EOL]
[2026-09-22T08:56:13.149942Z][RSH.rfidreader][W][2330306][133]CRTCyclicEvent.cpp:TimeMissed():101|Cycle miss in event CCSICombinedRepManager. Time Overrun is 2149 us[EOL]
[2026-09-22T08:56:13.149329Z][RSH.newgen-reagentstoragehandler][W][2330306][141]CRTCyclicEvent.cpp:TimeMissed():101|Cycle miss in event CCSICombinedCmdManager Cyclic Event. Time Overrun is 5763 us[EOL]
[2026-09-22T08:56:13.149355Z][RSH.newgen-reagentstoragehandler][W][2330306][141]CRTCyclicEvent.cpp:TimeMissed():101|Cycle miss in event CCSICombinedRepManager. Time Overrun is 5763 us[EOL]
[2026-09-22T08:56:25.094234Z][RSH.newgen-reagentstoragehandler][W][2330306][141]CRTCyclicEvent.cpp:TimeMissed():101|Cycle miss in event CCSICombinedCmdManager Cyclic Event. Time Overrun is 10671 us[EOL]
[2026-09-22T08:56:25.094256Z][RSH.newgen-reagentstoragehandler][W][2330306][141]CRTCyclicEvent.cpp:TimeMissed():101|Cycle miss in event CCSICombinedRepManager. Time Overrun is 10671 us[EOL]
[2026-09-22T08:56:25.092649Z][RSH.rfidreader][W][2330306][133]CRTCyclicEvent.cpp:TimeMissed():101|Cycle miss in event CCSICombinedCmdManager Cyclic Event. Time Overrun is 14873 us[EOL]
[2026-09-22T08:56:25.092685Z][RSH.rfidreader][W][2330306][133]CRTCyclicEvent.cpp:TimeMissed():101|Cycle miss in event CCSICombinedRepManager. Time Overrun is 14873 us[EOL]
[2026-09-22T08:56:28.698868Z][RSH.newgen-reagentstoragehandler][I][2560016][141]IMessageHandler.h:operator()():40|Received RabbitMqMessage Roche.MolLab.InstrumentState.Ping. Content: {"Timestamp":"2026-09-22T08:56:28.6731202Z","PingId":"IS53"}[EOL]
[2026-09-22T08:56:28.698901Z][RSH.newgen-reagentstoragehandler][I][844444436][141]UnitCommunicator.cpp:SendEvent():424|Publishing event: type=Roche.c68_8800.ReagentStorageHandler.Echo correlation_id=(n/a)[EOL]
[2026-09-22T08:56:28.698915Z][RSH.newgen-reagentstoragehandler][I][2560017][141]MessageSender.h:SendEvent():105|Sent RabbitMqEvent Roche.c68_8800.ReagentStorageHandler.Echo. Content: {"Timestamp":"2026-09-22T08:56:28.698897Z","PingId":"IS53"}[EOL]
[2026-09-22T08:56:32.654038Z][RSH.newgen-reagentstoragehandler][W][2330306][141]CRTCyclicEvent.cpp:TimeMissed():101|Cycle miss in event CCSICombinedCmdManager Cyclic Event. Time Overrun is 473 us[EOL]
[2026-09-22T08:56:32.654068Z][RSH.newgen-reagentstoragehandler][W][2330306][141]CRTCyclicEvent.cpp:TimeMissed():101|Cycle miss in event CCSICombinedRepManager. Time Overrun is 473 us[EOL]
[2026-09-22T08:56:32.653823Z][RSH.rfidreader][W][2330306][133]CRTCyclicEvent.cpp:TimeMissed():101|Cycle miss in event CCSICombinedCmdManager Cyclic Event. Time Overrun is 6049 us[EOL]
[2026-09-22T08:56:32.653851Z][RSH.rfidreader][W][2330306][133]CRTCyclicEvent.cpp:TimeMissed():101|Cycle miss in event CCSICombinedRepManager. Time Overrun is 6049 us[EOL]
[2026-09-22T08:56:32.831059Z][RSH.newgen-reagentstoragehandler][W][2330306][141]CRTCyclicEvent.cpp:TimeMissed():101|Cycle miss in event CCSICombinedCmdManager Cyclic Event. Time Overrun is 17495 us[EOL]
[2026-09-22T08:56:32.831091Z][RSH.newgen-reagentstoragehandler][W][2330306][141]CRTCyclicEvent.cpp:TimeMissed():101|Cycle miss in event CCSICombinedRepManager. Time Overrun is 17495 us[EOL]
[2026-09-22T08:56:32.831688Z][RSH.rfidreader][W][2330306][133]CRTCyclicEvent.cpp:TimeMissed():101|Cycle miss in event CCSICombinedCmdManager Cyclic Event. Time Overrun is 13913 us[EOL]
[2026-09-22T08:56:32.831718Z][RSH.rfidreader][W][2330306][133]CRTCyclicEvent.cpp:TimeMissed():101|Cycle miss in event CCSICombinedRepManager. Time Overrun is 13913 us[EOL]
[2026-09-22T08:56:40.803503Z][RSH.rfidreader][W][2330306][133]CRTCyclicEvent.cpp:TimeMissed():101|Cycle miss in event CCSICombinedCmdManager Cyclic Event. Time Overrun is 5725 us[EOL]
[2026-09-22T08:56:40.803609Z][RSH.rfidreader][W][2330306][133]CRTCyclicEvent.cpp:TimeMissed():101|Cycle miss in event CCSICombinedRepManager. Time Overrun is 5725 us[EOL]
[2026-09-22T08:56:46.653627Z][RSH.rfidreader][W][2330306][133]CRTCyclicEvent.cpp:TimeMissed():101|Cycle miss in event CCSICombinedCmdManager Cyclic Event. Time Overrun is 35852 us[EOL]
[2026-09-22T08:56:46.638255Z][RSH.newgen-reagentstoragehandler][W][2330306][141]CRTCyclicEvent.cpp:TimeMissed():101|Cycle miss in event CCSICombinedCmdManager Cyclic Event. Time Overrun is 21930 us[EOL]
[2026-09-22T08:56:46.638363Z][RSH.newgen-reagentstoragehandler][W][2330306][141]CRTCyclicEvent.cpp:TimeMissed():101|Cycle miss in event CCSICombinedRepManager. Time Overrun is 21930 us[EOL]
[2026-09-22T08:56:46.653663Z][RSH.rfidreader][W][2330306][133]CRTCyclicEvent.cpp:TimeMissed():101|Cycle miss in event CCSICombinedRepManager. Time Overrun is 35852 us[EOL]
[2026-09-22T08:56:48.048935Z][RSH.newgen-reagentstoragehandler][W][2330306][141]CRTCyclicEvent.cpp:TimeMissed():101|Cycle miss in event CCSICombinedCmdManager Cyclic Event. Time Overrun is 5370 us[EOL]
[2026-09-22T08:56:48.048974Z][RSH.newgen-reagentstoragehandler][W][2330306][141]CRTCyclicEvent.cpp:TimeMissed():101|Cycle miss in event CCSICombinedRepManager. Time Overrun is 5370 us[EOL]
[2026-09-22T08:56:48.049066Z][RSH.rfidreader][W][2330306][133]CRTCyclicEvent.cpp:TimeMissed():101|Cycle miss in event CCSICombinedCmdManager Cyclic Event. Time Overrun is 1286 us[EOL]
[2026-09-22T08:56:48.049127Z][RSH.rfidreader][W][2330306][133]CRTCyclicEvent.cpp:TimeMissed():101|Cycle miss in event CCSICombinedRepManager. Time Overrun is 1286 us[EOL]
[2026-09-22T08:56:48.328142Z][RSH.rfidreader][W][2330306][133]CRTCyclicEvent.cpp:TimeMissed():101|Cycle miss in event CCSICombinedCmdManager Cyclic Event. Time Overrun is 10362 us[EOL]
[2026-09-22T08:56:48.324216Z][RSH.newgen-reagentstoragehandler][W][2330306][141]CRTCyclicEvent.cpp:TimeMissed():101|Cycle miss in event CCSICombinedCmdManager Cyclic Event. Time Overrun is 651 us[EOL]
[2026-09-22T08:56:48.328189Z][RSH.rfidreader][W][2330306][133]CRTCyclicEvent.cpp:TimeMissed():101|Cycle miss in event CCSICombinedRepManager. Time Overrun is 10362 us[EOL]
[2026-09-22T08:56:48.324253Z][RSH.newgen-reagentstoragehandler][W][2330306][141]CRTCyclicEvent.cpp:TimeMissed():101|Cycle miss in event CCSICombinedRepManager. Time Overrun is 651 us[EOL]
[2026-09-22T08:56:54.364819Z][RSH.newgen-reagentstoragehandler][W][2330306][141]CRTCyclicEvent.cpp:TimeMissed():101|Cycle miss in event CCSICombinedCmdManager Cyclic Event. Time Overrun is 21257 us[EOL]
[2026-09-22T08:56:54.364838Z][RSH.newgen-reagentstoragehandler][W][2330306][141]CRTCyclicEvent.cpp:TimeMissed():101|Cycle miss in event CCSICombinedRepManager. Time Overrun is 21257 us[EOL]
[2026-09-22T08:56:54.365089Z][RSH.rfidreader][W][2330306][133]CRTCyclicEvent.cpp:TimeMissed():101|Cycle miss in event CCSICombinedCmdManager Cyclic Event. Time Overrun is 17317 us[EOL]
[2026-09-22T08:56:54.365109Z][RSH.rfidreader][W][2330306][133]CRTCyclicEvent.cpp:TimeMissed():101|Cycle miss in event CCSICombinedRepManager. Time Overrun is 17317 us[EOL]
[2026-09-22T08:56:54.619876Z][RSH.rfidreader][W][2330306][133]CRTCyclicEvent.cpp:TimeMissed():101|Cycle miss in event CCSICombinedCmdManager Cyclic Event. Time Overrun is 12100 us[EOL]
[2026-09-22T08:56:54.619914Z][RSH.rfidreader][W][2330306][133]CRTCyclicEvent.cpp:TimeMissed():101|Cycle miss in event CCSICombinedRepManager. Time Overrun is 12100 us[EOL]
[2026-09-22T08:56:54.622299Z][RSH.newgen-reagentstoragehandler][W][2330306][141]CRTCyclicEvent.cpp:TimeMissed():101|Cycle miss in event CCSICombinedCmdManager Cyclic Event. Time Overrun is 8737 us[EOL]
[2026-09-22T08:56:54.622319Z][RSH.newgen-reagentstoragehandler][W][2330306][141]CRTCyclicEvent.cpp:TimeMissed():101|Cycle miss in event CCSICombinedRepManager. Time Overrun is 8737 us[EOL]
[2026-09-22T08:56:58.694283Z][RSH.newgen-reagentstoragehandler][I][2560016][141]IMessageHandler.h:operator()():40|Received RabbitMqMessage Roche.MolLab.InstrumentState.Ping. Content: {"Timestamp":"2026-09-22T08:56:58.6752332Z","PingId":"IS54"}[EOL]
[2026-09-22T08:56:58.694328Z][RSH.newgen-reagentstoragehandler][I][844444436][141]UnitCommunicator.cpp:SendEvent():424|Publishing event: type=Roche.c68_8800.ReagentStorageHandler.Echo correlation_id=(n/a)[EOL]
[2026-09-22T08:56:58.694347Z][RSH.newgen-reagentstoragehandler][I][2560017][141]MessageSender.h:SendEvent():105|Sent RabbitMqEvent Roche.c68_8800.ReagentStorageHandler.Echo. Content: {"Timestamp":"2026-09-22T08:56:58.694321Z","PingId":"IS54"}[EOL]
[2026-09-22T08:57:25.968395Z][RSH.newgen-reagentstoragehandler][W][2330306][141]CRTCyclicEvent.cpp:TimeMissed():101|Cycle miss in event CCSICombinedCmdManager Cyclic Event. Time Overrun is 14831 us[EOL]
[2026-09-22T08:57:25.968432Z][RSH.newgen-reagentstoragehandler][W][2330306][141]CRTCyclicEvent.cpp:TimeMissed():101|Cycle miss in event CCSICombinedRepManager. Time Overrun is 14831 us[EOL]
[2026-09-22T08:57:27.660046Z][RSH.rfidreader][W][2330306][133]CRTCyclicEvent.cpp:TimeMissed():101|Cycle miss in event CCSICombinedCmdManager Cyclic Event. Time Overrun is 2271 us[EOL]
[2026-09-22T08:57:27.660084Z][RSH.rfidreader][W][2330306][133]CRTCyclicEvent.cpp:TimeMissed():101|Cycle miss in event CCSICombinedRepManager. Time Overrun is 2271 us[EOL]
[2026-09-22T08:57:28.712998Z][RSH.newgen-reagentstoragehandler][I][2560016][141]IMessageHandler.h:operator()():40|Received RabbitMqMessage Roche.MolLab.InstrumentState.Ping. Content: {"Timestamp":"2026-09-22T08:57:28.6741282Z","PingId":"IS55"}[EOL]
[2026-09-22T08:57:28.713773Z][RSH.newgen-reagentstoragehandler][I][844444436][141]UnitCommunicator.cpp:SendEvent():424|Publishing event: type=Roche.c68_8800.ReagentStorageHandler.Echo correlation_id=(n/a)[EOL]
[2026-09-22T08:57:28.713918Z][RSH.newgen-reagentstoragehandler][I][2560017][141]MessageSender.h:SendEvent():105|Sent RabbitMqEvent Roche.c68_8800.ReagentStorageHandler.Echo. Content: {"Timestamp":"2026-09-22T08:57:28.713698Z","PingId":"IS55"}[EOL]
[2026-09-22T08:57:30.567098Z][RSH.newgen-reagentstoragehandler][W][2330306][141]CRTCyclicEvent.cpp:TimeMissed():101|Cycle miss in event CCSICombinedCmdManager Cyclic Event. Time Overrun is 3529 us[EOL]
[2026-09-22T08:57:30.567143Z][RSH.newgen-reagentstoragehandler][W][2330306][141]CRTCyclicEvent.cpp:TimeMissed():101|Cycle miss in event CCSICombinedRepManager. Time Overrun is 3529 us[EOL]
[2026-09-22T08:57:37.296437Z][RSH.newgen-reagentstoragehandler][W][2330306][141]CRTCyclicEvent.cpp:TimeMissed():101|Cycle miss in event CCSICombinedCmdManager Cyclic Event. Time Overrun is 2871 us[EOL]
[2026-09-22T08:57:37.296478Z][RSH.newgen-reagentstoragehandler][W][2330306][141]CRTCyclicEvent.cpp:TimeMissed():101|Cycle miss in event CCSICombinedRepManager. Time Overrun is 2871 us[EOL]
[2026-09-22T08:57:37.372322Z][RSH.rfidreader][W][2330306][133]CRTCyclicEvent.cpp:TimeMissed():101|Cycle miss in event CCSICombinedCmdManager Cyclic Event. Time Overrun is 4545 us[EOL]
[2026-09-22T08:57:37.372605Z][RSH.rfidreader][W][2330306][133]CRTCyclicEvent.cpp:TimeMissed():101|Cycle miss in event CCSICombinedRepManager. Time Overrun is 4545 us[EOL]
[2026-09-22T08:57:37.930733Z][RSH.newgen-reagentstoragehandler][W][2330306][141]CRTCyclicEvent.cpp:TimeMissed():101|Cycle miss in event CCSICombinedCmdManager Cyclic Event. Time Overrun is 27167 us[EOL]
[2026-09-22T08:57:37.932081Z][RSH.rfidreader][W][2330306][133]CRTCyclicEvent.cpp:TimeMissed():101|Cycle miss in event CCSICombinedCmdManager Cyclic Event. Time Overrun is 24286 us[EOL]
[2026-09-22T08:57:37.932651Z][RSH.rfidreader][W][2330306][133]CRTCyclicEvent.cpp:TimeMissed():101|Cycle miss in event CCSICombinedRepManager. Time Overrun is 24286 us[EOL]
[2026-09-22T08:57:37.930893Z][RSH.newgen-reagentstoragehandler][W][2330306][141]CRTCyclicEvent.cpp:TimeMissed():101|Cycle miss in event CCSICombinedRepManager. Time Overrun is 27167 us[EOL]
[2026-09-22T08:57:38.999590Z][RSH.newgen-reagentstoragehandler][W][2330306][141]CRTCyclicEvent.cpp:TimeMissed():101|Cycle miss in event CCSICombinedCmdManager Cyclic Event. Time Overrun is 6023 us[EOL]
[2026-09-22T08:57:38.999641Z][RSH.newgen-reagentstoragehandler][W][2330306][141]CRTCyclicEvent.cpp:TimeMissed():101|Cycle miss in event CCSICombinedRepManager. Time Overrun is 6023 us[EOL]
[2026-09-22T08:57:39.008402Z][RSH.rfidreader][W][2330306][133]CRTCyclicEvent.cpp:TimeMissed():101|Cycle miss in event CCSICombinedCmdManager Cyclic Event. Time Overrun is 10627 us[EOL]
[2026-09-22T08:57:39.008443Z][RSH.rfidreader][W][2330306][133]CRTCyclicEvent.cpp:TimeMissed():101|Cycle miss in event CCSICombinedRepManager. Time Overrun is 10627 us[EOL]
[2026-09-22T08:57:39.180696Z][RSH.rfidreader][W][2330306][133]CRTCyclicEvent.cpp:TimeMissed():101|Cycle miss in event CCSICombinedCmdManager Cyclic Event. Time Overrun is 2917 us[EOL]
[2026-09-22T08:57:39.180745Z][RSH.rfidreader][W][2330306][133]CRTCyclicEvent.cpp:TimeMissed():101|Cycle miss in event CCSICombinedRepManager. Time Overrun is 2917 us[EOL]
[2026-09-22T08:57:39.683161Z][RSH.newgen-reagentstoragehandler][W][2330306][141]CRTCyclicEvent.cpp:TimeMissed():101|Cycle miss in event CCSICombinedCmdManager Cyclic Event. Time Overrun is 9590 us[EOL]
[2026-09-22T08:57:39.683225Z][RSH.newgen-reagentstoragehandler][W][2330306][141]CRTCyclicEvent.cpp:TimeMissed():101|Cycle miss in event CCSICombinedRepManager. Time Overrun is 9590 us[EOL]
[2026-09-22T08:57:41.361320Z][RSH.rfidreader][W][2330306][133]CRTCyclicEvent.cpp:TimeMissed():101|Cycle miss in event CCSICombinedCmdManager Cyclic Event. Time Overrun is 3544 us[EOL]
[2026-09-22T08:57:41.361360Z][RSH.rfidreader][W][2330306][133]CRTCyclicEvent.cpp:TimeMissed():101|Cycle miss in event CCSICombinedRepManager. Time Overrun is 3544 us[EOL]
[2026-09-22T08:57:45.298798Z][RSH.rfidreader][W][2330306][133]CRTCyclicEvent.cpp:TimeMissed():101|Cycle miss in event CCSICombinedCmdManager Cyclic Event. Time Overrun is 1022 us[EOL]
[2026-09-22T08:57:45.298833Z][RSH.rfidreader][W][2330306][133]CRTCyclicEvent.cpp:TimeMissed():101|Cycle miss in event CCSICombinedRepManager. Time Overrun is 1022 us[EOL]
[2026-09-22T08:57:58.501115Z][RSH.rfidreader][W][2330306][133]CRTCyclicEvent.cpp:TimeMissed():101|Cycle miss in event CCSICombinedCmdManager Cyclic Event. Time Overrun is 13341 us[EOL]
[2026-09-22T08:57:58.508335Z][RSH.newgen-reagentstoragehandler][W][2330306][141]CRTCyclicEvent.cpp:TimeMissed():101|Cycle miss in event CCSICombinedCmdManager Cyclic Event. Time Overrun is 14771 us[EOL]
[2026-09-22T08:57:58.501145Z][RSH.rfidreader][W][2330306][133]CRTCyclicEvent.cpp:TimeMissed():101|Cycle miss in event CCSICombinedRepManager. Time Overrun is 13341 us[EOL]
[2026-09-22T08:57:58.508413Z][RSH.newgen-reagentstoragehandler][W][2330306][141]CRTCyclicEvent.cpp:TimeMissed():101|Cycle miss in event CCSICombinedRepManager. Time Overrun is 14771 us[EOL]
[2026-09-22T08:57:58.677013Z][RSH.newgen-reagentstoragehandler][I][2560016][141]IMessageHandler.h:operator()():40|Received RabbitMqMessage Roche.MolLab.InstrumentState.Ping. Content: {"Timestamp":"2026-09-22T08:57:58.6733836Z","PingId":"IS56"}[EOL]
[2026-09-22T08:57:58.677059Z][RSH.newgen-reagentstoragehandler][I][844444436][141]UnitCommunicator.cpp:SendEvent():424|Publishing event: type=Roche.c68_8800.ReagentStorageHandler.Echo correlation_id=(n/a)[EOL]
[2026-09-22T08:57:58.677085Z][RSH.newgen-reagentstoragehandler][I][2560017][141]MessageSender.h:SendEvent():105|Sent RabbitMqEvent Roche.c68_8800.ReagentStorageHandler.Echo. Content: {"Timestamp":"2026-09-22T08:57:58.677052Z","PingId":"IS56"}[EOL]
[2026-09-22T08:58:02.529799Z][RSH.rfidreader][W][2330306][133]CRTCyclicEvent.cpp:TimeMissed():101|Cycle miss in event CCSICombinedCmdManager Cyclic Event. Time Overrun is 2024 us[EOL]
[2026-09-22T08:58:02.535996Z][RSH.newgen-reagentstoragehandler][W][2330306][141]CRTCyclicEvent.cpp:TimeMissed():101|Cycle miss in event CCSICombinedCmdManager Cyclic Event. Time Overrun is 2431 us[EOL]
[2026-09-22T08:58:02.536029Z][RSH.newgen-reagentstoragehandler][W][2330306][141]CRTCyclicEvent.cpp:TimeMissed():101|Cycle miss in event CCSICombinedRepManager. Time Overrun is 2431 us[EOL]
[2026-09-22T08:58:02.529846Z][RSH.rfidreader][W][2330306][133]CRTCyclicEvent.cpp:TimeMissed():101|Cycle miss in event CCSICombinedRepManager. Time Overrun is 2024 us[EOL]
[2026-09-22T08:58:04.668997Z][RSH.rfidreader][W][2330306][133]CRTCyclicEvent.cpp:TimeMissed():101|Cycle miss in event CCSICombinedCmdManager Cyclic Event. Time Overrun is 1224 us[EOL]
[2026-09-22T08:58:04.668715Z][RSH.newgen-reagentstoragehandler][W][2330306][141]CRTCyclicEvent.cpp:TimeMissed():101|Cycle miss in event CCSICombinedCmdManager Cyclic Event. Time Overrun is 5152 us[EOL]
[2026-09-22T08:58:04.668738Z][RSH.newgen-reagentstoragehandler][W][2330306][141]CRTCyclicEvent.cpp:TimeMissed():101|Cycle miss in event CCSICombinedRepManager. Time Overrun is 5152 us[EOL]
[2026-09-22T08:58:04.669030Z][RSH.rfidreader][W][2330306][133]CRTCyclicEvent.cpp:TimeMissed():101|Cycle miss in event CCSICombinedRepManager. Time Overrun is 1224 us[EOL]
[2026-09-22T08:58:11.325649Z][RSH.rfidreader][W][2330306][133]CRTCyclicEvent.cpp:TimeMissed():101|Cycle miss in event CCSICombinedCmdManager Cyclic Event. Time Overrun is 7873 us[EOL]
[2026-09-22T08:58:11.326169Z][RSH.newgen-reagentstoragehandler][W][2330306][141]CRTCyclicEvent.cpp:TimeMissed():101|Cycle miss in event CCSICombinedCmdManager Cyclic Event. Time Overrun is 12603 us[EOL]
[2026-09-22T08:58:11.326205Z][RSH.newgen-reagentstoragehandler][W][2330306][141]CRTCyclicEvent.cpp:TimeMissed():101|Cycle miss in event CCSICombinedRepManager. Time Overrun is 12603 us[EOL]
[2026-09-22T08:58:11.325694Z][RSH.rfidreader][W][2330306][133]CRTCyclicEvent.cpp:TimeMissed():101|Cycle miss in event CCSICombinedRepManager. Time Overrun is 7873 us[EOL]
[2026-09-22T08:58:19.466056Z][RSH.newgen-reagentstoragehandler][W][2330306][141]CRTCyclicEvent.cpp:TimeMissed():101|Cycle miss in event CCSICombinedCmdManager Cyclic Event. Time Overrun is 2483 us[EOL]
[2026-09-22T08:58:19.466088Z][RSH.newgen-reagentstoragehandler][W][2330306][141]CRTCyclicEvent.cpp:TimeMissed():101|Cycle miss in event CCSICombinedRepManager. Time Overrun is 2483 us[EOL]
[2026-09-22T08:58:24.294280Z][RSH.rfidreader][W][2330306][133]CRTCyclicEvent.cpp:TimeMissed():101|Cycle miss in event CCSICombinedCmdManager Cyclic Event. Time Overrun is 6506 us[EOL]
[2026-09-22T08:58:24.294306Z][RSH.rfidreader][W][2330306][133]CRTCyclicEvent.cpp:TimeMissed():101|Cycle miss in event CCSICombinedRepManager. Time Overrun is 6506 us[EOL]
[2026-09-22T08:58:24.292291Z][RSH.newgen-reagentstoragehandler][W][2330306][141]CRTCyclicEvent.cpp:TimeMissed():101|Cycle miss in event CCSICombinedCmdManager Cyclic Event. Time Overrun is 8729 us[EOL]
[2026-09-22T08:58:24.292314Z][RSH.newgen-reagentstoragehandler][W][2330306][141]CRTCyclicEvent.cpp:TimeMissed():101|Cycle miss in event CCSICombinedRepManager. Time Overrun is 8729 us[EOL]
[2026-09-22T08:58:24.420207Z][RSH.rfidreader][W][2330306][133]CRTCyclicEvent.cpp:TimeMissed():101|Cycle miss in event CCSICombinedCmdManager Cyclic Event. Time Overrun is 2434 us[EOL]
[2026-09-22T08:58:24.420231Z][RSH.rfidreader][W][2330306][133]CRTCyclicEvent.cpp:TimeMissed():101|Cycle miss in event CCSICombinedRepManager. Time Overrun is 2434 us[EOL]
[2026-09-22T08:58:24.770139Z][RSH.rfidreader][W][2330306][133]CRTCyclicEvent.cpp:TimeMissed():101|Cycle miss in event CCSICombinedCmdManager Cyclic Event. Time Overrun is 12362 us[EOL]
[2026-09-22T08:58:24.771332Z][RSH.newgen-reagentstoragehandler][W][2330306][141]CRTCyclicEvent.cpp:TimeMissed():101|Cycle miss in event CCSICombinedCmdManager Cyclic Event. Time Overrun is 17769 us[EOL]
[2026-09-22T08:58:24.770179Z][RSH.rfidreader][W][2330306][133]CRTCyclicEvent.cpp:TimeMissed():101|Cycle miss in event CCSICombinedRepManager. Time Overrun is 12362 us[EOL]
[2026-09-22T08:58:24.771359Z][RSH.newgen-reagentstoragehandler][W][2330306][141]CRTCyclicEvent.cpp:TimeMissed():101|Cycle miss in event CCSICombinedRepManager. Time Overrun is 17769 us[EOL]
[2026-09-22T08:58:28.695531Z][RSH.newgen-reagentstoragehandler][I][2560016][141]IMessageHandler.h:operator()():40|Received RabbitMqMessage Roche.MolLab.InstrumentState.Ping. Content: {"Timestamp":"2026-09-22T08:58:28.6745984Z","PingId":"IS57"}[EOL]
[2026-09-22T08:58:28.695564Z][RSH.newgen-reagentstoragehandler][I][844444436][141]UnitCommunicator.cpp:SendEvent():424|Publishing event: type=Roche.c68_8800.ReagentStorageHandler.Echo correlation_id=(n/a)[EOL]
[2026-09-22T08:58:28.695579Z][RSH.newgen-reagentstoragehandler][I][2560017][141]MessageSender.h:SendEvent():105|Sent RabbitMqEvent Roche.c68_8800.ReagentStorageHandler.Echo. Content: {"Timestamp":"2026-09-22T08:58:28.695559Z","PingId":"IS57"}[EOL]
[2026-09-22T08:58:29.573035Z][RSH.rfidreader][W][2330306][133]CRTCyclicEvent.cpp:TimeMissed():101|Cycle miss in event CCSICombinedCmdManager Cyclic Event. Time Overrun is 5260 us[EOL]
[2026-09-22T08:58:29.574103Z][RSH.newgen-reagentstoragehandler][W][2330306][141]CRTCyclicEvent.cpp:TimeMissed():101|Cycle miss in event CCSICombinedCmdManager Cyclic Event. Time Overrun is 532 us[EOL]
[2026-09-22T08:58:29.573067Z][RSH.rfidreader][W][2330306][133]CRTCyclicEvent.cpp:TimeMissed():101|Cycle miss in event CCSICombinedRepManager. Time Overrun is 5260 us[EOL]
[2026-09-22T08:58:29.574145Z][RSH.newgen-reagentstoragehandler][W][2330306][141]CRTCyclicEvent.cpp:TimeMissed():101|Cycle miss in event CCSICombinedRepManager. Time Overrun is 532 us[EOL]
[2026-09-22T08:58:37.063264Z][RSH.rfidreader][W][2330306][133]CRTCyclicEvent.cpp:TimeMissed():101|Cycle miss in event CCSICombinedCmdManager Cyclic Event. Time Overrun is 5490 us[EOL]
[2026-09-22T08:58:37.063446Z][RSH.rfidreader][W][2330306][133]CRTCyclicEvent.cpp:TimeMissed():101|Cycle miss in event CCSICombinedRepManager. Time Overrun is 5490 us[EOL]
[2026-09-22T08:58:39.901221Z][RSH.rfidreader][W][2330306][133]CRTCyclicEvent.cpp:TimeMissed():101|Cycle miss in event CCSICombinedCmdManager Cyclic Event. Time Overrun is 3446 us[EOL]
[2026-09-22T08:58:39.901265Z][RSH.rfidreader][W][2330306][133]CRTCyclicEvent.cpp:TimeMissed():101|Cycle miss in event CCSICombinedRepManager. Time Overrun is 3446 us[EOL]
[2026-09-22T08:58:41.440232Z][RSH.newgen-reagentstoragehandler][W][2330306][141]CRTCyclicEvent.cpp:TimeMissed():101|Cycle miss in event CCSICombinedCmdManager Cyclic Event. Time Overrun is 6671 us[EOL]
[2026-09-22T08:58:41.440261Z][RSH.newgen-reagentstoragehandler][W][2330306][141]CRTCyclicEvent.cpp:TimeMissed():101|Cycle miss in event CCSICombinedRepManager. Time Overrun is 6671 us[EOL]
[2026-09-22T08:58:41.439786Z][RSH.rfidreader][W][2330306][133]CRTCyclicEvent.cpp:TimeMissed():101|Cycle miss in event CCSICombinedCmdManager Cyclic Event. Time Overrun is 12014 us[EOL]
[2026-09-22T08:58:41.439811Z][RSH.rfidreader][W][2330306][133]CRTCyclicEvent.cpp:TimeMissed():101|Cycle miss in event CCSICombinedRepManager. Time Overrun is 12014 us[EOL]
[2026-09-22T08:58:54.370796Z][RSH.rfidreader][W][2330306][133]CRTCyclicEvent.cpp:TimeMissed():101|Cycle miss in event CCSICombinedCmdManager Cyclic Event. Time Overrun is 3023 us[EOL]
[2026-09-22T08:58:54.370817Z][RSH.rfidreader][W][2330306][133]CRTCyclicEvent.cpp:TimeMissed():101|Cycle miss in event CCSICombinedRepManager. Time Overrun is 3023 us[EOL]
[2026-09-22T08:58:56.642893Z][RSH.rfidreader][W][2330306][133]CRTCyclicEvent.cpp:TimeMissed():101|Cycle miss in event CCSICombinedCmdManager Cyclic Event. Time Overrun is 5118 us[EOL]
[2026-09-22T08:58:56.642915Z][RSH.rfidreader][W][2330306][133]CRTCyclicEvent.cpp:TimeMissed():101|Cycle miss in event CCSICombinedRepManager. Time Overrun is 5118 us[EOL]
[2026-09-22T08:58:58.220157Z][RSH.rfidreader][W][2330306][133]CRTCyclicEvent.cpp:TimeMissed():101|Cycle miss in event CCSICombinedCmdManager Cyclic Event. Time Overrun is 12385 us[EOL]
[2026-09-22T08:58:58.220288Z][RSH.newgen-reagentstoragehandler][W][2330306][141]CRTCyclicEvent.cpp:TimeMissed():101|Cycle miss in event CCSICombinedCmdManager Cyclic Event. Time Overrun is 6726 us[EOL]
[2026-09-22T08:58:58.220333Z][RSH.newgen-reagentstoragehandler][W][2330306][141]CRTCyclicEvent.cpp:TimeMissed():101|Cycle miss in event CCSICombinedRepManager. Time Overrun is 6726 us[EOL]
[2026-09-22T08:58:58.220178Z][RSH.rfidreader][W][2330306][133]CRTCyclicEvent.cpp:TimeMissed():101|Cycle miss in event CCSICombinedRepManager. Time Overrun is 12385 us[EOL]
[2026-09-22T08:58:58.688218Z][RSH.newgen-reagentstoragehandler][I][2560016][141]IMessageHandler.h:operator()():40|Received RabbitMqMessage Roche.MolLab.InstrumentState.Ping. Content: {"Timestamp":"2026-09-22T08:58:58.6735955Z","PingId":"IS58"}[EOL]
[2026-09-22T08:58:58.688274Z][RSH.newgen-reagentstoragehandler][I][844444436][141]UnitCommunicator.cpp:SendEvent():424|Publishing event: type=Roche.c68_8800.ReagentStorageHandler.Echo correlation_id=(n/a)[EOL]
[2026-09-22T08:58:58.688333Z][RSH.newgen-reagentstoragehandler][I][2560017][141]MessageSender.h:SendEvent():105|Sent RabbitMqEvent Roche.c68_8800.ReagentStorageHandler.Echo. Content: {"Timestamp":"2026-09-22T08:58:58.688268Z","PingId":"IS58"}[EOL]
[2026-09-22T08:59:07.370533Z][RSH.rfidreader][W][2330306][133]CRTCyclicEvent.cpp:TimeMissed():101|Cycle miss in event CCSICombinedCmdManager Cyclic Event. Time Overrun is 2758 us[EOL]
[2026-09-22T08:59:07.370564Z][RSH.rfidreader][W][2330306][133]CRTCyclicEvent.cpp:TimeMissed():101|Cycle miss in event CCSICombinedRepManager. Time Overrun is 2758 us[EOL]
[2026-09-22T08:59:15.491619Z][RSH.newgen-reagentstoragehandler][W][2330306][141]CRTCyclicEvent.cpp:TimeMissed():101|Cycle miss in event CCSICombinedCmdManager Cyclic Event. Time Overrun is 7946 us[EOL]
[2026-09-22T08:59:15.491947Z][RSH.rfidreader][W][2330306][133]CRTCyclicEvent.cpp:TimeMissed():101|Cycle miss in event CCSICombinedCmdManager Cyclic Event. Time Overrun is 4172 us[EOL]
[2026-09-22T08:59:15.491977Z][RSH.rfidreader][W][2330306][133]CRTCyclicEvent.cpp:TimeMissed():101|Cycle miss in event CCSICombinedRepManager. Time Overrun is 4172 us[EOL]
[2026-09-22T08:59:15.491658Z][RSH.newgen-reagentstoragehandler][W][2330306][141]CRTCyclicEvent.cpp:TimeMissed():101|Cycle miss in event CCSICombinedRepManager. Time Overrun is 7946 us[EOL]
[2026-09-22T08:59:26.554333Z][RSH.rfidreader][W][2330306][133]CRTCyclicEvent.cpp:TimeMissed():101|Cycle miss in event CCSICombinedCmdManager Cyclic Event. Time Overrun is 6561 us[EOL]
[2026-09-22T08:59:26.554358Z][RSH.rfidreader][W][2330306][133]CRTCyclicEvent.cpp:TimeMissed():101|Cycle miss in event CCSICombinedRepManager. Time Overrun is 6561 us[EOL]
[2026-09-22T08:59:26.554631Z][RSH.newgen-reagentstoragehandler][W][2330306][141]CRTCyclicEvent.cpp:TimeMissed():101|Cycle miss in event CCSICombinedCmdManager Cyclic Event. Time Overrun is 1068 us[EOL]
[2026-09-22T08:59:26.554667Z][RSH.newgen-reagentstoragehandler][W][2330306][141]CRTCyclicEvent.cpp:TimeMissed():101|Cycle miss in event CCSICombinedRepManager. Time Overrun is 1068 us[EOL]
[2026-09-22T08:59:28.692196Z][RSH.newgen-reagentstoragehandler][I][2560016][141]IMessageHandler.h:operator()():40|Received RabbitMqMessage Roche.MolLab.InstrumentState.Ping. Content: {"Timestamp":"2026-09-22T08:59:28.6758101Z","PingId":"IS59"}[EOL]
[2026-09-22T08:59:28.692229Z][RSH.newgen-reagentstoragehandler][I][844444436][141]UnitCommunicator.cpp:SendEvent():424|Publishing event: type=Roche.c68_8800.ReagentStorageHandler.Echo correlation_id=(n/a)[EOL]
[2026-09-22T08:59:28.692246Z][RSH.newgen-reagentstoragehandler][I][2560017][141]MessageSender.h:SendEvent():105|Sent RabbitMqEvent Roche.c68_8800.ReagentStorageHandler.Echo. Content: {"Timestamp":"2026-09-22T08:59:28.692223Z","PingId":"IS59"}[EOL]
[2026-09-22T08:59:30.972883Z][RSH.rfidreader][W][2330306][133]CRTCyclicEvent.cpp:TimeMissed():101|Cycle miss in event CCSICombinedCmdManager Cyclic Event. Time Overrun is 15106 us[EOL]
[2026-09-22T08:59:30.972128Z][RSH.newgen-reagentstoragehandler][W][2330306][141]CRTCyclicEvent.cpp:TimeMissed():101|Cycle miss in event CCSICombinedCmdManager Cyclic Event. Time Overrun is 18562 us[EOL]
[2026-09-22T08:59:30.972918Z][RSH.rfidreader][W][2330306][133]CRTCyclicEvent.cpp:TimeMissed():101|Cycle miss in event CCSICombinedRepManager. Time Overrun is 15106 us[EOL]
[2026-09-22T08:59:30.972172Z][RSH.newgen-reagentstoragehandler][W][2330306][141]CRTCyclicEvent.cpp:TimeMissed():101|Cycle miss in event CCSICombinedRepManager. Time Overrun is 18562 us[EOL]
[2026-09-22T08:59:31.328699Z][RSH.newgen-reagentstoragehandler][W][2330306][141]CRTCyclicEvent.cpp:TimeMissed():101|Cycle miss in event CCSICombinedCmdManager Cyclic Event. Time Overrun is 5136 us[EOL]
[2026-09-22T08:59:31.330632Z][RSH.rfidreader][W][2330306][133]CRTCyclicEvent.cpp:TimeMissed():101|Cycle miss in event CCSICombinedCmdManager Cyclic Event. Time Overrun is 2850 us[EOL]
[2026-09-22T08:59:31.328723Z][RSH.newgen-reagentstoragehandler][W][2330306][141]CRTCyclicEvent.cpp:TimeMissed():101|Cycle miss in event CCSICombinedRepManager. Time Overrun is 5136 us[EOL]
[2026-09-22T08:59:31.330663Z][RSH.rfidreader][W][2330306][133]CRTCyclicEvent.cpp:TimeMissed():101|Cycle miss in event CCSICombinedRepManager. Time Overrun is 2850 us[EOL]
[2026-09-22T08:59:37.929673Z][RSH.newgen-reagentstoragehandler][W][2330306][141]CRTCyclicEvent.cpp:TimeMissed():101|Cycle miss in event CCSICombinedCmdManager Cyclic Event. Time Overrun is 6106 us[EOL]
[2026-09-22T08:59:37.929966Z][RSH.rfidreader][W][2330306][133]CRTCyclicEvent.cpp:TimeMissed():101|Cycle miss in event CCSICombinedCmdManager Cyclic Event. Time Overrun is 2192 us[EOL]
[2026-09-22T08:59:37.929793Z][RSH.newgen-reagentstoragehandler][W][2330306][141]CRTCyclicEvent.cpp:TimeMissed():101|Cycle miss in event CCSICombinedRepManager. Time Overrun is 6106 us[EOL]
[2026-09-22T08:59:37.929990Z][RSH.rfidreader][W][2330306][133]CRTCyclicEvent.cpp:TimeMissed():101|Cycle miss in event CCSICombinedRepManager. Time Overrun is 2192 us[EOL]
[2026-09-22T08:59:48.780137Z][RSH.rfidreader][W][2330306][133]CRTCyclicEvent.cpp:TimeMissed():101|Cycle miss in event CCSICombinedCmdManager Cyclic Event. Time Overrun is 2363 us[EOL]
[2026-09-22T08:59:48.780166Z][RSH.rfidreader][W][2330306][133]CRTCyclicEvent.cpp:TimeMissed():101|Cycle miss in event CCSICombinedRepManager. Time Overrun is 2363 us[EOL]
[2026-09-22T08:59:58.682520Z][RSH.newgen-reagentstoragehandler][I][2560016][141]IMessageHandler.h:operator()():40|Received RabbitMqMessage Roche.MolLab.InstrumentState.Ping. Content: {"Timestamp":"2026-09-22T08:59:58.6747518Z","PingId":"IS60"}[EOL]
[2026-09-22T08:59:58.682554Z][RSH.newgen-reagentstoragehandler][I][844444436][141]UnitCommunicator.cpp:SendEvent():424|Publishing event: type=Roche.c68_8800.ReagentStorageHandler.Echo correlation_id=(n/a)[EOL]
[2026-09-22T08:59:58.682654Z][RSH.newgen-reagentstoragehandler][I][2560017][141]MessageSender.h:SendEvent():105|Sent RabbitMqEvent Roche.c68_8800.ReagentStorageHandler.Echo. Content: {"Timestamp":"2026-09-22T08:59:58.682549Z","PingId":"IS60"}[EOL]
[2026-09-22T09:00:02.846934Z][RSH.newgen-reagentstoragehandler][W][2330306][141]CRTCyclicEvent.cpp:TimeMissed():101|Cycle miss in event CCSICombinedCmdManager Cyclic Event. Time Overrun is 3349 us[EOL]
[2026-09-22T09:00:02.846969Z][RSH.newgen-reagentstoragehandler][W][2330306][141]CRTCyclicEvent.cpp:TimeMissed():101|Cycle miss in event CCSICombinedRepManager. Time Overrun is 3349 us[EOL]
[2026-09-22T09:00:04.350840Z][RSH.rfidreader][W][2330306][133]CRTCyclicEvent.cpp:TimeMissed():101|Cycle miss in event CCSICombinedCmdManager Cyclic Event. Time Overrun is 3066 us[EOL]
[2026-09-22T09:00:04.350870Z][RSH.rfidreader][W][2330306][133]CRTCyclicEvent.cpp:TimeMissed():101|Cycle miss in event CCSICombinedRepManager. Time Overrun is 3066 us[EOL]
[2026-09-22T09:00:04.354073Z][RSH.newgen-reagentstoragehandler][W][2330306][141]CRTCyclicEvent.cpp:TimeMissed():101|Cycle miss in event CCSICombinedCmdManager Cyclic Event. Time Overrun is 10505 us[EOL]
[2026-09-22T09:00:04.354119Z][RSH.newgen-reagentstoragehandler][W][2330306][141]CRTCyclicEvent.cpp:TimeMissed():101|Cycle miss in event CCSICombinedRepManager. Time Overrun is 10505 us[EOL]
[2026-09-22T09:00:10.157810Z][RSH.rfidreader][W][2330306][133]CRTCyclicEvent.cpp:TimeMissed():101|Cycle miss in event CCSICombinedCmdManager Cyclic Event. Time Overrun is 36 us[EOL]
[2026-09-22T09:00:10.157838Z][RSH.rfidreader][W][2330306][133]CRTCyclicEvent.cpp:TimeMissed():101|Cycle miss in event CCSICombinedRepManager. Time Overrun is 36 us[EOL]
[2026-09-22T09:00:10.157506Z][RSH.newgen-reagentstoragehandler][W][2330306][141]CRTCyclicEvent.cpp:TimeMissed():101|Cycle miss in event CCSICombinedCmdManager Cyclic Event. Time Overrun is 3942 us[EOL]
[2026-09-22T09:00:10.157535Z][RSH.newgen-reagentstoragehandler][W][2330306][141]CRTCyclicEvent.cpp:TimeMissed():101|Cycle miss in event CCSICombinedRepManager. Time Overrun is 3942 us[EOL]
[2026-09-22T09:00:12.845678Z][RSH.newgen-reagentstoragehandler][W][2330306][141]CRTCyclicEvent.cpp:TimeMissed():101|Cycle miss in event CCSICombinedCmdManager Cyclic Event. Time Overrun is 2097 us[EOL]
[2026-09-22T09:00:12.845736Z][RSH.newgen-reagentstoragehandler][W][2330306][141]CRTCyclicEvent.cpp:TimeMissed():101|Cycle miss in event CCSICombinedRepManager. Time Overrun is 2097 us[EOL]
[2026-09-22T09:00:16.828488Z][RSH.rfidreader][W][2330306][133]CRTCyclicEvent.cpp:TimeMissed():101|Cycle miss in event CCSICombinedCmdManager Cyclic Event. Time Overrun is 715 us[EOL]
[2026-09-22T09:00:16.828534Z][RSH.rfidreader][W][2330306][133]CRTCyclicEvent.cpp:TimeMissed():101|Cycle miss in event CCSICombinedRepManager. Time Overrun is 715 us[EOL]
[2026-09-22T09:00:22.839874Z][RSH.newgen-reagentstoragehandler][W][2330306][141]CRTCyclicEvent.cpp:TimeMissed():101|Cycle miss in event CCSICombinedCmdManager Cyclic Event. Time Overrun is 26310 us[EOL]
[2026-09-22T09:00:22.839906Z][RSH.newgen-reagentstoragehandler][W][2330306][141]CRTCyclicEvent.cpp:TimeMissed():101|Cycle miss in event CCSICombinedRepManager. Time Overrun is 26310 us[EOL]
[2026-09-22T09:00:22.840543Z][RSH.rfidreader][W][2330306][133]CRTCyclicEvent.cpp:TimeMissed():101|Cycle miss in event CCSICombinedCmdManager Cyclic Event. Time Overrun is 22768 us[EOL]
[2026-09-22T09:00:22.840658Z][RSH.rfidreader][W][2330306][133]CRTCyclicEvent.cpp:TimeMissed():101|Cycle miss in event CCSICombinedRepManager. Time Overrun is 22768 us[EOL]
[2026-09-22T09:00:28.685315Z][RSH.newgen-reagentstoragehandler][I][2560016][141]IMessageHandler.h:operator()():40|Received RabbitMqMessage Roche.MolLab.InstrumentState.Ping. Content: {"Timestamp":"2026-09-22T09:00:28.6746669Z","PingId":"IS61"}[EOL]
[2026-09-22T09:00:28.685352Z][RSH.newgen-reagentstoragehandler][I][844444436][141]UnitCommunicator.cpp:SendEvent():424|Publishing event: type=Roche.c68_8800.ReagentStorageHandler.Echo correlation_id=(n/a)[EOL]
[2026-09-22T09:00:28.685374Z][RSH.newgen-reagentstoragehandler][I][2560017][141]MessageSender.h:SendEvent():105|Sent RabbitMqEvent Roche.c68_8800.ReagentStorageHandler.Echo. Content: {"Timestamp":"2026-09-22T09:00:28.685347Z","PingId":"IS61"}[EOL]
[2026-09-22T09:00:32.835724Z][RSH.newgen-reagentstoragehandler][W][2330306][141]CRTCyclicEvent.cpp:TimeMissed():101|Cycle miss in event CCSICombinedCmdManager Cyclic Event. Time Overrun is 2159 us[EOL]
[2026-09-22T09:00:32.835762Z][RSH.newgen-reagentstoragehandler][W][2330306][141]CRTCyclicEvent.cpp:TimeMissed():101|Cycle miss in event CCSICombinedRepManager. Time Overrun is 2159 us[EOL]
[2026-09-22T09:00:33.988334Z][RSH.rfidreader][W][2330306][133]CRTCyclicEvent.cpp:TimeMissed():101|Cycle miss in event CCSICombinedCmdManager Cyclic Event. Time Overrun is 559 us[EOL]
[2026-09-22T09:00:33.988369Z][RSH.rfidreader][W][2330306][133]CRTCyclicEvent.cpp:TimeMissed():101|Cycle miss in event CCSICombinedRepManager. Time Overrun is 559 us[EOL]
[2026-09-22T09:00:35.851594Z][RSH.newgen-reagentstoragehandler][W][2330306][141]CRTCyclicEvent.cpp:TimeMissed():101|Cycle miss in event CCSICombinedCmdManager Cyclic Event. Time Overrun is 8026 us[EOL]
[2026-09-22T09:00:35.848722Z][RSH.rfidreader][W][2330306][133]CRTCyclicEvent.cpp:TimeMissed():101|Cycle miss in event CCSICombinedCmdManager Cyclic Event. Time Overrun is 946 us[EOL]
[2026-09-22T09:00:35.848767Z][RSH.rfidreader][W][2330306][133]CRTCyclicEvent.cpp:TimeMissed():101|Cycle miss in event CCSICombinedRepManager. Time Overrun is 946 us[EOL]
[2026-09-22T09:00:35.851628Z][RSH.newgen-reagentstoragehandler][W][2330306][141]CRTCyclicEvent.cpp:TimeMissed():101|Cycle miss in event CCSICombinedRepManager. Time Overrun is 8026 us[EOL]
[2026-09-22T09:00:42.878291Z][RSH.newgen-reagentstoragehandler][W][2330306][141]CRTCyclicEvent.cpp:TimeMissed():101|Cycle miss in event CCSICombinedCmdManager Cyclic Event. Time Overrun is 4721 us[EOL]
[2026-09-22T09:00:42.878325Z][RSH.newgen-reagentstoragehandler][W][2330306][141]CRTCyclicEvent.cpp:TimeMissed():101|Cycle miss in event CCSICombinedRepManager. Time Overrun is 4721 us[EOL]
[2026-09-22T09:00:42.881811Z][RSH.rfidreader][W][2330306][133]CRTCyclicEvent.cpp:TimeMissed():101|Cycle miss in event CCSICombinedCmdManager Cyclic Event. Time Overrun is 4035 us[EOL]
[2026-09-22T09:00:42.881853Z][RSH.rfidreader][W][2330306][133]CRTCyclicEvent.cpp:TimeMissed():101|Cycle miss in event CCSICombinedRepManager. Time Overrun is 4035 us[EOL]
[2026-09-22T09:00:43.815997Z][RSH.newgen-reagentstoragehandler][W][2330306][141]CRTCyclicEvent.cpp:TimeMissed():101|Cycle miss in event CCSICombinedCmdManager Cyclic Event. Time Overrun is 2432 us[EOL]
[2026-09-22T09:00:43.816057Z][RSH.newgen-reagentstoragehandler][W][2330306][141]CRTCyclicEvent.cpp:TimeMissed():101|Cycle miss in event CCSICombinedRepManager. Time Overrun is 2432 us[EOL]
[2026-09-22T09:00:43.861542Z][RSH.rfidreader][W][2330306][133]CRTCyclicEvent.cpp:TimeMissed():101|Cycle miss in event CCSICombinedCmdManager Cyclic Event. Time Overrun is 3765 us[EOL]
[2026-09-22T09:00:43.861583Z][RSH.rfidreader][W][2330306][133]CRTCyclicEvent.cpp:TimeMissed():101|Cycle miss in event CCSICombinedRepManager. Time Overrun is 3765 us[EOL]
[2026-09-22T09:00:47.855542Z][RSH.rfidreader][W][2330306][133]CRTCyclicEvent.cpp:TimeMissed():101|Cycle miss in event CCSICombinedCmdManager Cyclic Event. Time Overrun is 37765 us[EOL]
[2026-09-22T09:00:47.855596Z][RSH.rfidreader][W][2330306][133]CRTCyclicEvent.cpp:TimeMissed():101|Cycle miss in event CCSICombinedRepManager. Time Overrun is 37765 us[EOL]
[2026-09-22T09:00:47.851462Z][RSH.newgen-reagentstoragehandler][W][2330306][141]CRTCyclicEvent.cpp:TimeMissed():101|Cycle miss in event CCSICombinedCmdManager Cyclic Event. Time Overrun is 37898 us[EOL]
[2026-09-22T09:00:47.851504Z][RSH.newgen-reagentstoragehandler][W][2330306][141]CRTCyclicEvent.cpp:TimeMissed():101|Cycle miss in event CCSICombinedRepManager. Time Overrun is 37898 us[EOL]
[2026-09-22T09:00:47.995609Z][RSH.newgen-reagentstoragehandler][W][2330306][141]CRTCyclicEvent.cpp:TimeMissed():101|Cycle miss in event CCSICombinedCmdManager Cyclic Event. Time Overrun is 2042 us[EOL]
[2026-09-22T09:00:47.995677Z][RSH.newgen-reagentstoragehandler][W][2330306][141]CRTCyclicEvent.cpp:TimeMissed():101|Cycle miss in event CCSICombinedRepManager. Time Overrun is 2042 us[EOL]
[2026-09-22T09:00:48.533526Z][RSH.rfidreader][W][2330306][133]CRTCyclicEvent.cpp:TimeMissed():101|Cycle miss in event CCSICombinedCmdManager Cyclic Event. Time Overrun is 5750 us[EOL]
[2026-09-22T09:00:48.534150Z][RSH.newgen-reagentstoragehandler][W][2330306][141]CRTCyclicEvent.cpp:TimeMissed():101|Cycle miss in event CCSICombinedCmdManager Cyclic Event. Time Overrun is 584 us[EOL]
[2026-09-22T09:00:48.534188Z][RSH.newgen-reagentstoragehandler][W][2330306][141]CRTCyclicEvent.cpp:TimeMissed():101|Cycle miss in event CCSICombinedRepManager. Time Overrun is 584 us[EOL]
[2026-09-22T09:00:48.533566Z][RSH.rfidreader][W][2330306][133]CRTCyclicEvent.cpp:TimeMissed():101|Cycle miss in event CCSICombinedRepManager. Time Overrun is 5750 us[EOL]
[2026-09-22T09:00:56.099856Z][RSH.rfidreader][W][2330306][133]CRTCyclicEvent.cpp:TimeMissed():101|Cycle miss in event CCSICombinedCmdManager Cyclic Event. Time Overrun is 12080 us[EOL]
[2026-09-22T09:00:56.107161Z][RSH.newgen-reagentstoragehandler][W][2330306][141]CRTCyclicEvent.cpp:TimeMissed():101|Cycle miss in event CCSICombinedCmdManager Cyclic Event. Time Overrun is 3545 us[EOL]
[2026-09-22T09:00:56.099899Z][RSH.rfidreader][W][2330306][133]CRTCyclicEvent.cpp:TimeMissed():101|Cycle miss in event CCSICombinedRepManager. Time Overrun is 12080 us[EOL]
[2026-09-22T09:00:56.107199Z][RSH.newgen-reagentstoragehandler][W][2330306][141]CRTCyclicEvent.cpp:TimeMissed():101|Cycle miss in event CCSICombinedRepManager. Time Overrun is 3545 us[EOL]
[2026-09-22T09:00:57.053938Z][RSH.newgen-reagentstoragehandler][W][2330306][141]CRTCyclicEvent.cpp:TimeMissed():101|Cycle miss in event CCSICombinedCmdManager Cyclic Event. Time Overrun is 10369 us[EOL]
[2026-09-22T09:00:57.053990Z][RSH.newgen-reagentstoragehandler][W][2330306][141]CRTCyclicEvent.cpp:TimeMissed():101|Cycle miss in event CCSICombinedRepManager. Time Overrun is 10369 us[EOL]
[2026-09-22T09:00:57.138013Z][RSH.rfidreader][W][2330306][133]CRTCyclicEvent.cpp:TimeMissed():101|Cycle miss in event CCSICombinedCmdManager Cyclic Event. Time Overrun is 232 us[EOL]
[2026-09-22T09:00:57.138089Z][RSH.rfidreader][W][2330306][133]CRTCyclicEvent.cpp:TimeMissed():101|Cycle miss in event CCSICombinedRepManager. Time Overrun is 232 us[EOL]
[2026-09-22T09:00:57.257647Z][RSH.newgen-reagentstoragehandler][W][2330306][141]CRTCyclicEvent.cpp:TimeMissed():101|Cycle miss in event CCSICombinedCmdManager Cyclic Event. Time Overrun is 4079 us[EOL]
[2026-09-22T09:00:57.257698Z][RSH.newgen-reagentstoragehandler][W][2330306][141]CRTCyclicEvent.cpp:TimeMissed():101|Cycle miss in event CCSICombinedRepManager. Time Overrun is 4079 us[EOL]
[2026-09-22T09:00:57.849078Z][RSH.newgen-reagentstoragehandler][W][2330306][141]CRTCyclicEvent.cpp:TimeMissed():101|Cycle miss in event CCSICombinedCmdManager Cyclic Event. Time Overrun is 5513 us[EOL]
[2026-09-22T09:00:57.848972Z][RSH.rfidreader][W][2330306][133]CRTCyclicEvent.cpp:TimeMissed():101|Cycle miss in event CCSICombinedCmdManager Cyclic Event. Time Overrun is 11194 us[EOL]
[2026-09-22T09:00:57.849117Z][RSH.newgen-reagentstoragehandler][W][2330306][141]CRTCyclicEvent.cpp:TimeMissed():101|Cycle miss in event CCSICombinedRepManager. Time Overrun is 5513 us[EOL]
[2026-09-22T09:00:57.849012Z][RSH.rfidreader][W][2330306][133]CRTCyclicEvent.cpp:TimeMissed():101|Cycle miss in event CCSICombinedRepManager. Time Overrun is 11194 us[EOL]
[2026-09-22T09:00:58.708183Z][RSH.newgen-reagentstoragehandler][I][2560016][141]IMessageHandler.h:operator()():40|Received RabbitMqMessage Roche.MolLab.InstrumentState.Ping. Content: {"Timestamp":"2026-09-22T09:00:58.6773751Z","PingId":"IS62"}[EOL]
[2026-09-22T09:00:58.708234Z][RSH.newgen-reagentstoragehandler][I][844444436][141]UnitCommunicator.cpp:SendEvent():424|Publishing event: type=Roche.c68_8800.ReagentStorageHandler.Echo correlation_id=(n/a)[EOL]
[2026-09-22T09:00:58.708287Z][RSH.newgen-reagentstoragehandler][I][2560017][141]MessageSender.h:SendEvent():105|Sent RabbitMqEvent Roche.c68_8800.ReagentStorageHandler.Echo. Content: {"Timestamp":"2026-09-22T09:00:58.708227Z","PingId":"IS62"}[EOL]
[2026-09-22T09:00:59.581611Z][RSH.rfidreader][W][2330306][133]CRTCyclicEvent.cpp:TimeMissed():101|Cycle miss in event CCSICombinedCmdManager Cyclic Event. Time Overrun is 3835 us[EOL]
[2026-09-22T09:00:59.581667Z][RSH.rfidreader][W][2330306][133]CRTCyclicEvent.cpp:TimeMissed():101|Cycle miss in event CCSICombinedRepManager. Time Overrun is 3835 us[EOL]
[2026-09-22T09:01:00.225354Z][RSH.newgen-reagentstoragehandler][W][2330306][141]CRTCyclicEvent.cpp:TimeMissed():101|Cycle miss in event CCSICombinedCmdManager Cyclic Event. Time Overrun is 1782 us[EOL]
[2026-09-22T09:01:00.225421Z][RSH.newgen-reagentstoragehandler][W][2330306][141]CRTCyclicEvent.cpp:TimeMissed():101|Cycle miss in event CCSICombinedRepManager. Time Overrun is 1782 us[EOL]
[2026-09-22T09:01:12.308809Z][RSH.newgen-reagentstoragehandler][W][2330306][141]CRTCyclicEvent.cpp:TimeMissed():101|Cycle miss in event CCSICombinedCmdManager Cyclic Event. Time Overrun is 5144 us[EOL]
[2026-09-22T09:01:12.308940Z][RSH.newgen-reagentstoragehandler][W][2330306][141]CRTCyclicEvent.cpp:TimeMissed():101|Cycle miss in event CCSICombinedRepManager. Time Overrun is 5144 us[EOL]
[2026-09-22T09:01:17.616548Z][RSH.newgen-reagentstoragehandler][W][2330306][141]CRTCyclicEvent.cpp:TimeMissed():101|Cycle miss in event CCSICombinedCmdManager Cyclic Event. Time Overrun is 2956 us[EOL]
[2026-09-22T09:01:17.616572Z][RSH.newgen-reagentstoragehandler][W][2330306][141]CRTCyclicEvent.cpp:TimeMissed():101|Cycle miss in event CCSICombinedRepManager. Time Overrun is 2956 us[EOL]
[2026-09-22T09:01:21.906588Z][RSH.newgen-reagentstoragehandler][W][2330306][141]CRTCyclicEvent.cpp:TimeMissed():101|Cycle miss in event CCSICombinedCmdManager Cyclic Event. Time Overrun is 2899 us[EOL]
[2026-09-22T09:01:21.906749Z][RSH.newgen-reagentstoragehandler][W][2330306][141]CRTCyclicEvent.cpp:TimeMissed():101|Cycle miss in event CCSICombinedRepManager. Time Overrun is 2899 us[EOL]
[2026-09-22T09:01:28.687401Z][RSH.newgen-reagentstoragehandler][I][2560016][141]IMessageHandler.h:operator()():40|Received RabbitMqMessage Roche.MolLab.InstrumentState.Ping. Content: {"Timestamp":"2026-09-22T09:01:28.6740293Z","PingId":"IS63"}[EOL]
[2026-09-22T09:01:28.687582Z][RSH.newgen-reagentstoragehandler][I][844444436][141]UnitCommunicator.cpp:SendEvent():424|Publishing event: type=Roche.c68_8800.ReagentStorageHandler.Echo correlation_id=(n/a)[EOL]
[2026-09-22T09:01:28.687711Z][RSH.newgen-reagentstoragehandler][I][2560017][141]MessageSender.h:SendEvent():105|Sent RabbitMqEvent Roche.c68_8800.ReagentStorageHandler.Echo. Content: {"Timestamp":"2026-09-22T09:01:28.687567Z","PingId":"IS63"}[EOL]
[2026-09-22T09:01:28.733993Z][RSH.newgen-reagentstoragehandler][W][2330306][141]CRTCyclicEvent.cpp:TimeMissed():101|Cycle miss in event CCSICombinedCmdManager Cyclic Event. Time Overrun is 10427 us[EOL]
[2026-09-22T09:01:28.734038Z][RSH.newgen-reagentstoragehandler][W][2330306][141]CRTCyclicEvent.cpp:TimeMissed():101|Cycle miss in event CCSICombinedRepManager. Time Overrun is 10427 us[EOL]
[2026-09-22T09:01:28.733068Z][RSH.rfidreader][W][2330306][133]CRTCyclicEvent.cpp:TimeMissed():101|Cycle miss in event CCSICombinedCmdManager Cyclic Event. Time Overrun is 5292 us[EOL]
[2026-09-22T09:01:28.733110Z][RSH.rfidreader][W][2330306][133]CRTCyclicEvent.cpp:TimeMissed():101|Cycle miss in event CCSICombinedRepManager. Time Overrun is 5292 us[EOL]
[2026-09-22T09:01:30.071680Z][RSH.rfidreader][W][2330306][133]CRTCyclicEvent.cpp:TimeMissed():101|Cycle miss in event CCSICombinedCmdManager Cyclic Event. Time Overrun is 3404 us[EOL]
[2026-09-22T09:01:30.071735Z][RSH.rfidreader][W][2330306][133]CRTCyclicEvent.cpp:TimeMissed():101|Cycle miss in event CCSICombinedRepManager. Time Overrun is 3404 us[EOL]
[2026-09-22T09:01:38.126308Z][RSH.newgen-reagentstoragehandler][W][2330306][141]CRTCyclicEvent.cpp:TimeMissed():101|Cycle miss in event CCSICombinedCmdManager Cyclic Event. Time Overrun is 2745 us[EOL]
[2026-09-22T09:01:38.126341Z][RSH.newgen-reagentstoragehandler][W][2330306][141]CRTCyclicEvent.cpp:TimeMissed():101|Cycle miss in event CCSICombinedRepManager. Time Overrun is 2745 us[EOL]
[2026-09-22T09:01:38.126760Z][RSH.rfidreader][W][2330306][133]CRTCyclicEvent.cpp:TimeMissed():101|Cycle miss in event CCSICombinedCmdManager Cyclic Event. Time Overrun is 8892 us[EOL]
[2026-09-22T09:01:38.126970Z][RSH.rfidreader][W][2330306][133]CRTCyclicEvent.cpp:TimeMissed():101|Cycle miss in event CCSICombinedRepManager. Time Overrun is 8892 us[EOL]
[2026-09-22T09:01:40.543791Z][RSH.newgen-reagentstoragehandler][W][2330306][141]CRTCyclicEvent.cpp:TimeMissed():101|Cycle miss in event CCSICombinedCmdManager Cyclic Event. Time Overrun is 226 us[EOL]
[2026-09-22T09:01:40.543831Z][RSH.newgen-reagentstoragehandler][W][2330306][141]CRTCyclicEvent.cpp:TimeMissed():101|Cycle miss in event CCSICombinedRepManager. Time Overrun is 226 us[EOL]
[2026-09-22T09:01:50.069248Z][RSH.rfidreader][W][2330306][133]CRTCyclicEvent.cpp:TimeMissed():101|Cycle miss in event CCSICombinedCmdManager Cyclic Event. Time Overrun is 21474 us[EOL]
[2026-09-22T09:01:50.069195Z][RSH.newgen-reagentstoragehandler][W][2330306][141]CRTCyclicEvent.cpp:TimeMissed():101|Cycle miss in event CCSICombinedCmdManager Cyclic Event. Time Overrun is 25630 us[EOL]
[2026-09-22T09:01:50.069226Z][RSH.newgen-reagentstoragehandler][W][2330306][141]CRTCyclicEvent.cpp:TimeMissed():101|Cycle miss in event CCSICombinedRepManager. Time Overrun is 25630 us[EOL]
[2026-09-22T09:01:50.069272Z][RSH.rfidreader][W][2330306][133]CRTCyclicEvent.cpp:TimeMissed():101|Cycle miss in event CCSICombinedRepManager. Time Overrun is 21474 us[EOL]
[2026-09-22T09:01:54.266442Z][RSH.rfidreader][W][2330306][133]CRTCyclicEvent.cpp:TimeMissed():101|Cycle miss in event CCSICombinedCmdManager Cyclic Event. Time Overrun is 18667 us[EOL]
[2026-09-22T09:01:54.267054Z][RSH.newgen-reagentstoragehandler][W][2330306][141]CRTCyclicEvent.cpp:TimeMissed():101|Cycle miss in event CCSICombinedCmdManager Cyclic Event. Time Overrun is 13485 us[EOL]
[2026-09-22T09:01:54.266492Z][RSH.rfidreader][W][2330306][133]CRTCyclicEvent.cpp:TimeMissed():101|Cycle miss in event CCSICombinedRepManager. Time Overrun is 18667 us[EOL]
[2026-09-22T09:01:54.267112Z][RSH.newgen-reagentstoragehandler][W][2330306][141]CRTCyclicEvent.cpp:TimeMissed():101|Cycle miss in event CCSICombinedRepManager. Time Overrun is 13485 us[EOL]
[2026-09-22T09:01:55.028315Z][RSH.rfidreader][W][2330306][133]CRTCyclicEvent.cpp:TimeMissed():101|Cycle miss in event CCSICombinedCmdManager Cyclic Event. Time Overrun is 542 us[EOL]
[2026-09-22T09:01:55.028336Z][RSH.rfidreader][W][2330306][133]CRTCyclicEvent.cpp:TimeMissed():101|Cycle miss in event CCSICombinedRepManager. Time Overrun is 542 us[EOL]
[2026-09-22T09:01:58.684615Z][RSH.newgen-reagentstoragehandler][I][2560016][141]IMessageHandler.h:operator()():40|Received RabbitMqMessage Roche.MolLab.InstrumentState.Ping. Content: {"Timestamp":"2026-09-22T09:01:58.6740698Z","PingId":"IS64"}[EOL]
[2026-09-22T09:01:58.684690Z][RSH.newgen-reagentstoragehandler][I][844444436][141]UnitCommunicator.cpp:SendEvent():424|Publishing event: type=Roche.c68_8800.ReagentStorageHandler.Echo correlation_id=(n/a)[EOL]
[2026-09-22T09:01:58.684729Z][RSH.newgen-reagentstoragehandler][I][2560017][141]MessageSender.h:SendEvent():105|Sent RabbitMqEvent Roche.c68_8800.ReagentStorageHandler.Echo. Content: {"Timestamp":"2026-09-22T09:01:58.684680Z","PingId":"IS64"}[EOL]
[2026-09-22T09:02:02.470227Z][RSH.rfidreader][W][2330306][133]CRTCyclicEvent.cpp:TimeMissed():101|Cycle miss in event CCSICombinedCmdManager Cyclic Event. Time Overrun is 2455 us[EOL]
[2026-09-22T09:02:02.470249Z][RSH.rfidreader][W][2330306][133]CRTCyclicEvent.cpp:TimeMissed():101|Cycle miss in event CCSICombinedRepManager. Time Overrun is 2455 us[EOL]
[2026-09-22T09:02:02.850489Z][RSH.rfidreader][W][2330306][133]CRTCyclicEvent.cpp:TimeMissed():101|Cycle miss in event CCSICombinedCmdManager Cyclic Event. Time Overrun is 2713 us[EOL]
[2026-09-22T09:02:02.850531Z][RSH.rfidreader][W][2330306][133]CRTCyclicEvent.cpp:TimeMissed():101|Cycle miss in event CCSICombinedRepManager. Time Overrun is 2713 us[EOL]
[2026-09-22T09:02:11.322251Z][RSH.rfidreader][W][2330306][133]CRTCyclicEvent.cpp:TimeMissed():101|Cycle miss in event CCSICombinedCmdManager Cyclic Event. Time Overrun is 4464 us[EOL]
[2026-09-22T09:02:11.322302Z][RSH.rfidreader][W][2330306][133]CRTCyclicEvent.cpp:TimeMissed():101|Cycle miss in event CCSICombinedRepManager. Time Overrun is 4464 us[EOL]
[2026-09-22T09:02:22.270128Z][RSH.rfidreader][W][2330306][133]CRTCyclicEvent.cpp:TimeMissed():101|Cycle miss in event CCSICombinedCmdManager Cyclic Event. Time Overrun is 12351 us[EOL]
[2026-09-22T09:02:22.271254Z][RSH.newgen-reagentstoragehandler][W][2330306][141]CRTCyclicEvent.cpp:TimeMissed():101|Cycle miss in event CCSICombinedCmdManager Cyclic Event. Time Overrun is 7686 us[EOL]
[2026-09-22T09:02:22.271300Z][RSH.newgen-reagentstoragehandler][W][2330306][141]CRTCyclicEvent.cpp:TimeMissed():101|Cycle miss in event CCSICombinedRepManager. Time Overrun is 7686 us[EOL]
[2026-09-22T09:02:22.270178Z][RSH.rfidreader][W][2330306][133]CRTCyclicEvent.cpp:TimeMissed():101|Cycle miss in event CCSICombinedRepManager. Time Overrun is 12351 us[EOL]
[2026-09-22T09:02:24.898090Z][RSH.rfidreader][W][2330306][133]CRTCyclicEvent.cpp:TimeMissed():101|Cycle miss in event CCSICombinedCmdManager Cyclic Event. Time Overrun is 308 us[EOL]
[2026-09-22T09:02:24.898147Z][RSH.rfidreader][W][2330306][133]CRTCyclicEvent.cpp:TimeMissed():101|Cycle miss in event CCSICombinedRepManager. Time Overrun is 308 us[EOL]
[2026-09-22T09:02:28.688422Z][RSH.newgen-reagentstoragehandler][I][2560016][141]IMessageHandler.h:operator()():40|Received RabbitMqMessage Roche.MolLab.InstrumentState.Ping. Content: {"Timestamp":"2026-09-22T09:02:28.6735358Z","PingId":"IS65"}[EOL]
[2026-09-22T09:02:28.688501Z][RSH.newgen-reagentstoragehandler][I][844444436][141]UnitCommunicator.cpp:SendEvent():424|Publishing event: type=Roche.c68_8800.ReagentStorageHandler.Echo correlation_id=(n/a)[EOL]
[2026-09-22T09:02:28.688562Z][RSH.newgen-reagentstoragehandler][I][2560017][141]MessageSender.h:SendEvent():105|Sent RabbitMqEvent Roche.c68_8800.ReagentStorageHandler.Echo. Content: {"Timestamp":"2026-09-22T09:02:28.688495Z","PingId":"IS65"}[EOL]
[2026-09-22T09:02:31.951700Z][RSH.rfidreader][W][2330306][133]CRTCyclicEvent.cpp:TimeMissed():101|Cycle miss in event CCSICombinedCmdManager Cyclic Event. Time Overrun is 3926 us[EOL]
[2026-09-22T09:02:31.951734Z][RSH.rfidreader][W][2330306][133]CRTCyclicEvent.cpp:TimeMissed():101|Cycle miss in event CCSICombinedRepManager. Time Overrun is 3926 us[EOL]
[2026-09-22T09:02:32.469063Z][RSH.rfidreader][W][2330306][133]CRTCyclicEvent.cpp:TimeMissed():101|Cycle miss in event CCSICombinedCmdManager Cyclic Event. Time Overrun is 1222 us[EOL]
[2026-09-22T09:02:32.469086Z][RSH.rfidreader][W][2330306][133]CRTCyclicEvent.cpp:TimeMissed():101|Cycle miss in event CCSICombinedRepManager. Time Overrun is 1222 us[EOL]
[2026-09-22T09:02:32.470768Z][RSH.newgen-reagentstoragehandler][W][2330306][141]CRTCyclicEvent.cpp:TimeMissed():101|Cycle miss in event CCSICombinedCmdManager Cyclic Event. Time Overrun is 7206 us[EOL]
[2026-09-22T09:02:32.470789Z][RSH.newgen-reagentstoragehandler][W][2330306][141]CRTCyclicEvent.cpp:TimeMissed():101|Cycle miss in event CCSICombinedRepManager. Time Overrun is 7206 us[EOL]
[2026-09-22T09:02:35.712524Z][RSH.rfidreader][W][2330306][133]CRTCyclicEvent.cpp:TimeMissed():101|Cycle miss in event CCSICombinedCmdManager Cyclic Event. Time Overrun is 14750 us[EOL]
[2026-09-22T09:02:35.712564Z][RSH.rfidreader][W][2330306][133]CRTCyclicEvent.cpp:TimeMissed():101|Cycle miss in event CCSICombinedRepManager. Time Overrun is 14750 us[EOL]
[2026-09-22T09:02:35.711322Z][RSH.newgen-reagentstoragehandler][W][2330306][141]CRTCyclicEvent.cpp:TimeMissed():101|Cycle miss in event CCSICombinedCmdManager Cyclic Event. Time Overrun is 7760 us[EOL]
[2026-09-22T09:02:35.711342Z][RSH.newgen-reagentstoragehandler][W][2330306][141]CRTCyclicEvent.cpp:TimeMissed():101|Cycle miss in event CCSICombinedRepManager. Time Overrun is 7760 us[EOL]
[2026-09-22T09:02:40.009130Z][RSH.rfidreader][W][2330306][133]CRTCyclicEvent.cpp:TimeMissed():101|Cycle miss in event CCSICombinedCmdManager Cyclic Event. Time Overrun is 11306 us[EOL]
[2026-09-22T09:02:40.009150Z][RSH.rfidreader][W][2330306][133]CRTCyclicEvent.cpp:TimeMissed():101|Cycle miss in event CCSICombinedRepManager. Time Overrun is 11306 us[EOL]
[2026-09-22T09:02:40.012063Z][RSH.newgen-reagentstoragehandler][W][2330306][141]CRTCyclicEvent.cpp:TimeMissed():101|Cycle miss in event CCSICombinedCmdManager Cyclic Event. Time Overrun is 8501 us[EOL]
[2026-09-22T09:02:40.012082Z][RSH.newgen-reagentstoragehandler][W][2330306][141]CRTCyclicEvent.cpp:TimeMissed():101|Cycle miss in event CCSICombinedRepManager. Time Overrun is 8501 us[EOL]
[2026-09-22T09:02:46.369143Z][RSH.newgen-reagentstoragehandler][W][2330306][141]CRTCyclicEvent.cpp:TimeMissed():101|Cycle miss in event CCSICombinedCmdManager Cyclic Event. Time Overrun is 5580 us[EOL]
[2026-09-22T09:02:46.369169Z][RSH.newgen-reagentstoragehandler][W][2330306][141]CRTCyclicEvent.cpp:TimeMissed():101|Cycle miss in event CCSICombinedRepManager. Time Overrun is 5580 us[EOL]
[2026-09-22T09:02:52.179861Z][RSH.newgen-reagentstoragehandler][W][2330306][141]CRTCyclicEvent.cpp:TimeMissed():101|Cycle miss in event CCSICombinedCmdManager Cyclic Event. Time Overrun is 16295 us[EOL]
[2026-09-22T09:02:52.179894Z][RSH.newgen-reagentstoragehandler][W][2330306][141]CRTCyclicEvent.cpp:TimeMissed():101|Cycle miss in event CCSICombinedRepManager. Time Overrun is 16295 us[EOL]
[2026-09-22T09:02:52.182692Z][RSH.rfidreader][W][2330306][133]CRTCyclicEvent.cpp:TimeMissed():101|Cycle miss in event CCSICombinedCmdManager Cyclic Event. Time Overrun is 24920 us[EOL]
[2026-09-22T09:02:52.182715Z][RSH.rfidreader][W][2330306][133]CRTCyclicEvent.cpp:TimeMissed():101|Cycle miss in event CCSICombinedRepManager. Time Overrun is 24920 us[EOL]
[2026-09-22T09:02:58.695333Z][RSH.newgen-reagentstoragehandler][I][2560016][141]IMessageHandler.h:operator()():40|Received RabbitMqMessage Roche.MolLab.InstrumentState.Ping. Content: {"Timestamp":"2026-09-22T09:02:58.675747Z","PingId":"IS66"}[EOL]
[2026-09-22T09:02:58.695395Z][RSH.newgen-reagentstoragehandler][I][844444436][141]UnitCommunicator.cpp:SendEvent():424|Publishing event: type=Roche.c68_8800.ReagentStorageHandler.Echo correlation_id=(n/a)[EOL]
[2026-09-22T09:02:58.695438Z][RSH.newgen-reagentstoragehandler][I][2560017][141]MessageSender.h:SendEvent():105|Sent RabbitMqEvent Roche.c68_8800.ReagentStorageHandler.Echo. Content: {"Timestamp":"2026-09-22T09:02:58.695383Z","PingId":"IS66"}[EOL]
[2026-09-22T09:03:16.424088Z][RSH.rfidreader][W][2330306][133]CRTCyclicEvent.cpp:TimeMissed():101|Cycle miss in event CCSICombinedCmdManager Cyclic Event. Time Overrun is 6315 us[EOL]
[2026-09-22T09:03:16.424110Z][RSH.rfidreader][W][2330306][133]CRTCyclicEvent.cpp:TimeMissed():101|Cycle miss in event CCSICombinedRepManager. Time Overrun is 6315 us[EOL]
[2026-09-22T09:03:16.427596Z][RSH.newgen-reagentstoragehandler][W][2330306][141]CRTCyclicEvent.cpp:TimeMissed():101|Cycle miss in event CCSICombinedCmdManager Cyclic Event. Time Overrun is 4032 us[EOL]
[2026-09-22T09:03:16.427624Z][RSH.newgen-reagentstoragehandler][W][2330306][141]CRTCyclicEvent.cpp:TimeMissed():101|Cycle miss in event CCSICombinedRepManager. Time Overrun is 4032 us[EOL]
[2026-09-22T09:03:24.799344Z][RSH.rfidreader][W][2330306][133]CRTCyclicEvent.cpp:TimeMissed():101|Cycle miss in event CCSICombinedCmdManager Cyclic Event. Time Overrun is 1564 us[EOL]
[2026-09-22T09:03:24.799562Z][RSH.rfidreader][W][2330306][133]CRTCyclicEvent.cpp:TimeMissed():101|Cycle miss in event CCSICombinedRepManager. Time Overrun is 1564 us[EOL]
[2026-09-22T09:03:28.687573Z][RSH.newgen-reagentstoragehandler][I][2560016][141]IMessageHandler.h:operator()():40|Received RabbitMqMessage Roche.MolLab.InstrumentState.Ping. Content: {"Timestamp":"2026-09-22T09:03:28.675132Z","PingId":"IS67"}[EOL]
[2026-09-22T09:03:28.687611Z][RSH.newgen-reagentstoragehandler][I][844444436][141]UnitCommunicator.cpp:SendEvent():424|Publishing event: type=Roche.c68_8800.ReagentStorageHandler.Echo correlation_id=(n/a)[EOL]
[2026-09-22T09:03:28.687631Z][RSH.newgen-reagentstoragehandler][I][2560017][141]MessageSender.h:SendEvent():105|Sent RabbitMqEvent Roche.c68_8800.ReagentStorageHandler.Echo. Content: {"Timestamp":"2026-09-22T09:03:28.687605Z","PingId":"IS67"}[EOL]
[2026-09-22T09:03:28.725000Z][RSH.rfidreader][W][2330306][133]CRTCyclicEvent.cpp:TimeMissed():101|Cycle miss in event CCSICombinedCmdManager Cyclic Event. Time Overrun is 7227 us[EOL]
[2026-09-22T09:03:28.725025Z][RSH.rfidreader][W][2330306][133]CRTCyclicEvent.cpp:TimeMissed():101|Cycle miss in event CCSICombinedRepManager. Time Overrun is 7227 us[EOL]
[2026-09-22T09:03:28.813964Z][RSH.newgen-reagentstoragehandler][W][2330306][141]CRTCyclicEvent.cpp:TimeMissed():101|Cycle miss in event CCSICombinedCmdManager Cyclic Event. Time Overrun is 399 us[EOL]
[2026-09-22T09:03:28.813992Z][RSH.newgen-reagentstoragehandler][W][2330306][141]CRTCyclicEvent.cpp:TimeMissed():101|Cycle miss in event CCSICombinedRepManager. Time Overrun is 399 us[EOL]
[2026-09-22T09:03:28.969528Z][RSH.rfidreader][W][2330306][133]CRTCyclicEvent.cpp:TimeMissed():101|Cycle miss in event CCSICombinedCmdManager Cyclic Event. Time Overrun is 1751 us[EOL]
[2026-09-22T09:03:28.969563Z][RSH.rfidreader][W][2330306][133]CRTCyclicEvent.cpp:TimeMissed():101|Cycle miss in event CCSICombinedRepManager. Time Overrun is 1751 us[EOL]
[2026-09-22T09:03:33.720263Z][RSH.newgen-reagentstoragehandler][W][2330306][141]CRTCyclicEvent.cpp:TimeMissed():101|Cycle miss in event CCSICombinedCmdManager Cyclic Event. Time Overrun is 6690 us[EOL]
[2026-09-22T09:03:33.720294Z][RSH.newgen-reagentstoragehandler][W][2330306][141]CRTCyclicEvent.cpp:TimeMissed():101|Cycle miss in event CCSICombinedRepManager. Time Overrun is 6690 us[EOL]
[2026-09-22T09:03:33.720431Z][RSH.rfidreader][W][2330306][133]CRTCyclicEvent.cpp:TimeMissed():101|Cycle miss in event CCSICombinedCmdManager Cyclic Event. Time Overrun is 2658 us[EOL]
[2026-09-22T09:03:33.720461Z][RSH.rfidreader][W][2330306][133]CRTCyclicEvent.cpp:TimeMissed():101|Cycle miss in event CCSICombinedRepManager. Time Overrun is 2658 us[EOL]
[2026-09-22T09:03:35.704073Z][RSH.newgen-reagentstoragehandler][W][2330306][141]CRTCyclicEvent.cpp:TimeMissed():101|Cycle miss in event CCSICombinedCmdManager Cyclic Event. Time Overrun is 20510 us[EOL]
[2026-09-22T09:03:35.704516Z][RSH.rfidreader][W][2330306][133]CRTCyclicEvent.cpp:TimeMissed():101|Cycle miss in event CCSICombinedCmdManager Cyclic Event. Time Overrun is 16742 us[EOL]
[2026-09-22T09:03:35.704543Z][RSH.rfidreader][W][2330306][133]CRTCyclicEvent.cpp:TimeMissed():101|Cycle miss in event CCSICombinedRepManager. Time Overrun is 16742 us[EOL]
[2026-09-22T09:03:35.704100Z][RSH.newgen-reagentstoragehandler][W][2330306][141]CRTCyclicEvent.cpp:TimeMissed():101|Cycle miss in event CCSICombinedRepManager. Time Overrun is 20510 us[EOL]
[2026-09-22T09:03:40.834221Z][RSH.newgen-reagentstoragehandler][W][2330306][141]CRTCyclicEvent.cpp:TimeMissed():101|Cycle miss in event CCSICombinedCmdManager Cyclic Event. Time Overrun is 652 us[EOL]
[2026-09-22T09:03:40.834313Z][RSH.newgen-reagentstoragehandler][W][2330306][141]CRTCyclicEvent.cpp:TimeMissed():101|Cycle miss in event CCSICombinedRepManager. Time Overrun is 652 us[EOL]
[2026-09-22T09:03:43.567073Z][RSH.newgen-reagentstoragehandler][W][2330306][141]CRTCyclicEvent.cpp:TimeMissed():101|Cycle miss in event CCSICombinedCmdManager Cyclic Event. Time Overrun is 3510 us[EOL]
[2026-09-22T09:03:43.567096Z][RSH.newgen-reagentstoragehandler][W][2330306][141]CRTCyclicEvent.cpp:TimeMissed():101|Cycle miss in event CCSICombinedRepManager. Time Overrun is 3510 us[EOL]
[2026-09-22T09:03:44.687922Z][RSH.newgen-reagentstoragehandler][W][2330306][141]CRTCyclicEvent.cpp:TimeMissed():101|Cycle miss in event CCSICombinedCmdManager Cyclic Event. Time Overrun is 4359 us[EOL]
[2026-09-22T09:03:44.687951Z][RSH.newgen-reagentstoragehandler][W][2330306][141]CRTCyclicEvent.cpp:TimeMissed():101|Cycle miss in event CCSICombinedRepManager. Time Overrun is 4359 us[EOL]
[2026-09-22T09:03:48.438414Z][RSH.rfidreader][W][2330306][133]CRTCyclicEvent.cpp:TimeMissed():101|Cycle miss in event CCSICombinedCmdManager Cyclic Event. Time Overrun is 10635 us[EOL]
[2026-09-22T09:03:48.438459Z][RSH.rfidreader][W][2330306][133]CRTCyclicEvent.cpp:TimeMissed():101|Cycle miss in event CCSICombinedRepManager. Time Overrun is 10635 us[EOL]
[2026-09-22T09:03:48.441704Z][RSH.newgen-reagentstoragehandler][W][2330306][141]CRTCyclicEvent.cpp:TimeMissed():101|Cycle miss in event CCSICombinedCmdManager Cyclic Event. Time Overrun is 18140 us[EOL]
[2026-09-22T09:03:48.441734Z][RSH.newgen-reagentstoragehandler][W][2330306][141]CRTCyclicEvent.cpp:TimeMissed():101|Cycle miss in event CCSICombinedRepManager. Time Overrun is 18140 us[EOL]
[2026-09-22T09:03:53.960014Z][RSH.rfidreader][W][2330306][133]CRTCyclicEvent.cpp:TimeMissed():101|Cycle miss in event CCSICombinedCmdManager Cyclic Event. Time Overrun is 2240 us[EOL]
[2026-09-22T09:03:53.960041Z][RSH.rfidreader][W][2330306][133]CRTCyclicEvent.cpp:TimeMissed():101|Cycle miss in event CCSICombinedRepManager. Time Overrun is 2240 us[EOL]
[2026-09-22T09:03:53.963653Z][RSH.newgen-reagentstoragehandler][W][2330306][141]CRTCyclicEvent.cpp:TimeMissed():101|Cycle miss in event CCSICombinedCmdManager Cyclic Event. Time Overrun is 10083 us[EOL]
[2026-09-22T09:03:53.963689Z][RSH.newgen-reagentstoragehandler][W][2330306][141]CRTCyclicEvent.cpp:TimeMissed():101|Cycle miss in event CCSICombinedRepManager. Time Overrun is 10083 us[EOL]
[2026-09-22T09:03:55.370710Z][RSH.rfidreader][W][2330306][133]CRTCyclicEvent.cpp:TimeMissed():101|Cycle miss in event CCSICombinedCmdManager Cyclic Event. Time Overrun is 2935 us[EOL]
[2026-09-22T09:03:55.370746Z][RSH.rfidreader][W][2330306][133]CRTCyclicEvent.cpp:TimeMissed():101|Cycle miss in event CCSICombinedRepManager. Time Overrun is 2935 us[EOL]
[2026-09-22T09:03:58.682747Z][RSH.newgen-reagentstoragehandler][I][2560016][141]IMessageHandler.h:operator()():40|Received RabbitMqMessage Roche.MolLab.InstrumentState.Ping. Content: {"Timestamp":"2026-09-22T09:03:58.6744201Z","PingId":"IS68"}[EOL]
[2026-09-22T09:03:58.682826Z][RSH.newgen-reagentstoragehandler][I][844444436][141]UnitCommunicator.cpp:SendEvent():424|Publishing event: type=Roche.c68_8800.ReagentStorageHandler.Echo correlation_id=(n/a)[EOL]
[2026-09-22T09:03:58.682852Z][RSH.newgen-reagentstoragehandler][I][2560017][141]MessageSender.h:SendEvent():105|Sent RabbitMqEvent Roche.c68_8800.ReagentStorageHandler.Echo. Content: {"Timestamp":"2026-09-22T09:03:58.682817Z","PingId":"IS68"}[EOL]
[2026-09-22T09:04:07.422474Z][RSH.rfidreader][W][2330306][133]CRTCyclicEvent.cpp:TimeMissed():101|Cycle miss in event CCSICombinedCmdManager Cyclic Event. Time Overrun is 4571 us[EOL]
[2026-09-22T09:04:07.422529Z][RSH.rfidreader][W][2330306][133]CRTCyclicEvent.cpp:TimeMissed():101|Cycle miss in event CCSICombinedRepManager. Time Overrun is 4571 us[EOL]
