[2026-09-22T07:25:56.953718Z][TRM_E.barcodereader][I][2330115][136]CRTArgumentParserBase.cpp:SetupLogFacility():200|System Logger Setup Done.[EOL]
[2026-09-22T07:25:56.953957Z][TRM_E.barcodereader][I][1350078][136]CArgumentParserBase.cpp:ParseArguments():86|CSM version: 2.81.0.1340453_[EOL]
[2026-09-22T07:25:57.600360Z][TRM_E.barcodereader][I][2330346][136]CRTSystemLogger.cpp:Activate():64|Realtime Logger created.[EOL]
[2026-09-22T07:25:57.600418Z][TRM_E.barcodereader][N][2330110][136]CTLSF.cpp:TraceStatistics():105|TLSF Statistics: Initial pool size: 256000 Bytes, pool increased: 0 times, high watermark: 36032 bytes, currently used size: 35984 bytes.[EOL]
[2026-09-22T07:25:57.600433Z][TRM_E.barcodereader][I][2330349][136]CRTEventSystemConfigurationDefault.cpp:TraceSetupDone():284|Realtime Context Setup Done. Sched Policy: SCHED_FIFO, Prio: 46, Timer Prio: 75, Middleware Prio: 76, CPU assigned by OS[EOL]
[2026-09-22T07:25:57.617789Z][TRM_E.barcodereader][N][2330477][136]CConnectionHandler.cpp:RegisterConnection():104|Socket added to epoll with identifier 0x0 (0), file descriptor 11.[EOL]
[2026-09-22T07:25:57.749167Z][TRM_E.barcodereader][N][2330477][136]CConnectionHandler.cpp:RegisterConnection():104|Socket added to epoll with identifier 0x0 (0), file descriptor 13.[EOL]
[2026-09-22T07:25:57.749243Z][TRM_E.barcodereader][N][2330467][136]CDefaultStreamHandler.cpp:OnConnectionAccepted():405|New connection established. file descriptor 13[EOL]
[2026-09-22T07:25:57.749306Z][TRM_E.barcodereader][N][2330470][136]CDefaultStreamHandler.cpp:OnClosing():424|Socket with file descriptor 13 has been disconnected[EOL]
[2026-09-22T07:25:57.749314Z][TRM_E.barcodereader][N][2330478][136]CConnectionHandler.cpp:UnregisterConnection():127|Socket removed from epoll with identifier 0x0 (0), file descriptor 13.[EOL]
[2026-09-22T07:26:00.122858Z][TRM_E.barcodereader][W][2330306][136]CRTCyclicEvent.cpp:TimeMissed():101|Cycle miss in event CCSICombinedCmdManager Cyclic Event. Time Overrun is 8431 us[EOL]
[2026-09-22T07:26:00.123168Z][TRM_E.barcodereader][W][2330306][136]CRTCyclicEvent.cpp:TimeMissed():101|Cycle miss in event CCSICombinedRepManager. Time Overrun is 8431 us[EOL]
[2026-09-22T07:26:00.764173Z][TRM_E.barcodereader][W][2330306][136]CRTCyclicEvent.cpp:TimeMissed():101|Cycle miss in event CCSICombinedCmdManager Cyclic Event. Time Overrun is 11716 us[EOL]
[2026-09-22T07:26:00.764270Z][TRM_E.barcodereader][W][2330306][136]CRTCyclicEvent.cpp:TimeMissed():101|Cycle miss in event CCSICombinedRepManager. Time Overrun is 11716 us[EOL]
[2026-09-22T07:26:01.272967Z][TRM_E.barcodereader][W][2330306][136]CRTCyclicEvent.cpp:TimeMissed():101|Cycle miss in event CCSICombinedCmdManager Cyclic Event. Time Overrun is 10512 us[EOL]
[2026-09-22T07:26:01.273015Z][TRM_E.barcodereader][W][2330306][136]CRTCyclicEvent.cpp:TimeMissed():101|Cycle miss in event CCSICombinedRepManager. Time Overrun is 10512 us[EOL]
[2026-09-22T07:26:01.653490Z][TRM_E.barcodereader][W][2330306][136]CRTCyclicEvent.cpp:TimeMissed():101|Cycle miss in event CCSICombinedCmdManager Cyclic Event. Time Overrun is 11039 us[EOL]
[2026-09-22T07:26:01.653626Z][TRM_E.barcodereader][W][2330306][136]CRTCyclicEvent.cpp:TimeMissed():101|Cycle miss in event CCSICombinedRepManager. Time Overrun is 11039 us[EOL]
[2026-09-22T07:26:01.811326Z][TRM_E.barcodereader][W][2330306][136]CRTCyclicEvent.cpp:TimeMissed():101|Cycle miss in event CCSICombinedCmdManager Cyclic Event. Time Overrun is 18867 us[EOL]
[2026-09-22T07:26:01.811400Z][TRM_E.barcodereader][W][2330306][136]CRTCyclicEvent.cpp:TimeMissed():101|Cycle miss in event CCSICombinedRepManager. Time Overrun is 18867 us[EOL]
[2026-09-22T07:26:03.113043Z][TRM_E.newgen-tiprackmagazine][I][2330115][143]CRTArgumentParserBase.cpp:SetupLogFacility():200|System Logger Setup Done.[EOL]
[2026-09-22T07:26:03.160885Z][TRM_E.newgen-tiprackmagazine][I][1350078][143]CArgumentParserBase.cpp:ParseArguments():86|CSM version: 3.1.0.1340640_[EOL]
[2026-09-22T07:26:04.085384Z][TRM_E.barcodereader][W][2330306][136]CRTCyclicEvent.cpp:TimeMissed():101|Cycle miss in event CCSICombinedCmdManager Cyclic Event. Time Overrun is 472717 us[EOL]
[2026-09-22T07:26:04.085905Z][TRM_E.barcodereader][W][2330306][136]CRTCyclicEvent.cpp:TimeMissed():101|Cycle miss in event CCSICombinedRepManager. Time Overrun is 472717 us[EOL]
[2026-09-22T07:26:04.215381Z][TRM_E.newgen-tiprackmagazine][I][2330346][143]CRTSystemLogger.cpp:Activate():64|Realtime Logger created.[EOL]
[2026-09-22T07:26:04.226354Z][TRM_E.newgen-tiprackmagazine][N][2330110][143]CTLSF.cpp:TraceStatistics():105|TLSF Statistics: Initial pool size: 5242880 Bytes, pool increased: 0 times, high watermark: 126384 bytes, currently used size: 120576 bytes.[EOL]
[2026-09-22T07:26:04.226394Z][TRM_E.newgen-tiprackmagazine][I][2330349][143]CRTEventSystemConfigurationDefault.cpp:TraceSetupDone():284|Realtime Context Setup Done. Sched Policy: SCHED_FIFO, Prio: 45, Timer Prio: 75, Middleware Prio: 76, CPU assigned by OS[EOL]
[2026-09-22T07:26:06.234056Z][TRM_E.barcodereader][W][2330306][136]CRTCyclicEvent.cpp:TimeMissed():101|Cycle miss in event CCSICyclicRepManager. Time Overrun is 950556 us[EOL]
[2026-09-22T07:26:06.563009Z][TRM_E.barcodereader][W][2330306][136]CRTCyclicEvent.cpp:TimeMissed():101|Cycle miss in event CCSICombinedCmdManager Cyclic Event. Time Overrun is 60560 us[EOL]
[2026-09-22T07:26:06.563034Z][TRM_E.barcodereader][W][2330306][136]CRTCyclicEvent.cpp:TimeMissed():101|Cycle miss in event CCSICombinedRepManager. Time Overrun is 60560 us[EOL]
[2026-09-22T07:26:06.607752Z][TRM_E.newgen-tiprackmagazine][I][1000053][143]CMotorLLCS.cpp:DoConfigure():192|Create BCI device with CDI: 0x10A702[EOL]
[2026-09-22T07:26:06.845050Z][TRM_E.barcodereader][W][2330306][136]CRTCyclicEvent.cpp:TimeMissed():101|Cycle miss in event CCSICombinedCmdManager Cyclic Event. Time Overrun is 2596 us[EOL]
[2026-09-22T07:26:06.845107Z][TRM_E.barcodereader][W][2330306][136]CRTCyclicEvent.cpp:TimeMissed():101|Cycle miss in event CCSICombinedRepManager. Time Overrun is 2596 us[EOL]
[2026-09-22T07:26:06.890904Z][TRM_E.newgen-tiprackmagazine][I][6830011][143]CCSMApplication.cpp:UserLevelApplicationInit():342|State machine instantiation done[EOL]
[2026-09-22T07:26:06.890941Z][TRM_E.newgen-tiprackmagazine][I][6830011][143]CCSMApplication.cpp:UserLevelApplicationInit():348|XML path is: /opt/roche/config//settings/config/tiprack-magazine-parampool.xml[EOL]
[2026-09-22T07:26:06.949596Z][TRM_E.newgen-tiprackmagazine][I][6830011][143]CCSMApplication.cpp:UserLevelApplicationInit():358|Parameter pool configuration done[EOL]
[2026-09-22T07:26:06.957259Z][TRM_E.newgen-tiprackmagazine][I][0][143]CCSMApplication.cpp:UserLevelApplicationInit():398|Loading ECC /opt/roche/config//settings/startup/ecc.xml, Config ID: TipRackMagazine_E[EOL]
[2026-09-22T07:26:07.638303Z][TRM_E.newgen-tiprackmagazine][I][0][143]CCSMApplication.cpp:UserLevelApplicationInit():400|Parsing Device List[EOL]
[2026-09-22T07:26:07.813929Z][TRM_E.newgen-tiprackmagazine][I][6830011][143]CCSMApplication.cpp:UserLevelApplicationInit():416|Module configuration done[EOL]
[2026-09-22T07:26:07.813967Z][TRM_E.newgen-tiprackmagazine][I][6830011][143]CCSMApplication.cpp:UserLevelApplicationInit():430|Default- & AS- Errorhandling instantiated![EOL]
[2026-09-22T07:26:07.820527Z][TRM_E.newgen-tiprackmagazine][N][2330477][143]CConnectionHandler.cpp:RegisterConnection():104|Socket added to epoll with identifier 0x0 (0), file descriptor 20.[EOL]
[2026-09-22T07:26:07.841337Z][TRM_E.newgen-tiprackmagazine][N][2330477][143]CConnectionHandler.cpp:RegisterConnection():104|Socket added to epoll with identifier 0x0 (0), file descriptor 21.[EOL]
[2026-09-22T07:26:07.841394Z][TRM_E.newgen-tiprackmagazine][N][2330467][143]CDefaultStreamHandler.cpp:OnConnectionAccepted():405|New connection established. file descriptor 21[EOL]
[2026-09-22T07:26:07.841455Z][TRM_E.newgen-tiprackmagazine][N][2330470][143]CDefaultStreamHandler.cpp:OnClosing():424|Socket with file descriptor 21 has been disconnected[EOL]
[2026-09-22T07:26:07.841462Z][TRM_E.newgen-tiprackmagazine][N][2330478][143]CConnectionHandler.cpp:UnregisterConnection():127|Socket removed from epoll with identifier 0x0 (0), file descriptor 21.[EOL]
[2026-09-22T07:26:07.863307Z][TRM_E.newgen-tiprackmagazine][N][844444405][143]RabbitMqConnector.cpp:Connect():840|Connecting as '6800_2AC.10001.TipRackMagazine.E' to RabbitMQ on amqp://USERNAME:PASSWORD@rabbitmq-server/[EOL]
[2026-09-22T07:26:07.882198Z][TRM_E.newgen-tiprackmagazine][N][2330477][143]CConnectionHandler.cpp:RegisterConnection():104|Socket added to epoll with identifier 0x15 (21), file descriptor 21.[EOL]
[2026-09-22T07:26:07.934024Z][TRM_E.newgen-tiprackmagazine][N][2330477][143]CConnectionHandler.cpp:RegisterConnection():104|Socket added to epoll with identifier 0x17 (23), file descriptor 23.[EOL]
[2026-09-22T07:26:07.934064Z][TRM_E.newgen-tiprackmagazine][N][2330478][143]CConnectionHandler.cpp:UnregisterConnection():127|Socket removed from epoll with identifier 0x15 (21), file descriptor 21.[EOL]
[2026-09-22T07:26:08.863490Z][TRM_E.barcodereader][W][2330306][136]CRTCyclicEvent.cpp:TimeMissed():101|Cycle miss in event CCSICombinedCmdManager Cyclic Event. Time Overrun is 41041 us[EOL]
[2026-09-22T07:26:08.863537Z][TRM_E.newgen-tiprackmagazine][W][2330306][143]CRTCyclicEvent.cpp:TimeMissed():101|Cycle miss in event CCSICombinedCmdManager Cyclic Event. Time Overrun is 38597 us[EOL]
[2026-09-22T07:26:08.863518Z][TRM_E.barcodereader][W][2330306][136]CRTCyclicEvent.cpp:TimeMissed():101|Cycle miss in event CCSICombinedRepManager. Time Overrun is 41041 us[EOL]
[2026-09-22T07:26:08.863559Z][TRM_E.newgen-tiprackmagazine][W][2330306][143]CRTCyclicEvent.cpp:TimeMissed():101|Cycle miss in event CCSICombinedRepManager. Time Overrun is 38597 us[EOL]
[2026-09-22T07:26:09.064635Z][TRM_E.barcodereader][W][2330306][136]CRTCyclicEvent.cpp:TimeMissed():101|Cycle miss in event CCSICombinedCmdManager Cyclic Event. Time Overrun is 2182 us[EOL]
[2026-09-22T07:26:09.064687Z][TRM_E.barcodereader][W][2330306][136]CRTCyclicEvent.cpp:TimeMissed():101|Cycle miss in event CCSICombinedRepManager. Time Overrun is 2182 us[EOL]
[2026-09-22T07:26:10.075486Z][TRM_E.barcodereader][W][2330306][136]CRTCyclicEvent.cpp:TimeMissed():101|Cycle miss in event CCSICombinedCmdManager Cyclic Event. Time Overrun is 3004 us[EOL]
[2026-09-22T07:26:10.075558Z][TRM_E.barcodereader][W][2330306][136]CRTCyclicEvent.cpp:TimeMissed():101|Cycle miss in event CCSICombinedRepManager. Time Overrun is 3004 us[EOL]
[2026-09-22T07:26:10.075507Z][TRM_E.newgen-tiprackmagazine][W][2330306][143]CRTCyclicEvent.cpp:TimeMissed():101|Cycle miss in event CCSICombinedCmdManager Cyclic Event. Time Overrun is 533 us[EOL]
[2026-09-22T07:26:10.075565Z][TRM_E.newgen-tiprackmagazine][W][2330306][143]CRTCyclicEvent.cpp:TimeMissed():101|Cycle miss in event CCSICombinedRepManager. Time Overrun is 533 us[EOL]
[2026-09-22T07:26:10.509186Z][TRM_E.barcodereader][W][2330306][136]CRTCyclicEvent.cpp:TimeMissed():101|Cycle miss in event CCSICyclicRepManager. Time Overrun is 2527494 us[EOL]
[2026-09-22T07:26:10.616660Z][TRM_E.newgen-tiprackmagazine][W][2330306][143]CRTCyclicEvent.cpp:TimeMissed():101|Cycle miss in event CCSICombinedCmdManager Cyclic Event. Time Overrun is 1714 us[EOL]
[2026-09-22T07:26:10.616714Z][TRM_E.newgen-tiprackmagazine][W][2330306][143]CRTCyclicEvent.cpp:TimeMissed():101|Cycle miss in event CCSICombinedRepManager. Time Overrun is 1714 us[EOL]
[2026-09-22T07:26:10.652284Z][TRM_E.newgen-tiprackmagazine][I][844444409][143]RabbitMqConnector.cpp:onProperties():1356|Exchange of properties: amqp_conn=0x7f5e85855140 amqp_conn_fd=23#012  Properties sent by server:#012    table(capabilities:table(authentication_failure_close:booleanset(1,0,0,0,0,0,0,0),basic.nack:booleanset(1,0,0,0,0,0,0,0),connection.blocked:booleanset(1,0,0,0,0,0,0,0),consumer_cancel_notify:booleanset(1,0,0,0,0,0,0,0),consumer_priorities:booleanset(1,0,0,0,0,0,0,0),direct_reply_to:booleanset(1,0,0,0,0,0,0,0),exchange_exchange_bindings:booleanset(1,0,0,0,0,0,0,0),per_consumer_qos:booleanset(1,0,0,0,0,0,0,0),publisher_confirms:booleanset(1,0,0,0,0,0,0,0)),cluster_name:string(rabbit@x800-instrument),copyright:string(Copyright (c) 2007-2024 Broadcom Inc and/or its subsidiaries),information:string(Licensed under the MPL 2.0. Website: https://rabbitmq.com),platform:string(Erlang/OTP 26.2.5.3),product:string(RabbitMQ),version:string(3.13.7))#012  Properties sent back by us:#012    table(connection_name:string(6800_2AC.10001.TipRackMagazine.E))#012  Note that additional properties will be set internally by the AMQP-CPP library.[EOL]
[2026-09-22T07:26:10.753608Z][TRM_E.barcodereader][W][2330306][136]CRTCyclicEvent.cpp:TimeMissed():101|Cycle miss in event CCSICombinedCmdManager Cyclic Event. Time Overrun is 1159 us[EOL]
[2026-09-22T07:26:10.753645Z][TRM_E.barcodereader][W][2330306][136]CRTCyclicEvent.cpp:TimeMissed():101|Cycle miss in event CCSICombinedRepManager. Time Overrun is 1159 us[EOL]
[2026-09-22T07:26:10.752645Z][TRM_E.newgen-tiprackmagazine][W][2330306][143]CRTCyclicEvent.cpp:TimeMissed():101|Cycle miss in event CCSICombinedCmdManager Cyclic Event. Time Overrun is 7701 us[EOL]
[2026-09-22T07:26:10.752695Z][TRM_E.newgen-tiprackmagazine][W][2330306][143]CRTCyclicEvent.cpp:TimeMissed():101|Cycle miss in event CCSICombinedRepManager. Time Overrun is 7701 us[EOL]
[2026-09-22T07:26:10.880796Z][TRM_E.newgen-tiprackmagazine][W][2330306][143]CRTCyclicEvent.cpp:TimeMissed():101|Cycle miss in event CCSICombinedCmdManager Cyclic Event. Time Overrun is 5855 us[EOL]
[2026-09-22T07:26:10.880828Z][TRM_E.newgen-tiprackmagazine][W][2330306][143]CRTCyclicEvent.cpp:TimeMissed():101|Cycle miss in event CCSICombinedRepManager. Time Overrun is 5855 us[EOL]
[2026-09-22T07:26:10.880695Z][TRM_E.barcodereader][W][2330306][136]CRTCyclicEvent.cpp:TimeMissed():101|Cycle miss in event CCSICombinedCmdManager Cyclic Event. Time Overrun is 8246 us[EOL]
[2026-09-22T07:26:10.880834Z][TRM_E.barcodereader][W][2330306][136]CRTCyclicEvent.cpp:TimeMissed():101|Cycle miss in event CCSICombinedRepManager. Time Overrun is 8246 us[EOL]
[2026-09-22T07:26:11.663621Z][TRM_E.barcodereader][W][2330306][136]CRTCyclicEvent.cpp:TimeMissed():101|Cycle miss in event CCSICombinedCmdManager Cyclic Event. Time Overrun is 11100 us[EOL]
[2026-09-22T07:26:11.663725Z][TRM_E.barcodereader][W][2330306][136]CRTCyclicEvent.cpp:TimeMissed():101|Cycle miss in event CCSICombinedRepManager. Time Overrun is 11100 us[EOL]
[2026-09-22T07:26:11.669633Z][TRM_E.newgen-tiprackmagazine][W][2330306][143]CRTCyclicEvent.cpp:TimeMissed():101|Cycle miss in event CCSICombinedCmdManager Cyclic Event. Time Overrun is 14667 us[EOL]
[2026-09-22T07:26:11.669955Z][TRM_E.newgen-tiprackmagazine][W][2330306][143]CRTCyclicEvent.cpp:TimeMissed():101|Cycle miss in event CCSICombinedRepManager. Time Overrun is 14667 us[EOL]
[2026-09-22T07:26:12.884185Z][TRM_E.barcodereader][W][2330306][136]CRTCyclicEvent.cpp:TimeMissed():101|Cycle miss in event CCSICombinedCmdManager Cyclic Event. Time Overrun is 1734 us[EOL]
[2026-09-22T07:26:12.884226Z][TRM_E.barcodereader][W][2330306][136]CRTCyclicEvent.cpp:TimeMissed():101|Cycle miss in event CCSICombinedRepManager. Time Overrun is 1734 us[EOL]
[2026-09-22T07:26:13.124544Z][TRM_E.barcodereader][W][2330306][136]CRTCyclicEvent.cpp:TimeMissed():101|Cycle miss in event CCSICombinedCmdManager Cyclic Event. Time Overrun is 2082 us[EOL]
[2026-09-22T07:26:13.124612Z][TRM_E.barcodereader][W][2330306][136]CRTCyclicEvent.cpp:TimeMissed():101|Cycle miss in event CCSICombinedRepManager. Time Overrun is 2082 us[EOL]
[2026-09-22T07:26:13.213255Z][TRM_E.newgen-tiprackmagazine][W][2330306][143]CRTCyclicEvent.cpp:TimeMissed():101|Cycle miss in event CCSICombinedCmdManager Cyclic Event. Time Overrun is 8314 us[EOL]
[2026-09-22T07:26:13.213364Z][TRM_E.newgen-tiprackmagazine][W][2330306][143]CRTCyclicEvent.cpp:TimeMissed():101|Cycle miss in event CCSICombinedRepManager. Time Overrun is 8314 us[EOL]
[2026-09-22T07:26:13.795675Z][TRM_E.newgen-tiprackmagazine][W][2330306][143]CRTCyclicEvent.cpp:TimeMissed():101|Cycle miss in event CCSICombinedCmdManager Cyclic Event. Time Overrun is 10731 us[EOL]
[2026-09-22T07:26:13.795723Z][TRM_E.newgen-tiprackmagazine][W][2330306][143]CRTCyclicEvent.cpp:TimeMissed():101|Cycle miss in event CCSICombinedRepManager. Time Overrun is 10731 us[EOL]
[2026-09-22T07:26:13.846198Z][TRM_E.newgen-tiprackmagazine][I][844444410][143]RabbitMqConnector.cpp:onNegotiate():1364|Setting heartbeat frequency: amqp_conn=0x7f5e85855140 amqp_conn_fd=23 interval=60[EOL]
[2026-09-22T07:26:13.995504Z][TRM_E.newgen-tiprackmagazine][W][2330306][143]CRTCyclicEvent.cpp:TimeMissed():101|Cycle miss in event CCSICombinedCmdManager Cyclic Event. Time Overrun is 543 us[EOL]
[2026-09-22T07:26:13.995544Z][TRM_E.newgen-tiprackmagazine][W][2330306][143]CRTCyclicEvent.cpp:TimeMissed():101|Cycle miss in event CCSICombinedRepManager. Time Overrun is 543 us[EOL]
[2026-09-22T07:26:14.248834Z][TRM_E.newgen-tiprackmagazine][I][844444411][143]RabbitMqConnector.cpp:onReady():1373|Handshake with rabbitmq completed: amqp_conn=0x7f5e85855140 amqp_conn_fd=23[EOL]
[2026-09-22T07:26:14.872786Z][TRM_E.barcodereader][W][2330306][136]CRTCyclicEvent.cpp:TimeMissed():101|Cycle miss in event CCSICombinedCmdManager Cyclic Event. Time Overrun is 271 us[EOL]
[2026-09-22T07:26:14.873125Z][TRM_E.barcodereader][W][2330306][136]CRTCyclicEvent.cpp:TimeMissed():101|Cycle miss in event CCSICombinedRepManager. Time Overrun is 271 us[EOL]
[2026-09-22T07:26:15.033170Z][TRM_E.newgen-tiprackmagazine][W][2330306][143]CRTCyclicEvent.cpp:TimeMissed():101|Cycle miss in event CCSICombinedCmdManager Cyclic Event. Time Overrun is 18185 us[EOL]
[2026-09-22T07:26:15.033215Z][TRM_E.newgen-tiprackmagazine][W][2330306][143]CRTCyclicEvent.cpp:TimeMissed():101|Cycle miss in event CCSICombinedRepManager. Time Overrun is 18185 us[EOL]
[2026-09-22T07:26:15.063106Z][TRM_E.barcodereader][W][2330306][136]CRTCyclicEvent.cpp:TimeMissed():101|Cycle miss in event CCSICombinedCmdManager Cyclic Event. Time Overrun is 10657 us[EOL]
[2026-09-22T07:26:15.063163Z][TRM_E.barcodereader][W][2330306][136]CRTCyclicEvent.cpp:TimeMissed():101|Cycle miss in event CCSICombinedRepManager. Time Overrun is 10657 us[EOL]
[2026-09-22T07:26:15.138552Z][TRM_E.newgen-tiprackmagazine][I][844444453][143]RabbitMqConnector.cpp:operator()():631|Sucessfully consumed: queue_name: roche.newgen.tiprackmagazine.e.q[EOL]
[2026-09-22T07:26:15.147310Z][TRM_E.newgen-tiprackmagazine][I][844444436][143]UnitCommunicator.cpp:SendEvent():424|Publishing event: type=Roche.c68_8800.TipRackMagazine.E.UnitStateChanged correlation_id=(n/a)[EOL]
[2026-09-22T07:26:15.148222Z][TRM_E.newgen-tiprackmagazine][I][2560017][143]MessageSender.h:SendEvent():105|Sent RabbitMqEvent Roche.c68_8800.TipRackMagazine.E.UnitStateChanged. Content: {"Timestamp":"2026-09-22T07:26:15.146762Z","TraceContext":"00-5ad523583931a5e1b1d1aba144dec10b-87e5b72bb55949b6-01","MagazineId":"E","OldState":"PoweredOff","NewState":"StartingUp"}[EOL]
[2026-09-22T07:26:15.918900Z][TRM_E.barcodereader][W][2330306][136]CRTCyclicEvent.cpp:TimeMissed():101|Cycle miss in event CCSICombinedCmdManager Cyclic Event. Time Overrun is 6358 us[EOL]
[2026-09-22T07:26:15.919054Z][TRM_E.barcodereader][W][2330306][136]CRTCyclicEvent.cpp:TimeMissed():101|Cycle miss in event CCSICombinedRepManager. Time Overrun is 6358 us[EOL]
[2026-09-22T07:26:16.406005Z][TRM_E.newgen-tiprackmagazine][W][2330306][143]CRTCyclicEvent.cpp:TimeMissed():101|Cycle miss in event CCSICombinedCmdManager Cyclic Event. Time Overrun is 927 us[EOL]
[2026-09-22T07:26:16.406456Z][TRM_E.newgen-tiprackmagazine][W][2330306][143]CRTCyclicEvent.cpp:TimeMissed():101|Cycle miss in event CCSICombinedRepManager. Time Overrun is 927 us[EOL]
[2026-09-22T07:26:16.791436Z][TRM_E.newgen-tiprackmagazine][W][2330306][143]CRTCyclicEvent.cpp:TimeMissed():101|Cycle miss in event CCSICombinedCmdManager Cyclic Event. Time Overrun is 6493 us[EOL]
[2026-09-22T07:26:16.791469Z][TRM_E.newgen-tiprackmagazine][W][2330306][143]CRTCyclicEvent.cpp:TimeMissed():101|Cycle miss in event CCSICombinedRepManager. Time Overrun is 6493 us[EOL]
[2026-09-22T07:26:19.144525Z][TRM_E.newgen-tiprackmagazine][W][2330306][143]CRTCyclicEvent.cpp:TimeMissed():101|Cycle miss in event CCSICombinedCmdManager Cyclic Event. Time Overrun is 9493 us[EOL]
[2026-09-22T07:26:19.164794Z][TRM_E.barcodereader][W][2330306][136]CRTCyclicEvent.cpp:TimeMissed():101|Cycle miss in event CCSICombinedCmdManager Cyclic Event. Time Overrun is 22214 us[EOL]
[2026-09-22T07:26:19.144678Z][TRM_E.newgen-tiprackmagazine][W][2330306][143]CRTCyclicEvent.cpp:TimeMissed():101|Cycle miss in event CCSICombinedRepManager. Time Overrun is 9493 us[EOL]
[2026-09-22T07:26:19.165235Z][TRM_E.barcodereader][W][2330306][136]CRTCyclicEvent.cpp:TimeMissed():101|Cycle miss in event CCSICombinedRepManager. Time Overrun is 22214 us[EOL]
[2026-09-22T07:26:19.322136Z][TRM_E.barcodereader][W][2330306][136]CRTCyclicEvent.cpp:TimeMissed():101|Cycle miss in event CCSICombinedCmdManager Cyclic Event. Time Overrun is 19687 us[EOL]
[2026-09-22T07:26:19.346631Z][TRM_E.newgen-tiprackmagazine][W][2330306][143]CRTCyclicEvent.cpp:TimeMissed():101|Cycle miss in event CCSICombinedCmdManager Cyclic Event. Time Overrun is 41691 us[EOL]
[2026-09-22T07:26:19.322157Z][TRM_E.barcodereader][W][2330306][136]CRTCyclicEvent.cpp:TimeMissed():101|Cycle miss in event CCSICombinedRepManager. Time Overrun is 19687 us[EOL]
[2026-09-22T07:26:19.346660Z][TRM_E.newgen-tiprackmagazine][W][2330306][143]CRTCyclicEvent.cpp:TimeMissed():101|Cycle miss in event CCSICombinedRepManager. Time Overrun is 41691 us[EOL]
[2026-09-22T07:26:19.654503Z][TRM_E.newgen-tiprackmagazine][W][2330306][143]CRTCyclicEvent.cpp:TimeMissed():101|Cycle miss in event CCSICombinedCmdManager Cyclic Event. Time Overrun is 19560 us[EOL]
[2026-09-22T07:26:19.654533Z][TRM_E.newgen-tiprackmagazine][W][2330306][143]CRTCyclicEvent.cpp:TimeMissed():101|Cycle miss in event CCSICombinedRepManager. Time Overrun is 19560 us[EOL]
[2026-09-22T07:26:19.654389Z][TRM_E.barcodereader][W][2330306][136]CRTCyclicEvent.cpp:TimeMissed():101|Cycle miss in event CCSICombinedCmdManager Cyclic Event. Time Overrun is 21939 us[EOL]
[2026-09-22T07:26:19.654422Z][TRM_E.barcodereader][W][2330306][136]CRTCyclicEvent.cpp:TimeMissed():101|Cycle miss in event CCSICombinedRepManager. Time Overrun is 21939 us[EOL]
[2026-09-22T07:26:19.938768Z][TRM_E.newgen-tiprackmagazine][W][2330306][143]CRTCyclicEvent.cpp:TimeMissed():101|Cycle miss in event CCSICombinedCmdManager Cyclic Event. Time Overrun is 3820 us[EOL]
[2026-09-22T07:26:19.938817Z][TRM_E.newgen-tiprackmagazine][W][2330306][143]CRTCyclicEvent.cpp:TimeMissed():101|Cycle miss in event CCSICombinedRepManager. Time Overrun is 3820 us[EOL]
[2026-09-22T07:26:21.391697Z][TRM_E.newgen-tiprackmagazine][W][2330306][143]CRTCyclicEvent.cpp:TimeMissed():101|Cycle miss in event CCSICombinedCmdManager Cyclic Event. Time Overrun is 6648 us[EOL]
[2026-09-22T07:26:21.392322Z][TRM_E.newgen-tiprackmagazine][W][2330306][143]CRTCyclicEvent.cpp:TimeMissed():101|Cycle miss in event CCSICombinedRepManager. Time Overrun is 6648 us[EOL]
[2026-09-22T07:26:22.490028Z][TRM_E.barcodereader][W][2330306][136]CRTCyclicEvent.cpp:TimeMissed():101|Cycle miss in event CCSICombinedCmdManager Cyclic Event. Time Overrun is 7508 us[EOL]
[2026-09-22T07:26:22.490245Z][TRM_E.barcodereader][W][2330306][136]CRTCyclicEvent.cpp:TimeMissed():101|Cycle miss in event CCSICombinedRepManager. Time Overrun is 7508 us[EOL]
[2026-09-22T07:26:23.187043Z][TRM_E.newgen-tiprackmagazine][W][2330306][143]CRTCyclicEvent.cpp:TimeMissed():101|Cycle miss in event CCSICombinedCmdManager Cyclic Event. Time Overrun is 2103 us[EOL]
[2026-09-22T07:26:23.187067Z][TRM_E.newgen-tiprackmagazine][W][2330306][143]CRTCyclicEvent.cpp:TimeMissed():101|Cycle miss in event CCSICombinedRepManager. Time Overrun is 2103 us[EOL]
[2026-09-22T07:26:23.209074Z][TRM_E.barcodereader][W][2330306][136]CRTCyclicEvent.cpp:TimeMissed():101|Cycle miss in event CCSICombinedCmdManager Cyclic Event. Time Overrun is 6624 us[EOL]
[2026-09-22T07:26:23.209107Z][TRM_E.barcodereader][W][2330306][136]CRTCyclicEvent.cpp:TimeMissed():101|Cycle miss in event CCSICombinedRepManager. Time Overrun is 6624 us[EOL]
[2026-09-22T07:26:23.532623Z][TRM_E.barcodereader][W][2330306][136]CRTCyclicEvent.cpp:TimeMissed():101|Cycle miss in event CCSICombinedCmdManager Cyclic Event. Time Overrun is 10174 us[EOL]
[2026-09-22T07:26:23.532652Z][TRM_E.barcodereader][W][2330306][136]CRTCyclicEvent.cpp:TimeMissed():101|Cycle miss in event CCSICombinedRepManager. Time Overrun is 10174 us[EOL]
[2026-09-22T07:26:23.532649Z][TRM_E.newgen-tiprackmagazine][W][2330306][143]CRTCyclicEvent.cpp:TimeMissed():101|Cycle miss in event CCSICombinedCmdManager Cyclic Event. Time Overrun is 7708 us[EOL]
[2026-09-22T07:26:23.532848Z][TRM_E.newgen-tiprackmagazine][W][2330306][143]CRTCyclicEvent.cpp:TimeMissed():101|Cycle miss in event CCSICombinedRepManager. Time Overrun is 7708 us[EOL]
[2026-09-22T07:26:23.720976Z][TRM_E.barcodereader][W][2330306][136]CRTCyclicEvent.cpp:TimeMissed():101|Cycle miss in event CCSICombinedCmdManager Cyclic Event. Time Overrun is 8526 us[EOL]
[2026-09-22T07:26:23.721016Z][TRM_E.barcodereader][W][2330306][136]CRTCyclicEvent.cpp:TimeMissed():101|Cycle miss in event CCSICombinedRepManager. Time Overrun is 8526 us[EOL]
[2026-09-22T07:26:23.721097Z][TRM_E.newgen-tiprackmagazine][W][2330306][143]CRTCyclicEvent.cpp:TimeMissed():101|Cycle miss in event CCSICombinedCmdManager Cyclic Event. Time Overrun is 6155 us[EOL]
[2026-09-22T07:26:23.721135Z][TRM_E.newgen-tiprackmagazine][W][2330306][143]CRTCyclicEvent.cpp:TimeMissed():101|Cycle miss in event CCSICombinedRepManager. Time Overrun is 6155 us[EOL]
[2026-09-22T07:26:24.472784Z][TRM_E.newgen-tiprackmagazine][W][2330306][143]CRTCyclicEvent.cpp:TimeMissed():101|Cycle miss in event CCSICombinedCmdManager Cyclic Event. Time Overrun is 7842 us[EOL]
[2026-09-22T07:26:24.472972Z][TRM_E.barcodereader][W][2330306][136]CRTCyclicEvent.cpp:TimeMissed():101|Cycle miss in event CCSICombinedCmdManager Cyclic Event. Time Overrun is 522 us[EOL]
[2026-09-22T07:26:24.472831Z][TRM_E.newgen-tiprackmagazine][W][2330306][143]CRTCyclicEvent.cpp:TimeMissed():101|Cycle miss in event CCSICombinedRepManager. Time Overrun is 7842 us[EOL]
[2026-09-22T07:26:24.473005Z][TRM_E.barcodereader][W][2330306][136]CRTCyclicEvent.cpp:TimeMissed():101|Cycle miss in event CCSICombinedRepManager. Time Overrun is 522 us[EOL]
[2026-09-22T07:26:25.686330Z][TRM_E.newgen-tiprackmagazine][W][2330306][143]CRTCyclicEvent.cpp:TimeMissed():101|Cycle miss in event CCSICombinedCmdManager Cyclic Event. Time Overrun is 11384 us[EOL]
[2026-09-22T07:26:25.686376Z][TRM_E.newgen-tiprackmagazine][W][2330306][143]CRTCyclicEvent.cpp:TimeMissed():101|Cycle miss in event CCSICombinedRepManager. Time Overrun is 11384 us[EOL]
[2026-09-22T07:26:26.063700Z][TRM_E.newgen-tiprackmagazine][W][2330306][143]CRTCyclicEvent.cpp:TimeMissed():101|Cycle miss in event CCSICombinedCmdManager Cyclic Event. Time Overrun is 128760 us[EOL]
[2026-09-22T07:26:26.063728Z][TRM_E.newgen-tiprackmagazine][W][2330306][143]CRTCyclicEvent.cpp:TimeMissed():101|Cycle miss in event CCSICombinedRepManager. Time Overrun is 128760 us[EOL]
[2026-09-22T07:26:26.065240Z][TRM_E.newgen-tiprackmagazine][W][2330306][143]CRTCyclicEvent.cpp:TimeMissed():101|Cycle miss in event CCSICyclicRepManager. Time Overrun is 2197 us[EOL]
[2026-09-22T07:26:26.064902Z][TRM_E.barcodereader][W][2330306][136]CRTCyclicEvent.cpp:TimeMissed():101|Cycle miss in event CCSICombinedCmdManager Cyclic Event. Time Overrun is 122454 us[EOL]
[2026-09-22T07:26:26.064922Z][TRM_E.barcodereader][W][2330306][136]CRTCyclicEvent.cpp:TimeMissed():101|Cycle miss in event CCSICombinedRepManager. Time Overrun is 122454 us[EOL]
[2026-09-22T07:26:26.278448Z][TRM_E.newgen-tiprackmagazine][W][2330306][143]CRTCyclicEvent.cpp:TimeMissed():101|Cycle miss in event CCSICombinedCmdManager Cyclic Event. Time Overrun is 33505 us[EOL]
[2026-09-22T07:26:26.282052Z][TRM_E.barcodereader][W][2330306][136]CRTCyclicEvent.cpp:TimeMissed():101|Cycle miss in event CCSICombinedCmdManager Cyclic Event. Time Overrun is 19602 us[EOL]
[2026-09-22T07:26:26.278485Z][TRM_E.newgen-tiprackmagazine][W][2330306][143]CRTCyclicEvent.cpp:TimeMissed():101|Cycle miss in event CCSICombinedRepManager. Time Overrun is 33505 us[EOL]
[2026-09-22T07:26:26.282148Z][TRM_E.barcodereader][W][2330306][136]CRTCyclicEvent.cpp:TimeMissed():101|Cycle miss in event CCSICombinedRepManager. Time Overrun is 19602 us[EOL]
[2026-09-22T07:26:26.395318Z][TRM_E.newgen-tiprackmagazine][W][2330306][143]CRTCyclicEvent.cpp:TimeMissed():101|Cycle miss in event CCSICombinedCmdManager Cyclic Event. Time Overrun is 375 us[EOL]
[2026-09-22T07:26:26.395456Z][TRM_E.newgen-tiprackmagazine][W][2330306][143]CRTCyclicEvent.cpp:TimeMissed():101|Cycle miss in event CCSICombinedRepManager. Time Overrun is 375 us[EOL]
[2026-09-22T07:26:30.865514Z][TRM_E.newgen-tiprackmagazine][W][2330306][143]CRTCyclicEvent.cpp:TimeMissed():101|Cycle miss in event CCSICombinedCmdManager Cyclic Event. Time Overrun is 568 us[EOL]
[2026-09-22T07:26:30.865550Z][TRM_E.newgen-tiprackmagazine][W][2330306][143]CRTCyclicEvent.cpp:TimeMissed():101|Cycle miss in event CCSICombinedRepManager. Time Overrun is 568 us[EOL]
[2026-09-22T07:26:33.290056Z][TRM_E.newgen-tiprackmagazine][W][2330306][143]CRTCyclicEvent.cpp:TimeMissed():101|Cycle miss in event CCSICombinedCmdManager Cyclic Event. Time Overrun is 5115 us[EOL]
[2026-09-22T07:26:33.290090Z][TRM_E.newgen-tiprackmagazine][W][2330306][143]CRTCyclicEvent.cpp:TimeMissed():101|Cycle miss in event CCSICombinedRepManager. Time Overrun is 5115 us[EOL]
[2026-09-22T07:26:33.750476Z][TRM_E.newgen-tiprackmagazine][W][2330306][143]CRTCyclicEvent.cpp:TimeMissed():101|Cycle miss in event CCSICombinedCmdManager Cyclic Event. Time Overrun is 5524 us[EOL]
[2026-09-22T07:26:33.750511Z][TRM_E.newgen-tiprackmagazine][W][2330306][143]CRTCyclicEvent.cpp:TimeMissed():101|Cycle miss in event CCSICombinedRepManager. Time Overrun is 5524 us[EOL]
[2026-09-22T07:26:34.178156Z][TRM_E.newgen-tiprackmagazine][W][2330306][143]CRTCyclicEvent.cpp:TimeMissed():101|Cycle miss in event CCSICombinedCmdManager Cyclic Event. Time Overrun is 13214 us[EOL]
[2026-09-22T07:26:34.175575Z][TRM_E.barcodereader][W][2330306][136]CRTCyclicEvent.cpp:TimeMissed():101|Cycle miss in event CCSICombinedCmdManager Cyclic Event. Time Overrun is 12899 us[EOL]
[2026-09-22T07:26:34.175775Z][TRM_E.barcodereader][W][2330306][136]CRTCyclicEvent.cpp:TimeMissed():101|Cycle miss in event CCSICombinedRepManager. Time Overrun is 12899 us[EOL]
[2026-09-22T07:26:34.178208Z][TRM_E.newgen-tiprackmagazine][W][2330306][143]CRTCyclicEvent.cpp:TimeMissed():101|Cycle miss in event CCSICombinedRepManager. Time Overrun is 13214 us[EOL]
[2026-09-22T07:26:34.621179Z][TRM_E.newgen-tiprackmagazine][W][2330306][143]CRTCyclicEvent.cpp:TimeMissed():101|Cycle miss in event CCSICombinedCmdManager Cyclic Event. Time Overrun is 6238 us[EOL]
[2026-09-22T07:26:34.621214Z][TRM_E.newgen-tiprackmagazine][W][2330306][143]CRTCyclicEvent.cpp:TimeMissed():101|Cycle miss in event CCSICombinedRepManager. Time Overrun is 6238 us[EOL]
[2026-09-22T07:26:40.095237Z][TRM_E.barcodereader][W][2330306][136]CRTCyclicEvent.cpp:TimeMissed():101|Cycle miss in event CCSICombinedCmdManager Cyclic Event. Time Overrun is 2783 us[EOL]
[2026-09-22T07:26:40.095299Z][TRM_E.barcodereader][W][2330306][136]CRTCyclicEvent.cpp:TimeMissed():101|Cycle miss in event CCSICombinedRepManager. Time Overrun is 2783 us[EOL]
[2026-09-22T07:26:41.354847Z][TRM_E.barcodereader][W][2330306][136]CRTCyclicEvent.cpp:TimeMissed():101|Cycle miss in event CCSICombinedCmdManager Cyclic Event. Time Overrun is 2397 us[EOL]
[2026-09-22T07:26:41.354874Z][TRM_E.barcodereader][W][2330306][136]CRTCyclicEvent.cpp:TimeMissed():101|Cycle miss in event CCSICombinedRepManager. Time Overrun is 2397 us[EOL]
[2026-09-22T07:26:42.622709Z][TRM_E.barcodereader][W][2330306][136]CRTCyclicEvent.cpp:TimeMissed():101|Cycle miss in event CCSICombinedCmdManager Cyclic Event. Time Overrun is 130262 us[EOL]
[2026-09-22T07:26:42.766364Z][TRM_E.newgen-tiprackmagazine][W][2330306][143]CRTCyclicEvent.cpp:TimeMissed():101|Cycle miss in event CCSICombinedCmdManager Cyclic Event. Time Overrun is 31377 us[EOL]
[2026-09-22T07:26:42.766505Z][TRM_E.newgen-tiprackmagazine][W][2330306][143]CRTCyclicEvent.cpp:TimeMissed():101|Cycle miss in event CCSICombinedRepManager. Time Overrun is 31377 us[EOL]
[2026-09-22T07:26:42.622850Z][TRM_E.barcodereader][W][2330306][136]CRTCyclicEvent.cpp:TimeMissed():101|Cycle miss in event CCSICombinedRepManager. Time Overrun is 130262 us[EOL]
[2026-09-22T07:26:42.950175Z][TRM_E.newgen-tiprackmagazine][W][2330306][143]CRTCyclicEvent.cpp:TimeMissed():101|Cycle miss in event CCSICombinedCmdManager Cyclic Event. Time Overrun is 65230 us[EOL]
[2026-09-22T07:26:42.767004Z][TRM_E.barcodereader][W][2330306][136]CRTCyclicEvent.cpp:TimeMissed():101|Cycle miss in event CCSICombinedCmdManager Cyclic Event. Time Overrun is 24554 us[EOL]
[2026-09-22T07:26:42.950214Z][TRM_E.newgen-tiprackmagazine][W][2330306][143]CRTCyclicEvent.cpp:TimeMissed():101|Cycle miss in event CCSICombinedRepManager. Time Overrun is 65230 us[EOL]
[2026-09-22T07:26:42.952998Z][TRM_E.newgen-tiprackmagazine][W][2330306][143]CRTCyclicEvent.cpp:TimeMissed():101|Cycle miss in event CCSICyclicRepManager. Time Overrun is 190251 us[EOL]
[2026-09-22T07:26:43.328535Z][TRM_E.newgen-tiprackmagazine][W][2330306][143]CRTCyclicEvent.cpp:TimeMissed():101|Cycle miss in event CCSICombinedCmdManager Cyclic Event. Time Overrun is 263590 us[EOL]
[2026-09-22T07:26:43.328569Z][TRM_E.newgen-tiprackmagazine][W][2330306][143]CRTCyclicEvent.cpp:TimeMissed():101|Cycle miss in event CCSICombinedRepManager. Time Overrun is 263590 us[EOL]
[2026-09-22T07:26:42.767027Z][TRM_E.barcodereader][W][2330306][136]CRTCyclicEvent.cpp:TimeMissed():101|Cycle miss in event CCSICombinedRepManager. Time Overrun is 24554 us[EOL]
[2026-09-22T07:26:42.949547Z][TRM_E.barcodereader][W][2330306][136]CRTCyclicEvent.cpp:TimeMissed():101|Cycle miss in event CCSICombinedCmdManager Cyclic Event. Time Overrun is 67095 us[EOL]
[2026-09-22T07:26:42.949950Z][TRM_E.barcodereader][W][2330306][136]CRTCyclicEvent.cpp:TimeMissed():101|Cycle miss in event CCSICombinedRepManager. Time Overrun is 67095 us[EOL]
[2026-09-22T07:26:42.953450Z][TRM_E.barcodereader][W][2330306][136]CRTCyclicEvent.cpp:TimeMissed():101|Cycle miss in event CCSICyclicRepManager. Time Overrun is 171649 us[EOL]
[2026-09-22T07:26:43.328168Z][TRM_E.barcodereader][W][2330306][136]CRTCyclicEvent.cpp:TimeMissed():101|Cycle miss in event CCSICombinedCmdManager Cyclic Event. Time Overrun is 265709 us[EOL]
[2026-09-22T07:26:43.328199Z][TRM_E.barcodereader][W][2330306][136]CRTCyclicEvent.cpp:TimeMissed():101|Cycle miss in event CCSICombinedRepManager. Time Overrun is 265709 us[EOL]
[2026-09-22T07:26:43.660239Z][TRM_E.barcodereader][W][2330306][136]CRTCyclicEvent.cpp:TimeMissed():101|Cycle miss in event CCSICombinedCmdManager Cyclic Event. Time Overrun is 77789 us[EOL]
[2026-09-22T07:26:43.660265Z][TRM_E.barcodereader][W][2330306][136]CRTCyclicEvent.cpp:TimeMissed():101|Cycle miss in event CCSICombinedRepManager. Time Overrun is 77789 us[EOL]
[2026-09-22T07:26:43.777062Z][TRM_E.newgen-tiprackmagazine][W][2330306][143]CRTCyclicEvent.cpp:TimeMissed():101|Cycle miss in event CCSICombinedCmdManager Cyclic Event. Time Overrun is 62119 us[EOL]
[2026-09-22T07:26:43.773334Z][TRM_E.barcodereader][W][2330306][136]CRTCyclicEvent.cpp:TimeMissed():101|Cycle miss in event CCSICombinedCmdManager Cyclic Event. Time Overrun is 885 us[EOL]
[2026-09-22T07:26:43.777101Z][TRM_E.newgen-tiprackmagazine][W][2330306][143]CRTCyclicEvent.cpp:TimeMissed():101|Cycle miss in event CCSICombinedRepManager. Time Overrun is 62119 us[EOL]
[2026-09-22T07:26:43.773365Z][TRM_E.barcodereader][W][2330306][136]CRTCyclicEvent.cpp:TimeMissed():101|Cycle miss in event CCSICombinedRepManager. Time Overrun is 885 us[EOL]
[2026-09-22T07:26:43.895833Z][TRM_E.barcodereader][W][2330306][136]CRTCyclicEvent.cpp:TimeMissed():101|Cycle miss in event CCSICombinedCmdManager Cyclic Event. Time Overrun is 3383 us[EOL]
[2026-09-22T07:26:43.895868Z][TRM_E.barcodereader][W][2330306][136]CRTCyclicEvent.cpp:TimeMissed():101|Cycle miss in event CCSICombinedRepManager. Time Overrun is 3383 us[EOL]
[2026-09-22T07:26:43.895911Z][TRM_E.newgen-tiprackmagazine][W][2330306][143]CRTCyclicEvent.cpp:TimeMissed():101|Cycle miss in event CCSICombinedCmdManager Cyclic Event. Time Overrun is 970 us[EOL]
[2026-09-22T07:26:43.895947Z][TRM_E.newgen-tiprackmagazine][W][2330306][143]CRTCyclicEvent.cpp:TimeMissed():101|Cycle miss in event CCSICombinedRepManager. Time Overrun is 970 us[EOL]
[2026-09-22T07:26:44.064141Z][TRM_E.barcodereader][W][2330306][136]CRTCyclicEvent.cpp:TimeMissed():101|Cycle miss in event CCSICombinedCmdManager Cyclic Event. Time Overrun is 11693 us[EOL]
[2026-09-22T07:26:44.064164Z][TRM_E.barcodereader][W][2330306][136]CRTCyclicEvent.cpp:TimeMissed():101|Cycle miss in event CCSICombinedRepManager. Time Overrun is 11693 us[EOL]
[2026-09-22T07:26:44.263234Z][TRM_E.newgen-tiprackmagazine][W][2330306][143]CRTCyclicEvent.cpp:TimeMissed():101|Cycle miss in event CCSICyclicRepManager. Time Overrun is 674 us[EOL]
[2026-09-22T07:26:44.263488Z][TRM_E.barcodereader][W][2330306][136]CRTCyclicEvent.cpp:TimeMissed():101|Cycle miss in event CCSICombinedCmdManager Cyclic Event. Time Overrun is 81035 us[EOL]
[2026-09-22T07:26:44.263532Z][TRM_E.barcodereader][W][2330306][136]CRTCyclicEvent.cpp:TimeMissed():101|Cycle miss in event CCSICombinedRepManager. Time Overrun is 81035 us[EOL]
[2026-09-22T07:26:44.448727Z][TRM_E.barcodereader][W][2330306][136]CRTCyclicEvent.cpp:TimeMissed():101|Cycle miss in event CCSICombinedCmdManager Cyclic Event. Time Overrun is 66279 us[EOL]
[2026-09-22T07:26:44.448753Z][TRM_E.barcodereader][W][2330306][136]CRTCyclicEvent.cpp:TimeMissed():101|Cycle miss in event CCSICombinedRepManager. Time Overrun is 66279 us[EOL]
[2026-09-22T07:26:44.621714Z][TRM_E.barcodereader][W][2330306][136]CRTCyclicEvent.cpp:TimeMissed():101|Cycle miss in event CCSICombinedCmdManager Cyclic Event. Time Overrun is 59263 us[EOL]
[2026-09-22T07:26:44.621757Z][TRM_E.barcodereader][W][2330306][136]CRTCyclicEvent.cpp:TimeMissed():101|Cycle miss in event CCSICombinedRepManager. Time Overrun is 59263 us[EOL]
[2026-09-22T07:26:44.705700Z][TRM_E.newgen-tiprackmagazine][W][2330306][143]CRTCyclicEvent.cpp:TimeMissed():101|Cycle miss in event CCSICombinedCmdManager Cyclic Event. Time Overrun is 120756 us[EOL]
[2026-09-22T07:26:44.705802Z][TRM_E.newgen-tiprackmagazine][W][2330306][143]CRTCyclicEvent.cpp:TimeMissed():101|Cycle miss in event CCSICombinedRepManager. Time Overrun is 120756 us[EOL]
[2026-09-22T07:26:44.687279Z][TRM_E.barcodereader][W][2330306][136]CRTCyclicEvent.cpp:TimeMissed():101|Cycle miss in event CCSICyclicRepManager. Time Overrun is 5568 us[EOL]
[2026-09-22T07:26:44.958847Z][TRM_E.newgen-tiprackmagazine][W][2330306][143]CRTCyclicEvent.cpp:TimeMissed():101|Cycle miss in event CCSICombinedCmdManager Cyclic Event. Time Overrun is 133905 us[EOL]
[2026-09-22T07:26:44.958882Z][TRM_E.newgen-tiprackmagazine][W][2330306][143]CRTCyclicEvent.cpp:TimeMissed():101|Cycle miss in event CCSICombinedRepManager. Time Overrun is 133905 us[EOL]
[2026-09-22T07:26:44.806769Z][TRM_E.barcodereader][W][2330306][136]CRTCyclicEvent.cpp:TimeMissed():101|Cycle miss in event CCSICombinedCmdManager Cyclic Event. Time Overrun is 74316 us[EOL]
[2026-09-22T07:26:44.806837Z][TRM_E.barcodereader][W][2330306][136]CRTCyclicEvent.cpp:TimeMissed():101|Cycle miss in event CCSICombinedRepManager. Time Overrun is 74316 us[EOL]
[2026-09-22T07:26:44.959654Z][TRM_E.barcodereader][W][2330306][136]CRTCyclicEvent.cpp:TimeMissed():101|Cycle miss in event CCSICombinedCmdManager Cyclic Event. Time Overrun is 37197 us[EOL]
[2026-09-22T07:26:44.959682Z][TRM_E.barcodereader][W][2330306][136]CRTCyclicEvent.cpp:TimeMissed():101|Cycle miss in event CCSICombinedRepManager. Time Overrun is 37197 us[EOL]
[2026-09-22T07:26:45.089319Z][TRM_E.barcodereader][W][2330306][136]CRTCyclicEvent.cpp:TimeMissed():101|Cycle miss in event CCSICombinedCmdManager Cyclic Event. Time Overrun is 16865 us[EOL]
[2026-09-22T07:26:45.083684Z][TRM_E.newgen-tiprackmagazine][W][2330306][143]CRTCyclicEvent.cpp:TimeMissed():101|Cycle miss in event CCSICombinedCmdManager Cyclic Event. Time Overrun is 8740 us[EOL]
[2026-09-22T07:26:45.089400Z][TRM_E.barcodereader][W][2330306][136]CRTCyclicEvent.cpp:TimeMissed():101|Cycle miss in event CCSICombinedRepManager. Time Overrun is 16865 us[EOL]
[2026-09-22T07:26:45.083728Z][TRM_E.newgen-tiprackmagazine][W][2330306][143]CRTCyclicEvent.cpp:TimeMissed():101|Cycle miss in event CCSICombinedRepManager. Time Overrun is 8740 us[EOL]
[2026-09-22T07:26:45.228173Z][TRM_E.newgen-tiprackmagazine][W][2330306][143]CRTCyclicEvent.cpp:TimeMissed():101|Cycle miss in event CCSICombinedCmdManager Cyclic Event. Time Overrun is 33229 us[EOL]
[2026-09-22T07:26:45.228222Z][TRM_E.newgen-tiprackmagazine][W][2330306][143]CRTCyclicEvent.cpp:TimeMissed():101|Cycle miss in event CCSICombinedRepManager. Time Overrun is 33229 us[EOL]
[2026-09-22T07:26:45.345632Z][TRM_E.barcodereader][W][2330306][136]CRTCyclicEvent.cpp:TimeMissed():101|Cycle miss in event CCSICombinedCmdManager Cyclic Event. Time Overrun is 93185 us[EOL]
[2026-09-22T07:26:45.345653Z][TRM_E.barcodereader][W][2330306][136]CRTCyclicEvent.cpp:TimeMissed():101|Cycle miss in event CCSICombinedRepManager. Time Overrun is 93185 us[EOL]
[2026-09-22T07:26:45.481356Z][TRM_E.barcodereader][W][2330306][136]CRTCyclicEvent.cpp:TimeMissed():101|Cycle miss in event CCSICombinedCmdManager Cyclic Event. Time Overrun is 18903 us[EOL]
[2026-09-22T07:26:45.481428Z][TRM_E.barcodereader][W][2330306][136]CRTCyclicEvent.cpp:TimeMissed():101|Cycle miss in event CCSICombinedRepManager. Time Overrun is 18903 us[EOL]
[2026-09-22T07:26:45.477481Z][TRM_E.newgen-tiprackmagazine][W][2330306][143]CRTCyclicEvent.cpp:TimeMissed():101|Cycle miss in event CCSICombinedCmdManager Cyclic Event. Time Overrun is 92449 us[EOL]
[2026-09-22T07:26:45.477693Z][TRM_E.newgen-tiprackmagazine][W][2330306][143]CRTCyclicEvent.cpp:TimeMissed():101|Cycle miss in event CCSICombinedRepManager. Time Overrun is 92449 us[EOL]
[2026-09-22T07:26:45.603031Z][TRM_E.barcodereader][W][2330306][136]CRTCyclicEvent.cpp:TimeMissed():101|Cycle miss in event CCSICombinedCmdManager Cyclic Event. Time Overrun is 10578 us[EOL]
[2026-09-22T07:26:45.603093Z][TRM_E.barcodereader][W][2330306][136]CRTCyclicEvent.cpp:TimeMissed():101|Cycle miss in event CCSICombinedRepManager. Time Overrun is 10578 us[EOL]
[2026-09-22T07:26:45.753787Z][TRM_E.barcodereader][W][2330306][136]CRTCyclicEvent.cpp:TimeMissed():101|Cycle miss in event CCSICombinedCmdManager Cyclic Event. Time Overrun is 31334 us[EOL]
[2026-09-22T07:26:45.753821Z][TRM_E.barcodereader][W][2330306][136]CRTCyclicEvent.cpp:TimeMissed():101|Cycle miss in event CCSICombinedRepManager. Time Overrun is 31334 us[EOL]
[2026-09-22T07:26:45.603085Z][TRM_E.newgen-tiprackmagazine][W][2330306][143]CRTCyclicEvent.cpp:TimeMissed():101|Cycle miss in event CCSICombinedCmdManager Cyclic Event. Time Overrun is 8141 us[EOL]
[2026-09-22T07:26:45.603134Z][TRM_E.newgen-tiprackmagazine][W][2330306][143]CRTCyclicEvent.cpp:TimeMissed():101|Cycle miss in event CCSICombinedRepManager. Time Overrun is 8141 us[EOL]
[2026-09-22T07:26:45.753332Z][TRM_E.newgen-tiprackmagazine][W][2330306][143]CRTCyclicEvent.cpp:TimeMissed():101|Cycle miss in event CCSICombinedCmdManager Cyclic Event. Time Overrun is 38278 us[EOL]
[2026-09-22T07:26:45.753363Z][TRM_E.newgen-tiprackmagazine][W][2330306][143]CRTCyclicEvent.cpp:TimeMissed():101|Cycle miss in event CCSICombinedRepManager. Time Overrun is 38278 us[EOL]
[2026-09-22T07:26:45.916041Z][TRM_E.barcodereader][W][2330306][136]CRTCyclicEvent.cpp:TimeMissed():101|Cycle miss in event CCSICyclicRepManager. Time Overrun is 34347 us[EOL]
[2026-09-22T07:26:45.917621Z][TRM_E.barcodereader][W][2330306][136]CRTCyclicEvent.cpp:TimeMissed():101|Cycle miss in event CCSICombinedCmdManager Cyclic Event. Time Overrun is 45172 us[EOL]
[2026-09-22T07:26:45.917643Z][TRM_E.barcodereader][W][2330306][136]CRTCyclicEvent.cpp:TimeMissed():101|Cycle miss in event CCSICombinedRepManager. Time Overrun is 45172 us[EOL]
[2026-09-22T07:26:46.084983Z][TRM_E.barcodereader][W][2330306][136]CRTCyclicEvent.cpp:TimeMissed():101|Cycle miss in event CCSICombinedCmdManager Cyclic Event. Time Overrun is 52531 us[EOL]
[2026-09-22T07:26:45.897360Z][TRM_E.newgen-tiprackmagazine][W][2330306][143]CRTCyclicEvent.cpp:TimeMissed():101|Cycle miss in event CCSICombinedCmdManager Cyclic Event. Time Overrun is 32413 us[EOL]
[2026-09-22T07:26:46.085010Z][TRM_E.barcodereader][W][2330306][136]CRTCyclicEvent.cpp:TimeMissed():101|Cycle miss in event CCSICombinedRepManager. Time Overrun is 52531 us[EOL]
[2026-09-22T07:26:45.897434Z][TRM_E.newgen-tiprackmagazine][W][2330306][143]CRTCyclicEvent.cpp:TimeMissed():101|Cycle miss in event CCSICombinedRepManager. Time Overrun is 32413 us[EOL]
[2026-09-22T07:26:46.083453Z][TRM_E.newgen-tiprackmagazine][W][2330306][143]CRTCyclicEvent.cpp:TimeMissed():101|Cycle miss in event CCSICombinedCmdManager Cyclic Event. Time Overrun is 68505 us[EOL]
[2026-09-22T07:26:46.230476Z][TRM_E.barcodereader][W][2330306][136]CRTCyclicEvent.cpp:TimeMissed():101|Cycle miss in event CCSICombinedCmdManager Cyclic Event. Time Overrun is 28023 us[EOL]
[2026-09-22T07:26:46.230512Z][TRM_E.barcodereader][W][2330306][136]CRTCyclicEvent.cpp:TimeMissed():101|Cycle miss in event CCSICombinedRepManager. Time Overrun is 28023 us[EOL]
[2026-09-22T07:26:46.083508Z][TRM_E.newgen-tiprackmagazine][W][2330306][143]CRTCyclicEvent.cpp:TimeMissed():101|Cycle miss in event CCSICombinedRepManager. Time Overrun is 68505 us[EOL]
[2026-09-22T07:26:46.083534Z][TRM_E.newgen-tiprackmagazine][W][2330306][143]CRTCyclicEvent.cpp:TimeMissed():101|Cycle miss in event CCSICyclicRepManager. Time Overrun is 20972 us[EOL]
[2026-09-22T07:26:46.387081Z][TRM_E.barcodereader][W][2330306][136]CRTCyclicEvent.cpp:TimeMissed():101|Cycle miss in event CCSICombinedCmdManager Cyclic Event. Time Overrun is 14631 us[EOL]
[2026-09-22T07:26:46.228614Z][TRM_E.newgen-tiprackmagazine][W][2330306][143]CRTCyclicEvent.cpp:TimeMissed():101|Cycle miss in event CCSICombinedCmdManager Cyclic Event. Time Overrun is 33669 us[EOL]
[2026-09-22T07:26:46.387202Z][TRM_E.barcodereader][W][2330306][136]CRTCyclicEvent.cpp:TimeMissed():101|Cycle miss in event CCSICombinedRepManager. Time Overrun is 14631 us[EOL]
[2026-09-22T07:26:46.228750Z][TRM_E.newgen-tiprackmagazine][W][2330306][143]CRTCyclicEvent.cpp:TimeMissed():101|Cycle miss in event CCSICombinedRepManager. Time Overrun is 33669 us[EOL]
[2026-09-22T07:26:46.508915Z][TRM_E.barcodereader][W][2330306][136]CRTCyclicEvent.cpp:TimeMissed():101|Cycle miss in event CCSICombinedCmdManager Cyclic Event. Time Overrun is 6463 us[EOL]
[2026-09-22T07:26:46.385698Z][TRM_E.newgen-tiprackmagazine][W][2330306][143]CRTCyclicEvent.cpp:TimeMissed():101|Cycle miss in event CCSICombinedCmdManager Cyclic Event. Time Overrun is 30754 us[EOL]
[2026-09-22T07:26:46.508995Z][TRM_E.barcodereader][W][2330306][136]CRTCyclicEvent.cpp:TimeMissed():101|Cycle miss in event CCSICombinedRepManager. Time Overrun is 6463 us[EOL]
[2026-09-22T07:26:46.385750Z][TRM_E.newgen-tiprackmagazine][W][2330306][143]CRTCyclicEvent.cpp:TimeMissed():101|Cycle miss in event CCSICombinedRepManager. Time Overrun is 30754 us[EOL]
[2026-09-22T07:26:46.587643Z][TRM_E.newgen-tiprackmagazine][W][2330306][143]CRTCyclicEvent.cpp:TimeMissed():101|Cycle miss in event CCSICombinedCmdManager Cyclic Event. Time Overrun is 2673 us[EOL]
[2026-09-22T07:26:46.587769Z][TRM_E.newgen-tiprackmagazine][W][2330306][143]CRTCyclicEvent.cpp:TimeMissed():101|Cycle miss in event CCSICombinedRepManager. Time Overrun is 2673 us[EOL]
[2026-09-22T07:26:46.628040Z][TRM_E.barcodereader][W][2330306][136]CRTCyclicEvent.cpp:TimeMissed():101|Cycle miss in event CCSICombinedCmdManager Cyclic Event. Time Overrun is 5592 us[EOL]
[2026-09-22T07:26:46.628060Z][TRM_E.barcodereader][W][2330306][136]CRTCyclicEvent.cpp:TimeMissed():101|Cycle miss in event CCSICombinedRepManager. Time Overrun is 5592 us[EOL]
[2026-09-22T07:26:46.747611Z][TRM_E.newgen-tiprackmagazine][W][2330306][143]CRTCyclicEvent.cpp:TimeMissed():101|Cycle miss in event CCSICombinedCmdManager Cyclic Event. Time Overrun is 42670 us[EOL]
[2026-09-22T07:26:46.747642Z][TRM_E.newgen-tiprackmagazine][W][2330306][143]CRTCyclicEvent.cpp:TimeMissed():101|Cycle miss in event CCSICombinedRepManager. Time Overrun is 42670 us[EOL]
[2026-09-22T07:26:46.799580Z][TRM_E.barcodereader][W][2330306][136]CRTCyclicEvent.cpp:TimeMissed():101|Cycle miss in event CCSICombinedCmdManager Cyclic Event. Time Overrun is 27130 us[EOL]
[2026-09-22T07:26:46.799711Z][TRM_E.barcodereader][W][2330306][136]CRTCyclicEvent.cpp:TimeMissed():101|Cycle miss in event CCSICombinedRepManager. Time Overrun is 27130 us[EOL]
[2026-09-22T07:26:46.997796Z][TRM_E.newgen-tiprackmagazine][W][2330306][143]CRTCyclicEvent.cpp:TimeMissed():101|Cycle miss in event CCSICombinedCmdManager Cyclic Event. Time Overrun is 42851 us[EOL]
[2026-09-22T07:26:46.997845Z][TRM_E.newgen-tiprackmagazine][W][2330306][143]CRTCyclicEvent.cpp:TimeMissed():101|Cycle miss in event CCSICombinedRepManager. Time Overrun is 42851 us[EOL]
[2026-09-22T07:26:47.214757Z][TRM_E.newgen-tiprackmagazine][W][2330306][143]CRTCyclicEvent.cpp:TimeMissed():101|Cycle miss in event CCSICombinedCmdManager Cyclic Event. Time Overrun is 99813 us[EOL]
[2026-09-22T07:26:47.214799Z][TRM_E.newgen-tiprackmagazine][W][2330306][143]CRTCyclicEvent.cpp:TimeMissed():101|Cycle miss in event CCSICombinedRepManager. Time Overrun is 99813 us[EOL]
[2026-09-22T07:26:47.303407Z][TRM_E.barcodereader][W][2330306][136]CRTCyclicEvent.cpp:TimeMissed():101|Cycle miss in event CCSICombinedCmdManager Cyclic Event. Time Overrun is 20955 us[EOL]
[2026-09-22T07:26:47.303451Z][TRM_E.barcodereader][W][2330306][136]CRTCyclicEvent.cpp:TimeMissed():101|Cycle miss in event CCSICombinedRepManager. Time Overrun is 20955 us[EOL]
[2026-09-22T07:26:47.475727Z][TRM_E.barcodereader][W][2330306][136]CRTCyclicEvent.cpp:TimeMissed():101|Cycle miss in event CCSICombinedCmdManager Cyclic Event. Time Overrun is 33252 us[EOL]
[2026-09-22T07:26:47.475775Z][TRM_E.barcodereader][W][2330306][136]CRTCyclicEvent.cpp:TimeMissed():101|Cycle miss in event CCSICombinedRepManager. Time Overrun is 33252 us[EOL]
[2026-09-22T07:26:47.550845Z][TRM_E.newgen-tiprackmagazine][W][2330306][143]CRTCyclicEvent.cpp:TimeMissed():101|Cycle miss in event CCSICombinedCmdManager Cyclic Event. Time Overrun is 25903 us[EOL]
[2026-09-22T07:26:47.550880Z][TRM_E.newgen-tiprackmagazine][W][2330306][143]CRTCyclicEvent.cpp:TimeMissed():101|Cycle miss in event CCSICombinedRepManager. Time Overrun is 25903 us[EOL]
[2026-09-22T07:26:47.684703Z][TRM_E.newgen-tiprackmagazine][W][2330306][143]CRTCyclicEvent.cpp:TimeMissed():101|Cycle miss in event CCSICombinedCmdManager Cyclic Event. Time Overrun is 19758 us[EOL]
[2026-09-22T07:26:47.684745Z][TRM_E.newgen-tiprackmagazine][W][2330306][143]CRTCyclicEvent.cpp:TimeMissed():101|Cycle miss in event CCSICombinedRepManager. Time Overrun is 19758 us[EOL]
[2026-09-22T07:26:48.024566Z][TRM_E.newgen-tiprackmagazine][W][2330306][143]CRTCyclicEvent.cpp:TimeMissed():101|Cycle miss in event CCSICombinedCmdManager Cyclic Event. Time Overrun is 59622 us[EOL]
[2026-09-22T07:26:48.024609Z][TRM_E.newgen-tiprackmagazine][W][2330306][143]CRTCyclicEvent.cpp:TimeMissed():101|Cycle miss in event CCSICombinedRepManager. Time Overrun is 59622 us[EOL]
[2026-09-22T07:26:48.158953Z][TRM_E.barcodereader][W][2330306][136]CRTCyclicEvent.cpp:TimeMissed():101|Cycle miss in event CCSICombinedCmdManager Cyclic Event. Time Overrun is 6498 us[EOL]
[2026-09-22T07:26:48.159036Z][TRM_E.barcodereader][W][2330306][136]CRTCyclicEvent.cpp:TimeMissed():101|Cycle miss in event CCSICombinedRepManager. Time Overrun is 6498 us[EOL]
[2026-09-22T07:26:48.302583Z][TRM_E.barcodereader][W][2330306][136]CRTCyclicEvent.cpp:TimeMissed():101|Cycle miss in event CCSICombinedCmdManager Cyclic Event. Time Overrun is 10131 us[EOL]
[2026-09-22T07:26:48.302625Z][TRM_E.barcodereader][W][2330306][136]CRTCyclicEvent.cpp:TimeMissed():101|Cycle miss in event CCSICombinedRepManager. Time Overrun is 10131 us[EOL]
[2026-09-22T07:26:48.471059Z][TRM_E.barcodereader][W][2330306][136]CRTCyclicEvent.cpp:TimeMissed():101|Cycle miss in event CCSICombinedCmdManager Cyclic Event. Time Overrun is 48602 us[EOL]
[2026-09-22T07:26:48.471108Z][TRM_E.barcodereader][W][2330306][136]CRTCyclicEvent.cpp:TimeMissed():101|Cycle miss in event CCSICombinedRepManager. Time Overrun is 48602 us[EOL]
[2026-09-22T07:26:48.532516Z][TRM_E.newgen-tiprackmagazine][W][2330306][143]CRTCyclicEvent.cpp:TimeMissed():101|Cycle miss in event CCSICombinedCmdManager Cyclic Event. Time Overrun is 27572 us[EOL]
[2026-09-22T07:26:48.532544Z][TRM_E.newgen-tiprackmagazine][W][2330306][143]CRTCyclicEvent.cpp:TimeMissed():101|Cycle miss in event CCSICombinedRepManager. Time Overrun is 27572 us[EOL]
[2026-09-22T07:26:48.591450Z][TRM_E.barcodereader][W][2330306][136]CRTCyclicEvent.cpp:TimeMissed():101|Cycle miss in event CCSICombinedCmdManager Cyclic Event. Time Overrun is 9001 us[EOL]
[2026-09-22T07:26:48.591478Z][TRM_E.barcodereader][W][2330306][136]CRTCyclicEvent.cpp:TimeMissed():101|Cycle miss in event CCSICombinedRepManager. Time Overrun is 9001 us[EOL]
[2026-09-22T07:26:48.710114Z][TRM_E.barcodereader][W][2330306][136]CRTCyclicEvent.cpp:TimeMissed():101|Cycle miss in event CCSICombinedCmdManager Cyclic Event. Time Overrun is 7660 us[EOL]
[2026-09-22T07:26:48.710170Z][TRM_E.barcodereader][W][2330306][136]CRTCyclicEvent.cpp:TimeMissed():101|Cycle miss in event CCSICombinedRepManager. Time Overrun is 7660 us[EOL]
[2026-09-22T07:26:48.772462Z][TRM_E.newgen-tiprackmagazine][W][2330306][143]CRTCyclicEvent.cpp:TimeMissed():101|Cycle miss in event CCSICombinedCmdManager Cyclic Event. Time Overrun is 27520 us[EOL]
[2026-09-22T07:26:48.772499Z][TRM_E.newgen-tiprackmagazine][W][2330306][143]CRTCyclicEvent.cpp:TimeMissed():101|Cycle miss in event CCSICombinedRepManager. Time Overrun is 27520 us[EOL]
[2026-09-22T07:26:48.891929Z][TRM_E.newgen-tiprackmagazine][W][2330306][143]CRTCyclicEvent.cpp:TimeMissed():101|Cycle miss in event CCSICombinedCmdManager Cyclic Event. Time Overrun is 6989 us[EOL]
[2026-09-22T07:26:48.888999Z][TRM_E.barcodereader][W][2330306][136]CRTCyclicEvent.cpp:TimeMissed():101|Cycle miss in event CCSICombinedCmdManager Cyclic Event. Time Overrun is 66547 us[EOL]
[2026-09-22T07:26:48.891959Z][TRM_E.newgen-tiprackmagazine][W][2330306][143]CRTCyclicEvent.cpp:TimeMissed():101|Cycle miss in event CCSICombinedRepManager. Time Overrun is 6989 us[EOL]
[2026-09-22T07:26:48.889039Z][TRM_E.barcodereader][W][2330306][136]CRTCyclicEvent.cpp:TimeMissed():101|Cycle miss in event CCSICombinedRepManager. Time Overrun is 66547 us[EOL]
[2026-09-22T07:26:49.028949Z][TRM_E.barcodereader][W][2330306][136]CRTCyclicEvent.cpp:TimeMissed():101|Cycle miss in event CCSICombinedCmdManager Cyclic Event. Time Overrun is 16499 us[EOL]
[2026-09-22T07:26:49.029865Z][TRM_E.barcodereader][W][2330306][136]CRTCyclicEvent.cpp:TimeMissed():101|Cycle miss in event CCSICombinedRepManager. Time Overrun is 16499 us[EOL]
[2026-09-22T07:26:49.173960Z][TRM_E.barcodereader][W][2330306][136]CRTCyclicEvent.cpp:TimeMissed():101|Cycle miss in event CCSICombinedCmdManager Cyclic Event. Time Overrun is 1508 us[EOL]
[2026-09-22T07:26:49.174004Z][TRM_E.barcodereader][W][2330306][136]CRTCyclicEvent.cpp:TimeMissed():101|Cycle miss in event CCSICombinedRepManager. Time Overrun is 1508 us[EOL]
[2026-09-22T07:26:49.292587Z][TRM_E.barcodereader][W][2330306][136]CRTCyclicEvent.cpp:TimeMissed():101|Cycle miss in event CCSICombinedCmdManager Cyclic Event. Time Overrun is 137 us[EOL]
[2026-09-22T07:26:49.292618Z][TRM_E.barcodereader][W][2330306][136]CRTCyclicEvent.cpp:TimeMissed():101|Cycle miss in event CCSICombinedRepManager. Time Overrun is 137 us[EOL]
[2026-09-22T07:26:49.431663Z][TRM_E.barcodereader][W][2330306][136]CRTCyclicEvent.cpp:TimeMissed():101|Cycle miss in event CCSICombinedCmdManager Cyclic Event. Time Overrun is 19211 us[EOL]
[2026-09-22T07:26:49.431919Z][TRM_E.barcodereader][W][2330306][136]CRTCyclicEvent.cpp:TimeMissed():101|Cycle miss in event CCSICombinedRepManager. Time Overrun is 19211 us[EOL]
[2026-09-22T07:26:49.570250Z][TRM_E.barcodereader][W][2330306][136]CRTCyclicEvent.cpp:TimeMissed():101|Cycle miss in event CCSICombinedCmdManager Cyclic Event. Time Overrun is 27797 us[EOL]
[2026-09-22T07:26:49.570299Z][TRM_E.barcodereader][W][2330306][136]CRTCyclicEvent.cpp:TimeMissed():101|Cycle miss in event CCSICombinedRepManager. Time Overrun is 27797 us[EOL]
[2026-09-22T07:26:49.695818Z][TRM_E.barcodereader][W][2330306][136]CRTCyclicEvent.cpp:TimeMissed():101|Cycle miss in event CCSICombinedCmdManager Cyclic Event. Time Overrun is 3362 us[EOL]
[2026-09-22T07:26:49.695860Z][TRM_E.barcodereader][W][2330306][136]CRTCyclicEvent.cpp:TimeMissed():101|Cycle miss in event CCSICombinedRepManager. Time Overrun is 3362 us[EOL]
[2026-09-22T07:26:50.190010Z][TRM_E.barcodereader][W][2330306][136]CRTCyclicEvent.cpp:TimeMissed():101|Cycle miss in event CCSICombinedCmdManager Cyclic Event. Time Overrun is 7561 us[EOL]
[2026-09-22T07:26:50.190036Z][TRM_E.barcodereader][W][2330306][136]CRTCyclicEvent.cpp:TimeMissed():101|Cycle miss in event CCSICombinedRepManager. Time Overrun is 7561 us[EOL]
[2026-09-22T07:26:50.714897Z][TRM_E.barcodereader][W][2330306][136]CRTCyclicEvent.cpp:TimeMissed():101|Cycle miss in event CCSICombinedCmdManager Cyclic Event. Time Overrun is 2444 us[EOL]
[2026-09-22T07:26:50.714933Z][TRM_E.barcodereader][W][2330306][136]CRTCyclicEvent.cpp:TimeMissed():101|Cycle miss in event CCSICombinedRepManager. Time Overrun is 2444 us[EOL]
[2026-09-22T07:26:50.750604Z][TRM_E.barcodereader][W][2330306][136]CRTCyclicEvent.cpp:TimeMissed():101|Cycle miss in event CCSICyclicRepManager. Time Overrun is 1568915 us[EOL]
[2026-09-22T07:26:50.750233Z][TRM_E.newgen-tiprackmagazine][W][2330306][143]CRTCyclicEvent.cpp:TimeMissed():101|Cycle miss in event CCSICombinedCmdManager Cyclic Event. Time Overrun is 1705294 us[EOL]
[2026-09-22T07:26:50.750255Z][TRM_E.newgen-tiprackmagazine][W][2330306][143]CRTCyclicEvent.cpp:TimeMissed():101|Cycle miss in event CCSICombinedRepManager. Time Overrun is 1705294 us[EOL]
[2026-09-22T07:26:50.848643Z][TRM_E.barcodereader][W][2330306][136]CRTCyclicEvent.cpp:TimeMissed():101|Cycle miss in event CCSICombinedCmdManager Cyclic Event. Time Overrun is 16189 us[EOL]
[2026-09-22T07:26:50.848686Z][TRM_E.barcodereader][W][2330306][136]CRTCyclicEvent.cpp:TimeMissed():101|Cycle miss in event CCSICombinedRepManager. Time Overrun is 16189 us[EOL]
[2026-09-22T07:26:50.952999Z][TRM_E.newgen-tiprackmagazine][W][2330306][143]CRTCyclicEvent.cpp:TimeMissed():101|Cycle miss in event CCSICombinedCmdManager Cyclic Event. Time Overrun is 88056 us[EOL]
[2026-09-22T07:26:50.953048Z][TRM_E.newgen-tiprackmagazine][W][2330306][143]CRTCyclicEvent.cpp:TimeMissed():101|Cycle miss in event CCSICombinedRepManager. Time Overrun is 88056 us[EOL]
[2026-09-22T07:26:50.979203Z][TRM_E.barcodereader][W][2330306][136]CRTCyclicEvent.cpp:TimeMissed():101|Cycle miss in event CCSICombinedCmdManager Cyclic Event. Time Overrun is 6742 us[EOL]
[2026-09-22T07:26:50.979284Z][TRM_E.barcodereader][W][2330306][136]CRTCyclicEvent.cpp:TimeMissed():101|Cycle miss in event CCSICombinedRepManager. Time Overrun is 6742 us[EOL]
[2026-09-22T07:26:51.100891Z][TRM_E.barcodereader][W][2330306][136]CRTCyclicEvent.cpp:TimeMissed():101|Cycle miss in event CCSICombinedCmdManager Cyclic Event. Time Overrun is 8438 us[EOL]
[2026-09-22T07:26:51.100929Z][TRM_E.barcodereader][W][2330306][136]CRTCyclicEvent.cpp:TimeMissed():101|Cycle miss in event CCSICombinedRepManager. Time Overrun is 8438 us[EOL]
[2026-09-22T07:26:51.279390Z][TRM_E.newgen-tiprackmagazine][W][2330306][143]CRTCyclicEvent.cpp:TimeMissed():101|Cycle miss in event CCSICombinedCmdManager Cyclic Event. Time Overrun is 4450 us[EOL]
[2026-09-22T07:26:51.279438Z][TRM_E.newgen-tiprackmagazine][W][2330306][143]CRTCyclicEvent.cpp:TimeMissed():101|Cycle miss in event CCSICombinedRepManager. Time Overrun is 4450 us[EOL]
[2026-09-22T07:26:51.280068Z][TRM_E.barcodereader][W][2330306][136]CRTCyclicEvent.cpp:TimeMissed():101|Cycle miss in event CCSICombinedCmdManager Cyclic Event. Time Overrun is 57615 us[EOL]
[2026-09-22T07:26:51.280114Z][TRM_E.barcodereader][W][2330306][136]CRTCyclicEvent.cpp:TimeMissed():101|Cycle miss in event CCSICombinedRepManager. Time Overrun is 57615 us[EOL]
[2026-09-22T07:26:51.410783Z][TRM_E.barcodereader][W][2330306][136]CRTCyclicEvent.cpp:TimeMissed():101|Cycle miss in event CCSICombinedCmdManager Cyclic Event. Time Overrun is 18333 us[EOL]
[2026-09-22T07:26:51.410966Z][TRM_E.barcodereader][W][2330306][136]CRTCyclicEvent.cpp:TimeMissed():101|Cycle miss in event CCSICombinedRepManager. Time Overrun is 18333 us[EOL]
[2026-09-22T07:26:51.520548Z][TRM_E.newgen-tiprackmagazine][W][2330306][143]CRTCyclicEvent.cpp:TimeMissed():101|Cycle miss in event CCSICombinedCmdManager Cyclic Event. Time Overrun is 25608 us[EOL]
[2026-09-22T07:26:51.520578Z][TRM_E.newgen-tiprackmagazine][W][2330306][143]CRTCyclicEvent.cpp:TimeMissed():101|Cycle miss in event CCSICombinedRepManager. Time Overrun is 25608 us[EOL]
[2026-09-22T07:26:51.545502Z][TRM_E.barcodereader][W][2330306][136]CRTCyclicEvent.cpp:TimeMissed():101|Cycle miss in event CCSICombinedCmdManager Cyclic Event. Time Overrun is 3052 us[EOL]
[2026-09-22T07:26:51.545531Z][TRM_E.barcodereader][W][2330306][136]CRTCyclicEvent.cpp:TimeMissed():101|Cycle miss in event CCSICombinedRepManager. Time Overrun is 3052 us[EOL]
[2026-09-22T07:26:51.665103Z][TRM_E.newgen-tiprackmagazine][W][2330306][143]CRTCyclicEvent.cpp:TimeMissed():101|Cycle miss in event CCSICombinedCmdManager Cyclic Event. Time Overrun is 10163 us[EOL]
[2026-09-22T07:26:51.665131Z][TRM_E.newgen-tiprackmagazine][W][2330306][143]CRTCyclicEvent.cpp:TimeMissed():101|Cycle miss in event CCSICombinedRepManager. Time Overrun is 10163 us[EOL]
[2026-09-22T07:26:51.689874Z][TRM_E.barcodereader][W][2330306][136]CRTCyclicEvent.cpp:TimeMissed():101|Cycle miss in event CCSICombinedCmdManager Cyclic Event. Time Overrun is 7424 us[EOL]
[2026-09-22T07:26:51.689904Z][TRM_E.barcodereader][W][2330306][136]CRTCyclicEvent.cpp:TimeMissed():101|Cycle miss in event CCSICombinedRepManager. Time Overrun is 7424 us[EOL]
[2026-09-22T07:26:51.812805Z][TRM_E.barcodereader][W][2330306][136]CRTCyclicEvent.cpp:TimeMissed():101|Cycle miss in event CCSICombinedCmdManager Cyclic Event. Time Overrun is 10352 us[EOL]
[2026-09-22T07:26:51.812845Z][TRM_E.barcodereader][W][2330306][136]CRTCyclicEvent.cpp:TimeMissed():101|Cycle miss in event CCSICombinedRepManager. Time Overrun is 10352 us[EOL]
[2026-09-22T07:26:51.812688Z][TRM_E.newgen-tiprackmagazine][W][2330306][143]CRTCyclicEvent.cpp:TimeMissed():101|Cycle miss in event CCSICombinedCmdManager Cyclic Event. Time Overrun is 27745 us[EOL]
[2026-09-22T07:26:51.812735Z][TRM_E.newgen-tiprackmagazine][W][2330306][143]CRTCyclicEvent.cpp:TimeMissed():101|Cycle miss in event CCSICombinedRepManager. Time Overrun is 27745 us[EOL]
[2026-09-22T07:26:51.952307Z][TRM_E.newgen-tiprackmagazine][W][2330306][143]CRTCyclicEvent.cpp:TimeMissed():101|Cycle miss in event CCSICombinedCmdManager Cyclic Event. Time Overrun is 17364 us[EOL]
[2026-09-22T07:26:51.952911Z][TRM_E.barcodereader][W][2330306][136]CRTCyclicEvent.cpp:TimeMissed():101|Cycle miss in event CCSICombinedCmdManager Cyclic Event. Time Overrun is 10460 us[EOL]
[2026-09-22T07:26:51.952347Z][TRM_E.newgen-tiprackmagazine][W][2330306][143]CRTCyclicEvent.cpp:TimeMissed():101|Cycle miss in event CCSICombinedRepManager. Time Overrun is 17364 us[EOL]
[2026-09-22T07:26:51.952943Z][TRM_E.barcodereader][W][2330306][136]CRTCyclicEvent.cpp:TimeMissed():101|Cycle miss in event CCSICombinedRepManager. Time Overrun is 10460 us[EOL]
[2026-09-22T07:26:52.067302Z][TRM_E.newgen-tiprackmagazine][W][2330306][143]CRTCyclicEvent.cpp:TimeMissed():101|Cycle miss in event CCSICombinedCmdManager Cyclic Event. Time Overrun is 2358 us[EOL]
[2026-09-22T07:26:52.067808Z][TRM_E.newgen-tiprackmagazine][W][2330306][143]CRTCyclicEvent.cpp:TimeMissed():101|Cycle miss in event CCSICombinedRepManager. Time Overrun is 2358 us[EOL]
[2026-09-22T07:26:52.110499Z][TRM_E.barcodereader][W][2330306][136]CRTCyclicEvent.cpp:TimeMissed():101|Cycle miss in event CCSICombinedCmdManager Cyclic Event. Time Overrun is 8044 us[EOL]
[2026-09-22T07:26:52.110545Z][TRM_E.barcodereader][W][2330306][136]CRTCyclicEvent.cpp:TimeMissed():101|Cycle miss in event CCSICombinedRepManager. Time Overrun is 8044 us[EOL]
[2026-09-22T07:26:52.476385Z][TRM_E.barcodereader][W][2330306][136]CRTCyclicEvent.cpp:TimeMissed():101|Cycle miss in event CCSICombinedCmdManager Cyclic Event. Time Overrun is 33929 us[EOL]
[2026-09-22T07:26:52.476433Z][TRM_E.barcodereader][W][2330306][136]CRTCyclicEvent.cpp:TimeMissed():101|Cycle miss in event CCSICombinedRepManager. Time Overrun is 33929 us[EOL]
[2026-09-22T07:26:52.697757Z][TRM_E.newgen-tiprackmagazine][W][2330306][143]CRTCyclicEvent.cpp:TimeMissed():101|Cycle miss in event CCSICombinedCmdManager Cyclic Event. Time Overrun is 42803 us[EOL]
[2026-09-22T07:26:52.697803Z][TRM_E.newgen-tiprackmagazine][W][2330306][143]CRTCyclicEvent.cpp:TimeMissed():101|Cycle miss in event CCSICombinedRepManager. Time Overrun is 42803 us[EOL]
[2026-09-22T07:26:52.697319Z][TRM_E.barcodereader][W][2330306][136]CRTCyclicEvent.cpp:TimeMissed():101|Cycle miss in event CCSICombinedCmdManager Cyclic Event. Time Overrun is 44867 us[EOL]
[2026-09-22T07:26:52.697435Z][TRM_E.barcodereader][W][2330306][136]CRTCyclicEvent.cpp:TimeMissed():101|Cycle miss in event CCSICombinedRepManager. Time Overrun is 44867 us[EOL]
[2026-09-22T07:26:52.813026Z][TRM_E.barcodereader][W][2330306][136]CRTCyclicEvent.cpp:TimeMissed():101|Cycle miss in event CCSICombinedCmdManager Cyclic Event. Time Overrun is 576 us[EOL]
[2026-09-22T07:26:52.813067Z][TRM_E.barcodereader][W][2330306][136]CRTCyclicEvent.cpp:TimeMissed():101|Cycle miss in event CCSICombinedRepManager. Time Overrun is 576 us[EOL]
[2026-09-22T07:26:53.156412Z][TRM_E.newgen-tiprackmagazine][W][2330306][143]CRTCyclicEvent.cpp:TimeMissed():101|Cycle miss in event CCSICombinedCmdManager Cyclic Event. Time Overrun is 21468 us[EOL]
[2026-09-22T07:26:53.156456Z][TRM_E.newgen-tiprackmagazine][W][2330306][143]CRTCyclicEvent.cpp:TimeMissed():101|Cycle miss in event CCSICombinedRepManager. Time Overrun is 21468 us[EOL]
[2026-09-22T07:26:53.156384Z][TRM_E.barcodereader][W][2330306][136]CRTCyclicEvent.cpp:TimeMissed():101|Cycle miss in event CCSICombinedCmdManager Cyclic Event. Time Overrun is 23933 us[EOL]
[2026-09-22T07:26:53.156419Z][TRM_E.barcodereader][W][2330306][136]CRTCyclicEvent.cpp:TimeMissed():101|Cycle miss in event CCSICombinedRepManager. Time Overrun is 23933 us[EOL]
[2026-09-22T07:26:53.279740Z][TRM_E.newgen-tiprackmagazine][W][2330306][143]CRTCyclicEvent.cpp:TimeMissed():101|Cycle miss in event CCSICombinedCmdManager Cyclic Event. Time Overrun is 4799 us[EOL]
[2026-09-22T07:26:53.279770Z][TRM_E.newgen-tiprackmagazine][W][2330306][143]CRTCyclicEvent.cpp:TimeMissed():101|Cycle miss in event CCSICombinedRepManager. Time Overrun is 4799 us[EOL]
[2026-09-22T07:26:53.281062Z][TRM_E.barcodereader][W][2330306][136]CRTCyclicEvent.cpp:TimeMissed():101|Cycle miss in event CCSICombinedCmdManager Cyclic Event. Time Overrun is 8612 us[EOL]
[2026-09-22T07:26:53.281097Z][TRM_E.barcodereader][W][2330306][136]CRTCyclicEvent.cpp:TimeMissed():101|Cycle miss in event CCSICombinedRepManager. Time Overrun is 8612 us[EOL]
[2026-09-22T07:26:53.407618Z][TRM_E.barcodereader][W][2330306][136]CRTCyclicEvent.cpp:TimeMissed():101|Cycle miss in event CCSICombinedCmdManager Cyclic Event. Time Overrun is 15169 us[EOL]
[2026-09-22T07:26:53.407669Z][TRM_E.barcodereader][W][2330306][136]CRTCyclicEvent.cpp:TimeMissed():101|Cycle miss in event CCSICombinedRepManager. Time Overrun is 15169 us[EOL]
[2026-09-22T07:26:53.434788Z][TRM_E.newgen-tiprackmagazine][W][2330306][143]CRTCyclicEvent.cpp:TimeMissed():101|Cycle miss in event CCSICombinedCmdManager Cyclic Event. Time Overrun is 9847 us[EOL]
[2026-09-22T07:26:53.434820Z][TRM_E.newgen-tiprackmagazine][W][2330306][143]CRTCyclicEvent.cpp:TimeMissed():101|Cycle miss in event CCSICombinedRepManager. Time Overrun is 9847 us[EOL]
[2026-09-22T07:26:53.552454Z][TRM_E.newgen-tiprackmagazine][W][2330306][143]CRTCyclicEvent.cpp:TimeMissed():101|Cycle miss in event CCSICombinedCmdManager Cyclic Event. Time Overrun is 7511 us[EOL]
[2026-09-22T07:26:53.552436Z][TRM_E.barcodereader][W][2330306][136]CRTCyclicEvent.cpp:TimeMissed():101|Cycle miss in event CCSICombinedCmdManager Cyclic Event. Time Overrun is 9986 us[EOL]
[2026-09-22T07:26:53.552506Z][TRM_E.newgen-tiprackmagazine][W][2330306][143]CRTCyclicEvent.cpp:TimeMissed():101|Cycle miss in event CCSICombinedRepManager. Time Overrun is 7511 us[EOL]
[2026-09-22T07:26:53.552470Z][TRM_E.barcodereader][W][2330306][136]CRTCyclicEvent.cpp:TimeMissed():101|Cycle miss in event CCSICombinedRepManager. Time Overrun is 9986 us[EOL]
[2026-09-22T07:26:53.669149Z][TRM_E.barcodereader][W][2330306][136]CRTCyclicEvent.cpp:TimeMissed():101|Cycle miss in event CCSICombinedCmdManager Cyclic Event. Time Overrun is 6690 us[EOL]
[2026-09-22T07:26:53.669227Z][TRM_E.barcodereader][W][2330306][136]CRTCyclicEvent.cpp:TimeMissed():101|Cycle miss in event CCSICombinedRepManager. Time Overrun is 6690 us[EOL]
[2026-09-22T07:26:53.670920Z][TRM_E.newgen-tiprackmagazine][W][2330306][143]CRTCyclicEvent.cpp:TimeMissed():101|Cycle miss in event CCSICombinedCmdManager Cyclic Event. Time Overrun is 5974 us[EOL]
[2026-09-22T07:26:53.670966Z][TRM_E.newgen-tiprackmagazine][W][2330306][143]CRTCyclicEvent.cpp:TimeMissed():101|Cycle miss in event CCSICombinedRepManager. Time Overrun is 5974 us[EOL]
[2026-09-22T07:26:53.788339Z][TRM_E.newgen-tiprackmagazine][W][2330306][143]CRTCyclicEvent.cpp:TimeMissed():101|Cycle miss in event CCSICombinedCmdManager Cyclic Event. Time Overrun is 3397 us[EOL]
[2026-09-22T07:26:53.788369Z][TRM_E.newgen-tiprackmagazine][W][2330306][143]CRTCyclicEvent.cpp:TimeMissed():101|Cycle miss in event CCSICombinedRepManager. Time Overrun is 3397 us[EOL]
[2026-09-22T07:26:53.897165Z][TRM_E.newgen-tiprackmagazine][W][2330306][143]CRTCyclicEvent.cpp:TimeMissed():101|Cycle miss in event CCSICyclicRepManager. Time Overrun is 1234607 us[EOL]
[2026-09-22T07:26:53.944598Z][TRM_E.newgen-tiprackmagazine][W][2330306][143]CRTCyclicEvent.cpp:TimeMissed():101|Cycle miss in event CCSICombinedCmdManager Cyclic Event. Time Overrun is 29653 us[EOL]
[2026-09-22T07:26:53.944680Z][TRM_E.newgen-tiprackmagazine][W][2330306][143]CRTCyclicEvent.cpp:TimeMissed():101|Cycle miss in event CCSICombinedRepManager. Time Overrun is 29653 us[EOL]
[2026-09-22T07:26:54.089129Z][TRM_E.newgen-tiprackmagazine][W][2330306][143]CRTCyclicEvent.cpp:TimeMissed():101|Cycle miss in event CCSICombinedCmdManager Cyclic Event. Time Overrun is 14186 us[EOL]
[2026-09-22T07:26:54.089164Z][TRM_E.newgen-tiprackmagazine][W][2330306][143]CRTCyclicEvent.cpp:TimeMissed():101|Cycle miss in event CCSICombinedRepManager. Time Overrun is 14186 us[EOL]
[2026-09-22T07:26:54.182649Z][TRM_E.barcodereader][W][2330306][136]CRTCyclicEvent.cpp:TimeMissed():101|Cycle miss in event CCSICombinedCmdManager Cyclic Event. Time Overrun is 20182 us[EOL]
[2026-09-22T07:26:54.182691Z][TRM_E.barcodereader][W][2330306][136]CRTCyclicEvent.cpp:TimeMissed():101|Cycle miss in event CCSICombinedRepManager. Time Overrun is 20182 us[EOL]
[2026-09-22T07:26:54.215990Z][TRM_E.barcodereader][W][2330306][136]CRTCyclicEvent.cpp:TimeMissed():101|Cycle miss in event CCSICyclicRepManager. Time Overrun is 1234302 us[EOL]
[2026-09-22T07:26:54.264197Z][TRM_E.newgen-tiprackmagazine][W][2330306][143]CRTCyclicEvent.cpp:TimeMissed():101|Cycle miss in event CCSICombinedCmdManager Cyclic Event. Time Overrun is 19256 us[EOL]
[2026-09-22T07:26:54.264228Z][TRM_E.newgen-tiprackmagazine][W][2330306][143]CRTCyclicEvent.cpp:TimeMissed():101|Cycle miss in event CCSICombinedRepManager. Time Overrun is 19256 us[EOL]
[2026-09-22T07:26:54.401927Z][TRM_E.newgen-tiprackmagazine][W][2330306][143]CRTCyclicEvent.cpp:TimeMissed():101|Cycle miss in event CCSICombinedCmdManager Cyclic Event. Time Overrun is 6985 us[EOL]
[2026-09-22T07:26:54.401982Z][TRM_E.newgen-tiprackmagazine][W][2330306][143]CRTCyclicEvent.cpp:TimeMissed():101|Cycle miss in event CCSICombinedRepManager. Time Overrun is 6985 us[EOL]
[2026-09-22T07:26:54.462260Z][TRM_E.barcodereader][W][2330306][136]CRTCyclicEvent.cpp:TimeMissed():101|Cycle miss in event CCSICombinedCmdManager Cyclic Event. Time Overrun is 69807 us[EOL]
[2026-09-22T07:26:54.462307Z][TRM_E.barcodereader][W][2330306][136]CRTCyclicEvent.cpp:TimeMissed():101|Cycle miss in event CCSICombinedRepManager. Time Overrun is 69807 us[EOL]
[2026-09-22T07:26:54.570695Z][TRM_E.newgen-tiprackmagazine][W][2330306][143]CRTCyclicEvent.cpp:TimeMissed():101|Cycle miss in event CCSICombinedCmdManager Cyclic Event. Time Overrun is 55753 us[EOL]
[2026-09-22T07:26:54.570781Z][TRM_E.newgen-tiprackmagazine][W][2330306][143]CRTCyclicEvent.cpp:TimeMissed():101|Cycle miss in event CCSICombinedRepManager. Time Overrun is 55753 us[EOL]
[2026-09-22T07:26:54.613433Z][TRM_E.barcodereader][W][2330306][136]CRTCyclicEvent.cpp:TimeMissed():101|Cycle miss in event CCSICombinedCmdManager Cyclic Event. Time Overrun is 10983 us[EOL]
[2026-09-22T07:26:54.712565Z][TRM_E.newgen-tiprackmagazine][W][2330306][143]CRTCyclicEvent.cpp:TimeMissed():101|Cycle miss in event CCSICombinedCmdManager Cyclic Event. Time Overrun is 7594 us[EOL]
[2026-09-22T07:26:54.712614Z][TRM_E.newgen-tiprackmagazine][W][2330306][143]CRTCyclicEvent.cpp:TimeMissed():101|Cycle miss in event CCSICombinedRepManager. Time Overrun is 7594 us[EOL]
[2026-09-22T07:26:54.613462Z][TRM_E.barcodereader][W][2330306][136]CRTCyclicEvent.cpp:TimeMissed():101|Cycle miss in event CCSICombinedRepManager. Time Overrun is 10983 us[EOL]
[2026-09-22T07:26:54.764257Z][TRM_E.barcodereader][W][2330306][136]CRTCyclicEvent.cpp:TimeMissed():101|Cycle miss in event CCSICombinedCmdManager Cyclic Event. Time Overrun is 31804 us[EOL]
[2026-09-22T07:26:54.764302Z][TRM_E.barcodereader][W][2330306][136]CRTCyclicEvent.cpp:TimeMissed():101|Cycle miss in event CCSICombinedRepManager. Time Overrun is 31804 us[EOL]
[2026-09-22T07:26:54.832752Z][TRM_E.newgen-tiprackmagazine][W][2330306][143]CRTCyclicEvent.cpp:TimeMissed():101|Cycle miss in event CCSICombinedCmdManager Cyclic Event. Time Overrun is 7810 us[EOL]
[2026-09-22T07:26:54.832785Z][TRM_E.newgen-tiprackmagazine][W][2330306][143]CRTCyclicEvent.cpp:TimeMissed():101|Cycle miss in event CCSICombinedRepManager. Time Overrun is 7810 us[EOL]
[2026-09-22T07:26:54.934903Z][TRM_E.barcodereader][W][2330306][136]CRTCyclicEvent.cpp:TimeMissed():101|Cycle miss in event CCSICombinedCmdManager Cyclic Event. Time Overrun is 52454 us[EOL]
[2026-09-22T07:26:54.965520Z][TRM_E.newgen-tiprackmagazine][W][2330306][143]CRTCyclicEvent.cpp:TimeMissed():101|Cycle miss in event CCSICombinedCmdManager Cyclic Event. Time Overrun is 10580 us[EOL]
[2026-09-22T07:26:54.965606Z][TRM_E.newgen-tiprackmagazine][W][2330306][143]CRTCyclicEvent.cpp:TimeMissed():101|Cycle miss in event CCSICombinedRepManager. Time Overrun is 10580 us[EOL]
[2026-09-22T07:26:54.934932Z][TRM_E.barcodereader][W][2330306][136]CRTCyclicEvent.cpp:TimeMissed():101|Cycle miss in event CCSICombinedRepManager. Time Overrun is 52454 us[EOL]
[2026-09-22T07:26:55.099446Z][TRM_E.barcodereader][W][2330306][136]CRTCyclicEvent.cpp:TimeMissed():101|Cycle miss in event CCSICombinedCmdManager Cyclic Event. Time Overrun is 46997 us[EOL]
[2026-09-22T07:26:55.099479Z][TRM_E.barcodereader][W][2330306][136]CRTCyclicEvent.cpp:TimeMissed():101|Cycle miss in event CCSICombinedRepManager. Time Overrun is 46997 us[EOL]
[2026-09-22T07:26:55.100190Z][TRM_E.newgen-tiprackmagazine][W][2330306][143]CRTCyclicEvent.cpp:TimeMissed():101|Cycle miss in event CCSICombinedCmdManager Cyclic Event. Time Overrun is 15248 us[EOL]
[2026-09-22T07:26:55.100237Z][TRM_E.newgen-tiprackmagazine][W][2330306][143]CRTCyclicEvent.cpp:TimeMissed():101|Cycle miss in event CCSICombinedRepManager. Time Overrun is 15248 us[EOL]
[2026-09-22T07:26:55.232510Z][TRM_E.newgen-tiprackmagazine][W][2330306][143]CRTCyclicEvent.cpp:TimeMissed():101|Cycle miss in event CCSICombinedCmdManager Cyclic Event. Time Overrun is 17566 us[EOL]
[2026-09-22T07:26:55.232965Z][TRM_E.barcodereader][W][2330306][136]CRTCyclicEvent.cpp:TimeMissed():101|Cycle miss in event CCSICombinedCmdManager Cyclic Event. Time Overrun is 20514 us[EOL]
[2026-09-22T07:26:55.233027Z][TRM_E.barcodereader][W][2330306][136]CRTCyclicEvent.cpp:TimeMissed():101|Cycle miss in event CCSICombinedRepManager. Time Overrun is 20514 us[EOL]
[2026-09-22T07:26:55.232553Z][TRM_E.newgen-tiprackmagazine][W][2330306][143]CRTCyclicEvent.cpp:TimeMissed():101|Cycle miss in event CCSICombinedRepManager. Time Overrun is 17566 us[EOL]
[2026-09-22T07:26:55.355838Z][TRM_E.barcodereader][W][2330306][136]CRTCyclicEvent.cpp:TimeMissed():101|Cycle miss in event CCSICombinedCmdManager Cyclic Event. Time Overrun is 3390 us[EOL]
[2026-09-22T07:26:55.355868Z][TRM_E.barcodereader][W][2330306][136]CRTCyclicEvent.cpp:TimeMissed():101|Cycle miss in event CCSICombinedRepManager. Time Overrun is 3390 us[EOL]
[2026-09-22T07:26:55.355278Z][TRM_E.newgen-tiprackmagazine][W][2330306][143]CRTCyclicEvent.cpp:TimeMissed():101|Cycle miss in event CCSICombinedCmdManager Cyclic Event. Time Overrun is 10336 us[EOL]
[2026-09-22T07:26:55.355309Z][TRM_E.newgen-tiprackmagazine][W][2330306][143]CRTCyclicEvent.cpp:TimeMissed():101|Cycle miss in event CCSICombinedRepManager. Time Overrun is 10336 us[EOL]
[2026-09-22T07:26:55.489546Z][TRM_E.newgen-tiprackmagazine][W][2330306][143]CRTCyclicEvent.cpp:TimeMissed():101|Cycle miss in event CCSICombinedCmdManager Cyclic Event. Time Overrun is 14604 us[EOL]
[2026-09-22T07:26:55.489578Z][TRM_E.newgen-tiprackmagazine][W][2330306][143]CRTCyclicEvent.cpp:TimeMissed():101|Cycle miss in event CCSICombinedRepManager. Time Overrun is 14604 us[EOL]
[2026-09-22T07:26:55.568730Z][TRM_E.barcodereader][W][2330306][136]CRTCyclicEvent.cpp:TimeMissed():101|Cycle miss in event CCSICombinedCmdManager Cyclic Event. Time Overrun is 56278 us[EOL]
[2026-09-22T07:26:55.568832Z][TRM_E.barcodereader][W][2330306][136]CRTCyclicEvent.cpp:TimeMissed():101|Cycle miss in event CCSICombinedRepManager. Time Overrun is 56278 us[EOL]
[2026-09-22T07:26:55.617055Z][TRM_E.newgen-tiprackmagazine][W][2330306][143]CRTCyclicEvent.cpp:TimeMissed():101|Cycle miss in event CCSICombinedCmdManager Cyclic Event. Time Overrun is 2114 us[EOL]
[2026-09-22T07:26:55.617084Z][TRM_E.newgen-tiprackmagazine][W][2330306][143]CRTCyclicEvent.cpp:TimeMissed():101|Cycle miss in event CCSICombinedRepManager. Time Overrun is 2114 us[EOL]
[2026-09-22T07:26:55.683142Z][TRM_E.barcodereader][W][2330306][136]CRTCyclicEvent.cpp:TimeMissed():101|Cycle miss in event CCSICombinedCmdManager Cyclic Event. Time Overrun is 689 us[EOL]
[2026-09-22T07:26:55.683185Z][TRM_E.barcodereader][W][2330306][136]CRTCyclicEvent.cpp:TimeMissed():101|Cycle miss in event CCSICombinedRepManager. Time Overrun is 689 us[EOL]
[2026-09-22T07:26:55.754004Z][TRM_E.newgen-tiprackmagazine][W][2330306][143]CRTCyclicEvent.cpp:TimeMissed():101|Cycle miss in event CCSICombinedCmdManager Cyclic Event. Time Overrun is 9061 us[EOL]
[2026-09-22T07:26:55.754040Z][TRM_E.newgen-tiprackmagazine][W][2330306][143]CRTCyclicEvent.cpp:TimeMissed():101|Cycle miss in event CCSICombinedRepManager. Time Overrun is 9061 us[EOL]
[2026-09-22T07:26:55.803091Z][TRM_E.barcodereader][W][2330306][136]CRTCyclicEvent.cpp:TimeMissed():101|Cycle miss in event CCSICombinedCmdManager Cyclic Event. Time Overrun is 641 us[EOL]
[2026-09-22T07:26:55.803119Z][TRM_E.barcodereader][W][2330306][136]CRTCyclicEvent.cpp:TimeMissed():101|Cycle miss in event CCSICombinedRepManager. Time Overrun is 641 us[EOL]
[2026-09-22T07:26:55.933702Z][TRM_E.barcodereader][W][2330306][136]CRTCyclicEvent.cpp:TimeMissed():101|Cycle miss in event CCSICombinedCmdManager Cyclic Event. Time Overrun is 1252 us[EOL]
[2026-09-22T07:26:55.933729Z][TRM_E.barcodereader][W][2330306][136]CRTCyclicEvent.cpp:TimeMissed():101|Cycle miss in event CCSICombinedRepManager. Time Overrun is 1252 us[EOL]
[2026-09-22T07:26:56.209547Z][TRM_E.newgen-tiprackmagazine][W][2330306][143]CRTCyclicEvent.cpp:TimeMissed():101|Cycle miss in event CCSICyclicRepManager. Time Overrun is 46985 us[EOL]
[2026-09-22T07:26:56.209836Z][TRM_E.barcodereader][W][2330306][136]CRTCyclicEvent.cpp:TimeMissed():101|Cycle miss in event CCSICyclicRepManager. Time Overrun is 28143 us[EOL]
[2026-09-22T07:26:56.229266Z][TRM_E.barcodereader][W][2330306][136]CRTCyclicEvent.cpp:TimeMissed():101|Cycle miss in event CCSICombinedCmdManager Cyclic Event. Time Overrun is 136813 us[EOL]
[2026-09-22T07:26:56.229316Z][TRM_E.barcodereader][W][2330306][136]CRTCyclicEvent.cpp:TimeMissed():101|Cycle miss in event CCSICombinedRepManager. Time Overrun is 136813 us[EOL]
[2026-09-22T07:26:56.396490Z][TRM_E.barcodereader][W][2330306][136]CRTCyclicEvent.cpp:TimeMissed():101|Cycle miss in event CCSICombinedCmdManager Cyclic Event. Time Overrun is 54037 us[EOL]
[2026-09-22T07:26:56.396520Z][TRM_E.barcodereader][W][2330306][136]CRTCyclicEvent.cpp:TimeMissed():101|Cycle miss in event CCSICombinedRepManager. Time Overrun is 54037 us[EOL]
[2026-09-22T07:26:56.565637Z][TRM_E.barcodereader][W][2330306][136]CRTCyclicEvent.cpp:TimeMissed():101|Cycle miss in event CCSICombinedCmdManager Cyclic Event. Time Overrun is 43184 us[EOL]
[2026-09-22T07:26:56.565672Z][TRM_E.barcodereader][W][2330306][136]CRTCyclicEvent.cpp:TimeMissed():101|Cycle miss in event CCSICombinedRepManager. Time Overrun is 43184 us[EOL]
[2026-09-22T07:26:56.705123Z][TRM_E.barcodereader][W][2330306][136]CRTCyclicEvent.cpp:TimeMissed():101|Cycle miss in event CCSICombinedCmdManager Cyclic Event. Time Overrun is 22667 us[EOL]
[2026-09-22T07:26:56.705164Z][TRM_E.barcodereader][W][2330306][136]CRTCyclicEvent.cpp:TimeMissed():101|Cycle miss in event CCSICombinedRepManager. Time Overrun is 22667 us[EOL]
[2026-09-22T07:26:56.825101Z][TRM_E.barcodereader][W][2330306][136]CRTCyclicEvent.cpp:TimeMissed():101|Cycle miss in event CCSICombinedCmdManager Cyclic Event. Time Overrun is 2650 us[EOL]
[2026-09-22T07:26:56.825137Z][TRM_E.barcodereader][W][2330306][136]CRTCyclicEvent.cpp:TimeMissed():101|Cycle miss in event CCSICombinedRepManager. Time Overrun is 2650 us[EOL]
[2026-09-22T07:26:56.971433Z][TRM_E.barcodereader][W][2330306][136]CRTCyclicEvent.cpp:TimeMissed():101|Cycle miss in event CCSICombinedCmdManager Cyclic Event. Time Overrun is 28982 us[EOL]
[2026-09-22T07:26:56.971470Z][TRM_E.barcodereader][W][2330306][136]CRTCyclicEvent.cpp:TimeMissed():101|Cycle miss in event CCSICombinedRepManager. Time Overrun is 28982 us[EOL]
[2026-09-22T07:26:57.083831Z][TRM_E.barcodereader][W][2330306][136]CRTCyclicEvent.cpp:TimeMissed():101|Cycle miss in event CCSICombinedCmdManager Cyclic Event. Time Overrun is 1382 us[EOL]
[2026-09-22T07:26:57.083858Z][TRM_E.barcodereader][W][2330306][136]CRTCyclicEvent.cpp:TimeMissed():101|Cycle miss in event CCSICombinedRepManager. Time Overrun is 1382 us[EOL]
[2026-09-22T07:26:57.400295Z][TRM_E.barcodereader][W][2330306][136]CRTCyclicEvent.cpp:TimeMissed():101|Cycle miss in event CCSICombinedCmdManager Cyclic Event. Time Overrun is 27833 us[EOL]
[2026-09-22T07:26:57.400367Z][TRM_E.barcodereader][W][2330306][136]CRTCyclicEvent.cpp:TimeMissed():101|Cycle miss in event CCSICombinedRepManager. Time Overrun is 27833 us[EOL]
[2026-09-22T07:26:57.599826Z][TRM_E.barcodereader][W][2330306][136]CRTCyclicEvent.cpp:TimeMissed():101|Cycle miss in event CCSICombinedCmdManager Cyclic Event. Time Overrun is 87377 us[EOL]
[2026-09-22T07:26:57.599856Z][TRM_E.barcodereader][W][2330306][136]CRTCyclicEvent.cpp:TimeMissed():101|Cycle miss in event CCSICombinedRepManager. Time Overrun is 87377 us[EOL]
[2026-09-22T07:26:57.599741Z][TRM_E.newgen-tiprackmagazine][W][2330306][143]CRTCyclicEvent.cpp:TimeMissed():101|Cycle miss in event CCSICyclicRepManager. Time Overrun is 37179 us[EOL]
[2026-09-22T07:26:57.955309Z][TRM_E.barcodereader][W][2330306][136]CRTCyclicEvent.cpp:TimeMissed():101|Cycle miss in event CCSICombinedCmdManager Cyclic Event. Time Overrun is 102860 us[EOL]
[2026-09-22T07:26:57.955837Z][TRM_E.barcodereader][W][2330306][136]CRTCyclicEvent.cpp:TimeMissed():101|Cycle miss in event CCSICombinedRepManager. Time Overrun is 102860 us[EOL]
[2026-09-22T07:26:58.078427Z][TRM_E.barcodereader][W][2330306][136]CRTCyclicEvent.cpp:TimeMissed():101|Cycle miss in event CCSICombinedCmdManager Cyclic Event. Time Overrun is 5976 us[EOL]
[2026-09-22T07:26:58.078463Z][TRM_E.barcodereader][W][2330306][136]CRTCyclicEvent.cpp:TimeMissed():101|Cycle miss in event CCSICombinedRepManager. Time Overrun is 5976 us[EOL]
[2026-09-22T07:26:58.211095Z][TRM_E.barcodereader][W][2330306][136]CRTCyclicEvent.cpp:TimeMissed():101|Cycle miss in event CCSICombinedCmdManager Cyclic Event. Time Overrun is 18641 us[EOL]
[2026-09-22T07:26:58.211141Z][TRM_E.barcodereader][W][2330306][136]CRTCyclicEvent.cpp:TimeMissed():101|Cycle miss in event CCSICombinedRepManager. Time Overrun is 18641 us[EOL]
[2026-09-22T07:26:58.329340Z][TRM_E.barcodereader][W][2330306][136]CRTCyclicEvent.cpp:TimeMissed():101|Cycle miss in event CCSICombinedCmdManager Cyclic Event. Time Overrun is 6887 us[EOL]
[2026-09-22T07:26:58.329375Z][TRM_E.barcodereader][W][2330306][136]CRTCyclicEvent.cpp:TimeMissed():101|Cycle miss in event CCSICombinedRepManager. Time Overrun is 6887 us[EOL]
[2026-09-22T07:26:58.515449Z][TRM_E.barcodereader][W][2330306][136]CRTCyclicEvent.cpp:TimeMissed():101|Cycle miss in event CCSICombinedCmdManager Cyclic Event. Time Overrun is 62999 us[EOL]
[2026-09-22T07:26:58.515491Z][TRM_E.barcodereader][W][2330306][136]CRTCyclicEvent.cpp:TimeMissed():101|Cycle miss in event CCSICombinedRepManager. Time Overrun is 62999 us[EOL]
[2026-09-22T07:26:58.668666Z][TRM_E.barcodereader][W][2330306][136]CRTCyclicEvent.cpp:TimeMissed():101|Cycle miss in event CCSICombinedCmdManager Cyclic Event. Time Overrun is 36218 us[EOL]
[2026-09-22T07:26:58.668691Z][TRM_E.barcodereader][W][2330306][136]CRTCyclicEvent.cpp:TimeMissed():101|Cycle miss in event CCSICombinedRepManager. Time Overrun is 36218 us[EOL]
[2026-09-22T07:26:58.793783Z][TRM_E.barcodereader][W][2330306][136]CRTCyclicEvent.cpp:TimeMissed():101|Cycle miss in event CCSICombinedCmdManager Cyclic Event. Time Overrun is 11335 us[EOL]
[2026-09-22T07:26:58.793807Z][TRM_E.barcodereader][W][2330306][136]CRTCyclicEvent.cpp:TimeMissed():101|Cycle miss in event CCSICombinedRepManager. Time Overrun is 11335 us[EOL]
[2026-09-22T07:26:58.837645Z][TRM_E.newgen-tiprackmagazine][W][2330306][143]CRTCyclicEvent.cpp:TimeMissed():101|Cycle miss in event CCSICombinedCmdManager Cyclic Event. Time Overrun is 2972704 us[EOL]
[2026-09-22T07:26:58.837675Z][TRM_E.newgen-tiprackmagazine][W][2330306][143]CRTCyclicEvent.cpp:TimeMissed():101|Cycle miss in event CCSICombinedRepManager. Time Overrun is 2972704 us[EOL]
[2026-09-22T07:26:58.964514Z][TRM_E.newgen-tiprackmagazine][W][2330306][143]CRTCyclicEvent.cpp:TimeMissed():101|Cycle miss in event CCSICyclicRepManager. Time Overrun is 1953 us[EOL]
[2026-09-22T07:26:59.096184Z][TRM_E.barcodereader][W][2330306][136]CRTCyclicEvent.cpp:TimeMissed():101|Cycle miss in event CCSICyclicRepManager. Time Overrun is 14480 us[EOL]
[2026-09-22T07:26:59.139052Z][TRM_E.barcodereader][W][2330306][136]CRTCyclicEvent.cpp:TimeMissed():101|Cycle miss in event CCSICombinedCmdManager Cyclic Event. Time Overrun is 16602 us[EOL]
[2026-09-22T07:26:59.139086Z][TRM_E.barcodereader][W][2330306][136]CRTCyclicEvent.cpp:TimeMissed():101|Cycle miss in event CCSICombinedRepManager. Time Overrun is 16602 us[EOL]
[2026-09-22T07:26:59.269807Z][TRM_E.newgen-tiprackmagazine][W][2330306][143]CRTCyclicEvent.cpp:TimeMissed():101|Cycle miss in event CCSICombinedCmdManager Cyclic Event. Time Overrun is 54855 us[EOL]
[2026-09-22T07:26:59.268102Z][TRM_E.barcodereader][W][2330306][136]CRTCyclicEvent.cpp:TimeMissed():101|Cycle miss in event CCSICombinedCmdManager Cyclic Event. Time Overrun is 15644 us[EOL]
[2026-09-22T07:26:59.269896Z][TRM_E.newgen-tiprackmagazine][W][2330306][143]CRTCyclicEvent.cpp:TimeMissed():101|Cycle miss in event CCSICombinedRepManager. Time Overrun is 54855 us[EOL]
[2026-09-22T07:26:59.269690Z][TRM_E.barcodereader][W][2330306][136]CRTCyclicEvent.cpp:TimeMissed():101|Cycle miss in event CCSICombinedRepManager. Time Overrun is 15644 us[EOL]
[2026-09-22T07:26:59.414346Z][TRM_E.newgen-tiprackmagazine][W][2330306][143]CRTCyclicEvent.cpp:TimeMissed():101|Cycle miss in event CCSICombinedCmdManager Cyclic Event. Time Overrun is 29402 us[EOL]
[2026-09-22T07:26:59.415727Z][TRM_E.barcodereader][W][2330306][136]CRTCyclicEvent.cpp:TimeMissed():101|Cycle miss in event CCSICombinedCmdManager Cyclic Event. Time Overrun is 33274 us[EOL]
[2026-09-22T07:26:59.414384Z][TRM_E.newgen-tiprackmagazine][W][2330306][143]CRTCyclicEvent.cpp:TimeMissed():101|Cycle miss in event CCSICombinedRepManager. Time Overrun is 29402 us[EOL]
[2026-09-22T07:26:59.415770Z][TRM_E.barcodereader][W][2330306][136]CRTCyclicEvent.cpp:TimeMissed():101|Cycle miss in event CCSICombinedRepManager. Time Overrun is 33274 us[EOL]
[2026-09-22T07:26:59.590876Z][TRM_E.newgen-tiprackmagazine][W][2330306][143]CRTCyclicEvent.cpp:TimeMissed():101|Cycle miss in event CCSICombinedCmdManager Cyclic Event. Time Overrun is 65932 us[EOL]
[2026-09-22T07:26:59.592141Z][TRM_E.barcodereader][W][2330306][136]CRTCyclicEvent.cpp:TimeMissed():101|Cycle miss in event CCSICombinedCmdManager Cyclic Event. Time Overrun is 59689 us[EOL]
[2026-09-22T07:26:59.590935Z][TRM_E.newgen-tiprackmagazine][W][2330306][143]CRTCyclicEvent.cpp:TimeMissed():101|Cycle miss in event CCSICombinedRepManager. Time Overrun is 65932 us[EOL]
[2026-09-22T07:26:59.592176Z][TRM_E.barcodereader][W][2330306][136]CRTCyclicEvent.cpp:TimeMissed():101|Cycle miss in event CCSICombinedRepManager. Time Overrun is 59689 us[EOL]
[2026-09-22T07:26:59.782522Z][TRM_E.newgen-tiprackmagazine][W][2330306][143]CRTCyclicEvent.cpp:TimeMissed():101|Cycle miss in event CCSICombinedCmdManager Cyclic Event. Time Overrun is 67582 us[EOL]
[2026-09-22T07:26:59.782620Z][TRM_E.newgen-tiprackmagazine][W][2330306][143]CRTCyclicEvent.cpp:TimeMissed():101|Cycle miss in event CCSICombinedRepManager. Time Overrun is 67582 us[EOL]
[2026-09-22T07:26:59.778887Z][TRM_E.barcodereader][W][2330306][136]CRTCyclicEvent.cpp:TimeMissed():101|Cycle miss in event CCSICombinedCmdManager Cyclic Event. Time Overrun is 56436 us[EOL]
[2026-09-22T07:26:59.778932Z][TRM_E.barcodereader][W][2330306][136]CRTCyclicEvent.cpp:TimeMissed():101|Cycle miss in event CCSICombinedRepManager. Time Overrun is 56436 us[EOL]
[2026-09-22T07:26:59.901900Z][TRM_E.newgen-tiprackmagazine][W][2330306][143]CRTCyclicEvent.cpp:TimeMissed():101|Cycle miss in event CCSICombinedCmdManager Cyclic Event. Time Overrun is 6957 us[EOL]
[2026-09-22T07:26:59.901942Z][TRM_E.newgen-tiprackmagazine][W][2330306][143]CRTCyclicEvent.cpp:TimeMissed():101|Cycle miss in event CCSICombinedRepManager. Time Overrun is 6957 us[EOL]
[2026-09-22T07:26:59.901874Z][TRM_E.barcodereader][W][2330306][136]CRTCyclicEvent.cpp:TimeMissed():101|Cycle miss in event CCSICombinedCmdManager Cyclic Event. Time Overrun is 9425 us[EOL]
[2026-09-22T07:26:59.901900Z][TRM_E.barcodereader][W][2330306][136]CRTCyclicEvent.cpp:TimeMissed():101|Cycle miss in event CCSICombinedRepManager. Time Overrun is 9425 us[EOL]
[2026-09-22T07:27:00.136681Z][TRM_E.newgen-tiprackmagazine][W][2330306][143]CRTCyclicEvent.cpp:TimeMissed():101|Cycle miss in event CCSICombinedCmdManager Cyclic Event. Time Overrun is 121735 us[EOL]
[2026-09-22T07:27:00.136734Z][TRM_E.newgen-tiprackmagazine][W][2330306][143]CRTCyclicEvent.cpp:TimeMissed():101|Cycle miss in event CCSICombinedRepManager. Time Overrun is 121735 us[EOL]
[2026-09-22T07:27:00.171003Z][TRM_E.barcodereader][W][2330306][136]CRTCyclicEvent.cpp:TimeMissed():101|Cycle miss in event CCSICombinedCmdManager Cyclic Event. Time Overrun is 158553 us[EOL]
[2026-09-22T07:27:00.271390Z][TRM_E.newgen-tiprackmagazine][W][2330306][143]CRTCyclicEvent.cpp:TimeMissed():101|Cycle miss in event CCSICombinedCmdManager Cyclic Event. Time Overrun is 16449 us[EOL]
[2026-09-22T07:27:00.271424Z][TRM_E.newgen-tiprackmagazine][W][2330306][143]CRTCyclicEvent.cpp:TimeMissed():101|Cycle miss in event CCSICombinedRepManager. Time Overrun is 16449 us[EOL]
[2026-09-22T07:27:00.404338Z][TRM_E.newgen-tiprackmagazine][W][2330306][143]CRTCyclicEvent.cpp:TimeMissed():101|Cycle miss in event CCSICombinedCmdManager Cyclic Event. Time Overrun is 19393 us[EOL]
[2026-09-22T07:27:00.404376Z][TRM_E.newgen-tiprackmagazine][W][2330306][143]CRTCyclicEvent.cpp:TimeMissed():101|Cycle miss in event CCSICombinedRepManager. Time Overrun is 19393 us[EOL]
[2026-09-22T07:27:00.582747Z][TRM_E.newgen-tiprackmagazine][W][2330306][143]CRTCyclicEvent.cpp:TimeMissed():101|Cycle miss in event CCSICyclicRepManager. Time Overrun is 20183 us[EOL]
[2026-09-22T07:27:00.582811Z][TRM_E.newgen-tiprackmagazine][W][2330306][143]CRTCyclicEvent.cpp:TimeMissed():101|Cycle miss in event CCSICombinedCmdManager Cyclic Event. Time Overrun is 67872 us[EOL]
[2026-09-22T07:27:00.582819Z][TRM_E.newgen-tiprackmagazine][W][2330306][143]CRTCyclicEvent.cpp:TimeMissed():101|Cycle miss in event CCSICombinedRepManager. Time Overrun is 67872 us[EOL]
[2026-09-22T07:27:00.801880Z][TRM_E.newgen-tiprackmagazine][W][2330306][143]CRTCyclicEvent.cpp:TimeMissed():101|Cycle miss in event CCSICombinedCmdManager Cyclic Event. Time Overrun is 106935 us[EOL]
[2026-09-22T07:27:00.801974Z][TRM_E.newgen-tiprackmagazine][W][2330306][143]CRTCyclicEvent.cpp:TimeMissed():101|Cycle miss in event CCSICombinedRepManager. Time Overrun is 106935 us[EOL]
[2026-09-22T07:27:00.171033Z][TRM_E.barcodereader][W][2330306][136]CRTCyclicEvent.cpp:TimeMissed():101|Cycle miss in event CCSICombinedRepManager. Time Overrun is 158553 us[EOL]
[2026-09-22T07:27:00.979351Z][TRM_E.newgen-tiprackmagazine][W][2330306][143]CRTCyclicEvent.cpp:TimeMissed():101|Cycle miss in event CCSICombinedCmdManager Cyclic Event. Time Overrun is 64408 us[EOL]
[2026-09-22T07:27:00.979398Z][TRM_E.newgen-tiprackmagazine][W][2330306][143]CRTCyclicEvent.cpp:TimeMissed():101|Cycle miss in event CCSICombinedRepManager. Time Overrun is 64408 us[EOL]
[2026-09-22T07:27:01.168728Z][TRM_E.newgen-tiprackmagazine][W][2330306][143]CRTCyclicEvent.cpp:TimeMissed():101|Cycle miss in event CCSICombinedCmdManager Cyclic Event. Time Overrun is 73785 us[EOL]
[2026-09-22T07:27:01.168777Z][TRM_E.newgen-tiprackmagazine][W][2330306][143]CRTCyclicEvent.cpp:TimeMissed():101|Cycle miss in event CCSICombinedRepManager. Time Overrun is 73785 us[EOL]
[2026-09-22T07:27:01.347691Z][TRM_E.newgen-tiprackmagazine][W][2330306][143]CRTCyclicEvent.cpp:TimeMissed():101|Cycle miss in event CCSICombinedCmdManager Cyclic Event. Time Overrun is 62750 us[EOL]
[2026-09-22T07:27:01.347721Z][TRM_E.newgen-tiprackmagazine][W][2330306][143]CRTCyclicEvent.cpp:TimeMissed():101|Cycle miss in event CCSICombinedRepManager. Time Overrun is 62750 us[EOL]
[2026-09-22T07:27:00.403108Z][TRM_E.barcodereader][W][2330306][136]CRTCyclicEvent.cpp:TimeMissed():101|Cycle miss in event CCSICyclicRepManager. Time Overrun is 121414 us[EOL]
[2026-09-22T07:27:00.404791Z][TRM_E.barcodereader][W][2330306][136]CRTCyclicEvent.cpp:TimeMissed():101|Cycle miss in event CCSICombinedCmdManager Cyclic Event. Time Overrun is 112339 us[EOL]
[2026-09-22T07:27:00.404818Z][TRM_E.barcodereader][W][2330306][136]CRTCyclicEvent.cpp:TimeMissed():101|Cycle miss in event CCSICombinedRepManager. Time Overrun is 112339 us[EOL]
[2026-09-22T07:27:00.583884Z][TRM_E.barcodereader][W][2330306][136]CRTCyclicEvent.cpp:TimeMissed():101|Cycle miss in event CCSICombinedCmdManager Cyclic Event. Time Overrun is 61430 us[EOL]
[2026-09-22T07:27:00.583917Z][TRM_E.barcodereader][W][2330306][136]CRTCyclicEvent.cpp:TimeMissed():101|Cycle miss in event CCSICombinedRepManager. Time Overrun is 61430 us[EOL]
[2026-09-22T07:27:00.803271Z][TRM_E.barcodereader][W][2330306][136]CRTCyclicEvent.cpp:TimeMissed():101|Cycle miss in event CCSICombinedCmdManager Cyclic Event. Time Overrun is 100819 us[EOL]
[2026-09-22T07:27:00.803375Z][TRM_E.barcodereader][W][2330306][136]CRTCyclicEvent.cpp:TimeMissed():101|Cycle miss in event CCSICombinedRepManager. Time Overrun is 100819 us[EOL]
[2026-09-22T07:27:00.977953Z][TRM_E.barcodereader][W][2330306][136]CRTCyclicEvent.cpp:TimeMissed():101|Cycle miss in event CCSICombinedCmdManager Cyclic Event. Time Overrun is 55500 us[EOL]
[2026-09-22T07:27:00.977983Z][TRM_E.barcodereader][W][2330306][136]CRTCyclicEvent.cpp:TimeMissed():101|Cycle miss in event CCSICombinedRepManager. Time Overrun is 55500 us[EOL]
[2026-09-22T07:27:01.168688Z][TRM_E.barcodereader][W][2330306][136]CRTCyclicEvent.cpp:TimeMissed():101|Cycle miss in event CCSICombinedCmdManager Cyclic Event. Time Overrun is 76238 us[EOL]
[2026-09-22T07:27:01.168711Z][TRM_E.barcodereader][W][2330306][136]CRTCyclicEvent.cpp:TimeMissed():101|Cycle miss in event CCSICombinedRepManager. Time Overrun is 76238 us[EOL]
[2026-09-22T07:27:01.347957Z][TRM_E.barcodereader][W][2330306][136]CRTCyclicEvent.cpp:TimeMissed():101|Cycle miss in event CCSICombinedCmdManager Cyclic Event. Time Overrun is 65506 us[EOL]
[2026-09-22T07:27:01.347988Z][TRM_E.barcodereader][W][2330306][136]CRTCyclicEvent.cpp:TimeMissed():101|Cycle miss in event CCSICombinedRepManager. Time Overrun is 65506 us[EOL]
[2026-09-22T07:27:01.510507Z][TRM_E.barcodereader][W][2330306][136]CRTCyclicEvent.cpp:TimeMissed():101|Cycle miss in event CCSICombinedCmdManager Cyclic Event. Time Overrun is 38056 us[EOL]
[2026-09-22T07:27:01.510566Z][TRM_E.barcodereader][W][2330306][136]CRTCyclicEvent.cpp:TimeMissed():101|Cycle miss in event CCSICombinedRepManager. Time Overrun is 38056 us[EOL]
[2026-09-22T07:27:01.665631Z][TRM_E.barcodereader][W][2330306][136]CRTCyclicEvent.cpp:TimeMissed():101|Cycle miss in event CCSICombinedCmdManager Cyclic Event. Time Overrun is 43179 us[EOL]
[2026-09-22T07:27:01.665667Z][TRM_E.barcodereader][W][2330306][136]CRTCyclicEvent.cpp:TimeMissed():101|Cycle miss in event CCSICombinedRepManager. Time Overrun is 43179 us[EOL]
[2026-09-22T07:27:01.824319Z][TRM_E.barcodereader][W][2330306][136]CRTCyclicEvent.cpp:TimeMissed():101|Cycle miss in event CCSICombinedCmdManager Cyclic Event. Time Overrun is 41870 us[EOL]
[2026-09-22T07:27:01.824342Z][TRM_E.barcodereader][W][2330306][136]CRTCyclicEvent.cpp:TimeMissed():101|Cycle miss in event CCSICombinedRepManager. Time Overrun is 41870 us[EOL]
[2026-09-22T07:27:01.956795Z][TRM_E.barcodereader][W][2330306][136]CRTCyclicEvent.cpp:TimeMissed():101|Cycle miss in event CCSICombinedCmdManager Cyclic Event. Time Overrun is 14344 us[EOL]
[2026-09-22T07:27:01.956896Z][TRM_E.barcodereader][W][2330306][136]CRTCyclicEvent.cpp:TimeMissed():101|Cycle miss in event CCSICombinedRepManager. Time Overrun is 14344 us[EOL]
[2026-09-22T07:27:02.172977Z][TRM_E.barcodereader][W][2330306][136]CRTCyclicEvent.cpp:TimeMissed():101|Cycle miss in event CCSICombinedCmdManager Cyclic Event. Time Overrun is 100528 us[EOL]
[2026-09-22T07:27:02.173084Z][TRM_E.barcodereader][W][2330306][136]CRTCyclicEvent.cpp:TimeMissed():101|Cycle miss in event CCSICombinedRepManager. Time Overrun is 100528 us[EOL]
[2026-09-22T07:27:02.173587Z][TRM_E.barcodereader][W][2330306][136]CRTCyclicEvent.cpp:TimeMissed():101|Cycle miss in event CCSICyclicRepManager. Time Overrun is 91898 us[EOL]
[2026-09-22T07:27:02.332031Z][TRM_E.barcodereader][W][2330306][136]CRTCyclicEvent.cpp:TimeMissed():101|Cycle miss in event CCSICombinedCmdManager Cyclic Event. Time Overrun is 19578 us[EOL]
[2026-09-22T07:27:02.332066Z][TRM_E.barcodereader][W][2330306][136]CRTCyclicEvent.cpp:TimeMissed():101|Cycle miss in event CCSICombinedRepManager. Time Overrun is 19578 us[EOL]
[2026-09-22T07:27:02.456108Z][TRM_E.barcodereader][W][2330306][136]CRTCyclicEvent.cpp:TimeMissed():101|Cycle miss in event CCSICombinedCmdManager Cyclic Event. Time Overrun is 13657 us[EOL]
[2026-09-22T07:27:02.456135Z][TRM_E.barcodereader][W][2330306][136]CRTCyclicEvent.cpp:TimeMissed():101|Cycle miss in event CCSICombinedRepManager. Time Overrun is 13657 us[EOL]
[2026-09-22T07:27:03.234315Z][TRM_E.barcodereader][W][2330306][136]CRTCyclicEvent.cpp:TimeMissed():101|Cycle miss in event CCSICombinedCmdManager Cyclic Event. Time Overrun is 81857 us[EOL]
[2026-09-22T07:27:03.234402Z][TRM_E.barcodereader][W][2330306][136]CRTCyclicEvent.cpp:TimeMissed():101|Cycle miss in event CCSICombinedRepManager. Time Overrun is 81857 us[EOL]
[2026-09-22T07:27:03.362434Z][TRM_E.barcodereader][W][2330306][136]CRTCyclicEvent.cpp:TimeMissed():101|Cycle miss in event CCSICombinedCmdManager Cyclic Event. Time Overrun is 9982 us[EOL]
[2026-09-22T07:27:03.362507Z][TRM_E.barcodereader][W][2330306][136]CRTCyclicEvent.cpp:TimeMissed():101|Cycle miss in event CCSICombinedRepManager. Time Overrun is 9982 us[EOL]
[2026-09-22T07:27:03.884523Z][TRM_E.barcodereader][W][2330306][136]CRTCyclicEvent.cpp:TimeMissed():101|Cycle miss in event CCSICombinedCmdManager Cyclic Event. Time Overrun is 11979 us[EOL]
[2026-09-22T07:27:03.884815Z][TRM_E.barcodereader][W][2330306][136]CRTCyclicEvent.cpp:TimeMissed():101|Cycle miss in event CCSICombinedRepManager. Time Overrun is 11979 us[EOL]
[2026-09-22T07:27:04.081146Z][TRM_E.barcodereader][W][2330306][136]CRTCyclicEvent.cpp:TimeMissed():101|Cycle miss in event CCSICombinedCmdManager Cyclic Event. Time Overrun is 8691 us[EOL]
[2026-09-22T07:27:04.081190Z][TRM_E.barcodereader][W][2330306][136]CRTCyclicEvent.cpp:TimeMissed():101|Cycle miss in event CCSICombinedRepManager. Time Overrun is 8691 us[EOL]
[2026-09-22T07:27:04.261472Z][TRM_E.barcodereader][W][2330306][136]CRTCyclicEvent.cpp:TimeMissed():101|Cycle miss in event CCSICombinedCmdManager Cyclic Event. Time Overrun is 69020 us[EOL]
[2026-09-22T07:27:04.261499Z][TRM_E.barcodereader][W][2330306][136]CRTCyclicEvent.cpp:TimeMissed():101|Cycle miss in event CCSICombinedRepManager. Time Overrun is 69020 us[EOL]
[2026-09-22T07:27:04.392704Z][TRM_E.barcodereader][W][2330306][136]CRTCyclicEvent.cpp:TimeMissed():101|Cycle miss in event CCSICyclicRepManager. Time Overrun is 11010 us[EOL]
[2026-09-22T07:27:04.392768Z][TRM_E.barcodereader][W][2330306][136]CRTCyclicEvent.cpp:TimeMissed():101|Cycle miss in event CCSICombinedCmdManager Cyclic Event. Time Overrun is 20320 us[EOL]
[2026-09-22T07:27:04.392786Z][TRM_E.barcodereader][W][2330306][136]CRTCyclicEvent.cpp:TimeMissed():101|Cycle miss in event CCSICombinedRepManager. Time Overrun is 20320 us[EOL]
[2026-09-22T07:27:04.686160Z][TRM_E.barcodereader][W][2330306][136]CRTCyclicEvent.cpp:TimeMissed():101|Cycle miss in event CCSICombinedCmdManager Cyclic Event. Time Overrun is 123710 us[EOL]
[2026-09-22T07:27:04.686189Z][TRM_E.barcodereader][W][2330306][136]CRTCyclicEvent.cpp:TimeMissed():101|Cycle miss in event CCSICombinedRepManager. Time Overrun is 123710 us[EOL]
[2026-09-22T07:27:04.873447Z][TRM_E.barcodereader][W][2330306][136]CRTCyclicEvent.cpp:TimeMissed():101|Cycle miss in event CCSICombinedCmdManager Cyclic Event. Time Overrun is 60984 us[EOL]
[2026-09-22T07:27:04.873491Z][TRM_E.barcodereader][W][2330306][136]CRTCyclicEvent.cpp:TimeMissed():101|Cycle miss in event CCSICombinedRepManager. Time Overrun is 60984 us[EOL]
[2026-09-22T07:27:04.903565Z][TRM_E.newgen-tiprackmagazine][W][2330306][143]CRTCyclicEvent.cpp:TimeMissed():101|Cycle miss in event CCSICombinedCmdManager Cyclic Event. Time Overrun is 3438621 us[EOL]
[2026-09-22T07:27:04.903599Z][TRM_E.newgen-tiprackmagazine][W][2330306][143]CRTCyclicEvent.cpp:TimeMissed():101|Cycle miss in event CCSICombinedRepManager. Time Overrun is 3438621 us[EOL]
[2026-09-22T07:27:05.024060Z][TRM_E.barcodereader][W][2330306][136]CRTCyclicEvent.cpp:TimeMissed():101|Cycle miss in event CCSICombinedCmdManager Cyclic Event. Time Overrun is 31610 us[EOL]
[2026-09-22T07:27:04.905050Z][TRM_E.newgen-tiprackmagazine][W][2330306][143]CRTCyclicEvent.cpp:TimeMissed():101|Cycle miss in event CCSICyclicRepManager. Time Overrun is 3142491 us[EOL]
[2026-09-22T07:27:05.024088Z][TRM_E.barcodereader][W][2330306][136]CRTCyclicEvent.cpp:TimeMissed():101|Cycle miss in event CCSICombinedRepManager. Time Overrun is 31610 us[EOL]
[2026-09-22T07:27:05.092883Z][TRM_E.newgen-tiprackmagazine][W][2330306][143]CRTCyclicEvent.cpp:TimeMissed():101|Cycle miss in event CCSICombinedCmdManager Cyclic Event. Time Overrun is 7943 us[EOL]
[2026-09-22T07:27:05.092911Z][TRM_E.newgen-tiprackmagazine][W][2330306][143]CRTCyclicEvent.cpp:TimeMissed():101|Cycle miss in event CCSICombinedRepManager. Time Overrun is 7943 us[EOL]
[2026-09-22T07:27:05.188642Z][TRM_E.barcodereader][W][2330306][136]CRTCyclicEvent.cpp:TimeMissed():101|Cycle miss in event CCSICombinedCmdManager Cyclic Event. Time Overrun is 6191 us[EOL]
[2026-09-22T07:27:05.188670Z][TRM_E.barcodereader][W][2330306][136]CRTCyclicEvent.cpp:TimeMissed():101|Cycle miss in event CCSICombinedRepManager. Time Overrun is 6191 us[EOL]
[2026-09-22T07:27:05.332635Z][TRM_E.newgen-tiprackmagazine][W][2330306][143]CRTCyclicEvent.cpp:TimeMissed():101|Cycle miss in event CCSICombinedCmdManager Cyclic Event. Time Overrun is 57695 us[EOL]
[2026-09-22T07:27:05.333012Z][TRM_E.barcodereader][W][2330306][136]CRTCyclicEvent.cpp:TimeMissed():101|Cycle miss in event CCSICombinedCmdManager Cyclic Event. Time Overrun is 30564 us[EOL]
[2026-09-22T07:27:05.332666Z][TRM_E.newgen-tiprackmagazine][W][2330306][143]CRTCyclicEvent.cpp:TimeMissed():101|Cycle miss in event CCSICombinedRepManager. Time Overrun is 57695 us[EOL]
[2026-09-22T07:27:05.333032Z][TRM_E.barcodereader][W][2330306][136]CRTCyclicEvent.cpp:TimeMissed():101|Cycle miss in event CCSICombinedRepManager. Time Overrun is 30564 us[EOL]
[2026-09-22T07:27:05.593799Z][TRM_E.newgen-tiprackmagazine][W][2330306][143]CRTCyclicEvent.cpp:TimeMissed():101|Cycle miss in event CCSICombinedCmdManager Cyclic Event. Time Overrun is 28820 us[EOL]
[2026-09-22T07:27:05.593889Z][TRM_E.newgen-tiprackmagazine][W][2330306][143]CRTCyclicEvent.cpp:TimeMissed():101|Cycle miss in event CCSICombinedRepManager. Time Overrun is 28820 us[EOL]
[2026-09-22T07:27:05.673880Z][TRM_E.barcodereader][W][2330306][136]CRTCyclicEvent.cpp:TimeMissed():101|Cycle miss in event CCSICombinedCmdManager Cyclic Event. Time Overrun is 21433 us[EOL]
[2026-09-22T07:27:05.673901Z][TRM_E.barcodereader][W][2330306][136]CRTCyclicEvent.cpp:TimeMissed():101|Cycle miss in event CCSICombinedRepManager. Time Overrun is 21433 us[EOL]
[2026-09-22T07:27:05.801441Z][TRM_E.newgen-tiprackmagazine][W][2330306][143]CRTCyclicEvent.cpp:TimeMissed():101|Cycle miss in event CCSICombinedCmdManager Cyclic Event. Time Overrun is 86497 us[EOL]
[2026-09-22T07:27:05.803063Z][TRM_E.barcodereader][W][2330306][136]CRTCyclicEvent.cpp:TimeMissed():101|Cycle miss in event CCSICombinedCmdManager Cyclic Event. Time Overrun is 10608 us[EOL]
[2026-09-22T07:27:05.801492Z][TRM_E.newgen-tiprackmagazine][W][2330306][143]CRTCyclicEvent.cpp:TimeMissed():101|Cycle miss in event CCSICombinedRepManager. Time Overrun is 86497 us[EOL]
[2026-09-22T07:27:05.803103Z][TRM_E.barcodereader][W][2330306][136]CRTCyclicEvent.cpp:TimeMissed():101|Cycle miss in event CCSICombinedRepManager. Time Overrun is 10608 us[EOL]
[2026-09-22T07:27:05.925965Z][TRM_E.newgen-tiprackmagazine][W][2330306][143]CRTCyclicEvent.cpp:TimeMissed():101|Cycle miss in event CCSICombinedCmdManager Cyclic Event. Time Overrun is 11021 us[EOL]
[2026-09-22T07:27:05.926020Z][TRM_E.newgen-tiprackmagazine][W][2330306][143]CRTCyclicEvent.cpp:TimeMissed():101|Cycle miss in event CCSICombinedRepManager. Time Overrun is 11021 us[EOL]
[2026-09-22T07:27:05.932751Z][TRM_E.barcodereader][W][2330306][136]CRTCyclicEvent.cpp:TimeMissed():101|Cycle miss in event CCSICombinedCmdManager Cyclic Event. Time Overrun is 10198 us[EOL]
[2026-09-22T07:27:05.932885Z][TRM_E.barcodereader][W][2330306][136]CRTCyclicEvent.cpp:TimeMissed():101|Cycle miss in event CCSICombinedRepManager. Time Overrun is 10198 us[EOL]
[2026-09-22T07:27:06.102813Z][TRM_E.newgen-tiprackmagazine][W][2330306][143]CRTCyclicEvent.cpp:TimeMissed():101|Cycle miss in event CCSICombinedCmdManager Cyclic Event. Time Overrun is 57872 us[EOL]
[2026-09-22T07:27:06.102485Z][TRM_E.barcodereader][W][2330306][136]CRTCyclicEvent.cpp:TimeMissed():101|Cycle miss in event CCSICombinedCmdManager Cyclic Event. Time Overrun is 10035 us[EOL]
[2026-09-22T07:27:06.102849Z][TRM_E.newgen-tiprackmagazine][W][2330306][143]CRTCyclicEvent.cpp:TimeMissed():101|Cycle miss in event CCSICombinedRepManager. Time Overrun is 57872 us[EOL]
[2026-09-22T07:27:06.102513Z][TRM_E.barcodereader][W][2330306][136]CRTCyclicEvent.cpp:TimeMissed():101|Cycle miss in event CCSICombinedRepManager. Time Overrun is 10035 us[EOL]
[2026-09-22T07:27:06.222928Z][TRM_E.barcodereader][W][2330306][136]CRTCyclicEvent.cpp:TimeMissed():101|Cycle miss in event CCSICombinedCmdManager Cyclic Event. Time Overrun is 480 us[EOL]
[2026-09-22T07:27:06.222953Z][TRM_E.barcodereader][W][2330306][136]CRTCyclicEvent.cpp:TimeMissed():101|Cycle miss in event CCSICombinedRepManager. Time Overrun is 480 us[EOL]
[2026-09-22T07:27:06.415898Z][TRM_E.barcodereader][W][2330306][136]CRTCyclicEvent.cpp:TimeMissed():101|Cycle miss in event CCSICombinedCmdManager Cyclic Event. Time Overrun is 73448 us[EOL]
[2026-09-22T07:27:06.415931Z][TRM_E.barcodereader][W][2330306][136]CRTCyclicEvent.cpp:TimeMissed():101|Cycle miss in event CCSICombinedRepManager. Time Overrun is 73448 us[EOL]
[2026-09-22T07:27:06.600406Z][TRM_E.newgen-tiprackmagazine][W][2330306][143]CRTCyclicEvent.cpp:TimeMissed():101|Cycle miss in event CCSICombinedCmdManager Cyclic Event. Time Overrun is 95466 us[EOL]
[2026-09-22T07:27:06.600433Z][TRM_E.newgen-tiprackmagazine][W][2330306][143]CRTCyclicEvent.cpp:TimeMissed():101|Cycle miss in event CCSICombinedRepManager. Time Overrun is 95466 us[EOL]
[2026-09-22T07:27:06.601080Z][TRM_E.barcodereader][W][2330306][136]CRTCyclicEvent.cpp:TimeMissed():101|Cycle miss in event CCSICombinedCmdManager Cyclic Event. Time Overrun is 68630 us[EOL]
[2026-09-22T07:27:06.601121Z][TRM_E.barcodereader][W][2330306][136]CRTCyclicEvent.cpp:TimeMissed():101|Cycle miss in event CCSICombinedRepManager. Time Overrun is 68630 us[EOL]
[2026-09-22T07:27:06.784420Z][TRM_E.newgen-tiprackmagazine][W][2330306][143]CRTCyclicEvent.cpp:TimeMissed():101|Cycle miss in event CCSICombinedCmdManager Cyclic Event. Time Overrun is 49479 us[EOL]
[2026-09-22T07:27:06.784265Z][TRM_E.barcodereader][W][2330306][136]CRTCyclicEvent.cpp:TimeMissed():101|Cycle miss in event CCSICombinedCmdManager Cyclic Event. Time Overrun is 51817 us[EOL]
[2026-09-22T07:27:06.784455Z][TRM_E.newgen-tiprackmagazine][W][2330306][143]CRTCyclicEvent.cpp:TimeMissed():101|Cycle miss in event CCSICombinedRepManager. Time Overrun is 49479 us[EOL]
[2026-09-22T07:27:06.784290Z][TRM_E.barcodereader][W][2330306][136]CRTCyclicEvent.cpp:TimeMissed():101|Cycle miss in event CCSICombinedRepManager. Time Overrun is 51817 us[EOL]
[2026-09-22T07:27:06.904297Z][TRM_E.newgen-tiprackmagazine][W][2330306][143]CRTCyclicEvent.cpp:TimeMissed():101|Cycle miss in event CCSICombinedCmdManager Cyclic Event. Time Overrun is 9357 us[EOL]
[2026-09-22T07:27:06.904947Z][TRM_E.barcodereader][W][2330306][136]CRTCyclicEvent.cpp:TimeMissed():101|Cycle miss in event CCSICombinedCmdManager Cyclic Event. Time Overrun is 2499 us[EOL]
[2026-09-22T07:27:06.904338Z][TRM_E.newgen-tiprackmagazine][W][2330306][143]CRTCyclicEvent.cpp:TimeMissed():101|Cycle miss in event CCSICombinedRepManager. Time Overrun is 9357 us[EOL]
[2026-09-22T07:27:06.904972Z][TRM_E.barcodereader][W][2330306][136]CRTCyclicEvent.cpp:TimeMissed():101|Cycle miss in event CCSICombinedRepManager. Time Overrun is 2499 us[EOL]
[2026-09-22T07:27:08.516951Z][TRM_E.newgen-tiprackmagazine][W][2330306][143]CRTCyclicEvent.cpp:TimeMissed():101|Cycle miss in event CCSICyclicRepManager. Time Overrun is 1454393 us[EOL]
[2026-09-22T07:27:08.518185Z][TRM_E.barcodereader][W][2330306][136]CRTCyclicEvent.cpp:TimeMissed():101|Cycle miss in event CCSICombinedCmdManager Cyclic Event. Time Overrun is 1495738 us[EOL]
[2026-09-22T07:27:08.517010Z][TRM_E.newgen-tiprackmagazine][W][2330306][143]CRTCyclicEvent.cpp:TimeMissed():101|Cycle miss in event CCSICombinedCmdManager Cyclic Event. Time Overrun is 1502068 us[EOL]
[2026-09-22T07:27:08.518206Z][TRM_E.barcodereader][W][2330306][136]CRTCyclicEvent.cpp:TimeMissed():101|Cycle miss in event CCSICombinedRepManager. Time Overrun is 1495738 us[EOL]
[2026-09-22T07:27:08.517031Z][TRM_E.newgen-tiprackmagazine][W][2330306][143]CRTCyclicEvent.cpp:TimeMissed():101|Cycle miss in event CCSICombinedRepManager. Time Overrun is 1502068 us[EOL]
[2026-09-22T07:27:08.873626Z][TRM_E.newgen-tiprackmagazine][W][2330306][143]CRTCyclicEvent.cpp:TimeMissed():101|Cycle miss in event CCSICombinedCmdManager Cyclic Event. Time Overrun is 238681 us[EOL]
[2026-09-22T07:27:08.873575Z][TRM_E.barcodereader][W][2330306][136]CRTCyclicEvent.cpp:TimeMissed():101|Cycle miss in event CCSICombinedCmdManager Cyclic Event. Time Overrun is 241122 us[EOL]
[2026-09-22T07:27:08.873682Z][TRM_E.newgen-tiprackmagazine][W][2330306][143]CRTCyclicEvent.cpp:TimeMissed():101|Cycle miss in event CCSICombinedRepManager. Time Overrun is 238681 us[EOL]
[2026-09-22T07:27:08.873651Z][TRM_E.barcodereader][W][2330306][136]CRTCyclicEvent.cpp:TimeMissed():101|Cycle miss in event CCSICombinedRepManager. Time Overrun is 241122 us[EOL]
[2026-09-22T07:27:09.365123Z][TRM_E.newgen-tiprackmagazine][W][2330306][143]CRTCyclicEvent.cpp:TimeMissed():101|Cycle miss in event CCSICombinedCmdManager Cyclic Event. Time Overrun is 380178 us[EOL]
[2026-09-22T07:27:09.362638Z][TRM_E.barcodereader][W][2330306][136]CRTCyclicEvent.cpp:TimeMissed():101|Cycle miss in event CCSICombinedCmdManager Cyclic Event. Time Overrun is 370187 us[EOL]
[2026-09-22T07:27:09.365165Z][TRM_E.newgen-tiprackmagazine][W][2330306][143]CRTCyclicEvent.cpp:TimeMissed():101|Cycle miss in event CCSICombinedRepManager. Time Overrun is 380178 us[EOL]
[2026-09-22T07:27:09.362674Z][TRM_E.barcodereader][W][2330306][136]CRTCyclicEvent.cpp:TimeMissed():101|Cycle miss in event CCSICombinedRepManager. Time Overrun is 370187 us[EOL]
[2026-09-22T07:27:09.564337Z][TRM_E.newgen-tiprackmagazine][W][2330306][143]CRTCyclicEvent.cpp:TimeMissed():101|Cycle miss in event CCSICombinedCmdManager Cyclic Event. Time Overrun is 79393 us[EOL]
[2026-09-22T07:27:09.564395Z][TRM_E.newgen-tiprackmagazine][W][2330306][143]CRTCyclicEvent.cpp:TimeMissed():101|Cycle miss in event CCSICombinedRepManager. Time Overrun is 79393 us[EOL]
[2026-09-22T07:27:09.562536Z][TRM_E.barcodereader][W][2330306][136]CRTCyclicEvent.cpp:TimeMissed():101|Cycle miss in event CCSICyclicRepManager. Time Overrun is 80837 us[EOL]
[2026-09-22T07:27:13.965812Z][TRM_E.newgen-tiprackmagazine][W][2330306][143]CRTCyclicEvent.cpp:TimeMissed():101|Cycle miss in event CCSICombinedCmdManager Cyclic Event. Time Overrun is 4290872 us[EOL]
[2026-09-22T07:27:13.965833Z][TRM_E.newgen-tiprackmagazine][W][2330306][143]CRTCyclicEvent.cpp:TimeMissed():101|Cycle miss in event CCSICombinedRepManager. Time Overrun is 4290872 us[EOL]
[2026-09-22T07:27:13.939637Z][TRM_E.barcodereader][W][2330306][136]CRTCyclicEvent.cpp:TimeMissed():101|Cycle miss in event CCSICombinedCmdManager Cyclic Event. Time Overrun is 1567190 us[EOL]
[2026-09-22T07:27:13.939731Z][TRM_E.barcodereader][W][2330306][136]CRTCyclicEvent.cpp:TimeMissed():101|Cycle miss in event CCSICombinedRepManager. Time Overrun is 1567190 us[EOL]
[2026-09-22T07:27:13.940453Z][TRM_E.barcodereader][W][2330306][136]CRTCyclicEvent.cpp:TimeMissed():101|Cycle miss in event CCSICyclicRepManager. Time Overrun is 3258760 us[EOL]
[2026-09-22T07:27:14.111496Z][TRM_E.barcodereader][W][2330306][136]CRTCyclicEvent.cpp:TimeMissed():101|Cycle miss in event CCSICombinedCmdManager Cyclic Event. Time Overrun is 59048 us[EOL]
[2026-09-22T07:27:14.111518Z][TRM_E.barcodereader][W][2330306][136]CRTCyclicEvent.cpp:TimeMissed():101|Cycle miss in event CCSICombinedRepManager. Time Overrun is 59048 us[EOL]
[2026-09-22T07:27:14.130765Z][TRM_E.newgen-tiprackmagazine][W][2330306][143]CRTCyclicEvent.cpp:TimeMissed():101|Cycle miss in event CCSICombinedCmdManager Cyclic Event. Time Overrun is 45821 us[EOL]
[2026-09-22T07:27:14.130807Z][TRM_E.newgen-tiprackmagazine][W][2330306][143]CRTCyclicEvent.cpp:TimeMissed():101|Cycle miss in event CCSICombinedRepManager. Time Overrun is 45821 us[EOL]
[2026-09-22T07:27:14.262706Z][TRM_E.barcodereader][W][2330306][136]CRTCyclicEvent.cpp:TimeMissed():101|Cycle miss in event CCSICombinedCmdManager Cyclic Event. Time Overrun is 40252 us[EOL]
[2026-09-22T07:27:14.262751Z][TRM_E.barcodereader][W][2330306][136]CRTCyclicEvent.cpp:TimeMissed():101|Cycle miss in event CCSICombinedRepManager. Time Overrun is 40252 us[EOL]
[2026-09-22T07:27:14.469664Z][TRM_E.barcodereader][W][2330306][136]CRTCyclicEvent.cpp:TimeMissed():101|Cycle miss in event CCSICombinedCmdManager Cyclic Event. Time Overrun is 87211 us[EOL]
[2026-09-22T07:27:14.469704Z][TRM_E.barcodereader][W][2330306][136]CRTCyclicEvent.cpp:TimeMissed():101|Cycle miss in event CCSICombinedRepManager. Time Overrun is 87211 us[EOL]
[2026-09-22T07:27:14.585965Z][TRM_E.barcodereader][W][2330306][136]CRTCyclicEvent.cpp:TimeMissed():101|Cycle miss in event CCSICombinedCmdManager Cyclic Event. Time Overrun is 3514 us[EOL]
[2026-09-22T07:27:14.586055Z][TRM_E.barcodereader][W][2330306][136]CRTCyclicEvent.cpp:TimeMissed():101|Cycle miss in event CCSICombinedRepManager. Time Overrun is 3514 us[EOL]
[2026-09-22T07:27:14.574049Z][TRM_E.newgen-tiprackmagazine][W][2330306][143]CRTCyclicEvent.cpp:TimeMissed():101|Cycle miss in event CCSICombinedCmdManager Cyclic Event. Time Overrun is 89102 us[EOL]
[2026-09-22T07:27:14.574081Z][TRM_E.newgen-tiprackmagazine][W][2330306][143]CRTCyclicEvent.cpp:TimeMissed():101|Cycle miss in event CCSICombinedRepManager. Time Overrun is 89102 us[EOL]
[2026-09-22T07:27:14.693538Z][TRM_E.newgen-tiprackmagazine][W][2330306][143]CRTCyclicEvent.cpp:TimeMissed():101|Cycle miss in event CCSICombinedCmdManager Cyclic Event. Time Overrun is 8596 us[EOL]
[2026-09-22T07:27:14.693571Z][TRM_E.newgen-tiprackmagazine][W][2330306][143]CRTCyclicEvent.cpp:TimeMissed():101|Cycle miss in event CCSICombinedRepManager. Time Overrun is 8596 us[EOL]
[2026-09-22T07:27:14.716528Z][TRM_E.barcodereader][W][2330306][136]CRTCyclicEvent.cpp:TimeMissed():101|Cycle miss in event CCSICombinedCmdManager Cyclic Event. Time Overrun is 14067 us[EOL]
[2026-09-22T07:27:14.716578Z][TRM_E.barcodereader][W][2330306][136]CRTCyclicEvent.cpp:TimeMissed():101|Cycle miss in event CCSICombinedRepManager. Time Overrun is 14067 us[EOL]
[2026-09-22T07:27:14.858670Z][TRM_E.newgen-tiprackmagazine][W][2330306][143]CRTCyclicEvent.cpp:TimeMissed():101|Cycle miss in event CCSICombinedCmdManager Cyclic Event. Time Overrun is 3730 us[EOL]
[2026-09-22T07:27:14.856737Z][TRM_E.barcodereader][W][2330306][136]CRTCyclicEvent.cpp:TimeMissed():101|Cycle miss in event CCSICombinedCmdManager Cyclic Event. Time Overrun is 24289 us[EOL]
[2026-09-22T07:27:14.858702Z][TRM_E.newgen-tiprackmagazine][W][2330306][143]CRTCyclicEvent.cpp:TimeMissed():101|Cycle miss in event CCSICombinedRepManager. Time Overrun is 3730 us[EOL]
[2026-09-22T07:27:14.856926Z][TRM_E.barcodereader][W][2330306][136]CRTCyclicEvent.cpp:TimeMissed():101|Cycle miss in event CCSICombinedRepManager. Time Overrun is 24289 us[EOL]
[2026-09-22T07:27:15.072454Z][TRM_E.newgen-tiprackmagazine][W][2330306][143]CRTCyclicEvent.cpp:TimeMissed():101|Cycle miss in event CCSICombinedCmdManager Cyclic Event. Time Overrun is 17507 us[EOL]
[2026-09-22T07:27:15.072501Z][TRM_E.newgen-tiprackmagazine][W][2330306][143]CRTCyclicEvent.cpp:TimeMissed():101|Cycle miss in event CCSICombinedRepManager. Time Overrun is 17507 us[EOL]
[2026-09-22T07:27:15.010298Z][TRM_E.barcodereader][W][2330306][136]CRTCyclicEvent.cpp:TimeMissed():101|Cycle miss in event CCSICombinedCmdManager Cyclic Event. Time Overrun is 37844 us[EOL]
[2026-09-22T07:27:15.010356Z][TRM_E.barcodereader][W][2330306][136]CRTCyclicEvent.cpp:TimeMissed():101|Cycle miss in event CCSICombinedRepManager. Time Overrun is 37844 us[EOL]
[2026-09-22T07:27:15.201461Z][TRM_E.barcodereader][W][2330306][136]CRTCyclicEvent.cpp:TimeMissed():101|Cycle miss in event CCSICombinedCmdManager Cyclic Event. Time Overrun is 79011 us[EOL]
[2026-09-22T07:27:15.201492Z][TRM_E.barcodereader][W][2330306][136]CRTCyclicEvent.cpp:TimeMissed():101|Cycle miss in event CCSICombinedRepManager. Time Overrun is 79011 us[EOL]
[2026-09-22T07:27:15.203461Z][TRM_E.newgen-tiprackmagazine][W][2330306][143]CRTCyclicEvent.cpp:TimeMissed():101|Cycle miss in event CCSICombinedCmdManager Cyclic Event. Time Overrun is 18506 us[EOL]
[2026-09-22T07:27:15.203503Z][TRM_E.newgen-tiprackmagazine][W][2330306][143]CRTCyclicEvent.cpp:TimeMissed():101|Cycle miss in event CCSICombinedRepManager. Time Overrun is 18506 us[EOL]
[2026-09-22T07:27:15.318922Z][TRM_E.newgen-tiprackmagazine][W][2330306][143]CRTCyclicEvent.cpp:TimeMissed():101|Cycle miss in event CCSICombinedCmdManager Cyclic Event. Time Overrun is 3981 us[EOL]
[2026-09-22T07:27:15.319019Z][TRM_E.newgen-tiprackmagazine][W][2330306][143]CRTCyclicEvent.cpp:TimeMissed():101|Cycle miss in event CCSICombinedRepManager. Time Overrun is 3981 us[EOL]
[2026-09-22T07:27:15.453178Z][TRM_E.barcodereader][W][2330306][136]CRTCyclicEvent.cpp:TimeMissed():101|Cycle miss in event CCSICombinedCmdManager Cyclic Event. Time Overrun is 120729 us[EOL]
[2026-09-22T07:27:15.453209Z][TRM_E.barcodereader][W][2330306][136]CRTCyclicEvent.cpp:TimeMissed():101|Cycle miss in event CCSICombinedRepManager. Time Overrun is 120729 us[EOL]
[2026-09-22T07:27:15.548202Z][TRM_E.newgen-tiprackmagazine][W][2330306][143]CRTCyclicEvent.cpp:TimeMissed():101|Cycle miss in event CCSICombinedCmdManager Cyclic Event. Time Overrun is 13247 us[EOL]
[2026-09-22T07:27:15.548245Z][TRM_E.newgen-tiprackmagazine][W][2330306][143]CRTCyclicEvent.cpp:TimeMissed():101|Cycle miss in event CCSICombinedRepManager. Time Overrun is 13247 us[EOL]
[2026-09-22T07:27:16.054264Z][TRM_E.newgen-tiprackmagazine][W][2330306][143]CRTCyclicEvent.cpp:TimeMissed():101|Cycle miss in event CCSICombinedCmdManager Cyclic Event. Time Overrun is 29318 us[EOL]
[2026-09-22T07:27:16.054292Z][TRM_E.newgen-tiprackmagazine][W][2330306][143]CRTCyclicEvent.cpp:TimeMissed():101|Cycle miss in event CCSICombinedRepManager. Time Overrun is 29318 us[EOL]
[2026-09-22T07:27:16.054219Z][TRM_E.barcodereader][W][2330306][136]CRTCyclicEvent.cpp:TimeMissed():101|Cycle miss in event CCSICombinedCmdManager Cyclic Event. Time Overrun is 31769 us[EOL]
[2026-09-22T07:27:16.054248Z][TRM_E.barcodereader][W][2330306][136]CRTCyclicEvent.cpp:TimeMissed():101|Cycle miss in event CCSICombinedRepManager. Time Overrun is 31769 us[EOL]
[2026-09-22T07:27:16.259771Z][TRM_E.barcodereader][W][2330306][136]CRTCyclicEvent.cpp:TimeMissed():101|Cycle miss in event CCSICombinedCmdManager Cyclic Event. Time Overrun is 87321 us[EOL]
[2026-09-22T07:27:16.259872Z][TRM_E.newgen-tiprackmagazine][W][2330306][143]CRTCyclicEvent.cpp:TimeMissed():101|Cycle miss in event CCSICombinedCmdManager Cyclic Event. Time Overrun is 14930 us[EOL]
[2026-09-22T07:27:16.259916Z][TRM_E.newgen-tiprackmagazine][W][2330306][143]CRTCyclicEvent.cpp:TimeMissed():101|Cycle miss in event CCSICombinedRepManager. Time Overrun is 14930 us[EOL]
[2026-09-22T07:27:16.259803Z][TRM_E.barcodereader][W][2330306][136]CRTCyclicEvent.cpp:TimeMissed():101|Cycle miss in event CCSICombinedRepManager. Time Overrun is 87321 us[EOL]
[2026-09-22T07:27:16.657286Z][TRM_E.barcodereader][W][2330306][136]CRTCyclicEvent.cpp:TimeMissed():101|Cycle miss in event CCSICombinedCmdManager Cyclic Event. Time Overrun is 284831 us[EOL]
[2026-09-22T07:27:16.657349Z][TRM_E.barcodereader][W][2330306][136]CRTCyclicEvent.cpp:TimeMissed():101|Cycle miss in event CCSICombinedRepManager. Time Overrun is 284831 us[EOL]
[2026-09-22T07:27:17.243923Z][TRM_E.barcodereader][W][2330306][136]CRTCyclicEvent.cpp:TimeMissed():101|Cycle miss in event CCSICombinedCmdManager Cyclic Event. Time Overrun is 471471 us[EOL]
[2026-09-22T07:27:17.243981Z][TRM_E.barcodereader][W][2330306][136]CRTCyclicEvent.cpp:TimeMissed():101|Cycle miss in event CCSICombinedRepManager. Time Overrun is 471471 us[EOL]
[2026-09-22T07:27:17.371536Z][TRM_E.newgen-tiprackmagazine][W][2330306][143]CRTCyclicEvent.cpp:TimeMissed():101|Cycle miss in event CCSICombinedCmdManager Cyclic Event. Time Overrun is 86595 us[EOL]
[2026-09-22T07:27:17.371651Z][TRM_E.newgen-tiprackmagazine][W][2330306][143]CRTCyclicEvent.cpp:TimeMissed():101|Cycle miss in event CCSICombinedRepManager. Time Overrun is 86595 us[EOL]
[2026-09-22T07:27:17.555872Z][TRM_E.barcodereader][W][2330306][136]CRTCyclicEvent.cpp:TimeMissed():101|Cycle miss in event CCSICombinedCmdManager Cyclic Event. Time Overrun is 163418 us[EOL]
[2026-09-22T07:27:17.555930Z][TRM_E.barcodereader][W][2330306][136]CRTCyclicEvent.cpp:TimeMissed():101|Cycle miss in event CCSICombinedRepManager. Time Overrun is 163418 us[EOL]
[2026-09-22T07:27:17.758997Z][TRM_E.barcodereader][W][2330306][136]CRTCyclicEvent.cpp:TimeMissed():101|Cycle miss in event CCSICombinedCmdManager Cyclic Event. Time Overrun is 76548 us[EOL]
[2026-09-22T07:27:17.759023Z][TRM_E.barcodereader][W][2330306][136]CRTCyclicEvent.cpp:TimeMissed():101|Cycle miss in event CCSICombinedRepManager. Time Overrun is 76548 us[EOL]
[2026-09-22T07:27:17.759095Z][TRM_E.newgen-tiprackmagazine][W][2330306][143]CRTCyclicEvent.cpp:TimeMissed():101|Cycle miss in event CCSICombinedCmdManager Cyclic Event. Time Overrun is 74154 us[EOL]
[2026-09-22T07:27:17.759129Z][TRM_E.newgen-tiprackmagazine][W][2330306][143]CRTCyclicEvent.cpp:TimeMissed():101|Cycle miss in event CCSICombinedRepManager. Time Overrun is 74154 us[EOL]
[2026-09-22T07:27:17.954120Z][TRM_E.newgen-tiprackmagazine][W][2330306][143]CRTCyclicEvent.cpp:TimeMissed():101|Cycle miss in event CCSICombinedCmdManager Cyclic Event. Time Overrun is 79178 us[EOL]
[2026-09-22T07:27:17.954160Z][TRM_E.newgen-tiprackmagazine][W][2330306][143]CRTCyclicEvent.cpp:TimeMissed():101|Cycle miss in event CCSICombinedRepManager. Time Overrun is 79178 us[EOL]
[2026-09-22T07:27:18.100331Z][TRM_E.newgen-tiprackmagazine][W][2330306][143]CRTCyclicEvent.cpp:TimeMissed():101|Cycle miss in event CCSICombinedCmdManager Cyclic Event. Time Overrun is 35386 us[EOL]
[2026-09-22T07:27:18.100375Z][TRM_E.newgen-tiprackmagazine][W][2330306][143]CRTCyclicEvent.cpp:TimeMissed():101|Cycle miss in event CCSICombinedRepManager. Time Overrun is 35386 us[EOL]
[2026-09-22T07:27:18.224007Z][TRM_E.barcodereader][W][2330306][136]CRTCyclicEvent.cpp:TimeMissed():101|Cycle miss in event CCSICombinedCmdManager Cyclic Event. Time Overrun is 101555 us[EOL]
[2026-09-22T07:27:18.224117Z][TRM_E.newgen-tiprackmagazine][W][2330306][143]CRTCyclicEvent.cpp:TimeMissed():101|Cycle miss in event CCSICombinedCmdManager Cyclic Event. Time Overrun is 9173 us[EOL]
[2026-09-22T07:27:18.224052Z][TRM_E.barcodereader][W][2330306][136]CRTCyclicEvent.cpp:TimeMissed():101|Cycle miss in event CCSICombinedRepManager. Time Overrun is 101555 us[EOL]
[2026-09-22T07:27:18.224154Z][TRM_E.newgen-tiprackmagazine][W][2330306][143]CRTCyclicEvent.cpp:TimeMissed():101|Cycle miss in event CCSICombinedRepManager. Time Overrun is 9173 us[EOL]
[2026-09-22T07:27:18.349718Z][TRM_E.barcodereader][W][2330306][136]CRTCyclicEvent.cpp:TimeMissed():101|Cycle miss in event CCSICombinedCmdManager Cyclic Event. Time Overrun is 7266 us[EOL]
[2026-09-22T07:27:18.349754Z][TRM_E.barcodereader][W][2330306][136]CRTCyclicEvent.cpp:TimeMissed():101|Cycle miss in event CCSICombinedRepManager. Time Overrun is 7266 us[EOL]
[2026-09-22T07:27:18.541443Z][TRM_E.barcodereader][W][2330306][136]CRTCyclicEvent.cpp:TimeMissed():101|Cycle miss in event CCSICombinedCmdManager Cyclic Event. Time Overrun is 8960 us[EOL]
[2026-09-22T07:27:18.541493Z][TRM_E.barcodereader][W][2330306][136]CRTCyclicEvent.cpp:TimeMissed():101|Cycle miss in event CCSICombinedRepManager. Time Overrun is 8960 us[EOL]
[2026-09-22T07:27:18.609678Z][TRM_E.newgen-tiprackmagazine][W][2330306][143]CRTCyclicEvent.cpp:TimeMissed():101|Cycle miss in event CCSICombinedCmdManager Cyclic Event. Time Overrun is 4738 us[EOL]
[2026-09-22T07:27:18.609730Z][TRM_E.newgen-tiprackmagazine][W][2330306][143]CRTCyclicEvent.cpp:TimeMissed():101|Cycle miss in event CCSICombinedRepManager. Time Overrun is 4738 us[EOL]
[2026-09-22T07:27:18.691271Z][TRM_E.barcodereader][W][2330306][136]CRTCyclicEvent.cpp:TimeMissed():101|Cycle miss in event CCSICombinedCmdManager Cyclic Event. Time Overrun is 38821 us[EOL]
[2026-09-22T07:27:18.691305Z][TRM_E.barcodereader][W][2330306][136]CRTCyclicEvent.cpp:TimeMissed():101|Cycle miss in event CCSICombinedRepManager. Time Overrun is 38821 us[EOL]
[2026-09-22T07:27:18.803678Z][TRM_E.barcodereader][W][2330306][136]CRTCyclicEvent.cpp:TimeMissed():101|Cycle miss in event CCSICombinedCmdManager Cyclic Event. Time Overrun is 1225 us[EOL]
[2026-09-22T07:27:18.803776Z][TRM_E.barcodereader][W][2330306][136]CRTCyclicEvent.cpp:TimeMissed():101|Cycle miss in event CCSICombinedRepManager. Time Overrun is 1225 us[EOL]
[2026-09-22T07:27:19.070393Z][TRM_E.newgen-tiprackmagazine][W][2330306][143]CRTCyclicEvent.cpp:TimeMissed():101|Cycle miss in event CCSICyclicRepManager. Time Overrun is 7831 us[EOL]
[2026-09-22T07:27:19.209247Z][TRM_E.barcodereader][W][2330306][136]CRTCyclicEvent.cpp:TimeMissed():101|Cycle miss in event CCSICombinedCmdManager Cyclic Event. Time Overrun is 106798 us[EOL]
[2026-09-22T07:27:19.209272Z][TRM_E.barcodereader][W][2330306][136]CRTCyclicEvent.cpp:TimeMissed():101|Cycle miss in event CCSICombinedRepManager. Time Overrun is 106798 us[EOL]
[2026-09-22T08:29:28.023221Z][TRM_E.barcodereader][I][2330115][133]CRTArgumentParserBase.cpp:SetupLogFacility():200|System Logger Setup Done.[EOL]
[2026-09-22T08:29:28.023389Z][TRM_E.barcodereader][I][1350078][133]CArgumentParserBase.cpp:ParseArguments():86|CSM version: 2.81.0.1340453_[EOL]
[2026-09-22T08:29:28.673188Z][TRM_E.barcodereader][I][2330346][133]CRTSystemLogger.cpp:Activate():64|Realtime Logger created.[EOL]
[2026-09-22T08:29:28.673326Z][TRM_E.barcodereader][N][2330110][133]CTLSF.cpp:TraceStatistics():105|TLSF Statistics: Initial pool size: 256000 Bytes, pool increased: 0 times, high watermark: 36032 bytes, currently used size: 35984 bytes.[EOL]
[2026-09-22T08:29:28.673369Z][TRM_E.barcodereader][I][2330349][133]CRTEventSystemConfigurationDefault.cpp:TraceSetupDone():284|Realtime Context Setup Done. Sched Policy: SCHED_FIFO, Prio: 46, Timer Prio: 75, Middleware Prio: 76, CPU assigned by OS[EOL]
[2026-09-22T08:29:28.728232Z][TRM_E.barcodereader][N][2330477][133]CConnectionHandler.cpp:RegisterConnection():104|Socket added to epoll with identifier 0x0 (0), file descriptor 11.[EOL]
[2026-09-22T08:29:28.751918Z][TRM_E.barcodereader][N][2330477][133]CConnectionHandler.cpp:RegisterConnection():104|Socket added to epoll with identifier 0x0 (0), file descriptor 13.[EOL]
[2026-09-22T08:29:28.751984Z][TRM_E.barcodereader][N][2330467][133]CDefaultStreamHandler.cpp:OnConnectionAccepted():405|New connection established. file descriptor 13[EOL]
[2026-09-22T08:29:28.752045Z][TRM_E.barcodereader][N][2330470][133]CDefaultStreamHandler.cpp:OnClosing():424|Socket with file descriptor 13 has been disconnected[EOL]
[2026-09-22T08:29:28.752052Z][TRM_E.barcodereader][N][2330478][133]CConnectionHandler.cpp:UnregisterConnection():127|Socket removed from epoll with identifier 0x0 (0), file descriptor 13.[EOL]
[2026-09-22T08:29:31.701175Z][TRM_E.barcodereader][W][2330306][133]CRTCyclicEvent.cpp:TimeMissed():101|Cycle miss in event CCSICombinedCmdManager Cyclic Event. Time Overrun is 24281 us[EOL]
[2026-09-22T08:29:31.701244Z][TRM_E.barcodereader][W][2330306][133]CRTCyclicEvent.cpp:TimeMissed():101|Cycle miss in event CCSICombinedRepManager. Time Overrun is 24281 us[EOL]
[2026-09-22T08:29:31.884677Z][TRM_E.barcodereader][W][2330306][133]CRTCyclicEvent.cpp:TimeMissed():101|Cycle miss in event CCSICombinedCmdManager Cyclic Event. Time Overrun is 1317 us[EOL]
[2026-09-22T08:29:31.884727Z][TRM_E.barcodereader][W][2330306][133]CRTCyclicEvent.cpp:TimeMissed():101|Cycle miss in event CCSICombinedRepManager. Time Overrun is 1317 us[EOL]
[2026-09-22T08:29:32.277964Z][TRM_E.barcodereader][W][2330306][133]CRTCyclicEvent.cpp:TimeMissed():101|Cycle miss in event CCSICombinedCmdManager Cyclic Event. Time Overrun is 24605 us[EOL]
[2026-09-22T08:29:32.278029Z][TRM_E.barcodereader][W][2330306][133]CRTCyclicEvent.cpp:TimeMissed():101|Cycle miss in event CCSICombinedRepManager. Time Overrun is 24605 us[EOL]
[2026-09-22T08:29:32.648825Z][TRM_E.barcodereader][W][2330306][133]CRTCyclicEvent.cpp:TimeMissed():101|Cycle miss in event CCSICombinedCmdManager Cyclic Event. Time Overrun is 5469 us[EOL]
[2026-09-22T08:29:32.648876Z][TRM_E.barcodereader][W][2330306][133]CRTCyclicEvent.cpp:TimeMissed():101|Cycle miss in event CCSICombinedRepManager. Time Overrun is 5469 us[EOL]
[2026-09-22T08:29:32.822478Z][TRM_E.barcodereader][W][2330306][133]CRTCyclicEvent.cpp:TimeMissed():101|Cycle miss in event CCSICombinedCmdManager Cyclic Event. Time Overrun is 59126 us[EOL]
[2026-09-22T08:29:32.822519Z][TRM_E.barcodereader][W][2330306][133]CRTCyclicEvent.cpp:TimeMissed():101|Cycle miss in event CCSICombinedRepManager. Time Overrun is 59126 us[EOL]
[2026-09-22T08:29:33.788633Z][TRM_E.barcodereader][W][2330306][133]CRTCyclicEvent.cpp:TimeMissed():101|Cycle miss in event CCSICombinedCmdManager Cyclic Event. Time Overrun is 15283 us[EOL]
[2026-09-22T08:29:33.788681Z][TRM_E.barcodereader][W][2330306][133]CRTCyclicEvent.cpp:TimeMissed():101|Cycle miss in event CCSICombinedRepManager. Time Overrun is 15283 us[EOL]
[2026-09-22T08:29:34.261148Z][TRM_E.barcodereader][W][2330306][133]CRTCyclicEvent.cpp:TimeMissed():101|Cycle miss in event CCSICombinedCmdManager Cyclic Event. Time Overrun is 17793 us[EOL]
[2026-09-22T08:29:34.261280Z][TRM_E.barcodereader][W][2330306][133]CRTCyclicEvent.cpp:TimeMissed():101|Cycle miss in event CCSICombinedRepManager. Time Overrun is 17793 us[EOL]
[2026-09-22T08:29:34.607732Z][TRM_E.barcodereader][W][2330306][133]CRTCyclicEvent.cpp:TimeMissed():101|Cycle miss in event CCSICombinedCmdManager Cyclic Event. Time Overrun is 14333 us[EOL]
[2026-09-22T08:29:34.607806Z][TRM_E.barcodereader][W][2330306][133]CRTCyclicEvent.cpp:TimeMissed():101|Cycle miss in event CCSICombinedRepManager. Time Overrun is 14333 us[EOL]
[2026-09-22T08:29:35.733055Z][TRM_E.barcodereader][W][2330306][133]CRTCyclicEvent.cpp:TimeMissed():101|Cycle miss in event CCSICombinedCmdManager Cyclic Event. Time Overrun is 9702 us[EOL]
[2026-09-22T08:29:35.733103Z][TRM_E.barcodereader][W][2330306][133]CRTCyclicEvent.cpp:TimeMissed():101|Cycle miss in event CCSICombinedRepManager. Time Overrun is 9702 us[EOL]
[2026-09-22T08:29:36.035456Z][TRM_E.barcodereader][W][2330306][133]CRTCyclicEvent.cpp:TimeMissed():101|Cycle miss in event CCSICombinedCmdManager Cyclic Event. Time Overrun is 12095 us[EOL]
[2026-09-22T08:29:36.035502Z][TRM_E.barcodereader][W][2330306][133]CRTCyclicEvent.cpp:TimeMissed():101|Cycle miss in event CCSICombinedRepManager. Time Overrun is 12095 us[EOL]
[2026-09-22T08:29:36.594739Z][TRM_E.newgen-tiprackmagazine][I][2330115][141]CRTArgumentParserBase.cpp:SetupLogFacility():200|System Logger Setup Done.[EOL]
[2026-09-22T08:29:36.595073Z][TRM_E.newgen-tiprackmagazine][I][1350078][141]CArgumentParserBase.cpp:ParseArguments():86|CSM version: 3.1.0.1340640_[EOL]
[2026-09-22T08:29:37.541992Z][TRM_E.barcodereader][W][2330306][133]CRTCyclicEvent.cpp:TimeMissed():101|Cycle miss in event CCSICombinedCmdManager Cyclic Event. Time Overrun is 8637 us[EOL]
[2026-09-22T08:29:37.542040Z][TRM_E.barcodereader][W][2330306][133]CRTCyclicEvent.cpp:TimeMissed():101|Cycle miss in event CCSICombinedRepManager. Time Overrun is 8637 us[EOL]
[2026-09-22T08:29:37.781302Z][TRM_E.barcodereader][W][2330306][133]CRTCyclicEvent.cpp:TimeMissed():101|Cycle miss in event CCSICombinedCmdManager Cyclic Event. Time Overrun is 7953 us[EOL]
[2026-09-22T08:29:37.781342Z][TRM_E.barcodereader][W][2330306][133]CRTCyclicEvent.cpp:TimeMissed():101|Cycle miss in event CCSICombinedRepManager. Time Overrun is 7953 us[EOL]
[2026-09-22T08:29:38.273137Z][TRM_E.newgen-tiprackmagazine][I][2330346][141]CRTSystemLogger.cpp:Activate():64|Realtime Logger created.[EOL]
[2026-09-22T08:29:38.273201Z][TRM_E.newgen-tiprackmagazine][N][2330110][141]CTLSF.cpp:TraceStatistics():105|TLSF Statistics: Initial pool size: 5242880 Bytes, pool increased: 0 times, high watermark: 126384 bytes, currently used size: 120576 bytes.[EOL]
[2026-09-22T08:29:38.273218Z][TRM_E.newgen-tiprackmagazine][I][2330349][141]CRTEventSystemConfigurationDefault.cpp:TraceSetupDone():284|Realtime Context Setup Done. Sched Policy: SCHED_FIFO, Prio: 45, Timer Prio: 75, Middleware Prio: 76, CPU assigned by OS[EOL]
[2026-09-22T08:29:38.349442Z][TRM_E.barcodereader][W][2330306][133]CRTCyclicEvent.cpp:TimeMissed():101|Cycle miss in event CCSICombinedCmdManager Cyclic Event. Time Overrun is 6091 us[EOL]
[2026-09-22T08:29:38.349488Z][TRM_E.barcodereader][W][2330306][133]CRTCyclicEvent.cpp:TimeMissed():101|Cycle miss in event CCSICombinedRepManager. Time Overrun is 6091 us[EOL]
[2026-09-22T08:29:38.708821Z][TRM_E.newgen-tiprackmagazine][I][1000053][141]CMotorLLCS.cpp:DoConfigure():192|Create BCI device with CDI: 0x10A702[EOL]
[2026-09-22T08:29:38.750649Z][TRM_E.newgen-tiprackmagazine][I][6830011][141]CCSMApplication.cpp:UserLevelApplicationInit():342|State machine instantiation done[EOL]
[2026-09-22T08:29:38.750698Z][TRM_E.newgen-tiprackmagazine][I][6830011][141]CCSMApplication.cpp:UserLevelApplicationInit():348|XML path is: /opt/roche/config//settings/config/tiprack-magazine-parampool.xml[EOL]
[2026-09-22T08:29:38.755832Z][TRM_E.newgen-tiprackmagazine][I][6830011][141]CCSMApplication.cpp:UserLevelApplicationInit():358|Parameter pool configuration done[EOL]
[2026-09-22T08:29:38.756238Z][TRM_E.newgen-tiprackmagazine][I][0][141]CCSMApplication.cpp:UserLevelApplicationInit():398|Loading ECC /opt/roche/config//settings/startup/ecc.xml, Config ID: TipRackMagazine_E[EOL]
[2026-09-22T08:29:39.626861Z][TRM_E.newgen-tiprackmagazine][I][0][141]CCSMApplication.cpp:UserLevelApplicationInit():400|Parsing Device List[EOL]
[2026-09-22T08:29:39.784310Z][TRM_E.newgen-tiprackmagazine][I][6830011][141]CCSMApplication.cpp:UserLevelApplicationInit():416|Module configuration done[EOL]
[2026-09-22T08:29:39.784352Z][TRM_E.newgen-tiprackmagazine][I][6830011][141]CCSMApplication.cpp:UserLevelApplicationInit():430|Default- & AS- Errorhandling instantiated![EOL]
[2026-09-22T08:29:39.843313Z][TRM_E.newgen-tiprackmagazine][N][2330477][141]CConnectionHandler.cpp:RegisterConnection():104|Socket added to epoll with identifier 0x0 (0), file descriptor 20.[EOL]
[2026-09-22T08:29:39.898135Z][TRM_E.newgen-tiprackmagazine][N][2330477][141]CConnectionHandler.cpp:RegisterConnection():104|Socket added to epoll with identifier 0x0 (0), file descriptor 21.[EOL]
[2026-09-22T08:29:39.898206Z][TRM_E.newgen-tiprackmagazine][N][2330467][141]CDefaultStreamHandler.cpp:OnConnectionAccepted():405|New connection established. file descriptor 21[EOL]
[2026-09-22T08:29:39.906728Z][TRM_E.newgen-tiprackmagazine][N][2330470][141]CDefaultStreamHandler.cpp:OnClosing():424|Socket with file descriptor 21 has been disconnected[EOL]
[2026-09-22T08:29:39.906766Z][TRM_E.newgen-tiprackmagazine][N][2330478][141]CConnectionHandler.cpp:UnregisterConnection():127|Socket removed from epoll with identifier 0x0 (0), file descriptor 21.[EOL]
[2026-09-22T08:29:39.922779Z][TRM_E.newgen-tiprackmagazine][N][844444405][141]RabbitMqConnector.cpp:Connect():840|Connecting as '6800_2AC.10001.TipRackMagazine.E' to RabbitMQ on amqp://USERNAME:PASSWORD@rabbitmq-server/[EOL]
[2026-09-22T08:29:39.940992Z][TRM_E.newgen-tiprackmagazine][N][2330477][141]CConnectionHandler.cpp:RegisterConnection():104|Socket added to epoll with identifier 0x15 (21), file descriptor 21.[EOL]
[2026-09-22T08:29:40.132180Z][TRM_E.newgen-tiprackmagazine][N][2330477][141]CConnectionHandler.cpp:RegisterConnection():104|Socket added to epoll with identifier 0x17 (23), file descriptor 23.[EOL]
[2026-09-22T08:29:40.132226Z][TRM_E.newgen-tiprackmagazine][N][2330478][141]CConnectionHandler.cpp:UnregisterConnection():127|Socket removed from epoll with identifier 0x15 (21), file descriptor 21.[EOL]
[2026-09-22T08:29:40.250493Z][TRM_E.barcodereader][W][2330306][133]CRTCyclicEvent.cpp:TimeMissed():101|Cycle miss in event CCSICombinedCmdManager Cyclic Event. Time Overrun is 7145 us[EOL]
[2026-09-22T08:29:40.250541Z][TRM_E.barcodereader][W][2330306][133]CRTCyclicEvent.cpp:TimeMissed():101|Cycle miss in event CCSICombinedRepManager. Time Overrun is 7145 us[EOL]
[2026-09-22T08:29:40.270533Z][TRM_E.newgen-tiprackmagazine][I][844444409][141]RabbitMqConnector.cpp:onProperties():1356|Exchange of properties: amqp_conn=0x7f06e8bfda20 amqp_conn_fd=23#012  Properties sent by server:#012    table(capabilities:table(authentication_failure_close:booleanset(1,0,0,0,0,0,0,0),basic.nack:booleanset(1,0,0,0,0,0,0,0),connection.blocked:booleanset(1,0,0,0,0,0,0,0),consumer_cancel_notify:booleanset(1,0,0,0,0,0,0,0),consumer_priorities:booleanset(1,0,0,0,0,0,0,0),direct_reply_to:booleanset(1,0,0,0,0,0,0,0),exchange_exchange_bindings:booleanset(1,0,0,0,0,0,0,0),per_consumer_qos:booleanset(1,0,0,0,0,0,0,0),publisher_confirms:booleanset(1,0,0,0,0,0,0,0)),cluster_name:string(rabbit@x800-instrument),copyright:string(Copyright (c) 2007-2024 Broadcom Inc and/or its subsidiaries),information:string(Licensed under the MPL 2.0. Website: https://rabbitmq.com),platform:string(Erlang/OTP 26.2.5.3),product:string(RabbitMQ),version:string(3.13.7))#012  Properties sent back by us:#012    table(connection_name:string(6800_2AC.10001.TipRackMagazine.E))#012  Note that additional properties will be set internally by the AMQP-CPP library.[EOL]
[2026-09-22T08:29:40.295997Z][TRM_E.newgen-tiprackmagazine][I][844444410][141]RabbitMqConnector.cpp:onNegotiate():1364|Setting heartbeat frequency: amqp_conn=0x7f06e8bfda20 amqp_conn_fd=23 interval=60[EOL]
[2026-09-22T08:29:40.309849Z][TRM_E.newgen-tiprackmagazine][I][844444411][141]RabbitMqConnector.cpp:onReady():1373|Handshake with rabbitmq completed: amqp_conn=0x7f06e8bfda20 amqp_conn_fd=23[EOL]
[2026-09-22T08:29:40.550163Z][TRM_E.newgen-tiprackmagazine][W][2330306][141]CRTCyclicEvent.cpp:TimeMissed():101|Cycle miss in event CCSICombinedCmdManager Cyclic Event. Time Overrun is 7247 us[EOL]
[2026-09-22T08:29:40.550218Z][TRM_E.newgen-tiprackmagazine][W][2330306][141]CRTCyclicEvent.cpp:TimeMissed():101|Cycle miss in event CCSICombinedRepManager. Time Overrun is 7247 us[EOL]
[2026-09-22T08:29:40.559980Z][TRM_E.newgen-tiprackmagazine][I][844444453][141]RabbitMqConnector.cpp:operator()():631|Sucessfully consumed: queue_name: roche.newgen.tiprackmagazine.e.q[EOL]
[2026-09-22T08:29:40.560755Z][TRM_E.newgen-tiprackmagazine][I][844444436][141]UnitCommunicator.cpp:SendEvent():424|Publishing event: type=Roche.c68_8800.TipRackMagazine.E.UnitStateChanged correlation_id=(n/a)[EOL]
[2026-09-22T08:29:40.561051Z][TRM_E.newgen-tiprackmagazine][I][2560017][141]MessageSender.h:SendEvent():105|Sent RabbitMqEvent Roche.c68_8800.TipRackMagazine.E.UnitStateChanged. Content: {"Timestamp":"2026-09-22T08:29:40.560713Z","TraceContext":"00-8fb6f15ebb038627d4c7d5bb809280ea-0d4378fae20e848e-01","MagazineId":"E","OldState":"PoweredOff","NewState":"StartingUp"}[EOL]
[2026-09-22T08:29:41.528962Z][TRM_E.newgen-tiprackmagazine][W][2330306][141]CRTCyclicEvent.cpp:TimeMissed():101|Cycle miss in event CCSICombinedCmdManager Cyclic Event. Time Overrun is 8116 us[EOL]
[2026-09-22T08:29:41.528997Z][TRM_E.newgen-tiprackmagazine][W][2330306][141]CRTCyclicEvent.cpp:TimeMissed():101|Cycle miss in event CCSICombinedRepManager. Time Overrun is 8116 us[EOL]
[2026-09-22T08:29:42.474533Z][TRM_E.barcodereader][W][2330306][133]CRTCyclicEvent.cpp:TimeMissed():101|Cycle miss in event CCSICombinedCmdManager Cyclic Event. Time Overrun is 1123 us[EOL]
[2026-09-22T08:29:42.474581Z][TRM_E.barcodereader][W][2330306][133]CRTCyclicEvent.cpp:TimeMissed():101|Cycle miss in event CCSICombinedRepManager. Time Overrun is 1123 us[EOL]
[2026-09-22T08:29:43.404162Z][TRM_E.barcodereader][W][2330306][133]CRTCyclicEvent.cpp:TimeMissed():101|Cycle miss in event CCSICombinedCmdManager Cyclic Event. Time Overrun is 10811 us[EOL]
[2026-09-22T08:29:43.404211Z][TRM_E.barcodereader][W][2330306][133]CRTCyclicEvent.cpp:TimeMissed():101|Cycle miss in event CCSICombinedRepManager. Time Overrun is 10811 us[EOL]
[2026-09-22T08:29:43.442711Z][TRM_E.newgen-tiprackmagazine][W][2330306][141]CRTCyclicEvent.cpp:TimeMissed():101|Cycle miss in event CCSICombinedCmdManager Cyclic Event. Time Overrun is 11865 us[EOL]
[2026-09-22T08:29:43.442747Z][TRM_E.newgen-tiprackmagazine][W][2330306][141]CRTCyclicEvent.cpp:TimeMissed():101|Cycle miss in event CCSICombinedRepManager. Time Overrun is 11865 us[EOL]
[2026-09-22T08:29:43.752392Z][TRM_E.barcodereader][W][2330306][133]CRTCyclicEvent.cpp:TimeMissed():101|Cycle miss in event CCSICombinedCmdManager Cyclic Event. Time Overrun is 9042 us[EOL]
[2026-09-22T08:29:43.752479Z][TRM_E.barcodereader][W][2330306][133]CRTCyclicEvent.cpp:TimeMissed():101|Cycle miss in event CCSICombinedRepManager. Time Overrun is 9042 us[EOL]
[2026-09-22T08:29:44.836111Z][TRM_E.barcodereader][W][2330306][133]CRTCyclicEvent.cpp:TimeMissed():101|Cycle miss in event CCSICombinedCmdManager Cyclic Event. Time Overrun is 2760 us[EOL]
[2026-09-22T08:29:44.836167Z][TRM_E.barcodereader][W][2330306][133]CRTCyclicEvent.cpp:TimeMissed():101|Cycle miss in event CCSICombinedRepManager. Time Overrun is 2760 us[EOL]
[2026-09-22T08:29:44.899050Z][TRM_E.newgen-tiprackmagazine][W][2330306][141]CRTCyclicEvent.cpp:TimeMissed():101|Cycle miss in event CCSICombinedCmdManager Cyclic Event. Time Overrun is 8190 us[EOL]
[2026-09-22T08:29:44.899114Z][TRM_E.newgen-tiprackmagazine][W][2330306][141]CRTCyclicEvent.cpp:TimeMissed():101|Cycle miss in event CCSICombinedRepManager. Time Overrun is 8190 us[EOL]
[2026-09-22T08:29:45.021119Z][TRM_E.barcodereader][W][2330306][133]CRTCyclicEvent.cpp:TimeMissed():101|Cycle miss in event CCSICombinedCmdManager Cyclic Event. Time Overrun is 7771 us[EOL]
[2026-09-22T08:29:45.021169Z][TRM_E.barcodereader][W][2330306][133]CRTCyclicEvent.cpp:TimeMissed():101|Cycle miss in event CCSICombinedRepManager. Time Overrun is 7771 us[EOL]
[2026-09-22T08:29:45.143390Z][TRM_E.barcodereader][W][2330306][133]CRTCyclicEvent.cpp:TimeMissed():101|Cycle miss in event CCSICombinedCmdManager Cyclic Event. Time Overrun is 38 us[EOL]
[2026-09-22T08:29:45.143436Z][TRM_E.barcodereader][W][2330306][133]CRTCyclicEvent.cpp:TimeMissed():101|Cycle miss in event CCSICombinedRepManager. Time Overrun is 38 us[EOL]
[2026-09-22T08:29:45.710255Z][TRM_E.barcodereader][W][2330306][133]CRTCyclicEvent.cpp:TimeMissed():101|Cycle miss in event CCSICombinedCmdManager Cyclic Event. Time Overrun is 6907 us[EOL]
[2026-09-22T08:29:45.710291Z][TRM_E.barcodereader][W][2330306][133]CRTCyclicEvent.cpp:TimeMissed():101|Cycle miss in event CCSICombinedRepManager. Time Overrun is 6907 us[EOL]
[2026-09-22T08:29:45.876079Z][TRM_E.newgen-tiprackmagazine][W][2330306][141]CRTCyclicEvent.cpp:TimeMissed():101|Cycle miss in event CCSICombinedCmdManager Cyclic Event. Time Overrun is 5232 us[EOL]
[2026-09-22T08:29:45.876122Z][TRM_E.newgen-tiprackmagazine][W][2330306][141]CRTCyclicEvent.cpp:TimeMissed():101|Cycle miss in event CCSICombinedRepManager. Time Overrun is 5232 us[EOL]
[2026-09-22T08:29:46.225959Z][TRM_E.barcodereader][W][2330306][133]CRTCyclicEvent.cpp:TimeMissed():101|Cycle miss in event CCSICombinedCmdManager Cyclic Event. Time Overrun is 2606 us[EOL]
[2026-09-22T08:29:46.225998Z][TRM_E.barcodereader][W][2330306][133]CRTCyclicEvent.cpp:TimeMissed():101|Cycle miss in event CCSICombinedRepManager. Time Overrun is 2606 us[EOL]
[2026-09-22T08:29:49.511523Z][TRM_E.newgen-tiprackmagazine][W][2330306][141]CRTCyclicEvent.cpp:TimeMissed():101|Cycle miss in event CCSICombinedCmdManager Cyclic Event. Time Overrun is 671 us[EOL]
[2026-09-22T08:29:49.511739Z][TRM_E.newgen-tiprackmagazine][W][2330306][141]CRTCyclicEvent.cpp:TimeMissed():101|Cycle miss in event CCSICombinedRepManager. Time Overrun is 671 us[EOL]
[2026-09-22T08:29:50.083050Z][TRM_E.newgen-tiprackmagazine][W][2330306][141]CRTCyclicEvent.cpp:TimeMissed():101|Cycle miss in event CCSICombinedCmdManager Cyclic Event. Time Overrun is 12205 us[EOL]
[2026-09-22T08:29:50.083076Z][TRM_E.newgen-tiprackmagazine][W][2330306][141]CRTCyclicEvent.cpp:TimeMissed():101|Cycle miss in event CCSICombinedRepManager. Time Overrun is 12205 us[EOL]
[2026-09-22T08:29:50.376694Z][TRM_E.barcodereader][W][2330306][133]CRTCyclicEvent.cpp:TimeMissed():101|Cycle miss in event CCSICombinedCmdManager Cyclic Event. Time Overrun is 3345 us[EOL]
[2026-09-22T08:29:50.376734Z][TRM_E.barcodereader][W][2330306][133]CRTCyclicEvent.cpp:TimeMissed():101|Cycle miss in event CCSICombinedRepManager. Time Overrun is 3345 us[EOL]
[2026-09-22T08:29:51.142484Z][TRM_E.barcodereader][W][2330306][133]CRTCyclicEvent.cpp:TimeMissed():101|Cycle miss in event CCSICombinedCmdManager Cyclic Event. Time Overrun is 359135 us[EOL]
[2026-09-22T08:29:51.142557Z][TRM_E.barcodereader][W][2330306][133]CRTCyclicEvent.cpp:TimeMissed():101|Cycle miss in event CCSICombinedRepManager. Time Overrun is 359135 us[EOL]
[2026-09-22T08:29:51.767066Z][TRM_E.barcodereader][W][2330306][133]CRTCyclicEvent.cpp:TimeMissed():101|Cycle miss in event CCSICombinedCmdManager Cyclic Event. Time Overrun is 3719 us[EOL]
[2026-09-22T08:29:51.767104Z][TRM_E.barcodereader][W][2330306][133]CRTCyclicEvent.cpp:TimeMissed():101|Cycle miss in event CCSICombinedRepManager. Time Overrun is 3719 us[EOL]
[2026-09-22T08:29:51.919225Z][TRM_E.barcodereader][W][2330306][133]CRTCyclicEvent.cpp:TimeMissed():101|Cycle miss in event CCSICombinedCmdManager Cyclic Event. Time Overrun is 35880 us[EOL]
[2026-09-22T08:29:51.919250Z][TRM_E.barcodereader][W][2330306][133]CRTCyclicEvent.cpp:TimeMissed():101|Cycle miss in event CCSICombinedRepManager. Time Overrun is 35880 us[EOL]
[2026-09-22T08:29:52.043669Z][TRM_E.newgen-tiprackmagazine][W][2330306][141]CRTCyclicEvent.cpp:TimeMissed():101|Cycle miss in event CCSICombinedCmdManager Cyclic Event. Time Overrun is 12822 us[EOL]
[2026-09-22T08:29:52.043698Z][TRM_E.newgen-tiprackmagazine][W][2330306][141]CRTCyclicEvent.cpp:TimeMissed():101|Cycle miss in event CCSICombinedRepManager. Time Overrun is 12822 us[EOL]
[2026-09-22T08:29:52.375261Z][TRM_E.barcodereader][W][2330306][133]CRTCyclicEvent.cpp:TimeMissed():101|Cycle miss in event CCSICombinedCmdManager Cyclic Event. Time Overrun is 1914 us[EOL]
[2026-09-22T08:29:52.375312Z][TRM_E.barcodereader][W][2330306][133]CRTCyclicEvent.cpp:TimeMissed():101|Cycle miss in event CCSICombinedRepManager. Time Overrun is 1914 us[EOL]
[2026-09-22T08:29:53.049548Z][TRM_E.newgen-tiprackmagazine][W][2330306][141]CRTCyclicEvent.cpp:TimeMissed():101|Cycle miss in event CCSICombinedCmdManager Cyclic Event. Time Overrun is 338704 us[EOL]
[2026-09-22T08:29:53.049574Z][TRM_E.newgen-tiprackmagazine][W][2330306][141]CRTCyclicEvent.cpp:TimeMissed():101|Cycle miss in event CCSICombinedRepManager. Time Overrun is 338704 us[EOL]
[2026-09-22T08:29:53.503786Z][TRM_E.barcodereader][W][2330306][133]CRTCyclicEvent.cpp:TimeMissed():101|Cycle miss in event CCSICombinedCmdManager Cyclic Event. Time Overrun is 435 us[EOL]
[2026-09-22T08:29:53.503844Z][TRM_E.barcodereader][W][2330306][133]CRTCyclicEvent.cpp:TimeMissed():101|Cycle miss in event CCSICombinedRepManager. Time Overrun is 435 us[EOL]
[2026-09-22T08:29:53.681690Z][TRM_E.newgen-tiprackmagazine][W][2330306][141]CRTCyclicEvent.cpp:TimeMissed():101|Cycle miss in event CCSICombinedCmdManager Cyclic Event. Time Overrun is 839 us[EOL]
[2026-09-22T08:29:53.681725Z][TRM_E.newgen-tiprackmagazine][W][2330306][141]CRTCyclicEvent.cpp:TimeMissed():101|Cycle miss in event CCSICombinedRepManager. Time Overrun is 839 us[EOL]
[2026-09-22T08:29:53.713378Z][TRM_E.barcodereader][W][2330306][133]CRTCyclicEvent.cpp:TimeMissed():101|Cycle miss in event CCSICombinedCmdManager Cyclic Event. Time Overrun is 31 us[EOL]
[2026-09-22T08:29:53.713409Z][TRM_E.barcodereader][W][2330306][133]CRTCyclicEvent.cpp:TimeMissed():101|Cycle miss in event CCSICombinedRepManager. Time Overrun is 31 us[EOL]
[2026-09-22T08:29:55.005373Z][TRM_E.barcodereader][W][2330306][133]CRTCyclicEvent.cpp:TimeMissed():101|Cycle miss in event CCSICombinedCmdManager Cyclic Event. Time Overrun is 2027 us[EOL]
[2026-09-22T08:29:55.005397Z][TRM_E.barcodereader][W][2330306][133]CRTCyclicEvent.cpp:TimeMissed():101|Cycle miss in event CCSICombinedRepManager. Time Overrun is 2027 us[EOL]
[2026-09-22T08:29:55.071830Z][TRM_E.newgen-tiprackmagazine][W][2330306][141]CRTCyclicEvent.cpp:TimeMissed():101|Cycle miss in event CCSICombinedCmdManager Cyclic Event. Time Overrun is 984 us[EOL]
[2026-09-22T08:29:55.071870Z][TRM_E.newgen-tiprackmagazine][W][2330306][141]CRTCyclicEvent.cpp:TimeMissed():101|Cycle miss in event CCSICombinedRepManager. Time Overrun is 984 us[EOL]
[2026-09-22T08:29:55.364832Z][TRM_E.barcodereader][W][2330306][133]CRTCyclicEvent.cpp:TimeMissed():101|Cycle miss in event CCSICombinedCmdManager Cyclic Event. Time Overrun is 1480 us[EOL]
[2026-09-22T08:29:55.364925Z][TRM_E.barcodereader][W][2330306][133]CRTCyclicEvent.cpp:TimeMissed():101|Cycle miss in event CCSICombinedRepManager. Time Overrun is 1480 us[EOL]
[2026-09-22T08:29:56.336414Z][TRM_E.barcodereader][W][2330306][133]CRTCyclicEvent.cpp:TimeMissed():101|Cycle miss in event CCSICombinedCmdManager Cyclic Event. Time Overrun is 3067 us[EOL]
[2026-09-22T08:29:56.336440Z][TRM_E.barcodereader][W][2330306][133]CRTCyclicEvent.cpp:TimeMissed():101|Cycle miss in event CCSICombinedRepManager. Time Overrun is 3067 us[EOL]
[2026-09-22T08:29:56.594104Z][TRM_E.newgen-tiprackmagazine][W][2330306][141]CRTCyclicEvent.cpp:TimeMissed():101|Cycle miss in event CCSICombinedCmdManager Cyclic Event. Time Overrun is 3258 us[EOL]
[2026-09-22T08:29:56.594137Z][TRM_E.newgen-tiprackmagazine][W][2330306][141]CRTCyclicEvent.cpp:TimeMissed():101|Cycle miss in event CCSICombinedRepManager. Time Overrun is 3258 us[EOL]
[2026-09-22T08:29:56.813194Z][TRM_E.newgen-tiprackmagazine][W][2330306][141]CRTCyclicEvent.cpp:TimeMissed():101|Cycle miss in event CCSICombinedCmdManager Cyclic Event. Time Overrun is 2349 us[EOL]
[2026-09-22T08:29:56.813230Z][TRM_E.newgen-tiprackmagazine][W][2330306][141]CRTCyclicEvent.cpp:TimeMissed():101|Cycle miss in event CCSICombinedRepManager. Time Overrun is 2349 us[EOL]
[2026-09-22T08:29:58.360915Z][TRM_E.barcodereader][W][2330306][133]CRTCyclicEvent.cpp:TimeMissed():101|Cycle miss in event CCSICombinedCmdManager Cyclic Event. Time Overrun is 7566 us[EOL]
[2026-09-22T08:29:58.360964Z][TRM_E.barcodereader][W][2330306][133]CRTCyclicEvent.cpp:TimeMissed():101|Cycle miss in event CCSICombinedRepManager. Time Overrun is 7566 us[EOL]
[2026-09-22T08:30:00.572708Z][TRM_E.newgen-tiprackmagazine][W][2330306][141]CRTCyclicEvent.cpp:TimeMissed():101|Cycle miss in event CCSICombinedCmdManager Cyclic Event. Time Overrun is 1848 us[EOL]
[2026-09-22T08:30:00.572772Z][TRM_E.newgen-tiprackmagazine][W][2330306][141]CRTCyclicEvent.cpp:TimeMissed():101|Cycle miss in event CCSICombinedRepManager. Time Overrun is 1848 us[EOL]
[2026-09-22T08:30:01.003796Z][TRM_E.newgen-tiprackmagazine][W][2330306][141]CRTCyclicEvent.cpp:TimeMissed():101|Cycle miss in event CCSICombinedCmdManager Cyclic Event. Time Overrun is 2945 us[EOL]
[2026-09-22T08:30:01.003861Z][TRM_E.newgen-tiprackmagazine][W][2330306][141]CRTCyclicEvent.cpp:TimeMissed():101|Cycle miss in event CCSICombinedRepManager. Time Overrun is 2945 us[EOL]
[2026-09-22T08:30:01.043678Z][TRM_E.barcodereader][W][2330306][133]CRTCyclicEvent.cpp:TimeMissed():101|Cycle miss in event CCSICombinedCmdManager Cyclic Event. Time Overrun is 321 us[EOL]
[2026-09-22T08:30:01.043715Z][TRM_E.barcodereader][W][2330306][133]CRTCyclicEvent.cpp:TimeMissed():101|Cycle miss in event CCSICombinedRepManager. Time Overrun is 321 us[EOL]
[2026-09-22T08:30:01.122159Z][TRM_E.newgen-tiprackmagazine][W][2330306][141]CRTCyclicEvent.cpp:TimeMissed():101|Cycle miss in event CCSICombinedCmdManager Cyclic Event. Time Overrun is 1314 us[EOL]
[2026-09-22T08:30:01.122193Z][TRM_E.newgen-tiprackmagazine][W][2330306][141]CRTCyclicEvent.cpp:TimeMissed():101|Cycle miss in event CCSICombinedRepManager. Time Overrun is 1314 us[EOL]
[2026-09-22T08:30:01.177240Z][TRM_E.barcodereader][W][2330306][133]CRTCyclicEvent.cpp:TimeMissed():101|Cycle miss in event CCSICombinedCmdManager Cyclic Event. Time Overrun is 3889 us[EOL]
[2026-09-22T08:30:01.177321Z][TRM_E.barcodereader][W][2330306][133]CRTCyclicEvent.cpp:TimeMissed():101|Cycle miss in event CCSICombinedRepManager. Time Overrun is 3889 us[EOL]
[2026-09-22T08:30:01.384312Z][TRM_E.newgen-tiprackmagazine][W][2330306][141]CRTCyclicEvent.cpp:TimeMissed():101|Cycle miss in event CCSICombinedCmdManager Cyclic Event. Time Overrun is 23465 us[EOL]
[2026-09-22T08:30:01.384359Z][TRM_E.newgen-tiprackmagazine][W][2330306][141]CRTCyclicEvent.cpp:TimeMissed():101|Cycle miss in event CCSICombinedRepManager. Time Overrun is 23465 us[EOL]
[2026-09-22T08:30:01.391223Z][TRM_E.barcodereader][W][2330306][133]CRTCyclicEvent.cpp:TimeMissed():101|Cycle miss in event CCSICombinedCmdManager Cyclic Event. Time Overrun is 7877 us[EOL]
[2026-09-22T08:30:01.391246Z][TRM_E.barcodereader][W][2330306][133]CRTCyclicEvent.cpp:TimeMissed():101|Cycle miss in event CCSICombinedRepManager. Time Overrun is 7877 us[EOL]
[2026-09-22T08:30:01.557446Z][TRM_E.newgen-tiprackmagazine][W][2330306][141]CRTCyclicEvent.cpp:TimeMissed():101|Cycle miss in event CCSICombinedCmdManager Cyclic Event. Time Overrun is 36591 us[EOL]
[2026-09-22T08:30:01.557191Z][TRM_E.barcodereader][W][2330306][133]CRTCyclicEvent.cpp:TimeMissed():101|Cycle miss in event CCSICombinedCmdManager Cyclic Event. Time Overrun is 43826 us[EOL]
[2026-09-22T08:30:01.557480Z][TRM_E.newgen-tiprackmagazine][W][2330306][141]CRTCyclicEvent.cpp:TimeMissed():101|Cycle miss in event CCSICombinedRepManager. Time Overrun is 36591 us[EOL]
[2026-09-22T08:30:01.557239Z][TRM_E.barcodereader][W][2330306][133]CRTCyclicEvent.cpp:TimeMissed():101|Cycle miss in event CCSICombinedRepManager. Time Overrun is 43826 us[EOL]
[2026-09-22T08:30:01.766715Z][TRM_E.barcodereader][W][2330306][133]CRTCyclicEvent.cpp:TimeMissed():101|Cycle miss in event CCSICombinedCmdManager Cyclic Event. Time Overrun is 73360 us[EOL]
[2026-09-22T08:30:01.945655Z][TRM_E.newgen-tiprackmagazine][W][2330306][141]CRTCyclicEvent.cpp:TimeMissed():101|Cycle miss in event CCSICombinedCmdManager Cyclic Event. Time Overrun is 244807 us[EOL]
[2026-09-22T08:30:01.945702Z][TRM_E.newgen-tiprackmagazine][W][2330306][141]CRTCyclicEvent.cpp:TimeMissed():101|Cycle miss in event CCSICombinedRepManager. Time Overrun is 244807 us[EOL]
[2026-09-22T08:30:01.766786Z][TRM_E.barcodereader][W][2330306][133]CRTCyclicEvent.cpp:TimeMissed():101|Cycle miss in event CCSICombinedRepManager. Time Overrun is 73360 us[EOL]
[2026-09-22T08:30:01.946180Z][TRM_E.newgen-tiprackmagazine][W][2330306][141]CRTCyclicEvent.cpp:TimeMissed():101|Cycle miss in event CCSICyclicRepManager. Time Overrun is 139826 us[EOL]
[2026-09-22T08:30:02.628373Z][TRM_E.barcodereader][W][2330306][133]CRTCyclicEvent.cpp:TimeMissed():101|Cycle miss in event CCSICombinedCmdManager Cyclic Event. Time Overrun is 745023 us[EOL]
[2026-09-22T08:30:02.160689Z][TRM_E.newgen-tiprackmagazine][W][2330306][141]CRTCyclicEvent.cpp:TimeMissed():101|Cycle miss in event CCSICombinedCmdManager Cyclic Event. Time Overrun is 89843 us[EOL]
[2026-09-22T08:30:02.628403Z][TRM_E.barcodereader][W][2330306][133]CRTCyclicEvent.cpp:TimeMissed():101|Cycle miss in event CCSICombinedRepManager. Time Overrun is 745023 us[EOL]
[2026-09-22T08:30:02.876599Z][TRM_E.barcodereader][W][2330306][133]CRTCyclicEvent.cpp:TimeMissed():101|Cycle miss in event CCSICombinedCmdManager Cyclic Event. Time Overrun is 103250 us[EOL]
[2026-09-22T08:30:02.160717Z][TRM_E.newgen-tiprackmagazine][W][2330306][141]CRTCyclicEvent.cpp:TimeMissed():101|Cycle miss in event CCSICombinedRepManager. Time Overrun is 89843 us[EOL]
[2026-09-22T08:30:02.876631Z][TRM_E.barcodereader][W][2330306][133]CRTCyclicEvent.cpp:TimeMissed():101|Cycle miss in event CCSICombinedRepManager. Time Overrun is 103250 us[EOL]
[2026-09-22T08:30:03.058091Z][TRM_E.barcodereader][W][2330306][133]CRTCyclicEvent.cpp:TimeMissed():101|Cycle miss in event CCSICombinedCmdManager Cyclic Event. Time Overrun is 64747 us[EOL]
[2026-09-22T08:30:02.274552Z][TRM_E.newgen-tiprackmagazine][W][2330306][141]CRTCyclicEvent.cpp:TimeMissed():101|Cycle miss in event CCSICombinedCmdManager Cyclic Event. Time Overrun is 3697 us[EOL]
[2026-09-22T08:30:02.274611Z][TRM_E.newgen-tiprackmagazine][W][2330306][141]CRTCyclicEvent.cpp:TimeMissed():101|Cycle miss in event CCSICombinedRepManager. Time Overrun is 3697 us[EOL]
[2026-09-22T08:30:03.058108Z][TRM_E.barcodereader][W][2330306][133]CRTCyclicEvent.cpp:TimeMissed():101|Cycle miss in event CCSICombinedRepManager. Time Overrun is 64747 us[EOL]
[2026-09-22T08:30:02.391342Z][TRM_E.newgen-tiprackmagazine][W][2330306][141]CRTCyclicEvent.cpp:TimeMissed():101|Cycle miss in event CCSICombinedCmdManager Cyclic Event. Time Overrun is 497 us[EOL]
[2026-09-22T08:30:03.348848Z][TRM_E.barcodereader][W][2330306][133]CRTCyclicEvent.cpp:TimeMissed():101|Cycle miss in event CCSICyclicRepManager. Time Overrun is 894455 us[EOL]
[2026-09-22T08:30:02.391367Z][TRM_E.newgen-tiprackmagazine][W][2330306][141]CRTCyclicEvent.cpp:TimeMissed():101|Cycle miss in event CCSICombinedRepManager. Time Overrun is 497 us[EOL]
[2026-09-22T08:30:03.352095Z][TRM_E.barcodereader][W][2330306][133]CRTCyclicEvent.cpp:TimeMissed():101|Cycle miss in event CCSICombinedCmdManager Cyclic Event. Time Overrun is 168746 us[EOL]
[2026-09-22T08:30:03.352123Z][TRM_E.barcodereader][W][2330306][133]CRTCyclicEvent.cpp:TimeMissed():101|Cycle miss in event CCSICombinedRepManager. Time Overrun is 168746 us[EOL]
[2026-09-22T08:30:02.512094Z][TRM_E.newgen-tiprackmagazine][W][2330306][141]CRTCyclicEvent.cpp:TimeMissed():101|Cycle miss in event CCSICombinedCmdManager Cyclic Event. Time Overrun is 1242 us[EOL]
[2026-09-22T08:30:02.512149Z][TRM_E.newgen-tiprackmagazine][W][2330306][141]CRTCyclicEvent.cpp:TimeMissed():101|Cycle miss in event CCSICombinedRepManager. Time Overrun is 1242 us[EOL]
[2026-09-22T08:30:02.741502Z][TRM_E.newgen-tiprackmagazine][W][2330306][141]CRTCyclicEvent.cpp:TimeMissed():101|Cycle miss in event CCSICombinedCmdManager Cyclic Event. Time Overrun is 80653 us[EOL]
[2026-09-22T08:30:03.713822Z][TRM_E.barcodereader][W][2330306][133]CRTCyclicEvent.cpp:TimeMissed():101|Cycle miss in event CCSICombinedCmdManager Cyclic Event. Time Overrun is 471 us[EOL]
[2026-09-22T08:30:02.741545Z][TRM_E.newgen-tiprackmagazine][W][2330306][141]CRTCyclicEvent.cpp:TimeMissed():101|Cycle miss in event CCSICombinedRepManager. Time Overrun is 80653 us[EOL]
[2026-09-22T08:30:03.713849Z][TRM_E.barcodereader][W][2330306][133]CRTCyclicEvent.cpp:TimeMissed():101|Cycle miss in event CCSICombinedRepManager. Time Overrun is 471 us[EOL]
[2026-09-22T08:30:02.877773Z][TRM_E.newgen-tiprackmagazine][W][2330306][141]CRTCyclicEvent.cpp:TimeMissed():101|Cycle miss in event CCSICombinedCmdManager Cyclic Event. Time Overrun is 16927 us[EOL]
[2026-09-22T08:30:02.877805Z][TRM_E.newgen-tiprackmagazine][W][2330306][141]CRTCyclicEvent.cpp:TimeMissed():101|Cycle miss in event CCSICombinedRepManager. Time Overrun is 16927 us[EOL]
[2026-09-22T08:30:03.057806Z][TRM_E.newgen-tiprackmagazine][W][2330306][141]CRTCyclicEvent.cpp:TimeMissed():101|Cycle miss in event CCSICombinedCmdManager Cyclic Event. Time Overrun is 66963 us[EOL]
[2026-09-22T08:30:03.057825Z][TRM_E.newgen-tiprackmagazine][W][2330306][141]CRTCyclicEvent.cpp:TimeMissed():101|Cycle miss in event CCSICombinedRepManager. Time Overrun is 66963 us[EOL]
[2026-09-22T08:30:03.352482Z][TRM_E.newgen-tiprackmagazine][W][2330306][141]CRTCyclicEvent.cpp:TimeMissed():101|Cycle miss in event CCSICyclicRepManager. Time Overrun is 46123 us[EOL]
[2026-09-22T08:30:03.352537Z][TRM_E.newgen-tiprackmagazine][W][2330306][141]CRTCyclicEvent.cpp:TimeMissed():101|Cycle miss in event CCSICombinedCmdManager Cyclic Event. Time Overrun is 171683 us[EOL]
[2026-09-22T08:30:03.352562Z][TRM_E.newgen-tiprackmagazine][W][2330306][141]CRTCyclicEvent.cpp:TimeMissed():101|Cycle miss in event CCSICombinedRepManager. Time Overrun is 171683 us[EOL]
[2026-09-22T08:30:03.983748Z][TRM_E.newgen-tiprackmagazine][W][2330306][141]CRTCyclicEvent.cpp:TimeMissed():101|Cycle miss in event CCSICombinedCmdManager Cyclic Event. Time Overrun is 2889 us[EOL]
[2026-09-22T08:30:03.899528Z][TRM_E.barcodereader][W][2330306][133]CRTCyclicEvent.cpp:TimeMissed():101|Cycle miss in event CCSICyclicRepManager. Time Overrun is 50981 us[EOL]
[2026-09-22T08:30:03.983847Z][TRM_E.newgen-tiprackmagazine][W][2330306][141]CRTCyclicEvent.cpp:TimeMissed():101|Cycle miss in event CCSICombinedRepManager. Time Overrun is 2889 us[EOL]
[2026-09-22T08:30:03.994688Z][TRM_E.barcodereader][W][2330306][133]CRTCyclicEvent.cpp:TimeMissed():101|Cycle miss in event CCSICombinedCmdManager Cyclic Event. Time Overrun is 1342 us[EOL]
[2026-09-22T08:30:03.994718Z][TRM_E.barcodereader][W][2330306][133]CRTCyclicEvent.cpp:TimeMissed():101|Cycle miss in event CCSICombinedRepManager. Time Overrun is 1342 us[EOL]
[2026-09-22T08:30:04.261009Z][TRM_E.newgen-tiprackmagazine][W][2330306][141]CRTCyclicEvent.cpp:TimeMissed():101|Cycle miss in event CCSICombinedCmdManager Cyclic Event. Time Overrun is 163 us[EOL]
[2026-09-22T08:30:04.261039Z][TRM_E.newgen-tiprackmagazine][W][2330306][141]CRTCyclicEvent.cpp:TimeMissed():101|Cycle miss in event CCSICombinedRepManager. Time Overrun is 163 us[EOL]
[2026-09-22T08:30:04.604304Z][TRM_E.barcodereader][W][2330306][133]CRTCyclicEvent.cpp:TimeMissed():101|Cycle miss in event CCSICombinedCmdManager Cyclic Event. Time Overrun is 960 us[EOL]
[2026-09-22T08:30:04.604329Z][TRM_E.barcodereader][W][2330306][133]CRTCyclicEvent.cpp:TimeMissed():101|Cycle miss in event CCSICombinedRepManager. Time Overrun is 960 us[EOL]
[2026-09-22T08:30:05.213637Z][TRM_E.barcodereader][W][2330306][133]CRTCyclicEvent.cpp:TimeMissed():101|Cycle miss in event CCSICombinedCmdManager Cyclic Event. Time Overrun is 290 us[EOL]
[2026-09-22T08:30:05.213662Z][TRM_E.barcodereader][W][2330306][133]CRTCyclicEvent.cpp:TimeMissed():101|Cycle miss in event CCSICombinedRepManager. Time Overrun is 290 us[EOL]
[2026-09-22T08:30:05.306206Z][TRM_E.newgen-tiprackmagazine][W][2330306][141]CRTCyclicEvent.cpp:TimeMissed():101|Cycle miss in event CCSICombinedCmdManager Cyclic Event. Time Overrun is 5358 us[EOL]
[2026-09-22T08:30:05.306236Z][TRM_E.newgen-tiprackmagazine][W][2330306][141]CRTCyclicEvent.cpp:TimeMissed():101|Cycle miss in event CCSICombinedRepManager. Time Overrun is 5358 us[EOL]
[2026-09-22T08:30:05.711583Z][TRM_E.newgen-tiprackmagazine][W][2330306][141]CRTCyclicEvent.cpp:TimeMissed():101|Cycle miss in event CCSICombinedCmdManager Cyclic Event. Time Overrun is 739 us[EOL]
[2026-09-22T08:30:05.711611Z][TRM_E.newgen-tiprackmagazine][W][2330306][141]CRTCyclicEvent.cpp:TimeMissed():101|Cycle miss in event CCSICombinedRepManager. Time Overrun is 739 us[EOL]
[2026-09-22T08:30:06.167294Z][TRM_E.barcodereader][W][2330306][133]CRTCyclicEvent.cpp:TimeMissed():101|Cycle miss in event CCSICombinedCmdManager Cyclic Event. Time Overrun is 3944 us[EOL]
[2026-09-22T08:30:06.167340Z][TRM_E.barcodereader][W][2330306][133]CRTCyclicEvent.cpp:TimeMissed():101|Cycle miss in event CCSICombinedRepManager. Time Overrun is 3944 us[EOL]
[2026-09-22T08:30:06.492082Z][TRM_E.newgen-tiprackmagazine][W][2330306][141]CRTCyclicEvent.cpp:TimeMissed():101|Cycle miss in event CCSICombinedCmdManager Cyclic Event. Time Overrun is 1236 us[EOL]
[2026-09-22T08:30:06.492115Z][TRM_E.newgen-tiprackmagazine][W][2330306][141]CRTCyclicEvent.cpp:TimeMissed():101|Cycle miss in event CCSICombinedRepManager. Time Overrun is 1236 us[EOL]
[2026-09-22T08:30:06.818351Z][TRM_E.newgen-tiprackmagazine][W][2330306][141]CRTCyclicEvent.cpp:TimeMissed():101|Cycle miss in event CCSICombinedCmdManager Cyclic Event. Time Overrun is 7503 us[EOL]
[2026-09-22T08:30:06.818393Z][TRM_E.newgen-tiprackmagazine][W][2330306][141]CRTCyclicEvent.cpp:TimeMissed():101|Cycle miss in event CCSICombinedRepManager. Time Overrun is 7503 us[EOL]
[2026-09-22T08:30:06.936124Z][TRM_E.newgen-tiprackmagazine][W][2330306][141]CRTCyclicEvent.cpp:TimeMissed():101|Cycle miss in event CCSICombinedCmdManager Cyclic Event. Time Overrun is 5275 us[EOL]
[2026-09-22T08:30:06.936162Z][TRM_E.newgen-tiprackmagazine][W][2330306][141]CRTCyclicEvent.cpp:TimeMissed():101|Cycle miss in event CCSICombinedRepManager. Time Overrun is 5275 us[EOL]
[2026-09-22T08:30:07.109459Z][TRM_E.barcodereader][W][2330306][133]CRTCyclicEvent.cpp:TimeMissed():101|Cycle miss in event CCSICombinedCmdManager Cyclic Event. Time Overrun is 6112 us[EOL]
[2026-09-22T08:30:07.109493Z][TRM_E.barcodereader][W][2330306][133]CRTCyclicEvent.cpp:TimeMissed():101|Cycle miss in event CCSICombinedRepManager. Time Overrun is 6112 us[EOL]
[2026-09-22T08:30:07.132472Z][TRM_E.newgen-tiprackmagazine][W][2330306][141]CRTCyclicEvent.cpp:TimeMissed():101|Cycle miss in event CCSICombinedCmdManager Cyclic Event. Time Overrun is 1626 us[EOL]
[2026-09-22T08:30:07.132521Z][TRM_E.newgen-tiprackmagazine][W][2330306][141]CRTCyclicEvent.cpp:TimeMissed():101|Cycle miss in event CCSICombinedRepManager. Time Overrun is 1626 us[EOL]
[2026-09-22T08:30:07.327994Z][TRM_E.barcodereader][W][2330306][133]CRTCyclicEvent.cpp:TimeMissed():101|Cycle miss in event CCSICombinedCmdManager Cyclic Event. Time Overrun is 4647 us[EOL]
[2026-09-22T08:30:07.328017Z][TRM_E.barcodereader][W][2330306][133]CRTCyclicEvent.cpp:TimeMissed():101|Cycle miss in event CCSICombinedRepManager. Time Overrun is 4647 us[EOL]
[2026-09-22T08:30:07.602620Z][TRM_E.newgen-tiprackmagazine][W][2330306][141]CRTCyclicEvent.cpp:TimeMissed():101|Cycle miss in event CCSICombinedCmdManager Cyclic Event. Time Overrun is 1773 us[EOL]
[2026-09-22T08:30:07.602670Z][TRM_E.newgen-tiprackmagazine][W][2330306][141]CRTCyclicEvent.cpp:TimeMissed():101|Cycle miss in event CCSICombinedRepManager. Time Overrun is 1773 us[EOL]
[2026-09-22T08:30:07.601814Z][TRM_E.barcodereader][W][2330306][133]CRTCyclicEvent.cpp:TimeMissed():101|Cycle miss in event CCSICombinedCmdManager Cyclic Event. Time Overrun is 8466 us[EOL]
[2026-09-22T08:30:07.601850Z][TRM_E.barcodereader][W][2330306][133]CRTCyclicEvent.cpp:TimeMissed():101|Cycle miss in event CCSICombinedRepManager. Time Overrun is 8466 us[EOL]
[2026-09-22T08:30:07.728121Z][TRM_E.newgen-tiprackmagazine][W][2330306][141]CRTCyclicEvent.cpp:TimeMissed():101|Cycle miss in event CCSICombinedCmdManager Cyclic Event. Time Overrun is 7265 us[EOL]
[2026-09-22T08:30:07.728181Z][TRM_E.newgen-tiprackmagazine][W][2330306][141]CRTCyclicEvent.cpp:TimeMissed():101|Cycle miss in event CCSICombinedRepManager. Time Overrun is 7265 us[EOL]
[2026-09-22T08:30:07.726534Z][TRM_E.barcodereader][W][2330306][133]CRTCyclicEvent.cpp:TimeMissed():101|Cycle miss in event CCSICombinedCmdManager Cyclic Event. Time Overrun is 13179 us[EOL]
[2026-09-22T08:30:07.726632Z][TRM_E.barcodereader][W][2330306][133]CRTCyclicEvent.cpp:TimeMissed():101|Cycle miss in event CCSICombinedRepManager. Time Overrun is 13179 us[EOL]
[2026-09-22T08:30:07.876502Z][TRM_E.barcodereader][W][2330306][133]CRTCyclicEvent.cpp:TimeMissed():101|Cycle miss in event CCSICombinedCmdManager Cyclic Event. Time Overrun is 3149 us[EOL]
[2026-09-22T08:30:07.876563Z][TRM_E.barcodereader][W][2330306][133]CRTCyclicEvent.cpp:TimeMissed():101|Cycle miss in event CCSICombinedRepManager. Time Overrun is 3149 us[EOL]
[2026-09-22T08:30:07.891048Z][TRM_E.newgen-tiprackmagazine][W][2330306][141]CRTCyclicEvent.cpp:TimeMissed():101|Cycle miss in event CCSICombinedCmdManager Cyclic Event. Time Overrun is 202 us[EOL]
[2026-09-22T08:30:07.891089Z][TRM_E.newgen-tiprackmagazine][W][2330306][141]CRTCyclicEvent.cpp:TimeMissed():101|Cycle miss in event CCSICombinedRepManager. Time Overrun is 202 us[EOL]
[2026-09-22T08:30:08.095966Z][TRM_E.barcodereader][W][2330306][133]CRTCyclicEvent.cpp:TimeMissed():101|Cycle miss in event CCSICombinedCmdManager Cyclic Event. Time Overrun is 2616 us[EOL]
[2026-09-22T08:30:08.096042Z][TRM_E.barcodereader][W][2330306][133]CRTCyclicEvent.cpp:TimeMissed():101|Cycle miss in event CCSICombinedRepManager. Time Overrun is 2616 us[EOL]
[2026-09-22T08:30:08.373384Z][TRM_E.newgen-tiprackmagazine][W][2330306][141]CRTCyclicEvent.cpp:TimeMissed():101|Cycle miss in event CCSICombinedCmdManager Cyclic Event. Time Overrun is 2534 us[EOL]
[2026-09-22T08:30:08.373429Z][TRM_E.newgen-tiprackmagazine][W][2330306][141]CRTCyclicEvent.cpp:TimeMissed():101|Cycle miss in event CCSICombinedRepManager. Time Overrun is 2534 us[EOL]
[2026-09-22T08:30:08.404526Z][TRM_E.barcodereader][W][2330306][133]CRTCyclicEvent.cpp:TimeMissed():101|Cycle miss in event CCSICombinedCmdManager Cyclic Event. Time Overrun is 1177 us[EOL]
[2026-09-22T08:30:08.404563Z][TRM_E.barcodereader][W][2330306][133]CRTCyclicEvent.cpp:TimeMissed():101|Cycle miss in event CCSICombinedRepManager. Time Overrun is 1177 us[EOL]
[2026-09-22T08:30:08.551417Z][TRM_E.newgen-tiprackmagazine][W][2330306][141]CRTCyclicEvent.cpp:TimeMissed():101|Cycle miss in event CCSICombinedCmdManager Cyclic Event. Time Overrun is 573 us[EOL]
[2026-09-22T08:30:08.551440Z][TRM_E.newgen-tiprackmagazine][W][2330306][141]CRTCyclicEvent.cpp:TimeMissed():101|Cycle miss in event CCSICombinedRepManager. Time Overrun is 573 us[EOL]
[2026-09-22T08:30:09.449233Z][TRM_E.newgen-tiprackmagazine][W][2330306][141]CRTCyclicEvent.cpp:TimeMissed():101|Cycle miss in event CCSICombinedCmdManager Cyclic Event. Time Overrun is 428385 us[EOL]
[2026-09-22T08:30:09.449272Z][TRM_E.newgen-tiprackmagazine][W][2330306][141]CRTCyclicEvent.cpp:TimeMissed():101|Cycle miss in event CCSICombinedRepManager. Time Overrun is 428385 us[EOL]
[2026-09-22T08:30:09.666805Z][TRM_E.newgen-tiprackmagazine][W][2330306][141]CRTCyclicEvent.cpp:TimeMissed():101|Cycle miss in event CCSICombinedCmdManager Cyclic Event. Time Overrun is 5950 us[EOL]
[2026-09-22T08:30:09.666863Z][TRM_E.newgen-tiprackmagazine][W][2330306][141]CRTCyclicEvent.cpp:TimeMissed():101|Cycle miss in event CCSICombinedRepManager. Time Overrun is 5950 us[EOL]
[2026-09-22T08:30:09.721982Z][TRM_E.barcodereader][W][2330306][133]CRTCyclicEvent.cpp:TimeMissed():101|Cycle miss in event CCSICombinedCmdManager Cyclic Event. Time Overrun is 928633 us[EOL]
[2026-09-22T08:30:09.722027Z][TRM_E.barcodereader][W][2330306][133]CRTCyclicEvent.cpp:TimeMissed():101|Cycle miss in event CCSICombinedRepManager. Time Overrun is 928633 us[EOL]
[2026-09-22T08:30:10.155182Z][TRM_E.newgen-tiprackmagazine][W][2330306][141]CRTCyclicEvent.cpp:TimeMissed():101|Cycle miss in event CCSICombinedCmdManager Cyclic Event. Time Overrun is 4338 us[EOL]
[2026-09-22T08:30:10.155216Z][TRM_E.newgen-tiprackmagazine][W][2330306][141]CRTCyclicEvent.cpp:TimeMissed():101|Cycle miss in event CCSICombinedRepManager. Time Overrun is 4338 us[EOL]
[2026-09-22T08:30:10.171929Z][TRM_E.barcodereader][W][2330306][133]CRTCyclicEvent.cpp:TimeMissed():101|Cycle miss in event CCSICombinedCmdManager Cyclic Event. Time Overrun is 338582 us[EOL]
[2026-09-22T08:30:10.171988Z][TRM_E.barcodereader][W][2330306][133]CRTCyclicEvent.cpp:TimeMissed():101|Cycle miss in event CCSICombinedRepManager. Time Overrun is 338582 us[EOL]
[2026-09-22T08:30:10.640903Z][TRM_E.newgen-tiprackmagazine][W][2330306][141]CRTCyclicEvent.cpp:TimeMissed():101|Cycle miss in event CCSICombinedCmdManager Cyclic Event. Time Overrun is 51 us[EOL]
[2026-09-22T08:30:10.640965Z][TRM_E.newgen-tiprackmagazine][W][2330306][141]CRTCyclicEvent.cpp:TimeMissed():101|Cycle miss in event CCSICombinedRepManager. Time Overrun is 51 us[EOL]
[2026-09-22T08:30:11.547188Z][TRM_E.barcodereader][W][2330306][133]CRTCyclicEvent.cpp:TimeMissed():101|Cycle miss in event CCSICombinedCmdManager Cyclic Event. Time Overrun is 3842 us[EOL]
[2026-09-22T08:30:11.547222Z][TRM_E.barcodereader][W][2330306][133]CRTCyclicEvent.cpp:TimeMissed():101|Cycle miss in event CCSICombinedRepManager. Time Overrun is 3842 us[EOL]
[2026-09-22T08:30:11.590063Z][TRM_E.newgen-tiprackmagazine][W][2330306][141]CRTCyclicEvent.cpp:TimeMissed():101|Cycle miss in event CCSICombinedCmdManager Cyclic Event. Time Overrun is 9215 us[EOL]
[2026-09-22T08:30:11.590141Z][TRM_E.newgen-tiprackmagazine][W][2330306][141]CRTCyclicEvent.cpp:TimeMissed():101|Cycle miss in event CCSICombinedRepManager. Time Overrun is 9215 us[EOL]
[2026-09-22T08:30:11.767335Z][TRM_E.barcodereader][W][2330306][133]CRTCyclicEvent.cpp:TimeMissed():101|Cycle miss in event CCSICombinedCmdManager Cyclic Event. Time Overrun is 3985 us[EOL]
[2026-09-22T08:30:11.767375Z][TRM_E.barcodereader][W][2330306][133]CRTCyclicEvent.cpp:TimeMissed():101|Cycle miss in event CCSICombinedRepManager. Time Overrun is 3985 us[EOL]
[2026-09-22T08:30:11.892553Z][TRM_E.newgen-tiprackmagazine][W][2330306][141]CRTCyclicEvent.cpp:TimeMissed():101|Cycle miss in event CCSICombinedCmdManager Cyclic Event. Time Overrun is 1705 us[EOL]
[2026-09-22T08:30:11.892592Z][TRM_E.newgen-tiprackmagazine][W][2330306][141]CRTCyclicEvent.cpp:TimeMissed():101|Cycle miss in event CCSICombinedRepManager. Time Overrun is 1705 us[EOL]
[2026-09-22T08:30:12.808948Z][TRM_E.newgen-tiprackmagazine][W][2330306][141]CRTCyclicEvent.cpp:TimeMissed():101|Cycle miss in event CCSICyclicRepManager. Time Overrun is 302598 us[EOL]
[2026-09-22T08:30:13.144631Z][TRM_E.barcodereader][W][2330306][133]CRTCyclicEvent.cpp:TimeMissed():101|Cycle miss in event CCSICombinedCmdManager Cyclic Event. Time Overrun is 1277 us[EOL]
[2026-09-22T08:30:13.144766Z][TRM_E.barcodereader][W][2330306][133]CRTCyclicEvent.cpp:TimeMissed():101|Cycle miss in event CCSICombinedRepManager. Time Overrun is 1277 us[EOL]
[2026-09-22T08:30:14.093140Z][TRM_E.newgen-tiprackmagazine][W][2330306][141]CRTCyclicEvent.cpp:TimeMissed():101|Cycle miss in event CCSICombinedCmdManager Cyclic Event. Time Overrun is 2292 us[EOL]
[2026-09-22T08:30:14.093198Z][TRM_E.newgen-tiprackmagazine][W][2330306][141]CRTCyclicEvent.cpp:TimeMissed():101|Cycle miss in event CCSICombinedRepManager. Time Overrun is 2292 us[EOL]
[2026-09-22T08:30:14.240987Z][TRM_E.newgen-tiprackmagazine][W][2330306][141]CRTCyclicEvent.cpp:TimeMissed():101|Cycle miss in event CCSICombinedCmdManager Cyclic Event. Time Overrun is 139 us[EOL]
[2026-09-22T08:30:14.241027Z][TRM_E.newgen-tiprackmagazine][W][2330306][141]CRTCyclicEvent.cpp:TimeMissed():101|Cycle miss in event CCSICombinedRepManager. Time Overrun is 139 us[EOL]
[2026-09-22T08:30:15.007750Z][TRM_E.barcodereader][W][2330306][133]CRTCyclicEvent.cpp:TimeMissed():101|Cycle miss in event CCSICombinedCmdManager Cyclic Event. Time Overrun is 894401 us[EOL]
[2026-09-22T08:30:15.007776Z][TRM_E.barcodereader][W][2330306][133]CRTCyclicEvent.cpp:TimeMissed():101|Cycle miss in event CCSICombinedRepManager. Time Overrun is 894401 us[EOL]
[2026-09-22T08:30:15.123524Z][TRM_E.barcodereader][W][2330306][133]CRTCyclicEvent.cpp:TimeMissed():101|Cycle miss in event CCSICombinedCmdManager Cyclic Event. Time Overrun is 162 us[EOL]
[2026-09-22T08:30:15.123567Z][TRM_E.barcodereader][W][2330306][133]CRTCyclicEvent.cpp:TimeMissed():101|Cycle miss in event CCSICombinedRepManager. Time Overrun is 162 us[EOL]
[2026-09-22T08:30:15.148046Z][TRM_E.newgen-tiprackmagazine][W][2330306][141]CRTCyclicEvent.cpp:TimeMissed():101|Cycle miss in event CCSICombinedCmdManager Cyclic Event. Time Overrun is 7201 us[EOL]
[2026-09-22T08:30:15.148086Z][TRM_E.newgen-tiprackmagazine][W][2330306][141]CRTCyclicEvent.cpp:TimeMissed():101|Cycle miss in event CCSICombinedRepManager. Time Overrun is 7201 us[EOL]
[2026-09-22T08:30:15.253797Z][TRM_E.barcodereader][W][2330306][133]CRTCyclicEvent.cpp:TimeMissed():101|Cycle miss in event CCSICombinedCmdManager Cyclic Event. Time Overrun is 451 us[EOL]
[2026-09-22T08:30:15.253844Z][TRM_E.barcodereader][W][2330306][133]CRTCyclicEvent.cpp:TimeMissed():101|Cycle miss in event CCSICombinedRepManager. Time Overrun is 451 us[EOL]
[2026-09-22T08:30:15.281805Z][TRM_E.newgen-tiprackmagazine][W][2330306][141]CRTCyclicEvent.cpp:TimeMissed():101|Cycle miss in event CCSICombinedCmdManager Cyclic Event. Time Overrun is 961 us[EOL]
[2026-09-22T08:30:15.281836Z][TRM_E.newgen-tiprackmagazine][W][2330306][141]CRTCyclicEvent.cpp:TimeMissed():101|Cycle miss in event CCSICombinedRepManager. Time Overrun is 961 us[EOL]
[2026-09-22T08:30:17.483250Z][TRM_E.newgen-tiprackmagazine][W][2330306][141]CRTCyclicEvent.cpp:TimeMissed():101|Cycle miss in event CCSICombinedCmdManager Cyclic Event. Time Overrun is 2402 us[EOL]
[2026-09-22T08:30:17.483336Z][TRM_E.newgen-tiprackmagazine][W][2330306][141]CRTCyclicEvent.cpp:TimeMissed():101|Cycle miss in event CCSICombinedRepManager. Time Overrun is 2402 us[EOL]
[2026-09-22T08:30:17.483345Z][TRM_E.barcodereader][W][2330306][133]CRTCyclicEvent.cpp:TimeMissed():101|Cycle miss in event CCSICombinedCmdManager Cyclic Event. Time Overrun is 0 us[EOL]
[2026-09-22T08:30:17.483371Z][TRM_E.barcodereader][W][2330306][133]CRTCyclicEvent.cpp:TimeMissed():101|Cycle miss in event CCSICombinedRepManager. Time Overrun is 0 us[EOL]
[2026-09-22T08:30:17.724676Z][TRM_E.barcodereader][W][2330306][133]CRTCyclicEvent.cpp:TimeMissed():101|Cycle miss in event CCSICombinedCmdManager Cyclic Event. Time Overrun is 1325 us[EOL]
[2026-09-22T08:30:17.724719Z][TRM_E.barcodereader][W][2330306][133]CRTCyclicEvent.cpp:TimeMissed():101|Cycle miss in event CCSICombinedRepManager. Time Overrun is 1325 us[EOL]
[2026-09-22T08:30:19.037753Z][TRM_E.newgen-tiprackmagazine][W][2330306][141]CRTCyclicEvent.cpp:TimeMissed():101|Cycle miss in event CCSICombinedCmdManager Cyclic Event. Time Overrun is 6893 us[EOL]
[2026-09-22T08:30:19.037795Z][TRM_E.newgen-tiprackmagazine][W][2330306][141]CRTCyclicEvent.cpp:TimeMissed():101|Cycle miss in event CCSICombinedRepManager. Time Overrun is 6893 us[EOL]
[2026-09-22T08:30:19.037116Z][TRM_E.barcodereader][W][2330306][133]CRTCyclicEvent.cpp:TimeMissed():101|Cycle miss in event CCSICombinedCmdManager Cyclic Event. Time Overrun is 13766 us[EOL]
[2026-09-22T08:30:19.037154Z][TRM_E.barcodereader][W][2330306][133]CRTCyclicEvent.cpp:TimeMissed():101|Cycle miss in event CCSICombinedRepManager. Time Overrun is 13766 us[EOL]
[2026-09-22T08:30:19.157370Z][TRM_E.barcodereader][W][2330306][133]CRTCyclicEvent.cpp:TimeMissed():101|Cycle miss in event CCSICombinedCmdManager Cyclic Event. Time Overrun is 4018 us[EOL]
[2026-09-22T08:30:19.157486Z][TRM_E.barcodereader][W][2330306][133]CRTCyclicEvent.cpp:TimeMissed():101|Cycle miss in event CCSICombinedRepManager. Time Overrun is 4018 us[EOL]
[2026-09-22T08:30:19.307019Z][TRM_E.newgen-tiprackmagazine][W][2330306][141]CRTCyclicEvent.cpp:TimeMissed():101|Cycle miss in event CCSICombinedCmdManager Cyclic Event. Time Overrun is 16167 us[EOL]
[2026-09-22T08:30:19.307059Z][TRM_E.newgen-tiprackmagazine][W][2330306][141]CRTCyclicEvent.cpp:TimeMissed():101|Cycle miss in event CCSICombinedRepManager. Time Overrun is 16167 us[EOL]
[2026-09-22T08:30:19.406452Z][TRM_E.barcodereader][W][2330306][133]CRTCyclicEvent.cpp:TimeMissed():101|Cycle miss in event CCSICombinedCmdManager Cyclic Event. Time Overrun is 93105 us[EOL]
[2026-09-22T08:30:19.406527Z][TRM_E.barcodereader][W][2330306][133]CRTCyclicEvent.cpp:TimeMissed():101|Cycle miss in event CCSICombinedRepManager. Time Overrun is 93105 us[EOL]
[2026-09-22T08:30:19.619226Z][TRM_E.barcodereader][W][2330306][133]CRTCyclicEvent.cpp:TimeMissed():101|Cycle miss in event CCSICombinedCmdManager Cyclic Event. Time Overrun is 95874 us[EOL]
[2026-09-22T08:30:19.619279Z][TRM_E.barcodereader][W][2330306][133]CRTCyclicEvent.cpp:TimeMissed():101|Cycle miss in event CCSICombinedRepManager. Time Overrun is 95874 us[EOL]
[2026-09-22T08:30:19.835993Z][TRM_E.newgen-tiprackmagazine][W][2330306][141]CRTCyclicEvent.cpp:TimeMissed():101|Cycle miss in event CCSICombinedCmdManager Cyclic Event. Time Overrun is 5144 us[EOL]
[2026-09-22T08:30:19.836029Z][TRM_E.newgen-tiprackmagazine][W][2330306][141]CRTCyclicEvent.cpp:TimeMissed():101|Cycle miss in event CCSICombinedRepManager. Time Overrun is 5144 us[EOL]
[2026-09-22T08:30:20.189453Z][TRM_E.newgen-tiprackmagazine][W][2330306][141]CRTCyclicEvent.cpp:TimeMissed():101|Cycle miss in event CCSICombinedCmdManager Cyclic Event. Time Overrun is 88608 us[EOL]
[2026-09-22T08:30:20.189425Z][TRM_E.barcodereader][W][2330306][133]CRTCyclicEvent.cpp:TimeMissed():101|Cycle miss in event CCSICombinedCmdManager Cyclic Event. Time Overrun is 86075 us[EOL]
[2026-09-22T08:30:20.189456Z][TRM_E.barcodereader][W][2330306][133]CRTCyclicEvent.cpp:TimeMissed():101|Cycle miss in event CCSICombinedRepManager. Time Overrun is 86075 us[EOL]
[2026-09-22T08:30:20.189496Z][TRM_E.newgen-tiprackmagazine][W][2330306][141]CRTCyclicEvent.cpp:TimeMissed():101|Cycle miss in event CCSICombinedRepManager. Time Overrun is 88608 us[EOL]
[2026-09-22T08:30:20.316932Z][TRM_E.barcodereader][W][2330306][133]CRTCyclicEvent.cpp:TimeMissed():101|Cycle miss in event CCSICombinedCmdManager Cyclic Event. Time Overrun is 3580 us[EOL]
[2026-09-22T08:30:20.316971Z][TRM_E.barcodereader][W][2330306][133]CRTCyclicEvent.cpp:TimeMissed():101|Cycle miss in event CCSICombinedRepManager. Time Overrun is 3580 us[EOL]
[2026-09-22T08:30:20.545584Z][TRM_E.barcodereader][W][2330306][133]CRTCyclicEvent.cpp:TimeMissed():101|Cycle miss in event CCSICombinedCmdManager Cyclic Event. Time Overrun is 2230 us[EOL]
[2026-09-22T08:30:20.545646Z][TRM_E.barcodereader][W][2330306][133]CRTCyclicEvent.cpp:TimeMissed():101|Cycle miss in event CCSICombinedRepManager. Time Overrun is 2230 us[EOL]
[2026-09-22T08:30:21.093563Z][TRM_E.newgen-tiprackmagazine][W][2330306][141]CRTCyclicEvent.cpp:TimeMissed():101|Cycle miss in event CCSICombinedCmdManager Cyclic Event. Time Overrun is 2720 us[EOL]
[2026-09-22T08:30:21.093590Z][TRM_E.newgen-tiprackmagazine][W][2330306][141]CRTCyclicEvent.cpp:TimeMissed():101|Cycle miss in event CCSICombinedRepManager. Time Overrun is 2720 us[EOL]
[2026-09-22T08:30:21.296732Z][TRM_E.newgen-tiprackmagazine][W][2330306][141]CRTCyclicEvent.cpp:TimeMissed():101|Cycle miss in event CCSICombinedCmdManager Cyclic Event. Time Overrun is 15883 us[EOL]
[2026-09-22T08:30:21.296793Z][TRM_E.newgen-tiprackmagazine][W][2330306][141]CRTCyclicEvent.cpp:TimeMissed():101|Cycle miss in event CCSICombinedRepManager. Time Overrun is 15883 us[EOL]
[2026-09-22T08:30:22.080917Z][TRM_E.newgen-tiprackmagazine][W][2330306][141]CRTCyclicEvent.cpp:TimeMissed():101|Cycle miss in event CCSICombinedCmdManager Cyclic Event. Time Overrun is 72 us[EOL]
[2026-09-22T08:30:22.080946Z][TRM_E.newgen-tiprackmagazine][W][2330306][141]CRTCyclicEvent.cpp:TimeMissed():101|Cycle miss in event CCSICombinedRepManager. Time Overrun is 72 us[EOL]
[2026-09-22T08:30:22.293223Z][TRM_E.newgen-tiprackmagazine][W][2330306][141]CRTCyclicEvent.cpp:TimeMissed():101|Cycle miss in event CCSICombinedCmdManager Cyclic Event. Time Overrun is 2372 us[EOL]
[2026-09-22T08:30:22.293268Z][TRM_E.newgen-tiprackmagazine][W][2330306][141]CRTCyclicEvent.cpp:TimeMissed():101|Cycle miss in event CCSICombinedRepManager. Time Overrun is 2372 us[EOL]
[2026-09-22T08:30:23.592085Z][TRM_E.newgen-tiprackmagazine][W][2330306][141]CRTCyclicEvent.cpp:TimeMissed():101|Cycle miss in event CCSICombinedCmdManager Cyclic Event. Time Overrun is 1240 us[EOL]
[2026-09-22T08:30:23.592122Z][TRM_E.newgen-tiprackmagazine][W][2330306][141]CRTCyclicEvent.cpp:TimeMissed():101|Cycle miss in event CCSICombinedRepManager. Time Overrun is 1240 us[EOL]
[2026-09-22T08:30:23.762143Z][TRM_E.newgen-tiprackmagazine][W][2330306][141]CRTCyclicEvent.cpp:TimeMissed():101|Cycle miss in event CCSICombinedCmdManager Cyclic Event. Time Overrun is 1293 us[EOL]
[2026-09-22T08:30:23.762181Z][TRM_E.newgen-tiprackmagazine][W][2330306][141]CRTCyclicEvent.cpp:TimeMissed():101|Cycle miss in event CCSICombinedRepManager. Time Overrun is 1293 us[EOL]
[2026-09-22T08:30:23.882600Z][TRM_E.newgen-tiprackmagazine][W][2330306][141]CRTCyclicEvent.cpp:TimeMissed():101|Cycle miss in event CCSICombinedCmdManager Cyclic Event. Time Overrun is 1753 us[EOL]
[2026-09-22T08:30:23.882633Z][TRM_E.newgen-tiprackmagazine][W][2330306][141]CRTCyclicEvent.cpp:TimeMissed():101|Cycle miss in event CCSICombinedRepManager. Time Overrun is 1753 us[EOL]
[2026-09-22T08:30:24.264237Z][TRM_E.barcodereader][W][2330306][133]CRTCyclicEvent.cpp:TimeMissed():101|Cycle miss in event CCSICombinedCmdManager Cyclic Event. Time Overrun is 886 us[EOL]
[2026-09-22T08:30:24.264286Z][TRM_E.barcodereader][W][2330306][133]CRTCyclicEvent.cpp:TimeMissed():101|Cycle miss in event CCSICombinedRepManager. Time Overrun is 886 us[EOL]
[2026-09-22T08:30:24.264130Z][TRM_E.newgen-tiprackmagazine][W][2330306][141]CRTCyclicEvent.cpp:TimeMissed():101|Cycle miss in event CCSICombinedCmdManager Cyclic Event. Time Overrun is 3287 us[EOL]
[2026-09-22T08:30:24.264158Z][TRM_E.newgen-tiprackmagazine][W][2330306][141]CRTCyclicEvent.cpp:TimeMissed():101|Cycle miss in event CCSICombinedRepManager. Time Overrun is 3287 us[EOL]
[2026-09-22T08:30:24.423445Z][TRM_E.newgen-tiprackmagazine][W][2330306][141]CRTCyclicEvent.cpp:TimeMissed():101|Cycle miss in event CCSICombinedCmdManager Cyclic Event. Time Overrun is 2599 us[EOL]
[2026-09-22T08:30:24.423477Z][TRM_E.newgen-tiprackmagazine][W][2330306][141]CRTCyclicEvent.cpp:TimeMissed():101|Cycle miss in event CCSICombinedRepManager. Time Overrun is 2599 us[EOL]
[2026-09-22T08:30:24.437790Z][TRM_E.barcodereader][W][2330306][133]CRTCyclicEvent.cpp:TimeMissed():101|Cycle miss in event CCSICombinedCmdManager Cyclic Event. Time Overrun is 14444 us[EOL]
[2026-09-22T08:30:24.437808Z][TRM_E.barcodereader][W][2330306][133]CRTCyclicEvent.cpp:TimeMissed():101|Cycle miss in event CCSICombinedRepManager. Time Overrun is 14444 us[EOL]
[2026-09-22T08:30:24.563507Z][TRM_E.barcodereader][W][2330306][133]CRTCyclicEvent.cpp:TimeMissed():101|Cycle miss in event CCSICombinedCmdManager Cyclic Event. Time Overrun is 10155 us[EOL]
[2026-09-22T08:30:24.563546Z][TRM_E.barcodereader][W][2330306][133]CRTCyclicEvent.cpp:TimeMissed():101|Cycle miss in event CCSICombinedRepManager. Time Overrun is 10155 us[EOL]
[2026-09-22T08:30:26.563866Z][TRM_E.barcodereader][W][2330306][133]CRTCyclicEvent.cpp:TimeMissed():101|Cycle miss in event CCSICombinedCmdManager Cyclic Event. Time Overrun is 120518 us[EOL]
[2026-09-22T08:30:26.563897Z][TRM_E.barcodereader][W][2330306][133]CRTCyclicEvent.cpp:TimeMissed():101|Cycle miss in event CCSICombinedRepManager. Time Overrun is 120518 us[EOL]
[2026-09-22T08:30:26.564035Z][TRM_E.barcodereader][W][2330306][133]CRTCyclicEvent.cpp:TimeMissed():101|Cycle miss in event CCSICyclicRepManager. Time Overrun is 15489 us[EOL]
[2026-09-22T08:30:26.704289Z][TRM_E.newgen-tiprackmagazine][W][2330306][141]CRTCyclicEvent.cpp:TimeMissed():101|Cycle miss in event CCSICombinedCmdManager Cyclic Event. Time Overrun is 253443 us[EOL]
[2026-09-22T08:30:26.704320Z][TRM_E.newgen-tiprackmagazine][W][2330306][141]CRTCyclicEvent.cpp:TimeMissed():101|Cycle miss in event CCSICombinedRepManager. Time Overrun is 253443 us[EOL]
[2026-09-22T08:30:27.655799Z][TRM_E.barcodereader][W][2330306][133]CRTCyclicEvent.cpp:TimeMissed():101|Cycle miss in event CCSICombinedCmdManager Cyclic Event. Time Overrun is 2446 us[EOL]
[2026-09-22T08:30:27.655845Z][TRM_E.barcodereader][W][2330306][133]CRTCyclicEvent.cpp:TimeMissed():101|Cycle miss in event CCSICombinedRepManager. Time Overrun is 2446 us[EOL]
[2026-09-22T08:30:28.002094Z][TRM_E.newgen-tiprackmagazine][W][2330306][141]CRTCyclicEvent.cpp:TimeMissed():101|Cycle miss in event CCSICombinedCmdManager Cyclic Event. Time Overrun is 1242 us[EOL]
[2026-09-22T08:30:28.002140Z][TRM_E.newgen-tiprackmagazine][W][2330306][141]CRTCyclicEvent.cpp:TimeMissed():101|Cycle miss in event CCSICombinedRepManager. Time Overrun is 1242 us[EOL]
[2026-09-22T08:30:28.131668Z][TRM_E.newgen-tiprackmagazine][W][2330306][141]CRTCyclicEvent.cpp:TimeMissed():101|Cycle miss in event CCSICombinedCmdManager Cyclic Event. Time Overrun is 10818 us[EOL]
[2026-09-22T08:30:28.131711Z][TRM_E.newgen-tiprackmagazine][W][2330306][141]CRTCyclicEvent.cpp:TimeMissed():101|Cycle miss in event CCSICombinedRepManager. Time Overrun is 10818 us[EOL]
[2026-09-22T08:30:28.714469Z][TRM_E.barcodereader][W][2330306][133]CRTCyclicEvent.cpp:TimeMissed():101|Cycle miss in event CCSICombinedCmdManager Cyclic Event. Time Overrun is 1123 us[EOL]
[2026-09-22T08:30:28.714507Z][TRM_E.barcodereader][W][2330306][133]CRTCyclicEvent.cpp:TimeMissed():101|Cycle miss in event CCSICombinedRepManager. Time Overrun is 1123 us[EOL]
[2026-09-22T08:30:28.747166Z][TRM_E.newgen-tiprackmagazine][I][2560016][141]IMessageHandler.h:operator()():40|Received RabbitMqMessage Roche.MolLab.InstrumentState.Ping. Content: {"Timestamp":"2026-09-22T08:30:28.7035206Z","PingId":"IS1"}[EOL]
[2026-09-22T08:30:28.747219Z][TRM_E.newgen-tiprackmagazine][I][844444436][141]UnitCommunicator.cpp:SendEvent():424|Publishing event: type=Roche.c68_8800.TipRackMagazine.E.Echo correlation_id=(n/a)[EOL]
[2026-09-22T08:30:28.747379Z][TRM_E.newgen-tiprackmagazine][I][2560017][141]MessageSender.h:SendEvent():105|Sent RabbitMqEvent Roche.c68_8800.TipRackMagazine.E.Echo. Content: {"Timestamp":"2026-09-22T08:30:28.747213Z","MagazineId":"E","PingId":"IS1"}[EOL]
[2026-09-22T08:30:28.875791Z][TRM_E.barcodereader][W][2330306][133]CRTCyclicEvent.cpp:TimeMissed():101|Cycle miss in event CCSICombinedCmdManager Cyclic Event. Time Overrun is 2435 us[EOL]
[2026-09-22T08:30:28.875862Z][TRM_E.barcodereader][W][2330306][133]CRTCyclicEvent.cpp:TimeMissed():101|Cycle miss in event CCSICombinedRepManager. Time Overrun is 2435 us[EOL]
[2026-09-22T08:30:29.515236Z][TRM_E.newgen-tiprackmagazine][W][2330306][141]CRTCyclicEvent.cpp:TimeMissed():101|Cycle miss in event CCSICombinedCmdManager Cyclic Event. Time Overrun is 184390 us[EOL]
[2026-09-22T08:30:29.515270Z][TRM_E.newgen-tiprackmagazine][W][2330306][141]CRTCyclicEvent.cpp:TimeMissed():101|Cycle miss in event CCSICombinedRepManager. Time Overrun is 184390 us[EOL]
[2026-09-22T08:30:29.587831Z][TRM_E.barcodereader][W][2330306][133]CRTCyclicEvent.cpp:TimeMissed():101|Cycle miss in event CCSICombinedCmdManager Cyclic Event. Time Overrun is 4486 us[EOL]
[2026-09-22T08:30:29.587856Z][TRM_E.barcodereader][W][2330306][133]CRTCyclicEvent.cpp:TimeMissed():101|Cycle miss in event CCSICombinedRepManager. Time Overrun is 4486 us[EOL]
[2026-09-22T08:30:29.746510Z][TRM_E.barcodereader][W][2330306][133]CRTCyclicEvent.cpp:TimeMissed():101|Cycle miss in event CCSICombinedCmdManager Cyclic Event. Time Overrun is 43159 us[EOL]
[2026-09-22T08:30:29.746559Z][TRM_E.barcodereader][W][2330306][133]CRTCyclicEvent.cpp:TimeMissed():101|Cycle miss in event CCSICombinedRepManager. Time Overrun is 43159 us[EOL]
[2026-09-22T08:30:29.828907Z][TRM_E.newgen-tiprackmagazine][W][2330306][141]CRTCyclicEvent.cpp:TimeMissed():101|Cycle miss in event CCSICombinedCmdManager Cyclic Event. Time Overrun is 68058 us[EOL]
[2026-09-22T08:30:29.828948Z][TRM_E.newgen-tiprackmagazine][W][2330306][141]CRTCyclicEvent.cpp:TimeMissed():101|Cycle miss in event CCSICombinedRepManager. Time Overrun is 68058 us[EOL]
[2026-09-22T08:30:29.892566Z][TRM_E.barcodereader][W][2330306][133]CRTCyclicEvent.cpp:TimeMissed():101|Cycle miss in event CCSICombinedCmdManager Cyclic Event. Time Overrun is 29215 us[EOL]
[2026-09-22T08:30:29.892636Z][TRM_E.barcodereader][W][2330306][133]CRTCyclicEvent.cpp:TimeMissed():101|Cycle miss in event CCSICombinedRepManager. Time Overrun is 29215 us[EOL]
[2026-09-22T08:30:30.143631Z][TRM_E.newgen-tiprackmagazine][W][2330306][141]CRTCyclicEvent.cpp:TimeMissed():101|Cycle miss in event CCSICombinedCmdManager Cyclic Event. Time Overrun is 12786 us[EOL]
[2026-09-22T08:30:30.143656Z][TRM_E.newgen-tiprackmagazine][W][2330306][141]CRTCyclicEvent.cpp:TimeMissed():101|Cycle miss in event CCSICombinedRepManager. Time Overrun is 12786 us[EOL]
[2026-09-22T08:30:30.043501Z][TRM_E.barcodereader][W][2330306][133]CRTCyclicEvent.cpp:TimeMissed():101|Cycle miss in event CCSICombinedCmdManager Cyclic Event. Time Overrun is 40150 us[EOL]
[2026-09-22T08:30:30.321058Z][TRM_E.newgen-tiprackmagazine][W][2330306][141]CRTCyclicEvent.cpp:TimeMissed():101|Cycle miss in event CCSICombinedCmdManager Cyclic Event. Time Overrun is 60211 us[EOL]
[2026-09-22T08:30:30.043754Z][TRM_E.barcodereader][W][2330306][133]CRTCyclicEvent.cpp:TimeMissed():101|Cycle miss in event CCSICombinedRepManager. Time Overrun is 40150 us[EOL]
[2026-09-22T08:30:30.321098Z][TRM_E.newgen-tiprackmagazine][W][2330306][141]CRTCyclicEvent.cpp:TimeMissed():101|Cycle miss in event CCSICombinedRepManager. Time Overrun is 60211 us[EOL]
[2026-09-22T08:30:30.321474Z][TRM_E.barcodereader][W][2330306][133]CRTCyclicEvent.cpp:TimeMissed():101|Cycle miss in event CCSICombinedCmdManager Cyclic Event. Time Overrun is 58124 us[EOL]
[2026-09-22T08:30:30.321509Z][TRM_E.barcodereader][W][2330306][133]CRTCyclicEvent.cpp:TimeMissed():101|Cycle miss in event CCSICombinedRepManager. Time Overrun is 58124 us[EOL]
[2026-09-22T08:30:30.520873Z][TRM_E.newgen-tiprackmagazine][W][2330306][141]CRTCyclicEvent.cpp:TimeMissed():101|Cycle miss in event CCSICombinedCmdManager Cyclic Event. Time Overrun is 80017 us[EOL]
[2026-09-22T08:30:30.520931Z][TRM_E.newgen-tiprackmagazine][W][2330306][141]CRTCyclicEvent.cpp:TimeMissed():101|Cycle miss in event CCSICombinedRepManager. Time Overrun is 80017 us[EOL]
[2026-09-22T08:30:30.521064Z][TRM_E.barcodereader][W][2330306][133]CRTCyclicEvent.cpp:TimeMissed():101|Cycle miss in event CCSICombinedCmdManager Cyclic Event. Time Overrun is 77714 us[EOL]
[2026-09-22T08:30:30.521116Z][TRM_E.barcodereader][W][2330306][133]CRTCyclicEvent.cpp:TimeMissed():101|Cycle miss in event CCSICombinedRepManager. Time Overrun is 77714 us[EOL]
[2026-09-22T08:30:30.731322Z][TRM_E.barcodereader][W][2330306][133]CRTCyclicEvent.cpp:TimeMissed():101|Cycle miss in event CCSICombinedCmdManager Cyclic Event. Time Overrun is 97974 us[EOL]
[2026-09-22T08:30:30.731365Z][TRM_E.barcodereader][W][2330306][133]CRTCyclicEvent.cpp:TimeMissed():101|Cycle miss in event CCSICombinedRepManager. Time Overrun is 97974 us[EOL]
[2026-09-22T08:30:30.730874Z][TRM_E.newgen-tiprackmagazine][W][2330306][141]CRTCyclicEvent.cpp:TimeMissed():101|Cycle miss in event CCSICyclicRepManager. Time Overrun is 24517 us[EOL]
[2026-09-22T08:30:30.732338Z][TRM_E.newgen-tiprackmagazine][W][2330306][141]CRTCyclicEvent.cpp:TimeMissed():101|Cycle miss in event CCSICombinedCmdManager Cyclic Event. Time Overrun is 91491 us[EOL]
[2026-09-22T08:30:30.732370Z][TRM_E.newgen-tiprackmagazine][W][2330306][141]CRTCyclicEvent.cpp:TimeMissed():101|Cycle miss in event CCSICombinedRepManager. Time Overrun is 91491 us[EOL]
[2026-09-22T08:30:30.922755Z][TRM_E.newgen-tiprackmagazine][W][2330306][141]CRTCyclicEvent.cpp:TimeMissed():101|Cycle miss in event CCSICombinedCmdManager Cyclic Event. Time Overrun is 61908 us[EOL]
[2026-09-22T08:30:30.922801Z][TRM_E.newgen-tiprackmagazine][W][2330306][141]CRTCyclicEvent.cpp:TimeMissed():101|Cycle miss in event CCSICombinedRepManager. Time Overrun is 61908 us[EOL]
[2026-09-22T08:30:30.921243Z][TRM_E.barcodereader][W][2330306][133]CRTCyclicEvent.cpp:TimeMissed():101|Cycle miss in event CCSICombinedCmdManager Cyclic Event. Time Overrun is 57894 us[EOL]
[2026-09-22T08:30:30.921290Z][TRM_E.barcodereader][W][2330306][133]CRTCyclicEvent.cpp:TimeMissed():101|Cycle miss in event CCSICombinedRepManager. Time Overrun is 57894 us[EOL]
[2026-09-22T08:30:31.036206Z][TRM_E.barcodereader][W][2330306][133]CRTCyclicEvent.cpp:TimeMissed():101|Cycle miss in event CCSICombinedCmdManager Cyclic Event. Time Overrun is 2855 us[EOL]
[2026-09-22T08:30:31.036240Z][TRM_E.barcodereader][W][2330306][133]CRTCyclicEvent.cpp:TimeMissed():101|Cycle miss in event CCSICombinedRepManager. Time Overrun is 2855 us[EOL]
[2026-09-22T08:30:31.135076Z][TRM_E.newgen-tiprackmagazine][W][2330306][141]CRTCyclicEvent.cpp:TimeMissed():101|Cycle miss in event CCSICombinedCmdManager Cyclic Event. Time Overrun is 64228 us[EOL]
[2026-09-22T08:30:31.135124Z][TRM_E.newgen-tiprackmagazine][W][2330306][141]CRTCyclicEvent.cpp:TimeMissed():101|Cycle miss in event CCSICombinedRepManager. Time Overrun is 64228 us[EOL]
[2026-09-22T08:30:31.335846Z][TRM_E.barcodereader][W][2330306][133]CRTCyclicEvent.cpp:TimeMissed():101|Cycle miss in event CCSICombinedCmdManager Cyclic Event. Time Overrun is 182496 us[EOL]
[2026-09-22T08:30:31.338062Z][TRM_E.newgen-tiprackmagazine][W][2330306][141]CRTCyclicEvent.cpp:TimeMissed():101|Cycle miss in event CCSICombinedCmdManager Cyclic Event. Time Overrun is 57212 us[EOL]
[2026-09-22T08:30:31.335889Z][TRM_E.barcodereader][W][2330306][133]CRTCyclicEvent.cpp:TimeMissed():101|Cycle miss in event CCSICombinedRepManager. Time Overrun is 182496 us[EOL]
[2026-09-22T08:30:31.338116Z][TRM_E.newgen-tiprackmagazine][W][2330306][141]CRTCyclicEvent.cpp:TimeMissed():101|Cycle miss in event CCSICombinedRepManager. Time Overrun is 57212 us[EOL]
[2026-09-22T08:30:31.571145Z][TRM_E.newgen-tiprackmagazine][W][2330306][141]CRTCyclicEvent.cpp:TimeMissed():101|Cycle miss in event CCSICombinedCmdManager Cyclic Event. Time Overrun is 100298 us[EOL]
[2026-09-22T08:30:31.571190Z][TRM_E.newgen-tiprackmagazine][W][2330306][141]CRTCyclicEvent.cpp:TimeMissed():101|Cycle miss in event CCSICombinedRepManager. Time Overrun is 100298 us[EOL]
[2026-09-22T08:30:31.822617Z][TRM_E.newgen-tiprackmagazine][W][2330306][141]CRTCyclicEvent.cpp:TimeMissed():101|Cycle miss in event CCSICombinedCmdManager Cyclic Event. Time Overrun is 111768 us[EOL]
[2026-09-22T08:30:31.822663Z][TRM_E.newgen-tiprackmagazine][W][2330306][141]CRTCyclicEvent.cpp:TimeMissed():101|Cycle miss in event CCSICombinedRepManager. Time Overrun is 111768 us[EOL]
[2026-09-22T08:30:32.218267Z][TRM_E.newgen-tiprackmagazine][W][2330306][141]CRTCyclicEvent.cpp:TimeMissed():101|Cycle miss in event CCSICombinedCmdManager Cyclic Event. Time Overrun is 117419 us[EOL]
[2026-09-22T08:30:32.218529Z][TRM_E.barcodereader][W][2330306][133]CRTCyclicEvent.cpp:TimeMissed():101|Cycle miss in event CCSICombinedCmdManager Cyclic Event. Time Overrun is 115178 us[EOL]
[2026-09-22T08:30:32.218572Z][TRM_E.barcodereader][W][2330306][133]CRTCyclicEvent.cpp:TimeMissed():101|Cycle miss in event CCSICombinedRepManager. Time Overrun is 115178 us[EOL]
[2026-09-22T08:30:32.218306Z][TRM_E.newgen-tiprackmagazine][W][2330306][141]CRTCyclicEvent.cpp:TimeMissed():101|Cycle miss in event CCSICombinedRepManager. Time Overrun is 117419 us[EOL]
[2026-09-22T08:30:32.218936Z][TRM_E.newgen-tiprackmagazine][W][2330306][141]CRTCyclicEvent.cpp:TimeMissed():101|Cycle miss in event CCSICyclicRepManager. Time Overrun is 12583 us[EOL]
[2026-09-22T08:30:32.336428Z][TRM_E.barcodereader][W][2330306][133]CRTCyclicEvent.cpp:TimeMissed():101|Cycle miss in event CCSICombinedCmdManager Cyclic Event. Time Overrun is 3073 us[EOL]
[2026-09-22T08:30:32.336458Z][TRM_E.barcodereader][W][2330306][133]CRTCyclicEvent.cpp:TimeMissed():101|Cycle miss in event CCSICombinedRepManager. Time Overrun is 3073 us[EOL]
[2026-09-22T08:30:33.081886Z][TRM_E.newgen-tiprackmagazine][W][2330306][141]CRTCyclicEvent.cpp:TimeMissed():101|Cycle miss in event CCSICombinedCmdManager Cyclic Event. Time Overrun is 1040 us[EOL]
[2026-09-22T08:30:33.081927Z][TRM_E.newgen-tiprackmagazine][W][2330306][141]CRTCyclicEvent.cpp:TimeMissed():101|Cycle miss in event CCSICombinedRepManager. Time Overrun is 1040 us[EOL]
[2026-09-22T08:30:33.222721Z][TRM_E.newgen-tiprackmagazine][I][2560016][141]IMessageHandler.h:operator()():53|Received RabbitMqMessage Roche.c68_8800.InstrumentState.InstrumentStateChanged. Content: {"Timestamp":"2026-09-22T08:30:29.4305208Z","TraceContext":"00-819380aeb3d0d060e0455e221ce4a92c-894abe7a711e0278-01","OldState":"PoweredOff","NewState":"StartingUp"}[EOL]
[2026-09-22T08:30:33.222748Z][TRM_E.newgen-tiprackmagazine][I][2560016][141]IMessageHandler.h:operator()():40|Received RabbitMqMessage Roche.c68_8800.InstrumentState.InstrumentStateChanged. Content: {"Timestamp":"2026-09-22T08:30:29.4305208Z","TraceContext":"00-819380aeb3d0d060e0455e221ce4a92c-894abe7a711e0278-01","OldState":"PoweredOff","NewState":"StartingUp"}[EOL]
[2026-09-22T08:30:33.877822Z][TRM_E.newgen-tiprackmagazine][W][2330306][141]CRTCyclicEvent.cpp:TimeMissed():101|Cycle miss in event CCSICombinedCmdManager Cyclic Event. Time Overrun is 56978 us[EOL]
[2026-09-22T08:30:33.877892Z][TRM_E.barcodereader][W][2330306][133]CRTCyclicEvent.cpp:TimeMissed():101|Cycle miss in event CCSICombinedCmdManager Cyclic Event. Time Overrun is 54547 us[EOL]
[2026-09-22T08:30:33.877845Z][TRM_E.newgen-tiprackmagazine][W][2330306][141]CRTCyclicEvent.cpp:TimeMissed():101|Cycle miss in event CCSICombinedRepManager. Time Overrun is 56978 us[EOL]
[2026-09-22T08:30:33.877913Z][TRM_E.barcodereader][W][2330306][133]CRTCyclicEvent.cpp:TimeMissed():101|Cycle miss in event CCSICombinedRepManager. Time Overrun is 54547 us[EOL]
[2026-09-22T08:30:34.116470Z][TRM_E.barcodereader][W][2330306][133]CRTCyclicEvent.cpp:TimeMissed():101|Cycle miss in event CCSICombinedCmdManager Cyclic Event. Time Overrun is 3120 us[EOL]
[2026-09-22T08:30:34.116519Z][TRM_E.barcodereader][W][2330306][133]CRTCyclicEvent.cpp:TimeMissed():101|Cycle miss in event CCSICombinedRepManager. Time Overrun is 3120 us[EOL]
[2026-09-22T08:30:34.116741Z][TRM_E.newgen-tiprackmagazine][W][2330306][141]CRTCyclicEvent.cpp:TimeMissed():101|Cycle miss in event CCSICombinedCmdManager Cyclic Event. Time Overrun is 15893 us[EOL]
[2026-09-22T08:30:34.116787Z][TRM_E.newgen-tiprackmagazine][W][2330306][141]CRTCyclicEvent.cpp:TimeMissed():101|Cycle miss in event CCSICombinedRepManager. Time Overrun is 15893 us[EOL]
[2026-09-22T08:30:34.386288Z][TRM_E.barcodereader][W][2330306][133]CRTCyclicEvent.cpp:TimeMissed():101|Cycle miss in event CCSICombinedCmdManager Cyclic Event. Time Overrun is 12936 us[EOL]
[2026-09-22T08:30:34.386352Z][TRM_E.barcodereader][W][2330306][133]CRTCyclicEvent.cpp:TimeMissed():101|Cycle miss in event CCSICombinedRepManager. Time Overrun is 12936 us[EOL]
[2026-09-22T08:30:34.421474Z][TRM_E.newgen-tiprackmagazine][W][2330306][141]CRTCyclicEvent.cpp:TimeMissed():101|Cycle miss in event CCSICombinedCmdManager Cyclic Event. Time Overrun is 627 us[EOL]
[2026-09-22T08:30:34.421516Z][TRM_E.newgen-tiprackmagazine][W][2330306][141]CRTCyclicEvent.cpp:TimeMissed():101|Cycle miss in event CCSICombinedRepManager. Time Overrun is 627 us[EOL]
[2026-09-22T08:30:34.527295Z][TRM_E.barcodereader][W][2330306][133]CRTCyclicEvent.cpp:TimeMissed():101|Cycle miss in event CCSICombinedCmdManager Cyclic Event. Time Overrun is 3948 us[EOL]
[2026-09-22T08:30:34.527325Z][TRM_E.barcodereader][W][2330306][133]CRTCyclicEvent.cpp:TimeMissed():101|Cycle miss in event CCSICombinedRepManager. Time Overrun is 3948 us[EOL]
[2026-09-22T08:30:34.668245Z][TRM_E.newgen-tiprackmagazine][W][2330306][141]CRTCyclicEvent.cpp:TimeMissed():101|Cycle miss in event CCSICombinedCmdManager Cyclic Event. Time Overrun is 7397 us[EOL]
[2026-09-22T08:30:34.668300Z][TRM_E.newgen-tiprackmagazine][W][2330306][141]CRTCyclicEvent.cpp:TimeMissed():101|Cycle miss in event CCSICombinedRepManager. Time Overrun is 7397 us[EOL]
[2026-09-22T08:30:34.733951Z][TRM_E.barcodereader][W][2330306][133]CRTCyclicEvent.cpp:TimeMissed():101|Cycle miss in event CCSICombinedCmdManager Cyclic Event. Time Overrun is 602 us[EOL]
[2026-09-22T08:30:34.734008Z][TRM_E.barcodereader][W][2330306][133]CRTCyclicEvent.cpp:TimeMissed():101|Cycle miss in event CCSICombinedRepManager. Time Overrun is 602 us[EOL]
[2026-09-22T08:30:34.949450Z][TRM_E.barcodereader][W][2330306][133]CRTCyclicEvent.cpp:TimeMissed():101|Cycle miss in event CCSICombinedCmdManager Cyclic Event. Time Overrun is 16103 us[EOL]
[2026-09-22T08:30:34.949482Z][TRM_E.barcodereader][W][2330306][133]CRTCyclicEvent.cpp:TimeMissed():101|Cycle miss in event CCSICombinedRepManager. Time Overrun is 16103 us[EOL]
[2026-09-22T08:30:34.972094Z][TRM_E.newgen-tiprackmagazine][W][2330306][141]CRTCyclicEvent.cpp:TimeMissed():101|Cycle miss in event CCSICombinedCmdManager Cyclic Event. Time Overrun is 1241 us[EOL]
[2026-09-22T08:30:34.972153Z][TRM_E.newgen-tiprackmagazine][W][2330306][141]CRTCyclicEvent.cpp:TimeMissed():101|Cycle miss in event CCSICombinedRepManager. Time Overrun is 1241 us[EOL]
[2026-09-22T08:30:35.121493Z][TRM_E.newgen-tiprackmagazine][W][2330306][141]CRTCyclicEvent.cpp:TimeMissed():101|Cycle miss in event CCSICombinedCmdManager Cyclic Event. Time Overrun is 648 us[EOL]
[2026-09-22T08:30:35.121523Z][TRM_E.newgen-tiprackmagazine][W][2330306][141]CRTCyclicEvent.cpp:TimeMissed():101|Cycle miss in event CCSICombinedRepManager. Time Overrun is 648 us[EOL]
[2026-09-22T08:30:35.143684Z][TRM_E.barcodereader][W][2330306][133]CRTCyclicEvent.cpp:TimeMissed():101|Cycle miss in event CCSICombinedCmdManager Cyclic Event. Time Overrun is 336 us[EOL]
[2026-09-22T08:30:35.143717Z][TRM_E.barcodereader][W][2330306][133]CRTCyclicEvent.cpp:TimeMissed():101|Cycle miss in event CCSICombinedRepManager. Time Overrun is 336 us[EOL]
[2026-09-22T08:30:35.335125Z][TRM_E.barcodereader][W][2330306][133]CRTCyclicEvent.cpp:TimeMissed():101|Cycle miss in event CCSICombinedCmdManager Cyclic Event. Time Overrun is 1769 us[EOL]
[2026-09-22T08:30:35.335168Z][TRM_E.barcodereader][W][2330306][133]CRTCyclicEvent.cpp:TimeMissed():101|Cycle miss in event CCSICombinedRepManager. Time Overrun is 1769 us[EOL]
[2026-09-22T08:30:35.610904Z][TRM_E.newgen-tiprackmagazine][W][2330306][141]CRTCyclicEvent.cpp:TimeMissed():101|Cycle miss in event CCSICombinedCmdManager Cyclic Event. Time Overrun is 51 us[EOL]
[2026-09-22T08:30:35.610994Z][TRM_E.newgen-tiprackmagazine][W][2330306][141]CRTCyclicEvent.cpp:TimeMissed():101|Cycle miss in event CCSICombinedRepManager. Time Overrun is 51 us[EOL]
[2026-09-22T08:30:36.221038Z][TRM_E.newgen-tiprackmagazine][W][2330306][141]CRTCyclicEvent.cpp:TimeMissed():101|Cycle miss in event CCSICombinedCmdManager Cyclic Event. Time Overrun is 158 us[EOL]
[2026-09-22T08:30:36.221083Z][TRM_E.newgen-tiprackmagazine][W][2330306][141]CRTCyclicEvent.cpp:TimeMissed():101|Cycle miss in event CCSICombinedRepManager. Time Overrun is 158 us[EOL]
[2026-09-22T08:30:36.295852Z][TRM_E.barcodereader][W][2330306][133]CRTCyclicEvent.cpp:TimeMissed():101|Cycle miss in event CCSICombinedCmdManager Cyclic Event. Time Overrun is 2505 us[EOL]
[2026-09-22T08:30:36.295887Z][TRM_E.barcodereader][W][2330306][133]CRTCyclicEvent.cpp:TimeMissed():101|Cycle miss in event CCSICombinedRepManager. Time Overrun is 2505 us[EOL]
[2026-09-22T08:30:36.772713Z][TRM_E.newgen-tiprackmagazine][W][2330306][141]CRTCyclicEvent.cpp:TimeMissed():101|Cycle miss in event CCSICombinedCmdManager Cyclic Event. Time Overrun is 1853 us[EOL]
[2026-09-22T08:30:36.772759Z][TRM_E.newgen-tiprackmagazine][W][2330306][141]CRTCyclicEvent.cpp:TimeMissed():101|Cycle miss in event CCSICombinedRepManager. Time Overrun is 1853 us[EOL]
[2026-09-22T08:30:36.990909Z][TRM_E.newgen-tiprackmagazine][W][2330306][141]CRTCyclicEvent.cpp:TimeMissed():101|Cycle miss in event CCSICombinedCmdManager Cyclic Event. Time Overrun is 59 us[EOL]
[2026-09-22T08:30:36.990963Z][TRM_E.newgen-tiprackmagazine][W][2330306][141]CRTCyclicEvent.cpp:TimeMissed():101|Cycle miss in event CCSICombinedRepManager. Time Overrun is 59 us[EOL]
[2026-09-22T08:30:37.004778Z][TRM_E.barcodereader][W][2330306][133]CRTCyclicEvent.cpp:TimeMissed():101|Cycle miss in event CCSICombinedCmdManager Cyclic Event. Time Overrun is 1431 us[EOL]
[2026-09-22T08:30:37.004805Z][TRM_E.barcodereader][W][2330306][133]CRTCyclicEvent.cpp:TimeMissed():101|Cycle miss in event CCSICombinedRepManager. Time Overrun is 1431 us[EOL]
[2026-09-22T08:30:38.064000Z][TRM_E.barcodereader][W][2330306][133]CRTCyclicEvent.cpp:TimeMissed():101|Cycle miss in event CCSICombinedCmdManager Cyclic Event. Time Overrun is 652 us[EOL]
[2026-09-22T08:30:38.064086Z][TRM_E.barcodereader][W][2330306][133]CRTCyclicEvent.cpp:TimeMissed():101|Cycle miss in event CCSICombinedRepManager. Time Overrun is 652 us[EOL]
[2026-09-22T08:30:38.133924Z][TRM_E.newgen-tiprackmagazine][W][2330306][141]CRTCyclicEvent.cpp:TimeMissed():101|Cycle miss in event CCSICombinedCmdManager Cyclic Event. Time Overrun is 13058 us[EOL]
[2026-09-22T08:30:38.133966Z][TRM_E.newgen-tiprackmagazine][W][2330306][141]CRTCyclicEvent.cpp:TimeMissed():101|Cycle miss in event CCSICombinedRepManager. Time Overrun is 13058 us[EOL]
[2026-09-22T08:30:38.324562Z][TRM_E.barcodereader][W][2330306][133]CRTCyclicEvent.cpp:TimeMissed():101|Cycle miss in event CCSICombinedCmdManager Cyclic Event. Time Overrun is 1214 us[EOL]
[2026-09-22T08:30:38.324597Z][TRM_E.barcodereader][W][2330306][133]CRTCyclicEvent.cpp:TimeMissed():101|Cycle miss in event CCSICombinedRepManager. Time Overrun is 1214 us[EOL]
[2026-09-22T08:30:38.614121Z][TRM_E.barcodereader][W][2330306][133]CRTCyclicEvent.cpp:TimeMissed():101|Cycle miss in event CCSICombinedCmdManager Cyclic Event. Time Overrun is 771 us[EOL]
[2026-09-22T08:30:38.614160Z][TRM_E.barcodereader][W][2330306][133]CRTCyclicEvent.cpp:TimeMissed():101|Cycle miss in event CCSICombinedRepManager. Time Overrun is 771 us[EOL]
[2026-09-22T08:30:38.735039Z][TRM_E.barcodereader][W][2330306][133]CRTCyclicEvent.cpp:TimeMissed():101|Cycle miss in event CCSICombinedCmdManager Cyclic Event. Time Overrun is 1640 us[EOL]
[2026-09-22T08:30:38.735076Z][TRM_E.barcodereader][W][2330306][133]CRTCyclicEvent.cpp:TimeMissed():101|Cycle miss in event CCSICombinedRepManager. Time Overrun is 1640 us[EOL]
[2026-09-22T08:30:38.908070Z][TRM_E.newgen-tiprackmagazine][W][2330306][141]CRTCyclicEvent.cpp:TimeMissed():101|Cycle miss in event CCSICombinedCmdManager Cyclic Event. Time Overrun is 7221 us[EOL]
[2026-09-22T08:30:38.908130Z][TRM_E.newgen-tiprackmagazine][W][2330306][141]CRTCyclicEvent.cpp:TimeMissed():101|Cycle miss in event CCSICombinedRepManager. Time Overrun is 7221 us[EOL]
[2026-09-22T08:30:40.125295Z][TRM_E.barcodereader][W][2330306][133]CRTCyclicEvent.cpp:TimeMissed():101|Cycle miss in event CCSICombinedCmdManager Cyclic Event. Time Overrun is 1947 us[EOL]
[2026-09-22T08:30:40.125357Z][TRM_E.barcodereader][W][2330306][133]CRTCyclicEvent.cpp:TimeMissed():101|Cycle miss in event CCSICombinedRepManager. Time Overrun is 1947 us[EOL]
[2026-09-22T08:30:40.331358Z][TRM_E.newgen-tiprackmagazine][W][2330306][141]CRTCyclicEvent.cpp:TimeMissed():101|Cycle miss in event CCSICombinedCmdManager Cyclic Event. Time Overrun is 512 us[EOL]
[2026-09-22T08:30:40.331409Z][TRM_E.newgen-tiprackmagazine][W][2330306][141]CRTCyclicEvent.cpp:TimeMissed():101|Cycle miss in event CCSICombinedRepManager. Time Overrun is 512 us[EOL]
[2026-09-22T08:30:42.988570Z][TRM_E.barcodereader][N][2330477][133]CConnectionHandler.cpp:RegisterConnection():104|Socket added to epoll with identifier 0x0 (0), file descriptor 13.[EOL]
[2026-09-22T08:30:42.988606Z][TRM_E.barcodereader][N][2330467][133]CDefaultStreamHandler.cpp:OnConnectionAccepted():405|New connection established. file descriptor 13[EOL]
[2026-09-22T08:30:43.004852Z][TRM_E.barcodereader][N][2330473][133]CClientSocketChannel.cpp:Connect():196|Connecting to socket with identifier 0x10a502 (1090818).[EOL]
[2026-09-22T08:30:43.005226Z][TRM_E.barcodereader][N][2330473][133]CClientSocketChannel.cpp:Connect():207|Registering socket connection with identifier 0x10a502 (1090818), file descriptor 14.[EOL]
[2026-09-22T08:30:43.005264Z][TRM_E.barcodereader][N][2330477][133]CConnectionHandler.cpp:RegisterConnection():104|Socket added to epoll with identifier 0x10a502 (1090818), file descriptor 14.[EOL]
[2026-09-22T08:30:43.005280Z][TRM_E.barcodereader][N][2330476][133]CClientSocketChannel.cpp:InitializeConnection():401|Initialized socket buffer with identifier 0x10a502 (1090818), file descriptor 14.[EOL]
[2026-09-22T08:30:43.005334Z][TRM_E.barcodereader][N][2330473][133]CClientSocketChannel.cpp:Connect():196|Connecting to socket with identifier 0x4010a502 (1074832642).[EOL]
[2026-09-22T08:30:42.976201Z][TRM_E.newgen-tiprackmagazine][I][2560016][141]IMessageHandler.h:operator()():53|Received RabbitMqMessage Roche.MolLab.PersistentMemory.MamConfigured. Content: {"Timestamp":"2026-09-22T08:30:42.954048Z","TraceContext":"00-819380aeb3d0d060e0455e221ce4a92c-9638ad2b6235bbf5-01"}[EOL]
[2026-09-22T08:30:43.005380Z][TRM_E.barcodereader][N][2330473][133]CClientSocketChannel.cpp:Connect():207|Registering socket connection with identifier 0x4010a502 (1074832642), file descriptor 15.[EOL]
[2026-09-22T08:30:43.005427Z][TRM_E.barcodereader][N][2330477][133]CConnectionHandler.cpp:RegisterConnection():104|Socket added to epoll with identifier 0x4010a502 (1074832642), file descriptor 15.[EOL]
[2026-09-22T08:30:43.005443Z][TRM_E.barcodereader][N][2330476][133]CClientSocketChannel.cpp:InitializeConnection():401|Initialized socket buffer with identifier 0x4010a502 (1074832642), file descriptor 15.[EOL]
[2026-09-22T08:30:43.005450Z][TRM_E.barcodereader][N][2330473][133]CClientSocketChannel.cpp:Connect():196|Connecting to socket with identifier 0x8010a502 (2148574466).[EOL]
[2026-09-22T08:30:42.976547Z][TRM_E.newgen-tiprackmagazine][N][6830070][141]CPrepareProcedure.cpp:SetParameter():35|Procedure ProcTypeId_Prepare (6830002) called from internal with instanceId (65535) and parameters: {}[EOL]
[2026-09-22T08:30:42.976633Z][TRM_E.newgen-tiprackmagazine][I][0][141]CASStateMachine.cpp:ReportStateChange():113|ModuleState changed: ModuleState_InitialValue (0) ==> ModuleState_Preparing (1)[EOL]
[2026-09-22T08:30:42.976893Z][TRM_E.newgen-tiprackmagazine][N][0][141]CExecuteConnectCommandStep.cpp:DoStep():58|Sending SS_ConnectCommand[EOL]
[2026-09-22T08:30:42.987369Z][TRM_E.newgen-tiprackmagazine][N][2330473][141]CClientSocketChannel.cpp:Connect():196|Connecting to socket with identifier 0x10a702 (1091330).[EOL]
[2026-09-22T08:30:42.987906Z][TRM_E.newgen-tiprackmagazine][N][2330473][141]CClientSocketChannel.cpp:Connect():207|Registering socket connection with identifier 0x10a702 (1091330), file descriptor 22.[EOL]
[2026-09-22T08:30:43.005470Z][TRM_E.barcodereader][N][2330473][133]CClientSocketChannel.cpp:Connect():207|Registering socket connection with identifier 0x8010a502 (2148574466), file descriptor 16.[EOL]
[2026-09-22T08:30:42.987919Z][TRM_E.newgen-tiprackmagazine][N][2330477][141]CConnectionHandler.cpp:RegisterConnection():104|Socket added to epoll with identifier 0x10a702 (1091330), file descriptor 22.[EOL]
[2026-09-22T08:30:42.987932Z][TRM_E.newgen-tiprackmagazine][N][2330476][141]CClientSocketChannel.cpp:InitializeConnection():401|Initialized socket buffer with identifier 0x10a702 (1091330), file descriptor 22.[EOL]
[2026-09-22T08:30:42.987948Z][TRM_E.newgen-tiprackmagazine][N][2330473][141]CClientSocketChannel.cpp:Connect():196|Connecting to socket with identifier 0x4010a702 (1074833154).[EOL]
[2026-09-22T08:30:43.005477Z][TRM_E.barcodereader][N][2330477][133]CConnectionHandler.cpp:RegisterConnection():104|Socket added to epoll with identifier 0x8010a502 (2148574466), file descriptor 16.[EOL]
[2026-09-22T08:30:43.005484Z][TRM_E.barcodereader][N][2330476][133]CClientSocketChannel.cpp:InitializeConnection():401|Initialized socket buffer with identifier 0x8010a502 (2148574466), file descriptor 16.[EOL]
[2026-09-22T08:30:42.987973Z][TRM_E.newgen-tiprackmagazine][N][2330473][141]CClientSocketChannel.cpp:Connect():207|Registering socket connection with identifier 0x4010a702 (1074833154), file descriptor 24.[EOL]
[2026-09-22T08:30:42.987979Z][TRM_E.newgen-tiprackmagazine][N][2330477][141]CConnectionHandler.cpp:RegisterConnection():104|Socket added to epoll with identifier 0x4010a702 (1074833154), file descriptor 24.[EOL]
[2026-09-22T08:30:42.987987Z][TRM_E.newgen-tiprackmagazine][N][2330476][141]CClientSocketChannel.cpp:InitializeConnection():401|Initialized socket buffer with identifier 0x4010a702 (1074833154), file descriptor 24.[EOL]
[2026-09-22T08:30:42.987993Z][TRM_E.newgen-tiprackmagazine][N][2330473][141]CClientSocketChannel.cpp:Connect():196|Connecting to socket with identifier 0x8010a702 (2148574978).[EOL]
[2026-09-22T08:30:42.988103Z][TRM_E.newgen-tiprackmagazine][N][2330473][141]CClientSocketChannel.cpp:Connect():207|Registering socket connection with identifier 0x8010a702 (2148574978), file descriptor 25.[EOL]
[2026-09-22T08:30:42.988123Z][TRM_E.newgen-tiprackmagazine][N][2330477][141]CConnectionHandler.cpp:RegisterConnection():104|Socket added to epoll with identifier 0x8010a702 (2148574978), file descriptor 25.[EOL]
[2026-09-22T08:30:42.988134Z][TRM_E.newgen-tiprackmagazine][N][2330476][141]CClientSocketChannel.cpp:InitializeConnection():401|Initialized socket buffer with identifier 0x8010a702 (2148574978), file descriptor 25.[EOL]
[2026-09-22T08:30:42.988160Z][TRM_E.newgen-tiprackmagazine][N][2330473][141]CClientSocketChannel.cpp:Connect():196|Connecting to socket with identifier 0xe7 (231).[EOL]
[2026-09-22T08:30:42.988327Z][TRM_E.newgen-tiprackmagazine][N][2330473][141]CClientSocketChannel.cpp:Connect():207|Registering socket connection with identifier 0xe7 (231), file descriptor 26.[EOL]
[2026-09-22T08:30:42.988345Z][TRM_E.newgen-tiprackmagazine][N][2330477][141]CConnectionHandler.cpp:RegisterConnection():104|Socket added to epoll with identifier 0xe7 (231), file descriptor 26.[EOL]
[2026-09-22T08:30:42.988358Z][TRM_E.newgen-tiprackmagazine][N][2330476][141]CClientSocketChannel.cpp:InitializeConnection():401|Initialized socket buffer with identifier 0xe7 (231), file descriptor 26.[EOL]
[2026-09-22T08:30:42.988374Z][TRM_E.newgen-tiprackmagazine][N][2330473][141]CClientSocketChannel.cpp:Connect():196|Connecting to socket with identifier 0xe6 (230).[EOL]
[2026-09-22T08:30:42.988400Z][TRM_E.newgen-tiprackmagazine][N][2330473][141]CClientSocketChannel.cpp:Connect():207|Registering socket connection with identifier 0xe6 (230), file descriptor 27.[EOL]
[2026-09-22T08:30:42.988407Z][TRM_E.newgen-tiprackmagazine][N][2330477][141]CConnectionHandler.cpp:RegisterConnection():104|Socket added to epoll with identifier 0xe6 (230), file descriptor 27.[EOL]
[2026-09-22T08:30:42.988414Z][TRM_E.newgen-tiprackmagazine][N][2330476][141]CClientSocketChannel.cpp:InitializeConnection():401|Initialized socket buffer with identifier 0xe6 (230), file descriptor 27.[EOL]
[2026-09-22T08:30:43.064297Z][TRM_E.newgen-tiprackmagazine][N][0][141]CExecuteConnectCommandStep.cpp:HandleObservedReport():37|CConnectCommand was successful: Client connections established.[EOL]
[2026-09-22T08:30:43.064334Z][TRM_E.newgen-tiprackmagazine][I][2330779][141]CMAMRetrieveDataStep.cpp:OnGetAllDataItems():62|Getting persistent Data Pool[EOL]
[2026-09-22T08:30:43.082521Z][TRM_E.newgen-tiprackmagazine][I][2330780][141]CMAMRetrieveDataStep.cpp:OnGetAllDataItems():75|Getting persistent Parameter Pool[EOL]
[2026-09-22T08:30:43.526607Z][TRM_E.barcodereader][W][2330306][133]CRTCyclicEvent.cpp:TimeMissed():101|Cycle miss in event CCSICombinedCmdManager Cyclic Event. Time Overrun is 313260 us[EOL]
[2026-09-22T08:30:43.526630Z][TRM_E.barcodereader][W][2330306][133]CRTCyclicEvent.cpp:TimeMissed():101|Cycle miss in event CCSICombinedRepManager. Time Overrun is 313260 us[EOL]
[2026-09-22T08:30:43.730366Z][TRM_E.barcodereader][I][1390024][133]CPrepareProcedure.cpp:SetParameter():85|Prepare procedure loaded. Parameters: [EOL]
[2026-09-22T08:30:43.815038Z][TRM_E.barcodereader][W][2330306][133]CRTCyclicEvent.cpp:TimeMissed():101|Cycle miss in event CCSICombinedCmdManager Cyclic Event. Time Overrun is 21686 us[EOL]
[2026-09-22T08:30:43.815077Z][TRM_E.barcodereader][W][2330306][133]CRTCyclicEvent.cpp:TimeMissed():101|Cycle miss in event CCSICombinedRepManager. Time Overrun is 21686 us[EOL]
[2026-09-22T08:30:43.941065Z][TRM_E.barcodereader][N][2330072][133]CMessageBrokerEventHelper.cpp:SendModuleStateChangedEvent():34|Raise ModuleStateChanged Event: OriginatorId 0, ModuleState ModuleState_Preparing (1), OldModuleState ModuleState_InitialValue (0)[EOL]
[2026-09-22T08:30:44.033548Z][TRM_E.barcodereader][W][2330306][133]CRTCyclicEvent.cpp:TimeMissed():101|Cycle miss in event CCSICombinedCmdManager Cyclic Event. Time Overrun is 199 us[EOL]
[2026-09-22T08:30:43.469947Z][TRM_E.newgen-tiprackmagazine][I][2330781][141]CMAMRetrieveDataStep.cpp:OnGetAllDataItems():89|Retrieved all MAM data[EOL]
[2026-09-22T08:30:44.033580Z][TRM_E.barcodereader][W][2330306][133]CRTCyclicEvent.cpp:TimeMissed():101|Cycle miss in event CCSICombinedRepManager. Time Overrun is 199 us[EOL]
[2026-09-22T08:30:44.278166Z][TRM_E.barcodereader][W][2330306][133]CRTCyclicEvent.cpp:TimeMissed():101|Cycle miss in event CCSICombinedCmdManager Cyclic Event. Time Overrun is 4818 us[EOL]
[2026-09-22T08:30:43.586015Z][TRM_E.newgen-tiprackmagazine][W][2330306][141]CRTCyclicEvent.cpp:TimeMissed():101|Cycle miss in event CCSICombinedCmdManager Cyclic Event. Time Overrun is 15170 us[EOL]
[2026-09-22T08:30:43.586041Z][TRM_E.newgen-tiprackmagazine][W][2330306][141]CRTCyclicEvent.cpp:TimeMissed():101|Cycle miss in event CCSICombinedRepManager. Time Overrun is 15170 us[EOL]
[2026-09-22T08:30:43.814746Z][TRM_E.newgen-tiprackmagazine][W][2330306][141]CRTCyclicEvent.cpp:TimeMissed():101|Cycle miss in event CCSICombinedCmdManager Cyclic Event. Time Overrun is 23899 us[EOL]
[2026-09-22T08:30:43.814774Z][TRM_E.newgen-tiprackmagazine][W][2330306][141]CRTCyclicEvent.cpp:TimeMissed():101|Cycle miss in event CCSICombinedRepManager. Time Overrun is 23899 us[EOL]
[2026-09-22T08:30:44.033209Z][TRM_E.newgen-tiprackmagazine][W][2330306][141]CRTCyclicEvent.cpp:TimeMissed():101|Cycle miss in event CCSICombinedCmdManager Cyclic Event. Time Overrun is 2361 us[EOL]
[2026-09-22T08:30:44.033240Z][TRM_E.newgen-tiprackmagazine][W][2330306][141]CRTCyclicEvent.cpp:TimeMissed():101|Cycle miss in event CCSICombinedRepManager. Time Overrun is 2361 us[EOL]
[2026-09-22T08:30:44.278203Z][TRM_E.barcodereader][W][2330306][133]CRTCyclicEvent.cpp:TimeMissed():101|Cycle miss in event CCSICombinedRepManager. Time Overrun is 4818 us[EOL]
[2026-09-22T08:30:44.453933Z][TRM_E.barcodereader][W][2330306][133]CRTCyclicEvent.cpp:TimeMissed():101|Cycle miss in event CCSICombinedCmdManager Cyclic Event. Time Overrun is 10586 us[EOL]
[2026-09-22T08:30:44.453961Z][TRM_E.barcodereader][W][2330306][133]CRTCyclicEvent.cpp:TimeMissed():101|Cycle miss in event CCSICombinedRepManager. Time Overrun is 10586 us[EOL]
[2026-09-22T08:30:44.475733Z][TRM_E.barcodereader][I][1390024][133]CCLP510PrepareProcedure.cpp:SetParameter():101|CLP510Prepare procedure loaded. Parameters: [EOL]
[2026-09-22T08:30:44.571279Z][TRM_E.newgen-tiprackmagazine][W][2330306][141]CRTCyclicEvent.cpp:TimeMissed():101|Cycle miss in event CCSICombinedCmdManager Cyclic Event. Time Overrun is 433 us[EOL]
[2026-09-22T08:30:44.571343Z][TRM_E.newgen-tiprackmagazine][W][2330306][141]CRTCyclicEvent.cpp:TimeMissed():101|Cycle miss in event CCSICombinedRepManager. Time Overrun is 433 us[EOL]
[2026-09-22T08:30:45.154554Z][TRM_E.barcodereader][W][2330306][133]CRTCyclicEvent.cpp:TimeMissed():101|Cycle miss in event CCSICombinedCmdManager Cyclic Event. Time Overrun is 1204 us[EOL]
[2026-09-22T08:30:45.154603Z][TRM_E.barcodereader][W][2330306][133]CRTCyclicEvent.cpp:TimeMissed():101|Cycle miss in event CCSICombinedRepManager. Time Overrun is 1204 us[EOL]
[2026-09-22T08:30:45.227553Z][TRM_E.barcodereader][N][1390036][133]CHandleVersionStep.cpp:ReadReport():93|The firmware version of the reader is: DA11J11#015[EOL]
[2026-09-22T08:30:45.282474Z][TRM_E.newgen-tiprackmagazine][W][2330306][141]CRTCyclicEvent.cpp:TimeMissed():101|Cycle miss in event CCSICombinedCmdManager Cyclic Event. Time Overrun is 1630 us[EOL]
[2026-09-22T08:30:45.282507Z][TRM_E.newgen-tiprackmagazine][W][2330306][141]CRTCyclicEvent.cpp:TimeMissed():101|Cycle miss in event CCSICombinedRepManager. Time Overrun is 1630 us[EOL]
[2026-09-22T08:30:45.328023Z][TRM_E.barcodereader][I][1390024][133]CCLP510SetDefaultConfigurationProcedure.cpp:SetParameter():215|CLP510SetDefaultConfiguration procedure loaded. Parameters: StorePersistent: 0[EOL]
[2026-09-22T08:30:45.369086Z][TRM_E.barcodereader][I][1390034][133]CCheckCommandResponseStep.cpp:ReadReport():98|CCheckCommandResponseStep of cmd: 0x1b 0x57 0x43 0x0d with response: 0x06[EOL]
[2026-09-22T08:30:45.389561Z][TRM_E.barcodereader][I][1390034][133]CCheckCommandResponseStep.cpp:ReadReport():98|CCheckCommandResponseStep of cmd: 0x1b 0x53 0x30 0x0d with response: 0x06[EOL]
[2026-09-22T08:30:45.425633Z][TRM_E.barcodereader][I][1390034][133]CCheckCommandResponseStep.cpp:ReadReport():98|CCheckCommandResponseStep of cmd: 0x1b 0x53 0x38 0x0d with response: 0x06[EOL]
[2026-09-22T08:30:45.434930Z][TRM_E.barcodereader][W][2330306][133]CRTCyclicEvent.cpp:TimeMissed():101|Cycle miss in event CCSICombinedCmdManager Cyclic Event. Time Overrun is 1572 us[EOL]
[2026-09-22T08:30:45.434981Z][TRM_E.barcodereader][W][2330306][133]CRTCyclicEvent.cpp:TimeMissed():101|Cycle miss in event CCSICombinedRepManager. Time Overrun is 1572 us[EOL]
[2026-09-22T08:30:45.438683Z][TRM_E.barcodereader][I][1390034][133]CCheckCommandResponseStep.cpp:ReadReport():98|CCheckCommandResponseStep of cmd: 0x1b 0x59 0x4d 0x0d with response: 0x06[EOL]
[2026-09-22T08:30:45.458340Z][TRM_E.barcodereader][I][1390034][133]CCheckCommandResponseStep.cpp:ReadReport():98|CCheckCommandResponseStep of cmd: 0x1b 0x57 0x30 0x0d with response: 0x06[EOL]
[2026-09-22T08:30:45.476823Z][TRM_E.barcodereader][I][1390034][133]CCheckCommandResponseStep.cpp:ReadReport():98|CCheckCommandResponseStep of cmd: 0x1b 0x58 0x31 0x0d with response: 0x06[EOL]
[2026-09-22T08:30:45.526047Z][TRM_E.barcodereader][I][1390034][133]CCheckCommandResponseStep.cpp:ReadReport():98|CCheckCommandResponseStep of cmd: 0x1b 0x4d 0x34 0x51 0x33 0x0d with response: 0x06[EOL]
[2026-09-22T08:30:45.554051Z][TRM_E.barcodereader][I][1390034][133]CCheckCommandResponseStep.cpp:ReadReport():98|CCheckCommandResponseStep of cmd: 0x1b 0x4d 0x37 0x51 0x35 0x0d with response: 0x06[EOL]
[2026-09-22T08:30:45.585157Z][TRM_E.newgen-tiprackmagazine][W][2330306][141]CRTCyclicEvent.cpp:TimeMissed():101|Cycle miss in event CCSICombinedCmdManager Cyclic Event. Time Overrun is 4312 us[EOL]
[2026-09-22T08:30:45.585193Z][TRM_E.newgen-tiprackmagazine][W][2330306][141]CRTCyclicEvent.cpp:TimeMissed():101|Cycle miss in event CCSICombinedRepManager. Time Overrun is 4312 us[EOL]
[2026-09-22T08:30:45.608072Z][TRM_E.barcodereader][I][1390034][133]CCheckCommandResponseStep.cpp:ReadReport():98|CCheckCommandResponseStep of cmd: 0x1b 0x4d 0x39 0x51 0x34 0x0d with response: 0x06[EOL]
[2026-09-22T08:30:45.631259Z][TRM_E.barcodereader][I][1390034][133]CCheckCommandResponseStep.cpp:ReadReport():98|CCheckCommandResponseStep of cmd: 0x1b 0x4d 0x35 0x51 0x32 0x0d with response: 0x06[EOL]
[2026-09-22T08:30:45.670353Z][TRM_E.barcodereader][I][1390034][133]CCheckCommandResponseStep.cpp:ReadReport():98|CCheckCommandResponseStep of cmd: 0x1b 0x4d 0x38 0x51 0x36 0x0d with response: 0x06[EOL]
[2026-09-22T08:30:45.687652Z][TRM_E.barcodereader][W][2330306][133]CRTCyclicEvent.cpp:TimeMissed():101|Cycle miss in event CCSICombinedCmdManager Cyclic Event. Time Overrun is 4299 us[EOL]
[2026-09-22T08:30:45.687704Z][TRM_E.barcodereader][W][2330306][133]CRTCyclicEvent.cpp:TimeMissed():101|Cycle miss in event CCSICombinedRepManager. Time Overrun is 4299 us[EOL]
[2026-09-22T08:30:45.755134Z][TRM_E.barcodereader][I][1390034][133]CCheckCommandResponseStep.cpp:ReadReport():98|CCheckCommandResponseStep of cmd: 0x1b 0x4e 0x34 0x51 0x38 0x0d with response: 0x06[EOL]
[2026-09-22T08:30:45.770190Z][TRM_E.barcodereader][I][1390034][133]CCheckCommandResponseStep.cpp:ReadReport():98|CCheckCommandResponseStep of cmd: 0x1b 0x4e 0x33 0x51 0x37 0x0d with response: 0x06[EOL]
[2026-09-22T08:30:45.770621Z][TRM_E.barcodereader][I][1390024][133]CEnableStarterKitProcedure.cpp:SetParameter():72|EnableStarterKit procedure loaded. Parameters: [EOL]
[2026-09-22T08:30:45.770740Z][TRM_E.barcodereader][I][1390024][133]CResetBarcodeTypeConfigurationProcedure.cpp:SetParameter():51|ResetBarcodeTypeConfiguration procedure loaded. Parameters: [EOL]
[2026-09-22T08:30:45.770798Z][TRM_E.barcodereader][I][1390024][133]CCLP510ResetBarcodeTypeConfigurationProcedure.cpp:SetParameter():49|CLP510ResetBarcodeTypeConfiguration procedure loaded. Parameters: [EOL]
[2026-09-22T08:30:45.793202Z][TRM_E.barcodereader][I][1390034][133]CCheckCommandResponseStep.cpp:ReadReport():98|CCheckCommandResponseStep of cmd: 0x1b 0x42 0x30 0x0d with response: 0x06[EOL]
[2026-09-22T08:30:45.794416Z][TRM_E.barcodereader][I][1390024][133]CBarcodeTypeConfigurationProcedure.cpp:SetParameter():69|BarcodeTypeConfiguration procedure loaded. Parameters: BarcodeType: (BarcodeType_Code128 (4)) Code128, EnableBarcodeType: 1, ControlCheckSum: 1, TransmitCheckSum: 0, BarcodeMinLength: 1, BarcodeMaxLength: 23, TransmitStartStopBit: TransmitionStartStopBit_Disable (1)[EOL]
[2026-09-22T08:30:45.794505Z][TRM_E.barcodereader][I][1390034][133]CCLP510BarcodeTypeConfigurationProcedure.cpp:SetParameter():83|MaxLength can not be set.[EOL]
[2026-09-22T08:30:45.794511Z][TRM_E.barcodereader][I][1390034][133]CCLP510BarcodeTypeConfigurationProcedure.cpp:SetParameter():84|MinLength can not be set.[EOL]
[2026-09-22T08:30:45.794518Z][TRM_E.barcodereader][I][1390024][133]CCLP510BarcodeTypeConfigurationProcedure.cpp:SetParameter():115|CLP510BarcodeTypeConfiguration procedure loaded. Parameters: [EOL]
[2026-09-22T08:30:45.810726Z][TRM_E.barcodereader][I][1390034][133]CCheckCommandResponseStep.cpp:ReadReport():98|CCheckCommandResponseStep of cmd: 0x1b 0x42 0x36 0x0d with response: 0x06[EOL]
[2026-09-22T08:30:45.811057Z][TRM_E.barcodereader][I][1390024][133]CBarcodeTypeConfigurationProcedure.cpp:SetParameter():69|BarcodeTypeConfiguration procedure loaded. Parameters: BarcodeType: (BarcodeType_Code39 (3)) Code39, EnableBarcodeType: 1, ControlCheckSum: 1, TransmitCheckSum: 0, BarcodeMinLength: 1, BarcodeMaxLength: 23, TransmitStartStopBit: TransmitionStartStopBit_Disable (1)[EOL]
[2026-09-22T08:30:45.811526Z][TRM_E.barcodereader][I][1390034][133]CCLP510BarcodeTypeConfigurationProcedure.cpp:SetParameter():83|MaxLength can not be set.[EOL]
[2026-09-22T08:30:45.811539Z][TRM_E.barcodereader][I][1390034][133]CCLP510BarcodeTypeConfigurationProcedure.cpp:SetParameter():84|MinLength can not be set.[EOL]
[2026-09-22T08:30:45.811669Z][TRM_E.barcodereader][I][1390024][133]CCLP510BarcodeTypeConfigurationProcedure.cpp:SetParameter():115|CLP510BarcodeTypeConfiguration procedure loaded. Parameters: [EOL]
[2026-09-22T08:30:45.829823Z][TRM_E.barcodereader][I][1390034][133]CCheckCommandResponseStep.cpp:ReadReport():98|CCheckCommandResponseStep of cmd: 0x1b 0x42 0x32 0x0d with response: 0x06[EOL]
[2026-09-22T08:30:45.849764Z][TRM_E.barcodereader][I][1390034][133]CCheckCommandResponseStep.cpp:ReadReport():98|CCheckCommandResponseStep of cmd: 0x1b 0x43 0x30 0x0d with response: 0x06[EOL]
[2026-09-22T08:30:45.868797Z][TRM_E.barcodereader][I][1390034][133]CCheckCommandResponseStep.cpp:ReadReport():98|CCheckCommandResponseStep of cmd: 0x1b 0x44 0x38 0x0d with response: 0x06[EOL]
[2026-09-22T08:30:45.889433Z][TRM_E.barcodereader][I][1390034][133]CCheckCommandResponseStep.cpp:ReadReport():98|CCheckCommandResponseStep of cmd: 0x1b 0x44 0x31 0x0d with response: 0x06[EOL]
[2026-09-22T08:30:45.891018Z][TRM_E.newgen-tiprackmagazine][I][1009001][141]CConfigureOneMotorDeviceIntProcedure.cpp:SetParameter():147|MotionDevice 0[EOL]
[2026-09-22T08:30:45.889675Z][TRM_E.barcodereader][N][2330072][133]CMessageBrokerEventHelper.cpp:SendModuleStateChangedEvent():34|Raise ModuleStateChanged Event: OriginatorId 0, ModuleState ModuleState_Prepared (2), OldModuleState ModuleState_Preparing (1)[EOL]
[2026-09-22T08:30:46.073530Z][TRM_E.newgen-tiprackmagazine][I][1009050][141]CGetSingleBitInputStateStep.cpp:ReportReceived():117|The received signal level is SignalLevel_H_L_Enum_High (1)[EOL]
[2026-09-22T08:30:46.082391Z][TRM_E.newgen-tiprackmagazine][I][1009050][141]CGetSingleBitInputStateStep.cpp:ReportReceived():117|The received signal level is SignalLevel_H_L_Enum_Low (0)[EOL]
[2026-09-22T08:30:46.101526Z][TRM_E.newgen-tiprackmagazine][I][1009050][141]CGetSingleBitInputStateStep.cpp:ReportReceived():117|The received signal level is SignalLevel_H_L_Enum_Low (0)[EOL]
[2026-09-22T08:30:46.110305Z][TRM_E.newgen-tiprackmagazine][I][1009050][141]CGetSingleBitInputStateStep.cpp:ReportReceived():117|The received signal level is SignalLevel_H_L_Enum_Low (0)[EOL]
[2026-09-22T08:30:46.111696Z][TRM_E.newgen-tiprackmagazine][I][0][141]CASStateMachine.cpp:ReportStateChange():113|ModuleState changed: ModuleState_Preparing (1) ==> ModuleState_Prepared (2)[EOL]
[2026-09-22T08:30:46.111725Z][TRM_E.newgen-tiprackmagazine][I][844444436][141]UnitCommunicator.cpp:SendEvent():424|Publishing event: type=Roche.c68_8800.TipRackMagazine.E.UnitStateChanged correlation_id=(n/a)[EOL]
[2026-09-22T08:30:46.111889Z][TRM_E.newgen-tiprackmagazine][I][2560017][141]MessageSender.h:SendEvent():105|Sent RabbitMqEvent Roche.c68_8800.TipRackMagazine.E.UnitStateChanged. Content: {"Timestamp":"2026-09-22T08:30:46.111720Z","TraceContext":"00-a9417091bcaff9cf4b657b2cae46139a-9589ef1872d4d2fc-01","MagazineId":"E","OldState":"StartingUp","NewState":"StartedUp"}[EOL]
[2026-09-22T08:30:46.900848Z][TRM_E.newgen-tiprackmagazine][W][2330306][141]CRTCyclicEvent.cpp:TimeMissed():101|Cycle miss in event CCSICombinedCmdManager Cyclic Event. Time Overrun is 0 us[EOL]
[2026-09-22T08:30:46.900891Z][TRM_E.newgen-tiprackmagazine][W][2330306][141]CRTCyclicEvent.cpp:TimeMissed():101|Cycle miss in event CCSICombinedRepManager. Time Overrun is 0 us[EOL]
[2026-09-22T08:30:48.614680Z][TRM_E.barcodereader][W][2330306][133]CRTCyclicEvent.cpp:TimeMissed():101|Cycle miss in event CCSICombinedCmdManager Cyclic Event. Time Overrun is 1327 us[EOL]
[2026-09-22T08:30:48.614726Z][TRM_E.barcodereader][W][2330306][133]CRTCyclicEvent.cpp:TimeMissed():101|Cycle miss in event CCSICombinedRepManager. Time Overrun is 1327 us[EOL]
[2026-09-22T08:30:48.794648Z][TRM_E.barcodereader][W][2330306][133]CRTCyclicEvent.cpp:TimeMissed():101|Cycle miss in event CCSICombinedCmdManager Cyclic Event. Time Overrun is 1300 us[EOL]
[2026-09-22T08:30:48.794691Z][TRM_E.barcodereader][W][2330306][133]CRTCyclicEvent.cpp:TimeMissed():101|Cycle miss in event CCSICombinedRepManager. Time Overrun is 1300 us[EOL]
[2026-09-22T08:30:49.157754Z][TRM_E.barcodereader][W][2330306][133]CRTCyclicEvent.cpp:TimeMissed():101|Cycle miss in event CCSICombinedCmdManager Cyclic Event. Time Overrun is 4407 us[EOL]
[2026-09-22T08:30:49.157782Z][TRM_E.barcodereader][W][2330306][133]CRTCyclicEvent.cpp:TimeMissed():101|Cycle miss in event CCSICombinedRepManager. Time Overrun is 4407 us[EOL]
[2026-09-22T08:30:50.044388Z][TRM_E.newgen-tiprackmagazine][W][2330306][141]CRTCyclicEvent.cpp:TimeMissed():101|Cycle miss in event CCSICombinedCmdManager Cyclic Event. Time Overrun is 33543 us[EOL]
[2026-09-22T08:30:50.044416Z][TRM_E.newgen-tiprackmagazine][W][2330306][141]CRTCyclicEvent.cpp:TimeMissed():101|Cycle miss in event CCSICombinedRepManager. Time Overrun is 33543 us[EOL]
[2026-09-22T08:30:50.362525Z][TRM_E.newgen-tiprackmagazine][W][2330306][141]CRTCyclicEvent.cpp:TimeMissed():101|Cycle miss in event CCSICombinedCmdManager Cyclic Event. Time Overrun is 31679 us[EOL]
[2026-09-22T08:30:50.362558Z][TRM_E.newgen-tiprackmagazine][W][2330306][141]CRTCyclicEvent.cpp:TimeMissed():101|Cycle miss in event CCSICombinedRepManager. Time Overrun is 31679 us[EOL]
[2026-09-22T08:30:50.458180Z][TRM_E.barcodereader][W][2330306][133]CRTCyclicEvent.cpp:TimeMissed():101|Cycle miss in event CCSICombinedCmdManager Cyclic Event. Time Overrun is 74831 us[EOL]
[2026-09-22T08:30:50.458239Z][TRM_E.barcodereader][W][2330306][133]CRTCyclicEvent.cpp:TimeMissed():101|Cycle miss in event CCSICombinedRepManager. Time Overrun is 74831 us[EOL]
[2026-09-22T08:30:50.660429Z][TRM_E.newgen-tiprackmagazine][W][2330306][141]CRTCyclicEvent.cpp:TimeMissed():101|Cycle miss in event CCSICombinedCmdManager Cyclic Event. Time Overrun is 29582 us[EOL]
[2026-09-22T08:30:50.660510Z][TRM_E.newgen-tiprackmagazine][W][2330306][141]CRTCyclicEvent.cpp:TimeMissed():101|Cycle miss in event CCSICombinedRepManager. Time Overrun is 29582 us[EOL]
[2026-09-22T08:30:50.751711Z][TRM_E.barcodereader][W][2330306][133]CRTCyclicEvent.cpp:TimeMissed():101|Cycle miss in event CCSICombinedCmdManager Cyclic Event. Time Overrun is 68361 us[EOL]
[2026-09-22T08:30:50.751759Z][TRM_E.barcodereader][W][2330306][133]CRTCyclicEvent.cpp:TimeMissed():101|Cycle miss in event CCSICombinedRepManager. Time Overrun is 68361 us[EOL]
[2026-09-22T08:30:50.940978Z][TRM_E.barcodereader][W][2330306][133]CRTCyclicEvent.cpp:TimeMissed():101|Cycle miss in event CCSICombinedCmdManager Cyclic Event. Time Overrun is 77625 us[EOL]
[2026-09-22T08:30:50.941032Z][TRM_E.barcodereader][W][2330306][133]CRTCyclicEvent.cpp:TimeMissed():101|Cycle miss in event CCSICombinedRepManager. Time Overrun is 77625 us[EOL]
[2026-09-22T08:30:50.942027Z][TRM_E.newgen-tiprackmagazine][W][2330306][141]CRTCyclicEvent.cpp:TimeMissed():101|Cycle miss in event CCSICombinedCmdManager Cyclic Event. Time Overrun is 1180 us[EOL]
[2026-09-22T08:30:50.942067Z][TRM_E.newgen-tiprackmagazine][W][2330306][141]CRTCyclicEvent.cpp:TimeMissed():101|Cycle miss in event CCSICombinedRepManager. Time Overrun is 1180 us[EOL]
[2026-09-22T08:30:51.076568Z][TRM_E.barcodereader][W][2330306][133]CRTCyclicEvent.cpp:TimeMissed():101|Cycle miss in event CCSICyclicRepManager. Time Overrun is 28015 us[EOL]
[2026-09-22T08:30:51.168769Z][TRM_E.barcodereader][W][2330306][133]CRTCyclicEvent.cpp:TimeMissed():101|Cycle miss in event CCSICombinedCmdManager Cyclic Event. Time Overrun is 95419 us[EOL]
[2026-09-22T08:30:51.168798Z][TRM_E.barcodereader][W][2330306][133]CRTCyclicEvent.cpp:TimeMissed():101|Cycle miss in event CCSICombinedRepManager. Time Overrun is 95419 us[EOL]
[2026-09-22T08:30:51.209253Z][TRM_E.newgen-tiprackmagazine][W][2330306][141]CRTCyclicEvent.cpp:TimeMissed():101|Cycle miss in event CCSICombinedCmdManager Cyclic Event. Time Overrun is 98397 us[EOL]
[2026-09-22T08:30:51.209311Z][TRM_E.newgen-tiprackmagazine][W][2330306][141]CRTCyclicEvent.cpp:TimeMissed():101|Cycle miss in event CCSICombinedRepManager. Time Overrun is 98397 us[EOL]
[2026-09-22T08:30:51.467405Z][TRM_E.newgen-tiprackmagazine][W][2330306][141]CRTCyclicEvent.cpp:TimeMissed():101|Cycle miss in event CCSICombinedCmdManager Cyclic Event. Time Overrun is 146549 us[EOL]
[2026-09-22T08:30:51.467478Z][TRM_E.newgen-tiprackmagazine][W][2330306][141]CRTCyclicEvent.cpp:TimeMissed():101|Cycle miss in event CCSICombinedRepManager. Time Overrun is 146549 us[EOL]
[2026-09-22T08:30:51.661088Z][TRM_E.barcodereader][W][2330306][133]CRTCyclicEvent.cpp:TimeMissed():101|Cycle miss in event CCSICombinedCmdManager Cyclic Event. Time Overrun is 67739 us[EOL]
[2026-09-22T08:30:51.661123Z][TRM_E.barcodereader][W][2330306][133]CRTCyclicEvent.cpp:TimeMissed():101|Cycle miss in event CCSICombinedRepManager. Time Overrun is 67739 us[EOL]
[2026-09-22T08:30:51.844692Z][TRM_E.barcodereader][W][2330306][133]CRTCyclicEvent.cpp:TimeMissed():101|Cycle miss in event CCSICombinedCmdManager Cyclic Event. Time Overrun is 71341 us[EOL]
[2026-09-22T08:30:51.844743Z][TRM_E.barcodereader][W][2330306][133]CRTCyclicEvent.cpp:TimeMissed():101|Cycle miss in event CCSICombinedRepManager. Time Overrun is 71341 us[EOL]
[2026-09-22T08:30:51.969026Z][TRM_E.barcodereader][W][2330306][133]CRTCyclicEvent.cpp:TimeMissed():101|Cycle miss in event CCSICombinedCmdManager Cyclic Event. Time Overrun is 5676 us[EOL]
[2026-09-22T08:30:52.134044Z][TRM_E.newgen-tiprackmagazine][W][2330306][141]CRTCyclicEvent.cpp:TimeMissed():101|Cycle miss in event CCSICyclicRepManager. Time Overrun is 27688 us[EOL]
[2026-09-22T08:30:52.134239Z][TRM_E.newgen-tiprackmagazine][W][2330306][141]CRTCyclicEvent.cpp:TimeMissed():101|Cycle miss in event CCSICombinedCmdManager Cyclic Event. Time Overrun is 143395 us[EOL]
[2026-09-22T08:30:52.134256Z][TRM_E.newgen-tiprackmagazine][W][2330306][141]CRTCyclicEvent.cpp:TimeMissed():101|Cycle miss in event CCSICombinedRepManager. Time Overrun is 143395 us[EOL]
[2026-09-22T08:30:51.969063Z][TRM_E.barcodereader][W][2330306][133]CRTCyclicEvent.cpp:TimeMissed():101|Cycle miss in event CCSICombinedRepManager. Time Overrun is 5676 us[EOL]
[2026-09-22T08:30:52.134163Z][TRM_E.barcodereader][W][2330306][133]CRTCyclicEvent.cpp:TimeMissed():101|Cycle miss in event CCSICombinedCmdManager Cyclic Event. Time Overrun is 50817 us[EOL]
[2026-09-22T08:30:52.134187Z][TRM_E.barcodereader][W][2330306][133]CRTCyclicEvent.cpp:TimeMissed():101|Cycle miss in event CCSICombinedRepManager. Time Overrun is 50817 us[EOL]
[2026-09-22T08:30:54.105255Z][TRM_E.newgen-tiprackmagazine][I][2560016][141]IMessageHandler.h:operator()():53|Received RabbitMqMessage Roche.c68_8800.InstrumentState.InstrumentStateChanged. Content: {"Timestamp":"2026-09-22T08:30:54.0984578Z","TraceContext":"00-dd82d13ed26ec30b58a7827c44aa343a-014e6ef3e222c3c6-01","OldState":"StartingUp","NewState":"Initializing"}[EOL]
[2026-09-22T08:30:54.105435Z][TRM_E.newgen-tiprackmagazine][I][2560016][141]IMessageHandler.h:operator()():40|Received RabbitMqMessage Roche.c68_8800.InstrumentState.InstrumentStateChanged. Content: {"Timestamp":"2026-09-22T08:30:54.0984578Z","TraceContext":"00-dd82d13ed26ec30b58a7827c44aa343a-014e6ef3e222c3c6-01","OldState":"StartingUp","NewState":"Initializing"}[EOL]
[2026-09-22T08:30:54.179630Z][TRM_E.newgen-tiprackmagazine][I][2560016][141]IMessageHandler.h:operator()():53|Received RabbitMqMessage Roche.c68_8800.SafetyInterlock.SafetyInterlockStateChanged. Content: {"Timestamp":"2026-09-22T08:30:54.117692Z","TraceContext":"00-e0a11a4e0143fb0bf821828b479eb84c-a12b0da5a3395285-01","OldState":"NotReady","NewState":"Initializing"}[EOL]
[2026-09-22T08:30:54.254212Z][TRM_E.newgen-tiprackmagazine][I][2560016][141]IMessageHandler.h:operator()():53|Received RabbitMqMessage Roche.MolLab.PersistentMemory.PersistentMemoryStateChanged. Content: {"Timestamp":"2026-09-22T08:30:54.169350Z","TraceContext":"00-0649ea3f1708a5ce69837ced40982ff8-306d3b7fcfba3552-01","OldState":"NotReady","NewState":"Initializing"}[EOL]
[2026-09-22T08:30:54.296454Z][TRM_E.newgen-tiprackmagazine][I][2560016][141]IMessageHandler.h:operator()():53|Received RabbitMqMessage Roche.MolLab.PersistentMemory.PersistentMemoryStateChanged. Content: {"Timestamp":"2026-09-22T08:30:54.169638Z","TraceContext":"00-95b4b24afc2e8d3ff2a69b639b191547-e18e9a5eb757cb13-01","OldState":"Initializing","NewState":"Ready"}[EOL]
[2026-09-22T08:30:54.423073Z][TRM_E.newgen-tiprackmagazine][W][2330306][141]CRTCyclicEvent.cpp:TimeMissed():101|Cycle miss in event CCSICombinedCmdManager Cyclic Event. Time Overrun is 2223 us[EOL]
[2026-09-22T08:30:54.423118Z][TRM_E.newgen-tiprackmagazine][W][2330306][141]CRTCyclicEvent.cpp:TimeMissed():101|Cycle miss in event CCSICombinedRepManager. Time Overrun is 2223 us[EOL]
[2026-09-22T08:30:54.507459Z][TRM_E.barcodereader][W][2330306][133]CRTCyclicEvent.cpp:TimeMissed():101|Cycle miss in event CCSICombinedCmdManager Cyclic Event. Time Overrun is 14113 us[EOL]
[2026-09-22T08:30:54.507513Z][TRM_E.barcodereader][W][2330306][133]CRTCyclicEvent.cpp:TimeMissed():101|Cycle miss in event CCSICombinedRepManager. Time Overrun is 14113 us[EOL]
[2026-09-22T08:30:54.638335Z][TRM_E.barcodereader][W][2330306][133]CRTCyclicEvent.cpp:TimeMissed():101|Cycle miss in event CCSICombinedCmdManager Cyclic Event. Time Overrun is 4989 us[EOL]
[2026-09-22T08:30:54.638360Z][TRM_E.barcodereader][W][2330306][133]CRTCyclicEvent.cpp:TimeMissed():101|Cycle miss in event CCSICombinedRepManager. Time Overrun is 4989 us[EOL]
[2026-09-22T08:30:55.544357Z][TRM_E.barcodereader][W][2330306][133]CRTCyclicEvent.cpp:TimeMissed():101|Cycle miss in event CCSICombinedCmdManager Cyclic Event. Time Overrun is 1010 us[EOL]
[2026-09-22T08:30:55.544386Z][TRM_E.barcodereader][W][2330306][133]CRTCyclicEvent.cpp:TimeMissed():101|Cycle miss in event CCSICombinedRepManager. Time Overrun is 1010 us[EOL]
[2026-09-22T08:30:55.575069Z][TRM_E.newgen-tiprackmagazine][W][2330306][141]CRTCyclicEvent.cpp:TimeMissed():101|Cycle miss in event CCSICombinedCmdManager Cyclic Event. Time Overrun is 14219 us[EOL]
[2026-09-22T08:30:55.575113Z][TRM_E.newgen-tiprackmagazine][W][2330306][141]CRTCyclicEvent.cpp:TimeMissed():101|Cycle miss in event CCSICombinedRepManager. Time Overrun is 14219 us[EOL]
[2026-09-22T08:30:55.721160Z][TRM_E.barcodereader][W][2330306][133]CRTCyclicEvent.cpp:TimeMissed():101|Cycle miss in event CCSICombinedCmdManager Cyclic Event. Time Overrun is 57811 us[EOL]
[2026-09-22T08:30:55.721209Z][TRM_E.barcodereader][W][2330306][133]CRTCyclicEvent.cpp:TimeMissed():101|Cycle miss in event CCSICombinedRepManager. Time Overrun is 57811 us[EOL]
[2026-09-22T08:30:55.808840Z][TRM_E.newgen-tiprackmagazine][W][2330306][141]CRTCyclicEvent.cpp:TimeMissed():101|Cycle miss in event CCSICombinedCmdManager Cyclic Event. Time Overrun is 117965 us[EOL]
[2026-09-22T08:30:55.809225Z][TRM_E.newgen-tiprackmagazine][W][2330306][141]CRTCyclicEvent.cpp:TimeMissed():101|Cycle miss in event CCSICombinedRepManager. Time Overrun is 117965 us[EOL]
[2026-09-22T08:30:55.809666Z][TRM_E.newgen-tiprackmagazine][W][2330306][141]CRTCyclicEvent.cpp:TimeMissed():101|Cycle miss in event CCSICyclicRepManager. Time Overrun is 3031 us[EOL]
[2026-09-22T08:30:55.995787Z][TRM_E.newgen-tiprackmagazine][W][2330306][141]CRTCyclicEvent.cpp:TimeMissed():101|Cycle miss in event CCSICombinedCmdManager Cyclic Event. Time Overrun is 74944 us[EOL]
[2026-09-22T08:30:55.995806Z][TRM_E.newgen-tiprackmagazine][W][2330306][141]CRTCyclicEvent.cpp:TimeMissed():101|Cycle miss in event CCSICombinedRepManager. Time Overrun is 74944 us[EOL]
[2026-09-22T08:30:56.209592Z][TRM_E.newgen-tiprackmagazine][W][2330306][141]CRTCyclicEvent.cpp:TimeMissed():101|Cycle miss in event CCSICombinedCmdManager Cyclic Event. Time Overrun is 98744 us[EOL]
[2026-09-22T08:30:56.209626Z][TRM_E.newgen-tiprackmagazine][W][2330306][141]CRTCyclicEvent.cpp:TimeMissed():101|Cycle miss in event CCSICombinedRepManager. Time Overrun is 98744 us[EOL]
[2026-09-22T08:30:56.330018Z][TRM_E.newgen-tiprackmagazine][W][2330306][141]CRTCyclicEvent.cpp:TimeMissed():101|Cycle miss in event CCSICombinedCmdManager Cyclic Event. Time Overrun is 9175 us[EOL]
[2026-09-22T08:30:56.330042Z][TRM_E.newgen-tiprackmagazine][W][2330306][141]CRTCyclicEvent.cpp:TimeMissed():101|Cycle miss in event CCSICombinedRepManager. Time Overrun is 9175 us[EOL]
[2026-09-22T08:30:55.809120Z][TRM_E.barcodereader][W][2330306][133]CRTCyclicEvent.cpp:TimeMissed():101|Cycle miss in event CCSICyclicRepManager. Time Overrun is 60568 us[EOL]
[2026-09-22T08:30:55.995179Z][TRM_E.barcodereader][W][2330306][133]CRTCyclicEvent.cpp:TimeMissed():101|Cycle miss in event CCSICombinedCmdManager Cyclic Event. Time Overrun is 141835 us[EOL]
[2026-09-22T08:30:55.995216Z][TRM_E.barcodereader][W][2330306][133]CRTCyclicEvent.cpp:TimeMissed():101|Cycle miss in event CCSICombinedRepManager. Time Overrun is 141835 us[EOL]
[2026-09-22T08:30:56.210008Z][TRM_E.barcodereader][W][2330306][133]CRTCyclicEvent.cpp:TimeMissed():101|Cycle miss in event CCSICombinedCmdManager Cyclic Event. Time Overrun is 96659 us[EOL]
[2026-09-22T08:30:56.210036Z][TRM_E.barcodereader][W][2330306][133]CRTCyclicEvent.cpp:TimeMissed():101|Cycle miss in event CCSICombinedRepManager. Time Overrun is 96659 us[EOL]
[2026-09-22T08:30:56.329929Z][TRM_E.barcodereader][W][2330306][133]CRTCyclicEvent.cpp:TimeMissed():101|Cycle miss in event CCSICombinedCmdManager Cyclic Event. Time Overrun is 6581 us[EOL]
[2026-09-22T08:30:56.329956Z][TRM_E.barcodereader][W][2330306][133]CRTCyclicEvent.cpp:TimeMissed():101|Cycle miss in event CCSICombinedRepManager. Time Overrun is 6581 us[EOL]
[2026-09-22T08:30:56.442456Z][TRM_E.newgen-tiprackmagazine][W][2330306][141]CRTCyclicEvent.cpp:TimeMissed():101|Cycle miss in event CCSICombinedCmdManager Cyclic Event. Time Overrun is 1611 us[EOL]
[2026-09-22T08:30:56.442488Z][TRM_E.newgen-tiprackmagazine][W][2330306][141]CRTCyclicEvent.cpp:TimeMissed():101|Cycle miss in event CCSICombinedRepManager. Time Overrun is 1611 us[EOL]
[2026-09-22T08:30:56.499500Z][TRM_E.barcodereader][W][2330306][133]CRTCyclicEvent.cpp:TimeMissed():101|Cycle miss in event CCSICombinedCmdManager Cyclic Event. Time Overrun is 26153 us[EOL]
[2026-09-22T08:30:56.499553Z][TRM_E.barcodereader][W][2330306][133]CRTCyclicEvent.cpp:TimeMissed():101|Cycle miss in event CCSICombinedRepManager. Time Overrun is 26153 us[EOL]
[2026-09-22T08:30:56.619617Z][TRM_E.barcodereader][W][2330306][133]CRTCyclicEvent.cpp:TimeMissed():101|Cycle miss in event CCSICombinedCmdManager Cyclic Event. Time Overrun is 6267 us[EOL]
[2026-09-22T08:30:56.619663Z][TRM_E.barcodereader][W][2330306][133]CRTCyclicEvent.cpp:TimeMissed():101|Cycle miss in event CCSICombinedRepManager. Time Overrun is 6267 us[EOL]
[2026-09-22T08:30:56.623339Z][TRM_E.newgen-tiprackmagazine][W][2330306][141]CRTCyclicEvent.cpp:TimeMissed():101|Cycle miss in event CCSICombinedCmdManager Cyclic Event. Time Overrun is 2492 us[EOL]
[2026-09-22T08:30:56.623378Z][TRM_E.newgen-tiprackmagazine][W][2330306][141]CRTCyclicEvent.cpp:TimeMissed():101|Cycle miss in event CCSICombinedRepManager. Time Overrun is 2492 us[EOL]
[2026-09-22T08:30:56.737245Z][TRM_E.barcodereader][W][2330306][133]CRTCyclicEvent.cpp:TimeMissed():101|Cycle miss in event CCSICombinedCmdManager Cyclic Event. Time Overrun is 3901 us[EOL]
[2026-09-22T08:30:56.737265Z][TRM_E.barcodereader][W][2330306][133]CRTCyclicEvent.cpp:TimeMissed():101|Cycle miss in event CCSICombinedRepManager. Time Overrun is 3901 us[EOL]
[2026-09-22T08:30:56.743681Z][TRM_E.newgen-tiprackmagazine][W][2330306][141]CRTCyclicEvent.cpp:TimeMissed():101|Cycle miss in event CCSICombinedCmdManager Cyclic Event. Time Overrun is 2834 us[EOL]
[2026-09-22T08:30:56.743727Z][TRM_E.newgen-tiprackmagazine][W][2330306][141]CRTCyclicEvent.cpp:TimeMissed():101|Cycle miss in event CCSICombinedRepManager. Time Overrun is 2834 us[EOL]
[2026-09-22T08:30:56.855420Z][TRM_E.barcodereader][W][2330306][133]CRTCyclicEvent.cpp:TimeMissed():101|Cycle miss in event CCSICombinedCmdManager Cyclic Event. Time Overrun is 2076 us[EOL]
[2026-09-22T08:30:56.855456Z][TRM_E.barcodereader][W][2330306][133]CRTCyclicEvent.cpp:TimeMissed():101|Cycle miss in event CCSICombinedRepManager. Time Overrun is 2076 us[EOL]
[2026-09-22T08:30:56.882517Z][TRM_E.newgen-tiprackmagazine][W][2330306][141]CRTCyclicEvent.cpp:TimeMissed():101|Cycle miss in event CCSICombinedCmdManager Cyclic Event. Time Overrun is 11671 us[EOL]
[2026-09-22T08:30:56.882553Z][TRM_E.newgen-tiprackmagazine][W][2330306][141]CRTCyclicEvent.cpp:TimeMissed():101|Cycle miss in event CCSICombinedRepManager. Time Overrun is 11671 us[EOL]
[2026-09-22T08:30:57.063340Z][TRM_E.newgen-tiprackmagazine][W][2330306][141]CRTCyclicEvent.cpp:TimeMissed():101|Cycle miss in event CCSICombinedCmdManager Cyclic Event. Time Overrun is 2494 us[EOL]
[2026-09-22T08:30:57.063374Z][TRM_E.newgen-tiprackmagazine][W][2330306][141]CRTCyclicEvent.cpp:TimeMissed():101|Cycle miss in event CCSICombinedRepManager. Time Overrun is 2494 us[EOL]
[2026-09-22T08:30:57.103847Z][TRM_E.barcodereader][W][2330306][133]CRTCyclicEvent.cpp:TimeMissed():101|Cycle miss in event CCSICombinedCmdManager Cyclic Event. Time Overrun is 10501 us[EOL]
[2026-09-22T08:30:57.103872Z][TRM_E.barcodereader][W][2330306][133]CRTCyclicEvent.cpp:TimeMissed():101|Cycle miss in event CCSICombinedRepManager. Time Overrun is 10501 us[EOL]
[2026-09-22T08:30:57.184346Z][TRM_E.newgen-tiprackmagazine][W][2330306][141]CRTCyclicEvent.cpp:TimeMissed():101|Cycle miss in event CCSICombinedCmdManager Cyclic Event. Time Overrun is 3501 us[EOL]
[2026-09-22T08:30:57.184379Z][TRM_E.newgen-tiprackmagazine][W][2330306][141]CRTCyclicEvent.cpp:TimeMissed():101|Cycle miss in event CCSICombinedRepManager. Time Overrun is 3501 us[EOL]
[2026-09-22T08:30:57.259449Z][TRM_E.barcodereader][W][2330306][133]CRTCyclicEvent.cpp:TimeMissed():101|Cycle miss in event CCSICombinedCmdManager Cyclic Event. Time Overrun is 6102 us[EOL]
[2026-09-22T08:30:57.259477Z][TRM_E.barcodereader][W][2330306][133]CRTCyclicEvent.cpp:TimeMissed():101|Cycle miss in event CCSICombinedRepManager. Time Overrun is 6102 us[EOL]
[2026-09-22T08:30:57.476976Z][TRM_E.barcodereader][W][2330306][133]CRTCyclicEvent.cpp:TimeMissed():101|Cycle miss in event CCSICombinedCmdManager Cyclic Event. Time Overrun is 3580 us[EOL]
[2026-09-22T08:30:57.477015Z][TRM_E.barcodereader][W][2330306][133]CRTCyclicEvent.cpp:TimeMissed():101|Cycle miss in event CCSICombinedRepManager. Time Overrun is 3580 us[EOL]
[2026-09-22T08:30:57.507466Z][TRM_E.newgen-tiprackmagazine][W][2330306][141]CRTCyclicEvent.cpp:TimeMissed():101|Cycle miss in event CCSICombinedCmdManager Cyclic Event. Time Overrun is 206621 us[EOL]
[2026-09-22T08:30:57.507504Z][TRM_E.newgen-tiprackmagazine][W][2330306][141]CRTCyclicEvent.cpp:TimeMissed():101|Cycle miss in event CCSICombinedRepManager. Time Overrun is 206621 us[EOL]
[2026-09-22T08:30:58.691400Z][TRM_E.newgen-tiprackmagazine][I][2560016][141]IMessageHandler.h:operator()():40|Received RabbitMqMessage Roche.MolLab.InstrumentState.Ping. Content: {"Timestamp":"2026-09-22T08:30:58.6811354Z","PingId":"IS2"}[EOL]
[2026-09-22T08:30:58.691489Z][TRM_E.newgen-tiprackmagazine][I][844444436][141]UnitCommunicator.cpp:SendEvent():424|Publishing event: type=Roche.c68_8800.TipRackMagazine.E.Echo correlation_id=(n/a)[EOL]
[2026-09-22T08:30:58.691525Z][TRM_E.newgen-tiprackmagazine][I][2560017][141]MessageSender.h:SendEvent():105|Sent RabbitMqEvent Roche.c68_8800.TipRackMagazine.E.Echo. Content: {"Timestamp":"2026-09-22T08:30:58.691471Z","MagazineId":"E","PingId":"IS2"}[EOL]
[2026-09-22T08:30:59.180798Z][TRM_E.newgen-tiprackmagazine][I][2560016][141]IMessageHandler.h:operator()():53|Received RabbitMqMessage Roche.c68_8800.SafetyInterlock.SafetyInterlockStateChanged. Content: {"Timestamp":"2026-09-22T08:30:58.905001Z","TraceContext":"00-bc37f880e04003a1a9d2180ec07e3c86-8c2b9e506f621d23-01","OldState":"Initializing","NewState":"Ready"}[EOL]
[2026-09-22T08:31:01.587509Z][TRM_E.newgen-tiprackmagazine][I][2560016][141]IMessageHandler.h:operator()():53|Received RabbitMqMessage Roche.c68_8800.SafetyInterlock.HardwareMovementsAllowed. Content: {"Timestamp":"2026-09-22T08:31:01.581503Z","TraceContext":"00-7f29cc5779731666087e988d0abe72fb-b296aa185f30be7a-01","IsEnabled":true}[EOL]
[2026-09-22T08:31:01.621786Z][TRM_E.newgen-tiprackmagazine][I][2560016][141]IMessageHandler.h:operator()():53|Received RabbitMqMessage Roche.c68_8800.MainHandler.MainHandlerStateChanged. Content: {"Timestamp":"2026-09-22T08:31:01.587064Z","TraceContext":"00-6a7673f1852bc71ba2b8717ecb0ebbeb-169f782686c8076d-01","OldState":"NotReady","NewState":"Initializing"}[EOL]
[2026-09-22T08:31:04.964975Z][TRM_E.newgen-tiprackmagazine][W][2330306][141]CRTCyclicEvent.cpp:TimeMissed():101|Cycle miss in event CCSICombinedCmdManager Cyclic Event. Time Overrun is 14130 us[EOL]
[2026-09-22T08:31:04.965007Z][TRM_E.newgen-tiprackmagazine][W][2330306][141]CRTCyclicEvent.cpp:TimeMissed():101|Cycle miss in event CCSICombinedRepManager. Time Overrun is 14130 us[EOL]
[2026-09-22T08:31:06.584616Z][TRM_E.newgen-tiprackmagazine][W][2330306][141]CRTCyclicEvent.cpp:TimeMissed():101|Cycle miss in event CCSICombinedCmdManager Cyclic Event. Time Overrun is 13772 us[EOL]
[2026-09-22T08:31:06.584649Z][TRM_E.newgen-tiprackmagazine][W][2330306][141]CRTCyclicEvent.cpp:TimeMissed():101|Cycle miss in event CCSICombinedRepManager. Time Overrun is 13772 us[EOL]
[2026-09-22T08:31:08.383180Z][TRM_E.barcodereader][I][1390024][133]CInitProcedure.cpp:SetParameter():91|Init procedure loaded. Parameters: [EOL]
[2026-09-22T08:31:08.381947Z][TRM_E.newgen-tiprackmagazine][I][2560016][141]IMessageHandler.h:operator()():53|Received RabbitMqMessage Roche.c68_8800.MainHandler.MainHandlerZAxisInitialized. Content: {"Timestamp":"2026-09-22T08:31:08.379026Z","TraceContext":"00-dd82d13ed26ec30b58a7827c44aa343a-803d58b452b0f6e9-01"}[EOL]
[2026-09-22T08:31:08.383603Z][TRM_E.barcodereader][N][2330072][133]CMessageBrokerEventHelper.cpp:SendModuleStateChangedEvent():34|Raise ModuleStateChanged Event: OriginatorId 0, ModuleState ModuleState_Initializing (3), OldModuleState ModuleState_Prepared (2)[EOL]
[2026-09-22T08:31:08.382433Z][TRM_E.newgen-tiprackmagazine][N][6830070][141]CInitProcedure.cpp:SetParameter():54|Procedure ProcTypeId_Init (6830003) called from internal with instanceId (65535) and parameters: {}[EOL]
[2026-09-22T08:31:08.382533Z][TRM_E.newgen-tiprackmagazine][I][0][141]CASStateMachine.cpp:ReportStateChange():113|ModuleState changed: ModuleState_Prepared (2) ==> ModuleState_Initializing (3)[EOL]
[2026-09-22T08:31:08.385337Z][TRM_E.barcodereader][I][1390024][133]CCLP510InitProcedure.cpp:SetParameter():49|CLP510Init procedure loaded. Parameters: [EOL]
[2026-09-22T08:31:08.388382Z][TRM_E.barcodereader][I][1390034][133]CCheckCommandResponseStep.cpp:ReadReport():98|CCheckCommandResponseStep of cmd: 0x1b 0x59 0x0d with response: 0x06[EOL]
[2026-09-22T08:31:08.388492Z][TRM_E.barcodereader][N][2330072][133]CMessageBrokerEventHelper.cpp:SendModuleStateChangedEvent():34|Raise ModuleStateChanged Event: OriginatorId 0, ModuleState ModuleState_Ready (4), OldModuleState ModuleState_Initializing (3)[EOL]
[2026-09-22T08:31:08.382566Z][TRM_E.newgen-tiprackmagazine][I][844444436][141]UnitCommunicator.cpp:SendEvent():424|Publishing event: type=Roche.c68_8800.TipRackMagazine.E.TipRackMagazineStateChanged correlation_id=(n/a)[EOL]
[2026-09-22T08:31:08.382616Z][TRM_E.newgen-tiprackmagazine][I][2560017][141]MessageSender.h:SendEvent():105|Sent RabbitMqEvent Roche.c68_8800.TipRackMagazine.E.TipRackMagazineStateChanged. Content: {"Timestamp":"2026-09-22T08:31:08.382560Z","TraceContext":"00-662c47157d259d1f2c2c7903ef0cfa81-7f78534783fdbedb-01","MagazineId":"E","OldState":"NotReady","NewState":"Initializing"}[EOL]
[2026-09-22T08:31:08.382639Z][TRM_E.newgen-tiprackmagazine][I][844444436][141]UnitCommunicator.cpp:SendEvent():424|Publishing event: type=Roche.c68_8800.TipRackMagazine.E.UnitStateChanged correlation_id=(n/a)[EOL]
[2026-09-22T08:31:08.382661Z][TRM_E.newgen-tiprackmagazine][I][2560017][141]MessageSender.h:SendEvent():105|Sent RabbitMqEvent Roche.c68_8800.TipRackMagazine.E.UnitStateChanged. Content: {"Timestamp":"2026-09-22T08:31:08.382634Z","TraceContext":"00-1ac30137d8db9d5a9f98d233ae7c8723-174dd39c2aedcb0c-01","MagazineId":"E","OldState":"StartedUp","NewState":"Initializing"}[EOL]
[2026-09-22T08:31:08.389800Z][TRM_E.newgen-tiprackmagazine][I][1009003][141]CInitOneAxisIntProcedure.cpp:SetParameter():127|MotionDevice 0, TimingClassification 11, InitStructureID 0[EOL]
[2026-09-22T08:31:08.389939Z][TRM_E.newgen-tiprackmagazine][I][1009005][141]CEnableOneMotorDeviceIntProcedure.cpp:SetParameter():82|MotionDevice 0[EOL]
[2026-09-22T08:31:08.553902Z][TRM_E.newgen-tiprackmagazine][N][6830070][141]CInventoryProcedure.cpp:SetParameter():46|Procedure ProcTypeId_Inventory (6830014) called from internal with instanceId (65534) and parameters: {}[EOL]
[2026-09-22T08:31:08.556411Z][TRM_E.newgen-tiprackmagazine][I][1009050][141]CGetSingleBitInputStateStep.cpp:ReportReceived():117|The received signal level is SignalLevel_H_L_Enum_Low (0)[EOL]
[2026-09-22T08:31:08.556557Z][TRM_E.newgen-tiprackmagazine][I][844444436][141]UnitCommunicator.cpp:SendEvent():424|Publishing event: type=Roche.c68_8800.TipRackMagazine.E.TipRackPresenceSensorStateChanged correlation_id=(n/a)[EOL]
[2026-09-22T08:31:08.556594Z][TRM_E.newgen-tiprackmagazine][I][2560017][141]MessageSender.h:SendEvent():105|Sent RabbitMqEvent Roche.c68_8800.TipRackMagazine.E.TipRackPresenceSensorStateChanged. Content: {"Timestamp":"2026-09-22T08:31:08.556545Z","MagazineId":"E","IsPresent":false}[EOL]
[2026-09-22T08:31:08.595710Z][TRM_E.newgen-tiprackmagazine][I][6830065][141]CCountingConsumablesProcedure.cpp:SetParameter():74|CountingConsumables is called[EOL]
[2026-09-22T08:31:08.599294Z][TRM_E.newgen-tiprackmagazine][I][1009050][141]CGetSingleBitInputStateStep.cpp:ReportReceived():117|The received signal level is SignalLevel_H_L_Enum_Low (0)[EOL]
[2026-09-22T08:31:08.757478Z][TRM_E.newgen-tiprackmagazine][I][6830041][141]CPrepareMovementAbsoluteDPInitStep.cpp:DoStep():43|Moved Distance is: 0.338200[EOL]
[2026-09-22T08:31:08.757500Z][TRM_E.newgen-tiprackmagazine][I][6830042][141]CPrepareMovementAbsoluteDPInitStep.cpp:DoStep():47|Z- Correction evaluated: 0.000000[EOL]
[2026-09-22T08:31:08.759774Z][TRM_E.newgen-tiprackmagazine][I][6830066][141]CReadLabelProcedure.cpp:SetParameter():138|ReadLabel with move direction: 1 is called[EOL]
[2026-09-22T08:31:08.813558Z][TRM_E.newgen-tiprackmagazine][I][844444436][141]UnitCommunicator.cpp:SendEvent():424|Publishing event: type=Roche.c68_8800.TipRackMagazine.E.TipRackMagazineContentChanged correlation_id=(n/a)[EOL]
[2026-09-22T08:31:08.813739Z][TRM_E.newgen-tiprackmagazine][I][2560017][141]MessageSender.h:SendEvent():105|Sent RabbitMqEvent Roche.c68_8800.TipRackMagazine.E.TipRackMagazineContentChanged. Content: {"Timestamp":"2026-09-22T08:31:08.813526Z","TraceContext":"00-dd82d13ed26ec30b58a7827c44aa343a-b6d2b53fe99ccd46-01","MagazineId":"E","StoragePositions":[{"IsPresent":false},{"IsPresent":false},{"IsPresent":false},{"IsPresent":false}]}[EOL]
[2026-09-22T08:31:08.813788Z][TRM_E.newgen-tiprackmagazine][N][6830070][141]CInternalParkProcedure.cpp:SetParameter():24|Procedure ProcTypeId_InternalPark (6830009) called from internal with instanceId (65534) and parameters: {}[EOL]
[2026-09-22T08:31:08.865431Z][TRM_E.newgen-tiprackmagazine][I][0][141]CASStateMachine.cpp:ReportStateChange():113|ModuleState changed: ModuleState_Initializing (3) ==> ModuleState_Ready (4)[EOL]
[2026-09-22T08:31:08.865552Z][TRM_E.newgen-tiprackmagazine][I][844444436][141]UnitCommunicator.cpp:SendEvent():424|Publishing event: type=Roche.c68_8800.TipRackMagazine.E.TipRackMagazineStateChanged correlation_id=(n/a)[EOL]
[2026-09-22T08:31:08.865765Z][TRM_E.newgen-tiprackmagazine][I][2560017][141]MessageSender.h:SendEvent():105|Sent RabbitMqEvent Roche.c68_8800.TipRackMagazine.E.TipRackMagazineStateChanged. Content: {"Timestamp":"2026-09-22T08:31:08.865531Z","TraceContext":"00-26522379975846bc6de118faedfab5fe-74a8360332988eb4-01","MagazineId":"E","OldState":"Initializing","NewState":"Ready"}[EOL]
[2026-09-22T08:31:08.865792Z][TRM_E.newgen-tiprackmagazine][I][844444436][141]UnitCommunicator.cpp:SendEvent():424|Publishing event: type=Roche.c68_8800.TipRackMagazine.E.UnitStateChanged correlation_id=(n/a)[EOL]
[2026-09-22T08:31:08.865827Z][TRM_E.newgen-tiprackmagazine][I][2560017][141]MessageSender.h:SendEvent():105|Sent RabbitMqEvent Roche.c68_8800.TipRackMagazine.E.UnitStateChanged. Content: {"Timestamp":"2026-09-22T08:31:08.865788Z","TraceContext":"00-346b7c7e65af75a6e32a25fe2b264b0a-2c30b168fe13e69f-01","MagazineId":"E","OldState":"Initializing","NewState":"Operational"}[EOL]
[2026-09-22T08:31:09.173774Z][TRM_E.newgen-tiprackmagazine][I][2560016][141]IMessageHandler.h:operator()():53|Received RabbitMqMessage Roche.c68_8800.MainHandler.MainHandlerStateChanged. Content: {"Timestamp":"2026-09-22T08:31:09.161511Z","TraceContext":"00-3cad325d6e59a7116d4f58266a89d09a-d30a545c7043e64e-01","OldState":"Initializing","NewState":"Ready"}[EOL]
[2026-09-22T08:31:10.485758Z][TRM_E.barcodereader][W][2330306][133]CRTCyclicEvent.cpp:TimeMissed():101|Cycle miss in event CCSICombinedCmdManager Cyclic Event. Time Overrun is 12410 us[EOL]
[2026-09-22T08:31:10.485795Z][TRM_E.barcodereader][W][2330306][133]CRTCyclicEvent.cpp:TimeMissed():101|Cycle miss in event CCSICombinedRepManager. Time Overrun is 12410 us[EOL]
[2026-09-22T08:31:10.724371Z][TRM_E.barcodereader][W][2330306][133]CRTCyclicEvent.cpp:TimeMissed():101|Cycle miss in event CCSICombinedCmdManager Cyclic Event. Time Overrun is 1024 us[EOL]
[2026-09-22T08:31:10.724402Z][TRM_E.barcodereader][W][2330306][133]CRTCyclicEvent.cpp:TimeMissed():101|Cycle miss in event CCSICombinedRepManager. Time Overrun is 1024 us[EOL]
[2026-09-22T08:31:12.142459Z][TRM_E.newgen-tiprackmagazine][I][2560016][141]IMessageHandler.h:operator()():53|Received RabbitMqMessage Roche.c68_8800.InstrumentState.InstrumentStateChanged. Content: {"Timestamp":"2026-09-22T08:31:12.1379686Z","TraceContext":"00-096a14d08ddfa8652d114d8f390ec520-0d37330fa2f71cf3-01","OldState":"Initializing","NewState":"Standby"}[EOL]
[2026-09-22T08:31:12.142501Z][TRM_E.newgen-tiprackmagazine][I][2560016][141]IMessageHandler.h:operator()():40|Received RabbitMqMessage Roche.c68_8800.InstrumentState.InstrumentStateChanged. Content: {"Timestamp":"2026-09-22T08:31:12.1379686Z","TraceContext":"00-096a14d08ddfa8652d114d8f390ec520-0d37330fa2f71cf3-01","OldState":"Initializing","NewState":"Standby"}[EOL]
[2026-09-22T08:31:17.675751Z][TRM_E.newgen-tiprackmagazine][W][2330306][141]CRTCyclicEvent.cpp:TimeMissed():101|Cycle miss in event CCSICombinedCmdManager Cyclic Event. Time Overrun is 14898 us[EOL]
[2026-09-22T08:31:17.675787Z][TRM_E.newgen-tiprackmagazine][W][2330306][141]CRTCyclicEvent.cpp:TimeMissed():101|Cycle miss in event CCSICombinedRepManager. Time Overrun is 14898 us[EOL]
[2026-09-22T08:31:21.588273Z][TRM_E.newgen-tiprackmagazine][W][2330306][141]CRTCyclicEvent.cpp:TimeMissed():101|Cycle miss in event CCSICombinedCmdManager Cyclic Event. Time Overrun is 7404 us[EOL]
[2026-09-22T08:31:21.588317Z][TRM_E.newgen-tiprackmagazine][W][2330306][141]CRTCyclicEvent.cpp:TimeMissed():101|Cycle miss in event CCSICombinedRepManager. Time Overrun is 7404 us[EOL]
[2026-09-22T08:31:26.314065Z][TRM_E.barcodereader][W][2330306][133]CRTCyclicEvent.cpp:TimeMissed():101|Cycle miss in event CCSICombinedCmdManager Cyclic Event. Time Overrun is 720 us[EOL]
[2026-09-22T08:31:26.314085Z][TRM_E.barcodereader][W][2330306][133]CRTCyclicEvent.cpp:TimeMissed():101|Cycle miss in event CCSICombinedRepManager. Time Overrun is 720 us[EOL]
[2026-09-22T08:31:26.313637Z][TRM_E.newgen-tiprackmagazine][W][2330306][141]CRTCyclicEvent.cpp:TimeMissed():101|Cycle miss in event CCSICombinedCmdManager Cyclic Event. Time Overrun is 2728 us[EOL]
[2026-09-22T08:31:26.313661Z][TRM_E.newgen-tiprackmagazine][W][2330306][141]CRTCyclicEvent.cpp:TimeMissed():101|Cycle miss in event CCSICombinedRepManager. Time Overrun is 2728 us[EOL]
[2026-09-22T08:31:26.472396Z][TRM_E.newgen-tiprackmagazine][W][2330306][141]CRTCyclicEvent.cpp:TimeMissed():101|Cycle miss in event CCSICombinedCmdManager Cyclic Event. Time Overrun is 41547 us[EOL]
[2026-09-22T08:31:26.472437Z][TRM_E.newgen-tiprackmagazine][W][2330306][141]CRTCyclicEvent.cpp:TimeMissed():101|Cycle miss in event CCSICombinedRepManager. Time Overrun is 41547 us[EOL]
[2026-09-22T08:31:26.472859Z][TRM_E.barcodereader][W][2330306][133]CRTCyclicEvent.cpp:TimeMissed():101|Cycle miss in event CCSICombinedCmdManager Cyclic Event. Time Overrun is 39501 us[EOL]
[2026-09-22T08:31:26.472900Z][TRM_E.barcodereader][W][2330306][133]CRTCyclicEvent.cpp:TimeMissed():101|Cycle miss in event CCSICombinedRepManager. Time Overrun is 39501 us[EOL]
[2026-09-22T08:31:27.003945Z][TRM_E.newgen-tiprackmagazine][W][2330306][141]CRTCyclicEvent.cpp:TimeMissed():101|Cycle miss in event CCSICombinedCmdManager Cyclic Event. Time Overrun is 3102 us[EOL]
[2026-09-22T08:31:27.003967Z][TRM_E.newgen-tiprackmagazine][W][2330306][141]CRTCyclicEvent.cpp:TimeMissed():101|Cycle miss in event CCSICombinedRepManager. Time Overrun is 3102 us[EOL]
[2026-09-22T08:31:27.006566Z][TRM_E.barcodereader][W][2330306][133]CRTCyclicEvent.cpp:TimeMissed():101|Cycle miss in event CCSICombinedCmdManager Cyclic Event. Time Overrun is 3221 us[EOL]
[2026-09-22T08:31:27.006586Z][TRM_E.barcodereader][W][2330306][133]CRTCyclicEvent.cpp:TimeMissed():101|Cycle miss in event CCSICombinedRepManager. Time Overrun is 3221 us[EOL]
[2026-09-22T08:31:27.742934Z][TRM_E.barcodereader][W][2330306][133]CRTCyclicEvent.cpp:TimeMissed():101|Cycle miss in event CCSICombinedCmdManager Cyclic Event. Time Overrun is 9586 us[EOL]
[2026-09-22T08:31:27.742978Z][TRM_E.barcodereader][W][2330306][133]CRTCyclicEvent.cpp:TimeMissed():101|Cycle miss in event CCSICombinedRepManager. Time Overrun is 9586 us[EOL]
[2026-09-22T08:31:28.076876Z][TRM_E.barcodereader][W][2330306][133]CRTCyclicEvent.cpp:TimeMissed():101|Cycle miss in event CCSICombinedCmdManager Cyclic Event. Time Overrun is 3531 us[EOL]
[2026-09-22T08:31:28.076900Z][TRM_E.barcodereader][W][2330306][133]CRTCyclicEvent.cpp:TimeMissed():101|Cycle miss in event CCSICombinedRepManager. Time Overrun is 3531 us[EOL]
[2026-09-22T08:31:28.212635Z][TRM_E.barcodereader][W][2330306][133]CRTCyclicEvent.cpp:TimeMissed():101|Cycle miss in event CCSICombinedCmdManager Cyclic Event. Time Overrun is 19288 us[EOL]
[2026-09-22T08:31:28.212668Z][TRM_E.barcodereader][W][2330306][133]CRTCyclicEvent.cpp:TimeMissed():101|Cycle miss in event CCSICombinedRepManager. Time Overrun is 19288 us[EOL]
[2026-09-22T08:31:28.348725Z][TRM_E.barcodereader][W][2330306][133]CRTCyclicEvent.cpp:TimeMissed():101|Cycle miss in event CCSICombinedCmdManager Cyclic Event. Time Overrun is 15376 us[EOL]
[2026-09-22T08:31:28.348780Z][TRM_E.barcodereader][W][2330306][133]CRTCyclicEvent.cpp:TimeMissed():101|Cycle miss in event CCSICombinedRepManager. Time Overrun is 15376 us[EOL]
[2026-09-22T08:31:28.681493Z][TRM_E.barcodereader][W][2330306][133]CRTCyclicEvent.cpp:TimeMissed():101|Cycle miss in event CCSICombinedCmdManager Cyclic Event. Time Overrun is 8143 us[EOL]
[2026-09-22T08:31:28.681544Z][TRM_E.barcodereader][W][2330306][133]CRTCyclicEvent.cpp:TimeMissed():101|Cycle miss in event CCSICombinedRepManager. Time Overrun is 8143 us[EOL]
[2026-09-22T08:31:28.762093Z][TRM_E.newgen-tiprackmagazine][I][2560016][141]IMessageHandler.h:operator()():40|Received RabbitMqMessage Roche.MolLab.InstrumentState.Ping. Content: {"Timestamp":"2026-09-22T08:31:28.6741468Z","PingId":"IS3"}[EOL]
[2026-09-22T08:31:28.762132Z][TRM_E.newgen-tiprackmagazine][I][844444436][141]UnitCommunicator.cpp:SendEvent():424|Publishing event: type=Roche.c68_8800.TipRackMagazine.E.Echo correlation_id=(n/a)[EOL]
[2026-09-22T08:31:28.762458Z][TRM_E.newgen-tiprackmagazine][I][2560017][141]MessageSender.h:SendEvent():105|Sent RabbitMqEvent Roche.c68_8800.TipRackMagazine.E.Echo. Content: {"Timestamp":"2026-09-22T08:31:28.762126Z","MagazineId":"E","PingId":"IS3"}[EOL]
[2026-09-22T08:31:28.790000Z][TRM_E.newgen-tiprackmagazine][W][2330306][141]CRTCyclicEvent.cpp:TimeMissed():101|Cycle miss in event CCSICombinedCmdManager Cyclic Event. Time Overrun is 9155 us[EOL]
[2026-09-22T08:31:28.790024Z][TRM_E.newgen-tiprackmagazine][W][2330306][141]CRTCyclicEvent.cpp:TimeMissed():101|Cycle miss in event CCSICombinedRepManager. Time Overrun is 9155 us[EOL]
[2026-09-22T08:31:28.872001Z][TRM_E.barcodereader][W][2330306][133]CRTCyclicEvent.cpp:TimeMissed():101|Cycle miss in event CCSICombinedCmdManager Cyclic Event. Time Overrun is 8652 us[EOL]
[2026-09-22T08:31:28.872041Z][TRM_E.barcodereader][W][2330306][133]CRTCyclicEvent.cpp:TimeMissed():101|Cycle miss in event CCSICombinedRepManager. Time Overrun is 8652 us[EOL]
[2026-09-22T08:31:29.583582Z][TRM_E.barcodereader][W][2330306][133]CRTCyclicEvent.cpp:TimeMissed():101|Cycle miss in event CCSICombinedCmdManager Cyclic Event. Time Overrun is 10229 us[EOL]
[2026-09-22T08:31:29.583626Z][TRM_E.barcodereader][W][2330306][133]CRTCyclicEvent.cpp:TimeMissed():101|Cycle miss in event CCSICombinedRepManager. Time Overrun is 10229 us[EOL]
[2026-09-22T08:31:29.585524Z][TRM_E.newgen-tiprackmagazine][W][2330306][141]CRTCyclicEvent.cpp:TimeMissed():101|Cycle miss in event CCSICombinedCmdManager Cyclic Event. Time Overrun is 14676 us[EOL]
[2026-09-22T08:31:29.585568Z][TRM_E.newgen-tiprackmagazine][W][2330306][141]CRTCyclicEvent.cpp:TimeMissed():101|Cycle miss in event CCSICombinedRepManager. Time Overrun is 14676 us[EOL]
[2026-09-22T08:31:29.745195Z][TRM_E.barcodereader][W][2330306][133]CRTCyclicEvent.cpp:TimeMissed():101|Cycle miss in event CCSICombinedCmdManager Cyclic Event. Time Overrun is 41843 us[EOL]
[2026-09-22T08:31:29.740019Z][TRM_E.newgen-tiprackmagazine][W][2330306][141]CRTCyclicEvent.cpp:TimeMissed():101|Cycle miss in event CCSICombinedCmdManager Cyclic Event. Time Overrun is 29175 us[EOL]
[2026-09-22T08:31:29.745234Z][TRM_E.barcodereader][W][2330306][133]CRTCyclicEvent.cpp:TimeMissed():101|Cycle miss in event CCSICombinedRepManager. Time Overrun is 41843 us[EOL]
[2026-09-22T08:31:29.740046Z][TRM_E.newgen-tiprackmagazine][W][2330306][141]CRTCyclicEvent.cpp:TimeMissed():101|Cycle miss in event CCSICombinedRepManager. Time Overrun is 29175 us[EOL]
[2026-09-22T08:31:36.368223Z][TRM_E.barcodereader][W][2330306][133]CRTCyclicEvent.cpp:TimeMissed():101|Cycle miss in event CCSICombinedCmdManager Cyclic Event. Time Overrun is 34876 us[EOL]
[2026-09-22T08:31:36.368271Z][TRM_E.barcodereader][W][2330306][133]CRTCyclicEvent.cpp:TimeMissed():101|Cycle miss in event CCSICombinedRepManager. Time Overrun is 34876 us[EOL]
[2026-09-22T08:31:36.560127Z][TRM_E.newgen-tiprackmagazine][W][2330306][141]CRTCyclicEvent.cpp:TimeMissed():101|Cycle miss in event CCSICombinedCmdManager Cyclic Event. Time Overrun is 29282 us[EOL]
[2026-09-22T08:31:36.560413Z][TRM_E.newgen-tiprackmagazine][W][2330306][141]CRTCyclicEvent.cpp:TimeMissed():101|Cycle miss in event CCSICombinedRepManager. Time Overrun is 29282 us[EOL]
[2026-09-22T08:31:36.558850Z][TRM_E.barcodereader][W][2330306][133]CRTCyclicEvent.cpp:TimeMissed():101|Cycle miss in event CCSICombinedCmdManager Cyclic Event. Time Overrun is 15499 us[EOL]
[2026-09-22T08:31:36.558894Z][TRM_E.barcodereader][W][2330306][133]CRTCyclicEvent.cpp:TimeMissed():101|Cycle miss in event CCSICombinedRepManager. Time Overrun is 15499 us[EOL]
[2026-09-22T08:31:36.685291Z][TRM_E.barcodereader][W][2330306][133]CRTCyclicEvent.cpp:TimeMissed():101|Cycle miss in event CCSICombinedCmdManager Cyclic Event. Time Overrun is 11942 us[EOL]
[2026-09-22T08:31:36.685330Z][TRM_E.barcodereader][W][2330306][133]CRTCyclicEvent.cpp:TimeMissed():101|Cycle miss in event CCSICombinedRepManager. Time Overrun is 11942 us[EOL]
[2026-09-22T08:31:36.828140Z][TRM_E.newgen-tiprackmagazine][W][2330306][141]CRTCyclicEvent.cpp:TimeMissed():101|Cycle miss in event CCSICombinedCmdManager Cyclic Event. Time Overrun is 17297 us[EOL]
[2026-09-22T08:31:36.828170Z][TRM_E.newgen-tiprackmagazine][W][2330306][141]CRTCyclicEvent.cpp:TimeMissed():101|Cycle miss in event CCSICombinedRepManager. Time Overrun is 17297 us[EOL]
[2026-09-22T08:31:36.956575Z][TRM_E.newgen-tiprackmagazine][W][2330306][141]CRTCyclicEvent.cpp:TimeMissed():101|Cycle miss in event CCSICombinedCmdManager Cyclic Event. Time Overrun is 15728 us[EOL]
[2026-09-22T08:31:36.956612Z][TRM_E.newgen-tiprackmagazine][W][2330306][141]CRTCyclicEvent.cpp:TimeMissed():101|Cycle miss in event CCSICombinedRepManager. Time Overrun is 15728 us[EOL]
[2026-09-22T08:31:37.191263Z][TRM_E.barcodereader][W][2330306][133]CRTCyclicEvent.cpp:TimeMissed():101|Cycle miss in event CCSICombinedCmdManager Cyclic Event. Time Overrun is 57915 us[EOL]
[2026-09-22T08:31:37.191297Z][TRM_E.barcodereader][W][2330306][133]CRTCyclicEvent.cpp:TimeMissed():101|Cycle miss in event CCSICombinedRepManager. Time Overrun is 57915 us[EOL]
[2026-09-22T08:31:37.740171Z][TRM_E.newgen-tiprackmagazine][W][2330306][141]CRTCyclicEvent.cpp:TimeMissed():101|Cycle miss in event CCSICombinedCmdManager Cyclic Event. Time Overrun is 9323 us[EOL]
[2026-09-22T08:31:37.740210Z][TRM_E.newgen-tiprackmagazine][W][2330306][141]CRTCyclicEvent.cpp:TimeMissed():101|Cycle miss in event CCSICombinedRepManager. Time Overrun is 9323 us[EOL]
[2026-09-22T08:31:37.903938Z][TRM_E.barcodereader][W][2330306][133]CRTCyclicEvent.cpp:TimeMissed():101|Cycle miss in event CCSICombinedCmdManager Cyclic Event. Time Overrun is 30586 us[EOL]
[2026-09-22T08:31:37.903977Z][TRM_E.barcodereader][W][2330306][133]CRTCyclicEvent.cpp:TimeMissed():101|Cycle miss in event CCSICombinedRepManager. Time Overrun is 30586 us[EOL]
[2026-09-22T08:31:38.008023Z][TRM_E.newgen-tiprackmagazine][W][2330306][141]CRTCyclicEvent.cpp:TimeMissed():101|Cycle miss in event CCSICombinedCmdManager Cyclic Event. Time Overrun is 27176 us[EOL]
[2026-09-22T08:31:38.008058Z][TRM_E.newgen-tiprackmagazine][W][2330306][141]CRTCyclicEvent.cpp:TimeMissed():101|Cycle miss in event CCSICombinedRepManager. Time Overrun is 27176 us[EOL]
[2026-09-22T08:31:38.057941Z][TRM_E.barcodereader][W][2330306][133]CRTCyclicEvent.cpp:TimeMissed():101|Cycle miss in event CCSICombinedCmdManager Cyclic Event. Time Overrun is 34591 us[EOL]
[2026-09-22T08:31:38.058039Z][TRM_E.barcodereader][W][2330306][133]CRTCyclicEvent.cpp:TimeMissed():101|Cycle miss in event CCSICombinedRepManager. Time Overrun is 34591 us[EOL]
[2026-09-22T08:31:38.161720Z][TRM_E.newgen-tiprackmagazine][W][2330306][141]CRTCyclicEvent.cpp:TimeMissed():101|Cycle miss in event CCSICombinedCmdManager Cyclic Event. Time Overrun is 10876 us[EOL]
[2026-09-22T08:31:38.161759Z][TRM_E.newgen-tiprackmagazine][W][2330306][141]CRTCyclicEvent.cpp:TimeMissed():101|Cycle miss in event CCSICombinedRepManager. Time Overrun is 10876 us[EOL]
[2026-09-22T08:31:38.206939Z][TRM_E.barcodereader][W][2330306][133]CRTCyclicEvent.cpp:TimeMissed():101|Cycle miss in event CCSICombinedCmdManager Cyclic Event. Time Overrun is 33587 us[EOL]
[2026-09-22T08:31:38.206991Z][TRM_E.barcodereader][W][2330306][133]CRTCyclicEvent.cpp:TimeMissed():101|Cycle miss in event CCSICombinedRepManager. Time Overrun is 33587 us[EOL]
[2026-09-22T08:31:38.309647Z][TRM_E.newgen-tiprackmagazine][W][2330306][141]CRTCyclicEvent.cpp:TimeMissed():101|Cycle miss in event CCSICombinedCmdManager Cyclic Event. Time Overrun is 28800 us[EOL]
[2026-09-22T08:31:38.309690Z][TRM_E.newgen-tiprackmagazine][W][2330306][141]CRTCyclicEvent.cpp:TimeMissed():101|Cycle miss in event CCSICombinedRepManager. Time Overrun is 28800 us[EOL]
[2026-09-22T08:31:38.351074Z][TRM_E.barcodereader][W][2330306][133]CRTCyclicEvent.cpp:TimeMissed():101|Cycle miss in event CCSICombinedCmdManager Cyclic Event. Time Overrun is 17727 us[EOL]
[2026-09-22T08:31:38.351583Z][TRM_E.barcodereader][W][2330306][133]CRTCyclicEvent.cpp:TimeMissed():101|Cycle miss in event CCSICombinedRepManager. Time Overrun is 17727 us[EOL]
[2026-09-22T08:31:58.732155Z][TRM_E.newgen-tiprackmagazine][I][2560016][141]IMessageHandler.h:operator()():40|Received RabbitMqMessage Roche.MolLab.InstrumentState.Ping. Content: {"Timestamp":"2026-09-22T08:31:58.6768148Z","PingId":"IS4"}[EOL]
[2026-09-22T08:31:58.732207Z][TRM_E.newgen-tiprackmagazine][I][844444436][141]UnitCommunicator.cpp:SendEvent():424|Publishing event: type=Roche.c68_8800.TipRackMagazine.E.Echo correlation_id=(n/a)[EOL]
[2026-09-22T08:31:58.732241Z][TRM_E.newgen-tiprackmagazine][I][2560017][141]MessageSender.h:SendEvent():105|Sent RabbitMqEvent Roche.c68_8800.TipRackMagazine.E.Echo. Content: {"Timestamp":"2026-09-22T08:31:58.732200Z","MagazineId":"E","PingId":"IS4"}[EOL]
[2026-09-22T08:32:04.025630Z][TRM_E.newgen-tiprackmagazine][W][2330306][141]CRTCyclicEvent.cpp:TimeMissed():101|Cycle miss in event CCSICombinedCmdManager Cyclic Event. Time Overrun is 14786 us[EOL]
[2026-09-22T08:32:04.025654Z][TRM_E.newgen-tiprackmagazine][W][2330306][141]CRTCyclicEvent.cpp:TimeMissed():101|Cycle miss in event CCSICombinedRepManager. Time Overrun is 14786 us[EOL]
[2026-09-22T08:32:04.027197Z][TRM_E.barcodereader][W][2330306][133]CRTCyclicEvent.cpp:TimeMissed():101|Cycle miss in event CCSICombinedCmdManager Cyclic Event. Time Overrun is 13851 us[EOL]
[2026-09-22T08:32:04.027224Z][TRM_E.barcodereader][W][2330306][133]CRTCyclicEvent.cpp:TimeMissed():101|Cycle miss in event CCSICombinedRepManager. Time Overrun is 13851 us[EOL]
[2026-09-22T08:32:04.268672Z][TRM_E.newgen-tiprackmagazine][W][2330306][141]CRTCyclicEvent.cpp:TimeMissed():101|Cycle miss in event CCSICombinedCmdManager Cyclic Event. Time Overrun is 17826 us[EOL]
[2026-09-22T08:32:04.268720Z][TRM_E.newgen-tiprackmagazine][W][2330306][141]CRTCyclicEvent.cpp:TimeMissed():101|Cycle miss in event CCSICombinedRepManager. Time Overrun is 17826 us[EOL]
[2026-09-22T08:32:04.271896Z][TRM_E.barcodereader][W][2330306][133]CRTCyclicEvent.cpp:TimeMissed():101|Cycle miss in event CCSICombinedCmdManager Cyclic Event. Time Overrun is 18547 us[EOL]
[2026-09-22T08:32:04.271937Z][TRM_E.barcodereader][W][2330306][133]CRTCyclicEvent.cpp:TimeMissed():101|Cycle miss in event CCSICombinedRepManager. Time Overrun is 18547 us[EOL]
[2026-09-22T08:32:12.392993Z][TRM_E.newgen-tiprackmagazine][W][2330306][141]CRTCyclicEvent.cpp:TimeMissed():101|Cycle miss in event CCSICombinedCmdManager Cyclic Event. Time Overrun is 2144 us[EOL]
[2026-09-22T08:32:12.393036Z][TRM_E.newgen-tiprackmagazine][W][2330306][141]CRTCyclicEvent.cpp:TimeMissed():101|Cycle miss in event CCSICombinedRepManager. Time Overrun is 2144 us[EOL]
[2026-09-22T08:32:21.304668Z][TRM_E.barcodereader][W][2330306][133]CRTCyclicEvent.cpp:TimeMissed():101|Cycle miss in event CCSICombinedCmdManager Cyclic Event. Time Overrun is 1318 us[EOL]
[2026-09-22T08:32:21.304711Z][TRM_E.barcodereader][W][2330306][133]CRTCyclicEvent.cpp:TimeMissed():101|Cycle miss in event CCSICombinedRepManager. Time Overrun is 1318 us[EOL]
[2026-09-22T08:32:25.772952Z][TRM_E.newgen-tiprackmagazine][W][2330306][141]CRTCyclicEvent.cpp:TimeMissed():101|Cycle miss in event CCSICombinedCmdManager Cyclic Event. Time Overrun is 2102 us[EOL]
[2026-09-22T08:32:25.772988Z][TRM_E.newgen-tiprackmagazine][W][2330306][141]CRTCyclicEvent.cpp:TimeMissed():101|Cycle miss in event CCSICombinedRepManager. Time Overrun is 2102 us[EOL]
[2026-09-22T08:32:28.680126Z][TRM_E.newgen-tiprackmagazine][I][2560016][141]IMessageHandler.h:operator()():40|Received RabbitMqMessage Roche.MolLab.InstrumentState.Ping. Content: {"Timestamp":"2026-09-22T08:32:28.6747648Z","PingId":"IS5"}[EOL]
[2026-09-22T08:32:28.680191Z][TRM_E.newgen-tiprackmagazine][I][844444436][141]UnitCommunicator.cpp:SendEvent():424|Publishing event: type=Roche.c68_8800.TipRackMagazine.E.Echo correlation_id=(n/a)[EOL]
[2026-09-22T08:32:28.680218Z][TRM_E.newgen-tiprackmagazine][I][2560017][141]MessageSender.h:SendEvent():105|Sent RabbitMqEvent Roche.c68_8800.TipRackMagazine.E.Echo. Content: {"Timestamp":"2026-09-22T08:32:28.680178Z","MagazineId":"E","PingId":"IS5"}[EOL]
[2026-09-22T08:32:29.275638Z][TRM_E.newgen-tiprackmagazine][W][2330306][141]CRTCyclicEvent.cpp:TimeMissed():101|Cycle miss in event CCSICombinedCmdManager Cyclic Event. Time Overrun is 14793 us[EOL]
[2026-09-22T08:32:29.275664Z][TRM_E.newgen-tiprackmagazine][W][2330306][141]CRTCyclicEvent.cpp:TimeMissed():101|Cycle miss in event CCSICombinedRepManager. Time Overrun is 14793 us[EOL]
[2026-09-22T08:32:29.276920Z][TRM_E.barcodereader][W][2330306][133]CRTCyclicEvent.cpp:TimeMissed():101|Cycle miss in event CCSICombinedCmdManager Cyclic Event. Time Overrun is 13575 us[EOL]
[2026-09-22T08:32:29.276941Z][TRM_E.barcodereader][W][2330306][133]CRTCyclicEvent.cpp:TimeMissed():101|Cycle miss in event CCSICombinedRepManager. Time Overrun is 13575 us[EOL]
[2026-09-22T08:32:32.457464Z][TRM_E.barcodereader][W][2330306][133]CRTCyclicEvent.cpp:TimeMissed():101|Cycle miss in event CCSICombinedCmdManager Cyclic Event. Time Overrun is 4118 us[EOL]
[2026-09-22T08:32:32.457370Z][TRM_E.newgen-tiprackmagazine][W][2330306][141]CRTCyclicEvent.cpp:TimeMissed():101|Cycle miss in event CCSICombinedCmdManager Cyclic Event. Time Overrun is 6526 us[EOL]
[2026-09-22T08:32:32.457400Z][TRM_E.newgen-tiprackmagazine][W][2330306][141]CRTCyclicEvent.cpp:TimeMissed():101|Cycle miss in event CCSICombinedRepManager. Time Overrun is 6526 us[EOL]
[2026-09-22T08:32:32.457482Z][TRM_E.barcodereader][W][2330306][133]CRTCyclicEvent.cpp:TimeMissed():101|Cycle miss in event CCSICombinedRepManager. Time Overrun is 4118 us[EOL]
[2026-09-22T08:32:33.408257Z][TRM_E.barcodereader][W][2330306][133]CRTCyclicEvent.cpp:TimeMissed():101|Cycle miss in event CCSICombinedCmdManager Cyclic Event. Time Overrun is 4908 us[EOL]
[2026-09-22T08:32:33.408280Z][TRM_E.barcodereader][W][2330306][133]CRTCyclicEvent.cpp:TimeMissed():101|Cycle miss in event CCSICombinedRepManager. Time Overrun is 4908 us[EOL]
[2026-09-22T08:32:33.407847Z][TRM_E.newgen-tiprackmagazine][W][2330306][141]CRTCyclicEvent.cpp:TimeMissed():101|Cycle miss in event CCSICombinedCmdManager Cyclic Event. Time Overrun is 7002 us[EOL]
[2026-09-22T08:32:33.407877Z][TRM_E.newgen-tiprackmagazine][W][2330306][141]CRTCyclicEvent.cpp:TimeMissed():101|Cycle miss in event CCSICombinedRepManager. Time Overrun is 7002 us[EOL]
[2026-09-22T08:32:36.034105Z][TRM_E.newgen-tiprackmagazine][W][2330306][141]CRTCyclicEvent.cpp:TimeMissed():101|Cycle miss in event CCSICombinedCmdManager Cyclic Event. Time Overrun is 3261 us[EOL]
[2026-09-22T08:32:36.034128Z][TRM_E.newgen-tiprackmagazine][W][2330306][141]CRTCyclicEvent.cpp:TimeMissed():101|Cycle miss in event CCSICombinedRepManager. Time Overrun is 3261 us[EOL]
[2026-09-22T08:32:36.034997Z][TRM_E.barcodereader][W][2330306][133]CRTCyclicEvent.cpp:TimeMissed():101|Cycle miss in event CCSICombinedCmdManager Cyclic Event. Time Overrun is 1652 us[EOL]
[2026-09-22T08:32:36.035016Z][TRM_E.barcodereader][W][2330306][133]CRTCyclicEvent.cpp:TimeMissed():101|Cycle miss in event CCSICombinedRepManager. Time Overrun is 1652 us[EOL]
[2026-09-22T08:32:36.161761Z][TRM_E.newgen-tiprackmagazine][W][2330306][141]CRTCyclicEvent.cpp:TimeMissed():101|Cycle miss in event CCSICombinedCmdManager Cyclic Event. Time Overrun is 918 us[EOL]
[2026-09-22T08:32:36.161786Z][TRM_E.newgen-tiprackmagazine][W][2330306][141]CRTCyclicEvent.cpp:TimeMissed():101|Cycle miss in event CCSICombinedRepManager. Time Overrun is 918 us[EOL]
[2026-09-22T08:32:36.407400Z][TRM_E.newgen-tiprackmagazine][W][2330306][141]CRTCyclicEvent.cpp:TimeMissed():101|Cycle miss in event CCSICombinedCmdManager Cyclic Event. Time Overrun is 6557 us[EOL]
[2026-09-22T08:32:36.407433Z][TRM_E.newgen-tiprackmagazine][W][2330306][141]CRTCyclicEvent.cpp:TimeMissed():101|Cycle miss in event CCSICombinedRepManager. Time Overrun is 6557 us[EOL]
[2026-09-22T08:32:36.407521Z][TRM_E.barcodereader][W][2330306][133]CRTCyclicEvent.cpp:TimeMissed():101|Cycle miss in event CCSICombinedCmdManager Cyclic Event. Time Overrun is 4174 us[EOL]
[2026-09-22T08:32:36.407547Z][TRM_E.barcodereader][W][2330306][133]CRTCyclicEvent.cpp:TimeMissed():101|Cycle miss in event CCSICombinedRepManager. Time Overrun is 4174 us[EOL]
[2026-09-22T08:32:37.542999Z][TRM_E.newgen-tiprackmagazine][W][2330306][141]CRTCyclicEvent.cpp:TimeMissed():101|Cycle miss in event CCSICombinedCmdManager Cyclic Event. Time Overrun is 22155 us[EOL]
[2026-09-22T08:32:37.543025Z][TRM_E.newgen-tiprackmagazine][W][2330306][141]CRTCyclicEvent.cpp:TimeMissed():101|Cycle miss in event CCSICombinedRepManager. Time Overrun is 22155 us[EOL]
[2026-09-22T08:32:37.540040Z][TRM_E.barcodereader][W][2330306][133]CRTCyclicEvent.cpp:TimeMissed():101|Cycle miss in event CCSICombinedCmdManager Cyclic Event. Time Overrun is 16653 us[EOL]
[2026-09-22T08:32:37.540096Z][TRM_E.barcodereader][W][2330306][133]CRTCyclicEvent.cpp:TimeMissed():101|Cycle miss in event CCSICombinedRepManager. Time Overrun is 16653 us[EOL]
[2026-09-22T08:32:40.496130Z][TRM_E.newgen-tiprackmagazine][W][2330306][141]CRTCyclicEvent.cpp:TimeMissed():101|Cycle miss in event CCSICombinedCmdManager Cyclic Event. Time Overrun is 15286 us[EOL]
[2026-09-22T08:32:40.496158Z][TRM_E.newgen-tiprackmagazine][W][2330306][141]CRTCyclicEvent.cpp:TimeMissed():101|Cycle miss in event CCSICombinedRepManager. Time Overrun is 15286 us[EOL]
[2026-09-22T08:32:40.496553Z][TRM_E.barcodereader][W][2330306][133]CRTCyclicEvent.cpp:TimeMissed():101|Cycle miss in event CCSICombinedCmdManager Cyclic Event. Time Overrun is 13203 us[EOL]
[2026-09-22T08:32:40.496597Z][TRM_E.barcodereader][W][2330306][133]CRTCyclicEvent.cpp:TimeMissed():101|Cycle miss in event CCSICombinedRepManager. Time Overrun is 13203 us[EOL]
[2026-09-22T08:32:40.733970Z][TRM_E.newgen-tiprackmagazine][W][2330306][141]CRTCyclicEvent.cpp:TimeMissed():101|Cycle miss in event CCSICombinedCmdManager Cyclic Event. Time Overrun is 3127 us[EOL]
[2026-09-22T08:32:40.733994Z][TRM_E.newgen-tiprackmagazine][W][2330306][141]CRTCyclicEvent.cpp:TimeMissed():101|Cycle miss in event CCSICombinedRepManager. Time Overrun is 3127 us[EOL]
[2026-09-22T08:32:41.584191Z][TRM_E.barcodereader][W][2330306][133]CRTCyclicEvent.cpp:TimeMissed():101|Cycle miss in event CCSICombinedCmdManager Cyclic Event. Time Overrun is 844 us[EOL]
[2026-09-22T08:32:41.584221Z][TRM_E.barcodereader][W][2330306][133]CRTCyclicEvent.cpp:TimeMissed():101|Cycle miss in event CCSICombinedRepManager. Time Overrun is 844 us[EOL]
[2026-09-22T08:32:43.672189Z][TRM_E.newgen-tiprackmagazine][W][2330306][141]CRTCyclicEvent.cpp:TimeMissed():101|Cycle miss in event CCSICombinedCmdManager Cyclic Event. Time Overrun is 11345 us[EOL]
[2026-09-22T08:32:43.671951Z][TRM_E.barcodereader][W][2330306][133]CRTCyclicEvent.cpp:TimeMissed():101|Cycle miss in event CCSICombinedCmdManager Cyclic Event. Time Overrun is 8607 us[EOL]
[2026-09-22T08:32:43.671976Z][TRM_E.barcodereader][W][2330306][133]CRTCyclicEvent.cpp:TimeMissed():101|Cycle miss in event CCSICombinedRepManager. Time Overrun is 8607 us[EOL]
[2026-09-22T08:32:43.672211Z][TRM_E.newgen-tiprackmagazine][W][2330306][141]CRTCyclicEvent.cpp:TimeMissed():101|Cycle miss in event CCSICombinedRepManager. Time Overrun is 11345 us[EOL]
[2026-09-22T08:32:46.067403Z][TRM_E.newgen-tiprackmagazine][W][2330306][141]CRTCyclicEvent.cpp:TimeMissed():101|Cycle miss in event CCSICombinedCmdManager Cyclic Event. Time Overrun is 6560 us[EOL]
[2026-09-22T08:32:46.067430Z][TRM_E.newgen-tiprackmagazine][W][2330306][141]CRTCyclicEvent.cpp:TimeMissed():101|Cycle miss in event CCSICombinedRepManager. Time Overrun is 6560 us[EOL]
[2026-09-22T08:32:46.070245Z][TRM_E.barcodereader][W][2330306][133]CRTCyclicEvent.cpp:TimeMissed():101|Cycle miss in event CCSICombinedCmdManager Cyclic Event. Time Overrun is 6901 us[EOL]
[2026-09-22T08:32:46.070263Z][TRM_E.barcodereader][W][2330306][133]CRTCyclicEvent.cpp:TimeMissed():101|Cycle miss in event CCSICombinedRepManager. Time Overrun is 6901 us[EOL]
[2026-09-22T08:32:47.265578Z][TRM_E.newgen-tiprackmagazine][W][2330306][141]CRTCyclicEvent.cpp:TimeMissed():101|Cycle miss in event CCSICombinedCmdManager Cyclic Event. Time Overrun is 4733 us[EOL]
[2026-09-22T08:32:47.265603Z][TRM_E.newgen-tiprackmagazine][W][2330306][141]CRTCyclicEvent.cpp:TimeMissed():101|Cycle miss in event CCSICombinedRepManager. Time Overrun is 4733 us[EOL]
[2026-09-22T08:32:51.420577Z][TRM_E.barcodereader][W][2330306][133]CRTCyclicEvent.cpp:TimeMissed():101|Cycle miss in event CCSICombinedCmdManager Cyclic Event. Time Overrun is 7233 us[EOL]
[2026-09-22T08:32:51.420595Z][TRM_E.barcodereader][W][2330306][133]CRTCyclicEvent.cpp:TimeMissed():101|Cycle miss in event CCSICombinedRepManager. Time Overrun is 7233 us[EOL]
[2026-09-22T08:32:51.421735Z][TRM_E.newgen-tiprackmagazine][W][2330306][141]CRTCyclicEvent.cpp:TimeMissed():101|Cycle miss in event CCSICombinedCmdManager Cyclic Event. Time Overrun is 10885 us[EOL]
[2026-09-22T08:32:51.421773Z][TRM_E.newgen-tiprackmagazine][W][2330306][141]CRTCyclicEvent.cpp:TimeMissed():101|Cycle miss in event CCSICombinedRepManager. Time Overrun is 10885 us[EOL]
[2026-09-22T08:32:53.255845Z][TRM_E.newgen-tiprackmagazine][W][2330306][141]CRTCyclicEvent.cpp:TimeMissed():101|Cycle miss in event CCSICombinedCmdManager Cyclic Event. Time Overrun is 55001 us[EOL]
[2026-09-22T08:32:53.255870Z][TRM_E.newgen-tiprackmagazine][W][2330306][141]CRTCyclicEvent.cpp:TimeMissed():101|Cycle miss in event CCSICombinedRepManager. Time Overrun is 55001 us[EOL]
[2026-09-22T08:32:53.255167Z][TRM_E.barcodereader][W][2330306][133]CRTCyclicEvent.cpp:TimeMissed():101|Cycle miss in event CCSICombinedCmdManager Cyclic Event. Time Overrun is 51820 us[EOL]
[2026-09-22T08:32:53.255191Z][TRM_E.barcodereader][W][2330306][133]CRTCyclicEvent.cpp:TimeMissed():101|Cycle miss in event CCSICombinedRepManager. Time Overrun is 51820 us[EOL]
[2026-09-22T08:32:53.373731Z][TRM_E.barcodereader][W][2330306][133]CRTCyclicEvent.cpp:TimeMissed():101|Cycle miss in event CCSICombinedCmdManager Cyclic Event. Time Overrun is 384 us[EOL]
[2026-09-22T08:32:53.373761Z][TRM_E.barcodereader][W][2330306][133]CRTCyclicEvent.cpp:TimeMissed():101|Cycle miss in event CCSICombinedRepManager. Time Overrun is 384 us[EOL]
[2026-09-22T08:32:58.681236Z][TRM_E.newgen-tiprackmagazine][I][2560016][141]IMessageHandler.h:operator()():40|Received RabbitMqMessage Roche.MolLab.InstrumentState.Ping. Content: {"Timestamp":"2026-09-22T08:32:58.6759445Z","PingId":"IS6"}[EOL]
[2026-09-22T08:32:58.681265Z][TRM_E.newgen-tiprackmagazine][I][844444436][141]UnitCommunicator.cpp:SendEvent():424|Publishing event: type=Roche.c68_8800.TipRackMagazine.E.Echo correlation_id=(n/a)[EOL]
[2026-09-22T08:32:58.681300Z][TRM_E.newgen-tiprackmagazine][I][2560017][141]MessageSender.h:SendEvent():105|Sent RabbitMqEvent Roche.c68_8800.TipRackMagazine.E.Echo. Content: {"Timestamp":"2026-09-22T08:32:58.681261Z","MagazineId":"E","PingId":"IS6"}[EOL]
[2026-09-22T08:32:58.780849Z][TRM_E.newgen-tiprackmagazine][W][2330306][141]CRTCyclicEvent.cpp:TimeMissed():101|Cycle miss in event CCSICombinedCmdManager Cyclic Event. Time Overrun is 10003 us[EOL]
[2026-09-22T08:32:58.780881Z][TRM_E.newgen-tiprackmagazine][W][2330306][141]CRTCyclicEvent.cpp:TimeMissed():101|Cycle miss in event CCSICombinedRepManager. Time Overrun is 10003 us[EOL]
[2026-09-22T08:32:58.914440Z][TRM_E.barcodereader][W][2330306][133]CRTCyclicEvent.cpp:TimeMissed():101|Cycle miss in event CCSICombinedCmdManager Cyclic Event. Time Overrun is 11094 us[EOL]
[2026-09-22T08:32:58.915658Z][TRM_E.newgen-tiprackmagazine][W][2330306][141]CRTCyclicEvent.cpp:TimeMissed():101|Cycle miss in event CCSICombinedCmdManager Cyclic Event. Time Overrun is 14813 us[EOL]
[2026-09-22T08:32:58.915683Z][TRM_E.newgen-tiprackmagazine][W][2330306][141]CRTCyclicEvent.cpp:TimeMissed():101|Cycle miss in event CCSICombinedRepManager. Time Overrun is 14813 us[EOL]
[2026-09-22T08:32:58.914463Z][TRM_E.barcodereader][W][2330306][133]CRTCyclicEvent.cpp:TimeMissed():101|Cycle miss in event CCSICombinedRepManager. Time Overrun is 11094 us[EOL]
[2026-09-22T08:32:59.799108Z][TRM_E.barcodereader][W][2330306][133]CRTCyclicEvent.cpp:TimeMissed():101|Cycle miss in event CCSICombinedCmdManager Cyclic Event. Time Overrun is 35763 us[EOL]
[2026-09-22T08:32:59.785581Z][TRM_E.newgen-tiprackmagazine][W][2330306][141]CRTCyclicEvent.cpp:TimeMissed():101|Cycle miss in event CCSICombinedCmdManager Cyclic Event. Time Overrun is 14735 us[EOL]
[2026-09-22T08:32:59.785621Z][TRM_E.newgen-tiprackmagazine][W][2330306][141]CRTCyclicEvent.cpp:TimeMissed():101|Cycle miss in event CCSICombinedRepManager. Time Overrun is 14735 us[EOL]
[2026-09-22T08:32:59.799127Z][TRM_E.barcodereader][W][2330306][133]CRTCyclicEvent.cpp:TimeMissed():101|Cycle miss in event CCSICombinedRepManager. Time Overrun is 35763 us[EOL]
[2026-09-22T08:33:01.515451Z][TRM_E.barcodereader][W][2330306][133]CRTCyclicEvent.cpp:TimeMissed():101|Cycle miss in event CCSICombinedCmdManager Cyclic Event. Time Overrun is 32107 us[EOL]
[2026-09-22T08:33:01.515164Z][TRM_E.newgen-tiprackmagazine][W][2330306][141]CRTCyclicEvent.cpp:TimeMissed():101|Cycle miss in event CCSICombinedCmdManager Cyclic Event. Time Overrun is 34318 us[EOL]
[2026-09-22T08:33:01.515472Z][TRM_E.barcodereader][W][2330306][133]CRTCyclicEvent.cpp:TimeMissed():101|Cycle miss in event CCSICombinedRepManager. Time Overrun is 32107 us[EOL]
[2026-09-22T08:33:01.515234Z][TRM_E.newgen-tiprackmagazine][W][2330306][141]CRTCyclicEvent.cpp:TimeMissed():101|Cycle miss in event CCSICombinedRepManager. Time Overrun is 34318 us[EOL]
[2026-09-22T08:33:01.926765Z][TRM_E.barcodereader][W][2330306][133]CRTCyclicEvent.cpp:TimeMissed():101|Cycle miss in event CCSICombinedCmdManager Cyclic Event. Time Overrun is 3418 us[EOL]
[2026-09-22T08:33:01.926686Z][TRM_E.newgen-tiprackmagazine][W][2330306][141]CRTCyclicEvent.cpp:TimeMissed():101|Cycle miss in event CCSICombinedCmdManager Cyclic Event. Time Overrun is 5841 us[EOL]
[2026-09-22T08:33:01.926716Z][TRM_E.newgen-tiprackmagazine][W][2330306][141]CRTCyclicEvent.cpp:TimeMissed():101|Cycle miss in event CCSICombinedRepManager. Time Overrun is 5841 us[EOL]
[2026-09-22T08:33:01.926792Z][TRM_E.barcodereader][W][2330306][133]CRTCyclicEvent.cpp:TimeMissed():101|Cycle miss in event CCSICombinedRepManager. Time Overrun is 3418 us[EOL]
[2026-09-22T08:33:06.992464Z][TRM_E.newgen-tiprackmagazine][W][2330306][141]CRTCyclicEvent.cpp:TimeMissed():101|Cycle miss in event CCSICombinedCmdManager Cyclic Event. Time Overrun is 1619 us[EOL]
[2026-09-22T08:33:06.992495Z][TRM_E.newgen-tiprackmagazine][W][2330306][141]CRTCyclicEvent.cpp:TimeMissed():101|Cycle miss in event CCSICombinedRepManager. Time Overrun is 1619 us[EOL]
[2026-09-22T08:33:09.414303Z][TRM_E.barcodereader][W][2330306][133]CRTCyclicEvent.cpp:TimeMissed():101|Cycle miss in event CCSICombinedCmdManager Cyclic Event. Time Overrun is 958 us[EOL]
[2026-09-22T08:33:09.414339Z][TRM_E.barcodereader][W][2330306][133]CRTCyclicEvent.cpp:TimeMissed():101|Cycle miss in event CCSICombinedRepManager. Time Overrun is 958 us[EOL]
[2026-09-22T08:33:10.594178Z][TRM_E.newgen-tiprackmagazine][W][2330306][141]CRTCyclicEvent.cpp:TimeMissed():101|Cycle miss in event CCSICombinedCmdManager Cyclic Event. Time Overrun is 3336 us[EOL]
[2026-09-22T08:33:10.594199Z][TRM_E.newgen-tiprackmagazine][W][2330306][141]CRTCyclicEvent.cpp:TimeMissed():101|Cycle miss in event CCSICombinedRepManager. Time Overrun is 3336 us[EOL]
[2026-09-22T08:33:13.173543Z][TRM_E.barcodereader][W][2330306][133]CRTCyclicEvent.cpp:TimeMissed():101|Cycle miss in event CCSICombinedCmdManager Cyclic Event. Time Overrun is 20193 us[EOL]
[2026-09-22T08:33:13.173900Z][TRM_E.newgen-tiprackmagazine][W][2330306][141]CRTCyclicEvent.cpp:TimeMissed():101|Cycle miss in event CCSICombinedCmdManager Cyclic Event. Time Overrun is 13055 us[EOL]
[2026-09-22T08:33:13.173570Z][TRM_E.barcodereader][W][2330306][133]CRTCyclicEvent.cpp:TimeMissed():101|Cycle miss in event CCSICombinedRepManager. Time Overrun is 20193 us[EOL]
[2026-09-22T08:33:13.173926Z][TRM_E.newgen-tiprackmagazine][W][2330306][141]CRTCyclicEvent.cpp:TimeMissed():101|Cycle miss in event CCSICombinedRepManager. Time Overrun is 13055 us[EOL]
[2026-09-22T08:33:14.449610Z][TRM_E.barcodereader][W][2330306][133]CRTCyclicEvent.cpp:TimeMissed():101|Cycle miss in event CCSICombinedCmdManager Cyclic Event. Time Overrun is 6264 us[EOL]
[2026-09-22T08:33:14.449513Z][TRM_E.newgen-tiprackmagazine][W][2330306][141]CRTCyclicEvent.cpp:TimeMissed():101|Cycle miss in event CCSICombinedCmdManager Cyclic Event. Time Overrun is 8667 us[EOL]
[2026-09-22T08:33:14.449631Z][TRM_E.barcodereader][W][2330306][133]CRTCyclicEvent.cpp:TimeMissed():101|Cycle miss in event CCSICombinedRepManager. Time Overrun is 6264 us[EOL]
[2026-09-22T08:33:14.449543Z][TRM_E.newgen-tiprackmagazine][W][2330306][141]CRTCyclicEvent.cpp:TimeMissed():101|Cycle miss in event CCSICombinedRepManager. Time Overrun is 8667 us[EOL]
[2026-09-22T08:33:22.956617Z][TRM_E.barcodereader][W][2330306][133]CRTCyclicEvent.cpp:TimeMissed():101|Cycle miss in event CCSICombinedCmdManager Cyclic Event. Time Overrun is 33270 us[EOL]
[2026-09-22T08:33:22.957054Z][TRM_E.newgen-tiprackmagazine][W][2330306][141]CRTCyclicEvent.cpp:TimeMissed():101|Cycle miss in event CCSICombinedCmdManager Cyclic Event. Time Overrun is 26209 us[EOL]
[2026-09-22T08:33:22.956661Z][TRM_E.barcodereader][W][2330306][133]CRTCyclicEvent.cpp:TimeMissed():101|Cycle miss in event CCSICombinedRepManager. Time Overrun is 33270 us[EOL]
[2026-09-22T08:33:22.957094Z][TRM_E.newgen-tiprackmagazine][W][2330306][141]CRTCyclicEvent.cpp:TimeMissed():101|Cycle miss in event CCSICombinedRepManager. Time Overrun is 26209 us[EOL]
[2026-09-22T08:33:23.903452Z][TRM_E.newgen-tiprackmagazine][W][2330306][141]CRTCyclicEvent.cpp:TimeMissed():101|Cycle miss in event CCSICombinedCmdManager Cyclic Event. Time Overrun is 2608 us[EOL]
[2026-09-22T08:33:23.903381Z][TRM_E.barcodereader][W][2330306][133]CRTCyclicEvent.cpp:TimeMissed():101|Cycle miss in event CCSICombinedCmdManager Cyclic Event. Time Overrun is 10036 us[EOL]
[2026-09-22T08:33:23.903403Z][TRM_E.barcodereader][W][2330306][133]CRTCyclicEvent.cpp:TimeMissed():101|Cycle miss in event CCSICombinedRepManager. Time Overrun is 10036 us[EOL]
[2026-09-22T08:33:23.903492Z][TRM_E.newgen-tiprackmagazine][W][2330306][141]CRTCyclicEvent.cpp:TimeMissed():101|Cycle miss in event CCSICombinedRepManager. Time Overrun is 2608 us[EOL]
[2026-09-22T08:33:24.303454Z][TRM_E.newgen-tiprackmagazine][W][2330306][141]CRTCyclicEvent.cpp:TimeMissed():101|Cycle miss in event CCSICombinedCmdManager Cyclic Event. Time Overrun is 2611 us[EOL]
[2026-09-22T08:33:24.303476Z][TRM_E.newgen-tiprackmagazine][W][2330306][141]CRTCyclicEvent.cpp:TimeMissed():101|Cycle miss in event CCSICombinedRepManager. Time Overrun is 2611 us[EOL]
[2026-09-22T08:33:24.305513Z][TRM_E.barcodereader][W][2330306][133]CRTCyclicEvent.cpp:TimeMissed():101|Cycle miss in event CCSICombinedCmdManager Cyclic Event. Time Overrun is 2167 us[EOL]
[2026-09-22T08:33:24.305549Z][TRM_E.barcodereader][W][2330306][133]CRTCyclicEvent.cpp:TimeMissed():101|Cycle miss in event CCSICombinedRepManager. Time Overrun is 2167 us[EOL]
[2026-09-22T08:33:26.383340Z][TRM_E.newgen-tiprackmagazine][W][2330306][141]CRTCyclicEvent.cpp:TimeMissed():101|Cycle miss in event CCSICombinedCmdManager Cyclic Event. Time Overrun is 2483 us[EOL]
[2026-09-22T08:33:26.383380Z][TRM_E.newgen-tiprackmagazine][W][2330306][141]CRTCyclicEvent.cpp:TimeMissed():101|Cycle miss in event CCSICombinedRepManager. Time Overrun is 2483 us[EOL]
[2026-09-22T08:33:28.029604Z][TRM_E.newgen-tiprackmagazine][W][2330306][141]CRTCyclicEvent.cpp:TimeMissed():101|Cycle miss in event CCSICombinedCmdManager Cyclic Event. Time Overrun is 8761 us[EOL]
[2026-09-22T08:33:28.029666Z][TRM_E.newgen-tiprackmagazine][W][2330306][141]CRTCyclicEvent.cpp:TimeMissed():101|Cycle miss in event CCSICombinedRepManager. Time Overrun is 8761 us[EOL]
[2026-09-22T08:33:28.027081Z][TRM_E.barcodereader][W][2330306][133]CRTCyclicEvent.cpp:TimeMissed():101|Cycle miss in event CCSICombinedCmdManager Cyclic Event. Time Overrun is 3615 us[EOL]
[2026-09-22T08:33:28.027111Z][TRM_E.barcodereader][W][2330306][133]CRTCyclicEvent.cpp:TimeMissed():101|Cycle miss in event CCSICombinedRepManager. Time Overrun is 3615 us[EOL]
[2026-09-22T08:33:28.248404Z][TRM_E.barcodereader][W][2330306][133]CRTCyclicEvent.cpp:TimeMissed():101|Cycle miss in event CCSICombinedCmdManager Cyclic Event. Time Overrun is 5035 us[EOL]
[2026-09-22T08:33:28.248444Z][TRM_E.barcodereader][W][2330306][133]CRTCyclicEvent.cpp:TimeMissed():101|Cycle miss in event CCSICombinedRepManager. Time Overrun is 5035 us[EOL]
[2026-09-22T08:33:28.681044Z][TRM_E.newgen-tiprackmagazine][I][2560016][141]IMessageHandler.h:operator()():40|Received RabbitMqMessage Roche.MolLab.InstrumentState.Ping. Content: {"Timestamp":"2026-09-22T08:33:28.6757553Z","PingId":"IS7"}[EOL]
[2026-09-22T08:33:28.681073Z][TRM_E.newgen-tiprackmagazine][I][844444436][141]UnitCommunicator.cpp:SendEvent():424|Publishing event: type=Roche.c68_8800.TipRackMagazine.E.Echo correlation_id=(n/a)[EOL]
[2026-09-22T08:33:28.681131Z][TRM_E.newgen-tiprackmagazine][I][2560017][141]MessageSender.h:SendEvent():105|Sent RabbitMqEvent Roche.c68_8800.TipRackMagazine.E.Echo. Content: {"Timestamp":"2026-09-22T08:33:28.681069Z","MagazineId":"E","PingId":"IS7"}[EOL]
[2026-09-22T08:33:29.184499Z][TRM_E.barcodereader][W][2330306][133]CRTCyclicEvent.cpp:TimeMissed():101|Cycle miss in event CCSICombinedCmdManager Cyclic Event. Time Overrun is 1153 us[EOL]
[2026-09-22T08:33:29.184523Z][TRM_E.barcodereader][W][2330306][133]CRTCyclicEvent.cpp:TimeMissed():101|Cycle miss in event CCSICombinedRepManager. Time Overrun is 1153 us[EOL]
[2026-09-22T08:33:29.268341Z][TRM_E.newgen-tiprackmagazine][W][2330306][141]CRTCyclicEvent.cpp:TimeMissed():101|Cycle miss in event CCSICombinedCmdManager Cyclic Event. Time Overrun is 17497 us[EOL]
[2026-09-22T08:33:29.268369Z][TRM_E.newgen-tiprackmagazine][W][2330306][141]CRTCyclicEvent.cpp:TimeMissed():101|Cycle miss in event CCSICombinedRepManager. Time Overrun is 17497 us[EOL]
[2026-09-22T08:33:29.929641Z][TRM_E.barcodereader][W][2330306][133]CRTCyclicEvent.cpp:TimeMissed():101|Cycle miss in event CCSICombinedCmdManager Cyclic Event. Time Overrun is 6296 us[EOL]
[2026-09-22T08:33:29.929667Z][TRM_E.barcodereader][W][2330306][133]CRTCyclicEvent.cpp:TimeMissed():101|Cycle miss in event CCSICombinedRepManager. Time Overrun is 6296 us[EOL]
[2026-09-22T08:33:30.010863Z][TRM_E.newgen-tiprackmagazine][W][2330306][141]CRTCyclicEvent.cpp:TimeMissed():101|Cycle miss in event CCSICombinedCmdManager Cyclic Event. Time Overrun is 20020 us[EOL]
[2026-09-22T08:33:30.010883Z][TRM_E.newgen-tiprackmagazine][W][2330306][141]CRTCyclicEvent.cpp:TimeMissed():101|Cycle miss in event CCSICombinedRepManager. Time Overrun is 20020 us[EOL]
[2026-09-22T08:33:33.874408Z][TRM_E.barcodereader][W][2330306][133]CRTCyclicEvent.cpp:TimeMissed():101|Cycle miss in event CCSICombinedCmdManager Cyclic Event. Time Overrun is 1061 us[EOL]
[2026-09-22T08:33:33.874441Z][TRM_E.barcodereader][W][2330306][133]CRTCyclicEvent.cpp:TimeMissed():101|Cycle miss in event CCSICombinedRepManager. Time Overrun is 1061 us[EOL]
[2026-09-22T08:33:34.501594Z][TRM_E.barcodereader][W][2330306][133]CRTCyclicEvent.cpp:TimeMissed():101|Cycle miss in event CCSICombinedCmdManager Cyclic Event. Time Overrun is 18247 us[EOL]
[2026-09-22T08:33:34.501623Z][TRM_E.barcodereader][W][2330306][133]CRTCyclicEvent.cpp:TimeMissed():101|Cycle miss in event CCSICombinedRepManager. Time Overrun is 18247 us[EOL]
[2026-09-22T08:33:34.502046Z][TRM_E.newgen-tiprackmagazine][W][2330306][141]CRTCyclicEvent.cpp:TimeMissed():101|Cycle miss in event CCSICombinedCmdManager Cyclic Event. Time Overrun is 11202 us[EOL]
[2026-09-22T08:33:34.502173Z][TRM_E.newgen-tiprackmagazine][W][2330306][141]CRTCyclicEvent.cpp:TimeMissed():101|Cycle miss in event CCSICombinedRepManager. Time Overrun is 11202 us[EOL]
[2026-09-22T08:33:35.074978Z][TRM_E.newgen-tiprackmagazine][W][2330306][141]CRTCyclicEvent.cpp:TimeMissed():101|Cycle miss in event CCSICombinedCmdManager Cyclic Event. Time Overrun is 4133 us[EOL]
[2026-09-22T08:33:35.075140Z][TRM_E.barcodereader][W][2330306][133]CRTCyclicEvent.cpp:TimeMissed():101|Cycle miss in event CCSICombinedCmdManager Cyclic Event. Time Overrun is 1793 us[EOL]
[2026-09-22T08:33:35.075173Z][TRM_E.barcodereader][W][2330306][133]CRTCyclicEvent.cpp:TimeMissed():101|Cycle miss in event CCSICombinedRepManager. Time Overrun is 1793 us[EOL]
[2026-09-22T08:33:35.075012Z][TRM_E.newgen-tiprackmagazine][W][2330306][141]CRTCyclicEvent.cpp:TimeMissed():101|Cycle miss in event CCSICombinedRepManager. Time Overrun is 4133 us[EOL]
[2026-09-22T08:33:37.652009Z][TRM_E.newgen-tiprackmagazine][W][2330306][141]CRTCyclicEvent.cpp:TimeMissed():101|Cycle miss in event CCSICombinedCmdManager Cyclic Event. Time Overrun is 1124 us[EOL]
[2026-09-22T08:33:37.652043Z][TRM_E.newgen-tiprackmagazine][W][2330306][141]CRTCyclicEvent.cpp:TimeMissed():101|Cycle miss in event CCSICombinedRepManager. Time Overrun is 1124 us[EOL]
[2026-09-22T08:33:44.542140Z][TRM_E.barcodereader][W][2330306][133]CRTCyclicEvent.cpp:TimeMissed():101|Cycle miss in event CCSICombinedCmdManager Cyclic Event. Time Overrun is 8768 us[EOL]
[2026-09-22T08:33:44.542221Z][TRM_E.barcodereader][W][2330306][133]CRTCyclicEvent.cpp:TimeMissed():101|Cycle miss in event CCSICombinedRepManager. Time Overrun is 8768 us[EOL]
[2026-09-22T08:33:55.023647Z][TRM_E.barcodereader][W][2330306][133]CRTCyclicEvent.cpp:TimeMissed():101|Cycle miss in event CCSICombinedCmdManager Cyclic Event. Time Overrun is 297 us[EOL]
[2026-09-22T08:33:55.023676Z][TRM_E.barcodereader][W][2330306][133]CRTCyclicEvent.cpp:TimeMissed():101|Cycle miss in event CCSICombinedRepManager. Time Overrun is 297 us[EOL]
[2026-09-22T08:33:56.525598Z][TRM_E.barcodereader][W][2330306][133]CRTCyclicEvent.cpp:TimeMissed():101|Cycle miss in event CCSICombinedCmdManager Cyclic Event. Time Overrun is 12252 us[EOL]
[2026-09-22T08:33:56.525881Z][TRM_E.barcodereader][W][2330306][133]CRTCyclicEvent.cpp:TimeMissed():101|Cycle miss in event CCSICombinedRepManager. Time Overrun is 12252 us[EOL]
[2026-09-22T08:33:56.525532Z][TRM_E.newgen-tiprackmagazine][W][2330306][141]CRTCyclicEvent.cpp:TimeMissed():101|Cycle miss in event CCSICombinedCmdManager Cyclic Event. Time Overrun is 14690 us[EOL]
[2026-09-22T08:33:56.525554Z][TRM_E.newgen-tiprackmagazine][W][2330306][141]CRTCyclicEvent.cpp:TimeMissed():101|Cycle miss in event CCSICombinedRepManager. Time Overrun is 14690 us[EOL]
[2026-09-22T08:33:58.693017Z][TRM_E.newgen-tiprackmagazine][I][2560016][141]IMessageHandler.h:operator()():40|Received RabbitMqMessage Roche.MolLab.InstrumentState.Ping. Content: {"Timestamp":"2026-09-22T08:33:58.676068Z","PingId":"IS8"}[EOL]
[2026-09-22T08:33:58.693069Z][TRM_E.newgen-tiprackmagazine][I][844444436][141]UnitCommunicator.cpp:SendEvent():424|Publishing event: type=Roche.c68_8800.TipRackMagazine.E.Echo correlation_id=(n/a)[EOL]
[2026-09-22T08:33:58.693103Z][TRM_E.newgen-tiprackmagazine][I][2560017][141]MessageSender.h:SendEvent():105|Sent RabbitMqEvent Roche.c68_8800.TipRackMagazine.E.Echo. Content: {"Timestamp":"2026-09-22T08:33:58.693061Z","MagazineId":"E","PingId":"IS8"}[EOL]
[2026-09-22T08:33:59.711287Z][TRM_E.barcodereader][W][2330306][133]CRTCyclicEvent.cpp:TimeMissed():101|Cycle miss in event CCSICombinedCmdManager Cyclic Event. Time Overrun is 7929 us[EOL]
[2026-09-22T08:33:59.711886Z][TRM_E.newgen-tiprackmagazine][W][2330306][141]CRTCyclicEvent.cpp:TimeMissed():101|Cycle miss in event CCSICombinedCmdManager Cyclic Event. Time Overrun is 1040 us[EOL]
[2026-09-22T08:33:59.711913Z][TRM_E.newgen-tiprackmagazine][W][2330306][141]CRTCyclicEvent.cpp:TimeMissed():101|Cycle miss in event CCSICombinedRepManager. Time Overrun is 1040 us[EOL]
[2026-09-22T08:33:59.711332Z][TRM_E.barcodereader][W][2330306][133]CRTCyclicEvent.cpp:TimeMissed():101|Cycle miss in event CCSICombinedRepManager. Time Overrun is 7929 us[EOL]
[2026-09-22T08:34:09.026793Z][TRM_E.barcodereader][W][2330306][133]CRTCyclicEvent.cpp:TimeMissed():101|Cycle miss in event CCSICombinedCmdManager Cyclic Event. Time Overrun is 3437 us[EOL]
[2026-09-22T08:34:09.026843Z][TRM_E.barcodereader][W][2330306][133]CRTCyclicEvent.cpp:TimeMissed():101|Cycle miss in event CCSICombinedRepManager. Time Overrun is 3437 us[EOL]
[2026-09-22T08:34:09.075084Z][TRM_E.newgen-tiprackmagazine][W][2330306][141]CRTCyclicEvent.cpp:TimeMissed():101|Cycle miss in event CCSICombinedCmdManager Cyclic Event. Time Overrun is 4238 us[EOL]
[2026-09-22T08:34:09.075118Z][TRM_E.newgen-tiprackmagazine][W][2330306][141]CRTCyclicEvent.cpp:TimeMissed():101|Cycle miss in event CCSICombinedRepManager. Time Overrun is 4238 us[EOL]
[2026-09-22T08:34:14.329037Z][TRM_E.barcodereader][W][2330306][133]CRTCyclicEvent.cpp:TimeMissed():101|Cycle miss in event CCSICombinedCmdManager Cyclic Event. Time Overrun is 5688 us[EOL]
[2026-09-22T08:34:14.329074Z][TRM_E.barcodereader][W][2330306][133]CRTCyclicEvent.cpp:TimeMissed():101|Cycle miss in event CCSICombinedRepManager. Time Overrun is 5688 us[EOL]
[2026-09-22T08:34:15.221834Z][TRM_E.newgen-tiprackmagazine][W][2330306][141]CRTCyclicEvent.cpp:TimeMissed():101|Cycle miss in event CCSICombinedCmdManager Cyclic Event. Time Overrun is 987 us[EOL]
[2026-09-22T08:34:15.222141Z][TRM_E.newgen-tiprackmagazine][W][2330306][141]CRTCyclicEvent.cpp:TimeMissed():101|Cycle miss in event CCSICombinedRepManager. Time Overrun is 987 us[EOL]
[2026-09-22T08:34:18.287108Z][TRM_E.newgen-tiprackmagazine][W][2330306][141]CRTCyclicEvent.cpp:TimeMissed():101|Cycle miss in event CCSICombinedCmdManager Cyclic Event. Time Overrun is 6260 us[EOL]
[2026-09-22T08:34:18.287147Z][TRM_E.newgen-tiprackmagazine][W][2330306][141]CRTCyclicEvent.cpp:TimeMissed():101|Cycle miss in event CCSICombinedRepManager. Time Overrun is 6260 us[EOL]
[2026-09-22T08:34:18.752463Z][TRM_E.barcodereader][W][2330306][133]CRTCyclicEvent.cpp:TimeMissed():101|Cycle miss in event CCSICyclicRepManager. Time Overrun is 3197 us[EOL]
[2026-09-22T08:34:18.854600Z][TRM_E.newgen-tiprackmagazine][W][2330306][141]CRTCyclicEvent.cpp:TimeMissed():101|Cycle miss in event CCSICombinedCmdManager Cyclic Event. Time Overrun is 13756 us[EOL]
[2026-09-22T08:34:18.854623Z][TRM_E.newgen-tiprackmagazine][W][2330306][141]CRTCyclicEvent.cpp:TimeMissed():101|Cycle miss in event CCSICombinedRepManager. Time Overrun is 13756 us[EOL]
[2026-09-22T08:34:18.992857Z][TRM_E.newgen-tiprackmagazine][W][2330306][141]CRTCyclicEvent.cpp:TimeMissed():101|Cycle miss in event CCSICombinedCmdManager Cyclic Event. Time Overrun is 22006 us[EOL]
[2026-09-22T08:34:18.992909Z][TRM_E.newgen-tiprackmagazine][W][2330306][141]CRTCyclicEvent.cpp:TimeMissed():101|Cycle miss in event CCSICombinedRepManager. Time Overrun is 22006 us[EOL]
[2026-09-22T08:34:21.535285Z][TRM_E.barcodereader][W][2330306][133]CRTCyclicEvent.cpp:TimeMissed():101|Cycle miss in event CCSICombinedCmdManager Cyclic Event. Time Overrun is 11939 us[EOL]
[2026-09-22T08:34:21.535313Z][TRM_E.barcodereader][W][2330306][133]CRTCyclicEvent.cpp:TimeMissed():101|Cycle miss in event CCSICombinedRepManager. Time Overrun is 11939 us[EOL]
[2026-09-22T08:34:28.682981Z][TRM_E.newgen-tiprackmagazine][I][2560016][141]IMessageHandler.h:operator()():40|Received RabbitMqMessage Roche.MolLab.InstrumentState.Ping. Content: {"Timestamp":"2026-09-22T08:34:28.6753079Z","PingId":"IS9"}[EOL]
[2026-09-22T08:34:28.683031Z][TRM_E.newgen-tiprackmagazine][I][844444436][141]UnitCommunicator.cpp:SendEvent():424|Publishing event: type=Roche.c68_8800.TipRackMagazine.E.Echo correlation_id=(n/a)[EOL]
[2026-09-22T08:34:28.683053Z][TRM_E.newgen-tiprackmagazine][I][2560017][141]MessageSender.h:SendEvent():105|Sent RabbitMqEvent Roche.c68_8800.TipRackMagazine.E.Echo. Content: {"Timestamp":"2026-09-22T08:34:28.683026Z","MagazineId":"E","PingId":"IS9"}[EOL]
[2026-09-22T08:34:31.735696Z][TRM_E.barcodereader][W][2330306][133]CRTCyclicEvent.cpp:TimeMissed():101|Cycle miss in event CCSICombinedCmdManager Cyclic Event. Time Overrun is 2350 us[EOL]
[2026-09-22T08:34:31.732045Z][TRM_E.newgen-tiprackmagazine][W][2330306][141]CRTCyclicEvent.cpp:TimeMissed():101|Cycle miss in event CCSICombinedCmdManager Cyclic Event. Time Overrun is 1202 us[EOL]
[2026-09-22T08:34:31.735719Z][TRM_E.barcodereader][W][2330306][133]CRTCyclicEvent.cpp:TimeMissed():101|Cycle miss in event CCSICombinedRepManager. Time Overrun is 2350 us[EOL]
[2026-09-22T08:34:31.732069Z][TRM_E.newgen-tiprackmagazine][W][2330306][141]CRTCyclicEvent.cpp:TimeMissed():101|Cycle miss in event CCSICombinedRepManager. Time Overrun is 1202 us[EOL]
[2026-09-22T08:34:33.796545Z][TRM_E.newgen-tiprackmagazine][W][2330306][141]CRTCyclicEvent.cpp:TimeMissed():101|Cycle miss in event CCSICombinedCmdManager Cyclic Event. Time Overrun is 5694 us[EOL]
[2026-09-22T08:34:33.796585Z][TRM_E.newgen-tiprackmagazine][W][2330306][141]CRTCyclicEvent.cpp:TimeMissed():101|Cycle miss in event CCSICombinedRepManager. Time Overrun is 5694 us[EOL]
[2026-09-22T08:34:33.798061Z][TRM_E.barcodereader][W][2330306][133]CRTCyclicEvent.cpp:TimeMissed():101|Cycle miss in event CCSICombinedCmdManager Cyclic Event. Time Overrun is 4713 us[EOL]
[2026-09-22T08:34:33.798086Z][TRM_E.barcodereader][W][2330306][133]CRTCyclicEvent.cpp:TimeMissed():101|Cycle miss in event CCSICombinedRepManager. Time Overrun is 4713 us[EOL]
[2026-09-22T08:34:39.931155Z][TRM_E.barcodereader][W][2330306][133]CRTCyclicEvent.cpp:TimeMissed():101|Cycle miss in event CCSICombinedCmdManager Cyclic Event. Time Overrun is 7810 us[EOL]
[2026-09-22T08:34:39.931178Z][TRM_E.barcodereader][W][2330306][133]CRTCyclicEvent.cpp:TimeMissed():101|Cycle miss in event CCSICombinedRepManager. Time Overrun is 7810 us[EOL]
[2026-09-22T08:34:47.608450Z][TRM_E.barcodereader][W][2330306][133]CRTCyclicEvent.cpp:TimeMissed():101|Cycle miss in event CCSICombinedCmdManager Cyclic Event. Time Overrun is 5100 us[EOL]
[2026-09-22T08:34:47.608552Z][TRM_E.barcodereader][W][2330306][133]CRTCyclicEvent.cpp:TimeMissed():101|Cycle miss in event CCSICombinedRepManager. Time Overrun is 5100 us[EOL]
[2026-09-22T08:34:49.045845Z][TRM_E.barcodereader][W][2330306][133]CRTCyclicEvent.cpp:TimeMissed():101|Cycle miss in event CCSICombinedCmdManager Cyclic Event. Time Overrun is 2501 us[EOL]
[2026-09-22T08:34:49.045866Z][TRM_E.barcodereader][W][2330306][133]CRTCyclicEvent.cpp:TimeMissed():101|Cycle miss in event CCSICombinedRepManager. Time Overrun is 2501 us[EOL]
[2026-09-22T08:34:49.045428Z][TRM_E.newgen-tiprackmagazine][W][2330306][141]CRTCyclicEvent.cpp:TimeMissed():101|Cycle miss in event CCSICombinedCmdManager Cyclic Event. Time Overrun is 4584 us[EOL]
[2026-09-22T08:34:49.045457Z][TRM_E.newgen-tiprackmagazine][W][2330306][141]CRTCyclicEvent.cpp:TimeMissed():101|Cycle miss in event CCSICombinedRepManager. Time Overrun is 4584 us[EOL]
[2026-09-22T08:34:50.071523Z][TRM_E.newgen-tiprackmagazine][W][2330306][141]CRTCyclicEvent.cpp:TimeMissed():101|Cycle miss in event CCSICombinedCmdManager Cyclic Event. Time Overrun is 677 us[EOL]
[2026-09-22T08:34:50.071553Z][TRM_E.newgen-tiprackmagazine][W][2330306][141]CRTCyclicEvent.cpp:TimeMissed():101|Cycle miss in event CCSICombinedRepManager. Time Overrun is 677 us[EOL]
[2026-09-22T08:34:51.655244Z][TRM_E.newgen-tiprackmagazine][W][2330306][141]CRTCyclicEvent.cpp:TimeMissed():101|Cycle miss in event CCSICombinedCmdManager Cyclic Event. Time Overrun is 4398 us[EOL]
[2026-09-22T08:34:51.655270Z][TRM_E.newgen-tiprackmagazine][W][2330306][141]CRTCyclicEvent.cpp:TimeMissed():101|Cycle miss in event CCSICombinedRepManager. Time Overrun is 4398 us[EOL]
[2026-09-22T08:34:56.201681Z][TRM_E.newgen-tiprackmagazine][W][2330306][141]CRTCyclicEvent.cpp:TimeMissed():101|Cycle miss in event CCSICombinedCmdManager Cyclic Event. Time Overrun is 726 us[EOL]
[2026-09-22T08:34:56.201721Z][TRM_E.newgen-tiprackmagazine][W][2330306][141]CRTCyclicEvent.cpp:TimeMissed():101|Cycle miss in event CCSICombinedRepManager. Time Overrun is 726 us[EOL]
[2026-09-22T08:34:57.841998Z][TRM_E.newgen-tiprackmagazine][W][2330306][141]CRTCyclicEvent.cpp:TimeMissed():101|Cycle miss in event CCSICombinedCmdManager Cyclic Event. Time Overrun is 1088 us[EOL]
[2026-09-22T08:34:57.842033Z][TRM_E.newgen-tiprackmagazine][W][2330306][141]CRTCyclicEvent.cpp:TimeMissed():101|Cycle miss in event CCSICombinedRepManager. Time Overrun is 1088 us[EOL]
[2026-09-22T08:34:58.690898Z][TRM_E.newgen-tiprackmagazine][I][2560016][141]IMessageHandler.h:operator()():40|Received RabbitMqMessage Roche.MolLab.InstrumentState.Ping. Content: {"Timestamp":"2026-09-22T08:34:58.6775151Z","PingId":"IS10"}[EOL]
[2026-09-22T08:34:58.691037Z][TRM_E.newgen-tiprackmagazine][I][844444436][141]UnitCommunicator.cpp:SendEvent():424|Publishing event: type=Roche.c68_8800.TipRackMagazine.E.Echo correlation_id=(n/a)[EOL]
[2026-09-22T08:34:58.691122Z][TRM_E.newgen-tiprackmagazine][I][2560017][141]MessageSender.h:SendEvent():105|Sent RabbitMqEvent Roche.c68_8800.TipRackMagazine.E.Echo. Content: {"Timestamp":"2026-09-22T08:34:58.690984Z","MagazineId":"E","PingId":"IS10"}[EOL]
[2026-09-22T08:34:58.736490Z][TRM_E.barcodereader][W][2330306][133]CRTCyclicEvent.cpp:TimeMissed():101|Cycle miss in event CCSICombinedCmdManager Cyclic Event. Time Overrun is 3143 us[EOL]
[2026-09-22T08:34:58.736525Z][TRM_E.barcodereader][W][2330306][133]CRTCyclicEvent.cpp:TimeMissed():101|Cycle miss in event CCSICombinedRepManager. Time Overrun is 3143 us[EOL]
[2026-09-22T08:35:10.584671Z][TRM_E.newgen-tiprackmagazine][W][2330306][141]CRTCyclicEvent.cpp:TimeMissed():101|Cycle miss in event CCSICombinedCmdManager Cyclic Event. Time Overrun is 3828 us[EOL]
[2026-09-22T08:35:10.584696Z][TRM_E.newgen-tiprackmagazine][W][2330306][141]CRTCyclicEvent.cpp:TimeMissed():101|Cycle miss in event CCSICombinedRepManager. Time Overrun is 3828 us[EOL]
[2026-09-22T08:35:10.585366Z][TRM_E.barcodereader][W][2330306][133]CRTCyclicEvent.cpp:TimeMissed():101|Cycle miss in event CCSICombinedCmdManager Cyclic Event. Time Overrun is 2019 us[EOL]
[2026-09-22T08:35:10.585406Z][TRM_E.barcodereader][W][2330306][133]CRTCyclicEvent.cpp:TimeMissed():101|Cycle miss in event CCSICombinedRepManager. Time Overrun is 2019 us[EOL]
[2026-09-22T08:35:12.462838Z][TRM_E.newgen-tiprackmagazine][W][2330306][141]CRTCyclicEvent.cpp:TimeMissed():101|Cycle miss in event CCSICombinedCmdManager Cyclic Event. Time Overrun is 1992 us[EOL]
[2026-09-22T08:35:12.463383Z][TRM_E.barcodereader][W][2330306][133]CRTCyclicEvent.cpp:TimeMissed():101|Cycle miss in event CCSICombinedCmdManager Cyclic Event. Time Overrun is 39 us[EOL]
[2026-09-22T08:35:12.463404Z][TRM_E.barcodereader][W][2330306][133]CRTCyclicEvent.cpp:TimeMissed():101|Cycle miss in event CCSICombinedRepManager. Time Overrun is 39 us[EOL]
[2026-09-22T08:35:12.462867Z][TRM_E.newgen-tiprackmagazine][W][2330306][141]CRTCyclicEvent.cpp:TimeMissed():101|Cycle miss in event CCSICombinedRepManager. Time Overrun is 1992 us[EOL]
[2026-09-22T08:35:20.884895Z][TRM_E.barcodereader][W][2330306][133]CRTCyclicEvent.cpp:TimeMissed():101|Cycle miss in event CCSICombinedCmdManager Cyclic Event. Time Overrun is 1548 us[EOL]
[2026-09-22T08:35:20.884931Z][TRM_E.barcodereader][W][2330306][133]CRTCyclicEvent.cpp:TimeMissed():101|Cycle miss in event CCSICombinedRepManager. Time Overrun is 1548 us[EOL]
[2026-09-22T08:35:24.346448Z][TRM_E.barcodereader][W][2330306][133]CRTCyclicEvent.cpp:TimeMissed():101|Cycle miss in event CCSICombinedCmdManager Cyclic Event. Time Overrun is 3101 us[EOL]
[2026-09-22T08:35:24.346477Z][TRM_E.barcodereader][W][2330306][133]CRTCyclicEvent.cpp:TimeMissed():101|Cycle miss in event CCSICombinedRepManager. Time Overrun is 3101 us[EOL]
[2026-09-22T08:35:26.518714Z][TRM_E.newgen-tiprackmagazine][W][2330306][141]CRTCyclicEvent.cpp:TimeMissed():101|Cycle miss in event CCSICombinedCmdManager Cyclic Event. Time Overrun is 17870 us[EOL]
[2026-09-22T08:35:26.518745Z][TRM_E.newgen-tiprackmagazine][W][2330306][141]CRTCyclicEvent.cpp:TimeMissed():101|Cycle miss in event CCSICombinedRepManager. Time Overrun is 17870 us[EOL]
[2026-09-22T08:35:26.519567Z][TRM_E.barcodereader][W][2330306][133]CRTCyclicEvent.cpp:TimeMissed():101|Cycle miss in event CCSICombinedCmdManager Cyclic Event. Time Overrun is 16216 us[EOL]
[2026-09-22T08:35:26.519650Z][TRM_E.barcodereader][W][2330306][133]CRTCyclicEvent.cpp:TimeMissed():101|Cycle miss in event CCSICombinedRepManager. Time Overrun is 16216 us[EOL]
[2026-09-22T08:35:27.823737Z][TRM_E.barcodereader][W][2330306][133]CRTCyclicEvent.cpp:TimeMissed():101|Cycle miss in event CCSICombinedCmdManager Cyclic Event. Time Overrun is 389 us[EOL]
[2026-09-22T08:35:27.823870Z][TRM_E.barcodereader][W][2330306][133]CRTCyclicEvent.cpp:TimeMissed():101|Cycle miss in event CCSICombinedRepManager. Time Overrun is 389 us[EOL]
[2026-09-22T08:35:27.824230Z][TRM_E.newgen-tiprackmagazine][W][2330306][141]CRTCyclicEvent.cpp:TimeMissed():101|Cycle miss in event CCSICombinedCmdManager Cyclic Event. Time Overrun is 3375 us[EOL]
[2026-09-22T08:35:27.824310Z][TRM_E.newgen-tiprackmagazine][W][2330306][141]CRTCyclicEvent.cpp:TimeMissed():101|Cycle miss in event CCSICombinedRepManager. Time Overrun is 3375 us[EOL]
[2026-09-22T08:35:28.690478Z][TRM_E.newgen-tiprackmagazine][I][2560016][141]IMessageHandler.h:operator()():40|Received RabbitMqMessage Roche.MolLab.InstrumentState.Ping. Content: {"Timestamp":"2026-09-22T08:35:28.6744327Z","PingId":"IS11"}[EOL]
[2026-09-22T08:35:28.690509Z][TRM_E.newgen-tiprackmagazine][I][844444436][141]UnitCommunicator.cpp:SendEvent():424|Publishing event: type=Roche.c68_8800.TipRackMagazine.E.Echo correlation_id=(n/a)[EOL]
[2026-09-22T08:35:28.690528Z][TRM_E.newgen-tiprackmagazine][I][2560017][141]MessageSender.h:SendEvent():105|Sent RabbitMqEvent Roche.c68_8800.TipRackMagazine.E.Echo. Content: {"Timestamp":"2026-09-22T08:35:28.690505Z","MagazineId":"E","PingId":"IS11"}[EOL]
[2026-09-22T08:35:29.407159Z][TRM_E.barcodereader][W][2330306][133]CRTCyclicEvent.cpp:TimeMissed():101|Cycle miss in event CCSICombinedCmdManager Cyclic Event. Time Overrun is 13812 us[EOL]
[2026-09-22T08:35:29.407195Z][TRM_E.newgen-tiprackmagazine][W][2330306][141]CRTCyclicEvent.cpp:TimeMissed():101|Cycle miss in event CCSICombinedCmdManager Cyclic Event. Time Overrun is 16350 us[EOL]
[2026-09-22T08:35:29.407195Z][TRM_E.barcodereader][W][2330306][133]CRTCyclicEvent.cpp:TimeMissed():101|Cycle miss in event CCSICombinedRepManager. Time Overrun is 13812 us[EOL]
[2026-09-22T08:35:29.407224Z][TRM_E.newgen-tiprackmagazine][W][2330306][141]CRTCyclicEvent.cpp:TimeMissed():101|Cycle miss in event CCSICombinedRepManager. Time Overrun is 16350 us[EOL]
[2026-09-22T08:35:29.638752Z][TRM_E.barcodereader][W][2330306][133]CRTCyclicEvent.cpp:TimeMissed():101|Cycle miss in event CCSICombinedCmdManager Cyclic Event. Time Overrun is 5406 us[EOL]
[2026-09-22T08:35:29.638783Z][TRM_E.barcodereader][W][2330306][133]CRTCyclicEvent.cpp:TimeMissed():101|Cycle miss in event CCSICombinedRepManager. Time Overrun is 5406 us[EOL]
[2026-09-22T08:35:31.825088Z][TRM_E.barcodereader][W][2330306][133]CRTCyclicEvent.cpp:TimeMissed():101|Cycle miss in event CCSICombinedCmdManager Cyclic Event. Time Overrun is 1741 us[EOL]
[2026-09-22T08:35:31.825120Z][TRM_E.barcodereader][W][2330306][133]CRTCyclicEvent.cpp:TimeMissed():101|Cycle miss in event CCSICombinedRepManager. Time Overrun is 1741 us[EOL]
[2026-09-22T08:35:31.947755Z][TRM_E.barcodereader][W][2330306][133]CRTCyclicEvent.cpp:TimeMissed():101|Cycle miss in event CCSICombinedCmdManager Cyclic Event. Time Overrun is 4409 us[EOL]
[2026-09-22T08:35:31.947778Z][TRM_E.barcodereader][W][2330306][133]CRTCyclicEvent.cpp:TimeMissed():101|Cycle miss in event CCSICombinedRepManager. Time Overrun is 4409 us[EOL]
[2026-09-22T08:35:31.947142Z][TRM_E.newgen-tiprackmagazine][W][2330306][141]CRTCyclicEvent.cpp:TimeMissed():101|Cycle miss in event CCSICombinedCmdManager Cyclic Event. Time Overrun is 6297 us[EOL]
[2026-09-22T08:35:31.947181Z][TRM_E.newgen-tiprackmagazine][W][2330306][141]CRTCyclicEvent.cpp:TimeMissed():101|Cycle miss in event CCSICombinedRepManager. Time Overrun is 6297 us[EOL]
[2026-09-22T08:35:34.825774Z][TRM_E.barcodereader][W][2330306][133]CRTCyclicEvent.cpp:TimeMissed():101|Cycle miss in event CCSICombinedCmdManager Cyclic Event. Time Overrun is 2427 us[EOL]
[2026-09-22T08:35:34.825425Z][TRM_E.newgen-tiprackmagazine][W][2330306][141]CRTCyclicEvent.cpp:TimeMissed():101|Cycle miss in event CCSICombinedCmdManager Cyclic Event. Time Overrun is 4579 us[EOL]
[2026-09-22T08:35:34.825840Z][TRM_E.barcodereader][W][2330306][133]CRTCyclicEvent.cpp:TimeMissed():101|Cycle miss in event CCSICombinedRepManager. Time Overrun is 2427 us[EOL]
[2026-09-22T08:35:34.825464Z][TRM_E.newgen-tiprackmagazine][W][2330306][141]CRTCyclicEvent.cpp:TimeMissed():101|Cycle miss in event CCSICombinedRepManager. Time Overrun is 4579 us[EOL]
[2026-09-22T08:35:39.173031Z][TRM_E.newgen-tiprackmagazine][W][2330306][141]CRTCyclicEvent.cpp:TimeMissed():101|Cycle miss in event CCSICombinedCmdManager Cyclic Event. Time Overrun is 2182 us[EOL]
[2026-09-22T08:35:39.173077Z][TRM_E.newgen-tiprackmagazine][W][2330306][141]CRTCyclicEvent.cpp:TimeMissed():101|Cycle miss in event CCSICombinedRepManager. Time Overrun is 2182 us[EOL]
[2026-09-22T08:35:39.182576Z][TRM_E.barcodereader][W][2330306][133]CRTCyclicEvent.cpp:TimeMissed():101|Cycle miss in event CCSICombinedCmdManager Cyclic Event. Time Overrun is 9231 us[EOL]
[2026-09-22T08:35:39.182595Z][TRM_E.barcodereader][W][2330306][133]CRTCyclicEvent.cpp:TimeMissed():101|Cycle miss in event CCSICombinedRepManager. Time Overrun is 9231 us[EOL]
[2026-09-22T08:35:40.919646Z][TRM_E.newgen-tiprackmagazine][W][2330306][141]CRTCyclicEvent.cpp:TimeMissed():101|Cycle miss in event CCSICombinedCmdManager Cyclic Event. Time Overrun is 8799 us[EOL]
[2026-09-22T08:35:40.923346Z][TRM_E.barcodereader][W][2330306][133]CRTCyclicEvent.cpp:TimeMissed():101|Cycle miss in event CCSICombinedCmdManager Cyclic Event. Time Overrun is 9993 us[EOL]
[2026-09-22T08:35:40.923396Z][TRM_E.barcodereader][W][2330306][133]CRTCyclicEvent.cpp:TimeMissed():101|Cycle miss in event CCSICombinedRepManager. Time Overrun is 9993 us[EOL]
[2026-09-22T08:35:40.919688Z][TRM_E.newgen-tiprackmagazine][W][2330306][141]CRTCyclicEvent.cpp:TimeMissed():101|Cycle miss in event CCSICombinedRepManager. Time Overrun is 8799 us[EOL]
[2026-09-22T08:35:54.965130Z][TRM_E.barcodereader][W][2330306][133]CRTCyclicEvent.cpp:TimeMissed():101|Cycle miss in event CCSICombinedCmdManager Cyclic Event. Time Overrun is 1785 us[EOL]
[2026-09-22T08:35:54.965152Z][TRM_E.barcodereader][W][2330306][133]CRTCyclicEvent.cpp:TimeMissed():101|Cycle miss in event CCSICombinedRepManager. Time Overrun is 1785 us[EOL]
[2026-09-22T08:35:55.480689Z][TRM_E.barcodereader][W][2330306][133]CRTCyclicEvent.cpp:TimeMissed():101|Cycle miss in event CCSICombinedCmdManager Cyclic Event. Time Overrun is 7345 us[EOL]
[2026-09-22T08:35:55.480713Z][TRM_E.barcodereader][W][2330306][133]CRTCyclicEvent.cpp:TimeMissed():101|Cycle miss in event CCSICombinedRepManager. Time Overrun is 7345 us[EOL]
[2026-09-22T08:35:55.480633Z][TRM_E.newgen-tiprackmagazine][W][2330306][141]CRTCyclicEvent.cpp:TimeMissed():101|Cycle miss in event CCSICombinedCmdManager Cyclic Event. Time Overrun is 9788 us[EOL]
[2026-09-22T08:35:55.480661Z][TRM_E.newgen-tiprackmagazine][W][2330306][141]CRTCyclicEvent.cpp:TimeMissed():101|Cycle miss in event CCSICombinedRepManager. Time Overrun is 9788 us[EOL]
[2026-09-22T08:35:55.604066Z][TRM_E.barcodereader][W][2330306][133]CRTCyclicEvent.cpp:TimeMissed():101|Cycle miss in event CCSICombinedCmdManager Cyclic Event. Time Overrun is 719 us[EOL]
[2026-09-22T08:35:55.604094Z][TRM_E.barcodereader][W][2330306][133]CRTCyclicEvent.cpp:TimeMissed():101|Cycle miss in event CCSICombinedRepManager. Time Overrun is 719 us[EOL]
[2026-09-22T08:35:57.828842Z][TRM_E.barcodereader][W][2330306][133]CRTCyclicEvent.cpp:TimeMissed():101|Cycle miss in event CCSICombinedCmdManager Cyclic Event. Time Overrun is 5498 us[EOL]
[2026-09-22T08:35:57.828868Z][TRM_E.barcodereader][W][2330306][133]CRTCyclicEvent.cpp:TimeMissed():101|Cycle miss in event CCSICombinedRepManager. Time Overrun is 5498 us[EOL]
[2026-09-22T08:35:58.682943Z][TRM_E.newgen-tiprackmagazine][I][2560016][141]IMessageHandler.h:operator()():40|Received RabbitMqMessage Roche.MolLab.InstrumentState.Ping. Content: {"Timestamp":"2026-09-22T08:35:58.6770944Z","PingId":"IS12"}[EOL]
[2026-09-22T08:35:58.683159Z][TRM_E.newgen-tiprackmagazine][I][844444436][141]UnitCommunicator.cpp:SendEvent():424|Publishing event: type=Roche.c68_8800.TipRackMagazine.E.Echo correlation_id=(n/a)[EOL]
[2026-09-22T08:35:58.683192Z][TRM_E.newgen-tiprackmagazine][I][2560017][141]MessageSender.h:SendEvent():105|Sent RabbitMqEvent Roche.c68_8800.TipRackMagazine.E.Echo. Content: {"Timestamp":"2026-09-22T08:35:58.683146Z","MagazineId":"E","PingId":"IS12"}[EOL]
[2026-09-22T08:36:07.762517Z][TRM_E.newgen-tiprackmagazine][W][2330306][141]CRTCyclicEvent.cpp:TimeMissed():101|Cycle miss in event CCSICombinedCmdManager Cyclic Event. Time Overrun is 1668 us[EOL]
[2026-09-22T08:36:07.762825Z][TRM_E.newgen-tiprackmagazine][W][2330306][141]CRTCyclicEvent.cpp:TimeMissed():101|Cycle miss in event CCSICombinedRepManager. Time Overrun is 1668 us[EOL]
[2026-09-22T08:36:17.871553Z][TRM_E.newgen-tiprackmagazine][W][2330306][141]CRTCyclicEvent.cpp:TimeMissed():101|Cycle miss in event CCSICombinedCmdManager Cyclic Event. Time Overrun is 706 us[EOL]
[2026-09-22T08:36:17.871642Z][TRM_E.newgen-tiprackmagazine][W][2330306][141]CRTCyclicEvent.cpp:TimeMissed():101|Cycle miss in event CCSICombinedRepManager. Time Overrun is 706 us[EOL]
[2026-09-22T08:36:24.871646Z][TRM_E.newgen-tiprackmagazine][W][2330306][141]CRTCyclicEvent.cpp:TimeMissed():101|Cycle miss in event CCSICombinedCmdManager Cyclic Event. Time Overrun is 796 us[EOL]
[2026-09-22T08:36:24.871721Z][TRM_E.newgen-tiprackmagazine][W][2330306][141]CRTCyclicEvent.cpp:TimeMissed():101|Cycle miss in event CCSICombinedRepManager. Time Overrun is 796 us[EOL]
[2026-09-22T08:36:28.687749Z][TRM_E.newgen-tiprackmagazine][I][2560016][141]IMessageHandler.h:operator()():40|Received RabbitMqMessage Roche.MolLab.InstrumentState.Ping. Content: {"Timestamp":"2026-09-22T08:36:28.6764118Z","PingId":"IS13"}[EOL]
[2026-09-22T08:36:28.687782Z][TRM_E.newgen-tiprackmagazine][I][844444436][141]UnitCommunicator.cpp:SendEvent():424|Publishing event: type=Roche.c68_8800.TipRackMagazine.E.Echo correlation_id=(n/a)[EOL]
[2026-09-22T08:36:28.687819Z][TRM_E.newgen-tiprackmagazine][I][2560017][141]MessageSender.h:SendEvent():105|Sent RabbitMqEvent Roche.c68_8800.TipRackMagazine.E.Echo. Content: {"Timestamp":"2026-09-22T08:36:28.687777Z","MagazineId":"E","PingId":"IS13"}[EOL]
[2026-09-22T08:36:32.133542Z][TRM_E.barcodereader][W][2330306][133]CRTCyclicEvent.cpp:TimeMissed():101|Cycle miss in event CCSICombinedCmdManager Cyclic Event. Time Overrun is 186 us[EOL]
[2026-09-22T08:36:32.133594Z][TRM_E.barcodereader][W][2330306][133]CRTCyclicEvent.cpp:TimeMissed():101|Cycle miss in event CCSICombinedRepManager. Time Overrun is 186 us[EOL]
[2026-09-22T08:36:36.266269Z][TRM_E.barcodereader][W][2330306][133]CRTCyclicEvent.cpp:TimeMissed():101|Cycle miss in event CCSICombinedCmdManager Cyclic Event. Time Overrun is 2925 us[EOL]
[2026-09-22T08:36:36.266288Z][TRM_E.barcodereader][W][2330306][133]CRTCyclicEvent.cpp:TimeMissed():101|Cycle miss in event CCSICombinedRepManager. Time Overrun is 2925 us[EOL]
[2026-09-22T08:36:36.266134Z][TRM_E.newgen-tiprackmagazine][W][2330306][141]CRTCyclicEvent.cpp:TimeMissed():101|Cycle miss in event CCSICombinedCmdManager Cyclic Event. Time Overrun is 5289 us[EOL]
[2026-09-22T08:36:36.266165Z][TRM_E.newgen-tiprackmagazine][W][2330306][141]CRTCyclicEvent.cpp:TimeMissed():101|Cycle miss in event CCSICombinedRepManager. Time Overrun is 5289 us[EOL]
[2026-09-22T08:36:38.320940Z][TRM_E.barcodereader][W][2330306][133]CRTCyclicEvent.cpp:TimeMissed():101|Cycle miss in event CCSICombinedCmdManager Cyclic Event. Time Overrun is 7595 us[EOL]
[2026-09-22T08:36:38.321434Z][TRM_E.newgen-tiprackmagazine][W][2330306][141]CRTCyclicEvent.cpp:TimeMissed():101|Cycle miss in event CCSICombinedCmdManager Cyclic Event. Time Overrun is 10592 us[EOL]
[2026-09-22T08:36:38.320964Z][TRM_E.barcodereader][W][2330306][133]CRTCyclicEvent.cpp:TimeMissed():101|Cycle miss in event CCSICombinedRepManager. Time Overrun is 7595 us[EOL]
[2026-09-22T08:36:38.321466Z][TRM_E.newgen-tiprackmagazine][W][2330306][141]CRTCyclicEvent.cpp:TimeMissed():101|Cycle miss in event CCSICombinedRepManager. Time Overrun is 10592 us[EOL]
[2026-09-22T08:36:42.442344Z][TRM_E.barcodereader][W][2330306][133]CRTCyclicEvent.cpp:TimeMissed():101|Cycle miss in event CCSICombinedCmdManager Cyclic Event. Time Overrun is 8997 us[EOL]
[2026-09-22T08:36:42.442370Z][TRM_E.barcodereader][W][2330306][133]CRTCyclicEvent.cpp:TimeMissed():101|Cycle miss in event CCSICombinedRepManager. Time Overrun is 8997 us[EOL]
[2026-09-22T08:36:42.991062Z][TRM_E.newgen-tiprackmagazine][W][2330306][141]CRTCyclicEvent.cpp:TimeMissed():101|Cycle miss in event CCSICombinedCmdManager Cyclic Event. Time Overrun is 214 us[EOL]
[2026-09-22T08:36:42.991097Z][TRM_E.newgen-tiprackmagazine][W][2330306][141]CRTCyclicEvent.cpp:TimeMissed():101|Cycle miss in event CCSICombinedRepManager. Time Overrun is 214 us[EOL]
[2026-09-22T08:36:45.467568Z][TRM_E.barcodereader][W][2330306][133]CRTCyclicEvent.cpp:TimeMissed():101|Cycle miss in event CCSICombinedCmdManager Cyclic Event. Time Overrun is 4216 us[EOL]
[2026-09-22T08:36:45.467606Z][TRM_E.barcodereader][W][2330306][133]CRTCyclicEvent.cpp:TimeMissed():101|Cycle miss in event CCSICombinedRepManager. Time Overrun is 4216 us[EOL]
[2026-09-22T08:36:47.571750Z][TRM_E.newgen-tiprackmagazine][W][2330306][141]CRTCyclicEvent.cpp:TimeMissed():101|Cycle miss in event CCSICombinedCmdManager Cyclic Event. Time Overrun is 802 us[EOL]
[2026-09-22T08:36:47.571792Z][TRM_E.newgen-tiprackmagazine][W][2330306][141]CRTCyclicEvent.cpp:TimeMissed():101|Cycle miss in event CCSICombinedRepManager. Time Overrun is 802 us[EOL]
[2026-09-22T08:36:51.672464Z][TRM_E.barcodereader][W][2330306][133]CRTCyclicEvent.cpp:TimeMissed():101|Cycle miss in event CCSICombinedCmdManager Cyclic Event. Time Overrun is 9116 us[EOL]
[2026-09-22T08:36:51.672513Z][TRM_E.barcodereader][W][2330306][133]CRTCyclicEvent.cpp:TimeMissed():101|Cycle miss in event CCSICombinedRepManager. Time Overrun is 9116 us[EOL]
[2026-09-22T08:36:53.907909Z][TRM_E.barcodereader][W][2330306][133]CRTCyclicEvent.cpp:TimeMissed():101|Cycle miss in event CCSICombinedCmdManager Cyclic Event. Time Overrun is 4563 us[EOL]
[2026-09-22T08:36:53.907946Z][TRM_E.barcodereader][W][2330306][133]CRTCyclicEvent.cpp:TimeMissed():101|Cycle miss in event CCSICombinedRepManager. Time Overrun is 4563 us[EOL]
[2026-09-22T08:36:58.683458Z][TRM_E.newgen-tiprackmagazine][I][2560016][141]IMessageHandler.h:operator()():40|Received RabbitMqMessage Roche.MolLab.InstrumentState.Ping. Content: {"Timestamp":"2026-09-22T08:36:58.6759276Z","PingId":"IS14"}[EOL]
[2026-09-22T08:36:58.683509Z][TRM_E.newgen-tiprackmagazine][I][844444436][141]UnitCommunicator.cpp:SendEvent():424|Publishing event: type=Roche.c68_8800.TipRackMagazine.E.Echo correlation_id=(n/a)[EOL]
[2026-09-22T08:36:58.683538Z][TRM_E.newgen-tiprackmagazine][I][2560017][141]MessageSender.h:SendEvent():105|Sent RabbitMqEvent Roche.c68_8800.TipRackMagazine.E.Echo. Content: {"Timestamp":"2026-09-22T08:36:58.683502Z","MagazineId":"E","PingId":"IS14"}[EOL]
[2026-09-22T08:36:59.804702Z][TRM_E.newgen-tiprackmagazine][W][2330306][141]CRTCyclicEvent.cpp:TimeMissed():101|Cycle miss in event CCSICombinedCmdManager Cyclic Event. Time Overrun is 33857 us[EOL]
[2026-09-22T08:36:59.808308Z][TRM_E.barcodereader][W][2330306][133]CRTCyclicEvent.cpp:TimeMissed():101|Cycle miss in event CCSICombinedCmdManager Cyclic Event. Time Overrun is 34958 us[EOL]
[2026-09-22T08:36:59.808352Z][TRM_E.barcodereader][W][2330306][133]CRTCyclicEvent.cpp:TimeMissed():101|Cycle miss in event CCSICombinedRepManager. Time Overrun is 34958 us[EOL]
[2026-09-22T08:36:59.804735Z][TRM_E.newgen-tiprackmagazine][W][2330306][141]CRTCyclicEvent.cpp:TimeMissed():101|Cycle miss in event CCSICombinedRepManager. Time Overrun is 33857 us[EOL]
[2026-09-22T08:37:14.493643Z][TRM_E.newgen-tiprackmagazine][W][2330306][141]CRTCyclicEvent.cpp:TimeMissed():101|Cycle miss in event CCSICombinedCmdManager Cyclic Event. Time Overrun is 2790 us[EOL]
[2026-09-22T08:37:14.500213Z][TRM_E.barcodereader][W][2330306][133]CRTCyclicEvent.cpp:TimeMissed():101|Cycle miss in event CCSICombinedCmdManager Cyclic Event. Time Overrun is 6862 us[EOL]
[2026-09-22T08:37:14.500308Z][TRM_E.barcodereader][W][2330306][133]CRTCyclicEvent.cpp:TimeMissed():101|Cycle miss in event CCSICombinedRepManager. Time Overrun is 6862 us[EOL]
[2026-09-22T08:37:14.493699Z][TRM_E.newgen-tiprackmagazine][W][2330306][141]CRTCyclicEvent.cpp:TimeMissed():101|Cycle miss in event CCSICombinedRepManager. Time Overrun is 2790 us[EOL]
[2026-09-22T08:37:25.380953Z][TRM_E.newgen-tiprackmagazine][W][2330306][141]CRTCyclicEvent.cpp:TimeMissed():101|Cycle miss in event CCSICombinedCmdManager Cyclic Event. Time Overrun is 108 us[EOL]
[2026-09-22T08:37:25.380986Z][TRM_E.newgen-tiprackmagazine][W][2330306][141]CRTCyclicEvent.cpp:TimeMissed():101|Cycle miss in event CCSICombinedRepManager. Time Overrun is 108 us[EOL]
[2026-09-22T08:37:25.777912Z][TRM_E.barcodereader][W][2330306][133]CRTCyclicEvent.cpp:TimeMissed():101|Cycle miss in event CCSICombinedCmdManager Cyclic Event. Time Overrun is 4566 us[EOL]
[2026-09-22T08:37:25.777936Z][TRM_E.barcodereader][W][2330306][133]CRTCyclicEvent.cpp:TimeMissed():101|Cycle miss in event CCSICombinedRepManager. Time Overrun is 4566 us[EOL]
[2026-09-22T08:37:25.965145Z][TRM_E.barcodereader][W][2330306][133]CRTCyclicEvent.cpp:TimeMissed():101|Cycle miss in event CCSICombinedCmdManager Cyclic Event. Time Overrun is 1784 us[EOL]
[2026-09-22T08:37:25.965190Z][TRM_E.barcodereader][W][2330306][133]CRTCyclicEvent.cpp:TimeMissed():101|Cycle miss in event CCSICombinedRepManager. Time Overrun is 1784 us[EOL]
[2026-09-22T08:37:28.211227Z][TRM_E.newgen-tiprackmagazine][W][2330306][141]CRTCyclicEvent.cpp:TimeMissed():101|Cycle miss in event CCSICombinedCmdManager Cyclic Event. Time Overrun is 10379 us[EOL]
[2026-09-22T08:37:28.209775Z][TRM_E.barcodereader][W][2330306][133]CRTCyclicEvent.cpp:TimeMissed():101|Cycle miss in event CCSICombinedCmdManager Cyclic Event. Time Overrun is 6431 us[EOL]
[2026-09-22T08:37:28.211271Z][TRM_E.newgen-tiprackmagazine][W][2330306][141]CRTCyclicEvent.cpp:TimeMissed():101|Cycle miss in event CCSICombinedRepManager. Time Overrun is 10379 us[EOL]
[2026-09-22T08:37:28.209796Z][TRM_E.barcodereader][W][2330306][133]CRTCyclicEvent.cpp:TimeMissed():101|Cycle miss in event CCSICombinedRepManager. Time Overrun is 6431 us[EOL]
[2026-09-22T08:37:28.677466Z][TRM_E.newgen-tiprackmagazine][I][2560016][141]IMessageHandler.h:operator()():40|Received RabbitMqMessage Roche.MolLab.InstrumentState.Ping. Content: {"Timestamp":"2026-09-22T08:37:28.6740962Z","PingId":"IS15"}[EOL]
[2026-09-22T08:37:28.677505Z][TRM_E.newgen-tiprackmagazine][I][844444436][141]UnitCommunicator.cpp:SendEvent():424|Publishing event: type=Roche.c68_8800.TipRackMagazine.E.Echo correlation_id=(n/a)[EOL]
[2026-09-22T08:37:28.677539Z][TRM_E.newgen-tiprackmagazine][I][2560017][141]MessageSender.h:SendEvent():105|Sent RabbitMqEvent Roche.c68_8800.TipRackMagazine.E.Echo. Content: {"Timestamp":"2026-09-22T08:37:28.677498Z","MagazineId":"E","PingId":"IS15"}[EOL]
[2026-09-22T08:37:37.349911Z][TRM_E.barcodereader][W][2330306][133]CRTCyclicEvent.cpp:TimeMissed():101|Cycle miss in event CCSICombinedCmdManager Cyclic Event. Time Overrun is 6565 us[EOL]
[2026-09-22T08:37:37.349934Z][TRM_E.barcodereader][W][2330306][133]CRTCyclicEvent.cpp:TimeMissed():101|Cycle miss in event CCSICombinedRepManager. Time Overrun is 6565 us[EOL]
[2026-09-22T08:37:37.351764Z][TRM_E.newgen-tiprackmagazine][W][2330306][141]CRTCyclicEvent.cpp:TimeMissed():101|Cycle miss in event CCSICombinedCmdManager Cyclic Event. Time Overrun is 10919 us[EOL]
[2026-09-22T08:37:37.351789Z][TRM_E.newgen-tiprackmagazine][W][2330306][141]CRTCyclicEvent.cpp:TimeMissed():101|Cycle miss in event CCSICombinedRepManager. Time Overrun is 10919 us[EOL]
[2026-09-22T08:37:42.844163Z][TRM_E.barcodereader][W][2330306][133]CRTCyclicEvent.cpp:TimeMissed():101|Cycle miss in event CCSICombinedCmdManager Cyclic Event. Time Overrun is 803 us[EOL]
[2026-09-22T08:37:42.844350Z][TRM_E.barcodereader][W][2330306][133]CRTCyclicEvent.cpp:TimeMissed():101|Cycle miss in event CCSICombinedRepManager. Time Overrun is 803 us[EOL]
[2026-09-22T08:37:44.133631Z][TRM_E.newgen-tiprackmagazine][W][2330306][141]CRTCyclicEvent.cpp:TimeMissed():101|Cycle miss in event CCSICombinedCmdManager Cyclic Event. Time Overrun is 22784 us[EOL]
[2026-09-22T08:37:44.133672Z][TRM_E.newgen-tiprackmagazine][W][2330306][141]CRTCyclicEvent.cpp:TimeMissed():101|Cycle miss in event CCSICombinedRepManager. Time Overrun is 22784 us[EOL]
[2026-09-22T08:37:44.130680Z][TRM_E.barcodereader][W][2330306][133]CRTCyclicEvent.cpp:TimeMissed():101|Cycle miss in event CCSICombinedCmdManager Cyclic Event. Time Overrun is 17335 us[EOL]
[2026-09-22T08:37:44.130710Z][TRM_E.barcodereader][W][2330306][133]CRTCyclicEvent.cpp:TimeMissed():101|Cycle miss in event CCSICombinedRepManager. Time Overrun is 17335 us[EOL]
[2026-09-22T08:37:44.252113Z][TRM_E.newgen-tiprackmagazine][W][2330306][141]CRTCyclicEvent.cpp:TimeMissed():101|Cycle miss in event CCSICombinedCmdManager Cyclic Event. Time Overrun is 1268 us[EOL]
[2026-09-22T08:37:44.252143Z][TRM_E.newgen-tiprackmagazine][W][2330306][141]CRTCyclicEvent.cpp:TimeMissed():101|Cycle miss in event CCSICombinedRepManager. Time Overrun is 1268 us[EOL]
[2026-09-22T08:37:49.536235Z][TRM_E.barcodereader][W][2330306][133]CRTCyclicEvent.cpp:TimeMissed():101|Cycle miss in event CCSICombinedCmdManager Cyclic Event. Time Overrun is 2888 us[EOL]
[2026-09-22T08:37:49.536286Z][TRM_E.barcodereader][W][2330306][133]CRTCyclicEvent.cpp:TimeMissed():101|Cycle miss in event CCSICombinedRepManager. Time Overrun is 2888 us[EOL]
[2026-09-22T08:37:58.535051Z][TRM_E.barcodereader][W][2330306][133]CRTCyclicEvent.cpp:TimeMissed():101|Cycle miss in event CCSICombinedCmdManager Cyclic Event. Time Overrun is 1704 us[EOL]
[2026-09-22T08:37:58.535093Z][TRM_E.barcodereader][W][2330306][133]CRTCyclicEvent.cpp:TimeMissed():101|Cycle miss in event CCSICombinedRepManager. Time Overrun is 1704 us[EOL]
[2026-09-22T08:37:58.690639Z][TRM_E.newgen-tiprackmagazine][I][2560016][141]IMessageHandler.h:operator()():40|Received RabbitMqMessage Roche.MolLab.InstrumentState.Ping. Content: {"Timestamp":"2026-09-22T08:37:58.6750384Z","PingId":"IS16"}[EOL]
[2026-09-22T08:37:58.690822Z][TRM_E.newgen-tiprackmagazine][I][844444436][141]UnitCommunicator.cpp:SendEvent():424|Publishing event: type=Roche.c68_8800.TipRackMagazine.E.Echo correlation_id=(n/a)[EOL]
[2026-09-22T08:37:58.690893Z][TRM_E.newgen-tiprackmagazine][I][2560017][141]MessageSender.h:SendEvent():105|Sent RabbitMqEvent Roche.c68_8800.TipRackMagazine.E.Echo. Content: {"Timestamp":"2026-09-22T08:37:58.690815Z","MagazineId":"E","PingId":"IS16"}[EOL]
[2026-09-22T08:37:58.727705Z][TRM_E.newgen-tiprackmagazine][W][2330306][141]CRTCyclicEvent.cpp:TimeMissed():101|Cycle miss in event CCSICombinedCmdManager Cyclic Event. Time Overrun is 6858 us[EOL]
[2026-09-22T08:37:58.727847Z][TRM_E.barcodereader][W][2330306][133]CRTCyclicEvent.cpp:TimeMissed():101|Cycle miss in event CCSICombinedCmdManager Cyclic Event. Time Overrun is 4503 us[EOL]
[2026-09-22T08:37:58.727754Z][TRM_E.newgen-tiprackmagazine][W][2330306][141]CRTCyclicEvent.cpp:TimeMissed():101|Cycle miss in event CCSICombinedRepManager. Time Overrun is 6858 us[EOL]
[2026-09-22T08:37:58.727869Z][TRM_E.barcodereader][W][2330306][133]CRTCyclicEvent.cpp:TimeMissed():101|Cycle miss in event CCSICombinedRepManager. Time Overrun is 4503 us[EOL]
[2026-09-22T08:38:01.376545Z][TRM_E.barcodereader][W][2330306][133]CRTCyclicEvent.cpp:TimeMissed():101|Cycle miss in event CCSICombinedCmdManager Cyclic Event. Time Overrun is 3197 us[EOL]
[2026-09-22T08:38:01.376585Z][TRM_E.barcodereader][W][2330306][133]CRTCyclicEvent.cpp:TimeMissed():101|Cycle miss in event CCSICombinedRepManager. Time Overrun is 3197 us[EOL]
[2026-09-22T08:38:08.102944Z][TRM_E.newgen-tiprackmagazine][W][2330306][141]CRTCyclicEvent.cpp:TimeMissed():101|Cycle miss in event CCSICombinedCmdManager Cyclic Event. Time Overrun is 2101 us[EOL]
[2026-09-22T08:38:08.102964Z][TRM_E.newgen-tiprackmagazine][W][2330306][141]CRTCyclicEvent.cpp:TimeMissed():101|Cycle miss in event CCSICombinedRepManager. Time Overrun is 2101 us[EOL]
[2026-09-22T08:38:08.101967Z][TRM_E.barcodereader][W][2330306][133]CRTCyclicEvent.cpp:TimeMissed():101|Cycle miss in event CCSICombinedCmdManager Cyclic Event. Time Overrun is 8620 us[EOL]
[2026-09-22T08:38:08.102371Z][TRM_E.barcodereader][W][2330306][133]CRTCyclicEvent.cpp:TimeMissed():101|Cycle miss in event CCSICombinedRepManager. Time Overrun is 8620 us[EOL]
[2026-09-22T08:38:11.121559Z][TRM_E.newgen-tiprackmagazine][W][2330306][141]CRTCyclicEvent.cpp:TimeMissed():101|Cycle miss in event CCSICombinedCmdManager Cyclic Event. Time Overrun is 712 us[EOL]
[2026-09-22T08:38:11.125747Z][TRM_E.barcodereader][W][2330306][133]CRTCyclicEvent.cpp:TimeMissed():101|Cycle miss in event CCSICombinedCmdManager Cyclic Event. Time Overrun is 2401 us[EOL]
[2026-09-22T08:38:11.121638Z][TRM_E.newgen-tiprackmagazine][W][2330306][141]CRTCyclicEvent.cpp:TimeMissed():101|Cycle miss in event CCSICombinedRepManager. Time Overrun is 712 us[EOL]
[2026-09-22T08:38:11.125769Z][TRM_E.barcodereader][W][2330306][133]CRTCyclicEvent.cpp:TimeMissed():101|Cycle miss in event CCSICombinedRepManager. Time Overrun is 2401 us[EOL]
[2026-09-22T08:38:14.947770Z][TRM_E.barcodereader][W][2330306][133]CRTCyclicEvent.cpp:TimeMissed():101|Cycle miss in event CCSICombinedCmdManager Cyclic Event. Time Overrun is 4422 us[EOL]
[2026-09-22T08:38:14.947814Z][TRM_E.barcodereader][W][2330306][133]CRTCyclicEvent.cpp:TimeMissed():101|Cycle miss in event CCSICombinedRepManager. Time Overrun is 4422 us[EOL]
[2026-09-22T08:38:14.947481Z][TRM_E.newgen-tiprackmagazine][W][2330306][141]CRTCyclicEvent.cpp:TimeMissed():101|Cycle miss in event CCSICombinedCmdManager Cyclic Event. Time Overrun is 6635 us[EOL]
[2026-09-22T08:38:14.947520Z][TRM_E.newgen-tiprackmagazine][W][2330306][141]CRTCyclicEvent.cpp:TimeMissed():101|Cycle miss in event CCSICombinedRepManager. Time Overrun is 6635 us[EOL]
[2026-09-22T08:38:24.450914Z][TRM_E.newgen-tiprackmagazine][W][2330306][141]CRTCyclicEvent.cpp:TimeMissed():101|Cycle miss in event CCSICombinedCmdManager Cyclic Event. Time Overrun is 66 us[EOL]
[2026-09-22T08:38:24.450956Z][TRM_E.newgen-tiprackmagazine][W][2330306][141]CRTCyclicEvent.cpp:TimeMissed():101|Cycle miss in event CCSICombinedRepManager. Time Overrun is 66 us[EOL]
[2026-09-22T08:38:28.682178Z][TRM_E.newgen-tiprackmagazine][I][2560016][141]IMessageHandler.h:operator()():40|Received RabbitMqMessage Roche.MolLab.InstrumentState.Ping. Content: {"Timestamp":"2026-09-22T08:38:28.6759171Z","PingId":"IS17"}[EOL]
[2026-09-22T08:38:28.682272Z][TRM_E.newgen-tiprackmagazine][I][844444436][141]UnitCommunicator.cpp:SendEvent():424|Publishing event: type=Roche.c68_8800.TipRackMagazine.E.Echo correlation_id=(n/a)[EOL]
[2026-09-22T08:38:28.682299Z][TRM_E.newgen-tiprackmagazine][I][2560017][141]MessageSender.h:SendEvent():105|Sent RabbitMqEvent Roche.c68_8800.TipRackMagazine.E.Echo. Content: {"Timestamp":"2026-09-22T08:38:28.682264Z","MagazineId":"E","PingId":"IS17"}[EOL]
[2026-09-22T08:38:36.721154Z][TRM_E.newgen-tiprackmagazine][W][2330306][141]CRTCyclicEvent.cpp:TimeMissed():101|Cycle miss in event CCSICombinedCmdManager Cyclic Event. Time Overrun is 309 us[EOL]
[2026-09-22T08:38:36.721185Z][TRM_E.newgen-tiprackmagazine][W][2330306][141]CRTCyclicEvent.cpp:TimeMissed():101|Cycle miss in event CCSICombinedRepManager. Time Overrun is 309 us[EOL]
[2026-09-22T08:38:39.646461Z][TRM_E.barcodereader][W][2330306][133]CRTCyclicEvent.cpp:TimeMissed():101|Cycle miss in event CCSICombinedCmdManager Cyclic Event. Time Overrun is 3114 us[EOL]
[2026-09-22T08:38:39.646498Z][TRM_E.barcodereader][W][2330306][133]CRTCyclicEvent.cpp:TimeMissed():101|Cycle miss in event CCSICombinedRepManager. Time Overrun is 3114 us[EOL]
[2026-09-22T08:38:43.752076Z][TRM_E.newgen-tiprackmagazine][W][2330306][141]CRTCyclicEvent.cpp:TimeMissed():101|Cycle miss in event CCSICombinedCmdManager Cyclic Event. Time Overrun is 1232 us[EOL]
[2026-09-22T08:38:43.752106Z][TRM_E.newgen-tiprackmagazine][W][2330306][141]CRTCyclicEvent.cpp:TimeMissed():101|Cycle miss in event CCSICombinedRepManager. Time Overrun is 1232 us[EOL]
[2026-09-22T08:38:53.208454Z][TRM_E.barcodereader][W][2330306][133]CRTCyclicEvent.cpp:TimeMissed():101|Cycle miss in event CCSICombinedCmdManager Cyclic Event. Time Overrun is 5106 us[EOL]
[2026-09-22T08:38:53.208482Z][TRM_E.barcodereader][W][2330306][133]CRTCyclicEvent.cpp:TimeMissed():101|Cycle miss in event CCSICombinedRepManager. Time Overrun is 5106 us[EOL]
[2026-09-22T08:38:53.342586Z][TRM_E.newgen-tiprackmagazine][W][2330306][141]CRTCyclicEvent.cpp:TimeMissed():101|Cycle miss in event CCSICombinedCmdManager Cyclic Event. Time Overrun is 1738 us[EOL]
[2026-09-22T08:38:53.342657Z][TRM_E.newgen-tiprackmagazine][W][2330306][141]CRTCyclicEvent.cpp:TimeMissed():101|Cycle miss in event CCSICombinedRepManager. Time Overrun is 1738 us[EOL]
[2026-09-22T08:38:54.076036Z][TRM_E.newgen-tiprackmagazine][W][2330306][141]CRTCyclicEvent.cpp:TimeMissed():101|Cycle miss in event CCSICombinedCmdManager Cyclic Event. Time Overrun is 5191 us[EOL]
[2026-09-22T08:38:54.075694Z][TRM_E.barcodereader][W][2330306][133]CRTCyclicEvent.cpp:TimeMissed():101|Cycle miss in event CCSICombinedCmdManager Cyclic Event. Time Overrun is 12347 us[EOL]
[2026-09-22T08:38:54.075731Z][TRM_E.barcodereader][W][2330306][133]CRTCyclicEvent.cpp:TimeMissed():101|Cycle miss in event CCSICombinedRepManager. Time Overrun is 12347 us[EOL]
[2026-09-22T08:38:54.076214Z][TRM_E.newgen-tiprackmagazine][W][2330306][141]CRTCyclicEvent.cpp:TimeMissed():101|Cycle miss in event CCSICombinedRepManager. Time Overrun is 5191 us[EOL]
[2026-09-22T08:38:58.691512Z][TRM_E.newgen-tiprackmagazine][I][2560016][141]IMessageHandler.h:operator()():40|Received RabbitMqMessage Roche.MolLab.InstrumentState.Ping. Content: {"Timestamp":"2026-09-22T08:38:58.6756067Z","PingId":"IS18"}[EOL]
[2026-09-22T08:38:58.691548Z][TRM_E.newgen-tiprackmagazine][I][844444436][141]UnitCommunicator.cpp:SendEvent():424|Publishing event: type=Roche.c68_8800.TipRackMagazine.E.Echo correlation_id=(n/a)[EOL]
[2026-09-22T08:38:58.691776Z][TRM_E.newgen-tiprackmagazine][I][2560017][141]MessageSender.h:SendEvent():105|Sent RabbitMqEvent Roche.c68_8800.TipRackMagazine.E.Echo. Content: {"Timestamp":"2026-09-22T08:38:58.691544Z","MagazineId":"E","PingId":"IS18"}[EOL]
[2026-09-22T08:39:05.351782Z][TRM_E.barcodereader][W][2330306][133]CRTCyclicEvent.cpp:TimeMissed():101|Cycle miss in event CCSICombinedCmdManager Cyclic Event. Time Overrun is 18434 us[EOL]
[2026-09-22T08:39:05.351815Z][TRM_E.barcodereader][W][2330306][133]CRTCyclicEvent.cpp:TimeMissed():101|Cycle miss in event CCSICombinedRepManager. Time Overrun is 18434 us[EOL]
[2026-09-22T08:39:05.355705Z][TRM_E.newgen-tiprackmagazine][W][2330306][141]CRTCyclicEvent.cpp:TimeMissed():101|Cycle miss in event CCSICombinedCmdManager Cyclic Event. Time Overrun is 14859 us[EOL]
[2026-09-22T08:39:05.355829Z][TRM_E.newgen-tiprackmagazine][W][2330306][141]CRTCyclicEvent.cpp:TimeMissed():101|Cycle miss in event CCSICombinedRepManager. Time Overrun is 14859 us[EOL]
[2026-09-22T08:39:06.079769Z][TRM_E.newgen-tiprackmagazine][W][2330306][141]CRTCyclicEvent.cpp:TimeMissed():101|Cycle miss in event CCSICombinedCmdManager Cyclic Event. Time Overrun is 8925 us[EOL]
[2026-09-22T08:39:06.079803Z][TRM_E.newgen-tiprackmagazine][W][2330306][141]CRTCyclicEvent.cpp:TimeMissed():101|Cycle miss in event CCSICombinedRepManager. Time Overrun is 8925 us[EOL]
[2026-09-22T08:39:06.079832Z][TRM_E.barcodereader][W][2330306][133]CRTCyclicEvent.cpp:TimeMissed():101|Cycle miss in event CCSICombinedCmdManager Cyclic Event. Time Overrun is 6487 us[EOL]
[2026-09-22T08:39:06.079851Z][TRM_E.barcodereader][W][2330306][133]CRTCyclicEvent.cpp:TimeMissed():101|Cycle miss in event CCSICombinedRepManager. Time Overrun is 6487 us[EOL]
[2026-09-22T08:39:06.542188Z][TRM_E.barcodereader][W][2330306][133]CRTCyclicEvent.cpp:TimeMissed():101|Cycle miss in event CCSICombinedCmdManager Cyclic Event. Time Overrun is 8841 us[EOL]
[2026-09-22T08:39:06.542215Z][TRM_E.barcodereader][W][2330306][133]CRTCyclicEvent.cpp:TimeMissed():101|Cycle miss in event CCSICombinedRepManager. Time Overrun is 8841 us[EOL]
[2026-09-22T08:39:06.542737Z][TRM_E.newgen-tiprackmagazine][W][2330306][141]CRTCyclicEvent.cpp:TimeMissed():101|Cycle miss in event CCSICombinedCmdManager Cyclic Event. Time Overrun is 1892 us[EOL]
[2026-09-22T08:39:06.542759Z][TRM_E.newgen-tiprackmagazine][W][2330306][141]CRTCyclicEvent.cpp:TimeMissed():101|Cycle miss in event CCSICombinedRepManager. Time Overrun is 1892 us[EOL]
[2026-09-22T08:39:17.903517Z][TRM_E.barcodereader][W][2330306][133]CRTCyclicEvent.cpp:TimeMissed():101|Cycle miss in event CCSICombinedCmdManager Cyclic Event. Time Overrun is 170 us[EOL]
[2026-09-22T08:39:17.903556Z][TRM_E.barcodereader][W][2330306][133]CRTCyclicEvent.cpp:TimeMissed():101|Cycle miss in event CCSICombinedRepManager. Time Overrun is 170 us[EOL]
[2026-09-22T08:39:25.595833Z][TRM_E.barcodereader][W][2330306][133]CRTCyclicEvent.cpp:TimeMissed():101|Cycle miss in event CCSICombinedCmdManager Cyclic Event. Time Overrun is 2458 us[EOL]
[2026-09-22T08:39:25.595852Z][TRM_E.barcodereader][W][2330306][133]CRTCyclicEvent.cpp:TimeMissed():101|Cycle miss in event CCSICombinedRepManager. Time Overrun is 2458 us[EOL]
[2026-09-22T08:39:25.733772Z][TRM_E.newgen-tiprackmagazine][W][2330306][141]CRTCyclicEvent.cpp:TimeMissed():101|Cycle miss in event CCSICombinedCmdManager Cyclic Event. Time Overrun is 2928 us[EOL]
[2026-09-22T08:39:25.733799Z][TRM_E.newgen-tiprackmagazine][W][2330306][141]CRTCyclicEvent.cpp:TimeMissed():101|Cycle miss in event CCSICombinedRepManager. Time Overrun is 2928 us[EOL]
[2026-09-22T08:39:26.648427Z][TRM_E.barcodereader][W][2330306][133]CRTCyclicEvent.cpp:TimeMissed():101|Cycle miss in event CCSICombinedCmdManager Cyclic Event. Time Overrun is 5079 us[EOL]
[2026-09-22T08:39:26.648248Z][TRM_E.newgen-tiprackmagazine][W][2330306][141]CRTCyclicEvent.cpp:TimeMissed():101|Cycle miss in event CCSICombinedCmdManager Cyclic Event. Time Overrun is 7398 us[EOL]
[2026-09-22T08:39:26.648464Z][TRM_E.barcodereader][W][2330306][133]CRTCyclicEvent.cpp:TimeMissed():101|Cycle miss in event CCSICombinedRepManager. Time Overrun is 5079 us[EOL]
[2026-09-22T08:39:26.649393Z][TRM_E.newgen-tiprackmagazine][W][2330306][141]CRTCyclicEvent.cpp:TimeMissed():101|Cycle miss in event CCSICombinedRepManager. Time Overrun is 7398 us[EOL]
[2026-09-22T08:39:27.829439Z][TRM_E.newgen-tiprackmagazine][W][2330306][141]CRTCyclicEvent.cpp:TimeMissed():101|Cycle miss in event CCSICombinedCmdManager Cyclic Event. Time Overrun is 8594 us[EOL]
[2026-09-22T08:39:27.829503Z][TRM_E.barcodereader][W][2330306][133]CRTCyclicEvent.cpp:TimeMissed():101|Cycle miss in event CCSICombinedCmdManager Cyclic Event. Time Overrun is 6157 us[EOL]
[2026-09-22T08:39:27.829530Z][TRM_E.barcodereader][W][2330306][133]CRTCyclicEvent.cpp:TimeMissed():101|Cycle miss in event CCSICombinedRepManager. Time Overrun is 6157 us[EOL]
[2026-09-22T08:39:27.829490Z][TRM_E.newgen-tiprackmagazine][W][2330306][141]CRTCyclicEvent.cpp:TimeMissed():101|Cycle miss in event CCSICombinedRepManager. Time Overrun is 8594 us[EOL]
[2026-09-22T08:39:28.686826Z][TRM_E.newgen-tiprackmagazine][I][2560016][141]IMessageHandler.h:operator()():40|Received RabbitMqMessage Roche.MolLab.InstrumentState.Ping. Content: {"Timestamp":"2026-09-22T08:39:28.6740918Z","PingId":"IS19"}[EOL]
[2026-09-22T08:39:28.686927Z][TRM_E.newgen-tiprackmagazine][I][844444436][141]UnitCommunicator.cpp:SendEvent():424|Publishing event: type=Roche.c68_8800.TipRackMagazine.E.Echo correlation_id=(n/a)[EOL]
[2026-09-22T08:39:28.686966Z][TRM_E.newgen-tiprackmagazine][I][2560017][141]MessageSender.h:SendEvent():105|Sent RabbitMqEvent Roche.c68_8800.TipRackMagazine.E.Echo. Content: {"Timestamp":"2026-09-22T08:39:28.686886Z","MagazineId":"E","PingId":"IS19"}[EOL]
[2026-09-22T08:39:28.862589Z][TRM_E.newgen-tiprackmagazine][W][2330306][141]CRTCyclicEvent.cpp:TimeMissed():101|Cycle miss in event CCSICombinedCmdManager Cyclic Event. Time Overrun is 1734 us[EOL]
[2026-09-22T08:39:28.862631Z][TRM_E.newgen-tiprackmagazine][W][2330306][141]CRTCyclicEvent.cpp:TimeMissed():101|Cycle miss in event CCSICombinedRepManager. Time Overrun is 1734 us[EOL]
[2026-09-22T08:39:31.923441Z][TRM_E.barcodereader][W][2330306][133]CRTCyclicEvent.cpp:TimeMissed():101|Cycle miss in event CCSICombinedCmdManager Cyclic Event. Time Overrun is 94 us[EOL]
[2026-09-22T08:39:31.923467Z][TRM_E.barcodereader][W][2330306][133]CRTCyclicEvent.cpp:TimeMissed():101|Cycle miss in event CCSICombinedRepManager. Time Overrun is 94 us[EOL]
[2026-09-22T08:39:32.885062Z][TRM_E.barcodereader][W][2330306][133]CRTCyclicEvent.cpp:TimeMissed():101|Cycle miss in event CCSICombinedCmdManager Cyclic Event. Time Overrun is 1717 us[EOL]
[2026-09-22T08:39:32.885090Z][TRM_E.barcodereader][W][2330306][133]CRTCyclicEvent.cpp:TimeMissed():101|Cycle miss in event CCSICombinedRepManager. Time Overrun is 1717 us[EOL]
[2026-09-22T08:39:39.585125Z][TRM_E.barcodereader][W][2330306][133]CRTCyclicEvent.cpp:TimeMissed():101|Cycle miss in event CCSICombinedCmdManager Cyclic Event. Time Overrun is 1779 us[EOL]
[2026-09-22T08:39:39.585075Z][TRM_E.newgen-tiprackmagazine][W][2330306][141]CRTCyclicEvent.cpp:TimeMissed():101|Cycle miss in event CCSICombinedCmdManager Cyclic Event. Time Overrun is 4187 us[EOL]
[2026-09-22T08:39:39.585250Z][TRM_E.newgen-tiprackmagazine][W][2330306][141]CRTCyclicEvent.cpp:TimeMissed():101|Cycle miss in event CCSICombinedRepManager. Time Overrun is 4187 us[EOL]
[2026-09-22T08:39:39.585274Z][TRM_E.barcodereader][W][2330306][133]CRTCyclicEvent.cpp:TimeMissed():101|Cycle miss in event CCSICombinedRepManager. Time Overrun is 1779 us[EOL]
[2026-09-22T08:39:43.974684Z][TRM_E.newgen-tiprackmagazine][W][2330306][141]CRTCyclicEvent.cpp:TimeMissed():101|Cycle miss in event CCSICombinedCmdManager Cyclic Event. Time Overrun is 3839 us[EOL]
[2026-09-22T08:39:43.974721Z][TRM_E.newgen-tiprackmagazine][W][2330306][141]CRTCyclicEvent.cpp:TimeMissed():101|Cycle miss in event CCSICombinedRepManager. Time Overrun is 3839 us[EOL]
[2026-09-22T08:39:43.974834Z][TRM_E.barcodereader][W][2330306][133]CRTCyclicEvent.cpp:TimeMissed():101|Cycle miss in event CCSICombinedCmdManager Cyclic Event. Time Overrun is 1487 us[EOL]
[2026-09-22T08:39:43.974863Z][TRM_E.barcodereader][W][2330306][133]CRTCyclicEvent.cpp:TimeMissed():101|Cycle miss in event CCSICombinedRepManager. Time Overrun is 1487 us[EOL]
[2026-09-22T08:39:45.644816Z][TRM_E.barcodereader][W][2330306][133]CRTCyclicEvent.cpp:TimeMissed():101|Cycle miss in event CCSICombinedCmdManager Cyclic Event. Time Overrun is 1470 us[EOL]
[2026-09-22T08:39:45.644850Z][TRM_E.barcodereader][W][2330306][133]CRTCyclicEvent.cpp:TimeMissed():101|Cycle miss in event CCSICombinedRepManager. Time Overrun is 1470 us[EOL]
[2026-09-22T08:39:45.644945Z][TRM_E.newgen-tiprackmagazine][W][2330306][141]CRTCyclicEvent.cpp:TimeMissed():101|Cycle miss in event CCSICombinedCmdManager Cyclic Event. Time Overrun is 4085 us[EOL]
[2026-09-22T08:39:45.645072Z][TRM_E.newgen-tiprackmagazine][W][2330306][141]CRTCyclicEvent.cpp:TimeMissed():101|Cycle miss in event CCSICombinedRepManager. Time Overrun is 4085 us[EOL]
[2026-09-22T08:39:51.649205Z][TRM_E.barcodereader][W][2330306][133]CRTCyclicEvent.cpp:TimeMissed():101|Cycle miss in event CCSICombinedCmdManager Cyclic Event. Time Overrun is 5858 us[EOL]
[2026-09-22T08:39:51.649234Z][TRM_E.barcodereader][W][2330306][133]CRTCyclicEvent.cpp:TimeMissed():101|Cycle miss in event CCSICombinedRepManager. Time Overrun is 5858 us[EOL]
[2026-09-22T08:39:51.649063Z][TRM_E.newgen-tiprackmagazine][W][2330306][141]CRTCyclicEvent.cpp:TimeMissed():101|Cycle miss in event CCSICombinedCmdManager Cyclic Event. Time Overrun is 8220 us[EOL]
[2026-09-22T08:39:51.649349Z][TRM_E.newgen-tiprackmagazine][W][2330306][141]CRTCyclicEvent.cpp:TimeMissed():101|Cycle miss in event CCSICombinedRepManager. Time Overrun is 8220 us[EOL]
[2026-09-22T08:39:55.565867Z][TRM_E.barcodereader][W][2330306][133]CRTCyclicEvent.cpp:TimeMissed():101|Cycle miss in event CCSICombinedCmdManager Cyclic Event. Time Overrun is 2521 us[EOL]
[2026-09-22T08:39:55.565894Z][TRM_E.barcodereader][W][2330306][133]CRTCyclicEvent.cpp:TimeMissed():101|Cycle miss in event CCSICombinedRepManager. Time Overrun is 2521 us[EOL]
[2026-09-22T08:39:55.565488Z][TRM_E.newgen-tiprackmagazine][W][2330306][141]CRTCyclicEvent.cpp:TimeMissed():101|Cycle miss in event CCSICombinedCmdManager Cyclic Event. Time Overrun is 4645 us[EOL]
[2026-09-22T08:39:55.565512Z][TRM_E.newgen-tiprackmagazine][W][2330306][141]CRTCyclicEvent.cpp:TimeMissed():101|Cycle miss in event CCSICombinedRepManager. Time Overrun is 4645 us[EOL]
[2026-09-22T08:39:57.833738Z][TRM_E.barcodereader][W][2330306][133]CRTCyclicEvent.cpp:TimeMissed():101|Cycle miss in event CCSICombinedCmdManager Cyclic Event. Time Overrun is 390 us[EOL]
[2026-09-22T08:39:57.833766Z][TRM_E.barcodereader][W][2330306][133]CRTCyclicEvent.cpp:TimeMissed():101|Cycle miss in event CCSICombinedRepManager. Time Overrun is 390 us[EOL]
[2026-09-22T08:39:57.833405Z][TRM_E.newgen-tiprackmagazine][W][2330306][141]CRTCyclicEvent.cpp:TimeMissed():101|Cycle miss in event CCSICombinedCmdManager Cyclic Event. Time Overrun is 2559 us[EOL]
[2026-09-22T08:39:57.833437Z][TRM_E.newgen-tiprackmagazine][W][2330306][141]CRTCyclicEvent.cpp:TimeMissed():101|Cycle miss in event CCSICombinedRepManager. Time Overrun is 2559 us[EOL]
[2026-09-22T08:39:58.685971Z][TRM_E.newgen-tiprackmagazine][I][2560016][141]IMessageHandler.h:operator()():40|Received RabbitMqMessage Roche.MolLab.InstrumentState.Ping. Content: {"Timestamp":"2026-09-22T08:39:58.6732312Z","PingId":"IS20"}[EOL]
[2026-09-22T08:39:58.686086Z][TRM_E.newgen-tiprackmagazine][I][844444436][141]UnitCommunicator.cpp:SendEvent():424|Publishing event: type=Roche.c68_8800.TipRackMagazine.E.Echo correlation_id=(n/a)[EOL]
[2026-09-22T08:39:58.686127Z][TRM_E.newgen-tiprackmagazine][I][2560017][141]MessageSender.h:SendEvent():105|Sent RabbitMqEvent Roche.c68_8800.TipRackMagazine.E.Echo. Content: {"Timestamp":"2026-09-22T08:39:58.686075Z","MagazineId":"E","PingId":"IS20"}[EOL]
[2026-09-22T08:40:12.471309Z][TRM_E.barcodereader][W][2330306][133]CRTCyclicEvent.cpp:TimeMissed():101|Cycle miss in event CCSICombinedCmdManager Cyclic Event. Time Overrun is 7963 us[EOL]
[2026-09-22T08:40:12.471335Z][TRM_E.barcodereader][W][2330306][133]CRTCyclicEvent.cpp:TimeMissed():101|Cycle miss in event CCSICombinedRepManager. Time Overrun is 7963 us[EOL]
[2026-09-22T08:40:12.471185Z][TRM_E.newgen-tiprackmagazine][W][2330306][141]CRTCyclicEvent.cpp:TimeMissed():101|Cycle miss in event CCSICombinedCmdManager Cyclic Event. Time Overrun is 341 us[EOL]
[2026-09-22T08:40:12.471211Z][TRM_E.newgen-tiprackmagazine][W][2330306][141]CRTCyclicEvent.cpp:TimeMissed():101|Cycle miss in event CCSICombinedRepManager. Time Overrun is 341 us[EOL]
[2026-09-22T08:40:19.992081Z][TRM_E.newgen-tiprackmagazine][W][2330306][141]CRTCyclicEvent.cpp:TimeMissed():101|Cycle miss in event CCSICombinedCmdManager Cyclic Event. Time Overrun is 1225 us[EOL]
[2026-09-22T08:40:19.992115Z][TRM_E.newgen-tiprackmagazine][W][2330306][141]CRTCyclicEvent.cpp:TimeMissed():101|Cycle miss in event CCSICombinedRepManager. Time Overrun is 1225 us[EOL]
[2026-09-22T08:40:21.527358Z][TRM_E.barcodereader][W][2330306][133]CRTCyclicEvent.cpp:TimeMissed():101|Cycle miss in event CCSICombinedCmdManager Cyclic Event. Time Overrun is 4010 us[EOL]
[2026-09-22T08:40:21.527454Z][TRM_E.barcodereader][W][2330306][133]CRTCyclicEvent.cpp:TimeMissed():101|Cycle miss in event CCSICombinedRepManager. Time Overrun is 4010 us[EOL]
[2026-09-22T08:40:25.054112Z][TRM_E.barcodereader][W][2330306][133]CRTCyclicEvent.cpp:TimeMissed():101|Cycle miss in event CCSICombinedCmdManager Cyclic Event. Time Overrun is 764 us[EOL]
[2026-09-22T08:40:25.054131Z][TRM_E.barcodereader][W][2330306][133]CRTCyclicEvent.cpp:TimeMissed():101|Cycle miss in event CCSICombinedRepManager. Time Overrun is 764 us[EOL]
[2026-09-22T08:40:25.053898Z][TRM_E.newgen-tiprackmagazine][W][2330306][141]CRTCyclicEvent.cpp:TimeMissed():101|Cycle miss in event CCSICombinedCmdManager Cyclic Event. Time Overrun is 3027 us[EOL]
[2026-09-22T08:40:25.053922Z][TRM_E.newgen-tiprackmagazine][W][2330306][141]CRTCyclicEvent.cpp:TimeMissed():101|Cycle miss in event CCSICombinedRepManager. Time Overrun is 3027 us[EOL]
[2026-09-22T08:40:25.211751Z][TRM_E.newgen-tiprackmagazine][W][2330306][141]CRTCyclicEvent.cpp:TimeMissed():101|Cycle miss in event CCSICombinedCmdManager Cyclic Event. Time Overrun is 903 us[EOL]
[2026-09-22T08:40:25.211778Z][TRM_E.newgen-tiprackmagazine][W][2330306][141]CRTCyclicEvent.cpp:TimeMissed():101|Cycle miss in event CCSICombinedRepManager. Time Overrun is 903 us[EOL]
[2026-09-22T08:40:26.731234Z][TRM_E.newgen-tiprackmagazine][W][2330306][141]CRTCyclicEvent.cpp:TimeMissed():101|Cycle miss in event CCSICombinedCmdManager Cyclic Event. Time Overrun is 390 us[EOL]
[2026-09-22T08:40:26.731257Z][TRM_E.newgen-tiprackmagazine][W][2330306][141]CRTCyclicEvent.cpp:TimeMissed():101|Cycle miss in event CCSICombinedRepManager. Time Overrun is 390 us[EOL]
[2026-09-22T08:40:28.684597Z][TRM_E.newgen-tiprackmagazine][I][2560016][141]IMessageHandler.h:operator()():40|Received RabbitMqMessage Roche.MolLab.InstrumentState.Ping. Content: {"Timestamp":"2026-09-22T08:40:28.6739066Z","PingId":"IS21"}[EOL]
[2026-09-22T08:40:28.684687Z][TRM_E.newgen-tiprackmagazine][I][844444436][141]UnitCommunicator.cpp:SendEvent():424|Publishing event: type=Roche.c68_8800.TipRackMagazine.E.Echo correlation_id=(n/a)[EOL]
[2026-09-22T08:40:28.684776Z][TRM_E.newgen-tiprackmagazine][I][2560017][141]MessageSender.h:SendEvent():105|Sent RabbitMqEvent Roche.c68_8800.TipRackMagazine.E.Echo. Content: {"Timestamp":"2026-09-22T08:40:28.684651Z","MagazineId":"E","PingId":"IS21"}[EOL]
[2026-09-22T08:40:38.381915Z][TRM_E.newgen-tiprackmagazine][W][2330306][141]CRTCyclicEvent.cpp:TimeMissed():101|Cycle miss in event CCSICombinedCmdManager Cyclic Event. Time Overrun is 1059 us[EOL]
[2026-09-22T08:40:38.381956Z][TRM_E.newgen-tiprackmagazine][W][2330306][141]CRTCyclicEvent.cpp:TimeMissed():101|Cycle miss in event CCSICombinedRepManager. Time Overrun is 1059 us[EOL]
[2026-09-22T08:40:42.015150Z][TRM_E.barcodereader][W][2330306][133]CRTCyclicEvent.cpp:TimeMissed():101|Cycle miss in event CCSICombinedCmdManager Cyclic Event. Time Overrun is 11800 us[EOL]
[2026-09-22T08:40:42.015237Z][TRM_E.barcodereader][W][2330306][133]CRTCyclicEvent.cpp:TimeMissed():101|Cycle miss in event CCSICombinedRepManager. Time Overrun is 11800 us[EOL]
[2026-09-22T08:40:47.846212Z][TRM_E.barcodereader][W][2330306][133]CRTCyclicEvent.cpp:TimeMissed():101|Cycle miss in event CCSICombinedCmdManager Cyclic Event. Time Overrun is 2865 us[EOL]
[2026-09-22T08:40:47.846382Z][TRM_E.barcodereader][W][2330306][133]CRTCyclicEvent.cpp:TimeMissed():101|Cycle miss in event CCSICombinedRepManager. Time Overrun is 2865 us[EOL]
[2026-09-22T08:40:49.697022Z][TRM_E.barcodereader][W][2330306][133]CRTCyclicEvent.cpp:TimeMissed():101|Cycle miss in event CCSICombinedCmdManager Cyclic Event. Time Overrun is 3675 us[EOL]
[2026-09-22T08:40:49.697051Z][TRM_E.barcodereader][W][2330306][133]CRTCyclicEvent.cpp:TimeMissed():101|Cycle miss in event CCSICombinedRepManager. Time Overrun is 3675 us[EOL]
[2026-09-22T08:40:49.699648Z][TRM_E.newgen-tiprackmagazine][W][2330306][141]CRTCyclicEvent.cpp:TimeMissed():101|Cycle miss in event CCSICombinedCmdManager Cyclic Event. Time Overrun is 8799 us[EOL]
[2026-09-22T08:40:49.699693Z][TRM_E.newgen-tiprackmagazine][W][2330306][141]CRTCyclicEvent.cpp:TimeMissed():101|Cycle miss in event CCSICombinedRepManager. Time Overrun is 8799 us[EOL]
[2026-09-22T08:40:54.261390Z][TRM_E.barcodereader][W][2330306][133]CRTCyclicEvent.cpp:TimeMissed():101|Cycle miss in event CCSICombinedCmdManager Cyclic Event. Time Overrun is 8046 us[EOL]
[2026-09-22T08:40:54.261414Z][TRM_E.barcodereader][W][2330306][133]CRTCyclicEvent.cpp:TimeMissed():101|Cycle miss in event CCSICombinedRepManager. Time Overrun is 8046 us[EOL]
[2026-09-22T08:40:54.262781Z][TRM_E.newgen-tiprackmagazine][W][2330306][141]CRTCyclicEvent.cpp:TimeMissed():101|Cycle miss in event CCSICombinedCmdManager Cyclic Event. Time Overrun is 1936 us[EOL]
[2026-09-22T08:40:54.262813Z][TRM_E.newgen-tiprackmagazine][W][2330306][141]CRTCyclicEvent.cpp:TimeMissed():101|Cycle miss in event CCSICombinedRepManager. Time Overrun is 1936 us[EOL]
[2026-09-22T08:40:58.676866Z][TRM_E.newgen-tiprackmagazine][I][2560016][141]IMessageHandler.h:operator()():40|Received RabbitMqMessage Roche.MolLab.InstrumentState.Ping. Content: {"Timestamp":"2026-09-22T08:40:58.6734324Z","PingId":"IS22"}[EOL]
[2026-09-22T08:40:58.676921Z][TRM_E.newgen-tiprackmagazine][I][844444436][141]UnitCommunicator.cpp:SendEvent():424|Publishing event: type=Roche.c68_8800.TipRackMagazine.E.Echo correlation_id=(n/a)[EOL]
[2026-09-22T08:40:58.676961Z][TRM_E.newgen-tiprackmagazine][I][2560017][141]MessageSender.h:SendEvent():105|Sent RabbitMqEvent Roche.c68_8800.TipRackMagazine.E.Echo. Content: {"Timestamp":"2026-09-22T08:40:58.676890Z","MagazineId":"E","PingId":"IS22"}[EOL]
[2026-09-22T08:41:07.543114Z][TRM_E.newgen-tiprackmagazine][W][2330306][141]CRTCyclicEvent.cpp:TimeMissed():101|Cycle miss in event CCSICombinedCmdManager Cyclic Event. Time Overrun is 2269 us[EOL]
[2026-09-22T08:41:07.543148Z][TRM_E.newgen-tiprackmagazine][W][2330306][141]CRTCyclicEvent.cpp:TimeMissed():101|Cycle miss in event CCSICombinedRepManager. Time Overrun is 2269 us[EOL]
[2026-09-22T08:41:08.817632Z][TRM_E.barcodereader][W][2330306][133]CRTCyclicEvent.cpp:TimeMissed():101|Cycle miss in event CCSICombinedCmdManager Cyclic Event. Time Overrun is 4287 us[EOL]
[2026-09-22T08:41:08.817654Z][TRM_E.barcodereader][W][2330306][133]CRTCyclicEvent.cpp:TimeMissed():101|Cycle miss in event CCSICombinedRepManager. Time Overrun is 4287 us[EOL]
[2026-09-22T08:41:08.817516Z][TRM_E.newgen-tiprackmagazine][W][2330306][141]CRTCyclicEvent.cpp:TimeMissed():101|Cycle miss in event CCSICombinedCmdManager Cyclic Event. Time Overrun is 6672 us[EOL]
[2026-09-22T08:41:08.817536Z][TRM_E.newgen-tiprackmagazine][W][2330306][141]CRTCyclicEvent.cpp:TimeMissed():101|Cycle miss in event CCSICombinedRepManager. Time Overrun is 6672 us[EOL]
[2026-09-22T08:41:21.453131Z][TRM_E.newgen-tiprackmagazine][W][2330306][141]CRTCyclicEvent.cpp:TimeMissed():101|Cycle miss in event CCSICombinedCmdManager Cyclic Event. Time Overrun is 2288 us[EOL]
[2026-09-22T08:41:21.453153Z][TRM_E.newgen-tiprackmagazine][W][2330306][141]CRTCyclicEvent.cpp:TimeMissed():101|Cycle miss in event CCSICombinedRepManager. Time Overrun is 2288 us[EOL]
[2026-09-22T08:41:22.501879Z][TRM_E.newgen-tiprackmagazine][W][2330306][141]CRTCyclicEvent.cpp:TimeMissed():101|Cycle miss in event CCSICombinedCmdManager Cyclic Event. Time Overrun is 1029 us[EOL]
[2026-09-22T08:41:22.501926Z][TRM_E.newgen-tiprackmagazine][W][2330306][141]CRTCyclicEvent.cpp:TimeMissed():101|Cycle miss in event CCSICombinedRepManager. Time Overrun is 1029 us[EOL]
[2026-09-22T08:41:22.503913Z][TRM_E.barcodereader][W][2330306][133]CRTCyclicEvent.cpp:TimeMissed():101|Cycle miss in event CCSICombinedCmdManager Cyclic Event. Time Overrun is 563 us[EOL]
[2026-09-22T08:41:22.503961Z][TRM_E.barcodereader][W][2330306][133]CRTCyclicEvent.cpp:TimeMissed():101|Cycle miss in event CCSICombinedRepManager. Time Overrun is 563 us[EOL]
[2026-09-22T08:41:23.503859Z][TRM_E.barcodereader][W][2330306][133]CRTCyclicEvent.cpp:TimeMissed():101|Cycle miss in event CCSICombinedCmdManager Cyclic Event. Time Overrun is 515 us[EOL]
[2026-09-22T08:41:23.503879Z][TRM_E.barcodereader][W][2330306][133]CRTCyclicEvent.cpp:TimeMissed():101|Cycle miss in event CCSICombinedRepManager. Time Overrun is 515 us[EOL]
[2026-09-22T08:41:25.176488Z][TRM_E.newgen-tiprackmagazine][W][2330306][141]CRTCyclicEvent.cpp:TimeMissed():101|Cycle miss in event CCSICombinedCmdManager Cyclic Event. Time Overrun is 25645 us[EOL]
[2026-09-22T08:41:25.176531Z][TRM_E.newgen-tiprackmagazine][W][2330306][141]CRTCyclicEvent.cpp:TimeMissed():101|Cycle miss in event CCSICombinedRepManager. Time Overrun is 25645 us[EOL]
[2026-09-22T08:41:25.179552Z][TRM_E.barcodereader][W][2330306][133]CRTCyclicEvent.cpp:TimeMissed():101|Cycle miss in event CCSICombinedCmdManager Cyclic Event. Time Overrun is 26205 us[EOL]
[2026-09-22T08:41:25.179598Z][TRM_E.barcodereader][W][2330306][133]CRTCyclicEvent.cpp:TimeMissed():101|Cycle miss in event CCSICombinedRepManager. Time Overrun is 26205 us[EOL]
[2026-09-22T08:41:27.835982Z][TRM_E.barcodereader][W][2330306][133]CRTCyclicEvent.cpp:TimeMissed():101|Cycle miss in event CCSICombinedCmdManager Cyclic Event. Time Overrun is 2636 us[EOL]
[2026-09-22T08:41:27.836047Z][TRM_E.barcodereader][W][2330306][133]CRTCyclicEvent.cpp:TimeMissed():101|Cycle miss in event CCSICombinedRepManager. Time Overrun is 2636 us[EOL]
[2026-09-22T08:41:28.681755Z][TRM_E.newgen-tiprackmagazine][I][2560016][141]IMessageHandler.h:operator()():40|Received RabbitMqMessage Roche.MolLab.InstrumentState.Ping. Content: {"Timestamp":"2026-09-22T08:41:28.6758998Z","PingId":"IS23"}[EOL]
[2026-09-22T08:41:28.681801Z][TRM_E.newgen-tiprackmagazine][I][844444436][141]UnitCommunicator.cpp:SendEvent():424|Publishing event: type=Roche.c68_8800.TipRackMagazine.E.Echo correlation_id=(n/a)[EOL]
[2026-09-22T08:41:28.681972Z][TRM_E.newgen-tiprackmagazine][I][2560017][141]MessageSender.h:SendEvent():105|Sent RabbitMqEvent Roche.c68_8800.TipRackMagazine.E.Echo. Content: {"Timestamp":"2026-09-22T08:41:28.681794Z","MagazineId":"E","PingId":"IS23"}[EOL]
[2026-09-22T08:41:37.794828Z][TRM_E.newgen-tiprackmagazine][W][2330306][141]CRTCyclicEvent.cpp:TimeMissed():101|Cycle miss in event CCSICombinedCmdManager Cyclic Event. Time Overrun is 3983 us[EOL]
[2026-09-22T08:41:37.794897Z][TRM_E.newgen-tiprackmagazine][W][2330306][141]CRTCyclicEvent.cpp:TimeMissed():101|Cycle miss in event CCSICombinedRepManager. Time Overrun is 3983 us[EOL]
[2026-09-22T08:41:47.850871Z][TRM_E.newgen-tiprackmagazine][W][2330306][141]CRTCyclicEvent.cpp:TimeMissed():101|Cycle miss in event CCSICombinedCmdManager Cyclic Event. Time Overrun is 25 us[EOL]
[2026-09-22T08:41:47.851044Z][TRM_E.newgen-tiprackmagazine][W][2330306][141]CRTCyclicEvent.cpp:TimeMissed():101|Cycle miss in event CCSICombinedRepManager. Time Overrun is 25 us[EOL]
[2026-09-22T08:41:50.047792Z][TRM_E.newgen-tiprackmagazine][W][2330306][141]CRTCyclicEvent.cpp:TimeMissed():101|Cycle miss in event CCSICombinedCmdManager Cyclic Event. Time Overrun is 16947 us[EOL]
[2026-09-22T08:41:50.047763Z][TRM_E.barcodereader][W][2330306][133]CRTCyclicEvent.cpp:TimeMissed():101|Cycle miss in event CCSICombinedCmdManager Cyclic Event. Time Overrun is 14419 us[EOL]
[2026-09-22T08:41:50.047784Z][TRM_E.barcodereader][W][2330306][133]CRTCyclicEvent.cpp:TimeMissed():101|Cycle miss in event CCSICombinedRepManager. Time Overrun is 14419 us[EOL]
[2026-09-22T08:41:50.047820Z][TRM_E.newgen-tiprackmagazine][W][2330306][141]CRTCyclicEvent.cpp:TimeMissed():101|Cycle miss in event CCSICombinedRepManager. Time Overrun is 16947 us[EOL]
[2026-09-22T08:41:55.219989Z][TRM_E.newgen-tiprackmagazine][W][2330306][141]CRTCyclicEvent.cpp:TimeMissed():101|Cycle miss in event CCSICombinedCmdManager Cyclic Event. Time Overrun is 9098 us[EOL]
[2026-09-22T08:41:55.220013Z][TRM_E.newgen-tiprackmagazine][W][2330306][141]CRTCyclicEvent.cpp:TimeMissed():101|Cycle miss in event CCSICombinedRepManager. Time Overrun is 9098 us[EOL]
[2026-09-22T08:41:55.219996Z][TRM_E.barcodereader][W][2330306][133]CRTCyclicEvent.cpp:TimeMissed():101|Cycle miss in event CCSICombinedCmdManager Cyclic Event. Time Overrun is 6650 us[EOL]
[2026-09-22T08:41:55.220042Z][TRM_E.barcodereader][W][2330306][133]CRTCyclicEvent.cpp:TimeMissed():101|Cycle miss in event CCSICombinedRepManager. Time Overrun is 6650 us[EOL]
[2026-09-22T08:41:57.845125Z][TRM_E.newgen-tiprackmagazine][W][2330306][141]CRTCyclicEvent.cpp:TimeMissed():101|Cycle miss in event CCSICombinedCmdManager Cyclic Event. Time Overrun is 4247 us[EOL]
[2026-09-22T08:41:57.845253Z][TRM_E.newgen-tiprackmagazine][W][2330306][141]CRTCyclicEvent.cpp:TimeMissed():101|Cycle miss in event CCSICombinedRepManager. Time Overrun is 4247 us[EOL]
[2026-09-22T08:41:57.866158Z][TRM_E.barcodereader][W][2330306][133]CRTCyclicEvent.cpp:TimeMissed():101|Cycle miss in event CCSICombinedCmdManager Cyclic Event. Time Overrun is 2811 us[EOL]
[2026-09-22T08:41:57.866270Z][TRM_E.barcodereader][W][2330306][133]CRTCyclicEvent.cpp:TimeMissed():101|Cycle miss in event CCSICombinedRepManager. Time Overrun is 2811 us[EOL]
[2026-09-22T08:41:58.695861Z][TRM_E.newgen-tiprackmagazine][I][2560016][141]IMessageHandler.h:operator()():40|Received RabbitMqMessage Roche.MolLab.InstrumentState.Ping. Content: {"Timestamp":"2026-09-22T08:41:58.6738087Z","PingId":"IS24"}[EOL]
[2026-09-22T08:41:58.695892Z][TRM_E.newgen-tiprackmagazine][I][844444436][141]UnitCommunicator.cpp:SendEvent():424|Publishing event: type=Roche.c68_8800.TipRackMagazine.E.Echo correlation_id=(n/a)[EOL]
[2026-09-22T08:41:58.695910Z][TRM_E.newgen-tiprackmagazine][I][2560017][141]MessageSender.h:SendEvent():105|Sent RabbitMqEvent Roche.c68_8800.TipRackMagazine.E.Echo. Content: {"Timestamp":"2026-09-22T08:41:58.695888Z","MagazineId":"E","PingId":"IS24"}[EOL]
[2026-09-22T08:42:14.209958Z][TRM_E.newgen-tiprackmagazine][W][2330306][141]CRTCyclicEvent.cpp:TimeMissed():101|Cycle miss in event CCSICombinedCmdManager Cyclic Event. Time Overrun is 9112 us[EOL]
[2026-09-22T08:42:14.210050Z][TRM_E.barcodereader][W][2330306][133]CRTCyclicEvent.cpp:TimeMissed():101|Cycle miss in event CCSICombinedCmdManager Cyclic Event. Time Overrun is 6706 us[EOL]
[2026-09-22T08:42:14.209978Z][TRM_E.newgen-tiprackmagazine][W][2330306][141]CRTCyclicEvent.cpp:TimeMissed():101|Cycle miss in event CCSICombinedRepManager. Time Overrun is 9112 us[EOL]
[2026-09-22T08:42:14.210073Z][TRM_E.barcodereader][W][2330306][133]CRTCyclicEvent.cpp:TimeMissed():101|Cycle miss in event CCSICombinedRepManager. Time Overrun is 6706 us[EOL]
[2026-09-22T08:42:24.576949Z][TRM_E.barcodereader][W][2330306][133]CRTCyclicEvent.cpp:TimeMissed():101|Cycle miss in event CCSICombinedCmdManager Cyclic Event. Time Overrun is 3605 us[EOL]
[2026-09-22T08:42:24.577075Z][TRM_E.newgen-tiprackmagazine][W][2330306][141]CRTCyclicEvent.cpp:TimeMissed():101|Cycle miss in event CCSICombinedCmdManager Cyclic Event. Time Overrun is 6230 us[EOL]
[2026-09-22T08:42:24.577101Z][TRM_E.newgen-tiprackmagazine][W][2330306][141]CRTCyclicEvent.cpp:TimeMissed():101|Cycle miss in event CCSICombinedRepManager. Time Overrun is 6230 us[EOL]
[2026-09-22T08:42:24.576990Z][TRM_E.barcodereader][W][2330306][133]CRTCyclicEvent.cpp:TimeMissed():101|Cycle miss in event CCSICombinedRepManager. Time Overrun is 3605 us[EOL]
[2026-09-22T08:42:27.290826Z][TRM_E.barcodereader][W][2330306][133]CRTCyclicEvent.cpp:TimeMissed():101|Cycle miss in event CCSICombinedCmdManager Cyclic Event. Time Overrun is 17481 us[EOL]
[2026-09-22T08:42:27.290853Z][TRM_E.barcodereader][W][2330306][133]CRTCyclicEvent.cpp:TimeMissed():101|Cycle miss in event CCSICombinedRepManager. Time Overrun is 17481 us[EOL]
[2026-09-22T08:42:27.287980Z][TRM_E.newgen-tiprackmagazine][W][2330306][141]CRTCyclicEvent.cpp:TimeMissed():101|Cycle miss in event CCSICombinedCmdManager Cyclic Event. Time Overrun is 17124 us[EOL]
[2026-09-22T08:42:27.288027Z][TRM_E.newgen-tiprackmagazine][W][2330306][141]CRTCyclicEvent.cpp:TimeMissed():101|Cycle miss in event CCSICombinedRepManager. Time Overrun is 17124 us[EOL]
[2026-09-22T08:42:27.541727Z][TRM_E.barcodereader][W][2330306][133]CRTCyclicEvent.cpp:TimeMissed():101|Cycle miss in event CCSICombinedCmdManager Cyclic Event. Time Overrun is 18383 us[EOL]
[2026-09-22T08:42:27.541747Z][TRM_E.barcodereader][W][2330306][133]CRTCyclicEvent.cpp:TimeMissed():101|Cycle miss in event CCSICombinedRepManager. Time Overrun is 18383 us[EOL]
[2026-09-22T08:42:27.542394Z][TRM_E.newgen-tiprackmagazine][W][2330306][141]CRTCyclicEvent.cpp:TimeMissed():101|Cycle miss in event CCSICombinedCmdManager Cyclic Event. Time Overrun is 21548 us[EOL]
[2026-09-22T08:42:27.542428Z][TRM_E.newgen-tiprackmagazine][W][2330306][141]CRTCyclicEvent.cpp:TimeMissed():101|Cycle miss in event CCSICombinedRepManager. Time Overrun is 21548 us[EOL]
[2026-09-22T08:42:27.844298Z][TRM_E.barcodereader][W][2330306][133]CRTCyclicEvent.cpp:TimeMissed():101|Cycle miss in event CCSICombinedCmdManager Cyclic Event. Time Overrun is 950 us[EOL]
[2026-09-22T08:42:27.844335Z][TRM_E.barcodereader][W][2330306][133]CRTCyclicEvent.cpp:TimeMissed():101|Cycle miss in event CCSICombinedRepManager. Time Overrun is 950 us[EOL]
[2026-09-22T08:42:28.728555Z][TRM_E.newgen-tiprackmagazine][I][2560016][141]IMessageHandler.h:operator()():40|Received RabbitMqMessage Roche.MolLab.InstrumentState.Ping. Content: {"Timestamp":"2026-09-22T08:42:28.6758628Z","PingId":"IS25"}[EOL]
[2026-09-22T08:42:28.728587Z][TRM_E.newgen-tiprackmagazine][I][844444436][141]UnitCommunicator.cpp:SendEvent():424|Publishing event: type=Roche.c68_8800.TipRackMagazine.E.Echo correlation_id=(n/a)[EOL]
[2026-09-22T08:42:28.728605Z][TRM_E.newgen-tiprackmagazine][I][2560017][141]MessageSender.h:SendEvent():105|Sent RabbitMqEvent Roche.c68_8800.TipRackMagazine.E.Echo. Content: {"Timestamp":"2026-09-22T08:42:28.728583Z","MagazineId":"E","PingId":"IS25"}[EOL]
[2026-09-22T08:42:29.427179Z][TRM_E.newgen-tiprackmagazine][W][2330306][141]CRTCyclicEvent.cpp:TimeMissed():101|Cycle miss in event CCSICombinedCmdManager Cyclic Event. Time Overrun is 16334 us[EOL]
[2026-09-22T08:42:29.427206Z][TRM_E.newgen-tiprackmagazine][W][2330306][141]CRTCyclicEvent.cpp:TimeMissed():101|Cycle miss in event CCSICombinedRepManager. Time Overrun is 16334 us[EOL]
[2026-09-22T08:42:29.424590Z][TRM_E.barcodereader][W][2330306][133]CRTCyclicEvent.cpp:TimeMissed():101|Cycle miss in event CCSICombinedCmdManager Cyclic Event. Time Overrun is 11120 us[EOL]
[2026-09-22T08:42:29.424614Z][TRM_E.barcodereader][W][2330306][133]CRTCyclicEvent.cpp:TimeMissed():101|Cycle miss in event CCSICombinedRepManager. Time Overrun is 11120 us[EOL]
[2026-09-22T08:42:39.704929Z][TRM_E.barcodereader][W][2330306][133]CRTCyclicEvent.cpp:TimeMissed():101|Cycle miss in event CCSICombinedCmdManager Cyclic Event. Time Overrun is 1579 us[EOL]
[2026-09-22T08:42:39.704979Z][TRM_E.barcodereader][W][2330306][133]CRTCyclicEvent.cpp:TimeMissed():101|Cycle miss in event CCSICombinedRepManager. Time Overrun is 1579 us[EOL]
[2026-09-22T08:42:39.850621Z][TRM_E.barcodereader][W][2330306][133]CRTCyclicEvent.cpp:TimeMissed():101|Cycle miss in event CCSICombinedCmdManager Cyclic Event. Time Overrun is 7272 us[EOL]
[2026-09-22T08:42:39.850663Z][TRM_E.barcodereader][W][2330306][133]CRTCyclicEvent.cpp:TimeMissed():101|Cycle miss in event CCSICombinedRepManager. Time Overrun is 7272 us[EOL]
[2026-09-22T08:42:39.843235Z][TRM_E.newgen-tiprackmagazine][W][2330306][141]CRTCyclicEvent.cpp:TimeMissed():101|Cycle miss in event CCSICombinedCmdManager Cyclic Event. Time Overrun is 2391 us[EOL]
[2026-09-22T08:42:39.843267Z][TRM_E.newgen-tiprackmagazine][W][2330306][141]CRTCyclicEvent.cpp:TimeMissed():101|Cycle miss in event CCSICombinedRepManager. Time Overrun is 2391 us[EOL]
[2026-09-22T08:42:40.235296Z][TRM_E.newgen-tiprackmagazine][W][2330306][141]CRTCyclicEvent.cpp:TimeMissed():101|Cycle miss in event CCSICombinedCmdManager Cyclic Event. Time Overrun is 4450 us[EOL]
[2026-09-22T08:42:40.235334Z][TRM_E.newgen-tiprackmagazine][W][2330306][141]CRTCyclicEvent.cpp:TimeMissed():101|Cycle miss in event CCSICombinedRepManager. Time Overrun is 4450 us[EOL]
[2026-09-22T08:42:41.201522Z][TRM_E.newgen-tiprackmagazine][W][2330306][141]CRTCyclicEvent.cpp:TimeMissed():101|Cycle miss in event CCSICombinedCmdManager Cyclic Event. Time Overrun is 676 us[EOL]
[2026-09-22T08:42:41.201556Z][TRM_E.newgen-tiprackmagazine][W][2330306][141]CRTCyclicEvent.cpp:TimeMissed():101|Cycle miss in event CCSICombinedRepManager. Time Overrun is 676 us[EOL]
[2026-09-22T08:42:45.161162Z][TRM_E.newgen-tiprackmagazine][W][2330306][141]CRTCyclicEvent.cpp:TimeMissed():101|Cycle miss in event CCSICombinedCmdManager Cyclic Event. Time Overrun is 315 us[EOL]
[2026-09-22T08:42:45.161196Z][TRM_E.newgen-tiprackmagazine][W][2330306][141]CRTCyclicEvent.cpp:TimeMissed():101|Cycle miss in event CCSICombinedRepManager. Time Overrun is 315 us[EOL]
[2026-09-22T08:42:52.232371Z][TRM_E.barcodereader][W][2330306][133]CRTCyclicEvent.cpp:TimeMissed():101|Cycle miss in event CCSICombinedCmdManager Cyclic Event. Time Overrun is 19024 us[EOL]
[2026-09-22T08:42:52.232398Z][TRM_E.barcodereader][W][2330306][133]CRTCyclicEvent.cpp:TimeMissed():101|Cycle miss in event CCSICombinedRepManager. Time Overrun is 19024 us[EOL]
[2026-09-22T08:42:55.360121Z][TRM_E.newgen-tiprackmagazine][W][2330306][141]CRTCyclicEvent.cpp:TimeMissed():101|Cycle miss in event CCSICombinedCmdManager Cyclic Event. Time Overrun is 9272 us[EOL]
[2026-09-22T08:42:55.360208Z][TRM_E.newgen-tiprackmagazine][W][2330306][141]CRTCyclicEvent.cpp:TimeMissed():101|Cycle miss in event CCSICombinedRepManager. Time Overrun is 9272 us[EOL]
[2026-09-22T08:42:57.858549Z][TRM_E.newgen-tiprackmagazine][W][2330306][141]CRTCyclicEvent.cpp:TimeMissed():101|Cycle miss in event CCSICombinedCmdManager Cyclic Event. Time Overrun is 7688 us[EOL]
[2026-09-22T08:42:57.858632Z][TRM_E.newgen-tiprackmagazine][W][2330306][141]CRTCyclicEvent.cpp:TimeMissed():101|Cycle miss in event CCSICombinedRepManager. Time Overrun is 7688 us[EOL]
[2026-09-22T08:42:57.858752Z][TRM_E.barcodereader][W][2330306][133]CRTCyclicEvent.cpp:TimeMissed():101|Cycle miss in event CCSICombinedCmdManager Cyclic Event. Time Overrun is 5407 us[EOL]
[2026-09-22T08:42:57.859044Z][TRM_E.barcodereader][W][2330306][133]CRTCyclicEvent.cpp:TimeMissed():101|Cycle miss in event CCSICombinedRepManager. Time Overrun is 5407 us[EOL]
[2026-09-22T08:42:58.698721Z][TRM_E.newgen-tiprackmagazine][I][2560016][141]IMessageHandler.h:operator()():40|Received RabbitMqMessage Roche.MolLab.InstrumentState.Ping. Content: {"Timestamp":"2026-09-22T08:42:58.6760266Z","PingId":"IS26"}[EOL]
[2026-09-22T08:42:58.698844Z][TRM_E.newgen-tiprackmagazine][I][844444436][141]UnitCommunicator.cpp:SendEvent():424|Publishing event: type=Roche.c68_8800.TipRackMagazine.E.Echo correlation_id=(n/a)[EOL]
[2026-09-22T08:42:58.698922Z][TRM_E.newgen-tiprackmagazine][I][2560017][141]MessageSender.h:SendEvent():105|Sent RabbitMqEvent Roche.c68_8800.TipRackMagazine.E.Echo. Content: {"Timestamp":"2026-09-22T08:42:58.698800Z","MagazineId":"E","PingId":"IS26"}[EOL]
[2026-09-22T08:43:05.334513Z][TRM_E.newgen-tiprackmagazine][W][2330306][141]CRTCyclicEvent.cpp:TimeMissed():101|Cycle miss in event CCSICombinedCmdManager Cyclic Event. Time Overrun is 3665 us[EOL]
[2026-09-22T08:43:05.334555Z][TRM_E.newgen-tiprackmagazine][W][2330306][141]CRTCyclicEvent.cpp:TimeMissed():101|Cycle miss in event CCSICombinedRepManager. Time Overrun is 3665 us[EOL]
[2026-09-22T08:43:07.857886Z][TRM_E.barcodereader][W][2330306][133]CRTCyclicEvent.cpp:TimeMissed():101|Cycle miss in event CCSICombinedCmdManager Cyclic Event. Time Overrun is 4538 us[EOL]
[2026-09-22T08:43:07.858313Z][TRM_E.barcodereader][W][2330306][133]CRTCyclicEvent.cpp:TimeMissed():101|Cycle miss in event CCSICombinedRepManager. Time Overrun is 4538 us[EOL]
[2026-09-22T08:43:12.181105Z][TRM_E.barcodereader][W][2330306][133]CRTCyclicEvent.cpp:TimeMissed():101|Cycle miss in event CCSICombinedCmdManager Cyclic Event. Time Overrun is 7758 us[EOL]
[2026-09-22T08:43:12.181140Z][TRM_E.barcodereader][W][2330306][133]CRTCyclicEvent.cpp:TimeMissed():101|Cycle miss in event CCSICombinedRepManager. Time Overrun is 7758 us[EOL]
[2026-09-22T08:43:28.700715Z][TRM_E.newgen-tiprackmagazine][I][2560016][141]IMessageHandler.h:operator()():40|Received RabbitMqMessage Roche.MolLab.InstrumentState.Ping. Content: {"Timestamp":"2026-09-22T08:43:28.6755037Z","PingId":"IS27"}[EOL]
[2026-09-22T08:43:28.700809Z][TRM_E.newgen-tiprackmagazine][I][844444436][141]UnitCommunicator.cpp:SendEvent():424|Publishing event: type=Roche.c68_8800.TipRackMagazine.E.Echo correlation_id=(n/a)[EOL]
[2026-09-22T08:43:28.702431Z][TRM_E.newgen-tiprackmagazine][I][2560017][141]MessageSender.h:SendEvent():105|Sent RabbitMqEvent Roche.c68_8800.TipRackMagazine.E.Echo. Content: {"Timestamp":"2026-09-22T08:43:28.700764Z","MagazineId":"E","PingId":"IS27"}[EOL]
[2026-09-22T08:43:47.848862Z][TRM_E.barcodereader][W][2330306][133]CRTCyclicEvent.cpp:TimeMissed():101|Cycle miss in event CCSICombinedCmdManager Cyclic Event. Time Overrun is 5516 us[EOL]
[2026-09-22T08:43:47.848890Z][TRM_E.barcodereader][W][2330306][133]CRTCyclicEvent.cpp:TimeMissed():101|Cycle miss in event CCSICombinedRepManager. Time Overrun is 5516 us[EOL]
[2026-09-22T08:43:50.462581Z][TRM_E.newgen-tiprackmagazine][W][2330306][141]CRTCyclicEvent.cpp:TimeMissed():101|Cycle miss in event CCSICombinedCmdManager Cyclic Event. Time Overrun is 1738 us[EOL]
[2026-09-22T08:43:50.462610Z][TRM_E.newgen-tiprackmagazine][W][2330306][141]CRTCyclicEvent.cpp:TimeMissed():101|Cycle miss in event CCSICombinedRepManager. Time Overrun is 1738 us[EOL]
[2026-09-22T08:43:58.691269Z][TRM_E.newgen-tiprackmagazine][I][2560016][141]IMessageHandler.h:operator()():40|Received RabbitMqMessage Roche.MolLab.InstrumentState.Ping. Content: {"Timestamp":"2026-09-22T08:43:58.6746793Z","PingId":"IS28"}[EOL]
[2026-09-22T08:43:58.691298Z][TRM_E.newgen-tiprackmagazine][I][844444436][141]UnitCommunicator.cpp:SendEvent():424|Publishing event: type=Roche.c68_8800.TipRackMagazine.E.Echo correlation_id=(n/a)[EOL]
[2026-09-22T08:43:58.691314Z][TRM_E.newgen-tiprackmagazine][I][2560017][141]MessageSender.h:SendEvent():105|Sent RabbitMqEvent Roche.c68_8800.TipRackMagazine.E.Echo. Content: {"Timestamp":"2026-09-22T08:43:58.691294Z","MagazineId":"E","PingId":"IS28"}[EOL]
[2026-09-22T08:44:04.587344Z][TRM_E.barcodereader][W][2330306][133]CRTCyclicEvent.cpp:TimeMissed():101|Cycle miss in event CCSICombinedCmdManager Cyclic Event. Time Overrun is 13997 us[EOL]
[2026-09-22T08:44:04.587374Z][TRM_E.barcodereader][W][2330306][133]CRTCyclicEvent.cpp:TimeMissed():101|Cycle miss in event CCSICombinedRepManager. Time Overrun is 13997 us[EOL]
[2026-09-22T08:44:04.587250Z][TRM_E.newgen-tiprackmagazine][W][2330306][141]CRTCyclicEvent.cpp:TimeMissed():101|Cycle miss in event CCSICombinedCmdManager Cyclic Event. Time Overrun is 16407 us[EOL]
[2026-09-22T08:44:04.587273Z][TRM_E.newgen-tiprackmagazine][W][2330306][141]CRTCyclicEvent.cpp:TimeMissed():101|Cycle miss in event CCSICombinedRepManager. Time Overrun is 16407 us[EOL]
[2026-09-22T08:44:07.852216Z][TRM_E.newgen-tiprackmagazine][W][2330306][141]CRTCyclicEvent.cpp:TimeMissed():101|Cycle miss in event CCSICombinedCmdManager Cyclic Event. Time Overrun is 1372 us[EOL]
[2026-09-22T08:44:07.852249Z][TRM_E.newgen-tiprackmagazine][W][2330306][141]CRTCyclicEvent.cpp:TimeMissed():101|Cycle miss in event CCSICombinedRepManager. Time Overrun is 1372 us[EOL]
[2026-09-22T08:44:20.394626Z][TRM_E.barcodereader][W][2330306][133]CRTCyclicEvent.cpp:TimeMissed():101|Cycle miss in event CCSICombinedCmdManager Cyclic Event. Time Overrun is 1279 us[EOL]
[2026-09-22T08:44:20.394305Z][TRM_E.newgen-tiprackmagazine][W][2330306][141]CRTCyclicEvent.cpp:TimeMissed():101|Cycle miss in event CCSICombinedCmdManager Cyclic Event. Time Overrun is 3445 us[EOL]
[2026-09-22T08:44:20.394346Z][TRM_E.newgen-tiprackmagazine][W][2330306][141]CRTCyclicEvent.cpp:TimeMissed():101|Cycle miss in event CCSICombinedRepManager. Time Overrun is 3445 us[EOL]
[2026-09-22T08:44:20.394658Z][TRM_E.barcodereader][W][2330306][133]CRTCyclicEvent.cpp:TimeMissed():101|Cycle miss in event CCSICombinedRepManager. Time Overrun is 1279 us[EOL]
[2026-09-22T08:44:22.498558Z][TRM_E.newgen-tiprackmagazine][W][2330306][141]CRTCyclicEvent.cpp:TimeMissed():101|Cycle miss in event CCSICombinedCmdManager Cyclic Event. Time Overrun is 7715 us[EOL]
[2026-09-22T08:44:22.498352Z][TRM_E.barcodereader][W][2330306][133]CRTCyclicEvent.cpp:TimeMissed():101|Cycle miss in event CCSICombinedCmdManager Cyclic Event. Time Overrun is 15006 us[EOL]
[2026-09-22T08:44:22.498580Z][TRM_E.newgen-tiprackmagazine][W][2330306][141]CRTCyclicEvent.cpp:TimeMissed():101|Cycle miss in event CCSICombinedRepManager. Time Overrun is 7715 us[EOL]
[2026-09-22T08:44:22.498386Z][TRM_E.barcodereader][W][2330306][133]CRTCyclicEvent.cpp:TimeMissed():101|Cycle miss in event CCSICombinedRepManager. Time Overrun is 15006 us[EOL]
[2026-09-22T08:44:23.969534Z][TRM_E.newgen-tiprackmagazine][W][2330306][141]CRTCyclicEvent.cpp:TimeMissed():101|Cycle miss in event CCSICombinedCmdManager Cyclic Event. Time Overrun is 38689 us[EOL]
[2026-09-22T08:44:23.966247Z][TRM_E.barcodereader][W][2330306][133]CRTCyclicEvent.cpp:TimeMissed():101|Cycle miss in event CCSICombinedCmdManager Cyclic Event. Time Overrun is 22899 us[EOL]
[2026-09-22T08:44:23.969565Z][TRM_E.newgen-tiprackmagazine][W][2330306][141]CRTCyclicEvent.cpp:TimeMissed():101|Cycle miss in event CCSICombinedRepManager. Time Overrun is 38689 us[EOL]
[2026-09-22T08:44:23.966288Z][TRM_E.barcodereader][W][2330306][133]CRTCyclicEvent.cpp:TimeMissed():101|Cycle miss in event CCSICombinedRepManager. Time Overrun is 22899 us[EOL]
[2026-09-22T08:44:28.680868Z][TRM_E.newgen-tiprackmagazine][I][2560016][141]IMessageHandler.h:operator()():40|Received RabbitMqMessage Roche.MolLab.InstrumentState.Ping. Content: {"Timestamp":"2026-09-22T08:44:28.6765694Z","PingId":"IS29"}[EOL]
[2026-09-22T08:44:28.680905Z][TRM_E.newgen-tiprackmagazine][I][844444436][141]UnitCommunicator.cpp:SendEvent():424|Publishing event: type=Roche.c68_8800.TipRackMagazine.E.Echo correlation_id=(n/a)[EOL]
[2026-09-22T08:44:28.680988Z][TRM_E.newgen-tiprackmagazine][I][2560017][141]MessageSender.h:SendEvent():105|Sent RabbitMqEvent Roche.c68_8800.TipRackMagazine.E.Echo. Content: {"Timestamp":"2026-09-22T08:44:28.680900Z","MagazineId":"E","PingId":"IS29"}[EOL]
[2026-09-22T08:44:42.420529Z][TRM_E.newgen-tiprackmagazine][W][2330306][141]CRTCyclicEvent.cpp:TimeMissed():101|Cycle miss in event CCSICombinedCmdManager Cyclic Event. Time Overrun is 9685 us[EOL]
[2026-09-22T08:44:42.420118Z][TRM_E.barcodereader][W][2330306][133]CRTCyclicEvent.cpp:TimeMissed():101|Cycle miss in event CCSICombinedCmdManager Cyclic Event. Time Overrun is 6772 us[EOL]
[2026-09-22T08:44:42.420646Z][TRM_E.newgen-tiprackmagazine][W][2330306][141]CRTCyclicEvent.cpp:TimeMissed():101|Cycle miss in event CCSICombinedRepManager. Time Overrun is 9685 us[EOL]
[2026-09-22T08:44:42.420152Z][TRM_E.barcodereader][W][2330306][133]CRTCyclicEvent.cpp:TimeMissed():101|Cycle miss in event CCSICombinedRepManager. Time Overrun is 6772 us[EOL]
[2026-09-22T08:44:42.606299Z][TRM_E.barcodereader][W][2330306][133]CRTCyclicEvent.cpp:TimeMissed():101|Cycle miss in event CCSICombinedCmdManager Cyclic Event. Time Overrun is 2951 us[EOL]
[2026-09-22T08:44:42.606490Z][TRM_E.barcodereader][W][2330306][133]CRTCyclicEvent.cpp:TimeMissed():101|Cycle miss in event CCSICombinedRepManager. Time Overrun is 2951 us[EOL]
[2026-09-22T08:44:42.731692Z][TRM_E.newgen-tiprackmagazine][W][2330306][141]CRTCyclicEvent.cpp:TimeMissed():101|Cycle miss in event CCSICombinedCmdManager Cyclic Event. Time Overrun is 20843 us[EOL]
[2026-09-22T08:44:42.731740Z][TRM_E.newgen-tiprackmagazine][W][2330306][141]CRTCyclicEvent.cpp:TimeMissed():101|Cycle miss in event CCSICombinedRepManager. Time Overrun is 20843 us[EOL]
[2026-09-22T08:44:42.734146Z][TRM_E.barcodereader][W][2330306][133]CRTCyclicEvent.cpp:TimeMissed():101|Cycle miss in event CCSICombinedCmdManager Cyclic Event. Time Overrun is 10796 us[EOL]
[2026-09-22T08:44:42.734193Z][TRM_E.barcodereader][W][2330306][133]CRTCyclicEvent.cpp:TimeMissed():101|Cycle miss in event CCSICombinedRepManager. Time Overrun is 10796 us[EOL]
[2026-09-22T08:44:46.512139Z][TRM_E.newgen-tiprackmagazine][W][2330306][141]CRTCyclicEvent.cpp:TimeMissed():101|Cycle miss in event CCSICombinedCmdManager Cyclic Event. Time Overrun is 1295 us[EOL]
[2026-09-22T08:44:46.512166Z][TRM_E.newgen-tiprackmagazine][W][2330306][141]CRTCyclicEvent.cpp:TimeMissed():101|Cycle miss in event CCSICombinedRepManager. Time Overrun is 1295 us[EOL]
[2026-09-22T08:44:48.532404Z][TRM_E.newgen-tiprackmagazine][W][2330306][141]CRTCyclicEvent.cpp:TimeMissed():101|Cycle miss in event CCSICombinedCmdManager Cyclic Event. Time Overrun is 1561 us[EOL]
[2026-09-22T08:44:48.532693Z][TRM_E.newgen-tiprackmagazine][W][2330306][141]CRTCyclicEvent.cpp:TimeMissed():101|Cycle miss in event CCSICombinedRepManager. Time Overrun is 1561 us[EOL]
[2026-09-22T08:44:49.320711Z][TRM_E.newgen-tiprackmagazine][W][2330306][141]CRTCyclicEvent.cpp:TimeMissed():101|Cycle miss in event CCSICombinedCmdManager Cyclic Event. Time Overrun is 9866 us[EOL]
[2026-09-22T08:44:49.320791Z][TRM_E.newgen-tiprackmagazine][W][2330306][141]CRTCyclicEvent.cpp:TimeMissed():101|Cycle miss in event CCSICombinedRepManager. Time Overrun is 9866 us[EOL]
[2026-09-22T08:44:50.629576Z][TRM_E.newgen-tiprackmagazine][W][2330306][141]CRTCyclicEvent.cpp:TimeMissed():101|Cycle miss in event CCSICombinedCmdManager Cyclic Event. Time Overrun is 18733 us[EOL]
[2026-09-22T08:44:50.629600Z][TRM_E.newgen-tiprackmagazine][W][2330306][141]CRTCyclicEvent.cpp:TimeMissed():101|Cycle miss in event CCSICombinedRepManager. Time Overrun is 18733 us[EOL]
[2026-09-22T08:44:50.631080Z][TRM_E.barcodereader][W][2330306][133]CRTCyclicEvent.cpp:TimeMissed():101|Cycle miss in event CCSICombinedCmdManager Cyclic Event. Time Overrun is 17729 us[EOL]
[2026-09-22T08:44:50.631122Z][TRM_E.barcodereader][W][2330306][133]CRTCyclicEvent.cpp:TimeMissed():101|Cycle miss in event CCSICombinedRepManager. Time Overrun is 17729 us[EOL]
[2026-09-22T08:44:53.521107Z][TRM_E.newgen-tiprackmagazine][W][2330306][141]CRTCyclicEvent.cpp:TimeMissed():101|Cycle miss in event CCSICombinedCmdManager Cyclic Event. Time Overrun is 10261 us[EOL]
[2026-09-22T08:44:53.521207Z][TRM_E.barcodereader][W][2330306][133]CRTCyclicEvent.cpp:TimeMissed():101|Cycle miss in event CCSICombinedCmdManager Cyclic Event. Time Overrun is 7859 us[EOL]
[2026-09-22T08:44:53.521144Z][TRM_E.newgen-tiprackmagazine][W][2330306][141]CRTCyclicEvent.cpp:TimeMissed():101|Cycle miss in event CCSICombinedRepManager. Time Overrun is 10261 us[EOL]
[2026-09-22T08:44:53.521239Z][TRM_E.barcodereader][W][2330306][133]CRTCyclicEvent.cpp:TimeMissed():101|Cycle miss in event CCSICombinedRepManager. Time Overrun is 7859 us[EOL]
[2026-09-22T08:44:53.652185Z][TRM_E.barcodereader][W][2330306][133]CRTCyclicEvent.cpp:TimeMissed():101|Cycle miss in event CCSICombinedCmdManager Cyclic Event. Time Overrun is 18838 us[EOL]
[2026-09-22T08:44:53.652218Z][TRM_E.barcodereader][W][2330306][133]CRTCyclicEvent.cpp:TimeMissed():101|Cycle miss in event CCSICombinedRepManager. Time Overrun is 18838 us[EOL]
[2026-09-22T08:44:54.762069Z][TRM_E.newgen-tiprackmagazine][W][2330306][141]CRTCyclicEvent.cpp:TimeMissed():101|Cycle miss in event CCSICombinedCmdManager Cyclic Event. Time Overrun is 1226 us[EOL]
[2026-09-22T08:44:54.762094Z][TRM_E.newgen-tiprackmagazine][W][2330306][141]CRTCyclicEvent.cpp:TimeMissed():101|Cycle miss in event CCSICombinedRepManager. Time Overrun is 1226 us[EOL]
[2026-09-22T08:44:56.564088Z][TRM_E.newgen-tiprackmagazine][W][2330306][141]CRTCyclicEvent.cpp:TimeMissed():101|Cycle miss in event CCSICombinedCmdManager Cyclic Event. Time Overrun is 33243 us[EOL]
[2026-09-22T08:44:56.566790Z][TRM_E.barcodereader][W][2330306][133]CRTCyclicEvent.cpp:TimeMissed():101|Cycle miss in event CCSICombinedCmdManager Cyclic Event. Time Overrun is 33442 us[EOL]
[2026-09-22T08:44:56.564114Z][TRM_E.newgen-tiprackmagazine][W][2330306][141]CRTCyclicEvent.cpp:TimeMissed():101|Cycle miss in event CCSICombinedRepManager. Time Overrun is 33243 us[EOL]
[2026-09-22T08:44:56.566814Z][TRM_E.barcodereader][W][2330306][133]CRTCyclicEvent.cpp:TimeMissed():101|Cycle miss in event CCSICombinedRepManager. Time Overrun is 33442 us[EOL]
[2026-09-22T08:44:56.706071Z][TRM_E.barcodereader][W][2330306][133]CRTCyclicEvent.cpp:TimeMissed():101|Cycle miss in event CCSICombinedCmdManager Cyclic Event. Time Overrun is 2720 us[EOL]
[2026-09-22T08:44:56.706111Z][TRM_E.barcodereader][W][2330306][133]CRTCyclicEvent.cpp:TimeMissed():101|Cycle miss in event CCSICombinedRepManager. Time Overrun is 2720 us[EOL]
[2026-09-22T08:44:58.312231Z][TRM_E.newgen-tiprackmagazine][W][2330306][141]CRTCyclicEvent.cpp:TimeMissed():101|Cycle miss in event CCSICombinedCmdManager Cyclic Event. Time Overrun is 1386 us[EOL]
[2026-09-22T08:44:58.312312Z][TRM_E.newgen-tiprackmagazine][W][2330306][141]CRTCyclicEvent.cpp:TimeMissed():101|Cycle miss in event CCSICombinedRepManager. Time Overrun is 1386 us[EOL]
[2026-09-22T08:44:58.683029Z][TRM_E.newgen-tiprackmagazine][I][2560016][141]IMessageHandler.h:operator()():40|Received RabbitMqMessage Roche.MolLab.InstrumentState.Ping. Content: {"Timestamp":"2026-09-22T08:44:58.6788315Z","PingId":"IS30"}[EOL]
[2026-09-22T08:44:58.683225Z][TRM_E.newgen-tiprackmagazine][I][844444436][141]UnitCommunicator.cpp:SendEvent():424|Publishing event: type=Roche.c68_8800.TipRackMagazine.E.Echo correlation_id=(n/a)[EOL]
[2026-09-22T08:44:58.683473Z][TRM_E.newgen-tiprackmagazine][I][2560017][141]MessageSender.h:SendEvent():105|Sent RabbitMqEvent Roche.c68_8800.TipRackMagazine.E.Echo. Content: {"Timestamp":"2026-09-22T08:44:58.683205Z","MagazineId":"E","PingId":"IS30"}[EOL]
[2026-09-22T08:44:58.834642Z][TRM_E.barcodereader][W][2330306][133]CRTCyclicEvent.cpp:TimeMissed():101|Cycle miss in event CCSICombinedCmdManager Cyclic Event. Time Overrun is 11296 us[EOL]
[2026-09-22T08:44:58.834469Z][TRM_E.newgen-tiprackmagazine][W][2330306][141]CRTCyclicEvent.cpp:TimeMissed():101|Cycle miss in event CCSICombinedCmdManager Cyclic Event. Time Overrun is 13624 us[EOL]
[2026-09-22T08:44:58.834504Z][TRM_E.newgen-tiprackmagazine][W][2330306][141]CRTCyclicEvent.cpp:TimeMissed():101|Cycle miss in event CCSICombinedRepManager. Time Overrun is 13624 us[EOL]
[2026-09-22T08:44:58.834677Z][TRM_E.barcodereader][W][2330306][133]CRTCyclicEvent.cpp:TimeMissed():101|Cycle miss in event CCSICombinedRepManager. Time Overrun is 11296 us[EOL]
[2026-09-22T08:45:00.128786Z][TRM_E.barcodereader][W][2330306][133]CRTCyclicEvent.cpp:TimeMissed():101|Cycle miss in event CCSICombinedCmdManager Cyclic Event. Time Overrun is 5437 us[EOL]
[2026-09-22T08:45:00.128810Z][TRM_E.barcodereader][W][2330306][133]CRTCyclicEvent.cpp:TimeMissed():101|Cycle miss in event CCSICombinedRepManager. Time Overrun is 5437 us[EOL]
[2026-09-22T08:45:04.272598Z][TRM_E.newgen-tiprackmagazine][W][2330306][141]CRTCyclicEvent.cpp:TimeMissed():101|Cycle miss in event CCSICombinedCmdManager Cyclic Event. Time Overrun is 21752 us[EOL]
[2026-09-22T08:45:04.270738Z][TRM_E.barcodereader][W][2330306][133]CRTCyclicEvent.cpp:TimeMissed():101|Cycle miss in event CCSICombinedCmdManager Cyclic Event. Time Overrun is 17391 us[EOL]
[2026-09-22T08:45:04.272631Z][TRM_E.newgen-tiprackmagazine][W][2330306][141]CRTCyclicEvent.cpp:TimeMissed():101|Cycle miss in event CCSICombinedRepManager. Time Overrun is 21752 us[EOL]
[2026-09-22T08:45:04.270763Z][TRM_E.barcodereader][W][2330306][133]CRTCyclicEvent.cpp:TimeMissed():101|Cycle miss in event CCSICombinedRepManager. Time Overrun is 17391 us[EOL]
[2026-09-22T08:45:07.823841Z][TRM_E.barcodereader][W][2330306][133]CRTCyclicEvent.cpp:TimeMissed():101|Cycle miss in event CCSICombinedCmdManager Cyclic Event. Time Overrun is 485 us[EOL]
[2026-09-22T08:45:07.823891Z][TRM_E.barcodereader][W][2330306][133]CRTCyclicEvent.cpp:TimeMissed():101|Cycle miss in event CCSICombinedRepManager. Time Overrun is 485 us[EOL]
[2026-09-22T08:45:08.659895Z][TRM_E.newgen-tiprackmagazine][W][2330306][141]CRTCyclicEvent.cpp:TimeMissed():101|Cycle miss in event CCSICombinedCmdManager Cyclic Event. Time Overrun is 9049 us[EOL]
[2026-09-22T08:45:08.659917Z][TRM_E.newgen-tiprackmagazine][W][2330306][141]CRTCyclicEvent.cpp:TimeMissed():101|Cycle miss in event CCSICombinedRepManager. Time Overrun is 9049 us[EOL]
[2026-09-22T08:45:08.658297Z][TRM_E.barcodereader][W][2330306][133]CRTCyclicEvent.cpp:TimeMissed():101|Cycle miss in event CCSICombinedCmdManager Cyclic Event. Time Overrun is 4952 us[EOL]
[2026-09-22T08:45:08.658316Z][TRM_E.barcodereader][W][2330306][133]CRTCyclicEvent.cpp:TimeMissed():101|Cycle miss in event CCSICombinedRepManager. Time Overrun is 4952 us[EOL]
[2026-09-22T08:45:12.411225Z][TRM_E.barcodereader][W][2330306][133]CRTCyclicEvent.cpp:TimeMissed():101|Cycle miss in event CCSICombinedCmdManager Cyclic Event. Time Overrun is 7879 us[EOL]
[2026-09-22T08:45:12.411254Z][TRM_E.barcodereader][W][2330306][133]CRTCyclicEvent.cpp:TimeMissed():101|Cycle miss in event CCSICombinedRepManager. Time Overrun is 7879 us[EOL]
[2026-09-22T08:45:12.410876Z][TRM_E.newgen-tiprackmagazine][W][2330306][141]CRTCyclicEvent.cpp:TimeMissed():101|Cycle miss in event CCSICombinedCmdManager Cyclic Event. Time Overrun is 10032 us[EOL]
[2026-09-22T08:45:12.410904Z][TRM_E.newgen-tiprackmagazine][W][2330306][141]CRTCyclicEvent.cpp:TimeMissed():101|Cycle miss in event CCSICombinedRepManager. Time Overrun is 10032 us[EOL]
[2026-09-22T08:45:12.641748Z][TRM_E.newgen-tiprackmagazine][W][2330306][141]CRTCyclicEvent.cpp:TimeMissed():101|Cycle miss in event CCSICombinedCmdManager Cyclic Event. Time Overrun is 900 us[EOL]
[2026-09-22T08:45:12.639037Z][TRM_E.barcodereader][W][2330306][133]CRTCyclicEvent.cpp:TimeMissed():101|Cycle miss in event CCSICombinedCmdManager Cyclic Event. Time Overrun is 5690 us[EOL]
[2026-09-22T08:45:12.641837Z][TRM_E.newgen-tiprackmagazine][W][2330306][141]CRTCyclicEvent.cpp:TimeMissed():101|Cycle miss in event CCSICombinedRepManager. Time Overrun is 900 us[EOL]
[2026-09-22T08:45:12.639064Z][TRM_E.barcodereader][W][2330306][133]CRTCyclicEvent.cpp:TimeMissed():101|Cycle miss in event CCSICombinedRepManager. Time Overrun is 5690 us[EOL]
[2026-09-22T08:45:12.893450Z][TRM_E.barcodereader][W][2330306][133]CRTCyclicEvent.cpp:TimeMissed():101|Cycle miss in event CCSICombinedCmdManager Cyclic Event. Time Overrun is 104 us[EOL]
[2026-09-22T08:45:12.893577Z][TRM_E.barcodereader][W][2330306][133]CRTCyclicEvent.cpp:TimeMissed():101|Cycle miss in event CCSICombinedRepManager. Time Overrun is 104 us[EOL]
[2026-09-22T08:45:13.421864Z][TRM_E.barcodereader][W][2330306][133]CRTCyclicEvent.cpp:TimeMissed():101|Cycle miss in event CCSICombinedCmdManager Cyclic Event. Time Overrun is 18432 us[EOL]
[2026-09-22T08:45:13.421906Z][TRM_E.barcodereader][W][2330306][133]CRTCyclicEvent.cpp:TimeMissed():101|Cycle miss in event CCSICombinedRepManager. Time Overrun is 18432 us[EOL]
[2026-09-22T08:45:13.421709Z][TRM_E.newgen-tiprackmagazine][W][2330306][141]CRTCyclicEvent.cpp:TimeMissed():101|Cycle miss in event CCSICombinedCmdManager Cyclic Event. Time Overrun is 20864 us[EOL]
[2026-09-22T08:45:13.421771Z][TRM_E.newgen-tiprackmagazine][W][2330306][141]CRTCyclicEvent.cpp:TimeMissed():101|Cycle miss in event CCSICombinedRepManager. Time Overrun is 20864 us[EOL]
[2026-09-22T08:45:16.794724Z][TRM_E.newgen-tiprackmagazine][W][2330306][141]CRTCyclicEvent.cpp:TimeMissed():101|Cycle miss in event CCSICombinedCmdManager Cyclic Event. Time Overrun is 3881 us[EOL]
[2026-09-22T08:45:16.794743Z][TRM_E.newgen-tiprackmagazine][W][2330306][141]CRTCyclicEvent.cpp:TimeMissed():101|Cycle miss in event CCSICombinedRepManager. Time Overrun is 3881 us[EOL]
[2026-09-22T08:45:16.795313Z][TRM_E.barcodereader][W][2330306][133]CRTCyclicEvent.cpp:TimeMissed():101|Cycle miss in event CCSICombinedCmdManager Cyclic Event. Time Overrun is 1963 us[EOL]
[2026-09-22T08:45:16.795338Z][TRM_E.barcodereader][W][2330306][133]CRTCyclicEvent.cpp:TimeMissed():101|Cycle miss in event CCSICombinedRepManager. Time Overrun is 1963 us[EOL]
[2026-09-22T08:45:17.841830Z][TRM_E.newgen-tiprackmagazine][W][2330306][141]CRTCyclicEvent.cpp:TimeMissed():101|Cycle miss in event CCSICombinedCmdManager Cyclic Event. Time Overrun is 985 us[EOL]
[2026-09-22T08:45:17.841859Z][TRM_E.newgen-tiprackmagazine][W][2330306][141]CRTCyclicEvent.cpp:TimeMissed():101|Cycle miss in event CCSICombinedRepManager. Time Overrun is 985 us[EOL]
[2026-09-22T08:45:19.416376Z][TRM_E.barcodereader][W][2330306][133]CRTCyclicEvent.cpp:TimeMissed():101|Cycle miss in event CCSICombinedCmdManager Cyclic Event. Time Overrun is 3030 us[EOL]
[2026-09-22T08:45:19.416405Z][TRM_E.barcodereader][W][2330306][133]CRTCyclicEvent.cpp:TimeMissed():101|Cycle miss in event CCSICombinedRepManager. Time Overrun is 3030 us[EOL]
[2026-09-22T08:45:20.712065Z][TRM_E.newgen-tiprackmagazine][W][2330306][141]CRTCyclicEvent.cpp:TimeMissed():101|Cycle miss in event CCSICombinedCmdManager Cyclic Event. Time Overrun is 1214 us[EOL]
[2026-09-22T08:45:20.712110Z][TRM_E.newgen-tiprackmagazine][W][2330306][141]CRTCyclicEvent.cpp:TimeMissed():101|Cycle miss in event CCSICombinedRepManager. Time Overrun is 1214 us[EOL]
[2026-09-22T08:45:25.332277Z][TRM_E.newgen-tiprackmagazine][W][2330306][141]CRTCyclicEvent.cpp:TimeMissed():101|Cycle miss in event CCSICombinedCmdManager Cyclic Event. Time Overrun is 1434 us[EOL]
[2026-09-22T08:45:25.332310Z][TRM_E.newgen-tiprackmagazine][W][2330306][141]CRTCyclicEvent.cpp:TimeMissed():101|Cycle miss in event CCSICombinedRepManager. Time Overrun is 1434 us[EOL]
[2026-09-22T08:45:26.605548Z][TRM_E.newgen-tiprackmagazine][W][2330306][141]CRTCyclicEvent.cpp:TimeMissed():101|Cycle miss in event CCSICombinedCmdManager Cyclic Event. Time Overrun is 4702 us[EOL]
[2026-09-22T08:45:26.605622Z][TRM_E.newgen-tiprackmagazine][W][2330306][141]CRTCyclicEvent.cpp:TimeMissed():101|Cycle miss in event CCSICombinedRepManager. Time Overrun is 4702 us[EOL]
[2026-09-22T08:45:27.429997Z][TRM_E.barcodereader][W][2330306][133]CRTCyclicEvent.cpp:TimeMissed():101|Cycle miss in event CCSICombinedCmdManager Cyclic Event. Time Overrun is 16651 us[EOL]
[2026-09-22T08:45:27.430024Z][TRM_E.barcodereader][W][2330306][133]CRTCyclicEvent.cpp:TimeMissed():101|Cycle miss in event CCSICombinedRepManager. Time Overrun is 16651 us[EOL]
[2026-09-22T08:45:27.429601Z][TRM_E.newgen-tiprackmagazine][W][2330306][141]CRTCyclicEvent.cpp:TimeMissed():101|Cycle miss in event CCSICombinedCmdManager Cyclic Event. Time Overrun is 18756 us[EOL]
[2026-09-22T08:45:27.429631Z][TRM_E.newgen-tiprackmagazine][W][2330306][141]CRTCyclicEvent.cpp:TimeMissed():101|Cycle miss in event CCSICombinedRepManager. Time Overrun is 18756 us[EOL]
[2026-09-22T08:45:28.703056Z][TRM_E.newgen-tiprackmagazine][I][2560016][141]IMessageHandler.h:operator()():40|Received RabbitMqMessage Roche.MolLab.InstrumentState.Ping. Content: {"Timestamp":"2026-09-22T08:45:28.6751977Z","PingId":"IS31"}[EOL]
[2026-09-22T08:45:28.704216Z][TRM_E.newgen-tiprackmagazine][I][844444436][141]UnitCommunicator.cpp:SendEvent():424|Publishing event: type=Roche.c68_8800.TipRackMagazine.E.Echo correlation_id=(n/a)[EOL]
[2026-09-22T08:45:28.704265Z][TRM_E.newgen-tiprackmagazine][I][2560017][141]MessageSender.h:SendEvent():105|Sent RabbitMqEvent Roche.c68_8800.TipRackMagazine.E.Echo. Content: {"Timestamp":"2026-09-22T08:45:28.704085Z","MagazineId":"E","PingId":"IS31"}[EOL]
[2026-09-22T08:45:34.286032Z][TRM_E.newgen-tiprackmagazine][W][2330306][141]CRTCyclicEvent.cpp:TimeMissed():101|Cycle miss in event CCSICombinedCmdManager Cyclic Event. Time Overrun is 15188 us[EOL]
[2026-09-22T08:45:34.286156Z][TRM_E.barcodereader][W][2330306][133]CRTCyclicEvent.cpp:TimeMissed():101|Cycle miss in event CCSICombinedCmdManager Cyclic Event. Time Overrun is 12808 us[EOL]
[2026-09-22T08:45:34.286187Z][TRM_E.barcodereader][W][2330306][133]CRTCyclicEvent.cpp:TimeMissed():101|Cycle miss in event CCSICombinedRepManager. Time Overrun is 12808 us[EOL]
[2026-09-22T08:45:34.286057Z][TRM_E.newgen-tiprackmagazine][W][2330306][141]CRTCyclicEvent.cpp:TimeMissed():101|Cycle miss in event CCSICombinedRepManager. Time Overrun is 15188 us[EOL]
[2026-09-22T08:45:42.402694Z][TRM_E.newgen-tiprackmagazine][W][2330306][141]CRTCyclicEvent.cpp:TimeMissed():101|Cycle miss in event CCSICombinedCmdManager Cyclic Event. Time Overrun is 11851 us[EOL]
[2026-09-22T08:45:42.402717Z][TRM_E.newgen-tiprackmagazine][W][2330306][141]CRTCyclicEvent.cpp:TimeMissed():101|Cycle miss in event CCSICombinedRepManager. Time Overrun is 11851 us[EOL]
[2026-09-22T08:45:42.402908Z][TRM_E.barcodereader][W][2330306][133]CRTCyclicEvent.cpp:TimeMissed():101|Cycle miss in event CCSICombinedCmdManager Cyclic Event. Time Overrun is 9560 us[EOL]
[2026-09-22T08:45:42.402929Z][TRM_E.barcodereader][W][2330306][133]CRTCyclicEvent.cpp:TimeMissed():101|Cycle miss in event CCSICombinedRepManager. Time Overrun is 9560 us[EOL]
[2026-09-22T08:45:58.678137Z][TRM_E.newgen-tiprackmagazine][I][2560016][141]IMessageHandler.h:operator()():40|Received RabbitMqMessage Roche.MolLab.InstrumentState.Ping. Content: {"Timestamp":"2026-09-22T08:45:58.6752037Z","PingId":"IS32"}[EOL]
[2026-09-22T08:45:58.678168Z][TRM_E.newgen-tiprackmagazine][I][844444436][141]UnitCommunicator.cpp:SendEvent():424|Publishing event: type=Roche.c68_8800.TipRackMagazine.E.Echo correlation_id=(n/a)[EOL]
[2026-09-22T08:45:58.678184Z][TRM_E.newgen-tiprackmagazine][I][2560017][141]MessageSender.h:SendEvent():105|Sent RabbitMqEvent Roche.c68_8800.TipRackMagazine.E.Echo. Content: {"Timestamp":"2026-09-22T08:45:58.678163Z","MagazineId":"E","PingId":"IS32"}[EOL]
[2026-09-22T08:46:05.381086Z][TRM_E.newgen-tiprackmagazine][W][2330306][141]CRTCyclicEvent.cpp:TimeMissed():101|Cycle miss in event CCSICombinedCmdManager Cyclic Event. Time Overrun is 237 us[EOL]
[2026-09-22T08:46:05.381133Z][TRM_E.newgen-tiprackmagazine][W][2330306][141]CRTCyclicEvent.cpp:TimeMissed():101|Cycle miss in event CCSICombinedRepManager. Time Overrun is 237 us[EOL]
[2026-09-22T08:46:10.796770Z][TRM_E.barcodereader][W][2330306][133]CRTCyclicEvent.cpp:TimeMissed():101|Cycle miss in event CCSICombinedCmdManager Cyclic Event. Time Overrun is 3421 us[EOL]
[2026-09-22T08:46:10.796800Z][TRM_E.barcodereader][W][2330306][133]CRTCyclicEvent.cpp:TimeMissed():101|Cycle miss in event CCSICombinedRepManager. Time Overrun is 3421 us[EOL]
[2026-09-22T08:46:11.191258Z][TRM_E.newgen-tiprackmagazine][W][2330306][141]CRTCyclicEvent.cpp:TimeMissed():101|Cycle miss in event CCSICombinedCmdManager Cyclic Event. Time Overrun is 20395 us[EOL]
[2026-09-22T08:46:11.191567Z][TRM_E.barcodereader][W][2330306][133]CRTCyclicEvent.cpp:TimeMissed():101|Cycle miss in event CCSICombinedCmdManager Cyclic Event. Time Overrun is 18223 us[EOL]
[2026-09-22T08:46:11.191314Z][TRM_E.newgen-tiprackmagazine][W][2330306][141]CRTCyclicEvent.cpp:TimeMissed():101|Cycle miss in event CCSICombinedRepManager. Time Overrun is 20395 us[EOL]
[2026-09-22T08:46:11.191591Z][TRM_E.barcodereader][W][2330306][133]CRTCyclicEvent.cpp:TimeMissed():101|Cycle miss in event CCSICombinedRepManager. Time Overrun is 18223 us[EOL]
[2026-09-22T08:46:20.989794Z][TRM_E.barcodereader][W][2330306][133]CRTCyclicEvent.cpp:TimeMissed():101|Cycle miss in event CCSICombinedCmdManager Cyclic Event. Time Overrun is 6448 us[EOL]
[2026-09-22T08:46:20.989822Z][TRM_E.barcodereader][W][2330306][133]CRTCyclicEvent.cpp:TimeMissed():101|Cycle miss in event CCSICombinedRepManager. Time Overrun is 6448 us[EOL]
[2026-09-22T08:46:20.989561Z][TRM_E.newgen-tiprackmagazine][W][2330306][141]CRTCyclicEvent.cpp:TimeMissed():101|Cycle miss in event CCSICombinedCmdManager Cyclic Event. Time Overrun is 8718 us[EOL]
[2026-09-22T08:46:20.989586Z][TRM_E.newgen-tiprackmagazine][W][2330306][141]CRTCyclicEvent.cpp:TimeMissed():101|Cycle miss in event CCSICombinedRepManager. Time Overrun is 8718 us[EOL]
[2026-09-22T08:46:23.925476Z][TRM_E.newgen-tiprackmagazine][W][2330306][141]CRTCyclicEvent.cpp:TimeMissed():101|Cycle miss in event CCSICombinedCmdManager Cyclic Event. Time Overrun is 14630 us[EOL]
[2026-09-22T08:46:23.925517Z][TRM_E.newgen-tiprackmagazine][W][2330306][141]CRTCyclicEvent.cpp:TimeMissed():101|Cycle miss in event CCSICombinedRepManager. Time Overrun is 14630 us[EOL]
[2026-09-22T08:46:28.685407Z][TRM_E.newgen-tiprackmagazine][I][2560016][141]IMessageHandler.h:operator()():40|Received RabbitMqMessage Roche.MolLab.InstrumentState.Ping. Content: {"Timestamp":"2026-09-22T08:46:28.6745784Z","PingId":"IS33"}[EOL]
[2026-09-22T08:46:28.685438Z][TRM_E.newgen-tiprackmagazine][I][844444436][141]UnitCommunicator.cpp:SendEvent():424|Publishing event: type=Roche.c68_8800.TipRackMagazine.E.Echo correlation_id=(n/a)[EOL]
[2026-09-22T08:46:28.685455Z][TRM_E.newgen-tiprackmagazine][I][2560017][141]MessageSender.h:SendEvent():105|Sent RabbitMqEvent Roche.c68_8800.TipRackMagazine.E.Echo. Content: {"Timestamp":"2026-09-22T08:46:28.685433Z","MagazineId":"E","PingId":"IS33"}[EOL]
[2026-09-22T08:46:42.838218Z][TRM_E.barcodereader][W][2330306][133]CRTCyclicEvent.cpp:TimeMissed():101|Cycle miss in event CCSICombinedCmdManager Cyclic Event. Time Overrun is 4866 us[EOL]
[2026-09-22T08:46:42.838281Z][TRM_E.barcodereader][W][2330306][133]CRTCyclicEvent.cpp:TimeMissed():101|Cycle miss in event CCSICombinedRepManager. Time Overrun is 4866 us[EOL]
[2026-09-22T08:46:58.688460Z][TRM_E.newgen-tiprackmagazine][I][2560016][141]IMessageHandler.h:operator()():40|Received RabbitMqMessage Roche.MolLab.InstrumentState.Ping. Content: {"Timestamp":"2026-09-22T08:46:58.6737672Z","PingId":"IS34"}[EOL]
[2026-09-22T08:46:58.688493Z][TRM_E.newgen-tiprackmagazine][I][844444436][141]UnitCommunicator.cpp:SendEvent():424|Publishing event: type=Roche.c68_8800.TipRackMagazine.E.Echo correlation_id=(n/a)[EOL]
[2026-09-22T08:46:58.688516Z][TRM_E.newgen-tiprackmagazine][I][2560017][141]MessageSender.h:SendEvent():105|Sent RabbitMqEvent Roche.c68_8800.TipRackMagazine.E.Echo. Content: {"Timestamp":"2026-09-22T08:46:58.688488Z","MagazineId":"E","PingId":"IS34"}[EOL]
[2026-09-22T08:47:06.911344Z][TRM_E.newgen-tiprackmagazine][W][2330306][141]CRTCyclicEvent.cpp:TimeMissed():101|Cycle miss in event CCSICombinedCmdManager Cyclic Event. Time Overrun is 498 us[EOL]
[2026-09-22T08:47:06.911443Z][TRM_E.newgen-tiprackmagazine][W][2330306][141]CRTCyclicEvent.cpp:TimeMissed():101|Cycle miss in event CCSICombinedRepManager. Time Overrun is 498 us[EOL]
[2026-09-22T08:47:18.735129Z][TRM_E.barcodereader][W][2330306][133]CRTCyclicEvent.cpp:TimeMissed():101|Cycle miss in event CCSICombinedCmdManager Cyclic Event. Time Overrun is 1782 us[EOL]
[2026-09-22T08:47:18.735162Z][TRM_E.barcodereader][W][2330306][133]CRTCyclicEvent.cpp:TimeMissed():101|Cycle miss in event CCSICombinedRepManager. Time Overrun is 1782 us[EOL]
[2026-09-22T08:47:20.448508Z][TRM_E.newgen-tiprackmagazine][W][2330306][141]CRTCyclicEvent.cpp:TimeMissed():101|Cycle miss in event CCSICombinedCmdManager Cyclic Event. Time Overrun is 7665 us[EOL]
[2026-09-22T08:47:20.448531Z][TRM_E.newgen-tiprackmagazine][W][2330306][141]CRTCyclicEvent.cpp:TimeMissed():101|Cycle miss in event CCSICombinedRepManager. Time Overrun is 7665 us[EOL]
[2026-09-22T08:47:20.449178Z][TRM_E.barcodereader][W][2330306][133]CRTCyclicEvent.cpp:TimeMissed():101|Cycle miss in event CCSICombinedCmdManager Cyclic Event. Time Overrun is 5828 us[EOL]
[2026-09-22T08:47:20.449218Z][TRM_E.barcodereader][W][2330306][133]CRTCyclicEvent.cpp:TimeMissed():101|Cycle miss in event CCSICombinedRepManager. Time Overrun is 5828 us[EOL]
[2026-09-22T08:47:22.845933Z][TRM_E.barcodereader][W][2330306][133]CRTCyclicEvent.cpp:TimeMissed():101|Cycle miss in event CCSICombinedCmdManager Cyclic Event. Time Overrun is 2571 us[EOL]
[2026-09-22T08:47:22.845972Z][TRM_E.barcodereader][W][2330306][133]CRTCyclicEvent.cpp:TimeMissed():101|Cycle miss in event CCSICombinedRepManager. Time Overrun is 2571 us[EOL]
[2026-09-22T08:47:24.982942Z][TRM_E.newgen-tiprackmagazine][W][2330306][141]CRTCyclicEvent.cpp:TimeMissed():101|Cycle miss in event CCSICombinedCmdManager Cyclic Event. Time Overrun is 2100 us[EOL]
[2026-09-22T08:47:24.982963Z][TRM_E.newgen-tiprackmagazine][W][2330306][141]CRTCyclicEvent.cpp:TimeMissed():101|Cycle miss in event CCSICombinedRepManager. Time Overrun is 2100 us[EOL]
[2026-09-22T08:47:25.579431Z][TRM_E.barcodereader][W][2330306][133]CRTCyclicEvent.cpp:TimeMissed():101|Cycle miss in event CCSICombinedCmdManager Cyclic Event. Time Overrun is 6086 us[EOL]
[2026-09-22T08:47:25.579461Z][TRM_E.barcodereader][W][2330306][133]CRTCyclicEvent.cpp:TimeMissed():101|Cycle miss in event CCSICombinedRepManager. Time Overrun is 6086 us[EOL]
[2026-09-22T08:47:25.576128Z][TRM_E.newgen-tiprackmagazine][W][2330306][141]CRTCyclicEvent.cpp:TimeMissed():101|Cycle miss in event CCSICombinedCmdManager Cyclic Event. Time Overrun is 5285 us[EOL]
[2026-09-22T08:47:25.576150Z][TRM_E.newgen-tiprackmagazine][W][2330306][141]CRTCyclicEvent.cpp:TimeMissed():101|Cycle miss in event CCSICombinedRepManager. Time Overrun is 5285 us[EOL]
[2026-09-22T08:47:28.682592Z][TRM_E.newgen-tiprackmagazine][I][2560016][141]IMessageHandler.h:operator()():40|Received RabbitMqMessage Roche.MolLab.InstrumentState.Ping. Content: {"Timestamp":"2026-09-22T08:47:28.6753086Z","PingId":"IS35"}[EOL]
[2026-09-22T08:47:28.682652Z][TRM_E.newgen-tiprackmagazine][I][844444436][141]UnitCommunicator.cpp:SendEvent():424|Publishing event: type=Roche.c68_8800.TipRackMagazine.E.Echo correlation_id=(n/a)[EOL]
[2026-09-22T08:47:28.682717Z][TRM_E.newgen-tiprackmagazine][I][2560017][141]MessageSender.h:SendEvent():105|Sent RabbitMqEvent Roche.c68_8800.TipRackMagazine.E.Echo. Content: {"Timestamp":"2026-09-22T08:47:28.682640Z","MagazineId":"E","PingId":"IS35"}[EOL]
[2026-09-22T08:47:34.366205Z][TRM_E.barcodereader][W][2330306][133]CRTCyclicEvent.cpp:TimeMissed():101|Cycle miss in event CCSICombinedCmdManager Cyclic Event. Time Overrun is 2860 us[EOL]
[2026-09-22T08:47:34.366274Z][TRM_E.barcodereader][W][2330306][133]CRTCyclicEvent.cpp:TimeMissed():101|Cycle miss in event CCSICombinedRepManager. Time Overrun is 2860 us[EOL]
[2026-09-22T08:47:41.588167Z][TRM_E.newgen-tiprackmagazine][W][2330306][141]CRTCyclicEvent.cpp:TimeMissed():101|Cycle miss in event CCSICombinedCmdManager Cyclic Event. Time Overrun is 7321 us[EOL]
[2026-09-22T08:47:41.588246Z][TRM_E.barcodereader][W][2330306][133]CRTCyclicEvent.cpp:TimeMissed():101|Cycle miss in event CCSICombinedCmdManager Cyclic Event. Time Overrun is 4901 us[EOL]
[2026-09-22T08:47:41.588193Z][TRM_E.newgen-tiprackmagazine][W][2330306][141]CRTCyclicEvent.cpp:TimeMissed():101|Cycle miss in event CCSICombinedRepManager. Time Overrun is 7321 us[EOL]
[2026-09-22T08:47:41.588270Z][TRM_E.barcodereader][W][2330306][133]CRTCyclicEvent.cpp:TimeMissed():101|Cycle miss in event CCSICombinedRepManager. Time Overrun is 4901 us[EOL]
[2026-09-22T08:47:50.112338Z][TRM_E.newgen-tiprackmagazine][W][2330306][141]CRTCyclicEvent.cpp:TimeMissed():101|Cycle miss in event CCSICombinedCmdManager Cyclic Event. Time Overrun is 1481 us[EOL]
[2026-09-22T08:47:50.112413Z][TRM_E.newgen-tiprackmagazine][W][2330306][141]CRTCyclicEvent.cpp:TimeMissed():101|Cycle miss in event CCSICombinedRepManager. Time Overrun is 1481 us[EOL]
[2026-09-22T08:47:57.822957Z][TRM_E.newgen-tiprackmagazine][W][2330306][141]CRTCyclicEvent.cpp:TimeMissed():101|Cycle miss in event CCSICombinedCmdManager Cyclic Event. Time Overrun is 2101 us[EOL]
[2026-09-22T08:47:57.823009Z][TRM_E.newgen-tiprackmagazine][W][2330306][141]CRTCyclicEvent.cpp:TimeMissed():101|Cycle miss in event CCSICombinedRepManager. Time Overrun is 2101 us[EOL]
[2026-09-22T08:47:58.695363Z][TRM_E.newgen-tiprackmagazine][I][2560016][141]IMessageHandler.h:operator()():40|Received RabbitMqMessage Roche.MolLab.InstrumentState.Ping. Content: {"Timestamp":"2026-09-22T08:47:58.6744135Z","PingId":"IS36"}[EOL]
[2026-09-22T08:47:58.695415Z][TRM_E.newgen-tiprackmagazine][I][844444436][141]UnitCommunicator.cpp:SendEvent():424|Publishing event: type=Roche.c68_8800.TipRackMagazine.E.Echo correlation_id=(n/a)[EOL]
[2026-09-22T08:47:58.695484Z][TRM_E.newgen-tiprackmagazine][I][2560017][141]MessageSender.h:SendEvent():105|Sent RabbitMqEvent Roche.c68_8800.TipRackMagazine.E.Echo. Content: {"Timestamp":"2026-09-22T08:47:58.695407Z","MagazineId":"E","PingId":"IS36"}[EOL]
[2026-09-22T08:47:58.893492Z][TRM_E.barcodereader][W][2330306][133]CRTCyclicEvent.cpp:TimeMissed():101|Cycle miss in event CCSICombinedCmdManager Cyclic Event. Time Overrun is 148 us[EOL]
[2026-09-22T08:47:58.893515Z][TRM_E.barcodereader][W][2330306][133]CRTCyclicEvent.cpp:TimeMissed():101|Cycle miss in event CCSICombinedRepManager. Time Overrun is 148 us[EOL]
[2026-09-22T08:47:59.015316Z][TRM_E.barcodereader][W][2330306][133]CRTCyclicEvent.cpp:TimeMissed():101|Cycle miss in event CCSICombinedCmdManager Cyclic Event. Time Overrun is 1970 us[EOL]
[2026-09-22T08:47:59.015341Z][TRM_E.barcodereader][W][2330306][133]CRTCyclicEvent.cpp:TimeMissed():101|Cycle miss in event CCSICombinedRepManager. Time Overrun is 1970 us[EOL]
[2026-09-22T08:48:00.847332Z][TRM_E.barcodereader][W][2330306][133]CRTCyclicEvent.cpp:TimeMissed():101|Cycle miss in event CCSICombinedCmdManager Cyclic Event. Time Overrun is 3939 us[EOL]
[2026-09-22T08:48:00.847354Z][TRM_E.barcodereader][W][2330306][133]CRTCyclicEvent.cpp:TimeMissed():101|Cycle miss in event CCSICombinedRepManager. Time Overrun is 3939 us[EOL]
[2026-09-22T08:48:00.847071Z][TRM_E.newgen-tiprackmagazine][W][2330306][141]CRTCyclicEvent.cpp:TimeMissed():101|Cycle miss in event CCSICombinedCmdManager Cyclic Event. Time Overrun is 6226 us[EOL]
[2026-09-22T08:48:00.847099Z][TRM_E.newgen-tiprackmagazine][W][2330306][141]CRTCyclicEvent.cpp:TimeMissed():101|Cycle miss in event CCSICombinedRepManager. Time Overrun is 6226 us[EOL]
[2026-09-22T08:48:09.201405Z][TRM_E.newgen-tiprackmagazine][W][2330306][141]CRTCyclicEvent.cpp:TimeMissed():101|Cycle miss in event CCSICombinedCmdManager Cyclic Event. Time Overrun is 10534 us[EOL]
[2026-09-22T08:48:09.201457Z][TRM_E.newgen-tiprackmagazine][W][2330306][141]CRTCyclicEvent.cpp:TimeMissed():101|Cycle miss in event CCSICombinedRepManager. Time Overrun is 10534 us[EOL]
[2026-09-22T08:48:09.199099Z][TRM_E.barcodereader][W][2330306][133]CRTCyclicEvent.cpp:TimeMissed():101|Cycle miss in event CCSICombinedCmdManager Cyclic Event. Time Overrun is 5752 us[EOL]
[2026-09-22T08:48:09.199132Z][TRM_E.barcodereader][W][2330306][133]CRTCyclicEvent.cpp:TimeMissed():101|Cycle miss in event CCSICombinedRepManager. Time Overrun is 5752 us[EOL]
[2026-09-22T08:48:10.024680Z][TRM_E.newgen-tiprackmagazine][W][2330306][141]CRTCyclicEvent.cpp:TimeMissed():101|Cycle miss in event CCSICombinedCmdManager Cyclic Event. Time Overrun is 13836 us[EOL]
[2026-09-22T08:48:10.024739Z][TRM_E.barcodereader][W][2330306][133]CRTCyclicEvent.cpp:TimeMissed():101|Cycle miss in event CCSICombinedCmdManager Cyclic Event. Time Overrun is 11392 us[EOL]
[2026-09-22T08:48:10.024706Z][TRM_E.newgen-tiprackmagazine][W][2330306][141]CRTCyclicEvent.cpp:TimeMissed():101|Cycle miss in event CCSICombinedRepManager. Time Overrun is 13836 us[EOL]
[2026-09-22T08:48:10.024775Z][TRM_E.barcodereader][W][2330306][133]CRTCyclicEvent.cpp:TimeMissed():101|Cycle miss in event CCSICombinedRepManager. Time Overrun is 11392 us[EOL]
[2026-09-22T08:48:23.654666Z][TRM_E.barcodereader][W][2330306][133]CRTCyclicEvent.cpp:TimeMissed():101|Cycle miss in event CCSICombinedCmdManager Cyclic Event. Time Overrun is 1321 us[EOL]
[2026-09-22T08:48:23.654685Z][TRM_E.barcodereader][W][2330306][133]CRTCyclicEvent.cpp:TimeMissed():101|Cycle miss in event CCSICombinedRepManager. Time Overrun is 1321 us[EOL]
[2026-09-22T08:48:26.274122Z][TRM_E.barcodereader][W][2330306][133]CRTCyclicEvent.cpp:TimeMissed():101|Cycle miss in event CCSICombinedCmdManager Cyclic Event. Time Overrun is 778 us[EOL]
[2026-09-22T08:48:26.273696Z][TRM_E.newgen-tiprackmagazine][W][2330306][141]CRTCyclicEvent.cpp:TimeMissed():101|Cycle miss in event CCSICombinedCmdManager Cyclic Event. Time Overrun is 2832 us[EOL]
[2026-09-22T08:48:26.274142Z][TRM_E.barcodereader][W][2330306][133]CRTCyclicEvent.cpp:TimeMissed():101|Cycle miss in event CCSICombinedRepManager. Time Overrun is 778 us[EOL]
[2026-09-22T08:48:26.273754Z][TRM_E.newgen-tiprackmagazine][W][2330306][141]CRTCyclicEvent.cpp:TimeMissed():101|Cycle miss in event CCSICombinedRepManager. Time Overrun is 2832 us[EOL]
[2026-09-22T08:48:27.831872Z][TRM_E.newgen-tiprackmagazine][W][2330306][141]CRTCyclicEvent.cpp:TimeMissed():101|Cycle miss in event CCSICombinedCmdManager Cyclic Event. Time Overrun is 1009 us[EOL]
[2026-09-22T08:48:27.832173Z][TRM_E.newgen-tiprackmagazine][W][2330306][141]CRTCyclicEvent.cpp:TimeMissed():101|Cycle miss in event CCSICombinedRepManager. Time Overrun is 1009 us[EOL]
[2026-09-22T08:48:28.679218Z][TRM_E.newgen-tiprackmagazine][I][2560016][141]IMessageHandler.h:operator()():40|Received RabbitMqMessage Roche.MolLab.InstrumentState.Ping. Content: {"Timestamp":"2026-09-22T08:48:28.6748624Z","PingId":"IS37"}[EOL]
[2026-09-22T08:48:28.679248Z][TRM_E.newgen-tiprackmagazine][I][844444436][141]UnitCommunicator.cpp:SendEvent():424|Publishing event: type=Roche.c68_8800.TipRackMagazine.E.Echo correlation_id=(n/a)[EOL]
[2026-09-22T08:48:28.679264Z][TRM_E.newgen-tiprackmagazine][I][2560017][141]MessageSender.h:SendEvent():105|Sent RabbitMqEvent Roche.c68_8800.TipRackMagazine.E.Echo. Content: {"Timestamp":"2026-09-22T08:48:28.679243Z","MagazineId":"E","PingId":"IS37"}[EOL]
[2026-09-22T08:48:29.664644Z][TRM_E.newgen-tiprackmagazine][W][2330306][141]CRTCyclicEvent.cpp:TimeMissed():101|Cycle miss in event CCSICombinedCmdManager Cyclic Event. Time Overrun is 3797 us[EOL]
[2026-09-22T08:48:29.665053Z][TRM_E.barcodereader][W][2330306][133]CRTCyclicEvent.cpp:TimeMissed():101|Cycle miss in event CCSICombinedCmdManager Cyclic Event. Time Overrun is 1704 us[EOL]
[2026-09-22T08:48:29.664679Z][TRM_E.newgen-tiprackmagazine][W][2330306][141]CRTCyclicEvent.cpp:TimeMissed():101|Cycle miss in event CCSICombinedRepManager. Time Overrun is 3797 us[EOL]
[2026-09-22T08:48:29.665678Z][TRM_E.barcodereader][W][2330306][133]CRTCyclicEvent.cpp:TimeMissed():101|Cycle miss in event CCSICombinedRepManager. Time Overrun is 1704 us[EOL]
[2026-09-22T08:48:30.700996Z][TRM_E.newgen-tiprackmagazine][W][2330306][141]CRTCyclicEvent.cpp:TimeMissed():101|Cycle miss in event CCSICombinedCmdManager Cyclic Event. Time Overrun is 10149 us[EOL]
[2026-09-22T08:48:30.701066Z][TRM_E.barcodereader][W][2330306][133]CRTCyclicEvent.cpp:TimeMissed():101|Cycle miss in event CCSICombinedCmdManager Cyclic Event. Time Overrun is 7721 us[EOL]
[2026-09-22T08:48:30.701032Z][TRM_E.newgen-tiprackmagazine][W][2330306][141]CRTCyclicEvent.cpp:TimeMissed():101|Cycle miss in event CCSICombinedRepManager. Time Overrun is 10149 us[EOL]
[2026-09-22T08:48:30.701086Z][TRM_E.barcodereader][W][2330306][133]CRTCyclicEvent.cpp:TimeMissed():101|Cycle miss in event CCSICombinedRepManager. Time Overrun is 7721 us[EOL]
[2026-09-22T08:48:35.025538Z][TRM_E.barcodereader][W][2330306][133]CRTCyclicEvent.cpp:TimeMissed():101|Cycle miss in event CCSICombinedCmdManager Cyclic Event. Time Overrun is 2194 us[EOL]
[2026-09-22T08:48:35.025559Z][TRM_E.barcodereader][W][2330306][133]CRTCyclicEvent.cpp:TimeMissed():101|Cycle miss in event CCSICombinedRepManager. Time Overrun is 2194 us[EOL]
[2026-09-22T08:48:35.029043Z][TRM_E.newgen-tiprackmagazine][W][2330306][141]CRTCyclicEvent.cpp:TimeMissed():101|Cycle miss in event CCSICombinedCmdManager Cyclic Event. Time Overrun is 8199 us[EOL]
[2026-09-22T08:48:35.029070Z][TRM_E.newgen-tiprackmagazine][W][2330306][141]CRTCyclicEvent.cpp:TimeMissed():101|Cycle miss in event CCSICombinedRepManager. Time Overrun is 8199 us[EOL]
[2026-09-22T08:48:35.175929Z][TRM_E.newgen-tiprackmagazine][W][2330306][141]CRTCyclicEvent.cpp:TimeMissed():101|Cycle miss in event CCSICombinedCmdManager Cyclic Event. Time Overrun is 5083 us[EOL]
[2026-09-22T08:48:35.175971Z][TRM_E.barcodereader][W][2330306][133]CRTCyclicEvent.cpp:TimeMissed():101|Cycle miss in event CCSICombinedCmdManager Cyclic Event. Time Overrun is 2627 us[EOL]
[2026-09-22T08:48:35.175993Z][TRM_E.barcodereader][W][2330306][133]CRTCyclicEvent.cpp:TimeMissed():101|Cycle miss in event CCSICombinedRepManager. Time Overrun is 2627 us[EOL]
[2026-09-22T08:48:35.175956Z][TRM_E.newgen-tiprackmagazine][W][2330306][141]CRTCyclicEvent.cpp:TimeMissed():101|Cycle miss in event CCSICombinedRepManager. Time Overrun is 5083 us[EOL]
[2026-09-22T08:48:37.837177Z][TRM_E.newgen-tiprackmagazine][W][2330306][141]CRTCyclicEvent.cpp:TimeMissed():101|Cycle miss in event CCSICombinedCmdManager Cyclic Event. Time Overrun is 6333 us[EOL]
[2026-09-22T08:48:37.837207Z][TRM_E.newgen-tiprackmagazine][W][2330306][141]CRTCyclicEvent.cpp:TimeMissed():101|Cycle miss in event CCSICombinedRepManager. Time Overrun is 6333 us[EOL]
[2026-09-22T08:48:37.840673Z][TRM_E.barcodereader][W][2330306][133]CRTCyclicEvent.cpp:TimeMissed():101|Cycle miss in event CCSICombinedCmdManager Cyclic Event. Time Overrun is 7328 us[EOL]
[2026-09-22T08:48:37.840709Z][TRM_E.barcodereader][W][2330306][133]CRTCyclicEvent.cpp:TimeMissed():101|Cycle miss in event CCSICombinedRepManager. Time Overrun is 7328 us[EOL]
[2026-09-22T08:48:40.541451Z][TRM_E.newgen-tiprackmagazine][W][2330306][141]CRTCyclicEvent.cpp:TimeMissed():101|Cycle miss in event CCSICombinedCmdManager Cyclic Event. Time Overrun is 604 us[EOL]
[2026-09-22T08:48:40.541496Z][TRM_E.newgen-tiprackmagazine][W][2330306][141]CRTCyclicEvent.cpp:TimeMissed():101|Cycle miss in event CCSICombinedRepManager. Time Overrun is 604 us[EOL]
[2026-09-22T08:48:42.640249Z][TRM_E.newgen-tiprackmagazine][W][2330306][141]CRTCyclicEvent.cpp:TimeMissed():101|Cycle miss in event CCSICombinedCmdManager Cyclic Event. Time Overrun is 9403 us[EOL]
[2026-09-22T08:48:42.640367Z][TRM_E.barcodereader][W][2330306][133]CRTCyclicEvent.cpp:TimeMissed():101|Cycle miss in event CCSICombinedCmdManager Cyclic Event. Time Overrun is 7022 us[EOL]
[2026-09-22T08:48:42.640393Z][TRM_E.barcodereader][W][2330306][133]CRTCyclicEvent.cpp:TimeMissed():101|Cycle miss in event CCSICombinedRepManager. Time Overrun is 7022 us[EOL]
[2026-09-22T08:48:42.640288Z][TRM_E.newgen-tiprackmagazine][W][2330306][141]CRTCyclicEvent.cpp:TimeMissed():101|Cycle miss in event CCSICombinedRepManager. Time Overrun is 9403 us[EOL]
[2026-09-22T08:48:45.565449Z][TRM_E.newgen-tiprackmagazine][W][2330306][141]CRTCyclicEvent.cpp:TimeMissed():101|Cycle miss in event CCSICombinedCmdManager Cyclic Event. Time Overrun is 4607 us[EOL]
[2026-09-22T08:48:45.565473Z][TRM_E.newgen-tiprackmagazine][W][2330306][141]CRTCyclicEvent.cpp:TimeMissed():101|Cycle miss in event CCSICombinedRepManager. Time Overrun is 4607 us[EOL]
[2026-09-22T08:48:49.603866Z][TRM_E.barcodereader][W][2330306][133]CRTCyclicEvent.cpp:TimeMissed():101|Cycle miss in event CCSICombinedCmdManager Cyclic Event. Time Overrun is 10520 us[EOL]
[2026-09-22T08:48:49.604322Z][TRM_E.newgen-tiprackmagazine][W][2330306][141]CRTCyclicEvent.cpp:TimeMissed():101|Cycle miss in event CCSICombinedCmdManager Cyclic Event. Time Overrun is 3478 us[EOL]
[2026-09-22T08:48:49.603893Z][TRM_E.barcodereader][W][2330306][133]CRTCyclicEvent.cpp:TimeMissed():101|Cycle miss in event CCSICombinedRepManager. Time Overrun is 10520 us[EOL]
[2026-09-22T08:48:49.604355Z][TRM_E.newgen-tiprackmagazine][W][2330306][141]CRTCyclicEvent.cpp:TimeMissed():101|Cycle miss in event CCSICombinedRepManager. Time Overrun is 3478 us[EOL]
[2026-09-22T08:48:53.751094Z][TRM_E.newgen-tiprackmagazine][W][2330306][141]CRTCyclicEvent.cpp:TimeMissed():101|Cycle miss in event CCSICombinedCmdManager Cyclic Event. Time Overrun is 249 us[EOL]
[2026-09-22T08:48:53.751130Z][TRM_E.newgen-tiprackmagazine][W][2330306][141]CRTCyclicEvent.cpp:TimeMissed():101|Cycle miss in event CCSICombinedRepManager. Time Overrun is 249 us[EOL]
[2026-09-22T08:48:53.753522Z][TRM_E.barcodereader][W][2330306][133]CRTCyclicEvent.cpp:TimeMissed():101|Cycle miss in event CCSICombinedCmdManager Cyclic Event. Time Overrun is 178 us[EOL]
[2026-09-22T08:48:53.753542Z][TRM_E.barcodereader][W][2330306][133]CRTCyclicEvent.cpp:TimeMissed():101|Cycle miss in event CCSICombinedRepManager. Time Overrun is 178 us[EOL]
[2026-09-22T08:48:58.683291Z][TRM_E.newgen-tiprackmagazine][I][2560016][141]IMessageHandler.h:operator()():40|Received RabbitMqMessage Roche.MolLab.InstrumentState.Ping. Content: {"Timestamp":"2026-09-22T08:48:58.6735259Z","PingId":"IS38"}[EOL]
[2026-09-22T08:48:58.683393Z][TRM_E.newgen-tiprackmagazine][I][844444436][141]UnitCommunicator.cpp:SendEvent():424|Publishing event: type=Roche.c68_8800.TipRackMagazine.E.Echo correlation_id=(n/a)[EOL]
[2026-09-22T08:48:58.683410Z][TRM_E.newgen-tiprackmagazine][I][2560017][141]MessageSender.h:SendEvent():105|Sent RabbitMqEvent Roche.c68_8800.TipRackMagazine.E.Echo. Content: {"Timestamp":"2026-09-22T08:48:58.683383Z","MagazineId":"E","PingId":"IS38"}[EOL]
[2026-09-22T08:48:59.807869Z][TRM_E.newgen-tiprackmagazine][W][2330306][141]CRTCyclicEvent.cpp:TimeMissed():101|Cycle miss in event CCSICombinedCmdManager Cyclic Event. Time Overrun is 37018 us[EOL]
[2026-09-22T08:48:59.807927Z][TRM_E.newgen-tiprackmagazine][W][2330306][141]CRTCyclicEvent.cpp:TimeMissed():101|Cycle miss in event CCSICombinedRepManager. Time Overrun is 37018 us[EOL]
[2026-09-22T08:48:59.810510Z][TRM_E.barcodereader][W][2330306][133]CRTCyclicEvent.cpp:TimeMissed():101|Cycle miss in event CCSICombinedCmdManager Cyclic Event. Time Overrun is 37160 us[EOL]
[2026-09-22T08:48:59.810543Z][TRM_E.barcodereader][W][2330306][133]CRTCyclicEvent.cpp:TimeMissed():101|Cycle miss in event CCSICombinedRepManager. Time Overrun is 37160 us[EOL]
[2026-09-22T08:49:03.421120Z][TRM_E.newgen-tiprackmagazine][W][2330306][141]CRTCyclicEvent.cpp:TimeMissed():101|Cycle miss in event CCSICombinedCmdManager Cyclic Event. Time Overrun is 274 us[EOL]
[2026-09-22T08:49:03.421149Z][TRM_E.newgen-tiprackmagazine][W][2330306][141]CRTCyclicEvent.cpp:TimeMissed():101|Cycle miss in event CCSICombinedRepManager. Time Overrun is 274 us[EOL]
[2026-09-22T08:49:15.081832Z][TRM_E.barcodereader][W][2330306][133]CRTCyclicEvent.cpp:TimeMissed():101|Cycle miss in event CCSICombinedCmdManager Cyclic Event. Time Overrun is 8485 us[EOL]
[2026-09-22T08:49:15.081861Z][TRM_E.barcodereader][W][2330306][133]CRTCyclicEvent.cpp:TimeMissed():101|Cycle miss in event CCSICombinedRepManager. Time Overrun is 8485 us[EOL]
[2026-09-22T08:49:15.082184Z][TRM_E.newgen-tiprackmagazine][W][2330306][141]CRTCyclicEvent.cpp:TimeMissed():101|Cycle miss in event CCSICombinedCmdManager Cyclic Event. Time Overrun is 1340 us[EOL]
[2026-09-22T08:49:15.082213Z][TRM_E.newgen-tiprackmagazine][W][2330306][141]CRTCyclicEvent.cpp:TimeMissed():101|Cycle miss in event CCSICombinedRepManager. Time Overrun is 1340 us[EOL]
[2026-09-22T08:49:24.298856Z][TRM_E.barcodereader][W][2330306][133]CRTCyclicEvent.cpp:TimeMissed():101|Cycle miss in event CCSICombinedCmdManager Cyclic Event. Time Overrun is 15510 us[EOL]
[2026-09-22T08:49:24.302930Z][TRM_E.newgen-tiprackmagazine][W][2330306][141]CRTCyclicEvent.cpp:TimeMissed():101|Cycle miss in event CCSICombinedCmdManager Cyclic Event. Time Overrun is 12087 us[EOL]
[2026-09-22T08:49:24.303002Z][TRM_E.newgen-tiprackmagazine][W][2330306][141]CRTCyclicEvent.cpp:TimeMissed():101|Cycle miss in event CCSICombinedRepManager. Time Overrun is 12087 us[EOL]
[2026-09-22T08:49:24.298892Z][TRM_E.barcodereader][W][2330306][133]CRTCyclicEvent.cpp:TimeMissed():101|Cycle miss in event CCSICombinedRepManager. Time Overrun is 15510 us[EOL]
[2026-09-22T08:49:24.420517Z][TRM_E.barcodereader][W][2330306][133]CRTCyclicEvent.cpp:TimeMissed():101|Cycle miss in event CCSICombinedCmdManager Cyclic Event. Time Overrun is 7168 us[EOL]
[2026-09-22T08:49:24.420553Z][TRM_E.barcodereader][W][2330306][133]CRTCyclicEvent.cpp:TimeMissed():101|Cycle miss in event CCSICombinedRepManager. Time Overrun is 7168 us[EOL]
[2026-09-22T08:49:25.553506Z][TRM_E.barcodereader][W][2330306][133]CRTCyclicEvent.cpp:TimeMissed():101|Cycle miss in event CCSICombinedCmdManager Cyclic Event. Time Overrun is 141 us[EOL]
[2026-09-22T08:49:25.553585Z][TRM_E.barcodereader][W][2330306][133]CRTCyclicEvent.cpp:TimeMissed():101|Cycle miss in event CCSICombinedRepManager. Time Overrun is 141 us[EOL]
[2026-09-22T08:49:26.600806Z][TRM_E.barcodereader][W][2330306][133]CRTCyclicEvent.cpp:TimeMissed():101|Cycle miss in event CCSICombinedCmdManager Cyclic Event. Time Overrun is 7461 us[EOL]
[2026-09-22T08:49:26.598964Z][TRM_E.newgen-tiprackmagazine][W][2330306][141]CRTCyclicEvent.cpp:TimeMissed():101|Cycle miss in event CCSICombinedCmdManager Cyclic Event. Time Overrun is 8121 us[EOL]
[2026-09-22T08:49:26.599036Z][TRM_E.newgen-tiprackmagazine][W][2330306][141]CRTCyclicEvent.cpp:TimeMissed():101|Cycle miss in event CCSICombinedRepManager. Time Overrun is 8121 us[EOL]
[2026-09-22T08:49:26.600846Z][TRM_E.barcodereader][W][2330306][133]CRTCyclicEvent.cpp:TimeMissed():101|Cycle miss in event CCSICombinedRepManager. Time Overrun is 7461 us[EOL]
[2026-09-22T08:49:27.183211Z][TRM_E.barcodereader][W][2330306][133]CRTCyclicEvent.cpp:TimeMissed():101|Cycle miss in event CCSICombinedCmdManager Cyclic Event. Time Overrun is 19864 us[EOL]
[2026-09-22T08:49:27.183242Z][TRM_E.barcodereader][W][2330306][133]CRTCyclicEvent.cpp:TimeMissed():101|Cycle miss in event CCSICombinedRepManager. Time Overrun is 19864 us[EOL]
[2026-09-22T08:49:27.183723Z][TRM_E.newgen-tiprackmagazine][W][2330306][141]CRTCyclicEvent.cpp:TimeMissed():101|Cycle miss in event CCSICombinedCmdManager Cyclic Event. Time Overrun is 12880 us[EOL]
[2026-09-22T08:49:27.183745Z][TRM_E.newgen-tiprackmagazine][W][2330306][141]CRTCyclicEvent.cpp:TimeMissed():101|Cycle miss in event CCSICombinedRepManager. Time Overrun is 12880 us[EOL]
[2026-09-22T08:49:28.367963Z][TRM_E.barcodereader][W][2330306][133]CRTCyclicEvent.cpp:TimeMissed():101|Cycle miss in event CCSICombinedCmdManager Cyclic Event. Time Overrun is 14616 us[EOL]
[2026-09-22T08:49:28.367717Z][TRM_E.newgen-tiprackmagazine][W][2330306][141]CRTCyclicEvent.cpp:TimeMissed():101|Cycle miss in event CCSICombinedCmdManager Cyclic Event. Time Overrun is 16872 us[EOL]
[2026-09-22T08:49:28.367989Z][TRM_E.barcodereader][W][2330306][133]CRTCyclicEvent.cpp:TimeMissed():101|Cycle miss in event CCSICombinedRepManager. Time Overrun is 14616 us[EOL]
[2026-09-22T08:49:28.367747Z][TRM_E.newgen-tiprackmagazine][W][2330306][141]CRTCyclicEvent.cpp:TimeMissed():101|Cycle miss in event CCSICombinedRepManager. Time Overrun is 16872 us[EOL]
[2026-09-22T08:49:28.681191Z][TRM_E.newgen-tiprackmagazine][I][2560016][141]IMessageHandler.h:operator()():40|Received RabbitMqMessage Roche.MolLab.InstrumentState.Ping. Content: {"Timestamp":"2026-09-22T08:49:28.6746951Z","PingId":"IS39"}[EOL]
[2026-09-22T08:49:28.681229Z][TRM_E.newgen-tiprackmagazine][I][844444436][141]UnitCommunicator.cpp:SendEvent():424|Publishing event: type=Roche.c68_8800.TipRackMagazine.E.Echo correlation_id=(n/a)[EOL]
[2026-09-22T08:49:28.682432Z][TRM_E.newgen-tiprackmagazine][I][2560017][141]MessageSender.h:SendEvent():105|Sent RabbitMqEvent Roche.c68_8800.TipRackMagazine.E.Echo. Content: {"Timestamp":"2026-09-22T08:49:28.681223Z","MagazineId":"E","PingId":"IS39"}[EOL]
[2026-09-22T08:49:31.596401Z][TRM_E.barcodereader][W][2330306][133]CRTCyclicEvent.cpp:TimeMissed():101|Cycle miss in event CCSICombinedCmdManager Cyclic Event. Time Overrun is 3055 us[EOL]
[2026-09-22T08:49:31.596425Z][TRM_E.barcodereader][W][2330306][133]CRTCyclicEvent.cpp:TimeMissed():101|Cycle miss in event CCSICombinedRepManager. Time Overrun is 3055 us[EOL]
[2026-09-22T08:49:32.035738Z][TRM_E.newgen-tiprackmagazine][W][2330306][141]CRTCyclicEvent.cpp:TimeMissed():101|Cycle miss in event CCSICombinedCmdManager Cyclic Event. Time Overrun is 24893 us[EOL]
[2026-09-22T08:49:32.035778Z][TRM_E.newgen-tiprackmagazine][W][2330306][141]CRTCyclicEvent.cpp:TimeMissed():101|Cycle miss in event CCSICombinedRepManager. Time Overrun is 24893 us[EOL]
[2026-09-22T08:49:32.035822Z][TRM_E.barcodereader][W][2330306][133]CRTCyclicEvent.cpp:TimeMissed():101|Cycle miss in event CCSICombinedCmdManager Cyclic Event. Time Overrun is 22475 us[EOL]
[2026-09-22T08:49:32.035865Z][TRM_E.barcodereader][W][2330306][133]CRTCyclicEvent.cpp:TimeMissed():101|Cycle miss in event CCSICombinedRepManager. Time Overrun is 22475 us[EOL]
[2026-09-22T08:49:37.947561Z][TRM_E.newgen-tiprackmagazine][W][2330306][141]CRTCyclicEvent.cpp:TimeMissed():101|Cycle miss in event CCSICombinedCmdManager Cyclic Event. Time Overrun is 16717 us[EOL]
[2026-09-22T08:49:37.948551Z][TRM_E.barcodereader][W][2330306][133]CRTCyclicEvent.cpp:TimeMissed():101|Cycle miss in event CCSICombinedCmdManager Cyclic Event. Time Overrun is 25205 us[EOL]
[2026-09-22T08:49:37.947622Z][TRM_E.newgen-tiprackmagazine][W][2330306][141]CRTCyclicEvent.cpp:TimeMissed():101|Cycle miss in event CCSICombinedRepManager. Time Overrun is 16717 us[EOL]
[2026-09-22T08:49:37.948579Z][TRM_E.barcodereader][W][2330306][133]CRTCyclicEvent.cpp:TimeMissed():101|Cycle miss in event CCSICombinedRepManager. Time Overrun is 25205 us[EOL]
[2026-09-22T08:49:43.605473Z][TRM_E.newgen-tiprackmagazine][W][2330306][141]CRTCyclicEvent.cpp:TimeMissed():101|Cycle miss in event CCSICombinedCmdManager Cyclic Event. Time Overrun is 14628 us[EOL]
[2026-09-22T08:49:43.604515Z][TRM_E.barcodereader][W][2330306][133]CRTCyclicEvent.cpp:TimeMissed():101|Cycle miss in event CCSICombinedCmdManager Cyclic Event. Time Overrun is 21168 us[EOL]
[2026-09-22T08:49:43.604544Z][TRM_E.barcodereader][W][2330306][133]CRTCyclicEvent.cpp:TimeMissed():101|Cycle miss in event CCSICombinedRepManager. Time Overrun is 21168 us[EOL]
[2026-09-22T08:49:43.605506Z][TRM_E.newgen-tiprackmagazine][W][2330306][141]CRTCyclicEvent.cpp:TimeMissed():101|Cycle miss in event CCSICombinedRepManager. Time Overrun is 14628 us[EOL]
[2026-09-22T08:49:46.760808Z][TRM_E.newgen-tiprackmagazine][W][2330306][141]CRTCyclicEvent.cpp:TimeMissed():101|Cycle miss in event CCSICombinedCmdManager Cyclic Event. Time Overrun is 9959 us[EOL]
[2026-09-22T08:49:46.760860Z][TRM_E.newgen-tiprackmagazine][W][2330306][141]CRTCyclicEvent.cpp:TimeMissed():101|Cycle miss in event CCSICombinedRepManager. Time Overrun is 9959 us[EOL]
[2026-09-22T08:49:46.759816Z][TRM_E.barcodereader][W][2330306][133]CRTCyclicEvent.cpp:TimeMissed():101|Cycle miss in event CCSICombinedCmdManager Cyclic Event. Time Overrun is 16466 us[EOL]
[2026-09-22T08:49:46.759861Z][TRM_E.barcodereader][W][2330306][133]CRTCyclicEvent.cpp:TimeMissed():101|Cycle miss in event CCSICombinedRepManager. Time Overrun is 16466 us[EOL]
[2026-09-22T08:49:50.569146Z][TRM_E.newgen-tiprackmagazine][W][2330306][141]CRTCyclicEvent.cpp:TimeMissed():101|Cycle miss in event CCSICombinedCmdManager Cyclic Event. Time Overrun is 18303 us[EOL]
[2026-09-22T08:49:50.569171Z][TRM_E.newgen-tiprackmagazine][W][2330306][141]CRTCyclicEvent.cpp:TimeMissed():101|Cycle miss in event CCSICombinedRepManager. Time Overrun is 18303 us[EOL]
[2026-09-22T08:49:50.569283Z][TRM_E.barcodereader][W][2330306][133]CRTCyclicEvent.cpp:TimeMissed():101|Cycle miss in event CCSICombinedCmdManager Cyclic Event. Time Overrun is 15933 us[EOL]
[2026-09-22T08:49:50.569322Z][TRM_E.barcodereader][W][2330306][133]CRTCyclicEvent.cpp:TimeMissed():101|Cycle miss in event CCSICombinedRepManager. Time Overrun is 15933 us[EOL]
[2026-09-22T08:49:50.999747Z][TRM_E.barcodereader][W][2330306][133]CRTCyclicEvent.cpp:TimeMissed():101|Cycle miss in event CCSICombinedCmdManager Cyclic Event. Time Overrun is 6368 us[EOL]
[2026-09-22T08:49:50.999386Z][TRM_E.newgen-tiprackmagazine][W][2330306][141]CRTCyclicEvent.cpp:TimeMissed():101|Cycle miss in event CCSICombinedCmdManager Cyclic Event. Time Overrun is 8537 us[EOL]
[2026-09-22T08:49:50.999787Z][TRM_E.barcodereader][W][2330306][133]CRTCyclicEvent.cpp:TimeMissed():101|Cycle miss in event CCSICombinedRepManager. Time Overrun is 6368 us[EOL]
[2026-09-22T08:49:50.999430Z][TRM_E.newgen-tiprackmagazine][W][2330306][141]CRTCyclicEvent.cpp:TimeMissed():101|Cycle miss in event CCSICombinedRepManager. Time Overrun is 8537 us[EOL]
[2026-09-22T08:49:53.512272Z][TRM_E.newgen-tiprackmagazine][W][2330306][141]CRTCyclicEvent.cpp:TimeMissed():101|Cycle miss in event CCSICombinedCmdManager Cyclic Event. Time Overrun is 1425 us[EOL]
[2026-09-22T08:49:53.512305Z][TRM_E.newgen-tiprackmagazine][W][2330306][141]CRTCyclicEvent.cpp:TimeMissed():101|Cycle miss in event CCSICombinedRepManager. Time Overrun is 1425 us[EOL]
[2026-09-22T08:49:54.540514Z][TRM_E.barcodereader][W][2330306][133]CRTCyclicEvent.cpp:TimeMissed():101|Cycle miss in event CCSICombinedCmdManager Cyclic Event. Time Overrun is 17161 us[EOL]
[2026-09-22T08:49:54.540697Z][TRM_E.newgen-tiprackmagazine][W][2330306][141]CRTCyclicEvent.cpp:TimeMissed():101|Cycle miss in event CCSICombinedCmdManager Cyclic Event. Time Overrun is 9852 us[EOL]
[2026-09-22T08:49:54.540737Z][TRM_E.newgen-tiprackmagazine][W][2330306][141]CRTCyclicEvent.cpp:TimeMissed():101|Cycle miss in event CCSICombinedRepManager. Time Overrun is 9852 us[EOL]
[2026-09-22T08:49:54.540582Z][TRM_E.barcodereader][W][2330306][133]CRTCyclicEvent.cpp:TimeMissed():101|Cycle miss in event CCSICombinedRepManager. Time Overrun is 17161 us[EOL]
[2026-09-22T08:49:55.562840Z][TRM_E.barcodereader][W][2330306][133]CRTCyclicEvent.cpp:TimeMissed():101|Cycle miss in event CCSICombinedCmdManager Cyclic Event. Time Overrun is 19494 us[EOL]
[2026-09-22T08:49:55.562870Z][TRM_E.barcodereader][W][2330306][133]CRTCyclicEvent.cpp:TimeMissed():101|Cycle miss in event CCSICombinedRepManager. Time Overrun is 19494 us[EOL]
[2026-09-22T08:49:55.562175Z][TRM_E.newgen-tiprackmagazine][W][2330306][141]CRTCyclicEvent.cpp:TimeMissed():101|Cycle miss in event CCSICombinedCmdManager Cyclic Event. Time Overrun is 21332 us[EOL]
[2026-09-22T08:49:55.562200Z][TRM_E.newgen-tiprackmagazine][W][2330306][141]CRTCyclicEvent.cpp:TimeMissed():101|Cycle miss in event CCSICombinedRepManager. Time Overrun is 21332 us[EOL]
[2026-09-22T08:49:58.688319Z][TRM_E.newgen-tiprackmagazine][I][2560016][141]IMessageHandler.h:operator()():40|Received RabbitMqMessage Roche.MolLab.InstrumentState.Ping. Content: {"Timestamp":"2026-09-22T08:49:58.6750959Z","PingId":"IS40"}[EOL]
[2026-09-22T08:49:58.688350Z][TRM_E.newgen-tiprackmagazine][I][844444436][141]UnitCommunicator.cpp:SendEvent():424|Publishing event: type=Roche.c68_8800.TipRackMagazine.E.Echo correlation_id=(n/a)[EOL]
[2026-09-22T08:49:58.688369Z][TRM_E.newgen-tiprackmagazine][I][2560017][141]MessageSender.h:SendEvent():105|Sent RabbitMqEvent Roche.c68_8800.TipRackMagazine.E.Echo. Content: {"Timestamp":"2026-09-22T08:49:58.688345Z","MagazineId":"E","PingId":"IS40"}[EOL]
[2026-09-22T08:50:00.961427Z][TRM_E.newgen-tiprackmagazine][W][2330306][141]CRTCyclicEvent.cpp:TimeMissed():101|Cycle miss in event CCSICombinedCmdManager Cyclic Event. Time Overrun is 580 us[EOL]
[2026-09-22T08:50:00.961465Z][TRM_E.newgen-tiprackmagazine][W][2330306][141]CRTCyclicEvent.cpp:TimeMissed():101|Cycle miss in event CCSICombinedRepManager. Time Overrun is 580 us[EOL]
[2026-09-22T08:50:01.787904Z][TRM_E.newgen-tiprackmagazine][W][2330306][141]CRTCyclicEvent.cpp:TimeMissed():101|Cycle miss in event CCSICombinedCmdManager Cyclic Event. Time Overrun is 17053 us[EOL]
[2026-09-22T08:50:01.787950Z][TRM_E.newgen-tiprackmagazine][W][2330306][141]CRTCyclicEvent.cpp:TimeMissed():101|Cycle miss in event CCSICombinedRepManager. Time Overrun is 17053 us[EOL]
[2026-09-22T08:50:10.300878Z][TRM_E.newgen-tiprackmagazine][W][2330306][141]CRTCyclicEvent.cpp:TimeMissed():101|Cycle miss in event CCSICombinedCmdManager Cyclic Event. Time Overrun is 28 us[EOL]
[2026-09-22T08:50:10.300915Z][TRM_E.newgen-tiprackmagazine][W][2330306][141]CRTCyclicEvent.cpp:TimeMissed():101|Cycle miss in event CCSICombinedRepManager. Time Overrun is 28 us[EOL]
[2026-09-22T08:50:28.681772Z][TRM_E.newgen-tiprackmagazine][I][2560016][141]IMessageHandler.h:operator()():40|Received RabbitMqMessage Roche.MolLab.InstrumentState.Ping. Content: {"Timestamp":"2026-09-22T08:50:28.6732287Z","PingId":"IS41"}[EOL]
[2026-09-22T08:50:28.681815Z][TRM_E.newgen-tiprackmagazine][I][844444436][141]UnitCommunicator.cpp:SendEvent():424|Publishing event: type=Roche.c68_8800.TipRackMagazine.E.Echo correlation_id=(n/a)[EOL]
[2026-09-22T08:50:28.681879Z][TRM_E.newgen-tiprackmagazine][I][2560017][141]MessageSender.h:SendEvent():105|Sent RabbitMqEvent Roche.c68_8800.TipRackMagazine.E.Echo. Content: {"Timestamp":"2026-09-22T08:50:28.681810Z","MagazineId":"E","PingId":"IS41"}[EOL]
[2026-09-22T08:50:35.826169Z][TRM_E.barcodereader][W][2330306][133]CRTCyclicEvent.cpp:TimeMissed():101|Cycle miss in event CCSICombinedCmdManager Cyclic Event. Time Overrun is 2818 us[EOL]
[2026-09-22T08:50:35.826203Z][TRM_E.barcodereader][W][2330306][133]CRTCyclicEvent.cpp:TimeMissed():101|Cycle miss in event CCSICombinedRepManager. Time Overrun is 2818 us[EOL]
[2026-09-22T08:50:42.851191Z][TRM_E.newgen-tiprackmagazine][W][2330306][141]CRTCyclicEvent.cpp:TimeMissed():101|Cycle miss in event CCSICombinedCmdManager Cyclic Event. Time Overrun is 343 us[EOL]
[2026-09-22T08:50:42.851226Z][TRM_E.newgen-tiprackmagazine][W][2330306][141]CRTCyclicEvent.cpp:TimeMissed():101|Cycle miss in event CCSICombinedRepManager. Time Overrun is 343 us[EOL]
[2026-09-22T08:50:58.690952Z][TRM_E.newgen-tiprackmagazine][I][2560016][141]IMessageHandler.h:operator()():40|Received RabbitMqMessage Roche.MolLab.InstrumentState.Ping. Content: {"Timestamp":"2026-09-22T08:50:58.6750215Z","PingId":"IS42"}[EOL]
[2026-09-22T08:50:58.691053Z][TRM_E.newgen-tiprackmagazine][I][844444436][141]UnitCommunicator.cpp:SendEvent():424|Publishing event: type=Roche.c68_8800.TipRackMagazine.E.Echo correlation_id=(n/a)[EOL]
[2026-09-22T08:50:58.691088Z][TRM_E.newgen-tiprackmagazine][I][2560017][141]MessageSender.h:SendEvent():105|Sent RabbitMqEvent Roche.c68_8800.TipRackMagazine.E.Echo. Content: {"Timestamp":"2026-09-22T08:50:58.691043Z","MagazineId":"E","PingId":"IS42"}[EOL]
[2026-09-22T08:50:58.931282Z][TRM_E.newgen-tiprackmagazine][W][2330306][141]CRTCyclicEvent.cpp:TimeMissed():101|Cycle miss in event CCSICombinedCmdManager Cyclic Event. Time Overrun is 427 us[EOL]
[2026-09-22T08:50:58.936751Z][TRM_E.barcodereader][W][2330306][133]CRTCyclicEvent.cpp:TimeMissed():101|Cycle miss in event CCSICombinedCmdManager Cyclic Event. Time Overrun is 3386 us[EOL]
[2026-09-22T08:50:58.931355Z][TRM_E.newgen-tiprackmagazine][W][2330306][141]CRTCyclicEvent.cpp:TimeMissed():101|Cycle miss in event CCSICombinedRepManager. Time Overrun is 427 us[EOL]
[2026-09-22T08:50:58.936802Z][TRM_E.barcodereader][W][2330306][133]CRTCyclicEvent.cpp:TimeMissed():101|Cycle miss in event CCSICombinedRepManager. Time Overrun is 3386 us[EOL]
[2026-09-22T08:50:59.272194Z][TRM_E.newgen-tiprackmagazine][W][2330306][141]CRTCyclicEvent.cpp:TimeMissed():101|Cycle miss in event CCSICombinedCmdManager Cyclic Event. Time Overrun is 1346 us[EOL]
[2026-09-22T08:50:59.272239Z][TRM_E.newgen-tiprackmagazine][W][2330306][141]CRTCyclicEvent.cpp:TimeMissed():101|Cycle miss in event CCSICombinedRepManager. Time Overrun is 1346 us[EOL]
[2026-09-22T08:51:01.173283Z][TRM_E.newgen-tiprackmagazine][W][2330306][141]CRTCyclicEvent.cpp:TimeMissed():101|Cycle miss in event CCSICombinedCmdManager Cyclic Event. Time Overrun is 2438 us[EOL]
[2026-09-22T08:51:01.173317Z][TRM_E.newgen-tiprackmagazine][W][2330306][141]CRTCyclicEvent.cpp:TimeMissed():101|Cycle miss in event CCSICombinedRepManager. Time Overrun is 2438 us[EOL]
[2026-09-22T08:51:01.781559Z][TRM_E.barcodereader][W][2330306][133]CRTCyclicEvent.cpp:TimeMissed():101|Cycle miss in event CCSICombinedCmdManager Cyclic Event. Time Overrun is 17959 us[EOL]
[2026-09-22T08:51:01.781599Z][TRM_E.barcodereader][W][2330306][133]CRTCyclicEvent.cpp:TimeMissed():101|Cycle miss in event CCSICombinedRepManager. Time Overrun is 17959 us[EOL]
[2026-09-22T08:51:01.777039Z][TRM_E.newgen-tiprackmagazine][W][2330306][141]CRTCyclicEvent.cpp:TimeMissed():101|Cycle miss in event CCSICombinedCmdManager Cyclic Event. Time Overrun is 6191 us[EOL]
[2026-09-22T08:51:01.777105Z][TRM_E.newgen-tiprackmagazine][W][2330306][141]CRTCyclicEvent.cpp:TimeMissed():101|Cycle miss in event CCSICombinedRepManager. Time Overrun is 6191 us[EOL]
[2026-09-22T08:51:02.886636Z][TRM_E.barcodereader][W][2330306][133]CRTCyclicEvent.cpp:TimeMissed():101|Cycle miss in event CCSICombinedCmdManager Cyclic Event. Time Overrun is 13282 us[EOL]
[2026-09-22T08:51:02.886668Z][TRM_E.barcodereader][W][2330306][133]CRTCyclicEvent.cpp:TimeMissed():101|Cycle miss in event CCSICombinedRepManager. Time Overrun is 13282 us[EOL]
[2026-09-22T08:51:02.898590Z][TRM_E.newgen-tiprackmagazine][W][2330306][141]CRTCyclicEvent.cpp:TimeMissed():101|Cycle miss in event CCSICombinedCmdManager Cyclic Event. Time Overrun is 27742 us[EOL]
[2026-09-22T08:51:02.898625Z][TRM_E.newgen-tiprackmagazine][W][2330306][141]CRTCyclicEvent.cpp:TimeMissed():101|Cycle miss in event CCSICombinedRepManager. Time Overrun is 27742 us[EOL]
[2026-09-22T08:51:03.440807Z][TRM_E.barcodereader][W][2330306][133]CRTCyclicEvent.cpp:TimeMissed():101|Cycle miss in event CCSICombinedCmdManager Cyclic Event. Time Overrun is 7455 us[EOL]
[2026-09-22T08:51:03.440870Z][TRM_E.barcodereader][W][2330306][133]CRTCyclicEvent.cpp:TimeMissed():101|Cycle miss in event CCSICombinedRepManager. Time Overrun is 7455 us[EOL]
[2026-09-22T08:51:05.143427Z][TRM_E.newgen-tiprackmagazine][W][2330306][141]CRTCyclicEvent.cpp:TimeMissed():101|Cycle miss in event CCSICombinedCmdManager Cyclic Event. Time Overrun is 2578 us[EOL]
[2026-09-22T08:51:05.149614Z][TRM_E.barcodereader][W][2330306][133]CRTCyclicEvent.cpp:TimeMissed():101|Cycle miss in event CCSICombinedCmdManager Cyclic Event. Time Overrun is 6264 us[EOL]
[2026-09-22T08:51:05.143473Z][TRM_E.newgen-tiprackmagazine][W][2330306][141]CRTCyclicEvent.cpp:TimeMissed():101|Cycle miss in event CCSICombinedRepManager. Time Overrun is 2578 us[EOL]
[2026-09-22T08:51:05.149728Z][TRM_E.barcodereader][W][2330306][133]CRTCyclicEvent.cpp:TimeMissed():101|Cycle miss in event CCSICombinedRepManager. Time Overrun is 6264 us[EOL]
[2026-09-22T08:51:05.364349Z][TRM_E.newgen-tiprackmagazine][W][2330306][141]CRTCyclicEvent.cpp:TimeMissed():101|Cycle miss in event CCSICombinedCmdManager Cyclic Event. Time Overrun is 3501 us[EOL]
[2026-09-22T08:51:05.364381Z][TRM_E.newgen-tiprackmagazine][W][2330306][141]CRTCyclicEvent.cpp:TimeMissed():101|Cycle miss in event CCSICombinedRepManager. Time Overrun is 3501 us[EOL]
[2026-09-22T08:51:07.852005Z][TRM_E.newgen-tiprackmagazine][W][2330306][141]CRTCyclicEvent.cpp:TimeMissed():101|Cycle miss in event CCSICombinedCmdManager Cyclic Event. Time Overrun is 1161 us[EOL]
[2026-09-22T08:51:07.856367Z][TRM_E.barcodereader][W][2330306][133]CRTCyclicEvent.cpp:TimeMissed():101|Cycle miss in event CCSICombinedCmdManager Cyclic Event. Time Overrun is 3010 us[EOL]
[2026-09-22T08:51:07.856398Z][TRM_E.barcodereader][W][2330306][133]CRTCyclicEvent.cpp:TimeMissed():101|Cycle miss in event CCSICombinedRepManager. Time Overrun is 3010 us[EOL]
[2026-09-22T08:51:07.852036Z][TRM_E.newgen-tiprackmagazine][W][2330306][141]CRTCyclicEvent.cpp:TimeMissed():101|Cycle miss in event CCSICombinedRepManager. Time Overrun is 1161 us[EOL]
[2026-09-22T08:51:10.394454Z][TRM_E.barcodereader][W][2330306][133]CRTCyclicEvent.cpp:TimeMissed():101|Cycle miss in event CCSICombinedCmdManager Cyclic Event. Time Overrun is 31106 us[EOL]
[2026-09-22T08:51:10.394492Z][TRM_E.barcodereader][W][2330306][133]CRTCyclicEvent.cpp:TimeMissed():101|Cycle miss in event CCSICombinedRepManager. Time Overrun is 31106 us[EOL]
[2026-09-22T08:51:10.386838Z][TRM_E.newgen-tiprackmagazine][W][2330306][141]CRTCyclicEvent.cpp:TimeMissed():101|Cycle miss in event CCSICombinedCmdManager Cyclic Event. Time Overrun is 25991 us[EOL]
[2026-09-22T08:51:10.386873Z][TRM_E.newgen-tiprackmagazine][W][2330306][141]CRTCyclicEvent.cpp:TimeMissed():101|Cycle miss in event CCSICombinedRepManager. Time Overrun is 25991 us[EOL]
[2026-09-22T08:51:11.077587Z][TRM_E.barcodereader][W][2330306][133]CRTCyclicEvent.cpp:TimeMissed():101|Cycle miss in event CCSICombinedCmdManager Cyclic Event. Time Overrun is 14240 us[EOL]
[2026-09-22T08:51:11.077633Z][TRM_E.barcodereader][W][2330306][133]CRTCyclicEvent.cpp:TimeMissed():101|Cycle miss in event CCSICombinedRepManager. Time Overrun is 14240 us[EOL]
[2026-09-22T08:51:13.101106Z][TRM_E.barcodereader][W][2330306][133]CRTCyclicEvent.cpp:TimeMissed():101|Cycle miss in event CCSICombinedCmdManager Cyclic Event. Time Overrun is 7757 us[EOL]
[2026-09-22T08:51:13.101141Z][TRM_E.barcodereader][W][2330306][133]CRTCyclicEvent.cpp:TimeMissed():101|Cycle miss in event CCSICombinedRepManager. Time Overrun is 7757 us[EOL]
[2026-09-22T08:51:13.100839Z][TRM_E.newgen-tiprackmagazine][W][2330306][141]CRTCyclicEvent.cpp:TimeMissed():101|Cycle miss in event CCSICombinedCmdManager Cyclic Event. Time Overrun is 9988 us[EOL]
[2026-09-22T08:51:13.100879Z][TRM_E.newgen-tiprackmagazine][W][2330306][141]CRTCyclicEvent.cpp:TimeMissed():101|Cycle miss in event CCSICombinedRepManager. Time Overrun is 9988 us[EOL]
[2026-09-22T08:51:13.234227Z][TRM_E.barcodereader][W][2330306][133]CRTCyclicEvent.cpp:TimeMissed():101|Cycle miss in event CCSICombinedCmdManager Cyclic Event. Time Overrun is 20877 us[EOL]
[2026-09-22T08:51:13.234320Z][TRM_E.barcodereader][W][2330306][133]CRTCyclicEvent.cpp:TimeMissed():101|Cycle miss in event CCSICombinedRepManager. Time Overrun is 20877 us[EOL]
[2026-09-22T08:51:23.589283Z][TRM_E.barcodereader][W][2330306][133]CRTCyclicEvent.cpp:TimeMissed():101|Cycle miss in event CCSICombinedCmdManager Cyclic Event. Time Overrun is 5936 us[EOL]
[2026-09-22T08:51:23.589314Z][TRM_E.barcodereader][W][2330306][133]CRTCyclicEvent.cpp:TimeMissed():101|Cycle miss in event CCSICombinedRepManager. Time Overrun is 5936 us[EOL]
[2026-09-22T08:51:24.365443Z][TRM_E.newgen-tiprackmagazine][W][2330306][141]CRTCyclicEvent.cpp:TimeMissed():101|Cycle miss in event CCSICombinedCmdManager Cyclic Event. Time Overrun is 4597 us[EOL]
[2026-09-22T08:51:24.365475Z][TRM_E.newgen-tiprackmagazine][W][2330306][141]CRTCyclicEvent.cpp:TimeMissed():101|Cycle miss in event CCSICombinedRepManager. Time Overrun is 4597 us[EOL]
[2026-09-22T08:51:24.365499Z][TRM_E.barcodereader][W][2330306][133]CRTCyclicEvent.cpp:TimeMissed():101|Cycle miss in event CCSICombinedCmdManager Cyclic Event. Time Overrun is 2153 us[EOL]
[2026-09-22T08:51:24.365526Z][TRM_E.barcodereader][W][2330306][133]CRTCyclicEvent.cpp:TimeMissed():101|Cycle miss in event CCSICombinedRepManager. Time Overrun is 2153 us[EOL]
[2026-09-22T08:51:28.690278Z][TRM_E.newgen-tiprackmagazine][I][2560016][141]IMessageHandler.h:operator()():40|Received RabbitMqMessage Roche.MolLab.InstrumentState.Ping. Content: {"Timestamp":"2026-09-22T08:51:28.673576Z","PingId":"IS43"}[EOL]
[2026-09-22T08:51:28.690318Z][TRM_E.newgen-tiprackmagazine][I][844444436][141]UnitCommunicator.cpp:SendEvent():424|Publishing event: type=Roche.c68_8800.TipRackMagazine.E.Echo correlation_id=(n/a)[EOL]
[2026-09-22T08:51:28.690342Z][TRM_E.newgen-tiprackmagazine][I][2560017][141]MessageSender.h:SendEvent():105|Sent RabbitMqEvent Roche.c68_8800.TipRackMagazine.E.Echo. Content: {"Timestamp":"2026-09-22T08:51:28.690312Z","MagazineId":"E","PingId":"IS43"}[EOL]
[2026-09-22T08:51:29.434235Z][TRM_E.newgen-tiprackmagazine][W][2330306][141]CRTCyclicEvent.cpp:TimeMissed():101|Cycle miss in event CCSICombinedCmdManager Cyclic Event. Time Overrun is 3384 us[EOL]
[2026-09-22T08:51:29.434265Z][TRM_E.newgen-tiprackmagazine][W][2330306][141]CRTCyclicEvent.cpp:TimeMissed():101|Cycle miss in event CCSICombinedRepManager. Time Overrun is 3384 us[EOL]
[2026-09-22T08:51:29.459950Z][TRM_E.barcodereader][W][2330306][133]CRTCyclicEvent.cpp:TimeMissed():101|Cycle miss in event CCSICombinedCmdManager Cyclic Event. Time Overrun is 6602 us[EOL]
[2026-09-22T08:51:29.459987Z][TRM_E.barcodereader][W][2330306][133]CRTCyclicEvent.cpp:TimeMissed():101|Cycle miss in event CCSICombinedRepManager. Time Overrun is 6602 us[EOL]
[2026-09-22T08:51:30.465907Z][TRM_E.newgen-tiprackmagazine][W][2330306][141]CRTCyclicEvent.cpp:TimeMissed():101|Cycle miss in event CCSICombinedCmdManager Cyclic Event. Time Overrun is 5061 us[EOL]
[2026-09-22T08:51:30.465993Z][TRM_E.newgen-tiprackmagazine][W][2330306][141]CRTCyclicEvent.cpp:TimeMissed():101|Cycle miss in event CCSICombinedRepManager. Time Overrun is 5061 us[EOL]
[2026-09-22T08:51:32.021946Z][TRM_E.newgen-tiprackmagazine][W][2330306][141]CRTCyclicEvent.cpp:TimeMissed():101|Cycle miss in event CCSICombinedCmdManager Cyclic Event. Time Overrun is 692 us[EOL]
[2026-09-22T08:51:32.022099Z][TRM_E.newgen-tiprackmagazine][W][2330306][141]CRTCyclicEvent.cpp:TimeMissed():101|Cycle miss in event CCSICombinedRepManager. Time Overrun is 692 us[EOL]
[2026-09-22T08:51:35.485195Z][TRM_E.barcodereader][W][2330306][133]CRTCyclicEvent.cpp:TimeMissed():101|Cycle miss in event CCSICombinedCmdManager Cyclic Event. Time Overrun is 1847 us[EOL]
[2026-09-22T08:51:35.485267Z][TRM_E.barcodereader][W][2330306][133]CRTCyclicEvent.cpp:TimeMissed():101|Cycle miss in event CCSICombinedRepManager. Time Overrun is 1847 us[EOL]
[2026-09-22T08:51:58.696118Z][TRM_E.newgen-tiprackmagazine][I][2560016][141]IMessageHandler.h:operator()():40|Received RabbitMqMessage Roche.MolLab.InstrumentState.Ping. Content: {"Timestamp":"2026-09-22T08:51:58.6754465Z","PingId":"IS44"}[EOL]
[2026-09-22T08:51:58.696193Z][TRM_E.newgen-tiprackmagazine][I][844444436][141]UnitCommunicator.cpp:SendEvent():424|Publishing event: type=Roche.c68_8800.TipRackMagazine.E.Echo correlation_id=(n/a)[EOL]
[2026-09-22T08:51:58.696299Z][TRM_E.newgen-tiprackmagazine][I][2560017][141]MessageSender.h:SendEvent():105|Sent RabbitMqEvent Roche.c68_8800.TipRackMagazine.E.Echo. Content: {"Timestamp":"2026-09-22T08:51:58.696184Z","MagazineId":"E","PingId":"IS44"}[EOL]
[2026-09-22T08:51:58.747573Z][TRM_E.barcodereader][W][2330306][133]CRTCyclicEvent.cpp:TimeMissed():101|Cycle miss in event CCSICombinedCmdManager Cyclic Event. Time Overrun is 14223 us[EOL]
[2026-09-22T08:51:58.747628Z][TRM_E.barcodereader][W][2330306][133]CRTCyclicEvent.cpp:TimeMissed():101|Cycle miss in event CCSICombinedRepManager. Time Overrun is 14223 us[EOL]
[2026-09-22T08:52:02.854232Z][TRM_E.newgen-tiprackmagazine][W][2330306][141]CRTCyclicEvent.cpp:TimeMissed():101|Cycle miss in event CCSICombinedCmdManager Cyclic Event. Time Overrun is 3386 us[EOL]
[2026-09-22T08:52:02.854274Z][TRM_E.newgen-tiprackmagazine][W][2330306][141]CRTCyclicEvent.cpp:TimeMissed():101|Cycle miss in event CCSICombinedRepManager. Time Overrun is 3386 us[EOL]
[2026-09-22T08:52:07.427855Z][TRM_E.barcodereader][W][2330306][133]CRTCyclicEvent.cpp:TimeMissed():101|Cycle miss in event CCSICombinedCmdManager Cyclic Event. Time Overrun is 14508 us[EOL]
[2026-09-22T08:52:07.427886Z][TRM_E.barcodereader][W][2330306][133]CRTCyclicEvent.cpp:TimeMissed():101|Cycle miss in event CCSICombinedRepManager. Time Overrun is 14508 us[EOL]
[2026-09-22T08:52:07.428750Z][TRM_E.newgen-tiprackmagazine][W][2330306][141]CRTCyclicEvent.cpp:TimeMissed():101|Cycle miss in event CCSICombinedCmdManager Cyclic Event. Time Overrun is 7903 us[EOL]
[2026-09-22T08:52:07.428794Z][TRM_E.newgen-tiprackmagazine][W][2330306][141]CRTCyclicEvent.cpp:TimeMissed():101|Cycle miss in event CCSICombinedRepManager. Time Overrun is 7903 us[EOL]
[2026-09-22T08:52:07.545362Z][TRM_E.barcodereader][W][2330306][133]CRTCyclicEvent.cpp:TimeMissed():101|Cycle miss in event CCSICombinedCmdManager Cyclic Event. Time Overrun is 2013 us[EOL]
[2026-09-22T08:52:07.544589Z][TRM_E.newgen-tiprackmagazine][W][2330306][141]CRTCyclicEvent.cpp:TimeMissed():101|Cycle miss in event CCSICombinedCmdManager Cyclic Event. Time Overrun is 3744 us[EOL]
[2026-09-22T08:52:07.544630Z][TRM_E.newgen-tiprackmagazine][W][2330306][141]CRTCyclicEvent.cpp:TimeMissed():101|Cycle miss in event CCSICombinedRepManager. Time Overrun is 3744 us[EOL]
[2026-09-22T08:52:07.545403Z][TRM_E.barcodereader][W][2330306][133]CRTCyclicEvent.cpp:TimeMissed():101|Cycle miss in event CCSICombinedRepManager. Time Overrun is 2013 us[EOL]
[2026-09-22T08:52:22.844236Z][TRM_E.newgen-tiprackmagazine][W][2330306][141]CRTCyclicEvent.cpp:TimeMissed():101|Cycle miss in event CCSICombinedCmdManager Cyclic Event. Time Overrun is 3388 us[EOL]
[2026-09-22T08:52:22.844348Z][TRM_E.barcodereader][W][2330306][133]CRTCyclicEvent.cpp:TimeMissed():101|Cycle miss in event CCSICombinedCmdManager Cyclic Event. Time Overrun is 994 us[EOL]
[2026-09-22T08:52:22.844368Z][TRM_E.newgen-tiprackmagazine][W][2330306][141]CRTCyclicEvent.cpp:TimeMissed():101|Cycle miss in event CCSICombinedRepManager. Time Overrun is 3388 us[EOL]
[2026-09-22T08:52:22.844386Z][TRM_E.barcodereader][W][2330306][133]CRTCyclicEvent.cpp:TimeMissed():101|Cycle miss in event CCSICombinedRepManager. Time Overrun is 994 us[EOL]
[2026-09-22T08:52:28.678134Z][TRM_E.newgen-tiprackmagazine][I][2560016][141]IMessageHandler.h:operator()():40|Received RabbitMqMessage Roche.MolLab.InstrumentState.Ping. Content: {"Timestamp":"2026-09-22T08:52:28.6746619Z","PingId":"IS45"}[EOL]
[2026-09-22T08:52:28.678167Z][TRM_E.newgen-tiprackmagazine][I][844444436][141]UnitCommunicator.cpp:SendEvent():424|Publishing event: type=Roche.c68_8800.TipRackMagazine.E.Echo correlation_id=(n/a)[EOL]
[2026-09-22T08:52:28.678185Z][TRM_E.newgen-tiprackmagazine][I][2560017][141]MessageSender.h:SendEvent():105|Sent RabbitMqEvent Roche.c68_8800.TipRackMagazine.E.Echo. Content: {"Timestamp":"2026-09-22T08:52:28.678162Z","MagazineId":"E","PingId":"IS45"}[EOL]
[2026-09-22T08:52:28.714423Z][TRM_E.barcodereader][W][2330306][133]CRTCyclicEvent.cpp:TimeMissed():101|Cycle miss in event CCSICombinedCmdManager Cyclic Event. Time Overrun is 1071 us[EOL]
[2026-09-22T08:52:28.714464Z][TRM_E.barcodereader][W][2330306][133]CRTCyclicEvent.cpp:TimeMissed():101|Cycle miss in event CCSICombinedRepManager. Time Overrun is 1071 us[EOL]
[2026-09-22T08:52:28.747696Z][TRM_E.newgen-tiprackmagazine][W][2330306][141]CRTCyclicEvent.cpp:TimeMissed():101|Cycle miss in event CCSICombinedCmdManager Cyclic Event. Time Overrun is 6842 us[EOL]
[2026-09-22T08:52:28.747766Z][TRM_E.newgen-tiprackmagazine][W][2330306][141]CRTCyclicEvent.cpp:TimeMissed():101|Cycle miss in event CCSICombinedRepManager. Time Overrun is 6842 us[EOL]
[2026-09-22T08:52:40.792670Z][TRM_E.newgen-tiprackmagazine][W][2330306][141]CRTCyclicEvent.cpp:TimeMissed():101|Cycle miss in event CCSICombinedCmdManager Cyclic Event. Time Overrun is 1819 us[EOL]
[2026-09-22T08:52:40.792713Z][TRM_E.newgen-tiprackmagazine][W][2330306][141]CRTCyclicEvent.cpp:TimeMissed():101|Cycle miss in event CCSICombinedRepManager. Time Overrun is 1819 us[EOL]
[2026-09-22T08:52:55.823446Z][TRM_E.barcodereader][W][2330306][133]CRTCyclicEvent.cpp:TimeMissed():101|Cycle miss in event CCSICombinedCmdManager Cyclic Event. Time Overrun is 100 us[EOL]
[2026-09-22T08:52:55.822892Z][TRM_E.newgen-tiprackmagazine][W][2330306][141]CRTCyclicEvent.cpp:TimeMissed():101|Cycle miss in event CCSICombinedCmdManager Cyclic Event. Time Overrun is 2041 us[EOL]
[2026-09-22T08:52:55.823469Z][TRM_E.barcodereader][W][2330306][133]CRTCyclicEvent.cpp:TimeMissed():101|Cycle miss in event CCSICombinedRepManager. Time Overrun is 100 us[EOL]
[2026-09-22T08:52:55.822934Z][TRM_E.newgen-tiprackmagazine][W][2330306][141]CRTCyclicEvent.cpp:TimeMissed():101|Cycle miss in event CCSICombinedRepManager. Time Overrun is 2041 us[EOL]
[2026-09-22T08:52:58.684728Z][TRM_E.newgen-tiprackmagazine][I][2560016][141]IMessageHandler.h:operator()():40|Received RabbitMqMessage Roche.MolLab.InstrumentState.Ping. Content: {"Timestamp":"2026-09-22T08:52:58.6739846Z","PingId":"IS46"}[EOL]
[2026-09-22T08:52:58.684826Z][TRM_E.newgen-tiprackmagazine][I][844444436][141]UnitCommunicator.cpp:SendEvent():424|Publishing event: type=Roche.c68_8800.TipRackMagazine.E.Echo correlation_id=(n/a)[EOL]
[2026-09-22T08:52:58.684860Z][TRM_E.newgen-tiprackmagazine][I][2560017][141]MessageSender.h:SendEvent():105|Sent RabbitMqEvent Roche.c68_8800.TipRackMagazine.E.Echo. Content: {"Timestamp":"2026-09-22T08:52:58.684804Z","MagazineId":"E","PingId":"IS46"}[EOL]
[2026-09-22T08:53:16.255806Z][TRM_E.newgen-tiprackmagazine][W][2330306][141]CRTCyclicEvent.cpp:TimeMissed():101|Cycle miss in event CCSICombinedCmdManager Cyclic Event. Time Overrun is 4961 us[EOL]
[2026-09-22T08:53:16.253822Z][TRM_E.barcodereader][W][2330306][133]CRTCyclicEvent.cpp:TimeMissed():101|Cycle miss in event CCSICombinedCmdManager Cyclic Event. Time Overrun is 477 us[EOL]
[2026-09-22T08:53:16.253843Z][TRM_E.barcodereader][W][2330306][133]CRTCyclicEvent.cpp:TimeMissed():101|Cycle miss in event CCSICombinedRepManager. Time Overrun is 477 us[EOL]
[2026-09-22T08:53:16.255838Z][TRM_E.newgen-tiprackmagazine][W][2330306][141]CRTCyclicEvent.cpp:TimeMissed():101|Cycle miss in event CCSICombinedRepManager. Time Overrun is 4961 us[EOL]
[2026-09-22T08:53:23.611297Z][TRM_E.newgen-tiprackmagazine][W][2330306][141]CRTCyclicEvent.cpp:TimeMissed():101|Cycle miss in event CCSICombinedCmdManager Cyclic Event. Time Overrun is 10454 us[EOL]
[2026-09-22T08:53:23.611322Z][TRM_E.newgen-tiprackmagazine][W][2330306][141]CRTCyclicEvent.cpp:TimeMissed():101|Cycle miss in event CCSICombinedRepManager. Time Overrun is 10454 us[EOL]
[2026-09-22T08:53:23.611309Z][TRM_E.barcodereader][W][2330306][133]CRTCyclicEvent.cpp:TimeMissed():101|Cycle miss in event CCSICombinedCmdManager Cyclic Event. Time Overrun is 7961 us[EOL]
[2026-09-22T08:53:23.611336Z][TRM_E.barcodereader][W][2330306][133]CRTCyclicEvent.cpp:TimeMissed():101|Cycle miss in event CCSICombinedRepManager. Time Overrun is 7961 us[EOL]
[2026-09-22T08:53:28.692792Z][TRM_E.newgen-tiprackmagazine][I][2560016][141]IMessageHandler.h:operator()():40|Received RabbitMqMessage Roche.MolLab.InstrumentState.Ping. Content: {"Timestamp":"2026-09-22T08:53:28.6752665Z","PingId":"IS47"}[EOL]
[2026-09-22T08:53:28.692873Z][TRM_E.newgen-tiprackmagazine][I][844444436][141]UnitCommunicator.cpp:SendEvent():424|Publishing event: type=Roche.c68_8800.TipRackMagazine.E.Echo correlation_id=(n/a)[EOL]
[2026-09-22T08:53:28.692891Z][TRM_E.newgen-tiprackmagazine][I][2560017][141]MessageSender.h:SendEvent():105|Sent RabbitMqEvent Roche.c68_8800.TipRackMagazine.E.Echo. Content: {"Timestamp":"2026-09-22T08:53:28.692864Z","MagazineId":"E","PingId":"IS47"}[EOL]
[2026-09-22T08:53:28.728278Z][TRM_E.barcodereader][W][2330306][133]CRTCyclicEvent.cpp:TimeMissed():101|Cycle miss in event CCSICombinedCmdManager Cyclic Event. Time Overrun is 4931 us[EOL]
[2026-09-22T08:53:28.727947Z][TRM_E.newgen-tiprackmagazine][W][2330306][141]CRTCyclicEvent.cpp:TimeMissed():101|Cycle miss in event CCSICombinedCmdManager Cyclic Event. Time Overrun is 7104 us[EOL]
[2026-09-22T08:53:28.727967Z][TRM_E.newgen-tiprackmagazine][W][2330306][141]CRTCyclicEvent.cpp:TimeMissed():101|Cycle miss in event CCSICombinedRepManager. Time Overrun is 7104 us[EOL]
[2026-09-22T08:53:28.728300Z][TRM_E.barcodereader][W][2330306][133]CRTCyclicEvent.cpp:TimeMissed():101|Cycle miss in event CCSICombinedRepManager. Time Overrun is 4931 us[EOL]
[2026-09-22T08:53:53.616085Z][TRM_E.newgen-tiprackmagazine][W][2330306][141]CRTCyclicEvent.cpp:TimeMissed():101|Cycle miss in event CCSICombinedCmdManager Cyclic Event. Time Overrun is 15240 us[EOL]
[2026-09-22T08:53:53.619750Z][TRM_E.barcodereader][W][2330306][133]CRTCyclicEvent.cpp:TimeMissed():101|Cycle miss in event CCSICombinedCmdManager Cyclic Event. Time Overrun is 16399 us[EOL]
[2026-09-22T08:53:53.619778Z][TRM_E.barcodereader][W][2330306][133]CRTCyclicEvent.cpp:TimeMissed():101|Cycle miss in event CCSICombinedRepManager. Time Overrun is 16399 us[EOL]
[2026-09-22T08:53:53.616124Z][TRM_E.newgen-tiprackmagazine][W][2330306][141]CRTCyclicEvent.cpp:TimeMissed():101|Cycle miss in event CCSICombinedRepManager. Time Overrun is 15240 us[EOL]
[2026-09-22T08:53:54.910484Z][TRM_E.newgen-tiprackmagazine][W][2330306][141]CRTCyclicEvent.cpp:TimeMissed():101|Cycle miss in event CCSICombinedCmdManager Cyclic Event. Time Overrun is 9641 us[EOL]
[2026-09-22T08:53:54.910512Z][TRM_E.newgen-tiprackmagazine][W][2330306][141]CRTCyclicEvent.cpp:TimeMissed():101|Cycle miss in event CCSICombinedRepManager. Time Overrun is 9641 us[EOL]
[2026-09-22T08:53:57.047524Z][TRM_E.barcodereader][W][2330306][133]CRTCyclicEvent.cpp:TimeMissed():101|Cycle miss in event CCSICombinedCmdManager Cyclic Event. Time Overrun is 14170 us[EOL]
[2026-09-22T08:53:57.047586Z][TRM_E.barcodereader][W][2330306][133]CRTCyclicEvent.cpp:TimeMissed():101|Cycle miss in event CCSICombinedRepManager. Time Overrun is 14170 us[EOL]
[2026-09-22T08:53:57.049851Z][TRM_E.newgen-tiprackmagazine][W][2330306][141]CRTCyclicEvent.cpp:TimeMissed():101|Cycle miss in event CCSICombinedCmdManager Cyclic Event. Time Overrun is 19004 us[EOL]
[2026-09-22T08:53:57.049886Z][TRM_E.newgen-tiprackmagazine][W][2330306][141]CRTCyclicEvent.cpp:TimeMissed():101|Cycle miss in event CCSICombinedRepManager. Time Overrun is 19004 us[EOL]
[2026-09-22T08:53:58.680939Z][TRM_E.newgen-tiprackmagazine][I][2560016][141]IMessageHandler.h:operator()():40|Received RabbitMqMessage Roche.MolLab.InstrumentState.Ping. Content: {"Timestamp":"2026-09-22T08:53:58.673581Z","PingId":"IS48"}[EOL]
[2026-09-22T08:53:58.680989Z][TRM_E.newgen-tiprackmagazine][I][844444436][141]UnitCommunicator.cpp:SendEvent():424|Publishing event: type=Roche.c68_8800.TipRackMagazine.E.Echo correlation_id=(n/a)[EOL]
[2026-09-22T08:53:58.681019Z][TRM_E.newgen-tiprackmagazine][I][2560017][141]MessageSender.h:SendEvent():105|Sent RabbitMqEvent Roche.c68_8800.TipRackMagazine.E.Echo. Content: {"Timestamp":"2026-09-22T08:53:58.680963Z","MagazineId":"E","PingId":"IS48"}[EOL]
[2026-09-22T08:54:07.220601Z][TRM_E.newgen-tiprackmagazine][W][2330306][141]CRTCyclicEvent.cpp:TimeMissed():101|Cycle miss in event CCSICombinedCmdManager Cyclic Event. Time Overrun is 9758 us[EOL]
[2026-09-22T08:54:07.220624Z][TRM_E.newgen-tiprackmagazine][W][2330306][141]CRTCyclicEvent.cpp:TimeMissed():101|Cycle miss in event CCSICombinedRepManager. Time Overrun is 9758 us[EOL]
[2026-09-22T08:54:07.220947Z][TRM_E.barcodereader][W][2330306][133]CRTCyclicEvent.cpp:TimeMissed():101|Cycle miss in event CCSICombinedCmdManager Cyclic Event. Time Overrun is 7601 us[EOL]
[2026-09-22T08:54:07.221017Z][TRM_E.barcodereader][W][2330306][133]CRTCyclicEvent.cpp:TimeMissed():101|Cycle miss in event CCSICombinedRepManager. Time Overrun is 7601 us[EOL]
[2026-09-22T08:54:07.536528Z][TRM_E.newgen-tiprackmagazine][W][2330306][141]CRTCyclicEvent.cpp:TimeMissed():101|Cycle miss in event CCSICombinedCmdManager Cyclic Event. Time Overrun is 5678 us[EOL]
[2026-09-22T08:54:07.536561Z][TRM_E.newgen-tiprackmagazine][W][2330306][141]CRTCyclicEvent.cpp:TimeMissed():101|Cycle miss in event CCSICombinedRepManager. Time Overrun is 5678 us[EOL]
[2026-09-22T08:54:13.369650Z][TRM_E.barcodereader][W][2330306][133]CRTCyclicEvent.cpp:TimeMissed():101|Cycle miss in event CCSICombinedCmdManager Cyclic Event. Time Overrun is 6303 us[EOL]
[2026-09-22T08:54:13.371189Z][TRM_E.newgen-tiprackmagazine][W][2330306][141]CRTCyclicEvent.cpp:TimeMissed():101|Cycle miss in event CCSICombinedCmdManager Cyclic Event. Time Overrun is 10345 us[EOL]
[2026-09-22T08:54:13.369681Z][TRM_E.barcodereader][W][2330306][133]CRTCyclicEvent.cpp:TimeMissed():101|Cycle miss in event CCSICombinedRepManager. Time Overrun is 6303 us[EOL]
[2026-09-22T08:54:13.371216Z][TRM_E.newgen-tiprackmagazine][W][2330306][141]CRTCyclicEvent.cpp:TimeMissed():101|Cycle miss in event CCSICombinedRepManager. Time Overrun is 10345 us[EOL]
[2026-09-22T08:54:16.651883Z][TRM_E.newgen-tiprackmagazine][W][2330306][141]CRTCyclicEvent.cpp:TimeMissed():101|Cycle miss in event CCSICombinedCmdManager Cyclic Event. Time Overrun is 1040 us[EOL]
[2026-09-22T08:54:16.651921Z][TRM_E.newgen-tiprackmagazine][W][2330306][141]CRTCyclicEvent.cpp:TimeMissed():101|Cycle miss in event CCSICombinedRepManager. Time Overrun is 1040 us[EOL]
[2026-09-22T08:54:19.477676Z][TRM_E.barcodereader][W][2330306][133]CRTCyclicEvent.cpp:TimeMissed():101|Cycle miss in event CCSICombinedCmdManager Cyclic Event. Time Overrun is 34331 us[EOL]
[2026-09-22T08:54:19.477699Z][TRM_E.barcodereader][W][2330306][133]CRTCyclicEvent.cpp:TimeMissed():101|Cycle miss in event CCSICombinedRepManager. Time Overrun is 34331 us[EOL]
[2026-09-22T08:54:19.476932Z][TRM_E.newgen-tiprackmagazine][W][2330306][141]CRTCyclicEvent.cpp:TimeMissed():101|Cycle miss in event CCSICombinedCmdManager Cyclic Event. Time Overrun is 36087 us[EOL]
[2026-09-22T08:54:19.476963Z][TRM_E.newgen-tiprackmagazine][W][2330306][141]CRTCyclicEvent.cpp:TimeMissed():101|Cycle miss in event CCSICombinedRepManager. Time Overrun is 36087 us[EOL]
[2026-09-22T08:54:20.562057Z][TRM_E.barcodereader][W][2330306][133]CRTCyclicEvent.cpp:TimeMissed():101|Cycle miss in event CCSICombinedCmdManager Cyclic Event. Time Overrun is 8712 us[EOL]
[2026-09-22T08:54:20.561996Z][TRM_E.newgen-tiprackmagazine][W][2330306][141]CRTCyclicEvent.cpp:TimeMissed():101|Cycle miss in event CCSICombinedCmdManager Cyclic Event. Time Overrun is 11153 us[EOL]
[2026-09-22T08:54:20.562022Z][TRM_E.newgen-tiprackmagazine][W][2330306][141]CRTCyclicEvent.cpp:TimeMissed():101|Cycle miss in event CCSICombinedRepManager. Time Overrun is 11153 us[EOL]
[2026-09-22T08:54:20.562078Z][TRM_E.barcodereader][W][2330306][133]CRTCyclicEvent.cpp:TimeMissed():101|Cycle miss in event CCSICombinedRepManager. Time Overrun is 8712 us[EOL]
[2026-09-22T08:54:23.494666Z][TRM_E.barcodereader][W][2330306][133]CRTCyclicEvent.cpp:TimeMissed():101|Cycle miss in event CCSICombinedCmdManager Cyclic Event. Time Overrun is 11322 us[EOL]
[2026-09-22T08:54:23.494686Z][TRM_E.barcodereader][W][2330306][133]CRTCyclicEvent.cpp:TimeMissed():101|Cycle miss in event CCSICombinedRepManager. Time Overrun is 11322 us[EOL]
[2026-09-22T08:54:23.496151Z][TRM_E.newgen-tiprackmagazine][W][2330306][141]CRTCyclicEvent.cpp:TimeMissed():101|Cycle miss in event CCSICombinedCmdManager Cyclic Event. Time Overrun is 15307 us[EOL]
[2026-09-22T08:54:23.496340Z][TRM_E.newgen-tiprackmagazine][W][2330306][141]CRTCyclicEvent.cpp:TimeMissed():101|Cycle miss in event CCSICombinedRepManager. Time Overrun is 15307 us[EOL]
[2026-09-22T08:54:28.685178Z][TRM_E.newgen-tiprackmagazine][I][2560016][141]IMessageHandler.h:operator()():40|Received RabbitMqMessage Roche.MolLab.InstrumentState.Ping. Content: {"Timestamp":"2026-09-22T08:54:28.6739602Z","PingId":"IS49"}[EOL]
[2026-09-22T08:54:28.685305Z][TRM_E.newgen-tiprackmagazine][I][844444436][141]UnitCommunicator.cpp:SendEvent():424|Publishing event: type=Roche.c68_8800.TipRackMagazine.E.Echo correlation_id=(n/a)[EOL]
[2026-09-22T08:54:28.685592Z][TRM_E.newgen-tiprackmagazine][I][2560017][141]MessageSender.h:SendEvent():105|Sent RabbitMqEvent Roche.c68_8800.TipRackMagazine.E.Echo. Content: {"Timestamp":"2026-09-22T08:54:28.685254Z","MagazineId":"E","PingId":"IS49"}[EOL]
[2026-09-22T08:54:42.727908Z][TRM_E.barcodereader][W][2330306][133]CRTCyclicEvent.cpp:TimeMissed():101|Cycle miss in event CCSICombinedCmdManager Cyclic Event. Time Overrun is 4564 us[EOL]
[2026-09-22T08:54:42.727929Z][TRM_E.barcodereader][W][2330306][133]CRTCyclicEvent.cpp:TimeMissed():101|Cycle miss in event CCSICombinedRepManager. Time Overrun is 4564 us[EOL]
[2026-09-22T08:54:43.793804Z][TRM_E.newgen-tiprackmagazine][W][2330306][141]CRTCyclicEvent.cpp:TimeMissed():101|Cycle miss in event CCSICombinedCmdManager Cyclic Event. Time Overrun is 2914 us[EOL]
[2026-09-22T08:54:43.793847Z][TRM_E.newgen-tiprackmagazine][W][2330306][141]CRTCyclicEvent.cpp:TimeMissed():101|Cycle miss in event CCSICombinedRepManager. Time Overrun is 2914 us[EOL]
[2026-09-22T08:54:51.614939Z][TRM_E.barcodereader][W][2330306][133]CRTCyclicEvent.cpp:TimeMissed():101|Cycle miss in event CCSICombinedCmdManager Cyclic Event. Time Overrun is 1587 us[EOL]
[2026-09-22T08:54:51.615033Z][TRM_E.barcodereader][W][2330306][133]CRTCyclicEvent.cpp:TimeMissed():101|Cycle miss in event CCSICombinedRepManager. Time Overrun is 1587 us[EOL]
[2026-09-22T08:54:56.323399Z][TRM_E.barcodereader][W][2330306][133]CRTCyclicEvent.cpp:TimeMissed():101|Cycle miss in event CCSICombinedCmdManager Cyclic Event. Time Overrun is 47 us[EOL]
[2026-09-22T08:54:56.323450Z][TRM_E.barcodereader][W][2330306][133]CRTCyclicEvent.cpp:TimeMissed():101|Cycle miss in event CCSICombinedRepManager. Time Overrun is 47 us[EOL]
[2026-09-22T08:54:58.675625Z][TRM_E.newgen-tiprackmagazine][I][2560016][141]IMessageHandler.h:operator()():40|Received RabbitMqMessage Roche.MolLab.InstrumentState.Ping. Content: {"Timestamp":"2026-09-22T08:54:58.6734986Z","PingId":"IS50"}[EOL]
[2026-09-22T08:54:58.675678Z][TRM_E.newgen-tiprackmagazine][I][844444436][141]UnitCommunicator.cpp:SendEvent():424|Publishing event: type=Roche.c68_8800.TipRackMagazine.E.Echo correlation_id=(n/a)[EOL]
[2026-09-22T08:54:58.675708Z][TRM_E.newgen-tiprackmagazine][I][2560017][141]MessageSender.h:SendEvent():105|Sent RabbitMqEvent Roche.c68_8800.TipRackMagazine.E.Echo. Content: {"Timestamp":"2026-09-22T08:54:58.675670Z","MagazineId":"E","PingId":"IS50"}[EOL]
[2026-09-22T08:54:58.751157Z][TRM_E.newgen-tiprackmagazine][W][2330306][141]CRTCyclicEvent.cpp:TimeMissed():101|Cycle miss in event CCSICombinedCmdManager Cyclic Event. Time Overrun is 307 us[EOL]
[2026-09-22T08:54:58.751205Z][TRM_E.newgen-tiprackmagazine][W][2330306][141]CRTCyclicEvent.cpp:TimeMissed():101|Cycle miss in event CCSICombinedRepManager. Time Overrun is 307 us[EOL]
[2026-09-22T08:55:04.425693Z][TRM_E.barcodereader][W][2330306][133]CRTCyclicEvent.cpp:TimeMissed():101|Cycle miss in event CCSICombinedCmdManager Cyclic Event. Time Overrun is 2342 us[EOL]
[2026-09-22T08:55:04.425736Z][TRM_E.barcodereader][W][2330306][133]CRTCyclicEvent.cpp:TimeMissed():101|Cycle miss in event CCSICombinedRepManager. Time Overrun is 2342 us[EOL]
[2026-09-22T08:55:04.995371Z][TRM_E.barcodereader][W][2330306][133]CRTCyclicEvent.cpp:TimeMissed():101|Cycle miss in event CCSICombinedCmdManager Cyclic Event. Time Overrun is 2023 us[EOL]
[2026-09-22T08:55:04.995414Z][TRM_E.barcodereader][W][2330306][133]CRTCyclicEvent.cpp:TimeMissed():101|Cycle miss in event CCSICombinedRepManager. Time Overrun is 2023 us[EOL]
[2026-09-22T08:55:15.010427Z][TRM_E.barcodereader][W][2330306][133]CRTCyclicEvent.cpp:TimeMissed():101|Cycle miss in event CCSICombinedCmdManager Cyclic Event. Time Overrun is 7061 us[EOL]
[2026-09-22T08:55:15.010466Z][TRM_E.barcodereader][W][2330306][133]CRTCyclicEvent.cpp:TimeMissed():101|Cycle miss in event CCSICombinedRepManager. Time Overrun is 7061 us[EOL]
[2026-09-22T08:55:19.764702Z][TRM_E.barcodereader][W][2330306][133]CRTCyclicEvent.cpp:TimeMissed():101|Cycle miss in event CCSICombinedCmdManager Cyclic Event. Time Overrun is 1352 us[EOL]
[2026-09-22T08:55:19.765055Z][TRM_E.barcodereader][W][2330306][133]CRTCyclicEvent.cpp:TimeMissed():101|Cycle miss in event CCSICombinedRepManager. Time Overrun is 1352 us[EOL]
[2026-09-22T08:55:27.956776Z][TRM_E.barcodereader][W][2330306][133]CRTCyclicEvent.cpp:TimeMissed():101|Cycle miss in event CCSICombinedCmdManager Cyclic Event. Time Overrun is 3431 us[EOL]
[2026-09-22T08:55:27.956804Z][TRM_E.barcodereader][W][2330306][133]CRTCyclicEvent.cpp:TimeMissed():101|Cycle miss in event CCSICombinedRepManager. Time Overrun is 3431 us[EOL]
[2026-09-22T08:55:28.700088Z][TRM_E.newgen-tiprackmagazine][I][2560016][141]IMessageHandler.h:operator()():40|Received RabbitMqMessage Roche.MolLab.InstrumentState.Ping. Content: {"Timestamp":"2026-09-22T08:55:28.6758861Z","PingId":"IS51"}[EOL]
[2026-09-22T08:55:28.700122Z][TRM_E.newgen-tiprackmagazine][I][844444436][141]UnitCommunicator.cpp:SendEvent():424|Publishing event: type=Roche.c68_8800.TipRackMagazine.E.Echo correlation_id=(n/a)[EOL]
[2026-09-22T08:55:28.700140Z][TRM_E.newgen-tiprackmagazine][I][2560017][141]MessageSender.h:SendEvent():105|Sent RabbitMqEvent Roche.c68_8800.TipRackMagazine.E.Echo. Content: {"Timestamp":"2026-09-22T08:55:28.700117Z","MagazineId":"E","PingId":"IS51"}[EOL]
[2026-09-22T08:55:37.860454Z][TRM_E.barcodereader][W][2330306][133]CRTCyclicEvent.cpp:TimeMissed():101|Cycle miss in event CCSICombinedCmdManager Cyclic Event. Time Overrun is 7107 us[EOL]
[2026-09-22T08:55:37.861188Z][TRM_E.newgen-tiprackmagazine][W][2330306][141]CRTCyclicEvent.cpp:TimeMissed():101|Cycle miss in event CCSICombinedCmdManager Cyclic Event. Time Overrun is 343 us[EOL]
[2026-09-22T08:55:37.860487Z][TRM_E.barcodereader][W][2330306][133]CRTCyclicEvent.cpp:TimeMissed():101|Cycle miss in event CCSICombinedRepManager. Time Overrun is 7107 us[EOL]
[2026-09-22T08:55:37.861313Z][TRM_E.newgen-tiprackmagazine][W][2330306][141]CRTCyclicEvent.cpp:TimeMissed():101|Cycle miss in event CCSICombinedRepManager. Time Overrun is 343 us[EOL]
[2026-09-22T08:55:40.725128Z][TRM_E.barcodereader][W][2330306][133]CRTCyclicEvent.cpp:TimeMissed():101|Cycle miss in event CCSICombinedCmdManager Cyclic Event. Time Overrun is 1783 us[EOL]
[2026-09-22T08:55:40.725150Z][TRM_E.barcodereader][W][2330306][133]CRTCyclicEvent.cpp:TimeMissed():101|Cycle miss in event CCSICombinedRepManager. Time Overrun is 1783 us[EOL]
[2026-09-22T08:55:40.725405Z][TRM_E.newgen-tiprackmagazine][W][2330306][141]CRTCyclicEvent.cpp:TimeMissed():101|Cycle miss in event CCSICombinedCmdManager Cyclic Event. Time Overrun is 4552 us[EOL]
[2026-09-22T08:55:40.725457Z][TRM_E.newgen-tiprackmagazine][W][2330306][141]CRTCyclicEvent.cpp:TimeMissed():101|Cycle miss in event CCSICombinedRepManager. Time Overrun is 4552 us[EOL]
[2026-09-22T08:55:46.521734Z][TRM_E.newgen-tiprackmagazine][W][2330306][141]CRTCyclicEvent.cpp:TimeMissed():101|Cycle miss in event CCSICombinedCmdManager Cyclic Event. Time Overrun is 10890 us[EOL]
[2026-09-22T08:55:46.522064Z][TRM_E.barcodereader][W][2330306][133]CRTCyclicEvent.cpp:TimeMissed():101|Cycle miss in event CCSICombinedCmdManager Cyclic Event. Time Overrun is 8717 us[EOL]
[2026-09-22T08:55:46.522265Z][TRM_E.barcodereader][W][2330306][133]CRTCyclicEvent.cpp:TimeMissed():101|Cycle miss in event CCSICombinedRepManager. Time Overrun is 8717 us[EOL]
[2026-09-22T08:55:46.521761Z][TRM_E.newgen-tiprackmagazine][W][2330306][141]CRTCyclicEvent.cpp:TimeMissed():101|Cycle miss in event CCSICombinedRepManager. Time Overrun is 10890 us[EOL]
[2026-09-22T08:55:47.852491Z][TRM_E.newgen-tiprackmagazine][W][2330306][141]CRTCyclicEvent.cpp:TimeMissed():101|Cycle miss in event CCSICombinedCmdManager Cyclic Event. Time Overrun is 1648 us[EOL]
[2026-09-22T08:55:47.852617Z][TRM_E.newgen-tiprackmagazine][W][2330306][141]CRTCyclicEvent.cpp:TimeMissed():101|Cycle miss in event CCSICombinedRepManager. Time Overrun is 1648 us[EOL]
[2026-09-22T08:55:54.646664Z][TRM_E.newgen-tiprackmagazine][W][2330306][141]CRTCyclicEvent.cpp:TimeMissed():101|Cycle miss in event CCSICombinedCmdManager Cyclic Event. Time Overrun is 15820 us[EOL]
[2026-09-22T08:55:54.646722Z][TRM_E.newgen-tiprackmagazine][W][2330306][141]CRTCyclicEvent.cpp:TimeMissed():101|Cycle miss in event CCSICombinedRepManager. Time Overrun is 15820 us[EOL]
[2026-09-22T08:55:54.646168Z][TRM_E.barcodereader][W][2330306][133]CRTCyclicEvent.cpp:TimeMissed():101|Cycle miss in event CCSICombinedCmdManager Cyclic Event. Time Overrun is 12820 us[EOL]
[2026-09-22T08:55:54.646198Z][TRM_E.barcodereader][W][2330306][133]CRTCyclicEvent.cpp:TimeMissed():101|Cycle miss in event CCSICombinedRepManager. Time Overrun is 12820 us[EOL]
[2026-09-22T08:55:57.866206Z][TRM_E.newgen-tiprackmagazine][W][2330306][141]CRTCyclicEvent.cpp:TimeMissed():101|Cycle miss in event CCSICombinedCmdManager Cyclic Event. Time Overrun is 5353 us[EOL]
[2026-09-22T08:55:57.866434Z][TRM_E.barcodereader][W][2330306][133]CRTCyclicEvent.cpp:TimeMissed():101|Cycle miss in event CCSICombinedCmdManager Cyclic Event. Time Overrun is 3087 us[EOL]
[2026-09-22T08:55:57.866242Z][TRM_E.newgen-tiprackmagazine][W][2330306][141]CRTCyclicEvent.cpp:TimeMissed():101|Cycle miss in event CCSICombinedRepManager. Time Overrun is 5353 us[EOL]
[2026-09-22T08:55:57.866462Z][TRM_E.barcodereader][W][2330306][133]CRTCyclicEvent.cpp:TimeMissed():101|Cycle miss in event CCSICombinedRepManager. Time Overrun is 3087 us[EOL]
[2026-09-22T08:55:58.680374Z][TRM_E.newgen-tiprackmagazine][I][2560016][141]IMessageHandler.h:operator()():40|Received RabbitMqMessage Roche.MolLab.InstrumentState.Ping. Content: {"Timestamp":"2026-09-22T08:55:58.6739365Z","PingId":"IS52"}[EOL]
[2026-09-22T08:55:58.680435Z][TRM_E.newgen-tiprackmagazine][I][844444436][141]UnitCommunicator.cpp:SendEvent():424|Publishing event: type=Roche.c68_8800.TipRackMagazine.E.Echo correlation_id=(n/a)[EOL]
[2026-09-22T08:55:58.680470Z][TRM_E.newgen-tiprackmagazine][I][2560017][141]MessageSender.h:SendEvent():105|Sent RabbitMqEvent Roche.c68_8800.TipRackMagazine.E.Echo. Content: {"Timestamp":"2026-09-22T08:55:58.680427Z","MagazineId":"E","PingId":"IS52"}[EOL]
[2026-09-22T08:56:05.816138Z][TRM_E.newgen-tiprackmagazine][W][2330306][141]CRTCyclicEvent.cpp:TimeMissed():101|Cycle miss in event CCSICombinedCmdManager Cyclic Event. Time Overrun is 5292 us[EOL]
[2026-09-22T08:56:05.816174Z][TRM_E.newgen-tiprackmagazine][W][2330306][141]CRTCyclicEvent.cpp:TimeMissed():101|Cycle miss in event CCSICombinedRepManager. Time Overrun is 5292 us[EOL]
[2026-09-22T08:56:09.909455Z][TRM_E.barcodereader][W][2330306][133]CRTCyclicEvent.cpp:TimeMissed():101|Cycle miss in event CCSICombinedCmdManager Cyclic Event. Time Overrun is 6107 us[EOL]
[2026-09-22T08:56:09.909484Z][TRM_E.barcodereader][W][2330306][133]CRTCyclicEvent.cpp:TimeMissed():101|Cycle miss in event CCSICombinedRepManager. Time Overrun is 6107 us[EOL]
[2026-09-22T08:56:12.908833Z][TRM_E.newgen-tiprackmagazine][W][2330306][141]CRTCyclicEvent.cpp:TimeMissed():101|Cycle miss in event CCSICombinedCmdManager Cyclic Event. Time Overrun is 7990 us[EOL]
[2026-09-22T08:56:12.908858Z][TRM_E.newgen-tiprackmagazine][W][2330306][141]CRTCyclicEvent.cpp:TimeMissed():101|Cycle miss in event CCSICombinedRepManager. Time Overrun is 7990 us[EOL]
[2026-09-22T08:56:12.907084Z][TRM_E.barcodereader][W][2330306][133]CRTCyclicEvent.cpp:TimeMissed():101|Cycle miss in event CCSICombinedCmdManager Cyclic Event. Time Overrun is 3738 us[EOL]
[2026-09-22T08:56:12.907109Z][TRM_E.barcodereader][W][2330306][133]CRTCyclicEvent.cpp:TimeMissed():101|Cycle miss in event CCSICombinedRepManager. Time Overrun is 3738 us[EOL]
[2026-09-22T08:56:13.151050Z][TRM_E.barcodereader][W][2330306][133]CRTCyclicEvent.cpp:TimeMissed():101|Cycle miss in event CCSICombinedCmdManager Cyclic Event. Time Overrun is 7703 us[EOL]
[2026-09-22T08:56:13.151074Z][TRM_E.barcodereader][W][2330306][133]CRTCyclicEvent.cpp:TimeMissed():101|Cycle miss in event CCSICombinedRepManager. Time Overrun is 7703 us[EOL]
[2026-09-22T08:56:25.094056Z][TRM_E.newgen-tiprackmagazine][W][2330306][141]CRTCyclicEvent.cpp:TimeMissed():101|Cycle miss in event CCSICombinedCmdManager Cyclic Event. Time Overrun is 13212 us[EOL]
[2026-09-22T08:56:25.094140Z][TRM_E.barcodereader][W][2330306][133]CRTCyclicEvent.cpp:TimeMissed():101|Cycle miss in event CCSICombinedCmdManager Cyclic Event. Time Overrun is 10795 us[EOL]
[2026-09-22T08:56:25.094079Z][TRM_E.newgen-tiprackmagazine][W][2330306][141]CRTCyclicEvent.cpp:TimeMissed():101|Cycle miss in event CCSICombinedRepManager. Time Overrun is 13212 us[EOL]
[2026-09-22T08:56:25.094192Z][TRM_E.barcodereader][W][2330306][133]CRTCyclicEvent.cpp:TimeMissed():101|Cycle miss in event CCSICombinedRepManager. Time Overrun is 10795 us[EOL]
[2026-09-22T08:56:27.046332Z][TRM_E.barcodereader][W][2330306][133]CRTCyclicEvent.cpp:TimeMissed():101|Cycle miss in event CCSICombinedCmdManager Cyclic Event. Time Overrun is 2973 us[EOL]
[2026-09-22T08:56:27.046462Z][TRM_E.barcodereader][W][2330306][133]CRTCyclicEvent.cpp:TimeMissed():101|Cycle miss in event CCSICombinedRepManager. Time Overrun is 2973 us[EOL]
[2026-09-22T08:56:28.057954Z][TRM_E.barcodereader][W][2330306][133]CRTCyclicEvent.cpp:TimeMissed():101|Cycle miss in event CCSICombinedCmdManager Cyclic Event. Time Overrun is 4605 us[EOL]
[2026-09-22T08:56:28.057985Z][TRM_E.barcodereader][W][2330306][133]CRTCyclicEvent.cpp:TimeMissed():101|Cycle miss in event CCSICombinedRepManager. Time Overrun is 4605 us[EOL]
[2026-09-22T08:56:28.677172Z][TRM_E.newgen-tiprackmagazine][I][2560016][141]IMessageHandler.h:operator()():40|Received RabbitMqMessage Roche.MolLab.InstrumentState.Ping. Content: {"Timestamp":"2026-09-22T08:56:28.6731202Z","PingId":"IS53"}[EOL]
[2026-09-22T08:56:28.677218Z][TRM_E.newgen-tiprackmagazine][I][844444436][141]UnitCommunicator.cpp:SendEvent():424|Publishing event: type=Roche.c68_8800.TipRackMagazine.E.Echo correlation_id=(n/a)[EOL]
[2026-09-22T08:56:28.677250Z][TRM_E.newgen-tiprackmagazine][I][2560017][141]MessageSender.h:SendEvent():105|Sent RabbitMqEvent Roche.c68_8800.TipRackMagazine.E.Echo. Content: {"Timestamp":"2026-09-22T08:56:28.677212Z","MagazineId":"E","PingId":"IS53"}[EOL]
[2026-09-22T08:56:32.653949Z][TRM_E.newgen-tiprackmagazine][W][2330306][141]CRTCyclicEvent.cpp:TimeMissed():101|Cycle miss in event CCSICombinedCmdManager Cyclic Event. Time Overrun is 3104 us[EOL]
[2026-09-22T08:56:32.653974Z][TRM_E.newgen-tiprackmagazine][W][2330306][141]CRTCyclicEvent.cpp:TimeMissed():101|Cycle miss in event CCSICombinedRepManager. Time Overrun is 3104 us[EOL]
[2026-09-22T08:56:32.654105Z][TRM_E.barcodereader][W][2330306][133]CRTCyclicEvent.cpp:TimeMissed():101|Cycle miss in event CCSICombinedCmdManager Cyclic Event. Time Overrun is 758 us[EOL]
[2026-09-22T08:56:32.654135Z][TRM_E.barcodereader][W][2330306][133]CRTCyclicEvent.cpp:TimeMissed():101|Cycle miss in event CCSICombinedRepManager. Time Overrun is 758 us[EOL]
[2026-09-22T08:56:32.831668Z][TRM_E.newgen-tiprackmagazine][W][2330306][141]CRTCyclicEvent.cpp:TimeMissed():101|Cycle miss in event CCSICombinedCmdManager Cyclic Event. Time Overrun is 10825 us[EOL]
[2026-09-22T08:56:32.831091Z][TRM_E.barcodereader][W][2330306][133]CRTCyclicEvent.cpp:TimeMissed():101|Cycle miss in event CCSICombinedCmdManager Cyclic Event. Time Overrun is 17746 us[EOL]
[2026-09-22T08:56:32.831691Z][TRM_E.newgen-tiprackmagazine][W][2330306][141]CRTCyclicEvent.cpp:TimeMissed():101|Cycle miss in event CCSICombinedRepManager. Time Overrun is 10825 us[EOL]
[2026-09-22T08:56:32.831114Z][TRM_E.barcodereader][W][2330306][133]CRTCyclicEvent.cpp:TimeMissed():101|Cycle miss in event CCSICombinedRepManager. Time Overrun is 17746 us[EOL]
[2026-09-22T08:56:38.626286Z][TRM_E.newgen-tiprackmagazine][W][2330306][141]CRTCyclicEvent.cpp:TimeMissed():101|Cycle miss in event CCSICombinedCmdManager Cyclic Event. Time Overrun is 5439 us[EOL]
[2026-09-22T08:56:38.626324Z][TRM_E.newgen-tiprackmagazine][W][2330306][141]CRTCyclicEvent.cpp:TimeMissed():101|Cycle miss in event CCSICombinedRepManager. Time Overrun is 5439 us[EOL]
[2026-09-22T08:56:38.863483Z][TRM_E.barcodereader][W][2330306][133]CRTCyclicEvent.cpp:TimeMissed():101|Cycle miss in event CCSICombinedCmdManager Cyclic Event. Time Overrun is 134 us[EOL]
[2026-09-22T08:56:38.863517Z][TRM_E.barcodereader][W][2330306][133]CRTCyclicEvent.cpp:TimeMissed():101|Cycle miss in event CCSICombinedRepManager. Time Overrun is 134 us[EOL]
[2026-09-22T08:56:41.213300Z][TRM_E.newgen-tiprackmagazine][W][2330306][141]CRTCyclicEvent.cpp:TimeMissed():101|Cycle miss in event CCSICombinedCmdManager Cyclic Event. Time Overrun is 2421 us[EOL]
[2026-09-22T08:56:41.213414Z][TRM_E.newgen-tiprackmagazine][W][2330306][141]CRTCyclicEvent.cpp:TimeMissed():101|Cycle miss in event CCSICombinedRepManager. Time Overrun is 2421 us[EOL]
[2026-09-22T08:56:46.647548Z][TRM_E.newgen-tiprackmagazine][W][2330306][141]CRTCyclicEvent.cpp:TimeMissed():101|Cycle miss in event CCSICombinedCmdManager Cyclic Event. Time Overrun is 36701 us[EOL]
[2026-09-22T08:56:46.648061Z][TRM_E.barcodereader][W][2330306][133]CRTCyclicEvent.cpp:TimeMissed():101|Cycle miss in event CCSICombinedCmdManager Cyclic Event. Time Overrun is 34713 us[EOL]
[2026-09-22T08:56:46.647614Z][TRM_E.newgen-tiprackmagazine][W][2330306][141]CRTCyclicEvent.cpp:TimeMissed():101|Cycle miss in event CCSICombinedRepManager. Time Overrun is 36701 us[EOL]
[2026-09-22T08:56:46.648101Z][TRM_E.barcodereader][W][2330306][133]CRTCyclicEvent.cpp:TimeMissed():101|Cycle miss in event CCSICombinedRepManager. Time Overrun is 34713 us[EOL]
[2026-09-22T08:56:48.047317Z][TRM_E.barcodereader][W][2330306][133]CRTCyclicEvent.cpp:TimeMissed():101|Cycle miss in event CCSICombinedCmdManager Cyclic Event. Time Overrun is 3735 us[EOL]
[2026-09-22T08:56:48.047367Z][TRM_E.barcodereader][W][2330306][133]CRTCyclicEvent.cpp:TimeMissed():101|Cycle miss in event CCSICombinedRepManager. Time Overrun is 3735 us[EOL]
[2026-09-22T08:56:48.311854Z][TRM_E.newgen-tiprackmagazine][W][2330306][141]CRTCyclicEvent.cpp:TimeMissed():101|Cycle miss in event CCSICombinedCmdManager Cyclic Event. Time Overrun is 998 us[EOL]
[2026-09-22T08:56:48.311932Z][TRM_E.newgen-tiprackmagazine][W][2330306][141]CRTCyclicEvent.cpp:TimeMissed():101|Cycle miss in event CCSICombinedRepManager. Time Overrun is 998 us[EOL]
[2026-09-22T08:56:48.324106Z][TRM_E.barcodereader][W][2330306][133]CRTCyclicEvent.cpp:TimeMissed():101|Cycle miss in event CCSICombinedCmdManager Cyclic Event. Time Overrun is 758 us[EOL]
[2026-09-22T08:56:48.324149Z][TRM_E.barcodereader][W][2330306][133]CRTCyclicEvent.cpp:TimeMissed():101|Cycle miss in event CCSICombinedRepManager. Time Overrun is 758 us[EOL]
[2026-09-22T08:56:54.364950Z][TRM_E.barcodereader][W][2330306][133]CRTCyclicEvent.cpp:TimeMissed():101|Cycle miss in event CCSICombinedCmdManager Cyclic Event. Time Overrun is 21602 us[EOL]
[2026-09-22T08:56:54.368274Z][TRM_E.newgen-tiprackmagazine][W][2330306][141]CRTCyclicEvent.cpp:TimeMissed():101|Cycle miss in event CCSICombinedCmdManager Cyclic Event. Time Overrun is 17409 us[EOL]
[2026-09-22T08:56:54.365016Z][TRM_E.barcodereader][W][2330306][133]CRTCyclicEvent.cpp:TimeMissed():101|Cycle miss in event CCSICombinedRepManager. Time Overrun is 21602 us[EOL]
[2026-09-22T08:56:54.368301Z][TRM_E.newgen-tiprackmagazine][W][2330306][141]CRTCyclicEvent.cpp:TimeMissed():101|Cycle miss in event CCSICombinedRepManager. Time Overrun is 17409 us[EOL]
[2026-09-22T08:56:54.622243Z][TRM_E.newgen-tiprackmagazine][W][2330306][141]CRTCyclicEvent.cpp:TimeMissed():101|Cycle miss in event CCSICombinedCmdManager Cyclic Event. Time Overrun is 11400 us[EOL]
[2026-09-22T08:56:54.622353Z][TRM_E.barcodereader][W][2330306][133]CRTCyclicEvent.cpp:TimeMissed():101|Cycle miss in event CCSICombinedCmdManager Cyclic Event. Time Overrun is 9009 us[EOL]
[2026-09-22T08:56:54.622265Z][TRM_E.newgen-tiprackmagazine][W][2330306][141]CRTCyclicEvent.cpp:TimeMissed():101|Cycle miss in event CCSICombinedRepManager. Time Overrun is 11400 us[EOL]
[2026-09-22T08:56:54.622373Z][TRM_E.barcodereader][W][2330306][133]CRTCyclicEvent.cpp:TimeMissed():101|Cycle miss in event CCSICombinedRepManager. Time Overrun is 9009 us[EOL]
[2026-09-22T08:56:58.686586Z][TRM_E.newgen-tiprackmagazine][I][2560016][141]IMessageHandler.h:operator()():40|Received RabbitMqMessage Roche.MolLab.InstrumentState.Ping. Content: {"Timestamp":"2026-09-22T08:56:58.6752332Z","PingId":"IS54"}[EOL]
[2026-09-22T08:56:58.686630Z][TRM_E.newgen-tiprackmagazine][I][844444436][141]UnitCommunicator.cpp:SendEvent():424|Publishing event: type=Roche.c68_8800.TipRackMagazine.E.Echo correlation_id=(n/a)[EOL]
[2026-09-22T08:56:58.686655Z][TRM_E.newgen-tiprackmagazine][I][2560017][141]MessageSender.h:SendEvent():105|Sent RabbitMqEvent Roche.c68_8800.TipRackMagazine.E.Echo. Content: {"Timestamp":"2026-09-22T08:56:58.686624Z","MagazineId":"E","PingId":"IS54"}[EOL]
[2026-09-22T08:57:08.323525Z][TRM_E.barcodereader][W][2330306][133]CRTCyclicEvent.cpp:TimeMissed():101|Cycle miss in event CCSICombinedCmdManager Cyclic Event. Time Overrun is 178 us[EOL]
[2026-09-22T08:57:08.323559Z][TRM_E.barcodereader][W][2330306][133]CRTCyclicEvent.cpp:TimeMissed():101|Cycle miss in event CCSICombinedRepManager. Time Overrun is 178 us[EOL]
[2026-09-22T08:57:08.323033Z][TRM_E.newgen-tiprackmagazine][W][2330306][141]CRTCyclicEvent.cpp:TimeMissed():101|Cycle miss in event CCSICombinedCmdManager Cyclic Event. Time Overrun is 2189 us[EOL]
[2026-09-22T08:57:08.323064Z][TRM_E.newgen-tiprackmagazine][W][2330306][141]CRTCyclicEvent.cpp:TimeMissed():101|Cycle miss in event CCSICombinedRepManager. Time Overrun is 2189 us[EOL]
[2026-09-22T08:57:15.958988Z][TRM_E.newgen-tiprackmagazine][W][2330306][141]CRTCyclicEvent.cpp:TimeMissed():101|Cycle miss in event CCSICombinedCmdManager Cyclic Event. Time Overrun is 8124 us[EOL]
[2026-09-22T08:57:15.959036Z][TRM_E.newgen-tiprackmagazine][W][2330306][141]CRTCyclicEvent.cpp:TimeMissed():101|Cycle miss in event CCSICombinedRepManager. Time Overrun is 8124 us[EOL]
[2026-09-22T08:57:17.842045Z][TRM_E.newgen-tiprackmagazine][W][2330306][141]CRTCyclicEvent.cpp:TimeMissed():101|Cycle miss in event CCSICombinedCmdManager Cyclic Event. Time Overrun is 1199 us[EOL]
[2026-09-22T08:57:17.842090Z][TRM_E.newgen-tiprackmagazine][W][2330306][141]CRTCyclicEvent.cpp:TimeMissed():101|Cycle miss in event CCSICombinedRepManager. Time Overrun is 1199 us[EOL]
[2026-09-22T08:57:18.203448Z][TRM_E.barcodereader][W][2330306][133]CRTCyclicEvent.cpp:TimeMissed():101|Cycle miss in event CCSICombinedCmdManager Cyclic Event. Time Overrun is 101 us[EOL]
[2026-09-22T08:57:18.203488Z][TRM_E.barcodereader][W][2330306][133]CRTCyclicEvent.cpp:TimeMissed():101|Cycle miss in event CCSICombinedRepManager. Time Overrun is 101 us[EOL]
[2026-09-22T08:57:28.521294Z][TRM_E.newgen-tiprackmagazine][W][2330306][141]CRTCyclicEvent.cpp:TimeMissed():101|Cycle miss in event CCSICombinedCmdManager Cyclic Event. Time Overrun is 435 us[EOL]
[2026-09-22T08:57:28.521340Z][TRM_E.newgen-tiprackmagazine][W][2330306][141]CRTCyclicEvent.cpp:TimeMissed():101|Cycle miss in event CCSICombinedRepManager. Time Overrun is 435 us[EOL]
[2026-09-22T08:57:28.681338Z][TRM_E.newgen-tiprackmagazine][I][2560016][141]IMessageHandler.h:operator()():40|Received RabbitMqMessage Roche.MolLab.InstrumentState.Ping. Content: {"Timestamp":"2026-09-22T08:57:28.6741282Z","PingId":"IS55"}[EOL]
[2026-09-22T08:57:28.681396Z][TRM_E.newgen-tiprackmagazine][I][844444436][141]UnitCommunicator.cpp:SendEvent():424|Publishing event: type=Roche.c68_8800.TipRackMagazine.E.Echo correlation_id=(n/a)[EOL]
[2026-09-22T08:57:28.681473Z][TRM_E.newgen-tiprackmagazine][I][2560017][141]MessageSender.h:SendEvent():105|Sent RabbitMqEvent Roche.c68_8800.TipRackMagazine.E.Echo. Content: {"Timestamp":"2026-09-22T08:57:28.681388Z","MagazineId":"E","PingId":"IS55"}[EOL]
[2026-09-22T08:57:30.568142Z][TRM_E.barcodereader][W][2330306][133]CRTCyclicEvent.cpp:TimeMissed():101|Cycle miss in event CCSICombinedCmdManager Cyclic Event. Time Overrun is 4795 us[EOL]
[2026-09-22T08:57:30.568167Z][TRM_E.barcodereader][W][2330306][133]CRTCyclicEvent.cpp:TimeMissed():101|Cycle miss in event CCSICombinedRepManager. Time Overrun is 4795 us[EOL]
[2026-09-22T08:57:37.232448Z][TRM_E.newgen-tiprackmagazine][W][2330306][141]CRTCyclicEvent.cpp:TimeMissed():101|Cycle miss in event CCSICombinedCmdManager Cyclic Event. Time Overrun is 1603 us[EOL]
[2026-09-22T08:57:37.232495Z][TRM_E.newgen-tiprackmagazine][W][2330306][141]CRTCyclicEvent.cpp:TimeMissed():101|Cycle miss in event CCSICombinedRepManager. Time Overrun is 1603 us[EOL]
[2026-09-22T08:57:37.344611Z][TRM_E.barcodereader][W][2330306][133]CRTCyclicEvent.cpp:TimeMissed():101|Cycle miss in event CCSICombinedCmdManager Cyclic Event. Time Overrun is 1263 us[EOL]
[2026-09-22T08:57:37.344643Z][TRM_E.barcodereader][W][2330306][133]CRTCyclicEvent.cpp:TimeMissed():101|Cycle miss in event CCSICombinedRepManager. Time Overrun is 1263 us[EOL]
[2026-09-22T08:57:37.403589Z][TRM_E.newgen-tiprackmagazine][W][2330306][141]CRTCyclicEvent.cpp:TimeMissed():101|Cycle miss in event CCSICombinedCmdManager Cyclic Event. Time Overrun is 12739 us[EOL]
[2026-09-22T08:57:37.403670Z][TRM_E.newgen-tiprackmagazine][W][2330306][141]CRTCyclicEvent.cpp:TimeMissed():101|Cycle miss in event CCSICombinedRepManager. Time Overrun is 12739 us[EOL]
[2026-09-22T08:57:37.883357Z][TRM_E.barcodereader][W][2330306][133]CRTCyclicEvent.cpp:TimeMissed():101|Cycle miss in event CCSICombinedCmdManager Cyclic Event. Time Overrun is 9 us[EOL]
[2026-09-22T08:57:37.883400Z][TRM_E.barcodereader][W][2330306][133]CRTCyclicEvent.cpp:TimeMissed():101|Cycle miss in event CCSICombinedRepManager. Time Overrun is 9 us[EOL]
[2026-09-22T08:57:37.881658Z][TRM_E.newgen-tiprackmagazine][W][2330306][141]CRTCyclicEvent.cpp:TimeMissed():101|Cycle miss in event CCSICombinedCmdManager Cyclic Event. Time Overrun is 810 us[EOL]
[2026-09-22T08:57:37.881723Z][TRM_E.newgen-tiprackmagazine][W][2330306][141]CRTCyclicEvent.cpp:TimeMissed():101|Cycle miss in event CCSICombinedRepManager. Time Overrun is 810 us[EOL]
[2026-09-22T08:57:39.007586Z][TRM_E.barcodereader][W][2330306][133]CRTCyclicEvent.cpp:TimeMissed():101|Cycle miss in event CCSICombinedCmdManager Cyclic Event. Time Overrun is 14235 us[EOL]
[2026-09-22T08:57:39.007671Z][TRM_E.barcodereader][W][2330306][133]CRTCyclicEvent.cpp:TimeMissed():101|Cycle miss in event CCSICombinedRepManager. Time Overrun is 14235 us[EOL]
[2026-09-22T08:57:39.000253Z][TRM_E.newgen-tiprackmagazine][W][2330306][141]CRTCyclicEvent.cpp:TimeMissed():101|Cycle miss in event CCSICombinedCmdManager Cyclic Event. Time Overrun is 9405 us[EOL]
[2026-09-22T08:57:39.000415Z][TRM_E.newgen-tiprackmagazine][W][2330306][141]CRTCyclicEvent.cpp:TimeMissed():101|Cycle miss in event CCSICombinedRepManager. Time Overrun is 9405 us[EOL]
[2026-09-22T08:57:39.679404Z][TRM_E.newgen-tiprackmagazine][W][2330306][141]CRTCyclicEvent.cpp:TimeMissed():101|Cycle miss in event CCSICombinedCmdManager Cyclic Event. Time Overrun is 8558 us[EOL]
[2026-09-22T08:57:39.679585Z][TRM_E.newgen-tiprackmagazine][W][2330306][141]CRTCyclicEvent.cpp:TimeMissed():101|Cycle miss in event CCSICombinedRepManager. Time Overrun is 8558 us[EOL]
[2026-09-22T08:57:39.683156Z][TRM_E.barcodereader][W][2330306][133]CRTCyclicEvent.cpp:TimeMissed():101|Cycle miss in event CCSICombinedCmdManager Cyclic Event. Time Overrun is 9808 us[EOL]
[2026-09-22T08:57:39.683197Z][TRM_E.barcodereader][W][2330306][133]CRTCyclicEvent.cpp:TimeMissed():101|Cycle miss in event CCSICombinedRepManager. Time Overrun is 9808 us[EOL]
[2026-09-22T08:57:41.464401Z][TRM_E.barcodereader][W][2330306][133]CRTCyclicEvent.cpp:TimeMissed():101|Cycle miss in event CCSICombinedCmdManager Cyclic Event. Time Overrun is 1052 us[EOL]
[2026-09-22T08:57:41.464452Z][TRM_E.barcodereader][W][2330306][133]CRTCyclicEvent.cpp:TimeMissed():101|Cycle miss in event CCSICombinedRepManager. Time Overrun is 1052 us[EOL]
[2026-09-22T08:57:45.298043Z][TRM_E.barcodereader][W][2330306][133]CRTCyclicEvent.cpp:TimeMissed():101|Cycle miss in event CCSICombinedCmdManager Cyclic Event. Time Overrun is 4695 us[EOL]
[2026-09-22T08:57:45.298178Z][TRM_E.barcodereader][W][2330306][133]CRTCyclicEvent.cpp:TimeMissed():101|Cycle miss in event CCSICombinedRepManager. Time Overrun is 4695 us[EOL]
[2026-09-22T08:57:58.501410Z][TRM_E.barcodereader][W][2330306][133]CRTCyclicEvent.cpp:TimeMissed():101|Cycle miss in event CCSICombinedCmdManager Cyclic Event. Time Overrun is 8062 us[EOL]
[2026-09-22T08:57:58.501445Z][TRM_E.barcodereader][W][2330306][133]CRTCyclicEvent.cpp:TimeMissed():101|Cycle miss in event CCSICombinedRepManager. Time Overrun is 8062 us[EOL]
[2026-09-22T08:57:58.505717Z][TRM_E.newgen-tiprackmagazine][W][2330306][141]CRTCyclicEvent.cpp:TimeMissed():101|Cycle miss in event CCSICombinedCmdManager Cyclic Event. Time Overrun is 14872 us[EOL]
[2026-09-22T08:57:58.505752Z][TRM_E.newgen-tiprackmagazine][W][2330306][141]CRTCyclicEvent.cpp:TimeMissed():101|Cycle miss in event CCSICombinedRepManager. Time Overrun is 14872 us[EOL]
[2026-09-22T08:57:58.677487Z][TRM_E.newgen-tiprackmagazine][I][2560016][141]IMessageHandler.h:operator()():40|Received RabbitMqMessage Roche.MolLab.InstrumentState.Ping. Content: {"Timestamp":"2026-09-22T08:57:58.6733836Z","PingId":"IS56"}[EOL]
[2026-09-22T08:57:58.677519Z][TRM_E.newgen-tiprackmagazine][I][844444436][141]UnitCommunicator.cpp:SendEvent():424|Publishing event: type=Roche.c68_8800.TipRackMagazine.E.Echo correlation_id=(n/a)[EOL]
[2026-09-22T08:57:58.677540Z][TRM_E.newgen-tiprackmagazine][I][2560017][141]MessageSender.h:SendEvent():105|Sent RabbitMqEvent Roche.c68_8800.TipRackMagazine.E.Echo. Content: {"Timestamp":"2026-09-22T08:57:58.677514Z","MagazineId":"E","PingId":"IS56"}[EOL]
[2026-09-22T08:58:02.535869Z][TRM_E.barcodereader][W][2330306][133]CRTCyclicEvent.cpp:TimeMissed():101|Cycle miss in event CCSICombinedCmdManager Cyclic Event. Time Overrun is 2519 us[EOL]
[2026-09-22T08:58:02.536064Z][TRM_E.barcodereader][W][2330306][133]CRTCyclicEvent.cpp:TimeMissed():101|Cycle miss in event CCSICombinedRepManager. Time Overrun is 2519 us[EOL]
[2026-09-22T08:58:04.665259Z][TRM_E.newgen-tiprackmagazine][W][2330306][141]CRTCyclicEvent.cpp:TimeMissed():101|Cycle miss in event CCSICombinedCmdManager Cyclic Event. Time Overrun is 4414 us[EOL]
[2026-09-22T08:58:04.665284Z][TRM_E.newgen-tiprackmagazine][W][2330306][141]CRTCyclicEvent.cpp:TimeMissed():101|Cycle miss in event CCSICombinedRepManager. Time Overrun is 4414 us[EOL]
[2026-09-22T08:58:04.667366Z][TRM_E.barcodereader][W][2330306][133]CRTCyclicEvent.cpp:TimeMissed():101|Cycle miss in event CCSICombinedCmdManager Cyclic Event. Time Overrun is 4021 us[EOL]
[2026-09-22T08:58:04.667389Z][TRM_E.barcodereader][W][2330306][133]CRTCyclicEvent.cpp:TimeMissed():101|Cycle miss in event CCSICombinedRepManager. Time Overrun is 4021 us[EOL]
[2026-09-22T08:58:11.323986Z][TRM_E.barcodereader][W][2330306][133]CRTCyclicEvent.cpp:TimeMissed():101|Cycle miss in event CCSICombinedCmdManager Cyclic Event. Time Overrun is 10636 us[EOL]
[2026-09-22T08:58:11.324054Z][TRM_E.barcodereader][W][2330306][133]CRTCyclicEvent.cpp:TimeMissed():101|Cycle miss in event CCSICombinedRepManager. Time Overrun is 10636 us[EOL]
[2026-09-22T08:58:11.325958Z][TRM_E.newgen-tiprackmagazine][W][2330306][141]CRTCyclicEvent.cpp:TimeMissed():101|Cycle miss in event CCSICombinedCmdManager Cyclic Event. Time Overrun is 15112 us[EOL]
[2026-09-22T08:58:11.325998Z][TRM_E.newgen-tiprackmagazine][W][2330306][141]CRTCyclicEvent.cpp:TimeMissed():101|Cycle miss in event CCSICombinedRepManager. Time Overrun is 15112 us[EOL]
[2026-09-22T08:58:24.291807Z][TRM_E.barcodereader][W][2330306][133]CRTCyclicEvent.cpp:TimeMissed():101|Cycle miss in event CCSICombinedCmdManager Cyclic Event. Time Overrun is 8460 us[EOL]
[2026-09-22T08:58:24.292142Z][TRM_E.newgen-tiprackmagazine][W][2330306][141]CRTCyclicEvent.cpp:TimeMissed():101|Cycle miss in event CCSICombinedCmdManager Cyclic Event. Time Overrun is 1300 us[EOL]
[2026-09-22T08:58:24.292164Z][TRM_E.newgen-tiprackmagazine][W][2330306][141]CRTCyclicEvent.cpp:TimeMissed():101|Cycle miss in event CCSICombinedRepManager. Time Overrun is 1300 us[EOL]
[2026-09-22T08:58:24.291837Z][TRM_E.barcodereader][W][2330306][133]CRTCyclicEvent.cpp:TimeMissed():101|Cycle miss in event CCSICombinedRepManager. Time Overrun is 8460 us[EOL]
[2026-09-22T08:58:24.769189Z][TRM_E.barcodereader][W][2330306][133]CRTCyclicEvent.cpp:TimeMissed():101|Cycle miss in event CCSICombinedCmdManager Cyclic Event. Time Overrun is 15843 us[EOL]
[2026-09-22T08:58:24.769217Z][TRM_E.barcodereader][W][2330306][133]CRTCyclicEvent.cpp:TimeMissed():101|Cycle miss in event CCSICombinedRepManager. Time Overrun is 15843 us[EOL]
[2026-09-22T08:58:24.771709Z][TRM_E.newgen-tiprackmagazine][W][2330306][141]CRTCyclicEvent.cpp:TimeMissed():101|Cycle miss in event CCSICombinedCmdManager Cyclic Event. Time Overrun is 10863 us[EOL]
[2026-09-22T08:58:24.771736Z][TRM_E.newgen-tiprackmagazine][W][2330306][141]CRTCyclicEvent.cpp:TimeMissed():101|Cycle miss in event CCSICombinedRepManager. Time Overrun is 10863 us[EOL]
[2026-09-22T08:58:28.693239Z][TRM_E.newgen-tiprackmagazine][I][2560016][141]IMessageHandler.h:operator()():40|Received RabbitMqMessage Roche.MolLab.InstrumentState.Ping. Content: {"Timestamp":"2026-09-22T08:58:28.6745984Z","PingId":"IS57"}[EOL]
[2026-09-22T08:58:28.693298Z][TRM_E.newgen-tiprackmagazine][I][844444436][141]UnitCommunicator.cpp:SendEvent():424|Publishing event: type=Roche.c68_8800.TipRackMagazine.E.Echo correlation_id=(n/a)[EOL]
[2026-09-22T08:58:28.693318Z][TRM_E.newgen-tiprackmagazine][I][2560017][141]MessageSender.h:SendEvent():105|Sent RabbitMqEvent Roche.c68_8800.TipRackMagazine.E.Echo. Content: {"Timestamp":"2026-09-22T08:58:28.693287Z","MagazineId":"E","PingId":"IS57"}[EOL]
[2026-09-22T08:58:29.573977Z][TRM_E.newgen-tiprackmagazine][W][2330306][141]CRTCyclicEvent.cpp:TimeMissed():101|Cycle miss in event CCSICombinedCmdManager Cyclic Event. Time Overrun is 3133 us[EOL]
[2026-09-22T08:58:29.573756Z][TRM_E.barcodereader][W][2330306][133]CRTCyclicEvent.cpp:TimeMissed():101|Cycle miss in event CCSICombinedCmdManager Cyclic Event. Time Overrun is 410 us[EOL]
[2026-09-22T08:58:29.573783Z][TRM_E.barcodereader][W][2330306][133]CRTCyclicEvent.cpp:TimeMissed():101|Cycle miss in event CCSICombinedRepManager. Time Overrun is 410 us[EOL]
[2026-09-22T08:58:29.574003Z][TRM_E.newgen-tiprackmagazine][W][2330306][141]CRTCyclicEvent.cpp:TimeMissed():101|Cycle miss in event CCSICombinedRepManager. Time Overrun is 3133 us[EOL]
[2026-09-22T08:58:37.063605Z][TRM_E.newgen-tiprackmagazine][W][2330306][141]CRTCyclicEvent.cpp:TimeMissed():101|Cycle miss in event CCSICombinedCmdManager Cyclic Event. Time Overrun is 2760 us[EOL]
[2026-09-22T08:58:37.063641Z][TRM_E.newgen-tiprackmagazine][W][2330306][141]CRTCyclicEvent.cpp:TimeMissed():101|Cycle miss in event CCSICombinedRepManager. Time Overrun is 2760 us[EOL]
[2026-09-22T08:58:39.901244Z][TRM_E.newgen-tiprackmagazine][W][2330306][141]CRTCyclicEvent.cpp:TimeMissed():101|Cycle miss in event CCSICombinedCmdManager Cyclic Event. Time Overrun is 398 us[EOL]
[2026-09-22T08:58:39.901293Z][TRM_E.newgen-tiprackmagazine][W][2330306][141]CRTCyclicEvent.cpp:TimeMissed():101|Cycle miss in event CCSICombinedRepManager. Time Overrun is 398 us[EOL]
[2026-09-22T08:58:41.440026Z][TRM_E.newgen-tiprackmagazine][W][2330306][141]CRTCyclicEvent.cpp:TimeMissed():101|Cycle miss in event CCSICombinedCmdManager Cyclic Event. Time Overrun is 9181 us[EOL]
[2026-09-22T08:58:41.440056Z][TRM_E.newgen-tiprackmagazine][W][2330306][141]CRTCyclicEvent.cpp:TimeMissed():101|Cycle miss in event CCSICombinedRepManager. Time Overrun is 9181 us[EOL]
[2026-09-22T08:58:41.441910Z][TRM_E.barcodereader][W][2330306][133]CRTCyclicEvent.cpp:TimeMissed():101|Cycle miss in event CCSICombinedCmdManager Cyclic Event. Time Overrun is 8562 us[EOL]
[2026-09-22T08:58:41.441942Z][TRM_E.barcodereader][W][2330306][133]CRTCyclicEvent.cpp:TimeMissed():101|Cycle miss in event CCSICombinedRepManager. Time Overrun is 8562 us[EOL]
[2026-09-22T08:58:47.851883Z][TRM_E.newgen-tiprackmagazine][W][2330306][141]CRTCyclicEvent.cpp:TimeMissed():101|Cycle miss in event CCSICombinedCmdManager Cyclic Event. Time Overrun is 1036 us[EOL]
[2026-09-22T08:58:47.851920Z][TRM_E.newgen-tiprackmagazine][W][2330306][141]CRTCyclicEvent.cpp:TimeMissed():101|Cycle miss in event CCSICombinedRepManager. Time Overrun is 1036 us[EOL]
[2026-09-22T08:58:56.642924Z][TRM_E.newgen-tiprackmagazine][W][2330306][141]CRTCyclicEvent.cpp:TimeMissed():101|Cycle miss in event CCSICombinedCmdManager Cyclic Event. Time Overrun is 2079 us[EOL]
[2026-09-22T08:58:56.642954Z][TRM_E.newgen-tiprackmagazine][W][2330306][141]CRTCyclicEvent.cpp:TimeMissed():101|Cycle miss in event CCSICombinedRepManager. Time Overrun is 2079 us[EOL]
[2026-09-22T08:58:58.222249Z][TRM_E.barcodereader][W][2330306][133]CRTCyclicEvent.cpp:TimeMissed():101|Cycle miss in event CCSICombinedCmdManager Cyclic Event. Time Overrun is 8900 us[EOL]
[2026-09-22T08:58:58.220339Z][TRM_E.newgen-tiprackmagazine][W][2330306][141]CRTCyclicEvent.cpp:TimeMissed():101|Cycle miss in event CCSICombinedCmdManager Cyclic Event. Time Overrun is 9496 us[EOL]
[2026-09-22T08:58:58.222287Z][TRM_E.barcodereader][W][2330306][133]CRTCyclicEvent.cpp:TimeMissed():101|Cycle miss in event CCSICombinedRepManager. Time Overrun is 8900 us[EOL]
[2026-09-22T08:58:58.220363Z][TRM_E.newgen-tiprackmagazine][W][2330306][141]CRTCyclicEvent.cpp:TimeMissed():101|Cycle miss in event CCSICombinedRepManager. Time Overrun is 9496 us[EOL]
[2026-09-22T08:58:58.361001Z][TRM_E.newgen-tiprackmagazine][W][2330306][141]CRTCyclicEvent.cpp:TimeMissed():101|Cycle miss in event CCSICombinedCmdManager Cyclic Event. Time Overrun is 150 us[EOL]
[2026-09-22T08:58:58.361029Z][TRM_E.newgen-tiprackmagazine][W][2330306][141]CRTCyclicEvent.cpp:TimeMissed():101|Cycle miss in event CCSICombinedRepManager. Time Overrun is 150 us[EOL]
[2026-09-22T08:58:58.685529Z][TRM_E.newgen-tiprackmagazine][I][2560016][141]IMessageHandler.h:operator()():40|Received RabbitMqMessage Roche.MolLab.InstrumentState.Ping. Content: {"Timestamp":"2026-09-22T08:58:58.6735955Z","PingId":"IS58"}[EOL]
[2026-09-22T08:58:58.685603Z][TRM_E.newgen-tiprackmagazine][I][844444436][141]UnitCommunicator.cpp:SendEvent():424|Publishing event: type=Roche.c68_8800.TipRackMagazine.E.Echo correlation_id=(n/a)[EOL]
[2026-09-22T08:58:58.685633Z][TRM_E.newgen-tiprackmagazine][I][2560017][141]MessageSender.h:SendEvent():105|Sent RabbitMqEvent Roche.c68_8800.TipRackMagazine.E.Echo. Content: {"Timestamp":"2026-09-22T08:58:58.685575Z","MagazineId":"E","PingId":"IS58"}[EOL]
[2026-09-22T08:59:07.373529Z][TRM_E.newgen-tiprackmagazine][W][2330306][141]CRTCyclicEvent.cpp:TimeMissed():101|Cycle miss in event CCSICombinedCmdManager Cyclic Event. Time Overrun is 2669 us[EOL]
[2026-09-22T08:59:07.373573Z][TRM_E.newgen-tiprackmagazine][W][2330306][141]CRTCyclicEvent.cpp:TimeMissed():101|Cycle miss in event CCSICombinedRepManager. Time Overrun is 2669 us[EOL]
[2026-09-22T08:59:07.842232Z][TRM_E.newgen-tiprackmagazine][W][2330306][141]CRTCyclicEvent.cpp:TimeMissed():101|Cycle miss in event CCSICombinedCmdManager Cyclic Event. Time Overrun is 1385 us[EOL]
[2026-09-22T08:59:07.842266Z][TRM_E.newgen-tiprackmagazine][W][2330306][141]CRTCyclicEvent.cpp:TimeMissed():101|Cycle miss in event CCSICombinedRepManager. Time Overrun is 1385 us[EOL]
[2026-09-22T08:59:15.491795Z][TRM_E.barcodereader][W][2330306][133]CRTCyclicEvent.cpp:TimeMissed():101|Cycle miss in event CCSICombinedCmdManager Cyclic Event. Time Overrun is 8447 us[EOL]
[2026-09-22T08:59:15.492094Z][TRM_E.newgen-tiprackmagazine][W][2330306][141]CRTCyclicEvent.cpp:TimeMissed():101|Cycle miss in event CCSICombinedCmdManager Cyclic Event. Time Overrun is 1249 us[EOL]
[2026-09-22T08:59:15.492129Z][TRM_E.newgen-tiprackmagazine][W][2330306][141]CRTCyclicEvent.cpp:TimeMissed():101|Cycle miss in event CCSICombinedRepManager. Time Overrun is 1249 us[EOL]
[2026-09-22T08:59:15.491824Z][TRM_E.barcodereader][W][2330306][133]CRTCyclicEvent.cpp:TimeMissed():101|Cycle miss in event CCSICombinedRepManager. Time Overrun is 8447 us[EOL]
[2026-09-22T08:59:16.054534Z][TRM_E.barcodereader][W][2330306][133]CRTCyclicEvent.cpp:TimeMissed():101|Cycle miss in event CCSICombinedCmdManager Cyclic Event. Time Overrun is 1186 us[EOL]
[2026-09-22T08:59:16.054494Z][TRM_E.newgen-tiprackmagazine][W][2330306][141]CRTCyclicEvent.cpp:TimeMissed():101|Cycle miss in event CCSICombinedCmdManager Cyclic Event. Time Overrun is 3648 us[EOL]
[2026-09-22T08:59:16.054575Z][TRM_E.barcodereader][W][2330306][133]CRTCyclicEvent.cpp:TimeMissed():101|Cycle miss in event CCSICombinedRepManager. Time Overrun is 1186 us[EOL]
[2026-09-22T08:59:16.054534Z][TRM_E.newgen-tiprackmagazine][W][2330306][141]CRTCyclicEvent.cpp:TimeMissed():101|Cycle miss in event CCSICombinedRepManager. Time Overrun is 3648 us[EOL]
[2026-09-22T08:59:26.554266Z][TRM_E.newgen-tiprackmagazine][W][2330306][141]CRTCyclicEvent.cpp:TimeMissed():101|Cycle miss in event CCSICombinedCmdManager Cyclic Event. Time Overrun is 3421 us[EOL]
[2026-09-22T08:59:26.554298Z][TRM_E.newgen-tiprackmagazine][W][2330306][141]CRTCyclicEvent.cpp:TimeMissed():101|Cycle miss in event CCSICombinedRepManager. Time Overrun is 3421 us[EOL]
[2026-09-22T08:59:26.554534Z][TRM_E.barcodereader][W][2330306][133]CRTCyclicEvent.cpp:TimeMissed():101|Cycle miss in event CCSICombinedCmdManager Cyclic Event. Time Overrun is 1189 us[EOL]
[2026-09-22T08:59:26.554554Z][TRM_E.barcodereader][W][2330306][133]CRTCyclicEvent.cpp:TimeMissed():101|Cycle miss in event CCSICombinedRepManager. Time Overrun is 1189 us[EOL]
[2026-09-22T08:59:28.689038Z][TRM_E.newgen-tiprackmagazine][I][2560016][141]IMessageHandler.h:operator()():40|Received RabbitMqMessage Roche.MolLab.InstrumentState.Ping. Content: {"Timestamp":"2026-09-22T08:59:28.6758101Z","PingId":"IS59"}[EOL]
[2026-09-22T08:59:28.689080Z][TRM_E.newgen-tiprackmagazine][I][844444436][141]UnitCommunicator.cpp:SendEvent():424|Publishing event: type=Roche.c68_8800.TipRackMagazine.E.Echo correlation_id=(n/a)[EOL]
[2026-09-22T08:59:28.689139Z][TRM_E.newgen-tiprackmagazine][I][2560017][141]MessageSender.h:SendEvent():105|Sent RabbitMqEvent Roche.c68_8800.TipRackMagazine.E.Echo. Content: {"Timestamp":"2026-09-22T08:59:28.689073Z","MagazineId":"E","PingId":"IS59"}[EOL]
[2026-09-22T08:59:30.971916Z][TRM_E.barcodereader][W][2330306][133]CRTCyclicEvent.cpp:TimeMissed():101|Cycle miss in event CCSICombinedCmdManager Cyclic Event. Time Overrun is 18567 us[EOL]
[2026-09-22T08:59:30.973193Z][TRM_E.newgen-tiprackmagazine][W][2330306][141]CRTCyclicEvent.cpp:TimeMissed():101|Cycle miss in event CCSICombinedCmdManager Cyclic Event. Time Overrun is 12347 us[EOL]
[2026-09-22T08:59:30.973233Z][TRM_E.newgen-tiprackmagazine][W][2330306][141]CRTCyclicEvent.cpp:TimeMissed():101|Cycle miss in event CCSICombinedRepManager. Time Overrun is 12347 us[EOL]
[2026-09-22T08:59:30.972075Z][TRM_E.barcodereader][W][2330306][133]CRTCyclicEvent.cpp:TimeMissed():101|Cycle miss in event CCSICombinedRepManager. Time Overrun is 18567 us[EOL]
[2026-09-22T08:59:31.328554Z][TRM_E.barcodereader][W][2330306][133]CRTCyclicEvent.cpp:TimeMissed():101|Cycle miss in event CCSICombinedCmdManager Cyclic Event. Time Overrun is 5207 us[EOL]
[2026-09-22T08:59:31.328589Z][TRM_E.barcodereader][W][2330306][133]CRTCyclicEvent.cpp:TimeMissed():101|Cycle miss in event CCSICombinedRepManager. Time Overrun is 5207 us[EOL]
[2026-09-22T08:59:31.328614Z][TRM_E.newgen-tiprackmagazine][W][2330306][141]CRTCyclicEvent.cpp:TimeMissed():101|Cycle miss in event CCSICombinedCmdManager Cyclic Event. Time Overrun is 7769 us[EOL]
[2026-09-22T08:59:31.328642Z][TRM_E.newgen-tiprackmagazine][W][2330306][141]CRTCyclicEvent.cpp:TimeMissed():101|Cycle miss in event CCSICombinedRepManager. Time Overrun is 7769 us[EOL]
[2026-09-22T08:59:36.793637Z][TRM_E.newgen-tiprackmagazine][W][2330306][141]CRTCyclicEvent.cpp:TimeMissed():101|Cycle miss in event CCSICombinedCmdManager Cyclic Event. Time Overrun is 2793 us[EOL]
[2026-09-22T08:59:36.793668Z][TRM_E.newgen-tiprackmagazine][W][2330306][141]CRTCyclicEvent.cpp:TimeMissed():101|Cycle miss in event CCSICombinedRepManager. Time Overrun is 2793 us[EOL]
[2026-09-22T08:59:37.929548Z][TRM_E.barcodereader][W][2330306][133]CRTCyclicEvent.cpp:TimeMissed():101|Cycle miss in event CCSICombinedCmdManager Cyclic Event. Time Overrun is 6197 us[EOL]
[2026-09-22T08:59:37.929600Z][TRM_E.barcodereader][W][2330306][133]CRTCyclicEvent.cpp:TimeMissed():101|Cycle miss in event CCSICombinedRepManager. Time Overrun is 6197 us[EOL]
[2026-09-22T08:59:37.990177Z][TRM_E.newgen-tiprackmagazine][W][2330306][141]CRTCyclicEvent.cpp:TimeMissed():101|Cycle miss in event CCSICombinedCmdManager Cyclic Event. Time Overrun is 9333 us[EOL]
[2026-09-22T08:59:37.990214Z][TRM_E.newgen-tiprackmagazine][W][2330306][141]CRTCyclicEvent.cpp:TimeMissed():101|Cycle miss in event CCSICombinedRepManager. Time Overrun is 9333 us[EOL]
[2026-09-22T08:59:40.761701Z][TRM_E.newgen-tiprackmagazine][W][2330306][141]CRTCyclicEvent.cpp:TimeMissed():101|Cycle miss in event CCSICombinedCmdManager Cyclic Event. Time Overrun is 855 us[EOL]
[2026-09-22T08:59:40.761734Z][TRM_E.newgen-tiprackmagazine][W][2330306][141]CRTCyclicEvent.cpp:TimeMissed():101|Cycle miss in event CCSICombinedRepManager. Time Overrun is 855 us[EOL]
[2026-09-22T08:59:42.854123Z][TRM_E.barcodereader][W][2330306][133]CRTCyclicEvent.cpp:TimeMissed():101|Cycle miss in event CCSICombinedCmdManager Cyclic Event. Time Overrun is 775 us[EOL]
[2026-09-22T08:59:42.854171Z][TRM_E.barcodereader][W][2330306][133]CRTCyclicEvent.cpp:TimeMissed():101|Cycle miss in event CCSICombinedRepManager. Time Overrun is 775 us[EOL]
[2026-09-22T08:59:42.851503Z][TRM_E.newgen-tiprackmagazine][W][2330306][141]CRTCyclicEvent.cpp:TimeMissed():101|Cycle miss in event CCSICombinedCmdManager Cyclic Event. Time Overrun is 657 us[EOL]
[2026-09-22T08:59:42.851542Z][TRM_E.newgen-tiprackmagazine][W][2330306][141]CRTCyclicEvent.cpp:TimeMissed():101|Cycle miss in event CCSICombinedRepManager. Time Overrun is 657 us[EOL]
[2026-09-22T08:59:58.696080Z][TRM_E.newgen-tiprackmagazine][I][2560016][141]IMessageHandler.h:operator()():40|Received RabbitMqMessage Roche.MolLab.InstrumentState.Ping. Content: {"Timestamp":"2026-09-22T08:59:58.6747518Z","PingId":"IS60"}[EOL]
[2026-09-22T08:59:58.696109Z][TRM_E.newgen-tiprackmagazine][I][844444436][141]UnitCommunicator.cpp:SendEvent():424|Publishing event: type=Roche.c68_8800.TipRackMagazine.E.Echo correlation_id=(n/a)[EOL]
[2026-09-22T08:59:58.696125Z][TRM_E.newgen-tiprackmagazine][I][2560017][141]MessageSender.h:SendEvent():105|Sent RabbitMqEvent Roche.c68_8800.TipRackMagazine.E.Echo. Content: {"Timestamp":"2026-09-22T08:59:58.696105Z","MagazineId":"E","PingId":"IS60"}[EOL]
[2026-09-22T09:00:02.844673Z][TRM_E.barcodereader][W][2330306][133]CRTCyclicEvent.cpp:TimeMissed():101|Cycle miss in event CCSICombinedCmdManager Cyclic Event. Time Overrun is 1326 us[EOL]
[2026-09-22T09:00:02.846428Z][TRM_E.newgen-tiprackmagazine][W][2330306][141]CRTCyclicEvent.cpp:TimeMissed():101|Cycle miss in event CCSICombinedCmdManager Cyclic Event. Time Overrun is 5577 us[EOL]
[2026-09-22T09:00:02.844702Z][TRM_E.barcodereader][W][2330306][133]CRTCyclicEvent.cpp:TimeMissed():101|Cycle miss in event CCSICombinedRepManager. Time Overrun is 1326 us[EOL]
[2026-09-22T09:00:02.846498Z][TRM_E.newgen-tiprackmagazine][W][2330306][141]CRTCyclicEvent.cpp:TimeMissed():101|Cycle miss in event CCSICombinedRepManager. Time Overrun is 5577 us[EOL]
[2026-09-22T09:00:04.349593Z][TRM_E.barcodereader][W][2330306][133]CRTCyclicEvent.cpp:TimeMissed():101|Cycle miss in event CCSICombinedCmdManager Cyclic Event. Time Overrun is 6243 us[EOL]
[2026-09-22T09:00:04.349639Z][TRM_E.barcodereader][W][2330306][133]CRTCyclicEvent.cpp:TimeMissed():101|Cycle miss in event CCSICombinedRepManager. Time Overrun is 6243 us[EOL]
[2026-09-22T09:00:04.353903Z][TRM_E.newgen-tiprackmagazine][W][2330306][141]CRTCyclicEvent.cpp:TimeMissed():101|Cycle miss in event CCSICombinedCmdManager Cyclic Event. Time Overrun is 3059 us[EOL]
[2026-09-22T09:00:04.353931Z][TRM_E.newgen-tiprackmagazine][W][2330306][141]CRTCyclicEvent.cpp:TimeMissed():101|Cycle miss in event CCSICombinedRepManager. Time Overrun is 3059 us[EOL]
[2026-09-22T09:00:06.570979Z][TRM_E.newgen-tiprackmagazine][W][2330306][141]CRTCyclicEvent.cpp:TimeMissed():101|Cycle miss in event CCSICombinedCmdManager Cyclic Event. Time Overrun is 10133 us[EOL]
[2026-09-22T09:00:06.571016Z][TRM_E.newgen-tiprackmagazine][W][2330306][141]CRTCyclicEvent.cpp:TimeMissed():101|Cycle miss in event CCSICombinedRepManager. Time Overrun is 10133 us[EOL]
[2026-09-22T09:00:06.570839Z][TRM_E.barcodereader][W][2330306][133]CRTCyclicEvent.cpp:TimeMissed():101|Cycle miss in event CCSICombinedCmdManager Cyclic Event. Time Overrun is 7494 us[EOL]
[2026-09-22T09:00:06.570857Z][TRM_E.barcodereader][W][2330306][133]CRTCyclicEvent.cpp:TimeMissed():101|Cycle miss in event CCSICombinedRepManager. Time Overrun is 7494 us[EOL]
[2026-09-22T09:00:10.157685Z][TRM_E.barcodereader][W][2330306][133]CRTCyclicEvent.cpp:TimeMissed():101|Cycle miss in event CCSICombinedCmdManager Cyclic Event. Time Overrun is 4340 us[EOL]
[2026-09-22T09:00:10.157707Z][TRM_E.barcodereader][W][2330306][133]CRTCyclicEvent.cpp:TimeMissed():101|Cycle miss in event CCSICombinedRepManager. Time Overrun is 4340 us[EOL]
[2026-09-22T09:00:12.845398Z][TRM_E.newgen-tiprackmagazine][W][2330306][141]CRTCyclicEvent.cpp:TimeMissed():101|Cycle miss in event CCSICombinedCmdManager Cyclic Event. Time Overrun is 4552 us[EOL]
[2026-09-22T09:00:12.845432Z][TRM_E.newgen-tiprackmagazine][W][2330306][141]CRTCyclicEvent.cpp:TimeMissed():101|Cycle miss in event CCSICombinedRepManager. Time Overrun is 4552 us[EOL]
[2026-09-22T09:00:13.532317Z][TRM_E.newgen-tiprackmagazine][W][2330306][141]CRTCyclicEvent.cpp:TimeMissed():101|Cycle miss in event CCSICombinedCmdManager Cyclic Event. Time Overrun is 1473 us[EOL]
[2026-09-22T09:00:13.532341Z][TRM_E.newgen-tiprackmagazine][W][2330306][141]CRTCyclicEvent.cpp:TimeMissed():101|Cycle miss in event CCSICombinedRepManager. Time Overrun is 1473 us[EOL]
[2026-09-22T09:00:22.841218Z][TRM_E.newgen-tiprackmagazine][W][2330306][141]CRTCyclicEvent.cpp:TimeMissed():101|Cycle miss in event CCSICombinedCmdManager Cyclic Event. Time Overrun is 20373 us[EOL]
[2026-09-22T09:00:22.841251Z][TRM_E.newgen-tiprackmagazine][W][2330306][141]CRTCyclicEvent.cpp:TimeMissed():101|Cycle miss in event CCSICombinedRepManager. Time Overrun is 20373 us[EOL]
[2026-09-22T09:00:22.842910Z][TRM_E.barcodereader][W][2330306][133]CRTCyclicEvent.cpp:TimeMissed():101|Cycle miss in event CCSICombinedCmdManager Cyclic Event. Time Overrun is 29562 us[EOL]
[2026-09-22T09:00:22.842943Z][TRM_E.barcodereader][W][2330306][133]CRTCyclicEvent.cpp:TimeMissed():101|Cycle miss in event CCSICombinedRepManager. Time Overrun is 29562 us[EOL]
[2026-09-22T09:00:28.683266Z][TRM_E.newgen-tiprackmagazine][I][2560016][141]IMessageHandler.h:operator()():40|Received RabbitMqMessage Roche.MolLab.InstrumentState.Ping. Content: {"Timestamp":"2026-09-22T09:00:28.6746669Z","PingId":"IS61"}[EOL]
[2026-09-22T09:00:28.683311Z][TRM_E.newgen-tiprackmagazine][I][844444436][141]UnitCommunicator.cpp:SendEvent():424|Publishing event: type=Roche.c68_8800.TipRackMagazine.E.Echo correlation_id=(n/a)[EOL]
[2026-09-22T09:00:28.683459Z][TRM_E.newgen-tiprackmagazine][I][2560017][141]MessageSender.h:SendEvent():105|Sent RabbitMqEvent Roche.c68_8800.TipRackMagazine.E.Echo. Content: {"Timestamp":"2026-09-22T09:00:28.683301Z","MagazineId":"E","PingId":"IS61"}[EOL]
[2026-09-22T09:00:33.987795Z][TRM_E.barcodereader][W][2330306][133]CRTCyclicEvent.cpp:TimeMissed():101|Cycle miss in event CCSICombinedCmdManager Cyclic Event. Time Overrun is 4448 us[EOL]
[2026-09-22T09:00:33.987833Z][TRM_E.barcodereader][W][2330306][133]CRTCyclicEvent.cpp:TimeMissed():101|Cycle miss in event CCSICombinedRepManager. Time Overrun is 4448 us[EOL]
[2026-09-22T09:00:33.987691Z][TRM_E.newgen-tiprackmagazine][W][2330306][141]CRTCyclicEvent.cpp:TimeMissed():101|Cycle miss in event CCSICombinedCmdManager Cyclic Event. Time Overrun is 6844 us[EOL]
[2026-09-22T09:00:33.987730Z][TRM_E.newgen-tiprackmagazine][W][2330306][141]CRTCyclicEvent.cpp:TimeMissed():101|Cycle miss in event CCSICombinedRepManager. Time Overrun is 6844 us[EOL]
[2026-09-22T09:00:35.849342Z][TRM_E.newgen-tiprackmagazine][W][2330306][141]CRTCyclicEvent.cpp:TimeMissed():101|Cycle miss in event CCSICombinedCmdManager Cyclic Event. Time Overrun is 8496 us[EOL]
[2026-09-22T09:00:35.847402Z][TRM_E.barcodereader][W][2330306][133]CRTCyclicEvent.cpp:TimeMissed():101|Cycle miss in event CCSICombinedCmdManager Cyclic Event. Time Overrun is 4054 us[EOL]
[2026-09-22T09:00:35.847443Z][TRM_E.barcodereader][W][2330306][133]CRTCyclicEvent.cpp:TimeMissed():101|Cycle miss in event CCSICombinedRepManager. Time Overrun is 4054 us[EOL]
[2026-09-22T09:00:35.849378Z][TRM_E.newgen-tiprackmagazine][W][2330306][141]CRTCyclicEvent.cpp:TimeMissed():101|Cycle miss in event CCSICombinedRepManager. Time Overrun is 8496 us[EOL]
[2026-09-22T09:00:36.050923Z][TRM_E.newgen-tiprackmagazine][W][2330306][141]CRTCyclicEvent.cpp:TimeMissed():101|Cycle miss in event CCSICombinedCmdManager Cyclic Event. Time Overrun is 20076 us[EOL]
[2026-09-22T09:00:36.050954Z][TRM_E.newgen-tiprackmagazine][W][2330306][141]CRTCyclicEvent.cpp:TimeMissed():101|Cycle miss in event CCSICombinedRepManager. Time Overrun is 20076 us[EOL]
[2026-09-22T09:00:36.050494Z][TRM_E.barcodereader][W][2330306][133]CRTCyclicEvent.cpp:TimeMissed():101|Cycle miss in event CCSICombinedCmdManager Cyclic Event. Time Overrun is 17147 us[EOL]
[2026-09-22T09:00:36.050525Z][TRM_E.barcodereader][W][2330306][133]CRTCyclicEvent.cpp:TimeMissed():101|Cycle miss in event CCSICombinedRepManager. Time Overrun is 17147 us[EOL]
[2026-09-22T09:00:42.874280Z][TRM_E.barcodereader][W][2330306][133]CRTCyclicEvent.cpp:TimeMissed():101|Cycle miss in event CCSICombinedCmdManager Cyclic Event. Time Overrun is 927 us[EOL]
[2026-09-22T09:00:42.881631Z][TRM_E.newgen-tiprackmagazine][W][2330306][141]CRTCyclicEvent.cpp:TimeMissed():101|Cycle miss in event CCSICombinedCmdManager Cyclic Event. Time Overrun is 786 us[EOL]
[2026-09-22T09:00:42.874322Z][TRM_E.barcodereader][W][2330306][133]CRTCyclicEvent.cpp:TimeMissed():101|Cycle miss in event CCSICombinedRepManager. Time Overrun is 927 us[EOL]
[2026-09-22T09:00:42.883472Z][TRM_E.newgen-tiprackmagazine][W][2330306][141]CRTCyclicEvent.cpp:TimeMissed():101|Cycle miss in event CCSICombinedRepManager. Time Overrun is 786 us[EOL]
[2026-09-22T09:00:43.866007Z][TRM_E.newgen-tiprackmagazine][W][2330306][141]CRTCyclicEvent.cpp:TimeMissed():101|Cycle miss in event CCSICombinedCmdManager Cyclic Event. Time Overrun is 5161 us[EOL]
[2026-09-22T09:00:43.866044Z][TRM_E.newgen-tiprackmagazine][W][2330306][141]CRTCyclicEvent.cpp:TimeMissed():101|Cycle miss in event CCSICombinedRepManager. Time Overrun is 5161 us[EOL]
[2026-09-22T09:00:43.866255Z][TRM_E.barcodereader][W][2330306][133]CRTCyclicEvent.cpp:TimeMissed():101|Cycle miss in event CCSICombinedCmdManager Cyclic Event. Time Overrun is 2906 us[EOL]
[2026-09-22T09:00:43.866291Z][TRM_E.barcodereader][W][2330306][133]CRTCyclicEvent.cpp:TimeMissed():101|Cycle miss in event CCSICombinedRepManager. Time Overrun is 2906 us[EOL]
[2026-09-22T09:00:47.825606Z][TRM_E.newgen-tiprackmagazine][W][2330306][141]CRTCyclicEvent.cpp:TimeMissed():101|Cycle miss in event CCSICombinedCmdManager Cyclic Event. Time Overrun is 4758 us[EOL]
[2026-09-22T09:00:47.825655Z][TRM_E.newgen-tiprackmagazine][W][2330306][141]CRTCyclicEvent.cpp:TimeMissed():101|Cycle miss in event CCSICombinedRepManager. Time Overrun is 4758 us[EOL]
[2026-09-22T09:00:47.850886Z][TRM_E.barcodereader][W][2330306][133]CRTCyclicEvent.cpp:TimeMissed():101|Cycle miss in event CCSICombinedCmdManager Cyclic Event. Time Overrun is 37537 us[EOL]
[2026-09-22T09:00:47.850921Z][TRM_E.barcodereader][W][2330306][133]CRTCyclicEvent.cpp:TimeMissed():101|Cycle miss in event CCSICombinedRepManager. Time Overrun is 37537 us[EOL]
[2026-09-22T09:00:47.952501Z][TRM_E.newgen-tiprackmagazine][W][2330306][141]CRTCyclicEvent.cpp:TimeMissed():101|Cycle miss in event CCSICombinedCmdManager Cyclic Event. Time Overrun is 1652 us[EOL]
[2026-09-22T09:00:47.952544Z][TRM_E.newgen-tiprackmagazine][W][2330306][141]CRTCyclicEvent.cpp:TimeMissed():101|Cycle miss in event CCSICombinedRepManager. Time Overrun is 1652 us[EOL]
[2026-09-22T09:00:47.996961Z][TRM_E.barcodereader][W][2330306][133]CRTCyclicEvent.cpp:TimeMissed():101|Cycle miss in event CCSICombinedCmdManager Cyclic Event. Time Overrun is 3614 us[EOL]
[2026-09-22T09:00:47.996992Z][TRM_E.barcodereader][W][2330306][133]CRTCyclicEvent.cpp:TimeMissed():101|Cycle miss in event CCSICombinedRepManager. Time Overrun is 3614 us[EOL]
[2026-09-22T09:00:48.534035Z][TRM_E.newgen-tiprackmagazine][W][2330306][141]CRTCyclicEvent.cpp:TimeMissed():101|Cycle miss in event CCSICombinedCmdManager Cyclic Event. Time Overrun is 3187 us[EOL]
[2026-09-22T09:00:48.534500Z][TRM_E.barcodereader][W][2330306][133]CRTCyclicEvent.cpp:TimeMissed():101|Cycle miss in event CCSICombinedCmdManager Cyclic Event. Time Overrun is 1150 us[EOL]
[2026-09-22T09:00:48.534078Z][TRM_E.newgen-tiprackmagazine][W][2330306][141]CRTCyclicEvent.cpp:TimeMissed():101|Cycle miss in event CCSICombinedRepManager. Time Overrun is 3187 us[EOL]
[2026-09-22T09:00:48.534543Z][TRM_E.barcodereader][W][2330306][133]CRTCyclicEvent.cpp:TimeMissed():101|Cycle miss in event CCSICombinedRepManager. Time Overrun is 1150 us[EOL]
[2026-09-22T09:00:49.012016Z][TRM_E.newgen-tiprackmagazine][W][2330306][141]CRTCyclicEvent.cpp:TimeMissed():101|Cycle miss in event CCSICombinedCmdManager Cyclic Event. Time Overrun is 1170 us[EOL]
[2026-09-22T09:00:49.012054Z][TRM_E.newgen-tiprackmagazine][W][2330306][141]CRTCyclicEvent.cpp:TimeMissed():101|Cycle miss in event CCSICombinedRepManager. Time Overrun is 1170 us[EOL]
[2026-09-22T09:00:56.099064Z][TRM_E.newgen-tiprackmagazine][W][2330306][141]CRTCyclicEvent.cpp:TimeMissed():101|Cycle miss in event CCSICombinedCmdManager Cyclic Event. Time Overrun is 18218 us[EOL]
[2026-09-22T09:00:56.099104Z][TRM_E.newgen-tiprackmagazine][W][2330306][141]CRTCyclicEvent.cpp:TimeMissed():101|Cycle miss in event CCSICombinedRepManager. Time Overrun is 18218 us[EOL]
[2026-09-22T09:00:56.165474Z][TRM_E.barcodereader][W][2330306][133]CRTCyclicEvent.cpp:TimeMissed():101|Cycle miss in event CCSICombinedCmdManager Cyclic Event. Time Overrun is 22124 us[EOL]
[2026-09-22T09:00:56.165514Z][TRM_E.barcodereader][W][2330306][133]CRTCyclicEvent.cpp:TimeMissed():101|Cycle miss in event CCSICombinedRepManager. Time Overrun is 22124 us[EOL]
[2026-09-22T09:00:56.777637Z][TRM_E.newgen-tiprackmagazine][W][2330306][141]CRTCyclicEvent.cpp:TimeMissed():101|Cycle miss in event CCSICombinedCmdManager Cyclic Event. Time Overrun is 6789 us[EOL]
[2026-09-22T09:00:56.777698Z][TRM_E.newgen-tiprackmagazine][W][2330306][141]CRTCyclicEvent.cpp:TimeMissed():101|Cycle miss in event CCSICombinedRepManager. Time Overrun is 6789 us[EOL]
[2026-09-22T09:00:56.996045Z][TRM_E.newgen-tiprackmagazine][W][2330306][141]CRTCyclicEvent.cpp:TimeMissed():101|Cycle miss in event CCSICombinedCmdManager Cyclic Event. Time Overrun is 45198 us[EOL]
[2026-09-22T09:00:56.994382Z][TRM_E.barcodereader][W][2330306][133]CRTCyclicEvent.cpp:TimeMissed():101|Cycle miss in event CCSICombinedCmdManager Cyclic Event. Time Overrun is 11032 us[EOL]
[2026-09-22T09:00:56.994436Z][TRM_E.barcodereader][W][2330306][133]CRTCyclicEvent.cpp:TimeMissed():101|Cycle miss in event CCSICombinedRepManager. Time Overrun is 11032 us[EOL]
[2026-09-22T09:00:56.996291Z][TRM_E.newgen-tiprackmagazine][W][2330306][141]CRTCyclicEvent.cpp:TimeMissed():101|Cycle miss in event CCSICombinedRepManager. Time Overrun is 45198 us[EOL]
[2026-09-22T09:00:57.115672Z][TRM_E.newgen-tiprackmagazine][W][2330306][141]CRTCyclicEvent.cpp:TimeMissed():101|Cycle miss in event CCSICombinedCmdManager Cyclic Event. Time Overrun is 4811 us[EOL]
[2026-09-22T09:00:57.115723Z][TRM_E.newgen-tiprackmagazine][W][2330306][141]CRTCyclicEvent.cpp:TimeMissed():101|Cycle miss in event CCSICombinedRepManager. Time Overrun is 4811 us[EOL]
[2026-09-22T09:00:57.204577Z][TRM_E.barcodereader][W][2330306][133]CRTCyclicEvent.cpp:TimeMissed():101|Cycle miss in event CCSICombinedCmdManager Cyclic Event. Time Overrun is 41228 us[EOL]
[2026-09-22T09:00:57.204618Z][TRM_E.barcodereader][W][2330306][133]CRTCyclicEvent.cpp:TimeMissed():101|Cycle miss in event CCSICombinedRepManager. Time Overrun is 41228 us[EOL]
[2026-09-22T09:00:57.843393Z][TRM_E.barcodereader][W][2330306][133]CRTCyclicEvent.cpp:TimeMissed():101|Cycle miss in event CCSICombinedCmdManager Cyclic Event. Time Overrun is 46 us[EOL]
[2026-09-22T09:00:57.843438Z][TRM_E.barcodereader][W][2330306][133]CRTCyclicEvent.cpp:TimeMissed():101|Cycle miss in event CCSICombinedRepManager. Time Overrun is 46 us[EOL]
[2026-09-22T09:00:57.848745Z][TRM_E.newgen-tiprackmagazine][W][2330306][141]CRTCyclicEvent.cpp:TimeMissed():101|Cycle miss in event CCSICombinedCmdManager Cyclic Event. Time Overrun is 7891 us[EOL]
[2026-09-22T09:00:57.848794Z][TRM_E.newgen-tiprackmagazine][W][2330306][141]CRTCyclicEvent.cpp:TimeMissed():101|Cycle miss in event CCSICombinedRepManager. Time Overrun is 7891 us[EOL]
[2026-09-22T09:00:58.682098Z][TRM_E.newgen-tiprackmagazine][I][2560016][141]IMessageHandler.h:operator()():40|Received RabbitMqMessage Roche.MolLab.InstrumentState.Ping. Content: {"Timestamp":"2026-09-22T09:00:58.6773751Z","PingId":"IS62"}[EOL]
[2026-09-22T09:00:58.682259Z][TRM_E.newgen-tiprackmagazine][I][844444436][141]UnitCommunicator.cpp:SendEvent():424|Publishing event: type=Roche.c68_8800.TipRackMagazine.E.Echo correlation_id=(n/a)[EOL]
[2026-09-22T09:00:58.682339Z][TRM_E.newgen-tiprackmagazine][I][2560017][141]MessageSender.h:SendEvent():105|Sent RabbitMqEvent Roche.c68_8800.TipRackMagazine.E.Echo. Content: {"Timestamp":"2026-09-22T09:00:58.682188Z","MagazineId":"E","PingId":"IS62"}[EOL]
[2026-09-22T09:00:58.760990Z][TRM_E.barcodereader][W][2330306][133]CRTCyclicEvent.cpp:TimeMissed():101|Cycle miss in event CCSICombinedCmdManager Cyclic Event. Time Overrun is 7644 us[EOL]
[2026-09-22T09:00:58.761024Z][TRM_E.barcodereader][W][2330306][133]CRTCyclicEvent.cpp:TimeMissed():101|Cycle miss in event CCSICombinedRepManager. Time Overrun is 7644 us[EOL]
[2026-09-22T09:00:58.760794Z][TRM_E.newgen-tiprackmagazine][W][2330306][141]CRTCyclicEvent.cpp:TimeMissed():101|Cycle miss in event CCSICombinedCmdManager Cyclic Event. Time Overrun is 9948 us[EOL]
[2026-09-22T09:00:58.760833Z][TRM_E.newgen-tiprackmagazine][W][2330306][141]CRTCyclicEvent.cpp:TimeMissed():101|Cycle miss in event CCSICombinedRepManager. Time Overrun is 9948 us[EOL]
[2026-09-22T09:00:59.581154Z][TRM_E.barcodereader][W][2330306][133]CRTCyclicEvent.cpp:TimeMissed():101|Cycle miss in event CCSICombinedCmdManager Cyclic Event. Time Overrun is 7805 us[EOL]
[2026-09-22T09:00:59.582950Z][TRM_E.newgen-tiprackmagazine][W][2330306][141]CRTCyclicEvent.cpp:TimeMissed():101|Cycle miss in event CCSICombinedCmdManager Cyclic Event. Time Overrun is 2105 us[EOL]
[2026-09-22T09:00:59.582985Z][TRM_E.newgen-tiprackmagazine][W][2330306][141]CRTCyclicEvent.cpp:TimeMissed():101|Cycle miss in event CCSICombinedRepManager. Time Overrun is 2105 us[EOL]
[2026-09-22T09:00:59.581193Z][TRM_E.barcodereader][W][2330306][133]CRTCyclicEvent.cpp:TimeMissed():101|Cycle miss in event CCSICombinedRepManager. Time Overrun is 7805 us[EOL]
[2026-09-22T09:01:00.225675Z][TRM_E.barcodereader][W][2330306][133]CRTCyclicEvent.cpp:TimeMissed():101|Cycle miss in event CCSICombinedCmdManager Cyclic Event. Time Overrun is 2321 us[EOL]
[2026-09-22T09:01:00.225722Z][TRM_E.barcodereader][W][2330306][133]CRTCyclicEvent.cpp:TimeMissed():101|Cycle miss in event CCSICombinedRepManager. Time Overrun is 2321 us[EOL]
[2026-09-22T09:01:00.225088Z][TRM_E.newgen-tiprackmagazine][W][2330306][141]CRTCyclicEvent.cpp:TimeMissed():101|Cycle miss in event CCSICombinedCmdManager Cyclic Event. Time Overrun is 4236 us[EOL]
[2026-09-22T09:01:00.225122Z][TRM_E.newgen-tiprackmagazine][W][2330306][141]CRTCyclicEvent.cpp:TimeMissed():101|Cycle miss in event CCSICombinedRepManager. Time Overrun is 4236 us[EOL]
[2026-09-22T09:01:11.372320Z][TRM_E.newgen-tiprackmagazine][W][2330306][141]CRTCyclicEvent.cpp:TimeMissed():101|Cycle miss in event CCSICombinedCmdManager Cyclic Event. Time Overrun is 1477 us[EOL]
[2026-09-22T09:01:11.372348Z][TRM_E.newgen-tiprackmagazine][W][2330306][141]CRTCyclicEvent.cpp:TimeMissed():101|Cycle miss in event CCSICombinedRepManager. Time Overrun is 1477 us[EOL]
[2026-09-22T09:01:28.680968Z][TRM_E.newgen-tiprackmagazine][I][2560016][141]IMessageHandler.h:operator()():40|Received RabbitMqMessage Roche.MolLab.InstrumentState.Ping. Content: {"Timestamp":"2026-09-22T09:01:28.6740293Z","PingId":"IS63"}[EOL]
[2026-09-22T09:01:28.681113Z][TRM_E.newgen-tiprackmagazine][I][844444436][141]UnitCommunicator.cpp:SendEvent():424|Publishing event: type=Roche.c68_8800.TipRackMagazine.E.Echo correlation_id=(n/a)[EOL]
[2026-09-22T09:01:28.681165Z][TRM_E.newgen-tiprackmagazine][I][2560017][141]MessageSender.h:SendEvent():105|Sent RabbitMqEvent Roche.c68_8800.TipRackMagazine.E.Echo. Content: {"Timestamp":"2026-09-22T09:01:28.681099Z","MagazineId":"E","PingId":"IS63"}[EOL]
[2026-09-22T09:01:28.732914Z][TRM_E.barcodereader][W][2330306][133]CRTCyclicEvent.cpp:TimeMissed():101|Cycle miss in event CCSICombinedCmdManager Cyclic Event. Time Overrun is 9567 us[EOL]
[2026-09-22T09:01:28.732949Z][TRM_E.barcodereader][W][2330306][133]CRTCyclicEvent.cpp:TimeMissed():101|Cycle miss in event CCSICombinedRepManager. Time Overrun is 9567 us[EOL]
[2026-09-22T09:01:28.772791Z][TRM_E.newgen-tiprackmagazine][W][2330306][141]CRTCyclicEvent.cpp:TimeMissed():101|Cycle miss in event CCSICombinedCmdManager Cyclic Event. Time Overrun is 21946 us[EOL]
[2026-09-22T09:01:28.772820Z][TRM_E.newgen-tiprackmagazine][W][2330306][141]CRTCyclicEvent.cpp:TimeMissed():101|Cycle miss in event CCSICombinedRepManager. Time Overrun is 21946 us[EOL]
[2026-09-22T09:01:30.072062Z][TRM_E.newgen-tiprackmagazine][W][2330306][141]CRTCyclicEvent.cpp:TimeMissed():101|Cycle miss in event CCSICombinedCmdManager Cyclic Event. Time Overrun is 1188 us[EOL]
[2026-09-22T09:01:30.072164Z][TRM_E.newgen-tiprackmagazine][W][2330306][141]CRTCyclicEvent.cpp:TimeMissed():101|Cycle miss in event CCSICombinedRepManager. Time Overrun is 1188 us[EOL]
[2026-09-22T09:01:50.069106Z][TRM_E.barcodereader][W][2330306][133]CRTCyclicEvent.cpp:TimeMissed():101|Cycle miss in event CCSICombinedCmdManager Cyclic Event. Time Overrun is 25757 us[EOL]
[2026-09-22T09:01:50.069132Z][TRM_E.barcodereader][W][2330306][133]CRTCyclicEvent.cpp:TimeMissed():101|Cycle miss in event CCSICombinedRepManager. Time Overrun is 25757 us[EOL]
[2026-09-22T09:01:50.070116Z][TRM_E.newgen-tiprackmagazine][W][2330306][141]CRTCyclicEvent.cpp:TimeMissed():101|Cycle miss in event CCSICombinedCmdManager Cyclic Event. Time Overrun is 29270 us[EOL]
[2026-09-22T09:01:50.070146Z][TRM_E.newgen-tiprackmagazine][W][2330306][141]CRTCyclicEvent.cpp:TimeMissed():101|Cycle miss in event CCSICombinedRepManager. Time Overrun is 29270 us[EOL]
[2026-09-22T09:01:54.267594Z][TRM_E.barcodereader][W][2330306][133]CRTCyclicEvent.cpp:TimeMissed():101|Cycle miss in event CCSICombinedCmdManager Cyclic Event. Time Overrun is 14247 us[EOL]
[2026-09-22T09:01:54.266867Z][TRM_E.newgen-tiprackmagazine][W][2330306][141]CRTCyclicEvent.cpp:TimeMissed():101|Cycle miss in event CCSICombinedCmdManager Cyclic Event. Time Overrun is 16018 us[EOL]
[2026-09-22T09:01:54.267628Z][TRM_E.barcodereader][W][2330306][133]CRTCyclicEvent.cpp:TimeMissed():101|Cycle miss in event CCSICombinedRepManager. Time Overrun is 14247 us[EOL]
[2026-09-22T09:01:54.266910Z][TRM_E.newgen-tiprackmagazine][W][2330306][141]CRTCyclicEvent.cpp:TimeMissed():101|Cycle miss in event CCSICombinedRepManager. Time Overrun is 16018 us[EOL]
[2026-09-22T09:01:58.680890Z][TRM_E.newgen-tiprackmagazine][I][2560016][141]IMessageHandler.h:operator()():40|Received RabbitMqMessage Roche.MolLab.InstrumentState.Ping. Content: {"Timestamp":"2026-09-22T09:01:58.6740698Z","PingId":"IS64"}[EOL]
[2026-09-22T09:01:58.680920Z][TRM_E.newgen-tiprackmagazine][I][844444436][141]UnitCommunicator.cpp:SendEvent():424|Publishing event: type=Roche.c68_8800.TipRackMagazine.E.Echo correlation_id=(n/a)[EOL]
[2026-09-22T09:01:58.680936Z][TRM_E.newgen-tiprackmagazine][I][2560017][141]MessageSender.h:SendEvent():105|Sent RabbitMqEvent Roche.c68_8800.TipRackMagazine.E.Echo. Content: {"Timestamp":"2026-09-22T09:01:58.680916Z","MagazineId":"E","PingId":"IS64"}[EOL]
[2026-09-22T09:02:01.200893Z][TRM_E.newgen-tiprackmagazine][W][2330306][141]CRTCyclicEvent.cpp:TimeMissed():101|Cycle miss in event CCSICombinedCmdManager Cyclic Event. Time Overrun is 47 us[EOL]
[2026-09-22T09:02:01.200931Z][TRM_E.newgen-tiprackmagazine][W][2330306][141]CRTCyclicEvent.cpp:TimeMissed():101|Cycle miss in event CCSICombinedRepManager. Time Overrun is 47 us[EOL]
[2026-09-22T09:02:06.791700Z][TRM_E.barcodereader][W][2330306][133]CRTCyclicEvent.cpp:TimeMissed():101|Cycle miss in event CCSICombinedCmdManager Cyclic Event. Time Overrun is 8349 us[EOL]
[2026-09-22T09:02:06.791735Z][TRM_E.barcodereader][W][2330306][133]CRTCyclicEvent.cpp:TimeMissed():101|Cycle miss in event CCSICombinedRepManager. Time Overrun is 8349 us[EOL]
[2026-09-22T09:02:06.791911Z][TRM_E.newgen-tiprackmagazine][W][2330306][141]CRTCyclicEvent.cpp:TimeMissed():101|Cycle miss in event CCSICombinedCmdManager Cyclic Event. Time Overrun is 11068 us[EOL]
[2026-09-22T09:02:06.791936Z][TRM_E.newgen-tiprackmagazine][W][2330306][141]CRTCyclicEvent.cpp:TimeMissed():101|Cycle miss in event CCSICombinedRepManager. Time Overrun is 11068 us[EOL]
[2026-09-22T09:02:11.324934Z][TRM_E.newgen-tiprackmagazine][W][2330306][141]CRTCyclicEvent.cpp:TimeMissed():101|Cycle miss in event CCSICombinedCmdManager Cyclic Event. Time Overrun is 4091 us[EOL]
[2026-09-22T09:02:11.324970Z][TRM_E.newgen-tiprackmagazine][W][2330306][141]CRTCyclicEvent.cpp:TimeMissed():101|Cycle miss in event CCSICombinedRepManager. Time Overrun is 4091 us[EOL]
[2026-09-22T09:02:22.270354Z][TRM_E.newgen-tiprackmagazine][W][2330306][141]CRTCyclicEvent.cpp:TimeMissed():101|Cycle miss in event CCSICombinedCmdManager Cyclic Event. Time Overrun is 9508 us[EOL]
[2026-09-22T09:02:22.270445Z][TRM_E.newgen-tiprackmagazine][W][2330306][141]CRTCyclicEvent.cpp:TimeMissed():101|Cycle miss in event CCSICombinedRepManager. Time Overrun is 9508 us[EOL]
[2026-09-22T09:02:22.271222Z][TRM_E.barcodereader][W][2330306][133]CRTCyclicEvent.cpp:TimeMissed():101|Cycle miss in event CCSICombinedCmdManager Cyclic Event. Time Overrun is 7873 us[EOL]
[2026-09-22T09:02:22.271265Z][TRM_E.barcodereader][W][2330306][133]CRTCyclicEvent.cpp:TimeMissed():101|Cycle miss in event CCSICombinedRepManager. Time Overrun is 7873 us[EOL]
[2026-09-22T09:02:28.679428Z][TRM_E.newgen-tiprackmagazine][I][2560016][141]IMessageHandler.h:operator()():40|Received RabbitMqMessage Roche.MolLab.InstrumentState.Ping. Content: {"Timestamp":"2026-09-22T09:02:28.6735358Z","PingId":"IS65"}[EOL]
[2026-09-22T09:02:28.679466Z][TRM_E.newgen-tiprackmagazine][I][844444436][141]UnitCommunicator.cpp:SendEvent():424|Publishing event: type=Roche.c68_8800.TipRackMagazine.E.Echo correlation_id=(n/a)[EOL]
[2026-09-22T09:02:28.679564Z][TRM_E.newgen-tiprackmagazine][I][2560017][141]MessageSender.h:SendEvent():105|Sent RabbitMqEvent Roche.c68_8800.TipRackMagazine.E.Echo. Content: {"Timestamp":"2026-09-22T09:02:28.679460Z","MagazineId":"E","PingId":"IS65"}[EOL]
[2026-09-22T09:02:32.469222Z][TRM_E.barcodereader][W][2330306][133]CRTCyclicEvent.cpp:TimeMissed():101|Cycle miss in event CCSICombinedCmdManager Cyclic Event. Time Overrun is 5877 us[EOL]
[2026-09-22T09:02:32.469247Z][TRM_E.barcodereader][W][2330306][133]CRTCyclicEvent.cpp:TimeMissed():101|Cycle miss in event CCSICombinedRepManager. Time Overrun is 5877 us[EOL]
[2026-09-22T09:02:32.471231Z][TRM_E.newgen-tiprackmagazine][W][2330306][141]CRTCyclicEvent.cpp:TimeMissed():101|Cycle miss in event CCSICombinedCmdManager Cyclic Event. Time Overrun is 10376 us[EOL]
[2026-09-22T09:02:32.471263Z][TRM_E.newgen-tiprackmagazine][W][2330306][141]CRTCyclicEvent.cpp:TimeMissed():101|Cycle miss in event CCSICombinedRepManager. Time Overrun is 10376 us[EOL]
[2026-09-22T09:02:35.710691Z][TRM_E.newgen-tiprackmagazine][W][2330306][141]CRTCyclicEvent.cpp:TimeMissed():101|Cycle miss in event CCSICombinedCmdManager Cyclic Event. Time Overrun is 9848 us[EOL]
[2026-09-22T09:02:35.710709Z][TRM_E.newgen-tiprackmagazine][W][2330306][141]CRTCyclicEvent.cpp:TimeMissed():101|Cycle miss in event CCSICombinedRepManager. Time Overrun is 9848 us[EOL]
[2026-09-22T09:02:35.711599Z][TRM_E.barcodereader][W][2330306][133]CRTCyclicEvent.cpp:TimeMissed():101|Cycle miss in event CCSICombinedCmdManager Cyclic Event. Time Overrun is 8254 us[EOL]
[2026-09-22T09:02:35.711619Z][TRM_E.barcodereader][W][2330306][133]CRTCyclicEvent.cpp:TimeMissed():101|Cycle miss in event CCSICombinedRepManager. Time Overrun is 8254 us[EOL]
[2026-09-22T09:02:37.826306Z][TRM_E.newgen-tiprackmagazine][W][2330306][141]CRTCyclicEvent.cpp:TimeMissed():101|Cycle miss in event CCSICombinedCmdManager Cyclic Event. Time Overrun is 5461 us[EOL]
[2026-09-22T09:02:37.826338Z][TRM_E.newgen-tiprackmagazine][W][2330306][141]CRTCyclicEvent.cpp:TimeMissed():101|Cycle miss in event CCSICombinedRepManager. Time Overrun is 5461 us[EOL]
[2026-09-22T09:02:40.012065Z][TRM_E.barcodereader][W][2330306][133]CRTCyclicEvent.cpp:TimeMissed():101|Cycle miss in event CCSICombinedCmdManager Cyclic Event. Time Overrun is 8719 us[EOL]
[2026-09-22T09:02:40.012124Z][TRM_E.barcodereader][W][2330306][133]CRTCyclicEvent.cpp:TimeMissed():101|Cycle miss in event CCSICombinedRepManager. Time Overrun is 8719 us[EOL]
[2026-09-22T09:02:40.009117Z][TRM_E.newgen-tiprackmagazine][W][2330306][141]CRTCyclicEvent.cpp:TimeMissed():101|Cycle miss in event CCSICombinedCmdManager Cyclic Event. Time Overrun is 8272 us[EOL]
[2026-09-22T09:02:40.009155Z][TRM_E.newgen-tiprackmagazine][W][2330306][141]CRTCyclicEvent.cpp:TimeMissed():101|Cycle miss in event CCSICombinedRepManager. Time Overrun is 8272 us[EOL]
[2026-09-22T09:02:46.369142Z][TRM_E.barcodereader][W][2330306][133]CRTCyclicEvent.cpp:TimeMissed():101|Cycle miss in event CCSICombinedCmdManager Cyclic Event. Time Overrun is 5795 us[EOL]
[2026-09-22T09:02:46.369173Z][TRM_E.barcodereader][W][2330306][133]CRTCyclicEvent.cpp:TimeMissed():101|Cycle miss in event CCSICombinedRepManager. Time Overrun is 5795 us[EOL]
[2026-09-22T09:02:49.024586Z][TRM_E.barcodereader][W][2330306][133]CRTCyclicEvent.cpp:TimeMissed():101|Cycle miss in event CCSICombinedCmdManager Cyclic Event. Time Overrun is 1239 us[EOL]
[2026-09-22T09:02:49.024619Z][TRM_E.barcodereader][W][2330306][133]CRTCyclicEvent.cpp:TimeMissed():101|Cycle miss in event CCSICombinedRepManager. Time Overrun is 1239 us[EOL]
[2026-09-22T09:02:49.021363Z][TRM_E.newgen-tiprackmagazine][W][2330306][141]CRTCyclicEvent.cpp:TimeMissed():101|Cycle miss in event CCSICombinedCmdManager Cyclic Event. Time Overrun is 518 us[EOL]
[2026-09-22T09:02:49.021397Z][TRM_E.newgen-tiprackmagazine][W][2330306][141]CRTCyclicEvent.cpp:TimeMissed():101|Cycle miss in event CCSICombinedRepManager. Time Overrun is 518 us[EOL]
[2026-09-22T09:02:52.177193Z][TRM_E.newgen-tiprackmagazine][W][2330306][141]CRTCyclicEvent.cpp:TimeMissed():101|Cycle miss in event CCSICombinedCmdManager Cyclic Event. Time Overrun is 16350 us[EOL]
[2026-09-22T09:02:52.177212Z][TRM_E.newgen-tiprackmagazine][W][2330306][141]CRTCyclicEvent.cpp:TimeMissed():101|Cycle miss in event CCSICombinedRepManager. Time Overrun is 16350 us[EOL]
[2026-09-22T09:02:52.182961Z][TRM_E.barcodereader][W][2330306][133]CRTCyclicEvent.cpp:TimeMissed():101|Cycle miss in event CCSICombinedCmdManager Cyclic Event. Time Overrun is 19615 us[EOL]
[2026-09-22T09:02:52.183013Z][TRM_E.barcodereader][W][2330306][133]CRTCyclicEvent.cpp:TimeMissed():101|Cycle miss in event CCSICombinedRepManager. Time Overrun is 19615 us[EOL]
[2026-09-22T09:02:58.683253Z][TRM_E.newgen-tiprackmagazine][I][2560016][141]IMessageHandler.h:operator()():40|Received RabbitMqMessage Roche.MolLab.InstrumentState.Ping. Content: {"Timestamp":"2026-09-22T09:02:58.675747Z","PingId":"IS66"}[EOL]
[2026-09-22T09:02:58.683294Z][TRM_E.newgen-tiprackmagazine][I][844444436][141]UnitCommunicator.cpp:SendEvent():424|Publishing event: type=Roche.c68_8800.TipRackMagazine.E.Echo correlation_id=(n/a)[EOL]
[2026-09-22T09:02:58.683320Z][TRM_E.newgen-tiprackmagazine][I][2560017][141]MessageSender.h:SendEvent():105|Sent RabbitMqEvent Roche.c68_8800.TipRackMagazine.E.Echo. Content: {"Timestamp":"2026-09-22T09:02:58.683288Z","MagazineId":"E","PingId":"IS66"}[EOL]
[2026-09-22T09:03:00.033016Z][TRM_E.newgen-tiprackmagazine][W][2330306][141]CRTCyclicEvent.cpp:TimeMissed():101|Cycle miss in event CCSICombinedCmdManager Cyclic Event. Time Overrun is 2164 us[EOL]
[2026-09-22T09:03:00.033044Z][TRM_E.newgen-tiprackmagazine][W][2330306][141]CRTCyclicEvent.cpp:TimeMissed():101|Cycle miss in event CCSICombinedRepManager. Time Overrun is 2164 us[EOL]
[2026-09-22T09:03:02.465294Z][TRM_E.barcodereader][W][2330306][133]CRTCyclicEvent.cpp:TimeMissed():101|Cycle miss in event CCSICombinedCmdManager Cyclic Event. Time Overrun is 1947 us[EOL]
[2026-09-22T09:03:02.465322Z][TRM_E.barcodereader][W][2330306][133]CRTCyclicEvent.cpp:TimeMissed():101|Cycle miss in event CCSICombinedRepManager. Time Overrun is 1947 us[EOL]
[2026-09-22T09:03:16.427451Z][TRM_E.newgen-tiprackmagazine][W][2330306][141]CRTCyclicEvent.cpp:TimeMissed():101|Cycle miss in event CCSICombinedCmdManager Cyclic Event. Time Overrun is 6606 us[EOL]
[2026-09-22T09:03:16.427485Z][TRM_E.newgen-tiprackmagazine][W][2330306][141]CRTCyclicEvent.cpp:TimeMissed():101|Cycle miss in event CCSICombinedRepManager. Time Overrun is 6606 us[EOL]
[2026-09-22T09:03:16.424432Z][TRM_E.barcodereader][W][2330306][133]CRTCyclicEvent.cpp:TimeMissed():101|Cycle miss in event CCSICombinedCmdManager Cyclic Event. Time Overrun is 1085 us[EOL]
[2026-09-22T09:03:16.424461Z][TRM_E.barcodereader][W][2330306][133]CRTCyclicEvent.cpp:TimeMissed():101|Cycle miss in event CCSICombinedRepManager. Time Overrun is 1085 us[EOL]
[2026-09-22T09:03:28.684942Z][TRM_E.newgen-tiprackmagazine][I][2560016][141]IMessageHandler.h:operator()():40|Received RabbitMqMessage Roche.MolLab.InstrumentState.Ping. Content: {"Timestamp":"2026-09-22T09:03:28.675132Z","PingId":"IS67"}[EOL]
[2026-09-22T09:03:28.684985Z][TRM_E.newgen-tiprackmagazine][I][844444436][141]UnitCommunicator.cpp:SendEvent():424|Publishing event: type=Roche.c68_8800.TipRackMagazine.E.Echo correlation_id=(n/a)[EOL]
[2026-09-22T09:03:28.685015Z][TRM_E.newgen-tiprackmagazine][I][2560017][141]MessageSender.h:SendEvent():105|Sent RabbitMqEvent Roche.c68_8800.TipRackMagazine.E.Echo. Content: {"Timestamp":"2026-09-22T09:03:28.684978Z","MagazineId":"E","PingId":"IS67"}[EOL]
[2026-09-22T09:03:28.723688Z][TRM_E.barcodereader][W][2330306][133]CRTCyclicEvent.cpp:TimeMissed():101|Cycle miss in event CCSICombinedCmdManager Cyclic Event. Time Overrun is 341 us[EOL]
[2026-09-22T09:03:28.723719Z][TRM_E.barcodereader][W][2330306][133]CRTCyclicEvent.cpp:TimeMissed():101|Cycle miss in event CCSICombinedRepManager. Time Overrun is 341 us[EOL]
[2026-09-22T09:03:28.725130Z][TRM_E.newgen-tiprackmagazine][W][2330306][141]CRTCyclicEvent.cpp:TimeMissed():101|Cycle miss in event CCSICombinedCmdManager Cyclic Event. Time Overrun is 4287 us[EOL]
[2026-09-22T09:03:28.725155Z][TRM_E.newgen-tiprackmagazine][W][2330306][141]CRTCyclicEvent.cpp:TimeMissed():101|Cycle miss in event CCSICombinedRepManager. Time Overrun is 4287 us[EOL]
[2026-09-22T09:03:32.450397Z][TRM_E.barcodereader][W][2330306][133]CRTCyclicEvent.cpp:TimeMissed():101|Cycle miss in event CCSICombinedCmdManager Cyclic Event. Time Overrun is 7050 us[EOL]
[2026-09-22T09:03:32.450425Z][TRM_E.barcodereader][W][2330306][133]CRTCyclicEvent.cpp:TimeMissed():101|Cycle miss in event CCSICombinedRepManager. Time Overrun is 7050 us[EOL]
[2026-09-22T09:03:33.720184Z][TRM_E.barcodereader][W][2330306][133]CRTCyclicEvent.cpp:TimeMissed():101|Cycle miss in event CCSICombinedCmdManager Cyclic Event. Time Overrun is 6835 us[EOL]
[2026-09-22T09:03:33.720213Z][TRM_E.barcodereader][W][2330306][133]CRTCyclicEvent.cpp:TimeMissed():101|Cycle miss in event CCSICombinedRepManager. Time Overrun is 6835 us[EOL]
[2026-09-22T09:03:35.704243Z][TRM_E.barcodereader][W][2330306][133]CRTCyclicEvent.cpp:TimeMissed():101|Cycle miss in event CCSICombinedCmdManager Cyclic Event. Time Overrun is 20896 us[EOL]
[2026-09-22T09:03:35.704282Z][TRM_E.barcodereader][W][2330306][133]CRTCyclicEvent.cpp:TimeMissed():101|Cycle miss in event CCSICombinedRepManager. Time Overrun is 20896 us[EOL]
[2026-09-22T09:03:35.704677Z][TRM_E.newgen-tiprackmagazine][W][2330306][141]CRTCyclicEvent.cpp:TimeMissed():101|Cycle miss in event CCSICombinedCmdManager Cyclic Event. Time Overrun is 23830 us[EOL]
[2026-09-22T09:03:35.704699Z][TRM_E.newgen-tiprackmagazine][W][2330306][141]CRTCyclicEvent.cpp:TimeMissed():101|Cycle miss in event CCSICombinedRepManager. Time Overrun is 23830 us[EOL]
[2026-09-22T09:03:36.972739Z][TRM_E.newgen-tiprackmagazine][W][2330306][141]CRTCyclicEvent.cpp:TimeMissed():101|Cycle miss in event CCSICombinedCmdManager Cyclic Event. Time Overrun is 11896 us[EOL]
[2026-09-22T09:03:36.972773Z][TRM_E.newgen-tiprackmagazine][W][2330306][141]CRTCyclicEvent.cpp:TimeMissed():101|Cycle miss in event CCSICombinedRepManager. Time Overrun is 11896 us[EOL]
[2026-09-22T09:03:40.835078Z][TRM_E.barcodereader][W][2330306][133]CRTCyclicEvent.cpp:TimeMissed():101|Cycle miss in event CCSICombinedCmdManager Cyclic Event. Time Overrun is 1731 us[EOL]
[2026-09-22T09:03:40.835114Z][TRM_E.barcodereader][W][2330306][133]CRTCyclicEvent.cpp:TimeMissed():101|Cycle miss in event CCSICombinedRepManager. Time Overrun is 1731 us[EOL]
[2026-09-22T09:03:44.686128Z][TRM_E.barcodereader][W][2330306][133]CRTCyclicEvent.cpp:TimeMissed():101|Cycle miss in event CCSICombinedCmdManager Cyclic Event. Time Overrun is 2781 us[EOL]
[2026-09-22T09:03:44.686155Z][TRM_E.barcodereader][W][2330306][133]CRTCyclicEvent.cpp:TimeMissed():101|Cycle miss in event CCSICombinedRepManager. Time Overrun is 2781 us[EOL]
[2026-09-22T09:03:44.685950Z][TRM_E.newgen-tiprackmagazine][W][2330306][141]CRTCyclicEvent.cpp:TimeMissed():101|Cycle miss in event CCSICombinedCmdManager Cyclic Event. Time Overrun is 5104 us[EOL]
[2026-09-22T09:03:44.686006Z][TRM_E.newgen-tiprackmagazine][W][2330306][141]CRTCyclicEvent.cpp:TimeMissed():101|Cycle miss in event CCSICombinedRepManager. Time Overrun is 5104 us[EOL]
[2026-09-22T09:03:48.438879Z][TRM_E.newgen-tiprackmagazine][W][2330306][141]CRTCyclicEvent.cpp:TimeMissed():101|Cycle miss in event CCSICombinedCmdManager Cyclic Event. Time Overrun is 8033 us[EOL]
[2026-09-22T09:03:48.438054Z][TRM_E.barcodereader][W][2330306][133]CRTCyclicEvent.cpp:TimeMissed():101|Cycle miss in event CCSICombinedCmdManager Cyclic Event. Time Overrun is 14699 us[EOL]
[2026-09-22T09:03:48.438942Z][TRM_E.newgen-tiprackmagazine][W][2330306][141]CRTCyclicEvent.cpp:TimeMissed():101|Cycle miss in event CCSICombinedRepManager. Time Overrun is 8033 us[EOL]
[2026-09-22T09:03:48.438111Z][TRM_E.barcodereader][W][2330306][133]CRTCyclicEvent.cpp:TimeMissed():101|Cycle miss in event CCSICombinedRepManager. Time Overrun is 14699 us[EOL]
[2026-09-22T09:03:51.214902Z][TRM_E.barcodereader][W][2330306][133]CRTCyclicEvent.cpp:TimeMissed():101|Cycle miss in event CCSICombinedCmdManager Cyclic Event. Time Overrun is 1557 us[EOL]
[2026-09-22T09:03:51.214929Z][TRM_E.barcodereader][W][2330306][133]CRTCyclicEvent.cpp:TimeMissed():101|Cycle miss in event CCSICombinedRepManager. Time Overrun is 1557 us[EOL]
[2026-09-22T09:03:53.960510Z][TRM_E.barcodereader][W][2330306][133]CRTCyclicEvent.cpp:TimeMissed():101|Cycle miss in event CCSICombinedCmdManager Cyclic Event. Time Overrun is 7165 us[EOL]
[2026-09-22T09:03:53.960533Z][TRM_E.barcodereader][W][2330306][133]CRTCyclicEvent.cpp:TimeMissed():101|Cycle miss in event CCSICombinedRepManager. Time Overrun is 7165 us[EOL]
[2026-09-22T09:03:53.962636Z][TRM_E.newgen-tiprackmagazine][W][2330306][141]CRTCyclicEvent.cpp:TimeMissed():101|Cycle miss in event CCSICombinedCmdManager Cyclic Event. Time Overrun is 1793 us[EOL]
[2026-09-22T09:03:53.962656Z][TRM_E.newgen-tiprackmagazine][W][2330306][141]CRTCyclicEvent.cpp:TimeMissed():101|Cycle miss in event CCSICombinedRepManager. Time Overrun is 1793 us[EOL]
[2026-09-22T09:03:55.373817Z][TRM_E.barcodereader][W][2330306][133]CRTCyclicEvent.cpp:TimeMissed():101|Cycle miss in event CCSICombinedCmdManager Cyclic Event. Time Overrun is 460 us[EOL]
[2026-09-22T09:03:55.373890Z][TRM_E.barcodereader][W][2330306][133]CRTCyclicEvent.cpp:TimeMissed():101|Cycle miss in event CCSICombinedRepManager. Time Overrun is 460 us[EOL]
[2026-09-22T09:03:55.373920Z][TRM_E.newgen-tiprackmagazine][W][2330306][141]CRTCyclicEvent.cpp:TimeMissed():101|Cycle miss in event CCSICombinedCmdManager Cyclic Event. Time Overrun is 3030 us[EOL]
[2026-09-22T09:03:55.373952Z][TRM_E.newgen-tiprackmagazine][W][2330306][141]CRTCyclicEvent.cpp:TimeMissed():101|Cycle miss in event CCSICombinedRepManager. Time Overrun is 3030 us[EOL]
[2026-09-22T09:03:58.683749Z][TRM_E.newgen-tiprackmagazine][I][2560016][141]IMessageHandler.h:operator()():40|Received RabbitMqMessage Roche.MolLab.InstrumentState.Ping. Content: {"Timestamp":"2026-09-22T09:03:58.6744201Z","PingId":"IS68"}[EOL]
[2026-09-22T09:03:58.683800Z][TRM_E.newgen-tiprackmagazine][I][844444436][141]UnitCommunicator.cpp:SendEvent():424|Publishing event: type=Roche.c68_8800.TipRackMagazine.E.Echo correlation_id=(n/a)[EOL]
[2026-09-22T09:03:58.684031Z][TRM_E.newgen-tiprackmagazine][I][2560017][141]MessageSender.h:SendEvent():105|Sent RabbitMqEvent Roche.c68_8800.TipRackMagazine.E.Echo. Content: {"Timestamp":"2026-09-22T09:03:58.683792Z","MagazineId":"E","PingId":"IS68"}[EOL]
