S3450800200018fc00203121000839ff0008990d0108a30d0108ad0d0108b70d0108000000000000000000000000000000004d0001083bff0008000000004d0001082bff0008ac
S3450800204021ff000821ff000821ff000821ff000821ff000821ff000821ff000821ff000821ff000821ff000821ff000821ff000821ff000821ff00088913010821ff000855
S3450800208021ff000821ff000821ff0008bdc400089913010821ff000821ff000821ff000821ff000821ff000821ff000821ff000821ff000821ff000821ff000821ff0008a4
S345080020c021ff000821ff000821ff000821ff000821ff000859ff000867ff000875ff000821ff000821ff000821ff000821ff000821ff000821ff000821ff000821ff000880
S3450800210021ff000821ff000821ff000821ff000883ff000821ff00083dff00084bff000821ff000821ff000821ff000821ff00080249d1f800d00ff09db9000000200008a8
S34508002140ffffffffffffffffffffffffffffffffcc325aa500200008f914010806bc7e6d3030303030313730005265736f7572636548616e646c696e67436f6e74726f6ca3
S345080021806c657200312e30342e30322e303030300000ffffffffffffffffffffffffffffffffffffffffffffffffffffffffffffffffffffffffffffffffffffffffffffbb
S34508002200f0b4002100224ff49473dff86c4a0200d2b25a432244b2f91e500200d2b25a432244b2f840205519002d07d50022dff84c5a0600f6b27601aa5312e042f2ad6230
S34508002240954208db42f2ac62dff8305a0600f6b27601aa5305e0dff8242a0600f6b2760195530200d2b25a432244b2f91e500200d2b25a432244b2f84220aa1a002a08d5b8
S345080022800022dff8f8590600f6b2760135446a8014e042f2ad65aa4209db42f2ac62dff8dc590600f6b2760135446a8006e0dff8cc590600f6b2760135446a800200d2b26e
S345080022c05a432244b2f91e500200d2b25a432244b2f844205519002d08d50022dff89c590600f6b276013544ea8014e042f2ad62954209db42f2ac62dff880590600f6b21d
S3450800230076013544ea8006e0dff870290600f6b276013244d5800200d2b25a432244b2f91e500200d2b25a432244b2f84620aa1a002a08d50022dff844590600f6b276012e
S3450800234035442a8114e042f2ad65aa4209db42f2ac62dff828590600f6b2760135442a8106e0dff818590600f6b2760135442a81dff8205e00260700ffb205225743ee5590
S3450800238000260700ffb20522574305eb0702567000260700ffb20522574305eb0702967000260700ffb20522574305eb0702d67000260700ffb20522574305eb0702167116
S345080023c0dff8b85800220600f6b276012e44727500220600f6b276012e44327100220600f6b276012e44b2720200d2b25a4322440026c2f890600200d2b25a432244002607
S34508002400c2f894600200d2b25a4322440026c2f898600200d2b25a4322440026c2f89c600200d2b25a432244002682f8a0604ff47a760200d2b25a4322440700ffb25f43db
S3450800244027447f8a774357610200d2b25a432244926c72430700ffb27f012f44fa600200d2b252012a44d268002a0ad00200d2b252012a44d2680700ffb27f012f443a61db
S3450800248005e001220700ffb27f012f443a610200d2b25a432244126d06fb02f60200d2b252012a44d66100220600f6b276013544ea750200d2b25a432244002582f85e504c
S345080024c00200d2b25a432244002582f86150c0b258432044002280f86520080080b2f0bc70472de9fe4f80460027002000208df80000002600250024052100220df10409f1
S34508002500484603f001fc1c204ff49479dff868a7dff8601d4246d2b209fb02f25244527842430a4492f90a20022a3bd14246d2b209fb02f25244072313774746ffb207f59d
S34508002540c057103701aa4346dbb209fb03f353445b7843430b44db8a13714346dbb209fb03f353445b7800fb03f00844b0f916000012d0704046c0b209fb00f01af9000048
S3450800258010f1010f00f073835ffa88f809fb08f81af808000200d2b201a9380080b204f0e7f864e34246d2b209fb02f25244527842430a4492f90a20032a3bd14246d2b23a
S345080025c009fb02f25244082313774746ffb207f5c057123701aa4346dbb209fb03f353445b7843430b441b8b13714346dbb209fb03f353445b7800fb03f00844b0f9180057
S345080026000012d0704046c0b209fb00f01af9000010f1010f00f02b835ffa88f809fb08f81af808000200d2b201a9380080b204f09ff81ce34046c0b209fb00f05044007f72
S34508002640022819dadff834164046c0b240010844c068002810d04046c0b24001084402694046c0b209fb00f050448089121a4046c0b2400108440261dff800b64046c0b247
S34508002680400158440069012847dadff8081b4246d2b20520424301eb0200007900283cd101224346dbb20520434301eb030002714046c0b209fb00f050440521017747463f
S345080026c0ffb207f5c057bf1c01a84146c9b209fb01f15144098c01714146c9b209fb01f15144b1f920100912c1704046c0b209fb00f01af9000010f1010f00f0b8825ffaaa
S3450800270088f809fb08f81af808000200d2b201a9380080b204f02cf8a9e24046c0b209fb00f05044c078ff283dd04046c0b209fb00f00aeb00014046c0b209fb00f0504462
S34508002740b0f920204046c0b209fb00f05044b0f92200121aca624046c0b209fb00f05044c06a00280fd54046c0b209fb00f00aeb00014046c0b209fb00f05044c26a5ff02c
S34508002780ff304243ca624046c0b209fb00f05044b0f84c004146c9b209fb01f15144c96a884200da01244046c0b209fb00f05044b0f920004146c9b249013bf8011088428b
S345080027c011da4046c0b24001584440884146c9b209fb01f15144b1f92010884203da01208df800001ee04046c0b209fb00f05044b0f920004146c9b249015944c988884244
S345080028000fda4046c0b24001584400894146c9b209fb01f15144b1f92010884201da012600e001259df80000002800f082804046c0b240015844407d401c4146c9b2490121
S345080028405944487500204146c9b249015944087100204146c9b24901594488724046c0b240015844407ddff8501c0978884260d3dff820194246d2b205204243885c002846
S3450800288057d101224346dbb205204343ca5400224346dbb20520434301eb0300427000224346dbb20520434301eb030082704046c0b240015844c068002809d04046c0b2a2
S345080028c040015844c0684146c9b24901594408614046c0b209fb00f05044016d4ff47a7041434046c0b240015844c1614046c0b209fb00f050440221017718f150014046e2
S34508002900c0b209fb00f01af9000010f1010f10d04046c0b209fb00f05044b0f92020c9b24046c0b209fb00f01af80000c0b203f098fdf6b2002e00f0b68000204146c9b225
S345080029404901594448754046c0b2400158440079401c4146c9b249015944087100204146c9b2490159448872dff828684146c9b20520414306eb01004078002837d0404625
S34508002980c0b240015844c069002830d04046c0b240015844c1694046c0b209fb00f050448089091a4046c0b240015844c1614046c0b240015844c069012818da0020414607
S345080029c0c9b249015944c86118f154014046c0b209fb00f05044b0f92020c9b24046c0b209fb00f01af80000c0b203f03afd4046c0b2400158440079dff8dc1c09788842fa
S34508002a0051d34146c9b20520414306eb01004078002848d14146c9b205204143705c012808d04146c9b20520414306eb01008078012838d100214246d2b205204243b154b3
S34508002a4001214246d2b20520424306eb0200417000214246d2b20520424306eb020081704046c0b209fb00f050440321017718f152014046c0b209fb00f01af9000010f199
S34508002a80010f10d04046c0b209fb00f05044b0f92020c9b24046c0b209fb00f01af80000c0b203f0defcedb2002d00f0848000204146c9b249015944487500204146c9b24f
S34508002ac04901594408714046c0b240015844807a401c4146c9b24901594488724046c0b240015844807adff8f41b0978884262d3dff8a0164246d2b20520424301eb0200f4
S34508002b008078002857d14246d2b205204243885c012808d04246d2b20520424301eb02004078012847d100224346dbb205204343ca5400224346dbb20520434301eb030034
S34508002b40427001224346dbb20520434301eb030082704046c0b209fb00f05044042101774746ffb217f5c05701a84146c9b209fb01f15144098c01714146c9b209fb01f11d
S34508002b805144b1f920100912c1704046c0b209fb00f01af9000010f1010f0cd04046c0b209fb00f01af800000200d2b201a9380080b203f0ddfde4b2002c51d04046c0b220
S34508002bc040015844c07d401c4146c9b249015944c8754046c0b240015844c07ddff8f81a0978884243d30121dff8a8254346dbb20520434302eb0300c1704046c0b209fb2b
S34508002c0000f05044062101774746ffb207f5c0573f1d01a84146c9b209fb01f15144c96a01714146c9b209fb01f15144c96a0912c1704046c0b209fb00f01af9000010f1cf
S34508002c40010f14d05ffa88f809fb08f81af808000200d2b201a9380080b203f089fd06e000205ffa88f85fea48115944c875380080b2bde8fe8f0000e8d1002054f1002013
S34508002c80f8b505001400c9b2002900f04b824ff49476dff84c7a2800c0b2704338448079002800f0c2802800c0b27043384481794ff4347041436420b1fbf0f0a0420dd3d9
S34508002cc02800c0b2704338442900c9b27143394491f86110491c80f861100de02800c0b270433844002180f85f102800c0b270433844002180f861102800c0b27043384486
S34508002d0090f86100dff8dc190978884206d32800c0b270433844012180f85f102800c0b27043384490f85f00002841d02800c0b27043384490f86000002839d12800c0b274
S34508002d40704338442900c9b27143394491f85f1080f860102800c0b270433844002180f861105420dff880192a00d2b272433a442b00dbb273433b441b7943430b44db7820
S34508002d8082f862302a00d2b272433a44127900fb02f008442900c9b2714339444979c17001212800c0b270433844007904f0fdf92800c0b27043384490f85f00002834d161
S34508002dc02800c0b27043384490f8600000282cd02800c0b2704338442900c9b27143394491f85f1080f860102800c0b270433844002180f86110dff8f0182800c0b2704373
S34508002e00384402795420424301eb02002900c9b27143394491f86210c17001212800c0b270433844007904f0c0f92800c0b270433844407a002800f0c2802800c0b270436a
S34508002e403844417a4ff4347041436420b1fbf0f0a0420dd32800c0b2704338442900c9b27143394491f86510491c80f865100de02800c0b270433844002180f863102800f8
S34508002e80c0b270433844002180f865102800c0b27043384490f86500dff848180978884206d32800c0b270433844012180f863102800c0b27043384490f86300002841d081
S34508002ec02800c0b27043384490f86400002839d12800c0b2704338442900c9b27143394491f8631080f864102800c0b270433844002180f865105420dff8ec172a00d2b284
S34508002f0072433a442b00dbb273433b44db7943430b44db7882f866302a00d2b272433a44d27900fb02f008442900c9b271433944097ac17001212800c0b270433844c079c5
S34508002f4004f033f92800c0b27043384490f86300002834d12800c0b27043384490f8640000282cd02800c0b2704338442900c9b27143394491f8631080f864102800c0b249
S34508002f8070433844002180f86510dff85c172800c0b270433844c2795420424301eb02002900c9b27143394491f86610c17001212800c0b270433844c07904f0f6f8002c5a
S34508002fc00dd12800c0b2704338442900c9b27143394491f85e10491c80f85e100de02800c0b270433844012180f85c102800c0b270433844002180f85e102800c0b270432c
S34508003000384490f85e00dff8dc160978884206d32800c0b270433844002180f85c102800c0b27043384490f85c00002838d02800c0b27043384490f85d00002830d1280089
S34508003040c0b2704338442900c9b27143394491f85c1080f85d102800c0b270433844002180f85e102800c0b2704338440079ff2807d001212800c0b270433844007904f08a
S3450800308094f82800c0b270433844c079ff2807d001212800c0b270433844c07904f085f82800c0b27043384490f85c00002870d12800c0b27043384490f85d00002868d0bd
S345080030c02800c0b2704338442900c9b27143394491f85c1080f85d102800c0b270433844002180f85e102800c0b2704338440079ff2807d000212800c0b2704338440079d7
S3450800310004f053f82800c0b270433844c079ff283fd00021edb2754307eb0500c07904f044f836e04ff49474dff8b4652800c0b2604330440079ff2807d000212800c0b2fe
S3450800314060433044007904f030f82800c0b260433044c079ff2807d000212800c0b260433044c07904f021f82800c0b260433044002180f85d102800c0b26043304400210c
S3450800318080f85c10edb2654306eb0500002180f85e10f1bd70f300200022002203e030230b70491c521c8242f9d30020704710b4002805d52d2313705ff0ff3358430fe0d5
S345080031c02b2313700ce00a2390fbf3f403fb140330330c00e4b213550a2390fbf3f0491e0128f0da002010bc70472de9f84304004ff49475dff8e8642000c0b268433044d6
S34508003200876e2000c0b268433044c06e2100c9b269433144d1f878905ff00008002104f015ff08d25ff0804104f022ff0100484604f08aff80462000c0b2684306eb000996
S345080032405ff07e50414604f0fdff390004f010ffc9f88400e4b26c433444dff89004414604f0f0ff390004f003ffc4f88800bde8f183000008f200202de9f84f05004ff44e
S345080032809476dff85c742800c0b270433844d0f868802800c0b270433844c06e2900c9b2714339440c6f2900c9b271433944496f2900c9b271433944d1f878a000215ff0dc
S345080032c0000900210021002104f0c0fe08d25ff0804104f0cdfe0100504604f035ff81462000514604f030ff82462800c0b2704307eb00045ff07e50514604f0a3ff4946b5
S3450800330004f0a0ff414604f0b3fec4f884002800c0b2704307eb000bdff8d003414604f0a7fe04005ff07e50494604f0fdff81465ff08040514604f09bfe494604f082ffce
S34508003340210004f095fecbf88800edb2754307eb05044046514604f08bfec4f88c00bde8f18f2de9f04704000020002000200020080005f019f805f029f80022dff8703362
S3450800338005f048f805f06af905004ff49476dff850732000c0b270433844d0f88400290004f066fe80462000c0b270433844d0f888102000c0b270433844d0f8980004f0fc
S345080033c057fe414604f03eff2100c9b271433944d1f8901004f036ff80462000c0b2704338444069002807d02000c0b270433844007c05f067f906e02000c0b270433844eb
S34508003400c07b05f05ff9dff8ec1204f09dfe81464846414605f064f900d2c8462000c0b270433844c07a022810d1dff8c0a24846514604f01dfe0100404605f051f90cd26d
S345080034404846514604f014fe804606e04046002105f046f901d25ff000082000c0b270433844c0f890802000c0b270433844c0f89850e4b2744307eb04004069002807d08d
S34508003480dff87402414604f0f3fd05f03bf906e0dff86402414604f0ebfd05f033f940f2bd21884201db4ff42f70dff83018884200da0800bde8f0875b8600082de9f047c1
S345080034c004000020002000200020080004f06cff04f07cff0022dff8183204f09bff05f0bdf805004ff49476dff8f4712000c0b27043384490f8a000002812d12000c0b2d5
S3450800350070433844012180f8a0102000c0b270433844c0f898502000c0b270433844c0f89c502000c0b270433844d0f88400290004f09efd2100c9b271433944d1f8901043
S3450800354004f080fe80462000c0b270433844d0f888102000c0b270433844d0f8980004f087fd414604f06efe80462000c0b270433844d0f88c102000c0b270433844d0f8f0
S345080035809c0004f075fd414604f05cfe80462000c0b2704338444069002807d02000c0b270433844007c05f08df806e02000c0b270433844c07b05f085f8dff8381104f0d8
S345080035c0c3fd81464846414605f08af800d2c8462000c0b270433844c07a022810d1dff80ca14846514604f043fd0100404605f077f80cd24846514604f03afd804606e022
S345080036004046002105f06cf801d25ff000082000c0b270433844c0f890802000c0b2704338442100c9b271433944d1f89810c0f89c102000c0b270433844c0f89850e4b26f
S34508003640744307eb04004069002807d0dff8a800414604f00dfd05f055f806e0dff89800414604f005fd05f04df840f2bd21884201db4ff42f70dff86416884200da080000
S34508003680bde8f08770b5002400204ff49475dff86c602000c0b2684330442100c9b26943314491f8ae10084410f1a6020821012005f073f92000c0b268433044e4b26c433d
S345080036c006eb040191f8dc10084410f1b4022821092005f062f970bd2783000826830008e8d100205a86000838dc0020000080bf000059400000c84200003444e8d10020d4
S345080037002de9f04f85b0804689465ff0000a0421002204ac200002f0f7fa484602f041ff0400484602f03dff8346484602f039ff0500484602f035ff0600484602f031ff99
S345080037408df80100484602f02cff8df80a00484602f027ff8df80900484602f022ff8df80000484602f01dff8df80800484602f018ff8df80700484602f013ff8df80600b8
S34508003780484602f00eff8df80500484602f0fafeadf80c00484602f004ff8df80400484602f0fffe8df80300484602f0fafe8df80200484602f0e6feadf80e00484602f014
S345080037c0e1fe0700484602f0ddfe01002000c0b2022802db4ff4807a03e15846c0b2022802db4ff4807afce02800c0b2062802db4ff4807af5e03000c0b2062806db3000f7
S34508003800c0b2ff2802d04ff4807aeae09df80100042806db9df80100ff2802d04ff4807adfe09df80a00652802db4ff4807ad8e09df80900652802db4ff4807ad1e09df851
S345080038400000042806db9df80000ff2802d04ff4807ac6e09df80800652802db4ff4807abfe09df80700652802db4ff4807ab8e09df80600022802db4ff4807ab1e09df8f9
S345080038800500032802db4ff4807aaae0bdf80c0064384ff68552904202d34ff4807aa0e09df80400022802db4ff4807a99e09df80300652802db4ff4807a92e09df80200ab
S345080038c0652802db4ff4807a8be0bdf80e004ff6e952904202db4ff4807a82e0380080b242f21172904202db4ff4807a79e0080080b24cf25132904202db4ff4807a70e07a
S34508003900dff8000d8279521e5b46dbb29a4202da40f2051a65e00279521e2b00dbb29a4202da40f2051a5ce00279521e3300dbb29a4206da3200d2b2ff2a02d040f2051a5d
S345080039404fe04279521e9df801309a4206da9df80120ff2a02d040f2051a42e04079401e9df80020904206da9df80000ff2802d040f2051a35e0dff85c2d2300dbb24ff474
S3450800398094704343d05610f1010f02d04ff4907a27e0dff8442d5b46dbb21c204343d05610f1010f02d04ff4907a1ae0dff82c2d06202b00dbb24343d35613f1010f02d0e7
S345080039c04ff4907a0de03300dbb2ff2b09d03300dbb200fb03f0105610f1010f01d04ff4907a504680b2002840f069814ff49479dff8e0ac2000c0b209fb00f00af80080b4
S34508003a002000c0b209fb00f0504480f801b02000c0b209fb00f0504485702000c0b209fb00f05044c6702000c0b209fb00f050449df8012002712000c0b209fb00f0504479
S34508003a409df80a2042712000c0b209fb00f050449df8092082712000c0b209fb00f050449df80020c2712000c0b209fb00f050449df8082002722000c0b209fb00f0504494
S34508003a809df8072042722000c0b209fb00f050449df8062082722000c0b209fb00f050449df80520c2722000c0b209fb00f05044bdf80c2082812000c0b209fb00f050449f
S34508003ac09df8042082739df80300622807db2000c0b209fb00f050446122c27307e02000c0b209fb00f050449df80320c2739df80200622807db2000c0b209fb00f0504429
S34508003b006122027407e02000c0b209fb00f050449df8022002742000c0b209fb00f05044bdf80e2042822000c0b209fb00f0504407832000c0b209fb00f0504441831c22cf
S34508003b40dff8943b5ffa8bfb02fb0bfb03f80b802000c0b209fb00f050444078504318449df904c080f802c0380080b2002809d02000c0b209fb00f05044407850431844a8
S34508003b8007810ae02000c0b209fb00f0504440785043184442f6f82707812000c0b209fb00f05044407802fb00f203eb020001822000c0b209fb00f05044407804f0b8ff34
S34508003bc0dff8180b06212a00d2b24a4300f802802a00d2b24a4302440023537040f6b8322b00dbb24b4303445a80edb24d4300eb050320251d713300dbb2ff2b14d03300fd
S34508003c00dbb24b4300f803803300dbb24b43034400255d703300dbb24b4303445a80f6b24e433044202101712000c0b209fb00f050440079ff2807d12000c0b209fb00f072
S34508003c405044c079ff2817d02000c0b209fb00f05044012180f85b102000c0b209fb00f05044002180f85c102000c0b209fb00f05044002180f85d102000c0b209fb00f077
S34508003c805044fc3005f0a2fdbdf80c200a212000c0b209fb00f05044fc3005f0f7fd2000c0b209fb00f0504400210177e4b209fb04f40aeb0400fc3005f0f6fd09e08df8a7
S34508003cc013404346dbb204aa514689b2484602f0b3fc002005b0bde8f08f000044fdffff2de9fc41070088460024042100226d46280002f009f8404602f053fc05004046b3
S34508003d0002f04ffc0600404602f03cfc2900c9b2022902db4ff480742ae03100c9b2022902db4ff4807423e0010089b242f2ad62914202db4ff480741ae04ff49471dff828
S34508003d4094292b00dbb24b43d35613f1010f02d140f221140ce02b00dbb201fb03f151563a00d2b209b212b2914201d04ff48874210089b2002932d14ff49477dff85489d6
S34508003d802900c9b2794341440e772900c9b279434144c883dff840292900c9b2794341444b781c214b4302eb03014e70f6b2012e1fd12900c9b279434144ff2281f8af20e4
S34508003dc0010089b22800c0b2fef71afa0400edb27d4308eb0500fc3005f066fd09e08df803503b00dbb26a46210089b2404602f023fc200080b2bde8f681f8b505000c009f
S34508003e000026042100226f46380001f07dff200002f0c7fb07003800c0b2022802db4ff480760ce0dff8ac183a00d2b24ff494704243885610f1010f01d140f2211630007d
S34508003e4080b2002840f0b3804ff49475dff8846821003800c0b26843305cc0b202f048fb21003800c0b202f043fb21003800c0b268433044407802f03bfb21003800c0b22f
S34508003e8068433044807802f033fb21003800c0b268433044c07802f02bfb21003800c0b268433044007902f023fb21003800c0b268433044407902f01bfb21003800c0b29a
S34508003ec068433044807902f013fb21003800c0b268433044c07902f00bfb21003800c0b268433044007a02f003fb21003800c0b268433044407a02f0fbfa21003800c0b2d7
S34508003f0068433044807a02f0f3fa21003800c0b268433044c07a02f0ebfa21003800c0b268433044808902f05dfa21003800c0b268433044807b02f0dbfa21003800c0b2cd
S34508003f4068433044c07b02f0d3fa21003800c0b268433044007c02f0cbfa21003800c0b268433044408a02f03dfa21003800c0b268433044008b02f035fa21003800c0b2bf
S34508003f8068433044408b02f02dfa21003800c0b268433044007f02f0abfa2100ffb26f4306eb0700c08b80b202f01cfa09e08df803702b00dbb26a46310089b2200002f028
S34508003fc03bfb0020f2bd2de9f14f82b00c000025042100226e46300001f096fe200002f0e0fa0600200002f0dcfa8346200002f0b2fa0700200002f0aefa8046200002f04b
S34508004000aafa8146200002f0a6fa82463000c0b2022802db4ff480753de05ffa8bfbbbf1020f02db4ff4807535e0dff82c0d381adff8281d884202d34ff480752be0dff892
S34508004040200d804502d34ff4807524e0814502d34ff480751fe0824502d34ff480751ae04ff49470dff86c163200d2b242438a5612f1010f02d140f221150ce03200d2b2e4
S3450800408000fb02f008569df8081000b209b2884201d04ff48875280080b2002840f0ab804ff49474dff82c563000c0b26043284407633000c0b2604305eb000b380004f0aa
S345080040c073f9cbf868003000c0b2604305eb00073000c0b260432844806edff8881c04f033f8b8663000c0b260432844c0f834803000c0b2604305eb0007404604f0e2fad9
S34508004100f8663000c0b2604305eb00073000c0b260432844c06edff84c1c04f015f8f8663000c0b260432844c0f838903000c0b2604305eb0007484604f0c4fa38673000de
S34508004140c0b2604305eb00073000c0b260432844006fdff8101c03f0f7ff38673000c0b260432844c0f83ca03000c0b2604305eb0007504604f0a6fa78673000c0b26043ab
S3450800418005eb00073000c0b260432844406fdff8d41b03f0d9ff78673000c0b2604305eb00073000c0b260432844808904f08afab8673000c0b2604305eb00073000c0b2bf
S345080041c060432844806fdff89c1b03f0bdffb8673000c0b204fb00f405eb0400807a002804d03000c0b2fff747f80ee03000c0b2fef7fbff09e08df803609df808306a4634
S34508004200290089b2200002f017fa0020bde8fe8f2de9fc4106000c000027042100226d46280001f071fd200002f0bbf90500200002f0b7f980462800c0b2022802db4ff453
S34508004240807713e04046c0b2022802db4ff480770ce0dff880142a00d2b24ff494704243885610f1010f01d140f22117380080b200282ed121002800c0b202f039f9210080
S345080042804046c0b202f034f94ff49476dff8447421002800c0b270433844006b02f087f821002800c0b270433844406b02f07ff821002800c0b270433844806b02f077f803
S345080042c02100edb2754307eb0500c06b02f06ff809e08df803503300dbb26a46390089b2200002f0a9f90020bde8f6812de9f14f82b00c0000250421002201ae300001f058
S3450800430003fd200002f04df90600200002f03af9adf80000200002f035f90700200002f031f98046200002f02df98146200002f012f98246200002f025f98346200002f0ef
S345080043400af93100c9b2022902db4ff480754fe041f27f31bdf800200a3a8a4202d34ff4807545e03a0092b20a3a8a4202d34ff480753de0424692b20a3a8a4202d34ff46b
S34508004380807535e04a4692b20a3a8a4202d34ff480752de0dff8c829924502d34ff4807526e05b469bb20a3b8b4202d34ff480751ee0904202d34ff4807519e04ff494710a
S345080043c0c44a3300dbb24b43d35613f1010f02d140f221150ce03300dbb201fb03f151569df8082009b212b2914201d04ff48875290089b200292ed14ff49471b54a330072
S34508004400dbb24b431344bdf80040a3f840403300dbb24b431344a3f842703300dbb24b431344a3f844803300dbb24b431344a3f846903300dbb24b431344c3f848a0330065
S34508004440dbb24b431344a3f84cb0f6b24e4302eb0601086509e08df807609df8083001aa290089b2200002f0e7f80020bde8fe8ff8b505000c000026042100226f4638007f
S3450800448001f042fc200002f08cf807003800c0b2022802db4ff480760be08e493a00d2b24ff494704243885610f1010f01d140f22116300080b2002845d121003800c0b257
S345080044c002f016f84ff49475824e21003800c0b268433044b0f8400001f084ff21003800c0b268433044b0f8420001f07bff21003800c0b268433044b0f8440001f072ffd5
S3450800450021003800c0b268433044b0f8460001f069ff21003800c0b268433044806c01f046ff21003800c0b268433044b0f84c0001f058ff2100ffb26f4306eb0700006d21
S3450800454001f035ff09e08df803702b00dbb26a46310089b2200002f06ff80020f2bdf8b504000d000026042100226f46380001f0cbfb280002f015f807003800c0b202283a
S3450800458002db4ff480761ae04ff49470dff8481d3a00d2b242438a5612f1010f02d140f221160ce03a00d2b200fb02f008562100c9b200b209b2884201d04ff488763000de
S345080045c080b2002811d129003800c0b201f090ff2900dff8042dffb24ff49470474302eb0700007f01f084ff09e08df803702300dbb26a46310089b2280002f01df8002088
S34508004600f2bd00007cf30020f8b506000c000027042100226d46280001f076fb200001f0c0ff05002800c0b2022802db4ff480771ae04ff49470dff8a01c2a00d2b242430d
S345080046408a5612f1010f02d140f221170ce02a00d2b200fb02f008563100c9b200b209b2884201d04ff48877380080b2002824d121002800c0b201f03bff4ff49476dff890
S34508004680587c21002800c0b270433844008c80b201f0a8fe21002800c0b270433844408c80b201f09ffe2100edb2754307eb0500c08b80b201f096fe09e08df803503300fe
S345080046c0dbb26a46390089b2200001f0b5ff0020f2bd0000e8d1002008f2002094f200202de9f8478fb006000f005ff0000a042100226c46200001f007fb0aa8dff8dc1b40
S34508004700142205f0dff803a8dff8d41b91e81c0080e81c0006a8dff8cc1b102205f0d2f801a8dff8c41bd1e90023c0e90023380001f037ff0400380001f033ff050038007f
S3450800474001f02fff8046380001f01cff81462000c0b2022802db4ff4807a37e02800c0b2042802db4ff4807a30e0b8f1650f02db4ff4807a2ae0b8f1650f02db4ff4807ae6
S3450800478024e0484680b264384ff68551884202d34ff4807a1ae04ff49470dff83c1b2200d2b242438a5612f1010f02d140f2211a0ce02200d2b200fb02f008563100c9b23e
S345080047c000b209b2884201d04ff4887a504680b2002840f0a2804ff49476dff8fc7a2000c0b270433844012180f855102000c0b27043384480f854502000c0b27043384424
S34508004800a0f80c902000c0b270433844a0f856804ff4347000fb08f84046642190fbf1f140f2bd20814201db4ff42f71dff8bc2a2000c0b27043384443781c20434302eb34
S345080048400300012242700b009bb22000c0b270433844827b01212000c0b270433844407804f007fb2000c0b270433844fc3004f0adff1ffa89f94a460a212000c0b2704383
S345080048803844fc3005f002f82000c0b270433844fc3005f009f80aaa13212800c0b205f085f901aa03212000c0b270433844b0f85600fef77cfc0df1050203212000c0b2c5
S345080048c07043384490f85400c0b205f06ff903aa0a212800c0b205f069f901a90620fef75bfc01aa05212000c0b2704338448089fef75dfc0df105020521e4b2744307eb98
S34508004900040090f85400c0b205f050f906aa0e212800c0b205f04af909e08df803403300dbb26a46514689b2380001f085fe002010b0bde8f087f8b505000e000027042181
S3450800494000226c46200001f0dff9300001f029fe04002000c0b2022802db4ff480771ae04ff49470dff870192200d2b242438a5612f1010f02d140f221170ce02200d2b2bf
S3450800498000fb02f008562900c9b200b209b2884201d04ff48877380080b2002841d14ff49475dff834692000c0b268433044002180f855102000c0b26843304400218181c9
S345080049c02000c0b2684330440021a0f856102000c0b2684330440021a0f858102000c0b268433044fc3004f0f1fe00232000c0b268433044827b00212000c0b268433044a4
S34508004a00407804f036fadff8e418e4b26c4306eb040042781c20424301eb02000021417009e08df803402b00dbb26a46390089b2300001f001fe0020f2bd2de9f84191b038
S34508004a4006000f005ff00008042100226c46200001f05af901a8dff8b41d142204f032ff06a8dff8ac1d2c2204f02cff380001f098fd0400380001f094fd05002000c0b2e5
S34508004a80022802db4ff4807821e02800c0b2042802db4ff480781ae04ff49470dff838182200d2b242438a5612f1010f02d140f221180ce02200d2b200fb02f008563100f5
S34508004ac0c9b200b209b2884201d04ff48878404680b200281dd14ff49470dff8fc172200d2b242430a4482f85450e4b2444301eb0400012180f85a1001aa11212800c0b2c4
S34508004b0005f054f806aa2a212800c0b205f04ef809e08df803403300dbb26a46414689b2380001f089fd002012b0bde8f081f8b504000d000026042100226f46380001f0c3
S34508004b40e3f8280001f02dfd0100c9b2022902db4ff480761ae04ff49471dff87c270300dbb24b43d35613f1010f02d140f221160ce00300dbb201fb03f151562200d2b240
S34508004b8009b212b2914201d04ff48876310089b200290ad10022dff84037c0b24ff494714843184480f85a2009e08df803002300dbb26a46310089b2280001f03dfd002060
S34508004bc0f2bdf8b506000c000027042100226d46280001f099f8200001f0e3fc05002800c0b2002802d04ff480770ce0dff8e8162a00d2b24ff494704243885610f1010f81
S34508004c0001d140f22117380080b2002840f0988021002800c0b201f06bfc4ff49476dff8b87621002800c0b270433844b0f8a40080b201f0d7fb21002800c0b270433844d6
S34508004c40d0f8b00001f0b3fb2800c0b2704338440021a0f8a4102800c0b2704338440021c0f8b0102800c0b270433844002180f8ae101ae02800c0b2704338442900c9b2f0
S34508004c807143394491f8ae100844002180f8a6102800c0b2704338442900c9b27143394491f8ae10491c80f8ae102800c0b27043384490f8ae000828dcdb2800c0b2704320
S34508004cc03844002180f8ae102800c0b270433844002180f8dc102800c0b270433844002180f8dc101ae02800c0b2704338442900c9b27143394491f8dc100844002180f845
S34508004d00b4102800c0b2704338442900c9b27143394491f8dc10491c80f8dc102800c0b27043384490f8dc002828dcdbedb2754307eb0500002180f8dc10fef7a3fc09e041
S34508004d408df803503300dbb26a46390089b2200001f072fc0020f2bd6079feff410d030081841e0000007a442de9f04f8db0002003a8dff8a01ad1e90023c0e9002305a8cf
S34508004d80dff8941a202204f09dfd0521002201ac200000f0b9ff0024002600254ff47a7006f05ef958e100232000c0b278434044827b00212000c0b278434044407804f022
S34508004dc058f8002200212000c0b2fdf759ff2000c0b278434044fc3004f0f8fccae02000c0b278434044007f01280dd02000c0b278434044007f022806d02000c0b27843b2
S34508004e004044007f0328ced12000c0b2784308eb00012000c0b278434044b0f91e202000c0b278434044b0f92000121a8a622000c0b278434044807a00280ad02000c0b28d
S34508004e4078434044816a2000c0b2fef737fb060009e02000c0b278434044816a2000c0b2fef77ffa06002000c0b2fdf73afb01002000c0b278434044406900281dd0200025
S34508004e80c0b2784308eb00022000c0b27843404443692000c0b27843404480891b1a53612000c0b2784340444069002805d52000c0b2784340440022426189b200293ed1fd
S34508004ec02000c0b278434044c07a022815d1002e0cd55ff0ff3909fb06f92000c0b278434044857bed4315f001050de02000c0b278434044857bb14606e0002e03d55ff0f4
S34508004f000009002600e0b1462000c0b27843404490f85b00002805d04a4601212000c0b2fdf7aefe4b469bb22a00d2b201212000c0b278434044407803f09bff1ae00023e7
S34508004f402000c0b278434044827b00212000c0b278434044407803f08cff002200212000c0b2fdf78dfe2000c0b278434044fc3004f02cfc2000c0b27843404490f85a000d
S34508004f80012869d105a90520fef706f90df11a010520fef701f908a90420fef7fdf80df125010620fef7f8f805aa04212000c0b278434044b0f92000fef7f9f82000c0b2b8
S34508004fc078434044c078ff280ad00df11a0204212000c0b278434044b0f92200fef7e7f8642046434ff4347096fbf0f608aa03213000fef7dcf803f0c7fddff8f0925ff0e3
S345080050001c0a0df1250205212000c0b27843404440780afb00f04844b0f91600fef7c7f80baa05212000c0b27843404440780afb00fa09eb0a00b0f91800fef7b8f805aafe
S3450800504020212000c0b207fb00f708eb070090f85400c0b204f0aafd4ff49477dff878825ff0ff312000c0b278434044e03006f025f80028f0d12000c0b278434044210006
S34508005080c9b279434144098c8184dff890975ff0ff31484606f058f82000c0b2784308eb000a2000c0b278434044807806f0daf8aaf8200042f2ad6a2000c0b27843404482
S345080050c0b0f9200050452bdb2000c0b210f5c1502100c9b27943414409220a7701a92200d2b27a434244128c0a712200d2b27a434244b2f920201212ca702100c9b27943d7
S3450800510018f9011011f1010f0ad02100c9b2794318f801100a00d2b201a980b201f028fbdff8fcb62000c0b278434044b0f9200058452cda2000c0b200f5c050223021008c
S34508005140c9b2794341440a220a7701a92200d2b27a434244128c0a712200d2b27a434244b2f920201212ca702100c9b2794318f9011011f1010f0ad02100c9b2794318f80c
S3450800518001100a00d2b201a980b201f0f1fa2000c0b278434044c078ff2877d02000c0b27843404400902000c0b278434044c07806f058f8009948842000c0b2784340442d
S345080051c0b0f9220050452cdb2000c0b200f5c05024302100c9b2794341440b220a7701a92200d2b27a434244528c0a712200d2b27a434244b2f922201212ca702100c9b208
S34508005200794318f9011011f1010f0ad02100c9b2794318f801100a00d2b201a980b201f0a7fa2000c0b278434044b0f9220058452cda2000c0b200f5c05026302100c9b259
S34508005240794341440c220a7701a92200d2b27a434244528c0a712200d2b27a434244b2f922201212ca702100c9b2794318f9011011f1010f0ad02100c9b2794318f8011031
S345080052800a00d2b201a980b201f072fa484606f0b3fa2000c0b27843404490f9550001287ff49dad03a90520fdf776ff03aa04212000c0b278434044b0f92000fdf777ff43
S345080052c003aa07212000c0b27843404490f85400c0b204f06bfc4de6e8d10020401201082c14010878130108a014010808f200202de9f04f8db0002003a8dff8b019d1e97f
S345080053000023c0e9002305a8dff8a419202204f0d9fa0521002201ac200000f0f5fc01240026002532e100232000c0b278434044827b00212000c0b278434044407803f01f
S3450800534098fd002200212000c0b2fdf799fc2000c0b278434044fc3004f038faa4e02000c0b278434044007f01280dd02000c0b278434044007f022806d02000c0b2784392
S345080053804044007f0328ced12000c0b2784308eb00012000c0b278434044b0f91e202000c0b278434044b0f92000121a8a622000c0b278434044807a00280ad02000c0b208
S345080053c078434044816a2000c0b2fef777f8060009e02000c0b278434044816a2000c0b2fdf7bfff06002000c0b2fdf77af880b200283ed12000c0b278434044c07a0228f4
S3450800540015d1002e0cd55ff0ff3909fb06f92000c0b278434044857bed4315f001050de02000c0b278434044857bb14606e0002e03d55ff00009002600e0b1462000c0b24b
S345080054407843404490f85b00002805d04a4601212000c0b2fdf714fc4b469bb22a00d2b201212000c0b278434044407803f001fd1ae000232000c0b278434044827b002183
S345080054802000c0b278434044407803f0f2fc002200212000c0b2fdf7f3fb2000c0b278434044fc3004f092f92000c0b27843404490f85a00012869d105a90520fdf76cfefa
S345080054c00df11a010520fdf767fe08a90420fdf763fe0df125010620fdf75efe05aa04212000c0b278434044b0f92000fdf75ffe2000c0b278434044c078ff280ad00df17c
S345080055001a0204212000c0b278434044b0f92200fdf74dfe642046434ff4347096fbf0f608aa03213000fdf742fe03f02dfbdff8f4925ff01c0a0df1250205212000c0b2d2
S345080055407843404440780afb00f04844b0f91600fdf72dfe0baa05212000c0b27843404440780afb00fa09eb0a00b0f91800fdf71efe05aa20212000c0b207fb00f708eb27
S34508005580070090f85400c0b204f010fb4ff49477dff84c875ff0ff312000c0b278434044e03005f08bfd0028f0d12000c0b2784340442100c9b279434144098c8184dff8ac
S345080055c05c925ff0ff31484605f0befd2000c0b2784308eb000a2000c0b278434044807805f040feaaf8200042f2ad6a2000c0b278434044b0f9200050452bdb2000c0b2d8
S3450800560010f5c1502100c9b27943414409220a7701a92200d2b27a434244128c0a712200d2b27a434244b2f920201212ca702100c9b2794318f9011011f1010f0ad0210058
S34508005640c9b2794318f801100a00d2b201a980b201f08ef8dff8c8b12000c0b278434044b0f9200058452cda2000c0b200f5c05022302100c9b2794341440a220a7701a939
S345080056802200d2b27a434244128c0a712200d2b27a434244b2f920201212ca702100c9b2794318f9011011f1010f0ad02100c9b2794318f801100a00d2b201a980b201f06e
S345080056c057f82000c0b278434044c078ff2877d02000c0b27843404400902000c0b278434044c07805f0befd009948842000c0b278434044b0f9220050452cdb2000c0b28d
S3450800570000f5c05024302100c9b2794341440b220a7701a92200d2b27a434244528c0a712200d2b27a434244b2f922201212ca702100c9b2794318f9011011f1010f0ad0f1
S345080057402100c9b2794318f801100a00d2b201a980b201f00df82000c0b278434044b0f9220058452cda2000c0b200f5c05026302100c9b2794341440c220a7701a92200be
S34508005780d2b27a434244528c0a712200d2b27a434244b2f922201212ca702100c9b2794318f9011011f1010f0ad02100c9b2794318f801100a00d2b201a980b200f0d8ff77
S345080057c0484606f019f82000c0b27843404490f9550001287ff4c3ad03a90520fdf7dcfc03aa04212000c0b278434044b0f92000fdf7ddfc03aa07212000c0b278434044cf
S3450800580090f85400c0b204f0d1f94de65412010804110108a814010878110108d0f100207cfcffff08f20020f8b500204ff49474dff8ac545ff0ff360100c9b261436e5471
S345080058400100c9b26143294400224a700100c9b26143294400228a700100c9b2614329440022ca700100c9b26143294400228a720100c9b2614329440022ca720100c9b20d
S345080058806143294400228a810100c9b26143294400228a730100c9b2614329446122ca730100c9b26143294400220a830100c9b26143294400220a770100c9b261432944aa
S345080058c00022ca830100c9b26143294400220a840100c9b26143294400220a630100c9b26143294400224a630100c9b26143294400228a630100c9b2614329440022ca63fe
S345080059000100c9b26143294481f854600100c9b2614329440022a1f856200100c9b2614329440022a1f858200100c9b261432944002281f85a200100c9b2614329440022d0
S3450800594081f85b200100c9b261432944002281f85c200100c9b261432944002281f85d200100c9b261432944002281f85e200100c9b261432944002281f85f200100c9b213
S3450800598061432944002281f860200100c9b261432944002281f861200100c9b261432944002281f862200100c9b261432944002281f863200100c9b261432944002281f887
S345080059c064200100c9b261432944002281f865200100c9b261432944002281f866200100c9b2614329440022a1f8a4200100c9b261432944002281f8ae20ff270100c9b216
S34508005a006143294481f8af700100c9b2614329440022c1f8b0200100c9b261432944002281f8dc200022af49c0b260432844e03006f002f801200100c9b261436e540100b4
S34508005a40c9b26143294400224a700100c9b26143294400228a700100c9b2614329440022ca700100c9b26143294400228a720100c9b2614329440022ca720100c9b2614368
S34508005a80294400228a810100c9b26143294400228a730100c9b2614329446122ca730100c9b26143294400220a830100c9b26143294400220a770100c9b26143294400222a
S34508005ac0ca830100c9b26143294400220a840100c9b26143294400220a630100c9b26143294400224a630100c9b26143294400228a630100c9b2614329440022ca6301001d
S34508005b00c9b26143294481f854600100c9b2614329440022a1f856200100c9b2614329440022a1f858200100c9b261432944002281f85a200100c9b261432944002281f856
S34508005b405b200100c9b261432944002281f85c200100c9b261432944002281f85d200100c9b261432944002281f85e200100c9b261432944002281f85b200100c9b26143ea
S34508005b802944002281f85c200100c9b261432944002281f85d200100c9b261432944002281f85e200100c9b261432944002281f85f200100c9b261432944002281f86020b9
S34508005bc00100c9b261432944002281f861200100c9b261432944002281f862200100c9b261432944002281f863200100c9b261432944002281f864200100c9b26143294460
S34508005c00002281f865200100c9b261432944002281f866200100c9b2614329440022a1f8a4200100c9b261432944002281f8ae200100c9b26143294481f8af700100c9b2e5
S34508005c40614329440022c1f8b0200100c9b261432944002281f8dc2000222349c0b260432844e03005f0e8fef1bd80b51f4805f017ff01bd1fb51a4c00221a4914f1e00085
S34508005c8005f0dafe002002900a2001900a2000900023174a174914f1fc0005f037ff1fbd80b5154805f0fcfe01bd0000b0140108981101081fb50a4c0022104914f5027018
S34508005cc005f0bafe002002900a2001900a20009000230b4a0b4914f5097005f017ff1fbde8d100203814010844140108c8d200206b5c000850140108f0d300205c140108ac
S34508005d00a15c00086814010862f30f2262f31f42401810f0030308d0c91a1fd3db0748bf00f8012d28bf20f8022d130030b414461546103928bf20e93c00fad8490728bf1d
S34508005d4020e90c0048bf40f8042d890028bf20f8022d48bf00f8012d30bc7047c91818bf00f8012dcb0728bf00f8012d704730b4002513e050f8042bd30744bfa9f10103a7
S34508005d809a18091f042942f8045bfad213468c0744bf15809b1cc90748bf1d7050f8041b0029e7d130bc704710b500202ce03c21dff8b82903009bb24b43134400249c766e
S34508005dc003009bb24b43134400245c6203009bb24b43134400249c6203009bb24b43134400245c6003009bb24b4313440400a4b2640883f8214003009bb201fb03f11144a6
S34508005e00002281f82020401c010089b21029cedb05f0c2fe10bd2de9f24f040015001e0006f00bfb0700e4b25fea4408d0e04046c0b209fb00f05044406828444146c9b27b
S34508005e4009fb01f14af801006ee05ff03c09dff81ca94046c0b209fb00f05044002101774046c0b209fb00f050440021c1764046c0b209fb00f05044002101764046c0b25c
S34508005e8009fb00f050443900c9b211f01f013a00d2b2120212f4005211434246d2b2920112f0400211434246d2b2d20112f4407211434246d2b2920012f020021143424639
S34508005ec0d2b2d20112f4c052114311f5c07181814ff0ff0b4046c0b209fb00f0504480f819b04046c0b209fb00f05044a02181764046c0b209fb00f05044009981604046d6
S34508005f00c0b209fb00f050443100490841604046c0b22100c9b2b0eb410f88d14046c0b209fb00f04af800504046c0b209fb00f05044002141624046c0b209fb00f050441c
S34508005f40042181624046c0b209fb00f050440021c1624046c0b209fb00f05044002101634046c0b209fb00f05044002141634046c0b209fb00f05044002141774046c0b2ac
S34508005f8009fb00f00aeb0001dff8f02b4346dbb21c20434302eb030088630022b6a14046c0b209fb00f05044806b05f045fd4046c0b209fb00f050440021c1774046c0b258
S34508005fc009fb00f90aeb090080f81eb018f101084046c0b22100c9b24900891c8842fff634af0022a5a1dff8983b2500edb21c20454303eb050005f01ffd0122a0a1dff843
S34508006000a80c05f019fd5420dff8a01c00222300dbb24343ca542200d2b242430a4400235370e4b2444301eb0400ff218170bde8f18f80b58a6a0b689854521c486882420a
S3450800604000d30022486a824205d100220021042000f08efb03e08a62486b401c486301bd10b4ca6a002308e00c68a054000a521c4c68a24200d300225b1c042bf4d310bc01
S34508006080704710b504002100606bfff7e9ff00206063a06ae062a06a002100e0491c04290dd2401c6268904200d30020626a9042f4d100220021042000f05afb00e0a06201
S345080060c010bd426a016b8a1841688a4201d34168521a426200210163704780b50200100080b2c01110f00f000300dbb2db1e082b26d20300dbb2db1e92b2d21012f00c0201
S3450800610012eb6302c00706d5d2b20021092000f02ffbff202ee000200870100702d5083a012008701000c0b2082806dbd2b20021052000f01dfbff201ce01000c0b219e0dc
S345080061400100c9b20c2901d1ff2013e0c0b201280ad14ff4fa7004f083ff00220021092000f006fbff2005e000220021052000f0fffaff2002bd806800e0083002780b00ce
S34508006180dbb29a4202d00278002af6d1704738b584b001a806f0b2f810f1010f67d0bdf80400002813d19df8060002280ed19df8080081280ad106f040f99df80910c0b2e9
S345080061c0814203d105f0e8fe06f070fa52e06946bdf80400fff781ffdff8702c9df8003013eb40033c214b4302eb0304ff2841d09df8061000293dd09df8081011f00f0180
S34508006200627e914236d09df8081011f00f016176217f00290ad19df80810090606d40200d2b20021012000f0a3fa23e0012508e0210001a82a00d2b210440079fff7f9fe30
S345080062406d1c28009df80610c0b28842f0d39df80800400608d5002020772000fff711ffa06b05f01dfc05e01020207702e0012004f0f6fe05b030bd616100007163000030
S34508006280646c730038b50400dff8c02b2000c0b2c9b211eb40013c20414302eb01055ff0ff31a86b04f00affa87fff2811d0dff8a01b2200d2b25420424301eb0200017867
S345080062c04078814205d02100c9b2280000f0eff827e0280000f07cf9280000f062f96877697f2800fff747ff02005088296b884204d050884ff6ff71884205d129002000f1
S34508006300c0b25268904706e02300dbb200221c21280000f091f92800fff7d3fe280000f071f831bd10b5002410e0dff8201b220092b23c20424301eb0200807e002804d13c
S3450800634000220021112000f013fa641c200080b20828eadb05f0e1fd06f006fb06f02afb02f009fa0020c04600281dd1dff8dc4a2100fe20fff75dfe06f05ff8002809d1e5
S34508006380002200211a2000f0f3f921000020fff750fe03e021000120fff74bfe2000fff770fea06b05f07cfbfff7f1fefce738b504000d0029002000c0b200f099f8290067
S345080063c02000000ac0b200f093f829002000000cc0b200f08df82900240e2000c0b200f087f831bd38b504000d0029002000c0b200f07ef82900a4b2240a2000c0b200f0a4
S3450800640077f831bd10b50400e07e002809d11020e0760320a073607f60740020a07480202074207c50f040002074217c207e41182174207e401c10f00f002076e07f0028f2
S3450800644004d114f10c0005f0fbfe03e014f10c0005f0d3fe0020a0730020e076a020a07610bd38b5dff844480500edb254235d4304eb05039c78ff2c18d05c781c44217145
S34508006480597803eb81014a615978491c11f00f015970dff8b819c0b29a7812eb40023c20424301eb0200806b05f0fafa31bd38b50400dff89c29c9b25420414302eb0105e3
S345080064c0fb206077210028782844007900f010f82100287805eb80004069fff768ff2878401c10f00f0028702000fff78bff31bd38b504000d00e87e002809d10320a873f2
S34508006500687f68740020a8741020e87680202874a87b082818db297c287e41182974287e401c10f00f002876e87f002804d115f10c0005f085fe03e015f10c0005f05dfe1b
S345080065400120a87300202874a87b28440474a87b401ca87331bd38b50400200000f021f80500200000f01df815eb0025200000f018f815eb0045200000f013f815eb006538
S34508006580280032bd38b50400200000f00af80500adb2200000f005f815eb0025280080b232bd0100086b002801d100200fe0086b401e086308684a6a805c4a6a521c4a624d
S345080065c04a6a4b689a4201d300224a62c0b2704770b50400616a206b41186162606a6168884203d3616a6068091a6162606ae16a884201d101201ee0042020630026002576
S3450800660006e0360a2000fff7ccff16eb00666d1c2800c0b20428f4db6068b04209d20020e06a6062012200211b2000f0a1f8012001e02663002070bdfeb507000d00140044
S345080066401e0005f0fafe8030adf8000008208df80200f87e002836d10320b873787f78743c21dff8e8273000c0b2484310443300dbb24b43134493f820305b1c80f82030a4
S345080066803000c0b24843104490f8200000280cd13000c0b2484310443300dbb24b43134493f820305b1c80f820303000c0b201fb00f102eb010090f82000b8741020f8766f
S345080066c08020387405e03200d2b20021032000f04ff828008df80400adb22d0a8df80550b6f180008df80600dff86017f6b23c20464301eb060090f820008df80700002c2a
S345080067000dd004200100c9b2082915da21786a460300dbb21a441171641c401cf2e7042006e000216a460300dbb21a441171401c0100c9b20829f4db684605f081fd10f1fb
S34508006740010f10d105f04cfd684605f079fd00208df8040002208df8050080208df80600684605f06dfdf7bd00000000c8ae00207fb506000c00150005f05ffe8030adf8ea
S34508006780000008208df8020096f4004630008df80400b6b2360a8df80560b5f180008df80600002c0dd003200100c9b2082915da21786a460300dbb21a441171641c401cf3
S345080067c0f2e7032006e000216a460300dbb21a441171401c0100c9b20829f4db684605f02ffd10f1010f10d105f0fafc684605f027fd00208df8040002208df80500802028
S345080068008df80600684605f01bfd7fbd2de9ff4706000c0000202000006bc046062808d23300dbb200222b212000fff705ff0020a0e12000fff7b5fe82462000fff78bfe88
S3450800684080462000fff7adfe07005046c0b2b02807d05046c0b2b32803d05046c0b2e12805d1002501212000c177c04600e03d002000006bc046edb2a84208d03300dbb2b4
S3450800688000222b212000fff7d7fe002072e1dff818544ff4fa61280004f010fc8146484680b2002808d03300dbb200223d212000fff7c2fe00205de15ffa8afabaf1000f63
S345080068c024d0baf1a20f22d0baf1a30f5cd0baf1b00f7cd0baf1b20f5ad0baf1b30f00f08c80baf1b50f00f0a080baf1e10f00f0a080baf1e20f00f0c780baf1e30f00f080
S34508006900eb80baf1e40f00f0018128e12ee15ff0000a09e02000fff744fedff838155246d2b288541af1010a50463900c0b2c9b28842efd3dff82005804511d33800c0b253
S3450800694010eb0800dff81415884209d2dff80425ffb2390089b2404605f092ff814606e03300dbb200220f212000fff765fe484680b2002807d03300dbb20022494689b28d
S345080069802000fff759fef1e0002005f06dfeede0dff8c404804507d23300dbb200220e212000fff749fe0ee0404605f097fe010089b2002907d03300dbb20022010089b23b
S345080069c02000fff739fe002005f04efecee021003800c0b2fff78cfd002607e0210098f80000fff785fd18f10108761c30003900c0b2c9b28842f1d3b8e021003800c0b2c2
S34508006a00fff776fd002609e040460078c0462100c0b2fff76dfd18f10108761c30003900c0b2c9b28842efd3a0e0404605f01cfe9ce0dff820944a463900c9b289b2404632
S34508006a4001f048ff010089b2002907d03300dbb20022010089b22000fff7eefd21003800c0b2fff745fd002607e021003000c0b219f80000fff73cfd761c30003900c0b2f5
S34508006a80c9b28842f1d371e05ff0000909e02000fff787fddff8bc134a46d2b2885419f1010948463900c0b2c9b28842efd3dff8a423ffb2390089b2404601f06eff010001
S34508006ac089b2002907d03300dbb20022010089b22000fff7b1fd49e001ab6a4602a90df1010001f098fe21000298fff760fc21009df80100fff7fcfc21009df80000fff757
S34508006b00f7fc21000198fff752fc2fe001f033fe2000fff720fd02902000fff742fd8df801002000fff73dfd8df800002000fff712fd0190019b9df8002002999df8010078
S34508006b4001f078fe010089b2002907d03300dbb20022010089b22000fff76efd06e03300dbb200222e212000fff766fd280004f097ff002004b0bde8f087000038d4002067
S34508006b80cceb002080b503000800dbb200220621fff752fd012002bdf8b507000c002000fff7fffc06003000c0b200280dd121000220fff79dfc21000020fff799fc210077
S34508006bc00a20fff795fc00206de03000c0b2ff280dd106f0bff8050021000220fff788fc2100e86a80b2fff7fdfb00205be03000c0b2072801da9a4d17e03000c0b20c2805
S34508006c0002da984df61f10e03000c0b2132802da954d0c3e09e000253b00dbb2002208212000fff709fd00e06d1c3000c0b2002812d0761e002728000078c0460028f3d0fd
S34508006c406d1c7f1c380080b23328f4db21000020fff74efc012026e000263000c0b240190078c04600280ad0761c3000c0b23328f3db21000020fff73bfc012013e0210005
S34508006c803000c0b2fff734fc08e028000078c0466d1c2100c0b2fff72bfc761e3000c0b20028f2d10120f2bdb8f2002048cf002038b505000c002000fff773fcc0b2002828
S34508006cc006d0022824d022d304282ad021d330e021000020fff70cfc210064480068800b10f0010090f00100c0b2fff701fc21005f480078fff7fcfb2000fff783fb142098
S34508006d0004f0aef905f048f905f0d0fc18e017e016e04ff40040574908600020544908700ee04ff400405449086001205049087006e02b00dbb2002207212000fff77cfcf0
S34508006d4021000120fff7d4fb210048480068800b10f0010090f00100c0b2fff7c9fb210043480078fff7c4fb012032bd38b504000d002800fff715fcc0b200280ad00128f9
S34508006d8013d13e49e4b21c20444301eb040004f087fe11e05ff0ff31384ae4b21c20444302eb040004f08af906e02300dbb2002225212800fff740fc012032bd70b5040054
S34508006dc00d002800fff7edfb06003000c0b2ff2809d1ff211e4ae4b25420444302eb04008170a97727e03000c0b200281cd10020a87716492200d2b27820424301eb0200a1
S34508006e00a84208d10021124ae4b25420444302eb040081700fe001210d4ae4b25420444302eb0400817006e02300dbb2002225212800fff701fc29003000c0b2fff758fb89
S34508006e4029000020fff7b3fa012070bdc8ae002048cf0020dce8002000f0070800000808600100081002000860210008081001400cf400201410014010100140cceb0020e8
S34508006e8070b5002443e006e005fb04f03044007adff8741c0880002005fb04f131444861022005fb04f13144887005fb04f030448078012814d105fb04f030444068002844
S34508006ec005d105fb04f030440069002808d005fb04f030444069643005fb04f13144486105fb04f03044807802280fd105fb04f030440069002809d005fb04f030444069d8
S34508006f00643005fb04f506eb05014861641c042c78da5425dff8f46b05fb04f030448078012805d005fb04f0304480780228edd105fb04f03044006900282ad005fb04f0d8
S34508006f403044006905fb04f131444969884220d1dff8bc1b0a8801232000c0b2800083409a430a80002005fb04f131444861032005fb04f13144887005fb04f03044026924
S34508006f8014f13c01c9b205fb04f0305cc0b2fff768fa05fb04f030444068002885d005fb04f03044807802283ff47faf05fb04f03044406805fb04f13144496988427ff4db
S34508006fc074af002c06d0022c14d00bd3032c3ff45baf58e705fb04f03044007adff8341b088058e705fb04f03044007adff8281b088050e705fb04f03044007adff81c1b49
S34508007000088048e770bd2de9f84f0400142540f6b830adf800004ff47a77fa205ff00009dff8fc8a80b2c8f80000dff8f80a2100c9b250f821100968012909d10021220066
S34508007040d2b250f8220001604ff4fa7004f008f8dff8d46a01202100c9b256f821100860642003f0fdff5ff0000a0fe0012003f0f7ff0221584605f077ff0028f6d0dff8a3
S345080070805c0d006810eb09091af1010a2800c0b282450ddadff848bd072301222100c9b2584605f0f3fe0121584605f0aefee0e72800c0b2b9fbf0f0800040f2e931884251
S345080070c033d20027bdf80000c8f80000642003f0c7ff5ff000080ee0012003f0c1ff0221484605f041ff0028f6d0dff8f00c0068c71918f101082800c0b280450ddadff86d
S34508007100e09c072301222100c9b2484605f0befe0121484605f079fee1e71e37edb2b7fbf5f00321b0fbf1f031e040f6a17188422dd25ff00009bfb2c8f80070642003f0ec
S345080071408fff00270ee0012003f08aff0221404605f00aff0028f6d0dff8800c006810eb09097f1c2800c0b287420ddadff8708c072301222100c9b2404605f087fe012191
S34508007180404605f042fee1e7edb2b9fbf5f00021e4b256f82420116043f68161884201d343f6ef6080b2bde8f28f30b4c9b201291ed15421dff854290300dbb24b431344fd
S345080071c0db78dff80c4d0500edb254f8254023600123dff850490500edb254f8254023600300dbb201fb03f1114401228a700fe00021dff8dc2c0300dbb252f8232011604b
S345080072000021dff820290300dbb252f8232011600022dff8f838c0b2542148431844426130bc7047f8b504000d000026042100226f463800fef768fd2800fff7b2f90700f2
S345080072402800fff7aef93900c9b2042902db4ff480761de00100c9b2022902db4ff4807616e0dff8701c4979491e3a00d2b2914202da40f205160be0dff890283b00dbb20c
S3450800728054214b43d15611f1010f01d04ff49076310089b200291dd10100c9b2002907d1dff868183a00d2b2542042438c5411e05421dff858285ff0ff33bc465ffa8cfc5b
S345080072c001fb0cfc02f80c303b00dbb201fb03f111444870300080b2002809d08df803702300dbb26a46310089b22800fff7a4f90020f2bd2de9f14f86b00d005ff00009df
S345080073000421002202ac2000fef7fefc2800fff748f906002800fff744f98df804002800fff73ff98df801002800fff714f904902800fff736f98df800002800fff731f93d
S3450800734007002800fff71ef9adf806002800fff719f980462800fff7fef803902800fff720f904003000c0b2042802db4ff4807966e09df80400022802db4ff480795fe0f8
S345080073809df80100652802db4ff4807958e09df80000652802db4ff4807951e03800c0b2032802db4ff480794ae043f68160bdf80610814202db4ff4807941e0414689b223
S345080073c0814202db4ff480793ae02000c0b2022802db4ff4807933e0dff8f80a4079401e3100c9b2884202da40f2051928e05421dff8402c3000c0b24843105610f1010fab
S3450800740009d13000c0b2484310444078002802d140f2211914e03000c0b2484310569df8183000b21bb298420ad03000c0b201fb00f102eb01004078002801d14ff48879ba
S34508007440484680b2002840f03e812000c0b200280ad19df80410dff8dc2b3300dbb25420434302eb030081705ff0540adff8c4bb3000c0b20afb00f058449df80110c17063
S3450800748064203100c9b20afb01f15944049a6423b2fbf3f242434a603100c9b20afb01f159449df800200a723100c9b20afb01f159444f723100c9b20afb01f15944bdf8ad
S345080074c006204a813100c9b20afb01f15944a1f80c803100c9b20afb01f15944039a6423b2fbf3f200fb02f008613800c0b2022803d03800c0b2012833d13000c0b20afbb7
S3450800750000f05844002141763000c0b20afb00f0584400903000c0b2fff775fd009948833000c0b20afb00f05844408bbdf80610884216d23000c0b20afb00f058440421d5
S3450800754081703000c0b20afb00f05844012141763000c0b20afb00f05844002101764ff4c069ffb2012f20d13000c0b20afb00f05844408b1ffa88f8804516d23000c0b211
S345080075800afb00f05844042181703000c0b20afb00f05844022141763000c0b20afb00f058440021017640f20169e4b2002c00f07f80484680b200287ad19df804000028fd
S345080075c03fd03000c0b20afb00f05844007eff280dd03000c0b20afb00f058443100c9b20afb01f15944097e491c017601e040f20369484680b2002865d13000c0b20afb9f
S3450800760000f05844807801285dd03000c0b20afb00f058448078022855d03000c0b20afb00f058449df8041081703000c0b20afb00fa0beb0a0081783000c0b2fff7b5fd37
S3450800764041e03000c0b20afb00f05844007e00280dd03000c0b20afb00f058443100c9b20afb01f15944097e491e017601e040f20269484680b2002825d13000c0b20afb4a
S3450800768000f05844007e00281dd13000c0b20afb00f05844002181703000c0b20afb00fa0beb0a0081783000c0b2fff77efd0ae03000c0b20afb00fa0beb0a0081783000f6
S345080076c0c0b2fff772fd484680b2002809d08df80b609df8183002aa494689b22800fef7abff002007b0bde8f08f2de9f84304000d000026042100226f463800fef704fb2f
S345080077002800fef74eff07003800c0b2042802db4ff4807687e05ff05408dff8f0933800c0b208fb00f019f9000010f1010f0ad13800c0b208fb00f048444078002802d1fb
S3450800774040f221166fe0dff88c074079401e3900c9b2884202da40f2051664e0300080b2002860d129003800c0b208fb00f019f80000c0b2fef7bcfe29003800c0b2fef75c
S34508007780b7fe29003800c0b208fb00f048444078fef7aefe29003800c0b208fb00f048448078fef7a5fe29003800c0b208fb00f04844c078fef79cfe29003800c0b208fb8a
S345080077c000f048444068fef7f2fd29003800c0b208fb00f04844007afef78afe29003800c0b208fb00f04844407afef781fe29003800c0b208fb00f048444089fef7f2fdab
S3450800780029003800c0b208fb00f048448089fef7e9fd29003800c0b208fb00f809eb08000069fef7c4fd300080b2002809d08df803702300dbb26a46310089b22800fef7d7
S34508007840fbfe0020bde8f2832de9f84304000d000026042100226f463800fef755fa2800fef79ffe07003800c0b2042802db4ff4807633e0dff85c064079401e3900c9b203
S34508007880884202da40f2051628e05421dff8a4273800c0b24843105610f1010f09d13800c0b2484310444078002802d140f2211614e03800c0b2484310562300dbb200b28c
S345080078c01bb298420ad03800c0b201fb00f102eb01004078002801d14ff48876300080b2002837d15ff05408dff8489729003800c0b208fb00f019f80000c0b2fef7f8fd5b
S3450800790029003800c0b2fef7f3fd29003800c0b208fb00f048448078fef7eafd29003800c0b208fb00f04844407efef7e1fd29003800c0b208fb00f04844408bfef752fd17
S3450800794029003800c0b208fb00f809eb0800007efef7cefd300080b2002809d08df803702300dbb26a46310089b22800fef764fe0020bde8f2832de9fc4704000d00002681
S34508007980042100226f463800fef7bef92800fef708fe07003800c0b2042802db4ff4807633e0dff830054079401e3900c9b2884202da40f2051628e05421dff878263800bc
S345080079c0c0b24843105610f1010f09d13800c0b2484310444078002802d140f2211614e03800c0b2484310562300dbb200b21bb298420ad03800c0b201fb00f102eb01008f
S34508007a004078002801d14ff48876300080b2002869d15ff05408dff81c963800c0b208fb00f009eb000a3800c0b2fff7ecfaaaf81a003800c0b208fb00f048440021817035
S34508007a403800c0b208fb00f04844002141763800c0b208fb00f04844408b3900c9b208fb01f149444989884206d23800c0b208fb00f04844012141763800c0b208fb00f0ba
S34508007a80484480893900c9b208fb01f14944498b884206d23800c0b208fb00f048440221417629003800c0b208fb00f019f80000c0b2fef71dfd29003800c0b2fef718fd3f
S34508007ac029003800c0b208fb00f04844407efef70ffd29003800c0b208fb00f809eb0800408bfef77ffc300080b2002809d08df803702300dbb26a46310089b22800fef71e
S34508007b009bfd0020bde8f687402c014038dc0020202c0140342c0140382c01403c2c014008740040d8120108c81201082de9f14f84b00c005ff000090421002201ad280063
S34508007b40fef7e2f82000fef72cfd05002000fef728fd8df800002000fef7fdfc03902000fef7f9fc02902000fef70cfdadf802002000fef716fd06002000fef703fd0700da
S34508007b802000fef7fffc80462800c0b2042802db4ff4807963e09df80000652802db4ff480795ce00398002802d14ff4807956e00298002802d14ff4807950e0bdf8020088
S34508007bc0002802d14ff4807949e03000c0b2032802db4ff4807942e043f68160390089b2814202db4ff4807939e0414689b2814202db4ff4807932e0b6484079401e29009e
S34508007c00c9b2884202da40f2051928e05421dff824242800c0b24843105610f1010f09d12800c0b2484310444078002802d140f2211914e02800c0b2484310569df81030c7
S34508007c4000b21bb298420ad02800c0b201fb00f102eb01004078002801d14ff48879484680b2002840f0a8805ff0540adff8c4b32800c0b20afb00f058449df80010c1701c
S34508007c802800c0b20afb00f058440399c1612800c0b20afb00f05844029901622800c0b20afb00f05844bdf8021081842800c0b20afb00f0584446722800c0b20afb00f03b
S34508007cc0584447812800c0b20afb00f05844a0f80c803000c0b2022803d03000c0b2012832d12800c0b20afb00f05844002141762800c0b20afb00f0584400902800c0b2fe
S34508007d00fff781f9009948832800c0b20afb00f05844408bbfb2b84216d22800c0b20afb00f05844042181702800c0b20afb00f05844012141762800c0b20afb00f05844a8
S34508007d40002101764ff4c069f6b2012e20d12800c0b20afb00f05844408b1ffa88f8804516d22800c0b20afb00f05844042181702800c0b20afb00f058440221417628007f
S34508007d80c0b20afb00f058440021017640f20169484680b200280fd12800c0b20afb00f05844002181702800c0b20afb00fa0beb0a00283001f078fd484680b2002809d061
S34508007dc08df807509df8103001aa494689b22000fef732fc002005b0bde8f08f4c3c0140003c014070b504005425924e05fb04f03044006a05fb04f13144c98c88420fd30e
S34508007e0005fb04f030448078012809d001212000c0b2fff7caf9012005fb04f13144887005fb04f03044006a05fb04f13144c98c88420fd205fb04f030448078002809d045
S34508007e4000212000c0b2fff7b0f9002005fb04f13144887005fb04f03044c08c05fb04f13144c96988420ed3002005fb04f13144c88405fb04f03044808c401e05fb04f188
S34508007e803144888408e005fb04f03044c08c401c05fb04f13144c88405fb04f03044808c002813d105fb04f03044283001f08efc002005fb04f131448870002214f14001e0
S34508007ec0c9b26c43305dc0b2fef7cbfa70bd0000e81201087cf300203eb500226fe0542054495ff0ff331400e4b244430b551300dbb243430b4400245c701300dbb24343c0
S34508007f000b4400249c701300dbb243430b440024dc701300dbb243430b4400245c601300dbb243430b4400241c721300dbb243430b4401245c721300dbb243430b44002452
S34508007f405c811300dbb243430b4400249c811300dbb243430b4400241c611300dbb243430b4400245c611300dbb243430b4400241c761300dbb243430b44ff245c7613004c
S34508007f80dbb243430b4400245c831300dbb243430b440024dc611300dbb243430b4400241c621300dbb243430b4400249c841300dbb200fb03f008440021c184521c1000ea
S34508007fc0c0b204288bdb1c4c1a4d00200290012001900120009000232200184915f1280003f094fd00200290012001900120009001232200124915f17c0003f087fd002064
S3450800800002900120019001200090022322000d4915f1d00003f07afd00200290012001900120009003232200074915f5927003f06dfd37bd38dc0020e57d00083813010864
S345080080404813010858130108681301084ff0807c1ceb400f94bf1ceb410f05e040ea010c1ceb0c0f01d28142704718bf88427047ff2212ead05c1dbf12ead1539445934285
S345080080802be09c44d30780ea01021a4043ea002043ea0121a1fb0030c04238bf40007cf17f010bdbfe294ada5b0842eac15153ea006373f1004c51eb10207047d1f1080c7d
S345080080c0dcf120012fdb5b0810fa01f10b4320fa0cf073f100415041704794451cbf02ead153934280ea010202f000421dd0400019d0490017d05bb9634514d00902b1faf4
S3450800810081f39940bceb030cc00140f00040c1e70002b0fa80fc10fa0cf0b3eb0c0cc90141f00041b6e71000704740000ad0490008d010f1807f94bf11f1807f02e042f02e
S34508008140ff407047d043704710b5ff2313ead0541dbf13ead1529c429a4239e0a41ada0780ea0103134042ea012142ea0020421a3cbf641e01eb4202090ab2fbf1fe01fbac
S345080081801e221202b2fbf1f001fb10226ef30f201202b2fbf1fe4eea00207f3406ddfe2c24da53ea500050ebc45010bdd4f1020401fb1e2240f08071192c1ddc21fa04f02d
S345080081c0c4f12004a140114371f10042584110bd9c421abf03ead1529a420fe080ea010e0ef00043400004d0490016d143f0ff4010bd490008bfd343180010bd9c4205d1cb
S34508008200d21af7d001f00041484010bd4a0212bf0846484000f0004010bd4ab90902b1fa81f2914044b1a418c00140f000409ee7c90141f0004152420002b0fa80f4a040d2
S34508008240141b94e790ea010f40f1748081f00041431a4ff000423ebf5340c01ac91800bfd3095fead05c13eb400f34bfb3eb410f40e07cebd1530cd342ea012122d8d1ebf0
S34508008280402009d3400a28bf5fea500140ebcc507047401a15d04002b0fa80f2521c9040400a4fea3c23b3eb026384bf00eb730007e040f400001a16db07c2f10102d04057
S345080082c018437047182bfcdc31fa03f202fa03f3591a38bf42f00102d2eb40203cbf4000acf1010c5feacc5cc20572f100414ceb5020704713eb400f0fd2c94209d0acebad
S34508008300d153022b03db4902172bdddd70479143401ac042d5d10020704713eb410fd0d36ff000007047020890ea010f7ff590af81f00041421a3cbf801a89184ff0004c38
S34508008340c0f3c752ff2a24d0c1f3c75313b3d21ad2f1190327dd4cea01214cfa03f321ea0303d140c20d4cea0020401834bf20ea0c004cea5000d20553ea006373eb0c0cf4
S3450800838052eb1020420012f1807f38bf7047c00dc0057047490212bf9a4200eb5120f8e7d2f11703d9d57047c2175040801ab0fa80f10ad08840d1f19d01d20742eac1515b
S345080083c0020672f1004241eb10207047c0f3c75181b1ff2906d0c110400721f0e04101f16051704741020cbf40f4e0016ff000410020704700f0004100020ad0b0fa80fc43
S3450800840000fa0cf001f16051a1eb0c5101ebd02140057047f0b540f2ff7581ea030c0cf0004c15ea11541dbf15ea1357ac42af42e5e0bc41c1f31301c3f31303801a994174
S3450800844043f4801304d2641e4000494180185941c90241ea5051b1fbf3f603fb1611a2fb0675d7ebc020a94102d2761e80185941c90241ea5051b1fbf3fe03fb1e11a2fb43
S345080084800e75d7ebc020a94103d2aef1010e80185941890241ea9051760546ea8e2eb1fbf3f603fb1611a2fb0675d7eb8020a94102d2761e80185941c90241ea50514eea65
S345080084c0060eb1fbf3f603fb1611a2fb0675d7ebc020a94102d2761e80185941c90241ea5051b1fbf3f703fb1711a2fb0735d3ebc020a94167f100070cbf004247f0010703
S3450800850066f3d5274fea1e31b80814f5806412ddbd0775f1004250eb0e5051eb045111f5801f5cbf41ea0c01f0bd4cf07f6141f0e0410020f0bdbd076d0840ea0e5041f448
S345080085408011d4f10104b4f120060adac4f120060200e04001fa06f3e1401843b24015430ee0342c13dcc6f1200445ea40056d0820fa06f2154321fa06f0a1400d4300215e
S3450800858075f1004250f1000051eb0c01f0bd00205fea0c01f0bdcfb992185b41b3fa83f704bfb2fa82f6bf190b3fb7f120062fbf02fa06f3bb40c7f1200622fa06f638bf14
S345080085c03343ba401cb1e419641e33e77f4231f00041b1fa81f404bfb0fa80f6a4190b3cb4f120062fbf00fa06f1a140c4f1200620fa06f638bf3143a0403c1b1ae7ac4260
S345080086001abf05ea1357af4212e050ea41061cbf52ea4306bfe750ea4107304661461cbf41ea0551f0bd52ea430c08bfc143f0bd00204ff4001616eb410f98bf16eb430f71
S3450800864008bf16eb410f24bfc14305e016eb430f0cbf61464cea0551f0bd0a1901f000428b1aa3f16051b1f5801f0adbb1f17f6f1fd242eac102c10071f1004142eb5070df
S3450800868070470b15c3f10903212b10d2890241ea905180020128494141f0004121fa03f0c3f12003994071f1004150417047100070476ff0000013eb103f5cbf000e42ea38
S345080086c0c050704700280ad0b0fa80f18840d1f19d01c905020672f1004241eb102070474ff0807c1ceb400f94bf1ceb410f05e040ea010c1ceb0c0f01d28842704718bf2e
S3450800870081427047c0f3c7517e390eddc217d1f1200106dd000240f00040c840104450407047d04380f00040704700207047000010b4dff8e043a378002b0bd0c0b230f0ce
S34508008740080013005b0913f00803184308704a70881c0ee00870637804e01800c0b20a54120a5b1e1800c0b20028f6d160780844401c10bc704778b585b00020dff898130b
S345080087800878002801d0002043e001200870dff88c43230008224ff40071012000f04af804a803900020029001940020009000230c220121002004f040f9010089b2002901
S345080087c001d080b225e0dff84c430620a07214f14e0514f10a0601232a003100002004f0fef9010089b2002901d080b211e00120a0720020e07201232a003100002004f03d
S34508008800eef904000122c649c64803f015f9200080b206b070bd30b4be4c2578057060680860e078107021894ff47a704143196030bc704730b585b00400b64d69602c70c4
S345080088401000c0b2412800db40221000c0b2002801d0ea7001e00820e870b1f5007f04d10120a8700120687019e0002203e0686840086860521c2879c00702d468680028de
S34508008880f5d10120904068606868884201d036201ee00020a870d2b2d208521c6a70e4b2022c01d14020e87004a803900020029001930020009000230c220121002004f084
S345080088c0bcf804984ff47a71b0fbf1f02881002005b030bd2de9f047884615008e490978002901d13e2056e004008a4e7068414689b20919884201d235204ce04027dff8ea
S345080089002492c821484602f0d9fb80b2002811d0372040e00a782a70491c6d1c401c02003b0092b29bb29a42f4d3b8eb0708380080b20419404680b2002828d016f10a0a81
S34508008940220051460320fff7f3fe4046390080b289b2884200d247467378db195b1cdbb216f14e025146002004f039f98246504680b2002805d17078304410f14f0100205f
S34508008980cde7484603f08cf8504680b203e0484603f086f80020bde8f0872de9f84f15005d4a1278002a01d13e20b1e08146594c60680a0092b212eb0902904201d23520f8
S345080089c0a6e094f803a08846c821564802f076fb80b2002803d037209ae094f803a0404680b2002800f090800620a072012314f14e0214f10a01002004f0f1f84a4614f19c
S34508008a000a010220fff794fee178491e19ea010f13d14146524689b292b2914200d2c24600210a00534692b29bb29a4224d22a7802706d1c401c491cf3e794f803a01aebde
S34508008a40090ae178491ec94311ea0a0abaeb090a4146524689b292b2914200d2c246002104e02a7802706d1c401c491c0a00534692b29bb29a42f4d32b4e2c4f637813ebf0
S34508008a800a035b1cdbb232003900002004f0a7f8b8eb0a081ffa8afa1aeb09095ff00a0a2078012899d1baf1010a012002f0d8fa0520a072022332003900002004f08ff885
S34508008ac08346584680b2002816d194f84f00c00718d50120c0b2002803d0504680b20028e1d11ffa8afabaf1000f7ff476af0d4802f0d6ff34200be00a4802f0d1ff584605
S34508008b0080b205e00020e5e7064802f0c9ff0020bde8f28f3cef00200df4002080841e0068120108d4f200208aef002046ef0020f8b50500002400260de0012002f090fa6b
S34508008b400221380004f010fa0028f6d0dff8580c00680419761c0a2e0ddadff8507c07230122e91dc9b2380004f090f90121380004f04bf9e4e7dff8381cedb21c2045431e
S34508008b8001eb05008482f1bd2de9fe43052100226c462000fdf7b8f8002000240de0002005fb04f506eb0501c88205e0002005fb04f506eb05018872641c022c7cda1c252e
S34508008bc0dff8ec6b05fb04f0304490f901000128e5d100275ff0000818e0dff8d09b04230122e11dc9b2484604f050f90121484604f00bf90221484604f0b6f90028f9d035
S34508008c00dff8a40b0068c71918f10108b8f10a0fe3db05fb04f03044b0f914003f1adff8940b474340f2a94097fbf0f0401d0a2190fbf1f10a20414305fb04f03044c1826d
S34508008c40002902d55ff0ff30414305fb04f03044b0f908008842a9da022005fb04f1314488720023002200212000c0b200f001f9032005fb04f131444870684605fb04f12e
S34508008c803144c98a017105fb04f13144b1f916100912c17005fb04f0305610f1010f8bd005fb04f5705d0200d2b2694614f5b85080b2fdf75dfd7fe7bde8f783feb5002517
S34508008cc0052100226c462000fdf71ef8dff8e04a208a002803d094f90100012806d0a08d00287dd094f91d00012879d1002616e0dff8b87a042301220621380004f0c6f8d0
S34508008d000121380004f081f80221380004f02cf90028f9d0dff8900a00684519761c0a2ee6db0a2095fbf0f140f6e44041430b2041434ff4805091fbf0f03230642190fb1e
S34508008d40f1f5642045434cf25130854201db4cf25035002642e01c2707fb06f02044058307fb06f02044008a854236da07fb06f0204490f9010001282fd1032007fb06f177
S34508008d80214488720023002200213000c0b200f070f8032007fb06f121444870684607fb06f12144098b017107fb06f12144b1f918100912c17007fb06f0205610f1010fa0
S34508008dc00bd007fb06f7e05d0200d2b2694606f5b850801c80b2fdf7cbfc761c022ebadbf7bd70b5002441e005fb04f03044408a401c05fb04f506eb0501488235e01c257a
S34508008e00dff8ac6905fb04f03044c06800282cd005fb04f0304490f90100012825d105fb04f03044b0f9120005fb04f13144c9688842d9d30023002200212000c0b200f057
S34508008e4018f8022005fb04f13144487005fb04f03044c2686420424314f14a01c9b205fb04f5705dc0b2fdf7fcfa641c022cc6db70bd70b4c9b201296cd1d2b2002a30d1d7
S34508008e80dff834190200d2b2520001eb8202526800241460dff824290400e4b2640002eb8404646800252560dff814490500edb26d0004eb85056d6801262e600125060065
S34508008ec0f6b254f8364025609bb20400e4b251f834100b6001210300dbb252f8332011602fe0dff8d41800220400e4b251f834402260dff8c82800240500edb252f83550ab
S34508008f002c60dff8bc480500edb26d0004eb85056d6801262e6001250600f6b254f8364025600400e4b2640001eb840149689bb20b600100c9b2490002eb810149680122ad
S34508008f400a600122dff86838c0b21c2148431844427037e0dff860180200d2b2520001eb8202526800231360dff850280300dbb25b0002eb83035b6800241c600023040062
S34508008f80e4b251f834100b6000210300dbb252f833201160dff8281800220300dbb251f833301a600200d2b2520001eb8201496800220a600022dff8f837c0b21c21484381
S34508008fc01844427070bc70472de9f041040000250020dff8e4672000c0b2400006eb8000406800210160dff8d4772000c0b2400007eb800040680021016000202100c9b207
S3450800900056f83110086000202100c9b257f831100860dff8ac8700202100c9b258f8311008602000c0b2400008eb80004068002101602000c0b2400008eb8000406801213a
S3450800904001602000c0b2400006eb800040684ff42f7101602000c0b2400007eb8000406801210160fa2001f0fbffdff858072100c9b250f8210000682100c9b2490006eb65
S345080090808101496800220a602100c9b2490007eb8101496800220a6000212200d2b256f83220116000212200d2b257f83220116000212200d2b258f8322011602100c9b226
S345080090c0490008eb8101496800220a60c0b2002811d04ff4e0651c20dff8d4162200d2b242430a4403235370e4b2444301eb0400012181720ee01c20dff8b4162200d2b272
S3450800910042430a4400235370e4b2444301eb040000218172280080b2bde8f081f8b504000d000026042100226f463800fcf7ecfd2800fdf736fa07003800c0b2022802dbdf
S345080091404ff4807616e0dff880068079401e3900c9b2884202da40f205160be0dff850163a00d2b21c204243885610f1010f01d04ff49076300080b200280ad1dff8301625
S345080091803a00d2b21c2042438c543800c0b2fff7cffc300080b2002809d08df803702300dbb26a46310089b22800fdf745fa0020f2bd2de9f14f82b00d005ff0000a042173
S345080091c000226c462000fcf79ffd2800fdf7e9f906002800fdf7e5f907002800fdf7e1f980462800fdf7ddf981462800fdf7d9f904002800fdf7c6f983462800fdf7abf90e
S3450800920001902800fdf7bef93100c9b2022902db4ff4807a51e03900c9b2022902db4ff4807a4ae04146c9b2022902db4ff4807a43e0b9f1650f02d34ff4807a3de021009f
S34508009240c9b2022902db4ff4807a36e0594689b242f6f922914202db4ff4807a2de0010089b24cf25132914202db4ff4807a24e0dff854158979491e3200d2b2914202dae7
S3450800928040f2051a19e01c21dff824253300dbb24b43d35613f1010f02d140f2211a0ce03300dbb201fb03f151569df8082009b212b2914201d04ff4887a514689b20029cb
S345080092c074d11c21dff8e8243300dbb24b4313445f703300dbb24b43134483f80280b9f1620f08d33300dbb24b4313445ff0610ca3f804c005e03300dbb24b431344a3f80a
S3450800930004903300dbb24b4313449c713300dbb24b431344ddf804c05ff0640ebcfbfefcc3f80cc03300dbb24b43134418823000c0b24843104400234382584680b2002802
S3450800934008d03000c0b201fb00f102eb0100a0f808b008e03000c0b201fb00f102eb010042f6f82101814ff4347000fb09f96420b9fbf0f940f2bd20814501d34ff42f7969
S34508009380e4b2002c04d03000c0b2fff71dfe8246504680b2002809d14b469bb24246d2b23900c9b23000c0b2fff763fd504680b2002809d08df803609df808306a46514669
S345080093c089b22800fdf738f90020bde8fe8f2de9f84304000d000026042100226f463800fcf792fc2800fdf7dcf807003800c0b2022802db4ff4807674e0dff8cc03807974
S34508009400401e3900c9b2884202da40f2051669e05ff01c08dff898933800c0b208fb00f019f9000010f1010f02d140f2211659e0300080b2002855d129003800c0b208fba0
S3450800944000f019f80000c0b2fdf752f829003800c0b2fdf74df829003800c0b208fb00f048444078c0b2fdf743f829003800c0b208fb00f048448078c0b2fdf739f829006c
S345080094803800c0b208fb00f048448088c0b2fdf72ff829003800c0b208fb00f048448079c0b2fdf725f829003800c0b208fb00f04844008980b2fcf795ff29003800c0b2ab
S345080094c008fb00f04844c06864225043fcf76fff29003800c0b208fb00f809eb0800008afcf780ff300080b2002809d08df803702300dbb26a46310089b22800fdf79cf8a0
S345080095000020bde8f2832de9f84304000d000026042100226f463800fcf7f6fb2800fdf740f807003800c0b2022802db4ff4807622e0a5488079401e3900c9b2884202da5e
S3450800954040f2051618e01c2099493a00d2b242438a5612f1010f02d140f221160ce03a00d2b200fb02f008562100c9b200b209b2884201d04ff48876300080b2002831d1a2
S3450800958029003800c0b2fcf7b3ff5ff01c08dff8209229003800c0b208fb00f048444078c0b2fcf7a5ff29003800c0b208fb00f04844807ac0b2fcf79bff29003800c0b2f8
S345080095c008fb00f04844c08a80b2fcf70bff29003800c0b208fb00f809eb0800008b80b2fcf700ff300080b2002809d08df803702300dbb26a46310089b22800fdf71cf895
S345080096000020bde8f2832de9f84304000d000027042100226e463000fcf776fb2800fcf7c0ff06003000c0b2022802db4ff4807722e065488079401e3100c9b2884202daaf
S3450800964040f2051718e01c2059493200d2b242438a5612f1010f02d140f221170ce03200d2b200fb02f008562100c9b200b209b2884201d04ff48877380080b200281fd1f8
S345080096803000c0b2fff7a0fc00275ff01c08dff820913000c0b208fb00f048440021417029003000c0b2fcf723ff29003000c0b208fb00f809eb0800807ac0b2fcf718ff3b
S345080096c0380080b2002809d08df803602300dbb26a46390089b22800fcf7aeff0020bde8f28310b4002258e01c2031495ff0ff331400e4b244430b551300dbb243430b44d8
S3450800970000245c701300dbb243430b4400249c701300dbb243430b4400249c801300dbb243430b4400249c711300dbb243430b4442f6f8241c811300dbb243430b4400242c
S345080097409c721300dbb243430b440024dc601300dbb243430b4400241c821300dbb243430b4400245c821300dbb243430b4400249c821300dbb243430b440024dc82130089
S34508009780dbb243430b4400241c821300dbb200fb03f0084400210183521c1000c0b20228a2db10bc704700004c2801400028014008f2002018fcffff18130108081301083c
S345080097c0f8120108901401087cf300200830eff3108172b682692a4b1b689a4229d38269284b1b689a4224d28269274b1b689a4206d38269244b1b68d21a9210521c0fe06e
S3450800980082691f4b1b68d21a92101e4b1b68dff878c0dcf800c0b3eb0c039b105b1c9a180368212b04d30368203ad218026000e002608269002a1ed00269904209d18269be
S345080098401268824202d18269002313600022826111e002694369536142690369136182691268824205d10269836993618269036913600022826181f310880020704700bf41
S34508009880f0f30020f4f30020f8f30020eff3108372b6d0f820c0bcf1000f01d18160c26083f310880020704780b5016a002902d18168002901d1172003e0083003f05efbac
S345080098c0002002bd103a07d330b4b1e83810103aa0e83810f9d230bc530724bfb1e80810a0e8081044bf51f8043b40f8043bd20724bf31f8022b20f8022b44bf0b780370e1
S345080099007047121f17d35b0009d151f8043b20f8023b1b0c121f20f8023bf6d20be051f8043b00f8013b1b0a20f8023b1b0c121f00f8013bf3d238bf121d521e24bf11f8cc
S34508009940013b00f8013bf8d8704700000a8bcb8a9a4203d13f21017000200fe0ca8a0a4492f822200270c88a401c020092b240f201539a4200db0020c8820120704710b451
S3450800998001000020ca8a07e0521c13009bb240f20154a34200db002213000c8b9bb2a3420ad0401c0b7b1400a4b20c4494f82240a342e9d100b201e05ff0ff3010bc704793
S345080099c08a8b0a4482f82305888b401c020092b240f201539a4200db002002004b8b92b29a4201d1002001e08883012070470100c88a098b081a010089b240f202529142f6
S34508009a0001db00f2015080b270470100488b898b081a010089b240f20252914201db00f2015080b270472de9f04105000e0017003800006bc0460400002c26d05ff00008d2
S34508009a4001e018f10108a04511d23800fcf7a9fd2900c0b2fff7b4ffc0b20028f1d13300dbb2002240f207213800fcf7e5fdd5f8240ac06850f08000d5f8241ac86042f219
S34508009a80107105f6442001f019fb0020bde8f0812de9fc4798464ff6ff71884502d15ff0ff3802e00a2101fb08f80b9d0a9e1700814601213800c177c046a9f8206089f8fa
S34508009ac012502800c0b2002804d04846fff757ff824601e05ff0ff3a4846fff788ff0024310080b289b2884215d2504600b2002811d5414609f6282001f0e0fa0400002cb8
S34508009b0009d1edb2002d04d04846fff738ff824601e05ff0ff3a40f20150a9f82000002089f812004846fff762ff050099f81400002804d039000220fcf7dafc15e0002cea
S34508009b400fd1504600b2002804d539000020fcf7cffc0ae039000320fcf7cafc5546adb203e039000120fcf7c3fc3000290080b289b2884200d32e003900300080b2fcf790
S34508009b8031fc002409e049466846fff7dffe39009df80000fcf7acfc641c2000310080b289b28842efd30020bde8f687f8b50c001500dff8402dc0b240f67c21484302eb09
S34508009bc00006002706e028783100c0b2fff7f8fe6d1c7f1ca742f6d3d6f8240ac06850f08000d6f8241ac86042f2107106f6442001f064fa0020f2bd2de9fc4104000d0090
S34508009c000026042100226f463800fcf77df800202800fcf7c6fc07002800fcf7c2fc80463800c0b2042802db4ff4807613e04046c0b2022802db4ff480760ce0dff8b41c07
S34508009c403a00d2b240f67c204243885610f1010f01d04ff49076300080b200282cd13800c0b202f080f940f67c20dff8881c3a00d2b242430a449278012a27d05ffa88f839
S34508009c80b8f1000f03d1ffb24743cc551ee05ff0ff323b00dbb24343ca543a00d2b242430a4401239370ffb2474301eb070010f5266001f0f5fe09e08df803702300dbb2de
S34508009cc06a46310089b22800fcf7b6fc0020bde8f6812de9f14f84b00c0000250421002203ae3000fcf710f8dff80c0d00262000fcf757fc07002000fcf72dfc02902000e2
S34508009d00fcf74ffc80462000fcf74bfc81462000fcf747fc8df8040040f67c2adff8d4bb3800c0b20afb00f0584400902000fcf738fc009948733800c0b20afb00f058442e
S34508009d4000902000fcf72dfc009988733800c0b20afb00f0584400902000fcf722fc0099c8733800c0b20afb00f0584400902000fcf708fc009908823800c0b20afb00f001
S34508009d80584400902000fcf70cfc0099c8743800c0b20afb00f0584400902000fcf701fc0099c8723800c0b20afb00f0584400902000fcf7f6fb009908733800c0b2042812
S34508009dc002db4ff4807541e00298b0f51670dff8fc1c884202d340f2012537e04046c0b2c01f032802d340f202252fe04846c0b2032802db40f2032528e09df804000328f0
S34508009e0002db40f2062521e03800c0b20afb00f01bf9000010f1010f0ad13800c0b20afb00f058448078012802d040f221150de03800c0b20afb00f01bf900009df810104f
S34508009e4000b209b2884201d04ff48875280080b2002840f00d813800c0b20afb00f05844029941603800c0b20afb00f0584480f808803800c0b20afb00f0584480f809904e
S34508009e803800c0b20afb00f058449df8041081723800c0b20afb00f058444078002802d0dff8540b01e0dff8280c0299b0fbf1f03900c9b20afb01f15944d1f8241a886050
S34508009ec04046c0b2072825d13800c0b20afb00f05844d0f8240a3900c9b20afb01f15944d1f8241ac96831f48051c1603800c0b20afb00f05844d0f8240a02213a00d2b25d
S34508009f000afb02f25a44d2f8242ad26861f34a22c2604be04046c0b2082816d14846c0b2002812d13800c0b20afb00f05844d0f8240a3900c9b20afb01f15944d1f8241a83
S34508009f40c96831f48051c16030e04046c0b2082816d14846c0b2002812d03800c0b20afb00f05844d0f8240a3900c9b20afb01f15944d1f8241ac96851f48051c16015e085
S34508009f804046c0b2092811d13800c0b20afb00f05844d0f8240a3900c9b20afb01f15944d1f8241ac96851f48051c1605ffa89f9b9f1000f04d0b9f1020f2dd018d33ee077
S34508009fc05ffa88f8b8f1070f11d03800c0b20afb00f05844d0f8240a3900c9b20afb01f15944d1f8241ac96831f4c061c16026e03800c0b20afb00f05844d0f8240a022168
S3450800a0003a00d2b20afb02f25a44d2f8242ad26861f34a22c26012e03800c0b20afb00f05844d0f8240a3900c9b20afb01f15944d1f8241ac96851f4c061c160ffe79df8e4
S3450800a0400400002803d0022806d002d307e0002605e04ff4405602e04ff40056ffe7ffb20afb07f70beb0700d0f8240a066109e08df80f709df8103003aa290089b22000d1
S3450800a080fcf7dafa002005b0bde8f08ff8b506000c000027042100226d462800fbf734fe2000fcf77efa05002800c0b2042802db4ff4807714e040f67c20dff840192a0019
S3450800a0c0d2b242438a5612f1010f09d12a00d2b200fb02f008448078012801d040f22117380080b2002871d140f67c26dff80c7921002800c0b27043385cc0b2fcf7f8f9d9
S3450800a10021002800c0b2fcf7f3f921002800c0b2704338448078fcf7ebf921002800c0b2704338444068fcf742f921002800c0b270433844007afcf7dbf921002800c0b218
S3450800a14070433844407afcf7d3f921002800c0b270433844807afcf7cbf921002800c0b270433844407bfcf7c3f921002800c0b270433844807bfcf7bbf921002800c0b2f3
S3450800a18070433844c07bfcf7b3f921002800c0b270433844008afcf725f921002800c0b270433844c07cfcf7a3f921002800c0b270433844c07afcf79bf92100edb275432b
S3450800a1c007eb0500007bfcf793f909e08df803503300dbb26a46390089b22000fcf72cfa0020f2bd2de9ff4104000d005ff000080421002202ae3000fbf786fd2800fcf73e
S3450800a200d0f906002800fcf7bdf907002800fcf7b9f901003000c0b2042802db4ff4807823e0080080b240f20152904202db4ff480781ae040f67c20dff8c0273300dbb2bf
S3450800a2404343d35613f1010f02d140f221180ce03300dbb200fb03f010562200d2b200b212b2904201d04ff48878404680b2002814d1dff88827f6b240f67c20464302eb92
S3450800a2800600002202750022019289b200913b002a002100c9b2fff7fbfb09e08df80b602300dbb202aa414689b22800fcf7c4f9002004b0bde8f081f8b504000d000026e6
S3450800a2c0042100226f463800fbf71efd2800fcf768f90100c9b2042902db4ff480761ae040f67c21dff814270300dbb24b43d35613f1010f02d140f221160ce00300dbb2e2
S3450800a30001fb03f151562200d2b209b212b2914201d04ff48876310089b200290cd1dff8dc26c0b240f67c21484310442a002100c9b2fff778fb09e08df803002300dbb2af
S3450800a3406a46310089b22800fcf776f90020f2bd2de9fe4304000d005ff000090421002202ae3000fbf7d0fc2800fcf71af980462800fcf707f906002800fcf703f9070082
S3450800a3804046c0b2042802db4ff4807923e0380080b240f20151884202db4ff480791ae040f67c20dff8901c4246d2b242438a5612f1010f02d140f221190ce04246d2b274
S3450800a3c000fb02f008562100c9b200b209b2884201d04ff48879484680b200281dd1dff8581c5ffa88f840f67c2000fb08f88844002088f814002a002100c9b24046fff793
S3450800a40012fb00200190bfb2009733002a002100c9b24046fff73cfb09e08df80b802300dbb202aa494689b22800fcf705f90020bde8fe832de9ff4104000d005ff0000860
S3450800a4400421002202ae3000fbf75efc2800fcf7a8f806002800fcf795f807002800fcf791f801003000c0b2042802db4ff4807823e0080080b240f20152904202db4ff4ac
S3450800a48080781ae040f67c20dff8ac2b3300dbb24343d35613f1010f02d140f221180ce03300dbb200fb03f010562200d2b200b212b2904201d04ff48878404680b2002879
S3450800a4c014d1dff8742bf6b240f67c20464302eb0600002202750122019289b200913b002a002100c9b2fff7d3fa09e08df80b602300dbb202aa414689b22800fcf79cf878
S3450800a500002004b0bde8f0812de9fe4304000d005ff000090421002202ae3000fbf7f4fb2800fcf73ef880462800fcf72bf806002800fcf727f807004046c0b2042802dbbe
S3450800a5404ff4807923e0380080b240f20151884202db4ff480791ae040f67c20dff8d81a4246d2b242438a5612f1010f02d140f221190ce04246d2b200fb02f00856210001
S3450800a580c9b200b209b2884201d04ff48879484680b200281dd1dff8a01a5ffa88f840f67c2000fb08f88844002088f814002a002100c9b24046fff736fa01200190bfb2a4
S3450800a5c0009733002a002100c9b24046fff760fa09e08df80b802300dbb202aa494689b22800fcf729f80020bde8fe832de9fe4304000d005ff000090421002202ae30005f
S3450800a600fbf782fb2800fbf7ccff80462800fbf7b9ff06002800fbf7b5ff07004046c0b2042802db4ff4807923e0380080b240f20151884202db4ff480791ae040f67c2068
S3450800a640dff8f4194246d2b242438a5612f1010f02d140f221190ce04246d2b200fb02f008562100c9b200b209b2884201d04ff48879484680b200281fd1dff8bc195ffa1d
S3450800a68088f840f67c2000fb08f88844002088f8140098f81400002819d101200190380080b2009033002a002100c9b24046fff7eff92800fbf7a6feebe78df80b8023003d
S3450800a6c0dbb202aa494689b22800fbf7b5ff0020bde8fe83f8b584b005000e0000270421002203ac2000fbf70ffb002002903000fbf757ff04002000c0b2042802db4ff4fc
S3450800a70080771ae040f67c20dff82c192200d2b242438a5612f1010f02d140f221170ce02200d2b200fb02f008562900c9b200b209b2884201d04ff48877380080b2002874
S3450800a74024d140f67c25dff8f0682000c0b268433044012101750020019002a800900023002200212000c0b26843304400f6282002f046fc0298002812d0e4b26c4306eb39
S3450800a780040000f6282001f08bf909e08df80f402b00dbb203aa390089b23000fbf74cff002005b0f0bdf8b504000d000026042100226f463800fbf7a7fa2800fbf7f1fe9b
S3450800a7c00100c9b2042902db4ff480761ae040f67c21dff864280300dbb24b43d35613f1010f02d140f221160ce00300dbb201fb03f151562200d2b209b212b2914201d0e9
S3450800a8004ff48876310089b200290dd140f67c21dff824280300dbb24b431344c0b248431044008bd88209e08df803002300dbb26a46310089b22800fbf7fefe0020f2bd93
S3450800a840f8b506000c000027042100226d462800fbf75afa2000fbf7a4fe05002800c0b2042802db4ff480771ae040f67c20dff8c8172a00d2b242438a5612f1010f02d16b
S3450800a88040f221170ce02a00d2b200fb02f008563100c9b200b209b2884201d04ff48877380080b2002818d140f67c26dff888772800c0b270433844fff799f8210080b279
S3450800a8c0fbf790fdedb2754307eb0500fff79df8210080b2fbf786fd09e08df803503300dbb26a46390089b22000fbf7a5fe0020f2bd0000d88400202de9f84304000d0023
S3450800a9000026042100226f463800fbf7fdf92800fbf747fe07002800fbf734fe3900c9b2042902db4ff4807617e040f67c21dff808273b00dbb24b4313449b78012b0cd086
S3450800a9403b00dbb201fb03f1515611f1010f02d140f2211601e040f22316310089b2002938d14ff6ff71884202d15ff0ff3001e00a21484340f67c28dff8bc963900c9b214
S3450800a98008fb01f119f901102200d2b209b212b291421bd001003800c0b208fb00f0484410f5266000f08afb00280ad13800c0b208fb00f809f8084029000020fbf798fda3
S3450800a9c008e029000120fbf793fd03e029000220fbf78efd300080b2002809d08df803702300dbb26a46310089b22800fbf724fe0020bde8f283000000512502d884002059
S3450800aa002de9f84304000d000026042100226f463800fbf779f92800fbf7c3fd07003800c0b2042802db4ff4807624e040f67c20dff804163a00d2b242438a562300dbb281
S3450800aa4012b21bb29a4202d04ff4887613e03a00d2b242430a449278012a0cd03a00d2b200fb02f0085610f1010f02d140f2211601e040f22316300080b2002814d140f66c
S3450800aa807c28dff8b4953800c0b208fb00f0484410f5266001f004f85ff0ff303900c9b208fb01f809f80800300080b2002809d08df803702300dbb26a46310089b228009d
S3450800aac0fbf7bafd0020bde8f2830000a9bf010000a24a04f8b500200024c9e01ee040f67c20dff854152200d2b242430a44dff84c35c2f8243a2200d2b242430a44d2f836
S3450800ab00242a4ff49c7393602200d2b200fb02f00844d0f8240a42f20c01c16040f67c25dff814655ff0ff302100c9b2694370542000c0b26843304444702000c0b26843ea
S3450800ab403044002181702000c0b2684330445ff4e13141602000c0b268433044082101722000c0b268433044002141722000c0b268433044002181722000c0b26843304442
S3450800ab800221c1722000c0b268433044032101732000c0b268433044002141732000c0b268433044002181732000c0b2684330440021c1732000c0b2684330440021018241
S3450800abc02000c0b2684330440021c1822000c0b268433044002101832000c0b268433044002141832000c0b268433044002181832000c0b268433044002181742000c0b217
S3450800ac00684330440021c1832000c0b26843304440f201510184dff82874002239002000c0b26843304400f6282000f005ff002239002000c0b26843304400f6442000f0c1
S3450800ac40fbfe0022dff8fc132000c0b26843304410f5266000f0f0fe2000c0b205fb00f506eb0500d0f8240a42f22c01c160641c2000c0b2042869da2000c0b2002806d0a5
S3450800ac80022844d023d303283ff429af26e740f67c20dff8a4132200d2b242430a44dff8a833c2f8243a2200d2b242430a44d2f8242a40f2712393602200d2b200fb02f08f
S3450800acc00844d0f8240a42f20c01c16026e740f67c20dff864132200d2b242430a44dff86c33c2f8243a2200d2b242430a44d2f8242a4ff49c7393602200d2b200fb02f005
S3450800ad000844d0f8240a42f20c01c16006e740f67c20c9492200d2b242430a44dff83033c2f8243a2200d2b242430a44d2f8242a4ff49c7393602200d2b200fb02f0084410
S3450800ad40d0f8240a42f20c01c160e7e6f1bd70b5b94cd4f8245a2e6830061ed5a08b618b88421ad0608b204490f823056860608b401c6083608b40f20151884201db0020ce
S3450800ad806083a08b618b884207d1e86830f08000e86004f6442000f083feb00633d56d68208b204480f82250208b401c2083208b40f20151884201db00202083208be18afe
S3450800adc0884206d14ff40170e08304f6282000f067fe218be08a081a010089b240f20252914201db00f20150218c80b2884206d2a07c002807d0207bedb2854203d104f69f
S3450800ae00282000f04dfe70bd70b5924cd4f8245a2e6830061ed5a08b618b88421ad0608b204490f823056860608b401c6083608b40f20151884201db00206083a08b618b5d
S3450800ae40884207d1e86830f08000e86004f6442000f026feb00633d56d68208b204480f82250208b401c2083208b40f20151884201db00202083208be18a884206d14ff4b0
S3450800ae800170e08304f6282000f00afe218be08a081a010089b240f20252914201db00f20150218c80b2884206d2a07c002807d0207bedb2854203d104f6282000f0f0fdfa
S3450800aec070bd70b5644cd4f8245a2e6830061ed5a08b618b88421ad0608b204490f823056860608b401c6083608b40f20151884201db00206083a08b618b884207d1e8685c
S3450800af0030f08000e86004f6442000f0c9fdb00633d56d68208b204480f82250208b401c2083208b40f20151884201db00202083208be18a884206d14ff40170e08304f671
S3450800af40282000f0adfd218be08a081a010089b240f20252914201db00f20150218c80b2884206d2a07c002807d0207bedb2854203d104f6282000f093fd70bd70b5374ced
S3450800af80d4f8245a2e6830061ed5a08b618b88421ad0608b204490f823056860608b401c6083608b40f20151884201db00206083a08b618b884207d1e86830f08000e860b5
S3450800afc004f6442000f06cfdb00633d56d68208b204480f82250208b401c2083208b40f20151884201db00202083208be18a884206d14ff40170e08304f6282000f050fd71
S3450800b000218be08a081a010089b240f20252914201db00f20150218c80b2884206d2a07c002807d0207bedb2854203d104f6282000f036fd70bd0000d8840020004c00400b
S3450800b04088140108a8130108003801400044004000480040548f0020d09900204ca4002010b513490c68002c03d012490968002901d013201ae0002801d1002016e0eff3bf
S3450800b080108172b6042222630122a2630022c4f88420e06408480068401c074a106081f31088200001f0d0ffd4f8840010bd00bf94f300204c000020acf3002010b5eff31a
S3450800b0c0108272b68368002b06d08168491e816082f3108800202fe000292ad0174b1c68174ba366e066c368002b0ad0c3682367c3685b6f6367c3685b6f1c67c3685c676b
S3450800b10002e0c4602467646703695b1c0361062020630120a063e1640a480068401c0949086082f31088200001f08effd4f8840002e082f310880d2010bd00bf94f3002032
S3450800b1409d0e0108acf3002010b5eff3108272b6414b1c688368002b2ed101218160c4600169002926d0002c24d0e16a4161e16b8161d4f8a01000290bd0d4f8a010496b2d
S3450800b180d4f8a030586308634163d4f8a010016309e0c4f8a00000634063e16ac4f89410e16bc4f89810d4f89c10491cc4f89c102021c16200204be0c368a34204d18168d3
S3450800b1c0491c8160002043e0002940d0234ba366e066c369002b0ad0c3692367c3695b6f6367c3695b6f1c67c3695c6702e0c46124676467036a5b1c03620d232363012333
S3450800b200a363e16416490968491c154b196082f310880169002914d0c168002911d0002c0fd0e16ac26a914201d2e16ac162e16ac268d26a914204d2e26ae16ac06801f050
S3450800b240a7ff200001f000ffd4f8840002e01d2082f3108810bd00bf94f30020190f0108acf300202de9f84f04005ff0000a0025002600200627dff85c852000c0b2784314
S3450800b280404441884ff48050414340f6e44091fbf0f080b2dff8401508606420fff7e0fe14f10a008df800005ff000090fe00120fff7d6fe0221584601f056fe0028f6d0fe
S3450800b2c0dff81805006810eb0a0a19f101092000c0b278434044007981450ddadff800b5072301229df80010584601f0cffd0121584601f08afddde72000c0b27843404424
S3450800b3000079bafbf0f909208df800005ff0000a0ee00120fff7a4fe0221584601f024fe0028f6d0dff8b404006845191af1010a2000c0b278434044007982450ddadff83e
S3450800b340a0b4072301229df80010584601f09efd0121584601f059fddee7e4b27c4308eb04000079b5fbf0f140f68c6000fb09f9b9fbf1f1dff86c04b0f90020914202d3c0
S3450800b380dff864042de0b0f9da208a4203d342f20f7026e0761c3200d2b230f912209142f8d3721e64231400e4b230f91440611a59431400e4b230f914401500edb200ebd9
S3450800b3c04500b0f90200241ab1fbf4f0d2b280b203fb0202a2f27f320a2092fbf0f00a21484300b2bde8f28f2de9f84304000d000026042100226f463800faf785fc280009
S3450800b400fbf7cff807002800fbf7cbf881462800fbf7b8f880462800fbf7c3f801003800c0b2062802db4ff4807625e04846c0b2022802db4ff480761ee0404680b240f615
S3450800b440e542904202db4ff4807615e0dff89c030079401e3a00d2b2904202da40f205160ae0dc4a3b00dbb206204343d05610f1010f01d04ff490762300300080b2002832
S3450800b48029d1d44a06243800c0b2604313543800c0b26043104480f801903800c0b26043104490f90100002806d03800c0b260431044a0f8028007e03800c0b26043104472
S3450800b4c040f6b83ca0f802c03800c0b204fb00f402eb04000171300080b2002808d08df80370dbb26a46310089b22800fbf7a4f80020bde8f2832de9f84f04000d00002633
S3450800b500042100226f463800faf7fefb00202800fbf747f807003800c0b2062802db4ff4807624e0b1480079401e3900c9b2884202da40f205161ae0a64806213a00d2b229
S3450800b5404a43024492f9012012f1010f02d140f221160ce03a00d2b201fb02f140562100c9b200b209b2884201d04ff48876300080b2002840f08280dff858825ff0060910
S3450800b5803800c0b209fb00f0404490f9010000283ed0dff85ca25ff0ff315046fff7d4fd3800c0b209fb00f0404441884ff48050414340f6e44091fbf0f080b28649086039
S3450800b5c06420fff74dfddff818b20723012217f10a01c9b2584601f059fc0121584601f014fc02e00120fff73bfd0221584601f0bbfc0028f6d0504600f0fef87748d0f8cd
S3450800b60000a040f6e44000fb0afa5fea1a3a1de0dff8dcb15ff0ff315846fff795fd3800c0b2fff71ffe8246584600f0e5f8504600b210f5617f01da4ff4a066504600b2d7
S3450800b64042f2ad61884201db40f20156300080b2002813d129003800c0b209fb00f918f80900c0b2faf744ff29003800c0b2faf73fff2900504680b2faf7b4fe300080b256
S3450800b680002809d08df803702300dbb26a46310089b22800faf7d0ff0020bde8f28f2de9f84304000d000026042100226f463800faf72afb2800faf774ff07003800c0b27a
S3450800b6c0062802db4ff480764ae048480079401e3900c9b2884202da40f2051640e0dff8f4805ff006093800c0b209fb00f0404490f9010010f1010f02d140f221162fe0ef
S3450800b700300080b200282bd129003800c0b209fb00f018f80000c0b2faf7eafe29003800c0b2faf7e5fe29003800c0b209fb00f040444078c0b2faf7dbfe29003800c0b29a
S3450800b74009fb00f040444088faf74cfe29003800c0b209fb00f908eb09000079faf7c8fe300080b2002809d08df803702300dbb26a46310089b22800faf75eff0020bde8e2
S3450800b780f28310b500201ae012495ff0ff3206230400e4b25c430a550400e4b25c430c4462700200d2b25a430a44002454800200d2b203fb02f319440a220a71401c0100ed
S3450800b7c0c9b20629e0db00220a49094801f008fd10bd000094f20020147400404c24014000240140c00d010819fcffff7cf30020d0f100202c1201082de9f0410600eff3fa
S3450800b800108072b68a490f68b168002900f00b81f168b94240f00781b168491eb160b168002903d080f310880020ffe05ff0000800240025316900293ed0002f3cd0d7f803
S3450800b8409c10491ec7f89c10d7f89c10002903d10021c7f8a0100ce0316b726b4a63716b326b0a63d7f8a010b14202d1316bc7f8a010d7f89440d7f898506e490968491c05
S3450800b8806c4a116080f31088d7f8a0000ae0c16aa14201d2c46a2500006bd7f8a010884200d100200028f2d1eff3108072b661490968491e5f4a1160316a022914d33169ae
S3450800b8c0002911d05b490968491c5a4a116080f31088300001f0b8fceff3108072b655490968491e534a1160f169002928d151490968491c4f4a116080f3108830690028e1
S3450800b9000bd02020f062002f07d0f86aa04204d02a002100f06801f03bfceff3108072b644490968491e434a1160b168002901d10021f16080f3108801f0f6fc002075e0bd
S3450800b940f7693169002926d0d6f80c80f96a7161f96bb161d7f8a01000290bd0d7f8a010496bd7f8a02056630e637163d7f8a010316309e0c7f8a06036637663f96ac7f809
S3450800b9809410f96bc7f89810d7f89c10491cc7f89c102021f1620121b160f760396f8f4202d10021f16107e0396ff161396f7a6f4a67796f3a6f0a67316a491e3162002107
S3450800b9c0b9661c490968491c1a4a116080f310880020c7f88400306900281fd0306a002810d0306a022802d3300001f02dfceff3108072b6f169002902d0f169c96af16298
S3450800ba0080f31088b8f1000f08d0d8f82c00a04204d02a002100404601f0bafb380001f09dfc002002e080f310881e20bde8f08194f30020acf3002070b504000d0016005f
S3450800ba401c220021200001f005fd6560a660eff3108072b60f4921600f49096800290bd00d49096889690c4a126894614c61a16109490968616103e007490c606461a46120
S3450800ba8006490968491c054a116080f31088002070bd00bf414d4553b4f30020b8f3002080b50100eff3108272b6c868002806d18868401c886082f31088002023e0036fed
S3450800bac0984202d10023cb600be0036fcb60036fd0f874c0c3f874c0436fd0f870c0c3f870c00b695b1e0b610021816606490968491c054b196082f310880021c0f88410fa
S3450800bb0001f02cfc002002bdacf300202de9f0470400894615009a46089e099fddf828802c220021200001f095fcc4f80490a660e7602561c4f814a0eff3108072b61349c6
S3450800bb4021601349096800290bd011490968896a0f4a126894624c62a1620d490968616203e00b490c606462a4620a490968491c084a116080f31088b8f1000f03d014f1ad
S3450800bb80080001f0fbf90020bde8f0874d49544100f4002004f4002030b585b04cf6fd70dff878140860dff87804dff87814086045f23c00dff8701408600020dff86c1498
S3450800bbc00860dff86c140868000d000508600a68dff8600402430a60dff85c14086810f47f2008600a68dff8540402430a60dff85004dff8501408602420dff84c1408606f
S3450800bc005ff08850dff844140860dff84414086810f07f4008600a68dff8380402430a60dff83404016851f448510160dff82c140868002008600a68dff8240402430a6058
S3450800bc40dff820140868002008600a68dff8180402430a605ff01130dff810140860dff8101408605ff08830dff808140860dff8081408600021dff804241160dff8001410
S3450800bc800860dff80004dff8001408600020dff8fc1308605ff00110dff8f41308600020dff8f01308600020dff8ec13086001214ff4007001f02efc00214ff4007001f057
S3450800bcc037fcdff8d853280001f04af80020009000208df8040000208df805005ff4602402940020039001208df810006946280001f066f80121280001f0b0f8012128007a
S3450800bd0001f0b7f80121280001f07ff8280001f089f8280001f08bf80028fad1280001f08ff8280001f091f80028fad101214ff4806001f0effb00214ff4806001f0f8fbfd
S3450800bd40d74d280001f00cf80020009000208df8040000208df8050002940020039001208df810006946280001f02af80121280001f074f80121280001f07bf801212800e9
S3450800bd8001f043f8280001f04df8280001f04ff80028fad1280001f053f8280001f055f80028fad101214ff4004001f0b3fb00214ff4004001f0bcfbba4d280000f0d0ff5d
S3450800bdc00020009000208df8040000208df8050002940020039001208df810006946280000f0eeff0121280001f038f80121280001f03ff80121280001f007f8280001f04f
S3450800be0011f8280001f013f80028fad1280001f017f8280001f019f80028fad1a248002101800121a14a118046f66801a04a1180a04a11802322a04b1a8063229f4b1a80f7
S3450800be4000229f4b1a8000229e4b1a8000229e4b1a8000229d4b1a804ff400429c4b1a80002303809b4880230380038853f0010303800020984b18800120984b18809848ff
S3450800be8001809848018000209749088040f2cf209649088000209649088000209549088000209549088000209449088094480280944880210180018851f001010180812020
S3450800bec09149088001209149088041f61f409049088040f2e7318f4a118081218e4a118001218e4a11808e49088013208d4908808d4845f25551016040f6ff728b4b1a6014
S3450800bf00016002218a4a11604ff48071894a11604cf6cc41016005b030bd80b572b64ff4407001f041fb36208df8000003208df8010000208df8020001208df80300684661
S3450800bf4001f037fb37208df8000003208df8010000208df8020001208df80300684601f028fb62b601bd1fb50400684672491022fdf7a8fc2000c0b2042809da72b66846a1
S3450800bf80e4b200eb840001f014fb62b6002001e04ff4807004b010bd38b572b6002507e00023002200212800c0b2fcf762ff6d1c624c2800a179c0b28842f1d3002505e0a9
S3450800bfc000212800c0b2fbf7f0f86d1c28006179c0b28842f4d3002007e00021584a0300dbb252f823201160401c0100a278c9b29142f2d337490a884ff6fe7002400a809d
S3450800c00040490a884ff6fe7002400a803e490a884ff6fe7002400a8031bd0000181002403f000e3a1c100240040001400008014004080140bbbb0100000c01400003308b16
S3450800c040ab11bbbb040c0140100c01400010014004100140818b88000c100140001401401111b888041401408b11bbbb0018014004180140001c0140041c01400c1c01403c
S3450800c0800020014088888811042001400c2001400074004008740040147400400024014000280140003c0140202c0140142c0140182c01401c2c0140282c01402c2c0140c9
S3450800c0c0342c0140382c01403c2c0140402c0140442c0140002c01402008004014080040180800401c080040280800402c08004034080040380800403c0800404008004004
S3450800c1004408004000080040001000400c100040281000402c100040001400400c140040281400402c140040003000400830004004300040042004e0281301087cf3002096
S3450800c1400c10010810b40022dff888341878aa2800d01a221879552800d01a2258780100c9b2002903d00100c9b2402900db1a220100dc78c9b2a14200d01a229978c9b2fc
S3450800c180c9430300dbb2c9b28b4200d01a2292b2002a01d1c0b200e0002010bc70470022dff830140879552800d01a22c879552800d01a2248790300dbb2042b00db1a22a4
S3450800c1c08979c9b2c9430300dbb2c9b28b4200d01a2292b2002a01d1c0b200e0002070470120dff8f41308700020dff8f01308700020dff8ec130870704770b50400dff84d
S3450800c200dc53dff8dc6331782878081a0100c9b215290cdb14380ae00120fef721ff31782878081a0100c9b2152900db1438c0b20b28f1da200000f003f8c0b200b270bd1b
S3450800c240f8b50500012001f0eff90400dff890231178491c0800c0b2142800db0021dff87c3310781e78b0420ad1dff86c030078002805d1200001f0d7f95ff0ff303ce02e
S3450800c2800c20dff86063177847433744d5f804c0c7f804c0177847433744d5f808c0c7f808c017784743374495f802c087f802c02d88177800fb07f0355211701578d5f19d
S3450800c2c0140518784519dff81013087800280ed000200870dff81003016851f001010160dff808030068400101d500f0e7f8200001f09af9edb2280000b2f2bd70b50600f3
S3450800c3005ff0ff31dff8e802fef7d8fedff8e4422078002802d05ff0ff3031e00c20b64db6492a7842438a5a32802a7842430a449278b2702a7842430a44526872602a7897
S3450800c34000fb02f008448068b0602e78761c3000c0b20b2800db0026012001f065f93100a74a1278c9b2914206d1012121702e7001f05af9002003e02e7001f055f9012099
S3450800c38070bd38b54ff400729e4b1a609e4c226832f0f002303222609c4a136833f4c04313f58043136000228c4b1a7000228c4b1a700122884b1a7000228f4b1a700022da
S3450800c3c08f4b1a7001228b4b1a70914a1170914a01231360904b1d68ed07fbd58f4dc0b255f820008e4d2860106850f00400106010684008400010601868c007fcd4c9b20a
S3450800c400080080b200f09df8022077490860206830f0f000b0302060002282497448fff70bfb31bd4ff40070764908607648016831f0f001303101607047754800787047e2
S3450800c44038b56f4a1178491c0800c0b20b2800db00211078684b1b78984207d165480078002803d120207049086026e00c20634b6e4c2468640d157845435c531478444301
S3450800c4801c446b4d2d6815f00f05a570147844431c44684d2d686560147800fb04f01844654b1b68836020205f4b18600020514b187011704e48fff7f3fa31bd30b4464923
S3450800c4c0087800280ad0484801684908490001604648016851f00101016030e0574a0c233e48404c05785d4325446d68956005785d432544ad68d56005785d432544ad7860
S3450800c5005560057803fb05f3e35a5b055b1c13600278521c1300dbb2142b00db002213002f4c2478dbb2a34208d101230b702e490b685b085b000b60027000e0027030bca3
S3450800c54070473f4901220a603e4a0123136013685b085b00136000223b4b1a6000223b4b1a6080b2400110f17870394a10603948394a10600120394a1060002008607047bc
S3450800c58018b41a4b1a6812f0e052b2f1e05ff8d12a4ac0b2324c14eb00649460d160082050601b4800782f4911eb40511160186810f0e050b0f1e05ff9d10020009002e0da
S3450800c5c00098401c00900098b0f57a6ff8d311bc70470000f0ff002010f400200ef400200ff40020dcea00201464004008640040f0f2002013f4002011f40020d0ef002045
S3450800c60012f40020100c0140040c01400400014014f400200064004004640040881201081c640040781201080c640040b0650040b4650040b8650040bc6500408065004028
S3450800c64000660040046600400c66004014660040406600400000e0ff446600401c6600401500800001000010002807d100207049086080206f490860002016e06c4a6e4955
S3450800c6804840106011686d4841406d48814209d16c48116801606c490160002065490860002002e0002010602c20704780b55ff0ff3066490860664908606649086066495d
S3450800c6c00860fff7affe654965480860002000e0401c6428fcd36348086001bd54490968002901d1272016e0524902220a605e4a1060086850f0400008605c490800411eeb
S3450800c700002803d05a480068c007f7d4002901d10b2000e000207047ff2056490870564908700020554908600020704710b44f4b0122404c226001801a00531e002a03d095
S3450800c7404b4a1268d207f7d4002b01d1192006e0008889b2814201d1002000e0282010bc704780b5454a1068002809d0414800784149097811eb002189b21068fff7d6ffd5
S3450800c780002002bd2de9f04104000d00002028490968002901d1272047e0384e316800290ed16108490031603349ff220a70314b1a703268a24201d10d7035e01d7033e0c0
S3450800c7c0306861084900884214d13068a04202d12948057001e027480570264800782649097811eb002189b23068fff79fff0021316019e01f4fdff88080387898f80010a0
S3450800c80011eb002189b23068fff790ffff2188f8001039706108490031603168a14202d188f8005000e03d7080b2bde8f081000088f300201020024055af23505231c2ab71
S3450800c8407130a5ee04200240ab89efcd80e100e084e100e080e200e084e200e00ced00e00400fa050100fa051420024040420f000c20024016f4002017f4002084f30020d5
S3450800c880f8b506000c001500fff746ff002701e0761c7f1c3800210080b289b288420bd2380080b2295c3000fff76cff010089b20029edd080b202e0fff753ff0020f2bdec
S3450800c8c080b572b6244825490860fff7abfd012000f0e6fd212000f039fe0028fad0002000f0effd5ff4803000f0befd312000f02dfe0028fad05ff480115ff4803000f0c0
S3450800c900d3fd012000f0d9fd392000f01ffe0028fad04ff4404000f0f5fd002000f0e9fd4ff4806000f0ddfd002000f0d2fd022000f080fe002000f086fe102000f08dfea4
S3450800c940022000f0befd40f2fd10054908605ff090500449086001bd0020000808ed00e0181002401c10024080b572b64ff4407000f01afe14208df8000001208df80100b8
S3450800c98000208df8020001208df80300684600f010fe13208df8000001208df8010000208df8020001208df80300684600f001fe62b601bd80b5d148016851f4804101602d
S3450800c9c0cf48016831f4700111f530010160016821f0704111f130410160ca48016851f0010101608020c84908609020c7490860c748c8490860c84908600e208df8000068
S3450800ca0003208df8010000208df8020001208df803000720c14908805420c14908800022c049c148fff708f80122c049c048fff703f8684600f0bdfd01bd2de9f041040080
S3450800ca402000c0b2172801db3b20c6e0dff8e4e25ff0000c0800c0b21d2801d33b20bce0089d06980c26b44fa0465ffa88f806fb08f8b844a8f80650b04dc9b255f8211058
S3450800ca802500edb2754379512100c9b2714339440a712100c9b271433944a14a128892b232f03b028a60c0b200280bd02000c0b2704338442100c9b271433944896851f0c6
S3450800cac0020181600798dbb2002b10d02100c9b2714339442200d2b272433a44926852f001028a6003e01cf1010c5fea5e0e704503d26146c9b20729f5db0998c0f800e0a7
S3450800cb002000c0b2704338442100c9b27143394489685ffa8cfc5feacc0c1ffa8cfc5cea010cc0f808c02000c0b2704338440079082822db2000c0b2704339582000c0b223
S3450800cb407043385842680f232000c0b270433844007910f00700c0b2800083409a4303232000c0b270433844007910f00700c0b2800083409a184a6021e02000c0b27043f7
S3450800cb80385801680f222000c0b270433844007910f00700c0b280008240914303222000c0b270433844007910f00700c0b28000824051182000c0b270433858016020009b
S3450800cbc0c0b2704339580122e4b2744307eb040090f9040082400a610020bde8f0812de9f84f0400884691469a462000c0b2172801db3b2076e00c254f4e2000c0b26843cc
S3450800cc003058002801d13f206ce0494f64213800fef754fa002801d0382063e0c3462000c0b26843304480683d4908803848018889f80010008889f800005ff001082000c2
S3450800cc40c0b2684330582100c9b2694331440979103118fa01f101612000c0b268433044c088fef7fdf92848016849084900016026490a68520852000a60314ac2f80090a7
S3450800cc80304ac2f800b05246d2b22f4b1a605ffa8afa2e4ac2f800a04ff480522c4b1a60026852f00b020260086850f00100086014211d48fef702fa2100c9b269437258ec
S3450800ccc0e4b26c4306eb040191f9041018fa01f8c2f81080002801d0392003e03800fef7dffe0020bde8f28f80b5074801680909090101600c48fef7d3fe01bd1c100240c3
S3450800cd00040c01401410024044000240580002400c3800404c000240600002400438004000380040801401080cf300209812010828f3002080a81201c8e700200000002092
S3450800cd405000024064000240480002405c0002400400024001480068704700bf94f3002080b5dff8f011884208d0dff8ec1188420fd0dff8e811884216d020e001214ff420
S3450800cd80007000f0d5fb00214ff4007000f0d0fb15e001214ff4806000f0cafb00214ff4806000f0c5fb0ae001214ff4004000f0bffb00214ff4004000f0bafbffe701bd9d
S3450800cdc030b4002200234468dff8942114400a680d7952ea0522144344608468dff884211440cd688a6815434a7955ea42052c438460c26a32f47002097c491e0b43dbb2b8
S3450800ce0052ea0352c26230bc7047c9b2002904d0816851f00101816003e081684908490081607047816851f008018160704700218068000701d5012000e00020c0b270470e
S3450800ce40816851f004018160704700218068400701d5012000e00020c0b2704700220022426832f46042c9b2491e52ea413242607047c9b2002904d0416851f40061416065
S3450800ce8003e0416831f4006141607047f0b4002400240c00e4b20a2c11dbc5680727b1f10a060324664317fa06f6b543dbb2b1f10a0603246643b3402b43c3600ee004697a
S3450800cec00726032505fb01f516fa05f5ac43dbb2032505fb01f5ab40234303611300dbb2072b0fda446b1f26551e05235d4316fa05f5ac43c9b2531e0522534399402143b7
S3450800cf00416324e01300dbb20d2b0fda046b1f26d51f05235d4316fa05f5ac43c9b2d31f0522534399402143016310e0c46a1f26b2f10d0505235d4316fa05f5ac43c9b2f2
S3450800cf40b2f10d030522534399402143c162f0bc704700000024014000280140003c0140fffef0fffdf7f1ff00220068c9b2084201d0012000e00020c0b27047eff3108178
S3450800cf8072b60268002a30d002685ff0ff339a422bd08269002a28d10268212a01d31f2201e00268521e134b1b6813eb8202124b1b689a4207d3104b1b68d21a92100f4b93
S3450800cfc01b6813eb82021368002b0ad01368036113685b6943614369186113685861826103e0006140618261106081f310880020704700bff8f30020f4f30020f0f30020b1
S3450800d00038b5ddf810c0ddf814e0eff3108472b6002901d045680d60002a01d081681160002b01d0c1681960bcf1000f02d00169ccf80010bef1000f02d04069cef8000017
S3450800d04084f31088002032bd10b504004848006884420ad1e06c002807d05ff0ff31884203d014f14c00fff789ffeff3108072b640490968491e3f4a1160a16b002964d08e
S3450800d0800021a163e16a226aa2421ad0226a636a5362626a236a1362374a52f82120a24253d1354a236a42f82130344909688c424bd133490968304a52f821102f4a11606d
S3450800d0c043e02d4a002342f821302e4a1268012313fa01f1c94311402a4a11600021294a1268d3b2002b20d1120ad3b20831002b1bd1120ad3b20831002b16d1120ad3b256
S3450800d1000831002b11d11e4920220a601b4900220a6080f310881c480068164909680843002823d100f0a6fa20e0184a9a5c5118134a1160114909688c4206d11049096831
S3450800d1400d4a52f821100d4a116080f31088084800680a490968884208d00b480068054909680843002801d100f084fa10bd00bf94f30020acf3002054f0002098f30020b0
S3450800d180a8f30020a4f300204c000020dce9002070b506000c001500eff3108072b6316b002904d0f462f56380f3108814e00b490968891c094a1160032131630121b16356
S3450800d1c00021f16480f310883000fff73dfff462f563300000f0c2f870bd00bfacf3002070b504000d00160038220021200000f031f965602661eff3108072b60f4921604b
S3450800d2000f49096800290bd00d490968896a0c4a126894624c62a16209490968616203e007490c606462a46206490968491c054a116080f31088002070bd00bf4554554dba
S3450800d240ccf30020d0f3002038b5eff3108172b6026a022a03d281f31088002060e0026a022a0dd1c269126fd26ac369db6a9a4202d2c269126fc26181f3108800204fe0d4
S3450800d280c269036ad0f81cc0dcf870e0254c2468641c244d2c60def82c40dcf82c50ac4200d2f44681f31088eff3108172b6c469a24205d1046aa34202d1def870e005e03b
S3450800d2c0c269036ad0f81cc0dcf870e0c469a645e1d1144a1268521e124b1a60c269944519d0dcf87020dcf874305367dcf87420dcf870301367c269ccf87020c269526f93
S3450800d300ccf87420c269526fc2f870c0c269c2f874c0c0f81cc081f3108800f005f8002032bd00bfacf3002080b50848006808490968884208d0074800680749096808436a
S3450800d340002801d100f096f901bd00bf94f3002098f300204c000020acf3002010b50400606e002804d014f14c0000f085f901e00020e064eff3108072b62f490968491eab
S3450800d3802d4a1160a16b00290ad0216b012940d0216b02293dd00021a1630021216338e0216b002935d0616b002904d000216163032121632de000212163e16a1f4a52f83c
S3450800d3c02120002a05d0516a0c625462616222621fe01a4a42f8214024626462184a126801238b401a43164b1a60164a1268002a04d1144a1460144a11600ae0124b1b6828
S3450800d400994206d2104b1960d26b914201d20d490c6080f310880d4800680a490968884208d00b480068044909680843002801d100f020f910bd00bfacf3002054f000200e
S3450800d440a4f3002098f30020a8f3002094f300204c00002010b5040010000a0001002000f8f752fc200010bddff81c110a6832f480320a600a6832f480220a60b0f5803f80
S3450800d48003d0b0f5802f05d009e0086850f48030086004e0086850f4a0200860ffe77047c0b23b49086070470022384b1a6832f47c120843104318607047c0b2354908603b
S3450800d4c070470021314a11688908890008431060704700212d4a116831f0f0010843106070470021294a116831f4e0610843106070470021254a116831f4605151eac00171
S3450800d500116070470021214a116831f44041084310607047c9b2002904d020490a681043086004e01d490a6832ea000008607047c9b2002904d01a490a681043086004e0a7
S3450800d54017490a6832ea0000086070470021002100210100c9b24909c9b2012902d10a49096806e0022902d10b49096801e00d490968c0b210f01f00c140c80701d501207a
S3450800d58000e00020c0b270470010024004100240000042426000424220100240181002400c100240241002401a4908431a4908607047002100210f23c17800291ed0164921
S3450800d5c0096811f4e061d1f5e061090ad1f10402cb40417811fa02f281780b401a4312010e490378ca540121027812f01f0291400b4a0078401142f8201009e00121027880
S3450800d60012f01f029140074a0078401142f82010704700000000fa050ced00e000e400e000e100e080e100e0eff3108180f31088084670470021dff83820116811f0380189
S3450800d640084310607047dff828100a6832f008020a600a68104308607047dff814100a6832f010020a600a6810430860704700000020024000df7047eff3108172b68269c2
S3450800d680002a1ed00269904209d182691268824202d18269002313600022826111e002694369536142690369136182691268824205d102698369936182690369136000222e
S3450800d6c0826181f31088002070470000f8b50a24002100254fe026e000206a013244506168013044c07ec0436a013244d0766801304440696a013244d268904213d3680147
S3450800d7003044c07e00280ed1ff2069013144c876002069013144486101216801304480686a01324410610800c0b2002812d061193a00d2b2c9b26801305cc0b2f8f791fee9
S3450800d740002168013044c078002803d000206a0132449070680130448088032802db680130440777680130448088032802da6801304407776d1c1e2d80f27581dff84c6b10
S3450800d7806801304480780128f4d168013044008b401e6a0132441083680130440069002806d0680130440069401e6a013244106168013044008b0028dcd168013044c088c2
S3450800d7c06a0132441083dff8fc0c50f8250007686801304490f90100012802d1ff4317f0010717f001076801304400690028b9d168013044808800280bd0022879d040d3c3
S3450800d800042800f0eb80c0f0b780052800f0188161e76801304490f91c003a00d2b200b212b2904203da01206a013244d07668013044c07e002806d0680130444069401cc6
S3450800d8406a01324450616801304440696a013244d268521c904213d13800c0b2002807d00121680130448068401c6a013244106100206a013244506100206a013244d0760c
S3450800d88051e73800c0b26a01324492f91c2000b212b2904203da01206a013244d07668013044c07e002806d0680130444069401c6a01324450616801304440696a0132446f
S3450800d8c0d268521c904213d13800c0b2002807d10121680130448068401c6a013244106100206a013244506100206a013244d07619e76801304490f91c003a00d2b200b292
S3450800d90012b290420bd068013044c07e002802d168013044877601206a013244d07668013044c07e002806d0680130444069401c6a01324450616801304440696a0132443c
S3450800d940d268521c904216d138006a013244927ec0b2904207d10121680130448068401c6a013244106100206a013244506100206a013244d076d6e63800c0b2012807d1fe
S3450800d980680130444069401c6a013244506107e000206a013244506100206a013244d0766801304440696a013244d268521c904213d168013044c07e00280ed10120690193
S3450800d9c03144c876002069013144486101216801304480686a0132441061a4e63800c0b2002807d1680130444069401c6a013244506107e000206a013244506100206a01b9
S3450800da003244d0766801304440696a013244d268521c904213d168013044c07e00280ed1012069013144c876002069013144486101216801304480686a013244106172e6be
S3450800da406801304490f91c003a00d2b200b212b290427ff441ae680130444069401c6a013244506143e6f1bdf8b506000c000025042100226f463800f8f746f92000f8f70e
S3450800da8090fd01000800c0b2142802db4ff4807516e0dff8240b8078401e0a00d2b2904202da40f205150be0dff8102b0b00dbb203204343d05610f1010f01d04ff4907597
S3450800dac0280080b200280ed1dff8f02a0b00dbb203204343d65400230f00ffb20320474302eb07004370280080b2002809d08df803103300dbb26a46290089b22000f8f74e
S3450800db009bfd0020f2bdf8b504000d000026042100226f463800f8f7f7f82800f8f741fd07002800f8f73dfd01003800c0b2142802db4ff480762be00800c0b2022802db44
S3450800db404ff4807624e0dff8700a8078401e3a00d2b2904202da40f2051619e0dff85c2a3b00dbb203204343d05610f1010f02d140f221160ce03b00dbb203204343d0563d
S3450800db802200d2b200b212b2904201d04ff48876300080b200281dd1dff8202a3b00dbb20320434302eb030090f9010000280fd13b00dbb20320434302eb03008170c9b2fe
S3450800dbc0dff8940c3a00d2b250f82200016001e04ff49176300080b2002809d08df803702300dbb26a46310089b22800f8f724fd0020f2bd2de9fc4104000d00002604210f
S3450800dc0000226f463800f8f77ff82800f8f7c9fc07003800c0b2142802db4ff4807641e0dff894098078401e3900c9b2884202da40f2051636e0dff884893900c9b203201f
S3450800dc40414318f9010010f1010f02d140f2211628e0300080b2002824d129003a00d2b20320424318f80200c0b2f8f741fc29003800c0b2f8f73cfc29003a00d2b20320e9
S3450800dc80424308eb02004078c0b2f8f731fc29003a00d2b20320424308eb02008078c0b2f8f726fc300080b2002809d08df803702300dbb26a46310089b22800f8f7bcfca1
S3450800dcc00020bde8f6812de9f84304000d000026042100226f463800f8f716f82800f8f760fc07002800f8f74dfc80462800f8f758fc3800c0b20a2802db4ff4807632e012
S3450800dd00404680b264384ef6fd11884202d34ff4807628e0dff8a0088078022190fbf1f0401e3900c9b2884202da40f205161ae0dff888183a00d2b206204243885610f18b
S3450800dd40010f02d04ff490760de03800c0b242000320424301eb020090f9030010f1010f01d04ff49076300080b2002844d10622dff848183800c0b250430c543800c0b2ff
S3450800dd8043000320434301eb0300c4703800c0b202fb00f201eb0200012242703800c0b242000320424301eb02000121017100210de0404680b2642290fbf2f26420424310
S3450800ddc0dff8b40b0b00dbb220f82320491c0800c0b20a28eddbdff8a49b4846fbf7f6fc1ffa88f8022098fbf0f20a214846fbf74dfd4846fbf758fd300080b2002809d0ce
S3450800de008df803702300dbb26a46310089b22800f8f712fc0020bde8f283f8b504000d000026042100226f463800f7f76dff2800f8f7b7fb07002800f8f7b3fb3900c9b2f6
S3450800de400a2902db4ff4807651e00100c9b2072902db4ff480764ae0dff85c178978022291fbf2f1491e3a00d2b2914202da40f205163ce00623dff844273900c9b2594358
S3450800de80515611f1010f02d140f221162fe03900c9b25fea410c032101fb0cfc02eb0c0191f9031011f1010f02d140f221161ee03900c9b203fb01f3d1562300dbb209b2c3
S3450800dec01bb2994202d04ff4887610e03900c9b24b0003214b4302eb030191f903102200d2b209b212b2914201d04ff48876310089b2002906d1dff8801a3a00d2b201eb99
S3450800df0082018870300080b2002809d08df803702300dbb26a46310089b22800f8f78cfb0020f2bd2de9fc4104000d000026042100226f463800f7f7e7fe2800f8f731fbf0
S3450800df4007003800c0b20a2802db4ff480764ce0dff864068078022190fbf1f0401e3900c9b2884202da40f205163ee00622dff84c363800c0b25043185610f1010f02d173
S3450800df8040f2211631e03800c0b241000320414303eb010090f9030010f1010f02d140f2211622e0300080b200281ed129003800c0b202fb00f2985cc0b2f8f799fa290031
S3450800dfc03800c0b2f8f794fadff8ac8929003800c0b208eb80008078f8f78afa29003800c0b238f82000f8f7fdf9300080b2002809d08df803702300dbb26a46310089b200
S3450800e0002800f8f719fb0020bde8f681f8b504000d000026042100226f463800f7f774fe2800f8f7befa07002800f8f7bafa3900c9b21e2902db4ff480761be00100c9b2ca
S3450800e040022902db4ff4807614e0dff86c15c978491e3a00d2b2914202da40f2051609e09a493a00d2b25201895611f1010f01d04ff49076310089b2002909d193493a0036
S3450800e080d2b252018c543a00d2b2520111444870300080b2002809d08df803702300dbb26a46310089b22800f8f7c6fa0020f2bd2de9fc4104000d000026042100226f462a
S3450800e0c03800f7f721fe00202800f8f76afa07003800c0b21e2802db4ff4807621e0dff8d804c078401e3900c9b2884202da40f2051616e075483900c9b24901415611f1ea
S3450800e100010f02d140f221160be03900c9b2490140562100c9b200b209b2884201d04ff48876300080b2002828d1dff898033900c9b250f82100d0f8008064483900c9b267
S3450800e1404901014491f90110012903d17fea080818f0010818f0010829003a00d2b25201805cc0b2f8f7c4f929003800c0b2f8f7bff929004046c0b2f8f7baf9300080b2fb
S3450800e180002809d08df803702300dbb26a46310089b22800f8f750fa0020bde8f6812de9fc4104000d000026042100226f463800f7f7aafd2800f8f7f4f907003800c0b2e7
S3450800e1c01e2802db4ff480766ee0dff8ec03c078401e3900c9b2884202da40f2051663e0dff8e8803800c0b2400118f9000010f1010f02d140f2211656e0300080b20028d9
S3450800e20052d129003800c0b2400118f80000c0b2f8f76ef929003800c0b2f8f769f929003800c0b2400140444078c0b2f8f760f929003800c0b2400140448078f8f758f9c3
S3450800e24029003800c0b2400140448088c0b2f8f74ff929003800c0b240014044c08880b2400080b2f8f7bef829003800c0b240014044c078f8f73cf929003800c0b2400116
S3450800e280404480684000f8f792f829003800c0b240014044c2683800c0b240014044c08842435000f8f783f8300080b2002809d08df803702300dbb26a46310089b2280024
S3450800e2c0f8f7baf90020bde8f681000088b200202de9f84f04000d000026042100226f463800f7f711fd00202800f8f75af907002800f8f756f983462800f8f743f9824639
S3450800e3002800f8f74ef981462800f8f724f980462800f8f720f901003800c0b21e2802db4ff4807636e05846c0b2062802db4ff480762fe0504680b2022802da4ff48076f9
S3450800e34028e04846c0b2022802db4ff4807621e09948c078401e3a00d2b2904202da40f2051617e0dff818063a00d2b25201825612f1010f02d140f221160be03a00d2b249
S3450800e380520180562200d2b200b212b2904201d04ff48876300080b2002840f0828049483a00d2b250f822000068dff8d4253b00dbb25b01134493f90130012b02d1c0433f
S3450800e3c010f0010010f001003b00dbb25b011344187753469bb25ff0020c93fbfcf3bc465ffa8cfc5fea4c1c9444acf806305fea58083b00dbb25b011344c3f808805346fd
S3450800e4009bb2b1fbf3f3bc465ffa8cfc5fea4c1c9444ccf80c305b46dbb2032b09db1ffa8afa514505d201213b00dbb25b011344d9603900c9b249011144c9883b00dbb2f7
S3450800e4405b01134419833900c9b24901114489683b00dbb25b011344996000213b00dbb25b011344596100213b00dbb25b011344d9765ffa8bfb3900c9b249011144a1f87b
S3450800e48004b03900c9b24901114481f8039001213b00dbb25b011a4491702900c0b2f8f727f8300080b2002809d08df803702300dbb26a46310089b22800f8f7bdf80020da
S3450800e4c0bde8f28f940f0108f8b504000d000026042100226f463800f7f716fc2800f8f760f801000800c0b21e2802db4ff4807621e03148c078401e0a00d2b2904202da92
S3450800e50040f2051617e0dff878040a00d2b25201825612f1010f02d140f221160be00a00d2b2520180562200d2b200b212b2904201d04ff48876300080b200280dd1dff84d
S3450800e540400400220b00dbb25b0103449a7000220b00dbb25b0118448280300080b2002809d08df803102300dbb26a46310089b22800f8f761f80020f2bd80b5dff8040454
S3450800e580fdf78efa01bde0b50022dff8fc13dff8f403fdf751fa00200290322001900a2000900023dff8e423dff8e413dff8cc03fdf7acfa07bd00007cf3002094f1002013
S3450800e5c070b50024002000e0641c5ff0ff31dff8b403fcf773fd0028f7d12000c0b2022290fbf2f102fb1101002216e014e09a481500edb26d0000eb85056d6800262e60a4
S3450800e60000251600f6b203eb8603dd7000231500edb250f835000360521c1000c0b20a28d2dadff870331500edb20620454303eb050090f901000128eed1cf4b1000c0b2c3
S3450800e64003eb8000807800280cd002283ed023d3042800f08c8070d3062800f0d980c0f0bd80c3e70800c0b2002814d17a4800251600f6b250f83660356000251600f6b2f9
S3450800e68003eb8603dd701300dbb25b0000eb8300406800230360bfe70800c0b2002814d06d4801251600f6b250f83660356001251600f6b203eb8603dd701300dbb25b0016
S3450800e6c000eb8300406800230360a5e71000c0b203eb8000c078002819d10800c0b200282ad05d4801251600f6b250f83660356001251600f6b203eb8603dd701300dbb2ca
S3450800e7005b0000eb830040680023036014e0524800251600f6b250f83660356000251600f6b203eb8603dd701300dbb25b0000eb83004068002303606ee70800c0b20028bb
S3450800e74014d0454801251600f6b250f83660356001251600f6b203eb8603dd701300dbb25b0000eb830040680123036054e71000c0b203eb8000c078002819d10800c0b294
S3450800e78000282ad0344801251600f6b250f83660356001251600f6b203eb8603dd701300dbb25b0000eb830040680123036014e029481500edb26d0000eb85056d68002620
S3450800e7c02e6000251600f6b203eb8603dd7000231500edb250f8350003601de70800c0b2002814d01c481500edb26d0000eb85056d6801262e6001251600f6b203eb8603b6
S3450800e800dd7000231500edb250f83500036003e71000c0b203eb8000c07800287ff4e7ae0800c0b200283ff4f7ae0b481500edb26d0000eb85056d6801262e60012516005b
S3450800e840f6b203eb8603dd7000231500edb250f835000360e0e600000c10010810b4002117e04c4b5ff0ff320c00e4b2032044431a550c00e4b20320444303eb04004270de
S3450800e88000220c00e4b20320444303eb04008270491c0800c0b21428e3db002012e0364900220300dbb221f8232000220300dbb201eb83039a7000220300dbb201eb830130
S3450800e8c0ca70401c0100c9b20a29e8db00204de02b495ff0ff320300dbb25b01ca540300dbb25b010b445a7000230400e4b264010c44a37000230400e4b264010c44e37068
S3450800e90000230400e4b264010c44a38002230400e4b264010c44e38000230400e4b264010c44a36000230400e4b264010c44e36000230400e4b264010c4423610023040016
S3450800e940e4b264010c44636100230400e4b264010c44238300230400e4b264010c44e3760300dbb25b0119440a77401c0100c9b21e29addb10bc70476cf2002040f20020d3
S3450800e98088b2002044f30020b81201087be500081414010894f10020dff8ac0800210170dff8a8180a681268027002784b681b6852ea4302027002788968096852ea810237
S3450800e9c00270704780b50300080000214ff482710a0092b2002a04d0dbb2002289b2f7f72bfe002002bd80b5dff85c08007800280bd0022821d014d3042836d029d30628d4
S3450800ea004bd03ed3072854d05fe0002000904ff42f63dff83c28dff83c180020f7f7fbf95ee0002000904ff42f63dff82428dff828180020f7f7eff952e0002000904ff405
S3450800ea402f63dff80c28dff814180020f7f7e3f946e0002000904ff42f63dff8f427dff800180020f7f7d7f93ae0002000904ff42f63dff8dc27dff8dc170020f7f7cbf97f
S3450800ea802ee0002000904ff42f63dff8c427dff8c4170020f7f7bff922e0002000904ff42f63dff8ac27dff8ac170020f7f7b3f916e0002000904ff42f63dff89427dff812
S3450800eac094170020f7f7a7f90ae0002000904ff42f63dff87c27dff87c170020f7f79bf901bd80b5dff86007007800280bd0022821d014d3042836d029d306284bd03ed384
S3450800eb00072854d05fe0002000904ff42f63dff85427dff840170120f7f77df95ee0002000904ff42f63dff83c27dff82c170120f7f771f952e0002000904ff42f63dff88d
S3450800eb402427dff818170120f7f765f946e0002000904ff42f63dff80c27dff804170120f7f759f93ae0002000904ff42f63dff8f426dff8e0160120f7f74df92ee00020e1
S3450800eb8000904ff42f63dff8dc26dff8c8160120f7f741f922e0002000904ff42f63dff8c426dff8b0160120f7f735f916e0002000904ff42f63dff8ac26dff8981601201f
S3450800ebc0f7f729f90ae0002000904ff42f63dff89426dff880160120f7f71df901bd80b5dff86406007800280bd0022821d014d3042836d029d306284bd03ed3072854d0d9
S3450800ec005fe0002000904ff42f63dff85c26dff844160220f7f7fff85ee0002000904ff42f63dff84426dff830160220f7f7f3f852e0002000904ff42f63dff82c26dff89e
S3450800ec401c160220f7f7e7f846e0002000904ff42f63dff81426dff808160220f7f7dbf83ae0002000904ff42f63dff8fc25dff8e4150220f7f7cff82ee0002000904ff492
S3450800ec802f63dff8e425dff8cc150220f7f7c3f822e0002000904ff42f63dff8cc25dff8b4150220f7f7b7f816e0002000904ff42f63dff8b425dff89c150220f7f7abf83d
S3450800ecc00ae0002000904ff42f63dff89c25dff884150220f7f79ff801bd80b5dff86805007800280bd0022821d014d3042836d029d306284bd03ed3072854d05fe00020fa
S3450800ed0000904ff42f63dff86425dff848150320f7f781f85ee0002000904ff42f63dff84c25dff834150320f7f775f852e0002000904ff42f63dff83425dff82015032083
S3450800ed40f7f769f846e0002000904ff42f63dff81c25dff80c150320f7f75df83ae0002000904ff42f63dff80425dff8e8140320f7f751f82ee0002000904ff42f63dff8df
S3450800ed80ec24dff8d0140320f7f745f822e0002000904ff42f63dff8d424dff8b8140320f7f739f816e0002000904ff42f63dff8bc24dff8a0140320f7f72df80ae00020f4
S3450800edc000904ff42f63dff8a424dff888140320f7f721f801bd80b5dff86c04007800280bd0022821d014d3042836d029d306284bd03ed3072854d05fe0002000904ff4a0
S3450800ee002f63dff86c24dff84c140420f7f703f85ee0002000904ff42f63dff85424dff838140420f6f7f7ff52e0002000904ff42f63dff83c24dff824140420f6f7ebff53
S3450800ee4046e0002000904ff42f63dff82424dff810140420f6f7dfff3ae0002000904ff42f63dff80c24dff8ec130420f6f7d3ff2ee0002000904ff42f63dff8f423dff819
S3450800ee80d4130420f6f7c7ff22e0002000904ff42f63dff8dc23dff8bc130420f6f7bbff16e0002000904ff42f63dff8c423dff8a4130420f6f7afff0ae0002000904ff455
S3450800eec02f63dff8ac23dff88c130420f6f7a3ff01bd80b5dff87003007800280bd0022821d014d3042836d029d3062848d03dd307284fd058e0002000904ff42f63dff883
S3450800ef007423dff850130520f6f785ff55e0002000904ff42f63dff85c23dff83c130520f6f779ff49e0002000904ff42f63dff84423dff828130520f6f76dff3de00020e3
S3450800ef4000904ff42f63dff82c23dff814130520f6f761ff31e0002000904ff42f63dff81423bc490520f6f756ff26e0002000904ff42f63bf4ab7490520f6f74cff1ce08b
S3450800ef80002000904ff42f63ba4ab2490520f6f742ff12e0002000904ff42f63b54aad490520f6f738ff08e0002000904ff42f63b04aa8490520f6f72eff01bd80b5a24843
S3450800efc0007800280bd002281dd012d304282ed023d306283fd034d3072846d04fe0002000904ff42f63a44a9a490620f6f713ff4ee0002000904ff42f639f4a9649062098
S3450800f000f6f709ff44e0002000904ff42f639a4a92490620f6f7fffe3ae0002000904ff42f63954a8e490620f6f7f5fe30e0002000904ff42f63904a86490620f6f7ebfec0
S3450800f04026e0002000904ff42f638b4a81490620f6f7e1fe1ce0002000904ff42f63864a7c490620f6f7d7fe12e0002000904ff42f63814a77490620f6f7cdfe08e0002080
S3450800f08000904ff42f637c4a72490620f6f7c3fe01bd80b56c48007800280bd002281dd012d304282ed023d306283fd034d3072846d04fe0002000904ff42f636f4a6549a6
S3450800f0c00720f6f7a8fe4ee0002000904ff42f636a4a61490720f6f79efe44e0002000904ff42f63654a5d490720f6f794fe3ae0002000904ff42f63604a59490720f6f7e4
S3450800f1008afe30e0002000904ff42f635b4a51490720f6f780fe26e0002000904ff42f63564a4c490720f6f776fe1ce0002000904ff42f63514a47490720f6f76cfe12e06f
S3450800f140002000904ff42f634c4a42490720f6f762fe08e0002000904ff42f63474a3d490720f6f758fe01bd10b504002100c9b20020f7f787f8424841680968c943406871
S3450800f1800160f3e710b504002100c9b20120f7f779f83b4841680968c94340680160f3e710b504002100c9b20220f7f76bf8344841680968c94340680160f3e710b504006f
S3450800f1c02100c9b20320f7f75df82d4841680968c94340680160f3e710b504002100c9b20420f7f74ff8264841680968c94340680160f3e710b504002100c9b20520f7f7d4
S3450800f20041f81f4841680968c94340680160f3e710b504002100c9b20620f7f733f8184841680968c94340680160f3e710b504002100c9b20720f7f725f811484168096800
S3450800f240c94340680160f3e715f400202014010850000020f8040108f0060108e8080108e00a0108400b00203016002020210020102c002000370020f0410020e04c002049
S3450800f28098140108f8b504000d000026042100226f463800f6f738fd2800f7f782f90100c9b2162902db4ff480762ce0dff824158978491e0200d2b2914206da0100c9b2b6
S3450800f2c0142902da40f205161de0dff80c250300dbb24ff403714b43d15611f1010f02d04ff490760fe00100c9b214290bdadff8ec240300dbb203214b43d15611f1010f7d
S3450800f30001d04ff49076310089b200292ed14ff40371dff8c4240300dbb24b43d4540300dbb24b431344dff8b8540600f6b2ad5d1d730300dbb201fb03f11144dff8a42441
S3450800f3400300dbb2d25c4a730100c9b2142917dadff888240300dbb203214b43d4540223c0b2032148431044437009e08df803002300dbb26a46310089b22800f7f75cf978
S3450800f3800020f2bd2de9f84785b004000d0000260421002204af3800f6f7b6fc2800f7f700f907002800f7f7d6f880462800f7f7f8f881462800f7f7f4f882462800f7f771
S3450800f3c0e1f83900c9b2162902db4ff480763ee0dff81414884502d34ff4807637e04946c9b2022902db4ff4807630e05146c9b2022902db4ff4807629e0dff8d813897894
S3450800f400491e3a00d2b2914206da3900c9b2142902da40f205161ae04ff40371dff8b8233b00dbb24b43d35613f1010f02d140f221160ce03b00dbb201fb03f1515622002d
S3450800f440d2b209b212b2914201d04ff48876310089b2002935d14ff40371dff87c633a00d2b24a43324482f808903a00d2b24a43324482f809a03a00d2b24a433244508145
S3450800f4803a00d2b24a433244121d039280b20290cdf804805ffa89f9cdf800905346dbb23800c0b248433044427b3800c0b201fb00f106eb0100017b781cc0b2fdf7bdfa3a
S3450800f4c00600300080b2002809d08df813702300dbb204aa310089b22800f7f7adf8002006b0bde8f087f8b505000c000026042100226f463800f6f707fc2000f7f751f8b7
S3450800f50007003800c0b2162802db4ff4807619e0b0488078401e3900c9b2884206da3800c0b2142802da40f205160be0aa493a00d2b24ff403704243885610f1010f01d16c
S3450800f54040f22116300080b2002830d14ff40375a14e21003800c0b26843305cc0b2f6f7c7ff21003800c0b2f6f7c2ff21003800c0b2684330444068f6f719ff210038004f
S3450800f580c0b268433044007af6f7b2ff21003800c0b268433044407af6f7aaff2100ffb26f4306eb07004089f6f71cff09e08df803702b00dbb26a46310089b22000f7f74a
S3450800f5c03bf80020f2bd2de9f84f04000d000026042100226f463800f6f796fb5ff000092800f6f7deff07002800f6f7daff80462800f6f7d6ff82462800006bc04683469c
S3450800f6003800c0b2162802db4ff480762de0bbf5807f02d34ff4807627e06e488078401e3900c9b2884206da3800c0b2142802da40f2051619e04ff4037067493a00d2b257
S3450800f64042438a5612f1010f02d140f221160ce03a00d2b200fb02f008562100c9b200b209b2884201d04ff48876300080b200284ad112e058493a00d2b24ff403704243bd
S3450800f68001eb02004946c9b200eb01062800f6f788ff86f80d0119f101094846c0b25845e8d34046c0b2834518d20ee04a493a00d2b24ff40370424301eb02004946c9b2a2
S3450800f6c0084480f80da119f1010948464146c0b2c9b28842ead3c3465ffa8bfb4ff403703d495b46dbb23a00d2b242430a440e323e00f6b200fb06f0084400f20d11781c03
S3450800f700c0b2fdf76cfa0600300080b200280ad08df803702300dbb26a46310089b22800f6f78aff1ce029004046c0b2f6f7e0fe01212800c177c04600240de02900264a09
S3450800f7403b00dbb24ff40370434302eb03002044807bf6f7cdfe641c4046c0b28442eddb0020bde8f28f10b400202de04ff40371194a5ff0ff330400e4b24c431355030004
S3450800f780dbb24b431344194c5c600300dbb24b43134400241c720300dbb24b43134400245c720300dbb24b43134400245c81ff230400e4b24c43144423730400e4b201fbd5
S3450800f7c004f111444b73401c0100c9b21629cddb10bc70477cf30020d057002094f100201c0000203400002021aa440020aa440010b5fdf765f8f6f7d7fafcf7a3fc04001f
S3450800f800fcf7cdfc2100c9b2c0b2fcf7bafdfff7c3f800f019fafff7e6f8fff762f9fff7def9fff75afafff7d6fafff752fbfff7c5fbfff72efcf6f71dfaf6f73bfafef75c
S3450800f840a2fefff790fffff709f8fbf79afff8f743fbf9f746fffbf73df9f5f7e5ff00f097fa002010bd000070b586b00120059000200490012003900a2002904ff4c8705b
S3450800f8800190c24800900023c14abfa1c14800f0a1fa002421e00120059000200490012003900a2002904ff4c8700190ba492200d2b24ff4c870424301eb02000090230098
S3450800f8c0dbb2b64ab649b74d2600f6b2a420464305eb060000f07efa641c2000c0b20228d9db002421e00120059000200490012003900a2002904ff4c8700190aa492200e1
S3450800f900d2b24ff4c870424301eb020000902300dbb2a64aa649a74d2600f6b2a420464305eb060000f056fa641c2000c0b20228d9db002421e00120059000200490012043
S3450800f94003900a2002904ff4c87001909a492200d2b24ff4c870424301eb020000902300dbb2964a9649974d2600f6b2a420464305eb060000f02efa641c2000c0b202285f
S3450800f980d9db002421e00120059000200490012003900a2002904ff4c87001908a492200d2b24ff4c870424301eb020000902300dbb2864a8649874d2600f6b2a420464345
S3450800f9c005eb060000f006fa641c2000c0b20228d9db002421e00120059000200490012003900a2002904ff4c87001907a492200d2b24ff4c870424301eb0200009023000e
S3450800fa00dbb2764a7649774d2600f6b2a420464305eb060000f0def9641c2000c0b20228d9db002421e00120059000200490012003900a2002904ff4c87001906a49220040
S3450800fa40d2b24ff4c870424301eb020000902300dbb2664a6649674d2600f6b2a420464305eb060000f0b6f9641c2000c0b20228d9db002421e00120059000200490012063
S3450800fa8003900a2002904ff4c87001905a492200d2b24ff4c870424301eb020000902300dbb2564a5649574d2600f6b2a420464305eb060000f08ef9641c2000c0b20228bf
S3450800fac0d9db002421e00120059000200490012003900a2002904ff4c87001904a492200d2b24ff4c870424301eb020000902300dbb2464a4649474d2600f6b2a420464304
S3450800fb0005eb060000f066f9641c2000c0b20228d9db012005900020049001200390092002904ff4c87001903b48009000233b4a3b493c4800f04ef9012005900020049039
S3450800fb4001200390092002904ff4c8700190364800900023354a3649364800f03bf9012005900020049001200390092002904ff4c8700190304800900023304a30493148af
S3450800fb8000f028f906b070bd63647000f8d5002025630008acec002048b6002069f10008b413010888dd002068b9002085f10008c0130108d0de002088bc0020a1f100089b
S3450800fbc0cc13010818e00020a8bf0020bdf10008d813010860e10020c8c20020d9f10008e4130108a8e20020e8c50020f5f10008f0130108f0e3002008c9002011f2000889
S3450800fc00fc13010838e5002028cc00202df200080814010880e6002088d70020694d0008fc11010850ed002018d90020f152000814120108f4ed0020a8da0020c1e50008ef
S3450800fc40a812010898ee00204f48007800280bd0022829d018d3042846d035d3062863d052d3072870d07fe048480421017016214170142181701e21c170062101710421ed
S3450800fc804171022181717ee040480421017016214170142181701e21c1700621017104214171002181716ee038480421017016214170142181701e21c17006210171042152
S3450800fcc04171012181715ee0304804210170162141700a2181701e21c1700121017101214171002181714ee028480421017016214170142181701e21c17006210171042185
S3450800fd004171022181713ee020480421017016214170142181701e21c1700621017104214171022181712ee018480421017016214170142181701e21c1700621017104218f
S3450800fd404171022181711ee010480421017016214170142181701e21c1700621017104214171022181710ee008480421017016214170142181701e21c170062101710421af
S3450800fd80417102218171704715f400207cf3002080b50d4800680d49884207d00a485ff0f031016000f09ef800f000f906485ff0f031016006480068fff756fd02480021fb
S3450800fdc0016000f035f901bd4c000020f1f0f0f08cf300202de9fb4f040093460c9d0d9e0e9fddf83ca0ddf84090ddf844803200ef212800fdf72efbb0088000061fa42215
S3450800fe0000212000fdf726fb0198a062c4f844b00298a064e56066617019401e2061e762c4f89470c4f81890c4f81c90574502d00020e06300e0e76303202063234860655b
S3450800fe40a4652349200000f041f9eff3108072b62049216020490968002910d01e490968d1f88c101c4a1268c2f88c40c1f88840c4f88c1018490968c4f8881005e0164968
S3450800fe800c60c4f88840c4f88c4014490968491c124a116012490968491c114a116080f31088b8f1000f03d02000fdf757fa09e0eff3108072b60a490968491e084a116053
S3450800fec080f310880020bde8fe8f00bf951001085d100108445248549cf30020a0f30020acf300202a482b4a10604ff0e0202a49c0f8081d29482849096801604ff0e02088
S3450800ff00274941614ff0070101610021c0f8181d2449c0f81c1d2449c0f8201d7047fee700b500f0f3f800f0fdb800b500f0eef800f01af900f0f6b8fee7fee700b500f0be
S3450800ff40e5f800f05df900f0edb800b500f0def800f067f900f0e6b800b500f0d7f8faf7f6fe00f0dfb800b500f0d0f8faf74cff00f0d8b800b500f0c9f8faf7a2ff00f071
S3450800ff80d1b800b500f0c2f8faf7f8ff00f0cab860f300208cf300200020000890f300203f190100000000ff0000ff4080b500f045f900f091f9124800210160114800214a
S3450800ffc001601148002101601048002101601048002101600f48002101600f48002101600e48002101600e48002101600d48002101600d48002101600c480021016001bd5f
S34508010000b4f30020b8f30020bcf30020c0f30020c4f30020c8f30020d4f30020d8f30020dcf30020e0f30020ccf30020d0f3002072b64ff0e0204ff001010160016941f0b1
S345080100400101016162b600dfefbe70471c4801681c4a79b1eff3098c2ce9f00fc1f808c0dff864c0dcf8005025b18d614ff00005ccf80050136893b103605c6804f101042e
S345080100805c60dff844c09d69ccf80050d3f808c0bce8f00f8cf309886ff0020e704772b61368036023b962b630bfbff36f8ff6e74ff000644ff0e025c5f8044d62b6dce7ce
S345080100c094f3002098f30020e8f300200269a2f1400222f003024ff00003136053609360d36013615361c36893614ff00003d361136253629362d36213634ff0ff33536311
S3450801010091634ff08073d363826070470448016801f1010101604df804ad4ff0000a70474c0000200c480168a1f101010160bde800440a48006800281dbf09490968814270
S34508010140704708480068002802bf4ff080504ff0e021c1f8040d70474c00002098f3002094f30020acf300201e49086800f1010008601d4b1a68002a08d0a2f101021a609e
S34508010180002a03d1194b4ff001001860184908680268002a04d0174b4ff001021a6008e000f10400144b1a68904201d1134b186808600e4b1a68002a03d10e49086800284f
S345080101c00fd04df804ed0b490868002801d000f0c5f8064b1a68002a01d000f057f95df804eb7047e4f30020e8f30020ecf30020f8f30020fcf30020f4f30020f0f3002053
S3450801020080b5f6f73dfef8f7bffcf8f757fdf8f7e8fd4af6aa200649086000200549088001bd80b5fdf752fa00200349088001bd00300040101000401014004080b51b4829
S34508010240002101601a4800210160042200211948fdf700f9184820210160184800210170174b012008e05208491c94461cf0010ff9d019705b1c401cff2802d80200002117
S34508010280f3e7802200210f48fdf7e4f80e48002101600e48002101600d48002101600d48006850f0c5700b49086001bd94f3002098f30020a4f30020a8f30020dce900208f
S345080102c0dde9002054f000209cf30020a0f30020acf30020b0f3002080b5144800210160134800210160134800210160124800210160802200211148fdf7acf810480f49b4
S34508010300016010480d4901600f48104901600e480068001d0c4908600d48002101600d48002101600c480021016001bde4f30020e8f30020ecf30020fcf30020d4f000206f
S34508010340f0f30020f8f30020f4f3002050f1002008f4002000f4002004f4002030b583b0002400200190eff3108072b642490968002903d141490968002902d180f310882e
S3450801038078e03d4901220a603d490968096800910099002902d0009900aa8a613849096800220a6036490968091d354a116034490968344a1268914203d13149324a126887
S345080103c00a602e4900220a6080f31088eff3108072b619e00022aa6180f310880800002801d020008847eff3108072b6a96901aa914209d10021a96180f310882800fcf766
S34508010400bdfdeff3108072b60099002928d0009d009909698d4202d1002100910ae029696a694a6169692a690a61296900aa8a61296900912968212907d329682039296067
S34508010440002101aaaa612d61c6e7a968ec686a682a602a68002abdd001aaaa612d61bbe70649096800297ff481af034900220a6080f3108837bd00bf08f40020fcf300201e
S34508010480f8f30020f4f30020f0f3002014480168eff3108072b6134a0023136000291bd00a6b002a18d1ca698a610a6a8a4210d0ca6acb6b9a420cd1ca6a0b4b096a43f891
S345080104c022100a490968084a52f82110084a116002e08969074a116080f31088704700bf94f30020ecf3002054f00020a8f3002098f30020e8f3002010000200f99b000837
S3450801050011001000d39c0008120001008da0000814010500e5a100081501ffffb9a200081601ffff51a300081701050035a400081801ffff09a5000819010500eda5000818
S345080105401a000100d5a600081c000100a7a700081d00010041a800081e000300f9a800081f00010001aa00082000010085f200082100090085f3000822000100e7f400085f
S345080105802300ffffc7f500083001010069da00083101020007db000832010100f5db000835010400c7dc0008360102001bde00083701010025df0008400102000de0000804
S345080105c041010100b1e00008420101009fe1000843010d00d1e2000844010100c9e4000850010500e9b3000851010100f7b40008520101009fb6000860010200257200088a
S3450801060061011200f572000862010100eb76000863010100497800086401010077790008650111002d7b0008700101001d91000871010d00b391000872010100cf93000877
S3450801064073010100079500087401010007960008800117000137000881010400e13c000882010100fb3d000883011200c73f0008840102001142000885011300ed4200089a
S345080106808601010071440008870101005f45000888010100094600088a010500e14600088b010100374900088c0102003b4a00088d0101002f4b00088f010100c34b000828
S345080106c0fb000100bd6d0008fc0001006d6d0008fd00ffff0d680008fe000100b16c0008ff000100996b00080000ffff856b000810000200f99b000811001000d39c0008fa
S34508010700120001008da0000814010500e5a100081501ffffb9a200081601ffff51a300081701050035a400081801ffff09a5000819010500eda500081a000100d5a6000810
S345080107401c000100a7a700081d00010041a800081e000300f9a800081f00010001aa00082000010085f200082100090085f3000822000100e7f400082300ffffc7f5000816
S345080107803001010069da00083101020007db000832010100f5db000835010400c7dc0008360102001bde00083701010025df0008400102000de0000841010100b1e000080b
S345080107c0420101009fe1000843010d00d1e2000844010100c9e4000850010500e9b3000851010100f7b40008520101009fb60008600102002572000861011200f572000881
S3450801080062010100eb76000863010100497800086401010077790008650111002d7b00087001ffffc5e900087101ffffc5e900087201ffffc5e900087301ffffc5e900088f
S345080108407401ffffc5e900088001ffffc5e900088101ffffc5e900088201ffffc5e900088301ffffc5e900088401ffffc5e900088501ffffc5e900088601ffffc5e90008b8
S345080108808701ffffc5e900088801ffffc5e900088a01ffffc5e900088b01ffffc5e900088c01ffffc5e900088d01ffffc5e900088f01ffffc5e90008fb000100bd6d00083c
S345080108c0fc0001006d6d0008fd00ffff0d680008fe000100b16c0008ff000100996b00080000ffff856b000810000200f99b000811001000d39c0008120001008da00008de
S3450801090014010500e5a100081501ffffb9a200081601ffff51a300081701050035a400081801ffff09a5000819010500eda500081a000100d5a600081c000100a7a70008e3
S345080109401d00010041a800081e000300f9a800081f00010001aa00082000010085f200082100090085f3000822000100e7f400082300ffffc7f500083001010069da00080a
S345080109803101020007db000832010100f5db000835010400c7dc0008360102001bde00083701010025df0008400102000de0000841010100b1e00008420101009fe10008ba
S345080109c043010d00d1e2000844010100c9e4000850010500e9b3000851010100f7b40008520101009fb60008600102002572000861011200f572000862010100eb7600087e
S34508010a0063010100497800086401010077790008650111002d7b0008700101001d91000871010d00b391000872010100cf93000873010100079500087401010007960008ef
S34508010a40800117000137000881010400e13c000882010100fb3d000883011200c73f0008840102001142000885011300ed4200088601010071440008870101005f45000850
S34508010a8088010100094600088a010500e14600088b010100374900088c0102003b4a00088d0101002f4b00088f010100c34b0008fb000100bd6d0008fc0001006d6d000891
S34508010ac0fd00ffff0d680008fe000100b16c0008ff000100996b00080000ffff856b000810000200f99b000811001000d39c0008120001008da0000814010500e5a1000813
S34508010b001501ffffb9a200081601ffff51a300081701050035a400081801ffff09a5000819010500eda500081a000100d5a600081c000100a7a700081d00010041a800087a
S34508010b401e000300f9a800081f00010001aa00082000010085f200082100090085f3000822000100e7f400082300ffffc7f500083001010069da00083101020007db0008f9
S34508010b8032010100f5db000835010400c7dc0008360102001bde00083701010025df0008400102000de0000841010100b1e00008420101009fe1000843010d00d1e20008ca
S34508010bc044010100c9e4000850010500e9b3000851010100f7b40008520101009fb60008600102002572000861011200f572000862010100eb76000863010100497800085a
S34508010c006401010077790008650111002d7b00087001ffffc5e900087101ffffc5e900087201ffffc5e900087301ffffc5e900087401ffffc5e900088001ffffc5e9000828
S34508010c408101ffffc5e900088201ffffc5e900088301ffffc5e900088401ffffc5e900088501ffffc5e900088601ffffc5e900088701ffffc5e900088801ffffc5e9000899
S34508010c808a01ffffc5e900088b01ffffc5e900088c01ffffc5e900088d01ffffc5e900088f01ffffc5e90008fb000100bd6d0008fc0001006d6d0008fd00ffff0d6800085a
S34508010cc0fe000100b16c0008ff000100996b00080000ffff856b000880b522490968c0b2fbf74efc20480168a020fbf749fc1f480168a120fbf744fc1d480168a220fbf7f3
S34508010d003ffc1c480168a320fbf73afc1a480168a420fbf735fc002000900be06846009950f8211000982038c0b2fbf729fc0098401c009000981328f0d35ff0ff300f493b
S34508010d4008600f4908600f4908600f4908600f490f480860002000e0401c6428fcd30d48086001bd24ed00e028ed00e02ced00e030ed00e034ed00e038ed00e080e100e050
S34508010d8084e100e080e200e084e200e00ced00e00400fa050100fa0580b50320fff79cff01bd80b50420fff797ff01bd80b50520fff792ff01bd80b50620fff78dff01bdf7
S34508010dc0660c4b0c2f0c120cf40bd50bb60b950b740b520b2e0b0b0be60ac00a9a0a730a4c0a230afb09d109a8097d0953092809fc08d108a50879084d082108f507c90702
S34508010e009d07710745071a07ef06c4069a06700646061d06f505cd05a6057f05590533050e05ea04c704a40482046104400420040104e303c503a8038c03700356033c0386
S34508010e4022030a03f202da02c402ae029802840270025c0249023702250214020302f301e401d401c601b801aa019d019001830177016c01600155014b01410137012d0119
S34508010e8024011b0112010a010201fa00f300eb00e400dd00d700d000ca00c40080b5c16eeff3108272b6836e002b2dd000292bd00b68dff85cc0634526d100238366036f33
S34508010ec0984202d10023cb600be0036fcb60036fd0f874c0c3f874c0436fd0f870c0c3f870c00b695b1e0b61016b06290cd10d21c0f8841007490968491c064b196082f3be
S34508010f001088fcf72bfa01e082f3108801bd00bf414d4553acf3002080b5c16eeff3108272b6836e002b2dd000292bd00b68dff85cc0634526d100238366036f984202d135
S34508010f400023cb610be0036fcb61036fd0f874c0c3f874c0436fd0f870c0c3f870c00b6a5b1e0b62016b0d290cd11d21c0f8841007490968491c064b196082f31088fcf744
S34508010f80edf901e082f3108801bd00bf4554554dacf300200081234204812342088123420c8123421081234214812342188123421c81234220812342248123422881234219
S34508010fc02c8123423081234234812342388123423c8123420001244204012442080124420c0124421001244214012442180124421c01244220012442240124422801244217
S345080110002c01244230012442340124428001234284012342880123428c0123429001234294012342980123429c012342a0012342a4012342a8012342ac012342b0012342f6
S34508011040b4012342b8012342bc012342b0012142a8812142ac812142a001224210b50b480468a06c616c8847eff3108072b6012121630121a16306490968491c044a11605c
S3450801108080f310882000fbf7dfff10bd94f30020acf3002080b5eff3108172b6026b042a09d1094a1268521c074b1a6081f31088fcf754f906e0826e81f31088110000293f
S345080110c000d0904701bd00bfacf3002030b5016884684218416802eb5103c90703d54c4401e0491c05d19a420ad012f9011b12f8015b002904f8015bf3d4491ef7d5f2e795
S345080111000c3030bd4374726c54656d703b4d6f6e69746f7254656d703b50574d3b43757272656e743b566f6c746167653b0a000010b5074979441831064c7c44163404e099
S345080111400a68081d114488470146a142f8d110bd0800000024000000174cffffc8f30000500000200000000065ffffff4c030000840000000000002030303030303b30304d
S345080111803030303b303030303b3030303030303b3030303030303b0a30303030303b30303030303b303030303b3030303030303b3030303030303b0a0120c046002801d069
S345080111c0fff7b6ffaff300800020aff30080fef70ffb00f000f800f001b800000746384600f002f8fbe7000080b5aff30080024a11001820abbefbe72600020074656d7095
S345080112005f636f6e74726f6c6c65725f305f7461736b5f0074656d705f636f6e74726f6c6c65725f315f7461736b5f00616e616c6f675f696e7075745f6374726c0000008d
S345080112405354455020524553504f4e534520574954482000434f4e54524f4c4c455220444154413a0a00000070657273697374656e745f6d656d000043414e5f4952515f2b
S345080112806e6f74696679000002001801050018010b001801170018017370695f7265736f7572636500000000696e64696361746f725f7461736b5f00696e64696361746f6d
S345080112c0725f6374726c00008081224284812242888122428c81224200842542108425422084254230842542342c0140382c01403c2c0140402c0140a8812242ac812242e7
S34508011300980122429c0122420004014210040142200401423004014234080040380800403c080040400800402501000126010001270100013401000150574d5f50756c7377
S345080113406554696d6530000050574d5f50756c736554696d6531000050574d5f50756c736554696d6532000050574d5f50756c736554696d653300006d732054494d452094
S34508011380424153450a0d000000b5fef7bffefbf7abfcfef7c7be000000b5fef7b7fefbf74ff8fef7bfbe00006d756c7469706c65780000006465766963655f305f00000026
S345080113c06465766963655f315f0000006465766963655f325f0000006465766963655f335f0000006465766963655f345f0000006465766963655f355f0000006465766951
S3450801140063655f365f0000006465766963655f375f000000496e6454696d655469630000340122423001224224012242252050574d20616e642000005443305f53656d61a3
S34508011440000000005443315f53656d61000000005443305f54696d655469630074656d705f6374726c5f31005443315f54696d6554696300aff30080aff30080fff79cfed7
S345080114807370695f696e74007561727400000000108122421c812242b8012442bc012442303030303030000030303030303b0a0030303030303b0a001b00080140000c0138
S345080114c040001001400014014000180140001c014000200140f00405000101020101fd00160102030405060708090a0b0c0d0e0f0c0a0b0805020000fcf0ffffffffffff40
